TITLE MnO_160K_J1J2_MC_04
CELL 4.4344 4.4344 4.4344 90 90 90
SITE 0 0 0
SITE 0.5 0.5 0
SITE 0.5 0 0.5
SITE 0 0.5 0.5
BOX 16 16 16
FORM_FACTOR_J0 0.4220 17.6840 0.5948 6.0050 0.0043 -0.6090 -0.0219
SPIN 1 0 0 0 -4.443 3.646 1.403
SPIN 1 0 0 1 4.694 1.801 -3.118
SPIN 1 0 0 2 -4.749 -0.224 -3.521
SPIN 1 0 0 3 -2.707 0.955 5.173
SPIN 1 0 0 4 -5.868 -0.265 0.707
SPIN 1 0 0 5 -2.255 3.398 -4.286
SPIN 1 0 0 6 4.932 -0.623 3.207
SPIN 1 0 0 7 -2.441 -2.041 4.988
SPIN 1 0 0 8 0.630 0.699 -5.841
SPIN 1 0 0 9 2.919 -1.036 5.041
SPIN 1 0 0 10 1.254 -5.329 -2.243
SPIN 1 0 0 11 3.201 -4.934 0.642
SPIN 1 0 0 12 -5.037 -1.869 2.477
SPIN 1 0 0 13 3.284 4.781 -1.168
SPIN 1 0 0 14 -3.654 4.229 1.941
SPIN 1 0 0 15 5.600 -1.904 0.091
SPIN 4 0 0 0 -4.059 2.640 -3.399
SPIN 4 0 0 1 1.717 -1.718 5.395
SPIN 4 0 0 2 -2.164 -3.116 4.540
SPIN 4 0 0 3 -4.640 3.596 -0.733
SPIN 4 0 0 4 -2.036 4.470 3.298
SPIN 4 0 0 5 -2.520 -3.906 -3.660
SPIN 4 0 0 6 0.497 -5.457 -2.230
SPIN 4 0 0 7 -0.056 -2.130 -5.519
SPIN 4 0 0 8 5.472 -1.032 1.999
SPIN 4 0 0 9 -1.677 0.250 -5.668
SPIN 4 0 0 10 -3.417 -1.101 4.702
SPIN 4 0 0 11 2.855 4.075 -3.200
SPIN 4 0 0 12 -2.237 -5.084 2.036
SPIN 4 0 0 13 5.378 2.465 0.063
SPIN 4 0 0 14 -4.018 -1.247 -4.160
SPIN 4 0 0 15 -2.348 5.159 1.696
SPIN 1 0 1 0 -2.938 3.224 -3.997
SPIN 1 0 1 1 4.311 4.031 0.406
SPIN 1 0 1 2 5.114 -0.908 2.832
SPIN 1 0 1 3 -2.837 -1.782 -4.876
SPIN 1 0 1 4 0.671 5.634 1.676
SPIN 1 0 1 5 -0.931 -4.847 3.261
SPIN 1 0 1 6 -0.328 5.889 0.465
SPIN 1 0 1 7 -1.350 -1.397 5.588
SPIN 1 0 1 8 -3.204 -4.913 0.776
SPIN 1 0 1 9 -1.717 -3.982 -4.025
SPIN 1 0 1 10 -0.791 5.692 -1.407
SPIN 1 0 1 11 -1.310 -5.056 2.778
SPIN 1 0 1 12 -0.578 2.964 -5.087
SPIN 1 0 1 13 -0.157 -5.439 2.323
SPIN 1 0 1 14 4.632 2.199 -2.951
SPIN 1 0 1 15 4.907 2.478 2.186
SPIN 4 0 1 0 3.879 -2.529 3.683
SPIN 4 0 1 1 -2.248 -4.476 3.148
SPIN 4 0 1 2 3.024 4.413 -2.526
SPIN 4 0 1 3 2.513 3.219 4.281
SPIN 4 0 1 4 -1.446 3.005 4.887
SPIN 4 0 1 5 4.740 3.136 1.644
SPIN 4 0 1 6 1.974 -0.142 5.575
SPIN 4 0 1 7 -5.894 -0.223 -0.465
SPIN 4 0 1 8 1.254 0.518 5.758
SPIN 4 0 1 9 -0.136 3.453 -4.802
SPIN 4 0 1 10 0.339 -5.500 2.154
SPIN 4 0 1 11 -4.170 3.858 1.651
SPIN 4 0 1 12 4.664 -3.259 -1.620
SPIN 4 0 1 13 5.150 -2.783 -0.859
SPIN 4 0 1 14 -1.050 -5.026 -2.939
SPIN 4 0 1 15 4.231 -4.017 -0.978
SPIN 1 0 2 0 1.528 -1.174 -5.593
SPIN 1 0 2 1 -5.843 0.532 0.758
SPIN 1 0 2 2 -5.420 -0.002 -2.372
SPIN 1 0 2 3 1.680 3.429 4.519
SPIN 1 0 2 4 -5.499 -1.686 1.385
SPIN 1 0 2 5 2.486 -1.806 5.056
SPIN 1 0 2 6 -0.739 -2.492 5.315
SPIN 1 0 2 7 -1.195 5.794 0.010
SPIN 1 0 2 8 0.389 -5.279 2.643
SPIN 1 0 2 9 -5.253 -2.598 0.809
SPIN 1 0 2 10 1.421 -3.727 4.369
SPIN 1 0 2 11 -5.447 2.296 -0.237
SPIN 1 0 2 12 -1.369 -5.616 -1.262
SPIN 1 0 2 13 0.403 -4.116 4.230
SPIN 1 0 2 14 -3.084 2.584 4.337
SPIN 1 0 2 15 1.799 -3.258 -4.599
SPIN 4 0 2 0 1.283 5.414 2.011
SPIN 4 0 2 1 -1.923 -3.971 -3.941
SPIN 4 0 2 2 -5.330 1.938 1.685
SPIN 4 0 2 3 3.567 -4.660 0.749
SPIN 4 0 2 4 1.254 -2.863 5.023
SPIN 4 0 2 5 2.384 3.446 -4.176
SPIN 4 0 2 6 0.208 -3.247 4.941
SPIN 4 0 2 7 4.264 -3.157 -2.617
SPIN 4 0 2 8 -5.616 1.232 -1.394
SPIN 4 0 2 9 -2.044 -1.124 -5.437
SPIN 4 0 2 10 4.887 -0.907 3.209
SPIN 4 0 2 11 -3.747 4.264 -1.667
SPIN 4 0 2 12 -4.333 2.466 3.185
SPIN 4 0 2 13 -3.527 -0.947 -4.654
SPIN 4 0 2 14 0.827 3.715 4.529
SPIN 4 0 2 15 4.495 3.817 0.477
SPIN 1 0 3 0 -2.541 -5.144 1.445
SPIN 1 0 3 1 -1.053 1.779 5.543
SPIN 1 0 3 2 2.546 -5.220 -1.127
SPIN 1 0 3 3 1.094 5.359 -2.254
SPIN 1 0 3 4 5.192 -0.499 -2.792
SPIN 1 0 3 5 -4.235 1.538 -3.835
SPIN 1 0 3 6 4.266 -4.066 0.526
SPIN 1 0 3 7 1.324 0.841 5.704
SPIN 1 0 3 8 -2.301 0.935 -5.370
SPIN 1 0 3 9 -4.226 -3.478 -2.247
SPIN 1 0 3 10 -3.659 4.565 0.883
SPIN 1 0 3 11 -3.600 -4.205 -2.088
SPIN 1 0 3 12 -1.111 4.244 -3.969
SPIN 1 0 3 13 -4.107 -1.562 3.961
SPIN 1 0 3 14 4.180 -2.416 -3.420
SPIN 1 0 3 15 -2.883 2.116 4.713
SPIN 4 0 3 0 4.636 3.638 -0.518
SPIN 4 0 3 1 0.199 4.043 4.314
SPIN 4 0 3 2 -0.705 5.727 1.306
SPIN 4 0 3 3 -5.764 -1.243 0.481
SPIN 4 0 3 4 0.399 3.232 -4.939
SPIN 4 0 3 5 -2.835 2.970 4.259
SPIN 4 0 3 6 2.183 -0.822 -5.437
SPIN 4 0 3 7 -3.304 1.090 4.785
SPIN 4 0 3 8 3.064 4.040 3.048
SPIN 4 0 3 9 -2.006 0.890 5.494
SPIN 4 0 3 10 3.336 4.243 -2.422
SPIN 4 0 3 11 5.124 -1.827 2.326
SPIN 4 0 3 12 3.207 1.602 -4.706
SPIN 4 0 3 13 -3.886 3.799 2.337
SPIN 4 0 3 14 -0.234 -5.193 -2.824
SPIN 4 0 3 15 -1.330 0.967 5.683
SPIN 1 0 4 0 -0.025 -5.777 -1.276
SPIN 1 0 4 1 -5.815 0.407 -1.010
SPIN 1 0 4 2 -1.460 -2.971 -4.903
SPIN 1 0 4 3 -0.784 5.829 0.640
SPIN 1 0 4 4 -5.799 -0.546 1.034
SPIN 1 0 4 5 -0.066 -2.077 -5.539
SPIN 1 0 4 6 -3.221 -4.882 -0.891
SPIN 1 0 4 7 4.032 4.002 -1.651
SPIN 1 0 4 8 4.901 2.524 -2.146
SPIN 1 0 4 9 2.303 -4.434 -3.168
SPIN 1 0 4 10 3.968 -2.097 3.855
SPIN 1 0 4 11 1.529 2.094 -5.318
SPIN 1 0 4 12 1.534 -0.362 5.702
SPIN 1 0 4 13 3.084 -3.872 -3.239
SPIN 1 0 4 14 4.001 3.039 -3.124
SPIN 1 0 4 15 1.190 3.590 -4.549
SPIN 4 0 4 0 -3.039 -4.972 -1.021
SPIN 4 0 4 1 -4.586 -2.425 -2.845
SPIN 4 0 4 2 1.363 -4.426 3.681
SPIN 4 0 4 3 -3.052 4.754 1.755
SPIN 4 0 4 4 -0.269 4.409 3.936
SPIN 4 0 4 5 1.882 -3.060 4.701
SPIN 4 0 4 6 0.711 -3.301 4.858
SPIN 4 0 4 7 -2.861 4.419 -2.699
SPIN 4 0 4 8 -2.095 -5.486 0.718
SPIN 4 0 4 9 3.103 4.954 0.914
SPIN 4 0 4 10 0.084 -5.906 0.329
SPIN 4 0 4 11 3.922 -3.368 -2.876
SPIN 4 0 4 12 -3.511 -2.930 3.753
SPIN 4 0 4 13 5.248 2.137 1.702
SPIN 4 0 4 14 -3.433 -4.796 0.458
SPIN 4 0 4 15 5.310 2.310 1.213
SPIN 1 0 5 0 4.500 -2.943 2.467
SPIN 1 0 5 1 2.406 2.730 -4.665
SPIN 1 0 5 2 -5.873 -0.003 0.713
SPIN 1 0 5 3 1.621 -5.675 -0.409
SPIN 1 0 5 4 4.291 -1.649 -3.723
SPIN 1 0 5 5 -3.024 0.438 5.066
SPIN 1 0 5 6 0.711 5.866 -0.284
SPIN 1 0 5 7 5.295 -0.172 2.633
SPIN 1 0 5 8 0.306 5.004 -3.142
SPIN 1 0 5 9 0.293 -0.207 5.905
SPIN 1 0 5 10 -4.019 -0.429 -4.320
SPIN 1 0 5 11 2.127 -5.136 2.024
SPIN 1 0 5 12 -4.769 3.314 1.128
SPIN 1 0 5 13 5.129 0.392 -2.922
SPIN 1 0 5 14 -2.445 5.340 -0.710
SPIN 1 0 5 15 -4.977 1.841 -2.615
SPIN 4 0 5 0 3.677 1.942 -4.208
SPIN 4 0 5 1 4.959 0.312 -3.212
SPIN 4 0 5 2 -3.007 5.022 -0.859
SPIN 4 0 5 3 -0.346 5.511 2.124
SPIN 4 0 5 4 -0.603 -4.758 3.464
SPIN 4 0 5 5 -1.651 5.338 1.944
SPIN 4 0 5 6 3.733 3.286 -3.204
SPIN 4 0 5 7 -4.032 -3.155 2.964
SPIN 4 0 5 8 0.147 -5.673 -1.672
SPIN 4 0 5 9 -1.268 2.212 -5.339
SPIN 4 0 5 10 3.776 -0.172 4.551
SPIN 4 0 5 11 -1.605 1.403 -5.519
SPIN 4 0 5 12 -1.305 1.707 -5.512
SPIN 4 0 5 13 -5.056 -3.060 0.272
SPIN 4 0 5 14 -3.767 -3.676 -2.701
SPIN 4 0 5 15 0.831 -0.567 5.830
SPIN 1 0 6 0 1.380 -5.748 -0.243
SPIN 1 0 6 1 -0.336 -5.247 2.713
SPIN 1 0 6 2 3.574 2.471 -4.015
SPIN 1 0 6 3 -3.087 4.244 2.732
SPIN 1 0 6 4 -1.336 4.693 3.345
SPIN 1 0 6 5 -2.508 -2.280 -4.848
SPIN 1 0 6 6 -4.602 2.820 2.423
SPIN 1 0 6 7 3.469 -4.776 0.394
SPIN 1 0 6 8 3.142 1.489 -4.787
SPIN 1 0 6 9 1.799 -3.598 4.338
SPIN 1 0 6 10 4.254 0.823 -4.028
SPIN 1 0 6 11 -5.733 -1.216 -0.810
SPIN 1 0 6 12 5.718 1.503 -0.210
SPIN 1 0 6 13 0.660 1.195 5.756
SPIN 1 0 6 14 -0.490 3.895 -4.426
SPIN 1 0 6 15 -5.085 1.646 -2.537
SPIN 4 0 6 0 2.125 -0.256 5.515
SPIN 4 0 6 1 -4.838 1.614 2.998
SPIN 4 0 6 2 4.207 4.158 -0.122
SPIN 4 0 6 3 -4.997 -3.071 -0.778
SPIN 4 0 6 4 -0.196 -4.849 -3.384
SPIN 4 0 6 5 -0.569 -4.270 4.055
SPIN 4 0 6 6 5.736 1.078 0.965
SPIN 4 0 6 7 -5.659 1.296 -1.138
SPIN 4 0 6 8 -5.297 1.383 2.243
SPIN 4 0 6 9 -4.437 -3.557 -1.630
SPIN 4 0 6 10 -5.482 -0.755 2.093
SPIN 4 0 6 11 -0.557 -5.196 2.774
SPIN 4 0 6 12 5.851 -0.217 -0.845
SPIN 4 0 6 13 5.742 -0.776 -1.194
SPIN 4 0 6 14 1.470 -4.528 3.513
SPIN 4 0 6 15 2.069 -3.966 -3.872
SPIN 1 0 7 0 -1.264 4.093 -4.081
SPIN 1 0 7 1 -0.471 -2.485 -5.348
SPIN 1 0 7 2 -0.069 1.918 5.596
SPIN 1 0 7 3 0.654 3.979 -4.329
SPIN 1 0 7 4 3.588 2.529 3.966
SPIN 1 0 7 5 2.947 4.028 3.176
SPIN 1 0 7 6 -2.965 -1.935 4.740
SPIN 1 0 7 7 -5.293 1.275 2.316
SPIN 1 0 7 8 4.879 -2.834 -1.778
SPIN 1 0 7 9 1.034 -4.250 3.984
SPIN 1 0 7 10 -2.890 2.239 4.652
SPIN 1 0 7 11 -3.526 -3.435 3.281
SPIN 1 0 7 12 5.678 1.663 -0.025
SPIN 1 0 7 13 -5.784 -0.945 -0.810
SPIN 1 0 7 14 3.087 5.022 0.502
SPIN 1 0 7 15 -4.137 -2.311 -3.542
SPIN 4 0 7 0 5.283 1.578 -2.146
SPIN 4 0 7 1 -4.588 -1.075 -3.576
SPIN 4 0 7 2 0.758 -1.140 5.755
SPIN 4 0 7 3 -1.940 -3.514 -4.346
SPIN 4 0 7 4 0.780 5.622 1.669
SPIN 4 0 7 5 -3.742 -1.826 4.203
SPIN 4 0 7 6 2.751 4.362 -2.899
SPIN 4 0 7 7 -1.935 2.550 -4.975
SPIN 4 0 7 8 -5.133 -0.963 -2.780
SPIN 4 0 7 9 -0.752 -5.722 -1.301
SPIN 4 0 7 10 2.744 -4.251 3.066
SPIN 4 0 7 11 1.630 -0.185 -5.684
SPIN 4 0 7 12 -3.549 3.686 2.969
SPIN 4 0 7 13 -1.802 0.425 5.619
SPIN 4 0 7 14 1.943 1.608 -5.352
SPIN 4 0 7 15 1.484 -0.421 5.712
SPIN 1 0 8 0 -3.809 3.637 2.696
SPIN 1 0 8 1 5.009 2.978 1.022
SPIN 1 0 8 2 -1.854 -2.820 -4.859
SPIN 1 0 8 3 1.736 5.235 -2.140
SPIN 1 0 8 4 -0.979 -2.382 5.326
SPIN 1 0 8 5 4.592 -1.990 -3.154
SPIN 1 0 8 6 -0.522 0.435 5.877
SPIN 1 0 8 7 5.781 -0.501 1.151
SPIN 1 0 8 8 -5.846 -0.875 0.247
SPIN 1 0 8 9 4.723 -0.291 -3.551
SPIN 1 0 8 10 -3.694 2.774 3.696
SPIN 1 0 8 11 -0.468 -2.386 5.393
SPIN 1 0 8 12 -1.913 -4.508 -3.320
SPIN 1 0 8 13 -4.246 -3.913 -1.289
SPIN 1 0 8 14 2.483 1.782 -5.065
SPIN 1 0 8 15 4.145 -0.177 -4.218
SPIN 4 0 8 0 -4.536 2.472 -2.883
SPIN 4 0 8 1 4.897 1.930 -2.700
SPIN 4 0 8 2 -1.704 -0.506 5.643
SPIN 4 0 8 3 4.169 2.666 -3.242
SPIN 4 0 8 4 -3.372 4.060 2.673
SPIN 4 0 8 5 -5.492 1.298 -1.777
SPIN 4 0 8 6 4.937 -1.624 2.826
SPIN 4 0 8 7 -3.699 -4.607 0.301
SPIN 4 0 8 8 1.370 -5.713 0.696
SPIN 4 0 8 9 3.728 4.575 -0.409
SPIN 4 0 8 10 -5.190 -0.786 -2.729
SPIN 4 0 8 11 2.681 -1.860 4.935
SPIN 4 0 8 12 -1.394 -4.130 4.000
SPIN 4 0 8 13 -2.086 -1.975 -5.172
SPIN 4 0 8 14 1.591 4.209 3.841
SPIN 4 0 8 15 2.611 3.360 4.111
SPIN 1 0 9 0 2.717 -5.149 -1.054
SPIN 1 0 9 1 -5.279 0.239 -2.661
SPIN 1 0 9 2 -0.631 -1.346 5.726
SPIN 1 0 9 3 -0.712 4.407 -3.882
SPIN 1 0 9 4 2.432 5.380 0.379
SPIN 1 0 9 5 1.484 -0.460 5.708
SPIN 1 0 9 6 -0.362 4.214 4.137
SPIN 1 0 9 7 5.122 -2.960 0.091
SPIN 1 0 9 8 5.880 0.650 -0.031
SPIN 1 0 9 9 0.546 4.409 -3.907
SPIN 1 0 9 10 3.237 -1.733 -4.638
SPIN 1 0 9 11 2.355 -1.622 5.179
SPIN 1 0 9 12 3.019 3.259 3.907
SPIN 1 0 9 13 -1.158 5.802 0.015
SPIN 1 0 9 14 -3.397 -4.300 2.231
SPIN 1 0 9 15 -5.080 2.986 -0.528
SPIN 4 0 9 0 3.909 -4.078 -1.758
SPIN 4 0 9 1 -0.130 -3.752 4.572
SPIN 4 0 9 2 1.084 -2.927 -5.026
SPIN 4 0 9 3 -4.222 3.434 -2.321
SPIN 4 0 9 4 2.162 4.421 -3.283
SPIN 4 0 9 5 -0.467 -1.087 -5.797
SPIN 4 0 9 6 -2.195 4.984 -2.310
SPIN 4 0 9 7 -1.445 -3.416 4.609
SPIN 4 0 9 8 1.953 -4.941 -2.603
SPIN 4 0 9 9 3.286 2.535 4.216
SPIN 4 0 9 10 -0.575 -3.393 -4.812
SPIN 4 0 9 11 5.559 1.940 -0.578
SPIN 4 0 9 12 -3.808 3.200 3.202
SPIN 4 0 9 13 4.885 -3.184 1.001
SPIN 4 0 9 14 -5.039 0.627 3.036
SPIN 4 0 9 15 0.074 5.511 2.151
SPIN 1 0 10 0 0.711 3.256 4.888
SPIN 1 0 10 1 1.567 -4.814 -3.061
SPIN 1 0 10 2 -4.282 3.698 -1.729
SPIN 1 0 10 3 5.010 -3.087 -0.609
SPIN 1 0 10 4 -0.671 -4.916 3.223
SPIN 1 0 10 5 -0.587 0.797 -5.833
SPIN 1 0 10 6 2.532 1.699 5.070
SPIN 1 0 10 7 0.661 1.432 -5.702
SPIN 1 0 10 8 4.989 0.232 -3.171
SPIN 1 0 10 9 -0.075 -1.350 5.760
SPIN 1 0 10 10 1.921 1.148 5.476
SPIN 1 0 10 11 -5.706 -1.476 0.514
SPIN 1 0 10 12 -1.195 -2.190 5.364
SPIN 1 0 10 13 3.990 3.254 -2.914
SPIN 1 0 10 14 -0.996 -5.703 -1.217
SPIN 1 0 10 15 2.989 -3.285 3.908
SPIN 4 0 10 0 -4.475 -3.709 1.103
SPIN 4 0 10 1 -5.728 1.319 -0.668
SPIN 4 0 10 2 -1.982 5.560 -0.394
SPIN 4 0 10 3 2.771 5.226 -0.082
SPIN 4 0 10 4 0.245 0.133 -5.909
SPIN 4 0 10 5 3.247 4.580 1.866
SPIN 4 0 10 6 -2.304 0.643 5.411
SPIN 4 0 10 7 -2.949 -0.618 -5.091
SPIN 4 0 10 8 1.781 3.107 -4.709
SPIN 4 0 10 9 2.872 -4.399 -2.721
SPIN 4 0 10 10 4.941 2.155 -2.437
SPIN 4 0 10 11 -4.626 -1.606 -3.320
SPIN 4 0 10 12 1.730 -2.348 -5.147
SPIN 4 0 10 13 -2.978 4.982 -1.146
SPIN 4 0 10 14 -0.674 1.944 -5.547
SPIN 4 0 10 15 -3.237 4.589 1.860
SPIN 1 0 11 0 -3.891 -3.675 2.521
SPIN 1 0 11 1 -4.155 1.619 3.888
SPIN 1 0 11 2 2.759 -1.733 -4.938
SPIN 1 0 11 3 -4.766 3.497 0.232
SPIN 1 0 11 4 2.682 2.182 -4.801
SPIN 1 0 11 5 -4.755 -2.680 2.281
SPIN 1 0 11 6 5.331 2.565 -0.017
SPIN 1 0 11 7 -0.372 -2.027 5.545
SPIN 1 0 11 8 -4.199 -2.630 -3.233
SPIN 1 0 11 9 2.776 3.264 4.080
SPIN 1 0 11 10 -4.371 1.788 -3.563
SPIN 1 0 11 11 1.191 2.620 5.169
SPIN 1 0 11 12 -5.623 1.709 -0.677
SPIN 1 0 11 13 3.409 0.421 4.817
SPIN 1 0 11 14 -3.141 4.836 1.324
SPIN 1 0 11 15 -3.905 -3.282 -2.996
SPIN 4 0 11 0 0.249 -5.806 1.109
SPIN 4 0 11 1 4.791 1.415 3.169
SPIN 4 0 11 2 1.486 -5.256 -2.274
SPIN 4 0 11 3 -2.238 3.897 3.848
SPIN 4 0 11 4 3.545 4.633 -0.986
SPIN 4 0 11 5 -2.428 -5.296 -1.028
SPIN 4 0 11 6 1.804 2.558 -5.020
SPIN 4 0 11 7 -3.893 -3.340 2.948
SPIN 4 0 11 8 -3.434 -2.140 -4.316
SPIN 4 0 11 9 2.521 4.180 3.343
SPIN 4 0 11 10 -0.171 4.974 -3.198
SPIN 4 0 11 11 0.717 -1.881 5.563
SPIN 4 0 11 12 -4.758 2.689 -2.264
SPIN 4 0 11 13 2.389 -3.602 -4.040
SPIN 4 0 11 14 -5.746 -1.188 0.759
SPIN 4 0 11 15 5.726 0.049 1.485
SPIN 1 0 12 0 -3.125 5.001 0.471
SPIN 1 0 12 1 -0.430 -1.650 -5.665
SPIN 1 0 12 2 -3.081 4.713 1.815
SPIN 1 0 12 3 -2.134 -2.696 4.814
SPIN 1 0 12 4 1.083 -2.470 5.265
SPIN 1 0 12 5 1.898 -3.492 -4.382
SPIN 1 0 12 6 4.287 -3.377 2.283
SPIN 1 0 12 7 3.921 3.375 -2.870
SPIN 1 0 12 8 3.010 -3.468 3.730
SPIN 1 0 12 9 0.355 -1.799 -5.625
SPIN 1 0 12 10 5.826 -0.815 0.628
SPIN 1 0 12 11 -4.636 2.595 2.602
SPIN 1 0 12 12 1.212 2.205 -5.354
SPIN 1 0 12 13 -5.356 -2.513 0.002
SPIN 1 0 12 14 -0.531 3.639 4.634
SPIN 1 0 12 15 5.485 1.204 1.860
SPIN 4 0 12 0 -0.289 4.732 3.539
SPIN 4 0 12 1 -4.139 -3.786 -1.878
SPIN 4 0 12 2 -4.058 3.036 3.052
SPIN 4 0 12 3 5.280 0.214 -2.660
SPIN 4 0 12 4 -2.698 -5.244 0.465
SPIN 4 0 12 5 2.889 3.436 3.854
SPIN 4 0 12 6 -4.682 2.445 -2.665
SPIN 4 0 12 7 0.144 3.174 -4.991
SPIN 4 0 12 8 4.700 -3.189 1.653
SPIN 4 0 12 9 -4.472 -1.638 -3.510
SPIN 4 0 12 10 4.952 -3.068 1.034
SPIN 4 0 12 11 -1.061 -0.188 5.817
SPIN 4 0 12 12 -5.862 -0.149 -0.781
SPIN 4 0 12 13 -3.865 1.809 -4.098
SPIN 4 0 12 14 4.337 -3.783 -1.371
SPIN 4 0 12 15 -5.754 -1.223 -0.626
SPIN 1 0 13 0 -3.820 -2.267 -3.908
SPIN 1 0 13 1 -3.102 -3.074 3.991
SPIN 1 0 13 2 -3.065 4.087 2.984
SPIN 1 0 13 3 -2.200 -2.326 -4.975
SPIN 1 0 13 4 2.500 -4.265 3.249
SPIN 1 0 13 5 -3.198 -4.964 -0.365
SPIN 1 0 13 6 -5.195 -0.822 2.709
SPIN 1 0 13 7 3.040 -5.042 0.579
SPIN 1 0 13 8 -4.204 3.601 -2.088
SPIN 1 0 13 9 -1.863 -5.447 1.365
SPIN 1 0 13 10 -5.235 -2.186 1.680
SPIN 1 0 13 11 4.267 3.652 -1.859
SPIN 1 0 13 12 4.766 1.398 3.214
SPIN 1 0 13 13 -2.638 2.789 -4.501
SPIN 1 0 13 14 -0.102 0.515 5.893
SPIN 1 0 13 15 -4.698 1.590 -3.226
SPIN 4 0 13 0 3.427 -2.702 -3.994
SPIN 4 0 13 1 1.828 -2.960 4.785
SPIN 4 0 13 2 5.592 0.756 1.776
SPIN 4 0 13 3 -3.578 -0.252 4.704
SPIN 4 0 13 4 2.422 5.344 0.760
SPIN 4 0 13 5 -2.888 -2.857 -4.301
SPIN 4 0 13 6 5.352 0.644 -2.438
SPIN 4 0 13 7 -2.229 0.130 -5.479
SPIN 4 0 13 8 -3.033 4.453 2.443
SPIN 4 0 13 9 2.961 -3.089 -4.085
SPIN 4 0 13 10 -4.253 2.266 -3.431
SPIN 4 0 13 11 -2.858 -1.940 -4.803
SPIN 4 0 13 12 1.974 -1.138 5.460
SPIN 4 0 13 13 3.139 1.298 -4.844
SPIN 4 0 13 14 -3.882 1.436 -4.227
SPIN 4 0 13 15 -3.643 2.192 -4.114
SPIN 1 0 14 0 4.416 0.289 3.927
SPIN 1 0 14 1 -5.039 -1.573 2.671
SPIN 1 0 14 2 0.806 -1.465 -5.675
SPIN 1 0 14 3 -5.576 1.722 -0.973
SPIN 1 0 14 4 -0.053 5.018 -3.132
SPIN 1 0 14 5 4.919 3.228 -0.623
SPIN 1 0 14 6 -0.113 -3.032 5.079
SPIN 1 0 14 7 4.449 3.899 0.053
SPIN 1 0 14 8 -2.769 -5.123 -1.045
SPIN 1 0 14 9 -4.920 -3.268 -0.346
SPIN 1 0 14 10 5.028 1.296 2.836
SPIN 1 0 14 11 -3.715 -4.484 1.046
SPIN 1 0 14 12 -1.771 5.616 -0.570
SPIN 1 0 14 13 -2.488 2.759 4.604
SPIN 1 0 14 14 -0.487 4.300 4.034
SPIN 1 0 14 15 2.255 3.384 -4.297
SPIN 4 0 14 0 -4.842 2.665 -2.110
SPIN 4 0 14 1 -0.859 5.042 -2.973
SPIN 4 0 14 2 0.782 -1.808 5.578
SPIN 4 0 14 3 -0.634 -5.269 -2.613
SPIN 4 0 14 4 2.982 4.957 1.240
SPIN 4 0 14 5 -1.857 5.052 -2.455
SPIN 4 0 14 6 0.629 5.012 -3.080
SPIN 4 0 14 7 2.627 -2.201 4.822
SPIN 4 0 14 8 3.350 4.328 2.246
SPIN 4 0 14 9 4.235 3.771 -1.686
SPIN 4 0 14 10 0.693 -5.784 1.031
SPIN 4 0 14 11 0.669 -0.740 5.831
SPIN 4 0 14 12 -1.816 -5.352 -1.748
SPIN 4 0 14 13 -3.501 3.813 -2.864
SPIN 4 0 14 14 -2.165 -4.018 3.764
SPIN 4 0 14 15 4.167 -3.860 -1.654
SPIN 1 0 15 0 1.404 1.486 -5.552
SPIN 1 0 15 1 -5.083 2.429 1.808
SPIN 1 0 15 2 5.453 0.931 2.097
SPIN 1 0 15 3 0.372 0.441 -5.888
SPIN 1 0 15 4 -0.027 -3.964 4.391
SPIN 1 0 15 5 -0.958 -2.793 5.127
SPIN 1 0 15 6 1.699 -2.640 5.014
SPIN 1 0 15 7 1.983 -4.301 -3.545
SPIN 1 0 15 8 1.696 0.577 5.638
SPIN 1 0 15 9 4.156 2.798 3.146
SPIN 1 0 15 10 5.438 2.330 -0.069
SPIN 1 0 15 11 4.158 -1.300 -4.002
SPIN 1 0 15 12 3.243 -4.915 0.568
SPIN 1 0 15 13 0.355 3.619 4.667
SPIN 1 0 15 14 -4.376 -2.434 -3.151
SPIN 1 0 15 15 -0.731 5.533 1.963
SPIN 4 0 15 0 0.898 -5.833 -0.415
SPIN 4 0 15 1 1.456 -4.362 -3.722
SPIN 4 0 15 2 -3.422 4.688 -1.146
SPIN 4 0 15 3 -5.712 0.399 -1.487
SPIN 4 0 15 4 -1.051 5.493 -1.928
SPIN 4 0 15 5 4.590 3.102 2.077
SPIN 4 0 15 6 -3.806 0.606 -4.489
SPIN 4 0 15 7 -0.140 3.551 4.730
SPIN 4 0 15 8 -3.215 -4.041 -2.887
SPIN 4 0 15 9 -5.510 1.897 -1.022
SPIN 4 0 15 10 3.007 4.282 2.760
SPIN 4 0 15 11 0.372 3.895 -4.437
SPIN 4 0 15 12 2.745 -4.440 -2.785
SPIN 4 0 15 13 3.315 1.462 4.677
SPIN 4 0 15 14 5.741 -0.745 -1.217
SPIN 4 0 15 15 1.795 3.399 -4.497
SPIN 3 0 0 0 3.314 4.793 1.023
SPIN 3 0 0 1 4.895 -0.926 3.192
SPIN 3 0 0 2 -2.682 -5.158 1.097
SPIN 3 0 0 3 -1.185 5.362 -2.200
SPIN 3 0 0 4 5.261 -1.406 2.313
SPIN 3 0 0 5 -1.993 -1.483 -5.369
SPIN 3 0 0 6 5.273 0.270 -2.668
SPIN 3 0 0 7 3.279 2.825 4.033
SPIN 3 0 0 8 -1.156 0.352 -5.791
SPIN 3 0 0 9 -1.756 4.355 3.598
SPIN 3 0 0 10 1.651 -2.453 -5.124
SPIN 3 0 0 11 -2.886 -5.156 -0.284
SPIN 3 0 0 12 -2.299 0.362 5.439
SPIN 3 0 0 13 -4.028 3.242 2.875
SPIN 3 0 0 14 -3.097 -4.732 1.737
SPIN 3 0 0 15 -5.498 1.024 1.930
SPIN 2 0 0 0 5.192 -0.307 -2.819
SPIN 2 0 0 1 1.771 -4.989 2.640
SPIN 2 0 0 2 0.278 5.186 2.834
SPIN 2 0 0 3 2.201 3.156 4.494
SPIN 2 0 0 4 2.237 -0.881 -5.406
SPIN 2 0 0 5 2.455 4.830 -2.376
SPIN 2 0 0 6 -2.370 0.633 5.384
SPIN 2 0 0 7 1.590 -0.277 -5.692
SPIN 2 0 0 8 -2.637 1.009 5.199
SPIN 2 0 0 9 4.181 2.763 3.144
SPIN 2 0 0 10 1.275 -5.304 -2.289
SPIN 2 0 0 11 -1.351 3.520 4.559
SPIN 2 0 0 12 -3.822 -4.013 -2.070
SPIN 2 0 0 13 5.697 1.424 -0.718
SPIN 2 0 0 14 -1.056 5.172 2.670
SPIN 2 0 0 15 0.661 -5.801 -0.956
SPIN 3 0 1 0 -4.501 -1.148 3.663
SPIN 3 0 1 1 -5.263 0.831 -2.571
SPIN 3 0 1 2 1.052 5.761 -0.842
SPIN 3 0 1 3 -4.439 -3.379 -1.970
SPIN 3 0 1 4 -3.964 4.163 -1.400
SPIN 3 0 1 5 -3.208 -2.040 -4.532
SPIN 3 0 1 6 4.919 3.280 0.215
SPIN 3 0 1 7 -0.386 5.548 2.018
SPIN 3 0 1 8 5.721 1.425 -0.491
SPIN 3 0 1 9 -1.706 -1.240 5.527
SPIN 3 0 1 10 5.504 2.167 -0.122
SPIN 3 0 1 11 -5.752 0.983 -0.975
SPIN 3 0 1 12 5.592 1.720 -0.880
SPIN 3 0 1 13 -4.207 -3.633 -2.026
SPIN 3 0 1 14 2.591 5.219 1.021
SPIN 3 0 1 15 4.438 -3.813 -0.877
SPIN 2 0 1 0 3.342 2.542 -4.168
SPIN 2 0 1 1 5.223 2.545 1.116
SPIN 2 0 1 2 0.698 5.797 -0.952
SPIN 2 0 1 3 -1.231 -5.117 -2.702
SPIN 2 0 1 4 0.403 -5.818 -0.993
SPIN 2 0 1 5 5.724 0.084 1.494
SPIN 2 0 1 6 0.054 1.561 -5.706
SPIN 2 0 1 7 -2.369 -3.817 3.849
SPIN 2 0 1 8 4.180 1.959 -3.700
SPIN 2 0 1 9 -5.249 -2.633 -0.722
SPIN 2 0 1 10 1.824 5.628 -0.025
SPIN 2 0 1 11 -1.381 -4.841 -3.108
SPIN 2 0 1 12 -4.957 0.664 3.160
SPIN 2 0 1 13 -3.146 -4.181 -2.762
SPIN 2 0 1 14 -2.480 -1.938 5.010
SPIN 2 0 1 15 -1.378 4.889 3.033
SPIN 3 0 2 0 -0.143 0.140 -5.913
SPIN 3 0 2 1 5.031 -2.778 1.404
SPIN 3 0 2 2 0.034 -5.671 -1.683
SPIN 3 0 2 3 -2.971 4.782 1.818
SPIN 3 0 2 4 2.028 -4.580 -3.149
SPIN 3 0 2 5 0.607 -1.300 5.739
SPIN 3 0 2 6 5.743 1.344 0.459
SPIN 3 0 2 7 -0.418 -5.259 2.678
SPIN 3 0 2 8 -2.818 4.848 1.885
SPIN 3 0 2 9 3.767 -1.740 -4.217
SPIN 3 0 2 10 -3.212 -4.892 -0.864
SPIN 3 0 2 11 5.384 -1.607 1.851
SPIN 3 0 2 12 -3.360 -0.196 4.865
SPIN 3 0 2 13 -0.024 4.837 3.406
SPIN 3 0 2 14 3.271 2.904 3.983
SPIN 3 0 2 15 -3.674 -1.038 4.519
SPIN 2 0 2 0 1.817 -3.316 -4.550
SPIN 2 0 2 1 -4.193 -2.928 -2.974
SPIN 2 0 2 2 2.488 -3.441 4.119
SPIN 2 0 2 3 -2.612 -3.857 3.648
SPIN 2 0 2 4 -4.365 -2.251 3.299
SPIN 2 0 2 5 -5.492 -0.021 2.200
SPIN 2 0 2 6 -3.090 4.166 -2.845
SPIN 2 0 2 7 -1.358 5.478 -1.775
SPIN 2 0 2 8 -2.654 1.087 -5.174
SPIN 2 0 2 9 5.211 2.764 -0.453
SPIN 2 0 2 10 3.847 0.127 4.492
SPIN 2 0 2 11 -3.190 4.719 -1.598
SPIN 2 0 2 12 1.686 -5.566 -1.085
SPIN 2 0 2 13 3.367 3.069 3.774
SPIN 2 0 2 14 -4.774 -2.783 -2.114
SPIN 2 0 2 15 5.291 -0.796 2.524
SPIN 3 0 3 0 0.249 5.512 -2.135
SPIN 3 0 3 1 -0.104 -4.192 4.173
SPIN 3 0 3 2 5.717 -0.941 -1.196
SPIN 3 0 3 3 -5.567 1.274 1.543
SPIN 3 0 3 4 2.639 -4.027 -3.438
SPIN 3 0 3 5 -5.409 2.308 -0.645
SPIN 3 0 3 6 5.811 -0.792 0.781
SPIN 3 0 3 7 -4.777 0.225 -3.483
SPIN 3 0 3 8 3.328 -4.779 -1.039
SPIN 3 0 3 9 0.691 5.875 0.091
SPIN 3 0 3 10 2.199 -3.354 4.349
SPIN 3 0 3 11 -5.880 0.343 0.557
SPIN 3 0 3 12 4.905 3.241 -0.662
SPIN 3 0 3 13 2.841 3.776 -3.559
SPIN 3 0 3 14 4.115 0.223 4.245
SPIN 3 0 3 15 -1.471 0.804 -5.674
SPIN 2 0 3 0 2.320 4.047 -3.638
SPIN 2 0 3 1 2.510 -4.650 2.661
SPIN 2 0 3 2 -1.310 4.929 -2.999
SPIN 2 0 3 3 -5.497 2.035 0.799
SPIN 2 0 3 4 1.379 3.120 -4.833
SPIN 2 0 3 5 4.661 -3.408 1.289
SPIN 2 0 3 6 5.329 2.066 -1.527
SPIN 2 0 3 7 2.012 -0.302 -5.555
SPIN 2 0 3 8 -3.084 4.219 2.773
SPIN 2 0 3 9 -1.206 4.322 -3.856
SPIN 2 0 3 10 -3.567 -3.260 3.412
SPIN 2 0 3 11 -4.670 -2.238 2.860
SPIN 2 0 3 12 -5.463 2.270 0.029
SPIN 2 0 3 13 2.839 1.521 4.962
SPIN 2 0 3 14 -5.857 0.834 0.004
SPIN 2 0 3 15 4.254 3.525 -2.115
SPIN 3 0 4 0 0.309 -5.475 2.220
SPIN 3 0 4 1 -0.180 5.638 1.783
SPIN 3 0 4 2 -0.203 -0.260 5.907
SPIN 3 0 4 3 3.560 4.353 1.838
SPIN 3 0 4 4 -0.518 -4.626 3.651
SPIN 3 0 4 5 -4.805 -3.192 1.313
SPIN 3 0 4 6 -3.794 -2.897 -3.494
SPIN 3 0 4 7 -4.727 0.051 -3.557
SPIN 3 0 4 8 3.157 -2.725 4.196
SPIN 3 0 4 9 -2.775 -4.384 2.842
SPIN 3 0 4 10 -0.271 4.774 -3.484
SPIN 3 0 4 11 -4.856 -1.991 -2.731
SPIN 3 0 4 12 3.312 0.314 -4.892
SPIN 3 0 4 13 -5.537 -1.906 -0.840
SPIN 3 0 4 14 5.161 -2.891 -0.067
SPIN 3 0 4 15 -5.519 -1.815 -1.118
SPIN 2 0 4 0 -4.301 2.859 2.886
SPIN 2 0 4 1 5.726 1.348 0.632
SPIN 2 0 4 2 5.269 0.346 -2.667
SPIN 2 0 4 3 -1.756 2.651 -4.989
SPIN 2 0 4 4 2.481 -0.526 5.345
SPIN 2 0 4 5 -2.556 3.710 -3.834
SPIN 2 0 4 6 -2.187 4.599 -3.011
SPIN 2 0 4 7 -0.809 5.435 2.193
SPIN 2 0 4 8 5.034 -3.096 -0.275
SPIN 2 0 4 9 -4.758 1.077 3.347
SPIN 2 0 4 10 -1.379 5.746 0.291
SPIN 2 0 4 11 -1.745 2.106 5.246
SPIN 2 0 4 12 -0.779 3.084 -4.988
SPIN 2 0 4 13 -4.749 2.420 -2.567
SPIN 2 0 4 14 5.361 1.794 -1.744
SPIN 2 0 4 15 5.074 -2.931 -0.817
SPIN 3 0 5 0 -0.581 -4.648 -3.613
SPIN 3 0 5 1 2.362 -5.309 1.111
SPIN 3 0 5 2 4.160 4.184 -0.433
SPIN 3 0 5 3 -4.302 -3.663 1.753
SPIN 3 0 5 4 1.520 -5.393 -1.899
SPIN 3 0 5 5 5.178 2.818 0.500
SPIN 3 0 5 6 -3.503 3.699 -3.007
SPIN 3 0 5 7 0.155 5.798 1.168
SPIN 3 0 5 8 2.305 3.207 4.405
SPIN 3 0 5 9 1.351 -1.461 -5.572
SPIN 3 0 5 10 -4.373 2.479 -3.119
SPIN 3 0 5 11 4.098 -4.022 1.425
SPIN 3 0 5 12 -3.712 -3.137 3.374
SPIN 3 0 5 13 5.439 0.949 2.125
SPIN 3 0 5 14 -1.837 -1.210 5.492
SPIN 3 0 5 15 -4.330 1.951 -3.528
SPIN 2 0 5 0 -2.309 4.826 -2.526
SPIN 2 0 5 1 0.452 -4.033 4.305
SPIN 2 0 5 2 -2.487 -2.355 -4.824
SPIN 2 0 5 3 -3.265 3.047 -3.880
SPIN 2 0 5 4 5.683 -1.177 -1.147
SPIN 2 0 5 5 1.782 -4.878 -2.834
SPIN 2 0 5 6 0.625 2.120 5.488
SPIN 2 0 5 7 -3.805 -3.288 -3.116
SPIN 2 0 5 8 -3.416 -4.432 1.920
SPIN 2 0 5 9 -2.075 4.967 2.454
SPIN 2 0 5 10 -2.909 -4.625 2.269
SPIN 2 0 5 11 -1.303 3.571 -4.533
SPIN 2 0 5 12 -5.905 -0.178 -0.309
SPIN 2 0 5 13 2.019 -5.257 -1.813
SPIN 2 0 5 14 5.614 -1.164 -1.457
SPIN 2 0 5 15 2.916 4.987 -1.275
SPIN 3 0 6 0 -3.737 -2.089 4.083
SPIN 3 0 6 1 4.399 3.800 1.097
SPIN 3 0 6 2 -5.293 -0.674 2.556
SPIN 3 0 6 3 3.128 -4.240 2.691
SPIN 3 0 6 4 3.440 3.159 -3.632
SPIN 3 0 6 5 -4.940 3.172 -0.727
SPIN 3 0 6 6 -5.123 -1.146 2.727
SPIN 3 0 6 7 -4.135 -4.106 1.022
SPIN 3 0 6 8 -4.081 -2.649 -3.366
SPIN 3 0 6 9 5.586 1.025 1.657
SPIN 3 0 6 10 4.481 -2.597 2.860
SPIN 3 0 6 11 4.835 1.780 2.908
SPIN 3 0 6 12 -5.465 2.257 0.192
SPIN 3 0 6 13 -5.128 2.840 0.797
SPIN 3 0 6 14 5.520 -0.877 -1.938
SPIN 3 0 6 15 -1.262 -1.439 -5.598
SPIN 2 0 6 0 3.828 3.951 -2.177
SPIN 2 0 6 1 -5.474 -1.886 -1.215
SPIN 2 0 6 2 2.056 4.409 3.367
SPIN 2 0 6 3 0.339 -3.220 -4.952
SPIN 2 0 6 4 -3.865 2.671 -3.595
SPIN 2 0 6 5 2.229 3.208 4.443
SPIN 2 0 6 6 2.678 0.186 -5.272
SPIN 2 0 6 7 -3.524 -3.091 -3.609
SPIN 2 0 6 8 4.998 -1.562 -2.752
SPIN 2 0 6 9 5.014 0.871 3.016
SPIN 2 0 6 10 -1.031 -3.794 4.421
SPIN 2 0 6 11 3.376 1.458 -4.634
SPIN 2 0 6 12 -3.901 -3.957 2.030
SPIN 2 0 6 13 -3.582 -0.674 4.660
SPIN 2 0 6 14 -4.388 -1.202 -3.781
SPIN 2 0 6 15 0.660 -1.797 5.598
SPIN 3 0 7 0 -2.454 5.267 1.110
SPIN 3 0 7 1 3.333 2.682 4.086
SPIN 3 0 7 2 0.435 -4.712 -3.551
SPIN 3 0 7 3 -0.519 5.844 -0.762
SPIN 3 0 7 4 2.630 -1.791 -4.988
SPIN 3 0 7 5 2.011 -2.812 4.801
SPIN 3 0 7 6 -0.760 -2.061 5.493
SPIN 3 0 7 7 5.296 2.391 -1.114
SPIN 3 0 7 8 1.618 1.735 5.420
SPIN 3 0 7 9 3.239 -2.470 -4.290
SPIN 3 0 7 10 -2.593 1.595 -5.073
SPIN 3 0 7 11 2.249 -2.593 -4.818
SPIN 3 0 7 12 -3.975 4.315 -0.762
SPIN 3 0 7 13 0.405 -5.101 -2.969
SPIN 3 0 7 14 -5.160 2.875 -0.331
SPIN 3 0 7 15 2.329 -2.155 4.993
SPIN 2 0 7 0 -4.737 -3.455 -0.790
SPIN 2 0 7 1 0.800 -5.458 2.139
SPIN 2 0 7 2 -1.957 -5.412 -1.371
SPIN 2 0 7 3 -0.342 5.183 2.833
SPIN 2 0 7 4 -1.958 -4.391 3.447
SPIN 2 0 7 5 -2.755 2.732 4.466
SPIN 2 0 7 6 -4.528 2.600 -2.781
SPIN 2 0 7 7 1.397 -4.580 3.474
SPIN 2 0 7 8 -5.408 0.012 2.400
SPIN 2 0 7 9 -5.476 1.798 1.334
SPIN 2 0 7 10 -2.907 4.383 -2.709
SPIN 2 0 7 11 4.923 -0.812 -3.179
SPIN 2 0 7 12 4.612 3.111 2.011
SPIN 2 0 7 13 -5.707 1.274 0.899
SPIN 2 0 7 14 -2.880 1.934 4.792
SPIN 2 0 7 15 4.499 1.027 -3.702
SPIN 3 0 8 0 0.255 1.104 -5.807
SPIN 3 0 8 1 3.001 -3.999 3.163
SPIN 3 0 8 2 2.748 0.760 -5.184
SPIN 3 0 8 3 1.717 -1.295 5.511
SPIN 3 0 8 4 2.759 5.196 0.623
SPIN 3 0 8 5 -0.674 5.780 -1.067
SPIN 3 0 8 6 1.136 -0.316 -5.797
SPIN 3 0 8 7 -4.466 2.911 -2.565
SPIN 3 0 8 8 4.472 -3.066 2.367
SPIN 3 0 8 9 -2.088 -5.526 -0.328
SPIN 3 0 8 10 5.346 2.306 1.049
SPIN 3 0 8 11 3.211 -4.251 2.572
SPIN 3 0 8 12 -4.961 -1.484 -2.861
SPIN 3 0 8 13 1.851 -1.947 5.271
SPIN 3 0 8 14 0.436 5.854 0.731
SPIN 3 0 8 15 0.818 -2.761 5.168
SPIN 2 0 8 0 3.967 2.380 3.687
SPIN 2 0 8 1 -5.319 -1.608 2.030
SPIN 2 0 8 2 3.833 1.084 4.374
SPIN 2 0 8 3 3.137 -4.966 0.702
SPIN 2 0 8 4 -2.879 -1.863 -4.821
SPIN 2 0 8 5 2.086 -2.138 5.107
SPIN 2 0 8 6 -0.740 -2.323 -5.390
SPIN 2 0 8 7 2.153 3.381 -4.352
SPIN 2 0 8 8 5.012 2.892 1.232
SPIN 2 0 8 9 -3.986 -4.362 0.290
SPIN 2 0 8 10 -5.824 -0.298 -0.994
SPIN 2 0 8 11 -3.003 -3.061 4.076
SPIN 2 0 8 12 -4.674 3.368 -1.344
SPIN 2 0 8 13 3.555 -1.609 -4.447
SPIN 2 0 8 14 3.095 2.170 -4.551
SPIN 2 0 8 15 -1.637 -5.675 -0.337
SPIN 3 0 9 0 0.594 -5.773 1.148
SPIN 3 0 9 1 -5.689 0.611 1.505
SPIN 3 0 9 2 -0.439 -4.920 3.256
SPIN 3 0 9 3 -3.261 2.677 4.147
SPIN 3 0 9 4 -3.264 -4.767 -1.272
SPIN 3 0 9 5 2.425 -4.632 -2.768
SPIN 3 0 9 6 -3.247 4.364 2.327
SPIN 3 0 9 7 -2.663 1.233 5.137
SPIN 3 0 9 8 2.049 5.427 1.162
SPIN 3 0 9 9 -2.752 -0.399 -5.222
SPIN 3 0 9 10 4.212 -0.237 4.148
SPIN 3 0 9 11 -3.881 -4.437 -0.505
SPIN 3 0 9 12 0.398 -3.135 -5.001
SPIN 3 0 9 13 -4.738 -3.193 -1.535
SPIN 3 0 9 14 2.663 4.735 2.342
SPIN 3 0 9 15 -4.027 -2.193 -3.739
SPIN 2 0 9 0 -3.027 -5.015 0.828
SPIN 2 0 9 1 2.375 4.760 2.588
SPIN 2 0 9 2 -4.310 -0.940 3.942
SPIN 2 0 9 3 0.824 -5.849 0.327
SPIN 2 0 9 4 -5.575 1.955 -0.309
SPIN 2 0 9 5 -1.824 1.541 5.413
SPIN 2 0 9 6 -2.721 -4.075 3.316
SPIN 2 0 9 7 1.942 2.722 -4.880
SPIN 2 0 9 8 -3.660 -4.321 1.712
SPIN 2 0 9 9 4.001 4.342 -0.367
SPIN 2 0 9 10 -1.001 -5.827 0.220
SPIN 2 0 9 11 -3.748 3.994 -2.235
SPIN 2 0 9 12 -3.007 1.347 -4.914
SPIN 2 0 9 13 5.338 1.156 2.274
SPIN 2 0 9 14 -5.261 -0.053 -2.706
SPIN 2 0 9 15 4.975 0.006 -3.201
SPIN 3 0 10 0 0.733 -3.633 -4.611
SPIN 3 0 10 1 -2.423 0.901 -5.322
SPIN 3 0 10 2 4.708 2.685 2.371
SPIN 3 0 10 3 -2.159 -5.432 -0.915
SPIN 3 0 10 4 -3.443 2.351 4.198
SPIN 3 0 10 5 -3.880 3.355 -2.948
SPIN 3 0 10 6 5.635 1.669 -0.678
SPIN 3 0 10 7 1.376 3.748 4.366
SPIN 3 0 10 8 -5.205 -2.807 0.159
SPIN 3 0 10 9 -0.962 -0.890 -5.769
SPIN 3 0 10 10 5.111 -2.102 2.112
SPIN 3 0 10 11 2.648 -0.403 -5.275
SPIN 3 0 10 12 4.490 1.822 3.394
SPIN 3 0 10 13 -0.713 1.530 5.670
SPIN 3 0 10 14 3.871 -3.500 -2.787
SPIN 3 0 10 15 -5.114 1.826 2.348
SPIN 2 0 10 0 1.975 -3.413 4.410
SPIN 2 0 10 1 1.761 -4.967 -2.688
SPIN 2 0 10 2 5.023 -2.958 1.011
SPIN 2 0 10 3 -1.558 -1.720 5.442
SPIN 2 0 10 4 2.535 0.664 -5.304
SPIN 2 0 10 5 0.264 3.578 4.704
SPIN 2 0 10 6 0.946 1.291 -5.696
SPIN 2 0 10 7 -3.479 -0.254 4.778
SPIN 2 0 10 8 0.999 -1.142 -5.718
SPIN 2 0 10 9 -5.497 2.186 0.032
SPIN 2 0 10 10 -3.685 0.118 -4.627
SPIN 2 0 10 11 1.231 3.910 -4.265
SPIN 2 0 10 12 -4.223 1.654 3.799
SPIN 2 0 10 13 -1.719 -0.411 -5.646
SPIN 2 0 10 14 2.384 3.392 4.220
SPIN 2 0 10 15 -5.459 1.585 -1.640
SPIN 3 0 11 0 -3.530 1.276 -4.573
SPIN 3 0 11 1 1.086 5.156 2.690
SPIN 3 0 11 2 -2.334 -4.978 -2.184
SPIN 3 0 11 3 1.319 -4.000 -4.155
SPIN 3 0 11 4 -2.493 -3.073 -4.398
SPIN 3 0 11 5 1.556 -5.316 2.079
SPIN 3 0 11 6 -0.723 5.869 -0.164
SPIN 3 0 11 7 5.300 -1.084 -2.395
SPIN 3 0 11 8 -5.217 -2.667 -0.820
SPIN 3 0 11 9 1.177 -5.796 0.137
SPIN 3 0 11 10 -1.691 -5.484 -1.436
SPIN 3 0 11 11 2.805 3.411 -3.936
SPIN 3 0 11 12 4.837 -3.405 0.121
SPIN 3 0 11 13 -2.873 -4.708 2.139
SPIN 3 0 11 14 4.968 0.158 3.209
SPIN 3 0 11 15 4.408 1.297 -3.727
SPIN 2 0 11 0 -0.132 1.858 -5.615
SPIN 2 0 11 1 3.903 3.902 2.130
SPIN 2 0 11 2 -3.452 2.867 3.856
SPIN 2 0 11 3 3.701 4.197 -1.920
SPIN 2 0 11 4 4.387 1.107 3.811
SPIN 2 0 11 5 -0.425 0.610 -5.869
SPIN 2 0 11 6 -2.733 -3.792 3.627
SPIN 2 0 11 7 0.058 4.454 3.893
SPIN 2 0 11 8 1.878 0.857 5.544
SPIN 2 0 11 9 -1.535 -4.997 2.770
SPIN 2 0 11 10 2.850 5.111 0.868
SPIN 2 0 11 11 -4.474 2.859 2.610
SPIN 2 0 11 12 -1.807 -3.244 -4.605
SPIN 2 0 11 13 -2.447 2.970 4.493
SPIN 2 0 11 14 5.395 -1.936 -1.464
SPIN 2 0 11 15 -3.440 -3.230 3.568
SPIN 3 0 12 0 1.119 5.508 1.845
SPIN 3 0 12 1 0.846 -4.706 3.484
SPIN 3 0 12 2 4.226 2.636 -3.192
SPIN 3 0 12 3 -3.718 4.112 -2.066
SPIN 3 0 12 4 5.617 1.602 0.938
SPIN 3 0 12 5 -1.673 1.312 -5.521
SPIN 3 0 12 6 -0.127 -0.937 5.840
SPIN 3 0 12 7 3.639 -1.336 -4.469
SPIN 3 0 12 8 1.214 4.445 -3.710
SPIN 3 0 12 9 1.780 1.301 5.490
SPIN 3 0 12 10 -5.236 -2.163 -1.703
SPIN 3 0 12 11 -1.459 5.145 2.530
SPIN 3 0 12 12 4.236 -3.667 1.900
SPIN 3 0 12 13 -1.492 -5.094 -2.612
SPIN 3 0 12 14 -1.894 -5.129 2.260
SPIN 3 0 12 15 -0.632 -0.888 -5.815
SPIN 2 0 12 0 3.548 -3.553 -3.128
SPIN 2 0 12 1 4.425 -0.654 -3.871
SPIN 2 0 12 2 1.399 4.957 2.911
SPIN 2 0 12 3 4.107 -2.127 3.688
SPIN 2 0 12 4 -5.820 0.453 0.963
SPIN 2 0 12 5 -2.188 -0.830 5.433
SPIN 2 0 12 6 4.478 -2.475 2.969
SPIN 2 0 12 7 5.570 -1.953 -0.405
SPIN 2 0 12 8 -0.406 -0.935 5.828
SPIN 2 0 12 9 2.116 5.082 -2.167
SPIN 2 0 12 10 -4.610 -3.042 2.119
SPIN 2 0 12 11 3.505 2.727 -3.909
SPIN 2 0 12 12 -5.886 0.281 0.529
SPIN 2 0 12 13 2.995 1.926 4.724
SPIN 2 0 12 14 5.353 1.134 2.250
SPIN 2 0 12 15 -5.482 -2.151 -0.567
SPIN 3 0 13 0 -2.914 2.420 4.544
SPIN 3 0 13 1 -2.483 -2.546 -4.727
SPIN 3 0 13 2 -2.875 -1.537 -4.937
SPIN 3 0 13 3 -3.277 -2.949 3.946
SPIN 3 0 13 4 2.458 1.392 -5.198
SPIN 3 0 13 5 2.401 -1.465 5.205
SPIN 3 0 13 6 2.134 4.549 3.123
SPIN 3 0 13 7 -2.729 1.480 5.036
SPIN 3 0 13 8 -2.655 -1.251 -5.137
SPIN 3 0 13 9 4.789 -2.822 2.027
SPIN 3 0 13 10 -4.199 3.276 -2.576
SPIN 3 0 13 11 -3.561 -1.815 4.361
SPIN 3 0 13 12 4.256 1.495 -3.827
SPIN 3 0 13 13 2.845 3.422 -3.899
SPIN 3 0 13 14 4.531 2.903 -2.459
SPIN 3 0 13 15 -1.816 0.921 5.555
SPIN 2 0 13 0 -0.867 -5.649 1.530
SPIN 2 0 13 1 -2.423 5.053 -1.895
SPIN 2 0 13 2 5.468 2.189 0.550
SPIN 2 0 13 3 3.229 1.130 -4.827
SPIN 2 0 13 4 1.873 -0.504 5.589
SPIN 2 0 13 5 -1.447 4.545 3.500
SPIN 2 0 13 6 2.998 1.464 -4.885
SPIN 2 0 13 7 -3.252 2.003 4.518
SPIN 2 0 13 8 5.631 -1.488 -1.038
SPIN 2 0 13 9 1.126 -4.118 -4.095
SPIN 2 0 13 10 5.580 -1.923 0.410
SPIN 2 0 13 11 -2.412 -1.718 5.121
SPIN 2 0 13 12 -3.221 2.729 4.144
SPIN 2 0 13 13 3.632 4.316 -1.784
SPIN 2 0 13 14 -4.819 -2.224 -2.615
SPIN 2 0 13 15 -3.729 4.331 -1.528
SPIN 3 0 14 0 3.524 -3.802 -2.851
SPIN 3 0 14 1 -5.399 2.312 -0.708
SPIN 3 0 14 2 1.146 -2.540 5.218
SPIN 3 0 14 3 -2.219 0.497 -5.461
SPIN 3 0 14 4 2.608 -1.116 5.192
SPIN 3 0 14 5 -0.965 -1.971 -5.494
SPIN 3 0 14 6 2.716 -0.547 5.227
SPIN 3 0 14 7 0.216 4.279 4.080
SPIN 3 0 14 8 -1.237 -2.676 -5.129
SPIN 3 0 14 9 0.644 -1.709 5.627
SPIN 3 0 14 10 -5.482 0.998 -1.987
SPIN 3 0 14 11 4.811 -2.965 -1.749
SPIN 3 0 14 12 -4.041 4.167 1.141
SPIN 3 0 14 13 2.302 -2.458 -4.864
SPIN 3 0 14 14 -4.056 -4.193 -0.984
SPIN 3 0 14 15 5.235 2.684 -0.622
SPIN 2 0 14 0 -5.335 -0.772 -2.437
SPIN 2 0 14 1 -0.069 5.914 -0.151
SPIN 2 0 14 2 5.908 -0.099 -0.299
SPIN 2 0 14 3 2.277 -0.173 5.458
SPIN 2 0 14 4 5.693 0.106 1.606
SPIN 2 0 14 5 -1.443 -4.303 3.795
SPIN 2 0 14 6 5.712 0.048 1.539
SPIN 2 0 14 7 2.462 5.187 1.425
SPIN 2 0 14 8 -0.861 0.129 -5.852
SPIN 2 0 14 9 5.713 0.601 1.416
SPIN 2 0 14 10 -5.883 0.560 -0.271
SPIN 2 0 14 11 -1.893 4.920 -2.685
SPIN 2 0 14 12 2.272 -5.459 0.182
SPIN 2 0 14 13 -1.286 -5.674 -1.075
SPIN 2 0 14 14 -4.886 2.813 1.792
SPIN 2 0 14 15 4.831 0.141 3.412
SPIN 3 0 15 0 -1.254 -5.467 1.880
SPIN 3 0 15 1 -5.139 2.480 -1.563
SPIN 3 0 15 2 3.333 -1.382 4.688
SPIN 3 0 15 3 2.569 -5.318 0.342
SPIN 3 0 15 4 -0.740 1.226 -5.740
SPIN 3 0 15 5 -3.320 -1.665 4.605
SPIN 3 0 15 6 2.547 -1.799 -5.028
SPIN 3 0 15 7 -2.174 -4.046 3.728
SPIN 3 0 15 8 -0.678 -2.754 5.192
SPIN 3 0 15 9 2.131 -0.913 -5.443
SPIN 3 0 15 10 -1.940 -4.827 -2.818
SPIN 3 0 15 11 -5.617 1.518 1.069
SPIN 3 0 15 12 4.904 3.209 0.809
SPIN 3 0 15 13 -2.013 -3.054 4.650
SPIN 3 0 15 14 -1.866 1.339 -5.452
SPIN 3 0 15 15 1.616 -2.000 5.328
SPIN 2 0 15 0 5.738 -1.390 -0.384
SPIN 2 0 15 1 1.173 2.747 5.107
SPIN 2 0 15 2 -1.309 -2.277 5.301
SPIN 2 0 15 3 5.628 1.540 0.979
SPIN 2 0 15 4 5.689 0.931 1.331
SPIN 2 0 15 5 -3.035 -4.968 1.054
SPIN 2 0 15 6 2.777 -2.136 -4.767
SPIN 2 0 15 7 2.233 1.701 5.208
SPIN 2 0 15 8 -2.060 1.245 -5.404
SPIN 2 0 15 9 4.847 2.772 1.954
SPIN 2 0 15 10 -0.456 -5.033 3.076
SPIN 2 0 15 11 1.575 -3.322 4.635
SPIN 2 0 15 12 -2.716 4.910 -1.876
SPIN 2 0 15 13 5.495 0.173 -2.185
SPIN 2 0 15 14 -3.230 -3.001 -3.945
SPIN 2 0 15 15 -2.962 3.532 3.709
SPIN 1 1 0 0 -0.675 -5.173 2.790
SPIN 1 1 0 1 -5.070 -2.967 -0.703
SPIN 1 1 0 2 2.009 4.856 2.717
SPIN 1 1 0 3 0.549 -5.773 1.173
SPIN 1 1 0 4 2.191 -5.487 -0.303
SPIN 1 1 0 5 5.112 -0.114 2.975
SPIN 1 1 0 6 -3.168 1.788 4.665
SPIN 1 1 0 7 -5.415 1.621 -1.747
SPIN 1 1 0 8 3.728 2.896 3.567
SPIN 1 1 0 9 -1.241 -2.573 -5.181
SPIN 1 1 0 10 5.689 1.511 0.593
SPIN 1 1 0 11 4.420 -1.359 -3.690
SPIN 1 1 0 12 0.988 4.861 -3.224
SPIN 1 1 0 13 -3.825 -1.973 4.060
SPIN 1 1 0 14 0.620 -5.871 -0.377
SPIN 1 1 0 15 3.381 4.692 -1.247
SPIN 4 1 0 0 -1.211 4.339 3.835
SPIN 4 1 0 1 -2.729 -1.520 -5.024
SPIN 4 1 0 2 -4.570 -0.437 -3.731
SPIN 4 1 0 3 -0.615 5.518 2.042
SPIN 4 1 0 4 -4.006 -1.123 -4.206
SPIN 4 1 0 5 3.218 -2.399 4.346
SPIN 4 1 0 6 1.537 3.062 4.823
SPIN 4 1 0 7 3.351 4.869 -0.260
SPIN 4 1 0 8 0.975 -5.771 0.865
SPIN 4 1 0 9 -1.634 5.267 2.141
SPIN 4 1 0 10 4.778 -1.418 3.187
SPIN 4 1 0 11 4.632 -1.014 3.538
SPIN 4 1 0 12 0.994 -0.777 -5.780
SPIN 4 1 0 13 1.263 -1.879 -5.466
SPIN 4 1 0 14 4.702 1.612 3.208
SPIN 4 1 0 15 -1.564 -5.557 1.296
SPIN 1 1 1 0 1.188 5.795 -0.040
SPIN 1 1 1 1 1.311 4.071 -4.087
SPIN 1 1 1 2 0.297 -4.381 3.965
SPIN 1 1 1 3 5.665 -0.520 1.623
SPIN 1 1 1 4 -1.834 -2.106 5.216
SPIN 1 1 1 5 5.366 -2.421 -0.586
SPIN 1 1 1 6 -2.199 -2.330 4.974
SPIN 1 1 1 7 -1.407 -5.438 -1.858
SPIN 1 1 1 8 5.832 0.444 0.891
SPIN 1 1 1 9 -3.109 4.396 -2.452
SPIN 1 1 1 10 -2.198 -5.125 -1.977
SPIN 1 1 1 11 -3.684 4.290 1.740
SPIN 1 1 1 12 -4.880 3.274 -0.683
SPIN 1 1 1 13 2.365 4.149 3.491
SPIN 1 1 1 14 -5.181 0.789 -2.745
SPIN 1 1 1 15 -2.884 -5.124 -0.659
SPIN 4 1 1 0 0.306 -5.853 0.803
SPIN 4 1 1 1 2.348 3.660 -4.012
SPIN 4 1 1 2 -3.706 4.611 0.046
SPIN 4 1 1 3 -5.829 1.012 0.029
SPIN 4 1 1 4 -4.173 -1.016 4.069
SPIN 4 1 1 5 -2.138 4.790 2.735
SPIN 4 1 1 6 -2.557 4.669 -2.582
SPIN 4 1 1 7 3.398 -4.338 2.153
SPIN 4 1 1 8 3.802 4.506 -0.485
SPIN 4 1 1 9 5.315 2.562 0.428
SPIN 4 1 1 10 3.047 3.189 3.943
SPIN 4 1 1 11 0.241 -1.171 -5.794
SPIN 4 1 1 12 -0.084 2.910 -5.150
SPIN 4 1 1 13 2.205 3.156 4.492
SPIN 4 1 1 14 -0.897 4.388 -3.866
SPIN 4 1 1 15 -4.272 1.138 -3.931
SPIN 1 1 2 0 4.052 3.895 1.848
SPIN 1 1 2 1 -5.284 -0.025 -2.660
SPIN 1 1 2 2 0.648 4.610 -3.650
SPIN 1 1 2 3 -0.172 -5.639 -1.780
SPIN 1 1 2 4 3.122 5.025 -0.059
SPIN 1 1 2 5 1.439 0.440 -5.722
SPIN 1 1 2 6 1.623 -2.173 -5.258
SPIN 1 1 2 7 -2.535 -0.196 -5.342
SPIN 1 1 2 8 -2.365 -3.131 -4.428
SPIN 1 1 2 9 3.987 0.785 4.299
SPIN 1 1 2 10 -2.068 5.374 1.356
SPIN 1 1 2 11 5.694 -1.477 0.633
SPIN 1 1 2 12 -3.800 0.802 -4.463
SPIN 1 1 2 13 2.599 5.022 -1.738
SPIN 1 1 2 14 5.154 -0.881 2.768
SPIN 1 1 2 15 1.924 -4.403 -3.452
SPIN 4 1 2 0 -5.698 0.907 -1.306
SPIN 4 1 2 1 5.006 -2.312 2.144
SPIN 4 1 2 2 1.601 3.337 -4.615
SPIN 4 1 2 3 -5.866 -0.136 0.758
SPIN 4 1 2 4 -0.476 1.826 -5.607
SPIN 4 1 2 5 3.510 -4.250 2.147
SPIN 4 1 2 6 2.410 -5.396 -0.283
SPIN 4 1 2 7 -3.322 -0.045 4.895
SPIN 4 1 2 8 -5.745 1.379 -0.310
SPIN 4 1 2 9 -4.408 -1.057 -3.802
SPIN 4 1 2 10 -2.606 -5.300 0.338
SPIN 4 1 2 11 1.781 5.092 2.429
SPIN 4 1 2 12 -2.004 -2.872 -4.768
SPIN 4 1 2 13 2.024 2.394 5.017
SPIN 4 1 2 14 -0.736 -3.296 -4.858
SPIN 4 1 2 15 -2.751 -4.010 -3.369
SPIN 1 1 3 0 -3.258 3.989 -2.912
SPIN 1 1 3 1 -0.750 -5.753 1.160
SPIN 1 1 3 2 -4.834 2.964 1.688
SPIN 1 1 3 3 1.460 -0.245 -5.728
SPIN 1 1 3 4 -4.311 0.980 3.931
SPIN 1 1 3 5 1.789 -5.122 2.359
SPIN 1 1 3 6 -1.356 5.230 -2.410
SPIN 1 1 3 7 3.960 3.564 -2.571
SPIN 1 1 3 8 4.170 0.439 -4.174
SPIN 1 1 3 9 1.739 -3.076 4.745
SPIN 1 1 3 10 2.647 -5.288 -0.194
SPIN 1 1 3 11 -3.964 4.093 1.591
SPIN 1 1 3 12 4.187 -2.460 3.379
SPIN 1 1 3 13 4.559 -0.705 -3.704
SPIN 1 1 3 14 0.669 -4.164 4.149
SPIN 1 1 3 15 -2.698 2.564 4.599
SPIN 4 1 3 0 -5.152 1.953 -2.156
SPIN 4 1 3 1 5.785 1.144 0.474
SPIN 4 1 3 2 3.039 -0.658 5.033
SPIN 4 1 3 3 2.618 5.279 -0.525
SPIN 4 1 3 4 1.754 3.440 4.482
SPIN 4 1 3 5 5.108 -2.910 -0.666
SPIN 4 1 3 6 -3.369 3.394 3.483
SPIN 4 1 3 7 4.815 0.494 -3.402
SPIN 4 1 3 8 0.588 -1.569 5.674
SPIN 4 1 3 9 4.972 -3.027 -1.058
SPIN 4 1 3 10 -4.131 -3.945 -1.540
SPIN 4 1 3 11 5.444 2.025 -1.122
SPIN 4 1 3 12 3.754 -4.226 1.745
SPIN 4 1 3 13 -2.604 -1.314 -5.147
SPIN 4 1 3 14 -4.181 -3.881 1.567
SPIN 4 1 3 15 -0.207 -3.377 -4.853
SPIN 1 1 4 0 3.934 -2.047 -3.916
SPIN 1 1 4 1 5.542 -1.333 1.586
SPIN 1 1 4 2 1.220 5.395 2.100
SPIN 1 1 4 3 1.718 4.515 -3.414
SPIN 1 1 4 4 5.166 -2.267 -1.782
SPIN 1 1 4 5 -1.076 4.198 -4.028
SPIN 1 1 4 6 -1.059 -2.949 -5.018
SPIN 1 1 4 7 2.781 -2.100 4.781
SPIN 1 1 4 8 1.404 -5.254 -2.329
SPIN 1 1 4 9 4.105 4.243 -0.376
SPIN 1 1 4 10 -2.087 3.312 -4.436
SPIN 1 1 4 11 1.514 5.716 0.193
SPIN 1 1 4 12 0.699 -3.139 4.966
SPIN 1 1 4 13 -2.411 -0.817 5.340
SPIN 1 1 4 14 0.252 5.296 2.624
SPIN 1 1 4 15 -5.206 -1.815 2.145
SPIN 4 1 4 0 -2.692 -3.303 4.104
SPIN 4 1 4 1 -0.986 5.536 1.838
SPIN 4 1 4 2 -5.742 0.308 1.392
SPIN 4 1 4 3 -4.995 -3.127 0.526
SPIN 4 1 4 4 0.216 0.696 -5.871
SPIN 4 1 4 5 -1.322 5.419 -1.972
SPIN 4 1 4 6 3.128 -4.296 2.600
SPIN 4 1 4 7 5.442 2.321 0.002
SPIN 4 1 4 8 -3.396 3.510 -3.338
SPIN 4 1 4 9 1.131 -5.133 2.715
SPIN 4 1 4 10 1.391 -1.448 5.565
SPIN 4 1 4 11 -5.757 1.318 0.354
SPIN 4 1 4 12 3.812 4.481 -0.628
SPIN 4 1 4 13 -3.984 -1.375 4.152
SPIN 4 1 4 14 5.303 -2.587 -0.423
SPIN 4 1 4 15 1.125 -0.251 -5.803
SPIN 1 1 5 0 0.274 -3.969 4.378
SPIN 1 1 5 1 -0.632 5.339 -2.470
SPIN 1 1 5 2 -0.687 -1.998 5.526
SPIN 1 1 5 3 5.337 2.234 1.234
SPIN 1 1 5 4 -0.767 5.864 -0.144
SPIN 1 1 5 5 4.407 -3.869 -0.780
SPIN 1 1 5 6 -4.032 -3.537 -2.496
SPIN 1 1 5 7 -0.789 -3.158 -4.940
SPIN 1 1 5 8 -1.552 -1.714 -5.445
SPIN 1 1 5 9 4.260 2.418 -3.318
SPIN 1 1 5 10 5.204 -0.950 -2.649
SPIN 1 1 5 11 -4.655 2.434 2.722
SPIN 1 1 5 12 0.048 -5.643 1.777
SPIN 1 1 5 13 1.331 -4.365 3.765
SPIN 1 1 5 14 -2.046 0.023 -5.551
SPIN 1 1 5 15 -0.067 -2.071 -5.541
SPIN 4 1 5 0 3.985 -1.075 -4.238
SPIN 4 1 5 1 -5.177 2.600 1.199
SPIN 4 1 5 2 2.692 -4.590 -2.587
SPIN 4 1 5 3 -4.435 2.273 3.189
SPIN 4 1 5 4 -1.663 1.690 -5.420
SPIN 4 1 5 5 -1.260 -1.191 5.656
SPIN 4 1 5 6 1.919 3.284 -4.532
SPIN 4 1 5 7 1.953 -2.682 4.899
SPIN 4 1 5 8 -1.839 3.948 4.003
SPIN 4 1 5 9 -0.998 3.859 4.372
SPIN 4 1 5 10 1.512 -0.765 -5.668
SPIN 4 1 5 11 -0.084 -3.974 4.382
SPIN 4 1 5 12 -0.354 5.844 -0.847
SPIN 4 1 5 13 4.665 -0.290 -3.627
SPIN 4 1 5 14 -3.950 3.575 -2.573
SPIN 4 1 5 15 3.871 -0.915 4.380
SPIN 1 1 6 0 -5.058 2.168 -2.172
SPIN 1 1 6 1 1.361 3.958 -4.181
SPIN 1 1 6 2 -4.653 1.263 3.428
SPIN 1 1 6 3 3.820 -4.373 1.133
SPIN 1 1 6 4 5.881 0.155 0.624
SPIN 1 1 6 5 4.731 -3.005 -1.893
SPIN 1 1 6 6 4.269 -3.339 2.372
SPIN 1 1 6 7 -3.427 3.156 -3.646
SPIN 1 1 6 8 -0.900 -0.149 -5.845
SPIN 1 1 6 9 1.606 -1.677 5.441
SPIN 1 1 6 10 4.733 3.548 0.094
SPIN 1 1 6 11 2.271 -2.844 4.664
SPIN 1 1 6 12 2.544 4.288 -3.185
SPIN 1 1 6 13 -3.305 -4.904 -0.183
SPIN 1 1 6 14 -0.795 -5.821 -0.698
SPIN 1 1 6 15 0.528 -3.631 4.641
SPIN 4 1 6 0 -0.959 -5.658 -1.437
SPIN 4 1 6 1 0.748 -3.889 -4.395
SPIN 4 1 6 2 -3.413 3.890 2.867
SPIN 4 1 6 3 3.942 -4.403 0.278
SPIN 4 1 6 4 3.999 -1.256 4.175
SPIN 4 1 6 5 -5.858 -0.532 -0.632
SPIN 4 1 6 6 -4.503 -1.379 3.581
SPIN 4 1 6 7 -4.004 0.389 -4.338
SPIN 4 1 6 8 -1.673 -4.013 4.012
SPIN 4 1 6 9 3.036 0.300 -5.069
SPIN 4 1 6 10 -2.308 5.218 1.564
SPIN 4 1 6 11 2.063 -0.789 5.489
SPIN 4 1 6 12 1.793 3.613 4.328
SPIN 4 1 6 13 -2.623 -5.140 1.305
SPIN 4 1 6 14 3.355 4.108 2.620
SPIN 4 1 6 15 -5.685 -1.636 0.084
SPIN 1 1 7 0 3.873 -4.464 0.263
SPIN 1 1 7 1 -1.781 1.214 5.510
SPIN 1 1 7 2 2.927 -3.439 -3.822
SPIN 1 1 7 3 -2.645 -0.920 5.211
SPIN 1 1 7 4 -4.635 -0.220 -3.670
SPIN 1 1 7 5 -3.871 -4.242 -1.421
SPIN 1 1 7 6 -4.799 0.805 -3.364
SPIN 1 1 7 7 1.122 -1.315 5.658
SPIN 1 1 7 8 1.620 3.919 -4.125
SPIN 1 1 7 9 -3.952 2.586 -3.563
SPIN 1 1 7 10 3.333 -4.607 -1.633
SPIN 1 1 7 11 -3.823 1.875 -4.108
SPIN 1 1 7 12 -4.767 3.340 -1.060
SPIN 1 1 7 13 1.760 2.812 4.899
SPIN 1 1 7 14 0.311 5.364 2.476
SPIN 1 1 7 15 -2.888 -3.807 3.488
SPIN 4 1 7 0 5.791 -1.211 -0.026
SPIN 4 1 7 1 -0.805 5.531 1.938
SPIN 4 1 7 2 -3.392 -4.847 0.004
SPIN 4 1 7 3 4.963 2.497 -2.034
SPIN 4 1 7 4 -4.686 3.104 -1.845
SPIN 4 1 7 5 2.461 0.727 -5.331
SPIN 4 1 7 6 1.847 2.870 -4.832
SPIN 4 1 7 7 -3.707 1.701 4.286
SPIN 4 1 7 8 4.871 2.459 -2.286
SPIN 4 1 7 9 -0.917 4.301 3.958
SPIN 4 1 7 10 -1.353 1.729 5.494
SPIN 4 1 7 11 -1.528 3.154 -4.767
SPIN 4 1 7 12 1.884 -5.160 -2.196
SPIN 4 1 7 13 -0.862 2.820 5.129
SPIN 4 1 7 14 0.751 -5.081 -2.935
SPIN 4 1 7 15 -1.562 2.818 -4.962
SPIN 1 1 8 0 -3.573 -4.157 -2.225
SPIN 1 1 8 1 -1.800 -3.597 -4.339
SPIN 1 1 8 2 3.498 1.653 4.476
SPIN 1 1 8 3 3.169 -4.388 -2.388
SPIN 1 1 8 4 -2.872 4.545 -2.470
SPIN 1 1 8 5 5.616 1.455 -1.159
SPIN 1 1 8 6 0.343 -1.427 5.731
SPIN 1 1 8 7 -4.985 1.346 -2.888
SPIN 1 1 8 8 5.048 -2.042 -2.313
SPIN 1 1 8 9 3.865 4.305 1.238
SPIN 1 1 8 10 -0.169 2.439 -5.387
SPIN 1 1 8 11 -3.653 1.792 4.294
SPIN 1 1 8 12 -1.451 -4.518 3.533
SPIN 1 1 8 13 4.600 -0.356 3.704
SPIN 1 1 8 14 3.465 -2.476 4.106
SPIN 1 1 8 15 3.646 4.498 -1.215
SPIN 4 1 8 0 -2.944 1.664 4.855
SPIN 4 1 8 1 0.661 5.389 -2.349
SPIN 4 1 8 2 5.230 0.443 -2.730
SPIN 4 1 8 3 -4.442 -3.408 -1.912
SPIN 4 1 8 4 4.844 0.730 -3.317
SPIN 4 1 8 5 -4.986 2.030 -2.454
SPIN 4 1 8 6 1.475 -4.715 3.255
SPIN 4 1 8 7 5.224 -0.519 -2.728
SPIN 4 1 8 8 -3.785 3.793 -2.508
SPIN 4 1 8 9 0.867 2.278 5.391
SPIN 4 1 8 10 -2.294 -4.476 -3.115
SPIN 4 1 8 11 1.898 5.371 -1.597
SPIN 4 1 8 12 -0.915 4.863 3.243
SPIN 4 1 8 13 -5.558 -2.026 -0.046
SPIN 4 1 8 14 2.832 -4.792 -2.004
SPIN 4 1 8 15 2.296 5.452 -0.083
SPIN 1 1 9 0 -3.487 0.830 4.707
SPIN 1 1 9 1 2.727 -4.993 -1.623
SPIN 1 1 9 2 -2.131 1.583 -5.287
SPIN 1 1 9 3 0.461 5.852 0.738
SPIN 1 1 9 4 -2.936 -4.233 2.909
SPIN 1 1 9 5 2.985 0.746 -5.053
SPIN 1 1 9 6 2.600 5.258 0.770
SPIN 1 1 9 7 -2.705 -4.693 2.379
SPIN 1 1 9 8 -2.459 3.663 3.941
SPIN 1 1 9 9 -2.453 -1.741 -5.094
SPIN 1 1 9 10 -5.123 -1.172 2.718
SPIN 1 1 9 11 -2.449 -5.192 -1.431
SPIN 1 1 9 12 -0.450 -2.143 -5.496
SPIN 1 1 9 13 3.900 -4.381 -0.777
SPIN 1 1 9 14 -0.438 3.951 -4.381
SPIN 1 1 9 15 -1.642 -5.278 2.110
SPIN 4 1 9 0 -2.133 4.395 3.337
SPIN 4 1 9 1 -5.500 -2.043 -0.758
SPIN 4 1 9 2 -5.330 -1.758 -1.870
SPIN 4 1 9 3 1.360 5.756 0.122
SPIN 4 1 9 4 -4.345 3.947 -0.737
SPIN 4 1 9 5 1.358 2.209 5.317
SPIN 4 1 9 6 -4.858 0.367 3.356
SPIN 4 1 9 7 2.377 -2.428 -4.843
SPIN 4 1 9 8 -0.149 1.067 5.817
SPIN 4 1 9 9 -4.170 0.688 -4.140
SPIN 4 1 9 10 -0.473 4.976 3.165
SPIN 4 1 9 11 3.817 -1.673 4.199
SPIN 4 1 9 12 -4.166 -3.997 1.292
SPIN 4 1 9 13 3.408 3.856 -2.919
SPIN 4 1 9 14 5.484 2.118 0.663
SPIN 4 1 9 15 -3.324 2.895 3.946
SPIN 1 1 10 0 -2.215 -3.081 -4.539
SPIN 1 1 10 1 -4.618 3.693 -0.182
SPIN 1 1 10 2 0.932 -5.838 0.211
SPIN 1 1 10 3 4.560 -1.928 3.239
SPIN 1 1 10 4 2.788 2.578 -4.536
SPIN 1 1 10 5 4.242 -3.585 -2.039
SPIN 1 1 10 6 -3.726 -3.365 3.129
SPIN 1 1 10 7 -0.193 4.917 3.284
SPIN 1 1 10 8 -4.167 1.249 -4.009
SPIN 1 1 10 9 -1.108 -5.692 -1.174
SPIN 1 1 10 10 -3.935 1.670 -4.090
SPIN 1 1 10 11 -3.322 4.220 2.481
SPIN 1 1 10 12 -1.980 1.123 -5.461
SPIN 1 1 10 13 -5.041 -2.295 -2.078
SPIN 1 1 10 14 -0.742 -3.479 -4.727
SPIN 1 1 10 15 1.884 3.536 4.352
SPIN 4 1 10 0 1.656 4.858 -2.942
SPIN 4 1 10 1 3.189 2.653 4.218
SPIN 4 1 10 2 -3.435 4.680 1.137
SPIN 4 1 10 3 -4.697 3.524 0.718
SPIN 4 1 10 4 1.001 5.831 -0.015
SPIN 4 1 10 5 1.185 -5.773 0.515
SPIN 4 1 10 6 2.873 1.379 4.985
SPIN 4 1 10 7 0.742 -5.856 -0.397
SPIN 4 1 10 8 -1.769 2.034 -5.266
SPIN 4 1 10 9 1.702 0.597 5.635
SPIN 4 1 10 10 -4.535 2.517 2.846
SPIN 4 1 10 11 2.448 4.779 -2.483
SPIN 4 1 10 12 1.677 -3.883 -4.136
SPIN 4 1 10 13 -1.192 1.854 5.490
SPIN 4 1 10 14 3.348 -2.528 -4.171
SPIN 4 1 10 15 3.776 -3.550 2.853
SPIN 1 1 11 0 1.549 1.348 -5.548
SPIN 1 1 11 1 0.877 1.954 -5.515
SPIN 1 1 11 2 -4.248 1.900 3.654
SPIN 1 1 11 3 3.226 -2.925 -4.005
SPIN 1 1 11 4 2.672 3.574 3.884
SPIN 1 1 11 5 -1.244 4.620 -3.480
SPIN 1 1 11 6 -0.629 4.496 3.793
SPIN 1 1 11 7 3.648 -3.503 -3.069
SPIN 1 1 11 8 -4.209 -4.145 0.316
SPIN 1 1 11 9 2.821 4.387 -2.791
SPIN 1 1 11 10 -4.989 -2.833 1.443
SPIN 1 1 11 11 3.164 -4.445 -2.286
SPIN 1 1 11 12 -4.359 3.331 2.213
SPIN 1 1 11 13 5.197 -2.395 -1.503
SPIN 1 1 11 14 0.187 3.365 4.862
SPIN 1 1 11 15 -4.898 0.949 3.180
SPIN 4 1 11 0 -1.141 -1.780 5.525
SPIN 4 1 11 1 -0.268 -3.163 -4.992
SPIN 4 1 11 2 -3.086 4.913 1.160
SPIN 4 1 11 3 0.308 -0.393 -5.895
SPIN 4 1 11 4 -3.874 0.041 -4.471
SPIN 4 1 11 5 3.322 1.562 4.640
SPIN 4 1 11 6 -0.136 -4.660 -3.643
SPIN 4 1 11 7 -4.660 0.568 -3.601
SPIN 4 1 11 8 3.302 3.826 3.076
SPIN 4 1 11 9 5.667 0.804 -1.497
SPIN 4 1 11 10 4.556 -3.661 0.913
SPIN 4 1 11 11 -1.540 2.086 -5.318
SPIN 4 1 11 12 -2.679 1.418 5.080
SPIN 4 1 11 13 3.094 2.518 -4.369
SPIN 4 1 11 14 1.746 5.649 0.207
SPIN 4 1 11 15 -4.201 -0.508 4.134
SPIN 1 1 12 0 4.174 1.157 -4.030
SPIN 1 1 12 1 -5.277 2.672 0.098
SPIN 1 1 12 2 3.302 -2.216 4.380
SPIN 1 1 12 3 -5.080 1.240 -2.767
SPIN 1 1 12 4 1.974 -2.875 -4.779
SPIN 1 1 12 5 1.347 -0.999 5.674
SPIN 1 1 12 6 -3.738 4.573 0.345
SPIN 1 1 12 7 -3.181 -4.393 2.362
SPIN 1 1 12 8 -5.830 -1.005 -0.079
SPIN 1 1 12 9 5.815 -0.543 0.946
SPIN 1 1 12 10 1.210 -5.370 2.167
SPIN 1 1 12 11 1.381 0.584 5.723
SPIN 1 1 12 12 -0.588 -2.840 -5.156
SPIN 1 1 12 13 -4.778 -0.771 -3.403
SPIN 1 1 12 14 1.348 5.680 -0.960
SPIN 1 1 12 15 -3.012 -3.345 -3.839
SPIN 4 1 12 0 -3.926 -2.318 -3.770
SPIN 4 1 12 1 -2.997 -4.771 -1.804
SPIN 4 1 12 2 5.524 1.652 1.324
SPIN 4 1 12 3 -5.268 0.973 -2.509
SPIN 4 1 12 4 2.065 -1.136 5.426
SPIN 4 1 12 5 -2.038 -1.822 -5.247
SPIN 4 1 12 6 5.700 -1.579 -0.141
SPIN 4 1 12 7 1.729 4.713 -3.130
SPIN 4 1 12 8 0.519 -5.706 -1.475
SPIN 4 1 12 9 -5.494 2.154 0.418
SPIN 4 1 12 10 1.996 5.359 1.515
SPIN 4 1 12 11 -1.757 -1.238 -5.512
SPIN 4 1 12 12 2.640 2.161 4.834
SPIN 4 1 12 13 -0.393 -3.408 -4.820
SPIN 4 1 12 14 2.828 3.799 3.546
SPIN 4 1 12 15 5.731 0.063 -1.469
SPIN 1 1 13 0 -2.394 5.375 0.612
SPIN 1 1 13 1 5.382 0.007 2.456
SPIN 1 1 13 2 -2.129 -3.961 3.844
SPIN 1 1 13 3 4.882 -2.065 2.627
SPIN 1 1 13 4 -0.198 2.153 -5.507
SPIN 1 1 13 5 2.082 -1.718 -5.264
SPIN 1 1 13 6 -3.852 1.664 4.170
SPIN 1 1 13 7 4.882 -1.169 -3.130
SPIN 1 1 13 8 -5.486 -0.220 2.203
SPIN 1 1 13 9 -0.447 -3.628 -4.652
SPIN 1 1 13 10 1.169 -5.558 1.657
SPIN 1 1 13 11 5.145 -0.371 -2.897
SPIN 1 1 13 12 -1.516 1.541 -5.507
SPIN 1 1 13 13 0.419 -5.357 2.476
SPIN 1 1 13 14 -3.943 2.763 -3.438
SPIN 1 1 13 15 -0.278 -5.533 -2.076
SPIN 4 1 13 0 -2.209 -1.799 -5.185
SPIN 4 1 13 1 0.386 3.470 -4.776
SPIN 4 1 13 2 -4.619 1.925 3.156
SPIN 4 1 13 3 -5.157 2.358 -1.687
SPIN 4 1 13 4 3.957 -4.341 -0.707
SPIN 4 1 13 5 5.636 -0.932 1.538
SPIN 4 1 13 6 1.228 0.789 -5.733
SPIN 4 1 13 7 -2.989 -5.081 0.503
SPIN 4 1 13 8 1.277 4.095 -4.074
SPIN 4 1 13 9 -1.173 1.205 -5.672
SPIN 4 1 13 10 2.759 2.913 4.348
SPIN 4 1 13 11 4.590 0.713 3.663
SPIN 4 1 13 12 0.485 1.110 -5.791
SPIN 4 1 13 13 1.354 -0.089 5.758
SPIN 4 1 13 14 -0.163 2.566 5.328
SPIN 4 1 13 15 -0.626 -5.695 1.474
SPIN 1 1 14 0 -2.672 -4.513 -2.738
SPIN 1 1 14 1 -3.068 4.609 -2.085
SPIN 1 1 14 2 3.698 -3.992 2.322
SPIN 1 1 14 3 5.601 -1.594 -1.043
SPIN 1 1 14 4 -1.703 -2.638 -5.014
SPIN 1 1 14 5 0.475 0.787 -5.844
SPIN 1 1 14 6 -5.213 -2.411 1.419
SPIN 1 1 14 7 -4.300 -3.978 -0.828
SPIN 1 1 14 8 5.613 1.404 -1.233
SPIN 1 1 14 9 3.084 -0.866 -4.974
SPIN 1 1 14 10 -1.725 -3.266 -4.622
SPIN 1 1 14 11 0.959 -5.837 -0.099
SPIN 1 1 14 12 -5.414 -0.349 2.360
SPIN 1 1 14 13 5.061 -3.063 -0.091
SPIN 1 1 14 14 3.529 -2.837 -3.808
SPIN 1 1 14 15 3.372 1.541 4.611
SPIN 4 1 14 0 -2.340 1.779 5.134
SPIN 4 1 14 1 1.789 -3.472 4.444
SPIN 4 1 14 2 -0.392 0.020 -5.903
SPIN 4 1 14 3 -2.918 -2.916 4.241
SPIN 4 1 14 4 -5.837 0.454 -0.850
SPIN 4 1 14 5 2.019 -5.555 -0.249
SPIN 4 1 14 6 -0.467 4.685 3.582
SPIN 4 1 14 7 0.660 4.964 -3.149
SPIN 4 1 14 8 -5.626 0.177 -1.821
SPIN 4 1 14 9 -4.652 -0.067 3.654
SPIN 4 1 14 10 5.285 0.411 2.627
SPIN 4 1 14 11 2.237 3.329 -4.349
SPIN 4 1 14 12 1.020 3.043 4.970
SPIN 4 1 14 13 5.265 -2.669 -0.398
SPIN 4 1 14 14 -3.283 1.729 -4.608
SPIN 4 1 14 15 -4.236 1.408 3.882
SPIN 1 1 15 0 -3.168 4.723 1.630
SPIN 1 1 15 1 1.322 -5.634 1.227
SPIN 1 1 15 2 -2.853 -5.031 -1.245
SPIN 1 1 15 3 1.365 4.421 3.687
SPIN 1 1 15 4 0.716 3.341 4.830
SPIN 1 1 15 5 3.243 4.946 -0.156
SPIN 1 1 15 6 -4.540 2.521 2.835
SPIN 1 1 15 7 5.877 -0.617 -0.291
SPIN 1 1 15 8 -5.560 0.880 1.821
SPIN 1 1 15 9 -2.225 1.442 5.289
SPIN 1 1 15 10 -1.721 3.168 -4.691
SPIN 1 1 15 11 -4.986 -0.390 3.161
SPIN 1 1 15 12 -4.850 -2.341 -2.449
SPIN 1 1 15 13 0.423 5.559 -1.980
SPIN 1 1 15 14 -4.374 3.971 0.315
SPIN 1 1 15 15 -2.634 -2.541 -4.648
SPIN 4 1 15 0 3.585 -4.617 -0.910
SPIN 4 1 15 1 0.492 -0.547 -5.870
SPIN 4 1 15 2 0.284 1.378 5.746
SPIN 4 1 15 3 2.439 0.493 -5.367
SPIN 4 1 15 4 -3.128 -1.641 -4.746
SPIN 4 1 15 5 -1.191 2.618 5.170
SPIN 4 1 15 6 2.322 -5.262 -1.388
SPIN 4 1 15 7 -4.113 0.157 -4.250
SPIN 4 1 15 8 2.335 -3.247 4.359
SPIN 4 1 15 9 3.395 -3.561 -3.286
SPIN 4 1 15 10 -0.181 2.734 5.243
SPIN 4 1 15 11 -3.310 -4.070 2.734
SPIN 4 1 15 12 -4.899 -3.084 1.222
SPIN 4 1 15 13 -0.942 2.884 -5.079
SPIN 4 1 15 14 -3.479 -4.753 -0.551
SPIN 4 1 15 15 2.862 4.397 -2.735
SPIN 3 1 0 0 -1.634 0.003 5.686
SPIN 3 1 0 1 3.295 4.429 -2.129
SPIN 3 1 0 2 -5.051 -2.004 2.338
SPIN 3 1 0 3 -3.095 1.551 -4.798
SPIN 3 1 0 4 -5.220 -2.765 0.330
SPIN 3 1 0 5 1.898 2.912 4.788
SPIN 3 1 0 6 5.866 0.723 -0.263
SPIN 3 1 0 7 -5.663 -0.107 1.710
SPIN 3 1 0 8 -5.402 -0.292 -2.395
SPIN 3 1 0 9 -4.504 0.850 -3.740
SPIN 3 1 0 10 5.870 0.051 0.738
SPIN 3 1 0 11 -5.522 -1.439 -1.560
SPIN 3 1 0 12 -4.217 3.841 -1.571
SPIN 3 1 0 13 -2.412 2.058 4.995
SPIN 3 1 0 14 -0.998 5.582 -1.686
SPIN 3 1 0 15 0.077 -5.193 2.833
SPIN 2 1 0 0 2.128 -2.322 -5.008
SPIN 2 1 0 1 -2.214 -4.802 -2.654
SPIN 2 1 0 2 -1.219 3.200 -4.824
SPIN 2 1 0 3 1.392 -5.672 -0.944
SPIN 2 1 0 4 2.228 -4.923 2.408
SPIN 2 1 0 5 2.603 3.542 3.960
SPIN 2 1 0 6 -0.448 2.899 -5.138
SPIN 2 1 0 7 2.094 -4.916 -2.540
SPIN 2 1 0 8 -3.149 4.198 2.731
SPIN 2 1 0 9 3.951 -3.219 -3.005
SPIN 2 1 0 10 -1.975 -4.607 -3.142
SPIN 2 1 0 11 -5.288 2.495 -0.900
SPIN 2 1 0 12 5.136 -2.326 -1.792
SPIN 2 1 0 13 -5.201 -2.616 1.052
SPIN 2 1 0 14 1.626 -5.355 -1.919
SPIN 2 1 0 15 -4.739 -0.976 -3.404
SPIN 3 1 1 0 -3.687 -1.280 -4.446
SPIN 3 1 1 1 -5.462 -1.171 1.947
SPIN 3 1 1 2 1.000 -5.552 -1.782
SPIN 3 1 1 3 5.242 2.394 1.340
SPIN 3 1 1 4 -3.311 -4.336 2.289
SPIN 3 1 1 5 -1.657 -2.337 -5.176
SPIN 3 1 1 6 -1.324 -0.716 -5.721
SPIN 3 1 1 7 0.419 -0.648 5.866
SPIN 3 1 1 8 3.944 0.477 4.384
SPIN 3 1 1 9 -0.649 -4.533 3.746
SPIN 3 1 1 10 -5.591 0.574 -1.848
SPIN 3 1 1 11 5.392 2.382 -0.503
SPIN 3 1 1 12 2.818 2.817 4.373
SPIN 3 1 1 13 1.342 0.138 -5.760
SPIN 3 1 1 14 3.160 -0.972 4.906
SPIN 3 1 1 15 -5.092 2.416 -1.798
SPIN 2 1 1 0 1.901 -2.090 5.198
SPIN 2 1 1 1 3.670 -3.028 3.516
SPIN 2 1 1 2 -2.019 -4.738 -2.911
SPIN 2 1 1 3 -0.187 3.826 -4.508
SPIN 2 1 1 4 -1.402 0.269 -5.741
SPIN 2 1 1 5 -0.537 -2.913 -5.121
SPIN 2 1 1 6 5.073 1.827 2.435
SPIN 2 1 1 7 -1.389 4.172 3.957
SPIN 2 1 1 8 -2.754 2.838 -4.400
SPIN 2 1 1 9 3.201 3.910 3.077
SPIN 2 1 1 10 -2.077 0.577 -5.509
SPIN 2 1 1 11 -5.452 -0.737 2.176
SPIN 2 1 1 12 5.483 2.005 0.957
SPIN 2 1 1 13 -1.039 -5.217 2.589
SPIN 2 1 1 14 2.725 1.832 -4.921
SPIN 2 1 1 15 5.362 -2.429 0.594
SPIN 3 1 2 0 -1.199 -0.931 -5.718
SPIN 3 1 2 1 -2.707 2.940 4.362
SPIN 3 1 2 2 -3.478 -2.696 -3.954
SPIN 3 1 2 3 4.992 -2.667 1.721
SPIN 3 1 2 4 -2.866 -1.009 5.076
SPIN 3 1 2 5 5.352 -0.803 2.390
SPIN 3 1 2 6 -5.789 1.215 -0.102
SPIN 3 1 2 7 5.855 0.743 -0.407
SPIN 3 1 2 8 -4.704 1.123 3.408
SPIN 3 1 2 9 -1.415 -4.214 3.904
SPIN 3 1 2 10 -5.249 2.495 -1.109
SPIN 3 1 2 11 -2.121 -1.985 5.154
SPIN 3 1 2 12 5.049 2.971 0.829
SPIN 3 1 2 13 -3.184 -4.063 -2.890
SPIN 3 1 2 14 0.886 0.193 5.846
SPIN 3 1 2 15 -0.326 -5.907 -0.053
SPIN 2 1 2 0 -1.006 -0.371 5.818
SPIN 2 1 2 1 0.585 0.057 5.887
SPIN 2 1 2 2 5.741 1.408 -0.245
SPIN 2 1 2 3 2.352 -1.593 5.190
SPIN 2 1 2 4 5.107 -1.874 -2.325
SPIN 2 1 2 5 -1.554 0.488 5.688
SPIN 2 1 2 6 -2.055 -5.038 2.323
SPIN 2 1 2 7 3.152 -3.742 -3.327
SPIN 2 1 2 8 2.161 4.309 3.430
SPIN 2 1 2 9 -3.515 -4.746 -0.343
SPIN 2 1 2 10 5.031 -1.885 2.476
SPIN 2 1 2 11 -2.389 -2.373 -4.864
SPIN 2 1 2 12 2.023 -5.538 -0.491
SPIN 2 1 2 13 -0.749 3.154 -4.949
SPIN 2 1 2 14 -1.011 4.705 3.442
SPIN 2 1 2 15 -1.588 5.516 -1.433
SPIN 3 1 3 0 1.130 -0.466 5.788
SPIN 3 1 3 1 -2.938 -1.660 -4.860
SPIN 3 1 3 2 -2.669 -2.294 -4.755
SPIN 3 1 3 3 3.215 3.909 3.063
SPIN 3 1 3 4 1.099 3.480 -4.657
SPIN 3 1 3 5 3.595 -1.222 -4.536
SPIN 3 1 3 6 1.025 4.774 3.341
SPIN 3 1 3 7 -0.752 -5.865 0.187
SPIN 3 1 3 8 1.346 4.201 3.942
SPIN 3 1 3 9 5.115 -0.779 -2.869
SPIN 3 1 3 10 3.581 4.246 2.037
SPIN 3 1 3 11 5.880 0.065 -0.647
SPIN 3 1 3 12 -4.138 -0.927 4.125
SPIN 3 1 3 13 0.706 5.360 2.403
SPIN 3 1 3 14 -0.005 -0.924 -5.844
SPIN 3 1 3 15 5.202 0.373 -2.793
SPIN 2 1 3 0 -3.809 -4.270 1.503
SPIN 2 1 3 1 2.445 -1.830 -5.067
SPIN 2 1 3 2 0.985 1.734 5.570
SPIN 2 1 3 3 4.938 -2.369 2.238
SPIN 2 1 3 4 -4.860 -3.305 0.676
SPIN 2 1 3 5 -2.492 -2.276 -4.859
SPIN 2 1 3 6 -4.805 -2.554 2.322
SPIN 2 1 3 7 -3.387 2.014 -4.413
SPIN 2 1 3 8 5.230 2.759 0.187
SPIN 2 1 3 9 -4.080 -3.969 1.613
SPIN 2 1 3 10 -4.134 2.884 -3.097
SPIN 2 1 3 11 3.204 4.969 -0.202
SPIN 2 1 3 12 1.325 0.547 -5.740
SPIN 2 1 3 13 3.972 -3.057 3.142
SPIN 2 1 3 14 5.400 -2.107 -1.182
SPIN 2 1 3 15 4.491 0.199 3.846
SPIN 3 1 4 0 -2.410 -0.986 5.312
SPIN 3 1 4 1 2.166 4.686 -2.889
SPIN 3 1 4 2 -0.736 -0.362 5.859
SPIN 3 1 4 3 -2.205 -5.254 -1.591
SPIN 3 1 4 4 -0.401 3.113 5.015
SPIN 3 1 4 5 4.058 -2.931 3.153
SPIN 3 1 4 6 2.564 4.354 3.077
SPIN 3 1 4 7 -5.368 0.692 2.389
SPIN 3 1 4 8 -4.948 2.261 -2.324
SPIN 3 1 4 9 -4.331 3.953 -0.785
SPIN 3 1 4 10 4.670 -1.320 3.383
SPIN 3 1 4 11 -5.221 -1.874 -2.056
SPIN 3 1 4 12 3.674 4.143 2.082
SPIN 3 1 4 13 -0.633 -3.418 -4.787
SPIN 3 1 4 14 -5.524 2.114 0.096
SPIN 3 1 4 15 5.038 -3.005 -0.769
SPIN 2 1 4 0 -0.918 1.616 -5.617
SPIN 2 1 4 1 -1.270 -4.168 -4.002
SPIN 2 1 4 2 -2.536 2.461 4.745
SPIN 2 1 4 3 1.714 0.833 -5.601
SPIN 2 1 4 4 -1.561 -1.327 -5.550
SPIN 2 1 4 5 -2.897 0.697 5.111
SPIN 2 1 4 6 -0.058 -5.908 -0.301
SPIN 2 1 4 7 3.314 3.998 -2.834
SPIN 2 1 4 8 0.513 -4.693 3.565
SPIN 2 1 4 9 3.099 -0.526 -5.012
SPIN 2 1 4 10 5.775 -1.274 -0.174
SPIN 2 1 4 11 -0.530 3.979 -4.346
SPIN 2 1 4 12 -3.844 4.205 1.594
SPIN 2 1 4 13 -4.852 -1.819 -2.855
SPIN 2 1 4 14 5.285 -0.943 2.486
SPIN 2 1 4 15 -2.403 -2.148 4.961
SPIN 3 1 5 0 3.360 -4.021 2.747
SPIN 3 1 5 1 -0.200 -4.346 -4.009
SPIN 3 1 5 2 -2.288 0.131 5.454
SPIN 3 1 5 3 5.329 2.570 -0.021
SPIN 3 1 5 4 4.181 -3.274 2.608
SPIN 3 1 5 5 -3.195 4.237 -2.614
SPIN 3 1 5 6 -0.666 -0.314 -5.870
SPIN 3 1 5 7 3.594 3.447 -3.194
SPIN 3 1 5 8 1.173 -3.468 -4.647
SPIN 3 1 5 9 4.424 2.194 3.258
SPIN 3 1 5 10 -2.741 -0.816 5.179
SPIN 3 1 5 11 3.415 0.735 -4.775
SPIN 3 1 5 12 4.160 3.959 -1.421
SPIN 3 1 5 13 -3.744 4.574 0.251
SPIN 3 1 5 14 1.028 5.818 0.302
SPIN 3 1 5 15 2.928 5.141 -0.004
SPIN 2 1 5 0 5.645 1.220 1.284
SPIN 2 1 5 1 4.267 2.073 3.534
SPIN 2 1 5 2 1.999 -4.999 2.452
SPIN 2 1 5 3 2.286 1.197 5.324
SPIN 2 1 5 4 1.336 1.449 5.578
SPIN 2 1 5 5 -3.001 4.136 -2.982
SPIN 2 1 5 6 2.894 3.646 3.652
SPIN 2 1 5 7 3.871 -0.082 4.473
SPIN 2 1 5 8 -4.370 -1.427 -3.724
SPIN 2 1 5 9 5.441 0.629 -2.236
SPIN 2 1 5 10 -5.641 -0.761 1.611
SPIN 2 1 5 11 5.164 -2.823 0.602
SPIN 2 1 5 12 5.082 -2.291 1.981
SPIN 2 1 5 13 4.773 3.446 0.580
SPIN 2 1 5 14 -3.671 -0.872 4.557
SPIN 2 1 5 15 2.404 -5.277 1.173
SPIN 3 1 6 0 -2.299 -3.958 -3.748
SPIN 3 1 6 1 5.241 2.430 1.275
SPIN 3 1 6 2 4.427 2.592 2.946
SPIN 3 1 6 3 -0.075 -5.872 0.718
SPIN 3 1 6 4 3.111 4.642 -1.941
SPIN 3 1 6 5 -5.876 0.069 0.682
SPIN 3 1 6 6 3.744 0.959 -4.479
SPIN 3 1 6 7 4.726 -0.157 3.556
SPIN 3 1 6 8 -5.293 0.313 2.624
SPIN 3 1 6 9 -0.635 -5.100 2.930
SPIN 3 1 6 10 -2.504 5.091 -1.676
SPIN 3 1 6 11 -3.064 -5.053 0.279
SPIN 3 1 6 12 -2.759 5.065 -1.315
SPIN 3 1 6 13 5.520 0.844 1.953
SPIN 3 1 6 14 -5.491 -0.285 -2.183
SPIN 3 1 6 15 5.185 -0.027 2.848
SPIN 2 1 6 0 -0.790 -4.734 -3.459
SPIN 2 1 6 1 -4.307 3.417 2.186
SPIN 2 1 6 2 0.312 1.255 -5.773
SPIN 2 1 6 3 -5.478 0.335 2.209
SPIN 2 1 6 4 4.224 2.307 -3.440
SPIN 2 1 6 5 -2.915 -5.147 0.104
SPIN 2 1 6 6 2.383 -0.314 5.406
SPIN 2 1 6 7 3.334 -4.846 0.636
SPIN 2 1 6 8 2.939 -1.617 4.873
SPIN 2 1 6 9 -1.680 -4.789 -3.041
SPIN 2 1 6 10 -3.770 3.548 2.863
SPIN 2 1 6 11 -4.213 0.046 -4.153
SPIN 2 1 6 12 4.765 2.412 2.545
SPIN 2 1 6 13 0.084 1.752 -5.650
SPIN 2 1 6 14 5.399 0.175 -2.413
SPIN 2 1 6 15 -4.056 1.421 -4.065
SPIN 3 1 7 0 3.407 0.687 4.788
SPIN 3 1 7 1 2.758 -5.233 -0.115
SPIN 3 1 7 2 -4.845 -0.542 -3.352
SPIN 3 1 7 3 -2.815 -1.697 4.919
SPIN 3 1 7 4 -2.809 -3.571 3.790
SPIN 3 1 7 5 2.611 -2.419 -4.726
SPIN 3 1 7 6 0.415 5.837 0.872
SPIN 3 1 7 7 -3.174 -3.446 -3.613
SPIN 3 1 7 8 -1.294 -0.914 -5.700
SPIN 3 1 7 9 1.628 -3.335 4.607
SPIN 3 1 7 10 2.177 -5.459 0.676
SPIN 3 1 7 11 -2.405 5.388 -0.434
SPIN 3 1 7 12 4.193 -3.956 1.328
SPIN 3 1 7 13 -5.720 0.896 -1.215
SPIN 3 1 7 14 -0.714 -4.045 -4.258
SPIN 3 1 7 15 -2.355 5.117 -1.809
SPIN 2 1 7 0 -3.136 -1.116 4.891
SPIN 2 1 7 1 -3.946 -2.819 -3.389
SPIN 2 1 7 2 5.051 1.006 -2.911
SPIN 2 1 7 3 -4.925 -0.248 -3.268
SPIN 2 1 7 4 1.328 4.315 -3.824
SPIN 2 1 7 5 -2.988 -3.254 3.934
SPIN 2 1 7 6 -0.394 -1.975 5.563
SPIN 2 1 7 7 -0.242 -2.326 -5.434
SPIN 2 1 7 8 -0.656 2.046 5.512
SPIN 2 1 7 9 -0.235 -5.722 -1.484
SPIN 2 1 7 10 -3.022 -2.954 4.140
SPIN 2 1 7 11 3.986 1.382 4.148
SPIN 2 1 7 12 -3.473 -4.749 0.619
SPIN 2 1 7 13 2.869 -4.630 2.309
SPIN 2 1 7 14 2.216 1.204 -5.352
SPIN 2 1 7 15 5.404 -1.896 1.485
SPIN 3 1 8 0 1.105 5.410 2.124
SPIN 3 1 8 1 -4.454 3.881 -0.318
SPIN 3 1 8 2 2.823 3.380 3.950
SPIN 3 1 8 3 1.751 -3.478 -4.454
SPIN 3 1 8 4 -5.311 2.605 0.087
SPIN 3 1 8 5 5.234 2.701 -0.554
SPIN 3 1 8 6 2.247 5.235 1.595
SPIN 3 1 8 7 2.459 1.030 -5.281
SPIN 3 1 8 8 2.483 0.870 5.299
SPIN 3 1 8 9 4.169 3.101 -2.830
SPIN 3 1 8 10 -2.211 -0.440 5.470
SPIN 3 1 8 11 3.891 -4.395 0.739
SPIN 3 1 8 12 -3.544 -1.230 -4.575
SPIN 3 1 8 13 1.879 -2.248 -5.140
SPIN 3 1 8 14 -4.637 2.127 2.995
SPIN 3 1 8 15 -5.350 -2.504 -0.330
SPIN 2 1 8 0 -0.571 -4.713 3.530
SPIN 2 1 8 1 -0.391 4.606 -3.692
SPIN 2 1 8 2 0.110 -2.253 5.469
SPIN 2 1 8 3 2.383 -0.187 5.412
SPIN 2 1 8 4 2.288 -3.456 4.221
SPIN 2 1 8 5 -2.538 -4.170 -3.343
SPIN 2 1 8 6 1.763 2.510 5.059
SPIN 2 1 8 7 2.002 -3.074 -4.641
SPIN 2 1 8 8 -4.117 -1.895 -3.803
SPIN 2 1 8 9 -0.233 3.067 -5.054
SPIN 2 1 8 10 5.191 1.066 2.631
SPIN 2 1 8 11 0.167 -4.748 -3.526
SPIN 2 1 8 12 0.710 -5.070 2.964
SPIN 2 1 8 13 -2.412 -1.577 -5.167
SPIN 2 1 8 14 -0.011 -3.028 -5.083
SPIN 2 1 8 15 0.813 3.201 -4.908
SPIN 3 1 9 0 0.212 -1.870 -5.609
SPIN 3 1 9 1 4.747 -0.238 3.522
SPIN 3 1 9 2 -1.702 2.561 -5.054
SPIN 3 1 9 3 -3.430 1.412 4.609
SPIN 3 1 9 4 1.013 3.519 4.646
SPIN 3 1 9 5 -1.074 -5.749 0.893
SPIN 3 1 9 6 5.481 1.288 -1.818
SPIN 3 1 9 7 4.799 3.319 0.975
SPIN 3 1 9 8 -1.031 -5.458 -2.036
SPIN 3 1 9 9 -3.109 -0.621 4.995
SPIN 3 1 9 10 5.148 -0.827 -2.795
SPIN 3 1 9 11 -0.570 5.100 -2.944
SPIN 3 1 9 12 2.096 -5.271 1.681
SPIN 3 1 9 13 3.865 -0.608 4.438
SPIN 3 1 9 14 -3.343 4.754 -1.107
SPIN 3 1 9 15 2.515 4.345 3.130
SPIN 2 1 9 0 5.794 -1.106 -0.449
SPIN 2 1 9 1 -4.860 -1.803 2.851
SPIN 2 1 9 2 4.300 0.638 -4.013
SPIN 2 1 9 3 -2.633 -2.249 4.797
SPIN 2 1 9 4 4.215 -1.958 -3.660
SPIN 2 1 9 5 0.142 4.153 -4.211
SPIN 2 1 9 6 -1.512 -0.474 -5.700
SPIN 2 1 9 7 0.172 4.357 3.999
SPIN 2 1 9 8 1.033 3.857 4.366
SPIN 2 1 9 9 1.294 -5.148 -2.612
SPIN 2 1 9 10 -5.064 2.984 0.668
SPIN 2 1 9 11 -2.880 -3.916 -3.373
SPIN 2 1 9 12 -4.349 3.305 -2.272
SPIN 2 1 9 13 -4.665 2.214 -2.887
SPIN 2 1 9 14 5.859 0.372 0.729
SPIN 2 1 9 15 -5.789 -0.626 -1.046
SPIN 3 1 10 0 2.000 -3.445 4.374
SPIN 3 1 10 1 -5.054 -3.065 -0.260
SPIN 3 1 10 2 0.490 -5.743 1.335
SPIN 3 1 10 3 1.576 0.741 -5.654
SPIN 3 1 10 4 -4.475 0.189 -3.865
SPIN 3 1 10 5 3.803 -2.320 -3.893
SPIN 3 1 10 6 -1.642 3.561 4.430
SPIN 3 1 10 7 3.183 -4.021 2.950
SPIN 3 1 10 8 -3.780 4.362 1.298
SPIN 3 1 10 9 -2.566 5.247 -0.941
SPIN 3 1 10 10 1.014 -3.048 -4.968
SPIN 3 1 10 11 5.699 1.509 -0.492
SPIN 3 1 10 12 -3.536 3.102 -3.588
SPIN 3 1 10 13 4.039 -2.538 -3.499
SPIN 3 1 10 14 0.759 -1.951 5.533
SPIN 3 1 10 15 -3.312 2.912 -3.943
SPIN 2 1 10 0 2.519 3.476 4.071
SPIN 2 1 10 1 -2.660 -5.209 -0.887
SPIN 2 1 10 2 1.739 5.553 1.067
SPIN 2 1 10 3 -5.190 1.551 2.380
SPIN 2 1 10 4 3.205 -4.299 2.499
SPIN 2 1 10 5 0.159 -4.925 3.275
SPIN 2 1 10 6 -1.885 5.599 -0.304
SPIN 2 1 10 7 5.777 0.819 0.976
SPIN 2 1 10 8 4.356 -2.141 3.382
SPIN 2 1 10 9 2.769 0.122 -5.226
SPIN 2 1 10 10 2.183 -0.475 5.478
SPIN 2 1 10 11 -5.637 -1.422 -1.099
SPIN 2 1 10 12 5.361 -2.493 -0.197
SPIN 2 1 10 13 -0.160 5.676 1.661
SPIN 2 1 10 14 0.343 4.769 3.484
SPIN 2 1 10 15 -0.452 5.263 -2.665
SPIN 3 1 11 0 -1.840 1.178 5.498
SPIN 3 1 11 1 -1.495 5.460 -1.718
SPIN 3 1 11 2 5.337 1.595 1.994
SPIN 3 1 11 3 1.941 2.475 -5.011
SPIN 3 1 11 4 -0.774 -0.707 5.822
SPIN 3 1 11 5 0.349 -5.903 -0.178
SPIN 3 1 11 6 4.120 -1.262 4.054
SPIN 3 1 11 7 -3.283 2.113 4.445
SPIN 3 1 11 8 -1.781 2.782 -4.908
SPIN 3 1 11 9 5.421 -2.250 -0.742
SPIN 3 1 11 10 2.174 -1.254 5.357
SPIN 3 1 11 11 -4.752 -2.540 2.444
SPIN 3 1 11 12 -0.395 4.671 3.610
SPIN 3 1 11 13 0.413 -4.306 4.036
SPIN 3 1 11 14 4.968 3.154 -0.606
SPIN 3 1 11 15 2.379 -4.242 -3.368
SPIN 2 1 11 0 -5.356 -1.122 2.248
SPIN 2 1 11 1 2.516 4.391 3.064
SPIN 2 1 11 2 -1.837 -2.470 -5.052
SPIN 2 1 11 3 4.668 3.628 -0.207
SPIN 2 1 11 4 -3.157 4.298 -2.562
SPIN 2 1 11 5 4.580 -3.454 1.447
SPIN 2 1 11 6 4.729 0.505 3.519
SPIN 2 1 11 7 -4.457 -2.996 -2.482
SPIN 2 1 11 8 2.141 -5.419 -1.024
SPIN 2 1 11 9 -5.005 -1.668 2.676
SPIN 2 1 11 10 -4.862 3.364 0.205
SPIN 2 1 11 11 3.929 2.488 -3.657
SPIN 2 1 11 12 -5.370 2.298 0.937
SPIN 2 1 11 13 -1.462 -2.996 -4.887
SPIN 2 1 11 14 -4.017 2.235 3.724
SPIN 2 1 11 15 1.206 1.944 5.456
SPIN 3 1 12 0 4.528 -3.731 -0.759
SPIN 3 1 12 1 4.352 3.836 1.158
SPIN 3 1 12 2 -5.742 -1.040 0.974
SPIN 3 1 12 3 -4.650 -2.855 2.287
SPIN 3 1 12 4 1.097 -1.774 -5.536
SPIN 3 1 12 5 -1.884 -3.124 4.658
SPIN 3 1 12 6 -5.746 1.154 -0.804
SPIN 3 1 12 7 4.047 1.489 4.050
SPIN 3 1 12 8 -0.288 4.045 4.308
SPIN 3 1 12 9 -3.233 -4.208 -2.615
SPIN 3 1 12 10 2.774 5.226 0.039
SPIN 3 1 12 11 -2.528 -5.171 -1.368
SPIN 3 1 12 12 2.644 5.201 0.978
SPIN 3 1 12 13 5.281 -2.611 -0.537
SPIN 3 1 12 14 3.919 2.016 3.946
SPIN 3 1 12 15 -0.483 2.037 -5.533
SPIN 2 1 12 0 2.201 4.118 3.633
SPIN 2 1 12 1 -1.073 3.908 -4.310
SPIN 2 1 12 2 4.995 0.248 -3.161
SPIN 2 1 12 3 -0.652 1.336 -5.726
SPIN 2 1 12 4 4.437 2.031 3.345
SPIN 2 1 12 5 1.363 -5.705 -0.776
SPIN 2 1 12 6 1.028 -4.949 -3.074
SPIN 2 1 12 7 0.267 4.313 4.041
SPIN 2 1 12 8 1.512 -1.503 -5.519
SPIN 2 1 12 9 -4.717 -0.004 3.570
SPIN 2 1 12 10 0.887 -5.179 2.719
SPIN 2 1 12 11 -3.960 -1.948 3.940
SPIN 2 1 12 12 1.078 -0.985 -5.733
SPIN 2 1 12 13 2.045 -1.524 5.338
SPIN 2 1 12 14 -4.976 -0.815 -3.095
SPIN 2 1 12 15 2.770 5.172 -0.760
SPIN 3 1 13 0 -2.843 -4.698 2.202
SPIN 3 1 13 1 -1.966 -2.041 5.193
SPIN 3 1 13 2 -5.044 -1.496 2.705
SPIN 3 1 13 3 5.629 1.789 0.331
SPIN 3 1 13 4 -3.041 4.968 1.036
SPIN 3 1 13 5 2.229 1.962 -5.117
SPIN 3 1 13 6 5.374 -2.364 0.733
SPIN 3 1 13 7 1.309 -1.767 5.492
SPIN 3 1 13 8 3.960 -4.346 -0.654
SPIN 3 1 13 9 1.582 5.701 0.002
SPIN 3 1 13 10 3.309 -4.396 -2.173
SPIN 3 1 13 11 0.800 1.139 5.750
SPIN 3 1 13 12 -5.274 0.680 -2.593
SPIN 3 1 13 13 1.326 5.239 -2.407
SPIN 3 1 13 14 -1.363 4.900 -3.021
SPIN 3 1 13 15 5.201 -1.493 -2.391
SPIN 2 1 13 0 5.596 1.496 1.204
SPIN 2 1 13 1 -0.723 -4.861 3.294
SPIN 2 1 13 2 1.794 5.361 -1.744
SPIN 2 1 13 3 -4.839 0.033 -3.404
SPIN 2 1 13 4 -1.913 -4.642 -3.129
SPIN 2 1 13 5 0.722 -1.583 5.654
SPIN 2 1 13 6 -3.579 3.530 -3.119
SPIN 2 1 13 7 -5.057 2.371 1.950
SPIN 2 1 13 8 2.541 3.651 3.901
SPIN 2 1 13 9 4.164 -1.239 4.015
SPIN 2 1 13 10 -0.385 -5.550 -2.014
SPIN 2 1 13 11 -0.311 5.810 -1.071
SPIN 2 1 13 12 0.812 -5.690 1.401
SPIN 2 1 13 13 4.096 0.075 -4.269
SPIN 2 1 13 14 2.555 -3.411 -4.104
SPIN 2 1 13 15 -5.133 -2.828 -0.812
SPIN 3 1 14 0 -0.920 5.214 -2.639
SPIN 3 1 14 1 1.474 -5.656 0.913
SPIN 3 1 14 2 -4.937 2.956 -1.377
SPIN 3 1 14 3 4.063 1.933 3.842
SPIN 3 1 14 4 1.686 -1.959 -5.321
SPIN 3 1 14 5 -2.763 -3.451 3.932
SPIN 3 1 14 6 2.060 -3.296 -4.460
SPIN 3 1 14 7 -1.229 5.660 -1.206
SPIN 3 1 14 8 -4.632 -0.140 3.678
SPIN 3 1 14 9 2.371 -2.705 -4.697
SPIN 3 1 14 10 -0.274 2.561 -5.326
SPIN 3 1 14 11 2.997 4.932 1.302
SPIN 3 1 14 12 -3.222 -3.246 -3.753
SPIN 3 1 14 13 -4.310 1.031 3.919
SPIN 3 1 14 14 1.861 -5.577 -0.658
SPIN 3 1 14 15 -1.765 -3.574 4.372
SPIN 2 1 14 0 3.545 -4.585 -1.189
SPIN 2 1 14 1 -5.356 -2.100 -1.380
SPIN 2 1 14 2 -0.671 1.672 5.635
SPIN 2 1 14 3 -2.737 3.813 -3.602
SPIN 2 1 14 4 1.590 -1.169 5.577
SPIN 2 1 14 5 5.048 3.080 0.194
SPIN 2 1 14 6 0.365 -3.905 4.429
SPIN 2 1 14 7 2.673 5.210 -0.846
SPIN 2 1 14 8 -4.986 0.453 -3.152
SPIN 2 1 14 9 4.759 -0.874 -3.404
SPIN 2 1 14 10 -1.929 5.168 2.137
SPIN 2 1 14 11 3.453 -3.568 -3.217
SPIN 2 1 14 12 -2.364 -5.387 0.630
SPIN 2 1 14 13 -3.864 1.253 4.301
SPIN 2 1 14 14 0.058 5.663 1.711
SPIN 2 1 14 15 -0.478 -5.431 2.296
SPIN 3 1 15 0 0.520 5.411 2.336
SPIN 3 1 15 1 -0.600 3.383 -4.816
SPIN 3 1 15 2 -1.986 4.265 -3.587
SPIN 3 1 15 3 -4.754 -3.516 0.205
SPIN 3 1 15 4 5.311 -1.463 -2.158
SPIN 3 1 15 5 -1.550 0.071 -5.709
SPIN 3 1 15 6 -3.526 2.695 3.912
SPIN 3 1 15 7 1.017 -1.743 -5.561
SPIN 3 1 15 8 0.114 2.265 -5.464
SPIN 3 1 15 9 -1.275 -4.519 3.600
SPIN 3 1 15 10 -5.721 0.861 -1.239
SPIN 3 1 15 11 5.798 1.174 -0.018
SPIN 3 1 15 12 -5.552 0.151 2.037
SPIN 3 1 15 13 4.707 -0.675 -3.519
SPIN 3 1 15 14 -2.705 -0.927 5.179
SPIN 3 1 15 15 4.661 3.633 0.266
SPIN 2 1 15 0 4.422 -3.917 0.328
SPIN 2 1 15 1 -0.664 5.811 -0.888
SPIN 2 1 15 2 -0.591 4.552 3.732
SPIN 2 1 15 3 5.371 1.207 2.167
SPIN 2 1 15 4 -3.875 -1.984 -4.006
SPIN 2 1 15 5 0.135 5.528 2.104
SPIN 2 1 15 6 -1.808 -5.132 -2.322
SPIN 2 1 15 7 -0.435 -5.752 1.312
SPIN 2 1 15 8 -0.691 1.773 5.602
SPIN 2 1 15 9 1.563 5.509 1.485
SPIN 2 1 15 10 4.639 -1.388 3.399
SPIN 2 1 15 11 1.271 3.133 -4.855
SPIN 2 1 15 12 -3.987 2.982 3.196
SPIN 2 1 15 13 -0.709 -5.043 3.011
SPIN 2 1 15 14 1.766 -2.932 4.825
SPIN 2 1 15 15 -0.648 -3.767 4.515
SPIN 1 2 0 0 -3.651 2.243 -4.079
SPIN 1 2 0 1 5.181 1.533 2.410
SPIN 1 2 0 2 -0.042 -4.703 3.589
SPIN 1 2 0 3 -2.850 3.992 -3.307
SPIN 1 2 0 4 2.770 -1.863 4.884
SPIN 1 2 0 5 3.123 -4.848 1.320
SPIN 1 2 0 6 2.888 -4.716 2.101
SPIN 1 2 0 7 2.834 4.664 -2.283
SPIN 1 2 0 8 -0.165 0.950 -5.837
SPIN 1 2 0 9 5.686 0.630 -1.506
SPIN 1 2 0 10 -2.580 -4.353 -3.065
SPIN 1 2 0 11 5.129 1.620 2.463
SPIN 1 2 0 12 1.742 -5.500 -1.312
SPIN 1 2 0 13 0.182 3.797 4.533
SPIN 1 2 0 14 -1.271 1.635 5.542
SPIN 1 2 0 15 1.218 5.497 1.815
SPIN 4 2 0 0 3.776 -0.008 4.555
SPIN 4 2 0 1 0.003 5.915 -0.096
SPIN 4 2 0 2 -5.148 -2.908 0.187
SPIN 4 2 0 3 5.393 -1.051 -2.194
SPIN 4 2 0 4 -2.618 -1.009 5.208
SPIN 4 2 0 5 -0.428 4.438 3.889
SPIN 4 2 0 6 -3.035 -1.261 -4.919
SPIN 4 2 0 7 1.086 -5.488 1.926
SPIN 4 2 0 8 2.116 -3.302 4.430
SPIN 4 2 0 9 -5.086 2.921 -0.771
SPIN 4 2 0 10 5.030 1.562 2.695
SPIN 4 2 0 11 2.115 -5.072 -2.191
SPIN 4 2 0 12 -2.514 2.253 4.858
SPIN 4 2 0 13 -4.348 -3.784 1.333
SPIN 4 2 0 14 -3.557 -2.887 3.743
SPIN 4 2 0 15 3.076 0.317 -5.043
SPIN 1 2 1 0 -5.863 0.625 -0.490
SPIN 1 2 1 1 3.758 -2.257 3.973
SPIN 1 2 1 2 4.235 1.735 -3.748
SPIN 1 2 1 3 -3.303 -0.683 4.860
SPIN 1 2 1 4 -3.837 3.931 2.196
SPIN 1 2 1 5 1.532 5.706 -0.309
SPIN 1 2 1 6 2.027 2.399 5.014
SPIN 1 2 1 7 -3.701 1.251 4.443
SPIN 1 2 1 8 0.804 0.944 -5.785
SPIN 1 2 1 9 -5.842 -0.597 -0.717
SPIN 1 2 1 10 -1.742 1.992 -5.291
SPIN 1 2 1 11 -0.598 3.771 4.519
SPIN 1 2 1 12 -4.639 -2.792 -2.384
SPIN 1 2 1 13 3.851 2.422 -3.782
SPIN 1 2 1 14 -0.596 3.960 4.355
SPIN 1 2 1 15 -1.986 -3.022 -4.682
SPIN 4 2 1 0 -5.858 -0.160 -0.813
SPIN 4 2 1 1 -2.414 1.006 -5.307
SPIN 4 2 1 2 3.103 1.782 4.711
SPIN 4 2 1 3 -2.822 -3.516 -3.831
SPIN 4 2 1 4 3.806 4.418 1.000
SPIN 4 2 1 5 4.012 -3.949 -1.819
SPIN 4 2 1 6 -0.698 3.580 4.658
SPIN 4 2 1 7 -1.417 -3.561 -4.507
SPIN 4 2 1 8 2.576 -3.982 3.536
SPIN 4 2 1 9 -3.077 1.072 -4.938
SPIN 4 2 1 10 5.442 -0.571 2.250
SPIN 4 2 1 11 -4.140 4.219 -0.230
SPIN 4 2 1 12 -0.934 -0.061 -5.842
SPIN 4 2 1 13 -4.781 -3.485 0.015
SPIN 4 2 1 14 2.561 3.994 3.534
SPIN 4 2 1 15 5.577 -0.849 -1.784
SPIN 1 2 2 0 -3.049 0.326 5.060
SPIN 1 2 2 1 4.423 -1.575 3.599
SPIN 1 2 2 2 -5.301 -0.239 2.617
SPIN 1 2 2 3 -3.997 2.588 -3.511
SPIN 1 2 2 4 -0.134 -5.548 2.050
SPIN 1 2 2 5 -5.844 0.339 0.853
SPIN 1 2 2 6 -3.537 2.858 -3.784
SPIN 1 2 2 7 4.500 3.837 -0.174
SPIN 1 2 2 8 0.707 -5.351 2.422
SPIN 1 2 2 9 5.453 2.068 -0.995
SPIN 1 2 2 10 -4.596 -3.511 -1.243
SPIN 1 2 2 11 4.158 -1.176 -4.041
SPIN 1 2 2 12 5.836 0.526 -0.812
SPIN 1 2 2 13 -3.287 -4.777 -1.173
SPIN 1 2 2 14 5.778 -1.264 0.109
SPIN 1 2 2 15 1.102 -2.256 5.357
SPIN 4 2 2 0 4.527 0.013 -3.808
SPIN 4 2 2 1 -4.210 -0.066 -4.155
SPIN 4 2 2 2 1.748 5.642 0.337
SPIN 4 2 2 3 2.611 -2.938 -4.422
SPIN 4 2 2 4 -5.541 0.072 -2.072
SPIN 4 2 2 5 -2.949 3.326 -3.904
SPIN 4 2 2 6 1.286 -2.989 -4.940
SPIN 4 2 2 7 -2.047 -2.137 -5.123
SPIN 4 2 2 8 5.867 -0.695 -0.313
SPIN 4 2 2 9 -2.526 0.622 -5.314
SPIN 4 2 2 10 2.610 5.219 0.975
SPIN 4 2 2 11 3.224 -4.468 -2.154
SPIN 4 2 2 12 0.158 -5.276 2.672
SPIN 4 2 2 13 1.132 5.624 -1.447
SPIN 4 2 2 14 -2.789 -3.708 -3.671
SPIN 4 2 2 15 -5.814 0.448 1.001
SPIN 1 2 3 0 2.797 4.882 -1.827
SPIN 1 2 3 1 -3.504 -0.455 -4.745
SPIN 1 2 3 2 4.057 -3.530 -2.465
SPIN 1 2 3 3 -3.227 1.631 4.683
SPIN 1 2 3 4 -1.766 4.128 3.853
SPIN 1 2 3 5 1.307 2.973 -4.945
SPIN 1 2 3 6 4.174 -0.397 -4.174
SPIN 1 2 3 7 -0.707 2.188 5.451
SPIN 1 2 3 8 -4.776 1.439 -3.182
SPIN 1 2 3 9 -2.571 -0.718 -5.280
SPIN 1 2 3 10 -3.301 1.837 -4.553
SPIN 1 2 3 11 2.774 -2.753 4.441
SPIN 1 2 3 12 -3.152 0.574 4.973
SPIN 1 2 3 13 -4.195 0.251 4.164
SPIN 1 2 3 14 0.366 5.166 2.860
SPIN 1 2 3 15 -4.854 0.977 -3.238
SPIN 4 2 3 0 -4.068 -0.841 4.212
SPIN 4 2 3 1 5.110 -2.236 1.972
SPIN 4 2 3 2 -3.392 -2.036 -4.399
SPIN 4 2 3 3 2.255 5.197 1.704
SPIN 4 2 3 4 3.680 -2.768 -3.714
SPIN 4 2 3 5 -3.866 -2.067 -3.973
SPIN 4 2 3 6 -2.769 -5.122 -1.049
SPIN 4 2 3 7 5.713 0.793 -1.318
SPIN 4 2 3 8 5.236 2.753 -0.074
SPIN 4 2 3 9 -3.909 -2.269 3.817
SPIN 4 2 3 10 -5.545 -0.690 -1.943
SPIN 4 2 3 11 -5.279 0.224 2.661
SPIN 4 2 3 12 3.585 4.113 -2.287
SPIN 4 2 3 13 -2.375 -5.335 -0.946
SPIN 4 2 3 14 2.401 -0.502 5.384
SPIN 4 2 3 15 3.620 -0.257 -4.672
SPIN 1 2 4 0 -1.064 -5.756 0.859
SPIN 1 2 4 1 5.630 1.668 -0.725
SPIN 1 2 4 2 -2.245 -2.834 -4.683
SPIN 1 2 4 3 1.013 4.091 -4.151
SPIN 1 2 4 4 -2.778 2.163 -4.754
SPIN 1 2 4 5 -2.092 -3.488 -4.296
SPIN 1 2 4 6 -2.720 5.242 0.344
SPIN 1 2 4 7 4.664 -3.551 0.801
SPIN 1 2 4 8 -5.614 1.597 0.963
SPIN 1 2 4 9 5.209 2.780 -0.373
SPIN 1 2 4 10 2.123 2.614 -4.865
SPIN 1 2 4 11 5.794 -1.043 0.580
SPIN 1 2 4 12 0.128 -2.882 -5.165
SPIN 1 2 4 13 -3.554 1.741 -4.398
SPIN 1 2 4 14 0.929 3.909 -4.343
SPIN 1 2 4 15 2.987 4.286 2.776
SPIN 4 2 4 0 -2.688 4.815 -2.142
SPIN 4 2 4 1 -1.128 -0.618 5.775
SPIN 4 2 4 2 3.524 -4.649 -0.982
SPIN 4 2 4 3 5.484 1.392 -1.729
SPIN 4 2 4 4 -4.574 3.590 -1.093
SPIN 4 2 4 5 -1.275 -5.624 1.322
SPIN 4 2 4 6 0.959 1.788 -5.557
SPIN 4 2 4 7 -4.622 -0.078 3.691
SPIN 4 2 4 8 3.396 -0.318 4.834
SPIN 4 2 4 9 -2.401 -3.575 4.056
SPIN 4 2 4 10 -4.898 3.075 1.244
SPIN 4 2 4 11 5.837 0.699 -0.660
SPIN 4 2 4 12 -4.874 -2.728 1.949
SPIN 4 2 4 13 4.363 0.845 3.905
SPIN 4 2 4 14 -0.077 -3.575 -4.713
SPIN 4 2 4 15 1.880 2.280 5.125
SPIN 1 2 5 0 3.702 4.613 0.106
SPIN 1 2 5 1 -1.755 -4.880 2.847
SPIN 1 2 5 2 2.064 4.593 -3.105
SPIN 1 2 5 3 -0.860 -0.670 5.815
SPIN 1 2 5 4 -1.884 -5.590 -0.447
SPIN 1 2 5 5 -2.656 5.246 0.653
SPIN 1 2 5 6 -1.203 -4.602 -3.518
SPIN 1 2 5 7 -5.200 2.506 1.297
SPIN 1 2 5 8 -2.129 -4.336 -3.416
SPIN 1 2 5 9 -3.514 -2.164 4.239
SPIN 1 2 5 10 -3.084 4.062 -2.998
SPIN 1 2 5 11 -3.486 -2.125 -4.282
SPIN 1 2 5 12 -1.132 -1.668 -5.562
SPIN 1 2 5 13 -3.353 3.828 3.017
SPIN 1 2 5 14 2.839 1.674 -4.913
SPIN 1 2 5 15 -3.059 -2.963 4.107
SPIN 4 2 5 0 -0.005 2.558 -5.334
SPIN 4 2 5 1 -1.869 -3.167 4.635
SPIN 4 2 5 2 -2.832 3.602 -3.743
SPIN 4 2 5 3 -3.224 -3.828 -3.155
SPIN 4 2 5 4 -5.371 -1.622 -1.876
SPIN 4 2 5 5 -0.674 -5.008 3.077
SPIN 4 2 5 6 -5.348 -2.510 -0.312
SPIN 4 2 5 7 -4.270 -4.085 0.275
SPIN 4 2 5 8 0.983 -5.749 -0.993
SPIN 4 2 5 9 2.190 5.094 -2.064
SPIN 4 2 5 10 -1.404 -0.585 5.717
SPIN 4 2 5 11 -2.451 4.967 2.080
SPIN 4 2 5 12 1.477 -2.917 4.931
SPIN 4 2 5 13 0.760 -1.579 -5.650
SPIN 4 2 5 14 4.148 -1.222 4.037
SPIN 4 2 5 15 -5.479 -0.833 2.070
SPIN 1 2 6 0 -0.079 5.880 -0.643
SPIN 1 2 6 1 0.711 -5.574 -1.852
SPIN 1 2 6 2 -1.841 -3.932 4.019
SPIN 1 2 6 3 -1.726 4.005 -3.998
SPIN 1 2 6 4 0.167 -0.865 5.850
SPIN 1 2 6 5 -0.840 2.275 -5.396
SPIN 1 2 6 6 -0.654 -5.804 0.940
SPIN 1 2 6 7 -1.471 5.706 -0.524
SPIN 1 2 6 8 -0.335 -1.375 5.744
SPIN 1 2 6 9 1.111 3.221 -4.836
SPIN 1 2 6 10 5.879 -0.630 0.195
SPIN 1 2 6 11 5.029 3.115 -0.099
SPIN 1 2 6 12 5.827 0.997 -0.221
SPIN 1 2 6 13 -1.196 4.535 3.606
SPIN 1 2 6 14 2.213 -5.473 -0.396
SPIN 1 2 6 15 -3.217 -1.644 -4.685
SPIN 4 2 6 0 -2.506 1.150 5.234
SPIN 4 2 6 1 -4.173 3.486 -2.331
SPIN 4 2 6 2 -0.935 -5.717 1.202
SPIN 4 2 6 3 0.899 5.269 -2.536
SPIN 4 2 6 4 3.893 2.560 -3.645
SPIN 4 2 6 5 -1.627 5.148 -2.419
SPIN 4 2 6 6 -3.457 0.745 -4.743
SPIN 4 2 6 7 -5.368 -2.088 -1.351
SPIN 4 2 6 8 1.631 0.321 -5.678
SPIN 4 2 6 9 -4.649 0.169 3.655
SPIN 4 2 6 10 4.987 3.130 -0.574
SPIN 4 2 6 11 2.581 -3.398 -4.097
SPIN 4 2 6 12 -5.477 2.070 -0.849
SPIN 4 2 6 13 0.536 -3.973 4.351
SPIN 4 2 6 14 -4.828 -3.207 1.187
SPIN 4 2 6 15 3.808 3.921 -2.263
SPIN 1 2 7 0 -5.448 -2.299 -0.198
SPIN 1 2 7 1 5.340 -2.308 -1.078
SPIN 1 2 7 2 0.391 2.486 -5.354
SPIN 1 2 7 3 5.004 3.147 -0.230
SPIN 1 2 7 4 1.801 -3.861 4.104
SPIN 1 2 7 5 -2.127 4.441 -3.280
SPIN 1 2 7 6 0.895 -5.256 2.564
SPIN 1 2 7 7 -3.213 -2.490 -4.298
SPIN 1 2 7 8 0.469 3.642 4.638
SPIN 1 2 7 9 3.731 -1.296 4.405
SPIN 1 2 7 10 2.056 -0.142 -5.546
SPIN 1 2 7 11 -4.787 1.383 -3.190
SPIN 1 2 7 12 3.441 -4.774 -0.604
SPIN 1 2 7 13 1.507 -2.473 -5.159
SPIN 1 2 7 14 -0.970 3.762 -4.461
SPIN 1 2 7 15 -0.995 4.073 -4.174
SPIN 4 2 7 0 0.456 4.047 -4.291
SPIN 4 2 7 1 0.410 4.547 3.762
SPIN 4 2 7 2 1.435 -4.036 -4.081
SPIN 4 2 7 3 -2.324 -3.357 4.281
SPIN 4 2 7 4 -4.357 -0.968 -3.884
SPIN 4 2 7 5 2.102 4.827 2.697
SPIN 4 2 7 6 -3.858 -3.791 -2.397
SPIN 4 2 7 7 -0.787 5.854 0.341
SPIN 4 2 7 8 -1.969 -4.159 3.718
SPIN 4 2 7 9 4.768 1.154 -3.307
SPIN 4 2 7 10 -5.124 -2.937 0.350
SPIN 4 2 7 11 1.545 5.306 -2.112
SPIN 4 2 7 12 4.351 0.865 3.914
SPIN 4 2 7 13 -5.604 -0.039 -1.894
SPIN 4 2 7 14 2.304 -4.632 -2.869
SPIN 4 2 7 15 -3.172 -4.616 -1.905
SPIN 1 2 8 0 -1.869 -2.779 -4.877
SPIN 1 2 8 1 0.061 -1.202 5.792
SPIN 1 2 8 2 -0.286 -2.213 5.479
SPIN 1 2 8 3 -4.031 1.794 -3.942
SPIN 1 2 8 4 -3.344 1.291 4.707
SPIN 1 2 8 5 -3.760 4.562 0.221
SPIN 1 2 8 6 4.295 1.043 -3.932
SPIN 1 2 8 7 1.056 3.035 4.967
SPIN 1 2 8 8 -4.217 -3.688 1.900
SPIN 1 2 8 9 -4.955 1.829 2.666
SPIN 1 2 8 10 0.647 5.720 -1.367
SPIN 1 2 8 11 4.603 -3.698 -0.367
SPIN 1 2 8 12 -4.135 4.200 0.509
SPIN 1 2 8 13 1.416 1.240 5.609
SPIN 1 2 8 14 -3.564 4.604 -1.047
SPIN 1 2 8 15 -2.023 -5.394 1.345
SPIN 4 2 8 0 -1.510 -4.906 -2.940
SPIN 4 2 8 1 1.515 -2.836 -4.966
SPIN 4 2 8 2 0.505 -5.417 2.325
SPIN 4 2 8 3 4.288 3.749 1.599
SPIN 4 2 8 4 -5.078 -2.146 -2.147
SPIN 4 2 8 5 -2.196 -4.607 -2.991
SPIN 4 2 8 6 -3.510 3.425 3.309
SPIN 4 2 8 7 -0.752 0.471 5.849
SPIN 4 2 8 8 1.532 3.809 -4.259
SPIN 4 2 8 9 1.696 -4.722 3.135
SPIN 4 2 8 10 2.770 4.176 3.145
SPIN 4 2 8 11 -1.408 -5.228 2.384
SPIN 4 2 8 12 -1.914 -5.577 0.478
SPIN 4 2 8 13 5.508 -0.765 2.020
SPIN 4 2 8 14 -3.367 4.308 2.259
SPIN 4 2 8 15 3.114 4.757 -1.634
SPIN 1 2 9 0 -5.093 3.009 0.111
SPIN 1 2 9 1 0.145 5.879 -0.644
SPIN 1 2 9 2 -1.613 2.212 5.245
SPIN 1 2 9 3 -1.026 -2.878 5.066
SPIN 1 2 9 4 5.912 -0.051 0.226
SPIN 1 2 9 5 -0.818 2.837 -5.127
SPIN 1 2 9 6 4.294 0.610 4.023
SPIN 1 2 9 7 -4.972 2.750 -1.650
SPIN 1 2 9 8 -0.831 -2.441 -5.325
SPIN 1 2 9 9 -0.972 5.821 0.407
SPIN 1 2 9 10 0.078 -4.884 -3.337
SPIN 1 2 9 11 -3.568 1.909 4.316
SPIN 1 2 9 12 -0.069 2.672 -5.278
SPIN 1 2 9 13 -4.960 -1.516 2.847
SPIN 1 2 9 14 -0.116 -0.960 5.837
SPIN 1 2 9 15 -0.872 5.088 2.891
SPIN 4 2 9 0 4.742 2.714 -2.269
SPIN 4 2 9 1 1.212 3.467 4.638
SPIN 4 2 9 2 0.835 -5.280 -2.535
SPIN 4 2 9 3 1.075 0.908 5.746
SPIN 4 2 9 4 4.048 -4.001 -1.615
SPIN 4 2 9 5 0.708 5.149 -2.826
SPIN 4 2 9 6 2.373 -5.016 -2.051
SPIN 4 2 9 7 5.515 -1.692 1.312
SPIN 4 2 9 8 -5.750 -1.379 0.199
SPIN 4 2 9 9 5.689 1.169 -1.125
SPIN 4 2 9 10 -1.679 5.020 -2.642
SPIN 4 2 9 11 1.573 0.140 -5.701
SPIN 4 2 9 12 1.129 1.736 5.542
SPIN 4 2 9 13 -3.861 2.598 3.653
SPIN 4 2 9 14 -1.185 -5.367 -2.188
SPIN 4 2 9 15 0.804 -1.590 -5.641
SPIN 1 2 10 0 -2.314 3.947 3.751
SPIN 1 2 10 1 4.520 0.937 -3.700
SPIN 1 2 10 2 1.507 5.091 2.609
SPIN 1 2 10 3 1.817 -3.467 -4.436
SPIN 1 2 10 4 -1.215 4.976 -2.960
SPIN 1 2 10 5 -0.312 -5.882 -0.548
SPIN 1 2 10 6 -1.368 -5.695 0.831
SPIN 1 2 10 7 1.096 2.208 -5.378
SPIN 1 2 10 8 5.698 1.573 -0.240
SPIN 1 2 10 9 -0.026 -3.299 -4.911
SPIN 1 2 10 10 1.545 -1.515 5.506
SPIN 1 2 10 11 -0.627 5.785 1.067
SPIN 1 2 10 12 0.259 0.462 5.892
SPIN 1 2 10 13 2.514 -4.374 -3.090
SPIN 1 2 10 14 -3.744 -0.407 -4.563
SPIN 1 2 10 15 -1.870 -0.365 5.601
SPIN 4 2 10 0 2.389 -1.434 -5.219
SPIN 4 2 10 1 1.065 0.828 5.760
SPIN 4 2 10 2 5.739 -1.294 0.622
SPIN 4 2 10 3 2.617 1.625 5.051
SPIN 4 2 10 4 -2.456 -3.175 -4.346
SPIN 4 2 10 5 -4.238 2.695 3.127
SPIN 4 2 10 6 1.002 3.648 -4.548
SPIN 4 2 10 7 -5.143 1.832 2.280
SPIN 4 2 10 8 -0.176 -4.076 4.284
SPIN 4 2 10 9 -0.442 -4.147 -4.196
SPIN 4 2 10 10 -3.154 1.878 -4.639
SPIN 4 2 10 11 0.093 3.020 5.087
SPIN 4 2 10 12 -4.952 2.563 1.975
SPIN 4 2 10 13 4.171 -3.265 -2.634
SPIN 4 2 10 14 1.726 5.644 -0.404
SPIN 4 2 10 15 0.997 -5.050 2.916
SPIN 1 2 11 0 3.665 2.024 4.180
SPIN 1 2 11 1 4.698 2.074 -2.937
SPIN 1 2 11 2 -2.166 3.885 3.901
SPIN 1 2 11 3 1.193 4.168 -4.026
SPIN 1 2 11 4 -3.822 -3.314 3.068
SPIN 1 2 11 5 0.358 5.885 0.485
SPIN 1 2 11 6 -5.650 -1.655 0.585
SPIN 1 2 11 7 -2.057 -2.102 -5.133
SPIN 1 2 11 8 2.748 5.237 -0.158
SPIN 1 2 11 9 -3.045 -4.426 2.478
SPIN 1 2 11 10 -4.849 -3.369 0.371
SPIN 1 2 11 11 3.651 -3.732 2.783
SPIN 1 2 11 12 4.513 -2.705 -2.704
SPIN 1 2 11 13 -0.593 -2.558 5.302
SPIN 1 2 11 14 -4.731 -3.441 -0.881
SPIN 1 2 11 15 -2.031 -5.453 1.067
SPIN 4 2 11 0 3.434 -4.288 2.196
SPIN 4 2 11 1 -4.217 1.558 -3.846
SPIN 4 2 11 2 -3.040 -3.855 -3.302
SPIN 4 2 11 3 4.031 1.693 3.985
SPIN 4 2 11 4 -0.958 0.113 -5.837
SPIN 4 2 11 5 2.111 0.639 -5.489
SPIN 4 2 11 6 4.650 -3.068 -1.990
SPIN 4 2 11 7 5.277 2.229 -1.480
SPIN 4 2 11 8 4.247 -1.307 -3.906
SPIN 4 2 11 9 5.470 1.871 1.256
SPIN 4 2 11 10 1.951 5.579 -0.251
SPIN 4 2 11 11 3.955 4.363 -0.564
SPIN 4 2 11 12 -0.572 0.004 5.888
SPIN 4 2 11 13 -1.557 3.699 4.347
SPIN 4 2 11 14 -5.541 1.903 0.823
SPIN 4 2 11 15 4.317 4.038 0.250
SPIN 1 2 12 0 -1.911 5.229 -2.002
SPIN 1 2 12 1 -3.476 -4.713 0.839
SPIN 1 2 12 2 4.904 -2.445 2.230
SPIN 1 2 12 3 -1.938 -1.225 5.454
SPIN 1 2 12 4 5.165 -2.223 1.838
SPIN 1 2 12 5 -4.093 -2.815 -3.214
SPIN 1 2 12 6 -1.330 0.845 5.702
SPIN 1 2 12 7 -1.379 4.917 2.986
SPIN 1 2 12 8 -1.253 -5.759 -0.510
SPIN 1 2 12 9 -0.809 5.746 -1.154
SPIN 1 2 12 10 5.109 -1.967 2.242
SPIN 1 2 12 11 0.072 5.457 -2.283
SPIN 1 2 12 12 4.561 -2.433 2.876
SPIN 1 2 12 13 2.027 5.203 -1.955
SPIN 1 2 12 14 0.156 5.134 2.936
SPIN 1 2 12 15 0.254 -4.108 4.250
SPIN 4 2 12 0 -0.416 3.206 4.954
SPIN 4 2 12 1 -4.413 -2.052 -3.364
SPIN 4 2 12 2 1.911 4.029 3.888
SPIN 4 2 12 3 3.060 3.731 -3.423
SPIN 4 2 12 4 -2.611 2.715 4.562
SPIN 4 2 12 5 0.044 -1.793 5.638
SPIN 4 2 12 6 2.264 -3.259 -4.388
SPIN 4 2 12 7 -5.841 -0.934 0.098
SPIN 4 2 12 8 -2.685 4.437 -2.846
SPIN 4 2 12 9 4.131 3.773 1.924
SPIN 4 2 12 10 1.145 -4.363 -3.828
SPIN 4 2 12 11 -4.149 3.218 2.726
SPIN 4 2 12 12 -0.001 -5.848 -0.892
SPIN 4 2 12 13 -5.294 2.347 1.209
SPIN 4 2 12 14 0.606 -5.593 -1.831
SPIN 4 2 12 15 -2.988 -2.531 -4.435
SPIN 1 2 13 0 2.006 -0.024 5.565
SPIN 1 2 13 1 -1.166 -4.512 -3.645
SPIN 1 2 13 2 -0.133 5.567 1.998
SPIN 1 2 13 3 0.785 -4.583 3.658
SPIN 1 2 13 4 0.579 5.783 -1.106
SPIN 1 2 13 5 -4.243 -1.699 3.757
SPIN 1 2 13 6 5.746 -1.314 0.503
SPIN 1 2 13 7 -2.690 -3.200 -4.186
SPIN 1 2 13 8 -5.441 -0.244 -2.309
SPIN 1 2 13 9 -2.795 -4.527 2.588
SPIN 1 2 13 10 4.484 3.852 -0.243
SPIN 1 2 13 11 0.698 -5.015 -3.059
SPIN 1 2 13 12 -0.998 5.681 -1.316
SPIN 1 2 13 13 4.677 -0.545 3.582
SPIN 1 2 13 14 3.103 -2.922 4.103
SPIN 1 2 13 15 -5.625 -0.941 -1.572
SPIN 4 2 13 0 -2.237 -0.590 -5.445
SPIN 4 2 13 1 1.119 4.198 4.016
SPIN 4 2 13 2 -1.333 -5.335 -2.181
SPIN 4 2 13 3 1.893 -5.386 1.551
SPIN 4 2 13 4 4.144 3.701 -2.034
SPIN 4 2 13 5 -1.976 -3.674 -4.195
SPIN 4 2 13 6 -1.611 4.008 4.042
SPIN 4 2 13 7 1.649 2.507 -5.099
SPIN 4 2 13 8 5.890 -0.547 -0.090
SPIN 4 2 13 9 -5.519 -1.413 -1.594
SPIN 4 2 13 10 0.842 -1.379 5.691
SPIN 4 2 13 11 4.691 -0.823 3.509
SPIN 4 2 13 12 -5.052 -1.442 -2.721
SPIN 4 2 13 13 5.090 -2.335 1.907
SPIN 4 2 13 14 -2.674 2.234 4.781
SPIN 4 2 13 15 -0.372 2.084 -5.524
SPIN 1 2 14 0 3.455 4.350 2.035
SPIN 1 2 14 1 5.255 0.159 2.713
SPIN 1 2 14 2 -0.869 -0.418 -5.837
SPIN 1 2 14 3 -2.646 4.704 2.422
SPIN 1 2 14 4 -1.354 5.381 2.052
SPIN 1 2 14 5 -3.195 -0.576 4.946
SPIN 1 2 14 6 3.703 4.378 1.457
SPIN 1 2 14 7 -4.310 -4.005 0.623
SPIN 1 2 14 8 2.170 3.804 -3.977
SPIN 1 2 14 9 -1.493 5.623 1.076
SPIN 1 2 14 10 2.911 -3.135 4.087
SPIN 1 2 14 11 -0.188 -1.837 5.620
SPIN 1 2 14 12 4.915 -0.694 -3.218
SPIN 1 2 14 13 -4.513 1.618 -3.466
SPIN 1 2 14 14 0.905 -2.876 -5.090
SPIN 1 2 14 15 -2.541 3.281 4.216
SPIN 4 2 14 0 -2.596 5.144 1.341
SPIN 4 2 14 1 -5.160 -2.020 2.074
SPIN 4 2 14 2 1.711 2.879 4.877
SPIN 4 2 14 3 3.183 3.843 -3.178
SPIN 4 2 14 4 0.035 -4.835 3.409
SPIN 4 2 14 5 -1.303 1.400 5.598
SPIN 4 2 14 6 1.175 2.582 -5.192
SPIN 4 2 14 7 -1.316 -3.768 4.367
SPIN 4 2 14 8 -2.399 3.508 4.115
SPIN 4 2 14 9 2.596 -3.255 -4.204
SPIN 4 2 14 10 -4.376 -1.215 -3.792
SPIN 4 2 14 11 -0.503 1.101 5.791
SPIN 4 2 14 12 5.715 0.925 -1.219
SPIN 4 2 14 13 5.343 -1.596 1.976
SPIN 4 2 14 14 -4.659 -3.641 0.197
SPIN 4 2 14 15 1.558 -4.807 3.077
SPIN 1 2 15 0 -2.244 -5.468 -0.251
SPIN 1 2 15 1 -3.096 -5.036 -0.219
SPIN 1 2 15 2 0.510 5.556 1.967
SPIN 1 2 15 3 0.156 -3.924 -4.425
SPIN 1 2 15 4 -4.619 3.569 0.963
SPIN 1 2 15 5 -4.210 -3.750 1.794
SPIN 1 2 15 6 5.016 2.082 2.347
SPIN 1 2 15 7 -4.045 -2.839 -3.252
SPIN 1 2 15 8 4.866 -1.287 -3.109
SPIN 1 2 15 9 -1.923 -1.507 -5.388
SPIN 1 2 15 10 -0.169 4.414 3.935
SPIN 1 2 15 11 5.655 1.643 -0.564
SPIN 1 2 15 12 -2.330 4.311 -3.315
SPIN 1 2 15 13 2.990 -1.176 -4.967
SPIN 1 2 15 14 -0.669 3.475 -4.741
SPIN 1 2 15 15 -4.742 3.295 1.287
SPIN 4 2 15 0 -3.113 0.882 -4.953
SPIN 4 2 15 1 -3.361 -4.864 -0.222
SPIN 4 2 15 2 3.231 1.658 -4.670
SPIN 4 2 15 3 4.272 -3.598 -1.950
SPIN 4 2 15 4 2.152 -4.724 2.837
SPIN 4 2 15 5 -3.567 -4.544 1.275
SPIN 4 2 15 6 -0.481 2.641 5.272
SPIN 4 2 15 7 5.637 -1.043 -1.463
SPIN 4 2 15 8 -1.633 5.579 1.102
SPIN 4 2 15 9 4.770 -3.421 0.735
SPIN 4 2 15 10 -2.722 -2.541 -4.597
SPIN 4 2 15 11 -3.754 1.088 4.441
SPIN 4 2 15 12 3.231 0.194 4.952
SPIN 4 2 15 13 -3.511 4.593 -1.258
SPIN 4 2 15 14 5.027 0.557 -3.068
SPIN 4 2 15 15 -4.862 -1.944 2.754
SPIN 3 2 0 0 -0.448 -4.455 3.867
SPIN 3 2 0 1 -4.469 -1.739 3.464
SPIN 3 2 0 2 5.357 -2.295 -1.021
SPIN 3 2 0 3 0.840 5.792 0.861
SPIN 3 2 0 4 -0.023 1.304 -5.770
SPIN 3 2 0 5 -5.528 0.691 1.990
SPIN 3 2 0 6 -4.181 -2.994 2.925
SPIN 3 2 0 7 2.694 -4.635 -2.502
SPIN 3 2 0 8 3.883 0.510 4.434
SPIN 3 2 0 9 -3.890 -1.262 -4.275
SPIN 3 2 0 10 2.245 -4.916 2.407
SPIN 3 2 0 11 -4.555 2.602 -2.735
SPIN 3 2 0 12 -5.247 -1.021 2.534
SPIN 3 2 0 13 4.800 -2.291 2.590
SPIN 3 2 0 14 1.605 -4.434 -3.573
SPIN 3 2 0 15 -2.689 -2.736 4.503
SPIN 2 2 0 0 -5.777 1.275 0.038
SPIN 2 2 0 1 4.022 -1.975 -3.863
SPIN 2 2 0 2 -3.729 2.002 -4.133
SPIN 2 2 0 3 2.457 -4.742 2.545
SPIN 2 2 0 4 -3.714 -0.383 4.589
SPIN 2 2 0 5 2.534 -3.859 3.700
SPIN 2 2 0 6 0.149 2.992 -5.102
SPIN 2 2 0 7 -0.795 4.978 3.096
SPIN 2 2 0 8 -4.203 4.161 -0.115
SPIN 2 2 0 9 -2.554 -5.120 -1.504
SPIN 2 2 0 10 5.441 -0.793 2.184
SPIN 2 2 0 11 -1.427 -5.206 -2.420
SPIN 2 2 0 12 -4.650 -3.648 0.261
SPIN 2 2 0 13 -1.128 -2.488 -5.248
SPIN 2 2 0 14 -5.828 1.011 -0.130
SPIN 2 2 0 15 4.455 -1.515 -3.586
SPIN 3 2 1 0 1.247 2.186 -5.354
SPIN 3 2 1 1 -2.083 5.481 0.785
SPIN 3 2 1 2 -3.586 3.342 -3.312
SPIN 3 2 1 3 0.320 -2.610 -5.300
SPIN 3 2 1 4 5.639 0.864 1.567
SPIN 3 2 1 5 -2.936 -4.527 -2.426
SPIN 3 2 1 6 -2.057 -5.351 1.462
SPIN 3 2 1 7 1.605 1.173 -5.572
SPIN 3 2 1 8 2.461 3.796 -3.812
SPIN 3 2 1 9 -2.450 5.344 -0.662
SPIN 3 2 1 10 3.724 4.595 -0.151
SPIN 3 2 1 11 0.382 -4.799 -3.439
SPIN 3 2 1 12 2.417 -0.078 5.399
SPIN 3 2 1 13 2.178 -4.113 3.653
SPIN 3 2 1 14 -3.718 -2.354 -3.954
SPIN 3 2 1 15 3.192 1.467 4.760
SPIN 2 2 1 0 4.589 1.503 -3.419
SPIN 2 2 1 1 -5.343 1.104 -2.288
SPIN 2 2 1 2 -1.917 5.595 0.161
SPIN 2 2 1 3 1.203 5.356 2.206
SPIN 2 2 1 4 -4.932 -2.974 -1.353
SPIN 2 2 1 5 -4.462 2.442 3.020
SPIN 2 2 1 6 4.745 0.520 -3.495
SPIN 2 2 1 7 -1.559 -3.994 -4.077
SPIN 2 2 1 8 -4.673 -3.160 -1.782
SPIN 2 2 1 9 4.236 -1.512 3.844
SPIN 2 2 1 10 5.341 -2.530 -0.278
SPIN 2 2 1 11 -1.114 -2.408 5.288
SPIN 2 2 1 12 2.569 4.395 3.013
SPIN 2 2 1 13 3.118 3.733 -3.369
SPIN 2 2 1 14 3.674 1.139 4.495
SPIN 2 2 1 15 0.151 3.994 -4.362
SPIN 3 2 2 0 -1.797 -4.614 3.238
SPIN 3 2 2 1 3.349 -4.647 1.480
SPIN 3 2 2 2 5.122 -2.549 -1.507
SPIN 3 2 2 3 1.677 4.573 3.358
SPIN 3 2 2 4 -0.348 -5.752 -1.338
SPIN 3 2 2 5 -2.009 3.283 4.493
SPIN 3 2 2 6 -2.014 -4.950 -2.538
SPIN 3 2 2 7 -4.594 2.983 2.234
SPIN 3 2 2 8 3.475 -4.573 -1.419
SPIN 3 2 2 9 -1.994 1.522 -5.358
SPIN 3 2 2 10 -3.517 0.668 4.710
SPIN 3 2 2 11 -4.928 0.286 -3.262
SPIN 3 2 2 12 -2.818 3.466 3.879
SPIN 3 2 2 13 -4.918 3.213 -0.699
SPIN 3 2 2 14 1.066 -3.371 -4.743
SPIN 3 2 2 15 -3.205 -3.044 -3.932
SPIN 2 2 2 0 -0.349 2.114 5.514
SPIN 2 2 2 1 5.625 -0.192 -1.823
SPIN 2 2 2 2 -2.609 -5.096 -1.492
SPIN 2 2 2 3 2.256 -5.225 1.615
SPIN 2 2 2 4 1.248 -0.236 5.778
SPIN 2 2 2 5 0.246 -4.477 -3.859
SPIN 2 2 2 6 2.333 5.339 1.024
SPIN 2 2 2 7 2.916 -4.936 -1.460
SPIN 2 2 2 8 -3.446 -1.346 4.617
SPIN 2 2 2 9 2.105 5.362 -1.348
SPIN 2 2 2 10 -3.856 -1.130 -4.342
SPIN 2 2 2 11 2.314 -1.230 5.304
SPIN 2 2 2 12 -3.110 -1.062 -4.919
SPIN 2 2 2 13 0.642 -5.631 1.697
SPIN 2 2 2 14 -2.563 -5.311 0.473
SPIN 2 2 2 15 -2.711 1.960 -4.879
SPIN 3 2 3 0 -3.451 -4.501 1.683
SPIN 3 2 3 1 -5.635 -0.990 -1.504
SPIN 3 2 3 2 0.427 5.503 2.131
SPIN 3 2 3 3 -1.821 -3.249 -4.596
SPIN 3 2 3 4 -0.154 -0.952 5.837
SPIN 3 2 3 5 -5.866 -0.516 0.569
SPIN 3 2 3 6 -0.725 0.655 -5.835
SPIN 3 2 3 7 5.712 -0.215 1.524
SPIN 3 2 3 8 -5.455 2.255 0.406
SPIN 3 2 3 9 1.759 4.758 -3.045
SPIN 3 2 3 10 3.985 2.319 3.707
SPIN 3 2 3 11 2.072 1.846 -5.225
SPIN 3 2 3 12 4.859 -3.256 -0.887
SPIN 3 2 3 13 4.523 3.781 -0.498
SPIN 3 2 3 14 -4.612 -3.331 1.623
SPIN 3 2 3 15 -3.835 1.935 -4.069
SPIN 2 2 3 0 -2.409 4.929 -2.214
SPIN 2 2 3 1 -5.435 -1.827 -1.456
SPIN 2 2 3 2 -2.178 -5.344 -1.304
SPIN 2 2 3 3 -1.045 1.645 5.586
SPIN 2 2 3 4 5.434 0.682 2.237
SPIN 2 2 3 5 -2.507 5.192 1.326
SPIN 2 2 3 6 5.611 0.258 -1.856
SPIN 2 2 3 7 3.821 3.959 2.174
SPIN 2 2 3 8 -2.674 -5.101 1.353
SPIN 2 2 3 9 -4.242 3.274 2.507
SPIN 2 2 3 10 -4.912 -2.544 2.099
SPIN 2 2 3 11 -1.003 -2.752 -5.140
SPIN 2 2 3 12 -1.716 3.902 4.102
SPIN 2 2 3 13 -0.045 1.550 -5.709
SPIN 2 2 3 14 3.941 -4.340 -0.798
SPIN 2 2 3 15 -1.175 -3.477 4.640
SPIN 3 2 4 0 3.668 4.470 1.252
SPIN 3 2 4 1 3.065 0.733 -5.007
SPIN 3 2 4 2 -3.421 3.220 3.596
SPIN 3 2 4 3 -1.326 5.727 0.666
SPIN 3 2 4 4 3.954 -4.310 -0.889
SPIN 3 2 4 5 1.896 5.594 -0.340
SPIN 3 2 4 6 2.390 0.172 5.409
SPIN 3 2 4 7 2.039 -5.279 1.725
SPIN 3 2 4 8 5.544 -1.665 -1.222
SPIN 3 2 4 9 -0.489 -5.704 1.490
SPIN 3 2 4 10 -0.120 1.235 -5.785
SPIN 3 2 4 11 3.563 1.494 4.480
SPIN 3 2 4 12 0.645 -4.153 -4.163
SPIN 3 2 4 13 -0.586 -1.672 5.645
SPIN 3 2 4 14 -5.455 1.751 1.475
SPIN 3 2 4 15 -5.626 -0.028 1.830
SPIN 2 2 4 0 -3.382 -4.491 1.841
SPIN 2 2 4 1 -3.492 -1.623 -4.491
SPIN 2 2 4 2 -2.874 -5.163 0.279
SPIN 2 2 4 3 -1.514 5.050 -2.685
SPIN 2 2 4 4 -5.602 1.305 -1.385
SPIN 2 2 4 5 -0.319 -5.443 2.296
SPIN 2 2 4 6 -4.043 3.376 -2.693
SPIN 2 2 4 7 -3.143 -5.001 -0.332
SPIN 2 2 4 8 1.369 4.657 -3.382
SPIN 2 2 4 9 -2.896 -2.950 -4.232
SPIN 2 2 4 10 -1.597 4.741 -3.158
SPIN 2 2 4 11 1.267 -5.727 0.772
SPIN 2 2 4 12 -5.656 -1.732 -0.114
SPIN 2 2 4 13 3.252 4.461 2.127
SPIN 2 2 4 14 -5.884 -0.442 0.430
SPIN 2 2 4 15 3.548 1.652 -4.437
SPIN 3 2 5 0 -5.176 -0.646 -2.792
SPIN 3 2 5 1 2.272 -1.564 -5.234
SPIN 3 2 5 2 4.383 2.706 -2.909
SPIN 3 2 5 3 -1.971 -3.528 -4.320
SPIN 3 2 5 4 5.564 -0.233 1.998
SPIN 3 2 5 5 -4.073 1.555 3.999
SPIN 3 2 5 6 4.415 -0.652 3.883
SPIN 3 2 5 7 1.804 5.596 -0.660
SPIN 3 2 5 8 5.301 -1.542 -2.127
SPIN 3 2 5 9 -4.460 1.392 3.629
SPIN 3 2 5 10 3.867 1.944 -4.033
SPIN 3 2 5 11 5.611 -0.462 1.818
SPIN 3 2 5 12 4.610 2.161 -3.013
SPIN 3 2 5 13 3.561 -3.116 -3.551
SPIN 3 2 5 14 2.761 5.032 -1.433
SPIN 3 2 5 15 2.847 4.978 -1.454
SPIN 2 2 5 0 1.827 5.375 1.664
SPIN 2 2 5 1 1.723 -3.801 -4.193
SPIN 2 2 5 2 -3.131 -1.969 -4.617
SPIN 2 2 5 3 -3.228 4.938 -0.444
SPIN 2 2 5 4 1.415 1.984 -5.391
SPIN 2 2 5 5 -0.231 -5.676 -1.651
SPIN 2 2 5 6 1.701 5.662 0.211
SPIN 2 2 5 7 -4.137 -3.503 2.369
SPIN 2 2 5 8 0.709 1.921 5.550
SPIN 2 2 5 9 -1.120 5.691 1.168
SPIN 2 2 5 10 -1.093 3.880 4.331
SPIN 2 2 5 11 0.688 5.872 -0.221
SPIN 2 2 5 12 -5.848 0.850 -0.283
SPIN 2 2 5 13 -0.884 -5.809 -0.692
SPIN 2 2 5 14 4.252 3.904 1.295
SPIN 2 2 5 15 -5.490 -0.531 -2.141
SPIN 3 2 6 0 -3.454 -1.040 -4.689
SPIN 3 2 6 1 -0.236 -1.336 -5.758
SPIN 3 2 6 2 0.202 -5.184 -2.843
SPIN 3 2 6 3 3.055 5.040 -0.511
SPIN 3 2 6 4 -2.756 -2.026 4.827
SPIN 3 2 6 5 -3.811 -4.522 0.182
SPIN 3 2 6 6 -1.760 0.140 5.646
SPIN 3 2 6 7 -3.439 -3.998 -2.681
SPIN 3 2 6 8 -0.008 1.759 -5.648
SPIN 3 2 6 9 3.443 -4.718 0.942
SPIN 3 2 6 10 -2.368 -3.017 -4.504
SPIN 3 2 6 11 -4.289 4.040 -0.530
SPIN 3 2 6 12 1.670 -4.471 3.496
SPIN 3 2 6 13 -2.535 4.924 2.080
SPIN 3 2 6 14 3.321 0.386 4.881
SPIN 3 2 6 15 0.410 -0.786 -5.849
SPIN 2 2 6 0 5.117 2.738 1.151
SPIN 2 2 6 1 4.327 4.031 -0.173
SPIN 2 2 6 2 4.568 1.393 3.492
SPIN 2 2 6 3 -0.856 -5.762 -1.033
SPIN 2 2 6 4 -5.582 -0.311 -1.934
SPIN 2 2 6 5 3.373 -2.025 4.418
SPIN 2 2 6 6 -1.689 -3.780 4.226
SPIN 2 2 6 7 4.359 3.311 2.245
SPIN 2 2 6 8 2.270 5.072 -2.030
SPIN 2 2 6 9 5.072 -2.527 1.702
SPIN 2 2 6 10 -4.365 3.985 -0.248
SPIN 2 2 6 11 -4.583 -1.999 3.163
SPIN 2 2 6 12 4.713 1.499 -3.246
SPIN 2 2 6 13 2.206 -4.000 3.760
SPIN 2 2 6 14 -5.359 2.017 -1.489
SPIN 2 2 6 15 4.329 -1.663 -3.673
SPIN 3 2 7 0 -4.300 2.365 -3.304
SPIN 3 2 7 1 5.659 0.679 -1.587
SPIN 3 2 7 2 4.868 -3.006 1.504
SPIN 3 2 7 3 -5.732 -1.441 0.262
SPIN 3 2 7 4 -2.553 -1.065 -5.230
SPIN 3 2 7 5 0.579 1.464 5.703
SPIN 3 2 7 6 2.369 3.270 4.324
SPIN 3 2 7 7 3.473 -4.787 0.148
SPIN 3 2 7 8 4.416 -0.945 3.822
SPIN 3 2 7 9 -2.728 -0.423 -5.233
SPIN 3 2 7 10 5.128 2.596 1.403
SPIN 3 2 7 11 5.572 -1.760 -0.924
SPIN 3 2 7 12 -4.774 2.985 -1.816
SPIN 3 2 7 13 2.932 -4.161 -3.015
SPIN 3 2 7 14 3.631 2.042 4.201
SPIN 3 2 7 15 -1.833 -2.761 4.901
SPIN 2 2 7 0 -2.117 -3.412 -4.345
SPIN 2 2 7 1 -3.359 4.209 2.449
SPIN 2 2 7 2 -3.216 4.945 0.450
SPIN 2 2 7 3 4.491 2.128 3.211
SPIN 2 2 7 4 -1.822 -1.664 5.377
SPIN 2 2 7 5 5.861 -0.269 0.763
SPIN 2 2 7 6 1.607 0.022 -5.694
SPIN 2 2 7 7 -3.757 -4.134 1.949
SPIN 2 2 7 8 -4.112 -2.292 -3.583
SPIN 2 2 7 9 -0.982 5.390 -2.233
SPIN 2 2 7 10 -3.530 -1.056 -4.629
SPIN 2 2 7 11 -2.883 5.163 -0.171
SPIN 2 2 7 12 -5.444 -0.638 -2.226
SPIN 2 2 7 13 -2.479 3.607 3.980
SPIN 2 2 7 14 1.189 -4.146 4.049
SPIN 2 2 7 15 -1.588 3.367 4.598
SPIN 3 2 8 0 3.320 2.133 -4.408
SPIN 3 2 8 1 -0.491 -5.888 -0.290
SPIN 3 2 8 2 -1.964 -5.257 -1.871
SPIN 3 2 8 3 4.924 2.774 -1.750
SPIN 3 2 8 4 -5.349 -2.342 -0.952
SPIN 3 2 8 5 0.829 3.234 4.884
SPIN 3 2 8 6 -4.134 4.094 -1.073
SPIN 3 2 8 7 3.389 1.200 4.698
SPIN 3 2 8 8 2.491 4.847 2.303
SPIN 3 2 8 9 -3.851 2.095 3.972
SPIN 3 2 8 10 1.912 -1.297 -5.446
SPIN 3 2 8 11 -0.637 -2.295 5.415
SPIN 3 2 8 12 3.143 -4.891 -1.097
SPIN 3 2 8 13 2.494 -0.316 5.356
SPIN 3 2 8 14 -2.016 0.441 -5.544
SPIN 3 2 8 15 2.379 5.139 -1.712
SPIN 2 2 8 0 -0.261 5.780 1.234
SPIN 2 2 8 1 -3.980 -2.156 3.810
SPIN 2 2 8 2 -0.432 5.666 1.645
SPIN 2 2 8 3 -5.285 -1.064 2.436
SPIN 2 2 8 4 4.076 0.275 -4.279
SPIN 2 2 8 5 -0.511 2.058 5.523
SPIN 2 2 8 6 -2.164 -5.367 -1.229
SPIN 2 2 8 7 2.259 -5.129 -1.895
SPIN 2 2 8 8 2.746 3.197 -4.151
SPIN 2 2 8 9 -1.251 -3.559 -4.557
SPIN 2 2 8 10 -3.887 3.902 2.159
SPIN 2 2 8 11 5.614 1.867 -0.018
SPIN 2 2 8 12 -1.307 5.351 -2.158
SPIN 2 2 8 13 -3.181 -1.602 4.724
SPIN 2 2 8 14 5.518 -1.159 1.792
SPIN 2 2 8 15 2.906 -4.702 -2.108
SPIN 3 2 9 0 -2.531 1.200 5.211
SPIN 3 2 9 1 2.655 -2.742 -4.520
SPIN 3 2 9 2 -4.874 3.349 0.168
SPIN 3 2 9 3 3.341 -3.247 -3.646
SPIN 3 2 9 4 -3.996 -4.034 1.661
SPIN 3 2 9 5 5.127 -2.152 -2.021
SPIN 3 2 9 6 5.442 -1.783 -1.485
SPIN 3 2 9 7 -3.569 -2.412 -4.055
SPIN 3 2 9 8 -3.315 -0.331 -4.889
SPIN 3 2 9 9 2.931 -1.039 -5.033
SPIN 3 2 9 10 -5.700 -0.660 -1.440
SPIN 3 2 9 11 3.616 2.012 4.228
SPIN 3 2 9 12 -3.370 -1.936 -4.461
SPIN 3 2 9 13 0.338 0.188 -5.903
SPIN 3 2 9 14 1.581 -4.992 -2.753
SPIN 3 2 9 15 -0.247 -5.527 2.095
SPIN 2 2 9 0 -5.087 -1.538 -2.599
SPIN 2 2 9 1 -2.003 -4.479 -3.306
SPIN 2 2 9 2 3.091 -0.833 -4.975
SPIN 2 2 9 3 5.535 -1.261 -1.665
SPIN 2 2 9 4 -0.532 5.311 -2.551
SPIN 2 2 9 5 -2.320 -4.887 -2.395
SPIN 2 2 9 6 -5.561 -0.908 1.803
SPIN 2 2 9 7 2.618 3.058 -4.336
SPIN 2 2 9 8 0.670 -3.570 -4.670
SPIN 2 2 9 9 5.839 -0.798 -0.514
SPIN 2 2 9 10 -5.600 0.881 -1.692
SPIN 2 2 9 11 2.687 5.078 1.412
SPIN 2 2 9 12 3.243 -4.877 0.833
SPIN 2 2 9 13 3.844 1.960 4.048
SPIN 2 2 9 14 4.737 -1.169 3.345
SPIN 2 2 9 15 -2.694 3.728 -3.720
SPIN 3 2 10 0 2.951 -1.836 4.787
SPIN 3 2 10 1 -3.509 0.012 -4.763
SPIN 3 2 10 2 1.600 4.194 3.853
SPIN 3 2 10 3 -4.599 0.357 3.704
SPIN 3 2 10 4 -0.448 -4.179 4.164
SPIN 3 2 10 5 -3.567 4.308 1.927
SPIN 3 2 10 6 -1.227 3.581 -4.547
SPIN 3 2 10 7 -2.388 -5.357 0.771
SPIN 3 2 10 8 0.895 5.345 2.372
SPIN 3 2 10 9 1.707 3.667 -4.317
SPIN 3 2 10 10 -4.377 -1.666 -3.615
SPIN 3 2 10 11 0.534 -4.862 -3.328
SPIN 3 2 10 12 -5.525 0.550 2.042
SPIN 3 2 10 13 -2.203 0.764 5.437
SPIN 3 2 10 14 -2.165 -3.634 -4.136
SPIN 3 2 10 15 4.912 2.969 1.435
SPIN 2 2 10 0 -2.764 -3.427 -3.952
SPIN 2 2 10 1 5.459 -1.678 -1.544
SPIN 2 2 10 2 -3.311 -4.630 -1.611
SPIN 2 2 10 3 -0.171 5.586 1.940
SPIN 2 2 10 4 5.873 -0.563 -0.442
SPIN 2 2 10 5 4.246 -4.117 0.141
SPIN 2 2 10 6 2.630 2.600 -4.618
SPIN 2 2 10 7 -1.947 -3.871 4.028
SPIN 2 2 10 8 -0.881 5.407 -2.234
SPIN 2 2 10 9 -0.542 -5.417 -2.315
SPIN 2 2 10 10 4.953 3.231 -0.153
SPIN 2 2 10 11 -3.542 -4.645 -0.937
SPIN 2 2 10 12 3.333 3.921 -2.919
SPIN 2 2 10 13 -5.304 -1.845 1.860
SPIN 2 2 10 14 4.580 0.025 3.745
SPIN 2 2 10 15 -5.192 -1.169 -2.583
SPIN 3 2 11 0 -4.393 3.517 1.825
SPIN 3 2 11 1 0.131 2.748 5.237
SPIN 3 2 11 2 -1.580 0.390 -5.688
SPIN 3 2 11 3 2.679 -5.162 -1.085
SPIN 3 2 11 4 0.757 -2.911 -5.095
SPIN 3 2 11 5 -2.185 -3.138 4.514
SPIN 3 2 11 6 -3.058 4.815 1.570
SPIN 3 2 11 7 2.024 -1.713 -5.289
SPIN 3 2 11 8 2.487 -5.334 -0.601
SPIN 3 2 11 9 1.840 4.727 3.044
SPIN 3 2 11 10 -2.049 -3.307 -4.457
SPIN 3 2 11 11 3.030 5.009 0.852
SPIN 3 2 11 12 -0.958 -5.796 -0.697
SPIN 3 2 11 13 3.497 3.307 3.440
SPIN 3 2 11 14 2.787 4.904 1.783
SPIN 3 2 11 15 -4.387 -3.911 0.675
SPIN 2 2 11 0 -1.009 -5.477 1.997
SPIN 2 2 11 1 -5.704 -1.167 -1.052
SPIN 2 2 11 2 1.295 5.685 -1.004
SPIN 2 2 11 3 1.553 -5.546 1.352
SPIN 2 2 11 4 -4.312 2.333 -3.311
SPIN 2 2 11 5 -0.192 2.695 5.263
SPIN 2 2 11 6 -1.677 -4.907 2.849
SPIN 2 2 11 7 3.296 -4.907 0.239
SPIN 2 2 11 8 -3.930 -0.021 4.422
SPIN 2 2 11 9 4.682 -3.565 -0.604
SPIN 2 2 11 10 -3.717 -4.470 -1.096
SPIN 2 2 11 11 -0.183 4.724 3.556
SPIN 2 2 11 12 -4.204 -4.161 -0.108
SPIN 2 2 11 13 5.789 -0.507 -1.112
SPIN 2 2 11 14 -1.937 -4.604 -3.171
SPIN 2 2 11 15 4.816 -2.517 -2.338
SPIN 3 2 12 0 0.389 5.400 2.385
SPIN 3 2 12 1 3.568 -4.713 0.238
SPIN 3 2 12 2 -5.257 2.646 0.604
SPIN 3 2 12 3 0.421 -3.045 -5.055
SPIN 3 2 12 4 3.379 4.207 2.425
SPIN 3 2 12 5 0.526 -0.530 -5.869
SPIN 3 2 12 6 5.814 -1.021 0.391
SPIN 3 2 12 7 -4.224 3.545 -2.142
SPIN 3 2 12 8 3.698 -2.912 3.584
SPIN 3 2 12 9 -1.030 -4.896 3.158
SPIN 3 2 12 10 -1.476 5.617 1.128
SPIN 3 2 12 11 -5.372 0.830 2.336
SPIN 3 2 12 12 1.695 4.331 -3.657
SPIN 3 2 12 13 5.686 1.616 -0.240
SPIN 3 2 12 14 -3.156 -4.486 -2.217
SPIN 3 2 12 15 3.562 1.138 -4.585
SPIN 2 2 12 0 -1.593 -2.704 5.015
SPIN 2 2 12 1 -0.936 4.341 3.909
SPIN 2 2 12 2 -0.473 -3.233 -4.932
SPIN 2 2 12 3 -3.737 4.198 1.846
SPIN 2 2 12 4 0.609 -1.479 -5.696
SPIN 2 2 12 5 -1.260 5.082 2.755
SPIN 2 2 12 6 -0.678 1.047 5.783
SPIN 2 2 12 7 3.738 4.406 -1.273
SPIN 2 2 12 8 5.382 0.067 2.455
SPIN 2 2 12 9 -3.816 4.276 1.470
SPIN 2 2 12 10 3.334 2.653 4.104
SPIN 2 2 12 11 0.136 4.017 -4.341
SPIN 2 2 12 12 5.797 0.953 -0.700
SPIN 2 2 12 13 -4.081 3.702 -2.154
SPIN 2 2 12 14 3.664 3.501 -3.052
SPIN 2 2 12 15 -3.112 4.938 0.965
SPIN 3 2 13 0 2.709 5.242 -0.425
SPIN 3 2 13 1 -1.020 4.476 -3.732
SPIN 3 2 13 2 3.941 -4.098 -1.635
SPIN 3 2 13 3 -4.274 -2.171 -3.468
SPIN 3 2 13 4 2.970 -2.916 -4.204
SPIN 3 2 13 5 0.443 -1.431 5.723
SPIN 3 2 13 6 -3.984 1.993 3.893
SPIN 3 2 13 7 -0.031 -3.791 4.542
SPIN 3 2 13 8 -1.040 4.579 -3.599
SPIN 3 2 13 9 3.321 -1.475 -4.668
SPIN 3 2 13 10 -5.782 1.252 -0.015
SPIN 3 2 13 11 -1.958 -5.375 -1.510
SPIN 3 2 13 12 3.748 4.448 -1.081
SPIN 3 2 13 13 -2.882 -4.283 2.889
SPIN 3 2 13 14 0.313 5.908 0.007
SPIN 3 2 13 15 -5.440 2.119 0.954
SPIN 2 2 13 0 -1.046 -5.823 -0.042
SPIN 2 2 13 1 -1.558 -5.428 1.763
SPIN 2 2 13 2 3.584 4.706 -0.044
SPIN 2 2 13 3 -3.229 -4.834 1.100
SPIN 2 2 13 4 1.761 5.301 1.948
SPIN 2 2 13 5 -4.080 -2.486 3.488
SPIN 2 2 13 6 2.916 -1.464 -4.935
SPIN 2 2 13 7 5.686 1.629 -0.136
SPIN 2 2 13 8 -4.534 -0.976 -3.673
SPIN 2 2 13 9 4.554 0.731 3.705
SPIN 2 2 13 10 -3.950 4.126 1.540
SPIN 2 2 13 11 1.591 3.696 4.337
SPIN 2 2 13 12 -2.488 1.010 5.272
SPIN 2 2 13 13 -5.015 3.126 0.275
SPIN 2 2 13 14 -3.571 -1.709 4.396
SPIN 2 2 13 15 3.065 -2.235 -4.540
SPIN 3 2 14 0 4.322 -0.472 -4.013
SPIN 3 2 14 1 -3.925 -4.150 1.539
SPIN 3 2 14 2 2.764 0.690 -5.185
SPIN 3 2 14 3 -5.695 1.079 -1.182
SPIN 3 2 14 4 3.681 -4.171 -2.013
SPIN 3 2 14 5 1.399 4.479 3.603
SPIN 3 2 14 6 -4.298 2.341 3.323
SPIN 3 2 14 7 -2.218 3.437 -4.274
SPIN 3 2 14 8 3.711 -4.096 -2.111
SPIN 3 2 14 9 -1.668 4.703 3.178
SPIN 3 2 14 10 2.265 2.617 -4.798
SPIN 3 2 14 11 -2.410 -4.314 -3.252
SPIN 3 2 14 12 -1.452 1.629 5.499
SPIN 3 2 14 13 2.833 -4.878 -1.782
SPIN 3 2 14 14 4.136 -0.238 4.223
SPIN 3 2 14 15 -2.493 5.244 -1.136
SPIN 2 2 14 0 -2.628 -5.170 -1.171
SPIN 2 2 14 1 3.453 3.157 -3.620
SPIN 2 2 14 2 -0.254 5.607 -1.870
SPIN 2 2 14 3 -0.121 -5.501 2.173
SPIN 2 2 14 4 -4.307 -4.020 0.541
SPIN 2 2 14 5 -1.474 5.726 0.198
SPIN 2 2 14 6 -1.302 -5.387 2.070
SPIN 2 2 14 7 -1.811 -5.627 -0.236
SPIN 2 2 14 8 1.959 1.385 5.408
SPIN 2 2 14 9 -4.402 0.405 -3.932
SPIN 2 2 14 10 3.830 4.116 1.841
SPIN 2 2 14 11 -3.416 4.490 1.781
SPIN 2 2 14 12 0.829 -5.631 1.612
SPIN 2 2 14 13 -2.584 -0.740 -5.270
SPIN 2 2 14 14 2.095 -5.204 -1.877
SPIN 2 2 14 15 -4.446 3.629 -1.436
SPIN 3 2 15 0 -5.004 -2.486 1.944
SPIN 3 2 15 1 5.675 -1.266 -1.092
SPIN 3 2 15 2 -1.531 -1.059 5.615
SPIN 3 2 15 3 2.668 3.258 4.155
SPIN 3 2 15 4 3.699 4.405 1.382
SPIN 3 2 15 5 1.532 3.702 -4.353
SPIN 3 2 15 6 3.198 4.206 -2.660
SPIN 3 2 15 7 -1.660 5.544 1.227
SPIN 3 2 15 8 -3.127 4.515 -2.201
SPIN 3 2 15 9 0.945 -3.752 -4.475
SPIN 3 2 15 10 2.167 5.440 -0.844
SPIN 3 2 15 11 -1.856 -5.055 2.451
SPIN 3 2 15 12 -0.403 5.279 2.640
SPIN 3 2 15 13 -4.400 -1.582 -3.624
SPIN 3 2 15 14 2.324 -4.433 -3.154
SPIN 3 2 15 15 -0.635 3.494 -4.731
SPIN 2 2 15 0 -0.286 5.442 2.302
SPIN 2 2 15 1 1.591 3.410 -4.565
SPIN 2 2 15 2 2.689 -3.422 4.007
SPIN 2 2 15 3 -3.378 4.781 -0.854
SPIN 2 2 15 4 3.767 3.703 -2.664
SPIN 2 2 15 5 -3.272 -2.398 -4.306
SPIN 2 2 15 6 1.716 5.652 0.333
SPIN 2 2 15 7 2.673 -4.875 -2.023
SPIN 2 2 15 8 0.669 2.659 -5.243
SPIN 2 2 15 9 1.201 0.187 5.790
SPIN 2 2 15 10 -3.207 -4.047 -2.887
SPIN 2 2 15 11 2.676 5.269 -0.269
SPIN 2 2 15 12 4.514 -2.527 2.870
SPIN 2 2 15 13 5.595 -1.730 0.839
SPIN 2 2 15 14 -0.984 3.305 -4.807
SPIN 2 2 15 15 5.515 -1.723 1.272
SPIN 1 3 0 0 -0.818 4.723 3.468
SPIN 1 3 0 1 -2.072 4.750 -2.855
SPIN 1 3 0 2 -0.566 -3.129 4.989
SPIN 1 3 0 3 0.136 -4.848 3.388
SPIN 1 3 0 4 -4.500 -2.062 3.240
SPIN 1 3 0 5 -4.554 0.348 3.761
SPIN 1 3 0 6 4.485 -3.019 2.402
SPIN 1 3 0 7 -4.292 -3.491 -2.095
SPIN 1 3 0 8 0.952 0.801 5.784
SPIN 1 3 0 9 -2.015 -5.356 -1.501
SPIN 1 3 0 10 2.244 -5.073 2.057
SPIN 1 3 0 11 -4.084 3.165 2.882
SPIN 1 3 0 12 3.453 3.611 -3.168
SPIN 1 3 0 13 0.710 -4.276 -4.027
SPIN 1 3 0 14 -3.732 -3.516 -2.952
SPIN 1 3 0 15 1.891 -3.482 4.393
SPIN 4 3 0 0 1.486 4.823 -3.088
SPIN 4 3 0 1 0.296 -5.711 1.517
SPIN 4 3 0 2 1.675 5.473 1.497
SPIN 4 3 0 3 -3.288 -4.024 2.827
SPIN 4 3 0 4 1.206 3.544 -4.581
SPIN 4 3 0 5 -2.670 4.000 3.445
SPIN 4 3 0 6 1.800 1.270 -5.491
SPIN 4 3 0 7 2.707 3.182 4.189
SPIN 4 3 0 8 1.555 0.232 -5.703
SPIN 4 3 0 9 2.631 4.638 2.563
SPIN 4 3 0 10 -5.804 -1.060 0.431
SPIN 4 3 0 11 -1.189 3.171 4.851
SPIN 4 3 0 12 5.456 -1.298 1.884
SPIN 4 3 0 13 -5.518 -0.285 -2.115
SPIN 4 3 0 14 1.097 0.780 -5.761
SPIN 4 3 0 15 5.320 2.016 1.623
SPIN 1 3 1 0 -1.119 -4.750 3.344
SPIN 1 3 1 1 -5.142 -2.901 0.377
SPIN 1 3 1 2 -2.766 0.302 -5.221
SPIN 1 3 1 3 0.455 2.542 -5.323
SPIN 1 3 1 4 5.055 2.064 -2.278
SPIN 1 3 1 5 4.313 2.832 -2.894
SPIN 1 3 1 6 -2.490 1.437 -5.171
SPIN 1 3 1 7 -3.740 -0.629 4.541
SPIN 1 3 1 8 1.976 2.348 -5.058
SPIN 1 3 1 9 4.558 -2.943 -2.359
SPIN 1 3 1 10 0.173 -4.048 4.311
SPIN 1 3 1 11 -1.613 4.759 -3.123
SPIN 1 3 1 12 -1.742 5.653 -0.075
SPIN 1 3 1 13 -0.447 -3.558 4.706
SPIN 1 3 1 14 -0.120 -1.173 -5.797
SPIN 1 3 1 15 -2.134 -2.718 4.802
SPIN 4 3 1 0 5.142 -0.499 2.884
SPIN 4 3 1 1 2.541 3.020 4.407
SPIN 4 3 1 2 4.113 3.226 2.770
SPIN 4 3 1 3 -2.351 5.264 1.328
SPIN 4 3 1 4 -1.544 -0.374 5.699
SPIN 4 3 1 5 3.952 -0.087 4.401
SPIN 4 3 1 6 -3.703 2.868 -3.614
SPIN 4 3 1 7 4.216 2.917 -2.953
SPIN 4 3 1 8 -2.232 5.112 -1.972
SPIN 4 3 1 9 -1.735 -5.648 -0.310
SPIN 4 3 1 10 -2.546 5.032 1.788
SPIN 4 3 1 11 5.559 1.961 0.508
SPIN 4 3 1 12 2.467 -3.612 -3.983
SPIN 4 3 1 13 5.651 -1.687 -0.468
SPIN 4 3 1 14 2.998 -4.436 -2.516
SPIN 4 3 1 15 -5.401 -2.111 1.170
SPIN 1 3 2 0 3.723 -4.392 1.362
SPIN 1 3 2 1 3.588 4.595 -1.006
SPIN 1 3 2 2 1.408 -2.612 5.118
SPIN 1 3 2 3 -1.132 -5.531 -1.769
SPIN 1 3 2 4 2.330 1.369 5.263
SPIN 1 3 2 5 -0.805 5.524 1.959
SPIN 1 3 2 6 -3.107 -4.535 -2.186
SPIN 1 3 2 7 3.147 0.794 4.946
SPIN 1 3 2 8 -4.081 -3.944 1.671
SPIN 1 3 2 9 1.047 4.045 -4.188
SPIN 1 3 2 10 5.210 1.124 2.568
SPIN 1 3 2 11 -1.010 1.026 -5.738
SPIN 1 3 2 12 -1.089 -4.472 -3.716
SPIN 1 3 2 13 0.022 -5.829 -1.010
SPIN 1 3 2 14 0.607 4.678 -3.571
SPIN 1 3 2 15 5.195 2.270 1.692
SPIN 4 3 2 0 -2.783 2.859 4.368
SPIN 4 3 2 1 2.898 -5.151 0.274
SPIN 4 3 2 2 -3.857 2.866 3.451
SPIN 4 3 2 3 -3.509 0.574 -4.728
SPIN 4 3 2 4 1.188 5.756 -0.678
SPIN 4 3 2 5 5.190 0.677 -2.757
SPIN 4 3 2 6 -3.290 3.956 2.920
SPIN 4 3 2 7 3.237 0.283 4.944
SPIN 4 3 2 8 -3.083 -3.551 -3.590
SPIN 4 3 2 9 -2.755 0.234 -5.230
SPIN 4 3 2 10 0.833 -5.691 -1.385
SPIN 4 3 2 11 -1.088 5.588 1.608
SPIN 4 3 2 12 -5.113 -2.165 2.042
SPIN 4 3 2 13 -5.539 -0.059 2.078
SPIN 4 3 2 14 3.080 4.450 -2.390
SPIN 4 3 2 15 -0.258 -0.383 -5.898
SPIN 1 3 3 0 -2.668 3.463 3.986
SPIN 1 3 3 1 0.693 -0.480 5.856
SPIN 1 3 3 2 -3.667 -1.422 -4.420
SPIN 1 3 3 3 5.262 2.702 0.109
SPIN 1 3 3 4 -2.523 4.775 -2.416
SPIN 1 3 3 5 -1.444 2.111 -5.335
SPIN 1 3 3 6 0.888 5.700 1.314
SPIN 1 3 3 7 -4.833 -3.375 -0.498
SPIN 1 3 3 8 4.425 1.878 3.448
SPIN 1 3 3 9 -0.985 -5.367 -2.287
SPIN 1 3 3 10 -0.622 1.052 5.788
SPIN 1 3 3 11 0.853 5.074 2.920
SPIN 1 3 3 12 -0.582 2.253 5.439
SPIN 1 3 3 13 -3.597 -3.778 2.790
SPIN 1 3 3 14 5.826 0.607 0.830
SPIN 1 3 3 15 1.940 4.381 -3.471
SPIN 4 3 3 0 4.208 -4.157 -0.108
SPIN 4 3 3 1 -5.777 0.933 -0.872
SPIN 4 3 3 2 5.062 3.027 -0.463
SPIN 4 3 3 3 2.388 0.164 5.410
SPIN 4 3 3 4 -5.483 -1.991 0.983
SPIN 4 3 3 5 2.749 -2.675 -4.504
SPIN 4 3 3 6 1.926 3.652 -4.237
SPIN 4 3 3 7 1.207 -5.303 2.329
SPIN 4 3 3 8 2.775 5.121 -1.039
SPIN 4 3 3 9 5.675 -0.137 -1.667
SPIN 4 3 3 10 -5.341 2.343 -0.991
SPIN 4 3 3 11 -0.091 -5.730 1.469
SPIN 4 3 3 12 3.930 2.173 3.851
SPIN 4 3 3 13 -3.207 4.869 1.002
SPIN 4 3 3 14 -1.566 -2.105 -5.303
SPIN 4 3 3 15 -0.783 3.374 4.796
SPIN 1 3 4 0 3.192 2.741 -4.159
SPIN 1 3 4 1 -2.125 5.261 -1.675
SPIN 1 3 4 2 -2.165 0.187 5.502
SPIN 1 3 4 3 -1.360 1.317 -5.605
SPIN 1 3 4 4 3.739 -0.903 -4.495
SPIN 1 3 4 5 -5.373 1.936 1.545
SPIN 1 3 4 6 -0.116 -4.630 -3.681
SPIN 1 3 4 7 -1.570 3.681 -4.358
SPIN 1 3 4 8 -3.053 3.346 -3.805
SPIN 1 3 4 9 1.831 3.938 4.017
SPIN 1 3 4 10 1.289 0.140 -5.772
SPIN 1 3 4 11 -1.971 2.227 -5.114
SPIN 1 3 4 12 -2.371 -0.549 5.392
SPIN 1 3 4 13 2.289 -2.515 4.841
SPIN 1 3 4 14 1.845 5.089 -2.388
SPIN 1 3 4 15 0.343 -0.668 -5.868
SPIN 4 3 4 0 4.714 -1.414 -3.283
SPIN 4 3 4 1 -5.044 2.305 2.061
SPIN 4 3 4 2 1.858 -4.462 -3.412
SPIN 4 3 4 3 4.691 -1.446 3.302
SPIN 4 3 4 4 0.103 3.744 -4.579
SPIN 4 3 4 5 -2.889 5.038 -1.130
SPIN 4 3 4 6 -1.072 -5.446 2.048
SPIN 4 3 4 7 -2.069 -4.125 3.702
SPIN 4 3 4 8 -4.353 3.909 0.875
SPIN 4 3 4 9 -5.153 2.878 -0.411
SPIN 4 3 4 10 2.319 4.889 2.392
SPIN 4 3 4 11 -1.106 4.581 3.577
SPIN 4 3 4 12 0.066 1.870 -5.612
SPIN 4 3 4 13 -5.123 -0.587 -2.900
SPIN 4 3 4 14 1.375 -4.195 3.939
SPIN 4 3 4 15 -5.139 -0.167 -2.927
SPIN 1 3 5 0 -0.547 1.133 5.781
SPIN 1 3 5 1 -2.420 -5.395 -0.202
SPIN 1 3 5 2 3.859 -4.296 1.285
SPIN 1 3 5 3 3.036 -3.979 3.154
SPIN 1 3 5 4 -0.339 5.809 1.066
SPIN 1 3 5 5 3.272 4.916 -0.348
SPIN 1 3 5 6 4.096 3.388 2.598
SPIN 1 3 5 7 5.431 0.697 2.241
SPIN 1 3 5 8 -1.657 0.579 -5.650
SPIN 1 3 5 9 4.930 -1.132 3.068
SPIN 1 3 5 10 -2.413 -3.168 4.375
SPIN 1 3 5 11 -1.156 5.549 1.696
SPIN 1 3 5 12 -3.743 -4.467 1.016
SPIN 1 3 5 13 3.558 -4.561 -1.240
SPIN 1 3 5 14 -5.711 -0.021 -1.543
SPIN 1 3 5 15 2.005 -4.363 -3.457
SPIN 4 3 5 0 -1.054 -4.003 4.227
SPIN 4 3 5 1 -4.822 2.385 2.461
SPIN 4 3 5 2 4.787 -2.847 -1.995
SPIN 4 3 5 3 4.005 1.471 4.098
SPIN 4 3 5 4 0.509 5.814 -0.970
SPIN 4 3 5 5 -3.292 -0.035 4.916
SPIN 4 3 5 6 -2.401 0.314 -5.398
SPIN 4 3 5 7 1.899 1.695 -5.340
SPIN 4 3 5 8 -2.876 -2.209 4.674
SPIN 4 3 5 9 1.769 -5.645 0.094
SPIN 4 3 5 10 -0.710 -1.654 5.636
SPIN 4 3 5 11 3.578 -4.569 1.148
SPIN 4 3 5 12 -1.430 1.309 -5.590
SPIN 4 3 5 13 -0.674 5.832 0.727
SPIN 4 3 5 14 2.155 0.222 5.505
SPIN 4 3 5 15 1.198 -5.682 -1.133
SPIN 1 3 6 0 -2.677 -2.209 -4.791
SPIN 1 3 6 1 3.320 4.296 2.350
SPIN 1 3 6 2 -4.030 1.954 -3.865
SPIN 1 3 6 3 -0.089 5.849 -0.886
SPIN 1 3 6 4 -4.562 1.274 3.545
SPIN 1 3 6 5 4.289 3.904 1.169
SPIN 1 3 6 6 -0.430 -4.780 3.459
SPIN 1 3 6 7 -5.562 0.965 -1.771
SPIN 1 3 6 8 -4.773 -1.100 3.318
SPIN 1 3 6 9 0.354 -1.706 -5.654
SPIN 1 3 6 10 2.003 4.030 -3.840
SPIN 1 3 6 11 -0.527 -4.842 -3.358
SPIN 1 3 6 12 -1.609 5.439 1.682
SPIN 1 3 6 13 2.688 -4.663 -2.456
SPIN 1 3 6 14 -5.866 -0.402 0.653
SPIN 1 3 6 15 5.479 0.694 2.121
SPIN 4 3 6 0 5.571 1.575 1.219
SPIN 4 3 6 1 -0.559 -4.344 3.977
SPIN 4 3 6 2 -3.371 4.823 0.617
SPIN 4 3 6 3 -5.864 -0.579 0.533
SPIN 4 3 6 4 -4.169 -3.440 2.406
SPIN 4 3 6 5 -0.464 3.946 -4.383
SPIN 4 3 6 6 3.533 3.871 -2.745
SPIN 4 3 6 7 -2.492 -3.398 4.152
SPIN 4 3 6 8 5.660 -1.150 -1.282
SPIN 4 3 6 9 -3.244 4.763 -1.336
SPIN 4 3 6 10 5.368 -0.844 2.339
SPIN 4 3 6 11 1.317 5.584 -1.443
SPIN 4 3 6 12 0.580 -5.610 1.787
SPIN 4 3 6 13 -3.520 -0.667 -4.708
SPIN 4 3 6 14 5.014 -0.062 -3.139
SPIN 4 3 6 15 -5.499 -1.420 1.657
SPIN 1 3 7 0 4.766 -0.489 3.470
SPIN 1 3 7 1 2.300 -1.315 -5.290
SPIN 1 3 7 2 3.623 4.620 0.725
SPIN 1 3 7 3 -5.753 -1.373 0.116
SPIN 1 3 7 4 -0.692 5.668 1.548
SPIN 1 3 7 5 -3.003 -5.043 0.740
SPIN 1 3 7 6 -0.061 2.061 5.545
SPIN 1 3 7 7 -0.914 2.265 -5.388
SPIN 1 3 7 8 0.671 5.310 2.521
SPIN 1 3 7 9 -5.689 -1.618 -0.143
SPIN 1 3 7 10 2.343 -4.462 -3.099
SPIN 1 3 7 11 2.371 -1.227 5.279
SPIN 1 3 7 12 -2.571 2.365 4.775
SPIN 1 3 7 13 0.550 5.649 1.668
SPIN 1 3 7 14 3.976 -1.991 3.902
SPIN 1 3 7 15 -1.996 -1.958 -5.213
SPIN 4 3 7 0 2.541 3.712 3.842
SPIN 4 3 7 1 3.737 -3.887 2.436
SPIN 4 3 7 2 1.450 -5.626 1.116
SPIN 4 3 7 3 -1.995 -5.450 1.146
SPIN 4 3 7 4 -3.389 3.143 -3.693
SPIN 4 3 7 5 5.447 -2.128 -0.895
SPIN 4 3 7 6 4.945 -2.302 2.292
SPIN 4 3 7 7 3.105 0.260 5.029
SPIN 4 3 7 8 1.556 3.313 -4.648
SPIN 4 3 7 9 0.235 1.198 5.789
SPIN 4 3 7 10 -3.625 -3.713 -2.841
SPIN 4 3 7 11 -2.692 -5.189 0.912
SPIN 4 3 7 12 1.064 -3.888 -4.331
SPIN 4 3 7 13 2.104 3.155 -4.540
SPIN 4 3 7 14 -5.860 -0.383 0.720
SPIN 4 3 7 15 -1.114 5.507 1.853
SPIN 1 3 8 0 -4.290 1.992 -3.554
SPIN 1 3 8 1 -2.388 0.674 5.370
SPIN 1 3 8 2 1.884 -4.789 2.918
SPIN 1 3 8 3 2.352 1.416 5.240
SPIN 1 3 8 4 5.496 2.181 -0.179
SPIN 1 3 8 5 -2.334 -5.301 1.207
SPIN 1 3 8 6 3.321 3.920 -2.933
SPIN 1 3 8 7 1.202 -5.608 -1.451
SPIN 1 3 8 8 -5.320 -0.384 2.560
SPIN 1 3 8 9 2.846 -1.815 -4.859
SPIN 1 3 8 10 3.358 3.540 -3.345
SPIN 1 3 8 11 -0.193 4.731 -3.547
SPIN 1 3 8 12 3.826 -3.237 -3.144
SPIN 1 3 8 13 -3.043 3.382 -3.783
SPIN 1 3 8 14 -1.609 3.925 -4.124
SPIN 1 3 8 15 3.675 -4.625 -0.328
SPIN 4 3 8 0 -4.534 -3.455 1.584
SPIN 4 3 8 1 0.033 4.568 3.760
SPIN 4 3 8 2 -5.827 0.817 -0.612
SPIN 4 3 8 3 0.070 3.443 -4.811
SPIN 4 3 8 4 2.562 -5.321 -0.346
SPIN 4 3 8 5 1.104 5.564 -1.680
SPIN 4 3 8 6 1.697 1.234 -5.532
SPIN 4 3 8 7 3.503 0.281 -4.759
SPIN 4 3 8 8 0.864 1.119 5.745
SPIN 4 3 8 9 4.876 0.334 3.333
SPIN 4 3 8 10 1.951 2.456 5.016
SPIN 4 3 8 11 0.253 4.564 -3.756
SPIN 4 3 8 12 -2.661 5.282 -0.129
SPIN 4 3 8 13 2.652 -4.765 -2.294
SPIN 4 3 8 14 -2.151 -5.186 1.866
SPIN 4 3 8 15 -2.311 -0.929 5.366
SPIN 1 3 9 0 2.542 -3.786 -3.769
SPIN 1 3 9 1 5.834 0.236 -0.956
SPIN 1 3 9 2 3.628 3.029 3.558
SPIN 1 3 9 3 -4.697 2.625 2.459
SPIN 1 3 9 4 -2.853 -3.352 3.952
SPIN 1 3 9 5 -4.313 3.612 1.832
SPIN 1 3 9 6 -5.396 2.396 -0.374
SPIN 1 3 9 7 -0.440 3.068 5.039
SPIN 1 3 9 8 -4.941 -0.985 3.101
SPIN 1 3 9 9 2.501 2.939 -4.484
SPIN 1 3 9 10 -4.760 -3.513 0.054
SPIN 1 3 9 11 3.967 -4.280 0.973
SPIN 1 3 9 12 3.443 -2.039 -4.358
SPIN 1 3 9 13 4.369 -0.095 3.988
SPIN 1 3 9 14 -3.310 -3.963 -2.887
SPIN 1 3 9 15 1.422 5.460 1.779
SPIN 4 3 9 0 4.876 3.139 1.170
SPIN 4 3 9 1 -4.899 2.398 -2.292
SPIN 4 3 9 2 0.827 -5.728 1.226
SPIN 4 3 9 3 -1.639 5.624 -0.824
SPIN 4 3 9 4 -1.099 5.304 2.379
SPIN 4 3 9 5 1.683 -5.209 -2.243
SPIN 4 3 9 6 -0.236 4.093 4.265
SPIN 4 3 9 7 1.693 -3.817 -4.191
SPIN 4 3 9 8 0.032 5.298 -2.633
SPIN 4 3 9 9 -1.909 2.556 4.982
SPIN 4 3 9 10 5.296 2.616 0.324
SPIN 4 3 9 11 -4.331 0.541 3.993
SPIN 4 3 9 12 0.093 -5.827 -1.016
SPIN 4 3 9 13 -1.390 3.747 4.362
SPIN 4 3 9 14 -1.655 5.612 -0.873
SPIN 4 3 9 15 4.360 -1.999 3.463
SPIN 1 3 10 0 0.975 -0.799 -5.780
SPIN 1 3 10 1 -4.579 -1.810 3.280
SPIN 1 3 10 2 -4.732 -3.420 0.953
SPIN 1 3 10 3 -1.058 -0.821 -5.763
SPIN 1 3 10 4 5.512 0.504 -2.089
SPIN 1 3 10 5 1.464 -3.494 -4.544
SPIN 1 3 10 6 -1.341 -3.110 -4.851
SPIN 1 3 10 7 5.328 1.345 -2.191
SPIN 1 3 10 8 -2.293 -4.259 -3.406
SPIN 1 3 10 9 -2.935 -2.230 4.628
SPIN 1 3 10 10 2.393 0.861 5.342
SPIN 1 3 10 11 3.897 1.302 4.257
SPIN 1 3 10 12 -5.854 0.383 0.766
SPIN 1 3 10 13 -0.437 1.063 5.803
SPIN 1 3 10 14 1.503 -1.561 5.505
SPIN 1 3 10 15 2.737 -0.793 -5.185
SPIN 4 3 10 0 -0.390 -1.797 5.623
SPIN 4 3 10 1 -2.031 -3.741 -4.108
SPIN 4 3 10 2 -4.912 -1.966 2.647
SPIN 4 3 10 3 -1.853 4.597 3.230
SPIN 4 3 10 4 5.915 -0.097 0.091
SPIN 4 3 10 5 -3.247 -2.326 -4.364
SPIN 4 3 10 6 -4.931 -1.373 2.966
SPIN 4 3 10 7 0.913 5.832 0.391
SPIN 4 3 10 8 4.254 -4.083 -0.477
SPIN 4 3 10 9 -3.693 1.708 -4.294
SPIN 4 3 10 10 4.010 3.265 2.875
SPIN 4 3 10 11 0.849 -5.415 2.226
SPIN 4 3 10 12 3.639 -4.167 -2.096
SPIN 4 3 10 13 -3.181 -2.432 -4.355
SPIN 4 3 10 14 -2.382 -3.781 3.877
SPIN 4 3 10 15 -1.918 5.545 0.761
SPIN 1 3 11 0 -2.048 -3.651 4.180
SPIN 1 3 11 1 -2.657 -0.338 5.275
SPIN 1 3 11 2 5.079 -2.943 0.740
SPIN 1 3 11 3 -0.838 -4.832 -3.309
SPIN 1 3 11 4 0.239 0.031 5.911
SPIN 1 3 11 5 -1.687 -5.578 1.018
SPIN 1 3 11 6 5.811 0.827 0.737
SPIN 1 3 11 7 1.688 1.721 5.403
SPIN 1 3 11 8 -4.887 -2.856 -1.720
SPIN 1 3 11 9 -4.137 -0.487 4.201
SPIN 1 3 11 10 4.417 -3.846 -0.833
SPIN 1 3 11 11 -1.405 -1.397 5.574
SPIN 1 3 11 12 4.172 4.029 1.167
SPIN 1 3 11 13 -5.276 -1.851 -1.933
SPIN 1 3 11 14 -5.301 -0.054 -2.627
SPIN 1 3 11 15 4.981 3.183 -0.250
SPIN 4 3 11 0 -3.836 -2.476 -3.762
SPIN 4 3 11 1 -2.112 -2.320 5.016
SPIN 4 3 11 2 -0.221 -5.428 2.343
SPIN 4 3 11 3 -4.896 -0.007 -3.321
SPIN 4 3 11 4 -2.872 2.325 4.620
SPIN 4 3 11 5 0.128 1.891 5.604
SPIN 4 3 11 6 2.548 5.138 -1.452
SPIN 4 3 11 7 -4.074 -4.267 -0.440
SPIN 4 3 11 8 -1.134 5.115 -2.748
SPIN 4 3 11 9 1.629 -4.716 3.179
SPIN 4 3 11 10 -3.753 -4.517 0.714
SPIN 4 3 11 11 2.490 2.656 -4.663
SPIN 4 3 11 12 -3.558 1.943 -4.308
SPIN 4 3 11 13 3.417 0.607 4.791
SPIN 4 3 11 14 4.118 0.565 4.210
SPIN 4 3 11 15 -3.695 4.195 -1.935
SPIN 1 3 12 0 5.647 0.642 1.644
SPIN 1 3 12 1 1.991 -0.161 5.569
SPIN 1 3 12 2 -4.451 -1.155 -3.722
SPIN 1 3 12 3 4.768 3.464 -0.518
SPIN 1 3 12 4 1.645 5.682 0.121
SPIN 1 3 12 5 4.030 -4.133 1.296
SPIN 1 3 12 6 5.350 -1.867 1.699
SPIN 1 3 12 7 -4.368 -1.593 -3.658
SPIN 1 3 12 8 2.711 -4.391 -2.894
SPIN 1 3 12 9 -4.281 2.353 3.337
SPIN 1 3 12 10 -2.743 3.182 -4.166
SPIN 1 3 12 11 4.891 -2.633 2.036
SPIN 1 3 12 12 2.744 2.034 4.831
SPIN 1 3 12 13 -4.630 3.525 1.068
SPIN 1 3 12 14 5.620 -1.536 1.027
SPIN 1 3 12 15 0.431 -5.623 1.787
SPIN 4 3 12 0 -0.741 -5.588 1.796
SPIN 4 3 12 1 0.416 0.110 5.900
SPIN 4 3 12 2 3.607 3.077 -3.538
SPIN 4 3 12 3 -2.426 -3.996 -3.625
SPIN 4 3 12 4 -0.231 -4.795 3.457
SPIN 4 3 12 5 -1.318 5.754 -0.390
SPIN 4 3 12 6 3.146 2.488 4.349
SPIN 4 3 12 7 -0.350 -5.442 -2.293
SPIN 4 3 12 8 0.912 -1.546 -5.637
SPIN 4 3 12 9 -5.600 0.066 1.906
SPIN 4 3 12 10 5.377 2.396 0.591
SPIN 4 3 12 11 -1.756 -0.357 -5.638
SPIN 4 3 12 12 -0.750 -3.665 4.583
SPIN 4 3 12 13 2.811 1.286 -5.044
SPIN 4 3 12 14 2.149 -5.195 1.842
SPIN 4 3 12 15 3.979 3.895 -2.000
SPIN 1 3 13 0 0.360 1.988 -5.560
SPIN 1 3 13 1 -3.253 -4.348 -2.347
SPIN 1 3 13 2 3.334 -2.998 3.860
SPIN 1 3 13 3 2.808 -4.926 -1.688
SPIN 1 3 13 4 -1.595 -1.070 5.596
SPIN 1 3 13 5 1.838 4.766 -2.985
SPIN 1 3 13 6 0.057 -2.971 -5.116
SPIN 1 3 13 7 -3.561 4.697 0.511
SPIN 1 3 13 8 0.533 4.558 3.734
SPIN 1 3 13 9 3.176 2.445 4.351
SPIN 1 3 13 10 -2.814 -2.792 4.391
SPIN 1 3 13 11 -0.300 5.542 2.047
SPIN 1 3 13 12 4.391 2.667 -2.933
SPIN 1 3 13 13 1.777 2.280 -5.162
SPIN 1 3 13 14 -4.641 -1.257 3.446
SPIN 1 3 13 15 -1.487 2.655 5.074
SPIN 4 3 13 0 4.753 3.111 1.652
SPIN 4 3 13 1 -4.978 -3.013 1.071
SPIN 4 3 13 2 -0.848 5.855 0.069
SPIN 4 3 13 3 -1.869 5.451 1.341
SPIN 4 3 13 4 -3.307 0.908 4.821
SPIN 4 3 13 5 1.284 -5.595 -1.429
SPIN 4 3 13 6 -1.101 5.351 -2.270
SPIN 4 3 13 7 4.291 -3.924 1.092
SPIN 4 3 13 8 -0.465 -2.180 5.480
SPIN 4 3 13 9 4.031 -0.986 -4.217
SPIN 4 3 13 10 -5.169 1.941 2.124
SPIN 4 3 13 11 -2.195 -3.823 3.946
SPIN 4 3 13 12 3.575 -4.515 1.356
SPIN 4 3 13 13 5.451 2.216 -0.609
SPIN 4 3 13 14 -4.392 3.778 -1.199
SPIN 4 3 13 15 0.865 -5.707 1.295
SPIN 1 3 14 0 -0.345 5.660 -1.687
SPIN 1 3 14 1 5.309 -2.486 -0.798
SPIN 1 3 14 2 1.302 0.776 5.719
SPIN 1 3 14 3 -0.295 5.727 -1.455
SPIN 1 3 14 4 1.562 -5.144 -2.471
SPIN 1 3 14 5 0.500 -5.377 -2.417
SPIN 1 3 14 6 -2.417 -0.460 5.380
SPIN 1 3 14 7 -4.918 -0.347 -3.270
SPIN 1 3 14 8 4.232 4.133 0.107
SPIN 1 3 14 9 -5.517 1.405 1.608
SPIN 1 3 14 10 -2.062 5.526 0.466
SPIN 1 3 14 11 -1.709 0.536 -5.638
SPIN 1 3 14 12 -4.488 3.832 -0.420
SPIN 1 3 14 13 4.301 3.974 -0.842
SPIN 1 3 14 14 2.645 2.442 4.695
SPIN 1 3 14 15 1.242 -4.624 -3.475
SPIN 4 3 14 0 -5.636 -0.507 -1.727
SPIN 4 3 14 1 5.309 1.787 -1.903
SPIN 4 3 14 2 -1.031 -4.624 3.544
SPIN 4 3 14 3 1.779 4.128 -3.846
SPIN 4 3 14 4 -0.536 3.723 -4.566
SPIN 4 3 14 5 0.234 4.378 -3.973
SPIN 4 3 14 6 1.519 -2.401 5.189
SPIN 4 3 14 7 -4.286 4.075 0.160
SPIN 4 3 14 8 5.570 0.518 -1.925
SPIN 4 3 14 9 1.785 5.534 1.087
SPIN 4 3 14 10 -2.966 -4.997 -1.112
SPIN 4 3 14 11 3.132 4.901 -1.083
SPIN 4 3 14 12 1.028 -5.150 2.724
SPIN 4 3 14 13 -4.900 -2.008 2.638
SPIN 4 3 14 14 4.034 2.195 3.729
SPIN 4 3 14 15 4.785 -0.880 3.366
SPIN 1 3 15 0 -2.727 5.162 -0.961
SPIN 1 3 15 1 4.646 -1.251 -3.442
SPIN 1 3 15 2 -5.695 0.512 -1.517
SPIN 1 3 15 3 -3.435 4.472 -1.789
SPIN 1 3 15 4 4.853 3.375 -0.249
SPIN 1 3 15 5 5.337 -2.413 -0.833
SPIN 1 3 15 6 0.575 -5.498 -2.107
SPIN 1 3 15 7 -3.798 3.089 3.321
SPIN 1 3 15 8 -4.309 -2.829 2.903
SPIN 1 3 15 9 -3.727 -4.093 2.088
SPIN 1 3 15 10 3.468 3.316 -3.461
SPIN 1 3 15 11 -0.205 1.886 5.604
SPIN 1 3 15 12 1.338 1.806 -5.473
SPIN 1 3 15 13 0.094 2.927 5.140
SPIN 1 3 15 14 0.622 4.817 3.378
SPIN 1 3 15 15 -1.119 -3.902 4.304
SPIN 4 3 15 0 -1.119 -3.627 4.538
SPIN 4 3 15 1 0.874 5.757 1.045
SPIN 4 3 15 2 4.711 2.236 -2.794
SPIN 4 3 15 3 -0.832 0.243 5.852
SPIN 4 3 15 4 0.158 -0.626 -5.881
SPIN 4 3 15 5 -1.240 2.850 -5.034
SPIN 4 3 15 6 -3.161 -0.835 4.930
SPIN 4 3 15 7 0.130 3.085 -5.046
SPIN 4 3 15 8 -3.293 -4.867 0.684
SPIN 4 3 15 9 -0.090 3.434 4.817
SPIN 4 3 15 10 0.037 -5.303 2.622
SPIN 4 3 15 11 1.454 3.616 -4.451
SPIN 4 3 15 12 -3.276 4.240 2.509
SPIN 4 3 15 13 5.011 -2.396 2.037
SPIN 4 3 15 14 -2.753 3.531 -3.866
SPIN 4 3 15 15 -0.007 1.648 -5.682
SPIN 3 3 0 0 4.500 -1.933 3.318
SPIN 3 3 0 1 -3.254 3.775 3.188
SPIN 3 3 0 2 -2.669 2.759 4.502
SPIN 3 3 0 3 0.512 1.914 -5.575
SPIN 3 3 0 4 -5.414 0.859 2.225
SPIN 3 3 0 5 4.598 -2.322 2.910
SPIN 3 3 0 6 3.699 4.569 -0.663
SPIN 3 3 0 7 2.547 5.104 -1.569
SPIN 3 3 0 8 -4.894 3.207 -0.876
SPIN 3 3 0 9 5.811 -0.873 0.683
SPIN 3 3 0 10 -1.225 2.977 4.964
SPIN 3 3 0 11 0.919 -5.325 -2.408
SPIN 3 3 0 12 -5.408 1.819 1.562
SPIN 3 3 0 13 -1.324 5.422 -1.961
SPIN 3 3 0 14 -2.109 -1.592 5.293
SPIN 3 3 0 15 2.065 -2.360 -5.017
SPIN 2 3 0 0 5.699 0.236 1.570
SPIN 2 3 0 1 1.948 1.446 -5.396
SPIN 2 3 0 2 -0.531 -4.256 -4.075
SPIN 2 3 0 3 4.031 0.133 -4.328
SPIN 2 3 0 4 -2.263 3.502 4.197
SPIN 2 3 0 5 0.132 3.733 -4.587
SPIN 2 3 0 6 4.220 2.955 2.909
SPIN 2 3 0 7 3.840 -2.535 3.718
SPIN 2 3 0 8 -0.061 -5.818 -1.069
SPIN 2 3 0 9 3.359 -3.185 3.685
SPIN 2 3 0 10 -3.545 2.857 -3.777
SPIN 2 3 0 11 1.460 1.343 -5.574
SPIN 2 3 0 12 1.229 4.702 3.373
SPIN 2 3 0 13 -2.571 0.828 5.263
SPIN 2 3 0 14 1.965 -1.206 5.448
SPIN 2 3 0 15 -4.296 3.248 -2.449
SPIN 3 3 1 0 -4.590 2.209 -3.009
SPIN 3 3 1 1 3.808 2.345 3.873
SPIN 3 3 1 2 -5.566 -0.514 1.938
SPIN 3 3 1 3 4.610 -0.231 3.700
SPIN 3 3 1 4 3.652 -4.616 0.602
SPIN 3 3 1 5 -4.414 3.783 -1.096
SPIN 3 3 1 6 5.904 -0.197 0.316
SPIN 3 3 1 7 -4.962 0.719 3.140
SPIN 3 3 1 8 5.876 -0.591 -0.356
SPIN 3 3 1 9 -4.857 3.256 -0.899
SPIN 3 3 1 10 3.366 1.872 4.491
SPIN 3 3 1 11 -5.245 2.398 1.318
SPIN 3 3 1 12 0.496 1.887 -5.585
SPIN 3 3 1 13 5.181 -0.036 -2.855
SPIN 3 3 1 14 2.324 1.415 -5.254
SPIN 3 3 1 15 3.918 2.042 3.935
SPIN 2 3 1 0 -1.987 0.609 5.539
SPIN 2 3 1 1 -2.729 -5.239 0.328
SPIN 2 3 1 2 4.273 -2.785 2.997
SPIN 2 3 1 3 -3.742 -3.146 -3.331
SPIN 2 3 1 4 -5.629 -1.500 -1.029
SPIN 2 3 1 5 4.479 -2.207 3.173
SPIN 2 3 1 6 2.008 3.798 4.067
SPIN 2 3 1 7 -2.111 -2.068 -5.125
SPIN 2 3 1 8 3.473 2.364 4.166
SPIN 2 3 1 9 -4.698 -0.401 -3.574
SPIN 2 3 1 10 -3.733 4.512 0.841
SPIN 2 3 1 11 2.535 -0.330 -5.335
SPIN 2 3 1 12 -4.855 -0.888 -3.262
SPIN 2 3 1 13 0.991 -0.359 5.821
SPIN 2 3 1 14 -4.139 -0.964 -4.116
SPIN 2 3 1 15 -3.137 4.885 -1.138
SPIN 3 3 2 0 4.593 -2.403 2.852
SPIN 3 3 2 1 -4.968 3.162 -0.564
SPIN 3 3 2 2 4.789 -3.136 -1.492
SPIN 3 3 2 3 4.602 -0.507 3.683
SPIN 3 3 2 4 -4.246 4.032 0.843
SPIN 3 3 2 5 2.094 -5.313 1.545
SPIN 3 3 2 6 -2.054 -3.239 -4.504
SPIN 3 3 2 7 -4.393 -3.795 -1.141
SPIN 3 3 2 8 -5.475 -0.163 2.235
SPIN 3 3 2 9 2.744 4.842 2.007
SPIN 3 3 2 10 -5.677 1.450 0.820
SPIN 3 3 2 11 3.821 -3.026 3.353
SPIN 3 3 2 12 -1.545 -2.651 5.058
SPIN 3 3 2 13 -2.630 0.204 -5.295
SPIN 3 3 2 14 -1.415 -2.954 4.927
SPIN 3 3 2 15 4.826 1.766 -2.931
SPIN 2 3 2 0 0.661 5.217 -2.711
SPIN 2 3 2 1 2.817 -4.415 -2.753
SPIN 2 3 2 2 -3.654 -4.481 -1.254
SPIN 2 3 2 3 2.448 5.264 1.137
SPIN 2 3 2 4 4.817 -2.283 -2.565
SPIN 2 3 2 5 -1.251 -5.232 2.462
SPIN 2 3 2 6 -4.623 3.318 -1.620
SPIN 2 3 2 7 -0.362 3.717 -4.589
SPIN 2 3 2 8 1.587 -4.972 -2.787
SPIN 2 3 2 9 3.086 -2.105 4.587
SPIN 2 3 2 10 0.040 5.888 -0.573
SPIN 2 3 2 11 0.723 -4.406 3.881
SPIN 2 3 2 12 5.627 1.822 -0.135
SPIN 2 3 2 13 1.210 0.004 -5.791
SPIN 2 3 2 14 3.443 3.170 3.619
SPIN 2 3 2 15 -1.013 5.425 -2.132
SPIN 3 3 3 0 -3.205 1.902 -4.595
SPIN 3 3 3 1 5.667 0.896 -1.444
SPIN 3 3 3 2 -2.276 2.897 4.629
SPIN 3 3 3 3 1.205 2.300 5.316
SPIN 3 3 3 4 -0.528 5.879 0.400
SPIN 3 3 3 5 3.545 -3.169 -3.520
SPIN 3 3 3 6 -0.133 5.287 2.651
SPIN 3 3 3 7 4.302 4.060 0.089
SPIN 3 3 3 8 0.264 5.706 1.541
SPIN 3 3 3 9 -4.729 -2.899 -2.057
SPIN 3 3 3 10 5.836 -0.900 0.360
SPIN 3 3 3 11 -4.490 2.912 2.521
SPIN 3 3 3 12 -2.135 4.514 3.172
SPIN 3 3 3 13 -2.295 1.185 5.323
SPIN 3 3 3 14 2.372 5.126 1.760
SPIN 3 3 3 15 3.675 2.273 4.041
SPIN 2 3 3 0 -3.432 -0.334 -4.807
SPIN 2 3 3 1 0.928 -3.387 4.761
SPIN 2 3 3 2 -0.255 5.908 -0.174
SPIN 2 3 3 3 1.246 2.642 5.145
SPIN 2 3 3 4 -0.260 -0.141 -5.909
SPIN 2 3 3 5 -2.273 -0.250 -5.456
SPIN 2 3 3 6 -0.406 -2.987 5.091
SPIN 2 3 3 7 -3.483 -1.320 4.596
SPIN 2 3 3 8 1.979 5.564 0.351
SPIN 2 3 3 9 -1.135 2.617 5.183
SPIN 2 3 3 10 4.725 3.474 -0.774
SPIN 2 3 3 11 4.711 -0.555 -3.535
SPIN 2 3 3 12 -4.329 -3.813 -1.314
SPIN 2 3 3 13 5.321 -2.497 0.670
SPIN 2 3 3 14 4.694 -3.353 -1.312
SPIN 2 3 3 15 2.463 -1.562 5.147
SPIN 3 3 4 0 -3.242 4.189 -2.635
SPIN 3 3 4 1 2.646 -0.736 5.240
SPIN 3 3 4 2 5.554 1.988 0.451
SPIN 3 3 4 3 -4.734 3.485 0.664
SPIN 3 3 4 4 2.940 -0.076 5.133
SPIN 3 3 4 5 -0.569 4.243 4.083
SPIN 3 3 4 6 2.868 -2.690 4.421
SPIN 3 3 4 7 -5.622 -1.165 1.429
SPIN 3 3 4 8 5.009 -0.373 -3.126
SPIN 3 3 4 9 -5.282 0.067 -2.664
SPIN 3 3 4 10 -5.797 -0.772 0.897
SPIN 3 3 4 11 -0.227 -1.079 -5.812
SPIN 3 3 4 12 1.545 5.300 -2.127
SPIN 3 3 4 13 4.810 -3.370 -0.713
SPIN 3 3 4 14 -0.327 1.765 5.637
SPIN 3 3 4 15 -0.260 -5.816 -1.051
SPIN 2 3 4 0 0.714 -3.481 4.730
SPIN 2 3 4 1 -4.219 4.068 -0.808
SPIN 2 3 4 2 1.318 -5.745 0.504
SPIN 2 3 4 3 -0.811 5.656 1.533
SPIN 2 3 4 4 2.482 2.105 -4.940
SPIN 2 3 4 5 1.944 -5.184 2.084
SPIN 2 3 4 6 -5.854 0.711 -0.473
SPIN 2 3 4 7 1.062 -4.754 -3.357
SPIN 2 3 4 8 0.151 -5.864 -0.771
SPIN 2 3 4 9 3.911 2.756 3.480
SPIN 2 3 4 10 4.929 3.110 -1.015
SPIN 2 3 4 11 -0.227 -5.405 -2.395
SPIN 2 3 4 12 3.976 1.423 4.143
SPIN 2 3 4 13 -5.905 -0.322 -0.160
SPIN 2 3 4 14 2.296 -5.353 -1.036
SPIN 2 3 4 15 -5.798 -0.789 0.870
SPIN 3 3 5 0 5.587 1.742 -0.868
SPIN 3 3 5 1 -2.553 0.536 -5.310
SPIN 3 3 5 2 -5.365 1.861 1.659
SPIN 3 3 5 3 -0.597 -5.701 1.462
SPIN 3 3 5 4 -0.521 -2.645 -5.266
SPIN 3 3 5 5 1.761 1.331 -5.489
SPIN 3 3 5 6 -5.237 -2.263 1.566
SPIN 3 3 5 7 -1.778 -4.720 3.092
SPIN 3 3 5 8 0.007 4.699 3.595
SPIN 3 3 5 9 3.905 0.280 -4.435
SPIN 3 3 5 10 -2.314 0.924 -5.366
SPIN 3 3 5 11 0.389 -5.798 1.108
SPIN 3 3 5 12 -4.821 -1.675 2.992
SPIN 3 3 5 13 -5.576 -0.086 -1.976
SPIN 3 3 5 14 -3.240 0.522 -4.922
SPIN 3 3 5 15 3.192 4.285 -2.539
SPIN 2 3 5 0 -4.621 3.555 1.008
SPIN 2 3 5 1 5.081 -2.825 -1.097
SPIN 2 3 5 2 4.542 2.974 2.349
SPIN 2 3 5 3 -5.438 -1.674 1.621
SPIN 2 3 5 4 -2.752 -5.126 -1.071
SPIN 2 3 5 5 -5.524 -1.497 -1.498
SPIN 2 3 5 6 -0.881 0.210 5.846
SPIN 2 3 5 7 5.421 1.155 2.069
SPIN 2 3 5 8 -5.048 -0.946 -2.937
SPIN 2 3 5 9 2.152 5.376 1.212
SPIN 2 3 5 10 -0.756 -5.831 0.651
SPIN 2 3 5 11 -3.998 4.355 -0.222
SPIN 2 3 5 12 0.843 -3.662 -4.570
SPIN 2 3 5 13 0.439 4.498 3.818
SPIN 2 3 5 14 -1.339 0.687 5.721
SPIN 2 3 5 15 1.838 -5.443 1.413
SPIN 3 3 6 0 0.078 5.415 -2.381
SPIN 3 3 6 1 2.472 2.383 4.818
SPIN 3 3 6 2 4.210 1.242 3.966
SPIN 3 3 6 3 -4.619 -2.719 -2.505
SPIN 3 3 6 4 -3.762 -0.090 4.565
SPIN 3 3 6 5 0.202 5.403 2.401
SPIN 3 3 6 6 -0.558 -0.838 -5.830
SPIN 3 3 6 7 3.829 -0.272 4.502
SPIN 3 3 6 8 2.016 -2.692 4.867
SPIN 3 3 6 9 -1.925 5.514 -0.943
SPIN 3 3 6 10 3.122 0.254 -5.019
SPIN 3 3 6 11 0.131 -3.277 -4.924
SPIN 3 3 6 12 2.290 5.375 -0.929
SPIN 3 3 6 13 3.883 -4.261 -1.330
SPIN 3 3 6 14 -4.945 -2.601 -1.945
SPIN 3 3 6 15 2.381 5.160 1.643
SPIN 2 3 6 0 5.006 -2.848 -1.354
SPIN 2 3 6 1 -2.404 3.846 3.799
SPIN 2 3 6 2 0.797 -4.433 -3.836
SPIN 2 3 6 3 -1.924 -0.442 -5.577
SPIN 2 3 6 4 2.023 5.542 0.438
SPIN 2 3 6 5 2.543 -0.595 -5.308
SPIN 2 3 6 6 -5.076 -0.278 -3.026
SPIN 2 3 6 7 -2.235 1.639 -5.227
SPIN 2 3 6 8 5.356 -2.493 0.321
SPIN 2 3 6 9 -3.823 -1.968 -4.064
SPIN 2 3 6 10 1.291 2.706 -5.100
SPIN 2 3 6 11 -4.141 0.543 4.190
SPIN 2 3 6 12 1.389 3.990 -4.141
SPIN 2 3 6 13 0.052 5.605 -1.893
SPIN 2 3 6 14 4.077 3.310 -2.724
SPIN 2 3 6 15 -5.593 1.007 -1.645
SPIN 3 3 7 0 1.039 3.909 4.318
SPIN 3 3 7 1 -3.157 -0.697 4.955
SPIN 3 3 7 2 3.332 -4.807 0.887
SPIN 3 3 7 3 -0.281 -5.908 -0.137
SPIN 3 3 7 4 4.100 0.243 -4.258
SPIN 3 3 7 5 1.613 -5.160 2.402
SPIN 3 3 7 6 5.270 2.656 -0.415
SPIN 3 3 7 7 -3.298 -0.777 -4.850
SPIN 3 3 7 8 -1.557 5.378 1.911
SPIN 3 3 7 9 -2.104 -4.775 2.788
SPIN 3 3 7 10 5.457 -2.222 -0.535
SPIN 3 3 7 11 -5.492 0.408 2.162
SPIN 3 3 7 12 -3.464 -4.624 -1.273
SPIN 3 3 7 13 -4.267 -3.980 -0.978
SPIN 3 3 7 14 2.353 -2.630 4.748
SPIN 3 3 7 15 -0.897 5.751 -1.057
SPIN 2 3 7 0 -2.697 4.240 3.123
SPIN 2 3 7 1 1.369 -4.315 -3.808
SPIN 2 3 7 2 -1.514 5.012 2.754
SPIN 2 3 7 3 1.844 3.727 4.208
SPIN 2 3 7 4 -1.161 -5.607 -1.487
SPIN 2 3 7 5 -2.358 5.194 -1.571
SPIN 2 3 7 6 -0.051 -2.399 -5.408
SPIN 2 3 7 7 -0.869 5.433 -2.175
SPIN 2 3 7 8 4.158 -3.709 -1.988
SPIN 2 3 7 9 -4.103 0.665 -4.210
SPIN 2 3 7 10 0.637 -3.043 5.033
SPIN 2 3 7 11 -3.516 2.858 3.804
SPIN 2 3 7 12 -5.833 -0.235 0.957
SPIN 2 3 7 13 -5.072 -1.665 2.550
SPIN 2 3 7 14 2.374 -4.057 -3.592
SPIN 2 3 7 15 0.043 -3.891 -4.456
SPIN 3 3 8 0 -1.940 -0.138 -5.587
SPIN 3 3 8 1 2.343 0.283 -5.425
SPIN 3 3 8 2 1.934 4.161 -3.734
SPIN 3 3 8 3 -5.507 -0.673 2.055
SPIN 3 3 8 4 0.217 5.862 -0.768
SPIN 3 3 8 5 -3.207 -3.527 -3.504
SPIN 3 3 8 6 -4.291 -0.754 4.003
SPIN 3 3 8 7 -2.113 -0.620 -5.491
SPIN 3 3 8 8 -0.363 -5.025 3.102
SPIN 3 3 8 9 1.115 -4.123 4.094
SPIN 3 3 8 10 1.808 -3.899 4.066
SPIN 3 3 8 11 -0.017 2.353 -5.428
SPIN 3 3 8 12 -1.606 -2.496 5.118
SPIN 3 3 8 13 -4.726 0.241 -3.550
SPIN 3 3 8 14 1.877 3.058 4.704
SPIN 3 3 8 15 1.523 -5.215 -2.342
SPIN 2 3 8 0 1.755 4.351 3.604
SPIN 2 3 8 1 2.460 -5.346 -0.608
SPIN 2 3 8 2 1.765 -5.281 -1.999
SPIN 2 3 8 3 4.615 -0.217 -3.695
SPIN 2 3 8 4 -5.448 -1.027 -2.064
SPIN 2 3 8 5 2.007 -5.564 0.106
SPIN 2 3 8 6 0.698 -1.827 5.584
SPIN 2 3 8 7 -5.896 -0.477 0.066
SPIN 2 3 8 8 -5.650 -0.044 -1.755
SPIN 2 3 8 9 -1.314 -3.060 4.890
SPIN 2 3 8 10 2.916 5.059 -0.948
SPIN 2 3 8 11 2.001 -5.173 2.058
SPIN 2 3 8 12 -4.790 -2.427 2.483
SPIN 2 3 8 13 -4.280 3.964 0.983
SPIN 2 3 8 14 5.360 2.009 1.496
SPIN 2 3 8 15 4.042 -3.505 -2.525
SPIN 3 3 9 0 3.906 4.368 -0.812
SPIN 3 3 9 1 -5.854 -0.759 -0.395
SPIN 3 3 9 2 2.723 4.795 2.143
SPIN 3 3 9 3 -1.285 4.393 3.749
SPIN 3 3 9 4 0.810 -0.349 5.850
SPIN 3 3 9 5 -0.590 5.875 0.377
SPIN 3 3 9 6 -3.107 1.084 4.917
SPIN 3 3 9 7 4.925 -1.940 2.642
SPIN 3 3 9 8 -2.882 -2.985 4.218
SPIN 3 3 9 9 -4.265 -2.584 -3.183
SPIN 3 3 9 10 5.890 0.341 0.440
SPIN 3 3 9 11 -4.554 3.731 -0.586
SPIN 3 3 9 12 1.430 4.363 3.731
SPIN 3 3 9 13 3.098 4.193 -2.796
SPIN 3 3 9 14 -5.126 2.639 -1.327
SPIN 3 3 9 15 -0.134 5.837 0.956
SPIN 2 3 9 0 -1.676 -3.787 4.225
SPIN 2 3 9 1 -1.114 5.728 0.971
SPIN 2 3 9 2 1.105 -3.656 4.518
SPIN 2 3 9 3 -1.522 -5.028 2.721
SPIN 2 3 9 4 3.525 1.776 -4.407
SPIN 2 3 9 5 0.711 4.665 3.568
SPIN 2 3 9 6 -0.808 -1.853 -5.560
SPIN 2 3 9 7 -5.874 -0.375 0.599
SPIN 2 3 9 8 5.072 2.861 1.045
SPIN 2 3 9 9 -4.923 -2.175 -2.456
SPIN 2 3 9 10 1.759 0.958 -5.567
SPIN 2 3 9 11 -3.929 2.334 -3.757
SPIN 2 3 9 12 3.307 4.681 1.467
SPIN 2 3 9 13 -3.442 -1.761 -4.478
SPIN 2 3 9 14 -3.639 -3.229 3.367
SPIN 2 3 9 15 4.334 1.504 3.735
SPIN 3 3 10 0 -3.564 4.520 -1.364
SPIN 3 3 10 1 2.113 0.046 5.526
SPIN 3 3 10 2 0.995 -2.634 5.203
SPIN 3 3 10 3 -5.124 -2.932 -0.380
SPIN 3 3 10 4 4.144 1.113 -4.073
SPIN 3 3 10 5 -4.628 -1.958 -3.121
SPIN 3 3 10 6 5.361 2.184 -1.221
SPIN 3 3 10 7 -5.512 -0.771 2.005
SPIN 3 3 10 8 1.741 0.451 -5.636
SPIN 3 3 10 9 5.739 0.809 1.186
SPIN 3 3 10 10 -0.652 -2.387 -5.374
SPIN 3 3 10 11 -4.566 -3.006 2.262
SPIN 3 3 10 12 1.007 -4.750 3.380
SPIN 3 3 10 13 -4.339 -0.308 -4.010
SPIN 3 3 10 14 1.227 5.628 -1.348
SPIN 3 3 10 15 3.459 -3.148 3.623
SPIN 2 3 10 0 3.884 0.683 4.410
SPIN 2 3 10 1 -3.751 -4.569 -0.244
SPIN 2 3 10 2 1.487 3.478 -4.549
SPIN 2 3 10 3 0.881 5.041 -2.969
SPIN 2 3 10 4 -3.401 2.538 4.122
SPIN 2 3 10 5 1.258 -1.666 5.535
SPIN 2 3 10 6 4.794 1.599 3.076
SPIN 2 3 10 7 2.273 4.918 2.376
SPIN 2 3 10 8 -1.633 -5.334 1.970
SPIN 2 3 10 9 -1.063 -2.446 5.281
SPIN 2 3 10 10 0.226 -4.685 3.605
SPIN 2 3 10 11 -5.653 0.951 1.464
SPIN 2 3 10 12 -0.550 -5.591 1.854
SPIN 2 3 10 13 -0.675 2.869 5.130
SPIN 2 3 10 14 -2.765 1.878 -4.881
SPIN 2 3 10 15 -5.223 2.746 -0.421
SPIN 3 3 11 0 5.668 1.642 0.421
SPIN 3 3 11 1 4.061 1.487 -4.037
SPIN 3 3 11 2 -0.398 1.967 -5.565
SPIN 3 3 11 3 5.340 1.977 1.604
SPIN 3 3 11 4 -0.474 1.473 5.710
SPIN 3 3 11 5 -3.314 4.366 -2.225
SPIN 3 3 11 6 -2.273 -4.212 3.478
SPIN 3 3 11 7 -0.110 5.896 -0.471
SPIN 3 3 11 8 -5.685 -1.155 -1.161
SPIN 3 3 11 9 3.920 3.400 2.841
SPIN 3 3 11 10 3.189 4.547 -2.040
SPIN 3 3 11 11 -3.915 -4.187 -1.463
SPIN 3 3 11 12 -5.059 0.719 2.982
SPIN 3 3 11 13 1.994 -5.170 -2.072
SPIN 3 3 11 14 0.710 4.083 4.222
SPIN 3 3 11 15 5.195 -2.225 -1.748
SPIN 2 3 11 0 -1.504 -2.335 -5.224
SPIN 2 3 11 1 4.473 3.356 1.931
SPIN 2 3 11 2 5.856 -0.579 0.612
SPIN 2 3 11 3 -2.736 4.428 2.811
SPIN 2 3 11 4 1.709 -2.759 -4.946
SPIN 2 3 11 5 -5.617 1.844 0.233
SPIN 2 3 11 6 -3.029 3.789 3.386
SPIN 2 3 11 7 -0.688 -5.485 2.108
SPIN 2 3 11 8 2.663 -1.206 5.143
SPIN 2 3 11 9 -1.642 0.408 -5.669
SPIN 2 3 11 10 3.465 2.197 4.263
SPIN 2 3 11 11 -0.440 -2.170 -5.486
SPIN 2 3 11 12 3.924 4.089 -1.699
SPIN 2 3 11 13 -1.360 4.866 -3.079
SPIN 2 3 11 14 0.119 -0.631 -5.881
SPIN 2 3 11 15 5.212 2.528 1.200
SPIN 3 3 12 0 2.038 4.595 3.120
SPIN 3 3 12 1 -5.682 0.384 1.601
SPIN 3 3 12 2 4.449 -1.596 -3.557
SPIN 3 3 12 3 -1.535 -2.407 5.182
SPIN 3 3 12 4 4.954 -0.797 -3.134
SPIN 3 3 12 5 5.323 0.240 -2.570
SPIN 3 3 12 6 -1.922 0.734 -5.547
SPIN 3 3 12 7 -0.978 -5.244 -2.558
SPIN 3 3 12 8 2.534 4.003 3.543
SPIN 3 3 12 9 0.796 -5.785 -0.946
SPIN 3 3 12 10 -0.793 -1.216 -5.735
SPIN 3 3 12 11 5.261 0.727 -2.606
SPIN 3 3 12 12 0.247 -3.057 -5.059
SPIN 3 3 12 13 -1.985 0.217 5.569
SPIN 3 3 12 14 -2.066 5.413 -1.199
SPIN 3 3 12 15 4.958 -2.845 -1.524
SPIN 2 3 12 0 -5.219 2.542 1.137
SPIN 2 3 12 1 3.847 3.745 -2.485
SPIN 2 3 12 2 -0.410 4.307 4.035
SPIN 2 3 12 3 2.566 -1.313 -5.166
SPIN 2 3 12 4 -1.337 5.749 0.399
SPIN 2 3 12 5 1.044 -5.695 1.214
SPIN 2 3 12 6 -2.788 -0.212 -5.214
SPIN 2 3 12 7 -1.949 0.867 -5.518
SPIN 2 3 12 8 -3.074 -4.210 -2.797
SPIN 2 3 12 9 5.914 -0.050 0.131
SPIN 2 3 12 10 0.555 1.459 -5.706
SPIN 2 3 12 11 -1.089 5.410 2.133
SPIN 2 3 12 12 2.124 2.578 4.883
SPIN 2 3 12 13 4.113 -2.319 -3.565
SPIN 2 3 12 14 -2.492 3.079 -4.394
SPIN 2 3 12 15 3.038 4.827 1.572
SPIN 3 3 13 0 5.418 1.850 1.490
SPIN 3 3 13 1 0.026 -0.343 -5.906
SPIN 3 3 13 2 -3.799 0.542 4.503
SPIN 3 3 13 3 4.278 3.651 1.835
SPIN 3 3 13 4 -5.327 0.328 -2.553
SPIN 3 3 13 5 -0.623 5.012 3.081
SPIN 3 3 13 6 3.612 -2.878 3.697
SPIN 3 3 13 7 4.561 3.763 -0.199
SPIN 3 3 13 8 4.575 0.111 -3.749
SPIN 3 3 13 9 -4.875 2.026 2.670
SPIN 3 3 13 10 4.747 -0.907 -3.413
SPIN 3 3 13 11 4.600 -3.309 1.702
SPIN 3 3 13 12 -5.811 0.501 -0.991
SPIN 3 3 13 13 1.499 5.704 -0.469
SPIN 3 3 13 14 1.232 -2.775 -5.078
SPIN 3 3 13 15 2.517 -4.192 3.331
SPIN 2 3 13 0 -2.822 -2.265 4.681
SPIN 2 3 13 1 -3.228 -2.072 -4.504
SPIN 2 3 13 2 -3.814 -2.097 4.007
SPIN 2 3 13 3 2.608 5.224 0.954
SPIN 2 3 13 4 0.797 -3.321 -4.831
SPIN 2 3 13 5 3.768 -4.296 1.532
SPIN 2 3 13 6 -3.274 1.931 4.533
SPIN 2 3 13 7 1.778 0.005 -5.643
SPIN 2 3 13 8 -3.693 0.231 4.616
SPIN 2 3 13 9 5.228 0.661 -2.688
SPIN 2 3 13 10 2.274 -1.920 -5.113
SPIN 2 3 13 11 -3.888 -1.659 -4.139
SPIN 2 3 13 12 -1.238 5.023 -2.870
SPIN 2 3 13 13 -4.877 2.379 2.356
SPIN 2 3 13 14 1.919 -0.536 5.570
SPIN 2 3 13 15 -5.621 1.069 -1.504
SPIN 3 3 14 0 -5.371 -2.153 1.233
SPIN 3 3 14 1 0.311 2.077 -5.531
SPIN 3 3 14 2 -1.795 -0.771 5.584
SPIN 3 3 14 3 -0.398 4.171 4.177
SPIN 3 3 14 4 2.174 -0.417 5.486
SPIN 3 3 14 5 0.600 -5.637 -1.693
SPIN 3 3 14 6 -1.491 5.690 0.633
SPIN 3 3 14 7 3.833 4.505 -0.116
SPIN 3 3 14 8 -5.697 -1.379 -0.800
SPIN 3 3 14 9 -0.192 -5.705 -1.555
SPIN 3 3 14 10 5.619 -0.844 1.646
SPIN 3 3 14 11 3.758 2.180 4.016
SPIN 3 3 14 12 -0.666 5.556 -1.920
SPIN 3 3 14 13 -2.569 -0.711 5.282
SPIN 3 3 14 14 -4.208 -2.602 -3.244
SPIN 3 3 14 15 -2.978 2.773 4.295
SPIN 2 3 14 0 3.592 4.082 -2.333
SPIN 2 3 14 1 -3.746 2.127 4.055
SPIN 2 3 14 2 2.526 -5.313 0.630
SPIN 2 3 14 3 2.774 -4.043 3.310
SPIN 2 3 14 4 5.679 -0.822 1.441
SPIN 2 3 14 5 -4.825 0.069 3.422
SPIN 2 3 14 6 3.846 4.487 0.272
SPIN 2 3 14 7 -2.639 -5.285 -0.332
SPIN 2 3 14 8 -5.143 -2.917 0.204
SPIN 2 3 14 9 -2.564 5.141 -1.414
SPIN 2 3 14 10 -0.371 -0.376 5.892
SPIN 2 3 14 11 5.802 -0.799 0.833
SPIN 2 3 14 12 4.001 -3.233 2.922
SPIN 2 3 14 13 -2.240 3.806 3.937
SPIN 2 3 14 14 -3.769 -2.348 -3.909
SPIN 2 3 14 15 0.224 3.311 4.897
SPIN 3 3 15 0 -1.962 -5.155 2.140
SPIN 3 3 15 1 2.035 -5.516 0.656
SPIN 3 3 15 2 0.164 5.845 -0.901
SPIN 3 3 15 3 -4.027 -3.290 -2.820
SPIN 3 3 15 4 -0.982 -4.329 -3.911
SPIN 3 3 15 5 0.260 2.052 5.543
SPIN 3 3 15 6 -1.485 -2.095 -5.330
SPIN 3 3 15 7 -1.799 0.687 5.594
SPIN 3 3 15 8 3.836 -0.537 4.472
SPIN 3 3 15 9 -0.319 5.866 -0.696
SPIN 3 3 15 10 -0.461 0.513 -5.876
SPIN 3 3 15 11 -5.113 1.935 -2.262
SPIN 3 3 15 12 4.615 -1.098 -3.535
SPIN 3 3 15 13 2.318 -2.999 4.542
SPIN 3 3 15 14 1.125 -5.546 -1.727
SPIN 3 3 15 15 -3.908 3.917 -2.094
SPIN 2 3 15 0 3.001 -2.664 -4.348
SPIN 2 3 15 1 -2.720 -2.295 -4.726
SPIN 2 3 15 2 -4.280 2.709 -3.056
SPIN 2 3 15 3 3.899 -0.508 4.420
SPIN 2 3 15 4 5.365 2.454 -0.446
SPIN 2 3 15 5 0.271 -4.724 3.551
SPIN 2 3 15 6 -2.670 3.335 4.092
SPIN 2 3 15 7 -2.817 4.577 -2.473
SPIN 2 3 15 8 2.460 1.543 -5.154
SPIN 2 3 15 9 -4.725 -2.580 2.453
SPIN 2 3 15 10 1.902 4.653 -3.119
SPIN 2 3 15 11 5.125 -2.750 -1.080
SPIN 2 3 15 12 1.101 5.743 -0.895
SPIN 2 3 15 13 5.484 -1.645 -1.489
SPIN 2 3 15 14 -3.836 -2.981 3.376
SPIN 2 3 15 15 -4.341 3.066 -2.599
SPIN 1 4 0 0 -1.056 -5.054 -2.889
SPIN 1 4 0 1 4.659 0.635 -3.590
SPIN 1 4 0 2 -1.252 5.503 -1.776
SPIN 1 4 0 3 0.873 -4.307 3.961
SPIN 1 4 0 4 -2.151 3.791 -4.001
SPIN 1 4 0 5 0.090 -1.207 5.791
SPIN 1 4 0 6 -5.133 -2.838 -0.775
SPIN 1 4 0 7 0.504 -5.789 1.110
SPIN 1 4 0 8 -3.802 2.107 4.013
SPIN 1 4 0 9 5.309 1.913 -1.775
SPIN 1 4 0 10 -2.777 4.607 2.463
SPIN 1 4 0 11 1.306 -2.649 -5.126
SPIN 1 4 0 12 -2.421 -3.869 3.764
SPIN 1 4 0 13 4.285 2.393 -3.304
SPIN 1 4 0 14 -1.443 4.776 -3.179
SPIN 1 4 0 15 5.275 -2.677 -0.109
SPIN 4 4 0 0 -2.035 -5.528 0.547
SPIN 4 4 0 1 1.084 5.720 -1.051
SPIN 4 4 0 2 4.727 -3.023 -1.875
SPIN 4 4 0 3 -4.296 3.677 -1.738
SPIN 4 4 0 4 4.824 -1.789 2.920
SPIN 4 4 0 5 3.913 3.882 -2.149
SPIN 4 4 0 6 -5.233 0.778 2.647
SPIN 4 4 0 7 1.047 5.661 1.360
SPIN 4 4 0 8 -0.954 -3.419 4.733
SPIN 4 4 0 9 4.801 3.147 -1.428
SPIN 4 4 0 10 2.867 -0.634 5.136
SPIN 4 4 0 11 0.456 0.317 -5.890
SPIN 4 4 0 12 0.095 5.684 -1.639
SPIN 4 4 0 13 2.379 -3.313 -4.285
SPIN 4 4 0 14 -3.178 -2.703 4.195
SPIN 4 4 0 15 -2.262 4.968 2.280
SPIN 1 4 1 0 5.604 0.735 -1.748
SPIN 1 4 1 1 -0.376 5.682 1.604
SPIN 1 4 1 2 -5.219 -1.876 2.059
SPIN 1 4 1 3 -5.400 2.003 1.351
SPIN 1 4 1 4 1.071 5.727 -1.028
SPIN 1 4 1 5 -1.776 -5.042 2.535
SPIN 1 4 1 6 5.590 0.248 -1.922
SPIN 1 4 1 7 -5.872 -0.075 -0.715
SPIN 1 4 1 8 4.887 -2.404 -2.311
SPIN 1 4 1 9 0.962 5.837 -0.002
SPIN 1 4 1 10 -0.486 -5.877 -0.473
SPIN 1 4 1 11 4.321 3.592 -1.851
SPIN 1 4 1 12 1.149 -5.789 -0.410
SPIN 1 4 1 13 -2.363 -2.594 4.763
SPIN 1 4 1 14 -4.762 1.453 3.196
SPIN 1 4 1 15 3.357 3.429 -3.460
SPIN 4 4 1 0 -5.651 0.481 1.684
SPIN 4 4 1 1 5.689 -1.534 -0.536
SPIN 4 4 1 2 -5.160 -0.284 2.881
SPIN 4 4 1 3 3.644 -1.781 -4.307
SPIN 4 4 1 4 1.723 1.855 5.347
SPIN 4 4 1 5 -1.003 5.830 0.026
SPIN 4 4 1 6 1.972 -5.512 -0.852
SPIN 4 4 1 7 -4.424 1.695 3.543
SPIN 4 4 1 8 4.350 -0.508 3.977
SPIN 4 4 1 9 -2.903 3.928 3.338
SPIN 4 4 1 10 -4.427 -3.879 0.592
SPIN 4 4 1 11 3.563 -0.352 4.710
SPIN 4 4 1 12 2.582 4.045 -3.460
SPIN 4 4 1 13 5.144 -2.917 0.180
SPIN 4 4 1 14 -1.476 5.639 -1.014
SPIN 4 4 1 15 4.827 -3.322 -0.818
SPIN 1 4 2 0 -5.766 0.251 1.298
SPIN 1 4 2 1 -3.080 4.616 2.050
SPIN 1 4 2 2 1.281 2.724 -5.093
SPIN 1 4 2 3 -1.987 -1.123 5.458
SPIN 1 4 2 4 -0.447 -5.785 -1.153
SPIN 1 4 2 5 -2.232 -4.894 -2.463
SPIN 1 4 2 6 1.255 5.452 1.923
SPIN 1 4 2 7 3.688 -3.685 2.796
SPIN 1 4 2 8 -2.729 1.544 -5.017
SPIN 1 4 2 9 2.447 -5.095 -1.747
SPIN 1 4 2 10 1.456 3.716 -4.367
SPIN 1 4 2 11 -3.783 -2.507 3.795
SPIN 1 4 2 12 0.533 4.457 3.853
SPIN 1 4 2 13 5.794 -0.935 0.742
SPIN 1 4 2 14 4.431 3.450 -1.861
SPIN 1 4 2 15 -4.228 1.562 3.832
SPIN 4 4 2 0 -0.912 1.311 5.696
SPIN 4 4 2 1 -0.180 5.909 -0.224
SPIN 4 4 2 2 0.951 -1.750 -5.571
SPIN 4 4 2 3 -2.398 5.309 1.034
SPIN 4 4 2 4 1.861 5.498 -1.143
SPIN 4 4 2 5 -2.843 -2.818 4.356
SPIN 4 4 2 6 2.433 2.224 -4.913
SPIN 4 4 2 7 -1.112 -2.767 5.109
SPIN 4 4 2 8 0.778 3.258 4.877
SPIN 4 4 2 9 1.008 0.728 5.784
SPIN 4 4 2 10 5.429 -2.124 1.010
SPIN 4 4 2 11 -1.955 4.325 -3.532
SPIN 4 4 2 12 4.132 0.069 4.234
SPIN 4 4 2 13 1.208 -5.528 1.728
SPIN 4 4 2 14 2.775 -4.390 -2.834
SPIN 4 4 2 15 4.211 -1.279 -3.954
SPIN 1 4 3 0 3.434 1.252 -4.652
SPIN 1 4 3 1 -4.779 2.602 -2.322
SPIN 1 4 3 2 1.268 1.846 5.476
SPIN 1 4 3 3 2.848 -4.690 -2.212
SPIN 1 4 3 4 -2.870 -1.709 -4.883
SPIN 1 4 3 5 1.903 -5.559 -0.689
SPIN 1 4 3 6 1.246 -4.072 4.107
SPIN 1 4 3 7 -3.421 4.482 -1.792
SPIN 1 4 3 8 -5.207 -0.510 2.763
SPIN 1 4 3 9 0.024 3.566 -4.720
SPIN 1 4 3 10 -4.561 -2.354 2.942
SPIN 1 4 3 11 1.498 -5.659 0.854
SPIN 1 4 3 12 -2.087 -4.910 -2.557
SPIN 1 4 3 13 2.778 0.934 5.139
SPIN 1 4 3 14 -4.784 0.341 3.463
SPIN 1 4 3 15 -5.298 -2.617 0.278
SPIN 4 4 3 0 4.481 3.836 0.456
SPIN 4 4 3 1 2.529 5.196 1.266
SPIN 4 4 3 2 0.013 -1.223 -5.788
SPIN 4 4 3 3 -5.740 1.132 -0.875
SPIN 4 4 3 4 0.284 0.887 5.842
SPIN 4 4 3 5 -5.771 1.070 0.741
SPIN 4 4 3 6 5.623 0.252 -1.822
SPIN 4 4 3 7 -5.095 0.507 -2.964
SPIN 4 4 3 8 -2.120 -4.553 -3.126
SPIN 4 4 3 9 0.006 -5.570 -1.993
SPIN 4 4 3 10 -5.457 0.814 -2.136
SPIN 4 4 3 11 -0.037 5.890 -0.554
SPIN 4 4 3 12 -2.363 -4.305 3.300
SPIN 4 4 3 13 1.558 1.616 -5.474
SPIN 4 4 3 14 5.338 2.429 -0.779
SPIN 4 4 3 15 -5.866 -0.635 -0.437
SPIN 1 4 4 0 0.336 1.939 5.579
SPIN 1 4 4 1 -2.576 -5.003 1.827
SPIN 1 4 4 2 -2.393 -3.603 -4.036
SPIN 1 4 4 3 -2.245 -3.390 -4.297
SPIN 1 4 4 4 -3.283 -0.505 4.896
SPIN 1 4 4 5 2.795 -2.080 4.781
SPIN 1 4 4 6 -4.650 2.268 2.870
SPIN 1 4 4 7 1.507 2.985 4.880
SPIN 1 4 4 8 2.513 -4.149 3.387
SPIN 1 4 4 9 -0.426 -5.863 -0.668
SPIN 1 4 4 10 -4.100 -2.222 -3.640
SPIN 1 4 4 11 1.496 -3.550 4.489
SPIN 1 4 4 12 3.345 1.436 -4.663
SPIN 1 4 4 13 4.209 -3.837 -1.600
SPIN 1 4 4 14 -5.179 1.783 -2.234
SPIN 1 4 4 15 0.063 -1.493 -5.724
SPIN 4 4 4 0 -1.033 -5.810 -0.417
SPIN 4 4 4 1 1.209 5.494 -1.830
SPIN 4 4 4 2 -1.374 -5.719 0.639
SPIN 4 4 4 3 -5.141 -2.915 0.269
SPIN 4 4 4 4 3.535 1.876 -4.357
SPIN 4 4 4 5 3.599 -4.039 2.394
SPIN 4 4 4 6 -5.442 -1.374 -1.869
SPIN 4 4 4 7 5.341 0.340 -2.522
SPIN 4 4 4 8 -5.782 0.987 0.767
SPIN 4 4 4 9 2.182 3.853 -3.924
SPIN 4 4 4 10 4.747 0.205 -3.524
SPIN 4 4 4 11 1.189 4.188 4.005
SPIN 4 4 4 12 4.490 2.133 -3.208
SPIN 4 4 4 13 1.217 -2.404 5.267
SPIN 4 4 4 14 1.228 -4.744 -3.315
SPIN 4 4 4 15 -5.279 1.841 1.936
SPIN 1 4 5 0 -3.837 -4.484 -0.417
SPIN 1 4 5 1 5.215 2.751 -0.484
SPIN 1 4 5 2 -1.184 5.620 -1.420
SPIN 1 4 5 3 -2.101 2.674 -4.841
SPIN 1 4 5 4 1.439 -0.926 5.663
SPIN 1 4 5 5 -2.701 -5.208 0.763
SPIN 1 4 5 6 0.723 -5.366 -2.384
SPIN 1 4 5 7 -5.060 2.332 -1.988
SPIN 1 4 5 8 4.856 -3.010 -1.537
SPIN 1 4 5 9 -5.217 -1.167 2.534
SPIN 1 4 5 10 3.520 4.752 -0.161
SPIN 1 4 5 11 -4.671 -0.597 3.581
SPIN 1 4 5 12 4.096 -0.384 -4.252
SPIN 1 4 5 13 -1.015 5.788 0.686
SPIN 1 4 5 14 -2.646 -4.975 1.803
SPIN 1 4 5 15 2.439 -0.950 5.306
SPIN 4 4 5 0 2.650 3.892 -3.582
SPIN 4 4 5 1 -4.999 -2.686 -1.672
SPIN 4 4 5 2 4.341 1.075 3.872
SPIN 4 4 5 3 4.639 2.278 2.880
SPIN 4 4 5 4 1.851 5.424 -1.468
SPIN 4 4 5 5 -0.883 -5.849 0.076
SPIN 4 4 5 6 2.656 -0.600 -5.252
SPIN 4 4 5 7 -2.468 4.173 -3.391
SPIN 4 4 5 8 -1.194 -1.717 -5.534
SPIN 4 4 5 9 -0.589 5.796 1.029
SPIN 4 4 5 10 1.565 -3.223 4.707
SPIN 4 4 5 11 -3.103 4.412 -2.431
SPIN 4 4 5 12 1.209 3.843 4.333
SPIN 4 4 5 13 1.567 0.653 -5.667
SPIN 4 4 5 14 0.825 3.577 4.640
SPIN 4 4 5 15 -1.129 -3.750 -4.434
SPIN 1 4 6 0 0.926 -5.736 -1.115
SPIN 1 4 6 1 -2.895 -1.794 4.838
SPIN 1 4 6 2 2.664 0.157 -5.280
SPIN 1 4 6 3 3.391 -3.385 3.471
SPIN 1 4 6 4 0.294 -5.882 -0.565
SPIN 1 4 6 5 2.290 4.079 3.622
SPIN 1 4 6 6 1.785 5.614 0.545
SPIN 1 4 6 7 -5.350 1.297 2.166
SPIN 1 4 6 8 1.123 0.537 5.784
SPIN 1 4 6 9 -1.774 5.361 1.763
SPIN 1 4 6 10 5.197 -1.104 -2.602
SPIN 1 4 6 11 -3.858 4.421 0.756
SPIN 1 4 6 12 4.416 3.151 -2.359
SPIN 1 4 6 13 -2.481 -1.721 -5.088
SPIN 1 4 6 14 -3.578 -0.946 -4.616
SPIN 1 4 6 15 3.083 4.634 -2.005
SPIN 4 4 6 0 -4.847 -1.997 -2.743
SPIN 4 4 6 1 1.451 5.734 -0.130
SPIN 4 4 6 2 2.445 -5.314 -0.888
SPIN 4 4 6 3 4.395 3.417 2.003
SPIN 4 4 6 4 -4.142 -3.672 2.088
SPIN 4 4 6 5 1.645 -4.765 3.097
SPIN 4 4 6 6 -0.171 0.596 5.884
SPIN 4 4 6 7 1.592 1.238 -5.562
SPIN 4 4 6 8 -4.815 2.249 2.599
SPIN 4 4 6 9 5.216 -2.278 1.612
SPIN 4 4 6 10 -1.654 -4.409 3.582
SPIN 4 4 6 11 3.834 -4.417 0.888
SPIN 4 4 6 12 1.314 -3.445 -4.627
SPIN 4 4 6 13 -1.252 5.274 2.369
SPIN 4 4 6 14 -2.599 -2.402 4.741
SPIN 4 4 6 15 -5.111 -2.690 1.281
SPIN 1 4 7 0 -3.037 -2.450 4.447
SPIN 1 4 7 1 4.785 1.596 3.091
SPIN 1 4 7 2 -1.998 5.568 0.095
SPIN 1 4 7 3 0.362 5.903 -0.163
SPIN 1 4 7 4 3.454 4.720 0.893
SPIN 1 4 7 5 2.017 -1.813 -5.258
SPIN 1 4 7 6 4.023 -2.214 3.730
SPIN 1 4 7 7 -0.102 -0.884 -5.849
SPIN 1 4 7 8 1.925 0.084 5.594
SPIN 1 4 7 9 0.900 4.471 3.769
SPIN 1 4 7 10 -3.474 4.030 -2.586
SPIN 1 4 7 11 4.017 -2.229 -3.728
SPIN 1 4 7 12 5.565 -1.682 1.097
SPIN 1 4 7 13 0.444 2.588 -5.302
SPIN 1 4 7 14 3.758 -3.649 -2.750
SPIN 1 4 7 15 5.630 -1.751 0.483
SPIN 4 4 7 0 -4.147 -4.218 -0.063
SPIN 4 4 7 1 2.561 0.825 -5.269
SPIN 4 4 7 2 0.037 -5.915 0.128
SPIN 4 4 7 3 0.236 5.895 -0.433
SPIN 4 4 7 4 4.325 -3.082 2.607
SPIN 4 4 7 5 5.234 0.375 2.732
SPIN 4 4 7 6 -1.447 -5.674 -0.844
SPIN 4 4 7 7 1.333 -2.107 5.365
SPIN 4 4 7 8 -5.778 -0.910 0.889
SPIN 4 4 7 9 -2.081 -5.537 0.121
SPIN 4 4 7 10 5.062 0.775 2.963
SPIN 4 4 7 11 1.790 -2.988 4.782
SPIN 4 4 7 12 3.809 -0.028 4.527
SPIN 4 4 7 13 4.464 2.981 2.488
SPIN 4 4 7 14 3.114 -1.490 -4.804
SPIN 4 4 7 15 3.569 4.410 -1.676
SPIN 1 4 8 0 4.011 -0.449 4.326
SPIN 1 4 8 1 5.719 -0.950 1.180
SPIN 1 4 8 2 3.136 -3.026 4.001
SPIN 1 4 8 3 -2.232 1.061 -5.375
SPIN 1 4 8 4 -4.638 0.341 3.657
SPIN 1 4 8 5 3.899 -1.278 -4.262
SPIN 1 4 8 6 5.782 -0.762 0.994
SPIN 1 4 8 7 -1.253 -1.088 5.679
SPIN 1 4 8 8 -1.576 3.613 -4.412
SPIN 1 4 8 9 3.537 -0.915 4.653
SPIN 1 4 8 10 -2.605 -3.892 3.615
SPIN 1 4 8 11 -5.114 1.982 -2.219
SPIN 1 4 8 12 -4.077 1.533 -4.003
SPIN 1 4 8 13 5.841 -0.027 0.940
SPIN 1 4 8 14 -5.170 -0.006 2.876
SPIN 1 4 8 15 -3.263 0.375 -4.920
SPIN 4 4 8 0 3.123 2.831 4.151
SPIN 4 4 8 1 -5.363 -0.528 -2.440
SPIN 4 4 8 2 1.590 -2.343 5.195
SPIN 4 4 8 3 2.473 -5.100 1.695
SPIN 4 4 8 4 -2.910 2.640 -4.423
SPIN 4 4 8 5 4.142 -2.037 -3.701
SPIN 4 4 8 6 -0.716 2.320 5.395
SPIN 4 4 8 7 -4.549 -0.667 -3.723
SPIN 4 4 8 8 -2.022 1.081 -5.454
SPIN 4 4 8 9 -3.517 -2.094 -4.271
SPIN 4 4 8 10 -0.040 -3.568 4.719
SPIN 4 4 8 11 0.705 5.815 0.833
SPIN 4 4 8 12 3.481 -1.177 -4.636
SPIN 4 4 8 13 -2.304 -0.967 5.363
SPIN 4 4 8 14 -0.125 -4.362 3.995
SPIN 4 4 8 15 -3.374 -3.988 -2.777
SPIN 1 4 9 0 5.847 0.873 -0.234
SPIN 1 4 9 1 -5.378 1.695 -1.790
SPIN 1 4 9 2 -4.310 -2.124 -3.452
SPIN 1 4 9 3 5.299 1.588 -2.098
SPIN 1 4 9 4 4.463 3.505 -1.674
SPIN 1 4 9 5 -3.731 -2.117 4.074
SPIN 1 4 9 6 3.663 -2.817 -3.694
SPIN 1 4 9 7 2.445 0.094 -5.386
SPIN 1 4 9 8 -2.214 -5.287 1.464
SPIN 1 4 9 9 -4.119 -3.566 2.305
SPIN 1 4 9 10 -5.004 -2.681 1.666
SPIN 1 4 9 11 -1.391 5.548 -1.513
SPIN 1 4 9 12 -0.414 2.234 5.462
SPIN 1 4 9 13 -0.490 -5.895 -0.064
SPIN 1 4 9 14 -0.607 -3.966 -4.348
SPIN 1 4 9 15 -5.019 3.099 -0.449
SPIN 4 4 9 0 0.537 -5.773 -1.178
SPIN 4 4 9 1 -1.724 5.463 -1.477
SPIN 4 4 9 2 2.964 -5.107 0.367
SPIN 4 4 9 3 -2.031 -2.615 -4.903
SPIN 4 4 9 4 -2.680 -0.300 -5.266
SPIN 4 4 9 5 4.640 -0.366 -3.652
SPIN 4 4 9 6 -3.747 0.885 -4.492
SPIN 4 4 9 7 -1.419 -2.841 -4.992
SPIN 4 4 9 8 4.047 1.715 3.960
SPIN 4 4 9 9 5.268 1.691 -2.096
SPIN 4 4 9 10 4.745 0.359 -3.515
SPIN 4 4 9 11 2.447 -2.770 -4.619
SPIN 4 4 9 12 -0.811 1.407 -5.689
SPIN 4 4 9 13 3.121 0.895 4.945
SPIN 4 4 9 14 0.319 -5.549 -2.028
SPIN 4 4 9 15 2.365 3.355 -4.260
SPIN 1 4 10 0 -3.141 4.842 -1.297
SPIN 1 4 10 1 5.065 0.945 -2.907
SPIN 1 4 10 2 0.738 4.167 4.135
SPIN 1 4 10 3 0.637 -4.527 3.755
SPIN 1 4 10 4 -4.642 -1.554 3.323
SPIN 1 4 10 5 3.287 1.557 4.666
SPIN 1 4 10 6 -2.386 -5.386 0.543
SPIN 1 4 10 7 3.923 4.197 -1.413
SPIN 1 4 10 8 -1.048 -3.367 4.750
SPIN 1 4 10 9 -2.483 4.956 -2.067
SPIN 1 4 10 10 0.268 -3.138 5.008
SPIN 1 4 10 11 -5.127 0.962 2.791
SPIN 1 4 10 12 2.598 4.946 1.946
SPIN 1 4 10 13 -4.834 0.285 3.399
SPIN 1 4 10 14 -1.959 4.162 -3.720
SPIN 1 4 10 15 0.311 -0.305 5.900
SPIN 4 4 10 0 -2.414 4.836 2.405
SPIN 4 4 10 1 -0.821 -5.354 -2.380
SPIN 4 4 10 2 4.238 0.155 4.125
SPIN 4 4 10 3 5.334 -1.161 2.281
SPIN 4 4 10 4 -3.628 0.248 -4.666
SPIN 4 4 10 5 0.852 -3.800 4.454
SPIN 4 4 10 6 -5.687 -1.014 1.276
SPIN 4 4 10 7 -3.169 1.202 4.849
SPIN 4 4 10 8 2.785 -1.085 -5.105
SPIN 4 4 10 9 2.508 -1.203 -5.221
SPIN 4 4 10 10 -3.994 -4.361 0.167
SPIN 4 4 10 11 4.735 2.273 2.723
SPIN 4 4 10 12 -4.686 -3.548 -0.674
SPIN 4 4 10 13 2.235 3.205 -4.442
SPIN 4 4 10 14 2.572 4.569 2.740
SPIN 4 4 10 15 2.099 -5.527 -0.202
SPIN 1 4 11 0 -4.962 -1.653 -2.765
SPIN 1 4 11 1 5.273 -0.803 -2.560
SPIN 1 4 11 2 -3.453 -1.249 -4.638
SPIN 1 4 11 3 3.768 2.752 3.636
SPIN 1 4 11 4 -1.277 5.576 1.510
SPIN 1 4 11 5 1.241 -3.999 -4.180
SPIN 1 4 11 6 -2.125 2.317 5.011
SPIN 1 4 11 7 5.279 1.041 -2.459
SPIN 1 4 11 8 0.711 3.108 -4.983
SPIN 1 4 11 9 -0.880 5.833 -0.444
SPIN 1 4 11 10 2.189 -5.008 2.264
SPIN 1 4 11 11 3.391 4.841 0.264
SPIN 1 4 11 12 0.539 -3.619 -4.649
SPIN 1 4 11 13 0.098 1.798 -5.635
SPIN 1 4 11 14 -4.206 -4.094 -0.738
SPIN 1 4 11 15 -4.062 3.710 -2.176
SPIN 4 4 11 0 -0.215 -5.889 -0.518
SPIN 4 4 11 1 -2.432 3.546 4.064
SPIN 4 4 11 2 4.881 0.558 3.296
SPIN 4 4 11 3 2.998 -1.049 -4.991
SPIN 4 4 11 4 -2.170 -5.503 -0.101
SPIN 4 4 11 5 4.588 0.835 -3.641
SPIN 4 4 11 6 -0.852 -4.594 -3.629
SPIN 4 4 11 7 5.020 0.429 3.101
SPIN 4 4 11 8 -2.347 -4.921 -2.297
SPIN 4 4 11 9 2.710 3.097 4.250
SPIN 4 4 11 10 -2.310 5.099 -1.916
SPIN 4 4 11 11 -3.429 2.067 4.355
SPIN 4 4 11 12 3.671 -4.192 -1.986
SPIN 4 4 11 13 -1.517 -5.017 2.744
SPIN 4 4 11 14 1.342 5.505 1.702
SPIN 4 4 11 15 -1.755 2.324 5.150
SPIN 1 4 12 0 -2.827 -1.393 -5.007
SPIN 1 4 12 1 2.447 -1.728 -5.102
SPIN 1 4 12 2 -1.320 -3.609 4.498
SPIN 1 4 12 3 -0.718 2.284 5.410
SPIN 1 4 12 4 1.885 -5.578 0.575
SPIN 1 4 12 5 1.934 4.812 -2.846
SPIN 1 4 12 6 -1.769 -3.246 -4.619
SPIN 1 4 12 7 0.700 5.820 0.800
SPIN 1 4 12 8 3.182 2.179 -4.487
SPIN 1 4 12 9 4.705 -3.586 -0.052
SPIN 1 4 12 10 3.306 -2.065 4.451
SPIN 1 4 12 11 -3.685 4.531 -0.944
SPIN 1 4 12 12 0.193 1.239 -5.782
SPIN 1 4 12 13 -1.213 1.452 5.605
SPIN 1 4 12 14 -4.282 2.243 -3.410
SPIN 1 4 12 15 0.300 -4.251 -4.103
SPIN 4 4 12 0 1.417 1.987 -5.389
SPIN 4 4 12 1 0.651 4.114 -4.201
SPIN 4 4 12 2 1.578 -1.191 5.576
SPIN 4 4 12 3 -4.373 -0.122 3.982
SPIN 4 4 12 4 0.984 5.767 0.877
SPIN 4 4 12 5 -3.080 -3.550 3.594
SPIN 4 4 12 6 3.047 -2.294 4.522
SPIN 4 4 12 7 -5.777 0.943 -0.857
SPIN 4 4 12 8 1.646 5.569 1.131
SPIN 4 4 12 9 2.515 1.710 -5.075
SPIN 4 4 12 10 -5.507 0.199 2.154
SPIN 4 4 12 11 -1.649 1.645 5.438
SPIN 4 4 12 12 2.882 1.405 4.972
SPIN 4 4 12 13 -2.268 -4.306 -3.364
SPIN 4 4 12 14 0.999 0.096 5.830
SPIN 4 4 12 15 -2.546 0.989 -5.248
SPIN 1 4 13 0 2.875 -2.707 4.405
SPIN 1 4 13 1 -2.082 -5.481 -0.791
SPIN 1 4 13 2 -0.079 5.391 -2.435
SPIN 1 4 13 3 -3.548 4.728 -0.234
SPIN 1 4 13 4 1.345 4.960 -2.931
SPIN 1 4 13 5 -0.046 -5.820 -1.060
SPIN 1 4 13 6 1.049 5.356 -2.283
SPIN 1 4 13 7 -4.306 -4.049 0.256
SPIN 1 4 13 8 0.790 -2.287 -5.399
SPIN 1 4 13 9 -3.480 -4.619 1.247
SPIN 1 4 13 10 2.788 5.213 -0.220
SPIN 1 4 13 11 4.060 3.997 -1.595
SPIN 1 4 13 12 -5.823 -0.050 -1.043
SPIN 1 4 13 13 3.667 -3.632 2.892
SPIN 1 4 13 14 -0.677 5.648 -1.625
SPIN 1 4 13 15 2.601 -0.620 -5.277
SPIN 4 4 13 0 3.391 4.624 1.455
SPIN 4 4 13 1 3.599 2.257 4.117
SPIN 4 4 13 2 0.781 -1.937 -5.535
SPIN 4 4 13 3 -3.009 -4.345 -2.658
SPIN 4 4 13 4 -1.130 -3.845 4.352
SPIN 4 4 13 5 -2.968 4.329 -2.730
SPIN 4 4 13 6 0.898 -5.744 -1.095
SPIN 4 4 13 7 -4.758 2.151 -2.780
SPIN 4 4 13 8 5.600 -1.880 -0.321
SPIN 4 4 13 9 -5.274 -2.678 -0.121
SPIN 4 4 13 10 0.252 -0.596 5.881
SPIN 4 4 13 11 5.282 2.653 -0.248
SPIN 4 4 13 12 3.297 -1.931 -4.516
SPIN 4 4 13 13 -3.555 -4.721 -0.274
SPIN 4 4 13 14 -0.525 -1.997 5.544
SPIN 4 4 13 15 4.298 -4.038 0.470
SPIN 1 4 14 0 -2.201 -4.347 -3.355
SPIN 1 4 14 1 -2.841 5.030 1.275
SPIN 1 4 14 2 3.065 3.135 -3.972
SPIN 1 4 14 3 2.256 -5.103 1.967
SPIN 1 4 14 4 0.567 2.398 -5.378
SPIN 1 4 14 5 -4.407 -3.584 -1.654
SPIN 1 4 14 6 5.096 -2.021 -2.225
SPIN 1 4 14 7 0.532 -3.239 -4.922
SPIN 1 4 14 8 -1.693 -0.186 5.666
SPIN 1 4 14 9 -2.554 -3.951 3.587
SPIN 1 4 14 10 4.678 3.561 -0.659
SPIN 1 4 14 11 1.273 -0.828 -5.718
SPIN 1 4 14 12 1.576 -1.909 -5.373
SPIN 1 4 14 13 -0.477 0.961 -5.818
SPIN 1 4 14 14 0.406 -2.474 -5.359
SPIN 1 4 14 15 -0.961 -1.488 -5.645
SPIN 4 4 14 0 2.954 0.468 5.104
SPIN 4 4 14 1 -4.361 -3.218 -2.372
SPIN 4 4 14 2 -5.547 1.073 1.755
SPIN 4 4 14 3 -1.354 5.708 -0.765
SPIN 4 4 14 4 -0.264 5.862 -0.753
SPIN 4 4 14 5 1.494 -3.772 -4.306
SPIN 4 4 14 6 -4.126 0.259 4.231
SPIN 4 4 14 7 2.686 -5.131 -1.207
SPIN 4 4 14 8 -5.490 2.197 0.199
SPIN 4 4 14 9 -0.951 3.807 -4.428
SPIN 4 4 14 10 4.289 2.230 3.411
SPIN 4 4 14 11 -2.139 -3.190 -4.500
SPIN 4 4 14 12 -1.838 -5.146 -2.266
SPIN 4 4 14 13 5.116 2.851 -0.833
SPIN 4 4 14 14 3.049 4.758 -1.752
SPIN 4 4 14 15 -4.125 -3.966 -1.501
SPIN 1 4 15 0 5.424 1.250 2.006
SPIN 1 4 15 1 -0.552 -1.886 5.580
SPIN 1 4 15 2 1.873 -4.916 -2.707
SPIN 1 4 15 3 3.215 4.961 0.239
SPIN 1 4 15 4 -0.920 -4.569 3.644
SPIN 1 4 15 5 5.072 -2.466 -1.786
SPIN 1 4 15 6 -4.006 -0.285 4.344
SPIN 1 4 15 7 -1.542 1.763 -5.433
SPIN 1 4 15 8 4.614 -3.484 1.253
SPIN 1 4 15 9 -1.739 5.602 -0.769
SPIN 1 4 15 10 -5.624 -0.647 1.718
SPIN 1 4 15 11 1.947 3.209 4.573
SPIN 1 4 15 12 -4.575 2.592 -2.711
SPIN 1 4 15 13 -4.527 -3.657 -1.064
SPIN 1 4 15 14 -4.362 -3.308 2.242
SPIN 1 4 15 15 1.752 -5.172 -2.276
SPIN 4 4 15 0 3.042 3.546 3.629
SPIN 4 4 15 1 2.985 5.032 -0.874
SPIN 4 4 15 2 1.951 -3.718 4.168
SPIN 4 4 15 3 -5.555 -2.035 0.068
SPIN 4 4 15 4 -2.209 2.602 4.832
SPIN 4 4 15 5 -2.858 -4.535 -2.502
SPIN 4 4 15 6 4.416 -3.817 -0.965
SPIN 4 4 15 7 -2.072 -3.265 4.477
SPIN 4 4 15 8 -3.706 3.863 2.519
SPIN 4 4 15 9 1.471 -5.435 -1.816
SPIN 4 4 15 10 1.372 -0.613 -5.722
SPIN 4 4 15 11 1.660 0.408 5.664
SPIN 4 4 15 12 2.735 -5.194 0.739
SPIN 4 4 15 13 -5.857 -0.383 0.744
SPIN 4 4 15 14 4.452 3.355 -1.981
SPIN 4 4 15 15 5.159 -2.150 1.939
SPIN 3 4 0 0 -1.015 4.743 3.388
SPIN 3 4 0 1 4.424 3.391 1.983
SPIN 3 4 0 2 -0.811 1.286 -5.717
SPIN 3 4 0 3 -3.656 -4.646 -0.219
SPIN 3 4 0 4 -1.621 5.626 0.849
SPIN 3 4 0 5 2.798 0.709 5.164
SPIN 3 4 0 6 4.092 0.046 -4.273
SPIN 3 4 0 7 4.273 2.772 -3.009
SPIN 3 4 0 8 1.252 5.219 -2.490
SPIN 3 4 0 9 -2.246 -5.450 0.499
SPIN 3 4 0 10 -2.964 1.020 -5.017
SPIN 3 4 0 11 4.499 3.782 0.677
SPIN 3 4 0 12 -0.750 3.920 -4.367
SPIN 3 4 0 13 -2.337 -4.998 2.134
SPIN 3 4 0 14 -3.512 1.363 -4.561
SPIN 3 4 0 15 2.474 -4.005 -3.584
SPIN 2 4 0 0 1.885 5.602 -0.266
SPIN 2 4 0 1 -4.641 1.715 -3.243
SPIN 2 4 0 2 5.759 -0.528 -1.246
SPIN 2 4 0 3 1.670 5.655 0.478
SPIN 2 4 0 4 -0.157 -4.971 3.204
SPIN 2 4 0 5 2.314 -2.451 4.862
SPIN 2 4 0 6 5.664 -1.360 1.035
SPIN 2 4 0 7 4.095 1.454 -4.015
SPIN 2 4 0 8 -5.317 1.938 -1.724
SPIN 2 4 0 9 -4.989 1.271 2.914
SPIN 2 4 0 10 3.235 3.596 3.406
SPIN 2 4 0 11 -1.430 -5.120 2.596
SPIN 2 4 0 12 4.487 -3.855 -0.003
SPIN 2 4 0 13 -1.366 -2.339 -5.260
SPIN 2 4 0 14 -2.736 3.893 -3.515
SPIN 2 4 0 15 -1.881 -2.099 5.201
SPIN 3 4 1 0 -2.592 -5.022 1.751
SPIN 3 4 1 1 1.180 -5.473 1.910
SPIN 3 4 1 2 5.194 -2.768 0.605
SPIN 3 4 1 3 -4.581 2.956 2.298
SPIN 3 4 1 4 -1.795 3.945 -4.026
SPIN 3 4 1 5 -0.160 4.834 -3.407
SPIN 3 4 1 6 2.243 -0.402 5.460
SPIN 3 4 1 7 2.083 5.492 -0.710
SPIN 3 4 1 8 -3.207 -4.470 -2.176
SPIN 3 4 1 9 -3.348 -3.720 -3.156
SPIN 3 4 1 10 -2.086 3.654 -4.159
SPIN 3 4 1 11 -3.511 -2.014 4.314
SPIN 3 4 1 12 1.654 -1.782 5.393
SPIN 3 4 1 13 0.095 5.316 2.595
SPIN 3 4 1 14 5.609 -0.830 -1.689
SPIN 3 4 1 15 4.855 3.333 -0.562
SPIN 2 4 1 0 -2.040 4.856 -2.694
SPIN 2 4 1 1 3.842 4.302 -1.316
SPIN 2 4 1 2 0.920 -3.157 4.918
SPIN 2 4 1 3 -1.827 5.545 -0.955
SPIN 2 4 1 4 -0.079 -0.729 5.871
SPIN 2 4 1 5 4.783 -2.498 -2.426
SPIN 2 4 1 6 -5.571 -1.776 0.897
SPIN 2 4 1 7 -0.346 5.539 2.050
SPIN 2 4 1 8 -1.215 -5.576 1.561
SPIN 2 4 1 9 5.559 -1.540 -1.315
SPIN 2 4 1 10 1.610 2.931 4.880
SPIN 2 4 1 11 4.777 0.305 -3.477
SPIN 2 4 1 12 -0.590 5.611 -1.780
SPIN 2 4 1 13 -5.793 1.165 -0.286
SPIN 2 4 1 14 1.211 -0.836 5.730
SPIN 2 4 1 15 -4.868 -2.135 2.598
SPIN 3 4 2 0 -5.843 -0.727 -0.580
SPIN 3 4 2 1 4.830 -2.907 1.793
SPIN 3 4 2 2 0.317 4.878 3.333
SPIN 3 4 2 3 0.347 2.419 5.388
SPIN 3 4 2 4 1.789 -1.063 5.538
SPIN 3 4 2 5 -3.045 1.329 -4.895
SPIN 3 4 2 6 2.417 2.065 4.990
SPIN 3 4 2 7 2.252 1.159 -5.347
SPIN 3 4 2 8 5.841 0.056 0.939
SPIN 3 4 2 9 -2.363 -5.343 -0.932
SPIN 3 4 2 10 -1.892 5.199 2.096
SPIN 3 4 2 11 5.658 -1.727 -0.070
SPIN 3 4 2 12 3.037 0.087 -5.076
SPIN 3 4 2 13 -0.128 0.530 5.891
SPIN 3 4 2 14 1.845 -2.436 -5.066
SPIN 3 4 2 15 -2.208 3.319 4.371
SPIN 2 4 2 0 -0.238 -5.513 2.132
SPIN 2 4 2 1 -0.714 -5.310 -2.510
SPIN 2 4 2 2 -0.109 5.658 1.726
SPIN 2 4 2 3 -0.070 -5.489 2.205
SPIN 2 4 2 4 0.788 1.869 -5.558
SPIN 2 4 2 5 -3.438 0.642 4.772
SPIN 2 4 2 6 5.867 0.726 0.225
SPIN 2 4 2 7 -5.155 1.442 2.519
SPIN 2 4 2 8 -1.523 2.957 -4.893
SPIN 2 4 2 9 -2.714 -2.093 4.822
SPIN 2 4 2 10 1.434 1.994 -5.382
SPIN 2 4 2 11 3.890 3.896 2.166
SPIN 2 4 2 12 -0.077 -5.901 -0.414
SPIN 2 4 2 13 0.706 0.675 -5.835
SPIN 2 4 2 14 -4.715 -2.455 2.596
SPIN 2 4 2 15 4.278 -0.568 -4.046
SPIN 3 4 3 0 3.182 -2.306 4.423
SPIN 3 4 3 1 -0.395 -3.671 4.622
SPIN 3 4 3 2 -3.110 2.595 -4.312
SPIN 3 4 3 3 2.879 0.566 -5.137
SPIN 3 4 3 4 -5.487 -0.563 2.139
SPIN 3 4 3 5 1.439 5.363 2.042
SPIN 3 4 3 6 0.151 -1.816 5.628
SPIN 3 4 3 7 1.977 4.719 2.971
SPIN 3 4 3 8 -1.212 -3.752 4.410
SPIN 3 4 3 9 -2.614 3.392 -4.082
SPIN 3 4 3 10 -0.004 -2.020 5.560
SPIN 3 4 3 11 1.310 -5.621 1.298
SPIN 3 4 3 12 -0.374 5.375 2.442
SPIN 3 4 3 13 4.390 -0.435 -3.942
SPIN 3 4 3 14 0.764 4.432 3.843
SPIN 3 4 3 15 -1.494 -1.562 -5.507
SPIN 2 4 3 0 3.328 -3.243 -3.662
SPIN 2 4 3 1 0.081 5.087 -3.018
SPIN 2 4 3 2 4.701 3.460 -0.962
SPIN 2 4 3 3 -2.527 -5.194 1.282
SPIN 2 4 3 4 -1.966 5.452 -1.189
SPIN 2 4 3 5 -2.226 -5.225 1.657
SPIN 2 4 3 6 4.225 3.813 1.618
SPIN 2 4 3 7 2.431 -4.125 -3.475
SPIN 2 4 3 8 -3.158 4.540 -2.103
SPIN 2 4 3 9 -1.211 4.312 3.865
SPIN 2 4 3 10 5.270 -1.385 -2.304
SPIN 2 4 3 11 -5.584 -0.153 1.949
SPIN 2 4 3 12 4.784 -2.524 2.397
SPIN 2 4 3 13 -5.441 0.336 -2.299
SPIN 2 4 3 14 5.564 1.958 -0.451
SPIN 2 4 3 15 -4.347 3.745 1.439
SPIN 3 4 4 0 1.065 3.644 -4.538
SPIN 3 4 4 1 -2.766 5.229 0.028
SPIN 3 4 4 2 -2.565 3.720 3.819
SPIN 3 4 4 3 0.247 -4.176 -4.183
SPIN 3 4 4 4 5.631 0.907 1.570
SPIN 3 4 4 5 -5.178 -2.851 -0.248
SPIN 3 4 4 6 -1.748 5.642 -0.339
SPIN 3 4 4 7 2.107 -5.477 0.748
SPIN 3 4 4 8 -0.920 0.944 -5.767
SPIN 3 4 4 9 -1.115 0.972 -5.728
SPIN 3 4 4 10 2.126 -5.031 2.274
SPIN 3 4 4 11 -1.154 1.246 -5.667
SPIN 3 4 4 12 -4.142 -0.323 4.212
SPIN 3 4 4 13 -5.187 -2.672 -0.975
SPIN 3 4 4 14 -1.019 -4.337 -3.892
SPIN 3 4 4 15 2.141 1.862 5.191
SPIN 2 4 4 0 0.935 5.785 0.813
SPIN 2 4 4 1 0.601 -5.378 -2.392
SPIN 2 4 4 2 -5.189 -2.579 -1.193
SPIN 2 4 4 3 0.088 5.632 1.808
SPIN 2 4 4 4 -5.773 0.342 -1.248
SPIN 2 4 4 5 -0.308 5.903 -0.252
SPIN 2 4 4 6 4.222 -3.206 -2.626
SPIN 2 4 4 7 -1.203 5.088 2.768
SPIN 2 4 4 8 -4.124 1.217 -4.063
SPIN 2 4 4 9 3.876 -3.237 -3.082
SPIN 2 4 4 10 -4.553 -3.261 -1.906
SPIN 2 4 4 11 0.982 5.831 -0.183
SPIN 2 4 4 12 -4.746 -3.271 -1.335
SPIN 2 4 4 13 4.285 -0.747 -4.010
SPIN 2 4 4 14 -3.339 0.511 -4.857
SPIN 2 4 4 15 3.001 -5.038 0.785
SPIN 3 4 5 0 -3.496 1.175 4.626
SPIN 3 4 5 1 4.291 -2.843 2.917
SPIN 3 4 5 2 3.704 -1.492 4.365
SPIN 3 4 5 3 2.140 4.608 3.032
SPIN 3 4 5 4 -4.761 -2.159 2.770
SPIN 3 4 5 5 2.148 5.325 -1.424
SPIN 3 4 5 6 -3.411 -4.832 -0.147
SPIN 3 4 5 7 5.510 -2.154 0.025
SPIN 3 4 5 8 -1.553 5.619 -1.009
SPIN 3 4 5 9 5.912 0.047 0.211
SPIN 3 4 5 10 -5.184 -2.478 1.411
SPIN 3 4 5 11 -2.229 4.683 -2.845
SPIN 3 4 5 12 1.113 -4.885 -3.146
SPIN 3 4 5 13 0.318 4.364 3.982
SPIN 3 4 5 14 -4.597 0.705 3.656
SPIN 3 4 5 15 3.949 1.173 -4.246
SPIN 2 4 5 0 4.362 -3.669 1.584
SPIN 2 4 5 1 -0.431 1.561 -5.690
SPIN 2 4 5 2 -2.618 3.311 4.145
SPIN 2 4 5 3 0.045 -1.888 -5.607
SPIN 2 4 5 4 -0.487 5.046 -3.050
SPIN 2 4 5 5 -2.922 -5.144 -0.057
SPIN 2 4 5 6 -0.555 2.549 -5.310
SPIN 2 4 5 7 3.755 -2.409 3.885
SPIN 2 4 5 8 5.601 -0.128 1.900
SPIN 2 4 5 9 0.879 1.528 -5.647
SPIN 2 4 5 10 -1.319 5.632 1.242
SPIN 2 4 5 11 -1.582 -4.982 2.771
SPIN 2 4 5 12 4.200 1.028 4.038
SPIN 2 4 5 13 1.244 -5.688 1.048
SPIN 2 4 5 14 -1.344 -5.742 -0.471
SPIN 2 4 5 15 -4.559 2.329 2.965
SPIN 3 4 6 0 -1.984 -0.974 5.488
SPIN 3 4 6 1 -4.703 -3.241 -1.543
SPIN 3 4 6 2 -2.799 -2.026 -4.802
SPIN 3 4 6 3 2.998 -3.334 3.860
SPIN 3 4 6 4 -1.103 -4.976 3.003
SPIN 3 4 6 5 -3.027 2.184 -4.590
SPIN 3 4 6 6 0.365 5.851 0.797
SPIN 3 4 6 7 -2.093 1.528 -5.318
SPIN 3 4 6 8 4.714 -1.977 -2.978
SPIN 3 4 6 9 -0.400 -4.926 3.252
SPIN 3 4 6 10 3.850 4.050 1.941
SPIN 3 4 6 11 2.825 0.709 5.150
SPIN 3 4 6 12 4.432 -3.874 -0.585
SPIN 3 4 6 13 0.907 0.751 -5.798
SPIN 3 4 6 14 1.946 -1.403 -5.408
SPIN 3 4 6 15 3.832 -2.591 -3.688
SPIN 2 4 6 0 -3.603 1.924 -4.280
SPIN 2 4 6 1 4.930 -1.057 -3.095
SPIN 2 4 6 2 4.579 0.631 -3.693
SPIN 2 4 6 3 -5.884 -0.173 0.593
SPIN 2 4 6 4 2.724 -3.775 -3.651
SPIN 2 4 6 5 0.034 3.352 4.875
SPIN 2 4 6 6 3.243 1.718 -4.640
SPIN 2 4 6 7 1.271 -5.704 0.922
SPIN 2 4 6 8 -5.018 0.086 -3.133
SPIN 2 4 6 9 -2.143 -5.261 1.653
SPIN 2 4 6 10 -2.787 -4.940 -1.681
SPIN 2 4 6 11 3.739 4.584 0.001
SPIN 2 4 6 12 -3.842 -4.493 -0.241
SPIN 2 4 6 13 -4.724 -3.544 -0.355
SPIN 2 4 6 14 3.187 2.242 4.452
SPIN 2 4 6 15 -0.069 -5.327 -2.573
SPIN 3 4 7 0 -1.975 -5.252 -1.874
SPIN 3 4 7 1 -2.675 -1.486 -5.063
SPIN 3 4 7 2 -5.819 0.916 -0.551
SPIN 3 4 7 3 3.767 4.560 -0.129
SPIN 3 4 7 4 1.223 -5.651 -1.254
SPIN 3 4 7 5 1.762 -5.061 -2.506
SPIN 3 4 7 6 -1.075 -3.364 4.747
SPIN 3 4 7 7 2.293 4.202 3.477
SPIN 3 4 7 8 -0.336 -4.921 3.266
SPIN 3 4 7 9 1.408 0.726 -5.700
SPIN 3 4 7 10 -4.206 1.018 4.034
SPIN 3 4 7 11 0.809 2.646 -5.229
SPIN 3 4 7 12 -3.429 1.080 4.698
SPIN 3 4 7 13 3.512 -0.314 4.751
SPIN 3 4 7 14 -2.666 4.552 2.678
SPIN 3 4 7 15 -4.508 2.936 -2.462
SPIN 2 4 7 0 5.563 0.139 2.009
SPIN 2 4 7 1 3.070 1.969 -4.658
SPIN 2 4 7 2 -2.244 2.907 4.638
SPIN 2 4 7 3 3.080 0.067 -5.051
SPIN 2 4 7 4 -2.206 5.215 1.715
SPIN 2 4 7 5 5.395 1.975 -1.412
SPIN 2 4 7 6 -0.304 -4.844 3.383
SPIN 2 4 7 7 0.196 3.318 -4.894
SPIN 2 4 7 8 4.498 2.266 3.103
SPIN 2 4 7 9 4.408 2.300 -3.206
SPIN 2 4 7 10 -0.726 -2.670 -5.229
SPIN 2 4 7 11 -0.315 -1.551 -5.700
SPIN 2 4 7 12 -2.320 0.950 5.359
SPIN 2 4 7 13 4.837 2.132 -2.658
SPIN 2 4 7 14 -4.853 2.973 1.614
SPIN 2 4 7 15 5.872 0.397 -0.599
SPIN 3 4 8 0 -5.601 -0.595 -1.811
SPIN 3 4 8 1 -4.355 -0.511 3.972
SPIN 3 4 8 2 3.270 4.909 0.458
SPIN 3 4 8 3 4.952 3.103 0.925
SPIN 3 4 8 4 5.187 -1.836 2.172
SPIN 3 4 8 5 -0.616 5.828 0.812
SPIN 3 4 8 6 -0.714 -4.955 3.153
SPIN 3 4 8 7 3.498 -2.123 -4.273
SPIN 3 4 8 8 -4.898 0.768 -3.228
SPIN 3 4 8 9 -1.552 5.089 2.587
SPIN 3 4 8 10 3.447 -2.891 -3.842
SPIN 3 4 8 11 -1.533 -2.326 5.219
SPIN 3 4 8 12 5.752 0.384 1.327
SPIN 3 4 8 13 -0.106 -4.464 -3.880
SPIN 3 4 8 14 -3.106 -3.790 -3.314
SPIN 3 4 8 15 5.765 -0.391 -1.271
SPIN 2 4 8 0 -4.974 -2.808 -1.543
SPIN 2 4 8 1 -4.400 3.866 -0.834
SPIN 2 4 8 2 5.574 1.926 0.470
SPIN 2 4 8 3 1.074 3.119 4.911
SPIN 2 4 8 4 -5.411 -1.803 1.570
SPIN 2 4 8 5 -4.323 4.039 0.054
SPIN 2 4 8 6 -0.833 -3.675 -4.560
SPIN 2 4 8 7 -5.297 0.779 -2.517
SPIN 2 4 8 8 0.688 0.576 5.848
SPIN 2 4 8 9 -0.484 3.961 -4.367
SPIN 2 4 8 10 2.925 -3.806 3.458
SPIN 2 4 8 11 1.909 4.117 3.796
SPIN 2 4 8 12 3.247 -4.944 -0.089
SPIN 2 4 8 13 -5.754 -1.335 0.322
SPIN 2 4 8 14 2.726 5.194 0.766
SPIN 2 4 8 15 0.565 -3.230 4.924
SPIN 3 4 9 0 -1.074 -1.844 -5.518
SPIN 3 4 9 1 5.763 0.712 1.133
SPIN 3 4 9 2 -2.832 -2.807 -4.370
SPIN 3 4 9 3 -2.728 -5.204 0.688
SPIN 3 4 9 4 5.761 1.347 -0.015
SPIN 3 4 9 5 4.734 -3.531 0.346
SPIN 3 4 9 6 5.125 -2.499 -1.577
SPIN 3 4 9 7 -2.100 -2.348 -5.008
SPIN 3 4 9 8 1.111 5.446 -2.025
SPIN 3 4 9 9 4.510 -3.396 1.769
SPIN 3 4 9 10 5.075 0.618 -2.977
SPIN 3 4 9 11 -1.635 -5.675 -0.350
SPIN 3 4 9 12 -5.065 1.796 2.473
SPIN 3 4 9 13 5.237 2.012 1.879
SPIN 3 4 9 14 -1.754 5.647 0.198
SPIN 3 4 9 15 -5.063 -2.940 -0.853
SPIN 2 4 9 0 2.492 4.595 -2.771
SPIN 2 4 9 1 4.328 -4.013 0.404
SPIN 2 4 9 2 2.229 1.152 5.358
SPIN 2 4 9 3 1.881 -2.415 -5.063
SPIN 2 4 9 4 2.490 0.413 5.351
SPIN 2 4 9 5 -2.881 -4.273 -2.905
SPIN 2 4 9 6 -4.705 3.549 0.513
SPIN 2 4 9 7 5.058 -1.639 2.594
SPIN 2 4 9 8 0.082 4.203 -4.163
SPIN 2 4 9 9 3.568 -3.407 3.266
SPIN 2 4 9 10 -0.080 -0.940 -5.840
SPIN 2 4 9 11 -4.851 2.237 -2.542
SPIN 2 4 9 12 -3.805 -0.990 4.421
SPIN 2 4 9 13 5.707 1.479 -0.496
SPIN 2 4 9 14 1.521 4.524 3.496
SPIN 2 4 9 15 -1.228 5.266 -2.400
SPIN 3 4 10 0 -1.278 0.759 5.726
SPIN 3 4 10 1 0.334 1.566 -5.695
SPIN 3 4 10 2 5.738 1.392 0.376
SPIN 3 4 10 3 3.701 4.582 0.551
SPIN 3 4 10 4 -5.529 -1.421 1.554
SPIN 3 4 10 5 5.456 1.945 -1.202
SPIN 3 4 10 6 5.745 -1.103 0.883
SPIN 3 4 10 7 -4.635 -3.662 -0.327
SPIN 3 4 10 8 -5.462 1.925 -1.209
SPIN 3 4 10 9 -2.507 5.081 -1.702
SPIN 3 4 10 10 5.360 0.716 2.399
SPIN 3 4 10 11 0.328 3.199 4.966
SPIN 3 4 10 12 5.360 -2.090 -1.380
SPIN 3 4 10 13 -5.688 -0.069 1.626
SPIN 3 4 10 14 1.873 -4.209 -3.711
SPIN 3 4 10 15 -5.228 2.341 1.479
SPIN 2 4 10 0 -2.495 -2.669 -4.653
SPIN 2 4 10 1 -5.684 1.616 -0.291
SPIN 2 4 10 2 3.197 -2.613 4.237
SPIN 2 4 10 3 0.184 -2.542 -5.339
SPIN 2 4 10 4 4.033 -1.666 -3.995
SPIN 2 4 10 5 -4.330 3.696 -1.611
SPIN 2 4 10 6 -1.901 -5.517 0.974
SPIN 2 4 10 7 -1.886 -5.603 0.233
SPIN 2 4 10 8 -1.507 4.784 -3.137
SPIN 2 4 10 9 -3.388 -1.200 -4.699
SPIN 2 4 10 10 2.315 -4.025 3.666
SPIN 2 4 10 11 4.589 3.544 1.176
SPIN 2 4 10 12 4.369 -0.033 -3.989
SPIN 2 4 10 13 -2.867 -5.017 -1.269
SPIN 2 4 10 14 -0.878 0.800 -5.796
SPIN 2 4 10 15 -1.128 0.609 5.775
SPIN 3 4 11 0 -3.531 -3.874 -2.743
SPIN 3 4 11 1 4.933 -2.463 -2.145
SPIN 3 4 11 2 3.450 1.698 4.496
SPIN 3 4 11 3 -3.454 -2.941 3.798
SPIN 3 4 11 4 0.441 2.298 -5.434
SPIN 3 4 11 5 2.100 4.122 3.688
SPIN 3 4 11 6 -0.267 3.402 -4.832
SPIN 3 4 11 7 2.873 3.769 3.541
SPIN 3 4 11 8 5.512 0.585 2.068
SPIN 3 4 11 9 -3.197 -1.918 -4.594
SPIN 3 4 11 10 -4.402 -3.331 2.127
SPIN 3 4 11 11 3.919 -2.590 -3.596
SPIN 3 4 11 12 1.158 2.498 5.236
SPIN 3 4 11 13 -2.122 5.018 2.306
SPIN 3 4 11 14 -4.617 -3.039 -2.110
SPIN 3 4 11 15 -5.415 2.381 -0.036
SPIN 2 4 11 0 1.927 -2.109 5.181
SPIN 2 4 11 1 2.252 -3.826 3.910
SPIN 2 4 11 2 -1.561 3.416 -4.571
SPIN 2 4 11 3 -2.912 3.426 -3.845
SPIN 2 4 11 4 -4.459 -1.974 3.350
SPIN 2 4 11 5 4.795 -2.028 2.810
SPIN 2 4 11 6 1.631 -3.346 -4.598
SPIN 2 4 11 7 5.037 -0.632 3.037
SPIN 2 4 11 8 -3.977 4.379 -0.093
SPIN 2 4 11 9 5.536 1.678 -1.240
SPIN 2 4 11 10 -5.802 -0.228 -1.135
SPIN 2 4 11 11 -0.013 -5.124 2.956
SPIN 2 4 11 12 -5.173 2.593 -1.228
SPIN 2 4 11 13 5.913 0.186 -0.017
SPIN 2 4 11 14 5.774 1.179 -0.521
SPIN 2 4 11 15 -0.671 3.916 -4.384
SPIN 3 4 12 0 1.545 3.082 -4.808
SPIN 3 4 12 1 5.351 2.287 1.066
SPIN 3 4 12 2 1.829 -5.061 -2.458
SPIN 3 4 12 3 3.382 4.843 -0.326
SPIN 3 4 12 4 -4.721 0.778 -3.479
SPIN 3 4 12 5 -4.021 4.070 -1.504
SPIN 3 4 12 6 3.720 4.433 1.229
SPIN 3 4 12 7 -3.114 -4.957 -0.856
SPIN 3 4 12 8 2.025 1.870 -5.235
SPIN 3 4 12 9 1.147 -4.790 3.277
SPIN 3 4 12 10 5.591 1.184 -1.529
SPIN 3 4 12 11 -5.739 0.324 1.400
SPIN 3 4 12 12 4.774 -1.513 3.149
SPIN 3 4 12 13 5.589 -0.281 -1.919
SPIN 3 4 12 14 -5.123 -0.078 2.957
SPIN 3 4 12 15 5.912 -0.220 0.076
SPIN 2 4 12 0 3.132 4.510 2.204
SPIN 2 4 12 1 -5.796 0.424 -1.109
SPIN 2 4 12 2 -2.735 4.072 3.307
SPIN 2 4 12 3 4.335 1.704 -3.648
SPIN 2 4 12 4 1.587 2.392 5.173
SPIN 2 4 12 5 -5.454 -1.696 1.544
SPIN 2 4 12 6 -4.308 -1.062 3.913
SPIN 2 4 12 7 -3.384 -0.313 -4.843
SPIN 2 4 12 8 2.179 3.418 4.309
SPIN 2 4 12 9 -5.377 1.286 -2.105
SPIN 2 4 12 10 5.494 -0.054 2.193
SPIN 2 4 12 11 2.924 -3.071 -4.125
SPIN 2 4 12 12 -5.272 -1.861 -1.934
SPIN 2 4 12 13 -2.270 3.356 -4.311
SPIN 2 4 12 14 -0.854 -3.691 4.544
SPIN 2 4 12 15 3.568 -4.675 -0.646
SPIN 3 4 13 0 -0.608 -4.930 -3.213
SPIN 3 4 13 1 -3.350 -4.844 -0.560
SPIN 3 4 13 2 1.016 -4.090 4.152
SPIN 3 4 13 3 4.158 -0.914 4.108
SPIN 3 4 13 4 -4.721 0.161 3.562
SPIN 3 4 13 5 3.506 -3.477 3.259
SPIN 3 4 13 6 1.264 0.601 -5.748
SPIN 3 4 13 7 4.112 -0.557 4.217
SPIN 3 4 13 8 -2.369 -2.187 4.960
SPIN 3 4 13 9 -1.899 -4.528 -3.301
SPIN 3 4 13 10 -2.709 -2.092 4.826
SPIN 3 4 13 11 -4.763 -1.242 -3.282
SPIN 3 4 13 12 -3.088 -3.965 3.120
SPIN 3 4 13 13 1.599 0.806 5.639
SPIN 3 4 13 14 2.730 0.750 -5.195
SPIN 3 4 13 15 -0.715 3.331 -4.837
SPIN 2 4 13 0 -3.978 -3.919 -1.954
SPIN 2 4 13 1 2.752 3.763 -3.643
SPIN 2 4 13 2 -3.026 2.902 -4.174
SPIN 2 4 13 3 -5.166 -1.718 2.315
SPIN 2 4 13 4 3.988 4.163 -1.331
SPIN 2 4 13 5 2.928 4.936 -1.437
SPIN 2 4 13 6 4.650 -2.795 -2.358
SPIN 2 4 13 7 2.963 3.896 3.323
SPIN 2 4 13 8 -1.337 -3.475 -4.598
SPIN 2 4 13 9 -3.502 -0.064 4.767
SPIN 2 4 13 10 5.430 2.220 -0.769
SPIN 2 4 13 11 5.336 -2.278 1.155
SPIN 2 4 13 12 -2.185 -2.448 -4.923
SPIN 2 4 13 13 -5.233 -2.126 -1.758
SPIN 2 4 13 14 -3.247 4.871 -0.856
SPIN 2 4 13 15 -3.606 2.405 4.027
SPIN 3 4 14 0 1.678 4.966 -2.743
SPIN 3 4 14 1 -2.081 -1.982 5.171
SPIN 3 4 14 2 2.558 5.333 -0.127
SPIN 3 4 14 3 -3.050 -5.050 0.439
SPIN 3 4 14 4 -0.521 2.099 -5.506
SPIN 3 4 14 5 -2.471 -5.185 -1.418
SPIN 3 4 14 6 -3.426 0.518 -4.795
SPIN 3 4 14 7 2.954 2.933 4.204
SPIN 3 4 14 8 -0.281 4.925 -3.266
SPIN 3 4 14 9 3.187 2.968 4.004
SPIN 3 4 14 10 -4.015 -4.279 0.756
SPIN 3 4 14 11 -4.025 1.201 4.166
SPIN 3 4 14 12 -3.664 -4.585 0.745
SPIN 3 4 14 13 4.124 0.393 -4.223
SPIN 3 4 14 14 2.584 0.835 5.256
SPIN 3 4 14 15 -4.885 3.159 1.076
SPIN 2 4 14 0 0.960 -5.743 -1.047
SPIN 2 4 14 1 2.337 -1.161 -5.309
SPIN 2 4 14 2 4.032 2.442 3.574
SPIN 2 4 14 3 -5.835 0.365 0.908
SPIN 2 4 14 4 -5.646 1.062 1.411
SPIN 2 4 14 5 5.695 1.313 0.918
SPIN 2 4 14 6 0.132 -1.587 5.698
SPIN 2 4 14 7 4.577 -3.143 2.043
SPIN 2 4 14 8 1.786 4.874 -2.839
SPIN 2 4 14 9 -3.431 -4.795 0.486
SPIN 2 4 14 10 0.463 -1.611 -5.674
SPIN 2 4 14 11 -3.233 -4.562 -1.933
SPIN 2 4 14 12 3.429 3.038 3.743
SPIN 2 4 14 13 1.246 2.323 -5.296
SPIN 2 4 14 14 -1.769 -0.804 -5.588
SPIN 2 4 14 15 -3.712 4.532 0.824
SPIN 3 4 15 0 -4.976 -0.548 -3.153
SPIN 3 4 15 1 5.247 1.956 -1.908
SPIN 3 4 15 2 -1.250 -3.397 4.679
SPIN 3 4 15 3 5.543 1.732 -1.131
SPIN 3 4 15 4 -1.414 1.770 5.465
SPIN 3 4 15 5 0.959 3.936 4.311
SPIN 3 4 15 6 3.795 1.324 -4.341
SPIN 3 4 15 7 -1.218 -5.275 -2.386
SPIN 3 4 15 8 -4.014 -4.267 -0.823
SPIN 3 4 15 9 2.600 2.854 -4.483
SPIN 3 4 15 10 3.157 -0.692 4.955
SPIN 3 4 15 11 2.832 0.906 -5.115
SPIN 3 4 15 12 -3.352 4.621 1.551
SPIN 3 4 15 13 -1.582 5.173 -2.394
SPIN 3 4 15 14 -0.503 -5.054 -3.034
SPIN 3 4 15 15 4.832 -3.319 0.797
SPIN 2 4 15 0 -1.551 5.619 1.011
SPIN 2 4 15 1 4.156 -1.045 4.079
SPIN 2 4 15 2 -2.158 -0.639 -5.471
SPIN 2 4 15 3 0.827 5.328 -2.434
SPIN 2 4 15 4 0.698 -1.954 5.540
SPIN 2 4 15 5 -2.672 1.448 -5.076
SPIN 2 4 15 6 -5.868 0.730 0.177
SPIN 2 4 15 7 -5.309 2.569 0.458
SPIN 2 4 15 8 -3.004 -2.356 4.519
SPIN 2 4 15 9 3.900 1.101 -4.310
SPIN 2 4 15 10 -1.520 -5.026 2.726
SPIN 2 4 15 11 -3.270 4.844 -0.917
SPIN 2 4 15 12 2.629 2.333 -4.758
SPIN 2 4 15 13 3.175 3.508 3.552
SPIN 2 4 15 14 5.025 -2.003 -2.394
SPIN 2 4 15 15 2.401 -5.400 0.268
SPIN 1 5 0 0 4.821 -1.439 -3.112
SPIN 1 5 0 1 2.005 -4.903 -2.635
SPIN 1 5 0 2 -1.566 -2.083 5.311
SPIN 1 5 0 3 5.440 2.310 0.255
SPIN 1 5 0 4 4.791 2.947 1.835
SPIN 1 5 0 5 -0.191 -3.779 -4.548
SPIN 1 5 0 6 4.525 1.281 3.590
SPIN 1 5 0 7 -3.861 2.987 -3.342
SPIN 1 5 0 8 2.803 -4.267 2.990
SPIN 1 5 0 9 -2.947 -3.862 3.376
SPIN 1 5 0 10 5.303 1.058 2.401
SPIN 1 5 0 11 -4.646 3.077 -1.985
SPIN 1 5 0 12 -0.342 5.456 2.263
SPIN 1 5 0 13 3.948 3.127 3.104
SPIN 1 5 0 14 -5.344 2.419 -0.767
SPIN 1 5 0 15 -4.953 -2.226 2.349
SPIN 4 5 0 0 4.731 3.544 0.253
SPIN 4 5 0 1 1.205 -5.341 2.240
SPIN 4 5 0 2 -2.553 -2.296 -4.818
SPIN 4 5 0 3 -5.111 -2.829 -0.935
SPIN 4 5 0 4 3.788 1.190 -4.386
SPIN 4 5 0 5 -5.162 2.752 0.882
SPIN 4 5 0 6 1.792 -3.956 -4.018
SPIN 4 5 0 7 1.657 5.467 1.537
SPIN 4 5 0 8 -5.040 0.255 3.088
SPIN 4 5 0 9 -2.613 -4.829 2.203
SPIN 4 5 0 10 1.894 4.754 -2.969
SPIN 4 5 0 11 -4.090 3.375 2.624
SPIN 4 5 0 12 -4.806 -1.061 -3.283
SPIN 4 5 0 13 -5.516 -0.401 -2.101
SPIN 4 5 0 14 2.450 -4.800 2.441
SPIN 4 5 0 15 -2.631 -5.051 -1.601
SPIN 1 5 1 0 -0.365 -5.790 -1.159
SPIN 1 5 1 1 0.102 0.183 -5.912
SPIN 1 5 1 2 -2.976 2.394 4.518
SPIN 1 5 1 3 -4.706 -1.238 -3.364
SPIN 1 5 1 4 2.307 -4.909 2.362
SPIN 1 5 1 5 3.740 4.436 -1.156
SPIN 1 5 1 6 -5.888 -0.047 0.576
SPIN 1 5 1 7 4.601 1.976 3.150
SPIN 1 5 1 8 -2.795 1.499 -4.994
SPIN 1 5 1 9 5.487 -1.122 -1.907
SPIN 1 5 1 10 -3.432 -1.935 -4.414
SPIN 1 5 1 11 0.906 5.768 -0.954
SPIN 1 5 1 12 2.092 5.374 -1.321
SPIN 1 5 1 13 3.737 4.585 -0.108
SPIN 1 5 1 14 2.378 -4.381 -3.187
SPIN 1 5 1 15 3.365 -1.923 4.470
SPIN 4 5 1 0 3.352 -4.785 -0.932
SPIN 4 5 1 1 -5.080 2.499 -1.717
SPIN 4 5 1 2 1.610 -5.215 -2.283
SPIN 4 5 1 3 3.520 3.236 -3.484
SPIN 4 5 1 4 -5.694 1.547 0.428
SPIN 4 5 1 5 0.496 -5.560 -1.960
SPIN 4 5 1 6 2.809 2.976 4.273
SPIN 4 5 1 7 -3.401 2.984 -3.812
SPIN 4 5 1 8 0.135 2.078 5.537
SPIN 4 5 1 9 2.962 4.894 -1.509
SPIN 4 5 1 10 -2.493 -5.334 0.573
SPIN 4 5 1 11 1.636 -3.912 -4.125
SPIN 4 5 1 12 3.235 4.625 1.774
SPIN 4 5 1 13 -1.783 -5.588 0.773
SPIN 4 5 1 14 -2.000 4.205 -3.649
SPIN 4 5 1 15 3.781 4.541 -0.283
SPIN 1 5 2 0 -1.737 5.655 0.042
SPIN 1 5 2 1 -4.722 3.559 0.196
SPIN 1 5 2 2 -1.781 4.010 -3.968
SPIN 1 5 2 3 -1.650 -5.588 1.026
SPIN 1 5 2 4 3.374 3.758 -3.081
SPIN 1 5 2 5 5.097 -0.889 2.868
SPIN 1 5 2 6 -4.206 -0.673 -4.106
SPIN 1 5 2 7 -5.597 -0.762 -1.759
SPIN 1 5 2 8 5.040 -3.091 0.198
SPIN 1 5 2 9 -3.424 2.188 4.300
SPIN 1 5 2 10 -4.671 -0.997 3.490
SPIN 1 5 2 11 -1.660 -5.170 2.348
SPIN 1 5 2 12 0.134 0.892 5.847
SPIN 1 5 2 13 -5.830 -0.975 0.234
SPIN 1 5 2 14 -3.479 4.286 2.128
SPIN 1 5 2 15 -2.037 1.936 -5.206
SPIN 4 5 2 0 -3.418 1.053 4.712
SPIN 4 5 2 1 0.151 -2.891 -5.159
SPIN 4 5 2 2 3.157 4.998 -0.242
SPIN 4 5 2 3 -3.879 -4.458 -0.276
SPIN 4 5 2 4 5.814 -0.718 -0.825
SPIN 4 5 2 5 -3.914 3.832 -2.234
SPIN 4 5 2 6 -2.721 -4.589 -2.557
SPIN 4 5 2 7 -0.243 3.162 -4.994
SPIN 4 5 2 8 -4.590 3.687 0.578
SPIN 4 5 2 9 -1.550 -1.017 -5.618
SPIN 4 5 2 10 -0.390 -1.937 5.576
SPIN 4 5 2 11 -0.296 5.769 -1.278
SPIN 4 5 2 12 1.024 -4.700 3.443
SPIN 4 5 2 13 -0.412 3.661 4.629
SPIN 4 5 2 14 -2.115 -3.130 4.553
SPIN 4 5 2 15 3.749 -2.531 3.813
SPIN 1 5 3 0 -5.893 -0.126 0.504
SPIN 1 5 3 1 4.767 2.929 1.923
SPIN 1 5 3 2 2.090 -3.358 -4.399
SPIN 1 5 3 3 2.887 3.482 -3.814
SPIN 1 5 3 4 0.185 -5.184 2.845
SPIN 1 5 3 5 1.734 -5.305 -1.962
SPIN 1 5 3 6 4.276 0.126 -4.087
SPIN 1 5 3 7 1.471 5.730 -0.038
SPIN 1 5 3 8 0.020 -5.517 2.137
SPIN 1 5 3 9 1.583 -3.736 -4.305
SPIN 1 5 3 10 0.507 4.076 -4.258
SPIN 1 5 3 11 -4.134 3.582 -2.254
SPIN 1 5 3 12 0.482 2.018 5.540
SPIN 1 5 3 13 -0.612 -4.406 -3.900
SPIN 1 5 3 14 -3.967 -4.295 -0.903
SPIN 1 5 3 15 0.892 -5.780 -0.894
SPIN 4 5 3 0 2.039 -3.631 4.203
SPIN 4 5 3 1 0.333 -4.205 4.148
SPIN 4 5 3 2 -2.048 -2.545 4.932
SPIN 4 5 3 3 -0.342 4.514 -3.809
SPIN 4 5 3 4 0.123 -1.942 -5.587
SPIN 4 5 3 5 -2.229 4.553 3.051
SPIN 4 5 3 6 -5.380 0.869 -2.303
SPIN 4 5 3 7 0.477 -0.541 5.872
SPIN 4 5 3 8 3.448 4.464 -1.783
SPIN 4 5 3 9 -0.551 -4.590 3.692
SPIN 4 5 3 10 -0.631 -3.919 -4.387
SPIN 4 5 3 11 3.296 -3.921 2.960
SPIN 4 5 3 12 -3.356 3.617 -3.264
SPIN 4 5 3 13 -5.335 -1.330 -2.183
SPIN 4 5 3 14 4.278 1.185 3.910
SPIN 4 5 3 15 3.759 0.761 -4.505
SPIN 1 5 4 0 1.113 -0.627 -5.777
SPIN 1 5 4 1 5.841 0.887 0.304
SPIN 1 5 4 2 -0.586 -3.477 4.750
SPIN 1 5 4 3 4.576 0.823 3.659
SPIN 1 5 4 4 2.672 -5.262 -0.413
SPIN 1 5 4 5 3.866 2.446 -3.751
SPIN 1 5 4 6 -4.189 -2.988 2.919
SPIN 1 5 4 7 -0.847 -2.246 -5.407
SPIN 1 5 4 8 -5.390 0.276 2.424
SPIN 1 5 4 9 -0.396 1.566 -5.691
SPIN 1 5 4 10 1.064 0.616 5.787
SPIN 1 5 4 11 2.457 4.839 -2.355
SPIN 1 5 4 12 -4.207 -3.284 -2.553
SPIN 1 5 4 13 -2.715 0.199 5.253
SPIN 1 5 4 14 -5.195 2.467 -1.387
SPIN 1 5 4 15 -0.942 3.699 4.520
SPIN 4 5 4 0 -1.972 5.314 -1.695
SPIN 4 5 4 1 -2.803 1.282 5.050
SPIN 4 5 4 2 1.761 4.022 -3.965
SPIN 4 5 4 3 5.746 -1.365 -0.346
SPIN 4 5 4 4 -2.695 4.514 -2.713
SPIN 4 5 4 5 -5.355 -2.512 -0.091
SPIN 4 5 4 6 -0.569 5.680 -1.555
SPIN 4 5 4 7 -3.729 -3.696 -2.726
SPIN 4 5 4 8 2.179 3.056 4.573
SPIN 4 5 4 9 -0.649 3.307 -4.862
SPIN 4 5 4 10 -1.389 5.245 2.358
SPIN 4 5 4 11 5.659 -0.879 1.483
SPIN 4 5 4 12 1.966 2.034 5.196
SPIN 4 5 4 13 5.477 1.891 -1.195
SPIN 4 5 4 14 -2.329 4.165 3.496
SPIN 4 5 4 15 3.222 -4.830 1.138
SPIN 1 5 5 0 4.724 0.703 3.492
SPIN 1 5 5 1 2.384 -4.061 -3.581
SPIN 1 5 5 2 -3.546 -2.150 -4.219
SPIN 1 5 5 3 -4.570 3.106 2.114
SPIN 1 5 5 4 -3.414 1.427 -4.616
SPIN 1 5 5 5 -3.404 -2.949 3.836
SPIN 1 5 5 6 5.656 1.373 -1.060
SPIN 1 5 5 7 -1.585 4.215 3.837
SPIN 1 5 5 8 -2.492 -0.644 -5.327
SPIN 1 5 5 9 0.290 -4.306 4.047
SPIN 1 5 5 10 -0.292 -2.373 -5.411
SPIN 1 5 5 11 0.916 -0.483 5.825
SPIN 1 5 5 12 -2.777 1.822 4.896
SPIN 1 5 5 13 0.371 3.459 -4.785
SPIN 1 5 5 14 1.449 -5.638 1.055
SPIN 1 5 5 15 -5.407 2.306 0.671
SPIN 4 5 5 0 -5.819 -0.970 0.440
SPIN 4 5 5 1 -1.413 2.638 5.103
SPIN 4 5 5 2 3.872 1.082 -4.340
SPIN 4 5 5 3 -4.505 -3.108 -2.247
SPIN 4 5 5 4 3.221 -4.931 -0.559
SPIN 4 5 5 5 0.857 4.020 4.255
SPIN 4 5 5 6 4.323 -1.632 -3.695
SPIN 4 5 5 7 -4.914 -1.159 3.083
SPIN 4 5 5 8 -1.267 4.146 -4.026
SPIN 4 5 5 9 1.972 4.249 3.614
SPIN 4 5 5 10 4.717 2.927 -2.046
SPIN 4 5 5 11 2.418 -1.379 -5.220
SPIN 4 5 5 12 -2.482 1.242 -5.225
SPIN 4 5 5 13 2.848 -5.061 1.129
SPIN 4 5 5 14 -2.663 1.756 -4.983
SPIN 4 5 5 15 3.920 0.761 4.365
SPIN 1 5 6 0 -1.339 -4.319 3.815
SPIN 1 5 6 1 1.723 -2.721 -4.963
SPIN 1 5 6 2 3.774 2.600 3.741
SPIN 1 5 6 3 2.338 -4.650 -2.813
SPIN 1 5 6 4 -1.524 5.526 1.464
SPIN 1 5 6 5 2.606 4.484 2.847
SPIN 1 5 6 6 -1.003 -5.716 -1.148
SPIN 1 5 6 7 3.786 -2.627 -3.710
SPIN 1 5 6 8 -3.507 -3.252 3.483
SPIN 1 5 6 9 -5.669 -0.437 1.636
SPIN 1 5 6 10 1.440 3.895 4.213
SPIN 1 5 6 11 2.856 -3.858 -3.457
SPIN 1 5 6 12 0.197 -4.935 3.257
SPIN 1 5 6 13 -4.324 0.162 4.034
SPIN 1 5 6 14 0.677 2.284 5.415
SPIN 1 5 6 15 -4.449 -3.606 1.484
SPIN 4 5 6 0 4.342 3.359 -2.206
SPIN 4 5 6 1 -3.994 -4.056 -1.612
SPIN 4 5 6 2 2.272 5.086 1.991
SPIN 4 5 6 3 0.033 1.929 -5.592
SPIN 4 5 6 4 4.216 4.133 -0.376
SPIN 4 5 6 5 -2.797 -5.162 -0.730
SPIN 4 5 6 6 -1.286 2.691 5.109
SPIN 4 5 6 7 3.064 4.448 -2.414
SPIN 4 5 6 8 5.607 -0.918 1.648
SPIN 4 5 6 9 0.127 2.359 -5.424
SPIN 4 5 6 10 2.275 -5.461 0.043
SPIN 4 5 6 11 3.069 -1.905 -4.685
SPIN 4 5 6 12 4.315 -2.216 -3.387
SPIN 4 5 6 13 -4.540 -1.480 3.493
SPIN 4 5 6 14 -5.160 -2.857 -0.457
SPIN 4 5 6 15 3.986 4.367 0.216
SPIN 1 5 7 0 5.175 2.650 1.094
SPIN 1 5 7 1 -0.317 2.130 5.510
SPIN 1 5 7 2 -3.523 -1.664 -4.452
SPIN 1 5 7 3 -2.540 -0.568 5.313
SPIN 1 5 7 4 -1.194 -3.256 -4.793
SPIN 1 5 7 5 -1.154 4.955 3.018
SPIN 1 5 7 6 -0.407 3.343 -4.864
SPIN 1 5 7 7 2.654 -5.237 0.728
SPIN 1 5 7 8 -2.585 2.122 -4.880
SPIN 1 5 7 9 -4.708 1.660 3.175
SPIN 1 5 7 10 -3.790 -0.701 4.488
SPIN 1 5 7 11 -4.553 0.166 3.774
SPIN 1 5 7 12 3.501 4.443 -1.732
SPIN 1 5 7 13 -4.831 -2.516 -2.309
SPIN 1 5 7 14 0.218 5.778 1.250
SPIN 1 5 7 15 -1.036 3.379 -4.745
SPIN 4 5 7 0 -3.933 -3.835 2.197
SPIN 4 5 7 1 0.192 -1.364 5.753
SPIN 4 5 7 2 0.086 5.667 -1.697
SPIN 4 5 7 3 -1.013 -4.835 3.255
SPIN 4 5 7 4 -2.474 2.045 4.970
SPIN 4 5 7 5 4.531 -1.726 3.390
SPIN 4 5 7 6 -3.452 4.564 -1.501
SPIN 4 5 7 7 -5.188 -0.717 -2.751
SPIN 4 5 7 8 2.044 -5.550 0.161
SPIN 4 5 7 9 1.088 -4.001 -4.220
SPIN 4 5 7 10 0.617 1.189 5.762
SPIN 4 5 7 11 0.511 0.072 -5.894
SPIN 4 5 7 12 0.823 1.795 5.577
SPIN 4 5 7 13 0.334 3.005 -5.085
SPIN 4 5 7 14 -4.224 0.951 4.031
SPIN 4 5 7 15 0.145 -5.702 1.571
SPIN 1 5 8 0 -3.975 4.082 -1.593
SPIN 1 5 8 1 2.447 -1.651 -5.127
SPIN 1 5 8 2 2.935 3.563 -3.700
SPIN 1 5 8 3 -0.362 1.945 5.576
SPIN 1 5 8 4 0.807 -5.859 -0.146
SPIN 1 5 8 5 1.524 -2.405 -5.186
SPIN 1 5 8 6 -5.690 -0.585 1.510
SPIN 1 5 8 7 3.374 4.577 1.634
SPIN 1 5 8 8 -3.993 -2.782 3.364
SPIN 1 5 8 9 4.950 -1.211 3.005
SPIN 1 5 8 10 -1.262 5.317 -2.266
SPIN 1 5 8 11 1.697 -4.860 2.915
SPIN 1 5 8 12 -0.763 2.630 5.244
SPIN 1 5 8 13 -0.532 5.362 -2.441
SPIN 1 5 8 14 3.658 -3.854 2.601
SPIN 1 5 8 15 -0.443 5.215 -2.758
SPIN 4 5 8 0 -5.587 -1.928 0.262
SPIN 4 5 8 1 -2.769 -4.759 -2.164
SPIN 4 5 8 2 -3.183 -4.901 0.922
SPIN 4 5 8 3 0.293 3.849 -4.483
SPIN 4 5 8 4 0.056 -5.815 -1.085
SPIN 4 5 8 5 2.597 4.255 -3.186
SPIN 4 5 8 6 1.934 -5.499 -1.012
SPIN 4 5 8 7 -2.307 2.889 -4.619
SPIN 4 5 8 8 0.778 2.540 5.286
SPIN 4 5 8 9 1.525 5.599 1.150
SPIN 4 5 8 10 -3.257 -4.891 -0.683
SPIN 4 5 8 11 -1.017 -2.275 5.366
SPIN 4 5 8 12 1.495 4.677 -3.300
SPIN 4 5 8 13 0.774 -5.800 -0.872
SPIN 4 5 8 14 2.035 -5.263 -1.778
SPIN 4 5 8 15 1.791 0.611 5.605
SPIN 1 5 9 0 3.580 -0.823 4.638
SPIN 1 5 9 1 -0.112 1.107 5.810
SPIN 1 5 9 2 4.742 -3.169 -1.571
SPIN 1 5 9 3 -2.164 -0.219 5.502
SPIN 1 5 9 4 4.920 -1.206 3.056
SPIN 1 5 9 5 3.653 4.409 -1.490
SPIN 1 5 9 6 -4.965 -1.640 2.768
SPIN 1 5 9 7 -5.339 2.469 -0.634
SPIN 1 5 9 8 -2.072 3.907 3.930
SPIN 1 5 9 9 -3.697 -2.215 -4.053
SPIN 1 5 9 10 2.687 4.465 2.801
SPIN 1 5 9 11 -4.221 2.941 2.921
SPIN 1 5 9 12 -1.910 -4.039 -3.878
SPIN 1 5 9 13 5.163 -1.450 2.498
SPIN 1 5 9 14 -1.954 3.327 4.485
SPIN 1 5 9 15 -1.462 -5.412 -1.889
SPIN 4 5 9 0 1.819 2.996 4.766
SPIN 4 5 9 1 0.803 -1.501 -5.666
SPIN 4 5 9 2 -1.160 5.801 -0.061
SPIN 4 5 9 3 4.014 1.653 4.019
SPIN 4 5 9 4 1.902 5.389 -1.531
SPIN 4 5 9 5 2.890 0.495 5.139
SPIN 4 5 9 6 -5.090 0.762 -2.918
SPIN 4 5 9 7 -4.025 -4.219 1.000
SPIN 4 5 9 8 -0.028 -5.732 -1.464
SPIN 4 5 9 9 -0.899 -0.078 -5.847
SPIN 4 5 9 10 -1.113 4.700 3.416
SPIN 4 5 9 11 5.497 -1.171 -1.847
SPIN 4 5 9 12 -1.448 -3.020 4.877
SPIN 4 5 9 13 0.765 0.833 -5.807
SPIN 4 5 9 14 -1.125 -5.536 -1.757
SPIN 4 5 9 15 -2.113 2.336 -5.008
SPIN 1 5 10 0 4.635 -0.610 -3.625
SPIN 1 5 10 1 -3.903 4.429 0.382
SPIN 1 5 10 2 -4.866 -0.022 -3.365
SPIN 1 5 10 3 1.798 -4.820 -2.921
SPIN 1 5 10 4 -1.813 1.855 5.317
SPIN 1 5 10 5 0.228 -5.095 -2.999
SPIN 1 5 10 6 -1.795 4.645 -3.194
SPIN 1 5 10 7 1.994 0.899 5.497
SPIN 1 5 10 8 -3.644 4.419 -1.482
SPIN 1 5 10 9 5.625 1.663 -0.769
SPIN 1 5 10 10 5.357 -1.981 -1.541
SPIN 1 5 10 11 -3.033 3.413 -3.763
SPIN 1 5 10 12 -1.782 -1.382 5.469
SPIN 1 5 10 13 4.169 1.377 -3.965
SPIN 1 5 10 14 2.139 -3.724 4.069
SPIN 1 5 10 15 -3.205 -4.857 1.068
SPIN 4 5 10 0 3.443 -2.243 -4.256
SPIN 4 5 10 1 1.748 -3.996 3.997
SPIN 4 5 10 2 -3.964 -3.903 2.013
SPIN 4 5 10 3 -2.541 -2.730 4.593
SPIN 4 5 10 4 -3.218 3.125 3.857
SPIN 4 5 10 5 2.289 -0.638 -5.418
SPIN 4 5 10 6 3.465 -3.913 2.771
SPIN 4 5 10 7 0.855 5.854 -0.070
SPIN 4 5 10 8 5.411 -1.143 -2.100
SPIN 4 5 10 9 0.252 1.035 5.819
SPIN 4 5 10 10 -0.728 4.129 -4.174
SPIN 4 5 10 11 -2.619 -2.259 -4.800
SPIN 4 5 10 12 4.383 -1.790 -3.547
SPIN 4 5 10 13 2.271 -4.367 -3.283
SPIN 4 5 10 14 -0.315 4.846 -3.380
SPIN 4 5 10 15 -3.892 -0.219 -4.450
SPIN 1 5 11 0 4.659 3.036 2.019
SPIN 1 5 11 1 -2.592 4.569 2.722
SPIN 1 5 11 2 -3.982 -2.421 -3.644
SPIN 1 5 11 3 1.782 1.326 -5.483
SPIN 1 5 11 4 -2.575 -2.630 4.632
SPIN 1 5 11 5 5.168 2.755 -0.835
SPIN 1 5 11 6 -4.445 1.163 -3.727
SPIN 1 5 11 7 -0.351 3.612 4.672
SPIN 1 5 11 8 2.314 -5.169 -1.710
SPIN 1 5 11 9 5.008 -2.453 1.975
SPIN 1 5 11 10 -3.660 -1.003 -4.539
SPIN 1 5 11 11 2.291 -2.789 4.687
SPIN 1 5 11 12 -5.412 2.377 0.241
SPIN 1 5 11 13 5.436 2.334 0.061
SPIN 1 5 11 14 -3.424 1.317 4.641
SPIN 1 5 11 15 -0.986 -3.115 4.932
SPIN 4 5 11 0 -4.974 -0.450 3.171
SPIN 4 5 11 1 1.996 -1.464 -5.373
SPIN 4 5 11 2 1.386 -2.742 5.056
SPIN 4 5 11 3 4.484 -3.591 -1.412
SPIN 4 5 11 4 0.625 5.626 -1.721
SPIN 4 5 11 5 0.505 -5.894 -0.051
SPIN 4 5 11 6 5.116 2.725 -1.183
SPIN 4 5 11 7 -2.233 -1.918 -5.132
SPIN 4 5 11 8 5.341 -2.010 1.558
SPIN 4 5 11 9 0.172 0.831 5.855
SPIN 4 5 11 10 4.574 -2.821 2.475
SPIN 4 5 11 11 -3.993 1.842 -3.957
SPIN 4 5 11 12 5.696 -1.413 0.751
SPIN 4 5 11 13 -3.015 -0.527 5.063
SPIN 4 5 11 14 -3.186 4.803 -1.333
SPIN 4 5 11 15 5.891 0.271 -0.470
SPIN 1 5 12 0 -5.850 -0.529 0.707
SPIN 1 5 12 1 1.692 1.387 -5.497
SPIN 1 5 12 2 -1.510 3.799 -4.277
SPIN 1 5 12 3 -2.820 -1.500 -4.980
SPIN 1 5 12 4 -1.704 5.631 0.618
SPIN 1 5 12 5 -5.160 -2.882 0.260
SPIN 1 5 12 6 1.563 -5.627 0.948
SPIN 1 5 12 7 1.545 1.806 5.418
SPIN 1 5 12 8 -5.507 1.865 1.093
SPIN 1 5 12 9 -1.162 -4.473 3.693
SPIN 1 5 12 10 0.892 2.605 -5.236
SPIN 1 5 12 11 -2.229 -4.733 -2.763
SPIN 1 5 12 12 3.505 0.268 -4.759
SPIN 1 5 12 13 -1.865 -1.739 5.338
SPIN 1 5 12 14 3.159 4.083 2.889
SPIN 1 5 12 15 1.466 -1.848 5.425
SPIN 4 5 12 0 -1.569 3.333 4.629
SPIN 4 5 12 1 -4.007 -1.813 3.957
SPIN 4 5 12 2 1.611 -3.215 -4.698
SPIN 4 5 12 3 -5.505 1.819 -1.177
SPIN 4 5 12 4 1.729 -4.044 3.956
SPIN 4 5 12 5 1.407 4.916 -2.975
SPIN 4 5 12 6 -0.512 -5.891 -0.192
SPIN 4 5 12 7 -4.807 -2.533 2.342
SPIN 4 5 12 8 -3.585 -3.329 -3.327
SPIN 4 5 12 9 -0.056 5.891 0.546
SPIN 4 5 12 10 -3.265 3.181 3.771
SPIN 4 5 12 11 5.647 1.281 1.211
SPIN 4 5 12 12 -4.284 2.712 -3.048
SPIN 4 5 12 13 2.310 -5.068 1.996
SPIN 4 5 12 14 1.882 4.825 -2.860
SPIN 4 5 12 15 -3.858 -4.431 -0.693
SPIN 1 5 13 0 4.486 -3.697 -1.099
SPIN 1 5 13 1 -5.801 0.304 1.123
SPIN 1 5 13 2 -1.405 -0.752 5.698
SPIN 1 5 13 3 0.742 -4.161 4.140
SPIN 1 5 13 4 -3.260 -4.887 0.702
SPIN 1 5 13 5 3.149 4.155 -2.796
SPIN 1 5 13 6 -5.317 2.315 -1.171
SPIN 1 5 13 7 -1.123 3.434 -4.685
SPIN 1 5 13 8 -2.852 1.445 4.978
SPIN 1 5 13 9 5.552 -0.513 -1.978
SPIN 1 5 13 10 1.517 -4.133 3.952
SPIN 1 5 13 11 -3.062 -0.099 5.061
SPIN 1 5 13 12 -0.600 2.217 5.452
SPIN 1 5 13 13 0.779 4.735 -3.460
SPIN 1 5 13 14 -2.285 -0.279 -5.450
SPIN 1 5 13 15 -0.676 5.845 0.615
SPIN 4 5 13 0 -1.366 -3.740 -4.376
SPIN 4 5 13 1 5.394 -1.082 2.177
SPIN 4 5 13 2 0.795 4.910 3.204
SPIN 4 5 13 3 3.291 0.320 -4.906
SPIN 4 5 13 4 -1.544 -5.144 -2.481
SPIN 4 5 13 5 2.830 3.019 -4.228
SPIN 4 5 13 6 -5.102 -1.605 2.528
SPIN 4 5 13 7 -3.784 0.228 -4.542
SPIN 4 5 13 8 -1.073 -1.536 5.612
SPIN 4 5 13 9 -0.012 5.519 -2.132
SPIN 4 5 13 10 0.481 -5.837 0.837
SPIN 4 5 13 11 5.295 -0.717 -2.540
SPIN 4 5 13 12 5.796 0.114 1.183
SPIN 4 5 13 13 -4.094 4.269 0.089
SPIN 4 5 13 14 0.203 -4.318 4.040
SPIN 4 5 13 15 5.435 0.832 2.183
SPIN 1 5 14 0 1.831 4.696 -3.097
SPIN 1 5 14 1 5.577 -0.909 -1.752
SPIN 1 5 14 2 0.765 -3.080 4.993
SPIN 1 5 14 3 2.502 0.311 -5.352
SPIN 1 5 14 4 -0.370 -4.210 4.140
SPIN 1 5 14 5 2.671 -1.358 -5.101
SPIN 1 5 14 6 -5.913 0.045 -0.183
SPIN 1 5 14 7 -1.585 1.139 5.585
SPIN 1 5 14 8 -0.634 5.342 2.462
SPIN 1 5 14 9 -0.886 -5.150 -2.773
SPIN 1 5 14 10 -5.328 2.282 -1.185
SPIN 1 5 14 11 -5.395 -2.242 -0.929
SPIN 1 5 14 12 0.317 -5.850 -0.824
SPIN 1 5 14 13 0.722 -3.835 -4.446
SPIN 1 5 14 14 -3.180 4.617 -1.888
SPIN 1 5 14 15 -4.816 -3.415 0.382
SPIN 4 5 14 0 1.878 1.835 5.301
SPIN 4 5 14 1 -3.549 3.487 -3.201
SPIN 4 5 14 2 4.139 -0.714 -4.166
SPIN 4 5 14 3 -2.483 0.360 5.358
SPIN 4 5 14 4 3.536 -4.350 -1.890
SPIN 4 5 14 5 1.975 5.567 0.332
SPIN 4 5 14 6 -4.255 3.141 2.652
SPIN 4 5 14 7 -4.192 -3.775 -1.781
SPIN 4 5 14 8 4.521 -2.377 -2.985
SPIN 4 5 14 9 -2.638 0.326 5.285
SPIN 4 5 14 10 5.367 0.157 -2.484
SPIN 4 5 14 11 -0.866 -5.084 2.898
SPIN 4 5 14 12 0.989 -1.454 -5.649
SPIN 4 5 14 13 -3.542 -3.758 2.886
SPIN 4 5 14 14 0.531 -3.308 4.876
SPIN 4 5 14 15 0.791 -0.166 -5.861
SPIN 1 5 15 0 1.959 -5.180 2.080
SPIN 1 5 15 1 1.303 5.028 2.833
SPIN 1 5 15 2 0.019 5.797 -1.179
SPIN 1 5 15 3 1.712 -4.092 -3.915
SPIN 1 5 15 4 3.954 -0.342 -4.387
SPIN 1 5 15 5 1.648 -0.101 5.681
SPIN 1 5 15 6 2.894 -5.154 0.235
SPIN 1 5 15 7 -2.252 2.576 4.827
SPIN 1 5 15 8 1.397 4.334 -3.776
SPIN 1 5 15 9 5.892 0.532 -0.062
SPIN 1 5 15 10 1.740 5.417 1.622
SPIN 1 5 15 11 3.398 -4.589 -1.547
SPIN 1 5 15 12 -1.296 2.679 5.113
SPIN 1 5 15 13 -2.497 -5.300 -0.819
SPIN 1 5 15 14 0.471 0.807 5.842
SPIN 1 5 15 15 5.099 -0.079 -3.000
SPIN 4 5 15 0 0.717 -4.104 -4.200
SPIN 4 5 15 1 -5.718 -1.227 0.892
SPIN 4 5 15 2 0.548 5.486 -2.146
SPIN 4 5 15 3 0.292 -3.334 -4.879
SPIN 4 5 15 4 -2.229 1.564 -5.252
SPIN 4 5 15 5 1.685 -0.928 -5.594
SPIN 4 5 15 6 -3.481 -2.538 4.054
SPIN 4 5 15 7 -0.665 1.333 -5.725
SPIN 4 5 15 8 3.430 -4.549 -1.594
SPIN 4 5 15 9 -0.717 5.841 0.606
SPIN 4 5 15 10 -2.414 -5.239 1.314
SPIN 4 5 15 11 2.268 2.165 -5.017
SPIN 4 5 15 12 -4.183 -4.175 -0.263
SPIN 4 5 15 13 2.149 -2.724 4.792
SPIN 4 5 15 14 -1.983 5.102 -2.245
SPIN 4 5 15 15 -3.252 4.793 1.206
SPIN 3 5 0 0 -3.885 -4.442 0.422
SPIN 3 5 0 1 2.908 4.429 -2.633
SPIN 3 5 0 2 -4.360 -0.030 3.999
SPIN 3 5 0 3 3.380 1.806 4.507
SPIN 3 5 0 4 -0.331 -3.393 -4.835
SPIN 3 5 0 5 4.913 -3.290 -0.209
SPIN 3 5 0 6 2.861 -5.148 0.560
SPIN 3 5 0 7 0.648 2.264 5.427
SPIN 3 5 0 8 3.868 -4.089 1.821
SPIN 3 5 0 9 -0.523 -3.010 5.067
SPIN 3 5 0 10 0.191 -5.350 -2.519
SPIN 3 5 0 11 -0.527 2.077 -5.514
SPIN 3 5 0 12 -3.381 0.766 4.794
SPIN 3 5 0 13 4.282 4.062 0.400
SPIN 3 5 0 14 2.943 5.122 0.314
SPIN 3 5 0 15 4.433 3.396 1.952
SPIN 2 5 0 0 -1.051 -3.951 4.276
SPIN 2 5 0 1 -0.256 3.518 -4.749
SPIN 2 5 0 2 -0.687 -3.548 -4.684
SPIN 2 5 0 3 -5.840 -0.718 -0.620
SPIN 2 5 0 4 -0.886 -4.550 3.676
SPIN 2 5 0 5 0.563 5.505 -2.091
SPIN 2 5 0 6 -3.962 -3.569 -2.563
SPIN 2 5 0 7 0.709 4.100 -4.206
SPIN 2 5 0 8 -0.316 -5.308 -2.594
SPIN 2 5 0 9 3.047 5.071 -0.005
SPIN 2 5 0 10 0.653 4.822 3.364
SPIN 2 5 0 11 -4.924 -1.004 3.122
SPIN 2 5 0 12 5.193 -0.008 -2.835
SPIN 2 5 0 13 -2.914 5.112 -0.613
SPIN 2 5 0 14 -5.880 0.458 -0.466
SPIN 2 5 0 15 5.144 2.867 0.564
SPIN 3 5 1 0 3.725 2.358 3.945
SPIN 3 5 1 1 2.036 -4.829 -2.744
SPIN 3 5 1 2 -2.150 5.486 -0.533
SPIN 3 5 1 3 3.092 4.287 -2.657
SPIN 3 5 1 4 -0.739 4.952 3.151
SPIN 3 5 1 5 2.347 -5.085 1.908
SPIN 3 5 1 6 -0.630 4.662 -3.587
SPIN 3 5 1 7 -0.826 -5.760 1.067
SPIN 3 5 1 8 -4.408 -3.561 1.700
SPIN 3 5 1 9 -4.555 0.721 3.706
SPIN 3 5 1 10 0.525 -5.433 2.282
SPIN 3 5 1 11 -2.270 5.120 -1.908
SPIN 3 5 1 12 3.211 -1.186 -4.825
SPIN 3 5 1 13 5.400 -2.398 0.297
SPIN 3 5 1 14 -2.694 2.737 -4.500
SPIN 3 5 1 15 -0.064 5.151 -2.910
SPIN 2 5 1 0 -4.909 -3.273 -0.429
SPIN 2 5 1 1 3.191 4.370 -2.393
SPIN 2 5 1 2 -0.284 -5.600 1.885
SPIN 2 5 1 3 5.706 -0.458 1.493
SPIN 2 5 1 4 -3.678 0.489 -4.608
SPIN 2 5 1 5 -5.510 2.150 -0.142
SPIN 2 5 1 6 3.320 4.149 -2.601
SPIN 2 5 1 7 -2.222 -3.741 -4.009
SPIN 2 5 1 8 3.249 1.614 -4.673
SPIN 2 5 1 9 2.246 -4.520 -3.087
SPIN 2 5 1 10 3.552 -1.702 4.415
SPIN 2 5 1 11 -3.542 -2.272 -4.158
SPIN 2 5 1 12 -2.103 5.527 -0.157
SPIN 2 5 1 13 0.426 -0.494 5.880
SPIN 2 5 1 14 1.837 -4.980 -2.611
SPIN 2 5 1 15 2.094 -2.684 -4.839
SPIN 3 5 2 0 -0.530 -2.208 5.463
SPIN 3 5 2 1 0.680 3.987 -4.317
SPIN 3 5 2 2 -5.094 1.724 -2.467
SPIN 3 5 2 3 3.666 -3.577 -2.960
SPIN 3 5 2 4 0.072 -4.836 -3.407
SPIN 3 5 2 5 5.858 -0.826 -0.022
SPIN 3 5 2 6 0.307 -2.326 -5.431
SPIN 3 5 2 7 -4.622 3.675 0.356
SPIN 3 5 2 8 1.235 -4.833 3.181
SPIN 3 5 2 9 -5.245 2.447 1.225
SPIN 3 5 2 10 0.093 5.782 -1.248
SPIN 3 5 2 11 -1.880 -5.601 -0.315
SPIN 3 5 2 12 -5.362 -1.335 -2.113
SPIN 3 5 2 13 2.310 5.443 -0.199
SPIN 3 5 2 14 4.907 -2.787 1.777
SPIN 3 5 2 15 2.390 -4.197 3.416
SPIN 2 5 2 0 -0.445 0.852 -5.838
SPIN 2 5 2 1 5.699 1.153 -1.091
SPIN 2 5 2 2 1.038 -4.610 3.559
SPIN 2 5 2 3 0.956 -4.715 -3.443
SPIN 2 5 2 4 -4.129 4.198 0.571
SPIN 2 5 2 5 0.218 2.564 5.327
SPIN 2 5 2 6 -4.467 -2.084 -3.272
SPIN 2 5 2 7 2.048 3.290 4.470
SPIN 2 5 2 8 -1.785 3.042 4.750
SPIN 2 5 2 9 5.033 2.688 1.562
SPIN 2 5 2 10 2.912 -0.110 -5.148
SPIN 2 5 2 11 5.516 2.122 -0.270
SPIN 2 5 2 12 3.656 -3.604 -2.941
SPIN 2 5 2 13 0.387 -2.827 5.182
SPIN 2 5 2 14 2.699 -4.058 -3.353
SPIN 2 5 2 15 -4.419 -0.773 3.857
SPIN 3 5 3 0 5.097 2.521 -1.631
SPIN 3 5 3 1 4.882 -1.444 -3.014
SPIN 3 5 3 2 3.138 -0.149 5.013
SPIN 3 5 3 3 -3.430 1.021 4.711
SPIN 3 5 3 4 -4.652 -1.342 3.400
SPIN 3 5 3 5 4.485 -0.097 -3.857
SPIN 3 5 3 6 0.248 -0.972 -5.830
SPIN 3 5 3 7 -1.343 -5.471 1.807
SPIN 3 5 3 8 1.219 3.809 -4.360
SPIN 3 5 3 9 -1.007 5.613 1.573
SPIN 3 5 3 10 -2.604 4.568 2.712
SPIN 3 5 3 11 2.213 4.476 3.173
SPIN 3 5 3 12 -2.540 1.960 -4.971
SPIN 3 5 3 13 2.067 -4.621 -3.061
SPIN 3 5 3 14 4.061 3.997 1.592
SPIN 3 5 3 15 -3.444 1.908 -4.416
SPIN 2 5 3 0 1.940 -3.799 4.099
SPIN 2 5 3 1 -5.767 0.198 -1.305
SPIN 2 5 3 2 -2.383 5.267 -1.255
SPIN 2 5 3 3 1.413 5.430 -1.875
SPIN 2 5 3 4 3.420 2.017 -4.386
SPIN 2 5 3 5 0.153 -3.887 -4.457
SPIN 2 5 3 6 0.287 -5.903 -0.261
SPIN 2 5 3 7 -1.931 3.647 -4.239
SPIN 2 5 3 8 -1.405 -3.089 4.846
SPIN 2 5 3 9 -4.506 3.503 -1.557
SPIN 2 5 3 10 5.178 0.008 2.861
SPIN 2 5 3 11 -5.009 0.150 -3.144
SPIN 2 5 3 12 -3.993 -2.008 3.876
SPIN 2 5 3 13 -0.906 1.769 -5.572
SPIN 2 5 3 14 4.553 1.098 3.614
SPIN 2 5 3 15 2.903 1.846 -4.813
SPIN 3 5 4 0 1.276 -4.823 3.181
SPIN 3 5 4 1 1.369 -1.352 5.595
SPIN 3 5 4 2 -4.093 -2.197 -3.663
SPIN 3 5 4 3 -5.306 -2.094 1.570
SPIN 3 5 4 4 1.916 5.491 1.085
SPIN 3 5 4 5 -2.592 -3.641 -3.877
SPIN 3 5 4 6 -3.269 -4.298 2.416
SPIN 3 5 4 7 0.846 5.852 0.194
SPIN 3 5 4 8 5.200 2.018 1.973
SPIN 3 5 4 9 -4.596 2.596 -2.671
SPIN 3 5 4 10 0.183 -5.884 -0.587
SPIN 3 5 4 11 1.078 0.233 5.812
SPIN 3 5 4 12 4.137 -0.084 -4.228
SPIN 3 5 4 13 2.354 -0.966 -5.341
SPIN 3 5 4 14 1.786 1.081 5.536
SPIN 3 5 4 15 -1.152 -5.456 -1.976
SPIN 2 5 4 0 -2.423 0.546 -5.369
SPIN 2 5 4 1 -1.768 1.083 -5.541
SPIN 2 5 4 2 4.204 -3.121 -2.754
SPIN 2 5 4 3 0.046 -5.524 2.118
SPIN 2 5 4 4 4.091 -1.188 -4.105
SPIN 2 5 4 5 2.945 -4.662 2.143
SPIN 2 5 4 6 4.552 3.634 -1.037
SPIN 2 5 4 7 -0.378 -3.359 4.855
SPIN 2 5 4 8 5.072 0.242 3.036
SPIN 2 5 4 9 5.370 -2.440 -0.459
SPIN 2 5 4 10 3.165 1.417 4.794
SPIN 2 5 4 11 0.132 -5.904 0.350
SPIN 2 5 4 12 3.964 -2.099 -3.858
SPIN 2 5 4 13 -5.292 0.634 2.567
SPIN 2 5 4 14 -1.024 1.504 -5.629
SPIN 2 5 4 15 -2.129 -3.519 -4.252
SPIN 3 5 5 0 -2.393 -0.291 -5.403
SPIN 3 5 5 1 -2.363 5.216 1.486
SPIN 3 5 5 2 -1.071 -5.811 -0.290
SPIN 3 5 5 3 -4.801 -2.394 -2.494
SPIN 3 5 5 4 -2.526 -1.601 5.104
SPIN 3 5 5 5 3.490 4.768 0.301
SPIN 3 5 5 6 -0.231 -5.286 2.646
SPIN 3 5 5 7 -2.955 -2.053 -4.696
SPIN 3 5 5 8 -0.595 -3.952 4.362
SPIN 3 5 5 9 5.355 1.713 1.840
SPIN 3 5 5 10 5.379 0.138 2.460
SPIN 3 5 5 11 2.410 -2.549 -4.764
SPIN 3 5 5 12 1.565 -3.902 4.163
SPIN 3 5 5 13 -3.257 3.811 -3.142
SPIN 3 5 5 14 0.010 -5.360 2.503
SPIN 3 5 5 15 -4.017 2.922 3.213
SPIN 2 5 5 0 -1.943 2.679 -4.904
SPIN 2 5 5 1 0.760 -1.404 5.697
SPIN 2 5 5 2 -0.926 -1.627 -5.612
SPIN 2 5 5 3 -1.452 1.589 5.511
SPIN 2 5 5 4 3.612 2.785 3.768
SPIN 2 5 5 5 1.378 1.946 -5.414
SPIN 2 5 5 6 -1.277 -2.490 -5.212
SPIN 2 5 5 7 -0.348 5.894 0.374
SPIN 2 5 5 8 -1.164 5.647 -1.325
SPIN 2 5 5 9 -2.638 -4.486 -2.813
SPIN 2 5 5 10 -0.492 0.880 5.830
SPIN 2 5 5 11 -2.443 0.756 -5.335
SPIN 2 5 5 12 2.227 -1.987 5.108
SPIN 2 5 5 13 -4.868 1.005 -3.208
SPIN 2 5 5 14 -0.702 4.906 3.230
SPIN 2 5 5 15 -4.555 -2.888 -2.431
SPIN 3 5 6 0 3.253 -4.890 0.712
SPIN 3 5 6 1 0.408 -4.198 -4.149
SPIN 3 5 6 2 4.819 2.297 2.550
SPIN 3 5 6 3 -5.601 -1.530 -1.136
SPIN 3 5 6 4 -4.972 2.789 1.582
SPIN 3 5 6 5 -2.686 -5.271 -0.059
SPIN 3 5 6 6 -1.603 5.603 1.017
SPIN 3 5 6 7 -2.428 -4.382 -3.147
SPIN 3 5 6 8 4.539 3.162 -2.098
SPIN 3 5 6 9 -5.547 -0.704 1.932
SPIN 3 5 6 10 -4.377 -3.761 -1.301
SPIN 3 5 6 11 -5.242 -0.075 -2.741
SPIN 3 5 6 12 2.925 3.972 -3.265
SPIN 3 5 6 13 1.305 -3.389 4.670
SPIN 3 5 6 14 3.451 -4.394 -1.947
SPIN 3 5 6 15 -4.352 -1.185 3.828
SPIN 2 5 6 0 -3.131 -4.320 2.557
SPIN 2 5 6 1 -2.313 4.009 3.685
SPIN 2 5 6 2 -1.931 -3.066 4.677
SPIN 2 5 6 3 4.564 1.472 3.464
SPIN 2 5 6 4 -2.557 -2.907 -4.473
SPIN 2 5 6 5 -2.152 -4.879 2.562
SPIN 2 5 6 6 4.960 -3.015 1.142
SPIN 2 5 6 7 -2.210 -5.220 1.694
SPIN 2 5 6 8 5.659 -0.935 1.450
SPIN 2 5 6 9 5.002 2.206 2.262
SPIN 2 5 6 10 -0.943 1.063 -5.743
SPIN 2 5 6 11 -0.852 4.145 4.135
SPIN 2 5 6 12 -1.840 4.540 3.317
SPIN 2 5 6 13 -2.100 -1.666 5.274
SPIN 2 5 6 14 -4.147 1.656 3.881
SPIN 2 5 6 15 1.436 3.581 4.485
SPIN 3 5 7 0 2.657 5.265 0.468
SPIN 3 5 7 1 0.551 5.856 0.631
SPIN 3 5 7 2 4.016 1.541 4.062
SPIN 3 5 7 3 0.885 -1.313 -5.700
SPIN 3 5 7 4 5.800 0.287 -1.133
SPIN 3 5 7 5 -3.934 4.368 -0.669
SPIN 3 5 7 6 -5.805 1.126 -0.193
SPIN 3 5 7 7 -5.826 0.997 -0.260
SPIN 3 5 7 8 3.668 4.575 0.783
SPIN 3 5 7 9 -5.237 1.201 -2.477
SPIN 3 5 7 10 1.724 3.255 -4.630
SPIN 3 5 7 11 3.965 -4.350 -0.595
SPIN 3 5 7 12 -2.386 -3.847 -3.809
SPIN 3 5 7 13 2.700 -3.053 -4.288
SPIN 3 5 7 14 4.680 0.990 -3.481
SPIN 3 5 7 15 -5.648 -1.757 -0.095
SPIN 2 5 7 0 4.122 -2.113 3.680
SPIN 2 5 7 1 -3.322 -2.548 -4.180
SPIN 2 5 7 2 -3.804 -4.322 -1.360
SPIN 2 5 7 3 0.769 5.612 1.707
SPIN 2 5 7 4 -1.077 0.191 -5.814
SPIN 2 5 7 5 -5.462 -1.613 1.601
SPIN 2 5 7 6 5.673 0.496 1.603
SPIN 2 5 7 7 -0.350 5.476 -2.211
SPIN 2 5 7 8 0.953 2.630 5.213
SPIN 2 5 7 9 4.270 -0.398 -4.076
SPIN 2 5 7 10 -2.352 -2.909 4.583
SPIN 2 5 7 11 2.752 0.954 5.150
SPIN 2 5 7 12 -3.666 -0.158 4.640
SPIN 2 5 7 13 -2.154 0.326 5.500
SPIN 2 5 7 14 5.613 -1.838 -0.341
SPIN 2 5 7 15 5.426 -1.637 -1.696
SPIN 3 5 8 0 3.608 -4.552 1.125
SPIN 3 5 8 1 0.088 5.353 2.518
SPIN 3 5 8 2 4.500 -1.938 -3.316
SPIN 3 5 8 3 0.670 -1.606 5.654
SPIN 3 5 8 4 3.994 0.071 -4.364
SPIN 3 5 8 5 -5.902 0.403 -0.025
SPIN 3 5 8 6 5.357 -1.961 -1.567
SPIN 3 5 8 7 3.106 -5.018 -0.419
SPIN 3 5 8 8 4.772 -0.874 -3.385
SPIN 3 5 8 9 -3.601 -0.248 4.687
SPIN 3 5 8 10 -3.081 3.437 -3.700
SPIN 3 5 8 11 -2.154 3.650 -4.128
SPIN 3 5 8 12 5.737 1.038 1.007
SPIN 3 5 8 13 -4.888 2.934 -1.580
SPIN 3 5 8 14 -0.050 -4.999 3.163
SPIN 3 5 8 15 4.587 3.493 -1.324
SPIN 2 5 8 0 -2.651 3.617 -3.859
SPIN 2 5 8 1 -2.055 4.271 -3.540
SPIN 2 5 8 2 0.243 -4.858 3.368
SPIN 2 5 8 3 -0.234 -3.374 -4.854
SPIN 2 5 8 4 0.863 1.181 5.732
SPIN 2 5 8 5 5.704 1.568 -0.010
SPIN 2 5 8 6 -2.109 -1.848 5.209
SPIN 2 5 8 7 -0.183 2.990 5.102
SPIN 2 5 8 8 -1.629 -4.563 -3.395
SPIN 2 5 8 9 4.410 1.049 3.801
SPIN 2 5 8 10 -0.849 -3.615 -4.606
SPIN 2 5 8 11 -5.358 -2.445 -0.559
SPIN 2 5 8 12 0.566 5.506 -2.090
SPIN 2 5 8 13 -1.505 0.438 5.705
SPIN 2 5 8 14 -3.293 4.821 -0.958
SPIN 2 5 8 15 -2.054 -3.845 3.999
SPIN 3 5 9 0 5.215 -2.455 1.334
SPIN 3 5 9 1 3.121 0.646 -4.984
SPIN 3 5 9 2 -1.574 -5.279 2.158
SPIN 3 5 9 3 -0.907 4.950 -3.110
SPIN 3 5 9 4 -4.791 2.256 2.638
SPIN 3 5 9 5 -1.008 3.642 -4.552
SPIN 3 5 9 6 0.026 5.648 -1.762
SPIN 3 5 9 7 4.078 1.379 4.058
SPIN 3 5 9 8 -1.881 -3.901 -4.031
SPIN 3 5 9 9 5.173 2.428 -1.529
SPIN 3 5 9 10 1.221 -3.155 4.853
SPIN 3 5 9 11 -5.055 -1.341 2.766
SPIN 3 5 9 12 5.218 -2.156 -1.767
SPIN 3 5 9 13 -5.403 2.257 0.843
SPIN 3 5 9 14 2.346 0.929 -5.351
SPIN 3 5 9 15 -5.367 -1.333 2.101
SPIN 2 5 9 0 -3.312 -2.873 -3.972
SPIN 2 5 9 1 -5.078 2.631 1.513
SPIN 2 5 9 2 -3.838 -0.251 4.495
SPIN 2 5 9 3 -1.989 -3.314 -4.479
SPIN 2 5 9 4 -1.337 -2.338 -5.268
SPIN 2 5 9 5 0.165 -3.277 4.922
SPIN 2 5 9 6 2.717 3.873 -3.552
SPIN 2 5 9 7 -2.028 3.639 -4.200
SPIN 2 5 9 8 2.952 1.977 4.731
SPIN 2 5 9 9 -5.219 2.022 1.915
SPIN 2 5 9 10 -1.345 5.121 -2.639
SPIN 2 5 9 11 1.245 0.680 -5.743
SPIN 2 5 9 12 -4.943 -0.714 -3.171
SPIN 2 5 9 13 -1.441 5.624 1.137
SPIN 2 5 9 14 0.592 -5.064 3.001
SPIN 2 5 9 15 -3.601 1.008 4.584
SPIN 3 5 10 0 -2.397 -3.705 -3.941
SPIN 3 5 10 1 1.398 -4.653 3.376
SPIN 3 5 10 2 4.842 1.315 -3.134
SPIN 3 5 10 3 2.896 -3.956 3.311
SPIN 3 5 10 4 2.355 -2.018 -5.038
SPIN 3 5 10 5 -5.199 -2.680 0.890
SPIN 3 5 10 6 -0.777 -2.662 -5.226
SPIN 3 5 10 7 -3.155 -4.765 -1.529
SPIN 3 5 10 8 3.807 -1.869 -4.125
SPIN 3 5 10 9 -1.821 0.041 5.629
SPIN 3 5 10 10 -4.584 2.511 -2.772
SPIN 3 5 10 11 5.101 -2.944 -0.554
SPIN 3 5 10 12 -1.737 2.712 4.962
SPIN 3 5 10 13 -2.970 -5.093 -0.490
SPIN 3 5 10 14 0.099 -0.025 5.915
SPIN 3 5 10 15 5.890 -0.278 0.480
SPIN 2 5 10 0 -2.972 -0.145 5.114
SPIN 2 5 10 1 2.223 -2.958 -4.616
SPIN 2 5 10 2 4.198 3.036 -2.857
SPIN 2 5 10 3 3.446 3.367 3.433
SPIN 2 5 10 4 -5.634 0.589 1.705
SPIN 2 5 10 5 -2.890 4.988 -1.329
SPIN 2 5 10 6 -3.679 2.958 3.567
SPIN 2 5 10 7 -0.863 -4.655 -3.548
SPIN 2 5 10 8 -3.679 -4.605 0.507
SPIN 2 5 10 9 -5.530 0.504 -2.040
SPIN 2 5 10 10 1.986 -5.422 -1.286
SPIN 2 5 10 11 4.401 3.908 0.594
SPIN 2 5 10 12 2.739 2.111 -4.800
SPIN 2 5 10 13 -5.383 -0.730 -2.344
SPIN 2 5 10 14 2.250 3.860 3.878
SPIN 2 5 10 15 5.865 -0.338 0.700
SPIN 3 5 11 0 3.888 3.856 2.240
SPIN 3 5 11 1 -5.601 0.691 -1.775
SPIN 3 5 11 2 -3.068 1.924 4.678
SPIN 3 5 11 3 4.013 -3.972 1.766
SPIN 3 5 11 4 -2.534 1.039 5.244
SPIN 3 5 11 5 4.962 -2.923 1.353
SPIN 3 5 11 6 4.727 -2.671 -2.351
SPIN 3 5 11 7 2.529 3.026 4.410
SPIN 3 5 11 8 -1.567 -4.948 2.839
SPIN 3 5 11 9 4.189 -0.740 4.112
SPIN 3 5 11 10 0.869 5.767 -0.991
SPIN 3 5 11 11 -3.047 -3.940 3.193
SPIN 3 5 11 12 3.391 -2.135 -4.353
SPIN 3 5 11 13 1.257 -1.403 -5.608
SPIN 3 5 11 14 -0.801 4.494 -3.763
SPIN 3 5 11 15 -3.295 -2.951 3.929
SPIN 2 5 11 0 3.242 -4.623 -1.766
SPIN 2 5 11 1 1.774 3.089 4.723
SPIN 2 5 11 2 -0.221 -0.265 -5.906
SPIN 2 5 11 3 -0.466 2.655 -5.266
SPIN 2 5 11 4 4.739 1.825 -3.034
SPIN 2 5 11 5 -0.646 0.666 -5.843
SPIN 2 5 11 6 -5.083 1.234 2.763
SPIN 2 5 11 7 -2.421 -3.162 -4.375
SPIN 2 5 11 8 1.804 5.186 -2.202
SPIN 2 5 11 9 -4.308 -1.766 -3.650
SPIN 2 5 11 10 -0.465 0.008 5.898
SPIN 2 5 11 11 -5.421 -2.364 0.155
SPIN 2 5 11 12 5.836 -0.862 0.441
SPIN 2 5 11 13 -0.399 5.648 -1.716
SPIN 2 5 11 14 5.692 1.157 1.123
SPIN 2 5 11 15 -4.150 0.931 4.112
SPIN 3 5 12 0 1.913 -5.583 -0.407
SPIN 3 5 12 1 -1.900 5.598 0.240
SPIN 3 5 12 2 -5.655 -1.522 0.839
SPIN 3 5 12 3 -4.466 -0.261 3.871
SPIN 3 5 12 4 1.940 5.251 1.915
SPIN 3 5 12 5 -3.958 3.708 2.362
SPIN 3 5 12 6 -4.575 0.228 3.744
SPIN 3 5 12 7 -4.201 -0.388 -4.148
SPIN 3 5 12 8 0.038 -2.332 5.437
SPIN 3 5 12 9 -4.067 -2.797 -3.262
SPIN 3 5 12 10 -1.228 -0.807 5.731
SPIN 3 5 12 11 4.201 -4.064 -0.911
SPIN 3 5 12 12 1.602 4.883 2.931
SPIN 3 5 12 13 -3.708 -4.297 -1.668
SPIN 3 5 12 14 5.518 -2.133 -0.041
SPIN 3 5 12 15 -4.642 3.367 -1.454
SPIN 2 5 12 0 1.052 1.341 5.665
SPIN 2 5 12 1 4.051 -3.193 2.896
SPIN 2 5 12 2 3.936 -1.786 4.040
SPIN 2 5 12 3 1.045 0.168 5.821
SPIN 2 5 12 4 1.306 0.359 -5.759
SPIN 2 5 12 5 -3.945 -1.745 -4.049
SPIN 2 5 12 6 1.325 5.702 0.852
SPIN 2 5 12 7 -4.335 -0.393 4.006
SPIN 2 5 12 8 0.689 -5.661 1.574
SPIN 2 5 12 9 1.979 2.186 5.129
SPIN 2 5 12 10 1.434 4.447 3.629
SPIN 2 5 12 11 4.197 -3.188 2.687
SPIN 2 5 12 12 5.681 0.348 -1.614
SPIN 2 5 12 13 2.004 -5.270 -1.793
SPIN 2 5 12 14 -5.593 -0.836 -1.736
SPIN 2 5 12 15 5.888 0.518 -0.257
SPIN 3 5 13 0 -4.642 3.449 1.248
SPIN 3 5 13 1 5.084 -2.294 -1.973
SPIN 3 5 13 2 0.858 5.309 -2.465
SPIN 3 5 13 3 3.631 -0.348 -4.657
SPIN 3 5 13 4 -2.347 -2.681 4.723
SPIN 3 5 13 5 -5.838 -0.907 0.302
SPIN 3 5 13 6 -5.656 1.288 1.163
SPIN 3 5 13 7 5.209 -1.682 -2.244
SPIN 3 5 13 8 -3.592 -0.234 -4.695
SPIN 3 5 13 9 5.288 2.278 -1.358
SPIN 3 5 13 10 -1.016 3.091 -4.941
SPIN 3 5 13 11 -2.156 -3.761 -4.026
SPIN 3 5 13 12 -0.734 -5.351 2.415
SPIN 3 5 13 13 2.327 0.344 -5.428
SPIN 3 5 13 14 -3.988 -4.156 -1.351
SPIN 3 5 13 15 0.406 -5.837 0.876
SPIN 2 5 13 0 -5.756 -1.342 0.262
SPIN 2 5 13 1 -4.840 0.344 -3.385
SPIN 2 5 13 2 2.548 -0.634 -5.301
SPIN 2 5 13 3 -4.243 3.574 2.054
SPIN 2 5 13 4 -0.823 5.743 -1.158
SPIN 2 5 13 5 -2.130 -3.675 4.118
SPIN 2 5 13 6 0.779 -3.512 4.697
SPIN 2 5 13 7 0.154 -0.186 -5.911
SPIN 2 5 13 8 5.604 -0.858 1.692
SPIN 2 5 13 9 -1.720 -3.185 -4.679
SPIN 2 5 13 10 2.092 -4.708 2.909
SPIN 2 5 13 11 3.950 -1.959 -3.944
SPIN 2 5 13 12 1.831 -4.038 3.917
SPIN 2 5 13 13 1.612 5.496 -1.480
SPIN 2 5 13 14 -1.388 0.882 5.683
SPIN 2 5 13 15 4.057 3.329 2.731
SPIN 3 5 14 0 0.409 0.756 5.853
SPIN 3 5 14 1 3.224 -3.074 -3.894
SPIN 3 5 14 2 -4.910 2.840 -1.682
SPIN 3 5 14 3 -3.884 2.615 3.615
SPIN 3 5 14 4 -3.855 -0.739 4.427
SPIN 3 5 14 5 0.650 -1.711 -5.626
SPIN 3 5 14 6 0.549 -5.633 1.721
SPIN 3 5 14 7 -2.905 2.399 -4.561
SPIN 3 5 14 8 4.914 0.830 3.187
SPIN 3 5 14 9 -2.986 5.100 -0.274
SPIN 3 5 14 10 -0.496 -1.663 -5.656
SPIN 3 5 14 11 5.257 -0.132 2.711
SPIN 3 5 14 12 0.877 0.311 5.842
SPIN 3 5 14 13 -1.688 5.301 2.014
SPIN 3 5 14 14 2.481 -1.756 -5.076
SPIN 3 5 14 15 4.031 4.144 -1.258
SPIN 2 5 14 0 1.356 2.842 5.009
SPIN 2 5 14 1 -5.190 2.531 -1.286
SPIN 2 5 14 2 -4.096 2.514 -3.450
SPIN 2 5 14 3 2.438 2.847 4.577
SPIN 2 5 14 4 4.329 -3.389 -2.185
SPIN 2 5 14 5 0.912 4.670 -3.516
SPIN 2 5 14 6 4.818 2.564 -2.283
SPIN 2 5 14 7 0.204 -5.799 1.152
SPIN 2 5 14 8 4.378 -3.756 1.315
SPIN 2 5 14 9 -1.234 -0.193 5.783
SPIN 2 5 14 10 -0.443 5.067 3.022
SPIN 2 5 14 11 0.291 4.425 3.916
SPIN 2 5 14 12 -0.636 -4.497 -3.791
SPIN 2 5 14 13 -4.432 -1.286 3.702
SPIN 2 5 14 14 -5.551 -1.578 -1.302
SPIN 2 5 14 15 -2.401 0.707 5.360
SPIN 3 5 15 0 3.749 -4.543 -0.547
SPIN 3 5 15 1 -3.633 -2.820 3.722
SPIN 3 5 15 2 5.822 -0.653 -0.820
SPIN 3 5 15 3 -2.474 -5.112 -1.656
SPIN 3 5 15 4 2.574 3.282 -4.195
SPIN 3 5 15 5 -3.830 -4.414 -0.921
SPIN 3 5 15 6 2.884 4.835 1.817
SPIN 3 5 15 7 5.612 1.839 0.358
SPIN 3 5 15 8 -3.308 2.953 -3.916
SPIN 3 5 15 9 3.532 -4.579 -1.246
SPIN 3 5 15 10 2.464 4.620 -2.754
SPIN 3 5 15 11 -5.607 1.616 0.974
SPIN 3 5 15 12 5.766 -0.135 -1.318
SPIN 3 5 15 13 -1.899 -0.881 5.533
SPIN 3 5 15 14 4.213 3.580 -2.107
SPIN 3 5 15 15 -5.816 0.932 -0.559
SPIN 2 5 15 0 -2.448 -2.785 4.610
SPIN 2 5 15 1 5.536 1.783 -1.083
SPIN 2 5 15 2 2.807 5.204 -0.191
SPIN 2 5 15 3 1.731 4.952 -2.735
SPIN 2 5 15 4 -0.613 -2.235 5.443
SPIN 2 5 15 5 2.126 2.059 5.123
SPIN 2 5 15 6 -2.260 2.487 -4.869
SPIN 2 5 15 7 1.601 -2.308 5.207
SPIN 2 5 15 8 1.171 2.642 -5.162
SPIN 2 5 15 9 4.844 -3.357 0.511
SPIN 2 5 15 10 -3.166 -4.972 -0.499
SPIN 2 5 15 11 5.861 0.617 0.520
SPIN 2 5 15 12 -4.082 -2.834 3.210
SPIN 2 5 15 13 0.531 4.254 4.077
SPIN 2 5 15 14 -0.929 3.001 -5.013
SPIN 2 5 15 15 0.503 -3.380 4.829
SPIN 1 6 0 0 3.081 2.547 4.361
SPIN 1 6 0 1 4.157 -4.121 0.860
SPIN 1 6 0 2 1.117 -3.213 -4.841
SPIN 1 6 0 3 4.144 -0.412 4.202
SPIN 1 6 0 4 0.527 3.099 -5.012
SPIN 1 6 0 5 -5.033 0.283 3.097
SPIN 1 6 0 6 2.379 2.105 4.991
SPIN 1 6 0 7 2.773 -1.581 4.981
SPIN 1 6 0 8 -0.051 -5.433 -2.341
SPIN 1 6 0 9 4.430 -3.298 -2.120
SPIN 1 6 0 10 2.974 1.377 4.925
SPIN 1 6 0 11 -1.236 -2.458 5.237
SPIN 1 6 0 12 -4.460 3.062 -2.395
SPIN 1 6 0 13 0.414 -4.457 -3.868
SPIN 1 6 0 14 -2.327 -5.425 0.397
SPIN 1 6 0 15 1.302 -5.667 -1.090
SPIN 4 6 0 0 -2.130 -3.029 -4.614
SPIN 4 6 0 1 -1.748 4.027 3.966
SPIN 4 6 0 2 2.412 -0.562 -5.373
SPIN 4 6 0 3 2.681 5.138 1.189
SPIN 4 6 0 4 -2.557 -5.084 1.618
SPIN 4 6 0 5 -1.378 4.582 3.480
SPIN 4 6 0 6 -1.366 0.717 -5.711
SPIN 4 6 0 7 2.039 -5.514 0.659
SPIN 4 6 0 8 2.488 3.195 -4.313
SPIN 4 6 0 9 -0.284 0.024 -5.909
SPIN 4 6 0 10 -0.867 -5.163 2.754
SPIN 4 6 0 11 -3.997 -2.925 -3.235
SPIN 4 6 0 12 1.428 4.275 3.832
SPIN 4 6 0 13 1.935 5.003 2.496
SPIN 4 6 0 14 2.644 -2.618 4.599
SPIN 4 6 0 15 -5.115 -2.903 -0.635
SPIN 1 6 1 0 4.845 3.396 0.027
SPIN 1 6 1 1 -1.240 5.339 -2.226
SPIN 1 6 1 2 2.550 -0.390 5.324
SPIN 1 6 1 3 -0.649 5.202 -2.742
SPIN 1 6 1 4 -3.153 -4.462 2.269
SPIN 1 6 1 5 4.849 -0.286 3.378
SPIN 1 6 1 6 -5.177 -0.042 -2.864
SPIN 1 6 1 7 0.954 0.953 5.760
SPIN 1 6 1 8 0.393 5.884 -0.471
SPIN 1 6 1 9 -0.367 -3.424 4.811
SPIN 1 6 1 10 -3.086 1.771 4.726
SPIN 1 6 1 11 -3.105 0.248 -5.029
SPIN 1 6 1 12 -2.234 -5.462 0.424
SPIN 1 6 1 13 -4.924 -2.462 -2.165
SPIN 1 6 1 14 -0.084 5.139 -2.930
SPIN 1 6 1 15 -4.981 1.861 -2.593
SPIN 4 6 1 0 -5.732 1.340 -0.592
SPIN 4 6 1 1 -2.634 -4.439 2.892
SPIN 4 6 1 2 -0.400 -2.317 5.429
SPIN 4 6 1 3 5.761 -0.462 -1.265
SPIN 4 6 1 4 4.163 -3.920 1.517
SPIN 4 6 1 5 0.680 5.772 -1.105
SPIN 4 6 1 6 -3.672 -3.710 -2.785
SPIN 4 6 1 7 2.022 3.549 -4.280
SPIN 4 6 1 8 2.931 3.766 -3.496
SPIN 4 6 1 9 -5.454 -2.061 1.001
SPIN 4 6 1 10 -0.022 -0.321 5.907
SPIN 4 6 1 11 -4.847 1.617 2.982
SPIN 4 6 1 12 3.065 -4.992 -0.830
SPIN 4 6 1 13 -5.891 0.166 0.521
SPIN 4 6 1 14 3.670 -3.727 -2.764
SPIN 4 6 1 15 -3.727 -1.556 4.323
SPIN 1 6 2 0 5.611 -0.968 -1.604
SPIN 1 6 2 1 5.277 -1.275 -2.350
SPIN 1 6 2 2 -4.630 2.690 2.515
SPIN 1 6 2 3 -3.601 -2.725 3.822
SPIN 1 6 2 4 0.901 0.790 5.793
SPIN 1 6 2 5 -3.855 3.189 -3.158
SPIN 1 6 2 6 3.490 4.242 -2.197
SPIN 1 6 2 7 -2.496 -2.958 4.474
SPIN 1 6 2 8 2.171 -5.197 1.811
SPIN 1 6 2 9 3.606 4.646 -0.644
SPIN 1 6 2 10 2.946 -3.816 -3.430
SPIN 1 6 2 11 4.936 -1.254 -3.011
SPIN 1 6 2 12 4.487 1.879 -3.367
SPIN 1 6 2 13 0.001 -3.496 -4.773
SPIN 1 6 2 14 -5.261 0.166 -2.701
SPIN 1 6 2 15 -5.188 1.428 2.459
SPIN 4 6 2 0 -2.095 -5.507 -0.535
SPIN 4 6 2 1 -4.229 3.313 2.478
SPIN 4 6 2 2 -2.085 3.056 -4.617
SPIN 4 6 2 3 4.836 0.839 -3.303
SPIN 4 6 2 4 2.188 -5.099 2.052
SPIN 4 6 2 5 -3.994 -3.342 -2.806
SPIN 4 6 2 6 4.032 4.324 -0.215
SPIN 4 6 2 7 -0.415 -1.380 5.738
SPIN 4 6 2 8 2.760 3.523 3.870
SPIN 4 6 2 9 -2.133 2.724 4.799
SPIN 4 6 2 10 -2.369 2.252 -4.931
SPIN 4 6 2 11 5.026 -3.024 0.774
SPIN 4 6 2 12 -0.290 2.242 5.467
SPIN 4 6 2 13 -0.330 -1.789 -5.629
SPIN 4 6 2 14 -5.269 1.852 -1.951
SPIN 4 6 2 15 3.222 3.448 -3.568
SPIN 1 6 3 0 -1.119 4.466 -3.715
SPIN 1 6 3 1 -1.282 -5.468 1.859
SPIN 1 6 3 2 3.053 -1.517 4.835
SPIN 1 6 3 3 -0.502 1.409 -5.724
SPIN 1 6 3 4 3.935 -0.938 -4.317
SPIN 1 6 3 5 2.811 4.388 -2.801
SPIN 1 6 3 6 -0.378 -5.887 0.443
SPIN 1 6 3 7 -5.421 -1.358 -1.940
SPIN 1 6 3 8 4.442 1.282 3.691
SPIN 1 6 3 9 -1.385 -5.722 -0.584
SPIN 1 6 3 10 5.579 0.281 1.948
SPIN 1 6 3 11 2.462 -2.598 4.711
SPIN 1 6 3 12 -4.243 2.483 -3.292
SPIN 1 6 3 13 0.247 5.681 1.632
SPIN 1 6 3 14 1.510 -2.781 4.999
SPIN 1 6 3 15 2.085 3.340 -4.416
SPIN 4 6 3 0 2.277 5.449 0.350
SPIN 4 6 3 1 0.501 1.952 -5.562
SPIN 4 6 3 2 -0.187 -2.215 -5.482
SPIN 4 6 3 3 3.965 -2.511 3.602
SPIN 4 6 3 4 -5.535 -1.962 -0.714
SPIN 4 6 3 5 4.125 -4.235 0.224
SPIN 4 6 3 6 3.244 -4.227 2.570
SPIN 4 6 3 7 0.827 5.065 -2.944
SPIN 4 6 3 8 4.071 -3.180 2.883
SPIN 4 6 3 9 -4.914 3.263 0.452
SPIN 4 6 3 10 0.327 3.286 4.909
SPIN 4 6 3 11 3.665 2.972 -3.569
SPIN 4 6 3 12 -1.303 -2.644 -5.130
SPIN 4 6 3 13 0.747 -1.180 -5.749
SPIN 4 6 3 14 -2.790 -5.210 0.268
SPIN 4 6 3 15 0.753 -3.911 4.375
SPIN 1 6 4 0 -2.933 0.199 5.134
SPIN 1 6 4 1 -2.155 -5.490 -0.460
SPIN 1 6 4 2 -0.665 5.759 1.181
SPIN 1 6 4 3 -3.543 -4.737 -0.072
SPIN 1 6 4 4 -5.732 0.181 -1.454
SPIN 1 6 4 5 -2.898 0.151 5.155
SPIN 1 6 4 6 4.855 1.798 -2.864
SPIN 1 6 4 7 2.466 -0.080 5.377
SPIN 1 6 4 8 1.118 -2.564 -5.213
SPIN 1 6 4 9 -0.678 5.284 2.573
SPIN 1 6 4 10 4.372 1.594 -3.652
SPIN 1 6 4 11 -1.318 -5.116 2.663
SPIN 1 6 4 12 3.155 0.682 4.958
SPIN 1 6 4 13 0.073 -1.849 -5.619
SPIN 1 6 4 14 3.266 -0.957 -4.840
SPIN 1 6 4 15 5.645 1.635 0.679
SPIN 4 6 4 0 3.740 2.455 3.871
SPIN 4 6 4 1 -3.273 -4.241 2.510
SPIN 4 6 4 2 0.811 2.944 5.067
SPIN 4 6 4 3 1.277 5.777 0.014
SPIN 4 6 4 4 3.843 3.724 -2.523
SPIN 4 6 4 5 -3.225 0.491 4.935
SPIN 4 6 4 6 3.469 -4.588 -1.384
SPIN 4 6 4 7 4.933 1.344 2.977
SPIN 4 6 4 8 -3.616 -2.358 -4.045
SPIN 4 6 4 9 -4.527 -3.547 -1.390
SPIN 4 6 4 10 -3.348 1.638 -4.594
SPIN 4 6 4 11 -4.965 -3.099 0.862
SPIN 4 6 4 12 -3.346 3.824 -3.030
SPIN 4 6 4 13 -1.355 -2.964 4.938
SPIN 4 6 4 14 0.398 0.294 -5.895
SPIN 4 6 4 15 -5.721 1.286 0.786
SPIN 1 6 5 0 -5.831 -0.865 0.498
SPIN 1 6 5 1 -1.152 3.470 4.651
SPIN 1 6 5 2 5.223 1.506 -2.336
SPIN 1 6 5 3 -4.072 -3.268 -2.782
SPIN 1 6 5 4 -0.511 4.627 3.651
SPIN 1 6 5 5 -0.618 -4.586 -3.686
SPIN 1 6 5 6 4.867 -3.311 -0.587
SPIN 1 6 5 7 0.816 0.290 -5.852
SPIN 1 6 5 8 -2.589 1.293 5.160
SPIN 1 6 5 9 -1.756 5.253 2.080
SPIN 1 6 5 10 -4.459 -3.753 1.017
SPIN 1 6 5 11 3.474 -0.106 4.788
SPIN 1 6 5 12 -4.410 -3.943 0.071
SPIN 1 6 5 13 2.764 -3.822 3.571
SPIN 1 6 5 14 -1.816 5.572 -0.808
SPIN 1 6 5 15 3.749 -1.870 4.177
SPIN 4 6 5 0 -5.878 -0.428 -0.515
SPIN 4 6 5 1 5.311 2.607 0.034
SPIN 4 6 5 2 0.596 -5.881 -0.241
SPIN 4 6 5 3 2.941 4.261 2.863
SPIN 4 6 5 4 1.584 2.241 5.241
SPIN 4 6 5 5 4.974 -2.988 -1.154
SPIN 4 6 5 6 2.226 4.863 2.530
SPIN 4 6 5 7 2.421 5.382 0.416
SPIN 4 6 5 8 5.385 -2.448 -0.079
SPIN 4 6 5 9 -2.225 0.702 5.437
SPIN 4 6 5 10 -2.061 3.644 -4.181
SPIN 4 6 5 11 -3.711 4.468 -1.123
SPIN 4 6 5 12 -3.431 -4.817 0.166
SPIN 4 6 5 13 4.854 -3.374 -0.225
SPIN 4 6 5 14 0.870 2.699 -5.192
SPIN 4 6 5 15 -2.333 4.475 -3.087
SPIN 1 6 6 0 5.785 1.180 0.385
SPIN 1 6 6 1 -3.017 0.386 -5.074
SPIN 1 6 6 2 0.083 -0.901 -5.847
SPIN 1 6 6 3 0.456 5.656 -1.675
SPIN 1 6 6 4 -1.322 -4.834 -3.145
SPIN 1 6 6 5 3.084 0.327 5.038
SPIN 1 6 6 6 1.113 5.381 -2.191
SPIN 1 6 6 7 2.573 -4.451 2.926
SPIN 1 6 6 8 -3.424 0.631 -4.783
SPIN 1 6 6 9 0.563 -1.141 -5.778
SPIN 1 6 6 10 3.832 2.377 3.830
SPIN 1 6 6 11 5.097 1.081 2.802
SPIN 1 6 6 12 3.490 3.520 -3.230
SPIN 1 6 6 13 -2.500 5.362 -0.057
SPIN 1 6 6 14 -5.787 1.195 0.288
SPIN 1 6 6 15 -1.565 -5.592 1.131
SPIN 4 6 6 0 1.022 5.635 -1.483
SPIN 4 6 6 1 -5.764 0.787 -1.078
SPIN 4 6 6 2 -5.259 2.134 -1.668
SPIN 4 6 6 3 3.420 -2.304 -4.242
SPIN 4 6 6 4 -4.662 2.929 -2.165
SPIN 4 6 6 5 4.501 3.434 -1.717
SPIN 4 6 6 6 -0.700 -3.950 -4.349
SPIN 4 6 6 7 5.440 -2.069 -1.059
SPIN 4 6 6 8 -5.891 0.034 0.540
SPIN 4 6 6 9 0.550 2.222 5.455
SPIN 4 6 6 10 -2.795 3.151 4.154
SPIN 4 6 6 11 0.319 2.030 -5.548
SPIN 4 6 6 12 -2.076 -0.233 -5.535
SPIN 4 6 6 13 -3.234 0.005 -4.954
SPIN 4 6 6 14 -4.955 -1.956 -2.573
SPIN 4 6 6 15 -1.458 4.200 3.903
SPIN 1 6 7 0 -0.956 -3.913 -4.332
SPIN 1 6 7 1 3.224 -3.946 -3.006
SPIN 1 6 7 2 4.818 2.025 -2.772
SPIN 1 6 7 3 2.301 -0.403 -5.435
SPIN 1 6 7 4 -1.529 5.688 0.556
SPIN 1 6 7 5 1.621 -0.566 5.661
SPIN 1 6 7 6 -3.694 2.633 3.797
SPIN 1 6 7 7 2.075 0.859 -5.473
SPIN 1 6 7 8 2.080 1.583 5.307
SPIN 1 6 7 9 2.695 -5.123 -1.219
SPIN 1 6 7 10 0.655 -4.221 4.094
SPIN 1 6 7 11 1.859 5.615 0.137
SPIN 1 6 7 12 4.125 -4.110 1.045
SPIN 1 6 7 13 -3.435 -3.641 3.153
SPIN 1 6 7 14 5.793 0.998 0.663
SPIN 1 6 7 15 -4.623 -0.778 3.609
SPIN 4 6 7 0 0.976 4.791 3.331
SPIN 4 6 7 1 1.403 -1.429 5.567
SPIN 4 6 7 2 -4.304 -0.354 4.043
SPIN 4 6 7 3 -0.200 5.889 0.531
SPIN 4 6 7 4 0.439 3.325 4.874
SPIN 4 6 7 5 -0.210 0.965 -5.833
SPIN 4 6 7 6 -3.923 -3.421 2.812
SPIN 4 6 7 7 0.134 4.305 4.055
SPIN 4 6 7 8 2.891 1.578 -4.914
SPIN 4 6 7 9 -1.395 4.288 3.830
SPIN 4 6 7 10 3.532 -2.842 -3.801
SPIN 4 6 7 11 -4.025 -2.645 3.436
SPIN 4 6 7 12 4.222 1.260 -3.948
SPIN 4 6 7 13 -3.582 1.373 4.504
SPIN 4 6 7 14 -2.709 -3.935 -3.489
SPIN 4 6 7 15 3.367 -4.850 -0.376
SPIN 1 6 8 0 -4.669 2.962 -2.105
SPIN 1 6 8 1 1.322 5.288 -2.299
SPIN 1 6 8 2 -5.509 -2.150 0.184
SPIN 1 6 8 3 -0.784 -0.587 -5.834
SPIN 1 6 8 4 -0.513 -5.661 -1.639
SPIN 1 6 8 5 -3.605 4.193 -2.102
SPIN 1 6 8 6 5.696 0.218 -1.584
SPIN 1 6 8 7 -1.676 -5.618 0.796
SPIN 1 6 8 8 3.263 -0.370 -4.921
SPIN 1 6 8 9 -2.805 1.982 -4.817
SPIN 1 6 8 10 1.721 5.305 1.973
SPIN 1 6 8 11 2.031 3.495 -4.320
SPIN 1 6 8 12 1.522 -1.778 -5.433
SPIN 1 6 8 13 -5.062 -0.889 -2.929
SPIN 1 6 8 14 0.531 5.725 1.396
SPIN 1 6 8 15 -0.610 4.642 3.616
SPIN 4 6 8 0 2.511 -4.118 3.426
SPIN 4 6 8 1 -2.237 -4.178 3.541
SPIN 4 6 8 2 1.819 3.713 -4.232
SPIN 4 6 8 3 0.933 -5.310 2.437
SPIN 4 6 8 4 5.625 1.803 0.328
SPIN 4 6 8 5 -4.347 -0.809 -3.930
SPIN 4 6 8 6 -1.056 4.835 -3.242
SPIN 4 6 8 7 1.900 1.132 -5.487
SPIN 4 6 8 8 -1.493 -0.527 5.700
SPIN 4 6 8 9 -2.932 -1.694 -4.851
SPIN 4 6 8 10 2.719 1.858 4.915
SPIN 4 6 8 11 0.830 -5.855 0.160
SPIN 4 6 8 12 -5.358 1.908 1.628
SPIN 4 6 8 13 -5.091 0.711 -2.928
SPIN 4 6 8 14 4.556 2.103 -3.134
SPIN 4 6 8 15 3.706 0.103 4.610
SPIN 1 6 9 0 0.028 -3.497 -4.772
SPIN 1 6 9 1 -3.542 4.713 -0.492
SPIN 1 6 9 2 5.432 -2.198 -0.812
SPIN 1 6 9 3 1.522 1.022 5.625
SPIN 1 6 9 4 4.435 3.680 -1.336
SPIN 1 6 9 5 0.582 -1.939 5.559
SPIN 1 6 9 6 -0.048 1.406 -5.746
SPIN 1 6 9 7 1.799 -5.491 -1.268
SPIN 1 6 9 8 -1.663 1.152 5.559
SPIN 1 6 9 9 -0.998 -2.372 5.327
SPIN 1 6 9 10 5.137 1.956 -2.188
SPIN 1 6 9 11 3.224 -4.960 0.029
SPIN 1 6 9 12 1.993 3.206 4.555
SPIN 1 6 9 13 5.662 1.133 -1.289
SPIN 1 6 9 14 0.673 -4.401 3.896
SPIN 1 6 9 15 -0.189 -2.929 -5.136
SPIN 4 6 9 0 2.704 4.738 -2.290
SPIN 4 6 9 1 0.225 -5.545 -2.049
SPIN 4 6 9 2 2.946 2.663 -4.386
SPIN 4 6 9 3 1.626 5.550 1.244
SPIN 4 6 9 4 -4.620 -1.901 3.169
SPIN 4 6 9 5 5.733 1.119 0.939
SPIN 4 6 9 6 0.473 -1.232 5.767
SPIN 4 6 9 7 1.482 5.481 1.662
SPIN 4 6 9 8 4.671 0.732 -3.557
SPIN 4 6 9 9 -4.525 1.668 3.427
SPIN 4 6 9 10 -5.213 0.932 -2.637
SPIN 4 6 9 11 2.913 -3.810 3.463
SPIN 4 6 9 12 3.338 -2.383 -4.264
SPIN 4 6 9 13 -4.625 -2.798 2.404
SPIN 4 6 9 14 -4.400 0.142 3.953
SPIN 4 6 9 15 0.339 3.504 4.755
SPIN 1 6 10 0 -2.079 3.441 -4.340
SPIN 1 6 10 1 4.228 -4.123 0.356
SPIN 1 6 10 2 4.785 3.244 1.257
SPIN 1 6 10 3 3.967 -1.872 -3.970
SPIN 1 6 10 4 -1.017 -4.562 -3.627
SPIN 1 6 10 5 -2.742 4.709 -2.304
SPIN 1 6 10 6 -2.374 -0.803 5.359
SPIN 1 6 10 7 1.077 -5.182 -2.643
SPIN 1 6 10 8 1.311 0.200 -5.766
SPIN 1 6 10 9 5.453 -1.683 1.559
SPIN 1 6 10 10 0.351 4.321 4.026
SPIN 1 6 10 11 -5.075 0.921 2.898
SPIN 1 6 10 12 0.340 -5.718 -1.480
SPIN 1 6 10 13 4.941 3.031 1.182
SPIN 1 6 10 14 -1.229 -0.226 -5.783
SPIN 1 6 10 15 3.799 -0.435 -4.514
SPIN 4 6 10 0 -4.968 2.299 -2.243
SPIN 4 6 10 1 -3.025 -1.854 4.734
SPIN 4 6 10 2 -2.778 -5.187 -0.613
SPIN 4 6 10 3 -3.331 4.640 -1.540
SPIN 4 6 10 4 3.625 -4.569 -0.988
SPIN 4 6 10 5 -2.703 -5.168 -0.996
SPIN 4 6 10 6 5.222 1.899 -2.031
SPIN 4 6 10 7 -4.527 2.711 2.676
SPIN 4 6 10 8 1.044 1.972 -5.479
SPIN 4 6 10 9 -4.474 1.899 -3.373
SPIN 4 6 10 10 5.582 1.933 -0.316
SPIN 4 6 10 11 -2.038 -4.775 2.837
SPIN 4 6 10 12 -3.619 4.571 -1.003
SPIN 4 6 10 13 4.373 0.101 3.983
SPIN 4 6 10 14 -3.400 -4.728 1.040
SPIN 4 6 10 15 3.969 -1.236 -4.210
SPIN 1 6 11 0 -0.977 -1.270 5.695
SPIN 1 6 11 1 -4.169 -1.932 3.727
SPIN 1 6 11 2 3.792 -4.228 1.658
SPIN 1 6 11 3 4.984 1.995 2.486
SPIN 1 6 11 4 1.430 -2.335 5.244
SPIN 1 6 11 5 -4.247 -3.179 2.617
SPIN 1 6 11 6 5.756 -0.793 1.114
SPIN 1 6 11 7 -3.150 -0.123 -5.006
SPIN 1 6 11 8 -2.788 -4.905 -1.782
SPIN 1 6 11 9 1.145 2.210 5.367
SPIN 1 6 11 10 -2.549 -5.313 0.523
SPIN 1 6 11 11 -2.253 3.890 -3.846
SPIN 1 6 11 12 5.274 -2.159 1.587
SPIN 1 6 11 13 -4.828 -1.418 3.111
SPIN 1 6 11 14 -4.388 -2.487 -3.092
SPIN 1 6 11 15 3.547 3.798 2.828
SPIN 4 6 11 0 -1.761 5.156 -2.306
SPIN 4 6 11 1 -2.680 -4.312 3.037
SPIN 4 6 11 2 1.365 4.553 -3.522
SPIN 4 6 11 3 0.170 4.940 3.250
SPIN 4 6 11 4 -1.373 5.725 0.584
SPIN 4 6 11 5 -4.794 2.646 -2.239
SPIN 4 6 11 6 -3.807 4.524 -0.208
SPIN 4 6 11 7 0.286 5.663 -1.687
SPIN 4 6 11 8 2.473 2.444 -4.787
SPIN 4 6 11 9 0.495 -5.071 -3.006
SPIN 4 6 11 10 -5.906 0.289 -0.179
SPIN 4 6 11 11 -2.953 0.335 5.115
SPIN 4 6 11 12 -5.679 1.272 -1.065
SPIN 4 6 11 13 -3.167 -4.747 1.563
SPIN 4 6 11 14 2.313 -2.716 -4.719
SPIN 4 6 11 15 4.880 1.515 2.981
SPIN 1 6 12 0 -3.045 4.087 -3.005
SPIN 1 6 12 1 -0.120 -2.077 5.538
SPIN 1 6 12 2 4.261 2.686 -3.103
SPIN 1 6 12 3 -3.910 -3.180 -3.099
SPIN 1 6 12 4 -0.684 5.491 -2.092
SPIN 1 6 12 5 0.147 -5.596 1.915
SPIN 1 6 12 6 2.640 2.804 4.491
SPIN 1 6 12 7 5.060 -3.032 0.449
SPIN 1 6 12 8 -1.432 3.461 4.580
SPIN 1 6 12 9 2.489 0.426 5.350
SPIN 1 6 12 10 3.998 -2.492 -3.578
SPIN 1 6 12 11 2.377 5.326 0.991
SPIN 1 6 12 12 -4.125 -2.565 -3.377
SPIN 1 6 12 13 -2.605 4.969 1.878
SPIN 1 6 12 14 -5.296 2.368 1.158
SPIN 1 6 12 15 5.215 -0.770 -2.685
SPIN 4 6 12 0 -1.510 -4.588 -3.417
SPIN 4 6 12 1 -4.016 0.122 4.342
SPIN 4 6 12 2 1.387 0.936 -5.675
SPIN 4 6 12 3 4.637 -3.556 -0.920
SPIN 4 6 12 4 -4.277 2.140 3.482
SPIN 4 6 12 5 -2.166 -5.197 -1.815
SPIN 4 6 12 6 5.419 2.177 0.948
SPIN 4 6 12 7 -4.430 1.884 -3.439
SPIN 4 6 12 8 3.116 2.534 -4.343
SPIN 4 6 12 9 -4.076 -3.526 2.439
SPIN 4 6 12 10 1.410 -0.520 5.722
SPIN 4 6 12 11 -5.049 3.077 -0.191
SPIN 4 6 12 12 0.788 -5.786 -0.951
SPIN 4 6 12 13 1.188 2.952 -4.987
SPIN 4 6 12 14 3.330 0.969 4.793
SPIN 4 6 12 15 -3.362 1.191 4.720
SPIN 1 6 13 0 -3.957 -3.872 -2.087
SPIN 1 6 13 1 1.499 5.157 -2.482
SPIN 1 6 13 2 -5.674 -0.616 1.556
SPIN 1 6 13 3 4.351 -0.808 -3.927
SPIN 1 6 13 4 2.258 -2.140 -5.032
SPIN 1 6 13 5 5.174 2.367 1.620
SPIN 1 6 13 6 -3.401 -4.840 0.108
SPIN 1 6 13 7 2.250 0.188 -5.468
SPIN 1 6 13 8 2.355 4.763 2.601
SPIN 1 6 13 9 -0.856 5.844 -0.340
SPIN 1 6 13 10 0.269 4.144 -4.214
SPIN 1 6 13 11 -4.102 2.485 3.464
SPIN 1 6 13 12 4.477 -2.524 2.930
SPIN 1 6 13 13 -4.396 -3.957 -0.125
SPIN 1 6 13 14 3.867 4.147 1.687
SPIN 1 6 13 15 -3.986 -0.364 -4.357
SPIN 4 6 13 0 5.603 -1.804 -0.593
SPIN 4 6 13 1 3.287 -3.992 -2.873
SPIN 4 6 13 2 3.622 -2.792 3.753
SPIN 4 6 13 3 1.844 -5.226 2.071
SPIN 4 6 13 4 -3.377 -0.311 -4.848
SPIN 4 6 13 5 -5.839 0.578 0.757
SPIN 4 6 13 6 3.552 3.624 -3.042
SPIN 4 6 13 7 2.747 -1.099 5.123
SPIN 4 6 13 8 1.499 5.007 -2.773
SPIN 4 6 13 9 -5.907 0.303 0.138
SPIN 4 6 13 10 1.983 3.556 -4.292
SPIN 4 6 13 11 -0.324 4.569 -3.745
SPIN 4 6 13 12 -1.851 -4.439 -3.445
SPIN 4 6 13 13 0.842 -5.599 -1.717
SPIN 4 6 13 14 -5.040 1.252 2.834
SPIN 4 6 13 15 -0.699 4.786 -3.407
SPIN 1 6 14 0 5.159 2.473 -1.507
SPIN 1 6 14 1 -5.868 -0.164 0.734
SPIN 1 6 14 2 2.085 4.668 -2.976
SPIN 1 6 14 3 5.143 2.565 -1.403
SPIN 1 6 14 4 -0.906 -3.691 -4.534
SPIN 1 6 14 5 5.239 2.478 1.188
SPIN 1 6 14 6 -2.517 0.806 5.293
SPIN 1 6 14 7 -2.698 5.263 -0.134
SPIN 1 6 14 8 -5.707 -1.467 -0.526
SPIN 1 6 14 9 0.480 -5.079 2.996
SPIN 1 6 14 10 5.398 -1.869 -1.539
SPIN 1 6 14 11 1.022 -0.377 -5.815
SPIN 1 6 14 12 -2.667 -0.022 5.281
SPIN 1 6 14 13 2.947 4.499 -2.464
SPIN 1 6 14 14 -5.736 0.419 -1.388
SPIN 1 6 14 15 -4.424 -1.980 3.392
SPIN 4 6 14 0 -1.070 0.295 -5.811
SPIN 4 6 14 1 5.588 -1.868 0.537
SPIN 4 6 14 2 -5.131 -1.272 2.657
SPIN 4 6 14 3 0.822 5.091 -2.899
SPIN 4 6 14 4 -0.076 -5.630 1.816
SPIN 4 6 14 5 1.108 0.019 5.811
SPIN 4 6 14 6 -0.195 -2.398 -5.405
SPIN 4 6 14 7 2.369 5.336 0.955
SPIN 4 6 14 8 1.530 -5.689 -0.547
SPIN 4 6 14 9 -1.369 0.520 -5.732
SPIN 4 6 14 10 1.199 -1.220 -5.663
SPIN 4 6 14 11 1.838 -3.849 4.100
SPIN 4 6 14 12 -0.864 -1.733 5.590
SPIN 4 6 14 13 1.676 -2.378 -5.151
SPIN 4 6 14 14 3.595 -3.378 -3.265
SPIN 4 6 14 15 0.881 -2.345 5.359
SPIN 1 6 15 0 -5.892 -0.380 0.372
SPIN 1 6 15 1 -4.500 3.804 0.530
SPIN 1 6 15 2 3.982 3.573 2.525
SPIN 1 6 15 3 -3.466 -3.576 -3.194
SPIN 1 6 15 4 -4.868 1.856 -2.803
SPIN 1 6 15 5 2.720 -5.253 0.053
SPIN 1 6 15 6 -0.987 5.652 1.442
SPIN 1 6 15 7 -4.171 -3.258 2.643
SPIN 1 6 15 8 0.545 -5.149 2.862
SPIN 1 6 15 9 -5.806 -0.255 1.106
SPIN 1 6 15 10 -0.732 -1.862 -5.567
SPIN 1 6 15 11 -4.868 0.526 3.320
SPIN 1 6 15 12 4.627 3.587 -0.852
SPIN 1 6 15 13 1.833 1.553 -5.406
SPIN 1 6 15 14 5.425 1.889 1.414
SPIN 1 6 15 15 3.061 4.117 -2.946
SPIN 4 6 15 0 2.575 2.119 4.887
SPIN 4 6 15 1 -5.834 0.131 -0.974
SPIN 4 6 15 2 -2.031 -1.387 -5.381
SPIN 4 6 15 3 1.485 -4.752 -3.195
SPIN 4 6 15 4 4.816 1.371 3.151
SPIN 4 6 15 5 -0.681 -4.106 4.205
SPIN 4 6 15 6 0.921 4.709 -3.461
SPIN 4 6 15 7 3.315 4.847 0.717
SPIN 4 6 15 8 2.478 5.362 0.334
SPIN 4 6 15 9 -1.393 -0.697 5.707
SPIN 4 6 15 10 5.650 -1.592 0.738
SPIN 4 6 15 11 4.180 -0.361 4.171
SPIN 4 6 15 12 3.383 4.537 1.723
SPIN 4 6 15 13 -5.407 1.434 1.926
SPIN 4 6 15 14 5.123 2.553 1.497
SPIN 4 6 15 15 -3.784 -0.626 -4.504
SPIN 3 6 0 0 -5.267 -1.182 -2.421
SPIN 3 6 0 1 3.624 -4.507 1.245
SPIN 3 6 0 2 0.845 -1.795 -5.573
SPIN 3 6 0 3 -3.746 2.495 3.839
SPIN 3 6 0 4 -3.816 1.609 4.225
SPIN 3 6 0 5 1.192 -0.100 -5.794
SPIN 3 6 0 6 1.967 4.159 -3.720
SPIN 3 6 0 7 0.081 2.665 -5.281
SPIN 3 6 0 8 -4.217 2.224 -3.503
SPIN 3 6 0 9 5.088 2.727 -1.296
SPIN 3 6 0 10 -1.546 3.543 -4.479
SPIN 3 6 0 11 3.483 -4.635 1.179
SPIN 3 6 0 12 -4.227 0.965 -4.025
SPIN 3 6 0 13 -5.477 -1.287 -1.831
SPIN 3 6 0 14 2.755 4.864 1.937
SPIN 3 6 0 15 -3.612 -3.534 -3.077
SPIN 2 6 0 0 -2.315 5.378 0.848
SPIN 2 6 0 1 1.748 -5.652 0.036
SPIN 2 6 0 2 0.307 -5.388 -2.424
SPIN 2 6 0 3 -5.394 -1.735 -1.703
SPIN 2 6 0 4 0.432 -5.900 0.014
SPIN 2 6 0 5 2.437 4.683 -2.671
SPIN 2 6 0 6 2.929 -2.848 4.279
SPIN 2 6 0 7 -3.563 -3.676 -2.965
SPIN 2 6 0 8 -4.012 1.783 -3.966
SPIN 2 6 0 9 -2.113 1.325 5.365
SPIN 2 6 0 10 -4.394 -3.937 -0.440
SPIN 2 6 0 11 3.077 -3.350 -3.783
SPIN 2 6 0 12 3.562 4.721 -0.164
SPIN 2 6 0 13 -1.678 -4.628 3.281
SPIN 2 6 0 14 2.969 2.316 4.563
SPIN 2 6 0 15 2.965 -2.174 -4.635
SPIN 3 6 1 0 1.172 -1.741 -5.531
SPIN 3 6 1 1 -4.431 1.779 3.493
SPIN 3 6 1 2 0.687 -5.597 1.788
SPIN 3 6 1 3 1.189 -3.012 -4.951
SPIN 3 6 1 4 3.403 4.216 -2.377
SPIN 3 6 1 5 -3.641 2.562 3.896
SPIN 3 6 1 6 3.636 4.638 -0.519
SPIN 3 6 1 7 -4.909 2.288 -2.380
SPIN 3 6 1 8 3.135 -4.169 -2.792
SPIN 3 6 1 9 3.330 1.976 -4.473
SPIN 3 6 1 10 -5.614 -1.247 -1.389
SPIN 3 6 1 11 1.466 -3.460 -4.569
SPIN 3 6 1 12 2.878 -5.111 0.770
SPIN 3 6 1 13 -0.747 5.745 -1.201
SPIN 3 6 1 14 -1.912 1.446 -5.409
SPIN 3 6 1 15 3.505 -3.456 3.282
SPIN 2 6 1 0 2.766 -1.733 4.934
SPIN 2 6 1 1 -2.185 0.936 5.418
SPIN 2 6 1 2 -5.113 2.968 -0.231
SPIN 2 6 1 3 5.063 -2.944 0.839
SPIN 2 6 1 4 -3.504 3.758 2.932
SPIN 2 6 1 5 1.967 -5.310 -1.714
SPIN 2 6 1 6 1.328 5.765 -0.014
SPIN 2 6 1 7 -1.457 -2.861 4.969
SPIN 2 6 1 8 2.394 -0.918 5.332
SPIN 2 6 1 9 3.757 -3.973 -2.258
SPIN 2 6 1 10 -5.317 -0.613 -2.521
SPIN 2 6 1 11 1.746 5.627 -0.533
SPIN 2 6 1 12 -5.788 -0.360 1.169
SPIN 2 6 1 13 3.231 4.529 -2.014
SPIN 2 6 1 14 -0.302 4.661 -3.631
SPIN 2 6 1 15 -0.633 -5.878 -0.226
SPIN 3 6 2 0 3.891 -4.162 1.593
SPIN 3 6 2 1 1.309 5.689 0.958
SPIN 3 6 2 2 4.870 -2.158 -2.575
SPIN 3 6 2 3 -3.337 1.061 -4.769
SPIN 3 6 2 4 0.743 5.160 2.797
SPIN 3 6 2 5 -3.964 -4.213 -1.239
SPIN 3 6 2 6 3.408 1.199 4.685
SPIN 3 6 2 7 -3.559 -0.850 -4.648
SPIN 3 6 2 8 -3.389 4.719 1.117
SPIN 3 6 2 9 -0.336 -5.610 1.849
SPIN 3 6 2 10 2.948 -4.844 1.687
SPIN 3 6 2 11 3.345 -1.845 4.517
SPIN 3 6 2 12 3.852 3.543 2.759
SPIN 3 6 2 13 -0.287 -5.557 2.010
SPIN 3 6 2 14 -0.288 5.254 -2.704
SPIN 3 6 2 15 -3.035 4.972 -1.036
SPIN 2 6 2 0 -2.238 1.940 -5.121
SPIN 2 6 2 1 -4.003 4.025 1.666
SPIN 2 6 2 2 1.170 -5.090 2.779
SPIN 2 6 2 3 -2.260 -1.180 5.339
SPIN 2 6 2 4 -1.768 -3.066 4.740
SPIN 2 6 2 5 -4.422 1.998 -3.385
SPIN 2 6 2 6 0.136 -0.520 5.892
SPIN 2 6 2 7 -3.488 1.233 4.617
SPIN 2 6 2 8 1.108 -4.118 -4.101
SPIN 2 6 2 9 3.085 -5.048 -0.043
SPIN 2 6 2 10 2.169 5.381 -1.160
SPIN 2 6 2 11 -5.455 0.213 2.280
SPIN 2 6 2 12 -4.538 2.563 -2.799
SPIN 2 6 2 13 -4.294 1.360 3.836
SPIN 2 6 2 14 -3.583 -2.245 -4.138
SPIN 2 6 2 15 5.417 -1.581 -1.778
SPIN 3 6 3 0 1.460 5.720 -0.380
SPIN 3 6 3 1 -0.855 -2.158 5.442
SPIN 3 6 3 2 -5.297 2.188 1.469
SPIN 3 6 3 3 3.946 -0.296 -4.398
SPIN 3 6 3 4 5.254 -2.045 1.793
SPIN 3 6 3 5 4.872 -1.737 -2.872
SPIN 3 6 3 6 -3.464 -2.155 -4.285
SPIN 3 6 3 7 -0.228 5.371 2.471
SPIN 3 6 3 8 -3.688 -2.810 -3.674
SPIN 3 6 3 9 4.110 -2.884 3.128
SPIN 3 6 3 10 -3.643 -2.952 3.607
SPIN 3 6 3 11 5.301 -1.884 -1.829
SPIN 3 6 3 12 0.583 -5.332 2.495
SPIN 3 6 3 13 -2.346 3.228 4.368
SPIN 3 6 3 14 -4.380 -1.980 3.449
SPIN 3 6 3 15 -3.708 -4.263 1.755
SPIN 2 6 3 0 -1.035 -5.617 1.542
SPIN 2 6 3 1 1.266 5.736 -0.702
SPIN 2 6 3 2 -2.998 -1.301 -4.931
SPIN 2 6 3 3 -2.248 -5.021 2.177
SPIN 2 6 3 4 3.584 4.683 0.472
SPIN 2 6 3 5 3.716 1.171 -4.452
SPIN 2 6 3 6 -3.333 4.363 -2.203
SPIN 2 6 3 7 4.766 -3.449 0.619
SPIN 2 6 3 8 -0.870 3.387 -4.772
SPIN 2 6 3 9 -3.275 4.539 1.917
SPIN 2 6 3 10 -3.117 3.829 3.259
SPIN 2 6 3 11 -1.191 -4.148 4.047
SPIN 2 6 3 12 5.861 -0.635 0.499
SPIN 2 6 3 13 -1.871 2.686 -4.928
SPIN 2 6 3 14 3.084 -3.179 -3.922
SPIN 2 6 3 15 4.966 3.130 0.737
SPIN 3 6 4 0 -5.548 0.332 -2.026
SPIN 3 6 4 1 3.924 4.331 -0.920
SPIN 3 6 4 2 4.386 -3.870 0.888
SPIN 3 6 4 3 1.562 0.054 -5.706
SPIN 3 6 4 4 -3.690 3.460 -3.068
SPIN 3 6 4 5 -1.814 5.028 2.535
SPIN 3 6 4 6 4.850 -2.019 2.720
SPIN 3 6 4 7 -5.093 -2.711 -1.310
SPIN 3 6 4 8 -1.146 -4.448 3.728
SPIN 3 6 4 9 4.718 -2.079 -2.901
SPIN 3 6 4 10 4.172 2.269 -3.528
SPIN 3 6 4 11 -2.418 5.170 -1.557
SPIN 3 6 4 12 -0.845 4.804 -3.348
SPIN 3 6 4 13 5.655 -1.735 -0.080
SPIN 3 6 4 14 -4.828 -2.467 2.368
SPIN 3 6 4 15 0.188 0.290 -5.906
SPIN 2 6 4 0 4.005 1.578 4.058
SPIN 2 6 4 1 0.238 -1.919 -5.591
SPIN 2 6 4 2 -2.117 5.467 0.795
SPIN 2 6 4 3 -0.498 2.505 5.336
SPIN 2 6 4 4 0.437 -5.720 1.446
SPIN 2 6 4 5 3.186 4.362 -2.412
SPIN 2 6 4 6 -2.658 -1.391 -5.099
SPIN 2 6 4 7 -5.775 -1.181 -0.506
SPIN 2 6 4 8 3.309 -4.033 -2.791
SPIN 2 6 4 9 -2.722 -5.232 0.472
SPIN 2 6 4 10 4.045 -2.068 -3.790
SPIN 2 6 4 11 -4.175 -2.351 -3.470
SPIN 2 6 4 12 -3.957 0.637 4.352
SPIN 2 6 4 13 5.458 2.045 1.015
SPIN 2 6 4 14 4.665 3.002 -2.055
SPIN 2 6 4 15 -1.129 -2.081 5.421
SPIN 3 6 5 0 -2.550 3.777 3.772
SPIN 3 6 5 1 4.346 -0.151 -4.012
SPIN 3 6 5 2 -3.849 0.793 -4.423
SPIN 3 6 5 3 -3.532 4.491 1.535
SPIN 3 6 5 4 2.759 -5.040 -1.409
SPIN 3 6 5 5 -0.410 -0.084 -5.901
SPIN 3 6 5 6 -0.682 -0.019 5.877
SPIN 3 6 5 7 -2.357 0.624 5.390
SPIN 3 6 5 8 0.092 2.467 -5.377
SPIN 3 6 5 9 2.006 1.865 5.244
SPIN 3 6 5 10 -3.550 -2.459 4.043
SPIN 3 6 5 11 4.864 3.287 -0.736
SPIN 3 6 5 12 -0.820 0.391 -5.846
SPIN 3 6 5 13 -4.471 0.665 -3.817
SPIN 3 6 5 14 -0.191 1.988 5.569
SPIN 3 6 5 15 5.354 0.124 2.513
SPIN 2 6 5 0 1.583 0.333 5.691
SPIN 2 6 5 1 2.113 -2.447 -4.955
SPIN 2 6 5 2 1.988 -3.394 4.419
SPIN 2 6 5 3 3.009 -3.815 -3.375
SPIN 2 6 5 4 0.711 5.258 2.616
SPIN 2 6 5 5 -5.691 1.421 -0.768
SPIN 2 6 5 6 1.354 4.859 -3.091
SPIN 2 6 5 7 4.343 -3.089 -2.569
SPIN 2 6 5 8 -3.790 -2.851 3.537
SPIN 2 6 5 9 3.745 2.544 3.808
SPIN 2 6 5 10 4.796 1.794 -2.963
SPIN 2 6 5 11 -4.777 -3.479 0.278
SPIN 2 6 5 12 2.178 4.357 -3.358
SPIN 2 6 5 13 -2.287 -4.514 3.065
SPIN 2 6 5 14 -2.164 -5.119 2.028
SPIN 2 6 5 15 3.222 3.829 -3.155
SPIN 3 6 6 0 0.875 -5.257 -2.569
SPIN 3 6 6 1 1.655 3.539 4.443
SPIN 3 6 6 2 -2.533 -4.136 3.388
SPIN 3 6 6 3 -5.623 1.542 -1.000
SPIN 3 6 6 4 -5.231 -0.639 -2.689
SPIN 3 6 6 5 1.191 -4.890 3.109
SPIN 3 6 6 6 -5.277 -2.626 0.509
SPIN 3 6 6 7 2.077 4.154 3.665
SPIN 3 6 6 8 3.908 2.502 3.670
SPIN 3 6 6 9 2.027 4.649 -3.046
SPIN 3 6 6 10 -0.234 -5.534 -2.080
SPIN 3 6 6 11 -0.301 -1.631 5.679
SPIN 3 6 6 12 -3.624 -3.346 3.267
SPIN 3 6 6 13 -0.645 5.861 -0.483
SPIN 3 6 6 14 0.520 -4.138 -4.196
SPIN 3 6 6 15 1.425 5.737 0.246
SPIN 2 6 6 0 -3.753 3.076 -3.385
SPIN 2 6 6 1 0.480 -5.388 -2.396
SPIN 2 6 6 2 -0.892 -1.461 -5.663
SPIN 2 6 6 3 -3.489 4.768 0.299
SPIN 2 6 6 4 5.815 0.655 -0.868
SPIN 2 6 6 5 2.556 2.738 4.579
SPIN 2 6 6 6 4.832 1.900 2.837
SPIN 2 6 6 7 -4.331 3.409 -2.151
SPIN 2 6 6 8 -1.072 -4.853 3.209
SPIN 2 6 6 9 -5.900 0.205 0.391
SPIN 2 6 6 10 -4.449 -3.301 -2.075
SPIN 2 6 6 11 5.252 2.711 0.249
SPIN 2 6 6 12 -0.543 -5.818 -0.926
SPIN 2 6 6 13 3.573 2.639 -3.908
SPIN 2 6 6 14 4.324 3.320 -2.297
SPIN 2 6 6 15 5.629 0.835 -1.617
SPIN 3 6 7 0 2.006 -2.713 4.859
SPIN 3 6 7 1 2.156 -4.174 -3.596
SPIN 3 6 7 2 -2.281 -3.887 -3.832
SPIN 3 6 7 3 1.093 2.143 5.405
SPIN 3 6 7 4 4.544 -3.782 -0.226
SPIN 3 6 7 5 5.134 2.909 -0.418
SPIN 3 6 7 6 2.485 4.652 2.681
SPIN 3 6 7 7 -0.163 -4.574 -3.748
SPIN 3 6 7 8 -0.528 -3.387 4.822
SPIN 3 6 7 9 4.612 1.637 3.325
SPIN 3 6 7 10 -5.575 1.760 -0.906
SPIN 3 6 7 11 -5.903 -0.351 -0.165
SPIN 3 6 7 12 2.411 -1.632 5.150
SPIN 3 6 7 13 2.374 3.718 3.942
SPIN 3 6 7 14 -2.610 -5.048 1.644
SPIN 3 6 7 15 5.074 2.858 1.044
SPIN 2 6 7 0 3.294 4.673 -1.523
SPIN 2 6 7 1 -2.251 3.332 4.340
SPIN 2 6 7 2 -2.631 -1.107 -5.182
SPIN 2 6 7 3 -1.359 -1.386 5.589
SPIN 2 6 7 4 0.299 -5.843 0.876
SPIN 2 6 7 5 -1.812 1.487 5.432
SPIN 2 6 7 6 -3.615 -2.525 -3.944
SPIN 2 6 7 7 1.465 -4.992 2.816
SPIN 2 6 7 8 1.226 3.565 4.559
SPIN 2 6 7 9 -0.587 -5.101 2.938
SPIN 2 6 7 10 4.689 3.180 -1.703
SPIN 2 6 7 11 -0.768 -4.448 3.824
SPIN 2 6 7 12 1.505 4.325 -3.745
SPIN 2 6 7 13 3.651 -0.179 -4.652
SPIN 2 6 7 14 -1.268 -5.459 1.894
SPIN 2 6 7 15 -1.025 5.501 1.921
SPIN 3 6 8 0 -0.215 -4.398 -3.951
SPIN 3 6 8 1 -0.273 -5.021 -3.116
SPIN 3 6 8 2 -2.360 -1.622 5.177
SPIN 3 6 8 3 1.146 1.593 -5.581
SPIN 3 6 8 4 -4.153 3.925 -1.530
SPIN 3 6 8 5 0.655 0.439 -5.863
SPIN 3 6 8 6 3.995 2.435 -3.621
SPIN 3 6 8 7 -5.222 -0.525 2.730
SPIN 3 6 8 8 4.194 1.077 4.032
SPIN 3 6 8 9 0.646 -5.283 -2.582
SPIN 3 6 8 10 -3.628 0.149 4.671
SPIN 3 6 8 11 -4.699 3.536 0.642
SPIN 3 6 8 12 -5.821 -0.242 1.031
SPIN 3 6 8 13 3.252 2.563 4.226
SPIN 3 6 8 14 -4.894 -2.656 -1.998
SPIN 3 6 8 15 4.634 -1.546 -3.337
SPIN 2 6 8 0 -5.352 -1.650 -1.906
SPIN 2 6 8 1 5.131 0.894 -2.807
SPIN 2 6 8 2 -2.645 3.850 -3.631
SPIN 2 6 8 3 -5.293 2.608 -0.436
SPIN 2 6 8 4 5.710 0.472 1.473
SPIN 2 6 8 5 -4.115 -3.920 -1.644
SPIN 2 6 8 6 5.311 1.434 2.176
SPIN 2 6 8 7 5.691 1.614 0.046
SPIN 2 6 8 8 -4.969 -2.310 2.231
SPIN 2 6 8 9 -1.697 -3.609 4.370
SPIN 2 6 8 10 -1.319 -3.230 -4.778
SPIN 2 6 8 11 -3.149 5.008 0.075
SPIN 2 6 8 12 3.123 -4.305 2.592
SPIN 2 6 8 13 0.434 -5.649 -1.703
SPIN 2 6 8 14 1.266 -0.371 5.767
SPIN 2 6 8 15 2.334 5.410 -0.528
SPIN 3 6 9 0 -1.697 -0.444 5.650
SPIN 3 6 9 1 5.141 -2.688 -1.157
SPIN 3 6 9 2 1.088 -2.407 5.294
SPIN 3 6 9 3 5.662 0.254 1.697
SPIN 3 6 9 4 -1.984 0.176 -5.571
SPIN 3 6 9 5 5.402 -2.185 -1.024
SPIN 3 6 9 6 -5.070 2.928 0.853
SPIN 3 6 9 7 -0.032 -0.212 -5.912
SPIN 3 6 9 8 -1.072 5.727 -1.028
SPIN 3 6 9 9 -3.050 4.991 0.887
SPIN 3 6 9 10 0.618 -1.415 -5.711
SPIN 3 6 9 11 -4.028 4.083 -1.452
SPIN 3 6 9 12 -5.834 0.484 -0.854
SPIN 3 6 9 13 1.757 0.800 -5.592
SPIN 3 6 9 14 -4.403 -3.946 0.196
SPIN 3 6 9 15 3.796 -3.921 2.283
SPIN 2 6 9 0 3.911 -3.570 -2.637
SPIN 2 6 9 1 -3.082 -4.306 2.638
SPIN 2 6 9 2 5.521 -2.123 0.080
SPIN 2 6 9 3 -0.087 5.159 2.893
SPIN 2 6 9 4 -4.330 2.293 3.316
SPIN 2 6 9 5 2.960 2.269 4.592
SPIN 2 6 9 6 -5.247 1.449 -2.318
SPIN 2 6 9 7 2.849 -2.397 4.598
SPIN 2 6 9 8 5.362 1.356 2.101
SPIN 2 6 9 9 -0.455 5.328 -2.530
SPIN 2 6 9 10 5.548 -2.009 -0.433
SPIN 2 6 9 11 4.146 4.218 -0.157
SPIN 2 6 9 12 -1.645 5.575 1.099
SPIN 2 6 9 13 0.630 0.758 5.833
SPIN 2 6 9 14 0.061 4.918 3.288
SPIN 2 6 9 15 -0.557 -5.775 -1.156
SPIN 3 6 10 0 3.307 1.292 -4.732
SPIN 3 6 10 1 -4.404 3.710 -1.357
SPIN 3 6 10 2 2.882 3.538 -3.765
SPIN 3 6 10 3 4.853 -2.370 2.415
SPIN 3 6 10 4 1.279 5.678 -1.060
SPIN 3 6 10 5 4.064 2.164 3.715
SPIN 3 6 10 6 -2.604 1.210 -5.173
SPIN 3 6 10 7 -1.299 -2.599 5.154
SPIN 3 6 10 8 1.564 -2.333 -5.207
SPIN 3 6 10 9 -5.060 -0.102 3.064
SPIN 3 6 10 10 5.784 1.105 0.565
SPIN 3 6 10 11 3.113 3.694 3.416
SPIN 3 6 10 12 5.771 -0.633 -1.139
SPIN 3 6 10 13 -5.786 0.559 1.102
SPIN 3 6 10 14 2.094 5.474 0.808
SPIN 3 6 10 15 -4.656 2.193 2.918
SPIN 2 6 10 0 5.520 2.112 0.271
SPIN 2 6 10 1 1.213 -5.776 0.413
SPIN 2 6 10 2 -4.309 0.310 -4.042
SPIN 2 6 10 3 1.740 0.397 -5.640
SPIN 2 6 10 4 5.838 0.642 0.713
SPIN 2 6 10 5 0.346 -5.800 1.116
SPIN 2 6 10 6 -0.550 -3.920 4.396
SPIN 2 6 10 7 -2.540 3.873 -3.680
SPIN 2 6 10 8 -1.271 2.513 5.203
SPIN 2 6 10 9 -5.194 -2.830 0.078
SPIN 2 6 10 10 -2.927 2.128 4.680
SPIN 2 6 10 11 3.926 -2.842 3.393
SPIN 2 6 10 12 -2.941 -4.964 1.305
SPIN 2 6 10 13 -5.049 1.255 2.817
SPIN 2 6 10 14 5.872 0.724 0.015
SPIN 2 6 10 15 -3.996 1.564 4.073
SPIN 3 6 11 0 -3.589 -0.092 -4.702
SPIN 3 6 11 1 1.755 -4.279 -3.690
SPIN 3 6 11 2 4.928 2.693 1.861
SPIN 3 6 11 3 -3.976 -3.875 -2.043
SPIN 3 6 11 4 -4.889 -2.260 -2.448
SPIN 3 6 11 5 0.520 -0.638 -5.859
SPIN 3 6 11 6 2.772 -0.242 5.221
SPIN 3 6 11 7 -1.267 -4.985 2.923
SPIN 3 6 11 8 5.601 1.902 0.101
SPIN 3 6 11 9 0.088 -4.052 -4.310
SPIN 3 6 11 10 5.090 -2.345 1.897
SPIN 3 6 11 11 1.472 4.872 -3.016
SPIN 3 6 11 12 -4.492 -1.538 3.529
SPIN 3 6 11 13 4.924 1.156 3.069
SPIN 3 6 11 14 -4.540 0.384 -3.774
SPIN 3 6 11 15 0.816 -2.177 -5.440
SPIN 2 6 11 0 -4.519 -0.664 3.760
SPIN 2 6 11 1 1.145 4.520 3.641
SPIN 2 6 11 2 -3.542 4.577 1.229
SPIN 2 6 11 3 -2.863 -4.434 2.672
SPIN 2 6 11 4 -5.682 -1.625 0.266
SPIN 2 6 11 5 3.277 2.290 4.361
SPIN 2 6 11 6 1.354 -5.276 -2.310
SPIN 2 6 11 7 -2.794 -0.360 5.202
SPIN 2 6 11 8 5.057 -0.031 3.071
SPIN 2 6 11 9 -3.410 -2.118 4.346
SPIN 2 6 11 10 -1.445 5.506 -1.613
SPIN 2 6 11 11 3.589 -4.690 -0.357
SPIN 2 6 11 12 3.242 3.123 -3.839
SPIN 2 6 11 13 -4.904 1.805 2.773
SPIN 2 6 11 14 -5.593 -1.501 1.213
SPIN 2 6 11 15 4.988 -2.540 -1.916
SPIN 3 6 12 0 2.673 4.747 2.307
SPIN 3 6 12 1 -2.993 -3.047 -4.094
SPIN 3 6 12 2 5.781 0.169 -1.247
SPIN 3 6 12 3 5.662 0.371 1.673
SPIN 3 6 12 4 0.362 -4.868 3.342
SPIN 3 6 12 5 5.734 1.437 0.244
SPIN 3 6 12 6 5.156 2.690 1.087
SPIN 3 6 12 7 -5.720 1.278 0.806
SPIN 3 6 12 8 5.895 -0.479 0.145
SPIN 3 6 12 9 5.588 0.631 -1.837
SPIN 3 6 12 10 -3.126 0.976 4.927
SPIN 3 6 12 11 -0.158 5.637 -1.789
SPIN 3 6 12 12 2.502 -5.342 0.449
SPIN 3 6 12 13 -0.619 3.665 4.603
SPIN 3 6 12 14 5.824 0.625 0.829
SPIN 3 6 12 15 -5.749 0.936 1.036
SPIN 2 6 12 0 4.466 -3.463 1.750
SPIN 2 6 12 1 -1.972 5.577 -0.099
SPIN 2 6 12 2 2.857 4.775 -2.010
SPIN 2 6 12 3 -3.122 3.390 3.710
SPIN 2 6 12 4 -2.582 2.352 4.775
SPIN 2 6 12 5 0.952 5.695 -1.288
SPIN 2 6 12 6 -3.043 -5.069 0.224
SPIN 2 6 12 7 2.491 3.548 -4.026
SPIN 2 6 12 8 -2.038 2.685 -4.862
SPIN 2 6 12 9 1.556 -3.678 -4.365
SPIN 2 6 12 10 -3.323 -3.715 3.187
SPIN 2 6 12 11 -2.675 1.172 -5.145
SPIN 2 6 12 12 -5.474 -0.551 -2.174
SPIN 2 6 12 13 3.747 -0.989 4.470
SPIN 2 6 12 14 -5.235 1.737 -2.139
SPIN 2 6 12 15 -4.513 3.818 0.240
SPIN 3 6 13 0 0.127 5.915 0.040
SPIN 3 6 13 1 -0.884 -4.136 4.136
SPIN 3 6 13 2 0.714 -5.838 -0.638
SPIN 3 6 13 3 1.032 5.764 0.843
SPIN 3 6 13 4 3.600 -3.080 -3.543
SPIN 3 6 13 5 5.448 2.287 -0.290
SPIN 3 6 13 6 1.709 -4.570 -3.346
SPIN 3 6 13 7 -2.183 5.277 -1.545
SPIN 3 6 13 8 1.935 -3.514 4.348
SPIN 3 6 13 9 -3.873 -4.233 -1.444
SPIN 3 6 13 10 5.177 0.044 2.863
SPIN 3 6 13 11 3.969 -4.125 1.494
SPIN 3 6 13 12 -0.741 -1.224 -5.740
SPIN 3 6 13 13 2.624 5.302 -0.077
SPIN 3 6 13 14 -2.431 -4.560 2.880
SPIN 3 6 13 15 2.461 2.856 -4.559
SPIN 2 6 13 0 -5.860 0.151 0.796
SPIN 2 6 13 1 -2.394 -5.409 0.129
SPIN 2 6 13 2 2.964 5.069 -0.719
SPIN 2 6 13 3 -5.293 0.785 2.523
SPIN 2 6 13 4 2.217 -0.937 -5.404
SPIN 2 6 13 5 2.946 -2.989 4.170
SPIN 2 6 13 6 0.817 3.558 4.655
SPIN 2 6 13 7 -5.383 1.752 -1.718
SPIN 2 6 13 8 1.417 -5.678 -0.867
SPIN 2 6 13 9 -4.382 -3.856 -0.966
SPIN 2 6 13 10 -3.223 -4.690 1.616
SPIN 2 6 13 11 5.100 1.557 2.562
SPIN 2 6 13 12 -0.318 4.341 4.007
SPIN 2 6 13 13 -2.564 -3.856 3.682
SPIN 2 6 13 14 2.268 4.780 2.648
SPIN 2 6 13 15 4.330 -2.608 -3.074
SPIN 3 6 14 0 -3.243 1.450 4.731
SPIN 3 6 14 1 4.216 -0.409 -4.130
SPIN 3 6 14 2 -1.482 5.537 -1.466
SPIN 3 6 14 3 -5.525 -0.927 1.901
SPIN 3 6 14 4 2.323 3.940 3.752
SPIN 3 6 14 5 -3.609 0.400 4.670
SPIN 3 6 14 6 -1.776 1.291 5.493
SPIN 3 6 14 7 -4.796 -1.804 2.958
SPIN 3 6 14 8 1.418 5.677 0.871
SPIN 3 6 14 9 3.421 2.837 3.905
SPIN 3 6 14 10 -2.794 2.679 4.474
SPIN 3 6 14 11 -4.010 -4.272 -0.817
SPIN 3 6 14 12 0.242 5.876 0.642
SPIN 3 6 14 13 -2.434 -5.300 -0.993
SPIN 3 6 14 14 3.629 3.013 -3.572
SPIN 3 6 14 15 -2.642 -5.207 0.954
SPIN 2 6 14 0 3.124 -4.156 2.823
SPIN 2 6 14 1 1.849 5.512 1.093
SPIN 2 6 14 2 1.078 5.634 1.448
SPIN 2 6 14 3 -0.236 -5.516 -2.125
SPIN 2 6 14 4 -4.374 3.467 1.961
SPIN 2 6 14 5 -3.576 -3.345 -3.320
SPIN 2 6 14 6 -3.340 2.923 -3.911
SPIN 2 6 14 7 -1.393 4.125 -4.006
SPIN 2 6 14 8 -4.211 3.990 -1.161
SPIN 2 6 14 9 3.257 -1.495 -4.707
SPIN 2 6 14 10 -1.382 5.205 2.450
SPIN 2 6 14 11 -1.579 -4.240 3.811
SPIN 2 6 14 12 -1.398 0.828 -5.688
SPIN 2 6 14 13 -0.832 -5.675 -1.450
SPIN 2 6 14 14 5.652 0.921 1.487
SPIN 2 6 14 15 -2.691 0.478 -5.247
SPIN 3 6 15 0 5.002 -1.784 2.607
SPIN 3 6 15 1 -1.997 -1.926 -5.225
SPIN 3 6 15 2 1.091 5.727 1.006
SPIN 3 6 15 3 3.139 -5.004 0.327
SPIN 3 6 15 4 3.161 4.109 -2.851
SPIN 3 6 15 5 -0.782 -1.685 -5.617
SPIN 3 6 15 6 4.583 0.726 3.671
SPIN 3 6 15 7 -2.049 1.476 -5.350
SPIN 3 6 15 8 -2.632 -2.802 -4.497
SPIN 3 6 15 9 -4.992 1.613 2.734
SPIN 3 6 15 10 4.732 3.371 1.116
SPIN 3 6 15 11 -5.524 -0.850 -1.940
SPIN 3 6 15 12 1.566 -5.406 -1.822
SPIN 3 6 15 13 -3.155 1.425 -4.797
SPIN 3 6 15 14 -1.285 4.307 3.847
SPIN 3 6 15 15 0.530 4.960 -3.181
SPIN 2 6 15 0 2.758 5.232 0.125
SPIN 2 6 15 1 -4.514 -3.758 -0.709
SPIN 2 6 15 2 -5.106 -0.022 2.988
SPIN 2 6 15 3 2.151 5.444 0.860
SPIN 2 6 15 4 -5.327 -0.590 -2.504
SPIN 2 6 15 5 5.432 0.240 -2.332
SPIN 2 6 15 6 1.237 0.770 5.734
SPIN 2 6 15 7 -0.494 5.657 -1.659
SPIN 2 6 15 8 1.355 -1.010 5.670
SPIN 2 6 15 9 -3.482 -3.941 -2.711
SPIN 2 6 15 10 -1.348 -5.709 0.767
SPIN 2 6 15 11 -0.227 4.360 -3.993
SPIN 2 6 15 12 -2.071 -0.412 5.526
SPIN 2 6 15 13 1.944 -4.431 -3.405
SPIN 2 6 15 14 -1.755 -5.612 -0.648
SPIN 2 6 15 15 0.367 -1.885 5.596
SPIN 1 7 0 0 1.177 -4.908 -3.087
SPIN 1 7 0 1 0.634 -5.670 -1.564
SPIN 1 7 0 2 -2.920 4.298 2.829
SPIN 1 7 0 3 -1.111 -2.599 -5.197
SPIN 1 7 0 4 1.838 3.036 -4.733
SPIN 1 7 0 5 -0.993 -5.575 -1.712
SPIN 1 7 0 6 5.219 1.757 2.162
SPIN 1 7 0 7 -5.824 0.889 -0.539
SPIN 1 7 0 8 -2.663 -1.914 4.924
SPIN 1 7 0 9 -0.447 -4.821 -3.399
SPIN 1 7 0 10 -2.302 -1.036 5.350
SPIN 1 7 0 11 1.840 5.491 1.209
SPIN 1 7 0 12 -4.284 4.026 -0.662
SPIN 1 7 0 13 -3.753 1.396 -4.355
SPIN 1 7 0 14 1.894 -5.342 1.696
SPIN 1 7 0 15 -3.099 1.445 4.828
SPIN 4 7 0 0 -0.212 -2.408 5.400
SPIN 4 7 0 1 1.898 -2.232 -5.140
SPIN 4 7 0 2 3.868 0.515 -4.447
SPIN 4 7 0 3 4.901 -1.697 2.846
SPIN 4 7 0 4 -3.869 -1.607 -4.177
SPIN 4 7 0 5 3.397 -1.901 4.455
SPIN 4 7 0 6 1.987 5.493 0.937
SPIN 4 7 0 7 4.807 -3.409 -0.515
SPIN 4 7 0 8 2.771 2.520 4.580
SPIN 4 7 0 9 -4.256 -0.057 -4.109
SPIN 4 7 0 10 -0.026 -0.475 -5.897
SPIN 4 7 0 11 0.907 -2.610 5.231
SPIN 4 7 0 12 1.809 -2.030 5.254
SPIN 4 7 0 13 4.403 -2.959 -2.619
SPIN 4 7 0 14 4.023 -3.161 -2.971
SPIN 4 7 0 15 -5.062 2.910 -0.954
SPIN 1 7 1 0 -5.189 1.158 -2.595
SPIN 1 7 1 1 3.643 1.502 -4.413
SPIN 1 7 1 2 4.865 2.530 2.219
SPIN 1 7 1 3 -5.820 -0.951 0.477
SPIN 1 7 1 4 -0.659 2.787 -5.176
SPIN 1 7 1 5 -2.573 3.891 -3.638
SPIN 1 7 1 6 2.176 -5.315 -1.420
SPIN 1 7 1 7 2.595 4.282 -3.151
SPIN 1 7 1 8 4.499 -0.273 -3.832
SPIN 1 7 1 9 1.944 -5.384 1.492
SPIN 1 7 1 10 5.119 2.938 -0.409
SPIN 1 7 1 11 5.083 -2.993 0.447
SPIN 1 7 1 12 4.500 1.469 -3.548
SPIN 1 7 1 13 -0.460 1.123 5.790
SPIN 1 7 1 14 -5.665 -1.664 -0.379
SPIN 1 7 1 15 0.390 0.803 -5.848
SPIN 4 7 1 0 1.196 4.685 3.409
SPIN 4 7 1 1 -0.213 -3.820 -4.512
SPIN 4 7 1 2 3.863 3.985 -2.049
SPIN 4 7 1 3 -1.811 0.851 -5.568
SPIN 4 7 1 4 3.048 4.794 -1.652
SPIN 4 7 1 5 0.004 4.461 3.886
SPIN 4 7 1 6 4.689 -0.887 -3.497
SPIN 4 7 1 7 -3.837 3.627 2.669
SPIN 4 7 1 8 -1.908 -2.169 -5.163
SPIN 4 7 1 9 3.999 4.164 1.292
SPIN 4 7 1 10 -3.981 0.599 -4.335
SPIN 4 7 1 11 5.859 -0.340 -0.745
SPIN 4 7 1 12 4.198 2.310 3.470
SPIN 4 7 1 13 -0.464 -4.695 -3.570
SPIN 4 7 1 14 3.931 4.261 1.179
SPIN 4 7 1 15 -5.675 -0.512 1.592
SPIN 1 7 2 0 3.825 -1.240 -4.340
SPIN 1 7 2 1 -3.108 -2.332 -4.462
SPIN 1 7 2 2 0.938 -5.832 -0.329
SPIN 1 7 2 3 5.458 2.244 0.411
SPIN 1 7 2 4 3.598 -2.316 -4.085
SPIN 1 7 2 5 0.068 -2.605 5.311
SPIN 1 7 2 6 3.263 1.080 4.815
SPIN 1 7 2 7 4.256 -1.735 -3.725
SPIN 1 7 2 8 0.829 4.713 -3.479
SPIN 1 7 2 9 -4.606 1.243 -3.498
SPIN 1 7 2 10 -3.137 4.833 1.342
SPIN 1 7 2 11 -5.194 2.414 1.483
SPIN 1 7 2 12 -2.490 -3.563 -4.013
SPIN 1 7 2 13 4.942 3.223 -0.432
SPIN 1 7 2 14 -4.313 -3.849 1.259
SPIN 1 7 2 15 3.407 3.045 3.757
SPIN 4 7 2 0 -2.672 -4.997 1.702
SPIN 4 7 2 1 -3.710 3.325 3.191
SPIN 4 7 2 2 2.950 -3.923 3.302
SPIN 4 7 2 3 -3.546 3.736 -2.910
SPIN 4 7 2 4 2.130 -1.768 -5.228
SPIN 4 7 2 5 5.139 0.978 -2.763
SPIN 4 7 2 6 -5.221 0.939 -2.620
SPIN 4 7 2 7 -3.094 -4.988 -0.741
SPIN 4 7 2 8 5.006 3.077 0.691
SPIN 4 7 2 9 -4.714 -3.430 -1.007
SPIN 4 7 2 10 -0.583 -2.366 5.391
SPIN 4 7 2 11 -4.368 3.735 -1.402
SPIN 4 7 2 12 4.514 3.822 0.130
SPIN 4 7 2 13 -0.253 5.652 1.730
SPIN 4 7 2 14 5.126 -0.461 -2.918
SPIN 4 7 2 15 -4.828 -1.416 3.112
SPIN 1 7 3 0 2.187 4.557 3.074
SPIN 1 7 3 1 -2.473 -3.810 -3.791
SPIN 1 7 3 2 2.239 4.390 3.274
SPIN 1 7 3 3 -5.306 1.494 2.148
SPIN 1 7 3 4 -3.487 -1.550 4.521
SPIN 1 7 3 5 -1.510 5.522 1.492
SPIN 1 7 3 6 -1.016 5.820 -0.311
SPIN 1 7 3 7 -1.272 0.319 5.769
SPIN 1 7 3 8 4.834 -2.275 -2.540
SPIN 1 7 3 9 1.264 1.104 -5.673
SPIN 1 7 3 10 -4.187 -2.544 -3.316
SPIN 1 7 3 11 0.564 -0.069 -5.889
SPIN 1 7 3 12 4.128 0.629 -4.191
SPIN 1 7 3 13 -3.141 -4.614 1.962
SPIN 1 7 3 14 2.792 2.594 -4.525
SPIN 1 7 3 15 2.785 -5.177 -0.665
SPIN 4 7 3 0 3.806 0.288 -4.520
SPIN 4 7 3 1 -5.138 -2.806 -0.855
SPIN 4 7 3 2 3.148 4.996 0.358
SPIN 4 7 3 3 -1.259 -3.164 4.838
SPIN 4 7 3 4 2.764 4.916 1.788
SPIN 4 7 3 5 1.673 -4.737 3.124
SPIN 4 7 3 6 3.155 4.659 -1.829
SPIN 4 7 3 7 3.594 -3.957 -2.535
SPIN 4 7 3 8 -5.358 0.516 2.455
SPIN 4 7 3 9 3.406 -4.673 -1.251
SPIN 4 7 3 10 1.900 2.299 -5.109
SPIN 4 7 3 11 -5.718 1.314 -0.760
SPIN 4 7 3 12 -1.237 -5.649 1.246
SPIN 4 7 3 13 -0.954 -0.976 5.757
SPIN 4 7 3 14 -4.229 4.123 0.343
SPIN 4 7 3 15 -1.089 1.108 5.708
SPIN 1 7 4 0 1.044 -3.759 -4.447
SPIN 1 7 4 1 1.790 -2.025 5.262
SPIN 1 7 4 2 5.367 -0.899 -2.320
SPIN 1 7 4 3 5.346 0.524 -2.480
SPIN 1 7 4 4 -1.606 4.734 -3.163
SPIN 1 7 4 5 3.618 -2.781 -3.765
SPIN 1 7 4 6 -0.320 -4.543 -3.777
SPIN 1 7 4 7 5.809 1.052 0.384
SPIN 1 7 4 8 0.710 -0.780 5.821
SPIN 1 7 4 9 4.447 0.723 -3.835
SPIN 1 7 4 10 -5.092 2.188 2.069
SPIN 1 7 4 11 1.326 5.198 -2.494
SPIN 1 7 4 12 2.220 3.746 4.005
SPIN 1 7 4 13 -5.146 -2.277 -1.828
SPIN 1 7 4 14 -0.993 0.191 5.829
SPIN 1 7 4 15 0.278 4.298 -4.056
SPIN 4 7 4 0 -2.885 -4.537 2.468
SPIN 4 7 4 1 -5.388 2.325 0.753
SPIN 4 7 4 2 2.960 -4.575 2.303
SPIN 4 7 4 3 0.465 1.881 5.590
SPIN 4 7 4 4 -0.197 2.139 5.512
SPIN 4 7 4 5 1.888 1.152 -5.487
SPIN 4 7 4 6 -3.712 2.079 4.111
SPIN 4 7 4 7 2.639 -3.921 -3.558
SPIN 4 7 4 8 4.654 -2.443 2.715
SPIN 4 7 4 9 5.046 -2.699 1.499
SPIN 4 7 4 10 -2.105 -5.516 0.378
SPIN 4 7 4 11 -2.588 1.978 4.939
SPIN 4 7 4 12 -0.842 0.644 -5.820
SPIN 4 7 4 13 1.684 0.491 5.650
SPIN 4 7 4 14 1.634 -5.383 -1.830
SPIN 4 7 4 15 -1.672 -2.824 -4.922
SPIN 1 7 5 0 -1.535 -2.088 5.319
SPIN 1 7 5 1 4.292 -1.313 3.854
SPIN 1 7 5 2 -4.361 -3.993 0.194
SPIN 1 7 5 3 5.865 -0.073 -0.774
SPIN 1 7 5 4 -4.469 -3.771 -0.898
SPIN 1 7 5 5 -4.763 1.706 3.067
SPIN 1 7 5 6 -3.520 2.408 4.101
SPIN 1 7 5 7 0.295 3.968 4.378
SPIN 1 7 5 8 4.732 0.878 -3.441
SPIN 1 7 5 9 -4.183 -4.065 0.988
SPIN 1 7 5 10 5.705 1.562 -0.130
SPIN 1 7 5 11 2.545 5.059 1.710
SPIN 1 7 5 12 2.806 3.965 -3.378
SPIN 1 7 5 13 -3.559 -1.955 -4.303
SPIN 1 7 5 14 1.419 5.681 -0.846
SPIN 1 7 5 15 -5.855 -0.816 -0.230
SPIN 4 7 5 0 3.860 4.404 0.837
SPIN 4 7 5 1 -5.882 -0.234 0.586
SPIN 4 7 5 2 0.868 4.799 -3.349
SPIN 4 7 5 3 3.850 -4.463 0.508
SPIN 4 7 5 4 3.988 2.452 -3.617
SPIN 4 7 5 5 -3.912 3.306 2.960
SPIN 4 7 5 6 2.123 -5.236 -1.756
SPIN 4 7 5 7 4.814 3.338 0.824
SPIN 4 7 5 8 1.160 5.713 1.006
SPIN 4 7 5 9 -1.741 2.545 -5.049
SPIN 4 7 5 10 0.249 5.703 1.555
SPIN 4 7 5 11 -2.642 -5.223 0.862
SPIN 4 7 5 12 4.703 -3.044 1.902
SPIN 4 7 5 13 -1.075 -0.803 -5.762
SPIN 4 7 5 14 -1.080 -5.816 -0.112
SPIN 4 7 5 15 -3.340 3.992 2.813
SPIN 1 7 6 0 -2.001 3.455 -4.365
SPIN 1 7 6 1 1.295 4.259 -3.897
SPIN 1 7 6 2 -0.174 -2.210 5.485
SPIN 1 7 6 3 2.095 -0.523 5.508
SPIN 1 7 6 4 -3.722 -3.805 2.583
SPIN 1 7 6 5 -3.190 3.288 -3.743
SPIN 1 7 6 6 -2.101 -0.986 -5.442
SPIN 1 7 6 7 -2.223 0.482 -5.461
SPIN 1 7 6 8 -2.226 -5.375 1.073
SPIN 1 7 6 9 -0.210 5.074 3.035
SPIN 1 7 6 10 -1.042 -5.177 2.668
SPIN 1 7 6 11 -5.041 -2.578 1.715
SPIN 1 7 6 12 -2.357 1.146 -5.304
SPIN 1 7 6 13 5.350 -2.176 -1.279
SPIN 1 7 6 14 2.072 5.437 -1.070
SPIN 1 7 6 15 1.212 -4.903 -3.081
SPIN 4 7 6 0 -1.769 -2.947 4.815
SPIN 4 7 6 1 -0.886 -5.171 -2.734
SPIN 4 7 6 2 4.662 3.567 -0.734
SPIN 4 7 6 3 3.593 -2.006 -4.251
SPIN 4 7 6 4 -2.403 -4.822 -2.444
SPIN 4 7 6 5 0.845 5.298 -2.494
SPIN 4 7 6 6 5.769 1.186 -0.557
SPIN 4 7 6 7 -0.145 4.933 -3.263
SPIN 4 7 6 8 0.803 -5.309 -2.485
SPIN 4 7 6 9 4.195 2.773 -3.116
SPIN 4 7 6 10 -2.883 3.264 -4.005
SPIN 4 7 6 11 2.230 -3.607 4.125
SPIN 4 7 6 12 -0.425 5.679 1.602
SPIN 4 7 6 13 1.262 -2.290 5.307
SPIN 4 7 6 14 -0.936 4.966 3.076
SPIN 4 7 6 15 3.036 -4.828 1.573
SPIN 1 7 7 0 1.691 5.297 2.021
SPIN 1 7 7 1 3.854 -3.465 2.853
SPIN 1 7 7 2 -0.961 2.008 5.481
SPIN 1 7 7 3 -2.307 -4.675 2.797
SPIN 1 7 7 4 -0.077 5.834 -0.979
SPIN 1 7 7 5 3.170 -3.075 3.936
SPIN 1 7 7 6 -1.506 -5.413 -1.852
SPIN 1 7 7 7 1.734 -0.303 5.648
SPIN 1 7 7 8 -1.364 4.788 -3.196
SPIN 1 7 7 9 -0.949 -5.508 -1.938
SPIN 1 7 7 10 1.718 4.364 -3.606
SPIN 1 7 7 11 2.979 -5.107 -0.208
SPIN 1 7 7 12 0.911 5.796 0.762
SPIN 1 7 7 13 -3.627 -3.643 2.928
SPIN 1 7 7 14 2.686 -0.953 -5.184
SPIN 1 7 7 15 -4.545 -3.558 1.298
SPIN 4 7 7 0 -3.084 -3.823 -3.298
SPIN 4 7 7 1 -3.987 4.318 -0.676
SPIN 4 7 7 2 3.052 5.062 0.253
SPIN 4 7 7 3 -3.897 -4.122 -1.680
SPIN 4 7 7 4 -3.907 -1.515 -4.176
SPIN 4 7 7 5 -0.884 0.730 5.804
SPIN 4 7 7 6 3.556 1.653 -4.430
SPIN 4 7 7 7 -4.293 -2.861 -2.897
SPIN 4 7 7 8 -0.730 5.776 -1.053
SPIN 4 7 7 9 -2.420 2.181 -4.938
SPIN 4 7 7 10 -0.462 5.745 -1.334
SPIN 4 7 7 11 3.590 -4.470 1.461
SPIN 4 7 7 12 -5.500 -1.520 -1.563
SPIN 4 7 7 13 5.549 1.804 0.975
SPIN 4 7 7 14 4.709 -3.543 0.527
SPIN 4 7 7 15 -2.812 3.025 -4.236
SPIN 1 7 8 0 -3.525 -2.852 3.800
SPIN 1 7 8 1 -3.335 4.229 -2.448
SPIN 1 7 8 2 4.151 -3.693 2.033
SPIN 1 7 8 3 5.109 -1.614 -2.508
SPIN 1 7 8 4 -3.993 -3.841 2.074
SPIN 1 7 8 5 1.340 -5.301 -2.260
SPIN 1 7 8 6 -5.004 -1.834 2.568
SPIN 1 7 8 7 4.737 3.401 0.995
SPIN 1 7 8 8 2.368 -2.340 -4.890
SPIN 1 7 8 9 -1.672 1.005 5.585
SPIN 1 7 8 10 4.490 2.730 -2.718
SPIN 1 7 8 11 -3.403 4.802 -0.599
SPIN 1 7 8 12 4.002 3.762 -2.199
SPIN 1 7 8 13 -2.726 -0.503 -5.226
SPIN 1 7 8 14 -5.459 0.332 -2.255
SPIN 1 7 8 15 2.920 3.979 3.262
SPIN 4 7 8 0 1.610 -0.596 -5.661
SPIN 4 7 8 1 0.029 5.420 2.371
SPIN 4 7 8 2 -0.198 -0.091 -5.912
SPIN 4 7 8 3 -3.078 4.665 1.939
SPIN 4 7 8 4 5.812 0.986 0.505
SPIN 4 7 8 5 -3.875 -4.390 0.840
SPIN 4 7 8 6 -0.783 4.763 3.420
SPIN 4 7 8 7 -5.022 2.321 2.095
SPIN 4 7 8 8 4.961 0.212 -3.216
SPIN 4 7 8 9 -2.726 5.249 0.131
SPIN 4 7 8 10 0.067 -5.850 -0.877
SPIN 4 7 8 11 0.224 4.514 3.818
SPIN 4 7 8 12 0.124 5.479 -2.229
SPIN 4 7 8 13 4.984 3.064 -0.874
SPIN 4 7 8 14 -4.053 3.992 1.623
SPIN 4 7 8 15 4.710 -2.541 2.522
SPIN 1 7 9 0 2.017 5.558 -0.203
SPIN 1 7 9 1 -3.683 -0.492 -4.603
SPIN 1 7 9 2 3.013 4.152 2.947
SPIN 1 7 9 3 -1.541 -3.876 -4.195
SPIN 1 7 9 4 -2.404 0.884 5.333
SPIN 1 7 9 5 -0.573 5.420 -2.300
SPIN 1 7 9 6 5.413 0.601 2.311
SPIN 1 7 9 7 1.884 -2.592 -4.973
SPIN 1 7 9 8 -0.785 -5.855 0.322
SPIN 1 7 9 9 -3.486 -2.438 -4.112
SPIN 1 7 9 10 -5.551 0.032 2.046
SPIN 1 7 9 11 4.661 -3.040 2.008
SPIN 1 7 9 12 -4.620 1.608 -3.327
SPIN 1 7 9 13 -0.765 -2.823 5.142
SPIN 1 7 9 14 2.571 5.091 -1.573
SPIN 1 7 9 15 -1.341 4.940 2.966
SPIN 4 7 9 0 -3.830 2.504 3.750
SPIN 4 7 9 1 4.735 -3.167 1.596
SPIN 4 7 9 2 5.200 -0.982 -2.646
SPIN 4 7 9 3 1.634 -3.234 -4.677
SPIN 4 7 9 4 4.012 4.156 1.275
SPIN 4 7 9 5 -4.946 -2.463 -2.114
SPIN 4 7 9 6 -5.882 0.339 0.540
SPIN 4 7 9 7 3.107 -0.004 5.034
SPIN 4 7 9 8 -3.541 -2.261 4.166
SPIN 4 7 9 9 -0.539 4.625 -3.650
SPIN 4 7 9 10 -1.376 4.620 3.430
SPIN 4 7 9 11 -1.913 1.487 -5.397
SPIN 4 7 9 12 -0.228 4.154 -4.206
SPIN 4 7 9 13 -0.678 -2.769 5.184
SPIN 4 7 9 14 5.261 2.667 0.456
SPIN 4 7 9 15 -0.795 3.403 -4.774
SPIN 1 7 10 0 -5.308 -2.406 1.018
SPIN 1 7 10 1 -5.068 -0.007 -3.053
SPIN 1 7 10 2 -3.860 -2.003 -4.010
SPIN 1 7 10 3 1.921 5.495 1.056
SPIN 1 7 10 4 -1.865 -1.513 5.407
SPIN 1 7 10 5 0.675 -5.324 -2.490
SPIN 1 7 10 6 0.681 -3.039 5.030
SPIN 1 7 10 7 -5.907 0.157 0.290
SPIN 1 7 10 8 4.794 -1.413 -3.166
SPIN 1 7 10 9 -2.871 -2.359 -4.604
SPIN 1 7 10 10 -3.638 -2.752 -3.767
SPIN 1 7 10 11 1.803 -4.157 3.804
SPIN 1 7 10 12 3.467 -0.145 4.791
SPIN 1 7 10 13 2.289 -2.994 -4.560
SPIN 1 7 10 14 1.193 -4.488 3.666
SPIN 1 7 10 15 -2.826 -0.748 5.143
SPIN 4 7 10 0 0.543 5.364 -2.435
SPIN 4 7 10 1 3.620 3.760 2.784
SPIN 4 7 10 2 3.665 3.883 2.547
SPIN 4 7 10 3 -4.333 1.599 -3.697
SPIN 4 7 10 4 5.063 3.035 -0.403
SPIN 4 7 10 5 3.522 3.756 -2.914
SPIN 4 7 10 6 -5.518 1.782 -1.171
SPIN 4 7 10 7 3.377 -4.738 1.072
SPIN 4 7 10 8 5.713 -0.756 1.337
SPIN 4 7 10 9 0.704 -2.719 5.207
SPIN 4 7 10 10 2.911 0.348 5.138
SPIN 4 7 10 11 -4.899 2.666 -1.974
SPIN 4 7 10 12 2.854 2.757 4.388
SPIN 4 7 10 13 -1.949 -4.209 -3.673
SPIN 4 7 10 14 -3.387 -3.556 -3.300
SPIN 4 7 10 15 4.769 2.474 -2.478
SPIN 1 7 11 0 4.210 -1.537 3.861
SPIN 1 7 11 1 -0.729 4.719 -3.492
SPIN 1 7 11 2 3.029 -3.066 4.053
SPIN 1 7 11 3 -1.237 -5.361 -2.174
SPIN 1 7 11 4 3.581 -1.637 4.416
SPIN 1 7 11 5 -0.349 1.136 -5.795
SPIN 1 7 11 6 -4.709 3.534 0.580
SPIN 1 7 11 7 5.130 -2.888 -0.585
SPIN 1 7 11 8 0.165 -5.772 -1.286
SPIN 1 7 11 9 -3.884 0.161 -4.460
SPIN 1 7 11 10 3.646 -4.585 -0.823
SPIN 1 7 11 11 -4.904 -3.086 1.195
SPIN 1 7 11 12 -4.709 -3.503 -0.742
SPIN 1 7 11 13 2.933 -2.402 -4.542
SPIN 1 7 11 14 -1.795 3.988 3.984
SPIN 1 7 11 15 4.425 -0.034 3.927
SPIN 4 7 11 0 2.306 4.104 3.584
SPIN 4 7 11 1 4.852 -2.862 -1.807
SPIN 4 7 11 2 1.668 -2.801 4.937
SPIN 4 7 11 3 3.733 0.115 4.588
SPIN 4 7 11 4 -2.818 0.149 -5.200
SPIN 4 7 11 5 -3.877 3.876 2.224
SPIN 4 7 11 6 5.150 0.823 2.792
SPIN 4 7 11 7 -0.742 5.757 1.143
SPIN 4 7 11 8 -2.673 5.145 1.176
SPIN 4 7 11 9 5.156 1.688 -2.360
SPIN 4 7 11 10 -5.599 0.550 1.830
SPIN 4 7 11 11 3.734 -1.101 -4.454
SPIN 4 7 11 12 3.710 1.045 -4.488
SPIN 4 7 11 13 3.065 3.866 3.265
SPIN 4 7 11 14 5.296 -0.221 2.628
SPIN 4 7 11 15 -4.576 0.510 -3.714
SPIN 1 7 12 0 -0.911 2.502 -5.283
SPIN 1 7 12 1 -5.373 2.289 -0.948
SPIN 1 7 12 2 -5.495 -1.154 1.863
SPIN 1 7 12 3 -4.194 2.512 3.332
SPIN 1 7 12 4 3.016 -4.114 -2.996
SPIN 1 7 12 5 3.983 4.374 0.056
SPIN 1 7 12 6 0.893 -5.768 0.967
SPIN 1 7 12 7 -1.639 -5.347 1.929
SPIN 1 7 12 8 3.743 4.069 -2.105
SPIN 1 7 12 9 0.396 -3.057 5.050
SPIN 1 7 12 10 2.264 3.185 -4.442
SPIN 1 7 12 11 -0.046 -5.713 -1.536
SPIN 1 7 12 12 4.744 2.538 -2.460
SPIN 1 7 12 13 -4.053 -4.024 -1.543
SPIN 1 7 12 14 -1.355 5.620 -1.258
SPIN 1 7 12 15 -1.218 0.303 5.782
SPIN 4 7 12 0 -4.945 -1.318 2.968
SPIN 4 7 12 1 1.024 -2.638 5.195
SPIN 4 7 12 2 -2.976 2.549 -4.432
SPIN 4 7 12 3 -1.855 -5.539 -0.935
SPIN 4 7 12 4 -2.454 5.350 -0.597
SPIN 4 7 12 5 2.392 4.983 -2.108
SPIN 4 7 12 6 -5.592 1.925 -0.155
SPIN 4 7 12 7 2.822 -4.306 2.914
SPIN 4 7 12 8 -2.190 -4.928 2.434
SPIN 4 7 12 9 -3.514 0.591 4.722
SPIN 4 7 12 10 -4.688 -2.475 2.627
SPIN 4 7 12 11 -0.713 -3.792 -4.485
SPIN 4 7 12 12 -0.582 5.687 1.522
SPIN 4 7 12 13 1.814 -4.409 -3.503
SPIN 4 7 12 14 -4.103 1.879 -3.826
SPIN 4 7 12 15 1.209 -3.282 -4.771
SPIN 1 7 13 0 4.752 2.474 2.509
SPIN 1 7 13 1 3.168 -4.752 1.543
SPIN 1 7 13 2 -1.872 -5.189 -2.139
SPIN 1 7 13 3 -0.360 -5.717 -1.477
SPIN 1 7 13 4 -1.083 2.213 5.378
SPIN 1 7 13 5 -0.768 -5.844 -0.505
SPIN 1 7 13 6 1.974 -5.104 2.248
SPIN 1 7 13 7 -2.131 5.257 1.680
SPIN 1 7 13 8 1.607 -3.658 4.363
SPIN 1 7 13 9 -1.513 2.635 -5.076
SPIN 1 7 13 10 2.929 4.402 2.653
SPIN 1 7 13 11 -3.205 -3.123 -3.869
SPIN 1 7 13 12 -5.412 -1.838 -1.526
SPIN 1 7 13 13 5.652 0.957 -1.464
SPIN 1 7 13 14 -2.605 -0.235 5.306
SPIN 1 7 13 15 -1.285 4.253 3.907
SPIN 4 7 13 0 2.709 2.672 -4.530
SPIN 4 7 13 1 -2.011 4.448 3.343
SPIN 4 7 13 2 1.966 2.675 4.897
SPIN 4 7 13 3 -2.644 -0.202 -5.289
SPIN 4 7 13 4 0.881 3.928 4.336
SPIN 4 7 13 5 5.563 1.999 0.233
SPIN 4 7 13 6 3.611 2.541 -3.937
SPIN 4 7 13 7 2.930 3.091 -4.106
SPIN 4 7 13 8 -3.991 -1.198 -4.200
SPIN 4 7 13 9 5.364 1.019 2.278
SPIN 4 7 13 10 -4.489 -3.302 -1.988
SPIN 4 7 13 11 4.451 -3.882 0.344
SPIN 4 7 13 12 -1.803 0.817 5.575
SPIN 4 7 13 13 2.293 -5.214 -1.600
SPIN 4 7 13 14 1.848 -3.080 4.701
SPIN 4 7 13 15 3.060 -4.506 2.308
SPIN 1 7 14 0 -4.290 -3.450 -2.167
SPIN 1 7 14 1 3.277 4.095 -2.737
SPIN 1 7 14 2 -0.452 5.229 2.729
SPIN 1 7 14 3 -0.103 -3.553 4.730
SPIN 1 7 14 4 3.340 -4.075 2.690
SPIN 1 7 14 5 -3.811 2.790 -3.563
SPIN 1 7 14 6 4.261 -3.452 -2.220
SPIN 1 7 14 7 1.205 1.845 5.490
SPIN 1 7 14 8 4.946 2.832 1.586
SPIN 1 7 14 9 -4.218 -3.225 2.609
SPIN 1 7 14 10 -0.915 -0.104 -5.844
SPIN 1 7 14 11 -0.298 -3.664 4.635
SPIN 1 7 14 12 5.805 -0.878 0.730
SPIN 1 7 14 13 -1.653 -4.907 2.861
SPIN 1 7 14 14 0.739 -4.648 -3.585
SPIN 1 7 14 15 -0.836 5.434 -2.184
SPIN 4 7 14 0 2.476 -0.844 5.306
SPIN 4 7 14 1 -3.255 -2.523 -4.247
SPIN 4 7 14 2 4.301 -2.991 2.749
SPIN 4 7 14 3 -2.066 4.089 -3.744
SPIN 4 7 14 4 -3.692 -2.190 4.071
SPIN 4 7 14 5 -3.752 -2.168 4.028
SPIN 4 7 14 6 5.887 0.532 -0.248
SPIN 4 7 14 7 -3.759 -1.311 -4.376
SPIN 4 7 14 8 5.865 -0.163 0.760
SPIN 4 7 14 9 -3.171 0.013 -4.995
SPIN 4 7 14 10 -5.741 -1.398 -0.288
SPIN 4 7 14 11 3.963 0.617 -4.349
SPIN 4 7 14 12 -1.290 5.719 0.795
SPIN 4 7 14 13 1.313 3.018 4.916
SPIN 4 7 14 14 -5.010 -2.655 1.687
SPIN 4 7 14 15 2.547 0.953 -5.254
SPIN 1 7 15 0 -0.816 -3.789 4.470
SPIN 1 7 15 1 -2.390 3.994 -3.652
SPIN 1 7 15 2 4.951 -2.777 -1.664
SPIN 1 7 15 3 -5.801 0.487 -1.053
SPIN 1 7 15 4 -5.197 -2.542 -1.238
SPIN 1 7 15 5 3.345 4.779 -0.987
SPIN 1 7 15 6 -1.694 -2.480 5.097
SPIN 1 7 15 7 4.563 1.472 3.466
SPIN 1 7 15 8 -2.535 -4.924 2.081
SPIN 1 7 15 9 3.982 4.098 1.533
SPIN 1 7 15 10 -0.016 5.526 2.112
SPIN 1 7 15 11 4.905 -2.878 -1.631
SPIN 1 7 15 12 -2.625 -5.298 0.190
SPIN 1 7 15 13 -0.852 4.791 3.365
SPIN 1 7 15 14 3.545 4.479 -1.541
SPIN 1 7 15 15 2.886 -2.193 4.676
SPIN 4 7 15 0 -1.189 -0.090 -5.795
SPIN 4 7 15 1 3.551 2.598 3.955
SPIN 4 7 15 2 -2.966 5.090 -0.543
SPIN 4 7 15 3 5.437 1.871 -1.391
SPIN 4 7 15 4 4.437 -0.140 3.910
SPIN 4 7 15 5 3.963 2.005 -3.909
SPIN 4 7 15 6 -0.479 -4.839 -3.370
SPIN 4 7 15 7 3.258 0.460 4.917
SPIN 4 7 15 8 -1.352 -0.348 -5.749
SPIN 4 7 15 9 2.835 -2.153 4.725
SPIN 4 7 15 10 5.428 1.199 -2.023
SPIN 4 7 15 11 -5.722 1.457 0.361
SPIN 4 7 15 12 -5.802 -1.148 0.144
SPIN 4 7 15 13 0.203 -4.871 -3.352
SPIN 4 7 15 14 -0.535 5.813 -0.963
SPIN 4 7 15 15 0.510 -3.966 4.360
SPIN 3 7 0 0 5.834 -0.358 0.916
SPIN 3 7 0 1 -2.530 4.499 -2.891
SPIN 3 7 0 2 5.033 -1.377 2.787
SPIN 3 7 0 3 -4.763 -0.615 3.455
SPIN 3 7 0 4 -2.204 -5.476 -0.396
SPIN 3 7 0 5 -1.265 -2.152 5.364
SPIN 3 7 0 6 4.765 -3.497 -0.269
SPIN 3 7 0 7 -3.425 4.115 -2.516
SPIN 3 7 0 8 -1.943 -0.537 5.562
SPIN 3 7 0 9 -2.190 -2.511 4.889
SPIN 3 7 0 10 -5.114 -2.214 1.987
SPIN 3 7 0 11 -1.497 -4.661 3.322
SPIN 3 7 0 12 -1.793 -4.282 3.668
SPIN 3 7 0 13 -5.186 2.328 1.637
SPIN 3 7 0 14 0.047 2.071 -5.542
SPIN 3 7 0 15 -5.166 2.872 0.248
SPIN 2 7 0 0 3.788 -3.320 -3.102
SPIN 2 7 0 1 -0.215 5.867 -0.730
SPIN 2 7 0 2 1.908 -5.594 -0.265
SPIN 2 7 0 3 2.505 -1.869 -5.023
SPIN 2 7 0 4 -0.676 5.528 1.996
SPIN 2 7 0 5 4.392 3.824 -1.043
SPIN 2 7 0 6 -0.308 2.672 -5.269
SPIN 2 7 0 7 -2.495 -4.124 3.430
SPIN 2 7 0 8 -1.370 5.357 -2.105
SPIN 2 7 0 9 -5.867 0.669 -0.361
SPIN 2 7 0 10 -3.578 4.033 -2.436
SPIN 2 7 0 11 3.144 2.523 4.330
SPIN 2 7 0 12 -1.299 -1.208 -5.644
SPIN 2 7 0 13 -1.832 1.673 -5.371
SPIN 2 7 0 14 -0.831 5.281 -2.534
SPIN 2 7 0 15 -0.721 -2.227 5.433
SPIN 3 7 1 0 -4.382 3.318 -2.187
SPIN 3 7 1 1 -0.894 -1.570 5.634
SPIN 3 7 1 2 2.323 5.441 -0.024
SPIN 3 7 1 3 1.141 -3.251 -4.810
SPIN 3 7 1 4 -3.570 1.446 4.491
SPIN 3 7 1 5 1.601 4.362 -3.662
SPIN 3 7 1 6 -4.776 2.986 -1.811
SPIN 3 7 1 7 2.284 -5.330 1.172
SPIN 3 7 1 8 -4.364 3.985 0.276
SPIN 3 7 1 9 -2.526 -4.053 3.492
SPIN 3 7 1 10 2.657 2.018 4.885
SPIN 3 7 1 11 2.916 -4.888 1.613
SPIN 3 7 1 12 4.095 -1.894 -3.827
SPIN 3 7 1 13 -2.424 5.315 -0.937
SPIN 3 7 1 14 2.017 -5.228 1.897
SPIN 3 7 1 15 4.986 1.771 -2.647
SPIN 2 7 1 0 -4.701 2.324 2.739
SPIN 2 7 1 1 -3.399 -2.300 4.261
SPIN 2 7 1 2 0.860 5.780 0.924
SPIN 2 7 1 3 2.963 4.511 -2.423
SPIN 2 7 1 4 0.325 -5.640 1.758
SPIN 2 7 1 5 2.444 -5.378 -0.319
SPIN 2 7 1 6 0.142 -5.892 -0.515
SPIN 2 7 1 7 -4.350 3.814 -1.235
SPIN 2 7 1 8 4.017 -4.225 1.007
SPIN 2 7 1 9 -1.150 5.709 1.043
SPIN 2 7 1 10 0.587 -1.601 5.665
SPIN 2 7 1 11 5.268 -2.026 -1.773
SPIN 2 7 1 12 -0.770 -0.619 5.833
SPIN 2 7 1 13 3.358 1.495 -4.636
SPIN 2 7 1 14 -4.673 3.623 0.189
SPIN 2 7 1 15 -2.082 -0.362 -5.526
SPIN 3 7 2 0 0.027 4.195 -4.172
SPIN 3 7 2 1 3.443 -4.667 -1.167
SPIN 3 7 2 2 0.586 4.754 3.473
SPIN 3 7 2 3 -5.526 0.501 2.053
SPIN 3 7 2 4 -2.966 -3.936 -3.273
SPIN 3 7 2 5 -5.511 -0.461 2.100
SPIN 3 7 2 6 0.861 3.432 -4.741
SPIN 3 7 2 7 4.995 0.612 3.110
SPIN 3 7 2 8 0.419 0.550 -5.876
SPIN 3 7 2 9 2.169 -1.857 -5.181
SPIN 3 7 2 10 -1.454 0.169 -5.732
SPIN 3 7 2 11 2.495 5.011 -1.913
SPIN 3 7 2 12 0.980 -4.553 3.649
SPIN 3 7 2 13 2.853 -5.182 -0.074
SPIN 3 7 2 14 -2.967 1.418 -4.918
SPIN 3 7 2 15 4.696 -2.844 2.205
SPIN 2 7 2 0 0.063 -4.241 -4.125
SPIN 2 7 2 1 4.412 -3.891 0.630
SPIN 2 7 2 2 -4.765 2.490 2.468
SPIN 2 7 2 3 -2.678 -2.737 4.510
SPIN 2 7 2 4 -2.848 3.636 -3.697
SPIN 2 7 2 5 4.008 -3.987 1.743
SPIN 2 7 2 6 -3.400 -4.840 -0.088
SPIN 2 7 2 7 -4.682 3.616 0.079
SPIN 2 7 2 8 -0.450 2.048 5.532
SPIN 2 7 2 9 -2.630 2.485 -4.680
SPIN 2 7 2 10 -1.730 -4.414 3.539
SPIN 2 7 2 11 3.644 3.306 -3.285
SPIN 2 7 2 12 3.696 -1.930 -4.197
SPIN 2 7 2 13 -1.648 3.826 4.201
SPIN 2 7 2 14 -3.440 4.567 -1.518
SPIN 2 7 2 15 -1.722 5.660 -0.023
SPIN 3 7 3 0 -1.165 -1.145 5.686
SPIN 3 7 3 1 0.055 4.084 -4.280
SPIN 3 7 3 2 4.205 -4.155 0.225
SPIN 3 7 3 3 0.421 5.554 -1.993
SPIN 3 7 3 4 -2.616 -1.806 4.990
SPIN 3 7 3 5 -4.851 2.962 -1.642
SPIN 3 7 3 6 3.570 -0.740 -4.659
SPIN 3 7 3 7 -1.796 2.199 5.191
SPIN 3 7 3 8 -1.494 -4.768 -3.167
SPIN 3 7 3 9 0.448 -0.250 5.894
SPIN 3 7 3 10 2.454 5.347 -0.620
SPIN 3 7 3 11 -3.125 -3.109 -3.946
SPIN 3 7 3 12 -2.548 3.881 -3.667
SPIN 3 7 3 13 -1.273 -4.169 -4.000
SPIN 3 7 3 14 -0.955 -4.352 3.892
SPIN 3 7 3 15 4.945 2.200 -2.389
SPIN 2 7 3 0 5.874 0.253 -0.653
SPIN 2 7 3 1 -4.598 -0.131 -3.720
SPIN 2 7 3 2 0.663 -4.191 4.122
SPIN 2 7 3 3 0.335 -4.231 -4.122
SPIN 2 7 3 4 0.193 -5.586 -1.938
SPIN 2 7 3 5 -5.454 2.117 -0.877
SPIN 2 7 3 6 4.837 -0.728 3.327
SPIN 2 7 3 7 -0.438 -2.566 5.313
SPIN 2 7 3 8 0.545 4.584 -3.700
SPIN 2 7 3 9 3.988 -4.162 -1.330
SPIN 2 7 3 10 -3.642 3.902 2.551
SPIN 2 7 3 11 -1.415 2.665 -5.089
SPIN 2 7 3 12 0.677 0.055 5.877
SPIN 2 7 3 13 -3.069 5.058 -0.020
SPIN 2 7 3 14 2.896 3.475 -3.813
SPIN 2 7 3 15 0.864 -2.101 5.462
SPIN 3 7 4 0 -0.123 -3.278 -4.923
SPIN 3 7 4 1 -5.768 0.486 1.225
SPIN 3 7 4 2 3.571 4.453 -1.556
SPIN 3 7 4 3 -1.765 -4.795 2.982
SPIN 3 7 4 4 3.868 -3.221 3.108
SPIN 3 7 4 5 4.705 1.336 -3.328
SPIN 3 7 4 6 -2.262 -0.264 5.460
SPIN 3 7 4 7 -2.698 4.261 -3.093
SPIN 3 7 4 8 4.858 -2.500 2.269
SPIN 3 7 4 9 3.471 4.489 -1.674
SPIN 3 7 4 10 -1.672 -4.236 -3.776
SPIN 3 7 4 11 -3.898 -4.002 -1.945
SPIN 3 7 4 12 -2.805 -4.565 2.509
SPIN 3 7 4 13 -1.103 -3.336 -4.760
SPIN 3 7 4 14 -2.773 4.109 3.229
SPIN 3 7 4 15 -2.016 5.470 1.009
SPIN 2 7 4 0 2.514 5.288 -0.846
SPIN 2 7 4 1 -3.160 4.521 2.138
SPIN 2 7 4 2 4.243 -0.098 -4.122
SPIN 2 7 4 3 -5.341 -2.529 -0.279
SPIN 2 7 4 4 3.421 2.111 4.341
SPIN 2 7 4 5 5.084 -3.024 0.084
SPIN 2 7 4 6 -0.102 -1.415 -5.743
SPIN 2 7 4 7 4.619 -1.632 -3.317
SPIN 2 7 4 8 -1.186 5.415 -2.068
SPIN 2 7 4 9 -0.154 -3.677 4.632
SPIN 2 7 4 10 4.628 -3.155 -1.905
SPIN 2 7 4 11 3.529 3.033 3.653
SPIN 2 7 4 12 -4.956 3.208 0.392
SPIN 2 7 4 13 4.884 -1.710 2.867
SPIN 2 7 4 14 -5.079 -2.712 1.359
SPIN 2 7 4 15 0.409 -0.482 -5.882
SPIN 3 7 5 0 4.478 -3.683 -1.175
SPIN 3 7 5 1 -2.015 4.233 3.609
SPIN 3 7 5 2 0.891 5.769 0.962
SPIN 3 7 5 3 3.957 -3.388 2.804
SPIN 3 7 5 4 -0.971 4.023 -4.227
SPIN 3 7 5 5 -1.983 4.437 3.373
SPIN 3 7 5 6 5.205 -0.355 2.789
SPIN 3 7 5 7 -4.611 1.030 3.560
SPIN 3 7 5 8 -1.962 5.579 -0.168
SPIN 3 7 5 9 -4.533 -1.496 -3.495
SPIN 3 7 5 10 -2.069 4.568 3.138
SPIN 3 7 5 11 -1.215 -0.035 -5.790
SPIN 3 7 5 12 1.459 4.173 3.932
SPIN 3 7 5 13 -0.115 -3.583 -4.706
SPIN 3 7 5 14 -0.721 3.732 -4.533
SPIN 3 7 5 15 -1.709 -5.610 -0.776
SPIN 2 7 5 0 -0.942 2.935 -5.050
SPIN 2 7 5 1 -2.360 -5.422 -0.176
SPIN 2 7 5 2 -3.306 -0.385 4.891
SPIN 2 7 5 3 -0.452 5.221 -2.746
SPIN 2 7 5 4 1.804 -0.572 -5.605
SPIN 2 7 5 5 -0.344 0.921 -5.834
SPIN 2 7 5 6 2.872 -1.806 4.847
SPIN 2 7 5 7 -4.322 3.933 -0.922
SPIN 2 7 5 8 -4.605 -1.346 -3.461
SPIN 2 7 5 9 4.636 1.279 3.445
SPIN 2 7 5 10 -3.052 -4.921 -1.212
SPIN 2 7 5 11 -0.032 1.882 -5.609
SPIN 2 7 5 12 5.410 -1.599 1.784
SPIN 2 7 5 13 -2.231 5.342 -1.217
SPIN 2 7 5 14 3.738 -4.148 -1.955
SPIN 2 7 5 15 -2.462 -4.495 2.955
SPIN 3 7 6 0 1.813 5.529 1.071
SPIN 3 7 6 1 1.796 0.435 -5.620
SPIN 3 7 6 2 -4.646 0.289 -3.651
SPIN 3 7 6 3 4.065 -4.210 -0.870
SPIN 3 7 6 4 3.565 1.621 4.434
SPIN 3 7 6 5 4.078 3.374 -2.643
SPIN 3 7 6 6 -3.789 -2.685 3.665
SPIN 3 7 6 7 0.322 -2.849 -5.175
SPIN 3 7 6 8 -3.282 -0.698 -4.872
SPIN 3 7 6 9 -0.157 -5.541 -2.067
SPIN 3 7 6 10 4.953 0.950 -3.093
SPIN 3 7 6 11 -0.091 2.715 5.256
SPIN 3 7 6 12 1.282 -1.573 -5.557
SPIN 3 7 6 13 3.321 3.200 3.706
SPIN 3 7 6 14 2.625 -5.240 -0.807
SPIN 3 7 6 15 1.412 -2.979 -4.912
SPIN 2 7 6 0 -0.177 -4.785 3.475
SPIN 2 7 6 1 -5.167 -0.662 2.805
SPIN 2 7 6 2 1.867 3.368 4.491
SPIN 2 7 6 3 4.526 -0.473 -3.781
SPIN 2 7 6 4 -0.906 5.762 0.991
SPIN 2 7 6 5 0.639 -1.703 -5.629
SPIN 2 7 6 6 -4.825 3.407 0.330
SPIN 2 7 6 7 -2.860 -5.094 0.935
SPIN 2 7 6 8 5.151 2.722 1.030
SPIN 2 7 6 9 5.869 0.704 -0.237
SPIN 2 7 6 10 0.130 5.558 -2.022
SPIN 2 7 6 11 -1.983 -2.195 -5.123
SPIN 2 7 6 12 -4.773 0.343 3.478
SPIN 2 7 6 13 0.839 5.766 1.024
SPIN 2 7 6 14 0.793 -4.599 3.637
SPIN 2 7 6 15 -4.419 2.580 -2.969
SPIN 3 7 7 0 -3.916 4.417 -0.397
SPIN 3 7 7 1 5.847 -0.142 -0.893
SPIN 3 7 7 2 0.585 5.852 -0.645
SPIN 3 7 7 3 -0.155 -0.583 5.885
SPIN 3 7 7 4 -4.570 -3.512 1.336
SPIN 3 7 7 5 -2.629 5.023 1.691
SPIN 3 7 7 6 3.650 3.409 -3.172
SPIN 3 7 7 7 -0.598 5.751 -1.251
SPIN 3 7 7 8 1.144 -0.523 5.781
SPIN 3 7 7 9 0.963 5.390 -2.241
SPIN 3 7 7 10 -1.137 1.130 5.695
SPIN 3 7 7 11 -5.508 0.777 -2.014
SPIN 3 7 7 12 2.552 3.971 3.566
SPIN 3 7 7 13 -3.337 1.347 -4.696
SPIN 3 7 7 14 -2.297 5.319 1.196
SPIN 3 7 7 15 0.611 -3.206 4.935
SPIN 2 7 7 0 4.165 -3.960 1.403
SPIN 2 7 7 1 3.708 -1.343 -4.410
SPIN 2 7 7 2 1.506 2.730 5.027
SPIN 2 7 7 3 0.518 -5.413 -2.331
SPIN 2 7 7 4 -3.432 3.484 3.329
SPIN 2 7 7 5 2.989 3.153 4.015
SPIN 2 7 7 6 3.097 0.890 4.962
SPIN 2 7 7 7 3.643 -2.920 -3.633
SPIN 2 7 7 8 0.157 -3.449 4.804
SPIN 2 7 7 9 -2.544 4.874 -2.184
SPIN 2 7 7 10 -5.692 -1.133 1.146
SPIN 2 7 7 11 -0.047 5.744 -1.416
SPIN 2 7 7 12 0.185 -3.417 4.826
SPIN 2 7 7 13 -1.991 -5.560 0.344
SPIN 2 7 7 14 -5.825 0.182 1.019
SPIN 2 7 7 15 4.817 -1.656 -3.008
SPIN 3 7 8 0 -0.099 1.548 5.709
SPIN 3 7 8 1 4.668 3.272 -1.581
SPIN 3 7 8 2 1.646 -4.109 -3.925
SPIN 3 7 8 3 5.596 -1.271 1.438
SPIN 3 7 8 4 3.192 -4.406 -2.323
SPIN 3 7 8 5 1.269 3.933 -4.234
SPIN 3 7 8 6 -4.346 -2.834 2.842
SPIN 3 7 8 7 4.631 -0.969 -3.552
SPIN 3 7 8 8 -5.441 1.139 -2.024
SPIN 3 7 8 9 -2.274 -5.443 0.447
SPIN 3 7 8 10 -1.786 -0.240 -5.635
SPIN 3 7 8 11 2.105 2.758 -4.792
SPIN 3 7 8 12 3.135 -1.186 -4.875
SPIN 3 7 8 13 -5.327 -2.505 0.587
SPIN 3 7 8 14 5.353 -2.285 -1.059
SPIN 3 7 8 15 -4.973 3.183 -0.366
SPIN 2 7 8 0 -0.921 1.269 -5.704
SPIN 2 7 8 1 1.939 2.369 -5.062
SPIN 2 7 8 2 -5.411 1.430 1.916
SPIN 2 7 8 3 2.857 4.257 2.951
SPIN 2 7 8 4 5.900 -0.337 0.271
SPIN 2 7 8 5 -3.865 -0.020 4.479
SPIN 2 7 8 6 4.988 0.427 -3.152
SPIN 2 7 8 7 -1.309 -3.465 4.613
SPIN 2 7 8 8 5.134 2.724 -1.107
SPIN 2 7 8 9 5.038 2.459 -1.890
SPIN 2 7 8 10 2.586 -5.075 1.598
SPIN 2 7 8 11 5.831 -0.025 0.999
SPIN 2 7 8 12 -1.358 -4.476 -3.622
SPIN 2 7 8 13 0.679 5.425 2.260
SPIN 2 7 8 14 0.610 5.426 2.277
SPIN 2 7 8 15 5.671 -0.756 1.508
SPIN 3 7 9 0 0.899 -0.460 -5.829
SPIN 3 7 9 1 -4.308 -2.177 3.420
SPIN 3 7 9 2 1.186 5.251 -2.453
SPIN 3 7 9 3 3.645 -4.603 0.727
SPIN 3 7 9 4 -3.257 3.004 -3.920
SPIN 3 7 9 5 -0.603 3.004 5.061
SPIN 3 7 9 6 4.017 -3.944 1.818
SPIN 3 7 9 7 -1.920 -2.390 5.060
SPIN 3 7 9 8 -1.460 5.587 1.285
SPIN 3 7 9 9 5.083 -1.137 -2.805
SPIN 3 7 9 10 4.231 4.045 -0.858
SPIN 3 7 9 11 -3.396 -4.462 -1.886
SPIN 3 7 9 12 -1.311 3.113 4.857
SPIN 3 7 9 13 -4.545 3.104 2.170
SPIN 3 7 9 14 -3.419 3.513 3.312
SPIN 3 7 9 15 3.715 -0.007 4.604
SPIN 2 7 9 0 -3.128 3.961 3.087
SPIN 2 7 9 1 4.228 3.940 -1.267
SPIN 2 7 9 2 -0.447 -5.551 1.995
SPIN 2 7 9 3 -5.783 -1.135 0.522
SPIN 2 7 9 4 -2.403 -1.602 -5.163
SPIN 2 7 9 5 5.490 1.910 1.100
SPIN 2 7 9 6 -3.681 -3.178 3.369
SPIN 2 7 9 7 3.468 1.799 -4.442
SPIN 2 7 9 8 1.758 5.196 2.216
SPIN 2 7 9 9 2.874 -4.956 1.476
SPIN 2 7 9 10 -5.080 3.033 0.002
SPIN 2 7 9 11 3.818 0.808 -4.446
SPIN 2 7 9 12 2.503 2.901 4.507
SPIN 2 7 9 13 0.556 -5.299 -2.571
SPIN 2 7 9 14 3.364 -3.372 3.508
SPIN 2 7 9 15 -4.208 2.836 -3.041
SPIN 3 7 10 0 -4.940 3.055 1.123
SPIN 3 7 10 1 5.515 -1.985 -0.805
SPIN 3 7 10 2 -0.491 3.058 -5.040
SPIN 3 7 10 3 -4.310 -0.483 4.024
SPIN 3 7 10 4 2.851 -5.055 -1.148
SPIN 3 7 10 5 -3.510 -2.932 -3.753
SPIN 3 7 10 6 2.320 5.428 0.394
SPIN 3 7 10 7 5.572 -1.478 1.332
SPIN 3 7 10 8 -4.781 2.159 -2.735
SPIN 3 7 10 9 3.678 -4.465 1.238
SPIN 3 7 10 10 -4.136 -3.861 -1.728
SPIN 3 7 10 11 3.199 -4.128 2.780
SPIN 3 7 10 12 -5.348 0.545 2.471
SPIN 3 7 10 13 2.619 3.120 -4.290
SPIN 3 7 10 14 1.091 -5.698 1.157
SPIN 3 7 10 15 -4.791 2.388 2.519
SPIN 2 7 10 0 -2.963 -5.004 1.089
SPIN 2 7 10 1 0.829 3.245 4.877
SPIN 2 7 10 2 -2.782 -2.853 4.372
SPIN 2 7 10 3 3.923 -4.253 -1.234
SPIN 2 7 10 4 -1.925 1.247 5.453
SPIN 2 7 10 5 -3.484 -4.639 -1.159
SPIN 2 7 10 6 3.232 -4.597 -1.851
SPIN 2 7 10 7 4.759 0.144 -3.512
SPIN 2 7 10 8 -1.046 3.323 -4.782
SPIN 2 7 10 9 4.288 -2.406 -3.291
SPIN 2 7 10 10 -4.881 2.650 2.037
SPIN 2 7 10 11 -5.019 0.200 -3.126
SPIN 2 7 10 12 -2.374 1.063 -5.314
SPIN 2 7 10 13 -4.392 3.881 0.808
SPIN 2 7 10 14 1.054 2.521 -5.248
SPIN 2 7 10 15 5.786 -1.201 0.284
SPIN 3 7 11 0 -0.585 3.814 4.484
SPIN 3 7 11 1 -1.677 -3.405 -4.538
SPIN 3 7 11 2 -5.897 0.347 -0.330
SPIN 3 7 11 3 2.541 5.004 -1.871
SPIN 3 7 11 4 3.002 3.375 3.821
SPIN 3 7 11 5 -2.989 4.867 1.541
SPIN 3 7 11 6 1.202 -5.476 -1.888
SPIN 3 7 11 7 -3.120 2.786 -4.184
SPIN 3 7 11 8 3.235 -4.924 -0.536
SPIN 3 7 11 9 -4.750 -3.397 0.944
SPIN 3 7 11 10 0.954 -0.209 5.835
SPIN 3 7 11 11 -1.536 3.916 -4.160
SPIN 3 7 11 12 2.758 4.242 -3.065
SPIN 3 7 11 13 -2.689 -5.105 -1.307
SPIN 3 7 11 14 -4.812 -3.217 -1.223
SPIN 3 7 11 15 0.475 -4.538 -3.766
SPIN 2 7 11 0 4.485 -3.239 -2.097
SPIN 2 7 11 1 -2.170 -5.492 0.366
SPIN 2 7 11 2 5.579 1.804 0.789
SPIN 2 7 11 3 -4.768 2.986 -1.831
SPIN 2 7 11 4 -5.122 1.908 2.264
SPIN 2 7 11 5 0.486 1.439 5.718
SPIN 2 7 11 6 1.625 1.411 5.511
SPIN 2 7 11 7 -0.179 -1.357 -5.755
SPIN 2 7 11 8 -3.298 -4.713 -1.381
SPIN 2 7 11 9 -0.690 4.005 -4.299
SPIN 2 7 11 10 -4.246 -2.920 2.906
SPIN 2 7 11 11 -3.939 1.082 -4.279
SPIN 2 7 11 12 1.091 1.803 5.528
SPIN 2 7 11 13 -3.771 -2.376 3.890
SPIN 2 7 11 14 5.265 -0.762 2.588
SPIN 2 7 11 15 -3.813 -3.436 -2.942
SPIN 3 7 12 0 0.762 3.854 4.424
SPIN 3 7 12 1 -1.931 -2.673 -4.912
SPIN 3 7 12 2 1.789 -4.430 3.489
SPIN 3 7 12 3 1.855 -4.698 3.081
SPIN 3 7 12 4 -2.384 -0.573 5.384
SPIN 3 7 12 5 2.222 -0.928 -5.404
SPIN 3 7 12 6 -5.260 2.596 0.767
SPIN 3 7 12 7 -0.732 -4.220 4.081
SPIN 3 7 12 8 -1.337 3.656 4.455
SPIN 3 7 12 9 4.563 3.526 -1.320
SPIN 3 7 12 10 3.732 -4.347 -1.475
SPIN 3 7 12 11 2.547 4.514 2.852
SPIN 3 7 12 12 -4.629 -3.341 1.551
SPIN 3 7 12 13 -0.606 -3.503 -4.729
SPIN 3 7 12 14 4.140 -2.557 -3.366
SPIN 3 7 12 15 4.410 1.415 3.681
SPIN 2 7 12 0 -5.305 0.119 2.617
SPIN 2 7 12 1 -5.060 0.174 3.060
SPIN 2 7 12 2 -2.098 2.454 4.957
SPIN 2 7 12 3 1.064 -5.721 -1.065
SPIN 2 7 12 4 3.476 3.785 -2.932
SPIN 2 7 12 5 0.734 4.664 3.564
SPIN 2 7 12 6 -0.178 5.466 2.256
SPIN 2 7 12 7 4.043 1.700 -3.971
SPIN 2 7 12 8 4.509 -3.806 0.429
SPIN 2 7 12 9 -1.888 -4.972 -2.591
SPIN 2 7 12 10 5.173 -0.882 -2.731
SPIN 2 7 12 11 2.489 4.926 2.130
SPIN 2 7 12 12 2.235 -4.063 -3.674
SPIN 2 7 12 13 1.242 -4.246 -3.928
SPIN 2 7 12 14 -1.169 5.350 2.239
SPIN 2 7 12 15 2.004 -0.517 -5.542
SPIN 3 7 13 0 0.561 -1.793 -5.610
SPIN 3 7 13 1 5.910 -0.224 -0.133
SPIN 3 7 13 2 -2.025 2.477 4.977
SPIN 3 7 13 3 -1.972 4.228 3.638
SPIN 3 7 13 4 -5.361 -0.584 2.434
SPIN 3 7 13 5 3.424 -1.279 -4.652
SPIN 3 7 13 6 0.117 -4.194 4.171
SPIN 3 7 13 7 -4.836 1.473 3.073
SPIN 3 7 13 8 3.346 -1.491 -4.646
SPIN 3 7 13 9 -5.618 1.666 -0.814
SPIN 3 7 13 10 5.447 -2.284 -0.341
SPIN 3 7 13 11 4.446 -1.467 -3.616
SPIN 3 7 13 12 -5.097 -1.726 -2.458
SPIN 3 7 13 13 -1.710 0.070 5.663
SPIN 3 7 13 14 2.800 4.953 -1.622
SPIN 3 7 13 15 -5.388 2.194 -1.074
SPIN 2 7 13 0 3.647 -4.362 -1.634
SPIN 2 7 13 1 3.635 2.740 3.779
SPIN 2 7 13 2 0.065 -5.896 0.479
SPIN 2 7 13 3 -3.863 -0.205 -4.476
SPIN 2 7 13 4 2.836 -5.092 1.015
SPIN 2 7 13 5 2.578 4.633 -2.624
SPIN 2 7 13 6 -5.090 2.691 1.360
SPIN 2 7 13 7 1.605 -4.269 3.768
SPIN 2 7 13 8 -2.360 2.726 -4.690
SPIN 2 7 13 9 1.173 -0.305 5.791
SPIN 2 7 13 10 -5.053 -1.100 2.873
SPIN 2 7 13 11 4.505 2.349 -3.031
SPIN 2 7 13 12 -2.027 3.238 4.517
SPIN 2 7 13 13 -3.915 -1.280 4.247
SPIN 2 7 13 14 1.573 4.371 3.664
SPIN 2 7 13 15 -3.574 -0.725 4.659
SPIN 3 7 14 0 -1.128 2.854 5.058
SPIN 3 7 14 1 5.696 -1.547 0.401
SPIN 3 7 14 2 1.684 4.695 3.181
SPIN 3 7 14 3 -3.406 -0.235 4.831
SPIN 3 7 14 4 -4.664 -3.630 0.268
SPIN 3 7 14 5 -4.507 -3.000 -2.385
SPIN 3 7 14 6 4.288 -3.524 -2.050
SPIN 3 7 14 7 2.077 -0.542 -5.513
SPIN 3 7 14 8 -4.208 -3.804 1.678
SPIN 3 7 14 9 3.620 4.665 0.359
SPIN 3 7 14 10 4.581 -3.731 0.311
SPIN 3 7 14 11 -1.412 5.494 1.680
SPIN 3 7 14 12 3.155 -1.122 -4.878
SPIN 3 7 14 13 -3.800 -0.608 -4.493
SPIN 3 7 14 14 -2.069 5.081 -2.213
SPIN 3 7 14 15 4.844 -1.013 -3.242
SPIN 2 7 14 0 0.664 5.775 1.101
SPIN 2 7 14 1 4.918 -0.593 -3.234
SPIN 2 7 14 2 -2.319 0.203 5.439
SPIN 2 7 14 3 -4.113 -1.699 -3.898
SPIN 2 7 14 4 5.573 1.728 0.977
SPIN 2 7 14 5 5.580 1.952 0.229
SPIN 2 7 14 6 2.535 4.002 3.544
SPIN 2 7 14 7 -3.447 -1.036 -4.695
SPIN 2 7 14 8 4.737 3.155 -1.615
SPIN 2 7 14 9 -3.688 -1.386 -4.414
SPIN 2 7 14 10 5.219 2.688 -0.734
SPIN 2 7 14 11 -3.505 2.115 4.271
SPIN 2 7 14 12 -3.492 0.709 4.722
SPIN 2 7 14 13 -3.955 1.169 4.242
SPIN 2 7 14 14 5.105 1.315 -2.685
SPIN 2 7 14 15 1.094 2.873 -5.054
SPIN 3 7 15 0 -2.065 -2.129 -5.119
SPIN 3 7 15 1 -2.884 1.297 5.000
SPIN 3 7 15 2 -5.783 0.850 -0.913
SPIN 3 7 15 3 4.570 3.251 -1.882
SPIN 3 7 15 4 -3.058 2.695 -4.288
SPIN 3 7 15 5 5.498 -1.224 -1.808
SPIN 3 7 15 6 -3.419 0.494 -4.803
SPIN 3 7 15 7 4.255 1.843 3.673
SPIN 3 7 15 8 -2.050 -5.126 2.127
SPIN 3 7 15 9 3.595 3.145 -3.490
SPIN 3 7 15 10 0.254 5.077 -3.027
SPIN 3 7 15 11 0.626 -5.733 1.319
SPIN 3 7 15 12 5.345 2.433 -0.717
SPIN 3 7 15 13 5.815 -0.416 1.004
SPIN 3 7 15 14 -2.724 0.438 5.233
SPIN 3 7 15 15 4.166 -0.272 -4.192
SPIN 2 7 15 0 3.965 -3.658 2.429
SPIN 2 7 15 1 -5.711 0.837 1.296
SPIN 2 7 15 2 5.342 1.989 -1.583
SPIN 2 7 15 3 3.019 -4.922 1.288
SPIN 2 7 15 4 -4.719 -3.377 -1.154
SPIN 2 7 15 5 0.007 4.030 4.331
SPIN 2 7 15 6 1.596 -4.024 -4.032
SPIN 2 7 15 7 -0.189 3.716 4.599
SPIN 2 7 15 8 -1.904 -2.295 -5.110
SPIN 2 7 15 9 -1.693 1.485 5.471
SPIN 2 7 15 10 -2.532 1.693 -5.072
SPIN 2 7 15 11 -2.732 -4.375 2.898
SPIN 2 7 15 12 5.891 0.498 0.207
SPIN 2 7 15 13 -5.563 -1.948 -0.503
SPIN 2 7 15 14 3.994 -4.236 1.053
SPIN 2 7 15 15 -0.577 0.168 -5.885
SPIN 1 8 0 0 -2.830 4.093 3.201
SPIN 1 8 0 1 -4.992 1.731 2.662
SPIN 1 8 0 2 3.017 -4.307 2.711
SPIN 1 8 0 3 -2.874 5.142 0.553
SPIN 1 8 0 4 -1.072 -3.560 4.602
SPIN 1 8 0 5 3.782 3.971 2.219
SPIN 1 8 0 6 -2.364 -2.173 -4.969
SPIN 1 8 0 7 2.807 1.408 5.014
SPIN 1 8 0 8 -0.603 -4.444 -3.859
SPIN 1 8 0 9 3.364 2.093 4.394
SPIN 1 8 0 10 2.821 5.192 -0.298
SPIN 1 8 0 11 1.958 -4.318 -3.539
SPIN 1 8 0 12 -2.333 5.399 -0.641
SPIN 1 8 0 13 1.301 -5.349 -2.167
SPIN 1 8 0 14 0.354 1.164 -5.790
SPIN 1 8 0 15 3.311 3.755 -3.153
SPIN 4 8 0 0 -0.069 4.536 3.797
SPIN 4 8 0 1 4.786 0.345 -3.461
SPIN 4 8 0 2 -0.490 5.141 2.886
SPIN 4 8 0 3 -3.929 3.631 2.525
SPIN 4 8 0 4 3.423 -3.700 -3.098
SPIN 4 8 0 5 2.955 -0.477 5.103
SPIN 4 8 0 6 -0.717 4.385 -3.906
SPIN 4 8 0 7 -5.896 -0.290 -0.396
SPIN 4 8 0 8 3.877 -4.467 0.130
SPIN 4 8 0 9 0.288 -0.992 5.825
SPIN 4 8 0 10 -4.957 -3.226 0.138
SPIN 4 8 0 11 1.389 4.962 2.907
SPIN 4 8 0 12 1.693 5.248 2.144
SPIN 4 8 0 13 5.814 -0.583 0.925
SPIN 4 8 0 14 -0.993 1.256 -5.695
SPIN 4 8 0 15 -4.551 -3.765 -0.337
SPIN 1 8 1 0 -0.078 -5.821 1.053
SPIN 1 8 1 1 0.967 -1.708 -5.581
SPIN 1 8 1 2 -1.371 2.571 5.149
SPIN 1 8 1 3 -1.656 -5.473 -1.517
SPIN 1 8 1 4 5.555 -1.231 1.619
SPIN 1 8 1 5 -3.813 -0.333 -4.511
SPIN 1 8 1 6 -1.332 -5.350 2.147
SPIN 1 8 1 7 5.532 1.281 1.660
SPIN 1 8 1 8 -4.898 2.124 2.549
SPIN 1 8 1 9 -1.644 -1.531 -5.473
SPIN 1 8 1 10 0.536 -5.699 -1.496
SPIN 1 8 1 11 -0.345 1.746 5.642
SPIN 1 8 1 12 -4.089 -0.110 4.274
SPIN 1 8 1 13 3.053 -3.788 -3.366
SPIN 1 8 1 14 1.281 1.872 5.464
SPIN 1 8 1 15 3.981 3.966 -1.850
SPIN 4 8 1 0 4.473 -3.871 0.046
SPIN 4 8 1 1 3.054 3.745 3.413
SPIN 4 8 1 2 -4.760 -3.511 -0.120
SPIN 4 8 1 3 3.899 3.035 3.254
SPIN 4 8 1 4 -5.358 -0.136 2.504
SPIN 4 8 1 5 -0.138 5.243 -2.737
SPIN 4 8 1 6 0.534 -2.320 5.416
SPIN 4 8 1 7 4.501 -2.660 -2.768
SPIN 4 8 1 8 4.980 0.284 3.180
SPIN 4 8 1 9 1.578 -4.044 4.020
SPIN 4 8 1 10 3.473 2.850 3.849
SPIN 4 8 1 11 -2.936 -1.820 -4.803
SPIN 4 8 1 12 -1.000 4.932 -3.111
SPIN 4 8 1 13 -0.739 -3.444 -4.753
SPIN 4 8 1 14 -0.779 -5.825 0.680
SPIN 4 8 1 15 -3.308 -4.861 0.653
SPIN 1 8 2 0 0.984 3.166 4.900
SPIN 1 8 2 1 1.067 -2.360 5.319
SPIN 1 8 2 2 4.319 -0.479 -4.014
SPIN 1 8 2 3 -1.245 -5.087 2.751
SPIN 1 8 2 4 -2.580 5.179 1.235
SPIN 1 8 2 5 -2.601 4.889 2.082
SPIN 1 8 2 6 4.002 3.489 2.611
SPIN 1 8 2 7 3.800 -4.281 1.493
SPIN 1 8 2 8 -4.988 2.276 2.223
SPIN 1 8 2 9 3.681 -4.629 -0.172
SPIN 1 8 2 10 -0.390 -0.546 5.878
SPIN 1 8 2 11 1.115 -2.404 5.289
SPIN 1 8 2 12 5.852 -0.858 0.132
SPIN 1 8 2 13 -5.394 -2.428 -0.077
SPIN 1 8 2 14 5.367 2.066 1.388
SPIN 1 8 2 15 -0.415 -3.337 4.867
SPIN 4 8 2 0 3.892 4.261 1.302
SPIN 4 8 2 1 -4.715 -1.984 -2.972
SPIN 4 8 2 2 1.774 0.581 5.614
SPIN 4 8 2 3 3.435 -4.236 2.293
SPIN 4 8 2 4 2.428 5.395 0.035
SPIN 4 8 2 5 3.726 -0.777 -4.529
SPIN 4 8 2 6 -1.597 5.630 0.866
SPIN 4 8 2 7 0.656 -3.207 4.928
SPIN 4 8 2 8 -0.154 1.322 -5.765
SPIN 4 8 2 9 -1.942 5.178 -2.101
SPIN 4 8 2 10 4.161 -1.010 -4.082
SPIN 4 8 2 11 4.607 2.666 2.582
SPIN 4 8 2 12 -5.885 -0.070 -0.604
SPIN 4 8 2 13 2.536 2.613 4.663
SPIN 4 8 2 14 -2.355 2.884 4.597
SPIN 4 8 2 15 0.803 -0.481 -5.842
SPIN 1 8 3 0 0.472 -1.490 -5.706
SPIN 1 8 3 1 -4.649 -1.156 3.472
SPIN 1 8 3 2 -3.276 -4.374 -2.266
SPIN 1 8 3 3 0.083 -2.861 -5.178
SPIN 1 8 3 4 1.901 -4.650 3.125
SPIN 1 8 3 5 -1.982 -5.008 -2.447
SPIN 1 8 3 6 5.742 -1.165 -0.821
SPIN 1 8 3 7 -5.418 -1.975 -1.322
SPIN 1 8 3 8 -3.697 2.147 -4.090
SPIN 1 8 3 9 -4.491 2.767 2.679
SPIN 1 8 3 10 4.518 3.504 -1.518
SPIN 1 8 3 11 -3.113 -3.854 -3.234
SPIN 1 8 3 12 -1.268 0.626 5.745
SPIN 1 8 3 13 3.850 -0.344 -4.479
SPIN 1 8 3 14 -2.638 -5.052 -1.588
SPIN 1 8 3 15 5.839 0.916 -0.255
SPIN 4 8 3 0 3.868 -4.474 0.123
SPIN 4 8 3 1 3.939 3.181 3.059
SPIN 4 8 3 2 0.185 3.307 -4.902
SPIN 4 8 3 3 -0.631 4.764 -3.451
SPIN 4 8 3 4 1.908 -5.362 -1.616
SPIN 4 8 3 5 0.747 4.548 3.709
SPIN 4 8 3 6 -5.007 -3.105 0.540
SPIN 4 8 3 7 0.171 -1.458 5.731
SPIN 4 8 3 8 4.091 4.137 -1.071
SPIN 4 8 3 9 -2.000 5.531 0.635
SPIN 4 8 3 10 0.632 -5.068 -2.986
SPIN 4 8 3 11 -3.820 1.442 4.282
SPIN 4 8 3 12 2.928 3.312 -3.932
SPIN 4 8 3 13 -0.485 0.467 5.878
SPIN 4 8 3 14 4.772 0.312 -3.483
SPIN 4 8 3 15 -5.712 1.530 -0.196
SPIN 1 8 4 0 4.287 -0.337 4.063
SPIN 1 8 4 1 -0.092 4.053 -4.308
SPIN 1 8 4 2 -1.848 5.452 1.364
SPIN 1 8 4 3 3.424 2.123 4.332
SPIN 1 8 4 4 -1.652 5.608 -0.907
SPIN 1 8 4 5 -5.208 -1.562 2.333
SPIN 1 8 4 6 -0.767 5.489 -2.070
SPIN 1 8 4 7 0.460 -2.737 -5.225
SPIN 1 8 4 8 -3.526 -4.227 -2.168
SPIN 1 8 4 9 5.247 -1.121 -2.492
SPIN 1 8 4 10 -4.496 -2.098 3.222
SPIN 1 8 4 11 2.643 -2.577 4.623
SPIN 1 8 4 12 -0.425 -4.450 -3.875
SPIN 1 8 4 13 -3.461 0.316 4.788
SPIN 1 8 4 14 0.086 3.895 -4.452
SPIN 1 8 4 15 0.043 -5.500 2.178
SPIN 4 8 4 0 -4.039 0.604 -4.280
SPIN 4 8 4 1 -2.984 -5.075 0.589
SPIN 4 8 4 2 5.049 2.138 2.222
SPIN 4 8 4 3 -2.262 -3.186 -4.442
SPIN 4 8 4 4 -1.961 -5.574 0.294
SPIN 4 8 4 5 -5.542 1.400 1.527
SPIN 4 8 4 6 -3.400 -4.578 1.574
SPIN 4 8 4 7 3.179 0.360 4.976
SPIN 4 8 4 8 2.590 3.933 -3.581
SPIN 4 8 4 9 -3.286 4.645 -1.619
SPIN 4 8 4 10 -2.245 3.965 -3.773
SPIN 4 8 4 11 -3.185 -1.953 4.587
SPIN 4 8 4 12 -2.109 -0.141 5.526
SPIN 4 8 4 13 5.421 1.449 -1.874
SPIN 4 8 4 14 0.294 4.190 4.166
SPIN 4 8 4 15 3.227 -3.138 3.840
SPIN 1 8 5 0 -1.853 -2.681 -4.938
SPIN 1 8 5 1 1.567 4.590 -3.388
SPIN 1 8 5 2 -0.021 5.903 0.390
SPIN 1 8 5 3 -4.953 -2.294 -2.282
SPIN 1 8 5 4 -4.028 3.106 3.021
SPIN 1 8 5 5 2.899 3.343 3.927
SPIN 1 8 5 6 1.432 -0.120 -5.739
SPIN 1 8 5 7 1.204 1.631 -5.558
SPIN 1 8 5 8 -0.745 -3.484 -4.723
SPIN 1 8 5 9 -0.918 3.304 4.821
SPIN 1 8 5 10 5.795 -0.145 -1.184
SPIN 1 8 5 11 1.528 0.627 5.681
SPIN 1 8 5 12 4.356 -0.616 -3.956
SPIN 1 8 5 13 4.620 -0.737 3.621
SPIN 1 8 5 14 -1.937 4.092 -3.808
SPIN 1 8 5 15 1.480 -0.078 -5.727
SPIN 4 8 5 0 5.421 2.370 0.041
SPIN 4 8 5 1 -0.816 -0.657 5.823
SPIN 4 8 5 2 0.290 -5.581 1.941
SPIN 4 8 5 3 -3.537 1.806 4.385
SPIN 4 8 5 4 -0.619 5.178 2.794
SPIN 4 8 5 5 0.239 -5.911 0.051
SPIN 4 8 5 6 -0.176 -4.047 -4.311
SPIN 4 8 5 7 -0.727 3.133 -4.966
SPIN 4 8 5 8 3.581 -4.569 1.140
SPIN 4 8 5 9 5.567 -1.916 -0.580
SPIN 4 8 5 10 5.366 -0.072 2.489
SPIN 4 8 5 11 -3.128 2.946 4.067
SPIN 4 8 5 12 4.623 0.770 -3.611
SPIN 4 8 5 13 -2.926 -0.464 -5.121
SPIN 4 8 5 14 3.884 -3.321 -2.980
SPIN 4 8 5 15 1.537 -1.952 5.369
SPIN 1 8 6 0 3.210 2.169 4.471
SPIN 1 8 6 1 0.256 -5.751 1.366
SPIN 1 8 6 2 -3.150 -0.422 -4.990
SPIN 1 8 6 3 2.759 1.210 -5.092
SPIN 1 8 6 4 3.480 1.382 -4.580
SPIN 1 8 6 5 3.769 0.489 4.534
SPIN 1 8 6 6 -5.533 2.071 -0.307
SPIN 1 8 6 7 3.515 -2.049 4.295
SPIN 1 8 6 8 -0.688 3.227 4.911
SPIN 1 8 6 9 -0.942 -4.598 3.601
SPIN 1 8 6 10 -4.595 1.438 -3.438
SPIN 1 8 6 11 1.876 -3.378 4.480
SPIN 1 8 6 12 -5.826 0.908 0.486
SPIN 1 8 6 13 -5.431 -2.016 -1.198
SPIN 1 8 6 14 4.412 -1.349 3.703
SPIN 1 8 6 15 3.475 3.517 3.249
SPIN 4 8 6 0 -0.686 2.644 -5.248
SPIN 4 8 6 1 5.915 0.113 -0.047
SPIN 4 8 6 2 5.864 -0.216 -0.753
SPIN 4 8 6 3 0.722 3.826 4.455
SPIN 4 8 6 4 5.166 2.858 -0.382
SPIN 4 8 6 5 -2.933 3.562 -3.702
SPIN 4 8 6 6 -5.058 3.064 0.178
SPIN 4 8 6 7 5.330 -2.540 0.375
SPIN 4 8 6 8 1.393 4.991 -2.855
SPIN 4 8 6 9 -2.537 -1.586 -5.104
SPIN 4 8 6 10 1.751 -0.590 5.620
SPIN 4 8 6 11 -3.129 3.464 -3.635
SPIN 4 8 6 12 -2.513 -4.035 3.522
SPIN 4 8 6 13 0.571 5.023 -3.073
SPIN 4 8 6 14 -4.039 -4.303 -0.413
SPIN 4 8 6 15 0.949 2.706 -5.174
SPIN 1 8 7 0 -2.173 5.498 -0.222
SPIN 1 8 7 1 -4.555 2.651 2.687
SPIN 1 8 7 2 -5.433 -2.338 0.118
SPIN 1 8 7 3 -3.874 2.695 -3.568
SPIN 1 8 7 4 4.080 0.601 4.242
SPIN 1 8 7 5 0.319 0.702 -5.866
SPIN 1 8 7 6 5.629 0.592 1.723
SPIN 1 8 7 7 -1.608 2.093 5.294
SPIN 1 8 7 8 -5.132 -2.903 -0.485
SPIN 1 8 7 9 1.306 3.481 4.602
SPIN 1 8 7 10 5.627 -1.621 -0.839
SPIN 1 8 7 11 0.575 -2.742 5.211
SPIN 1 8 7 12 4.828 -2.816 -1.939
SPIN 1 8 7 13 5.674 -1.007 -1.341
SPIN 1 8 7 14 2.946 -1.845 -4.787
SPIN 1 8 7 15 1.948 -1.101 -5.477
SPIN 4 8 7 0 5.761 1.342 0.087
SPIN 4 8 7 1 -2.911 -4.873 -1.667
SPIN 4 8 7 2 -4.815 -2.144 2.688
SPIN 4 8 7 3 1.946 -3.447 -4.397
SPIN 4 8 7 4 0.200 4.799 3.453
SPIN 4 8 7 5 0.221 -1.138 -5.801
SPIN 4 8 7 6 3.360 -4.117 2.600
SPIN 4 8 7 7 -2.765 1.587 4.984
SPIN 4 8 7 8 3.596 -4.676 -0.447
SPIN 4 8 7 9 -3.704 3.801 2.615
SPIN 4 8 7 10 1.710 -2.412 -5.124
SPIN 4 8 7 11 -5.483 -1.409 -1.717
SPIN 4 8 7 12 4.034 -4.276 -0.663
SPIN 4 8 7 13 2.930 -2.574 4.448
SPIN 4 8 7 14 -5.517 -0.301 2.114
SPIN 4 8 7 15 -0.558 -1.926 5.566
SPIN 1 8 8 0 0.616 2.191 -5.461
SPIN 1 8 8 1 5.443 1.313 1.911
SPIN 1 8 8 2 -5.637 1.790 0.139
SPIN 1 8 8 3 -3.481 -1.092 4.657
SPIN 1 8 8 4 -1.597 -5.493 -1.510
SPIN 1 8 8 5 -3.035 -4.171 -2.896
SPIN 1 8 8 6 1.426 4.231 3.881
SPIN 1 8 8 7 -2.357 1.044 -5.325
SPIN 1 8 8 8 0.333 0.602 -5.876
SPIN 1 8 8 9 -1.201 4.116 -4.076
SPIN 1 8 8 10 -3.773 -0.779 -4.490
SPIN 1 8 8 11 -3.112 -4.976 -0.746
SPIN 1 8 8 12 1.468 1.657 5.486
SPIN 1 8 8 13 -0.607 3.347 4.840
SPIN 1 8 8 14 0.127 5.897 0.458
SPIN 1 8 8 15 -5.125 0.052 -2.955
SPIN 4 8 8 0 -2.588 4.596 2.680
SPIN 4 8 8 1 5.890 0.108 -0.549
SPIN 4 8 8 2 4.832 -0.612 3.358
SPIN 4 8 8 3 0.593 5.213 -2.733
SPIN 4 8 8 4 -5.642 -0.421 -1.730
SPIN 4 8 8 5 4.714 -2.152 2.854
SPIN 4 8 8 6 -4.001 3.549 2.529
SPIN 4 8 8 7 3.464 0.279 -4.788
SPIN 4 8 8 8 -1.614 -0.299 5.684
SPIN 4 8 8 9 -1.655 -4.790 3.052
SPIN 4 8 8 10 -4.201 4.165 0.037
SPIN 4 8 8 11 3.467 2.936 3.790
SPIN 4 8 8 12 4.323 -3.833 -1.273
SPIN 4 8 8 13 -5.213 1.738 2.191
SPIN 4 8 8 14 4.538 2.389 2.950
SPIN 4 8 8 15 2.039 -2.832 -4.777
SPIN 1 8 9 0 4.324 -2.573 3.112
SPIN 1 8 9 1 -2.411 -5.399 -0.209
SPIN 1 8 9 2 -4.519 -2.215 -3.111
SPIN 1 8 9 3 -0.706 -3.548 4.681
SPIN 1 8 9 4 2.127 -5.380 1.238
SPIN 1 8 9 5 -2.239 1.110 -5.362
SPIN 1 8 9 6 -3.392 -0.136 -4.845
SPIN 1 8 9 7 -4.826 -1.389 3.128
SPIN 1 8 9 8 1.915 0.613 -5.564
SPIN 1 8 9 9 1.997 4.210 3.646
SPIN 1 8 9 10 3.305 -0.810 -4.840
SPIN 1 8 9 11 -3.030 -1.161 4.947
SPIN 1 8 9 12 -1.208 2.820 -5.058
SPIN 1 8 9 13 5.462 0.814 -2.121
SPIN 1 8 9 14 -0.959 -5.772 -0.877
SPIN 1 8 9 15 -2.225 -1.248 -5.338
SPIN 4 8 9 0 5.680 -1.653 0.053
SPIN 4 8 9 1 -3.744 4.058 2.126
SPIN 4 8 9 2 5.889 -0.042 0.567
SPIN 4 8 9 3 5.232 0.683 -2.675
SPIN 4 8 9 4 4.514 -3.245 2.025
SPIN 4 8 9 5 -2.947 -4.260 -2.858
SPIN 4 8 9 6 -2.329 -3.670 -4.013
SPIN 4 8 9 7 2.283 -2.463 4.870
SPIN 4 8 9 8 3.021 2.178 -4.597
SPIN 4 8 9 9 0.331 1.227 5.778
SPIN 4 8 9 10 -2.409 -5.403 0.092
SPIN 4 8 9 11 3.012 -0.168 -5.089
SPIN 4 8 9 12 -0.805 -0.818 -5.804
SPIN 4 8 9 13 2.704 5.101 1.291
SPIN 4 8 9 14 1.521 0.308 -5.709
SPIN 4 8 9 15 -5.448 -0.604 -2.227
SPIN 1 8 10 0 2.775 -4.707 2.267
SPIN 1 8 10 1 0.751 3.497 -4.713
SPIN 1 8 10 2 1.352 2.143 5.346
SPIN 1 8 10 3 -4.701 2.930 2.077
SPIN 1 8 10 4 4.091 0.323 -4.261
SPIN 1 8 10 5 -1.244 5.671 -1.137
SPIN 1 8 10 6 -0.778 -5.725 -1.271
SPIN 1 8 10 7 -0.522 -5.786 1.120
SPIN 1 8 10 8 2.084 3.419 -4.355
SPIN 1 8 10 9 -4.067 1.449 4.045
SPIN 1 8 10 10 4.024 -4.294 0.601
SPIN 1 8 10 11 1.699 -0.250 -5.661
SPIN 1 8 10 12 2.420 3.282 4.287
SPIN 1 8 10 13 4.726 -2.681 2.341
SPIN 1 8 10 14 -1.643 3.678 4.333
SPIN 1 8 10 15 3.448 2.998 -3.759
SPIN 4 8 10 0 2.130 0.503 -5.496
SPIN 4 8 10 1 0.057 0.565 5.889
SPIN 4 8 10 2 -3.369 -2.000 4.433
SPIN 4 8 10 3 2.602 5.022 -1.735
SPIN 4 8 10 4 2.387 -4.143 3.484
SPIN 4 8 10 5 -2.045 2.448 4.982
SPIN 4 8 10 6 5.602 1.118 1.537
SPIN 4 8 10 7 2.391 -3.044 -4.474
SPIN 4 8 10 8 -1.837 -1.298 5.472
SPIN 4 8 10 9 -3.944 -2.929 3.296
SPIN 4 8 10 10 4.873 3.345 0.246
SPIN 4 8 10 11 2.392 -1.054 -5.307
SPIN 4 8 10 12 -2.208 -0.589 5.457
SPIN 4 8 10 13 4.016 1.255 4.159
SPIN 4 8 10 14 -4.613 3.161 -1.931
SPIN 4 8 10 15 -1.407 3.347 4.671
SPIN 1 8 11 0 5.635 -0.327 -1.770
SPIN 1 8 11 1 -1.356 -5.624 -1.239
SPIN 1 8 11 2 -4.998 3.003 1.000
SPIN 1 8 11 3 5.215 -1.821 -2.119
SPIN 1 8 11 4 4.716 2.227 2.792
SPIN 1 8 11 5 5.679 -0.277 1.634
SPIN 1 8 11 6 -4.822 2.230 2.603
SPIN 1 8 11 7 -1.253 5.645 1.252
SPIN 1 8 11 8 3.234 2.670 4.172
SPIN 1 8 11 9 5.567 -1.456 -1.373
SPIN 1 8 11 10 0.891 5.844 0.232
SPIN 1 8 11 11 -3.256 -4.485 2.070
SPIN 1 8 11 12 1.912 5.581 -0.438
SPIN 1 8 11 13 -5.355 -0.068 2.515
SPIN 1 8 11 14 0.780 -5.497 2.043
SPIN 1 8 11 15 3.158 0.745 -4.947
SPIN 4 8 11 0 -1.872 4.871 2.787
SPIN 4 8 11 1 -5.885 -0.498 0.338
SPIN 4 8 11 2 5.799 -0.986 -0.629
SPIN 4 8 11 3 -5.120 1.410 2.608
SPIN 4 8 11 4 -2.707 -3.317 4.083
SPIN 4 8 11 5 -1.633 2.208 5.240
SPIN 4 8 11 6 0.328 -5.795 -1.143
SPIN 4 8 11 7 5.083 1.696 -2.508
SPIN 4 8 11 8 0.057 -5.552 -2.042
SPIN 4 8 11 9 4.177 -2.359 3.462
SPIN 4 8 11 10 -3.142 0.040 -5.012
SPIN 4 8 11 11 -0.507 5.839 0.803
SPIN 4 8 11 12 -5.644 0.356 1.736
SPIN 4 8 11 13 -2.644 5.284 -0.298
SPIN 4 8 11 14 2.966 3.559 -3.679
SPIN 4 8 11 15 -2.560 -5.271 0.815
SPIN 1 8 12 0 -2.503 -2.642 4.664
SPIN 1 8 12 1 -2.692 -2.031 4.861
SPIN 1 8 12 2 5.143 -1.955 2.173
SPIN 1 8 12 3 -0.631 2.762 -5.194
SPIN 1 8 12 4 -3.914 -3.502 -2.723
SPIN 1 8 12 5 0.661 -2.934 5.095
SPIN 1 8 12 6 -0.749 -0.278 -5.862
SPIN 1 8 12 7 5.786 0.583 -1.089
SPIN 1 8 12 8 4.327 -2.896 2.810
SPIN 1 8 12 9 0.245 1.056 -5.816
SPIN 1 8 12 10 -3.884 -0.149 -4.460
SPIN 1 8 12 11 4.824 -2.532 -2.306
SPIN 1 8 12 12 -1.712 5.636 0.551
SPIN 1 8 12 13 -0.541 -5.343 -2.482
SPIN 1 8 12 14 -2.217 3.177 4.472
SPIN 1 8 12 15 -2.330 -5.323 -1.109
SPIN 4 8 12 0 -0.824 0.187 -5.855
SPIN 4 8 12 1 -0.210 5.736 -1.434
SPIN 4 8 12 2 -2.522 5.187 -1.319
SPIN 4 8 12 3 3.686 4.625 0.146
SPIN 4 8 12 4 -4.438 -2.317 -3.151
SPIN 4 8 12 5 5.807 -1.019 0.494
SPIN 4 8 12 6 2.917 2.186 4.660
SPIN 4 8 12 7 2.687 -5.144 1.147
SPIN 4 8 12 8 -3.034 1.221 -4.930
SPIN 4 8 12 9 -0.797 2.962 5.059
SPIN 4 8 12 10 -2.365 -4.173 -3.463
SPIN 4 8 12 11 -2.179 -3.345 -4.366
SPIN 4 8 12 12 2.479 -4.405 3.074
SPIN 4 8 12 13 0.801 -4.508 3.746
SPIN 4 8 12 14 -0.908 3.165 4.915
SPIN 4 8 12 15 -3.553 -2.183 4.196
SPIN 1 8 13 0 0.809 -4.992 -3.070
SPIN 1 8 13 1 -0.702 -0.654 -5.838
SPIN 1 8 13 2 -5.868 -0.676 -0.332
SPIN 1 8 13 3 5.095 2.834 -1.004
SPIN 1 8 13 4 -4.566 -3.652 -0.904
SPIN 1 8 13 5 3.343 4.776 -1.006
SPIN 1 8 13 6 3.020 -4.521 2.333
SPIN 1 8 13 7 4.576 2.557 -2.743
SPIN 1 8 13 8 -4.723 2.375 -2.656
SPIN 1 8 13 9 -0.949 -0.694 -5.798
SPIN 1 8 13 10 -5.631 0.430 1.763
SPIN 1 8 13 11 -4.260 0.823 -4.022
SPIN 1 8 13 12 5.820 -0.992 -0.374
SPIN 1 8 13 13 1.307 -2.363 5.264
SPIN 1 8 13 14 3.269 -3.946 -2.956
SPIN 1 8 13 15 -3.681 4.487 -1.150
SPIN 4 8 13 0 3.181 2.027 4.558
SPIN 4 8 13 1 -0.648 -5.861 -0.480
SPIN 4 8 13 2 -4.101 2.901 3.125
SPIN 4 8 13 3 -1.771 1.470 5.450
SPIN 4 8 13 4 1.627 -4.875 2.931
SPIN 4 8 13 5 5.425 0.693 2.256
SPIN 4 8 13 6 2.537 3.936 -3.615
SPIN 4 8 13 7 -3.110 4.198 2.776
SPIN 4 8 13 8 -0.015 -2.752 5.237
SPIN 4 8 13 9 -3.366 -4.691 1.290
SPIN 4 8 13 10 5.902 0.255 0.320
SPIN 4 8 13 11 -0.239 -3.525 4.745
SPIN 4 8 13 12 3.670 1.425 -4.416
SPIN 4 8 13 13 -4.988 3.141 -0.500
SPIN 4 8 13 14 5.599 0.707 -1.776
SPIN 4 8 13 15 -5.395 -1.439 -1.955
SPIN 1 8 14 0 -0.109 5.004 3.154
SPIN 1 8 14 1 0.916 2.252 5.394
SPIN 1 8 14 2 4.415 -0.954 3.821
SPIN 1 8 14 3 4.810 1.493 -3.104
SPIN 1 8 14 4 -3.105 2.486 -4.379
SPIN 1 8 14 5 -2.424 5.300 -1.020
SPIN 1 8 14 6 5.350 0.205 -2.516
SPIN 1 8 14 7 -4.191 -1.380 -3.941
SPIN 1 8 14 8 3.065 -1.706 4.764
SPIN 1 8 14 9 5.483 2.099 0.729
SPIN 1 8 14 10 -2.895 4.815 1.852
SPIN 1 8 14 11 1.767 -5.451 -1.472
SPIN 1 8 14 12 -4.729 3.484 -0.703
SPIN 1 8 14 13 3.963 -0.324 4.381
SPIN 1 8 14 14 5.313 -0.836 2.464
SPIN 1 8 14 15 1.383 -5.408 1.959
SPIN 4 8 14 0 -5.554 -1.927 0.663
SPIN 4 8 14 1 -2.601 3.641 -3.870
SPIN 4 8 14 2 5.740 1.351 -0.473
SPIN 4 8 14 3 2.209 -5.065 -2.114
SPIN 4 8 14 4 4.237 0.718 4.066
SPIN 4 8 14 5 -1.411 4.105 -4.019
SPIN 4 8 14 6 -5.863 0.480 -0.628
SPIN 4 8 14 7 0.723 2.941 5.082
SPIN 4 8 14 8 -5.069 -2.165 -2.149
SPIN 4 8 14 9 -1.485 1.983 5.373
SPIN 4 8 14 10 -4.196 -4.125 0.610
SPIN 4 8 14 11 -1.503 4.481 3.558
SPIN 4 8 14 12 -3.590 -1.647 4.405
SPIN 4 8 14 13 -2.857 -5.144 0.612
SPIN 4 8 14 14 -1.597 5.247 2.219
SPIN 4 8 14 15 0.965 -5.050 2.927
SPIN 1 8 15 0 -5.513 -1.957 0.879
SPIN 1 8 15 1 5.166 0.804 2.768
SPIN 1 8 15 2 -1.624 0.803 -5.632
SPIN 1 8 15 3 1.653 -3.039 4.799
SPIN 1 8 15 4 -2.359 3.526 -4.124
SPIN 1 8 15 5 -4.011 -3.269 -2.868
SPIN 1 8 15 6 3.999 0.178 4.357
SPIN 1 8 15 7 5.736 0.919 -1.122
SPIN 1 8 15 8 -5.145 -2.846 0.655
SPIN 1 8 15 9 5.821 -0.106 1.051
SPIN 1 8 15 10 -3.027 -3.575 -3.613
SPIN 1 8 15 11 2.864 4.181 3.053
SPIN 1 8 15 12 -0.122 -4.827 -3.418
SPIN 1 8 15 13 -2.675 -3.813 -3.647
SPIN 1 8 15 14 2.908 4.263 2.892
SPIN 1 8 15 15 -5.798 0.729 0.924
SPIN 4 8 15 0 4.826 3.272 1.001
SPIN 4 8 15 1 -3.745 -4.579 0.087
SPIN 4 8 15 2 -2.084 1.966 -5.176
SPIN 4 8 15 3 -3.431 3.421 3.395
SPIN 4 8 15 4 2.403 0.902 -5.330
SPIN 4 8 15 5 -1.849 -2.783 4.882
SPIN 4 8 15 6 3.477 -1.914 4.387
SPIN 4 8 15 7 -2.437 5.159 -1.566
SPIN 4 8 15 8 4.842 3.245 1.012
SPIN 4 8 15 9 -3.244 2.261 -4.400
SPIN 4 8 15 10 4.196 -4.114 -0.683
SPIN 4 8 15 11 -4.478 -3.865 0.086
SPIN 4 8 15 12 -4.505 2.500 -2.909
SPIN 4 8 15 13 1.258 2.963 4.963
SPIN 4 8 15 14 3.762 -3.701 -2.673
SPIN 4 8 15 15 -0.640 -4.601 3.663
SPIN 3 8 0 0 -1.087 1.211 -5.688
SPIN 3 8 0 1 2.529 -2.025 -4.950
SPIN 3 8 0 2 -1.624 2.064 5.301
SPIN 3 8 0 3 4.884 0.578 3.289
SPIN 3 8 0 4 -5.502 -1.910 1.041
SPIN 3 8 0 5 5.807 0.582 0.968
SPIN 3 8 0 6 -2.700 5.222 0.661
SPIN 3 8 0 7 1.848 -5.312 1.836
SPIN 3 8 0 8 -5.334 -1.403 2.141
SPIN 3 8 0 9 1.526 -0.325 -5.707
SPIN 3 8 0 10 -3.982 4.314 -0.729
SPIN 3 8 0 11 5.164 -2.721 0.965
SPIN 3 8 0 12 4.010 2.665 3.438
SPIN 3 8 0 13 -5.558 -2.024 -0.130
SPIN 3 8 0 14 -5.470 2.161 0.640
SPIN 3 8 0 15 0.483 -1.612 5.672
SPIN 2 8 0 0 5.122 0.648 -2.889
SPIN 2 8 0 1 3.152 -4.127 2.834
SPIN 2 8 0 2 2.981 -1.984 -4.709
SPIN 2 8 0 3 -0.393 -0.295 5.896
SPIN 2 8 0 4 2.667 -4.019 -3.426
SPIN 2 8 0 5 -3.417 -4.532 1.667
SPIN 2 8 0 6 -4.227 -0.587 4.097
SPIN 2 8 0 7 5.130 2.286 1.861
SPIN 2 8 0 8 4.180 -1.019 -4.060
SPIN 2 8 0 9 -4.790 2.695 2.189
SPIN 2 8 0 10 4.608 -1.246 -3.496
SPIN 2 8 0 11 3.480 -4.428 1.811
SPIN 2 8 0 12 -5.569 0.344 1.967
SPIN 2 8 0 13 -2.874 5.137 0.595
SPIN 2 8 0 14 4.764 2.576 2.381
SPIN 2 8 0 15 4.753 -2.177 -2.770
SPIN 3 8 1 0 -4.271 3.798 -1.529
SPIN 3 8 1 1 2.422 -4.593 -2.835
SPIN 3 8 1 2 -2.830 2.178 4.717
SPIN 3 8 1 3 -3.532 -1.935 -4.334
SPIN 3 8 1 4 5.849 0.624 -0.636
SPIN 3 8 1 5 -1.880 -5.095 -2.347
SPIN 3 8 1 6 4.499 -3.381 1.825
SPIN 3 8 1 7 -3.890 -2.946 3.345
SPIN 3 8 1 8 -0.078 4.546 -3.785
SPIN 3 8 1 9 -2.227 4.641 2.915
SPIN 3 8 1 10 0.127 1.852 -5.617
SPIN 3 8 1 11 3.885 -3.715 2.471
SPIN 3 8 1 12 -5.280 -1.142 2.412
SPIN 3 8 1 13 5.590 -0.111 1.935
SPIN 3 8 1 14 2.432 -4.330 -3.215
SPIN 3 8 1 15 -3.029 -5.079 0.155
SPIN 2 8 1 0 -5.417 1.299 1.992
SPIN 2 8 1 1 4.475 3.744 -0.978
SPIN 2 8 1 2 5.889 0.537 -0.159
SPIN 2 8 1 3 2.313 -5.197 -1.624
SPIN 2 8 1 4 2.583 3.512 -4.000
SPIN 2 8 1 5 -2.585 -4.084 3.412
SPIN 2 8 1 6 -3.843 4.096 1.859
SPIN 2 8 1 7 -5.709 -1.299 0.847
SPIN 2 8 1 8 3.977 0.000 4.380
SPIN 2 8 1 9 5.325 -2.293 1.177
SPIN 2 8 1 10 2.720 3.763 3.667
SPIN 2 8 1 11 -3.945 3.105 3.130
SPIN 2 8 1 12 3.034 2.880 -4.183
SPIN 2 8 1 13 0.916 -2.222 5.406
SPIN 2 8 1 14 4.383 -2.380 -3.182
SPIN 2 8 1 15 -0.682 2.329 5.396
SPIN 3 8 2 0 1.892 -4.720 3.024
SPIN 3 8 2 1 -3.689 3.193 3.347
SPIN 3 8 2 2 0.869 -3.703 -4.531
SPIN 3 8 2 3 2.323 4.500 3.059
SPIN 3 8 2 4 1.978 2.030 5.193
SPIN 3 8 2 5 0.527 -5.800 -1.038
SPIN 3 8 2 6 2.674 4.948 1.835
SPIN 3 8 2 7 2.573 -1.159 -5.199
SPIN 3 8 2 8 2.501 -1.410 5.172
SPIN 3 8 2 9 1.193 4.228 -3.963
SPIN 3 8 2 10 -4.900 -3.059 -1.278
SPIN 3 8 2 11 1.578 -0.130 5.700
SPIN 3 8 2 12 5.199 2.760 -0.598
SPIN 3 8 2 13 0.225 5.705 -1.551
SPIN 3 8 2 14 0.553 4.316 -4.008
SPIN 3 8 2 15 4.357 3.804 -1.241
SPIN 2 8 2 0 -5.233 2.577 -0.984
SPIN 2 8 2 1 -2.334 5.406 0.569
SPIN 2 8 2 2 5.742 1.283 -0.616
SPIN 2 8 2 3 -3.632 4.167 -2.108
SPIN 2 8 2 4 -3.797 -2.345 3.884
SPIN 2 8 2 5 -0.951 5.838 -0.136
SPIN 2 8 2 6 5.501 -1.880 -1.100
SPIN 2 8 2 7 -5.738 1.370 -0.445
SPIN 2 8 2 8 2.289 -4.295 3.363
SPIN 2 8 2 9 -3.477 -4.335 2.028
SPIN 2 8 2 10 5.530 1.116 1.781
SPIN 2 8 2 11 4.197 -0.074 4.169
SPIN 2 8 2 12 -5.433 -1.411 1.868
SPIN 2 8 2 13 5.388 2.035 1.352
SPIN 2 8 2 14 2.784 5.052 1.313
SPIN 2 8 2 15 0.231 -3.928 4.418
SPIN 3 8 3 0 -1.051 2.240 -5.374
SPIN 3 8 3 1 -5.463 0.040 2.271
SPIN 3 8 3 2 4.942 3.240 -0.285
SPIN 3 8 3 3 4.470 -3.762 0.927
SPIN 3 8 3 4 0.888 -5.491 -2.014
SPIN 3 8 3 5 4.812 2.728 2.098
SPIN 3 8 3 6 -1.001 -0.325 5.822
SPIN 3 8 3 7 -0.901 4.126 -4.143
SPIN 3 8 3 8 -1.040 -0.118 -5.823
SPIN 3 8 3 9 4.181 4.093 0.875
SPIN 3 8 3 10 1.196 -5.613 -1.438
SPIN 3 8 3 11 -1.260 -3.989 -4.183
SPIN 3 8 3 12 -1.363 5.331 -2.172
SPIN 3 8 3 13 -5.604 0.898 -1.669
SPIN 3 8 3 14 -4.799 -0.803 -3.365
SPIN 3 8 3 15 -3.564 0.502 4.696
SPIN 2 8 3 0 -5.434 -2.339 -0.026
SPIN 2 8 3 1 5.172 0.005 2.873
SPIN 2 8 3 2 -5.393 1.391 1.994
SPIN 2 8 3 3 0.979 -4.255 3.992
SPIN 2 8 3 4 0.072 -0.758 5.867
SPIN 2 8 3 5 -3.220 -0.441 4.943
SPIN 2 8 3 6 -1.510 5.630 1.012
SPIN 2 8 3 7 -5.003 2.686 -1.661
SPIN 2 8 3 8 4.444 3.816 -0.832
SPIN 2 8 3 9 5.384 -1.634 1.828
SPIN 2 8 3 10 -0.877 -5.642 -1.550
SPIN 2 8 3 11 -0.689 5.573 1.861
SPIN 2 8 3 12 1.213 -4.273 -3.908
SPIN 2 8 3 13 0.239 -5.891 0.485
SPIN 2 8 3 14 -3.827 -4.397 1.008
SPIN 2 8 3 15 3.206 -4.795 1.314
SPIN 3 8 4 0 -2.730 4.442 2.795
SPIN 3 8 4 1 4.944 -0.833 3.140
SPIN 3 8 4 2 3.496 -4.312 -2.045
SPIN 3 8 4 3 1.265 5.591 1.462
SPIN 3 8 4 4 2.115 -0.641 5.488
SPIN 3 8 4 5 -4.031 -3.008 -3.115
SPIN 3 8 4 6 2.241 4.405 -3.252
SPIN 3 8 4 7 0.182 1.566 5.702
SPIN 3 8 4 8 -3.564 -4.083 -2.372
SPIN 3 8 4 9 5.071 -0.381 3.023
SPIN 3 8 4 10 -3.639 4.105 -2.215
SPIN 3 8 4 11 4.704 0.859 3.484
SPIN 3 8 4 12 -1.133 -3.381 -4.721
SPIN 3 8 4 13 -0.017 3.894 4.454
SPIN 3 8 4 14 3.709 -3.000 -3.499
SPIN 3 8 4 15 1.002 -0.647 -5.795
SPIN 2 8 4 0 -4.265 3.895 1.280
SPIN 2 8 4 1 -2.773 3.373 -3.991
SPIN 2 8 4 2 -5.312 2.079 1.570
SPIN 2 8 4 3 2.623 5.142 1.297
SPIN 2 8 4 4 -1.586 -5.663 0.643
SPIN 2 8 4 5 -2.943 3.580 -3.677
SPIN 2 8 4 6 2.889 -1.020 5.061
SPIN 2 8 4 7 -0.880 -5.849 -0.114
SPIN 2 8 4 8 -0.209 -5.600 1.897
SPIN 2 8 4 9 2.057 -2.306 -5.045
SPIN 2 8 4 10 -1.743 4.002 3.993
SPIN 2 8 4 11 -5.255 -0.995 -2.529
SPIN 2 8 4 12 3.077 0.976 4.958
SPIN 2 8 4 13 0.953 -5.839 -0.046
SPIN 2 8 4 14 5.129 2.053 2.115
SPIN 2 8 4 15 -4.753 3.430 0.801
SPIN 3 8 5 0 -5.088 2.606 -1.522
SPIN 3 8 5 1 4.663 1.040 -3.489
SPIN 3 8 5 2 -2.260 -3.164 -4.459
SPIN 3 8 5 3 -4.220 3.408 -2.362
SPIN 3 8 5 4 -3.464 -0.165 -4.793
SPIN 3 8 5 5 -4.913 -3.295 0.018
SPIN 3 8 5 6 -4.160 2.981 -2.969
SPIN 3 8 5 7 5.610 1.323 -1.333
SPIN 3 8 5 8 1.782 3.879 4.096
SPIN 3 8 5 9 5.165 -1.549 2.434
SPIN 3 8 5 10 5.858 0.825 -0.041
SPIN 3 8 5 11 -3.134 2.308 4.455
SPIN 3 8 5 12 1.939 5.346 -1.631
SPIN 3 8 5 13 0.925 -5.599 1.673
SPIN 3 8 5 14 -4.840 3.255 -0.989
SPIN 3 8 5 15 5.760 0.798 1.088
SPIN 2 8 5 0 1.346 -5.735 -0.543
SPIN 2 8 5 1 -0.189 -3.888 4.455
SPIN 2 8 5 2 5.897 0.468 0.028
SPIN 2 8 5 3 -3.338 -4.858 0.507
SPIN 2 8 5 4 5.248 -1.915 1.948
SPIN 2 8 5 5 -0.104 -4.199 -4.166
SPIN 2 8 5 6 -0.426 5.844 0.813
SPIN 2 8 5 7 5.196 -0.752 2.728
SPIN 2 8 5 8 -5.077 2.642 -1.498
SPIN 2 8 5 9 -4.525 -2.168 -3.134
SPIN 2 8 5 10 1.306 3.462 -4.616
SPIN 2 8 5 11 1.359 -2.673 -5.100
SPIN 2 8 5 12 -3.751 -1.763 -4.221
SPIN 2 8 5 13 1.202 -5.187 2.579
SPIN 2 8 5 14 5.883 0.625 -0.056
SPIN 2 8 5 15 -1.357 4.457 3.646
SPIN 3 8 6 0 -0.740 0.529 5.846
SPIN 3 8 6 1 -4.780 3.336 1.015
SPIN 3 8 6 2 3.899 4.053 -1.834
SPIN 3 8 6 3 0.974 -5.151 2.741
SPIN 3 8 6 4 -2.405 -0.180 5.402
SPIN 3 8 6 5 -2.632 -5.268 -0.563
SPIN 3 8 6 6 3.485 3.712 3.013
SPIN 3 8 6 7 -1.714 -4.075 3.931
SPIN 3 8 6 8 -1.816 2.039 -5.248
SPIN 3 8 6 9 -2.709 3.597 3.837
SPIN 3 8 6 10 3.153 3.149 3.892
SPIN 3 8 6 11 -1.070 3.732 -4.464
SPIN 3 8 6 12 3.210 -0.764 -4.910
SPIN 3 8 6 13 1.491 -0.202 5.722
SPIN 3 8 6 14 -3.616 -2.950 3.637
SPIN 3 8 6 15 5.418 1.220 -2.038
SPIN 2 8 6 0 -0.916 4.866 3.238
SPIN 2 8 6 1 4.174 -4.034 1.142
SPIN 2 8 6 2 2.322 3.880 -3.815
SPIN 2 8 6 3 -1.455 -5.107 2.608
SPIN 2 8 6 4 -2.867 -3.598 3.720
SPIN 2 8 6 5 3.339 0.083 -4.883
SPIN 2 8 6 6 -2.438 -4.764 2.521
SPIN 2 8 6 7 -0.637 5.798 0.991
SPIN 2 8 6 8 1.554 -0.212 5.704
SPIN 2 8 6 9 2.319 -0.070 5.442
SPIN 2 8 6 10 2.073 -0.282 5.534
SPIN 2 8 6 11 -1.536 0.881 -5.645
SPIN 2 8 6 12 4.265 -3.882 -1.317
SPIN 2 8 6 13 -1.612 4.614 3.334
SPIN 2 8 6 14 1.203 5.615 -1.424
SPIN 2 8 6 15 1.125 -2.916 -5.023
SPIN 3 8 7 0 -2.778 2.103 4.782
SPIN 3 8 7 1 -4.318 3.127 2.564
SPIN 3 8 7 2 1.576 -4.477 3.532
SPIN 3 8 7 3 2.730 5.001 1.594
SPIN 3 8 7 4 3.839 1.118 -4.360
SPIN 3 8 7 5 3.974 -2.543 -3.569
SPIN 3 8 7 6 -5.127 0.379 -2.927
SPIN 3 8 7 7 5.874 -0.086 -0.703
SPIN 3 8 7 8 0.126 0.006 -5.915
SPIN 3 8 7 9 -0.943 -1.087 5.738
SPIN 3 8 7 10 -5.586 1.335 1.419
SPIN 3 8 7 11 1.981 -5.282 -1.782
SPIN 3 8 7 12 -0.884 5.263 2.553
SPIN 3 8 7 13 -5.588 -1.723 0.898
SPIN 3 8 7 14 -5.257 0.235 -2.704
SPIN 3 8 7 15 -0.102 -5.842 0.929
SPIN 2 8 7 0 2.163 -5.347 -1.317
SPIN 2 8 7 1 -3.051 4.413 -2.494
SPIN 2 8 7 2 3.356 4.754 1.064
SPIN 2 8 7 3 -2.270 -1.855 -5.139
SPIN 2 8 7 4 -4.048 1.547 -4.027
SPIN 2 8 7 5 -1.803 -0.465 5.615
SPIN 2 8 7 6 3.813 0.628 -4.479
SPIN 2 8 7 7 -1.377 1.213 5.624
SPIN 2 8 7 8 -4.143 -1.374 3.994
SPIN 2 8 7 9 -3.818 -4.504 -0.369
SPIN 2 8 7 10 -2.243 4.830 2.577
SPIN 2 8 7 11 4.619 -2.921 -2.266
SPIN 2 8 7 12 -1.081 5.338 2.311
SPIN 2 8 7 13 -4.841 -1.543 3.031
SPIN 2 8 7 14 5.224 1.253 -2.477
SPIN 2 8 7 15 3.284 1.524 4.679
SPIN 3 8 8 0 -1.643 -4.199 -3.830
SPIN 3 8 8 1 -5.846 -0.307 -0.853
SPIN 3 8 8 2 5.193 0.011 -2.835
SPIN 3 8 8 3 -4.894 -2.816 1.766
SPIN 3 8 8 4 0.940 -5.098 -2.850
SPIN 3 8 8 5 -1.407 5.644 1.082
SPIN 3 8 8 6 5.671 -1.132 1.249
SPIN 3 8 8 7 4.101 -3.423 -2.542
SPIN 3 8 8 8 -0.981 5.805 -0.579
SPIN 3 8 8 9 -0.133 -5.300 2.626
SPIN 3 8 8 10 5.577 1.973 -0.082
SPIN 3 8 8 11 -0.159 -4.201 -4.162
SPIN 3 8 8 12 -4.878 -3.339 -0.243
SPIN 3 8 8 13 -3.372 4.172 -2.494
SPIN 3 8 8 14 -2.528 5.222 1.159
SPIN 3 8 8 15 4.556 3.417 1.603
SPIN 2 8 8 0 -1.531 3.842 -4.230
SPIN 2 8 8 1 -4.931 -3.223 0.546
SPIN 2 8 8 2 5.601 -1.783 -0.672
SPIN 2 8 8 3 -0.721 3.481 -4.729
SPIN 2 8 8 4 4.261 -3.148 -2.634
SPIN 2 8 8 5 0.961 -1.057 5.741
SPIN 2 8 8 6 -5.785 -0.585 -1.092
SPIN 2 8 8 7 4.529 0.346 -3.791
SPIN 2 8 8 8 -0.170 -0.808 5.858
SPIN 2 8 8 9 -2.218 3.438 -4.273
SPIN 2 8 8 10 4.950 1.751 -2.726
SPIN 2 8 8 11 -5.705 0.216 -1.550
SPIN 2 8 8 12 0.414 5.326 -2.541
SPIN 2 8 8 13 -0.486 -2.589 5.297
SPIN 2 8 8 14 -1.897 3.742 -4.172
SPIN 2 8 8 15 -0.251 -1.497 5.718
SPIN 3 8 9 0 4.988 2.891 1.327
SPIN 3 8 9 1 1.066 -3.353 4.756
SPIN 3 8 9 2 3.001 3.391 3.807
SPIN 3 8 9 3 3.987 -1.154 4.215
SPIN 3 8 9 4 3.089 1.432 -4.838
SPIN 3 8 9 5 3.316 0.861 -4.823
SPIN 3 8 9 6 3.359 2.869 -3.935
SPIN 3 8 9 7 -5.094 3.009 0.026
SPIN 3 8 9 8 3.230 -4.019 2.901
SPIN 3 8 9 9 -4.119 2.063 -3.712
SPIN 3 8 9 10 5.020 3.130 -0.058
SPIN 3 8 9 11 3.968 0.600 4.347
SPIN 3 8 9 12 1.251 4.724 -3.334
SPIN 3 8 9 13 0.783 -5.727 1.261
SPIN 3 8 9 14 -0.159 3.494 -4.771
SPIN 3 8 9 15 2.470 -0.748 5.324
SPIN 2 8 9 0 5.398 -2.325 -0.675
SPIN 2 8 9 1 3.250 4.726 -1.450
SPIN 2 8 9 2 1.283 0.286 5.768
SPIN 2 8 9 3 4.423 3.563 -1.657
SPIN 2 8 9 4 -1.670 2.442 5.123
SPIN 2 8 9 5 -5.498 -2.147 -0.406
SPIN 2 8 9 6 0.306 3.679 4.623
SPIN 2 8 9 7 0.962 2.421 5.311
SPIN 2 8 9 8 -3.441 -0.904 -4.727
SPIN 2 8 9 9 -4.624 -3.688 0.154
SPIN 2 8 9 10 0.607 -0.022 5.885
SPIN 2 8 9 11 2.974 5.007 1.040
SPIN 2 8 9 12 -3.302 4.904 0.230
SPIN 2 8 9 13 -3.574 -2.900 -3.716
SPIN 2 8 9 14 -3.584 4.525 1.295
SPIN 2 8 9 15 -1.893 -4.615 3.181
SPIN 3 8 10 0 -0.006 1.998 5.568
SPIN 3 8 10 1 -4.090 2.093 3.727
SPIN 3 8 10 2 1.766 -5.586 -0.826
SPIN 3 8 10 3 3.306 -2.148 -4.411
SPIN 3 8 10 4 3.352 1.825 4.520
SPIN 3 8 10 5 0.352 3.904 -4.431
SPIN 3 8 10 6 -5.601 -1.895 0.207
SPIN 3 8 10 7 -4.460 3.245 2.139
SPIN 3 8 10 8 -1.566 -2.243 -5.246
SPIN 3 8 10 9 3.470 -0.996 4.687
SPIN 3 8 10 10 -4.454 2.615 2.885
SPIN 3 8 10 11 -1.239 5.594 1.475
SPIN 3 8 10 12 0.338 -5.877 -0.584
SPIN 3 8 10 13 -1.286 2.693 -5.108
SPIN 3 8 10 14 2.559 -3.969 3.563
SPIN 3 8 10 15 -0.519 -4.405 3.915
SPIN 2 8 10 0 -3.238 4.914 0.611
SPIN 2 8 10 1 4.236 -3.842 1.516
SPIN 2 8 10 2 1.158 -0.742 -5.754
SPIN 2 8 10 3 -0.439 5.477 2.194
SPIN 2 8 10 4 2.359 -1.111 5.310
SPIN 2 8 10 5 3.435 1.081 4.694
SPIN 2 8 10 6 -0.273 5.258 2.698
SPIN 2 8 10 7 -0.555 -4.583 -3.699
SPIN 2 8 10 8 -5.586 -1.936 -0.226
SPIN 2 8 10 9 4.141 -3.737 1.972
SPIN 2 8 10 10 -3.195 2.631 4.227
SPIN 2 8 10 11 -3.472 -4.444 1.788
SPIN 2 8 10 12 1.847 0.429 -5.604
SPIN 2 8 10 13 -3.369 3.116 -3.733
SPIN 2 8 10 14 4.989 -3.095 0.731
SPIN 2 8 10 15 -0.450 5.843 0.813
SPIN 3 8 11 0 2.852 -0.048 -5.183
SPIN 3 8 11 1 5.869 -0.435 -0.601
SPIN 3 8 11 2 1.769 -4.195 -3.778
SPIN 3 8 11 3 1.254 5.672 -1.122
SPIN 3 8 11 4 -5.741 -1.349 0.476
SPIN 3 8 11 5 3.974 -3.969 -1.858
SPIN 3 8 11 6 1.237 5.573 -1.552
SPIN 3 8 11 7 0.742 -4.380 -3.908
SPIN 3 8 11 8 -3.294 4.078 2.742
SPIN 3 8 11 9 3.850 0.121 -4.490
SPIN 3 8 11 10 -2.762 0.191 -5.228
SPIN 3 8 11 11 0.778 3.433 4.755
SPIN 3 8 11 12 2.646 5.173 -1.115
SPIN 3 8 11 13 4.011 -4.347 0.122
SPIN 3 8 11 14 -3.165 -0.326 -4.987
SPIN 3 8 11 15 -3.146 4.557 -2.082
SPIN 2 8 11 0 -4.512 -3.726 -0.873
SPIN 2 8 11 1 0.259 4.557 -3.764
SPIN 2 8 11 2 -3.657 -3.980 -2.405
SPIN 2 8 11 3 -2.157 5.440 0.868
SPIN 2 8 11 4 0.022 2.854 -5.182
SPIN 2 8 11 5 2.223 4.087 -3.654
SPIN 2 8 11 6 3.229 2.342 -4.369
SPIN 2 8 11 7 3.030 -1.672 4.798
SPIN 2 8 11 8 1.591 -0.718 -5.653
SPIN 2 8 11 9 -5.433 -1.674 -1.636
SPIN 2 8 11 10 5.668 -1.235 -1.160
SPIN 2 8 11 11 -1.974 4.009 -3.877
SPIN 2 8 11 12 -2.879 -3.041 4.179
SPIN 2 8 11 13 5.475 0.000 2.242
SPIN 2 8 11 14 -5.121 1.625 2.478
SPIN 2 8 11 15 -3.992 -4.334 -0.525
SPIN 3 8 12 0 1.935 5.216 -2.012
SPIN 3 8 12 1 4.953 3.051 1.077
SPIN 3 8 12 2 -4.844 2.204 2.584
SPIN 3 8 12 3 4.952 -3.028 -1.146
SPIN 3 8 12 4 -2.442 -1.130 -5.268
SPIN 3 8 12 5 -4.859 3.373 0.097
SPIN 3 8 12 6 -3.747 -4.178 -1.871
SPIN 3 8 12 7 -5.318 2.591 -0.100
SPIN 3 8 12 8 4.628 3.128 1.949
SPIN 3 8 12 9 2.313 -5.278 1.338
SPIN 3 8 12 10 -2.548 0.946 5.255
SPIN 3 8 12 11 -2.317 -0.411 -5.428
SPIN 3 8 12 12 2.717 -0.516 -5.230
SPIN 3 8 12 13 -4.139 2.471 -3.430
SPIN 3 8 12 14 -3.399 -1.608 -4.567
SPIN 3 8 12 15 -4.728 2.436 -2.591
SPIN 2 8 12 0 1.528 -2.057 -5.332
SPIN 2 8 12 1 1.878 0.745 5.560
SPIN 2 8 12 2 -0.030 -4.433 -3.918
SPIN 2 8 12 3 -3.457 -2.929 3.804
SPIN 2 8 12 4 4.249 -1.172 -3.946
SPIN 2 8 12 5 1.002 -5.746 0.988
SPIN 2 8 12 6 4.258 -3.353 2.371
SPIN 2 8 12 7 -5.608 -1.170 -1.477
SPIN 2 8 12 8 -1.534 -4.493 3.530
SPIN 2 8 12 9 -4.651 -0.018 3.656
SPIN 2 8 12 10 -2.966 5.100 0.437
SPIN 2 8 12 11 3.578 -1.931 4.298
SPIN 2 8 12 12 -4.940 2.873 1.530
SPIN 2 8 12 13 3.490 0.100 4.776
SPIN 2 8 12 14 -1.850 1.677 5.364
SPIN 2 8 12 15 4.397 0.876 -3.860
SPIN 3 8 13 0 -2.961 2.991 4.157
SPIN 3 8 13 1 -3.721 3.782 2.617
SPIN 3 8 13 2 5.341 -2.543 0.115
SPIN 3 8 13 3 -4.603 -2.419 -2.822
SPIN 3 8 13 4 1.088 5.814 -0.124
SPIN 3 8 13 5 -4.621 2.841 -2.362
SPIN 3 8 13 6 -2.643 -5.292 -0.090
SPIN 3 8 13 7 -0.688 2.325 -5.397
SPIN 3 8 13 8 -2.973 -4.859 1.599
SPIN 3 8 13 9 4.428 3.923 0.051
SPIN 3 8 13 10 2.341 -5.391 0.674
SPIN 3 8 13 11 -2.340 -5.420 0.380
SPIN 3 8 13 12 -5.286 2.457 1.013
SPIN 3 8 13 13 -2.464 0.756 -5.325
SPIN 3 8 13 14 0.102 -5.849 0.881
SPIN 3 8 13 15 4.682 -1.163 3.424
SPIN 2 8 13 0 -5.322 -0.236 2.574
SPIN 2 8 13 1 -1.304 -5.606 1.371
SPIN 2 8 13 2 -2.711 3.401 -4.011
SPIN 2 8 13 3 -3.572 4.185 2.174
SPIN 2 8 13 4 -5.853 0.643 0.569
SPIN 2 8 13 5 -3.060 -4.547 2.227
SPIN 2 8 13 6 0.512 4.144 4.191
SPIN 2 8 13 7 5.540 0.822 1.905
SPIN 2 8 13 8 -2.270 5.242 1.538
SPIN 2 8 13 9 -4.611 -1.342 -3.455
SPIN 2 8 13 10 -4.954 0.643 -3.169
SPIN 2 8 13 11 -2.857 2.015 4.772
SPIN 2 8 13 12 -4.895 -0.084 -3.321
SPIN 2 8 13 13 -2.482 -2.848 -4.553
SPIN 2 8 13 14 5.139 2.769 -0.961
SPIN 2 8 13 15 -3.015 5.024 0.822
SPIN 3 8 14 0 -2.587 2.469 -4.713
SPIN 3 8 14 1 -5.613 1.375 1.269
SPIN 3 8 14 2 0.765 -5.352 -2.401
SPIN 3 8 14 3 0.580 5.630 1.722
SPIN 3 8 14 4 5.659 1.706 0.249
SPIN 3 8 14 5 -1.252 1.528 5.577
SPIN 3 8 14 6 -3.289 3.339 -3.610
SPIN 3 8 14 7 3.199 0.851 4.903
SPIN 3 8 14 8 5.146 2.266 1.840
SPIN 3 8 14 9 -4.952 -0.463 -3.204
SPIN 3 8 14 10 -3.549 -1.927 4.323
SPIN 3 8 14 11 0.980 0.812 -5.778
SPIN 3 8 14 12 -0.053 0.383 5.903
SPIN 3 8 14 13 3.597 -2.744 3.812
SPIN 3 8 14 14 -4.193 4.022 1.118
SPIN 3 8 14 15 -2.249 -5.462 0.321
SPIN 2 8 14 0 -4.443 -3.319 -2.060
SPIN 2 8 14 1 5.291 -2.201 -1.470
SPIN 2 8 14 2 -0.631 -1.906 -5.565
SPIN 2 8 14 3 4.721 -0.431 -3.539
SPIN 2 8 14 4 -0.105 0.011 5.915
SPIN 2 8 14 5 -0.912 -5.403 2.229
SPIN 2 8 14 6 2.211 -3.458 -4.261
SPIN 2 8 14 7 -0.647 2.216 5.447
SPIN 2 8 14 8 -4.920 1.009 -3.127
SPIN 2 8 14 9 -5.003 2.601 1.791
SPIN 2 8 14 10 -2.839 4.794 1.989
SPIN 2 8 14 11 5.854 -0.615 -0.593
SPIN 2 8 14 12 1.225 -0.056 -5.788
SPIN 2 8 14 13 3.699 -4.125 -2.074
SPIN 2 8 14 14 -2.615 -3.510 -3.981
SPIN 2 8 14 15 5.249 2.514 1.061
SPIN 3 8 15 0 4.366 2.448 3.154
SPIN 3 8 15 1 -1.700 0.871 -5.599
SPIN 3 8 15 2 -2.616 5.125 1.375
SPIN 3 8 15 3 3.351 -3.269 -3.617
SPIN 3 8 15 4 -2.880 -5.093 0.874
SPIN 3 8 15 5 -5.140 -2.832 -0.748
SPIN 3 8 15 6 -3.250 1.125 4.814
SPIN 3 8 15 7 -5.715 1.151 -1.007
SPIN 3 8 15 8 3.152 0.529 -4.978
SPIN 3 8 15 9 4.847 -2.854 1.833
SPIN 3 8 15 10 2.779 1.883 -4.871
SPIN 3 8 15 11 1.860 5.581 -0.630
SPIN 3 8 15 12 -1.829 -5.001 2.578
SPIN 3 8 15 13 -5.877 -0.401 0.544
SPIN 3 8 15 14 4.043 -3.719 -2.195
SPIN 3 8 15 15 -1.019 4.967 -3.049
SPIN 2 8 15 0 -3.533 -0.443 4.725
SPIN 2 8 15 1 5.337 -2.551 0.091
SPIN 2 8 15 2 2.059 -5.129 -2.109
SPIN 2 8 15 3 -3.823 4.057 1.982
SPIN 2 8 15 4 1.436 3.222 4.749
SPIN 2 8 15 5 2.262 4.225 -3.469
SPIN 2 8 15 6 -3.083 3.883 -3.228
SPIN 2 8 15 7 1.061 -0.857 -5.757
SPIN 2 8 15 8 2.042 -0.386 5.539
SPIN 2 8 15 9 -0.998 -0.071 -5.831
SPIN 2 8 15 10 1.243 4.226 3.949
SPIN 2 8 15 11 -2.720 -2.490 4.627
SPIN 2 8 15 12 0.246 -1.425 5.737
SPIN 2 8 15 13 -0.681 -3.459 -4.751
SPIN 2 8 15 14 2.280 5.000 2.191
SPIN 2 8 15 15 -4.323 -0.336 -4.024
SPIN 1 9 0 0 1.647 2.573 5.066
SPIN 1 9 0 1 4.194 -2.659 -3.216
SPIN 1 9 0 2 -3.296 4.903 -0.314
SPIN 1 9 0 3 2.042 2.703 -4.850
SPIN 1 9 0 4 -4.045 0.597 -4.275
SPIN 1 9 0 5 1.489 -5.439 1.789
SPIN 1 9 0 6 0.031 -5.318 -2.593
SPIN 1 9 0 7 -5.866 -0.753 0.131
SPIN 1 9 0 8 -2.991 0.214 5.100
SPIN 1 9 0 9 0.877 2.426 -5.324
SPIN 1 9 0 10 2.123 -2.993 4.641
SPIN 1 9 0 11 1.094 4.163 -4.059
SPIN 1 9 0 12 -5.261 -2.171 1.615
SPIN 1 9 0 13 4.323 3.807 1.348
SPIN 1 9 0 14 1.438 -1.970 5.390
SPIN 1 9 0 15 4.706 3.248 1.519
SPIN 4 9 0 0 -1.971 -4.824 2.800
SPIN 4 9 0 1 1.533 0.444 5.697
SPIN 4 9 0 2 4.420 2.609 -2.942
SPIN 4 9 0 3 -2.883 -5.143 0.490
SPIN 4 9 0 4 -0.449 4.767 3.475
SPIN 4 9 0 5 -4.049 -0.918 -4.215
SPIN 4 9 0 6 1.842 2.968 4.775
SPIN 4 9 0 7 0.082 -5.012 -3.142
SPIN 4 9 0 8 4.136 1.109 4.082
SPIN 4 9 0 9 5.182 -1.718 2.280
SPIN 4 9 0 10 2.492 -2.499 4.748
SPIN 4 9 0 11 -3.290 1.910 -4.531
SPIN 4 9 0 12 -0.066 3.669 4.640
SPIN 4 9 0 13 0.984 -4.993 -3.017
SPIN 4 9 0 14 5.380 2.461 -0.036
SPIN 4 9 0 15 -0.160 5.906 -0.311
SPIN 1 9 1 0 5.228 1.121 2.532
SPIN 1 9 1 1 -0.150 5.362 2.496
SPIN 1 9 1 2 3.832 4.350 1.181
SPIN 1 9 1 3 -1.167 5.529 -1.753
SPIN 1 9 1 4 -3.683 -0.656 4.583
SPIN 1 9 1 5 1.043 5.357 -2.282
SPIN 1 9 1 6 -5.688 0.438 -1.566
SPIN 1 9 1 7 4.561 -1.357 -3.515
SPIN 1 9 1 8 -2.348 3.617 -4.050
SPIN 1 9 1 9 5.605 -1.023 -1.593
SPIN 1 9 1 10 3.602 -4.627 0.785
SPIN 1 9 1 11 -5.021 -0.421 -3.100
SPIN 1 9 1 12 5.757 1.318 0.354
SPIN 1 9 1 13 -1.625 0.613 -5.655
SPIN 1 9 1 14 -3.304 4.081 2.726
SPIN 1 9 1 15 2.237 4.270 3.430
SPIN 4 9 1 0 2.852 -2.020 -4.773
SPIN 4 9 1 1 -3.684 4.560 -0.795
SPIN 4 9 1 2 4.001 3.352 -2.785
SPIN 4 9 1 3 4.274 3.730 -1.679
SPIN 4 9 1 4 -1.090 1.787 -5.533
SPIN 4 9 1 5 -3.067 -0.960 4.967
SPIN 4 9 1 6 -5.110 2.504 -1.618
SPIN 4 9 1 7 5.777 0.024 1.274
SPIN 4 9 1 8 -2.877 -1.497 4.948
SPIN 4 9 1 9 0.779 -4.859 -3.283
SPIN 4 9 1 10 0.581 -5.659 1.624
SPIN 4 9 1 11 5.529 0.083 2.104
SPIN 4 9 1 12 0.978 -4.463 -3.759
SPIN 4 9 1 13 -3.739 3.404 -3.071
SPIN 4 9 1 14 2.264 -5.460 -0.255
SPIN 4 9 1 15 3.500 1.434 -4.549
SPIN 1 9 2 0 -1.865 5.359 1.674
SPIN 1 9 2 1 0.479 -5.678 1.592
SPIN 1 9 2 2 -5.641 1.170 -1.345
SPIN 1 9 2 3 -4.107 -4.256 0.121
SPIN 1 9 2 4 3.760 3.951 -2.291
SPIN 1 9 2 5 2.819 1.900 4.842
SPIN 1 9 2 6 2.214 -3.611 -4.130
SPIN 1 9 2 7 -0.260 -0.899 5.842
SPIN 1 9 2 8 1.122 -1.733 -5.544
SPIN 1 9 2 9 -3.887 -4.440 -0.419
SPIN 1 9 2 10 -5.554 -1.793 -0.969
SPIN 1 9 2 11 4.252 -2.857 -2.959
SPIN 1 9 2 12 -2.912 -5.056 -0.981
SPIN 1 9 2 13 5.674 -1.665 0.187
SPIN 1 9 2 14 -5.600 1.897 0.211
SPIN 1 9 2 15 -0.305 -0.954 5.831
SPIN 4 9 2 0 4.439 -2.178 3.249
SPIN 4 9 2 1 1.851 -5.577 -0.685
SPIN 4 9 2 2 4.453 3.875 -0.392
SPIN 4 9 2 3 -3.512 -3.544 -3.179
SPIN 4 9 2 4 3.972 1.314 4.182
SPIN 4 9 2 5 0.240 -2.175 5.497
SPIN 4 9 2 6 -0.432 -4.885 3.309
SPIN 4 9 2 7 -2.150 -2.181 -5.062
SPIN 4 9 2 8 5.770 1.248 -0.386
SPIN 4 9 2 9 2.289 3.262 -4.373
SPIN 4 9 2 10 -0.787 -2.122 5.466
SPIN 4 9 2 11 -0.042 1.278 -5.776
SPIN 4 9 2 12 4.933 -3.188 0.710
SPIN 4 9 2 13 1.808 -4.686 -3.127
SPIN 4 9 2 14 -2.236 0.295 -5.469
SPIN 4 9 2 15 -1.262 -2.189 5.349
SPIN 1 9 3 0 -0.338 -2.848 5.174
SPIN 1 9 3 1 -1.624 5.616 -0.908
SPIN 1 9 3 2 -3.183 -4.938 -0.696
SPIN 1 9 3 3 -3.016 4.098 -3.019
SPIN 1 9 3 4 -2.724 1.400 -5.061
SPIN 1 9 3 5 5.020 -2.881 1.225
SPIN 1 9 3 6 -4.318 -0.187 -4.039
SPIN 1 9 3 7 -3.210 4.951 0.429
SPIN 1 9 3 8 -0.685 -4.393 -3.902
SPIN 1 9 3 9 0.887 3.875 -4.381
SPIN 1 9 3 10 -0.865 -2.045 5.483
SPIN 1 9 3 11 2.707 3.892 -3.539
SPIN 1 9 3 12 3.735 -2.584 3.791
SPIN 1 9 3 13 -2.246 2.526 -4.855
SPIN 1 9 3 14 4.084 2.535 3.449
SPIN 1 9 3 15 4.694 -0.034 -3.601
SPIN 4 9 3 0 2.381 3.990 -3.662
SPIN 4 9 3 1 -2.207 -1.838 -5.172
SPIN 4 9 3 2 -0.540 3.503 4.736
SPIN 4 9 3 3 0.620 2.589 5.283
SPIN 4 9 3 4 5.895 -0.407 -0.298
SPIN 4 9 3 5 0.493 2.851 5.160
SPIN 4 9 3 6 4.413 1.117 -3.779
SPIN 4 9 3 7 2.391 0.744 5.360
SPIN 4 9 3 8 -1.893 -4.421 -3.445
SPIN 4 9 3 9 2.159 4.293 3.451
SPIN 4 9 3 10 4.670 2.079 -2.978
SPIN 4 9 3 11 -5.315 2.418 0.955
SPIN 4 9 3 12 0.069 5.548 2.052
SPIN 4 9 3 13 1.327 -4.950 -2.955
SPIN 4 9 3 14 1.953 1.335 5.423
SPIN 4 9 3 15 -3.896 3.706 -2.468
SPIN 1 9 4 0 -2.579 -3.986 3.530
SPIN 1 9 4 1 -2.030 -5.542 0.410
SPIN 1 9 4 2 4.256 3.886 -1.336
SPIN 1 9 4 3 -1.614 -5.620 -0.903
SPIN 1 9 4 4 1.652 -3.466 -4.501
SPIN 1 9 4 5 0.212 5.841 -0.916
SPIN 1 9 4 6 3.379 -4.786 -0.827
SPIN 1 9 4 7 -3.163 3.760 -3.295
SPIN 1 9 4 8 0.158 3.329 4.888
SPIN 1 9 4 9 4.126 -4.233 0.241
SPIN 1 9 4 10 1.186 -3.503 -4.617
SPIN 1 9 4 11 -4.011 2.817 3.313
SPIN 1 9 4 12 0.290 -5.887 0.510
SPIN 1 9 4 13 4.786 1.370 -3.197
SPIN 1 9 4 14 -3.404 -3.171 -3.655
SPIN 1 9 4 15 -0.259 4.563 -3.756
SPIN 4 9 4 0 2.689 -4.129 -3.273
SPIN 4 9 4 1 -1.731 2.318 5.161
SPIN 4 9 4 2 -2.921 -4.640 2.221
SPIN 4 9 4 3 -4.343 3.342 -2.229
SPIN 4 9 4 4 -2.124 -4.771 2.780
SPIN 4 9 4 5 -4.068 1.379 4.068
SPIN 4 9 4 6 4.756 -1.037 3.363
SPIN 4 9 4 7 -0.796 5.836 -0.553
SPIN 4 9 4 8 -3.872 -3.790 2.376
SPIN 4 9 4 9 2.285 4.678 -2.810
SPIN 4 9 4 10 4.939 -3.110 0.967
SPIN 4 9 4 11 2.410 2.730 -4.662
SPIN 4 9 4 12 0.534 -2.152 -5.485
SPIN 4 9 4 13 0.448 1.214 5.773
SPIN 4 9 4 14 -2.828 1.297 -5.032
SPIN 4 9 4 15 -3.989 -3.612 2.458
SPIN 1 9 5 0 -4.303 -0.876 -3.965
SPIN 1 9 5 1 2.432 -3.487 4.114
SPIN 1 9 5 2 -5.324 -1.635 -1.997
SPIN 1 9 5 3 -1.862 -3.858 -4.080
SPIN 1 9 5 4 4.759 0.461 3.483
SPIN 1 9 5 5 0.790 -5.117 2.863
SPIN 1 9 5 6 -4.339 -3.955 -0.729
SPIN 1 9 5 7 1.473 4.142 3.959
SPIN 1 9 5 8 0.503 -1.119 -5.788
SPIN 1 9 5 9 -1.558 1.508 5.505
SPIN 1 9 5 10 -3.238 2.634 4.192
SPIN 1 9 5 11 2.558 -2.272 -4.826
SPIN 1 9 5 12 -3.885 1.899 4.038
SPIN 1 9 5 13 -2.631 -0.054 5.298
SPIN 1 9 5 14 -4.283 -0.078 4.081
SPIN 1 9 5 15 5.539 -1.130 -1.743
SPIN 4 9 5 0 -2.790 2.286 4.690
SPIN 4 9 5 1 1.262 -0.802 -5.724
SPIN 4 9 5 2 2.406 5.380 0.512
SPIN 4 9 5 3 0.651 -5.609 1.764
SPIN 4 9 5 4 -4.834 2.166 2.634
SPIN 4 9 5 5 0.650 5.729 -1.326
SPIN 4 9 5 6 -2.354 -1.204 5.293
SPIN 4 9 5 7 3.780 -4.550 0.095
SPIN 4 9 5 8 -0.798 3.422 4.759
SPIN 4 9 5 9 -0.670 -5.863 0.425
SPIN 4 9 5 10 -4.550 3.723 0.662
SPIN 4 9 5 11 0.253 5.809 -1.094
SPIN 4 9 5 12 -4.810 -3.304 0.976
SPIN 4 9 5 13 -1.562 5.669 -0.655
SPIN 4 9 5 14 -1.787 -5.494 1.274
SPIN 4 9 5 15 1.111 5.660 1.317
SPIN 1 9 6 0 0.950 -5.547 -1.825
SPIN 1 9 6 1 -2.653 3.719 -3.759
SPIN 1 9 6 2 -0.375 -5.869 -0.639
SPIN 1 9 6 3 -3.841 4.248 -1.485
SPIN 1 9 6 4 -3.524 4.737 -0.381
SPIN 1 9 6 5 -1.249 1.515 -5.581
SPIN 1 9 6 6 3.697 4.595 0.470
SPIN 1 9 6 7 -1.633 -4.565 -3.390
SPIN 1 9 6 8 2.443 5.115 -1.692
SPIN 1 9 6 9 -3.415 -2.461 -4.157
SPIN 1 9 6 10 2.787 -2.865 -4.362
SPIN 1 9 6 11 -5.271 -2.674 -0.255
SPIN 1 9 6 12 0.856 3.089 4.972
SPIN 1 9 6 13 4.147 0.315 -4.207
SPIN 1 9 6 14 0.238 -4.394 -3.955
SPIN 1 9 6 15 -4.155 -4.191 0.408
SPIN 4 9 6 0 1.407 -5.419 -1.913
SPIN 4 9 6 1 3.032 4.960 1.099
SPIN 4 9 6 2 3.969 3.936 1.937
SPIN 4 9 6 3 1.400 -5.231 -2.383
SPIN 4 9 6 4 -4.722 -1.771 3.093
SPIN 4 9 6 5 -4.266 1.888 -3.638
SPIN 4 9 6 6 3.384 -0.429 -4.834
SPIN 4 9 6 7 -2.715 5.256 0.062
SPIN 4 9 6 8 -3.775 -4.273 -1.579
SPIN 4 9 6 9 4.962 -3.031 1.092
SPIN 4 9 6 10 0.123 3.207 -4.970
SPIN 4 9 6 11 -4.533 -3.762 0.545
SPIN 4 9 6 12 2.066 -4.517 -3.214
SPIN 4 9 6 13 -0.199 -1.078 5.814
SPIN 4 9 6 14 1.396 3.936 4.191
SPIN 4 9 6 15 0.638 -4.164 4.153
SPIN 1 9 7 0 0.093 5.630 -1.814
SPIN 1 9 7 1 -3.642 -3.400 3.190
SPIN 1 9 7 2 -4.944 -0.531 -3.206
SPIN 1 9 7 3 5.725 0.664 -1.337
SPIN 1 9 7 4 3.944 -3.610 2.533
SPIN 1 9 7 5 2.524 5.029 -1.827
SPIN 1 9 7 6 -0.372 5.710 -1.502
SPIN 1 9 7 7 3.408 -3.509 -3.327
SPIN 1 9 7 8 -4.458 -3.148 2.284
SPIN 1 9 7 9 -2.662 2.545 4.630
SPIN 1 9 7 10 -5.087 -2.520 1.663
SPIN 1 9 7 11 4.816 -2.799 -1.992
SPIN 1 9 7 12 -3.273 -4.653 -1.624
SPIN 1 9 7 13 1.463 5.718 -0.412
SPIN 1 9 7 14 5.803 -0.803 -0.825
SPIN 1 9 7 15 -0.867 1.007 5.765
SPIN 4 9 7 0 3.034 1.241 -4.925
SPIN 4 9 7 1 4.687 -2.281 2.799
SPIN 4 9 7 2 -3.960 3.522 -2.629
SPIN 4 9 7 3 -1.782 1.507 5.436
SPIN 4 9 7 4 -0.538 5.875 0.440
SPIN 4 9 7 5 0.892 -1.081 -5.748
SPIN 4 9 7 6 2.055 5.397 1.286
SPIN 4 9 7 7 3.662 -4.130 -2.128
SPIN 4 9 7 8 -2.047 3.972 -3.877
SPIN 4 9 7 9 3.718 -2.152 -4.067
SPIN 4 9 7 10 -1.628 -1.993 5.327
SPIN 4 9 7 11 2.380 3.823 3.837
SPIN 4 9 7 12 -1.121 -1.337 -5.653
SPIN 4 9 7 13 -4.134 4.118 0.977
SPIN 4 9 7 14 4.286 1.652 -3.729
SPIN 4 9 7 15 -0.638 -4.219 -4.098
SPIN 1 9 8 0 -1.934 -2.700 -4.896
SPIN 1 9 8 1 -3.533 -4.746 -0.029
SPIN 1 9 8 2 5.036 3.018 -0.726
SPIN 1 9 8 3 5.602 0.673 -1.780
SPIN 1 9 8 4 -3.088 4.897 1.218
SPIN 1 9 8 5 0.567 2.209 5.459
SPIN 1 9 8 6 -3.300 -4.908 -0.138
SPIN 1 9 8 7 1.492 4.282 3.800
SPIN 1 9 8 8 -1.848 4.689 -3.098
SPIN 1 9 8 9 -1.374 4.056 4.082
SPIN 1 9 8 10 2.640 -4.270 -3.131
SPIN 1 9 8 11 -0.148 5.841 0.928
SPIN 1 9 8 12 1.027 1.590 -5.605
SPIN 1 9 8 13 2.060 1.772 -5.255
SPIN 1 9 8 14 -2.343 -4.354 3.248
SPIN 1 9 8 15 -3.003 -0.980 5.002
SPIN 4 9 8 0 0.054 3.797 4.536
SPIN 4 9 8 1 0.312 -5.779 -1.226
SPIN 4 9 8 2 2.320 2.978 -4.555
SPIN 4 9 8 3 2.866 -2.876 4.303
SPIN 4 9 8 4 -2.359 -4.115 -3.536
SPIN 4 9 8 5 -0.738 5.865 0.231
SPIN 4 9 8 6 -1.989 5.446 1.175
SPIN 4 9 8 7 -3.298 -4.556 1.835
SPIN 4 9 8 8 1.856 -4.838 -2.855
SPIN 4 9 8 9 -0.880 4.313 3.952
SPIN 4 9 8 10 -4.863 0.252 3.360
SPIN 4 9 8 11 1.700 -3.140 -4.717
SPIN 4 9 8 12 -4.185 4.005 -1.201
SPIN 4 9 8 13 2.108 -5.526 -0.136
SPIN 4 9 8 14 -2.297 -4.963 -2.258
SPIN 4 9 8 15 -0.436 -5.323 -2.544
SPIN 1 9 9 0 3.760 0.413 -4.549
SPIN 1 9 9 1 -5.813 0.661 0.881
SPIN 1 9 9 2 -4.991 2.196 -2.294
SPIN 1 9 9 3 -4.208 2.823 3.053
SPIN 1 9 9 4 -1.341 -5.526 -1.634
SPIN 1 9 9 5 -4.041 0.223 4.315
SPIN 1 9 9 6 -0.357 -4.770 -3.481
SPIN 1 9 9 7 4.755 3.022 1.806
SPIN 1 9 9 8 -3.082 -4.852 -1.399
SPIN 1 9 9 9 -3.961 0.489 4.367
SPIN 1 9 9 10 -2.704 -2.355 -4.705
SPIN 1 9 9 11 -3.270 -1.448 -4.713
SPIN 1 9 9 12 -1.398 -5.073 2.703
SPIN 1 9 9 13 2.626 -2.495 4.678
SPIN 1 9 9 14 -2.199 2.903 -4.662
SPIN 1 9 9 15 1.333 -1.782 5.482
SPIN 4 9 9 0 -2.970 3.452 -3.776
SPIN 4 9 9 1 0.152 3.712 -4.604
SPIN 4 9 9 2 -2.907 -0.341 5.141
SPIN 4 9 9 3 -5.109 2.433 1.725
SPIN 4 9 9 4 -5.897 0.452 0.149
SPIN 4 9 9 5 3.689 -1.216 -4.462
SPIN 4 9 9 6 -2.951 1.507 -4.901
SPIN 4 9 9 7 -1.143 5.106 -2.762
SPIN 4 9 9 8 4.376 -1.635 3.630
SPIN 4 9 9 9 -2.438 -0.640 -5.352
SPIN 4 9 9 10 -1.988 5.531 -0.680
SPIN 4 9 9 11 3.084 -2.565 -4.349
SPIN 4 9 9 12 5.002 -2.607 1.785
SPIN 4 9 9 13 -3.010 3.357 -3.830
SPIN 4 9 9 14 3.524 -0.715 -4.698
SPIN 4 9 9 15 0.601 5.856 -0.587
SPIN 1 9 10 0 3.334 -1.925 -4.492
SPIN 1 9 10 1 -1.497 2.653 -5.071
SPIN 1 9 10 2 -1.592 -2.992 4.849
SPIN 1 9 10 3 3.483 -2.235 4.227
SPIN 1 9 10 4 -2.915 -4.475 -2.546
SPIN 1 9 10 5 -1.320 5.063 -2.760
SPIN 1 9 10 6 -3.619 -3.349 3.269
SPIN 1 9 10 7 -2.495 4.635 -2.700
SPIN 1 9 10 8 4.461 -3.003 2.466
SPIN 1 9 10 9 -0.703 -0.942 -5.798
SPIN 1 9 10 10 0.332 0.144 -5.905
SPIN 1 9 10 11 -3.275 -1.381 4.729
SPIN 1 9 10 12 -2.977 3.394 -3.824
SPIN 1 9 10 13 -5.465 0.813 2.114
SPIN 1 9 10 14 1.944 -5.265 -1.872
SPIN 1 9 10 15 4.588 -2.733 -2.547
SPIN 4 9 10 0 -3.796 4.093 1.960
SPIN 4 9 10 1 -1.319 -3.491 -4.590
SPIN 4 9 10 2 -2.217 3.329 -4.359
SPIN 4 9 10 3 0.071 -5.433 -2.340
SPIN 4 9 10 4 -2.585 -3.515 -3.995
SPIN 4 9 10 5 -0.270 1.671 5.669
SPIN 4 9 10 6 0.401 -2.423 -5.382
SPIN 4 9 10 7 1.329 5.100 2.687
SPIN 4 9 10 8 0.853 5.130 -2.821
SPIN 4 9 10 9 5.210 2.162 -1.785
SPIN 4 9 10 10 4.021 1.393 -4.110
SPIN 4 9 10 11 2.840 5.188 0.122
SPIN 4 9 10 12 -5.416 1.340 -1.967
SPIN 4 9 10 13 0.898 -4.996 -3.039
SPIN 4 9 10 14 -5.258 -2.281 1.467
SPIN 4 9 10 15 1.334 -1.067 -5.664
SPIN 1 9 11 0 -4.431 -2.340 3.145
SPIN 1 9 11 1 1.582 2.142 -5.283
SPIN 1 9 11 2 -3.205 1.387 4.776
SPIN 1 9 11 3 -4.757 1.943 -2.931
SPIN 1 9 11 4 0.417 0.303 5.894
SPIN 1 9 11 5 2.487 -4.829 2.346
SPIN 1 9 11 6 3.852 4.450 0.600
SPIN 1 9 11 7 -0.931 -5.289 2.482
SPIN 1 9 11 8 3.522 1.846 4.380
SPIN 1 9 11 9 -2.943 -4.538 2.397
SPIN 1 9 11 10 -3.572 -4.264 2.014
SPIN 1 9 11 11 -0.110 4.861 -3.370
SPIN 1 9 11 12 -2.308 -0.385 -5.434
SPIN 1 9 11 13 3.821 -1.232 4.345
SPIN 1 9 11 14 4.157 3.320 2.588
SPIN 1 9 11 15 0.718 -5.838 -0.632
SPIN 4 9 11 0 -2.617 -4.039 -3.440
SPIN 4 9 11 1 0.505 -4.953 3.196
SPIN 4 9 11 2 5.352 -0.790 2.393
SPIN 4 9 11 3 -0.746 -5.656 1.567
SPIN 4 9 11 4 1.838 5.607 -0.429
SPIN 4 9 11 5 -3.291 2.698 -4.109
SPIN 4 9 11 6 -2.620 3.651 3.848
SPIN 4 9 11 7 -2.863 -0.355 -5.165
SPIN 4 9 11 8 -3.687 -3.848 2.569
SPIN 4 9 11 9 -3.474 4.771 -0.411
SPIN 4 9 11 10 -3.771 4.518 -0.608
SPIN 4 9 11 11 3.243 -3.821 -3.143
SPIN 4 9 11 12 5.198 -0.699 2.738
SPIN 4 9 11 13 -5.751 -1.144 -0.785
SPIN 4 9 11 14 -0.155 5.469 -2.251
SPIN 4 9 11 15 0.941 0.299 5.833
SPIN 1 9 12 0 -0.517 4.992 -3.132
SPIN 1 9 12 1 -3.150 -5.008 0.034
SPIN 1 9 12 2 3.109 2.929 -4.093
SPIN 1 9 12 3 -1.425 5.123 2.594
SPIN 1 9 12 4 0.933 -5.626 -1.574
SPIN 1 9 12 5 -5.741 -0.813 1.175
SPIN 1 9 12 6 -3.942 0.520 -4.381
SPIN 1 9 12 7 1.853 0.829 5.557
SPIN 1 9 12 8 -1.380 -3.501 -4.565
SPIN 1 9 12 9 -4.686 -0.139 3.608
SPIN 1 9 12 10 4.712 -2.479 -2.580
SPIN 1 9 12 11 -0.335 0.888 5.839
SPIN 1 9 12 12 -0.474 3.075 -5.032
SPIN 1 9 12 13 3.840 -2.895 3.446
SPIN 1 9 12 14 -2.334 1.015 -5.340
SPIN 1 9 12 15 -2.946 -3.368 3.870
SPIN 4 9 12 0 1.024 -0.284 5.820
SPIN 4 9 12 1 0.179 -5.776 1.266
SPIN 4 9 12 2 4.167 1.830 3.779
SPIN 4 9 12 3 -5.727 -0.946 1.144
SPIN 4 9 12 4 0.149 5.407 2.395
SPIN 4 9 12 5 1.768 -0.163 5.643
SPIN 4 9 12 6 -2.078 5.528 0.350
SPIN 4 9 12 7 3.732 -4.510 0.857
SPIN 4 9 12 8 4.540 3.789 -0.172
SPIN 4 9 12 9 0.309 -5.770 1.269
SPIN 4 9 12 10 -1.063 -0.533 5.795
SPIN 4 9 12 11 5.279 -0.373 2.644
SPIN 4 9 12 12 -0.877 2.637 -5.223
SPIN 4 9 12 13 -1.396 -1.645 5.509
SPIN 4 9 12 14 3.856 3.717 2.513
SPIN 4 9 12 15 1.641 -2.844 -4.922
SPIN 1 9 13 0 0.448 2.546 5.321
SPIN 1 9 13 1 1.558 5.371 -1.929
SPIN 1 9 13 2 -3.827 0.545 4.479
SPIN 1 9 13 3 0.687 -5.876 0.057
SPIN 1 9 13 4 0.840 -5.754 -1.088
SPIN 1 9 13 5 5.233 1.056 2.550
SPIN 1 9 13 6 -0.344 -5.656 1.699
SPIN 1 9 13 7 -3.835 1.706 -4.169
SPIN 1 9 13 8 -2.300 -5.436 0.393
SPIN 1 9 13 9 2.558 0.943 -5.251
SPIN 1 9 13 10 -4.409 2.035 3.380
SPIN 1 9 13 11 2.754 -3.647 -3.757
SPIN 1 9 13 12 1.762 -3.653 4.307
SPIN 1 9 13 13 -3.001 0.525 -5.071
SPIN 1 9 13 14 1.394 2.797 5.023
SPIN 1 9 13 15 3.761 -0.286 -4.558
SPIN 4 9 13 0 -2.424 0.257 -5.390
SPIN 4 9 13 1 0.387 3.513 4.744
SPIN 4 9 13 2 4.130 -0.786 -4.163
SPIN 4 9 13 3 0.245 -3.043 5.068
SPIN 4 9 13 4 -3.161 -4.446 -2.289
SPIN 4 9 13 5 -5.063 -0.152 -3.057
SPIN 4 9 13 6 -1.109 1.927 5.482
SPIN 4 9 13 7 -1.926 1.926 5.252
SPIN 4 9 13 8 -3.334 4.878 0.299
SPIN 4 9 13 9 -1.743 -5.521 1.217
SPIN 4 9 13 10 5.837 0.799 0.536
SPIN 4 9 13 11 2.068 5.283 1.676
SPIN 4 9 13 12 -3.016 -4.937 -1.235
SPIN 4 9 13 13 -2.506 4.446 2.992
SPIN 4 9 13 14 -3.077 -3.446 3.696
SPIN 4 9 13 15 -5.501 1.618 -1.455
SPIN 1 9 14 0 -4.021 -4.026 1.619
SPIN 1 9 14 1 0.901 -4.259 -4.006
SPIN 1 9 14 2 -0.870 3.614 4.602
SPIN 1 9 14 3 0.642 -2.512 5.318
SPIN 1 9 14 4 0.270 -4.650 -3.647
SPIN 1 9 14 5 5.710 1.015 1.169
SPIN 1 9 14 6 -3.480 4.325 2.047
SPIN 1 9 14 7 -1.209 -5.178 2.594
SPIN 1 9 14 8 -2.265 -1.892 -5.127
SPIN 1 9 14 9 -5.678 -1.660 0.015
SPIN 1 9 14 10 3.363 -4.378 -2.127
SPIN 1 9 14 11 -5.561 1.170 -1.645
SPIN 1 9 14 12 -3.238 4.810 1.176
SPIN 1 9 14 13 3.495 -4.523 1.526
SPIN 1 9 14 14 -4.919 -1.694 -2.816
SPIN 1 9 14 15 4.184 -0.242 4.176
SPIN 4 9 14 0 -4.280 -1.565 3.772
SPIN 4 9 14 1 -0.996 -5.767 0.865
SPIN 4 9 14 2 -3.910 3.891 2.139
SPIN 4 9 14 3 0.849 -4.922 -3.171
SPIN 4 9 14 4 -4.454 1.766 -3.471
SPIN 4 9 14 5 1.152 5.792 -0.351
SPIN 4 9 14 6 1.668 5.659 0.437
SPIN 4 9 14 7 1.658 -5.671 -0.292
SPIN 4 9 14 8 1.898 3.777 4.139
SPIN 4 9 14 9 5.834 -0.056 -0.979
SPIN 4 9 14 10 -5.504 -1.328 1.716
SPIN 4 9 14 11 -1.462 -5.697 -0.640
SPIN 4 9 14 12 2.197 5.253 1.606
SPIN 4 9 14 13 -4.752 0.689 -3.456
SPIN 4 9 14 14 0.107 -5.645 1.766
SPIN 4 9 14 15 3.481 -0.942 -4.690
SPIN 1 9 15 0 5.248 -2.388 -1.325
SPIN 1 9 15 1 -2.258 5.219 -1.632
SPIN 1 9 15 2 -0.272 -4.084 4.272
SPIN 1 9 15 3 -1.505 1.109 -5.613
SPIN 1 9 15 4 1.791 -5.345 1.795
SPIN 1 9 15 5 3.378 4.422 2.008
SPIN 1 9 15 6 1.732 -5.637 0.475
SPIN 1 9 15 7 -1.142 -5.793 -0.373
SPIN 1 9 15 8 5.841 0.871 -0.344
SPIN 1 9 15 9 -5.687 -0.303 1.600
SPIN 1 9 15 10 -4.213 3.856 -1.542
SPIN 1 9 15 11 -2.137 0.731 5.468
SPIN 1 9 15 12 -1.513 -2.957 4.896
SPIN 1 9 15 13 3.716 1.031 -4.486
SPIN 1 9 15 14 2.679 -5.089 1.385
SPIN 1 9 15 15 -0.342 5.387 2.422
SPIN 4 9 15 0 -4.707 3.058 1.869
SPIN 4 9 15 1 -1.378 1.922 5.423
SPIN 4 9 15 2 -0.466 4.690 -3.576
SPIN 4 9 15 3 5.312 -1.069 2.376
SPIN 4 9 15 4 5.043 -2.896 1.087
SPIN 4 9 15 5 -4.401 -1.954 -3.436
SPIN 4 9 15 6 -5.295 -0.835 -2.504
SPIN 4 9 15 7 3.322 0.397 4.879
SPIN 4 9 15 8 -2.674 -1.750 -4.978
SPIN 4 9 15 9 -4.353 -2.002 3.471
SPIN 4 9 15 10 -3.885 -2.980 -3.320
SPIN 4 9 15 11 4.741 2.127 -2.828
SPIN 4 9 15 12 5.780 -0.340 -1.213
SPIN 4 9 15 13 -4.660 -2.714 2.434
SPIN 4 9 15 14 -0.175 5.354 2.510
SPIN 4 9 15 15 -0.752 -4.882 -3.256
SPIN 3 9 0 0 0.328 -2.114 5.516
SPIN 3 9 0 1 -4.346 -3.569 1.837
SPIN 3 9 0 2 2.804 4.647 -2.355
SPIN 3 9 0 3 2.587 0.649 -5.281
SPIN 3 9 0 4 1.759 -0.531 -5.623
SPIN 3 9 0 5 0.451 -1.238 5.767
SPIN 3 9 0 6 2.915 2.632 4.425
SPIN 3 9 0 7 -0.064 0.261 -5.910
SPIN 3 9 0 8 4.504 2.867 -2.548
SPIN 3 9 0 9 -5.626 -1.742 -0.561
SPIN 3 9 0 10 -0.539 5.887 -0.241
SPIN 3 9 0 11 3.291 1.558 4.663
SPIN 3 9 0 12 -3.008 -4.101 -3.021
SPIN 3 9 0 13 -4.794 -2.669 2.213
SPIN 3 9 0 14 2.037 1.367 -5.384
SPIN 3 9 0 15 5.178 -2.847 -0.285
SPIN 2 9 0 0 -5.531 2.089 0.211
SPIN 2 9 0 1 2.573 5.139 1.404
SPIN 2 9 0 2 -3.298 2.023 4.476
SPIN 2 9 0 3 0.165 -0.837 5.854
SPIN 2 9 0 4 1.545 3.452 4.550
SPIN 2 9 0 5 -1.209 5.740 0.766
SPIN 2 9 0 6 3.005 -4.905 1.384
SPIN 2 9 0 7 -4.272 -3.023 2.758
SPIN 2 9 0 8 -4.203 3.209 -2.653
SPIN 2 9 0 9 1.350 -4.641 3.412
SPIN 2 9 0 10 -2.381 -4.606 -2.849
SPIN 2 9 0 11 -4.618 -1.108 3.528
SPIN 2 9 0 12 0.474 -1.609 -5.673
SPIN 2 9 0 13 2.803 5.127 0.924
SPIN 2 9 0 14 -4.395 -3.330 -2.143
SPIN 2 9 0 15 -4.193 -1.743 3.792
SPIN 3 9 1 0 -3.059 -1.755 -4.750
SPIN 3 9 1 1 5.648 0.088 -1.758
SPIN 3 9 1 2 -2.418 -5.350 0.731
SPIN 3 9 1 3 0.014 4.247 -4.118
SPIN 3 9 1 4 -0.740 -5.562 1.876
SPIN 3 9 1 5 -1.783 -5.607 0.616
SPIN 3 9 1 6 2.370 -4.886 2.347
SPIN 3 9 1 7 -3.941 -4.130 1.553
SPIN 3 9 1 8 3.233 -4.890 -0.796
SPIN 3 9 1 9 -0.324 5.185 2.831
SPIN 3 9 1 10 0.197 -5.706 -1.552
SPIN 3 9 1 11 -5.912 0.001 -0.218
SPIN 3 9 1 12 3.876 3.988 -2.020
SPIN 3 9 1 13 -3.620 4.598 0.869
SPIN 3 9 1 14 4.367 -2.964 -2.673
SPIN 3 9 1 15 -2.232 4.356 -3.323
SPIN 2 9 1 0 5.525 -0.524 -2.049
SPIN 2 9 1 1 -0.569 -4.816 3.388
SPIN 2 9 1 2 -1.034 -5.486 1.958
SPIN 2 9 1 3 -1.857 5.402 1.538
SPIN 2 9 1 4 -1.302 -5.706 0.864
SPIN 2 9 1 5 5.344 1.990 1.574
SPIN 2 9 1 6 -3.582 -4.575 1.115
SPIN 2 9 1 7 2.638 2.798 -4.496
SPIN 2 9 1 8 0.514 5.848 0.729
SPIN 2 9 1 9 -5.417 2.349 0.368
SPIN 2 9 1 10 3.612 3.419 3.205
SPIN 2 9 1 11 0.314 5.739 -1.400
SPIN 2 9 1 12 -2.249 3.129 4.489
SPIN 2 9 1 13 0.269 -0.501 -5.889
SPIN 2 9 1 14 -0.029 3.504 4.767
SPIN 2 9 1 15 4.560 3.769 0.026
SPIN 3 9 2 0 1.108 -3.710 4.473
SPIN 3 9 2 1 0.171 -3.569 -4.715
SPIN 3 9 2 2 4.583 -3.244 1.864
SPIN 3 9 2 3 4.939 -3.255 -0.105
SPIN 3 9 2 4 -5.770 -1.078 0.734
SPIN 3 9 2 5 -3.453 -0.517 4.776
SPIN 3 9 2 6 3.592 -1.537 -4.442
SPIN 3 9 2 7 -1.100 0.880 5.746
SPIN 3 9 2 8 -3.472 4.572 1.430
SPIN 3 9 2 9 0.500 -4.348 -3.981
SPIN 3 9 2 10 -4.782 2.841 2.015
SPIN 3 9 2 11 -0.782 -3.948 -4.336
SPIN 3 9 2 12 -2.438 2.227 4.909
SPIN 3 9 2 13 -2.374 -5.376 -0.679
SPIN 3 9 2 14 0.007 1.727 5.659
SPIN 3 9 2 15 4.804 -0.427 -3.427
SPIN 2 9 2 0 4.664 1.331 -3.387
SPIN 2 9 2 1 -1.722 1.099 -5.552
SPIN 2 9 2 2 3.318 -4.490 -1.959
SPIN 2 9 2 3 4.238 -3.625 1.974
SPIN 2 9 2 4 -4.087 1.197 4.107
SPIN 2 9 2 5 -1.580 -0.335 -5.691
SPIN 2 9 2 6 3.694 4.059 2.210
SPIN 2 9 2 7 2.513 4.141 3.397
SPIN 2 9 2 8 4.397 -1.692 -3.578
SPIN 2 9 2 9 -3.630 0.091 4.671
SPIN 2 9 2 10 3.004 4.400 -2.572
SPIN 2 9 2 11 -0.029 -4.681 3.618
SPIN 2 9 2 12 -4.572 3.077 2.150
SPIN 2 9 2 13 -4.633 3.659 0.387
SPIN 2 9 2 14 5.575 -1.934 0.422
SPIN 2 9 2 15 -2.684 -4.670 -2.446
SPIN 3 9 3 0 4.521 -3.487 -1.549
SPIN 3 9 3 1 4.741 -2.692 2.298
SPIN 3 9 3 2 -3.196 -4.131 2.778
SPIN 3 9 3 3 3.436 3.607 -3.191
SPIN 3 9 3 4 -0.295 4.314 4.038
SPIN 3 9 3 5 -3.869 -3.935 -2.133
SPIN 3 9 3 6 1.508 5.499 1.578
SPIN 3 9 3 7 -4.551 -3.206 -2.002
SPIN 3 9 3 8 3.690 -1.860 -4.234
SPIN 3 9 3 9 -4.603 2.608 2.647
SPIN 3 9 3 10 0.220 -2.123 -5.518
SPIN 3 9 3 11 1.268 5.452 -1.916
SPIN 3 9 3 12 -0.513 1.367 -5.733
SPIN 3 9 3 13 3.916 -3.511 -2.709
SPIN 3 9 3 14 4.339 4.010 0.306
SPIN 3 9 3 15 -4.973 0.153 -3.201
SPIN 2 9 3 0 -4.607 0.726 3.640
SPIN 2 9 3 1 -2.046 -3.967 -3.882
SPIN 2 9 3 2 -4.502 3.683 -1.081
SPIN 2 9 3 3 4.548 2.901 2.429
SPIN 2 9 3 4 1.299 4.029 -4.133
SPIN 2 9 3 5 -0.574 -4.167 -4.160
SPIN 2 9 3 6 -3.779 -4.286 -1.533
SPIN 2 9 3 7 -1.035 3.107 4.927
SPIN 2 9 3 8 -1.182 -5.409 2.084
SPIN 2 9 3 9 -2.812 4.955 -1.594
SPIN 2 9 3 10 -3.698 -4.605 -0.337
SPIN 2 9 3 11 5.134 -2.934 -0.199
SPIN 2 9 3 12 -2.340 -4.873 2.405
SPIN 2 9 3 13 3.240 4.950 0.036
SPIN 2 9 3 14 -3.125 1.618 -4.756
SPIN 2 9 3 15 0.328 -5.865 0.706
SPIN 3 9 4 0 -4.541 1.472 3.494
SPIN 3 9 4 1 4.465 2.761 2.728
SPIN 3 9 4 2 -5.411 1.923 1.423
SPIN 3 9 4 3 4.302 2.796 -2.945
SPIN 3 9 4 4 -3.135 -3.956 -3.086
SPIN 3 9 4 5 5.412 -0.037 -2.389
SPIN 3 9 4 6 -5.075 1.297 -2.750
SPIN 3 9 4 7 0.239 -4.129 -4.230
SPIN 3 9 4 8 1.869 5.011 2.530
SPIN 3 9 4 9 -3.374 1.474 -4.630
SPIN 3 9 4 10 3.260 -0.343 4.925
SPIN 3 9 4 11 -3.773 -3.807 2.504
SPIN 3 9 4 12 5.081 1.119 2.816
SPIN 3 9 4 13 2.309 0.572 5.417
SPIN 3 9 4 14 -2.125 -3.143 -4.539
SPIN 3 9 4 15 4.107 4.247 0.309
SPIN 2 9 4 0 1.732 -2.227 5.200
SPIN 2 9 4 1 -1.786 5.516 1.175
SPIN 2 9 4 2 5.665 0.441 -1.646
SPIN 2 9 4 3 3.318 2.722 4.072
SPIN 2 9 4 4 5.661 1.713 -0.147
SPIN 2 9 4 5 0.100 4.113 -4.251
SPIN 2 9 4 6 4.189 4.175 -0.126
SPIN 2 9 4 7 4.045 -2.618 -3.433
SPIN 2 9 4 8 2.497 5.291 0.876
SPIN 2 9 4 9 3.028 3.224 -3.930
SPIN 2 9 4 10 0.062 -3.972 -4.384
SPIN 2 9 4 11 3.422 2.299 4.243
SPIN 2 9 4 12 -4.564 -3.378 -1.663
SPIN 2 9 4 13 1.691 -4.209 3.798
SPIN 2 9 4 14 -0.397 -0.776 -5.852
SPIN 2 9 4 15 -5.598 1.743 0.789
SPIN 3 9 5 0 -4.086 3.706 -2.139
SPIN 3 9 5 1 -1.453 -5.709 0.542
SPIN 3 9 5 2 2.823 -0.708 5.150
SPIN 3 9 5 3 -5.296 -1.251 -2.321
SPIN 3 9 5 4 -3.330 -4.864 0.503
SPIN 3 9 5 5 1.489 5.644 -0.963
SPIN 3 9 5 6 -0.470 3.703 4.590
SPIN 3 9 5 7 1.061 -5.809 0.360
SPIN 3 9 5 8 -3.411 -4.434 -1.925
SPIN 3 9 5 9 3.339 4.219 -2.461
SPIN 3 9 5 10 -4.406 0.858 3.854
SPIN 3 9 5 11 0.599 -4.350 -3.965
SPIN 3 9 5 12 -2.695 0.090 -5.266
SPIN 3 9 5 13 -4.788 -1.486 3.141
SPIN 3 9 5 14 5.515 0.928 -1.930
SPIN 3 9 5 15 -0.095 -4.274 4.089
SPIN 2 9 5 0 1.594 3.162 4.739
SPIN 2 9 5 1 0.966 -5.782 -0.794
SPIN 2 9 5 2 -5.417 -0.247 2.366
SPIN 2 9 5 3 5.069 3.046 -0.154
SPIN 2 9 5 4 -1.247 -2.771 5.076
SPIN 2 9 5 5 -2.570 3.132 -4.311
SPIN 2 9 5 6 -2.405 -4.465 3.046
SPIN 2 9 5 7 -4.617 -2.555 2.676
SPIN 2 9 5 8 5.637 1.316 -1.223
SPIN 2 9 5 9 1.597 -0.270 -5.690
SPIN 2 9 5 10 5.417 -0.630 2.294
SPIN 2 9 5 11 -1.501 -5.604 1.158
SPIN 2 9 5 12 3.277 -0.368 4.912
SPIN 2 9 5 13 -4.112 -4.226 0.483
SPIN 2 9 5 14 2.343 5.196 1.585
SPIN 2 9 5 15 -1.499 -5.214 2.359
SPIN 3 9 6 0 0.970 4.019 -4.232
SPIN 3 9 6 1 -2.109 -4.107 3.699
SPIN 3 9 6 2 5.016 2.596 1.762
SPIN 3 9 6 3 3.804 0.832 4.454
SPIN 3 9 6 4 0.999 -2.025 -5.468
SPIN 3 9 6 5 5.533 -1.171 1.737
SPIN 3 9 6 6 -2.205 0.603 -5.457
SPIN 3 9 6 7 1.580 4.915 -2.889
SPIN 3 9 6 8 2.683 -5.248 0.514
SPIN 3 9 6 9 -0.966 -2.299 -5.365
SPIN 3 9 6 10 -2.331 -3.934 -3.754
SPIN 3 9 6 11 3.751 1.298 -4.387
SPIN 3 9 6 12 1.592 4.330 3.703
SPIN 3 9 6 13 1.345 2.236 -5.309
SPIN 3 9 6 14 -1.117 -4.916 3.097
SPIN 3 9 6 15 -5.728 -0.572 1.367
SPIN 2 9 6 0 2.224 1.088 -5.373
SPIN 2 9 6 1 1.053 3.794 4.415
SPIN 2 9 6 2 2.999 -3.759 -3.446
SPIN 2 9 6 3 -5.437 -2.016 1.171
SPIN 2 9 6 4 5.546 2.043 0.267
SPIN 2 9 6 5 0.069 -0.554 5.890
SPIN 2 9 6 6 -4.377 3.943 -0.540
SPIN 2 9 6 7 2.937 -4.859 1.663
SPIN 2 9 6 8 3.903 1.243 4.269
SPIN 2 9 6 9 1.070 5.615 -1.524
SPIN 2 9 6 10 -3.441 4.749 0.777
SPIN 2 9 6 11 0.808 4.413 3.857
SPIN 2 9 6 12 -5.062 -2.557 1.685
SPIN 2 9 6 13 3.188 4.414 -2.313
SPIN 2 9 6 14 -1.534 -4.288 -3.776
SPIN 2 9 6 15 -5.815 -0.569 0.929
SPIN 3 9 7 0 -5.279 -2.063 1.696
SPIN 3 9 7 1 5.904 0.333 -0.174
SPIN 3 9 7 2 0.623 5.883 -0.077
SPIN 3 9 7 3 -5.184 -2.126 -1.900
SPIN 3 9 7 4 3.274 -2.919 3.970
SPIN 3 9 7 5 -1.440 5.728 -0.343
SPIN 3 9 7 6 -0.284 -5.270 2.674
SPIN 3 9 7 7 -5.802 0.764 0.867
SPIN 3 9 7 8 3.288 4.561 1.841
SPIN 3 9 7 9 3.501 -3.599 -3.129
SPIN 3 9 7 10 3.570 -2.796 -3.799
SPIN 3 9 7 11 -2.590 2.164 4.859
SPIN 3 9 7 12 5.867 -0.702 0.288
SPIN 3 9 7 13 1.284 -2.761 5.073
SPIN 3 9 7 14 1.372 5.213 -2.436
SPIN 3 9 7 15 5.129 2.116 -2.053
SPIN 2 9 7 0 -4.945 -3.135 0.847
SPIN 2 9 7 1 -4.283 3.089 -2.667
SPIN 2 9 7 2 -5.723 1.384 -0.579
SPIN 2 9 7 3 4.476 -1.262 3.657
SPIN 2 9 7 4 -3.206 1.556 -4.722
SPIN 2 9 7 5 1.780 -2.538 -5.039
SPIN 2 9 7 6 5.201 -0.022 2.819
SPIN 2 9 7 7 -0.006 -0.323 5.907
SPIN 2 9 7 8 3.965 4.324 0.761
SPIN 2 9 7 9 -3.429 -4.634 -1.328
SPIN 2 9 7 10 0.372 5.413 2.358
SPIN 2 9 7 11 -3.739 -1.893 -4.176
SPIN 2 9 7 12 2.611 -3.165 4.263
SPIN 2 9 7 13 5.149 2.297 -1.792
SPIN 2 9 7 14 -4.947 2.239 -2.348
SPIN 2 9 7 15 4.351 1.278 -3.800
SPIN 3 9 8 0 -2.607 -3.742 3.768
SPIN 3 9 8 1 -2.633 5.263 -0.611
SPIN 3 9 8 2 -0.065 -3.435 -4.816
SPIN 3 9 8 3 -0.588 3.566 4.684
SPIN 3 9 8 4 5.481 -1.367 1.759
SPIN 3 9 8 5 5.824 1.014 0.231
SPIN 3 9 8 6 1.699 -3.275 -4.625
SPIN 3 9 8 7 -5.893 0.221 -0.467
SPIN 3 9 8 8 -0.213 -4.467 -3.873
SPIN 3 9 8 9 -1.242 -5.784 -0.044
SPIN 3 9 8 10 -2.052 -0.341 -5.538
SPIN 3 9 8 11 3.545 -3.985 -2.559
SPIN 3 9 8 12 3.816 0.996 4.409
SPIN 3 9 8 13 -0.852 -2.487 5.300
SPIN 3 9 8 14 -3.037 -4.397 2.538
SPIN 3 9 8 15 3.051 2.680 -4.303
SPIN 2 9 8 0 1.184 -5.782 0.403
SPIN 2 9 8 1 4.220 2.923 2.941
SPIN 2 9 8 2 5.369 -0.464 2.440
SPIN 2 9 8 3 -3.199 -4.920 0.749
SPIN 2 9 8 4 3.553 4.316 1.936
SPIN 2 9 8 5 -3.521 -4.651 -0.988
SPIN 2 9 8 6 4.357 3.480 -1.976
SPIN 2 9 8 7 -1.493 -4.783 -3.145
SPIN 2 9 8 8 5.535 -0.242 2.076
SPIN 2 9 8 9 2.954 -1.981 -4.727
SPIN 2 9 8 10 -3.145 -3.826 -3.236
SPIN 2 9 8 11 5.202 2.559 1.179
SPIN 2 9 8 12 1.946 -4.947 2.596
SPIN 2 9 8 13 -0.446 -5.744 -1.343
SPIN 2 9 8 14 5.800 0.311 -1.124
SPIN 2 9 8 15 5.837 0.950 0.157
SPIN 3 9 9 0 4.722 -0.360 -3.546
SPIN 3 9 9 1 -4.741 -3.261 1.372
SPIN 3 9 9 2 -0.096 -4.784 3.479
SPIN 3 9 9 3 -0.429 -2.873 -5.154
SPIN 3 9 9 4 5.695 -0.369 1.559
SPIN 3 9 9 5 5.252 1.791 2.050
SPIN 3 9 9 6 -3.184 -4.812 1.305
SPIN 3 9 9 7 5.511 -2.142 -0.211
SPIN 3 9 9 8 -0.670 0.044 -5.878
SPIN 3 9 9 9 4.343 4.017 -0.018
SPIN 3 9 9 10 1.504 -0.656 5.684
SPIN 3 9 9 11 -1.974 3.983 -3.904
SPIN 3 9 9 12 -2.476 -4.752 2.508
SPIN 3 9 9 13 2.710 1.251 5.108
SPIN 3 9 9 14 -3.616 2.880 3.691
SPIN 3 9 9 15 0.198 -2.540 -5.340
SPIN 2 9 9 0 4.624 3.659 -0.473
SPIN 2 9 9 1 0.030 -5.593 1.929
SPIN 2 9 9 2 0.410 4.410 -3.922
SPIN 2 9 9 3 3.438 -3.738 -3.035
SPIN 2 9 9 4 3.238 4.485 -2.098
SPIN 2 9 9 5 4.319 -3.968 -0.773
SPIN 2 9 9 6 -5.163 -2.140 1.941
SPIN 2 9 9 7 1.112 5.178 2.637
SPIN 2 9 9 8 -5.542 -1.918 0.781
SPIN 2 9 9 9 -0.848 -5.631 1.603
SPIN 2 9 9 10 4.712 0.709 3.507
SPIN 2 9 9 11 -5.058 -2.056 -2.277
SPIN 2 9 9 12 -0.428 2.098 5.515
SPIN 2 9 9 13 -3.565 3.269 3.406
SPIN 2 9 9 14 3.116 -4.437 -2.367
SPIN 2 9 9 15 -0.366 -2.374 5.406
SPIN 3 9 10 0 -3.557 4.680 -0.664
SPIN 3 9 10 1 2.370 2.901 4.579
SPIN 3 9 10 2 0.610 2.796 -5.178
SPIN 3 9 10 3 3.882 4.464 -0.046
SPIN 3 9 10 4 -5.041 -3.017 0.697
SPIN 3 9 10 5 4.111 -4.170 0.843
SPIN 3 9 10 6 1.204 2.270 5.329
SPIN 3 9 10 7 1.846 2.926 -4.799
SPIN 3 9 10 8 -0.569 5.887 -0.127
SPIN 3 9 10 9 0.883 -3.591 -4.618
SPIN 3 9 10 10 3.789 -1.630 4.241
SPIN 3 9 10 11 1.582 -5.077 2.592
SPIN 3 9 10 12 4.076 -3.168 -2.889
SPIN 3 9 10 13 4.034 1.379 4.102
SPIN 3 9 10 14 3.392 4.769 0.867
SPIN 3 9 10 15 0.583 4.604 -3.670
SPIN 2 9 10 0 1.265 -5.574 -1.525
SPIN 2 9 10 1 -2.995 1.599 4.845
SPIN 2 9 10 2 3.422 4.826 0.057
SPIN 2 9 10 3 -4.207 -3.706 1.888
SPIN 2 9 10 4 0.018 -2.493 5.365
SPIN 2 9 10 5 -3.695 2.298 -4.009
SPIN 2 9 10 6 -0.385 2.648 -5.276
SPIN 2 9 10 7 5.066 -3.010 0.521
SPIN 2 9 10 8 -0.518 -5.566 1.938
SPIN 2 9 10 9 -2.998 0.101 -5.099
SPIN 2 9 10 10 1.502 5.718 0.218
SPIN 2 9 10 11 1.269 3.574 -4.541
SPIN 2 9 10 12 0.973 3.188 -4.888
SPIN 2 9 10 13 -1.138 1.753 -5.535
SPIN 2 9 10 14 -2.668 -3.332 4.096
SPIN 2 9 10 15 -4.626 3.543 1.023
SPIN 3 9 11 0 -4.530 -1.963 3.260
SPIN 3 9 11 1 4.626 3.389 1.453
SPIN 3 9 11 2 3.643 1.353 4.460
SPIN 3 9 11 3 5.729 -0.409 1.420
SPIN 3 9 11 4 -0.426 5.658 -1.674
SPIN 3 9 11 5 5.173 2.619 1.174
SPIN 3 9 11 6 2.498 -2.878 4.526
SPIN 3 9 11 7 4.275 1.731 -3.705
SPIN 3 9 11 8 -5.221 -0.182 -2.777
SPIN 3 9 11 9 -0.986 -2.346 5.341
SPIN 3 9 11 10 -0.533 5.424 2.302
SPIN 3 9 11 11 -5.789 -0.711 0.991
SPIN 3 9 11 12 -3.157 4.256 2.631
SPIN 3 9 11 13 -4.364 3.989 -0.195
SPIN 3 9 11 14 -0.281 -2.244 5.467
SPIN 3 9 11 15 0.126 -5.583 1.953
SPIN 2 9 11 0 -1.155 4.680 3.430
SPIN 2 9 11 1 0.439 3.944 -4.388
SPIN 2 9 11 2 -2.346 -4.334 -3.272
SPIN 2 9 11 3 -4.103 2.192 -3.655
SPIN 2 9 11 4 -4.702 -1.141 -3.404
SPIN 2 9 11 5 2.387 -2.437 4.833
SPIN 2 9 11 6 -2.920 -4.732 2.020
SPIN 2 9 11 7 -3.846 3.723 -2.519
SPIN 2 9 11 8 4.361 2.685 -2.962
SPIN 2 9 11 9 4.105 -4.260 0.004
SPIN 2 9 11 10 -0.839 4.008 4.270
SPIN 2 9 11 11 -1.084 -5.764 -0.774
SPIN 2 9 11 12 -1.362 1.912 5.430
SPIN 2 9 11 13 -4.512 -2.661 2.750
SPIN 2 9 11 14 3.038 1.174 -4.939
SPIN 2 9 11 15 -5.329 -0.374 2.543
SPIN 3 9 12 0 -4.198 -2.736 -3.145
SPIN 3 9 12 1 2.889 1.139 -5.036
SPIN 3 9 12 2 2.400 0.509 5.383
SPIN 3 9 12 3 4.048 -1.022 4.191
SPIN 3 9 12 4 -2.180 -5.498 0.163
SPIN 3 9 12 5 -0.283 2.854 -5.175
SPIN 3 9 12 6 2.094 3.388 -4.375
SPIN 3 9 12 7 1.120 5.399 2.144
SPIN 3 9 12 8 4.004 2.230 -3.741
SPIN 3 9 12 9 0.983 5.830 -0.210
SPIN 3 9 12 10 1.476 -2.779 -5.010
SPIN 3 9 12 11 -5.678 1.599 -0.453
SPIN 3 9 12 12 3.893 3.160 -3.141
SPIN 3 9 12 13 1.650 5.677 -0.229
SPIN 3 9 12 14 2.230 -4.593 2.989
SPIN 3 9 12 15 1.172 3.727 -4.443
SPIN 2 9 12 0 0.660 -5.131 2.870
SPIN 2 9 12 1 -3.794 4.535 -0.187
SPIN 2 9 12 2 3.373 4.815 -0.661
SPIN 2 9 12 3 -0.692 4.544 -3.725
SPIN 2 9 12 4 3.726 4.370 -1.421
SPIN 2 9 12 5 1.660 4.612 3.313
SPIN 2 9 12 6 -0.780 -5.775 1.018
SPIN 2 9 12 7 1.750 -4.114 3.875
SPIN 2 9 12 8 2.448 4.578 2.836
SPIN 2 9 12 9 3.147 1.214 4.860
SPIN 2 9 12 10 -0.733 -1.377 -5.707
SPIN 2 9 12 11 0.688 3.924 -4.373
SPIN 2 9 12 12 -4.298 -3.652 1.787
SPIN 2 9 12 13 2.045 -1.678 -5.292
SPIN 2 9 12 14 0.024 -0.369 -5.905
SPIN 2 9 12 15 -4.045 -3.438 -2.612
SPIN 3 9 13 0 -2.185 0.921 5.420
SPIN 3 9 13 1 0.036 -4.432 3.918
SPIN 3 9 13 2 -4.042 4.154 -1.186
SPIN 3 9 13 3 -0.092 1.825 5.627
SPIN 3 9 13 4 -4.760 -2.773 -2.157
SPIN 3 9 13 5 4.778 0.601 3.437
SPIN 3 9 13 6 0.824 5.440 2.175
SPIN 3 9 13 7 2.488 0.613 -5.332
SPIN 3 9 13 8 -5.551 -1.091 1.732
SPIN 3 9 13 9 -2.455 -5.361 -0.486
SPIN 3 9 13 10 -0.418 -3.389 4.832
SPIN 3 9 13 11 -2.088 5.291 -1.627
SPIN 3 9 13 12 1.544 -3.997 -4.079
SPIN 3 9 13 13 -4.267 -4.037 -0.699
SPIN 3 9 13 14 -4.748 3.214 -1.457
SPIN 3 9 13 15 3.862 -4.348 -1.086
SPIN 2 9 13 0 -1.442 -5.109 -2.611
SPIN 2 9 13 1 3.760 4.443 -1.058
SPIN 2 9 13 2 -1.202 -5.268 2.410
SPIN 2 9 13 3 2.613 -3.937 3.560
SPIN 2 9 13 4 2.957 4.233 -2.888
SPIN 2 9 13 5 -0.396 4.758 -3.493
SPIN 2 9 13 6 -1.612 -4.969 -2.777
SPIN 2 9 13 7 -5.073 2.889 -0.957
SPIN 2 9 13 8 -1.403 -5.599 1.299
SPIN 2 9 13 9 5.685 -0.788 -1.434
SPIN 2 9 13 10 5.108 1.203 -2.731
SPIN 2 9 13 11 -5.513 -2.147 -0.017
SPIN 2 9 13 12 -1.769 -0.980 -5.560
SPIN 2 9 13 13 1.679 2.247 5.209
SPIN 2 9 13 14 -4.639 3.517 -1.053
SPIN 2 9 13 15 4.557 0.710 3.706
SPIN 3 9 14 0 1.772 -4.284 3.676
SPIN 3 9 14 1 -0.366 -5.673 -1.639
SPIN 3 9 14 2 -1.018 0.651 -5.791
SPIN 3 9 14 3 0.939 4.622 -3.572
SPIN 3 9 14 4 -4.783 -1.586 3.099
SPIN 3 9 14 5 -1.264 3.270 -4.765
SPIN 3 9 14 6 0.339 -4.752 3.508
SPIN 3 9 14 7 -3.052 -3.246 3.893
SPIN 3 9 14 8 5.815 0.481 -0.974
SPIN 3 9 14 9 -2.293 5.068 2.013
SPIN 3 9 14 10 -3.641 -4.344 -1.695
SPIN 3 9 14 11 1.980 4.419 3.398
SPIN 3 9 14 12 0.990 -4.686 -3.473
SPIN 3 9 14 13 5.247 -2.298 -1.480
SPIN 3 9 14 14 1.877 -5.474 1.228
SPIN 3 9 14 15 -1.201 3.334 -4.737
SPIN 2 9 14 0 0.562 5.889 0.055
SPIN 2 9 14 1 2.210 4.721 2.798
SPIN 2 9 14 2 -3.290 4.400 2.195
SPIN 2 9 14 3 -1.886 -0.308 -5.599
SPIN 2 9 14 4 -4.215 3.452 2.306
SPIN 2 9 14 5 5.580 1.138 1.601
SPIN 2 9 14 6 -4.092 -2.766 -3.256
SPIN 2 9 14 7 0.058 4.200 -4.166
SPIN 2 9 14 8 -0.078 1.517 -5.718
SPIN 2 9 14 9 2.141 -4.062 -3.730
SPIN 2 9 14 10 -1.983 5.573 0.092
SPIN 2 9 14 11 1.994 4.423 3.385
SPIN 2 9 14 12 -3.968 -2.707 -3.454
SPIN 2 9 14 13 0.746 4.407 -3.875
SPIN 2 9 14 14 -3.846 -0.646 4.449
SPIN 2 9 14 15 3.384 1.001 4.748
SPIN 3 9 15 0 5.071 1.922 -2.365
SPIN 3 9 15 1 4.473 -3.298 2.030
SPIN 3 9 15 2 0.171 -3.408 4.833
SPIN 3 9 15 3 -3.042 4.168 2.894
SPIN 3 9 15 4 -5.411 2.308 0.623
SPIN 3 9 15 5 5.375 -1.523 -1.946
SPIN 3 9 15 6 -1.630 5.252 2.182
SPIN 3 9 15 7 1.375 2.671 5.096
SPIN 3 9 15 8 1.183 5.774 -0.509
SPIN 3 9 15 9 -1.999 -1.957 5.213
SPIN 3 9 15 10 4.362 3.408 2.087
SPIN 3 9 15 11 2.154 0.171 -5.507
SPIN 3 9 15 12 0.369 0.188 5.902
SPIN 3 9 15 13 0.277 5.823 -1.010
SPIN 3 9 15 14 -1.851 5.144 -2.260
SPIN 3 9 15 15 -3.798 4.439 0.930
SPIN 2 9 15 0 0.935 1.784 -5.563
SPIN 2 9 15 1 4.447 -1.775 -3.474
SPIN 2 9 15 2 2.730 3.021 -4.292
SPIN 2 9 15 3 1.189 -4.612 3.509
SPIN 2 9 15 4 -1.629 -1.558 -5.470
SPIN 2 9 15 5 -3.160 2.381 -4.398
SPIN 2 9 15 6 -0.761 -1.736 5.604
SPIN 2 9 15 7 -5.612 -1.830 0.393
SPIN 2 9 15 8 4.090 -0.394 4.256
SPIN 2 9 15 9 1.827 5.245 2.037
SPIN 2 9 15 10 4.582 -2.787 -2.498
SPIN 2 9 15 11 4.709 2.843 -2.177
SPIN 2 9 15 12 1.619 -3.656 4.360
SPIN 2 9 15 13 4.591 -2.727 2.547
SPIN 2 9 15 14 0.272 -5.003 -3.145
SPIN 2 9 15 15 -1.571 1.711 5.441
SPIN 1 10 0 0 4.741 1.523 -3.195
SPIN 1 10 0 1 5.263 -2.603 -0.727
SPIN 1 10 0 2 4.211 -4.154 -0.087
SPIN 1 10 0 3 -2.856 -5.047 1.172
SPIN 1 10 0 4 -2.015 1.731 -5.286
SPIN 1 10 0 5 -0.282 -4.015 4.336
SPIN 1 10 0 6 1.342 -2.537 -5.174
SPIN 1 10 0 7 0.115 5.856 0.834
SPIN 1 10 0 8 -0.112 4.881 3.341
SPIN 1 10 0 9 5.221 -2.025 -1.909
SPIN 1 10 0 10 2.928 0.932 5.056
SPIN 1 10 0 11 -5.545 -2.028 -0.370
SPIN 1 10 0 12 0.050 5.614 -1.866
SPIN 1 10 0 13 -3.096 -4.869 1.306
SPIN 1 10 0 14 4.476 -3.792 -0.766
SPIN 1 10 0 15 -3.402 -3.809 2.987
SPIN 4 10 0 0 0.274 5.504 -2.152
SPIN 4 10 0 1 -4.819 0.574 3.383
SPIN 4 10 0 2 2.705 5.117 -1.224
SPIN 4 10 0 3 -5.511 -2.104 -0.449
SPIN 4 10 0 4 -2.344 -5.130 1.786
SPIN 4 10 0 5 -0.883 4.328 -3.936
SPIN 4 10 0 6 -4.582 1.249 -3.528
SPIN 4 10 0 7 0.449 2.274 5.443
SPIN 4 10 0 8 -2.804 -5.085 -1.134
SPIN 4 10 0 9 -2.258 -0.065 -5.468
SPIN 4 10 0 10 2.345 -4.387 -3.203
SPIN 4 10 0 11 2.752 1.793 4.921
SPIN 4 10 0 12 4.729 2.086 -2.878
SPIN 4 10 0 13 3.259 -4.838 -0.983
SPIN 4 10 0 14 -1.713 5.305 1.980
SPIN 4 10 0 15 2.023 -5.279 1.743
SPIN 1 10 1 0 -1.876 3.969 3.966
SPIN 1 10 1 1 -0.058 -2.646 5.291
SPIN 1 10 1 2 4.204 -0.840 -4.077
SPIN 1 10 1 3 -0.196 5.759 1.340
SPIN 1 10 1 4 2.126 -3.395 -4.353
SPIN 1 10 1 5 -3.410 -2.764 3.967
SPIN 1 10 1 6 -1.504 -5.647 0.923
SPIN 1 10 1 7 -0.574 -1.989 -5.542
SPIN 1 10 1 8 -3.160 -0.671 4.956
SPIN 1 10 1 9 -1.480 -5.318 -2.128
SPIN 1 10 1 10 -1.914 3.217 -4.581
SPIN 1 10 1 11 4.916 -3.237 -0.594
SPIN 1 10 1 12 -4.979 1.395 -2.874
SPIN 1 10 1 13 -0.640 -5.826 -0.807
SPIN 1 10 1 14 -4.124 4.105 -1.069
SPIN 1 10 1 15 5.618 0.530 1.776
SPIN 4 10 1 0 -3.032 -1.079 -4.964
SPIN 4 10 1 1 3.904 2.380 -3.755
SPIN 4 10 1 2 -0.295 4.485 3.847
SPIN 4 10 1 3 3.183 1.907 4.608
SPIN 4 10 1 4 5.025 2.353 2.053
SPIN 4 10 1 5 -5.114 -1.704 -2.439
SPIN 4 10 1 6 -2.652 4.544 -2.706
SPIN 4 10 1 7 0.692 -1.546 -5.669
SPIN 4 10 1 8 5.522 0.971 -1.888
SPIN 4 10 1 9 -5.663 -1.240 -1.178
SPIN 4 10 1 10 1.077 -1.040 5.723
SPIN 4 10 1 11 2.036 1.292 -5.402
SPIN 4 10 1 12 -4.998 1.427 2.826
SPIN 4 10 1 13 5.455 0.296 2.271
SPIN 4 10 1 14 -4.583 -1.151 3.560
SPIN 4 10 1 15 -5.879 -0.558 0.361
SPIN 1 10 2 0 3.158 2.193 4.497
SPIN 1 10 2 1 4.109 2.973 -3.045
SPIN 1 10 2 2 -5.074 -2.834 -1.105
SPIN 1 10 2 3 3.390 -1.761 -4.518
SPIN 1 10 2 4 4.194 2.178 3.560
SPIN 1 10 2 5 4.984 -2.116 -2.383
SPIN 1 10 2 6 2.459 1.225 5.240
SPIN 1 10 2 7 1.400 -5.707 -0.688
SPIN 1 10 2 8 -1.899 -1.844 5.291
SPIN 1 10 2 9 -5.142 -1.047 2.733
SPIN 1 10 2 10 4.508 3.452 -1.662
SPIN 1 10 2 11 -0.961 -1.947 -5.503
SPIN 1 10 2 12 4.946 -2.768 -1.696
SPIN 1 10 2 13 -3.449 -1.893 4.418
SPIN 1 10 2 14 4.741 -1.382 -3.257
SPIN 1 10 2 15 3.758 3.687 -2.699
SPIN 4 10 2 0 0.477 2.220 -5.463
SPIN 4 10 2 1 -2.880 -1.995 4.767
SPIN 4 10 2 2 -1.382 5.714 0.667
SPIN 4 10 2 3 -5.659 0.138 -1.721
SPIN 4 10 2 4 2.176 -4.302 -3.428
SPIN 4 10 2 5 -3.168 -4.608 -1.931
SPIN 4 10 2 6 -5.643 1.462 1.012
SPIN 4 10 2 7 4.962 -2.264 2.292
SPIN 4 10 2 8 -1.800 4.830 2.903
SPIN 4 10 2 9 -5.583 -0.169 1.950
SPIN 4 10 2 10 4.106 -2.765 -3.239
SPIN 4 10 2 11 4.482 -3.478 1.678
SPIN 4 10 2 12 -4.953 2.663 1.838
SPIN 4 10 2 13 -4.316 -0.245 -4.039
SPIN 4 10 2 14 -2.454 4.253 3.301
SPIN 4 10 2 15 -3.740 1.229 4.416
SPIN 1 10 3 0 -0.880 -5.843 0.296
SPIN 1 10 3 1 1.429 -5.041 2.747
SPIN 1 10 3 2 -0.015 5.865 0.779
SPIN 1 10 3 3 -1.750 3.231 -4.637
SPIN 1 10 3 4 1.697 -4.702 3.164
SPIN 1 10 3 5 1.329 2.691 5.098
SPIN 1 10 3 6 -4.599 -3.478 -1.324
SPIN 1 10 3 7 2.240 -4.849 2.544
SPIN 1 10 3 8 -5.765 0.490 -1.237
SPIN 1 10 3 9 4.601 2.355 2.878
SPIN 1 10 3 10 -2.673 4.299 -3.061
SPIN 1 10 3 11 -5.473 0.106 2.245
SPIN 1 10 3 12 5.579 -1.955 0.226
SPIN 1 10 3 13 -0.015 3.734 -4.588
SPIN 1 10 3 14 -5.379 -2.369 -0.674
SPIN 1 10 3 15 -0.771 4.962 -3.128
SPIN 4 10 3 0 5.108 1.552 -2.550
SPIN 4 10 3 1 0.047 2.674 -5.277
SPIN 4 10 3 2 -2.057 -4.718 2.916
SPIN 4 10 3 3 3.741 0.340 -4.570
SPIN 4 10 3 4 -0.413 1.714 5.647
SPIN 4 10 3 5 2.406 4.307 3.265
SPIN 4 10 3 6 2.576 -5.082 -1.594
SPIN 4 10 3 7 -4.410 -1.679 -3.568
SPIN 4 10 3 8 3.857 -4.448 0.580
SPIN 4 10 3 9 -2.289 5.330 1.165
SPIN 4 10 3 10 -2.445 -5.323 0.829
SPIN 4 10 3 11 2.181 -4.637 2.957
SPIN 4 10 3 12 0.667 -1.110 -5.773
SPIN 4 10 3 13 -4.478 1.432 3.591
SPIN 4 10 3 14 2.945 -2.122 -4.672
SPIN 4 10 3 15 1.294 4.863 3.110
SPIN 1 10 4 0 2.796 1.529 -4.984
SPIN 1 10 4 1 0.215 1.399 5.744
SPIN 1 10 4 2 5.879 -0.483 -0.452
SPIN 1 10 4 3 1.042 -4.855 -3.216
SPIN 1 10 4 4 -5.294 1.191 2.356
SPIN 1 10 4 5 1.373 -3.527 4.547
SPIN 1 10 4 6 4.612 1.963 -3.143
SPIN 1 10 4 7 5.360 0.874 2.346
SPIN 1 10 4 8 3.208 4.956 0.391
SPIN 1 10 4 9 3.152 3.555 3.525
SPIN 1 10 4 10 -0.032 -2.368 5.421
SPIN 1 10 4 11 1.590 -4.777 -3.107
SPIN 1 10 4 12 -5.157 2.895 0.152
SPIN 1 10 4 13 -5.005 2.958 1.094
SPIN 1 10 4 14 4.428 1.311 -3.698
SPIN 1 10 4 15 0.450 -3.384 4.832
SPIN 4 10 4 0 -1.293 5.343 2.186
SPIN 4 10 4 1 1.107 -4.624 3.520
SPIN 4 10 4 2 0.127 2.049 -5.548
SPIN 4 10 4 3 3.679 -1.957 -4.200
SPIN 4 10 4 4 -4.509 3.441 -1.682
SPIN 4 10 4 5 -3.338 -2.058 4.430
SPIN 4 10 4 6 -5.194 2.827 -0.170
SPIN 4 10 4 7 -2.110 -4.672 2.953
SPIN 4 10 4 8 4.339 3.804 1.304
SPIN 4 10 4 9 -4.740 -3.262 1.376
SPIN 4 10 4 10 2.475 4.607 -2.765
SPIN 4 10 4 11 1.964 -5.176 2.085
SPIN 4 10 4 12 1.964 5.557 -0.507
SPIN 4 10 4 13 0.209 -5.712 -1.526
SPIN 4 10 4 14 -2.614 4.838 2.181
SPIN 4 10 4 15 -5.004 -1.487 -2.783
SPIN 1 10 5 0 1.615 -4.851 2.977
SPIN 1 10 5 1 -1.664 -0.237 -5.672
SPIN 1 10 5 2 0.865 2.662 5.212
SPIN 1 10 5 3 -1.006 2.160 5.415
SPIN 1 10 5 4 0.968 4.320 3.925
SPIN 1 10 5 5 0.616 5.555 -1.939
SPIN 1 10 5 6 -0.422 -2.148 5.496
SPIN 1 10 5 7 -2.234 5.191 -1.748
SPIN 1 10 5 8 4.239 -3.124 2.696
SPIN 1 10 5 9 -2.239 4.469 -3.164
SPIN 1 10 5 10 -0.937 -3.645 4.565
SPIN 1 10 5 11 -4.992 1.860 2.573
SPIN 1 10 5 12 -5.655 -1.598 0.680
SPIN 1 10 5 13 5.421 1.567 -1.777
SPIN 1 10 5 14 5.903 0.086 -0.385
SPIN 1 10 5 15 -5.550 1.468 -1.429
SPIN 4 10 5 0 2.553 2.554 -4.686
SPIN 4 10 5 1 -3.086 0.960 4.955
SPIN 4 10 5 2 2.091 -5.200 1.893
SPIN 4 10 5 3 -5.096 2.668 -1.384
SPIN 4 10 5 4 5.447 -2.165 -0.805
SPIN 4 10 5 5 3.179 1.900 -4.613
SPIN 4 10 5 6 5.833 0.916 -0.374
SPIN 4 10 5 7 -0.159 3.899 -4.446
SPIN 4 10 5 8 -5.912 -0.042 0.219
SPIN 4 10 5 9 -3.993 -3.077 3.096
SPIN 4 10 5 10 -0.740 5.825 -0.722
SPIN 4 10 5 11 4.742 -2.745 2.232
SPIN 4 10 5 12 -0.445 5.544 2.017
SPIN 4 10 5 13 0.336 5.603 -1.869
SPIN 4 10 5 14 3.226 -0.180 4.956
SPIN 4 10 5 15 0.167 1.234 -5.784
SPIN 1 10 6 0 -2.055 5.516 0.590
SPIN 1 10 6 1 0.920 -4.946 3.113
SPIN 1 10 6 2 -3.531 4.733 -0.367
SPIN 1 10 6 3 5.694 -1.453 0.684
SPIN 1 10 6 4 -0.345 0.883 -5.840
SPIN 1 10 6 5 -3.635 2.347 4.035
SPIN 1 10 6 6 5.651 -1.287 1.185
SPIN 1 10 6 7 5.781 0.312 -1.217
SPIN 1 10 6 8 0.077 5.742 1.421
SPIN 1 10 6 9 3.967 4.383 0.233
SPIN 1 10 6 10 0.532 3.439 4.784
SPIN 1 10 6 11 -3.787 3.705 -2.634
SPIN 1 10 6 12 4.921 -2.851 1.630
SPIN 1 10 6 13 -1.173 -0.956 5.719
SPIN 1 10 6 14 1.406 -4.961 2.900
SPIN 1 10 6 15 2.391 0.858 -5.343
SPIN 4 10 6 0 2.834 4.103 3.183
SPIN 4 10 6 1 0.419 5.366 2.456
SPIN 4 10 6 2 -3.945 -4.280 -1.058
SPIN 4 10 6 3 5.650 -1.361 -1.105
SPIN 4 10 6 4 4.140 3.502 -2.364
SPIN 4 10 6 5 0.084 -5.832 -0.991
SPIN 4 10 6 6 -4.494 1.340 3.607
SPIN 4 10 6 7 -0.998 -5.799 -0.610
SPIN 4 10 6 8 3.181 2.273 -4.440
SPIN 4 10 6 9 -3.523 -4.739 -0.365
SPIN 4 10 6 10 -0.065 -5.903 -0.393
SPIN 4 10 6 11 3.122 1.500 -4.796
SPIN 4 10 6 12 0.825 -4.477 -3.778
SPIN 4 10 6 13 -0.328 5.288 -2.632
SPIN 4 10 6 14 -0.590 1.814 -5.600
SPIN 4 10 6 15 -0.498 -0.421 5.880
SPIN 1 10 7 0 -1.468 -3.316 4.675
SPIN 1 10 7 1 4.581 2.290 -2.961
SPIN 1 10 7 2 2.856 -0.485 5.158
SPIN 1 10 7 3 -5.505 -1.752 -1.276
SPIN 1 10 7 4 5.150 -1.817 -2.275
SPIN 1 10 7 5 -3.891 -3.635 -2.578
SPIN 1 10 7 6 3.652 2.760 -3.748
SPIN 1 10 7 7 3.286 -3.360 -3.594
SPIN 1 10 7 8 0.902 -1.588 -5.627
SPIN 1 10 7 9 -0.093 -5.700 -1.580
SPIN 1 10 7 10 -5.560 -1.255 -1.586
SPIN 1 10 7 11 2.058 -2.321 5.038
SPIN 1 10 7 12 -3.123 3.969 3.081
SPIN 1 10 7 13 1.812 -5.424 -1.516
SPIN 1 10 7 14 -2.743 5.049 -1.407
SPIN 1 10 7 15 -5.428 2.351 0.064
SPIN 4 10 7 0 1.113 -2.605 5.194
SPIN 4 10 7 1 -5.656 -0.707 1.583
SPIN 4 10 7 2 1.015 -5.614 -1.565
SPIN 4 10 7 3 -4.809 -0.621 3.389
SPIN 4 10 7 4 -4.267 0.551 -4.061
SPIN 4 10 7 5 -1.919 -2.061 5.203
SPIN 4 10 7 6 0.451 3.983 -4.351
SPIN 4 10 7 7 -3.351 2.507 -4.181
SPIN 4 10 7 8 1.489 0.514 5.703
SPIN 4 10 7 9 -4.558 3.702 0.720
SPIN 4 10 7 10 3.786 4.070 2.025
SPIN 4 10 7 11 -4.421 -0.087 -3.930
SPIN 4 10 7 12 -3.452 -2.629 4.021
SPIN 4 10 7 13 3.308 4.544 1.847
SPIN 4 10 7 14 -4.783 -2.711 2.186
SPIN 4 10 7 15 -5.006 0.611 -3.093
SPIN 1 10 8 0 1.076 5.817 -0.071
SPIN 1 10 8 1 3.525 -4.659 0.931
SPIN 1 10 8 2 -2.157 4.726 2.830
SPIN 1 10 8 3 5.706 1.535 0.280
SPIN 1 10 8 4 -5.438 0.775 2.196
SPIN 1 10 8 5 3.435 -4.523 -1.655
SPIN 1 10 8 6 2.693 2.152 4.808
SPIN 1 10 8 7 -2.492 -2.207 -4.891
SPIN 1 10 8 8 -2.067 5.504 -0.656
SPIN 1 10 8 9 3.788 4.058 2.045
SPIN 1 10 8 10 -4.370 3.102 2.507
SPIN 1 10 8 11 4.890 -0.703 -3.255
SPIN 1 10 8 12 -0.710 2.480 5.324
SPIN 1 10 8 13 -2.142 0.910 5.439
SPIN 1 10 8 14 0.356 -2.753 -5.224
SPIN 1 10 8 15 3.919 -3.327 -2.928
SPIN 4 10 8 0 -0.698 -5.266 -2.605
SPIN 4 10 8 1 5.639 -0.478 1.723
SPIN 4 10 8 2 -1.884 0.201 -5.605
SPIN 4 10 8 3 5.271 2.526 -0.914
SPIN 4 10 8 4 5.653 -0.666 -1.614
SPIN 4 10 8 5 5.045 -2.859 1.174
SPIN 4 10 8 6 -4.332 -1.944 3.529
SPIN 4 10 8 7 1.834 2.582 4.997
SPIN 4 10 8 8 -5.067 0.671 -2.980
SPIN 4 10 8 9 -4.079 2.111 -3.729
SPIN 4 10 8 10 0.710 -5.871 0.175
SPIN 4 10 8 11 2.891 4.923 1.550
SPIN 4 10 8 12 4.681 3.603 0.327
SPIN 4 10 8 13 -0.929 -5.817 -0.551
SPIN 4 10 8 14 -3.655 4.302 1.770
SPIN 4 10 8 15 0.786 5.532 1.944
SPIN 1 10 9 0 -3.705 4.335 1.574
SPIN 1 10 9 1 2.162 -0.719 -5.460
SPIN 1 10 9 2 -2.780 -0.355 -5.210
SPIN 1 10 9 3 -0.153 5.627 -1.819
SPIN 1 10 9 4 -2.877 -5.149 0.457
SPIN 1 10 9 5 -2.335 1.615 5.191
SPIN 1 10 9 6 0.225 3.819 4.513
SPIN 1 10 9 7 -5.808 0.002 1.127
SPIN 1 10 9 8 -2.176 3.807 -3.971
SPIN 1 10 9 9 -0.080 -4.757 3.517
SPIN 1 10 9 10 -3.287 4.121 -2.686
SPIN 1 10 9 11 -4.910 0.715 3.222
SPIN 1 10 9 12 -2.932 4.962 -1.336
SPIN 1 10 9 13 -5.204 1.004 -2.630
SPIN 1 10 9 14 -2.124 -3.522 4.252
SPIN 1 10 9 15 -0.291 4.340 -4.010
SPIN 4 10 9 0 -2.892 0.149 5.159
SPIN 4 10 9 1 -1.671 -4.001 4.025
SPIN 4 10 9 2 -3.663 4.033 2.306
SPIN 4 10 9 3 0.998 -5.182 2.674
SPIN 4 10 9 4 -3.268 -3.747 -3.207
SPIN 4 10 9 5 -1.392 5.390 2.002
SPIN 4 10 9 6 1.570 -1.782 -5.418
SPIN 4 10 9 7 -1.701 -1.737 5.393
SPIN 4 10 9 8 4.775 -3.467 0.428
SPIN 4 10 9 9 -5.188 -2.522 1.315
SPIN 4 10 9 10 -1.661 4.236 3.781
SPIN 4 10 9 11 -1.334 2.230 -5.315
SPIN 4 10 9 12 -2.383 5.264 -1.271
SPIN 4 10 9 13 2.090 2.305 5.032
SPIN 4 10 9 14 -3.149 -4.138 -2.821
SPIN 4 10 9 15 -2.706 5.151 -1.072
SPIN 1 10 10 0 -0.812 -5.797 0.861
SPIN 1 10 10 1 4.378 -3.824 -1.101
SPIN 1 10 10 2 4.696 -0.721 -3.526
SPIN 1 10 10 3 0.128 5.106 2.985
SPIN 1 10 10 4 4.688 0.203 -3.603
SPIN 1 10 10 5 2.753 4.267 3.035
SPIN 1 10 10 6 2.778 -3.905 -3.469
SPIN 1 10 10 7 -1.564 -3.639 4.395
SPIN 1 10 10 8 3.364 -3.680 -3.185
SPIN 1 10 10 9 -0.158 5.809 -1.112
SPIN 1 10 10 10 -2.636 -1.178 5.164
SPIN 1 10 10 11 2.706 -0.253 -5.255
SPIN 1 10 10 12 -3.109 -3.101 3.965
SPIN 1 10 10 13 0.977 -4.424 3.805
SPIN 1 10 10 14 -5.450 -1.212 -1.957
SPIN 1 10 10 15 1.748 -5.163 -2.300
SPIN 4 10 10 0 5.266 -2.382 1.264
SPIN 4 10 10 1 1.011 2.617 -5.209
SPIN 4 10 10 2 3.764 4.528 -0.575
SPIN 4 10 10 3 -5.499 2.011 -0.845
SPIN 4 10 10 4 4.350 -3.517 1.927
SPIN 4 10 10 5 2.796 -1.271 -5.056
SPIN 4 10 10 6 -5.267 2.207 1.545
SPIN 4 10 10 7 3.688 3.048 -3.479
SPIN 4 10 10 8 0.711 -3.504 -4.714
SPIN 4 10 10 9 4.151 1.487 -3.945
SPIN 4 10 10 10 -1.245 -5.703 -0.966
SPIN 4 10 10 11 -4.865 -1.252 3.125
SPIN 4 10 10 12 3.238 -4.937 0.378
SPIN 4 10 10 13 -5.579 0.958 1.721
SPIN 4 10 10 14 3.852 -0.488 4.464
SPIN 4 10 10 15 -2.247 -2.510 4.863
SPIN 1 10 11 0 2.967 5.090 -0.543
SPIN 1 10 11 1 -3.073 -2.871 4.160
SPIN 1 10 11 2 -5.018 2.444 1.961
SPIN 1 10 11 3 2.622 -4.884 2.068
SPIN 1 10 11 4 3.133 -4.814 1.419
SPIN 1 10 11 5 4.719 -0.123 -3.566
SPIN 1 10 11 6 2.345 -5.058 1.980
SPIN 1 10 11 7 -4.655 1.232 -3.437
SPIN 1 10 11 8 -5.764 -1.331 -0.085
SPIN 1 10 11 9 5.573 0.404 1.943
SPIN 1 10 11 10 -0.747 5.860 -0.320
SPIN 1 10 11 11 -1.017 -1.971 5.484
SPIN 1 10 11 12 2.659 5.238 0.703
SPIN 1 10 11 13 -2.945 1.328 -4.956
SPIN 1 10 11 14 2.063 -4.862 2.665
SPIN 1 10 11 15 -3.406 1.711 -4.524
SPIN 4 10 11 0 2.053 5.486 0.831
SPIN 4 10 11 1 -0.785 -5.863 -0.073
SPIN 4 10 11 2 0.119 5.336 -2.552
SPIN 4 10 11 3 4.796 -0.013 3.464
SPIN 4 10 11 4 -2.419 -3.762 3.872
SPIN 4 10 11 5 2.621 -0.880 5.230
SPIN 4 10 11 6 0.238 -0.089 -5.911
SPIN 4 10 11 7 1.212 5.749 0.694
SPIN 4 10 11 8 -1.115 -1.808 5.521
SPIN 4 10 11 9 0.486 -2.655 -5.264
SPIN 4 10 11 10 4.661 -3.630 -0.324
SPIN 4 10 11 11 -2.340 -1.353 -5.263
SPIN 4 10 11 12 -5.800 0.944 -0.689
SPIN 4 10 11 13 5.217 0.516 2.742
SPIN 4 10 11 14 -1.645 5.678 0.242
SPIN 4 10 11 15 -2.268 3.327 -4.335
SPIN 1 10 12 0 -5.808 -1.097 0.254
SPIN 1 10 12 1 5.044 -2.333 -2.027
SPIN 1 10 12 2 -5.000 -2.228 2.244
SPIN 1 10 12 3 -0.285 1.388 5.744
SPIN 1 10 12 4 -3.991 3.316 -2.842
SPIN 1 10 12 5 1.315 3.778 -4.359
SPIN 1 10 12 6 1.660 -0.580 5.649
SPIN 1 10 12 7 -1.337 2.823 5.024
SPIN 1 10 12 8 1.712 3.761 -4.233
SPIN 1 10 12 9 -3.498 -2.952 -3.749
SPIN 1 10 12 10 -5.516 -0.566 -2.062
SPIN 1 10 12 11 -0.484 -3.506 -4.741
SPIN 1 10 12 12 -2.725 1.710 4.965
SPIN 1 10 12 13 -4.500 0.249 -3.833
SPIN 1 10 12 14 1.449 -0.900 -5.665
SPIN 1 10 12 15 5.830 -0.909 -0.433
SPIN 4 10 12 0 -2.582 4.163 -3.316
SPIN 4 10 12 1 4.169 -4.141 0.686
SPIN 4 10 12 2 -5.337 0.898 2.389
SPIN 4 10 12 3 0.159 -4.584 3.737
SPIN 4 10 12 4 5.269 -1.641 -2.133
SPIN 4 10 12 5 -3.395 0.131 4.843
SPIN 4 10 12 6 -1.759 -2.380 -5.123
SPIN 4 10 12 7 -1.926 -5.134 -2.220
SPIN 4 10 12 8 3.461 -3.657 3.106
SPIN 4 10 12 9 0.275 -0.801 5.855
SPIN 4 10 12 10 2.512 -2.955 4.467
SPIN 4 10 12 11 5.541 1.241 -1.661
SPIN 4 10 12 12 1.625 -5.673 0.419
SPIN 4 10 12 13 1.698 -3.625 4.356
SPIN 4 10 12 14 4.086 -0.974 4.166
SPIN 4 10 12 15 5.661 1.687 0.320
SPIN 1 10 13 0 4.128 0.930 -4.134
SPIN 1 10 13 1 -0.780 2.628 5.243
SPIN 1 10 13 2 3.783 -3.559 2.833
SPIN 1 10 13 3 -1.250 -1.450 -5.598
SPIN 1 10 13 4 -5.548 -0.469 2.000
SPIN 1 10 13 5 1.473 4.686 3.298
SPIN 1 10 13 6 -5.378 -1.910 -1.559
SPIN 1 10 13 7 -4.321 -4.007 -0.529
SPIN 1 10 13 8 4.152 -0.121 -4.213
SPIN 1 10 13 9 -4.789 3.102 -1.565
SPIN 1 10 13 10 3.086 -4.046 -3.018
SPIN 1 10 13 11 4.139 4.223 0.203
SPIN 1 10 13 12 -1.678 1.970 5.320
SPIN 1 10 13 13 5.428 2.220 -0.778
SPIN 1 10 13 14 -4.316 4.009 0.542
SPIN 1 10 13 15 0.139 -5.898 0.444
SPIN 4 10 13 0 5.296 1.327 -2.278
SPIN 4 10 13 1 -2.150 -1.296 -5.357
SPIN 4 10 13 2 0.109 5.788 -1.220
SPIN 4 10 13 3 -2.615 -2.107 -4.871
SPIN 4 10 13 4 0.849 5.284 -2.522
SPIN 4 10 13 5 -0.480 -5.816 -0.972
SPIN 4 10 13 6 -4.435 3.510 -1.736
SPIN 4 10 13 7 3.132 -2.068 -4.573
SPIN 4 10 13 8 -4.271 -3.438 2.221
SPIN 4 10 13 9 -3.945 3.829 -2.185
SPIN 4 10 13 10 4.147 0.748 -4.152
SPIN 4 10 13 11 0.011 -4.894 3.324
SPIN 4 10 13 12 1.615 5.091 2.545
SPIN 4 10 13 13 -3.085 -4.548 -2.190
SPIN 4 10 13 14 -1.849 5.124 -2.307
SPIN 4 10 13 15 -3.310 4.894 0.312
SPIN 1 10 14 0 4.013 -3.994 -1.715
SPIN 1 10 14 1 -5.506 1.679 1.365
SPIN 1 10 14 2 -2.974 -0.317 -5.104
SPIN 1 10 14 3 -0.387 -0.178 5.901
SPIN 1 10 14 4 1.991 0.919 -5.495
SPIN 1 10 14 5 3.913 3.750 -2.372
SPIN 1 10 14 6 3.445 3.340 -3.461
SPIN 1 10 14 7 4.425 1.452 3.648
SPIN 1 10 14 8 -4.713 1.712 -3.139
SPIN 1 10 14 9 -5.413 -0.737 -2.271
SPIN 1 10 14 10 -3.620 -0.846 -4.602
SPIN 1 10 14 11 -0.228 -5.886 0.553
SPIN 1 10 14 12 2.817 -4.271 -2.970
SPIN 1 10 14 13 4.960 3.148 -0.702
SPIN 1 10 14 14 5.532 -2.065 -0.367
SPIN 1 10 14 15 0.535 -3.987 -4.338
SPIN 4 10 14 0 -4.547 0.591 -3.738
SPIN 4 10 14 1 -4.555 -3.029 -2.255
SPIN 4 10 14 2 5.680 0.574 1.553
SPIN 4 10 14 3 -3.385 3.127 3.710
SPIN 4 10 14 4 4.633 0.663 -3.618
SPIN 4 10 14 5 -3.866 2.398 3.782
SPIN 4 10 14 6 1.955 -0.812 -5.525
SPIN 4 10 14 7 -4.518 3.760 -0.666
SPIN 4 10 14 8 4.551 3.778 -0.132
SPIN 4 10 14 9 5.112 -2.751 1.137
SPIN 4 10 14 10 4.794 1.418 3.164
SPIN 4 10 14 11 -4.063 0.894 -4.207
SPIN 4 10 14 12 0.923 -5.706 -1.260
SPIN 4 10 14 13 3.053 4.746 1.776
SPIN 4 10 14 14 3.400 4.359 2.107
SPIN 4 10 14 15 -4.918 1.498 2.928
SPIN 1 10 15 0 0.438 -3.074 -5.036
SPIN 1 10 15 1 4.187 2.236 -3.531
SPIN 1 10 15 2 -0.544 -2.229 5.453
SPIN 1 10 15 3 4.163 4.203 -0.063
SPIN 1 10 15 4 5.037 -3.008 -0.763
SPIN 1 10 15 5 -4.680 3.602 0.341
SPIN 1 10 15 6 -1.231 0.418 5.771
SPIN 1 10 15 7 0.902 -5.295 2.481
SPIN 1 10 15 8 -0.088 -4.843 -3.397
SPIN 1 10 15 9 -1.978 3.115 -4.624
SPIN 1 10 15 10 -5.458 -0.895 -2.099
SPIN 1 10 15 11 -3.133 4.533 -2.155
SPIN 1 10 15 12 2.808 0.012 5.207
SPIN 1 10 15 13 -4.041 4.254 0.757
SPIN 1 10 15 14 -0.861 5.297 2.491
SPIN 1 10 15 15 -3.667 1.087 4.514
SPIN 4 10 15 0 0.091 3.987 4.369
SPIN 4 10 15 1 -1.006 4.708 -3.438
SPIN 4 10 15 2 -3.201 -3.951 3.024
SPIN 4 10 15 3 3.614 -1.545 -4.422
SPIN 4 10 15 4 -2.043 -3.978 3.874
SPIN 4 10 15 5 2.338 -3.288 -4.327
SPIN 4 10 15 6 -4.283 -1.192 -3.903
SPIN 4 10 15 7 4.718 -3.553 0.340
SPIN 4 10 15 8 -3.579 -4.296 -1.933
SPIN 4 10 15 9 2.131 5.186 -1.888
SPIN 4 10 15 10 2.182 4.613 -2.993
SPIN 4 10 15 11 -5.677 -0.864 1.425
SPIN 4 10 15 12 4.820 -2.250 2.589
SPIN 4 10 15 13 0.115 4.822 -3.425
SPIN 4 10 15 14 3.682 -3.783 -2.671
SPIN 4 10 15 15 -0.058 -5.888 -0.574
SPIN 3 10 0 0 4.900 -1.732 2.826
SPIN 3 10 0 1 -1.714 3.915 4.091
SPIN 3 10 0 2 -1.907 -4.129 -3.783
SPIN 3 10 0 3 3.368 -0.078 4.863
SPIN 3 10 0 4 1.852 -1.747 5.340
SPIN 3 10 0 5 -5.574 0.211 -1.970
SPIN 3 10 0 6 4.218 -4.061 -0.845
SPIN 3 10 0 7 -4.938 1.017 -3.096
SPIN 3 10 0 8 -5.079 -2.810 1.143
SPIN 3 10 0 9 4.466 1.554 3.555
SPIN 3 10 0 10 -3.470 3.158 3.604
SPIN 3 10 0 11 1.083 -3.692 -4.494
SPIN 3 10 0 12 -4.726 3.067 1.805
SPIN 3 10 0 13 -2.174 3.410 -4.318
SPIN 3 10 0 14 -3.195 4.852 1.119
SPIN 3 10 0 15 -4.957 1.277 2.965
SPIN 2 10 0 0 1.181 -0.460 -5.779
SPIN 2 10 0 1 -2.783 -4.478 2.684
SPIN 2 10 0 2 -3.758 -3.478 -2.962
SPIN 2 10 0 3 -1.509 2.116 -5.315
SPIN 2 10 0 4 -1.903 -2.075 -5.203
SPIN 2 10 0 5 3.551 -1.805 4.374
SPIN 2 10 0 6 -0.605 -1.853 -5.586
SPIN 2 10 0 7 3.828 -1.124 -4.369
SPIN 2 10 0 8 -3.364 4.532 -1.774
SPIN 2 10 0 9 4.769 1.134 3.312
SPIN 2 10 0 10 1.523 0.743 5.668
SPIN 2 10 0 11 -1.760 -1.484 -5.450
SPIN 2 10 0 12 3.092 -4.501 2.277
SPIN 2 10 0 13 -3.351 -0.958 4.781
SPIN 2 10 0 14 4.224 3.090 -2.759
SPIN 2 10 0 15 3.934 4.351 -0.770
SPIN 3 10 1 0 5.653 -0.986 1.441
SPIN 3 10 1 1 3.132 -1.188 -4.877
SPIN 3 10 1 2 5.503 1.938 -0.979
SPIN 3 10 1 3 5.046 -2.083 2.280
SPIN 3 10 1 4 1.297 4.135 -4.028
SPIN 3 10 1 5 -1.332 5.667 1.052
SPIN 3 10 1 6 2.359 3.347 4.270
SPIN 3 10 1 7 1.503 -0.976 -5.638
SPIN 3 10 1 8 1.207 3.192 -4.833
SPIN 3 10 1 9 -4.551 2.777 2.565
SPIN 3 10 1 10 -1.293 0.696 -5.731
SPIN 3 10 1 11 -4.769 -0.116 -3.499
SPIN 3 10 1 12 1.797 -2.822 -4.879
SPIN 3 10 1 13 -0.885 4.459 -3.786
SPIN 3 10 1 14 0.343 -5.306 2.593
SPIN 3 10 1 15 -4.641 3.328 1.544
SPIN 2 10 1 0 3.429 -2.148 -4.316
SPIN 2 10 1 1 2.874 5.142 0.550
SPIN 2 10 1 2 -3.201 3.783 3.231
SPIN 2 10 1 3 -1.692 -1.581 -5.444
SPIN 2 10 1 4 -3.131 4.504 2.217
SPIN 2 10 1 5 5.549 2.028 0.313
SPIN 2 10 1 6 2.646 -1.796 -4.977
SPIN 2 10 1 7 -1.492 1.339 5.566
SPIN 2 10 1 8 -2.397 -4.481 3.029
SPIN 2 10 1 9 -0.855 -2.841 -5.118
SPIN 2 10 1 10 -4.303 3.788 1.461
SPIN 2 10 1 11 3.409 4.835 -0.046
SPIN 2 10 1 12 -2.646 1.149 5.165
SPIN 2 10 1 13 -0.273 5.478 2.217
SPIN 2 10 1 14 0.391 2.607 5.297
SPIN 2 10 1 15 -5.089 -2.960 -0.585
SPIN 3 10 2 0 -5.690 1.534 0.520
SPIN 3 10 2 1 4.276 -3.874 1.307
SPIN 3 10 2 2 -5.328 -2.500 -0.603
SPIN 3 10 2 3 -4.366 1.283 3.781
SPIN 3 10 2 4 4.315 2.467 -3.209
SPIN 3 10 2 5 -2.378 -5.309 -1.078
SPIN 3 10 2 6 -4.499 -3.725 -0.939
SPIN 3 10 2 7 -1.853 2.973 -4.767
SPIN 3 10 2 8 2.760 -4.148 -3.190
SPIN 3 10 2 9 -3.254 3.699 3.275
SPIN 3 10 2 10 2.351 -4.219 3.417
SPIN 3 10 2 11 4.585 -0.819 3.648
SPIN 3 10 2 12 -4.384 -3.924 -0.613
SPIN 3 10 2 13 1.610 5.474 1.563
SPIN 3 10 2 14 -3.611 -2.497 -3.965
SPIN 3 10 2 15 4.159 4.127 0.819
SPIN 2 10 2 0 1.871 -0.652 5.574
SPIN 2 10 2 1 5.152 -1.474 -2.507
SPIN 2 10 2 2 5.902 -0.406 0.038
SPIN 2 10 2 3 5.597 1.821 -0.597
SPIN 2 10 2 4 1.573 3.100 -4.787
SPIN 2 10 2 5 1.861 -4.223 3.701
SPIN 2 10 2 6 3.393 2.910 3.876
SPIN 2 10 2 7 -4.642 3.262 -1.677
SPIN 2 10 2 8 -3.390 -4.597 1.542
SPIN 2 10 2 9 5.857 -0.176 -0.817
SPIN 2 10 2 10 -2.629 -0.617 5.264
SPIN 2 10 2 11 -4.201 4.093 -0.772
SPIN 2 10 2 12 -3.583 2.908 3.702
SPIN 2 10 2 13 3.799 1.670 -4.216
SPIN 2 10 2 14 -2.446 -5.319 -0.856
SPIN 2 10 2 15 4.891 -0.616 3.271
SPIN 3 10 3 0 2.375 -1.348 -5.248
SPIN 3 10 3 1 -1.678 4.929 -2.809
SPIN 3 10 3 2 5.883 -0.436 0.452
SPIN 3 10 3 3 1.657 -0.053 -5.679
SPIN 3 10 3 4 -3.825 1.572 -4.231
SPIN 3 10 3 5 -5.556 1.871 -0.792
SPIN 3 10 3 6 0.413 -5.653 1.693
SPIN 3 10 3 7 5.486 -1.116 1.912
SPIN 3 10 3 8 1.665 5.618 -0.819
SPIN 3 10 3 9 -2.545 -2.501 4.719
SPIN 3 10 3 10 4.346 -0.887 -3.915
SPIN 3 10 3 11 2.877 0.437 -5.151
SPIN 3 10 3 12 -3.500 2.383 4.132
SPIN 3 10 3 13 3.626 -0.133 -4.672
SPIN 3 10 3 14 -0.080 -3.010 5.092
SPIN 3 10 3 15 3.553 -3.626 -3.038
SPIN 2 10 3 0 -0.820 5.397 -2.280
SPIN 2 10 3 1 -0.111 -0.127 5.914
SPIN 2 10 3 2 -1.350 -4.114 4.032
SPIN 2 10 3 3 2.448 2.032 4.988
SPIN 2 10 3 4 2.030 -5.552 -0.232
SPIN 2 10 3 5 -0.908 4.180 -4.087
SPIN 2 10 3 6 3.337 -3.334 -3.571
SPIN 2 10 3 7 -1.962 5.015 -2.450
SPIN 2 10 3 8 -0.602 3.489 4.740
SPIN 2 10 3 9 0.828 -5.432 2.193
SPIN 2 10 3 10 -1.813 -5.026 2.540
SPIN 2 10 3 11 3.201 4.072 -2.858
SPIN 2 10 3 12 -5.628 -0.539 1.741
SPIN 2 10 3 13 -2.147 1.882 5.182
SPIN 2 10 3 14 -5.518 -0.031 2.133
SPIN 2 10 3 15 -3.835 0.319 4.494
SPIN 3 10 4 0 -4.675 0.301 -3.612
SPIN 3 10 4 1 -0.195 -4.334 -4.022
SPIN 3 10 4 2 -4.442 0.217 -3.902
SPIN 3 10 4 3 1.439 3.704 4.383
SPIN 3 10 4 4 3.621 2.717 -3.809
SPIN 3 10 4 5 -3.439 -3.953 2.747
SPIN 3 10 4 6 -4.252 2.708 -3.096
SPIN 3 10 4 7 5.232 0.094 2.760
SPIN 3 10 4 8 -0.978 -2.315 -5.356
SPIN 3 10 4 9 -4.122 -0.281 -4.235
SPIN 3 10 4 10 -4.690 -0.511 3.570
SPIN 3 10 4 11 4.214 1.560 -3.848
SPIN 3 10 4 12 5.599 -0.214 1.898
SPIN 3 10 4 13 4.169 -1.017 4.072
SPIN 3 10 4 14 2.893 0.716 -5.111
SPIN 3 10 4 15 -2.893 4.628 -2.282
SPIN 2 10 4 0 -2.184 5.368 -1.190
SPIN 2 10 4 1 5.343 -2.010 -1.554
SPIN 2 10 4 2 -2.826 4.769 2.066
SPIN 2 10 4 3 -0.570 -4.757 -3.471
SPIN 2 10 4 4 2.728 0.225 5.245
SPIN 2 10 4 5 -3.698 0.255 -4.611
SPIN 2 10 4 6 -4.432 -3.392 1.963
SPIN 2 10 4 7 -1.926 -2.458 -5.025
SPIN 2 10 4 8 -5.422 -1.300 -1.978
SPIN 2 10 4 9 -3.812 -4.132 1.842
SPIN 2 10 4 10 2.424 4.797 -2.473
SPIN 2 10 4 11 0.656 -5.667 1.568
SPIN 2 10 4 12 2.916 3.408 -3.858
SPIN 2 10 4 13 -4.041 -4.279 -0.595
SPIN 2 10 4 14 -1.768 -3.736 4.233
SPIN 2 10 4 15 3.513 4.309 -2.023
SPIN 3 10 5 0 5.332 2.562 -0.060
SPIN 3 10 5 1 5.403 -1.062 -2.162
SPIN 3 10 5 2 -3.845 3.903 -2.232
SPIN 3 10 5 3 3.759 0.529 -4.538
SPIN 3 10 5 4 -2.509 -4.649 2.663
SPIN 3 10 5 5 -3.430 1.018 -4.711
SPIN 3 10 5 6 4.369 -1.209 3.801
SPIN 3 10 5 7 -0.765 -5.593 1.769
SPIN 3 10 5 8 5.723 -1.042 1.079
SPIN 3 10 5 9 5.361 -1.533 -1.978
SPIN 3 10 5 10 1.517 -4.641 -3.341
SPIN 3 10 5 11 -3.805 2.374 3.858
SPIN 3 10 5 12 0.373 -1.381 5.741
SPIN 3 10 5 13 0.789 -4.596 -3.641
SPIN 3 10 5 14 -3.156 3.540 3.536
SPIN 3 10 5 15 -0.740 -5.514 -2.011
SPIN 2 10 5 0 -2.347 2.460 -4.842
SPIN 2 10 5 1 -1.496 3.872 4.215
SPIN 2 10 5 2 -1.614 -4.576 3.384
SPIN 2 10 5 3 -1.364 -1.874 -5.443
SPIN 2 10 5 4 -2.963 4.769 -1.866
SPIN 2 10 5 5 -2.201 -1.562 5.265
SPIN 2 10 5 6 1.825 -1.026 -5.533
SPIN 2 10 5 7 -2.833 -0.953 5.105
SPIN 2 10 5 8 -4.929 -1.697 -2.797
SPIN 2 10 5 9 5.671 1.682 0.080
SPIN 2 10 5 10 -5.911 0.242 -0.083
SPIN 2 10 5 11 4.619 2.289 2.903
SPIN 2 10 5 12 -3.423 -4.641 -1.320
SPIN 2 10 5 13 5.283 0.662 -2.579
SPIN 2 10 5 14 -4.264 3.936 -1.153
SPIN 2 10 5 15 -2.966 4.843 1.658
SPIN 3 10 6 0 2.633 -4.872 -2.082
SPIN 3 10 6 1 -4.349 0.593 -3.966
SPIN 3 10 6 2 4.751 -1.467 3.205
SPIN 3 10 6 3 -0.059 3.966 -4.389
SPIN 3 10 6 4 -2.573 -4.710 2.490
SPIN 3 10 6 5 2.423 5.395 0.128
SPIN 3 10 6 6 0.229 4.103 4.256
SPIN 3 10 6 7 3.092 -1.711 -4.744
SPIN 3 10 6 8 -2.533 3.390 4.134
SPIN 3 10 6 9 -4.958 -1.400 2.908
SPIN 3 10 6 10 0.511 -0.464 5.876
SPIN 3 10 6 11 -1.410 -2.426 -5.208
SPIN 3 10 6 12 0.903 1.632 5.614
SPIN 3 10 6 13 4.005 -2.616 3.481
SPIN 3 10 6 14 3.884 -0.085 -4.462
SPIN 3 10 6 15 -4.404 2.794 2.793
SPIN 2 10 6 0 -4.492 3.441 1.727
SPIN 2 10 6 1 -4.988 -3.128 -0.578
SPIN 2 10 6 2 1.480 -1.407 -5.553
SPIN 2 10 6 3 -0.278 -1.758 5.642
SPIN 2 10 6 4 -0.400 -1.790 5.625
SPIN 2 10 6 5 4.361 -1.682 -3.626
SPIN 2 10 6 6 -0.019 -4.636 3.675
SPIN 2 10 6 7 -4.072 2.430 -3.538
SPIN 2 10 6 8 2.293 -5.414 -0.656
SPIN 2 10 6 9 -1.934 -5.434 1.314
SPIN 2 10 6 10 -0.179 5.804 -1.130
SPIN 2 10 6 11 -1.024 -5.681 1.293
SPIN 2 10 6 12 3.070 -3.722 3.423
SPIN 2 10 6 13 -4.343 3.951 0.725
SPIN 2 10 6 14 1.315 0.597 5.737
SPIN 2 10 6 15 4.432 2.151 3.276
SPIN 3 10 7 0 4.151 -0.469 4.190
SPIN 3 10 7 1 -4.353 -2.385 -3.219
SPIN 3 10 7 2 -4.652 1.372 3.387
SPIN 3 10 7 3 -4.589 -3.285 -1.775
SPIN 3 10 7 4 -4.360 0.774 3.924
SPIN 3 10 7 5 4.149 1.287 -4.016
SPIN 3 10 7 6 4.657 0.518 -3.612
SPIN 3 10 7 7 3.836 4.278 1.409
SPIN 3 10 7 8 -5.064 -0.880 -2.930
SPIN 3 10 7 9 3.616 4.651 -0.540
SPIN 3 10 7 10 -0.005 -4.176 4.191
SPIN 3 10 7 11 -4.622 3.025 -2.118
SPIN 3 10 7 12 -4.876 -1.137 -3.151
SPIN 3 10 7 13 -4.125 3.810 -1.864
SPIN 3 10 7 14 4.100 3.794 1.948
SPIN 3 10 7 15 0.267 -4.354 -3.996
SPIN 2 10 7 0 3.109 2.508 -4.364
SPIN 2 10 7 1 -3.557 1.047 4.610
SPIN 2 10 7 2 2.529 5.343 0.245
SPIN 2 10 7 3 -5.861 -0.755 -0.291
SPIN 2 10 7 4 4.690 1.196 3.402
SPIN 2 10 7 5 0.734 5.363 2.388
SPIN 2 10 7 6 -4.676 -3.322 1.449
SPIN 2 10 7 7 2.640 -4.935 1.918
SPIN 2 10 7 8 4.333 3.401 2.159
SPIN 2 10 7 9 4.377 3.949 -0.495
SPIN 2 10 7 10 -2.276 -1.909 5.116
SPIN 2 10 7 11 4.624 2.782 2.426
SPIN 2 10 7 12 1.330 1.234 -5.631
SPIN 2 10 7 13 4.308 -2.075 3.483
SPIN 2 10 7 14 -2.921 5.091 0.740
SPIN 2 10 7 15 5.248 0.763 2.623
SPIN 3 10 8 0 0.265 5.122 -2.948
SPIN 3 10 8 1 -2.720 -0.191 -5.250
SPIN 3 10 8 2 1.070 2.060 5.442
SPIN 3 10 8 3 -3.148 -4.007 -3.006
SPIN 3 10 8 4 4.734 -3.502 -0.574
SPIN 3 10 8 5 -1.210 -3.890 -4.290
SPIN 3 10 8 6 -2.304 3.187 -4.420
SPIN 3 10 8 7 -5.384 -1.661 -1.803
SPIN 3 10 8 8 2.954 -5.068 -0.769
SPIN 3 10 8 9 1.799 -0.157 -5.634
SPIN 3 10 8 10 -0.732 -0.291 5.863
SPIN 3 10 8 11 -2.622 -3.230 -4.206
SPIN 3 10 8 12 -0.683 2.823 5.154
SPIN 3 10 8 13 -3.872 -2.701 3.566
SPIN 3 10 8 14 -5.140 2.808 -0.832
SPIN 3 10 8 15 0.485 -1.457 5.713
SPIN 2 10 8 0 3.747 -0.666 4.530
SPIN 2 10 8 1 -3.350 2.392 -4.249
SPIN 2 10 8 2 5.916 -0.013 0.070
SPIN 2 10 8 3 -4.469 2.950 2.515
SPIN 2 10 8 4 -3.022 -5.083 -0.195
SPIN 2 10 8 5 -5.450 -1.667 1.588
SPIN 2 10 8 6 -5.829 0.658 0.768
SPIN 2 10 8 7 3.841 1.576 4.215
SPIN 2 10 8 8 -5.720 -1.457 0.393
SPIN 2 10 8 9 -0.225 2.080 5.534
SPIN 2 10 8 10 2.120 2.372 -4.988
SPIN 2 10 8 11 -4.013 -0.928 4.247
SPIN 2 10 8 12 -1.169 5.676 1.188
SPIN 2 10 8 13 4.852 0.707 -3.310
SPIN 2 10 8 14 1.890 -1.121 5.493
SPIN 2 10 8 15 5.449 -2.293 -0.224
SPIN 3 10 9 0 5.118 -2.958 -0.235
SPIN 3 10 9 1 2.428 -0.139 5.393
SPIN 3 10 9 2 -3.314 2.312 -4.321
SPIN 3 10 9 3 -2.555 4.660 -2.599
SPIN 3 10 9 4 -3.740 1.419 -4.359
SPIN 3 10 9 5 -3.377 1.433 -4.641
SPIN 3 10 9 6 4.623 0.592 -3.644
SPIN 3 10 9 7 5.576 0.951 1.733
SPIN 3 10 9 8 -5.705 -1.179 -1.032
SPIN 3 10 9 9 0.853 4.201 4.077
SPIN 3 10 9 10 -2.820 -3.821 3.529
SPIN 3 10 9 11 -2.892 0.140 5.159
SPIN 3 10 9 12 1.464 -4.969 -2.858
SPIN 3 10 9 13 -1.384 5.743 -0.315
SPIN 3 10 9 14 4.038 -2.604 3.452
SPIN 3 10 9 15 -0.661 5.875 0.205
SPIN 2 10 9 0 0.895 -5.731 1.162
SPIN 2 10 9 1 -3.843 0.026 -4.498
SPIN 2 10 9 2 -2.696 0.897 5.189
SPIN 2 10 9 3 2.278 4.610 -2.926
SPIN 2 10 9 4 -0.733 5.296 2.533
SPIN 2 10 9 5 4.616 -2.120 -3.033
SPIN 2 10 9 6 -5.308 -0.215 2.603
SPIN 2 10 9 7 4.084 4.021 -1.468
SPIN 2 10 9 8 -0.399 -4.753 3.499
SPIN 2 10 9 9 -1.068 1.542 -5.611
SPIN 2 10 9 10 0.836 -5.428 -2.199
SPIN 2 10 9 11 -2.003 3.963 3.910
SPIN 2 10 9 12 -0.616 -4.535 -3.749
SPIN 2 10 9 13 -0.404 -5.086 2.995
SPIN 2 10 9 14 -2.188 5.286 -1.506
SPIN 2 10 9 15 0.974 -5.242 -2.565
SPIN 3 10 10 0 -5.005 3.047 -0.815
SPIN 3 10 10 1 2.324 0.687 5.397
SPIN 3 10 10 2 -1.051 -4.797 -3.299
SPIN 3 10 10 3 -2.862 -4.672 2.231
SPIN 3 10 10 4 0.745 5.869 -0.039
SPIN 3 10 10 5 -5.893 0.351 -0.393
SPIN 3 10 10 6 -4.722 1.622 3.173
SPIN 3 10 10 7 5.353 -2.365 0.866
SPIN 3 10 10 8 -5.670 -1.387 -0.964
SPIN 3 10 10 9 3.170 3.398 3.661
SPIN 3 10 10 10 -2.282 2.893 -4.629
SPIN 3 10 10 11 3.411 -3.694 -3.117
SPIN 3 10 10 12 -5.492 1.210 1.836
SPIN 3 10 10 13 2.486 5.142 -1.543
SPIN 3 10 10 14 -3.699 2.169 -4.076
SPIN 3 10 10 15 3.071 0.077 5.056
SPIN 2 10 10 0 1.933 4.740 -2.966
SPIN 2 10 10 1 -3.154 1.546 -4.760
SPIN 2 10 10 2 -3.202 -4.489 2.143
SPIN 2 10 10 3 -5.117 2.460 -1.663
SPIN 2 10 10 4 1.257 4.077 -4.099
SPIN 2 10 10 5 -1.295 1.552 -5.560
SPIN 2 10 10 6 1.838 -5.580 -0.698
SPIN 2 10 10 7 -5.468 2.259 0.003
SPIN 2 10 10 8 -0.232 5.903 0.314
SPIN 2 10 10 9 2.858 -5.040 1.195
SPIN 2 10 10 10 -0.415 -2.312 -5.430
SPIN 2 10 10 11 4.587 -3.443 -1.450
SPIN 2 10 10 12 0.882 3.471 4.709
SPIN 2 10 10 13 3.314 -2.859 3.980
SPIN 2 10 10 14 1.810 -4.691 -3.118
SPIN 2 10 10 15 -1.962 -5.128 2.203
SPIN 3 10 11 0 2.234 -5.478 0.036
SPIN 3 10 11 1 0.998 2.463 5.285
SPIN 3 10 11 2 -4.576 3.419 -1.538
SPIN 3 10 11 3 -5.431 -2.154 -0.929
SPIN 3 10 11 4 1.221 5.598 1.473
SPIN 3 10 11 5 -2.921 3.158 -4.062
SPIN 3 10 11 6 1.039 3.990 -4.243
SPIN 3 10 11 7 -5.261 -2.614 0.703
SPIN 3 10 11 8 3.677 -4.616 -0.416
SPIN 3 10 11 9 -4.273 -0.882 -3.996
SPIN 3 10 11 10 -2.906 -1.034 5.048
SPIN 3 10 11 11 -3.725 -3.014 -3.469
SPIN 3 10 11 12 4.176 -1.127 -4.036
SPIN 3 10 11 13 1.434 5.740 0.026
SPIN 3 10 11 14 2.686 -4.814 -2.146
SPIN 3 10 11 15 -2.060 5.411 -1.215
SPIN 2 10 11 0 5.109 -2.810 -1.000
SPIN 2 10 11 1 -0.113 -5.106 2.985
SPIN 2 10 11 2 0.668 5.811 0.888
SPIN 2 10 11 3 -0.149 -5.767 -1.313
SPIN 2 10 11 4 3.518 -3.249 3.474
SPIN 2 10 11 5 -3.037 2.067 -4.637
SPIN 2 10 11 6 -2.874 4.391 2.731
SPIN 2 10 11 7 4.554 -3.774 0.136
SPIN 2 10 11 8 5.868 -0.227 0.717
SPIN 2 10 11 9 -4.594 -1.039 3.580
SPIN 2 10 11 10 2.943 3.265 3.960
SPIN 2 10 11 11 1.626 5.582 1.094
SPIN 2 10 11 12 3.930 -1.357 4.209
SPIN 2 10 11 13 1.619 0.213 -5.686
SPIN 2 10 11 14 1.064 5.767 0.781
SPIN 2 10 11 15 5.548 -1.280 1.607
SPIN 3 10 12 0 -3.282 1.698 4.620
SPIN 3 10 12 1 0.385 3.602 -4.677
SPIN 3 10 12 2 5.320 -2.582 -0.189
SPIN 3 10 12 3 5.686 0.013 -1.632
SPIN 3 10 12 4 -0.875 3.760 4.483
SPIN 3 10 12 5 2.501 -5.129 -1.561
SPIN 3 10 12 6 -0.144 5.304 -2.617
SPIN 3 10 12 7 -3.548 -4.639 -0.947
SPIN 3 10 12 8 -2.547 4.551 2.793
SPIN 3 10 12 9 4.226 1.171 3.971
SPIN 3 10 12 10 -4.293 1.359 3.837
SPIN 3 10 12 11 2.674 -2.280 -4.759
SPIN 3 10 12 12 2.839 -1.036 -5.086
SPIN 3 10 12 13 -0.338 -5.156 -2.881
SPIN 3 10 12 14 0.928 4.609 3.591
SPIN 3 10 12 15 -4.248 -3.928 1.236
SPIN 2 10 12 0 2.539 -3.444 -4.085
SPIN 2 10 12 1 -3.105 2.506 4.368
SPIN 2 10 12 2 -4.587 -3.048 -2.160
SPIN 2 10 12 3 5.054 2.508 -1.780
SPIN 2 10 12 4 0.552 -5.578 -1.891
SPIN 2 10 12 5 0.232 -0.034 5.911
SPIN 2 10 12 6 0.314 -5.908 0.048
SPIN 2 10 12 7 1.711 5.514 1.292
SPIN 2 10 12 8 2.218 2.086 5.072
SPIN 2 10 12 9 2.175 2.650 -4.821
SPIN 2 10 12 10 4.274 -2.677 -3.093
SPIN 2 10 12 11 -2.060 -5.499 0.716
SPIN 2 10 12 12 2.747 -5.236 0.197
SPIN 2 10 12 13 -1.637 -0.356 5.674
SPIN 2 10 12 14 -5.880 -0.537 0.376
SPIN 2 10 12 15 -5.839 -0.952 0.016
SPIN 3 10 13 0 -2.389 5.172 -1.594
SPIN 3 10 13 1 -3.498 -2.459 4.089
SPIN 3 10 13 2 -1.608 4.069 -3.982
SPIN 3 10 13 3 0.882 5.833 -0.447
SPIN 3 10 13 4 5.528 -0.192 -2.098
SPIN 3 10 13 5 -4.880 3.325 0.364
SPIN 3 10 13 6 3.206 0.807 4.906
SPIN 3 10 13 7 5.840 0.254 -0.914
SPIN 3 10 13 8 -4.371 3.043 -2.575
SPIN 3 10 13 9 -5.833 -0.522 0.836
SPIN 3 10 13 10 -2.988 5.087 0.436
SPIN 3 10 13 11 -4.951 3.006 -1.205
SPIN 3 10 13 12 -4.734 2.349 2.659
SPIN 3 10 13 13 3.853 4.465 -0.464
SPIN 3 10 13 14 -3.598 0.858 -4.617
SPIN 3 10 13 15 3.905 -4.032 1.870
SPIN 2 10 13 0 -2.939 -1.269 4.975
SPIN 2 10 13 1 0.269 -4.169 4.189
SPIN 2 10 13 2 3.943 3.781 -2.271
SPIN 2 10 13 3 -5.346 -2.343 -0.966
SPIN 2 10 13 4 4.654 -0.290 3.641
SPIN 2 10 13 5 3.192 -4.179 2.710
SPIN 2 10 13 6 1.060 4.433 3.772
SPIN 2 10 13 7 0.134 -5.720 -1.504
SPIN 2 10 13 8 -4.350 -3.457 2.030
SPIN 2 10 13 9 -4.838 -0.061 -3.404
SPIN 2 10 13 10 -5.902 -0.335 0.240
SPIN 2 10 13 11 2.223 0.520 5.458
SPIN 2 10 13 12 -2.575 -1.497 5.112
SPIN 2 10 13 13 1.505 -0.695 -5.679
SPIN 2 10 13 14 5.422 -1.648 1.698
SPIN 2 10 13 15 -4.868 2.222 -2.523
SPIN 3 10 14 0 0.146 1.145 -5.802
SPIN 3 10 14 1 3.381 -3.873 -2.927
SPIN 3 10 14 2 2.261 -2.767 4.715
SPIN 3 10 14 3 2.218 -4.950 2.361
SPIN 3 10 14 4 -2.573 4.195 3.284
SPIN 3 10 14 5 5.055 2.352 -1.978
SPIN 3 10 14 6 -5.245 2.531 1.039
SPIN 3 10 14 7 4.990 -0.570 -3.126
SPIN 3 10 14 8 3.445 -3.200 -3.590
SPIN 3 10 14 9 -1.121 2.691 -5.148
SPIN 3 10 14 10 4.998 -2.261 -2.215
SPIN 3 10 14 11 0.884 -5.788 0.845
SPIN 3 10 14 12 3.275 4.886 -0.634
SPIN 3 10 14 13 -0.929 -5.628 -1.571
SPIN 3 10 14 14 2.300 4.830 2.525
SPIN 3 10 14 15 -1.332 -2.865 5.002
SPIN 2 10 14 0 -1.565 -3.135 4.767
SPIN 2 10 14 1 5.551 1.776 -1.016
SPIN 2 10 14 2 4.589 3.711 -0.412
SPIN 2 10 14 3 5.334 -2.498 -0.557
SPIN 2 10 14 4 -5.254 1.781 2.055
SPIN 2 10 14 5 -1.369 -5.666 1.012
SPIN 2 10 14 6 -1.127 -5.774 -0.623
SPIN 2 10 14 7 -1.709 4.071 -3.938
SPIN 2 10 14 8 5.692 1.457 0.694
SPIN 2 10 14 9 -2.382 -1.847 5.091
SPIN 2 10 14 10 -0.268 2.700 5.257
SPIN 2 10 14 11 -2.957 -3.517 -3.726
SPIN 2 10 14 12 -3.389 3.752 3.072
SPIN 2 10 14 13 -0.207 2.752 5.233
SPIN 2 10 14 14 4.016 -3.653 -2.351
SPIN 2 10 14 15 2.478 5.354 0.442
SPIN 3 10 15 0 0.559 -0.404 5.876
SPIN 3 10 15 1 -3.945 4.297 0.987
SPIN 3 10 15 2 -1.220 -2.436 -5.251
SPIN 3 10 15 3 1.284 1.897 -5.455
SPIN 3 10 15 4 1.078 -2.973 -5.000
SPIN 3 10 15 5 -5.711 -0.268 -1.521
SPIN 3 10 15 6 0.607 -5.706 1.440
SPIN 3 10 15 7 2.358 4.010 -3.655
SPIN 3 10 15 8 -5.507 -0.428 -2.119
SPIN 3 10 15 9 -0.130 -5.672 1.678
SPIN 3 10 15 10 3.163 -3.545 3.526
SPIN 3 10 15 11 3.396 -0.246 4.838
SPIN 3 10 15 12 0.567 -2.159 -5.479
SPIN 3 10 15 13 -2.783 0.548 5.192
SPIN 3 10 15 14 -3.692 -2.824 3.659
SPIN 3 10 15 15 4.588 -1.885 -3.224
SPIN 2 10 15 0 2.097 5.520 -0.367
SPIN 2 10 15 1 -2.957 0.406 5.108
SPIN 2 10 15 2 4.295 -1.488 3.786
SPIN 2 10 15 3 -0.383 4.646 3.643
SPIN 2 10 15 4 1.013 -1.329 5.675
SPIN 2 10 15 5 1.256 2.835 -5.038
SPIN 2 10 15 6 3.432 3.894 2.839
SPIN 2 10 15 7 -5.846 0.558 0.716
SPIN 2 10 15 8 5.234 -1.768 -2.117
SPIN 2 10 15 9 -4.852 -3.384 0.097
SPIN 2 10 15 10 -5.718 -0.765 -1.311
SPIN 2 10 15 11 -0.995 -5.806 0.545
SPIN 2 10 15 12 -5.535 -1.980 -0.666
SPIN 2 10 15 13 -1.608 3.961 -4.090
SPIN 2 10 15 14 -3.259 3.095 -3.847
SPIN 2 10 15 15 -1.738 -0.006 -5.655
SPIN 1 11 0 0 -2.216 -3.041 4.565
SPIN 1 11 0 1 -0.728 5.836 -0.645
SPIN 1 11 0 2 -4.398 -0.657 3.902
SPIN 1 11 0 3 4.073 -2.204 -3.682
SPIN 1 11 0 4 -4.748 1.069 -3.363
SPIN 1 11 0 5 2.133 5.495 -0.500
SPIN 1 11 0 6 3.010 -0.621 5.055
SPIN 1 11 0 7 -2.057 -0.136 -5.545
SPIN 1 11 0 8 -2.221 -3.368 -4.327
SPIN 1 11 0 9 -3.585 4.005 2.471
SPIN 1 11 0 10 -5.147 0.225 2.907
SPIN 1 11 0 11 3.968 3.387 -2.790
SPIN 1 11 0 12 -3.527 3.618 3.077
SPIN 1 11 0 13 4.595 -1.929 -3.188
SPIN 1 11 0 14 -1.889 -2.015 5.232
SPIN 1 11 0 15 -3.097 -3.668 -3.457
SPIN 4 11 0 0 -2.218 2.286 4.986
SPIN 4 11 0 1 0.711 -4.476 3.803
SPIN 4 11 0 2 5.025 1.084 2.928
SPIN 4 11 0 3 -3.154 1.511 -4.772
SPIN 4 11 0 4 0.795 -1.122 5.754
SPIN 4 11 0 5 2.235 2.914 -4.638
SPIN 4 11 0 6 -2.059 0.913 5.471
SPIN 4 11 0 7 -4.155 0.838 -4.127
SPIN 4 11 0 8 3.988 -0.822 -4.292
SPIN 4 11 0 9 -4.027 -2.619 -3.453
SPIN 4 11 0 10 -4.895 0.355 3.303
SPIN 4 11 0 11 -0.477 0.954 5.819
SPIN 4 11 0 12 3.107 3.079 3.984
SPIN 4 11 0 13 0.368 -1.309 -5.758
SPIN 4 11 0 14 -3.975 -4.164 -1.363
SPIN 4 11 0 15 -1.686 -4.418 -3.555
SPIN 1 11 1 0 -1.279 -4.140 -4.028
SPIN 1 11 1 1 -0.257 -0.763 -5.861
SPIN 1 11 1 2 -5.557 0.761 -1.881
SPIN 1 11 1 3 -5.638 -0.229 1.778
SPIN 1 11 1 4 4.942 -2.907 -1.460
SPIN 1 11 1 5 -0.005 -5.753 1.380
SPIN 1 11 1 6 -2.279 2.904 -4.623
SPIN 1 11 1 7 5.463 -2.084 0.901
SPIN 1 11 1 8 4.043 -3.124 2.983
SPIN 1 11 1 9 -1.830 5.584 0.683
SPIN 1 11 1 10 1.611 0.152 5.690
SPIN 1 11 1 11 5.025 -2.740 -1.498
SPIN 1 11 1 12 3.821 3.519 -2.832
SPIN 1 11 1 13 -5.224 0.361 2.752
SPIN 1 11 1 14 1.146 -5.162 -2.654
SPIN 1 11 1 15 2.574 5.041 1.722
SPIN 4 11 1 0 2.086 -4.472 -3.263
SPIN 4 11 1 1 0.134 -0.008 5.915
SPIN 4 11 1 2 -4.725 -3.340 1.231
SPIN 4 11 1 3 5.669 -0.398 -1.644
SPIN 4 11 1 4 0.949 4.443 3.789
SPIN 4 11 1 5 4.425 1.463 3.644
SPIN 4 11 1 6 -2.048 3.113 -4.595
SPIN 4 11 1 7 -5.409 -0.411 -2.360
SPIN 4 11 1 8 -5.802 1.080 0.408
SPIN 4 11 1 9 3.433 4.530 1.643
SPIN 4 11 1 10 -1.119 -2.392 -5.294
SPIN 4 11 1 11 2.573 3.728 3.805
SPIN 4 11 1 12 -1.345 -2.398 -5.238
SPIN 4 11 1 13 -2.181 -1.283 5.348
SPIN 4 11 1 14 -0.390 -5.311 -2.576
SPIN 4 11 1 15 -5.146 -0.655 2.844
SPIN 1 11 2 0 -2.377 -5.408 0.318
SPIN 1 11 2 1 -2.224 3.660 4.081
SPIN 1 11 2 2 1.932 3.351 -4.477
SPIN 1 11 2 3 -3.408 -2.782 3.956
SPIN 1 11 2 4 3.024 -4.105 -3.000
SPIN 1 11 2 5 -2.914 1.937 -4.770
SPIN 1 11 2 6 5.615 -1.097 1.507
SPIN 1 11 2 7 2.314 3.740 3.957
SPIN 1 11 2 8 1.480 5.725 0.182
SPIN 1 11 2 9 -4.379 -3.674 -1.527
SPIN 1 11 2 10 -2.003 -2.405 -5.020
SPIN 1 11 2 11 -0.158 4.575 -3.748
SPIN 1 11 2 12 4.100 4.221 -0.614
SPIN 1 11 2 13 3.568 -2.441 -4.039
SPIN 1 11 2 14 -2.792 4.967 1.591
SPIN 1 11 2 15 0.433 -2.053 5.532
SPIN 4 11 2 0 -1.679 3.738 4.267
SPIN 4 11 2 1 5.562 -1.986 0.342
SPIN 4 11 2 2 2.506 -1.479 5.151
SPIN 4 11 2 3 0.406 -3.196 -4.962
SPIN 4 11 2 4 5.630 1.278 1.293
SPIN 4 11 2 5 -2.504 1.833 5.037
SPIN 4 11 2 6 -3.020 -3.976 -3.174
SPIN 4 11 2 7 4.003 1.149 -4.201
SPIN 4 11 2 8 0.808 -2.225 -5.422
SPIN 4 11 2 9 4.419 3.370 2.030
SPIN 4 11 2 10 2.598 5.245 -0.860
SPIN 4 11 2 11 -5.369 0.779 -2.360
SPIN 4 11 2 12 -5.613 1.845 0.311
SPIN 4 11 2 13 5.848 0.722 -0.530
SPIN 4 11 2 14 -2.287 1.940 5.100
SPIN 4 11 2 15 -3.683 2.911 -3.600
SPIN 1 11 3 0 2.328 -2.285 4.935
SPIN 1 11 3 1 5.643 -0.866 -1.552
SPIN 1 11 3 2 -4.176 1.526 3.903
SPIN 1 11 3 3 -2.447 -2.370 -4.837
SPIN 1 11 3 4 -2.296 2.717 4.728
SPIN 1 11 3 5 -4.216 0.879 4.057
SPIN 1 11 3 6 1.537 0.910 5.640
SPIN 1 11 3 7 -3.552 1.672 -4.426
SPIN 1 11 3 8 0.571 -4.981 -3.141
SPIN 1 11 3 9 -4.108 -0.574 -4.219
SPIN 1 11 3 10 0.628 4.706 -3.529
SPIN 1 11 3 11 0.765 -5.394 2.306
SPIN 1 11 3 12 3.977 -3.486 2.652
SPIN 1 11 3 13 -2.195 -1.984 5.123
SPIN 1 11 3 14 -4.356 2.585 3.056
SPIN 1 11 3 15 0.857 -3.957 -4.313
SPIN 4 11 3 0 -5.827 0.019 1.021
SPIN 4 11 3 1 4.280 -3.656 -1.820
SPIN 4 11 3 2 2.183 5.468 -0.580
SPIN 4 11 3 3 -2.918 -1.537 4.912
SPIN 4 11 3 4 -4.882 -0.838 3.234
SPIN 4 11 3 5 -1.609 -1.866 -5.379
SPIN 4 11 3 6 4.695 -2.192 2.856
SPIN 4 11 3 7 -4.146 4.093 -1.028
SPIN 4 11 3 8 -0.602 5.374 -2.400
SPIN 4 11 3 9 -1.157 -5.757 -0.719
SPIN 4 11 3 10 0.074 2.101 5.530
SPIN 4 11 3 11 1.247 -5.718 0.863
SPIN 4 11 3 12 -4.421 1.894 -3.444
SPIN 4 11 3 13 2.247 -3.568 -4.150
SPIN 4 11 3 14 3.181 4.642 1.827
SPIN 4 11 3 15 -2.862 -1.898 -4.817
SPIN 1 11 4 0 -1.756 -2.575 5.029
SPIN 1 11 4 1 1.300 -3.822 -4.325
SPIN 1 11 4 2 -3.215 -4.960 0.249
SPIN 1 11 4 3 0.359 -0.158 5.903
SPIN 1 11 4 4 -2.658 -3.120 -4.266
SPIN 1 11 4 5 -4.089 3.470 2.499
SPIN 1 11 4 6 4.855 -2.843 -1.828
SPIN 1 11 4 7 4.252 1.015 3.987
SPIN 1 11 4 8 5.796 -0.667 0.980
SPIN 1 11 4 9 -3.627 -2.003 4.222
SPIN 1 11 4 10 2.289 -2.465 4.867
SPIN 1 11 4 11 2.570 4.461 -2.914
SPIN 1 11 4 12 1.096 -0.996 5.728
SPIN 1 11 4 13 1.628 -4.698 -3.206
SPIN 1 11 4 14 -1.269 1.390 5.609
SPIN 1 11 4 15 3.324 -1.120 -4.764
SPIN 4 11 4 0 -2.850 -5.037 1.225
SPIN 4 11 4 1 -3.398 1.396 -4.637
SPIN 4 11 4 2 1.889 -1.219 5.472
SPIN 4 11 4 3 3.220 1.240 -4.805
SPIN 4 11 4 4 4.746 -2.316 -2.667
SPIN 4 11 4 5 1.145 3.789 -4.397
SPIN 4 11 4 6 -2.121 5.302 1.546
SPIN 4 11 4 7 -4.197 -0.284 -4.160
SPIN 4 11 4 8 0.031 -5.448 2.305
SPIN 4 11 4 9 2.063 5.325 -1.547
SPIN 4 11 4 10 -1.410 -5.181 -2.483
SPIN 4 11 4 11 1.045 4.392 -3.823
SPIN 4 11 4 12 -0.763 -2.479 5.317
SPIN 4 11 4 13 3.274 2.539 -4.223
SPIN 4 11 4 14 -2.719 -1.802 -4.936
SPIN 4 11 4 15 5.183 -0.696 -2.766
SPIN 1 11 5 0 -5.644 1.772 0.055
SPIN 1 11 5 1 -2.618 3.620 3.878
SPIN 1 11 5 2 1.389 4.196 -3.933
SPIN 1 11 5 3 1.945 -3.317 4.496
SPIN 1 11 5 4 1.510 3.598 -4.447
SPIN 1 11 5 5 2.477 4.761 2.490
SPIN 1 11 5 6 -2.292 -3.035 4.532
SPIN 1 11 5 7 -0.888 -0.455 -5.831
SPIN 1 11 5 8 -0.114 5.915 -0.047
SPIN 1 11 5 9 -5.807 -0.623 -0.941
SPIN 1 11 5 10 -4.437 -2.467 3.038
SPIN 1 11 5 11 -0.007 2.938 5.135
SPIN 1 11 5 12 5.082 -2.961 -0.635
SPIN 1 11 5 13 -4.815 -3.322 0.884
SPIN 1 11 5 14 -2.007 -0.831 5.503
SPIN 1 11 5 15 3.960 -4.079 -1.638
SPIN 4 11 5 0 -1.910 0.720 5.553
SPIN 4 11 5 1 5.118 -2.400 -1.746
SPIN 4 11 5 2 0.103 3.131 -5.018
SPIN 4 11 5 3 1.699 4.728 3.123
SPIN 4 11 5 4 -2.364 -4.406 -3.162
SPIN 4 11 5 5 -1.158 -2.911 5.018
SPIN 4 11 5 6 -0.150 3.253 4.939
SPIN 4 11 5 7 1.586 -2.721 -5.008
SPIN 4 11 5 8 2.903 3.967 3.292
SPIN 4 11 5 9 1.454 -5.605 -1.212
SPIN 4 11 5 10 2.317 5.397 -0.708
SPIN 4 11 5 11 3.957 2.254 3.776
SPIN 4 11 5 12 -2.402 -3.601 -4.033
SPIN 4 11 5 13 -3.774 -4.021 2.142
SPIN 4 11 5 14 4.749 0.267 -3.518
SPIN 4 11 5 15 0.056 2.451 5.384
SPIN 1 11 6 0 1.973 -1.491 -5.374
SPIN 1 11 6 1 5.847 0.423 -0.792
SPIN 1 11 6 2 1.512 -1.942 5.380
SPIN 1 11 6 3 -3.425 -3.697 -3.099
SPIN 1 11 6 4 5.802 -0.689 0.931
SPIN 1 11 6 5 0.040 -0.107 -5.915
SPIN 1 11 6 6 5.693 -0.124 1.605
SPIN 1 11 6 7 -4.575 3.143 2.048
SPIN 1 11 6 8 4.763 -2.692 2.251
SPIN 1 11 6 9 2.189 4.500 -3.156
SPIN 1 11 6 10 1.684 4.281 3.719
SPIN 1 11 6 11 -0.756 -4.816 -3.352
SPIN 1 11 6 12 -3.054 5.032 0.591
SPIN 1 11 6 13 -3.784 3.247 -3.183
SPIN 1 11 6 14 2.553 5.293 0.679
SPIN 1 11 6 15 -2.660 -2.656 4.569
SPIN 4 11 6 0 -5.823 0.757 0.722
SPIN 4 11 6 1 -4.698 0.683 3.530
SPIN 4 11 6 2 0.223 5.015 3.131
SPIN 4 11 6 3 -2.612 -5.255 0.747
SPIN 4 11 6 4 2.549 3.797 -3.753
SPIN 4 11 6 5 0.893 5.828 0.481
SPIN 4 11 6 6 1.903 -4.832 -2.833
SPIN 4 11 6 7 -4.740 -2.274 -2.713
SPIN 4 11 6 8 -0.204 -5.909 0.196
SPIN 4 11 6 9 -5.753 1.291 0.481
SPIN 4 11 6 10 3.840 3.116 -3.247
SPIN 4 11 6 11 0.822 0.316 5.850
SPIN 4 11 6 12 2.001 5.555 -0.370
SPIN 4 11 6 13 4.314 0.454 4.023
SPIN 4 11 6 14 1.551 -4.359 -3.687
SPIN 4 11 6 15 -0.512 3.697 4.590
SPIN 1 11 7 0 -4.496 -3.385 -1.823
SPIN 1 11 7 1 -1.082 -5.690 -1.207
SPIN 1 11 7 2 -0.929 -4.829 3.289
SPIN 1 11 7 3 4.777 3.399 0.795
SPIN 1 11 7 4 -3.555 2.895 -3.740
SPIN 1 11 7 5 2.397 4.057 3.577
SPIN 1 11 7 6 -0.831 -0.437 5.841
SPIN 1 11 7 7 -4.298 -0.050 -4.065
SPIN 1 11 7 8 1.785 -1.200 5.511
SPIN 1 11 7 9 4.939 -0.035 3.257
SPIN 1 11 7 10 0.462 0.915 -5.827
SPIN 1 11 7 11 -3.303 4.900 -0.275
SPIN 1 11 7 12 3.316 -4.567 1.776
SPIN 1 11 7 13 -1.699 5.484 -1.428
SPIN 1 11 7 14 -4.068 -4.267 0.493
SPIN 1 11 7 15 1.131 3.730 4.450
SPIN 4 11 7 0 -1.373 -3.984 -4.153
SPIN 4 11 7 1 -5.405 -0.531 2.345
SPIN 4 11 7 2 4.003 1.765 -3.982
SPIN 4 11 7 3 2.515 4.842 -2.287
SPIN 4 11 7 4 -0.163 -5.787 -1.220
SPIN 4 11 7 5 -1.484 4.558 3.468
SPIN 4 11 7 6 -1.543 -5.551 -1.344
SPIN 4 11 7 7 2.025 -2.735 4.839
SPIN 4 11 7 8 1.986 3.099 4.632
SPIN 4 11 7 9 -5.886 -0.332 0.492
SPIN 4 11 7 10 2.871 -2.055 -4.747
SPIN 4 11 7 11 -1.143 -5.290 -2.389
SPIN 4 11 7 12 -2.503 2.689 -4.637
SPIN 4 11 7 13 -2.663 -5.280 0.170
SPIN 4 11 7 14 5.847 -0.544 -0.717
SPIN 4 11 7 15 2.898 5.156 -0.111
SPIN 1 11 8 0 -1.739 4.877 -2.862
SPIN 1 11 8 1 0.767 -0.202 5.863
SPIN 1 11 8 2 2.089 -0.463 -5.516
SPIN 1 11 8 3 -2.814 -0.257 -5.197
SPIN 1 11 8 4 -3.273 -4.458 -2.101
SPIN 1 11 8 5 -0.921 -5.639 -1.534
SPIN 1 11 8 6 -2.079 1.437 -5.349
SPIN 1 11 8 7 2.387 3.240 4.336
SPIN 1 11 8 8 4.442 -2.258 -3.189
SPIN 1 11 8 9 -1.547 -3.102 -4.794
SPIN 1 11 8 10 1.125 0.200 -5.805
SPIN 1 11 8 11 4.999 -1.345 -2.864
SPIN 1 11 8 12 -0.770 5.702 -1.376
SPIN 1 11 8 13 5.155 -1.957 -2.145
SPIN 1 11 8 14 5.262 2.677 0.380
SPIN 1 11 8 15 -4.718 -1.634 -3.173
SPIN 4 11 8 0 2.988 5.079 -0.520
SPIN 4 11 8 1 3.356 -3.446 -3.444
SPIN 4 11 8 2 3.094 -0.692 4.995
SPIN 4 11 8 3 4.832 -3.321 0.788
SPIN 4 11 8 4 -2.598 4.679 -2.522
SPIN 4 11 8 5 5.881 -0.255 0.595
SPIN 4 11 8 6 -0.213 4.519 -3.813
SPIN 4 11 8 7 4.735 3.444 -0.849
SPIN 4 11 8 8 0.539 -5.818 -0.927
SPIN 4 11 8 9 -1.452 -2.468 -5.177
SPIN 4 11 8 10 1.901 -4.445 -3.410
SPIN 4 11 8 11 5.856 -0.838 -0.017
SPIN 4 11 8 12 -2.508 -5.328 0.572
SPIN 4 11 8 13 -2.004 3.897 3.975
SPIN 4 11 8 14 -3.216 -4.553 -1.983
SPIN 4 11 8 15 -1.149 -4.100 -4.107
SPIN 1 11 9 0 -2.474 -5.122 -1.626
SPIN 1 11 9 1 1.847 3.169 -4.641
SPIN 1 11 9 2 -0.035 -5.860 -0.814
SPIN 1 11 9 3 -3.096 -1.714 4.741
SPIN 1 11 9 4 1.983 2.663 4.896
SPIN 1 11 9 5 5.881 0.291 0.575
SPIN 1 11 9 6 -2.397 -5.403 0.238
SPIN 1 11 9 7 1.073 -4.777 -3.322
SPIN 1 11 9 8 -1.390 -1.115 -5.641
SPIN 1 11 9 9 1.299 5.276 -2.339
SPIN 1 11 9 10 1.360 5.027 2.807
SPIN 1 11 9 11 1.008 5.743 -1.003
SPIN 1 11 9 12 -0.514 -2.686 5.246
SPIN 1 11 9 13 1.353 2.530 5.174
SPIN 1 11 9 14 0.739 1.101 -5.766
SPIN 1 11 9 15 1.898 2.753 4.880
SPIN 4 11 9 0 0.470 0.006 5.897
SPIN 4 11 9 1 -4.130 -1.611 -3.918
SPIN 4 11 9 2 -2.695 3.196 4.185
SPIN 4 11 9 3 -2.323 -4.825 -2.515
SPIN 4 11 9 4 2.027 0.099 5.557
SPIN 4 11 9 5 -4.035 -0.151 -4.324
SPIN 4 11 9 6 -5.102 2.957 0.469
SPIN 4 11 9 7 1.019 -5.782 0.728
SPIN 4 11 9 8 4.599 3.451 1.393
SPIN 4 11 9 9 4.745 -3.433 0.837
SPIN 4 11 9 10 -0.991 4.206 -4.041
SPIN 4 11 9 11 5.518 -0.005 -2.134
SPIN 4 11 9 12 -5.230 -1.745 2.144
SPIN 4 11 9 13 1.724 0.812 -5.601
SPIN 4 11 9 14 2.460 3.703 3.904
SPIN 4 11 9 15 -4.060 4.050 1.453
SPIN 1 11 10 0 1.672 -5.192 -2.291
SPIN 1 11 10 1 -3.973 3.356 -2.820
SPIN 1 11 10 2 1.562 2.745 -5.002
SPIN 1 11 10 3 -2.880 5.025 -1.205
SPIN 1 11 10 4 1.772 -3.923 4.059
SPIN 1 11 10 5 0.537 -5.506 2.095
SPIN 1 11 10 6 4.687 3.297 1.468
SPIN 1 11 10 7 4.255 -3.478 -2.191
SPIN 1 11 10 8 0.087 5.890 -0.548
SPIN 1 11 10 9 -2.788 4.333 2.908
SPIN 1 11 10 10 3.942 0.224 -4.406
SPIN 1 11 10 11 -4.346 -1.412 3.757
SPIN 1 11 10 12 -3.733 3.387 -3.097
SPIN 1 11 10 13 -5.806 -0.477 1.032
SPIN 1 11 10 14 -2.122 4.698 2.902
SPIN 1 11 10 15 -0.634 3.176 -4.951
SPIN 4 11 10 0 -3.379 4.230 2.385
SPIN 4 11 10 1 -1.150 -1.168 5.684
SPIN 4 11 10 2 2.898 -4.756 1.995
SPIN 4 11 10 3 -3.650 0.150 -4.653
SPIN 4 11 10 4 -2.604 0.327 5.302
SPIN 4 11 10 5 5.367 2.161 -1.233
SPIN 4 11 10 6 -5.130 2.116 2.050
SPIN 4 11 10 7 5.008 -2.765 1.509
SPIN 4 11 10 8 -2.266 -0.975 5.377
SPIN 4 11 10 9 0.928 1.189 5.721
SPIN 4 11 10 10 -4.803 1.775 -2.963
SPIN 4 11 10 11 0.699 -0.728 5.829
SPIN 4 11 10 12 -0.931 2.012 -5.485
SPIN 4 11 10 13 5.224 -2.723 0.536
SPIN 4 11 10 14 -1.634 -1.490 -5.487
SPIN 4 11 10 15 -5.623 -1.101 -1.474
SPIN 1 11 11 0 -4.485 1.779 -3.424
SPIN 1 11 11 1 3.547 -3.062 3.611
SPIN 1 11 11 2 -0.560 5.873 0.443
SPIN 1 11 11 3 -0.267 -4.620 -3.686
SPIN 1 11 11 4 -1.199 5.583 1.547
SPIN 1 11 11 5 3.399 0.467 4.820
SPIN 1 11 11 6 -4.076 2.943 -3.119
SPIN 1 11 11 7 5.901 -0.233 -0.348
SPIN 1 11 11 8 3.644 2.362 4.017
SPIN 1 11 11 9 1.138 4.553 3.602
SPIN 1 11 11 10 -5.584 1.945 -0.180
SPIN 1 11 11 11 1.069 1.088 -5.716
SPIN 1 11 11 12 -2.404 3.040 4.470
SPIN 1 11 11 13 4.072 -4.181 0.969
SPIN 1 11 11 14 -3.572 2.372 4.077
SPIN 1 11 11 15 3.746 1.572 4.301
SPIN 4 11 11 0 -1.839 -4.705 -3.078
SPIN 4 11 11 1 0.291 -3.309 -4.895
SPIN 4 11 11 2 -4.334 2.550 -3.117
SPIN 4 11 11 3 -3.918 -2.918 3.336
SPIN 4 11 11 4 -5.122 -2.960 -0.082
SPIN 4 11 11 5 -1.636 -3.996 4.044
SPIN 4 11 11 6 3.601 -2.031 -4.231
SPIN 4 11 11 7 -4.842 1.159 3.196
SPIN 4 11 11 8 4.163 -4.140 0.727
SPIN 4 11 11 9 -3.993 4.365 -0.047
SPIN 4 11 11 10 5.677 -1.279 -1.066
SPIN 4 11 11 11 -0.632 5.697 -1.463
SPIN 4 11 11 12 -4.779 1.115 -3.303
SPIN 4 11 11 13 3.461 -0.629 -4.757
SPIN 4 11 11 14 -3.048 4.448 2.434
SPIN 4 11 11 15 3.918 -4.406 -0.490
SPIN 1 11 12 0 4.877 2.953 1.580
SPIN 1 11 12 1 -4.219 2.905 -2.960
SPIN 1 11 12 2 4.678 -3.205 -1.687
SPIN 1 11 12 3 -3.098 3.082 -3.988
SPIN 1 11 12 4 -0.339 -5.627 1.794
SPIN 1 11 12 5 4.906 3.121 1.092
SPIN 1 11 12 6 -4.281 -3.974 0.941
SPIN 1 11 12 7 -0.991 -0.359 5.821
SPIN 1 11 12 8 2.768 -3.908 3.474
SPIN 1 11 12 9 2.608 5.309 -0.090
SPIN 1 11 12 10 0.138 2.015 -5.561
SPIN 1 11 12 11 2.522 3.750 3.818
SPIN 1 11 12 12 -4.582 0.604 3.693
SPIN 1 11 12 13 1.477 5.234 2.330
SPIN 1 11 12 14 -0.556 -1.093 -5.788
SPIN 1 11 12 15 -4.449 -0.826 3.811
SPIN 4 11 12 0 5.395 -2.406 0.329
SPIN 4 11 12 1 4.483 -0.600 -3.814
SPIN 4 11 12 2 -2.145 -0.990 5.424
SPIN 4 11 12 3 -4.671 0.610 -3.579
SPIN 4 11 12 4 2.525 4.526 2.853
SPIN 4 11 12 5 -4.737 3.529 -0.328
SPIN 4 11 12 6 3.493 -2.520 4.056
SPIN 4 11 12 7 -1.694 2.312 -5.175
SPIN 4 11 12 8 -5.765 0.295 -1.295
SPIN 4 11 12 9 2.229 2.448 4.903
SPIN 4 11 12 10 -2.289 1.749 -5.167
SPIN 4 11 12 11 4.618 -0.204 -3.692
SPIN 4 11 12 12 -3.150 4.770 -1.525
SPIN 4 11 12 13 4.347 -3.912 -0.897
SPIN 4 11 12 14 4.122 -4.243 -0.068
SPIN 4 11 12 15 -5.831 -0.907 -0.424
SPIN 1 11 13 0 3.969 -3.992 1.820
SPIN 1 11 13 1 -3.950 -2.286 3.764
SPIN 1 11 13 2 -3.834 3.440 -2.910
SPIN 1 11 13 3 0.314 -4.580 3.732
SPIN 1 11 13 4 3.040 4.561 -2.227
SPIN 1 11 13 5 -5.775 -1.054 0.731
SPIN 1 11 13 6 5.535 -2.033 -0.480
SPIN 1 11 13 7 -3.826 4.321 -1.299
SPIN 1 11 13 8 -2.375 3.522 -4.117
SPIN 1 11 13 9 1.664 5.561 1.143
SPIN 1 11 13 10 2.773 -3.518 -3.865
SPIN 1 11 13 11 -0.814 3.305 4.839
SPIN 1 11 13 12 4.443 2.484 -3.014
SPIN 1 11 13 13 -5.379 1.675 1.805
SPIN 1 11 13 14 1.650 0.766 5.629
SPIN 1 11 13 15 5.023 3.096 0.427
SPIN 4 11 13 0 -3.881 1.473 -4.215
SPIN 4 11 13 1 0.036 3.573 -4.715
SPIN 4 11 13 2 4.871 -3.294 0.654
SPIN 4 11 13 3 1.781 -5.627 0.404
SPIN 4 11 13 4 -1.643 4.996 2.709
SPIN 4 11 13 5 -0.236 -5.861 0.769
SPIN 4 11 13 6 -2.909 4.724 -2.054
SPIN 4 11 13 7 -1.619 -4.531 -3.442
SPIN 4 11 13 8 -1.203 5.077 -2.789
SPIN 4 11 13 9 -1.338 -1.088 5.659
SPIN 4 11 13 10 -0.073 -4.051 4.311
SPIN 4 11 13 11 2.110 4.171 -3.627
SPIN 4 11 13 12 -2.145 1.748 -5.229
SPIN 4 11 13 13 -0.163 2.326 5.437
SPIN 4 11 13 14 -2.008 -0.969 5.480
SPIN 4 11 13 15 -2.753 3.591 -3.811
SPIN 1 11 14 0 -0.849 3.094 4.970
SPIN 1 11 14 1 0.221 -5.811 1.087
SPIN 1 11 14 2 3.451 -4.650 -1.211
SPIN 1 11 14 3 3.260 1.653 -4.652
SPIN 1 11 14 4 -3.290 3.146 3.779
SPIN 1 11 14 5 3.523 -3.767 -2.898
SPIN 1 11 14 6 0.210 -5.812 1.084
SPIN 1 11 14 7 0.315 5.218 2.771
SPIN 1 11 14 8 -2.070 -4.906 2.577
SPIN 1 11 14 9 2.208 -2.880 4.673
SPIN 1 11 14 10 -2.378 5.415 0.143
SPIN 1 11 14 11 1.349 -5.732 -0.570
SPIN 1 11 14 12 -3.949 -3.664 -2.445
SPIN 1 11 14 13 3.711 -3.988 2.308
SPIN 1 11 14 14 -3.328 1.389 -4.690
SPIN 1 11 14 15 0.393 0.054 5.903
SPIN 4 11 14 0 4.013 -3.731 -2.230
SPIN 4 11 14 1 2.949 4.056 3.138
SPIN 4 11 14 2 -0.985 0.440 5.817
SPIN 4 11 14 3 1.206 2.143 -5.381
SPIN 4 11 14 4 -4.848 -2.347 -2.447
SPIN 4 11 14 5 5.064 2.694 1.446
SPIN 4 11 14 6 -1.536 5.318 2.089
SPIN 4 11 14 7 -0.902 -5.696 -1.321
SPIN 4 11 14 8 4.498 -2.109 -3.212
SPIN 4 11 14 9 -1.946 5.580 0.267
SPIN 4 11 14 10 -5.278 -0.083 -2.671
SPIN 4 11 14 11 5.494 2.057 0.761
SPIN 4 11 14 12 4.384 3.467 -1.938
SPIN 4 11 14 13 -4.074 -2.220 -3.671
SPIN 4 11 14 14 5.571 -0.283 -1.970
SPIN 4 11 14 15 -5.813 0.210 -1.079
SPIN 1 11 15 0 -0.649 -5.060 -2.996
SPIN 1 11 15 1 -0.197 -5.697 -1.584
SPIN 1 11 15 2 -3.083 4.710 -1.819
SPIN 1 11 15 3 -3.175 -4.124 2.813
SPIN 1 11 15 4 0.046 0.161 5.914
SPIN 1 11 15 5 -0.194 -5.567 -1.994
SPIN 1 11 15 6 2.882 0.770 -5.109
SPIN 1 11 15 7 -3.570 3.467 3.199
SPIN 1 11 15 8 -2.092 0.304 5.526
SPIN 1 11 15 9 -1.647 5.676 0.258
SPIN 1 11 15 10 5.313 -2.596 0.182
SPIN 1 11 15 11 3.469 3.977 -2.674
SPIN 1 11 15 12 -5.252 -2.429 -1.230
SPIN 1 11 15 13 0.328 -4.235 4.118
SPIN 1 11 15 14 0.102 5.792 -1.203
SPIN 1 11 15 15 -0.648 3.144 -4.970
SPIN 4 11 15 0 4.694 -1.984 -3.005
SPIN 4 11 15 1 -3.706 -4.600 0.335
SPIN 4 11 15 2 -0.439 3.450 -4.786
SPIN 4 11 15 3 5.024 -3.063 0.611
SPIN 4 11 15 4 4.358 0.186 -3.996
SPIN 4 11 15 5 -5.351 1.131 2.256
SPIN 4 11 15 6 5.394 -1.995 1.387
SPIN 4 11 15 7 -2.150 -3.691 4.093
SPIN 4 11 15 8 3.683 3.987 -2.353
SPIN 4 11 15 9 1.563 2.783 4.981
SPIN 4 11 15 10 -1.181 -1.304 -5.648
SPIN 4 11 15 11 1.961 5.578 -0.207
SPIN 4 11 15 12 -2.967 -2.496 4.469
SPIN 4 11 15 13 -1.425 2.769 5.030
SPIN 4 11 15 14 4.373 -3.760 1.318
SPIN 4 11 15 15 -3.212 -1.607 4.701
SPIN 3 11 0 0 -0.930 -4.945 3.111
SPIN 3 11 0 1 -4.750 0.341 -3.510
SPIN 3 11 0 2 2.602 3.025 4.368
SPIN 3 11 0 3 4.182 3.579 2.169
SPIN 3 11 0 4 2.189 1.142 -5.376
SPIN 3 11 0 5 -3.497 4.750 0.458
SPIN 3 11 0 6 0.493 5.692 -1.536
SPIN 3 11 0 7 -1.651 5.294 -2.060
SPIN 3 11 0 8 2.459 1.491 5.170
SPIN 3 11 0 9 -2.335 -5.436 -0.056
SPIN 3 11 0 10 5.178 -2.845 0.299
SPIN 3 11 0 11 -3.675 -4.202 1.960
SPIN 3 11 0 12 1.028 2.650 -5.189
SPIN 3 11 0 13 -0.352 -2.223 5.471
SPIN 3 11 0 14 -0.441 -4.025 4.314
SPIN 3 11 0 15 4.764 2.866 -2.023
SPIN 2 11 0 0 -4.670 -1.804 -3.151
SPIN 2 11 0 1 0.783 4.007 4.282
SPIN 2 11 0 2 0.453 -2.618 -5.286
SPIN 2 11 0 3 -5.803 1.028 0.523
SPIN 2 11 0 4 3.304 2.092 -4.439
SPIN 2 11 0 5 -3.504 -4.431 -1.757
SPIN 2 11 0 6 4.247 3.933 1.224
SPIN 2 11 0 7 -0.439 -3.416 -4.810
SPIN 2 11 0 8 -1.379 0.014 5.753
SPIN 2 11 0 9 -2.735 -1.909 -4.886
SPIN 2 11 0 10 -3.567 3.527 -3.136
SPIN 2 11 0 11 -0.389 -5.743 -1.365
SPIN 2 11 0 12 -2.056 2.118 -5.127
SPIN 2 11 0 13 5.782 -1.253 -0.048
SPIN 2 11 0 14 -5.689 -1.620 0.073
SPIN 2 11 0 15 -2.231 -0.735 5.430
SPIN 3 11 1 0 -4.643 2.585 2.600
SPIN 3 11 1 1 -2.877 -4.660 2.238
SPIN 3 11 1 2 -2.405 -2.345 -4.870
SPIN 3 11 1 3 -5.676 1.631 0.350
SPIN 3 11 1 4 1.125 -5.692 -1.157
SPIN 3 11 1 5 4.862 2.989 1.556
SPIN 3 11 1 6 -1.117 0.811 -5.753
SPIN 3 11 1 7 0.434 -5.543 2.022
SPIN 3 11 1 8 -4.782 3.408 0.716
SPIN 3 11 1 9 -3.832 -4.112 -1.847
SPIN 3 11 1 10 -3.662 4.516 1.095
SPIN 3 11 1 11 -0.164 -5.176 -2.860
SPIN 3 11 1 12 2.445 2.664 4.682
SPIN 3 11 1 13 4.893 0.839 3.219
SPIN 3 11 1 14 -4.254 4.109 0.145
SPIN 3 11 1 15 5.749 0.206 -1.382
SPIN 2 11 1 0 1.537 5.704 0.319
SPIN 2 11 1 1 -0.802 -5.706 -1.341
SPIN 2 11 1 2 3.683 -2.028 4.162
SPIN 2 11 1 3 -0.982 3.350 4.776
SPIN 2 11 1 4 3.963 2.925 -3.277
SPIN 2 11 1 5 -2.804 3.073 -4.207
SPIN 2 11 1 6 -0.152 -1.525 5.714
SPIN 2 11 1 7 -3.326 -0.606 4.855
SPIN 2 11 1 8 3.570 4.205 2.137
SPIN 2 11 1 9 1.434 -1.327 -5.584
SPIN 2 11 1 10 -3.195 4.417 2.298
SPIN 2 11 1 11 2.100 0.664 5.491
SPIN 2 11 1 12 3.140 -0.970 4.919
SPIN 2 11 1 13 -2.763 -1.965 -4.848
SPIN 2 11 1 14 -5.391 0.888 2.270
SPIN 2 11 1 15 4.133 2.734 -3.231
SPIN 3 11 2 0 1.011 -5.231 2.572
SPIN 3 11 2 1 3.177 2.672 -4.216
SPIN 3 11 2 2 5.093 2.816 -1.063
SPIN 3 11 2 3 -0.512 5.374 -2.421
SPIN 3 11 2 4 -0.589 -5.454 2.216
SPIN 3 11 2 5 2.481 5.158 1.496
SPIN 3 11 2 6 1.403 -5.157 2.538
SPIN 3 11 2 7 2.652 -4.192 -3.224
SPIN 3 11 2 8 4.937 0.860 3.144
SPIN 3 11 2 9 2.889 -4.738 2.052
SPIN 3 11 2 10 2.773 -5.033 1.405
SPIN 3 11 2 11 -5.087 2.124 -2.148
SPIN 3 11 2 12 3.472 1.655 -4.495
SPIN 3 11 2 13 -5.836 0.344 -0.906
SPIN 3 11 2 14 4.451 2.361 -3.100
SPIN 3 11 2 15 -5.826 0.114 1.023
SPIN 2 11 2 0 1.268 -1.355 -5.618
SPIN 2 11 2 1 -2.960 2.135 4.656
SPIN 2 11 2 2 2.772 5.150 0.893
SPIN 2 11 2 3 0.408 4.451 -3.876
SPIN 2 11 2 4 -2.637 -4.300 3.091
SPIN 2 11 2 5 3.460 1.909 -4.403
SPIN 2 11 2 6 -3.136 -2.888 -4.102
SPIN 2 11 2 7 0.295 5.769 -1.279
SPIN 2 11 2 8 -3.390 2.074 4.383
SPIN 2 11 2 9 -2.694 2.839 4.436
SPIN 2 11 2 10 -5.866 0.667 0.388
SPIN 2 11 2 11 1.883 4.972 -2.595
SPIN 2 11 2 12 0.425 -5.888 0.388
SPIN 2 11 2 13 -4.882 0.978 3.195
SPIN 2 11 2 14 -1.365 0.884 -5.688
SPIN 2 11 2 15 -2.175 -1.002 5.410
SPIN 3 11 3 0 -2.757 -0.906 5.155
SPIN 3 11 3 1 0.611 -3.188 -4.946
SPIN 3 11 3 2 -3.234 -4.233 -2.575
SPIN 3 11 3 3 4.388 0.373 3.950
SPIN 3 11 3 4 -4.685 2.519 2.589
SPIN 3 11 3 5 4.919 -2.646 -1.951
SPIN 3 11 3 6 -3.690 1.157 -4.477
SPIN 3 11 3 7 -2.325 0.151 5.438
SPIN 3 11 3 8 1.257 5.476 1.854
SPIN 3 11 3 9 1.250 0.462 -5.764
SPIN 3 11 3 10 -5.895 -0.494 0.014
SPIN 3 11 3 11 -0.780 -3.516 4.693
SPIN 3 11 3 12 -1.459 -5.450 1.780
SPIN 3 11 3 13 3.089 3.662 3.471
SPIN 3 11 3 14 3.188 4.761 1.473
SPIN 3 11 3 15 -5.041 -1.867 2.470
SPIN 2 11 3 0 4.679 -3.615 0.203
SPIN 2 11 3 1 4.375 -3.856 -0.994
SPIN 2 11 3 2 1.853 5.537 -0.949
SPIN 2 11 3 3 4.424 -3.889 0.549
SPIN 2 11 3 4 -4.329 -2.245 -3.350
SPIN 2 11 3 5 1.471 -1.905 -5.404
SPIN 2 11 3 6 -0.719 3.633 4.613
SPIN 2 11 3 7 -2.294 -4.963 -2.261
SPIN 2 11 3 8 4.975 2.980 1.171
SPIN 2 11 3 9 -0.777 -5.376 -2.344
SPIN 2 11 3 10 4.932 3.266 -0.099
SPIN 2 11 3 11 -2.497 -1.776 5.061
SPIN 2 11 3 12 -5.810 1.002 -0.492
SPIN 2 11 3 13 -2.064 2.733 -4.824
SPIN 2 11 3 14 -2.456 -4.267 -3.280
SPIN 2 11 3 15 0.195 4.082 4.278
SPIN 3 11 4 0 3.938 3.488 2.707
SPIN 3 11 4 1 -2.367 4.226 3.397
SPIN 3 11 4 2 4.821 0.284 3.417
SPIN 3 11 4 3 4.852 1.806 2.864
SPIN 3 11 4 4 3.629 4.163 -2.122
SPIN 3 11 4 5 -4.901 2.700 1.922
SPIN 3 11 4 6 0.535 -3.751 4.543
SPIN 3 11 4 7 -2.453 4.197 -3.372
SPIN 3 11 4 8 -1.498 0.707 -5.680
SPIN 3 11 4 9 -3.873 2.168 3.912
SPIN 3 11 4 10 5.295 -1.242 -2.329
SPIN 3 11 4 11 -5.634 -0.590 1.705
SPIN 3 11 4 12 -2.552 -1.117 -5.219
SPIN 3 11 4 13 0.564 -4.775 -3.448
SPIN 3 11 4 14 5.011 3.127 -0.331
SPIN 3 11 4 15 0.895 3.245 4.865
SPIN 2 11 4 0 -2.371 -5.391 -0.557
SPIN 2 11 4 1 -0.424 4.333 4.005
SPIN 2 11 4 2 2.512 -3.122 -4.352
SPIN 2 11 4 3 -4.904 -1.634 2.877
SPIN 2 11 4 4 -3.314 1.152 -4.764
SPIN 2 11 4 5 0.544 0.060 5.891
SPIN 2 11 4 6 4.501 -1.850 -3.364
SPIN 2 11 4 7 0.380 1.279 5.764
SPIN 2 11 4 8 0.262 -5.463 2.255
SPIN 2 11 4 9 5.397 2.191 1.038
SPIN 2 11 4 10 -4.462 0.978 -3.760
SPIN 2 11 4 11 1.408 -2.157 -5.326
SPIN 2 11 4 12 -3.838 1.432 -4.268
SPIN 2 11 4 13 3.202 -4.607 1.877
SPIN 2 11 4 14 -0.023 4.763 3.509
SPIN 2 11 4 15 1.095 -2.807 5.091
SPIN 3 11 5 0 -3.468 4.638 1.209
SPIN 3 11 5 1 4.256 1.810 -3.689
SPIN 3 11 5 2 -3.043 -2.060 -4.637
SPIN 3 11 5 3 4.067 -1.694 -3.949
SPIN 3 11 5 4 -5.790 0.995 0.693
SPIN 3 11 5 5 5.346 1.205 -2.229
SPIN 3 11 5 6 -2.465 4.289 -3.245
SPIN 3 11 5 7 -2.102 -2.288 5.035
SPIN 3 11 5 8 -1.787 5.640 -0.028
SPIN 3 11 5 9 1.653 -4.746 -3.122
SPIN 3 11 5 10 -4.871 2.276 -2.468
SPIN 3 11 5 11 4.268 -2.360 -3.349
SPIN 3 11 5 12 0.494 0.909 -5.825
SPIN 3 11 5 13 -5.764 0.449 1.255
SPIN 3 11 5 14 -3.401 2.517 -4.134
SPIN 3 11 5 15 -1.987 -0.493 -5.551
SPIN 2 11 5 0 5.815 -0.529 0.954
SPIN 2 11 5 1 4.201 -1.834 -3.740
SPIN 2 11 5 2 -2.802 3.287 4.042
SPIN 2 11 5 3 -1.767 -2.588 5.018
SPIN 2 11 5 4 0.146 -1.081 5.815
SPIN 2 11 5 5 2.759 -4.712 -2.277
SPIN 2 11 5 6 -2.446 4.311 3.229
SPIN 2 11 5 7 -3.592 -3.396 3.250
SPIN 2 11 5 8 -3.602 1.519 -4.441
SPIN 2 11 5 9 -1.234 1.803 5.498
SPIN 2 11 5 10 -5.321 2.238 -1.295
SPIN 2 11 5 11 3.602 -4.652 0.622
SPIN 2 11 5 12 -2.534 4.136 3.387
SPIN 2 11 5 13 1.518 4.698 3.260
SPIN 2 11 5 14 -4.410 -2.139 -3.312
SPIN 2 11 5 15 3.646 -3.674 -2.865
SPIN 3 11 6 0 -1.518 -4.672 -3.297
SPIN 3 11 6 1 -2.315 2.289 4.940
SPIN 3 11 6 2 3.482 4.659 -1.083
SPIN 3 11 6 3 -1.870 -4.199 -3.725
SPIN 3 11 6 4 -0.455 2.333 5.418
SPIN 3 11 6 5 2.727 -4.396 -2.870
SPIN 3 11 6 6 5.113 0.843 -2.854
SPIN 3 11 6 7 -1.213 5.626 1.369
SPIN 3 11 6 8 5.549 -2.019 -0.367
SPIN 3 11 6 9 0.632 2.876 5.131
SPIN 3 11 6 10 -1.153 -5.216 -2.542
SPIN 3 11 6 11 -4.911 1.657 2.852
SPIN 3 11 6 12 -0.659 5.875 -0.228
SPIN 3 11 6 13 -4.373 1.031 -3.849
SPIN 3 11 6 14 -2.424 1.994 5.015
SPIN 3 11 6 15 -0.418 2.537 5.328
SPIN 2 11 6 0 -2.515 0.266 -5.348
SPIN 2 11 6 1 2.211 0.607 5.454
SPIN 2 11 6 2 3.984 -4.116 -1.477
SPIN 2 11 6 3 5.340 2.506 -0.457
SPIN 2 11 6 4 4.401 0.161 -3.951
SPIN 2 11 6 5 2.417 5.144 -1.642
SPIN 2 11 6 6 0.514 -5.860 -0.630
SPIN 2 11 6 7 0.874 1.742 5.586
SPIN 2 11 6 8 -3.270 -4.929 0.139
SPIN 2 11 6 9 2.339 0.754 -5.382
SPIN 2 11 6 10 -1.671 -2.306 5.186
SPIN 2 11 6 11 3.933 1.253 -4.238
SPIN 2 11 6 12 2.632 0.073 -5.298
SPIN 2 11 6 13 4.080 -4.260 -0.455
SPIN 2 11 6 14 -4.734 3.288 1.336
SPIN 2 11 6 15 2.802 5.165 -0.687
SPIN 3 11 7 0 1.279 5.701 0.931
SPIN 3 11 7 1 -0.735 -3.131 -4.966
SPIN 3 11 7 2 -4.058 0.359 -4.290
SPIN 3 11 7 3 1.284 1.298 5.627
SPIN 3 11 7 4 -1.007 -4.885 3.182
SPIN 3 11 7 5 -4.720 3.379 1.142
SPIN 3 11 7 6 -3.661 4.644 0.182
SPIN 3 11 7 7 -3.303 4.702 -1.407
SPIN 3 11 7 8 4.757 -3.516 -0.075
SPIN 3 11 7 9 -1.431 -4.925 -2.948
SPIN 3 11 7 10 -2.876 2.479 4.537
SPIN 3 11 7 11 5.635 -1.201 1.342
SPIN 3 11 7 12 -3.522 -4.728 0.491
SPIN 3 11 7 13 1.447 -1.426 5.556
SPIN 3 11 7 14 -3.520 -4.741 -0.370
SPIN 3 11 7 15 -4.850 0.291 -3.375
SPIN 2 11 7 0 2.920 -0.021 5.145
SPIN 2 11 7 1 2.126 4.581 3.081
SPIN 2 11 7 2 0.680 5.847 0.590
SPIN 2 11 7 3 2.014 -4.595 -3.135
SPIN 2 11 7 4 -1.871 -5.269 1.933
SPIN 2 11 7 5 -5.002 -2.465 1.974
SPIN 2 11 7 6 5.176 -0.498 -2.822
SPIN 2 11 7 7 2.434 5.380 0.367
SPIN 2 11 7 8 -1.562 4.400 -3.634
SPIN 2 11 7 9 -4.651 -2.000 -3.061
SPIN 2 11 7 10 -5.524 0.485 -2.061
SPIN 2 11 7 11 4.095 4.254 0.364
SPIN 2 11 7 12 -4.963 -1.491 2.855
SPIN 2 11 7 13 5.202 2.594 -1.103
SPIN 2 11 7 14 -0.445 0.255 -5.894
SPIN 2 11 7 15 -5.091 0.604 -2.953
SPIN 3 11 8 0 1.057 -4.779 -3.323
SPIN 3 11 8 1 -1.163 0.048 5.800
SPIN 3 11 8 2 5.760 -0.769 1.108
SPIN 3 11 8 3 -2.690 -4.109 3.298
SPIN 3 11 8 4 3.914 1.144 -4.286
SPIN 3 11 8 5 -2.089 2.933 4.694
SPIN 3 11 8 6 -0.988 -5.229 2.585
SPIN 3 11 8 7 3.849 -0.384 -4.476
SPIN 3 11 8 8 -3.681 -4.547 0.878
SPIN 3 11 8 9 2.885 -3.495 3.803
SPIN 3 11 8 10 -2.264 -3.880 -3.850
SPIN 3 11 8 11 -1.465 -1.672 5.482
SPIN 3 11 8 12 -0.623 4.082 4.237
SPIN 3 11 8 13 -5.326 2.384 -0.974
SPIN 3 11 8 14 2.883 -4.501 2.536
SPIN 3 11 8 15 -5.533 -1.484 1.478
SPIN 2 11 8 0 -4.202 4.134 -0.498
SPIN 2 11 8 1 2.609 -5.161 -1.250
SPIN 2 11 8 2 -3.942 -0.184 4.407
SPIN 2 11 8 3 4.850 2.821 -1.876
SPIN 2 11 8 4 -4.196 -1.856 3.735
SPIN 2 11 8 5 -0.650 4.082 4.233
SPIN 2 11 8 6 -0.469 1.320 5.748
SPIN 2 11 8 7 3.800 0.716 -4.477
SPIN 2 11 8 8 -3.957 2.536 3.593
SPIN 2 11 8 9 4.706 1.670 3.173
SPIN 2 11 8 10 -1.894 -3.976 -3.950
SPIN 2 11 8 11 -0.614 -2.529 5.313
SPIN 2 11 8 12 -2.270 -4.358 -3.295
SPIN 2 11 8 13 1.714 -4.006 -4.002
SPIN 2 11 8 14 -4.655 -2.558 2.605
SPIN 2 11 8 15 0.805 4.065 4.222
SPIN 3 11 9 0 1.591 2.484 5.128
SPIN 3 11 9 1 3.029 -2.122 -4.618
SPIN 3 11 9 2 2.709 4.365 -2.933
SPIN 3 11 9 3 3.539 1.002 -4.634
SPIN 3 11 9 4 -2.678 2.781 -4.483
SPIN 3 11 9 5 -5.507 -1.714 -1.317
SPIN 3 11 9 6 -0.503 -2.123 5.499
SPIN 3 11 9 7 0.371 -3.993 4.349
SPIN 3 11 9 8 5.604 -0.063 -1.896
SPIN 3 11 9 9 0.594 0.893 5.818
SPIN 3 11 9 10 -5.349 0.123 -2.524
SPIN 3 11 9 11 2.549 5.267 0.873
SPIN 3 11 9 12 -3.542 4.690 -0.677
SPIN 3 11 9 13 1.284 0.772 -5.723
SPIN 3 11 9 14 1.570 5.704 -0.058
SPIN 3 11 9 15 1.402 -5.220 2.405
SPIN 2 11 9 0 -1.640 2.640 -5.034
SPIN 2 11 9 1 0.400 -5.902 0.069
SPIN 2 11 9 2 0.610 5.033 3.048
SPIN 2 11 9 3 -5.235 -2.143 -1.733
SPIN 2 11 9 4 5.567 0.612 -1.905
SPIN 2 11 9 5 -5.421 2.111 1.077
SPIN 2 11 9 6 1.326 4.296 -3.845
SPIN 2 11 9 7 3.419 3.766 3.021
SPIN 2 11 9 8 4.361 -2.371 -3.219
SPIN 2 11 9 9 -4.778 -2.160 2.739
SPIN 2 11 9 10 4.760 -2.787 -2.138
SPIN 2 11 9 11 -1.106 2.327 5.326
SPIN 2 11 9 12 -5.532 0.028 2.096
SPIN 2 11 9 13 -5.122 2.910 0.539
SPIN 2 11 9 14 1.736 -3.676 -4.298
SPIN 2 11 9 15 5.362 1.502 1.999
SPIN 3 11 10 0 1.125 -5.804 0.225
SPIN 3 11 10 1 -3.064 3.937 -3.179
SPIN 3 11 10 2 -3.006 -4.932 1.281
SPIN 3 11 10 3 1.060 5.762 -0.824
SPIN 3 11 10 4 -4.175 -0.767 -4.121
SPIN 3 11 10 5 -2.126 2.225 5.052
SPIN 3 11 10 6 5.383 -2.270 -0.932
SPIN 3 11 10 7 -3.994 0.747 4.300
SPIN 3 11 10 8 -4.033 -3.808 -2.056
SPIN 3 11 10 9 -2.410 3.299 4.279
SPIN 3 11 10 10 5.037 2.490 1.850
SPIN 3 11 10 11 -5.445 1.146 -2.010
SPIN 3 11 10 12 3.749 2.980 3.473
SPIN 3 11 10 13 -5.791 -0.443 1.125
SPIN 3 11 10 14 -3.497 -4.722 -0.684
SPIN 3 11 10 15 2.071 5.541 0.106
SPIN 2 11 10 0 5.403 -1.865 1.526
SPIN 2 11 10 1 -1.148 -1.960 -5.463
SPIN 2 11 10 2 -3.999 1.034 -4.236
SPIN 2 11 10 3 -0.842 -3.129 4.950
SPIN 2 11 10 4 2.959 4.075 3.105
SPIN 2 11 10 5 -3.670 -2.379 -3.984
SPIN 2 11 10 6 2.179 -2.500 -4.900
SPIN 2 11 10 7 -4.996 -1.716 -2.663
SPIN 2 11 10 8 4.533 0.706 3.735
SPIN 2 11 10 9 -5.478 1.695 -1.456
SPIN 2 11 10 10 -3.578 3.614 -3.023
SPIN 2 11 10 11 -0.242 0.797 5.857
SPIN 2 11 10 12 3.270 3.678 -3.282
SPIN 2 11 10 13 5.158 -2.243 1.834
SPIN 2 11 10 14 -3.498 1.929 4.364
SPIN 2 11 10 15 3.376 -1.036 4.746
SPIN 3 11 11 0 1.376 5.751 0.164
SPIN 3 11 11 1 -3.792 -4.533 0.276
SPIN 3 11 11 2 3.027 -4.011 -3.122
SPIN 3 11 11 3 -0.615 -4.372 -3.938
SPIN 3 11 11 4 1.599 -4.768 3.116
SPIN 3 11 11 5 0.279 -5.721 1.481
SPIN 3 11 11 6 -0.332 3.173 4.982
SPIN 3 11 11 7 5.027 -1.238 -2.863
SPIN 3 11 11 8 2.379 4.607 -2.849
SPIN 3 11 11 9 2.482 -1.806 5.058
SPIN 3 11 11 10 0.641 -4.090 4.226
SPIN 3 11 11 11 5.670 0.824 -1.476
SPIN 3 11 11 12 -5.735 -1.127 -0.920
SPIN 3 11 11 13 3.110 5.006 0.512
SPIN 3 11 11 14 2.689 -0.681 -5.226
SPIN 3 11 11 15 -0.981 -4.756 3.379
SPIN 2 11 11 0 -3.676 0.234 4.630
SPIN 2 11 11 1 -5.023 3.122 -0.164
SPIN 2 11 11 2 4.049 -4.305 0.257
SPIN 2 11 11 3 3.346 4.855 -0.487
SPIN 2 11 11 4 0.373 5.668 -1.655
SPIN 2 11 11 5 3.303 -4.863 0.665
SPIN 2 11 11 6 0.627 -5.423 2.281
SPIN 2 11 11 7 -0.473 1.480 -5.708
SPIN 2 11 11 8 -2.407 2.942 4.533
SPIN 2 11 11 9 5.006 1.429 -2.811
SPIN 2 11 11 10 -5.545 0.703 1.938
SPIN 2 11 11 11 1.926 -3.737 -4.162
SPIN 2 11 11 12 -1.413 5.301 2.215
SPIN 2 11 11 13 -4.874 -1.872 2.783
SPIN 2 11 11 14 1.367 4.631 3.418
SPIN 2 11 11 15 -3.680 1.447 -4.400
SPIN 3 11 12 0 -1.004 -2.928 -5.042
SPIN 3 11 12 1 -4.244 -1.667 -3.769
SPIN 3 11 12 2 3.512 0.544 -4.730
SPIN 3 11 12 3 -5.123 2.947 0.257
SPIN 3 11 12 4 1.143 -1.480 -5.613
SPIN 3 11 12 5 -4.495 3.351 -1.887
SPIN 3 11 12 6 -2.689 0.647 5.230
SPIN 3 11 12 7 1.756 3.967 4.022
SPIN 3 11 12 8 -3.485 -2.822 3.859
SPIN 3 11 12 9 -3.554 -2.663 3.909
SPIN 3 11 12 10 -1.987 -4.162 -3.705
SPIN 3 11 12 11 -5.203 -2.799 -0.310
SPIN 3 11 12 12 4.057 2.102 -3.758
SPIN 3 11 12 13 -5.152 -0.024 2.908
SPIN 3 11 12 14 -2.382 -3.847 3.811
SPIN 3 11 12 15 0.508 3.869 -4.446
SPIN 2 11 12 0 -4.601 -3.213 1.873
SPIN 2 11 12 1 3.665 -0.290 -4.635
SPIN 2 11 12 2 0.195 2.616 5.303
SPIN 2 11 12 3 -0.818 -2.445 5.325
SPIN 2 11 12 4 -1.620 2.904 4.893
SPIN 2 11 12 5 -3.368 -2.269 -4.302
SPIN 2 11 12 6 -4.259 1.361 3.874
SPIN 2 11 12 7 4.382 2.798 2.824
SPIN 2 11 12 8 3.818 -3.069 -3.317
SPIN 2 11 12 9 -5.593 -0.393 1.888
SPIN 2 11 12 10 2.943 4.122 -3.057
SPIN 2 11 12 11 0.450 -0.245 -5.894
SPIN 2 11 12 12 5.898 -0.419 0.198
SPIN 2 11 12 13 5.035 -2.520 1.818
SPIN 2 11 12 14 -1.142 -5.362 -2.224
SPIN 2 11 12 15 2.548 -3.076 4.364
SPIN 3 11 13 0 0.773 1.748 -5.599
SPIN 3 11 13 1 3.030 -4.591 2.177
SPIN 3 11 13 2 -0.957 0.334 -5.829
SPIN 3 11 13 3 -2.771 5.226 0.090
SPIN 3 11 13 4 5.535 1.933 -0.789
SPIN 3 11 13 5 2.058 3.091 4.605
SPIN 3 11 13 6 -4.687 0.306 -3.597
SPIN 3 11 13 7 -1.099 -5.810 0.179
SPIN 3 11 13 8 0.516 -4.842 3.361
SPIN 3 11 13 9 -1.357 4.906 -3.015
SPIN 3 11 13 10 -1.240 -5.696 -1.011
SPIN 3 11 13 11 5.382 0.608 -2.379
SPIN 3 11 13 12 2.186 -5.355 -1.244
SPIN 3 11 13 13 -1.464 2.057 -5.350
SPIN 3 11 13 14 -0.354 5.852 -0.793
SPIN 3 11 13 15 -2.402 4.165 3.448
SPIN 2 11 13 0 2.258 4.603 -2.952
SPIN 2 11 13 1 -1.824 5.301 -1.889
SPIN 2 11 13 2 -5.502 0.376 -2.141
SPIN 2 11 13 3 5.219 2.580 1.052
SPIN 2 11 13 4 -0.603 -0.425 -5.870
SPIN 2 11 13 5 2.801 -3.555 3.810
SPIN 2 11 13 6 -5.047 0.605 -3.027
SPIN 2 11 13 7 1.182 0.623 -5.763
SPIN 2 11 13 8 1.904 5.492 1.099
SPIN 2 11 13 9 -1.473 -3.527 -4.516
SPIN 2 11 13 10 0.464 -0.666 5.860
SPIN 2 11 13 11 -0.267 -5.142 2.913
SPIN 2 11 13 12 -0.749 5.764 1.101
SPIN 2 11 13 13 5.605 -0.760 -1.733
SPIN 2 11 13 14 0.350 -1.135 -5.796
SPIN 2 11 13 15 2.161 5.115 -2.042
SPIN 3 11 14 0 -1.386 5.071 -2.714
SPIN 3 11 14 1 0.658 -5.357 -2.423
SPIN 3 11 14 2 -2.401 4.743 2.597
SPIN 3 11 14 3 4.401 -3.944 -0.278
SPIN 3 11 14 4 -2.322 4.385 -3.222
SPIN 3 11 14 5 -4.490 -3.768 -0.801
SPIN 3 11 14 6 1.844 -0.242 5.616
SPIN 3 11 14 7 -3.546 2.486 -4.030
SPIN 3 11 14 8 -1.901 1.607 5.367
SPIN 3 11 14 9 4.904 0.027 -3.308
SPIN 3 11 14 10 -0.701 3.947 -4.351
SPIN 3 11 14 11 -3.221 -3.286 3.718
SPIN 3 11 14 12 2.134 -2.714 -4.804
SPIN 3 11 14 13 -0.068 -4.615 3.700
SPIN 3 11 14 14 0.322 -4.756 -3.503
SPIN 3 11 14 15 3.558 -4.683 0.645
SPIN 2 11 14 0 -3.680 3.324 -3.226
SPIN 2 11 14 1 -1.881 2.618 4.961
SPIN 2 11 14 2 -2.561 -4.381 -3.042
SPIN 2 11 14 3 -4.843 0.666 -3.331
SPIN 2 11 14 4 5.456 -2.216 -0.570
SPIN 2 11 14 5 -1.948 5.585 0.123
SPIN 2 11 14 6 2.570 2.125 4.886
SPIN 2 11 14 7 4.262 -4.103 -0.009
SPIN 2 11 14 8 5.045 1.189 2.853
SPIN 2 11 14 9 -1.148 0.925 -5.729
SPIN 2 11 14 10 -1.227 -3.759 -4.400
SPIN 2 11 14 11 5.261 2.187 -1.594
SPIN 2 11 14 12 2.237 -4.177 3.543
SPIN 2 11 14 13 -3.867 3.528 -2.756
SPIN 2 11 14 14 2.051 2.707 4.844
SPIN 2 11 14 15 -1.464 -4.367 3.713
SPIN 3 11 15 0 -0.362 1.752 5.639
SPIN 3 11 15 1 -2.568 -4.538 2.795
SPIN 3 11 15 2 -4.856 1.259 3.135
SPIN 3 11 15 3 5.301 -2.623 -0.149
SPIN 3 11 15 4 1.648 0.830 5.621
SPIN 3 11 15 5 0.733 -4.216 -4.085
SPIN 3 11 15 6 2.163 -3.511 -4.242
SPIN 3 11 15 7 -4.840 3.300 0.828
SPIN 3 11 15 8 -2.735 2.159 -4.781
SPIN 3 11 15 9 0.002 -5.450 -2.302
SPIN 3 11 15 10 2.007 4.784 -2.843
SPIN 3 11 15 11 -5.648 -0.026 -1.761
SPIN 3 11 15 12 -2.465 5.370 -0.289
SPIN 3 11 15 13 1.003 -2.983 -5.010
SPIN 3 11 15 14 5.526 -0.113 2.111
SPIN 3 11 15 15 -4.710 -1.087 3.411
SPIN 2 11 15 0 2.045 4.885 2.637
SPIN 2 11 15 1 5.177 2.663 1.052
SPIN 2 11 15 2 5.459 -2.279 -0.007
SPIN 2 11 15 3 -1.022 -2.487 -5.270
SPIN 2 11 15 4 -0.004 5.016 3.138
SPIN 2 11 15 5 5.604 -0.112 1.893
SPIN 2 11 15 6 0.637 3.603 -4.649
SPIN 2 11 15 7 1.466 -0.990 5.645
SPIN 2 11 15 8 -2.511 -3.895 -3.678
SPIN 2 11 15 9 1.888 3.155 4.635
SPIN 2 11 15 10 -0.770 2.087 5.482
SPIN 2 11 15 11 -5.913 -0.102 -0.174
SPIN 2 11 15 12 4.675 -3.242 1.623
SPIN 2 11 15 13 2.825 1.083 -5.084
SPIN 2 11 15 14 3.489 3.793 -2.905
SPIN 2 11 15 15 -0.134 5.720 1.505
SPIN 1 12 0 0 -5.601 -0.134 1.902
SPIN 1 12 0 1 3.944 1.608 -4.106
SPIN 1 12 0 2 -5.202 -0.968 2.647
SPIN 1 12 0 3 -4.983 1.418 -2.857
SPIN 1 12 0 4 -2.558 -0.369 5.322
SPIN 1 12 0 5 -0.523 3.945 4.378
SPIN 1 12 0 6 -1.077 4.734 -3.381
SPIN 1 12 0 7 -5.826 -0.800 -0.647
SPIN 1 12 0 8 -4.553 3.643 1.002
SPIN 1 12 0 9 4.240 -4.123 0.167
SPIN 1 12 0 10 -4.405 3.147 -2.385
SPIN 1 12 0 11 5.310 -2.608 0.040
SPIN 1 12 0 12 -2.257 4.127 3.588
SPIN 1 12 0 13 -4.692 -0.916 3.485
SPIN 1 12 0 14 2.389 2.822 -4.618
SPIN 1 12 0 15 5.100 -2.830 -0.992
SPIN 4 12 0 0 -5.271 2.682 -0.146
SPIN 4 12 0 1 3.739 -4.583 -0.117
SPIN 4 12 0 2 2.076 4.238 3.569
SPIN 4 12 0 3 5.475 -1.568 -1.601
SPIN 4 12 0 4 -4.657 2.873 2.248
SPIN 4 12 0 5 5.237 0.779 -2.640
SPIN 4 12 0 6 5.515 1.552 -1.474
SPIN 4 12 0 7 -5.384 0.223 -2.441
SPIN 4 12 0 8 -1.822 2.382 -5.100
SPIN 4 12 0 9 -2.112 -4.859 2.633
SPIN 4 12 0 10 2.940 5.039 0.984
SPIN 4 12 0 11 2.007 -3.970 3.901
SPIN 4 12 0 12 3.290 -2.642 -4.147
SPIN 4 12 0 13 1.498 1.032 -5.630
SPIN 4 12 0 14 -0.849 4.570 3.660
SPIN 4 12 0 15 3.163 -2.204 -4.487
SPIN 1 12 1 0 4.885 3.336 0.088
SPIN 1 12 1 1 0.344 4.685 -3.596
SPIN 1 12 1 2 -4.674 -3.608 -0.365
SPIN 1 12 1 3 5.399 0.158 2.414
SPIN 1 12 1 4 -2.275 5.269 -1.435
SPIN 1 12 1 5 -4.535 -1.544 -3.472
SPIN 1 12 1 6 -3.972 0.696 -4.329
SPIN 1 12 1 7 -0.796 1.649 5.626
SPIN 1 12 1 8 -2.300 2.216 -4.980
SPIN 1 12 1 9 4.941 3.253 0.056
SPIN 1 12 1 10 3.722 -3.906 2.427
SPIN 1 12 1 11 -3.583 4.691 -0.399
SPIN 1 12 1 12 0.258 -0.274 -5.904
SPIN 1 12 1 13 -2.061 2.003 -5.171
SPIN 1 12 1 14 1.950 -2.554 4.967
SPIN 1 12 1 15 -5.202 -2.262 1.681
SPIN 4 12 1 0 4.640 -2.442 2.740
SPIN 4 12 1 1 -2.004 0.085 5.566
SPIN 4 12 1 2 -2.230 4.235 -3.478
SPIN 4 12 1 3 -2.379 5.412 -0.216
SPIN 4 12 1 4 5.218 2.718 -0.622
SPIN 4 12 1 5 5.145 -2.709 1.092
SPIN 4 12 1 6 -0.175 -5.871 -0.707
SPIN 4 12 1 7 -2.469 5.299 -0.908
SPIN 4 12 1 8 2.124 -5.082 2.158
SPIN 4 12 1 9 -4.946 3.179 -0.657
SPIN 4 12 1 10 -3.631 -2.446 -3.978
SPIN 4 12 1 11 4.154 4.193 0.402
SPIN 4 12 1 12 2.233 3.404 4.292
SPIN 4 12 1 13 -5.027 0.573 -3.066
SPIN 4 12 1 14 -3.529 3.935 2.658
SPIN 4 12 1 15 -1.895 5.423 -1.413
SPIN 1 12 2 0 5.048 -2.881 -1.106
SPIN 1 12 2 1 -5.913 -0.057 0.171
SPIN 1 12 2 2 5.233 -2.058 -1.840
SPIN 1 12 2 3 -4.558 2.531 -2.797
SPIN 1 12 2 4 -5.048 -3.062 0.377
SPIN 1 12 2 5 4.118 3.956 -1.547
SPIN 1 12 2 6 -4.992 -3.173 -0.082
SPIN 1 12 2 7 -0.294 -2.481 -5.363
SPIN 1 12 2 8 -1.786 -5.466 -1.389
SPIN 1 12 2 9 -2.712 4.957 1.754
SPIN 1 12 2 10 1.740 -0.897 -5.583
SPIN 1 12 2 11 1.265 5.364 -2.151
SPIN 1 12 2 12 2.481 -5.260 -1.084
SPIN 1 12 2 13 -0.715 1.552 5.664
SPIN 1 12 2 14 2.801 -4.841 -1.929
SPIN 1 12 2 15 -5.267 1.657 -2.124
SPIN 4 12 2 0 0.299 -0.905 5.839
SPIN 4 12 2 1 4.329 2.717 2.980
SPIN 4 12 2 2 -4.555 -0.880 3.671
SPIN 4 12 2 3 1.534 -1.118 5.603
SPIN 4 12 2 4 -1.330 -5.233 -2.418
SPIN 4 12 2 5 2.496 -1.008 -5.268
SPIN 4 12 2 6 0.912 5.619 -1.613
SPIN 4 12 2 7 -1.786 -5.640 -0.055
SPIN 4 12 2 8 5.307 2.391 1.058
SPIN 4 12 2 9 -2.029 -5.196 1.971
SPIN 4 12 2 10 1.136 1.470 5.617
SPIN 4 12 2 11 -1.739 -3.266 4.616
SPIN 4 12 2 12 1.340 5.656 -1.103
SPIN 4 12 2 13 2.197 2.823 4.712
SPIN 4 12 2 14 -3.839 4.065 1.932
SPIN 4 12 2 15 1.506 -5.338 -2.057
SPIN 1 12 3 0 -3.244 4.911 0.600
SPIN 1 12 3 1 -0.221 -5.666 -1.686
SPIN 1 12 3 2 -1.293 3.645 -4.477
SPIN 1 12 3 3 0.511 0.229 5.890
SPIN 1 12 3 4 -5.081 -0.119 -3.029
SPIN 1 12 3 5 0.647 1.114 -5.774
SPIN 1 12 3 6 5.355 1.514 2.007
SPIN 1 12 3 7 5.553 -1.905 -0.732
SPIN 1 12 3 8 -4.964 -0.642 3.154
SPIN 1 12 3 9 5.690 1.174 -1.114
SPIN 1 12 3 10 1.894 0.708 5.560
SPIN 1 12 3 11 -1.953 -5.580 0.223
SPIN 1 12 3 12 -5.419 1.250 -2.019
SPIN 1 12 3 13 1.548 5.208 -2.342
SPIN 1 12 3 14 4.230 -1.581 3.822
SPIN 1 12 3 15 -5.218 -2.474 -1.285
SPIN 4 12 3 0 5.646 1.762 -0.123
SPIN 4 12 3 1 -2.517 1.261 5.203
SPIN 4 12 3 2 -5.201 2.381 1.509
SPIN 4 12 3 3 -4.681 -3.604 0.322
SPIN 4 12 3 4 -1.079 3.426 4.701
SPIN 4 12 3 5 -2.702 -4.421 2.855
SPIN 4 12 3 6 3.609 4.390 -1.645
SPIN 4 12 3 7 2.471 2.326 4.846
SPIN 4 12 3 8 -3.147 -3.253 -3.810
SPIN 4 12 3 9 0.892 3.509 -4.679
SPIN 4 12 3 10 -4.017 -2.624 3.461
SPIN 4 12 3 11 1.347 3.869 -4.268
SPIN 4 12 3 12 3.030 -5.064 -0.415
SPIN 4 12 3 13 -3.131 2.612 -4.287
SPIN 4 12 3 14 -2.484 2.703 -4.640
SPIN 4 12 3 15 0.562 0.011 -5.889
SPIN 1 12 4 0 -1.221 5.076 2.783
SPIN 1 12 4 1 0.667 3.693 -4.574
SPIN 1 12 4 2 -2.860 2.043 -4.759
SPIN 1 12 4 3 2.003 -4.397 -3.414
SPIN 1 12 4 4 1.129 2.971 4.990
SPIN 1 12 4 5 -2.988 -4.647 -2.115
SPIN 1 12 4 6 -3.370 1.929 -4.463
SPIN 1 12 4 7 2.956 -5.101 0.492
SPIN 1 12 4 8 -1.657 4.184 -3.840
SPIN 1 12 4 9 -0.557 -5.252 2.665
SPIN 1 12 4 10 -3.618 -3.454 3.159
SPIN 1 12 4 11 -1.923 2.160 -5.161
SPIN 1 12 4 12 3.848 -4.447 0.642
SPIN 1 12 4 13 -4.569 0.598 -3.710
SPIN 1 12 4 14 -3.441 0.311 4.802
SPIN 1 12 4 15 -2.268 -4.744 -2.711
SPIN 4 12 4 0 4.649 -2.258 2.879
SPIN 4 12 4 1 -0.871 -4.737 -3.435
SPIN 4 12 4 2 -1.365 -2.942 4.948
SPIN 4 12 4 3 5.909 -0.244 0.173
SPIN 4 12 4 4 1.698 1.073 -5.565
SPIN 4 12 4 5 5.601 1.502 -1.172
SPIN 4 12 4 6 -3.635 -4.515 1.184
SPIN 4 12 4 7 -1.660 1.686 -5.423
SPIN 4 12 4 8 -2.343 3.881 -3.801
SPIN 4 12 4 9 3.644 4.658 0.152
SPIN 4 12 4 10 1.522 -1.598 5.489
SPIN 4 12 4 11 -2.469 -1.311 5.214
SPIN 4 12 4 12 -0.924 -4.346 -3.906
SPIN 4 12 4 13 -1.774 5.460 1.430
SPIN 4 12 4 14 2.035 -3.834 4.020
SPIN 4 12 4 15 -0.777 -3.797 4.470
SPIN 1 12 5 0 3.577 -2.220 -4.156
SPIN 1 12 5 1 -0.796 -1.899 5.546
SPIN 1 12 5 2 -4.268 1.124 3.940
SPIN 1 12 5 3 -2.690 -0.012 -5.269
SPIN 1 12 5 4 -5.804 -1.028 -0.509
SPIN 1 12 5 5 -3.703 -4.588 0.490
SPIN 1 12 5 6 3.329 4.597 -1.669
SPIN 1 12 5 7 -2.005 0.920 5.490
SPIN 1 12 5 8 2.600 -4.762 -2.359
SPIN 1 12 5 9 0.144 -4.904 3.306
SPIN 1 12 5 10 -5.289 -1.769 -1.975
SPIN 1 12 5 11 1.122 -5.169 2.649
SPIN 1 12 5 12 -1.206 5.361 2.193
SPIN 1 12 5 13 5.299 -2.546 0.662
SPIN 1 12 5 14 -0.791 3.268 -4.868
SPIN 1 12 5 15 2.310 -3.690 4.006
SPIN 4 12 5 0 -5.548 1.358 -1.541
SPIN 4 12 5 1 -3.519 -4.141 2.338
SPIN 4 12 5 2 2.767 3.025 -4.265
SPIN 4 12 5 3 -2.583 1.274 -5.168
SPIN 4 12 5 4 2.869 4.500 2.554
SPIN 4 12 5 5 1.510 1.884 -5.401
SPIN 4 12 5 6 -2.689 -3.333 -4.082
SPIN 4 12 5 7 -2.518 1.131 5.233
SPIN 4 12 5 8 -3.072 0.111 5.055
SPIN 4 12 5 9 5.189 2.128 -1.882
SPIN 4 12 5 10 -2.648 -4.438 -2.880
SPIN 4 12 5 11 -0.733 5.843 0.567
SPIN 4 12 5 12 -5.360 -0.982 2.303
SPIN 4 12 5 13 2.908 2.776 4.340
SPIN 4 12 5 14 -1.334 3.734 -4.391
SPIN 4 12 5 15 -0.156 -0.596 5.884
SPIN 1 12 6 0 2.786 1.901 -4.861
SPIN 1 12 6 1 3.940 -4.384 0.500
SPIN 1 12 6 2 -3.962 1.394 -4.167
SPIN 1 12 6 3 -0.967 3.206 4.877
SPIN 1 12 6 4 0.787 -5.761 -1.091
SPIN 1 12 6 5 -4.051 -2.916 3.176
SPIN 1 12 6 6 -1.752 4.414 3.528
SPIN 1 12 6 7 -3.019 -2.327 -4.525
SPIN 1 12 6 8 -3.438 3.796 -2.960
SPIN 1 12 6 9 1.806 -3.496 -4.417
SPIN 1 12 6 10 -2.724 4.074 3.314
SPIN 1 12 6 11 -0.935 -3.113 -4.943
SPIN 1 12 6 12 5.467 2.009 1.036
SPIN 1 12 6 13 -4.000 -3.495 2.604
SPIN 1 12 6 14 5.821 0.104 1.050
SPIN 1 12 6 15 1.094 5.093 -2.805
SPIN 4 12 6 0 -2.436 -5.364 0.538
SPIN 4 12 6 1 4.524 -3.749 0.691
SPIN 4 12 6 2 2.270 -2.594 -4.808
SPIN 4 12 6 3 4.977 -2.805 1.535
SPIN 4 12 6 4 -5.200 -1.010 -2.634
SPIN 4 12 6 5 5.563 -1.969 -0.416
SPIN 4 12 6 6 -4.790 -2.841 1.997
SPIN 4 12 6 7 4.217 4.149 -0.020
SPIN 4 12 6 8 -2.891 0.060 5.161
SPIN 4 12 6 9 0.258 -5.609 1.865
SPIN 4 12 6 10 -1.401 -5.621 -1.203
SPIN 4 12 6 11 -3.884 3.466 -2.811
SPIN 4 12 6 12 -1.312 5.614 1.326
SPIN 4 12 6 13 -2.097 -5.274 -1.668
SPIN 4 12 6 14 -2.662 -0.217 5.279
SPIN 4 12 6 15 -0.466 -5.892 -0.260
SPIN 1 12 7 0 0.063 -5.905 -0.354
SPIN 1 12 7 1 -2.373 4.925 -2.260
SPIN 1 12 7 2 0.467 5.144 -2.885
SPIN 1 12 7 3 -0.050 -2.387 5.413
SPIN 1 12 7 4 -4.933 3.256 0.261
SPIN 1 12 7 5 3.775 4.409 -1.144
SPIN 1 12 7 6 4.949 -2.673 -1.835
SPIN 1 12 7 7 1.910 -2.143 -5.173
SPIN 1 12 7 8 3.021 2.682 -4.322
SPIN 1 12 7 9 -5.052 -1.805 2.493
SPIN 1 12 7 10 -0.335 3.382 4.842
SPIN 1 12 7 11 1.884 -5.174 2.163
SPIN 1 12 7 12 -4.963 0.092 3.219
SPIN 1 12 7 13 1.251 3.304 4.746
SPIN 1 12 7 14 5.652 -1.540 -0.826
SPIN 1 12 7 15 5.873 0.702 0.116
SPIN 4 12 7 0 -2.287 -5.090 -1.966
SPIN 4 12 7 1 0.911 -5.836 -0.329
SPIN 4 12 7 2 -5.250 2.073 1.772
SPIN 4 12 7 3 5.512 -2.101 0.457
SPIN 4 12 7 4 -4.301 2.485 3.213
SPIN 4 12 7 5 -1.463 1.587 5.508
SPIN 4 12 7 6 1.420 4.111 -4.011
SPIN 4 12 7 7 -4.549 -2.551 2.793
SPIN 4 12 7 8 -3.278 4.796 1.117
SPIN 4 12 7 9 4.816 -0.654 -3.373
SPIN 4 12 7 10 4.183 -3.851 -1.634
SPIN 4 12 7 11 -3.104 3.762 -3.349
SPIN 4 12 7 12 -0.969 3.156 -4.909
SPIN 4 12 7 13 2.153 -1.868 5.184
SPIN 4 12 7 14 -4.932 3.224 -0.532
SPIN 4 12 7 15 0.192 -4.068 4.291
SPIN 1 12 8 0 5.093 -0.465 -2.974
SPIN 1 12 8 1 2.779 4.406 2.804
SPIN 1 12 8 2 4.283 -3.659 1.807
SPIN 1 12 8 3 -5.447 0.856 -2.143
SPIN 1 12 8 4 -0.099 2.386 5.413
SPIN 1 12 8 5 0.541 -4.155 4.176
SPIN 1 12 8 6 1.701 -5.372 -1.804
SPIN 1 12 8 7 4.067 2.419 -3.551
SPIN 1 12 8 8 5.600 -1.216 -1.472
SPIN 1 12 8 9 2.158 5.389 -1.141
SPIN 1 12 8 10 -3.632 4.430 1.478
SPIN 1 12 8 11 4.846 -3.033 1.521
SPIN 1 12 8 12 2.877 -0.450 5.150
SPIN 1 12 8 13 -3.346 -4.536 -1.795
SPIN 1 12 8 14 1.890 -3.885 -4.042
SPIN 1 12 8 15 -0.102 -5.136 -2.934
SPIN 4 12 8 0 -2.102 3.426 4.341
SPIN 4 12 8 1 0.001 5.388 2.444
SPIN 4 12 8 2 -4.995 -2.079 2.392
SPIN 4 12 8 3 -2.537 -1.811 5.028
SPIN 4 12 8 4 2.771 -4.436 -2.765
SPIN 4 12 8 5 -2.789 -0.608 -5.182
SPIN 4 12 8 6 0.550 1.443 5.711
SPIN 4 12 8 7 -4.058 2.110 -3.752
SPIN 4 12 8 8 -5.644 -1.764 -0.170
SPIN 4 12 8 9 2.103 -5.447 -0.951
SPIN 4 12 8 10 -0.029 2.630 5.299
SPIN 4 12 8 11 3.507 4.488 -1.600
SPIN 4 12 8 12 -4.173 3.288 2.604
SPIN 4 12 8 13 3.664 -3.549 -2.996
SPIN 4 12 8 14 -2.229 3.038 -4.561
SPIN 4 12 8 15 -2.683 -4.996 1.686
SPIN 1 12 9 0 0.370 -3.006 -5.082
SPIN 1 12 9 1 -3.240 -2.649 -4.182
SPIN 1 12 9 2 -2.473 5.199 -1.363
SPIN 1 12 9 3 5.125 -2.583 1.438
SPIN 1 12 9 4 2.440 -4.585 -2.832
SPIN 1 12 9 5 0.941 -5.542 -1.843
SPIN 1 12 9 6 -4.175 1.845 -3.764
SPIN 1 12 9 7 4.235 -1.145 -3.969
SPIN 1 12 9 8 0.042 0.017 5.916
SPIN 1 12 9 9 3.606 0.562 -4.656
SPIN 1 12 9 10 4.274 2.524 -3.220
SPIN 1 12 9 11 -1.986 -5.525 -0.729
SPIN 1 12 9 12 2.032 0.027 -5.556
SPIN 1 12 9 13 0.866 0.344 5.842
SPIN 1 12 9 14 -0.207 5.909 -0.214
SPIN 1 12 9 15 -5.093 -2.569 1.571
SPIN 4 12 9 0 0.382 -5.879 0.543
SPIN 4 12 9 1 -2.906 4.436 2.622
SPIN 4 12 9 2 -1.186 -3.431 -4.671
SPIN 4 12 9 3 4.207 4.011 1.105
SPIN 4 12 9 4 -3.637 4.278 -1.863
SPIN 4 12 9 5 1.269 -2.705 5.106
SPIN 4 12 9 6 -0.256 -5.312 -2.591
SPIN 4 12 9 7 -4.146 4.134 -0.851
SPIN 4 12 9 8 -3.615 3.341 -3.282
SPIN 4 12 9 9 3.835 -1.056 -4.380
SPIN 4 12 9 10 2.774 -2.114 4.779
SPIN 4 12 9 11 -0.091 3.302 -4.908
SPIN 4 12 9 12 4.458 -3.856 -0.511
SPIN 4 12 9 13 -4.296 1.549 -3.760
SPIN 4 12 9 14 3.874 1.099 -4.334
SPIN 4 12 9 15 0.286 -4.774 3.482
SPIN 1 12 10 0 -1.880 -3.234 -4.583
SPIN 1 12 10 1 5.815 1.086 0.081
SPIN 1 12 10 2 1.606 -5.043 2.643
SPIN 1 12 10 3 -0.199 1.322 -5.763
SPIN 1 12 10 4 -5.818 0.974 0.450
SPIN 1 12 10 5 0.525 -1.948 -5.561
SPIN 1 12 10 6 -1.166 3.490 -4.633
SPIN 1 12 10 7 2.515 -2.772 4.581
SPIN 1 12 10 8 4.681 -2.273 -2.814
SPIN 1 12 10 9 2.091 -1.721 5.260
SPIN 1 12 10 10 5.070 2.931 0.841
SPIN 1 12 10 11 -1.942 3.380 -4.450
SPIN 1 12 10 12 3.496 -0.946 4.678
SPIN 1 12 10 13 -5.773 0.067 -1.290
SPIN 1 12 10 14 5.447 -2.049 -1.064
SPIN 1 12 10 15 0.760 0.251 5.862
SPIN 4 12 10 0 -4.375 3.631 -1.637
SPIN 4 12 10 1 4.979 -3.071 0.884
SPIN 4 12 10 2 0.081 4.267 -4.097
SPIN 4 12 10 3 1.261 -5.147 2.629
SPIN 4 12 10 4 -4.727 2.085 -2.883
SPIN 4 12 10 5 -0.496 -4.511 3.795
SPIN 4 12 10 6 -0.300 5.853 0.809
SPIN 4 12 10 7 -4.773 -3.427 -0.689
SPIN 4 12 10 8 -4.361 -1.321 3.773
SPIN 4 12 10 9 -3.364 -2.964 -3.859
SPIN 4 12 10 10 -0.542 -3.008 -5.066
SPIN 4 12 10 11 -4.968 -1.541 2.818
SPIN 4 12 10 12 1.080 5.715 -1.083
SPIN 4 12 10 13 -5.119 2.698 1.230
SPIN 4 12 10 14 -3.263 4.410 -2.215
SPIN 4 12 10 15 5.300 -2.620 0.207
SPIN 1 12 11 0 0.833 1.876 5.549
SPIN 1 12 11 1 5.605 -1.532 -1.111
SPIN 1 12 11 2 0.466 4.702 3.559
SPIN 1 12 11 3 -0.729 -1.396 5.703
SPIN 1 12 11 4 2.109 -4.138 -3.665
SPIN 1 12 11 5 5.345 2.477 -0.546
SPIN 1 12 11 6 -1.997 0.600 -5.536
SPIN 1 12 11 7 2.718 -2.749 4.478
SPIN 1 12 11 8 0.273 -5.895 0.424
SPIN 1 12 11 9 -2.464 4.503 2.941
SPIN 1 12 11 10 1.809 5.595 0.652
SPIN 1 12 11 11 -3.983 -4.351 0.448
SPIN 1 12 11 12 0.039 5.914 0.160
SPIN 1 12 11 13 5.634 0.334 1.774
SPIN 1 12 11 14 2.354 -5.423 0.215
SPIN 1 12 11 15 -5.050 -2.411 -1.920
SPIN 4 12 11 0 -1.333 -5.631 1.233
SPIN 4 12 11 1 2.969 2.424 4.507
SPIN 4 12 11 2 -5.387 -0.406 2.411
SPIN 4 12 11 3 1.087 -5.092 -2.808
SPIN 4 12 11 4 2.367 2.495 4.814
SPIN 4 12 11 5 -0.423 5.899 0.139
SPIN 4 12 11 6 2.749 3.468 -3.926
SPIN 4 12 11 7 0.173 0.885 -5.847
SPIN 4 12 11 8 -5.322 1.553 -2.065
SPIN 4 12 11 9 -2.606 -2.558 4.655
SPIN 4 12 11 10 0.323 5.845 -0.853
SPIN 4 12 11 11 -1.426 5.467 -1.755
SPIN 4 12 11 12 2.384 -3.837 3.820
SPIN 4 12 11 13 -3.119 0.026 -5.027
SPIN 4 12 11 14 5.415 0.377 2.353
SPIN 4 12 11 15 -4.455 2.552 2.939
SPIN 1 12 12 0 -1.276 -5.768 -0.319
SPIN 1 12 12 1 2.273 3.615 -4.094
SPIN 1 12 12 2 -5.343 0.658 2.454
SPIN 1 12 12 3 5.498 2.152 -0.371
SPIN 1 12 12 4 5.040 -2.759 1.409
SPIN 1 12 12 5 -3.831 0.834 4.430
SPIN 1 12 12 6 0.396 -4.460 -3.867
SPIN 1 12 12 7 1.297 5.425 -1.972
SPIN 1 12 12 8 -4.053 -2.450 -3.546
SPIN 1 12 12 9 3.341 4.053 2.721
SPIN 1 12 12 10 2.243 5.346 -1.179
SPIN 1 12 12 11 0.318 0.010 5.908
SPIN 1 12 12 12 0.893 -2.185 -5.425
SPIN 1 12 12 13 2.229 3.694 4.048
SPIN 1 12 12 14 -5.285 2.419 1.103
SPIN 1 12 12 15 2.518 -1.640 -5.096
SPIN 4 12 12 0 1.402 3.587 4.491
SPIN 4 12 12 1 2.041 -2.782 -4.806
SPIN 4 12 12 2 1.136 -0.561 -5.779
SPIN 4 12 12 3 5.769 -0.084 1.308
SPIN 4 12 12 4 -5.330 -0.131 -2.563
SPIN 4 12 12 5 4.741 -2.350 -2.646
SPIN 4 12 12 6 -4.914 -3.073 1.186
SPIN 4 12 12 7 0.647 3.700 4.570
SPIN 4 12 12 8 2.395 5.126 1.728
SPIN 4 12 12 9 3.595 -2.383 -4.049
SPIN 4 12 12 10 -0.786 -1.883 5.553
SPIN 4 12 12 11 -5.786 0.280 -1.201
SPIN 4 12 12 12 2.639 -2.703 -4.552
SPIN 4 12 12 13 -3.925 1.335 4.221
SPIN 4 12 12 14 -0.593 1.972 5.546
SPIN 4 12 12 15 3.088 -4.065 2.990
SPIN 1 12 13 0 2.277 5.013 2.165
SPIN 1 12 13 1 -5.747 -0.649 1.244
SPIN 1 12 13 2 5.699 0.909 -1.304
SPIN 1 12 13 3 -5.004 -2.090 2.365
SPIN 1 12 13 4 1.967 5.326 -1.663
SPIN 1 12 13 5 1.161 -1.823 5.507
SPIN 1 12 13 6 -1.672 4.809 -3.012
SPIN 1 12 13 7 -2.637 -0.867 5.224
SPIN 1 12 13 8 0.189 5.451 -2.291
SPIN 1 12 13 9 -2.886 -2.883 -4.284
SPIN 1 12 13 10 -5.704 0.417 1.514
SPIN 1 12 13 11 5.325 1.526 2.076
SPIN 1 12 13 12 -2.189 2.663 -4.808
SPIN 1 12 13 13 -1.361 0.951 5.678
SPIN 1 12 13 14 5.709 -0.838 -1.305
SPIN 1 12 13 15 2.079 -5.117 2.121
SPIN 4 12 13 0 1.880 -5.404 1.504
SPIN 4 12 13 1 0.916 -2.026 5.482
SPIN 4 12 13 2 -5.526 -1.656 -1.311
SPIN 4 12 13 3 1.549 4.705 3.235
SPIN 4 12 13 4 5.478 2.178 -0.500
SPIN 4 12 13 5 3.311 4.265 -2.417
SPIN 4 12 13 6 2.751 -1.068 5.127
SPIN 4 12 13 7 2.349 -3.979 3.694
SPIN 4 12 13 8 5.620 -1.376 1.233
SPIN 4 12 13 9 1.480 3.761 -4.320
SPIN 4 12 13 10 -1.593 5.172 2.389
SPIN 4 12 13 11 -1.618 4.921 2.858
SPIN 4 12 13 12 1.928 -5.537 -0.792
SPIN 4 12 13 13 -2.537 4.351 -3.104
SPIN 4 12 13 14 -4.409 -1.553 -3.626
SPIN 4 12 13 15 -4.650 -1.357 3.397
SPIN 1 12 14 0 3.148 -4.234 2.678
SPIN 1 12 14 1 4.045 3.721 2.189
SPIN 1 12 14 2 -5.522 -1.662 1.320
SPIN 1 12 14 3 5.218 -2.260 1.634
SPIN 1 12 14 4 -2.781 -1.249 5.070
SPIN 1 12 14 5 2.773 4.781 -2.110
SPIN 1 12 14 6 -0.839 -5.454 2.132
SPIN 1 12 14 7 0.052 -3.563 -4.723
SPIN 1 12 14 8 5.212 -1.560 -2.324
SPIN 1 12 14 9 -3.579 2.354 -4.080
SPIN 1 12 14 10 1.856 -5.302 -1.856
SPIN 1 12 14 11 4.470 -3.492 -1.682
SPIN 1 12 14 12 2.697 2.601 4.578
SPIN 1 12 14 13 0.756 1.796 -5.586
SPIN 1 12 14 14 0.283 5.160 -2.880
SPIN 1 12 14 15 1.636 5.684 0.132
SPIN 4 12 14 0 -5.835 0.632 -0.746
SPIN 4 12 14 1 5.776 0.930 -0.882
SPIN 4 12 14 2 -0.537 -5.443 -2.256
SPIN 4 12 14 3 -5.895 0.494 -0.078
SPIN 4 12 14 4 5.562 0.161 -2.011
SPIN 4 12 14 5 -0.707 -5.866 -0.292
SPIN 4 12 14 6 2.094 5.115 2.110
SPIN 4 12 14 7 -5.170 2.384 1.608
SPIN 4 12 14 8 5.060 -0.022 3.065
SPIN 4 12 14 9 -0.555 2.164 5.478
SPIN 4 12 14 10 3.392 -4.652 -1.360
SPIN 4 12 14 11 -1.526 -2.440 -5.169
SPIN 4 12 14 12 3.127 -3.758 3.332
SPIN 4 12 14 13 -1.698 0.096 -5.666
SPIN 4 12 14 14 -4.111 0.020 4.254
SPIN 4 12 14 15 4.199 2.359 -3.436
SPIN 1 12 15 0 1.743 -0.670 -5.614
SPIN 1 12 15 1 -2.801 -5.199 0.361
SPIN 1 12 15 2 0.946 2.810 5.120
SPIN 1 12 15 3 -0.153 4.552 3.775
SPIN 1 12 15 4 0.411 1.205 -5.777
SPIN 1 12 15 5 -2.358 -4.577 -2.913
SPIN 1 12 15 6 -5.164 -2.886 -0.007
SPIN 1 12 15 7 5.168 -1.884 -2.177
SPIN 1 12 15 8 -1.047 3.218 -4.853
SPIN 1 12 15 9 2.861 -1.246 -5.026
SPIN 1 12 15 10 2.192 4.710 2.831
SPIN 1 12 15 11 -2.907 -1.336 4.977
SPIN 1 12 15 12 -5.866 0.639 -0.428
SPIN 1 12 15 13 3.296 -4.696 1.445
SPIN 1 12 15 14 4.457 -2.101 3.274
SPIN 1 12 15 15 -3.609 -3.300 -3.330
SPIN 4 12 15 0 -5.635 0.105 1.798
SPIN 4 12 15 1 1.674 2.199 -5.231
SPIN 4 12 15 2 -5.847 0.646 -0.628
SPIN 4 12 15 3 -4.126 4.080 1.154
SPIN 4 12 15 4 -2.347 -2.899 -4.593
SPIN 4 12 15 5 -3.070 -2.115 4.594
SPIN 4 12 15 6 -1.744 -4.136 3.853
SPIN 4 12 15 7 4.098 3.181 -2.844
SPIN 4 12 15 8 -4.330 -2.281 3.324
SPIN 4 12 15 9 -0.004 5.915 0.113
SPIN 4 12 15 10 -4.149 -1.569 -3.915
SPIN 4 12 15 11 3.004 2.828 -4.240
SPIN 4 12 15 12 -2.251 0.279 -5.464
SPIN 4 12 15 13 -3.771 3.986 -2.212
SPIN 4 12 15 14 0.752 4.258 -4.038
SPIN 4 12 15 15 -2.426 -4.197 3.392
SPIN 3 12 0 0 0.528 -1.045 -5.799
SPIN 3 12 0 1 0.459 4.340 3.994
SPIN 3 12 0 2 0.311 -5.639 -1.761
SPIN 3 12 0 3 -2.303 -3.338 4.307
SPIN 3 12 0 4 1.957 0.248 5.578
SPIN 3 12 0 5 0.376 -2.645 -5.278
SPIN 3 12 0 6 -4.611 2.845 2.376
SPIN 3 12 0 7 -1.400 -3.918 -4.206
SPIN 3 12 0 8 -5.234 -0.234 -2.747
SPIN 3 12 0 9 -1.791 5.622 -0.435
SPIN 3 12 0 10 1.578 1.373 5.534
SPIN 3 12 0 11 0.886 5.771 -0.955
SPIN 3 12 0 12 -4.449 3.536 -1.644
SPIN 3 12 0 13 -0.666 -5.150 2.835
SPIN 3 12 0 14 -2.591 2.308 -4.791
SPIN 3 12 0 15 -3.999 1.400 -4.128
SPIN 2 12 0 0 5.462 0.285 2.256
SPIN 2 12 0 1 4.572 -3.264 1.856
SPIN 2 12 0 2 -2.673 4.836 2.115
SPIN 2 12 0 3 -5.177 -0.778 2.756
SPIN 2 12 0 4 2.102 -4.039 -3.777
SPIN 2 12 0 5 -2.824 -3.855 3.488
SPIN 2 12 0 6 3.248 -3.721 3.257
SPIN 2 12 0 7 5.537 0.319 -2.060
SPIN 2 12 0 8 4.507 1.276 -3.614
SPIN 2 12 0 9 -3.549 -3.911 2.666
SPIN 2 12 0 10 0.289 -5.829 0.969
SPIN 2 12 0 11 -3.877 3.154 3.166
SPIN 2 12 0 12 2.386 4.784 2.534
SPIN 2 12 0 13 -0.395 5.839 -0.864
SPIN 2 12 0 14 5.252 -1.675 2.146
SPIN 2 12 0 15 -3.877 2.967 3.341
SPIN 3 12 1 0 -0.843 -5.309 -2.472
SPIN 3 12 1 1 -2.951 3.359 -3.875
SPIN 3 12 1 2 -4.567 -3.714 -0.586
SPIN 3 12 1 3 -0.638 5.303 2.544
SPIN 3 12 1 4 -3.065 1.636 -4.788
SPIN 3 12 1 5 -2.854 4.382 2.767
SPIN 3 12 1 6 -0.959 -4.908 -3.161
SPIN 3 12 1 7 0.868 -2.638 5.224
SPIN 3 12 1 8 2.977 2.078 -4.671
SPIN 3 12 1 9 3.432 3.981 -2.716
SPIN 3 12 1 10 -3.694 1.941 -4.194
SPIN 3 12 1 11 -2.839 -3.229 -4.064
SPIN 3 12 1 12 1.285 5.315 -2.258
SPIN 3 12 1 13 -5.220 -2.717 0.609
SPIN 3 12 1 14 -1.406 -4.011 -4.115
SPIN 3 12 1 15 2.503 -1.202 -5.224
SPIN 2 12 1 0 -0.636 -4.395 3.908
SPIN 2 12 1 1 -2.050 5.342 1.505
SPIN 2 12 1 2 -1.930 -4.997 -2.510
SPIN 2 12 1 3 2.671 -5.271 -0.287
SPIN 2 12 1 4 -2.638 -3.912 3.568
SPIN 2 12 1 5 1.332 5.571 -1.481
SPIN 2 12 1 6 -4.717 2.379 -2.664
SPIN 2 12 1 7 2.492 -5.288 0.911
SPIN 2 12 1 8 -5.581 1.459 1.313
SPIN 2 12 1 9 0.153 1.869 5.611
SPIN 2 12 1 10 -5.220 -2.702 -0.672
SPIN 2 12 1 11 5.524 -1.724 1.230
SPIN 2 12 1 12 -4.924 -0.849 -3.167
SPIN 2 12 1 13 4.980 -0.431 3.164
SPIN 2 12 1 14 4.608 3.370 1.552
SPIN 2 12 1 15 2.144 -5.416 -1.032
SPIN 3 12 2 0 -5.182 -2.855 -0.019
SPIN 3 12 2 1 -0.375 3.698 4.603
SPIN 3 12 2 2 2.892 2.294 -4.623
SPIN 3 12 2 3 -4.256 -3.891 1.321
SPIN 3 12 2 4 -0.559 -3.923 4.393
SPIN 3 12 2 5 -0.304 -5.584 -1.931
SPIN 3 12 2 6 0.836 2.908 5.084
SPIN 3 12 2 7 1.226 -3.591 -4.539
SPIN 3 12 2 8 4.365 -0.246 -3.986
SPIN 3 12 2 9 0.428 5.643 1.724
SPIN 3 12 2 10 -3.270 3.809 -3.131
SPIN 3 12 2 11 3.496 -2.848 3.830
SPIN 3 12 2 12 0.308 4.777 -3.476
SPIN 3 12 2 13 5.898 -0.217 -0.403
SPIN 3 12 2 14 0.290 -2.983 5.101
SPIN 3 12 2 15 -1.559 5.583 -1.186
SPIN 2 12 2 0 1.145 -5.606 1.505
SPIN 2 12 2 1 5.486 -2.177 0.398
SPIN 2 12 2 2 1.865 3.580 -4.325
SPIN 2 12 2 3 -3.467 -4.751 0.633
SPIN 2 12 2 4 5.611 0.144 -1.871
SPIN 2 12 2 5 2.340 -2.574 4.785
SPIN 2 12 2 6 -2.354 5.294 -1.194
SPIN 2 12 2 7 5.795 0.711 0.957
SPIN 2 12 2 8 -3.001 2.881 -4.207
SPIN 2 12 2 9 2.754 5.204 0.577
SPIN 2 12 2 10 1.757 4.654 -3.202
SPIN 2 12 2 11 -0.163 5.443 -2.312
SPIN 2 12 2 12 -4.750 -2.667 2.307
SPIN 2 12 2 13 -3.999 -4.144 -1.357
SPIN 2 12 2 14 -2.147 -0.015 5.513
SPIN 2 12 2 15 1.158 1.345 -5.644
SPIN 3 12 3 0 -4.699 3.304 1.417
SPIN 3 12 3 1 3.839 -3.864 -2.310
SPIN 3 12 3 2 2.292 5.422 0.593
SPIN 3 12 3 3 3.388 0.382 -4.835
SPIN 3 12 3 4 -1.990 2.127 5.149
SPIN 3 12 3 5 1.850 5.466 -1.304
SPIN 3 12 3 6 -5.434 2.317 -0.329
SPIN 3 12 3 7 -0.375 -1.108 -5.799
SPIN 3 12 3 8 3.182 1.322 4.809
SPIN 3 12 3 9 -5.017 -1.179 2.906
SPIN 3 12 3 10 3.721 -3.326 -3.177
SPIN 3 12 3 11 -0.146 3.436 4.814
SPIN 3 12 3 12 -0.681 -5.857 0.486
SPIN 3 12 3 13 -5.346 1.246 -2.208
SPIN 3 12 3 14 1.754 -3.087 -4.732
SPIN 3 12 3 15 2.755 -1.659 4.965
SPIN 2 12 3 0 4.882 -1.050 3.173
SPIN 2 12 3 1 0.934 4.806 -3.321
SPIN 2 12 3 2 -0.473 -5.421 2.321
SPIN 2 12 3 3 5.848 -0.752 0.491
SPIN 2 12 3 4 0.185 4.718 -3.565
SPIN 2 12 3 5 -2.992 -5.073 -0.563
SPIN 2 12 3 6 -3.399 -0.813 -4.773
SPIN 2 12 3 7 -5.036 0.447 3.072
SPIN 2 12 3 8 2.647 -5.289 -0.151
SPIN 2 12 3 9 -2.881 -3.280 -3.993
SPIN 2 12 3 10 1.011 5.824 0.237
SPIN 2 12 3 11 -0.912 5.834 0.372
SPIN 2 12 3 12 2.092 1.375 -5.360
SPIN 2 12 3 13 -0.744 0.546 5.844
SPIN 2 12 3 14 3.444 1.334 -4.622
SPIN 2 12 3 15 -5.418 0.066 -2.374
SPIN 3 12 4 0 -3.263 -3.372 3.603
SPIN 3 12 4 1 -3.463 -4.441 1.812
SPIN 3 12 4 2 1.948 -5.086 -2.310
SPIN 3 12 4 3 -1.131 5.738 0.895
SPIN 3 12 4 4 -0.236 -0.796 5.858
SPIN 3 12 4 5 1.080 -4.105 -4.121
SPIN 3 12 4 6 0.183 5.708 1.544
SPIN 3 12 4 7 1.440 -2.066 5.353
SPIN 3 12 4 8 -4.637 3.672 0.103
SPIN 3 12 4 9 3.769 -3.867 -2.417
SPIN 3 12 4 10 -5.805 0.964 -0.613
SPIN 3 12 4 11 -1.251 -5.168 -2.594
SPIN 3 12 4 12 2.262 0.069 5.466
SPIN 3 12 4 13 -5.708 -1.533 0.273
SPIN 3 12 4 14 0.625 4.050 4.267
SPIN 3 12 4 15 0.718 -4.388 -3.903
SPIN 2 12 4 0 1.790 -2.015 5.266
SPIN 2 12 4 1 4.184 2.797 -3.109
SPIN 2 12 4 2 -5.309 -2.323 1.188
SPIN 2 12 4 3 -0.044 5.898 0.455
SPIN 2 12 4 4 -5.808 -1.019 0.477
SPIN 2 12 4 5 -2.718 3.881 -3.542
SPIN 2 12 4 6 2.200 2.706 4.779
SPIN 2 12 4 7 5.336 2.001 -1.589
SPIN 2 12 4 8 -5.430 -2.262 0.627
SPIN 2 12 4 9 5.399 2.257 0.873
SPIN 2 12 4 10 1.202 -5.787 -0.250
SPIN 2 12 4 11 -3.869 1.483 -4.223
SPIN 2 12 4 12 -5.572 1.923 0.503
SPIN 2 12 4 13 -5.081 0.865 -2.904
SPIN 2 12 4 14 0.326 -3.702 -4.603
SPIN 2 12 4 15 -3.994 -1.250 -4.181
SPIN 3 12 5 0 4.866 2.777 -1.901
SPIN 3 12 5 1 -5.618 -1.413 1.198
SPIN 3 12 5 2 4.531 -1.564 -3.467
SPIN 3 12 5 3 5.199 0.974 -2.650
SPIN 3 12 5 4 -2.977 3.016 4.128
SPIN 3 12 5 5 3.234 -4.871 -0.901
SPIN 3 12 5 6 -2.505 0.189 -5.356
SPIN 3 12 5 7 -2.183 -2.017 -5.116
SPIN 3 12 5 8 5.719 1.438 -0.471
SPIN 3 12 5 9 -4.540 2.002 3.222
SPIN 3 12 5 10 -0.646 -1.197 -5.758
SPIN 3 12 5 11 -1.051 5.600 1.593
SPIN 3 12 5 12 -2.928 5.136 -0.216
SPIN 3 12 5 13 2.531 -4.865 -2.219
SPIN 3 12 5 14 -0.198 5.454 2.285
SPIN 3 12 5 15 1.210 1.415 5.615
SPIN 2 12 5 0 -3.646 -3.070 -3.505
SPIN 2 12 5 1 -0.335 4.908 3.285
SPIN 2 12 5 2 5.687 1.233 -1.066
SPIN 2 12 5 3 5.250 -2.619 -0.760
SPIN 2 12 5 4 2.584 -0.265 5.315
SPIN 2 12 5 5 -1.197 3.211 4.822
SPIN 2 12 5 6 -2.034 -5.338 1.539
SPIN 2 12 5 7 4.019 3.529 -2.529
SPIN 2 12 5 8 5.423 -2.066 1.150
SPIN 2 12 5 9 -1.311 4.388 3.746
SPIN 2 12 5 10 0.318 2.163 5.497
SPIN 2 12 5 11 2.956 4.626 2.204
SPIN 2 12 5 12 -1.783 0.786 5.586
SPIN 2 12 5 13 5.338 -2.186 1.315
SPIN 2 12 5 14 -1.937 -0.938 5.511
SPIN 2 12 5 15 0.262 -0.048 5.910
SPIN 3 12 6 0 -5.398 1.248 2.075
SPIN 3 12 6 1 0.255 4.367 -3.983
SPIN 3 12 6 2 -1.544 -2.365 5.198
SPIN 3 12 6 3 -3.931 0.819 4.344
SPIN 3 12 6 4 -0.813 -5.858 0.140
SPIN 3 12 6 5 1.143 3.471 4.653
SPIN 3 12 6 6 3.692 -0.340 4.610
SPIN 3 12 6 7 0.156 4.541 3.788
SPIN 3 12 6 8 -1.297 -5.598 -1.408
SPIN 3 12 6 9 -3.321 -4.888 -0.279
SPIN 3 12 6 10 -1.161 -1.099 5.696
SPIN 3 12 6 11 -2.741 -4.549 -2.606
SPIN 3 12 6 12 -1.175 1.762 -5.524
SPIN 3 12 6 13 2.829 0.729 5.144
SPIN 3 12 6 14 0.518 -0.825 -5.835
SPIN 3 12 6 15 -1.980 1.355 -5.408
SPIN 2 12 6 0 4.868 -1.241 -3.125
SPIN 2 12 6 1 -0.989 -5.699 1.243
SPIN 2 12 6 2 -2.741 -0.698 5.196
SPIN 2 12 6 3 3.953 -2.653 3.512
SPIN 2 12 6 4 -3.538 4.574 -1.248
SPIN 2 12 6 5 -0.825 -5.810 -0.753
SPIN 2 12 6 6 -1.106 5.134 2.724
SPIN 2 12 6 7 4.072 -1.945 3.825
SPIN 2 12 6 8 1.148 -3.126 -4.890
SPIN 2 12 6 9 -1.010 3.122 -4.922
SPIN 2 12 6 10 3.387 1.425 4.637
SPIN 2 12 6 11 -3.527 3.204 3.506
SPIN 2 12 6 12 -2.130 -5.315 -1.486
SPIN 2 12 6 13 -1.399 2.021 5.381
SPIN 2 12 6 14 5.844 -0.915 -0.075
SPIN 2 12 6 15 -4.759 3.045 1.756
SPIN 3 12 7 0 1.443 2.824 -4.994
SPIN 3 12 7 1 0.308 -3.560 4.715
SPIN 3 12 7 2 1.610 4.528 -3.451
SPIN 3 12 7 3 -4.167 -0.970 -4.086
SPIN 3 12 7 4 4.292 -3.248 2.455
SPIN 3 12 7 5 -5.475 -2.003 -1.006
SPIN 3 12 7 6 -3.746 2.411 -3.893
SPIN 3 12 7 7 -3.237 -4.778 -1.300
SPIN 3 12 7 8 -3.158 2.570 4.292
SPIN 3 12 7 9 -2.747 4.642 -2.430
SPIN 3 12 7 10 -4.107 2.133 3.686
SPIN 3 12 7 11 3.526 2.372 -4.116
SPIN 3 12 7 12 1.812 3.105 4.698
SPIN 3 12 7 13 -4.815 -2.409 2.453
SPIN 3 12 7 14 -2.099 -4.201 -3.598
SPIN 3 12 7 15 4.106 4.083 1.215
SPIN 2 12 7 0 -2.970 1.467 -4.902
SPIN 2 12 7 1 4.349 2.974 -2.690
SPIN 2 12 7 2 4.701 1.010 -3.447
SPIN 2 12 7 3 -4.178 2.271 -3.519
SPIN 2 12 7 4 5.132 -2.929 -0.301
SPIN 2 12 7 5 1.330 4.352 -3.781
SPIN 2 12 7 6 -1.402 -5.613 1.237
SPIN 2 12 7 7 -5.242 2.742 -0.030
SPIN 2 12 7 8 0.710 -2.121 5.477
SPIN 2 12 7 9 4.610 3.069 2.081
SPIN 2 12 7 10 -4.320 -1.379 -3.799
SPIN 2 12 7 11 -0.428 -5.494 -2.152
SPIN 2 12 7 12 -1.318 -5.542 1.597
SPIN 2 12 7 13 -1.860 5.151 -2.238
SPIN 2 12 7 14 3.108 -4.480 2.296
SPIN 2 12 7 15 3.386 -4.823 0.525
SPIN 3 12 8 0 0.451 0.565 5.872
SPIN 3 12 8 1 -5.682 -0.524 -1.561
SPIN 3 12 8 2 -2.313 4.066 -3.622
SPIN 3 12 8 3 -3.552 -3.780 2.845
SPIN 3 12 8 4 1.305 5.457 1.875
SPIN 3 12 8 5 2.234 -3.005 4.580
SPIN 3 12 8 6 -5.418 -2.323 0.500
SPIN 3 12 8 7 -0.285 5.247 -2.717
SPIN 3 12 8 8 0.032 0.825 5.858
SPIN 3 12 8 9 -5.483 -2.072 0.803
SPIN 3 12 8 10 -1.017 5.467 -2.019
SPIN 3 12 8 11 -3.771 -2.540 3.785
SPIN 3 12 8 12 4.433 1.789 -3.485
SPIN 3 12 8 13 4.651 -3.410 -1.321
SPIN 3 12 8 14 3.784 4.534 0.356
SPIN 3 12 8 15 -5.262 2.698 0.168
SPIN 2 12 8 0 -4.592 3.658 0.729
SPIN 2 12 8 1 5.871 0.265 -0.677
SPIN 2 12 8 2 2.810 -1.739 -4.907
SPIN 2 12 8 3 3.735 -4.033 2.187
SPIN 2 12 8 4 -1.529 3.392 4.599
SPIN 2 12 8 5 5.471 0.892 2.067
SPIN 2 12 8 6 1.849 5.554 0.854
SPIN 2 12 8 7 -4.390 1.425 3.701
SPIN 2 12 8 8 -0.621 5.202 2.749
SPIN 2 12 8 9 0.153 -2.129 -5.517
SPIN 2 12 8 10 0.277 -5.235 -2.742
SPIN 2 12 8 11 5.197 1.628 -2.311
SPIN 2 12 8 12 1.901 3.241 4.569
SPIN 2 12 8 13 -5.299 2.578 -0.525
SPIN 2 12 8 14 1.789 -4.100 -3.872
SPIN 2 12 8 15 2.792 5.201 -0.389
SPIN 3 12 9 0 3.523 -2.376 -4.116
SPIN 3 12 9 1 -5.403 -0.797 -2.274
SPIN 3 12 9 2 -1.002 3.332 4.785
SPIN 3 12 9 3 -2.943 2.528 -4.466
SPIN 3 12 9 4 -1.365 5.629 1.205
SPIN 3 12 9 5 -4.565 -0.298 3.751
SPIN 3 12 9 6 4.129 -3.741 1.990
SPIN 3 12 9 7 -3.867 4.467 -0.292
SPIN 3 12 9 8 0.027 -5.813 -1.098
SPIN 3 12 9 9 5.866 -0.611 0.467
SPIN 3 12 9 10 0.503 2.010 5.541
SPIN 3 12 9 11 -0.395 -5.605 1.852
SPIN 3 12 9 12 -3.976 -3.921 1.955
SPIN 3 12 9 13 5.526 1.745 -1.189
SPIN 3 12 9 14 3.022 -1.845 4.740
SPIN 3 12 9 15 -2.242 0.734 -5.425
SPIN 2 12 9 0 4.289 -3.983 0.860
SPIN 2 12 9 1 -1.369 5.617 -1.253
SPIN 2 12 9 2 5.342 1.390 -2.129
SPIN 2 12 9 3 1.811 4.581 3.276
SPIN 2 12 9 4 2.507 1.402 -5.172
SPIN 2 12 9 5 -3.521 -2.279 4.172
SPIN 2 12 9 6 1.028 1.295 5.680
SPIN 2 12 9 7 5.265 -0.875 -2.552
SPIN 2 12 9 8 1.990 -3.780 4.093
SPIN 2 12 9 9 -5.736 1.446 -0.050
SPIN 2 12 9 10 0.928 -1.305 5.695
SPIN 2 12 9 11 -2.221 0.647 -5.445
SPIN 2 12 9 12 -0.054 5.827 1.023
SPIN 2 12 9 13 5.181 -2.718 0.876
SPIN 2 12 9 14 2.001 2.045 5.178
SPIN 2 12 9 15 0.248 -4.886 3.326
SPIN 3 12 10 0 -3.148 2.053 -4.569
SPIN 3 12 10 1 -1.676 -4.310 3.690
SPIN 3 12 10 2 2.923 -3.749 -3.521
SPIN 3 12 10 3 -1.988 -1.523 5.360
SPIN 3 12 10 4 5.135 2.390 -1.709
SPIN 3 12 10 5 -3.028 -0.020 -5.083
SPIN 3 12 10 6 2.824 2.559 4.525
SPIN 3 12 10 7 -2.649 0.189 -5.286
SPIN 3 12 10 8 -3.528 -4.074 2.440
SPIN 3 12 10 9 1.958 -3.213 -4.565
SPIN 3 12 10 10 2.246 -5.320 -1.287
SPIN 3 12 10 11 -1.757 5.386 1.705
SPIN 3 12 10 12 1.233 -0.818 5.728
SPIN 3 12 10 13 3.696 -3.015 3.500
SPIN 3 12 10 14 2.951 4.374 -2.676
SPIN 3 12 10 15 -4.029 -0.512 4.301
SPIN 2 12 10 0 0.582 5.213 2.737
SPIN 2 12 10 1 5.304 2.561 -0.560
SPIN 2 12 10 2 -3.013 -3.796 3.393
SPIN 2 12 10 3 -3.991 2.425 3.632
SPIN 2 12 10 4 5.355 -1.285 -2.161
SPIN 2 12 10 5 -0.989 5.664 -1.392
SPIN 2 12 10 6 -3.157 -2.486 -4.342
SPIN 2 12 10 7 4.876 -1.824 2.810
SPIN 2 12 10 8 0.301 3.032 -5.071
SPIN 2 12 10 9 1.335 -5.426 -1.942
SPIN 2 12 10 10 -2.919 -4.246 -2.906
SPIN 2 12 10 11 2.893 0.946 5.073
SPIN 2 12 10 12 -1.480 -0.067 -5.728
SPIN 2 12 10 13 -0.589 5.885 0.152
SPIN 2 12 10 14 -0.227 -4.255 -4.104
SPIN 2 12 10 15 2.277 -2.250 4.975
SPIN 3 12 11 0 -2.953 -2.830 4.274
SPIN 3 12 11 1 5.772 -1.201 -0.489
SPIN 3 12 11 2 -1.497 -5.473 -1.674
SPIN 3 12 11 3 0.933 -2.247 5.393
SPIN 3 12 11 4 -3.363 3.743 3.112
SPIN 3 12 11 5 -5.051 2.406 -1.923
SPIN 3 12 11 6 -4.255 2.561 -3.216
SPIN 3 12 11 7 -2.438 -4.465 -3.020
SPIN 3 12 11 8 4.185 -2.591 3.282
SPIN 3 12 11 9 -0.847 4.640 -3.571
SPIN 3 12 11 10 5.548 -1.887 0.812
SPIN 3 12 11 11 -1.840 4.281 3.645
SPIN 3 12 11 12 0.028 -2.513 -5.356
SPIN 3 12 11 13 5.843 -0.890 0.252
SPIN 3 12 11 14 1.829 2.332 -5.120
SPIN 3 12 11 15 -1.228 4.220 -3.960
SPIN 2 12 11 0 2.377 -5.206 -1.500
SPIN 2 12 11 1 -2.440 -1.742 -5.100
SPIN 2 12 11 2 -0.495 0.678 -5.856
SPIN 2 12 11 3 -0.019 -3.296 4.913
SPIN 2 12 11 4 1.570 5.703 -0.129
SPIN 2 12 11 5 -4.828 -3.234 1.112
SPIN 2 12 11 6 4.252 2.690 3.113
SPIN 2 12 11 7 -0.431 -5.875 0.544
SPIN 2 12 11 8 2.447 5.250 -1.207
SPIN 2 12 11 9 2.858 -2.377 -4.603
SPIN 2 12 11 10 1.448 4.571 3.465
SPIN 2 12 11 11 -2.095 -4.821 -2.714
SPIN 2 12 11 12 1.882 -1.101 -5.500
SPIN 2 12 11 13 -1.892 -4.211 3.700
SPIN 2 12 11 14 -2.765 -4.734 -2.223
SPIN 2 12 11 15 3.432 4.593 1.458
SPIN 3 12 12 0 -0.646 5.301 2.547
SPIN 3 12 12 1 5.185 -1.059 2.645
SPIN 3 12 12 2 -0.329 -4.179 4.175
SPIN 3 12 12 3 1.577 -0.964 -5.620
SPIN 3 12 12 4 -3.514 -3.505 -3.219
SPIN 3 12 12 5 4.427 -3.394 1.971
SPIN 3 12 12 6 1.865 5.254 -1.978
SPIN 3 12 12 7 0.414 -5.874 0.573
SPIN 3 12 12 8 -0.400 4.829 3.394
SPIN 3 12 12 9 -1.114 -4.687 -3.433
SPIN 3 12 12 10 -1.298 1.433 5.591
SPIN 3 12 12 11 4.520 2.179 -3.134
SPIN 3 12 12 12 -5.189 -2.764 0.662
SPIN 3 12 12 13 -4.728 -1.890 -3.012
SPIN 3 12 12 14 -3.208 -0.601 -4.934
SPIN 3 12 12 15 -2.127 -5.025 -2.287
SPIN 2 12 12 0 3.864 -3.335 -2.991
SPIN 2 12 12 1 -1.176 -4.504 3.651
SPIN 2 12 12 2 -0.179 -0.242 5.908
SPIN 2 12 12 3 1.721 0.393 5.646
SPIN 2 12 12 4 -2.379 2.497 4.807
SPIN 2 12 12 5 5.106 1.999 -2.221
SPIN 2 12 12 6 -5.186 -2.686 0.944
SPIN 2 12 12 7 5.420 -2.347 -0.329
SPIN 2 12 12 8 -5.506 -0.453 -2.116
SPIN 2 12 12 9 4.980 -1.124 -2.990
SPIN 2 12 12 10 -5.088 -1.893 2.350
SPIN 2 12 12 11 1.233 5.207 2.524
SPIN 2 12 12 12 -0.883 -0.935 5.775
SPIN 2 12 12 13 -2.099 3.907 -3.915
SPIN 2 12 12 14 5.481 1.112 1.929
SPIN 2 12 12 15 -2.155 4.561 3.091
SPIN 3 12 13 0 -5.808 0.277 1.089
SPIN 3 12 13 1 4.562 3.741 0.442
SPIN 3 12 13 2 4.400 -0.379 -3.936
SPIN 3 12 13 3 4.491 -2.581 2.859
SPIN 3 12 13 4 -0.770 2.288 5.401
SPIN 3 12 13 5 -0.801 2.518 -5.293
SPIN 3 12 13 6 -2.936 -2.479 -4.499
SPIN 3 12 13 7 4.397 3.419 -1.995
SPIN 3 12 13 8 -4.168 4.138 -0.709
SPIN 3 12 13 9 1.292 1.105 5.666
SPIN 3 12 13 10 -2.434 -0.318 5.383
SPIN 3 12 13 11 3.267 -2.592 4.196
SPIN 3 12 13 12 -2.360 -0.857 5.357
SPIN 3 12 13 13 5.809 0.153 -1.108
SPIN 3 12 13 14 -2.113 5.002 -2.348
SPIN 3 12 13 15 0.837 0.556 5.830
SPIN 2 12 13 0 3.209 2.870 -4.058
SPIN 2 12 13 1 -1.767 -0.757 -5.595
SPIN 2 12 13 2 1.888 2.253 5.134
SPIN 2 12 13 3 -4.970 1.339 2.917
SPIN 2 12 13 4 -5.241 2.414 1.305
SPIN 2 12 13 5 -4.761 3.458 -0.612
SPIN 2 12 13 6 5.207 -2.556 -1.166
SPIN 2 12 13 7 -5.131 -2.634 -1.317
SPIN 2 12 13 8 -2.490 0.535 -5.340
SPIN 2 12 13 9 2.017 -4.880 2.668
SPIN 2 12 13 10 -0.323 1.520 -5.708
SPIN 2 12 13 11 -4.897 -1.918 2.710
SPIN 2 12 13 12 3.468 -0.815 4.723
SPIN 2 12 13 13 3.901 2.218 3.855
SPIN 2 12 13 14 -2.835 0.144 -5.191
SPIN 2 12 13 15 -4.137 -4.210 -0.397
SPIN 3 12 14 0 -3.409 -4.670 -1.254
SPIN 3 12 14 1 -0.188 0.519 5.890
SPIN 3 12 14 2 -3.301 -3.811 -3.095
SPIN 3 12 14 3 4.005 -4.176 -1.234
SPIN 3 12 14 4 -2.532 -5.312 -0.610
SPIN 3 12 14 5 0.882 -5.850 0.023
SPIN 3 12 14 6 1.101 1.239 -5.679
SPIN 3 12 14 7 3.171 4.056 2.915
SPIN 3 12 14 8 -2.578 -1.833 -5.000
SPIN 3 12 14 9 1.636 1.024 -5.592
SPIN 3 12 14 10 2.659 1.701 5.003
SPIN 3 12 14 11 4.822 -3.040 -1.585
SPIN 3 12 14 12 -1.911 5.141 2.218
SPIN 3 12 14 13 2.715 -2.147 4.798
SPIN 3 12 14 14 5.621 1.472 1.113
SPIN 3 12 14 15 -4.249 -0.689 4.058
SPIN 2 12 14 0 2.577 -5.216 -1.073
SPIN 2 12 14 1 1.261 5.694 -0.996
SPIN 2 12 14 2 -2.919 5.145 -0.079
SPIN 2 12 14 3 -0.229 -5.886 0.548
SPIN 2 12 14 4 -3.381 -2.813 -3.957
SPIN 2 12 14 5 4.122 3.712 2.056
SPIN 2 12 14 6 1.623 -0.926 -5.613
SPIN 2 12 14 7 1.110 -4.277 3.933
SPIN 2 12 14 8 -3.172 -1.902 4.617
SPIN 2 12 14 9 -3.841 -1.527 4.233
SPIN 2 12 14 10 3.299 -3.846 3.054
SPIN 2 12 14 11 -5.146 -2.889 -0.411
SPIN 2 12 14 12 0.496 -3.638 -4.639
SPIN 2 12 14 13 -1.574 -5.531 -1.388
SPIN 2 12 14 14 1.240 -2.155 -5.368
SPIN 2 12 14 15 5.684 1.553 -0.535
SPIN 3 12 15 0 4.916 1.845 2.726
SPIN 3 12 15 1 -5.539 1.588 -1.340
SPIN 3 12 15 2 3.226 -0.177 4.956
SPIN 3 12 15 3 -4.454 -3.819 0.758
SPIN 3 12 15 4 -2.790 4.627 2.409
SPIN 3 12 15 5 1.224 5.702 -0.994
SPIN 3 12 15 6 3.608 2.113 4.185
SPIN 3 12 15 7 0.045 2.931 -5.139
SPIN 3 12 15 8 -0.110 -2.442 5.387
SPIN 3 12 15 9 4.608 -3.484 -1.274
SPIN 3 12 15 10 -5.076 -2.183 2.114
SPIN 3 12 15 11 5.677 0.483 1.592
SPIN 3 12 15 12 5.703 -1.287 -0.904
SPIN 3 12 15 13 2.640 5.155 -1.207
SPIN 3 12 15 14 0.705 -5.824 0.766
SPIN 3 12 15 15 3.584 4.376 -1.733
SPIN 2 12 15 0 -2.241 5.475 0.062
SPIN 2 12 15 1 -3.983 -4.369 0.212
SPIN 2 12 15 2 -0.879 -0.293 -5.843
SPIN 2 12 15 3 3.314 1.862 4.533
SPIN 2 12 15 4 5.036 -3.093 -0.268
SPIN 2 12 15 5 1.700 5.556 -1.117
SPIN 2 12 15 6 -2.384 -0.489 5.392
SPIN 2 12 15 7 -0.055 2.220 -5.484
SPIN 2 12 15 8 1.091 4.535 3.639
SPIN 2 12 15 9 0.614 -5.832 -0.779
SPIN 2 12 15 10 -5.172 1.192 -2.613
SPIN 2 12 15 11 4.249 1.099 3.967
SPIN 2 12 15 12 -2.618 3.828 3.673
SPIN 2 12 15 13 5.874 -0.595 0.378
SPIN 2 12 15 14 -1.801 5.590 0.713
SPIN 2 12 15 15 -0.803 -5.593 1.753
SPIN 1 13 0 0 2.598 -5.220 1.004
SPIN 1 13 0 1 -5.252 1.771 2.070
SPIN 1 13 0 2 -1.091 -5.290 -2.413
SPIN 1 13 0 3 4.851 2.755 -1.969
SPIN 1 13 0 4 -4.079 -0.572 -4.247
SPIN 1 13 0 5 -4.998 3.124 0.516
SPIN 1 13 0 6 0.389 -5.525 -2.079
SPIN 1 13 0 7 5.837 0.403 0.877
SPIN 1 13 0 8 2.541 -1.729 -5.055
SPIN 1 13 0 9 -4.726 1.175 3.360
SPIN 1 13 0 10 3.949 3.398 -2.802
SPIN 1 13 0 11 0.658 -4.953 3.168
SPIN 1 13 0 12 2.589 -4.358 -3.051
SPIN 1 13 0 13 3.668 0.003 4.642
SPIN 1 13 0 14 5.591 -0.085 -1.933
SPIN 1 13 0 15 1.308 3.625 4.489
SPIN 4 13 0 0 -1.684 -5.621 0.754
SPIN 4 13 0 1 -1.662 5.588 1.007
SPIN 4 13 0 2 -0.335 1.210 -5.781
SPIN 4 13 0 3 -2.218 5.213 1.706
SPIN 4 13 0 4 -4.837 -3.011 1.594
SPIN 4 13 0 5 4.887 1.598 2.926
SPIN 4 13 0 6 -0.849 3.936 -4.335
SPIN 4 13 0 7 -3.011 -4.926 1.290
SPIN 4 13 0 8 1.678 5.558 -1.136
SPIN 4 13 0 9 -3.499 -2.371 4.140
SPIN 4 13 0 10 1.356 -5.758 -0.052
SPIN 4 13 0 11 -1.883 5.056 -2.427
SPIN 4 13 0 12 2.515 -3.538 4.020
SPIN 4 13 0 13 -5.434 -1.373 -1.892
SPIN 4 13 0 14 -0.440 1.428 -5.724
SPIN 4 13 0 15 -0.473 -3.904 4.420
SPIN 1 13 1 0 -4.236 2.586 3.220
SPIN 1 13 1 1 3.336 -4.725 1.241
SPIN 1 13 1 2 1.330 2.069 5.381
SPIN 1 13 1 3 1.673 -3.934 4.090
SPIN 1 13 1 4 5.096 -0.447 2.972
SPIN 1 13 1 5 2.311 4.732 2.696
SPIN 1 13 1 6 -5.726 -0.530 1.390
SPIN 1 13 1 7 0.729 3.982 -4.314
SPIN 1 13 1 8 -5.704 1.110 -1.110
SPIN 1 13 1 9 4.111 4.187 -0.753
SPIN 1 13 1 10 -3.220 4.811 1.217
SPIN 1 13 1 11 -1.115 5.673 -1.255
SPIN 1 13 1 12 -2.258 -5.275 -1.441
SPIN 1 13 1 13 -5.373 -2.164 1.202
SPIN 1 13 1 14 -2.849 3.898 3.419
SPIN 1 13 1 15 -0.893 5.806 0.703
SPIN 4 13 1 0 0.823 5.772 1.002
SPIN 4 13 1 1 -1.102 0.324 -5.804
SPIN 4 13 1 2 -0.211 2.324 5.436
SPIN 4 13 1 3 -1.928 -3.514 -4.351
SPIN 4 13 1 4 3.841 -4.469 0.526
SPIN 4 13 1 5 4.395 -3.691 -1.435
SPIN 4 13 1 6 -3.458 4.761 0.611
SPIN 4 13 1 7 5.164 2.716 -0.975
SPIN 4 13 1 8 3.343 1.500 -4.645
SPIN 4 13 1 9 -0.754 -5.353 -2.403
SPIN 4 13 1 10 -1.630 5.433 -1.679
SPIN 4 13 1 11 2.953 1.082 5.011
SPIN 4 13 1 12 -3.959 2.794 -3.394
SPIN 4 13 1 13 5.030 1.477 -2.743
SPIN 4 13 1 14 3.321 -3.447 3.476
SPIN 4 13 1 15 -1.464 -5.409 -1.898
SPIN 1 13 2 0 -2.100 5.489 0.679
SPIN 1 13 2 1 -4.472 -1.104 -3.713
SPIN 1 13 2 2 -3.365 3.279 -3.595
SPIN 1 13 2 3 4.669 2.756 -2.368
SPIN 1 13 2 4 5.319 -0.271 2.575
SPIN 1 13 2 5 -3.501 -4.339 -1.980
SPIN 1 13 2 6 0.922 0.851 -5.781
SPIN 1 13 2 7 -5.593 -0.685 1.801
SPIN 1 13 2 8 -0.870 4.055 4.219
SPIN 1 13 2 9 -4.649 -3.093 1.954
SPIN 1 13 2 10 4.687 -0.832 3.513
SPIN 1 13 2 11 -2.380 -5.103 1.817
SPIN 1 13 2 12 -5.213 2.758 -0.464
SPIN 1 13 2 13 3.820 -0.441 -4.496
SPIN 1 13 2 14 -4.182 1.126 -4.030
SPIN 1 13 2 15 5.739 0.752 1.225
SPIN 4 13 2 0 0.628 -0.239 -5.878
SPIN 4 13 2 1 0.664 -2.700 5.222
SPIN 4 13 2 2 -3.902 0.230 4.441
SPIN 4 13 2 3 -2.859 5.023 -1.261
SPIN 4 13 2 4 0.434 5.900 0.026
SPIN 4 13 2 5 4.966 -0.461 3.182
SPIN 4 13 2 6 3.934 -3.513 -2.680
SPIN 4 13 2 7 2.105 5.227 1.800
SPIN 4 13 2 8 5.033 2.406 1.970
SPIN 4 13 2 9 -3.876 -2.657 -3.594
SPIN 4 13 2 10 4.314 -2.254 3.363
SPIN 4 13 2 11 0.692 4.676 -3.558
SPIN 4 13 2 12 -0.184 -5.796 1.172
SPIN 4 13 2 13 4.939 -1.396 2.942
SPIN 4 13 2 14 1.472 -0.349 5.719
SPIN 4 13 2 15 -4.291 1.107 -3.919
SPIN 1 13 3 0 3.490 -3.310 -3.445
SPIN 1 13 3 1 2.519 -4.350 3.119
SPIN 1 13 3 2 -4.548 3.217 1.992
SPIN 1 13 3 3 1.325 -4.477 3.633
SPIN 1 13 3 4 0.044 3.769 4.560
SPIN 1 13 3 5 1.212 -0.711 5.747
SPIN 1 13 3 6 -2.097 5.504 -0.554
SPIN 1 13 3 7 -5.872 -0.366 0.621
SPIN 1 13 3 8 -4.569 -0.708 3.691
SPIN 1 13 3 9 2.037 0.412 5.539
SPIN 1 13 3 10 -1.733 2.911 4.850
SPIN 1 13 3 11 1.460 5.505 -1.602
SPIN 1 13 3 12 -3.015 0.248 5.084
SPIN 1 13 3 13 -1.598 -1.216 5.565
SPIN 1 13 3 14 5.569 0.903 1.781
SPIN 1 13 3 15 -4.139 -4.141 -0.850
SPIN 4 13 3 0 4.573 -3.464 1.444
SPIN 4 13 3 1 -0.799 4.231 -4.057
SPIN 4 13 3 2 0.574 -5.145 -2.863
SPIN 4 13 3 3 -3.080 -4.668 -1.929
SPIN 4 13 3 4 2.559 -5.223 -1.083
SPIN 4 13 3 5 -4.981 2.427 2.072
SPIN 4 13 3 6 5.098 2.669 -1.372
SPIN 4 13 3 7 0.790 -5.496 2.042
SPIN 4 13 3 8 3.159 -4.725 -1.642
SPIN 4 13 3 9 3.077 -4.510 2.279
SPIN 4 13 3 10 1.090 5.686 -1.219
SPIN 4 13 3 11 0.731 -5.007 3.065
SPIN 4 13 3 12 3.226 4.380 -2.326
SPIN 4 13 3 13 -3.351 -4.874 0.118
SPIN 4 13 3 14 -2.559 4.481 -2.894
SPIN 4 13 3 15 -4.716 -0.524 3.533
SPIN 1 13 4 0 -2.273 1.249 -5.317
SPIN 1 13 4 1 2.572 0.657 5.287
SPIN 1 13 4 2 5.129 -1.531 2.519
SPIN 1 13 4 3 -0.066 4.834 3.411
SPIN 1 13 4 4 -0.762 -4.961 -3.131
SPIN 1 13 4 5 2.430 4.054 3.558
SPIN 1 13 4 6 -3.954 -2.346 -3.723
SPIN 1 13 4 7 -1.312 -4.256 -3.894
SPIN 1 13 4 8 5.726 1.310 0.706
SPIN 1 13 4 9 -2.767 3.279 4.073
SPIN 1 13 4 10 4.999 2.360 2.107
SPIN 1 13 4 11 0.638 -4.453 3.842
SPIN 1 13 4 12 -1.083 5.556 1.721
SPIN 1 13 4 13 -2.891 -4.559 2.419
SPIN 1 13 4 14 -4.706 3.400 1.138
SPIN 1 13 4 15 2.819 2.450 4.588
SPIN 4 13 4 0 -2.118 5.236 -1.760
SPIN 4 13 4 1 5.764 1.177 -0.626
SPIN 4 13 4 2 -4.999 -3.164 0.023
SPIN 4 13 4 3 1.723 -5.438 1.570
SPIN 4 13 4 4 0.458 -3.004 5.076
SPIN 4 13 4 5 -4.243 -3.779 -1.647
SPIN 4 13 4 6 -0.424 -1.497 5.708
SPIN 4 13 4 7 -3.793 2.067 -4.043
SPIN 4 13 4 8 5.407 -2.334 -0.567
SPIN 4 13 4 9 -3.658 -1.849 4.266
SPIN 4 13 4 10 1.088 0.250 -5.810
SPIN 4 13 4 11 -2.843 -4.946 -1.567
SPIN 4 13 4 12 2.148 -1.844 5.195
SPIN 4 13 4 13 1.585 3.919 -4.138
SPIN 4 13 4 14 3.582 -1.798 -4.352
SPIN 4 13 4 15 1.407 4.704 3.300
SPIN 1 13 5 0 4.700 -3.580 -0.302
SPIN 1 13 5 1 -3.852 2.089 3.975
SPIN 1 13 5 2 -1.219 -1.914 -5.464
SPIN 1 13 5 3 3.588 2.762 -3.808
SPIN 1 13 5 4 5.327 1.340 2.197
SPIN 1 13 5 5 -2.032 4.061 3.791
SPIN 1 13 5 6 3.660 -4.645 0.181
SPIN 1 13 5 7 -1.630 5.033 -2.648
SPIN 1 13 5 8 -2.082 2.565 4.908
SPIN 1 13 5 9 -0.366 4.330 -4.015
SPIN 1 13 5 10 -5.047 2.707 -1.484
SPIN 1 13 5 11 -1.398 -0.409 5.734
SPIN 1 13 5 12 -0.043 -0.044 -5.916
SPIN 1 13 5 13 5.157 0.459 2.863
SPIN 1 13 5 14 1.087 -4.642 3.502
SPIN 1 13 5 15 -0.580 -3.307 -4.871
SPIN 4 13 5 0 -0.269 -4.855 3.370
SPIN 4 13 5 1 5.163 -2.743 0.906
SPIN 4 13 5 2 -3.875 4.344 -1.059
SPIN 4 13 5 3 -2.020 5.343 -1.541
SPIN 4 13 5 4 1.077 -1.776 -5.540
SPIN 4 13 5 5 4.479 1.068 3.714
SPIN 4 13 5 6 4.148 -2.335 -3.513
SPIN 4 13 5 7 3.745 -3.527 2.921
SPIN 4 13 5 8 -4.566 -2.304 -2.974
SPIN 4 13 5 9 2.924 -4.253 -2.891
SPIN 4 13 5 10 2.438 -2.795 4.609
SPIN 4 13 5 11 2.861 3.630 -3.693
SPIN 4 13 5 12 -5.701 -0.471 1.508
SPIN 4 13 5 13 0.481 -3.439 4.790
SPIN 4 13 5 14 4.645 1.478 -3.353
SPIN 4 13 5 15 -2.421 3.698 -3.933
SPIN 1 13 6 0 0.490 2.703 -5.240
SPIN 1 13 6 1 -5.042 -3.086 0.248
SPIN 1 13 6 2 -1.470 -0.493 5.709
SPIN 1 13 6 3 -0.876 -0.025 -5.851
SPIN 1 13 6 4 -2.938 -4.823 1.763
SPIN 1 13 6 5 0.554 2.764 -5.201
SPIN 1 13 6 6 2.380 4.682 -2.723
SPIN 1 13 6 7 3.377 -4.674 -1.323
SPIN 1 13 6 8 3.186 4.938 -0.682
SPIN 1 13 6 9 0.140 -1.755 5.648
SPIN 1 13 6 10 -0.441 -3.308 -4.885
SPIN 1 13 6 11 5.685 1.229 -1.083
SPIN 1 13 6 12 -5.675 -1.277 -1.081
SPIN 1 13 6 13 2.872 -3.039 -4.185
SPIN 1 13 6 14 -4.022 1.916 3.893
SPIN 1 13 6 15 5.474 -1.595 -1.579
SPIN 4 13 6 0 -4.990 2.481 1.988
SPIN 4 13 6 1 1.015 5.256 -2.519
SPIN 4 13 6 2 3.056 5.066 -0.037
SPIN 4 13 6 3 -0.417 -5.702 -1.521
SPIN 4 13 6 4 -1.499 5.589 -1.233
SPIN 4 13 6 5 -0.836 1.773 5.582
SPIN 4 13 6 6 -3.079 -5.025 0.517
SPIN 4 13 6 7 -2.506 2.958 4.469
SPIN 4 13 6 8 2.851 -2.823 -4.348
SPIN 4 13 6 9 5.753 0.723 1.177
SPIN 4 13 6 10 0.848 -0.409 -5.841
SPIN 4 13 6 11 -2.198 4.998 2.278
SPIN 4 13 6 12 5.163 -2.271 -1.785
SPIN 4 13 6 13 1.722 2.413 -5.120
SPIN 4 13 6 14 -3.797 -4.001 2.140
SPIN 4 13 6 15 3.931 2.923 3.318
SPIN 1 13 7 0 2.617 -5.059 -1.600
SPIN 1 13 7 1 -1.108 1.853 -5.508
SPIN 1 13 7 2 -0.462 -3.240 4.928
SPIN 1 13 7 3 -5.161 -1.147 2.655
SPIN 1 13 7 4 -1.952 4.587 -3.185
SPIN 1 13 7 5 -1.462 -5.731 0.156
SPIN 1 13 7 6 -4.634 -1.525 -3.347
SPIN 1 13 7 7 2.924 -2.035 -4.723
SPIN 1 13 7 8 -4.425 3.411 -1.946
SPIN 1 13 7 9 3.418 -1.591 4.559
SPIN 1 13 7 10 -1.892 0.541 -5.579
SPIN 1 13 7 11 5.356 0.100 2.510
SPIN 1 13 7 12 0.747 -2.005 -5.515
SPIN 1 13 7 13 -3.553 1.567 4.463
SPIN 1 13 7 14 0.354 5.365 -2.467
SPIN 1 13 7 15 -2.512 -0.194 -5.353
SPIN 4 13 7 0 5.435 2.127 0.970
SPIN 4 13 7 1 2.465 5.378 -0.016
SPIN 4 13 7 2 2.309 -5.133 1.823
SPIN 4 13 7 3 2.524 5.238 1.092
SPIN 4 13 7 4 1.779 -5.523 1.152
SPIN 4 13 7 5 -0.500 4.434 -3.885
SPIN 4 13 7 6 2.990 3.678 3.540
SPIN 4 13 7 7 1.858 5.355 1.693
SPIN 4 13 7 8 -0.634 -3.582 -4.666
SPIN 4 13 7 9 -1.714 5.180 -2.288
SPIN 4 13 7 10 1.122 1.198 5.684
SPIN 4 13 7 11 0.221 1.822 -5.624
SPIN 4 13 7 12 5.644 -1.761 -0.203
SPIN 4 13 7 13 2.220 3.172 -4.473
SPIN 4 13 7 14 1.590 5.372 1.901
SPIN 4 13 7 15 2.459 2.813 -4.587
SPIN 1 13 8 0 3.566 3.711 2.918
SPIN 1 13 8 1 1.715 -5.287 -2.027
SPIN 1 13 8 2 3.720 3.717 2.710
SPIN 1 13 8 3 -1.105 -2.382 -5.301
SPIN 1 13 8 4 -4.363 -0.509 -3.963
SPIN 1 13 8 5 4.811 -2.715 2.118
SPIN 1 13 8 6 -4.448 3.240 -2.172
SPIN 1 13 8 7 -3.500 -2.009 4.326
SPIN 1 13 8 8 -0.662 -5.728 -1.323
SPIN 1 13 8 9 -0.722 5.780 -1.035
SPIN 1 13 8 10 -2.644 -4.201 3.219
SPIN 1 13 8 11 0.005 5.549 -2.052
SPIN 1 13 8 12 3.631 -1.895 -4.270
SPIN 1 13 8 13 3.468 1.857 4.419
SPIN 1 13 8 14 -2.155 5.490 0.466
SPIN 1 13 8 15 -5.087 2.234 2.033
SPIN 4 13 8 0 -1.292 -5.331 -2.216
SPIN 4 13 8 1 0.885 1.709 -5.594
SPIN 4 13 8 2 -3.684 -1.148 4.484
SPIN 4 13 8 3 -3.994 3.272 -2.889
SPIN 4 13 8 4 2.964 -0.935 -5.034
SPIN 4 13 8 5 -4.901 -2.660 1.977
SPIN 4 13 8 6 2.368 5.199 -1.539
SPIN 4 13 8 7 4.269 -2.693 3.087
SPIN 4 13 8 8 0.928 3.820 -4.421
SPIN 4 13 8 9 1.268 -5.689 1.013
SPIN 4 13 8 10 -1.217 5.717 -0.911
SPIN 4 13 8 11 3.219 -4.772 1.365
SPIN 4 13 8 12 -1.291 5.620 -1.324
SPIN 4 13 8 13 -0.879 1.155 5.735
SPIN 4 13 8 14 1.038 2.160 -5.409
SPIN 4 13 8 15 1.073 0.962 5.738
SPIN 1 13 9 0 2.431 -3.964 3.657
SPIN 1 13 9 1 -4.947 3.231 -0.306
SPIN 1 13 9 2 2.659 5.176 1.068
SPIN 1 13 9 3 -0.982 1.270 -5.694
SPIN 1 13 9 4 2.576 2.792 4.535
SPIN 1 13 9 5 2.760 -0.499 -5.209
SPIN 1 13 9 6 -1.103 -5.342 2.291
SPIN 1 13 9 7 -1.812 3.913 4.050
SPIN 1 13 9 8 1.841 -0.466 -5.603
SPIN 1 13 9 9 -1.143 -5.703 -1.079
SPIN 1 13 9 10 5.414 -0.732 -2.269
SPIN 1 13 9 11 -1.100 5.394 2.166
SPIN 1 13 9 12 -5.127 1.115 -2.733
SPIN 1 13 9 13 2.267 -4.627 -2.907
SPIN 1 13 9 14 4.258 -1.795 3.694
SPIN 1 13 9 15 -1.934 0.441 -5.574
SPIN 4 13 9 0 -4.298 3.665 1.758
SPIN 4 13 9 1 5.731 0.824 1.216
SPIN 4 13 9 2 -4.549 -3.209 -2.003
SPIN 4 13 9 3 -4.022 1.864 3.918
SPIN 4 13 9 4 -2.678 4.861 2.050
SPIN 4 13 9 5 -3.572 2.259 -4.140
SPIN 4 13 9 6 -3.720 4.596 -0.205
SPIN 4 13 9 7 -1.836 2.430 -5.072
SPIN 4 13 9 8 0.649 5.596 -1.807
SPIN 4 13 9 9 -1.669 3.569 4.414
SPIN 4 13 9 10 -4.916 -2.919 1.522
SPIN 4 13 9 11 4.373 3.889 -0.867
SPIN 4 13 9 12 -5.273 2.290 1.396
SPIN 4 13 9 13 -1.574 4.796 3.085
SPIN 4 13 9 14 -4.767 -3.410 0.808
SPIN 4 13 9 15 4.897 -3.304 0.324
SPIN 1 13 10 0 -3.999 0.994 4.245
SPIN 1 13 10 1 3.033 -5.079 -0.059
SPIN 1 13 10 2 -4.550 -1.087 3.621
SPIN 1 13 10 3 -0.850 -5.739 -1.158
SPIN 1 13 10 4 -3.060 3.806 -3.339
SPIN 1 13 10 5 1.160 5.189 2.595
SPIN 1 13 10 6 2.915 2.614 4.435
SPIN 1 13 10 7 -3.843 4.480 0.408
SPIN 1 13 10 8 5.281 -0.007 2.667
SPIN 1 13 10 9 5.319 -2.049 -1.586
SPIN 1 13 10 10 2.255 -4.360 -3.302
SPIN 1 13 10 11 4.356 -1.743 3.604
SPIN 1 13 10 12 0.554 -5.801 1.023
SPIN 1 13 10 13 -5.123 2.117 2.066
SPIN 1 13 10 14 -5.072 1.332 2.740
SPIN 1 13 10 15 5.552 0.138 -2.040
SPIN 4 13 10 0 5.568 -1.601 -1.198
SPIN 4 13 10 1 -5.013 1.796 2.578
SPIN 4 13 10 2 3.628 -0.689 -4.622
SPIN 4 13 10 3 -0.304 -5.814 1.049
SPIN 4 13 10 4 -1.509 2.955 -4.898
SPIN 4 13 10 5 2.061 -0.291 5.538
SPIN 4 13 10 6 -4.660 -1.329 3.393
SPIN 4 13 10 7 1.641 2.104 -5.280
SPIN 4 13 10 8 0.391 5.799 -1.103
SPIN 4 13 10 9 -3.797 4.080 1.985
SPIN 4 13 10 10 1.916 1.882 -5.271
SPIN 4 13 10 11 -3.787 -4.319 -1.417
SPIN 4 13 10 12 -4.052 -4.218 0.889
SPIN 4 13 10 13 4.874 0.413 -3.328
SPIN 4 13 10 14 1.711 -3.410 4.522
SPIN 4 13 10 15 4.914 -3.161 -0.928
SPIN 1 13 11 0 4.020 -1.362 4.122
SPIN 1 13 11 1 -3.591 2.493 -3.986
SPIN 1 13 11 2 4.086 -2.688 3.328
SPIN 1 13 11 3 3.274 0.749 -4.870
SPIN 1 13 11 4 5.277 2.237 1.466
SPIN 1 13 11 5 -5.380 -0.348 -2.436
SPIN 1 13 11 6 0.260 -2.026 -5.552
SPIN 1 13 11 7 -1.272 2.050 -5.402
SPIN 1 13 11 8 -1.844 -4.727 3.042
SPIN 1 13 11 9 -2.690 3.915 -3.527
SPIN 1 13 11 10 -4.056 -4.140 -1.185
SPIN 1 13 11 11 5.507 0.501 2.103
SPIN 1 13 11 12 -4.513 3.677 -1.053
SPIN 1 13 11 13 -0.430 -1.263 5.764
SPIN 1 13 11 14 -1.954 5.512 -0.895
SPIN 1 13 11 15 1.902 -5.555 -0.724
SPIN 4 13 11 0 3.134 1.557 -4.770
SPIN 4 13 11 1 -5.673 -0.741 -1.506
SPIN 4 13 11 2 -3.592 -1.771 4.354
SPIN 4 13 11 3 -4.027 0.530 4.302
SPIN 4 13 11 4 4.477 -3.847 0.398
SPIN 4 13 11 5 -3.732 -4.590 -0.106
SPIN 4 13 11 6 3.615 -0.195 -4.679
SPIN 4 13 11 7 -0.073 5.390 -2.437
SPIN 4 13 11 8 4.252 -3.919 1.247
SPIN 4 13 11 9 1.979 -4.137 -3.737
SPIN 4 13 11 10 -0.305 5.873 -0.641
SPIN 4 13 11 11 0.551 -5.688 -1.530
SPIN 4 13 11 12 -3.158 4.796 -1.422
SPIN 4 13 11 13 1.010 0.202 5.826
SPIN 4 13 11 14 0.222 4.029 4.326
SPIN 4 13 11 15 2.726 1.156 -5.122
SPIN 1 13 12 0 -5.771 0.174 1.290
SPIN 1 13 12 1 5.059 2.537 1.724
SPIN 1 13 12 2 -2.265 4.325 3.342
SPIN 1 13 12 3 5.899 -0.146 0.423
SPIN 1 13 12 4 -5.426 -1.250 1.999
SPIN 1 13 12 5 1.243 5.205 -2.523
SPIN 1 13 12 6 -2.088 3.523 4.269
SPIN 1 13 12 7 -2.613 3.831 3.673
SPIN 1 13 12 8 3.773 -4.344 -1.376
SPIN 1 13 12 9 -3.660 -4.621 -0.499
SPIN 1 13 12 10 -2.074 -5.093 -2.181
SPIN 1 13 12 11 -2.463 2.262 -4.880
SPIN 1 13 12 12 5.736 0.913 1.127
SPIN 1 13 12 13 -3.808 2.857 3.512
SPIN 1 13 12 14 -3.844 3.638 2.643
SPIN 1 13 12 15 -4.032 -4.290 0.580
SPIN 4 13 12 0 -1.091 -5.293 -2.407
SPIN 4 13 12 1 4.690 2.944 2.081
SPIN 4 13 12 2 -2.359 -5.407 0.449
SPIN 4 13 12 3 0.740 -4.068 -4.231
SPIN 4 13 12 4 0.221 2.599 5.310
SPIN 4 13 12 5 -3.981 3.046 3.141
SPIN 4 13 12 6 4.908 2.054 -2.586
SPIN 4 13 12 7 3.255 -4.537 -1.956
SPIN 4 13 12 8 -4.430 3.607 -1.538
SPIN 4 13 12 9 2.200 -1.957 5.132
SPIN 4 13 12 10 1.750 1.807 -5.355
SPIN 4 13 12 11 -1.037 -3.735 4.469
SPIN 4 13 12 12 -1.622 -0.809 -5.631
SPIN 4 13 12 13 -3.291 2.406 4.287
SPIN 4 13 12 14 5.129 -0.040 -2.948
SPIN 4 13 12 15 3.959 2.052 -3.888
SPIN 1 13 13 0 -3.171 -4.796 1.395
SPIN 1 13 13 1 5.894 0.508 -0.031
SPIN 1 13 13 2 -4.485 -3.539 1.537
SPIN 1 13 13 3 0.871 3.238 4.874
SPIN 1 13 13 4 1.827 -3.802 -4.148
SPIN 1 13 13 5 -4.271 4.026 -0.746
SPIN 1 13 13 6 2.359 -3.762 3.909
SPIN 1 13 13 7 3.775 -3.001 3.427
SPIN 1 13 13 8 -0.242 -0.722 5.867
SPIN 1 13 13 9 -5.337 2.243 1.218
SPIN 1 13 13 10 3.160 3.357 -3.707
SPIN 1 13 13 11 -5.187 -2.798 -0.522
SPIN 1 13 13 12 3.603 -3.411 -3.223
SPIN 1 13 13 13 -5.706 1.524 0.342
SPIN 1 13 13 14 0.074 -5.207 -2.808
SPIN 1 13 13 15 -2.554 2.538 4.694
SPIN 4 13 13 0 2.568 4.872 2.159
SPIN 4 13 13 1 -1.652 -5.604 0.928
SPIN 4 13 13 2 4.781 3.440 0.556
SPIN 4 13 13 3 -5.418 1.615 -1.742
SPIN 4 13 13 4 4.769 1.000 -3.355
SPIN 4 13 13 5 3.362 1.378 4.669
SPIN 4 13 13 6 2.203 -2.189 5.036
SPIN 4 13 13 7 3.607 0.734 -4.631
SPIN 4 13 13 8 -0.759 5.866 -0.111
SPIN 4 13 13 9 -5.498 -0.405 -2.146
SPIN 4 13 13 10 4.561 -3.630 -1.010
SPIN 4 13 13 11 0.437 3.950 -4.383
SPIN 4 13 13 12 4.424 2.015 3.371
SPIN 4 13 13 13 -1.541 -0.035 -5.712
SPIN 4 13 13 14 1.487 5.655 0.898
SPIN 4 13 13 15 0.014 -5.624 1.836
SPIN 1 13 14 0 -2.159 4.942 2.431
SPIN 1 13 14 1 4.898 -0.364 -3.298
SPIN 1 13 14 2 1.717 3.054 -4.767
SPIN 1 13 14 3 0.449 -0.775 5.848
SPIN 1 13 14 4 1.860 4.398 -3.493
SPIN 1 13 14 5 -2.248 -5.271 1.472
SPIN 1 13 14 6 -2.027 2.917 -4.731
SPIN 1 13 14 7 -0.316 5.582 1.933
SPIN 1 13 14 8 -3.968 2.333 -3.716
SPIN 1 13 14 9 2.457 -4.364 3.150
SPIN 1 13 14 10 -3.766 3.148 -3.303
SPIN 1 13 14 11 2.613 -4.715 2.437
SPIN 1 13 14 12 -1.080 -5.816 -0.096
SPIN 1 13 14 13 3.325 4.646 -1.535
SPIN 1 13 14 14 -1.005 -2.371 5.326
SPIN 1 13 14 15 -1.642 3.903 -4.132
SPIN 4 13 14 0 -3.015 -1.620 -4.826
SPIN 4 13 14 1 -3.761 -4.541 -0.484
SPIN 4 13 14 2 1.526 -2.745 -5.013
SPIN 4 13 14 3 -2.842 4.715 -2.166
SPIN 4 13 14 4 2.263 4.088 -3.628
SPIN 4 13 14 5 -4.575 -2.983 -2.274
SPIN 4 13 14 6 -3.371 4.492 -1.860
SPIN 4 13 14 7 3.598 -2.878 3.710
SPIN 4 13 14 8 3.273 2.114 -4.452
SPIN 4 13 14 9 -3.604 1.122 -4.556
SPIN 4 13 14 10 -3.645 2.759 3.756
SPIN 4 13 14 11 4.939 3.087 1.039
SPIN 4 13 14 12 -3.243 -1.833 -4.596
SPIN 4 13 14 13 1.666 -4.976 -2.732
SPIN 4 13 14 14 -2.941 0.603 -5.098
SPIN 4 13 14 15 1.978 4.583 -3.176
SPIN 1 13 15 0 -0.044 -4.216 4.150
SPIN 1 13 15 1 -2.292 4.718 -2.737
SPIN 1 13 15 2 1.763 4.821 2.940
SPIN 1 13 15 3 -3.071 0.592 -5.022
SPIN 1 13 15 4 -5.827 0.534 0.870
SPIN 1 13 15 5 -1.590 -1.526 -5.490
SPIN 1 13 15 6 -4.950 -1.473 -2.886
SPIN 1 13 15 7 4.291 -3.756 -1.573
SPIN 1 13 15 8 0.325 -5.605 1.865
SPIN 1 13 15 9 -5.839 -0.359 -0.880
SPIN 1 13 15 10 0.325 3.461 4.787
SPIN 1 13 15 11 -3.480 4.257 -2.184
SPIN 1 13 15 12 -3.251 2.004 4.519
SPIN 1 13 15 13 -4.710 0.221 -3.573
SPIN 1 13 15 14 3.661 2.806 3.705
SPIN 1 13 15 15 -1.599 -4.385 -3.635
SPIN 4 13 15 0 -0.086 -5.441 -2.321
SPIN 4 13 15 1 4.984 0.548 3.140
SPIN 4 13 15 2 -4.615 -3.700 -0.074
SPIN 4 13 15 3 5.244 -2.735 -0.153
SPIN 4 13 15 4 1.267 -1.077 -5.678
SPIN 4 13 15 5 -0.973 5.736 -1.074
SPIN 4 13 15 6 -2.741 1.621 4.986
SPIN 4 13 15 7 -2.733 -0.311 -5.238
SPIN 4 13 15 8 0.907 2.481 5.294
SPIN 4 13 15 9 -1.583 -4.890 -2.930
SPIN 4 13 15 10 -2.269 4.876 -2.466
SPIN 4 13 15 11 2.096 -4.530 3.175
SPIN 4 13 15 12 3.818 2.753 -3.584
SPIN 4 13 15 13 -5.383 2.439 -0.269
SPIN 4 13 15 14 1.320 -1.288 5.621
SPIN 4 13 15 15 -2.533 5.074 1.685
SPIN 3 13 0 0 1.951 -2.246 -5.114
SPIN 3 13 0 1 0.985 0.461 5.815
SPIN 3 13 0 2 0.491 -4.878 3.311
SPIN 3 13 0 3 -1.616 -5.411 1.763
SPIN 3 13 0 4 5.705 -1.111 -1.103
SPIN 3 13 0 5 0.109 -2.642 5.292
SPIN 3 13 0 6 0.925 5.824 -0.480
SPIN 3 13 0 7 0.426 -0.275 5.894
SPIN 3 13 0 8 1.363 -0.912 -5.684
SPIN 3 13 0 9 5.336 1.904 1.704
SPIN 3 13 0 10 0.985 0.230 -5.829
SPIN 3 13 0 11 3.708 4.592 0.404
SPIN 3 13 0 12 -5.537 -1.917 -0.817
SPIN 3 13 0 13 -3.483 -1.836 4.416
SPIN 3 13 0 14 -0.694 5.482 -2.112
SPIN 3 13 0 15 0.963 4.037 4.216
SPIN 2 13 0 0 -3.143 -4.278 2.611
SPIN 2 13 0 1 -1.241 5.606 1.427
SPIN 2 13 0 2 -2.565 2.699 4.598
SPIN 2 13 0 3 1.268 -4.587 3.515
SPIN 2 13 0 4 -4.247 -2.448 3.313
SPIN 2 13 0 5 3.453 1.626 -4.520
SPIN 2 13 0 6 2.510 -1.917 5.003
SPIN 2 13 0 7 3.980 4.375 -0.145
SPIN 2 13 0 8 -3.745 -4.510 0.796
SPIN 2 13 0 9 1.962 4.021 -3.870
SPIN 2 13 0 10 -1.293 5.379 -2.096
SPIN 2 13 0 11 -0.592 -2.499 -5.330
SPIN 2 13 0 12 -5.756 1.037 0.889
SPIN 2 13 0 13 4.583 2.810 2.469
SPIN 2 13 0 14 -3.647 -1.408 4.440
SPIN 2 13 0 15 5.142 -2.246 1.875
SPIN 3 13 1 0 4.542 3.769 -0.406
SPIN 3 13 1 1 4.943 -3.023 -1.196
SPIN 3 13 1 2 1.005 1.993 -5.479
SPIN 3 13 1 3 0.958 5.495 -1.973
SPIN 3 13 1 4 -5.177 0.729 -2.770
SPIN 3 13 1 5 3.113 -3.183 -3.896
SPIN 3 13 1 6 3.113 2.075 4.583
SPIN 3 13 1 7 -1.466 4.491 -3.562
SPIN 3 13 1 8 -4.983 -1.048 3.012
SPIN 3 13 1 9 -4.277 -3.810 1.479
SPIN 3 13 1 10 5.113 -2.022 -2.182
SPIN 3 13 1 11 1.695 0.658 5.630
SPIN 3 13 1 12 5.539 1.783 1.067
SPIN 3 13 1 13 3.998 -4.361 -0.017
SPIN 3 13 1 14 -5.854 -0.286 -0.806
SPIN 3 13 1 15 -5.298 1.918 -1.804
SPIN 2 13 1 0 2.543 5.306 0.611
SPIN 2 13 1 1 -0.992 -0.865 5.768
SPIN 2 13 1 2 -1.323 -2.019 -5.401
SPIN 2 13 1 3 0.418 4.704 -3.563
SPIN 2 13 1 4 -4.073 -3.020 3.048
SPIN 2 13 1 5 2.293 -5.451 0.159
SPIN 2 13 1 6 4.460 3.022 2.444
SPIN 2 13 1 7 3.810 -2.299 -3.898
SPIN 2 13 1 8 4.449 1.813 3.452
SPIN 2 13 1 9 -0.375 -3.061 -5.049
SPIN 2 13 1 10 -1.624 4.581 -3.374
SPIN 2 13 1 11 -3.459 -1.269 4.629
SPIN 2 13 1 12 5.580 -0.734 -1.823
SPIN 2 13 1 13 0.421 0.920 -5.829
SPIN 2 13 1 14 -3.827 -3.721 2.552
SPIN 2 13 1 15 -5.519 1.618 -1.385
SPIN 3 13 2 0 -1.584 -0.205 5.696
SPIN 3 13 2 1 -5.301 -0.698 2.532
SPIN 3 13 2 2 -2.436 -3.702 -3.919
SPIN 3 13 2 3 -3.510 -3.626 -3.088
SPIN 3 13 2 4 -0.587 3.249 -4.909
SPIN 3 13 2 5 -4.978 2.086 2.423
SPIN 3 13 2 6 -0.465 -3.543 -4.715
SPIN 3 13 2 7 2.147 -0.919 5.435
SPIN 3 13 2 8 -2.055 3.443 -4.350
SPIN 3 13 2 9 3.954 2.858 -3.346
SPIN 3 13 2 10 -4.018 -4.242 -0.930
SPIN 3 13 2 11 -0.806 -4.019 4.266
SPIN 3 13 2 12 -0.132 3.720 4.598
SPIN 3 13 2 13 -4.942 -2.810 1.638
SPIN 3 13 2 14 -0.988 -0.253 -5.827
SPIN 3 13 2 15 4.768 -2.910 1.948
SPIN 2 13 2 0 -0.654 -5.879 0.103
SPIN 2 13 2 1 3.721 2.163 4.059
SPIN 2 13 2 2 5.721 -0.497 -1.421
SPIN 2 13 2 3 4.359 3.336 -2.207
SPIN 2 13 2 4 -0.967 5.797 -0.678
SPIN 2 13 2 5 -5.591 -0.968 -1.673
SPIN 2 13 2 6 2.665 3.560 3.902
SPIN 2 13 2 7 -1.769 0.152 -5.643
SPIN 2 13 2 8 -1.074 -5.787 0.602
SPIN 2 13 2 9 -2.860 -5.175 0.192
SPIN 2 13 2 10 -4.395 -3.896 -0.711
SPIN 2 13 2 11 -5.450 -2.267 -0.398
SPIN 2 13 2 12 4.320 -2.136 -3.431
SPIN 2 13 2 13 -3.042 2.336 4.505
SPIN 2 13 2 14 0.265 -5.899 -0.369
SPIN 2 13 2 15 -1.312 5.747 -0.500
SPIN 3 13 3 0 1.618 4.893 -2.905
SPIN 3 13 3 1 -4.859 -3.157 -1.194
SPIN 3 13 3 2 3.577 4.522 -1.326
SPIN 3 13 3 3 -0.431 0.853 5.838
SPIN 3 13 3 4 3.213 -4.871 0.977
SPIN 3 13 3 5 -0.560 -1.788 -5.612
SPIN 3 13 3 6 0.266 1.541 5.706
SPIN 3 13 3 7 -1.592 5.696 0.131
SPIN 3 13 3 8 -0.640 -5.368 -2.404
SPIN 3 13 3 9 2.981 5.013 -0.991
SPIN 3 13 3 10 -2.765 0.659 -5.189
SPIN 3 13 3 11 2.302 -1.786 -5.149
SPIN 3 13 3 12 2.910 2.422 4.546
SPIN 3 13 3 13 -4.830 3.203 1.186
SPIN 3 13 3 14 -0.586 -3.855 4.449
SPIN 3 13 3 15 3.631 3.321 -3.284
SPIN 2 13 3 0 5.723 0.803 1.266
SPIN 2 13 3 1 -5.508 1.586 -1.464
SPIN 2 13 3 2 -4.261 -3.403 -2.294
SPIN 2 13 3 3 4.148 -0.106 4.217
SPIN 2 13 3 4 3.102 -4.821 1.460
SPIN 2 13 3 5 -1.513 4.223 -3.857
SPIN 2 13 3 6 1.495 3.922 -4.169
SPIN 2 13 3 7 -0.104 -5.381 2.457
SPIN 2 13 3 8 -2.496 5.284 -0.924
SPIN 2 13 3 9 5.470 2.128 -0.745
SPIN 2 13 3 10 -3.360 3.937 2.865
SPIN 2 13 3 11 3.378 4.699 -1.228
SPIN 2 13 3 12 0.176 -5.072 -3.040
SPIN 2 13 3 13 5.575 0.545 -1.904
SPIN 2 13 3 14 -3.352 4.523 -1.817
SPIN 2 13 3 15 5.437 2.052 -1.108
SPIN 3 13 4 0 -5.148 -1.396 2.560
SPIN 3 13 4 1 1.161 4.746 -3.336
SPIN 3 13 4 2 -5.314 -0.331 2.578
SPIN 3 13 4 3 1.429 4.044 -4.075
SPIN 3 13 4 4 -1.532 -2.640 -5.068
SPIN 3 13 4 5 1.233 -5.128 2.680
SPIN 3 13 4 6 -1.247 -2.640 5.145
SPIN 3 13 4 7 2.257 1.356 -5.298
SPIN 3 13 4 8 1.954 1.091 5.477
SPIN 3 13 4 9 -5.394 -1.257 -2.079
SPIN 3 13 4 10 0.278 -4.822 3.416
SPIN 3 13 4 11 2.282 4.414 3.211
SPIN 3 13 4 12 -0.770 -5.205 2.706
SPIN 3 13 4 13 5.098 3.001 0.022
SPIN 3 13 4 14 -4.729 0.735 -3.478
SPIN 3 13 4 15 5.569 -0.161 -1.989
SPIN 2 13 4 0 4.689 -2.828 -2.240
SPIN 2 13 4 1 3.159 -4.582 2.006
SPIN 2 13 4 2 4.564 0.876 3.660
SPIN 2 13 4 3 2.308 -5.279 1.345
SPIN 2 13 4 4 4.651 -0.347 -3.639
SPIN 2 13 4 5 -3.277 0.619 -4.887
SPIN 2 13 4 6 5.540 0.867 1.887
SPIN 2 13 4 7 5.683 1.513 -0.640
SPIN 2 13 4 8 -0.061 -5.679 1.657
SPIN 2 13 4 9 3.237 2.910 -4.006
SPIN 2 13 4 10 1.925 -4.754 2.949
SPIN 2 13 4 11 -1.468 3.860 4.237
SPIN 2 13 4 12 -5.075 -0.043 3.041
SPIN 2 13 4 13 -1.932 1.448 -5.401
SPIN 2 13 4 14 5.325 2.416 -0.898
SPIN 2 13 4 15 -5.776 0.252 1.256
SPIN 3 13 5 0 3.858 -3.628 2.636
SPIN 3 13 5 1 -4.243 4.122 0.104
SPIN 3 13 5 2 -3.167 -1.854 4.641
SPIN 3 13 5 3 3.492 4.387 -1.887
SPIN 3 13 5 4 2.530 1.055 5.243
SPIN 3 13 5 5 5.627 0.276 -1.806
SPIN 3 13 5 6 -0.219 5.878 0.637
SPIN 3 13 5 7 5.436 0.763 2.207
SPIN 3 13 5 8 -5.351 -1.019 -2.308
SPIN 3 13 5 9 1.546 1.838 5.407
SPIN 3 13 5 10 3.481 -4.124 2.424
SPIN 3 13 5 11 0.623 -5.806 0.948
SPIN 3 13 5 12 2.272 4.649 2.868
SPIN 3 13 5 13 -5.220 2.566 1.082
SPIN 3 13 5 14 -4.541 -2.710 2.652
SPIN 3 13 5 15 -2.527 4.143 3.384
SPIN 2 13 5 0 -5.265 2.245 1.496
SPIN 2 13 5 1 3.852 -1.726 -4.145
SPIN 2 13 5 2 -1.565 1.479 5.511
SPIN 2 13 5 3 4.980 -1.816 2.628
SPIN 2 13 5 4 -5.695 -0.952 -1.291
SPIN 2 13 5 5 3.052 1.601 4.809
SPIN 2 13 5 6 -0.064 -0.400 -5.902
SPIN 2 13 5 7 3.043 -3.982 -3.143
SPIN 2 13 5 8 5.158 2.352 1.692
SPIN 2 13 5 9 -4.957 -2.852 -1.515
SPIN 2 13 5 10 4.116 3.770 -1.960
SPIN 2 13 5 11 0.472 5.869 0.572
SPIN 2 13 5 12 5.099 1.688 -2.479
SPIN 2 13 5 13 -0.086 1.099 -5.812
SPIN 2 13 5 14 -3.195 -4.286 -2.535
SPIN 2 13 5 15 0.747 0.236 -5.864
SPIN 3 13 6 0 3.875 1.246 -4.293
SPIN 3 13 6 1 -5.594 0.956 1.672
SPIN 3 13 6 2 1.973 2.814 -4.815
SPIN 3 13 6 3 -0.477 -3.897 4.426
SPIN 3 13 6 4 2.434 -3.047 -4.449
SPIN 3 13 6 5 -2.720 1.291 5.093
SPIN 3 13 6 6 2.112 -5.405 -1.152
SPIN 3 13 6 7 -4.736 2.899 -2.042
SPIN 3 13 6 8 3.533 1.309 -4.561
SPIN 3 13 6 9 2.697 4.776 2.217
SPIN 3 13 6 10 -2.842 1.553 -4.951
SPIN 3 13 6 11 3.710 4.165 1.971
SPIN 3 13 6 12 -1.780 -5.340 1.821
SPIN 3 13 6 13 3.082 1.442 -4.840
SPIN 3 13 6 14 1.290 -5.491 -1.786
SPIN 3 13 6 15 -4.388 0.465 3.941
SPIN 2 13 6 0 5.616 -0.603 -1.759
SPIN 2 13 6 1 -4.082 2.821 -3.222
SPIN 2 13 6 2 2.227 -5.379 -1.050
SPIN 2 13 6 3 -4.485 3.423 -1.781
SPIN 2 13 6 4 5.812 -0.827 -0.735
SPIN 2 13 6 5 5.621 0.078 -1.843
SPIN 2 13 6 6 1.924 -5.297 -1.799
SPIN 2 13 6 7 -0.477 4.116 4.222
SPIN 2 13 6 8 3.046 -3.819 3.338
SPIN 2 13 6 9 1.386 3.306 -4.706
SPIN 2 13 6 10 -1.301 -4.525 3.582
SPIN 2 13 6 11 1.165 -2.726 -5.119
SPIN 2 13 6 12 3.145 -3.887 3.163
SPIN 2 13 6 13 1.566 -3.637 -4.395
SPIN 2 13 6 14 -0.957 5.609 1.620
SPIN 2 13 6 15 -4.929 -3.013 1.274
SPIN 3 13 7 0 -0.473 -4.379 3.950
SPIN 3 13 7 1 4.484 2.708 2.749
SPIN 3 13 7 2 5.812 0.949 -0.568
SPIN 3 13 7 3 -1.272 -4.792 -3.228
SPIN 3 13 7 4 -2.940 4.153 3.018
SPIN 3 13 7 5 1.330 1.482 -5.571
SPIN 3 13 7 6 2.752 4.755 2.196
SPIN 3 13 7 7 0.904 1.301 -5.700
SPIN 3 13 7 8 -5.296 -2.088 -1.610
SPIN 3 13 7 9 2.997 -4.293 2.754
SPIN 3 13 7 10 -0.550 -2.568 5.301
SPIN 3 13 7 11 -5.772 1.042 0.772
SPIN 3 13 7 12 -0.798 5.392 2.301
SPIN 3 13 7 13 -1.148 1.531 -5.598
SPIN 3 13 7 14 1.731 -5.110 -2.427
SPIN 3 13 7 15 -0.186 2.214 5.483
SPIN 2 13 7 0 -4.610 -2.138 -3.029
SPIN 2 13 7 1 -2.232 5.119 -1.953
SPIN 2 13 7 2 -5.197 -2.809 0.315
SPIN 2 13 7 3 3.621 0.543 4.647
SPIN 2 13 7 4 -3.312 0.898 -4.819
SPIN 2 13 7 5 -1.071 -4.140 -4.088
SPIN 2 13 7 6 3.574 0.457 4.692
SPIN 2 13 7 7 -1.748 -2.096 -5.249
SPIN 2 13 7 8 1.153 3.986 -4.217
SPIN 2 13 7 9 0.251 -4.884 -3.329
SPIN 2 13 7 10 4.325 1.341 3.807
SPIN 2 13 7 11 0.997 5.168 -2.702
SPIN 2 13 7 12 -4.118 -0.223 4.242
SPIN 2 13 7 13 2.888 -2.842 -4.311
SPIN 2 13 7 14 -0.273 -4.009 4.342
SPIN 2 13 7 15 -3.676 4.613 0.455
SPIN 3 13 8 0 -1.476 5.131 -2.548
SPIN 3 13 8 1 -5.236 -1.826 -2.062
SPIN 3 13 8 2 -1.483 -5.259 -2.268
SPIN 3 13 8 3 4.083 -1.012 -4.160
SPIN 3 13 8 4 1.431 -1.493 5.543
SPIN 3 13 8 5 -0.582 -5.849 0.669
SPIN 3 13 8 6 2.573 -4.862 2.178
SPIN 3 13 8 7 0.921 5.822 0.507
SPIN 3 13 8 8 1.217 2.802 -5.067
SPIN 3 13 8 9 3.845 2.963 -3.382
SPIN 3 13 8 10 -1.960 -2.982 4.719
SPIN 3 13 8 11 1.260 -3.620 4.506
SPIN 3 13 8 12 -1.782 5.295 -1.947
SPIN 3 13 8 13 0.773 -0.327 5.856
SPIN 3 13 8 14 -1.944 -1.625 -5.346
SPIN 3 13 8 15 2.497 0.558 -5.334
SPIN 2 13 8 0 0.841 -2.411 -5.337
SPIN 2 13 8 1 -3.965 2.003 3.907
SPIN 2 13 8 2 -0.156 1.505 5.719
SPIN 2 13 8 3 -5.612 0.563 -1.784
SPIN 2 13 8 4 2.387 2.523 4.789
SPIN 2 13 8 5 -4.188 -3.462 2.340
SPIN 2 13 8 6 -3.780 1.363 4.342
SPIN 2 13 8 7 1.862 -4.204 -3.723
SPIN 2 13 8 8 -0.449 -5.881 0.465
SPIN 2 13 8 9 -1.808 2.838 4.866
SPIN 2 13 8 10 1.206 0.219 -5.788
SPIN 2 13 8 11 -1.846 -5.605 -0.424
SPIN 2 13 8 12 -4.941 -1.194 3.027
SPIN 2 13 8 13 1.775 4.752 -3.045
SPIN 2 13 8 14 -0.246 5.770 -1.284
SPIN 2 13 8 15 -3.950 -2.915 -3.302
SPIN 3 13 9 0 -1.406 0.986 -5.661
SPIN 3 13 9 1 2.977 3.674 -3.555
SPIN 3 13 9 2 5.003 2.164 -2.300
SPIN 3 13 9 3 -4.154 -4.197 0.362
SPIN 3 13 9 4 4.541 -2.293 -3.019
SPIN 3 13 9 5 0.881 4.081 4.192
SPIN 3 13 9 6 3.039 4.791 -1.677
SPIN 3 13 9 7 -4.688 -2.967 -2.055
SPIN 3 13 9 8 1.007 -5.826 0.204
SPIN 3 13 9 9 -4.927 -2.790 1.716
SPIN 3 13 9 10 -4.760 -1.671 -3.091
SPIN 3 13 9 11 5.663 0.281 -1.688
SPIN 3 13 9 12 1.856 -1.867 5.298
SPIN 3 13 9 13 2.851 -0.854 -5.113
SPIN 3 13 9 14 -0.653 1.069 5.782
SPIN 3 13 9 15 -3.859 3.461 2.851
SPIN 2 13 9 0 -2.530 3.429 4.104
SPIN 2 13 9 1 -0.246 -5.431 -2.333
SPIN 2 13 9 2 -3.243 -0.531 -4.920
SPIN 2 13 9 3 -1.998 1.125 5.454
SPIN 2 13 9 4 4.329 -3.984 -0.626
SPIN 2 13 9 5 -2.370 -2.559 -4.779
SPIN 2 13 9 6 3.486 -3.313 -3.445
SPIN 2 13 9 7 2.783 -4.451 2.728
SPIN 2 13 9 8 -1.436 4.100 -4.016
SPIN 2 13 9 9 1.912 5.329 -1.718
SPIN 2 13 9 10 5.498 -2.020 0.828
SPIN 2 13 9 11 0.545 5.884 0.292
SPIN 2 13 9 12 -3.487 -2.728 -3.925
SPIN 2 13 9 13 5.909 -0.111 0.267
SPIN 2 13 9 14 -1.514 4.098 -3.989
SPIN 2 13 9 15 1.890 -5.486 1.155
SPIN 3 13 10 0 -1.533 -1.285 5.568
SPIN 3 13 10 1 5.700 0.684 1.430
SPIN 3 13 10 2 -3.780 -0.523 4.521
SPIN 3 13 10 3 -2.020 4.866 -2.691
SPIN 3 13 10 4 -0.101 -0.267 5.909
SPIN 3 13 10 5 1.110 5.089 -2.806
SPIN 3 13 10 6 -0.980 -3.278 -4.827
SPIN 3 13 10 7 5.762 -0.550 1.224
SPIN 3 13 10 8 -4.446 2.865 -2.650
SPIN 3 13 10 9 -0.326 1.249 -5.773
SPIN 3 13 10 10 3.419 1.792 4.483
SPIN 3 13 10 11 -0.519 -5.032 3.068
SPIN 3 13 10 12 3.770 0.983 -4.452
SPIN 3 13 10 13 2.040 -4.398 -3.390
SPIN 3 13 10 14 -2.795 5.086 1.148
SPIN 3 13 10 15 3.428 2.135 -4.324
SPIN 2 13 10 0 -4.661 -0.887 3.533
SPIN 2 13 10 1 -5.488 -1.827 1.242
SPIN 2 13 10 2 0.910 -5.842 -0.206
SPIN 2 13 10 3 0.386 5.682 1.601
SPIN 2 13 10 4 -1.208 -2.650 -5.150
SPIN 2 13 10 5 -4.983 2.581 -1.872
SPIN 2 13 10 6 3.762 -2.668 3.705
SPIN 2 13 10 7 -3.169 -0.500 4.971
SPIN 2 13 10 8 -4.894 -0.016 3.323
SPIN 2 13 10 9 5.638 -0.858 -1.575
SPIN 2 13 10 10 -1.993 1.198 5.440
SPIN 2 13 10 11 0.939 -4.728 -3.430
SPIN 2 13 10 12 -1.328 4.576 3.506
SPIN 2 13 10 13 4.821 0.082 3.428
SPIN 2 13 10 14 3.649 4.171 2.071
SPIN 2 13 10 15 -1.141 5.801 0.221
SPIN 3 13 11 0 0.610 4.673 -3.576
SPIN 3 13 11 1 3.165 -4.718 1.652
SPIN 3 13 11 2 -3.540 -3.638 3.039
SPIN 3 13 11 3 2.252 -3.790 -3.945
SPIN 3 13 11 4 1.346 -0.558 5.734
SPIN 3 13 11 5 3.808 2.718 3.621
SPIN 3 13 11 6 5.197 0.123 2.824
SPIN 3 13 11 7 -0.240 0.572 5.883
SPIN 3 13 11 8 1.087 -5.415 2.122
SPIN 3 13 11 9 -2.680 -0.791 5.215
SPIN 3 13 11 10 -3.588 -3.681 -2.928
SPIN 3 13 11 11 4.213 -0.288 -4.143
SPIN 3 13 11 12 5.708 -1.480 -0.483
SPIN 3 13 11 13 3.312 4.785 1.063
SPIN 3 13 11 14 -1.812 -5.495 -1.233
SPIN 3 13 11 15 4.863 2.972 -1.586
SPIN 2 13 11 0 -4.173 -3.147 -2.772
SPIN 2 13 11 1 -1.025 -4.246 3.990
SPIN 2 13 11 2 -1.526 -5.707 0.328
SPIN 2 13 11 3 1.190 -4.581 -3.550
SPIN 2 13 11 4 3.306 -4.081 2.723
SPIN 2 13 11 5 0.113 5.850 -0.871
SPIN 2 13 11 6 -4.596 0.843 -3.628
SPIN 2 13 11 7 3.322 -4.894 -0.103
SPIN 2 13 11 8 3.983 0.169 -4.371
SPIN 2 13 11 9 -2.075 -2.572 4.907
SPIN 2 13 11 10 3.861 4.361 -1.037
SPIN 2 13 11 11 1.799 2.981 4.783
SPIN 2 13 11 12 1.019 -3.813 4.407
SPIN 2 13 11 13 -2.733 5.155 -0.979
SPIN 2 13 11 14 1.485 -2.371 5.213
SPIN 2 13 11 15 -0.818 1.201 -5.735
SPIN 3 13 12 0 1.092 -4.885 -3.153
SPIN 3 13 12 1 4.071 -3.255 2.798
SPIN 3 13 12 2 -1.071 -1.534 -5.612
SPIN 3 13 12 3 -1.639 5.555 1.205
SPIN 3 13 12 4 2.776 -4.312 -2.949
SPIN 3 13 12 5 -2.902 4.759 1.981
SPIN 3 13 12 6 -5.229 -0.457 2.728
SPIN 3 13 12 7 2.987 5.077 -0.549
SPIN 3 13 12 8 -5.542 -1.985 -0.589
SPIN 3 13 12 9 4.365 3.709 -1.480
SPIN 3 13 12 10 2.049 -1.502 5.343
SPIN 3 13 12 11 -5.297 -1.819 1.907
SPIN 3 13 12 12 2.261 -3.648 -4.072
SPIN 3 13 12 13 -5.660 -0.588 -1.618
SPIN 3 13 12 14 5.439 2.310 -0.287
SPIN 3 13 12 15 -2.818 -1.773 -4.891
SPIN 2 13 12 0 -5.357 2.083 -1.402
SPIN 2 13 12 1 0.541 0.414 -5.877
SPIN 2 13 12 2 5.662 1.681 0.338
SPIN 2 13 12 3 -3.823 4.434 -0.855
SPIN 2 13 12 4 2.328 5.052 -2.015
SPIN 2 13 12 5 -3.729 -4.552 0.610
SPIN 2 13 12 6 4.922 -3.238 0.533
SPIN 2 13 12 7 -5.647 -1.105 1.377
SPIN 2 13 12 8 3.049 -1.117 -4.945
SPIN 2 13 12 9 5.585 1.063 -1.635
SPIN 2 13 12 10 -4.327 -3.315 -2.299
SPIN 2 13 12 11 0.144 -4.077 -4.285
SPIN 2 13 12 12 3.828 -4.446 -0.766
SPIN 2 13 12 13 0.177 4.088 -4.273
SPIN 2 13 12 14 -0.454 -3.373 -4.839
SPIN 2 13 12 15 -4.369 3.886 0.900
SPIN 3 13 13 0 -0.471 -3.262 -4.913
SPIN 3 13 13 1 -1.767 -1.215 5.514
SPIN 3 13 13 2 -4.920 3.248 -0.492
SPIN 3 13 13 3 2.847 -5.172 0.387
SPIN 3 13 13 4 -0.464 -3.664 4.622
SPIN 3 13 13 5 3.406 3.945 -2.800
SPIN 3 13 13 6 -0.188 5.670 1.677
SPIN 3 13 13 7 -1.397 -4.037 -4.093
SPIN 3 13 13 8 -2.780 -1.113 -5.102
SPIN 3 13 13 9 0.214 -2.603 -5.308
SPIN 3 13 13 10 3.175 -0.720 -4.940
SPIN 3 13 13 11 4.312 -2.731 -2.992
SPIN 3 13 13 12 -1.028 2.447 -5.287
SPIN 3 13 13 13 4.248 -0.897 4.019
SPIN 3 13 13 14 4.728 1.269 -3.322
SPIN 3 13 13 15 -5.210 -0.920 -2.647
SPIN 2 13 13 0 -4.552 -2.510 2.825
SPIN 2 13 13 1 1.651 3.762 4.257
SPIN 2 13 13 2 -4.126 2.997 -2.998
SPIN 2 13 13 3 -3.678 -3.735 2.742
SPIN 2 13 13 4 -4.457 -1.711 -3.494
SPIN 2 13 13 5 4.662 2.938 -2.153
SPIN 2 13 13 6 3.238 -1.788 4.617
SPIN 2 13 13 7 -5.181 -2.809 -0.520
SPIN 2 13 13 8 5.419 0.885 -2.202
SPIN 2 13 13 9 -4.274 0.240 4.084
SPIN 2 13 13 10 -4.976 -0.793 3.100
SPIN 2 13 13 11 0.044 5.144 -2.921
SPIN 2 13 13 12 -3.548 4.261 2.065
SPIN 2 13 13 13 0.057 3.575 -4.714
SPIN 2 13 13 14 -4.268 -2.305 3.387
SPIN 2 13 13 15 1.137 4.774 -3.303
SPIN 3 13 14 0 5.281 -2.270 1.398
SPIN 3 13 14 1 3.676 4.263 -1.821
SPIN 3 13 14 2 1.539 5.507 1.518
SPIN 3 13 14 3 5.129 -2.259 -1.896
SPIN 3 13 14 4 -2.991 -0.578 -5.071
SPIN 3 13 14 5 -0.866 0.324 5.843
SPIN 3 13 14 6 0.923 -4.875 -3.223
SPIN 3 13 14 7 -0.952 -5.827 0.378
SPIN 3 13 14 8 5.780 -0.394 1.197
SPIN 3 13 14 9 3.816 -4.446 0.820
SPIN 3 13 14 10 -2.525 -4.333 3.139
SPIN 3 13 14 11 4.898 1.700 -2.849
SPIN 3 13 14 12 -1.751 -4.003 -3.988
SPIN 3 13 14 13 5.187 -0.657 -2.769
SPIN 3 13 14 14 2.828 -0.743 5.143
SPIN 3 13 14 15 4.276 2.323 -3.364
SPIN 2 13 14 0 -0.377 5.867 -0.658
SPIN 2 13 14 1 -4.338 -3.709 -1.558
SPIN 2 13 14 2 1.828 -2.255 -5.155
SPIN 2 13 14 3 5.129 2.153 2.015
SPIN 2 13 14 4 5.753 -0.269 -1.353
SPIN 2 13 14 5 0.214 -5.848 -0.868
SPIN 2 13 14 6 -2.641 -5.151 -1.224
SPIN 2 13 14 7 -2.462 4.583 -2.816
SPIN 2 13 14 8 -5.591 -0.918 1.702
SPIN 2 13 14 9 0.602 -2.266 -5.432
SPIN 2 13 14 10 -3.063 0.496 5.037
SPIN 2 13 14 11 0.698 -4.654 3.585
SPIN 2 13 14 12 3.948 2.715 -3.469
SPIN 2 13 14 13 -0.309 -2.886 5.155
SPIN 2 13 14 14 -2.958 5.058 0.812
SPIN 2 13 14 15 -2.725 -3.779 3.646
SPIN 3 13 15 0 -4.996 -0.312 3.154
SPIN 3 13 15 1 -5.745 -1.021 -0.976
SPIN 3 13 15 2 0.968 -1.552 -5.626
SPIN 3 13 15 3 5.288 -2.569 -0.661
SPIN 3 13 15 4 -3.139 -3.165 3.890
SPIN 3 13 15 5 -3.094 -3.200 -3.897
SPIN 3 13 15 6 2.895 2.835 -4.311
SPIN 3 13 15 7 -4.282 -3.771 -1.561
SPIN 3 13 15 8 -4.361 2.906 2.746
SPIN 3 13 15 9 -2.076 4.915 -2.557
SPIN 3 13 15 10 -4.475 -2.594 -2.871
SPIN 3 13 15 11 -5.102 -2.993 0.087
SPIN 3 13 15 12 0.581 5.579 1.880
SPIN 3 13 15 13 -4.297 0.969 -3.949
SPIN 3 13 15 14 0.271 -1.918 -5.590
SPIN 3 13 15 15 2.701 -4.139 3.252
SPIN 2 13 15 0 -4.197 -4.069 0.912
SPIN 2 13 15 1 3.452 4.347 -2.047
SPIN 2 13 15 2 -2.569 -0.787 5.271
SPIN 2 13 15 3 -5.056 2.572 -1.680
SPIN 2 13 15 4 2.882 5.039 1.141
SPIN 2 13 15 5 -1.199 -5.789 0.212
SPIN 2 13 15 6 1.118 -1.576 -5.592
SPIN 2 13 15 7 -1.310 -5.707 -0.841
SPIN 2 13 15 8 5.576 0.181 1.969
SPIN 2 13 15 9 3.329 4.589 -1.690
SPIN 2 13 15 10 5.005 -0.675 -3.082
SPIN 2 13 15 11 -0.296 5.446 -2.292
SPIN 2 13 15 12 -3.512 -4.265 2.115
SPIN 2 13 15 13 2.865 -3.767 -3.550
SPIN 2 13 15 14 0.303 -5.907 0.112
SPIN 2 13 15 15 -0.273 5.840 0.906
SPIN 1 14 0 0 0.870 -5.804 -0.749
SPIN 1 14 0 1 4.481 0.151 3.860
SPIN 1 14 0 2 1.829 -5.110 -2.355
SPIN 1 14 0 3 -2.442 1.164 -5.261
SPIN 1 14 0 4 0.479 5.324 -2.534
SPIN 1 14 0 5 -1.345 -4.566 3.513
SPIN 1 14 0 6 3.031 3.278 3.882
SPIN 1 14 0 7 -0.412 -0.964 -5.823
SPIN 1 14 0 8 -1.214 4.146 4.042
SPIN 1 14 0 9 4.329 -3.417 2.142
SPIN 1 14 0 10 -1.592 5.659 -0.664
SPIN 1 14 0 11 -4.696 -2.534 -2.555
SPIN 1 14 0 12 -4.071 2.670 3.362
SPIN 1 14 0 13 4.522 3.577 -1.324
SPIN 1 14 0 14 -5.383 1.779 1.691
SPIN 1 14 0 15 -5.020 2.472 -1.922
SPIN 4 14 0 0 5.000 3.124 0.492
SPIN 4 14 0 1 3.851 -0.640 -4.445
SPIN 4 14 0 2 0.621 -1.444 5.703
SPIN 4 14 0 3 -4.705 1.229 -3.369
SPIN 4 14 0 4 1.731 0.059 5.657
SPIN 4 14 0 5 -5.844 -0.659 0.643
SPIN 4 14 0 6 1.349 -4.747 3.262
SPIN 4 14 0 7 -3.242 4.852 -0.973
SPIN 4 14 0 8 -0.777 -5.704 1.365
SPIN 4 14 0 9 4.906 2.112 -2.544
SPIN 4 14 0 10 0.744 -2.057 5.497
SPIN 4 14 0 11 2.012 -5.236 -1.880
SPIN 4 14 0 12 -0.583 4.570 -3.711
SPIN 4 14 0 13 -0.632 1.291 -5.739
SPIN 4 14 0 14 2.962 4.603 2.245
SPIN 4 14 0 15 -3.719 0.290 -4.591
SPIN 1 14 1 0 -3.811 4.489 -0.574
SPIN 1 14 1 1 0.619 -5.127 -2.886
SPIN 1 14 1 2 4.555 1.299 -3.544
SPIN 1 14 1 3 4.722 -2.687 -2.340
SPIN 1 14 1 4 -1.259 4.730 3.323
SPIN 1 14 1 5 4.457 0.754 3.817
SPIN 1 14 1 6 -2.148 -5.417 -1.019
SPIN 1 14 1 7 -2.670 -5.077 1.447
SPIN 1 14 1 8 -5.424 2.319 -0.449
SPIN 1 14 1 9 3.591 4.693 -0.284
SPIN 1 14 1 10 4.027 -4.333 0.081
SPIN 1 14 1 11 -5.112 0.422 2.947
SPIN 1 14 1 12 0.105 -5.656 1.732
SPIN 1 14 1 13 -3.528 4.073 2.442
SPIN 1 14 1 14 -3.161 0.574 4.968
SPIN 1 14 1 15 0.676 -5.274 2.595
SPIN 4 14 1 0 -3.960 -3.855 -2.111
SPIN 4 14 1 1 -4.726 -1.777 3.084
SPIN 4 14 1 2 1.923 -1.723 -5.323
SPIN 4 14 1 3 -1.425 3.746 4.352
SPIN 4 14 1 4 2.224 -5.336 -1.256
SPIN 4 14 1 5 3.027 -2.073 -4.641
SPIN 4 14 1 6 2.052 5.415 -1.212
SPIN 4 14 1 7 1.815 -5.023 2.545
SPIN 4 14 1 8 -3.445 3.722 -3.046
SPIN 4 14 1 9 1.296 5.121 2.664
SPIN 4 14 1 10 2.591 -3.098 4.323
SPIN 4 14 1 11 1.031 5.177 -2.670
SPIN 4 14 1 12 -0.647 -2.786 5.179
SPIN 4 14 1 13 2.426 -2.412 4.827
SPIN 4 14 1 14 2.886 4.955 1.454
SPIN 4 14 1 15 4.863 3.365 -0.169
SPIN 1 14 2 0 1.393 -5.151 2.555
SPIN 1 14 2 1 -1.095 4.903 3.124
SPIN 1 14 2 2 1.792 -4.793 2.970
SPIN 1 14 2 3 2.867 4.112 3.142
SPIN 1 14 2 4 3.236 -0.620 4.914
SPIN 1 14 2 5 -3.445 1.570 4.546
SPIN 1 14 2 6 -0.653 -0.383 5.867
SPIN 1 14 2 7 5.673 -1.618 0.442
SPIN 1 14 2 8 3.742 -1.972 -4.136
SPIN 1 14 2 9 -0.390 0.742 5.856
SPIN 1 14 2 10 -1.963 0.164 -5.578
SPIN 1 14 2 11 4.622 3.687 -0.203
SPIN 1 14 2 12 -2.034 0.343 -5.545
SPIN 1 14 2 13 0.281 -0.774 -5.858
SPIN 1 14 2 14 3.955 4.069 1.673
SPIN 1 14 2 15 -3.471 -3.641 3.114
SPIN 4 14 2 0 3.189 -3.802 -3.220
SPIN 4 14 2 1 -3.411 4.782 0.705
SPIN 4 14 2 2 0.585 -5.831 0.811
SPIN 4 14 2 3 -1.117 1.453 -5.625
SPIN 4 14 2 4 0.591 -5.366 -2.419
SPIN 4 14 2 5 0.607 5.684 -1.524
SPIN 4 14 2 6 -3.709 -3.901 2.454
SPIN 4 14 2 7 5.515 -1.385 1.631
SPIN 4 14 2 8 -2.384 -1.732 5.130
SPIN 4 14 2 9 4.236 0.089 -4.129
SPIN 4 14 2 10 -2.824 -4.570 2.479
SPIN 4 14 2 11 5.307 -0.504 2.566
SPIN 4 14 2 12 -5.456 2.156 0.766
SPIN 4 14 2 13 2.816 5.201 -0.125
SPIN 4 14 2 14 5.384 2.183 1.115
SPIN 4 14 2 15 -3.040 4.671 1.985
SPIN 1 14 3 0 -3.869 0.929 4.378
SPIN 1 14 3 1 -5.511 -2.149 -0.074
SPIN 1 14 3 2 3.359 -1.309 4.690
SPIN 1 14 3 3 -3.981 3.014 -3.172
SPIN 1 14 3 4 2.174 4.527 -3.127
SPIN 1 14 3 5 -2.520 -5.286 -0.843
SPIN 1 14 3 6 2.218 -3.196 -4.457
SPIN 1 14 3 7 0.357 -0.850 -5.844
SPIN 1 14 3 8 1.721 5.530 -1.207
SPIN 1 14 3 9 5.827 -0.625 0.810
SPIN 1 14 3 10 3.064 -5.059 -0.121
SPIN 1 14 3 11 -5.875 -0.657 -0.223
SPIN 1 14 3 12 4.090 0.554 -4.239
SPIN 1 14 3 13 -1.695 -3.112 -4.737
SPIN 1 14 3 14 -1.858 -3.357 4.503
SPIN 1 14 3 15 0.576 4.102 -4.224
SPIN 4 14 3 0 1.389 5.655 1.046
SPIN 4 14 3 1 -1.337 0.155 5.761
SPIN 4 14 3 2 3.383 4.846 -0.280
SPIN 4 14 3 3 -4.521 -3.389 1.755
SPIN 4 14 3 4 -1.886 -4.941 -2.651
SPIN 4 14 3 5 1.635 -1.187 5.560
SPIN 4 14 3 6 -4.268 -3.951 1.085
SPIN 4 14 3 7 4.113 0.017 4.253
SPIN 4 14 3 8 -4.096 -0.202 -4.264
SPIN 4 14 3 9 -2.294 0.195 5.450
SPIN 4 14 3 10 5.559 2.021 -0.098
SPIN 4 14 3 11 -1.725 3.337 -4.570
SPIN 4 14 3 12 1.801 0.061 5.635
SPIN 4 14 3 13 2.470 -1.192 -5.242
SPIN 4 14 3 14 0.134 -5.879 -0.652
SPIN 4 14 3 15 -5.086 -2.371 -1.874
SPIN 1 14 4 0 4.844 3.358 0.510
SPIN 1 14 4 1 2.834 5.189 0.199
SPIN 1 14 4 2 -1.978 -5.549 -0.541
SPIN 1 14 4 3 -0.557 -5.593 -1.846
SPIN 1 14 4 4 0.594 5.529 -2.020
SPIN 1 14 4 5 5.570 -1.548 -1.256
SPIN 1 14 4 6 -5.614 -0.500 1.798
SPIN 1 14 4 7 -0.683 5.580 -1.843
SPIN 1 14 4 8 3.951 -1.688 4.067
SPIN 1 14 4 9 1.051 -0.547 -5.796
SPIN 1 14 4 10 -5.183 -0.021 2.853
SPIN 1 14 4 11 4.182 -1.007 -4.062
SPIN 1 14 4 12 -2.015 -3.946 3.920
SPIN 1 14 4 13 2.900 -2.429 -4.549
SPIN 1 14 4 14 4.490 -3.699 1.078
SPIN 1 14 4 15 -5.040 -2.569 -1.731
SPIN 4 14 4 0 5.825 -0.538 -0.886
SPIN 4 14 4 1 -2.502 2.868 4.529
SPIN 4 14 4 2 2.607 -4.651 -2.563
SPIN 4 14 4 3 -4.580 3.721 0.416
SPIN 4 14 4 4 -1.110 1.085 5.709
SPIN 4 14 4 5 3.713 3.849 -2.529
SPIN 4 14 4 6 -0.234 -4.118 -4.242
SPIN 4 14 4 7 -4.579 2.253 2.993
SPIN 4 14 4 8 1.689 -5.468 -1.499
SPIN 4 14 4 9 2.891 3.450 -3.840
SPIN 4 14 4 10 -4.196 0.154 4.167
SPIN 4 14 4 11 0.946 5.438 -2.128
SPIN 4 14 4 12 -3.293 4.846 0.819
SPIN 4 14 4 13 -3.661 -1.416 4.426
SPIN 4 14 4 14 3.758 -4.009 2.192
SPIN 4 14 4 15 1.690 -0.319 5.661
SPIN 1 14 5 0 -3.753 4.322 1.494
SPIN 1 14 5 1 -5.114 0.214 -2.967
SPIN 1 14 5 2 1.160 -5.585 -1.570
SPIN 1 14 5 3 -3.198 3.868 3.132
SPIN 1 14 5 4 -3.255 -2.256 -4.395
SPIN 1 14 5 5 1.235 -5.648 -1.255
SPIN 1 14 5 6 1.745 -5.491 -1.344
SPIN 1 14 5 7 -4.193 -3.662 -2.003
SPIN 1 14 5 8 0.555 3.886 -4.426
SPIN 1 14 5 9 2.105 0.740 5.479
SPIN 1 14 5 10 -3.045 0.952 -4.982
SPIN 1 14 5 11 -1.631 -5.660 0.548
SPIN 1 14 5 12 5.759 -0.129 1.348
SPIN 1 14 5 13 -4.801 -3.406 -0.594
SPIN 1 14 5 14 0.461 -1.672 -5.656
SPIN 1 14 5 15 -1.158 -5.131 -2.708
SPIN 4 14 5 0 0.936 -5.841 -0.109
SPIN 4 14 5 1 -2.099 -3.509 4.276
SPIN 4 14 5 2 4.858 2.528 -2.238
SPIN 4 14 5 3 2.021 -4.867 2.688
SPIN 4 14 5 4 1.714 1.383 -5.491
SPIN 4 14 5 5 3.994 3.457 2.663
SPIN 4 14 5 6 -1.986 1.707 5.305
SPIN 4 14 5 7 -0.063 -5.915 0.072
SPIN 4 14 5 8 5.714 0.687 -1.369
SPIN 4 14 5 9 -3.810 -2.118 -4.000
SPIN 4 14 5 10 5.835 0.940 0.272
SPIN 4 14 5 11 -4.599 -3.265 -1.785
SPIN 4 14 5 12 0.126 2.637 -5.294
SPIN 4 14 5 13 4.332 -3.560 1.888
SPIN 4 14 5 14 -0.944 4.345 3.902
SPIN 4 14 5 15 5.824 0.918 -0.495
SPIN 1 14 6 0 0.226 3.967 4.384
SPIN 1 14 6 1 0.496 1.987 -5.550
SPIN 1 14 6 2 -5.623 0.181 1.830
SPIN 1 14 6 3 5.745 -0.868 1.113
SPIN 1 14 6 4 -0.424 0.046 -5.901
SPIN 1 14 6 5 -0.122 2.256 5.468
SPIN 1 14 6 6 -3.797 -2.817 3.556
SPIN 1 14 6 7 5.316 1.162 2.321
SPIN 1 14 6 8 -2.995 1.767 -4.786
SPIN 1 14 6 9 -0.768 3.788 -4.479
SPIN 1 14 6 10 3.631 4.261 1.913
SPIN 1 14 6 11 -3.980 2.850 3.323
SPIN 1 14 6 12 -1.837 -5.548 0.920
SPIN 1 14 6 13 4.920 1.771 2.768
SPIN 1 14 6 14 -5.423 -1.769 -1.567
SPIN 1 14 6 15 0.429 -2.175 5.485
SPIN 4 14 6 0 -4.692 -3.060 1.903
SPIN 4 14 6 1 3.289 4.281 2.419
SPIN 4 14 6 2 -4.976 -2.788 1.569
SPIN 4 14 6 3 -1.097 5.577 1.640
SPIN 4 14 6 4 3.878 -4.144 -1.668
SPIN 4 14 6 5 -0.624 -3.363 4.827
SPIN 4 14 6 6 -2.002 5.555 0.363
SPIN 4 14 6 7 3.035 4.417 -2.505
SPIN 4 14 6 8 -1.444 -5.531 -1.523
SPIN 4 14 6 9 4.680 0.275 3.609
SPIN 4 14 6 10 -5.904 0.058 0.378
SPIN 4 14 6 11 5.283 2.136 -1.589
SPIN 4 14 6 12 4.068 4.209 -0.855
SPIN 4 14 6 13 -4.419 3.835 0.875
SPIN 4 14 6 14 1.629 -5.048 -2.620
SPIN 4 14 6 15 -1.840 1.108 -5.512
SPIN 1 14 7 0 2.778 2.156 4.758
SPIN 1 14 7 1 1.832 -5.592 0.608
SPIN 1 14 7 2 -4.283 0.284 4.072
SPIN 1 14 7 3 0.191 5.913 -0.058
SPIN 1 14 7 4 1.287 3.580 4.531
SPIN 1 14 7 5 1.927 -4.502 -3.320
SPIN 1 14 7 6 5.045 0.645 3.022
SPIN 1 14 7 7 -5.276 1.806 -1.975
SPIN 1 14 7 8 0.266 -5.765 1.303
SPIN 1 14 7 9 -5.888 0.360 -0.451
SPIN 1 14 7 10 0.601 -5.620 1.747
SPIN 1 14 7 11 4.988 -2.965 -1.153
SPIN 1 14 7 12 -5.378 -1.397 -2.030
SPIN 1 14 7 13 5.153 -2.100 -2.008
SPIN 1 14 7 14 -2.329 4.011 -3.672
SPIN 1 14 7 15 3.582 4.613 -0.943
SPIN 4 14 7 0 -1.271 -4.764 3.270
SPIN 4 14 7 1 4.998 0.264 -3.154
SPIN 4 14 7 2 0.681 -1.939 -5.548
SPIN 4 14 7 3 5.064 -2.053 2.268
SPIN 4 14 7 4 1.928 4.079 -3.827
SPIN 4 14 7 5 0.896 5.565 -1.795
SPIN 4 14 7 6 2.311 -3.376 4.274
SPIN 4 14 7 7 4.044 -0.447 4.295
SPIN 4 14 7 8 -3.208 4.963 0.280
SPIN 4 14 7 9 -3.133 -3.573 -3.524
SPIN 4 14 7 10 -3.730 -3.686 2.738
SPIN 4 14 7 11 2.760 -1.704 4.947
SPIN 4 14 7 12 -4.967 -1.046 3.039
SPIN 4 14 7 13 4.662 -3.642 -0.010
SPIN 4 14 7 14 -2.022 3.465 4.348
SPIN 4 14 7 15 4.760 2.932 -1.936
SPIN 1 14 8 0 -4.220 -3.287 -2.527
SPIN 1 14 8 1 3.811 4.329 -1.319
SPIN 1 14 8 2 -4.634 1.445 3.381
SPIN 1 14 8 3 1.696 -0.293 5.660
SPIN 1 14 8 4 -5.060 2.558 1.689
SPIN 1 14 8 5 -5.638 1.753 -0.367
SPIN 1 14 8 6 2.593 -4.858 2.163
SPIN 1 14 8 7 0.672 5.864 -0.406
SPIN 1 14 8 8 -1.063 5.803 -0.436
SPIN 1 14 8 9 4.912 -2.040 2.589
SPIN 1 14 8 10 4.874 2.888 1.705
SPIN 1 14 8 11 -1.658 2.537 -5.081
SPIN 1 14 8 12 3.769 0.597 -4.521
SPIN 1 14 8 13 2.378 -3.667 -3.987
SPIN 1 14 8 14 -1.273 -5.097 -2.721
SPIN 1 14 8 15 1.726 -3.072 4.752
SPIN 4 14 8 0 -5.202 1.724 -2.227
SPIN 4 14 8 1 -5.034 -1.840 2.503
SPIN 4 14 8 2 -3.399 -2.690 -4.026
SPIN 4 14 8 3 3.394 -4.812 0.568
SPIN 4 14 8 4 -2.075 -4.805 -2.758
SPIN 4 14 8 5 3.405 3.151 -3.671
SPIN 4 14 8 6 -1.817 -4.517 -3.360
SPIN 4 14 8 7 -1.184 0.287 -5.789
SPIN 4 14 8 8 4.075 1.124 -4.139
SPIN 4 14 8 9 -4.017 -2.346 3.655
SPIN 4 14 8 10 0.225 5.058 3.060
SPIN 4 14 8 11 -3.913 4.385 0.677
SPIN 4 14 8 12 -2.107 -0.508 5.505
SPIN 4 14 8 13 -1.610 -5.406 -1.786
SPIN 4 14 8 14 5.278 -1.695 2.066
SPIN 4 14 8 15 -2.061 -3.847 -3.994
SPIN 1 14 9 0 0.785 0.056 5.864
SPIN 1 14 9 1 -0.890 -5.849 -0.001
SPIN 1 14 9 2 -3.968 4.240 -1.132
SPIN 1 14 9 3 -0.021 2.302 -5.450
SPIN 1 14 9 4 -4.191 1.029 4.047
SPIN 1 14 9 5 -0.313 -5.884 0.525
SPIN 1 14 9 6 -2.365 4.291 -3.316
SPIN 1 14 9 7 5.540 -0.532 -2.007
SPIN 1 14 9 8 0.996 3.148 -4.909
SPIN 1 14 9 9 -4.167 0.628 -4.152
SPIN 1 14 9 10 -5.128 2.704 1.182
SPIN 1 14 9 11 -0.657 -2.108 -5.489
SPIN 1 14 9 12 -2.368 -5.354 -0.851
SPIN 1 14 9 13 2.810 5.203 0.174
SPIN 1 14 9 14 -3.314 0.430 4.882
SPIN 1 14 9 15 1.920 0.113 -5.595
SPIN 4 14 9 0 5.740 -0.580 -1.310
SPIN 4 14 9 1 -5.479 -1.835 1.269
SPIN 4 14 9 2 2.034 -5.529 0.540
SPIN 4 14 9 3 -0.146 1.493 -5.723
SPIN 4 14 9 4 -4.120 3.565 2.307
SPIN 4 14 9 5 2.176 3.588 4.170
SPIN 4 14 9 6 3.021 -3.628 -3.565
SPIN 4 14 9 7 -3.224 -3.395 3.617
SPIN 4 14 9 8 -0.378 1.157 5.790
SPIN 4 14 9 9 -1.217 0.436 -5.773
SPIN 4 14 9 10 -1.026 4.533 -3.660
SPIN 4 14 9 11 1.012 -4.844 3.243
SPIN 4 14 9 12 5.579 1.812 0.768
SPIN 4 14 9 13 -0.429 -1.973 5.561
SPIN 4 14 9 14 -1.483 2.167 -5.301
SPIN 4 14 9 15 -2.733 2.934 4.350
SPIN 1 14 10 0 0.925 -5.691 -1.327
SPIN 1 14 10 1 -5.802 -1.033 -0.517
SPIN 1 14 10 2 5.026 -1.590 -2.685
SPIN 1 14 10 3 4.165 -1.183 4.031
SPIN 1 14 10 4 -0.098 2.874 5.170
SPIN 1 14 10 5 -2.260 2.355 -4.934
SPIN 1 14 10 6 -4.958 -2.981 -1.239
SPIN 1 14 10 7 -1.132 -1.239 5.673
SPIN 1 14 10 8 -0.345 0.147 5.904
SPIN 1 14 10 9 2.212 -5.464 0.496
SPIN 1 14 10 10 -5.696 1.558 0.356
SPIN 1 14 10 11 -3.544 -0.996 -4.631
SPIN 1 14 10 12 -3.319 -4.654 -1.524
SPIN 1 14 10 13 -5.394 -2.344 -0.638
SPIN 1 14 10 14 3.833 -0.063 -4.506
SPIN 1 14 10 15 -5.156 0.113 -2.899
SPIN 4 14 10 0 -2.081 3.864 -3.967
SPIN 4 14 10 1 2.097 -5.532 -0.007
SPIN 4 14 10 2 -5.627 -1.685 -0.710
SPIN 4 14 10 3 1.256 4.013 -4.161
SPIN 4 14 10 4 4.974 -0.866 -3.084
SPIN 4 14 10 5 -5.079 -1.221 -2.777
SPIN 4 14 10 6 -0.189 -5.717 1.511
SPIN 4 14 10 7 -1.277 2.107 -5.379
SPIN 4 14 10 8 -3.098 4.997 -0.661
SPIN 4 14 10 9 5.817 -0.368 1.011
SPIN 4 14 10 10 3.251 3.283 -3.695
SPIN 4 14 10 11 -4.611 -0.849 -3.608
SPIN 4 14 10 12 2.288 -4.930 2.338
SPIN 4 14 10 13 -5.349 0.682 -2.434
SPIN 4 14 10 14 1.920 4.610 -3.172
SPIN 4 14 10 15 5.110 -1.312 2.678
SPIN 1 14 11 0 4.690 -2.353 -2.734
SPIN 1 14 11 1 -1.548 0.450 5.692
SPIN 1 14 11 2 2.386 -0.999 -5.321
SPIN 1 14 11 3 0.288 -0.242 5.904
SPIN 1 14 11 4 -4.694 3.554 -0.576
SPIN 1 14 11 5 4.836 -3.178 1.230
SPIN 1 14 11 6 -4.830 -2.962 1.703
SPIN 1 14 11 7 1.312 1.673 5.521
SPIN 1 14 11 8 1.339 -5.155 -2.576
SPIN 1 14 11 9 -4.916 -0.237 3.283
SPIN 1 14 11 10 0.100 -5.253 -2.719
SPIN 1 14 11 11 -5.132 -1.032 2.756
SPIN 1 14 11 12 5.894 0.294 -0.418
SPIN 1 14 11 13 -5.480 1.909 1.153
SPIN 1 14 11 14 -1.374 -4.521 3.560
SPIN 1 14 11 15 -1.148 5.373 2.193
SPIN 4 14 11 0 2.012 -5.436 1.185
SPIN 4 14 11 1 -5.479 0.269 -2.216
SPIN 4 14 11 2 -4.916 -1.866 -2.711
SPIN 4 14 11 3 4.375 -1.648 -3.625
SPIN 4 14 11 4 -4.917 2.247 -2.402
SPIN 4 14 11 5 2.036 5.464 -1.000
SPIN 4 14 11 6 0.427 5.869 -0.608
SPIN 4 14 11 7 1.888 -0.577 5.577
SPIN 4 14 11 8 -2.519 -1.869 -5.016
SPIN 4 14 11 9 2.363 5.319 -1.062
SPIN 4 14 11 10 -3.063 -4.595 -2.122
SPIN 4 14 11 11 -2.764 1.343 5.055
SPIN 4 14 11 12 3.448 -4.188 -2.360
SPIN 4 14 11 13 5.751 0.952 -1.007
SPIN 4 14 11 14 -4.914 -1.366 -2.998
SPIN 4 14 11 15 -2.086 3.071 -4.606
SPIN 1 14 12 0 2.402 4.991 2.078
SPIN 1 14 12 1 -1.152 5.182 -2.612
SPIN 1 14 12 2 5.032 -1.047 2.929
SPIN 1 14 12 3 -2.267 5.401 -0.831
SPIN 1 14 12 4 -3.595 -1.293 4.517
SPIN 1 14 12 5 -3.302 -1.647 -4.624
SPIN 1 14 12 6 -1.927 1.702 5.328
SPIN 1 14 12 7 4.307 3.976 0.804
SPIN 1 14 12 8 -5.119 2.866 0.760
SPIN 1 14 12 9 -5.544 -2.023 0.412
SPIN 1 14 12 10 0.188 -5.782 1.239
SPIN 1 14 12 11 0.170 5.746 -1.398
SPIN 1 14 12 12 -2.812 -1.794 4.886
SPIN 1 14 12 13 2.559 -0.060 -5.334
SPIN 1 14 12 14 3.201 -4.632 -1.817
SPIN 1 14 12 15 1.826 -3.365 4.510
SPIN 4 14 12 0 -2.728 -2.672 4.519
SPIN 4 14 12 1 -2.370 -2.931 4.560
SPIN 4 14 12 2 2.311 4.507 -3.058
SPIN 4 14 12 3 3.088 4.819 -1.497
SPIN 4 14 12 4 -4.029 -4.328 0.192
SPIN 4 14 12 5 4.208 -3.964 1.257
SPIN 4 14 12 6 -0.635 -1.603 -5.659
SPIN 4 14 12 7 -1.445 5.555 -1.433
SPIN 4 14 12 8 3.203 -4.188 2.684
SPIN 4 14 12 9 -5.025 3.076 0.532
SPIN 4 14 12 10 5.286 0.263 2.644
SPIN 4 14 12 11 4.260 3.023 -2.778
SPIN 4 14 12 12 -4.573 3.006 2.247
SPIN 4 14 12 13 0.235 -0.766 -5.862
SPIN 4 14 12 14 3.905 1.130 4.298
SPIN 4 14 12 15 2.764 4.354 -2.899
SPIN 1 14 13 0 4.126 -4.075 -1.169
SPIN 1 14 13 1 -4.704 -2.021 2.964
SPIN 1 14 13 2 -4.497 -0.574 -3.801
SPIN 1 14 13 3 -0.677 -3.912 4.386
SPIN 1 14 13 4 -1.976 5.559 -0.445
SPIN 1 14 13 5 1.824 -5.591 -0.644
SPIN 1 14 13 6 -2.868 4.897 -1.673
SPIN 1 14 13 7 -2.458 -0.360 5.369
SPIN 1 14 13 8 -2.264 5.246 1.534
SPIN 1 14 13 9 -1.540 4.252 3.814
SPIN 1 14 13 10 2.628 -4.256 3.159
SPIN 1 14 13 11 -1.474 0.385 5.716
SPIN 1 14 13 12 0.576 -5.655 -1.639
SPIN 1 14 13 13 2.515 5.281 0.886
SPIN 1 14 13 14 -3.466 -1.790 4.448
SPIN 1 14 13 15 1.461 -0.127 -5.731
SPIN 4 14 13 0 -4.695 -0.509 -3.564
SPIN 4 14 13 1 -2.579 -5.018 1.779
SPIN 4 14 13 2 2.942 4.971 1.280
SPIN 4 14 13 3 -1.976 -3.513 4.330
SPIN 4 14 13 4 4.306 1.294 3.845
SPIN 4 14 13 5 -1.877 -5.034 -2.477
SPIN 4 14 13 6 -2.882 3.249 4.018
SPIN 4 14 13 7 2.306 -1.028 -5.350
SPIN 4 14 13 8 -5.354 0.731 2.409
SPIN 4 14 13 9 -5.783 1.159 0.459
SPIN 4 14 13 10 -1.822 -5.504 -1.179
SPIN 4 14 13 11 -5.249 0.140 -2.726
SPIN 4 14 13 12 1.630 -4.921 2.851
SPIN 4 14 13 13 5.741 -0.550 -1.320
SPIN 4 14 13 14 0.434 5.186 -2.814
SPIN 4 14 13 15 4.942 2.638 -1.901
SPIN 1 14 14 0 4.906 2.853 -1.671
SPIN 1 14 14 1 4.123 4.018 1.364
SPIN 1 14 14 2 5.238 -2.534 -1.068
SPIN 1 14 14 3 5.810 0.961 -0.563
SPIN 1 14 14 4 -5.877 -0.630 0.247
SPIN 1 14 14 5 5.538 -1.164 1.726
SPIN 1 14 14 6 3.873 -3.160 -3.165
SPIN 1 14 14 7 0.413 2.325 -5.424
SPIN 1 14 14 8 0.738 -0.494 -5.849
SPIN 1 14 14 9 -2.402 5.373 0.599
SPIN 1 14 14 10 4.681 -3.405 1.221
SPIN 1 14 14 11 3.573 -0.928 4.623
SPIN 1 14 14 12 -1.064 -3.486 4.660
SPIN 1 14 14 13 0.816 -4.596 3.635
SPIN 1 14 14 14 -2.849 2.879 -4.312
SPIN 1 14 14 15 -1.354 -5.384 2.043
SPIN 4 14 14 0 3.688 3.343 3.197
SPIN 4 14 14 1 2.058 0.992 -5.457
SPIN 4 14 14 2 -4.618 -3.680 0.367
SPIN 4 14 14 3 -1.254 3.829 -4.332
SPIN 4 14 14 4 2.524 3.541 -4.011
SPIN 4 14 14 5 4.071 4.270 -0.442
SPIN 4 14 14 6 5.499 2.181 -0.054
SPIN 4 14 14 7 3.274 4.385 2.248
SPIN 4 14 14 8 2.609 -3.467 -4.021
SPIN 4 14 14 9 4.156 -4.108 0.926
SPIN 4 14 14 10 -2.510 5.030 1.844
SPIN 4 14 14 11 5.693 0.278 -1.585
SPIN 4 14 14 12 -4.343 3.297 2.295
SPIN 4 14 14 13 3.825 -0.584 -4.476
SPIN 4 14 14 14 2.489 4.335 3.164
SPIN 4 14 14 15 -1.959 -4.561 3.219
SPIN 1 14 15 0 -4.681 -1.970 -3.035
SPIN 1 14 15 1 -3.199 -4.465 2.199
SPIN 1 14 15 2 2.630 4.305 3.091
SPIN 1 14 15 3 -0.587 3.494 4.738
SPIN 1 14 15 4 0.237 -5.102 -2.986
SPIN 1 14 15 5 -5.645 -1.109 1.382
SPIN 1 14 15 6 -3.533 1.063 -4.625
SPIN 1 14 15 7 0.108 -2.885 5.164
SPIN 1 14 15 8 1.797 -4.387 3.539
SPIN 1 14 15 9 -3.952 -3.577 2.567
SPIN 1 14 15 10 4.405 1.653 -3.586
SPIN 1 14 15 11 1.494 4.218 -3.870
SPIN 1 14 15 12 3.859 -0.718 4.427
SPIN 1 14 15 13 -4.210 3.925 -1.367
SPIN 1 14 15 14 4.628 -1.047 -3.533
SPIN 1 14 15 15 2.695 1.061 5.159
SPIN 4 14 15 0 -5.359 -2.149 1.289
SPIN 4 14 15 1 4.455 -0.445 -3.867
SPIN 4 14 15 2 -1.431 5.739 0.148
SPIN 4 14 15 3 1.160 1.409 5.627
SPIN 4 14 15 4 -2.748 -4.046 3.329
SPIN 4 14 15 5 -0.177 -4.845 -3.390
SPIN 4 14 15 6 5.252 0.302 2.706
SPIN 4 14 15 7 -3.796 1.183 4.381
SPIN 4 14 15 8 -1.445 4.710 -3.275
SPIN 4 14 15 9 -5.290 1.082 2.417
SPIN 4 14 15 10 0.554 -5.817 0.925
SPIN 4 14 15 11 -3.782 0.785 4.481
SPIN 4 14 15 12 3.895 -2.119 -3.916
SPIN 4 14 15 13 0.283 2.293 5.446
SPIN 4 14 15 14 5.272 -1.174 -2.415
SPIN 4 14 15 15 1.485 4.260 -3.828
SPIN 3 14 0 0 -5.611 1.693 0.809
SPIN 3 14 0 1 2.051 -5.537 -0.366
SPIN 3 14 0 2 -3.227 4.444 -2.198
SPIN 3 14 0 3 3.888 4.380 0.837
SPIN 3 14 0 4 -2.589 5.315 0.214
SPIN 3 14 0 5 4.873 2.323 -2.421
SPIN 3 14 0 6 1.549 -5.082 -2.603
SPIN 3 14 0 7 3.484 -4.781 0.035
SPIN 3 14 0 8 2.096 0.542 -5.506
SPIN 3 14 0 9 -3.406 4.575 1.573
SPIN 3 14 0 10 -1.620 5.648 -0.693
SPIN 3 14 0 11 4.860 0.508 3.335
SPIN 3 14 0 12 -1.056 -5.007 2.969
SPIN 3 14 0 13 0.693 3.823 4.461
SPIN 3 14 0 14 5.095 -0.142 -3.004
SPIN 3 14 0 15 -2.741 -1.960 -4.862
SPIN 2 14 0 0 4.000 -2.504 3.568
SPIN 2 14 0 1 -5.261 2.620 -0.676
SPIN 2 14 0 2 1.792 0.483 5.617
SPIN 2 14 0 3 -5.264 0.721 -2.603
SPIN 2 14 0 4 4.084 -1.722 -3.918
SPIN 2 14 0 5 -5.291 0.352 2.624
SPIN 2 14 0 6 4.158 4.199 -0.286
SPIN 2 14 0 7 -5.113 2.967 0.234
SPIN 2 14 0 8 1.299 -5.752 0.470
SPIN 2 14 0 9 -2.318 -2.029 5.051
SPIN 2 14 0 10 4.736 3.523 -0.404
SPIN 2 14 0 11 -0.117 -1.022 5.826
SPIN 2 14 0 12 1.672 -4.214 3.801
SPIN 2 14 0 13 2.367 5.335 -0.966
SPIN 2 14 0 14 5.037 1.882 -2.467
SPIN 2 14 0 15 -5.258 -2.550 0.923
SPIN 3 14 1 0 2.404 -2.477 4.805
SPIN 3 14 1 1 5.541 -1.571 -1.351
SPIN 3 14 1 2 -5.846 0.490 -0.768
SPIN 3 14 1 3 1.096 -5.026 -2.921
SPIN 3 14 1 4 -1.001 -2.020 -5.470
SPIN 3 14 1 5 -4.165 -0.290 4.192
SPIN 3 14 1 6 3.317 -0.734 -4.843
SPIN 3 14 1 7 3.031 -0.046 5.081
SPIN 3 14 1 8 2.858 -4.068 -3.206
SPIN 3 14 1 9 1.684 -2.657 -5.010
SPIN 3 14 1 10 -2.724 -1.510 5.030
SPIN 3 14 1 11 -0.011 3.437 -4.815
SPIN 3 14 1 12 -5.874 0.687 0.161
SPIN 3 14 1 13 -3.919 4.410 -0.435
SPIN 3 14 1 14 -5.166 2.340 1.685
SPIN 3 14 1 15 -1.972 -4.436 3.381
SPIN 2 14 1 0 1.768 -4.353 -3.595
SPIN 2 14 1 1 2.507 5.357 -0.115
SPIN 2 14 1 2 5.196 -2.781 0.511
SPIN 2 14 1 3 2.851 -2.375 4.608
SPIN 2 14 1 4 -0.229 1.281 5.771
SPIN 2 14 1 5 1.723 4.136 -3.863
SPIN 2 14 1 6 -5.407 2.401 0.065
SPIN 2 14 1 7 4.467 -3.018 -2.436
SPIN 2 14 1 8 -0.085 4.974 -3.202
SPIN 2 14 1 9 0.460 -5.330 2.526
SPIN 2 14 1 10 -5.294 -2.448 -0.989
SPIN 2 14 1 11 4.095 4.210 -0.707
SPIN 2 14 1 12 -5.696 -1.569 0.311
SPIN 2 14 1 13 -3.654 3.118 3.454
SPIN 2 14 1 14 -1.066 -0.968 -5.738
SPIN 2 14 1 15 -5.121 -2.826 -0.888
SPIN 3 14 2 0 0.452 4.130 -4.212
SPIN 3 14 2 1 -0.718 -1.927 -5.547
SPIN 3 14 2 2 -0.343 5.844 0.853
SPIN 3 14 2 3 -2.255 1.704 -5.198
SPIN 3 14 2 4 5.745 -1.397 0.194
SPIN 3 14 2 5 3.988 -3.998 -1.764
SPIN 3 14 2 6 -0.333 -4.303 4.046
SPIN 3 14 2 7 -4.499 -1.052 -3.694
SPIN 3 14 2 8 -3.574 -1.179 -4.564
SPIN 3 14 2 9 -0.092 -5.470 2.251
SPIN 3 14 2 10 4.035 -2.003 3.835
SPIN 3 14 2 11 1.851 5.098 -2.364
SPIN 3 14 2 12 -0.806 -4.870 -3.261
SPIN 3 14 2 13 2.733 4.502 -2.695
SPIN 3 14 2 14 3.821 -2.546 3.730
SPIN 3 14 2 15 2.079 -1.169 5.414
SPIN 2 14 2 0 -1.217 5.355 2.200
SPIN 2 14 2 1 -1.172 -4.653 3.461
SPIN 2 14 2 2 -5.809 -1.122 0.033
SPIN 2 14 2 3 2.798 -2.476 4.587
SPIN 2 14 2 4 -3.999 -1.023 4.238
SPIN 2 14 2 5 3.799 4.281 1.499
SPIN 2 14 2 6 5.442 -1.382 1.864
SPIN 2 14 2 7 4.098 1.521 3.987
SPIN 2 14 2 8 -4.491 3.427 1.758
SPIN 2 14 2 9 0.940 4.555 -3.656
SPIN 2 14 2 10 3.353 3.296 3.591
SPIN 2 14 2 11 -5.904 0.079 0.363
SPIN 2 14 2 12 -3.913 3.889 2.136
SPIN 2 14 2 13 4.100 -1.544 3.976
SPIN 2 14 2 14 0.553 -2.564 -5.303
SPIN 2 14 2 15 1.458 2.637 -5.091
SPIN 3 14 3 0 1.580 -3.967 -4.095
SPIN 3 14 3 1 -5.059 2.375 -1.940
SPIN 3 14 3 2 0.609 -5.324 2.507
SPIN 3 14 3 3 -4.045 -2.022 3.814
SPIN 3 14 3 4 -4.752 -1.700 -3.087
SPIN 3 14 3 5 -0.098 -1.506 5.720
SPIN 3 14 3 6 -3.718 2.588 -3.805
SPIN 3 14 3 7 -3.206 -3.088 3.897
SPIN 3 14 3 8 -2.097 -5.115 2.107
SPIN 3 14 3 9 -2.063 -1.390 -5.368
SPIN 3 14 3 10 1.787 -1.910 5.307
SPIN 3 14 3 11 2.068 -4.378 3.399
SPIN 3 14 3 12 3.868 4.476 0.078
SPIN 3 14 3 13 -3.064 -4.013 3.083
SPIN 3 14 3 14 1.318 5.100 -2.693
SPIN 3 14 3 15 3.104 -4.391 -2.467
SPIN 2 14 3 0 1.881 5.129 2.271
SPIN 2 14 3 1 -0.607 -3.216 4.928
SPIN 2 14 3 2 4.614 1.027 3.558
SPIN 2 14 3 3 -5.449 -1.123 -2.013
SPIN 2 14 3 4 3.961 2.265 -3.766
SPIN 2 14 3 5 -1.538 -5.631 0.964
SPIN 2 14 3 6 -2.095 5.454 0.928
SPIN 2 14 3 7 -0.381 5.679 -1.615
SPIN 2 14 3 8 3.320 -4.739 1.234
SPIN 2 14 3 9 -5.506 0.773 -2.020
SPIN 2 14 3 10 -4.529 -1.689 -3.411
SPIN 2 14 3 11 -4.905 2.666 -1.959
SPIN 2 14 3 12 5.214 2.614 0.992
SPIN 2 14 3 13 -1.803 -5.380 1.677
SPIN 2 14 3 14 5.313 2.534 0.589
SPIN 2 14 3 15 -1.731 5.232 2.151
SPIN 3 14 4 0 -4.575 -3.638 -0.912
SPIN 3 14 4 1 -0.363 -5.218 -2.764
SPIN 3 14 4 2 -1.343 5.607 -1.326
SPIN 3 14 4 3 4.720 -3.063 1.827
SPIN 3 14 4 4 4.819 2.293 2.553
SPIN 3 14 4 5 -3.830 2.405 -3.814
SPIN 3 14 4 6 4.950 -1.862 2.652
SPIN 3 14 4 7 2.666 -4.469 -2.815
SPIN 3 14 4 8 5.227 2.275 -1.580
SPIN 3 14 4 9 1.272 -4.881 3.092
SPIN 3 14 4 10 -3.947 3.829 -2.182
SPIN 3 14 4 11 2.461 1.623 -5.129
SPIN 3 14 4 12 0.536 5.044 -3.044
SPIN 3 14 4 13 -4.708 -2.084 2.915
SPIN 3 14 4 14 0.142 -2.707 -5.259
SPIN 3 14 4 15 -3.596 -4.559 -1.132
SPIN 2 14 4 0 -2.575 4.764 2.381
SPIN 2 14 4 1 2.915 3.824 3.446
SPIN 2 14 4 2 -4.305 0.673 -4.002
SPIN 2 14 4 3 5.795 -0.649 -1.001
SPIN 2 14 4 4 -1.453 4.273 -3.825
SPIN 2 14 4 5 -1.674 -1.895 5.348
SPIN 2 14 4 6 3.337 4.794 0.940
SPIN 2 14 4 7 -1.544 -2.950 4.890
SPIN 2 14 4 8 1.083 2.599 -5.203
SPIN 2 14 4 9 3.957 4.173 1.386
SPIN 2 14 4 10 3.924 2.975 -3.279
SPIN 2 14 4 11 3.315 -4.529 1.871
SPIN 2 14 4 12 -5.458 1.999 -1.103
SPIN 2 14 4 13 1.180 -2.671 5.145
SPIN 2 14 4 14 -4.731 3.418 -0.970
SPIN 2 14 4 15 4.258 -3.923 -1.215
SPIN 3 14 5 0 -2.975 5.106 0.275
SPIN 3 14 5 1 4.146 2.632 -3.299
SPIN 3 14 5 2 2.501 0.239 5.356
SPIN 3 14 5 3 -4.596 2.010 -3.136
SPIN 3 14 5 4 -5.565 1.844 -0.794
SPIN 3 14 5 5 -1.814 -5.487 1.265
SPIN 3 14 5 6 5.330 -1.131 2.306
SPIN 3 14 5 7 -1.071 3.778 -4.425
SPIN 3 14 5 8 -2.077 5.441 -1.040
SPIN 3 14 5 9 -5.855 0.798 -0.277
SPIN 3 14 5 10 -2.933 -1.984 -4.740
SPIN 3 14 5 11 3.871 4.432 -0.614
SPIN 3 14 5 12 -2.292 -1.436 5.262
SPIN 3 14 5 13 4.691 3.102 -1.836
SPIN 3 14 5 14 -4.147 -0.061 4.219
SPIN 3 14 5 15 -0.355 1.309 -5.759
SPIN 2 14 5 0 2.516 -3.011 4.428
SPIN 2 14 5 1 -1.209 -5.495 1.830
SPIN 2 14 5 2 4.280 3.437 2.205
SPIN 2 14 5 3 -3.495 -1.191 4.622
SPIN 2 14 5 4 4.395 3.941 0.395
SPIN 2 14 5 5 -0.591 -1.557 -5.677
SPIN 2 14 5 6 4.842 -1.236 3.167
SPIN 2 14 5 7 5.073 -2.143 -2.162
SPIN 2 14 5 8 -2.859 -3.952 3.348
SPIN 2 14 5 9 4.857 3.375 -0.150
SPIN 2 14 5 10 3.146 -1.832 4.663
SPIN 2 14 5 11 -4.715 -2.858 2.144
SPIN 2 14 5 12 2.721 4.422 2.836
SPIN 2 14 5 13 2.467 -1.705 -5.100
SPIN 2 14 5 14 4.679 1.945 -3.053
SPIN 2 14 5 15 -1.477 1.587 -5.505
SPIN 3 14 6 0 -3.937 4.120 -1.589
SPIN 3 14 6 1 2.610 3.590 -3.911
SPIN 3 14 6 2 -3.831 4.507 -0.125
SPIN 3 14 6 3 -5.484 2.087 -0.753
SPIN 3 14 6 4 -5.098 -2.970 0.443
SPIN 3 14 6 5 4.268 -3.608 -1.942
SPIN 3 14 6 6 -5.708 1.543 -0.187
SPIN 3 14 6 7 4.011 -4.241 0.962
SPIN 3 14 6 8 0.864 -2.339 5.365
SPIN 3 14 6 9 -4.372 -3.985 0.086
SPIN 3 14 6 10 4.136 3.187 -2.781
SPIN 3 14 6 11 -0.162 4.044 4.315
SPIN 3 14 6 12 -2.340 5.331 -1.052
SPIN 3 14 6 13 -4.546 -1.732 3.366
SPIN 3 14 6 14 0.466 5.568 -1.944
SPIN 3 14 6 15 -0.096 -0.148 5.913
SPIN 2 14 6 0 -4.700 0.457 3.564
SPIN 2 14 6 1 3.655 -4.237 1.922
SPIN 2 14 6 2 -2.042 -0.276 5.546
SPIN 2 14 6 3 3.613 -2.023 4.225
SPIN 2 14 6 4 -2.691 -5.220 -0.713
SPIN 2 14 6 5 -1.012 5.678 1.320
SPIN 2 14 6 6 3.105 -4.575 2.104
SPIN 2 14 6 7 -3.432 -4.225 -2.317
SPIN 2 14 6 8 -5.764 0.398 -1.270
SPIN 2 14 6 9 0.527 2.747 5.213
SPIN 2 14 6 10 1.025 -5.784 -0.701
SPIN 2 14 6 11 -0.894 5.827 -0.502
SPIN 2 14 6 12 5.132 -1.721 -2.388
SPIN 2 14 6 13 -2.434 3.680 3.941
SPIN 2 14 6 14 -3.813 -1.161 -4.372
SPIN 2 14 6 15 5.086 2.715 -1.326
SPIN 3 14 7 0 -0.269 5.115 -2.961
SPIN 3 14 7 1 -0.642 -5.812 0.901
SPIN 3 14 7 2 0.018 2.288 -5.456
SPIN 3 14 7 3 1.215 5.787 0.178
SPIN 3 14 7 4 5.217 0.696 -2.703
SPIN 3 14 7 5 -4.399 1.012 3.824
SPIN 3 14 7 6 5.193 2.795 0.466
SPIN 3 14 7 7 4.273 3.176 2.579
SPIN 3 14 7 8 4.652 3.015 -2.066
SPIN 3 14 7 9 2.985 4.320 2.725
SPIN 3 14 7 10 -3.901 4.368 0.835
SPIN 3 14 7 11 -2.966 -4.276 2.814
SPIN 3 14 7 12 4.268 1.415 -3.844
SPIN 3 14 7 13 1.309 -1.047 -5.674
SPIN 3 14 7 14 0.328 1.870 5.603
SPIN 3 14 7 15 2.234 -4.851 2.545
SPIN 2 14 7 0 4.974 -3.122 0.714
SPIN 2 14 7 1 -2.320 4.657 2.816
SPIN 2 14 7 2 0.804 -1.997 5.511
SPIN 2 14 7 3 -2.659 -4.725 2.368
SPIN 2 14 7 4 5.673 -0.691 -1.528
SPIN 2 14 7 5 -1.702 -5.607 0.813
SPIN 2 14 7 6 -1.617 -1.897 -5.365
SPIN 2 14 7 7 3.631 2.621 -3.866
SPIN 2 14 7 8 -1.073 -5.536 1.789
SPIN 2 14 7 9 3.906 3.060 -3.222
SPIN 2 14 7 10 5.268 2.091 -1.697
SPIN 2 14 7 11 2.275 4.325 -3.334
SPIN 2 14 7 12 1.054 -4.594 -3.575
SPIN 2 14 7 13 -5.842 0.845 -0.392
SPIN 2 14 7 14 -1.753 4.661 3.194
SPIN 2 14 7 15 -2.698 -0.297 -5.257
SPIN 3 14 8 0 2.745 -4.577 -2.553
SPIN 3 14 8 1 -4.252 -0.673 -4.058
SPIN 3 14 8 2 2.771 5.161 0.827
SPIN 3 14 8 3 -5.419 2.160 -0.987
SPIN 3 14 8 4 -1.123 2.617 -5.186
SPIN 3 14 8 5 3.588 -0.946 -4.608
SPIN 3 14 8 6 -4.207 -4.157 -0.145
SPIN 3 14 8 7 1.946 2.013 5.211
SPIN 3 14 8 8 -5.135 -1.268 -2.651
SPIN 3 14 8 9 -4.125 -0.469 4.215
SPIN 3 14 8 10 -5.727 -0.851 -1.216
SPIN 3 14 8 11 1.091 4.866 3.183
SPIN 3 14 8 12 3.168 -1.039 4.887
SPIN 3 14 8 13 5.069 3.021 0.420
SPIN 3 14 8 14 -4.244 1.222 -3.936
SPIN 3 14 8 15 3.497 3.976 2.639
SPIN 2 14 8 0 0.894 -1.355 5.689
SPIN 2 14 8 1 -4.465 -0.017 -3.881
SPIN 2 14 8 2 1.453 1.326 -5.580
SPIN 2 14 8 3 2.997 -2.987 4.135
SPIN 2 14 8 4 4.063 1.648 -3.972
SPIN 2 14 8 5 4.708 -0.808 3.490
SPIN 2 14 8 6 1.091 -0.722 -5.770
SPIN 2 14 8 7 -4.403 -1.543 -3.638
SPIN 2 14 8 8 1.030 5.578 -1.681
SPIN 2 14 8 9 -1.924 -3.546 -4.328
SPIN 2 14 8 10 5.763 -1.306 -0.281
SPIN 2 14 8 11 0.186 -4.635 -3.672
SPIN 2 14 8 12 -1.054 -0.553 5.795
SPIN 2 14 8 13 0.351 -5.728 1.437
SPIN 2 14 8 14 2.598 -1.615 -5.064
SPIN 2 14 8 15 -5.636 -1.793 -0.135
SPIN 3 14 9 0 0.492 5.459 2.226
SPIN 3 14 9 1 -5.044 -0.304 3.077
SPIN 3 14 9 2 -3.324 -4.639 1.558
SPIN 3 14 9 3 -4.329 3.000 -2.695
SPIN 3 14 9 4 5.817 0.793 -0.726
SPIN 3 14 9 5 5.306 -1.928 1.768
SPIN 3 14 9 6 2.963 -5.095 0.511
SPIN 3 14 9 7 -2.780 4.971 -1.599
SPIN 3 14 9 8 0.022 -1.534 5.714
SPIN 3 14 9 9 4.715 -2.042 -2.933
SPIN 3 14 9 10 -5.399 1.267 2.061
SPIN 3 14 9 11 1.433 4.084 -4.033
SPIN 3 14 9 12 -0.190 5.888 0.544
SPIN 3 14 9 13 -4.761 -3.161 -1.529
SPIN 3 14 9 14 -3.771 4.325 1.441
SPIN 3 14 9 15 -1.179 -5.591 -1.533
SPIN 2 14 9 0 2.323 3.189 4.409
SPIN 2 14 9 1 3.358 2.065 4.411
SPIN 2 14 9 2 0.441 -2.344 5.414
SPIN 2 14 9 3 4.248 3.322 -2.432
SPIN 2 14 9 4 -3.311 -3.875 3.003
SPIN 2 14 9 5 0.764 5.396 -2.302
SPIN 2 14 9 6 -3.744 4.431 1.161
SPIN 2 14 9 7 -2.142 5.368 1.262
SPIN 2 14 9 8 -0.562 -5.879 0.341
SPIN 2 14 9 9 -5.552 -1.343 -1.540
SPIN 2 14 9 10 -1.800 5.243 2.066
SPIN 2 14 9 11 -0.115 -5.013 3.140
SPIN 2 14 9 12 0.345 1.753 -5.640
SPIN 2 14 9 13 -2.441 -1.441 -5.193
SPIN 2 14 9 14 -4.328 0.776 3.958
SPIN 2 14 9 15 2.303 5.443 0.265
SPIN 3 14 10 0 4.799 3.297 1.050
SPIN 3 14 10 1 -2.649 -4.125 -3.311
SPIN 3 14 10 2 -0.947 2.835 5.105
SPIN 3 14 10 3 -2.474 -5.064 1.799
SPIN 3 14 10 4 0.900 5.571 1.775
SPIN 3 14 10 5 0.322 -2.066 -5.534
SPIN 3 14 10 6 0.361 4.782 -3.465
SPIN 3 14 10 7 2.451 -4.399 -3.105
SPIN 3 14 10 8 -3.834 4.162 -1.724
SPIN 3 14 10 9 4.175 4.176 -0.355
SPIN 3 14 10 10 1.418 -4.318 -3.787
SPIN 3 14 10 11 5.589 -1.940 -0.076
SPIN 3 14 10 12 0.150 3.916 4.432
SPIN 3 14 10 13 -5.137 2.744 1.041
SPIN 3 14 10 14 2.318 -5.313 -1.182
SPIN 3 14 10 15 0.477 -5.812 0.996
SPIN 2 14 10 0 -4.168 -2.009 -3.687
SPIN 2 14 10 1 5.416 -2.173 -0.973
SPIN 2 14 10 2 4.510 3.827 0.120
SPIN 2 14 10 3 2.475 -5.374 -0.014
SPIN 2 14 10 4 -0.238 3.119 5.021
SPIN 2 14 10 5 2.220 -5.151 1.881
SPIN 2 14 10 6 3.631 1.235 -4.505
SPIN 2 14 10 7 -1.181 -5.422 -2.050
SPIN 2 14 10 8 -2.916 -2.780 -4.333
SPIN 2 14 10 9 -1.396 -5.638 -1.124
SPIN 2 14 10 10 -0.850 -4.391 3.873
SPIN 2 14 10 11 2.118 5.496 -0.558
SPIN 2 14 10 12 -0.608 5.811 0.931
SPIN 2 14 10 13 2.203 5.488 0.155
SPIN 2 14 10 14 -5.545 -2.057 -0.133
SPIN 2 14 10 15 1.963 -2.148 5.151
SPIN 3 14 11 0 0.030 -5.914 0.161
SPIN 3 14 11 1 -5.143 0.739 -2.830
SPIN 3 14 11 2 2.968 -1.673 4.836
SPIN 3 14 11 3 -5.060 2.533 1.727
SPIN 3 14 11 4 -0.787 5.863 -0.081
SPIN 3 14 11 5 -5.442 2.165 -0.839
SPIN 3 14 11 6 -4.284 2.591 3.152
SPIN 3 14 11 7 1.437 4.907 -2.976
SPIN 3 14 11 8 -0.977 2.340 -5.345
SPIN 3 14 11 9 3.179 -1.301 4.817
SPIN 3 14 11 10 -2.647 2.781 4.501
SPIN 3 14 11 11 0.403 -5.522 -2.085
SPIN 3 14 11 12 -2.097 5.099 -2.145
SPIN 3 14 11 13 -0.377 -3.330 4.875
SPIN 3 14 11 14 -3.701 3.711 -2.745
SPIN 3 14 11 15 -5.453 2.114 -0.890
SPIN 2 14 11 0 5.911 0.200 -0.147
SPIN 2 14 11 1 -4.374 3.849 1.024
SPIN 2 14 11 2 -5.445 -1.158 2.004
SPIN 2 14 11 3 1.744 5.080 -2.481
SPIN 2 14 11 4 4.022 -4.016 1.642
SPIN 2 14 11 5 -4.617 -1.337 -3.450
SPIN 2 14 11 6 0.818 -3.591 4.630
SPIN 2 14 11 7 -1.419 1.702 -5.485
SPIN 2 14 11 8 -0.110 -2.654 5.286
SPIN 2 14 11 9 -5.821 -1.012 0.306
SPIN 2 14 11 10 4.385 3.753 1.301
SPIN 2 14 11 11 -2.043 -5.524 0.555
SPIN 2 14 11 12 -4.394 3.807 -1.097
SPIN 2 14 11 13 -3.089 -4.079 -2.970
SPIN 2 14 11 14 -5.093 0.354 2.990
SPIN 2 14 11 15 3.294 4.546 -1.865
SPIN 3 14 12 0 0.101 5.888 -0.568
SPIN 3 14 12 1 -2.884 -2.550 4.492
SPIN 3 14 12 2 -2.476 1.016 -5.276
SPIN 3 14 12 3 2.038 2.524 -4.947
SPIN 3 14 12 4 -3.205 -0.596 -4.937
SPIN 3 14 12 5 4.749 0.629 3.472
SPIN 3 14 12 6 -2.786 -3.174 4.143
SPIN 3 14 12 7 -3.294 -0.517 -4.887
SPIN 3 14 12 8 4.718 2.866 2.127
SPIN 3 14 12 9 2.466 4.893 2.232
SPIN 3 14 12 10 -5.620 0.266 -1.830
SPIN 3 14 12 11 4.058 2.791 -3.277
SPIN 3 14 12 12 2.422 -3.769 -3.864
SPIN 3 14 12 13 -3.393 0.666 4.801
SPIN 3 14 12 14 -1.033 1.153 -5.710
SPIN 3 14 12 15 2.790 -5.059 -1.276
SPIN 2 14 12 0 4.548 -1.928 3.256
SPIN 2 14 12 1 -3.712 -0.607 -4.566
SPIN 2 14 12 2 2.444 4.665 -2.695
SPIN 2 14 12 3 2.445 -4.691 2.649
SPIN 2 14 12 4 -2.027 -4.722 2.932
SPIN 2 14 12 5 -5.684 1.068 -1.245
SPIN 2 14 12 6 -0.198 5.333 -2.554
SPIN 2 14 12 7 0.022 5.708 1.553
SPIN 2 14 12 8 -2.386 4.209 -3.405
SPIN 2 14 12 9 2.054 2.034 5.162
SPIN 2 14 12 10 4.982 1.482 -2.827
SPIN 2 14 12 11 -2.170 -5.497 -0.273
SPIN 2 14 12 12 -3.023 0.462 5.064
SPIN 2 14 12 13 3.867 2.537 3.689
SPIN 2 14 12 14 3.107 -4.117 -2.898
SPIN 2 14 12 15 -2.439 -4.944 -2.147
SPIN 3 14 13 0 -1.476 3.454 4.570
SPIN 3 14 13 1 4.914 3.096 -1.128
SPIN 3 14 13 2 -5.542 -1.818 0.990
SPIN 3 14 13 3 -1.339 3.262 4.750
SPIN 3 14 13 4 4.341 -3.766 -1.404
SPIN 3 14 13 5 -3.454 4.803 -0.082
SPIN 3 14 13 6 -1.477 -4.727 3.237
SPIN 3 14 13 7 3.821 -2.144 3.976
SPIN 3 14 13 8 4.435 1.140 -3.746
SPIN 3 14 13 9 -4.441 0.279 3.899
SPIN 3 14 13 10 5.610 -0.695 -1.746
SPIN 3 14 13 11 1.159 -2.875 5.039
SPIN 3 14 13 12 -3.742 -0.443 -4.561
SPIN 3 14 13 13 -3.009 4.498 -2.391
SPIN 3 14 13 14 -3.160 -1.553 4.754
SPIN 3 14 13 15 -2.643 -0.083 -5.292
SPIN 2 14 13 0 5.312 -0.957 2.422
SPIN 2 14 13 1 1.208 -0.907 -5.720
SPIN 2 14 13 2 -3.252 0.626 4.903
SPIN 2 14 13 3 4.077 2.302 -3.617
SPIN 2 14 13 4 4.911 1.042 3.130
SPIN 2 14 13 5 -4.653 -0.290 3.642
SPIN 2 14 13 6 5.113 2.736 1.170
SPIN 2 14 13 7 1.700 1.689 -5.409
SPIN 2 14 13 8 -3.374 2.158 4.354
SPIN 2 14 13 9 1.794 -4.711 -3.095
SPIN 2 14 13 10 2.435 5.030 1.942
SPIN 2 14 13 11 1.722 -4.992 2.667
SPIN 2 14 13 12 4.215 4.034 -0.977
SPIN 2 14 13 13 -4.139 -0.728 -4.164
SPIN 2 14 13 14 -4.963 -1.739 2.710
SPIN 2 14 13 15 0.404 4.989 3.153
SPIN 3 14 14 0 -2.598 -4.328 -3.086
SPIN 3 14 14 1 1.739 -4.817 2.961
SPIN 3 14 14 2 -3.695 -0.240 -4.614
SPIN 3 14 14 3 -4.778 3.315 -1.088
SPIN 3 14 14 4 -1.737 2.845 4.887
SPIN 3 14 14 5 -0.529 -4.320 -4.008
SPIN 3 14 14 6 5.567 -1.993 0.171
SPIN 3 14 14 7 2.202 1.275 -5.341
SPIN 3 14 14 8 5.102 -1.036 2.809
SPIN 3 14 14 9 1.930 0.977 5.506
SPIN 3 14 14 10 3.566 4.182 2.190
SPIN 3 14 14 11 5.351 -1.234 -2.201
SPIN 3 14 14 12 -2.232 5.345 1.202
SPIN 3 14 14 13 -3.422 -4.233 2.318
SPIN 3 14 14 14 2.916 -2.731 -4.363
SPIN 3 14 14 15 -2.729 5.111 1.197
SPIN 2 14 14 0 1.022 -4.965 3.051
SPIN 2 14 14 1 0.385 4.472 3.854
SPIN 2 14 14 2 4.643 3.464 -1.200
SPIN 2 14 14 3 -5.311 -2.566 -0.459
SPIN 2 14 14 4 -3.859 2.415 -3.778
SPIN 2 14 14 5 -0.901 3.753 -4.484
SPIN 2 14 14 6 2.685 -1.278 -5.114
SPIN 2 14 14 7 -1.156 -2.182 5.376
SPIN 2 14 14 8 -0.121 5.887 -0.578
SPIN 2 14 14 9 1.833 5.450 1.391
SPIN 2 14 14 10 -3.320 3.654 3.259
SPIN 2 14 14 11 -5.619 0.088 -1.849
SPIN 2 14 14 12 0.120 4.992 3.172
SPIN 2 14 14 13 3.425 1.290 4.648
SPIN 2 14 14 14 -3.021 4.980 -1.035
SPIN 2 14 14 15 4.787 -1.614 -3.079
SPIN 3 14 15 0 3.147 2.863 -4.111
SPIN 3 14 15 1 3.899 -3.569 2.656
SPIN 3 14 15 2 -2.990 4.808 1.714
SPIN 3 14 15 3 -2.259 -5.263 -1.480
SPIN 3 14 15 4 3.158 -2.759 -4.173
SPIN 3 14 15 5 3.709 4.585 -0.468
SPIN 3 14 15 6 -5.736 -1.374 -0.466
SPIN 3 14 15 7 1.277 -0.132 -5.775
SPIN 3 14 15 8 2.535 -5.311 0.601
SPIN 3 14 15 9 5.630 1.590 0.879
SPIN 3 14 15 10 -0.839 -5.263 2.569
SPIN 3 14 15 11 1.609 -3.146 -4.745
SPIN 3 14 15 12 -3.314 4.896 -0.218
SPIN 3 14 15 13 4.719 1.269 -3.334
SPIN 3 14 15 14 -3.089 -5.041 0.199
SPIN 3 14 15 15 -1.602 5.305 -2.070
SPIN 2 14 15 0 -3.855 -4.485 0.156
SPIN 2 14 15 1 1.524 5.550 -1.371
SPIN 2 14 15 2 -1.999 0.279 5.561
SPIN 2 14 15 3 3.715 -3.569 -2.909
SPIN 2 14 15 4 -5.392 -1.928 1.485
SPIN 2 14 15 5 1.171 5.663 1.247
SPIN 2 14 15 6 -2.093 -5.239 -1.780
SPIN 2 14 15 7 3.667 4.343 1.639
SPIN 2 14 15 8 -3.361 -4.165 -2.521
SPIN 2 14 15 9 1.289 -2.985 -4.942
SPIN 2 14 15 10 3.047 -5.011 0.779
SPIN 2 14 15 11 5.580 1.422 -1.358
SPIN 2 14 15 12 0.325 1.507 -5.712
SPIN 2 14 15 13 -4.357 2.481 3.140
SPIN 2 14 15 14 -5.828 0.849 -0.561
SPIN 2 14 15 15 5.506 1.126 -1.848
SPIN 1 15 0 0 4.744 0.301 3.522
SPIN 1 15 0 1 -0.082 -0.740 5.869
SPIN 1 15 0 2 0.431 5.524 -2.075
SPIN 1 15 0 3 -0.113 -5.914 0.125
SPIN 1 15 0 4 -0.731 -1.670 5.628
SPIN 1 15 0 5 1.283 -4.688 3.373
SPIN 1 15 0 6 -0.840 -2.684 -5.205
SPIN 1 15 0 7 0.297 5.317 2.577
SPIN 1 15 0 8 3.627 -0.822 4.601
SPIN 1 15 0 9 3.173 4.340 -2.470
SPIN 1 15 0 10 -5.836 0.333 0.914
SPIN 1 15 0 11 -0.258 5.651 -1.732
SPIN 1 15 0 12 4.034 -1.469 4.070
SPIN 1 15 0 13 -3.096 3.093 -3.981
SPIN 1 15 0 14 0.389 -4.998 -3.142
SPIN 1 15 0 15 -0.264 -3.747 4.570
SPIN 4 15 0 0 -2.717 -4.328 2.981
SPIN 4 15 0 1 4.907 -1.550 -2.919
SPIN 4 15 0 2 5.720 -1.017 -1.117
SPIN 4 15 0 3 -1.032 4.119 4.119
SPIN 4 15 0 4 0.049 -2.821 -5.200
SPIN 4 15 0 5 5.396 -2.413 0.249
SPIN 4 15 0 6 -4.075 4.289 -0.056
SPIN 4 15 0 7 1.332 1.042 -5.669
SPIN 4 15 0 8 -4.128 3.880 1.705
SPIN 4 15 0 9 -1.270 5.426 1.988
SPIN 4 15 0 10 1.437 -3.449 -4.587
SPIN 4 15 0 11 3.230 4.122 -2.752
SPIN 4 15 0 12 -1.824 -3.504 -4.404
SPIN 4 15 0 13 3.225 -0.100 -4.959
SPIN 4 15 0 14 -2.381 -4.703 2.686
SPIN 4 15 0 15 5.059 -0.791 -2.964
SPIN 1 15 1 0 -5.897 -0.335 0.330
SPIN 1 15 1 1 -5.872 -0.283 -0.661
SPIN 1 15 1 2 -3.544 -4.565 1.264
SPIN 1 15 1 3 3.777 3.040 3.390
SPIN 1 15 1 4 2.323 -2.249 -4.954
SPIN 1 15 1 5 1.090 -5.499 1.889
SPIN 1 15 1 6 1.612 5.372 1.883
SPIN 1 15 1 7 -0.062 -2.664 -5.282
SPIN 1 15 1 8 -2.341 0.216 5.429
SPIN 1 15 1 9 -3.641 3.209 3.383
SPIN 1 15 1 10 1.460 -5.647 -0.992
SPIN 1 15 1 11 1.831 -5.541 0.970
SPIN 1 15 1 12 2.983 -0.759 -5.052
SPIN 1 15 1 13 5.679 -0.929 -1.373
SPIN 1 15 1 14 -2.607 5.023 1.724
SPIN 1 15 1 15 4.850 2.614 -2.156
SPIN 4 15 1 0 2.324 3.274 4.345
SPIN 4 15 1 1 0.369 5.484 -2.189
SPIN 4 15 1 2 4.969 2.942 1.285
SPIN 4 15 1 3 -0.690 -0.911 -5.805
SPIN 4 15 1 4 -0.681 5.518 2.021
SPIN 4 15 1 5 -2.727 3.935 3.475
SPIN 4 15 1 6 0.293 2.781 -5.214
SPIN 4 15 1 7 5.138 -1.719 2.377
SPIN 4 15 1 8 1.151 -5.399 -2.127
SPIN 4 15 1 9 3.103 -4.467 -2.326
SPIN 4 15 1 10 -5.872 0.534 -0.486
SPIN 4 15 1 11 0.344 -5.614 1.835
SPIN 4 15 1 12 1.201 2.706 -5.122
SPIN 4 15 1 13 -2.365 -1.740 5.136
SPIN 4 15 1 14 -5.594 1.213 1.496
SPIN 4 15 1 15 1.699 -4.938 -2.781
SPIN 1 15 2 0 0.093 1.170 -5.799
SPIN 1 15 2 1 1.219 -3.766 4.397
SPIN 1 15 2 2 -1.139 5.504 1.845
SPIN 1 15 2 3 -5.296 -0.818 -2.506
SPIN 1 15 2 4 3.025 -2.047 -4.654
SPIN 1 15 2 5 1.159 -5.624 -1.423
SPIN 1 15 2 6 -5.841 -0.334 -0.876
SPIN 1 15 2 7 4.814 1.595 -3.046
SPIN 1 15 2 8 -2.478 5.352 0.463
SPIN 1 15 2 9 0.004 5.866 -0.767
SPIN 1 15 2 10 5.265 -0.364 2.674
SPIN 1 15 2 11 -1.495 -4.462 3.585
SPIN 1 15 2 12 -2.793 3.405 3.950
SPIN 1 15 2 13 -0.409 5.774 -1.221
SPIN 1 15 2 14 4.762 -1.937 -2.928
SPIN 1 15 2 15 -1.839 -4.881 2.791
SPIN 4 15 2 0 1.129 5.800 0.286
SPIN 4 15 2 1 5.506 -0.888 -1.973
SPIN 4 15 2 2 -5.800 0.828 -0.821
SPIN 4 15 2 3 3.982 3.277 -2.899
SPIN 4 15 2 4 -4.730 -3.533 -0.388
SPIN 4 15 2 5 0.884 -2.237 5.405
SPIN 4 15 2 6 2.171 -1.495 -5.296
SPIN 4 15 2 7 -5.381 0.681 -2.363
SPIN 4 15 2 8 5.431 0.608 -2.267
SPIN 4 15 2 9 -0.183 0.703 5.871
SPIN 4 15 2 10 -5.334 -1.559 -2.030
SPIN 4 15 2 11 -1.679 4.927 -2.811
SPIN 4 15 2 12 -2.828 -4.753 2.100
SPIN 4 15 2 13 -3.840 3.308 -3.051
SPIN 4 15 2 14 4.923 1.606 -2.861
SPIN 4 15 2 15 -2.255 -4.465 3.160
SPIN 1 15 3 0 -2.657 5.283 -0.190
SPIN 1 15 3 1 1.935 5.373 1.546
SPIN 1 15 3 2 5.579 0.079 -1.967
SPIN 1 15 3 3 5.189 -2.686 0.928
SPIN 1 15 3 4 -0.773 5.717 1.309
SPIN 1 15 3 5 -2.524 4.754 -2.455
SPIN 1 15 3 6 4.775 3.241 -1.300
SPIN 1 15 3 7 -0.353 2.194 5.483
SPIN 1 15 3 8 -0.762 -3.905 -4.378
SPIN 1 15 3 9 1.208 5.143 2.662
SPIN 1 15 3 10 -1.376 5.133 2.600
SPIN 1 15 3 11 3.095 4.560 2.150
SPIN 1 15 3 12 -3.029 4.889 1.388
SPIN 1 15 3 13 -4.674 -2.377 2.738
SPIN 1 15 3 14 3.927 4.398 -0.481
SPIN 1 15 3 15 2.546 -4.235 -3.252
SPIN 4 15 3 0 2.332 -1.720 5.158
SPIN 4 15 3 1 4.604 -2.720 2.532
SPIN 4 15 3 2 -2.652 2.419 -4.703
SPIN 4 15 3 3 2.136 5.513 0.210
SPIN 4 15 3 4 5.846 0.203 0.887
SPIN 4 15 3 5 -3.225 4.950 0.305
SPIN 4 15 3 6 0.902 -5.519 -1.931
SPIN 4 15 3 7 -4.356 3.758 1.380
SPIN 4 15 3 8 -2.998 -5.020 0.903
SPIN 4 15 3 9 4.568 3.755 -0.188
SPIN 4 15 3 10 5.408 -2.331 -0.562
SPIN 4 15 3 11 2.345 -4.373 3.222
SPIN 4 15 3 12 5.361 -2.067 1.411
SPIN 4 15 3 13 5.479 1.574 1.583
SPIN 4 15 3 14 -0.572 4.878 3.298
SPIN 4 15 3 15 1.543 5.618 -1.026
SPIN 1 15 4 0 0.614 -4.676 3.572
SPIN 1 15 4 1 2.380 -5.178 -1.590
SPIN 1 15 4 2 -3.171 -3.838 3.197
SPIN 1 15 4 3 -4.184 2.461 -3.381
SPIN 1 15 4 4 0.402 0.115 5.901
SPIN 1 15 4 5 -4.316 -1.702 -3.671
SPIN 1 15 4 6 -2.258 0.422 5.452
SPIN 1 15 4 7 5.227 -2.301 -1.545
SPIN 1 15 4 8 -4.415 3.916 0.413
SPIN 1 15 4 9 -3.364 3.618 -3.255
SPIN 1 15 4 10 0.255 1.215 -5.784
SPIN 1 15 4 11 -3.486 0.056 4.780
SPIN 1 15 4 12 -5.838 0.860 0.422
SPIN 1 15 4 13 0.810 5.108 -2.872
SPIN 1 15 4 14 2.200 5.199 1.770
SPIN 1 15 4 15 5.392 1.463 -1.945
SPIN 4 15 4 0 3.258 -3.367 -3.613
SPIN 4 15 4 1 3.282 -1.668 -4.631
SPIN 4 15 4 2 -4.898 -1.592 -2.912
SPIN 4 15 4 3 3.671 -2.957 -3.575
SPIN 4 15 4 4 1.544 -5.710 -0.126
SPIN 4 15 4 5 -2.978 4.172 2.954
SPIN 4 15 4 6 3.853 -4.274 -1.373
SPIN 4 15 4 7 -3.969 2.372 -3.690
SPIN 4 15 4 8 1.910 -0.361 5.588
SPIN 4 15 4 9 -4.358 -3.183 -2.424
SPIN 4 15 4 10 -3.185 1.168 4.847
SPIN 4 15 4 11 -0.089 2.581 -5.323
SPIN 4 15 4 12 -4.727 -2.874 -2.098
SPIN 4 15 4 13 0.439 5.236 2.719
SPIN 4 15 4 14 -0.988 1.633 -5.600
SPIN 4 15 4 15 -2.084 -1.660 5.282
SPIN 1 15 5 0 3.597 -2.088 -4.207
SPIN 1 15 5 1 -1.360 1.612 -5.527
SPIN 1 15 5 2 4.006 -4.352 0.133
SPIN 1 15 5 3 -2.821 -0.741 -5.147
SPIN 1 15 5 4 -5.377 2.251 -1.012
SPIN 1 15 5 5 0.669 5.841 -0.663
SPIN 1 15 5 6 -3.944 3.288 2.939
SPIN 1 15 5 7 -2.222 -5.471 0.363
SPIN 1 15 5 8 2.464 0.884 -5.306
SPIN 1 15 5 9 1.467 5.576 -1.323
SPIN 1 15 5 10 5.084 -2.743 -1.276
SPIN 1 15 5 11 1.436 1.835 -5.438
SPIN 1 15 5 12 2.099 -4.085 3.730
SPIN 1 15 5 13 -0.135 3.281 -4.921
SPIN 1 15 5 14 4.961 -2.836 -1.533
SPIN 1 15 5 15 -4.813 3.283 -1.028
SPIN 4 15 5 0 2.943 5.126 0.260
SPIN 4 15 5 1 -2.774 -1.942 4.851
SPIN 4 15 5 2 3.070 1.669 -4.774
SPIN 4 15 5 3 -5.227 0.824 2.646
SPIN 4 15 5 4 -0.312 -5.708 -1.523
SPIN 4 15 5 5 2.461 -2.372 4.829
SPIN 4 15 5 6 -5.476 -1.652 -1.513
SPIN 4 15 5 7 5.301 2.625 0.083
SPIN 4 15 5 8 -5.448 -1.524 1.731
SPIN 4 15 5 9 5.121 1.247 -2.686
SPIN 4 15 5 10 -4.046 4.316 0.009
SPIN 4 15 5 11 1.102 -0.522 5.789
SPIN 4 15 5 12 -4.939 -2.105 2.486
SPIN 4 15 5 13 5.218 -1.240 -2.497
SPIN 4 15 5 14 2.796 4.870 -1.862
SPIN 4 15 5 15 -5.085 2.016 -2.254
SPIN 1 15 6 0 1.038 -4.176 -4.060
SPIN 1 15 6 1 -5.872 0.696 0.179
SPIN 1 15 6 2 5.186 -2.458 1.438
SPIN 1 15 6 3 -2.690 -5.000 1.662
SPIN 1 15 6 4 -5.366 -2.464 -0.360
SPIN 1 15 6 5 2.104 5.524 0.236
SPIN 1 15 6 6 4.422 -3.869 0.687
SPIN 1 15 6 7 -4.217 3.284 -2.536
SPIN 1 15 6 8 -0.856 -1.272 5.714
SPIN 1 15 6 9 5.088 -0.230 3.010
SPIN 1 15 6 10 -5.434 1.890 1.380
SPIN 1 15 6 11 2.916 2.305 4.602
SPIN 1 15 6 12 5.293 -1.032 -2.433
SPIN 1 15 6 13 -4.693 2.822 2.240
SPIN 1 15 6 14 2.551 5.273 0.827
SPIN 1 15 6 15 -4.316 -0.965 -3.930
SPIN 4 15 6 0 2.155 -3.172 4.505
SPIN 4 15 6 1 5.238 -1.761 -2.111
SPIN 4 15 6 2 -3.976 2.374 -3.682
SPIN 4 15 6 3 5.047 0.629 -3.023
SPIN 4 15 6 4 3.456 -0.117 4.800
SPIN 4 15 6 5 3.030 2.080 -4.636
SPIN 4 15 6 6 0.552 -5.709 1.451
SPIN 4 15 6 7 -2.149 -5.512 -0.039
SPIN 4 15 6 8 3.448 0.633 -4.765
SPIN 4 15 6 9 -2.396 -3.847 -3.803
SPIN 4 15 6 10 -2.821 -3.509 3.838
SPIN 4 15 6 11 -0.822 1.926 -5.533
SPIN 4 15 6 12 -5.692 -1.469 -0.661
SPIN 4 15 6 13 2.733 -2.507 4.609
SPIN 4 15 6 14 -1.037 5.730 1.043
SPIN 4 15 6 15 -4.560 1.244 3.558
SPIN 1 15 7 0 -4.574 3.672 -0.768
SPIN 1 15 7 1 -1.645 -3.469 4.501
SPIN 1 15 7 2 -2.453 -1.480 -5.176
SPIN 1 15 7 3 -3.062 0.788 5.001
SPIN 1 15 7 4 -0.883 -3.735 -4.503
SPIN 1 15 7 5 4.649 -3.657 0.077
SPIN 1 15 7 6 -2.443 0.250 -5.382
SPIN 1 15 7 7 5.049 0.912 2.945
SPIN 1 15 7 8 -4.527 3.802 0.237
SPIN 1 15 7 9 2.626 -1.593 5.056
SPIN 1 15 7 10 1.378 -4.934 -2.960
SPIN 1 15 7 11 5.575 1.822 -0.772
SPIN 1 15 7 12 -5.084 -0.134 -3.022
SPIN 1 15 7 13 4.077 -3.546 -2.409
SPIN 1 15 7 14 -3.260 4.890 0.677
SPIN 1 15 7 15 4.119 -1.616 3.927
SPIN 4 15 7 0 -5.892 -0.531 -0.071
SPIN 4 15 7 1 -0.335 5.874 -0.621
SPIN 4 15 7 2 2.411 5.383 -0.460
SPIN 4 15 7 3 -0.985 0.690 5.793
SPIN 4 15 7 4 -4.027 -1.475 -4.076
SPIN 4 15 7 5 2.814 5.200 0.189
SPIN 4 15 7 6 -5.114 -1.657 2.470
SPIN 4 15 7 7 -0.091 -2.185 -5.497
SPIN 4 15 7 8 3.628 -3.299 3.310
SPIN 4 15 7 9 2.266 -1.267 5.316
SPIN 4 15 7 10 -3.534 0.190 -4.740
SPIN 4 15 7 11 5.722 -1.500 0.075
SPIN 4 15 7 12 4.595 1.647 -3.343
SPIN 4 15 7 13 4.142 2.248 3.577
SPIN 4 15 7 14 3.405 -3.978 -2.754
SPIN 4 15 7 15 3.688 -1.726 -4.292
SPIN 1 15 8 0 4.359 3.736 1.427
SPIN 1 15 8 1 -5.067 -2.468 1.798
SPIN 1 15 8 2 3.472 -2.463 -4.109
SPIN 1 15 8 3 3.079 -4.395 -2.490
SPIN 1 15 8 4 3.221 -0.109 -4.961
SPIN 1 15 8 5 -1.937 -0.890 5.519
SPIN 1 15 8 6 3.038 2.085 -4.628
SPIN 1 15 8 7 -1.107 5.740 -0.907
SPIN 1 15 8 8 -3.630 0.238 -4.666
SPIN 1 15 8 9 -4.465 -2.483 2.984
SPIN 1 15 8 10 5.043 2.986 -0.809
SPIN 1 15 8 11 -3.285 -3.404 -3.552
SPIN 1 15 8 12 -0.124 5.493 2.193
SPIN 1 15 8 13 -4.690 0.929 3.484
SPIN 1 15 8 14 5.875 -0.013 0.693
SPIN 1 15 8 15 -5.581 -0.376 1.925
SPIN 4 15 8 0 2.151 1.956 -5.152
SPIN 4 15 8 1 2.364 5.295 1.172
SPIN 4 15 8 2 1.034 -5.466 -2.013
SPIN 4 15 8 3 -4.481 2.054 3.271
SPIN 4 15 8 4 2.419 3.962 -3.668
SPIN 4 15 8 5 1.778 4.610 3.253
SPIN 4 15 8 6 3.327 4.505 -1.907
SPIN 4 15 8 7 5.615 -0.022 1.863
SPIN 4 15 8 8 2.697 5.266 0.005
SPIN 4 15 8 9 1.233 5.133 -2.671
SPIN 4 15 8 10 1.576 -2.332 -5.204
SPIN 4 15 8 11 1.599 0.095 5.695
SPIN 4 15 8 12 5.173 -2.410 -1.560
SPIN 4 15 8 13 0.699 0.526 5.851
SPIN 4 15 8 14 -4.509 -2.070 3.222
SPIN 4 15 8 15 2.831 0.654 5.154
SPIN 1 15 9 0 -3.106 -5.006 -0.540
SPIN 1 15 9 1 1.350 5.508 1.685
SPIN 1 15 9 2 -1.901 -2.943 -4.767
SPIN 1 15 9 3 2.968 0.632 -5.078
SPIN 1 15 9 4 -1.231 -5.708 -0.953
SPIN 1 15 9 5 -4.600 1.959 -3.162
SPIN 1 15 9 6 1.538 -5.633 0.949
SPIN 1 15 9 7 -2.740 -5.243 -0.068
SPIN 1 15 9 8 -3.386 4.263 2.316
SPIN 1 15 9 9 -3.585 1.460 -4.474
SPIN 1 15 9 10 -0.272 0.895 -5.842
SPIN 1 15 9 11 5.047 -2.416 1.921
SPIN 1 15 9 12 -1.958 4.219 -3.656
SPIN 1 15 9 13 5.675 -0.165 -1.664
SPIN 1 15 9 14 0.943 4.619 3.574
SPIN 1 15 9 15 3.500 4.655 -1.039
SPIN 4 15 9 0 -0.301 5.881 0.564
SPIN 4 15 9 1 -0.872 -4.081 -4.193
SPIN 4 15 9 2 -1.889 3.955 3.974
SPIN 4 15 9 3 2.908 -4.026 -3.215
SPIN 4 15 9 4 -3.720 -4.488 1.011
SPIN 4 15 9 5 2.788 4.915 1.752
SPIN 4 15 9 6 -0.458 -3.013 5.071
SPIN 4 15 9 7 5.714 -1.423 -0.566
SPIN 4 15 9 8 -3.949 0.894 -4.313
SPIN 4 15 9 9 -4.058 -4.300 0.216
SPIN 4 15 9 10 3.967 4.265 1.034
SPIN 4 15 9 11 3.671 -3.223 -3.337
SPIN 4 15 9 12 2.205 -4.655 2.910
SPIN 4 15 9 13 -1.120 0.769 -5.758
SPIN 4 15 9 14 -4.977 -2.946 1.247
SPIN 4 15 9 15 2.562 -2.589 -4.662
SPIN 1 15 10 0 -4.211 3.770 1.747
SPIN 1 15 10 1 -1.757 -1.295 -5.499
SPIN 1 15 10 2 3.429 4.768 -0.713
SPIN 1 15 10 3 -4.974 -2.334 2.194
SPIN 1 15 10 4 -1.113 4.080 -4.137
SPIN 1 15 10 5 -2.340 -2.228 4.956
SPIN 1 15 10 6 3.120 1.299 4.856
SPIN 1 15 10 7 2.052 4.327 3.474
SPIN 1 15 10 8 -1.212 -1.277 5.648
SPIN 1 15 10 9 0.377 5.563 -1.977
SPIN 1 15 10 10 0.395 -5.899 0.226
SPIN 1 15 10 11 -2.096 5.327 -1.493
SPIN 1 15 10 12 2.986 3.573 3.649
SPIN 1 15 10 13 -2.727 -5.208 -0.666
SPIN 1 15 10 14 5.468 0.500 2.203
SPIN 1 15 10 15 -4.547 -0.518 -3.749
SPIN 4 15 10 0 0.186 -5.166 -2.878
SPIN 4 15 10 1 1.204 -2.883 5.024
SPIN 4 15 10 2 -0.904 -3.567 -4.633
SPIN 4 15 10 3 -0.955 4.363 -3.880
SPIN 4 15 10 4 -2.522 0.031 -5.351
SPIN 4 15 10 5 0.033 -2.253 -5.470
SPIN 4 15 10 6 0.108 4.600 -3.718
SPIN 4 15 10 7 -0.582 -4.566 3.716
SPIN 4 15 10 8 4.975 -3.190 -0.261
SPIN 4 15 10 9 -1.499 5.616 1.101
SPIN 4 15 10 10 2.016 -5.217 -1.929
SPIN 4 15 10 11 -2.590 -3.310 -4.163
SPIN 4 15 10 12 -2.643 1.922 4.931
SPIN 4 15 10 13 5.080 -1.936 -2.335
SPIN 4 15 10 14 2.863 -3.021 -4.205
SPIN 4 15 10 15 1.090 5.773 -0.696
SPIN 1 15 11 0 -2.393 2.986 -4.512
SPIN 1 15 11 1 1.932 2.468 -5.017
SPIN 1 15 11 2 1.673 1.146 5.558
SPIN 1 15 11 3 -4.229 4.015 -0.997
SPIN 1 15 11 4 -1.422 -3.257 4.730
SPIN 1 15 11 5 3.757 3.593 2.825
SPIN 1 15 11 6 4.116 -3.213 -2.780
SPIN 1 15 11 7 -1.949 -5.569 -0.432
SPIN 1 15 11 8 1.886 5.471 1.228
SPIN 1 15 11 9 -4.534 -2.554 2.814
SPIN 1 15 11 10 -1.578 3.696 4.341
SPIN 1 15 11 11 0.859 -5.286 -2.514
SPIN 1 15 11 12 -3.825 0.961 4.410
SPIN 1 15 11 13 -0.483 4.570 -3.726
SPIN 1 15 11 14 -4.023 -4.046 1.566
SPIN 1 15 11 15 -1.275 -5.134 2.650
SPIN 4 15 11 0 -3.264 4.645 -1.664
SPIN 4 15 11 1 -0.342 -3.729 -4.580
SPIN 4 15 11 2 -4.511 -3.796 -0.493
SPIN 4 15 11 3 -0.489 -1.872 5.591
SPIN 4 15 11 4 5.464 1.185 -1.933
SPIN 4 15 11 5 -2.364 2.870 -4.602
SPIN 4 15 11 6 4.807 -3.159 -1.381
SPIN 4 15 11 7 2.091 1.945 5.181
SPIN 4 15 11 8 0.883 4.069 4.203
SPIN 4 15 11 9 -1.311 -4.120 -4.038
SPIN 4 15 11 10 -3.738 3.290 3.194
SPIN 4 15 11 11 -1.535 -5.120 -2.537
SPIN 4 15 11 12 1.248 -3.922 -4.250
SPIN 4 15 11 13 -1.828 0.814 5.567
SPIN 4 15 11 14 5.282 1.587 2.141
SPIN 4 15 11 15 -1.311 -4.812 3.182
SPIN 1 15 12 0 -2.422 -4.393 3.137
SPIN 1 15 12 1 -1.398 -2.110 5.347
SPIN 1 15 12 2 -0.528 4.507 3.796
SPIN 1 15 12 3 0.141 -3.400 -4.839
SPIN 1 15 12 4 1.920 5.588 -0.295
SPIN 1 15 12 5 -1.087 -3.726 4.465
SPIN 1 15 12 6 -3.195 4.771 1.427
SPIN 1 15 12 7 -0.264 -5.681 -1.630
SPIN 1 15 12 8 -0.250 -2.603 -5.307
SPIN 1 15 12 9 -5.151 2.096 -2.019
SPIN 1 15 12 10 4.636 3.161 1.876
SPIN 1 15 12 11 1.633 -5.641 0.717
SPIN 1 15 12 12 2.505 3.503 -4.057
SPIN 1 15 12 13 -3.228 -0.177 4.955
SPIN 1 15 12 14 -5.204 0.675 -2.733
SPIN 1 15 12 15 -1.884 5.551 0.802
SPIN 4 15 12 0 -0.610 1.511 -5.687
SPIN 4 15 12 1 5.711 -0.392 -1.494
SPIN 4 15 12 2 -0.023 4.561 3.767
SPIN 4 15 12 3 -2.876 -1.612 -4.912
SPIN 4 15 12 4 4.928 0.551 3.227
SPIN 4 15 12 5 -3.425 -3.176 3.630
SPIN 4 15 12 6 4.641 3.660 0.260
SPIN 4 15 12 7 -3.630 3.783 -2.741
SPIN 4 15 12 8 -1.640 -5.682 -0.145
SPIN 4 15 12 9 4.077 -3.365 -2.655
SPIN 4 15 12 10 -5.740 -1.264 0.677
SPIN 4 15 12 11 -1.370 -5.753 -0.144
SPIN 4 15 12 12 4.293 1.304 3.856
SPIN 4 15 12 13 -0.613 -0.424 5.869
SPIN 4 15 12 14 -4.425 -3.210 2.262
SPIN 4 15 12 15 4.872 -1.594 2.953
SPIN 1 15 13 0 -2.297 4.012 3.692
SPIN 1 15 13 1 -1.482 5.577 -1.303
SPIN 1 15 13 2 -5.722 -0.689 1.336
SPIN 1 15 13 3 5.160 2.174 -1.909
SPIN 1 15 13 4 -0.303 -0.864 -5.845
SPIN 1 15 13 5 4.543 3.261 -1.930
SPIN 1 15 13 6 -5.454 -0.563 2.222
SPIN 1 15 13 7 4.143 3.828 -1.783
SPIN 1 15 13 8 -4.307 -1.886 -3.590
SPIN 1 15 13 9 -5.678 -1.611 0.410
SPIN 1 15 13 10 1.800 4.174 -3.787
SPIN 1 15 13 11 5.117 -2.851 0.828
SPIN 1 15 13 12 -0.795 3.273 -4.864
SPIN 1 15 13 13 0.297 -1.166 5.792
SPIN 1 15 13 14 2.091 3.504 -4.284
SPIN 1 15 13 15 2.508 2.335 -4.822
SPIN 4 15 13 0 3.171 -4.990 0.193
SPIN 4 15 13 1 0.431 5.895 -0.256
SPIN 4 15 13 2 -4.248 -3.541 2.102
SPIN 4 15 13 3 4.050 0.240 -4.306
SPIN 4 15 13 4 -2.667 4.029 3.413
SPIN 4 15 13 5 1.773 0.871 -5.577
SPIN 4 15 13 6 -4.098 -1.886 -3.828
SPIN 4 15 13 7 -3.318 2.629 4.133
SPIN 4 15 13 8 4.614 -1.745 3.265
SPIN 4 15 13 9 -1.748 2.316 5.156
SPIN 4 15 13 10 -1.278 -1.259 -5.638
SPIN 4 15 13 11 3.216 3.859 -3.125
SPIN 4 15 13 12 -3.213 -4.203 2.647
SPIN 4 15 13 13 -4.470 2.624 -2.852
SPIN 4 15 13 14 2.041 2.591 4.911
SPIN 4 15 13 15 -2.536 -5.316 0.549
SPIN 1 15 14 0 2.222 -0.513 5.459
SPIN 1 15 14 1 -2.279 -3.511 -4.181
SPIN 1 15 14 2 0.650 5.876 -0.229
SPIN 1 15 14 3 3.259 -4.701 -1.508
SPIN 1 15 14 4 3.782 -4.419 1.080
SPIN 1 15 14 5 2.518 0.447 -5.335
SPIN 1 15 14 6 3.574 4.368 1.774
SPIN 1 15 14 7 3.013 -3.867 3.311
SPIN 1 15 14 8 -1.037 5.782 -0.700
SPIN 1 15 14 9 -5.763 -0.583 1.203
SPIN 1 15 14 10 -4.631 -3.681 -0.090
SPIN 1 15 14 11 -5.075 2.796 -1.195
SPIN 1 15 14 12 5.406 1.862 1.518
SPIN 1 15 14 13 0.421 5.804 1.068
SPIN 1 15 14 14 -1.253 -5.744 0.662
SPIN 1 15 14 15 -5.568 1.171 1.621
SPIN 4 15 14 0 -2.586 3.553 -3.961
SPIN 4 15 14 1 0.388 -5.347 -2.503
SPIN 4 15 14 2 4.331 3.228 -2.414
SPIN 4 15 14 3 2.119 3.288 4.438
SPIN 4 15 14 4 -0.961 -3.283 -4.827
SPIN 4 15 14 5 4.952 1.411 2.913
SPIN 4 15 14 6 5.836 0.124 0.962
SPIN 4 15 14 7 -4.225 -4.069 0.774
SPIN 4 15 14 8 -4.949 -1.040 -3.070
SPIN 4 15 14 9 3.559 4.168 -2.227
SPIN 4 15 14 10 -5.760 0.616 1.201
SPIN 4 15 14 11 -0.424 2.451 -5.368
SPIN 4 15 14 12 -4.205 -3.716 1.871
SPIN 4 15 14 13 1.620 -4.417 -3.587
SPIN 4 15 14 14 -2.273 -5.448 -0.392
SPIN 4 15 14 15 3.762 3.651 -2.742
SPIN 1 15 15 0 0.594 -4.842 3.347
SPIN 1 15 15 1 2.135 -5.243 1.720
SPIN 1 15 15 2 -3.006 -3.635 -3.571
SPIN 1 15 15 3 -0.265 4.332 -4.020
SPIN 1 15 15 4 -4.625 3.300 -1.648
SPIN 1 15 15 5 -5.120 2.477 1.627
SPIN 1 15 15 6 -3.988 -3.063 3.117
SPIN 1 15 15 7 2.228 -4.194 -3.528
SPIN 1 15 15 8 2.766 4.740 -2.210
SPIN 1 15 15 9 -3.871 1.483 4.221
SPIN 1 15 15 10 -5.333 1.884 -1.734
SPIN 1 15 15 11 2.430 -2.764 -4.632
SPIN 1 15 15 12 -3.755 -3.691 -2.698
SPIN 1 15 15 13 0.840 -5.574 -1.795
SPIN 1 15 15 14 3.818 2.307 3.886
SPIN 1 15 15 15 2.620 -5.302 0.155
SPIN 4 15 15 0 4.522 3.401 -1.727
SPIN 4 15 15 1 0.784 5.860 -0.220
SPIN 4 15 15 2 -4.619 -2.485 -2.738
SPIN 4 15 15 3 5.105 -1.342 -2.671
SPIN 4 15 15 4 3.129 2.857 4.128
SPIN 4 15 15 5 -3.173 -4.135 -2.799
SPIN 4 15 15 6 5.368 0.316 2.467
SPIN 4 15 15 7 -4.470 3.844 0.489
SPIN 4 15 15 8 2.803 -3.302 4.030
SPIN 4 15 15 9 -1.829 -5.439 -1.438
SPIN 4 15 15 10 4.549 2.053 -3.177
SPIN 4 15 15 11 -2.361 1.570 5.192
SPIN 4 15 15 12 5.658 1.260 1.181
SPIN 4 15 15 13 -3.383 -1.466 4.626
SPIN 4 15 15 14 -5.085 2.800 -1.144
SPIN 4 15 15 15 0.031 -5.433 -2.341
SPIN 3 15 0 0 3.499 -4.415 1.807
SPIN 3 15 0 1 -4.550 -3.735 -0.589
SPIN 3 15 0 2 2.026 0.889 5.487
SPIN 3 15 0 3 -2.606 3.815 -3.695
SPIN 3 15 0 4 2.363 -3.626 -4.033
SPIN 3 15 0 5 -2.476 2.584 4.711
SPIN 3 15 0 6 0.482 5.338 2.505
SPIN 3 15 0 7 4.839 0.628 3.345
SPIN 3 15 0 8 -5.885 -0.552 -0.253
SPIN 3 15 0 9 -0.402 -2.091 5.520
SPIN 3 15 0 10 -0.534 -4.863 -3.327
SPIN 3 15 0 11 -5.587 -0.034 -1.944
SPIN 3 15 0 12 2.812 5.062 -1.210
SPIN 3 15 0 13 -3.156 1.780 4.676
SPIN 3 15 0 14 2.622 3.770 -3.730
SPIN 3 15 0 15 -2.358 -2.699 -4.707
SPIN 2 15 0 0 -0.002 -2.419 -5.399
SPIN 2 15 0 1 5.431 -0.917 -2.161
SPIN 2 15 0 2 -2.507 -3.402 4.140
SPIN 2 15 0 3 5.107 -0.748 2.892
SPIN 2 15 0 4 -4.851 1.861 2.829
SPIN 2 15 0 5 4.545 -3.719 0.711
SPIN 2 15 0 6 4.642 3.653 -0.324
SPIN 2 15 0 7 -4.294 -1.395 -3.823
SPIN 2 15 0 8 2.399 5.027 1.993
SPIN 2 15 0 9 -4.928 -2.294 2.335
SPIN 2 15 0 10 1.749 5.053 2.532
SPIN 2 15 0 11 -3.009 1.968 -4.698
SPIN 2 15 0 12 4.833 -3.087 1.453
SPIN 2 15 0 13 -4.734 -1.253 3.320
SPIN 2 15 0 14 -5.037 -2.978 -0.875
SPIN 2 15 0 15 -4.554 -2.912 -2.405
SPIN 3 15 1 0 4.100 -4.221 0.612
SPIN 3 15 1 1 -3.903 0.717 4.388
SPIN 3 15 1 2 2.741 -5.066 -1.350
SPIN 3 15 1 3 -1.845 1.454 5.430
SPIN 3 15 1 4 -1.070 -3.083 -4.935
SPIN 3 15 1 5 2.121 -1.690 -5.258
SPIN 3 15 1 6 1.480 -1.666 5.480
SPIN 3 15 1 7 5.669 -1.283 1.104
SPIN 3 15 1 8 -4.441 -3.381 -1.960
SPIN 3 15 1 9 1.157 2.952 4.995
SPIN 3 15 1 10 -2.459 1.591 5.140
SPIN 3 15 1 11 0.590 -4.880 -3.292
SPIN 3 15 1 12 -3.487 -0.303 4.770
SPIN 3 15 1 13 -3.733 0.341 -4.577
SPIN 3 15 1 14 5.336 -2.056 1.516
SPIN 3 15 1 15 -1.461 5.144 2.531
SPIN 2 15 1 0 -2.829 -2.492 4.559
SPIN 2 15 1 1 0.262 1.778 -5.637
SPIN 2 15 1 2 -3.592 -4.634 0.790
SPIN 2 15 1 3 -4.281 -0.819 -4.001
SPIN 2 15 1 4 4.731 2.215 -2.777
SPIN 2 15 1 5 -2.764 4.969 1.633
SPIN 2 15 1 6 -2.629 -4.955 -1.881
SPIN 2 15 1 7 1.799 3.422 -4.478
SPIN 2 15 1 8 1.126 4.221 -3.990
SPIN 2 15 1 9 -0.490 5.834 -0.848
SPIN 2 15 1 10 1.828 -1.471 -5.431
SPIN 2 15 1 11 2.759 3.053 4.251
SPIN 2 15 1 12 2.488 -4.961 2.049
SPIN 2 15 1 13 -2.335 -2.062 5.030
SPIN 2 15 1 14 1.250 3.081 -4.894
SPIN 2 15 1 15 -1.934 4.707 3.018
SPIN 3 15 2 0 -3.619 0.012 -4.680
SPIN 3 15 2 1 0.177 5.798 1.165
SPIN 3 15 2 2 4.972 -3.154 0.575
SPIN 3 15 2 3 0.151 0.672 5.876
SPIN 3 15 2 4 0.950 3.248 -4.853
SPIN 3 15 2 5 -4.180 0.075 4.186
SPIN 3 15 2 6 -3.554 0.890 -4.645
SPIN 3 15 2 7 -2.210 4.836 2.594
SPIN 3 15 2 8 5.224 -2.771 0.174
SPIN 3 15 2 9 -2.356 5.362 -0.837
SPIN 3 15 2 10 0.908 -5.756 1.019
SPIN 3 15 2 11 -1.394 -3.664 4.431
SPIN 3 15 2 12 -2.782 3.346 -4.008
SPIN 3 15 2 13 -4.613 -3.654 -0.603
SPIN 3 15 2 14 -0.541 -0.776 -5.840
SPIN 3 15 2 15 0.745 4.931 3.182
SPIN 2 15 2 0 1.723 -5.555 1.084
SPIN 2 15 2 1 -1.213 5.769 0.491
SPIN 2 15 2 2 5.632 -1.785 -0.302
SPIN 2 15 2 3 -1.716 -3.781 -4.214
SPIN 2 15 2 4 -2.348 0.017 -5.430
SPIN 2 15 2 5 1.160 -3.796 -4.387
SPIN 2 15 2 6 -2.465 5.267 -1.087
SPIN 2 15 2 7 -5.520 -2.016 -0.685
SPIN 2 15 2 8 4.229 -2.402 3.369
SPIN 2 15 2 9 -4.717 -1.109 -3.394
SPIN 2 15 2 10 0.374 0.555 -5.878
SPIN 2 15 2 11 3.242 4.822 1.114
SPIN 2 15 2 12 5.601 -1.906 -0.013
SPIN 2 15 2 13 4.716 -2.360 -2.681
SPIN 2 15 2 14 0.148 -2.313 5.443
SPIN 2 15 2 15 -2.572 -5.297 0.570
SPIN 3 15 3 0 -3.056 -4.993 -0.859
SPIN 3 15 3 1 2.053 -2.480 -4.964
SPIN 3 15 3 2 -3.932 -1.521 4.150
SPIN 3 15 3 3 5.456 -1.807 1.401
SPIN 3 15 3 4 1.921 -1.252 5.454
SPIN 3 15 3 5 -2.343 0.140 -5.430
SPIN 3 15 3 6 -2.590 -4.330 3.089
SPIN 3 15 3 7 4.729 -1.751 3.093
SPIN 3 15 3 8 -0.910 1.717 5.588
SPIN 3 15 3 9 2.640 -5.223 0.869
SPIN 3 15 3 10 -2.992 4.913 1.382
SPIN 3 15 3 11 -1.170 -5.731 -0.884
SPIN 3 15 3 12 3.648 -2.326 -4.035
SPIN 3 15 3 13 3.202 0.870 4.898
SPIN 3 15 3 14 -3.859 -2.072 -3.978
SPIN 3 15 3 15 -0.491 -2.446 5.364
SPIN 2 15 3 0 -3.149 1.215 4.859
SPIN 2 15 3 1 2.716 3.670 -3.763
SPIN 2 15 3 2 0.863 0.513 -5.830
SPIN 2 15 3 3 2.327 -1.231 5.298
SPIN 2 15 3 4 -5.401 -2.233 0.920
SPIN 2 15 3 5 4.697 -2.460 2.624
SPIN 2 15 3 6 -1.648 5.034 -2.636
SPIN 2 15 3 7 -1.795 -4.367 -3.564
SPIN 2 15 3 8 1.185 5.104 2.748
SPIN 2 15 3 9 -0.480 3.448 -4.784
SPIN 2 15 3 10 -2.205 1.298 -5.334
SPIN 2 15 3 11 -0.256 2.386 -5.407
SPIN 2 15 3 12 -3.767 -3.792 2.536
SPIN 2 15 3 13 -5.011 -3.064 0.712
SPIN 2 15 3 14 -4.868 -0.048 3.361
SPIN 2 15 3 15 3.616 0.254 -4.675
SPIN 3 15 4 0 0.288 5.817 -1.039
SPIN 3 15 4 1 5.778 -0.395 1.209
SPIN 3 15 4 2 3.465 -4.383 1.946
SPIN 3 15 4 3 3.353 0.472 -4.851
SPIN 3 15 4 4 -5.703 1.572 0.038
SPIN 3 15 4 5 4.049 -2.936 3.159
SPIN 3 15 4 6 -5.667 0.593 -1.593
SPIN 3 15 4 7 4.461 -1.126 3.719
SPIN 3 15 4 8 -4.009 -1.405 4.117
SPIN 3 15 4 9 2.186 5.494 -0.184
SPIN 3 15 4 10 -2.659 -4.548 2.691
SPIN 3 15 4 11 0.493 5.663 1.640
SPIN 3 15 4 12 -1.510 -2.411 5.187
SPIN 3 15 4 13 5.610 0.841 1.681
SPIN 3 15 4 14 0.250 -4.599 3.713
SPIN 3 15 4 15 0.038 3.719 4.601
SPIN 2 15 4 0 2.072 -1.139 -5.423
SPIN 2 15 4 1 -5.864 0.671 0.407
SPIN 2 15 4 2 0.373 3.899 4.434
SPIN 2 15 4 3 2.645 2.746 4.524
SPIN 2 15 4 4 2.056 -5.477 -0.877
SPIN 2 15 4 5 -0.245 -5.894 0.453
SPIN 2 15 4 6 2.831 -4.894 -1.743
SPIN 2 15 4 7 3.221 0.055 -4.962
SPIN 2 15 4 8 -5.283 -1.803 1.959
SPIN 2 15 4 9 2.596 -4.999 -1.810
SPIN 2 15 4 10 -5.016 -2.744 1.519
SPIN 2 15 4 11 -4.549 3.104 -2.160
SPIN 2 15 4 12 2.947 4.850 1.671
SPIN 2 15 4 13 -0.163 0.110 -5.913
SPIN 2 15 4 14 -4.687 3.609 0.091
SPIN 2 15 4 15 -1.902 -2.027 -5.223
SPIN 3 15 5 0 3.889 0.026 4.458
SPIN 3 15 5 1 -5.284 -1.550 -2.161
SPIN 3 15 5 2 -2.436 3.500 -4.101
SPIN 3 15 5 3 5.462 1.236 -1.908
SPIN 3 15 5 4 4.716 -0.933 -3.448
SPIN 3 15 5 5 -3.249 -2.818 -4.062
SPIN 3 15 5 6 -2.463 -2.700 4.653
SPIN 3 15 5 7 3.404 -4.540 1.672
SPIN 3 15 5 8 -5.308 0.330 -2.592
SPIN 3 15 5 9 -1.113 -5.163 2.666
SPIN 3 15 5 10 -4.434 3.838 0.781
SPIN 3 15 5 11 -4.188 -3.427 -2.391
SPIN 3 15 5 12 -2.432 4.954 -2.132
SPIN 3 15 5 13 -5.721 0.520 1.416
SPIN 3 15 5 14 1.096 -0.799 5.759
SPIN 3 15 5 15 -4.906 -3.057 1.262
SPIN 2 15 5 0 -2.787 3.356 -3.997
SPIN 2 15 5 1 -3.617 -3.315 3.306
SPIN 2 15 5 2 -0.612 -5.880 -0.221
SPIN 2 15 5 3 5.814 0.659 0.871
SPIN 2 15 5 4 -2.943 5.132 0.042
SPIN 2 15 5 5 -0.304 4.241 -4.114
SPIN 2 15 5 6 3.011 -2.015 -4.677
SPIN 2 15 5 7 -2.624 4.623 2.597
SPIN 2 15 5 8 4.760 -1.740 3.052
SPIN 2 15 5 9 1.156 -2.340 -5.309
SPIN 2 15 5 10 -3.455 -3.213 3.569
SPIN 2 15 5 11 -4.654 0.350 -3.636
SPIN 2 15 5 12 2.989 -4.258 2.817
SPIN 2 15 5 13 1.851 -0.180 5.616
SPIN 2 15 5 14 -3.613 -2.891 -3.686
SPIN 2 15 5 15 -0.277 -2.030 5.550
SPIN 3 15 6 0 -1.697 3.997 -4.017
SPIN 3 15 6 1 -3.118 -5.026 0.130
SPIN 3 15 6 2 2.688 -5.257 -0.375
SPIN 3 15 6 3 5.865 -0.026 0.779
SPIN 3 15 6 4 -5.229 1.756 2.139
SPIN 3 15 6 5 1.953 1.434 5.397
SPIN 3 15 6 6 3.692 0.336 -4.611
SPIN 3 15 6 7 -2.958 5.050 0.862
SPIN 3 15 6 8 0.929 -2.681 -5.191
SPIN 3 15 6 9 3.985 2.438 3.630
SPIN 3 15 6 10 -1.766 5.535 -1.114
SPIN 3 15 6 11 -1.361 -2.122 -5.352
SPIN 3 15 6 12 -1.584 3.307 -4.643
SPIN 3 15 6 13 4.461 3.884 0.130
SPIN 3 15 6 14 -2.625 -4.570 2.687
SPIN 3 15 6 15 3.047 4.163 2.895
SPIN 2 15 6 0 -3.453 4.797 -0.249
SPIN 2 15 6 1 5.664 0.110 1.706
SPIN 2 15 6 2 -5.038 -2.600 1.690
SPIN 2 15 6 3 -1.060 5.541 1.782
SPIN 2 15 6 4 0.396 5.071 3.021
SPIN 2 15 6 5 -3.061 -4.450 2.414
SPIN 2 15 6 6 -0.584 4.153 4.173
SPIN 2 15 6 7 0.351 4.301 -4.047
SPIN 2 15 6 8 2.022 -2.249 5.085
SPIN 2 15 6 9 -1.802 3.421 -4.478
SPIN 2 15 6 10 1.207 2.969 -4.973
SPIN 2 15 6 11 5.019 1.208 2.889
SPIN 2 15 6 12 -5.116 2.970 0.070
SPIN 2 15 6 13 -1.301 -4.531 -3.575
SPIN 2 15 6 14 -0.161 3.577 4.710
SPIN 2 15 6 15 4.345 -4.015 0.083
SPIN 3 15 7 0 -2.776 -3.957 -3.411
SPIN 3 15 7 1 -5.384 0.194 2.444
SPIN 3 15 7 2 1.214 4.006 4.181
SPIN 3 15 7 3 -2.498 -5.333 0.570
SPIN 3 15 7 4 4.439 -3.904 0.227
SPIN 3 15 7 5 5.344 2.520 -0.302
SPIN 3 15 7 6 1.950 -0.286 -5.578
SPIN 3 15 7 7 -2.574 1.655 5.063
SPIN 3 15 7 8 0.976 2.385 -5.325
SPIN 3 15 7 9 -3.473 4.599 -1.335
SPIN 3 15 7 10 1.320 1.136 -5.654
SPIN 3 15 7 11 -5.617 1.196 -1.420
SPIN 3 15 7 12 5.038 2.742 -1.448
SPIN 3 15 7 13 1.783 -5.422 1.557
SPIN 3 15 7 14 3.732 -0.694 -4.537
SPIN 3 15 7 15 -0.735 -4.759 3.437
SPIN 2 15 7 0 5.099 1.234 2.735
SPIN 2 15 7 1 -4.469 -2.231 -3.170
SPIN 2 15 7 2 5.792 -1.176 0.255
SPIN 2 15 7 3 -2.354 -3.592 4.069
SPIN 2 15 7 4 2.373 4.429 3.124
SPIN 2 15 7 5 -2.395 4.446 -3.082
SPIN 2 15 7 6 -3.008 1.692 4.805
SPIN 2 15 7 7 -0.793 -5.456 -2.145
SPIN 2 15 7 8 -4.527 1.412 -3.537
SPIN 2 15 7 9 0.292 -4.611 3.695
SPIN 2 15 7 10 1.516 2.432 -5.176
SPIN 2 15 7 11 -0.024 -3.233 4.954
SPIN 2 15 7 12 -4.047 -0.769 4.247
SPIN 2 15 7 13 2.982 -4.336 2.704
SPIN 2 15 7 14 -3.888 -3.362 -2.930
SPIN 2 15 7 15 -2.487 1.877 5.029
SPIN 3 15 8 0 -3.625 2.654 3.849
SPIN 3 15 8 1 -0.564 -2.504 5.330
SPIN 3 15 8 2 -5.428 -2.227 0.755
SPIN 3 15 8 3 2.032 2.706 -4.853
SPIN 3 15 8 4 5.132 -0.289 2.929
SPIN 3 15 8 5 -1.517 -4.198 -3.883
SPIN 3 15 8 6 -0.039 0.932 5.842
SPIN 3 15 8 7 1.659 -5.031 2.633
SPIN 3 15 8 8 3.185 -1.610 4.719
SPIN 3 15 8 9 0.053 3.098 5.040
SPIN 3 15 8 10 4.002 -4.154 1.312
SPIN 3 15 8 11 -0.143 5.261 -2.702
SPIN 3 15 8 12 4.658 3.642 -0.194
SPIN 3 15 8 13 -4.467 -3.572 1.513
SPIN 3 15 8 14 -3.296 2.623 4.154
SPIN 3 15 8 15 -0.875 -3.976 -4.293
SPIN 2 15 8 0 -4.356 3.000 -2.651
SPIN 2 15 8 1 3.101 4.699 -1.818
SPIN 2 15 8 2 -1.423 5.693 -0.755
SPIN 2 15 8 3 3.928 -4.197 -1.398
SPIN 2 15 8 4 -2.642 -5.178 -1.100
SPIN 2 15 8 5 -5.482 -0.944 -2.015
SPIN 2 15 8 6 3.593 -4.155 2.198
SPIN 2 15 8 7 -5.213 -2.773 -0.360
SPIN 2 15 8 8 1.364 -2.577 5.148
SPIN 2 15 8 9 3.581 3.258 -3.401
SPIN 2 15 8 10 1.048 1.642 5.586
SPIN 2 15 8 11 -0.239 3.917 -4.427
SPIN 2 15 8 12 -4.332 -3.948 -0.805
SPIN 2 15 8 13 3.223 4.522 2.040
SPIN 2 15 8 14 0.782 1.207 -5.739
SPIN 2 15 8 15 -3.488 4.305 -2.074
SPIN 3 15 9 0 0.205 -5.148 -2.909
SPIN 3 15 9 1 -0.144 3.569 -4.716
SPIN 3 15 9 2 2.690 5.153 1.098
SPIN 3 15 9 3 -1.025 -1.231 5.695
SPIN 3 15 9 4 2.915 -2.338 -4.586
SPIN 3 15 9 5 5.624 1.467 -1.101
SPIN 3 15 9 6 -4.895 3.128 1.119
SPIN 3 15 9 7 0.521 5.885 0.307
SPIN 3 15 9 8 4.896 -2.937 1.550
SPIN 3 15 9 9 -1.330 -2.941 4.958
SPIN 3 15 9 10 -0.218 2.827 5.192
SPIN 3 15 9 11 -4.250 -3.841 -1.478
SPIN 3 15 9 12 -4.979 2.694 1.718
SPIN 3 15 9 13 -4.206 -4.095 -0.731
SPIN 3 15 9 14 3.400 -4.397 -2.026
SPIN 3 15 9 15 -3.708 -1.439 4.379
SPIN 2 15 9 0 5.373 -2.122 -1.277
SPIN 2 15 9 1 3.184 -4.950 0.605
SPIN 2 15 9 2 1.555 5.707 -0.112
SPIN 2 15 9 3 -2.647 -0.594 5.258
SPIN 2 15 9 4 -2.301 0.717 5.403
SPIN 2 15 9 5 1.400 1.855 -5.440
SPIN 2 15 9 6 -5.249 -2.627 0.737
SPIN 2 15 9 7 -1.035 -5.363 2.273
SPIN 2 15 9 8 -1.646 1.594 -5.454
SPIN 2 15 9 9 3.792 -0.774 -4.475
SPIN 2 15 9 10 4.585 -3.646 0.829
SPIN 2 15 9 11 -5.030 -1.009 2.946
SPIN 2 15 9 12 4.857 1.653 -2.945
SPIN 2 15 9 13 -4.553 -2.586 -2.755
SPIN 2 15 9 14 2.733 2.547 -4.588
SPIN 2 15 9 15 1.037 0.148 5.823
SPIN 3 15 10 0 -4.721 1.364 -3.295
SPIN 3 15 10 1 5.583 -1.575 -1.162
SPIN 3 15 10 2 2.112 -4.591 -3.076
SPIN 3 15 10 3 -4.304 3.949 -0.940
SPIN 3 15 10 4 2.550 -2.561 4.684
SPIN 3 15 10 5 -5.138 -0.642 2.862
SPIN 3 15 10 6 -1.715 -2.220 -5.209
SPIN 3 15 10 7 -5.106 1.681 2.471
SPIN 3 15 10 8 3.702 0.236 4.608
SPIN 3 15 10 9 -4.486 0.034 -3.857
SPIN 3 15 10 10 -0.226 5.904 0.308
SPIN 3 15 10 11 -2.512 5.307 -0.724
SPIN 3 15 10 12 4.100 -4.155 0.961
SPIN 3 15 10 13 1.395 -1.432 5.568
SPIN 3 15 10 14 2.451 4.056 3.542
SPIN 3 15 10 15 -4.074 -4.254 0.556
SPIN 2 15 10 0 0.626 -5.879 -0.223
SPIN 2 15 10 1 -1.018 5.375 -2.251
SPIN 2 15 10 2 1.134 -5.760 -0.735
SPIN 2 15 10 3 -1.560 -5.617 1.008
SPIN 2 15 10 4 -1.485 -1.739 5.456
SPIN 2 15 10 5 0.773 2.635 -5.240
SPIN 2 15 10 6 0.793 3.059 5.002
SPIN 2 15 10 7 4.528 -1.940 3.276
SPIN 2 15 10 8 1.918 -3.735 4.168
SPIN 2 15 10 9 -1.107 5.582 -1.616
SPIN 2 15 10 10 -5.503 -1.177 1.827
SPIN 2 15 10 11 3.190 -4.909 -0.850
SPIN 2 15 10 12 -0.281 -3.794 -4.531
SPIN 2 15 10 13 -0.854 4.084 4.194
SPIN 2 15 10 14 2.972 -0.935 5.029
SPIN 2 15 10 15 4.068 -0.999 -4.178
SPIN 3 15 11 0 -3.684 -4.054 -2.235
SPIN 3 15 11 1 -0.437 -3.790 4.522
SPIN 3 15 11 2 3.718 3.575 -2.898
SPIN 3 15 11 3 -0.020 -4.407 3.947
SPIN 3 15 11 4 5.409 1.032 2.162
SPIN 3 15 11 5 1.151 -1.130 -5.692
SPIN 3 15 11 6 -2.015 5.516 -0.714
SPIN 3 15 11 7 1.898 -1.838 -5.293
SPIN 3 15 11 8 0.990 -2.168 5.415
SPIN 3 15 11 9 4.193 -3.889 -1.515
SPIN 3 15 11 10 1.713 3.877 -4.127
SPIN 3 15 11 11 0.494 3.792 4.514
SPIN 3 15 11 12 -4.708 -2.940 2.047
SPIN 3 15 11 13 0.931 1.911 -5.521
SPIN 3 15 11 14 -2.282 -3.754 3.962
SPIN 3 15 11 15 2.035 2.175 5.111
SPIN 2 15 11 0 1.767 5.635 -0.347
SPIN 2 15 11 1 2.994 -5.010 0.966
SPIN 2 15 11 2 -3.788 -3.995 2.167
SPIN 2 15 11 3 1.405 -5.333 -2.141
SPIN 2 15 11 4 1.387 5.441 -1.862
SPIN 2 15 11 5 -3.256 1.492 4.709
SPIN 2 15 11 6 -0.306 -5.146 2.902
SPIN 2 15 11 7 -2.651 4.458 2.846
SPIN 2 15 11 8 5.031 1.429 -2.765
SPIN 2 15 11 9 5.250 0.536 -2.674
SPIN 2 15 11 10 -1.974 -5.180 2.068
SPIN 2 15 11 11 3.321 4.264 -2.406
SPIN 2 15 11 12 -0.051 0.413 5.901
SPIN 2 15 11 13 5.415 -1.875 -1.469
SPIN 2 15 11 14 -5.779 -0.099 -1.262
SPIN 2 15 11 15 -2.760 1.721 -4.942
SPIN 3 15 12 0 3.710 -1.300 -4.421
SPIN 3 15 12 1 4.082 2.545 3.444
SPIN 3 15 12 2 -5.899 0.105 0.439
SPIN 3 15 12 3 5.599 -0.803 1.735
SPIN 3 15 12 4 -2.904 -4.655 -2.213
SPIN 3 15 12 5 5.708 -0.335 1.520
SPIN 3 15 12 6 3.073 4.926 -1.137
SPIN 3 15 12 7 5.458 2.197 0.615
SPIN 3 15 12 8 -4.747 0.909 -3.412
SPIN 3 15 12 9 -3.050 0.935 4.982
SPIN 3 15 12 10 5.836 0.276 -0.928
SPIN 3 15 12 11 -3.311 -2.322 -4.318
SPIN 3 15 12 12 -3.023 4.988 -0.992
SPIN 3 15 12 13 -1.222 -4.543 -3.587
SPIN 3 15 12 14 3.075 2.358 4.470
SPIN 3 15 12 15 -3.633 3.889 -2.584
SPIN 2 15 12 0 -5.767 -0.176 -1.310
SPIN 2 15 12 1 4.784 0.480 3.447
SPIN 2 15 12 2 0.216 -4.330 4.025
SPIN 2 15 12 3 5.487 1.814 1.266
SPIN 2 15 12 4 -5.578 0.496 1.908
SPIN 2 15 12 5 1.733 5.225 -2.166
SPIN 2 15 12 6 4.996 -3.155 0.300
SPIN 2 15 12 7 -4.900 3.044 -1.313
SPIN 2 15 12 8 2.930 4.200 2.963
SPIN 2 15 12 9 -1.182 -5.271 -2.414
SPIN 2 15 12 10 2.682 4.357 -2.970
SPIN 2 15 12 11 -1.263 5.245 -2.427
SPIN 2 15 12 12 3.419 -2.882 3.874
SPIN 2 15 12 13 4.362 3.801 -1.237
SPIN 2 15 12 14 -2.196 5.164 -1.872
SPIN 2 15 12 15 5.391 2.310 -0.779
SPIN 3 15 13 0 -0.751 -5.858 0.353
SPIN 3 15 13 1 -2.595 -1.232 -5.172
SPIN 3 15 13 2 5.712 1.500 -0.345
SPIN 3 15 13 3 -4.129 -0.802 4.160
SPIN 3 15 13 4 5.278 -2.237 1.464
SPIN 3 15 13 5 -2.107 -4.205 3.588
SPIN 3 15 13 6 4.077 -0.835 -4.205
SPIN 3 15 13 7 -5.754 -1.072 -0.859
SPIN 3 15 13 8 3.826 2.654 3.649
SPIN 3 15 13 9 5.731 -0.888 1.170
SPIN 3 15 13 10 4.116 0.032 4.250
SPIN 3 15 13 11 0.897 5.793 -0.797
SPIN 3 15 13 12 -4.098 4.265 0.120
SPIN 3 15 13 13 -0.027 -5.857 -0.833
SPIN 3 15 13 14 -2.859 2.826 -4.341
SPIN 3 15 13 15 5.107 -2.227 -1.991
SPIN 2 15 13 0 0.610 5.032 3.051
SPIN 2 15 13 1 -1.392 2.195 -5.315
SPIN 2 15 13 2 -1.358 -5.353 2.121
SPIN 2 15 13 3 -5.327 1.604 -2.014
SPIN 2 15 13 4 3.976 -0.615 -4.337
SPIN 2 15 13 5 4.441 -3.806 0.890
SPIN 2 15 13 6 -4.870 -2.642 -2.075
SPIN 2 15 13 7 -4.613 -3.695 -0.268
SPIN 2 15 13 8 2.432 -1.139 -5.272
SPIN 2 15 13 9 -3.322 4.186 2.537
SPIN 2 15 13 10 -4.939 2.750 -1.744
SPIN 2 15 13 11 1.127 -4.529 3.636
SPIN 2 15 13 12 -2.951 -1.904 -4.761
SPIN 2 15 13 13 1.446 -5.680 -0.801
SPIN 2 15 13 14 -4.387 3.901 -0.732
SPIN 2 15 13 15 2.518 5.169 -1.393
SPIN 3 15 14 0 2.536 3.685 -3.872
SPIN 3 15 14 1 2.769 -3.439 3.937
SPIN 3 15 14 2 -2.896 -5.052 -1.042
SPIN 3 15 14 3 5.565 -0.000 2.008
SPIN 3 15 14 4 -2.682 -3.753 3.704
SPIN 3 15 14 5 4.744 -2.654 2.335
SPIN 3 15 14 6 -3.707 2.411 3.930
SPIN 3 15 14 7 -4.334 -3.299 -2.309
SPIN 3 15 14 8 -4.577 2.931 -2.336
SPIN 3 15 14 9 -5.171 0.909 -2.727
SPIN 3 15 14 10 5.892 -0.367 0.382
SPIN 3 15 14 11 -2.459 4.868 2.293
SPIN 3 15 14 12 1.500 -5.690 -0.615
SPIN 3 15 14 13 4.905 -3.161 0.974
SPIN 3 15 14 14 1.831 3.259 4.585
SPIN 3 15 14 15 -0.677 -5.597 -1.793
SPIN 2 15 14 0 3.277 -0.807 -4.859
SPIN 2 15 14 1 5.655 -1.175 -1.280
SPIN 2 15 14 2 -5.817 -0.735 -0.788
SPIN 2 15 14 3 4.372 3.875 0.933
SPIN 2 15 14 4 -1.688 -5.055 -2.568
SPIN 2 15 14 5 0.694 -1.382 -5.710
SPIN 2 15 14 6 -4.780 0.385 3.465
SPIN 2 15 14 7 -0.154 5.913 -0.087
SPIN 2 15 14 8 0.303 5.718 -1.489
SPIN 2 15 14 9 2.192 -4.621 -2.973
SPIN 2 15 14 10 0.174 5.023 3.121
SPIN 2 15 14 11 1.030 -0.552 5.800
SPIN 2 15 14 12 5.720 -1.414 0.531
SPIN 2 15 14 13 -4.316 2.523 3.163
SPIN 2 15 14 14 1.219 -2.553 -5.196
SPIN 2 15 14 15 -0.714 -1.230 -5.743
SPIN 3 15 15 0 -5.001 -3.116 0.532
SPIN 3 15 15 1 5.373 0.295 -2.459
SPIN 3 15 15 2 -0.475 -5.485 -2.165
SPIN 3 15 15 3 -3.608 4.669 0.430
SPIN 3 15 15 4 5.584 1.661 1.030
SPIN 3 15 15 5 4.869 2.481 -2.266
SPIN 3 15 15 6 2.487 3.482 -4.086
SPIN 3 15 15 7 4.415 -0.671 -3.880
SPIN 3 15 15 8 -5.327 -0.586 2.505
SPIN 3 15 15 9 -1.578 1.553 5.486
SPIN 3 15 15 10 -3.563 -4.545 1.286
SPIN 3 15 15 11 -4.492 -3.827 -0.412
SPIN 3 15 15 12 2.277 4.124 3.579
SPIN 3 15 15 13 3.228 -3.120 -3.853
SPIN 3 15 15 14 -2.924 1.543 4.906
SPIN 3 15 15 15 -1.775 -5.539 1.082
SPIN 2 15 15 0 -4.333 2.204 3.371
SPIN 2 15 15 1 -4.266 -3.941 1.125
SPIN 2 15 15 2 2.034 3.255 -4.502
SPIN 2 15 15 3 -3.274 -4.810 -1.073
SPIN 2 15 15 4 2.415 2.360 -4.858
SPIN 2 15 15 5 -0.341 5.829 0.951
SPIN 2 15 15 6 3.620 1.456 4.447
SPIN 2 15 15 7 -2.638 5.016 1.698
SPIN 2 15 15 8 -1.720 -0.992 5.573
SPIN 2 15 15 9 -5.150 -0.197 -2.904
SPIN 2 15 15 10 4.821 0.012 3.429
SPIN 2 15 15 11 -2.135 -3.898 3.904
SPIN 2 15 15 12 -0.422 1.921 5.579
SPIN 2 15 15 13 2.591 -2.410 -4.741
SPIN 2 15 15 14 2.383 -0.620 5.379
SPIN 2 15 15 15 2.112 4.536 3.157
