TITLE MnO_160K_J1J2_MC_07
CELL 4.4344 4.4344 4.4344 90 90 90
SITE 0 0 0
SITE 0.5 0.5 0
SITE 0.5 0 0.5
SITE 0 0.5 0.5
BOX 16 16 16
FORM_FACTOR_J0 0.4220 17.6840 0.5948 6.0050 0.0043 -0.6090 -0.0219
SPIN 1 0 0 0 2.613 4.125 3.340
SPIN 1 0 0 1 -4.060 -3.401 2.636
SPIN 1 0 0 2 2.085 4.496 3.232
SPIN 1 0 0 3 -1.478 -5.728 0.008
SPIN 1 0 0 4 4.814 2.122 -2.706
SPIN 1 0 0 5 4.995 -3.069 -0.794
SPIN 1 0 0 6 -5.148 2.394 -1.662
SPIN 1 0 0 7 2.340 -2.231 -4.954
SPIN 1 0 0 8 -5.440 0.843 -2.168
SPIN 1 0 0 9 -1.442 5.477 1.710
SPIN 1 0 0 10 1.921 2.764 -4.865
SPIN 1 0 0 11 -2.559 -4.823 -2.277
SPIN 1 0 0 12 -4.649 3.084 1.968
SPIN 1 0 0 13 0.339 -4.029 -4.319
SPIN 1 0 0 14 2.837 4.537 -2.523
SPIN 1 0 0 15 -0.745 -5.452 2.172
SPIN 4 0 0 0 5.505 -0.294 -2.147
SPIN 4 0 0 1 0.610 3.071 -5.019
SPIN 4 0 0 2 -3.920 4.341 -0.886
SPIN 4 0 0 3 0.116 -1.308 5.768
SPIN 4 0 0 4 1.097 -2.790 5.100
SPIN 4 0 0 5 -1.774 0.532 -5.619
SPIN 4 0 0 6 -0.543 0.664 5.854
SPIN 4 0 0 7 -5.045 3.060 -0.433
SPIN 4 0 0 8 3.251 3.073 3.872
SPIN 4 0 0 9 -3.176 2.940 -4.033
SPIN 4 0 0 10 3.953 3.065 -3.160
SPIN 4 0 0 11 3.107 -4.332 -2.566
SPIN 4 0 0 12 -1.644 0.290 5.676
SPIN 4 0 0 13 4.664 -3.621 0.365
SPIN 4 0 0 14 -1.126 0.884 5.740
SPIN 4 0 0 15 2.243 5.422 -0.757
SPIN 1 0 1 0 4.154 -2.437 -3.436
SPIN 1 0 1 1 -5.156 -2.864 -0.459
SPIN 1 0 1 2 2.450 3.712 3.901
SPIN 1 0 1 3 2.674 -3.560 -3.896
SPIN 1 0 1 4 -5.397 -0.931 2.238
SPIN 1 0 1 5 -5.633 -0.513 1.733
SPIN 1 0 1 6 1.694 4.789 -3.033
SPIN 1 0 1 7 -5.689 0.550 1.529
SPIN 1 0 1 8 5.288 -0.300 -2.635
SPIN 1 0 1 9 4.468 -3.378 1.903
SPIN 1 0 1 10 1.819 -3.991 3.970
SPIN 1 0 1 11 -0.476 0.660 -5.860
SPIN 1 0 1 12 5.446 -1.651 -1.618
SPIN 1 0 1 13 -3.617 4.423 1.534
SPIN 1 0 1 14 4.031 -3.807 2.063
SPIN 1 0 1 15 -4.269 3.490 -2.142
SPIN 4 0 1 0 -4.108 0.100 4.256
SPIN 4 0 1 1 2.493 -4.435 -3.019
SPIN 4 0 1 2 5.604 1.874 0.285
SPIN 4 0 1 3 3.582 3.641 -2.985
SPIN 4 0 1 4 5.904 -0.141 0.358
SPIN 4 0 1 5 2.183 -0.345 -5.488
SPIN 4 0 1 6 2.717 5.253 0.161
SPIN 4 0 1 7 -4.754 1.270 -3.284
SPIN 4 0 1 8 -4.166 3.616 -2.137
SPIN 4 0 1 9 5.774 -1.273 -0.207
SPIN 4 0 1 10 0.447 4.863 3.339
SPIN 4 0 1 11 -3.272 4.815 -1.053
SPIN 4 0 1 12 1.800 -2.577 -5.012
SPIN 4 0 1 13 1.949 -2.108 5.173
SPIN 4 0 1 14 -4.560 -3.687 0.778
SPIN 4 0 1 15 4.672 -3.320 -1.467
SPIN 1 0 2 0 2.103 3.096 4.581
SPIN 1 0 2 1 0.545 4.457 -3.852
SPIN 1 0 2 2 4.823 2.561 2.277
SPIN 1 0 2 3 -0.580 -1.504 5.692
SPIN 1 0 2 4 2.904 -5.154 0.060
SPIN 1 0 2 5 1.976 2.211 5.119
SPIN 1 0 2 6 0.617 5.566 -1.906
SPIN 1 0 2 7 3.435 -4.770 -0.666
SPIN 1 0 2 8 -2.529 -5.237 -1.085
SPIN 1 0 2 9 -3.144 -4.365 -2.462
SPIN 1 0 2 10 -4.678 -2.808 -2.288
SPIN 1 0 2 11 3.985 2.444 -3.626
SPIN 1 0 2 12 0.283 -3.905 4.435
SPIN 1 0 2 13 3.452 -4.799 0.241
SPIN 1 0 2 14 -5.166 2.687 1.046
SPIN 1 0 2 15 -4.439 0.322 3.898
SPIN 4 0 2 0 -4.788 -0.082 3.474
SPIN 4 0 2 1 -0.797 3.370 4.797
SPIN 4 0 2 2 -5.182 -1.576 -2.380
SPIN 4 0 2 3 -4.892 3.322 -0.168
SPIN 4 0 2 4 5.078 2.702 -1.381
SPIN 4 0 2 5 -0.687 4.824 3.356
SPIN 4 0 2 6 -3.127 -1.656 -4.741
SPIN 4 0 2 7 -4.733 -0.738 3.473
SPIN 4 0 2 8 4.408 -1.995 3.404
SPIN 4 0 2 9 -3.551 -2.650 -3.921
SPIN 4 0 2 10 -2.760 5.223 -0.317
SPIN 4 0 2 11 -4.435 -3.799 0.948
SPIN 4 0 2 12 -5.706 -0.335 -1.524
SPIN 4 0 2 13 -2.337 -5.406 -0.563
SPIN 4 0 2 14 -2.225 -2.105 -5.062
SPIN 4 0 2 15 4.377 3.150 -2.432
SPIN 1 0 3 0 -1.904 1.648 5.353
SPIN 1 0 3 1 4.688 -3.133 -1.790
SPIN 1 0 3 2 -0.382 -3.609 4.672
SPIN 1 0 3 3 2.126 4.818 -2.695
SPIN 1 0 3 4 -2.074 -2.397 -4.995
SPIN 1 0 3 5 -4.179 -4.148 0.571
SPIN 1 0 3 6 2.071 -4.520 3.207
SPIN 1 0 3 7 4.167 4.192 -0.241
SPIN 1 0 3 8 2.829 0.221 -5.191
SPIN 1 0 3 9 3.407 4.471 1.844
SPIN 1 0 3 10 -5.131 2.926 0.338
SPIN 1 0 3 11 0.358 -4.576 -3.732
SPIN 1 0 3 12 -1.207 4.991 2.938
SPIN 1 0 3 13 5.070 -0.929 -2.903
SPIN 1 0 3 14 4.852 3.053 1.463
SPIN 1 0 3 15 -1.614 -5.560 -1.219
SPIN 4 0 3 0 2.693 -0.395 -5.253
SPIN 4 0 3 1 -5.574 0.261 1.964
SPIN 4 0 3 2 4.100 4.236 -0.496
SPIN 4 0 3 3 4.221 2.576 3.248
SPIN 4 0 3 4 -0.024 -3.635 -4.668
SPIN 4 0 3 5 -3.943 -4.282 1.058
SPIN 4 0 3 6 -3.480 2.048 -4.323
SPIN 4 0 3 7 1.387 -3.120 -4.832
SPIN 4 0 3 8 -2.928 2.841 -4.285
SPIN 4 0 3 9 3.277 -0.477 4.902
SPIN 4 0 3 10 -1.028 -0.655 -5.789
SPIN 4 0 3 11 -1.647 -5.605 0.932
SPIN 4 0 3 12 2.060 -0.789 5.489
SPIN 4 0 3 13 2.574 5.269 -0.784
SPIN 4 0 3 14 5.477 -1.548 1.613
SPIN 4 0 3 15 -2.061 -4.173 3.652
SPIN 1 0 4 0 -3.620 2.594 -3.894
SPIN 1 0 4 1 -1.476 -5.618 1.123
SPIN 1 0 4 2 2.193 1.608 5.254
SPIN 1 0 4 3 4.177 -4.125 -0.728
SPIN 1 0 4 4 0.516 4.349 -3.978
SPIN 1 0 4 5 -1.537 -5.207 2.350
SPIN 1 0 4 6 1.268 -0.394 -5.765
SPIN 1 0 4 7 4.893 -1.964 2.684
SPIN 1 0 4 8 -0.453 5.598 -1.861
SPIN 1 0 4 9 0.168 -1.629 5.685
SPIN 1 0 4 10 5.099 -0.945 -2.847
SPIN 1 0 4 11 -2.923 -2.995 -4.181
SPIN 1 0 4 12 3.019 3.643 -3.552
SPIN 1 0 4 13 5.389 -0.661 -2.349
SPIN 1 0 4 14 -3.908 -4.441 -0.066
SPIN 1 0 4 15 -5.180 2.148 1.886
SPIN 4 0 4 0 -2.808 -3.762 3.600
SPIN 4 0 4 1 -4.471 3.371 1.911
SPIN 4 0 4 2 -4.861 2.939 -1.653
SPIN 4 0 4 3 3.409 -4.560 1.608
SPIN 4 0 4 4 -0.705 1.098 -5.771
SPIN 4 0 4 5 -1.161 4.008 4.194
SPIN 4 0 4 6 3.305 0.623 4.867
SPIN 4 0 4 7 2.364 -1.168 5.296
SPIN 4 0 4 8 -1.939 4.481 3.341
SPIN 4 0 4 9 1.925 -2.723 -4.887
SPIN 4 0 4 10 -1.780 4.768 3.016
SPIN 4 0 4 11 -3.325 -3.317 -3.598
SPIN 4 0 4 12 2.380 -5.367 0.731
SPIN 4 0 4 13 0.412 1.714 -5.647
SPIN 4 0 4 14 -3.065 -1.448 4.849
SPIN 4 0 4 15 4.835 1.879 2.845
SPIN 1 0 5 0 -1.697 3.335 -4.582
SPIN 1 0 5 1 -0.283 -2.862 -5.170
SPIN 1 0 5 2 1.813 3.485 4.423
SPIN 1 0 5 3 -0.990 0.604 -5.801
SPIN 1 0 5 4 5.584 -1.930 0.307
SPIN 1 0 5 5 1.508 5.303 2.146
SPIN 1 0 5 6 0.259 -5.876 0.640
SPIN 1 0 5 7 -0.283 4.823 3.415
SPIN 1 0 5 8 -4.960 0.754 3.135
SPIN 1 0 5 9 -3.676 1.581 -4.357
SPIN 1 0 5 10 3.079 -3.684 -3.457
SPIN 1 0 5 11 2.978 5.053 0.774
SPIN 1 0 5 12 -5.789 -1.184 -0.296
SPIN 1 0 5 13 -3.227 1.485 4.731
SPIN 1 0 5 14 2.304 -2.090 -5.032
SPIN 1 0 5 15 0.665 1.707 5.625
SPIN 4 0 5 0 -4.966 1.940 2.564
SPIN 4 0 5 1 -4.462 3.445 1.795
SPIN 4 0 5 2 1.974 -1.039 -5.480
SPIN 4 0 5 3 2.144 0.416 -5.498
SPIN 4 0 5 4 -4.294 3.840 -1.350
SPIN 4 0 5 5 -2.777 -1.017 5.124
SPIN 4 0 5 6 5.746 -0.837 -1.134
SPIN 4 0 5 7 -4.271 4.090 -0.167
SPIN 4 0 5 8 4.183 -3.882 1.558
SPIN 4 0 5 9 -3.112 -2.684 4.256
SPIN 4 0 5 10 3.153 4.244 2.655
SPIN 4 0 5 11 5.354 -2.512 -0.171
SPIN 4 0 5 12 -5.583 0.315 1.932
SPIN 4 0 5 13 -2.287 5.449 -0.276
SPIN 4 0 5 14 2.645 0.604 -5.257
SPIN 4 0 5 15 0.881 -5.740 -1.131
SPIN 1 0 6 0 -0.651 0.542 -5.855
SPIN 1 0 6 1 -0.668 -1.297 5.733
SPIN 1 0 6 2 -2.044 -2.027 5.169
SPIN 1 0 6 3 0.606 -4.977 3.140
SPIN 1 0 6 4 2.575 4.884 -2.126
SPIN 1 0 6 5 5.625 0.305 -1.806
SPIN 1 0 6 6 -4.048 3.900 -1.845
SPIN 1 0 6 7 3.384 -3.453 3.409
SPIN 1 0 6 8 2.595 -0.356 5.305
SPIN 1 0 6 9 -0.220 5.677 -1.650
SPIN 1 0 6 10 -5.731 -0.924 1.141
SPIN 1 0 6 11 1.775 -4.505 -3.400
SPIN 1 0 6 12 5.769 -0.130 -1.304
SPIN 1 0 6 13 -3.338 1.875 -4.510
SPIN 1 0 6 14 -3.936 0.922 4.319
SPIN 1 0 6 15 -2.414 0.195 5.398
SPIN 4 0 6 0 1.679 5.013 -2.655
SPIN 4 0 6 1 4.059 -2.968 3.117
SPIN 4 0 6 2 -2.376 0.906 5.342
SPIN 4 0 6 3 3.840 -4.348 -1.159
SPIN 4 0 6 4 -5.346 -1.193 2.235
SPIN 4 0 6 5 5.585 -1.710 0.942
SPIN 4 0 6 6 -2.854 2.401 -4.592
SPIN 4 0 6 7 4.969 -0.611 -3.153
SPIN 4 0 6 8 -5.586 -1.890 -0.477
SPIN 4 0 6 9 2.537 2.296 -4.826
SPIN 4 0 6 10 1.103 -5.325 2.329
SPIN 4 0 6 11 -4.552 3.770 0.247
SPIN 4 0 6 12 -4.281 1.615 -3.750
SPIN 4 0 6 13 4.664 -1.448 -3.340
SPIN 4 0 6 14 1.156 -5.694 1.113
SPIN 4 0 6 15 -3.901 -1.739 4.094
SPIN 1 0 7 0 3.233 -0.336 -4.943
SPIN 1 0 7 1 -4.508 -2.200 3.136
SPIN 1 0 7 2 -5.426 1.394 -1.902
SPIN 1 0 7 3 5.810 -0.285 -1.081
SPIN 1 0 7 4 -4.609 -2.249 -2.950
SPIN 1 0 7 5 -3.582 3.701 2.911
SPIN 1 0 7 6 2.193 5.378 -1.125
SPIN 1 0 7 7 -3.373 -4.010 2.746
SPIN 1 0 7 8 4.584 -3.000 -2.232
SPIN 1 0 7 9 -0.389 -2.904 -5.140
SPIN 1 0 7 10 -3.399 -2.470 4.164
SPIN 1 0 7 11 -3.835 -3.640 -2.654
SPIN 1 0 7 12 5.504 0.076 2.168
SPIN 1 0 7 13 3.252 -4.876 -0.803
SPIN 1 0 7 14 -0.246 4.913 -3.287
SPIN 1 0 7 15 -4.415 -3.881 -0.670
SPIN 4 0 7 0 3.707 -3.315 3.206
SPIN 4 0 7 1 -3.656 2.345 4.017
SPIN 4 0 7 2 -1.336 -2.615 -5.136
SPIN 4 0 7 3 -2.395 5.368 -0.664
SPIN 4 0 7 4 -3.256 1.362 -4.748
SPIN 4 0 7 5 5.021 -2.116 2.305
SPIN 4 0 7 6 -1.701 4.499 -3.444
SPIN 4 0 7 7 2.215 4.634 -2.936
SPIN 4 0 7 8 -5.791 -0.114 1.205
SPIN 4 0 7 9 2.115 -1.350 -5.358
SPIN 4 0 7 10 5.067 2.953 -0.774
SPIN 4 0 7 11 -2.944 3.216 -3.998
SPIN 4 0 7 12 2.382 5.365 0.735
SPIN 4 0 7 13 -4.846 -1.149 3.194
SPIN 4 0 7 14 2.321 -5.240 -1.467
SPIN 4 0 7 15 2.502 -3.089 -4.382
SPIN 1 0 8 0 -0.454 0.323 -5.890
SPIN 1 0 8 1 0.164 4.615 3.698
SPIN 1 0 8 2 -5.678 -1.396 0.899
SPIN 1 0 8 3 2.018 1.828 5.252
SPIN 1 0 8 4 3.247 1.127 4.815
SPIN 1 0 8 5 -1.414 -5.708 0.651
SPIN 1 0 8 6 -2.142 -5.381 -1.209
SPIN 1 0 8 7 -5.072 2.495 -1.746
SPIN 1 0 8 8 2.409 0.608 5.369
SPIN 1 0 8 9 -5.124 -2.753 -1.081
SPIN 1 0 8 10 -1.480 5.371 -1.990
SPIN 1 0 8 11 -1.573 -5.662 -0.683
SPIN 1 0 8 12 -4.370 -3.926 0.701
SPIN 1 0 8 13 -4.477 3.521 1.600
SPIN 1 0 8 14 -0.154 3.151 -5.005
SPIN 1 0 8 15 -0.591 4.541 3.746
SPIN 4 0 8 0 -0.651 5.801 -0.963
SPIN 4 0 8 1 4.369 2.932 -2.705
SPIN 4 0 8 2 4.802 -1.767 2.971
SPIN 4 0 8 3 -2.124 0.360 -5.510
SPIN 4 0 8 4 5.230 -2.746 -0.333
SPIN 4 0 8 5 -2.316 5.197 1.621
SPIN 4 0 8 6 3.281 4.792 -1.129
SPIN 4 0 8 7 -0.204 -5.233 2.752
SPIN 4 0 8 8 -2.470 -4.456 -3.008
SPIN 4 0 8 9 5.478 1.177 1.899
SPIN 4 0 8 10 5.358 1.634 -1.902
SPIN 4 0 8 11 -2.852 -5.080 -1.032
SPIN 4 0 8 12 0.308 3.672 4.628
SPIN 4 0 8 13 -1.625 -4.325 3.695
SPIN 4 0 8 14 -4.988 0.511 -3.140
SPIN 4 0 8 15 -5.408 -2.340 0.529
SPIN 1 0 9 0 0.841 -0.945 5.779
SPIN 1 0 9 1 0.860 -4.605 -3.612
SPIN 1 0 9 2 -2.656 4.808 -2.198
SPIN 1 0 9 3 -4.927 2.778 1.735
SPIN 1 0 9 4 -4.854 -3.305 0.714
SPIN 1 0 9 5 -1.994 4.216 -3.640
SPIN 1 0 9 6 -1.373 1.008 -5.666
SPIN 1 0 9 7 0.143 -0.330 5.905
SPIN 1 0 9 8 -5.756 0.776 -1.123
SPIN 1 0 9 9 3.876 0.680 4.417
SPIN 1 0 9 10 2.783 3.446 3.921
SPIN 1 0 9 11 0.711 5.305 2.520
SPIN 1 0 9 12 -0.278 5.831 0.961
SPIN 1 0 9 13 -0.436 -2.384 -5.397
SPIN 1 0 9 14 -2.014 -1.961 5.206
SPIN 1 0 9 15 1.236 5.475 -1.871
SPIN 4 0 9 0 0.807 -3.534 -4.675
SPIN 4 0 9 1 1.800 0.663 5.596
SPIN 4 0 9 2 -0.323 -5.058 -3.052
SPIN 4 0 9 3 -4.734 -1.359 -3.277
SPIN 4 0 9 4 -4.233 3.371 -2.392
SPIN 4 0 9 5 2.010 -4.976 -2.489
SPIN 4 0 9 6 0.982 -5.574 1.724
SPIN 4 0 9 7 -3.677 -0.128 -4.633
SPIN 4 0 9 8 2.890 -0.021 -5.162
SPIN 4 0 9 9 -0.908 4.284 -3.978
SPIN 4 0 9 10 0.118 3.090 5.044
SPIN 4 0 9 11 2.780 5.221 0.120
SPIN 4 0 9 12 -4.140 -3.742 -1.966
SPIN 4 0 9 13 4.081 2.594 -3.409
SPIN 4 0 9 14 5.101 -1.973 2.255
SPIN 4 0 9 15 -2.475 4.096 -3.478
SPIN 1 0 10 0 3.047 -4.154 -2.909
SPIN 1 0 10 1 0.607 4.696 -3.547
SPIN 1 0 10 2 1.623 -4.101 3.942
SPIN 1 0 10 3 -1.518 -3.694 -4.364
SPIN 1 0 10 4 -2.439 3.737 -3.884
SPIN 1 0 10 5 3.738 -3.665 2.757
SPIN 1 0 10 6 -5.084 0.821 -2.912
SPIN 1 0 10 7 -1.240 5.784 -0.085
SPIN 1 0 10 8 -4.066 2.530 -3.473
SPIN 1 0 10 9 5.829 0.986 0.237
SPIN 1 0 10 10 -1.107 -5.596 -1.569
SPIN 1 0 10 11 -0.750 4.949 -3.153
SPIN 1 0 10 12 4.353 -1.568 -3.687
SPIN 1 0 10 13 -2.763 -4.362 2.888
SPIN 1 0 10 14 -0.957 4.218 -4.037
SPIN 1 0 10 15 4.306 -3.845 -1.295
SPIN 4 0 10 0 -5.325 2.541 0.430
SPIN 4 0 10 1 -3.432 4.807 -0.330
SPIN 4 0 10 2 -0.492 -2.124 5.500
SPIN 4 0 10 3 0.428 -2.599 5.297
SPIN 4 0 10 4 2.088 4.754 2.836
SPIN 4 0 10 5 0.346 0.815 5.849
SPIN 4 0 10 6 1.994 5.555 -0.410
SPIN 4 0 10 7 4.780 -2.995 1.782
SPIN 4 0 10 8 -4.822 3.244 1.107
SPIN 4 0 10 9 -4.088 -4.234 -0.597
SPIN 4 0 10 10 2.988 4.599 2.218
SPIN 4 0 10 11 0.143 -5.794 -1.185
SPIN 4 0 10 12 -2.581 -1.008 5.227
SPIN 4 0 10 13 -3.723 -2.371 3.939
SPIN 4 0 10 14 5.782 -1.206 -0.339
SPIN 4 0 10 15 0.415 -2.761 5.216
SPIN 1 0 11 0 -2.966 2.743 -4.322
SPIN 1 0 11 1 -4.317 -3.701 1.631
SPIN 1 0 11 2 -0.709 -0.021 -5.873
SPIN 1 0 11 3 -1.226 4.309 -3.864
SPIN 1 0 11 4 0.933 -3.481 4.692
SPIN 1 0 11 5 1.611 4.206 3.836
SPIN 1 0 11 6 3.983 -2.514 3.580
SPIN 1 0 11 7 -3.228 -3.358 -3.647
SPIN 1 0 11 8 4.504 -1.742 -3.417
SPIN 1 0 11 9 0.187 -5.913 -0.070
SPIN 1 0 11 10 2.490 5.330 -0.624
SPIN 1 0 11 11 1.670 -3.541 4.436
SPIN 1 0 11 12 -2.841 5.073 -1.095
SPIN 1 0 11 13 -0.448 3.106 5.015
SPIN 1 0 11 14 -1.137 5.696 -1.125
SPIN 1 0 11 15 -4.790 -0.615 -3.417
SPIN 4 0 11 0 4.671 2.533 2.601
SPIN 4 0 11 1 2.635 -5.158 1.206
SPIN 4 0 11 2 4.096 4.036 -1.389
SPIN 4 0 11 3 1.604 -4.876 -2.941
SPIN 4 0 11 4 2.876 4.860 1.763
SPIN 4 0 11 5 0.355 -1.736 -5.645
SPIN 4 0 11 6 -5.438 -0.291 -2.311
SPIN 4 0 11 7 -0.689 0.852 5.814
SPIN 4 0 11 8 -3.246 -4.796 -1.209
SPIN 4 0 11 9 2.945 2.714 4.354
SPIN 4 0 11 10 -4.251 0.207 -4.110
SPIN 4 0 11 11 -5.841 0.733 0.587
SPIN 4 0 11 12 -4.310 4.047 0.206
SPIN 4 0 11 13 2.950 -3.378 -3.858
SPIN 4 0 11 14 -3.530 1.468 4.515
SPIN 4 0 11 15 -3.956 1.593 4.100
SPIN 1 0 12 0 2.508 -0.138 -5.356
SPIN 1 0 12 1 -2.788 4.622 2.421
SPIN 1 0 12 2 -5.378 -2.228 -1.055
SPIN 1 0 12 3 0.353 -4.877 3.330
SPIN 1 0 12 4 -2.083 5.480 0.794
SPIN 1 0 12 5 2.194 0.747 -5.443
SPIN 1 0 12 6 -3.342 4.518 1.847
SPIN 1 0 12 7 3.454 -2.145 4.297
SPIN 1 0 12 8 -4.892 1.571 -2.933
SPIN 1 0 12 9 -4.923 1.534 2.901
SPIN 1 0 12 10 1.914 -1.885 -5.271
SPIN 1 0 12 11 -2.315 5.109 -1.882
SPIN 1 0 12 12 -1.662 -2.956 4.848
SPIN 1 0 12 13 2.403 -5.309 1.021
SPIN 1 0 12 14 1.138 -3.474 4.652
SPIN 1 0 12 15 -3.779 -4.464 -0.890
SPIN 4 0 12 0 -1.584 -3.202 4.716
SPIN 4 0 12 1 -1.570 2.134 5.290
SPIN 4 0 12 2 -0.416 5.638 -1.743
SPIN 4 0 12 3 -1.169 5.620 -1.432
SPIN 4 0 12 4 -4.483 3.374 1.877
SPIN 4 0 12 5 -5.084 2.355 1.900
SPIN 4 0 12 6 3.501 1.121 -4.635
SPIN 4 0 12 7 5.198 -1.025 -2.631
SPIN 4 0 12 8 3.631 -2.288 4.072
SPIN 4 0 12 9 0.300 -5.586 -1.924
SPIN 4 0 12 10 2.546 0.929 5.259
SPIN 4 0 12 11 -5.186 -2.820 -0.397
SPIN 4 0 12 12 1.890 -1.888 5.278
SPIN 4 0 12 13 -2.426 -0.481 -5.374
SPIN 4 0 12 14 2.816 -1.828 4.871
SPIN 4 0 12 15 -0.064 -2.437 -5.391
SPIN 1 0 13 0 -2.383 -4.007 3.642
SPIN 1 0 13 1 3.752 -0.665 -4.526
SPIN 1 0 13 2 -0.523 5.772 1.190
SPIN 1 0 13 3 -0.171 1.171 -5.796
SPIN 1 0 13 4 1.213 0.410 -5.776
SPIN 1 0 13 5 4.581 -3.332 1.706
SPIN 1 0 13 6 2.924 3.011 -4.169
SPIN 1 0 13 7 -5.772 1.041 0.773
SPIN 1 0 13 8 5.761 -1.341 -0.126
SPIN 1 0 13 9 4.795 -2.072 2.777
SPIN 1 0 13 10 3.574 4.660 -0.715
SPIN 1 0 13 11 3.590 -4.517 1.306
SPIN 1 0 13 12 -2.276 3.630 4.079
SPIN 1 0 13 13 4.793 1.049 -3.306
SPIN 1 0 13 14 -2.422 -4.162 -3.436
SPIN 1 0 13 15 -0.298 5.573 -1.964
SPIN 4 0 13 0 3.298 -3.358 -3.585
SPIN 4 0 13 1 1.384 -2.068 5.367
SPIN 4 0 13 2 -2.901 -2.928 4.244
SPIN 4 0 13 3 -4.619 -2.522 -2.702
SPIN 4 0 13 4 2.274 2.693 -4.751
SPIN 4 0 13 5 -5.316 0.411 2.563
SPIN 4 0 13 6 4.753 -3.192 1.489
SPIN 4 0 13 7 -0.316 5.341 2.525
SPIN 4 0 13 8 -5.255 0.833 -2.587
SPIN 4 0 13 9 -5.176 1.022 2.676
SPIN 4 0 13 10 -1.958 3.417 -4.414
SPIN 4 0 13 11 3.313 -1.633 4.621
SPIN 4 0 13 12 0.622 3.692 -4.581
SPIN 4 0 13 13 -2.372 2.488 4.815
SPIN 4 0 13 14 1.428 4.179 -3.936
SPIN 4 0 13 15 -4.691 -0.997 3.464
SPIN 1 0 14 0 -4.206 4.154 -0.235
SPIN 1 0 14 1 -4.289 -0.030 4.075
SPIN 1 0 14 2 4.382 3.775 -1.243
SPIN 1 0 14 3 1.383 4.638 3.403
SPIN 1 0 14 4 2.315 -1.266 -5.295
SPIN 1 0 14 5 4.229 3.703 1.846
SPIN 1 0 14 6 -0.909 -3.045 -4.990
SPIN 1 0 14 7 -1.578 2.304 5.216
SPIN 1 0 14 8 0.484 5.896 0.006
SPIN 1 0 14 9 0.686 -4.080 -4.229
SPIN 1 0 14 10 -1.913 -1.310 -5.443
SPIN 1 0 14 11 -2.373 -0.536 -5.393
SPIN 1 0 14 12 -4.494 -2.738 2.704
SPIN 1 0 14 13 3.040 -1.970 4.678
SPIN 1 0 14 14 -0.129 5.897 0.458
SPIN 1 0 14 15 2.345 -5.400 0.579
SPIN 4 0 14 0 1.893 -0.311 -5.596
SPIN 4 0 14 1 -5.587 1.767 0.816
SPIN 4 0 14 2 4.609 1.171 -3.519
SPIN 4 0 14 3 0.910 -1.142 5.733
SPIN 4 0 14 4 4.134 -4.180 -0.666
SPIN 4 0 14 5 4.293 0.932 3.963
SPIN 4 0 14 6 2.374 -5.021 -2.039
SPIN 4 0 14 7 -2.239 -0.746 5.425
SPIN 4 0 14 8 -1.329 -1.397 5.593
SPIN 4 0 14 9 2.140 -3.847 -3.953
SPIN 4 0 14 10 2.429 -4.816 -2.430
SPIN 4 0 14 11 1.927 3.664 -4.227
SPIN 4 0 14 12 -2.649 0.769 5.234
SPIN 4 0 14 13 0.303 -5.387 -2.427
SPIN 4 0 14 14 -5.612 -0.791 1.697
SPIN 4 0 14 15 0.767 1.659 5.627
SPIN 1 0 15 0 5.257 0.446 2.677
SPIN 1 0 15 1 -3.171 4.266 -2.597
SPIN 1 0 15 2 -1.815 -4.478 3.415
SPIN 1 0 15 3 -2.193 3.335 -4.367
SPIN 1 0 15 4 4.848 -3.127 -1.313
SPIN 1 0 15 5 -5.174 -2.780 -0.706
SPIN 1 0 15 6 0.197 3.540 4.736
SPIN 1 0 15 7 -1.868 1.350 5.449
SPIN 1 0 15 8 -0.589 -5.233 2.697
SPIN 1 0 15 9 -5.242 -2.718 -0.365
SPIN 1 0 15 10 4.342 -1.299 3.803
SPIN 1 0 15 11 -5.168 -2.879 0.071
SPIN 1 0 15 12 -1.036 -4.709 -3.428
SPIN 1 0 15 13 -3.216 4.951 0.384
SPIN 1 0 15 14 2.725 -4.541 2.638
SPIN 1 0 15 15 -3.703 -3.361 -3.161
SPIN 4 0 15 0 -3.736 4.534 -0.699
SPIN 4 0 15 1 5.165 -1.491 -2.470
SPIN 4 0 15 2 -1.807 -2.680 -4.955
SPIN 4 0 15 3 -3.429 1.833 4.459
SPIN 4 0 15 4 0.072 3.282 -4.922
SPIN 4 0 15 5 -0.099 5.140 -2.928
SPIN 4 0 15 6 5.783 0.141 1.240
SPIN 4 0 15 7 4.068 -4.285 -0.310
SPIN 4 0 15 8 -5.868 -0.450 0.601
SPIN 4 0 15 9 1.584 -3.350 -4.612
SPIN 4 0 15 10 -4.751 -0.022 -3.525
SPIN 4 0 15 11 4.874 -3.350 0.141
SPIN 4 0 15 12 4.989 -0.474 -3.144
SPIN 4 0 15 13 -2.456 0.009 -5.382
SPIN 4 0 15 14 -3.289 -1.197 -4.770
SPIN 4 0 15 15 5.526 -0.730 1.982
SPIN 3 0 0 0 -4.528 1.861 -3.322
SPIN 3 0 0 1 5.880 0.237 -0.610
SPIN 3 0 0 2 -1.842 5.277 -1.939
SPIN 3 0 0 3 -5.353 -2.432 0.655
SPIN 3 0 0 4 0.360 -3.948 -4.391
SPIN 3 0 0 5 -2.963 2.647 4.384
SPIN 3 0 0 6 0.793 0.343 -5.853
SPIN 3 0 0 7 -1.190 -2.895 5.020
SPIN 3 0 0 8 0.174 -3.840 -4.498
SPIN 3 0 0 9 5.710 -0.950 1.220
SPIN 3 0 0 10 0.205 -3.741 -4.579
SPIN 3 0 0 11 -4.578 0.432 3.723
SPIN 3 0 0 12 -5.813 0.831 0.718
SPIN 3 0 0 13 1.057 -4.005 4.224
SPIN 3 0 0 14 2.571 -2.961 -4.430
SPIN 3 0 0 15 -4.685 0.188 3.608
SPIN 2 0 0 0 1.346 -0.408 5.746
SPIN 2 0 0 1 3.886 3.080 -3.227
SPIN 2 0 0 2 -1.251 -5.525 -1.707
SPIN 2 0 0 3 -2.875 -2.398 4.581
SPIN 2 0 0 4 4.647 1.243 3.444
SPIN 2 0 0 5 -4.402 -2.459 -3.095
SPIN 2 0 0 6 -0.263 0.484 -5.890
SPIN 2 0 0 7 5.712 -1.335 0.768
SPIN 2 0 0 8 0.309 3.633 -4.659
SPIN 2 0 0 9 -5.005 -2.965 -1.075
SPIN 2 0 0 10 5.540 -0.998 1.821
SPIN 2 0 0 11 2.093 4.376 -3.387
SPIN 2 0 0 12 1.385 -3.049 4.877
SPIN 2 0 0 13 -0.048 3.940 -4.413
SPIN 2 0 0 14 3.568 -2.278 -4.133
SPIN 2 0 0 15 4.950 2.970 1.296
SPIN 3 0 1 0 0.866 1.434 5.674
SPIN 3 0 1 1 -5.447 -0.364 2.279
SPIN 3 0 1 2 5.037 -2.905 -1.089
SPIN 3 0 1 3 -2.373 1.589 -5.181
SPIN 3 0 1 4 -3.227 3.197 3.790
SPIN 3 0 1 5 4.144 -0.585 4.182
SPIN 3 0 1 6 5.193 -0.086 2.832
SPIN 3 0 1 7 -0.481 3.332 4.865
SPIN 3 0 1 8 3.184 -4.078 -2.868
SPIN 3 0 1 9 0.794 4.292 -3.993
SPIN 3 0 1 10 -3.326 -0.395 4.877
SPIN 3 0 1 11 -1.057 5.421 2.120
SPIN 3 0 1 12 2.653 -2.764 4.508
SPIN 3 0 1 13 0.444 5.256 -2.680
SPIN 3 0 1 14 -2.170 4.319 3.412
SPIN 3 0 1 15 -5.433 -1.916 -1.345
SPIN 2 0 1 0 1.735 5.210 -2.203
SPIN 2 0 1 1 -5.064 -1.337 2.751
SPIN 2 0 1 2 -5.856 0.089 -0.838
SPIN 2 0 1 3 2.758 5.066 1.314
SPIN 2 0 1 4 -3.094 -5.023 -0.445
SPIN 2 0 1 5 0.579 3.216 -4.932
SPIN 2 0 1 6 -4.870 -2.555 2.180
SPIN 2 0 1 7 -0.229 -0.728 5.867
SPIN 2 0 1 8 3.118 -3.635 3.474
SPIN 2 0 1 9 -5.153 -1.939 -2.164
SPIN 2 0 1 10 -3.014 4.066 -3.063
SPIN 2 0 1 11 2.304 -5.364 0.957
SPIN 2 0 1 12 -5.136 -0.846 -2.812
SPIN 2 0 1 13 2.372 -4.880 2.359
SPIN 2 0 1 14 -1.258 -4.742 -3.306
SPIN 2 0 1 15 -3.599 -2.824 -3.751
SPIN 3 0 2 0 0.807 -5.715 1.297
SPIN 3 0 2 1 5.400 0.694 -2.314
SPIN 3 0 2 2 -5.330 -2.071 1.518
SPIN 3 0 2 3 1.863 4.837 -2.852
SPIN 3 0 2 4 -3.021 -2.168 -4.601
SPIN 3 0 2 5 4.671 3.396 1.285
SPIN 3 0 2 6 0.841 4.551 -3.686
SPIN 3 0 2 7 -1.707 -5.599 0.861
SPIN 3 0 2 8 2.192 0.257 5.489
SPIN 3 0 2 9 -5.828 0.699 -0.739
SPIN 3 0 2 10 4.214 1.548 3.853
SPIN 3 0 2 11 4.430 -3.507 1.753
SPIN 3 0 2 12 0.818 4.684 -3.521
SPIN 3 0 2 13 -1.932 1.982 5.228
SPIN 3 0 2 14 -4.002 4.332 0.466
SPIN 3 0 2 15 -3.618 -4.223 -2.021
SPIN 2 0 2 0 -2.464 -5.258 -1.132
SPIN 2 0 2 1 5.069 -3.015 -0.465
SPIN 2 0 2 2 -5.822 0.553 0.896
SPIN 2 0 2 3 1.087 -3.036 -4.960
SPIN 2 0 2 4 0.824 2.893 5.094
SPIN 2 0 2 5 0.225 -5.912 0.052
SPIN 2 0 2 6 -3.348 -1.938 -4.476
SPIN 2 0 2 7 0.265 -0.179 5.907
SPIN 2 0 2 8 -1.629 5.141 -2.433
SPIN 2 0 2 9 -0.431 -1.965 5.563
SPIN 2 0 2 10 -1.780 -3.373 4.523
SPIN 2 0 2 11 4.534 3.547 -1.362
SPIN 2 0 2 12 2.554 -5.241 -1.003
SPIN 2 0 2 13 3.341 4.775 1.020
SPIN 2 0 2 14 2.665 1.013 5.184
SPIN 2 0 2 15 3.850 -2.058 -3.993
SPIN 3 0 3 0 -1.920 5.534 -0.828
SPIN 3 0 3 1 -5.678 -1.494 0.728
SPIN 3 0 3 2 1.409 -5.324 -2.161
SPIN 3 0 3 3 0.004 -5.913 0.180
SPIN 3 0 3 4 -0.311 3.994 4.353
SPIN 3 0 3 5 3.518 4.602 1.202
SPIN 3 0 3 6 4.382 3.973 0.112
SPIN 3 0 3 7 5.756 0.113 -1.363
SPIN 3 0 3 8 1.643 -5.291 2.075
SPIN 3 0 3 9 -0.082 5.276 -2.676
SPIN 3 0 3 10 1.884 -3.291 4.541
SPIN 3 0 3 11 -0.519 3.458 -4.772
SPIN 3 0 3 12 2.143 0.073 5.514
SPIN 3 0 3 13 -4.187 4.083 0.892
SPIN 3 0 3 14 2.175 0.200 -5.498
SPIN 3 0 3 15 0.151 5.237 2.749
SPIN 2 0 3 0 5.695 1.589 -0.197
SPIN 2 0 3 1 -3.659 3.716 -2.793
SPIN 2 0 3 2 -1.406 5.740 -0.269
SPIN 2 0 3 3 -3.371 -0.579 4.827
SPIN 2 0 3 4 3.299 4.090 -2.719
SPIN 2 0 3 5 -5.152 -2.141 -1.968
SPIN 2 0 3 6 4.178 3.290 -2.592
SPIN 2 0 3 7 -1.825 3.916 -4.041
SPIN 2 0 3 8 0.403 -4.316 4.026
SPIN 2 0 3 9 5.121 -2.163 -2.023
SPIN 2 0 3 10 -4.655 3.633 -0.369
SPIN 2 0 3 11 5.850 0.838 0.284
SPIN 2 0 3 12 -4.347 2.829 -2.847
SPIN 2 0 3 13 -4.865 3.084 -1.351
SPIN 2 0 3 14 1.075 2.730 -5.138
SPIN 2 0 3 15 -3.727 -1.792 4.231
SPIN 3 0 4 0 5.547 -1.642 1.238
SPIN 3 0 4 1 4.255 -2.297 -3.408
SPIN 3 0 4 2 0.287 5.889 -0.483
SPIN 3 0 4 3 0.967 -4.559 -3.645
SPIN 3 0 4 4 -0.391 5.420 2.339
SPIN 3 0 4 5 0.928 -5.768 -0.934
SPIN 3 0 4 6 -5.625 -1.515 -1.031
SPIN 3 0 4 7 3.881 2.532 -3.678
SPIN 3 0 4 8 -3.481 -3.439 3.325
SPIN 3 0 4 9 1.455 5.687 0.732
SPIN 3 0 4 10 3.536 -4.183 -2.236
SPIN 3 0 4 11 5.157 0.365 2.876
SPIN 3 0 4 12 -4.904 2.735 -1.863
SPIN 3 0 4 13 4.806 -1.037 3.290
SPIN 3 0 4 14 1.920 -4.336 3.537
SPIN 3 0 4 15 -0.936 2.932 -5.053
SPIN 2 0 4 0 -1.577 2.925 4.895
SPIN 2 0 4 1 -2.727 -1.261 -5.096
SPIN 2 0 4 2 1.647 -2.369 5.165
SPIN 2 0 4 3 -0.356 2.519 -5.341
SPIN 2 0 4 4 -4.289 -0.622 4.027
SPIN 2 0 4 5 1.025 -2.833 5.091
SPIN 2 0 4 6 2.167 2.887 -4.687
SPIN 2 0 4 7 2.315 -2.202 4.979
SPIN 2 0 4 8 3.264 2.207 -4.413
SPIN 2 0 4 9 -2.744 -4.544 2.612
SPIN 2 0 4 10 4.601 -2.931 -2.289
SPIN 2 0 4 11 3.235 4.486 2.100
SPIN 2 0 4 12 -0.571 2.274 5.432
SPIN 2 0 4 13 4.269 -2.868 -2.924
SPIN 2 0 4 14 0.290 -5.909 -0.063
SPIN 2 0 4 15 4.989 1.554 -2.774
SPIN 3 0 5 0 2.536 4.380 -3.063
SPIN 3 0 5 1 -1.516 3.244 4.710
SPIN 3 0 5 2 -5.714 -1.292 -0.824
SPIN 3 0 5 3 -2.219 3.262 4.409
SPIN 3 0 5 4 4.619 0.485 -3.664
SPIN 3 0 5 5 -5.159 2.243 1.833
SPIN 3 0 5 6 0.500 1.139 5.784
SPIN 3 0 5 7 -4.310 -2.492 -3.195
SPIN 3 0 5 8 4.914 -3.268 0.414
SPIN 3 0 5 9 -2.701 4.740 2.289
SPIN 3 0 5 10 1.346 0.922 5.687
SPIN 3 0 5 11 -1.155 -5.801 0.123
SPIN 3 0 5 12 5.218 1.964 1.980
SPIN 3 0 5 13 -5.677 -0.849 -1.433
SPIN 3 0 5 14 4.494 3.430 -1.744
SPIN 3 0 5 15 -1.269 -5.761 -0.444
SPIN 2 0 5 0 3.388 -4.386 -2.070
SPIN 2 0 5 1 2.010 5.414 -1.283
SPIN 2 0 5 2 -0.531 0.082 -5.892
SPIN 2 0 5 3 -2.469 -5.314 0.817
SPIN 2 0 5 4 0.269 5.374 -2.459
SPIN 2 0 5 5 2.361 -0.184 -5.422
SPIN 2 0 5 6 -5.628 -1.681 -0.707
SPIN 2 0 5 7 5.516 -1.607 -1.412
SPIN 2 0 5 8 -4.905 1.992 -2.640
SPIN 2 0 5 9 5.767 -0.923 0.946
SPIN 2 0 5 10 -3.193 1.611 -4.712
SPIN 2 0 5 11 -1.065 -5.545 -1.765
SPIN 2 0 5 12 4.359 4.000 0.003
SPIN 2 0 5 13 -1.839 5.606 -0.441
SPIN 2 0 5 14 4.282 -2.426 -3.283
SPIN 2 0 5 15 -5.367 -0.704 -2.387
SPIN 3 0 6 0 -4.668 -1.434 3.340
SPIN 3 0 6 1 -2.336 5.203 1.574
SPIN 3 0 6 2 -1.973 0.220 -5.573
SPIN 3 0 6 3 5.484 -1.440 -1.689
SPIN 3 0 6 4 -3.227 -4.725 1.504
SPIN 3 0 6 5 3.746 -2.259 3.983
SPIN 3 0 6 6 -3.420 -4.007 -2.693
SPIN 3 0 6 7 3.838 3.545 -2.775
SPIN 3 0 6 8 1.686 5.113 -2.452
SPIN 3 0 6 9 5.385 -2.225 1.024
SPIN 3 0 6 10 -5.127 -2.757 -1.054
SPIN 3 0 6 11 -3.450 4.372 1.995
SPIN 3 0 6 12 -2.540 -2.374 4.787
SPIN 3 0 6 13 0.933 2.469 -5.294
SPIN 3 0 6 14 -4.199 -3.968 -1.276
SPIN 3 0 6 15 5.684 1.453 0.760
SPIN 2 0 6 0 4.608 3.147 1.965
SPIN 2 0 6 1 0.988 5.833 -0.071
SPIN 2 0 6 2 1.210 -5.658 1.233
SPIN 2 0 6 3 -5.128 -1.977 2.189
SPIN 2 0 6 4 -1.499 -5.715 -0.304
SPIN 2 0 6 5 0.230 3.388 -4.844
SPIN 2 0 6 6 0.808 -5.857 0.203
SPIN 2 0 6 7 -4.770 -3.485 0.316
SPIN 2 0 6 8 1.538 5.107 2.560
SPIN 2 0 6 9 1.102 -4.288 -3.924
SPIN 2 0 6 10 -5.438 1.701 -1.591
SPIN 2 0 6 11 -2.091 0.530 5.509
SPIN 2 0 6 12 3.516 -3.739 -2.943
SPIN 2 0 6 13 -0.640 -4.068 4.248
SPIN 2 0 6 14 -5.120 0.635 2.895
SPIN 2 0 6 15 1.949 -0.205 -5.582
SPIN 3 0 7 0 -4.743 -2.903 -2.018
SPIN 3 0 7 1 -4.239 -2.792 -3.038
SPIN 3 0 7 2 4.967 -1.880 -2.606
SPIN 3 0 7 3 5.650 0.583 1.655
SPIN 3 0 7 4 -4.730 -0.383 3.533
SPIN 3 0 7 5 -2.187 5.497 0.013
SPIN 3 0 7 6 2.961 0.813 5.057
SPIN 3 0 7 7 -5.915 -0.023 -0.133
SPIN 3 0 7 8 -4.858 -0.165 -3.372
SPIN 3 0 7 9 2.245 -4.631 2.917
SPIN 3 0 7 10 4.794 -1.698 -3.022
SPIN 3 0 7 11 3.437 -4.160 2.425
SPIN 3 0 7 12 -2.653 -2.823 4.471
SPIN 3 0 7 13 4.718 3.569 -0.062
SPIN 3 0 7 14 5.589 1.425 1.316
SPIN 3 0 7 15 -4.175 -1.288 -3.989
SPIN 2 0 7 0 1.139 1.353 5.646
SPIN 2 0 7 1 0.556 -3.853 4.455
SPIN 2 0 7 2 3.211 4.964 0.218
SPIN 2 0 7 3 -0.998 5.593 1.651
SPIN 2 0 7 4 4.194 -4.068 0.927
SPIN 2 0 7 5 1.475 3.558 -4.491
SPIN 2 0 7 6 3.656 3.889 2.552
SPIN 2 0 7 7 -1.373 -4.639 3.404
SPIN 2 0 7 8 1.330 -4.205 3.944
SPIN 2 0 7 9 -4.215 -1.532 -3.858
SPIN 2 0 7 10 -1.967 -1.688 5.318
SPIN 2 0 7 11 -0.531 -4.890 -3.287
SPIN 2 0 7 12 5.897 0.040 0.469
SPIN 2 0 7 13 3.293 -2.786 -4.049
SPIN 2 0 7 14 -3.192 0.874 4.904
SPIN 2 0 7 15 -4.881 3.182 -1.026
SPIN 3 0 8 0 4.907 -1.812 -2.764
SPIN 3 0 8 1 5.491 1.338 1.749
SPIN 3 0 8 2 -4.103 -0.493 4.233
SPIN 3 0 8 3 2.027 -2.524 -4.952
SPIN 3 0 8 4 5.454 -2.108 -0.898
SPIN 3 0 8 5 1.006 3.533 4.637
SPIN 3 0 8 6 0.562 -5.396 -2.360
SPIN 3 0 8 7 2.023 0.591 -5.528
SPIN 3 0 8 8 5.422 -0.898 -2.190
SPIN 3 0 8 9 -3.870 3.193 3.135
SPIN 3 0 8 10 -3.446 4.784 0.487
SPIN 3 0 8 11 1.276 1.949 -5.438
SPIN 3 0 8 12 2.941 -4.673 2.124
SPIN 3 0 8 13 3.729 -1.793 4.229
SPIN 3 0 8 14 4.188 2.733 3.162
SPIN 3 0 8 15 5.557 -0.843 1.848
SPIN 2 0 8 0 -5.334 -0.264 -2.545
SPIN 2 0 8 1 -2.305 -0.569 5.419
SPIN 2 0 8 2 -0.960 2.269 5.379
SPIN 2 0 8 3 -3.088 -4.639 1.986
SPIN 2 0 8 4 -3.849 -3.250 3.102
SPIN 2 0 8 5 4.816 -2.205 2.634
SPIN 2 0 8 6 -3.133 0.602 4.982
SPIN 2 0 8 7 5.467 -1.065 1.995
SPIN 2 0 8 8 -4.801 -1.144 -3.262
SPIN 2 0 8 9 -5.008 3.122 -0.416
SPIN 2 0 8 10 0.115 -4.825 -3.422
SPIN 2 0 8 11 -2.861 5.147 -0.567
SPIN 2 0 8 12 4.745 3.519 0.318
SPIN 2 0 8 13 -5.317 2.158 1.438
SPIN 2 0 8 14 1.323 -2.950 -4.955
SPIN 2 0 8 15 3.746 -2.614 3.760
SPIN 3 0 9 0 -1.464 2.137 5.319
SPIN 3 0 9 1 -3.537 -4.656 -0.898
SPIN 3 0 9 2 -2.929 2.825 -4.294
SPIN 3 0 9 3 5.228 -2.707 0.587
SPIN 3 0 9 4 2.040 4.585 -3.134
SPIN 3 0 9 5 4.375 -3.849 1.024
SPIN 3 0 9 6 4.733 -1.137 3.362
SPIN 3 0 9 7 4.835 3.315 -0.798
SPIN 3 0 9 8 5.269 0.230 2.680
SPIN 3 0 9 9 -5.505 1.500 -1.564
SPIN 3 0 9 10 2.106 -1.316 -5.370
SPIN 3 0 9 11 -2.382 -1.410 5.229
SPIN 3 0 9 12 3.145 -2.250 -4.477
SPIN 3 0 9 13 -1.709 -0.621 -5.630
SPIN 3 0 9 14 0.996 0.256 -5.826
SPIN 3 0 9 15 -5.120 -2.449 -1.668
SPIN 2 0 9 0 0.451 0.141 -5.897
SPIN 2 0 9 1 5.179 -2.839 -0.340
SPIN 2 0 9 2 -4.630 -1.454 -3.384
SPIN 2 0 9 3 4.403 3.033 -2.532
SPIN 2 0 9 4 -3.824 3.918 -2.243
SPIN 2 0 9 5 -2.068 -0.265 -5.537
SPIN 2 0 9 6 5.346 2.402 0.810
SPIN 2 0 9 7 -0.429 -4.976 3.171
SPIN 2 0 9 8 5.823 -0.838 -0.623
SPIN 2 0 9 9 -1.969 -2.256 5.102
SPIN 2 0 9 10 -4.775 0.532 3.451
SPIN 2 0 9 11 1.145 0.950 -5.726
SPIN 2 0 9 12 4.908 -3.298 0.187
SPIN 2 0 9 13 0.485 5.877 0.472
SPIN 2 0 9 14 1.065 5.485 1.944
SPIN 2 0 9 15 -3.254 -4.533 1.967
SPIN 3 0 10 0 -5.796 -0.160 1.173
SPIN 3 0 10 1 4.739 -2.014 -2.913
SPIN 3 0 10 2 4.542 3.790 -0.081
SPIN 3 0 10 3 -0.938 2.130 -5.439
SPIN 3 0 10 4 0.214 -5.816 1.060
SPIN 3 0 10 5 1.648 2.788 4.951
SPIN 3 0 10 6 -3.976 -1.709 -4.034
SPIN 3 0 10 7 -4.220 3.730 -1.812
SPIN 3 0 10 8 2.253 -3.654 4.071
SPIN 3 0 10 9 -3.016 2.808 -4.245
SPIN 3 0 10 10 4.151 -1.933 -3.746
SPIN 3 0 10 11 -2.050 0.479 -5.529
SPIN 3 0 10 12 1.685 0.295 5.663
SPIN 3 0 10 13 -4.366 -3.661 -1.591
SPIN 3 0 10 14 1.027 -0.890 5.758
SPIN 3 0 10 15 2.380 1.228 5.275
SPIN 2 0 10 0 2.123 5.510 -0.370
SPIN 2 0 10 1 1.348 -2.239 -5.308
SPIN 2 0 10 2 3.961 -0.303 4.384
SPIN 2 0 10 3 1.385 5.393 -2.000
SPIN 2 0 10 4 0.398 -4.449 3.879
SPIN 2 0 10 5 -2.339 4.466 3.095
SPIN 2 0 10 6 1.329 -5.677 -1.001
SPIN 2 0 10 7 -4.649 2.488 -2.683
SPIN 2 0 10 8 1.126 1.551 -5.597
SPIN 2 0 10 9 -2.099 5.125 2.081
SPIN 2 0 10 10 5.215 -0.268 -2.780
SPIN 2 0 10 11 -3.008 -4.917 -1.334
SPIN 2 0 10 12 2.717 -2.611 4.561
SPIN 2 0 10 13 5.416 0.829 -2.231
SPIN 2 0 10 14 -1.285 -5.474 1.841
SPIN 2 0 10 15 -4.823 1.399 -3.128
SPIN 3 0 11 0 3.562 -4.658 -0.785
SPIN 3 0 11 1 0.982 5.376 -2.266
SPIN 3 0 11 2 -4.931 2.760 -1.751
SPIN 3 0 11 3 5.160 -2.747 -0.914
SPIN 3 0 11 4 1.033 -4.586 -3.592
SPIN 3 0 11 5 -1.007 0.895 -5.761
SPIN 3 0 11 6 -1.859 5.201 2.120
SPIN 3 0 11 7 0.548 5.831 0.837
SPIN 3 0 11 8 -1.980 -1.581 -5.346
SPIN 3 0 11 9 -3.057 -4.028 3.072
SPIN 3 0 11 10 -5.660 -0.112 1.717
SPIN 3 0 11 11 -1.787 3.151 4.677
SPIN 3 0 11 12 1.776 -5.187 -2.223
SPIN 3 0 11 13 -1.196 5.784 0.344
SPIN 3 0 11 14 3.211 0.236 -4.963
SPIN 3 0 11 15 4.840 3.400 -0.135
SPIN 2 0 11 0 -0.517 -5.851 0.709
SPIN 2 0 11 1 2.887 -1.098 5.046
SPIN 2 0 11 2 -3.329 2.815 3.999
SPIN 2 0 11 3 5.786 1.162 -0.410
SPIN 2 0 11 4 1.050 5.813 0.331
SPIN 2 0 11 5 -1.684 0.457 5.653
SPIN 2 0 11 6 -3.294 4.861 0.723
SPIN 2 0 11 7 5.239 -2.046 1.833
SPIN 2 0 11 8 0.417 5.541 -2.032
SPIN 2 0 11 9 -0.046 -5.770 -1.307
SPIN 2 0 11 10 -4.383 2.207 3.304
SPIN 2 0 11 11 -2.750 4.718 2.276
SPIN 2 0 11 12 -1.346 -0.758 5.711
SPIN 2 0 11 13 4.704 -3.369 -1.233
SPIN 2 0 11 14 -1.128 5.663 1.288
SPIN 2 0 11 15 3.409 3.026 -3.771
SPIN 3 0 12 0 0.555 5.871 -0.476
SPIN 3 0 12 1 -4.505 3.792 -0.566
SPIN 3 0 12 2 -0.155 -2.893 5.158
SPIN 3 0 12 3 -1.171 -5.790 -0.333
SPIN 3 0 12 4 5.121 -1.936 2.243
SPIN 3 0 12 5 4.162 -0.213 -4.199
SPIN 3 0 12 6 2.777 -1.258 5.070
SPIN 3 0 12 7 -1.383 -5.730 -0.500
SPIN 3 0 12 8 5.143 2.746 1.008
SPIN 3 0 12 9 2.203 5.110 -2.009
SPIN 3 0 12 10 2.738 -1.989 -4.852
SPIN 3 0 12 11 -3.899 -4.340 0.980
SPIN 3 0 12 12 0.588 4.171 4.154
SPIN 3 0 12 13 4.484 -0.903 -3.752
SPIN 3 0 12 14 -4.816 -2.731 -2.084
SPIN 3 0 12 15 4.944 -3.194 0.598
SPIN 2 0 12 0 -1.118 5.590 -1.580
SPIN 2 0 12 1 -2.887 -4.485 -2.558
SPIN 2 0 12 2 2.273 5.459 -0.166
SPIN 2 0 12 3 1.550 -1.202 -5.581
SPIN 2 0 12 4 0.187 -3.352 -4.871
SPIN 2 0 12 5 -4.023 4.132 1.321
SPIN 2 0 12 6 -3.727 -0.800 4.524
SPIN 2 0 12 7 2.821 -0.174 -5.197
SPIN 2 0 12 8 1.928 1.876 5.269
SPIN 2 0 12 9 -2.738 -1.556 -5.008
SPIN 2 0 12 10 -2.375 0.590 -5.386
SPIN 2 0 12 11 5.046 3.061 0.404
SPIN 2 0 12 12 -1.958 3.641 -4.232
SPIN 2 0 12 13 -4.834 2.644 2.155
SPIN 2 0 12 14 3.569 -0.664 -4.671
SPIN 2 0 12 15 -5.149 -2.068 -2.053
SPIN 3 0 13 0 -4.981 -2.817 1.501
SPIN 3 0 13 1 5.904 0.213 0.313
SPIN 3 0 13 2 -3.547 4.677 0.737
SPIN 3 0 13 3 -0.045 4.909 3.301
SPIN 3 0 13 4 -4.391 -3.564 1.738
SPIN 3 0 13 5 -4.278 -2.676 3.088
SPIN 3 0 13 6 5.303 1.815 -1.892
SPIN 3 0 13 7 -2.688 -5.175 -0.994
SPIN 3 0 13 8 -5.791 0.230 -1.186
SPIN 3 0 13 9 -3.766 2.697 3.681
SPIN 3 0 13 10 1.663 5.599 -0.938
SPIN 3 0 13 11 0.820 -1.737 -5.596
SPIN 3 0 13 12 5.570 1.948 0.431
SPIN 3 0 13 13 -1.123 -3.564 4.587
SPIN 3 0 13 14 -3.077 0.535 5.024
SPIN 3 0 13 15 2.842 2.647 -4.463
SPIN 2 0 13 0 -0.050 -3.271 -4.929
SPIN 2 0 13 1 -4.927 -0.400 -3.251
SPIN 2 0 13 2 -5.359 -2.433 0.604
SPIN 2 0 13 3 3.266 -2.118 -4.455
SPIN 2 0 13 4 2.881 5.060 1.046
SPIN 2 0 13 5 4.945 -1.110 -3.052
SPIN 2 0 13 6 4.089 1.305 -4.072
SPIN 2 0 13 7 -2.176 -2.095 -5.087
SPIN 2 0 13 8 -4.508 3.813 0.378
SPIN 2 0 13 9 2.343 3.160 4.419
SPIN 2 0 13 10 4.666 2.224 2.879
SPIN 2 0 13 11 1.985 1.344 -5.409
SPIN 2 0 13 12 -3.111 -1.866 -4.674
SPIN 2 0 13 13 1.516 5.587 1.219
SPIN 2 0 13 14 3.852 2.406 3.791
SPIN 2 0 13 15 5.342 2.490 0.508
SPIN 3 0 14 0 2.019 0.748 -5.511
SPIN 3 0 14 1 4.902 3.275 -0.491
SPIN 3 0 14 2 0.734 -4.306 -3.990
SPIN 3 0 14 3 0.696 3.238 4.902
SPIN 3 0 14 4 2.220 2.665 -4.793
SPIN 3 0 14 5 -2.299 2.256 4.962
SPIN 3 0 14 6 2.011 -4.106 3.754
SPIN 3 0 14 7 -1.386 -3.069 -4.864
SPIN 3 0 14 8 -2.716 -2.035 4.846
SPIN 3 0 14 9 5.758 -1.180 -0.670
SPIN 3 0 14 10 -3.940 3.415 -2.795
SPIN 3 0 14 11 -2.055 -3.155 4.563
SPIN 3 0 14 12 0.345 5.882 -0.531
SPIN 3 0 14 13 1.696 -4.956 -2.749
SPIN 3 0 14 14 2.189 5.331 1.337
SPIN 3 0 14 15 -2.176 1.471 -5.301
SPIN 2 0 14 0 -0.066 3.253 4.941
SPIN 2 0 14 1 3.021 3.319 3.854
SPIN 2 0 14 2 -3.726 -4.516 -0.848
SPIN 2 0 14 3 0.431 5.510 2.111
SPIN 2 0 14 4 -2.273 1.688 5.195
SPIN 2 0 14 5 2.339 -5.412 -0.492
SPIN 2 0 14 6 1.839 -5.362 -1.694
SPIN 2 0 14 7 -2.775 4.699 -2.284
SPIN 2 0 14 8 -0.530 -5.520 2.062
SPIN 2 0 14 9 1.936 1.050 -5.491
SPIN 2 0 14 10 -5.425 -1.667 1.670
SPIN 2 0 14 11 -2.546 -3.170 4.298
SPIN 2 0 14 12 -2.931 1.060 5.028
SPIN 2 0 14 13 -0.781 -5.754 -1.133
SPIN 2 0 14 14 3.597 -4.368 1.725
SPIN 2 0 14 15 -4.336 3.562 1.873
SPIN 3 0 15 0 5.552 -0.559 1.965
SPIN 3 0 15 1 -0.940 3.855 -4.388
SPIN 3 0 15 2 1.512 -2.753 5.013
SPIN 3 0 15 3 -0.690 -5.103 -2.913
SPIN 3 0 15 4 -0.159 1.793 5.636
SPIN 3 0 15 5 -4.522 -2.595 -2.796
SPIN 3 0 15 6 5.014 -1.610 2.697
SPIN 3 0 15 7 1.012 0.253 -5.823
SPIN 3 0 15 8 4.240 1.644 3.784
SPIN 3 0 15 9 -5.362 -1.827 -1.706
SPIN 3 0 15 10 -5.528 -0.502 -2.047
SPIN 3 0 15 11 3.000 4.406 2.566
SPIN 3 0 15 12 0.909 -3.874 -4.378
SPIN 3 0 15 13 -1.178 2.552 5.206
SPIN 3 0 15 14 0.478 1.418 5.724
SPIN 3 0 15 15 -2.524 -3.947 -3.613
SPIN 2 0 15 0 2.297 0.230 -5.447
SPIN 2 0 15 1 -5.371 -1.792 1.714
SPIN 2 0 15 2 0.434 1.999 -5.551
SPIN 2 0 15 3 4.321 2.956 2.755
SPIN 2 0 15 4 -5.548 -1.991 0.503
SPIN 2 0 15 5 -0.853 4.690 3.504
SPIN 2 0 15 6 3.255 -3.247 3.723
SPIN 2 0 15 7 -1.715 0.190 -5.659
SPIN 2 0 15 8 3.243 -1.838 4.594
SPIN 2 0 15 9 -2.069 3.544 -4.261
SPIN 2 0 15 10 -1.119 3.998 -4.215
SPIN 2 0 15 11 -5.846 0.888 0.185
SPIN 2 0 15 12 0.497 -3.815 -4.494
SPIN 2 0 15 13 -3.705 -3.393 -3.124
SPIN 2 0 15 14 1.743 -2.088 5.254
SPIN 2 0 15 15 4.777 0.154 3.486
SPIN 1 1 0 0 1.291 -5.692 0.965
SPIN 1 1 0 1 4.366 3.991 -0.084
SPIN 1 1 0 2 4.350 -1.963 3.497
SPIN 1 1 0 3 4.534 3.579 -1.275
SPIN 1 1 0 4 3.311 -4.601 1.693
SPIN 1 1 0 5 1.706 1.152 -5.547
SPIN 1 1 0 6 -4.238 -1.826 3.703
SPIN 1 1 0 7 -1.964 1.030 5.485
SPIN 1 1 0 8 5.762 1.295 -0.351
SPIN 1 1 0 9 -0.575 2.811 5.174
SPIN 1 1 0 10 -0.968 -0.615 5.804
SPIN 1 1 0 11 1.063 3.383 4.735
SPIN 1 1 0 12 -0.576 -5.568 1.914
SPIN 1 1 0 13 -2.989 -4.749 1.876
SPIN 1 1 0 14 -4.832 1.820 -2.888
SPIN 1 1 0 15 -2.514 -3.829 3.744
SPIN 4 1 0 0 1.600 5.598 1.049
SPIN 4 1 0 1 0.587 -5.775 1.140
SPIN 4 1 0 2 -0.073 -1.284 -5.775
SPIN 4 1 0 3 -5.787 0.604 -1.073
SPIN 4 1 0 4 -2.499 3.786 3.798
SPIN 4 1 0 5 -5.325 -2.244 1.269
SPIN 4 1 0 6 1.256 3.554 -4.560
SPIN 4 1 0 7 -0.544 -4.186 -4.145
SPIN 4 1 0 8 -3.798 -2.649 -3.682
SPIN 4 1 0 9 -4.893 2.726 -1.903
SPIN 4 1 0 10 -1.150 -5.798 -0.241
SPIN 4 1 0 11 5.127 -1.717 2.402
SPIN 4 1 0 12 4.431 -1.394 -3.664
SPIN 4 1 0 13 -4.542 0.803 3.704
SPIN 4 1 0 14 0.457 -3.067 5.038
SPIN 4 1 0 15 1.550 -4.628 -3.343
SPIN 1 1 1 0 -1.714 2.478 5.091
SPIN 1 1 1 1 1.317 4.774 -3.237
SPIN 1 1 1 2 -3.873 -4.242 1.418
SPIN 1 1 1 3 -0.915 -1.596 5.623
SPIN 1 1 1 4 -4.621 3.676 0.366
SPIN 1 1 1 5 5.043 -3.089 0.161
SPIN 1 1 1 6 -5.389 2.390 -0.491
SPIN 1 1 1 7 -5.822 -0.157 -1.037
SPIN 1 1 1 8 -5.880 0.566 0.329
SPIN 1 1 1 9 4.837 0.663 3.341
SPIN 1 1 1 10 -2.895 -1.587 -4.909
SPIN 1 1 1 11 -5.408 1.820 1.563
SPIN 1 1 1 12 -3.238 3.705 -3.285
SPIN 1 1 1 13 3.642 0.543 4.630
SPIN 1 1 1 14 -0.091 -3.075 -5.053
SPIN 1 1 1 15 3.721 -2.420 3.911
SPIN 4 1 1 0 1.421 0.901 -5.672
SPIN 4 1 1 1 5.112 2.977 -0.047
SPIN 4 1 1 2 2.694 -5.204 0.814
SPIN 4 1 1 3 -4.867 -0.355 3.345
SPIN 4 1 1 4 1.906 -4.040 -3.879
SPIN 4 1 1 5 -0.863 5.276 -2.535
SPIN 4 1 1 6 0.424 -5.839 -0.851
SPIN 4 1 1 7 -1.545 2.379 -5.192
SPIN 4 1 1 8 2.070 -2.488 -4.952
SPIN 4 1 1 9 3.564 -0.449 4.701
SPIN 4 1 1 10 4.321 3.872 -1.155
SPIN 4 1 1 11 -0.346 -4.374 -3.969
SPIN 4 1 1 12 -2.114 -5.517 0.307
SPIN 4 1 1 13 0.071 4.896 3.320
SPIN 4 1 1 14 2.529 1.385 -5.166
SPIN 4 1 1 15 1.046 -4.404 3.809
SPIN 1 1 2 0 5.421 -1.526 1.813
SPIN 1 1 2 1 -5.264 -1.794 -2.018
SPIN 1 1 2 2 1.956 3.084 -4.654
SPIN 1 1 2 3 -2.899 4.383 2.718
SPIN 1 1 2 4 -3.854 4.481 -0.250
SPIN 1 1 2 5 -4.837 -3.198 1.172
SPIN 1 1 2 6 3.206 -4.903 0.826
SPIN 1 1 2 7 -1.225 -1.378 5.621
SPIN 1 1 2 8 5.868 0.003 -0.754
SPIN 1 1 2 9 -4.565 -1.688 -3.364
SPIN 1 1 2 10 -2.828 -5.193 0.189
SPIN 1 1 2 11 -5.311 -0.077 -2.605
SPIN 1 1 2 12 -0.096 -3.445 4.808
SPIN 1 1 2 13 -1.925 -2.502 -5.003
SPIN 1 1 2 14 -1.197 -0.737 5.747
SPIN 1 1 2 15 -1.678 2.350 -5.163
SPIN 4 1 2 0 1.740 -5.644 -0.343
SPIN 4 1 2 1 -2.252 3.061 -4.534
SPIN 4 1 2 2 3.767 2.234 -3.977
SPIN 4 1 2 3 5.839 -0.787 -0.531
SPIN 4 1 2 4 -0.740 -1.584 5.652
SPIN 4 1 2 5 3.473 -4.445 -1.784
SPIN 4 1 2 6 4.827 -2.737 -2.051
SPIN 4 1 2 7 -5.255 0.799 -2.598
SPIN 4 1 2 8 1.156 3.129 -4.886
SPIN 4 1 2 9 -1.053 2.552 -5.232
SPIN 4 1 2 10 -2.133 -5.211 1.817
SPIN 4 1 2 11 -1.218 5.241 2.460
SPIN 4 1 2 12 -2.853 -2.089 -4.743
SPIN 4 1 2 13 3.020 4.897 -1.379
SPIN 4 1 2 14 1.958 -3.372 4.449
SPIN 4 1 2 15 -5.860 -0.149 -0.800
SPIN 1 1 3 0 -2.285 2.538 -4.831
SPIN 1 1 3 1 -4.720 -3.167 -1.640
SPIN 1 1 3 2 3.409 -1.193 -4.686
SPIN 1 1 3 3 -2.601 4.319 3.095
SPIN 1 1 3 4 0.936 3.406 -4.746
SPIN 1 1 3 5 3.154 -3.895 3.143
SPIN 1 1 3 6 -2.162 4.574 -3.067
SPIN 1 1 3 7 -5.788 1.186 0.304
SPIN 1 1 3 8 -1.112 -5.778 0.619
SPIN 1 1 3 9 1.529 0.143 5.713
SPIN 1 1 3 10 -0.656 -5.015 -3.069
SPIN 1 1 3 11 5.569 -0.121 1.992
SPIN 1 1 3 12 -5.849 0.884 -0.111
SPIN 1 1 3 13 1.045 5.809 0.408
SPIN 1 1 3 14 -2.093 -4.450 -3.288
SPIN 1 1 3 15 -2.737 4.765 -2.192
SPIN 4 1 3 0 -0.158 -4.945 3.244
SPIN 4 1 3 1 -0.218 4.950 3.232
SPIN 4 1 3 2 2.575 -3.254 -4.216
SPIN 4 1 3 3 -5.130 -2.594 1.399
SPIN 4 1 3 4 -2.533 -3.771 -3.790
SPIN 4 1 3 5 -5.638 -1.430 -1.079
SPIN 4 1 3 6 -5.578 -1.964 0.179
SPIN 4 1 3 7 5.780 -0.448 -1.178
SPIN 4 1 3 8 -3.351 3.330 -3.561
SPIN 4 1 3 9 -4.650 -0.836 -3.560
SPIN 4 1 3 10 -1.515 -4.929 2.901
SPIN 4 1 3 11 4.291 -0.049 -4.073
SPIN 4 1 3 12 -4.016 -4.174 -1.204
SPIN 4 1 3 13 -0.558 5.316 -2.536
SPIN 4 1 3 14 -5.248 -2.410 1.282
SPIN 4 1 3 15 -2.979 1.685 -4.825
SPIN 1 1 4 0 -4.280 2.581 3.165
SPIN 1 1 4 1 4.979 0.642 -3.130
SPIN 1 1 4 2 1.794 -1.001 -5.548
SPIN 1 1 4 3 0.753 0.965 -5.788
SPIN 1 1 4 4 0.339 -5.422 2.343
SPIN 1 1 4 5 2.328 3.785 -3.905
SPIN 1 1 4 6 -0.369 -1.221 5.777
SPIN 1 1 4 7 -3.112 -4.613 2.008
SPIN 1 1 4 8 -4.125 3.951 -1.542
SPIN 1 1 4 9 -2.721 -1.736 4.958
SPIN 1 1 4 10 -1.987 5.306 1.703
SPIN 1 1 4 11 -2.334 3.642 -4.036
SPIN 1 1 4 12 5.348 2.017 1.527
SPIN 1 1 4 13 -3.779 0.034 4.551
SPIN 1 1 4 14 -2.080 5.461 0.924
SPIN 1 1 4 15 4.290 -1.179 3.900
SPIN 4 1 4 0 -5.580 -0.779 -1.806
SPIN 4 1 4 1 3.675 4.580 0.725
SPIN 4 1 4 2 -4.586 2.253 -2.982
SPIN 4 1 4 3 2.100 5.522 -0.311
SPIN 4 1 4 4 -4.135 3.213 2.754
SPIN 4 1 4 5 2.844 -1.902 4.827
SPIN 4 1 4 6 4.564 0.339 -3.749
SPIN 4 1 4 7 -5.739 -0.736 1.233
SPIN 4 1 4 8 4.605 3.022 -2.159
SPIN 4 1 4 9 2.345 -4.165 3.486
SPIN 4 1 4 10 5.514 -2.127 0.264
SPIN 4 1 4 11 0.314 -5.111 -2.963
SPIN 4 1 4 12 0.848 -4.178 -4.102
SPIN 4 1 4 13 4.834 -3.404 -0.204
SPIN 4 1 4 14 1.985 -0.754 -5.522
SPIN 4 1 4 15 -2.312 1.274 5.294
SPIN 1 1 5 0 2.837 -5.171 0.458
SPIN 1 1 5 1 -5.361 0.717 2.397
SPIN 1 1 5 2 -2.976 -4.423 -2.565
SPIN 1 1 5 3 4.639 -2.633 2.558
SPIN 1 1 5 4 -2.048 5.202 -1.936
SPIN 1 1 5 5 -4.321 3.218 -2.444
SPIN 1 1 5 6 -1.332 -5.648 1.153
SPIN 1 1 5 7 -2.832 3.489 3.847
SPIN 1 1 5 8 5.408 -0.550 -2.335
SPIN 1 1 5 9 -1.316 -3.957 4.196
SPIN 1 1 5 10 -3.512 -4.757 0.194
SPIN 1 1 5 11 -0.994 -3.233 4.854
SPIN 1 1 5 12 1.505 2.530 -5.132
SPIN 1 1 5 13 0.527 -4.468 -3.842
SPIN 1 1 5 14 -2.728 4.208 -3.139
SPIN 1 1 5 15 2.695 4.152 -3.240
SPIN 4 1 5 0 3.927 1.745 4.066
SPIN 4 1 5 1 -3.283 -2.046 4.476
SPIN 4 1 5 2 -5.038 -2.256 2.128
SPIN 4 1 5 3 -5.458 -2.129 0.822
SPIN 4 1 5 4 5.414 -2.309 0.598
SPIN 4 1 5 5 -5.217 -2.145 -1.784
SPIN 4 1 5 6 -0.940 1.330 -5.688
SPIN 4 1 5 7 -1.508 -5.586 1.236
SPIN 4 1 5 8 -1.166 -3.200 4.837
SPIN 4 1 5 9 -0.520 3.571 -4.688
SPIN 4 1 5 10 -2.011 -2.484 -4.978
SPIN 4 1 5 11 -2.346 5.403 0.556
SPIN 4 1 5 12 2.433 5.386 -0.270
SPIN 4 1 5 13 3.065 -4.928 1.148
SPIN 4 1 5 14 -4.225 0.709 4.080
SPIN 4 1 5 15 -5.409 2.153 1.051
SPIN 1 1 6 0 -3.472 -0.723 -4.735
SPIN 1 1 6 1 2.435 4.676 2.684
SPIN 1 1 6 2 3.221 1.425 -4.754
SPIN 1 1 6 3 -1.871 -5.597 0.412
SPIN 1 1 6 4 -3.717 -0.828 4.528
SPIN 1 1 6 5 -5.841 0.892 0.299
SPIN 1 1 6 6 3.002 3.608 3.601
SPIN 1 1 6 7 0.512 5.614 1.794
SPIN 1 1 6 8 -2.196 5.128 -1.972
SPIN 1 1 6 9 -5.098 -2.431 1.760
SPIN 1 1 6 10 0.933 -2.584 -5.240
SPIN 1 1 6 11 0.211 3.953 4.396
SPIN 1 1 6 12 2.471 -5.280 -1.010
SPIN 1 1 6 13 1.180 5.761 0.649
SPIN 1 1 6 14 -2.686 4.725 -2.337
SPIN 1 1 6 15 2.459 -4.166 3.405
SPIN 4 1 6 0 -1.556 -1.321 -5.553
SPIN 4 1 6 1 -0.292 5.492 2.181
SPIN 4 1 6 2 4.859 -2.483 -2.287
SPIN 4 1 6 3 -0.746 1.683 -5.623
SPIN 4 1 6 4 -4.063 3.004 -3.078
SPIN 4 1 6 5 5.123 -2.922 -0.472
SPIN 4 1 6 6 -0.103 3.279 4.923
SPIN 4 1 6 7 -2.441 -1.564 -5.157
SPIN 4 1 6 8 0.168 1.623 -5.687
SPIN 4 1 6 9 -4.127 -3.609 -2.224
SPIN 4 1 6 10 -1.196 4.174 -4.019
SPIN 4 1 6 11 -1.874 -5.091 -2.359
SPIN 4 1 6 12 5.098 2.845 -0.957
SPIN 4 1 6 13 0.043 5.911 0.248
SPIN 4 1 6 14 -1.952 5.415 -1.366
SPIN 4 1 6 15 0.943 -2.432 5.310
SPIN 1 1 7 0 0.473 2.820 5.179
SPIN 1 1 7 1 -5.123 -0.966 2.796
SPIN 1 1 7 2 2.704 -4.788 2.183
SPIN 1 1 7 3 -5.041 2.976 -0.854
SPIN 1 1 7 4 3.969 -4.330 0.706
SPIN 1 1 7 5 5.115 2.760 1.102
SPIN 1 1 7 6 3.947 0.173 -4.403
SPIN 1 1 7 7 0.640 -5.813 0.893
SPIN 1 1 7 8 -5.403 1.871 -1.518
SPIN 1 1 7 9 5.273 2.373 -1.250
SPIN 1 1 7 10 -5.033 1.678 2.619
SPIN 1 1 7 11 -4.026 3.871 1.951
SPIN 1 1 7 12 -5.081 2.567 1.610
SPIN 1 1 7 13 4.189 -4.026 1.115
SPIN 1 1 7 14 -2.908 -5.040 1.071
SPIN 1 1 7 15 -3.725 2.722 3.703
SPIN 4 1 7 0 2.487 5.243 1.152
SPIN 4 1 7 1 0.261 -4.741 -3.529
SPIN 4 1 7 2 -3.411 -1.142 4.697
SPIN 4 1 7 3 -2.628 -1.705 -5.019
SPIN 4 1 7 4 1.974 -1.297 5.424
SPIN 4 1 7 5 -5.165 -2.238 1.822
SPIN 4 1 7 6 1.973 3.914 3.974
SPIN 4 1 7 7 -5.693 0.701 -1.447
SPIN 4 1 7 8 -1.224 -2.077 -5.402
SPIN 4 1 7 9 2.255 3.372 4.307
SPIN 4 1 7 10 -4.602 -0.390 -3.698
SPIN 4 1 7 11 4.768 -3.290 1.199
SPIN 4 1 7 12 -5.308 -2.006 1.675
SPIN 4 1 7 13 2.700 -2.086 -4.833
SPIN 4 1 7 14 -3.100 -4.536 2.195
SPIN 4 1 7 15 2.981 1.403 -4.914
SPIN 1 1 8 0 -3.777 3.223 3.216
SPIN 1 1 8 1 3.179 -4.883 1.026
SPIN 1 1 8 2 -4.275 3.464 -2.175
SPIN 1 1 8 3 0.299 5.408 2.380
SPIN 1 1 8 4 0.083 -5.902 0.402
SPIN 1 1 8 5 -4.257 3.066 2.734
SPIN 1 1 8 6 1.513 -3.612 -4.435
SPIN 1 1 8 7 -4.318 2.216 -3.383
SPIN 1 1 8 8 0.164 1.350 -5.758
SPIN 1 1 8 9 -0.758 2.394 5.357
SPIN 1 1 8 10 -0.300 -4.111 -4.244
SPIN 1 1 8 11 0.448 3.348 4.857
SPIN 1 1 8 12 5.623 -0.038 1.838
SPIN 1 1 8 13 -4.532 3.343 -1.811
SPIN 1 1 8 14 -4.471 1.593 -3.531
SPIN 1 1 8 15 5.290 1.873 -1.871
SPIN 4 1 8 0 -1.868 -3.069 -4.700
SPIN 4 1 8 1 -0.406 -0.886 5.835
SPIN 4 1 8 2 -4.319 3.463 -2.086
SPIN 4 1 8 3 0.197 5.313 2.596
SPIN 4 1 8 4 -1.567 5.290 2.136
SPIN 4 1 8 5 4.360 1.663 3.637
SPIN 4 1 8 6 1.609 -4.542 -3.432
SPIN 4 1 8 7 1.753 4.783 3.009
SPIN 4 1 8 8 5.101 2.388 1.810
SPIN 4 1 8 9 -4.845 -3.326 -0.681
SPIN 4 1 8 10 -5.467 -2.026 1.002
SPIN 4 1 8 11 -1.099 4.294 -3.918
SPIN 4 1 8 12 1.571 -1.746 -5.430
SPIN 4 1 8 13 2.478 5.021 -1.911
SPIN 4 1 8 14 -1.010 -4.779 -3.338
SPIN 4 1 8 15 -2.612 2.193 4.834
SPIN 1 1 9 0 5.279 -1.899 1.878
SPIN 1 1 9 1 1.368 3.034 -4.891
SPIN 1 1 9 2 5.278 -0.128 2.669
SPIN 1 1 9 3 -2.153 -2.450 -4.935
SPIN 1 1 9 4 -5.031 1.640 2.645
SPIN 1 1 9 5 0.855 -0.343 -5.844
SPIN 1 1 9 6 -2.081 3.087 -4.598
SPIN 1 1 9 7 -3.909 2.045 3.942
SPIN 1 1 9 8 -4.076 -1.033 4.162
SPIN 1 1 9 9 1.620 -1.118 -5.579
SPIN 1 1 9 10 3.588 4.696 -0.271
SPIN 1 1 9 11 4.829 -2.992 1.651
SPIN 1 1 9 12 4.822 1.459 3.102
SPIN 1 1 9 13 -4.733 -3.485 0.676
SPIN 1 1 9 14 4.437 3.475 1.800
SPIN 1 1 9 15 -5.249 0.680 2.644
SPIN 4 1 9 0 -5.412 0.236 2.378
SPIN 4 1 9 1 4.703 3.549 -0.537
SPIN 4 1 9 2 -3.043 0.803 5.009
SPIN 4 1 9 3 -1.152 5.088 -2.791
SPIN 4 1 9 4 -0.789 -1.227 5.733
SPIN 4 1 9 5 -5.277 0.495 2.629
SPIN 4 1 9 6 4.621 -2.063 3.064
SPIN 4 1 9 7 5.625 1.476 -1.087
SPIN 4 1 9 8 -4.100 4.226 0.573
SPIN 4 1 9 9 1.887 -5.606 0.094
SPIN 4 1 9 10 -4.766 -1.982 2.890
SPIN 4 1 9 11 -1.018 -5.425 2.130
SPIN 4 1 9 12 -3.990 4.038 -1.667
SPIN 4 1 9 13 5.178 -1.153 -2.619
SPIN 4 1 9 14 0.928 5.802 0.686
SPIN 4 1 9 15 5.465 2.043 -0.978
SPIN 1 1 10 0 3.993 -4.363 -0.137
SPIN 1 1 10 1 -2.982 3.677 3.548
SPIN 1 1 10 2 -1.747 5.110 -2.416
SPIN 1 1 10 3 -4.069 2.278 3.640
SPIN 1 1 10 4 -0.349 -3.124 -5.012
SPIN 1 1 10 5 4.665 0.359 -3.620
SPIN 1 1 10 6 5.697 -0.858 -1.345
SPIN 1 1 10 7 5.671 1.615 0.483
SPIN 1 1 10 8 -0.189 -3.100 -5.035
SPIN 1 1 10 9 -4.404 -3.853 -0.872
SPIN 1 1 10 10 0.107 4.906 3.304
SPIN 1 1 10 11 -5.733 -1.461 -0.004
SPIN 1 1 10 12 3.430 1.520 -4.575
SPIN 1 1 10 13 0.440 5.884 -0.432
SPIN 1 1 10 14 -4.423 -2.697 -2.857
SPIN 1 1 10 15 -5.710 0.730 1.364
SPIN 4 1 10 0 0.601 -3.999 -4.318
SPIN 4 1 10 1 -3.581 1.420 -4.489
SPIN 4 1 10 2 5.042 -3.003 -0.749
SPIN 4 1 10 3 -1.355 -2.156 5.340
SPIN 4 1 10 4 5.522 1.327 -1.656
SPIN 4 1 10 5 1.359 2.474 -5.199
SPIN 4 1 10 6 -2.772 -5.061 1.306
SPIN 4 1 10 7 -3.828 0.155 4.508
SPIN 4 1 10 8 -1.738 2.415 5.113
SPIN 4 1 10 9 3.505 -0.886 4.683
SPIN 4 1 10 10 -3.303 -1.948 -4.505
SPIN 4 1 10 11 0.193 5.913 -0.062
SPIN 4 1 10 12 -3.845 -2.385 -3.811
SPIN 4 1 10 13 3.581 4.585 1.072
SPIN 4 1 10 14 -0.482 -5.888 0.311
SPIN 4 1 10 15 -4.939 3.038 1.175
SPIN 1 1 11 0 0.752 5.545 1.920
SPIN 1 1 11 1 1.584 5.691 0.326
SPIN 1 1 11 2 4.506 0.067 3.833
SPIN 1 1 11 3 0.250 -3.281 -4.917
SPIN 1 1 11 4 -5.136 2.934 -0.116
SPIN 1 1 11 5 -5.365 1.531 -1.967
SPIN 1 1 11 6 -5.289 1.168 -2.379
SPIN 1 1 11 7 -4.972 2.812 1.538
SPIN 1 1 11 8 3.671 3.531 3.010
SPIN 1 1 11 9 1.424 0.132 5.741
SPIN 1 1 11 10 -5.716 -1.445 0.490
SPIN 1 1 11 11 2.385 2.137 -4.975
SPIN 1 1 11 12 -4.771 3.495 -0.139
SPIN 1 1 11 13 -0.476 -2.647 -5.269
SPIN 1 1 11 14 4.023 -1.536 4.056
SPIN 1 1 11 15 -2.330 3.152 4.431
SPIN 4 1 11 0 -4.335 2.621 3.057
SPIN 4 1 11 1 -0.343 -0.296 5.899
SPIN 4 1 11 2 -2.161 4.134 3.639
SPIN 4 1 11 3 3.789 2.097 4.031
SPIN 4 1 11 4 -2.468 -5.092 1.726
SPIN 4 1 11 5 4.593 3.727 0.104
SPIN 4 1 11 6 5.481 -2.093 0.756
SPIN 4 1 11 7 2.131 -3.975 -3.829
SPIN 4 1 11 8 -4.997 1.196 2.932
SPIN 4 1 11 9 1.092 3.137 -4.896
SPIN 4 1 11 10 -1.134 4.117 4.094
SPIN 4 1 11 11 0.582 -3.319 -4.863
SPIN 4 1 11 12 -3.754 4.572 0.105
SPIN 4 1 11 13 -4.857 -2.774 -1.928
SPIN 4 1 11 14 -1.080 2.219 5.377
SPIN 4 1 11 15 3.070 4.129 -2.921
SPIN 1 1 12 0 3.695 -3.977 -2.352
SPIN 1 1 12 1 2.964 -3.675 3.565
SPIN 1 1 12 2 0.682 -5.814 -0.852
SPIN 1 1 12 3 1.776 5.642 0.101
SPIN 1 1 12 4 4.736 3.545 -0.039
SPIN 1 1 12 5 -2.655 4.045 -3.404
SPIN 1 1 12 6 4.062 1.948 3.835
SPIN 1 1 12 7 0.000 5.916 -0.028
SPIN 1 1 12 8 -3.829 -3.005 3.363
SPIN 1 1 12 9 1.445 -5.598 -1.255
SPIN 1 1 12 10 4.413 0.006 3.940
SPIN 1 1 12 11 -5.882 -0.444 0.456
SPIN 1 1 12 12 3.953 -4.390 -0.319
SPIN 1 1 12 13 -2.595 5.261 -0.765
SPIN 1 1 12 14 -1.064 -1.762 -5.546
SPIN 1 1 12 15 4.516 2.150 -3.160
SPIN 4 1 12 0 5.053 2.829 -1.211
SPIN 4 1 12 1 -1.824 4.355 3.565
SPIN 4 1 12 2 -4.449 -2.131 3.266
SPIN 4 1 12 3 -2.897 -3.677 -3.618
SPIN 4 1 12 4 1.860 4.198 -3.730
SPIN 4 1 12 5 -5.656 -0.662 1.604
SPIN 4 1 12 6 -0.865 -5.852 0.032
SPIN 4 1 12 7 2.489 -0.999 -5.273
SPIN 4 1 12 8 -5.741 -1.070 0.944
SPIN 4 1 12 9 5.087 2.517 -1.670
SPIN 4 1 12 10 -5.071 0.152 3.044
SPIN 4 1 12 11 4.354 -1.774 3.591
SPIN 4 1 12 12 3.871 -3.108 3.219
SPIN 4 1 12 13 4.200 -1.523 3.878
SPIN 4 1 12 14 1.635 3.367 -4.581
SPIN 4 1 12 15 4.417 3.897 0.547
SPIN 1 1 13 0 -5.426 1.333 1.945
SPIN 1 1 13 1 1.370 -5.718 -0.655
SPIN 1 1 13 2 0.479 2.036 5.534
SPIN 1 1 13 3 -5.508 -1.688 1.347
SPIN 1 1 13 4 -0.264 5.666 -1.682
SPIN 1 1 13 5 -3.674 2.362 3.990
SPIN 1 1 13 6 -0.768 1.349 -5.709
SPIN 1 1 13 7 0.305 -0.329 5.899
SPIN 1 1 13 8 2.564 -0.901 5.255
SPIN 1 1 13 9 1.827 0.986 -5.540
SPIN 1 1 13 10 3.727 -0.290 -4.585
SPIN 1 1 13 11 0.270 0.545 5.885
SPIN 1 1 13 12 -1.562 -4.901 2.922
SPIN 1 1 13 13 1.884 4.862 -2.796
SPIN 1 1 13 14 1.932 2.526 -4.989
SPIN 1 1 13 15 -3.753 -4.525 0.662
SPIN 4 1 13 0 -1.431 -0.246 5.735
SPIN 4 1 13 1 5.351 -0.551 -2.461
SPIN 4 1 13 2 2.304 5.092 -1.939
SPIN 4 1 13 3 -1.033 -4.729 3.402
SPIN 4 1 13 4 5.258 2.076 -1.745
SPIN 4 1 13 5 -2.669 4.025 -3.417
SPIN 4 1 13 6 3.776 -1.703 4.224
SPIN 4 1 13 7 -5.229 2.680 -0.687
SPIN 4 1 13 8 4.698 0.476 -3.564
SPIN 4 1 13 9 2.102 -3.084 -4.590
SPIN 4 1 13 10 0.085 1.133 5.806
SPIN 4 1 13 11 -4.004 -3.557 -2.513
SPIN 4 1 13 12 1.165 3.744 4.430
SPIN 4 1 13 13 -3.371 -3.632 3.232
SPIN 4 1 13 14 -1.906 -4.662 3.104
SPIN 4 1 13 15 -0.476 -3.381 4.831
SPIN 1 1 14 0 1.148 -5.764 -0.673
SPIN 1 1 14 1 2.165 0.006 -5.506
SPIN 1 1 14 2 2.476 1.247 5.226
SPIN 1 1 14 3 2.431 1.791 5.088
SPIN 1 1 14 4 -1.038 -5.512 -1.882
SPIN 1 1 14 5 -1.855 5.192 -2.144
SPIN 1 1 14 6 -0.627 -3.465 4.754
SPIN 1 1 14 7 4.503 -0.000 -3.837
SPIN 1 1 14 8 -5.112 1.976 2.228
SPIN 1 1 14 9 -4.759 1.736 -3.056
SPIN 1 1 14 10 4.160 2.135 3.624
SPIN 1 1 14 11 -5.345 -0.167 2.530
SPIN 1 1 14 12 4.155 0.636 -4.163
SPIN 1 1 14 13 -4.252 -2.639 3.155
SPIN 1 1 14 14 -2.513 1.972 -4.980
SPIN 1 1 14 15 5.483 -2.064 0.823
SPIN 4 1 14 0 -0.193 -1.684 5.668
SPIN 4 1 14 1 -0.469 5.850 0.747
SPIN 4 1 14 2 -0.961 -5.336 2.368
SPIN 4 1 14 3 -4.898 -2.827 -1.736
SPIN 4 1 14 4 0.374 -2.183 -5.486
SPIN 4 1 14 5 -2.398 1.182 5.278
SPIN 4 1 14 6 -1.127 5.557 1.689
SPIN 4 1 14 7 2.872 1.171 5.038
SPIN 4 1 14 8 -0.577 -5.845 0.712
SPIN 4 1 14 9 0.292 2.931 5.131
SPIN 4 1 14 10 2.585 1.579 -5.082
SPIN 4 1 14 11 -0.673 -4.037 4.272
SPIN 4 1 14 12 2.363 -0.421 -5.407
SPIN 4 1 14 13 4.245 0.254 4.113
SPIN 4 1 14 14 1.638 -5.685 -0.022
SPIN 4 1 14 15 1.933 5.520 0.894
SPIN 1 1 15 0 -2.464 4.247 3.300
SPIN 1 1 15 1 -5.420 -1.444 -1.882
SPIN 1 1 15 2 5.215 -2.789 -0.167
SPIN 1 1 15 3 -3.135 -2.784 -4.173
SPIN 1 1 15 4 -4.082 2.817 3.225
SPIN 1 1 15 5 4.884 2.836 -1.762
SPIN 1 1 15 6 -2.507 -5.332 0.533
SPIN 1 1 15 7 4.389 -1.747 3.562
SPIN 1 1 15 8 -1.226 5.669 1.164
SPIN 1 1 15 9 2.706 -5.018 -1.581
SPIN 1 1 15 10 -2.293 3.109 4.481
SPIN 1 1 15 11 2.784 1.399 -5.029
SPIN 1 1 15 12 0.558 5.591 1.852
SPIN 1 1 15 13 4.826 3.397 -0.409
SPIN 1 1 15 14 0.501 1.646 -5.660
SPIN 1 1 15 15 -1.614 5.691 -0.091
SPIN 4 1 15 0 4.336 -0.142 -4.022
SPIN 4 1 15 1 -2.176 0.590 5.470
SPIN 4 1 15 2 -2.878 3.965 3.316
SPIN 4 1 15 3 0.808 -3.344 -4.813
SPIN 4 1 15 4 -2.464 -1.572 5.144
SPIN 4 1 15 5 -1.124 -5.799 -0.327
SPIN 4 1 15 6 1.205 -0.593 -5.762
SPIN 4 1 15 7 -3.019 -1.089 4.970
SPIN 4 1 15 8 -4.610 -2.894 -2.318
SPIN 4 1 15 9 3.454 -4.566 -1.491
SPIN 4 1 15 10 1.769 4.260 3.705
SPIN 4 1 15 11 1.375 -1.128 -5.642
SPIN 4 1 15 12 -1.712 -1.999 5.298
SPIN 4 1 15 13 2.004 2.561 4.942
SPIN 4 1 15 14 -4.915 1.935 -2.665
SPIN 4 1 15 15 0.650 -5.031 3.044
SPIN 3 1 0 0 -1.933 1.214 5.458
SPIN 3 1 0 1 -0.669 3.033 -5.035
SPIN 3 1 0 2 3.017 -4.318 -2.693
SPIN 3 1 0 3 -4.972 3.206 -0.019
SPIN 3 1 0 4 -3.015 -4.846 -1.557
SPIN 3 1 0 5 4.089 2.819 3.215
SPIN 3 1 0 6 -0.743 -5.674 1.503
SPIN 3 1 0 7 -1.824 0.759 -5.576
SPIN 3 1 0 8 -3.409 3.903 -2.854
SPIN 3 1 0 9 3.277 -4.902 0.483
SPIN 3 1 0 10 2.873 1.378 -4.985
SPIN 3 1 0 11 -5.388 2.442 -0.105
SPIN 3 1 0 12 1.239 -0.490 -5.764
SPIN 3 1 0 13 -1.692 5.618 0.758
SPIN 3 1 0 14 2.198 5.120 1.989
SPIN 3 1 0 15 -3.374 1.224 -4.703
SPIN 2 1 0 0 -2.332 4.978 2.186
SPIN 2 1 0 1 -3.662 -1.276 -4.468
SPIN 2 1 0 2 -0.915 5.655 1.476
SPIN 2 1 0 3 1.766 -2.822 4.891
SPIN 2 1 0 4 4.307 1.789 -3.640
SPIN 2 1 0 5 -4.484 3.213 -2.139
SPIN 2 1 0 6 4.747 2.468 -2.525
SPIN 2 1 0 7 0.783 -2.440 -5.332
SPIN 2 1 0 8 -1.201 5.778 0.419
SPIN 2 1 0 9 -3.734 0.935 -4.493
SPIN 2 1 0 10 0.041 -2.905 -5.153
SPIN 2 1 0 11 -4.753 -0.962 3.388
SPIN 2 1 0 12 -0.244 5.681 -1.632
SPIN 2 1 0 13 5.489 2.179 -0.344
SPIN 2 1 0 14 -4.289 -0.112 4.073
SPIN 2 1 0 15 1.737 -3.079 -4.743
SPIN 3 1 1 0 4.539 -3.356 -1.769
SPIN 3 1 1 1 -2.445 -3.452 4.136
SPIN 3 1 1 2 -5.113 2.579 1.486
SPIN 3 1 1 3 3.643 -4.555 0.991
SPIN 3 1 1 4 -1.798 1.005 5.546
SPIN 3 1 1 5 -2.937 -5.090 0.683
SPIN 3 1 1 6 3.644 2.880 -3.664
SPIN 3 1 1 7 3.745 3.537 -2.909
SPIN 3 1 1 8 -0.830 -5.837 0.485
SPIN 3 1 1 9 3.318 3.643 3.274
SPIN 3 1 1 10 -0.041 -1.680 5.672
SPIN 3 1 1 11 4.730 1.967 2.960
SPIN 3 1 1 12 -3.498 4.138 2.376
SPIN 3 1 1 13 0.626 -4.355 3.955
SPIN 3 1 1 14 -3.975 -3.691 -2.362
SPIN 3 1 1 15 4.706 3.335 1.318
SPIN 2 1 1 0 2.825 5.088 -1.065
SPIN 2 1 1 1 5.351 -1.956 1.592
SPIN 2 1 1 2 0.129 3.105 5.034
SPIN 2 1 1 3 -3.307 -3.762 -3.148
SPIN 2 1 1 4 1.819 1.308 5.475
SPIN 2 1 1 5 -3.401 2.757 3.979
SPIN 2 1 1 6 2.845 -3.507 3.822
SPIN 2 1 1 7 1.879 1.419 5.427
SPIN 2 1 1 8 -2.234 -5.194 -1.743
SPIN 2 1 1 9 -2.306 2.237 4.968
SPIN 2 1 1 10 -4.395 -3.586 1.682
SPIN 2 1 1 11 1.990 1.133 -5.455
SPIN 2 1 1 12 3.593 4.699 0.077
SPIN 2 1 1 13 0.448 4.624 -3.663
SPIN 2 1 1 14 3.991 4.192 1.224
SPIN 2 1 1 15 1.397 -1.198 5.623
SPIN 3 1 2 0 -5.830 -0.464 -0.890
SPIN 3 1 2 1 1.589 1.456 5.510
SPIN 3 1 2 2 5.184 -2.779 0.639
SPIN 3 1 2 3 -0.558 -4.567 -3.719
SPIN 3 1 2 4 -0.144 -3.663 4.643
SPIN 3 1 2 5 -5.808 0.928 -0.640
SPIN 3 1 2 6 3.758 -4.378 -1.308
SPIN 3 1 2 7 0.947 -4.157 4.102
SPIN 3 1 2 8 3.705 -3.684 2.775
SPIN 3 1 2 9 0.937 -3.743 -4.484
SPIN 3 1 2 10 1.917 5.435 1.337
SPIN 3 1 2 11 -2.979 -4.553 -2.324
SPIN 3 1 2 12 -5.353 -1.449 2.061
SPIN 3 1 2 13 -4.667 -1.710 -3.209
SPIN 3 1 2 14 0.073 4.513 3.825
SPIN 3 1 2 15 5.532 -1.799 -1.078
SPIN 2 1 2 0 4.709 -1.811 -3.090
SPIN 2 1 2 1 -1.066 3.161 4.885
SPIN 2 1 2 2 -5.176 -0.792 -2.754
SPIN 2 1 2 3 4.661 -0.814 3.552
SPIN 2 1 2 4 -2.448 -5.327 0.794
SPIN 2 1 2 5 2.813 1.521 -4.977
SPIN 2 1 2 6 -0.137 5.907 0.290
SPIN 2 1 2 7 -1.514 -1.695 -5.462
SPIN 2 1 2 8 -5.277 2.241 1.461
SPIN 2 1 2 9 5.290 2.040 1.690
SPIN 2 1 2 10 2.817 4.023 3.298
SPIN 2 1 2 11 3.849 -3.205 -3.148
SPIN 2 1 2 12 -3.157 1.800 -4.668
SPIN 2 1 2 13 0.481 -3.903 4.420
SPIN 2 1 2 14 -1.095 4.457 -3.733
SPIN 2 1 2 15 -2.615 -4.894 -2.052
SPIN 3 1 3 0 4.488 2.314 -3.082
SPIN 3 1 3 1 -2.012 -2.783 4.817
SPIN 3 1 3 2 -4.737 2.245 2.743
SPIN 3 1 3 3 4.199 2.471 -3.356
SPIN 3 1 3 4 -2.943 5.039 -0.970
SPIN 3 1 3 5 1.929 -2.091 5.187
SPIN 3 1 3 6 -4.487 -3.802 -0.642
SPIN 3 1 3 7 5.589 1.303 1.436
SPIN 3 1 3 8 5.519 0.973 -1.897
SPIN 3 1 3 9 -1.295 -5.759 -0.395
SPIN 3 1 3 10 -3.858 -2.094 3.966
SPIN 3 1 3 11 1.419 -1.462 5.554
SPIN 3 1 3 12 2.196 3.689 -4.071
SPIN 3 1 3 13 5.026 1.872 2.496
SPIN 3 1 3 14 -3.574 -3.856 -2.712
SPIN 3 1 3 15 0.165 -1.470 5.728
SPIN 2 1 3 0 1.709 4.024 3.986
SPIN 2 1 3 1 -3.478 -1.571 -4.521
SPIN 2 1 3 2 3.621 -0.364 -4.665
SPIN 2 1 3 3 -2.220 3.469 -4.247
SPIN 2 1 3 4 1.607 -4.398 3.616
SPIN 2 1 3 5 4.172 3.320 -2.563
SPIN 2 1 3 6 0.951 -3.512 -4.665
SPIN 2 1 3 7 -5.189 2.491 1.367
SPIN 2 1 3 8 3.561 -4.707 -0.402
SPIN 2 1 3 9 -2.775 -3.101 -4.205
SPIN 2 1 3 10 -3.122 1.935 -4.638
SPIN 2 1 3 11 -5.716 1.408 -0.590
SPIN 2 1 3 12 2.700 -2.076 4.838
SPIN 2 1 3 13 2.310 -5.433 -0.382
SPIN 2 1 3 14 -2.376 0.571 5.388
SPIN 2 1 3 15 -2.346 4.112 3.548
SPIN 3 1 4 0 3.606 -1.478 4.452
SPIN 3 1 4 1 -2.931 -4.813 1.803
SPIN 3 1 4 2 2.672 -3.052 4.306
SPIN 3 1 4 3 -2.533 3.491 4.050
SPIN 3 1 4 4 0.603 -5.537 -1.996
SPIN 3 1 4 5 -4.149 3.720 -1.986
SPIN 3 1 4 6 3.594 4.695 0.193
SPIN 3 1 4 7 -0.114 -2.444 -5.386
SPIN 3 1 4 8 4.742 0.681 -3.472
SPIN 3 1 4 9 4.429 3.753 -1.140
SPIN 3 1 4 10 5.654 0.134 1.735
SPIN 3 1 4 11 1.542 -5.054 2.662
SPIN 3 1 4 12 -1.944 -3.799 4.098
SPIN 3 1 4 13 0.868 5.376 2.311
SPIN 3 1 4 14 2.846 -5.113 -0.871
SPIN 3 1 4 15 1.406 -3.432 -4.609
SPIN 2 1 4 0 5.226 -2.342 -1.484
SPIN 2 1 4 1 3.751 0.083 4.574
SPIN 2 1 4 2 4.023 3.801 -2.091
SPIN 2 1 4 3 1.261 -2.809 5.052
SPIN 2 1 4 4 2.336 -4.752 -2.638
SPIN 2 1 4 5 -2.673 2.798 -4.476
SPIN 2 1 4 6 -4.732 -3.548 0.133
SPIN 2 1 4 7 5.222 -1.410 2.395
SPIN 2 1 4 8 -1.828 3.252 4.592
SPIN 2 1 4 9 1.741 -4.018 3.978
SPIN 2 1 4 10 0.687 -1.968 5.537
SPIN 2 1 4 11 1.892 -5.575 0.578
SPIN 2 1 4 12 -3.660 -2.867 3.659
SPIN 2 1 4 13 -3.473 2.617 -4.011
SPIN 2 1 4 14 1.898 -4.721 -3.018
SPIN 2 1 4 15 -3.511 4.612 -1.185
SPIN 3 1 5 0 -3.745 2.118 -4.061
SPIN 3 1 5 1 4.846 -2.624 -2.153
SPIN 3 1 5 2 1.891 5.200 -2.093
SPIN 3 1 5 3 3.123 -3.452 -3.652
SPIN 3 1 5 4 -4.626 0.648 3.631
SPIN 3 1 5 5 3.826 -4.195 1.661
SPIN 3 1 5 6 0.675 5.840 -0.659
SPIN 3 1 5 7 -3.211 -4.931 0.613
SPIN 3 1 5 8 4.359 1.350 3.765
SPIN 3 1 5 9 5.910 -0.199 -0.183
SPIN 3 1 5 10 -4.645 -0.766 -3.582
SPIN 3 1 5 11 3.771 3.618 2.772
SPIN 3 1 5 12 -2.241 -1.777 5.179
SPIN 3 1 5 13 3.799 2.294 -3.912
SPIN 3 1 5 14 -5.560 -1.931 -0.602
SPIN 3 1 5 15 2.897 0.332 -5.148
SPIN 2 1 5 0 -1.303 3.563 4.539
SPIN 2 1 5 1 -5.194 -2.511 -1.312
SPIN 2 1 5 2 5.248 1.453 2.313
SPIN 2 1 5 3 5.015 0.520 -3.095
SPIN 2 1 5 4 4.176 -0.642 -4.141
SPIN 2 1 5 5 3.939 0.236 -4.408
SPIN 2 1 5 6 3.504 4.607 1.221
SPIN 2 1 5 7 -1.523 -1.342 -5.557
SPIN 2 1 5 8 4.806 -2.468 2.411
SPIN 2 1 5 9 -2.687 4.455 2.817
SPIN 2 1 5 10 -1.050 -4.075 4.158
SPIN 2 1 5 11 2.756 3.805 -3.595
SPIN 2 1 5 12 1.874 -5.610 0.124
SPIN 2 1 5 13 -1.511 -2.776 5.001
SPIN 2 1 5 14 -3.910 3.713 2.434
SPIN 2 1 5 15 5.743 0.392 -1.368
SPIN 3 1 6 0 3.221 0.888 -4.882
SPIN 3 1 6 1 -2.431 0.054 5.393
SPIN 3 1 6 2 -2.854 -5.177 -0.220
SPIN 3 1 6 3 2.953 -0.022 5.126
SPIN 3 1 6 4 -1.298 5.136 -2.633
SPIN 3 1 6 5 -1.669 2.884 4.888
SPIN 3 1 6 6 4.658 -0.769 3.565
SPIN 3 1 6 7 -2.894 -2.787 4.343
SPIN 3 1 6 8 5.170 2.654 1.111
SPIN 3 1 6 9 -5.745 -1.386 0.274
SPIN 3 1 6 10 5.395 0.486 2.378
SPIN 3 1 6 11 -5.367 -0.152 -2.485
SPIN 3 1 6 12 -0.860 1.239 -5.721
SPIN 3 1 6 13 0.121 -5.479 -2.228
SPIN 3 1 6 14 4.953 3.049 -1.085
SPIN 3 1 6 15 -2.829 -2.542 4.531
SPIN 2 1 6 0 3.370 -4.534 -1.758
SPIN 2 1 6 1 -0.040 -5.091 3.013
SPIN 2 1 6 2 3.256 4.939 0.020
SPIN 2 1 6 3 2.359 -1.700 5.152
SPIN 2 1 6 4 -1.769 -4.171 -3.805
SPIN 2 1 6 5 -4.772 -0.285 3.486
SPIN 2 1 6 6 -2.002 -3.675 -4.182
SPIN 2 1 6 7 2.795 0.075 5.214
SPIN 2 1 6 8 -0.391 -3.507 4.748
SPIN 2 1 6 9 4.651 3.648 0.244
SPIN 2 1 6 10 -0.799 -1.423 5.686
SPIN 2 1 6 11 -1.325 4.938 -2.977
SPIN 2 1 6 12 -3.336 0.345 4.873
SPIN 2 1 6 13 -0.066 -1.387 -5.751
SPIN 2 1 6 14 3.782 -3.328 -3.101
SPIN 2 1 6 15 -3.167 2.199 -4.487
SPIN 3 1 7 0 -5.493 -2.197 -0.027
SPIN 3 1 7 1 5.085 1.448 -2.655
SPIN 3 1 7 2 -5.801 0.698 0.930
SPIN 3 1 7 3 -0.752 -5.868 -0.012
SPIN 3 1 7 4 5.453 1.723 -1.515
SPIN 3 1 7 5 1.349 -5.466 -1.816
SPIN 3 1 7 6 -3.563 3.547 -3.119
SPIN 3 1 7 7 3.686 -2.808 3.678
SPIN 3 1 7 8 -4.847 -0.223 -3.384
SPIN 3 1 7 9 -5.369 -2.399 0.646
SPIN 3 1 7 10 3.185 1.330 4.805
SPIN 3 1 7 11 3.389 -4.056 2.658
SPIN 3 1 7 12 5.176 0.577 -2.806
SPIN 3 1 7 13 4.721 -0.005 3.566
SPIN 3 1 7 14 -1.406 -5.643 1.089
SPIN 3 1 7 15 5.650 -0.663 1.623
SPIN 2 1 7 0 -5.606 0.260 1.872
SPIN 2 1 7 1 5.778 -0.515 -1.160
SPIN 2 1 7 2 -3.863 -1.713 -4.140
SPIN 2 1 7 3 1.510 -4.843 3.044
SPIN 2 1 7 4 -3.573 4.319 1.894
SPIN 2 1 7 5 -2.515 4.848 2.273
SPIN 2 1 7 6 -4.882 3.180 1.027
SPIN 2 1 7 7 5.712 -0.111 -1.538
SPIN 2 1 7 8 -4.810 0.513 -3.406
SPIN 2 1 7 9 1.390 0.572 -5.722
SPIN 2 1 7 10 -0.945 -1.289 -5.696
SPIN 2 1 7 11 0.711 5.359 -2.404
SPIN 2 1 7 12 0.224 -5.683 1.628
SPIN 2 1 7 13 -1.530 5.494 -1.575
SPIN 2 1 7 14 4.550 -2.473 -2.860
SPIN 2 1 7 15 -1.832 -3.166 4.650
SPIN 3 1 8 0 4.835 3.380 -0.441
SPIN 3 1 8 1 -2.861 0.110 5.177
SPIN 3 1 8 2 2.890 0.185 -5.159
SPIN 3 1 8 3 3.055 2.720 4.274
SPIN 3 1 8 4 -2.450 -2.079 4.968
SPIN 3 1 8 5 1.515 -5.366 1.978
SPIN 3 1 8 6 -5.323 -2.300 1.173
SPIN 3 1 8 7 -0.843 -2.757 5.166
SPIN 3 1 8 8 -4.462 0.291 3.874
SPIN 3 1 8 9 4.347 -0.194 -4.009
SPIN 3 1 8 10 1.918 5.193 2.088
SPIN 3 1 8 11 -1.284 -2.265 -5.312
SPIN 3 1 8 12 -0.684 5.463 2.165
SPIN 3 1 8 13 -3.135 3.982 -3.053
SPIN 3 1 8 14 4.070 0.937 -4.190
SPIN 3 1 8 15 -5.654 -0.994 -1.430
SPIN 2 1 8 0 4.922 1.629 -2.849
SPIN 2 1 8 1 0.065 5.888 -0.576
SPIN 2 1 8 2 2.153 5.490 -0.477
SPIN 2 1 8 3 3.053 -2.208 -4.561
SPIN 2 1 8 4 3.909 -4.175 -1.511
SPIN 2 1 8 5 1.092 2.486 -5.256
SPIN 2 1 8 6 -1.257 -5.586 1.490
SPIN 2 1 8 7 0.232 -3.541 4.734
SPIN 2 1 8 8 3.815 3.674 -2.636
SPIN 2 1 8 9 -4.661 -3.273 1.601
SPIN 2 1 8 10 2.369 3.136 4.422
SPIN 2 1 8 11 -0.655 -5.847 0.615
SPIN 2 1 8 12 1.010 -0.803 -5.774
SPIN 2 1 8 13 -2.542 -1.529 5.119
SPIN 2 1 8 14 2.556 1.963 4.961
SPIN 2 1 8 15 -4.294 3.712 1.668
SPIN 3 1 9 0 1.806 -5.522 1.118
SPIN 3 1 9 1 -5.746 0.573 1.284
SPIN 3 1 9 2 -3.930 -3.882 2.117
SPIN 3 1 9 3 -3.264 4.934 -0.019
SPIN 3 1 9 4 -1.567 -2.034 5.330
SPIN 3 1 9 5 -1.538 5.068 2.637
SPIN 3 1 9 6 -4.812 0.578 3.392
SPIN 3 1 9 7 -0.692 -4.297 -4.007
SPIN 3 1 9 8 3.817 -4.516 0.173
SPIN 3 1 9 9 -3.338 -0.304 4.875
SPIN 3 1 9 10 -0.565 -2.182 -5.470
SPIN 3 1 9 11 -2.497 5.256 -1.071
SPIN 3 1 9 12 -2.491 -1.674 -5.098
SPIN 3 1 9 13 -2.994 2.104 4.648
SPIN 3 1 9 14 -1.950 3.454 4.389
SPIN 3 1 9 15 0.512 -2.944 -5.106
SPIN 2 1 9 0 -2.749 5.228 0.333
SPIN 2 1 9 1 4.692 3.563 -0.543
SPIN 2 1 9 2 3.232 -4.733 1.467
SPIN 2 1 9 3 1.019 3.786 4.430
SPIN 2 1 9 4 3.785 -0.258 -4.540
SPIN 2 1 9 5 -3.835 -1.813 4.124
SPIN 2 1 9 6 4.201 3.515 2.235
SPIN 2 1 9 7 -1.701 4.363 -3.615
SPIN 2 1 9 8 -0.262 -5.904 0.272
SPIN 2 1 9 9 1.962 5.579 -0.173
SPIN 2 1 9 10 3.776 -4.230 -1.688
SPIN 2 1 9 11 2.505 4.909 -2.151
SPIN 2 1 9 12 -4.050 -0.315 4.301
SPIN 2 1 9 13 4.941 2.912 -1.452
SPIN 2 1 9 14 -1.545 -4.516 3.496
SPIN 2 1 9 15 -3.237 -4.710 1.529
SPIN 3 1 10 0 -2.434 -1.584 -5.154
SPIN 3 1 10 1 2.296 -4.402 3.217
SPIN 3 1 10 2 -4.815 0.080 3.437
SPIN 3 1 10 3 -5.436 1.972 1.251
SPIN 3 1 10 4 -2.567 4.336 -3.100
SPIN 3 1 10 5 -3.478 -3.849 -2.843
SPIN 3 1 10 6 1.340 4.121 -4.028
SPIN 3 1 10 7 5.491 0.589 -2.122
SPIN 3 1 10 8 -2.201 -0.782 -5.435
SPIN 3 1 10 9 0.866 4.965 3.099
SPIN 3 1 10 10 -5.305 -2.316 -1.221
SPIN 3 1 10 11 -4.681 -1.370 3.348
SPIN 3 1 10 12 -0.377 -3.819 -4.503
SPIN 3 1 10 13 -1.284 -5.274 -2.352
SPIN 3 1 10 14 -3.752 2.516 -3.820
SPIN 3 1 10 15 3.734 -1.265 4.411
SPIN 2 1 10 0 -0.936 -4.919 3.150
SPIN 2 1 10 1 -2.468 0.416 5.360
SPIN 2 1 10 2 -2.818 5.202 -0.026
SPIN 2 1 10 3 1.440 2.844 -4.984
SPIN 2 1 10 4 3.171 1.602 -4.730
SPIN 2 1 10 5 -2.094 -5.492 -0.671
SPIN 2 1 10 6 -2.146 4.356 3.380
SPIN 2 1 10 7 3.562 -4.682 0.622
SPIN 2 1 10 8 -4.168 3.532 -2.269
SPIN 2 1 10 9 0.521 -0.233 -5.889
SPIN 2 1 10 10 -0.628 -0.087 -5.882
SPIN 2 1 10 11 3.151 3.448 3.631
SPIN 2 1 10 12 2.309 -1.424 -5.258
SPIN 2 1 10 13 4.029 2.485 3.549
SPIN 2 1 10 14 -1.946 2.079 -5.186
SPIN 2 1 10 15 -2.115 5.157 -1.983
SPIN 3 1 11 0 1.433 -3.259 4.725
SPIN 3 1 11 1 -0.754 -1.035 5.776
SPIN 3 1 11 2 1.634 -4.206 -3.826
SPIN 3 1 11 3 2.551 -1.410 5.148
SPIN 3 1 11 4 -3.720 -1.401 4.382
SPIN 3 1 11 5 4.142 1.159 4.062
SPIN 3 1 11 6 -4.427 -1.160 3.748
SPIN 3 1 11 7 -3.704 0.576 4.577
SPIN 3 1 11 8 -5.313 0.897 2.443
SPIN 3 1 11 9 -4.522 -3.714 -0.870
SPIN 3 1 11 10 4.010 0.806 -4.275
SPIN 3 1 11 11 0.989 5.813 -0.480
SPIN 3 1 11 12 4.697 -3.593 -0.172
SPIN 3 1 11 13 -2.336 3.398 -4.242
SPIN 3 1 11 14 4.308 0.278 4.045
SPIN 3 1 11 15 -2.189 -0.799 -5.438
SPIN 2 1 11 0 -5.724 -1.182 0.916
SPIN 2 1 11 1 2.081 5.146 -2.047
SPIN 2 1 11 2 4.480 -3.769 0.852
SPIN 2 1 11 3 3.638 -3.529 3.051
SPIN 2 1 11 4 2.525 -2.732 -4.600
SPIN 2 1 11 5 -5.678 1.619 0.375
SPIN 2 1 11 6 -1.873 -4.448 3.422
SPIN 2 1 11 7 -3.102 -1.815 -4.699
SPIN 2 1 11 8 3.707 2.061 -4.125
SPIN 2 1 11 9 -2.590 2.916 4.449
SPIN 2 1 11 10 -2.784 1.069 -5.110
SPIN 2 1 11 11 -3.507 -2.896 3.783
SPIN 2 1 11 12 -2.298 -4.758 2.661
SPIN 2 1 11 13 3.055 4.162 2.888
SPIN 2 1 11 14 1.146 -4.587 3.556
SPIN 2 1 11 15 4.981 -2.325 2.188
SPIN 3 1 12 0 -5.138 -1.171 -2.690
SPIN 3 1 12 1 -4.026 -1.009 -4.216
SPIN 3 1 12 2 -4.209 -1.506 -3.874
SPIN 3 1 12 3 2.242 -5.184 -1.759
SPIN 3 1 12 4 -1.459 5.730 -0.202
SPIN 3 1 12 5 1.632 -0.519 -5.663
SPIN 3 1 12 6 -1.833 -1.106 -5.515
SPIN 3 1 12 7 -1.305 5.582 1.464
SPIN 3 1 12 8 5.721 0.327 -1.472
SPIN 3 1 12 9 -4.628 -0.413 3.662
SPIN 3 1 12 10 -1.588 -5.525 1.396
SPIN 3 1 12 11 2.993 5.101 0.137
SPIN 3 1 12 12 -0.730 -4.490 -3.782
SPIN 3 1 12 13 3.290 -4.917 -0.033
SPIN 3 1 12 14 2.883 3.596 3.709
SPIN 3 1 12 15 -3.527 -1.225 4.589
SPIN 2 1 12 0 5.047 -3.084 -0.140
SPIN 2 1 12 1 -2.033 -5.513 -0.688
SPIN 2 1 12 2 3.399 4.537 1.691
SPIN 2 1 12 3 -0.381 -5.901 -0.167
SPIN 2 1 12 4 -1.445 -3.235 4.737
SPIN 2 1 12 5 4.359 0.528 -3.964
SPIN 2 1 12 6 0.712 5.803 -0.904
SPIN 2 1 12 7 -2.067 -4.942 2.510
SPIN 2 1 12 8 5.092 2.931 0.696
SPIN 2 1 12 9 -4.802 2.315 -2.566
SPIN 2 1 12 10 1.947 -2.147 5.157
SPIN 2 1 12 11 -1.148 -2.820 -5.073
SPIN 2 1 12 12 0.017 1.383 -5.752
SPIN 2 1 12 13 1.222 -4.761 3.292
SPIN 2 1 12 14 -0.527 5.190 2.790
SPIN 2 1 12 15 -2.842 0.615 5.152
SPIN 3 1 13 0 -0.916 -5.509 -1.951
SPIN 3 1 13 1 -3.503 4.588 -1.296
SPIN 3 1 13 2 5.174 -1.824 -2.215
SPIN 3 1 13 3 3.357 -1.485 -4.640
SPIN 3 1 13 4 -3.426 -2.536 4.102
SPIN 3 1 13 5 5.757 0.864 -1.056
SPIN 3 1 13 6 3.473 -4.595 1.351
SPIN 3 1 13 7 -4.366 3.895 0.877
SPIN 3 1 13 8 -2.885 -4.776 1.965
SPIN 3 1 13 9 3.796 -3.777 2.516
SPIN 3 1 13 10 5.026 1.242 2.863
SPIN 3 1 13 11 -5.066 -1.191 -2.815
SPIN 3 1 13 12 3.798 2.449 -3.818
SPIN 3 1 13 13 -4.000 -2.069 -3.837
SPIN 3 1 13 14 -1.264 5.280 -2.349
SPIN 3 1 13 15 -2.580 5.082 1.587
SPIN 2 1 13 0 -0.964 5.357 -2.318
SPIN 2 1 13 1 -0.295 -1.317 5.760
SPIN 2 1 13 2 -3.509 -4.649 -1.037
SPIN 2 1 13 3 5.761 -1.025 0.875
SPIN 2 1 13 4 -0.675 -3.356 4.825
SPIN 2 1 13 5 -4.043 -3.827 2.003
SPIN 2 1 13 6 0.722 -3.265 4.881
SPIN 2 1 13 7 1.456 5.116 2.589
SPIN 2 1 13 8 -1.309 -0.923 -5.695
SPIN 2 1 13 9 -2.773 3.330 4.027
SPIN 2 1 13 10 -1.393 -5.086 -2.682
SPIN 2 1 13 11 4.862 1.519 -3.009
SPIN 2 1 13 12 2.127 0.963 5.436
SPIN 2 1 13 13 -2.914 3.608 -3.672
SPIN 2 1 13 14 -3.182 -4.289 2.546
SPIN 2 1 13 15 -0.804 3.010 -5.029
SPIN 3 1 14 0 -5.226 2.678 -0.721
SPIN 3 1 14 1 2.953 -4.504 2.447
SPIN 3 1 14 2 -4.576 3.653 -0.844
SPIN 3 1 14 3 0.532 2.668 5.253
SPIN 3 1 14 4 -5.061 0.775 2.963
SPIN 3 1 14 5 5.371 -1.553 1.933
SPIN 3 1 14 6 -4.984 -3.149 -0.489
SPIN 3 1 14 7 0.903 -5.830 -0.446
SPIN 3 1 14 8 -3.292 2.952 -3.931
SPIN 3 1 14 9 -0.778 5.710 1.337
SPIN 3 1 14 10 -0.922 4.097 4.167
SPIN 3 1 14 11 4.948 -2.981 1.275
SPIN 3 1 14 12 -4.625 -3.452 -1.300
SPIN 3 1 14 13 1.431 5.704 0.644
SPIN 3 1 14 14 1.897 -4.902 2.714
SPIN 3 1 14 15 5.911 0.207 0.143
SPIN 2 1 14 0 -1.090 -3.276 -4.804
SPIN 2 1 14 1 -5.216 -2.775 0.304
SPIN 2 1 14 2 2.283 5.168 1.754
SPIN 2 1 14 3 0.322 -3.395 -4.834
SPIN 2 1 14 4 4.328 2.459 3.196
SPIN 2 1 14 5 2.508 2.765 -4.590
SPIN 2 1 14 6 -1.696 -5.513 -1.316
SPIN 2 1 14 7 -1.541 4.459 3.569
SPIN 2 1 14 8 -2.161 -1.371 -5.334
SPIN 2 1 14 9 -1.047 -5.735 1.007
SPIN 2 1 14 10 -0.069 5.484 -2.219
SPIN 2 1 14 11 0.078 0.258 5.910
SPIN 2 1 14 12 -2.071 -3.852 -3.984
SPIN 2 1 14 13 0.530 5.833 -0.832
SPIN 2 1 14 14 1.498 5.658 -0.859
SPIN 2 1 14 15 -4.227 -3.784 -1.677
SPIN 3 1 15 0 -5.442 0.165 -2.315
SPIN 3 1 15 1 4.713 3.455 -0.925
SPIN 3 1 15 2 1.790 3.796 -4.170
SPIN 3 1 15 3 4.833 -0.416 -3.387
SPIN 3 1 15 4 0.086 -5.615 -1.861
SPIN 3 1 15 5 2.139 3.451 -4.303
SPIN 3 1 15 6 -0.611 -1.865 -5.581
SPIN 3 1 15 7 4.028 3.479 2.583
SPIN 3 1 15 8 -4.040 -2.671 3.398
SPIN 3 1 15 9 -1.365 -4.509 3.578
SPIN 3 1 15 10 -1.516 -5.150 2.485
SPIN 3 1 15 11 -3.986 3.450 2.684
SPIN 3 1 15 12 1.222 -3.548 -4.574
SPIN 3 1 15 13 -4.301 -1.482 -3.782
SPIN 3 1 15 14 -1.387 -2.393 5.230
SPIN 3 1 15 15 5.289 -0.153 2.647
SPIN 2 1 15 0 5.171 2.875 0.004
SPIN 2 1 15 1 -1.740 -1.669 5.403
SPIN 2 1 15 2 -4.909 -2.244 2.422
SPIN 2 1 15 3 0.803 5.260 2.587
SPIN 2 1 15 4 4.303 3.994 -0.733
SPIN 2 1 15 5 -1.581 -5.647 0.782
SPIN 2 1 15 6 -4.907 -3.305 0.036
SPIN 2 1 15 7 5.790 0.204 1.198
SPIN 2 1 15 8 0.504 2.691 5.245
SPIN 2 1 15 9 1.978 5.427 -1.280
SPIN 2 1 15 10 4.706 3.410 -1.109
SPIN 2 1 15 11 2.379 -3.739 -3.919
SPIN 2 1 15 12 2.321 0.517 5.417
SPIN 2 1 15 13 -0.510 5.114 2.931
SPIN 2 1 15 14 4.325 -1.407 -3.783
SPIN 2 1 15 15 -4.591 3.666 0.692
SPIN 1 2 0 0 1.485 5.191 -2.419
SPIN 1 2 0 1 -4.792 -2.793 2.056
SPIN 1 2 0 2 4.451 -3.892 0.200
SPIN 1 2 0 3 -5.783 -0.444 -1.168
SPIN 1 2 0 4 -3.007 4.678 -2.019
SPIN 1 2 0 5 -4.085 3.740 -2.080
SPIN 1 2 0 6 3.374 4.427 2.006
SPIN 1 2 0 7 0.115 -4.005 -4.353
SPIN 1 2 0 8 -2.276 -1.870 5.130
SPIN 1 2 0 9 3.887 4.441 -0.410
SPIN 1 2 0 10 1.704 0.579 5.636
SPIN 1 2 0 11 -1.656 1.057 -5.580
SPIN 1 2 0 12 4.492 -3.778 -0.738
SPIN 1 2 0 13 4.204 1.000 4.041
SPIN 1 2 0 14 3.997 -0.154 -4.359
SPIN 1 2 0 15 -0.184 -4.698 3.591
SPIN 4 2 0 0 1.113 0.684 5.770
SPIN 4 2 0 1 -2.496 -4.081 3.481
SPIN 4 2 0 2 0.810 -5.564 1.839
SPIN 4 2 0 3 -5.067 3.027 -0.400
SPIN 4 2 0 4 0.862 -4.361 -3.904
SPIN 4 2 0 5 1.120 4.110 4.105
SPIN 4 2 0 6 -2.896 -3.179 4.063
SPIN 4 2 0 7 5.377 -1.265 2.118
SPIN 4 2 0 8 4.650 2.041 -3.035
SPIN 4 2 0 9 1.056 4.624 3.536
SPIN 4 2 0 10 -0.071 -4.995 -3.170
SPIN 4 2 0 11 -1.995 -2.996 -4.695
SPIN 4 2 0 12 -3.783 -4.019 2.130
SPIN 4 2 0 13 4.435 0.035 -3.915
SPIN 4 2 0 14 2.462 4.057 -3.532
SPIN 4 2 0 15 -1.910 -3.452 -4.409
SPIN 1 2 1 0 3.074 -0.837 4.985
SPIN 1 2 1 1 -3.770 4.549 0.308
SPIN 1 2 1 2 4.837 -2.504 -2.309
SPIN 1 2 1 3 0.935 5.447 -2.110
SPIN 1 2 1 4 1.708 -3.995 4.015
SPIN 1 2 1 5 3.672 1.783 -4.282
SPIN 1 2 1 6 -5.231 -0.485 -2.721
SPIN 1 2 1 7 3.577 3.438 3.223
SPIN 1 2 1 8 4.824 1.493 3.082
SPIN 1 2 1 9 -2.214 -5.486 0.003
SPIN 1 2 1 10 3.769 4.263 -1.618
SPIN 1 2 1 11 3.440 0.079 4.813
SPIN 1 2 1 12 -5.736 -0.976 1.069
SPIN 1 2 1 13 -2.134 -0.503 -5.495
SPIN 1 2 1 14 -2.437 1.754 5.098
SPIN 1 2 1 15 1.580 -3.722 -4.319
SPIN 4 2 1 0 -4.548 1.951 3.241
SPIN 4 2 1 1 -2.088 4.841 -2.684
SPIN 4 2 1 2 -4.119 2.050 -3.719
SPIN 4 2 1 3 5.502 -2.166 -0.204
SPIN 4 2 1 4 -5.117 1.887 -2.293
SPIN 4 2 1 5 -0.616 -5.864 -0.486
SPIN 4 2 1 6 4.828 1.141 3.223
SPIN 4 2 1 7 -3.516 -4.730 -0.520
SPIN 4 2 1 8 0.022 4.138 -4.228
SPIN 4 2 1 9 0.314 5.654 1.712
SPIN 4 2 1 10 -5.127 -2.541 -1.504
SPIN 4 2 1 11 -4.676 0.064 3.624
SPIN 4 2 1 12 0.346 -4.001 -4.344
SPIN 4 2 1 13 -2.155 1.828 5.197
SPIN 4 2 1 14 -1.032 4.875 3.189
SPIN 4 2 1 15 0.130 -5.300 -2.626
SPIN 1 2 2 0 -2.323 1.902 -5.098
SPIN 1 2 2 1 2.028 4.764 -2.862
SPIN 1 2 2 2 4.596 -0.930 -3.608
SPIN 1 2 2 3 -5.634 1.794 -0.208
SPIN 1 2 2 4 5.580 0.611 -1.869
SPIN 1 2 2 5 2.929 -0.475 5.118
SPIN 1 2 2 6 -0.224 4.507 3.825
SPIN 1 2 2 7 -5.380 1.775 1.706
SPIN 1 2 2 8 -1.111 -2.572 -5.211
SPIN 1 2 2 9 -3.615 1.607 4.399
SPIN 1 2 2 10 -4.967 -1.690 -2.733
SPIN 1 2 2 11 0.149 1.100 5.811
SPIN 1 2 2 12 2.892 -1.848 4.819
SPIN 1 2 2 13 -4.972 1.485 2.842
SPIN 1 2 2 14 2.134 -3.782 -4.018
SPIN 1 2 2 15 5.266 -1.808 2.001
SPIN 4 2 2 0 -0.409 -3.272 4.912
SPIN 4 2 2 1 -4.136 -1.175 4.063
SPIN 4 2 2 2 4.448 -2.892 2.618
SPIN 4 2 2 3 -5.878 0.020 0.670
SPIN 4 2 2 4 2.428 -1.418 5.205
SPIN 4 2 2 5 -2.214 4.396 3.282
SPIN 4 2 2 6 -5.324 0.739 -2.472
SPIN 4 2 2 7 2.767 -4.696 -2.300
SPIN 4 2 2 8 -2.001 -4.895 -2.653
SPIN 4 2 2 9 -2.496 3.731 3.853
SPIN 4 2 2 10 3.339 2.459 -4.220
SPIN 4 2 2 11 -4.811 3.118 -1.460
SPIN 4 2 2 12 2.178 -4.099 3.668
SPIN 4 2 2 13 -1.535 -4.234 -3.836
SPIN 4 2 2 14 -3.802 -4.429 0.967
SPIN 4 2 2 15 4.403 3.242 2.260
SPIN 1 2 3 0 2.861 -5.162 0.413
SPIN 1 2 3 1 4.380 0.731 -3.909
SPIN 1 2 3 2 -2.746 3.384 -4.001
SPIN 1 2 3 3 0.938 5.586 1.706
SPIN 1 2 3 4 1.014 1.602 5.604
SPIN 1 2 3 5 0.088 5.901 -0.414
SPIN 1 2 3 6 5.316 -1.163 -2.321
SPIN 1 2 3 7 0.376 3.742 -4.567
SPIN 1 2 3 8 3.385 4.737 -1.050
SPIN 1 2 3 9 -2.909 4.416 2.652
SPIN 1 2 3 10 4.566 1.025 -3.619
SPIN 1 2 3 11 2.843 3.395 -3.923
SPIN 1 2 3 12 0.161 -1.442 -5.735
SPIN 1 2 3 13 3.383 -4.377 2.098
SPIN 1 2 3 14 3.353 3.175 3.699
SPIN 1 2 3 15 0.081 -3.281 4.922
SPIN 4 2 3 0 4.223 1.209 3.963
SPIN 4 2 3 1 2.300 4.751 -2.671
SPIN 4 2 3 2 -2.714 -0.346 5.245
SPIN 4 2 3 3 4.681 -3.515 0.858
SPIN 4 2 3 4 -3.347 3.492 3.407
SPIN 4 2 3 5 3.038 -4.580 2.190
SPIN 4 2 3 6 5.866 0.747 -0.193
SPIN 4 2 3 7 -3.580 -2.375 4.067
SPIN 4 2 3 8 4.214 -3.870 -1.505
SPIN 4 2 3 9 -2.220 -3.919 3.836
SPIN 4 2 3 10 1.781 -0.938 -5.563
SPIN 4 2 3 11 3.371 2.098 4.386
SPIN 4 2 3 12 3.105 -4.391 2.465
SPIN 4 2 3 13 1.969 4.932 2.607
SPIN 4 2 3 14 -1.894 -4.031 -3.894
SPIN 4 2 3 15 -4.507 3.787 -0.587
SPIN 1 2 4 0 3.258 4.886 0.718
SPIN 1 2 4 1 -2.608 -5.310 0.080
SPIN 1 2 4 2 -2.259 5.134 1.881
SPIN 1 2 4 3 5.237 2.616 0.854
SPIN 1 2 4 4 -2.653 -3.395 -4.054
SPIN 1 2 4 5 -0.488 -5.576 1.915
SPIN 1 2 4 6 -5.637 1.761 -0.345
SPIN 1 2 4 7 -5.630 -1.818 -0.049
SPIN 1 2 4 8 -1.242 2.383 5.271
SPIN 1 2 4 9 -5.087 -1.828 2.405
SPIN 1 2 4 10 -3.514 -4.451 -1.684
SPIN 1 2 4 11 4.772 2.185 2.729
SPIN 1 2 4 12 -2.558 1.742 -5.042
SPIN 1 2 4 13 0.634 4.562 -3.713
SPIN 1 2 4 14 -1.790 5.431 -1.515
SPIN 1 2 4 15 1.434 -1.507 5.538
SPIN 4 2 4 0 -4.942 -0.856 3.138
SPIN 4 2 4 1 -1.072 -4.633 -3.519
SPIN 4 2 4 2 4.135 -3.907 1.625
SPIN 4 2 4 3 2.345 5.400 0.587
SPIN 4 2 4 4 4.534 -3.524 -1.420
SPIN 4 2 4 5 -4.835 3.366 -0.542
SPIN 4 2 4 6 5.331 0.198 2.557
SPIN 4 2 4 7 -5.008 2.507 1.908
SPIN 4 2 4 8 -0.174 -4.478 -3.863
SPIN 4 2 4 9 -5.632 -0.225 -1.798
SPIN 4 2 4 10 3.873 1.513 -4.209
SPIN 4 2 4 11 -0.901 -4.396 -3.855
SPIN 4 2 4 12 -0.438 0.955 5.822
SPIN 4 2 4 13 -4.644 -3.458 -1.216
SPIN 4 2 4 14 3.244 2.328 4.366
SPIN 4 2 4 15 2.457 -4.292 -3.247
SPIN 1 2 5 0 -3.317 -4.413 -2.128
SPIN 1 2 5 1 1.052 0.648 -5.786
SPIN 1 2 5 2 3.661 -1.306 -4.460
SPIN 1 2 5 3 -4.552 -2.424 -2.899
SPIN 1 2 5 4 4.331 3.563 1.883
SPIN 1 2 5 5 -0.315 -5.908 -0.017
SPIN 1 2 5 6 -0.227 5.681 -1.634
SPIN 1 2 5 7 4.489 2.444 -2.979
SPIN 1 2 5 8 -2.651 4.380 2.965
SPIN 1 2 5 9 -0.844 -3.273 -4.855
SPIN 1 2 5 10 3.408 3.296 3.538
SPIN 1 2 5 11 -2.878 0.331 5.158
SPIN 1 2 5 12 -2.962 -1.682 -4.837
SPIN 1 2 5 13 0.118 3.332 -4.887
SPIN 1 2 5 14 2.510 4.902 -2.160
SPIN 1 2 5 15 -1.637 5.384 -1.825
SPIN 4 2 5 0 2.074 -5.397 -1.256
SPIN 4 2 5 1 3.151 -0.113 5.006
SPIN 4 2 5 2 -1.970 -5.265 1.844
SPIN 4 2 5 3 0.753 -5.280 -2.559
SPIN 4 2 5 4 -3.905 0.844 4.364
SPIN 4 2 5 5 -5.566 1.931 -0.536
SPIN 4 2 5 6 5.055 -0.207 -3.066
SPIN 4 2 5 7 0.108 4.353 -4.005
SPIN 4 2 5 8 3.000 4.853 -1.566
SPIN 4 2 5 9 3.983 -1.974 3.904
SPIN 4 2 5 10 3.614 -4.615 -0.802
SPIN 4 2 5 11 -5.437 0.809 2.187
SPIN 4 2 5 12 4.653 3.506 -1.031
SPIN 4 2 5 13 -2.372 -5.024 2.032
SPIN 4 2 5 14 -1.435 3.418 -4.611
SPIN 4 2 5 15 3.444 -2.257 4.248
SPIN 1 2 6 0 -0.286 5.839 -0.910
SPIN 1 2 6 1 -1.520 1.472 -5.525
SPIN 1 2 6 2 -4.895 -3.296 0.412
SPIN 1 2 6 3 4.833 3.294 -0.890
SPIN 1 2 6 4 -3.167 4.572 2.016
SPIN 1 2 6 5 0.669 -4.629 3.623
SPIN 1 2 6 6 2.840 4.193 -3.058
SPIN 1 2 6 7 0.036 4.894 3.324
SPIN 1 2 6 8 4.030 3.454 -2.614
SPIN 1 2 6 9 0.539 -2.386 5.387
SPIN 1 2 6 10 -5.847 -0.667 0.602
SPIN 1 2 6 11 -1.702 -5.574 -1.018
SPIN 1 2 6 12 -2.498 3.100 -4.377
SPIN 1 2 6 13 -4.144 1.217 4.043
SPIN 1 2 6 14 -1.884 -4.491 3.359
SPIN 1 2 6 15 2.038 -1.482 -5.353
SPIN 4 2 6 0 -2.096 1.305 5.376
SPIN 4 2 6 1 -5.885 0.547 -0.269
SPIN 4 2 6 2 -1.584 -4.634 3.319
SPIN 4 2 6 3 2.233 -5.134 1.913
SPIN 4 2 6 4 5.139 1.952 2.187
SPIN 4 2 6 5 4.132 3.074 2.911
SPIN 4 2 6 6 -3.781 1.600 -4.260
SPIN 4 2 6 7 -4.621 3.408 1.428
SPIN 4 2 6 8 -1.970 0.573 -5.549
SPIN 4 2 6 9 0.205 5.904 0.324
SPIN 4 2 6 10 5.081 -0.283 3.017
SPIN 4 2 6 11 2.929 4.520 2.449
SPIN 4 2 6 12 1.019 -5.665 -1.367
SPIN 4 2 6 13 4.307 2.432 -3.246
SPIN 4 2 6 14 -2.046 0.725 5.504
SPIN 4 2 6 15 -4.046 -0.175 -4.313
SPIN 1 2 7 0 -4.249 -3.375 2.356
SPIN 1 2 7 1 3.026 5.060 -0.485
SPIN 1 2 7 2 4.493 -3.816 -0.494
SPIN 1 2 7 3 -4.973 2.717 -1.701
SPIN 1 2 7 4 -0.373 -5.420 2.341
SPIN 1 2 7 5 -4.149 1.499 3.942
SPIN 1 2 7 6 2.860 -4.600 -2.378
SPIN 1 2 7 7 -2.749 2.524 -4.591
SPIN 1 2 7 8 -3.431 3.876 2.865
SPIN 1 2 7 9 -1.706 -5.364 -1.822
SPIN 1 2 7 10 1.064 -1.714 -5.562
SPIN 1 2 7 11 -5.433 1.909 -1.358
SPIN 1 2 7 12 4.738 -3.069 1.770
SPIN 1 2 7 13 -2.484 2.981 4.466
SPIN 1 2 7 14 0.830 5.449 -2.149
SPIN 1 2 7 15 -3.137 1.415 4.812
SPIN 4 2 7 0 0.462 -3.080 5.030
SPIN 4 2 7 1 -0.446 2.535 5.327
SPIN 4 2 7 2 3.861 4.465 -0.399
SPIN 4 2 7 3 -2.609 4.059 -3.423
SPIN 4 2 7 4 2.637 5.018 -1.694
SPIN 4 2 7 5 5.702 1.295 -0.900
SPIN 4 2 7 6 -4.358 3.873 -1.007
SPIN 4 2 7 7 5.021 -2.908 1.156
SPIN 4 2 7 8 4.610 -1.607 3.341
SPIN 4 2 7 9 -1.191 5.338 -2.254
SPIN 4 2 7 10 2.529 -4.958 -2.005
SPIN 4 2 7 11 2.620 4.626 2.595
SPIN 4 2 7 12 3.803 3.837 2.411
SPIN 4 2 7 13 2.146 0.493 5.491
SPIN 4 2 7 14 4.482 -0.454 -3.834
SPIN 4 2 7 15 5.307 0.040 -2.614
SPIN 1 2 8 0 -1.197 -5.491 -1.849
SPIN 1 2 8 1 -2.203 0.306 -5.482
SPIN 1 2 8 2 -3.653 -4.471 1.291
SPIN 1 2 8 3 -2.648 -4.465 2.838
SPIN 1 2 8 4 2.353 4.031 -3.635
SPIN 1 2 8 5 -2.966 2.286 -4.580
SPIN 1 2 8 6 4.229 1.881 3.685
SPIN 1 2 8 7 1.596 -2.595 5.071
SPIN 1 2 8 8 4.808 -3.118 1.472
SPIN 1 2 8 9 0.493 0.434 5.880
SPIN 1 2 8 10 5.337 -2.427 -0.792
SPIN 1 2 8 11 4.451 -3.883 -0.327
SPIN 1 2 8 12 -5.808 -1.043 0.418
SPIN 1 2 8 13 -3.658 2.788 3.721
SPIN 1 2 8 14 0.183 -3.605 4.687
SPIN 1 2 8 15 2.691 -3.050 4.296
SPIN 4 2 8 0 -3.170 0.941 4.906
SPIN 4 2 8 1 4.904 0.980 -3.161
SPIN 4 2 8 2 -2.182 -3.544 4.204
SPIN 4 2 8 3 -2.914 0.266 5.142
SPIN 4 2 8 4 3.907 -2.185 -3.868
SPIN 4 2 8 5 -1.142 0.045 5.805
SPIN 4 2 8 6 -3.371 1.817 -4.509
SPIN 4 2 8 7 0.158 1.614 -5.689
SPIN 4 2 8 8 -2.348 -3.712 3.964
SPIN 4 2 8 9 -4.762 -3.131 1.586
SPIN 4 2 8 10 4.032 -0.781 4.259
SPIN 4 2 8 11 5.074 -0.885 2.910
SPIN 4 2 8 12 -3.768 3.816 -2.498
SPIN 4 2 8 13 3.154 -4.492 -2.208
SPIN 4 2 8 14 -4.964 2.284 2.267
SPIN 4 2 8 15 5.320 0.612 2.514
SPIN 1 2 9 0 1.701 1.475 -5.471
SPIN 1 2 9 1 -5.241 0.424 2.712
SPIN 1 2 9 2 0.271 3.944 -4.401
SPIN 1 2 9 3 -4.142 2.994 2.980
SPIN 1 2 9 4 -0.551 3.850 -4.458
SPIN 1 2 9 5 3.179 1.466 4.769
SPIN 1 2 9 6 -5.779 0.262 1.237
SPIN 1 2 9 7 5.354 -0.482 2.470
SPIN 1 2 9 8 -5.365 -2.489 0.138
SPIN 1 2 9 9 5.589 1.936 0.135
SPIN 1 2 9 10 -2.713 -1.335 -5.085
SPIN 1 2 9 11 -3.016 -4.310 2.708
SPIN 1 2 9 12 -3.061 -1.348 4.880
SPIN 1 2 9 13 1.983 5.053 -2.353
SPIN 1 2 9 14 4.068 3.530 2.447
SPIN 1 2 9 15 3.358 2.471 -4.198
SPIN 4 2 9 0 3.515 -4.566 -1.341
SPIN 4 2 9 1 -2.481 5.155 1.508
SPIN 4 2 9 2 -0.909 4.768 -3.383
SPIN 4 2 9 3 -2.358 -4.173 -3.468
SPIN 4 2 9 4 -2.692 -3.902 3.539
SPIN 4 2 9 5 4.519 0.976 -3.691
SPIN 4 2 9 6 -5.265 -1.144 2.443
SPIN 4 2 9 7 -3.873 -4.193 -1.556
SPIN 4 2 9 8 4.795 1.447 -3.149
SPIN 4 2 9 9 -1.285 -5.612 -1.360
SPIN 4 2 9 10 2.676 4.877 2.015
SPIN 4 2 9 11 -3.712 -3.442 -3.061
SPIN 4 2 9 12 3.886 2.384 3.770
SPIN 4 2 9 13 -5.248 0.146 2.728
SPIN 4 2 9 14 0.235 -5.774 -1.266
SPIN 4 2 9 15 -2.391 4.527 2.965
SPIN 1 2 10 0 0.895 4.863 3.247
SPIN 1 2 10 1 1.242 -5.782 0.149
SPIN 1 2 10 2 -5.243 0.895 2.590
SPIN 1 2 10 3 -2.179 -5.444 0.785
SPIN 1 2 10 4 5.648 -0.537 -1.678
SPIN 1 2 10 5 -3.685 3.391 3.151
SPIN 1 2 10 6 3.965 3.853 2.106
SPIN 1 2 10 7 -3.798 -4.512 0.472
SPIN 1 2 10 8 5.466 2.129 -0.772
SPIN 1 2 10 9 0.326 -1.606 5.685
SPIN 1 2 10 10 -2.534 5.338 -0.298
SPIN 1 2 10 11 -2.125 0.313 -5.512
SPIN 1 2 10 12 -5.090 1.752 2.454
SPIN 1 2 10 13 -2.071 -2.738 4.818
SPIN 1 2 10 14 -1.537 5.015 -2.737
SPIN 1 2 10 15 3.838 2.648 -3.641
SPIN 4 2 10 0 -4.083 4.186 0.898
SPIN 4 2 10 1 0.536 -5.316 2.541
SPIN 4 2 10 2 4.494 3.846 0.126
SPIN 4 2 10 3 -2.007 5.342 1.559
SPIN 4 2 10 4 -1.437 3.993 -4.122
SPIN 4 2 10 5 -1.132 2.447 5.266
SPIN 4 2 10 6 -0.187 -5.829 -0.993
SPIN 4 2 10 7 -0.781 2.242 -5.419
SPIN 4 2 10 8 -4.454 1.114 3.730
SPIN 4 2 10 9 -3.213 -4.809 1.245
SPIN 4 2 10 10 -0.186 -2.735 -5.243
SPIN 4 2 10 11 2.272 -5.195 -1.689
SPIN 4 2 10 12 -3.173 0.672 4.948
SPIN 4 2 10 13 2.363 -1.903 -5.079
SPIN 4 2 10 14 -2.461 -1.640 5.124
SPIN 4 2 10 15 3.340 -1.659 4.593
SPIN 1 2 11 0 1.451 -4.282 -3.815
SPIN 1 2 11 1 1.995 0.561 -5.541
SPIN 1 2 11 2 -0.047 -5.897 -0.467
SPIN 1 2 11 3 -2.472 4.216 -3.334
SPIN 1 2 11 4 0.100 -3.436 4.815
SPIN 1 2 11 5 4.551 -0.155 -3.777
SPIN 1 2 11 6 2.618 -1.456 5.102
SPIN 1 2 11 7 -5.502 -1.089 -1.882
SPIN 1 2 11 8 3.154 -3.936 3.092
SPIN 1 2 11 9 3.800 -0.539 4.502
SPIN 1 2 11 10 -5.131 2.536 -1.498
SPIN 1 2 11 11 4.826 -2.311 2.524
SPIN 1 2 11 12 2.200 -2.849 4.695
SPIN 1 2 11 13 -2.980 4.127 -3.014
SPIN 1 2 11 14 4.359 -1.967 -3.483
SPIN 1 2 11 15 -4.477 0.414 3.846
SPIN 4 2 11 0 -5.077 -2.031 2.258
SPIN 4 2 11 1 1.341 -5.626 -1.245
SPIN 4 2 11 2 -3.539 4.733 -0.283
SPIN 4 2 11 3 -4.648 2.886 2.251
SPIN 4 2 11 4 -0.730 3.431 4.764
SPIN 4 2 11 5 3.854 -4.046 1.943
SPIN 4 2 11 6 -2.013 4.568 -3.175
SPIN 4 2 11 7 5.619 -1.252 -1.363
SPIN 4 2 11 8 5.828 0.180 0.999
SPIN 4 2 11 9 -2.875 -0.516 -5.144
SPIN 4 2 11 10 2.179 -2.929 4.655
SPIN 4 2 11 11 2.425 -3.094 -4.421
SPIN 4 2 11 12 -2.874 3.739 -3.573
SPIN 4 2 11 13 0.745 1.510 5.671
SPIN 4 2 11 14 3.034 -0.205 -5.075
SPIN 4 2 11 15 2.368 -4.499 -3.025
SPIN 1 2 12 0 -2.134 4.424 3.297
SPIN 1 2 12 1 2.228 -0.570 -5.451
SPIN 1 2 12 2 -2.894 4.591 2.355
SPIN 1 2 12 3 -2.647 1.818 -4.969
SPIN 1 2 12 4 -1.740 3.229 -4.642
SPIN 1 2 12 5 5.143 -1.491 2.514
SPIN 1 2 12 6 -0.938 4.309 -3.944
SPIN 1 2 12 7 -2.927 -4.077 3.132
SPIN 1 2 12 8 -0.165 5.562 2.010
SPIN 1 2 12 9 0.917 4.680 -3.501
SPIN 1 2 12 10 1.619 -4.482 3.506
SPIN 1 2 12 11 1.350 4.945 2.954
SPIN 1 2 12 12 0.053 4.791 -3.471
SPIN 1 2 12 13 4.692 -3.548 0.632
SPIN 1 2 12 14 0.991 -0.164 5.830
SPIN 1 2 12 15 -0.966 4.560 -3.644
SPIN 4 2 12 0 3.132 -4.125 2.859
SPIN 4 2 12 1 -4.328 2.307 -3.308
SPIN 4 2 12 2 1.857 5.600 -0.430
SPIN 4 2 12 3 -0.839 -5.808 -0.753
SPIN 4 2 12 4 1.247 -5.770 0.387
SPIN 4 2 12 5 3.626 -4.629 0.646
SPIN 4 2 12 6 -2.517 1.359 -5.179
SPIN 4 2 12 7 1.753 2.790 -4.914
SPIN 4 2 12 8 0.408 -5.308 -2.581
SPIN 4 2 12 9 -5.769 -1.309 0.019
SPIN 4 2 12 10 -0.038 5.895 -0.494
SPIN 4 2 12 11 3.273 -4.695 1.496
SPIN 4 2 12 12 -2.165 -3.306 4.402
SPIN 4 2 12 13 -2.720 -3.368 -4.032
SPIN 4 2 12 14 0.810 -5.351 -2.391
SPIN 4 2 12 15 4.527 -2.720 2.666
SPIN 1 2 13 0 3.390 -2.036 -4.401
SPIN 1 2 13 1 -2.555 0.111 5.335
SPIN 1 2 13 2 1.046 -4.876 -3.183
SPIN 1 2 13 3 3.706 4.442 -1.237
SPIN 1 2 13 4 -3.139 -4.595 2.008
SPIN 1 2 13 5 -5.302 2.523 -0.721
SPIN 1 2 13 6 -1.134 -3.387 4.716
SPIN 1 2 13 7 3.402 -4.428 -1.954
SPIN 1 2 13 8 1.033 -5.463 2.021
SPIN 1 2 13 9 5.219 1.707 2.203
SPIN 1 2 13 10 3.144 -5.011 0.048
SPIN 1 2 13 11 -1.421 -0.313 -5.734
SPIN 1 2 13 12 -1.262 -2.268 -5.316
SPIN 1 2 13 13 -4.085 1.619 3.962
SPIN 1 2 13 14 0.063 3.849 -4.492
SPIN 1 2 13 15 -1.786 2.351 -5.127
SPIN 4 2 13 0 -2.439 1.499 -5.178
SPIN 4 2 13 1 5.353 1.845 -1.716
SPIN 4 2 13 2 -2.044 0.877 5.482
SPIN 4 2 13 3 -5.035 -3.040 0.636
SPIN 4 2 13 4 1.450 -3.837 -4.263
SPIN 4 2 13 5 -0.922 4.968 -3.077
SPIN 4 2 13 6 3.607 -1.378 -4.482
SPIN 4 2 13 7 -3.674 -4.546 0.915
SPIN 4 2 13 8 -2.855 3.313 -3.985
SPIN 4 2 13 9 5.171 -2.412 1.564
SPIN 4 2 13 10 1.641 -4.876 2.921
SPIN 4 2 13 11 1.243 2.357 5.282
SPIN 4 2 13 12 2.671 -5.049 -1.540
SPIN 4 2 13 13 5.915 -0.070 0.095
SPIN 4 2 13 14 -4.154 3.406 -2.479
SPIN 4 2 13 15 1.177 0.061 -5.797
SPIN 1 2 14 0 2.519 2.666 4.642
SPIN 1 2 14 1 -5.905 -0.169 0.320
SPIN 1 2 14 2 3.315 4.493 -1.956
SPIN 1 2 14 3 -2.931 -5.134 -0.223
SPIN 1 2 14 4 4.665 2.848 -2.263
SPIN 1 2 14 5 3.209 -4.949 0.460
SPIN 1 2 14 6 -5.340 2.512 -0.425
SPIN 1 2 14 7 3.886 -0.026 4.460
SPIN 1 2 14 8 -5.820 -0.498 0.939
SPIN 1 2 14 9 4.088 -4.276 -0.096
SPIN 1 2 14 10 -1.716 -3.177 -4.686
SPIN 1 2 14 11 4.746 -1.259 3.300
SPIN 1 2 14 12 -4.293 1.483 -3.791
SPIN 1 2 14 13 5.096 -0.212 -2.997
SPIN 1 2 14 14 -5.553 0.672 1.927
SPIN 1 2 14 15 -1.963 -5.217 1.982
SPIN 4 2 14 0 -4.053 2.812 -3.266
SPIN 4 2 14 1 -2.420 -5.308 -0.985
SPIN 4 2 14 2 -2.378 1.108 5.303
SPIN 4 2 14 3 -0.431 4.422 3.906
SPIN 4 2 14 4 2.261 5.339 1.176
SPIN 4 2 14 5 5.069 0.726 -2.962
SPIN 4 2 14 6 -2.321 5.434 -0.295
SPIN 4 2 14 7 1.940 3.937 3.967
SPIN 4 2 14 8 4.448 2.925 2.581
SPIN 4 2 14 9 -2.868 2.237 4.666
SPIN 4 2 14 10 -2.429 -1.600 -5.152
SPIN 4 2 14 11 -4.601 -1.284 -3.490
SPIN 4 2 14 12 -0.306 -2.133 5.510
SPIN 4 2 14 13 -5.263 -2.346 1.340
SPIN 4 2 14 14 -3.951 4.188 1.360
SPIN 4 2 14 15 -3.649 -4.622 -0.567
SPIN 1 2 15 0 1.249 -4.907 3.060
SPIN 1 2 15 1 2.937 5.065 0.848
SPIN 1 2 15 2 -5.159 -2.864 0.428
SPIN 1 2 15 3 5.503 -1.901 1.052
SPIN 1 2 15 4 -1.760 4.885 2.835
SPIN 1 2 15 5 -4.873 2.732 1.946
SPIN 1 2 15 6 5.656 -1.489 -0.891
SPIN 1 2 15 7 0.880 4.273 -3.996
SPIN 1 2 15 8 -4.961 -2.916 -1.374
SPIN 1 2 15 9 5.384 0.928 -2.269
SPIN 1 2 15 10 -3.117 -2.205 4.519
SPIN 1 2 15 11 -3.783 4.479 0.795
SPIN 1 2 15 12 -3.451 2.219 4.262
SPIN 1 2 15 13 1.327 -2.378 -5.252
SPIN 1 2 15 14 1.722 -3.347 4.564
SPIN 1 2 15 15 -4.509 2.887 -2.517
SPIN 4 2 15 0 0.947 1.846 5.541
SPIN 4 2 15 1 3.353 -4.519 1.827
SPIN 4 2 15 2 -5.817 0.595 -0.900
SPIN 4 2 15 3 -1.659 -5.678 -0.081
SPIN 4 2 15 4 2.204 -5.351 1.231
SPIN 4 2 15 5 -0.604 5.749 1.258
SPIN 4 2 15 6 1.467 5.731 -0.049
SPIN 4 2 15 7 -5.139 0.198 -2.923
SPIN 4 2 15 8 0.916 5.790 -0.799
SPIN 4 2 15 9 1.205 -0.792 -5.738
SPIN 4 2 15 10 0.522 -0.447 5.876
SPIN 4 2 15 11 5.635 1.261 1.289
SPIN 4 2 15 12 -4.649 -3.658 0.087
SPIN 4 2 15 13 3.052 4.178 -2.868
SPIN 4 2 15 14 5.262 -0.814 -2.578
SPIN 4 2 15 15 3.005 -1.158 -4.963
SPIN 3 2 0 0 -0.280 -5.909 -0.078
SPIN 3 2 0 1 2.090 2.198 5.079
SPIN 3 2 0 2 0.287 -5.358 -2.493
SPIN 3 2 0 3 0.862 4.953 -3.118
SPIN 3 2 0 4 -1.245 4.275 3.895
SPIN 3 2 0 5 -2.500 -4.776 -2.438
SPIN 3 2 0 6 4.064 -1.594 -3.993
SPIN 3 2 0 7 -1.211 0.752 5.742
SPIN 3 2 0 8 1.731 5.629 -0.561
SPIN 3 2 0 9 -4.397 -3.940 0.379
SPIN 3 2 0 10 2.959 -4.830 1.707
SPIN 3 2 0 11 -1.756 5.536 -1.127
SPIN 3 2 0 12 -2.547 0.611 -5.304
SPIN 3 2 0 13 -1.016 -0.832 -5.768
SPIN 3 2 0 14 -4.057 3.757 2.103
SPIN 3 2 0 15 3.823 -2.222 3.930
SPIN 2 2 0 0 -4.178 4.052 -1.060
SPIN 2 2 0 1 -0.672 -5.534 -1.980
SPIN 2 2 0 2 -1.510 0.625 -5.686
SPIN 2 2 0 3 4.179 -4.131 0.686
SPIN 2 2 0 4 -0.843 5.814 -0.698
SPIN 2 2 0 5 -2.447 -0.836 -5.321
SPIN 2 2 0 6 4.675 3.437 -1.155
SPIN 2 2 0 7 -5.510 -0.871 1.969
SPIN 2 2 0 8 5.559 -1.851 -0.820
SPIN 2 2 0 9 3.644 -4.644 0.397
SPIN 2 2 0 10 -4.401 -2.038 -3.388
SPIN 2 2 0 11 2.953 1.195 4.985
SPIN 2 2 0 12 -0.381 0.814 -5.847
SPIN 2 2 0 13 -5.154 1.259 -2.617
SPIN 2 2 0 14 -0.726 2.603 5.263
SPIN 2 2 0 15 -1.648 5.448 1.615
SPIN 3 2 1 0 -0.915 1.925 5.519
SPIN 3 2 1 1 0.535 -1.456 -5.709
SPIN 3 2 1 2 -1.502 5.441 1.771
SPIN 3 2 1 3 2.326 -2.885 4.612
SPIN 3 2 1 4 3.649 3.939 -2.483
SPIN 3 2 1 5 4.219 0.514 -4.116
SPIN 3 2 1 6 -3.831 -0.255 4.501
SPIN 3 2 1 7 -4.498 -0.763 -3.766
SPIN 3 2 1 8 -5.511 1.807 1.170
SPIN 3 2 1 9 -3.173 -3.831 3.202
SPIN 3 2 1 10 0.293 5.899 -0.343
SPIN 3 2 1 11 1.548 -5.522 -1.455
SPIN 3 2 1 12 -0.061 0.086 5.915
SPIN 3 2 1 13 3.137 4.950 -0.810
SPIN 3 2 1 14 5.151 -2.762 0.915
SPIN 3 2 1 15 4.066 1.060 -4.165
SPIN 2 2 1 0 0.604 5.885 0.036
SPIN 2 2 1 1 -1.203 1.752 -5.521
SPIN 2 2 1 2 -2.481 -5.122 1.615
SPIN 2 2 1 3 -1.468 -3.851 -4.245
SPIN 2 2 1 4 -2.500 -4.218 -3.311
SPIN 2 2 1 5 0.860 -4.845 3.284
SPIN 2 2 1 6 -5.575 1.923 -0.470
SPIN 2 2 1 7 2.374 -3.216 -4.361
SPIN 2 2 1 8 -0.227 5.832 -0.966
SPIN 2 2 1 9 -2.286 -0.739 5.406
SPIN 2 2 1 10 5.532 1.884 -0.918
SPIN 2 2 1 11 3.777 -3.498 -2.916
SPIN 2 2 1 12 5.678 1.064 -1.276
SPIN 2 2 1 13 2.391 -5.076 1.876
SPIN 2 2 1 14 2.878 -3.056 -4.169
SPIN 2 2 1 15 -1.643 -2.811 4.939
SPIN 3 2 2 0 4.592 -3.361 1.618
SPIN 3 2 2 1 1.823 5.620 0.302
SPIN 3 2 2 2 -0.328 4.847 3.376
SPIN 3 2 2 3 5.406 2.403 -0.047
SPIN 3 2 2 4 -0.843 -5.089 -2.897
SPIN 3 2 2 5 -1.463 -0.449 -5.715
SPIN 3 2 2 6 3.883 4.452 -0.323
SPIN 3 2 2 7 2.599 -4.351 3.052
SPIN 3 2 2 8 4.008 -1.108 -4.208
SPIN 3 2 2 9 -3.321 4.414 2.117
SPIN 3 2 2 10 -0.577 -1.065 -5.791
SPIN 3 2 2 11 1.511 -5.521 -1.496
SPIN 3 2 2 12 -2.627 2.447 4.702
SPIN 3 2 2 13 -2.750 -4.571 -2.559
SPIN 3 2 2 14 -2.725 5.006 -1.586
SPIN 3 2 2 15 -0.485 2.837 5.169
SPIN 2 2 2 0 -5.140 -2.851 -0.673
SPIN 2 2 2 1 -0.568 -5.565 1.927
SPIN 2 2 2 2 2.529 0.751 -5.295
SPIN 2 2 2 3 -4.888 1.502 2.975
SPIN 2 2 2 4 4.001 0.104 4.357
SPIN 2 2 2 5 -3.671 -1.515 4.385
SPIN 2 2 2 6 3.568 -4.715 -0.187
SPIN 2 2 2 7 -3.664 4.638 0.265
SPIN 2 2 2 8 5.173 2.281 1.744
SPIN 2 2 2 9 -0.540 1.291 -5.748
SPIN 2 2 2 10 2.969 -3.835 3.388
SPIN 2 2 2 11 -5.783 0.164 -1.236
SPIN 2 2 2 12 -4.922 -3.247 -0.484
SPIN 2 2 2 13 -2.852 4.035 -3.254
SPIN 2 2 2 14 -4.279 2.881 2.896
SPIN 2 2 2 15 2.817 0.610 -5.167
SPIN 3 2 3 0 3.341 4.834 -0.686
SPIN 3 2 3 1 0.096 -5.870 -0.729
SPIN 3 2 3 2 5.501 -2.121 0.492
SPIN 3 2 3 3 -2.642 3.537 3.938
SPIN 3 2 3 4 4.228 -3.538 -2.146
SPIN 3 2 3 5 -5.831 0.688 -0.730
SPIN 3 2 3 6 4.456 3.572 -1.547
SPIN 3 2 3 7 0.242 -5.728 1.460
SPIN 3 2 3 8 1.566 3.645 4.389
SPIN 3 2 3 9 2.222 1.273 -5.333
SPIN 3 2 3 10 2.652 1.696 5.009
SPIN 3 2 3 11 -3.990 4.008 1.737
SPIN 3 2 3 12 -5.290 0.347 -2.626
SPIN 3 2 3 13 0.557 5.303 2.564
SPIN 3 2 3 14 1.060 -4.054 4.176
SPIN 3 2 3 15 -4.468 3.833 -0.590
SPIN 2 2 3 0 -1.516 -5.457 1.710
SPIN 2 2 3 1 3.144 2.634 -4.263
SPIN 2 2 3 2 -2.342 -3.871 -3.812
SPIN 2 2 3 3 3.713 -0.615 -4.565
SPIN 2 2 3 4 1.641 5.029 -2.648
SPIN 2 2 3 5 4.425 -3.789 -1.033
SPIN 2 2 3 6 -0.202 5.910 0.190
SPIN 2 2 3 7 -3.474 -1.223 4.630
SPIN 2 2 3 8 -5.199 -2.455 -1.392
SPIN 2 2 3 9 -1.800 4.666 3.161
SPIN 2 2 3 10 -4.081 3.075 2.981
SPIN 2 2 3 11 3.326 -2.936 -3.914
SPIN 2 2 3 12 -0.356 4.790 -3.453
SPIN 2 2 3 13 0.510 -4.247 4.087
SPIN 2 2 3 14 -3.371 -2.484 -4.179
SPIN 2 2 3 15 5.123 -1.183 -2.712
SPIN 3 2 4 0 0.070 -5.852 0.863
SPIN 3 2 4 1 5.704 1.488 0.497
SPIN 3 2 4 2 -3.858 0.551 4.451
SPIN 3 2 4 3 3.170 0.628 -4.955
SPIN 3 2 4 4 -0.687 3.565 4.671
SPIN 3 2 4 5 -2.706 -0.439 -5.242
SPIN 3 2 4 6 2.551 -1.309 -5.175
SPIN 3 2 4 7 1.590 3.301 4.645
SPIN 3 2 4 8 -1.989 -5.397 -1.383
SPIN 3 2 4 9 0.850 5.518 1.956
SPIN 3 2 4 10 -1.896 3.680 4.226
SPIN 3 2 4 11 -4.753 -3.340 -1.120
SPIN 3 2 4 12 0.010 -2.852 5.183
SPIN 3 2 4 13 -1.972 -3.114 -4.628
SPIN 3 2 4 14 4.345 -2.329 3.270
SPIN 3 2 4 15 4.018 3.185 -2.952
SPIN 2 2 4 0 1.704 4.074 -3.937
SPIN 2 2 4 1 2.955 3.789 -3.452
SPIN 2 2 4 2 -5.031 -1.025 -2.939
SPIN 2 2 4 3 -4.831 3.392 -0.392
SPIN 2 2 4 4 -4.340 1.815 3.588
SPIN 2 2 4 5 -2.342 4.206 3.439
SPIN 2 2 4 6 -2.149 -2.803 4.746
SPIN 2 2 4 7 -1.113 5.694 -1.159
SPIN 2 2 4 8 -0.014 -2.024 -5.559
SPIN 2 2 4 9 5.111 1.273 2.693
SPIN 2 2 4 10 1.364 -4.836 -3.123
SPIN 2 2 4 11 -3.956 3.587 2.545
SPIN 2 2 4 12 4.101 4.259 -0.213
SPIN 2 2 4 13 0.297 0.983 -5.826
SPIN 2 2 4 14 3.477 -0.582 4.751
SPIN 2 2 4 15 0.753 -4.631 -3.604
SPIN 3 2 5 0 2.105 -3.863 3.955
SPIN 3 2 5 1 -4.681 0.077 3.617
SPIN 3 2 5 2 4.565 -3.284 1.838
SPIN 3 2 5 3 -4.347 3.096 2.554
SPIN 3 2 5 4 -5.212 -0.364 -2.775
SPIN 3 2 5 5 2.115 -0.313 -5.516
SPIN 3 2 5 6 0.879 -5.023 3.000
SPIN 3 2 5 7 -5.854 -0.678 0.518
SPIN 3 2 5 8 -5.428 0.275 -2.336
SPIN 3 2 5 9 -2.579 4.897 2.090
SPIN 3 2 5 10 -4.783 3.481 -0.078
SPIN 3 2 5 11 2.546 1.179 -5.208
SPIN 3 2 5 12 3.732 -2.316 3.963
SPIN 3 2 5 13 0.645 -3.659 4.604
SPIN 3 2 5 14 -2.344 5.372 -0.804
SPIN 3 2 5 15 -5.800 -0.529 1.041
SPIN 2 2 5 0 4.784 2.654 2.252
SPIN 2 2 5 1 3.772 -0.561 4.523
SPIN 2 2 5 2 0.665 -2.307 -5.407
SPIN 2 2 5 3 2.346 0.671 5.389
SPIN 2 2 5 4 1.359 3.323 -4.702
SPIN 2 2 5 5 1.397 2.527 -5.164
SPIN 2 2 5 6 -5.567 1.598 -1.204
SPIN 2 2 5 7 0.946 -5.293 -2.468
SPIN 2 2 5 8 2.597 -3.782 3.736
SPIN 2 2 5 9 4.919 -3.198 0.761
SPIN 2 2 5 10 1.092 0.718 -5.770
SPIN 2 2 5 11 -1.006 -5.043 2.925
SPIN 2 2 5 12 -0.152 1.271 -5.776
SPIN 2 2 5 13 -0.989 -0.298 5.825
SPIN 2 2 5 14 -1.576 5.694 0.300
SPIN 2 2 5 15 3.094 4.337 2.572
SPIN 3 2 6 0 -5.420 -2.330 -0.442
SPIN 3 2 6 1 -2.505 -5.025 1.863
SPIN 3 2 6 2 0.977 5.093 -2.847
SPIN 3 2 6 3 -3.277 -2.578 -4.197
SPIN 3 2 6 4 1.361 -5.731 0.548
SPIN 3 2 6 5 3.834 -1.790 -4.135
SPIN 3 2 6 6 -5.262 -2.578 0.814
SPIN 3 2 6 7 -0.290 -5.804 1.109
SPIN 3 2 6 8 1.548 -0.122 5.709
SPIN 3 2 6 9 1.735 4.419 -3.531
SPIN 3 2 6 10 1.721 5.644 0.427
SPIN 3 2 6 11 3.526 -2.495 4.043
SPIN 3 2 6 12 5.786 -0.691 -1.021
SPIN 3 2 6 13 0.188 5.871 -0.708
SPIN 3 2 6 14 -4.633 -1.501 -3.359
SPIN 3 2 6 15 4.271 -0.316 4.082
SPIN 2 2 6 0 -4.707 1.835 -3.077
SPIN 2 2 6 1 3.209 -3.400 -3.626
SPIN 2 2 6 2 -3.892 -1.625 4.149
SPIN 2 2 6 3 -0.611 -1.549 -5.677
SPIN 2 2 6 4 -5.640 1.082 1.420
SPIN 2 2 6 5 1.773 1.128 5.530
SPIN 2 2 6 6 5.055 0.324 -3.057
SPIN 2 2 6 7 -0.059 3.966 -4.389
SPIN 2 2 6 8 -1.022 4.372 3.852
SPIN 2 2 6 9 -5.757 -1.359 -0.110
SPIN 2 2 6 10 4.181 4.050 1.055
SPIN 2 2 6 11 0.201 1.544 -5.707
SPIN 2 2 6 12 -5.857 -0.787 0.271
SPIN 2 2 6 13 2.648 3.711 3.771
SPIN 2 2 6 14 -2.889 1.050 5.055
SPIN 2 2 6 15 3.340 -4.018 -2.775
SPIN 3 2 7 0 2.094 -0.668 -5.493
SPIN 3 2 7 1 4.402 0.433 3.929
SPIN 3 2 7 2 2.121 5.406 -1.131
SPIN 3 2 7 3 4.264 3.990 0.948
SPIN 3 2 7 4 -3.661 -0.225 -4.642
SPIN 3 2 7 5 2.134 -4.807 -2.709
SPIN 3 2 7 6 5.732 1.336 -0.603
SPIN 3 2 7 7 -2.492 -5.360 0.248
SPIN 3 2 7 8 -2.322 2.164 -4.992
SPIN 3 2 7 9 3.214 -3.351 3.666
SPIN 3 2 7 10 4.770 -3.414 0.772
SPIN 3 2 7 11 -0.745 0.802 5.814
SPIN 3 2 7 12 -4.524 3.635 -1.150
SPIN 3 2 7 13 -3.922 -1.725 -4.079
SPIN 3 2 7 14 5.773 0.269 -1.265
SPIN 3 2 7 15 1.444 -5.723 0.401
SPIN 2 2 7 0 -1.120 5.675 -1.241
SPIN 2 2 7 1 -1.876 -5.187 -2.139
SPIN 2 2 7 2 -0.409 -5.069 3.023
SPIN 2 2 7 3 -5.316 2.561 0.426
SPIN 2 2 7 4 5.502 0.342 2.148
SPIN 2 2 7 5 -3.238 -4.939 0.353
SPIN 2 2 7 6 -2.388 -5.349 0.830
SPIN 2 2 7 7 -1.130 -3.565 4.584
SPIN 2 2 7 8 -1.882 2.907 -4.797
SPIN 2 2 7 9 0.452 3.873 4.449
SPIN 2 2 7 10 -2.114 1.652 5.272
SPIN 2 2 7 11 3.425 4.821 0.149
SPIN 2 2 7 12 -2.573 4.034 -3.479
SPIN 2 2 7 13 5.544 -2.064 -0.073
SPIN 2 2 7 14 -1.077 -3.478 4.663
SPIN 2 2 7 15 -4.025 -4.331 -0.215
SPIN 3 2 8 0 -2.538 -1.103 5.229
SPIN 3 2 8 1 -5.512 2.063 0.596
SPIN 3 2 8 2 -2.677 -3.679 -3.781
SPIN 3 2 8 3 -3.563 -0.290 -4.714
SPIN 3 2 8 4 -1.366 3.189 4.792
SPIN 3 2 8 5 -5.195 -2.631 -1.044
SPIN 3 2 8 6 0.693 -4.859 -3.302
SPIN 3 2 8 7 -5.905 -0.028 -0.368
SPIN 3 2 8 8 0.659 -1.794 -5.599
SPIN 3 2 8 9 4.844 1.592 3.001
SPIN 3 2 8 10 -3.607 3.364 -3.267
SPIN 3 2 8 11 -2.823 -0.044 -5.199
SPIN 3 2 8 12 3.964 -3.636 2.463
SPIN 3 2 8 13 3.549 -4.581 -1.193
SPIN 3 2 8 14 0.411 5.496 -2.150
SPIN 3 2 8 15 4.666 3.331 1.461
SPIN 2 2 8 0 -1.838 -5.620 0.200
SPIN 2 2 8 1 2.260 4.998 -2.216
SPIN 2 2 8 2 -3.334 0.004 -4.887
SPIN 2 2 8 3 -2.465 3.130 4.374
SPIN 2 2 8 4 -2.159 -4.396 -3.318
SPIN 2 2 8 5 2.035 2.085 5.149
SPIN 2 2 8 6 -3.376 3.872 -2.935
SPIN 2 2 8 7 0.327 -1.034 5.816
SPIN 2 2 8 8 -2.407 1.059 5.300
SPIN 2 2 8 9 -3.742 3.168 -3.311
SPIN 2 2 8 10 -5.915 0.078 -0.070
SPIN 2 2 8 11 -1.492 4.888 -2.980
SPIN 2 2 8 12 -1.284 -5.452 -1.905
SPIN 2 2 8 13 4.744 -1.463 -3.217
SPIN 2 2 8 14 -5.796 -1.161 -0.233
SPIN 2 2 8 15 -0.074 5.856 -0.835
SPIN 3 2 9 0 5.433 -0.556 2.275
SPIN 3 2 9 1 1.696 -3.139 4.719
SPIN 3 2 9 2 -0.051 3.982 4.375
SPIN 3 2 9 3 -2.545 -5.297 0.681
SPIN 3 2 9 4 2.114 4.806 -2.727
SPIN 3 2 9 5 -4.594 -1.657 -3.339
SPIN 3 2 9 6 -5.433 1.526 1.776
SPIN 3 2 9 7 4.729 1.056 3.395
SPIN 3 2 9 8 -4.703 3.334 1.329
SPIN 3 2 9 9 5.720 0.300 1.480
SPIN 3 2 9 10 0.313 1.765 5.638
SPIN 3 2 9 11 2.862 -1.711 4.887
SPIN 3 2 9 12 -4.441 2.396 3.088
SPIN 3 2 9 13 4.455 -3.861 -0.492
SPIN 3 2 9 14 5.861 0.642 0.485
SPIN 3 2 9 15 -0.692 -3.134 4.970
SPIN 2 2 9 0 5.452 -2.297 0.054
SPIN 2 2 9 1 -3.991 3.757 2.227
SPIN 2 2 9 2 0.167 4.021 -4.336
SPIN 2 2 9 3 3.405 4.041 -2.661
SPIN 2 2 9 4 -1.148 -1.198 5.679
SPIN 2 2 9 5 -3.205 -2.248 -4.436
SPIN 2 2 9 6 -5.250 -1.981 -1.875
SPIN 2 2 9 7 4.644 3.441 1.264
SPIN 2 2 9 8 5.739 -1.081 0.945
SPIN 2 2 9 9 -2.056 -1.622 -5.305
SPIN 2 2 9 10 4.602 -3.697 0.393
SPIN 2 2 9 11 -4.048 -2.433 3.563
SPIN 2 2 9 12 -0.259 -1.471 -5.724
SPIN 2 2 9 13 0.504 0.802 5.840
SPIN 2 2 9 14 -5.804 -0.974 0.605
SPIN 2 2 9 15 -2.215 1.701 5.215
SPIN 3 2 10 0 -1.452 -0.971 5.652
SPIN 3 2 10 1 -1.119 -0.225 -5.805
SPIN 3 2 10 2 -0.674 -1.961 5.541
SPIN 3 2 10 3 -4.886 3.063 -1.320
SPIN 3 2 10 4 2.373 3.591 4.059
SPIN 3 2 10 5 4.807 2.989 -1.722
SPIN 3 2 10 6 3.019 4.902 1.364
SPIN 3 2 10 7 -5.563 -1.460 -1.387
SPIN 3 2 10 8 5.815 1.054 -0.265
SPIN 3 2 10 9 0.768 3.428 4.760
SPIN 3 2 10 10 0.573 5.405 2.335
SPIN 3 2 10 11 -4.767 -0.704 -3.433
SPIN 3 2 10 12 3.608 -4.625 -0.771
SPIN 3 2 10 13 -5.018 -3.094 0.500
SPIN 3 2 10 14 4.665 -2.819 -2.301
SPIN 3 2 10 15 -3.749 3.219 -3.254
SPIN 2 2 10 0 -0.670 -4.835 3.343
SPIN 2 2 10 1 -3.982 -2.665 -3.470
SPIN 2 2 10 2 -4.951 -1.705 -2.754
SPIN 2 2 10 3 -0.326 4.875 -3.335
SPIN 2 2 10 4 -3.639 -3.160 3.431
SPIN 2 2 10 5 -5.037 0.887 2.973
SPIN 2 2 10 6 3.768 -3.082 -3.362
SPIN 2 2 10 7 -1.015 5.824 0.238
SPIN 2 2 10 8 -5.731 -1.046 -1.028
SPIN 2 2 10 9 1.242 5.534 1.684
SPIN 2 2 10 10 -3.250 -4.124 2.727
SPIN 2 2 10 11 -0.336 5.805 -1.089
SPIN 2 2 10 12 -2.176 -1.268 -5.353
SPIN 2 2 10 13 -3.983 -2.025 -3.877
SPIN 2 2 10 14 5.466 -1.842 -1.315
SPIN 2 2 10 15 -5.449 1.408 1.825
SPIN 3 2 11 0 0.752 4.280 -4.015
SPIN 3 2 11 1 -2.297 5.442 0.322
SPIN 3 2 11 2 5.442 -1.575 1.703
SPIN 3 2 11 3 3.083 -0.233 -5.044
SPIN 3 2 11 4 3.955 -3.655 -2.450
SPIN 3 2 11 5 -3.696 3.161 -3.368
SPIN 3 2 11 6 -3.723 -3.919 -2.405
SPIN 3 2 11 7 2.202 5.328 -1.329
SPIN 3 2 11 8 4.596 -3.534 -1.179
SPIN 3 2 11 9 -3.419 3.701 -3.101
SPIN 3 2 11 10 -0.177 -3.624 -4.673
SPIN 3 2 11 11 -1.387 -1.239 5.616
SPIN 3 2 11 12 1.122 -2.442 -5.270
SPIN 3 2 11 13 -3.338 -0.143 4.882
SPIN 3 2 11 14 3.547 2.255 -4.163
SPIN 3 2 11 15 -2.624 3.662 -3.835
SPIN 2 2 11 0 4.971 -2.217 -2.319
SPIN 2 2 11 1 -4.379 3.187 2.381
SPIN 2 2 11 2 2.665 -0.995 -5.187
SPIN 2 2 11 3 -5.274 -0.354 2.658
SPIN 2 2 11 4 2.910 1.862 -4.803
SPIN 2 2 11 5 5.735 0.904 1.137
SPIN 2 2 11 6 2.543 -3.103 -4.348
SPIN 2 2 11 7 4.925 2.959 1.408
SPIN 2 2 11 8 -2.453 4.224 3.337
SPIN 2 2 11 9 -2.678 -0.545 -5.247
SPIN 2 2 11 10 -5.331 1.617 1.992
SPIN 2 2 11 11 2.702 4.987 -1.682
SPIN 2 2 11 12 -0.030 -2.165 -5.506
SPIN 2 2 11 13 5.011 -1.173 2.918
SPIN 2 2 11 14 3.533 4.701 -0.648
SPIN 2 2 11 15 -3.078 -4.819 1.516
SPIN 3 2 12 0 -1.230 5.229 -2.480
SPIN 3 2 12 1 3.885 -4.182 1.554
SPIN 3 2 12 2 -3.336 -4.885 0.059
SPIN 3 2 12 3 -0.432 1.034 -5.809
SPIN 3 2 12 4 3.095 -2.572 -4.336
SPIN 3 2 12 5 -3.188 0.661 4.940
SPIN 3 2 12 6 4.050 -3.801 -2.037
SPIN 3 2 12 7 -4.724 -0.146 -3.558
SPIN 3 2 12 8 1.620 -3.656 -4.360
SPIN 3 2 12 9 3.292 -2.518 -4.222
SPIN 3 2 12 10 0.646 -5.593 1.817
SPIN 3 2 12 11 1.927 0.495 -5.571
SPIN 3 2 12 12 -3.448 -2.521 4.094
SPIN 3 2 12 13 4.002 -0.129 -4.356
SPIN 3 2 12 14 1.978 -0.729 5.528
SPIN 3 2 12 15 -3.139 4.825 -1.366
SPIN 2 2 12 0 0.940 5.720 -1.184
SPIN 2 2 12 1 0.628 3.132 -4.980
SPIN 2 2 12 2 4.450 3.763 -1.022
SPIN 2 2 12 3 -0.498 -0.239 -5.890
SPIN 2 2 12 4 3.402 3.467 3.378
SPIN 2 2 12 5 0.606 -1.978 -5.543
SPIN 2 2 12 6 -3.749 3.056 -3.407
SPIN 2 2 12 7 1.431 2.063 5.357
SPIN 2 2 12 8 -2.933 2.068 4.704
SPIN 2 2 12 9 1.437 4.791 3.159
SPIN 2 2 12 10 3.895 4.116 -1.699
SPIN 2 2 12 11 -4.281 1.074 3.939
SPIN 2 2 12 12 -3.552 4.675 0.729
SPIN 2 2 12 13 3.206 2.776 -4.125
SPIN 2 2 12 14 -5.222 1.910 2.020
SPIN 2 2 12 15 -2.997 -0.088 -5.100
SPIN 3 2 13 0 -4.124 0.698 -4.184
SPIN 3 2 13 1 -2.926 -4.615 2.267
SPIN 3 2 13 2 -5.134 1.345 2.615
SPIN 3 2 13 3 -0.568 -3.824 4.478
SPIN 3 2 13 4 -4.268 2.823 2.969
SPIN 3 2 13 5 4.601 1.999 3.135
SPIN 3 2 13 6 -5.379 2.126 1.244
SPIN 3 2 13 7 4.386 3.598 1.681
SPIN 3 2 13 8 3.278 3.660 -3.295
SPIN 3 2 13 9 -2.429 3.940 -3.685
SPIN 3 2 13 10 5.802 1.157 -0.008
SPIN 3 2 13 11 1.131 0.249 5.802
SPIN 3 2 13 12 -5.840 0.137 -0.933
SPIN 3 2 13 13 3.173 2.432 4.361
SPIN 3 2 13 14 2.115 0.473 5.505
SPIN 3 2 13 15 0.458 -5.712 -1.469
SPIN 2 2 13 0 -1.200 -0.888 5.725
SPIN 2 2 13 1 1.836 5.383 1.628
SPIN 2 2 13 2 0.896 -4.093 -4.177
SPIN 2 2 13 3 2.160 5.490 0.445
SPIN 2 2 13 4 -2.704 1.690 -4.983
SPIN 2 2 13 5 1.992 -1.037 5.473
SPIN 2 2 13 6 -3.903 -0.903 4.353
SPIN 2 2 13 7 -2.403 -3.115 -4.419
SPIN 2 2 13 8 2.673 1.790 4.965
SPIN 2 2 13 9 -2.719 -4.271 3.060
SPIN 2 2 13 10 -5.338 -0.111 2.547
SPIN 2 2 13 11 -5.089 0.513 -2.973
SPIN 2 2 13 12 2.373 5.383 0.629
SPIN 2 2 13 13 2.406 4.878 2.326
SPIN 2 2 13 14 -3.853 4.059 -1.918
SPIN 2 2 13 15 -3.976 -3.085 3.111
SPIN 3 2 14 0 4.650 -2.942 2.175
SPIN 3 2 14 1 -5.261 2.597 -0.758
SPIN 3 2 14 2 -1.581 5.015 2.711
SPIN 3 2 14 3 -2.769 -5.190 0.631
SPIN 3 2 14 4 -5.712 -1.529 -0.174
SPIN 3 2 14 5 0.718 -5.856 0.437
SPIN 3 2 14 6 2.165 -1.190 -5.375
SPIN 3 2 14 7 -3.364 -4.146 -2.549
SPIN 3 2 14 8 1.492 -3.479 4.547
SPIN 3 2 14 9 0.161 -5.277 2.669
SPIN 3 2 14 10 5.610 1.281 -1.375
SPIN 3 2 14 11 3.317 -3.598 3.325
SPIN 3 2 14 12 3.646 2.497 -3.934
SPIN 3 2 14 13 0.554 -4.981 3.144
SPIN 3 2 14 14 1.780 1.562 -5.421
SPIN 3 2 14 15 2.182 4.231 -3.512
SPIN 2 2 14 0 5.242 2.463 -1.206
SPIN 2 2 14 1 -5.679 1.573 0.520
SPIN 2 2 14 2 -0.804 -2.706 5.199
SPIN 2 2 14 3 0.431 -5.899 0.129
SPIN 2 2 14 4 4.146 3.268 -2.671
SPIN 2 2 14 5 -1.463 1.501 5.532
SPIN 2 2 14 6 2.899 5.152 -0.235
SPIN 2 2 14 7 -3.281 1.808 -4.579
SPIN 2 2 14 8 5.310 -1.635 2.032
SPIN 2 2 14 9 3.547 0.427 -4.715
SPIN 2 2 14 10 2.020 0.730 5.512
SPIN 2 2 14 11 -0.429 5.502 2.131
SPIN 2 2 14 12 2.444 -5.313 0.895
SPIN 2 2 14 13 2.235 5.364 -1.112
SPIN 2 2 14 14 -1.761 -5.566 -0.958
SPIN 2 2 14 15 1.978 -2.689 -4.884
SPIN 3 2 15 0 1.456 -3.329 -4.668
SPIN 3 2 15 1 -1.475 -4.102 -4.000
SPIN 3 2 15 2 2.791 -1.591 4.968
SPIN 3 2 15 3 -4.426 2.918 -2.627
SPIN 3 2 15 4 4.164 -3.924 -1.504
SPIN 3 2 15 5 -2.344 -2.171 -4.979
SPIN 3 2 15 6 -2.612 -3.525 3.969
SPIN 3 2 15 7 -1.447 5.211 2.398
SPIN 3 2 15 8 -5.801 -1.147 -0.173
SPIN 3 2 15 9 0.730 4.387 3.902
SPIN 3 2 15 10 -2.810 -2.574 4.525
SPIN 3 2 15 11 -0.578 -4.231 4.095
SPIN 3 2 15 12 -1.930 3.879 4.028
SPIN 3 2 15 13 -1.539 0.552 5.686
SPIN 3 2 15 14 -5.096 0.244 2.996
SPIN 3 2 15 15 -5.487 -2.149 -0.528
SPIN 2 2 15 0 0.973 2.073 5.455
SPIN 2 2 15 1 -4.680 2.920 -2.139
SPIN 2 2 15 2 5.392 -2.366 -0.576
SPIN 2 2 15 3 -3.079 3.926 -3.179
SPIN 2 2 15 4 1.805 -0.505 5.611
SPIN 2 2 15 5 5.174 0.821 -2.749
SPIN 2 2 15 6 -0.782 1.944 5.533
SPIN 2 2 15 7 3.137 -3.806 -3.267
SPIN 2 2 15 8 0.689 5.423 -2.261
SPIN 2 2 15 9 -0.657 -2.864 5.135
SPIN 2 2 15 10 1.835 3.078 -4.707
SPIN 2 2 15 11 4.614 -3.504 -1.197
SPIN 2 2 15 12 -4.478 3.529 -1.580
SPIN 2 2 15 13 -1.651 3.037 -4.801
SPIN 2 2 15 14 4.852 -2.578 2.194
SPIN 2 2 15 15 -5.401 0.420 -2.377
SPIN 1 3 0 0 1.115 -2.611 5.191
SPIN 1 3 0 1 -5.243 0.595 2.675
SPIN 1 3 0 2 -2.619 -1.293 -5.144
SPIN 1 3 0 3 -1.942 1.838 5.277
SPIN 1 3 0 4 1.219 -5.264 2.409
SPIN 1 3 0 5 -4.134 3.199 2.770
SPIN 1 3 0 6 0.002 -3.050 -5.069
SPIN 1 3 0 7 2.653 1.695 -5.008
SPIN 1 3 0 8 1.004 -5.745 -0.991
SPIN 1 3 0 9 -3.671 -4.614 -0.482
SPIN 1 3 0 10 -3.926 -0.656 4.377
SPIN 1 3 0 11 -1.680 -0.205 -5.669
SPIN 1 3 0 12 2.167 -4.960 -2.388
SPIN 1 3 0 13 1.912 -5.178 -2.129
SPIN 1 3 0 14 -1.439 -5.459 -1.768
SPIN 1 3 0 15 4.101 -4.099 1.176
SPIN 4 3 0 0 -3.928 1.632 -4.111
SPIN 4 3 0 1 -1.645 -0.096 5.682
SPIN 4 3 0 2 0.417 -0.591 5.872
SPIN 4 3 0 3 5.460 2.257 0.312
SPIN 4 3 0 4 1.200 -1.027 5.701
SPIN 4 3 0 5 4.484 -0.183 -3.855
SPIN 4 3 0 6 -1.503 -4.825 -3.075
SPIN 4 3 0 7 -4.539 2.811 2.549
SPIN 4 3 0 8 2.899 4.943 1.470
SPIN 4 3 0 9 -1.752 5.224 -2.154
SPIN 4 3 0 10 4.008 4.349 -0.128
SPIN 4 3 0 11 0.899 -3.908 4.350
SPIN 4 3 0 12 4.097 -2.164 3.679
SPIN 4 3 0 13 -2.971 1.641 -4.846
SPIN 4 3 0 14 -5.829 -0.701 -0.728
SPIN 4 3 0 15 5.700 -0.711 -1.414
SPIN 1 3 1 0 -5.661 -0.512 -1.642
SPIN 1 3 1 1 -2.798 4.010 3.330
SPIN 1 3 1 2 2.385 -4.629 2.808
SPIN 1 3 1 3 -1.504 -3.715 -4.352
SPIN 1 3 1 4 -5.570 0.657 1.882
SPIN 1 3 1 5 -2.270 -1.199 -5.330
SPIN 1 3 1 6 4.025 -4.331 0.206
SPIN 1 3 1 7 5.403 2.377 0.394
SPIN 1 3 1 8 -1.061 -2.243 5.371
SPIN 1 3 1 9 -1.590 2.561 5.091
SPIN 1 3 1 10 5.636 1.798 0.065
SPIN 1 3 1 11 -2.948 1.807 4.801
SPIN 1 3 1 12 -3.572 3.974 -2.538
SPIN 1 3 1 13 0.028 -5.883 0.626
SPIN 1 3 1 14 -2.356 4.932 -2.264
SPIN 1 3 1 15 4.010 4.196 -1.145
SPIN 4 3 1 0 5.279 -1.370 -2.292
SPIN 4 3 1 1 -3.998 -3.859 2.031
SPIN 4 3 1 2 4.877 1.273 -3.097
SPIN 4 3 1 3 -1.274 -5.545 1.621
SPIN 4 3 1 4 -3.167 0.038 4.997
SPIN 4 3 1 5 -3.662 4.149 -2.091
SPIN 4 3 1 6 -1.491 -4.461 3.588
SPIN 4 3 1 7 4.398 3.635 1.563
SPIN 4 3 1 8 -4.489 -3.807 -0.596
SPIN 4 3 1 9 1.670 -5.665 0.341
SPIN 4 3 1 10 5.556 -0.900 1.822
SPIN 4 3 1 11 -0.889 4.085 4.186
SPIN 4 3 1 12 -5.436 1.425 -1.849
SPIN 4 3 1 13 5.789 -1.123 -0.470
SPIN 4 3 1 14 -5.393 2.417 -0.273
SPIN 4 3 1 15 -5.464 0.589 -2.191
SPIN 1 3 2 0 5.821 1.055 0.048
SPIN 1 3 2 1 -1.442 -5.737 -0.058
SPIN 1 3 2 2 0.866 -1.809 -5.566
SPIN 1 3 2 3 5.570 1.477 -1.340
SPIN 1 3 2 4 -3.060 -2.780 4.231
SPIN 1 3 2 5 -1.067 -1.981 -5.472
SPIN 1 3 2 6 5.884 0.609 0.064
SPIN 1 3 2 7 -3.766 -4.300 -1.527
SPIN 1 3 2 8 3.624 4.187 2.082
SPIN 1 3 2 9 3.482 -4.744 -0.605
SPIN 1 3 2 10 -0.827 4.204 4.079
SPIN 1 3 2 11 0.901 1.158 -5.731
SPIN 1 3 2 12 2.741 4.820 -2.062
SPIN 1 3 2 13 5.843 0.929 -0.006
SPIN 1 3 2 14 -2.672 4.437 -2.859
SPIN 1 3 2 15 3.529 2.272 4.169
SPIN 4 3 2 0 1.446 5.651 -0.986
SPIN 4 3 2 1 -4.252 -3.690 -1.817
SPIN 4 3 2 2 -4.955 -1.782 -2.697
SPIN 4 3 2 3 5.739 1.353 0.478
SPIN 4 3 2 4 5.693 0.505 -1.527
SPIN 4 3 2 5 0.577 -5.460 -2.203
SPIN 4 3 2 6 -2.556 5.221 1.098
SPIN 4 3 2 7 -4.623 -0.429 -3.667
SPIN 4 3 2 8 4.124 1.649 3.908
SPIN 4 3 2 9 1.541 5.685 -0.547
SPIN 4 3 2 10 2.968 2.738 4.324
SPIN 4 3 2 11 -5.500 -1.681 1.388
SPIN 4 3 2 12 -3.160 3.118 -3.911
SPIN 4 3 2 13 1.129 -4.395 3.796
SPIN 4 3 2 14 -4.394 0.154 3.958
SPIN 4 3 2 15 3.665 1.809 -4.277
SPIN 1 3 3 0 2.056 -4.311 -3.491
SPIN 1 3 3 1 -4.552 -0.409 3.757
SPIN 1 3 3 2 4.155 2.216 3.581
SPIN 1 3 3 3 -4.601 2.031 -3.116
SPIN 1 3 3 4 -4.274 -1.063 3.950
SPIN 1 3 3 5 -2.157 -5.491 -0.438
SPIN 1 3 3 6 2.464 -2.510 4.757
SPIN 1 3 3 7 4.234 1.245 -3.939
SPIN 1 3 3 8 5.805 -0.816 0.800
SPIN 1 3 3 9 -2.906 -2.867 -4.282
SPIN 1 3 3 10 -3.116 3.927 -3.142
SPIN 1 3 3 11 5.800 -0.392 -1.101
SPIN 1 3 3 12 5.818 0.737 -0.781
SPIN 1 3 3 13 -4.933 -1.362 -2.968
SPIN 1 3 3 14 1.692 1.675 -5.416
SPIN 1 3 3 15 -5.080 1.783 -2.452
SPIN 4 3 3 0 -0.187 4.999 -3.159
SPIN 4 3 3 1 0.895 -5.808 -0.683
SPIN 4 3 3 2 2.370 1.993 5.041
SPIN 4 3 3 3 -2.454 -1.073 -5.275
SPIN 4 3 3 4 1.286 -5.407 -2.028
SPIN 4 3 3 5 0.112 5.904 -0.361
SPIN 4 3 3 6 -5.691 -1.021 -1.252
SPIN 4 3 3 7 1.934 5.586 -0.234
SPIN 4 3 3 8 -4.797 3.034 -1.667
SPIN 4 3 3 9 5.554 -1.885 0.777
SPIN 4 3 3 10 -5.910 -0.010 0.265
SPIN 4 3 3 11 4.494 -3.202 2.134
SPIN 4 3 3 12 -1.366 5.743 0.391
SPIN 4 3 3 13 -5.137 1.962 2.182
SPIN 4 3 3 14 5.494 1.961 0.988
SPIN 4 3 3 15 2.987 -4.281 2.784
SPIN 1 3 4 0 -3.622 4.670 0.263
SPIN 1 3 4 1 2.704 5.261 -0.072
SPIN 1 3 4 2 0.595 -5.788 1.072
SPIN 1 3 4 3 -4.285 -1.182 3.904
SPIN 1 3 4 4 1.481 -0.674 5.688
SPIN 1 3 4 5 3.111 5.031 -0.118
SPIN 1 3 4 6 -2.962 -4.972 1.227
SPIN 1 3 4 7 0.278 5.682 -1.624
SPIN 1 3 4 8 2.026 -2.001 -5.186
SPIN 1 3 4 9 -0.999 -4.949 3.083
SPIN 1 3 4 10 0.504 3.885 -4.433
SPIN 1 3 4 11 1.044 -3.604 4.574
SPIN 1 3 4 12 -1.527 -1.745 -5.443
SPIN 1 3 4 13 -3.337 -4.718 -1.267
SPIN 1 3 4 14 3.574 2.832 -3.769
SPIN 1 3 4 15 -3.323 -4.165 -2.570
SPIN 4 3 4 0 5.350 2.425 -0.705
SPIN 4 3 4 1 -1.404 -4.221 3.900
SPIN 4 3 4 2 0.604 2.026 5.525
SPIN 4 3 4 3 -1.621 -4.887 -2.914
SPIN 4 3 4 4 -3.556 2.088 4.242
SPIN 4 3 4 5 4.196 -2.728 -3.154
SPIN 4 3 4 6 0.560 4.234 4.094
SPIN 4 3 4 7 0.829 -1.481 -5.667
SPIN 4 3 4 8 -3.790 2.719 3.639
SPIN 4 3 4 9 -5.405 -1.764 1.634
SPIN 4 3 4 10 0.444 -5.889 -0.352
SPIN 4 3 4 11 -5.135 2.933 0.170
SPIN 4 3 4 12 1.391 -4.657 3.373
SPIN 4 3 4 13 0.222 5.367 2.479
SPIN 4 3 4 14 -3.247 -4.396 -2.266
SPIN 4 3 4 15 -2.809 -1.779 4.893
SPIN 1 3 5 0 5.904 0.369 0.023
SPIN 1 3 5 1 -4.655 -1.575 -3.295
SPIN 1 3 5 2 -5.012 -3.023 0.863
SPIN 1 3 5 3 4.511 3.245 2.028
SPIN 1 3 5 4 -0.191 -1.029 -5.823
SPIN 1 3 5 5 5.400 1.732 -1.684
SPIN 1 3 5 6 -1.687 -2.583 -5.048
SPIN 1 3 5 7 -2.630 3.092 4.304
SPIN 1 3 5 8 1.180 0.055 -5.797
SPIN 1 3 5 9 2.130 3.706 -4.090
SPIN 1 3 5 10 -3.819 -3.735 -2.544
SPIN 1 3 5 11 1.050 -1.385 -5.655
SPIN 1 3 5 12 1.816 5.387 1.638
SPIN 1 3 5 13 5.026 -0.233 3.112
SPIN 1 3 5 14 -1.546 5.025 -2.714
SPIN 1 3 5 15 2.814 -5.100 1.032
SPIN 4 3 5 0 3.317 4.690 -1.414
SPIN 4 3 5 1 -2.704 5.262 0.000
SPIN 4 3 5 2 -4.523 -2.065 3.206
SPIN 4 3 5 3 1.304 -1.497 5.573
SPIN 4 3 5 4 -1.163 0.621 -5.767
SPIN 4 3 5 5 3.005 1.284 4.932
SPIN 4 3 5 6 -1.114 5.051 2.871
SPIN 4 3 5 7 2.897 -4.945 -1.466
SPIN 4 3 5 8 -5.010 -0.038 -3.146
SPIN 4 3 5 9 -3.796 -1.797 4.166
SPIN 4 3 5 10 3.306 4.076 -2.730
SPIN 4 3 5 11 -3.722 -3.486 2.999
SPIN 4 3 5 12 -5.690 -1.531 -0.529
SPIN 4 3 5 13 0.575 -0.328 -5.879
SPIN 4 3 5 14 1.183 -5.756 -0.681
SPIN 4 3 5 15 2.397 5.394 -0.404
SPIN 1 3 6 0 1.939 -5.394 1.462
SPIN 1 3 6 1 -0.773 -2.026 -5.504
SPIN 1 3 6 2 5.497 1.865 1.140
SPIN 1 3 6 3 -4.584 -1.111 -3.572
SPIN 1 3 6 4 2.062 0.536 5.519
SPIN 1 3 6 5 -4.591 -1.717 3.313
SPIN 1 3 6 6 0.733 -4.602 3.645
SPIN 1 3 6 7 2.642 1.591 -5.049
SPIN 1 3 6 8 -2.915 4.873 -1.659
SPIN 1 3 6 9 -5.730 -1.398 0.465
SPIN 1 3 6 10 3.860 -2.486 3.730
SPIN 1 3 6 11 -0.181 -0.564 -5.886
SPIN 1 3 6 12 -1.861 -3.607 4.305
SPIN 1 3 6 13 -4.804 2.262 -2.608
SPIN 1 3 6 14 0.108 -5.203 2.813
SPIN 1 3 6 15 -3.530 3.474 3.235
SPIN 4 3 6 0 4.042 1.837 -3.910
SPIN 4 3 6 1 2.946 3.495 3.756
SPIN 4 3 6 2 -1.558 0.907 -5.635
SPIN 4 3 6 3 5.126 1.218 -2.691
SPIN 4 3 6 4 2.274 2.361 4.925
SPIN 4 3 6 5 -3.741 1.717 -4.249
SPIN 4 3 6 6 4.503 2.920 2.489
SPIN 4 3 6 7 -1.868 -4.909 -2.722
SPIN 4 3 6 8 -3.268 -2.962 3.943
SPIN 4 3 6 9 -3.693 -2.665 -3.776
SPIN 4 3 6 10 -1.893 -5.449 1.312
SPIN 4 3 6 11 3.493 2.855 -3.827
SPIN 4 3 6 12 1.142 5.136 2.706
SPIN 4 3 6 13 0.449 -3.592 4.680
SPIN 4 3 6 14 3.020 3.395 -3.789
SPIN 4 3 6 15 -4.526 -3.178 2.101
SPIN 1 3 7 0 -0.155 1.635 -5.684
SPIN 1 3 7 1 -4.070 -3.026 3.046
SPIN 1 3 7 2 -2.332 4.058 -3.618
SPIN 1 3 7 3 0.193 -5.789 1.204
SPIN 1 3 7 4 -5.627 0.082 1.825
SPIN 1 3 7 5 3.194 2.568 -4.266
SPIN 1 3 7 6 0.060 4.632 3.679
SPIN 1 3 7 7 -2.141 -1.668 -5.257
SPIN 1 3 7 8 4.825 -3.254 1.063
SPIN 1 3 7 9 -0.214 4.735 -3.540
SPIN 1 3 7 10 -3.636 -2.205 -4.113
SPIN 1 3 7 11 1.104 3.143 4.889
SPIN 1 3 7 12 -0.063 -5.759 1.351
SPIN 1 3 7 13 0.629 -3.986 -4.326
SPIN 1 3 7 14 -0.202 -3.537 4.738
SPIN 1 3 7 15 -0.851 -4.373 -3.893
SPIN 4 3 7 0 -0.900 5.495 1.999
SPIN 4 3 7 1 -2.240 -4.678 2.847
SPIN 4 3 7 2 1.730 -5.577 0.952
SPIN 4 3 7 3 -1.132 -0.104 5.806
SPIN 4 3 7 4 3.374 -4.834 0.502
SPIN 4 3 7 5 5.323 2.492 0.677
SPIN 4 3 7 6 1.396 -5.749 0.015
SPIN 4 3 7 7 -0.436 4.585 -3.713
SPIN 4 3 7 8 2.146 -2.129 5.086
SPIN 4 3 7 9 4.554 -3.217 -1.976
SPIN 4 3 7 10 -1.209 5.191 -2.567
SPIN 4 3 7 11 1.647 -4.259 3.762
SPIN 4 3 7 12 3.085 -3.663 -3.474
SPIN 4 3 7 13 -3.604 3.771 -2.792
SPIN 4 3 7 14 3.235 -0.313 4.943
SPIN 4 3 7 15 0.683 -5.710 1.390
SPIN 1 3 8 0 0.460 -4.698 -3.566
SPIN 1 3 8 1 5.673 -0.499 1.603
SPIN 1 3 8 2 3.894 -0.315 4.443
SPIN 1 3 8 3 -2.383 -5.355 0.803
SPIN 1 3 8 4 2.478 -1.652 5.112
SPIN 1 3 8 5 -5.352 -2.339 -0.942
SPIN 1 3 8 6 4.966 -2.562 1.942
SPIN 1 3 8 7 0.892 -5.784 0.866
SPIN 1 3 8 8 -4.167 4.085 -0.975
SPIN 1 3 8 9 1.044 -5.665 -1.348
SPIN 1 3 8 10 1.487 3.295 4.683
SPIN 1 3 8 11 -5.306 0.831 2.482
SPIN 1 3 8 12 -2.016 4.785 2.836
SPIN 1 3 8 13 -5.213 2.572 -1.099
SPIN 1 3 8 14 -1.138 -0.079 5.805
SPIN 1 3 8 15 -1.886 5.372 -1.608
SPIN 4 3 8 0 0.584 -5.267 -2.631
SPIN 4 3 8 1 3.950 1.668 4.076
SPIN 4 3 8 2 1.358 5.526 1.617
SPIN 4 3 8 3 0.823 3.328 -4.822
SPIN 4 3 8 4 1.801 0.818 -5.576
SPIN 4 3 8 5 0.352 2.499 5.351
SPIN 4 3 8 6 4.511 -3.827 0.046
SPIN 4 3 8 7 -0.571 5.868 0.496
SPIN 4 3 8 8 -4.443 -3.381 1.958
SPIN 4 3 8 9 -5.262 2.527 -0.964
SPIN 4 3 8 10 4.000 -4.352 0.236
SPIN 4 3 8 11 0.337 5.887 -0.485
SPIN 4 3 8 12 2.380 -5.302 -1.108
SPIN 4 3 8 13 0.107 5.349 -2.526
SPIN 4 3 8 14 4.078 -3.819 -1.947
SPIN 4 3 8 15 -1.155 3.275 -4.789
SPIN 1 3 9 0 -3.928 3.841 2.195
SPIN 1 3 9 1 -3.255 -2.830 -4.050
SPIN 1 3 9 2 -4.377 -0.245 3.972
SPIN 1 3 9 3 0.670 -3.370 -4.816
SPIN 1 3 9 4 -0.361 -5.791 1.153
SPIN 1 3 9 5 -3.399 -3.352 -3.494
SPIN 1 3 9 6 3.078 -4.592 2.108
SPIN 1 3 9 7 -1.219 3.035 -4.930
SPIN 1 3 9 8 5.085 -2.986 -0.480
SPIN 1 3 9 9 3.091 4.711 1.802
SPIN 1 3 9 10 -3.936 3.157 -3.090
SPIN 1 3 9 11 3.124 -4.530 2.172
SPIN 1 3 9 12 0.060 5.356 2.513
SPIN 1 3 9 13 -0.137 -4.978 -3.193
SPIN 1 3 9 14 -1.219 2.956 4.978
SPIN 1 3 9 15 1.981 -2.901 4.760
SPIN 4 3 9 0 -3.244 0.545 4.917
SPIN 4 3 9 1 -2.016 -4.549 -3.201
SPIN 4 3 9 2 -3.876 -0.718 4.412
SPIN 4 3 9 3 5.778 0.230 -1.252
SPIN 4 3 9 4 -1.762 3.147 4.690
SPIN 4 3 9 5 -4.693 -3.590 -0.293
SPIN 4 3 9 6 -5.843 0.387 -0.844
SPIN 4 3 9 7 3.461 2.809 -3.890
SPIN 4 3 9 8 3.524 1.396 -4.542
SPIN 4 3 9 9 -1.876 -2.600 4.972
SPIN 4 3 9 10 -2.805 0.697 -5.162
SPIN 4 3 9 11 5.454 -1.348 -1.853
SPIN 4 3 9 12 -1.425 2.080 -5.352
SPIN 4 3 9 13 2.591 -5.053 1.659
SPIN 4 3 9 14 -5.332 0.737 -2.455
SPIN 4 3 9 15 2.509 4.544 -2.838
SPIN 1 3 10 0 4.944 0.903 -3.121
SPIN 1 3 10 1 -0.110 1.869 5.612
SPIN 1 3 10 2 3.372 2.850 -3.938
SPIN 1 3 10 3 2.197 4.951 2.379
SPIN 1 3 10 4 5.848 -0.742 -0.498
SPIN 1 3 10 5 -3.177 4.183 -2.722
SPIN 1 3 10 6 3.150 4.568 2.053
SPIN 1 3 10 7 -5.144 2.830 0.727
SPIN 1 3 10 8 3.063 5.032 0.540
SPIN 1 3 10 9 1.063 -5.729 1.024
SPIN 1 3 10 10 0.223 -5.429 -2.340
SPIN 1 3 10 11 4.191 -4.097 0.810
SPIN 1 3 10 12 4.180 2.925 2.995
SPIN 1 3 10 13 -5.807 -0.686 0.901
SPIN 1 3 10 14 -4.079 -0.423 4.265
SPIN 1 3 10 15 5.824 0.418 -0.952
SPIN 4 3 10 0 4.779 1.763 -3.010
SPIN 4 3 10 1 -5.370 2.450 0.404
SPIN 4 3 10 2 2.662 -4.361 -2.982
SPIN 4 3 10 3 5.166 -2.665 1.103
SPIN 4 3 10 4 -5.378 -0.902 2.293
SPIN 4 3 10 5 5.863 0.504 0.611
SPIN 4 3 10 6 0.354 -5.021 3.108
SPIN 4 3 10 7 3.890 -3.764 -2.388
SPIN 4 3 10 8 0.644 1.897 5.566
SPIN 4 3 10 9 -4.908 -0.560 -3.256
SPIN 4 3 10 10 1.191 3.829 4.350
SPIN 4 3 10 11 -5.099 -0.019 3.000
SPIN 4 3 10 12 5.365 -1.841 -1.681
SPIN 4 3 10 13 5.243 -1.138 2.494
SPIN 4 3 10 14 0.863 5.846 -0.288
SPIN 4 3 10 15 -4.838 -2.455 -2.360
SPIN 1 3 11 0 -1.237 4.402 3.754
SPIN 1 3 11 1 -0.692 -5.875 0.038
SPIN 1 3 11 2 -1.368 5.748 -0.306
SPIN 1 3 11 3 -3.176 -2.322 -4.418
SPIN 1 3 11 4 -0.513 1.477 -5.706
SPIN 1 3 11 5 -0.438 4.272 4.069
SPIN 1 3 11 6 -3.814 0.005 -4.523
SPIN 1 3 11 7 3.324 1.262 -4.729
SPIN 1 3 11 8 3.310 -4.578 -1.757
SPIN 1 3 11 9 3.013 5.036 0.749
SPIN 1 3 11 10 2.912 -5.085 -0.811
SPIN 1 3 11 11 -5.116 -0.014 -2.970
SPIN 1 3 11 12 0.547 5.286 2.599
SPIN 1 3 11 13 1.965 0.009 -5.580
SPIN 1 3 11 14 -5.672 -0.335 -1.648
SPIN 1 3 11 15 4.415 3.927 -0.294
SPIN 4 3 11 0 3.625 -4.646 -0.517
SPIN 4 3 11 1 -3.800 2.716 -3.631
SPIN 4 3 11 2 -0.644 5.315 2.517
SPIN 4 3 11 3 -3.371 3.088 3.755
SPIN 4 3 11 4 -4.168 -3.158 2.767
SPIN 4 3 11 5 1.380 0.858 -5.689
SPIN 4 3 11 6 -4.896 -1.116 3.128
SPIN 4 3 11 7 -0.338 0.500 5.885
SPIN 4 3 11 8 -3.704 4.550 -0.759
SPIN 4 3 11 9 4.701 0.929 3.470
SPIN 4 3 11 10 0.460 3.720 -4.577
SPIN 4 3 11 11 3.799 -1.802 4.162
SPIN 4 3 11 12 -2.257 5.198 1.698
SPIN 4 3 11 13 -4.126 3.799 -1.882
SPIN 4 3 11 14 -5.619 -1.774 0.527
SPIN 4 3 11 15 0.084 5.911 -0.236
SPIN 1 3 12 0 4.299 -3.944 -0.981
SPIN 1 3 12 1 -2.782 4.157 3.159
SPIN 1 3 12 2 4.691 -3.428 1.113
SPIN 1 3 12 3 -2.830 3.057 4.201
SPIN 1 3 12 4 -3.434 4.774 -0.648
SPIN 1 3 12 5 -2.569 -4.494 -2.865
SPIN 1 3 12 6 3.780 3.977 2.211
SPIN 1 3 12 7 -3.447 3.090 -3.684
SPIN 1 3 12 8 -2.394 1.652 -5.152
SPIN 1 3 12 9 -3.839 2.453 -3.774
SPIN 1 3 12 10 1.507 5.377 -1.953
SPIN 1 3 12 11 -0.304 -0.987 -5.825
SPIN 1 3 12 12 0.024 -1.011 5.829
SPIN 1 3 12 13 -1.679 2.837 -4.912
SPIN 1 3 12 14 3.619 -4.163 -2.138
SPIN 1 3 12 15 -3.051 -0.269 5.061
SPIN 4 3 12 0 -4.301 -3.970 0.864
SPIN 4 3 12 1 -3.260 -4.695 -1.528
SPIN 4 3 12 2 -0.535 5.884 0.310
SPIN 4 3 12 3 2.617 -4.406 -2.955
SPIN 4 3 12 4 -0.633 5.298 -2.556
SPIN 4 3 12 5 4.273 -2.245 3.421
SPIN 4 3 12 6 2.351 4.450 -3.111
SPIN 4 3 12 7 -1.899 -0.583 5.573
SPIN 4 3 12 8 -4.146 1.949 -3.743
SPIN 4 3 12 9 0.979 -5.776 0.825
SPIN 4 3 12 10 -2.560 -5.307 0.528
SPIN 4 3 12 11 0.523 2.967 5.091
SPIN 4 3 12 12 -0.605 5.302 -2.554
SPIN 4 3 12 13 3.501 3.728 -2.974
SPIN 4 3 12 14 -4.667 1.842 3.135
SPIN 4 3 12 15 0.514 5.597 1.847
SPIN 1 3 13 0 -0.367 4.177 4.173
SPIN 1 3 13 1 1.237 -0.240 -5.780
SPIN 1 3 13 2 -0.702 -1.618 5.647
SPIN 1 3 13 3 2.678 -5.232 -0.674
SPIN 1 3 13 4 5.617 1.851 0.159
SPIN 1 3 13 5 -1.878 0.785 5.555
SPIN 1 3 13 6 2.036 -0.357 -5.543
SPIN 1 3 13 7 -5.415 0.810 2.241
SPIN 1 3 13 8 -4.565 -2.769 -2.547
SPIN 1 3 13 9 5.571 -1.936 0.465
SPIN 1 3 13 10 5.254 2.678 0.469
SPIN 1 3 13 11 -4.713 1.986 2.974
SPIN 1 3 13 12 -2.388 -5.127 1.735
SPIN 1 3 13 13 -3.977 -1.236 -4.202
SPIN 1 3 13 14 5.422 -2.139 -1.010
SPIN 1 3 13 15 2.832 -5.054 -1.198
SPIN 4 3 13 0 4.639 -3.513 -1.070
SPIN 4 3 13 1 0.595 -5.078 2.977
SPIN 4 3 13 2 -4.512 -2.322 -3.042
SPIN 4 3 13 3 1.900 -5.288 1.851
SPIN 4 3 13 4 3.204 2.863 -4.066
SPIN 4 3 13 5 -3.410 -2.195 -4.308
SPIN 4 3 13 6 0.269 1.074 5.811
SPIN 4 3 13 7 4.053 -0.606 -4.266
SPIN 4 3 13 8 0.721 -5.838 -0.627
SPIN 4 3 13 9 -5.848 0.896 0.026
SPIN 4 3 13 10 0.172 0.341 -5.904
SPIN 4 3 13 11 -1.820 -3.319 -4.547
SPIN 4 3 13 12 5.273 1.913 1.881
SPIN 4 3 13 13 -5.322 0.091 -2.583
SPIN 4 3 13 14 0.087 -4.085 -4.279
SPIN 4 3 13 15 -5.392 1.069 2.188
SPIN 1 3 14 0 -1.745 -1.959 -5.302
SPIN 1 3 14 1 3.709 4.057 2.187
SPIN 1 3 14 2 5.383 0.056 2.454
SPIN 1 3 14 3 4.552 2.949 2.364
SPIN 1 3 14 4 -4.210 1.481 -3.883
SPIN 1 3 14 5 -0.382 1.899 -5.590
SPIN 1 3 14 6 3.758 -2.428 -3.871
SPIN 1 3 14 7 1.029 3.499 4.658
SPIN 1 3 14 8 -2.910 4.952 1.416
SPIN 1 3 14 9 2.031 4.291 -3.530
SPIN 1 3 14 10 -2.698 1.268 5.110
SPIN 1 3 14 11 4.537 -2.090 3.171
SPIN 1 3 14 12 3.821 0.946 4.417
SPIN 1 3 14 13 -0.206 5.820 -1.041
SPIN 1 3 14 14 0.121 -2.519 -5.352
SPIN 1 3 14 15 -1.944 2.525 4.985
SPIN 4 3 14 0 -4.561 -3.766 -0.112
SPIN 4 3 14 1 0.520 4.881 -3.302
SPIN 4 3 14 2 -4.159 -4.041 -1.172
SPIN 4 3 14 3 0.398 5.090 2.990
SPIN 4 3 14 4 -1.337 0.773 5.711
SPIN 4 3 14 5 -1.591 -0.947 5.619
SPIN 4 3 14 6 -2.723 -5.179 0.873
SPIN 4 3 14 7 -0.176 0.274 -5.907
SPIN 4 3 14 8 0.349 4.545 -3.771
SPIN 4 3 14 9 -1.555 -1.880 -5.389
SPIN 4 3 14 10 3.877 3.549 -2.716
SPIN 4 3 14 11 1.944 3.748 -4.144
SPIN 4 3 14 12 2.195 -2.041 -5.101
SPIN 4 3 14 13 -3.849 3.987 -2.070
SPIN 4 3 14 14 1.137 -4.109 -4.102
SPIN 4 3 14 15 5.339 -0.807 2.417
SPIN 1 3 15 0 0.402 4.163 -4.184
SPIN 1 3 15 1 -1.664 -3.559 4.424
SPIN 1 3 15 2 -4.302 4.056 0.220
SPIN 1 3 15 3 1.082 5.504 1.881
SPIN 1 3 15 4 -1.771 -4.409 -3.524
SPIN 1 3 15 5 1.650 -5.247 -2.179
SPIN 1 3 15 6 -2.963 4.945 -1.327
SPIN 1 3 15 7 5.415 -1.757 1.609
SPIN 1 3 15 8 0.767 -4.895 3.232
SPIN 1 3 15 9 -3.992 -1.830 -3.964
SPIN 1 3 15 10 -0.146 2.641 -5.292
SPIN 1 3 15 11 5.580 -1.950 0.257
SPIN 1 3 15 12 1.362 -4.038 -4.104
SPIN 1 3 15 13 0.234 -0.831 5.853
SPIN 1 3 15 14 3.070 4.405 -2.484
SPIN 1 3 15 15 4.208 -1.737 3.779
SPIN 4 3 15 0 -3.995 2.614 3.494
SPIN 4 3 15 1 -0.701 3.168 -4.947
SPIN 4 3 15 2 3.348 -3.817 -3.036
SPIN 4 3 15 3 0.616 -4.445 3.855
SPIN 4 3 15 4 -1.301 1.268 -5.630
SPIN 4 3 15 5 5.670 1.689 -0.037
SPIN 4 3 15 6 2.140 -3.165 4.517
SPIN 4 3 15 7 1.374 -1.933 5.420
SPIN 4 3 15 8 -0.312 -4.298 4.053
SPIN 4 3 15 9 -1.494 5.206 2.381
SPIN 4 3 15 10 -1.210 -4.873 -3.129
SPIN 4 3 15 11 -1.862 2.953 4.776
SPIN 4 3 15 12 3.334 0.334 -4.875
SPIN 4 3 15 13 -4.896 -2.415 -2.279
SPIN 4 3 15 14 -0.052 -4.220 -4.146
SPIN 4 3 15 15 -1.982 4.392 -3.433
SPIN 3 3 0 0 3.545 4.429 -1.678
SPIN 3 3 0 1 -5.438 2.085 -1.041
SPIN 3 3 0 2 2.675 -4.264 3.108
SPIN 3 3 0 3 4.938 2.243 -2.363
SPIN 3 3 0 4 0.107 1.472 -5.729
SPIN 3 3 0 5 -1.866 -0.059 5.614
SPIN 3 3 0 6 3.576 -4.619 0.940
SPIN 3 3 0 7 -5.345 1.169 2.250
SPIN 3 3 0 8 -0.220 3.957 4.392
SPIN 3 3 0 9 -2.727 -4.246 -3.088
SPIN 3 3 0 10 5.453 -1.795 1.430
SPIN 3 3 0 11 -4.335 2.091 -3.441
SPIN 3 3 0 12 0.568 5.868 -0.489
SPIN 3 3 0 13 -4.165 -3.387 2.487
SPIN 3 3 0 14 -4.145 3.651 -2.119
SPIN 3 3 0 15 3.628 0.000 -4.673
SPIN 2 3 0 0 5.052 -3.074 0.181
SPIN 2 3 0 1 -1.467 5.688 0.706
SPIN 2 3 0 2 3.200 -1.873 -4.610
SPIN 2 3 0 3 -1.977 5.575 0.116
SPIN 2 3 0 4 0.352 1.324 -5.755
SPIN 2 3 0 5 3.129 -0.364 5.008
SPIN 2 3 0 6 -3.590 4.630 -0.821
SPIN 2 3 0 7 -0.026 3.606 4.690
SPIN 2 3 0 8 -2.766 -2.467 4.611
SPIN 2 3 0 9 -4.078 1.256 -4.098
SPIN 2 3 0 10 4.215 -4.117 0.531
SPIN 2 3 0 11 -2.518 -4.924 2.101
SPIN 2 3 0 12 -1.379 0.002 5.753
SPIN 2 3 0 13 -5.836 -0.576 0.783
SPIN 2 3 0 14 2.301 5.111 -1.893
SPIN 2 3 0 15 -4.835 -2.086 -2.697
SPIN 3 3 1 0 -4.743 -2.486 -2.514
SPIN 3 3 1 1 -5.543 1.995 0.542
SPIN 3 3 1 2 -0.922 -5.596 1.685
SPIN 3 3 1 3 -5.017 2.397 -2.020
SPIN 3 3 1 4 -5.353 2.484 0.416
SPIN 3 3 1 5 -1.112 2.478 -5.256
SPIN 3 3 1 6 -2.948 -2.528 -4.463
SPIN 3 3 1 7 3.300 -3.706 -3.221
SPIN 3 3 1 8 5.293 2.164 -1.517
SPIN 3 3 1 9 2.452 3.247 -4.295
SPIN 3 3 1 10 -2.554 -3.225 4.252
SPIN 3 3 1 11 -3.021 4.889 1.405
SPIN 3 3 1 12 4.557 -3.467 -1.487
SPIN 3 3 1 13 -1.334 -4.031 -4.120
SPIN 3 3 1 14 -4.937 0.502 3.220
SPIN 3 3 1 15 2.579 -5.311 0.379
SPIN 2 3 1 0 -5.724 0.946 -1.157
SPIN 2 3 1 1 4.632 -0.429 3.655
SPIN 2 3 1 2 -4.940 2.571 1.996
SPIN 2 3 1 3 -4.787 -2.616 2.289
SPIN 2 3 1 4 4.808 2.390 -2.485
SPIN 2 3 1 5 3.588 -1.340 4.509
SPIN 2 3 1 6 1.604 -3.448 -4.532
SPIN 2 3 1 7 -3.792 0.399 -4.523
SPIN 2 3 1 8 -5.224 0.426 2.744
SPIN 2 3 1 9 1.468 0.122 5.730
SPIN 2 3 1 10 1.143 -2.413 -5.279
SPIN 2 3 1 11 -4.591 3.719 -0.308
SPIN 2 3 1 12 1.121 -5.527 1.788
SPIN 2 3 1 13 0.991 5.829 -0.200
SPIN 2 3 1 14 -1.078 -4.637 3.512
SPIN 2 3 1 15 5.237 2.582 -0.952
SPIN 3 3 2 0 -2.664 3.588 3.877
SPIN 3 3 2 1 -4.448 2.477 -3.013
SPIN 3 3 2 2 3.990 -4.260 -0.967
SPIN 3 3 2 3 0.761 5.545 1.916
SPIN 3 3 2 4 -0.988 5.617 -1.571
SPIN 3 3 2 5 -3.112 2.330 4.459
SPIN 3 3 2 6 0.187 4.430 3.916
SPIN 3 3 2 7 -3.138 0.203 5.011
SPIN 3 3 2 8 -4.423 -2.119 -3.308
SPIN 3 3 2 9 -4.901 3.026 -1.351
SPIN 3 3 2 10 -1.883 3.833 4.094
SPIN 3 3 2 11 3.693 -4.543 -0.851
SPIN 3 3 2 12 -3.516 2.656 -3.947
SPIN 3 3 2 13 -1.361 5.553 -1.520
SPIN 3 3 2 14 5.270 2.675 0.259
SPIN 3 3 2 15 -2.782 -2.090 -4.785
SPIN 2 3 2 0 -2.675 3.120 4.256
SPIN 2 3 2 1 5.003 2.921 1.198
SPIN 2 3 2 2 0.587 4.544 3.742
SPIN 2 3 2 3 -1.419 1.658 -5.499
SPIN 2 3 2 4 2.527 4.975 -1.966
SPIN 2 3 2 5 -5.357 -2.341 -0.906
SPIN 2 3 2 6 0.362 -5.197 2.803
SPIN 2 3 2 7 5.236 -1.857 2.034
SPIN 2 3 2 8 3.672 -4.632 0.257
SPIN 2 3 2 9 0.719 5.108 -2.897
SPIN 2 3 2 10 4.511 -3.771 -0.660
SPIN 2 3 2 11 5.005 0.083 -3.153
SPIN 2 3 2 12 2.628 -1.599 5.053
SPIN 2 3 2 13 0.682 -5.876 -0.070
SPIN 2 3 2 14 3.777 -3.622 -2.760
SPIN 2 3 2 15 0.861 4.767 3.396
SPIN 3 3 3 0 -2.919 -5.146 0.072
SPIN 3 3 3 1 2.571 -1.296 5.168
SPIN 3 3 3 2 -2.822 4.102 3.196
SPIN 3 3 3 3 -4.328 -3.377 2.206
SPIN 3 3 3 4 -3.934 -3.571 2.603
SPIN 3 3 3 5 3.331 -3.999 -2.813
SPIN 3 3 3 6 -0.505 -5.885 0.336
SPIN 3 3 3 7 -3.178 -0.488 4.966
SPIN 3 3 3 8 2.694 4.366 -2.946
SPIN 3 3 3 9 0.914 -1.837 -5.549
SPIN 3 3 3 10 -2.100 -5.171 1.962
SPIN 3 3 3 11 -4.529 -0.162 -3.803
SPIN 3 3 3 12 -0.422 2.809 5.190
SPIN 3 3 3 13 3.226 -0.600 4.923
SPIN 3 3 3 14 -2.137 5.411 -1.077
SPIN 3 3 3 15 3.453 1.818 4.446
SPIN 2 3 3 0 -2.065 2.169 -5.102
SPIN 2 3 3 1 -1.877 -4.498 3.354
SPIN 2 3 3 2 -5.316 -0.050 -2.595
SPIN 2 3 3 3 -0.927 3.589 -4.611
SPIN 2 3 3 4 1.755 1.443 5.462
SPIN 2 3 3 5 3.023 3.153 -3.990
SPIN 2 3 3 6 -0.665 -4.546 3.727
SPIN 2 3 3 7 -1.109 5.701 1.128
SPIN 2 3 3 8 -0.425 -0.649 5.865
SPIN 2 3 3 9 -0.814 -5.366 -2.354
SPIN 2 3 3 10 0.270 5.823 -1.011
SPIN 2 3 3 11 -3.911 -3.395 2.860
SPIN 2 3 3 12 4.892 -1.356 -3.039
SPIN 2 3 3 13 -3.733 -1.670 -4.275
SPIN 2 3 3 14 -1.937 3.943 3.963
SPIN 2 3 3 15 1.999 -5.241 1.880
SPIN 3 3 4 0 -4.976 -2.602 1.862
SPIN 3 3 4 1 -1.290 2.696 -5.106
SPIN 3 3 4 2 2.521 1.813 -5.036
SPIN 3 3 4 3 -1.284 4.921 -3.022
SPIN 3 3 4 4 -0.586 -1.923 -5.564
SPIN 3 3 4 5 0.579 1.047 5.794
SPIN 3 3 4 6 -0.255 5.057 -3.059
SPIN 3 3 4 7 -4.489 -3.853 0.045
SPIN 3 3 4 8 4.300 3.185 -2.523
SPIN 3 3 4 9 -4.739 3.277 -1.345
SPIN 3 3 4 10 3.403 -3.609 3.223
SPIN 3 3 4 11 4.087 3.789 -1.984
SPIN 3 3 4 12 -1.334 5.562 -1.510
SPIN 3 3 4 13 -2.163 5.385 -1.152
SPIN 3 3 4 14 0.367 -0.697 -5.863
SPIN 3 3 4 15 0.866 -2.476 -5.303
SPIN 2 3 4 0 2.474 -3.340 4.210
SPIN 2 3 4 1 -2.697 -0.760 -5.210
SPIN 2 3 4 2 4.251 -3.395 2.324
SPIN 2 3 4 3 -0.241 -3.713 -4.600
SPIN 2 3 4 4 4.990 2.246 2.249
SPIN 2 3 4 5 2.832 3.402 -3.926
SPIN 2 3 4 6 4.904 0.690 -3.237
SPIN 2 3 4 7 -2.849 -2.897 -4.300
SPIN 2 3 4 8 3.254 -0.693 4.892
SPIN 2 3 4 9 -3.399 4.784 -0.747
SPIN 2 3 4 10 2.357 -0.600 -5.393
SPIN 2 3 4 11 2.373 4.582 2.894
SPIN 2 3 4 12 1.619 -3.733 4.294
SPIN 2 3 4 13 -1.902 -3.404 4.450
SPIN 2 3 4 14 4.299 -3.320 -2.345
SPIN 2 3 4 15 3.381 3.218 3.635
SPIN 3 3 5 0 0.258 0.832 -5.852
SPIN 3 3 5 1 2.619 -2.959 4.403
SPIN 3 3 5 2 -2.021 3.453 -4.358
SPIN 3 3 5 3 2.487 -3.111 -4.374
SPIN 3 3 5 4 4.507 1.286 3.610
SPIN 3 3 5 5 -4.777 -2.418 2.517
SPIN 3 3 5 6 0.708 0.808 -5.818
SPIN 3 3 5 7 2.385 5.365 -0.723
SPIN 3 3 5 8 -0.454 -5.006 3.120
SPIN 3 3 5 9 5.587 1.460 -1.287
SPIN 3 3 5 10 -5.475 0.310 2.221
SPIN 3 3 5 11 -0.067 -5.885 0.607
SPIN 3 3 5 12 -5.144 2.921 -0.045
SPIN 3 3 5 13 0.030 -5.795 1.191
SPIN 3 3 5 14 -2.676 1.149 5.149
SPIN 3 3 5 15 2.337 -2.171 4.982
SPIN 2 3 5 0 -2.848 4.999 -1.376
SPIN 2 3 5 1 -0.825 -2.757 5.169
SPIN 2 3 5 2 -2.187 0.477 -5.476
SPIN 2 3 5 3 4.121 0.099 4.243
SPIN 2 3 5 4 2.354 -4.061 -3.601
SPIN 2 3 5 5 -2.135 -3.574 4.203
SPIN 2 3 5 6 4.956 3.130 0.803
SPIN 2 3 5 7 -5.076 -2.337 1.944
SPIN 2 3 5 8 5.720 1.511 -0.023
SPIN 2 3 5 9 -1.960 -4.969 2.544
SPIN 2 3 5 10 -4.782 -0.227 3.476
SPIN 2 3 5 11 4.250 4.076 -0.567
SPIN 2 3 5 12 -5.426 0.816 -2.213
SPIN 2 3 5 13 5.300 2.563 -0.582
SPIN 2 3 5 14 -3.525 2.527 4.024
SPIN 2 3 5 15 -3.829 -0.510 -4.481
SPIN 3 3 6 0 2.890 3.621 3.679
SPIN 3 3 6 1 -3.998 -4.087 1.521
SPIN 3 3 6 2 -0.078 4.743 3.536
SPIN 3 3 6 3 -1.408 4.466 3.616
SPIN 3 3 6 4 0.385 5.887 -0.447
SPIN 3 3 6 5 -1.031 -3.384 -4.742
SPIN 3 3 6 6 0.285 -5.904 0.255
SPIN 3 3 6 7 -1.345 -3.137 4.832
SPIN 3 3 6 8 1.413 -4.462 -3.619
SPIN 3 3 6 9 0.489 4.419 -3.903
SPIN 3 3 6 10 5.066 1.971 -2.334
SPIN 3 3 6 11 -5.433 -1.347 -1.916
SPIN 3 3 6 12 5.912 0.189 0.100
SPIN 3 3 6 13 1.509 5.716 -0.223
SPIN 3 3 6 14 2.788 0.220 -5.213
SPIN 3 3 6 15 3.978 -4.340 0.580
SPIN 2 3 6 0 3.931 3.926 -2.033
SPIN 2 3 6 1 -3.022 -3.563 -3.630
SPIN 2 3 6 2 -3.433 2.302 -4.233
SPIN 2 3 6 3 0.776 -3.005 5.037
SPIN 2 3 6 4 2.916 -0.018 -5.147
SPIN 2 3 6 5 4.339 -2.118 3.419
SPIN 2 3 6 6 -3.982 4.197 -1.236
SPIN 2 3 6 7 4.518 0.555 -3.778
SPIN 2 3 6 8 -0.804 0.277 5.855
SPIN 2 3 6 9 -5.896 0.491 0.040
SPIN 2 3 6 10 5.547 -1.977 0.571
SPIN 2 3 6 11 3.636 2.634 3.852
SPIN 2 3 6 12 3.239 -3.884 -3.069
SPIN 2 3 6 13 4.381 -3.951 0.436
SPIN 2 3 6 14 -1.355 5.707 -0.769
SPIN 2 3 6 15 4.654 -2.818 2.324
SPIN 3 3 7 0 2.504 -5.324 -0.623
SPIN 3 3 7 1 5.462 -0.209 2.263
SPIN 3 3 7 2 2.878 5.168 0.114
SPIN 3 3 7 3 4.155 -3.739 1.937
SPIN 3 3 7 4 -3.202 4.927 -0.690
SPIN 3 3 7 5 0.359 -4.397 -3.941
SPIN 3 3 7 6 -3.068 -1.200 -4.914
SPIN 3 3 7 7 -1.885 -0.441 5.590
SPIN 3 3 7 8 3.698 -0.052 4.617
SPIN 3 3 7 9 4.314 -3.353 -2.269
SPIN 3 3 7 10 1.366 5.752 0.210
SPIN 3 3 7 11 3.138 4.566 -2.074
SPIN 3 3 7 12 -1.334 -5.503 -1.714
SPIN 3 3 7 13 3.019 3.473 3.718
SPIN 3 3 7 14 -3.611 -4.675 -0.320
SPIN 3 3 7 15 -3.527 4.597 -1.195
SPIN 2 3 7 0 -2.971 -3.809 3.416
SPIN 2 3 7 1 0.119 5.000 -3.159
SPIN 2 3 7 2 0.654 -5.630 1.695
SPIN 2 3 7 3 2.097 0.942 -5.451
SPIN 2 3 7 4 -3.592 3.022 -3.600
SPIN 2 3 7 5 3.448 1.456 4.581
SPIN 2 3 7 6 -5.002 1.541 -2.758
SPIN 2 3 7 7 1.783 1.227 5.506
SPIN 2 3 7 8 -5.573 0.350 1.954
SPIN 2 3 7 9 -4.988 -2.271 2.228
SPIN 2 3 7 10 0.632 -5.605 1.786
SPIN 2 3 7 11 -5.513 -0.748 -2.011
SPIN 2 3 7 12 -2.329 -1.563 5.209
SPIN 2 3 7 13 -5.629 -0.032 1.820
SPIN 2 3 7 14 -3.325 2.850 -3.978
SPIN 2 3 7 15 2.736 5.231 0.391
SPIN 3 3 8 0 -0.765 -5.866 0.023
SPIN 3 3 8 1 1.389 1.738 -5.482
SPIN 3 3 8 2 -3.501 -2.643 3.969
SPIN 3 3 8 3 -1.802 5.553 0.959
SPIN 3 3 8 4 -1.752 -1.319 -5.495
SPIN 3 3 8 5 5.632 -1.624 0.800
SPIN 3 3 8 6 -5.348 2.156 1.325
SPIN 3 3 8 7 2.344 -2.807 -4.651
SPIN 3 3 8 8 1.003 -5.815 0.427
SPIN 3 3 8 9 -1.976 -4.226 3.638
SPIN 3 3 8 10 -1.297 -3.037 4.909
SPIN 3 3 8 11 5.462 1.833 1.345
SPIN 3 3 8 12 2.705 -3.886 -3.547
SPIN 3 3 8 13 -3.230 -4.742 1.442
SPIN 3 3 8 14 -1.097 4.405 -3.794
SPIN 3 3 8 15 -4.270 3.331 -2.381
SPIN 2 3 8 0 5.594 1.006 1.642
SPIN 2 3 8 1 -2.363 -4.680 -2.742
SPIN 2 3 8 2 -4.052 1.337 4.098
SPIN 2 3 8 3 3.906 -2.592 -3.609
SPIN 2 3 8 4 5.201 1.847 2.130
SPIN 2 3 8 5 -4.989 1.501 -2.802
SPIN 2 3 8 6 3.844 0.080 -4.496
SPIN 2 3 8 7 -2.822 -2.761 -4.406
SPIN 2 3 8 8 5.538 -1.405 -1.537
SPIN 2 3 8 9 0.835 5.529 -1.933
SPIN 2 3 8 10 0.150 -3.653 -4.651
SPIN 2 3 8 11 -1.658 0.457 -5.661
SPIN 2 3 8 12 -0.499 -5.842 -0.792
SPIN 2 3 8 13 0.858 5.180 2.725
SPIN 2 3 8 14 5.837 -0.954 0.147
SPIN 2 3 8 15 -3.100 -1.320 4.863
SPIN 3 3 9 0 2.229 2.194 -5.022
SPIN 3 3 9 1 -0.738 3.030 -5.028
SPIN 3 3 9 2 -0.183 -5.849 -0.870
SPIN 3 3 9 3 -1.205 5.719 0.917
SPIN 3 3 9 4 -1.820 1.871 -5.309
SPIN 3 3 9 5 -3.311 -0.392 4.887
SPIN 3 3 9 6 3.809 -4.247 1.566
SPIN 3 3 9 7 -0.373 5.789 1.162
SPIN 3 3 9 8 -3.088 -3.491 3.644
SPIN 3 3 9 9 -2.747 0.892 -5.163
SPIN 3 3 9 10 -4.776 0.416 3.466
SPIN 3 3 9 11 -5.082 2.293 -1.980
SPIN 3 3 9 12 3.629 -4.672 -0.075
SPIN 3 3 9 13 2.112 -4.840 2.667
SPIN 3 3 9 14 3.013 2.902 4.184
SPIN 3 3 9 15 -1.389 5.321 -2.182
SPIN 2 3 9 0 -4.460 3.877 0.272
SPIN 2 3 9 1 4.386 1.141 3.803
SPIN 2 3 9 2 4.411 -3.509 -1.797
SPIN 2 3 9 3 -1.300 -2.249 5.315
SPIN 2 3 9 4 -3.357 -0.089 -4.871
SPIN 2 3 9 5 5.903 0.376 -0.088
SPIN 2 3 9 6 -2.409 2.583 4.746
SPIN 2 3 9 7 1.077 -5.805 0.377
SPIN 2 3 9 8 -5.083 2.675 -1.419
SPIN 2 3 9 9 -3.699 1.028 4.501
SPIN 2 3 9 10 1.371 5.213 -2.439
SPIN 2 3 9 11 1.853 4.267 3.655
SPIN 2 3 9 12 0.075 5.716 1.524
SPIN 2 3 9 13 -2.911 -3.070 -4.136
SPIN 2 3 9 14 2.048 3.160 4.563
SPIN 2 3 9 15 5.320 -2.584 0.155
SPIN 3 3 10 0 -1.870 -0.541 -5.587
SPIN 3 3 10 1 3.775 3.415 3.015
SPIN 3 3 10 2 -2.742 2.526 -4.593
SPIN 3 3 10 3 -2.501 1.518 5.142
SPIN 3 3 10 4 0.234 -2.563 -5.327
SPIN 3 3 10 5 -5.025 -2.803 1.375
SPIN 3 3 10 6 -2.300 1.903 -5.108
SPIN 3 3 10 7 0.245 -3.389 4.843
SPIN 3 3 10 8 -2.323 -3.956 -3.735
SPIN 3 3 10 9 -0.381 2.348 5.417
SPIN 3 3 10 10 -4.417 1.843 -3.478
SPIN 3 3 10 11 -5.222 0.634 -2.708
SPIN 3 3 10 12 0.449 2.292 -5.435
SPIN 3 3 10 13 -3.598 2.988 -3.623
SPIN 3 3 10 14 -3.547 0.951 -4.639
SPIN 3 3 10 15 -0.368 -2.239 5.464
SPIN 2 3 10 0 1.893 -0.382 5.592
SPIN 2 3 10 1 -2.960 -4.576 -2.301
SPIN 2 3 10 2 1.548 2.444 5.161
SPIN 2 3 10 3 -5.655 1.422 -1.002
SPIN 2 3 10 4 -2.039 2.332 5.040
SPIN 2 3 10 5 4.906 2.735 -1.857
SPIN 2 3 10 6 -1.975 -2.508 -4.981
SPIN 2 3 10 7 -1.984 3.876 4.005
SPIN 2 3 10 8 5.671 1.113 1.265
SPIN 2 3 10 9 0.487 3.474 -4.764
SPIN 2 3 10 10 2.546 -3.275 4.218
SPIN 2 3 10 11 -2.467 -3.947 -3.652
SPIN 2 3 10 12 3.001 -5.029 0.838
SPIN 2 3 10 13 -5.418 -1.656 1.704
SPIN 2 3 10 14 0.213 5.912 0.078
SPIN 2 3 10 15 -5.874 -0.234 0.660
SPIN 3 3 11 0 2.708 -4.913 1.878
SPIN 3 3 11 1 -5.446 -1.695 -1.570
SPIN 3 3 11 2 4.646 2.327 2.828
SPIN 3 3 11 3 -4.894 -1.845 -2.765
SPIN 3 3 11 4 0.435 5.832 0.892
SPIN 3 3 11 5 3.997 -4.227 -1.075
SPIN 3 3 11 6 2.517 2.020 4.958
SPIN 3 3 11 7 0.589 -1.830 5.595
SPIN 3 3 11 8 -3.714 1.807 -4.236
SPIN 3 3 11 9 -1.948 4.803 -2.852
SPIN 3 3 11 10 -5.740 1.431 -0.041
SPIN 3 3 11 11 2.275 4.599 -2.945
SPIN 3 3 11 12 -5.556 -1.754 1.028
SPIN 3 3 11 13 4.538 0.866 3.696
SPIN 3 3 11 14 -0.959 5.032 2.960
SPIN 3 3 11 15 -2.117 -1.458 -5.329
SPIN 2 3 11 0 -5.860 -0.491 0.649
SPIN 2 3 11 1 5.597 1.465 1.236
SPIN 2 3 11 2 -1.766 1.545 -5.431
SPIN 2 3 11 3 1.396 -4.193 3.933
SPIN 2 3 11 4 4.654 3.389 -1.363
SPIN 2 3 11 5 -0.104 3.342 -4.881
SPIN 2 3 11 6 0.225 -5.055 3.066
SPIN 2 3 11 7 -0.348 2.435 -5.380
SPIN 2 3 11 8 -4.535 3.125 -2.160
SPIN 2 3 11 9 -1.661 -4.675 3.223
SPIN 2 3 11 10 -2.063 5.542 -0.186
SPIN 2 3 11 11 -1.433 -5.738 0.147
SPIN 2 3 11 12 -3.793 -1.720 4.202
SPIN 2 3 11 13 3.078 -0.225 5.047
SPIN 2 3 11 14 5.143 1.076 2.719
SPIN 2 3 11 15 4.082 -0.423 -4.262
SPIN 3 3 12 0 2.723 2.908 4.374
SPIN 3 3 12 1 4.631 2.767 -2.428
SPIN 3 3 12 2 -2.277 -3.583 4.120
SPIN 3 3 12 3 2.553 3.078 4.360
SPIN 3 3 12 4 -2.707 -0.616 -5.224
SPIN 3 3 12 5 -2.832 4.678 2.258
SPIN 3 3 12 6 -0.228 -3.633 -4.664
SPIN 3 3 12 7 5.199 -0.811 -2.703
SPIN 3 3 12 8 5.549 -0.606 1.961
SPIN 3 3 12 9 -2.241 0.748 5.424
SPIN 3 3 12 10 4.395 3.861 -0.882
SPIN 3 3 12 11 -2.751 0.306 -5.229
SPIN 3 3 12 12 5.466 1.716 -1.476
SPIN 3 3 12 13 3.683 -3.840 2.587
SPIN 3 3 12 14 -4.865 -2.049 -2.671
SPIN 3 3 12 15 5.247 -2.233 1.576
SPIN 2 3 12 0 5.512 -1.054 -1.872
SPIN 2 3 12 1 -5.433 -1.388 1.887
SPIN 2 3 12 2 -2.309 -5.442 -0.231
SPIN 2 3 12 3 -3.976 1.943 -3.926
SPIN 2 3 12 4 -3.581 -2.414 4.043
SPIN 2 3 12 5 3.571 -0.960 -4.618
SPIN 2 3 12 6 -2.936 3.427 -3.825
SPIN 2 3 12 7 4.532 -3.335 1.827
SPIN 2 3 12 8 3.826 -2.584 -3.700
SPIN 2 3 12 9 -1.243 4.596 3.511
SPIN 2 3 12 10 -5.589 -1.897 0.400
SPIN 2 3 12 11 2.325 4.811 2.539
SPIN 2 3 12 12 5.804 0.764 -0.853
SPIN 2 3 12 13 -1.407 -4.570 3.484
SPIN 2 3 12 14 -2.609 2.733 4.552
SPIN 2 3 12 15 -1.409 -5.146 2.557
SPIN 3 3 13 0 -0.688 -1.154 5.762
SPIN 3 3 13 1 3.157 -0.107 -5.002
SPIN 3 3 13 2 5.010 2.690 1.633
SPIN 3 3 13 3 -4.688 2.185 -2.871
SPIN 3 3 13 4 5.214 -2.795 0.069
SPIN 3 3 13 5 2.623 -4.207 -3.229
SPIN 3 3 13 6 -3.452 3.949 2.736
SPIN 3 3 13 7 -3.215 -1.606 4.700
SPIN 3 3 13 8 -4.879 -3.175 -1.056
SPIN 3 3 13 9 0.485 4.061 -4.275
SPIN 3 3 13 10 -3.957 3.611 2.510
SPIN 3 3 13 11 2.818 -2.924 -4.302
SPIN 3 3 13 12 -4.473 -3.708 1.116
SPIN 3 3 13 13 4.521 -2.777 -2.617
SPIN 3 3 13 14 -0.694 0.160 5.873
SPIN 3 3 13 15 -3.585 1.582 4.432
SPIN 2 3 13 0 3.497 4.769 0.157
SPIN 2 3 13 1 -4.117 -3.772 1.955
SPIN 2 3 13 2 -2.074 4.147 -3.674
SPIN 2 3 13 3 2.277 -5.204 -1.653
SPIN 2 3 13 4 1.368 -1.544 5.545
SPIN 2 3 13 5 -2.188 -5.471 -0.530
SPIN 2 3 13 6 -0.027 -5.916 0.021
SPIN 2 3 13 7 5.712 1.468 0.462
SPIN 2 3 13 8 -2.297 3.477 -4.199
SPIN 2 3 13 9 5.594 1.740 -0.827
SPIN 2 3 13 10 -5.021 -0.403 -3.103
SPIN 2 3 13 11 4.423 0.924 3.818
SPIN 2 3 13 12 -5.896 -0.213 -0.441
SPIN 2 3 13 13 1.206 0.541 -5.766
SPIN 2 3 13 14 0.350 -4.520 3.801
SPIN 2 3 13 15 4.938 3.053 1.140
SPIN 3 3 14 0 3.929 4.351 -0.793
SPIN 3 3 14 1 -2.725 4.434 2.812
SPIN 3 3 14 2 -0.417 2.413 -5.385
SPIN 3 3 14 3 -0.969 -5.592 -1.671
SPIN 3 3 14 4 3.409 1.392 -4.630
SPIN 3 3 14 5 4.030 4.325 0.227
SPIN 3 3 14 6 1.182 -5.444 -1.992
SPIN 3 3 14 7 0.643 -5.067 -2.986
SPIN 3 3 14 8 -4.858 3.204 1.065
SPIN 3 3 14 9 1.232 -2.533 -5.203
SPIN 3 3 14 10 -1.893 -2.791 4.861
SPIN 3 3 14 11 0.895 2.524 -5.275
SPIN 3 3 14 12 -4.134 -4.185 -0.625
SPIN 3 3 14 13 -1.283 -1.269 -5.634
SPIN 3 3 14 14 0.088 5.798 1.174
SPIN 3 3 14 15 4.166 -2.877 -3.060
SPIN 2 3 14 0 -4.380 -3.176 2.393
SPIN 2 3 14 1 2.195 4.565 3.057
SPIN 2 3 14 2 3.745 -1.289 -4.395
SPIN 2 3 14 3 -5.104 2.026 -2.201
SPIN 2 3 14 4 2.508 4.911 2.142
SPIN 2 3 14 5 -3.730 -4.169 -1.924
SPIN 2 3 14 6 1.691 4.812 2.998
SPIN 2 3 14 7 -3.473 -4.788 -0.075
SPIN 2 3 14 8 -4.257 3.281 2.472
SPIN 2 3 14 9 -1.649 -1.960 5.333
SPIN 2 3 14 10 1.254 -4.951 2.986
SPIN 2 3 14 11 -4.822 -2.413 -2.434
SPIN 2 3 14 12 5.170 -1.921 -2.140
SPIN 2 3 14 13 -4.080 -4.231 -0.670
SPIN 2 3 14 14 5.781 0.759 -1.000
SPIN 2 3 14 15 -0.902 5.509 -1.958
SPIN 3 3 15 0 -3.724 -4.340 -1.516
SPIN 3 3 15 1 2.033 -2.708 4.851
SPIN 3 3 15 2 -5.204 1.013 2.626
SPIN 3 3 15 3 -4.398 -3.916 -0.569
SPIN 3 3 15 4 -2.681 -3.503 3.942
SPIN 3 3 15 5 -4.808 -2.052 2.770
SPIN 3 3 15 6 -2.244 4.845 2.548
SPIN 3 3 15 7 1.737 2.198 -5.211
SPIN 3 3 15 8 1.760 2.277 -5.169
SPIN 3 3 15 9 3.859 3.816 2.355
SPIN 3 3 15 10 3.445 4.470 -1.775
SPIN 3 3 15 11 2.853 -2.042 4.764
SPIN 3 3 15 12 -3.435 4.107 2.517
SPIN 3 3 15 13 1.929 3.613 -4.269
SPIN 3 3 15 14 -4.255 -4.051 -0.693
SPIN 3 3 15 15 -0.074 3.791 4.541
SPIN 2 3 15 0 -2.038 -5.397 -1.312
SPIN 2 3 15 1 5.474 2.144 0.666
SPIN 2 3 15 2 -3.990 -4.328 0.588
SPIN 2 3 15 3 4.811 -1.363 3.162
SPIN 2 3 15 4 0.933 -1.395 -5.673
SPIN 2 3 15 5 -2.687 -2.587 -4.592
SPIN 2 3 15 6 3.408 -4.401 -2.004
SPIN 2 3 15 7 -3.635 4.636 -0.537
SPIN 2 3 15 8 -5.890 0.356 -0.428
SPIN 2 3 15 9 5.841 0.250 0.908
SPIN 2 3 15 10 -3.052 -1.158 -4.934
SPIN 2 3 15 11 -5.670 1.661 0.305
SPIN 2 3 15 12 3.174 -4.925 -0.818
SPIN 2 3 15 13 1.542 -1.342 5.552
SPIN 2 3 15 14 -0.197 5.895 0.459
SPIN 2 3 15 15 -0.138 -5.901 0.399
SPIN 1 4 0 0 -1.734 -1.200 5.528
SPIN 1 4 0 1 1.879 -5.482 1.188
SPIN 1 4 0 2 -3.715 3.698 -2.743
SPIN 1 4 0 3 -4.751 0.685 3.458
SPIN 1 4 0 4 4.448 1.779 3.471
SPIN 1 4 0 5 5.580 -1.528 -1.235
SPIN 1 4 0 6 -4.389 2.845 -2.763
SPIN 1 4 0 7 3.297 -0.179 4.909
SPIN 1 4 0 8 -1.231 -2.012 -5.426
SPIN 1 4 0 9 4.827 -2.133 2.674
SPIN 1 4 0 10 3.432 4.542 1.609
SPIN 1 4 0 11 4.347 1.414 -3.755
SPIN 1 4 0 12 2.393 5.335 0.900
SPIN 1 4 0 13 -4.846 3.110 -1.358
SPIN 1 4 0 14 4.233 3.547 2.121
SPIN 1 4 0 15 0.422 5.617 1.808
SPIN 4 4 0 0 -5.815 -0.993 0.447
SPIN 4 4 0 1 3.587 -3.895 2.639
SPIN 4 4 0 2 3.342 3.788 -3.080
SPIN 4 4 0 3 1.757 0.804 5.592
SPIN 4 4 0 4 2.827 -4.989 -1.455
SPIN 4 4 0 5 0.053 -5.555 -2.034
SPIN 4 4 0 6 4.910 -2.812 1.728
SPIN 4 4 0 7 -4.272 2.010 -3.566
SPIN 4 4 0 8 -1.710 -5.157 2.342
SPIN 4 4 0 9 -5.559 -0.287 2.004
SPIN 4 4 0 10 4.464 -3.798 -0.800
SPIN 4 4 0 11 -0.388 5.481 2.192
SPIN 4 4 0 12 3.977 1.754 4.013
SPIN 4 4 0 13 3.024 -4.413 -2.526
SPIN 4 4 0 14 1.536 -0.983 5.628
SPIN 4 4 0 15 -2.312 4.364 -3.257
SPIN 1 4 1 0 -5.289 1.554 2.146
SPIN 1 4 1 1 1.754 0.740 -5.601
SPIN 1 4 1 2 3.437 3.373 -3.436
SPIN 1 4 1 3 3.361 -1.350 -4.678
SPIN 1 4 1 4 2.119 3.080 4.585
SPIN 1 4 1 5 -3.653 -1.122 4.516
SPIN 1 4 1 6 -5.915 -0.110 0.074
SPIN 1 4 1 7 -2.867 -4.884 1.713
SPIN 1 4 1 8 2.685 0.171 5.269
SPIN 1 4 1 9 -3.095 4.799 1.547
SPIN 1 4 1 10 -5.342 -0.449 -2.501
SPIN 1 4 1 11 -2.774 -5.096 -1.154
SPIN 1 4 1 12 3.215 -4.952 -0.376
SPIN 1 4 1 13 -0.596 0.570 5.858
SPIN 1 4 1 14 0.122 0.532 -5.891
SPIN 1 4 1 15 5.132 -2.673 1.233
SPIN 4 4 1 0 -2.752 -5.061 -1.344
SPIN 4 4 1 1 5.742 1.344 0.469
SPIN 4 4 1 2 -1.359 5.435 1.901
SPIN 4 4 1 3 4.240 -3.645 -1.934
SPIN 4 4 1 4 -3.144 4.999 -0.354
SPIN 4 4 1 5 3.120 0.514 5.000
SPIN 4 4 1 6 -4.349 3.722 1.494
SPIN 4 4 1 7 1.322 -1.586 5.544
SPIN 4 4 1 8 3.640 4.664 0.005
SPIN 4 4 1 9 -5.129 -2.336 1.799
SPIN 4 4 1 10 3.429 4.574 -1.523
SPIN 4 4 1 11 -2.951 -0.683 -5.082
SPIN 4 4 1 12 3.123 -0.696 -4.976
SPIN 4 4 1 13 3.078 4.631 2.018
SPIN 4 4 1 14 -0.855 -3.964 -4.308
SPIN 4 4 1 15 -1.508 -2.239 5.264
SPIN 1 4 2 0 4.232 3.143 -2.684
SPIN 1 4 2 1 4.213 4.100 -0.664
SPIN 1 4 2 2 5.015 -0.432 -3.109
SPIN 1 4 2 3 -3.730 -1.184 4.437
SPIN 1 4 2 4 3.533 3.961 -2.614
SPIN 1 4 2 5 -4.695 -3.392 1.207
SPIN 1 4 2 6 -2.306 5.416 -0.587
SPIN 1 4 2 7 -0.641 -3.932 -4.374
SPIN 1 4 2 8 0.413 -3.917 4.415
SPIN 1 4 2 9 -2.338 -1.730 -5.152
SPIN 1 4 2 10 -5.661 -1.715 0.112
SPIN 1 4 2 11 4.496 0.902 3.739
SPIN 1 4 2 12 0.301 -2.905 5.145
SPIN 1 4 2 13 -5.881 -0.479 -0.436
SPIN 1 4 2 14 -2.886 1.695 4.878
SPIN 1 4 2 15 0.462 5.893 0.238
SPIN 4 4 2 0 5.516 -0.491 -2.081
SPIN 4 4 2 1 -4.375 -2.785 2.846
SPIN 4 4 2 2 4.881 2.781 -1.854
SPIN 4 4 2 3 -2.644 -5.290 0.174
SPIN 4 4 2 4 -0.599 4.825 -3.371
SPIN 4 4 2 5 5.282 -2.664 0.047
SPIN 4 4 2 6 -1.130 5.521 -1.801
SPIN 4 4 2 7 -4.919 2.264 2.383
SPIN 4 4 2 8 -3.160 -2.321 -4.430
SPIN 4 4 2 9 1.899 5.284 1.863
SPIN 4 4 2 10 -3.927 -4.306 -1.019
SPIN 4 4 2 11 2.933 3.333 -3.910
SPIN 4 4 2 12 -2.584 0.898 5.246
SPIN 4 4 2 13 0.611 -5.176 -2.799
SPIN 4 4 2 14 -5.176 -2.414 1.543
SPIN 4 4 2 15 4.424 -3.017 2.515
SPIN 1 4 3 0 -3.301 -1.788 4.573
SPIN 1 4 3 1 4.314 -2.030 -3.502
SPIN 1 4 3 2 -5.578 -1.679 1.033
SPIN 1 4 3 3 -1.161 -0.166 -5.799
SPIN 1 4 3 4 4.645 -2.636 -2.544
SPIN 1 4 3 5 -3.383 3.077 3.753
SPIN 1 4 3 6 5.402 -1.504 1.885
SPIN 1 4 3 7 -1.613 0.684 -5.651
SPIN 1 4 3 8 -0.642 5.839 -0.706
SPIN 1 4 3 9 -1.723 3.576 4.387
SPIN 1 4 3 10 -5.541 2.052 0.297
SPIN 1 4 3 11 -1.435 -2.966 4.913
SPIN 1 4 3 12 -4.916 0.957 3.149
SPIN 1 4 3 13 -1.121 2.750 -5.117
SPIN 1 4 3 14 0.170 -4.154 4.209
SPIN 1 4 3 15 5.519 -0.944 -1.909
SPIN 4 4 3 0 -3.174 -4.990 0.153
SPIN 4 4 3 1 4.135 2.634 -3.311
SPIN 4 4 3 2 -0.258 -3.408 4.829
SPIN 4 4 3 3 4.501 2.113 -3.206
SPIN 4 4 3 4 -1.067 3.987 4.238
SPIN 4 4 3 5 -0.751 -5.628 -1.661
SPIN 4 4 3 6 2.362 1.495 5.214
SPIN 4 4 3 7 5.481 -0.838 -2.064
SPIN 4 4 3 8 -0.862 -0.540 5.828
SPIN 4 4 3 9 -1.322 -3.846 4.297
SPIN 4 4 3 10 4.885 1.516 2.973
SPIN 4 4 3 11 2.502 4.033 -3.532
SPIN 4 4 3 12 0.986 -4.859 3.227
SPIN 4 4 3 13 5.057 2.928 0.925
SPIN 4 4 3 14 5.766 1.241 0.460
SPIN 4 4 3 15 -2.645 2.748 4.522
SPIN 1 4 4 0 3.849 -1.054 -4.367
SPIN 1 4 4 1 -3.688 4.583 0.627
SPIN 1 4 4 2 5.547 0.073 2.054
SPIN 1 4 4 3 0.358 3.304 4.894
SPIN 1 4 4 4 -0.829 5.462 2.116
SPIN 1 4 4 5 3.107 -5.033 0.114
SPIN 1 4 4 6 -1.120 2.402 -5.289
SPIN 1 4 4 7 -1.782 -1.589 5.413
SPIN 1 4 4 8 -2.902 -3.632 -3.659
SPIN 1 4 4 9 -1.278 4.190 3.976
SPIN 1 4 4 10 3.405 -4.795 -0.641
SPIN 1 4 4 11 -3.965 3.268 -2.932
SPIN 1 4 4 12 4.886 -2.078 -2.609
SPIN 1 4 4 13 0.129 3.566 4.719
SPIN 1 4 4 14 -5.605 1.888 0.153
SPIN 1 4 4 15 2.058 5.210 1.902
SPIN 4 4 4 0 -2.944 5.040 0.967
SPIN 4 4 4 1 3.608 2.214 4.133
SPIN 4 4 4 2 -2.410 4.448 -3.068
SPIN 4 4 4 3 -4.661 0.133 3.641
SPIN 4 4 4 4 2.865 4.853 -1.799
SPIN 4 4 4 5 2.270 -0.994 5.372
SPIN 4 4 4 6 5.321 0.339 2.563
SPIN 4 4 4 7 -5.439 2.201 0.755
SPIN 4 4 4 8 2.237 -5.477 -0.021
SPIN 4 4 4 9 -2.014 2.611 4.912
SPIN 4 4 4 10 -1.529 5.694 0.491
SPIN 4 4 4 11 -0.190 -3.205 4.969
SPIN 4 4 4 12 -2.129 4.186 -3.598
SPIN 4 4 4 13 -4.815 3.427 0.270
SPIN 4 4 4 14 -0.441 -0.159 5.897
SPIN 4 4 4 15 -0.909 -3.295 -4.829
SPIN 1 4 5 0 -5.623 1.146 -1.436
SPIN 1 4 5 1 0.864 2.112 -5.458
SPIN 1 4 5 2 5.252 -0.509 -2.676
SPIN 1 4 5 3 1.912 -4.674 3.081
SPIN 1 4 5 4 -2.101 1.492 -5.326
SPIN 1 4 5 5 3.646 -1.114 4.524
SPIN 1 4 5 6 2.311 -1.886 5.109
SPIN 1 4 5 7 -0.593 2.742 -5.208
SPIN 1 4 5 8 -2.342 0.871 5.362
SPIN 1 4 5 9 1.633 5.523 -1.351
SPIN 1 4 5 10 -4.743 3.491 0.569
SPIN 1 4 5 11 -4.983 -2.700 -1.698
SPIN 1 4 5 12 -2.543 5.109 -1.559
SPIN 1 4 5 13 -4.465 -0.159 -3.877
SPIN 1 4 5 14 1.985 -4.253 3.601
SPIN 1 4 5 15 -0.126 5.140 -2.927
SPIN 4 4 5 0 0.455 -4.343 3.991
SPIN 4 4 5 1 5.230 -0.941 2.601
SPIN 4 4 5 2 -0.914 -4.291 3.969
SPIN 4 4 5 3 1.262 4.159 -4.014
SPIN 4 4 5 4 5.218 0.879 2.646
SPIN 4 4 5 5 -4.454 -2.524 -2.965
SPIN 4 4 5 6 -3.094 3.034 4.028
SPIN 4 4 5 7 0.792 -0.254 -5.857
SPIN 4 4 5 8 1.869 2.633 -4.957
SPIN 4 4 5 9 -3.079 3.449 3.691
SPIN 4 4 5 10 3.074 -5.017 -0.620
SPIN 4 4 5 11 4.342 2.136 3.404
SPIN 4 4 5 12 0.255 -3.511 4.755
SPIN 4 4 5 13 2.452 -5.071 -1.810
SPIN 4 4 5 14 -0.322 1.943 -5.579
SPIN 4 4 5 15 -5.359 -2.271 1.059
SPIN 1 4 6 0 -1.590 5.605 -1.028
SPIN 1 4 6 1 0.110 4.150 -4.215
SPIN 1 4 6 2 -2.357 0.882 5.354
SPIN 1 4 6 3 1.226 1.769 -5.511
SPIN 1 4 6 4 -5.820 1.016 0.302
SPIN 1 4 6 5 5.732 0.573 1.347
SPIN 1 4 6 6 -5.076 -1.141 -2.816
SPIN 1 4 6 7 0.397 5.109 2.956
SPIN 1 4 6 8 -1.889 4.488 -3.360
SPIN 1 4 6 9 5.440 0.927 2.131
SPIN 1 4 6 10 -4.130 -1.600 -3.922
SPIN 1 4 6 11 4.359 -2.072 -3.422
SPIN 1 4 6 12 -5.316 -2.267 1.267
SPIN 1 4 6 13 4.385 2.600 3.003
SPIN 1 4 6 14 -0.487 5.873 0.520
SPIN 1 4 6 15 4.552 2.666 -2.679
SPIN 4 4 6 0 -5.593 1.865 -0.491
SPIN 4 4 6 1 -1.820 -5.559 0.884
SPIN 4 4 6 2 -0.011 1.181 -5.797
SPIN 4 4 6 3 4.008 -0.230 4.345
SPIN 4 4 6 4 -5.153 -1.391 2.552
SPIN 4 4 6 5 1.952 3.344 4.473
SPIN 4 4 6 6 -0.237 -3.986 4.365
SPIN 4 4 6 7 -4.608 1.484 -3.400
SPIN 4 4 6 8 -2.903 -5.136 -0.439
SPIN 4 4 6 9 -3.529 4.742 -0.245
SPIN 4 4 6 10 2.353 -5.402 0.534
SPIN 4 4 6 11 -4.583 1.060 -3.588
SPIN 4 4 6 12 -2.234 1.464 5.279
SPIN 4 4 6 13 -4.183 -3.199 -2.696
SPIN 4 4 6 14 4.959 -1.618 -2.790
SPIN 4 4 6 15 -3.552 -4.687 -0.644
SPIN 1 4 7 0 -3.097 -2.452 4.404
SPIN 1 4 7 1 -3.097 -0.285 -5.032
SPIN 1 4 7 2 4.130 0.704 -4.177
SPIN 1 4 7 3 -5.663 0.510 1.636
SPIN 1 4 7 4 2.321 2.391 4.888
SPIN 1 4 7 5 -2.012 -0.093 -5.563
SPIN 1 4 7 6 5.523 -2.077 -0.428
SPIN 1 4 7 7 -3.336 0.480 4.862
SPIN 1 4 7 8 4.948 3.052 1.099
SPIN 1 4 7 9 -5.584 -0.635 1.848
SPIN 1 4 7 10 -1.509 -4.117 -3.972
SPIN 1 4 7 11 -5.019 2.408 2.003
SPIN 1 4 7 12 2.910 -1.402 -4.956
SPIN 1 4 7 13 -5.590 -0.417 1.891
SPIN 1 4 7 14 -4.852 1.944 2.771
SPIN 1 4 7 15 -2.751 -2.695 -4.491
SPIN 4 4 7 0 -3.518 -4.386 1.839
SPIN 4 4 7 1 -4.910 2.126 -2.524
SPIN 4 4 7 2 -2.402 2.120 4.974
SPIN 4 4 7 3 4.890 -2.016 -2.651
SPIN 4 4 7 4 5.272 -2.464 1.066
SPIN 4 4 7 5 -0.512 2.646 -5.266
SPIN 4 4 7 6 4.877 3.307 -0.525
SPIN 4 4 7 7 0.718 -2.988 -5.055
SPIN 4 4 7 8 -4.679 3.549 -0.715
SPIN 4 4 7 9 -0.287 2.073 -5.534
SPIN 4 4 7 10 4.920 -0.714 3.207
SPIN 4 4 7 11 3.413 -0.996 4.729
SPIN 4 4 7 12 -1.282 5.718 0.814
SPIN 4 4 7 13 1.516 0.599 5.687
SPIN 4 4 7 14 -1.826 -5.072 -2.437
SPIN 4 4 7 15 3.833 3.104 -3.266
SPIN 1 4 8 0 -4.231 3.526 -2.160
SPIN 1 4 8 1 2.534 0.943 5.262
SPIN 1 4 8 2 1.034 -4.925 -3.110
SPIN 1 4 8 3 -0.151 3.370 -4.860
SPIN 1 4 8 4 -2.724 -4.872 -1.959
SPIN 1 4 8 5 -0.207 -5.904 -0.316
SPIN 1 4 8 6 0.097 0.546 5.890
SPIN 1 4 8 7 -1.199 3.915 4.271
SPIN 1 4 8 8 -2.244 2.380 4.929
SPIN 1 4 8 9 -1.524 3.311 4.660
SPIN 1 4 8 10 0.399 5.680 1.606
SPIN 1 4 8 11 4.618 0.385 -3.677
SPIN 1 4 8 12 -4.306 -3.305 2.353
SPIN 1 4 8 13 0.006 5.365 -2.493
SPIN 1 4 8 14 4.825 3.047 1.561
SPIN 1 4 8 15 -3.540 2.559 -3.990
SPIN 4 4 8 0 -3.792 3.258 -3.164
SPIN 4 4 8 1 0.355 4.091 4.259
SPIN 4 4 8 2 -4.761 -3.043 -1.754
SPIN 4 4 8 3 0.685 -5.807 0.898
SPIN 4 4 8 4 -3.207 -0.225 4.966
SPIN 4 4 8 5 3.557 -4.509 1.422
SPIN 4 4 8 6 -3.580 2.506 3.988
SPIN 4 4 8 7 0.225 -2.862 -5.173
SPIN 4 4 8 8 -0.468 5.889 -0.324
SPIN 4 4 8 9 2.786 -4.781 -2.093
SPIN 4 4 8 10 -1.245 3.451 4.641
SPIN 4 4 8 11 5.177 2.731 0.858
SPIN 4 4 8 12 -4.456 0.324 3.878
SPIN 4 4 8 13 1.866 -5.428 1.434
SPIN 4 4 8 14 0.921 -4.444 3.795
SPIN 4 4 8 15 3.320 -4.869 0.521
SPIN 1 4 9 0 3.610 -4.416 1.569
SPIN 1 4 9 1 -0.917 0.116 5.843
SPIN 1 4 9 2 3.658 -2.481 3.933
SPIN 1 4 9 3 4.025 -0.061 4.335
SPIN 1 4 9 4 1.709 4.463 -3.487
SPIN 1 4 9 5 5.159 1.626 -2.397
SPIN 1 4 9 6 -3.044 4.545 -2.253
SPIN 1 4 9 7 4.015 -1.518 4.071
SPIN 1 4 9 8 1.180 -2.201 -5.363
SPIN 1 4 9 9 3.091 4.910 -1.157
SPIN 1 4 9 10 4.496 -3.517 1.554
SPIN 1 4 9 11 4.117 -1.071 4.112
SPIN 1 4 9 12 0.475 5.896 0.129
SPIN 1 4 9 13 -3.717 -4.135 -2.022
SPIN 1 4 9 14 -5.590 0.102 -1.935
SPIN 1 4 9 15 -1.439 4.628 3.392
SPIN 4 4 9 0 1.689 -0.205 -5.666
SPIN 4 4 9 1 2.298 0.699 5.406
SPIN 4 4 9 2 1.179 -3.778 4.397
SPIN 4 4 9 3 0.640 4.885 -3.275
SPIN 4 4 9 4 3.951 -3.973 -1.899
SPIN 4 4 9 5 0.552 4.885 -3.291
SPIN 4 4 9 6 4.149 -1.856 -3.787
SPIN 4 4 9 7 -3.053 3.575 3.591
SPIN 4 4 9 8 2.102 -4.809 -2.731
SPIN 4 4 9 9 -4.907 -1.896 2.706
SPIN 4 4 9 10 5.153 -0.169 -2.901
SPIN 4 4 9 11 4.197 3.919 -1.424
SPIN 4 4 9 12 3.358 -3.051 -3.797
SPIN 4 4 9 13 1.860 4.995 2.568
SPIN 4 4 9 14 0.196 5.251 -2.719
SPIN 4 4 9 15 -0.422 -5.776 -1.210
SPIN 1 4 10 0 5.169 1.797 2.248
SPIN 1 4 10 1 2.351 -4.573 2.926
SPIN 1 4 10 2 -1.010 0.269 -5.823
SPIN 1 4 10 3 -4.713 -3.563 0.310
SPIN 1 4 10 4 -4.635 -3.640 0.515
SPIN 1 4 10 5 5.722 1.476 -0.289
SPIN 1 4 10 6 -5.025 -2.304 -2.108
SPIN 1 4 10 7 2.401 4.953 2.169
SPIN 1 4 10 8 2.283 4.765 2.661
SPIN 1 4 10 9 -1.388 4.640 -3.398
SPIN 1 4 10 10 -5.233 2.251 1.596
SPIN 1 4 10 11 -3.491 -2.878 3.812
SPIN 1 4 10 12 -0.055 5.730 1.473
SPIN 1 4 10 13 -1.868 -5.575 0.661
SPIN 1 4 10 14 5.411 2.133 -1.085
SPIN 1 4 10 15 -5.874 -0.452 0.537
SPIN 4 4 10 0 -5.486 0.189 2.205
SPIN 4 4 10 1 4.258 3.809 1.537
SPIN 4 4 10 2 -4.079 2.794 3.249
SPIN 4 4 10 3 5.237 -0.816 -2.628
SPIN 4 4 10 4 5.420 2.371 0.065
SPIN 4 4 10 5 -2.179 5.486 -0.395
SPIN 4 4 10 6 1.780 -5.628 -0.400
SPIN 4 4 10 7 -3.856 3.922 -2.180
SPIN 4 4 10 8 -3.575 2.494 4.000
SPIN 4 4 10 9 -0.660 4.339 -3.967
SPIN 4 4 10 10 -0.228 2.291 -5.450
SPIN 4 4 10 11 0.349 5.902 -0.202
SPIN 4 4 10 12 -2.017 5.537 -0.526
SPIN 4 4 10 13 -1.259 -3.993 -4.180
SPIN 4 4 10 14 4.236 0.870 -4.038
SPIN 4 4 10 15 4.326 3.545 -1.929
SPIN 1 4 11 0 -3.003 -3.248 -3.928
SPIN 1 4 11 1 -5.646 -0.075 -1.766
SPIN 1 4 11 2 -0.531 4.100 4.232
SPIN 1 4 11 3 1.723 -5.536 1.179
SPIN 1 4 11 4 -1.331 3.489 4.588
SPIN 1 4 11 5 -5.863 -0.680 0.408
SPIN 1 4 11 6 1.845 5.607 0.395
SPIN 1 4 11 7 3.500 1.427 -4.551
SPIN 1 4 11 8 -3.831 -0.208 4.504
SPIN 1 4 11 9 -5.831 -1.002 0.020
SPIN 1 4 11 10 2.413 -4.878 -2.319
SPIN 1 4 11 11 3.185 2.126 4.510
SPIN 1 4 11 12 -4.921 -2.350 -2.294
SPIN 1 4 11 13 0.379 5.746 1.355
SPIN 1 4 11 14 -2.500 -2.938 -4.485
SPIN 1 4 11 15 0.533 4.018 4.309
SPIN 4 4 11 0 0.608 2.609 5.275
SPIN 4 4 11 1 -4.766 1.819 -2.996
SPIN 4 4 11 2 -1.273 5.386 2.092
SPIN 4 4 11 3 4.162 0.552 -4.168
SPIN 4 4 11 4 3.835 4.121 -1.818
SPIN 4 4 11 5 -4.844 0.569 3.349
SPIN 4 4 11 6 0.495 5.171 -2.831
SPIN 4 4 11 7 -5.445 -2.203 -0.708
SPIN 4 4 11 8 5.150 -2.910 -0.080
SPIN 4 4 11 9 0.225 5.906 -0.273
SPIN 4 4 11 10 4.351 -2.396 3.213
SPIN 4 4 11 11 5.052 -2.603 1.646
SPIN 4 4 11 12 -4.547 1.935 3.253
SPIN 4 4 11 13 0.784 -4.438 -3.833
SPIN 4 4 11 14 2.769 -0.841 5.160
SPIN 4 4 11 15 2.581 1.494 5.110
SPIN 1 4 12 0 -1.760 5.545 1.077
SPIN 1 4 12 1 -0.569 -2.047 -5.521
SPIN 1 4 12 2 -5.638 1.533 0.926
SPIN 1 4 12 3 5.628 -1.763 0.463
SPIN 1 4 12 4 0.833 -5.432 -2.191
SPIN 1 4 12 5 3.028 4.802 1.665
SPIN 1 4 12 6 -2.235 -4.559 3.037
SPIN 1 4 12 7 5.671 -0.842 1.459
SPIN 1 4 12 8 -5.908 -0.164 0.271
SPIN 1 4 12 9 -2.683 -5.244 -0.549
SPIN 1 4 12 10 1.834 2.763 -4.899
SPIN 1 4 12 11 -5.603 -1.498 1.165
SPIN 1 4 12 12 4.415 -0.364 3.921
SPIN 1 4 12 13 -5.104 2.919 0.653
SPIN 1 4 12 14 0.148 -2.834 5.191
SPIN 1 4 12 15 -0.084 -5.443 -2.317
SPIN 4 4 12 0 -0.682 0.923 -5.804
SPIN 4 4 12 1 1.020 1.647 5.590
SPIN 4 4 12 2 -3.935 -2.602 -3.571
SPIN 4 4 12 3 3.144 -4.410 -2.381
SPIN 4 4 12 4 -5.729 0.298 -1.444
SPIN 4 4 12 5 0.858 5.392 -2.278
SPIN 4 4 12 6 5.633 1.790 -0.262
SPIN 4 4 12 7 1.146 -5.218 2.543
SPIN 4 4 12 8 -3.602 3.901 -2.608
SPIN 4 4 12 9 -0.656 2.711 5.217
SPIN 4 4 12 10 0.124 2.220 -5.482
SPIN 4 4 12 11 -3.918 2.795 -3.441
SPIN 4 4 12 12 0.204 -5.839 0.927
SPIN 4 4 12 13 -5.022 2.569 -1.783
SPIN 4 4 12 14 4.439 2.199 -3.235
SPIN 4 4 12 15 -0.455 -0.831 -5.840
SPIN 1 4 13 0 -0.597 -4.161 4.163
SPIN 1 4 13 1 3.421 4.578 1.531
SPIN 1 4 13 2 -0.369 -1.016 -5.816
SPIN 1 4 13 3 0.522 1.273 5.754
SPIN 1 4 13 4 2.535 2.921 4.477
SPIN 1 4 13 5 -3.864 2.050 -3.983
SPIN 1 4 13 6 -3.248 1.039 -4.834
SPIN 1 4 13 7 2.879 2.674 -4.422
SPIN 1 4 13 8 5.662 -1.560 -0.711
SPIN 1 4 13 9 -2.194 -5.398 1.022
SPIN 1 4 13 10 2.816 -0.202 5.199
SPIN 1 4 13 11 -3.824 -3.824 -2.398
SPIN 1 4 13 12 3.876 4.241 -1.411
SPIN 1 4 13 13 0.816 4.467 3.792
SPIN 1 4 13 14 3.183 1.780 4.658
SPIN 1 4 13 15 0.208 4.949 -3.234
SPIN 4 4 13 0 -5.369 2.175 -1.199
SPIN 4 4 13 1 2.810 -4.429 2.736
SPIN 4 4 13 2 -4.153 3.701 2.014
SPIN 4 4 13 3 -1.070 4.654 -3.492
SPIN 4 4 13 4 -2.683 4.653 -2.480
SPIN 4 4 13 5 2.288 -0.429 5.439
SPIN 4 4 13 6 -4.822 -2.987 -1.683
SPIN 4 4 13 7 0.681 5.808 0.897
SPIN 4 4 13 8 2.310 -5.378 -0.863
SPIN 4 4 13 9 4.824 -0.141 3.422
SPIN 4 4 13 10 -5.844 0.349 0.849
SPIN 4 4 13 11 4.332 1.634 3.683
SPIN 4 4 13 12 -5.840 -0.931 0.179
SPIN 4 4 13 13 3.008 2.394 -4.497
SPIN 4 4 13 14 -3.222 2.113 4.489
SPIN 4 4 13 15 3.322 0.158 -4.893
SPIN 1 4 14 0 -4.062 2.192 3.700
SPIN 1 4 14 1 4.762 -1.703 3.071
SPIN 1 4 14 2 -5.586 -1.781 -0.793
SPIN 1 4 14 3 4.530 -0.853 -3.709
SPIN 1 4 14 4 -0.846 -4.129 -4.152
SPIN 1 4 14 5 5.728 -1.267 0.762
SPIN 1 4 14 6 1.569 -4.852 -2.999
SPIN 1 4 14 7 0.840 4.418 3.844
SPIN 1 4 14 8 2.497 -4.357 -3.127
SPIN 1 4 14 9 2.502 -1.686 5.089
SPIN 1 4 14 10 -0.231 1.107 -5.807
SPIN 1 4 14 11 5.853 0.856 -0.085
SPIN 1 4 14 12 1.419 -5.725 0.464
SPIN 1 4 14 13 4.178 1.875 -3.745
SPIN 1 4 14 14 -0.289 0.325 -5.900
SPIN 1 4 14 15 -1.367 -5.609 -1.294
SPIN 4 4 14 0 -3.044 -4.766 -1.736
SPIN 4 4 14 1 3.613 2.827 -3.735
SPIN 4 4 14 2 3.624 -2.285 4.080
SPIN 4 4 14 3 -5.144 -1.611 -2.439
SPIN 4 4 14 4 4.062 -3.454 2.563
SPIN 4 4 14 5 -0.356 5.892 0.396
SPIN 4 4 14 6 2.952 4.347 2.718
SPIN 4 4 14 7 -2.069 0.175 5.540
SPIN 4 4 14 8 -4.982 1.809 -2.628
SPIN 4 4 14 9 -4.127 4.092 -1.103
SPIN 4 4 14 10 -2.743 -4.064 3.310
SPIN 4 4 14 11 -3.874 -1.457 -4.227
SPIN 4 4 14 12 4.583 3.556 1.160
SPIN 4 4 14 13 -4.826 3.351 -0.694
SPIN 4 4 14 14 4.518 -3.360 -1.817
SPIN 4 4 14 15 0.588 -2.649 5.257
SPIN 1 4 15 0 -1.490 1.036 -5.631
SPIN 1 4 15 1 -1.446 5.377 -1.998
SPIN 1 4 15 2 -1.939 4.194 3.695
SPIN 1 4 15 3 3.994 0.501 -4.336
SPIN 1 4 15 4 -2.690 1.916 -4.908
SPIN 1 4 15 5 -2.242 2.530 4.855
SPIN 1 4 15 6 5.578 -1.869 0.630
SPIN 1 4 15 7 -5.727 0.406 -1.427
SPIN 1 4 15 8 2.044 3.360 4.419
SPIN 1 4 15 9 1.998 4.686 -3.009
SPIN 1 4 15 10 -3.067 -3.323 3.814
SPIN 1 4 15 11 -4.542 -3.661 -0.984
SPIN 1 4 15 12 -5.453 -1.738 -1.497
SPIN 1 4 15 13 -5.773 0.737 1.063
SPIN 1 4 15 14 -2.287 5.155 -1.786
SPIN 1 4 15 15 1.036 -0.830 -5.765
SPIN 4 4 15 0 1.320 5.757 -0.339
SPIN 4 4 15 1 -3.457 -4.355 -2.021
SPIN 4 4 15 2 1.885 5.427 -1.413
SPIN 4 4 15 3 -1.979 4.425 -3.391
SPIN 4 4 15 4 -4.210 1.232 3.969
SPIN 4 4 15 5 1.646 -4.260 -3.760
SPIN 4 4 15 6 -3.986 1.985 3.895
SPIN 4 4 15 7 4.827 -1.475 -3.086
SPIN 4 4 15 8 5.086 3.019 0.157
SPIN 4 4 15 9 -3.718 -4.174 -1.938
SPIN 4 4 15 10 5.406 1.861 1.519
SPIN 4 4 15 11 2.750 0.650 -5.198
SPIN 4 4 15 12 -4.896 -3.119 -1.141
SPIN 4 4 15 13 5.311 -1.309 2.253
SPIN 4 4 15 14 0.621 5.879 -0.228
SPIN 4 4 15 15 4.204 2.104 -3.591
SPIN 3 4 0 0 -3.923 -3.462 -2.761
SPIN 3 4 0 1 -3.426 1.998 -4.390
SPIN 3 4 0 2 3.545 -2.228 -4.180
SPIN 3 4 0 3 -3.405 -4.698 1.154
SPIN 3 4 0 4 -0.507 0.161 -5.892
SPIN 3 4 0 5 -5.107 0.211 2.979
SPIN 3 4 0 6 1.612 4.428 3.577
SPIN 3 4 0 7 0.566 -5.538 -2.002
SPIN 3 4 0 8 -5.286 2.320 -1.296
SPIN 3 4 0 9 4.203 -1.872 -3.719
SPIN 3 4 0 10 0.250 -3.539 4.734
SPIN 3 4 0 11 -5.782 -1.231 0.220
SPIN 3 4 0 12 -2.875 -5.085 0.936
SPIN 3 4 0 13 -5.738 1.146 -0.873
SPIN 3 4 0 14 -0.705 -0.872 5.809
SPIN 3 4 0 15 0.354 1.635 -5.675
SPIN 2 4 0 0 -1.445 -5.735 0.135
SPIN 2 4 0 1 2.173 0.967 -5.417
SPIN 2 4 0 2 -3.925 -0.204 4.422
SPIN 2 4 0 3 -2.895 -0.772 -5.101
SPIN 2 4 0 4 -1.968 -5.451 -1.191
SPIN 2 4 0 5 -5.663 -1.434 -0.932
SPIN 2 4 0 6 5.845 -0.828 0.387
SPIN 2 4 0 7 -3.608 -4.687 -0.133
SPIN 2 4 0 8 -0.398 -3.420 -4.811
SPIN 2 4 0 9 -0.869 -3.986 4.285
SPIN 2 4 0 10 -0.356 -2.663 -5.271
SPIN 2 4 0 11 -0.966 0.529 5.813
SPIN 2 4 0 12 5.331 -0.789 -2.441
SPIN 2 4 0 13 -2.581 3.610 3.912
SPIN 2 4 0 14 2.027 -4.645 3.053
SPIN 2 4 0 15 2.925 -3.725 -3.545
SPIN 3 4 1 0 -3.245 -2.215 4.423
SPIN 3 4 1 1 5.147 0.817 -2.800
SPIN 3 4 1 2 -0.716 -5.381 2.352
SPIN 3 4 1 3 -1.340 2.970 -4.938
SPIN 3 4 1 4 5.386 0.684 -2.350
SPIN 3 4 1 5 -5.581 0.626 1.860
SPIN 3 4 1 6 5.503 -2.134 -0.408
SPIN 3 4 1 7 2.929 3.196 -4.026
SPIN 3 4 1 8 0.091 -5.558 2.026
SPIN 3 4 1 9 -4.876 -2.822 1.805
SPIN 3 4 1 10 3.378 4.857 -0.007
SPIN 3 4 1 11 2.575 2.840 4.506
SPIN 3 4 1 12 -4.505 3.805 -0.473
SPIN 3 4 1 13 -1.949 -1.109 5.475
SPIN 3 4 1 14 -5.805 1.019 0.510
SPIN 3 4 1 15 -0.890 2.183 -5.426
SPIN 2 4 1 0 0.397 -3.029 5.066
SPIN 2 4 1 1 -2.397 5.215 -1.436
SPIN 2 4 1 2 3.454 -2.403 -4.159
SPIN 2 4 1 3 -2.133 -4.322 -3.431
SPIN 2 4 1 4 -2.973 -2.058 4.682
SPIN 2 4 1 5 4.513 1.302 -3.598
SPIN 2 4 1 6 -5.291 1.703 2.027
SPIN 2 4 1 7 3.221 4.917 -0.669
SPIN 2 4 1 8 -1.143 2.377 -5.296
SPIN 2 4 1 9 0.997 -2.938 -5.037
SPIN 2 4 1 10 2.936 -4.385 -2.675
SPIN 2 4 1 11 -1.616 -1.752 5.415
SPIN 2 4 1 12 4.416 1.263 -3.729
SPIN 2 4 1 13 1.610 -5.035 -2.657
SPIN 2 4 1 14 -2.368 5.322 1.033
SPIN 2 4 1 15 -3.683 -4.027 -2.284
SPIN 3 4 2 0 -1.108 1.974 -5.466
SPIN 3 4 2 1 4.199 -3.975 -1.253
SPIN 3 4 2 2 -2.661 -3.401 -4.044
SPIN 3 4 2 3 -4.170 0.363 -4.181
SPIN 3 4 2 4 -2.213 -0.373 5.474
SPIN 3 4 2 5 2.130 -0.803 -5.460
SPIN 3 4 2 6 -0.455 -4.752 3.494
SPIN 3 4 2 7 -5.001 -1.239 2.907
SPIN 3 4 2 8 2.910 -4.065 3.163
SPIN 3 4 2 9 -0.855 1.045 -5.760
SPIN 3 4 2 10 1.553 -5.709 -0.010
SPIN 3 4 2 11 -2.957 -2.053 -4.695
SPIN 3 4 2 12 0.848 -5.835 0.484
SPIN 3 4 2 13 3.684 3.823 -2.609
SPIN 3 4 2 14 -1.645 -4.643 -3.277
SPIN 3 4 2 15 2.123 -5.038 -2.262
SPIN 2 4 2 0 -3.589 3.987 -2.495
SPIN 2 4 2 1 3.187 -2.500 4.312
SPIN 2 4 2 2 3.106 3.370 3.741
SPIN 2 4 2 3 -2.031 1.995 5.186
SPIN 2 4 2 4 0.654 -5.875 -0.244
SPIN 2 4 2 5 3.822 1.184 4.358
SPIN 2 4 2 6 -1.111 -5.611 -1.509
SPIN 2 4 2 7 -5.125 -2.956 0.009
SPIN 2 4 2 8 1.899 -1.896 5.272
SPIN 2 4 2 9 -2.050 -5.032 2.340
SPIN 2 4 2 10 0.549 4.970 -3.163
SPIN 2 4 2 11 -2.228 5.117 -1.963
SPIN 2 4 2 12 -2.651 -3.444 -4.014
SPIN 2 4 2 13 2.797 -3.563 3.806
SPIN 2 4 2 14 0.249 5.188 -2.832
SPIN 2 4 2 15 4.925 0.928 -3.143
SPIN 3 4 3 0 -3.374 3.167 3.687
SPIN 3 4 3 1 -5.305 0.414 2.586
SPIN 3 4 3 2 -1.427 5.105 -2.627
SPIN 3 4 3 3 5.568 1.616 1.177
SPIN 3 4 3 4 -3.667 0.025 4.642
SPIN 3 4 3 5 -5.060 0.403 3.038
SPIN 3 4 3 6 -5.785 -0.888 -0.864
SPIN 3 4 3 7 2.454 0.303 -5.375
SPIN 3 4 3 8 -3.210 3.707 -3.310
SPIN 3 4 3 9 -0.078 -2.924 5.142
SPIN 3 4 3 10 1.470 5.627 -1.087
SPIN 3 4 3 11 -4.835 -0.992 3.261
SPIN 3 4 3 12 -1.817 -1.859 -5.314
SPIN 3 4 3 13 -0.672 5.098 2.925
SPIN 3 4 3 14 0.852 -5.479 -2.062
SPIN 3 4 3 15 2.398 4.021 -3.617
SPIN 2 4 3 0 2.550 -5.016 -1.826
SPIN 2 4 3 1 4.270 -3.776 -1.585
SPIN 2 4 3 2 -2.104 5.007 2.346
SPIN 2 4 3 3 -4.664 0.013 3.640
SPIN 2 4 3 4 3.116 4.731 1.706
SPIN 2 4 3 5 4.558 3.441 1.544
SPIN 2 4 3 6 0.731 4.940 -3.172
SPIN 2 4 3 7 -3.613 -4.055 -2.347
SPIN 2 4 3 8 2.167 -5.463 0.681
SPIN 2 4 3 9 5.239 2.719 0.402
SPIN 2 4 3 10 -4.925 2.548 2.062
SPIN 2 4 3 11 3.912 4.174 -1.507
SPIN 2 4 3 12 -0.886 -4.958 3.104
SPIN 2 4 3 13 -0.033 -3.924 4.428
SPIN 2 4 3 14 -3.548 -2.039 -4.273
SPIN 2 4 3 15 -5.078 2.635 -1.506
SPIN 3 4 4 0 1.193 5.316 -2.305
SPIN 3 4 4 1 5.137 2.603 1.356
SPIN 3 4 4 2 1.390 -0.191 -5.747
SPIN 3 4 4 3 3.783 -2.675 3.679
SPIN 3 4 4 4 -0.346 3.010 -5.081
SPIN 3 4 4 5 3.956 -1.923 3.956
SPIN 3 4 4 6 -3.817 4.097 -1.910
SPIN 3 4 4 7 -1.895 -5.119 2.281
SPIN 3 4 4 8 1.675 -4.513 -3.440
SPIN 3 4 4 9 -4.856 -2.673 -2.067
SPIN 3 4 4 10 3.501 3.656 3.063
SPIN 3 4 4 11 -1.176 4.995 -2.944
SPIN 3 4 4 12 -0.916 4.117 4.148
SPIN 3 4 4 13 4.593 -3.315 -1.708
SPIN 3 4 4 14 3.731 2.780 3.653
SPIN 3 4 4 15 2.651 -5.274 -0.388
SPIN 2 4 4 0 -3.031 5.050 -0.558
SPIN 2 4 4 1 3.010 -4.932 -1.272
SPIN 2 4 4 2 -5.237 -1.064 -2.539
SPIN 2 4 4 3 5.782 1.196 0.370
SPIN 2 4 4 4 3.189 -4.720 1.598
SPIN 2 4 4 5 -4.814 0.262 3.429
SPIN 2 4 4 6 -0.810 -4.821 -3.331
SPIN 2 4 4 7 5.512 -1.275 -1.729
SPIN 2 4 4 8 4.182 4.159 -0.456
SPIN 2 4 4 9 -0.946 -5.806 -0.631
SPIN 2 4 4 10 -0.368 -4.377 -3.963
SPIN 2 4 4 11 -4.996 0.507 3.127
SPIN 2 4 4 12 4.744 2.303 2.681
SPIN 2 4 4 13 5.780 0.815 0.961
SPIN 2 4 4 14 -5.250 -2.303 1.461
SPIN 2 4 4 15 -4.108 -1.653 3.923
SPIN 3 4 5 0 -2.394 -4.851 2.395
SPIN 3 4 5 1 -0.613 5.687 -1.512
SPIN 3 4 5 2 -5.775 -1.267 -0.208
SPIN 3 4 5 3 1.700 3.619 -4.360
SPIN 3 4 5 4 -2.227 -4.958 -2.336
SPIN 3 4 5 5 4.514 3.389 -1.771
SPIN 3 4 5 6 -4.834 3.311 0.815
SPIN 3 4 5 7 -0.783 4.034 -4.256
SPIN 3 4 5 8 0.533 -5.399 2.360
SPIN 3 4 5 9 2.924 5.097 0.688
SPIN 3 4 5 10 3.811 -2.973 -3.411
SPIN 3 4 5 11 2.839 4.499 -2.589
SPIN 3 4 5 12 2.330 -5.372 -0.846
SPIN 3 4 5 13 -4.802 3.456 0.020
SPIN 3 4 5 14 3.282 -3.106 -3.819
SPIN 3 4 5 15 -0.337 4.916 -3.274
SPIN 2 4 5 0 -1.311 -4.987 -2.899
SPIN 2 4 5 1 1.378 5.734 -0.477
SPIN 2 4 5 2 -3.696 -4.599 -0.427
SPIN 2 4 5 3 -1.760 5.024 -2.581
SPIN 2 4 5 4 -5.732 0.629 1.321
SPIN 2 4 5 5 3.300 -4.201 2.542
SPIN 2 4 5 6 2.143 -0.431 5.497
SPIN 2 4 5 7 -4.085 -3.433 -2.555
SPIN 2 4 5 8 -3.500 -1.288 4.593
SPIN 2 4 5 9 1.758 -1.106 -5.539
SPIN 2 4 5 10 -1.836 -5.055 2.466
SPIN 2 4 5 11 -2.357 1.413 -5.239
SPIN 2 4 5 12 -5.480 0.663 2.127
SPIN 2 4 5 13 -2.515 5.342 0.372
SPIN 2 4 5 14 4.466 0.776 3.801
SPIN 2 4 5 15 1.164 -2.627 -5.172
SPIN 3 4 6 0 5.778 -0.891 0.907
SPIN 3 4 6 1 2.512 3.461 -4.088
SPIN 3 4 6 2 4.207 2.116 -3.581
SPIN 3 4 6 3 -3.964 -3.969 -1.879
SPIN 3 4 6 4 0.198 -4.242 4.119
SPIN 3 4 6 5 -3.510 -2.242 -4.202
SPIN 3 4 6 6 0.814 3.061 4.997
SPIN 3 4 6 7 5.332 -2.530 -0.415
SPIN 3 4 6 8 -2.268 5.310 1.288
SPIN 3 4 6 9 -1.301 -1.480 5.578
SPIN 3 4 6 10 -2.104 3.236 -4.484
SPIN 3 4 6 11 -4.618 -1.784 3.239
SPIN 3 4 6 12 5.750 -0.680 -1.214
SPIN 3 4 6 13 -2.561 -2.017 4.937
SPIN 3 4 6 14 -3.202 -3.997 -2.962
SPIN 3 4 6 15 -1.880 5.600 -0.331
SPIN 2 4 6 0 0.808 3.410 -4.767
SPIN 2 4 6 1 5.355 -2.066 1.435
SPIN 2 4 6 2 0.749 5.522 1.987
SPIN 2 4 6 3 0.492 -5.892 0.206
SPIN 2 4 6 4 -3.944 3.169 -3.067
SPIN 2 4 6 5 1.202 -5.240 -2.470
SPIN 2 4 6 6 -2.729 -2.040 -4.836
SPIN 2 4 6 7 2.938 -3.114 4.083
SPIN 2 4 6 8 3.690 -4.466 -1.202
SPIN 2 4 6 9 2.442 1.456 -5.188
SPIN 2 4 6 10 -1.188 5.795 -0.064
SPIN 2 4 6 11 -0.006 -1.237 5.785
SPIN 2 4 6 12 3.472 4.395 1.906
SPIN 2 4 6 13 -0.337 -5.855 -0.780
SPIN 2 4 6 14 4.631 -3.188 -1.842
SPIN 2 4 6 15 -0.270 -1.454 5.728
SPIN 3 4 7 0 -1.421 -1.348 5.583
SPIN 3 4 7 1 -2.896 -5.145 0.373
SPIN 3 4 7 2 -3.601 4.292 -1.899
SPIN 3 4 7 3 -4.760 -0.831 3.414
SPIN 3 4 7 4 -2.610 2.094 4.879
SPIN 3 4 7 5 -4.010 1.106 -4.207
SPIN 3 4 7 6 -2.426 -5.310 0.959
SPIN 3 4 7 7 -4.939 -2.120 -2.472
SPIN 3 4 7 8 4.155 3.336 2.570
SPIN 3 4 7 9 -0.284 -5.784 -1.211
SPIN 3 4 7 10 4.593 2.897 2.348
SPIN 3 4 7 11 -2.470 -1.062 5.270
SPIN 3 4 7 12 1.902 5.433 1.364
SPIN 3 4 7 13 -2.703 3.032 -4.301
SPIN 3 4 7 14 5.357 0.577 -2.444
SPIN 3 4 7 15 4.314 0.066 4.048
SPIN 2 4 7 0 -0.160 5.667 -1.689
SPIN 2 4 7 1 0.139 -4.904 3.306
SPIN 2 4 7 2 -2.343 3.099 4.462
SPIN 2 4 7 3 4.592 -1.406 -3.456
SPIN 2 4 7 4 4.457 3.785 0.899
SPIN 2 4 7 5 2.567 0.939 -5.247
SPIN 2 4 7 6 1.475 3.628 4.434
SPIN 2 4 7 7 4.556 1.373 -3.515
SPIN 2 4 7 8 -1.088 4.424 -3.775
SPIN 2 4 7 9 5.885 -0.468 -0.388
SPIN 2 4 7 10 0.080 5.914 0.122
SPIN 2 4 7 11 -3.776 3.869 -2.403
SPIN 2 4 7 12 -5.056 -2.807 -1.249
SPIN 2 4 7 13 2.852 2.237 4.676
SPIN 2 4 7 14 0.309 -3.895 -4.442
SPIN 2 4 7 15 -4.340 -3.801 -1.311
SPIN 3 4 8 0 -1.693 1.257 -5.528
SPIN 3 4 8 1 -5.771 -1.038 0.787
SPIN 3 4 8 2 -5.279 -2.399 -1.172
SPIN 3 4 8 3 -1.296 5.214 2.477
SPIN 3 4 8 4 4.386 -3.480 1.911
SPIN 3 4 8 5 -5.607 1.314 -1.354
SPIN 3 4 8 6 0.785 2.515 -5.297
SPIN 3 4 8 7 0.780 -2.838 5.132
SPIN 3 4 8 8 -5.451 1.278 1.911
SPIN 3 4 8 9 2.824 4.762 -2.084
SPIN 3 4 8 10 1.664 -2.715 -4.986
SPIN 3 4 8 11 -5.565 -0.021 2.008
SPIN 3 4 8 12 -1.020 -0.978 -5.745
SPIN 3 4 8 13 -4.521 -3.407 -1.718
SPIN 3 4 8 14 0.399 5.844 -0.828
SPIN 3 4 8 15 -3.344 4.874 -0.249
SPIN 2 4 8 0 -2.471 -5.374 -0.110
SPIN 2 4 8 1 4.114 0.668 -4.199
SPIN 2 4 8 2 5.841 0.628 -0.696
SPIN 2 4 8 3 -4.423 1.082 3.777
SPIN 2 4 8 4 -3.081 -5.042 -0.288
SPIN 2 4 8 5 1.247 1.273 -5.641
SPIN 2 4 8 6 0.145 -5.243 -2.736
SPIN 2 4 8 7 -2.529 1.716 5.066
SPIN 2 4 8 8 -5.503 -1.437 -1.628
SPIN 2 4 8 9 1.571 -4.239 -3.816
SPIN 2 4 8 10 -1.405 5.000 -2.833
SPIN 2 4 8 11 3.113 -1.451 4.817
SPIN 2 4 8 12 -3.972 1.226 4.209
SPIN 2 4 8 13 -2.249 -3.138 -4.483
SPIN 2 4 8 14 0.361 5.381 2.432
SPIN 2 4 8 15 0.724 4.567 -3.690
SPIN 3 4 9 0 -0.332 -5.731 1.429
SPIN 3 4 9 1 -5.010 -2.884 1.257
SPIN 3 4 9 2 -0.676 5.021 3.055
SPIN 3 4 9 3 -1.105 -1.969 5.468
SPIN 3 4 9 4 -1.864 4.869 2.796
SPIN 3 4 9 5 5.912 -0.054 -0.224
SPIN 3 4 9 6 0.313 1.444 5.729
SPIN 3 4 9 7 5.662 -0.799 -1.517
SPIN 3 4 9 8 -1.152 3.349 4.739
SPIN 3 4 9 9 3.738 -2.643 3.747
SPIN 3 4 9 10 -0.104 1.548 5.709
SPIN 3 4 9 11 5.671 1.227 1.155
SPIN 3 4 9 12 -1.516 -3.090 4.812
SPIN 3 4 9 13 -2.381 5.410 0.249
SPIN 3 4 9 14 2.327 -4.812 -2.536
SPIN 3 4 9 15 -3.612 1.720 -4.358
SPIN 2 4 9 0 -0.442 0.246 5.894
SPIN 2 4 9 1 -5.045 -1.412 2.748
SPIN 2 4 9 2 -5.459 0.372 -2.250
SPIN 2 4 9 3 2.775 -0.065 -5.225
SPIN 2 4 9 4 -3.033 -2.160 -4.598
SPIN 2 4 9 5 1.568 -4.035 4.033
SPIN 2 4 9 6 0.799 -4.120 -4.170
SPIN 2 4 9 7 5.366 2.394 0.690
SPIN 2 4 9 8 -1.080 -0.371 5.805
SPIN 2 4 9 9 -5.428 2.290 -0.543
SPIN 2 4 9 10 0.970 -3.710 4.505
SPIN 2 4 9 11 -0.502 -3.647 -4.631
SPIN 2 4 9 12 -0.899 -4.421 3.827
SPIN 2 4 9 13 -4.624 2.516 2.699
SPIN 2 4 9 14 -3.125 -0.903 -4.942
SPIN 2 4 9 15 -5.303 -0.483 -2.577
SPIN 3 4 10 0 -1.309 1.732 -5.503
SPIN 3 4 10 1 -5.000 3.001 -0.999
SPIN 3 4 10 2 -1.879 -5.416 1.460
SPIN 3 4 10 3 4.666 1.167 3.444
SPIN 3 4 10 4 -3.708 -3.074 3.435
SPIN 3 4 10 5 -4.673 2.814 -2.290
SPIN 3 4 10 6 0.756 1.551 5.659
SPIN 3 4 10 7 -1.315 -4.783 -3.225
SPIN 3 4 10 8 0.515 0.743 -5.847
SPIN 3 4 10 9 0.618 -0.412 -5.869
SPIN 3 4 10 10 4.022 4.337 0.111
SPIN 3 4 10 11 -3.237 4.487 -2.096
SPIN 3 4 10 12 -0.476 -0.970 5.817
SPIN 3 4 10 13 2.247 -3.964 -3.773
SPIN 3 4 10 14 -1.524 2.498 5.142
SPIN 3 4 10 15 5.384 1.375 2.030
SPIN 2 4 10 0 4.346 -1.150 3.846
SPIN 2 4 10 1 1.026 5.618 -1.543
SPIN 2 4 10 2 -4.594 -0.981 -3.597
SPIN 2 4 10 3 4.359 -0.643 3.948
SPIN 2 4 10 4 -5.641 -0.580 1.688
SPIN 2 4 10 5 0.622 -1.210 -5.757
SPIN 2 4 10 6 3.662 -4.524 1.057
SPIN 2 4 10 7 -0.942 4.422 -3.815
SPIN 2 4 10 8 4.817 -0.025 -3.435
SPIN 2 4 10 9 3.189 -3.210 3.812
SPIN 2 4 10 10 -4.209 -3.363 2.444
SPIN 2 4 10 11 5.063 1.429 2.706
SPIN 2 4 10 12 4.996 2.926 1.217
SPIN 2 4 10 13 5.824 0.853 -0.593
SPIN 2 4 10 14 2.159 -3.445 4.297
SPIN 2 4 10 15 -3.508 4.450 1.699
SPIN 3 4 11 0 -1.677 5.630 0.698
SPIN 3 4 11 1 4.830 -1.843 2.877
SPIN 3 4 11 2 -4.240 -2.351 -3.390
SPIN 3 4 11 3 1.446 3.065 -4.849
SPIN 3 4 11 4 -5.149 0.801 -2.802
SPIN 3 4 11 5 0.642 -1.840 -5.586
SPIN 3 4 11 6 -5.682 -0.351 -1.610
SPIN 3 4 11 7 1.300 4.408 -3.725
SPIN 3 4 11 8 -3.570 -3.918 -2.628
SPIN 3 4 11 9 -0.531 0.676 5.853
SPIN 3 4 11 10 2.210 -2.903 -4.657
SPIN 3 4 11 11 -4.974 2.057 -2.456
SPIN 3 4 11 12 5.836 -0.252 -0.935
SPIN 3 4 11 13 -1.354 5.273 -2.316
SPIN 3 4 11 14 2.995 -1.796 4.776
SPIN 3 4 11 15 0.966 -2.798 -5.122
SPIN 2 4 11 0 1.493 -5.695 0.577
SPIN 2 4 11 1 3.809 3.543 -2.817
SPIN 2 4 11 2 5.753 0.410 1.315
SPIN 2 4 11 3 -4.798 2.356 -2.536
SPIN 2 4 11 4 -3.466 -3.980 2.674
SPIN 2 4 11 5 0.152 -1.224 5.786
SPIN 2 4 11 6 -0.761 5.338 2.435
SPIN 2 4 11 7 0.090 -3.037 5.076
SPIN 2 4 11 8 -0.910 0.862 -5.782
SPIN 2 4 11 9 2.382 5.307 1.077
SPIN 2 4 11 10 3.208 -4.823 -1.204
SPIN 2 4 11 11 -1.135 4.787 3.286
SPIN 2 4 11 12 -0.322 4.541 -3.778
SPIN 2 4 11 13 -4.259 -3.813 1.524
SPIN 2 4 11 14 -2.587 1.526 5.097
SPIN 2 4 11 15 -5.771 -0.605 -1.151
SPIN 3 4 12 0 -3.501 -4.768 0.120
SPIN 3 4 12 1 -5.885 -0.531 0.291
SPIN 3 4 12 2 4.794 0.883 3.352
SPIN 3 4 12 3 -4.391 1.342 -3.731
SPIN 3 4 12 4 5.735 -0.902 1.138
SPIN 3 4 12 5 -4.491 -3.732 -0.952
SPIN 3 4 12 6 2.064 4.207 3.611
SPIN 3 4 12 7 -5.138 2.830 0.768
SPIN 3 4 12 8 5.178 -0.257 -2.851
SPIN 3 4 12 9 -5.378 -1.044 -2.233
SPIN 3 4 12 10 -2.839 0.397 5.175
SPIN 3 4 12 11 3.852 -3.474 -2.845
SPIN 3 4 12 12 -2.489 -5.207 1.301
SPIN 3 4 12 13 4.070 3.858 -1.884
SPIN 3 4 12 14 -3.065 0.955 -4.969
SPIN 3 4 12 15 1.459 5.731 -0.171
SPIN 2 4 12 0 -4.553 3.552 -1.285
SPIN 2 4 12 1 2.844 3.415 -3.905
SPIN 2 4 12 2 -1.518 4.981 -2.809
SPIN 2 4 12 3 -0.125 -5.911 0.216
SPIN 2 4 12 4 4.878 1.638 2.918
SPIN 2 4 12 5 -3.848 -2.977 3.365
SPIN 2 4 12 6 -1.493 -4.511 -3.525
SPIN 2 4 12 7 4.458 -0.224 -3.883
SPIN 2 4 12 8 -2.702 5.243 0.457
SPIN 2 4 12 9 1.535 -5.433 -1.768
SPIN 2 4 12 10 4.688 2.509 2.594
SPIN 2 4 12 11 -1.561 -3.202 -4.724
SPIN 2 4 12 12 3.282 -3.006 3.897
SPIN 2 4 12 13 -4.282 -2.486 -3.238
SPIN 2 4 12 14 -0.452 -5.344 -2.499
SPIN 2 4 12 15 1.886 4.984 -2.569
SPIN 3 4 13 0 5.190 0.461 -2.802
SPIN 3 4 13 1 3.775 1.259 4.378
SPIN 3 4 13 2 3.105 0.435 5.017
SPIN 3 4 13 3 -3.965 4.112 1.542
SPIN 3 4 13 4 5.657 -0.239 -1.714
SPIN 3 4 13 5 1.205 4.925 3.049
SPIN 3 4 13 6 0.372 2.247 5.460
SPIN 3 4 13 7 -0.866 -5.852 -0.045
SPIN 3 4 13 8 5.358 -0.187 2.502
SPIN 3 4 13 9 -4.787 0.238 -3.469
SPIN 3 4 13 10 -0.647 -3.294 -4.872
SPIN 3 4 13 11 -0.255 4.554 3.768
SPIN 3 4 13 12 0.953 -3.482 -4.687
SPIN 3 4 13 13 -1.068 -5.539 -1.782
SPIN 3 4 13 14 4.987 3.125 -0.602
SPIN 3 4 13 15 -4.560 2.472 2.845
SPIN 2 4 13 0 3.122 4.989 0.603
SPIN 2 4 13 1 -4.477 -3.227 -2.133
SPIN 2 4 13 2 5.827 -0.041 -1.024
SPIN 2 4 13 3 0.303 4.226 4.129
SPIN 2 4 13 4 -2.256 -5.432 -0.633
SPIN 2 4 13 5 5.016 0.642 3.070
SPIN 2 4 13 6 1.576 1.720 -5.437
SPIN 2 4 13 7 -3.360 4.835 0.577
SPIN 2 4 13 8 0.825 -2.450 -5.321
SPIN 2 4 13 9 -5.368 2.401 0.647
SPIN 2 4 13 10 4.743 -2.494 2.507
SPIN 2 4 13 11 2.389 1.123 -5.295
SPIN 2 4 13 12 0.517 -4.934 3.223
SPIN 2 4 13 13 -0.213 5.854 0.827
SPIN 2 4 13 14 -1.816 -5.462 1.369
SPIN 2 4 13 15 -0.088 1.117 5.809
SPIN 3 4 14 0 3.911 -4.408 -0.525
SPIN 3 4 14 1 -3.976 0.196 -4.376
SPIN 3 4 14 2 5.845 -0.043 -0.914
SPIN 3 4 14 3 1.780 -5.642 0.006
SPIN 3 4 14 4 -5.791 1.205 -0.093
SPIN 3 4 14 5 -4.581 2.036 -3.142
SPIN 3 4 14 6 4.797 3.197 1.329
SPIN 3 4 14 7 2.455 -3.536 -4.058
SPIN 3 4 14 8 5.816 -0.484 -0.971
SPIN 3 4 14 9 4.433 -1.190 -3.732
SPIN 3 4 14 10 -4.456 3.770 0.968
SPIN 3 4 14 11 -5.287 -1.157 2.389
SPIN 3 4 14 12 5.533 -1.673 -1.260
SPIN 3 4 14 13 -0.117 4.658 3.645
SPIN 3 4 14 14 1.610 4.801 -3.060
SPIN 3 4 14 15 -4.302 2.801 -2.941
SPIN 2 4 14 0 3.525 3.060 -3.634
SPIN 2 4 14 1 4.961 2.795 1.606
SPIN 2 4 14 2 -2.197 -5.480 -0.377
SPIN 2 4 14 3 4.196 1.666 3.823
SPIN 2 4 14 4 -0.554 3.867 4.443
SPIN 2 4 14 5 2.178 -5.370 1.192
SPIN 2 4 14 6 -4.958 -1.851 2.644
SPIN 2 4 14 7 3.758 -3.246 3.215
SPIN 2 4 14 8 -4.579 -1.838 3.263
SPIN 2 4 14 9 2.532 -5.221 -1.150
SPIN 2 4 14 10 -5.068 -2.217 2.098
SPIN 2 4 14 11 -4.792 -0.903 3.350
SPIN 2 4 14 12 -3.161 -2.792 -4.149
SPIN 2 4 14 13 0.681 -0.409 5.863
SPIN 2 4 14 14 3.995 -0.402 4.345
SPIN 2 4 14 15 1.419 -5.510 -1.622
SPIN 3 4 15 0 2.486 0.617 -5.333
SPIN 3 4 15 1 -1.901 4.686 3.070
SPIN 3 4 15 2 -5.362 -2.485 -0.276
SPIN 3 4 15 3 5.642 -0.887 -1.542
SPIN 3 4 15 4 1.240 1.811 5.494
SPIN 3 4 15 5 -0.877 2.286 -5.386
SPIN 3 4 15 6 1.255 0.224 -5.777
SPIN 3 4 15 7 -1.754 -0.548 5.623
SPIN 3 4 15 8 3.731 -1.477 4.347
SPIN 3 4 15 9 0.773 -3.543 4.675
SPIN 3 4 15 10 2.212 0.104 -5.486
SPIN 3 4 15 11 -1.850 3.636 4.284
SPIN 3 4 15 12 -2.940 2.209 4.634
SPIN 3 4 15 13 5.491 1.380 -1.715
SPIN 3 4 15 14 -3.155 -3.441 3.634
SPIN 3 4 15 15 2.678 5.246 -0.553
SPIN 2 4 15 0 5.618 1.509 -1.076
SPIN 2 4 15 1 0.592 4.977 3.143
SPIN 2 4 15 2 5.442 0.126 -2.316
SPIN 2 4 15 3 5.875 0.217 0.658
SPIN 2 4 15 4 1.214 1.147 -5.675
SPIN 2 4 15 5 -3.466 -4.549 1.514
SPIN 2 4 15 6 2.278 -3.732 3.985
SPIN 2 4 15 7 1.559 5.704 -0.182
SPIN 2 4 15 8 3.136 -0.831 4.947
SPIN 2 4 15 9 -5.030 -1.275 -2.841
SPIN 2 4 15 10 -2.653 5.154 -1.182
SPIN 2 4 15 11 4.481 2.466 2.973
SPIN 2 4 15 12 1.202 5.654 -1.260
SPIN 2 4 15 13 3.640 -4.622 0.620
SPIN 2 4 15 14 -3.278 2.298 -4.356
SPIN 2 4 15 15 1.499 -3.524 4.509
SPIN 1 5 0 0 -5.765 1.109 -0.730
SPIN 1 5 0 1 0.278 -1.411 -5.738
SPIN 1 5 0 2 -0.209 -1.161 5.797
SPIN 1 5 0 3 4.062 4.225 -0.806
SPIN 1 5 0 4 -2.599 -1.753 5.018
SPIN 1 5 0 5 -0.987 5.615 -1.581
SPIN 1 5 0 6 5.162 2.864 0.388
SPIN 1 5 0 7 2.026 4.665 3.023
SPIN 1 5 0 8 -5.680 -0.046 1.654
SPIN 1 5 0 9 0.407 4.207 -4.139
SPIN 1 5 0 10 -1.588 -5.251 -2.215
SPIN 1 5 0 11 -3.981 4.140 -1.419
SPIN 1 5 0 12 5.272 -2.433 -1.134
SPIN 1 5 0 13 -4.302 2.695 -3.038
SPIN 1 5 0 14 -0.846 -1.971 5.514
SPIN 1 5 0 15 5.401 0.742 2.297
SPIN 4 5 0 0 -1.653 -2.681 5.008
SPIN 4 5 0 1 -4.733 -3.454 0.817
SPIN 4 5 0 2 5.527 1.617 1.357
SPIN 4 5 0 3 -4.179 4.047 1.076
SPIN 4 5 0 4 4.339 2.316 3.288
SPIN 4 5 0 5 -1.550 -0.435 5.693
SPIN 4 5 0 6 -4.779 3.440 0.573
SPIN 4 5 0 7 3.455 0.784 -4.738
SPIN 4 5 0 8 -4.023 4.212 -1.039
SPIN 4 5 0 9 1.273 -0.266 -5.771
SPIN 4 5 0 10 -4.430 -3.316 2.093
SPIN 4 5 0 11 -3.843 3.724 -2.521
SPIN 4 5 0 12 -4.942 3.178 -0.694
SPIN 4 5 0 13 -2.896 2.180 -4.676
SPIN 4 5 0 14 -5.702 -1.515 -0.434
SPIN 4 5 0 15 4.673 3.562 -0.691
SPIN 1 5 1 0 0.319 -0.629 -5.874
SPIN 1 5 1 1 -1.975 0.149 -5.575
SPIN 1 5 1 2 2.894 4.449 -2.615
SPIN 1 5 1 3 -1.514 -1.556 5.503
SPIN 1 5 1 4 3.492 -3.147 -3.592
SPIN 1 5 1 5 2.278 5.449 -0.342
SPIN 1 5 1 6 -4.377 -3.902 -0.785
SPIN 1 5 1 7 0.466 -1.917 5.577
SPIN 1 5 1 8 3.325 2.839 3.986
SPIN 1 5 1 9 1.088 -5.276 -2.445
SPIN 1 5 1 10 5.115 2.151 2.052
SPIN 1 5 1 11 5.773 -0.762 -1.047
SPIN 1 5 1 12 -4.581 -0.899 -3.634
SPIN 1 5 1 13 1.416 -1.081 -5.641
SPIN 1 5 1 14 -2.817 1.837 -4.867
SPIN 1 5 1 15 5.817 -0.517 -0.948
SPIN 4 5 1 0 -1.166 -1.092 -5.696
SPIN 4 5 1 1 4.900 2.475 2.205
SPIN 4 5 1 2 -4.058 -1.186 -4.139
SPIN 4 5 1 3 1.070 5.348 -2.292
SPIN 4 5 1 4 -4.344 -1.396 3.766
SPIN 4 5 1 5 5.384 0.997 2.240
SPIN 4 5 1 6 3.179 1.954 4.591
SPIN 4 5 1 7 -4.396 2.290 -3.230
SPIN 4 5 1 8 5.242 2.530 1.058
SPIN 4 5 1 9 -2.671 2.227 -4.786
SPIN 4 5 1 10 1.072 -4.336 3.879
SPIN 4 5 1 11 1.804 -5.310 -1.883
SPIN 4 5 1 12 5.587 -0.762 -1.791
SPIN 4 5 1 13 -0.304 -5.870 0.667
SPIN 4 5 1 14 2.075 5.432 -1.087
SPIN 4 5 1 15 -5.881 -0.517 0.385
SPIN 1 5 2 0 5.018 3.001 0.903
SPIN 1 5 2 1 -1.297 0.771 -5.720
SPIN 1 5 2 2 -3.139 -4.767 -1.557
SPIN 1 5 2 3 0.978 -5.440 -2.109
SPIN 1 5 2 4 -5.759 0.556 1.237
SPIN 1 5 2 5 0.047 -2.839 -5.190
SPIN 1 5 2 6 0.239 4.332 -4.022
SPIN 1 5 2 7 3.533 3.437 -3.272
SPIN 1 5 2 8 -2.922 2.564 -4.460
SPIN 1 5 2 9 -2.500 -3.414 4.134
SPIN 1 5 2 10 -3.248 -2.248 -4.404
SPIN 1 5 2 11 0.645 -5.315 -2.518
SPIN 1 5 2 12 5.428 0.816 -2.207
SPIN 1 5 2 13 1.132 5.462 1.972
SPIN 1 5 2 14 -1.367 -5.538 1.571
SPIN 1 5 2 15 4.106 0.918 -4.159
SPIN 4 5 2 0 1.374 -5.211 2.441
SPIN 4 5 2 1 -5.425 0.195 -2.351
SPIN 4 5 2 2 4.066 -0.255 4.289
SPIN 4 5 2 3 -4.968 -0.371 -3.191
SPIN 4 5 2 4 4.822 2.746 2.050
SPIN 4 5 2 5 -3.474 2.341 -4.177
SPIN 4 5 2 6 -0.331 -5.821 1.005
SPIN 4 5 2 7 2.684 4.710 -2.369
SPIN 4 5 2 8 -0.243 4.887 -3.325
SPIN 4 5 2 9 0.168 -4.813 3.436
SPIN 4 5 2 10 5.868 -0.651 -0.372
SPIN 4 5 2 11 -1.869 -3.639 4.274
SPIN 4 5 2 12 3.363 3.828 -3.006
SPIN 4 5 2 13 1.627 0.091 5.687
SPIN 4 5 2 14 5.683 -1.023 1.288
SPIN 4 5 2 15 -3.682 4.436 1.327
SPIN 1 5 3 0 -4.793 -3.464 -0.173
SPIN 1 5 3 1 2.649 5.195 -0.999
SPIN 1 5 3 2 3.969 4.364 -0.454
SPIN 1 5 3 3 1.089 0.351 5.804
SPIN 1 5 3 4 1.978 -3.760 -4.117
SPIN 1 5 3 5 -3.244 -4.927 0.450
SPIN 1 5 3 6 2.152 4.122 3.658
SPIN 1 5 3 7 5.434 -0.532 2.278
SPIN 1 5 3 8 1.987 -5.106 -2.232
SPIN 1 5 3 9 4.430 1.861 -3.451
SPIN 1 5 3 10 0.485 -3.086 5.024
SPIN 1 5 3 11 1.310 3.320 -4.718
SPIN 1 5 3 12 -3.071 -2.399 4.452
SPIN 1 5 3 13 -2.385 -5.195 1.523
SPIN 1 5 3 14 3.542 3.435 -3.263
SPIN 1 5 3 15 -4.343 -2.206 3.358
SPIN 4 5 3 0 -5.301 0.224 2.617
SPIN 4 5 3 1 2.641 -1.136 5.171
SPIN 4 5 3 2 4.800 1.516 -3.109
SPIN 4 5 3 3 -2.006 0.345 5.555
SPIN 4 5 3 4 1.589 -2.113 -5.292
SPIN 4 5 3 5 -2.433 1.306 5.232
SPIN 4 5 3 6 -5.674 1.359 0.979
SPIN 4 5 3 7 4.989 2.892 1.322
SPIN 4 5 3 8 -2.480 -5.369 -0.150
SPIN 4 5 3 9 -0.634 4.207 -4.111
SPIN 4 5 3 10 -4.898 -2.201 -2.483
SPIN 4 5 3 11 -3.786 -4.379 -1.223
SPIN 4 5 3 12 2.401 4.577 -2.878
SPIN 4 5 3 13 2.444 -5.261 -1.164
SPIN 4 5 3 14 -3.221 -2.218 4.440
SPIN 4 5 3 15 5.831 0.775 -0.631
SPIN 1 5 4 0 -3.734 4.588 -0.112
SPIN 1 5 4 1 -0.585 -5.101 -2.940
SPIN 1 5 4 2 -4.951 1.317 2.958
SPIN 1 5 4 3 -1.976 -5.576 -0.087
SPIN 1 5 4 4 4.974 2.206 2.322
SPIN 1 5 4 5 -0.717 2.860 -5.129
SPIN 1 5 4 6 0.745 -5.864 0.236
SPIN 1 5 4 7 3.755 4.536 -0.568
SPIN 1 5 4 8 -5.678 1.586 -0.489
SPIN 1 5 4 9 0.884 -1.997 5.498
SPIN 1 5 4 10 0.141 5.078 -3.032
SPIN 1 5 4 11 -0.690 -2.049 5.507
SPIN 1 5 4 12 -1.668 2.915 4.871
SPIN 1 5 4 13 0.627 4.625 3.636
SPIN 1 5 4 14 5.074 0.111 -3.041
SPIN 1 5 4 15 1.652 -5.335 -1.952
SPIN 4 5 4 0 2.451 -4.123 3.463
SPIN 4 5 4 1 0.724 4.572 -3.684
SPIN 4 5 4 2 -2.456 -2.980 4.482
SPIN 4 5 4 3 -2.034 -1.932 5.208
SPIN 4 5 4 4 3.133 -0.752 4.962
SPIN 4 5 4 5 -0.582 -3.244 -4.913
SPIN 4 5 4 6 -0.610 5.841 0.712
SPIN 4 5 4 7 2.444 -4.667 2.692
SPIN 4 5 4 8 0.007 5.877 0.675
SPIN 4 5 4 9 1.234 -5.366 -2.163
SPIN 4 5 4 10 4.466 2.701 2.785
SPIN 4 5 4 11 -3.807 -2.863 -3.508
SPIN 4 5 4 12 2.779 -4.438 -2.753
SPIN 4 5 4 13 3.397 -0.262 -4.837
SPIN 4 5 4 14 1.761 3.764 -4.211
SPIN 4 5 4 15 -4.937 -2.144 2.456
SPIN 1 5 5 0 -1.876 -5.398 1.529
SPIN 1 5 5 1 4.656 1.612 3.274
SPIN 1 5 5 2 -3.499 -0.992 4.666
SPIN 1 5 5 3 -0.661 1.597 -5.658
SPIN 1 5 5 4 2.121 2.132 5.094
SPIN 1 5 5 5 -1.801 3.960 4.010
SPIN 1 5 5 6 3.606 -0.858 -4.611
SPIN 1 5 5 7 1.813 -2.105 5.223
SPIN 1 5 5 8 2.163 5.504 0.175
SPIN 1 5 5 9 -0.333 -5.417 2.354
SPIN 1 5 5 10 -5.567 1.527 -1.295
SPIN 1 5 5 11 5.611 1.525 1.089
SPIN 1 5 5 12 0.180 -5.913 -0.086
SPIN 1 5 5 13 -2.889 -3.030 -4.180
SPIN 1 5 5 14 5.454 0.540 -2.226
SPIN 1 5 5 15 -4.623 3.624 -0.702
SPIN 4 5 5 0 -5.656 1.690 0.394
SPIN 4 5 5 1 5.658 0.284 1.704
SPIN 4 5 5 2 0.318 -0.263 5.902
SPIN 4 5 5 3 1.592 -3.766 -4.276
SPIN 4 5 5 4 2.494 2.892 -4.519
SPIN 4 5 5 5 -2.487 -5.150 1.515
SPIN 4 5 5 6 -3.487 -4.755 -0.483
SPIN 4 5 5 7 -4.180 2.961 -2.960
SPIN 4 5 5 8 -5.492 -1.705 -1.390
SPIN 4 5 5 9 -4.474 -3.176 -2.214
SPIN 4 5 5 10 -1.595 1.054 5.599
SPIN 4 5 5 11 -3.135 4.587 -2.031
SPIN 4 5 5 12 1.080 3.389 4.727
SPIN 4 5 5 13 -5.483 -0.050 -2.220
SPIN 4 5 5 14 0.294 2.325 5.432
SPIN 4 5 5 15 4.421 -3.028 2.508
SPIN 1 5 6 0 1.949 5.559 0.548
SPIN 1 5 6 1 -4.287 4.076 -0.107
SPIN 1 5 6 2 5.870 0.279 -0.678
SPIN 1 5 6 3 4.415 0.280 3.928
SPIN 1 5 6 4 -1.720 4.675 3.191
SPIN 1 5 6 5 -5.151 0.278 -2.896
SPIN 1 5 6 6 0.591 5.166 -2.822
SPIN 1 5 6 7 -2.263 -4.524 -3.068
SPIN 1 5 6 8 3.038 -2.237 4.557
SPIN 1 5 6 9 -2.094 4.933 2.506
SPIN 1 5 6 10 5.291 -1.275 -2.319
SPIN 1 5 6 11 1.181 -5.775 -0.503
SPIN 1 5 6 12 -1.940 -4.755 -2.938
SPIN 1 5 6 13 -3.000 4.756 -1.838
SPIN 1 5 6 14 5.826 1.019 -0.147
SPIN 1 5 6 15 0.515 -5.147 -2.871
SPIN 4 5 6 0 -3.575 -0.783 4.648
SPIN 4 5 6 1 -3.047 4.359 2.592
SPIN 4 5 6 2 -1.109 -5.803 0.301
SPIN 4 5 6 3 0.610 -5.047 3.026
SPIN 4 5 6 4 4.163 0.945 -4.095
SPIN 4 5 6 5 1.732 -4.079 3.919
SPIN 4 5 6 6 1.714 3.624 -4.351
SPIN 4 5 6 7 -5.152 2.714 -1.044
SPIN 4 5 6 8 -4.403 -2.151 -3.315
SPIN 4 5 6 9 -0.690 4.685 -3.546
SPIN 4 5 6 10 -3.182 0.810 -4.921
SPIN 4 5 6 11 3.410 2.603 -4.074
SPIN 4 5 6 12 4.990 -2.938 -1.209
SPIN 4 5 6 13 2.795 2.314 4.673
SPIN 4 5 6 14 -5.349 -1.776 1.799
SPIN 4 5 6 15 -2.336 5.263 1.357
SPIN 1 5 7 0 -2.613 3.285 -4.169
SPIN 1 5 7 1 4.254 -4.096 0.351
SPIN 1 5 7 2 -4.757 1.151 3.324
SPIN 1 5 7 3 -3.945 1.232 -4.233
SPIN 1 5 7 4 -4.767 -2.364 2.586
SPIN 1 5 7 5 -4.811 -3.405 -0.512
SPIN 1 5 7 6 1.973 1.051 -5.478
SPIN 1 5 7 7 -4.904 2.119 2.542
SPIN 1 5 7 8 4.990 -1.317 -2.893
SPIN 1 5 7 9 -1.331 2.963 -4.945
SPIN 1 5 7 10 -2.362 -0.615 5.389
SPIN 1 5 7 11 2.438 -4.820 2.414
SPIN 1 5 7 12 -5.565 1.236 1.582
SPIN 1 5 7 13 2.273 3.948 3.775
SPIN 1 5 7 14 -2.968 1.487 4.897
SPIN 1 5 7 15 3.487 3.980 -2.645
SPIN 4 5 7 0 0.412 3.167 -4.980
SPIN 4 5 7 1 5.242 -0.729 2.644
SPIN 4 5 7 2 4.540 1.472 3.496
SPIN 4 5 7 3 4.267 -2.841 -2.953
SPIN 4 5 7 4 -5.865 -0.757 0.165
SPIN 4 5 7 5 1.147 -0.772 -5.752
SPIN 4 5 7 6 -0.049 -1.467 5.731
SPIN 4 5 7 7 2.182 4.001 -3.772
SPIN 4 5 7 8 3.340 -4.273 -2.362
SPIN 4 5 7 9 -2.664 -3.396 4.046
SPIN 4 5 7 10 3.242 -1.965 4.542
SPIN 4 5 7 11 0.507 0.106 -5.893
SPIN 4 5 7 12 3.602 -2.672 3.858
SPIN 4 5 7 13 -4.220 3.966 1.209
SPIN 4 5 7 14 3.232 -1.690 -4.658
SPIN 4 5 7 15 1.151 -5.802 0.102
SPIN 1 5 8 0 2.742 5.020 1.511
SPIN 1 5 8 1 -3.547 -4.491 -1.500
SPIN 1 5 8 2 5.511 1.320 -1.700
SPIN 1 5 8 3 5.667 0.848 1.473
SPIN 1 5 8 4 -2.058 4.254 3.560
SPIN 1 5 8 5 -4.687 3.528 -0.766
SPIN 1 5 8 6 -4.560 2.201 -3.060
SPIN 1 5 8 7 3.799 -4.381 -1.173
SPIN 1 5 8 8 -0.338 1.887 -5.597
SPIN 1 5 8 9 -2.016 -5.509 -0.765
SPIN 1 5 8 10 5.400 0.770 -2.292
SPIN 1 5 8 11 -4.112 -3.866 -1.774
SPIN 1 5 8 12 4.492 2.001 3.289
SPIN 1 5 8 13 -5.277 0.205 2.667
SPIN 1 5 8 14 0.175 -5.369 -2.478
SPIN 1 5 8 15 4.435 0.735 3.846
SPIN 4 5 8 0 1.540 -5.630 -0.965
SPIN 4 5 8 1 -2.135 -1.413 5.333
SPIN 4 5 8 2 -2.160 -5.468 0.661
SPIN 4 5 8 3 -3.662 4.631 -0.378
SPIN 4 5 8 4 4.994 -2.494 -1.959
SPIN 4 5 8 5 -2.639 5.186 1.070
SPIN 4 5 8 6 -0.835 5.490 -2.039
SPIN 4 5 8 7 0.258 1.200 5.787
SPIN 4 5 8 8 -0.531 -5.843 0.761
SPIN 4 5 8 9 0.521 0.948 -5.816
SPIN 4 5 8 10 -4.797 -2.963 -1.791
SPIN 4 5 8 11 -1.735 2.806 -4.911
SPIN 4 5 8 12 0.774 0.716 -5.821
SPIN 4 5 8 13 -0.408 -5.060 -3.038
SPIN 4 5 8 14 -5.564 1.742 -1.004
SPIN 4 5 8 15 -0.579 4.996 3.116
SPIN 1 5 9 0 -0.740 1.447 -5.688
SPIN 1 5 9 1 3.472 1.788 -4.444
SPIN 1 5 9 2 -3.370 -3.097 -3.749
SPIN 1 5 9 3 2.457 -5.237 1.240
SPIN 1 5 9 4 0.587 -1.103 -5.783
SPIN 1 5 9 5 -4.404 1.319 3.724
SPIN 1 5 9 6 -5.058 -2.816 -1.218
SPIN 1 5 9 7 -5.214 -2.480 -1.290
SPIN 1 5 9 8 5.672 -1.631 -0.409
SPIN 1 5 9 9 -4.383 2.901 2.715
SPIN 1 5 9 10 -2.820 5.190 -0.331
SPIN 1 5 9 11 1.863 0.845 -5.551
SPIN 1 5 9 12 0.334 -2.499 5.352
SPIN 1 5 9 13 -1.949 5.575 -0.344
SPIN 1 5 9 14 -1.310 3.293 4.737
SPIN 1 5 9 15 2.486 -5.060 1.792
SPIN 4 5 9 0 0.693 -1.556 5.666
SPIN 4 5 9 1 2.416 -5.239 -1.309
SPIN 4 5 9 2 5.181 0.482 2.815
SPIN 4 5 9 3 -4.960 -2.085 2.460
SPIN 4 5 9 4 -4.085 2.406 -3.539
SPIN 4 5 9 5 -2.057 -0.838 5.483
SPIN 4 5 9 6 -5.848 -0.878 -0.165
SPIN 4 5 9 7 0.327 0.842 5.847
SPIN 4 5 9 8 2.359 5.343 -0.941
SPIN 4 5 9 9 4.656 0.158 -3.647
SPIN 4 5 9 10 -2.519 4.573 2.783
SPIN 4 5 9 11 4.743 2.487 -2.514
SPIN 4 5 9 12 -2.696 -5.253 0.379
SPIN 4 5 9 13 4.225 -3.316 2.480
SPIN 4 5 9 14 2.661 5.083 -1.442
SPIN 4 5 9 15 4.005 -1.799 -3.965
SPIN 1 5 10 0 -3.767 2.051 4.075
SPIN 1 5 10 1 -4.205 0.300 -4.151
SPIN 1 5 10 2 2.604 -1.485 5.100
SPIN 1 5 10 3 0.677 -2.924 -5.098
SPIN 1 5 10 4 0.878 3.570 -4.635
SPIN 1 5 10 5 0.211 0.574 -5.884
SPIN 1 5 10 6 2.514 -4.304 3.186
SPIN 1 5 10 7 -2.956 4.995 1.147
SPIN 1 5 10 8 -1.523 -1.948 -5.375
SPIN 1 5 10 9 1.052 -5.145 2.724
SPIN 1 5 10 10 0.367 -5.861 -0.715
SPIN 1 5 10 11 -5.772 1.297 -0.029
SPIN 1 5 10 12 0.145 -0.738 -5.868
SPIN 1 5 10 13 4.203 -2.998 2.889
SPIN 1 5 10 14 0.974 -4.281 3.965
SPIN 1 5 10 15 3.211 0.962 -4.875
SPIN 4 5 10 0 -1.144 -5.395 2.142
SPIN 4 5 10 1 5.437 0.195 2.324
SPIN 4 5 10 2 -4.501 3.784 0.649
SPIN 4 5 10 3 0.199 5.150 -2.904
SPIN 4 5 10 4 4.780 -0.165 -3.483
SPIN 4 5 10 5 -0.768 -0.718 -5.822
SPIN 4 5 10 6 -0.055 -2.984 5.108
SPIN 4 5 10 7 1.917 2.766 -4.865
SPIN 4 5 10 8 -3.022 -5.034 -0.724
SPIN 4 5 10 9 5.065 2.422 1.865
SPIN 4 5 10 10 5.655 -1.715 -0.284
SPIN 4 5 10 11 -2.254 4.175 -3.534
SPIN 4 5 10 12 -0.550 -0.092 5.890
SPIN 4 5 10 13 1.979 3.825 4.056
SPIN 4 5 10 14 -2.560 -5.288 0.693
SPIN 4 5 10 15 -0.997 3.923 -4.315
SPIN 1 5 11 0 2.161 -1.508 5.297
SPIN 1 5 11 1 -4.630 3.479 1.210
SPIN 1 5 11 2 3.496 -2.665 -3.959
SPIN 1 5 11 3 3.203 -2.723 -4.162
SPIN 1 5 11 4 5.599 0.341 1.880
SPIN 1 5 11 5 3.007 -1.890 4.732
SPIN 1 5 11 6 4.127 0.878 -4.147
SPIN 1 5 11 7 -2.852 -5.093 0.961
SPIN 1 5 11 8 -4.160 -1.760 3.820
SPIN 1 5 11 9 -1.917 4.897 -2.711
SPIN 1 5 11 10 -1.993 5.521 -0.743
SPIN 1 5 11 11 -0.493 -1.898 5.581
SPIN 1 5 11 12 1.518 -4.924 2.907
SPIN 1 5 11 13 -4.765 3.505 -0.110
SPIN 1 5 11 14 1.958 -5.419 -1.341
SPIN 1 5 11 15 -2.430 3.350 -4.228
SPIN 4 5 11 0 0.192 3.632 -4.666
SPIN 4 5 11 1 -2.636 -1.511 5.076
SPIN 4 5 11 2 4.805 -2.910 -1.857
SPIN 4 5 11 3 1.436 3.577 4.488
SPIN 4 5 11 4 -0.169 -4.527 3.805
SPIN 4 5 11 5 5.183 2.839 -0.277
SPIN 4 5 11 6 -1.369 3.509 4.562
SPIN 4 5 11 7 0.563 2.466 -5.348
SPIN 4 5 11 8 5.018 -1.963 2.444
SPIN 4 5 11 9 2.932 0.375 -5.125
SPIN 4 5 11 10 0.121 2.136 -5.516
SPIN 4 5 11 11 -1.194 -3.695 4.464
SPIN 4 5 11 12 -1.162 4.735 -3.351
SPIN 4 5 11 13 2.649 -4.781 2.264
SPIN 4 5 11 14 -3.308 -2.698 -4.096
SPIN 4 5 11 15 1.937 0.025 5.590
SPIN 1 5 12 0 3.770 -2.505 -3.809
SPIN 1 5 12 1 3.216 4.149 2.729
SPIN 1 5 12 2 1.341 -3.304 -4.721
SPIN 1 5 12 3 2.640 3.679 3.807
SPIN 1 5 12 4 -0.726 5.866 -0.250
SPIN 1 5 12 5 -4.693 -1.609 3.224
SPIN 1 5 12 6 -1.808 -5.632 0.123
SPIN 1 5 12 7 3.680 1.206 -4.472
SPIN 1 5 12 8 2.715 -4.367 2.926
SPIN 1 5 12 9 -4.931 2.549 2.046
SPIN 1 5 12 10 -3.193 -4.979 -0.124
SPIN 1 5 12 11 5.205 0.805 -2.694
SPIN 1 5 12 12 -5.605 -1.036 1.585
SPIN 1 5 12 13 2.544 -2.129 -4.898
SPIN 1 5 12 14 4.447 -2.295 3.155
SPIN 1 5 12 15 -4.547 3.569 -1.257
SPIN 4 5 12 0 0.265 -5.642 1.760
SPIN 4 5 12 1 -0.771 4.176 -4.119
SPIN 4 5 12 2 1.641 5.351 1.916
SPIN 4 5 12 3 -2.475 4.783 -2.448
SPIN 4 5 12 4 -3.615 -4.225 -2.021
SPIN 4 5 12 5 2.035 5.378 1.392
SPIN 4 5 12 6 -2.454 -3.963 -3.643
SPIN 4 5 12 7 4.785 0.772 -3.392
SPIN 4 5 12 8 -0.668 3.425 -4.777
SPIN 4 5 12 9 -1.100 -2.913 5.030
SPIN 4 5 12 10 -3.385 -4.818 -0.571
SPIN 4 5 12 11 2.053 4.592 3.114
SPIN 4 5 12 12 3.588 0.033 -4.704
SPIN 4 5 12 13 -5.249 -1.618 2.198
SPIN 4 5 12 14 3.383 -1.309 -4.673
SPIN 4 5 12 15 -1.902 1.768 5.316
SPIN 1 5 13 0 -2.765 5.230 -0.051
SPIN 1 5 13 1 0.734 -4.036 4.263
SPIN 1 5 13 2 -3.277 -3.682 3.272
SPIN 1 5 13 3 -1.293 5.763 0.344
SPIN 1 5 13 4 3.778 -4.552 -0.064
SPIN 1 5 13 5 -5.261 -2.614 -0.702
SPIN 1 5 13 6 3.380 -1.899 4.469
SPIN 1 5 13 7 4.668 0.068 3.634
SPIN 1 5 13 8 -1.184 1.620 -5.565
SPIN 1 5 13 9 0.135 2.502 5.359
SPIN 1 5 13 10 0.236 5.757 1.344
SPIN 1 5 13 11 2.174 1.081 5.395
SPIN 1 5 13 12 1.581 -5.092 -2.563
SPIN 1 5 13 13 4.894 3.180 0.965
SPIN 1 5 13 14 -5.261 -1.576 -2.200
SPIN 1 5 13 15 -3.529 -1.970 4.321
SPIN 4 5 13 0 -2.446 4.557 2.872
SPIN 4 5 13 1 0.669 5.867 -0.362
SPIN 4 5 13 2 0.693 -4.137 -4.172
SPIN 4 5 13 3 3.277 0.428 4.907
SPIN 4 5 13 4 -0.717 -4.001 4.299
SPIN 4 5 13 5 4.308 3.738 1.571
SPIN 4 5 13 6 -3.204 -3.558 3.475
SPIN 4 5 13 7 5.363 -1.275 2.147
SPIN 4 5 13 8 -1.559 5.422 1.781
SPIN 4 5 13 9 -3.511 -4.662 0.969
SPIN 4 5 13 10 -2.005 5.245 1.862
SPIN 4 5 13 11 4.117 -3.723 -2.048
SPIN 4 5 13 12 2.862 -4.260 2.943
SPIN 4 5 13 13 -1.090 1.958 5.475
SPIN 4 5 13 14 4.554 -0.735 3.704
SPIN 4 5 13 15 2.143 3.755 -4.038
SPIN 1 5 14 0 -0.045 -4.258 -4.107
SPIN 1 5 14 1 1.235 5.573 1.554
SPIN 1 5 14 2 3.466 4.454 1.775
SPIN 1 5 14 3 1.377 5.523 1.612
SPIN 1 5 14 4 -5.186 2.828 0.329
SPIN 1 5 14 5 4.136 3.665 -2.113
SPIN 1 5 14 6 0.420 5.272 -2.651
SPIN 1 5 14 7 0.825 -3.223 4.892
SPIN 1 5 14 8 -5.081 2.502 -1.710
SPIN 1 5 14 9 -5.128 1.365 2.616
SPIN 1 5 14 10 -1.847 -4.499 3.369
SPIN 1 5 14 11 -4.446 3.568 -1.583
SPIN 1 5 14 12 4.242 2.568 -3.227
SPIN 1 5 14 13 -1.532 -3.457 -4.550
SPIN 1 5 14 14 0.356 4.144 4.207
SPIN 1 5 14 15 3.403 0.834 -4.767
SPIN 4 5 14 0 -1.588 -3.865 4.188
SPIN 4 5 14 1 4.228 -3.686 -1.880
SPIN 4 5 14 2 1.501 5.555 1.375
SPIN 4 5 14 3 2.481 -5.226 1.240
SPIN 4 5 14 4 -2.291 -0.421 -5.438
SPIN 4 5 14 5 -0.785 -2.534 5.288
SPIN 4 5 14 6 -4.606 0.839 -3.617
SPIN 4 5 14 7 0.393 5.885 -0.455
SPIN 4 5 14 8 5.474 2.221 0.313
SPIN 4 5 14 9 4.578 1.213 -3.545
SPIN 4 5 14 10 3.676 1.520 -4.379
SPIN 4 5 14 11 3.871 -4.445 0.507
SPIN 4 5 14 12 -3.886 -2.876 -3.409
SPIN 4 5 14 13 3.276 -3.347 -3.614
SPIN 4 5 14 14 -2.137 4.196 -3.581
SPIN 4 5 14 15 3.281 4.461 -2.083
SPIN 1 5 15 0 -3.449 4.732 0.844
SPIN 1 5 15 1 0.336 1.785 5.631
SPIN 1 5 15 2 2.171 -5.368 -1.214
SPIN 1 5 15 3 -5.348 -1.138 -2.260
SPIN 1 5 15 4 1.174 2.599 5.183
SPIN 1 5 15 5 -4.499 -3.699 -1.036
SPIN 1 5 15 6 -2.976 -3.899 -3.308
SPIN 1 5 15 7 2.056 1.957 -5.191
SPIN 1 5 15 8 1.101 4.365 3.839
SPIN 1 5 15 9 -2.225 -4.488 -3.148
SPIN 1 5 15 10 -4.035 -3.811 2.049
SPIN 1 5 15 11 5.598 -0.295 -1.890
SPIN 1 5 15 12 -3.472 -2.084 4.313
SPIN 1 5 15 13 3.879 3.093 3.223
SPIN 1 5 15 14 -2.135 -4.850 -2.630
SPIN 1 5 15 15 -5.081 0.249 3.021
SPIN 4 5 15 0 3.749 4.571 -0.227
SPIN 4 5 15 1 1.423 0.611 5.710
SPIN 4 5 15 2 -3.476 -4.646 -1.155
SPIN 4 5 15 3 4.508 -3.103 2.247
SPIN 4 5 15 4 3.726 -2.327 -3.962
SPIN 4 5 15 5 -3.520 -4.576 -1.290
SPIN 4 5 15 6 -4.139 -0.347 4.213
SPIN 4 5 15 7 0.323 -4.056 -4.295
SPIN 4 5 15 8 -2.648 -4.990 1.758
SPIN 4 5 15 9 -2.566 5.305 -0.527
SPIN 4 5 15 10 -2.164 2.356 4.977
SPIN 4 5 15 11 -2.301 -5.086 1.960
SPIN 4 5 15 12 -2.496 4.247 3.275
SPIN 4 5 15 13 -1.646 5.650 -0.604
SPIN 4 5 15 14 5.590 -0.933 -1.697
SPIN 4 5 15 15 -5.216 -2.765 0.380
SPIN 3 5 0 0 2.545 -2.384 -4.779
SPIN 3 5 0 1 4.549 -2.140 3.118
SPIN 3 5 0 2 0.645 -4.152 -4.164
SPIN 3 5 0 3 -3.114 2.563 4.328
SPIN 3 5 0 4 2.981 4.407 -2.587
SPIN 3 5 0 5 -5.906 -0.028 0.340
SPIN 3 5 0 6 1.428 -4.617 -3.412
SPIN 3 5 0 7 -3.429 3.731 3.053
SPIN 3 5 0 8 5.582 1.945 -0.233
SPIN 3 5 0 9 -4.536 -3.004 -2.324
SPIN 3 5 0 10 -0.845 4.555 -3.679
SPIN 3 5 0 11 5.059 0.347 -3.048
SPIN 3 5 0 12 -4.297 0.334 4.052
SPIN 3 5 0 13 5.447 -0.052 2.309
SPIN 3 5 0 14 4.554 2.040 -3.177
SPIN 3 5 0 15 -1.400 -3.991 4.137
SPIN 2 5 0 0 -4.814 -2.345 2.515
SPIN 2 5 0 1 -4.805 -0.947 3.318
SPIN 2 5 0 2 4.868 0.071 3.362
SPIN 2 5 0 3 -1.464 5.264 -2.268
SPIN 2 5 0 4 -3.992 4.141 1.384
SPIN 2 5 0 5 1.202 -4.674 3.421
SPIN 2 5 0 6 -0.505 2.236 5.454
SPIN 2 5 0 7 -0.660 -0.943 -5.803
SPIN 2 5 0 8 2.417 1.304 5.240
SPIN 2 5 0 9 -0.671 -2.132 -5.478
SPIN 2 5 0 10 1.947 1.296 5.434
SPIN 2 5 0 11 2.165 2.811 4.734
SPIN 2 5 0 12 2.583 -2.414 4.743
SPIN 2 5 0 13 -2.044 -5.431 -1.150
SPIN 2 5 0 14 4.266 3.822 -1.482
SPIN 2 5 0 15 -2.114 4.082 -3.724
SPIN 3 5 1 0 3.168 3.265 3.782
SPIN 3 5 1 1 2.605 4.467 2.874
SPIN 3 5 1 2 -1.913 4.596 3.196
SPIN 3 5 1 3 -0.056 -5.866 0.768
SPIN 3 5 1 4 -5.258 -0.204 2.704
SPIN 3 5 1 5 -2.678 -3.367 -4.061
SPIN 3 5 1 6 1.705 0.348 5.654
SPIN 3 5 1 7 2.762 -5.209 -0.490
SPIN 3 5 1 8 -4.543 1.410 -3.517
SPIN 3 5 1 9 1.703 -5.656 -0.332
SPIN 3 5 1 10 -5.513 0.765 2.005
SPIN 3 5 1 11 5.781 1.069 -0.663
SPIN 3 5 1 12 4.281 -3.436 -2.206
SPIN 3 5 1 13 4.356 1.246 3.805
SPIN 3 5 1 14 1.679 5.655 -0.455
SPIN 3 5 1 15 -3.490 -1.750 4.445
SPIN 2 5 1 0 -2.549 2.745 -4.579
SPIN 2 5 1 1 5.508 -0.232 2.146
SPIN 2 5 1 2 -4.048 -1.458 4.061
SPIN 2 5 1 3 3.474 0.229 4.783
SPIN 2 5 1 4 3.678 3.767 -2.698
SPIN 2 5 1 5 3.224 -1.700 4.660
SPIN 2 5 1 6 0.012 4.483 3.860
SPIN 2 5 1 7 0.082 -1.519 -5.717
SPIN 2 5 1 8 2.022 -5.278 -1.747
SPIN 2 5 1 9 4.105 2.514 3.439
SPIN 2 5 1 10 -5.071 1.307 2.752
SPIN 2 5 1 11 1.095 -4.959 -3.034
SPIN 2 5 1 12 -1.688 4.449 3.515
SPIN 2 5 1 13 -3.190 0.386 4.967
SPIN 2 5 1 14 -1.246 -4.163 -4.014
SPIN 2 5 1 15 2.103 -4.428 3.312
SPIN 3 5 2 0 1.233 4.206 3.974
SPIN 3 5 2 1 -4.776 -3.065 -1.670
SPIN 3 5 2 2 -0.667 5.842 -0.656
SPIN 3 5 2 3 4.636 1.631 3.293
SPIN 3 5 2 4 -1.837 -1.597 -5.392
SPIN 3 5 2 5 -3.731 1.621 4.295
SPIN 3 5 2 6 -4.835 3.405 0.164
SPIN 3 5 2 7 -0.602 4.326 -3.991
SPIN 3 5 2 8 2.531 3.709 3.852
SPIN 3 5 2 9 0.981 -4.875 3.204
SPIN 3 5 2 10 1.412 4.943 2.928
SPIN 3 5 2 11 2.191 5.314 1.401
SPIN 3 5 2 12 -2.045 -1.747 -5.270
SPIN 3 5 2 13 0.566 -0.434 -5.873
SPIN 3 5 2 14 1.049 2.633 5.193
SPIN 3 5 2 15 -1.004 2.927 -5.042
SPIN 2 5 2 0 -3.513 -2.846 3.816
SPIN 2 5 2 1 -2.076 5.529 0.357
SPIN 2 5 2 2 -0.418 -3.995 4.343
SPIN 2 5 2 3 1.710 3.322 -4.587
SPIN 2 5 2 4 -4.971 -3.129 0.705
SPIN 2 5 2 5 5.511 1.972 -0.857
SPIN 2 5 2 6 0.453 -1.376 -5.736
SPIN 2 5 2 7 0.846 -2.796 5.145
SPIN 2 5 2 8 -5.456 -0.016 -2.287
SPIN 2 5 2 9 -1.211 4.763 3.293
SPIN 2 5 2 10 2.154 -4.794 2.717
SPIN 2 5 2 11 3.303 2.894 -3.964
SPIN 2 5 2 12 3.419 -2.147 4.324
SPIN 2 5 2 13 -2.431 4.701 2.644
SPIN 2 5 2 14 -3.520 3.178 -3.537
SPIN 2 5 2 15 0.996 -0.403 -5.818
SPIN 3 5 3 0 -1.654 0.003 -5.680
SPIN 3 5 3 1 0.876 0.923 5.777
SPIN 3 5 3 2 -3.373 -4.145 -2.538
SPIN 3 5 3 3 3.673 -2.860 3.651
SPIN 3 5 3 4 -5.042 3.094 -0.050
SPIN 3 5 3 5 3.869 -0.916 4.381
SPIN 3 5 3 6 0.268 -1.922 -5.589
SPIN 3 5 3 7 -1.275 3.649 4.479
SPIN 3 5 3 8 3.152 -0.068 -5.006
SPIN 3 5 3 9 -0.334 5.589 1.912
SPIN 3 5 3 10 -4.036 1.005 -4.207
SPIN 3 5 3 11 5.457 -2.284 0.040
SPIN 3 5 3 12 -2.422 0.511 5.373
SPIN 3 5 3 13 -5.202 1.782 2.184
SPIN 3 5 3 14 5.737 0.181 1.434
SPIN 3 5 3 15 0.048 -5.580 1.966
SPIN 2 5 3 0 -0.050 4.719 -3.568
SPIN 2 5 3 1 -4.084 -0.066 4.280
SPIN 2 5 3 2 0.940 -5.657 1.455
SPIN 2 5 3 3 3.301 -1.784 4.574
SPIN 2 5 3 4 2.057 4.746 -2.871
SPIN 2 5 3 5 1.689 -1.112 5.560
SPIN 2 5 3 6 1.454 4.045 4.065
SPIN 2 5 3 7 2.160 -3.883 -3.906
SPIN 2 5 3 8 0.536 4.562 3.729
SPIN 2 5 3 9 -1.895 -2.629 -4.949
SPIN 2 5 3 10 5.685 1.039 1.264
SPIN 2 5 3 11 0.311 -4.486 -3.844
SPIN 2 5 3 12 -5.290 1.164 -2.379
SPIN 2 5 3 13 -1.104 -3.655 -4.519
SPIN 2 5 3 14 -0.417 -2.534 5.330
SPIN 2 5 3 15 -1.220 4.539 3.592
SPIN 3 5 4 0 2.620 4.742 2.378
SPIN 3 5 4 1 -3.920 -2.992 -3.268
SPIN 3 5 4 2 -0.914 5.838 0.293
SPIN 3 5 4 3 -5.050 -2.008 -2.338
SPIN 3 5 4 4 2.506 -3.402 -4.141
SPIN 3 5 4 5 -0.390 3.994 -4.347
SPIN 3 5 4 6 1.286 -2.575 -5.169
SPIN 3 5 4 7 3.708 -3.457 -3.049
SPIN 3 5 4 8 0.014 4.437 -3.913
SPIN 3 5 4 9 3.045 2.462 4.434
SPIN 3 5 4 10 4.082 0.064 -4.282
SPIN 3 5 4 11 -4.375 3.199 2.371
SPIN 3 5 4 12 -1.634 -5.503 -1.431
SPIN 3 5 4 13 3.753 4.298 1.563
SPIN 3 5 4 14 -1.418 -2.278 -5.273
SPIN 3 5 4 15 2.868 0.603 5.139
SPIN 2 5 4 0 -1.212 0.839 -5.730
SPIN 2 5 4 1 -0.356 3.974 4.368
SPIN 2 5 4 2 -0.427 3.871 -4.453
SPIN 2 5 4 3 -0.473 5.860 -0.659
SPIN 2 5 4 4 -4.385 0.857 3.878
SPIN 2 5 4 5 2.915 5.134 0.378
SPIN 2 5 4 6 2.770 -0.530 5.201
SPIN 2 5 4 7 -2.175 -4.321 3.405
SPIN 2 5 4 8 -4.910 -0.423 3.273
SPIN 2 5 4 9 5.416 2.379 0.095
SPIN 2 5 4 10 -3.717 -4.556 0.654
SPIN 2 5 4 11 -0.203 4.939 3.251
SPIN 2 5 4 12 2.324 1.207 5.305
SPIN 2 5 4 13 -3.663 -4.013 -2.340
SPIN 2 5 4 14 5.047 -3.086 0.001
SPIN 2 5 4 15 3.441 1.268 -4.642
SPIN 3 5 5 0 0.059 2.464 -5.378
SPIN 3 5 5 1 -5.288 2.525 -0.811
SPIN 3 5 5 2 4.282 -1.082 -3.936
SPIN 3 5 5 3 3.922 -3.703 -2.430
SPIN 3 5 5 4 -1.477 5.661 0.879
SPIN 3 5 5 5 -1.459 3.596 4.465
SPIN 3 5 5 6 2.215 -2.634 -4.812
SPIN 3 5 5 7 -0.844 -4.492 -3.757
SPIN 3 5 5 8 -4.501 -2.782 2.646
SPIN 3 5 5 9 -0.664 4.764 -3.445
SPIN 3 5 5 10 4.918 2.478 2.161
SPIN 3 5 5 11 -3.687 -4.495 -1.096
SPIN 3 5 5 12 -0.225 4.233 -4.126
SPIN 3 5 5 13 -4.739 -3.442 0.834
SPIN 3 5 5 14 -4.862 -0.162 3.367
SPIN 3 5 5 15 2.092 -4.756 2.829
SPIN 2 5 5 0 -4.902 2.265 2.418
SPIN 2 5 5 1 1.565 -4.135 -3.931
SPIN 2 5 5 2 -5.564 0.239 -1.995
SPIN 2 5 5 3 -4.668 -3.216 -1.694
SPIN 2 5 5 4 5.665 0.007 1.706
SPIN 2 5 5 5 -0.923 0.990 5.759
SPIN 2 5 5 6 -3.123 -3.061 -3.985
SPIN 2 5 5 7 0.475 5.589 1.881
SPIN 2 5 5 8 2.386 -4.316 -3.268
SPIN 2 5 5 9 -0.875 2.829 5.121
SPIN 2 5 5 10 2.224 4.372 3.308
SPIN 2 5 5 11 3.934 -0.154 -4.415
SPIN 2 5 5 12 -2.291 -0.817 5.393
SPIN 2 5 5 13 5.558 1.997 0.350
SPIN 2 5 5 14 2.620 -3.060 -4.332
SPIN 2 5 5 15 -3.651 -0.678 4.605
SPIN 3 5 6 0 0.968 -1.502 -5.640
SPIN 3 5 6 1 2.434 4.866 -2.324
SPIN 3 5 6 2 -1.560 3.499 4.508
SPIN 3 5 6 3 -5.581 -0.773 -1.804
SPIN 3 5 6 4 5.072 -2.702 -1.404
SPIN 3 5 6 5 1.852 -2.139 -5.195
SPIN 3 5 6 6 1.863 -1.939 5.270
SPIN 3 5 6 7 3.383 -4.256 -2.334
SPIN 3 5 6 8 -2.675 3.452 -3.990
SPIN 3 5 6 9 2.716 -4.724 2.304
SPIN 3 5 6 10 0.303 1.322 5.759
SPIN 3 5 6 11 5.003 -2.924 1.190
SPIN 3 5 6 12 -4.152 -3.798 -1.825
SPIN 3 5 6 13 1.673 -5.671 0.209
SPIN 3 5 6 14 5.713 1.507 0.292
SPIN 3 5 6 15 3.974 -4.344 -0.584
SPIN 2 5 6 0 4.597 1.323 3.481
SPIN 2 5 6 1 -1.078 3.632 -4.544
SPIN 2 5 6 2 -4.414 -2.322 3.182
SPIN 2 5 6 3 3.606 0.656 -4.644
SPIN 2 5 6 4 -5.798 -0.834 0.832
SPIN 2 5 6 5 2.227 -5.481 -0.052
SPIN 2 5 6 6 -4.246 4.026 0.873
SPIN 2 5 6 7 0.971 5.335 2.365
SPIN 2 5 6 8 -5.105 -2.700 1.285
SPIN 2 5 6 9 4.414 3.935 0.164
SPIN 2 5 6 10 -1.389 -3.501 -4.562
SPIN 2 5 6 11 -5.574 1.088 1.659
SPIN 2 5 6 12 0.156 -2.407 5.402
SPIN 2 5 6 13 -2.863 -2.258 4.659
SPIN 2 5 6 14 -2.750 -0.073 5.238
SPIN 2 5 6 15 -0.209 3.432 -4.815
SPIN 3 5 7 0 -1.193 -5.548 1.672
SPIN 3 5 7 1 -3.175 4.778 -1.445
SPIN 3 5 7 2 3.781 -3.921 -2.308
SPIN 3 5 7 3 2.194 5.410 -0.962
SPIN 3 5 7 4 0.153 -5.657 -1.724
SPIN 3 5 7 5 1.544 1.779 5.427
SPIN 3 5 7 6 -3.728 2.210 -4.027
SPIN 3 5 7 7 5.309 1.842 1.848
SPIN 3 5 7 8 1.039 4.023 4.212
SPIN 3 5 7 9 3.586 1.590 4.429
SPIN 3 5 7 10 0.362 -0.723 -5.861
SPIN 3 5 7 11 1.853 3.967 3.979
SPIN 3 5 7 12 -2.092 -1.411 -5.351
SPIN 3 5 7 13 -0.200 -5.663 -1.699
SPIN 3 5 7 14 -5.760 -0.195 1.337
SPIN 3 5 7 15 -2.441 5.170 -1.519
SPIN 2 5 7 0 3.552 0.696 4.679
SPIN 2 5 7 1 -4.246 4.096 -0.436
SPIN 2 5 7 2 -1.766 -3.189 -4.659
SPIN 2 5 7 3 -5.308 -2.612 0.029
SPIN 2 5 7 4 3.481 -4.517 -1.574
SPIN 2 5 7 5 5.658 1.067 -1.361
SPIN 2 5 7 6 -0.641 5.380 -2.375
SPIN 2 5 7 7 -3.336 4.689 -1.373
SPIN 2 5 7 8 5.551 1.611 1.259
SPIN 2 5 7 9 -0.471 -5.897 -0.075
SPIN 2 5 7 10 -3.007 2.493 -4.443
SPIN 2 5 7 11 1.489 -4.808 -3.109
SPIN 2 5 7 12 -1.966 -2.988 4.713
SPIN 2 5 7 13 -2.056 -5.510 0.640
SPIN 2 5 7 14 2.354 5.413 -0.397
SPIN 2 5 7 15 -1.175 0.120 -5.797
SPIN 3 5 8 0 5.597 -0.978 1.649
SPIN 3 5 8 1 -1.081 -3.035 -4.962
SPIN 3 5 8 2 0.623 5.847 -0.651
SPIN 3 5 8 3 2.255 5.238 1.576
SPIN 3 5 8 4 -2.322 -4.568 -2.957
SPIN 3 5 8 5 -2.865 -2.361 4.606
SPIN 3 5 8 6 4.150 -0.844 4.130
SPIN 3 5 8 7 -2.860 -0.376 -5.165
SPIN 3 5 8 8 -3.417 -0.794 -4.764
SPIN 3 5 8 9 -2.738 1.052 5.138
SPIN 3 5 8 10 3.258 0.421 4.920
SPIN 3 5 8 11 3.574 4.347 1.824
SPIN 3 5 8 12 -1.253 -3.080 4.893
SPIN 3 5 8 13 3.177 -1.154 -4.856
SPIN 3 5 8 14 4.266 -0.175 4.095
SPIN 3 5 8 15 -2.904 -1.419 -4.955
SPIN 2 5 8 0 4.886 -1.699 2.871
SPIN 2 5 8 1 -0.561 -5.303 2.563
SPIN 2 5 8 2 -4.840 -1.844 2.860
SPIN 2 5 8 3 -1.862 -3.545 -4.355
SPIN 2 5 8 4 0.674 -5.780 -1.065
SPIN 2 5 8 5 0.049 -5.360 -2.504
SPIN 2 5 8 6 -0.496 5.855 0.685
SPIN 2 5 8 7 -5.012 -0.417 -3.115
SPIN 2 5 8 8 0.422 -0.915 5.830
SPIN 2 5 8 9 3.395 3.643 3.195
SPIN 2 5 8 10 -4.851 3.294 0.784
SPIN 2 5 8 11 -4.933 -0.731 3.184
SPIN 2 5 8 12 5.293 -2.463 0.957
SPIN 2 5 8 13 -1.328 -0.270 -5.759
SPIN 2 5 8 14 -2.244 -4.398 3.259
SPIN 2 5 8 15 -1.628 -2.431 5.142
SPIN 3 5 9 0 -1.078 4.115 4.112
SPIN 3 5 9 1 1.135 3.552 4.593
SPIN 3 5 9 2 1.153 0.853 -5.740
SPIN 3 5 9 3 -3.527 -4.745 -0.200
SPIN 3 5 9 4 -2.854 -4.090 -3.183
SPIN 3 5 9 5 -5.289 0.736 2.547
SPIN 3 5 9 6 0.835 -5.781 -0.942
SPIN 3 5 9 7 0.164 4.183 -4.180
SPIN 3 5 9 8 1.945 -5.450 -1.229
SPIN 3 5 9 9 -4.067 -2.427 -3.545
SPIN 3 5 9 10 5.575 1.979 0.082
SPIN 3 5 9 11 1.595 5.661 -0.636
SPIN 3 5 9 12 3.301 -4.810 -0.983
SPIN 3 5 9 13 -3.055 3.824 3.324
SPIN 3 5 9 14 -0.007 -3.992 -4.366
SPIN 3 5 9 15 -2.728 -1.106 5.132
SPIN 2 5 9 0 0.563 4.856 -3.332
SPIN 2 5 9 1 1.302 4.715 -3.328
SPIN 2 5 9 2 -0.510 5.480 -2.169
SPIN 2 5 9 3 0.521 4.348 3.978
SPIN 2 5 9 4 -0.338 5.878 -0.580
SPIN 2 5 9 5 5.146 -0.790 -2.809
SPIN 2 5 9 6 3.699 -3.947 2.395
SPIN 2 5 9 7 1.874 -5.606 0.245
SPIN 2 5 9 8 -1.428 4.152 -3.965
SPIN 2 5 9 9 2.034 4.955 -2.512
SPIN 2 5 9 10 -3.655 -1.179 4.500
SPIN 2 5 9 11 2.508 -3.247 -4.262
SPIN 2 5 9 12 -2.907 4.136 -3.073
SPIN 2 5 9 13 3.996 3.344 2.801
SPIN 2 5 9 14 5.574 0.170 -1.974
SPIN 2 5 9 15 2.221 4.085 -3.658
SPIN 3 5 10 0 4.050 4.036 1.520
SPIN 3 5 10 1 -5.212 1.068 2.587
SPIN 3 5 10 2 2.260 3.716 -4.010
SPIN 3 5 10 3 0.462 -5.796 1.092
SPIN 3 5 10 4 -2.231 2.199 5.019
SPIN 3 5 10 5 -2.651 3.364 -4.081
SPIN 3 5 10 6 -0.590 -5.749 -1.267
SPIN 3 5 10 7 1.889 -3.652 -4.254
SPIN 3 5 10 8 1.969 -2.720 4.871
SPIN 3 5 10 9 0.203 -0.766 5.863
SPIN 3 5 10 10 -5.176 -0.340 2.845
SPIN 3 5 10 11 3.019 3.043 4.077
SPIN 3 5 10 12 -2.229 2.947 -4.620
SPIN 3 5 10 13 -4.596 -2.855 2.394
SPIN 3 5 10 14 1.368 -2.980 -4.924
SPIN 3 5 10 15 -1.149 3.106 -4.902
SPIN 2 5 10 0 -5.181 -2.042 -1.997
SPIN 2 5 10 1 -3.140 -5.012 0.131
SPIN 2 5 10 2 -3.852 3.415 -2.915
SPIN 2 5 10 3 -0.310 5.878 0.590
SPIN 2 5 10 4 3.465 0.166 -4.792
SPIN 2 5 10 5 -3.422 3.411 3.413
SPIN 2 5 10 6 -3.298 -1.812 -4.565
SPIN 2 5 10 7 -0.496 -3.297 4.887
SPIN 2 5 10 8 5.233 2.726 0.435
SPIN 2 5 10 9 -2.605 -4.316 -3.097
SPIN 2 5 10 10 3.131 4.704 -1.752
SPIN 2 5 10 11 -4.176 -3.301 2.581
SPIN 2 5 10 12 -1.538 -3.865 4.207
SPIN 2 5 10 13 -1.680 1.340 -5.512
SPIN 2 5 10 14 -1.025 0.666 5.788
SPIN 2 5 10 15 3.132 -4.663 -1.855
SPIN 3 5 11 0 3.915 4.186 1.466
SPIN 3 5 11 1 -3.468 3.099 -3.657
SPIN 3 5 11 2 2.733 -3.995 3.402
SPIN 3 5 11 3 0.276 -5.154 2.892
SPIN 3 5 11 4 -0.012 -5.783 -1.246
SPIN 3 5 11 5 5.164 0.859 2.755
SPIN 3 5 11 6 -2.484 3.551 -4.028
SPIN 3 5 11 7 -3.536 -3.701 -2.966
SPIN 3 5 11 8 1.498 3.073 4.828
SPIN 3 5 11 9 -0.868 -4.517 -3.721
SPIN 3 5 11 10 -0.416 1.325 -5.751
SPIN 3 5 11 11 3.158 0.565 4.971
SPIN 3 5 11 12 -5.446 -2.073 -1.019
SPIN 3 5 11 13 -1.564 0.186 -5.703
SPIN 3 5 11 14 -2.873 1.659 -4.898
SPIN 3 5 11 15 1.669 0.116 5.675
SPIN 2 5 11 0 -3.570 4.110 -2.317
SPIN 2 5 11 1 -1.338 4.674 -3.371
SPIN 2 5 11 2 -1.857 2.054 5.228
SPIN 2 5 11 3 -1.767 5.343 1.826
SPIN 2 5 11 4 -5.637 1.342 1.195
SPIN 2 5 11 5 -0.437 -1.374 -5.738
SPIN 2 5 11 6 -2.274 -3.121 -4.482
SPIN 2 5 11 7 1.739 0.761 -5.603
SPIN 2 5 11 8 0.181 4.471 3.870
SPIN 2 5 11 9 -1.780 -4.463 3.451
SPIN 2 5 11 10 -5.671 -0.838 -1.463
SPIN 2 5 11 11 -1.811 4.901 -2.776
SPIN 2 5 11 12 -1.674 -3.795 -4.219
SPIN 2 5 11 13 4.936 2.204 -2.404
SPIN 2 5 11 14 0.911 5.843 0.180
SPIN 2 5 11 15 5.874 0.672 0.214
SPIN 3 5 12 0 -5.184 -0.090 2.850
SPIN 3 5 12 1 -4.817 2.377 2.480
SPIN 3 5 12 2 -4.079 -0.697 -4.228
SPIN 3 5 12 3 -2.187 -4.474 3.193
SPIN 3 5 12 4 -0.919 3.590 -4.612
SPIN 3 5 12 5 3.845 0.042 4.496
SPIN 3 5 12 6 -3.674 4.426 -1.382
SPIN 3 5 12 7 0.602 -5.376 -2.396
SPIN 3 5 12 8 -1.934 -3.622 4.259
SPIN 3 5 12 9 -0.702 0.669 5.836
SPIN 3 5 12 10 1.527 -5.702 -0.396
SPIN 3 5 12 11 -5.546 -0.257 2.044
SPIN 3 5 12 12 5.759 0.870 1.040
SPIN 3 5 12 13 -1.230 -0.242 5.782
SPIN 3 5 12 14 -0.154 -5.188 2.840
SPIN 3 5 12 15 2.371 4.239 -3.378
SPIN 2 5 12 0 -5.568 -1.196 -1.602
SPIN 2 5 12 1 -2.836 -4.767 -2.057
SPIN 2 5 12 2 2.091 3.549 4.247
SPIN 2 5 12 3 -2.512 -2.911 4.496
SPIN 2 5 12 4 -3.754 -4.031 -2.159
SPIN 2 5 12 5 4.185 4.179 -0.145
SPIN 2 5 12 6 -2.657 3.233 -4.182
SPIN 2 5 12 7 1.759 5.648 -0.057
SPIN 2 5 12 8 -2.346 -4.398 3.187
SPIN 2 5 12 9 5.066 2.666 -1.492
SPIN 2 5 12 10 4.514 -3.664 -1.095
SPIN 2 5 12 11 -0.003 4.696 3.598
SPIN 2 5 12 12 1.716 5.507 1.317
SPIN 2 5 12 13 -2.926 1.649 -4.870
SPIN 2 5 12 14 1.295 -4.525 -3.584
SPIN 2 5 12 15 1.727 -1.640 5.415
SPIN 3 5 13 0 -3.062 -5.023 0.626
SPIN 3 5 13 1 -1.035 -0.410 -5.810
SPIN 3 5 13 2 0.806 0.759 5.812
SPIN 3 5 13 3 -0.850 -4.323 3.948
SPIN 3 5 13 4 -5.560 -0.810 1.853
SPIN 3 5 13 5 5.318 -0.914 2.427
SPIN 3 5 13 6 -2.378 -0.746 -5.365
SPIN 3 5 13 7 0.534 5.864 -0.572
SPIN 3 5 13 8 -0.068 5.718 -1.517
SPIN 3 5 13 9 -3.815 -3.317 -3.073
SPIN 3 5 13 10 2.105 2.330 -5.014
SPIN 3 5 13 11 -3.840 -3.096 -3.267
SPIN 3 5 13 12 -3.734 -4.236 1.764
SPIN 3 5 13 13 -1.214 3.206 -4.822
SPIN 3 5 13 14 -2.657 -2.270 4.774
SPIN 3 5 13 15 -2.682 2.652 -4.558
SPIN 2 5 13 0 -3.586 -1.910 -4.301
SPIN 2 5 13 1 5.586 -1.608 -1.100
SPIN 2 5 13 2 -5.355 2.020 -1.500
SPIN 2 5 13 3 0.080 -3.979 4.377
SPIN 2 5 13 4 0.174 5.619 1.843
SPIN 2 5 13 5 -0.260 -4.673 -3.619
SPIN 2 5 13 6 -4.653 1.650 -3.259
SPIN 2 5 13 7 -2.318 -5.186 -1.654
SPIN 2 5 13 8 5.605 0.704 1.757
SPIN 2 5 13 9 -1.479 -5.541 -1.453
SPIN 2 5 13 10 -4.251 -2.134 3.518
SPIN 2 5 13 11 0.425 -5.466 -2.222
SPIN 2 5 13 12 -4.316 2.898 2.824
SPIN 2 5 13 13 1.396 -5.368 2.057
SPIN 2 5 13 14 1.269 5.271 -2.368
SPIN 2 5 13 15 -0.415 -5.275 -2.646
SPIN 3 5 14 0 -1.232 4.718 -3.351
SPIN 3 5 14 1 0.657 2.182 5.460
SPIN 3 5 14 2 -1.754 -5.647 0.197
SPIN 3 5 14 3 -2.326 5.435 -0.227
SPIN 3 5 14 4 1.201 -5.141 -2.669
SPIN 3 5 14 5 2.211 -4.829 2.607
SPIN 3 5 14 6 1.147 -0.423 -5.788
SPIN 3 5 14 7 -1.929 -5.378 1.536
SPIN 3 5 14 8 -1.755 5.617 -0.610
SPIN 3 5 14 9 3.669 1.120 4.503
SPIN 3 5 14 10 -2.628 3.395 -4.071
SPIN 3 5 14 11 1.831 -0.546 5.599
SPIN 3 5 14 12 -4.614 3.682 0.389
SPIN 3 5 14 13 -5.844 -0.848 0.352
SPIN 3 5 14 14 4.778 2.259 -2.659
SPIN 3 5 14 15 -0.201 -4.911 3.292
SPIN 2 5 14 0 3.242 -3.109 -3.850
SPIN 2 5 14 1 -0.087 5.876 -0.680
SPIN 2 5 14 2 -4.624 -1.459 3.390
SPIN 2 5 14 3 -1.745 -5.527 1.188
SPIN 2 5 14 4 -5.177 0.387 2.837
SPIN 2 5 14 5 1.820 5.534 1.031
SPIN 2 5 14 6 3.995 -3.770 -2.197
SPIN 2 5 14 7 -3.088 5.014 -0.574
SPIN 2 5 14 8 3.663 -2.660 3.809
SPIN 2 5 14 9 4.057 1.937 -3.846
SPIN 2 5 14 10 -5.144 0.540 2.871
SPIN 2 5 14 11 -5.467 -2.244 -0.274
SPIN 2 5 14 12 2.828 -5.129 -0.836
SPIN 2 5 14 13 1.618 2.528 5.098
SPIN 2 5 14 14 2.656 -5.258 0.549
SPIN 2 5 14 15 0.620 4.541 3.741
SPIN 3 5 15 0 -4.750 3.526 -0.054
SPIN 3 5 15 1 -2.940 -1.349 -4.953
SPIN 3 5 15 2 3.324 2.496 -4.210
SPIN 3 5 15 3 2.636 -0.430 -5.279
SPIN 3 5 15 4 -3.034 -4.137 2.947
SPIN 3 5 15 5 5.266 -1.439 2.279
SPIN 3 5 15 6 1.281 -2.764 5.071
SPIN 3 5 15 7 2.205 3.138 -4.505
SPIN 3 5 15 8 -0.077 -5.867 -0.755
SPIN 3 5 15 9 2.642 -0.264 5.287
SPIN 3 5 15 10 4.784 3.343 -0.971
SPIN 3 5 15 11 -2.477 1.761 -5.076
SPIN 3 5 15 12 0.608 -0.572 -5.857
SPIN 3 5 15 13 1.483 -2.666 -5.069
SPIN 3 5 15 14 3.599 4.604 -0.923
SPIN 3 5 15 15 -4.787 2.605 -2.302
SPIN 2 5 15 0 -4.039 -2.357 3.623
SPIN 2 5 15 1 -0.586 -3.404 -4.803
SPIN 2 5 15 2 -2.798 -4.317 -2.921
SPIN 2 5 15 3 0.907 -1.525 5.644
SPIN 2 5 15 4 5.059 -1.218 -2.815
SPIN 2 5 15 5 -5.591 -1.343 1.392
SPIN 2 5 15 6 0.278 3.199 -4.969
SPIN 2 5 15 7 1.884 -1.361 5.441
SPIN 2 5 15 8 -4.330 -1.416 3.774
SPIN 2 5 15 9 2.723 -5.055 -1.428
SPIN 2 5 15 10 -1.691 -3.681 -4.311
SPIN 2 5 15 11 3.045 -5.068 0.203
SPIN 2 5 15 12 -5.648 1.641 0.637
SPIN 2 5 15 13 1.716 5.659 -0.182
SPIN 2 5 15 14 -2.875 -5.090 -0.906
SPIN 2 5 15 15 5.811 0.122 -1.102
SPIN 1 6 0 0 5.341 -0.366 -2.517
SPIN 1 6 0 1 -1.872 -3.304 4.536
SPIN 1 6 0 2 1.506 5.534 1.452
SPIN 1 6 0 3 -1.399 5.315 -2.188
SPIN 1 6 0 4 2.879 -1.324 -4.996
SPIN 1 6 0 5 3.088 -0.791 4.984
SPIN 1 6 0 6 -4.516 -0.119 -3.820
SPIN 1 6 0 7 -2.031 -2.559 4.932
SPIN 1 6 0 8 -0.835 5.716 -1.278
SPIN 1 6 0 9 -1.561 -5.371 1.928
SPIN 1 6 0 10 1.227 5.190 -2.560
SPIN 1 6 0 11 -3.798 -3.171 3.243
SPIN 1 6 0 12 1.032 -0.904 5.755
SPIN 1 6 0 13 -1.972 -4.989 2.494
SPIN 1 6 0 14 0.095 -5.327 -2.572
SPIN 1 6 0 15 -4.683 -3.297 -1.484
SPIN 4 6 0 0 -3.374 -4.835 0.488
SPIN 4 6 0 1 2.074 3.011 -4.651
SPIN 4 6 0 2 -3.522 -4.737 -0.397
SPIN 4 6 0 3 0.760 -4.918 3.199
SPIN 4 6 0 4 -4.433 -3.635 -1.460
SPIN 4 6 0 5 3.278 -0.105 -4.924
SPIN 4 6 0 6 -0.429 5.822 0.960
SPIN 4 6 0 7 -5.264 1.504 2.242
SPIN 4 6 0 8 5.049 0.161 3.079
SPIN 4 6 0 9 -2.440 3.932 -3.686
SPIN 4 6 0 10 0.795 -3.370 4.797
SPIN 4 6 0 11 -4.114 -1.629 3.927
SPIN 4 6 0 12 4.605 3.515 1.196
SPIN 4 6 0 13 2.365 -4.533 -2.976
SPIN 4 6 0 14 4.443 3.652 1.387
SPIN 4 6 0 15 -4.172 -3.118 -2.806
SPIN 1 6 1 0 3.451 1.653 4.512
SPIN 1 6 1 1 -0.159 -5.617 1.851
SPIN 1 6 1 2 3.589 -3.708 2.893
SPIN 1 6 1 3 -1.055 2.571 -5.223
SPIN 1 6 1 4 -4.290 1.289 3.865
SPIN 1 6 1 5 5.625 1.070 1.488
SPIN 1 6 1 6 4.236 -4.073 0.684
SPIN 1 6 1 7 -0.231 -5.905 -0.289
SPIN 1 6 1 8 -2.194 5.385 1.090
SPIN 1 6 1 9 -3.094 2.594 -4.324
SPIN 1 6 1 10 -2.001 -4.856 2.723
SPIN 1 6 1 11 4.446 0.873 -3.805
SPIN 1 6 1 12 -0.567 1.489 5.698
SPIN 1 6 1 13 -5.150 -2.791 0.827
SPIN 1 6 1 14 2.502 3.581 3.990
SPIN 1 6 1 15 4.268 3.826 1.464
SPIN 4 6 1 0 0.489 2.502 5.339
SPIN 4 6 1 1 5.375 -0.247 -2.460
SPIN 4 6 1 2 0.342 2.538 5.333
SPIN 4 6 1 3 0.686 -2.754 -5.191
SPIN 4 6 1 4 3.614 4.352 -1.732
SPIN 4 6 1 5 -4.498 -3.836 0.235
SPIN 4 6 1 6 -1.996 5.562 0.287
SPIN 4 6 1 7 2.371 -4.337 -3.251
SPIN 4 6 1 8 -5.890 -0.061 -0.549
SPIN 4 6 1 9 0.275 3.687 4.619
SPIN 4 6 1 10 -1.472 4.139 -3.963
SPIN 4 6 1 11 5.528 1.444 1.533
SPIN 4 6 1 12 -3.390 -1.894 -4.463
SPIN 4 6 1 13 0.879 5.784 -0.878
SPIN 4 6 1 14 -2.012 5.404 -1.322
SPIN 4 6 1 15 1.163 3.772 -4.407
SPIN 1 6 2 0 2.434 -4.638 2.749
SPIN 1 6 2 1 -2.849 2.956 -4.260
SPIN 1 6 2 2 5.800 1.003 -0.597
SPIN 1 6 2 3 -5.193 2.821 0.282
SPIN 1 6 2 4 4.841 2.460 2.349
SPIN 1 6 2 5 -0.713 -4.265 -4.038
SPIN 1 6 2 6 3.740 0.742 -4.523
SPIN 1 6 2 7 2.703 2.871 -4.411
SPIN 1 6 2 8 -3.190 -2.378 4.378
SPIN 1 6 2 9 4.153 0.582 -4.173
SPIN 1 6 2 10 3.130 5.012 0.289
SPIN 1 6 2 11 -1.182 -2.209 5.360
SPIN 1 6 2 12 2.240 -4.898 -2.448
SPIN 1 6 2 13 -2.006 -4.385 3.428
SPIN 1 6 2 14 0.842 -3.059 4.993
SPIN 1 6 2 15 1.752 2.023 -5.276
SPIN 4 6 2 0 -0.232 -3.316 -4.894
SPIN 4 6 2 1 3.545 -0.631 -4.694
SPIN 4 6 2 2 -5.289 1.818 -1.929
SPIN 4 6 2 3 -2.619 -0.230 5.300
SPIN 4 6 2 4 1.465 -5.589 -1.273
SPIN 4 6 2 5 3.380 4.482 1.867
SPIN 4 6 2 6 0.695 -5.551 1.925
SPIN 4 6 2 7 -3.260 -4.617 1.747
SPIN 4 6 2 8 5.347 2.215 1.227
SPIN 4 6 2 9 -0.131 -5.841 -0.931
SPIN 4 6 2 10 -0.764 -5.326 -2.459
SPIN 4 6 2 11 -4.762 1.451 3.196
SPIN 4 6 2 12 3.470 -1.061 -4.672
SPIN 4 6 2 13 -0.957 -2.795 5.125
SPIN 4 6 2 14 -1.825 -1.470 -5.432
SPIN 4 6 2 15 5.173 2.870 -0.036
SPIN 1 6 3 0 -2.267 5.253 -1.504
SPIN 1 6 3 1 4.395 -3.931 0.477
SPIN 1 6 3 2 -3.299 4.457 2.063
SPIN 1 6 3 3 5.400 -2.318 -0.686
SPIN 1 6 3 4 -0.889 -0.893 5.780
SPIN 1 6 3 5 3.814 -4.317 1.349
SPIN 1 6 3 6 -1.285 -3.599 4.516
SPIN 1 6 3 7 -0.027 4.049 -4.314
SPIN 1 6 3 8 5.030 -0.684 -3.039
SPIN 1 6 3 9 -3.471 2.076 4.318
SPIN 1 6 3 10 -0.919 -5.536 -1.872
SPIN 1 6 3 11 2.551 -1.690 5.063
SPIN 1 6 3 12 -2.481 3.002 -4.453
SPIN 1 6 3 13 0.140 -5.721 -1.499
SPIN 1 6 3 14 -4.017 -1.263 -4.156
SPIN 1 6 3 15 1.224 5.587 1.512
SPIN 4 6 3 0 -4.094 -2.159 3.685
SPIN 4 6 3 1 3.007 0.322 -5.085
SPIN 4 6 3 2 -3.066 -1.302 4.889
SPIN 4 6 3 3 2.192 -2.810 -4.722
SPIN 4 6 3 4 3.291 2.403 4.289
SPIN 4 6 3 5 -3.121 4.925 1.004
SPIN 4 6 3 6 5.068 2.557 -1.668
SPIN 4 6 3 7 -3.883 4.458 0.219
SPIN 4 6 3 8 4.060 -0.777 4.232
SPIN 4 6 3 9 -1.034 4.179 4.058
SPIN 4 6 3 10 -4.226 1.092 -3.993
SPIN 4 6 3 11 5.161 -1.616 -2.399
SPIN 4 6 3 12 -1.748 1.797 -5.359
SPIN 4 6 3 13 3.413 2.384 -4.203
SPIN 4 6 3 14 3.760 4.343 -1.414
SPIN 4 6 3 15 -1.545 -5.054 -2.658
SPIN 1 6 4 0 3.843 -2.465 3.762
SPIN 1 6 4 1 -5.107 -0.232 -2.977
SPIN 1 6 4 2 -0.518 -2.918 5.120
SPIN 1 6 4 3 2.613 -0.363 -5.295
SPIN 1 6 4 4 -3.395 -4.845 0.039
SPIN 1 6 4 5 4.649 3.658 -0.081
SPIN 1 6 4 6 -3.010 -2.559 -4.403
SPIN 1 6 4 7 0.250 -4.212 4.147
SPIN 1 6 4 8 5.648 0.163 1.753
SPIN 1 6 4 9 -2.346 4.865 -2.413
SPIN 1 6 4 10 0.744 3.863 -4.419
SPIN 1 6 4 11 3.317 -3.285 3.635
SPIN 1 6 4 12 5.294 0.433 2.604
SPIN 1 6 4 13 5.834 -0.889 0.416
SPIN 1 6 4 14 -1.282 4.053 4.115
SPIN 1 6 4 15 -1.918 4.723 -3.003
SPIN 4 6 4 0 -1.033 -0.625 -5.792
SPIN 4 6 4 1 5.522 2.122 0.094
SPIN 4 6 4 2 -4.268 2.552 3.205
SPIN 4 6 4 3 3.829 4.314 -1.312
SPIN 4 6 4 4 -3.575 -1.546 4.453
SPIN 4 6 4 5 2.047 -0.287 -5.543
SPIN 4 6 4 6 -3.801 1.292 4.346
SPIN 4 6 4 7 5.812 0.649 -0.894
SPIN 4 6 4 8 1.981 -5.571 0.201
SPIN 4 6 4 9 4.527 -2.857 2.518
SPIN 4 6 4 10 -5.342 2.367 -0.930
SPIN 4 6 4 11 5.908 0.206 -0.229
SPIN 4 6 4 12 -2.882 -5.091 0.882
SPIN 4 6 4 13 -1.011 -2.183 -5.405
SPIN 4 6 4 14 -1.904 -1.588 5.371
SPIN 4 6 4 15 3.996 4.353 -0.298
SPIN 1 6 5 0 -1.533 -4.083 3.997
SPIN 1 6 5 1 -2.176 5.293 -1.500
SPIN 1 6 5 2 -0.987 -3.542 -4.634
SPIN 1 6 5 3 0.506 -3.827 4.483
SPIN 1 6 5 4 -4.626 -1.848 -3.191
SPIN 1 6 5 5 -2.995 5.097 -0.218
SPIN 1 6 5 6 0.752 3.538 -4.681
SPIN 1 6 5 7 5.749 -1.327 0.432
SPIN 1 6 5 8 -1.176 5.798 -0.074
SPIN 1 6 5 9 -1.873 -5.044 2.460
SPIN 1 6 5 10 -2.490 -3.725 3.863
SPIN 1 6 5 11 -3.947 4.306 0.938
SPIN 1 6 5 12 -5.420 1.534 -1.809
SPIN 1 6 5 13 4.299 -0.924 3.958
SPIN 1 6 5 14 -4.756 2.759 2.185
SPIN 1 6 5 15 1.874 5.404 -1.514
SPIN 4 6 5 0 1.328 -4.932 2.985
SPIN 4 6 5 1 -0.441 0.166 5.897
SPIN 4 6 5 2 1.057 -3.971 -4.256
SPIN 4 6 5 3 -3.039 -2.665 4.320
SPIN 4 6 5 4 3.519 -0.363 -4.742
SPIN 4 6 5 5 3.011 -4.897 -1.398
SPIN 4 6 5 6 2.496 -0.461 -5.344
SPIN 4 6 5 7 2.858 4.719 2.136
SPIN 4 6 5 8 -0.529 -1.675 -5.649
SPIN 4 6 5 9 1.335 0.898 -5.693
SPIN 4 6 5 10 4.238 -2.224 -3.478
SPIN 4 6 5 11 3.043 -4.381 2.559
SPIN 4 6 5 12 -5.909 0.181 0.236
SPIN 4 6 5 13 2.940 0.368 5.121
SPIN 4 6 5 14 5.540 0.198 -2.067
SPIN 4 6 5 15 -0.837 -2.065 -5.481
SPIN 1 6 6 0 -3.612 4.528 1.205
SPIN 1 6 6 1 3.974 -4.076 1.611
SPIN 1 6 6 2 2.642 2.750 -4.523
SPIN 1 6 6 3 -5.256 2.046 -1.787
SPIN 1 6 6 4 5.725 1.203 -0.884
SPIN 1 6 6 5 2.824 0.079 5.198
SPIN 1 6 6 6 -5.631 0.983 -1.525
SPIN 1 6 6 7 -2.427 -5.270 -1.156
SPIN 1 6 6 8 -2.154 -0.660 -5.470
SPIN 1 6 6 9 -2.978 -2.439 -4.493
SPIN 1 6 6 10 1.816 5.585 -0.713
SPIN 1 6 6 11 0.838 3.245 4.875
SPIN 1 6 6 12 -0.479 -2.685 -5.250
SPIN 1 6 6 13 5.356 -0.133 2.509
SPIN 1 6 6 14 -2.844 1.019 5.087
SPIN 1 6 6 15 5.200 -2.676 -0.891
SPIN 4 6 6 0 -1.810 5.158 2.263
SPIN 4 6 6 1 1.418 -5.405 1.945
SPIN 4 6 6 2 -3.779 1.481 4.305
SPIN 4 6 6 3 0.862 -4.615 3.600
SPIN 4 6 6 4 -3.239 3.405 3.593
SPIN 4 6 6 5 2.832 -3.893 -3.439
SPIN 4 6 6 6 4.201 3.620 2.062
SPIN 4 6 6 7 -4.046 4.179 -1.077
SPIN 4 6 6 8 1.038 -3.823 -4.394
SPIN 4 6 6 9 -5.506 2.109 -0.488
SPIN 4 6 6 10 0.056 -4.539 3.794
SPIN 4 6 6 11 -1.113 5.698 -1.140
SPIN 4 6 6 12 0.334 -0.525 -5.883
SPIN 4 6 6 13 2.667 5.259 -0.480
SPIN 4 6 6 14 5.162 2.173 -1.907
SPIN 4 6 6 15 -2.156 -5.427 0.951
SPIN 1 6 7 0 5.332 -1.716 -1.903
SPIN 1 6 7 1 -0.869 0.813 -5.795
SPIN 1 6 7 2 -3.844 -4.416 -0.853
SPIN 1 6 7 3 -5.756 -0.811 1.102
SPIN 1 6 7 4 -3.660 1.343 -4.450
SPIN 1 6 7 5 -5.327 2.565 0.213
SPIN 1 6 7 6 1.398 -5.743 -0.253
SPIN 1 6 7 7 -0.065 -2.238 5.476
SPIN 1 6 7 8 -3.976 -0.354 4.367
SPIN 1 6 7 9 0.403 -2.133 5.503
SPIN 1 6 7 10 -1.890 -4.351 3.535
SPIN 1 6 7 11 5.865 -0.775 0.068
SPIN 1 6 7 12 3.457 -3.942 2.741
SPIN 1 6 7 13 -5.684 -1.590 0.402
SPIN 1 6 7 14 2.264 1.253 -5.320
SPIN 1 6 7 15 2.233 5.478 0.005
SPIN 4 6 7 0 -3.615 -3.260 -3.363
SPIN 4 6 7 1 4.960 -1.870 2.627
SPIN 4 6 7 2 -5.004 1.088 2.963
SPIN 4 6 7 3 4.824 0.134 -3.422
SPIN 4 6 7 4 -1.532 5.240 2.279
SPIN 4 6 7 5 2.054 -3.900 3.946
SPIN 4 6 7 6 -3.028 0.993 -4.984
SPIN 4 6 7 7 -0.362 -5.893 -0.369
SPIN 4 6 7 8 5.495 -2.145 -0.446
SPIN 4 6 7 9 3.277 4.697 1.485
SPIN 4 6 7 10 -5.257 2.711 0.109
SPIN 4 6 7 11 0.119 4.547 -3.783
SPIN 4 6 7 12 -5.206 2.761 0.529
SPIN 4 6 7 13 1.571 5.698 -0.248
SPIN 4 6 7 14 3.673 -3.051 3.493
SPIN 4 6 7 15 2.216 5.477 -0.293
SPIN 1 6 8 0 -0.303 -2.527 5.341
SPIN 1 6 8 1 -1.064 3.327 4.775
SPIN 1 6 8 2 -3.159 3.870 3.169
SPIN 1 6 8 3 -3.316 -0.820 4.830
SPIN 1 6 8 4 -3.809 4.281 -1.470
SPIN 1 6 8 5 -5.289 -2.651 0.026
SPIN 1 6 8 6 2.449 -2.950 4.506
SPIN 1 6 8 7 2.389 2.970 4.525
SPIN 1 6 8 8 -5.862 0.594 0.534
SPIN 1 6 8 9 5.804 -0.678 0.926
SPIN 1 6 8 10 0.039 -2.319 5.443
SPIN 1 6 8 11 -4.686 3.170 1.730
SPIN 1 6 8 12 -0.764 -1.374 5.703
SPIN 1 6 8 13 5.195 0.997 2.650
SPIN 1 6 8 14 -2.130 0.690 5.476
SPIN 1 6 8 15 -5.698 1.553 -0.351
SPIN 4 6 8 0 -0.792 4.785 -3.388
SPIN 4 6 8 1 -0.277 -3.978 -4.370
SPIN 4 6 8 2 -5.567 1.508 -1.315
SPIN 4 6 8 3 5.257 -1.930 -1.907
SPIN 4 6 8 4 -4.539 1.880 3.296
SPIN 4 6 8 5 1.713 0.664 -5.624
SPIN 4 6 8 6 5.618 -0.243 1.840
SPIN 4 6 8 7 0.726 -4.630 -3.611
SPIN 4 6 8 8 -3.306 2.385 4.287
SPIN 4 6 8 9 -2.757 3.580 -3.819
SPIN 4 6 8 10 -1.409 0.629 5.711
SPIN 4 6 8 11 -0.028 5.751 -1.388
SPIN 4 6 8 12 -3.873 3.590 -2.666
SPIN 4 6 8 13 1.336 0.827 5.704
SPIN 4 6 8 14 -1.634 -5.664 -0.503
SPIN 4 6 8 15 1.506 -0.140 -5.719
SPIN 1 6 9 0 4.162 1.447 -3.947
SPIN 1 6 9 1 0.805 -3.719 4.530
SPIN 1 6 9 2 3.711 -1.239 4.438
SPIN 1 6 9 3 -4.483 -2.425 3.004
SPIN 1 6 9 4 0.037 4.343 4.017
SPIN 1 6 9 5 3.536 1.071 4.621
SPIN 1 6 9 6 4.394 3.854 -0.916
SPIN 1 6 9 7 -1.041 4.871 3.193
SPIN 1 6 9 8 -3.578 4.146 -2.238
SPIN 1 6 9 9 1.762 1.268 5.503
SPIN 1 6 9 10 -5.613 1.841 -0.322
SPIN 1 6 9 11 0.306 3.874 -4.461
SPIN 1 6 9 12 -0.871 -5.827 0.540
SPIN 1 6 9 13 -2.223 -5.008 -2.232
SPIN 1 6 9 14 4.116 4.035 -1.333
SPIN 1 6 9 15 1.914 5.441 -1.315
SPIN 4 6 9 0 -0.616 -4.670 -3.580
SPIN 4 6 9 1 -1.963 -3.030 4.687
SPIN 4 6 9 2 2.547 5.328 0.354
SPIN 4 6 9 3 3.878 2.735 -3.533
SPIN 4 6 9 4 4.191 -3.141 2.752
SPIN 4 6 9 5 2.805 -3.834 -3.527
SPIN 4 6 9 6 -0.176 5.332 2.558
SPIN 4 6 9 7 3.303 -3.563 -3.375
SPIN 4 6 9 8 1.983 -5.416 -1.316
SPIN 4 6 9 9 0.250 2.373 -5.413
SPIN 4 6 9 10 4.139 -2.673 3.275
SPIN 4 6 9 11 -3.203 4.793 -1.332
SPIN 4 6 9 12 -4.790 -2.271 2.626
SPIN 4 6 9 13 1.023 -4.255 3.981
SPIN 4 6 9 14 -5.297 1.430 -2.212
SPIN 4 6 9 15 0.899 -0.648 5.811
SPIN 1 6 10 0 -5.449 2.251 -0.491
SPIN 1 6 10 1 3.474 -4.740 -0.683
SPIN 1 6 10 2 3.523 4.667 -0.901
SPIN 1 6 10 3 -1.783 -5.638 -0.178
SPIN 1 6 10 4 4.509 -3.739 0.830
SPIN 1 6 10 5 2.549 -2.286 -4.825
SPIN 1 6 10 6 1.068 -4.753 3.356
SPIN 1 6 10 7 1.796 2.148 -5.212
SPIN 1 6 10 8 -5.541 -2.066 -0.170
SPIN 1 6 10 9 4.676 2.655 -2.467
SPIN 1 6 10 10 -3.259 3.134 3.815
SPIN 1 6 10 11 4.968 2.422 -2.109
SPIN 1 6 10 12 -1.752 0.820 5.591
SPIN 1 6 10 13 -0.450 4.955 -3.201
SPIN 1 6 10 14 -4.607 2.775 -2.465
SPIN 1 6 10 15 -0.903 -3.880 -4.374
SPIN 4 6 10 0 2.697 -0.552 -5.236
SPIN 4 6 10 1 5.029 -1.423 -2.771
SPIN 4 6 10 2 -5.396 1.508 -1.900
SPIN 4 6 10 3 -3.769 -0.844 -4.482
SPIN 4 6 10 4 -4.478 0.756 3.792
SPIN 4 6 10 5 -1.360 -5.021 2.818
SPIN 4 6 10 6 4.332 2.423 -3.219
SPIN 4 6 10 7 1.287 5.099 2.709
SPIN 4 6 10 8 -0.501 1.721 -5.638
SPIN 4 6 10 9 -5.352 0.411 -2.486
SPIN 4 6 10 10 5.850 0.281 -0.835
SPIN 4 6 10 11 -5.734 -1.200 0.828
SPIN 4 6 10 12 3.328 4.757 1.137
SPIN 4 6 10 13 -2.125 -5.167 -1.947
SPIN 4 6 10 14 -5.160 -2.656 1.148
SPIN 4 6 10 15 5.421 2.151 0.994
SPIN 1 6 11 0 -3.831 -3.852 2.342
SPIN 1 6 11 1 -2.463 -3.176 4.341
SPIN 1 6 11 2 4.693 3.587 0.337
SPIN 1 6 11 3 2.473 4.552 -2.858
SPIN 1 6 11 4 -1.918 1.538 5.381
SPIN 1 6 11 5 0.782 0.349 -5.854
SPIN 1 6 11 6 -4.562 3.110 -2.125
SPIN 1 6 11 7 2.852 -1.697 4.897
SPIN 1 6 11 8 5.541 -0.335 -2.046
SPIN 1 6 11 9 2.944 2.557 4.449
SPIN 1 6 11 10 -0.393 -1.518 -5.704
SPIN 1 6 11 11 -4.954 -0.917 -3.101
SPIN 1 6 11 12 1.432 4.686 -3.315
SPIN 1 6 11 13 3.346 -3.716 3.161
SPIN 1 6 11 14 -4.944 -0.518 3.207
SPIN 1 6 11 15 5.487 -2.078 0.762
SPIN 4 6 11 0 2.421 -3.294 4.277
SPIN 4 6 11 1 -5.577 0.456 -1.922
SPIN 4 6 11 2 3.622 -1.986 4.235
SPIN 4 6 11 3 -1.018 3.882 4.347
SPIN 4 6 11 4 -0.704 -5.862 -0.381
SPIN 4 6 11 5 -3.669 -3.662 2.851
SPIN 4 6 11 6 3.329 4.890 -0.036
SPIN 4 6 11 7 5.108 1.828 -2.360
SPIN 4 6 11 8 -4.297 -2.108 3.477
SPIN 4 6 11 9 5.635 -1.660 -0.701
SPIN 4 6 11 10 -0.234 -5.561 -2.006
SPIN 4 6 11 11 3.611 2.925 3.661
SPIN 4 6 11 12 -2.712 1.582 -5.014
SPIN 4 6 11 13 -1.781 -5.128 2.352
SPIN 4 6 11 14 2.732 -1.623 4.991
SPIN 4 6 11 15 -2.582 2.363 -4.770
SPIN 1 6 12 0 -4.607 3.709 0.123
SPIN 1 6 12 1 -4.443 3.597 1.524
SPIN 1 6 12 2 5.473 -2.221 -0.335
SPIN 1 6 12 3 -5.243 -2.738 0.123
SPIN 1 6 12 4 5.336 -2.158 1.367
SPIN 1 6 12 5 0.674 5.808 0.902
SPIN 1 6 12 6 2.825 -2.565 -4.521
SPIN 1 6 12 7 -1.161 -5.105 -2.755
SPIN 1 6 12 8 -4.076 4.024 1.481
SPIN 1 6 12 9 3.728 -4.360 1.448
SPIN 1 6 12 10 0.950 -3.003 -5.008
SPIN 1 6 12 11 2.962 -1.759 4.809
SPIN 1 6 12 12 1.377 -4.902 3.013
SPIN 1 6 12 13 -3.975 4.354 0.492
SPIN 1 6 12 14 2.197 1.281 -5.341
SPIN 1 6 12 15 -0.005 -3.849 4.493
SPIN 4 6 12 0 4.049 1.142 -4.159
SPIN 4 6 12 1 -2.246 -4.822 -2.589
SPIN 4 6 12 2 -4.253 -0.877 4.018
SPIN 4 6 12 3 -3.796 -4.041 2.065
SPIN 4 6 12 4 3.759 3.751 2.608
SPIN 4 6 12 5 -2.049 -5.546 0.217
SPIN 4 6 12 6 -5.851 0.458 -0.749
SPIN 4 6 12 7 -5.707 -1.025 -1.173
SPIN 4 6 12 8 5.537 0.348 2.055
SPIN 4 6 12 9 -0.841 3.718 -4.524
SPIN 4 6 12 10 1.448 3.963 4.147
SPIN 4 6 12 11 1.046 -5.716 -1.112
SPIN 4 6 12 12 -0.932 5.715 -1.214
SPIN 4 6 12 13 3.277 1.209 4.775
SPIN 4 6 12 14 -4.464 3.879 0.164
SPIN 4 6 12 15 -0.183 -5.244 2.733
SPIN 1 6 13 0 -0.735 1.734 5.608
SPIN 1 6 13 1 -0.198 5.879 -0.627
SPIN 1 6 13 2 -0.562 -5.877 -0.383
SPIN 1 6 13 3 -0.282 5.859 -0.771
SPIN 1 6 13 4 0.040 5.915 0.089
SPIN 1 6 13 5 -1.436 -5.598 1.266
SPIN 1 6 13 6 -3.366 -1.192 -4.717
SPIN 1 6 13 7 5.612 1.460 1.174
SPIN 1 6 13 8 -2.243 -4.237 3.467
SPIN 1 6 13 9 3.901 0.626 -4.403
SPIN 1 6 13 10 -4.632 3.354 1.517
SPIN 1 6 13 11 -1.194 -5.711 0.978
SPIN 1 6 13 12 3.820 4.516 -0.121
SPIN 1 6 13 13 -4.281 -4.022 -0.705
SPIN 1 6 13 14 -3.911 4.327 -0.988
SPIN 1 6 13 15 4.543 0.230 -3.783
SPIN 4 6 13 0 1.006 2.101 -5.438
SPIN 4 6 13 1 -0.654 -2.871 5.131
SPIN 4 6 13 2 1.603 2.815 -4.950
SPIN 4 6 13 3 4.189 -4.140 -0.561
SPIN 4 6 13 4 -1.714 4.017 -3.991
SPIN 4 6 13 5 -3.243 4.774 -1.303
SPIN 4 6 13 6 5.533 1.792 -1.086
SPIN 4 6 13 7 -4.869 3.126 1.231
SPIN 4 6 13 8 5.892 -0.451 -0.293
SPIN 4 6 13 9 -0.573 -2.482 5.340
SPIN 4 6 13 10 -1.037 5.438 2.085
SPIN 4 6 13 11 -2.967 0.165 -5.116
SPIN 4 6 13 12 -2.255 -5.469 -0.076
SPIN 4 6 13 13 -5.257 -2.157 1.645
SPIN 4 6 13 14 4.212 -2.370 -3.412
SPIN 4 6 13 15 2.880 4.372 -2.756
SPIN 1 6 14 0 -3.554 1.310 4.544
SPIN 1 6 14 1 3.459 4.779 -0.443
SPIN 1 6 14 2 -0.557 -4.179 4.150
SPIN 1 6 14 3 -3.882 -4.446 -0.405
SPIN 1 6 14 4 5.827 -0.270 0.986
SPIN 1 6 14 5 4.805 -0.472 3.420
SPIN 1 6 14 6 -2.801 4.234 3.038
SPIN 1 6 14 7 -5.328 -1.186 -2.282
SPIN 1 6 14 8 -1.379 -5.620 -1.229
SPIN 1 6 14 9 -5.346 -1.132 -2.267
SPIN 1 6 14 10 5.812 -0.270 1.072
SPIN 1 6 14 11 -3.353 -4.612 1.579
SPIN 1 6 14 12 -4.574 0.249 3.744
SPIN 1 6 14 13 5.598 1.534 -1.147
SPIN 1 6 14 14 -3.997 -1.980 -3.886
SPIN 1 6 14 15 0.571 4.620 3.651
SPIN 4 6 14 0 -1.207 -5.506 -1.796
SPIN 4 6 14 1 -4.760 -1.714 -3.066
SPIN 4 6 14 2 3.632 -4.045 2.334
SPIN 4 6 14 3 -5.076 0.269 3.026
SPIN 4 6 14 4 3.517 4.578 1.295
SPIN 4 6 14 5 -2.937 -1.998 4.731
SPIN 4 6 14 6 -5.746 0.909 -1.076
SPIN 4 6 14 7 3.719 -4.063 -2.159
SPIN 4 6 14 8 -4.145 4.136 0.845
SPIN 4 6 14 9 1.308 2.237 -5.318
SPIN 4 6 14 10 2.123 -4.375 3.369
SPIN 4 6 14 11 -2.815 5.052 1.247
SPIN 4 6 14 12 -3.737 4.360 -1.422
SPIN 4 6 14 13 5.018 1.922 -2.475
SPIN 4 6 14 14 -0.009 4.470 3.875
SPIN 4 6 14 15 2.586 0.695 5.276
SPIN 1 6 15 0 -3.082 4.989 -0.779
SPIN 1 6 15 1 4.669 -3.540 0.822
SPIN 1 6 15 2 -2.062 5.200 1.925
SPIN 1 6 15 3 1.269 -2.037 -5.408
SPIN 1 6 15 4 -3.672 3.663 -2.847
SPIN 1 6 15 5 -0.716 1.398 -5.704
SPIN 1 6 15 6 0.707 4.547 -3.718
SPIN 1 6 15 7 -2.293 3.232 4.393
SPIN 1 6 15 8 1.736 -5.645 0.352
SPIN 1 6 15 9 1.008 5.371 2.267
SPIN 1 6 15 10 3.498 -4.731 -0.615
SPIN 1 6 15 11 -4.761 -0.142 -3.509
SPIN 1 6 15 12 4.822 -2.403 2.443
SPIN 1 6 15 13 -3.442 -4.414 1.915
SPIN 1 6 15 14 -0.826 3.668 4.568
SPIN 1 6 15 15 -0.561 -5.657 -1.637
SPIN 4 6 15 0 -2.640 -0.723 5.245
SPIN 4 6 15 1 3.745 -4.419 -1.201
SPIN 4 6 15 2 -5.390 -0.002 -2.438
SPIN 4 6 15 3 -3.454 -0.595 -4.766
SPIN 4 6 15 4 -4.256 1.407 3.861
SPIN 4 6 15 5 4.155 -3.754 1.908
SPIN 4 6 15 6 4.235 3.674 -1.890
SPIN 4 6 15 7 -2.452 0.686 -5.340
SPIN 4 6 15 8 -1.228 0.101 -5.786
SPIN 4 6 15 9 3.967 3.031 3.174
SPIN 4 6 15 10 -2.691 4.405 2.891
SPIN 4 6 15 11 -1.644 2.778 -4.958
SPIN 4 6 15 12 1.917 2.829 -4.829
SPIN 4 6 15 13 1.671 3.642 4.353
SPIN 4 6 15 14 1.850 1.259 5.476
SPIN 4 6 15 15 0.080 -3.312 -4.901
SPIN 3 6 0 0 -3.779 2.569 3.757
SPIN 3 6 0 1 -1.820 2.777 -4.896
SPIN 3 6 0 2 4.143 -1.136 4.068
SPIN 3 6 0 3 4.826 0.542 -3.379
SPIN 3 6 0 4 5.522 2.026 0.638
SPIN 3 6 0 5 5.599 1.892 -0.266
SPIN 3 6 0 6 -2.715 -5.251 -0.232
SPIN 3 6 0 7 5.506 0.905 1.965
SPIN 3 6 0 8 -5.289 -0.183 -2.645
SPIN 3 6 0 9 2.349 5.429 0.094
SPIN 3 6 0 10 -4.902 -2.219 2.459
SPIN 3 6 0 11 1.600 5.677 0.462
SPIN 3 6 0 12 -4.143 -3.415 -2.484
SPIN 3 6 0 13 -3.000 2.077 -4.657
SPIN 3 6 0 14 3.965 -4.075 -1.635
SPIN 3 6 0 15 5.888 0.249 -0.522
SPIN 2 6 0 0 1.690 3.396 -4.540
SPIN 2 6 0 1 -2.568 -5.163 1.324
SPIN 2 6 0 2 -0.959 2.190 -5.411
SPIN 2 6 0 3 -3.531 -2.157 4.229
SPIN 2 6 0 4 4.274 -3.507 -2.107
SPIN 2 6 0 5 -1.033 2.753 -5.134
SPIN 2 6 0 6 -3.770 4.292 -1.538
SPIN 2 6 0 7 2.074 5.293 -1.638
SPIN 2 6 0 8 -5.225 -2.709 -0.599
SPIN 2 6 0 9 -0.351 5.657 1.696
SPIN 2 6 0 10 0.561 2.531 -5.318
SPIN 2 6 0 11 2.850 5.077 -1.052
SPIN 2 6 0 12 2.019 -5.371 -1.440
SPIN 2 6 0 13 1.945 3.782 -4.112
SPIN 2 6 0 14 -3.627 3.477 -3.123
SPIN 2 6 0 15 -0.634 -0.497 5.861
SPIN 3 6 1 0 5.897 -0.067 -0.466
SPIN 3 6 1 1 -5.795 0.832 -0.850
SPIN 3 6 1 2 5.428 1.231 -2.006
SPIN 3 6 1 3 3.745 1.611 4.287
SPIN 3 6 1 4 2.492 -3.112 -4.371
SPIN 3 6 1 5 -3.116 -4.421 2.397
SPIN 3 6 1 6 2.442 -4.448 -3.042
SPIN 3 6 1 7 4.094 2.542 3.432
SPIN 3 6 1 8 2.099 -3.170 -4.533
SPIN 3 6 1 9 1.563 -0.424 -5.690
SPIN 3 6 1 10 4.076 1.596 3.980
SPIN 3 6 1 11 -5.427 -1.923 1.362
SPIN 3 6 1 12 2.491 5.117 -1.615
SPIN 3 6 1 13 3.158 1.290 4.834
SPIN 3 6 1 14 2.182 -1.336 -5.334
SPIN 3 6 1 15 -3.349 -0.713 -4.824
SPIN 2 6 1 0 5.327 -2.293 1.170
SPIN 2 6 1 1 -1.451 5.141 -2.542
SPIN 2 6 1 2 -4.170 -0.802 4.119
SPIN 2 6 1 3 -4.724 3.548 -0.320
SPIN 2 6 1 4 -3.126 -1.705 4.725
SPIN 2 6 1 5 0.316 -1.597 -5.688
SPIN 2 6 1 6 -2.515 -1.520 -5.134
SPIN 2 6 1 7 0.204 4.614 3.697
SPIN 2 6 1 8 5.264 -2.623 -0.641
SPIN 2 6 1 9 -3.352 3.188 3.688
SPIN 2 6 1 10 1.838 -4.749 3.011
SPIN 2 6 1 11 -4.042 -2.659 3.404
SPIN 2 6 1 12 3.512 -2.238 -4.202
SPIN 2 6 1 13 1.416 -4.337 -3.767
SPIN 2 6 1 14 -3.995 -2.583 -3.517
SPIN 2 6 1 15 2.258 0.676 5.426
SPIN 3 6 2 0 0.969 -3.739 4.481
SPIN 3 6 2 1 -0.377 -5.657 -1.691
SPIN 3 6 2 2 -0.437 0.468 5.881
SPIN 3 6 2 3 -2.461 0.747 -5.328
SPIN 3 6 2 4 2.382 2.816 4.626
SPIN 3 6 2 5 0.486 -3.680 -4.606
SPIN 3 6 2 6 -4.422 -3.385 1.997
SPIN 3 6 2 7 4.838 3.295 -0.857
SPIN 3 6 2 8 -4.354 -3.531 1.891
SPIN 3 6 2 9 -1.215 -2.513 5.216
SPIN 3 6 2 10 5.399 2.230 -0.937
SPIN 3 6 2 11 -1.961 0.681 5.540
SPIN 3 6 2 12 5.082 2.323 1.944
SPIN 3 6 2 13 0.034 5.372 -2.479
SPIN 3 6 2 14 -4.677 -1.940 3.059
SPIN 3 6 2 15 -2.766 4.682 -2.330
SPIN 2 6 2 0 -0.809 4.494 -3.761
SPIN 2 6 2 1 2.268 -1.253 -5.319
SPIN 2 6 2 2 -1.387 3.903 -4.224
SPIN 2 6 2 3 -2.206 -2.842 4.696
SPIN 2 6 2 4 2.295 5.173 -1.723
SPIN 2 6 2 5 -4.510 -3.646 1.169
SPIN 2 6 2 6 -1.276 -0.124 5.775
SPIN 2 6 2 7 2.577 2.909 -4.461
SPIN 2 6 2 8 -3.561 -0.175 4.721
SPIN 2 6 2 9 3.411 -1.961 -4.418
SPIN 2 6 2 10 0.809 3.180 4.923
SPIN 2 6 2 11 -4.936 -1.798 -2.721
SPIN 2 6 2 12 -5.496 -0.648 -2.092
SPIN 2 6 2 13 -0.141 -1.833 -5.623
SPIN 2 6 2 14 -3.411 0.330 4.823
SPIN 2 6 2 15 3.423 -2.612 4.057
SPIN 3 6 3 0 2.039 4.224 -3.605
SPIN 3 6 3 1 2.663 -5.214 0.852
SPIN 3 6 3 2 1.239 0.191 5.782
SPIN 3 6 3 3 2.423 -4.294 3.269
SPIN 3 6 3 4 -2.083 -1.275 -5.388
SPIN 3 6 3 5 5.625 1.630 0.836
SPIN 3 6 3 6 3.307 4.628 -1.625
SPIN 3 6 3 7 -3.106 -2.959 -4.074
SPIN 3 6 3 8 2.069 2.226 5.076
SPIN 3 6 3 9 0.923 5.792 0.779
SPIN 3 6 3 10 -0.005 -4.831 -3.414
SPIN 3 6 3 11 5.625 1.816 0.259
SPIN 3 6 3 12 -5.581 -1.789 0.811
SPIN 3 6 3 13 -2.051 -5.366 -1.415
SPIN 3 6 3 14 -2.515 5.279 0.899
SPIN 3 6 3 15 -5.052 -0.963 -2.924
SPIN 2 6 3 0 5.727 1.450 0.309
SPIN 2 6 3 1 -2.248 -1.277 -5.321
SPIN 2 6 3 2 -2.462 2.788 4.601
SPIN 2 6 3 3 -1.568 5.628 -0.931
SPIN 2 6 3 4 -2.791 -4.832 1.965
SPIN 2 6 3 5 5.023 -2.171 -2.250
SPIN 2 6 3 6 -5.321 -1.312 -2.228
SPIN 2 6 3 7 1.605 -0.733 5.647
SPIN 2 6 3 8 -5.535 -0.161 -2.082
SPIN 2 6 3 9 -2.614 -4.693 2.478
SPIN 2 6 3 10 4.114 -0.119 4.250
SPIN 2 6 3 11 4.560 1.151 -3.589
SPIN 2 6 3 12 -2.678 4.236 -3.144
SPIN 2 6 3 13 4.595 3.554 -1.118
SPIN 2 6 3 14 4.935 0.215 -3.256
SPIN 2 6 3 15 -2.085 -4.500 -3.225
SPIN 3 6 4 0 -4.810 -0.954 3.310
SPIN 3 6 4 1 -1.112 3.686 -4.492
SPIN 3 6 4 2 -0.080 -5.710 1.546
SPIN 3 6 4 3 1.124 4.472 -3.707
SPIN 3 6 4 4 -1.598 0.187 5.693
SPIN 3 6 4 5 -1.832 4.835 -2.876
SPIN 3 6 4 6 0.382 -4.743 3.516
SPIN 3 6 4 7 1.053 1.618 5.592
SPIN 3 6 4 8 1.180 3.645 4.508
SPIN 3 6 4 9 -3.452 -3.489 -3.304
SPIN 3 6 4 10 -2.017 -3.508 4.316
SPIN 3 6 4 11 -5.706 1.526 0.332
SPIN 3 6 4 12 3.553 -0.814 4.660
SPIN 3 6 4 13 -2.162 0.909 5.431
SPIN 3 6 4 14 1.679 0.339 -5.663
SPIN 3 6 4 15 4.763 -3.509 0.060
SPIN 2 6 4 0 -4.919 -2.535 -2.093
SPIN 2 6 4 1 4.102 -1.669 3.923
SPIN 2 6 4 2 -1.324 3.130 -4.842
SPIN 2 6 4 3 1.159 -3.606 4.544
SPIN 2 6 4 4 2.836 2.260 -4.674
SPIN 2 6 4 5 -3.644 -0.122 4.659
SPIN 2 6 4 6 -1.026 -3.037 -4.972
SPIN 2 6 4 7 -2.555 3.131 -4.321
SPIN 2 6 4 8 2.521 -5.299 -0.752
SPIN 2 6 4 9 -0.131 -3.727 4.592
SPIN 2 6 4 10 2.058 5.359 -1.431
SPIN 2 6 4 11 1.609 0.402 -5.679
SPIN 2 6 4 12 5.179 -1.578 2.385
SPIN 2 6 4 13 -1.719 3.287 -4.609
SPIN 2 6 4 14 -0.301 -5.054 3.060
SPIN 2 6 4 15 -3.062 0.681 5.016
SPIN 3 6 5 0 1.654 0.989 5.593
SPIN 3 6 5 1 5.320 1.618 2.021
SPIN 3 6 5 2 -5.193 -0.186 2.828
SPIN 3 6 5 3 4.227 3.766 -1.717
SPIN 3 6 5 4 5.643 0.200 -1.767
SPIN 3 6 5 5 -0.212 -3.585 4.702
SPIN 3 6 5 6 1.278 5.710 0.872
SPIN 3 6 5 7 3.922 0.103 -4.428
SPIN 3 6 5 8 -1.189 3.308 -4.759
SPIN 3 6 5 9 -2.077 -4.879 2.624
SPIN 3 6 5 10 3.697 0.392 -4.602
SPIN 3 6 5 11 -0.593 -1.933 5.560
SPIN 3 6 5 12 -5.367 -0.833 -2.346
SPIN 3 6 5 13 5.358 1.582 1.945
SPIN 3 6 5 14 4.012 -1.403 -4.115
SPIN 3 6 5 15 -4.586 3.150 -2.012
SPIN 2 6 5 0 -1.227 4.910 -3.063
SPIN 2 6 5 1 -5.597 0.261 -1.898
SPIN 2 6 5 2 5.528 -2.050 0.491
SPIN 2 6 5 3 1.104 1.732 5.548
SPIN 2 6 5 4 -3.049 4.907 -1.274
SPIN 2 6 5 5 3.545 2.432 -4.065
SPIN 2 6 5 6 -2.549 3.371 4.140
SPIN 2 6 5 7 -5.479 -0.242 2.218
SPIN 2 6 5 8 1.146 1.607 5.577
SPIN 2 6 5 9 -1.678 4.991 -2.698
SPIN 2 6 5 10 -1.922 -5.500 1.029
SPIN 2 6 5 11 -3.430 -3.727 3.056
SPIN 2 6 5 12 1.403 5.233 -2.377
SPIN 2 6 5 13 -3.751 1.880 4.171
SPIN 2 6 5 14 -5.148 -1.257 2.630
SPIN 2 6 5 15 4.824 1.030 -3.267
SPIN 3 6 6 0 0.969 -5.682 -1.331
SPIN 3 6 6 1 -4.996 -2.759 -1.557
SPIN 3 6 6 2 4.505 -3.193 -2.124
SPIN 3 6 6 3 -2.860 -2.584 -4.488
SPIN 3 6 6 4 -4.098 4.155 -0.973
SPIN 3 6 6 5 -4.763 3.440 -0.688
SPIN 3 6 6 6 4.635 -3.218 1.778
SPIN 3 6 6 7 -5.119 2.758 1.088
SPIN 3 6 6 8 0.355 -3.711 4.594
SPIN 3 6 6 9 2.947 2.857 -4.261
SPIN 3 6 6 10 -1.987 -3.688 -4.177
SPIN 3 6 6 11 -4.035 4.265 0.728
SPIN 3 6 6 12 4.684 1.744 3.166
SPIN 3 6 6 13 -2.949 -0.486 -5.105
SPIN 3 6 6 14 2.350 2.120 4.998
SPIN 3 6 6 15 1.402 -5.720 -0.564
SPIN 2 6 6 0 0.109 -5.767 -1.316
SPIN 2 6 6 1 1.624 5.400 1.790
SPIN 2 6 6 2 -4.851 -1.139 -3.190
SPIN 2 6 6 3 0.835 -1.612 -5.630
SPIN 2 6 6 4 -4.341 3.114 2.541
SPIN 2 6 6 5 -1.640 -5.527 1.328
SPIN 2 6 6 6 1.960 -5.568 0.392
SPIN 2 6 6 7 -3.780 -3.943 -2.272
SPIN 2 6 6 8 -0.506 0.265 5.888
SPIN 2 6 6 9 -0.920 -1.320 -5.693
SPIN 2 6 6 10 5.793 0.822 0.877
SPIN 2 6 6 11 5.038 -3.096 0.177
SPIN 2 6 6 12 2.578 3.086 -4.339
SPIN 2 6 6 13 2.141 5.265 -1.641
SPIN 2 6 6 14 3.020 3.914 3.250
SPIN 2 6 6 15 -5.013 2.450 1.966
SPIN 3 6 7 0 -2.361 1.704 5.150
SPIN 3 6 7 1 1.622 -1.560 -5.471
SPIN 3 6 7 2 -0.221 3.033 5.075
SPIN 3 6 7 3 -4.603 -0.374 -3.697
SPIN 3 6 7 4 5.317 -2.470 -0.792
SPIN 3 6 7 5 3.620 3.366 3.250
SPIN 3 6 7 6 -4.394 3.942 -0.382
SPIN 3 6 7 7 2.579 1.608 -5.076
SPIN 3 6 7 8 -2.043 2.608 -4.901
SPIN 3 6 7 9 -3.674 -3.348 -3.209
SPIN 3 6 7 10 1.165 5.739 0.843
SPIN 3 6 7 11 -0.162 -3.548 -4.731
SPIN 3 6 7 12 3.994 1.451 4.116
SPIN 3 6 7 13 1.986 -5.151 -2.127
SPIN 3 6 7 14 -4.960 -1.645 -2.773
SPIN 3 6 7 15 5.303 2.615 -0.195
SPIN 2 6 7 0 3.264 4.840 -0.956
SPIN 2 6 7 1 -2.448 -4.619 2.770
SPIN 2 6 7 2 1.249 -0.844 -5.721
SPIN 2 6 7 3 -1.240 5.647 -1.254
SPIN 2 6 7 4 3.963 0.833 4.313
SPIN 2 6 7 5 4.623 0.900 -3.580
SPIN 2 6 7 6 -3.403 4.826 -0.360
SPIN 2 6 7 7 5.323 1.446 -2.139
SPIN 2 6 7 8 3.963 3.253 -2.952
SPIN 2 6 7 9 -5.798 1.152 0.232
SPIN 2 6 7 10 2.093 -5.487 -0.717
SPIN 2 6 7 11 1.606 3.626 4.390
SPIN 2 6 7 12 -4.520 0.964 -3.693
SPIN 2 6 7 13 3.955 1.066 -4.269
SPIN 2 6 7 14 -0.172 -0.984 5.831
SPIN 2 6 7 15 -2.508 5.294 -0.830
SPIN 3 6 8 0 0.179 -4.356 -3.999
SPIN 3 6 8 1 -0.658 0.716 5.836
SPIN 3 6 8 2 -0.494 -3.264 4.909
SPIN 3 6 8 3 -3.912 -2.755 -3.479
SPIN 3 6 8 4 4.681 -0.081 3.617
SPIN 3 6 8 5 -5.614 0.050 -1.864
SPIN 3 6 8 6 4.625 -3.237 -1.769
SPIN 3 6 8 7 -3.375 1.881 4.480
SPIN 3 6 8 8 3.769 -1.493 4.309
SPIN 3 6 8 9 0.209 -0.593 -5.883
SPIN 3 6 8 10 1.008 -4.756 -3.372
SPIN 3 6 8 11 -3.093 4.855 -1.365
SPIN 3 6 8 12 0.097 -1.269 -5.777
SPIN 3 6 8 13 -2.011 1.343 5.399
SPIN 3 6 8 14 -5.368 -2.355 -0.803
SPIN 3 6 8 15 3.425 -0.826 4.753
SPIN 2 6 8 0 1.667 -4.932 2.809
SPIN 2 6 8 1 3.194 -2.302 -4.416
SPIN 2 6 8 2 1.854 4.891 2.764
SPIN 2 6 8 3 4.981 -2.996 1.101
SPIN 2 6 8 4 -0.988 -5.177 2.688
SPIN 2 6 8 5 -4.656 -3.350 -1.447
SPIN 2 6 8 6 -3.564 -3.990 -2.525
SPIN 2 6 8 7 -0.710 5.748 -1.208
SPIN 2 6 8 8 -5.332 -0.357 2.539
SPIN 2 6 8 9 3.909 -4.014 -1.900
SPIN 2 6 8 10 -2.323 -0.471 -5.421
SPIN 2 6 8 11 4.860 -0.210 3.366
SPIN 2 6 8 12 -0.110 -4.349 -4.009
SPIN 2 6 8 13 3.992 -1.662 -4.038
SPIN 2 6 8 14 -3.441 4.532 1.618
SPIN 2 6 8 15 4.405 -0.430 3.925
SPIN 3 6 9 0 0.222 -3.060 5.059
SPIN 3 6 9 1 -0.753 -2.038 -5.503
SPIN 3 6 9 2 0.137 4.544 -3.785
SPIN 3 6 9 3 -1.869 2.146 5.186
SPIN 3 6 9 4 4.926 2.320 2.313
SPIN 3 6 9 5 -0.315 -5.486 2.193
SPIN 3 6 9 6 0.484 3.849 -4.467
SPIN 3 6 9 7 -0.363 -4.869 3.341
SPIN 3 6 9 8 2.512 4.139 -3.400
SPIN 3 6 9 9 0.194 -4.739 -3.536
SPIN 3 6 9 10 -1.536 4.815 -3.075
SPIN 3 6 9 11 5.907 0.324 0.035
SPIN 3 6 9 12 -4.026 3.690 2.275
SPIN 3 6 9 13 5.818 -0.949 0.499
SPIN 3 6 9 14 3.683 -1.292 4.446
SPIN 3 6 9 15 0.563 1.523 -5.689
SPIN 2 6 9 0 -0.206 5.881 -0.606
SPIN 2 6 9 1 -2.466 -0.933 5.296
SPIN 2 6 9 2 -3.447 -4.473 -1.764
SPIN 2 6 9 3 1.620 3.831 -4.207
SPIN 2 6 9 4 -2.569 -5.310 -0.453
SPIN 2 6 9 5 0.358 -0.695 -5.864
SPIN 2 6 9 6 1.280 5.398 2.055
SPIN 2 6 9 7 4.504 1.990 3.280
SPIN 2 6 9 8 2.654 4.486 -2.799
SPIN 2 6 9 9 -3.120 4.470 -2.299
SPIN 2 6 9 10 0.734 -5.793 -0.948
SPIN 2 6 9 11 0.862 -3.510 4.683
SPIN 2 6 9 12 -3.711 -1.600 4.321
SPIN 2 6 9 13 4.494 1.860 3.367
SPIN 2 6 9 14 -1.449 -3.951 4.159
SPIN 2 6 9 15 -0.670 -3.435 4.770
SPIN 3 6 10 0 -3.834 1.150 -4.357
SPIN 3 6 10 1 3.567 4.246 -2.060
SPIN 3 6 10 2 -5.210 -1.020 2.610
SPIN 3 6 10 3 1.806 -5.145 2.295
SPIN 3 6 10 4 -3.451 -2.893 -3.837
SPIN 3 6 10 5 -5.712 -0.374 1.493
SPIN 3 6 10 6 4.471 -2.315 -3.107
SPIN 3 6 10 7 -2.915 -3.680 3.600
SPIN 3 6 10 8 -1.547 5.617 -1.027
SPIN 3 6 10 9 1.629 -3.406 -4.555
SPIN 3 6 10 10 1.185 4.850 -3.175
SPIN 3 6 10 11 -3.044 1.853 -4.722
SPIN 3 6 10 12 4.666 1.931 -3.082
SPIN 3 6 10 13 1.134 -0.687 -5.766
SPIN 3 6 10 14 -0.831 2.052 -5.486
SPIN 3 6 10 15 -5.388 -1.852 -1.594
SPIN 2 6 10 0 4.863 0.888 3.251
SPIN 2 6 10 1 -4.723 2.167 2.828
SPIN 2 6 10 2 -0.411 -5.900 0.133
SPIN 2 6 10 3 5.076 -2.905 0.893
SPIN 2 6 10 4 -1.876 5.375 1.609
SPIN 2 6 10 5 4.893 3.226 0.807
SPIN 2 6 10 6 0.499 5.429 2.296
SPIN 2 6 10 7 -3.274 -4.490 -2.028
SPIN 2 6 10 8 0.014 5.510 -2.155
SPIN 2 6 10 9 1.122 -4.653 -3.477
SPIN 2 6 10 10 -4.531 -1.434 -3.523
SPIN 2 6 10 11 3.737 4.484 0.962
SPIN 2 6 10 12 5.636 -0.494 -1.730
SPIN 2 6 10 13 2.811 -3.008 -4.249
SPIN 2 6 10 14 3.301 -0.454 4.889
SPIN 2 6 10 15 2.950 4.947 1.350
SPIN 3 6 11 0 -5.287 -1.411 2.248
SPIN 3 6 11 1 1.940 2.347 5.072
SPIN 3 6 11 2 1.041 5.799 -0.532
SPIN 3 6 11 3 -5.489 -1.103 1.911
SPIN 3 6 11 4 -2.557 3.944 3.593
SPIN 3 6 11 5 4.769 -0.745 3.420
SPIN 3 6 11 6 -0.191 -4.510 3.824
SPIN 3 6 11 7 0.365 1.119 -5.798
SPIN 3 6 11 8 -3.854 4.323 1.207
SPIN 3 6 11 9 -5.845 0.881 -0.254
SPIN 3 6 11 10 -4.112 -0.371 4.237
SPIN 3 6 11 11 0.690 4.358 -3.941
SPIN 3 6 11 12 -0.857 -1.705 5.600
SPIN 3 6 11 13 -1.500 3.568 4.474
SPIN 3 6 11 14 5.278 -1.770 2.003
SPIN 3 6 11 15 0.661 2.856 5.139
SPIN 2 6 11 0 3.620 1.287 4.499
SPIN 2 6 11 1 5.792 -1.182 0.238
SPIN 2 6 11 2 -1.327 5.120 -2.650
SPIN 2 6 11 3 -5.864 0.786 0.032
SPIN 2 6 11 4 5.727 0.687 1.314
SPIN 2 6 11 5 -2.996 -5.094 -0.267
SPIN 2 6 11 6 -1.775 -5.548 -1.033
SPIN 2 6 11 7 0.607 4.772 3.443
SPIN 2 6 11 8 -0.865 -4.906 3.191
SPIN 2 6 11 9 1.969 -5.113 -2.230
SPIN 2 6 11 10 -1.110 3.854 4.349
SPIN 2 6 11 11 -1.538 -5.685 0.558
SPIN 2 6 11 12 -5.148 -0.403 2.888
SPIN 2 6 11 13 -0.163 2.910 5.148
SPIN 2 6 11 14 -2.208 -4.063 -3.690
SPIN 2 6 11 15 -4.694 -2.897 -2.139
SPIN 3 6 12 0 0.819 -5.028 -3.008
SPIN 3 6 12 1 -1.823 -4.724 -3.060
SPIN 3 6 12 2 0.248 2.971 -5.110
SPIN 3 6 12 3 0.415 2.965 -5.102
SPIN 3 6 12 4 -5.322 -2.572 -0.253
SPIN 3 6 12 5 -1.212 -4.552 -3.579
SPIN 3 6 12 6 -1.338 0.818 -5.704
SPIN 3 6 12 7 2.774 1.285 5.065
SPIN 3 6 12 8 -2.009 3.131 -4.600
SPIN 3 6 12 9 -0.889 2.911 5.073
SPIN 3 6 12 10 3.827 0.904 -4.420
SPIN 3 6 12 11 4.278 -4.063 -0.439
SPIN 3 6 12 12 2.087 -2.676 -4.846
SPIN 3 6 12 13 -2.479 -1.359 -5.197
SPIN 3 6 12 14 5.043 3.002 -0.741
SPIN 3 6 12 15 3.111 2.305 4.473
SPIN 2 6 12 0 0.121 -5.528 2.104
SPIN 2 6 12 1 -4.715 1.759 -3.111
SPIN 2 6 12 2 1.814 4.843 2.874
SPIN 2 6 12 3 2.463 -3.564 4.029
SPIN 2 6 12 4 0.425 5.752 1.318
SPIN 2 6 12 5 4.131 -3.530 2.340
SPIN 2 6 12 6 2.770 4.773 2.131
SPIN 2 6 12 7 -0.033 -5.274 -2.680
SPIN 2 6 12 8 3.305 4.500 -1.957
SPIN 2 6 12 9 -5.244 2.568 0.951
SPIN 2 6 12 10 4.590 -2.860 -2.399
SPIN 2 6 12 11 -4.885 2.307 -2.412
SPIN 2 6 12 12 -0.519 5.146 2.873
SPIN 2 6 12 13 4.516 -0.187 -3.817
SPIN 2 6 12 14 -4.591 -3.681 0.610
SPIN 2 6 12 15 -1.174 -4.664 -3.445
SPIN 3 6 13 0 3.029 0.160 5.079
SPIN 3 6 13 1 -4.548 0.512 3.748
SPIN 3 6 13 2 2.871 -4.321 -2.843
SPIN 3 6 13 3 -0.820 -3.958 4.320
SPIN 3 6 13 4 2.519 -4.852 -2.262
SPIN 3 6 13 5 0.350 5.904 -0.154
SPIN 3 6 13 6 2.923 0.795 5.082
SPIN 3 6 13 7 -3.676 3.573 -2.953
SPIN 3 6 13 8 4.461 3.458 1.773
SPIN 3 6 13 9 1.276 5.472 -1.852
SPIN 3 6 13 10 3.311 -4.134 2.635
SPIN 3 6 13 11 -0.038 4.758 -3.515
SPIN 3 6 13 12 -3.309 -4.879 0.501
SPIN 3 6 13 13 -1.074 5.550 1.746
SPIN 3 6 13 14 5.065 -1.766 2.495
SPIN 3 6 13 15 -2.926 -0.033 5.142
SPIN 2 6 13 0 -0.309 -5.666 -1.673
SPIN 2 6 13 1 -2.413 2.737 4.657
SPIN 2 6 13 2 3.547 -3.274 3.421
SPIN 2 6 13 3 4.155 -0.879 -4.119
SPIN 2 6 13 4 -5.859 -0.042 -0.820
SPIN 2 6 13 5 0.690 5.217 -2.702
SPIN 2 6 13 6 2.992 -4.578 2.256
SPIN 2 6 13 7 1.761 1.816 5.348
SPIN 2 6 13 8 -5.375 -2.424 -0.488
SPIN 2 6 13 9 -3.817 0.309 -4.509
SPIN 2 6 13 10 4.538 1.208 -3.599
SPIN 2 6 13 11 -0.412 -4.589 3.711
SPIN 2 6 13 12 3.080 1.824 -4.710
SPIN 2 6 13 13 4.787 2.519 2.396
SPIN 2 6 13 14 0.966 -5.496 -1.966
SPIN 2 6 13 15 -5.548 -0.470 -1.999
SPIN 3 6 14 0 -0.622 -4.472 3.823
SPIN 3 6 14 1 -3.849 0.593 -4.453
SPIN 3 6 14 2 -3.048 0.927 -4.985
SPIN 3 6 14 3 -3.104 -4.772 -1.610
SPIN 3 6 14 4 2.864 4.870 1.754
SPIN 3 6 14 5 2.851 -5.147 0.613
SPIN 3 6 14 6 -3.990 3.290 -2.873
SPIN 3 6 14 7 4.481 2.390 3.035
SPIN 3 6 14 8 1.341 4.199 -3.946
SPIN 3 6 14 9 1.425 2.779 5.025
SPIN 3 6 14 10 1.069 -5.818 -0.116
SPIN 3 6 14 11 5.188 -1.671 -2.302
SPIN 3 6 14 12 -5.645 -0.591 1.668
SPIN 3 6 14 13 2.107 -2.519 -4.921
SPIN 3 6 14 14 1.898 1.677 5.347
SPIN 3 6 14 15 5.471 1.528 1.652
SPIN 2 6 14 0 -4.415 3.152 2.360
SPIN 2 6 14 1 5.335 -2.492 -0.573
SPIN 2 6 14 2 -5.597 0.376 -1.880
SPIN 2 6 14 3 -4.026 3.607 2.405
SPIN 2 6 14 4 -5.246 2.291 1.492
SPIN 2 6 14 5 -2.697 1.242 -5.117
SPIN 2 6 14 6 -2.807 5.205 -0.153
SPIN 2 6 14 7 2.957 -2.723 -4.341
SPIN 2 6 14 8 5.779 -0.353 1.215
SPIN 2 6 14 9 -1.644 -3.887 -4.146
SPIN 2 6 14 10 -0.148 -0.334 5.905
SPIN 2 6 14 11 3.263 3.242 -3.720
SPIN 2 6 14 12 -3.209 -4.738 1.500
SPIN 2 6 14 13 -5.575 -0.221 1.967
SPIN 2 6 14 14 -5.155 -1.035 2.713
SPIN 2 6 14 15 1.455 -0.469 -5.715
SPIN 3 6 15 0 -1.786 -1.796 -5.346
SPIN 3 6 15 1 0.448 -2.316 5.426
SPIN 3 6 15 2 -4.036 -4.001 1.645
SPIN 3 6 15 3 -1.620 -5.417 1.742
SPIN 3 6 15 4 2.199 0.810 -5.432
SPIN 3 6 15 5 -1.620 -0.505 -5.667
SPIN 3 6 15 6 1.733 -2.849 4.887
SPIN 3 6 15 7 -4.689 3.522 0.782
SPIN 3 6 15 8 1.529 4.283 -3.784
SPIN 3 6 15 9 2.037 1.369 -5.383
SPIN 3 6 15 10 -3.591 -4.611 -0.915
SPIN 3 6 15 11 -2.696 -4.959 1.773
SPIN 3 6 15 12 2.989 -4.551 -2.314
SPIN 3 6 15 13 4.783 0.267 -3.472
SPIN 3 6 15 14 -3.732 -3.963 2.317
SPIN 3 6 15 15 2.269 3.772 -3.953
SPIN 2 6 15 0 4.907 -3.232 -0.689
SPIN 2 6 15 1 -1.570 5.649 -0.794
SPIN 2 6 15 2 4.909 -2.527 -2.126
SPIN 2 6 15 3 -3.872 -0.136 -4.471
SPIN 2 6 15 4 -2.727 5.114 -1.186
SPIN 2 6 15 5 -0.939 -4.610 3.587
SPIN 2 6 15 6 4.275 -3.763 1.601
SPIN 2 6 15 7 4.109 1.759 -3.876
SPIN 2 6 15 8 2.531 -1.828 5.025
SPIN 2 6 15 9 0.712 -4.969 3.131
SPIN 2 6 15 10 -2.648 -0.587 5.257
SPIN 2 6 15 11 -2.549 -4.377 -3.056
SPIN 2 6 15 12 3.337 3.853 3.002
SPIN 2 6 15 13 -4.592 3.138 -2.017
SPIN 2 6 15 14 4.932 3.116 0.982
SPIN 2 6 15 15 -5.389 -0.793 -2.309
SPIN 1 7 0 0 -4.815 3.221 -1.200
SPIN 1 7 0 1 4.904 -0.266 3.299
SPIN 1 7 0 2 -5.022 -2.483 1.900
SPIN 1 7 0 3 1.011 3.553 -4.621
SPIN 1 7 0 4 -0.301 -1.692 -5.661
SPIN 1 7 0 5 2.293 5.201 1.642
SPIN 1 7 0 6 5.814 -0.519 0.964
SPIN 1 7 0 7 -1.392 5.584 1.370
SPIN 1 7 0 8 5.486 0.418 2.175
SPIN 1 7 0 9 1.917 -4.113 -3.796
SPIN 1 7 0 10 -0.839 -5.431 -2.191
SPIN 1 7 0 11 4.283 1.943 -3.589
SPIN 1 7 0 12 4.618 3.533 1.093
SPIN 1 7 0 13 2.478 -4.425 -3.046
SPIN 1 7 0 14 -4.524 -2.617 2.772
SPIN 1 7 0 15 -1.890 5.536 -0.881
SPIN 4 7 0 0 -5.830 0.973 0.251
SPIN 4 7 0 1 4.791 1.067 -3.303
SPIN 4 7 0 2 2.626 3.101 4.300
SPIN 4 7 0 3 -3.760 3.286 3.172
SPIN 4 7 0 4 0.531 2.258 5.442
SPIN 4 7 0 5 -3.241 -4.384 -2.297
SPIN 4 7 0 6 -3.061 -4.666 1.966
SPIN 4 7 0 7 3.905 0.706 -4.388
SPIN 4 7 0 8 -2.284 5.361 1.022
SPIN 4 7 0 9 -4.362 -3.737 -1.416
SPIN 4 7 0 10 -5.310 1.978 1.699
SPIN 4 7 0 11 -0.421 0.812 5.845
SPIN 4 7 0 12 -1.012 -5.829 -0.004
SPIN 4 7 0 13 -1.453 -5.665 0.892
SPIN 4 7 0 14 1.052 -3.726 -4.474
SPIN 4 7 0 15 1.697 -1.074 5.565
SPIN 1 7 1 0 -0.668 0.564 -5.851
SPIN 1 7 1 1 -2.447 1.712 5.107
SPIN 1 7 1 2 -1.593 5.461 1.625
SPIN 1 7 1 3 -5.637 -1.094 -1.424
SPIN 1 7 1 4 3.185 4.619 -1.877
SPIN 1 7 1 5 -4.346 3.372 -2.176
SPIN 1 7 1 6 0.377 -0.957 5.826
SPIN 1 7 1 7 2.281 2.746 4.718
SPIN 1 7 1 8 -5.349 0.429 -2.490
SPIN 1 7 1 9 0.510 1.823 5.605
SPIN 1 7 1 10 -2.132 3.510 -4.259
SPIN 1 7 1 11 1.440 -5.558 1.427
SPIN 1 7 1 12 -5.442 1.530 1.746
SPIN 1 7 1 13 0.775 5.234 -2.646
SPIN 1 7 1 14 1.914 -5.515 -0.962
SPIN 1 7 1 15 -5.593 0.687 1.802
SPIN 4 7 1 0 0.492 1.847 5.599
SPIN 4 7 1 1 -3.469 -3.675 3.076
SPIN 4 7 1 2 -2.818 -3.737 -3.619
SPIN 4 7 1 3 4.528 -3.172 2.105
SPIN 4 7 1 4 -1.558 -4.625 -3.344
SPIN 4 7 1 5 3.916 3.741 2.381
SPIN 4 7 1 6 -4.318 -2.961 -2.753
SPIN 4 7 1 7 -5.665 1.378 1.004
SPIN 4 7 1 8 -3.522 4.725 0.524
SPIN 4 7 1 9 -0.829 2.263 -5.403
SPIN 4 7 1 10 5.486 0.748 2.085
SPIN 4 7 1 11 -4.562 -3.730 0.523
SPIN 4 7 1 12 3.540 3.502 3.194
SPIN 4 7 1 13 2.377 -5.036 1.996
SPIN 4 7 1 14 -2.545 4.481 2.906
SPIN 4 7 1 15 5.495 -0.791 2.044
SPIN 1 7 2 0 3.187 3.867 -3.146
SPIN 1 7 2 1 -4.987 -1.622 2.738
SPIN 1 7 2 2 -1.240 -3.202 -4.818
SPIN 1 7 2 3 3.950 1.689 4.068
SPIN 1 7 2 4 -3.437 -3.929 -2.783
SPIN 1 7 2 5 1.909 -3.509 4.364
SPIN 1 7 2 6 -4.853 3.268 -0.875
SPIN 1 7 2 7 -3.193 3.295 3.735
SPIN 1 7 2 8 0.309 3.287 -4.909
SPIN 1 7 2 9 -0.635 1.852 -5.583
SPIN 1 7 2 10 -3.572 -4.560 1.204
SPIN 1 7 2 11 5.461 0.950 2.067
SPIN 1 7 2 12 -5.814 -0.770 0.775
SPIN 1 7 2 13 4.941 0.702 3.176
SPIN 1 7 2 14 -5.130 1.508 -2.532
SPIN 1 7 2 15 1.429 0.586 -5.711
SPIN 4 7 2 0 5.092 0.056 3.011
SPIN 4 7 2 1 -3.885 -4.134 -1.677
SPIN 4 7 2 2 2.860 3.206 -4.067
SPIN 4 7 2 3 2.438 -4.191 -3.390
SPIN 4 7 2 4 4.423 2.611 -2.936
SPIN 4 7 2 5 -3.167 2.768 4.160
SPIN 4 7 2 6 -0.960 -2.427 -5.309
SPIN 4 7 2 7 -5.631 -0.129 1.810
SPIN 4 7 2 8 1.681 -5.617 -0.786
SPIN 4 7 2 9 1.641 5.472 1.537
SPIN 4 7 2 10 -5.169 -2.859 -0.336
SPIN 4 7 2 11 2.841 2.656 4.458
SPIN 4 7 2 12 4.926 2.358 2.274
SPIN 4 7 2 13 -5.756 1.165 -0.713
SPIN 4 7 2 14 0.030 -1.481 5.728
SPIN 4 7 2 15 2.493 2.837 4.554
SPIN 1 7 3 0 3.711 -3.328 3.186
SPIN 1 7 3 1 -2.488 2.386 4.808
SPIN 1 7 3 2 3.947 -4.130 -1.539
SPIN 1 7 3 3 0.867 -4.074 4.201
SPIN 1 7 3 4 5.275 2.127 1.629
SPIN 1 7 3 5 -0.656 2.945 5.089
SPIN 1 7 3 6 -1.295 3.666 -4.459
SPIN 1 7 3 7 -5.889 0.498 0.274
SPIN 1 7 3 8 2.222 5.430 -0.756
SPIN 1 7 3 9 0.009 -5.012 3.144
SPIN 1 7 3 10 2.866 4.994 -1.361
SPIN 1 7 3 11 -5.888 -0.264 0.515
SPIN 1 7 3 12 3.653 -4.528 1.074
SPIN 1 7 3 13 4.348 3.412 -2.110
SPIN 1 7 3 14 -0.927 1.015 5.754
SPIN 1 7 3 15 1.971 0.417 -5.563
SPIN 4 7 3 0 -2.019 -2.551 -4.941
SPIN 4 7 3 1 3.404 -4.807 0.548
SPIN 4 7 3 2 -2.537 -5.040 -1.780
SPIN 4 7 3 3 -4.085 1.337 4.065
SPIN 4 7 3 4 4.645 2.035 -3.047
SPIN 4 7 3 5 4.571 2.802 -2.501
SPIN 4 7 3 6 -0.675 5.877 0.044
SPIN 4 7 3 7 1.176 -4.368 -3.813
SPIN 4 7 3 8 -0.977 5.398 -2.215
SPIN 4 7 3 9 -5.725 -0.560 -1.381
SPIN 4 7 3 10 -0.897 5.832 -0.428
SPIN 4 7 3 11 -2.807 -4.699 2.245
SPIN 4 7 3 12 -5.569 -1.816 -0.831
SPIN 4 7 3 13 0.098 5.672 1.680
SPIN 4 7 3 14 3.754 -4.572 0.015
SPIN 4 7 3 15 4.074 3.341 2.691
SPIN 1 7 4 0 0.392 -4.036 -4.308
SPIN 1 7 4 1 3.202 2.581 4.253
SPIN 1 7 4 2 1.701 -3.420 -4.518
SPIN 1 7 4 3 -0.894 -4.651 3.546
SPIN 1 7 4 4 2.326 2.727 4.707
SPIN 1 7 4 5 -2.066 -3.389 4.387
SPIN 1 7 4 6 4.359 3.939 0.694
SPIN 1 7 4 7 -5.826 0.695 0.760
SPIN 1 7 4 8 -0.856 3.943 4.326
SPIN 1 7 4 9 1.632 -4.895 -2.894
SPIN 1 7 4 10 4.373 -0.062 3.984
SPIN 1 7 4 11 -5.006 1.363 -2.842
SPIN 1 7 4 12 2.102 -0.368 -5.518
SPIN 1 7 4 13 -3.451 3.128 3.647
SPIN 1 7 4 14 -5.627 0.288 -1.805
SPIN 1 7 4 15 -4.657 -2.615 2.544
SPIN 4 7 4 0 4.224 -0.926 4.038
SPIN 4 7 4 1 -0.178 -2.734 -5.243
SPIN 4 7 4 2 3.866 -0.736 4.417
SPIN 4 7 4 3 -0.432 -5.417 -2.338
SPIN 4 7 4 4 -4.305 0.219 -4.052
SPIN 4 7 4 5 -2.386 3.897 -3.758
SPIN 4 7 4 6 3.658 1.268 -4.474
SPIN 4 7 4 7 3.238 -4.948 0.189
SPIN 4 7 4 8 -4.523 3.780 0.505
SPIN 4 7 4 9 -1.739 5.640 0.415
SPIN 4 7 4 10 1.002 4.897 -3.164
SPIN 4 7 4 11 -4.106 -3.536 -2.374
SPIN 4 7 4 12 5.290 0.251 -2.638
SPIN 4 7 4 13 2.360 4.981 2.149
SPIN 4 7 4 14 5.309 -0.860 -2.466
SPIN 4 7 4 15 1.256 4.553 -3.563
SPIN 1 7 5 0 3.082 -4.963 -0.931
SPIN 1 7 5 1 -2.556 -0.298 -5.327
SPIN 1 7 5 2 0.038 -2.642 -5.293
SPIN 1 7 5 3 4.036 3.365 -2.718
SPIN 1 7 5 4 -2.858 -1.622 4.920
SPIN 1 7 5 5 5.580 0.805 -1.793
SPIN 1 7 5 6 0.062 0.947 5.840
SPIN 1 7 5 7 -0.101 5.806 1.132
SPIN 1 7 5 8 -2.981 -3.655 -3.572
SPIN 1 7 5 9 1.581 5.525 -1.405
SPIN 1 7 5 10 2.260 -5.461 0.267
SPIN 1 7 5 11 5.515 -2.080 -0.505
SPIN 1 7 5 12 1.433 3.210 4.758
SPIN 1 7 5 13 -3.636 2.017 -4.208
SPIN 1 7 5 14 -2.291 -5.263 1.432
SPIN 1 7 5 15 -3.093 -4.941 1.012
SPIN 4 7 5 0 -5.404 -1.167 -2.106
SPIN 4 7 5 1 5.618 -1.646 -0.856
SPIN 4 7 5 2 -4.485 1.704 -3.461
SPIN 4 7 5 3 4.616 0.747 -3.625
SPIN 4 7 5 4 -2.756 0.434 5.217
SPIN 4 7 5 5 3.402 -3.369 -3.475
SPIN 4 7 5 6 -3.455 -4.794 0.283
SPIN 4 7 5 7 4.884 0.404 3.314
SPIN 4 7 5 8 -1.365 -1.362 -5.593
SPIN 4 7 5 9 -2.302 -4.880 2.426
SPIN 4 7 5 10 2.195 3.121 4.521
SPIN 4 7 5 11 -2.659 -4.739 2.340
SPIN 4 7 5 12 0.519 5.073 2.999
SPIN 4 7 5 13 1.055 -5.767 -0.795
SPIN 4 7 5 14 -3.612 3.732 2.833
SPIN 4 7 5 15 4.901 -2.198 2.480
SPIN 1 7 6 0 -0.411 4.827 -3.396
SPIN 1 7 6 1 0.631 4.080 -4.238
SPIN 1 7 6 2 -3.797 3.964 2.207
SPIN 1 7 6 3 -2.449 -0.400 5.371
SPIN 1 7 6 4 -1.419 -5.057 -2.722
SPIN 1 7 6 5 -4.509 -0.647 -3.775
SPIN 1 7 6 6 1.543 5.696 -0.417
SPIN 1 7 6 7 -1.154 4.233 -3.969
SPIN 1 7 6 8 5.176 2.863 0.099
SPIN 1 7 6 9 2.093 -3.600 4.203
SPIN 1 7 6 10 5.418 -2.347 -0.367
SPIN 1 7 6 11 -3.047 0.093 5.070
SPIN 1 7 6 12 4.631 -0.663 -3.622
SPIN 1 7 6 13 -1.851 -5.619 0.006
SPIN 1 7 6 14 1.186 -0.756 -5.746
SPIN 1 7 6 15 1.116 4.323 3.881
SPIN 4 7 6 0 2.622 -5.303 0.041
SPIN 4 7 6 1 -1.200 5.671 -1.182
SPIN 4 7 6 2 0.131 -5.915 0.025
SPIN 4 7 6 3 -5.728 1.110 -0.979
SPIN 4 7 6 4 5.793 -1.156 0.321
SPIN 4 7 6 5 5.485 -1.115 1.916
SPIN 4 7 6 6 3.269 -1.240 4.772
SPIN 4 7 6 7 4.631 -3.507 1.120
SPIN 4 7 6 8 -0.120 1.895 5.603
SPIN 4 7 6 9 4.971 -2.335 2.199
SPIN 4 7 6 10 0.934 -3.417 -4.738
SPIN 4 7 6 11 4.451 -3.387 1.928
SPIN 4 7 6 12 0.346 -5.830 0.945
SPIN 4 7 6 13 3.006 -5.049 0.689
SPIN 4 7 6 14 -1.011 -4.304 -3.931
SPIN 4 7 6 15 -1.870 5.216 -2.073
SPIN 1 7 7 0 0.976 3.816 -4.415
SPIN 1 7 7 1 0.327 -5.897 -0.346
SPIN 1 7 7 2 4.755 2.585 2.389
SPIN 1 7 7 3 3.883 -4.439 0.472
SPIN 1 7 7 4 5.278 -1.214 -2.382
SPIN 1 7 7 5 -1.724 4.495 3.439
SPIN 1 7 7 6 -5.856 -0.621 -0.570
SPIN 1 7 7 7 5.845 -0.915 -0.033
SPIN 1 7 7 8 0.965 4.968 -3.063
SPIN 1 7 7 9 0.293 -1.133 -5.799
SPIN 1 7 7 10 -0.559 4.747 -3.486
SPIN 1 7 7 11 0.921 3.244 4.861
SPIN 1 7 7 12 1.140 -3.814 -4.376
SPIN 1 7 7 13 4.556 0.433 -3.749
SPIN 1 7 7 14 0.979 0.437 5.818
SPIN 1 7 7 15 1.821 5.193 -2.173
SPIN 4 7 7 0 0.466 2.896 5.138
SPIN 4 7 7 1 -5.379 -2.370 0.671
SPIN 4 7 7 2 5.678 1.199 -1.150
SPIN 4 7 7 3 -2.800 -0.715 5.162
SPIN 4 7 7 4 2.258 5.175 -1.768
SPIN 4 7 7 5 1.733 -4.998 2.648
SPIN 4 7 7 6 1.995 2.774 4.830
SPIN 4 7 7 7 -3.028 3.868 3.296
SPIN 4 7 7 8 3.420 2.156 4.319
SPIN 4 7 7 9 -3.459 3.141 3.629
SPIN 4 7 7 10 5.526 -1.982 0.734
SPIN 4 7 7 11 4.555 3.580 1.198
SPIN 4 7 7 12 4.953 -3.187 0.561
SPIN 4 7 7 13 -5.849 -0.044 0.889
SPIN 4 7 7 14 4.815 2.006 2.791
SPIN 4 7 7 15 -0.339 -5.762 -1.300
SPIN 1 7 8 0 -0.044 5.265 2.697
SPIN 1 7 8 1 1.326 -5.527 -1.642
SPIN 1 7 8 2 4.109 3.926 1.644
SPIN 1 7 8 3 3.619 4.615 0.779
SPIN 1 7 8 4 2.261 -3.278 -4.375
SPIN 1 7 8 5 1.904 3.442 4.419
SPIN 1 7 8 6 1.676 1.482 -5.477
SPIN 1 7 8 7 2.389 4.268 3.328
SPIN 1 7 8 8 0.506 -4.905 -3.268
SPIN 1 7 8 9 -4.085 3.838 1.892
SPIN 1 7 8 10 -3.633 -0.150 4.667
SPIN 1 7 8 11 -0.026 -5.883 0.623
SPIN 1 7 8 12 3.999 -1.216 4.187
SPIN 1 7 8 13 -4.164 -1.210 4.024
SPIN 1 7 8 14 1.160 0.955 -5.722
SPIN 1 7 8 15 2.637 -2.582 -4.624
SPIN 4 7 8 0 3.632 -4.644 0.494
SPIN 4 7 8 1 -4.127 2.785 -3.196
SPIN 4 7 8 2 4.513 -2.656 -2.753
SPIN 4 7 8 3 2.708 -2.474 4.642
SPIN 4 7 8 4 5.633 -1.468 -1.058
SPIN 4 7 8 5 -3.257 3.019 3.909
SPIN 4 7 8 6 -5.444 -1.890 -1.340
SPIN 4 7 8 7 5.191 2.648 -1.021
SPIN 4 7 8 8 -2.442 0.250 -5.383
SPIN 4 7 8 9 1.305 0.733 5.724
SPIN 4 7 8 10 5.305 1.531 -2.126
SPIN 4 7 8 11 5.181 1.572 -2.384
SPIN 4 7 8 12 -2.256 -1.360 5.297
SPIN 4 7 8 13 0.862 5.684 1.395
SPIN 4 7 8 14 -4.924 2.086 -2.531
SPIN 4 7 8 15 4.268 -2.478 3.263
SPIN 1 7 9 0 -4.052 -1.152 -4.154
SPIN 1 7 9 1 0.540 -1.279 5.751
SPIN 1 7 9 2 -3.285 -0.518 4.893
SPIN 1 7 9 3 1.058 1.868 -5.513
SPIN 1 7 9 4 -3.604 -3.974 2.494
SPIN 1 7 9 5 1.157 -3.972 -4.229
SPIN 1 7 9 6 -4.509 3.823 0.232
SPIN 1 7 9 7 -2.544 4.910 2.104
SPIN 1 7 9 8 -0.247 1.971 -5.573
SPIN 1 7 9 9 5.184 2.494 1.383
SPIN 1 7 9 10 2.984 4.252 -2.831
SPIN 1 7 9 11 0.713 5.543 1.940
SPIN 1 7 9 12 -5.328 0.145 -2.568
SPIN 1 7 9 13 2.932 4.638 -2.213
SPIN 1 7 9 14 -2.515 -2.927 4.484
SPIN 1 7 9 15 -4.969 2.202 -2.337
SPIN 4 7 9 0 0.911 -0.488 -5.825
SPIN 4 7 9 1 -2.838 4.638 -2.331
SPIN 4 7 9 2 2.891 -2.048 -4.738
SPIN 4 7 9 3 -5.390 -0.191 2.432
SPIN 4 7 9 4 -5.563 -1.599 -1.223
SPIN 4 7 9 5 -3.997 2.142 3.800
SPIN 4 7 9 6 -3.206 -0.426 4.954
SPIN 4 7 9 7 2.780 2.735 -4.449
SPIN 4 7 9 8 4.164 -3.353 2.533
SPIN 4 7 9 9 -0.705 -5.190 2.751
SPIN 4 7 9 10 -4.184 4.093 0.864
SPIN 4 7 9 11 -4.234 -1.827 -3.706
SPIN 4 7 9 12 -1.420 2.582 5.130
SPIN 4 7 9 13 2.740 2.388 -4.668
SPIN 4 7 9 14 0.447 -1.062 5.803
SPIN 4 7 9 15 3.464 -4.565 -1.469
SPIN 1 7 10 0 4.368 3.483 1.946
SPIN 1 7 10 1 -4.670 1.313 3.387
SPIN 1 7 10 2 5.249 -1.703 -2.134
SPIN 1 7 10 3 0.261 -0.327 5.901
SPIN 1 7 10 4 1.811 -0.213 -5.628
SPIN 1 7 10 5 3.431 -4.200 2.364
SPIN 1 7 10 6 2.237 -3.262 4.399
SPIN 1 7 10 7 1.002 -1.879 5.519
SPIN 1 7 10 8 -1.144 3.978 4.227
SPIN 1 7 10 9 -4.360 -0.190 3.994
SPIN 1 7 10 10 -5.168 -1.395 -2.520
SPIN 1 7 10 11 5.165 -0.887 2.746
SPIN 1 7 10 12 1.578 -3.711 4.329
SPIN 1 7 10 13 0.961 -4.216 4.038
SPIN 1 7 10 14 5.573 -1.967 0.261
SPIN 1 7 10 15 -0.757 0.381 5.855
SPIN 4 7 10 0 2.939 -2.725 4.352
SPIN 4 7 10 1 -2.820 -4.003 -3.321
SPIN 4 7 10 2 -0.523 4.655 -3.614
SPIN 4 7 10 3 3.779 -2.793 -3.594
SPIN 4 7 10 4 -5.280 0.201 -2.661
SPIN 4 7 10 5 -1.900 -0.744 -5.553
SPIN 4 7 10 6 3.076 -3.572 3.575
SPIN 4 7 10 7 -0.202 -5.653 1.732
SPIN 4 7 10 8 2.164 -1.285 5.354
SPIN 4 7 10 9 4.808 -1.169 3.242
SPIN 4 7 10 10 1.505 3.498 4.528
SPIN 4 7 10 11 -3.321 -2.952 -3.906
SPIN 4 7 10 12 -5.544 -1.035 -1.785
SPIN 4 7 10 13 1.843 -3.438 4.448
SPIN 4 7 10 14 -4.448 -2.160 3.247
SPIN 4 7 10 15 -3.069 0.550 5.028
SPIN 1 7 11 0 -5.154 2.492 1.490
SPIN 1 7 11 1 4.874 -3.350 -0.167
SPIN 1 7 11 2 -5.838 0.381 0.881
SPIN 1 7 11 3 -1.350 -4.760 -3.243
SPIN 1 7 11 4 0.960 -0.609 -5.806
SPIN 1 7 11 5 1.592 -0.092 5.697
SPIN 1 7 11 6 -1.606 4.561 3.408
SPIN 1 7 11 7 5.402 2.407 0.156
SPIN 1 7 11 8 5.743 0.759 1.202
SPIN 1 7 11 9 -1.937 5.221 1.997
SPIN 1 7 11 10 -3.372 -1.112 -4.732
SPIN 1 7 11 11 -2.396 2.193 4.945
SPIN 1 7 11 12 1.934 2.596 -4.952
SPIN 1 7 11 13 -3.478 2.826 -3.862
SPIN 1 7 11 14 -2.557 3.957 3.579
SPIN 1 7 11 15 -4.205 2.878 -3.006
SPIN 4 7 11 0 -0.629 5.822 0.840
SPIN 4 7 11 1 2.541 1.511 5.125
SPIN 4 7 11 2 2.463 -3.590 4.006
SPIN 4 7 11 3 -2.443 3.379 4.196
SPIN 4 7 11 4 0.653 4.494 3.791
SPIN 4 7 11 5 -1.629 5.685 0.181
SPIN 4 7 11 6 1.377 3.789 -4.330
SPIN 4 7 11 7 -0.834 -5.854 -0.173
SPIN 4 7 11 8 -4.316 1.843 -3.602
SPIN 4 7 11 9 -3.321 -4.882 -0.367
SPIN 4 7 11 10 4.479 1.356 -3.619
SPIN 4 7 11 11 3.743 3.243 -3.236
SPIN 4 7 11 12 -2.766 2.427 4.633
SPIN 4 7 11 13 5.757 1.346 -0.219
SPIN 4 7 11 14 -3.460 2.522 -4.083
SPIN 4 7 11 15 2.367 -4.903 -2.316
SPIN 1 7 12 0 -4.446 -0.081 3.903
SPIN 1 7 12 1 2.623 3.047 -4.340
SPIN 1 7 12 2 -3.015 -3.923 -3.243
SPIN 1 7 12 3 0.544 3.659 -4.617
SPIN 1 7 12 4 -1.950 -0.126 5.584
SPIN 1 7 12 5 1.246 3.854 -4.312
SPIN 1 7 12 6 0.471 0.887 5.830
SPIN 1 7 12 7 -0.247 0.406 -5.897
SPIN 1 7 12 8 -3.802 -3.164 3.246
SPIN 1 7 12 9 3.244 -3.681 -3.306
SPIN 1 7 12 10 1.053 -3.601 4.575
SPIN 1 7 12 11 -2.948 1.124 -5.005
SPIN 1 7 12 12 -1.296 5.086 2.731
SPIN 1 7 12 13 -5.851 -0.500 0.719
SPIN 1 7 12 14 -0.630 -5.689 1.498
SPIN 1 7 12 15 4.620 -1.438 -3.404
SPIN 4 7 12 0 -1.967 -2.137 5.154
SPIN 4 7 12 1 -0.624 -1.039 -5.791
SPIN 4 7 12 2 5.888 0.016 0.574
SPIN 4 7 12 3 1.444 -4.011 4.102
SPIN 4 7 12 4 0.641 3.538 -4.698
SPIN 4 7 12 5 -5.505 -1.905 -1.031
SPIN 4 7 12 6 -1.397 5.144 2.566
SPIN 4 7 12 7 -2.843 4.929 -1.620
SPIN 4 7 12 8 -5.121 -1.402 2.609
SPIN 4 7 12 9 4.679 -1.760 3.164
SPIN 4 7 12 10 -1.165 3.748 -4.427
SPIN 4 7 12 11 -3.167 3.136 3.890
SPIN 4 7 12 12 4.014 -3.808 -2.094
SPIN 4 7 12 13 -1.341 4.355 -3.774
SPIN 4 7 12 14 -2.890 -1.194 5.022
SPIN 4 7 12 15 -4.987 2.168 -2.330
SPIN 1 7 13 0 3.606 4.523 -1.241
SPIN 1 7 13 1 0.244 1.493 -5.719
SPIN 1 7 13 2 4.183 -4.177 0.222
SPIN 1 7 13 3 -5.461 -2.267 -0.210
SPIN 1 7 13 4 -1.822 4.955 2.670
SPIN 1 7 13 5 1.487 2.291 5.248
SPIN 1 7 13 6 2.570 4.139 -3.356
SPIN 1 7 13 7 4.222 -3.852 1.528
SPIN 1 7 13 8 -1.662 -5.455 -1.574
SPIN 1 7 13 9 1.066 1.663 -5.577
SPIN 1 7 13 10 1.125 2.045 -5.436
SPIN 1 7 13 11 1.548 4.346 -3.704
SPIN 1 7 13 12 0.355 -4.683 3.598
SPIN 1 7 13 13 4.908 1.616 2.880
SPIN 1 7 13 14 5.059 0.759 -2.971
SPIN 1 7 13 15 1.238 3.902 4.271
SPIN 4 7 13 0 0.285 3.906 -4.434
SPIN 4 7 13 1 5.135 1.600 -2.463
SPIN 4 7 13 2 -4.155 -4.119 0.877
SPIN 4 7 13 3 -4.637 2.973 2.159
SPIN 4 7 13 4 -1.495 2.081 5.332
SPIN 4 7 13 5 -1.283 -3.022 4.921
SPIN 4 7 13 6 -1.517 -4.877 -2.985
SPIN 4 7 13 7 -4.539 -3.439 -1.603
SPIN 4 7 13 8 4.800 2.183 2.682
SPIN 4 7 13 9 4.932 -2.311 -2.310
SPIN 4 7 13 10 -4.347 -2.823 -2.852
SPIN 4 7 13 11 -1.044 -5.462 2.019
SPIN 4 7 13 12 -1.960 5.558 -0.517
SPIN 4 7 13 13 -2.063 5.452 1.012
SPIN 4 7 13 14 2.651 -3.566 -3.906
SPIN 4 7 13 15 -1.107 0.761 5.762
SPIN 1 7 14 0 -0.991 -2.648 -5.197
SPIN 1 7 14 1 -4.703 0.667 -3.527
SPIN 1 7 14 2 0.886 5.475 2.059
SPIN 1 7 14 3 3.701 -4.570 0.642
SPIN 1 7 14 4 -3.026 3.813 -3.362
SPIN 1 7 14 5 3.516 4.757 -0.099
SPIN 1 7 14 6 3.082 -4.963 0.932
SPIN 1 7 14 7 4.574 -2.181 3.053
SPIN 1 7 14 8 2.981 3.675 3.551
SPIN 1 7 14 9 -1.020 -4.260 3.976
SPIN 1 7 14 10 -5.484 1.704 -1.422
SPIN 1 7 14 11 2.858 3.720 -3.605
SPIN 1 7 14 12 1.193 -3.211 -4.824
SPIN 1 7 14 13 -1.692 5.433 1.618
SPIN 1 7 14 14 0.270 -5.827 0.988
SPIN 1 7 14 15 4.245 -2.702 -3.111
SPIN 4 7 14 0 -3.352 -4.674 1.385
SPIN 4 7 14 1 1.421 5.372 -2.030
SPIN 4 7 14 2 3.561 -1.960 -4.299
SPIN 4 7 14 3 4.804 1.026 3.297
SPIN 4 7 14 4 -1.290 -2.826 -5.035
SPIN 4 7 14 5 -0.269 1.415 5.738
SPIN 4 7 14 6 -1.019 -0.925 -5.754
SPIN 4 7 14 7 2.077 3.703 -4.120
SPIN 4 7 14 8 3.889 -3.267 3.034
SPIN 4 7 14 9 -5.022 2.457 1.935
SPIN 4 7 14 10 1.482 4.157 -3.940
SPIN 4 7 14 11 -5.288 -2.169 1.526
SPIN 4 7 14 12 -2.114 -4.204 3.586
SPIN 4 7 14 13 3.698 2.255 -4.029
SPIN 4 7 14 14 -0.710 2.558 -5.287
SPIN 4 7 14 15 -4.126 3.471 2.434
SPIN 1 7 15 0 -3.046 3.370 3.790
SPIN 1 7 15 1 1.844 3.138 4.664
SPIN 1 7 15 2 0.185 5.539 -2.069
SPIN 1 7 15 3 1.295 -3.356 4.697
SPIN 1 7 15 4 2.659 1.924 4.922
SPIN 1 7 15 5 -5.288 -2.653 -0.007
SPIN 1 7 15 6 -1.711 5.212 -2.216
SPIN 1 7 15 7 4.327 3.171 -2.493
SPIN 1 7 15 8 2.381 1.842 -5.093
SPIN 1 7 15 9 1.122 -1.395 5.639
SPIN 1 7 15 10 -2.285 2.623 -4.786
SPIN 1 7 15 11 2.471 2.256 4.879
SPIN 1 7 15 12 -2.560 -3.025 -4.393
SPIN 1 7 15 13 1.548 -0.352 5.699
SPIN 1 7 15 14 1.752 2.476 -5.080
SPIN 1 7 15 15 4.078 -0.873 4.196
SPIN 4 7 15 0 3.425 -3.235 -3.578
SPIN 4 7 15 1 -2.328 -2.084 5.024
SPIN 4 7 15 2 -2.920 -2.917 -4.238
SPIN 4 7 15 3 -3.344 0.274 -4.873
SPIN 4 7 15 4 -0.369 -2.177 5.489
SPIN 4 7 15 5 -0.673 1.284 -5.736
SPIN 4 7 15 6 -5.684 -1.223 -1.095
SPIN 4 7 15 7 -3.962 -3.316 2.883
SPIN 4 7 15 8 0.255 -1.042 5.818
SPIN 4 7 15 9 2.944 0.316 -5.122
SPIN 4 7 15 10 2.897 -4.186 3.015
SPIN 4 7 15 11 -1.664 -5.604 -0.912
SPIN 4 7 15 12 0.601 4.853 3.329
SPIN 4 7 15 13 5.274 0.637 2.604
SPIN 4 7 15 14 3.695 -0.715 -4.564
SPIN 4 7 15 15 -5.283 -1.255 -2.349
SPIN 3 7 0 0 5.195 1.114 2.602
SPIN 3 7 0 1 -0.915 -4.003 -4.259
SPIN 3 7 0 2 3.901 3.682 -2.495
SPIN 3 7 0 3 3.675 -2.771 3.717
SPIN 3 7 0 4 -3.228 4.877 0.893
SPIN 3 7 0 5 0.225 -1.584 -5.696
SPIN 3 7 0 6 3.886 -0.040 4.461
SPIN 3 7 0 7 -5.501 -2.140 -0.402
SPIN 3 7 0 8 2.800 5.029 -1.369
SPIN 3 7 0 9 -4.656 -0.647 3.592
SPIN 3 7 0 10 3.392 2.462 -4.175
SPIN 3 7 0 11 -3.991 3.614 2.453
SPIN 3 7 0 12 5.052 -2.777 -1.330
SPIN 3 7 0 13 -4.369 1.819 -3.550
SPIN 3 7 0 14 5.711 1.545 0.028
SPIN 3 7 0 15 -0.971 4.099 -4.154
SPIN 2 7 0 0 1.504 -5.441 1.771
SPIN 2 7 0 1 1.978 -1.604 5.340
SPIN 2 7 0 2 -0.423 -3.074 -5.037
SPIN 2 7 0 3 0.905 -2.413 5.325
SPIN 2 7 0 4 3.815 2.386 -3.841
SPIN 2 7 0 5 -0.784 -5.664 1.517
SPIN 2 7 0 6 -5.075 3.036 0.147
SPIN 2 7 0 7 -3.875 -2.492 -3.711
SPIN 2 7 0 8 4.825 -3.099 1.454
SPIN 2 7 0 9 -5.032 2.322 2.071
SPIN 2 7 0 10 0.527 1.188 5.772
SPIN 2 7 0 11 1.575 -5.702 -0.063
SPIN 2 7 0 12 -4.259 0.205 -4.101
SPIN 2 7 0 13 2.630 3.906 3.581
SPIN 2 7 0 14 -1.108 -5.451 -2.016
SPIN 2 7 0 15 -1.587 4.504 -3.492
SPIN 3 7 1 0 -5.015 -3.106 -0.448
SPIN 3 7 1 1 5.037 -0.238 -3.094
SPIN 3 7 1 2 -5.541 -0.835 1.897
SPIN 3 7 1 3 2.417 -5.308 -0.991
SPIN 3 7 1 4 -3.639 -3.641 -2.916
SPIN 3 7 1 5 0.650 0.651 5.844
SPIN 3 7 1 6 -1.055 -1.837 -5.524
SPIN 3 7 1 7 0.093 2.523 5.350
SPIN 3 7 1 8 0.839 -4.938 -3.148
SPIN 3 7 1 9 4.355 2.609 -3.037
SPIN 3 7 1 10 2.598 -5.114 -1.447
SPIN 3 7 1 11 5.701 1.497 0.512
SPIN 3 7 1 12 -1.078 -5.297 2.403
SPIN 3 7 1 13 -2.758 0.819 5.169
SPIN 3 7 1 14 -1.368 5.562 1.483
SPIN 3 7 1 15 3.557 3.739 2.892
SPIN 2 7 1 0 -5.059 2.312 -2.015
SPIN 2 7 1 1 -2.571 -0.694 5.283
SPIN 2 7 1 2 5.882 -0.262 -0.574
SPIN 2 7 1 3 -3.974 -4.115 -1.508
SPIN 2 7 1 4 -3.230 4.506 2.065
SPIN 2 7 1 5 -3.188 -0.765 4.925
SPIN 2 7 1 6 2.910 2.270 4.624
SPIN 2 7 1 7 3.274 3.942 -2.958
SPIN 2 7 1 8 -2.296 3.894 -3.817
SPIN 2 7 1 9 4.202 1.842 3.735
SPIN 2 7 1 10 0.783 -4.496 -3.765
SPIN 2 7 1 11 1.375 -0.346 -5.744
SPIN 2 7 1 12 3.200 0.290 4.968
SPIN 2 7 1 13 -1.827 -1.358 5.461
SPIN 2 7 1 14 1.370 -5.360 2.096
SPIN 2 7 1 15 1.784 -5.073 2.465
SPIN 3 7 2 0 -2.661 4.713 -2.388
SPIN 3 7 2 1 -0.219 2.011 5.559
SPIN 3 7 2 2 -3.506 1.536 4.511
SPIN 3 7 2 3 2.477 1.234 5.229
SPIN 3 7 2 4 -0.709 -2.385 -5.368
SPIN 3 7 2 5 -4.420 -3.497 1.800
SPIN 3 7 2 6 -0.045 4.749 3.527
SPIN 3 7 2 7 1.964 -2.451 -5.014
SPIN 3 7 2 8 -1.967 3.262 4.526
SPIN 3 7 2 9 2.422 2.205 -4.926
SPIN 3 7 2 10 -4.259 3.715 1.749
SPIN 3 7 2 11 -0.037 -5.187 -2.845
SPIN 3 7 2 12 -3.632 -3.263 3.341
SPIN 3 7 2 13 -3.517 -1.415 -4.542
SPIN 3 7 2 14 4.720 2.643 -2.395
SPIN 3 7 2 15 -1.707 -5.259 2.105
SPIN 2 7 2 0 0.718 -1.236 5.741
SPIN 2 7 2 1 4.993 -1.044 2.997
SPIN 2 7 2 2 -1.898 5.384 1.552
SPIN 2 7 2 3 4.114 -0.056 -4.251
SPIN 2 7 2 4 -0.798 -0.939 5.786
SPIN 2 7 2 5 2.494 -5.071 1.749
SPIN 2 7 2 6 -1.323 -4.529 -3.568
SPIN 2 7 2 7 -0.779 0.112 -5.864
SPIN 2 7 2 8 3.098 -3.401 3.720
SPIN 2 7 2 9 3.398 -4.843 -0.060
SPIN 2 7 2 10 -0.094 -0.505 -5.894
SPIN 2 7 2 11 3.251 3.079 3.867
SPIN 2 7 2 12 -0.247 1.794 -5.632
SPIN 2 7 2 13 3.308 0.046 4.904
SPIN 2 7 2 14 5.080 -2.961 0.654
SPIN 2 7 2 15 0.922 3.472 -4.701
SPIN 3 7 3 0 -4.958 -3.227 0.068
SPIN 3 7 3 1 -4.539 2.404 -2.936
SPIN 3 7 3 2 -5.252 -1.881 -1.970
SPIN 3 7 3 3 0.320 -3.769 -4.549
SPIN 3 7 3 4 -5.002 2.076 -2.381
SPIN 3 7 3 5 1.665 5.195 2.290
SPIN 3 7 3 6 1.253 -1.946 -5.444
SPIN 3 7 3 7 0.223 -1.827 5.623
SPIN 3 7 3 8 5.314 -1.603 -2.047
SPIN 3 7 3 9 -2.940 4.384 -2.672
SPIN 3 7 3 10 4.240 -0.933 4.019
SPIN 3 7 3 11 -1.412 5.742 -0.177
SPIN 3 7 3 12 5.529 -1.900 0.906
SPIN 3 7 3 13 2.421 3.745 -3.887
SPIN 3 7 3 14 4.508 -3.568 1.393
SPIN 3 7 3 15 -5.323 2.255 -1.256
SPIN 2 7 3 0 -5.462 0.488 2.219
SPIN 2 7 3 1 -4.188 3.119 -2.781
SPIN 2 7 3 2 1.682 -4.157 -3.859
SPIN 2 7 3 3 -0.457 -1.849 5.601
SPIN 2 7 3 4 3.505 1.546 4.508
SPIN 2 7 3 5 -3.239 -3.142 -3.826
SPIN 2 7 3 6 3.698 -3.943 2.404
SPIN 2 7 3 7 4.842 -3.169 -1.231
SPIN 2 7 3 8 -4.472 1.537 -3.555
SPIN 2 7 3 9 3.061 3.434 -3.720
SPIN 2 7 3 10 5.702 0.351 1.536
SPIN 2 7 3 11 -5.062 -1.636 -2.589
SPIN 2 7 3 12 -3.377 -0.497 4.832
SPIN 2 7 3 13 1.580 5.698 -0.190
SPIN 2 7 3 14 3.223 -4.732 -1.490
SPIN 2 7 3 15 -1.218 -1.800 5.503
SPIN 3 7 4 0 1.136 4.099 -4.111
SPIN 3 7 4 1 1.164 4.720 3.371
SPIN 3 7 4 2 -1.531 2.179 -5.283
SPIN 3 7 4 3 0.589 -4.392 -3.920
SPIN 3 7 4 4 5.213 -1.731 -2.198
SPIN 3 7 4 5 -2.267 -5.454 0.333
SPIN 3 7 4 6 -5.101 0.197 -2.990
SPIN 3 7 4 7 0.347 -0.427 -5.890
SPIN 3 7 4 8 4.335 -0.248 4.018
SPIN 3 7 4 9 -1.303 5.050 2.792
SPIN 3 7 4 10 -0.584 -3.102 5.004
SPIN 3 7 4 11 3.096 -3.462 -3.665
SPIN 3 7 4 12 -2.336 -1.648 -5.180
SPIN 3 7 4 13 -2.959 1.214 4.977
SPIN 3 7 4 14 -1.766 4.469 -3.451
SPIN 3 7 4 15 2.489 1.321 -5.202
SPIN 2 7 4 0 1.103 5.603 1.545
SPIN 2 7 4 1 -1.004 -4.323 -3.912
SPIN 2 7 4 2 3.604 -1.936 4.274
SPIN 2 7 4 3 -5.364 -2.285 -1.006
SPIN 2 7 4 4 2.929 -4.828 1.763
SPIN 2 7 4 5 3.299 4.674 1.507
SPIN 2 7 4 6 -2.066 5.521 -0.501
SPIN 2 7 4 7 -0.455 -3.485 -4.759
SPIN 2 7 4 8 4.378 -1.281 3.768
SPIN 2 7 4 9 -4.512 -2.881 -2.518
SPIN 2 7 4 10 -2.391 -0.240 -5.406
SPIN 2 7 4 11 4.810 0.845 -3.339
SPIN 2 7 4 12 -5.366 0.219 2.481
SPIN 2 7 4 13 -4.261 0.988 3.984
SPIN 2 7 4 14 1.813 5.431 -1.488
SPIN 2 7 4 15 4.719 -1.016 -3.421
SPIN 3 7 5 0 3.187 2.193 -4.475
SPIN 3 7 5 1 -4.160 -0.938 4.100
SPIN 3 7 5 2 3.697 4.197 -1.928
SPIN 3 7 5 3 3.703 -1.658 4.306
SPIN 3 7 5 4 -2.328 0.940 -5.357
SPIN 3 7 5 5 0.069 -5.374 2.472
SPIN 3 7 5 6 4.701 -2.322 2.741
SPIN 3 7 5 7 0.669 -1.834 5.585
SPIN 3 7 5 8 2.977 -3.604 3.626
SPIN 3 7 5 9 5.548 -0.943 1.826
SPIN 3 7 5 10 0.482 -5.760 1.263
SPIN 3 7 5 11 3.680 -0.364 -4.618
SPIN 3 7 5 12 5.847 -0.108 0.893
SPIN 3 7 5 13 -1.649 -3.889 4.142
SPIN 3 7 5 14 0.192 3.299 4.907
SPIN 3 7 5 15 0.729 -5.196 2.734
SPIN 2 7 5 0 1.145 -5.218 -2.541
SPIN 2 7 5 1 1.330 5.061 -2.759
SPIN 2 7 5 2 -3.503 -1.840 -4.398
SPIN 2 7 5 3 -1.664 3.132 4.735
SPIN 2 7 5 4 -2.135 4.401 -3.328
SPIN 2 7 5 5 3.304 -3.763 3.149
SPIN 2 7 5 6 -3.689 -3.921 -2.453
SPIN 2 7 5 7 2.147 3.876 -3.920
SPIN 2 7 5 8 -2.109 -0.613 -5.493
SPIN 2 7 5 9 5.022 2.162 2.260
SPIN 2 7 5 10 -5.880 -0.615 -0.231
SPIN 2 7 5 11 -3.527 -2.249 -4.183
SPIN 2 7 5 12 -4.173 0.177 -4.190
SPIN 2 7 5 13 2.224 -1.479 5.279
SPIN 2 7 5 14 2.920 2.246 -4.629
SPIN 2 7 5 15 -4.311 4.047 -0.194
SPIN 3 7 6 0 0.816 1.810 5.573
SPIN 3 7 6 1 5.219 1.232 2.499
SPIN 3 7 6 2 0.908 -5.621 1.606
SPIN 3 7 6 3 -0.872 -5.680 1.407
SPIN 3 7 6 4 2.433 5.334 0.797
SPIN 3 7 6 5 -3.279 -3.528 -3.435
SPIN 3 7 6 6 -1.896 4.334 3.552
SPIN 3 7 6 7 -1.659 -3.033 -4.801
SPIN 3 7 6 8 -1.544 4.844 -3.025
SPIN 3 7 6 9 -1.584 -5.310 2.071
SPIN 3 7 6 10 3.776 1.636 -4.250
SPIN 3 7 6 11 0.799 -0.847 5.800
SPIN 3 7 6 12 -2.860 4.729 -2.111
SPIN 3 7 6 13 -1.967 5.571 0.305
SPIN 3 7 6 14 0.083 -5.905 0.357
SPIN 3 7 6 15 5.131 -1.944 -2.212
SPIN 2 7 6 0 -3.827 3.716 2.559
SPIN 2 7 6 1 0.630 -3.772 -4.514
SPIN 2 7 6 2 -2.674 -1.676 5.004
SPIN 2 7 6 3 1.172 2.006 -5.441
SPIN 2 7 6 4 -3.531 -0.880 4.665
SPIN 2 7 6 5 -4.280 -0.236 -4.078
SPIN 2 7 6 6 -4.760 3.511 -0.108
SPIN 2 7 6 7 0.238 -2.366 -5.417
SPIN 2 7 6 8 -5.695 0.956 1.287
SPIN 2 7 6 9 5.783 1.024 0.711
SPIN 2 7 6 10 0.530 4.801 3.416
SPIN 2 7 6 11 -5.265 -1.921 1.895
SPIN 2 7 6 12 0.354 2.427 5.384
SPIN 2 7 6 13 0.890 3.431 -4.736
SPIN 2 7 6 14 -4.505 0.396 3.814
SPIN 2 7 6 15 2.694 -4.423 -2.860
SPIN 3 7 7 0 3.229 3.747 -3.246
SPIN 3 7 7 1 -5.903 0.050 0.385
SPIN 3 7 7 2 1.468 1.641 5.491
SPIN 3 7 7 3 1.141 4.534 3.625
SPIN 3 7 7 4 -4.637 -1.850 -3.175
SPIN 3 7 7 5 5.113 1.680 2.457
SPIN 3 7 7 6 4.022 3.673 -2.309
SPIN 3 7 7 7 -2.818 -1.472 4.989
SPIN 3 7 7 8 3.652 4.017 -2.351
SPIN 3 7 7 9 -1.911 -5.583 -0.425
SPIN 3 7 7 10 3.064 1.239 4.907
SPIN 3 7 7 11 4.034 -2.444 3.571
SPIN 3 7 7 12 -3.476 2.588 4.028
SPIN 3 7 7 13 -0.077 3.832 -4.506
SPIN 3 7 7 14 0.020 2.971 5.116
SPIN 3 7 7 15 5.054 0.787 2.973
SPIN 2 7 7 0 -1.886 -2.546 -4.996
SPIN 2 7 7 1 1.195 3.562 -4.570
SPIN 2 7 7 2 -3.828 2.211 -3.931
SPIN 2 7 7 3 -3.262 -4.918 -0.420
SPIN 2 7 7 4 -1.075 -0.813 5.760
SPIN 2 7 7 5 -3.349 -4.504 -1.869
SPIN 2 7 7 6 -0.954 -1.748 5.571
SPIN 2 7 7 7 2.017 -1.194 5.432
SPIN 2 7 7 8 2.939 -2.532 -4.467
SPIN 2 7 7 9 -2.264 -2.390 -4.916
SPIN 2 7 7 10 2.820 -2.521 -4.549
SPIN 2 7 7 11 -1.803 1.319 -5.478
SPIN 2 7 7 12 -5.164 -1.825 2.237
SPIN 2 7 7 13 -5.222 0.646 2.704
SPIN 2 7 7 14 -0.377 3.920 -4.415
SPIN 2 7 7 15 -4.895 3.163 1.016
SPIN 3 7 8 0 -2.936 1.701 4.846
SPIN 3 7 8 1 -3.342 3.297 3.600
SPIN 3 7 8 2 -0.484 -1.996 -5.548
SPIN 3 7 8 3 -3.097 -5.036 -0.212
SPIN 3 7 8 4 -3.042 0.627 5.035
SPIN 3 7 8 5 1.536 -2.698 -5.036
SPIN 3 7 8 6 -1.500 -3.980 4.112
SPIN 3 7 8 7 2.784 -4.893 -1.818
SPIN 3 7 8 8 -2.663 2.143 -4.829
SPIN 3 7 8 9 -4.500 2.787 2.643
SPIN 3 7 8 10 -5.232 -0.982 2.582
SPIN 3 7 8 11 3.033 -0.538 5.051
SPIN 3 7 8 12 -1.440 1.130 5.626
SPIN 3 7 8 13 -1.993 -1.618 -5.330
SPIN 3 7 8 14 1.022 -2.591 5.220
SPIN 3 7 8 15 -1.592 2.668 -5.035
SPIN 2 7 8 0 -4.560 -0.972 -3.642
SPIN 2 7 8 1 2.184 -5.162 -1.894
SPIN 2 7 8 2 3.197 -2.689 -4.189
SPIN 2 7 8 3 -2.578 -0.081 5.324
SPIN 2 7 8 4 2.289 5.234 1.537
SPIN 2 7 8 5 -5.638 1.660 0.679
SPIN 2 7 8 6 5.913 -0.171 -0.105
SPIN 2 7 8 7 -3.809 4.134 1.844
SPIN 2 7 8 8 4.613 3.272 1.737
SPIN 2 7 8 9 5.910 -0.023 -0.271
SPIN 2 7 8 10 -1.217 -5.784 0.253
SPIN 2 7 8 11 -4.775 -2.831 2.047
SPIN 2 7 8 12 -5.806 -1.110 0.240
SPIN 2 7 8 13 3.780 4.547 0.176
SPIN 2 7 8 14 2.728 -4.711 -2.315
SPIN 2 7 8 15 -5.561 1.219 -1.608
SPIN 3 7 9 0 4.435 1.755 -3.500
SPIN 3 7 9 1 5.562 -1.235 -1.595
SPIN 3 7 9 2 -3.553 -4.381 -1.783
SPIN 3 7 9 3 1.701 5.398 1.724
SPIN 3 7 9 4 2.908 0.640 -5.112
SPIN 3 7 9 5 -4.704 1.487 3.265
SPIN 3 7 9 6 5.595 -1.671 -0.950
SPIN 3 7 9 7 -2.741 4.996 1.591
SPIN 3 7 9 8 -0.581 5.418 2.303
SPIN 3 7 9 9 0.255 5.741 -1.404
SPIN 3 7 9 10 4.888 2.882 1.674
SPIN 3 7 9 11 2.089 2.645 -4.862
SPIN 3 7 9 12 3.219 -4.309 -2.464
SPIN 3 7 9 13 -1.212 5.712 0.951
SPIN 3 7 9 14 -1.508 -0.788 -5.666
SPIN 3 7 9 15 1.664 3.655 4.344
SPIN 2 7 9 0 -3.920 -4.221 -1.346
SPIN 2 7 9 1 2.375 3.521 -4.118
SPIN 2 7 9 2 0.195 -3.228 4.954
SPIN 2 7 9 3 -1.580 5.103 2.543
SPIN 2 7 9 4 4.044 3.915 -1.822
SPIN 2 7 9 5 -2.293 0.164 -5.451
SPIN 2 7 9 6 -3.023 -3.952 -3.201
SPIN 2 7 9 7 -4.171 -1.794 3.793
SPIN 2 7 9 8 -4.283 2.082 3.510
SPIN 2 7 9 9 -1.591 -1.274 -5.554
SPIN 2 7 9 10 -1.111 -1.769 -5.535
SPIN 2 7 9 11 -4.196 3.506 -2.259
SPIN 2 7 9 12 5.721 -0.477 1.428
SPIN 2 7 9 13 -0.357 -4.213 -4.138
SPIN 2 7 9 14 -4.859 2.086 2.653
SPIN 2 7 9 15 4.616 1.776 3.246
SPIN 3 7 10 0 -0.414 -2.015 5.547
SPIN 3 7 10 1 -0.155 -5.703 -1.567
SPIN 3 7 10 2 1.611 5.653 -0.668
SPIN 3 7 10 3 1.541 5.429 -1.775
SPIN 3 7 10 4 -2.100 -0.388 5.517
SPIN 3 7 10 5 5.294 -1.223 -2.340
SPIN 3 7 10 6 2.835 1.800 4.870
SPIN 3 7 10 7 -0.347 -0.868 -5.842
SPIN 3 7 10 8 5.099 2.592 1.512
SPIN 3 7 10 9 -5.189 2.750 -0.715
SPIN 3 7 10 10 3.782 -0.839 4.471
SPIN 3 7 10 11 -5.053 -2.586 -1.668
SPIN 3 7 10 12 -2.575 3.135 -4.306
SPIN 3 7 10 13 3.219 -2.306 4.396
SPIN 3 7 10 14 2.337 -5.081 -1.930
SPIN 3 7 10 15 1.960 5.560 -0.497
SPIN 2 7 10 0 1.626 5.481 1.521
SPIN 2 7 10 1 -3.318 -3.059 -3.826
SPIN 2 7 10 2 0.390 5.853 0.769
SPIN 2 7 10 3 -0.213 -5.795 -1.171
SPIN 2 7 10 4 -4.042 -1.687 3.977
SPIN 2 7 10 5 1.568 5.698 -0.271
SPIN 2 7 10 6 -5.199 0.692 2.738
SPIN 2 7 10 7 5.526 -2.004 0.670
SPIN 2 7 10 8 -5.250 2.305 -1.458
SPIN 2 7 10 9 5.152 -2.427 -1.601
SPIN 2 7 10 10 0.649 -0.467 -5.862
SPIN 2 7 10 11 4.801 2.437 2.451
SPIN 2 7 10 12 -2.738 3.519 3.888
SPIN 2 7 10 13 -4.412 -1.837 -3.488
SPIN 2 7 10 14 -2.280 -2.370 -4.918
SPIN 2 7 10 15 -3.657 -2.140 -4.129
SPIN 3 7 11 0 3.303 -0.624 -4.869
SPIN 3 7 11 1 1.524 2.972 4.883
SPIN 3 7 11 2 -1.032 0.841 5.764
SPIN 3 7 11 3 2.523 2.842 -4.534
SPIN 3 7 11 4 -4.854 0.175 3.378
SPIN 3 7 11 5 -5.222 2.669 0.779
SPIN 3 7 11 6 -1.630 5.687 0.072
SPIN 3 7 11 7 3.513 2.562 -4.012
SPIN 3 7 11 8 -3.284 -3.683 3.263
SPIN 3 7 11 9 3.484 4.768 0.352
SPIN 3 7 11 10 -5.886 0.423 -0.413
SPIN 3 7 11 11 5.229 -2.409 1.363
SPIN 3 7 11 12 -3.087 3.285 3.831
SPIN 3 7 11 13 0.697 1.478 -5.686
SPIN 3 7 11 14 -5.242 0.743 2.639
SPIN 3 7 11 15 0.989 -2.284 -5.367
SPIN 2 7 11 0 -4.864 -1.955 2.742
SPIN 2 7 11 1 -2.333 -1.432 -5.245
SPIN 2 7 11 2 -1.243 -0.818 5.726
SPIN 2 7 11 3 5.123 -0.071 -2.958
SPIN 2 7 11 4 -3.633 -0.232 -4.664
SPIN 2 7 11 5 2.626 -4.933 1.941
SPIN 2 7 11 6 -3.770 -0.671 -4.510
SPIN 2 7 11 7 -2.116 -2.346 5.002
SPIN 2 7 11 8 5.340 -2.387 0.886
SPIN 2 7 11 9 -1.303 -3.256 4.765
SPIN 2 7 11 10 5.205 -1.860 -2.109
SPIN 2 7 11 11 -2.870 1.899 -4.812
SPIN 2 7 11 12 5.552 -1.866 -0.832
SPIN 2 7 11 13 -2.339 2.080 -5.020
SPIN 2 7 11 14 4.205 3.343 2.478
SPIN 2 7 11 15 3.164 2.132 4.521
SPIN 3 7 12 0 -0.518 2.948 5.103
SPIN 3 7 12 1 4.324 -1.290 3.826
SPIN 3 7 12 2 1.003 2.501 -5.267
SPIN 3 7 12 3 -1.414 -3.316 4.691
SPIN 3 7 12 4 -0.854 3.510 -4.685
SPIN 3 7 12 5 2.695 -5.177 -0.970
SPIN 3 7 12 6 1.819 -0.540 -5.603
SPIN 3 7 12 7 -1.816 -1.320 5.474
SPIN 3 7 12 8 2.488 5.366 0.144
SPIN 3 7 12 9 -0.890 5.796 -0.780
SPIN 3 7 12 10 -4.304 -1.700 3.686
SPIN 3 7 12 11 4.552 1.818 -3.313
SPIN 3 7 12 12 -5.352 -0.814 2.386
SPIN 3 7 12 13 0.683 1.706 5.624
SPIN 3 7 12 14 1.413 -3.265 4.727
SPIN 3 7 12 15 2.910 -4.541 -2.431
SPIN 2 7 12 0 4.807 -1.829 -2.924
SPIN 2 7 12 1 -1.764 4.910 2.788
SPIN 2 7 12 2 0.075 -1.960 -5.582
SPIN 2 7 12 3 -2.190 3.486 4.249
SPIN 2 7 12 4 -0.491 -4.234 -4.103
SPIN 2 7 12 5 3.245 4.944 0.154
SPIN 2 7 12 6 1.955 -5.450 -1.216
SPIN 2 7 12 7 2.885 5.000 1.293
SPIN 2 7 12 8 -3.747 0.441 -4.557
SPIN 2 7 12 9 4.851 -3.350 -0.492
SPIN 2 7 12 10 0.384 5.723 -1.449
SPIN 2 7 12 11 1.203 -5.593 -1.506
SPIN 2 7 12 12 -4.301 -2.883 -2.861
SPIN 2 7 12 13 3.171 4.528 2.109
SPIN 2 7 12 14 -1.550 3.681 -4.364
SPIN 2 7 12 15 0.197 -3.098 -5.036
SPIN 3 7 13 0 -3.831 -0.451 -4.485
SPIN 3 7 13 1 2.278 4.130 3.571
SPIN 3 7 13 2 2.148 5.504 0.314
SPIN 3 7 13 3 2.084 -5.269 1.702
SPIN 3 7 13 4 -2.379 3.422 -4.199
SPIN 3 7 13 5 5.625 -0.285 1.812
SPIN 3 7 13 6 1.333 -5.569 -1.486
SPIN 3 7 13 7 -1.282 5.205 2.503
SPIN 3 7 13 8 1.492 -5.700 0.536
SPIN 3 7 13 9 -2.521 1.398 5.166
SPIN 3 7 13 10 5.855 -0.833 -0.177
SPIN 3 7 13 11 -0.979 1.827 5.541
SPIN 3 7 13 12 2.939 -1.307 4.966
SPIN 3 7 13 13 1.883 3.623 4.281
SPIN 3 7 13 14 -2.894 4.161 3.052
SPIN 3 7 13 15 -2.017 -5.202 1.967
SPIN 2 7 13 0 0.207 5.898 0.417
SPIN 2 7 13 1 -3.002 -2.144 4.625
SPIN 2 7 13 2 -4.701 -0.899 3.478
SPIN 2 7 13 3 5.527 -0.511 -2.047
SPIN 2 7 13 4 -0.291 -5.071 -3.032
SPIN 2 7 13 5 3.206 -4.913 0.767
SPIN 2 7 13 6 0.211 3.853 4.485
SPIN 2 7 13 7 2.307 -5.330 -1.125
SPIN 2 7 13 8 -0.203 -3.727 4.590
SPIN 2 7 13 9 -2.538 0.893 -5.269
SPIN 2 7 13 10 2.224 -4.495 3.138
SPIN 2 7 13 11 -4.828 1.132 3.227
SPIN 2 7 13 12 -1.312 5.521 -1.673
SPIN 2 7 13 13 -4.171 -4.000 -1.267
SPIN 2 7 13 14 3.299 -1.770 4.580
SPIN 2 7 13 15 2.343 5.148 1.734
SPIN 3 7 14 0 -5.126 1.278 2.664
SPIN 3 7 14 1 2.717 4.658 -2.433
SPIN 3 7 14 2 2.214 -5.472 0.388
SPIN 3 7 14 3 -2.783 5.038 1.371
SPIN 3 7 14 4 -4.299 -3.930 -1.036
SPIN 3 7 14 5 -2.085 -3.835 -3.994
SPIN 3 7 14 6 -0.103 4.063 -4.299
SPIN 3 7 14 7 -3.436 -4.787 -0.525
SPIN 3 7 14 8 4.696 0.858 3.495
SPIN 3 7 14 9 -0.366 4.100 -4.249
SPIN 3 7 14 10 -1.895 0.963 5.521
SPIN 3 7 14 11 0.893 3.394 -4.763
SPIN 3 7 14 12 2.195 -3.105 -4.532
SPIN 3 7 14 13 -2.968 2.637 -4.386
SPIN 3 7 14 14 4.550 -2.392 2.929
SPIN 3 7 14 15 3.392 4.474 1.863
SPIN 2 7 14 0 1.328 -3.433 -4.632
SPIN 2 7 14 1 0.810 3.583 -4.638
SPIN 2 7 14 2 3.488 -3.085 3.649
SPIN 2 7 14 3 -5.522 0.588 -2.041
SPIN 2 7 14 4 -0.543 5.344 -2.479
SPIN 2 7 14 5 -1.167 4.246 -3.951
SPIN 2 7 14 6 1.287 -4.945 2.982
SPIN 2 7 14 7 -2.037 -0.659 5.515
SPIN 2 7 14 8 0.030 2.582 -5.323
SPIN 2 7 14 9 0.670 5.855 -0.523
SPIN 2 7 14 10 5.118 -0.806 -2.856
SPIN 2 7 14 11 3.256 -4.705 1.503
SPIN 2 7 14 12 2.178 5.360 -1.238
SPIN 2 7 14 13 -3.488 4.252 -2.179
SPIN 2 7 14 14 1.390 0.218 5.746
SPIN 2 7 14 15 -2.927 -1.496 -4.919
SPIN 3 7 15 0 3.349 3.185 3.694
SPIN 3 7 15 1 -4.321 -1.511 -3.748
SPIN 3 7 15 2 -5.154 0.795 -2.794
SPIN 3 7 15 3 -2.503 -3.377 -4.163
SPIN 3 7 15 4 4.955 1.678 2.763
SPIN 3 7 15 5 2.439 4.886 2.276
SPIN 3 7 15 6 -0.029 -4.948 -3.243
SPIN 3 7 15 7 4.231 2.572 -3.238
SPIN 3 7 15 8 -0.502 -5.856 0.678
SPIN 3 7 15 9 0.735 3.041 5.021
SPIN 3 7 15 10 -3.556 -2.261 -4.152
SPIN 3 7 15 11 4.373 3.146 2.445
SPIN 3 7 15 12 0.538 3.222 4.933
SPIN 3 7 15 13 0.261 -5.703 1.550
SPIN 3 7 15 14 3.042 3.937 3.201
SPIN 3 7 15 15 -2.808 -3.173 -4.129
SPIN 2 7 15 0 -2.088 4.033 3.792
SPIN 2 7 15 1 -0.225 3.566 -4.715
SPIN 2 7 15 2 0.654 -4.655 -3.592
SPIN 2 7 15 3 2.541 0.689 5.298
SPIN 2 7 15 4 0.395 3.627 4.657
SPIN 2 7 15 5 0.166 2.650 5.287
SPIN 2 7 15 6 1.021 -5.527 1.848
SPIN 2 7 15 7 3.710 4.513 0.931
SPIN 2 7 15 8 -3.553 1.297 -4.550
SPIN 2 7 15 9 3.920 -3.467 -2.759
SPIN 2 7 15 10 -5.264 1.397 -2.310
SPIN 2 7 15 11 3.623 4.169 2.121
SPIN 2 7 15 12 -1.662 -4.523 -3.432
SPIN 2 7 15 13 0.147 -2.207 -5.487
SPIN 2 7 15 14 0.890 -0.911 5.777
SPIN 2 7 15 15 2.239 -5.322 1.290
SPIN 1 8 0 0 -0.842 3.769 -4.482
SPIN 1 8 0 1 5.323 1.825 1.826
SPIN 1 8 0 2 -0.365 3.555 4.715
SPIN 1 8 0 3 -1.185 -3.771 -4.402
SPIN 1 8 0 4 -0.577 4.052 4.272
SPIN 1 8 0 5 -2.226 -5.137 -1.911
SPIN 1 8 0 6 5.553 1.098 1.720
SPIN 1 8 0 7 -0.551 -0.896 -5.822
SPIN 1 8 0 8 4.161 3.242 2.680
SPIN 1 8 0 9 0.757 -0.777 5.816
SPIN 1 8 0 10 0.393 5.466 -2.229
SPIN 1 8 0 11 3.169 -4.418 2.332
SPIN 1 8 0 12 -3.851 4.275 1.376
SPIN 1 8 0 13 -4.080 1.747 3.912
SPIN 1 8 0 14 -4.375 2.034 -3.424
SPIN 1 8 0 15 1.113 -3.389 4.720
SPIN 4 8 0 0 5.328 -1.779 -1.858
SPIN 4 8 0 1 -3.227 4.055 2.853
SPIN 4 8 0 2 5.836 0.472 -0.851
SPIN 4 8 0 3 -1.177 5.722 0.934
SPIN 4 8 0 4 5.331 2.248 -1.233
SPIN 4 8 0 5 -3.254 -0.828 4.871
SPIN 4 8 0 6 3.660 -4.065 -2.254
SPIN 4 8 0 7 -5.346 2.527 -0.174
SPIN 4 8 0 8 5.653 1.736 0.182
SPIN 4 8 0 9 1.870 -0.974 -5.528
SPIN 4 8 0 10 -1.715 4.203 -3.794
SPIN 4 8 0 11 5.209 2.573 -1.118
SPIN 4 8 0 12 4.732 -0.580 3.503
SPIN 4 8 0 13 0.401 -5.900 -0.170
SPIN 4 8 0 14 3.313 -4.507 1.925
SPIN 4 8 0 15 -0.127 -3.417 4.828
SPIN 1 8 1 0 -5.381 0.285 2.442
SPIN 1 8 1 1 -1.072 -2.079 -5.434
SPIN 1 8 1 2 2.290 1.659 5.196
SPIN 1 8 1 3 -4.885 -2.167 2.538
SPIN 1 8 1 4 3.749 -3.911 2.377
SPIN 1 8 1 5 -4.687 1.246 -3.388
SPIN 1 8 1 6 3.476 0.989 -4.684
SPIN 1 8 1 7 4.935 1.740 -2.760
SPIN 1 8 1 8 4.816 -2.719 -2.100
SPIN 1 8 1 9 -1.049 0.009 -5.822
SPIN 1 8 1 10 -2.327 0.980 5.350
SPIN 1 8 1 11 -5.174 2.438 -1.511
SPIN 1 8 1 12 3.793 4.464 0.830
SPIN 1 8 1 13 4.567 1.010 3.622
SPIN 1 8 1 14 2.178 3.494 -4.248
SPIN 1 8 1 15 5.504 2.156 0.250
SPIN 4 8 1 0 5.812 0.111 1.101
SPIN 4 8 1 1 1.424 -4.235 -3.877
SPIN 4 8 1 2 3.227 -1.521 -4.719
SPIN 4 8 1 3 2.225 -0.710 -5.435
SPIN 4 8 1 4 3.497 2.020 4.323
SPIN 4 8 1 5 -2.669 -5.172 -1.061
SPIN 4 8 1 6 -3.541 -3.322 -3.380
SPIN 4 8 1 7 -2.466 -0.790 -5.319
SPIN 4 8 1 8 -3.223 -4.467 -2.159
SPIN 4 8 1 9 -4.748 2.124 2.819
SPIN 4 8 1 10 -1.852 5.531 0.988
SPIN 4 8 1 11 -1.512 5.271 -2.219
SPIN 4 8 1 12 -5.903 -0.300 -0.246
SPIN 4 8 1 13 5.375 -2.103 1.297
SPIN 4 8 1 14 -0.644 -5.579 -1.860
SPIN 4 8 1 15 -0.943 3.859 -4.384
SPIN 1 8 2 0 4.954 -1.275 -2.972
SPIN 1 8 2 1 -5.177 2.374 1.601
SPIN 1 8 2 2 -5.820 0.430 0.974
SPIN 1 8 2 3 2.389 0.562 5.383
SPIN 1 8 2 4 -0.057 0.402 -5.902
SPIN 1 8 2 5 2.535 4.551 -2.803
SPIN 1 8 2 6 3.416 -2.097 4.351
SPIN 1 8 2 7 -0.117 5.352 2.519
SPIN 1 8 2 8 2.654 -0.446 5.268
SPIN 1 8 2 9 -5.248 -2.732 -0.025
SPIN 1 8 2 10 2.535 2.577 -4.683
SPIN 1 8 2 11 0.530 -2.057 -5.522
SPIN 1 8 2 12 5.851 -0.134 -0.863
SPIN 1 8 2 13 3.510 -2.688 -3.931
SPIN 1 8 2 14 -1.609 -2.298 -5.209
SPIN 1 8 2 15 -2.739 -0.829 5.178
SPIN 4 8 2 0 -5.295 1.495 2.173
SPIN 4 8 2 1 3.476 2.314 4.190
SPIN 4 8 2 2 -1.905 5.564 0.646
SPIN 4 8 2 3 2.069 -4.825 -2.727
SPIN 4 8 2 4 3.272 -0.996 -4.827
SPIN 4 8 2 5 -0.083 2.347 5.430
SPIN 4 8 2 6 1.730 5.043 -2.565
SPIN 4 8 2 7 -2.074 -5.529 -0.360
SPIN 4 8 2 8 -3.726 3.240 3.258
SPIN 4 8 2 9 -5.078 1.192 -2.791
SPIN 4 8 2 10 -5.896 0.431 0.239
SPIN 4 8 2 11 -4.063 -3.438 -2.583
SPIN 4 8 2 12 -2.526 -1.669 -5.083
SPIN 4 8 2 13 -2.243 -4.124 3.600
SPIN 4 8 2 14 3.446 -3.959 2.729
SPIN 4 8 2 15 1.889 -3.195 -4.607
SPIN 1 8 3 0 -0.234 -5.698 -1.574
SPIN 1 8 3 1 -0.164 -5.913 0.092
SPIN 1 8 3 2 2.332 5.399 0.640
SPIN 1 8 3 3 -2.420 3.202 -4.346
SPIN 1 8 3 4 3.307 -4.242 2.464
SPIN 1 8 3 5 -2.279 -4.781 2.635
SPIN 1 8 3 6 0.489 -5.877 0.466
SPIN 1 8 3 7 1.735 4.020 -3.979
SPIN 1 8 3 8 -2.725 2.092 -4.816
SPIN 1 8 3 9 -0.355 5.077 3.016
SPIN 1 8 3 10 -1.558 -5.280 -2.166
SPIN 1 8 3 11 1.212 -4.339 3.834
SPIN 1 8 3 12 -4.659 3.584 0.671
SPIN 1 8 3 13 -2.408 -2.221 -4.926
SPIN 1 8 3 14 -1.318 2.477 5.208
SPIN 1 8 3 15 0.854 -5.853 -0.104
SPIN 4 8 3 0 4.806 3.409 0.531
SPIN 4 8 3 1 -2.575 -5.198 -1.162
SPIN 4 8 3 2 0.274 2.180 -5.493
SPIN 4 8 3 3 -1.557 3.450 4.547
SPIN 4 8 3 4 2.824 4.333 2.872
SPIN 4 8 3 5 5.718 0.904 1.218
SPIN 4 8 3 6 -4.885 -2.851 -1.735
SPIN 4 8 3 7 3.039 3.195 3.945
SPIN 4 8 3 8 2.958 -2.123 -4.663
SPIN 4 8 3 9 1.713 -3.226 4.654
SPIN 4 8 3 10 -3.293 3.680 3.258
SPIN 4 8 3 11 4.951 2.776 -1.667
SPIN 4 8 3 12 1.871 5.538 0.910
SPIN 4 8 3 13 3.981 -0.543 -4.342
SPIN 4 8 3 14 -4.060 1.059 4.170
SPIN 4 8 3 15 0.752 5.397 -2.303
SPIN 1 8 4 0 -2.075 -1.858 5.219
SPIN 1 8 4 1 5.073 -2.844 1.085
SPIN 1 8 4 2 -3.169 4.846 -1.212
SPIN 1 8 4 3 -1.431 -4.945 2.916
SPIN 1 8 4 4 -3.101 1.545 -4.795
SPIN 1 8 4 5 2.393 4.381 3.175
SPIN 1 8 4 6 -3.806 -3.659 -2.670
SPIN 1 8 4 7 3.742 3.331 -3.147
SPIN 1 8 4 8 3.277 4.849 0.866
SPIN 1 8 4 9 -2.267 -1.260 -5.317
SPIN 1 8 4 10 -2.623 -1.606 5.054
SPIN 1 8 4 11 1.969 -2.049 5.189
SPIN 1 8 4 12 5.443 0.037 -2.318
SPIN 1 8 4 13 -1.446 -5.387 -1.971
SPIN 1 8 4 14 5.228 1.997 -1.918
SPIN 1 8 4 15 1.811 -5.541 1.006
SPIN 4 8 4 0 -4.234 3.925 -1.292
SPIN 4 8 4 1 -0.693 -0.411 -5.861
SPIN 4 8 4 2 -2.323 5.326 -1.114
SPIN 4 8 4 3 2.440 5.346 0.686
SPIN 4 8 4 4 3.492 -0.636 4.733
SPIN 4 8 4 5 -5.647 -0.546 1.678
SPIN 4 8 4 6 1.776 -4.997 2.622
SPIN 4 8 4 7 0.759 3.907 -4.378
SPIN 4 8 4 8 -3.826 1.047 4.389
SPIN 4 8 4 9 -1.498 -4.734 -3.216
SPIN 4 8 4 10 5.599 -1.499 -1.184
SPIN 4 8 4 11 -2.183 1.093 -5.389
SPIN 4 8 4 12 5.617 -0.767 -1.690
SPIN 4 8 4 13 -1.914 3.852 -4.062
SPIN 4 8 4 14 2.741 -3.960 -3.435
SPIN 4 8 4 15 -1.355 -4.678 3.358
SPIN 1 8 5 0 -3.453 4.635 -1.262
SPIN 1 8 5 1 -0.696 0.535 5.851
SPIN 1 8 5 2 -0.802 -4.264 4.022
SPIN 1 8 5 3 4.243 -4.043 0.806
SPIN 1 8 5 4 -5.491 1.920 -1.080
SPIN 1 8 5 5 2.730 4.114 -3.259
SPIN 1 8 5 6 -2.941 -1.003 -5.035
SPIN 1 8 5 7 -1.352 1.666 5.513
SPIN 1 8 5 8 -3.239 -4.850 0.995
SPIN 1 8 5 9 -4.399 -1.363 3.713
SPIN 1 8 5 10 1.555 5.708 0.083
SPIN 1 8 5 11 3.933 2.422 -3.696
SPIN 1 8 5 12 0.238 0.829 -5.853
SPIN 1 8 5 13 2.796 3.756 -3.616
SPIN 1 8 5 14 -4.415 2.972 2.584
SPIN 1 8 5 15 5.573 0.191 -1.976
SPIN 4 8 5 0 3.915 -3.267 -3.001
SPIN 4 8 5 1 -1.513 3.966 4.121
SPIN 4 8 5 2 -0.396 -5.271 2.656
SPIN 4 8 5 3 -1.248 -5.555 1.607
SPIN 4 8 5 4 0.215 4.977 3.191
SPIN 4 8 5 5 5.321 1.188 -2.298
SPIN 4 8 5 6 -2.926 -3.985 3.250
SPIN 4 8 5 7 -0.408 -5.535 2.049
SPIN 4 8 5 8 -1.297 5.464 -1.859
SPIN 4 8 5 9 5.886 0.591 -0.055
SPIN 4 8 5 10 -1.407 -5.579 -1.378
SPIN 4 8 5 11 -1.800 -0.904 5.563
SPIN 4 8 5 12 -4.181 2.380 3.443
SPIN 4 8 5 13 4.887 3.190 -0.971
SPIN 4 8 5 14 -0.403 -5.847 -0.807
SPIN 4 8 5 15 4.089 4.037 1.410
SPIN 1 8 6 0 -3.093 -3.295 -3.818
SPIN 1 8 6 1 1.462 -2.654 5.081
SPIN 1 8 6 2 5.022 -1.906 -2.479
SPIN 1 8 6 3 -1.061 2.917 -5.036
SPIN 1 8 6 4 -1.890 1.708 5.340
SPIN 1 8 6 5 4.482 -3.409 1.815
SPIN 1 8 6 6 -3.317 1.695 4.596
SPIN 1 8 6 7 3.133 3.515 -3.582
SPIN 1 8 6 8 2.956 1.691 -4.838
SPIN 1 8 6 9 5.642 -1.184 -1.328
SPIN 1 8 6 10 -2.809 2.224 -4.708
SPIN 1 8 6 11 3.168 -4.098 -2.857
SPIN 1 8 6 12 -2.852 -1.730 -4.886
SPIN 1 8 6 13 -2.659 4.867 2.060
SPIN 1 8 6 14 5.502 1.884 -1.085
SPIN 1 8 6 15 2.589 -1.214 5.179
SPIN 4 8 6 0 -4.586 3.598 1.011
SPIN 4 8 6 1 2.227 -4.222 3.496
SPIN 4 8 6 2 -3.214 4.748 1.461
SPIN 4 8 6 3 1.113 -5.627 -1.449
SPIN 4 8 6 4 -3.435 4.708 1.018
SPIN 4 8 6 5 3.181 -4.700 1.669
SPIN 4 8 6 6 -3.985 4.328 0.620
SPIN 4 8 6 7 3.196 3.566 3.474
SPIN 4 8 6 8 -3.213 -3.531 3.494
SPIN 4 8 6 9 0.594 5.093 -2.951
SPIN 4 8 6 10 -2.495 2.742 -4.610
SPIN 4 8 6 11 -0.327 4.858 3.360
SPIN 4 8 6 12 -1.822 -0.696 -5.585
SPIN 4 8 6 13 3.432 -4.607 -1.413
SPIN 4 8 6 14 -4.851 3.243 0.975
SPIN 4 8 6 15 -0.616 5.829 -0.806
SPIN 1 8 7 0 -5.206 -0.294 2.794
SPIN 1 8 7 1 1.545 0.564 -5.683
SPIN 1 8 7 2 -2.155 -2.569 -4.874
SPIN 1 8 7 3 -3.452 2.559 4.066
SPIN 1 8 7 4 -0.295 -5.111 -2.965
SPIN 1 8 7 5 -3.494 4.774 0.011
SPIN 1 8 7 6 5.028 -3.062 -0.587
SPIN 1 8 7 7 -0.147 -4.725 3.558
SPIN 1 8 7 8 3.294 -4.693 -1.458
SPIN 1 8 7 9 -4.208 -0.725 4.095
SPIN 1 8 7 10 -1.320 -0.263 -5.761
SPIN 1 8 7 11 -2.366 -1.386 -5.243
SPIN 1 8 7 12 3.230 -1.464 4.735
SPIN 1 8 7 13 -2.068 3.134 -4.572
SPIN 1 8 7 14 -2.948 3.547 3.706
SPIN 1 8 7 15 -1.543 3.659 -4.385
SPIN 4 8 7 0 1.006 -1.759 -5.558
SPIN 4 8 7 1 3.331 0.918 4.802
SPIN 4 8 7 2 -5.620 -0.775 1.679
SPIN 4 8 7 3 4.560 0.078 -3.768
SPIN 4 8 7 4 3.343 -3.925 2.902
SPIN 4 8 7 5 -3.325 1.599 -4.625
SPIN 4 8 7 6 -5.633 -0.050 -1.808
SPIN 4 8 7 7 4.472 3.871 0.127
SPIN 4 8 7 8 2.762 -4.802 2.078
SPIN 4 8 7 9 5.207 0.768 2.701
SPIN 4 8 7 10 0.174 -5.667 -1.690
SPIN 4 8 7 11 0.587 -5.123 2.899
SPIN 4 8 7 12 -1.178 3.422 -4.680
SPIN 4 8 7 13 2.348 -5.251 1.384
SPIN 4 8 7 14 5.760 0.663 -1.174
SPIN 4 8 7 15 -2.862 -1.940 -4.800
SPIN 1 8 8 0 4.755 1.026 3.367
SPIN 1 8 8 1 -3.470 -4.753 0.610
SPIN 1 8 8 2 -1.474 5.718 0.370
SPIN 1 8 8 3 -4.493 1.083 3.693
SPIN 1 8 8 4 -3.712 4.315 1.613
SPIN 1 8 8 5 5.898 0.262 0.381
SPIN 1 8 8 6 -5.342 -2.317 1.047
SPIN 1 8 8 7 1.151 2.305 -5.326
SPIN 1 8 8 8 -5.183 0.041 -2.852
SPIN 1 8 8 9 -1.702 1.571 -5.444
SPIN 1 8 8 10 5.650 -0.102 -1.753
SPIN 1 8 8 11 -0.299 5.708 -1.527
SPIN 1 8 8 12 0.555 1.991 -5.543
SPIN 1 8 8 13 4.070 -3.435 -2.576
SPIN 1 8 8 14 -2.602 4.663 -2.547
SPIN 1 8 8 15 5.246 -1.734 -2.114
SPIN 4 8 8 0 -1.796 5.636 -0.098
SPIN 4 8 8 1 -0.766 -5.079 -2.935
SPIN 4 8 8 2 -2.671 5.233 0.694
SPIN 4 8 8 3 -2.244 4.206 -3.503
SPIN 4 8 8 4 -4.877 -2.357 -2.380
SPIN 4 8 8 5 -2.449 5.111 1.697
SPIN 4 8 8 6 3.535 1.064 4.623
SPIN 4 8 8 7 2.827 -4.316 2.895
SPIN 4 8 8 8 2.837 4.289 -2.925
SPIN 4 8 8 9 -0.124 -0.447 -5.898
SPIN 4 8 8 10 1.419 2.957 -4.924
SPIN 4 8 8 11 2.635 4.656 -2.525
SPIN 4 8 8 12 -0.538 5.629 1.738
SPIN 4 8 8 13 1.513 -1.238 5.584
SPIN 4 8 8 14 5.427 -2.143 -0.975
SPIN 4 8 8 15 -1.163 -3.339 -4.743
SPIN 1 8 9 0 4.020 3.742 2.198
SPIN 1 8 9 1 -4.976 -2.952 -1.237
SPIN 1 8 9 2 3.046 4.631 -2.068
SPIN 1 8 9 3 0.648 2.725 5.211
SPIN 1 8 9 4 -1.549 -5.629 -0.958
SPIN 1 8 9 5 -4.972 -3.026 1.061
SPIN 1 8 9 6 4.490 -3.109 2.276
SPIN 1 8 9 7 -2.261 -5.231 1.590
SPIN 1 8 9 8 -0.709 0.233 5.869
SPIN 1 8 9 9 1.044 -5.821 0.179
SPIN 1 8 9 10 -4.822 2.490 2.354
SPIN 1 8 9 11 -3.361 -4.866 0.163
SPIN 1 8 9 12 5.073 -2.595 1.589
SPIN 1 8 9 13 -4.265 -3.305 2.426
SPIN 1 8 9 14 -3.911 -2.800 -3.444
SPIN 1 8 9 15 -2.562 -4.324 3.120
SPIN 4 8 9 0 0.290 -5.887 -0.504
SPIN 4 8 9 1 -4.936 -2.816 -1.645
SPIN 4 8 9 2 4.994 -2.515 1.933
SPIN 4 8 9 3 -3.848 -4.107 -1.824
SPIN 4 8 9 4 3.699 4.273 -1.749
SPIN 4 8 9 5 0.704 -4.907 -3.229
SPIN 4 8 9 6 4.995 3.098 -0.671
SPIN 4 8 9 7 2.884 3.304 -3.971
SPIN 4 8 9 8 -2.421 -5.396 0.167
SPIN 4 8 9 9 -0.091 5.455 -2.287
SPIN 4 8 9 10 2.756 -5.152 -0.926
SPIN 4 8 9 11 -0.322 1.897 5.595
SPIN 4 8 9 12 -4.559 -3.724 -0.591
SPIN 4 8 9 13 -2.703 3.504 3.926
SPIN 4 8 9 14 3.770 -4.258 -1.630
SPIN 4 8 9 15 -4.382 3.318 2.188
SPIN 1 8 10 0 4.345 0.250 4.007
SPIN 1 8 10 1 5.239 1.907 -1.978
SPIN 1 8 10 2 -3.032 3.968 -3.172
SPIN 1 8 10 3 -5.888 -0.572 -0.076
SPIN 1 8 10 4 1.196 -4.388 3.784
SPIN 1 8 10 5 3.805 4.465 0.761
SPIN 1 8 10 6 -4.272 1.379 -3.853
SPIN 1 8 10 7 -0.452 0.670 5.861
SPIN 1 8 10 8 1.510 2.453 -5.167
SPIN 1 8 10 9 0.470 3.158 -4.981
SPIN 1 8 10 10 -5.460 2.080 0.928
SPIN 1 8 10 11 5.496 2.183 0.157
SPIN 1 8 10 12 -2.072 2.410 -4.990
SPIN 1 8 10 13 -3.763 2.628 -3.732
SPIN 1 8 10 14 5.108 0.745 2.891
SPIN 1 8 10 15 0.904 -0.776 -5.795
SPIN 4 8 10 0 -2.872 4.534 2.490
SPIN 4 8 10 1 4.221 1.442 3.886
SPIN 4 8 10 2 -1.875 1.358 5.444
SPIN 4 8 10 3 1.657 5.522 1.328
SPIN 4 8 10 4 -4.863 0.152 -3.366
SPIN 4 8 10 5 4.770 2.945 -1.891
SPIN 4 8 10 6 -0.903 -5.823 -0.529
SPIN 4 8 10 7 0.452 -1.440 5.720
SPIN 4 8 10 8 -4.623 -2.283 -2.901
SPIN 4 8 10 9 -2.138 -1.820 5.207
SPIN 4 8 10 10 -1.631 -1.300 -5.536
SPIN 4 8 10 11 4.526 2.936 -2.427
SPIN 4 8 10 12 3.366 4.628 -1.503
SPIN 4 8 10 13 5.672 -1.092 1.280
SPIN 4 8 10 14 -5.877 0.085 -0.675
SPIN 4 8 10 15 4.771 3.265 1.256
SPIN 1 8 11 0 -4.907 -0.545 3.260
SPIN 1 8 11 1 1.494 -3.243 -4.717
SPIN 1 8 11 2 1.314 -5.302 -2.273
SPIN 1 8 11 3 -1.483 -1.736 -5.458
SPIN 1 8 11 4 3.416 -3.100 3.704
SPIN 1 8 11 5 -1.145 3.325 -4.757
SPIN 1 8 11 6 3.355 -4.872 0.100
SPIN 1 8 11 7 -1.602 -5.650 -0.711
SPIN 1 8 11 8 5.616 -0.093 1.858
SPIN 1 8 11 9 -0.865 -1.823 -5.562
SPIN 1 8 11 10 -0.544 -4.246 4.084
SPIN 1 8 11 11 3.894 4.453 -0.036
SPIN 1 8 11 12 -5.913 0.098 -0.155
SPIN 1 8 11 13 3.618 2.586 3.901
SPIN 1 8 11 14 -0.856 -5.692 -1.368
SPIN 1 8 11 15 4.792 -1.521 3.118
SPIN 4 8 11 0 4.340 -0.066 -4.020
SPIN 4 8 11 1 -5.827 -0.378 0.952
SPIN 4 8 11 2 3.509 -4.323 -1.999
SPIN 4 8 11 3 -2.711 4.714 2.330
SPIN 4 8 11 4 1.350 -3.856 -4.279
SPIN 4 8 11 5 -3.793 3.070 -3.346
SPIN 4 8 11 6 2.007 3.430 4.383
SPIN 4 8 11 7 -4.491 1.992 3.296
SPIN 4 8 11 8 -4.620 -3.508 -1.163
SPIN 4 8 11 9 3.018 5.088 -0.053
SPIN 4 8 11 10 4.047 -0.183 4.311
SPIN 4 8 11 11 -3.002 -0.422 5.080
SPIN 4 8 11 12 3.679 -4.606 -0.496
SPIN 4 8 11 13 -3.544 4.564 1.271
SPIN 4 8 11 14 5.540 1.032 1.801
SPIN 4 8 11 15 0.341 5.113 -2.957
SPIN 1 8 12 0 -5.885 0.576 0.186
SPIN 1 8 12 1 5.110 -2.571 -1.508
SPIN 1 8 12 2 -1.759 2.494 5.068
SPIN 1 8 12 3 5.161 2.398 1.616
SPIN 1 8 12 4 4.902 -2.785 -1.792
SPIN 1 8 12 5 -5.126 -2.226 -1.940
SPIN 1 8 12 6 -0.195 3.002 -5.094
SPIN 1 8 12 7 0.069 -5.715 1.529
SPIN 1 8 12 8 -2.020 -1.921 -5.218
SPIN 1 8 12 9 3.655 4.639 -0.351
SPIN 1 8 12 10 1.583 -1.181 -5.577
SPIN 1 8 12 11 -3.446 -3.157 3.628
SPIN 1 8 12 12 5.872 0.337 0.636
SPIN 1 8 12 13 4.950 -3.154 -0.743
SPIN 1 8 12 14 -4.367 3.201 -2.383
SPIN 1 8 12 15 -4.696 3.178 1.688
SPIN 4 8 12 0 -5.381 -1.811 1.665
SPIN 4 8 12 1 4.871 1.983 2.709
SPIN 4 8 12 2 -3.837 -4.346 -1.181
SPIN 4 8 12 3 -3.331 2.659 -4.103
SPIN 4 8 12 4 -0.482 2.950 5.106
SPIN 4 8 12 5 -2.238 -3.942 -3.801
SPIN 4 8 12 6 1.810 -1.699 5.370
SPIN 4 8 12 7 -3.149 -3.263 3.799
SPIN 4 8 12 8 3.666 2.655 3.809
SPIN 4 8 12 9 -1.001 2.333 -5.344
SPIN 4 8 12 10 -4.218 -0.301 4.137
SPIN 4 8 12 11 3.032 -2.491 -4.427
SPIN 4 8 12 12 2.711 3.458 3.961
SPIN 4 8 12 13 1.943 -5.535 -0.765
SPIN 4 8 12 14 0.164 -3.125 -5.021
SPIN 4 8 12 15 -0.149 -0.396 5.901
SPIN 1 8 13 0 -0.534 2.775 5.198
SPIN 1 8 13 1 1.825 -5.164 2.237
SPIN 1 8 13 2 2.329 5.411 -0.546
SPIN 1 8 13 3 2.321 -1.757 5.150
SPIN 1 8 13 4 0.209 -5.481 -2.217
SPIN 1 8 13 5 -5.426 -2.053 1.160
SPIN 1 8 13 6 3.915 -2.020 3.949
SPIN 1 8 13 7 3.350 -4.540 -1.778
SPIN 1 8 13 8 -2.599 4.191 -3.268
SPIN 1 8 13 9 4.015 3.122 3.022
SPIN 1 8 13 10 3.225 3.363 -3.646
SPIN 1 8 13 11 -1.930 1.795 -5.297
SPIN 1 8 13 12 -1.142 -4.755 3.329
SPIN 1 8 13 13 2.780 3.898 3.475
SPIN 1 8 13 14 -3.220 3.521 -3.498
SPIN 1 8 13 15 3.252 -1.418 -4.734
SPIN 4 8 13 0 0.316 -5.849 -0.833
SPIN 4 8 13 1 -4.524 3.553 -1.383
SPIN 4 8 13 2 1.761 3.410 4.502
SPIN 4 8 13 3 -1.552 -3.796 4.264
SPIN 4 8 13 4 4.291 -0.647 4.021
SPIN 4 8 13 5 -2.673 0.442 -5.259
SPIN 4 8 13 6 -0.641 4.921 -3.221
SPIN 4 8 13 7 -0.397 3.505 4.749
SPIN 4 8 13 8 1.865 0.844 -5.551
SPIN 4 8 13 9 0.453 -1.599 5.678
SPIN 4 8 13 10 4.238 -1.326 -3.909
SPIN 4 8 13 11 4.109 -4.185 0.778
SPIN 4 8 13 12 -4.957 2.770 -1.659
SPIN 4 8 13 13 3.606 -3.235 3.396
SPIN 4 8 13 14 -4.249 1.373 3.881
SPIN 4 8 13 15 0.539 -5.840 -0.776
SPIN 1 8 14 0 2.011 -2.957 4.713
SPIN 1 8 14 1 1.120 3.771 4.419
SPIN 1 8 14 2 -3.653 -1.434 -4.427
SPIN 1 8 14 3 1.847 5.301 -1.867
SPIN 1 8 14 4 -3.484 2.755 -3.908
SPIN 1 8 14 5 -3.236 -3.246 3.741
SPIN 1 8 14 6 -1.180 4.716 -3.372
SPIN 1 8 14 7 3.425 1.053 -4.707
SPIN 1 8 14 8 -0.395 -2.885 5.150
SPIN 1 8 14 9 -1.480 -2.696 -5.054
SPIN 1 8 14 10 -3.128 -4.579 -2.061
SPIN 1 8 14 11 4.154 -1.387 3.978
SPIN 1 8 14 12 -5.535 -1.422 -1.532
SPIN 1 8 14 13 0.706 -3.424 -4.772
SPIN 1 8 14 14 -0.284 3.449 -4.798
SPIN 1 8 14 15 -2.509 5.155 1.459
SPIN 4 8 14 0 3.453 3.974 2.699
SPIN 4 8 14 1 -3.272 -4.416 2.189
SPIN 4 8 14 2 5.303 0.888 2.469
SPIN 4 8 14 3 4.090 -2.099 -3.723
SPIN 4 8 14 4 -3.855 3.103 3.242
SPIN 4 8 14 5 5.519 -1.610 -1.396
SPIN 4 8 14 6 5.250 2.683 0.487
SPIN 4 8 14 7 3.118 -1.738 4.718
SPIN 4 8 14 8 2.081 -4.464 -3.277
SPIN 4 8 14 9 -4.225 -3.765 1.724
SPIN 4 8 14 10 -4.552 -3.766 -0.315
SPIN 4 8 14 11 3.307 3.717 3.201
SPIN 4 8 14 12 2.586 -5.261 0.800
SPIN 4 8 14 13 2.835 -4.445 -2.685
SPIN 4 8 14 14 3.218 4.964 -0.002
SPIN 4 8 14 15 -4.877 -2.499 -2.230
SPIN 1 8 15 0 2.401 1.703 5.132
SPIN 1 8 15 1 -2.487 -4.040 -3.534
SPIN 1 8 15 2 5.442 2.319 -0.039
SPIN 1 8 15 3 0.288 5.906 0.186
SPIN 1 8 15 4 2.087 -5.448 -0.982
SPIN 1 8 15 5 3.325 4.446 -2.042
SPIN 1 8 15 6 -1.318 5.618 1.302
SPIN 1 8 15 7 -4.443 -2.038 3.332
SPIN 1 8 15 8 0.827 -3.612 4.612
SPIN 1 8 15 9 2.924 -4.410 -2.646
SPIN 1 8 15 10 1.246 -4.882 -3.101
SPIN 1 8 15 11 -4.018 2.518 -3.537
SPIN 1 8 15 12 2.587 -5.213 -1.067
SPIN 1 8 15 13 -3.128 4.975 -0.682
SPIN 1 8 15 14 -0.433 -5.724 -1.431
SPIN 1 8 15 15 4.707 -3.266 -1.475
SPIN 4 8 15 0 -5.774 0.062 1.289
SPIN 4 8 15 1 0.311 0.510 5.886
SPIN 4 8 15 2 -0.045 1.538 5.713
SPIN 4 8 15 3 -4.110 -0.867 -4.166
SPIN 4 8 15 4 2.753 -4.029 3.345
SPIN 4 8 15 5 -3.446 2.135 -4.309
SPIN 4 8 15 6 -2.138 3.690 4.100
SPIN 4 8 15 7 0.499 1.205 -5.770
SPIN 4 8 15 8 4.253 3.768 1.649
SPIN 4 8 15 9 5.243 -1.157 -2.485
SPIN 4 8 15 10 -1.197 0.383 5.781
SPIN 4 8 15 11 -2.583 -2.852 -4.494
SPIN 4 8 15 12 2.045 -5.550 0.150
SPIN 4 8 15 13 3.409 3.046 3.755
SPIN 4 8 15 14 -0.716 -4.407 -3.882
SPIN 4 8 15 15 4.672 -1.950 3.061
SPIN 3 8 0 0 -5.037 1.960 -2.405
SPIN 3 8 0 1 2.192 -5.495 0.048
SPIN 3 8 0 2 0.868 4.650 3.554
SPIN 3 8 0 3 0.636 -5.587 -1.838
SPIN 3 8 0 4 0.368 1.358 -5.746
SPIN 3 8 0 5 0.626 -1.867 5.579
SPIN 3 8 0 6 -0.539 -2.599 5.287
SPIN 3 8 0 7 -3.693 -4.154 -2.025
SPIN 3 8 0 8 -1.683 -2.817 4.922
SPIN 3 8 0 9 -0.319 1.985 5.564
SPIN 3 8 0 10 3.856 -3.825 -2.346
SPIN 3 8 0 11 1.563 -3.633 4.400
SPIN 3 8 0 12 4.040 3.206 -2.898
SPIN 3 8 0 13 5.213 -2.684 0.787
SPIN 3 8 0 14 1.260 -5.774 -0.274
SPIN 3 8 0 15 0.711 -0.753 -5.825
SPIN 2 8 0 0 4.030 4.050 -1.535
SPIN 2 8 0 1 0.125 -5.915 -0.043
SPIN 2 8 0 2 3.471 -4.353 -2.001
SPIN 2 8 0 3 -4.000 -3.132 -3.031
SPIN 2 8 0 4 4.812 -0.885 3.326
SPIN 2 8 0 5 -3.369 4.831 0.558
SPIN 2 8 0 6 -0.018 -5.718 1.518
SPIN 2 8 0 7 -0.986 5.376 2.264
SPIN 2 8 0 8 3.982 -0.402 4.357
SPIN 2 8 0 9 2.914 -3.252 3.991
SPIN 2 8 0 10 0.436 -0.381 -5.888
SPIN 2 8 0 11 2.988 2.029 -4.685
SPIN 2 8 0 12 2.223 -4.582 3.010
SPIN 2 8 0 13 -2.389 3.885 -3.768
SPIN 2 8 0 14 -5.591 -0.093 1.931
SPIN 2 8 0 15 1.759 -4.468 3.456
SPIN 3 8 1 0 3.835 4.496 0.268
SPIN 3 8 1 1 1.741 -5.584 0.887
SPIN 3 8 1 2 -2.606 -1.562 -5.077
SPIN 3 8 1 3 -0.645 4.381 3.923
SPIN 3 8 1 4 0.489 2.665 -5.259
SPIN 3 8 1 5 -0.127 5.781 -1.252
SPIN 3 8 1 6 -3.721 2.589 3.802
SPIN 3 8 1 7 0.793 -2.980 -5.049
SPIN 3 8 1 8 -5.287 0.571 2.593
SPIN 3 8 1 9 4.003 -2.561 -3.524
SPIN 3 8 1 10 0.210 4.509 3.825
SPIN 3 8 1 11 0.415 -5.889 0.386
SPIN 3 8 1 12 1.016 -1.117 5.720
SPIN 3 8 1 13 2.615 -3.189 -4.242
SPIN 3 8 1 14 0.892 0.279 5.842
SPIN 3 8 1 15 -4.624 -0.242 -3.682
SPIN 2 8 1 0 -1.379 -5.686 -0.873
SPIN 2 8 1 1 3.948 -1.074 4.273
SPIN 2 8 1 2 -5.906 -0.337 0.012
SPIN 2 8 1 3 1.620 5.318 -2.023
SPIN 2 8 1 4 -5.683 0.633 -1.516
SPIN 2 8 1 5 3.838 4.315 1.285
SPIN 2 8 1 6 -5.700 -1.583 0.062
SPIN 2 8 1 7 3.793 4.442 -0.939
SPIN 2 8 1 8 -2.843 1.432 4.986
SPIN 2 8 1 9 0.782 -0.009 -5.864
SPIN 2 8 1 10 0.429 -5.498 2.142
SPIN 2 8 1 11 3.838 -3.757 2.481
SPIN 2 8 1 12 3.149 -3.255 -3.807
SPIN 2 8 1 13 -2.022 4.972 -2.489
SPIN 2 8 1 14 -3.131 4.455 2.314
SPIN 2 8 1 15 -0.179 -2.021 -5.557
SPIN 3 8 2 0 0.004 5.756 -1.369
SPIN 3 8 2 1 5.176 0.789 2.754
SPIN 3 8 2 2 3.809 2.208 3.951
SPIN 3 8 2 3 2.497 -5.361 0.138
SPIN 3 8 2 4 -3.979 3.742 2.273
SPIN 3 8 2 5 -0.391 -5.223 2.751
SPIN 3 8 2 6 -0.979 -4.419 3.810
SPIN 3 8 2 7 -1.058 5.737 0.985
SPIN 3 8 2 8 5.795 -0.125 1.182
SPIN 3 8 2 9 -5.446 -0.310 -2.290
SPIN 3 8 2 10 4.975 3.003 1.107
SPIN 3 8 2 11 0.803 -0.469 5.843
SPIN 3 8 2 12 -2.176 -3.858 -3.922
SPIN 3 8 2 13 0.371 5.638 1.753
SPIN 3 8 2 14 0.352 -1.397 5.738
SPIN 3 8 2 15 4.960 -3.209 -0.321
SPIN 2 8 2 0 -1.847 5.075 -2.416
SPIN 2 8 2 1 1.982 -5.324 -1.650
SPIN 2 8 2 2 -2.768 -2.958 -4.312
SPIN 2 8 2 3 3.601 1.527 4.439
SPIN 2 8 2 4 1.381 5.733 0.472
SPIN 2 8 2 5 -1.892 5.324 -1.753
SPIN 2 8 2 6 1.944 1.750 5.307
SPIN 2 8 2 7 3.941 4.402 -0.299
SPIN 2 8 2 8 -1.110 0.005 -5.811
SPIN 2 8 2 9 5.828 0.313 0.965
SPIN 2 8 2 10 -4.498 -3.233 2.078
SPIN 2 8 2 11 -3.070 2.127 -4.588
SPIN 2 8 2 12 -0.323 -0.736 5.861
SPIN 2 8 2 13 -4.157 4.107 -0.920
SPIN 2 8 2 14 -3.906 -3.174 -3.110
SPIN 2 8 2 15 5.754 -1.342 0.305
SPIN 3 8 3 0 -0.151 -5.681 1.643
SPIN 3 8 3 1 -1.379 -1.539 -5.543
SPIN 3 8 3 2 -3.072 -2.289 -4.508
SPIN 3 8 3 3 3.871 4.401 0.805
SPIN 3 8 3 4 5.441 -2.245 0.597
SPIN 3 8 3 5 4.181 1.064 -4.048
SPIN 3 8 3 6 -3.222 4.958 -0.194
SPIN 3 8 3 7 -1.612 -3.757 4.276
SPIN 3 8 3 8 3.282 1.256 -4.759
SPIN 3 8 3 9 1.680 0.904 5.600
SPIN 3 8 3 10 3.173 0.758 -4.935
SPIN 3 8 3 11 5.185 -0.037 2.849
SPIN 3 8 3 12 5.857 0.834 -0.009
SPIN 3 8 3 13 -0.020 1.581 5.701
SPIN 3 8 3 14 -3.520 2.685 -3.924
SPIN 3 8 3 15 -0.330 5.226 -2.754
SPIN 2 8 3 0 -5.453 1.700 1.540
SPIN 2 8 3 1 -2.723 -0.260 5.246
SPIN 2 8 3 2 -1.936 -0.431 5.574
SPIN 2 8 3 3 0.222 0.765 5.862
SPIN 2 8 3 4 2.907 -5.139 -0.378
SPIN 2 8 3 5 -2.106 -1.045 -5.429
SPIN 2 8 3 6 4.699 3.549 0.563
SPIN 2 8 3 7 4.188 -3.467 -2.332
SPIN 2 8 3 8 -5.246 1.246 2.435
SPIN 2 8 3 9 0.523 -0.852 5.831
SPIN 2 8 3 10 5.274 -2.667 -0.266
SPIN 2 8 3 11 5.058 0.531 -3.022
SPIN 2 8 3 12 -2.207 1.738 -5.206
SPIN 2 8 3 13 4.229 -2.752 -3.089
SPIN 2 8 3 14 1.086 0.322 5.807
SPIN 2 8 3 15 0.089 -0.802 -5.861
SPIN 3 8 4 0 -4.444 -3.902 0.162
SPIN 3 8 4 1 5.383 2.187 -1.117
SPIN 3 8 4 2 1.315 0.693 -5.726
SPIN 3 8 4 3 -1.712 -5.606 0.804
SPIN 3 8 4 4 2.897 0.678 -5.113
SPIN 3 8 4 5 -5.528 0.411 2.067
SPIN 3 8 4 6 -2.824 1.162 5.067
SPIN 3 8 4 7 0.515 5.564 -1.945
SPIN 3 8 4 8 -2.021 -5.560 -0.088
SPIN 3 8 4 9 -2.527 2.992 -4.434
SPIN 3 8 4 10 4.992 -1.314 2.890
SPIN 3 8 4 11 -4.271 4.091 0.139
SPIN 3 8 4 12 1.879 -0.514 5.586
SPIN 3 8 4 13 1.431 5.371 -2.025
SPIN 3 8 4 14 3.094 -4.996 0.685
SPIN 3 8 4 15 4.684 0.075 3.613
SPIN 2 8 4 0 5.358 0.833 -2.365
SPIN 2 8 4 1 0.085 2.321 -5.441
SPIN 2 8 4 2 1.435 3.969 -4.146
SPIN 2 8 4 3 -3.680 3.390 -3.156
SPIN 2 8 4 4 1.530 -5.523 1.468
SPIN 2 8 4 5 -4.024 1.589 -4.035
SPIN 2 8 4 6 0.574 -5.584 -1.869
SPIN 2 8 4 7 -0.989 2.580 -5.231
SPIN 2 8 4 8 2.784 -4.820 -2.003
SPIN 2 8 4 9 2.184 3.929 -3.846
SPIN 2 8 4 10 -3.230 -0.654 4.913
SPIN 2 8 4 11 1.131 -5.450 -2.006
SPIN 2 8 4 12 4.290 3.778 1.523
SPIN 2 8 4 13 -4.995 0.193 -3.164
SPIN 2 8 4 14 -0.401 -4.657 -3.627
SPIN 2 8 4 15 -1.625 5.610 -0.944
SPIN 3 8 5 0 1.385 -0.442 5.735
SPIN 3 8 5 1 1.018 2.987 -5.004
SPIN 3 8 5 2 0.198 -2.507 5.355
SPIN 3 8 5 3 1.708 5.645 0.463
SPIN 3 8 5 4 -4.778 -3.400 0.780
SPIN 3 8 5 5 5.760 0.098 1.347
SPIN 3 8 5 6 3.068 -2.785 -4.222
SPIN 3 8 5 7 -5.557 -2.021 -0.201
SPIN 3 8 5 8 1.813 2.044 -5.247
SPIN 3 8 5 9 -5.136 2.362 1.745
SPIN 3 8 5 10 2.399 5.142 -1.676
SPIN 3 8 5 11 4.295 -0.732 -4.002
SPIN 3 8 5 12 -3.254 1.752 -4.620
SPIN 3 8 5 13 0.538 -3.732 4.559
SPIN 3 8 5 14 1.270 -4.614 3.478
SPIN 3 8 5 15 5.330 0.268 -2.554
SPIN 2 8 5 0 -2.576 2.198 4.851
SPIN 2 8 5 1 -0.715 -2.554 -5.288
SPIN 2 8 5 2 -2.528 0.917 5.269
SPIN 2 8 5 3 -1.670 -2.656 -5.016
SPIN 2 8 5 4 4.319 -0.271 4.034
SPIN 2 8 5 5 -1.167 -4.541 -3.608
SPIN 2 8 5 6 -3.486 -3.467 3.291
SPIN 2 8 5 7 -5.434 0.157 -2.333
SPIN 2 8 5 8 -4.370 -2.101 3.390
SPIN 2 8 5 9 -4.958 -2.657 1.831
SPIN 2 8 5 10 -0.598 4.900 -3.260
SPIN 2 8 5 11 -0.382 5.004 3.133
SPIN 2 8 5 12 3.140 -4.973 -0.638
SPIN 2 8 5 13 5.535 1.754 1.133
SPIN 2 8 5 14 -4.368 3.477 -1.958
SPIN 2 8 5 15 0.916 -5.553 -1.824
SPIN 3 8 6 0 4.147 -1.485 -3.950
SPIN 3 8 6 1 -2.865 -3.419 -3.886
SPIN 3 8 6 2 4.939 1.827 2.696
SPIN 3 8 6 3 -4.180 -3.660 -2.033
SPIN 3 8 6 4 -3.133 -4.932 -0.927
SPIN 3 8 6 5 -5.665 -0.695 1.557
SPIN 3 8 6 6 4.072 -1.066 4.157
SPIN 3 8 6 7 -3.387 4.305 -2.234
SPIN 3 8 6 8 1.393 0.658 5.712
SPIN 3 8 6 9 3.347 -3.480 3.419
SPIN 3 8 6 10 3.015 2.705 4.312
SPIN 3 8 6 11 -3.681 -2.407 3.957
SPIN 3 8 6 12 3.173 4.572 2.007
SPIN 3 8 6 13 1.387 -4.696 -3.320
SPIN 3 8 6 14 4.968 3.017 1.102
SPIN 3 8 6 15 -2.223 -1.896 5.144
SPIN 2 8 6 0 3.350 -1.872 -4.503
SPIN 2 8 6 1 -1.206 -3.107 4.888
SPIN 2 8 6 2 2.420 -4.644 -2.753
SPIN 2 8 6 3 0.389 0.994 5.819
SPIN 2 8 6 4 4.430 2.636 -2.903
SPIN 2 8 6 5 2.787 4.417 2.779
SPIN 2 8 6 6 -5.031 3.077 0.468
SPIN 2 8 6 7 1.290 -4.743 3.292
SPIN 2 8 6 8 -3.205 4.297 -2.503
SPIN 2 8 6 9 1.274 -0.409 -5.763
SPIN 2 8 6 10 1.684 -5.611 0.823
SPIN 2 8 6 11 5.880 0.098 0.644
SPIN 2 8 6 12 -1.574 -5.434 1.729
SPIN 2 8 6 13 -4.414 3.913 -0.452
SPIN 2 8 6 14 1.440 0.882 5.670
SPIN 2 8 6 15 2.457 -4.405 -3.093
SPIN 3 8 7 0 1.634 5.636 0.752
SPIN 3 8 7 1 -4.201 -3.017 -2.873
SPIN 3 8 7 2 -5.755 1.079 -0.847
SPIN 3 8 7 3 5.167 -0.220 -2.874
SPIN 3 8 7 4 3.895 0.347 4.439
SPIN 3 8 7 5 -4.384 2.750 -2.866
SPIN 3 8 7 6 5.091 2.586 -1.547
SPIN 3 8 7 7 2.079 -5.269 1.708
SPIN 3 8 7 8 -5.492 -1.823 -1.232
SPIN 3 8 7 9 3.165 -4.931 -0.820
SPIN 3 8 7 10 -1.932 5.590 0.150
SPIN 3 8 7 11 3.895 -1.105 -4.314
SPIN 3 8 7 12 -5.579 -1.692 -1.007
SPIN 3 8 7 13 -3.732 -0.040 -4.590
SPIN 3 8 7 14 2.867 -5.172 -0.179
SPIN 3 8 7 15 2.373 5.002 -2.084
SPIN 2 8 7 0 -1.284 4.870 -3.104
SPIN 2 8 7 1 3.258 -4.607 1.777
SPIN 2 8 7 2 -0.674 -1.663 5.637
SPIN 2 8 7 3 -0.591 5.863 -0.525
SPIN 2 8 7 4 -2.153 -5.501 -0.326
SPIN 2 8 7 5 -5.421 -0.163 -2.364
SPIN 2 8 7 6 4.539 -3.701 -0.833
SPIN 2 8 7 7 -5.195 -2.812 -0.326
SPIN 2 8 7 8 -1.459 5.520 1.548
SPIN 2 8 7 9 -1.739 5.632 -0.507
SPIN 2 8 7 10 -2.483 4.667 -2.657
SPIN 2 8 7 11 2.149 -5.421 -0.999
SPIN 2 8 7 12 0.774 2.678 -5.218
SPIN 2 8 7 13 4.587 2.852 2.414
SPIN 2 8 7 14 4.185 -3.595 -2.135
SPIN 2 8 7 15 -1.114 -0.276 5.804
SPIN 3 8 8 0 2.224 5.466 0.415
SPIN 3 8 8 1 4.834 1.229 -3.181
SPIN 3 8 8 2 -5.401 -1.993 -1.363
SPIN 3 8 8 3 5.251 -2.475 -1.140
SPIN 3 8 8 4 -1.833 0.814 -5.566
SPIN 3 8 8 5 -1.972 1.394 5.401
SPIN 3 8 8 6 2.301 -4.045 3.653
SPIN 3 8 8 7 -4.478 -1.985 -3.318
SPIN 3 8 8 8 4.277 3.557 -2.012
SPIN 3 8 8 9 -2.062 3.894 3.947
SPIN 3 8 8 10 -3.168 -4.991 -0.245
SPIN 3 8 8 11 -4.402 2.719 -2.870
SPIN 3 8 8 12 -1.055 -5.406 2.159
SPIN 3 8 8 13 5.091 -2.591 1.538
SPIN 3 8 8 14 0.904 5.492 2.004
SPIN 3 8 8 15 -2.393 -5.359 0.745
SPIN 2 8 8 0 4.798 2.334 2.556
SPIN 2 8 8 1 0.564 -4.258 4.069
SPIN 2 8 8 2 2.641 -5.242 -0.740
SPIN 2 8 8 3 -5.763 -1.156 0.672
SPIN 2 8 8 4 -1.434 -4.703 3.291
SPIN 2 8 8 5 -0.740 -2.938 5.081
SPIN 2 8 8 6 -1.090 5.341 -2.300
SPIN 2 8 8 7 5.025 0.844 3.007
SPIN 2 8 8 8 -3.009 5.093 -0.032
SPIN 2 8 8 9 -3.203 -4.966 0.292
SPIN 2 8 8 10 0.843 4.883 -3.232
SPIN 2 8 8 11 2.615 4.883 2.079
SPIN 2 8 8 12 -0.021 -3.207 4.971
SPIN 2 8 8 13 -0.143 0.296 -5.907
SPIN 2 8 8 14 -5.487 0.540 2.146
SPIN 2 8 8 15 -3.025 4.858 1.499
SPIN 3 8 9 0 -2.186 -5.496 -0.139
SPIN 3 8 9 1 1.869 4.449 -3.422
SPIN 3 8 9 2 0.849 -5.162 2.763
SPIN 3 8 9 3 5.082 -0.382 -3.004
SPIN 3 8 9 4 2.776 2.309 4.686
SPIN 3 8 9 5 0.897 5.769 0.957
SPIN 3 8 9 6 0.441 -4.216 -4.127
SPIN 3 8 9 7 -5.687 1.243 1.057
SPIN 3 8 9 8 4.918 -2.638 -1.964
SPIN 3 8 9 9 5.375 -0.812 2.336
SPIN 3 8 9 10 -1.253 -2.424 -5.249
SPIN 3 8 9 11 -0.692 2.124 5.478
SPIN 3 8 9 12 -0.440 5.411 2.352
SPIN 3 8 9 13 -5.160 -1.996 -2.096
SPIN 3 8 9 14 -1.801 -0.663 5.596
SPIN 3 8 9 15 -0.506 1.254 -5.759
SPIN 2 8 9 0 0.183 4.131 -4.231
SPIN 2 8 9 1 0.342 -5.845 -0.848
SPIN 2 8 9 2 -3.915 2.029 3.944
SPIN 2 8 9 3 0.631 -2.481 -5.333
SPIN 2 8 9 4 -1.532 2.002 5.352
SPIN 2 8 9 5 3.108 5.034 -0.076
SPIN 2 8 9 6 -0.529 4.977 3.155
SPIN 2 8 9 7 -4.444 2.885 -2.631
SPIN 2 8 9 8 -5.678 -0.183 -1.650
SPIN 2 8 9 9 2.143 3.363 4.370
SPIN 2 8 9 10 4.117 -1.363 4.024
SPIN 2 8 9 11 3.999 -1.505 4.092
SPIN 2 8 9 12 4.299 -2.439 -3.251
SPIN 2 8 9 13 5.440 -1.849 -1.409
SPIN 2 8 9 14 -0.132 0.958 -5.836
SPIN 2 8 9 15 -2.805 -3.929 -3.420
SPIN 3 8 10 0 -2.329 5.268 -1.350
SPIN 3 8 10 1 4.252 3.238 -2.536
SPIN 3 8 10 2 4.217 -3.042 -2.822
SPIN 3 8 10 3 -3.948 0.517 4.376
SPIN 3 8 10 4 -3.825 -4.028 2.036
SPIN 3 8 10 5 0.577 -4.517 3.777
SPIN 3 8 10 6 4.880 -3.072 -1.321
SPIN 3 8 10 7 3.821 -3.278 -3.107
SPIN 3 8 10 8 -5.232 -0.234 -2.751
SPIN 3 8 10 9 5.100 -0.011 -2.998
SPIN 3 8 10 10 -1.233 -5.732 -0.791
SPIN 3 8 10 11 2.201 5.403 -0.985
SPIN 3 8 10 12 3.669 -3.941 2.450
SPIN 3 8 10 13 0.185 5.913 -0.058
SPIN 3 8 10 14 -2.683 0.161 5.270
SPIN 3 8 10 15 1.325 -5.640 1.197
SPIN 2 8 10 0 -1.869 -4.944 -2.657
SPIN 2 8 10 1 -4.601 -3.176 1.935
SPIN 2 8 10 2 0.488 2.169 -5.482
SPIN 2 8 10 3 -3.868 0.174 4.473
SPIN 2 8 10 4 1.903 5.326 -1.736
SPIN 2 8 10 5 -3.194 -4.202 2.672
SPIN 2 8 10 6 0.182 -2.050 -5.547
SPIN 2 8 10 7 -4.054 3.363 2.693
SPIN 2 8 10 8 -0.495 2.910 5.127
SPIN 2 8 10 9 2.706 -3.386 4.026
SPIN 2 8 10 10 -3.500 -2.682 -3.945
SPIN 2 8 10 11 -4.931 -2.010 -2.578
SPIN 2 8 10 12 4.619 -3.648 0.596
SPIN 2 8 10 13 -5.656 -1.329 -1.117
SPIN 2 8 10 14 4.613 3.300 -1.682
SPIN 2 8 10 15 1.351 2.790 5.039
SPIN 3 8 11 0 2.099 5.408 1.161
SPIN 3 8 11 1 -0.176 -1.754 5.647
SPIN 3 8 11 2 0.604 1.771 -5.612
SPIN 3 8 11 3 3.782 2.240 3.960
SPIN 3 8 11 4 -3.919 -4.432 -0.058
SPIN 3 8 11 5 -1.512 4.028 4.061
SPIN 3 8 11 6 -4.649 3.579 -0.763
SPIN 3 8 11 7 -3.252 -4.722 -1.459
SPIN 3 8 11 8 0.707 3.029 -5.033
SPIN 3 8 11 9 -4.688 -2.984 -2.029
SPIN 3 8 11 10 -2.359 5.181 1.609
SPIN 3 8 11 11 2.079 2.360 -5.011
SPIN 3 8 11 12 2.898 -0.356 5.146
SPIN 3 8 11 13 1.151 1.251 5.667
SPIN 3 8 11 14 -0.480 -2.555 -5.314
SPIN 3 8 11 15 2.662 1.631 -5.026
SPIN 2 8 11 0 3.671 2.275 4.043
SPIN 2 8 11 1 -0.025 5.881 0.647
SPIN 2 8 11 2 -0.288 3.947 -4.398
SPIN 2 8 11 3 1.586 -3.648 4.379
SPIN 2 8 11 4 -0.178 -3.969 -4.384
SPIN 2 8 11 5 5.449 -0.087 -2.303
SPIN 2 8 11 6 2.700 -3.308 -4.095
SPIN 2 8 11 7 2.654 -3.767 3.710
SPIN 2 8 11 8 -4.619 -2.376 -2.832
SPIN 2 8 11 9 -2.993 -3.962 3.217
SPIN 2 8 11 10 1.861 5.063 2.429
SPIN 2 8 11 11 1.405 -1.408 5.572
SPIN 2 8 11 12 -4.525 3.423 1.676
SPIN 2 8 11 13 5.317 -0.927 2.423
SPIN 2 8 11 14 1.322 0.928 5.691
SPIN 2 8 11 15 -1.615 0.051 -5.691
SPIN 3 8 12 0 -2.014 -3.767 4.093
SPIN 3 8 12 1 1.362 2.777 -5.043
SPIN 3 8 12 2 2.864 -3.652 -3.669
SPIN 3 8 12 3 0.144 -5.087 3.017
SPIN 3 8 12 4 -2.393 5.360 0.739
SPIN 3 8 12 5 2.573 4.623 2.648
SPIN 3 8 12 6 1.760 -3.380 -4.525
SPIN 3 8 12 7 2.888 4.971 1.397
SPIN 3 8 12 8 1.226 5.765 0.508
SPIN 3 8 12 9 -2.360 0.605 5.391
SPIN 3 8 12 10 -2.243 -5.431 -0.692
SPIN 3 8 12 11 -1.882 5.433 1.393
SPIN 3 8 12 12 1.356 0.246 -5.753
SPIN 3 8 12 13 0.713 4.555 -3.707
SPIN 3 8 12 14 3.915 -3.660 2.506
SPIN 3 8 12 15 5.274 1.681 -2.087
SPIN 2 8 12 0 4.502 3.751 -0.817
SPIN 2 8 12 1 -4.678 -2.735 -2.374
SPIN 2 8 12 2 2.205 -3.421 4.294
SPIN 2 8 12 3 3.618 -4.659 -0.448
SPIN 2 8 12 4 -4.854 0.013 -3.382
SPIN 2 8 12 5 0.448 -2.796 -5.194
SPIN 2 8 12 6 -2.357 3.018 -4.509
SPIN 2 8 12 7 2.802 5.210 0.030
SPIN 2 8 12 8 -3.291 -4.551 -1.860
SPIN 2 8 12 9 -1.435 -4.005 4.111
SPIN 2 8 12 10 2.705 1.598 5.013
SPIN 2 8 12 11 3.111 -4.841 -1.374
SPIN 2 8 12 12 -4.812 3.350 -0.789
SPIN 2 8 12 13 4.110 -0.380 4.239
SPIN 2 8 12 14 -0.391 -0.194 -5.900
SPIN 2 8 12 15 -3.483 4.360 1.965
SPIN 3 8 13 0 0.766 5.013 3.047
SPIN 3 8 13 1 0.501 -3.377 -4.832
SPIN 3 8 13 2 -4.358 2.356 -3.233
SPIN 3 8 13 3 -5.247 2.732 0.083
SPIN 3 8 13 4 1.793 4.409 -3.514
SPIN 3 8 13 5 -3.847 -4.479 0.375
SPIN 3 8 13 6 3.327 -2.339 4.296
SPIN 3 8 13 7 1.298 3.365 -4.689
SPIN 3 8 13 8 4.222 2.064 3.594
SPIN 3 8 13 9 -2.324 -5.232 1.491
SPIN 3 8 13 10 -4.063 2.032 -3.789
SPIN 3 8 13 11 4.545 -3.411 1.646
SPIN 3 8 13 12 5.288 -1.490 2.194
SPIN 3 8 13 13 -5.657 1.728 -0.121
SPIN 3 8 13 14 -0.980 0.368 5.823
SPIN 3 8 13 15 3.604 4.204 -2.084
SPIN 2 8 13 0 4.087 3.635 -2.255
SPIN 2 8 13 1 -3.651 -1.332 -4.460
SPIN 2 8 13 2 5.014 2.828 1.364
SPIN 2 8 13 3 -2.698 4.022 -3.397
SPIN 2 8 13 4 5.605 -0.173 1.884
SPIN 2 8 13 5 -4.994 2.187 -2.298
SPIN 2 8 13 6 0.650 -5.822 0.827
SPIN 2 8 13 7 0.061 5.735 -1.450
SPIN 2 8 13 8 -1.730 -5.258 -2.089
SPIN 2 8 13 9 -1.091 5.283 2.429
SPIN 2 8 13 10 5.554 -1.552 -1.321
SPIN 2 8 13 11 -3.018 0.414 5.072
SPIN 2 8 13 12 2.501 5.315 -0.705
SPIN 2 8 13 13 -0.927 -2.839 -5.107
SPIN 2 8 13 14 1.485 -4.694 3.280
SPIN 2 8 13 15 -1.156 -4.998 -2.947
SPIN 3 8 14 0 1.680 4.671 3.219
SPIN 3 8 14 1 -3.667 -4.120 -2.139
SPIN 3 8 14 2 -1.485 -5.554 -1.395
SPIN 3 8 14 3 5.311 -0.253 2.593
SPIN 3 8 14 4 5.148 -1.850 -2.254
SPIN 3 8 14 5 5.072 2.240 2.063
SPIN 3 8 14 6 -5.176 -2.567 -1.270
SPIN 3 8 14 7 -4.174 -4.095 0.898
SPIN 3 8 14 8 1.370 -3.280 4.729
SPIN 3 8 14 9 3.902 0.138 4.445
SPIN 3 8 14 10 -0.170 -4.485 -3.854
SPIN 3 8 14 11 -5.639 1.788 -0.044
SPIN 3 8 14 12 3.006 -5.002 0.971
SPIN 3 8 14 13 2.174 3.784 3.994
SPIN 3 8 14 14 3.180 2.568 4.277
SPIN 3 8 14 15 -2.195 -0.625 -5.458
SPIN 2 8 14 0 -1.327 5.702 0.851
SPIN 2 8 14 1 2.463 0.827 -5.315
SPIN 2 8 14 2 -1.649 5.258 2.153
SPIN 2 8 14 3 3.672 -2.418 -3.959
SPIN 2 8 14 4 -5.010 1.295 2.868
SPIN 2 8 14 5 -1.028 -0.005 5.826
SPIN 2 8 14 6 4.801 2.890 1.897
SPIN 2 8 14 7 -5.808 -0.673 0.900
SPIN 2 8 14 8 -5.874 0.146 0.687
SPIN 2 8 14 9 1.228 -5.638 -1.304
SPIN 2 8 14 10 4.177 2.773 3.140
SPIN 2 8 14 11 5.468 -2.219 -0.427
SPIN 2 8 14 12 -2.755 -2.370 4.668
SPIN 2 8 14 13 -1.703 -4.608 3.296
SPIN 2 8 14 14 -1.669 5.638 0.651
SPIN 2 8 14 15 -1.103 -4.800 -3.278
SPIN 3 8 15 0 3.271 4.734 -1.374
SPIN 3 8 15 1 2.675 5.113 1.305
SPIN 3 8 15 2 -1.825 -5.174 -2.213
SPIN 3 8 15 3 4.359 0.012 4.000
SPIN 3 8 15 4 -2.203 -4.547 3.077
SPIN 3 8 15 5 -5.810 -0.136 1.108
SPIN 3 8 15 6 5.562 -1.373 1.475
SPIN 3 8 15 7 0.803 4.849 3.293
SPIN 3 8 15 8 5.258 2.287 1.458
SPIN 3 8 15 9 0.225 -3.191 -4.976
SPIN 3 8 15 10 -0.278 3.923 4.419
SPIN 3 8 15 11 -4.442 -2.734 -2.792
SPIN 3 8 15 12 -0.840 5.744 -1.141
SPIN 3 8 15 13 -2.110 -5.221 -1.814
SPIN 3 8 15 14 3.628 4.184 2.080
SPIN 3 8 15 15 3.202 1.472 4.752
SPIN 2 8 15 0 -2.947 -4.051 -3.147
SPIN 2 8 15 1 -0.360 -4.928 3.254
SPIN 2 8 15 2 0.206 2.214 -5.482
SPIN 2 8 15 3 -2.401 -5.365 -0.673
SPIN 2 8 15 4 -3.115 4.801 -1.500
SPIN 2 8 15 5 3.253 -4.306 -2.424
SPIN 2 8 15 6 -0.866 1.578 -5.636
SPIN 2 8 15 7 4.818 3.120 1.430
SPIN 2 8 15 8 -1.367 -5.624 1.223
SPIN 2 8 15 9 -3.061 3.026 -4.059
SPIN 2 8 15 10 -2.979 -3.987 3.199
SPIN 2 8 15 11 1.058 2.584 -5.216
SPIN 2 8 15 12 5.873 0.717 0.001
SPIN 2 8 15 13 -0.409 -4.535 -3.776
SPIN 2 8 15 14 -1.326 4.411 3.713
SPIN 2 8 15 15 -0.617 4.900 -3.258
SPIN 1 9 0 0 3.821 2.297 -3.889
SPIN 1 9 0 1 -3.108 4.389 -2.465
SPIN 1 9 0 2 -2.612 -2.824 -4.495
SPIN 1 9 0 3 1.419 -1.399 -5.570
SPIN 1 9 0 4 3.157 -4.980 0.488
SPIN 1 9 0 5 3.729 -1.276 4.412
SPIN 1 9 0 6 -0.925 4.987 -3.045
SPIN 1 9 0 7 -2.661 -4.650 -2.508
SPIN 1 9 0 8 1.356 -0.290 -5.751
SPIN 1 9 0 9 -1.578 -0.049 -5.701
SPIN 1 9 0 10 3.442 4.785 0.503
SPIN 1 9 0 11 -4.242 -2.383 -3.365
SPIN 1 9 0 12 -4.449 2.029 3.330
SPIN 1 9 0 13 5.320 -2.290 -1.206
SPIN 1 9 0 14 -0.220 -2.234 5.474
SPIN 1 9 0 15 -4.037 -3.929 1.807
SPIN 4 9 0 0 3.649 -4.396 1.536
SPIN 4 9 0 1 -0.246 0.665 -5.873
SPIN 4 9 0 2 3.010 -1.754 4.781
SPIN 4 9 0 3 -5.390 -0.727 -2.328
SPIN 4 9 0 4 -0.475 4.179 4.161
SPIN 4 9 0 5 -5.038 3.071 -0.431
SPIN 4 9 0 6 -2.196 1.984 5.123
SPIN 4 9 0 7 5.263 0.583 2.637
SPIN 4 9 0 8 -2.681 4.664 2.462
SPIN 4 9 0 9 -4.796 -3.403 0.647
SPIN 4 9 0 10 0.399 1.143 5.791
SPIN 4 9 0 11 -5.632 1.812 0.038
SPIN 4 9 0 12 -1.578 -5.557 -1.276
SPIN 4 9 0 13 -1.386 1.376 5.584
SPIN 4 9 0 14 -2.936 5.136 -0.037
SPIN 4 9 0 15 -3.568 0.643 4.675
SPIN 1 9 1 0 -4.066 0.023 4.297
SPIN 1 9 1 1 2.022 5.151 2.094
SPIN 1 9 1 2 5.226 -1.120 2.536
SPIN 1 9 1 3 -2.695 3.590 3.854
SPIN 1 9 1 4 3.271 1.010 -4.825
SPIN 1 9 1 5 0.906 3.800 -4.443
SPIN 1 9 1 6 -5.502 -1.959 0.945
SPIN 1 9 1 7 -1.116 2.199 -5.378
SPIN 1 9 1 8 0.956 -5.836 -0.177
SPIN 1 9 1 9 -1.042 1.548 5.614
SPIN 1 9 1 10 -2.709 0.650 -5.219
SPIN 1 9 1 11 -2.548 -3.747 -3.803
SPIN 1 9 1 12 2.203 4.157 -3.586
SPIN 1 9 1 13 -4.262 -3.986 -0.971
SPIN 1 9 1 14 1.472 3.100 -4.819
SPIN 1 9 1 15 -3.581 1.308 -4.524
SPIN 4 9 1 0 -3.329 4.316 2.300
SPIN 4 9 1 1 2.866 2.321 -4.626
SPIN 4 9 1 2 3.012 -4.339 2.665
SPIN 4 9 1 3 -3.174 2.982 4.004
SPIN 4 9 1 4 -2.358 -5.375 -0.741
SPIN 4 9 1 5 -1.553 4.083 3.989
SPIN 4 9 1 6 4.974 1.327 2.915
SPIN 4 9 1 7 1.620 -4.847 2.981
SPIN 4 9 1 8 -5.625 -0.047 -1.832
SPIN 4 9 1 9 0.598 5.313 2.532
SPIN 4 9 1 10 -5.385 -1.229 2.120
SPIN 4 9 1 11 -3.002 -4.951 -1.213
SPIN 4 9 1 12 2.295 5.084 -1.972
SPIN 4 9 1 13 1.178 -3.811 -4.369
SPIN 4 9 1 14 4.314 -2.675 -3.038
SPIN 4 9 1 15 5.737 -1.425 -0.251
SPIN 1 9 2 0 5.145 -2.514 -1.485
SPIN 1 9 2 1 0.792 0.906 -5.792
SPIN 1 9 2 2 3.249 1.655 -4.659
SPIN 1 9 2 3 -4.638 0.167 3.669
SPIN 1 9 2 4 3.851 -0.537 4.459
SPIN 1 9 2 5 3.119 2.445 -4.393
SPIN 1 9 2 6 5.882 -0.636 -0.016
SPIN 1 9 2 7 -1.767 -1.342 -5.484
SPIN 1 9 2 8 -2.609 3.423 4.059
SPIN 1 9 2 9 5.658 1.605 0.639
SPIN 1 9 2 10 -1.182 2.305 5.319
SPIN 1 9 2 11 3.947 0.448 4.384
SPIN 1 9 2 12 -4.767 1.894 -2.948
SPIN 1 9 2 13 4.347 -0.852 3.921
SPIN 1 9 2 14 -1.106 -5.810 -0.139
SPIN 1 9 2 15 1.638 5.450 1.617
SPIN 4 9 2 0 3.544 -2.177 4.207
SPIN 4 9 2 1 0.346 -5.905 0.105
SPIN 4 9 2 2 -1.504 -3.479 4.543
SPIN 4 9 2 3 -4.580 1.173 -3.556
SPIN 4 9 2 4 -2.264 3.295 4.361
SPIN 4 9 2 5 -5.025 -0.873 2.998
SPIN 4 9 2 6 -0.663 4.408 -3.890
SPIN 4 9 2 7 4.303 -3.621 1.836
SPIN 4 9 2 8 -5.339 -0.418 -2.514
SPIN 4 9 2 9 1.304 -4.696 -3.353
SPIN 4 9 2 10 -5.375 -1.418 -2.025
SPIN 4 9 2 11 -3.457 1.329 -4.614
SPIN 4 9 2 12 0.891 4.704 3.475
SPIN 4 9 2 13 2.266 -2.957 4.596
SPIN 4 9 2 14 -4.987 -3.181 -0.099
SPIN 4 9 2 15 -4.942 1.015 3.089
SPIN 1 9 3 0 2.724 3.183 4.177
SPIN 1 9 3 1 2.891 -1.528 -4.930
SPIN 1 9 3 2 1.703 2.861 4.890
SPIN 1 9 3 3 4.445 -3.324 2.047
SPIN 1 9 3 4 -3.133 -1.317 -4.842
SPIN 1 9 3 5 1.980 1.295 5.422
SPIN 1 9 3 6 3.371 -2.455 -4.196
SPIN 1 9 3 7 -4.966 -2.812 1.558
SPIN 1 9 3 8 2.462 3.427 -4.146
SPIN 1 9 3 9 -1.348 4.294 3.840
SPIN 1 9 3 10 -1.253 5.757 0.541
SPIN 1 9 3 11 -4.520 -3.376 -1.781
SPIN 1 9 3 12 -1.804 0.069 -5.634
SPIN 1 9 3 13 -2.342 -3.069 4.483
SPIN 1 9 3 14 1.403 2.068 -5.363
SPIN 1 9 3 15 -4.428 -3.856 0.725
SPIN 4 9 3 0 4.093 4.257 0.354
SPIN 4 9 3 1 2.023 5.542 -0.436
SPIN 4 9 3 2 -3.273 4.807 1.084
SPIN 4 9 3 3 -2.950 -3.524 3.726
SPIN 4 9 3 4 3.206 2.836 -4.084
SPIN 4 9 3 5 0.034 -5.005 -3.154
SPIN 4 9 3 6 -4.785 -2.679 -2.219
SPIN 4 9 3 7 0.651 -0.453 5.863
SPIN 4 9 3 8 5.864 0.291 -0.731
SPIN 4 9 3 9 -5.703 0.599 1.456
SPIN 4 9 3 10 3.023 -5.050 0.600
SPIN 4 9 3 11 -1.371 -3.845 4.282
SPIN 4 9 3 12 3.781 -3.968 2.227
SPIN 4 9 3 13 -5.025 -2.447 -1.940
SPIN 4 9 3 14 3.065 -5.024 0.602
SPIN 4 9 3 15 -1.363 -2.541 -5.166
SPIN 1 9 4 0 -2.929 3.485 3.778
SPIN 1 9 4 1 -0.782 -3.153 4.944
SPIN 1 9 4 2 1.229 -4.598 3.514
SPIN 1 9 4 3 1.678 5.626 -0.733
SPIN 1 9 4 4 -0.592 5.445 -2.236
SPIN 1 9 4 5 2.253 -4.524 3.076
SPIN 1 9 4 6 -2.439 -0.255 -5.384
SPIN 1 9 4 7 5.042 2.805 -1.307
SPIN 1 9 4 8 -1.262 -3.165 -4.836
SPIN 1 9 4 9 5.285 -2.659 0.024
SPIN 1 9 4 10 -3.976 2.756 -3.406
SPIN 1 9 4 11 -1.506 0.736 5.674
SPIN 1 9 4 12 -0.229 -4.748 3.523
SPIN 1 9 4 13 -3.163 4.572 2.023
SPIN 1 9 4 14 -4.058 -1.785 3.918
SPIN 1 9 4 15 4.399 3.946 -0.281
SPIN 4 9 4 0 -1.443 -4.356 -3.734
SPIN 4 9 4 1 1.274 4.815 -3.193
SPIN 4 9 4 2 -1.509 -4.640 3.346
SPIN 4 9 4 3 1.357 -3.918 -4.220
SPIN 4 9 4 4 4.926 3.072 -1.140
SPIN 4 9 4 5 1.788 0.177 5.637
SPIN 4 9 4 6 -5.395 2.152 -1.125
SPIN 4 9 4 7 2.787 -5.086 -1.170
SPIN 4 9 4 8 1.388 -5.751 0.075
SPIN 4 9 4 9 2.724 -4.648 2.446
SPIN 4 9 4 10 -2.192 1.519 -5.281
SPIN 4 9 4 11 3.085 2.230 4.529
SPIN 4 9 4 12 -4.989 -2.726 -1.636
SPIN 4 9 4 13 4.369 2.027 -3.436
SPIN 4 9 4 14 -4.676 0.363 3.606
SPIN 4 9 4 15 4.702 -1.164 -3.397
SPIN 1 9 5 0 3.867 -4.022 -1.966
SPIN 1 9 5 1 2.352 -1.545 -5.204
SPIN 1 9 5 2 -1.905 -5.045 -2.432
SPIN 1 9 5 3 0.518 5.247 2.684
SPIN 1 9 5 4 0.458 -5.800 -1.070
SPIN 1 9 5 5 -3.172 4.300 -2.540
SPIN 1 9 5 6 0.673 -5.258 2.628
SPIN 1 9 5 7 2.221 1.461 5.285
SPIN 1 9 5 8 -1.976 -5.001 2.466
SPIN 1 9 5 9 -3.327 4.432 2.072
SPIN 1 9 5 10 1.800 -4.780 -2.986
SPIN 1 9 5 11 -3.375 -4.449 -1.953
SPIN 1 9 5 12 -1.231 3.587 4.541
SPIN 1 9 5 13 4.554 3.776 -0.051
SPIN 1 9 5 14 -4.825 0.967 -3.284
SPIN 1 9 5 15 -4.991 -2.664 -1.731
SPIN 4 9 5 0 -1.420 3.496 4.557
SPIN 4 9 5 1 1.415 4.674 3.339
SPIN 4 9 5 2 -3.096 3.748 -3.372
SPIN 4 9 5 3 -0.819 5.774 -0.995
SPIN 4 9 5 4 -3.597 -4.030 -2.413
SPIN 4 9 5 5 2.476 2.543 4.733
SPIN 4 9 5 6 -5.646 1.763 0.100
SPIN 4 9 5 7 -3.301 2.938 3.933
SPIN 4 9 5 8 4.327 -0.047 4.034
SPIN 4 9 5 9 1.447 5.132 -2.563
SPIN 4 9 5 10 4.111 -4.028 1.367
SPIN 4 9 5 11 -2.185 5.434 0.835
SPIN 4 9 5 12 5.186 2.589 1.185
SPIN 4 9 5 13 -5.218 -1.751 2.170
SPIN 4 9 5 14 5.466 2.018 1.022
SPIN 4 9 5 15 -0.823 -4.945 -3.142
SPIN 1 9 6 0 5.116 2.536 -1.547
SPIN 1 9 6 1 -4.176 0.246 -4.184
SPIN 1 9 6 2 -1.823 -0.334 5.618
SPIN 1 9 6 3 -3.810 -1.331 4.326
SPIN 1 9 6 4 5.865 0.319 0.706
SPIN 1 9 6 5 0.465 -0.941 -5.822
SPIN 1 9 6 6 2.789 0.284 5.210
SPIN 1 9 6 7 -3.824 -4.379 1.098
SPIN 1 9 6 8 5.882 0.452 -0.439
SPIN 1 9 6 9 -3.543 -3.169 3.521
SPIN 1 9 6 10 -0.093 5.265 -2.697
SPIN 1 9 6 11 0.088 5.850 -0.875
SPIN 1 9 6 12 1.732 -5.602 0.788
SPIN 1 9 6 13 -2.643 -2.666 -4.572
SPIN 1 9 6 14 3.132 4.770 1.560
SPIN 1 9 6 15 0.917 -5.379 2.286
SPIN 4 9 6 0 3.378 4.253 -2.345
SPIN 4 9 6 1 0.685 -2.027 5.516
SPIN 4 9 6 2 1.248 -0.115 -5.782
SPIN 4 9 6 3 0.722 4.493 3.781
SPIN 4 9 6 4 3.980 3.573 2.529
SPIN 4 9 6 5 -1.455 -4.242 -3.858
SPIN 4 9 6 6 1.551 -0.456 -5.691
SPIN 4 9 6 7 -4.781 -3.261 1.229
SPIN 4 9 6 8 2.222 -3.377 -4.320
SPIN 4 9 6 9 -3.888 -1.164 4.305
SPIN 4 9 6 10 -5.156 1.884 2.206
SPIN 4 9 6 11 1.288 -1.640 -5.536
SPIN 4 9 6 12 -3.980 -4.295 0.847
SPIN 4 9 6 13 1.034 -4.208 -4.027
SPIN 4 9 6 14 -3.581 3.043 -3.593
SPIN 4 9 6 15 1.199 -5.793 -0.063
SPIN 1 9 7 0 -2.821 0.660 -5.158
SPIN 1 9 7 1 5.884 0.407 0.466
SPIN 1 9 7 2 0.759 -5.669 -1.512
SPIN 1 9 7 3 1.826 5.606 -0.490
SPIN 1 9 7 4 -5.684 1.633 0.170
SPIN 1 9 7 5 -4.058 -3.550 2.435
SPIN 1 9 7 6 0.995 -1.438 5.652
SPIN 1 9 7 7 -0.412 4.979 -3.169
SPIN 1 9 7 8 1.205 -5.768 0.532
SPIN 1 9 7 9 5.175 1.423 -2.488
SPIN 1 9 7 10 0.397 -5.842 0.841
SPIN 1 9 7 11 5.178 -0.106 2.860
SPIN 1 9 7 12 -2.050 -4.285 -3.526
SPIN 1 9 7 13 5.465 -1.375 1.800
SPIN 1 9 7 14 -3.718 3.963 2.340
SPIN 1 9 7 15 -5.339 -2.536 0.259
SPIN 4 9 7 0 5.296 0.369 -2.611
SPIN 4 9 7 1 -3.651 -4.480 -1.266
SPIN 4 9 7 2 3.479 4.709 0.846
SPIN 4 9 7 3 -4.649 -3.317 -1.543
SPIN 4 9 7 4 3.077 5.005 0.697
SPIN 4 9 7 5 0.893 -3.611 -4.600
SPIN 4 9 7 6 -5.015 -2.340 -2.092
SPIN 4 9 7 7 1.296 -1.976 -5.424
SPIN 4 9 7 8 -3.141 3.556 3.534
SPIN 4 9 7 9 1.065 -3.165 -4.883
SPIN 4 9 7 10 4.423 -3.365 2.029
SPIN 4 9 7 11 -5.128 -2.132 2.039
SPIN 4 9 7 12 3.891 -2.978 -3.316
SPIN 4 9 7 13 -4.759 1.952 -2.922
SPIN 4 9 7 14 1.856 -5.395 1.567
SPIN 4 9 7 15 2.905 4.107 -3.113
SPIN 1 9 8 0 -4.547 2.496 2.845
SPIN 1 9 8 1 2.941 -4.859 -1.656
SPIN 1 9 8 2 5.910 -0.253 0.068
SPIN 1 9 8 3 1.764 4.405 -3.533
SPIN 1 9 8 4 1.042 2.261 -5.367
SPIN 1 9 8 5 4.967 -3.178 -0.479
SPIN 1 9 8 6 -2.531 1.308 -5.185
SPIN 1 9 8 7 0.671 -0.693 5.837
SPIN 1 9 8 8 -0.433 -3.611 4.666
SPIN 1 9 8 9 -2.390 -5.410 -0.150
SPIN 1 9 8 10 -2.428 4.469 -3.022
SPIN 1 9 8 11 -1.045 2.599 5.211
SPIN 1 9 8 12 0.939 5.819 -0.507
SPIN 1 9 8 13 -3.513 2.474 4.067
SPIN 1 9 8 14 5.217 0.459 -2.751
SPIN 1 9 8 15 -1.219 -5.764 -0.542
SPIN 4 9 8 0 -5.742 -1.211 0.748
SPIN 4 9 8 1 -2.978 3.590 3.639
SPIN 4 9 8 2 -3.351 -3.596 -3.293
SPIN 4 9 8 3 3.890 4.424 0.544
SPIN 4 9 8 4 -1.820 -5.610 -0.460
SPIN 4 9 8 5 3.865 -4.416 -0.748
SPIN 4 9 8 6 -0.115 1.822 5.627
SPIN 4 9 8 7 4.322 3.057 -2.640
SPIN 4 9 8 8 4.558 -2.943 2.358
SPIN 4 9 8 9 -4.808 -2.678 2.171
SPIN 4 9 8 10 3.794 0.280 4.531
SPIN 4 9 8 11 0.284 -4.110 4.245
SPIN 4 9 8 12 2.428 2.314 4.873
SPIN 4 9 8 13 -2.769 -5.155 0.867
SPIN 4 9 8 14 -0.211 -1.420 -5.739
SPIN 4 9 8 15 2.850 0.589 5.151
SPIN 1 9 9 0 -2.818 3.131 -4.154
SPIN 1 9 9 1 -5.425 1.167 -2.052
SPIN 1 9 9 2 -5.149 -2.084 2.036
SPIN 1 9 9 3 -1.475 2.333 -5.233
SPIN 1 9 9 4 -2.275 -0.262 5.455
SPIN 1 9 9 5 -2.162 -4.772 -2.749
SPIN 1 9 9 6 5.391 -2.260 0.913
SPIN 1 9 9 7 0.915 5.838 -0.291
SPIN 1 9 9 8 -1.765 3.547 -4.394
SPIN 1 9 9 9 1.717 5.302 1.984
SPIN 1 9 9 10 0.785 3.796 -4.469
SPIN 1 9 9 11 -1.923 5.092 2.320
SPIN 1 9 9 12 5.734 1.222 -0.791
SPIN 1 9 9 13 -3.214 -0.047 4.966
SPIN 1 9 9 14 5.159 -2.009 -2.085
SPIN 1 9 9 15 5.033 1.783 2.548
SPIN 4 9 9 0 4.840 1.618 -2.992
SPIN 4 9 9 1 -3.078 0.425 5.034
SPIN 4 9 9 2 4.108 -0.465 -4.232
SPIN 4 9 9 3 1.607 5.486 1.525
SPIN 4 9 9 4 -2.345 -2.529 -4.807
SPIN 4 9 9 5 3.098 3.590 -3.538
SPIN 4 9 9 6 -3.933 4.059 -1.748
SPIN 4 9 9 7 0.928 -5.228 2.609
SPIN 4 9 9 8 -0.296 -0.191 -5.906
SPIN 4 9 9 9 -4.056 3.721 -2.169
SPIN 4 9 9 10 -5.518 2.119 -0.241
SPIN 4 9 9 11 -3.674 -3.817 2.632
SPIN 4 9 9 12 -2.154 -0.668 -5.469
SPIN 4 9 9 13 -4.551 0.532 -3.742
SPIN 4 9 9 14 -3.931 4.164 -1.484
SPIN 4 9 9 15 5.079 -0.510 2.990
SPIN 1 9 10 0 -0.564 5.883 0.260
SPIN 1 9 10 1 4.528 -3.775 0.492
SPIN 1 9 10 2 -2.332 -5.402 -0.614
SPIN 1 9 10 3 0.306 1.007 5.822
SPIN 1 9 10 4 1.246 -1.355 5.623
SPIN 1 9 10 5 2.732 4.152 -3.209
SPIN 1 9 10 6 2.277 -4.327 -3.330
SPIN 1 9 10 7 3.785 4.540 0.251
SPIN 1 9 10 8 5.908 -0.268 0.143
SPIN 1 9 10 9 -1.521 -4.643 3.336
SPIN 1 9 10 10 0.470 3.590 -4.679
SPIN 1 9 10 11 0.965 2.603 -5.224
SPIN 1 9 10 12 5.391 -0.039 2.436
SPIN 1 9 10 13 -5.463 0.454 -2.224
SPIN 1 9 10 14 -1.513 -2.785 -4.995
SPIN 1 9 10 15 -1.785 -1.596 -5.410
SPIN 4 9 10 0 -4.567 -1.104 3.594
SPIN 4 9 10 1 -5.021 -0.001 -3.129
SPIN 4 9 10 2 -1.221 2.801 -5.066
SPIN 4 9 10 3 2.481 -2.842 -4.557
SPIN 4 9 10 4 -0.751 2.915 -5.093
SPIN 4 9 10 5 -3.246 -4.926 0.445
SPIN 4 9 10 6 0.186 -1.492 5.722
SPIN 4 9 10 7 0.279 3.609 -4.679
SPIN 4 9 10 8 3.066 4.919 -1.185
SPIN 4 9 10 9 1.654 -4.879 -2.909
SPIN 4 9 10 10 3.505 4.751 -0.383
SPIN 4 9 10 11 -1.122 3.556 4.593
SPIN 4 9 10 12 -4.703 2.154 2.871
SPIN 4 9 10 13 3.828 -1.185 -4.352
SPIN 4 9 10 14 0.911 0.429 5.830
SPIN 4 9 10 15 4.354 2.079 -3.424
SPIN 1 9 11 0 3.948 3.840 2.161
SPIN 1 9 11 1 3.749 -2.421 -3.884
SPIN 1 9 11 2 0.297 -4.895 -3.309
SPIN 1 9 11 3 -3.624 -1.760 4.332
SPIN 1 9 11 4 1.757 -5.512 -1.239
SPIN 1 9 11 5 -4.137 0.032 4.229
SPIN 1 9 11 6 -2.493 -5.245 -1.130
SPIN 1 9 11 7 -0.447 -1.295 5.755
SPIN 1 9 11 8 -4.498 -2.211 3.143
SPIN 1 9 11 9 4.580 -0.147 3.741
SPIN 1 9 11 10 0.138 -1.890 5.604
SPIN 1 9 11 11 -3.410 -3.986 -2.736
SPIN 1 9 11 12 3.529 3.432 3.282
SPIN 1 9 11 13 5.213 2.793 -0.157
SPIN 1 9 11 14 -4.580 2.794 -2.494
SPIN 1 9 11 15 0.569 4.824 -3.377
SPIN 4 9 11 0 -0.808 4.483 -3.775
SPIN 4 9 11 1 -3.818 1.789 4.150
SPIN 4 9 11 2 -4.803 1.429 -3.145
SPIN 4 9 11 3 -2.639 -2.684 4.564
SPIN 4 9 11 4 5.560 -0.316 1.997
SPIN 4 9 11 5 -1.939 2.065 -5.194
SPIN 4 9 11 6 3.969 0.153 -4.384
SPIN 4 9 11 7 5.076 1.386 2.704
SPIN 4 9 11 8 -1.957 -4.053 3.840
SPIN 4 9 11 9 -1.771 3.078 -4.732
SPIN 4 9 11 10 -5.449 -0.768 -2.172
SPIN 4 9 11 11 0.355 -3.623 -4.663
SPIN 4 9 11 12 5.076 -2.760 1.271
SPIN 4 9 11 13 -2.517 -4.385 -3.072
SPIN 4 9 11 14 -3.592 0.703 4.648
SPIN 4 9 11 15 -2.093 5.355 1.396
SPIN 1 9 12 0 -1.124 1.655 -5.567
SPIN 1 9 12 1 -4.666 -3.534 0.858
SPIN 1 9 12 2 3.889 4.443 0.373
SPIN 1 9 12 3 4.190 -2.862 -3.042
SPIN 1 9 12 4 -2.262 0.302 5.458
SPIN 1 9 12 5 3.532 -2.892 3.763
SPIN 1 9 12 6 -0.603 -5.761 -1.202
SPIN 1 9 12 7 -4.222 4.136 0.264
SPIN 1 9 12 8 2.009 2.407 5.017
SPIN 1 9 12 9 -2.303 0.431 -5.432
SPIN 1 9 12 10 -1.445 -0.699 -5.694
SPIN 1 9 12 11 -0.584 0.849 5.826
SPIN 1 9 12 12 0.730 -5.871 0.054
SPIN 1 9 12 13 -4.719 3.445 -0.932
SPIN 1 9 12 14 1.910 -5.486 1.123
SPIN 1 9 12 15 -0.150 -5.903 -0.361
SPIN 4 9 12 0 5.671 -1.682 0.118
SPIN 4 9 12 1 3.397 -4.796 0.676
SPIN 4 9 12 2 -5.578 1.889 -0.565
SPIN 4 9 12 3 5.489 -2.147 -0.510
SPIN 4 9 12 4 -4.619 0.659 3.637
SPIN 4 9 12 5 5.254 1.284 2.398
SPIN 4 9 12 6 5.653 -0.772 -1.565
SPIN 4 9 12 7 2.650 3.029 -4.336
SPIN 4 9 12 8 -1.361 -1.338 -5.600
SPIN 4 9 12 9 3.462 4.731 0.796
SPIN 4 9 12 10 -5.789 1.075 0.580
SPIN 4 9 12 11 5.735 -1.414 0.332
SPIN 4 9 12 12 -1.012 2.798 -5.114
SPIN 4 9 12 13 2.475 2.995 4.461
SPIN 4 9 12 14 0.610 -2.380 -5.382
SPIN 4 9 12 15 1.222 -4.777 3.269
SPIN 1 9 13 0 -0.430 -5.402 -2.373
SPIN 1 9 13 1 -0.785 3.523 -4.688
SPIN 1 9 13 2 -2.290 -4.578 2.966
SPIN 1 9 13 3 3.818 3.773 2.487
SPIN 1 9 13 4 0.871 2.125 -5.452
SPIN 1 9 13 5 2.967 0.671 5.074
SPIN 1 9 13 6 -2.065 -3.145 -4.565
SPIN 1 9 13 7 -5.478 0.009 -2.235
SPIN 1 9 13 8 2.881 3.844 3.452
SPIN 1 9 13 9 -2.268 0.872 -5.394
SPIN 1 9 13 10 -3.957 3.856 2.117
SPIN 1 9 13 11 2.143 -5.316 -1.464
SPIN 1 9 13 12 -1.657 3.187 4.701
SPIN 1 9 13 13 -0.565 -5.871 0.465
SPIN 1 9 13 14 -4.627 -1.659 3.292
SPIN 1 9 13 15 -2.317 5.372 -0.879
SPIN 4 9 13 0 -0.174 -1.750 5.649
SPIN 4 9 13 1 -4.018 0.979 4.231
SPIN 4 9 13 2 0.095 1.826 -5.626
SPIN 4 9 13 3 -4.216 -3.998 1.115
SPIN 4 9 13 4 1.548 2.318 5.218
SPIN 4 9 13 5 -4.119 3.012 -2.994
SPIN 4 9 13 6 -0.574 5.454 -2.218
SPIN 4 9 13 7 -2.069 -5.521 -0.487
SPIN 4 9 13 8 -1.489 5.690 0.637
SPIN 4 9 13 9 5.288 -2.167 1.531
SPIN 4 9 13 10 -0.657 -5.447 -2.214
SPIN 4 9 13 11 -3.862 1.580 -4.194
SPIN 4 9 13 12 5.382 -2.331 0.771
SPIN 4 9 13 13 0.218 -1.550 -5.705
SPIN 4 9 13 14 2.628 5.290 0.325
SPIN 4 9 13 15 3.526 -4.682 -0.807
SPIN 1 9 14 0 -4.417 3.533 1.733
SPIN 1 9 14 1 -4.062 0.202 -4.296
SPIN 1 9 14 2 -1.082 1.842 -5.517
SPIN 1 9 14 3 -5.239 -2.748 0.008
SPIN 1 9 14 4 -4.159 4.199 -0.259
SPIN 1 9 14 5 5.480 0.077 -2.227
SPIN 1 9 14 6 5.038 -1.502 2.713
SPIN 1 9 14 7 -1.794 5.584 0.773
SPIN 1 9 14 8 1.863 2.902 -4.807
SPIN 1 9 14 9 4.493 3.831 0.370
SPIN 1 9 14 10 -5.506 2.141 0.327
SPIN 1 9 14 11 0.321 -5.341 2.524
SPIN 1 9 14 12 3.628 4.467 -1.371
SPIN 1 9 14 13 -4.056 2.827 3.249
SPIN 1 9 14 14 -4.162 2.924 3.022
SPIN 1 9 14 15 3.365 -4.617 -1.535
SPIN 4 9 14 0 -0.976 -4.279 -3.967
SPIN 4 9 14 1 4.814 2.704 -2.125
SPIN 4 9 14 2 -0.645 0.530 5.857
SPIN 4 9 14 3 5.795 0.467 1.097
SPIN 4 9 14 4 0.484 -1.103 -5.792
SPIN 4 9 14 5 -5.623 0.602 -1.737
SPIN 4 9 14 6 5.265 -0.403 2.668
SPIN 4 9 14 7 2.657 -0.270 5.279
SPIN 4 9 14 8 0.658 2.523 5.311
SPIN 4 9 14 9 4.425 2.335 3.158
SPIN 4 9 14 10 -3.043 0.830 -5.005
SPIN 4 9 14 11 -1.732 5.156 2.327
SPIN 4 9 14 12 -5.523 -0.342 -2.092
SPIN 4 9 14 13 5.509 -0.721 2.032
SPIN 4 9 14 14 -2.615 -0.233 -5.302
SPIN 4 9 14 15 0.847 5.520 -1.952
SPIN 1 9 15 0 -5.572 -1.035 1.698
SPIN 1 9 15 1 3.586 -4.207 2.109
SPIN 1 9 15 2 4.222 -0.072 4.144
SPIN 1 9 15 3 -5.255 2.598 -0.794
SPIN 1 9 15 4 -4.964 -0.758 3.127
SPIN 1 9 15 5 -2.151 -4.437 3.269
SPIN 1 9 15 6 -5.522 1.490 1.514
SPIN 1 9 15 7 0.530 5.748 -1.297
SPIN 1 9 15 8 -3.635 -4.383 1.606
SPIN 1 9 15 9 -2.090 3.498 4.289
SPIN 1 9 15 10 4.109 3.207 2.798
SPIN 1 9 15 11 -4.416 3.927 -0.288
SPIN 1 9 15 12 4.803 -3.223 -1.241
SPIN 1 9 15 13 3.009 5.081 0.360
SPIN 1 9 15 14 2.069 4.729 -2.891
SPIN 1 9 15 15 -0.804 3.760 4.496
SPIN 4 9 15 0 5.006 3.153 -0.040
SPIN 4 9 15 1 -5.355 0.476 2.470
SPIN 4 9 15 2 2.040 0.373 5.541
SPIN 4 9 15 3 5.714 -0.519 -1.442
SPIN 4 9 15 4 -4.530 3.727 0.766
SPIN 4 9 15 5 5.606 1.577 -1.042
SPIN 4 9 15 6 1.655 -5.046 -2.608
SPIN 4 9 15 7 0.278 0.472 -5.891
SPIN 4 9 15 8 1.509 -3.839 4.241
SPIN 4 9 15 9 -5.202 -0.389 -2.791
SPIN 4 9 15 10 1.579 -0.780 5.648
SPIN 4 9 15 11 2.219 -4.434 3.227
SPIN 4 9 15 12 -2.335 5.370 0.844
SPIN 4 9 15 13 -0.826 -3.517 -4.685
SPIN 4 9 15 14 1.772 -0.976 5.560
SPIN 4 9 15 15 0.422 -5.889 0.373
SPIN 3 9 0 0 0.458 -4.586 3.709
SPIN 3 9 0 1 -5.586 1.908 0.397
SPIN 3 9 0 2 -2.537 -0.725 -5.295
SPIN 3 9 0 3 -4.294 1.339 3.843
SPIN 3 9 0 4 5.566 1.092 1.681
SPIN 3 9 0 5 -5.622 -0.750 -1.682
SPIN 3 9 0 6 4.187 3.909 1.480
SPIN 3 9 0 7 -2.046 4.612 -3.090
SPIN 3 9 0 8 5.242 0.434 2.709
SPIN 3 9 0 9 -3.665 -3.720 -2.781
SPIN 3 9 0 10 4.152 -0.441 4.192
SPIN 3 9 0 11 -1.152 4.739 -3.348
SPIN 3 9 0 12 3.977 -4.091 1.564
SPIN 3 9 0 13 -1.848 1.245 -5.480
SPIN 3 9 0 14 2.745 -3.068 -4.249
SPIN 3 9 0 15 4.876 1.133 3.153
SPIN 2 9 0 0 -1.534 5.198 2.372
SPIN 2 9 0 1 4.920 2.805 -1.712
SPIN 2 9 0 2 1.739 -5.650 0.222
SPIN 2 9 0 3 5.542 -0.025 -2.070
SPIN 2 9 0 4 -0.455 3.266 -4.912
SPIN 2 9 0 5 4.820 -1.030 3.272
SPIN 2 9 0 6 2.068 0.627 -5.507
SPIN 2 9 0 7 4.889 -1.409 3.018
SPIN 2 9 0 8 -5.437 -0.547 2.266
SPIN 2 9 0 9 -4.845 0.310 -3.381
SPIN 2 9 0 10 5.339 2.518 -0.398
SPIN 2 9 0 11 -5.747 1.233 0.671
SPIN 2 9 0 12 -4.478 1.036 -3.725
SPIN 2 9 0 13 4.758 3.505 -0.282
SPIN 2 9 0 14 -4.291 3.464 2.142
SPIN 2 9 0 15 0.824 -3.437 -4.744
SPIN 3 9 1 0 3.613 -4.681 0.198
SPIN 3 9 1 1 -4.653 -2.438 2.721
SPIN 3 9 1 2 5.378 2.376 0.656
SPIN 3 9 1 3 -0.678 5.726 1.325
SPIN 3 9 1 4 -3.867 -1.821 4.090
SPIN 3 9 1 5 -1.591 -1.403 5.523
SPIN 3 9 1 6 -5.734 0.903 1.145
SPIN 3 9 1 7 0.347 -3.898 -4.436
SPIN 3 9 1 8 3.838 4.216 1.579
SPIN 3 9 1 9 -3.313 -4.532 1.868
SPIN 3 9 1 10 -2.454 -2.553 -4.739
SPIN 3 9 1 11 3.918 -3.086 3.182
SPIN 3 9 1 12 -3.194 -0.091 -4.979
SPIN 3 9 1 13 5.429 -0.284 2.334
SPIN 3 9 1 14 -3.602 3.292 -3.345
SPIN 3 9 1 15 -2.324 -1.281 -5.288
SPIN 2 9 1 0 1.267 -4.709 -3.350
SPIN 2 9 1 1 0.682 -4.837 3.337
SPIN 2 9 1 2 3.319 3.510 3.415
SPIN 2 9 1 3 -2.323 -5.299 -1.235
SPIN 2 9 1 4 1.607 2.189 5.256
SPIN 2 9 1 5 5.162 -1.478 -2.485
SPIN 2 9 1 6 -2.415 -1.099 -5.288
SPIN 2 9 1 7 -0.429 5.897 0.213
SPIN 2 9 1 8 -1.476 0.917 -5.655
SPIN 2 9 1 9 2.658 0.985 5.193
SPIN 2 9 1 10 1.664 -0.625 5.643
SPIN 2 9 1 11 -2.183 0.664 -5.458
SPIN 2 9 1 12 -3.375 4.502 1.828
SPIN 2 9 1 13 -3.482 0.590 4.746
SPIN 2 9 1 14 -0.399 5.585 -1.910
SPIN 2 9 1 15 2.103 0.480 5.509
SPIN 3 9 2 0 -5.083 -2.338 1.924
SPIN 3 9 2 1 1.013 4.023 -4.218
SPIN 3 9 2 2 -2.414 -5.025 -1.979
SPIN 3 9 2 3 2.240 2.430 -4.907
SPIN 3 9 2 4 0.425 5.765 1.260
SPIN 3 9 2 5 -5.033 -1.765 2.559
SPIN 3 9 2 6 -0.351 2.966 5.107
SPIN 3 9 2 7 -2.615 0.221 -5.302
SPIN 3 9 2 8 1.279 -4.463 3.667
SPIN 3 9 2 9 3.512 4.524 1.485
SPIN 3 9 2 10 -4.520 3.171 -2.125
SPIN 3 9 2 11 -1.455 -3.333 4.666
SPIN 3 9 2 12 5.757 1.278 0.473
SPIN 3 9 2 13 -4.386 3.209 2.338
SPIN 3 9 2 14 -2.275 -5.397 -0.836
SPIN 3 9 2 15 3.606 2.679 3.850
SPIN 2 9 2 0 1.311 3.195 4.804
SPIN 2 9 2 1 -4.399 2.151 -3.320
SPIN 2 9 2 2 -1.327 -5.673 -1.029
SPIN 2 9 2 3 -1.756 1.340 -5.488
SPIN 2 9 2 4 5.750 0.269 -1.364
SPIN 2 9 2 5 -1.392 -4.766 -3.216
SPIN 2 9 2 6 4.254 -0.750 4.042
SPIN 2 9 2 7 -0.723 -5.361 2.396
SPIN 2 9 2 8 3.459 4.795 0.217
SPIN 2 9 2 9 -3.722 -2.316 3.973
SPIN 2 9 2 10 -1.254 -5.694 1.000
SPIN 2 9 2 11 1.298 2.851 -5.019
SPIN 2 9 2 12 0.644 -5.347 -2.448
SPIN 2 9 2 13 -1.099 -5.782 0.605
SPIN 2 9 2 14 2.792 -3.539 3.831
SPIN 2 9 2 15 -4.564 -3.224 1.943
SPIN 3 9 3 0 -1.159 5.113 -2.742
SPIN 3 9 3 1 -1.500 -4.343 3.726
SPIN 3 9 3 2 -4.594 0.779 -3.646
SPIN 3 9 3 3 -3.805 0.843 4.451
SPIN 3 9 3 4 0.484 4.834 3.377
SPIN 3 9 3 5 3.477 -4.182 2.328
SPIN 3 9 3 6 -0.569 4.725 -3.514
SPIN 3 9 3 7 -1.658 4.701 3.186
SPIN 3 9 3 8 -3.004 -2.136 4.628
SPIN 3 9 3 9 5.820 -0.825 0.667
SPIN 3 9 3 10 -3.641 -0.820 -4.591
SPIN 3 9 3 11 0.851 4.394 -3.869
SPIN 3 9 3 12 -2.345 -3.392 4.242
SPIN 3 9 3 13 0.384 -5.413 2.356
SPIN 3 9 3 14 -4.203 1.185 3.992
SPIN 3 9 3 15 0.925 -5.842 0.143
SPIN 2 9 3 0 1.714 0.342 -5.652
SPIN 2 9 3 1 5.136 2.119 2.033
SPIN 2 9 3 2 -3.409 0.417 -4.817
SPIN 2 9 3 3 5.002 -3.128 0.445
SPIN 2 9 3 4 0.599 3.536 4.705
SPIN 2 9 3 5 -4.724 1.788 -3.080
SPIN 2 9 3 6 -2.569 -2.036 -4.925
SPIN 2 9 3 7 -1.528 -5.501 1.551
SPIN 2 9 3 8 0.007 -5.813 1.100
SPIN 2 9 3 9 0.091 5.042 3.094
SPIN 2 9 3 10 -2.235 5.257 -1.539
SPIN 2 9 3 11 -0.887 -5.556 1.830
SPIN 2 9 3 12 5.529 0.290 -2.085
SPIN 2 9 3 13 -2.080 5.519 0.465
SPIN 2 9 3 14 -2.269 -4.705 2.778
SPIN 2 9 3 15 -2.352 5.418 -0.346
SPIN 3 9 4 0 -3.296 -0.747 4.856
SPIN 3 9 4 1 -0.727 -4.570 -3.685
SPIN 3 9 4 2 5.559 1.430 1.431
SPIN 3 9 4 3 3.645 4.263 1.881
SPIN 3 9 4 4 -0.202 -5.391 -2.429
SPIN 3 9 4 5 0.743 5.041 3.006
SPIN 3 9 4 6 5.368 0.746 -2.373
SPIN 3 9 4 7 3.697 4.465 1.181
SPIN 3 9 4 8 1.689 0.092 5.669
SPIN 3 9 4 9 -4.816 2.910 -1.828
SPIN 3 9 4 10 2.639 -3.038 -4.337
SPIN 3 9 4 11 -2.903 -4.001 3.250
SPIN 3 9 4 12 2.711 -4.263 -3.078
SPIN 3 9 4 13 -2.312 -5.423 0.496
SPIN 3 9 4 14 -5.301 2.110 1.564
SPIN 3 9 4 15 -4.262 3.930 1.178
SPIN 2 9 4 0 1.362 -4.398 3.715
SPIN 2 9 4 1 -5.813 0.102 -1.096
SPIN 2 9 4 2 2.437 5.281 1.083
SPIN 2 9 4 3 -1.484 -4.592 3.423
SPIN 2 9 4 4 -0.371 2.402 5.394
SPIN 2 9 4 5 5.717 -1.195 -0.942
SPIN 2 9 4 6 2.095 0.093 -5.532
SPIN 2 9 4 7 -2.689 -5.078 -1.407
SPIN 2 9 4 8 -3.715 4.342 -1.531
SPIN 2 9 4 9 0.734 -5.594 1.781
SPIN 2 9 4 10 1.462 2.011 -5.368
SPIN 2 9 4 11 5.332 2.332 -1.065
SPIN 2 9 4 12 -5.051 -3.067 -0.279
SPIN 2 9 4 13 5.683 -1.639 0.136
SPIN 2 9 4 14 2.710 4.604 2.543
SPIN 2 9 4 15 3.205 2.074 -4.519
SPIN 3 9 5 0 3.953 0.338 4.389
SPIN 3 9 5 1 -5.829 0.115 -1.006
SPIN 3 9 5 2 1.656 4.371 -3.626
SPIN 3 9 5 3 -3.117 1.640 -4.754
SPIN 3 9 5 4 3.422 -2.177 4.307
SPIN 3 9 5 5 -1.438 -3.270 -4.716
SPIN 3 9 5 6 2.341 -3.990 3.688
SPIN 3 9 5 7 1.860 4.572 3.261
SPIN 3 9 5 8 0.801 4.336 -3.944
SPIN 3 9 5 9 1.877 -0.815 -5.551
SPIN 3 9 5 10 -5.645 -1.484 0.964
SPIN 3 9 5 11 -5.727 0.168 1.473
SPIN 3 9 5 12 4.581 -3.381 1.607
SPIN 3 9 5 13 -1.752 -4.171 -3.812
SPIN 3 9 5 14 -4.780 0.719 -3.410
SPIN 3 9 5 15 0.970 -3.867 4.371
SPIN 2 9 5 0 2.364 5.290 1.197
SPIN 2 9 5 1 4.031 -3.320 2.779
SPIN 2 9 5 2 -3.147 4.907 1.008
SPIN 2 9 5 3 5.903 0.079 0.385
SPIN 2 9 5 4 -4.534 1.877 3.304
SPIN 2 9 5 5 -5.089 -1.902 2.342
SPIN 2 9 5 6 2.557 -3.697 -3.846
SPIN 2 9 5 7 3.175 1.999 -4.574
SPIN 2 9 5 8 -2.026 -1.628 -5.315
SPIN 2 9 5 9 -3.527 -3.743 -2.925
SPIN 2 9 5 10 0.553 -0.781 5.838
SPIN 2 9 5 11 2.370 -1.492 -5.211
SPIN 2 9 5 12 5.024 -2.893 1.180
SPIN 2 9 5 13 1.051 -5.218 -2.582
SPIN 2 9 5 14 2.742 4.288 3.015
SPIN 2 9 5 15 -5.136 0.047 -2.936
SPIN 3 9 6 0 -2.955 -4.950 -1.327
SPIN 3 9 6 1 4.588 -0.689 -3.670
SPIN 3 9 6 2 -2.336 3.900 3.787
SPIN 3 9 6 3 4.454 3.322 -2.032
SPIN 3 9 6 4 -3.779 0.240 -4.546
SPIN 3 9 6 5 -1.420 0.951 5.664
SPIN 3 9 6 6 3.206 -4.965 -0.260
SPIN 3 9 6 7 1.518 -5.449 -1.734
SPIN 3 9 6 8 3.801 0.978 -4.427
SPIN 3 9 6 9 -1.480 5.724 0.215
SPIN 3 9 6 10 2.870 -1.952 -4.791
SPIN 3 9 6 11 5.454 -1.129 1.995
SPIN 3 9 6 12 -0.828 5.814 0.716
SPIN 3 9 6 13 3.132 0.834 4.949
SPIN 3 9 6 14 -3.665 -1.138 4.502
SPIN 3 9 6 15 0.990 3.461 -4.695
SPIN 2 9 6 0 -5.040 -3.075 0.377
SPIN 2 9 6 1 0.794 -3.697 -4.550
SPIN 2 9 6 2 0.922 5.333 -2.390
SPIN 2 9 6 3 -3.959 1.108 4.254
SPIN 2 9 6 4 2.822 -1.504 4.978
SPIN 2 9 6 5 3.394 4.597 1.533
SPIN 2 9 6 6 -3.582 -3.605 3.028
SPIN 2 9 6 7 -4.467 -1.105 3.719
SPIN 2 9 6 8 -0.165 4.862 3.366
SPIN 2 9 6 9 1.554 -2.552 5.106
SPIN 2 9 6 10 4.644 3.161 -1.855
SPIN 2 9 6 11 -5.597 0.107 -1.913
SPIN 2 9 6 12 5.619 -1.851 -0.017
SPIN 2 9 6 13 -0.177 0.625 5.880
SPIN 2 9 6 14 -2.586 1.076 -5.211
SPIN 2 9 6 15 4.591 -3.719 0.308
SPIN 3 9 7 0 0.961 5.701 -1.255
SPIN 3 9 7 1 -1.476 2.910 4.935
SPIN 3 9 7 2 2.432 -4.494 -2.981
SPIN 3 9 7 3 -5.213 -1.044 2.596
SPIN 3 9 7 4 -5.473 -2.086 -0.838
SPIN 3 9 7 5 -4.854 -1.449 -3.056
SPIN 3 9 7 6 4.881 -1.829 -2.798
SPIN 3 9 7 7 -3.329 3.089 3.792
SPIN 3 9 7 8 3.275 0.290 4.919
SPIN 3 9 7 9 -0.423 1.538 5.697
SPIN 3 9 7 10 -5.374 -2.474 -0.050
SPIN 3 9 7 11 -3.500 3.843 -2.826
SPIN 3 9 7 12 1.860 -4.804 2.909
SPIN 3 9 7 13 5.144 -1.695 -2.380
SPIN 3 9 7 14 -4.531 3.482 -1.533
SPIN 3 9 7 15 3.793 -1.091 4.407
SPIN 2 9 7 0 4.317 -3.611 1.821
SPIN 2 9 7 1 -4.918 3.069 -1.179
SPIN 2 9 7 2 -3.679 -2.940 -3.580
SPIN 2 9 7 3 2.385 3.712 3.941
SPIN 2 9 7 4 4.863 1.544 -2.995
SPIN 2 9 7 5 0.492 -4.739 3.507
SPIN 2 9 7 6 -0.455 5.266 2.657
SPIN 2 9 7 7 0.884 1.650 -5.612
SPIN 2 9 7 8 -3.953 1.798 -4.018
SPIN 2 9 7 9 4.879 -3.276 0.678
SPIN 2 9 7 10 -1.848 4.779 2.958
SPIN 2 9 7 11 5.081 0.333 -3.011
SPIN 2 9 7 12 -1.267 -1.387 5.610
SPIN 2 9 7 13 -2.180 5.223 -1.723
SPIN 2 9 7 14 3.514 -1.400 -4.548
SPIN 2 9 7 15 -4.812 -3.358 0.751
SPIN 3 9 8 0 -3.941 4.369 -0.620
SPIN 3 9 8 1 3.140 3.901 3.149
SPIN 3 9 8 2 -5.866 -0.594 -0.483
SPIN 3 9 8 3 -5.586 0.994 1.677
SPIN 3 9 8 4 0.565 -4.727 -3.512
SPIN 3 9 8 5 3.435 -4.812 -0.202
SPIN 3 9 8 6 -1.667 -4.141 3.883
SPIN 3 9 8 7 1.524 -2.507 5.138
SPIN 3 9 8 8 2.924 -4.591 2.318
SPIN 3 9 8 9 -2.670 -4.343 -3.001
SPIN 3 9 8 10 -0.446 -0.306 -5.891
SPIN 3 9 8 11 -0.011 -3.924 -4.428
SPIN 3 9 8 12 -4.573 -2.641 -2.667
SPIN 3 9 8 13 -5.773 -0.774 1.038
SPIN 3 9 8 14 4.945 3.159 -0.754
SPIN 3 9 8 15 -3.551 -3.583 3.090
SPIN 2 9 8 0 3.851 2.791 -3.518
SPIN 2 9 8 1 3.883 4.447 -0.379
SPIN 2 9 8 2 -1.363 -4.829 3.135
SPIN 2 9 8 3 -0.132 -3.675 -4.634
SPIN 2 9 8 4 -1.429 1.466 -5.551
SPIN 2 9 8 5 1.520 2.649 5.067
SPIN 2 9 8 6 1.526 -0.576 -5.687
SPIN 2 9 8 7 -3.947 -3.360 -2.852
SPIN 2 9 8 8 -5.617 0.569 -1.768
SPIN 2 9 8 9 -2.396 5.233 -1.369
SPIN 2 9 8 10 1.122 -5.106 2.770
SPIN 2 9 8 11 -5.567 -1.603 1.201
SPIN 2 9 8 12 0.465 3.272 -4.907
SPIN 2 9 8 13 5.367 -1.920 1.582
SPIN 2 9 8 14 5.367 1.293 2.126
SPIN 2 9 8 15 -3.395 3.543 -3.305
SPIN 3 9 9 0 -5.215 -0.409 2.763
SPIN 3 9 9 1 4.424 -3.785 -1.049
SPIN 3 9 9 2 -1.180 3.712 4.453
SPIN 3 9 9 3 1.947 -4.016 3.884
SPIN 3 9 9 4 2.187 -4.244 -3.493
SPIN 3 9 9 5 1.876 -5.610 -0.059
SPIN 3 9 9 6 -2.325 -2.759 4.688
SPIN 3 9 9 7 3.416 -1.481 4.598
SPIN 3 9 9 8 3.647 2.183 -4.115
SPIN 3 9 9 9 -2.895 -2.961 4.225
SPIN 3 9 9 10 5.441 0.435 -2.281
SPIN 3 9 9 11 0.339 4.808 -3.430
SPIN 3 9 9 12 2.683 -2.481 4.653
SPIN 3 9 9 13 -0.977 3.182 -4.891
SPIN 3 9 9 14 -5.754 -0.971 -0.975
SPIN 3 9 9 15 1.829 -5.389 1.617
SPIN 2 9 9 0 1.617 -4.665 3.260
SPIN 2 9 9 1 3.786 4.201 1.737
SPIN 2 9 9 2 -4.948 -0.627 -3.182
SPIN 2 9 9 3 2.085 0.893 -5.464
SPIN 2 9 9 4 -5.256 0.546 -2.660
SPIN 2 9 9 5 1.446 -4.957 2.888
SPIN 2 9 9 6 5.719 -0.472 1.439
SPIN 2 9 9 7 4.658 -3.002 -2.072
SPIN 2 9 9 8 -3.287 3.340 3.611
SPIN 2 9 9 9 -5.464 -2.143 0.741
SPIN 2 9 9 10 -1.474 3.421 4.597
SPIN 2 9 9 11 -4.709 2.569 -2.495
SPIN 2 9 9 12 -5.675 1.545 0.642
SPIN 2 9 9 13 -0.869 2.954 5.052
SPIN 2 9 9 14 -2.578 5.308 0.423
SPIN 2 9 9 15 2.518 -2.160 -4.899
SPIN 3 9 10 0 2.983 4.843 -1.627
SPIN 3 9 10 1 -0.657 -2.470 5.335
SPIN 3 9 10 2 3.476 -4.375 1.944
SPIN 3 9 10 3 3.869 -2.449 3.746
SPIN 3 9 10 4 1.552 5.706 0.186
SPIN 3 9 10 5 -5.150 2.848 -0.607
SPIN 3 9 10 6 -5.354 0.402 2.485
SPIN 3 9 10 7 2.042 -3.269 -4.488
SPIN 3 9 10 8 4.630 3.674 0.250
SPIN 3 9 10 9 3.905 -0.479 4.419
SPIN 3 9 10 10 -0.079 5.910 -0.255
SPIN 3 9 10 11 4.854 -2.133 -2.624
SPIN 3 9 10 12 -3.119 4.553 -2.131
SPIN 3 9 10 13 2.378 -2.161 4.968
SPIN 3 9 10 14 -3.593 0.251 -4.693
SPIN 3 9 10 15 3.781 1.372 4.338
SPIN 2 9 10 0 -0.153 1.479 -5.726
SPIN 2 9 10 1 -3.387 -4.267 -2.307
SPIN 2 9 10 2 5.815 -0.472 0.984
SPIN 2 9 10 3 2.010 3.700 -4.155
SPIN 2 9 10 4 -2.627 -5.090 -1.479
SPIN 2 9 10 5 -3.841 -3.894 2.254
SPIN 2 9 10 6 1.091 3.241 -4.828
SPIN 2 9 10 7 -2.890 4.994 1.305
SPIN 2 9 10 8 3.467 2.152 -4.283
SPIN 2 9 10 9 -2.692 5.041 -1.532
SPIN 2 9 10 10 -2.575 -4.173 -3.309
SPIN 2 9 10 11 0.683 -5.859 0.454
SPIN 2 9 10 12 -4.574 2.017 -3.164
SPIN 2 9 10 13 -2.377 4.384 -3.183
SPIN 2 9 10 14 4.691 -2.736 -2.348
SPIN 2 9 10 15 -5.744 -1.399 -0.215
SPIN 3 9 11 0 3.330 -4.771 -1.073
SPIN 3 9 11 1 -0.525 -1.211 -5.767
SPIN 3 9 11 2 -2.089 -5.449 0.973
SPIN 3 9 11 3 -3.403 4.838 0.102
SPIN 3 9 11 4 4.300 -1.343 -3.835
SPIN 3 9 11 5 5.238 0.948 -2.581
SPIN 3 9 11 6 -0.889 5.341 -2.383
SPIN 3 9 11 7 2.939 -1.836 4.795
SPIN 3 9 11 8 -3.788 3.797 2.496
SPIN 3 9 11 9 -1.858 4.339 -3.566
SPIN 3 9 11 10 -5.568 1.997 0.119
SPIN 3 9 11 11 3.917 -4.248 1.267
SPIN 3 9 11 12 5.797 -1.181 0.010
SPIN 3 9 11 13 4.186 1.093 4.035
SPIN 3 9 11 14 5.686 1.007 1.285
SPIN 3 9 11 15 -0.442 -4.737 -3.516
SPIN 2 9 11 0 -2.088 1.258 5.391
SPIN 2 9 11 1 4.478 -3.262 -2.077
SPIN 2 9 11 2 -3.401 -4.308 -2.208
SPIN 2 9 11 3 -2.483 1.827 -5.049
SPIN 2 9 11 4 0.779 -1.110 -5.759
SPIN 2 9 11 5 -4.933 -2.806 1.669
SPIN 2 9 11 6 1.403 2.462 5.193
SPIN 2 9 11 7 3.126 4.873 -1.216
SPIN 2 9 11 8 -3.684 -3.971 2.380
SPIN 2 9 11 9 -5.474 -1.803 -1.335
SPIN 2 9 11 10 0.549 -3.254 -4.910
SPIN 2 9 11 11 -1.549 -0.075 -5.709
SPIN 2 9 11 12 0.463 5.876 -0.510
SPIN 2 9 11 13 1.646 -5.245 2.187
SPIN 2 9 11 14 -4.769 -0.741 -3.421
SPIN 2 9 11 15 5.691 -0.524 1.530
SPIN 3 9 12 0 -2.304 0.038 5.449
SPIN 3 9 12 1 5.701 -0.758 1.389
SPIN 3 9 12 2 -1.005 -2.542 5.247
SPIN 3 9 12 3 1.596 4.464 -3.539
SPIN 3 9 12 4 -2.507 0.995 -5.266
SPIN 3 9 12 5 -1.658 5.195 2.294
SPIN 3 9 12 6 -5.577 -1.946 0.336
SPIN 3 9 12 7 -2.248 -5.471 -0.135
SPIN 3 9 12 8 0.046 5.770 -1.304
SPIN 3 9 12 9 2.798 -2.728 -4.442
SPIN 3 9 12 10 2.097 -2.267 5.046
SPIN 3 9 12 11 3.522 4.565 -1.325
SPIN 3 9 12 12 -2.322 -5.184 1.653
SPIN 3 9 12 13 4.811 0.507 -3.405
SPIN 3 9 12 14 -5.541 1.645 1.259
SPIN 3 9 12 15 5.356 2.171 1.263
SPIN 2 9 12 0 -3.090 2.938 -4.101
SPIN 2 9 12 1 -4.086 2.362 3.567
SPIN 2 9 12 2 -2.318 1.820 -5.130
SPIN 2 9 12 3 1.689 -5.638 -0.600
SPIN 2 9 12 4 -4.640 3.406 -1.367
SPIN 2 9 12 5 -5.484 2.211 -0.196
SPIN 2 9 12 6 3.931 -4.089 1.681
SPIN 2 9 12 7 -2.043 -5.015 2.382
SPIN 2 9 12 8 -1.949 -5.515 -0.886
SPIN 2 9 12 9 -1.427 3.631 4.447
SPIN 2 9 12 10 2.874 -1.314 -5.001
SPIN 2 9 12 11 0.986 4.255 -3.990
SPIN 2 9 12 12 4.166 -4.149 0.651
SPIN 2 9 12 13 0.236 4.858 -3.368
SPIN 2 9 12 14 5.373 1.183 2.176
SPIN 2 9 12 15 -4.380 -0.062 3.977
SPIN 3 9 13 0 -3.393 -1.578 -4.582
SPIN 3 9 13 1 -4.212 2.868 -3.006
SPIN 3 9 13 2 3.693 -4.434 1.306
SPIN 3 9 13 3 -4.914 2.558 -2.076
SPIN 3 9 13 4 2.054 -5.454 1.015
SPIN 3 9 13 5 5.560 0.174 2.013
SPIN 3 9 13 6 0.898 2.305 5.374
SPIN 3 9 13 7 1.633 -3.557 -4.436
SPIN 3 9 13 8 0.176 5.596 1.912
SPIN 3 9 13 9 4.831 2.679 2.116
SPIN 3 9 13 10 -0.528 3.290 4.889
SPIN 3 9 13 11 5.831 0.996 -0.053
SPIN 3 9 13 12 -2.756 -0.436 5.217
SPIN 3 9 13 13 -3.090 4.620 -2.028
SPIN 3 9 13 14 -4.466 -0.146 -3.877
SPIN 3 9 13 15 1.141 -0.558 5.778
SPIN 2 9 13 0 4.896 2.877 -1.659
SPIN 2 9 13 1 2.670 2.363 4.721
SPIN 2 9 13 2 -5.866 -0.732 0.234
SPIN 2 9 13 3 2.623 4.636 2.574
SPIN 2 9 13 4 -2.324 4.601 -2.904
SPIN 2 9 13 5 1.494 -3.654 4.407
SPIN 2 9 13 6 -1.556 5.080 -2.602
SPIN 2 9 13 7 3.708 0.568 4.575
SPIN 2 9 13 8 0.057 2.596 5.316
SPIN 2 9 13 9 -3.969 -4.382 -0.207
SPIN 2 9 13 10 3.489 3.295 3.460
SPIN 2 9 13 11 -5.519 -0.180 2.122
SPIN 2 9 13 12 -3.470 -3.432 3.344
SPIN 2 9 13 13 2.262 0.811 5.406
SPIN 2 9 13 14 -0.323 1.751 -5.642
SPIN 2 9 13 15 5.621 0.655 1.724
SPIN 3 9 14 0 5.910 0.269 -0.052
SPIN 3 9 14 1 3.145 3.800 3.267
SPIN 3 9 14 2 5.579 1.755 0.890
SPIN 3 9 14 3 2.014 2.559 4.939
SPIN 3 9 14 4 3.159 -4.784 1.460
SPIN 3 9 14 5 -2.686 4.481 -2.776
SPIN 3 9 14 6 -1.753 -4.608 -3.270
SPIN 3 9 14 7 3.962 0.801 4.320
SPIN 3 9 14 8 -5.684 -1.088 -1.230
SPIN 3 9 14 9 5.882 -0.508 -0.384
SPIN 3 9 14 10 -0.228 0.145 5.910
SPIN 3 9 14 11 -2.904 4.803 -1.870
SPIN 3 9 14 12 2.693 1.703 4.985
SPIN 3 9 14 13 5.284 1.247 -2.351
SPIN 3 9 14 14 -3.302 -0.152 4.906
SPIN 3 9 14 15 -1.873 -0.309 -5.603
SPIN 2 9 14 0 -4.510 2.960 2.430
SPIN 2 9 14 1 -1.990 -4.389 -3.432
SPIN 2 9 14 2 -1.670 5.674 -0.114
SPIN 2 9 14 3 -2.763 -4.578 -2.532
SPIN 2 9 14 4 1.558 3.237 4.701
SPIN 2 9 14 5 -1.549 -1.642 5.468
SPIN 2 9 14 6 -4.104 0.237 4.255
SPIN 2 9 14 7 3.580 -3.429 -3.228
SPIN 2 9 14 8 -1.306 -5.759 0.355
SPIN 2 9 14 9 -2.888 4.015 -3.247
SPIN 2 9 14 10 1.954 -1.231 5.446
SPIN 2 9 14 11 -5.857 -0.590 -0.589
SPIN 2 9 14 12 0.367 -5.876 -0.577
SPIN 2 9 14 13 -2.370 -4.042 3.612
SPIN 2 9 14 14 -0.772 0.792 -5.812
SPIN 2 9 14 15 3.832 4.483 0.468
SPIN 3 9 15 0 0.796 3.518 -4.690
SPIN 3 9 15 1 -0.833 -5.531 1.927
SPIN 3 9 15 2 4.164 3.544 2.260
SPIN 3 9 15 3 -4.767 -1.262 -3.269
SPIN 3 9 15 4 2.852 3.483 -3.838
SPIN 3 9 15 5 3.243 -4.287 2.470
SPIN 3 9 15 6 0.280 4.055 -4.299
SPIN 3 9 15 7 -5.665 1.678 -0.296
SPIN 3 9 15 8 -0.861 0.353 -5.843
SPIN 3 9 15 9 2.948 -4.953 1.335
SPIN 3 9 15 10 2.746 2.571 -4.566
SPIN 3 9 15 11 -4.483 3.620 1.339
SPIN 3 9 15 12 2.892 -1.145 5.032
SPIN 3 9 15 13 -5.694 -1.602 0.075
SPIN 3 9 15 14 -5.576 -1.793 0.830
SPIN 3 9 15 15 3.700 0.727 -4.559
SPIN 2 9 15 0 -2.200 3.187 -4.472
SPIN 2 9 15 1 0.556 -4.747 -3.487
SPIN 2 9 15 2 1.977 1.307 5.420
SPIN 2 9 15 3 -2.884 5.115 0.718
SPIN 2 9 15 4 2.245 -5.418 0.776
SPIN 2 9 15 5 -0.735 2.032 -5.507
SPIN 2 9 15 6 1.828 2.099 5.220
SPIN 2 9 15 7 -4.970 0.109 -3.207
SPIN 2 9 15 8 -2.329 4.925 2.307
SPIN 2 9 15 9 4.852 -2.074 2.674
SPIN 2 9 15 10 -0.871 3.902 -4.361
SPIN 2 9 15 11 3.861 -4.325 -1.177
SPIN 2 9 15 12 -2.566 -2.357 -4.782
SPIN 2 9 15 13 -5.719 1.103 1.037
SPIN 2 9 15 14 -1.278 -3.117 -4.864
SPIN 2 9 15 15 -3.112 -0.149 -5.029
SPIN 1 10 0 0 1.714 -2.149 5.239
SPIN 1 10 0 1 -1.382 5.534 -1.572
SPIN 1 10 0 2 3.582 4.504 -1.372
SPIN 1 10 0 3 3.439 0.336 4.802
SPIN 1 10 0 4 -3.975 3.496 -2.641
SPIN 1 10 0 5 -1.098 -5.811 -0.157
SPIN 1 10 0 6 -5.697 1.501 0.541
SPIN 1 10 0 7 -1.108 -5.752 -0.829
SPIN 1 10 0 8 -0.515 -3.826 -4.483
SPIN 1 10 0 9 5.245 0.023 -2.736
SPIN 1 10 0 10 1.287 -5.774 0.013
SPIN 1 10 0 11 5.871 -0.732 -0.000
SPIN 1 10 0 12 -0.760 4.976 3.108
SPIN 1 10 0 13 -4.126 3.108 -2.883
SPIN 1 10 0 14 -1.191 3.349 4.729
SPIN 1 10 0 15 1.764 0.527 -5.622
SPIN 4 10 0 0 2.110 -0.767 -5.473
SPIN 4 10 0 1 -1.611 -1.237 5.557
SPIN 4 10 0 2 -5.010 -3.134 0.283
SPIN 4 10 0 3 3.009 4.449 2.480
SPIN 4 10 0 4 4.429 -3.750 -1.149
SPIN 4 10 0 5 -5.672 1.604 -0.504
SPIN 4 10 0 6 4.764 3.450 -0.631
SPIN 4 10 0 7 4.840 -0.242 -3.394
SPIN 4 10 0 8 -4.007 1.833 3.948
SPIN 4 10 0 9 4.179 4.154 -0.526
SPIN 4 10 0 10 3.941 2.982 -3.252
SPIN 4 10 0 11 -4.353 2.692 2.967
SPIN 4 10 0 12 -2.146 1.518 5.300
SPIN 4 10 0 13 -5.283 -1.799 1.963
SPIN 4 10 0 14 4.842 -3.339 0.637
SPIN 4 10 0 15 -2.900 4.366 2.744
SPIN 1 10 1 0 0.931 -4.140 -4.122
SPIN 1 10 1 1 2.689 -4.775 -2.229
SPIN 1 10 1 2 -4.529 -0.078 -3.805
SPIN 1 10 1 3 -2.982 2.845 -4.244
SPIN 1 10 1 4 5.010 2.701 -1.613
SPIN 1 10 1 5 -4.881 -2.232 2.489
SPIN 1 10 1 6 5.282 -1.885 1.885
SPIN 1 10 1 7 3.807 -3.806 2.454
SPIN 1 10 1 8 -0.325 4.594 3.713
SPIN 1 10 1 9 5.260 -2.456 1.139
SPIN 1 10 1 10 -0.265 3.991 4.359
SPIN 1 10 1 11 -4.669 -1.877 -3.111
SPIN 1 10 1 12 1.742 -4.405 -3.544
SPIN 1 10 1 13 -2.504 0.062 -5.360
SPIN 1 10 1 14 2.814 -2.320 -4.658
SPIN 1 10 1 15 -0.684 1.502 5.681
SPIN 4 10 1 0 -0.473 -0.399 5.884
SPIN 4 10 1 1 -1.844 1.285 -5.472
SPIN 4 10 1 2 2.526 2.820 -4.546
SPIN 4 10 1 3 0.967 -3.660 -4.547
SPIN 4 10 1 4 -4.089 -2.621 -3.378
SPIN 4 10 1 5 3.409 3.357 -3.479
SPIN 4 10 1 6 -5.387 1.977 1.439
SPIN 4 10 1 7 4.097 1.817 3.862
SPIN 4 10 1 8 -2.132 4.599 -3.050
SPIN 4 10 1 9 -0.497 -5.285 -2.612
SPIN 4 10 1 10 -0.941 4.618 -3.576
SPIN 4 10 1 11 3.219 3.754 -3.247
SPIN 4 10 1 12 0.215 -4.171 4.190
SPIN 4 10 1 13 0.369 4.648 -3.641
SPIN 4 10 1 14 4.263 3.124 -2.659
SPIN 4 10 1 15 -3.133 -4.451 -2.319
SPIN 1 10 2 0 2.161 0.779 -5.452
SPIN 1 10 2 1 4.586 0.904 3.626
SPIN 1 10 2 2 -0.588 -3.041 -5.041
SPIN 1 10 2 3 0.413 -1.129 5.793
SPIN 1 10 2 4 -5.313 1.851 -1.829
SPIN 1 10 2 5 3.634 -3.235 -3.365
SPIN 1 10 2 6 -5.527 -1.459 -1.522
SPIN 1 10 2 7 3.278 0.097 -4.924
SPIN 1 10 2 8 -3.083 -4.198 -2.806
SPIN 1 10 2 9 5.543 -0.387 -2.031
SPIN 1 10 2 10 -2.575 -5.307 -0.447
SPIN 1 10 2 11 -4.046 -4.166 -1.129
SPIN 1 10 2 12 -4.153 4.143 -0.767
SPIN 1 10 2 13 -3.458 -1.292 4.623
SPIN 1 10 2 14 -3.506 -0.613 -4.725
SPIN 1 10 2 15 -4.791 -1.440 3.159
SPIN 4 10 2 0 5.903 0.103 0.381
SPIN 4 10 2 1 -3.315 -2.036 4.457
SPIN 4 10 2 2 5.539 1.984 0.618
SPIN 4 10 2 3 5.503 -2.157 -0.240
SPIN 4 10 2 4 1.571 0.785 -5.650
SPIN 4 10 2 5 5.032 -1.912 2.454
SPIN 4 10 2 6 4.466 -3.840 0.552
SPIN 4 10 2 7 -5.572 1.493 -1.314
SPIN 4 10 2 8 -1.804 4.071 -3.895
SPIN 4 10 2 9 -4.726 3.552 -0.207
SPIN 4 10 2 10 3.744 -0.904 4.490
SPIN 4 10 2 11 2.691 -4.198 3.184
SPIN 4 10 2 12 4.360 1.032 3.863
SPIN 4 10 2 13 -1.177 5.628 1.393
SPIN 4 10 2 14 1.350 3.747 4.375
SPIN 4 10 2 15 -1.657 3.702 4.307
SPIN 1 10 3 0 -0.839 -4.961 -3.112
SPIN 1 10 3 1 -3.108 -4.684 -1.844
SPIN 1 10 3 2 5.392 0.071 -2.433
SPIN 1 10 3 3 3.982 -4.103 -1.520
SPIN 1 10 3 4 0.221 -1.421 -5.739
SPIN 1 10 3 5 -2.668 -1.975 4.897
SPIN 1 10 3 6 0.360 5.227 2.747
SPIN 1 10 3 7 -0.634 -4.887 3.273
SPIN 1 10 3 8 -0.660 -2.292 -5.414
SPIN 1 10 3 9 -3.305 -1.616 -4.633
SPIN 1 10 3 10 4.884 -2.036 2.646
SPIN 1 10 3 11 -2.523 -2.016 -4.957
SPIN 1 10 3 12 2.305 2.187 4.990
SPIN 1 10 3 13 -4.029 3.292 -2.816
SPIN 1 10 3 14 1.883 -3.630 4.275
SPIN 1 10 3 15 -1.296 -1.909 -5.448
SPIN 4 10 3 0 -3.766 -1.361 4.355
SPIN 4 10 3 1 2.649 5.004 -1.717
SPIN 4 10 3 2 0.052 -5.913 0.190
SPIN 4 10 3 3 -4.747 3.409 0.921
SPIN 4 10 3 4 3.493 -4.548 -1.454
SPIN 4 10 3 5 -1.622 5.628 -0.834
SPIN 4 10 3 6 1.699 -5.600 -0.864
SPIN 4 10 3 7 2.512 4.338 -3.142
SPIN 4 10 3 8 -0.964 0.165 5.835
SPIN 4 10 3 9 2.215 -5.039 -2.170
SPIN 4 10 3 10 3.878 3.681 2.532
SPIN 4 10 3 11 -0.205 3.816 -4.516
SPIN 4 10 3 12 0.256 -4.641 -3.660
SPIN 4 10 3 13 -2.885 -4.953 1.464
SPIN 4 10 3 14 5.913 -0.192 0.015
SPIN 4 10 3 15 4.521 3.795 0.402
SPIN 1 10 4 0 1.179 -5.778 -0.471
SPIN 1 10 4 1 0.195 2.854 -5.179
SPIN 1 10 4 2 2.109 0.258 5.521
SPIN 1 10 4 3 -1.763 -5.462 1.436
SPIN 1 10 4 4 2.037 -2.233 5.085
SPIN 1 10 4 5 0.209 1.169 -5.796
SPIN 1 10 4 6 -3.414 0.297 4.822
SPIN 1 10 4 7 -1.794 -1.478 5.440
SPIN 1 10 4 8 1.149 -1.374 5.638
SPIN 1 10 4 9 -2.270 5.308 -1.294
SPIN 1 10 4 10 -3.429 -4.155 -2.445
SPIN 1 10 4 11 -5.201 0.334 2.800
SPIN 1 10 4 12 -4.141 2.764 3.196
SPIN 1 10 4 13 5.494 1.162 1.862
SPIN 1 10 4 14 -1.612 0.679 -5.652
SPIN 1 10 4 15 -4.888 -2.958 1.535
SPIN 4 10 4 0 -5.179 -2.316 -1.677
SPIN 4 10 4 1 -1.152 -3.860 4.333
SPIN 4 10 4 2 3.517 -0.178 -4.754
SPIN 4 10 4 3 -5.298 2.029 1.677
SPIN 4 10 4 4 1.994 -2.370 5.040
SPIN 4 10 4 5 -1.913 -5.530 0.874
SPIN 4 10 4 6 2.262 5.465 -0.113
SPIN 4 10 4 7 -5.159 -2.156 -1.934
SPIN 4 10 4 8 2.878 -5.024 1.215
SPIN 4 10 4 9 -2.865 3.796 3.519
SPIN 4 10 4 10 -0.360 -4.557 -3.756
SPIN 4 10 4 11 3.873 -0.587 -4.433
SPIN 4 10 4 12 0.801 4.317 3.965
SPIN 4 10 4 13 -4.035 -4.284 -0.609
SPIN 4 10 4 14 0.777 5.801 0.861
SPIN 4 10 4 15 -3.073 -3.847 3.280
SPIN 1 10 5 0 -5.230 -1.858 -2.047
SPIN 1 10 5 1 3.321 -3.045 3.834
SPIN 1 10 5 2 3.864 -3.841 -2.304
SPIN 1 10 5 3 4.825 -3.329 -0.801
SPIN 1 10 5 4 2.389 -3.390 -4.219
SPIN 1 10 5 5 -5.236 2.752 0.100
SPIN 1 10 5 6 2.888 4.772 1.972
SPIN 1 10 5 7 -2.221 -0.884 -5.412
SPIN 1 10 5 8 -3.125 0.200 -5.019
SPIN 1 10 5 9 4.691 -3.604 0.065
SPIN 1 10 5 10 1.525 3.580 4.456
SPIN 1 10 5 11 4.882 -2.062 2.630
SPIN 1 10 5 12 3.110 4.636 -1.958
SPIN 1 10 5 13 -0.382 -4.212 -4.137
SPIN 1 10 5 14 -3.945 0.437 4.387
SPIN 1 10 5 15 5.614 1.800 0.496
SPIN 4 10 5 0 1.704 -0.791 -5.610
SPIN 4 10 5 1 3.496 -0.024 -4.773
SPIN 4 10 5 2 0.081 2.654 5.287
SPIN 4 10 5 3 -4.710 -3.576 0.173
SPIN 4 10 5 4 -2.358 -4.699 -2.712
SPIN 4 10 5 5 4.144 -1.223 4.041
SPIN 4 10 5 6 1.659 -5.663 0.415
SPIN 4 10 5 7 -0.146 4.294 -4.067
SPIN 4 10 5 8 3.107 -3.370 3.740
SPIN 4 10 5 9 -0.511 -5.427 -2.299
SPIN 4 10 5 10 0.212 5.826 -1.005
SPIN 4 10 5 11 3.037 1.100 -4.956
SPIN 4 10 5 12 -2.490 1.242 5.221
SPIN 4 10 5 13 5.322 2.413 0.922
SPIN 4 10 5 14 -2.545 -5.064 1.697
SPIN 4 10 5 15 -3.941 0.040 4.412
SPIN 1 10 6 0 -3.749 -4.516 0.744
SPIN 1 10 6 1 -1.349 4.014 4.132
SPIN 1 10 6 2 -0.056 1.731 -5.657
SPIN 1 10 6 3 2.137 -1.751 5.231
SPIN 1 10 6 4 0.970 3.566 -4.620
SPIN 1 10 6 5 -2.490 1.444 5.168
SPIN 1 10 6 6 -0.179 -1.236 -5.783
SPIN 1 10 6 7 -4.758 1.691 3.083
SPIN 1 10 6 8 -0.983 3.905 4.334
SPIN 1 10 6 9 -4.005 4.253 -0.935
SPIN 1 10 6 10 -3.946 -4.174 1.415
SPIN 1 10 6 11 4.560 -3.694 -0.750
SPIN 1 10 6 12 -4.574 0.133 -3.750
SPIN 1 10 6 13 -0.734 5.770 1.080
SPIN 1 10 6 14 3.422 -4.791 -0.580
SPIN 1 10 6 15 -5.612 0.315 -1.846
SPIN 4 10 6 0 4.513 3.540 1.451
SPIN 4 10 6 1 3.394 -4.800 -0.660
SPIN 4 10 6 2 0.346 -2.006 5.555
SPIN 4 10 6 3 -0.342 -2.787 -5.207
SPIN 4 10 6 4 2.815 5.194 0.314
SPIN 4 10 6 5 -3.598 -2.950 -3.653
SPIN 4 10 6 6 1.948 2.727 4.875
SPIN 4 10 6 7 2.541 4.612 2.697
SPIN 4 10 6 8 3.357 -0.900 4.788
SPIN 4 10 6 9 -2.006 -5.513 0.760
SPIN 4 10 6 10 -1.639 -1.237 5.548
SPIN 4 10 6 11 1.666 5.520 -1.323
SPIN 4 10 6 12 -0.775 -3.659 -4.584
SPIN 4 10 6 13 -2.041 -4.542 -3.194
SPIN 4 10 6 14 5.660 -0.439 1.665
SPIN 4 10 6 15 4.218 2.159 -3.542
SPIN 1 10 7 0 2.872 -3.049 4.178
SPIN 1 10 7 1 5.317 -2.325 -1.151
SPIN 1 10 7 2 -4.489 -1.914 3.345
SPIN 1 10 7 3 -1.308 4.782 -3.228
SPIN 1 10 7 4 0.479 1.458 5.713
SPIN 1 10 7 5 -0.737 3.087 -4.993
SPIN 1 10 7 6 -2.086 -2.974 4.669
SPIN 1 10 7 7 -3.322 -4.867 0.531
SPIN 1 10 7 8 0.819 1.196 -5.736
SPIN 1 10 7 9 -4.654 -1.882 -3.131
SPIN 1 10 7 10 3.054 0.559 5.036
SPIN 1 10 7 11 -5.148 2.515 1.474
SPIN 1 10 7 12 2.935 -1.967 -4.745
SPIN 1 10 7 13 0.032 4.716 3.572
SPIN 1 10 7 14 -2.576 -4.995 1.848
SPIN 1 10 7 15 0.333 5.563 -1.985
SPIN 4 10 7 0 1.413 -5.218 -2.403
SPIN 4 10 7 1 -3.910 -4.014 -1.898
SPIN 4 10 7 2 -1.329 -0.122 -5.764
SPIN 4 10 7 3 -3.682 0.915 4.539
SPIN 4 10 7 4 -4.830 -2.605 2.212
SPIN 4 10 7 5 1.847 1.993 5.255
SPIN 4 10 7 6 2.161 5.507 0.002
SPIN 4 10 7 7 0.323 -5.587 -1.918
SPIN 4 10 7 8 -0.531 2.205 -5.464
SPIN 4 10 7 9 -0.606 -3.243 4.911
SPIN 4 10 7 10 -5.353 -2.293 -1.041
SPIN 4 10 7 11 3.979 -2.693 3.452
SPIN 4 10 7 12 -0.173 3.093 5.040
SPIN 4 10 7 13 -0.580 -2.817 5.170
SPIN 4 10 7 14 -5.215 -1.334 -2.454
SPIN 4 10 7 15 -3.944 -0.829 -4.331
SPIN 1 10 8 0 -5.908 -0.310 0.005
SPIN 1 10 8 1 -0.845 4.396 -3.867
SPIN 1 10 8 2 3.042 -3.362 3.800
SPIN 1 10 8 3 1.354 -4.281 -3.852
SPIN 1 10 8 4 1.577 -2.203 -5.259
SPIN 1 10 8 5 -4.692 -3.438 1.079
SPIN 1 10 8 6 1.502 5.488 1.622
SPIN 1 10 8 7 -2.190 0.312 -5.487
SPIN 1 10 8 8 1.840 1.768 5.338
SPIN 1 10 8 9 0.803 0.252 -5.856
SPIN 1 10 8 10 -3.084 -3.778 -3.349
SPIN 1 10 8 11 5.544 1.499 -1.420
SPIN 1 10 8 12 -5.118 -2.810 0.955
SPIN 1 10 8 13 3.941 -4.398 0.356
SPIN 1 10 8 14 -3.584 3.860 -2.694
SPIN 1 10 8 15 2.780 5.124 1.005
SPIN 4 10 8 0 4.892 3.295 -0.458
SPIN 4 10 8 1 -0.238 -1.839 -5.618
SPIN 4 10 8 2 2.511 0.999 5.263
SPIN 4 10 8 3 -3.978 3.656 2.411
SPIN 4 10 8 4 -2.750 -0.079 5.237
SPIN 4 10 8 5 5.833 -0.050 0.987
SPIN 4 10 8 6 2.363 -2.227 4.946
SPIN 4 10 8 7 2.337 4.925 2.299
SPIN 4 10 8 8 -2.149 -4.934 -2.457
SPIN 4 10 8 9 -0.052 3.857 4.486
SPIN 4 10 8 10 2.354 -4.083 -3.576
SPIN 4 10 8 11 -4.421 2.411 3.106
SPIN 4 10 8 12 -4.753 2.188 -2.760
SPIN 4 10 8 13 2.564 4.355 -3.076
SPIN 4 10 8 14 -3.292 -4.389 2.214
SPIN 4 10 8 15 0.433 0.372 5.888
SPIN 1 10 9 0 -3.041 4.354 2.607
SPIN 1 10 9 1 3.026 -5.047 -0.605
SPIN 1 10 9 2 -1.340 4.814 -3.167
SPIN 1 10 9 3 2.264 -1.693 5.197
SPIN 1 10 9 4 3.982 4.221 1.151
SPIN 1 10 9 5 -4.491 3.140 -2.231
SPIN 1 10 9 6 -0.809 -1.669 -5.618
SPIN 1 10 9 7 5.192 -2.735 -0.750
SPIN 1 10 9 8 -5.272 2.542 -0.862
SPIN 1 10 9 9 0.891 -5.762 -1.004
SPIN 1 10 9 10 -2.653 3.412 4.040
SPIN 1 10 9 11 -0.000 -3.162 -5.000
SPIN 1 10 9 12 5.657 -1.687 0.392
SPIN 1 10 9 13 -4.702 -0.901 3.475
SPIN 1 10 9 14 -4.036 -2.014 -3.828
SPIN 1 10 9 15 -1.249 -4.453 -3.690
SPIN 4 10 9 0 -3.092 -4.559 -2.157
SPIN 4 10 9 1 2.116 5.404 1.149
SPIN 4 10 9 2 -0.174 5.595 1.914
SPIN 4 10 9 3 -0.011 1.651 5.681
SPIN 4 10 9 4 -5.025 2.830 -1.322
SPIN 4 10 9 5 -0.406 4.395 3.939
SPIN 4 10 9 6 -4.819 2.794 1.994
SPIN 4 10 9 7 0.498 2.577 -5.302
SPIN 4 10 9 8 5.844 -0.781 0.491
SPIN 4 10 9 9 1.840 -3.857 -4.091
SPIN 4 10 9 10 5.163 -0.605 2.825
SPIN 4 10 9 11 2.421 0.010 -5.398
SPIN 4 10 9 12 -1.833 0.099 5.624
SPIN 4 10 9 13 4.555 -2.770 2.566
SPIN 4 10 9 14 1.944 4.019 3.883
SPIN 4 10 9 15 0.540 5.875 -0.443
SPIN 1 10 10 0 4.596 -3.109 -2.053
SPIN 1 10 10 1 -1.097 2.111 5.417
SPIN 1 10 10 2 3.234 -4.332 2.403
SPIN 1 10 10 3 -1.530 -4.178 -3.899
SPIN 1 10 10 4 -0.796 -3.494 -4.707
SPIN 1 10 10 5 4.247 3.875 1.394
SPIN 1 10 10 6 -4.573 -0.436 3.728
SPIN 1 10 10 7 3.193 4.505 2.123
SPIN 1 10 10 8 -3.841 2.504 3.739
SPIN 1 10 10 9 -0.221 -3.364 4.861
SPIN 1 10 10 10 -0.011 -2.992 -5.103
SPIN 1 10 10 11 -0.634 4.181 4.137
SPIN 1 10 10 12 -4.572 -3.694 0.674
SPIN 1 10 10 13 2.437 2.917 -4.533
SPIN 1 10 10 14 4.252 3.143 2.654
SPIN 1 10 10 15 -3.600 -2.362 -4.057
SPIN 4 10 10 0 -4.735 1.783 -3.066
SPIN 4 10 10 1 5.461 2.219 -0.503
SPIN 4 10 10 2 2.202 -1.481 -5.287
SPIN 4 10 10 3 -2.383 2.989 4.515
SPIN 4 10 10 4 -0.673 -1.680 5.633
SPIN 4 10 10 5 0.939 -1.284 -5.698
SPIN 4 10 10 6 5.128 -1.844 -2.304
SPIN 4 10 10 7 0.863 -0.521 5.830
SPIN 4 10 10 8 -2.770 -4.888 -1.854
SPIN 4 10 10 9 -1.121 0.047 5.809
SPIN 4 10 10 10 -2.758 -2.970 -4.310
SPIN 4 10 10 11 -0.036 -5.894 -0.512
SPIN 4 10 10 12 3.517 -2.863 -3.799
SPIN 4 10 10 13 -5.784 1.211 0.288
SPIN 4 10 10 14 0.391 1.027 -5.813
SPIN 4 10 10 15 2.050 1.378 5.375
SPIN 1 10 11 0 -5.235 -1.276 -2.443
SPIN 1 10 11 1 -5.622 -0.969 1.567
SPIN 1 10 11 2 0.918 -3.260 -4.851
SPIN 1 10 11 3 0.160 5.835 0.961
SPIN 1 10 11 4 2.574 2.668 4.611
SPIN 1 10 11 5 -1.712 5.239 2.150
SPIN 1 10 11 6 3.554 -4.177 2.219
SPIN 1 10 11 7 -5.352 2.188 -1.252
SPIN 1 10 11 8 -0.603 4.418 -3.888
SPIN 1 10 11 9 3.965 -3.869 -2.076
SPIN 1 10 11 10 -1.846 4.104 -3.840
SPIN 1 10 11 11 -0.609 5.762 1.194
SPIN 1 10 11 12 -2.794 -0.941 -5.129
SPIN 1 10 11 13 -5.426 2.193 -0.867
SPIN 1 10 11 14 -0.863 -1.063 5.755
SPIN 1 10 11 15 3.747 4.578 -0.072
SPIN 4 10 11 0 5.285 -1.744 2.008
SPIN 4 10 11 1 -0.536 5.021 -3.082
SPIN 4 10 11 2 1.178 3.681 4.479
SPIN 4 10 11 3 -4.443 2.674 -2.848
SPIN 4 10 11 4 5.623 -0.232 -1.823
SPIN 4 10 11 5 -5.359 -0.154 -2.502
SPIN 4 10 11 6 -3.256 -4.934 0.236
SPIN 4 10 11 7 4.532 3.609 -1.200
SPIN 4 10 11 8 5.764 -1.321 -0.182
SPIN 4 10 11 9 -5.023 0.130 3.123
SPIN 4 10 11 10 3.236 1.238 -4.795
SPIN 4 10 11 11 -0.019 -1.427 -5.741
SPIN 4 10 11 12 2.198 -4.523 -3.116
SPIN 4 10 11 13 1.231 2.848 -5.037
SPIN 4 10 11 14 2.052 0.698 5.505
SPIN 4 10 11 15 -0.360 -3.058 5.051
SPIN 1 10 12 0 -1.312 -4.670 3.387
SPIN 1 10 12 1 1.777 3.099 -4.716
SPIN 1 10 12 2 0.992 5.668 -1.374
SPIN 1 10 12 3 -4.785 -1.101 -3.300
SPIN 1 10 12 4 -4.087 2.177 3.682
SPIN 1 10 12 5 4.290 -1.297 -3.862
SPIN 1 10 12 6 1.807 5.590 0.694
SPIN 1 10 12 7 5.688 0.095 -1.625
SPIN 1 10 12 8 -1.647 0.776 5.629
SPIN 1 10 12 9 -3.624 0.664 4.629
SPIN 1 10 12 10 -2.767 -0.444 -5.210
SPIN 1 10 12 11 0.320 -2.024 5.550
SPIN 1 10 12 12 -0.916 3.174 -4.908
SPIN 1 10 12 13 0.090 0.422 5.900
SPIN 1 10 12 14 1.193 -0.742 -5.747
SPIN 1 10 12 15 -2.426 5.103 1.754
SPIN 4 10 12 0 5.478 1.742 -1.398
SPIN 4 10 12 1 -4.273 -3.898 1.245
SPIN 4 10 12 2 4.497 3.318 1.943
SPIN 4 10 12 3 5.591 -1.432 1.299
SPIN 4 10 12 4 1.702 -3.792 -4.210
SPIN 4 10 12 5 5.587 0.894 1.729
SPIN 4 10 12 6 -2.934 3.780 -3.479
SPIN 4 10 12 7 2.968 0.400 -5.102
SPIN 4 10 12 8 0.929 -3.804 -4.434
SPIN 4 10 12 9 -5.306 2.593 0.354
SPIN 4 10 12 10 4.605 -0.392 3.693
SPIN 4 10 12 11 -3.005 0.719 5.045
SPIN 4 10 12 12 1.025 5.770 0.809
SPIN 4 10 12 13 -2.993 -3.894 3.298
SPIN 4 10 12 14 -0.744 4.389 -3.897
SPIN 4 10 12 15 1.507 1.435 -5.538
SPIN 1 10 13 0 0.027 -2.569 5.329
SPIN 1 10 13 1 3.474 0.960 4.691
SPIN 1 10 13 2 3.397 3.151 3.678
SPIN 1 10 13 3 1.985 0.875 -5.504
SPIN 1 10 13 4 -4.316 -4.032 0.343
SPIN 1 10 13 5 2.425 1.563 5.165
SPIN 1 10 13 6 -2.593 -5.036 -1.706
SPIN 1 10 13 7 -3.269 3.081 -3.850
SPIN 1 10 13 8 3.753 4.547 0.490
SPIN 1 10 13 9 -2.644 4.949 -1.876
SPIN 1 10 13 10 5.811 -1.039 0.387
SPIN 1 10 13 11 -4.522 3.490 -1.538
SPIN 1 10 13 12 -0.019 -5.770 1.304
SPIN 1 10 13 13 -2.533 -5.340 -0.259
SPIN 1 10 13 14 -1.271 5.501 1.768
SPIN 1 10 13 15 1.517 -5.657 -0.836
SPIN 4 10 13 0 -2.628 4.122 -3.332
SPIN 4 10 13 1 -0.056 -3.522 -4.753
SPIN 4 10 13 2 -0.597 0.892 5.818
SPIN 4 10 13 3 -2.433 -2.848 4.579
SPIN 4 10 13 4 -2.173 -0.994 -5.412
SPIN 4 10 13 5 2.323 -0.931 -5.361
SPIN 4 10 13 6 -4.460 -3.770 0.949
SPIN 4 10 13 7 0.983 3.791 4.434
SPIN 4 10 13 8 1.168 -4.894 -3.112
SPIN 4 10 13 9 -4.313 0.570 4.010
SPIN 4 10 13 10 -0.130 0.541 -5.890
SPIN 4 10 13 11 3.969 -2.343 -3.710
SPIN 4 10 13 12 -5.174 -2.503 -1.401
SPIN 4 10 13 13 3.033 -3.750 -3.427
SPIN 4 10 13 14 -4.570 -2.304 2.968
SPIN 4 10 13 15 -0.388 -1.067 -5.806
SPIN 1 10 14 0 -5.699 1.171 1.070
SPIN 1 10 14 1 4.703 1.164 3.395
SPIN 1 10 14 2 -3.016 -1.177 -4.951
SPIN 1 10 14 3 -1.565 1.548 -5.491
SPIN 1 10 14 4 1.008 0.027 5.830
SPIN 1 10 14 5 2.170 -3.765 -4.014
SPIN 1 10 14 6 -1.802 3.683 4.265
SPIN 1 10 14 7 2.720 1.112 -5.135
SPIN 1 10 14 8 -5.572 -1.154 -1.620
SPIN 1 10 14 9 5.649 -1.694 -0.464
SPIN 1 10 14 10 -5.697 -0.420 -1.538
SPIN 1 10 14 11 -5.065 -1.059 -2.867
SPIN 1 10 14 12 0.167 -1.726 5.656
SPIN 1 10 14 13 -5.238 2.464 -1.221
SPIN 1 10 14 14 -5.018 -2.534 -1.844
SPIN 1 10 14 15 5.842 0.844 -0.398
SPIN 4 10 14 0 0.741 -0.104 5.869
SPIN 4 10 14 1 5.086 2.988 -0.450
SPIN 4 10 14 2 -5.142 -2.386 -1.694
SPIN 4 10 14 3 -1.514 -5.091 2.606
SPIN 4 10 14 4 0.545 4.554 -3.737
SPIN 4 10 14 5 4.356 -3.013 2.636
SPIN 4 10 14 6 4.030 3.515 -2.529
SPIN 4 10 14 7 -5.598 -1.388 1.317
SPIN 4 10 14 8 4.548 -0.948 -3.662
SPIN 4 10 14 9 -0.218 2.310 -5.442
SPIN 4 10 14 10 2.080 -3.768 4.059
SPIN 4 10 14 11 5.265 -0.317 -2.679
SPIN 4 10 14 12 -2.381 0.527 -5.390
SPIN 4 10 14 13 5.722 -1.126 -0.994
SPIN 4 10 14 14 0.974 5.598 -1.647
SPIN 4 10 14 15 -5.043 -3.060 0.455
SPIN 1 10 15 0 3.802 -4.143 1.838
SPIN 1 10 15 1 -1.788 -3.897 -4.077
SPIN 1 10 15 2 3.046 3.505 3.666
SPIN 1 10 15 3 0.203 -4.847 -3.386
SPIN 1 10 15 4 5.590 0.471 -1.878
SPIN 1 10 15 5 3.355 1.226 4.716
SPIN 1 10 15 6 1.701 -5.118 -2.432
SPIN 1 10 15 7 -2.831 -5.069 1.139
SPIN 1 10 15 8 4.687 0.098 -3.608
SPIN 1 10 15 9 0.166 -5.699 -1.578
SPIN 1 10 15 10 -3.040 4.736 1.825
SPIN 1 10 15 11 -1.648 5.123 2.458
SPIN 1 10 15 12 -1.578 5.701 0.103
SPIN 1 10 15 13 3.337 -1.645 -4.600
SPIN 1 10 15 14 4.167 1.361 3.972
SPIN 1 10 15 15 4.277 -3.239 2.493
SPIN 4 10 15 0 -4.407 3.388 -2.024
SPIN 4 10 15 1 5.373 -2.429 -0.485
SPIN 4 10 15 2 -5.307 1.957 -1.734
SPIN 4 10 15 3 -2.578 -2.656 -4.615
SPIN 4 10 15 4 -5.316 -1.057 -2.372
SPIN 4 10 15 5 1.529 2.616 -5.081
SPIN 4 10 15 6 3.151 -2.716 4.206
SPIN 4 10 15 7 -2.873 -5.141 0.563
SPIN 4 10 15 8 -2.200 1.782 -5.195
SPIN 4 10 15 9 -3.611 -4.486 -1.357
SPIN 4 10 15 10 -3.652 -4.163 2.081
SPIN 4 10 15 11 3.181 4.485 -2.182
SPIN 4 10 15 12 3.816 -0.574 4.484
SPIN 4 10 15 13 4.892 -0.097 -3.326
SPIN 4 10 15 14 -3.704 3.313 -3.210
SPIN 4 10 15 15 2.166 5.403 1.057
SPIN 3 10 0 0 1.604 -0.516 -5.671
SPIN 3 10 0 1 3.302 -2.630 -4.145
SPIN 3 10 0 2 3.952 -3.894 2.055
SPIN 3 10 0 3 -5.069 1.315 -2.753
SPIN 3 10 0 4 -5.786 -0.470 -1.142
SPIN 3 10 0 5 -1.702 -5.599 -0.870
SPIN 3 10 0 6 -2.993 -4.092 -3.049
SPIN 3 10 0 7 2.828 2.883 -4.323
SPIN 3 10 0 8 0.872 -1.658 5.612
SPIN 3 10 0 9 -3.922 1.154 4.276
SPIN 3 10 0 10 -2.430 5.080 -1.814
SPIN 3 10 0 11 4.794 -3.385 -0.744
SPIN 3 10 0 12 2.849 -2.253 -4.670
SPIN 3 10 0 13 4.083 2.716 -3.309
SPIN 3 10 0 14 1.239 3.029 -4.929
SPIN 3 10 0 15 -5.626 -1.649 0.794
SPIN 2 10 0 0 3.269 -4.024 2.850
SPIN 2 10 0 1 -0.447 -1.822 5.611
SPIN 2 10 0 2 3.758 -1.668 -4.253
SPIN 2 10 0 3 -3.626 2.202 4.123
SPIN 2 10 0 4 0.544 -5.780 -1.136
SPIN 2 10 0 5 -1.507 5.285 2.190
SPIN 2 10 0 6 -2.042 4.498 3.256
SPIN 2 10 0 7 3.292 2.820 -4.027
SPIN 2 10 0 8 3.051 3.585 3.583
SPIN 2 10 0 9 2.017 3.306 -4.473
SPIN 2 10 0 10 -4.563 -0.043 -3.765
SPIN 2 10 0 11 2.970 -5.104 -0.352
SPIN 2 10 0 12 -1.186 -5.278 2.394
SPIN 2 10 0 13 4.346 2.372 3.238
SPIN 2 10 0 14 -2.282 5.431 -0.545
SPIN 2 10 0 15 -5.571 -1.719 -1.002
SPIN 3 10 1 0 -4.304 3.259 2.418
SPIN 3 10 1 1 3.800 4.528 -0.233
SPIN 3 10 1 2 -4.661 3.514 -0.963
SPIN 3 10 1 3 -0.141 -5.900 0.408
SPIN 3 10 1 4 2.389 4.332 3.244
SPIN 3 10 1 5 3.044 -1.531 -4.836
SPIN 3 10 1 6 -5.662 0.517 -1.636
SPIN 3 10 1 7 0.635 2.184 5.461
SPIN 3 10 1 8 2.003 -2.380 -5.032
SPIN 3 10 1 9 1.495 -2.512 5.144
SPIN 3 10 1 10 -4.823 1.918 2.839
SPIN 3 10 1 11 -2.362 -2.808 4.641
SPIN 3 10 1 12 5.012 2.990 -0.970
SPIN 3 10 1 13 -3.979 -4.372 -0.225
SPIN 3 10 1 14 1.711 -2.128 5.248
SPIN 3 10 1 15 3.146 4.315 -2.546
SPIN 2 10 1 0 -4.334 3.905 0.981
SPIN 2 10 1 1 3.243 4.267 2.505
SPIN 2 10 1 2 0.814 -5.807 0.784
SPIN 2 10 1 3 1.427 5.740 -0.120
SPIN 2 10 1 4 2.008 4.305 3.526
SPIN 2 10 1 5 -3.658 -3.272 -3.304
SPIN 2 10 1 6 0.098 -5.531 2.098
SPIN 2 10 1 7 0.372 -3.944 -4.394
SPIN 2 10 1 8 5.717 -1.420 0.545
SPIN 2 10 1 9 -3.101 -1.607 -4.775
SPIN 2 10 1 10 1.265 2.744 5.086
SPIN 2 10 1 11 0.607 5.462 -2.190
SPIN 2 10 1 12 1.609 -5.514 1.418
SPIN 2 10 1 13 1.512 0.975 5.636
SPIN 2 10 1 14 2.442 3.372 4.203
SPIN 2 10 1 15 4.271 -1.935 3.607
SPIN 3 10 2 0 -5.333 2.327 -1.070
SPIN 3 10 2 1 -5.158 2.596 -1.284
SPIN 3 10 2 2 -0.305 -5.350 2.506
SPIN 3 10 2 3 3.178 -4.817 1.303
SPIN 3 10 2 4 -2.316 -5.241 -1.473
SPIN 3 10 2 5 0.831 5.799 0.828
SPIN 3 10 2 6 -2.297 1.665 -5.191
SPIN 3 10 2 7 -4.952 2.643 -1.870
SPIN 3 10 2 8 0.924 3.779 -4.457
SPIN 3 10 2 9 -5.412 -1.926 -1.415
SPIN 3 10 2 10 0.287 -5.063 3.046
SPIN 3 10 2 11 4.666 0.407 -3.615
SPIN 3 10 2 12 -0.752 4.536 3.722
SPIN 3 10 2 13 4.036 -3.208 -2.901
SPIN 3 10 2 14 -2.874 1.660 -4.898
SPIN 3 10 2 15 -0.439 -5.565 -1.959
SPIN 2 10 2 0 -2.184 -5.248 1.639
SPIN 2 10 2 1 -5.509 2.071 0.604
SPIN 2 10 2 2 4.422 -2.659 2.894
SPIN 2 10 2 3 5.818 -0.477 -0.961
SPIN 2 10 2 4 -0.258 4.871 3.347
SPIN 2 10 2 5 2.510 5.048 -1.795
SPIN 2 10 2 6 -1.622 -1.165 -5.569
SPIN 2 10 2 7 -1.578 -4.338 -3.700
SPIN 2 10 2 8 -0.318 -4.391 3.952
SPIN 2 10 2 9 4.403 2.006 3.404
SPIN 2 10 2 10 3.210 -2.844 -4.076
SPIN 2 10 2 11 3.579 2.470 4.011
SPIN 2 10 2 12 -4.125 4.201 -0.581
SPIN 2 10 2 13 5.416 -2.121 -1.078
SPIN 2 10 2 14 -5.362 -1.511 -1.991
SPIN 2 10 2 15 0.016 4.686 -3.611
SPIN 3 10 3 0 0.163 4.252 -4.110
SPIN 3 10 3 1 2.607 -4.770 -2.335
SPIN 3 10 3 2 1.003 4.484 -3.726
SPIN 3 10 3 3 -1.445 -3.969 -4.142
SPIN 3 10 3 4 -0.338 4.467 3.865
SPIN 3 10 3 5 -0.418 -4.253 -4.092
SPIN 3 10 3 6 5.031 1.244 2.853
SPIN 3 10 3 7 -3.873 -3.875 -2.232
SPIN 3 10 3 8 4.723 3.388 1.104
SPIN 3 10 3 9 -4.944 1.359 -2.951
SPIN 3 10 3 10 3.880 -2.268 3.847
SPIN 3 10 3 11 1.629 -0.997 5.599
SPIN 3 10 3 12 0.642 -4.076 -4.240
SPIN 3 10 3 13 0.522 4.458 -3.854
SPIN 3 10 3 14 0.070 4.993 -3.173
SPIN 3 10 3 15 -3.248 0.190 4.941
SPIN 2 10 3 0 -4.852 0.387 3.362
SPIN 2 10 3 1 5.883 -0.502 -0.369
SPIN 2 10 3 2 -1.874 -4.556 3.275
SPIN 2 10 3 3 -0.292 -0.704 -5.867
SPIN 2 10 3 4 -0.015 5.909 -0.298
SPIN 2 10 3 5 4.445 3.609 1.489
SPIN 2 10 3 6 -2.920 4.957 1.380
SPIN 2 10 3 7 -3.791 3.051 -3.364
SPIN 2 10 3 8 -4.054 3.046 -3.048
SPIN 2 10 3 9 -3.430 -4.559 -1.565
SPIN 2 10 3 10 -3.457 4.798 0.145
SPIN 2 10 3 11 -0.415 -4.172 -4.174
SPIN 2 10 3 12 -4.217 -3.542 2.163
SPIN 2 10 3 13 0.111 5.762 1.336
SPIN 2 10 3 14 2.643 5.062 1.547
SPIN 2 10 3 15 2.861 -3.198 -4.072
SPIN 3 10 4 0 2.621 5.298 0.252
SPIN 3 10 4 1 -0.618 -5.749 1.252
SPIN 3 10 4 2 5.658 1.609 -0.628
SPIN 3 10 4 3 -3.672 0.957 4.538
SPIN 3 10 4 4 -4.299 -2.192 -3.423
SPIN 3 10 4 5 -2.025 5.464 -1.021
SPIN 3 10 4 6 -0.503 -5.574 -1.919
SPIN 3 10 4 7 5.603 0.298 -1.877
SPIN 3 10 4 8 -4.433 3.910 0.254
SPIN 3 10 4 9 -2.088 0.341 -5.525
SPIN 3 10 4 10 1.421 2.528 5.156
SPIN 3 10 4 11 -1.923 0.986 5.507
SPIN 3 10 4 12 -0.779 4.887 -3.241
SPIN 3 10 4 13 5.134 -2.937 -0.147
SPIN 3 10 4 14 -5.788 0.932 -0.793
SPIN 3 10 4 15 2.236 5.081 2.046
SPIN 2 10 4 0 5.386 -0.162 -2.442
SPIN 2 10 4 1 -5.013 0.009 3.141
SPIN 2 10 4 2 2.469 4.621 -2.748
SPIN 2 10 4 3 -5.576 -0.532 1.905
SPIN 2 10 4 4 2.322 2.896 -4.607
SPIN 2 10 4 5 0.063 -2.437 5.390
SPIN 2 10 4 6 5.774 -0.811 -1.003
SPIN 2 10 4 7 -4.475 -0.413 -3.848
SPIN 2 10 4 8 1.140 2.120 5.404
SPIN 2 10 4 9 2.590 5.318 -0.119
SPIN 2 10 4 10 0.116 -5.517 2.134
SPIN 2 10 4 11 4.591 -3.355 1.633
SPIN 2 10 4 12 2.703 -2.560 -4.598
SPIN 2 10 4 13 -3.345 0.048 -4.879
SPIN 2 10 4 14 -1.429 -5.129 2.579
SPIN 2 10 4 15 3.118 2.011 -4.608
SPIN 3 10 5 0 -4.884 0.363 -3.319
SPIN 3 10 5 1 5.721 0.284 1.480
SPIN 3 10 5 2 -4.344 -2.981 2.691
SPIN 3 10 5 3 3.634 -4.598 -0.809
SPIN 3 10 5 4 4.330 -1.880 -3.566
SPIN 3 10 5 5 -2.553 -4.775 -2.384
SPIN 3 10 5 6 -0.201 -2.672 -5.274
SPIN 3 10 5 7 5.656 -0.958 1.446
SPIN 3 10 5 8 -1.653 -1.058 -5.581
SPIN 3 10 5 9 4.355 3.243 2.349
SPIN 3 10 5 10 -3.947 -4.292 -1.001
SPIN 3 10 5 11 5.048 2.836 -1.213
SPIN 3 10 5 12 -4.879 -3.100 1.259
SPIN 3 10 5 13 1.586 0.877 5.632
SPIN 3 10 5 14 0.892 5.843 -0.251
SPIN 3 10 5 15 -2.949 4.550 -2.367
SPIN 2 10 5 0 3.649 -4.656 0.049
SPIN 2 10 5 1 -0.682 -4.107 -4.203
SPIN 2 10 5 2 -4.290 0.724 4.009
SPIN 2 10 5 3 0.899 -2.085 -5.463
SPIN 2 10 5 4 2.217 4.672 -2.873
SPIN 2 10 5 5 5.838 -0.282 -0.914
SPIN 2 10 5 6 -5.660 -0.711 -1.569
SPIN 2 10 5 7 5.000 3.102 -0.616
SPIN 2 10 5 8 -5.260 2.310 1.413
SPIN 2 10 5 9 5.726 -0.585 1.366
SPIN 2 10 5 10 -2.958 5.115 -0.296
SPIN 2 10 5 11 -4.663 2.978 -2.095
SPIN 2 10 5 12 5.019 3.069 -0.626
SPIN 2 10 5 13 5.877 -0.237 -0.637
SPIN 2 10 5 14 5.185 -2.549 -1.272
SPIN 2 10 5 15 -5.784 -1.190 -0.364
SPIN 3 10 6 0 1.449 4.283 -3.815
SPIN 3 10 6 1 -0.251 1.914 5.592
SPIN 3 10 6 2 2.154 -4.247 -3.511
SPIN 3 10 6 3 -5.481 -0.455 2.179
SPIN 3 10 6 4 3.633 -2.696 3.813
SPIN 3 10 6 5 4.546 1.710 3.377
SPIN 3 10 6 6 -3.473 -4.046 2.562
SPIN 3 10 6 7 -5.856 -0.794 -0.272
SPIN 3 10 6 8 0.041 -4.046 -4.316
SPIN 3 10 6 9 1.364 1.107 5.649
SPIN 3 10 6 10 1.345 5.024 -2.819
SPIN 3 10 6 11 0.150 -3.690 4.622
SPIN 3 10 6 12 1.879 0.040 -5.609
SPIN 3 10 6 13 -4.760 0.828 -3.414
SPIN 3 10 6 14 5.664 1.210 -1.207
SPIN 3 10 6 15 3.567 2.451 4.033
SPIN 2 10 6 0 1.419 -5.011 2.807
SPIN 2 10 6 1 -0.442 5.100 -2.965
SPIN 2 10 6 2 -2.128 -5.505 0.401
SPIN 2 10 6 3 4.985 1.978 -2.498
SPIN 2 10 6 4 -0.746 5.408 2.280
SPIN 2 10 6 5 3.372 -4.457 1.941
SPIN 2 10 6 6 4.508 -3.345 1.867
SPIN 2 10 6 7 -2.328 2.090 -5.021
SPIN 2 10 6 8 0.516 -2.888 5.137
SPIN 2 10 6 9 -4.388 2.363 -3.188
SPIN 2 10 6 10 3.837 2.183 -3.938
SPIN 2 10 6 11 3.673 -4.516 -1.056
SPIN 2 10 6 12 4.038 -3.748 -2.155
SPIN 2 10 6 13 -5.557 1.889 0.739
SPIN 2 10 6 14 0.564 -2.132 -5.490
SPIN 2 10 6 15 -2.107 -2.934 4.685
SPIN 3 10 7 0 4.743 3.536 0.069
SPIN 3 10 7 1 1.863 -2.179 -5.175
SPIN 3 10 7 2 -0.423 4.431 3.897
SPIN 3 10 7 3 5.394 -2.021 -1.349
SPIN 3 10 7 4 3.008 4.372 -2.615
SPIN 3 10 7 5 -5.437 1.911 -1.336
SPIN 3 10 7 6 4.200 2.035 3.636
SPIN 3 10 7 7 3.601 2.622 -3.893
SPIN 3 10 7 8 4.493 1.278 -3.631
SPIN 3 10 7 9 -4.216 -2.269 -3.475
SPIN 3 10 7 10 -3.751 -0.165 4.572
SPIN 3 10 7 11 5.614 0.550 -1.784
SPIN 3 10 7 12 4.043 -4.252 -0.760
SPIN 3 10 7 13 -2.495 -5.165 1.448
SPIN 3 10 7 14 0.229 1.894 5.600
SPIN 3 10 7 15 -4.714 -3.571 -0.173
SPIN 2 10 7 0 -4.373 1.012 3.854
SPIN 2 10 7 1 1.089 -4.109 4.115
SPIN 2 10 7 2 1.210 5.757 0.628
SPIN 2 10 7 3 -1.770 2.202 5.198
SPIN 2 10 7 4 -2.429 -0.579 -5.363
SPIN 2 10 7 5 -1.403 -0.528 5.723
SPIN 2 10 7 6 -2.276 3.631 4.078
SPIN 2 10 7 7 2.874 -5.170 -0.123
SPIN 2 10 7 8 1.866 5.204 2.105
SPIN 2 10 7 9 0.846 -5.854 -0.138
SPIN 2 10 7 10 5.897 -0.353 0.323
SPIN 2 10 7 11 -5.635 1.024 -1.482
SPIN 2 10 7 12 -4.271 4.093 0.075
SPIN 2 10 7 13 2.077 0.338 -5.529
SPIN 2 10 7 14 -0.213 0.104 5.911
SPIN 2 10 7 15 5.088 -2.517 -1.665
SPIN 3 10 8 0 0.691 -2.747 5.194
SPIN 3 10 8 1 -2.003 2.994 -4.693
SPIN 3 10 8 2 -2.799 -4.500 2.630
SPIN 3 10 8 3 -0.909 2.234 -5.402
SPIN 3 10 8 4 0.656 3.170 4.951
SPIN 3 10 8 5 0.023 5.906 -0.347
SPIN 3 10 8 6 2.743 -3.073 -4.247
SPIN 3 10 8 7 -2.779 5.219 0.215
SPIN 3 10 8 8 -4.208 0.896 4.061
SPIN 3 10 8 9 2.844 3.539 3.794
SPIN 3 10 8 10 0.397 4.261 4.085
SPIN 3 10 8 11 5.085 0.929 -2.877
SPIN 3 10 8 12 -0.242 -3.926 4.419
SPIN 3 10 8 13 -3.952 -2.351 -3.723
SPIN 3 10 8 14 -0.871 4.594 3.625
SPIN 3 10 8 15 2.863 -4.347 -2.812
SPIN 2 10 8 0 -2.466 -5.220 -1.295
SPIN 2 10 8 1 -2.770 -2.561 -4.557
SPIN 2 10 8 2 3.776 2.635 -3.714
SPIN 2 10 8 3 -1.006 -5.641 -1.471
SPIN 2 10 8 4 3.728 0.773 4.528
SPIN 2 10 8 5 4.700 2.698 -2.372
SPIN 2 10 8 6 -1.439 -1.303 5.589
SPIN 2 10 8 7 -4.459 2.723 -2.776
SPIN 2 10 8 8 4.212 -3.343 -2.466
SPIN 2 10 8 9 -2.292 4.709 -2.751
SPIN 2 10 8 10 -5.551 0.631 1.946
SPIN 2 10 8 11 0.140 3.238 -4.950
SPIN 2 10 8 12 3.532 -1.547 4.487
SPIN 2 10 8 13 -5.611 1.434 -1.210
SPIN 2 10 8 14 4.290 2.455 3.251
SPIN 2 10 8 15 -5.491 -0.361 -2.173
SPIN 3 10 9 0 1.976 -5.292 1.757
SPIN 3 10 9 1 -1.385 3.852 4.271
SPIN 3 10 9 2 -3.865 1.872 4.069
SPIN 3 10 9 3 0.163 5.224 2.772
SPIN 3 10 9 4 -3.041 -2.534 -4.397
SPIN 3 10 9 5 -1.448 -1.724 -5.471
SPIN 3 10 9 6 -1.947 5.421 -1.348
SPIN 3 10 9 7 -5.536 0.148 2.082
SPIN 3 10 9 8 -0.897 4.768 3.385
SPIN 3 10 9 9 -0.417 1.431 -5.725
SPIN 3 10 9 10 -5.237 -0.416 -2.721
SPIN 3 10 9 11 -3.636 -4.667 0.016
SPIN 3 10 9 12 -3.596 4.698 -0.020
SPIN 3 10 9 13 5.568 0.995 -1.733
SPIN 3 10 9 14 5.673 -1.675 0.072
SPIN 3 10 9 15 -5.705 1.300 -0.876
SPIN 2 10 9 0 0.505 3.795 4.511
SPIN 2 10 9 1 -2.429 1.571 -5.161
SPIN 2 10 9 2 3.758 -4.569 -0.026
SPIN 2 10 9 3 0.694 -5.842 -0.624
SPIN 2 10 9 4 -4.541 -1.408 3.521
SPIN 2 10 9 5 1.456 -2.946 4.919
SPIN 2 10 9 6 -3.771 4.318 -1.461
SPIN 2 10 9 7 -0.913 -1.223 5.716
SPIN 2 10 9 8 4.801 -2.981 -1.752
SPIN 2 10 9 9 0.576 0.285 -5.881
SPIN 2 10 9 10 5.760 -1.316 -0.302
SPIN 2 10 9 11 -0.184 2.615 5.303
SPIN 2 10 9 12 -4.736 -1.972 -2.946
SPIN 2 10 9 13 4.447 1.670 -3.527
SPIN 2 10 9 14 0.583 -2.376 -5.387
SPIN 2 10 9 15 -3.966 3.331 -2.860
SPIN 3 10 10 0 -4.657 1.815 3.166
SPIN 3 10 10 1 -1.529 1.180 -5.592
SPIN 3 10 10 2 5.564 -1.411 1.433
SPIN 3 10 10 3 3.956 0.091 4.398
SPIN 3 10 10 4 -2.189 -4.556 3.075
SPIN 3 10 10 5 2.446 -5.159 1.552
SPIN 3 10 10 6 5.385 2.168 1.141
SPIN 3 10 10 7 -3.904 -4.098 1.723
SPIN 3 10 10 8 3.416 -2.954 3.822
SPIN 3 10 10 9 -4.346 3.056 2.602
SPIN 3 10 10 10 4.625 3.567 -0.940
SPIN 3 10 10 11 4.544 3.397 -1.677
SPIN 3 10 10 12 0.438 -5.287 -2.619
SPIN 3 10 10 13 -5.484 -0.737 -2.092
SPIN 3 10 10 14 2.332 -0.940 5.355
SPIN 3 10 10 15 0.040 -3.971 -4.385
SPIN 2 10 10 0 -1.093 -3.793 4.407
SPIN 2 10 10 1 1.863 5.034 -2.488
SPIN 2 10 10 2 -5.900 -0.208 -0.385
SPIN 2 10 10 3 -3.464 -1.275 4.623
SPIN 2 10 10 4 1.410 -3.973 -4.150
SPIN 2 10 10 5 -0.483 3.446 -4.785
SPIN 2 10 10 6 -0.462 5.103 2.957
SPIN 2 10 10 7 -1.272 -0.858 -5.714
SPIN 2 10 10 8 -2.254 0.515 -5.446
SPIN 2 10 10 9 -4.430 3.921 0.074
SPIN 2 10 10 10 -4.806 1.951 2.845
SPIN 2 10 10 11 0.284 -3.750 4.567
SPIN 2 10 10 12 5.006 0.948 -3.007
SPIN 2 10 10 13 5.653 0.775 -1.562
SPIN 2 10 10 14 -5.819 0.310 1.022
SPIN 2 10 10 15 -3.552 1.270 4.558
SPIN 3 10 11 0 -0.806 -2.673 -5.216
SPIN 3 10 11 1 0.691 -5.875 0.105
SPIN 3 10 11 2 -2.285 -5.259 1.458
SPIN 3 10 11 3 4.048 -3.094 3.007
SPIN 3 10 11 4 -2.058 3.769 -4.070
SPIN 3 10 11 5 4.331 2.683 3.008
SPIN 3 10 11 6 -0.216 5.363 -2.487
SPIN 3 10 11 7 4.540 -3.413 1.656
SPIN 3 10 11 8 -2.378 -0.946 -5.334
SPIN 3 10 11 9 5.879 -0.125 0.647
SPIN 3 10 11 10 -3.316 2.341 -4.304
SPIN 3 10 11 11 -3.274 -4.708 -1.454
SPIN 3 10 11 12 -4.136 3.546 -2.307
SPIN 3 10 11 13 3.213 -4.499 -2.106
SPIN 3 10 11 14 -2.828 4.431 2.715
SPIN 3 10 11 15 -0.857 -5.530 1.919
SPIN 2 10 11 0 0.744 1.643 -5.634
SPIN 2 10 11 1 1.848 0.113 5.619
SPIN 2 10 11 2 2.859 4.675 -2.229
SPIN 2 10 11 3 -4.454 0.018 -3.893
SPIN 2 10 11 4 -2.876 -0.416 5.153
SPIN 2 10 11 5 -1.717 -5.611 -0.754
SPIN 2 10 11 6 -1.028 0.702 -5.784
SPIN 2 10 11 7 -2.122 1.118 5.408
SPIN 2 10 11 8 -0.962 -5.632 1.534
SPIN 2 10 11 9 4.301 4.034 0.472
SPIN 2 10 11 10 -2.756 2.653 4.513
SPIN 2 10 11 11 5.865 -0.197 -0.751
SPIN 2 10 11 12 3.498 2.428 4.108
SPIN 2 10 11 13 -4.128 -3.288 2.674
SPIN 2 10 11 14 -1.548 4.909 2.917
SPIN 2 10 11 15 1.666 0.219 -5.672
SPIN 3 10 12 0 5.390 -2.379 -0.539
SPIN 3 10 12 1 -2.729 2.815 4.430
SPIN 3 10 12 2 3.654 3.178 3.398
SPIN 3 10 12 3 -1.433 -4.497 -3.567
SPIN 3 10 12 4 -5.454 -2.012 1.100
SPIN 3 10 12 5 -5.644 0.762 1.602
SPIN 3 10 12 6 0.639 5.555 1.932
SPIN 3 10 12 7 -0.136 -5.914 -0.094
SPIN 3 10 12 8 2.463 -0.035 5.379
SPIN 3 10 12 9 4.348 3.489 -1.981
SPIN 3 10 12 10 -3.754 -0.802 -4.501
SPIN 3 10 12 11 -3.172 4.364 2.428
SPIN 3 10 12 12 0.216 -0.226 -5.908
SPIN 3 10 12 13 -0.250 5.547 -2.041
SPIN 3 10 12 14 5.103 2.306 1.908
SPIN 3 10 12 15 -0.533 -5.232 -2.710
SPIN 2 10 12 0 -3.666 -2.244 4.065
SPIN 2 10 12 1 3.127 3.133 -3.925
SPIN 2 10 12 2 -4.456 -2.468 -3.008
SPIN 2 10 12 3 4.746 1.454 3.219
SPIN 2 10 12 4 4.061 2.222 -3.684
SPIN 2 10 12 5 4.068 -3.909 1.781
SPIN 2 10 12 6 -3.453 4.288 -2.165
SPIN 2 10 12 7 0.614 -5.777 -1.115
SPIN 2 10 12 8 5.389 -2.424 0.282
SPIN 2 10 12 9 0.373 -5.864 -0.692
SPIN 2 10 12 10 -5.908 -0.114 0.296
SPIN 2 10 12 11 -1.380 -4.833 -3.121
SPIN 2 10 12 12 5.087 2.917 -0.785
SPIN 2 10 12 13 5.763 -1.050 -0.826
SPIN 2 10 12 14 -5.339 0.576 -2.483
SPIN 2 10 12 15 4.903 3.207 0.819
SPIN 3 10 13 0 3.995 -3.243 2.920
SPIN 3 10 13 1 2.764 4.177 -3.149
SPIN 3 10 13 2 -5.677 0.366 -1.624
SPIN 3 10 13 3 -0.770 -1.144 -5.753
SPIN 3 10 13 4 -1.205 -4.416 3.747
SPIN 3 10 13 5 -5.845 0.014 0.913
SPIN 3 10 13 6 1.052 -2.961 -5.013
SPIN 3 10 13 7 4.443 3.876 -0.485
SPIN 3 10 13 8 2.524 -4.145 3.383
SPIN 3 10 13 9 -2.447 -4.611 -2.784
SPIN 3 10 13 10 1.230 -1.145 -5.672
SPIN 3 10 13 11 3.024 5.059 -0.517
SPIN 3 10 13 12 -3.865 4.409 -0.787
SPIN 3 10 13 13 1.931 -3.365 4.466
SPIN 3 10 13 14 0.359 4.821 3.410
SPIN 3 10 13 15 -2.182 4.986 -2.319
SPIN 2 10 13 0 -0.014 3.202 -4.975
SPIN 2 10 13 1 -5.410 0.685 2.294
SPIN 2 10 13 2 1.647 0.007 5.682
SPIN 2 10 13 3 3.261 -3.259 -3.708
SPIN 2 10 13 4 -3.879 -3.076 3.238
SPIN 2 10 13 5 0.588 4.276 -4.046
SPIN 2 10 13 6 2.933 4.379 -2.687
SPIN 2 10 13 7 0.337 4.910 3.283
SPIN 2 10 13 8 -4.792 -0.859 -3.361
SPIN 2 10 13 9 0.210 -1.463 5.729
SPIN 2 10 13 10 3.116 -1.527 -4.792
SPIN 2 10 13 11 -0.192 5.130 2.940
SPIN 2 10 13 12 3.219 0.463 -4.942
SPIN 2 10 13 13 -5.151 0.007 -2.910
SPIN 2 10 13 14 -1.530 -5.576 1.251
SPIN 2 10 13 15 0.067 5.913 0.194
SPIN 3 10 14 0 5.779 -0.811 0.971
SPIN 3 10 14 1 3.133 -4.950 0.824
SPIN 3 10 14 2 -3.958 3.509 2.650
SPIN 3 10 14 3 -3.384 4.414 2.017
SPIN 3 10 14 4 3.057 -2.675 4.301
SPIN 3 10 14 5 -4.921 -2.232 2.409
SPIN 3 10 14 6 -2.211 3.759 3.998
SPIN 3 10 14 7 -1.949 1.288 -5.435
SPIN 3 10 14 8 2.472 4.413 -3.069
SPIN 3 10 14 9 -1.770 -5.214 2.162
SPIN 3 10 14 10 -1.249 5.756 0.561
SPIN 3 10 14 11 -4.741 -0.979 3.400
SPIN 3 10 14 12 4.990 -0.789 -3.079
SPIN 3 10 14 13 -4.182 -2.712 3.187
SPIN 3 10 14 14 -0.253 4.097 -4.261
SPIN 3 10 14 15 -1.221 -3.309 4.750
SPIN 2 10 14 0 -3.032 -0.802 5.017
SPIN 2 10 14 1 -2.110 0.183 -5.524
SPIN 2 10 14 2 -2.800 -1.478 -4.998
SPIN 2 10 14 3 -1.598 -4.886 2.928
SPIN 2 10 14 4 5.585 1.898 -0.457
SPIN 2 10 14 5 -5.670 1.315 1.059
SPIN 2 10 14 6 2.199 4.116 -3.636
SPIN 2 10 14 7 2.022 -5.081 -2.258
SPIN 2 10 14 8 -1.392 1.485 5.555
SPIN 2 10 14 9 0.879 -2.593 -5.244
SPIN 2 10 14 10 -5.652 1.314 -1.151
SPIN 2 10 14 11 2.342 -3.507 -4.149
SPIN 2 10 14 12 -4.782 3.471 0.299
SPIN 2 10 14 13 3.745 -4.064 2.112
SPIN 2 10 14 14 0.669 -2.463 5.337
SPIN 2 10 14 15 2.008 4.503 -3.270
SPIN 3 10 15 0 -0.626 -5.846 0.662
SPIN 3 10 15 1 -1.691 0.856 -5.604
SPIN 3 10 15 2 5.310 -1.399 -2.203
SPIN 3 10 15 3 1.960 4.990 2.502
SPIN 3 10 15 4 -0.544 -5.873 0.454
SPIN 3 10 15 5 5.888 0.518 -0.241
SPIN 3 10 15 6 -2.951 -0.462 5.107
SPIN 3 10 15 7 0.317 5.847 0.845
SPIN 3 10 15 8 -3.881 1.992 3.996
SPIN 3 10 15 9 -4.841 -1.600 3.001
SPIN 3 10 15 10 1.797 -1.706 5.372
SPIN 3 10 15 11 1.083 2.714 -5.144
SPIN 3 10 15 12 -4.006 -4.335 0.401
SPIN 3 10 15 13 -4.507 1.384 3.574
SPIN 3 10 15 14 2.002 -2.750 -4.840
SPIN 3 10 15 15 -4.988 0.452 3.148
SPIN 2 10 15 0 1.639 4.587 3.357
SPIN 2 10 15 1 5.309 0.061 2.611
SPIN 2 10 15 2 -2.068 2.165 5.103
SPIN 2 10 15 3 3.664 2.342 4.011
SPIN 2 10 15 4 -2.091 5.380 1.298
SPIN 2 10 15 5 -2.464 -1.683 5.108
SPIN 2 10 15 6 -0.014 3.668 -4.642
SPIN 2 10 15 7 -0.614 2.809 5.171
SPIN 2 10 15 8 -5.400 -2.244 -0.896
SPIN 2 10 15 9 -3.585 -0.340 -4.694
SPIN 2 10 15 10 5.684 -0.963 -1.329
SPIN 2 10 15 11 -2.973 2.114 -4.658
SPIN 2 10 15 12 4.948 0.031 -3.243
SPIN 2 10 15 13 -0.593 -5.883 0.188
SPIN 2 10 15 14 1.282 -3.174 -4.825
SPIN 2 10 15 15 -5.471 -0.326 -2.227
SPIN 1 11 0 0 3.900 -3.864 -2.204
SPIN 1 11 0 1 -5.564 -0.611 1.915
SPIN 1 11 0 2 -0.020 -5.823 1.045
SPIN 1 11 0 3 -2.515 5.123 -1.559
SPIN 1 11 0 4 2.397 -2.823 4.613
SPIN 1 11 0 5 0.457 3.428 4.800
SPIN 1 11 0 6 5.450 -2.162 -0.790
SPIN 1 11 0 7 -2.668 4.018 -3.426
SPIN 1 11 0 8 -2.769 1.952 4.850
SPIN 1 11 0 9 1.109 -3.415 -4.702
SPIN 1 11 0 10 -2.421 1.848 -5.072
SPIN 1 11 0 11 5.810 -0.766 0.813
SPIN 1 11 0 12 -0.358 5.227 2.747
SPIN 1 11 0 13 1.646 -4.074 -3.962
SPIN 1 11 0 14 4.875 0.001 -3.352
SPIN 1 11 0 15 4.476 -0.463 -3.841
SPIN 4 11 0 0 -2.561 3.613 3.922
SPIN 4 11 0 1 0.664 5.484 -2.119
SPIN 4 11 0 2 0.368 5.824 0.975
SPIN 4 11 0 3 -4.815 0.921 3.312
SPIN 4 11 0 4 0.067 -5.171 -2.874
SPIN 4 11 0 5 -4.192 3.496 -2.281
SPIN 4 11 0 6 0.121 -5.254 2.717
SPIN 4 11 0 7 -5.344 -2.024 -1.530
SPIN 4 11 0 8 5.632 -1.356 -1.203
SPIN 4 11 0 9 -5.888 -0.546 0.166
SPIN 4 11 0 10 -1.802 -4.141 3.822
SPIN 4 11 0 11 -0.932 0.910 -5.771
SPIN 4 11 0 12 3.586 3.541 -3.099
SPIN 4 11 0 13 -0.419 -4.871 -3.332
SPIN 4 11 0 14 -3.771 -1.888 -4.149
SPIN 4 11 0 15 1.377 -5.680 0.918
SPIN 1 11 1 0 -4.152 2.801 -3.149
SPIN 1 11 1 1 1.990 -2.583 -4.936
SPIN 1 11 1 2 -4.918 0.939 -3.151
SPIN 1 11 1 3 4.046 4.160 -1.152
SPIN 1 11 1 4 -3.161 4.422 -2.335
SPIN 1 11 1 5 2.730 5.220 0.547
SPIN 1 11 1 6 -3.808 3.862 -2.362
SPIN 1 11 1 7 1.728 3.388 -4.532
SPIN 1 11 1 8 2.145 -3.494 -4.265
SPIN 1 11 1 9 5.160 2.352 1.687
SPIN 1 11 1 10 -1.454 1.207 5.606
SPIN 1 11 1 11 -1.703 -5.644 -0.494
SPIN 1 11 1 12 -2.129 1.243 5.378
SPIN 1 11 1 13 1.354 -1.308 5.609
SPIN 1 11 1 14 3.777 -4.452 -0.957
SPIN 1 11 1 15 -5.815 -0.869 0.657
SPIN 4 11 1 0 -1.378 -5.632 1.176
SPIN 4 11 1 1 5.181 1.557 -2.395
SPIN 4 11 1 2 -0.454 -5.358 2.466
SPIN 4 11 1 3 3.032 4.971 1.049
SPIN 4 11 1 4 5.753 -0.977 0.974
SPIN 4 11 1 5 -4.243 -0.265 4.115
SPIN 4 11 1 6 2.322 2.913 -4.596
SPIN 4 11 1 7 -1.156 1.512 -5.601
SPIN 4 11 1 8 -3.192 -3.339 3.696
SPIN 4 11 1 9 5.279 -2.601 -0.607
SPIN 4 11 1 10 5.466 -2.145 -0.723
SPIN 4 11 1 11 0.482 -0.011 5.896
SPIN 4 11 1 12 3.341 3.077 3.791
SPIN 4 11 1 13 -4.248 3.234 -2.549
SPIN 4 11 1 14 3.614 4.090 -2.281
SPIN 4 11 1 15 1.930 0.513 5.569
SPIN 1 11 2 0 -2.827 1.901 4.837
SPIN 1 11 2 1 3.610 -4.684 -0.158
SPIN 1 11 2 2 0.228 5.524 2.107
SPIN 1 11 2 3 -4.484 -2.073 3.255
SPIN 1 11 2 4 5.336 -0.342 -2.533
SPIN 1 11 2 5 -5.232 -0.120 -2.758
SPIN 1 11 2 6 4.965 1.768 2.687
SPIN 1 11 2 7 3.446 1.334 4.620
SPIN 1 11 2 8 1.348 1.583 5.539
SPIN 1 11 2 9 -2.205 2.366 -4.954
SPIN 1 11 2 10 -2.160 -4.488 -3.192
SPIN 1 11 2 11 -4.433 0.165 3.914
SPIN 1 11 2 12 -2.339 4.581 2.923
SPIN 1 11 2 13 4.307 0.675 3.999
SPIN 1 11 2 14 -1.106 -5.094 2.798
SPIN 1 11 2 15 1.708 4.330 3.651
SPIN 4 11 2 0 1.679 -1.010 5.582
SPIN 4 11 2 1 4.222 -1.588 3.828
SPIN 4 11 2 2 -1.124 -1.961 -5.467
SPIN 4 11 2 3 -3.170 4.995 -0.090
SPIN 4 11 2 4 -3.384 1.575 -4.590
SPIN 4 11 2 5 5.315 1.027 2.386
SPIN 4 11 2 6 -5.490 -1.288 1.790
SPIN 4 11 2 7 5.489 -2.127 0.591
SPIN 4 11 2 8 -3.053 5.017 0.712
SPIN 4 11 2 9 5.708 0.141 1.549
SPIN 4 11 2 10 5.028 2.652 -1.640
SPIN 4 11 2 11 -0.492 4.364 -3.964
SPIN 4 11 2 12 -2.856 3.714 3.613
SPIN 4 11 2 13 1.486 -4.923 -2.925
SPIN 4 11 2 14 4.778 -3.446 0.543
SPIN 4 11 2 15 -4.922 -2.807 -1.703
SPIN 1 11 3 0 3.649 4.296 1.797
SPIN 1 11 3 1 -5.083 2.586 1.573
SPIN 1 11 3 2 1.562 5.688 -0.460
SPIN 1 11 3 3 -1.770 -3.995 3.989
SPIN 1 11 3 4 0.005 2.794 -5.215
SPIN 1 11 3 5 -2.378 -4.975 -2.143
SPIN 1 11 3 6 -5.036 0.847 2.986
SPIN 1 11 3 7 4.355 1.031 3.869
SPIN 1 11 3 8 -1.544 -5.705 -0.260
SPIN 1 11 3 9 4.572 3.455 1.470
SPIN 1 11 3 10 -2.821 -5.107 0.982
SPIN 1 11 3 11 4.630 2.208 -2.947
SPIN 1 11 3 12 1.243 -1.018 -5.694
SPIN 1 11 3 13 -0.361 -4.689 3.589
SPIN 1 11 3 14 -3.383 4.018 -2.724
SPIN 1 11 3 15 -2.835 -0.032 5.192
SPIN 4 11 3 0 5.437 2.163 -0.871
SPIN 4 11 3 1 -1.583 -4.949 2.829
SPIN 4 11 3 2 -5.369 2.459 -0.356
SPIN 4 11 3 3 1.993 2.350 -5.051
SPIN 4 11 3 4 -1.690 -5.506 -1.354
SPIN 4 11 3 5 0.650 -2.949 5.087
SPIN 4 11 3 6 -2.453 3.228 -4.308
SPIN 4 11 3 7 4.173 -4.102 0.872
SPIN 4 11 3 8 2.191 5.355 -1.233
SPIN 4 11 3 9 2.075 3.228 4.503
SPIN 4 11 3 10 -1.944 -3.491 -4.363
SPIN 4 11 3 11 1.785 5.640 0.039
SPIN 4 11 3 12 -2.901 -0.873 5.082
SPIN 4 11 3 13 3.814 -3.861 2.355
SPIN 4 11 3 14 1.523 2.757 -5.008
SPIN 4 11 3 15 -4.019 1.382 -4.116
SPIN 1 11 4 0 5.179 -2.453 1.471
SPIN 1 11 4 1 -4.119 -4.222 0.454
SPIN 1 11 4 2 -3.412 -0.910 -4.747
SPIN 1 11 4 3 4.304 -4.057 -0.126
SPIN 1 11 4 4 -1.225 5.751 0.650
SPIN 1 11 4 5 5.176 -2.764 0.755
SPIN 1 11 4 6 -3.542 -3.571 3.116
SPIN 1 11 4 7 -2.320 -5.435 0.272
SPIN 1 11 4 8 -2.126 4.344 -3.408
SPIN 1 11 4 9 -2.548 -4.800 2.338
SPIN 1 11 4 10 5.656 -0.811 -1.535
SPIN 1 11 4 11 5.402 -2.268 0.818
SPIN 1 11 4 12 1.294 0.933 5.697
SPIN 1 11 4 13 5.763 1.213 -0.566
SPIN 1 11 4 14 -0.864 -2.633 5.227
SPIN 1 11 4 15 2.537 -3.784 -3.775
SPIN 4 11 4 0 -2.238 0.230 -5.472
SPIN 4 11 4 1 3.526 3.388 -3.330
SPIN 4 11 4 2 1.380 -4.592 3.465
SPIN 4 11 4 3 5.525 0.304 2.093
SPIN 4 11 4 4 4.844 0.928 -3.266
SPIN 4 11 4 5 5.486 0.462 2.167
SPIN 4 11 4 6 3.486 -2.981 -3.736
SPIN 4 11 4 7 -5.434 2.035 -1.152
SPIN 4 11 4 8 3.401 -3.822 2.970
SPIN 4 11 4 9 -2.930 0.038 -5.139
SPIN 4 11 4 10 3.051 4.326 2.641
SPIN 4 11 4 11 -3.934 -2.570 -3.595
SPIN 4 11 4 12 2.242 -2.848 4.676
SPIN 4 11 4 13 2.465 -2.034 -4.979
SPIN 4 11 4 14 -3.469 -0.893 4.708
SPIN 4 11 4 15 -1.214 2.424 -5.258
SPIN 1 11 5 0 2.807 1.932 4.836
SPIN 1 11 5 1 -4.025 0.490 -4.308
SPIN 1 11 5 2 2.578 -2.968 4.421
SPIN 1 11 5 3 -3.271 4.919 0.327
SPIN 1 11 5 4 -2.533 -2.237 4.856
SPIN 1 11 5 5 3.755 2.542 3.799
SPIN 1 11 5 6 3.817 1.868 4.116
SPIN 1 11 5 7 -3.299 4.797 -1.049
SPIN 1 11 5 8 4.166 3.763 1.866
SPIN 1 11 5 9 -4.101 -3.211 -2.805
SPIN 1 11 5 10 -4.371 0.606 3.940
SPIN 1 11 5 11 -4.735 1.881 -3.007
SPIN 1 11 5 12 4.399 -2.829 2.765
SPIN 1 11 5 13 -4.913 1.236 3.055
SPIN 1 11 5 14 -0.216 -5.912 -0.059
SPIN 1 11 5 15 -2.489 5.346 -0.472
SPIN 4 11 5 0 4.572 2.989 2.271
SPIN 4 11 5 1 2.822 -4.767 -2.076
SPIN 4 11 5 2 -5.638 -1.792 -0.054
SPIN 4 11 5 3 5.585 -1.934 -0.259
SPIN 4 11 5 4 -1.736 -0.901 5.583
SPIN 4 11 5 5 0.282 -0.791 -5.856
SPIN 4 11 5 6 1.911 1.741 5.321
SPIN 4 11 5 7 2.754 -3.970 -3.414
SPIN 4 11 5 8 -2.491 0.659 5.325
SPIN 4 11 5 9 1.757 -5.649 -0.000
SPIN 4 11 5 10 4.212 -2.472 -3.339
SPIN 4 11 5 11 -5.339 -1.351 -2.162
SPIN 4 11 5 12 -5.874 -0.251 -0.655
SPIN 4 11 5 13 -2.237 4.158 -3.564
SPIN 4 11 5 14 4.206 2.165 -3.553
SPIN 4 11 5 15 -1.811 -5.510 1.168
SPIN 1 11 6 0 -0.863 -2.073 -5.473
SPIN 1 11 6 1 -1.407 -4.856 3.072
SPIN 1 11 6 2 3.675 -1.694 -4.316
SPIN 1 11 6 3 -1.986 4.508 3.277
SPIN 1 11 6 4 1.208 5.760 -0.608
SPIN 1 11 6 5 4.411 -3.921 0.410
SPIN 1 11 6 6 -2.025 5.162 -2.061
SPIN 1 11 6 7 3.754 -4.471 0.957
SPIN 1 11 6 8 -1.815 5.458 1.385
SPIN 1 11 6 9 2.040 -2.292 -5.058
SPIN 1 11 6 10 -2.265 1.731 5.184
SPIN 1 11 6 11 3.653 -2.115 4.145
SPIN 1 11 6 12 1.906 3.822 -4.093
SPIN 1 11 6 13 -0.778 5.827 -0.664
SPIN 1 11 6 14 -2.124 1.651 5.269
SPIN 1 11 6 15 3.616 -3.933 2.541
SPIN 4 11 6 0 -1.109 -0.874 -5.745
SPIN 4 11 6 1 -5.525 0.045 2.115
SPIN 4 11 6 2 -2.569 3.618 3.912
SPIN 4 11 6 3 1.909 0.712 5.554
SPIN 4 11 6 4 -4.319 -3.818 -1.330
SPIN 4 11 6 5 -0.218 5.149 -2.906
SPIN 4 11 6 6 -1.758 -5.649 -0.059
SPIN 4 11 6 7 -0.907 5.513 1.945
SPIN 4 11 6 8 2.869 5.092 -0.920
SPIN 4 11 6 9 -4.420 -1.648 -3.570
SPIN 4 11 6 10 -0.417 1.448 5.721
SPIN 4 11 6 11 5.486 1.988 0.974
SPIN 4 11 6 12 -2.032 -3.808 -4.046
SPIN 4 11 6 13 3.354 -4.654 1.447
SPIN 4 11 6 14 -3.783 -3.502 -2.902
SPIN 4 11 6 15 -2.808 4.465 -2.680
SPIN 1 11 7 0 -0.572 5.263 -2.641
SPIN 1 11 7 1 -4.756 -2.429 2.546
SPIN 1 11 7 2 5.393 1.609 1.823
SPIN 1 11 7 3 -5.525 -1.727 -1.222
SPIN 1 11 7 4 -2.806 2.997 -4.260
SPIN 1 11 7 5 5.813 0.387 1.031
SPIN 1 11 7 6 3.166 -4.554 2.060
SPIN 1 11 7 7 -3.463 4.335 -2.052
SPIN 1 11 7 8 -4.254 1.729 -3.730
SPIN 1 11 7 9 4.825 3.216 -1.174
SPIN 1 11 7 10 -4.248 3.527 2.125
SPIN 1 11 7 11 2.117 5.168 -1.951
SPIN 1 11 7 12 -1.591 -2.970 4.863
SPIN 1 11 7 13 -1.083 1.294 5.670
SPIN 1 11 7 14 5.718 -0.865 -1.247
SPIN 1 11 7 15 3.672 4.043 2.274
SPIN 4 11 7 0 -0.387 -3.420 -4.812
SPIN 4 11 7 1 0.054 5.916 -0.024
SPIN 4 11 7 2 0.200 2.014 -5.559
SPIN 4 11 7 3 -4.452 0.006 -3.896
SPIN 4 11 7 4 4.989 3.156 0.387
SPIN 4 11 7 5 1.187 -0.511 -5.773
SPIN 4 11 7 6 4.435 0.909 3.809
SPIN 4 11 7 7 1.381 -5.639 1.136
SPIN 4 11 7 8 2.808 -0.673 5.164
SPIN 4 11 7 9 -1.673 5.123 2.440
SPIN 4 11 7 10 -3.849 -4.404 -0.888
SPIN 4 11 7 11 1.029 -5.760 -0.874
SPIN 4 11 7 12 5.291 -2.644 -0.118
SPIN 4 11 7 13 -3.465 4.240 2.240
SPIN 4 11 7 14 -3.255 -4.480 -2.081
SPIN 4 11 7 15 4.818 0.122 3.431
SPIN 1 11 8 0 -4.939 2.024 -2.552
SPIN 1 11 8 1 4.965 3.181 -0.482
SPIN 1 11 8 2 -5.851 -0.870 -0.060
SPIN 1 11 8 3 0.018 5.875 -0.693
SPIN 1 11 8 4 -5.535 -1.767 1.113
SPIN 1 11 8 5 2.701 -0.065 5.263
SPIN 1 11 8 6 -2.569 -0.611 -5.294
SPIN 1 11 8 7 -1.300 5.381 2.086
SPIN 1 11 8 8 -3.145 -2.573 -4.300
SPIN 1 11 8 9 -2.298 -1.835 5.134
SPIN 1 11 8 10 4.470 3.167 -2.234
SPIN 1 11 8 11 1.205 -4.086 4.105
SPIN 1 11 8 12 0.435 -0.397 -5.887
SPIN 1 11 8 13 0.490 -0.817 5.839
SPIN 1 11 8 14 -2.683 3.648 -3.807
SPIN 1 11 8 15 5.137 0.275 -2.922
SPIN 4 11 8 0 -4.764 0.133 3.505
SPIN 4 11 8 1 -0.853 -5.832 -0.512
SPIN 4 11 8 2 -4.968 -1.548 2.815
SPIN 4 11 8 3 -2.126 -1.484 5.318
SPIN 4 11 8 4 2.637 5.216 -0.917
SPIN 4 11 8 5 -0.017 5.602 1.902
SPIN 4 11 8 6 -3.404 -3.736 -3.075
SPIN 4 11 8 7 3.035 4.041 3.075
SPIN 4 11 8 8 2.725 -3.491 3.923
SPIN 4 11 8 9 -4.723 3.351 -1.209
SPIN 4 11 8 10 4.933 2.567 -2.019
SPIN 4 11 8 11 -4.317 2.817 2.904
SPIN 4 11 8 12 2.389 -4.266 -3.330
SPIN 4 11 8 13 1.623 2.512 5.105
SPIN 4 11 8 14 2.349 3.502 -4.150
SPIN 4 11 8 15 3.395 -0.843 4.771
SPIN 1 11 9 0 4.763 -2.836 -2.065
SPIN 1 11 9 1 -0.667 5.850 -0.574
SPIN 1 11 9 2 3.196 -4.951 -0.517
SPIN 1 11 9 3 -0.595 2.771 -5.193
SPIN 1 11 9 4 3.953 -4.120 -1.549
SPIN 1 11 9 5 5.128 -2.050 -2.122
SPIN 1 11 9 6 3.964 -1.950 -3.935
SPIN 1 11 9 7 1.861 -0.972 5.531
SPIN 1 11 9 8 -3.776 -4.100 1.982
SPIN 1 11 9 9 2.776 2.966 -4.301
SPIN 1 11 9 10 3.442 -1.808 -4.459
SPIN 1 11 9 11 -0.818 5.823 -0.652
SPIN 1 11 9 12 -2.835 5.027 -1.300
SPIN 1 11 9 13 -1.468 -5.731 0.068
SPIN 1 11 9 14 -1.322 3.639 4.473
SPIN 1 11 9 15 -2.488 -4.920 2.147
SPIN 4 11 9 0 -1.115 -5.116 -2.754
SPIN 4 11 9 1 5.452 0.788 -2.158
SPIN 4 11 9 2 -2.930 3.506 3.758
SPIN 4 11 9 3 -0.149 0.416 -5.900
SPIN 4 11 9 4 -1.034 1.268 5.685
SPIN 4 11 9 5 5.003 -2.435 2.011
SPIN 4 11 9 6 5.535 -2.084 0.156
SPIN 4 11 9 7 1.118 -0.222 5.805
SPIN 4 11 9 8 -1.465 0.444 -5.715
SPIN 4 11 9 9 5.866 -0.505 0.581
SPIN 4 11 9 10 0.549 -2.188 5.469
SPIN 4 11 9 11 -2.315 -3.583 -4.099
SPIN 4 11 9 12 -4.719 -1.200 3.360
SPIN 4 11 9 13 3.251 2.361 -4.343
SPIN 4 11 9 14 -2.802 -4.663 -2.326
SPIN 4 11 9 15 5.117 -2.264 1.921
SPIN 1 11 10 0 -4.407 0.366 -3.930
SPIN 1 11 10 1 1.488 3.262 4.706
SPIN 1 11 10 2 -5.266 1.398 2.304
SPIN 1 11 10 3 -1.423 5.711 -0.597
SPIN 1 11 10 4 4.783 3.466 0.327
SPIN 1 11 10 5 -3.625 1.179 4.525
SPIN 1 11 10 6 -5.381 2.458 -0.034
SPIN 1 11 10 7 -5.018 -1.272 -2.864
SPIN 1 11 10 8 0.243 -0.813 5.855
SPIN 1 11 10 9 -1.120 -4.437 -3.750
SPIN 1 11 10 10 -4.956 1.063 3.051
SPIN 1 11 10 11 5.415 1.075 -2.126
SPIN 1 11 10 12 4.396 1.875 3.486
SPIN 1 11 10 13 -5.171 2.169 1.885
SPIN 1 11 10 14 4.439 1.452 -3.632
SPIN 1 11 10 15 4.667 1.798 -3.161
SPIN 4 11 10 0 0.466 -0.886 5.831
SPIN 4 11 10 1 2.770 1.001 5.131
SPIN 4 11 10 2 -2.958 1.552 -4.883
SPIN 4 11 10 3 -3.685 -1.601 4.343
SPIN 4 11 10 4 5.668 1.642 -0.419
SPIN 4 11 10 5 -5.000 3.125 0.482
SPIN 4 11 10 6 -4.941 -2.758 1.727
SPIN 4 11 10 7 0.967 4.158 -4.096
SPIN 4 11 10 8 0.601 0.860 5.822
SPIN 4 11 10 9 -1.414 -4.973 2.875
SPIN 4 11 10 10 -0.192 3.122 5.022
SPIN 4 11 10 11 -3.147 4.896 1.060
SPIN 4 11 10 12 -5.017 2.155 -2.278
SPIN 4 11 10 13 2.475 3.174 4.336
SPIN 4 11 10 14 -3.460 -2.007 4.359
SPIN 4 11 10 15 4.042 -2.091 -3.780
SPIN 1 11 11 0 4.662 -3.170 1.793
SPIN 1 11 11 1 -2.493 -4.029 -3.542
SPIN 1 11 11 2 4.151 -1.288 -4.013
SPIN 1 11 11 3 -1.305 0.300 -5.762
SPIN 1 11 11 4 -2.714 -4.137 -3.242
SPIN 1 11 11 5 -5.630 1.215 1.353
SPIN 1 11 11 6 5.715 1.361 0.695
SPIN 1 11 11 7 -2.575 -2.743 4.566
SPIN 1 11 11 8 -0.014 -0.545 -5.891
SPIN 1 11 11 9 -2.071 -1.284 5.391
SPIN 1 11 11 10 5.206 2.747 -0.591
SPIN 1 11 11 11 -0.170 0.179 5.911
SPIN 1 11 11 12 -0.489 -4.816 3.401
SPIN 1 11 11 13 5.685 1.502 -0.652
SPIN 1 11 11 14 -3.175 4.836 -1.241
SPIN 1 11 11 15 -3.019 3.635 -3.560
SPIN 4 11 11 0 -2.424 5.124 1.694
SPIN 4 11 11 1 -2.324 2.052 5.039
SPIN 4 11 11 2 -4.174 -3.252 2.646
SPIN 4 11 11 3 1.051 -1.348 -5.664
SPIN 4 11 11 4 1.584 -2.250 5.237
SPIN 4 11 11 5 3.098 2.694 4.260
SPIN 4 11 11 6 4.823 -0.783 3.336
SPIN 4 11 11 7 5.135 0.987 2.767
SPIN 4 11 11 8 -4.048 -1.026 -4.191
SPIN 4 11 11 9 -0.267 -5.868 -0.703
SPIN 4 11 11 10 -3.378 -4.138 2.544
SPIN 4 11 11 11 4.498 -2.516 2.905
SPIN 4 11 11 12 -0.122 -0.184 -5.912
SPIN 4 11 11 13 5.262 0.499 2.658
SPIN 4 11 11 14 1.101 -1.404 -5.641
SPIN 4 11 11 15 0.759 4.204 -4.092
SPIN 1 11 12 0 3.381 4.807 -0.674
SPIN 1 11 12 1 -2.126 3.456 -4.305
SPIN 1 11 12 2 -4.976 -1.808 2.641
SPIN 1 11 12 3 2.353 -5.176 1.634
SPIN 1 11 12 4 4.470 0.506 -3.842
SPIN 1 11 12 5 -5.657 1.036 1.389
SPIN 1 11 12 6 1.353 -2.568 -5.155
SPIN 1 11 12 7 -4.956 2.987 1.231
SPIN 1 11 12 8 4.238 -1.061 -3.989
SPIN 1 11 12 9 3.828 4.314 1.318
SPIN 1 11 12 10 0.700 -5.783 1.035
SPIN 1 11 12 11 -5.060 -2.536 -1.722
SPIN 1 11 12 12 -1.001 2.838 -5.093
SPIN 1 11 12 13 -4.260 -4.012 -0.870
SPIN 1 11 12 14 2.735 -5.185 -0.799
SPIN 1 11 12 15 -3.517 -1.641 4.465
SPIN 4 11 12 0 -2.650 1.276 5.133
SPIN 4 11 12 1 4.494 -2.738 -2.704
SPIN 4 11 12 2 2.591 2.970 -4.412
SPIN 4 11 12 3 -3.401 4.828 -0.353
SPIN 4 11 12 4 -0.499 5.012 -3.103
SPIN 4 11 12 5 3.950 -2.806 -3.395
SPIN 4 11 12 6 -2.624 -5.295 0.291
SPIN 4 11 12 7 -0.526 4.191 -4.142
SPIN 4 11 12 8 -0.622 -5.058 -3.005
SPIN 4 11 12 9 1.179 1.837 5.499
SPIN 4 11 12 10 3.366 -0.207 -4.861
SPIN 4 11 12 11 -5.545 1.877 0.856
SPIN 4 11 12 12 -1.333 -4.101 4.050
SPIN 4 11 12 13 0.576 2.840 5.158
SPIN 4 11 12 14 0.719 -5.421 2.257
SPIN 4 11 12 15 -0.604 -5.375 -2.396
SPIN 1 11 13 0 -4.451 1.438 -3.622
SPIN 1 11 13 1 -0.435 -5.899 0.099
SPIN 1 11 13 2 -3.342 -4.874 0.278
SPIN 1 11 13 3 -5.757 1.226 -0.592
SPIN 1 11 13 4 -4.438 1.363 3.667
SPIN 1 11 13 5 5.478 -1.834 1.275
SPIN 1 11 13 6 -1.445 5.425 1.866
SPIN 1 11 13 7 4.060 -3.991 1.608
SPIN 1 11 13 8 -3.757 -3.634 2.772
SPIN 1 11 13 9 3.816 1.620 -4.221
SPIN 1 11 13 10 -5.646 1.313 1.180
SPIN 1 11 13 11 -3.966 -1.313 -4.189
SPIN 1 11 13 12 -2.822 -2.975 4.265
SPIN 1 11 13 13 -3.006 4.329 -2.687
SPIN 1 11 13 14 0.549 -5.169 2.826
SPIN 1 11 13 15 -1.362 4.774 3.218
SPIN 4 11 13 0 -2.672 0.708 -5.230
SPIN 4 11 13 1 -1.329 -5.407 1.998
SPIN 4 11 13 2 0.071 -4.071 4.292
SPIN 4 11 13 3 3.159 4.406 -2.369
SPIN 4 11 13 4 1.621 5.654 -0.639
SPIN 4 11 13 5 -2.905 0.004 -5.154
SPIN 4 11 13 6 5.684 -1.544 -0.556
SPIN 4 11 13 7 -3.093 -5.026 -0.418
SPIN 4 11 13 8 -2.531 2.146 -4.898
SPIN 4 11 13 9 0.826 -0.252 5.853
SPIN 4 11 13 10 3.998 -3.554 2.527
SPIN 4 11 13 11 2.666 4.010 -3.437
SPIN 4 11 13 12 5.861 -0.663 -0.460
SPIN 4 11 13 13 -0.838 -3.745 4.503
SPIN 4 11 13 14 -2.774 3.053 -4.241
SPIN 4 11 13 15 4.942 -3.007 -1.238
SPIN 1 11 14 0 1.265 -5.300 -2.305
SPIN 1 11 14 1 -2.985 3.271 -3.923
SPIN 1 11 14 2 2.607 2.510 4.680
SPIN 1 11 14 3 -0.894 -3.171 -4.914
SPIN 1 11 14 4 -1.372 0.382 -5.742
SPIN 1 11 14 5 -2.627 2.546 -4.649
SPIN 1 11 14 6 -0.682 1.327 -5.725
SPIN 1 11 14 7 2.086 5.407 1.189
SPIN 1 11 14 8 3.511 -3.125 -3.593
SPIN 1 11 14 9 -3.090 0.670 -5.000
SPIN 1 11 14 10 3.178 0.012 -4.990
SPIN 1 11 14 11 -5.154 1.526 2.472
SPIN 1 11 14 12 -3.539 4.038 -2.484
SPIN 1 11 14 13 -0.120 -5.828 -1.011
SPIN 1 11 14 14 -2.418 3.705 -3.928
SPIN 1 11 14 15 5.221 -2.363 -1.468
SPIN 4 11 14 0 -2.362 -0.007 -5.424
SPIN 4 11 14 1 -3.179 -4.851 -1.170
SPIN 4 11 14 2 5.656 -1.525 0.829
SPIN 4 11 14 3 -1.145 -3.686 4.483
SPIN 4 11 14 4 -4.248 3.305 2.456
SPIN 4 11 14 5 -0.357 4.422 -3.914
SPIN 4 11 14 6 2.967 -5.104 0.388
SPIN 4 11 14 7 0.593 5.219 2.723
SPIN 4 11 14 8 3.422 -1.455 4.601
SPIN 4 11 14 9 -4.519 -2.640 2.760
SPIN 4 11 14 10 3.154 -4.962 -0.657
SPIN 4 11 14 11 2.792 0.319 5.206
SPIN 4 11 14 12 -0.040 -5.531 -2.098
SPIN 4 11 14 13 -5.243 1.111 -2.506
SPIN 4 11 14 14 0.683 -4.914 3.223
SPIN 4 11 14 15 3.567 2.456 -4.031
SPIN 1 11 15 0 -2.548 -2.994 -4.421
SPIN 1 11 15 1 1.400 4.378 3.725
SPIN 1 11 15 2 -0.500 -0.830 -5.836
SPIN 1 11 15 3 2.238 5.465 0.352
SPIN 1 11 15 4 -5.830 -0.674 0.746
SPIN 1 11 15 5 -5.002 -1.885 -2.536
SPIN 1 11 15 6 -3.526 2.579 3.990
SPIN 1 11 15 7 -2.509 -1.663 -5.093
SPIN 1 11 15 8 -1.100 1.990 5.461
SPIN 1 11 15 9 1.142 1.239 5.671
SPIN 1 11 15 10 -4.366 0.193 3.988
SPIN 1 11 15 11 -4.682 -0.806 -3.525
SPIN 1 11 15 12 0.777 4.786 3.390
SPIN 1 11 15 13 -1.267 5.709 0.897
SPIN 1 11 15 14 4.197 3.992 1.206
SPIN 1 11 15 15 -5.053 -1.039 2.896
SPIN 4 11 15 0 5.168 2.200 -1.857
SPIN 4 11 15 1 5.063 2.292 -2.028
SPIN 4 11 15 2 -2.874 -4.492 2.561
SPIN 4 11 15 3 2.497 -5.330 0.594
SPIN 4 11 15 4 3.336 -4.388 -2.150
SPIN 4 11 15 5 2.639 -1.813 4.975
SPIN 4 11 15 6 4.955 2.861 1.505
SPIN 4 11 15 7 4.519 2.902 2.482
SPIN 4 11 15 8 -2.194 4.059 3.703
SPIN 4 11 15 9 4.617 3.482 1.250
SPIN 4 11 15 10 -5.238 1.010 -2.558
SPIN 4 11 15 11 4.190 -3.444 -2.363
SPIN 4 11 15 12 -3.492 2.157 4.260
SPIN 4 11 15 13 1.851 -4.526 3.330
SPIN 4 11 15 14 5.041 3.021 0.681
SPIN 4 11 15 15 -4.520 3.218 2.052
SPIN 3 11 0 0 -5.546 1.735 1.110
SPIN 3 11 0 1 5.703 -0.327 1.540
SPIN 3 11 0 2 -2.577 -2.695 4.593
SPIN 3 11 0 3 5.788 -1.039 -0.644
SPIN 3 11 0 4 -4.222 -3.875 -1.468
SPIN 3 11 0 5 2.932 0.847 5.068
SPIN 3 11 0 6 1.237 -0.350 5.775
SPIN 3 11 0 7 -2.043 0.682 5.510
SPIN 3 11 0 8 -1.071 -1.553 5.607
SPIN 3 11 0 9 -0.467 5.836 0.849
SPIN 3 11 0 10 -1.402 0.497 -5.726
SPIN 3 11 0 11 -3.717 -3.123 3.381
SPIN 3 11 0 12 -0.902 -5.115 2.832
SPIN 3 11 0 13 -4.334 -3.961 -0.724
SPIN 3 11 0 14 -0.317 -2.670 5.270
SPIN 3 11 0 15 0.527 5.056 -3.026
SPIN 2 11 0 0 -2.303 -0.619 -5.414
SPIN 2 11 0 1 -1.944 5.473 1.124
SPIN 2 11 0 2 -0.267 4.822 -3.417
SPIN 2 11 0 3 -2.268 1.009 5.370
SPIN 2 11 0 4 4.517 3.746 -0.754
SPIN 2 11 0 5 -0.362 -4.530 3.788
SPIN 2 11 0 6 -0.547 -4.027 -4.299
SPIN 2 11 0 7 5.791 -1.044 -0.611
SPIN 2 11 0 8 1.994 0.094 -5.569
SPIN 2 11 0 9 -4.089 4.069 1.310
SPIN 2 11 0 10 4.515 1.383 -3.564
SPIN 2 11 0 11 -2.781 5.197 -0.505
SPIN 2 11 0 12 3.093 3.017 -4.041
SPIN 2 11 0 13 1.153 -5.363 -2.215
SPIN 2 11 0 14 5.810 0.881 -0.685
SPIN 2 11 0 15 -0.793 5.837 0.545
SPIN 3 11 1 0 2.363 1.935 -5.067
SPIN 3 11 1 1 -5.606 -1.710 0.807
SPIN 3 11 1 2 5.860 -0.537 -0.611
SPIN 3 11 1 3 -1.320 0.936 5.690
SPIN 3 11 1 4 -2.214 -5.033 2.184
SPIN 3 11 1 5 -0.365 5.295 -2.614
SPIN 3 11 1 6 3.331 0.988 -4.789
SPIN 3 11 1 7 -0.573 -2.308 -5.417
SPIN 3 11 1 8 2.632 4.638 2.562
SPIN 3 11 1 9 -3.090 -3.462 3.669
SPIN 3 11 1 10 4.217 -4.118 0.511
SPIN 3 11 1 11 -2.328 2.138 -5.001
SPIN 3 11 1 12 -2.291 -3.460 4.216
SPIN 3 11 1 13 3.263 4.089 -2.762
SPIN 3 11 1 14 2.947 4.750 -1.939
SPIN 3 11 1 15 0.523 0.161 5.891
SPIN 2 11 1 0 -0.770 -4.013 -4.279
SPIN 2 11 1 1 -5.861 0.282 0.756
SPIN 2 11 1 2 -2.164 1.899 5.168
SPIN 2 11 1 3 2.094 -4.897 2.577
SPIN 2 11 1 4 -5.891 -0.449 -0.310
SPIN 2 11 1 5 5.841 0.177 -0.925
SPIN 2 11 1 6 1.487 -0.207 -5.723
SPIN 2 11 1 7 -0.326 2.643 5.283
SPIN 2 11 1 8 -3.789 4.497 -0.644
SPIN 2 11 1 9 3.925 -3.861 2.164
SPIN 2 11 1 10 -4.333 2.640 -3.042
SPIN 2 11 1 11 -2.748 0.992 5.144
SPIN 2 11 1 12 5.855 -0.122 0.837
SPIN 2 11 1 13 -4.744 3.341 1.152
SPIN 2 11 1 14 -3.784 -4.542 -0.236
SPIN 2 11 1 15 -2.594 -3.262 -4.199
SPIN 3 11 2 0 -0.807 4.305 3.977
SPIN 3 11 2 1 1.429 5.733 0.295
SPIN 3 11 2 2 2.505 5.211 -1.254
SPIN 3 11 2 3 -2.147 -5.292 1.544
SPIN 3 11 2 4 3.528 4.692 -0.732
SPIN 3 11 2 5 -3.412 -3.812 -2.971
SPIN 3 11 2 6 -5.862 0.112 -0.791
SPIN 3 11 2 7 -4.557 -2.739 -2.594
SPIN 3 11 2 8 -2.154 -1.515 -5.298
SPIN 3 11 2 9 -3.766 -0.532 -4.531
SPIN 3 11 2 10 -1.613 -5.557 1.233
SPIN 3 11 2 11 -1.528 -3.670 -4.381
SPIN 3 11 2 12 0.705 -3.914 -4.380
SPIN 3 11 2 13 -5.910 -0.254 0.090
SPIN 3 11 2 14 0.653 -5.673 1.548
SPIN 3 11 2 15 3.833 -2.953 -3.404
SPIN 2 11 2 0 2.116 -4.950 2.454
SPIN 2 11 2 1 -3.252 4.632 -1.724
SPIN 2 11 2 2 -4.536 -2.193 -3.101
SPIN 2 11 2 3 -4.271 1.751 -3.701
SPIN 2 11 2 4 5.023 -1.718 2.612
SPIN 2 11 2 5 2.116 -5.523 0.138
SPIN 2 11 2 6 2.027 -5.334 1.563
SPIN 2 11 2 7 -2.887 -4.184 3.027
SPIN 2 11 2 8 -4.935 1.824 -2.705
SPIN 2 11 2 9 -5.343 2.458 -0.642
SPIN 2 11 2 10 -2.257 3.680 4.046
SPIN 2 11 2 11 -2.249 3.042 -4.548
SPIN 2 11 2 12 -5.778 0.986 0.800
SPIN 2 11 2 13 4.671 1.141 3.447
SPIN 2 11 2 14 1.432 5.637 -1.083
SPIN 2 11 2 15 -3.259 4.714 -1.466
SPIN 3 11 3 0 -0.805 -3.585 -4.637
SPIN 3 11 3 1 -1.342 5.520 1.653
SPIN 3 11 3 2 4.105 -3.566 -2.329
SPIN 3 11 3 3 -3.082 -4.991 0.771
SPIN 3 11 3 4 -1.054 -2.619 -5.199
SPIN 3 11 3 5 -3.536 2.385 4.100
SPIN 3 11 3 6 -2.165 1.883 -5.174
SPIN 3 11 3 7 0.838 5.104 2.873
SPIN 3 11 3 8 -0.760 -1.254 5.731
SPIN 3 11 3 9 2.282 4.931 2.340
SPIN 3 11 3 10 -4.321 -1.722 -3.656
SPIN 3 11 3 11 -2.273 -3.857 3.867
SPIN 3 11 3 12 2.534 3.008 4.419
SPIN 3 11 3 13 -0.278 4.470 3.865
SPIN 3 11 3 14 1.077 -4.388 -3.819
SPIN 3 11 3 15 -2.626 3.412 4.057
SPIN 2 11 3 0 0.676 -5.160 2.814
SPIN 2 11 3 1 3.670 0.782 -4.573
SPIN 2 11 3 2 5.738 -0.505 1.349
SPIN 2 11 3 3 4.852 2.042 -2.700
SPIN 2 11 3 4 4.507 -3.470 1.628
SPIN 2 11 3 5 -3.286 2.358 4.318
SPIN 2 11 3 6 -0.655 5.652 -1.622
SPIN 2 11 3 7 -2.894 -4.486 2.549
SPIN 2 11 3 8 4.389 2.733 -2.876
SPIN 2 11 3 9 -2.894 -4.151 3.064
SPIN 2 11 3 10 1.063 -1.516 -5.619
SPIN 2 11 3 11 0.079 -0.523 -5.892
SPIN 2 11 3 12 3.289 -0.990 4.817
SPIN 2 11 3 13 1.634 4.963 -2.774
SPIN 2 11 3 14 -2.241 -5.473 0.174
SPIN 2 11 3 15 -4.999 -1.267 2.899
SPIN 3 11 4 0 2.168 4.655 2.939
SPIN 3 11 4 1 -4.804 -1.052 3.289
SPIN 3 11 4 2 0.798 5.854 0.307
SPIN 3 11 4 3 1.987 1.663 -5.318
SPIN 3 11 4 4 1.579 4.227 3.826
SPIN 3 11 4 5 -4.261 -0.253 -4.096
SPIN 3 11 4 6 0.603 0.876 5.820
SPIN 3 11 4 7 -0.662 -2.799 -5.170
SPIN 3 11 4 8 3.733 4.546 -0.633
SPIN 3 11 4 9 -1.846 -0.350 5.610
SPIN 3 11 4 10 -4.491 3.594 -1.384
SPIN 3 11 4 11 -4.201 4.165 0.054
SPIN 3 11 4 12 -0.528 -0.738 5.846
SPIN 3 11 4 13 -5.195 -1.370 -2.476
SPIN 3 11 4 14 2.733 1.667 4.975
SPIN 3 11 4 15 3.670 -4.329 -1.671
SPIN 2 11 4 0 -4.469 -3.398 1.866
SPIN 2 11 4 1 1.099 5.165 2.667
SPIN 2 11 4 2 3.905 -4.042 -1.849
SPIN 2 11 4 3 2.804 -0.276 5.202
SPIN 2 11 4 4 5.047 -2.672 1.545
SPIN 2 11 4 5 3.097 4.171 2.830
SPIN 2 11 4 6 -1.940 -0.935 -5.510
SPIN 2 11 4 7 4.819 2.251 2.591
SPIN 2 11 4 8 -1.847 3.396 4.478
SPIN 2 11 4 9 -1.731 5.627 0.578
SPIN 2 11 4 10 -2.954 -4.867 -1.607
SPIN 2 11 4 11 5.346 -0.707 2.434
SPIN 2 11 4 12 -1.588 -5.677 0.501
SPIN 2 11 4 13 -2.388 -4.770 2.558
SPIN 2 11 4 14 -1.392 5.543 -1.528
SPIN 2 11 4 15 5.542 0.611 1.978
SPIN 3 11 5 0 4.494 2.565 2.868
SPIN 3 11 5 1 -1.097 -0.134 -5.812
SPIN 3 11 5 2 2.338 0.401 5.420
SPIN 3 11 5 3 3.734 1.196 -4.430
SPIN 3 11 5 4 -2.010 -5.520 0.701
SPIN 3 11 5 5 -2.593 -5.316 -0.113
SPIN 3 11 5 6 0.519 -4.822 3.388
SPIN 3 11 5 7 -3.111 -4.175 2.809
SPIN 3 11 5 8 1.516 5.704 -0.414
SPIN 3 11 5 9 -0.867 -5.731 1.186
SPIN 3 11 5 10 1.178 4.229 3.966
SPIN 3 11 5 11 5.750 1.244 0.626
SPIN 3 11 5 12 -2.673 3.634 -3.827
SPIN 3 11 5 13 1.371 -4.036 4.103
SPIN 3 11 5 14 -1.129 5.153 2.677
SPIN 3 11 5 15 -4.394 -1.668 3.593
SPIN 2 11 5 0 5.574 -1.979 -0.118
SPIN 2 11 5 1 -4.952 3.225 -0.275
SPIN 2 11 5 2 2.479 2.535 4.736
SPIN 2 11 5 3 -3.342 4.516 -1.853
SPIN 2 11 5 4 -2.032 -5.067 -2.280
SPIN 2 11 5 5 -5.604 1.467 -1.199
SPIN 2 11 5 6 1.171 4.327 -3.861
SPIN 2 11 5 7 -4.127 0.381 4.221
SPIN 2 11 5 8 0.255 -5.595 -1.905
SPIN 2 11 5 9 -4.006 -0.280 4.344
SPIN 2 11 5 10 3.517 1.654 -4.460
SPIN 2 11 5 11 -0.301 2.062 5.537
SPIN 2 11 5 12 4.568 -1.568 -3.417
SPIN 2 11 5 13 3.502 -1.061 4.649
SPIN 2 11 5 14 -4.519 -0.052 -3.818
SPIN 2 11 5 15 -2.864 4.933 1.569
SPIN 3 11 6 0 -5.079 -1.566 2.599
SPIN 3 11 6 1 -4.922 -2.430 2.206
SPIN 3 11 6 2 2.726 4.983 -1.656
SPIN 3 11 6 3 -0.166 -4.900 3.311
SPIN 3 11 6 4 -2.135 4.612 3.028
SPIN 3 11 6 5 -4.876 -1.766 2.847
SPIN 3 11 6 6 -3.444 3.943 -2.756
SPIN 3 11 6 7 5.861 0.660 0.463
SPIN 3 11 6 8 -4.154 1.359 3.987
SPIN 3 11 6 9 -4.101 -0.803 4.188
SPIN 3 11 6 10 -5.751 -1.367 0.247
SPIN 3 11 6 11 4.464 1.637 -3.520
SPIN 3 11 6 12 -4.729 1.705 3.119
SPIN 3 11 6 13 5.444 -2.246 -0.563
SPIN 3 11 6 14 0.526 -5.870 0.522
SPIN 3 11 6 15 2.123 4.956 2.436
SPIN 2 11 6 0 -2.305 -2.209 4.981
SPIN 2 11 6 1 -5.394 1.690 -1.746
SPIN 2 11 6 2 0.535 -3.428 4.792
SPIN 2 11 6 3 1.521 -0.699 -5.674
SPIN 2 11 6 4 3.484 -3.993 2.630
SPIN 2 11 6 5 0.679 1.901 5.561
SPIN 2 11 6 6 1.453 -4.033 -4.077
SPIN 2 11 6 7 2.955 -3.902 -3.323
SPIN 2 11 6 8 -2.071 -5.276 -1.697
SPIN 2 11 6 9 4.283 1.900 3.612
SPIN 2 11 6 10 0.077 -4.195 -4.171
SPIN 2 11 6 11 -0.807 -2.620 -5.242
SPIN 2 11 6 12 -5.283 0.997 -2.470
SPIN 2 11 6 13 -1.189 -5.708 -1.004
SPIN 2 11 6 14 -5.255 0.022 2.718
SPIN 2 11 6 15 4.807 3.086 1.540
SPIN 3 11 7 0 -4.437 -0.266 -3.904
SPIN 3 11 7 1 5.425 1.045 2.116
SPIN 3 11 7 2 2.439 1.112 -5.274
SPIN 3 11 7 3 -1.254 4.375 3.779
SPIN 3 11 7 4 1.013 -0.694 -5.787
SPIN 3 11 7 5 -1.285 -4.485 3.637
SPIN 3 11 7 6 -5.591 0.736 1.789
SPIN 3 11 7 7 -5.693 -1.126 1.152
SPIN 3 11 7 8 5.243 -0.222 -2.732
SPIN 3 11 7 9 -5.868 0.405 0.632
SPIN 3 11 7 10 5.431 2.320 0.353
SPIN 3 11 7 11 5.037 -1.595 2.661
SPIN 3 11 7 12 5.818 0.825 -0.686
SPIN 3 11 7 13 2.938 -2.380 -4.550
SPIN 3 11 7 14 5.015 0.462 -3.105
SPIN 3 11 7 15 -1.746 -5.412 1.631
SPIN 2 11 7 0 5.186 -0.657 -2.770
SPIN 2 11 7 1 2.937 -1.268 4.977
SPIN 2 11 7 2 -3.883 3.377 2.919
SPIN 2 11 7 3 5.147 -2.836 -0.686
SPIN 2 11 7 4 -4.123 2.890 3.106
SPIN 2 11 7 5 -5.816 0.022 1.083
SPIN 2 11 7 6 5.232 2.587 -0.965
SPIN 2 11 7 7 -4.156 -4.199 0.307
SPIN 2 11 7 8 -2.548 3.561 -3.978
SPIN 2 11 7 9 -2.918 -3.929 3.324
SPIN 2 11 7 10 -1.253 5.621 -1.353
SPIN 2 11 7 11 -1.596 -3.118 4.767
SPIN 2 11 7 12 1.196 -1.162 -5.676
SPIN 2 11 7 13 -5.237 1.325 2.411
SPIN 2 11 7 14 -5.613 1.637 0.903
SPIN 2 11 7 15 -4.101 -1.252 -4.076
SPIN 3 11 8 0 4.511 3.145 2.181
SPIN 3 11 8 1 -4.767 2.142 2.773
SPIN 3 11 8 2 -0.855 4.894 3.212
SPIN 3 11 8 3 5.640 1.248 1.277
SPIN 3 11 8 4 -4.375 0.500 -3.951
SPIN 3 11 8 5 -3.049 -3.912 -3.225
SPIN 3 11 8 6 0.788 0.009 5.863
SPIN 3 11 8 7 1.226 4.984 -2.941
SPIN 3 11 8 8 -5.752 0.690 1.201
SPIN 3 11 8 9 2.392 -3.663 3.983
SPIN 3 11 8 10 0.434 -5.536 -2.040
SPIN 3 11 8 11 -3.410 4.694 -1.157
SPIN 3 11 8 12 -1.321 2.840 -5.019
SPIN 3 11 8 13 5.758 -0.969 0.953
SPIN 3 11 8 14 2.385 -1.839 5.092
SPIN 3 11 8 15 3.763 -1.518 -4.305
SPIN 2 11 8 0 0.243 5.750 1.370
SPIN 2 11 8 1 -4.794 3.101 1.551
SPIN 2 11 8 2 3.816 -2.580 -3.713
SPIN 2 11 8 3 3.729 4.320 -1.559
SPIN 2 11 8 4 -2.630 -5.000 1.755
SPIN 2 11 8 5 -3.434 -3.697 3.088
SPIN 2 11 8 6 4.942 3.243 0.256
SPIN 2 11 8 7 -4.943 0.343 3.232
SPIN 2 11 8 8 1.563 1.961 5.358
SPIN 2 11 8 9 1.741 -5.617 -0.645
SPIN 2 11 8 10 -4.038 1.946 -3.861
SPIN 2 11 8 11 3.011 -1.863 4.740
SPIN 2 11 8 12 4.308 3.907 1.084
SPIN 2 11 8 13 2.178 4.400 -3.301
SPIN 2 11 8 14 2.379 -4.830 -2.453
SPIN 2 11 8 15 0.540 -4.954 3.188
SPIN 3 11 9 0 -2.566 0.691 5.286
SPIN 3 11 9 1 -3.253 -0.756 4.883
SPIN 3 11 9 2 4.676 -3.065 -1.934
SPIN 3 11 9 3 -2.419 1.194 5.265
SPIN 3 11 9 4 5.225 0.379 2.749
SPIN 3 11 9 5 0.449 4.270 -4.070
SPIN 3 11 9 6 1.513 0.642 -5.683
SPIN 3 11 9 7 0.279 -0.289 5.902
SPIN 3 11 9 8 4.694 2.811 -2.250
SPIN 3 11 9 9 -1.036 2.039 5.456
SPIN 3 11 9 10 -3.444 -0.768 4.749
SPIN 3 11 9 11 -2.319 4.493 3.072
SPIN 3 11 9 12 1.259 -5.544 1.636
SPIN 3 11 9 13 -3.756 4.488 -0.863
SPIN 3 11 9 14 -2.254 -3.913 -3.822
SPIN 3 11 9 15 -3.263 1.608 -4.666
SPIN 2 11 9 0 3.832 0.372 4.492
SPIN 2 11 9 1 -0.368 -3.396 -4.830
SPIN 2 11 9 2 0.583 5.638 1.695
SPIN 2 11 9 3 4.591 -0.902 -3.620
SPIN 2 11 9 4 -4.503 3.835 -0.139
SPIN 2 11 9 5 -2.295 3.401 -4.262
SPIN 2 11 9 6 1.990 -5.159 2.104
SPIN 2 11 9 7 0.206 2.534 -5.342
SPIN 2 11 9 8 -5.175 -0.791 -2.756
SPIN 2 11 9 9 -2.374 -3.494 4.142
SPIN 2 11 9 10 1.062 1.539 -5.613
SPIN 2 11 9 11 3.445 -1.679 -4.506
SPIN 2 11 9 12 2.581 -4.771 -2.363
SPIN 2 11 9 13 -0.040 1.427 -5.741
SPIN 2 11 9 14 2.831 -2.867 4.332
SPIN 2 11 9 15 3.355 2.452 -4.211
SPIN 3 11 10 0 -2.826 3.479 -3.861
SPIN 3 11 10 1 -5.297 -0.170 -2.629
SPIN 3 11 10 2 1.329 5.473 1.812
SPIN 3 11 10 3 -2.735 4.902 1.869
SPIN 3 11 10 4 -2.891 -4.534 2.468
SPIN 3 11 10 5 3.212 4.590 -1.901
SPIN 3 11 10 6 -3.822 3.999 2.098
SPIN 3 11 10 7 5.062 0.897 -2.927
SPIN 3 11 10 8 -0.682 1.054 -5.781
SPIN 3 11 10 9 2.175 3.856 -3.925
SPIN 3 11 10 10 2.286 -3.746 3.968
SPIN 3 11 10 11 -2.678 4.965 1.783
SPIN 3 11 10 12 -1.010 5.811 0.460
SPIN 3 11 10 13 2.218 -1.384 5.307
SPIN 3 11 10 14 0.257 -0.475 -5.891
SPIN 3 11 10 15 0.421 -3.070 5.040
SPIN 2 11 10 0 0.020 -2.724 -5.252
SPIN 2 11 10 1 2.315 5.428 -0.423
SPIN 2 11 10 2 -3.498 -4.486 -1.624
SPIN 2 11 10 3 1.215 5.735 0.793
SPIN 2 11 10 4 3.886 -2.773 -3.495
SPIN 2 11 10 5 -1.740 -5.125 2.389
SPIN 2 11 10 6 0.422 -5.780 -1.189
SPIN 2 11 10 7 -1.480 4.172 3.925
SPIN 2 11 10 8 3.817 3.904 2.277
SPIN 2 11 10 9 2.714 -4.937 1.805
SPIN 2 11 10 10 1.164 -4.465 -3.703
SPIN 2 11 10 11 0.076 0.524 5.892
SPIN 2 11 10 12 -2.990 -5.100 0.214
SPIN 2 11 10 13 0.569 -0.549 5.863
SPIN 2 11 10 14 -1.577 2.316 5.210
SPIN 2 11 10 15 -4.492 3.468 -1.672
SPIN 3 11 11 0 -4.669 -3.231 1.662
SPIN 3 11 11 1 0.988 5.830 -0.203
SPIN 3 11 11 2 5.773 0.503 1.190
SPIN 3 11 11 3 3.706 -4.195 -1.915
SPIN 3 11 11 4 -2.214 -5.375 1.098
SPIN 3 11 11 5 0.324 -4.319 -4.029
SPIN 3 11 11 6 2.016 5.487 0.908
SPIN 3 11 11 7 -3.599 -3.396 -3.242
SPIN 3 11 11 8 3.026 4.129 2.966
SPIN 3 11 11 9 0.677 -4.990 3.105
SPIN 3 11 11 10 2.375 5.366 0.751
SPIN 3 11 11 11 2.070 -1.826 -5.232
SPIN 3 11 11 12 0.332 -3.250 4.932
SPIN 3 11 11 13 -2.214 -5.202 -1.743
SPIN 3 11 11 14 -1.681 -0.245 5.667
SPIN 3 11 11 15 0.869 3.617 -4.600
SPIN 2 11 11 0 -1.549 1.693 5.453
SPIN 2 11 11 1 -1.305 -5.586 -1.448
SPIN 2 11 11 2 5.030 2.640 1.652
SPIN 2 11 11 3 -2.657 5.284 -0.135
SPIN 2 11 11 4 -4.439 3.267 2.151
SPIN 2 11 11 5 4.318 -2.548 -3.141
SPIN 2 11 11 6 2.121 0.318 5.513
SPIN 2 11 11 7 -2.748 -4.168 -3.174
SPIN 2 11 11 8 5.881 -0.402 -0.499
SPIN 2 11 11 9 -4.717 -3.508 0.667
SPIN 2 11 11 10 5.246 -2.593 -0.867
SPIN 2 11 11 11 -5.331 -2.291 1.152
SPIN 2 11 11 12 1.036 4.842 -3.237
SPIN 2 11 11 13 -0.827 -5.335 -2.419
SPIN 2 11 11 14 -2.623 5.265 0.632
SPIN 2 11 11 15 5.508 -2.116 0.425
SPIN 3 11 12 0 -3.678 -4.326 -1.660
SPIN 3 11 12 1 -4.191 2.664 3.216
SPIN 3 11 12 2 4.945 -2.100 -2.478
SPIN 3 11 12 3 -0.190 -0.174 5.910
SPIN 3 11 12 4 4.518 -3.759 -0.675
SPIN 3 11 12 5 5.025 3.004 -0.853
SPIN 3 11 12 6 -2.443 5.384 -0.199
SPIN 3 11 12 7 1.760 -2.600 5.014
SPIN 3 11 12 8 1.581 -0.870 -5.634
SPIN 3 11 12 9 -0.664 0.405 5.865
SPIN 3 11 12 10 2.185 -3.206 4.466
SPIN 3 11 12 11 2.023 -4.174 -3.672
SPIN 3 11 12 12 0.998 4.454 3.764
SPIN 3 11 12 13 5.474 0.574 -2.169
SPIN 3 11 12 14 -0.573 1.887 -5.578
SPIN 3 11 12 15 0.559 2.448 5.357
SPIN 2 11 12 0 -3.134 -2.407 -4.403
SPIN 2 11 12 1 -1.808 4.140 3.820
SPIN 2 11 12 2 1.372 0.038 5.755
SPIN 2 11 12 3 -3.031 -4.311 -2.688
SPIN 2 11 12 4 1.980 3.400 -4.418
SPIN 2 11 12 5 -5.458 -2.283 -0.012
SPIN 2 11 12 6 -1.808 2.283 5.149
SPIN 2 11 12 7 2.926 5.093 -0.707
SPIN 2 11 12 8 -3.635 -1.574 4.394
SPIN 2 11 12 9 -4.540 -0.098 -3.793
SPIN 2 11 12 10 5.840 -0.910 0.261
SPIN 2 11 12 11 -0.297 0.611 5.877
SPIN 2 11 12 12 5.742 -0.672 -1.254
SPIN 2 11 12 13 3.277 3.930 -2.969
SPIN 2 11 12 14 -0.968 -4.336 3.906
SPIN 2 11 12 15 -1.999 -1.758 -5.283
SPIN 3 11 13 0 3.552 4.418 -1.691
SPIN 3 11 13 1 -2.215 0.361 -5.474
SPIN 3 11 13 2 -0.024 5.091 3.013
SPIN 3 11 13 3 -1.746 -4.440 3.498
SPIN 3 11 13 4 1.653 -0.403 5.666
SPIN 3 11 13 5 0.388 0.100 -5.902
SPIN 3 11 13 6 4.120 3.625 2.210
SPIN 3 11 13 7 -5.845 0.900 -0.180
SPIN 3 11 13 8 4.367 -3.614 1.695
SPIN 3 11 13 9 1.063 -0.842 -5.759
SPIN 3 11 13 10 -3.798 -4.306 1.428
SPIN 3 11 13 11 -0.448 -5.180 -2.822
SPIN 3 11 13 12 5.063 1.836 2.448
SPIN 3 11 13 13 -5.768 1.078 -0.757
SPIN 3 11 13 14 2.569 -3.539 -3.984
SPIN 3 11 13 15 2.001 -0.208 5.564
SPIN 2 11 13 0 3.485 -3.974 2.658
SPIN 2 11 13 1 3.777 -3.873 -2.395
SPIN 2 11 13 2 -4.072 -4.264 0.483
SPIN 2 11 13 3 4.813 2.137 2.695
SPIN 2 11 13 4 -1.186 5.171 2.617
SPIN 2 11 13 5 -1.257 5.480 1.842
SPIN 2 11 13 6 -1.329 -0.986 5.680
SPIN 2 11 13 7 2.069 -2.639 -4.874
SPIN 2 11 13 8 4.906 -2.812 1.740
SPIN 2 11 13 9 -2.936 2.304 -4.590
SPIN 2 11 13 10 -4.553 0.276 -3.767
SPIN 2 11 13 11 -4.592 -3.730 0.052
SPIN 2 11 13 12 -4.255 0.612 4.065
SPIN 2 11 13 13 -3.806 -4.443 0.878
SPIN 2 11 13 14 3.965 3.897 2.022
SPIN 2 11 13 15 -2.550 -1.499 -5.124
SPIN 3 11 14 0 4.796 -0.481 -3.430
SPIN 3 11 14 1 -4.956 -1.358 -2.932
SPIN 3 11 14 2 5.185 -1.276 2.547
SPIN 3 11 14 3 2.052 -5.549 0.004
SPIN 3 11 14 4 -3.827 -2.070 4.008
SPIN 3 11 14 5 1.115 -0.957 5.731
SPIN 3 11 14 6 -4.907 2.542 -2.112
SPIN 3 11 14 7 3.356 4.857 -0.384
SPIN 3 11 14 8 -0.393 5.648 1.718
SPIN 3 11 14 9 0.522 2.559 5.308
SPIN 3 11 14 10 0.566 -2.858 -5.149
SPIN 3 11 14 11 3.755 3.485 2.960
SPIN 3 11 14 12 0.603 5.572 -1.895
SPIN 3 11 14 13 -3.164 4.684 -1.748
SPIN 3 11 14 14 0.007 1.371 5.755
SPIN 3 11 14 15 -4.901 -2.862 -1.672
SPIN 2 11 14 0 2.194 5.255 1.603
SPIN 2 11 14 1 3.816 4.177 1.730
SPIN 2 11 14 2 3.549 -4.677 -0.729
SPIN 2 11 14 3 0.133 5.698 -1.585
SPIN 2 11 14 4 0.522 -4.090 -4.243
SPIN 2 11 14 5 5.140 -2.433 1.631
SPIN 2 11 14 6 -1.778 3.565 -4.374
SPIN 2 11 14 7 1.997 4.092 3.777
SPIN 2 11 14 8 3.007 -1.006 -4.994
SPIN 2 11 14 9 -1.474 -4.659 -3.334
SPIN 2 11 14 10 3.694 0.460 -4.598
SPIN 2 11 14 11 3.028 2.357 -4.503
SPIN 2 11 14 12 1.340 4.902 3.029
SPIN 2 11 14 13 3.487 -3.659 -3.074
SPIN 2 11 14 14 -0.250 -4.286 -4.070
SPIN 2 11 14 15 -5.317 -0.087 2.594
SPIN 3 11 15 0 -0.129 -2.665 5.280
SPIN 3 11 15 1 0.113 -5.911 -0.215
SPIN 3 11 15 2 -3.763 1.806 4.193
SPIN 3 11 15 3 -5.668 1.630 -0.466
SPIN 3 11 15 4 0.470 -3.993 4.340
SPIN 3 11 15 5 -1.209 2.115 -5.391
SPIN 3 11 15 6 1.718 -5.565 -1.037
SPIN 3 11 15 7 -5.395 -2.341 0.641
SPIN 3 11 15 8 0.581 3.232 -4.921
SPIN 3 11 15 9 -3.047 -5.012 -0.771
SPIN 3 11 15 10 5.454 2.143 -0.813
SPIN 3 11 15 11 -1.366 -3.862 4.268
SPIN 3 11 15 12 -3.283 0.899 -4.839
SPIN 3 11 15 13 2.704 0.182 5.259
SPIN 3 11 15 14 4.154 2.667 3.260
SPIN 3 11 15 15 1.535 -1.456 -5.525
SPIN 2 11 15 0 5.415 0.042 2.381
SPIN 2 11 15 1 -3.496 -1.326 -4.585
SPIN 2 11 15 2 -1.648 4.093 3.941
SPIN 2 11 15 3 3.151 -3.257 -3.803
SPIN 2 11 15 4 -4.926 -2.795 -1.711
SPIN 2 11 15 5 -5.757 -0.856 -1.062
SPIN 2 11 15 6 -3.478 4.670 -1.045
SPIN 2 11 15 7 -0.593 -5.884 -0.150
SPIN 2 11 15 8 0.480 0.703 -5.854
SPIN 2 11 15 9 -3.053 -4.161 -2.892
SPIN 2 11 15 10 1.652 -0.150 5.679
SPIN 2 11 15 11 5.566 1.024 1.724
SPIN 2 11 15 12 -3.928 -1.905 -3.993
SPIN 2 11 15 13 3.674 4.628 0.283
SPIN 2 11 15 14 4.545 -0.056 -3.787
SPIN 2 11 15 15 -5.343 -2.084 1.452
SPIN 1 12 0 0 0.351 4.834 3.393
SPIN 1 12 0 1 4.190 -3.435 2.376
SPIN 1 12 0 2 -1.818 5.620 -0.331
SPIN 1 12 0 3 4.084 -3.641 2.251
SPIN 1 12 0 4 2.537 5.321 -0.507
SPIN 1 12 0 5 1.701 -0.826 -5.606
SPIN 1 12 0 6 -0.566 2.886 5.133
SPIN 1 12 0 7 -1.065 -4.342 -3.874
SPIN 1 12 0 8 -3.528 3.154 3.550
SPIN 1 12 0 9 -3.407 4.440 1.916
SPIN 1 12 0 10 -0.074 -2.924 -5.142
SPIN 1 12 0 11 3.976 3.465 2.681
SPIN 1 12 0 12 2.679 0.523 -5.249
SPIN 1 12 0 13 -1.448 3.794 4.302
SPIN 1 12 0 14 1.619 1.700 5.430
SPIN 1 12 0 15 -1.822 -0.419 -5.613
SPIN 4 12 0 0 3.019 2.739 4.288
SPIN 4 12 0 1 -2.079 -4.665 -2.986
SPIN 4 12 0 2 -5.900 0.408 0.142
SPIN 4 12 0 3 -0.123 1.241 -5.783
SPIN 4 12 0 4 3.172 -3.769 -3.277
SPIN 4 12 0 5 3.341 4.878 0.223
SPIN 4 12 0 6 -5.787 -0.472 -1.133
SPIN 4 12 0 7 1.800 -5.499 -1.232
SPIN 4 12 0 8 4.240 1.225 -3.940
SPIN 4 12 0 9 5.344 -2.373 0.899
SPIN 4 12 0 10 -0.718 -2.538 5.295
SPIN 4 12 0 11 3.248 4.940 0.211
SPIN 4 12 0 12 2.400 -4.954 2.168
SPIN 4 12 0 13 5.480 1.295 1.815
SPIN 4 12 0 14 -3.535 4.363 -1.862
SPIN 4 12 0 15 -4.826 -1.513 -3.069
SPIN 1 12 1 0 5.470 -1.177 1.922
SPIN 1 12 1 1 -0.406 5.564 -1.968
SPIN 1 12 1 2 1.714 -3.200 4.672
SPIN 1 12 1 3 -1.500 1.765 5.444
SPIN 1 12 1 4 3.780 -4.514 0.581
SPIN 1 12 1 5 -3.875 -3.256 -3.063
SPIN 1 12 1 6 -3.574 -4.692 -0.463
SPIN 1 12 1 7 5.510 0.516 2.093
SPIN 1 12 1 8 -4.352 -3.728 1.471
SPIN 1 12 1 9 4.904 -1.440 -2.980
SPIN 1 12 1 10 -2.640 3.402 4.056
SPIN 1 12 1 11 -4.801 3.027 -1.669
SPIN 1 12 1 12 2.875 -3.038 4.184
SPIN 1 12 1 13 -2.348 -0.328 -5.420
SPIN 1 12 1 14 -4.345 0.291 4.005
SPIN 1 12 1 15 5.380 -2.192 1.117
SPIN 4 12 1 0 -2.187 4.755 -2.758
SPIN 4 12 1 1 -1.766 2.124 -5.232
SPIN 4 12 1 2 -0.949 -3.711 4.509
SPIN 4 12 1 3 0.013 5.732 -1.462
SPIN 4 12 1 4 1.355 5.397 -2.007
SPIN 4 12 1 5 1.079 3.484 4.658
SPIN 4 12 1 6 5.161 -2.891 0.070
SPIN 4 12 1 7 -5.230 2.294 1.544
SPIN 4 12 1 8 2.896 -4.945 -1.471
SPIN 4 12 1 9 -5.041 2.912 -1.054
SPIN 4 12 1 10 3.255 -4.839 -0.993
SPIN 4 12 1 11 -1.709 -0.413 5.649
SPIN 4 12 1 12 -2.123 4.700 -2.898
SPIN 4 12 1 13 -2.338 -2.008 5.050
SPIN 4 12 1 14 2.584 -4.305 -3.129
SPIN 4 12 1 15 -2.381 5.416 -0.014
SPIN 1 12 2 0 1.365 3.496 -4.573
SPIN 1 12 2 1 0.637 -4.901 3.252
SPIN 1 12 2 2 -2.125 1.312 -5.363
SPIN 1 12 2 3 -1.648 -0.970 5.598
SPIN 1 12 2 4 -4.518 -3.808 0.292
SPIN 1 12 2 5 3.824 -1.329 4.314
SPIN 1 12 2 6 0.753 1.164 -5.751
SPIN 1 12 2 7 4.221 -3.332 -2.465
SPIN 1 12 2 8 3.842 1.576 -4.214
SPIN 1 12 2 9 -5.250 0.673 2.643
SPIN 1 12 2 10 -3.912 2.887 -3.370
SPIN 1 12 2 11 3.428 -0.441 4.801
SPIN 1 12 2 12 -0.550 0.588 -5.861
SPIN 1 12 2 13 5.525 1.425 1.563
SPIN 1 12 2 14 1.508 -5.288 2.182
SPIN 1 12 2 15 -1.217 5.751 -0.663
SPIN 4 12 2 0 -1.452 2.735 5.041
SPIN 4 12 2 1 -0.573 -4.637 -3.629
SPIN 4 12 2 2 -3.055 2.563 4.371
SPIN 4 12 2 3 3.992 -3.330 -2.824
SPIN 4 12 2 4 -5.242 1.631 -2.204
SPIN 4 12 2 5 -1.522 0.052 -5.717
SPIN 4 12 2 6 -0.370 4.135 4.215
SPIN 4 12 2 7 0.655 -5.779 1.085
SPIN 4 12 2 8 2.379 0.048 5.417
SPIN 4 12 2 9 5.028 0.976 2.961
SPIN 4 12 2 10 -1.413 -4.672 -3.343
SPIN 4 12 2 11 4.448 3.493 -1.736
SPIN 4 12 2 12 -0.271 5.202 -2.804
SPIN 4 12 2 13 -4.692 1.001 -3.462
SPIN 4 12 2 14 -4.194 -4.172 -0.047
SPIN 4 12 2 15 3.622 -0.669 -4.630
SPIN 1 12 3 0 -4.224 2.290 -3.452
SPIN 1 12 3 1 2.330 1.495 5.229
SPIN 1 12 3 2 -4.067 -3.982 -1.611
SPIN 1 12 3 3 5.129 2.948 -0.053
SPIN 1 12 3 4 -5.230 -0.000 -2.765
SPIN 1 12 3 5 5.274 2.409 1.175
SPIN 1 12 3 6 5.270 -2.677 -0.260
SPIN 1 12 3 7 3.109 3.394 3.717
SPIN 1 12 3 8 -5.139 -0.527 -2.884
SPIN 1 12 3 9 -0.754 -2.161 -5.455
SPIN 1 12 3 10 -4.254 -2.178 3.487
SPIN 1 12 3 11 -2.840 3.940 3.378
SPIN 1 12 3 12 2.904 1.366 4.970
SPIN 1 12 3 13 5.478 -2.233 -0.078
SPIN 1 12 3 14 -5.174 -2.603 1.207
SPIN 1 12 3 15 3.463 -1.618 -4.516
SPIN 4 12 3 0 -5.058 -0.316 3.053
SPIN 4 12 3 1 2.536 0.645 -5.306
SPIN 4 12 3 2 3.466 3.953 -2.713
SPIN 4 12 3 3 -5.427 2.262 -0.659
SPIN 4 12 3 4 5.514 2.142 0.092
SPIN 4 12 3 5 4.141 1.955 -3.746
SPIN 4 12 3 6 -2.646 -5.169 1.131
SPIN 4 12 3 7 1.581 4.819 -3.046
SPIN 4 12 3 8 -0.361 -3.518 -4.743
SPIN 4 12 3 9 1.372 1.503 -5.555
SPIN 4 12 3 10 3.072 -1.592 4.799
SPIN 4 12 3 11 0.646 0.607 -5.849
SPIN 4 12 3 12 4.860 1.893 -2.793
SPIN 4 12 3 13 2.973 -5.030 -0.929
SPIN 4 12 3 14 1.430 -5.637 1.086
SPIN 4 12 3 15 0.052 5.720 -1.508
SPIN 1 12 4 0 4.009 4.256 -0.900
SPIN 1 12 4 1 -3.175 -2.703 4.197
SPIN 1 12 4 2 1.310 4.879 3.079
SPIN 1 12 4 3 -4.263 -3.954 -1.095
SPIN 1 12 4 4 -2.822 -1.355 5.020
SPIN 1 12 4 5 -5.520 1.998 0.731
SPIN 1 12 4 6 0.443 3.283 4.902
SPIN 1 12 4 7 0.338 2.251 -5.461
SPIN 1 12 4 8 1.141 -1.776 5.527
SPIN 1 12 4 9 -3.663 0.913 -4.555
SPIN 1 12 4 10 4.777 -3.385 -0.849
SPIN 1 12 4 11 -0.759 -3.601 4.632
SPIN 1 12 4 12 -2.564 -4.286 3.171
SPIN 1 12 4 13 -5.823 -1.030 -0.184
SPIN 1 12 4 14 2.421 -0.049 5.398
SPIN 1 12 4 15 -3.779 -1.594 -4.263
SPIN 4 12 4 0 -2.630 2.589 -4.624
SPIN 4 12 4 1 -4.828 -3.149 1.333
SPIN 4 12 4 2 4.159 -1.024 -4.081
SPIN 4 12 4 3 -3.262 -0.050 4.936
SPIN 4 12 4 4 0.939 -3.720 -4.503
SPIN 4 12 4 5 -2.265 -0.507 5.442
SPIN 4 12 4 6 4.190 4.024 -1.118
SPIN 4 12 4 7 3.550 0.496 4.706
SPIN 4 12 4 8 0.183 -5.654 -1.731
SPIN 4 12 4 9 -4.635 2.427 2.761
SPIN 4 12 4 10 2.445 -0.181 -5.384
SPIN 4 12 4 11 -2.371 -4.837 2.445
SPIN 4 12 4 12 3.543 -3.512 -3.181
SPIN 4 12 4 13 -2.673 4.728 -2.344
SPIN 4 12 4 14 -1.830 2.389 -5.093
SPIN 4 12 4 15 0.387 -5.851 -0.787
SPIN 1 12 5 0 -2.862 5.090 0.946
SPIN 1 12 5 1 3.676 -2.880 -3.632
SPIN 1 12 5 2 -2.348 4.017 -3.654
SPIN 1 12 5 3 -3.725 -0.490 -4.570
SPIN 1 12 5 4 0.334 5.771 -1.261
SPIN 1 12 5 5 3.407 -4.833 0.171
SPIN 1 12 5 6 1.476 -4.594 -3.423
SPIN 1 12 5 7 -1.404 4.204 3.919
SPIN 1 12 5 8 -1.195 -0.598 -5.763
SPIN 1 12 5 9 -1.380 -5.638 1.142
SPIN 1 12 5 10 -4.699 2.411 2.666
SPIN 1 12 5 11 -2.909 -4.641 -2.236
SPIN 1 12 5 12 3.612 4.564 1.060
SPIN 1 12 5 13 5.757 1.225 -0.594
SPIN 1 12 5 14 -0.361 5.896 -0.323
SPIN 1 12 5 15 3.815 -4.279 1.464
SPIN 4 12 5 0 -4.118 1.225 -4.067
SPIN 4 12 5 1 -3.055 -2.840 4.195
SPIN 4 12 5 2 1.057 -5.654 1.384
SPIN 4 12 5 3 2.704 5.097 -1.308
SPIN 4 12 5 4 -1.419 -3.757 4.344
SPIN 4 12 5 5 -2.561 4.944 -1.998
SPIN 4 12 5 6 -4.059 -4.031 1.508
SPIN 4 12 5 7 -4.731 3.277 1.370
SPIN 4 12 5 8 2.096 2.537 -4.916
SPIN 4 12 5 9 4.809 -1.524 -3.090
SPIN 4 12 5 10 -4.366 3.153 2.450
SPIN 4 12 5 11 0.714 -5.751 -1.191
SPIN 4 12 5 12 2.015 5.533 0.575
SPIN 4 12 5 13 -0.444 -5.063 -3.027
SPIN 4 12 5 14 -3.571 -2.218 4.163
SPIN 4 12 5 15 4.098 1.261 4.077
SPIN 1 12 6 0 3.910 3.662 -2.511
SPIN 1 12 6 1 0.485 3.611 -4.661
SPIN 1 12 6 2 0.622 -4.491 3.800
SPIN 1 12 6 3 -1.423 -4.088 4.032
SPIN 1 12 6 4 -3.538 1.821 -4.378
SPIN 1 12 6 5 -0.600 5.070 -2.990
SPIN 1 12 6 6 5.406 2.187 0.994
SPIN 1 12 6 7 -0.331 -0.790 -5.854
SPIN 1 12 6 8 -0.073 -0.600 5.885
SPIN 1 12 6 9 -4.077 -1.026 4.163
SPIN 1 12 6 10 1.958 -5.270 1.843
SPIN 1 12 6 11 -1.108 -3.808 4.390
SPIN 1 12 6 12 0.635 5.433 2.254
SPIN 1 12 6 13 3.673 0.075 4.637
SPIN 1 12 6 14 4.879 -2.546 2.171
SPIN 1 12 6 15 1.004 5.819 0.368
SPIN 4 12 6 0 3.424 3.297 3.522
SPIN 4 12 6 1 -4.177 -4.121 0.758
SPIN 4 12 6 2 3.476 4.784 -0.187
SPIN 4 12 6 3 0.179 -3.638 -4.662
SPIN 4 12 6 4 4.647 -0.229 -3.655
SPIN 4 12 6 5 -2.496 -4.769 2.455
SPIN 4 12 6 6 -3.316 2.276 4.339
SPIN 4 12 6 7 -5.183 -2.840 0.268
SPIN 4 12 6 8 -4.859 3.311 -0.653
SPIN 4 12 6 9 -5.131 -2.386 1.725
SPIN 4 12 6 10 -2.303 -0.739 5.399
SPIN 4 12 6 11 -1.109 5.764 -0.740
SPIN 4 12 6 12 -1.202 -5.410 -2.071
SPIN 4 12 6 13 4.869 3.317 0.544
SPIN 4 12 6 14 -3.557 4.601 -1.086
SPIN 4 12 6 15 -2.706 0.544 -5.233
SPIN 1 12 7 0 -4.062 3.338 -2.712
SPIN 1 12 7 1 -1.794 -5.627 0.353
SPIN 1 12 7 2 -5.778 0.076 1.268
SPIN 1 12 7 3 -4.787 2.144 -2.736
SPIN 1 12 7 4 -1.128 -4.940 3.053
SPIN 1 12 7 5 -1.593 5.560 1.244
SPIN 1 12 7 6 2.729 3.287 -4.092
SPIN 1 12 7 7 1.180 5.714 0.982
SPIN 1 12 7 8 0.306 -0.524 -5.885
SPIN 1 12 7 9 2.175 -4.431 3.261
SPIN 1 12 7 10 5.038 2.503 -1.832
SPIN 1 12 7 11 5.276 -1.169 -2.409
SPIN 1 12 7 12 -2.125 -3.536 4.240
SPIN 1 12 7 13 -3.339 -4.854 -0.539
SPIN 1 12 7 14 -1.391 4.347 3.764
SPIN 1 12 7 15 -3.399 4.731 1.030
SPIN 4 12 7 0 -0.504 2.980 5.086
SPIN 4 12 7 1 3.637 4.663 0.160
SPIN 4 12 7 2 -3.589 -2.282 -4.112
SPIN 4 12 7 3 3.324 3.450 3.471
SPIN 4 12 7 4 -4.819 -3.041 -1.591
SPIN 4 12 7 5 3.811 3.668 2.650
SPIN 4 12 7 6 -4.449 -2.689 -2.824
SPIN 4 12 7 7 3.238 1.207 4.802
SPIN 4 12 7 8 -0.134 3.765 -4.561
SPIN 4 12 7 9 -0.999 -3.050 -4.970
SPIN 4 12 7 10 -3.942 2.790 3.417
SPIN 4 12 7 11 -1.741 -3.597 4.362
SPIN 4 12 7 12 2.161 -1.250 5.363
SPIN 4 12 7 13 -1.468 -5.493 1.634
SPIN 4 12 7 14 2.043 5.410 -1.250
SPIN 4 12 7 15 1.696 -3.684 -4.307
SPIN 1 12 8 0 -4.712 1.166 3.382
SPIN 1 12 8 1 -1.302 -2.890 -4.995
SPIN 1 12 8 2 -4.294 -1.298 -3.857
SPIN 1 12 8 3 -5.034 -2.028 -2.355
SPIN 1 12 8 4 -4.103 -4.257 0.210
SPIN 1 12 8 5 4.391 3.912 0.644
SPIN 1 12 8 6 1.770 2.227 -5.187
SPIN 1 12 8 7 -0.630 -4.398 -3.907
SPIN 1 12 8 8 4.017 2.071 3.818
SPIN 1 12 8 9 1.061 4.167 -4.063
SPIN 1 12 8 10 3.038 -4.153 -2.920
SPIN 1 12 8 11 -1.732 3.780 -4.209
SPIN 1 12 8 12 1.139 -5.193 2.595
SPIN 1 12 8 13 2.244 0.401 -5.459
SPIN 1 12 8 14 5.057 3.070 -0.007
SPIN 1 12 8 15 -1.981 1.852 -5.258
SPIN 4 12 8 0 4.263 -3.210 -2.554
SPIN 4 12 8 1 -2.777 2.098 -4.784
SPIN 4 12 8 2 0.354 -2.547 5.328
SPIN 4 12 8 3 2.765 3.955 -3.422
SPIN 4 12 8 4 0.556 5.838 0.783
SPIN 4 12 8 5 4.189 -3.363 -2.480
SPIN 4 12 8 6 -5.747 1.059 -0.923
SPIN 4 12 8 7 -2.560 -5.333 0.087
SPIN 4 12 8 8 3.875 -0.407 4.452
SPIN 4 12 8 9 0.998 -3.551 -4.626
SPIN 4 12 8 10 -2.665 -2.767 -4.499
SPIN 4 12 8 11 -4.659 3.577 0.705
SPIN 4 12 8 12 -1.407 2.534 5.157
SPIN 4 12 8 13 -5.354 2.516 0.090
SPIN 4 12 8 14 -3.894 4.381 0.799
SPIN 4 12 8 15 -5.487 0.929 2.007
SPIN 1 12 9 0 1.110 4.076 -4.142
SPIN 1 12 9 1 -1.670 -3.448 4.508
SPIN 1 12 9 2 -1.781 -1.078 5.537
SPIN 1 12 9 3 -3.716 4.252 -1.765
SPIN 1 12 9 4 -3.319 1.885 -4.520
SPIN 1 12 9 5 -1.571 -3.657 4.377
SPIN 1 12 9 6 -3.252 0.273 4.935
SPIN 1 12 9 7 3.671 4.469 -1.249
SPIN 1 12 9 8 -1.635 -3.421 -4.541
SPIN 1 12 9 9 -4.494 -0.472 3.819
SPIN 1 12 9 10 5.594 1.915 0.212
SPIN 1 12 9 11 4.167 -2.901 -3.037
SPIN 1 12 9 12 -3.206 -4.548 -2.011
SPIN 1 12 9 13 1.871 1.718 5.343
SPIN 1 12 9 14 -2.974 -5.095 0.444
SPIN 1 12 9 15 2.445 -0.478 5.366
SPIN 4 12 9 0 -0.693 -5.529 1.988
SPIN 4 12 9 1 3.032 4.915 -1.282
SPIN 4 12 9 2 -0.391 -4.577 3.728
SPIN 4 12 9 3 4.790 -0.094 3.471
SPIN 4 12 9 4 -1.977 -2.971 -4.719
SPIN 4 12 9 5 1.216 5.436 1.992
SPIN 4 12 9 6 -1.598 1.332 -5.538
SPIN 4 12 9 7 3.777 1.684 -4.231
SPIN 4 12 9 8 4.485 2.527 -2.915
SPIN 4 12 9 9 -2.202 1.189 -5.361
SPIN 4 12 9 10 3.259 1.253 -4.776
SPIN 4 12 9 11 5.245 -2.653 0.671
SPIN 4 12 9 12 4.774 -3.449 0.555
SPIN 4 12 9 13 -4.173 0.409 4.174
SPIN 4 12 9 14 5.577 -1.894 0.558
SPIN 4 12 9 15 0.403 -1.278 -5.762
SPIN 1 12 10 0 -3.897 2.615 3.602
SPIN 1 12 10 1 -3.802 4.058 2.018
SPIN 1 12 10 2 0.070 4.429 3.922
SPIN 1 12 10 3 3.827 2.176 -3.952
SPIN 1 12 10 4 -3.079 -0.413 5.035
SPIN 1 12 10 5 3.124 -2.820 -4.158
SPIN 1 12 10 6 -0.551 4.357 3.964
SPIN 1 12 10 7 -0.280 -5.729 1.451
SPIN 1 12 10 8 -2.219 -4.298 3.406
SPIN 1 12 10 9 3.471 -4.791 0.067
SPIN 1 12 10 10 -1.055 -4.685 -3.455
SPIN 1 12 10 11 -3.091 2.462 -4.403
SPIN 1 12 10 12 2.210 -5.467 0.483
SPIN 1 12 10 13 5.037 2.023 2.353
SPIN 1 12 10 14 2.156 -4.675 -2.916
SPIN 1 12 10 15 -2.828 -4.492 -2.612
SPIN 4 12 10 0 2.746 -5.134 1.049
SPIN 4 12 10 1 0.781 5.821 -0.714
SPIN 4 12 10 2 -0.774 -4.537 3.717
SPIN 4 12 10 3 2.591 -4.828 -2.230
SPIN 4 12 10 4 1.604 5.680 -0.401
SPIN 4 12 10 5 1.462 -2.317 5.243
SPIN 4 12 10 6 5.103 -0.377 2.969
SPIN 4 12 10 7 5.246 2.280 -1.510
SPIN 4 12 10 8 -4.814 3.326 -0.871
SPIN 4 12 10 9 -5.686 1.526 0.587
SPIN 4 12 10 10 4.472 1.837 3.410
SPIN 4 12 10 11 4.194 0.086 -4.172
SPIN 4 12 10 12 -1.104 4.587 -3.570
SPIN 4 12 10 13 -2.158 -3.797 -3.990
SPIN 4 12 10 14 4.369 2.666 2.968
SPIN 4 12 10 15 3.908 0.826 4.364
SPIN 1 12 11 0 3.045 -4.102 -2.983
SPIN 1 12 11 1 4.665 1.419 -3.350
SPIN 1 12 11 2 0.574 -5.878 -0.343
SPIN 1 12 11 3 0.440 4.360 3.974
SPIN 1 12 11 4 1.965 -4.519 3.273
SPIN 1 12 11 5 -1.882 4.806 2.892
SPIN 1 12 11 6 -1.488 -4.685 -3.292
SPIN 1 12 11 7 -4.891 2.989 -1.466
SPIN 1 12 11 8 4.722 3.397 -1.078
SPIN 1 12 11 9 4.205 1.236 -3.974
SPIN 1 12 11 10 2.153 -5.330 1.400
SPIN 1 12 11 11 -3.993 4.343 -0.443
SPIN 1 12 11 12 -3.694 -2.306 -4.004
SPIN 1 12 11 13 3.378 0.114 4.856
SPIN 1 12 11 14 1.930 -3.350 -4.478
SPIN 1 12 11 15 1.139 4.497 -3.672
SPIN 4 12 11 0 1.417 -4.873 3.040
SPIN 4 12 11 1 -3.366 -4.349 2.181
SPIN 4 12 11 2 -0.466 -3.427 -4.800
SPIN 4 12 11 3 1.388 -1.719 5.488
SPIN 4 12 11 4 1.843 4.969 -2.630
SPIN 4 12 11 5 -1.006 -5.719 -1.129
SPIN 4 12 11 6 -4.075 -3.550 -2.407
SPIN 4 12 11 7 0.479 4.854 -3.348
SPIN 4 12 11 8 -2.214 -0.280 5.479
SPIN 4 12 11 9 4.735 1.713 -3.105
SPIN 4 12 11 10 -4.533 -3.373 1.752
SPIN 4 12 11 11 -4.665 3.605 0.494
SPIN 4 12 11 12 1.288 -5.495 1.774
SPIN 4 12 11 13 2.535 2.759 4.579
SPIN 4 12 11 14 -3.801 1.694 -4.205
SPIN 4 12 11 15 2.303 -5.015 2.131
SPIN 1 12 12 0 -1.341 2.711 5.084
SPIN 1 12 12 1 4.257 3.940 -1.161
SPIN 1 12 12 2 3.791 3.387 -3.026
SPIN 1 12 12 3 2.644 4.999 -1.736
SPIN 1 12 12 4 2.651 2.216 4.802
SPIN 1 12 12 5 4.852 0.310 -3.371
SPIN 1 12 12 6 2.061 -0.462 -5.526
SPIN 1 12 12 7 -3.051 4.707 -1.881
SPIN 1 12 12 8 5.838 0.027 0.958
SPIN 1 12 12 9 2.271 0.349 5.452
SPIN 1 12 12 10 0.380 -5.825 0.962
SPIN 1 12 12 11 -3.456 -1.383 4.598
SPIN 1 12 12 12 -0.139 -1.485 5.725
SPIN 1 12 12 13 2.571 -2.512 -4.699
SPIN 1 12 12 14 0.238 4.519 3.811
SPIN 1 12 12 15 -1.929 1.022 -5.499
SPIN 4 12 12 0 4.302 3.019 -2.716
SPIN 4 12 12 1 4.745 -0.192 -3.528
SPIN 4 12 12 2 5.786 0.555 1.103
SPIN 4 12 12 3 2.697 -0.441 -5.247
SPIN 4 12 12 4 -4.579 -0.579 -3.701
SPIN 4 12 12 5 -4.144 2.550 -3.365
SPIN 4 12 12 6 -0.350 -5.191 2.816
SPIN 4 12 12 7 -1.763 -5.459 1.447
SPIN 4 12 12 8 1.760 2.940 -4.823
SPIN 4 12 12 9 -3.282 -0.232 -4.916
SPIN 4 12 12 10 -1.135 5.543 -1.727
SPIN 4 12 12 11 4.473 3.304 2.020
SPIN 4 12 12 12 -2.923 4.902 1.557
SPIN 4 12 12 13 -1.549 -5.700 -0.334
SPIN 4 12 12 14 -0.475 -2.054 -5.528
SPIN 4 12 12 15 -3.570 4.684 0.562
SPIN 1 12 13 0 -2.452 -2.625 -4.701
SPIN 1 12 13 1 -4.351 -3.505 -1.947
SPIN 1 12 13 2 4.503 0.687 3.775
SPIN 1 12 13 3 4.772 -2.817 -2.073
SPIN 1 12 13 4 2.219 -3.389 -4.312
SPIN 1 12 13 5 4.281 3.982 0.902
SPIN 1 12 13 6 -3.996 -4.235 1.047
SPIN 1 12 13 7 3.735 -1.400 -4.369
SPIN 1 12 13 8 -3.846 4.401 0.920
SPIN 1 12 13 9 -1.111 -3.053 4.944
SPIN 1 12 13 10 -1.735 5.332 1.886
SPIN 1 12 13 11 3.382 -3.186 -3.662
SPIN 1 12 13 12 -0.204 1.443 -5.734
SPIN 1 12 13 13 -4.433 -3.208 2.248
SPIN 1 12 13 14 0.702 5.205 2.723
SPIN 1 12 13 15 2.964 5.119 -0.098
SPIN 4 12 13 0 0.315 4.291 4.060
SPIN 4 12 13 1 0.745 5.100 -2.904
SPIN 4 12 13 2 -5.457 -2.199 0.624
SPIN 4 12 13 3 -3.795 -3.815 2.458
SPIN 4 12 13 4 2.585 -4.404 2.988
SPIN 4 12 13 5 5.393 -0.658 -2.341
SPIN 4 12 13 6 -5.294 2.350 1.205
SPIN 4 12 13 7 -5.545 0.819 1.894
SPIN 4 12 13 8 -2.749 -5.235 -0.193
SPIN 4 12 13 9 4.250 2.161 -3.503
SPIN 4 12 13 10 4.253 -3.437 2.258
SPIN 4 12 13 11 -3.367 -4.752 1.040
SPIN 4 12 13 12 -2.532 -5.117 -1.551
SPIN 4 12 13 13 -5.394 2.366 -0.557
SPIN 4 12 13 14 1.600 -5.682 0.399
SPIN 4 12 13 15 1.308 -3.197 -4.803
SPIN 1 12 14 0 -5.424 1.143 -2.068
SPIN 1 12 14 1 -0.907 -0.936 5.771
SPIN 1 12 14 2 2.879 5.163 -0.241
SPIN 1 12 14 3 -0.908 4.791 3.349
SPIN 1 12 14 4 -2.187 4.432 3.251
SPIN 1 12 14 5 -2.712 -3.822 -3.611
SPIN 1 12 14 6 -0.710 -0.780 5.821
SPIN 1 12 14 7 -0.472 -5.886 0.357
SPIN 1 12 14 8 3.839 -3.299 3.063
SPIN 1 12 14 9 2.602 1.083 5.202
SPIN 1 12 14 10 3.565 -4.721 0.045
SPIN 1 12 14 11 1.094 4.767 3.328
SPIN 1 12 14 12 -2.476 1.219 -5.233
SPIN 1 12 14 13 1.527 5.651 0.856
SPIN 1 12 14 14 4.387 -3.958 0.288
SPIN 1 12 14 15 -4.213 -1.173 -3.984
SPIN 4 12 14 0 1.084 2.061 -5.438
SPIN 4 12 14 1 5.338 -2.520 -0.395
SPIN 4 12 14 2 -3.672 1.121 4.501
SPIN 4 12 14 3 -0.078 5.342 2.540
SPIN 4 12 14 4 1.909 2.887 -4.798
SPIN 4 12 14 5 -0.601 -1.305 5.739
SPIN 4 12 14 6 5.630 -0.606 1.712
SPIN 4 12 14 7 -1.819 -0.275 5.623
SPIN 4 12 14 8 -5.675 -1.343 0.994
SPIN 4 12 14 9 2.341 3.441 4.205
SPIN 4 12 14 10 -5.377 -1.168 2.174
SPIN 4 12 14 11 1.619 -3.751 4.279
SPIN 4 12 14 12 -1.288 2.182 -5.346
SPIN 4 12 14 13 3.115 3.311 3.785
SPIN 4 12 14 14 0.540 4.269 -4.060
SPIN 4 12 14 15 5.654 1.533 0.827
SPIN 1 12 15 0 2.837 -5.177 -0.387
SPIN 1 12 15 1 -1.053 4.968 -3.035
SPIN 1 12 15 2 -2.341 -3.343 4.283
SPIN 1 12 15 3 3.262 -4.484 -2.062
SPIN 1 12 15 4 5.905 -0.360 -0.024
SPIN 1 12 15 5 2.347 5.259 1.355
SPIN 1 12 15 6 -3.929 -4.393 -0.518
SPIN 1 12 15 7 1.216 5.352 -2.208
SPIN 1 12 15 8 -5.733 0.508 -1.371
SPIN 1 12 15 9 0.285 5.881 0.574
SPIN 1 12 15 10 -1.062 3.340 -4.766
SPIN 1 12 15 11 3.332 -4.703 -1.336
SPIN 1 12 15 12 -0.150 -5.409 2.393
SPIN 1 12 15 13 -2.652 -4.797 2.225
SPIN 1 12 15 14 1.380 5.737 0.423
SPIN 1 12 15 15 -2.153 -0.724 -5.463
SPIN 4 12 15 0 -3.166 -2.303 4.435
SPIN 4 12 15 1 1.717 -1.269 -5.517
SPIN 4 12 15 2 -3.442 -1.133 -4.676
SPIN 4 12 15 3 -5.795 1.182 -0.158
SPIN 4 12 15 4 -0.871 -0.091 5.851
SPIN 4 12 15 5 -5.418 -0.769 -2.249
SPIN 4 12 15 6 -4.744 1.897 -2.983
SPIN 4 12 15 7 0.738 1.351 5.712
SPIN 4 12 15 8 0.395 -3.231 -4.940
SPIN 4 12 15 9 -2.100 2.651 -4.854
SPIN 4 12 15 10 0.881 -5.814 -0.646
SPIN 4 12 15 11 -1.215 5.245 -2.453
SPIN 4 12 15 12 -1.822 -5.318 1.843
SPIN 4 12 15 13 -4.764 0.102 -3.507
SPIN 4 12 15 14 -4.200 2.440 3.377
SPIN 4 12 15 15 2.253 0.996 5.379
SPIN 3 12 0 0 -4.348 -2.239 -3.328
SPIN 3 12 0 1 3.519 -4.520 1.479
SPIN 3 12 0 2 1.581 -5.166 -2.411
SPIN 3 12 0 3 -5.386 -1.973 1.447
SPIN 3 12 0 4 0.613 -5.819 0.874
SPIN 3 12 0 5 -3.267 4.542 1.922
SPIN 3 12 0 6 5.876 0.689 -0.023
SPIN 3 12 0 7 1.344 5.544 -1.569
SPIN 3 12 0 8 5.369 1.273 -2.133
SPIN 3 12 0 9 -0.343 1.144 5.794
SPIN 3 12 0 10 2.651 -4.706 -2.414
SPIN 3 12 0 11 5.030 3.025 -0.740
SPIN 3 12 0 12 -4.897 3.163 -1.007
SPIN 3 12 0 13 5.641 -1.781 -0.106
SPIN 3 12 0 14 -3.859 1.563 4.203
SPIN 3 12 0 15 3.888 -4.271 -1.281
SPIN 2 12 0 0 -4.382 -2.355 3.202
SPIN 2 12 0 1 -2.095 0.407 -5.518
SPIN 2 12 0 2 -0.223 2.631 5.294
SPIN 2 12 0 3 -3.785 -4.275 1.548
SPIN 2 12 0 4 -3.694 -4.243 1.831
SPIN 2 12 0 5 -5.312 -2.259 1.297
SPIN 2 12 0 6 3.303 -0.775 -4.847
SPIN 2 12 0 7 -4.168 1.434 3.946
SPIN 2 12 0 8 5.446 -2.311 -0.026
SPIN 2 12 0 9 3.947 -4.375 0.524
SPIN 2 12 0 10 1.960 3.406 -4.422
SPIN 2 12 0 11 -3.293 3.366 -3.581
SPIN 2 12 0 12 -2.250 -0.109 5.470
SPIN 2 12 0 13 3.845 4.223 -1.543
SPIN 2 12 0 14 -3.593 -4.132 -2.239
SPIN 2 12 0 15 1.431 4.395 3.692
SPIN 3 12 1 0 5.776 0.017 1.277
SPIN 3 12 1 1 -4.317 -1.914 -3.564
SPIN 3 12 1 2 5.752 0.429 1.318
SPIN 3 12 1 3 2.925 5.128 0.375
SPIN 3 12 1 4 -2.957 3.654 3.592
SPIN 3 12 1 5 -1.184 -5.631 -1.373
SPIN 3 12 1 6 1.090 2.896 5.043
SPIN 3 12 1 7 2.632 4.246 -3.169
SPIN 3 12 1 8 -5.554 -1.952 -0.585
SPIN 3 12 1 9 4.414 1.129 -3.774
SPIN 3 12 1 10 -0.814 2.110 5.467
SPIN 3 12 1 11 -3.686 -3.266 3.278
SPIN 3 12 1 12 1.137 1.855 -5.502
SPIN 3 12 1 13 -4.469 -1.348 3.635
SPIN 3 12 1 14 0.574 -5.729 -1.362
SPIN 3 12 1 15 0.107 2.669 -5.279
SPIN 2 12 1 0 -1.290 0.251 -5.768
SPIN 2 12 1 1 2.524 -5.216 -1.192
SPIN 2 12 1 2 2.340 -4.702 -2.723
SPIN 2 12 1 3 -4.644 1.812 -3.186
SPIN 2 12 1 4 4.515 -3.493 1.555
SPIN 2 12 1 5 -0.344 5.653 -1.711
SPIN 2 12 1 6 3.396 4.738 1.009
SPIN 2 12 1 7 0.228 -0.513 -5.889
SPIN 2 12 1 8 1.512 5.714 -0.254
SPIN 2 12 1 9 -5.415 -1.900 1.436
SPIN 2 12 1 10 2.368 1.996 -5.041
SPIN 2 12 1 11 2.675 5.254 -0.492
SPIN 2 12 1 12 -1.121 -3.713 -4.467
SPIN 2 12 1 13 -5.072 -2.044 -2.258
SPIN 2 12 1 14 -0.059 4.639 -3.670
SPIN 2 12 1 15 -3.750 -1.612 4.283
SPIN 3 12 2 0 -3.746 -2.979 -3.477
SPIN 3 12 2 1 1.398 4.017 4.112
SPIN 3 12 2 2 -5.442 -0.677 -2.221
SPIN 3 12 2 3 4.668 -3.420 1.230
SPIN 3 12 2 4 -4.234 -3.433 -2.300
SPIN 3 12 2 5 3.595 -0.242 4.692
SPIN 3 12 2 6 -2.629 -5.159 -1.211
SPIN 3 12 2 7 5.792 -1.207 -0.046
SPIN 3 12 2 8 3.037 5.039 -0.625
SPIN 3 12 2 9 4.227 -3.696 1.863
SPIN 3 12 2 10 -2.013 2.811 4.801
SPIN 3 12 2 11 -5.879 0.604 -0.279
SPIN 3 12 2 12 0.771 -4.124 4.171
SPIN 3 12 2 13 -4.523 -3.628 1.176
SPIN 3 12 2 14 0.305 5.907 -0.134
SPIN 3 12 2 15 5.769 -1.134 -0.660
SPIN 2 12 2 0 5.350 -2.514 0.235
SPIN 2 12 2 1 -2.845 -5.177 -0.315
SPIN 2 12 2 2 2.609 3.172 4.258
SPIN 2 12 2 3 -0.815 3.948 -4.330
SPIN 2 12 2 4 -5.397 0.777 -2.295
SPIN 2 12 2 5 4.095 -4.058 1.326
SPIN 2 12 2 6 4.245 3.014 2.810
SPIN 2 12 2 7 -3.207 -3.332 -3.690
SPIN 2 12 2 8 0.854 -3.805 4.449
SPIN 2 12 2 9 -5.199 0.687 -2.738
SPIN 2 12 2 10 1.214 -2.217 5.349
SPIN 2 12 2 11 2.490 -4.428 -3.033
SPIN 2 12 2 12 2.984 3.423 3.792
SPIN 2 12 2 13 -2.565 2.677 -4.611
SPIN 2 12 2 14 5.340 -1.735 -1.865
SPIN 2 12 2 15 5.292 1.992 1.740
SPIN 3 12 3 0 -0.423 -3.433 4.799
SPIN 3 12 3 1 -5.052 -1.709 -2.562
SPIN 3 12 3 2 2.900 -0.419 -5.139
SPIN 3 12 3 3 4.909 0.365 3.282
SPIN 3 12 3 4 3.197 -4.958 -0.446
SPIN 3 12 3 5 -5.753 0.606 1.237
SPIN 3 12 3 6 4.574 3.184 1.985
SPIN 3 12 3 7 4.141 4.151 -0.786
SPIN 3 12 3 8 -5.639 -0.511 -1.715
SPIN 3 12 3 9 5.008 3.116 0.465
SPIN 3 12 3 10 -0.595 -4.544 3.741
SPIN 3 12 3 11 -0.299 5.608 -1.861
SPIN 3 12 3 12 -5.181 -0.034 -2.856
SPIN 3 12 3 13 5.824 0.528 -0.894
SPIN 3 12 3 14 5.125 2.795 0.960
SPIN 3 12 3 15 1.733 -3.410 -4.513
SPIN 2 12 3 0 5.384 -2.412 0.441
SPIN 2 12 3 1 -1.504 -1.702 -5.463
SPIN 2 12 3 2 -1.083 5.682 -1.240
SPIN 2 12 3 3 -2.957 0.195 5.120
SPIN 2 12 3 4 3.601 -0.318 -4.683
SPIN 2 12 3 5 -4.091 3.538 2.396
SPIN 2 12 3 6 -0.569 -5.889 -0.015
SPIN 2 12 3 7 -2.893 4.966 -1.401
SPIN 2 12 3 8 0.840 -5.851 0.249
SPIN 2 12 3 9 -0.549 -2.207 5.461
SPIN 2 12 3 10 -0.773 -2.634 -5.241
SPIN 2 12 3 11 -4.213 -3.989 1.157
SPIN 2 12 3 12 -3.445 4.228 2.293
SPIN 2 12 3 13 1.563 -2.459 5.149
SPIN 2 12 3 14 -3.386 3.360 -3.500
SPIN 2 12 3 15 -5.192 -2.227 -1.755
SPIN 3 12 4 0 3.534 4.247 -2.116
SPIN 3 12 4 1 3.086 2.166 -4.559
SPIN 3 12 4 2 -2.798 -0.270 -5.206
SPIN 3 12 4 3 3.150 4.923 0.918
SPIN 3 12 4 4 -3.300 1.096 -4.786
SPIN 3 12 4 5 5.550 -0.724 -1.918
SPIN 3 12 4 6 -2.529 4.744 -2.469
SPIN 3 12 4 7 -2.908 -4.830 1.793
SPIN 3 12 4 8 0.508 -2.087 5.512
SPIN 3 12 4 9 3.211 -1.139 -4.837
SPIN 3 12 4 10 -0.873 3.173 -4.916
SPIN 3 12 4 11 -0.086 5.150 2.911
SPIN 3 12 4 12 0.879 4.554 -3.673
SPIN 3 12 4 13 -4.654 -2.544 -2.620
SPIN 3 12 4 14 5.902 0.254 -0.326
SPIN 3 12 4 15 -2.428 -2.463 4.800
SPIN 2 12 4 0 2.827 -4.585 -2.446
SPIN 2 12 4 1 -5.511 2.153 -0.000
SPIN 2 12 4 2 0.844 5.252 2.590
SPIN 2 12 4 3 2.746 -5.106 -1.180
SPIN 2 12 4 4 1.314 0.027 5.768
SPIN 2 12 4 5 5.642 -1.658 0.649
SPIN 2 12 4 6 -3.243 0.897 -4.866
SPIN 2 12 4 7 2.678 -2.312 4.741
SPIN 2 12 4 8 3.930 4.421 0.113
SPIN 2 12 4 9 3.466 3.943 -2.729
SPIN 2 12 4 10 -1.709 -2.263 5.192
SPIN 2 12 4 11 2.438 4.567 2.863
SPIN 2 12 4 12 3.059 -2.067 -4.623
SPIN 2 12 4 13 -0.859 5.612 1.663
SPIN 2 12 4 14 -0.304 -5.320 2.570
SPIN 2 12 4 15 -0.847 -0.717 -5.811
SPIN 3 12 5 0 -1.311 -5.457 1.871
SPIN 3 12 5 1 -2.472 3.772 -3.829
SPIN 3 12 5 2 -0.334 -5.903 0.202
SPIN 3 12 5 3 1.698 -4.620 3.282
SPIN 3 12 5 4 -3.547 4.190 -2.205
SPIN 3 12 5 5 1.784 5.256 2.048
SPIN 3 12 5 6 -4.148 2.111 -3.652
SPIN 3 12 5 7 5.672 1.544 -0.669
SPIN 3 12 5 8 -4.219 -4.063 -0.834
SPIN 3 12 5 9 1.116 5.517 -1.821
SPIN 3 12 5 10 5.473 -0.122 2.242
SPIN 3 12 5 11 -3.108 -4.873 1.264
SPIN 3 12 5 12 4.318 2.800 2.918
SPIN 3 12 5 13 5.321 -0.883 -2.430
SPIN 3 12 5 14 0.458 -4.825 -3.392
SPIN 3 12 5 15 -0.126 0.121 5.913
SPIN 2 12 5 0 -4.947 1.471 -2.892
SPIN 2 12 5 1 5.475 0.606 2.159
SPIN 2 12 5 2 1.086 -5.434 -2.071
SPIN 2 12 5 3 -2.450 1.383 5.204
SPIN 2 12 5 4 -1.450 -2.671 -5.076
SPIN 2 12 5 5 5.036 1.130 2.892
SPIN 2 12 5 6 1.203 0.914 -5.720
SPIN 2 12 5 7 3.061 4.634 2.038
SPIN 2 12 5 8 -1.267 4.905 3.056
SPIN 2 12 5 9 4.007 1.844 -3.943
SPIN 2 12 5 10 0.564 3.185 4.954
SPIN 2 12 5 11 1.388 1.612 -5.520
SPIN 2 12 5 12 -4.484 -0.422 3.837
SPIN 2 12 5 13 4.837 -1.186 -3.194
SPIN 2 12 5 14 -1.005 2.961 5.022
SPIN 2 12 5 15 1.896 -1.789 -5.311
SPIN 3 12 6 0 -4.957 3.217 -0.282
SPIN 3 12 6 1 3.664 4.606 0.593
SPIN 3 12 6 2 -1.094 -4.121 -4.101
SPIN 3 12 6 3 -2.665 3.869 -3.595
SPIN 3 12 6 4 -1.445 5.735 0.140
SPIN 3 12 6 5 0.813 -5.406 -2.261
SPIN 3 12 6 6 -3.111 -4.160 2.832
SPIN 3 12 6 7 -2.053 -3.423 -4.367
SPIN 3 12 6 8 -5.707 -0.445 1.494
SPIN 3 12 6 9 -0.416 2.995 -5.085
SPIN 3 12 6 10 0.618 -4.886 -3.278
SPIN 3 12 6 11 2.051 -4.371 3.419
SPIN 3 12 6 12 -0.973 4.444 -3.782
SPIN 3 12 6 13 1.540 5.345 2.014
SPIN 3 12 6 14 3.750 -2.207 -4.008
SPIN 3 12 6 15 -1.198 2.901 5.015
SPIN 2 12 6 0 -4.216 -3.896 -1.430
SPIN 2 12 6 1 -0.530 -0.214 -5.888
SPIN 2 12 6 2 -5.073 2.195 -2.110
SPIN 2 12 6 3 3.545 -3.984 2.561
SPIN 2 12 6 4 -1.360 -3.235 4.763
SPIN 2 12 6 5 -3.334 3.007 -3.853
SPIN 2 12 6 6 -3.792 3.640 -2.716
SPIN 2 12 6 7 -2.712 -3.006 4.313
SPIN 2 12 6 8 3.230 3.810 3.170
SPIN 2 12 6 9 4.968 2.261 -2.282
SPIN 2 12 6 10 -3.109 4.589 2.068
SPIN 2 12 6 11 2.195 2.306 4.986
SPIN 2 12 6 12 3.986 -0.803 -4.297
SPIN 2 12 6 13 -5.566 1.831 -0.818
SPIN 2 12 6 14 -5.684 1.494 -0.681
SPIN 2 12 6 15 -3.008 -3.139 4.012
SPIN 3 12 7 0 0.341 3.888 4.446
SPIN 3 12 7 1 -4.552 -3.649 -0.980
SPIN 3 12 7 2 1.992 -0.462 5.551
SPIN 3 12 7 3 -3.626 -4.673 -0.116
SPIN 3 12 7 4 -0.103 4.697 3.596
SPIN 3 12 7 5 4.930 1.386 -2.962
SPIN 3 12 7 6 3.725 1.429 4.369
SPIN 3 12 7 7 4.240 0.687 4.069
SPIN 3 12 7 8 -1.895 -5.405 1.480
SPIN 3 12 7 9 4.105 4.200 0.710
SPIN 3 12 7 10 -5.171 1.687 -2.327
SPIN 3 12 7 11 2.173 -4.450 -3.236
SPIN 3 12 7 12 -0.306 3.480 4.775
SPIN 3 12 7 13 -4.027 -3.014 -3.114
SPIN 3 12 7 14 -3.733 -3.735 2.668
SPIN 3 12 7 15 -0.438 4.241 -4.102
SPIN 2 12 7 0 -4.783 3.115 -1.553
SPIN 2 12 7 1 -2.124 2.724 -4.803
SPIN 2 12 7 2 4.199 -3.630 2.046
SPIN 2 12 7 3 -1.558 5.637 0.891
SPIN 2 12 7 4 2.274 -3.500 -4.193
SPIN 2 12 7 5 -2.083 -5.322 -1.528
SPIN 2 12 7 6 -4.543 1.396 3.523
SPIN 2 12 7 7 3.389 4.849 -0.062
SPIN 2 12 7 8 -3.893 -4.409 0.636
SPIN 2 12 7 9 -1.084 5.719 1.058
SPIN 2 12 7 10 -2.717 -3.922 3.498
SPIN 2 12 7 11 3.185 1.472 -4.764
SPIN 2 12 7 12 3.032 1.266 -4.920
SPIN 2 12 7 13 1.776 -5.641 -0.156
SPIN 2 12 7 14 1.419 -1.123 5.633
SPIN 2 12 7 15 3.659 -2.747 -3.750
SPIN 3 12 8 0 -4.296 3.754 -1.565
SPIN 3 12 8 1 3.877 3.890 2.199
SPIN 3 12 8 2 0.792 -0.761 -5.813
SPIN 3 12 8 3 3.130 4.975 -0.673
SPIN 3 12 8 4 5.063 -2.858 -1.095
SPIN 3 12 8 5 1.002 3.293 -4.812
SPIN 3 12 8 6 5.097 0.229 2.995
SPIN 3 12 8 7 -5.890 -0.494 -0.257
SPIN 3 12 8 8 -5.236 -2.388 -1.373
SPIN 3 12 8 9 4.458 3.711 1.165
SPIN 3 12 8 10 -0.811 5.432 -2.199
SPIN 3 12 8 11 4.930 -3.166 0.819
SPIN 3 12 8 12 0.759 4.881 -3.256
SPIN 3 12 8 13 -4.755 2.566 -2.410
SPIN 3 12 8 14 2.720 3.604 -3.823
SPIN 3 12 8 15 3.616 1.295 4.500
SPIN 2 12 8 0 5.014 2.975 -1.005
SPIN 2 12 8 1 1.872 0.764 5.560
SPIN 2 12 8 2 -3.093 -4.549 -2.179
SPIN 2 12 8 3 -3.838 -4.324 -1.254
SPIN 2 12 8 4 2.521 5.342 -0.336
SPIN 2 12 8 5 2.727 -2.961 -4.335
SPIN 2 12 8 6 -5.634 1.259 1.293
SPIN 2 12 8 7 1.250 -0.279 5.776
SPIN 2 12 8 8 -0.846 0.867 -5.791
SPIN 2 12 8 9 -1.941 -5.442 -1.270
SPIN 2 12 8 10 -1.240 2.879 5.017
SPIN 2 12 8 11 2.058 -4.173 3.654
SPIN 2 12 8 12 -2.031 -3.722 4.126
SPIN 2 12 8 13 -5.350 2.038 1.491
SPIN 2 12 8 14 4.422 -1.611 -3.584
SPIN 2 12 8 15 -5.304 -0.932 -2.450
SPIN 3 12 9 0 1.709 -5.097 2.469
SPIN 3 12 9 1 5.297 0.041 -2.635
SPIN 3 12 9 2 1.857 5.497 -1.156
SPIN 3 12 9 3 5.837 -0.400 -0.878
SPIN 3 12 9 4 -3.589 -4.204 -2.110
SPIN 3 12 9 5 5.901 0.200 -0.364
SPIN 3 12 9 6 -1.726 2.437 5.107
SPIN 3 12 9 7 -0.613 5.884 -0.073
SPIN 3 12 9 8 5.464 -2.209 0.521
SPIN 3 12 9 9 4.279 -3.780 -1.550
SPIN 3 12 9 10 -3.405 4.120 -2.536
SPIN 3 12 9 11 -3.431 -4.819 -0.099
SPIN 3 12 9 12 1.635 3.832 4.200
SPIN 3 12 9 13 -2.973 0.238 -5.109
SPIN 3 12 9 14 -3.858 2.366 3.811
SPIN 3 12 9 15 4.239 -0.055 4.127
SPIN 2 12 9 0 2.728 5.120 -1.159
SPIN 2 12 9 1 -0.858 -0.534 -5.829
SPIN 2 12 9 2 3.327 4.218 2.477
SPIN 2 12 9 3 -5.237 2.740 0.254
SPIN 2 12 9 4 -3.108 0.311 5.025
SPIN 2 12 9 5 -1.585 4.676 -3.260
SPIN 2 12 9 6 5.239 1.810 2.067
SPIN 2 12 9 7 2.486 -5.104 1.665
SPIN 2 12 9 8 -4.926 1.316 3.000
SPIN 2 12 9 9 3.730 3.355 -3.136
SPIN 2 12 9 10 -0.999 -4.203 4.042
SPIN 2 12 9 11 -0.964 5.811 0.552
SPIN 2 12 9 12 1.393 5.732 0.452
SPIN 2 12 9 13 0.192 1.987 -5.569
SPIN 2 12 9 14 0.229 5.283 -2.653
SPIN 2 12 9 15 -3.686 3.551 -2.968
SPIN 3 12 10 0 -0.282 -3.361 4.861
SPIN 3 12 10 1 -1.938 -4.130 -3.766
SPIN 3 12 10 2 -4.765 -0.074 -3.505
SPIN 3 12 10 3 -4.250 3.780 -1.626
SPIN 3 12 10 4 4.508 3.446 1.674
SPIN 3 12 10 5 -4.720 1.988 -2.962
SPIN 3 12 10 6 3.513 4.397 1.822
SPIN 3 12 10 7 -4.588 -3.655 0.768
SPIN 3 12 10 8 -4.788 -1.272 -3.234
SPIN 3 12 10 9 -3.340 3.225 -3.667
SPIN 3 12 10 10 -0.647 -4.554 -3.721
SPIN 3 12 10 11 2.293 1.257 -5.307
SPIN 3 12 10 12 1.900 -4.642 3.138
SPIN 3 12 10 13 -5.723 0.438 -1.434
SPIN 3 12 10 14 0.490 0.523 5.872
SPIN 3 12 10 15 0.859 3.694 -4.541
SPIN 2 12 10 0 -5.311 2.471 0.830
SPIN 2 12 10 1 0.018 -3.767 4.562
SPIN 2 12 10 2 -1.551 5.144 -2.475
SPIN 2 12 10 3 1.985 -2.424 -5.018
SPIN 2 12 10 4 -5.610 0.397 1.835
SPIN 2 12 10 5 3.246 1.776 -4.617
SPIN 2 12 10 6 -1.044 -1.228 5.692
SPIN 2 12 10 7 -1.842 -5.141 2.275
SPIN 2 12 10 8 -3.228 -4.106 2.778
SPIN 2 12 10 9 1.677 -0.348 -5.663
SPIN 2 12 10 10 -0.130 -5.789 -1.214
SPIN 2 12 10 11 -0.720 -5.430 -2.234
SPIN 2 12 10 12 3.444 2.792 3.917
SPIN 2 12 10 13 -4.730 -3.207 1.530
SPIN 2 12 10 14 -2.468 3.345 -4.209
SPIN 2 12 10 15 4.446 -3.379 1.954
SPIN 3 12 11 0 2.304 4.747 2.675
SPIN 3 12 11 1 0.377 -5.904 0.073
SPIN 3 12 11 2 -4.165 3.877 -1.619
SPIN 3 12 11 3 -4.450 -3.274 2.115
SPIN 3 12 11 4 -4.009 -4.348 0.133
SPIN 3 12 11 5 4.204 3.661 1.980
SPIN 3 12 11 6 -4.125 -1.758 3.859
SPIN 3 12 11 7 -2.723 -5.150 -1.034
SPIN 3 12 11 8 0.819 -5.106 2.873
SPIN 3 12 11 9 -0.746 5.828 0.693
SPIN 3 12 11 10 5.784 -1.063 -0.645
SPIN 3 12 11 11 -2.072 4.351 3.431
SPIN 3 12 11 12 -3.165 -3.105 3.917
SPIN 3 12 11 13 0.062 0.210 5.912
SPIN 3 12 11 14 1.603 5.022 -2.686
SPIN 3 12 11 15 -0.381 -4.093 4.255
SPIN 2 12 11 0 0.552 2.889 -5.133
SPIN 2 12 11 1 -1.811 2.456 -5.069
SPIN 2 12 11 2 -2.247 1.139 -5.353
SPIN 2 12 11 3 5.883 -0.620 -0.018
SPIN 2 12 11 4 4.886 -3.331 -0.196
SPIN 2 12 11 5 -5.510 -2.154 -0.024
SPIN 2 12 11 6 1.585 4.412 -3.608
SPIN 2 12 11 7 -0.309 4.088 4.265
SPIN 2 12 11 8 4.713 1.517 3.239
SPIN 2 12 11 9 0.579 0.085 -5.887
SPIN 2 12 11 10 -0.184 4.923 -3.275
SPIN 2 12 11 11 5.214 -0.662 2.716
SPIN 2 12 11 12 -2.898 3.649 -3.645
SPIN 2 12 11 13 5.295 2.609 0.400
SPIN 2 12 11 14 -4.372 3.615 1.680
SPIN 2 12 11 15 -4.918 1.006 3.131
SPIN 3 12 12 0 5.150 2.893 -0.327
SPIN 3 12 12 1 -3.155 2.540 -4.312
SPIN 3 12 12 2 -1.859 -5.177 -2.177
SPIN 3 12 12 3 -3.529 -4.702 0.665
SPIN 3 12 12 4 2.445 1.135 -5.266
SPIN 3 12 12 5 -1.162 2.130 5.396
SPIN 3 12 12 6 1.923 -5.366 -1.584
SPIN 3 12 12 7 -4.748 -2.868 -2.058
SPIN 3 12 12 8 3.341 4.726 1.224
SPIN 3 12 12 9 -3.099 -2.761 4.216
SPIN 3 12 12 10 5.686 0.330 1.599
SPIN 3 12 12 11 0.225 -4.496 -3.838
SPIN 3 12 12 12 1.100 4.060 -4.160
SPIN 3 12 12 13 -4.291 1.664 -3.717
SPIN 3 12 12 14 1.464 5.597 1.236
SPIN 3 12 12 15 4.884 2.850 -1.738
SPIN 2 12 12 0 -5.721 -1.480 -0.276
SPIN 2 12 12 1 3.684 2.656 3.792
SPIN 2 12 12 2 -2.528 3.970 3.584
SPIN 2 12 12 3 -5.794 1.133 -0.380
SPIN 2 12 12 4 0.333 -5.890 -0.449
SPIN 2 12 12 5 5.164 -2.434 -1.553
SPIN 2 12 12 6 -3.758 2.782 -3.625
SPIN 2 12 12 7 3.523 0.256 4.746
SPIN 2 12 12 8 -1.961 2.819 -4.818
SPIN 2 12 12 9 3.621 -4.574 0.984
SPIN 2 12 12 10 -5.855 0.845 0.040
SPIN 2 12 12 11 5.366 0.501 2.440
SPIN 2 12 12 12 3.420 -4.747 0.876
SPIN 2 12 12 13 5.173 0.476 2.831
SPIN 2 12 12 14 1.805 -0.377 -5.621
SPIN 2 12 12 15 1.659 5.450 1.597
SPIN 3 12 13 0 0.420 -0.146 5.899
SPIN 3 12 13 1 -3.391 -4.821 0.505
SPIN 3 12 13 2 -3.212 -4.458 2.192
SPIN 3 12 13 3 0.530 5.865 0.562
SPIN 3 12 13 4 -2.793 -3.299 4.040
SPIN 3 12 13 5 4.293 -2.174 3.442
SPIN 3 12 13 6 -4.290 3.975 -0.888
SPIN 3 12 13 7 5.630 0.989 1.526
SPIN 3 12 13 8 -4.338 3.012 -2.667
SPIN 3 12 13 9 5.242 2.107 -1.755
SPIN 3 12 13 10 -0.681 3.293 -4.868
SPIN 3 12 13 11 -4.251 -0.341 4.100
SPIN 3 12 13 12 3.093 -4.577 -2.117
SPIN 3 12 13 13 -4.531 1.624 3.440
SPIN 3 12 13 14 0.646 3.971 -4.337
SPIN 3 12 13 15 4.668 0.745 3.557
SPIN 2 12 13 0 -0.359 5.140 -2.907
SPIN 2 12 13 1 -4.344 2.536 -3.115
SPIN 2 12 13 2 -2.893 -0.260 -5.154
SPIN 2 12 13 3 0.102 -0.495 5.894
SPIN 2 12 13 4 -4.864 -0.014 3.368
SPIN 2 12 13 5 -3.218 -3.977 2.971
SPIN 2 12 13 6 -2.847 4.317 -2.873
SPIN 2 12 13 7 -1.955 -2.821 -4.819
SPIN 2 12 13 8 1.527 -1.805 5.423
SPIN 2 12 13 9 1.170 4.126 -4.075
SPIN 2 12 13 10 1.377 1.461 -5.565
SPIN 2 12 13 11 -3.666 4.433 -1.381
SPIN 2 12 13 12 0.080 4.824 -3.423
SPIN 2 12 13 13 2.840 -2.295 4.655
SPIN 2 12 13 14 0.954 5.834 -0.222
SPIN 2 12 13 15 -2.825 -5.135 0.806
SPIN 3 12 14 0 -4.803 2.486 -2.399
SPIN 3 12 14 1 4.913 2.641 -1.971
SPIN 3 12 14 2 -0.674 -5.675 1.529
SPIN 3 12 14 3 -0.604 0.979 -5.803
SPIN 3 12 14 4 0.225 3.381 -4.849
SPIN 3 12 14 5 3.418 -2.023 4.385
SPIN 3 12 14 6 -5.680 -0.636 -1.528
SPIN 3 12 14 7 3.871 -0.414 -4.455
SPIN 3 12 14 8 3.227 4.923 -0.592
SPIN 3 12 14 9 -5.729 0.822 1.227
SPIN 3 12 14 10 4.587 -2.426 2.842
SPIN 3 12 14 11 -1.192 -3.951 -4.239
SPIN 3 12 14 12 0.632 -4.736 3.489
SPIN 3 12 14 13 -2.017 3.991 3.873
SPIN 3 12 14 14 4.287 2.828 2.936
SPIN 3 12 14 15 1.712 3.997 -4.012
SPIN 2 12 14 0 -3.745 -2.508 3.833
SPIN 2 12 14 1 1.901 -5.308 1.790
SPIN 2 12 14 2 3.197 4.977 -0.079
SPIN 2 12 14 3 -5.372 -0.326 -2.457
SPIN 2 12 14 4 -2.229 -0.730 5.431
SPIN 2 12 14 5 -5.686 0.562 1.533
SPIN 2 12 14 6 5.451 -1.963 1.197
SPIN 2 12 14 7 -3.051 -4.598 -2.132
SPIN 2 12 14 8 5.138 1.726 -2.370
SPIN 2 12 14 9 -4.284 -3.897 -1.207
SPIN 2 12 14 10 -1.752 -5.416 1.613
SPIN 2 12 14 11 4.583 3.654 0.801
SPIN 2 12 14 12 -5.257 -1.098 2.482
SPIN 2 12 14 13 2.546 -1.853 -5.008
SPIN 2 12 14 14 2.407 -3.795 -3.848
SPIN 2 12 14 15 -0.675 4.726 -3.494
SPIN 3 12 15 0 2.195 -4.821 2.634
SPIN 3 12 15 1 -0.125 5.894 -0.496
SPIN 3 12 15 2 5.465 -1.540 -1.661
SPIN 3 12 15 3 4.787 -3.302 1.088
SPIN 3 12 15 4 2.731 4.458 -2.770
SPIN 3 12 15 5 -3.096 3.201 -3.895
SPIN 3 12 15 6 -1.391 -5.174 -2.508
SPIN 3 12 15 7 -1.115 -1.959 5.470
SPIN 3 12 15 8 2.191 5.305 1.435
SPIN 3 12 15 9 -0.144 -5.909 -0.242
SPIN 3 12 15 10 -5.052 2.501 1.795
SPIN 3 12 15 11 4.310 -2.789 -2.939
SPIN 3 12 15 12 5.755 -1.357 0.188
SPIN 3 12 15 13 -1.894 -5.499 -1.082
SPIN 3 12 15 14 1.507 -5.457 1.718
SPIN 3 12 15 15 -5.820 -0.224 1.040
SPIN 2 12 15 0 -1.369 -4.794 3.185
SPIN 2 12 15 1 -0.005 -3.258 -4.938
SPIN 2 12 15 2 5.480 -2.217 0.235
SPIN 2 12 15 3 3.359 4.820 -0.693
SPIN 2 12 15 4 -4.052 2.876 3.211
SPIN 2 12 15 5 4.123 4.194 0.639
SPIN 2 12 15 6 -4.878 2.771 -1.877
SPIN 2 12 15 7 -3.383 -1.773 -4.518
SPIN 2 12 15 8 -1.408 -5.092 2.663
SPIN 2 12 15 9 5.712 -1.353 -0.736
SPIN 2 12 15 10 1.740 4.628 -3.249
SPIN 2 12 15 11 -2.150 -3.670 4.112
SPIN 2 12 15 12 1.438 2.833 -4.991
SPIN 2 12 15 13 -4.750 -3.359 1.075
SPIN 2 12 15 14 -5.686 0.235 -1.617
SPIN 2 12 15 15 2.048 -5.349 1.480
SPIN 1 13 0 0 4.873 -3.352 0.125
SPIN 1 13 0 1 -0.485 4.443 3.876
SPIN 1 13 0 2 3.613 -3.869 2.641
SPIN 1 13 0 3 -2.478 -0.790 -5.314
SPIN 1 13 0 4 -4.068 3.832 1.941
SPIN 1 13 0 5 -0.893 -1.391 5.681
SPIN 1 13 0 6 4.837 -3.296 -0.858
SPIN 1 13 0 7 -2.867 0.179 5.172
SPIN 1 13 0 8 2.857 4.326 2.850
SPIN 1 13 0 9 3.554 -2.110 -4.233
SPIN 1 13 0 10 -1.515 4.400 -3.653
SPIN 1 13 0 11 5.845 -0.251 0.880
SPIN 1 13 0 12 -5.763 0.672 1.154
SPIN 1 13 0 13 1.672 -3.803 -4.212
SPIN 1 13 0 14 -2.049 4.083 -3.759
SPIN 1 13 0 15 -5.200 -0.265 2.808
SPIN 4 13 0 0 -2.902 -4.878 -1.668
SPIN 4 13 0 1 3.298 3.779 3.137
SPIN 4 13 0 2 -0.678 3.768 4.510
SPIN 4 13 0 3 -1.991 4.295 -3.547
SPIN 4 13 0 4 4.438 -0.571 3.870
SPIN 4 13 0 5 -0.622 -5.031 -3.051
SPIN 4 13 0 6 5.507 1.557 1.498
SPIN 4 13 0 7 1.355 -2.676 -5.099
SPIN 4 13 0 8 -5.344 1.964 1.606
SPIN 4 13 0 9 -5.090 -2.214 -2.047
SPIN 4 13 0 10 -3.904 2.554 3.638
SPIN 4 13 0 11 -0.307 -3.924 4.417
SPIN 4 13 0 12 3.862 -0.994 -4.370
SPIN 4 13 0 13 -0.882 5.495 2.007
SPIN 4 13 0 14 3.950 2.499 3.626
SPIN 4 13 0 15 -2.948 -5.129 0.036
SPIN 1 13 1 0 0.052 -5.856 0.840
SPIN 1 13 1 1 -3.984 -3.549 -2.556
SPIN 1 13 1 2 -1.064 0.571 -5.791
SPIN 1 13 1 3 -2.191 -5.240 -1.655
SPIN 1 13 1 4 0.205 -5.011 3.138
SPIN 1 13 1 5 -0.827 -3.244 -4.878
SPIN 1 13 1 6 -0.332 4.321 4.027
SPIN 1 13 1 7 -2.314 4.996 -2.164
SPIN 1 13 1 8 4.295 -3.527 -2.027
SPIN 1 13 1 9 -3.300 3.335 3.604
SPIN 1 13 1 10 -4.305 4.000 0.689
SPIN 1 13 1 11 -0.418 -5.240 2.715
SPIN 1 13 1 12 -0.349 -1.153 -5.792
SPIN 1 13 1 13 -5.259 0.725 2.611
SPIN 1 13 1 14 -1.346 -5.527 1.625
SPIN 1 13 1 15 -4.473 3.850 0.411
SPIN 4 13 1 0 1.173 -1.887 5.483
SPIN 4 13 1 1 1.598 4.335 3.696
SPIN 4 13 1 2 0.509 -5.634 -1.733
SPIN 4 13 1 3 1.578 -4.967 -2.799
SPIN 4 13 1 4 2.032 4.697 2.968
SPIN 4 13 1 5 2.440 -3.459 -4.133
SPIN 4 13 1 6 0.543 -5.758 -1.243
SPIN 4 13 1 7 -1.759 -5.345 1.827
SPIN 4 13 1 8 3.920 2.756 -3.470
SPIN 4 13 1 9 4.202 0.454 4.139
SPIN 4 13 1 10 -4.038 -4.311 0.337
SPIN 4 13 1 11 -2.628 1.011 -5.203
SPIN 4 13 1 12 -0.609 -5.433 2.261
SPIN 4 13 1 13 -0.175 0.293 -5.906
SPIN 4 13 1 14 -3.432 -4.813 -0.246
SPIN 4 13 1 15 5.851 0.476 0.733
SPIN 1 13 2 0 5.406 -2.218 0.924
SPIN 1 13 2 1 3.296 -1.595 -4.646
SPIN 1 13 2 2 -4.030 0.185 4.327
SPIN 1 13 2 3 1.149 -4.161 4.045
SPIN 1 13 2 4 -5.269 0.415 -2.657
SPIN 1 13 2 5 -1.692 2.827 4.914
SPIN 1 13 2 6 -2.652 -0.258 5.282
SPIN 1 13 2 7 -0.833 2.014 -5.500
SPIN 1 13 2 8 -4.993 -3.171 0.141
SPIN 1 13 2 9 0.592 5.611 -1.778
SPIN 1 13 2 10 -1.904 0.394 5.587
SPIN 1 13 2 11 5.527 2.005 -0.654
SPIN 1 13 2 12 -0.060 5.885 -0.601
SPIN 1 13 2 13 1.264 -5.231 2.459
SPIN 1 13 2 14 5.884 -0.007 -0.618
SPIN 1 13 2 15 0.809 -4.151 -4.137
SPIN 4 13 2 0 -3.123 0.962 -4.932
SPIN 4 13 2 1 1.484 1.668 5.479
SPIN 4 13 2 2 -3.130 -2.865 -4.122
SPIN 4 13 2 3 4.095 -3.247 2.772
SPIN 4 13 2 4 1.147 -4.908 -3.098
SPIN 4 13 2 5 -5.783 -1.113 0.568
SPIN 4 13 2 6 5.600 -1.791 0.659
SPIN 4 13 2 7 1.546 3.699 4.351
SPIN 4 13 2 8 -1.834 -5.104 -2.363
SPIN 4 13 2 9 -1.022 0.065 -5.827
SPIN 4 13 2 10 3.882 -4.126 -1.703
SPIN 4 13 2 11 1.317 -0.157 5.765
SPIN 4 13 2 12 1.421 2.524 -5.159
SPIN 4 13 2 13 3.400 4.674 1.264
SPIN 4 13 2 14 -2.805 2.514 4.562
SPIN 4 13 2 15 -2.960 5.094 0.541
SPIN 1 13 3 0 2.264 5.436 0.569
SPIN 1 13 3 1 0.077 -5.007 3.150
SPIN 1 13 3 2 -3.705 -3.554 2.939
SPIN 1 13 3 3 -4.709 -3.134 1.731
SPIN 1 13 3 4 -4.237 -0.489 4.099
SPIN 1 13 3 5 3.109 -1.306 4.861
SPIN 1 13 3 6 3.003 2.062 -4.662
SPIN 1 13 3 7 -4.095 1.957 3.795
SPIN 1 13 3 8 -1.384 5.752 -0.055
SPIN 1 13 3 9 4.139 -4.198 0.495
SPIN 1 13 3 10 -4.502 3.145 -2.201
SPIN 1 13 3 11 -0.664 -3.751 -4.527
SPIN 1 13 3 12 -1.851 -3.073 4.704
SPIN 1 13 3 13 1.766 1.548 5.430
SPIN 1 13 3 14 -1.777 4.997 -2.621
SPIN 1 13 3 15 -4.351 -3.937 0.749
SPIN 4 13 3 0 3.024 3.602 3.589
SPIN 4 13 3 1 -0.081 -4.735 3.546
SPIN 4 13 3 2 0.074 5.904 -0.372
SPIN 4 13 3 3 -1.667 1.214 -5.545
SPIN 4 13 3 4 3.415 4.257 -2.283
SPIN 4 13 3 5 3.045 2.085 -4.624
SPIN 4 13 3 6 -5.761 1.271 0.443
SPIN 4 13 3 7 -3.811 -2.679 -3.647
SPIN 4 13 3 8 1.667 -5.203 2.270
SPIN 4 13 3 9 -5.298 -1.060 -2.410
SPIN 4 13 3 10 0.240 4.767 3.495
SPIN 4 13 3 11 -1.800 1.315 -5.480
SPIN 4 13 3 12 -4.958 -2.436 2.119
SPIN 4 13 3 13 5.521 1.401 1.600
SPIN 4 13 3 14 -3.514 2.941 -3.742
SPIN 4 13 3 15 2.915 4.996 1.245
SPIN 1 13 4 0 -3.703 -4.130 2.056
SPIN 1 13 4 1 -0.025 2.968 5.118
SPIN 1 13 4 2 -5.026 -1.781 -2.562
SPIN 1 13 4 3 4.916 -2.851 1.645
SPIN 1 13 4 4 -0.192 -5.698 -1.582
SPIN 1 13 4 5 5.167 2.866 0.304
SPIN 1 13 4 6 -4.780 -0.534 3.444
SPIN 1 13 4 7 -1.337 -4.669 3.379
SPIN 1 13 4 8 1.838 2.729 -4.917
SPIN 1 13 4 9 -1.064 5.484 1.947
SPIN 1 13 4 10 -5.467 -0.089 2.260
SPIN 1 13 4 11 5.713 -1.481 -0.415
SPIN 1 13 4 12 3.905 3.937 -2.060
SPIN 1 13 4 13 4.562 -2.051 3.159
SPIN 1 13 4 14 -5.408 -2.359 0.433
SPIN 1 13 4 15 2.803 3.763 -3.603
SPIN 4 13 4 0 4.923 0.684 -3.209
SPIN 4 13 4 1 -1.437 1.213 5.609
SPIN 4 13 4 2 1.192 -5.558 1.640
SPIN 4 13 4 3 2.756 2.275 4.714
SPIN 4 13 4 4 -1.120 -2.526 5.231
SPIN 4 13 4 5 3.207 -3.832 3.167
SPIN 4 13 4 6 -3.250 3.758 -3.211
SPIN 4 13 4 7 -0.635 -1.781 -5.606
SPIN 4 13 4 8 0.026 5.835 -0.973
SPIN 4 13 4 9 4.546 -3.668 -0.938
SPIN 4 13 4 10 -5.791 0.480 -1.109
SPIN 4 13 4 11 -3.655 -1.116 -4.516
SPIN 4 13 4 12 -1.530 -4.999 2.769
SPIN 4 13 4 13 1.180 -2.086 -5.409
SPIN 4 13 4 14 4.202 -0.272 4.155
SPIN 4 13 4 15 3.522 4.273 -2.083
SPIN 1 13 5 0 5.646 -0.983 -1.470
SPIN 1 13 5 1 -4.309 -0.412 4.033
SPIN 1 13 5 2 -5.467 1.252 1.882
SPIN 1 13 5 3 -3.731 2.048 -4.109
SPIN 1 13 5 4 0.487 5.447 -2.258
SPIN 1 13 5 5 -4.398 3.886 0.748
SPIN 1 13 5 6 5.779 0.901 0.888
SPIN 1 13 5 7 3.367 4.782 -0.892
SPIN 1 13 5 8 -2.876 -1.463 4.958
SPIN 1 13 5 9 -3.168 -1.682 4.705
SPIN 1 13 5 10 1.654 4.572 -3.371
SPIN 1 13 5 11 -5.594 1.852 -0.527
SPIN 1 13 5 12 -1.834 -1.084 5.519
SPIN 1 13 5 13 0.328 2.443 5.378
SPIN 1 13 5 14 -0.404 -3.511 4.745
SPIN 1 13 5 15 -1.628 -0.106 -5.687
SPIN 4 13 5 0 -0.625 5.295 2.564
SPIN 4 13 5 1 1.761 -5.061 -2.507
SPIN 4 13 5 2 -0.393 4.334 -4.008
SPIN 4 13 5 3 -5.003 -0.252 -3.148
SPIN 4 13 5 4 4.488 -1.577 -3.517
SPIN 4 13 5 5 1.003 -0.577 5.802
SPIN 4 13 5 6 2.444 5.240 1.251
SPIN 4 13 5 7 1.855 -5.260 -1.973
SPIN 4 13 5 8 4.098 -3.511 2.425
SPIN 4 13 5 9 -2.984 4.160 2.965
SPIN 4 13 5 10 0.865 -5.766 1.003
SPIN 4 13 5 11 0.809 5.463 2.121
SPIN 4 13 5 12 -2.168 -5.061 -2.166
SPIN 4 13 5 13 3.324 4.892 -0.128
SPIN 4 13 5 14 2.319 1.413 5.256
SPIN 4 13 5 15 4.953 -2.919 1.394
SPIN 1 13 6 0 0.530 -3.523 4.723
SPIN 1 13 6 1 0.932 5.019 -2.991
SPIN 1 13 6 2 5.734 1.392 0.429
SPIN 1 13 6 3 5.784 -0.542 -1.117
SPIN 1 13 6 4 -1.004 -5.243 2.550
SPIN 1 13 6 5 -5.729 0.155 -1.469
SPIN 1 13 6 6 2.581 -2.889 4.471
SPIN 1 13 6 7 1.649 2.199 5.239
SPIN 1 13 6 8 -0.652 -2.559 -5.294
SPIN 1 13 6 9 3.267 -1.335 -4.748
SPIN 1 13 6 10 -1.580 1.799 -5.410
SPIN 1 13 6 11 3.896 -4.030 -1.892
SPIN 1 13 6 12 4.260 3.192 2.582
SPIN 1 13 6 13 -4.087 2.522 -3.455
SPIN 1 13 6 14 2.636 2.640 -4.591
SPIN 1 13 6 15 1.327 0.649 -5.729
SPIN 4 13 6 0 -1.524 -5.494 -1.581
SPIN 4 13 6 1 0.185 5.350 2.520
SPIN 4 13 6 2 -5.411 2.003 1.308
SPIN 4 13 6 3 3.501 4.319 2.021
SPIN 4 13 6 4 -3.810 -4.425 -0.949
SPIN 4 13 6 5 2.925 1.056 5.033
SPIN 4 13 6 6 1.098 4.270 -3.945
SPIN 4 13 6 7 2.315 1.163 5.319
SPIN 4 13 6 8 -5.193 1.330 -2.503
SPIN 4 13 6 9 0.907 -4.760 3.394
SPIN 4 13 6 10 4.861 3.291 -0.736
SPIN 4 13 6 11 -3.757 -4.464 0.978
SPIN 4 13 6 12 -2.609 1.459 5.105
SPIN 4 13 6 13 -4.242 -0.268 4.115
SPIN 4 13 6 14 3.677 0.904 -4.546
SPIN 4 13 6 15 -3.642 0.234 4.656
SPIN 1 13 7 0 1.918 -0.446 5.579
SPIN 1 13 7 1 -3.933 -3.614 2.543
SPIN 1 13 7 2 1.650 4.439 3.547
SPIN 1 13 7 3 -0.524 -1.460 -5.709
SPIN 1 13 7 4 -1.622 3.674 -4.344
SPIN 1 13 7 5 -4.021 1.358 -4.121
SPIN 1 13 7 6 4.567 -3.450 1.498
SPIN 1 13 7 7 -1.388 -3.875 -4.249
SPIN 1 13 7 8 -4.616 -0.878 3.594
SPIN 1 13 7 9 -5.534 -1.176 1.729
SPIN 1 13 7 10 4.909 -3.257 -0.544
SPIN 1 13 7 11 -2.807 4.667 -2.310
SPIN 1 13 7 12 1.697 -4.937 -2.783
SPIN 1 13 7 13 4.501 -3.358 -1.862
SPIN 1 13 7 14 -5.511 0.558 2.079
SPIN 1 13 7 15 -3.218 2.107 4.495
SPIN 4 13 7 0 5.390 1.201 -2.123
SPIN 4 13 7 1 -1.224 -4.934 3.026
SPIN 4 13 7 2 -3.716 -3.574 -2.901
SPIN 4 13 7 3 -4.292 -1.894 3.605
SPIN 4 13 7 4 3.705 -3.983 -2.325
SPIN 4 13 7 5 -4.539 3.284 -1.901
SPIN 4 13 7 6 1.664 3.998 4.031
SPIN 4 13 7 7 -4.690 2.840 -2.223
SPIN 4 13 7 8 5.647 -1.578 0.788
SPIN 4 13 7 9 -4.467 3.747 -1.002
SPIN 4 13 7 10 -0.588 -4.712 -3.528
SPIN 4 13 7 11 5.506 -2.140 -0.333
SPIN 4 13 7 12 -5.778 -0.253 -1.247
SPIN 4 13 7 13 1.639 5.073 -2.566
SPIN 4 13 7 14 -3.534 -3.551 3.147
SPIN 4 13 7 15 -0.675 3.603 -4.643
SPIN 1 13 8 0 -3.993 1.834 -3.961
SPIN 1 13 8 1 2.938 -3.832 -3.418
SPIN 1 13 8 2 4.859 0.293 -3.362
SPIN 1 13 8 3 3.871 2.572 3.661
SPIN 1 13 8 4 -3.214 -4.163 -2.708
SPIN 1 13 8 5 3.794 -1.415 4.313
SPIN 1 13 8 6 -2.651 1.050 -5.183
SPIN 1 13 8 7 -4.279 -2.868 -2.909
SPIN 1 13 8 8 2.665 -2.295 4.757
SPIN 1 13 8 9 5.046 -3.023 0.634
SPIN 1 13 8 10 -4.819 1.585 -3.043
SPIN 1 13 8 11 4.377 3.940 -0.563
SPIN 1 13 8 12 0.503 -5.887 0.303
SPIN 1 13 8 13 -3.367 1.540 4.614
SPIN 1 13 8 14 -0.707 -2.900 5.108
SPIN 1 13 8 15 5.191 -2.774 -0.599
SPIN 4 13 8 0 -1.934 5.428 1.339
SPIN 4 13 8 1 -1.499 4.823 -3.081
SPIN 4 13 8 2 2.452 5.182 1.460
SPIN 4 13 8 3 -4.769 -2.370 -2.577
SPIN 4 13 8 4 -2.015 1.419 -5.378
SPIN 4 13 8 5 -4.776 -3.488 -0.147
SPIN 4 13 8 6 -2.226 4.624 2.944
SPIN 4 13 8 7 4.159 -4.036 -1.190
SPIN 4 13 8 8 1.634 1.140 5.571
SPIN 4 13 8 9 0.174 3.793 -4.537
SPIN 4 13 8 10 4.084 -1.818 3.875
SPIN 4 13 8 11 -0.373 0.204 -5.901
SPIN 4 13 8 12 -4.089 -0.767 -4.206
SPIN 4 13 8 13 2.948 -5.086 0.663
SPIN 4 13 8 14 -5.715 1.471 -0.418
SPIN 4 13 8 15 1.418 -5.710 0.624
SPIN 1 13 9 0 -4.390 -1.802 3.532
SPIN 1 13 9 1 -3.727 -4.588 -0.231
SPIN 1 13 9 2 5.185 0.909 -2.700
SPIN 1 13 9 3 -4.807 3.413 -0.498
SPIN 1 13 9 4 4.956 3.214 -0.330
SPIN 1 13 9 5 -0.719 3.873 4.414
SPIN 1 13 9 6 -4.212 -4.111 0.605
SPIN 1 13 9 7 2.106 3.878 -3.940
SPIN 1 13 9 8 5.053 0.653 3.007
SPIN 1 13 9 9 2.365 0.973 -5.335
SPIN 1 13 9 10 -2.859 -2.807 -4.353
SPIN 1 13 9 11 3.509 -4.164 2.313
SPIN 1 13 9 12 0.863 0.946 5.776
SPIN 1 13 9 13 -4.218 1.728 -3.771
SPIN 1 13 9 14 1.746 4.456 3.478
SPIN 1 13 9 15 5.111 -2.143 -2.071
SPIN 4 13 9 0 -3.453 -4.588 -1.424
SPIN 4 13 9 1 -5.805 0.683 -0.913
SPIN 4 13 9 2 2.059 1.340 -5.382
SPIN 4 13 9 3 -5.194 2.029 -1.975
SPIN 4 13 9 4 1.986 -0.050 5.573
SPIN 4 13 9 5 3.643 1.327 -4.468
SPIN 4 13 9 6 3.243 -2.723 4.132
SPIN 4 13 9 7 -4.205 -1.071 -4.021
SPIN 4 13 9 8 -4.187 1.727 -3.806
SPIN 4 13 9 9 5.245 -2.735 -0.072
SPIN 4 13 9 10 -3.144 -2.670 4.240
SPIN 4 13 9 11 -2.398 -4.960 -2.157
SPIN 4 13 9 12 -3.733 -4.233 -1.774
SPIN 4 13 9 13 5.563 1.360 1.485
SPIN 4 13 9 14 -3.679 3.259 -3.292
SPIN 4 13 9 15 5.780 0.856 0.926
SPIN 1 13 10 0 4.020 -1.129 -4.191
SPIN 1 13 10 1 1.669 -4.884 -2.891
SPIN 1 13 10 2 -5.062 -1.066 -2.871
SPIN 1 13 10 3 -2.561 -4.875 2.162
SPIN 1 13 10 4 3.553 2.830 -3.791
SPIN 1 13 10 5 2.723 -3.501 3.915
SPIN 1 13 10 6 -4.629 3.641 -0.559
SPIN 1 13 10 7 0.307 4.489 3.841
SPIN 1 13 10 8 4.115 2.728 -3.259
SPIN 1 13 10 9 5.117 -0.818 2.854
SPIN 1 13 10 10 -3.491 1.294 4.598
SPIN 1 13 10 11 5.703 -1.264 -0.937
SPIN 1 13 10 12 -5.328 1.154 2.298
SPIN 1 13 10 13 -3.558 -2.327 -4.114
SPIN 1 13 10 14 1.930 3.262 -4.542
SPIN 1 13 10 15 -3.723 4.551 -0.659
SPIN 4 13 10 0 -0.846 3.480 -4.709
SPIN 4 13 10 1 -1.860 -4.856 -2.821
SPIN 4 13 10 2 2.674 -4.152 3.257
SPIN 4 13 10 3 -1.699 0.939 5.589
SPIN 4 13 10 4 -2.727 -5.150 -1.017
SPIN 4 13 10 5 1.940 2.794 -4.841
SPIN 4 13 10 6 3.183 4.797 -1.365
SPIN 4 13 10 7 3.620 -3.278 -3.340
SPIN 4 13 10 8 5.729 1.434 0.357
SPIN 4 13 10 9 -4.626 -1.224 3.478
SPIN 4 13 10 10 4.150 -4.118 0.906
SPIN 4 13 10 11 -1.979 2.402 -5.031
SPIN 4 13 10 12 -5.322 1.222 -2.277
SPIN 4 13 10 13 -0.162 5.464 2.261
SPIN 4 13 10 14 3.147 -4.540 -2.118
SPIN 4 13 10 15 -3.788 -0.824 4.469
SPIN 1 13 11 0 -2.280 5.418 0.664
SPIN 1 13 11 1 -3.948 3.986 1.877
SPIN 1 13 11 2 3.824 -3.926 2.229
SPIN 1 13 11 3 -5.316 2.086 -1.547
SPIN 1 13 11 4 1.993 2.873 -4.772
SPIN 1 13 11 5 3.470 -2.939 -3.784
SPIN 1 13 11 6 5.394 2.427 0.118
SPIN 1 13 11 7 3.056 -0.922 -4.981
SPIN 1 13 11 8 0.309 4.966 3.200
SPIN 1 13 11 9 -4.044 3.215 2.884
SPIN 1 13 11 10 -2.410 -3.999 -3.633
SPIN 1 13 11 11 -2.805 1.864 4.864
SPIN 1 13 11 12 -0.401 -5.116 2.943
SPIN 1 13 11 13 2.499 4.657 -2.659
SPIN 1 13 11 14 3.591 2.138 -4.187
SPIN 1 13 11 15 -4.858 -0.355 -3.357
SPIN 4 13 11 0 4.429 -3.857 0.710
SPIN 4 13 11 1 1.104 4.737 -3.368
SPIN 4 13 11 2 -4.615 1.001 3.564
SPIN 4 13 11 3 -0.933 4.755 -3.394
SPIN 4 13 11 4 -4.640 3.669 -0.042
SPIN 4 13 11 5 -2.391 3.905 -3.747
SPIN 4 13 11 6 3.117 -1.925 -4.645
SPIN 4 13 11 7 3.852 -4.310 -1.260
SPIN 4 13 11 8 0.168 5.669 -1.684
SPIN 4 13 11 9 3.392 -2.044 4.395
SPIN 4 13 11 10 -0.669 -4.147 -4.166
SPIN 4 13 11 11 4.101 -3.669 2.173
SPIN 4 13 11 12 -5.033 -1.461 2.745
SPIN 4 13 11 13 4.977 -1.995 -2.500
SPIN 4 13 11 14 2.485 5.019 1.906
SPIN 4 13 11 15 -3.613 2.404 -4.021
SPIN 1 13 12 0 -1.259 0.088 5.780
SPIN 1 13 12 1 -3.573 -2.636 3.910
SPIN 1 13 12 2 -1.693 -0.814 -5.610
SPIN 1 13 12 3 3.410 -4.834 -0.067
SPIN 1 13 12 4 -3.417 3.990 2.721
SPIN 1 13 12 5 -2.002 -4.613 -3.116
SPIN 1 13 12 6 -2.187 4.921 2.449
SPIN 1 13 12 7 -5.898 -0.394 0.239
SPIN 1 13 12 8 -4.304 -0.476 -4.031
SPIN 1 13 12 9 1.746 4.953 2.724
SPIN 1 13 12 10 1.357 -1.246 5.622
SPIN 1 13 12 11 3.163 0.519 -4.973
SPIN 1 13 12 12 -1.178 2.108 5.401
SPIN 1 13 12 13 0.002 -5.885 -0.602
SPIN 1 13 12 14 -2.034 1.232 5.417
SPIN 1 13 12 15 0.670 -4.297 -4.011
SPIN 4 13 12 0 -1.596 1.524 -5.489
SPIN 4 13 12 1 -1.127 -2.619 5.184
SPIN 4 13 12 2 -1.286 -3.745 -4.396
SPIN 4 13 12 3 -0.363 -0.582 5.876
SPIN 4 13 12 4 3.319 4.823 -0.847
SPIN 4 13 12 5 1.462 -2.269 5.265
SPIN 4 13 12 6 5.064 0.299 -3.044
SPIN 4 13 12 7 -5.235 2.756 0.041
SPIN 4 13 12 8 2.530 -0.339 5.337
SPIN 4 13 12 9 1.887 5.554 0.768
SPIN 4 13 12 10 -5.836 -0.844 0.476
SPIN 4 13 12 11 -2.357 2.242 -4.942
SPIN 4 13 12 12 2.447 0.366 -5.374
SPIN 4 13 12 13 -1.066 0.740 5.772
SPIN 4 13 12 14 4.979 -1.969 -2.517
SPIN 4 13 12 15 -2.744 -5.203 -0.632
SPIN 1 13 13 0 0.217 5.177 2.854
SPIN 1 13 13 1 1.623 -5.162 2.391
SPIN 1 13 13 2 -1.977 5.464 -1.113
SPIN 1 13 13 3 0.477 3.691 -4.599
SPIN 1 13 13 4 -2.596 4.097 -3.388
SPIN 1 13 13 5 -5.632 1.394 1.159
SPIN 1 13 13 6 0.463 5.815 -0.987
SPIN 1 13 13 7 -3.790 -2.100 4.028
SPIN 1 13 13 8 5.473 2.070 0.871
SPIN 1 13 13 9 1.593 -2.082 -5.304
SPIN 1 13 13 10 2.142 -0.029 5.514
SPIN 1 13 13 11 -0.182 -2.661 -5.281
SPIN 1 13 13 12 -0.357 -1.141 -5.794
SPIN 1 13 13 13 4.404 -0.392 -3.931
SPIN 1 13 13 14 0.387 -2.213 -5.473
SPIN 1 13 13 15 2.348 -5.391 0.654
SPIN 4 13 13 0 2.695 4.714 2.349
SPIN 4 13 13 1 3.551 -4.227 -2.126
SPIN 4 13 13 2 1.554 4.735 -3.188
SPIN 4 13 13 3 0.606 -3.298 4.874
SPIN 4 13 13 4 -0.792 4.652 -3.568
SPIN 4 13 13 5 -0.669 -5.714 -1.379
SPIN 4 13 13 6 -3.151 1.879 4.641
SPIN 4 13 13 7 -1.327 -0.922 -5.691
SPIN 4 13 13 8 0.020 5.608 -1.885
SPIN 4 13 13 9 -2.667 -4.170 3.240
SPIN 4 13 13 10 -5.671 1.638 0.398
SPIN 4 13 13 11 4.616 -0.806 3.612
SPIN 4 13 13 12 -1.934 5.576 -0.404
SPIN 4 13 13 13 5.028 -2.010 2.383
SPIN 4 13 13 14 2.011 5.550 -0.386
SPIN 4 13 13 15 -3.361 -4.513 1.826
SPIN 1 13 14 0 1.287 -3.968 4.195
SPIN 1 13 14 1 -0.971 -5.700 -1.249
SPIN 1 13 14 2 3.494 -4.562 1.409
SPIN 1 13 14 3 -3.124 0.016 5.024
SPIN 1 13 14 4 2.177 -3.843 -3.936
SPIN 1 13 14 5 4.583 1.466 -3.442
SPIN 1 13 14 6 2.463 -4.836 -2.355
SPIN 1 13 14 7 3.056 3.775 -3.378
SPIN 1 13 14 8 0.135 -5.901 0.406
SPIN 1 13 14 9 -1.993 0.009 -5.570
SPIN 1 13 14 10 -5.510 -1.954 -0.903
SPIN 1 13 14 11 2.968 3.733 -3.501
SPIN 1 13 14 12 -1.449 -1.069 5.635
SPIN 1 13 14 13 -2.999 -0.988 5.003
SPIN 1 13 14 14 -2.577 -3.100 -4.330
SPIN 1 13 14 15 -0.669 -3.459 -4.753
SPIN 4 13 14 0 -1.253 5.753 0.576
SPIN 4 13 14 1 -2.951 2.084 -4.685
SPIN 4 13 14 2 -1.588 -3.102 -4.781
SPIN 4 13 14 3 4.855 -2.531 2.241
SPIN 4 13 14 4 -2.333 2.247 4.950
SPIN 4 13 14 5 -3.422 4.733 -0.943
SPIN 4 13 14 6 -5.842 0.935 -0.011
SPIN 4 13 14 7 -5.297 2.636 -0.008
SPIN 4 13 14 8 2.425 -0.314 5.387
SPIN 4 13 14 9 4.637 -3.211 1.786
SPIN 4 13 14 10 5.468 -0.426 -2.217
SPIN 4 13 14 11 -4.909 0.588 3.249
SPIN 4 13 14 12 -0.255 -3.036 -5.071
SPIN 4 13 14 13 -3.700 4.366 1.501
SPIN 4 13 14 14 -3.164 -1.453 -4.783
SPIN 4 13 14 15 -0.837 4.175 -4.107
SPIN 1 13 15 0 -4.323 -0.073 -4.038
SPIN 1 13 15 1 -2.028 2.051 5.165
SPIN 1 13 15 2 5.469 2.038 0.968
SPIN 1 13 15 3 -3.065 -0.181 -5.057
SPIN 1 13 15 4 -1.320 1.805 5.477
SPIN 1 13 15 5 1.137 1.708 -5.549
SPIN 1 13 15 6 2.331 5.407 0.575
SPIN 1 13 15 7 4.645 3.664 0.007
SPIN 1 13 15 8 -5.136 -2.833 -0.774
SPIN 1 13 15 9 -0.456 2.329 -5.419
SPIN 1 13 15 10 -4.251 2.089 -3.545
SPIN 1 13 15 11 -2.403 0.121 5.404
SPIN 1 13 15 12 2.246 -5.473 -0.012
SPIN 1 13 15 13 3.642 3.509 3.069
SPIN 1 13 15 14 5.628 0.882 1.595
SPIN 1 13 15 15 -0.290 4.623 3.680
SPIN 4 13 15 0 4.517 3.427 1.691
SPIN 4 13 15 1 -2.517 -0.711 5.307
SPIN 4 13 15 2 -4.971 2.380 2.150
SPIN 4 13 15 3 5.136 -1.491 2.530
SPIN 4 13 15 4 -5.559 0.896 -1.816
SPIN 4 13 15 5 0.316 -3.080 5.041
SPIN 4 13 15 6 -4.749 2.076 -2.852
SPIN 4 13 15 7 1.266 -2.554 5.184
SPIN 4 13 15 8 -3.663 3.355 3.213
SPIN 4 13 15 9 -2.422 -3.494 -4.114
SPIN 4 13 15 10 1.926 -2.969 4.741
SPIN 4 13 15 11 4.004 3.705 -2.289
SPIN 4 13 15 12 -3.194 1.615 4.711
SPIN 4 13 15 13 -4.807 1.219 3.226
SPIN 4 13 15 14 5.489 1.485 -1.633
SPIN 4 13 15 15 4.647 3.563 0.844
SPIN 3 13 0 0 5.119 -2.731 1.155
SPIN 3 13 0 1 -2.870 3.054 -4.176
SPIN 3 13 0 2 -3.840 4.199 -1.619
SPIN 3 13 0 3 5.154 -1.668 2.379
SPIN 3 13 0 4 -2.379 4.423 3.127
SPIN 3 13 0 5 1.959 -2.814 -4.821
SPIN 3 13 0 6 -4.747 1.706 -3.091
SPIN 3 13 0 7 -3.139 -3.760 -3.318
SPIN 3 13 0 8 4.423 0.868 -3.832
SPIN 3 13 0 9 2.697 0.348 5.254
SPIN 3 13 0 10 1.598 4.268 -3.772
SPIN 3 13 0 11 -2.117 -5.099 2.126
SPIN 3 13 0 12 -4.984 -2.942 -1.225
SPIN 3 13 0 13 -4.722 -1.089 3.393
SPIN 3 13 0 14 4.977 -3.198 0.031
SPIN 3 13 0 15 1.813 -0.508 -5.608
SPIN 2 13 0 0 3.828 4.350 -1.194
SPIN 2 13 0 1 -1.270 0.288 5.771
SPIN 2 13 0 2 0.288 -5.438 -2.311
SPIN 2 13 0 3 5.783 0.728 1.010
SPIN 2 13 0 4 -0.811 -5.789 0.910
SPIN 2 13 0 5 2.598 3.988 -3.514
SPIN 2 13 0 6 -4.255 -4.108 0.111
SPIN 2 13 0 7 5.784 -1.186 0.367
SPIN 2 13 0 8 -5.015 3.137 -0.092
SPIN 2 13 0 9 5.603 -1.804 0.589
SPIN 2 13 0 10 0.862 -5.505 -1.988
SPIN 2 13 0 11 -2.719 -4.032 3.369
SPIN 2 13 0 12 1.247 -5.062 -2.797
SPIN 2 13 0 13 -3.194 -0.154 4.978
SPIN 2 13 0 14 3.284 -0.831 -4.850
SPIN 2 13 0 15 2.398 5.052 1.931
SPIN 3 13 1 0 -1.151 -3.675 4.491
SPIN 3 13 1 1 3.512 4.118 -2.388
SPIN 3 13 1 2 -1.162 -1.548 -5.591
SPIN 3 13 1 3 -4.056 4.098 1.323
SPIN 3 13 1 4 2.746 -3.925 -3.472
SPIN 3 13 1 5 -1.269 -1.128 5.667
SPIN 3 13 1 6 -5.372 -1.650 -1.850
SPIN 3 13 1 7 3.975 -4.220 1.177
SPIN 3 13 1 8 1.572 2.847 4.942
SPIN 3 13 1 9 5.746 0.269 -1.382
SPIN 3 13 1 10 -1.961 -0.130 -5.580
SPIN 3 13 1 11 -1.017 5.677 1.319
SPIN 3 13 1 12 -5.333 2.540 0.334
SPIN 3 13 1 13 5.713 1.522 0.221
SPIN 3 13 1 14 -2.168 3.471 -4.272
SPIN 3 13 1 15 -3.639 -4.031 -2.347
SPIN 2 13 1 0 -2.536 -3.555 -3.991
SPIN 2 13 1 1 1.356 0.097 5.758
SPIN 2 13 1 2 5.239 0.953 2.578
SPIN 2 13 1 3 4.039 4.215 0.963
SPIN 2 13 1 4 -4.220 4.140 0.229
SPIN 2 13 1 5 -5.185 1.246 2.562
SPIN 2 13 1 6 1.409 5.745 -0.088
SPIN 2 13 1 7 4.581 2.743 2.547
SPIN 2 13 1 8 1.918 5.481 1.131
SPIN 2 13 1 9 -5.443 2.150 -0.868
SPIN 2 13 1 10 -4.440 3.703 -1.253
SPIN 2 13 1 11 3.094 -2.873 -4.145
SPIN 2 13 1 12 -0.858 5.147 2.787
SPIN 2 13 1 13 -5.500 2.139 0.418
SPIN 2 13 1 14 -1.828 -1.910 5.292
SPIN 2 13 1 15 -1.839 -1.901 -5.292
SPIN 3 13 2 0 0.184 3.051 5.065
SPIN 3 13 2 1 0.762 -0.661 -5.830
SPIN 3 13 2 2 -0.040 5.906 0.345
SPIN 3 13 2 3 -3.308 -0.487 -4.880
SPIN 3 13 2 4 -0.532 -5.704 1.479
SPIN 3 13 2 5 0.139 3.377 -4.856
SPIN 3 13 2 6 3.351 2.719 4.047
SPIN 3 13 2 7 -0.787 5.147 -2.808
SPIN 3 13 2 8 -1.246 -5.783 -0.082
SPIN 3 13 2 9 1.726 -4.684 -3.175
SPIN 3 13 2 10 -3.187 -4.971 -0.359
SPIN 3 13 2 11 4.633 3.350 -1.520
SPIN 3 13 2 12 -4.861 2.277 -2.487
SPIN 3 13 2 13 4.467 -1.987 -3.331
SPIN 3 13 2 14 0.168 -5.774 -1.279
SPIN 3 13 2 15 -4.169 4.182 -0.359
SPIN 2 13 2 0 -3.135 4.933 -0.914
SPIN 2 13 2 1 -0.779 -1.825 -5.573
SPIN 2 13 2 2 2.290 -1.242 -5.312
SPIN 2 13 2 3 2.646 -0.086 5.291
SPIN 2 13 2 4 4.856 -2.341 -2.437
SPIN 2 13 2 5 -2.352 -4.112 3.544
SPIN 2 13 2 6 -3.474 -4.522 -1.575
SPIN 2 13 2 7 2.019 -3.361 4.430
SPIN 2 13 2 8 4.354 3.328 2.228
SPIN 2 13 2 9 -4.054 3.916 -1.797
SPIN 2 13 2 10 0.921 4.146 -4.118
SPIN 2 13 2 11 -5.284 2.645 -0.289
SPIN 2 13 2 12 -3.434 -0.349 4.805
SPIN 2 13 2 13 -1.380 -2.494 5.184
SPIN 2 13 2 14 0.461 2.673 -5.258
SPIN 2 13 2 15 -3.520 -4.564 -1.334
SPIN 3 13 3 0 -4.191 -2.920 2.984
SPIN 3 13 3 1 1.611 1.568 5.472
SPIN 3 13 3 2 -3.387 1.733 4.530
SPIN 3 13 3 3 -2.938 1.740 -4.831
SPIN 3 13 3 4 -5.277 2.155 -1.585
SPIN 3 13 3 5 2.281 -0.800 5.400
SPIN 3 13 3 6 3.518 -3.252 -3.471
SPIN 3 13 3 7 2.613 2.819 -4.497
SPIN 3 13 3 8 -3.123 -1.307 4.852
SPIN 3 13 3 9 -5.643 -0.966 -1.491
SPIN 3 13 3 10 5.663 1.099 -1.311
SPIN 3 13 3 11 4.946 1.880 2.646
SPIN 3 13 3 12 4.354 3.128 2.502
SPIN 3 13 3 13 -4.894 2.924 -1.579
SPIN 3 13 3 14 4.133 -0.966 4.122
SPIN 3 13 3 15 -4.980 -3.181 0.274
SPIN 2 13 3 0 -1.957 -3.602 -4.266
SPIN 2 13 3 1 4.707 3.581 0.148
SPIN 2 13 3 2 4.385 1.373 -3.726
SPIN 2 13 3 3 -3.259 -1.357 -4.747
SPIN 2 13 3 4 -3.369 -1.790 4.522
SPIN 2 13 3 5 5.144 0.481 -2.882
SPIN 2 13 3 6 -3.838 -0.777 4.435
SPIN 2 13 3 7 -0.273 5.907 0.195
SPIN 2 13 3 8 5.393 1.853 -1.576
SPIN 2 13 3 9 -4.401 3.942 -0.304
SPIN 2 13 3 10 4.983 0.906 3.058
SPIN 2 13 3 11 -0.484 1.231 5.766
SPIN 2 13 3 12 5.817 -1.070 -0.118
SPIN 2 13 3 13 -0.094 -0.150 -5.913
SPIN 2 13 3 14 3.934 0.828 4.340
SPIN 2 13 3 15 1.367 2.046 -5.380
SPIN 3 13 4 0 5.122 -0.049 2.960
SPIN 3 13 4 1 -2.657 -4.146 -3.279
SPIN 3 13 4 2 0.477 4.482 3.832
SPIN 3 13 4 3 -2.090 4.114 -3.702
SPIN 3 13 4 4 0.196 4.683 3.610
SPIN 3 13 4 5 -3.499 -4.768 0.140
SPIN 3 13 4 6 4.568 -0.461 -3.730
SPIN 3 13 4 7 1.653 3.082 4.772
SPIN 3 13 4 8 -5.094 -3.004 -0.178
SPIN 3 13 4 9 4.656 -2.836 -2.297
SPIN 3 13 4 10 -5.790 0.765 -0.946
SPIN 3 13 4 11 2.362 -2.064 -5.016
SPIN 3 13 4 12 -3.991 1.018 -4.247
SPIN 3 13 4 13 -2.366 0.380 -5.409
SPIN 3 13 4 14 2.692 -1.287 5.108
SPIN 3 13 4 15 2.224 2.105 -5.062
SPIN 2 13 4 0 3.475 -4.777 -0.331
SPIN 2 13 4 1 4.340 4.009 0.305
SPIN 2 13 4 2 0.263 -4.705 -3.577
SPIN 2 13 4 3 -4.087 -0.919 4.178
SPIN 2 13 4 4 -0.420 3.995 -4.343
SPIN 2 13 4 5 -5.393 -1.230 2.098
SPIN 2 13 4 6 1.183 4.096 -4.102
SPIN 2 13 4 7 -3.279 0.251 4.918
SPIN 2 13 4 8 -3.913 -3.645 -2.530
SPIN 2 13 4 9 1.267 -3.734 4.411
SPIN 2 13 4 10 -3.983 -0.460 4.350
SPIN 2 13 4 11 3.945 -3.256 2.973
SPIN 2 13 4 12 2.832 3.179 -4.107
SPIN 2 13 4 13 4.017 -1.144 -4.190
SPIN 2 13 4 14 -4.209 -0.183 -4.153
SPIN 2 13 4 15 0.466 -0.794 5.844
SPIN 3 13 5 0 2.227 5.466 -0.398
SPIN 3 13 5 1 0.819 -3.986 -4.294
SPIN 3 13 5 2 -0.495 2.960 5.099
SPIN 3 13 5 3 -1.505 5.720 0.116
SPIN 3 13 5 4 3.778 -4.444 0.990
SPIN 3 13 5 5 2.100 -1.547 -5.310
SPIN 3 13 5 6 -0.147 -5.912 -0.144
SPIN 3 13 5 7 1.879 4.687 3.083
SPIN 3 13 5 8 1.891 3.411 -4.448
SPIN 3 13 5 9 4.051 -1.231 4.132
SPIN 3 13 5 10 -0.199 -5.305 -2.611
SPIN 3 13 5 11 0.199 5.719 -1.503
SPIN 3 13 5 12 0.092 -4.777 3.489
SPIN 3 13 5 13 -1.890 4.772 2.943
SPIN 3 13 5 14 -5.584 -1.865 -0.585
SPIN 3 13 5 15 -1.403 5.630 1.154
SPIN 2 13 5 0 2.823 2.380 4.622
SPIN 2 13 5 1 1.572 -0.033 -5.703
SPIN 2 13 5 2 3.773 4.489 -0.780
SPIN 2 13 5 3 -2.965 -4.906 1.463
SPIN 2 13 5 4 -1.383 -3.693 4.410
SPIN 2 13 5 5 -4.115 3.772 -1.959
SPIN 2 13 5 6 -5.335 -2.281 -1.158
SPIN 2 13 5 7 -5.531 0.798 -1.943
SPIN 2 13 5 8 0.630 -3.450 4.765
SPIN 2 13 5 9 -5.762 -1.336 -0.112
SPIN 2 13 5 10 -0.370 5.131 -2.921
SPIN 2 13 5 11 -3.352 -4.114 2.615
SPIN 2 13 5 12 1.616 4.785 -3.081
SPIN 2 13 5 13 -5.568 -0.059 1.997
SPIN 2 13 5 14 -2.900 -0.878 5.081
SPIN 2 13 5 15 -1.423 5.721 -0.498
SPIN 3 13 6 0 5.734 -0.655 1.301
SPIN 3 13 6 1 -1.145 0.611 5.772
SPIN 3 13 6 2 5.342 -0.882 -2.384
SPIN 3 13 6 3 -5.372 -1.973 -1.499
SPIN 3 13 6 4 3.124 -1.849 4.672
SPIN 3 13 6 5 -3.784 0.030 4.548
SPIN 3 13 6 6 3.237 4.618 -1.789
SPIN 3 13 6 7 1.302 -1.436 -5.590
SPIN 3 13 6 8 -5.275 2.088 -1.678
SPIN 3 13 6 9 0.881 -5.718 1.235
SPIN 3 13 6 10 -4.981 0.981 3.038
SPIN 3 13 6 11 -5.401 0.397 2.381
SPIN 3 13 6 12 1.895 5.284 1.869
SPIN 3 13 6 13 -2.575 -2.130 -4.882
SPIN 3 13 6 14 -1.252 3.689 4.452
SPIN 3 13 6 15 -5.914 0.099 0.128
SPIN 2 13 6 0 -3.695 -1.890 -4.216
SPIN 2 13 6 1 1.786 2.789 4.902
SPIN 2 13 6 2 -3.707 4.522 -0.901
SPIN 2 13 6 3 -4.604 -3.043 2.130
SPIN 2 13 6 4 1.256 -2.119 -5.379
SPIN 2 13 6 5 2.366 4.960 2.192
SPIN 2 13 6 6 1.493 -5.722 0.172
SPIN 2 13 6 7 4.408 -3.052 -2.501
SPIN 2 13 6 8 -2.622 -2.228 -4.813
SPIN 2 13 6 9 -3.315 1.490 4.668
SPIN 2 13 6 10 0.622 -5.787 -1.058
SPIN 2 13 6 11 0.714 2.980 5.060
SPIN 2 13 6 12 -4.490 3.789 -0.696
SPIN 2 13 6 13 2.964 4.368 2.671
SPIN 2 13 6 14 -3.904 -1.102 -4.306
SPIN 2 13 6 15 5.091 0.221 -3.005
SPIN 3 13 7 0 -2.160 1.903 -5.168
SPIN 3 13 7 1 2.306 -2.251 -4.961
SPIN 3 13 7 2 1.261 -3.502 4.598
SPIN 3 13 7 3 3.689 4.597 -0.515
SPIN 3 13 7 4 0.822 -2.873 5.106
SPIN 3 13 7 5 -5.189 2.024 -1.994
SPIN 3 13 7 6 1.526 -2.068 -5.329
SPIN 3 13 7 7 -0.100 2.429 5.394
SPIN 3 13 7 8 -2.112 3.597 -4.196
SPIN 3 13 7 9 3.550 0.369 4.718
SPIN 3 13 7 10 0.426 4.177 -4.167
SPIN 3 13 7 11 4.458 0.245 3.882
SPIN 3 13 7 12 5.517 1.787 -1.170
SPIN 3 13 7 13 4.946 -2.734 1.749
SPIN 3 13 7 14 5.250 -1.026 2.527
SPIN 3 13 7 15 2.546 -5.188 -1.268
SPIN 2 13 7 0 5.303 2.609 0.270
SPIN 2 13 7 1 2.843 -0.803 -5.126
SPIN 2 13 7 2 0.115 -5.785 1.232
SPIN 2 13 7 3 1.425 3.469 -4.575
SPIN 2 13 7 4 -2.527 1.666 5.083
SPIN 2 13 7 5 -0.318 -5.525 2.092
SPIN 2 13 7 6 4.759 -1.416 3.217
SPIN 2 13 7 7 -1.795 -4.823 2.918
SPIN 2 13 7 8 0.910 5.350 2.357
SPIN 2 13 7 9 -2.285 -5.075 -2.004
SPIN 2 13 7 10 -4.817 3.308 -0.920
SPIN 2 13 7 11 -4.662 -3.404 -1.295
SPIN 2 13 7 12 -4.396 -3.281 2.216
SPIN 2 13 7 13 1.197 4.142 4.051
SPIN 2 13 7 14 2.186 -3.240 4.441
SPIN 2 13 7 15 -5.574 -0.527 1.912
SPIN 3 13 8 0 4.078 -1.346 4.069
SPIN 3 13 8 1 -3.583 -4.607 0.971
SPIN 3 13 8 2 -1.861 3.757 -4.174
SPIN 3 13 8 3 1.612 -4.554 3.415
SPIN 3 13 8 4 3.516 4.707 -0.695
SPIN 3 13 8 5 -2.373 2.025 -5.027
SPIN 3 13 8 6 0.667 -1.239 5.746
SPIN 3 13 8 7 2.883 3.649 -3.657
SPIN 3 13 8 8 4.575 -3.692 -0.659
SPIN 3 13 8 9 -2.827 3.379 -3.948
SPIN 3 13 8 10 5.244 2.524 -1.063
SPIN 3 13 8 11 0.308 0.457 -5.890
SPIN 3 13 8 12 1.785 -5.300 -1.929
SPIN 3 13 8 13 -5.353 0.412 -2.486
SPIN 3 13 8 14 -2.500 -0.035 -5.362
SPIN 3 13 8 15 0.485 -5.853 0.709
SPIN 2 13 8 0 2.290 -1.162 5.330
SPIN 2 13 8 1 -4.086 -3.610 -2.296
SPIN 2 13 8 2 -0.096 -1.895 -5.604
SPIN 2 13 8 3 5.560 -0.172 -2.015
SPIN 2 13 8 4 -2.582 -5.319 0.219
SPIN 2 13 8 5 -3.995 4.359 0.189
SPIN 2 13 8 6 5.310 -2.394 1.036
SPIN 2 13 8 7 -3.487 -2.418 -4.123
SPIN 2 13 8 8 -0.643 0.291 5.874
SPIN 2 13 8 9 -1.639 -0.523 5.660
SPIN 2 13 8 10 3.080 -4.932 1.093
SPIN 2 13 8 11 -4.590 -3.320 -1.707
SPIN 2 13 8 12 4.583 3.734 -0.235
SPIN 2 13 8 13 2.605 -4.400 -2.975
SPIN 2 13 8 14 -1.881 4.767 2.956
SPIN 2 13 8 15 -4.844 -1.875 2.832
SPIN 3 13 9 0 -1.255 5.732 -0.757
SPIN 3 13 9 1 3.680 -4.383 -1.499
SPIN 3 13 9 2 -3.325 -3.875 -2.988
SPIN 3 13 9 3 -2.699 -5.252 0.363
SPIN 3 13 9 4 -3.851 -3.328 3.016
SPIN 3 13 9 5 4.451 3.850 -0.605
SPIN 3 13 9 6 -2.578 -1.220 -5.183
SPIN 3 13 9 7 -0.459 -0.362 5.887
SPIN 3 13 9 8 -5.781 1.254 -0.059
SPIN 3 13 9 9 0.851 4.917 3.178
SPIN 3 13 9 10 2.057 -2.734 -4.827
SPIN 3 13 9 11 -3.493 1.173 4.629
SPIN 3 13 9 12 3.070 4.788 -1.628
SPIN 3 13 9 13 -5.756 -1.303 0.410
SPIN 3 13 9 14 -2.794 -3.265 4.066
SPIN 3 13 9 15 -5.421 1.080 -2.108
SPIN 2 13 9 0 -3.073 3.777 3.361
SPIN 2 13 9 1 4.125 -1.118 4.091
SPIN 2 13 9 2 -2.620 -2.288 -4.786
SPIN 2 13 9 3 4.196 -1.690 -3.813
SPIN 2 13 9 4 -3.392 -4.181 2.452
SPIN 2 13 9 5 1.361 -5.268 -2.322
SPIN 2 13 9 6 0.513 4.772 3.458
SPIN 2 13 9 7 -1.250 -4.383 3.772
SPIN 2 13 9 8 -2.846 -1.092 -5.070
SPIN 2 13 9 9 2.702 0.589 5.230
SPIN 2 13 9 10 -5.332 2.561 0.117
SPIN 2 13 9 11 -1.315 5.751 -0.443
SPIN 2 13 9 12 -5.416 -1.094 -2.114
SPIN 2 13 9 13 3.727 2.106 4.083
SPIN 2 13 9 14 1.924 -5.337 1.679
SPIN 2 13 9 15 -0.240 1.522 5.712
SPIN 3 13 10 0 2.189 -0.104 5.495
SPIN 3 13 10 1 -3.449 3.907 -2.800
SPIN 3 13 10 2 4.582 2.275 2.971
SPIN 3 13 10 3 2.554 -3.741 3.805
SPIN 3 13 10 4 -0.886 4.773 -3.381
SPIN 3 13 10 5 -2.061 -0.685 -5.503
SPIN 3 13 10 6 -2.937 -3.397 -3.852
SPIN 3 13 10 7 2.765 0.383 -5.216
SPIN 3 13 10 8 -2.481 5.227 -1.234
SPIN 3 13 10 9 0.835 -5.311 -2.470
SPIN 3 13 10 10 -1.070 0.882 5.751
SPIN 3 13 10 11 -1.334 -5.616 -1.298
SPIN 3 13 10 12 3.234 2.209 4.434
SPIN 3 13 10 13 3.620 1.982 -4.239
SPIN 3 13 10 14 -3.838 4.315 -1.286
SPIN 3 13 10 15 -2.404 -0.922 -5.327
SPIN 2 13 10 0 -0.694 -5.655 -1.592
SPIN 2 13 10 1 -5.809 -0.423 -1.038
SPIN 2 13 10 2 5.295 0.978 2.452
SPIN 2 13 10 3 -1.389 1.263 -5.610
SPIN 2 13 10 4 -5.131 2.123 -2.042
SPIN 2 13 10 5 -1.692 3.020 4.798
SPIN 2 13 10 6 0.047 -4.428 3.923
SPIN 2 13 10 7 -0.291 2.070 5.535
SPIN 2 13 10 8 -3.923 -3.203 -3.057
SPIN 2 13 10 9 4.779 -0.998 -3.341
SPIN 2 13 10 10 -3.043 4.111 2.972
SPIN 2 13 10 11 1.563 -3.542 4.474
SPIN 2 13 10 12 -1.671 -5.642 -0.614
SPIN 2 13 10 13 5.852 0.249 0.830
SPIN 2 13 10 14 -5.559 -1.527 1.328
SPIN 2 13 10 15 5.763 -0.869 -1.017
SPIN 3 13 11 0 4.311 0.448 4.027
SPIN 3 13 11 1 -2.724 3.228 4.142
SPIN 3 13 11 2 -3.044 -4.028 -3.084
SPIN 3 13 11 3 -4.386 -3.575 -1.728
SPIN 3 13 11 4 3.132 4.169 2.794
SPIN 3 13 11 5 4.278 3.828 1.429
SPIN 3 13 11 6 -1.939 3.589 -4.285
SPIN 3 13 11 7 -3.345 2.110 4.399
SPIN 3 13 11 8 -3.681 -0.092 -4.631
SPIN 3 13 11 9 2.957 -2.104 -4.672
SPIN 3 13 11 10 2.054 4.716 2.921
SPIN 3 13 11 11 1.701 -3.819 -4.186
SPIN 3 13 11 12 -0.301 1.495 5.716
SPIN 3 13 11 13 3.407 1.610 4.561
SPIN 3 13 11 14 -0.473 -5.585 1.892
SPIN 3 13 11 15 4.071 2.786 3.266
SPIN 2 13 11 0 -5.574 -1.981 0.058
SPIN 2 13 11 1 -3.988 -1.474 4.114
SPIN 2 13 11 2 4.237 0.926 4.024
SPIN 2 13 11 3 3.253 4.700 1.525
SPIN 2 13 11 4 5.230 1.335 2.423
SPIN 2 13 11 5 -0.327 -1.487 -5.717
SPIN 2 13 11 6 3.962 -3.873 -2.075
SPIN 2 13 11 7 -0.276 5.785 1.206
SPIN 2 13 11 8 -4.857 1.153 -3.174
SPIN 2 13 11 9 -2.140 -4.641 -2.980
SPIN 2 13 11 10 3.905 2.539 -3.647
SPIN 2 13 11 11 -4.968 -2.234 -2.308
SPIN 2 13 11 12 -1.449 1.529 -5.528
SPIN 2 13 11 13 -5.201 -0.644 -2.746
SPIN 2 13 11 14 -5.035 -3.038 0.647
SPIN 2 13 11 15 2.600 -5.292 -0.482
SPIN 3 13 12 0 -1.578 1.720 -5.436
SPIN 3 13 12 1 1.809 -5.383 -1.657
SPIN 3 13 12 2 1.856 5.160 2.221
SPIN 3 13 12 3 -1.565 3.321 4.639
SPIN 3 13 12 4 -2.447 1.837 5.064
SPIN 3 13 12 5 2.079 4.939 -2.506
SPIN 3 13 12 6 2.665 2.586 4.606
SPIN 3 13 12 7 4.902 1.087 3.129
SPIN 3 13 12 8 0.641 5.840 0.692
SPIN 3 13 12 9 -4.678 -3.580 0.548
SPIN 3 13 12 10 -4.746 -3.456 0.732
SPIN 3 13 12 11 4.684 -2.441 2.665
SPIN 3 13 12 12 4.344 3.347 2.221
SPIN 3 13 12 13 -2.825 -5.091 -1.050
SPIN 3 13 12 14 5.383 2.298 -0.860
SPIN 3 13 12 15 -4.180 2.413 -3.421
SPIN 2 13 12 0 4.890 -2.711 1.933
SPIN 2 13 12 1 5.098 1.615 -2.531
SPIN 2 13 12 2 -5.467 -1.614 1.584
SPIN 2 13 12 3 5.843 0.475 0.798
SPIN 2 13 12 4 0.092 -4.546 -3.784
SPIN 2 13 12 5 5.735 1.444 -0.176
SPIN 2 13 12 6 2.474 -3.546 4.038
SPIN 2 13 12 7 -4.111 -3.585 -2.290
SPIN 2 13 12 8 -4.041 2.674 -3.394
SPIN 2 13 12 9 0.039 5.866 0.769
SPIN 2 13 12 10 3.211 -4.122 2.774
SPIN 2 13 12 11 0.716 4.501 -3.772
SPIN 2 13 12 12 1.676 2.489 5.099
SPIN 2 13 12 13 2.365 -1.833 5.104
SPIN 2 13 12 14 -5.658 -1.417 -0.989
SPIN 2 13 12 15 -1.177 5.328 -2.288
SPIN 3 13 13 0 -1.498 -5.565 1.337
SPIN 3 13 13 1 -1.215 1.726 5.527
SPIN 3 13 13 2 1.649 -2.479 -5.112
SPIN 3 13 13 3 -3.089 2.227 -4.527
SPIN 3 13 13 4 0.094 3.193 4.980
SPIN 3 13 13 5 -0.319 2.944 5.121
SPIN 3 13 13 6 -2.625 -0.521 -5.276
SPIN 3 13 13 7 -3.247 -4.945 -0.076
SPIN 3 13 13 8 1.440 -5.239 -2.342
SPIN 3 13 13 9 2.337 1.059 5.331
SPIN 3 13 13 10 3.542 2.052 -4.271
SPIN 3 13 13 11 2.823 -3.148 4.137
SPIN 3 13 13 12 4.572 1.734 3.330
SPIN 3 13 13 13 -2.266 3.621 -4.093
SPIN 3 13 13 14 -0.871 0.904 5.781
SPIN 3 13 13 15 3.164 -3.011 -3.990
SPIN 2 13 13 0 -0.889 4.523 -3.708
SPIN 2 13 13 1 -0.942 -5.681 1.358
SPIN 2 13 13 2 -2.906 -5.036 -1.094
SPIN 2 13 13 3 -1.176 -5.126 -2.709
SPIN 2 13 13 4 -3.773 4.499 -0.726
SPIN 2 13 13 5 4.177 -0.069 -4.189
SPIN 2 13 13 6 -4.769 -2.759 -2.155
SPIN 2 13 13 7 0.123 -0.538 5.890
SPIN 2 13 13 8 -2.031 4.930 -2.563
SPIN 2 13 13 9 -2.401 -3.837 3.810
SPIN 2 13 13 10 1.253 -4.990 2.920
SPIN 2 13 13 11 -0.989 0.758 5.783
SPIN 2 13 13 12 -4.542 -1.400 3.523
SPIN 2 13 13 13 -4.944 -2.562 -1.997
SPIN 2 13 13 14 -3.198 -4.055 -2.885
SPIN 2 13 13 15 0.520 4.661 3.606
SPIN 3 13 14 0 4.430 -3.003 -2.522
SPIN 3 13 14 1 -1.815 -5.629 -0.129
SPIN 3 13 14 2 -2.525 3.103 4.359
SPIN 3 13 14 3 -2.635 3.356 4.098
SPIN 3 13 14 4 0.680 -1.139 5.765
SPIN 3 13 14 5 -0.328 5.843 -0.868
SPIN 3 13 14 6 4.923 1.291 -3.017
SPIN 3 13 14 7 -0.800 -4.951 -3.139
SPIN 3 13 14 8 4.043 -0.199 -4.314
SPIN 3 13 14 9 2.348 -4.149 3.502
SPIN 3 13 14 10 -1.620 -5.200 2.310
SPIN 3 13 14 11 -5.640 1.477 1.003
SPIN 3 13 14 12 5.324 -2.524 0.532
SPIN 3 13 14 13 -0.749 -1.314 5.719
SPIN 3 13 14 14 3.505 -3.108 -3.614
SPIN 3 13 14 15 -5.215 0.469 2.755
SPIN 2 13 14 0 -0.936 -5.353 -2.338
SPIN 2 13 14 1 -3.289 -3.899 2.996
SPIN 2 13 14 2 5.102 -2.334 -1.877
SPIN 2 13 14 3 5.599 -0.788 -1.742
SPIN 2 13 14 4 5.045 -2.830 1.240
SPIN 2 13 14 5 2.751 -3.910 3.485
SPIN 2 13 14 6 -3.639 3.803 2.700
SPIN 2 13 14 7 4.512 3.734 0.832
SPIN 2 13 14 8 -2.362 -2.401 -4.864
SPIN 2 13 14 9 -0.197 5.365 -2.485
SPIN 2 13 14 10 5.068 -2.847 -1.100
SPIN 2 13 14 11 2.836 2.564 -4.515
SPIN 2 13 14 12 5.034 3.108 0.073
SPIN 2 13 14 13 -4.603 -2.993 -2.204
SPIN 2 13 14 14 3.190 2.648 4.220
SPIN 2 13 14 15 -1.176 1.628 -5.565
SPIN 3 13 15 0 -5.692 0.619 -1.489
SPIN 3 13 15 1 3.189 -4.881 -1.003
SPIN 3 13 15 2 0.033 -0.138 -5.914
SPIN 3 13 15 3 -5.844 0.592 -0.702
SPIN 3 13 15 4 3.035 -2.190 -4.582
SPIN 3 13 15 5 -2.148 -4.351 3.385
SPIN 3 13 15 6 1.486 -5.718 -0.306
SPIN 3 13 15 7 -0.601 5.873 -0.376
SPIN 3 13 15 8 -1.064 -3.061 -4.950
SPIN 3 13 15 9 2.250 5.318 1.286
SPIN 3 13 15 10 -5.339 -0.979 2.353
SPIN 3 13 15 11 3.686 -1.281 4.446
SPIN 3 13 15 12 4.184 -3.446 2.371
SPIN 3 13 15 13 0.969 3.723 -4.495
SPIN 3 13 15 14 -4.339 0.136 4.019
SPIN 3 13 15 15 -0.613 -5.218 2.720
SPIN 2 13 15 0 -2.599 3.203 -4.241
SPIN 2 13 15 1 5.470 0.431 -2.211
SPIN 2 13 15 2 -0.590 0.960 5.808
SPIN 2 13 15 3 -2.361 -5.050 1.982
SPIN 2 13 15 4 5.195 -1.199 -2.563
SPIN 2 13 15 5 -4.461 -3.859 -0.454
SPIN 2 13 15 6 2.895 0.401 5.143
SPIN 2 13 15 7 -5.707 -0.898 -1.275
SPIN 2 13 15 8 2.092 3.637 4.170
SPIN 2 13 15 9 -5.676 -1.668 0.069
SPIN 2 13 15 10 -4.140 3.218 -2.739
SPIN 2 13 15 11 3.246 -4.082 2.793
SPIN 2 13 15 12 -4.496 1.537 -3.525
SPIN 2 13 15 13 3.907 4.223 1.380
SPIN 2 13 15 14 -0.813 5.634 1.612
SPIN 2 13 15 15 -1.456 0.064 5.734
SPIN 1 14 0 0 -3.456 2.627 4.019
SPIN 1 14 0 1 -3.416 -1.023 4.721
SPIN 1 14 0 2 -1.700 2.745 -4.957
SPIN 1 14 0 3 -3.998 2.218 -3.755
SPIN 1 14 0 4 -4.285 2.130 -3.479
SPIN 1 14 0 5 5.465 -2.222 0.442
SPIN 1 14 0 6 1.988 -3.312 4.481
SPIN 1 14 0 7 -5.123 1.162 -2.720
SPIN 1 14 0 8 -0.478 -3.694 4.596
SPIN 1 14 0 9 -1.879 5.457 1.303
SPIN 1 14 0 10 4.502 3.756 0.788
SPIN 1 14 0 11 -5.333 -1.799 -1.822
SPIN 1 14 0 12 -5.237 1.359 2.394
SPIN 1 14 0 13 1.600 2.521 5.107
SPIN 1 14 0 14 5.299 1.014 2.428
SPIN 1 14 0 15 -1.833 -5.184 -2.184
SPIN 4 14 0 0 -1.806 5.631 0.161
SPIN 4 14 0 1 0.675 -1.689 -5.630
SPIN 4 14 0 2 -5.346 -2.531 0.129
SPIN 4 14 0 3 4.668 2.801 2.316
SPIN 4 14 0 4 -5.915 -0.097 0.073
SPIN 4 14 0 5 1.149 4.319 3.876
SPIN 4 14 0 6 -5.629 1.702 -0.648
SPIN 4 14 0 7 4.677 2.591 2.533
SPIN 4 14 0 8 3.489 -3.440 -3.315
SPIN 4 14 0 9 -3.558 0.045 -4.726
SPIN 4 14 0 10 -1.595 5.639 0.809
SPIN 4 14 0 11 -0.128 5.277 -2.671
SPIN 4 14 0 12 5.870 0.413 0.606
SPIN 4 14 0 13 -4.721 -2.021 -2.938
SPIN 4 14 0 14 -5.331 -2.238 1.255
SPIN 4 14 0 15 4.446 0.169 3.899
SPIN 1 14 1 0 -4.406 3.035 -2.526
SPIN 1 14 1 1 -0.247 -3.394 -4.839
SPIN 1 14 1 2 -5.405 -1.884 1.496
SPIN 1 14 1 3 -4.112 0.222 4.248
SPIN 1 14 1 4 5.140 -2.402 1.677
SPIN 1 14 1 5 0.264 2.027 5.552
SPIN 1 14 1 6 -2.713 3.352 -4.050
SPIN 1 14 1 7 1.639 -5.251 2.178
SPIN 1 14 1 8 -4.147 -1.264 4.025
SPIN 1 14 1 9 5.653 0.812 1.546
SPIN 1 14 1 10 -4.759 0.438 3.488
SPIN 1 14 1 11 -1.977 -5.385 1.449
SPIN 1 14 1 12 3.897 4.424 -0.487
SPIN 1 14 1 13 -3.333 -1.645 4.602
SPIN 1 14 1 14 3.700 3.663 -2.810
SPIN 1 14 1 15 5.017 3.024 0.827
SPIN 4 14 1 0 -0.827 -2.090 -5.472
SPIN 4 14 1 1 -0.925 5.752 1.030
SPIN 4 14 1 2 0.940 5.384 2.265
SPIN 4 14 1 3 1.448 -5.451 1.786
SPIN 4 14 1 4 -1.752 -3.879 -4.109
SPIN 4 14 1 5 -3.612 -1.936 4.267
SPIN 4 14 1 6 2.804 -4.493 -2.636
SPIN 4 14 1 7 0.730 3.513 -4.704
SPIN 4 14 1 8 4.053 0.300 4.299
SPIN 4 14 1 9 -4.619 -3.674 -0.406
SPIN 4 14 1 10 2.192 3.544 -4.199
SPIN 4 14 1 11 1.117 -1.688 5.559
SPIN 4 14 1 12 -4.220 1.510 -3.862
SPIN 4 14 1 13 2.607 -1.465 5.104
SPIN 4 14 1 14 2.413 4.777 -2.521
SPIN 4 14 1 15 2.181 1.929 5.150
SPIN 1 14 2 0 -1.034 -5.810 0.418
SPIN 1 14 2 1 -0.394 -1.613 5.678
SPIN 1 14 2 2 5.182 2.759 -0.734
SPIN 1 14 2 3 -3.432 -3.040 -3.739
SPIN 1 14 2 4 5.440 -0.587 2.249
SPIN 1 14 2 5 -2.698 -2.621 -4.566
SPIN 1 14 2 6 5.908 -0.140 0.270
SPIN 1 14 2 7 -0.701 2.207 -5.444
SPIN 1 14 2 8 4.353 -0.318 -3.994
SPIN 1 14 2 9 -1.532 -2.080 -5.322
SPIN 1 14 2 10 5.554 -2.022 -0.247
SPIN 1 14 2 11 3.855 2.404 3.789
SPIN 1 14 2 12 -3.786 -3.482 -2.922
SPIN 1 14 2 13 0.149 2.296 -5.450
SPIN 1 14 2 14 -2.804 1.008 5.111
SPIN 1 14 2 15 -3.541 4.403 -1.754
SPIN 4 14 2 0 1.453 -5.735 -0.043
SPIN 4 14 2 1 -2.523 -2.098 -4.922
SPIN 4 14 2 2 4.397 2.806 -2.792
SPIN 4 14 2 3 -1.622 -0.339 5.679
SPIN 4 14 2 4 -2.568 -1.728 5.042
SPIN 4 14 2 5 2.178 5.493 0.287
SPIN 4 14 2 6 -3.227 4.644 -1.739
SPIN 4 14 2 7 -0.904 -3.545 4.650
SPIN 4 14 2 8 1.467 4.973 -2.848
SPIN 4 14 2 9 3.624 4.320 1.790
SPIN 4 14 2 10 -5.732 0.550 1.358
SPIN 4 14 2 11 0.842 -0.596 -5.825
SPIN 4 14 2 12 -1.268 -2.398 5.257
SPIN 4 14 2 13 -3.732 -4.225 -1.794
SPIN 4 14 2 14 3.240 -2.843 4.052
SPIN 4 14 2 15 3.834 -4.147 -1.761
SPIN 1 14 3 0 3.948 -0.211 -4.401
SPIN 1 14 3 1 -4.610 3.708 0.011
SPIN 1 14 3 2 2.292 0.613 -5.420
SPIN 1 14 3 3 4.242 -0.310 4.112
SPIN 1 14 3 4 1.112 4.473 -3.708
SPIN 1 14 3 5 4.379 1.902 -3.493
SPIN 1 14 3 6 -3.078 2.803 -4.203
SPIN 1 14 3 7 -0.248 -5.058 3.059
SPIN 1 14 3 8 -0.993 5.173 -2.693
SPIN 1 14 3 9 -3.630 -3.972 2.458
SPIN 1 14 3 10 -3.862 -3.222 -3.115
SPIN 1 14 3 11 0.675 -2.781 -5.178
SPIN 1 14 3 12 1.703 5.661 0.229
SPIN 1 14 3 13 2.741 -0.414 5.226
SPIN 1 14 3 14 -4.323 -0.402 -4.019
SPIN 1 14 3 15 -5.668 1.638 0.440
SPIN 4 14 3 0 3.090 3.083 -3.993
SPIN 4 14 3 1 -4.755 0.434 -3.493
SPIN 4 14 3 2 -4.856 -3.312 -0.670
SPIN 4 14 3 3 5.361 -2.501 -0.053
SPIN 4 14 3 4 5.355 -0.854 2.366
SPIN 4 14 3 5 0.859 0.322 -5.845
SPIN 4 14 3 6 -1.053 -5.294 2.422
SPIN 4 14 3 7 -4.530 -0.016 -3.805
SPIN 4 14 3 8 2.864 2.949 -4.254
SPIN 4 14 3 9 -0.775 -5.752 -1.144
SPIN 4 14 3 10 3.806 4.216 -1.654
SPIN 4 14 3 11 -5.187 1.406 2.474
SPIN 4 14 3 12 -3.782 -3.742 2.586
SPIN 4 14 3 13 -0.774 -4.042 4.250
SPIN 4 14 3 14 -4.341 3.781 -1.362
SPIN 4 14 3 15 3.470 1.007 4.684
SPIN 1 14 4 0 4.458 -3.880 0.265
SPIN 1 14 4 1 -4.857 -1.840 -2.832
SPIN 1 14 4 2 0.030 -4.525 3.811
SPIN 1 14 4 3 -0.255 0.634 5.876
SPIN 1 14 4 4 -1.856 -0.230 -5.613
SPIN 1 14 4 5 -5.230 1.011 -2.574
SPIN 1 14 4 6 -5.499 1.875 1.114
SPIN 1 14 4 7 -0.270 5.292 -2.632
SPIN 1 14 4 8 0.404 1.844 5.607
SPIN 1 14 4 9 2.089 -3.475 -4.308
SPIN 1 14 4 10 3.579 -2.854 3.747
SPIN 1 14 4 11 1.337 2.490 -5.197
SPIN 1 14 4 12 -4.336 -3.725 1.524
SPIN 1 14 4 13 0.814 0.882 5.793
SPIN 1 14 4 14 5.480 -2.196 0.382
SPIN 1 14 4 15 -2.310 1.941 5.089
SPIN 4 14 4 0 -2.179 3.080 4.557
SPIN 4 14 4 1 -2.241 1.570 5.245
SPIN 4 14 4 2 3.244 4.920 0.516
SPIN 4 14 4 3 2.119 -5.503 -0.479
SPIN 4 14 4 4 0.896 4.021 -4.246
SPIN 4 14 4 5 -5.029 0.920 -2.978
SPIN 4 14 4 6 0.926 -5.599 1.672
SPIN 4 14 4 7 -0.041 -2.684 -5.272
SPIN 4 14 4 8 -3.447 -4.167 -2.400
SPIN 4 14 4 9 4.679 3.420 -1.186
SPIN 4 14 4 10 5.338 0.660 2.464
SPIN 4 14 4 11 -2.573 2.601 4.649
SPIN 4 14 4 12 0.113 5.777 1.270
SPIN 4 14 4 13 2.234 -1.337 5.312
SPIN 4 14 4 14 0.435 -4.089 -4.253
SPIN 4 14 4 15 -5.693 0.921 -1.319
SPIN 1 14 5 0 -2.305 -2.708 -4.728
SPIN 1 14 5 1 -4.051 -2.736 3.332
SPIN 1 14 5 2 2.082 4.761 2.828
SPIN 1 14 5 3 -4.690 -3.599 0.232
SPIN 1 14 5 4 4.844 -1.652 2.967
SPIN 1 14 5 5 -1.996 -5.535 -0.621
SPIN 1 14 5 6 -0.580 -0.387 -5.875
SPIN 1 14 5 7 4.941 -3.194 -0.626
SPIN 1 14 5 8 5.710 -1.201 0.976
SPIN 1 14 5 9 -1.083 5.696 1.178
SPIN 1 14 5 10 -4.688 -2.326 -2.759
SPIN 1 14 5 11 -3.304 3.505 -3.435
SPIN 1 14 5 12 -4.281 -1.006 -3.958
SPIN 1 14 5 13 -1.817 5.448 -1.419
SPIN 1 14 5 14 5.207 -2.629 -0.989
SPIN 1 14 5 15 0.696 5.288 2.559
SPIN 4 14 5 0 3.845 -4.372 1.049
SPIN 4 14 5 1 3.758 3.058 -3.395
SPIN 4 14 5 2 -1.178 -5.078 2.798
SPIN 4 14 5 3 4.075 -1.014 -4.167
SPIN 4 14 5 4 -0.806 5.723 1.264
SPIN 4 14 5 5 5.414 0.229 -2.373
SPIN 4 14 5 6 -2.916 -2.901 -4.252
SPIN 4 14 5 7 -0.538 5.827 0.872
SPIN 4 14 5 8 1.491 5.630 -1.040
SPIN 4 14 5 9 3.862 -4.009 2.004
SPIN 4 14 5 10 -4.952 1.756 -2.719
SPIN 4 14 5 11 1.283 -1.141 -5.661
SPIN 4 14 5 12 3.954 -2.581 3.564
SPIN 4 14 5 13 -4.374 0.646 -3.931
SPIN 4 14 5 14 3.950 -4.228 -1.233
SPIN 4 14 5 15 4.194 -0.529 4.139
SPIN 1 14 6 0 0.238 -4.319 -4.036
SPIN 1 14 6 1 0.265 3.931 4.414
SPIN 1 14 6 2 3.760 -2.036 -4.089
SPIN 1 14 6 3 3.727 -2.095 4.089
SPIN 1 14 6 4 2.786 2.104 -4.776
SPIN 1 14 6 5 -3.263 -4.792 -1.179
SPIN 1 14 6 6 -1.667 5.442 1.612
SPIN 1 14 6 7 -2.635 5.188 1.068
SPIN 1 14 6 8 4.529 -3.793 -0.318
SPIN 1 14 6 9 2.041 5.529 0.510
SPIN 1 14 6 10 2.985 -5.104 0.189
SPIN 1 14 6 11 -4.188 1.285 -3.976
SPIN 1 14 6 12 4.835 -0.991 3.262
SPIN 1 14 6 13 1.190 -5.614 1.438
SPIN 1 14 6 14 -0.833 5.846 -0.355
SPIN 1 14 6 15 -0.278 -5.230 2.752
SPIN 4 14 6 0 -1.682 3.611 4.374
SPIN 4 14 6 1 4.388 -2.429 -3.138
SPIN 4 14 6 2 -1.164 -3.735 -4.438
SPIN 4 14 6 3 -5.301 -2.458 0.926
SPIN 4 14 6 4 4.883 -3.102 1.237
SPIN 4 14 6 5 1.016 -0.885 -5.761
SPIN 4 14 6 6 -2.023 -5.257 -1.808
SPIN 4 14 6 7 -4.156 3.195 2.742
SPIN 4 14 6 8 1.619 -5.015 -2.689
SPIN 4 14 6 9 -2.608 3.720 -3.790
SPIN 4 14 6 10 -3.805 0.111 4.529
SPIN 4 14 6 11 4.039 -0.164 -4.319
SPIN 4 14 6 12 -2.722 -5.200 0.742
SPIN 4 14 6 13 1.741 -5.373 1.762
SPIN 4 14 6 14 -3.357 2.218 4.337
SPIN 4 14 6 15 -1.393 4.487 -3.595
SPIN 1 14 7 0 -1.834 3.481 -4.418
SPIN 1 14 7 1 -4.633 -3.679 0.056
SPIN 1 14 7 2 -2.341 4.725 2.682
SPIN 1 14 7 3 3.474 -3.832 2.872
SPIN 1 14 7 4 -1.701 -2.090 -5.267
SPIN 1 14 7 5 -2.853 3.464 3.855
SPIN 1 14 7 6 -5.268 0.862 -2.551
SPIN 1 14 7 7 -2.225 1.509 5.270
SPIN 1 14 7 8 -1.090 5.254 -2.492
SPIN 1 14 7 9 3.093 -4.662 1.922
SPIN 1 14 7 10 0.714 -3.166 -4.946
SPIN 1 14 7 11 -4.666 -1.372 3.368
SPIN 1 14 7 12 -3.130 4.743 1.644
SPIN 1 14 7 13 -4.361 -3.153 2.457
SPIN 1 14 7 14 2.007 5.559 -0.268
SPIN 1 14 7 15 2.912 -1.722 4.853
SPIN 4 14 7 0 -4.654 -1.926 -3.104
SPIN 4 14 7 1 -3.009 4.344 -2.660
SPIN 4 14 7 2 3.061 4.106 2.961
SPIN 4 14 7 3 2.123 3.218 -4.487
SPIN 4 14 7 4 -0.697 -4.951 3.162
SPIN 4 14 7 5 -3.342 -0.630 -4.841
SPIN 4 14 7 6 3.411 1.562 4.575
SPIN 4 14 7 7 -1.516 -1.680 5.466
SPIN 4 14 7 8 -2.182 1.676 -5.237
SPIN 4 14 7 9 5.843 0.402 -0.833
SPIN 4 14 7 10 0.656 -2.648 -5.250
SPIN 4 14 7 11 5.469 1.562 1.627
SPIN 4 14 7 12 -2.222 -3.242 4.422
SPIN 4 14 7 13 1.494 3.202 -4.745
SPIN 4 14 7 14 -5.283 -0.783 -2.545
SPIN 4 14 7 15 3.628 4.508 1.231
SPIN 1 14 8 0 3.082 -3.524 -3.617
SPIN 1 14 8 1 3.150 3.021 3.994
SPIN 1 14 8 2 -0.188 -5.647 -1.753
SPIN 1 14 8 3 -5.645 -1.361 -1.130
SPIN 1 14 8 4 5.746 0.651 1.248
SPIN 1 14 8 5 -2.668 -5.050 -1.541
SPIN 1 14 8 6 2.539 -0.343 5.333
SPIN 1 14 8 7 1.899 -4.398 -3.471
SPIN 1 14 8 8 0.382 -4.265 4.083
SPIN 1 14 8 9 -1.618 4.794 -3.066
SPIN 1 14 8 10 -1.851 -5.081 2.399
SPIN 1 14 8 11 -2.405 -1.421 5.215
SPIN 1 14 8 12 -1.076 4.862 3.195
SPIN 1 14 8 13 2.266 4.159 -3.545
SPIN 1 14 8 14 -1.957 -3.599 4.268
SPIN 1 14 8 15 2.925 5.080 0.801
SPIN 4 14 8 0 2.736 4.222 3.114
SPIN 4 14 8 1 -2.728 -1.727 4.957
SPIN 4 14 8 2 3.943 3.753 2.316
SPIN 4 14 8 3 -0.400 4.765 -3.483
SPIN 4 14 8 4 5.686 -1.047 1.256
SPIN 4 14 8 5 1.419 4.696 3.306
SPIN 4 14 8 6 -5.287 1.417 -2.244
SPIN 4 14 8 7 -0.042 -0.294 -5.909
SPIN 4 14 8 8 1.361 -2.000 -5.399
SPIN 4 14 8 9 -3.175 -0.178 -4.988
SPIN 4 14 8 10 0.541 4.569 -3.718
SPIN 4 14 8 11 2.424 5.390 -0.264
SPIN 4 14 8 12 -3.006 -5.085 -0.322
SPIN 4 14 8 13 0.782 0.485 -5.844
SPIN 4 14 8 14 5.594 1.921 -0.145
SPIN 4 14 8 15 -4.159 2.862 -3.084
SPIN 1 14 9 0 2.463 -2.510 -4.757
SPIN 1 14 9 1 -0.446 -5.740 1.361
SPIN 1 14 9 2 4.599 3.635 0.801
SPIN 1 14 9 3 5.710 -1.519 0.291
SPIN 1 14 9 4 -4.770 2.125 2.781
SPIN 1 14 9 5 1.022 -0.520 5.804
SPIN 1 14 9 6 -2.809 -1.385 -5.019
SPIN 1 14 9 7 2.231 -4.216 3.500
SPIN 1 14 9 8 -4.608 -3.671 -0.535
SPIN 1 14 9 9 3.807 -3.794 2.472
SPIN 1 14 9 10 -1.693 0.603 -5.637
SPIN 1 14 9 11 5.886 -0.047 0.596
SPIN 1 14 9 12 4.521 -1.232 3.612
SPIN 1 14 9 13 -0.934 -5.719 1.193
SPIN 1 14 9 14 -4.104 0.049 4.261
SPIN 1 14 9 15 5.578 1.844 0.697
SPIN 4 14 9 0 -5.645 1.634 0.678
SPIN 4 14 9 1 2.282 5.372 -0.965
SPIN 4 14 9 2 1.471 -5.662 0.883
SPIN 4 14 9 3 -2.359 -2.102 -5.002
SPIN 4 14 9 4 -4.133 2.217 -3.606
SPIN 4 14 9 5 -4.245 -1.924 3.644
SPIN 4 14 9 6 4.093 -0.136 -4.269
SPIN 4 14 9 7 1.231 5.715 -0.904
SPIN 4 14 9 8 5.672 0.145 1.677
SPIN 4 14 9 9 -0.052 5.915 -0.079
SPIN 4 14 9 10 -3.427 -3.969 -2.739
SPIN 4 14 9 11 5.366 2.181 1.203
SPIN 4 14 9 12 1.611 -3.078 -4.788
SPIN 4 14 9 13 -1.070 4.442 -3.759
SPIN 4 14 9 14 2.247 -4.712 2.783
SPIN 4 14 9 15 0.920 -0.680 -5.804
SPIN 1 14 10 0 0.535 -3.940 4.381
SPIN 1 14 10 1 4.422 -1.641 -3.571
SPIN 1 14 10 2 -0.545 -5.450 2.237
SPIN 1 14 10 3 -3.451 3.915 -2.786
SPIN 1 14 10 4 -0.093 0.984 -5.833
SPIN 1 14 10 5 1.776 4.513 3.388
SPIN 1 14 10 6 1.836 2.569 5.003
SPIN 1 14 10 7 -3.492 0.033 -4.775
SPIN 1 14 10 8 2.284 0.726 5.409
SPIN 1 14 10 9 -3.859 2.093 -3.965
SPIN 1 14 10 10 -2.433 3.913 -3.711
SPIN 1 14 10 11 -4.885 -1.633 -2.910
SPIN 1 14 10 12 0.522 -2.282 5.433
SPIN 1 14 10 13 -5.105 -1.786 -2.397
SPIN 1 14 10 14 5.476 1.148 1.921
SPIN 1 14 10 15 -2.172 -2.086 -5.092
SPIN 4 14 10 0 -2.605 2.132 -4.865
SPIN 4 14 10 1 -3.236 3.751 -3.234
SPIN 4 14 10 2 3.140 3.862 -3.198
SPIN 4 14 10 3 2.202 0.893 5.418
SPIN 4 14 10 4 0.047 -5.292 2.644
SPIN 4 14 10 5 3.137 -0.736 -4.961
SPIN 4 14 10 6 3.846 -1.037 4.374
SPIN 4 14 10 7 -4.799 -0.487 3.425
SPIN 4 14 10 8 -4.286 -3.700 1.715
SPIN 4 14 10 9 5.307 -2.129 1.519
SPIN 4 14 10 10 -1.143 -2.630 -5.175
SPIN 4 14 10 11 -5.210 2.614 -1.014
SPIN 4 14 10 12 -2.862 1.720 4.884
SPIN 4 14 10 13 -1.141 -0.785 5.752
SPIN 4 14 10 14 -5.473 0.771 2.110
SPIN 4 14 10 15 5.077 2.904 -0.888
SPIN 1 14 11 0 -3.193 4.749 -1.500
SPIN 1 14 11 1 5.125 -0.833 2.835
SPIN 1 14 11 2 -3.822 3.945 2.196
SPIN 1 14 11 3 1.925 -1.175 -5.469
SPIN 1 14 11 4 2.861 4.370 -2.778
SPIN 1 14 11 5 -5.041 -1.626 2.635
SPIN 1 14 11 6 -4.978 -0.643 -3.132
SPIN 1 14 11 7 1.239 -4.482 -3.657
SPIN 1 14 11 8 3.181 -4.621 -1.877
SPIN 1 14 11 9 1.675 2.738 4.970
SPIN 1 14 11 10 0.165 -5.762 1.332
SPIN 1 14 11 11 4.926 -3.001 -1.315
SPIN 1 14 11 12 0.688 5.053 -2.998
SPIN 1 14 11 13 -5.726 0.904 -1.182
SPIN 1 14 11 14 -4.462 -3.836 -0.608
SPIN 1 14 11 15 5.521 2.075 -0.459
SPIN 4 14 11 0 1.700 5.407 1.697
SPIN 4 14 11 1 1.436 -5.642 1.050
SPIN 4 14 11 2 -4.684 -3.133 -1.802
SPIN 4 14 11 3 4.823 3.351 -0.715
SPIN 4 14 11 4 4.543 -3.788 -0.119
SPIN 4 14 11 5 -4.217 -0.559 4.111
SPIN 4 14 11 6 3.516 3.225 3.498
SPIN 4 14 11 7 1.036 -2.181 -5.401
SPIN 4 14 11 8 5.058 2.882 -1.051
SPIN 4 14 11 9 -0.671 -1.553 -5.669
SPIN 4 14 11 10 1.079 -5.595 1.590
SPIN 4 14 11 11 -1.645 5.504 -1.414
SPIN 4 14 11 12 -4.141 -2.404 3.474
SPIN 4 14 11 13 5.254 -1.193 -2.443
SPIN 4 14 11 14 3.794 -2.133 -4.006
SPIN 4 14 11 15 2.363 5.352 -0.877
SPIN 1 14 12 0 2.619 -5.304 -0.042
SPIN 1 14 12 1 -0.006 -2.218 -5.485
SPIN 1 14 12 2 4.187 3.908 1.481
SPIN 1 14 12 3 4.167 2.172 3.594
SPIN 1 14 12 4 -2.246 -4.425 -3.221
SPIN 1 14 12 5 0.536 3.967 4.356
SPIN 1 14 12 6 0.238 0.772 -5.861
SPIN 1 14 12 7 0.465 5.741 1.351
SPIN 1 14 12 8 -5.598 0.640 1.802
SPIN 1 14 12 9 4.677 0.496 -3.589
SPIN 1 14 12 10 -1.006 0.580 -5.801
SPIN 1 14 12 11 -3.716 4.588 0.375
SPIN 1 14 12 12 3.694 4.175 1.980
SPIN 1 14 12 13 5.122 2.961 -0.007
SPIN 1 14 12 14 -5.638 1.358 1.168
SPIN 1 14 12 15 1.702 2.963 4.829
SPIN 4 14 12 0 0.751 4.756 3.437
SPIN 4 14 12 1 -4.048 -2.998 3.102
SPIN 4 14 12 2 -2.760 4.616 2.465
SPIN 4 14 12 3 -0.944 -0.974 -5.758
SPIN 4 14 12 4 -0.582 5.510 2.073
SPIN 4 14 12 5 -1.191 -1.790 -5.512
SPIN 4 14 12 6 -5.228 2.723 0.501
SPIN 4 14 12 7 4.147 -0.382 -4.202
SPIN 4 14 12 8 2.704 -4.347 2.965
SPIN 4 14 12 9 -5.192 -1.359 -2.489
SPIN 4 14 12 10 -1.420 0.921 5.669
SPIN 4 14 12 11 -3.622 -4.595 -0.875
SPIN 4 14 12 12 5.681 0.175 -1.642
SPIN 4 14 12 13 -4.253 2.105 3.534
SPIN 4 14 12 14 1.284 5.149 -2.616
SPIN 4 14 12 15 0.367 -5.200 -2.798
SPIN 1 14 13 0 -4.180 3.745 1.872
SPIN 1 14 13 1 5.616 -1.022 1.555
SPIN 1 14 13 2 -3.957 -2.680 -3.487
SPIN 1 14 13 3 -2.915 -5.123 0.508
SPIN 1 14 13 4 -5.809 0.486 -1.008
SPIN 1 14 13 5 -3.947 0.827 -4.329
SPIN 1 14 13 6 5.461 2.137 -0.783
SPIN 1 14 13 7 4.517 3.613 -1.244
SPIN 1 14 13 8 -0.870 -5.496 2.010
SPIN 1 14 13 9 1.453 3.887 4.217
SPIN 1 14 13 10 -1.619 4.469 3.523
SPIN 1 14 13 11 5.181 0.919 2.705
SPIN 1 14 13 12 -2.121 -3.391 -4.360
SPIN 1 14 13 13 -3.494 -3.351 3.400
SPIN 1 14 13 14 2.047 -1.796 5.252
SPIN 1 14 13 15 -4.893 -2.145 -2.541
SPIN 4 14 13 0 -5.614 1.818 0.419
SPIN 4 14 13 1 2.889 3.212 -4.042
SPIN 4 14 13 2 -1.665 -0.582 5.647
SPIN 4 14 13 3 -5.794 -1.163 -0.277
SPIN 4 14 13 4 -3.737 -3.882 2.442
SPIN 4 14 13 5 -4.165 -0.912 -4.101
SPIN 4 14 13 6 5.684 1.466 -0.738
SPIN 4 14 13 7 -3.912 4.402 -0.561
SPIN 4 14 13 8 5.112 2.699 1.259
SPIN 4 14 13 9 3.011 -1.373 -4.904
SPIN 4 14 13 10 -3.540 -3.214 -3.485
SPIN 4 14 13 11 4.440 1.786 -3.478
SPIN 4 14 13 12 0.684 -3.064 5.015
SPIN 4 14 13 13 -0.115 5.604 -1.893
SPIN 4 14 13 14 -1.898 -1.397 -5.426
SPIN 4 14 13 15 3.549 -4.638 -0.946
SPIN 1 14 14 0 2.605 -4.565 -2.716
SPIN 1 14 14 1 0.223 -0.807 5.856
SPIN 1 14 14 2 5.521 2.116 0.189
SPIN 1 14 14 3 2.642 4.129 3.311
SPIN 1 14 14 4 4.855 2.922 -1.702
SPIN 1 14 14 5 -5.666 -0.014 -1.701
SPIN 1 14 14 6 5.747 0.029 -1.402
SPIN 1 14 14 7 -4.748 -2.356 2.628
SPIN 1 14 14 8 5.253 2.219 1.577
SPIN 1 14 14 9 -5.628 -1.552 0.956
SPIN 1 14 14 10 2.330 4.347 3.267
SPIN 1 14 14 11 -1.463 -0.264 5.726
SPIN 1 14 14 12 1.550 5.368 1.945
SPIN 1 14 14 13 1.187 4.425 -3.743
SPIN 1 14 14 14 3.005 0.243 5.091
SPIN 1 14 14 15 1.431 0.821 5.681
SPIN 4 14 14 0 2.755 -1.750 -4.934
SPIN 4 14 14 1 3.200 0.914 4.891
SPIN 4 14 14 2 1.289 -4.344 -3.803
SPIN 4 14 14 3 4.829 -3.393 -0.404
SPIN 4 14 14 4 1.514 -2.561 -5.113
SPIN 4 14 14 5 3.203 1.599 4.710
SPIN 4 14 14 6 -4.351 3.998 0.284
SPIN 4 14 14 7 4.203 -3.228 2.629
SPIN 4 14 14 8 5.454 1.852 1.350
SPIN 4 14 14 9 -2.690 4.965 1.763
SPIN 4 14 14 10 5.390 -2.108 1.224
SPIN 4 14 14 11 -3.140 1.115 -4.889
SPIN 4 14 14 12 -2.583 4.620 2.642
SPIN 4 14 14 13 3.787 3.608 -2.764
SPIN 4 14 14 14 -1.663 -3.196 4.692
SPIN 4 14 14 15 4.803 0.438 -3.427
SPIN 1 14 15 0 2.884 4.023 3.241
SPIN 1 14 15 1 0.808 -4.374 -3.901
SPIN 1 14 15 2 -5.077 0.766 2.940
SPIN 1 14 15 3 -1.768 -2.956 4.810
SPIN 1 14 15 4 3.902 3.283 3.000
SPIN 1 14 15 5 -4.612 -3.319 1.649
SPIN 1 14 15 6 -0.559 5.798 1.034
SPIN 1 14 15 7 -2.463 3.028 -4.446
SPIN 1 14 15 8 -1.491 4.503 3.536
SPIN 1 14 15 9 4.454 -3.629 -1.411
SPIN 1 14 15 10 3.999 -2.955 -3.206
SPIN 1 14 15 11 0.380 -1.796 -5.624
SPIN 1 14 15 12 -2.953 1.325 4.952
SPIN 1 14 15 13 2.958 -1.163 -4.990
SPIN 1 14 15 14 -3.645 -4.349 -1.673
SPIN 1 14 15 15 3.653 1.560 -4.384
SPIN 4 14 15 0 0.734 1.264 -5.733
SPIN 4 14 15 1 -4.264 -4.101 0.003
SPIN 4 14 15 2 1.754 1.953 5.302
SPIN 4 14 15 3 -4.418 3.901 -0.514
SPIN 4 14 15 4 2.337 -0.231 5.430
SPIN 4 14 15 5 -5.254 2.719 0.081
SPIN 4 14 15 6 3.640 1.611 4.377
SPIN 4 14 15 7 -4.512 -0.067 -3.826
SPIN 4 14 15 8 -5.417 -1.398 -1.924
SPIN 4 14 15 9 -3.009 2.965 -4.142
SPIN 4 14 15 10 0.720 -1.062 5.775
SPIN 4 14 15 11 -4.311 4.052 0.020
SPIN 4 14 15 12 5.222 -2.778 -0.097
SPIN 4 14 15 13 -2.653 -4.309 3.065
SPIN 4 14 15 14 -0.131 5.789 -1.215
SPIN 4 14 15 15 -1.650 -4.655 3.257
SPIN 3 14 0 0 -1.895 0.932 5.526
SPIN 3 14 0 1 -2.116 3.556 4.228
SPIN 3 14 0 2 -5.851 0.261 -0.833
SPIN 3 14 0 3 -1.933 5.259 1.898
SPIN 3 14 0 4 2.816 -1.649 -4.935
SPIN 3 14 0 5 -4.572 2.948 2.325
SPIN 3 14 0 6 -4.437 -3.763 1.073
SPIN 3 14 0 7 4.930 3.069 1.129
SPIN 3 14 0 8 2.803 4.049 3.278
SPIN 3 14 0 9 0.847 1.791 -5.575
SPIN 3 14 0 10 2.577 -3.522 -3.994
SPIN 3 14 0 11 5.494 2.130 0.522
SPIN 3 14 0 12 4.295 -3.945 -0.997
SPIN 3 14 0 13 -1.298 0.431 -5.756
SPIN 3 14 0 14 3.491 -4.187 2.298
SPIN 3 14 0 15 0.944 5.635 1.536
SPIN 2 14 0 0 2.027 -5.468 -0.999
SPIN 2 14 0 1 3.605 4.675 0.383
SPIN 2 14 0 2 5.285 2.245 -1.427
SPIN 2 14 0 3 -3.447 4.678 1.113
SPIN 2 14 0 4 3.777 -4.527 -0.489
SPIN 2 14 0 5 -4.519 -3.077 -2.259
SPIN 2 14 0 6 0.789 5.669 -1.497
SPIN 2 14 0 7 5.109 -1.819 -2.364
SPIN 2 14 0 8 -4.859 -0.389 3.353
SPIN 2 14 0 9 -3.941 -3.432 -2.773
SPIN 2 14 0 10 2.338 3.781 3.903
SPIN 2 14 0 11 -3.296 -4.909 0.197
SPIN 2 14 0 12 -4.267 2.986 -2.806
SPIN 2 14 0 13 -0.618 -0.537 -5.859
SPIN 2 14 0 14 -3.840 4.461 -0.597
SPIN 2 14 0 15 -2.919 -5.141 0.216
SPIN 3 14 1 0 -1.240 -1.486 5.591
SPIN 3 14 1 1 -5.625 -0.555 -1.748
SPIN 3 14 1 2 1.901 -5.581 0.484
SPIN 3 14 1 3 -5.186 2.096 -1.927
SPIN 3 14 1 4 0.408 5.902 -0.039
SPIN 3 14 1 5 4.917 -3.262 0.430
SPIN 3 14 1 6 -5.556 1.373 1.499
SPIN 3 14 1 7 -2.002 4.404 3.405
SPIN 3 14 1 8 -3.586 4.018 -2.449
SPIN 3 14 1 9 3.960 -3.926 1.975
SPIN 3 14 1 10 2.919 -4.096 -3.115
SPIN 3 14 1 11 -5.576 0.612 -1.881
SPIN 3 14 1 12 -3.488 -3.274 -3.481
SPIN 3 14 1 13 5.647 -0.385 1.722
SPIN 3 14 1 14 -0.874 0.316 5.843
SPIN 3 14 1 15 5.106 -2.859 -0.868
SPIN 2 14 1 0 -1.044 -4.706 -3.430
SPIN 2 14 1 1 -5.382 -1.401 2.017
SPIN 2 14 1 2 -3.125 -3.519 -3.585
SPIN 2 14 1 3 1.452 -3.030 -4.869
SPIN 2 14 1 4 -1.561 -3.797 4.259
SPIN 2 14 1 5 -0.001 -5.896 0.489
SPIN 2 14 1 6 -5.373 -1.654 1.843
SPIN 2 14 1 7 -2.326 3.663 -4.021
SPIN 2 14 1 8 -3.211 -1.077 -4.851
SPIN 2 14 1 9 -2.142 -2.542 4.894
SPIN 2 14 1 10 3.015 -0.866 -5.016
SPIN 2 14 1 11 2.207 5.249 1.606
SPIN 2 14 1 12 5.574 -1.381 1.424
SPIN 2 14 1 13 -2.330 -1.815 5.126
SPIN 2 14 1 14 -1.332 -5.750 -0.401
SPIN 2 14 1 15 -2.843 -5.080 -1.052
SPIN 3 14 2 0 3.665 4.589 0.712
SPIN 3 14 2 1 3.103 -5.005 -0.567
SPIN 3 14 2 2 -3.840 -3.935 -2.184
SPIN 3 14 2 3 -0.247 1.395 -5.744
SPIN 3 14 2 4 1.405 0.946 -5.669
SPIN 3 14 2 5 2.166 1.190 5.375
SPIN 3 14 2 6 0.638 5.765 -1.165
SPIN 3 14 2 7 0.154 -4.772 3.493
SPIN 3 14 2 8 -4.438 3.355 2.012
SPIN 3 14 2 9 -1.500 -3.990 -4.102
SPIN 3 14 2 10 -3.174 -4.973 0.439
SPIN 3 14 2 11 4.305 3.913 1.073
SPIN 3 14 2 12 -5.093 2.010 -2.240
SPIN 3 14 2 13 0.992 5.586 1.676
SPIN 3 14 2 14 -0.493 3.157 -4.979
SPIN 3 14 2 15 -5.641 1.754 -0.326
SPIN 2 14 2 0 0.089 1.962 5.581
SPIN 2 14 2 1 3.735 -0.652 4.542
SPIN 2 14 2 2 -1.309 3.658 4.461
SPIN 2 14 2 3 0.038 4.518 -3.820
SPIN 2 14 2 4 -4.134 1.639 -3.902
SPIN 2 14 2 5 -3.055 3.589 3.576
SPIN 2 14 2 6 -4.115 -2.994 3.017
SPIN 2 14 2 7 0.783 -1.073 5.765
SPIN 2 14 2 8 3.807 3.504 -2.868
SPIN 2 14 2 9 -4.709 0.629 3.526
SPIN 2 14 2 10 2.476 -5.238 -1.195
SPIN 2 14 2 11 5.580 0.585 1.876
SPIN 2 14 2 12 -4.595 -3.648 -0.764
SPIN 2 14 2 13 -0.967 -0.599 -5.806
SPIN 2 14 2 14 -3.495 -2.880 3.807
SPIN 2 14 2 15 3.450 4.739 0.799
SPIN 3 14 3 0 3.340 2.188 -4.365
SPIN 3 14 3 1 -4.321 -3.955 0.831
SPIN 3 14 3 2 2.221 4.207 3.517
SPIN 3 14 3 3 5.011 3.093 -0.565
SPIN 3 14 3 4 4.158 -1.759 -3.823
SPIN 3 14 3 5 -5.190 -1.462 -2.434
SPIN 3 14 3 6 0.810 5.840 -0.493
SPIN 3 14 3 7 -2.261 -1.526 -5.250
SPIN 3 14 3 8 3.334 -1.143 -4.752
SPIN 3 14 3 9 1.113 5.594 1.572
SPIN 3 14 3 10 -4.413 -3.937 0.175
SPIN 3 14 3 11 -2.564 -5.330 0.115
SPIN 3 14 3 12 2.817 0.085 -5.202
SPIN 3 14 3 13 2.478 -1.436 -5.176
SPIN 3 14 3 14 -1.048 -5.113 2.785
SPIN 3 14 3 15 -2.827 5.100 0.999
SPIN 2 14 3 0 -1.838 -3.470 4.425
SPIN 2 14 3 1 0.785 1.457 5.680
SPIN 2 14 3 2 3.418 -4.751 -0.864
SPIN 2 14 3 3 -2.470 4.919 2.168
SPIN 2 14 3 4 3.745 -1.309 -4.388
SPIN 2 14 3 5 -5.837 -0.299 0.919
SPIN 2 14 3 6 3.427 -3.121 -3.676
SPIN 2 14 3 7 -1.470 -3.118 4.808
SPIN 2 14 3 8 -2.156 -4.369 3.357
SPIN 2 14 3 9 0.544 4.910 -3.255
SPIN 2 14 3 10 -5.657 -1.227 -1.223
SPIN 2 14 3 11 4.853 -1.518 3.024
SPIN 2 14 3 12 0.277 -2.974 -5.107
SPIN 2 14 3 13 2.687 5.042 1.536
SPIN 2 14 3 14 -2.768 4.680 -2.331
SPIN 2 14 3 15 0.614 -2.714 -5.221
SPIN 3 14 4 0 -3.123 -1.132 4.895
SPIN 3 14 4 1 -2.995 -0.781 -5.042
SPIN 3 14 4 2 -3.407 2.329 -4.239
SPIN 3 14 4 3 2.513 0.812 -5.294
SPIN 3 14 4 4 2.662 -0.764 5.228
SPIN 3 14 4 5 2.000 -1.206 -5.436
SPIN 3 14 4 6 2.266 -5.341 1.154
SPIN 3 14 4 7 -4.817 2.698 -2.125
SPIN 3 14 4 8 -2.219 -4.235 -3.485
SPIN 3 14 4 9 2.462 -5.304 -0.898
SPIN 3 14 4 10 -1.104 5.722 1.017
SPIN 3 14 4 11 4.299 -3.567 1.948
SPIN 3 14 4 12 2.548 -2.298 4.820
SPIN 3 14 4 13 2.797 -4.612 -2.430
SPIN 3 14 4 14 -5.138 -2.764 0.981
SPIN 3 14 4 15 -4.380 3.763 1.285
SPIN 2 14 4 0 2.656 5.280 0.246
SPIN 2 14 4 1 -3.353 2.671 -4.077
SPIN 2 14 4 2 -1.276 5.494 1.785
SPIN 2 14 4 3 -3.537 -3.386 -3.320
SPIN 2 14 4 4 -3.651 0.284 -4.647
SPIN 2 14 4 5 2.403 5.072 1.870
SPIN 2 14 4 6 -5.633 1.663 -0.712
SPIN 2 14 4 7 -0.402 3.432 -4.802
SPIN 2 14 4 8 5.274 2.402 1.188
SPIN 2 14 4 9 -4.350 -2.354 3.246
SPIN 2 14 4 10 3.730 3.124 3.366
SPIN 2 14 4 11 1.337 -0.572 -5.735
SPIN 2 14 4 12 -3.967 -3.342 -2.845
SPIN 2 14 4 13 1.116 -1.781 -5.530
SPIN 2 14 4 14 -4.056 -3.207 2.875
SPIN 2 14 4 15 2.016 -4.600 3.126
SPIN 3 14 5 0 -0.526 1.984 -5.549
SPIN 3 14 5 1 -1.085 5.560 1.705
SPIN 3 14 5 2 -0.690 -5.872 -0.218
SPIN 3 14 5 3 4.040 -0.288 4.312
SPIN 3 14 5 4 -3.477 -4.102 2.467
SPIN 3 14 5 5 4.508 0.267 3.822
SPIN 3 14 5 6 0.796 -2.926 -5.080
SPIN 3 14 5 7 -3.316 -4.604 -1.675
SPIN 3 14 5 8 3.597 -3.682 2.917
SPIN 3 14 5 9 -3.675 -4.416 -1.413
SPIN 3 14 5 10 2.394 1.692 5.139
SPIN 3 14 5 11 -2.674 2.164 4.813
SPIN 3 14 5 12 -0.380 4.834 -3.389
SPIN 3 14 5 13 -1.797 -5.614 -0.509
SPIN 3 14 5 14 -0.499 5.313 2.555
SPIN 3 14 5 15 4.281 -4.057 -0.455
SPIN 2 14 5 0 -2.542 4.361 -3.085
SPIN 2 14 5 1 -3.278 -2.953 3.941
SPIN 2 14 5 2 -1.892 -3.968 -3.959
SPIN 2 14 5 3 -3.795 4.217 1.678
SPIN 2 14 5 4 0.144 4.703 -3.586
SPIN 2 14 5 5 4.289 -4.050 0.443
SPIN 2 14 5 6 -0.660 2.793 5.173
SPIN 2 14 5 7 4.434 -1.882 3.435
SPIN 2 14 5 8 -2.409 -1.913 5.054
SPIN 2 14 5 9 2.860 -4.380 2.763
SPIN 2 14 5 10 -5.278 1.536 2.186
SPIN 2 14 5 11 -5.878 -0.653 0.154
SPIN 2 14 5 12 5.915 -0.069 0.075
SPIN 2 14 5 13 4.010 -1.426 4.109
SPIN 2 14 5 14 -5.353 1.384 2.106
SPIN 2 14 5 15 -1.947 -2.498 4.997
SPIN 3 14 6 0 3.414 0.985 -4.731
SPIN 3 14 6 1 -3.169 -2.793 4.142
SPIN 3 14 6 2 5.759 -0.767 -1.114
SPIN 3 14 6 3 -3.810 -4.431 0.920
SPIN 3 14 6 4 1.270 4.349 3.805
SPIN 3 14 6 5 -3.149 -4.429 -2.340
SPIN 3 14 6 6 -3.307 2.781 4.041
SPIN 3 14 6 7 5.638 1.622 -0.761
SPIN 3 14 6 8 -3.302 -2.393 -4.286
SPIN 3 14 6 9 -1.252 -4.269 -3.900
SPIN 3 14 6 10 2.568 -2.072 -4.910
SPIN 3 14 6 11 -2.679 -1.298 5.112
SPIN 3 14 6 12 -5.251 -1.582 -2.219
SPIN 3 14 6 13 3.667 -1.904 4.234
SPIN 3 14 6 14 2.905 -0.587 -5.120
SPIN 3 14 6 15 5.285 0.142 2.656
SPIN 2 14 6 0 5.189 0.594 -2.778
SPIN 2 14 6 1 -4.553 -1.515 3.461
SPIN 2 14 6 2 -0.122 5.416 -2.376
SPIN 2 14 6 3 2.935 -4.644 -2.195
SPIN 2 14 6 4 -1.136 -0.469 5.787
SPIN 2 14 6 5 0.165 4.632 -3.677
SPIN 2 14 6 6 2.028 -2.958 4.705
SPIN 2 14 6 7 -4.957 0.401 3.205
SPIN 2 14 6 8 5.250 -1.403 2.338
SPIN 2 14 6 9 0.687 4.002 -4.303
SPIN 2 14 6 10 0.860 3.247 -4.870
SPIN 2 14 6 11 -2.750 -5.234 0.209
SPIN 2 14 6 12 -3.091 -4.920 -1.116
SPIN 2 14 6 13 -1.681 0.155 -5.670
SPIN 2 14 6 14 -1.902 -4.613 3.178
SPIN 2 14 6 15 -3.871 1.819 -4.087
SPIN 3 14 7 0 2.461 -1.155 5.254
SPIN 3 14 7 1 -3.385 -0.253 4.846
SPIN 3 14 7 2 3.160 -0.495 -4.977
SPIN 3 14 7 3 0.141 5.593 1.923
SPIN 3 14 7 4 -2.343 0.260 -5.426
SPIN 3 14 7 5 4.072 3.250 -2.802
SPIN 3 14 7 6 -1.792 5.485 1.306
SPIN 3 14 7 7 -1.270 -3.399 -4.672
SPIN 3 14 7 8 3.720 3.254 3.252
SPIN 3 14 7 9 -3.715 -4.595 0.290
SPIN 3 14 7 10 5.510 0.125 2.150
SPIN 3 14 7 11 -2.938 -2.691 -4.374
SPIN 3 14 7 12 -3.480 1.654 4.489
SPIN 3 14 7 13 -2.316 4.950 -2.266
SPIN 3 14 7 14 4.791 -3.457 0.312
SPIN 3 14 7 15 -4.090 -4.273 0.103
SPIN 2 14 7 0 -0.138 -1.255 -5.780
SPIN 2 14 7 1 -0.420 0.413 5.887
SPIN 2 14 7 2 -4.226 3.991 -1.102
SPIN 2 14 7 3 -3.278 1.206 4.775
SPIN 2 14 7 4 4.988 1.524 2.792
SPIN 2 14 7 5 -5.271 2.169 1.585
SPIN 2 14 7 6 4.188 -3.259 -2.616
SPIN 2 14 7 7 -1.847 5.584 -0.636
SPIN 2 14 7 8 -1.368 5.682 0.919
SPIN 2 14 7 9 -1.245 -5.453 1.928
SPIN 2 14 7 10 -1.976 -1.668 5.321
SPIN 2 14 7 11 4.307 3.854 -1.263
SPIN 2 14 7 12 -1.407 0.654 -5.709
SPIN 2 14 7 13 2.717 2.744 -4.482
SPIN 2 14 7 14 -0.874 4.730 3.444
SPIN 2 14 7 15 3.069 2.932 4.122
SPIN 3 14 8 0 -3.367 4.863 -0.107
SPIN 3 14 8 1 4.240 -2.313 -3.417
SPIN 3 14 8 2 4.264 -4.059 0.584
SPIN 3 14 8 3 -3.475 4.758 -0.532
SPIN 3 14 8 4 -1.256 -5.250 2.421
SPIN 3 14 8 5 3.805 1.670 -4.211
SPIN 3 14 8 6 -3.722 -4.413 1.295
SPIN 3 14 8 7 -0.563 5.071 2.994
SPIN 3 14 8 8 1.592 -2.471 -5.134
SPIN 3 14 8 9 1.877 4.002 -3.932
SPIN 3 14 8 10 -2.952 -1.015 -5.026
SPIN 3 14 8 11 -4.163 -2.198 3.583
SPIN 3 14 8 12 1.408 4.677 3.338
SPIN 3 14 8 13 -4.252 -3.924 1.235
SPIN 3 14 8 14 1.759 -5.452 -1.476
SPIN 3 14 8 15 1.194 -5.751 -0.706
SPIN 2 14 8 0 1.115 -1.172 5.691
SPIN 2 14 8 1 2.784 4.705 -2.261
SPIN 2 14 8 2 -4.963 0.219 3.213
SPIN 2 14 8 3 5.171 -2.823 -0.540
SPIN 2 14 8 4 -5.147 -1.014 -2.736
SPIN 2 14 8 5 0.758 -5.867 -0.014
SPIN 2 14 8 6 -5.446 1.829 -1.411
SPIN 2 14 8 7 2.004 1.764 5.280
SPIN 2 14 8 8 0.698 -3.812 -4.470
SPIN 2 14 8 9 -1.925 3.157 4.618
SPIN 2 14 8 10 3.894 4.312 -1.115
SPIN 2 14 8 11 -5.420 1.339 1.958
SPIN 2 14 8 12 4.358 -1.568 -3.682
SPIN 2 14 8 13 3.250 -2.160 4.447
SPIN 2 14 8 14 -0.321 -4.576 -3.736
SPIN 2 14 8 15 0.883 0.946 5.773
SPIN 3 14 9 0 -5.551 1.729 -1.097
SPIN 3 14 9 1 -2.776 -2.902 -4.344
SPIN 3 14 9 2 0.701 -0.284 -5.868
SPIN 3 14 9 3 -3.503 -2.414 4.111
SPIN 3 14 9 4 4.427 3.924 0.085
SPIN 3 14 9 5 -0.958 2.606 -5.224
SPIN 3 14 9 6 0.178 5.818 1.059
SPIN 3 14 9 7 -1.644 -5.001 2.699
SPIN 3 14 9 8 2.964 -5.072 -0.695
SPIN 3 14 9 9 -4.720 -0.194 -3.562
SPIN 3 14 9 10 5.639 0.890 -1.553
SPIN 3 14 9 11 5.755 -1.082 -0.843
SPIN 3 14 9 12 -3.232 -1.700 4.654
SPIN 3 14 9 13 4.979 0.782 -3.098
SPIN 3 14 9 14 -0.560 5.718 1.412
SPIN 3 14 9 15 3.424 4.816 0.297
SPIN 2 14 9 0 0.807 4.687 -3.519
SPIN 2 14 9 1 1.839 -5.597 0.540
SPIN 2 14 9 2 -1.866 -4.998 -2.556
SPIN 2 14 9 3 -2.454 5.330 0.755
SPIN 2 14 9 4 3.697 2.707 3.742
SPIN 2 14 9 5 -1.105 -3.225 -4.835
SPIN 2 14 9 6 4.497 0.905 -3.737
SPIN 2 14 9 7 -2.946 -3.980 -3.238
SPIN 2 14 9 8 -5.298 1.097 -2.393
SPIN 2 14 9 9 -3.680 -4.596 0.581
SPIN 2 14 9 10 2.323 -4.005 3.683
SPIN 2 14 9 11 -0.414 -4.982 3.164
SPIN 2 14 9 12 -3.084 1.356 -4.863
SPIN 2 14 9 13 4.463 -2.905 2.577
SPIN 2 14 9 14 0.204 5.282 2.657
SPIN 2 14 9 15 -0.624 -5.572 -1.886
SPIN 3 14 10 0 0.939 5.414 2.193
SPIN 3 14 10 1 -2.849 5.059 -1.135
SPIN 3 14 10 2 -0.890 4.252 -4.016
SPIN 3 14 10 3 4.475 -3.169 -2.220
SPIN 3 14 10 4 -4.520 -3.798 -0.371
SPIN 3 14 10 5 -5.564 1.940 0.530
SPIN 3 14 10 6 4.085 -1.289 -4.080
SPIN 3 14 10 7 -2.649 -1.763 4.987
SPIN 3 14 10 8 0.198 5.726 -1.475
SPIN 3 14 10 9 -2.713 -3.304 4.090
SPIN 3 14 10 10 -3.103 -1.447 -4.825
SPIN 3 14 10 11 1.983 -0.919 5.498
SPIN 3 14 10 12 -4.138 -2.871 -3.103
SPIN 3 14 10 13 -4.766 -3.487 0.356
SPIN 3 14 10 14 -0.875 -1.155 5.736
SPIN 3 14 10 15 2.417 -0.422 -5.383
SPIN 2 14 10 0 5.297 -2.477 -0.899
SPIN 2 14 10 1 -5.307 1.184 -2.331
SPIN 2 14 10 2 -3.568 0.266 -4.712
SPIN 2 14 10 3 2.878 -5.168 -0.076
SPIN 2 14 10 4 -3.744 3.961 -2.301
SPIN 2 14 10 5 4.552 0.561 -3.737
SPIN 2 14 10 6 4.528 -1.763 3.375
SPIN 2 14 10 7 -2.980 2.604 -4.397
SPIN 2 14 10 8 4.806 -0.030 3.450
SPIN 2 14 10 9 -3.697 -4.064 -2.195
SPIN 2 14 10 10 -1.865 5.501 1.125
SPIN 2 14 10 11 1.096 0.789 5.760
SPIN 2 14 10 12 5.788 -1.101 0.537
SPIN 2 14 10 13 -5.038 -2.455 1.896
SPIN 2 14 10 14 5.796 -0.055 1.186
SPIN 2 14 10 15 -1.594 4.069 3.988
SPIN 3 14 11 0 -4.259 1.038 3.973
SPIN 3 14 11 1 0.992 -5.827 -0.246
SPIN 3 14 11 2 4.032 4.281 0.639
SPIN 3 14 11 3 3.871 4.313 1.191
SPIN 3 14 11 4 -1.875 -4.692 3.077
SPIN 3 14 11 5 -3.554 2.342 -4.109
SPIN 3 14 11 6 -1.751 0.017 5.651
SPIN 3 14 11 7 5.889 0.256 0.508
SPIN 3 14 11 8 -3.669 -3.156 -3.403
SPIN 3 14 11 9 -1.763 3.551 -4.391
SPIN 3 14 11 10 0.424 5.788 1.150
SPIN 3 14 11 11 -0.465 2.064 5.525
SPIN 3 14 11 12 3.514 -3.154 -3.564
SPIN 3 14 11 13 4.332 3.976 0.650
SPIN 3 14 11 14 -0.540 -5.605 1.815
SPIN 3 14 11 15 -1.640 2.269 -5.212
SPIN 2 14 11 0 1.561 -3.824 -4.236
SPIN 2 14 11 1 -0.038 -0.484 5.896
SPIN 2 14 11 2 -0.850 -2.299 5.384
SPIN 2 14 11 3 -3.257 4.890 -0.693
SPIN 2 14 11 4 -5.070 -0.730 2.960
SPIN 2 14 11 5 1.748 -3.712 4.262
SPIN 2 14 11 6 -0.825 0.782 -5.806
SPIN 2 14 11 7 2.222 1.165 5.358
SPIN 2 14 11 8 -2.219 2.010 -5.103
SPIN 2 14 11 9 -4.948 1.865 2.653
SPIN 2 14 11 10 4.017 -0.996 4.228
SPIN 2 14 11 11 0.633 0.428 5.867
SPIN 2 14 11 12 -3.064 -1.350 -4.877
SPIN 2 14 11 13 -1.704 -1.162 5.545
SPIN 2 14 11 14 4.919 2.666 -1.924
SPIN 2 14 11 15 -3.281 -1.038 -4.812
SPIN 3 14 12 0 -4.023 -3.392 -2.704
SPIN 3 14 12 1 -0.748 5.868 0.095
SPIN 3 14 12 2 -0.641 -0.273 -5.875
SPIN 3 14 12 3 -1.112 1.372 5.646
SPIN 3 14 12 4 -2.584 4.574 -2.720
SPIN 3 14 12 5 2.258 -5.246 -1.544
SPIN 3 14 12 6 -3.367 2.582 -4.122
SPIN 3 14 12 7 -0.391 -0.286 -5.896
SPIN 3 14 12 8 2.235 3.634 4.098
SPIN 3 14 12 9 -2.813 3.478 3.872
SPIN 3 14 12 10 4.381 3.322 -2.184
SPIN 3 14 12 11 -3.030 4.949 -1.152
SPIN 3 14 12 12 -4.414 -1.427 -3.672
SPIN 3 14 12 13 -2.539 -3.362 4.154
SPIN 3 14 12 14 -5.073 0.349 -3.023
SPIN 3 14 12 15 0.773 3.937 4.348
SPIN 2 14 12 0 2.231 5.479 -0.068
SPIN 2 14 12 1 -5.336 0.400 2.523
SPIN 2 14 12 2 0.554 2.646 -5.262
SPIN 2 14 12 3 -2.803 3.012 -4.251
SPIN 2 14 12 4 4.620 1.505 3.375
SPIN 2 14 12 5 -4.094 4.251 -0.408
SPIN 2 14 12 6 -1.638 -5.619 -0.864
SPIN 2 14 12 7 1.497 -2.980 -4.886
SPIN 2 14 12 8 5.303 -2.243 -1.360
SPIN 2 14 12 9 3.675 4.341 1.628
SPIN 2 14 12 10 -1.073 -1.995 -5.465
SPIN 2 14 12 11 -4.101 -3.771 1.991
SPIN 2 14 12 12 -1.709 -4.995 2.670
SPIN 2 14 12 13 -4.740 -2.232 2.748
SPIN 2 14 12 14 5.906 0.062 -0.331
SPIN 2 14 12 15 -0.157 -1.353 5.757
SPIN 3 14 13 0 -1.199 3.639 -4.508
SPIN 3 14 13 1 3.864 1.652 4.164
SPIN 3 14 13 2 -3.981 2.371 3.679
SPIN 3 14 13 3 1.316 5.643 1.195
SPIN 3 14 13 4 -1.953 -5.559 -0.538
SPIN 3 14 13 5 -1.238 1.656 5.543
SPIN 3 14 13 6 -3.933 -2.230 3.815
SPIN 3 14 13 7 0.139 -5.754 1.367
SPIN 3 14 13 8 -2.991 -2.863 -4.226
SPIN 3 14 13 9 3.873 1.785 -4.100
SPIN 3 14 13 10 -0.422 -5.898 -0.178
SPIN 3 14 13 11 -1.145 5.115 -2.743
SPIN 3 14 13 12 -2.210 2.062 5.086
SPIN 3 14 13 13 4.630 -2.285 -2.888
SPIN 3 14 13 14 -0.657 -1.948 -5.547
SPIN 3 14 13 15 -1.678 2.680 5.000
SPIN 2 14 13 0 5.264 -1.516 -2.235
SPIN 2 14 13 1 4.743 -2.367 -2.627
SPIN 2 14 13 2 0.388 4.440 3.890
SPIN 2 14 13 3 -3.004 2.847 -4.227
SPIN 2 14 13 4 4.658 -2.206 -2.905
SPIN 2 14 13 5 -1.118 -3.774 -4.417
SPIN 2 14 13 6 0.010 3.744 4.580
SPIN 2 14 13 7 1.402 3.072 4.858
SPIN 2 14 13 8 0.376 -5.118 -2.943
SPIN 2 14 13 9 0.236 3.073 5.050
SPIN 2 14 13 10 1.353 3.043 4.890
SPIN 2 14 13 11 1.546 -5.690 -0.487
SPIN 2 14 13 12 4.947 2.936 1.383
SPIN 2 14 13 13 0.489 -3.411 -4.809
SPIN 2 14 13 14 -1.284 -2.105 5.378
SPIN 2 14 13 15 4.034 -0.794 -4.254
SPIN 3 14 14 0 4.363 -2.991 2.649
SPIN 3 14 14 1 0.062 3.659 -4.649
SPIN 3 14 14 2 5.562 -1.370 -1.479
SPIN 3 14 14 3 2.150 1.569 5.284
SPIN 3 14 14 4 -1.365 -5.731 0.540
SPIN 3 14 14 5 3.517 -3.766 -2.906
SPIN 3 14 14 6 2.935 -3.703 3.560
SPIN 3 14 14 7 -0.316 5.578 1.945
SPIN 3 14 14 8 -1.575 -0.251 -5.697
SPIN 3 14 14 9 -0.570 3.562 4.689
SPIN 3 14 14 10 -2.446 -5.245 -1.226
SPIN 3 14 14 11 5.227 1.193 2.502
SPIN 3 14 14 12 4.624 -3.316 1.618
SPIN 3 14 14 13 -3.280 4.804 -1.077
SPIN 3 14 14 14 1.511 5.236 2.302
SPIN 3 14 14 15 1.461 4.578 3.451
SPIN 2 14 14 0 -4.744 1.305 -3.284
SPIN 2 14 14 1 0.029 4.918 3.288
SPIN 2 14 14 2 -3.904 -3.995 -1.948
SPIN 2 14 14 3 -4.764 0.515 3.470
SPIN 2 14 14 4 -2.822 -4.156 3.124
SPIN 2 14 14 5 3.487 4.090 2.473
SPIN 2 14 14 6 3.860 1.273 -4.299
SPIN 2 14 14 7 -3.559 0.027 -4.726
SPIN 2 14 14 8 -0.466 3.942 4.387
SPIN 2 14 14 9 1.165 -5.415 -2.079
SPIN 2 14 14 10 -2.687 -4.578 -2.612
SPIN 2 14 14 11 -0.546 1.913 5.571
SPIN 2 14 14 12 -2.795 2.106 4.770
SPIN 2 14 14 13 4.659 -2.682 -2.469
SPIN 2 14 14 14 -3.214 4.782 1.342
SPIN 2 14 14 15 0.544 2.376 5.391
SPIN 3 14 15 0 3.277 4.635 1.667
SPIN 3 14 15 1 -1.370 -3.380 4.658
SPIN 3 14 15 2 5.155 -0.656 -2.828
SPIN 3 14 15 3 1.684 -4.572 -3.356
SPIN 3 14 15 4 -1.540 5.673 -0.667
SPIN 3 14 15 5 0.830 -5.525 1.946
SPIN 3 14 15 6 -0.834 5.551 -1.869
SPIN 3 14 15 7 -5.646 -1.766 0.080
SPIN 3 14 15 8 5.334 -2.264 -1.192
SPIN 3 14 15 9 -5.699 -1.255 -0.973
SPIN 3 14 15 10 3.230 4.927 0.537
SPIN 3 14 15 11 2.887 -4.977 -1.378
SPIN 3 14 15 12 1.021 4.052 -4.188
SPIN 3 14 15 13 -0.159 -0.422 5.899
SPIN 3 14 15 14 -0.677 -5.119 2.888
SPIN 3 14 15 15 4.752 -2.740 -2.217
SPIN 2 14 15 0 2.978 -3.078 -4.082
SPIN 2 14 15 1 -5.577 -1.370 1.421
SPIN 2 14 15 2 -2.000 0.608 -5.535
SPIN 2 14 15 3 -0.830 4.058 4.225
SPIN 2 14 15 4 -5.650 -0.122 -1.751
SPIN 2 14 15 5 3.691 4.253 1.814
SPIN 2 14 15 6 2.432 -5.138 1.640
SPIN 2 14 15 7 2.698 -5.091 1.343
SPIN 2 14 15 8 -4.792 2.964 -1.804
SPIN 2 14 15 9 -0.411 3.704 4.595
SPIN 2 14 15 10 4.704 2.987 -1.988
SPIN 2 14 15 11 -3.725 0.294 4.587
SPIN 2 14 15 12 -2.550 0.600 5.304
SPIN 2 14 15 13 -4.449 -3.759 -1.038
SPIN 2 14 15 14 -0.383 -5.857 0.739
SPIN 2 14 15 15 4.153 -4.079 -1.055
SPIN 1 15 0 0 4.982 3.059 0.907
SPIN 1 15 0 1 1.454 0.129 -5.733
SPIN 1 15 0 2 1.511 -0.146 5.718
SPIN 1 15 0 3 1.228 -0.881 5.720
SPIN 1 15 0 4 3.339 -4.883 0.071
SPIN 1 15 0 5 -3.431 -2.918 -3.835
SPIN 1 15 0 6 5.092 2.944 -0.636
SPIN 1 15 0 7 -0.400 5.437 2.299
SPIN 1 15 0 8 -0.142 5.187 2.842
SPIN 1 15 0 9 0.295 -3.796 4.528
SPIN 1 15 0 10 0.096 0.378 5.903
SPIN 1 15 0 11 2.174 -1.218 5.366
SPIN 1 15 0 12 0.727 -4.411 -3.875
SPIN 1 15 0 13 -1.476 2.949 4.912
SPIN 1 15 0 14 -4.246 -3.761 1.681
SPIN 1 15 0 15 2.836 2.894 4.311
SPIN 4 15 0 0 -2.550 0.059 -5.338
SPIN 4 15 0 1 1.484 -2.014 5.361
SPIN 4 15 0 2 3.229 -0.965 -4.862
SPIN 4 15 0 3 -1.306 -5.748 -0.505
SPIN 4 15 0 4 3.178 4.591 -1.955
SPIN 4 15 0 5 -0.026 -5.019 -3.131
SPIN 4 15 0 6 4.222 -3.698 1.871
SPIN 4 15 0 7 -2.198 -2.508 -4.886
SPIN 4 15 0 8 -0.875 1.691 -5.601
SPIN 4 15 0 9 -3.445 -3.238 3.557
SPIN 4 15 0 10 -1.054 -0.350 -5.811
SPIN 4 15 0 11 1.178 -3.472 4.643
SPIN 4 15 0 12 -5.546 1.763 -1.066
SPIN 4 15 0 13 0.961 -4.990 3.029
SPIN 4 15 0 14 1.786 4.684 -3.141
SPIN 4 15 0 15 -3.707 -0.046 4.610
SPIN 1 15 1 0 2.442 5.306 0.941
SPIN 1 15 1 1 2.089 3.843 3.984
SPIN 1 15 1 2 1.981 2.614 -4.923
SPIN 1 15 1 3 1.850 4.403 3.491
SPIN 1 15 1 4 -4.811 -2.659 -2.188
SPIN 1 15 1 5 3.256 -4.515 -2.003
SPIN 1 15 1 6 -1.741 3.340 4.562
SPIN 1 15 1 7 0.463 0.634 -5.864
SPIN 1 15 1 8 2.888 -1.530 4.931
SPIN 1 15 1 9 -2.546 4.981 1.926
SPIN 1 15 1 10 4.551 -0.018 -3.780
SPIN 1 15 1 11 3.574 -2.878 -3.734
SPIN 1 15 1 12 2.437 3.667 3.951
SPIN 1 15 1 13 -4.952 -1.913 -2.611
SPIN 1 15 1 14 5.494 0.303 -2.174
SPIN 1 15 1 15 -4.129 -3.799 -1.876
SPIN 4 15 1 0 4.642 -1.391 3.393
SPIN 4 15 1 1 -4.380 -3.678 1.513
SPIN 4 15 1 2 -2.876 5.151 -0.447
SPIN 4 15 1 3 4.977 2.969 -1.190
SPIN 4 15 1 4 -4.476 2.170 3.203
SPIN 4 15 1 5 -4.152 3.452 -2.417
SPIN 4 15 1 6 -1.754 -3.248 -4.623
SPIN 4 15 1 7 3.741 3.638 2.787
SPIN 4 15 1 8 0.682 3.274 4.880
SPIN 4 15 1 9 -3.987 -4.220 1.140
SPIN 4 15 1 10 -3.987 2.033 3.870
SPIN 4 15 1 11 -1.350 -4.195 -3.947
SPIN 4 15 1 12 3.455 -4.098 2.504
SPIN 4 15 1 13 -2.916 5.140 -0.269
SPIN 4 15 1 14 -3.398 2.818 3.939
SPIN 4 15 1 15 -3.492 -2.932 -3.770
SPIN 1 15 2 0 5.826 1.002 -0.238
SPIN 1 15 2 1 -2.220 -2.603 -4.827
SPIN 1 15 2 2 5.575 -1.391 1.408
SPIN 1 15 2 3 -3.178 -4.801 -1.358
SPIN 1 15 2 4 0.639 3.169 -4.955
SPIN 1 15 2 5 -3.561 3.862 -2.721
SPIN 1 15 2 6 4.354 0.962 3.888
SPIN 1 15 2 7 -1.755 -4.092 -3.895
SPIN 1 15 2 8 -3.326 0.531 4.864
SPIN 1 15 2 9 1.920 -1.074 -5.492
SPIN 1 15 2 10 2.437 5.235 1.287
SPIN 1 15 2 11 5.897 -0.335 -0.340
SPIN 1 15 2 12 -2.548 5.168 1.342
SPIN 1 15 2 13 2.051 1.532 5.334
SPIN 1 15 2 14 1.332 -4.255 -3.888
SPIN 1 15 2 15 -0.895 -5.366 2.326
SPIN 4 15 2 0 -2.128 4.132 -3.660
SPIN 4 15 2 1 -1.115 4.467 3.715
SPIN 4 15 2 2 -5.465 -2.118 0.804
SPIN 4 15 2 3 4.494 0.498 3.816
SPIN 4 15 2 4 -1.431 -3.732 -4.362
SPIN 4 15 2 5 0.586 -5.352 2.452
SPIN 4 15 2 6 3.120 2.158 4.540
SPIN 4 15 2 7 -4.696 -0.655 -3.538
SPIN 4 15 2 8 1.254 -4.285 -3.882
SPIN 4 15 2 9 -5.788 1.205 -0.227
SPIN 4 15 2 10 1.740 2.089 -5.254
SPIN 4 15 2 11 -4.726 3.555 -0.166
SPIN 4 15 2 12 0.455 -1.770 5.627
SPIN 4 15 2 13 -3.604 4.592 0.965
SPIN 4 15 2 14 -1.128 -2.527 -5.229
SPIN 4 15 2 15 -4.610 -0.477 -3.678
SPIN 1 15 3 0 -0.750 3.849 4.430
SPIN 1 15 3 1 1.768 0.150 -5.644
SPIN 1 15 3 2 -3.108 4.045 -2.997
SPIN 1 15 3 3 2.774 0.234 -5.220
SPIN 1 15 3 4 -4.536 -3.569 1.302
SPIN 1 15 3 5 4.485 3.834 0.426
SPIN 1 15 3 6 0.318 -5.691 -1.584
SPIN 1 15 3 7 0.244 1.507 -5.716
SPIN 1 15 3 8 1.376 5.577 1.414
SPIN 1 15 3 9 -2.797 -5.210 -0.171
SPIN 1 15 3 10 5.853 -0.002 0.861
SPIN 1 15 3 11 -2.050 0.105 5.549
SPIN 1 15 3 12 -1.688 -5.572 -1.050
SPIN 1 15 3 13 -4.895 3.072 1.266
SPIN 1 15 3 14 -1.243 -1.099 5.679
SPIN 1 15 3 15 -0.338 1.670 -5.665
SPIN 4 15 3 0 -3.554 -1.665 4.427
SPIN 4 15 3 1 5.542 0.853 1.887
SPIN 4 15 3 2 5.568 0.699 -1.873
SPIN 4 15 3 3 -2.441 0.105 -5.388
SPIN 4 15 3 4 1.760 3.310 -4.577
SPIN 4 15 3 5 -0.881 3.218 4.885
SPIN 4 15 3 6 -3.948 -4.406 -0.066
SPIN 4 15 3 7 4.251 2.922 -2.897
SPIN 4 15 3 8 0.332 -4.332 -4.016
SPIN 4 15 3 9 2.177 -2.376 4.962
SPIN 4 15 3 10 1.259 -2.613 -5.156
SPIN 4 15 3 11 5.791 1.210 0.064
SPIN 4 15 3 12 1.826 4.665 3.147
SPIN 4 15 3 13 -2.619 -5.292 -0.361
SPIN 4 15 3 14 4.741 0.662 3.477
SPIN 4 15 3 15 4.588 1.492 -3.424
SPIN 1 15 4 0 1.664 3.508 -4.464
SPIN 1 15 4 1 -0.099 -2.972 5.115
SPIN 1 15 4 2 -5.013 -1.631 -2.686
SPIN 1 15 4 3 1.445 1.659 5.492
SPIN 1 15 4 4 5.632 0.239 -1.795
SPIN 1 15 4 5 -2.223 -5.253 -1.569
SPIN 1 15 4 6 3.234 4.095 -2.787
SPIN 1 15 4 7 -1.832 0.906 -5.552
SPIN 1 15 4 8 3.225 -4.958 -0.124
SPIN 1 15 4 9 -3.547 3.922 -2.653
SPIN 1 15 4 10 -5.845 -0.415 -0.813
SPIN 1 15 4 11 -4.939 2.844 1.588
SPIN 1 15 4 12 4.164 2.478 -3.395
SPIN 1 15 4 13 -4.396 2.884 2.713
SPIN 1 15 4 14 -0.244 2.511 -5.351
SPIN 1 15 4 15 4.023 4.337 0.091
SPIN 4 15 4 0 2.466 -4.673 -2.661
SPIN 4 15 4 1 3.951 1.318 -4.201
SPIN 4 15 4 2 2.707 -4.646 2.468
SPIN 4 15 4 3 1.579 -4.657 3.289
SPIN 4 15 4 4 -0.583 4.812 3.391
SPIN 4 15 4 5 -3.229 -2.948 -3.985
SPIN 4 15 4 6 -2.143 3.159 4.520
SPIN 4 15 4 7 5.392 -1.917 1.501
SPIN 4 15 4 8 3.654 4.514 1.129
SPIN 4 15 4 9 5.048 -3.049 -0.468
SPIN 4 15 4 10 -3.870 2.342 3.813
SPIN 4 15 4 11 0.317 5.212 -2.782
SPIN 4 15 4 12 -4.232 -4.130 -0.195
SPIN 4 15 4 13 -1.768 5.624 -0.500
SPIN 4 15 4 14 5.106 -2.872 0.825
SPIN 4 15 4 15 -5.882 -0.603 0.208
SPIN 1 15 5 0 1.696 -3.171 -4.698
SPIN 1 15 5 1 -2.716 2.704 4.507
SPIN 1 15 5 2 3.873 -4.405 -0.770
SPIN 1 15 5 3 -3.826 4.399 1.004
SPIN 1 15 5 4 1.580 5.130 -2.488
SPIN 1 15 5 5 5.717 1.300 -0.790
SPIN 1 15 5 6 -4.937 1.899 2.650
SPIN 1 15 5 7 -5.877 -0.221 0.646
SPIN 1 15 5 8 1.493 -1.526 5.517
SPIN 1 15 5 9 2.178 2.944 4.646
SPIN 1 15 5 10 1.224 5.781 0.293
SPIN 1 15 5 11 -0.547 -0.357 -5.880
SPIN 1 15 5 12 -2.884 0.958 5.076
SPIN 1 15 5 13 1.902 -4.615 3.176
SPIN 1 15 5 14 0.689 4.070 -4.238
SPIN 1 15 5 15 0.669 -5.868 0.339
SPIN 4 15 5 0 -5.685 -0.733 1.464
SPIN 4 15 5 1 3.398 -4.059 2.641
SPIN 4 15 5 2 -2.798 -3.983 -3.363
SPIN 4 15 5 3 -5.766 1.312 0.181
SPIN 4 15 5 4 2.134 -5.504 -0.394
SPIN 4 15 5 5 2.941 0.021 -5.133
SPIN 4 15 5 6 -2.886 -3.695 -3.608
SPIN 4 15 5 7 3.847 4.376 -1.023
SPIN 4 15 5 8 -4.950 1.100 -3.047
SPIN 4 15 5 9 5.689 -1.165 -1.128
SPIN 4 15 5 10 -0.921 -1.460 5.659
SPIN 4 15 5 11 0.697 4.123 -4.185
SPIN 4 15 5 12 4.059 4.250 0.679
SPIN 4 15 5 13 3.274 -4.379 2.260
SPIN 4 15 5 14 -1.033 0.587 -5.795
SPIN 4 15 5 15 -3.030 2.117 -4.619
SPIN 1 15 6 0 -2.016 5.217 1.930
SPIN 1 15 6 1 -2.714 -3.998 -3.414
SPIN 1 15 6 2 2.355 3.150 -4.420
SPIN 1 15 6 3 -5.034 3.080 -0.411
SPIN 1 15 6 4 -2.711 -1.997 -4.864
SPIN 1 15 6 5 -3.208 -4.507 2.096
SPIN 1 15 6 6 5.795 0.840 0.845
SPIN 1 15 6 7 1.116 5.251 -2.487
SPIN 1 15 6 8 -0.081 3.216 -4.965
SPIN 1 15 6 9 -0.374 -1.752 5.638
SPIN 1 15 6 10 -3.461 4.795 -0.179
SPIN 1 15 6 11 -3.456 -0.193 4.798
SPIN 1 15 6 12 -3.132 5.002 0.410
SPIN 1 15 6 13 -1.960 5.396 1.429
SPIN 1 15 6 14 4.226 1.868 -3.695
SPIN 1 15 6 15 3.117 2.944 -4.077
SPIN 4 15 6 0 -2.206 -5.160 1.872
SPIN 4 15 6 1 -2.577 4.855 2.189
SPIN 4 15 6 2 -0.619 -5.883 0.086
SPIN 4 15 6 3 1.550 3.475 -4.530
SPIN 4 15 6 4 -0.005 -5.887 0.589
SPIN 4 15 6 5 -4.481 -3.859 0.175
SPIN 4 15 6 6 1.632 5.471 -1.550
SPIN 4 15 6 7 4.928 2.666 1.900
SPIN 4 15 6 8 -0.568 5.820 0.900
SPIN 4 15 6 9 -3.895 4.296 1.172
SPIN 4 15 6 10 2.414 4.863 -2.350
SPIN 4 15 6 11 -0.682 5.813 -0.862
SPIN 4 15 6 12 5.569 -1.894 0.633
SPIN 4 15 6 13 -0.648 5.638 -1.670
SPIN 4 15 6 14 2.395 -3.747 -3.902
SPIN 4 15 6 15 0.501 1.007 5.808
SPIN 1 15 7 0 5.388 2.440 -0.139
SPIN 1 15 7 1 3.247 -2.842 4.047
SPIN 1 15 7 2 2.561 -4.507 -2.851
SPIN 1 15 7 3 -3.352 4.428 -2.040
SPIN 1 15 7 4 -3.390 -3.535 3.318
SPIN 1 15 7 5 1.936 -1.237 -5.452
SPIN 1 15 7 6 -5.913 -0.016 -0.196
SPIN 1 15 7 7 2.512 -2.906 -4.500
SPIN 1 15 7 8 -5.218 2.733 -0.550
SPIN 1 15 7 9 1.753 -2.962 -4.812
SPIN 1 15 7 10 -2.852 -4.049 3.236
SPIN 1 15 7 11 0.148 2.835 -5.190
SPIN 1 15 7 12 0.496 -4.775 3.457
SPIN 1 15 7 13 1.039 0.758 5.775
SPIN 1 15 7 14 1.810 -3.468 4.438
SPIN 1 15 7 15 -3.172 3.983 3.013
SPIN 4 15 7 0 4.671 3.299 -1.516
SPIN 4 15 7 1 -5.407 -0.365 2.374
SPIN 4 15 7 2 2.500 3.776 3.807
SPIN 4 15 7 3 3.625 -4.184 2.087
SPIN 4 15 7 4 5.676 0.623 1.547
SPIN 4 15 7 5 -5.533 1.367 1.587
SPIN 4 15 7 6 3.579 3.977 -2.524
SPIN 4 15 7 7 -0.235 -5.168 2.870
SPIN 4 15 7 8 -2.458 -5.381 0.086
SPIN 4 15 7 9 4.937 -0.342 3.241
SPIN 4 15 7 10 3.395 -4.455 1.903
SPIN 4 15 7 11 4.004 0.780 4.285
SPIN 4 15 7 12 -3.613 -1.648 -4.386
SPIN 4 15 7 13 0.949 -5.070 2.897
SPIN 4 15 7 14 5.369 -1.482 1.994
SPIN 4 15 7 15 -1.986 -5.246 1.880
SPIN 1 15 8 0 2.557 0.210 5.331
SPIN 1 15 8 1 -1.244 -4.645 3.446
SPIN 1 15 8 2 -4.685 -1.030 3.463
SPIN 1 15 8 3 5.845 0.862 -0.314
SPIN 1 15 8 4 -5.748 0.317 1.364
SPIN 1 15 8 5 -0.759 2.252 5.418
SPIN 1 15 8 6 4.593 3.707 0.394
SPIN 1 15 8 7 -3.875 -2.711 -3.554
SPIN 1 15 8 8 -1.062 1.247 -5.685
SPIN 1 15 8 9 -1.959 -2.680 4.897
SPIN 1 15 8 10 4.542 3.789 -0.121
SPIN 1 15 8 11 -5.679 0.568 -1.559
SPIN 1 15 8 12 5.700 0.761 -1.390
SPIN 1 15 8 13 -2.216 0.131 5.484
SPIN 1 15 8 14 0.881 4.304 -3.962
SPIN 1 15 8 15 -4.858 0.159 -3.373
SPIN 4 15 8 0 2.963 -2.650 -4.382
SPIN 4 15 8 1 4.772 1.466 3.174
SPIN 4 15 8 2 -1.295 -5.749 -0.518
SPIN 4 15 8 3 -5.358 -2.262 1.083
SPIN 4 15 8 4 0.141 -0.364 5.903
SPIN 4 15 8 5 -1.079 -5.782 -0.635
SPIN 4 15 8 6 1.200 -0.033 -5.793
SPIN 4 15 8 7 -3.747 3.604 -2.822
SPIN 4 15 8 8 2.335 4.427 3.155
SPIN 4 15 8 9 -5.854 0.600 0.613
SPIN 4 15 8 10 -4.699 -0.163 3.591
SPIN 4 15 8 11 -1.617 4.965 2.781
SPIN 4 15 8 12 -3.167 -4.965 0.565
SPIN 4 15 8 13 -4.979 -1.840 -2.612
SPIN 4 15 8 14 -5.909 0.104 -0.266
SPIN 4 15 8 15 -1.197 5.733 0.839
SPIN 1 15 9 0 0.698 5.859 -0.433
SPIN 1 15 9 1 -5.006 2.899 1.239
SPIN 1 15 9 2 2.610 -2.229 4.819
SPIN 1 15 9 3 -4.114 -2.473 -3.459
SPIN 1 15 9 4 4.870 2.276 -2.471
SPIN 1 15 9 5 -0.005 -5.023 3.126
SPIN 1 15 9 6 3.125 -3.047 3.994
SPIN 1 15 9 7 -0.896 5.184 -2.706
SPIN 1 15 9 8 4.013 -3.973 -1.763
SPIN 1 15 9 9 1.485 3.097 -4.817
SPIN 1 15 9 10 0.571 -5.886 0.157
SPIN 1 15 9 11 -1.537 0.736 -5.665
SPIN 1 15 9 12 5.267 1.134 2.444
SPIN 1 15 9 13 -1.711 4.516 -3.417
SPIN 1 15 9 14 0.848 5.847 -0.310
SPIN 1 15 9 15 -0.929 -5.195 -2.673
SPIN 4 15 9 0 4.092 -3.452 2.518
SPIN 4 15 9 1 -4.279 3.414 -2.243
SPIN 4 15 9 2 1.765 5.582 0.849
SPIN 4 15 9 3 4.343 -0.581 3.975
SPIN 4 15 9 4 3.862 4.333 -1.145
SPIN 4 15 9 5 5.648 1.626 0.671
SPIN 4 15 9 6 -0.611 5.860 0.538
SPIN 4 15 9 7 3.141 -4.692 -1.767
SPIN 4 15 9 8 -4.107 2.421 -3.504
SPIN 4 15 9 9 -0.356 -2.021 5.549
SPIN 4 15 9 10 -0.431 1.821 -5.612
SPIN 4 15 9 11 -1.485 -5.054 -2.694
SPIN 4 15 9 12 4.533 3.795 -0.234
SPIN 4 15 9 13 -5.058 -1.994 2.333
SPIN 4 15 9 14 1.016 4.995 3.004
SPIN 4 15 9 15 -2.592 -4.071 3.421
SPIN 1 15 10 0 -4.990 3.137 0.510
SPIN 1 15 10 1 -3.331 -3.201 -3.695
SPIN 1 15 10 2 3.119 5.013 -0.376
SPIN 1 15 10 3 -0.177 -2.132 5.516
SPIN 1 15 10 4 2.083 -3.139 4.561
SPIN 1 15 10 5 0.505 -4.705 -3.551
SPIN 1 15 10 6 5.841 -0.716 0.611
SPIN 1 15 10 7 -4.471 0.611 -3.825
SPIN 1 15 10 8 1.282 0.420 5.760
SPIN 1 15 10 9 5.588 1.808 -0.711
SPIN 1 15 10 10 -2.997 4.838 1.617
SPIN 1 15 10 11 2.748 4.490 2.699
SPIN 1 15 10 12 -4.758 -2.492 2.480
SPIN 1 15 10 13 1.765 0.344 -5.636
SPIN 1 15 10 14 5.163 2.481 1.478
SPIN 1 15 10 15 2.558 4.996 1.870
SPIN 4 15 10 0 1.460 4.581 3.448
SPIN 4 15 10 1 1.640 -5.416 1.725
SPIN 4 15 10 2 -2.738 -4.883 -1.912
SPIN 4 15 10 3 -3.839 0.147 -4.499
SPIN 4 15 10 4 1.722 3.655 4.322
SPIN 4 15 10 5 -3.044 1.376 4.883
SPIN 4 15 10 6 -4.063 -4.056 -1.429
SPIN 4 15 10 7 -5.075 2.885 0.959
SPIN 4 15 10 8 5.865 0.762 0.133
SPIN 4 15 10 9 -1.253 3.704 4.439
SPIN 4 15 10 10 -4.465 -3.829 -0.636
SPIN 4 15 10 11 -0.138 5.914 -0.031
SPIN 4 15 10 12 -0.399 5.183 2.824
SPIN 4 15 10 13 5.372 2.160 -1.213
SPIN 4 15 10 14 1.272 1.301 -5.629
SPIN 4 15 10 15 -0.763 -0.571 5.839
SPIN 1 15 11 0 -1.847 -5.618 0.169
SPIN 1 15 11 1 3.944 4.396 0.339
SPIN 1 15 11 2 -3.622 -4.671 0.250
SPIN 1 15 11 3 -0.495 -5.876 -0.472
SPIN 1 15 11 4 -4.146 0.284 -4.211
SPIN 1 15 11 5 5.682 0.678 1.501
SPIN 1 15 11 6 3.662 3.153 3.413
SPIN 1 15 11 7 -2.373 -5.419 0.065
SPIN 1 15 11 8 -1.459 -0.805 5.677
SPIN 1 15 11 9 5.431 -1.462 1.835
SPIN 1 15 11 10 -1.606 -0.762 5.643
SPIN 1 15 11 11 -3.954 1.908 -3.965
SPIN 1 15 11 12 3.973 4.085 -1.590
SPIN 1 15 11 13 1.635 -5.686 -0.027
SPIN 1 15 11 14 -0.172 4.229 4.133
SPIN 1 15 11 15 5.516 -2.021 0.702
SPIN 4 15 11 0 -3.434 -3.682 3.107
SPIN 4 15 11 1 -1.314 5.526 1.656
SPIN 4 15 11 2 3.320 -3.306 -3.612
SPIN 4 15 11 3 0.729 -4.397 3.891
SPIN 4 15 11 4 -0.376 2.162 -5.494
SPIN 4 15 11 5 4.685 2.532 -2.577
SPIN 4 15 11 6 -0.341 5.878 0.578
SPIN 4 15 11 7 1.849 -2.300 -5.127
SPIN 4 15 11 8 -5.400 2.416 -0.061
SPIN 4 15 11 9 0.776 -4.871 -3.266
SPIN 4 15 11 10 1.535 5.119 2.538
SPIN 4 15 11 11 -2.217 -1.488 5.279
SPIN 4 15 11 12 -1.168 3.779 4.399
SPIN 4 15 11 13 -4.745 2.058 -2.872
SPIN 4 15 11 14 3.035 4.075 3.031
SPIN 4 15 11 15 5.308 -2.256 -1.319
SPIN 1 15 12 0 1.483 5.601 -1.194
SPIN 1 15 12 1 -3.540 -4.452 1.627
SPIN 1 15 12 2 3.898 2.518 3.669
SPIN 1 15 12 3 3.514 4.165 -2.304
SPIN 1 15 12 4 0.287 0.265 5.903
SPIN 1 15 12 5 5.061 -2.461 -1.824
SPIN 1 15 12 6 2.922 -3.036 -4.152
SPIN 1 15 12 7 -0.749 3.625 4.615
SPIN 1 15 12 8 -2.121 -2.588 4.879
SPIN 1 15 12 9 1.826 -3.237 -4.603
SPIN 1 15 12 10 3.298 4.870 -0.634
SPIN 1 15 12 11 -3.019 -0.586 5.054
SPIN 1 15 12 12 -2.899 3.462 -3.822
SPIN 1 15 12 13 -0.565 0.896 -5.821
SPIN 1 15 12 14 3.475 4.265 2.175
SPIN 1 15 12 15 -3.309 -0.231 4.899
SPIN 4 15 12 0 0.797 5.564 -1.845
SPIN 4 15 12 1 0.596 -4.766 -3.454
SPIN 4 15 12 2 4.604 3.702 -0.309
SPIN 4 15 12 3 -5.623 -0.806 -1.652
SPIN 4 15 12 4 0.256 -4.204 -4.155
SPIN 4 15 12 5 1.640 1.234 -5.549
SPIN 4 15 12 6 -1.548 3.364 4.614
SPIN 4 15 12 7 1.661 -0.201 5.675
SPIN 4 15 12 8 4.374 0.383 -3.965
SPIN 4 15 12 9 -4.689 -2.732 2.355
SPIN 4 15 12 10 -0.411 1.727 -5.643
SPIN 4 15 12 11 -1.094 1.468 5.626
SPIN 4 15 12 12 5.722 1.373 -0.612
SPIN 4 15 12 13 1.200 3.365 4.716
SPIN 4 15 12 14 -0.849 5.710 1.292
SPIN 4 15 12 15 -5.598 -1.501 -1.188
SPIN 1 15 13 0 -2.872 -4.237 2.966
SPIN 1 15 13 1 -5.464 -2.140 0.752
SPIN 1 15 13 2 0.822 -5.261 2.578
SPIN 1 15 13 3 3.230 0.602 4.920
SPIN 1 15 13 4 2.675 1.641 -5.015
SPIN 1 15 13 5 -3.047 1.968 4.674
SPIN 1 15 13 6 -4.701 1.853 -3.077
SPIN 1 15 13 7 4.225 0.335 4.127
SPIN 1 15 13 8 -1.237 3.508 -4.600
SPIN 1 15 13 9 -5.737 -0.967 1.071
SPIN 1 15 13 10 3.914 -3.661 2.507
SPIN 1 15 13 11 2.838 -1.209 -5.048
SPIN 1 15 13 12 3.931 -3.840 -2.191
SPIN 1 15 13 13 1.079 -5.810 0.284
SPIN 1 15 13 14 0.225 4.759 -3.507
SPIN 1 15 13 15 -1.190 -1.198 -5.670
SPIN 4 15 13 0 3.434 1.886 -4.433
SPIN 4 15 13 1 2.454 0.615 5.348
SPIN 4 15 13 2 1.912 5.497 -1.062
SPIN 4 15 13 3 -4.194 -1.766 3.780
SPIN 4 15 13 4 5.209 1.610 2.298
SPIN 4 15 13 5 -3.267 -2.275 -4.376
SPIN 4 15 13 6 -5.584 0.939 -1.713
SPIN 4 15 13 7 2.911 -3.811 -3.464
SPIN 4 15 13 8 -3.426 2.418 4.173
SPIN 4 15 13 9 3.104 -2.921 -4.103
SPIN 4 15 13 10 0.077 5.916 -0.021
SPIN 4 15 13 11 -3.964 -4.389 0.162
SPIN 4 15 13 12 -0.214 5.602 1.889
SPIN 4 15 13 13 -3.288 4.362 -2.271
SPIN 4 15 13 14 -0.066 -3.919 4.432
SPIN 4 15 13 15 4.744 3.353 1.119
SPIN 1 15 14 0 -5.678 -1.637 -0.292
SPIN 1 15 14 1 -3.413 -4.000 -2.712
SPIN 1 15 14 2 -2.828 -3.022 4.227
SPIN 1 15 14 3 -0.734 -5.636 -1.643
SPIN 1 15 14 4 -2.710 4.794 -2.161
SPIN 1 15 14 5 4.255 -2.638 3.152
SPIN 1 15 14 6 1.238 1.655 -5.543
SPIN 1 15 14 7 -1.495 -1.243 5.588
SPIN 1 15 14 8 -4.748 1.403 -3.239
SPIN 1 15 14 9 4.272 1.027 3.962
SPIN 1 15 14 10 5.138 -0.914 -2.787
SPIN 1 15 14 11 -0.019 1.212 -5.791
SPIN 1 15 14 12 -3.130 -3.482 -3.617
SPIN 1 15 14 13 5.742 0.760 1.205
SPIN 1 15 14 14 -1.280 -5.111 -2.691
SPIN 1 15 14 15 2.353 5.348 0.925
SPIN 4 15 14 0 1.267 2.197 5.345
SPIN 4 15 14 1 4.983 3.145 0.526
SPIN 4 15 14 2 1.152 5.791 0.366
SPIN 4 15 14 3 -5.555 1.836 0.880
SPIN 4 15 14 4 2.944 -2.761 -4.325
SPIN 4 15 14 5 -1.472 5.664 -0.869
SPIN 4 15 14 6 0.490 -1.699 5.646
SPIN 4 15 14 7 -3.535 3.650 3.031
SPIN 4 15 14 8 -1.855 -5.470 1.278
SPIN 4 15 14 9 1.633 5.202 -2.296
SPIN 4 15 14 10 -3.635 -4.022 2.368
SPIN 4 15 14 11 2.413 0.791 5.344
SPIN 4 15 14 12 -4.603 -3.484 -1.295
SPIN 4 15 14 13 0.123 -2.366 5.421
SPIN 4 15 14 14 3.857 -1.488 -4.232
SPIN 4 15 14 15 4.440 -2.826 -2.701
SPIN 1 15 15 0 2.606 -0.276 -5.304
SPIN 1 15 15 1 -0.011 5.868 -0.749
SPIN 1 15 15 2 3.264 0.563 -4.902
SPIN 1 15 15 3 -5.180 2.820 -0.467
SPIN 1 15 15 4 -3.538 -2.750 3.863
SPIN 1 15 15 5 4.974 0.411 3.176
SPIN 1 15 15 6 -5.739 -0.668 1.272
SPIN 1 15 15 7 4.775 -3.335 -1.039
SPIN 1 15 15 8 3.203 -1.640 -4.696
SPIN 1 15 15 9 -4.669 -3.616 0.352
SPIN 1 15 15 10 -2.313 -0.396 -5.431
SPIN 1 15 15 11 -2.442 4.094 -3.503
SPIN 1 15 15 12 -0.257 -3.372 4.854
SPIN 1 15 15 13 -2.584 -4.758 -2.384
SPIN 1 15 15 14 1.714 4.011 3.997
SPIN 1 15 15 15 1.119 -5.798 0.359
SPIN 4 15 15 0 -5.721 0.732 -1.315
SPIN 4 15 15 1 4.125 -4.228 0.338
SPIN 4 15 15 2 -1.491 1.872 5.410
SPIN 4 15 15 3 4.669 0.708 -3.563
SPIN 4 15 15 4 -4.195 1.192 -3.997
SPIN 4 15 15 5 5.669 -0.755 -1.512
SPIN 4 15 15 6 -4.160 2.509 -3.377
SPIN 4 15 15 7 -0.043 -5.853 -0.862
SPIN 4 15 15 8 -1.128 -1.100 5.702
SPIN 4 15 15 9 3.263 -4.915 0.443
SPIN 4 15 15 10 2.165 4.667 2.921
SPIN 4 15 15 11 0.188 -3.552 -4.727
SPIN 4 15 15 12 1.637 4.960 -2.778
SPIN 4 15 15 13 4.149 1.966 3.731
SPIN 4 15 15 14 -0.711 5.611 -1.735
SPIN 4 15 15 15 -4.262 -1.479 -3.827
SPIN 3 15 0 0 2.944 -4.130 -3.045
SPIN 3 15 0 1 -0.009 3.384 -4.853
SPIN 3 15 0 2 5.830 0.982 0.223
SPIN 3 15 0 3 2.774 -5.216 -0.312
SPIN 3 15 0 4 -0.690 5.262 2.615
SPIN 3 15 0 5 5.694 1.308 -0.933
SPIN 3 15 0 6 -5.872 0.560 -0.461
SPIN 3 15 0 7 4.662 3.616 -0.430
SPIN 3 15 0 8 4.169 -4.047 1.112
SPIN 3 15 0 9 -2.065 -0.346 -5.533
SPIN 3 15 0 10 1.886 3.575 4.320
SPIN 3 15 0 11 4.819 3.245 1.116
SPIN 3 15 0 12 -4.866 0.024 3.365
SPIN 3 15 0 13 -5.245 2.088 -1.769
SPIN 3 15 0 14 2.454 1.560 5.152
SPIN 3 15 0 15 2.383 -3.585 -4.058
SPIN 2 15 0 0 -5.547 0.442 -2.009
SPIN 2 15 0 1 -2.840 -4.275 2.943
SPIN 2 15 0 2 -4.597 -3.032 -2.162
SPIN 2 15 0 3 2.928 3.270 3.967
SPIN 2 15 0 4 -1.793 1.267 -5.494
SPIN 2 15 0 5 1.474 5.612 1.153
SPIN 2 15 0 6 1.174 -5.634 1.371
SPIN 2 15 0 7 -2.617 2.873 4.461
SPIN 2 15 0 8 2.981 3.800 3.416
SPIN 2 15 0 9 5.754 1.316 0.406
SPIN 2 15 0 10 -4.544 -3.363 1.744
SPIN 2 15 0 11 1.852 5.614 0.228
SPIN 2 15 0 12 -5.300 -1.327 -2.268
SPIN 2 15 0 13 1.322 -5.310 2.249
SPIN 2 15 0 14 1.319 3.817 -4.323
SPIN 2 15 0 15 5.466 -1.914 -1.209
SPIN 3 15 1 0 -4.059 4.303 0.089
SPIN 3 15 1 1 3.722 0.497 -4.572
SPIN 3 15 1 2 1.487 -3.944 4.151
SPIN 3 15 1 3 -0.758 5.855 0.373
SPIN 3 15 1 4 -0.075 -5.891 -0.539
SPIN 3 15 1 5 2.741 -3.394 3.996
SPIN 3 15 1 6 1.074 2.394 -5.302
SPIN 3 15 1 7 5.417 -2.360 0.300
SPIN 3 15 1 8 -4.515 -3.184 -2.116
SPIN 3 15 1 9 -5.144 1.168 2.678
SPIN 3 15 1 10 -4.185 3.158 -2.742
SPIN 3 15 1 11 3.291 -4.110 2.698
SPIN 3 15 1 12 -1.785 -0.368 5.628
SPIN 3 15 1 13 -2.921 -4.441 -2.598
SPIN 3 15 1 14 -4.735 -3.273 -1.366
SPIN 3 15 1 15 5.382 1.600 -1.865
SPIN 2 15 1 0 -1.077 1.576 5.600
SPIN 2 15 1 1 4.320 3.775 1.443
SPIN 2 15 1 2 -2.289 -2.888 -4.628
SPIN 2 15 1 3 -0.883 -0.177 -5.847
SPIN 2 15 1 4 2.672 3.616 3.845
SPIN 2 15 1 5 1.285 5.727 -0.742
SPIN 2 15 1 6 -5.573 0.764 1.832
SPIN 2 15 1 7 -1.768 5.441 1.504
SPIN 2 15 1 8 5.159 -2.811 0.692
SPIN 2 15 1 9 -5.184 2.812 0.467
SPIN 2 15 1 10 1.874 5.450 -1.338
SPIN 2 15 1 11 -1.498 -4.871 3.005
SPIN 2 15 1 12 -2.588 5.306 0.389
SPIN 2 15 1 13 5.360 1.259 2.165
SPIN 2 15 1 14 -3.479 4.669 1.048
SPIN 2 15 1 15 5.353 2.480 0.444
SPIN 3 15 2 0 2.715 3.682 -3.751
SPIN 3 15 2 1 -4.569 -1.519 -3.437
SPIN 3 15 2 2 4.935 0.635 -3.201
SPIN 3 15 2 3 -2.561 -5.331 0.146
SPIN 3 15 2 4 -2.247 4.946 2.343
SPIN 3 15 2 5 -5.192 -0.308 2.819
SPIN 3 15 2 6 2.168 -5.270 1.590
SPIN 3 15 2 7 -5.257 -1.403 -2.324
SPIN 3 15 2 8 4.901 1.563 2.922
SPIN 3 15 2 9 5.717 0.998 -1.148
SPIN 3 15 2 10 1.086 -5.797 0.468
SPIN 3 15 2 11 -2.153 2.164 5.068
SPIN 3 15 2 12 1.052 -5.233 2.551
SPIN 3 15 2 13 0.471 -3.336 -4.863
SPIN 3 15 2 14 4.027 -4.032 1.591
SPIN 3 15 2 15 1.188 1.630 5.562
SPIN 2 15 2 0 -2.188 -5.475 -0.490
SPIN 2 15 2 1 -5.097 -2.999 0.156
SPIN 2 15 2 2 0.201 -5.760 -1.335
SPIN 2 15 2 3 1.606 4.866 2.957
SPIN 2 15 2 4 1.079 -1.708 5.560
SPIN 2 15 2 5 -3.815 -2.895 -3.473
SPIN 2 15 2 6 0.175 5.885 -0.577
SPIN 2 15 2 7 2.383 5.390 -0.518
SPIN 2 15 2 8 0.373 -3.628 4.658
SPIN 2 15 2 9 4.451 3.734 -1.118
SPIN 2 15 2 10 -3.600 -4.566 -1.093
SPIN 2 15 2 11 -4.770 -2.027 -2.853
SPIN 2 15 2 12 5.421 1.232 -2.025
SPIN 2 15 2 13 -5.254 -2.167 1.643
SPIN 2 15 2 14 4.302 4.008 -0.655
SPIN 2 15 2 15 -1.892 0.197 -5.602
SPIN 3 15 3 0 -5.700 -0.242 -1.566
SPIN 3 15 3 1 2.116 4.828 2.685
SPIN 3 15 3 2 2.218 -5.289 1.452
SPIN 3 15 3 3 -3.731 2.546 -3.821
SPIN 3 15 3 4 -1.802 -1.785 5.345
SPIN 3 15 3 5 5.075 2.907 -0.891
SPIN 3 15 3 6 -3.311 -1.353 4.712
SPIN 3 15 3 7 -5.400 0.243 2.404
SPIN 3 15 3 8 -0.948 1.133 5.729
SPIN 3 15 3 9 3.455 -3.657 3.113
SPIN 3 15 3 10 -0.556 5.209 2.750
SPIN 3 15 3 11 3.276 -4.781 -1.189
SPIN 3 15 3 12 5.332 1.307 -2.205
SPIN 3 15 3 13 -0.860 5.650 1.530
SPIN 3 15 3 14 1.443 -3.716 4.372
SPIN 3 15 3 15 3.832 3.447 -2.904
SPIN 2 15 3 0 -0.652 3.789 -4.496
SPIN 2 15 3 1 5.863 -0.314 -0.722
SPIN 2 15 3 2 -1.648 5.350 -1.912
SPIN 2 15 3 3 3.134 -5.002 0.403
SPIN 2 15 3 4 0.002 5.885 0.605
SPIN 2 15 3 5 4.426 -2.002 3.377
SPIN 2 15 3 6 -1.628 5.635 0.773
SPIN 2 15 3 7 -1.156 -5.274 2.417
SPIN 2 15 3 8 -4.738 3.411 0.955
SPIN 2 15 3 9 -4.988 3.076 -0.811
SPIN 2 15 3 10 5.180 -1.137 -2.623
SPIN 2 15 3 11 -4.042 1.118 4.173
SPIN 2 15 3 12 1.613 5.322 -2.018
SPIN 2 15 3 13 -1.575 -4.639 -3.317
SPIN 2 15 3 14 -2.219 -4.317 3.383
SPIN 2 15 3 15 2.995 5.018 0.919
SPIN 3 15 4 0 1.618 -3.355 -4.596
SPIN 3 15 4 1 -5.852 -0.406 0.767
SPIN 3 15 4 2 3.306 0.412 -4.889
SPIN 3 15 4 3 -0.270 0.436 5.894
SPIN 3 15 4 4 0.868 3.015 5.016
SPIN 3 15 4 5 -4.881 -3.289 -0.596
SPIN 3 15 4 6 3.993 0.384 4.348
SPIN 3 15 4 7 -3.368 -3.211 3.653
SPIN 3 15 4 8 4.959 -1.018 3.061
SPIN 3 15 4 9 -3.100 -4.958 -0.901
SPIN 3 15 4 10 5.521 -2.108 -0.267
SPIN 3 15 4 11 5.676 -1.666 0.101
SPIN 3 15 4 12 -3.235 -2.906 -4.011
SPIN 3 15 4 13 -3.387 0.759 4.791
SPIN 3 15 4 14 -3.816 -0.983 -4.412
SPIN 3 15 4 15 -0.235 -3.909 4.435
SPIN 2 15 4 0 -5.368 -1.925 -1.575
SPIN 2 15 4 1 2.426 4.657 -2.725
SPIN 2 15 4 2 -5.723 -1.444 -0.402
SPIN 2 15 4 3 -0.809 5.767 1.044
SPIN 2 15 4 4 -0.625 -5.326 -2.500
SPIN 2 15 4 5 -3.124 3.628 -3.475
SPIN 2 15 4 6 -2.037 -4.482 3.281
SPIN 2 15 4 7 -0.048 1.970 -5.578
SPIN 2 15 4 8 -2.357 -0.228 -5.422
SPIN 2 15 4 9 2.919 4.677 -2.146
SPIN 2 15 4 10 -5.004 1.665 2.682
SPIN 2 15 4 11 -1.262 -4.278 -3.886
SPIN 2 15 4 12 3.710 4.603 -0.236
SPIN 2 15 4 13 -1.185 -5.795 0.127
SPIN 2 15 4 14 -1.393 1.963 5.404
SPIN 2 15 4 15 -4.023 3.528 -2.524
SPIN 3 15 5 0 2.916 0.908 5.067
SPIN 3 15 5 1 -1.779 -5.617 -0.537
SPIN 3 15 5 2 -2.434 5.155 -1.581
SPIN 3 15 5 3 2.374 1.908 5.072
SPIN 3 15 5 4 1.260 4.103 -4.071
SPIN 3 15 5 5 -2.357 4.810 -2.511
SPIN 3 15 5 6 2.320 5.315 1.170
SPIN 3 15 5 7 -0.026 -5.458 -2.283
SPIN 3 15 5 8 0.797 -2.186 -5.440
SPIN 3 15 5 9 5.539 -0.275 -2.059
SPIN 3 15 5 10 -4.988 -2.825 -1.465
SPIN 3 15 5 11 4.921 -2.396 2.246
SPIN 3 15 5 12 5.555 1.509 -1.366
SPIN 3 15 5 13 3.682 4.548 -0.870
SPIN 3 15 5 14 3.679 -1.106 -4.499
SPIN 3 15 5 15 0.618 5.883 0.113
SPIN 2 15 5 0 -0.038 0.181 5.913
SPIN 2 15 5 1 4.718 -3.178 1.625
SPIN 2 15 5 2 4.022 4.274 0.744
SPIN 2 15 5 3 -2.618 -2.140 -4.855
SPIN 2 15 5 4 -4.636 -2.587 2.610
SPIN 2 15 5 5 -5.118 2.524 1.561
SPIN 2 15 5 6 1.115 5.216 -2.559
SPIN 2 15 5 7 1.400 -5.719 -0.577
SPIN 2 15 5 8 5.420 1.685 1.668
SPIN 2 15 5 9 -3.939 -2.693 3.497
SPIN 2 15 5 10 1.261 -4.766 -3.270
SPIN 2 15 5 11 -2.736 3.992 3.403
SPIN 2 15 5 12 -4.491 -3.786 -0.707
SPIN 2 15 5 13 5.232 -2.588 0.966
SPIN 2 15 5 14 -4.936 -1.039 3.091
SPIN 2 15 5 15 4.593 -1.176 3.538
SPIN 3 15 6 0 4.028 -3.969 -1.738
SPIN 3 15 6 1 -0.680 2.728 -5.205
SPIN 3 15 6 2 3.602 -1.641 4.397
SPIN 3 15 6 3 -3.101 1.126 4.910
SPIN 3 15 6 4 5.520 -2.015 0.684
SPIN 3 15 6 5 -1.748 5.599 -0.774
SPIN 3 15 6 6 1.779 -1.173 -5.519
SPIN 3 15 6 7 -5.877 0.607 0.308
SPIN 3 15 6 8 -2.267 1.582 5.231
SPIN 3 15 6 9 -0.502 4.694 3.566
SPIN 3 15 6 10 0.749 2.460 -5.328
SPIN 3 15 6 11 -3.151 -0.985 -4.909
SPIN 3 15 6 12 4.602 2.820 -2.422
SPIN 3 15 6 13 -4.560 -1.402 3.499
SPIN 3 15 6 14 -3.719 0.270 4.593
SPIN 3 15 6 15 1.089 5.558 -1.709
SPIN 2 15 6 0 -5.508 -1.043 1.890
SPIN 2 15 6 1 4.395 1.426 3.694
SPIN 2 15 6 2 -5.539 -1.830 -0.983
SPIN 2 15 6 3 5.848 -0.335 -0.831
SPIN 2 15 6 4 -2.005 -2.819 4.799
SPIN 2 15 6 5 3.452 -3.953 -2.731
SPIN 2 15 6 6 -4.221 3.838 -1.567
SPIN 2 15 6 7 -1.340 -0.121 5.761
SPIN 2 15 6 8 -4.827 -2.392 -2.445
SPIN 2 15 6 9 0.517 1.486 -5.703
SPIN 2 15 6 10 4.536 0.789 3.715
SPIN 2 15 6 11 -4.907 -1.204 3.078
SPIN 2 15 6 12 1.766 4.163 3.814
SPIN 2 15 6 13 3.715 2.504 3.864
SPIN 2 15 6 14 2.994 3.739 3.472
SPIN 2 15 6 15 5.031 3.034 0.690
SPIN 3 15 7 0 -3.863 3.359 -2.966
SPIN 3 15 7 1 3.336 0.592 -4.850
SPIN 3 15 7 2 -0.081 5.846 0.902
SPIN 3 15 7 3 0.117 -5.905 0.350
SPIN 3 15 7 4 -0.805 5.321 -2.457
SPIN 3 15 7 5 1.375 -5.080 2.703
SPIN 3 15 7 6 -3.356 -4.169 2.522
SPIN 3 15 7 7 2.310 5.446 0.073
SPIN 3 15 7 8 1.470 5.594 -1.243
SPIN 3 15 7 9 -3.132 4.433 2.354
SPIN 3 15 7 10 -5.843 0.590 0.713
SPIN 3 15 7 11 2.031 -3.705 -4.141
SPIN 3 15 7 12 -3.949 1.506 -4.140
SPIN 3 15 7 13 -2.858 1.071 -5.068
SPIN 3 15 7 14 2.804 1.372 5.025
SPIN 3 15 7 15 5.135 2.552 -1.457
SPIN 2 15 7 0 -4.810 2.793 2.016
SPIN 2 15 7 1 1.033 3.843 -4.378
SPIN 2 15 7 2 2.702 3.222 4.161
SPIN 2 15 7 3 -0.201 -2.538 -5.340
SPIN 2 15 7 4 -3.553 4.041 2.460
SPIN 2 15 7 5 1.862 -4.411 3.475
SPIN 2 15 7 6 3.840 -3.733 2.512
SPIN 2 15 7 7 4.765 3.071 -1.692
SPIN 2 15 7 8 1.319 -3.729 -4.399
SPIN 2 15 7 9 3.913 2.433 -3.711
SPIN 2 15 7 10 3.073 1.537 -4.816
SPIN 2 15 7 11 -1.662 4.080 3.948
SPIN 2 15 7 12 -5.759 -0.937 0.977
SPIN 2 15 7 13 4.587 3.651 0.795
SPIN 2 15 7 14 -3.967 -2.663 -3.488
SPIN 2 15 7 15 -0.761 1.707 -5.613
SPIN 3 15 8 0 -1.288 -4.600 3.490
SPIN 3 15 8 1 0.514 -4.547 -3.750
SPIN 3 15 8 2 2.163 3.243 4.450
SPIN 3 15 8 3 -5.219 -2.690 0.727
SPIN 3 15 8 4 -5.283 1.367 -2.286
SPIN 3 15 8 5 -3.041 -4.361 2.594
SPIN 3 15 8 6 -0.999 3.298 -4.809
SPIN 3 15 8 7 0.752 -1.806 5.583
SPIN 3 15 8 8 1.955 4.235 -3.639
SPIN 3 15 8 9 -1.916 -1.819 5.294
SPIN 3 15 8 10 5.587 1.888 0.470
SPIN 3 15 8 11 5.491 -0.330 2.177
SPIN 3 15 8 12 -5.276 -2.674 0.130
SPIN 3 15 8 13 5.599 1.728 0.820
SPIN 3 15 8 14 -3.440 -2.052 -4.353
SPIN 3 15 8 15 -5.416 1.914 -1.417
SPIN 2 15 8 0 0.464 -1.435 -5.720
SPIN 2 15 8 1 3.490 4.774 -0.175
SPIN 2 15 8 2 -5.164 -0.220 -2.878
SPIN 2 15 8 3 -5.003 2.843 1.374
SPIN 2 15 8 4 3.327 1.409 -4.685
SPIN 2 15 8 5 4.616 -1.887 -3.183
SPIN 2 15 8 6 2.850 5.104 0.911
SPIN 2 15 8 7 -5.311 -1.913 -1.771
SPIN 2 15 8 8 2.628 -5.267 -0.590
SPIN 2 15 8 9 4.449 0.047 -3.899
SPIN 2 15 8 10 -4.168 -3.978 1.341
SPIN 2 15 8 11 5.468 2.150 0.690
SPIN 2 15 8 12 -5.762 0.541 -1.226
SPIN 2 15 8 13 1.468 -2.501 -5.157
SPIN 2 15 8 14 1.308 -3.696 4.431
SPIN 2 15 8 15 4.577 0.002 -3.748
SPIN 3 15 9 0 1.519 5.701 0.438
SPIN 3 15 9 1 3.765 3.980 2.232
SPIN 3 15 9 2 1.943 -0.171 5.585
SPIN 3 15 9 3 5.396 1.341 -2.023
SPIN 3 15 9 4 3.729 -2.585 3.796
SPIN 3 15 9 5 -1.378 -5.411 -1.956
SPIN 3 15 9 6 -3.607 -1.062 4.567
SPIN 3 15 9 7 4.595 3.475 1.347
SPIN 3 15 9 8 -3.005 -4.969 -1.131
SPIN 3 15 9 9 -2.786 5.054 1.304
SPIN 3 15 9 10 0.196 -4.842 -3.394
SPIN 3 15 9 11 -5.847 0.069 -0.898
SPIN 3 15 9 12 2.400 5.141 1.676
SPIN 3 15 9 13 -5.339 0.683 -2.456
SPIN 3 15 9 14 -4.539 -3.547 -1.348
SPIN 3 15 9 15 5.257 -2.515 -1.018
SPIN 2 15 9 0 -2.431 -2.083 4.975
SPIN 2 15 9 1 -3.602 -0.013 4.693
SPIN 2 15 9 2 2.903 -4.093 -3.134
SPIN 2 15 9 3 4.090 4.252 -0.439
SPIN 2 15 9 4 -4.387 -0.470 3.941
SPIN 2 15 9 5 -3.119 2.583 4.312
SPIN 2 15 9 6 -3.216 -3.731 3.277
SPIN 2 15 9 7 -1.510 4.330 -3.738
SPIN 2 15 9 8 0.298 4.161 4.195
SPIN 2 15 9 9 -4.626 -3.287 1.671
SPIN 2 15 9 10 4.969 -1.969 2.535
SPIN 2 15 9 11 -5.859 -0.194 0.795
SPIN 2 15 9 12 0.569 -5.888 0.104
SPIN 2 15 9 13 -3.655 -3.214 3.364
SPIN 2 15 9 14 2.551 2.586 -4.670
SPIN 2 15 9 15 -0.713 2.109 -5.481
SPIN 3 15 10 0 1.034 5.825 0.072
SPIN 3 15 10 1 -5.319 -2.062 -1.565
SPIN 3 15 10 2 -4.249 3.665 -1.874
SPIN 3 15 10 3 5.477 0.878 -2.058
SPIN 3 15 10 4 -0.186 -0.413 -5.899
SPIN 3 15 10 5 -0.960 5.191 2.670
SPIN 3 15 10 6 5.492 1.530 -1.579
SPIN 3 15 10 7 4.555 -1.402 -3.506
SPIN 3 15 10 8 1.822 -1.656 -5.379
SPIN 3 15 10 9 -5.491 1.298 -1.778
SPIN 3 15 10 10 5.465 -2.263 -0.113
SPIN 3 15 10 11 4.833 1.654 2.985
SPIN 3 15 10 12 -2.621 2.133 -4.856
SPIN 3 15 10 13 -5.874 0.576 -0.406
SPIN 3 15 10 14 -4.462 -3.636 1.369
SPIN 3 15 10 15 -0.709 0.542 -5.848
SPIN 2 15 10 0 3.357 -1.096 4.746
SPIN 2 15 10 1 5.416 -2.072 1.173
SPIN 2 15 10 2 -1.531 -3.937 4.142
SPIN 2 15 10 3 1.592 -5.638 -0.824
SPIN 2 15 10 4 1.201 2.936 4.994
SPIN 2 15 10 5 -1.028 -0.968 -5.745
SPIN 2 15 10 6 4.189 4.039 -1.064
SPIN 2 15 10 7 4.761 -3.185 1.478
SPIN 2 15 10 8 -0.956 -4.731 -3.420
SPIN 2 15 10 9 -3.384 -4.652 1.382
SPIN 2 15 10 10 3.853 -4.483 0.228
SPIN 2 15 10 11 3.662 -4.600 -0.653
SPIN 2 15 10 12 -3.122 2.634 4.280
SPIN 2 15 10 13 4.626 2.472 2.736
SPIN 2 15 10 14 -4.618 1.096 -3.532
SPIN 2 15 10 15 -5.590 -1.903 -0.356
SPIN 3 15 11 0 5.371 -2.093 1.331
SPIN 3 15 11 1 -3.298 4.536 1.884
SPIN 3 15 11 2 1.839 -0.223 5.619
SPIN 3 15 11 3 -3.958 1.923 -3.954
SPIN 3 15 11 4 -1.865 -4.576 3.254
SPIN 3 15 11 5 4.946 -0.176 3.241
SPIN 3 15 11 6 -1.797 -5.166 2.254
SPIN 3 15 11 7 -4.671 2.608 -2.526
SPIN 3 15 11 8 0.393 5.813 1.026
SPIN 3 15 11 9 -2.154 -0.239 -5.505
SPIN 3 15 11 10 4.997 3.138 -0.429
SPIN 3 15 11 11 -2.965 1.265 -4.961
SPIN 3 15 11 12 -2.360 -0.099 -5.424
SPIN 3 15 11 13 0.696 -3.038 5.028
SPIN 3 15 11 14 -1.186 1.313 5.645
SPIN 3 15 11 15 -1.656 2.672 -5.012
SPIN 2 15 11 0 -2.344 -4.480 3.072
SPIN 2 15 11 1 1.055 -2.622 -5.197
SPIN 2 15 11 2 5.613 -1.787 0.549
SPIN 2 15 11 3 -5.810 0.533 0.980
SPIN 2 15 11 4 5.796 -1.185 -0.040
SPIN 2 15 11 5 0.142 5.425 2.356
SPIN 2 15 11 6 -1.816 -4.119 3.839
SPIN 2 15 11 7 -1.534 3.904 -4.172
SPIN 2 15 11 8 3.407 -4.162 2.464
SPIN 2 15 11 9 4.825 2.742 2.051
SPIN 2 15 11 10 -3.002 -0.967 -5.005
SPIN 2 15 11 11 -1.978 5.121 -2.204
SPIN 2 15 11 12 5.389 0.183 -2.434
SPIN 2 15 11 13 -4.904 2.758 1.829
SPIN 2 15 11 14 -1.961 -5.580 -0.113
SPIN 2 15 11 15 2.154 4.343 -3.391
SPIN 3 15 12 0 -0.332 1.890 5.596
SPIN 3 15 12 1 1.321 0.382 -5.754
SPIN 3 15 12 2 3.419 -4.536 1.653
SPIN 3 15 12 3 -0.427 5.784 1.166
SPIN 3 15 12 4 0.158 -3.033 -5.077
SPIN 3 15 12 5 -1.412 0.536 -5.720
SPIN 3 15 12 6 -2.265 -2.023 5.077
SPIN 3 15 12 7 5.846 0.877 -0.231
SPIN 3 15 12 8 -1.506 -4.990 -2.799
SPIN 3 15 12 9 -5.119 -0.355 -2.944
SPIN 3 15 12 10 0.368 -5.880 0.544
SPIN 3 15 12 11 -0.680 -0.224 5.873
SPIN 3 15 12 12 -3.078 -2.052 -4.617
SPIN 3 15 12 13 4.471 3.199 -2.187
SPIN 3 15 12 14 4.570 3.251 1.883
SPIN 3 15 12 15 -4.945 -2.267 -2.326
SPIN 2 15 12 0 -2.697 -4.738 2.297
SPIN 2 15 12 1 -0.775 5.032 3.013
SPIN 2 15 12 2 -0.850 2.803 5.140
SPIN 2 15 12 3 -0.337 -0.248 5.901
SPIN 2 15 12 4 -3.406 1.053 -4.721
SPIN 2 15 12 5 -0.482 -2.269 5.443
SPIN 2 15 12 6 -0.647 2.541 5.303
SPIN 2 15 12 7 -0.798 5.460 -2.132
SPIN 2 15 12 8 -2.263 -4.769 2.671
SPIN 2 15 12 9 1.554 -5.096 2.572
SPIN 2 15 12 10 -0.722 2.572 5.278
SPIN 2 15 12 11 5.050 0.657 3.010
SPIN 2 15 12 12 -4.716 -2.951 2.013
SPIN 2 15 12 13 0.797 4.516 3.737
SPIN 2 15 12 14 1.295 -3.861 -4.292
SPIN 2 15 12 15 5.477 -2.057 -0.878
SPIN 3 15 13 0 4.273 1.263 -3.892
SPIN 3 15 13 1 -0.110 -5.766 -1.319
SPIN 3 15 13 2 -1.503 -0.896 5.651
SPIN 3 15 13 3 -2.145 -3.353 4.377
SPIN 3 15 13 4 -4.822 3.406 0.380
SPIN 3 15 13 5 5.306 -2.218 1.390
SPIN 3 15 13 6 -0.254 -5.730 -1.450
SPIN 3 15 13 7 -2.793 4.264 3.003
SPIN 3 15 13 8 0.813 3.636 -4.595
SPIN 3 15 13 9 5.779 -1.184 0.449
SPIN 3 15 13 10 -1.039 -4.097 4.139
SPIN 3 15 13 11 -0.920 1.949 -5.510
SPIN 3 15 13 12 -4.938 -3.246 -0.289
SPIN 3 15 13 13 3.537 -3.888 2.716
SPIN 3 15 13 14 -4.669 1.204 -3.428
SPIN 3 15 13 15 5.414 -0.778 2.255
SPIN 2 15 13 0 4.546 -0.946 3.666
SPIN 2 15 13 1 -4.130 3.208 -2.766
SPIN 2 15 13 2 -2.474 -3.887 -3.711
SPIN 2 15 13 3 4.442 3.870 0.534
SPIN 2 15 13 4 -3.939 -4.401 0.339
SPIN 2 15 13 5 -4.128 3.056 -2.936
SPIN 2 15 13 6 -2.039 -4.797 -2.799
SPIN 2 15 13 7 0.459 2.236 5.458
SPIN 2 15 13 8 2.438 -0.178 -5.387
SPIN 2 15 13 9 2.231 -1.423 -5.292
SPIN 2 15 13 10 -2.487 4.796 -2.412
SPIN 2 15 13 11 0.822 5.346 -2.396
SPIN 2 15 13 12 -0.338 -2.576 -5.315
SPIN 2 15 13 13 -5.774 -0.153 -1.281
SPIN 2 15 13 14 2.060 -5.295 -1.648
SPIN 2 15 13 15 -4.991 3.145 -0.441
SPIN 3 15 14 0 -2.141 -3.736 4.056
SPIN 3 15 14 1 3.961 -1.209 -4.224
SPIN 3 15 14 2 -2.029 -4.484 3.283
SPIN 3 15 14 3 0.242 -4.682 -3.608
SPIN 3 15 14 4 -0.710 -5.839 -0.635
SPIN 3 15 14 5 5.878 -0.403 -0.535
SPIN 3 15 14 6 -3.168 3.369 -3.690
SPIN 3 15 14 7 -1.389 -5.744 0.268
SPIN 3 15 14 8 4.191 4.160 0.362
SPIN 3 15 14 9 -5.539 1.575 -1.355
SPIN 3 15 14 10 3.611 -3.548 3.062
SPIN 3 15 14 11 -0.660 -1.115 5.772
SPIN 3 15 14 12 5.571 1.149 1.627
SPIN 3 15 14 13 -0.545 -5.415 -2.319
SPIN 3 15 14 14 -2.255 3.773 3.960
SPIN 3 15 14 15 -3.327 0.956 -4.798
SPIN 2 15 14 0 -3.434 4.764 0.717
SPIN 2 15 14 1 2.396 -5.308 -1.044
SPIN 2 15 14 2 4.974 0.887 3.078
SPIN 2 15 14 3 -3.789 -2.377 3.872
SPIN 2 15 14 4 5.594 1.702 0.897
SPIN 2 15 14 5 3.497 3.553 3.186
SPIN 2 15 14 6 -1.389 -3.795 4.321
SPIN 2 15 14 7 4.077 -2.848 -3.205
SPIN 2 15 14 8 -4.410 -3.733 1.271
SPIN 2 15 14 9 2.982 1.976 4.712
SPIN 2 15 14 10 3.287 1.148 4.783
SPIN 2 15 14 11 2.106 4.897 2.566
SPIN 2 15 14 12 -3.866 2.866 3.441
SPIN 2 15 14 13 -2.064 1.874 -5.218
SPIN 2 15 14 14 -2.569 3.737 -3.800
SPIN 2 15 14 15 2.514 -5.323 -0.587
SPIN 3 15 15 0 1.244 2.699 5.116
SPIN 3 15 15 1 5.374 2.191 1.146
SPIN 3 15 15 2 -5.392 2.031 -1.341
SPIN 3 15 15 3 -1.709 5.456 1.521
SPIN 3 15 15 4 -5.302 1.743 -1.963
SPIN 3 15 15 5 -5.389 -1.550 1.885
SPIN 3 15 15 6 4.948 -2.846 -1.554
SPIN 3 15 15 7 5.675 -1.617 0.430
SPIN 3 15 15 8 -0.534 3.896 -4.420
SPIN 3 15 15 9 4.289 3.809 -1.449
SPIN 3 15 15 10 2.466 4.699 -2.614
SPIN 3 15 15 11 -2.262 -3.945 -3.784
SPIN 3 15 15 12 -2.247 -3.121 4.495
SPIN 3 15 15 13 4.471 3.873 -0.103
SPIN 3 15 15 14 -4.210 -3.749 1.794
SPIN 3 15 15 15 2.719 5.148 1.050
SPIN 2 15 15 0 5.473 1.744 1.417
SPIN 2 15 15 1 -5.336 2.466 -0.667
SPIN 2 15 15 2 3.149 -1.628 4.737
SPIN 2 15 15 3 4.867 -0.589 -3.311
SPIN 2 15 15 4 1.462 5.373 -1.999
SPIN 2 15 15 5 3.786 -2.509 3.790
SPIN 2 15 15 6 -3.063 1.650 -4.785
SPIN 2 15 15 7 -4.473 -3.863 -0.261
SPIN 2 15 15 8 -5.386 2.448 -0.060
SPIN 2 15 15 9 2.635 -5.007 -1.728
SPIN 2 15 15 10 1.622 5.304 2.059
SPIN 2 15 15 11 1.211 -5.788 0.182
SPIN 2 15 15 12 1.593 5.390 1.847
SPIN 2 15 15 13 -1.400 4.621 -3.418
SPIN 2 15 15 14 -0.464 -5.827 0.909
SPIN 2 15 15 15 -3.691 0.487 -4.598
