TITLE MnO_160K_J1J2_MC_05
CELL 4.4344 4.4344 4.4344 90 90 90
SITE 0 0 0
SITE 0.5 0.5 0
SITE 0.5 0 0.5
SITE 0 0.5 0.5
BOX 16 16 16
FORM_FACTOR_J0 0.4220 17.6840 0.5948 6.0050 0.0043 -0.6090 -0.0219
SPIN 1 0 0 0 -4.956 1.211 2.995
SPIN 1 0 0 1 -0.029 4.812 3.441
SPIN 1 0 0 2 5.444 -1.844 -1.402
SPIN 1 0 0 3 0.319 0.621 -5.875
SPIN 1 0 0 4 -1.081 0.024 5.816
SPIN 1 0 0 5 -1.296 -2.713 5.095
SPIN 1 0 0 6 4.669 3.607 -0.437
SPIN 1 0 0 7 0.000 -5.633 -1.808
SPIN 1 0 0 8 -1.526 3.874 4.203
SPIN 1 0 0 9 1.606 -5.589 -1.088
SPIN 1 0 0 10 -5.073 0.015 3.043
SPIN 1 0 0 11 4.698 -3.257 -1.523
SPIN 1 0 0 12 5.722 1.461 -0.352
SPIN 1 0 0 13 -1.283 -3.358 -4.698
SPIN 1 0 0 14 -4.345 -0.283 -4.005
SPIN 1 0 0 15 -4.080 3.274 -2.762
SPIN 4 0 0 0 2.099 -5.519 0.364
SPIN 4 0 0 1 1.970 5.578 -0.082
SPIN 4 0 0 2 3.247 -0.605 -4.908
SPIN 4 0 0 3 -5.126 0.052 -2.954
SPIN 4 0 0 4 -0.647 5.873 -0.308
SPIN 4 0 0 5 -0.900 2.149 -5.438
SPIN 4 0 0 6 -1.803 -1.683 5.378
SPIN 4 0 0 7 -5.577 1.975 -0.017
SPIN 4 0 0 8 5.287 0.565 -2.594
SPIN 4 0 0 9 -5.884 -0.558 0.266
SPIN 4 0 0 10 5.823 0.090 -1.041
SPIN 4 0 0 11 -4.251 -4.109 0.208
SPIN 4 0 0 12 2.525 5.242 1.069
SPIN 4 0 0 13 -0.485 -5.045 3.052
SPIN 4 0 0 14 1.023 0.656 -5.790
SPIN 4 0 0 15 -1.665 5.237 2.191
SPIN 1 0 1 0 -5.076 -2.831 1.104
SPIN 1 0 1 1 0.365 -5.739 -1.389
SPIN 1 0 1 2 -1.817 5.626 -0.206
SPIN 1 0 1 3 -0.392 5.725 1.439
SPIN 1 0 1 4 -0.814 -5.369 2.348
SPIN 1 0 1 5 4.292 -1.738 3.683
SPIN 1 0 1 6 4.723 1.738 3.110
SPIN 1 0 1 7 -0.934 2.490 5.285
SPIN 1 0 1 8 0.642 2.267 -5.427
SPIN 1 0 1 9 1.842 5.622 -0.019
SPIN 1 0 1 10 4.629 3.078 -2.023
SPIN 1 0 1 11 -1.319 2.357 5.264
SPIN 1 0 1 12 5.122 0.980 2.793
SPIN 1 0 1 13 5.097 -1.128 2.784
SPIN 1 0 1 14 0.301 -3.483 4.772
SPIN 1 0 1 15 -1.066 -4.342 3.874
SPIN 4 0 1 0 2.950 0.232 5.123
SPIN 4 0 1 1 -4.880 3.166 1.077
SPIN 4 0 1 2 5.483 1.862 -1.213
SPIN 4 0 1 3 -5.439 -0.409 2.292
SPIN 4 0 1 4 4.222 -4.074 0.755
SPIN 4 0 1 5 -5.279 0.619 2.598
SPIN 4 0 1 6 5.663 -1.378 -1.013
SPIN 4 0 1 7 4.319 -3.436 -2.131
SPIN 4 0 1 8 -4.566 -2.456 2.850
SPIN 4 0 1 9 0.473 -5.136 2.898
SPIN 4 0 1 10 0.456 5.126 -2.918
SPIN 4 0 1 11 -5.644 1.286 -1.221
SPIN 4 0 1 12 0.788 -2.690 -5.210
SPIN 4 0 1 13 -5.194 -2.223 1.757
SPIN 4 0 1 14 -5.525 2.097 -0.281
SPIN 4 0 1 15 -1.103 -4.017 -4.201
SPIN 1 0 2 0 1.854 -4.792 -2.933
SPIN 1 0 2 1 3.996 4.359 0.178
SPIN 1 0 2 2 -0.888 1.657 5.609
SPIN 1 0 2 3 -0.409 -0.854 -5.840
SPIN 1 0 2 4 4.873 -2.661 -2.043
SPIN 1 0 2 5 -2.602 5.313 0.029
SPIN 1 0 2 6 -4.399 -3.901 0.656
SPIN 1 0 2 7 5.830 0.683 -0.738
SPIN 1 0 2 8 -0.558 0.099 5.889
SPIN 1 0 2 9 2.410 5.184 1.523
SPIN 1 0 2 10 -4.931 -3.175 -0.776
SPIN 1 0 2 11 -4.752 0.361 3.505
SPIN 1 0 2 12 0.819 -5.859 -0.037
SPIN 1 0 2 13 1.716 -5.271 2.066
SPIN 1 0 2 14 -1.914 5.206 2.059
SPIN 1 0 2 15 -0.939 5.669 1.406
SPIN 4 0 2 0 3.802 3.895 -2.318
SPIN 4 0 2 1 -4.101 -4.262 0.140
SPIN 4 0 2 2 -2.226 2.763 4.734
SPIN 4 0 2 3 -1.217 3.748 -4.413
SPIN 4 0 2 4 -0.792 4.973 3.105
SPIN 4 0 2 5 4.548 -3.233 1.965
SPIN 4 0 2 6 -2.129 3.621 4.166
SPIN 4 0 2 7 -5.820 -0.746 -0.759
SPIN 4 0 2 8 -0.385 -3.441 -4.797
SPIN 4 0 2 9 -3.010 3.184 -3.976
SPIN 4 0 2 10 3.156 0.451 -4.983
SPIN 4 0 2 11 4.013 2.239 -3.725
SPIN 4 0 2 12 -4.846 -0.275 3.383
SPIN 4 0 2 13 -4.645 -0.823 -3.570
SPIN 4 0 2 14 3.193 -3.434 3.607
SPIN 4 0 2 15 -5.106 -0.583 -2.930
SPIN 1 0 3 0 4.552 3.778 -0.011
SPIN 1 0 3 1 2.668 -1.026 -5.180
SPIN 1 0 3 2 0.907 0.195 -5.843
SPIN 1 0 3 3 0.435 -5.678 1.603
SPIN 1 0 3 4 2.240 2.166 -5.029
SPIN 1 0 3 5 4.560 -0.736 3.697
SPIN 1 0 3 6 2.562 4.227 3.251
SPIN 1 0 3 7 -3.177 -0.393 -4.975
SPIN 1 0 3 8 -2.684 -2.199 -4.792
SPIN 1 0 3 9 -2.639 -4.905 1.994
SPIN 1 0 3 10 0.574 -2.366 -5.392
SPIN 1 0 3 11 -3.873 -2.956 3.356
SPIN 1 0 3 12 4.207 -1.066 -4.021
SPIN 1 0 3 13 -0.153 5.478 -2.228
SPIN 1 0 3 14 3.696 1.246 4.448
SPIN 1 0 3 15 5.376 -2.008 -1.440
SPIN 4 0 3 0 -2.968 -4.369 -2.665
SPIN 4 0 3 1 -2.471 5.252 -1.143
SPIN 4 0 3 2 4.666 -0.467 -3.607
SPIN 4 0 3 3 -3.891 -4.456 0.052
SPIN 4 0 3 4 -5.522 0.686 -2.010
SPIN 4 0 3 5 0.694 5.861 0.414
SPIN 4 0 3 6 1.871 3.717 4.205
SPIN 4 0 3 7 5.107 2.207 -2.012
SPIN 4 0 3 8 4.160 -4.195 0.316
SPIN 4 0 3 9 -4.165 -0.740 4.136
SPIN 4 0 3 10 -0.234 -4.071 -4.286
SPIN 4 0 3 11 1.630 0.692 5.645
SPIN 4 0 3 12 0.109 3.343 4.880
SPIN 4 0 3 13 -4.864 -3.260 0.845
SPIN 4 0 3 14 -2.570 -3.960 3.565
SPIN 4 0 3 15 -1.644 0.906 5.611
SPIN 1 0 4 0 -4.306 1.265 -3.854
SPIN 1 0 4 1 0.104 5.666 1.700
SPIN 1 0 4 2 -2.970 -1.109 -4.995
SPIN 1 0 4 3 -3.126 3.487 -3.615
SPIN 1 0 4 4 -1.428 -2.871 4.972
SPIN 1 0 4 5 -5.647 0.500 -1.692
SPIN 1 0 4 6 -0.155 5.844 -0.907
SPIN 1 0 4 7 1.017 -5.373 -2.257
SPIN 1 0 4 8 2.389 3.023 4.489
SPIN 1 0 4 9 4.318 2.030 -3.497
SPIN 1 0 4 10 5.281 2.664 -0.120
SPIN 1 0 4 11 4.530 3.467 -1.569
SPIN 1 0 4 12 -3.427 -3.618 3.188
SPIN 1 0 4 13 1.791 3.126 -4.693
SPIN 1 0 4 14 -0.536 -2.171 5.477
SPIN 1 0 4 15 -0.706 3.114 4.981
SPIN 4 0 4 0 -1.568 4.498 3.508
SPIN 4 0 4 1 -0.037 -2.554 5.336
SPIN 4 0 4 2 2.247 -2.396 4.921
SPIN 4 0 4 3 3.793 -1.435 4.307
SPIN 4 0 4 4 -1.733 -5.099 -2.450
SPIN 4 0 4 5 -4.913 2.200 -2.453
SPIN 4 0 4 6 5.546 -0.224 2.048
SPIN 4 0 4 7 -2.793 5.197 -0.439
SPIN 4 0 4 8 1.441 4.053 -4.061
SPIN 4 0 4 9 3.764 3.368 -3.080
SPIN 4 0 4 10 -5.379 -2.462 -0.024
SPIN 4 0 4 11 5.451 2.004 1.129
SPIN 4 0 4 12 -4.503 1.127 -3.668
SPIN 4 0 4 13 3.749 4.573 0.185
SPIN 4 0 4 14 3.821 4.167 -1.743
SPIN 4 0 4 15 3.140 -4.281 2.610
SPIN 1 0 5 0 -4.302 -1.906 3.587
SPIN 1 0 5 1 1.651 -5.210 -2.264
SPIN 1 0 5 2 -1.565 2.006 -5.341
SPIN 1 0 5 3 -2.352 2.873 4.606
SPIN 1 0 5 4 -0.166 4.146 -4.217
SPIN 1 0 5 5 3.583 3.399 3.257
SPIN 1 0 5 6 -0.263 -3.607 -4.682
SPIN 1 0 5 7 5.626 0.451 1.774
SPIN 1 0 5 8 -3.468 -4.275 2.168
SPIN 1 0 5 9 0.582 1.305 5.741
SPIN 1 0 5 10 -0.225 -5.895 0.442
SPIN 1 0 5 11 1.073 2.943 -5.019
SPIN 1 0 5 12 -5.282 1.080 2.435
SPIN 1 0 5 13 5.301 -2.285 -1.294
SPIN 1 0 5 14 -3.744 -2.098 4.072
SPIN 1 0 5 15 4.474 -3.344 -1.950
SPIN 4 0 5 0 2.834 5.176 -0.418
SPIN 4 0 5 1 -0.556 -2.561 -5.304
SPIN 4 0 5 2 1.655 -5.680 0.018
SPIN 4 0 5 3 -2.732 -3.957 3.446
SPIN 4 0 5 4 -1.227 3.814 4.353
SPIN 4 0 5 5 -1.278 -1.211 -5.648
SPIN 4 0 5 6 -5.368 -2.452 -0.418
SPIN 4 0 5 7 -1.538 -5.490 1.581
SPIN 4 0 5 8 0.507 -5.860 0.638
SPIN 4 0 5 9 -2.395 4.285 -3.302
SPIN 4 0 5 10 5.580 -0.676 -1.846
SPIN 4 0 5 11 -4.718 1.000 3.427
SPIN 4 0 5 12 -5.667 -0.944 1.412
SPIN 4 0 5 13 0.349 3.992 4.352
SPIN 4 0 5 14 -4.290 -2.102 -3.489
SPIN 4 0 5 15 1.334 5.748 -0.423
SPIN 1 0 6 0 5.199 -1.909 -2.079
SPIN 1 0 6 1 -2.993 2.910 4.192
SPIN 1 0 6 2 4.898 -2.290 2.401
SPIN 1 0 6 3 -0.052 5.577 -1.974
SPIN 1 0 6 4 -5.467 -2.260 -0.020
SPIN 1 0 6 5 5.740 -0.534 -1.330
SPIN 1 0 6 6 2.903 3.637 3.653
SPIN 1 0 6 7 -2.381 2.979 -4.523
SPIN 1 0 6 8 -0.975 -1.885 5.522
SPIN 1 0 6 9 4.598 3.203 -1.898
SPIN 1 0 6 10 -2.039 4.811 -2.774
SPIN 1 0 6 11 -2.348 -5.429 -0.112
SPIN 1 0 6 12 -2.283 2.888 -4.631
SPIN 1 0 6 13 -0.815 4.518 3.731
SPIN 1 0 6 14 0.291 -5.908 -0.124
SPIN 1 0 6 15 0.069 3.557 -4.727
SPIN 4 0 6 0 4.699 -0.462 3.564
SPIN 4 0 6 1 1.123 -0.083 -5.808
SPIN 4 0 6 2 -5.713 -1.355 0.728
SPIN 4 0 6 3 1.570 -2.667 5.042
SPIN 4 0 6 4 4.381 -3.952 -0.436
SPIN 4 0 6 5 -1.364 3.208 -4.780
SPIN 4 0 6 6 0.281 -5.415 -2.365
SPIN 4 0 6 7 -1.161 0.962 5.721
SPIN 4 0 6 8 2.480 1.777 -5.069
SPIN 4 0 6 9 -0.109 1.565 -5.704
SPIN 4 0 6 10 -2.365 -3.465 -4.172
SPIN 4 0 6 11 5.367 2.002 1.480
SPIN 4 0 6 12 -1.973 5.228 1.944
SPIN 4 0 6 13 4.113 -2.822 -3.181
SPIN 4 0 6 14 1.497 -0.796 5.668
SPIN 4 0 6 15 -4.471 -2.525 2.938
SPIN 1 0 7 0 3.275 -3.230 3.720
SPIN 1 0 7 1 2.441 2.781 -4.616
SPIN 1 0 7 2 4.513 -3.660 -1.112
SPIN 1 0 7 3 4.134 -1.803 -3.829
SPIN 1 0 7 4 -2.525 -3.912 3.650
SPIN 1 0 7 5 0.587 1.000 5.801
SPIN 1 0 7 6 -1.409 -3.336 -4.679
SPIN 1 0 7 7 0.964 0.033 -5.837
SPIN 1 0 7 8 -3.156 -4.441 -2.306
SPIN 1 0 7 9 2.722 -5.175 -0.902
SPIN 1 0 7 10 -2.869 -4.869 1.749
SPIN 1 0 7 11 5.618 -1.099 -1.495
SPIN 1 0 7 12 -4.627 -0.007 3.686
SPIN 1 0 7 13 3.950 -3.682 -2.416
SPIN 1 0 7 14 -1.410 5.723 -0.507
SPIN 1 0 7 15 0.165 -1.462 -5.730
SPIN 4 0 7 0 -4.889 1.362 -3.041
SPIN 4 0 7 1 -1.820 1.047 5.531
SPIN 4 0 7 2 3.509 1.893 4.371
SPIN 4 0 7 3 -3.016 -4.171 -2.916
SPIN 4 0 7 4 -3.150 2.161 -4.517
SPIN 4 0 7 5 1.907 -3.818 -4.097
SPIN 4 0 7 6 4.902 -0.003 -3.313
SPIN 4 0 7 7 -3.410 2.142 4.334
SPIN 4 0 7 8 2.077 -4.102 3.723
SPIN 4 0 7 9 -1.249 5.698 -0.988
SPIN 4 0 7 10 -3.953 4.397 -0.195
SPIN 4 0 7 11 -5.586 -1.077 1.623
SPIN 4 0 7 12 0.621 -2.407 -5.369
SPIN 4 0 7 13 2.610 4.683 -2.502
SPIN 4 0 7 14 -1.169 -5.660 1.262
SPIN 4 0 7 15 3.113 -5.023 0.281
SPIN 1 0 8 0 3.296 -4.904 -0.303
SPIN 1 0 8 1 1.916 -3.909 4.006
SPIN 1 0 8 2 3.457 -4.136 -2.438
SPIN 1 0 8 3 1.427 1.348 5.581
SPIN 1 0 8 4 -1.661 2.136 -5.261
SPIN 1 0 8 5 -3.903 -0.386 4.429
SPIN 1 0 8 6 4.131 1.456 3.976
SPIN 1 0 8 7 0.438 -5.689 -1.563
SPIN 1 0 8 8 -3.781 4.282 1.538
SPIN 1 0 8 9 5.248 2.722 0.233
SPIN 1 0 8 10 4.340 0.379 -4.002
SPIN 1 0 8 11 -1.677 -5.081 -2.525
SPIN 1 0 8 12 3.126 0.767 -4.964
SPIN 1 0 8 13 -4.932 -2.924 -1.457
SPIN 1 0 8 14 0.198 -5.455 -2.280
SPIN 1 0 8 15 0.045 5.879 -0.661
SPIN 4 0 8 0 -5.834 0.970 -0.154
SPIN 4 0 8 1 -0.736 -4.352 3.939
SPIN 4 0 8 2 -0.048 -4.494 -3.847
SPIN 4 0 8 3 -4.758 2.884 -2.010
SPIN 4 0 8 4 4.468 -3.649 1.313
SPIN 4 0 8 5 -0.535 -0.577 5.864
SPIN 4 0 8 6 -3.270 -1.816 -4.583
SPIN 4 0 8 7 3.386 4.437 1.961
SPIN 4 0 8 8 -4.737 -0.802 -3.452
SPIN 4 0 8 9 0.454 -5.649 -1.697
SPIN 4 0 8 10 -3.179 -2.257 4.450
SPIN 4 0 8 11 0.828 2.175 -5.439
SPIN 4 0 8 12 -2.383 4.325 -3.258
SPIN 4 0 8 13 0.088 -5.853 -0.858
SPIN 4 0 8 14 0.422 4.488 -3.831
SPIN 4 0 8 15 -1.836 -4.210 3.728
SPIN 1 0 9 0 2.955 3.805 3.434
SPIN 1 0 9 1 0.319 5.027 -3.102
SPIN 1 0 9 2 -5.877 -0.522 0.436
SPIN 1 0 9 3 -2.708 4.931 1.830
SPIN 1 0 9 4 5.199 2.656 0.956
SPIN 1 0 9 5 -1.576 -0.964 -5.620
SPIN 1 0 9 6 4.853 1.518 -3.024
SPIN 1 0 9 7 -0.328 1.101 5.804
SPIN 1 0 9 8 -4.992 -1.437 2.831
SPIN 1 0 9 9 5.834 -0.925 0.336
SPIN 1 0 9 10 -0.010 -2.567 5.330
SPIN 1 0 9 11 3.117 0.046 -5.028
SPIN 1 0 9 12 -3.100 0.336 5.027
SPIN 1 0 9 13 5.154 -2.500 -1.479
SPIN 1 0 9 14 2.259 -0.727 -5.419
SPIN 1 0 9 15 2.941 -1.109 -5.012
SPIN 4 0 9 0 -5.756 0.789 -1.117
SPIN 4 0 9 1 -3.167 3.776 -3.273
SPIN 4 0 9 2 3.231 4.824 1.134
SPIN 4 0 9 3 2.890 -5.111 -0.728
SPIN 4 0 9 4 -5.300 0.731 2.526
SPIN 4 0 9 5 0.603 0.688 -5.845
SPIN 4 0 9 6 1.932 -2.142 5.165
SPIN 4 0 9 7 -3.217 2.750 -4.134
SPIN 4 0 9 8 3.632 0.795 -4.602
SPIN 4 0 9 9 -5.792 -1.039 -0.609
SPIN 4 0 9 10 4.420 2.754 -2.806
SPIN 4 0 9 11 -0.783 -5.757 -1.115
SPIN 4 0 9 12 2.924 -4.531 -2.433
SPIN 4 0 9 13 0.686 4.337 3.964
SPIN 4 0 9 14 -2.790 2.383 -4.641
SPIN 4 0 9 15 3.390 4.843 -0.228
SPIN 1 0 10 0 -4.144 -3.103 -2.863
SPIN 1 0 10 1 0.130 3.750 4.574
SPIN 1 0 10 2 0.809 -2.341 -5.373
SPIN 1 0 10 3 -1.499 -1.101 5.616
SPIN 1 0 10 4 -0.543 4.675 -3.584
SPIN 1 0 10 5 0.974 -3.628 4.571
SPIN 1 0 10 6 -2.788 4.808 -2.027
SPIN 1 0 10 7 3.855 0.800 -4.416
SPIN 1 0 10 8 -5.088 3.015 -0.170
SPIN 1 0 10 9 -4.969 2.897 -1.384
SPIN 1 0 10 10 -3.588 -4.308 1.888
SPIN 1 0 10 11 -1.288 -0.472 5.755
SPIN 1 0 10 12 0.222 4.562 -3.760
SPIN 1 0 10 13 -3.070 -0.282 -5.049
SPIN 1 0 10 14 1.176 -3.731 4.439
SPIN 1 0 10 15 1.953 -4.487 -3.325
SPIN 4 0 10 0 0.420 2.271 -5.447
SPIN 4 0 10 1 3.905 -3.326 2.947
SPIN 4 0 10 2 0.418 -2.727 5.234
SPIN 4 0 10 3 -3.389 0.429 -4.830
SPIN 4 0 10 4 0.193 -3.713 4.602
SPIN 4 0 10 5 2.722 -3.531 3.889
SPIN 4 0 10 6 1.061 5.535 -1.799
SPIN 4 0 10 7 -2.279 5.037 2.106
SPIN 4 0 10 8 5.669 -1.093 -1.291
SPIN 4 0 10 9 1.054 -5.788 -0.626
SPIN 4 0 10 10 -1.537 3.810 4.257
SPIN 4 0 10 11 1.840 5.328 1.796
SPIN 4 0 10 12 -5.788 -0.650 1.040
SPIN 4 0 10 13 -2.971 -3.462 -3.766
SPIN 4 0 10 14 -2.753 1.232 5.090
SPIN 4 0 10 15 -4.380 -0.652 3.923
SPIN 1 0 11 0 2.479 1.144 -5.249
SPIN 1 0 11 1 2.356 -3.580 4.078
SPIN 1 0 11 2 4.206 4.127 0.524
SPIN 1 0 11 3 -0.995 -3.636 -4.559
SPIN 1 0 11 4 -3.898 -1.647 4.134
SPIN 1 0 11 5 -5.533 1.655 -1.281
SPIN 1 0 11 6 -5.724 0.904 -1.191
SPIN 1 0 11 7 -4.351 -1.344 -3.777
SPIN 1 0 11 8 4.746 1.027 3.379
SPIN 1 0 11 9 -4.999 -1.300 2.885
SPIN 1 0 11 10 -0.387 3.357 -4.856
SPIN 1 0 11 11 0.079 -5.827 1.019
SPIN 1 0 11 12 -4.993 2.725 1.624
SPIN 1 0 11 13 -5.077 1.104 2.829
SPIN 1 0 11 14 5.625 -1.743 0.566
SPIN 1 0 11 15 3.481 3.986 2.645
SPIN 4 0 11 0 1.277 3.992 4.175
SPIN 4 0 11 1 -3.386 -4.852 0.015
SPIN 4 0 11 2 2.362 -5.129 1.765
SPIN 4 0 11 3 4.474 3.294 2.033
SPIN 4 0 11 4 2.175 5.264 -1.601
SPIN 4 0 11 5 -4.630 0.142 -3.680
SPIN 4 0 11 6 4.359 -2.195 3.344
SPIN 4 0 11 7 0.906 5.349 -2.361
SPIN 4 0 11 8 -5.577 1.956 -0.256
SPIN 4 0 11 9 2.077 1.588 5.307
SPIN 4 0 11 10 -5.397 -1.103 -2.159
SPIN 4 0 11 11 1.887 5.559 -0.731
SPIN 4 0 11 12 0.635 5.520 -2.032
SPIN 4 0 11 13 -0.055 -4.680 3.618
SPIN 4 0 11 14 3.276 3.863 -3.057
SPIN 4 0 11 15 0.525 0.695 -5.852
SPIN 1 0 12 0 -4.204 3.972 1.245
SPIN 1 0 12 1 -2.857 2.221 -4.680
SPIN 1 0 12 2 -0.578 -0.169 -5.885
SPIN 1 0 12 3 -3.770 4.374 1.286
SPIN 1 0 12 4 2.579 -5.245 -0.918
SPIN 1 0 12 5 -1.043 -3.057 -4.957
SPIN 1 0 12 6 -2.057 2.788 4.796
SPIN 1 0 12 7 5.298 -1.716 1.998
SPIN 1 0 12 8 -0.263 5.361 2.488
SPIN 1 0 12 9 3.081 0.203 -5.047
SPIN 1 0 12 10 -1.099 1.674 5.567
SPIN 1 0 12 11 3.977 0.177 -4.376
SPIN 1 0 12 12 -4.892 -1.937 2.705
SPIN 1 0 12 13 1.553 5.566 1.269
SPIN 1 0 12 14 -1.928 -5.286 1.828
SPIN 1 0 12 15 1.244 -5.748 0.642
SPIN 4 0 12 0 -1.539 -5.447 1.720
SPIN 4 0 12 1 -4.358 3.847 -1.101
SPIN 4 0 12 2 -0.448 5.800 1.075
SPIN 4 0 12 3 0.826 -4.466 -3.791
SPIN 4 0 12 4 -0.630 4.159 4.160
SPIN 4 0 12 5 4.972 -3.191 0.304
SPIN 4 0 12 6 -3.245 4.849 -0.981
SPIN 4 0 12 7 -1.118 -1.352 5.650
SPIN 4 0 12 8 5.028 3.102 -0.310
SPIN 4 0 12 9 0.280 -5.869 0.694
SPIN 4 0 12 10 -1.967 4.424 3.401
SPIN 4 0 12 11 -0.076 -2.271 5.462
SPIN 4 0 12 12 0.445 -5.268 2.655
SPIN 4 0 12 13 0.093 -4.737 -3.543
SPIN 4 0 12 14 -5.432 2.331 -0.241
SPIN 4 0 12 15 -0.868 5.846 -0.262
SPIN 1 0 13 0 -2.486 -1.927 5.011
SPIN 1 0 13 1 -2.334 5.385 0.749
SPIN 1 0 13 2 2.774 -5.051 -1.341
SPIN 1 0 13 3 -2.140 5.020 2.285
SPIN 1 0 13 4 4.445 0.263 3.895
SPIN 1 0 13 5 -3.449 -4.243 -2.259
SPIN 1 0 13 6 2.252 -5.427 -0.693
SPIN 1 0 13 7 0.454 3.153 -4.985
SPIN 1 0 13 8 -3.553 3.142 3.536
SPIN 1 0 13 9 -4.473 0.015 3.873
SPIN 1 0 13 10 1.914 -2.122 -5.180
SPIN 1 0 13 11 -2.326 3.237 -4.371
SPIN 1 0 13 12 1.774 -0.901 5.571
SPIN 1 0 13 13 -4.686 0.476 3.579
SPIN 1 0 13 14 3.545 0.890 4.652
SPIN 1 0 13 15 2.401 -0.474 -5.386
SPIN 4 0 13 0 4.359 2.776 -2.880
SPIN 4 0 13 1 -4.317 -3.905 1.058
SPIN 4 0 13 2 -5.538 -1.248 1.664
SPIN 4 0 13 3 1.032 -1.739 5.560
SPIN 4 0 13 4 -1.462 -5.433 -1.830
SPIN 4 0 13 5 -3.172 2.874 -4.084
SPIN 4 0 13 6 5.685 -1.555 0.512
SPIN 4 0 13 7 -4.570 1.550 -3.422
SPIN 4 0 13 8 -5.256 -2.369 -1.328
SPIN 4 0 13 9 3.292 4.798 -1.067
SPIN 4 0 13 10 -2.323 2.100 5.019
SPIN 4 0 13 11 3.630 4.395 -1.584
SPIN 4 0 13 12 -3.743 3.636 -2.788
SPIN 4 0 13 13 -2.929 3.717 -3.551
SPIN 4 0 13 14 5.631 -0.889 -1.581
SPIN 4 0 13 15 -3.435 -0.993 4.713
SPIN 1 0 14 0 -3.198 1.881 -4.609
SPIN 1 0 14 1 4.248 -2.506 3.267
SPIN 1 0 14 2 4.008 2.878 -3.264
SPIN 1 0 14 3 -4.938 2.383 2.222
SPIN 1 0 14 4 -5.903 0.145 -0.370
SPIN 1 0 14 5 4.209 2.994 2.884
SPIN 1 0 14 6 -2.940 0.097 5.133
SPIN 1 0 14 7 2.032 -3.425 -4.375
SPIN 1 0 14 8 3.980 1.637 -4.060
SPIN 1 0 14 9 -2.758 -0.104 -5.233
SPIN 1 0 14 10 -3.243 -4.922 0.513
SPIN 1 0 14 11 1.626 5.401 1.783
SPIN 1 0 14 12 -0.140 4.017 4.341
SPIN 1 0 14 13 0.334 3.683 4.618
SPIN 1 0 14 14 -4.683 3.547 0.703
SPIN 1 0 14 15 4.011 1.523 4.074
SPIN 4 0 14 0 -5.817 -1.059 0.196
SPIN 4 0 14 1 -2.588 -1.629 -5.064
SPIN 4 0 14 2 -1.579 -5.299 -2.105
SPIN 4 0 14 3 0.027 -3.907 -4.442
SPIN 4 0 14 4 -4.136 2.983 2.999
SPIN 4 0 14 5 3.604 0.199 -4.687
SPIN 4 0 14 6 -3.573 0.773 4.651
SPIN 4 0 14 7 0.944 1.419 -5.665
SPIN 4 0 14 8 2.947 2.629 -4.405
SPIN 4 0 14 9 1.295 -3.070 -4.888
SPIN 4 0 14 10 3.818 -0.860 -4.437
SPIN 4 0 14 11 4.560 -2.288 2.995
SPIN 4 0 14 12 -4.408 2.192 -3.280
SPIN 4 0 14 13 1.807 5.633 -0.005
SPIN 4 0 14 14 -3.581 -4.349 1.806
SPIN 4 0 14 15 1.251 2.008 -5.423
SPIN 1 0 15 0 3.459 1.352 4.605
SPIN 1 0 15 1 4.825 2.624 -2.198
SPIN 1 0 15 2 -4.538 2.301 -3.018
SPIN 1 0 15 3 4.184 0.429 -4.160
SPIN 1 0 15 4 0.194 0.012 5.913
SPIN 1 0 15 5 3.458 -4.309 2.114
SPIN 1 0 15 6 -2.507 2.764 -4.591
SPIN 1 0 15 7 -3.058 -4.066 3.020
SPIN 1 0 15 8 3.538 -3.613 3.071
SPIN 1 0 15 9 -0.438 4.114 -4.229
SPIN 1 0 15 10 5.270 1.046 2.476
SPIN 1 0 15 11 -5.366 0.246 -2.480
SPIN 1 0 15 12 -1.270 -5.393 -2.076
SPIN 1 0 15 13 -3.397 1.066 -4.725
SPIN 1 0 15 14 2.198 -5.184 -1.814
SPIN 1 0 15 15 0.707 -0.549 -5.848
SPIN 4 0 15 0 5.094 2.529 1.629
SPIN 4 0 15 1 -0.114 -4.542 3.789
SPIN 4 0 15 2 0.746 -3.311 4.846
SPIN 4 0 15 3 1.606 1.241 5.557
SPIN 4 0 15 4 0.884 -0.085 -5.849
SPIN 4 0 15 5 -2.612 2.523 4.670
SPIN 4 0 15 6 0.914 5.844 0.088
SPIN 4 0 15 7 3.930 -2.670 -3.526
SPIN 4 0 15 8 -4.053 -4.198 0.975
SPIN 4 0 15 9 2.262 3.460 4.233
SPIN 4 0 15 10 3.007 5.087 -0.288
SPIN 4 0 15 11 -3.772 2.344 -3.909
SPIN 4 0 15 12 -1.125 1.815 5.517
SPIN 4 0 15 13 4.535 0.981 -3.671
SPIN 4 0 15 14 -0.955 -2.445 5.302
SPIN 4 0 15 15 4.365 -0.332 -3.980
SPIN 3 0 0 0 4.086 0.081 -4.278
SPIN 3 0 0 1 1.888 -5.501 -1.082
SPIN 3 0 0 2 -3.475 -2.498 -4.084
SPIN 3 0 0 3 -0.917 2.970 -5.034
SPIN 3 0 0 4 -0.410 4.094 4.251
SPIN 3 0 0 5 -1.542 -4.064 -4.014
SPIN 3 0 0 6 -3.981 2.506 3.587
SPIN 3 0 0 7 5.052 -2.277 -2.072
SPIN 3 0 0 8 -0.678 5.753 -1.203
SPIN 3 0 0 9 5.077 1.758 -2.477
SPIN 3 0 0 10 4.473 -2.336 3.087
SPIN 3 0 0 11 -3.435 4.506 -1.702
SPIN 3 0 0 12 2.168 -0.384 -5.491
SPIN 3 0 0 13 -4.372 3.766 1.305
SPIN 3 0 0 14 1.946 -3.655 -4.225
SPIN 3 0 0 15 -3.192 4.883 -0.980
SPIN 2 0 0 0 0.381 3.193 4.966
SPIN 2 0 0 1 -2.432 -4.012 3.604
SPIN 2 0 0 2 5.588 0.793 1.774
SPIN 2 0 0 3 0.429 -5.581 1.916
SPIN 2 0 0 4 5.438 -0.711 -2.220
SPIN 2 0 0 5 -3.508 1.048 4.647
SPIN 2 0 0 6 -5.009 -1.360 2.839
SPIN 2 0 0 7 -2.936 3.224 -3.998
SPIN 2 0 0 8 4.324 -0.037 4.038
SPIN 2 0 0 9 -1.368 -5.571 1.445
SPIN 2 0 0 10 1.880 5.416 -1.460
SPIN 2 0 0 11 3.573 -3.122 -3.534
SPIN 2 0 0 12 -2.932 0.826 -5.072
SPIN 2 0 0 13 -3.589 4.615 0.904
SPIN 2 0 0 14 -0.636 -5.532 1.998
SPIN 2 0 0 15 2.023 -4.087 -3.768
SPIN 3 0 1 0 0.631 5.510 -2.059
SPIN 3 0 1 1 -2.340 1.797 5.128
SPIN 3 0 1 2 4.499 1.572 -3.505
SPIN 3 0 1 3 1.843 -5.145 -2.265
SPIN 3 0 1 4 0.499 5.306 2.568
SPIN 3 0 1 5 0.969 -2.600 5.225
SPIN 3 0 1 6 -1.691 -1.109 -5.560
SPIN 3 0 1 7 -3.125 3.609 3.494
SPIN 3 0 1 8 -4.634 -3.631 0.583
SPIN 3 0 1 9 1.675 -3.370 -4.565
SPIN 3 0 1 10 -5.816 -0.857 -0.663
SPIN 3 0 1 11 4.453 -3.576 -1.545
SPIN 3 0 1 12 -3.268 2.348 4.337
SPIN 3 0 1 13 2.201 4.241 -3.489
SPIN 3 0 1 14 -4.554 3.671 0.887
SPIN 3 0 1 15 3.346 -3.089 3.777
SPIN 2 0 1 0 0.850 3.894 -4.372
SPIN 2 0 1 1 3.573 4.708 -0.263
SPIN 2 0 1 2 2.858 -2.469 -4.554
SPIN 2 0 1 3 -2.817 1.181 5.067
SPIN 2 0 1 4 3.759 -4.555 0.348
SPIN 2 0 1 5 -5.362 2.319 -0.935
SPIN 2 0 1 6 1.571 1.653 -5.459
SPIN 2 0 1 7 1.868 -5.569 -0.707
SPIN 2 0 1 8 4.358 -3.169 -2.442
SPIN 2 0 1 9 -1.931 -0.425 -5.576
SPIN 2 0 1 10 5.848 -0.817 0.369
SPIN 2 0 1 11 5.222 1.225 2.496
SPIN 2 0 1 12 -1.252 0.859 5.718
SPIN 2 0 1 13 -3.299 -4.269 -2.428
SPIN 2 0 1 14 -1.344 -5.738 0.515
SPIN 2 0 1 15 1.942 3.792 4.105
SPIN 3 0 2 0 -5.120 -1.142 -2.735
SPIN 3 0 2 1 0.675 -4.874 3.285
SPIN 3 0 2 2 -4.399 3.596 -1.649
SPIN 3 0 2 3 -5.579 -1.877 -0.597
SPIN 3 0 2 4 4.408 -3.499 1.824
SPIN 3 0 2 5 0.772 4.604 -3.634
SPIN 3 0 2 6 -1.259 5.687 1.034
SPIN 3 0 2 7 -5.574 -1.958 -0.312
SPIN 3 0 2 8 -1.674 0.749 -5.625
SPIN 3 0 2 9 1.940 0.860 5.522
SPIN 3 0 2 10 3.385 -4.822 -0.532
SPIN 3 0 2 11 -2.495 1.883 -5.023
SPIN 3 0 2 12 -1.123 5.161 2.666
SPIN 3 0 2 13 -0.622 -2.013 5.528
SPIN 3 0 2 14 -4.706 -2.874 2.144
SPIN 3 0 2 15 0.209 3.752 4.569
SPIN 2 0 2 0 3.068 -1.769 -4.739
SPIN 2 0 2 1 -3.269 4.897 -0.578
SPIN 2 0 2 2 -0.817 5.811 -0.753
SPIN 2 0 2 3 5.136 -1.828 -2.297
SPIN 2 0 2 4 -5.739 0.995 1.037
SPIN 2 0 2 5 4.904 -0.734 -3.227
SPIN 2 0 2 6 -4.139 -4.128 -0.907
SPIN 2 0 2 7 -2.347 -1.397 -5.248
SPIN 2 0 2 8 1.201 3.890 -4.292
SPIN 2 0 2 9 5.004 -0.808 3.052
SPIN 2 0 2 10 5.082 0.607 -2.968
SPIN 2 0 2 11 0.072 5.058 3.068
SPIN 2 0 2 12 -4.299 2.137 -3.458
SPIN 2 0 2 13 4.665 1.041 3.486
SPIN 2 0 2 14 -0.391 -5.485 2.181
SPIN 2 0 2 15 -0.639 1.419 5.708
SPIN 3 0 3 0 1.665 1.491 -5.478
SPIN 3 0 3 1 -4.951 3.188 0.567
SPIN 3 0 3 2 2.699 -3.608 3.834
SPIN 3 0 3 3 0.657 5.760 1.178
SPIN 3 0 3 4 -1.060 -4.538 -3.644
SPIN 3 0 3 5 0.719 2.228 -5.433
SPIN 3 0 3 6 -4.388 -1.248 3.767
SPIN 3 0 3 7 -1.614 -3.390 4.572
SPIN 3 0 3 8 -2.651 -5.175 1.091
SPIN 3 0 3 9 4.444 3.785 -0.964
SPIN 3 0 3 10 -3.175 3.153 3.870
SPIN 3 0 3 11 2.437 -4.647 -2.733
SPIN 3 0 3 12 2.815 4.026 3.296
SPIN 3 0 3 13 3.316 4.255 -2.429
SPIN 3 0 3 14 5.311 -0.464 2.565
SPIN 3 0 3 15 1.735 -0.568 -5.627
SPIN 2 0 3 0 3.073 -4.766 1.685
SPIN 2 0 3 1 4.555 0.093 -3.774
SPIN 2 0 3 2 -4.395 0.358 3.944
SPIN 2 0 3 3 -0.258 -4.989 3.169
SPIN 2 0 3 4 1.936 5.589 -0.112
SPIN 2 0 3 5 4.833 3.361 0.588
SPIN 2 0 3 6 3.777 -2.552 -3.772
SPIN 2 0 3 7 3.354 2.635 4.099
SPIN 2 0 3 8 -0.917 3.654 4.562
SPIN 2 0 3 9 -2.017 2.428 -5.004
SPIN 2 0 3 10 3.013 -5.091 0.061
SPIN 2 0 3 11 5.788 0.820 -0.911
SPIN 2 0 3 12 -2.075 -0.779 5.485
SPIN 2 0 3 13 -0.611 -3.672 4.598
SPIN 2 0 3 14 -1.493 -0.102 -5.724
SPIN 2 0 3 15 -4.488 3.644 1.258
SPIN 3 0 4 0 -0.382 1.436 -5.726
SPIN 3 0 4 1 3.280 1.046 4.811
SPIN 3 0 4 2 -4.855 -3.366 -0.314
SPIN 3 0 4 3 0.569 3.432 4.785
SPIN 3 0 4 4 0.047 -3.723 4.598
SPIN 3 0 4 5 -4.528 -3.352 1.805
SPIN 3 0 4 6 -2.473 -1.062 5.268
SPIN 3 0 4 7 -2.822 -3.349 -3.977
SPIN 3 0 4 8 4.322 3.005 -2.700
SPIN 3 0 4 9 -2.359 -4.497 3.035
SPIN 3 0 4 10 -2.152 4.309 3.435
SPIN 3 0 4 11 -5.730 1.390 -0.488
SPIN 3 0 4 12 -0.765 3.190 -4.923
SPIN 3 0 4 13 4.755 -2.754 2.191
SPIN 3 0 4 14 -5.528 -0.628 -2.011
SPIN 3 0 4 15 4.888 -3.303 0.451
SPIN 2 0 4 0 -3.977 -3.366 2.803
SPIN 2 0 4 1 -2.509 0.530 5.331
SPIN 2 0 4 2 -2.583 -4.691 -2.515
SPIN 2 0 4 3 -2.894 -1.221 -5.014
SPIN 2 0 4 4 -2.575 -5.163 -1.311
SPIN 2 0 4 5 3.731 -0.857 4.510
SPIN 2 0 4 6 1.396 1.891 -5.429
SPIN 2 0 4 7 -2.404 -4.469 3.041
SPIN 2 0 4 8 -5.639 -1.551 -0.895
SPIN 2 0 4 9 0.845 -5.315 2.458
SPIN 2 0 4 10 -1.834 3.378 4.497
SPIN 2 0 4 11 -3.342 -2.863 -3.954
SPIN 2 0 4 12 3.034 3.994 3.137
SPIN 2 0 4 13 -5.877 0.245 0.635
SPIN 2 0 4 14 -4.712 -3.520 -0.639
SPIN 2 0 4 15 0.381 -0.721 -5.860
SPIN 3 0 5 0 -4.391 3.175 2.375
SPIN 3 0 5 1 -4.560 -3.258 1.894
SPIN 3 0 5 2 5.813 0.235 -1.072
SPIN 3 0 5 3 -5.431 1.403 -1.881
SPIN 3 0 5 4 -4.219 2.202 -3.515
SPIN 3 0 5 5 5.781 0.917 0.863
SPIN 3 0 5 6 2.079 -0.901 -5.465
SPIN 3 0 5 7 3.659 1.724 4.317
SPIN 3 0 5 8 2.441 3.446 -4.144
SPIN 3 0 5 9 -3.433 4.341 2.092
SPIN 3 0 5 10 1.171 -5.794 -0.229
SPIN 3 0 5 11 -3.948 -2.648 3.521
SPIN 3 0 5 12 3.586 -3.786 -2.794
SPIN 3 0 5 13 0.447 1.957 5.565
SPIN 3 0 5 14 3.416 4.757 -0.837
SPIN 3 0 5 15 0.578 -4.247 4.078
SPIN 2 0 5 0 -2.340 -5.152 -1.729
SPIN 2 0 5 1 2.590 -1.938 4.953
SPIN 2 0 5 2 5.766 1.323 0.095
SPIN 2 0 5 3 4.473 -0.390 3.852
SPIN 2 0 5 4 4.719 -3.511 0.637
SPIN 2 0 5 5 0.196 5.042 -3.088
SPIN 2 0 5 6 -4.800 -1.876 -2.905
SPIN 2 0 5 7 -1.937 -3.946 -3.959
SPIN 2 0 5 8 -4.918 0.875 -3.170
SPIN 2 0 5 9 -5.548 0.721 1.923
SPIN 2 0 5 10 -4.693 3.323 -1.391
SPIN 2 0 5 11 -2.744 -0.791 5.181
SPIN 2 0 5 12 4.157 4.205 0.187
SPIN 2 0 5 13 5.028 -1.280 -2.843
SPIN 2 0 5 14 -5.464 2.167 0.671
SPIN 2 0 5 15 5.100 1.912 2.310
SPIN 3 0 6 0 2.762 5.192 0.642
SPIN 3 0 6 1 -3.349 2.168 4.369
SPIN 3 0 6 2 -0.300 -4.207 4.149
SPIN 3 0 6 3 4.867 1.700 -2.901
SPIN 3 0 6 4 5.571 -0.290 -1.970
SPIN 3 0 6 5 -4.961 -2.158 2.395
SPIN 3 0 6 6 -4.732 -3.432 0.913
SPIN 3 0 6 7 4.464 -0.292 3.871
SPIN 3 0 6 8 -1.013 -5.772 0.812
SPIN 3 0 6 9 -1.620 -4.793 3.067
SPIN 3 0 6 10 5.719 -0.344 1.476
SPIN 3 0 6 11 -5.052 1.576 -2.644
SPIN 3 0 6 12 3.171 2.175 -4.496
SPIN 3 0 6 13 1.063 -4.189 -4.040
SPIN 3 0 6 14 -0.448 5.814 -1.000
SPIN 3 0 6 15 4.305 -3.678 -1.716
SPIN 2 0 6 0 -5.859 -0.583 -0.572
SPIN 2 0 6 1 1.101 1.521 -5.610
SPIN 2 0 6 2 -5.751 -0.528 -1.285
SPIN 2 0 6 3 -5.437 1.751 1.541
SPIN 2 0 6 4 1.823 4.078 3.879
SPIN 2 0 6 5 -5.386 0.355 2.423
SPIN 2 0 6 6 1.415 4.512 -3.556
SPIN 2 0 6 7 2.507 5.257 -1.038
SPIN 2 0 6 8 -0.802 -3.123 -4.960
SPIN 2 0 6 9 -5.521 -1.370 -1.627
SPIN 2 0 6 10 1.498 5.142 2.513
SPIN 2 0 6 11 -1.633 -5.413 -1.741
SPIN 2 0 6 12 4.047 0.059 4.314
SPIN 2 0 6 13 -2.515 3.873 -3.698
SPIN 2 0 6 14 3.020 2.073 4.646
SPIN 2 0 6 15 -3.807 0.540 4.496
SPIN 3 0 7 0 -1.124 -5.417 -2.095
SPIN 3 0 7 1 -4.057 3.670 2.252
SPIN 3 0 7 2 -1.443 5.711 -0.552
SPIN 3 0 7 3 -5.096 -1.803 -2.405
SPIN 3 0 7 4 5.264 2.686 0.280
SPIN 3 0 7 5 0.964 -5.823 -0.404
SPIN 3 0 7 6 3.391 1.050 4.733
SPIN 3 0 7 7 5.731 0.217 1.454
SPIN 3 0 7 8 0.498 -1.790 5.617
SPIN 3 0 7 9 3.450 3.940 2.751
SPIN 3 0 7 10 -3.018 -4.781 -1.742
SPIN 3 0 7 11 -4.347 -3.147 2.489
SPIN 3 0 7 12 -0.038 -0.274 5.910
SPIN 3 0 7 13 -2.348 -1.197 -5.297
SPIN 3 0 7 14 1.366 1.252 5.618
SPIN 3 0 7 15 2.170 1.803 5.200
SPIN 2 0 7 0 1.363 5.051 2.762
SPIN 2 0 7 1 3.795 -3.615 2.743
SPIN 2 0 7 2 -2.769 1.892 4.874
SPIN 2 0 7 3 4.114 0.839 -4.168
SPIN 2 0 7 4 0.473 -5.574 -1.924
SPIN 2 0 7 5 3.632 -1.151 -4.526
SPIN 2 0 7 6 -3.810 3.941 -2.226
SPIN 2 0 7 7 -5.739 1.436 0.023
SPIN 2 0 7 8 -0.146 -5.218 -2.784
SPIN 2 0 7 9 1.044 -5.460 2.025
SPIN 2 0 7 10 -0.691 -2.440 -5.345
SPIN 2 0 7 11 2.570 4.679 2.550
SPIN 2 0 7 12 -5.305 -2.293 -1.267
SPIN 2 0 7 13 -5.045 2.937 -0.962
SPIN 2 0 7 14 -0.340 -4.973 3.187
SPIN 2 0 7 15 3.252 0.432 -4.923
SPIN 3 0 8 0 -2.760 -3.995 -3.380
SPIN 3 0 8 1 -3.900 4.338 0.984
SPIN 3 0 8 2 -3.811 -4.508 0.391
SPIN 3 0 8 3 -3.831 0.012 -4.508
SPIN 3 0 8 4 -2.211 -3.729 4.026
SPIN 3 0 8 5 0.557 0.497 5.869
SPIN 3 0 8 6 -5.078 1.214 2.782
SPIN 3 0 8 7 -0.213 5.863 -0.765
SPIN 3 0 8 8 2.917 3.793 3.479
SPIN 3 0 8 9 -4.033 -0.076 -4.328
SPIN 3 0 8 10 1.767 1.977 -5.289
SPIN 3 0 8 11 3.804 1.682 4.207
SPIN 3 0 8 12 4.862 -2.184 -2.568
SPIN 3 0 8 13 -4.916 -0.952 3.150
SPIN 3 0 8 14 3.316 4.787 -1.046
SPIN 3 0 8 15 -5.231 -2.458 1.264
SPIN 2 0 8 0 -3.860 -3.796 -2.385
SPIN 2 0 8 1 -3.368 4.604 1.568
SPIN 2 0 8 2 5.512 0.249 -2.134
SPIN 2 0 8 3 2.198 -1.072 5.387
SPIN 2 0 8 4 3.235 3.689 3.305
SPIN 2 0 8 5 -3.598 1.720 -4.370
SPIN 2 0 8 6 4.926 1.602 -2.858
SPIN 2 0 8 7 2.656 0.407 -5.271
SPIN 2 0 8 8 3.206 -2.010 -4.548
SPIN 2 0 8 9 -5.699 -1.464 -0.617
SPIN 2 0 8 10 -0.762 0.693 5.826
SPIN 2 0 8 11 -1.211 -1.553 -5.579
SPIN 2 0 8 12 5.703 -1.421 -0.674
SPIN 2 0 8 13 0.224 -2.746 5.235
SPIN 2 0 8 14 0.282 5.305 -2.604
SPIN 2 0 8 15 2.057 0.330 -5.537
SPIN 3 0 9 0 4.364 -3.756 1.360
SPIN 3 0 9 1 -2.548 -4.924 -2.064
SPIN 3 0 9 2 -2.609 3.912 -3.590
SPIN 3 0 9 3 -2.371 -5.420 0.083
SPIN 3 0 9 4 -2.684 4.012 -3.421
SPIN 3 0 9 5 5.789 -1.209 0.176
SPIN 3 0 9 6 0.144 0.080 5.914
SPIN 3 0 9 7 -0.885 0.929 5.775
SPIN 3 0 9 8 -1.727 0.076 -5.658
SPIN 3 0 9 9 3.760 -1.795 4.200
SPIN 3 0 9 10 -0.260 1.149 5.798
SPIN 3 0 9 11 -4.465 3.725 -1.090
SPIN 3 0 9 12 -3.598 -1.451 4.466
SPIN 3 0 9 13 -2.427 3.202 -4.342
SPIN 3 0 9 14 -2.316 -2.142 5.005
SPIN 3 0 9 15 3.477 1.949 -4.372
SPIN 2 0 9 0 -1.061 5.792 -0.573
SPIN 2 0 9 1 4.504 0.056 -3.835
SPIN 2 0 9 2 1.092 -0.517 5.791
SPIN 2 0 9 3 -0.816 4.267 -4.016
SPIN 2 0 9 4 1.436 -4.590 -3.445
SPIN 2 0 9 5 3.878 2.170 3.905
SPIN 2 0 9 6 -4.028 -3.380 -2.712
SPIN 2 0 9 7 -4.862 0.681 3.302
SPIN 2 0 9 8 1.752 -5.001 -2.632
SPIN 2 0 9 9 0.745 4.515 3.750
SPIN 2 0 9 10 0.118 1.494 -5.723
SPIN 2 0 9 11 4.990 -1.456 -2.825
SPIN 2 0 9 12 -4.483 2.646 -2.811
SPIN 2 0 9 13 0.008 -3.242 -4.949
SPIN 2 0 9 14 -4.357 -0.905 -3.899
SPIN 2 0 9 15 -1.231 -4.159 4.023
SPIN 3 0 10 0 3.788 3.254 -3.172
SPIN 3 0 10 1 -2.622 -0.457 5.283
SPIN 3 0 10 2 -5.814 1.042 -0.331
SPIN 3 0 10 3 3.327 -4.664 -1.476
SPIN 3 0 10 4 -3.672 -4.129 -2.114
SPIN 3 0 10 5 5.026 -2.011 2.385
SPIN 3 0 10 6 3.498 0.031 -4.771
SPIN 3 0 10 7 1.808 -4.130 3.831
SPIN 3 0 10 8 4.321 3.095 2.598
SPIN 3 0 10 9 5.232 2.754 -0.186
SPIN 3 0 10 10 -3.270 -3.698 -3.261
SPIN 3 0 10 11 -1.066 -5.461 -2.010
SPIN 3 0 10 12 -2.553 4.809 2.314
SPIN 3 0 10 13 0.945 -4.674 3.501
SPIN 3 0 10 14 4.224 3.799 1.651
SPIN 3 0 10 15 -3.221 -2.829 4.077
SPIN 2 0 10 0 -4.515 -3.817 -0.212
SPIN 2 0 10 1 -5.037 3.055 0.540
SPIN 2 0 10 2 3.512 4.522 -1.490
SPIN 2 0 10 3 0.520 -2.551 5.313
SPIN 2 0 10 4 2.893 1.573 -4.915
SPIN 2 0 10 5 -5.516 -1.626 1.390
SPIN 2 0 10 6 -1.808 4.181 3.775
SPIN 2 0 10 7 5.792 -1.181 -0.230
SPIN 2 0 10 8 -0.662 5.867 -0.369
SPIN 2 0 10 9 4.003 -4.090 -1.501
SPIN 2 0 10 10 -3.463 -0.533 4.767
SPIN 2 0 10 11 -0.472 1.310 -5.750
SPIN 2 0 10 12 0.291 -5.387 -2.429
SPIN 2 0 10 13 2.091 -3.780 4.042
SPIN 2 0 10 14 5.807 -0.423 1.046
SPIN 2 0 10 15 -1.971 1.997 -5.208
SPIN 3 0 11 0 -3.074 -4.966 0.943
SPIN 3 0 11 1 -0.172 2.792 -5.213
SPIN 3 0 11 2 0.470 5.574 -1.925
SPIN 3 0 11 3 -4.917 0.479 -3.255
SPIN 3 0 11 4 5.424 -1.698 -1.643
SPIN 3 0 11 5 -1.018 4.238 -4.001
SPIN 3 0 11 6 -5.408 -0.798 -2.262
SPIN 3 0 11 7 -0.326 -4.299 4.051
SPIN 3 0 11 8 3.697 3.276 -3.256
SPIN 3 0 11 9 -1.353 -3.036 4.894
SPIN 3 0 11 10 -1.374 1.544 -5.543
SPIN 3 0 11 11 1.685 3.417 -4.526
SPIN 3 0 11 12 2.499 -2.923 -4.496
SPIN 3 0 11 13 -1.760 -4.423 -3.513
SPIN 3 0 11 14 -1.966 -4.416 3.411
SPIN 3 0 11 15 3.597 2.675 3.860
SPIN 2 0 11 0 -0.609 -5.738 -1.304
SPIN 2 0 11 1 4.093 3.308 2.703
SPIN 2 0 11 2 -4.976 -2.421 2.092
SPIN 2 0 11 3 -2.453 2.666 -4.677
SPIN 2 0 11 4 3.996 0.431 4.341
SPIN 2 0 11 5 -5.647 -1.368 1.112
SPIN 2 0 11 6 4.520 -3.817 0.035
SPIN 2 0 11 7 4.492 -0.851 3.755
SPIN 2 0 11 8 0.255 -3.934 4.411
SPIN 2 0 11 9 2.956 3.786 -3.454
SPIN 2 0 11 10 -4.979 2.183 -2.334
SPIN 2 0 11 11 -0.317 2.297 5.443
SPIN 2 0 11 12 -3.918 -4.371 -0.739
SPIN 2 0 11 13 -3.805 3.459 2.925
SPIN 2 0 11 14 0.104 5.254 -2.718
SPIN 2 0 11 15 -3.437 4.502 1.709
SPIN 3 0 12 0 -1.804 -0.912 -5.560
SPIN 3 0 12 1 1.723 -5.651 -0.315
SPIN 3 0 12 2 2.500 -4.615 2.731
SPIN 3 0 12 3 -5.361 -1.797 1.740
SPIN 3 0 12 4 -1.749 4.774 3.025
SPIN 3 0 12 5 1.150 2.517 5.229
SPIN 3 0 12 6 -0.366 -5.343 -2.513
SPIN 3 0 12 7 -0.176 2.803 -5.207
SPIN 3 0 12 8 -1.977 0.296 -5.568
SPIN 3 0 12 9 -5.159 -2.602 1.271
SPIN 3 0 12 10 2.123 4.740 -2.833
SPIN 3 0 12 11 -4.685 -1.643 -3.216
SPIN 3 0 12 12 -5.786 0.174 -1.221
SPIN 3 0 12 13 -1.487 -3.296 -4.683
SPIN 3 0 12 14 4.126 1.252 4.051
SPIN 3 0 12 15 -2.478 -5.340 -0.588
SPIN 2 0 12 0 -4.042 4.288 0.525
SPIN 2 0 12 1 1.775 -4.582 3.294
SPIN 2 0 12 2 2.385 -1.477 -5.209
SPIN 2 0 12 3 4.669 3.262 1.599
SPIN 2 0 12 4 -3.876 4.451 -0.401
SPIN 2 0 12 5 3.741 2.146 4.050
SPIN 2 0 12 6 -3.912 -4.271 1.206
SPIN 2 0 12 7 -5.248 -2.287 1.492
SPIN 2 0 12 8 2.546 -3.384 4.131
SPIN 2 0 12 9 -4.137 -3.425 -2.480
SPIN 2 0 12 10 0.263 -1.897 5.598
SPIN 2 0 12 11 5.082 2.423 -1.817
SPIN 2 0 12 12 -4.246 4.118 0.100
SPIN 2 0 12 13 5.543 -1.186 -1.695
SPIN 2 0 12 14 -3.389 -3.416 -3.443
SPIN 2 0 12 15 5.578 -1.962 0.181
SPIN 3 0 13 0 -0.071 -2.971 -5.115
SPIN 3 0 13 1 -0.255 3.110 5.026
SPIN 3 0 13 2 -5.627 -1.637 0.813
SPIN 3 0 13 3 4.295 3.720 1.646
SPIN 3 0 13 4 -4.636 -1.312 -3.433
SPIN 3 0 13 5 -5.742 1.417 0.132
SPIN 3 0 13 6 3.403 0.573 4.805
SPIN 3 0 13 7 4.193 3.618 2.081
SPIN 3 0 13 8 -2.090 -1.322 5.374
SPIN 3 0 13 9 -3.035 3.367 -3.801
SPIN 3 0 13 10 3.601 -4.668 -0.490
SPIN 3 0 13 11 -0.140 5.570 1.990
SPIN 3 0 13 12 -4.206 -3.398 -2.400
SPIN 3 0 13 13 3.785 3.268 -3.160
SPIN 3 0 13 14 -3.742 -1.711 4.251
SPIN 3 0 13 15 -3.598 4.693 -0.168
SPIN 2 0 13 0 1.921 -4.430 3.419
SPIN 2 0 13 1 -3.145 -4.741 1.624
SPIN 2 0 13 2 -3.283 -3.844 3.073
SPIN 2 0 13 3 5.008 3.102 0.543
SPIN 2 0 13 4 1.890 2.036 5.223
SPIN 2 0 13 5 2.740 -0.255 -5.237
SPIN 2 0 13 6 -4.559 0.518 3.735
SPIN 2 0 13 7 -2.842 4.727 -2.141
SPIN 2 0 13 8 3.552 -4.718 -0.352
SPIN 2 0 13 9 -1.907 3.308 -4.519
SPIN 2 0 13 10 4.903 -3.307 0.151
SPIN 2 0 13 11 -5.616 0.993 -1.573
SPIN 2 0 13 12 1.244 -1.274 -5.642
SPIN 2 0 13 13 1.838 0.302 5.615
SPIN 2 0 13 14 0.526 -5.636 -1.719
SPIN 2 0 13 15 -3.160 -3.157 3.879
SPIN 3 0 14 0 4.661 2.184 -2.916
SPIN 3 0 14 1 0.063 5.405 2.405
SPIN 3 0 14 2 4.995 -2.181 -2.302
SPIN 3 0 14 3 -4.730 -3.501 0.609
SPIN 3 0 14 4 4.129 -4.233 -0.183
SPIN 3 0 14 5 5.710 -0.799 -1.325
SPIN 3 0 14 6 -0.497 -4.603 -3.684
SPIN 3 0 14 7 4.381 1.736 3.577
SPIN 3 0 14 8 -2.626 5.129 1.340
SPIN 3 0 14 9 -0.994 -3.969 4.273
SPIN 3 0 14 10 -4.069 2.119 3.736
SPIN 3 0 14 11 -3.068 -4.977 0.902
SPIN 3 0 14 12 -3.800 3.828 -2.429
SPIN 3 0 14 13 5.747 -0.912 1.067
SPIN 3 0 14 14 0.070 -0.013 5.916
SPIN 3 0 14 15 2.142 -4.925 -2.481
SPIN 2 0 14 0 -5.390 -1.503 -1.922
SPIN 2 0 14 1 5.567 -1.578 1.234
SPIN 2 0 14 2 4.662 -3.641 -0.082
SPIN 2 0 14 3 5.248 2.672 0.561
SPIN 2 0 14 4 0.566 -2.944 -5.100
SPIN 2 0 14 5 -4.743 2.238 -2.737
SPIN 2 0 14 6 -4.913 3.054 1.238
SPIN 2 0 14 7 -5.554 -1.388 -1.490
SPIN 2 0 14 8 3.721 3.885 -2.461
SPIN 2 0 14 9 1.475 5.574 1.324
SPIN 2 0 14 10 -3.632 3.413 -3.188
SPIN 2 0 14 11 -1.018 2.098 5.437
SPIN 2 0 14 12 3.298 0.457 -4.890
SPIN 2 0 14 13 0.182 -3.556 4.724
SPIN 2 0 14 14 1.299 5.298 -2.290
SPIN 2 0 14 15 -0.860 -0.058 -5.853
SPIN 3 0 15 0 -4.813 3.390 0.586
SPIN 3 0 15 1 3.840 -4.197 1.624
SPIN 3 0 15 2 -5.299 -2.232 1.391
SPIN 3 0 15 3 2.275 -0.328 5.451
SPIN 3 0 15 4 5.480 0.410 -2.192
SPIN 3 0 15 5 -0.148 -5.443 2.314
SPIN 3 0 15 6 3.250 4.772 -1.290
SPIN 3 0 15 7 -0.321 0.562 -5.881
SPIN 3 0 15 8 -1.088 2.406 5.294
SPIN 3 0 15 9 -0.041 5.651 1.749
SPIN 3 0 15 10 -1.845 -5.106 2.350
SPIN 3 0 15 11 4.596 3.113 -2.046
SPIN 3 0 15 12 2.318 1.101 -5.330
SPIN 3 0 15 13 4.209 3.632 2.025
SPIN 3 0 15 14 -0.401 -2.455 -5.367
SPIN 3 0 15 15 3.615 1.135 4.544
SPIN 2 0 15 0 3.019 -4.324 -2.681
SPIN 2 0 15 1 4.091 -4.147 -1.034
SPIN 2 0 15 2 -4.633 3.221 -1.778
SPIN 2 0 15 3 -1.400 -5.715 0.619
SPIN 2 0 15 4 -3.699 4.551 0.781
SPIN 2 0 15 5 5.020 -2.264 2.162
SPIN 2 0 15 6 2.018 2.603 4.914
SPIN 2 0 15 7 -5.413 0.672 2.292
SPIN 2 0 15 8 -3.563 2.833 -3.780
SPIN 2 0 15 9 -3.039 -4.990 0.930
SPIN 2 0 15 10 3.156 2.035 -4.571
SPIN 2 0 15 11 -5.783 0.418 1.176
SPIN 2 0 15 12 2.836 1.561 4.952
SPIN 2 0 15 13 3.474 -4.242 -2.222
SPIN 2 0 15 14 0.727 -2.229 -5.432
SPIN 2 0 15 15 3.312 2.625 4.140
SPIN 1 1 0 0 4.136 4.030 -1.285
SPIN 1 1 0 1 -4.942 2.720 1.782
SPIN 1 1 0 2 -5.574 1.353 -1.451
SPIN 1 1 0 3 2.215 1.927 -5.136
SPIN 1 1 0 4 -3.633 -4.611 0.735
SPIN 1 1 0 5 -4.393 -1.159 -3.789
SPIN 1 1 0 6 2.922 -2.187 -4.656
SPIN 1 1 0 7 -3.241 -1.612 4.680
SPIN 1 1 0 8 1.169 -5.799 0.064
SPIN 1 1 0 9 -5.062 -2.721 -1.406
SPIN 1 1 0 10 2.165 -1.805 5.202
SPIN 1 1 0 11 -5.144 0.815 2.806
SPIN 1 1 0 12 4.928 0.115 -3.271
SPIN 1 1 0 13 0.734 5.313 -2.497
SPIN 1 1 0 14 5.722 0.085 1.500
SPIN 1 1 0 15 4.085 -2.356 3.572
SPIN 4 1 0 0 2.936 0.512 5.111
SPIN 4 1 0 1 3.003 -2.589 -4.391
SPIN 4 1 0 2 1.493 5.602 1.179
SPIN 4 1 0 3 0.469 -2.210 5.467
SPIN 4 1 0 4 4.214 -2.185 3.532
SPIN 4 1 0 5 1.901 4.391 3.479
SPIN 4 1 0 6 4.761 -3.393 -0.903
SPIN 4 1 0 7 -5.283 1.484 -2.212
SPIN 4 1 0 8 -1.300 5.611 1.353
SPIN 4 1 0 9 4.632 -1.240 -3.466
SPIN 4 1 0 10 -5.072 1.972 -2.321
SPIN 4 1 0 11 4.985 -0.768 3.091
SPIN 4 1 0 12 4.705 -2.966 -2.016
SPIN 4 1 0 13 -1.371 -2.313 -5.270
SPIN 4 1 0 14 -3.352 3.883 2.947
SPIN 4 1 0 15 0.153 -2.955 -5.123
SPIN 1 1 1 0 0.565 -5.593 1.845
SPIN 1 1 1 1 4.136 -3.375 2.550
SPIN 1 1 1 2 5.880 -0.284 -0.583
SPIN 1 1 1 3 -4.928 0.693 -3.199
SPIN 1 1 1 4 3.216 3.670 3.345
SPIN 1 1 1 5 4.197 3.521 2.234
SPIN 1 1 1 6 -3.427 4.775 0.674
SPIN 1 1 1 7 5.892 0.429 -0.322
SPIN 1 1 1 8 -2.740 4.258 3.059
SPIN 1 1 1 9 1.450 -5.071 -2.681
SPIN 1 1 1 10 -1.030 -5.802 0.528
SPIN 1 1 1 11 -5.479 2.056 -0.868
SPIN 1 1 1 12 -5.280 -2.223 -1.475
SPIN 1 1 1 13 5.427 -1.354 -1.927
SPIN 1 1 1 14 -0.248 -4.719 -3.559
SPIN 1 1 1 15 4.913 -2.902 1.561
SPIN 4 1 1 0 -0.037 -4.787 -3.477
SPIN 4 1 1 1 3.337 4.872 -0.349
SPIN 4 1 1 2 1.368 -5.639 1.152
SPIN 4 1 1 3 -0.240 -2.940 -5.128
SPIN 4 1 1 4 -5.590 1.897 -0.387
SPIN 4 1 1 5 1.261 -0.387 5.767
SPIN 4 1 1 6 -3.670 -4.408 -1.451
SPIN 4 1 1 7 -0.490 2.753 5.214
SPIN 4 1 1 8 2.628 -1.285 -5.142
SPIN 4 1 1 9 2.763 2.437 4.629
SPIN 4 1 1 10 -5.149 -1.306 2.605
SPIN 4 1 1 11 -1.222 -2.518 -5.212
SPIN 4 1 1 12 -5.371 0.187 -2.473
SPIN 4 1 1 13 2.667 -0.361 5.269
SPIN 4 1 1 14 3.244 1.823 -4.599
SPIN 4 1 1 15 -4.092 -3.215 2.813
SPIN 1 1 2 0 -0.768 5.828 0.670
SPIN 1 1 2 1 0.463 3.648 -4.635
SPIN 1 1 2 2 -2.778 -5.051 1.330
SPIN 1 1 2 3 5.378 -1.212 2.147
SPIN 1 1 2 4 -1.645 5.223 2.239
SPIN 1 1 2 5 1.662 -0.830 -5.617
SPIN 1 1 2 6 -4.843 -0.940 3.266
SPIN 1 1 2 7 -0.302 -5.016 -3.123
SPIN 1 1 2 8 1.761 1.076 -5.545
SPIN 1 1 2 9 -0.835 -4.780 3.384
SPIN 1 1 2 10 5.709 1.252 0.918
SPIN 1 1 2 11 0.226 5.183 -2.844
SPIN 1 1 2 12 5.686 0.662 -1.492
SPIN 1 1 2 13 -5.859 0.800 0.191
SPIN 1 1 2 14 5.912 0.181 -0.138
SPIN 1 1 2 15 -0.481 -2.260 -5.446
SPIN 4 1 2 0 2.324 -3.650 4.034
SPIN 4 1 2 1 2.521 1.898 5.004
SPIN 4 1 2 2 -1.610 -5.441 -1.673
SPIN 4 1 2 3 -1.850 2.483 5.041
SPIN 4 1 2 4 -2.882 -4.843 -1.800
SPIN 4 1 2 5 3.577 3.520 3.133
SPIN 4 1 2 6 -2.733 5.157 -0.967
SPIN 4 1 2 7 5.283 -1.956 1.807
SPIN 4 1 2 8 -3.875 4.359 -0.994
SPIN 4 1 2 9 -1.229 -3.289 4.761
SPIN 4 1 2 10 0.478 5.020 3.094
SPIN 4 1 2 11 -3.918 -3.793 2.293
SPIN 4 1 2 12 1.016 -4.012 -4.228
SPIN 4 1 2 13 -0.263 5.428 2.337
SPIN 4 1 2 14 4.562 2.465 -2.849
SPIN 4 1 2 15 -5.287 -2.513 0.857
SPIN 1 1 3 0 -2.481 -4.099 3.470
SPIN 1 1 3 1 1.673 1.482 -5.478
SPIN 1 1 3 2 -0.551 5.716 -1.422
SPIN 1 1 3 3 -4.025 2.157 -3.761
SPIN 1 1 3 4 0.601 -5.153 -2.843
SPIN 1 1 3 5 -5.894 0.018 0.508
SPIN 1 1 3 6 3.915 -2.524 -3.646
SPIN 1 1 3 7 2.442 -5.381 0.285
SPIN 1 1 3 8 -4.417 -0.201 -3.931
SPIN 1 1 3 9 4.979 3.011 -1.069
SPIN 1 1 3 10 -5.817 0.696 -0.820
SPIN 1 1 3 11 -2.748 -5.043 -1.422
SPIN 1 1 3 12 -2.305 4.087 3.603
SPIN 1 1 3 13 4.983 -3.148 -0.513
SPIN 1 1 3 14 -5.130 -2.835 0.807
SPIN 1 1 3 15 -2.606 -0.680 5.268
SPIN 4 1 3 0 -3.971 1.874 3.965
SPIN 4 1 3 1 2.721 -4.385 -2.892
SPIN 4 1 3 2 -1.520 5.241 -2.285
SPIN 4 1 3 3 -5.373 1.423 2.025
SPIN 4 1 3 4 4.401 -0.173 -3.950
SPIN 4 1 3 5 3.339 -0.865 4.806
SPIN 4 1 3 6 -2.733 -1.281 -5.088
SPIN 4 1 3 7 -2.674 1.458 5.072
SPIN 4 1 3 8 4.039 3.973 1.703
SPIN 4 1 3 9 5.832 0.373 -0.921
SPIN 4 1 3 10 -4.131 1.353 -4.013
SPIN 4 1 3 11 1.680 0.258 -5.667
SPIN 4 1 3 12 -2.766 4.307 2.967
SPIN 4 1 3 13 4.341 -3.833 -1.210
SPIN 4 1 3 14 5.528 -1.637 1.326
SPIN 4 1 3 15 5.082 -0.568 2.975
SPIN 1 1 4 0 0.834 2.342 -5.369
SPIN 1 1 4 1 1.476 -5.027 2.748
SPIN 1 1 4 2 -2.532 -3.695 3.865
SPIN 1 1 4 3 5.466 0.550 -2.195
SPIN 1 1 4 4 -5.883 -0.581 -0.217
SPIN 1 1 4 5 4.701 -3.585 -0.232
SPIN 1 1 4 6 1.074 -4.240 -3.983
SPIN 1 1 4 7 2.834 -0.770 5.136
SPIN 1 1 4 8 -0.669 1.439 -5.699
SPIN 1 1 4 9 1.230 -5.751 0.642
SPIN 1 1 4 10 -4.915 -2.480 -2.167
SPIN 1 1 4 11 -0.767 -3.285 4.860
SPIN 1 1 4 12 5.443 -1.907 -1.316
SPIN 1 1 4 13 4.429 -3.755 -1.131
SPIN 1 1 4 14 2.086 -5.397 1.233
SPIN 1 1 4 15 -0.990 -1.102 5.727
SPIN 4 1 4 0 2.500 -3.579 -3.993
SPIN 4 1 4 1 -4.399 3.367 -2.076
SPIN 4 1 4 2 3.654 2.987 -3.567
SPIN 4 1 4 3 -5.104 0.261 -2.981
SPIN 4 1 4 4 -0.314 5.024 -3.108
SPIN 4 1 4 5 -2.991 -3.727 -3.488
SPIN 4 1 4 6 2.688 4.215 3.163
SPIN 4 1 4 7 2.850 -4.914 -1.650
SPIN 4 1 4 8 -3.187 4.924 0.776
SPIN 4 1 4 9 -4.546 -3.785 -0.003
SPIN 4 1 4 10 4.373 -1.547 -3.672
SPIN 4 1 4 11 -0.209 3.851 4.486
SPIN 4 1 4 12 -0.059 4.596 -3.724
SPIN 4 1 4 13 2.055 5.061 2.272
SPIN 4 1 4 14 -3.826 -1.402 4.290
SPIN 4 1 4 15 -4.130 4.182 0.673
SPIN 1 1 5 0 0.055 -3.597 -4.696
SPIN 1 1 5 1 -4.041 4.308 0.333
SPIN 1 1 5 2 5.421 1.169 -2.061
SPIN 1 1 5 3 -4.886 -3.306 0.441
SPIN 1 1 5 4 2.612 4.764 -2.341
SPIN 1 1 5 5 -2.994 -4.746 -1.874
SPIN 1 1 5 6 -3.547 1.088 4.608
SPIN 1 1 5 7 -2.751 -4.907 -1.831
SPIN 1 1 5 8 4.984 0.756 3.097
SPIN 1 1 5 9 -2.084 0.448 -5.519
SPIN 1 1 5 10 -3.602 4.087 -2.306
SPIN 1 1 5 11 5.325 2.546 -0.400
SPIN 1 1 5 12 -5.782 -1.221 -0.276
SPIN 1 1 5 13 -2.294 2.489 -4.852
SPIN 1 1 5 14 5.701 1.417 0.703
SPIN 1 1 5 15 -2.128 4.197 -3.585
SPIN 4 1 5 0 -3.293 -0.947 -4.822
SPIN 4 1 5 1 4.538 3.673 -0.955
SPIN 4 1 5 2 -0.756 -5.781 1.005
SPIN 4 1 5 3 -2.105 0.797 -5.471
SPIN 4 1 5 4 -0.182 -5.442 -2.313
SPIN 4 1 5 5 2.832 2.559 4.520
SPIN 4 1 5 6 -0.001 -1.586 -5.700
SPIN 4 1 5 7 3.778 -2.384 3.878
SPIN 4 1 5 8 -0.403 5.330 -2.536
SPIN 4 1 5 9 -0.433 -5.534 2.045
SPIN 4 1 5 10 0.779 1.442 -5.684
SPIN 4 1 5 11 2.327 -5.037 -2.052
SPIN 4 1 5 12 3.803 -4.517 0.367
SPIN 4 1 5 13 1.994 -5.345 -1.566
SPIN 4 1 5 14 4.688 2.396 -2.699
SPIN 4 1 5 15 4.036 0.905 -4.230
SPIN 1 1 6 0 0.570 2.091 5.505
SPIN 1 1 6 1 -1.468 0.355 -5.720
SPIN 1 1 6 2 -5.429 -2.216 0.786
SPIN 1 1 6 3 1.991 -2.077 5.169
SPIN 1 1 6 4 -5.343 -2.257 -1.164
SPIN 1 1 6 5 3.130 3.240 3.835
SPIN 1 1 6 6 -5.119 2.397 -1.747
SPIN 1 1 6 7 4.769 -1.690 3.066
SPIN 1 1 6 8 2.057 0.498 -5.525
SPIN 1 1 6 9 -4.173 4.141 -0.660
SPIN 1 1 6 10 3.567 -2.280 -4.133
SPIN 1 1 6 11 5.463 1.837 -1.335
SPIN 1 1 6 12 4.870 -2.498 2.245
SPIN 1 1 6 13 -4.948 3.243 -0.037
SPIN 1 1 6 14 -4.559 3.338 1.755
SPIN 1 1 6 15 -4.636 3.664 -0.295
SPIN 4 1 6 0 -4.433 -3.321 -2.079
SPIN 4 1 6 1 5.533 -1.968 0.713
SPIN 4 1 6 2 5.034 2.092 2.298
SPIN 4 1 6 3 4.414 -2.344 3.165
SPIN 4 1 6 4 -5.901 -0.115 0.404
SPIN 4 1 6 5 4.328 -4.031 -0.115
SPIN 4 1 6 6 -4.415 -3.160 2.349
SPIN 4 1 6 7 4.707 -0.242 -3.575
SPIN 4 1 6 8 -2.542 -2.469 4.738
SPIN 4 1 6 9 4.997 1.432 2.825
SPIN 4 1 6 10 3.419 -0.399 -4.812
SPIN 4 1 6 11 -2.998 0.304 5.091
SPIN 4 1 6 12 1.755 -3.708 -4.263
SPIN 4 1 6 13 -0.957 -2.561 5.247
SPIN 4 1 6 14 1.168 -5.613 -1.459
SPIN 4 1 6 15 5.816 0.008 1.084
SPIN 1 1 7 0 -0.319 -5.143 -2.907
SPIN 1 1 7 1 5.166 2.233 1.824
SPIN 1 1 7 2 2.724 -4.932 1.805
SPIN 1 1 7 3 -0.856 -2.332 -5.369
SPIN 1 1 7 4 4.311 -0.154 -4.048
SPIN 1 1 7 5 -0.003 1.936 -5.590
SPIN 1 1 7 6 0.984 3.756 -4.464
SPIN 1 1 7 7 1.560 0.433 5.690
SPIN 1 1 7 8 -2.211 4.024 3.730
SPIN 1 1 7 9 3.375 -0.421 4.840
SPIN 1 1 7 10 -5.618 1.827 0.324
SPIN 1 1 7 11 0.371 5.561 -1.985
SPIN 1 1 7 12 0.473 1.914 -5.578
SPIN 1 1 7 13 -5.759 -1.056 -0.849
SPIN 1 1 7 14 0.923 5.756 -1.006
SPIN 1 1 7 15 4.839 1.384 -3.109
SPIN 4 1 7 0 3.197 3.502 -3.538
SPIN 4 1 7 1 -5.248 -1.846 -2.013
SPIN 4 1 7 2 -1.160 2.985 4.974
SPIN 4 1 7 3 -0.166 2.430 5.391
SPIN 4 1 7 4 2.138 -5.250 1.692
SPIN 4 1 7 5 -4.686 3.020 1.981
SPIN 4 1 7 6 4.638 -2.495 -2.695
SPIN 4 1 7 7 -3.904 -2.988 3.291
SPIN 4 1 7 8 -3.490 4.217 -2.244
SPIN 4 1 7 9 3.612 -3.797 -2.745
SPIN 4 1 7 10 3.089 2.162 4.559
SPIN 4 1 7 11 4.849 0.911 -3.264
SPIN 4 1 7 12 -2.013 -2.753 4.834
SPIN 4 1 7 13 4.728 -3.477 0.748
SPIN 4 1 7 14 -5.714 -1.210 0.944
SPIN 4 1 7 15 -2.465 4.808 -2.409
SPIN 1 1 8 0 5.264 0.787 2.583
SPIN 1 1 8 1 -2.012 -3.479 -4.341
SPIN 1 1 8 2 1.300 5.636 1.243
SPIN 1 1 8 3 0.127 -3.466 4.793
SPIN 1 1 8 4 5.099 -0.354 2.979
SPIN 1 1 8 5 0.747 3.798 -4.474
SPIN 1 1 8 6 -2.485 0.977 5.279
SPIN 1 1 8 7 -0.715 4.696 -3.527
SPIN 1 1 8 8 3.337 4.247 2.415
SPIN 1 1 8 9 -5.579 1.137 -1.606
SPIN 1 1 8 10 5.836 0.104 -0.965
SPIN 1 1 8 11 1.030 -5.755 0.903
SPIN 1 1 8 12 -5.853 -0.415 0.757
SPIN 1 1 8 13 2.011 5.087 -2.252
SPIN 1 1 8 14 -1.098 -5.812 0.131
SPIN 1 1 8 15 2.712 -1.944 -4.885
SPIN 4 1 8 0 -0.572 -1.991 -5.542
SPIN 4 1 8 1 -3.382 3.742 3.093
SPIN 4 1 8 2 -5.037 3.103 -0.030
SPIN 4 1 8 3 3.199 0.668 4.931
SPIN 4 1 8 4 0.164 5.448 2.301
SPIN 4 1 8 5 4.781 2.751 2.138
SPIN 4 1 8 6 0.809 -0.203 5.857
SPIN 4 1 8 7 3.833 1.991 4.043
SPIN 4 1 8 8 -4.678 -1.624 3.236
SPIN 4 1 8 9 -4.448 -0.460 3.874
SPIN 4 1 8 10 1.034 5.812 -0.382
SPIN 4 1 8 11 -4.594 -3.616 0.908
SPIN 4 1 8 12 3.042 4.199 2.849
SPIN 4 1 8 13 -5.033 -0.943 2.963
SPIN 4 1 8 14 0.295 -0.496 5.888
SPIN 4 1 8 15 -0.441 4.571 3.730
SPIN 1 1 9 0 0.701 2.975 5.065
SPIN 1 1 9 1 4.800 2.979 -1.757
SPIN 1 1 9 2 -3.268 3.008 -3.908
SPIN 1 1 9 3 3.889 -2.326 -3.803
SPIN 1 1 9 4 -3.425 -0.307 -4.814
SPIN 1 1 9 5 -5.001 0.317 3.145
SPIN 1 1 9 6 2.400 -5.279 1.171
SPIN 1 1 9 7 -5.477 -1.824 1.295
SPIN 1 1 9 8 -5.036 1.611 2.654
SPIN 1 1 9 9 5.251 1.275 -2.409
SPIN 1 1 9 10 -5.100 0.074 -2.998
SPIN 1 1 9 11 -3.194 -2.560 -4.272
SPIN 1 1 9 12 5.821 0.972 -0.410
SPIN 1 1 9 13 -4.809 3.413 0.473
SPIN 1 1 9 14 2.804 1.432 -5.009
SPIN 1 1 9 15 -5.717 -0.541 -1.423
SPIN 4 1 9 0 -5.651 0.039 -1.751
SPIN 4 1 9 1 -1.997 -3.600 -4.249
SPIN 4 1 9 2 4.648 -2.307 -2.842
SPIN 4 1 9 3 -0.072 5.533 -2.093
SPIN 4 1 9 4 1.539 -5.493 1.569
SPIN 4 1 9 5 -5.651 -0.564 1.656
SPIN 4 1 9 6 -3.236 3.943 -2.997
SPIN 4 1 9 7 1.585 -5.669 0.588
SPIN 4 1 9 8 -5.390 -1.890 1.541
SPIN 4 1 9 9 4.623 -2.204 2.962
SPIN 4 1 9 10 3.263 0.836 4.864
SPIN 4 1 9 11 2.152 5.506 -0.238
SPIN 4 1 9 12 -2.646 4.714 -2.403
SPIN 4 1 9 13 -0.396 -5.792 1.137
SPIN 4 1 9 14 3.294 3.838 -3.068
SPIN 4 1 9 15 5.685 -0.359 -1.596
SPIN 1 1 10 0 -4.602 -1.621 -3.346
SPIN 1 1 10 1 -4.543 -1.406 -3.519
SPIN 1 1 10 2 3.069 4.885 1.310
SPIN 1 1 10 3 -3.209 -0.603 -4.933
SPIN 1 1 10 4 4.203 -2.206 3.531
SPIN 1 1 10 5 4.877 0.049 -3.348
SPIN 1 1 10 6 0.272 5.290 2.636
SPIN 1 1 10 7 0.533 1.342 5.737
SPIN 1 1 10 8 -0.470 -3.153 -4.984
SPIN 1 1 10 9 3.065 2.640 -4.317
SPIN 1 1 10 10 5.066 0.676 2.980
SPIN 1 1 10 11 -2.645 5.289 -0.169
SPIN 1 1 10 12 0.429 -5.899 -0.132
SPIN 1 1 10 13 2.244 2.630 -4.801
SPIN 1 1 10 14 -2.144 -3.285 -4.429
SPIN 1 1 10 15 -3.566 2.790 3.808
SPIN 4 1 10 0 5.900 -0.408 0.135
SPIN 4 1 10 1 -3.968 -4.029 1.739
SPIN 4 1 10 2 -2.328 3.156 -4.429
SPIN 4 1 10 3 5.061 0.337 -3.045
SPIN 4 1 10 4 -3.712 0.594 4.568
SPIN 4 1 10 5 3.887 -4.128 1.689
SPIN 4 1 10 6 -3.565 -2.993 -3.651
SPIN 4 1 10 7 5.642 -1.707 0.501
SPIN 4 1 10 8 -5.899 -0.421 -0.171
SPIN 4 1 10 9 0.967 0.799 -5.782
SPIN 4 1 10 10 5.239 -1.303 2.420
SPIN 4 1 10 11 -0.840 3.337 4.813
SPIN 4 1 10 12 5.845 0.708 0.581
SPIN 4 1 10 13 1.427 3.316 -4.687
SPIN 4 1 10 14 -5.413 -1.226 2.049
SPIN 4 1 10 15 5.213 -2.569 -1.107
SPIN 1 1 11 0 -1.446 5.253 -2.306
SPIN 1 1 11 1 -2.388 0.976 -5.324
SPIN 1 1 11 2 -0.920 -2.631 5.218
SPIN 1 1 11 3 5.876 0.077 -0.684
SPIN 1 1 11 4 -1.751 4.840 -2.917
SPIN 1 1 11 5 4.815 -2.042 -2.765
SPIN 1 1 11 6 -1.802 4.908 2.769
SPIN 1 1 11 7 4.851 -2.967 -1.634
SPIN 1 1 11 8 -5.041 1.872 2.467
SPIN 1 1 11 9 3.341 -4.027 -2.761
SPIN 1 1 11 10 -4.015 -0.272 -4.337
SPIN 1 1 11 11 1.051 -5.568 1.702
SPIN 1 1 11 12 -1.763 0.912 5.573
SPIN 1 1 11 13 -1.845 1.495 -5.419
SPIN 1 1 11 14 -4.713 3.483 0.809
SPIN 1 1 11 15 1.880 -3.009 -4.734
SPIN 4 1 11 0 -5.162 -0.109 2.888
SPIN 4 1 11 1 0.494 5.055 3.034
SPIN 4 1 11 2 4.332 3.590 1.829
SPIN 4 1 11 3 -5.642 0.377 -1.738
SPIN 4 1 11 4 -4.797 -3.063 -1.614
SPIN 4 1 11 5 -3.386 -0.821 -4.781
SPIN 4 1 11 6 3.927 -3.089 -3.168
SPIN 4 1 11 7 -4.513 0.652 3.770
SPIN 4 1 11 8 5.223 -2.740 -0.458
SPIN 4 1 11 9 -2.599 -4.767 2.350
SPIN 4 1 11 10 -3.554 -4.682 -0.667
SPIN 4 1 11 11 4.062 -2.680 -3.364
SPIN 4 1 11 12 -5.747 1.232 0.670
SPIN 4 1 11 13 1.016 2.574 -5.229
SPIN 4 1 11 14 -3.707 -1.372 4.402
SPIN 4 1 11 15 -0.616 -0.777 5.832
SPIN 1 1 12 0 0.311 1.962 5.573
SPIN 1 1 12 1 2.421 -2.912 -4.545
SPIN 1 1 12 2 1.136 4.783 3.291
SPIN 1 1 12 3 0.412 -3.731 -4.573
SPIN 1 1 12 4 2.141 5.474 -0.669
SPIN 1 1 12 5 3.233 -4.866 -0.930
SPIN 1 1 12 6 -0.776 1.766 -5.593
SPIN 1 1 12 7 2.392 -5.395 0.414
SPIN 1 1 12 8 3.215 -4.616 1.833
SPIN 1 1 12 9 -1.420 5.546 1.493
SPIN 1 1 12 10 4.500 0.056 -3.840
SPIN 1 1 12 11 -3.012 -3.417 3.776
SPIN 1 1 12 12 4.887 3.263 -0.685
SPIN 1 1 12 13 5.374 2.262 1.000
SPIN 1 1 12 14 5.218 1.431 2.393
SPIN 1 1 12 15 -3.906 3.854 -2.212
SPIN 4 1 12 0 1.596 -1.813 5.401
SPIN 4 1 12 1 0.661 3.547 4.688
SPIN 4 1 12 2 0.558 -5.330 2.506
SPIN 4 1 12 3 -3.786 -4.438 -0.987
SPIN 4 1 12 4 2.414 -4.059 -3.564
SPIN 4 1 12 5 -4.168 0.174 4.195
SPIN 4 1 12 6 2.348 1.551 -5.204
SPIN 4 1 12 7 -0.666 -5.854 0.538
SPIN 4 1 12 8 -4.395 3.237 -2.281
SPIN 4 1 12 9 -3.414 1.843 -4.466
SPIN 4 1 12 10 0.456 -3.673 4.616
SPIN 4 1 12 11 -4.493 -3.466 -1.671
SPIN 4 1 12 12 5.410 -2.315 0.609
SPIN 4 1 12 13 0.888 3.973 4.293
SPIN 4 1 12 14 5.914 0.112 0.123
SPIN 4 1 12 15 -5.361 -2.352 -0.852
SPIN 1 1 13 0 -2.384 2.296 -4.903
SPIN 1 1 13 1 -0.397 1.907 -5.586
SPIN 1 1 13 2 4.714 -2.631 -2.419
SPIN 1 1 13 3 -2.496 -3.064 4.403
SPIN 1 1 13 4 2.871 0.597 -5.138
SPIN 1 1 13 5 -3.765 2.381 3.893
SPIN 1 1 13 6 1.447 4.310 -3.786
SPIN 1 1 13 7 -0.633 -3.541 4.697
SPIN 1 1 13 8 -5.118 1.763 2.387
SPIN 1 1 13 9 3.812 -4.495 -0.518
SPIN 1 1 13 10 0.220 5.477 -2.225
SPIN 1 1 13 11 -1.683 -3.952 -4.068
SPIN 1 1 13 12 2.108 2.018 5.146
SPIN 1 1 13 13 -2.422 5.236 1.311
SPIN 1 1 13 14 -4.507 -2.972 2.420
SPIN 1 1 13 15 5.872 -0.578 0.430
SPIN 4 1 13 0 0.057 3.001 -5.098
SPIN 4 1 13 1 -2.419 -4.230 3.355
SPIN 4 1 13 2 3.259 -0.641 4.895
SPIN 4 1 13 3 -3.374 3.576 -3.291
SPIN 4 1 13 4 -2.491 -0.355 5.354
SPIN 4 1 13 5 -0.068 -1.798 5.636
SPIN 4 1 13 6 -4.002 0.389 -4.340
SPIN 4 1 13 7 1.110 -1.306 5.662
SPIN 4 1 13 8 5.130 2.825 -0.840
SPIN 4 1 13 9 3.060 4.132 2.926
SPIN 4 1 13 10 -4.090 4.271 -0.193
SPIN 4 1 13 11 4.545 -3.711 -0.754
SPIN 4 1 13 12 -4.091 1.430 -4.027
SPIN 4 1 13 13 2.364 5.423 0.037
SPIN 4 1 13 14 0.300 3.115 -5.021
SPIN 4 1 13 15 -4.598 2.515 2.745
SPIN 1 1 14 0 2.731 -3.438 3.965
SPIN 1 1 14 1 0.876 2.704 -5.188
SPIN 1 1 14 2 -4.408 3.946 -0.026
SPIN 1 1 14 3 2.678 -5.035 -1.574
SPIN 1 1 14 4 -1.289 -3.846 4.306
SPIN 1 1 14 5 2.152 0.449 -5.493
SPIN 1 1 14 6 -1.732 -4.980 -2.684
SPIN 1 1 14 7 3.253 0.953 4.849
SPIN 1 1 14 8 -0.408 -5.618 -1.807
SPIN 1 1 14 9 -5.474 -0.568 2.171
SPIN 1 1 14 10 2.852 4.525 -2.528
SPIN 1 1 14 11 -2.165 3.484 4.264
SPIN 1 1 14 12 -4.019 -4.271 0.776
SPIN 1 1 14 13 -5.256 -1.055 -2.502
SPIN 1 1 14 14 3.860 -3.671 2.573
SPIN 1 1 14 15 -4.854 0.873 -3.268
SPIN 4 1 14 0 -1.472 -4.594 3.424
SPIN 4 1 14 1 -1.768 -0.574 -5.616
SPIN 4 1 14 2 -2.235 5.344 -1.201
SPIN 4 1 14 3 -3.484 -2.895 3.805
SPIN 4 1 14 4 2.258 4.230 -3.465
SPIN 4 1 14 5 -0.895 -4.919 -3.163
SPIN 4 1 14 6 0.154 -2.095 5.531
SPIN 4 1 14 7 2.304 -5.332 1.121
SPIN 4 1 14 8 -4.536 2.518 2.844
SPIN 4 1 14 9 2.129 4.088 3.709
SPIN 4 1 14 10 0.243 3.117 5.022
SPIN 4 1 14 11 0.097 -4.002 -4.356
SPIN 4 1 14 12 4.093 4.107 -1.175
SPIN 4 1 14 13 0.534 -5.380 2.403
SPIN 4 1 14 14 1.832 -0.028 5.625
SPIN 4 1 14 15 5.863 -0.649 -0.453
SPIN 1 1 15 0 -5.906 -0.245 -0.234
SPIN 1 1 15 1 0.772 4.585 3.658
SPIN 1 1 15 2 2.558 -5.088 1.604
SPIN 1 1 15 3 -4.785 -0.495 -3.444
SPIN 1 1 15 4 1.555 -4.823 -3.052
SPIN 1 1 15 5 2.958 4.955 -1.300
SPIN 1 1 15 6 5.824 -0.775 0.689
SPIN 1 1 15 7 1.879 5.587 0.509
SPIN 1 1 15 8 -5.036 -2.366 -2.011
SPIN 1 1 15 9 5.714 -1.288 -0.832
SPIN 1 1 15 10 -3.271 -0.456 4.909
SPIN 1 1 15 11 4.660 -1.617 -3.267
SPIN 1 1 15 12 0.534 3.912 -4.406
SPIN 1 1 15 13 -0.163 -5.857 0.821
SPIN 1 1 15 14 -3.398 0.797 -4.777
SPIN 1 1 15 15 3.418 -0.301 4.820
SPIN 4 1 15 0 -4.863 -2.065 2.663
SPIN 4 1 15 1 -2.057 -1.734 -5.269
SPIN 4 1 15 2 5.827 -1.022 0.043
SPIN 4 1 15 3 -3.610 3.923 2.564
SPIN 4 1 15 4 4.014 -2.774 3.346
SPIN 4 1 15 5 -5.181 -2.587 -1.211
SPIN 4 1 15 6 0.792 -4.044 -4.245
SPIN 4 1 15 7 -0.808 3.981 4.301
SPIN 4 1 15 8 4.985 2.152 -2.349
SPIN 4 1 15 9 -2.218 -0.245 -5.479
SPIN 4 1 15 10 -1.466 5.466 1.726
SPIN 4 1 15 11 -1.542 1.515 5.507
SPIN 4 1 15 12 -2.810 -3.858 3.496
SPIN 4 1 15 13 0.114 0.450 5.898
SPIN 4 1 15 14 2.008 0.572 -5.535
SPIN 4 1 15 15 -3.068 4.359 -2.567
SPIN 3 1 0 0 -5.215 -0.391 -2.765
SPIN 3 1 0 1 2.767 5.169 0.794
SPIN 3 1 0 2 2.230 5.027 2.181
SPIN 3 1 0 3 5.442 1.973 1.220
SPIN 3 1 0 4 -5.095 -2.666 1.391
SPIN 3 1 0 5 -0.082 4.443 3.906
SPIN 3 1 0 6 5.102 -1.083 2.793
SPIN 3 1 0 7 3.713 4.133 2.032
SPIN 3 1 0 8 -0.318 3.510 4.751
SPIN 3 1 0 9 -4.658 -2.242 2.877
SPIN 3 1 0 10 3.063 3.481 -3.674
SPIN 3 1 0 11 3.880 3.333 -2.973
SPIN 3 1 0 12 -1.836 -0.390 -5.610
SPIN 3 1 0 13 5.340 0.039 2.547
SPIN 3 1 0 14 -4.373 1.847 3.531
SPIN 3 1 0 15 4.598 -3.376 1.568
SPIN 2 1 0 0 1.749 2.277 -5.173
SPIN 2 1 0 1 -2.080 1.960 5.180
SPIN 2 1 0 2 3.356 -4.746 -1.102
SPIN 2 1 0 3 -3.176 3.249 -3.789
SPIN 2 1 0 4 4.991 -1.604 -2.742
SPIN 2 1 0 5 1.428 4.472 -3.600
SPIN 2 1 0 6 -2.058 -5.181 1.981
SPIN 2 1 0 7 2.501 1.883 -5.020
SPIN 2 1 0 8 -1.284 5.237 2.435
SPIN 2 1 0 9 1.686 -1.997 -5.308
SPIN 2 1 0 10 3.399 -2.679 4.034
SPIN 2 1 0 11 5.445 1.831 1.416
SPIN 2 1 0 12 2.273 -1.393 5.281
SPIN 2 1 0 13 2.483 0.649 5.330
SPIN 2 1 0 14 -5.487 1.031 -1.958
SPIN 2 1 0 15 -3.121 1.877 4.662
SPIN 3 1 1 0 1.226 -2.953 -4.978
SPIN 3 1 1 1 0.148 -4.986 -3.181
SPIN 3 1 1 2 2.188 -3.059 4.567
SPIN 3 1 1 3 1.099 -3.808 -4.392
SPIN 3 1 1 4 -1.300 -5.575 -1.494
SPIN 3 1 1 5 -1.140 -3.681 -4.489
SPIN 3 1 1 6 -2.870 -2.712 4.406
SPIN 3 1 1 7 1.562 -2.739 -5.006
SPIN 3 1 1 8 2.647 -2.403 -4.714
SPIN 3 1 1 9 0.024 2.851 5.184
SPIN 3 1 1 10 -2.507 -3.461 4.092
SPIN 3 1 1 11 1.820 -2.260 5.155
SPIN 3 1 1 12 -4.483 3.558 -1.498
SPIN 3 1 1 13 1.661 5.411 1.722
SPIN 3 1 1 14 -3.065 -5.049 0.343
SPIN 3 1 1 15 -2.169 5.422 0.945
SPIN 2 1 1 0 1.591 -2.153 -5.276
SPIN 2 1 1 1 -3.402 -1.347 4.649
SPIN 2 1 1 2 -0.832 2.846 5.119
SPIN 2 1 1 3 3.027 3.798 3.378
SPIN 2 1 1 4 -5.896 0.399 0.271
SPIN 2 1 1 5 -2.166 4.184 3.578
SPIN 2 1 1 6 2.835 5.192 0.066
SPIN 2 1 1 7 2.358 0.526 -5.400
SPIN 2 1 1 8 -3.882 0.795 -4.393
SPIN 2 1 1 9 4.203 3.381 2.428
SPIN 2 1 1 10 -4.951 3.125 -0.850
SPIN 2 1 1 11 -0.374 2.758 5.220
SPIN 2 1 1 12 3.270 2.308 4.357
SPIN 2 1 1 13 -5.789 -0.690 1.008
SPIN 2 1 1 14 0.144 2.765 -5.228
SPIN 2 1 1 15 4.222 -3.197 2.637
SPIN 3 1 2 0 1.131 3.297 -4.780
SPIN 3 1 2 1 -5.718 1.483 -0.319
SPIN 3 1 2 2 2.594 3.881 3.635
SPIN 3 1 2 3 -3.504 1.177 4.619
SPIN 3 1 2 4 -2.414 5.269 -1.188
SPIN 3 1 2 5 2.914 -4.751 1.985
SPIN 3 1 2 6 0.259 5.896 0.417
SPIN 3 1 2 7 4.202 0.893 4.068
SPIN 3 1 2 8 -2.073 2.846 -4.754
SPIN 3 1 2 9 -4.844 0.113 -3.395
SPIN 3 1 2 10 4.947 -1.078 -3.060
SPIN 3 1 2 11 -4.893 1.345 -3.041
SPIN 3 1 2 12 5.644 -1.773 -0.073
SPIN 3 1 2 13 -0.491 -5.894 -0.149
SPIN 3 1 2 14 -0.261 5.774 1.263
SPIN 3 1 2 15 -4.384 3.239 -2.301
SPIN 2 1 2 0 -1.214 2.018 5.427
SPIN 2 1 2 1 0.533 -5.386 -2.390
SPIN 2 1 2 2 5.238 -1.531 2.284
SPIN 2 1 2 3 4.799 3.343 -0.890
SPIN 2 1 2 4 1.473 4.652 -3.345
SPIN 2 1 2 5 1.616 1.474 -5.497
SPIN 2 1 2 6 1.489 -1.135 -5.612
SPIN 2 1 2 7 -1.673 2.081 5.279
SPIN 2 1 2 8 0.833 5.658 1.516
SPIN 2 1 2 9 -4.791 -3.446 -0.405
SPIN 2 1 2 10 1.382 5.523 -1.607
SPIN 2 1 2 11 -3.553 -2.761 -3.841
SPIN 2 1 2 12 1.636 0.340 -5.675
SPIN 2 1 2 13 1.800 3.730 -4.224
SPIN 2 1 2 14 -3.364 -2.714 4.039
SPIN 2 1 2 15 4.421 3.690 -1.359
SPIN 3 1 3 0 -5.672 1.194 1.187
SPIN 3 1 3 1 -2.991 -3.040 4.101
SPIN 3 1 3 2 3.055 4.484 -2.358
SPIN 3 1 3 3 -3.298 -0.680 4.864
SPIN 3 1 3 4 3.484 -4.775 -0.247
SPIN 3 1 3 5 -2.523 3.424 4.112
SPIN 3 1 3 6 3.749 4.563 -0.350
SPIN 3 1 3 7 -4.965 2.404 -2.137
SPIN 3 1 3 8 3.807 1.526 -4.264
SPIN 3 1 3 9 -4.354 3.763 1.371
SPIN 3 1 3 10 -2.443 4.883 -2.278
SPIN 3 1 3 11 0.889 -5.632 -1.577
SPIN 3 1 3 12 4.538 -2.497 -2.858
SPIN 3 1 3 13 -4.034 -0.830 4.247
SPIN 3 1 3 14 5.425 2.346 -0.261
SPIN 3 1 3 15 -0.346 0.038 5.906
SPIN 2 1 3 0 3.256 -2.968 3.949
SPIN 2 1 3 1 2.025 -3.912 -3.949
SPIN 2 1 3 2 3.087 3.310 -3.810
SPIN 2 1 3 3 3.000 0.814 -5.033
SPIN 2 1 3 4 -0.742 5.869 -0.099
SPIN 2 1 3 5 -1.966 -3.949 -3.942
SPIN 2 1 3 6 -0.614 2.172 5.468
SPIN 2 1 3 7 -2.828 3.102 4.169
SPIN 2 1 3 8 0.982 -4.342 -3.896
SPIN 2 1 3 9 2.902 -3.770 3.517
SPIN 2 1 3 10 -0.707 5.841 0.623
SPIN 2 1 3 11 0.400 2.780 5.207
SPIN 2 1 3 12 0.621 1.584 -5.666
SPIN 2 1 3 13 -3.383 -1.361 4.658
SPIN 2 1 3 14 3.879 -4.440 -0.487
SPIN 2 1 3 15 -4.301 2.843 -2.901
SPIN 3 1 4 0 3.016 5.069 -0.460
SPIN 3 1 4 1 5.714 1.441 -0.528
SPIN 3 1 4 2 0.666 -2.824 5.156
SPIN 3 1 4 3 -1.868 0.374 -5.601
SPIN 3 1 4 4 -4.826 -0.619 3.365
SPIN 3 1 4 5 5.897 -0.290 -0.372
SPIN 3 1 4 6 4.761 -1.674 3.087
SPIN 3 1 4 7 0.322 3.748 -4.566
SPIN 3 1 4 8 -3.566 -3.861 2.716
SPIN 3 1 4 9 4.532 3.600 1.227
SPIN 3 1 4 10 5.562 0.335 1.988
SPIN 3 1 4 11 0.175 -2.227 -5.478
SPIN 3 1 4 12 -4.670 -0.724 3.559
SPIN 3 1 4 13 4.044 3.845 1.965
SPIN 3 1 4 14 0.400 5.243 -2.711
SPIN 3 1 4 15 2.216 4.546 -3.070
SPIN 2 1 4 0 -4.488 3.773 -0.787
SPIN 2 1 4 1 3.067 -4.738 -1.774
SPIN 2 1 4 2 -5.894 -0.512 -0.061
SPIN 2 1 4 3 3.097 4.622 -2.011
SPIN 2 1 4 4 4.483 -3.829 -0.486
SPIN 2 1 4 5 3.832 4.507 0.017
SPIN 2 1 4 6 -2.302 -1.051 5.348
SPIN 2 1 4 7 -2.458 4.724 -2.577
SPIN 2 1 4 8 0.627 -5.862 0.492
SPIN 2 1 4 9 2.559 0.296 -5.326
SPIN 2 1 4 10 1.749 1.840 5.343
SPIN 2 1 4 11 -1.330 2.874 -4.997
SPIN 2 1 4 12 0.755 -1.647 5.632
SPIN 2 1 4 13 -1.088 -4.604 -3.552
SPIN 2 1 4 14 0.807 5.840 -0.488
SPIN 2 1 4 15 4.438 -3.345 2.029
SPIN 3 1 5 0 -0.877 -2.003 5.497
SPIN 3 1 5 1 1.203 -0.717 -5.748
SPIN 3 1 5 2 -4.916 2.882 -1.589
SPIN 3 1 5 3 -0.639 -5.852 0.583
SPIN 3 1 5 4 1.125 4.959 3.023
SPIN 3 1 5 5 -4.901 -3.297 -0.327
SPIN 3 1 5 6 4.394 -3.826 1.023
SPIN 3 1 5 7 -2.744 -3.000 -4.298
SPIN 3 1 5 8 -5.402 0.404 -2.379
SPIN 3 1 5 9 -2.735 -1.138 5.121
SPIN 3 1 5 10 -2.705 2.581 -4.585
SPIN 3 1 5 11 1.897 1.130 5.488
SPIN 3 1 5 12 -1.959 -0.947 -5.501
SPIN 3 1 5 13 -2.894 -4.567 -2.402
SPIN 3 1 5 14 -0.306 -5.873 0.642
SPIN 3 1 5 15 -4.550 3.310 -1.828
SPIN 2 1 5 0 1.185 -4.490 3.665
SPIN 2 1 5 1 5.254 2.705 -0.282
SPIN 2 1 5 2 -1.751 -5.391 -1.695
SPIN 2 1 5 3 -2.316 -3.301 -4.329
SPIN 2 1 5 4 4.521 3.388 1.757
SPIN 2 1 5 5 -5.816 -0.194 1.069
SPIN 2 1 5 6 5.093 2.457 -1.740
SPIN 2 1 5 7 -5.607 1.733 0.750
SPIN 2 1 5 8 5.482 0.905 -2.032
SPIN 2 1 5 9 1.345 -5.154 2.575
SPIN 2 1 5 10 -1.896 1.036 5.507
SPIN 2 1 5 11 -5.567 -1.998 -0.126
SPIN 2 1 5 12 0.678 2.692 -5.224
SPIN 2 1 5 13 -4.153 2.564 -3.343
SPIN 2 1 5 14 4.280 4.081 -0.163
SPIN 2 1 5 15 -1.643 1.446 5.496
SPIN 3 1 6 0 4.803 -0.952 3.320
SPIN 3 1 6 1 -3.851 2.949 -3.388
SPIN 3 1 6 2 -0.381 -4.922 -3.259
SPIN 3 1 6 3 -0.293 -0.584 5.880
SPIN 3 1 6 4 -5.528 0.279 -2.089
SPIN 3 1 6 5 4.644 -3.618 0.588
SPIN 3 1 6 6 -1.780 5.571 -0.889
SPIN 3 1 6 7 -0.674 4.728 3.491
SPIN 3 1 6 8 5.128 1.305 -2.645
SPIN 3 1 6 9 1.004 4.726 3.414
SPIN 3 1 6 10 -1.786 -5.499 -1.253
SPIN 3 1 6 11 4.333 -2.547 3.121
SPIN 3 1 6 12 -4.164 -0.052 -4.202
SPIN 3 1 6 13 5.629 -0.475 -1.759
SPIN 3 1 6 14 2.687 5.128 -1.217
SPIN 3 1 6 15 -3.008 -3.523 -3.680
SPIN 2 1 6 0 -0.880 5.250 2.581
SPIN 2 1 6 1 -2.953 -4.009 3.196
SPIN 2 1 6 2 3.862 3.189 3.148
SPIN 2 1 6 3 1.287 5.517 1.705
SPIN 2 1 6 4 -4.495 -3.248 -2.061
SPIN 2 1 6 5 5.407 1.310 2.011
SPIN 2 1 6 6 -3.750 -4.268 1.651
SPIN 2 1 6 7 4.703 -2.725 2.336
SPIN 2 1 6 8 -5.709 -1.465 -0.508
SPIN 2 1 6 9 -5.322 1.066 2.353
SPIN 2 1 6 10 0.369 4.996 -3.147
SPIN 2 1 6 11 2.226 -5.125 -1.943
SPIN 2 1 6 12 -5.239 2.399 1.339
SPIN 2 1 6 13 3.751 -0.373 4.559
SPIN 2 1 6 14 -1.362 -5.166 -2.542
SPIN 2 1 6 15 -4.516 1.105 -3.659
SPIN 3 1 7 0 -2.185 4.459 -3.216
SPIN 3 1 7 1 -3.703 2.366 3.961
SPIN 3 1 7 2 -0.175 -1.642 5.681
SPIN 3 1 7 3 0.481 2.164 -5.485
SPIN 3 1 7 4 -0.614 -5.748 -1.260
SPIN 3 1 7 5 0.407 2.220 5.468
SPIN 3 1 7 6 1.546 -5.183 -2.398
SPIN 3 1 7 7 1.669 2.056 -5.290
SPIN 3 1 7 8 0.219 4.769 3.494
SPIN 3 1 7 9 -5.911 -0.161 0.195
SPIN 3 1 7 10 4.035 3.205 2.906
SPIN 3 1 7 11 2.582 -5.219 -1.046
SPIN 3 1 7 12 -1.789 5.635 -0.215
SPIN 3 1 7 13 1.011 5.646 1.449
SPIN 3 1 7 14 -0.926 -5.807 -0.645
SPIN 3 1 7 15 -3.083 -4.002 3.078
SPIN 2 1 7 0 5.177 -2.863 -0.061
SPIN 2 1 7 1 -5.014 3.113 0.419
SPIN 2 1 7 2 0.421 -2.966 -5.102
SPIN 2 1 7 3 0.052 -5.767 1.317
SPIN 2 1 7 4 -2.905 4.239 -2.930
SPIN 2 1 7 5 -3.397 -2.307 -4.259
SPIN 2 1 7 6 0.923 -5.814 0.590
SPIN 2 1 7 7 0.312 4.685 -3.599
SPIN 2 1 7 8 -4.039 -4.322 0.108
SPIN 2 1 7 9 3.776 -2.549 3.775
SPIN 2 1 7 10 5.149 -2.842 0.644
SPIN 2 1 7 11 -4.517 -3.760 0.674
SPIN 2 1 7 12 3.837 -3.216 3.152
SPIN 2 1 7 13 0.062 4.646 -3.662
SPIN 2 1 7 14 3.762 3.429 -3.015
SPIN 2 1 7 15 -5.076 0.038 3.039
SPIN 3 1 8 0 1.711 2.380 -5.139
SPIN 3 1 8 1 -0.666 5.329 -2.481
SPIN 3 1 8 2 1.408 3.847 4.268
SPIN 3 1 8 3 1.414 5.742 0.181
SPIN 3 1 8 4 2.493 -5.341 -0.505
SPIN 3 1 8 5 -3.909 4.369 0.797
SPIN 3 1 8 6 4.931 2.435 2.181
SPIN 3 1 8 7 -0.570 2.649 5.259
SPIN 3 1 8 8 0.990 3.978 -4.266
SPIN 3 1 8 9 4.012 -3.302 2.829
SPIN 3 1 8 10 1.629 0.579 5.658
SPIN 3 1 8 11 3.107 4.480 -2.295
SPIN 3 1 8 12 0.467 -5.657 1.666
SPIN 3 1 8 13 -4.708 -2.052 -2.937
SPIN 3 1 8 14 -2.899 4.255 -2.914
SPIN 3 1 8 15 0.959 3.416 4.734
SPIN 2 1 8 0 -3.772 1.701 -4.228
SPIN 2 1 8 1 1.556 -4.979 2.791
SPIN 2 1 8 2 0.569 -5.456 2.216
SPIN 2 1 8 3 -0.676 -2.363 -5.382
SPIN 2 1 8 4 -3.316 -4.836 -0.784
SPIN 2 1 8 5 3.948 4.294 -0.988
SPIN 2 1 8 6 -3.955 -0.744 -4.337
SPIN 2 1 8 7 2.808 -5.153 0.749
SPIN 2 1 8 8 -3.899 4.373 -0.823
SPIN 2 1 8 9 4.806 1.358 -3.172
SPIN 2 1 8 10 -5.529 -1.785 -1.114
SPIN 2 1 8 11 0.043 4.696 3.598
SPIN 2 1 8 12 3.911 -4.438 -0.069
SPIN 2 1 8 13 0.363 -3.079 -5.039
SPIN 2 1 8 14 1.484 4.357 3.717
SPIN 2 1 8 15 -0.042 -5.797 1.179
SPIN 3 1 9 0 1.691 2.784 4.938
SPIN 3 1 9 1 -3.054 -3.614 3.552
SPIN 3 1 9 2 2.485 1.086 5.258
SPIN 3 1 9 3 -1.847 -1.167 5.498
SPIN 3 1 9 4 3.241 -3.535 3.464
SPIN 3 1 9 5 -3.500 -2.380 -4.134
SPIN 3 1 9 6 2.041 -5.288 1.696
SPIN 3 1 9 7 2.474 5.223 -1.265
SPIN 3 1 9 8 -0.055 -2.582 5.323
SPIN 3 1 9 9 2.693 3.064 -4.285
SPIN 3 1 9 10 2.057 -5.416 -1.198
SPIN 3 1 9 11 -4.894 0.425 3.297
SPIN 3 1 9 12 4.489 3.753 0.876
SPIN 3 1 9 13 5.648 -1.752 0.177
SPIN 3 1 9 14 -4.431 -3.621 -1.502
SPIN 3 1 9 15 5.480 -1.554 1.600
SPIN 2 1 9 0 0.178 -2.006 -5.563
SPIN 2 1 9 1 4.925 3.276 -0.098
SPIN 2 1 9 2 1.364 -1.085 5.654
SPIN 2 1 9 3 -5.780 -0.940 -0.842
SPIN 2 1 9 4 3.925 -0.998 4.313
SPIN 2 1 9 5 -1.147 -4.522 -3.638
SPIN 2 1 9 6 5.865 0.654 0.411
SPIN 2 1 9 7 1.791 -3.069 -4.731
SPIN 2 1 9 8 -1.833 -5.165 2.229
SPIN 2 1 9 9 -3.090 -2.653 -4.291
SPIN 2 1 9 10 4.063 2.593 3.431
SPIN 2 1 9 11 -1.956 0.651 -5.545
SPIN 2 1 9 12 -4.212 -4.151 -0.179
SPIN 2 1 9 13 -3.049 -4.689 -1.929
SPIN 2 1 9 14 5.021 2.050 -2.364
SPIN 2 1 9 15 -4.804 3.224 -1.237
SPIN 3 1 10 0 3.745 0.706 4.525
SPIN 3 1 10 1 -2.810 1.905 4.845
SPIN 3 1 10 2 4.448 -2.853 -2.660
SPIN 3 1 10 3 -3.990 4.058 -1.617
SPIN 3 1 10 4 -0.746 5.718 1.321
SPIN 3 1 10 5 -3.689 -4.624 0.110
SPIN 3 1 10 6 5.250 2.674 0.536
SPIN 3 1 10 7 -4.432 -0.232 3.912
SPIN 3 1 10 8 1.347 1.778 5.480
SPIN 3 1 10 9 -2.392 1.059 5.306
SPIN 3 1 10 10 -2.802 -1.248 -5.059
SPIN 3 1 10 11 5.369 1.557 -1.936
SPIN 3 1 10 12 4.570 2.779 2.528
SPIN 3 1 10 13 -3.659 -1.183 4.496
SPIN 3 1 10 14 1.729 -5.464 1.469
SPIN 3 1 10 15 -0.412 5.379 -2.427
SPIN 2 1 10 0 1.029 -0.711 5.782
SPIN 2 1 10 1 -3.887 1.501 -4.200
SPIN 2 1 10 2 -5.804 0.095 -1.144
SPIN 2 1 10 3 0.174 3.230 4.953
SPIN 2 1 10 4 -4.458 -0.927 3.778
SPIN 2 1 10 5 1.163 1.640 -5.564
SPIN 2 1 10 6 1.911 -0.236 5.594
SPIN 2 1 10 7 3.265 -1.443 4.718
SPIN 2 1 10 8 -3.266 -2.946 -3.957
SPIN 2 1 10 9 -2.608 -1.361 5.133
SPIN 2 1 10 10 0.705 1.918 -5.552
SPIN 2 1 10 11 -1.369 0.403 5.741
SPIN 2 1 10 12 -3.383 4.470 1.891
SPIN 2 1 10 13 2.832 2.285 -4.664
SPIN 2 1 10 14 -3.835 -2.823 -3.510
SPIN 2 1 10 15 -2.740 1.406 -5.051
SPIN 3 1 11 0 4.116 1.639 3.920
SPIN 3 1 11 1 4.378 0.429 -3.956
SPIN 3 1 11 2 -1.738 -4.988 -2.664
SPIN 3 1 11 3 4.173 1.409 3.950
SPIN 3 1 11 4 3.093 -5.042 -0.103
SPIN 3 1 11 5 0.821 4.220 -4.064
SPIN 3 1 11 6 3.580 -1.262 -4.537
SPIN 3 1 11 7 4.422 0.291 -3.919
SPIN 3 1 11 8 2.173 -1.439 5.311
SPIN 3 1 11 9 -5.108 0.743 -2.890
SPIN 3 1 11 10 -0.225 3.448 4.802
SPIN 3 1 11 11 -0.119 -4.954 -3.232
SPIN 3 1 11 12 3.503 3.475 -3.264
SPIN 3 1 11 13 -4.532 3.399 1.705
SPIN 3 1 11 14 5.252 0.315 2.704
SPIN 3 1 11 15 -0.002 -3.302 4.909
SPIN 2 1 11 0 1.849 -2.614 -4.974
SPIN 2 1 11 1 -2.409 5.395 0.303
SPIN 2 1 11 2 -1.150 2.813 -5.076
SPIN 2 1 11 3 -2.893 -5.057 1.030
SPIN 2 1 11 4 -4.197 3.055 -2.837
SPIN 2 1 11 5 -2.783 4.293 2.971
SPIN 2 1 11 6 -2.954 -1.870 4.773
SPIN 2 1 11 7 -1.720 -2.137 -5.242
SPIN 2 1 11 8 1.448 5.396 -1.946
SPIN 2 1 11 9 -4.252 -3.241 2.533
SPIN 2 1 11 10 -1.784 -2.641 -4.984
SPIN 2 1 11 11 -1.937 4.911 -2.671
SPIN 2 1 11 12 3.193 -4.457 -2.221
SPIN 2 1 11 13 3.947 -3.320 2.898
SPIN 2 1 11 14 0.480 -2.260 -5.446
SPIN 2 1 11 15 3.749 3.514 -2.932
SPIN 3 1 12 0 -3.309 4.896 -0.281
SPIN 3 1 12 1 3.330 4.678 -1.424
SPIN 3 1 12 2 -3.533 -4.640 -0.996
SPIN 3 1 12 3 3.059 5.050 0.381
SPIN 3 1 12 4 5.010 -0.887 -3.019
SPIN 3 1 12 5 -0.821 -3.286 4.851
SPIN 3 1 12 6 2.330 5.142 1.771
SPIN 3 1 12 7 -4.956 3.172 -0.614
SPIN 3 1 12 8 2.480 -4.879 2.246
SPIN 3 1 12 9 1.028 -4.438 -3.775
SPIN 3 1 12 10 -3.049 0.350 5.058
SPIN 3 1 12 11 -1.938 3.713 4.178
SPIN 3 1 12 12 -1.066 -5.799 -0.484
SPIN 3 1 12 13 -2.462 -1.190 5.246
SPIN 3 1 12 14 -3.988 3.064 -3.117
SPIN 3 1 12 15 4.657 -2.999 -2.077
SPIN 2 1 12 0 0.458 -5.834 -0.867
SPIN 2 1 12 1 -4.684 -2.738 -2.358
SPIN 2 1 12 2 2.495 1.041 5.262
SPIN 2 1 12 3 -3.693 -2.741 -3.721
SPIN 2 1 12 4 -2.322 -4.226 3.428
SPIN 2 1 12 5 -0.341 -5.843 -0.863
SPIN 2 1 12 6 -3.268 4.925 0.250
SPIN 2 1 12 7 -1.269 -3.976 4.193
SPIN 2 1 12 8 5.775 -0.423 1.211
SPIN 2 1 12 9 0.251 -4.954 3.225
SPIN 2 1 12 10 0.407 2.437 5.375
SPIN 2 1 12 11 2.335 -5.435 0.053
SPIN 2 1 12 12 5.079 1.892 2.371
SPIN 2 1 12 13 -3.002 -4.480 -2.432
SPIN 2 1 12 14 -4.501 2.220 3.132
SPIN 2 1 12 15 -4.978 -3.179 -0.334
SPIN 3 1 13 0 -3.558 0.897 4.641
SPIN 3 1 13 1 -4.783 3.187 -1.403
SPIN 3 1 13 2 -0.672 -5.877 -0.065
SPIN 3 1 13 3 -4.456 1.463 -3.606
SPIN 3 1 13 4 -4.329 2.058 3.467
SPIN 3 1 13 5 4.248 0.951 -4.007
SPIN 3 1 13 6 1.169 -5.546 -1.697
SPIN 3 1 13 7 3.127 -5.004 0.424
SPIN 3 1 13 8 -4.293 1.390 -3.826
SPIN 3 1 13 9 4.753 1.881 2.978
SPIN 3 1 13 10 -2.329 -4.199 -3.457
SPIN 3 1 13 11 3.677 2.456 -3.931
SPIN 3 1 13 12 3.006 -0.191 5.092
SPIN 3 1 13 13 -5.193 2.738 0.733
SPIN 3 1 13 14 4.362 -0.501 3.965
SPIN 3 1 13 15 0.412 5.550 -2.007
SPIN 2 1 13 0 -0.938 4.350 3.898
SPIN 2 1 13 1 5.207 0.561 2.751
SPIN 2 1 13 2 5.294 1.668 2.048
SPIN 2 1 13 3 -5.249 2.451 1.199
SPIN 2 1 13 4 5.575 0.184 -1.972
SPIN 2 1 13 5 -1.247 -3.531 -4.580
SPIN 2 1 13 6 5.294 2.046 -1.670
SPIN 2 1 13 7 -4.290 2.113 3.483
SPIN 2 1 13 8 2.566 -0.323 -5.321
SPIN 2 1 13 9 0.686 4.683 3.549
SPIN 2 1 13 10 -2.998 2.189 -4.607
SPIN 2 1 13 11 3.097 3.163 3.925
SPIN 2 1 13 12 -0.806 -5.854 0.288
SPIN 2 1 13 13 3.991 1.924 -3.921
SPIN 2 1 13 14 -4.154 -2.714 3.221
SPIN 2 1 13 15 2.278 1.542 5.238
SPIN 3 1 14 0 -4.366 -1.183 -3.813
SPIN 3 1 14 1 -5.880 0.272 -0.596
SPIN 3 1 14 2 -0.464 5.858 -0.684
SPIN 3 1 14 3 0.836 5.762 1.051
SPIN 3 1 14 4 1.897 -1.787 5.311
SPIN 3 1 14 5 -2.224 -4.479 3.161
SPIN 3 1 14 6 2.247 3.369 4.313
SPIN 3 1 14 7 -0.085 -5.008 3.149
SPIN 3 1 14 8 5.630 -0.981 1.529
SPIN 3 1 14 9 1.666 -4.645 -3.264
SPIN 3 1 14 10 2.488 -5.285 -0.936
SPIN 3 1 14 11 -3.594 0.494 -4.673
SPIN 3 1 14 12 3.737 -0.581 4.549
SPIN 3 1 14 13 2.319 -3.896 3.801
SPIN 3 1 14 14 -0.337 -2.578 -5.314
SPIN 3 1 14 15 -0.909 2.901 5.075
SPIN 2 1 14 0 -2.517 -3.189 -4.300
SPIN 2 1 14 1 -0.096 4.733 -3.549
SPIN 2 1 14 2 3.612 -4.625 0.753
SPIN 2 1 14 3 -1.483 -5.469 1.699
SPIN 2 1 14 4 -2.602 1.082 5.202
SPIN 2 1 14 5 4.130 0.846 -4.151
SPIN 2 1 14 6 -4.508 0.938 -3.714
SPIN 2 1 14 7 2.925 1.104 -5.022
SPIN 2 1 14 8 2.833 2.264 4.674
SPIN 2 1 14 9 4.496 -1.832 3.381
SPIN 2 1 14 10 0.896 -1.732 -5.586
SPIN 2 1 14 11 -4.070 -2.629 -3.395
SPIN 2 1 14 12 -2.643 4.376 -2.977
SPIN 2 1 14 13 5.806 -0.570 -0.982
SPIN 2 1 14 14 -5.109 2.673 1.324
SPIN 2 1 14 15 3.478 -3.748 -2.976
SPIN 3 1 15 0 4.890 -2.269 2.437
SPIN 3 1 15 1 3.827 4.506 0.211
SPIN 3 1 15 2 -5.727 -1.485 0.010
SPIN 3 1 15 3 5.237 -1.891 1.999
SPIN 3 1 15 4 -5.338 2.360 0.967
SPIN 3 1 15 5 0.378 5.873 -0.603
SPIN 3 1 15 6 -5.528 -1.963 0.765
SPIN 3 1 15 7 5.717 -1.382 0.637
SPIN 3 1 15 8 -3.368 -2.048 -4.412
SPIN 3 1 15 9 3.483 -3.819 -2.877
SPIN 3 1 15 10 -2.835 4.956 1.548
SPIN 3 1 15 11 -1.015 4.616 3.558
SPIN 3 1 15 12 -0.878 -3.827 4.426
SPIN 3 1 15 13 -3.814 1.219 4.355
SPIN 3 1 15 14 0.401 -2.736 5.230
SPIN 3 1 15 15 0.829 0.719 -5.813
SPIN 2 1 15 0 2.398 3.885 -3.762
SPIN 2 1 15 1 -0.724 -5.870 0.130
SPIN 2 1 15 2 5.474 0.774 2.105
SPIN 2 1 15 3 -4.136 -2.893 -3.086
SPIN 2 1 15 4 2.511 4.098 3.450
SPIN 2 1 15 5 -5.478 -2.079 -0.819
SPIN 2 1 15 6 5.560 1.370 1.485
SPIN 2 1 15 7 4.991 -3.154 -0.376
SPIN 2 1 15 8 -0.605 -5.757 -1.221
SPIN 2 1 15 9 -2.194 5.473 -0.490
SPIN 2 1 15 10 -2.987 -5.089 -0.423
SPIN 2 1 15 11 0.106 0.657 -5.879
SPIN 2 1 15 12 -2.194 -3.503 4.233
SPIN 2 1 15 13 -1.468 3.431 -4.591
SPIN 2 1 15 14 1.029 -4.828 -3.261
SPIN 2 1 15 15 -0.173 -3.178 -4.987
SPIN 1 2 0 0 0.702 -4.817 3.363
SPIN 1 2 0 1 -0.293 3.703 4.605
SPIN 1 2 0 2 -5.652 -1.331 -1.135
SPIN 1 2 0 3 -4.802 -3.117 1.492
SPIN 1 2 0 4 -5.390 2.096 1.247
SPIN 1 2 0 5 -3.464 -4.795 -0.067
SPIN 1 2 0 6 4.157 3.838 -1.728
SPIN 1 2 0 7 3.641 0.758 4.601
SPIN 1 2 0 8 0.576 5.885 0.183
SPIN 1 2 0 9 4.205 1.532 3.869
SPIN 1 2 0 10 -2.210 -2.796 -4.722
SPIN 1 2 0 11 -1.679 5.059 2.568
SPIN 1 2 0 12 -4.482 1.550 3.536
SPIN 1 2 0 13 5.514 -0.211 2.133
SPIN 1 2 0 14 -2.971 0.524 -5.089
SPIN 1 2 0 15 -3.898 1.628 -4.142
SPIN 4 2 0 0 4.804 -3.420 0.473
SPIN 4 2 0 1 -2.335 5.435 -0.093
SPIN 4 2 0 2 2.885 -3.173 -4.076
SPIN 4 2 0 3 4.008 -4.298 0.680
SPIN 4 2 0 4 -4.638 2.787 2.393
SPIN 4 2 0 5 2.213 -1.176 -5.359
SPIN 4 2 0 6 -0.107 -5.436 -2.333
SPIN 4 2 0 7 3.642 4.102 -2.215
SPIN 4 2 0 8 -3.311 -3.337 3.592
SPIN 4 2 0 9 5.825 0.690 -0.769
SPIN 4 2 0 10 2.339 -3.152 -4.427
SPIN 4 2 0 11 -0.225 -4.865 -3.359
SPIN 4 2 0 12 3.160 4.943 0.760
SPIN 4 2 0 13 -2.519 -3.278 -4.232
SPIN 4 2 0 14 3.394 -1.289 -4.671
SPIN 4 2 0 15 4.771 -3.225 -1.355
SPIN 1 2 1 0 0.362 5.552 -2.012
SPIN 1 2 1 1 2.015 -5.554 0.310
SPIN 1 2 1 2 -0.395 3.635 -4.651
SPIN 1 2 1 3 0.333 3.581 4.697
SPIN 1 2 1 4 -4.334 -3.819 1.278
SPIN 1 2 1 5 1.478 5.314 -2.140
SPIN 1 2 1 6 1.100 -4.869 3.176
SPIN 1 2 1 7 -4.768 1.287 -3.257
SPIN 1 2 1 8 5.654 1.021 1.412
SPIN 1 2 1 9 -5.418 0.165 2.370
SPIN 1 2 1 10 1.231 4.565 -3.556
SPIN 1 2 1 11 2.979 3.577 3.652
SPIN 1 2 1 12 -1.971 3.232 -4.547
SPIN 1 2 1 13 -0.177 0.392 -5.900
SPIN 1 2 1 14 2.224 -3.744 4.005
SPIN 1 2 1 15 -2.209 -5.085 -2.066
SPIN 4 2 1 0 -2.586 1.525 -5.098
SPIN 4 2 1 1 5.084 -2.556 1.619
SPIN 4 2 1 2 -1.152 -0.216 -5.799
SPIN 4 2 1 3 -4.370 1.928 -3.491
SPIN 4 2 1 4 0.900 -0.420 5.832
SPIN 4 2 1 5 -1.658 3.947 4.083
SPIN 4 2 1 6 3.564 -1.745 4.388
SPIN 4 2 1 7 -2.083 -1.446 -5.345
SPIN 4 2 1 8 0.121 3.000 -5.098
SPIN 4 2 1 9 -3.493 -3.910 2.742
SPIN 4 2 1 10 -1.344 -2.119 -5.358
SPIN 4 2 1 11 -5.345 -1.902 -1.677
SPIN 4 2 1 12 0.822 -4.088 -4.196
SPIN 4 2 1 13 3.971 -1.332 4.179
SPIN 4 2 1 14 -5.684 0.283 1.618
SPIN 4 2 1 15 4.595 3.674 -0.619
SPIN 1 2 2 0 -2.654 -1.025 5.187
SPIN 1 2 2 1 -1.348 5.758 -0.160
SPIN 1 2 2 2 -3.973 -4.368 -0.369
SPIN 1 2 2 3 -1.967 -2.630 -4.921
SPIN 1 2 2 4 1.815 -3.272 4.583
SPIN 1 2 2 5 2.570 -4.377 3.040
SPIN 1 2 2 6 4.417 2.164 3.288
SPIN 1 2 2 7 -4.579 -2.806 2.481
SPIN 1 2 2 8 2.544 -5.333 0.303
SPIN 1 2 2 9 -0.319 -3.938 -4.404
SPIN 1 2 2 10 1.182 5.560 -1.638
SPIN 1 2 2 11 -3.545 -1.247 4.569
SPIN 1 2 2 12 4.144 -3.869 1.691
SPIN 1 2 2 13 3.291 -4.902 0.369
SPIN 1 2 2 14 4.835 -3.322 -0.767
SPIN 1 2 2 15 0.596 -5.124 -2.897
SPIN 4 2 2 0 0.828 1.645 5.622
SPIN 4 2 2 1 3.994 -0.960 4.258
SPIN 4 2 2 2 -5.262 -1.638 -2.151
SPIN 4 2 2 3 5.666 -1.669 0.330
SPIN 4 2 2 4 0.525 5.866 0.566
SPIN 4 2 2 5 -2.492 -3.709 3.877
SPIN 4 2 2 6 -5.468 1.850 1.298
SPIN 4 2 2 7 2.881 5.023 -1.215
SPIN 4 2 2 8 1.421 -4.438 3.645
SPIN 4 2 2 9 3.085 2.502 -4.385
SPIN 4 2 2 10 -5.874 -0.061 0.706
SPIN 4 2 2 11 -2.992 1.878 -4.745
SPIN 4 2 2 12 2.180 -3.138 4.516
SPIN 4 2 2 13 0.787 -0.808 -5.808
SPIN 4 2 2 14 4.386 -2.670 2.938
SPIN 4 2 2 15 -5.762 1.333 0.154
SPIN 1 2 3 0 -2.608 4.282 -3.140
SPIN 1 2 3 1 3.643 -2.607 3.864
SPIN 1 2 3 2 -2.342 3.765 -3.916
SPIN 1 2 3 3 3.811 4.331 1.310
SPIN 1 2 3 4 -3.542 -2.793 3.828
SPIN 1 2 3 5 5.115 2.484 1.634
SPIN 1 2 3 6 -2.043 -2.156 -5.116
SPIN 1 2 3 7 5.227 2.024 1.891
SPIN 1 2 3 8 4.028 -0.024 -4.333
SPIN 1 2 3 9 3.164 2.154 4.511
SPIN 1 2 3 10 5.855 0.708 0.463
SPIN 1 2 3 11 3.152 -4.005 3.005
SPIN 1 2 3 12 0.405 -5.608 -1.841
SPIN 1 2 3 13 4.571 2.654 2.657
SPIN 1 2 3 14 -0.996 2.226 -5.390
SPIN 1 2 3 15 3.070 -4.466 2.372
SPIN 4 2 3 0 -1.651 2.658 -5.021
SPIN 4 2 3 1 -2.386 -3.964 -3.687
SPIN 4 2 3 2 2.508 -5.357 0.093
SPIN 4 2 3 3 -4.569 1.950 -3.213
SPIN 4 2 3 4 -2.161 -3.936 -3.852
SPIN 4 2 3 5 -2.881 2.157 -4.695
SPIN 4 2 3 6 3.236 -4.793 1.248
SPIN 4 2 3 7 -3.696 -4.189 1.947
SPIN 4 2 3 8 -5.441 0.610 2.242
SPIN 4 2 3 9 -5.735 1.445 -0.146
SPIN 4 2 3 10 -3.388 0.889 -4.768
SPIN 4 2 3 11 -1.324 5.683 -0.973
SPIN 4 2 3 12 -3.181 2.984 -3.997
SPIN 4 2 3 13 -1.123 1.362 5.647
SPIN 4 2 3 14 2.771 4.116 -3.222
SPIN 4 2 3 15 -4.528 -1.326 -3.569
SPIN 1 2 4 0 5.389 -0.440 -2.402
SPIN 1 2 4 1 -1.020 -0.005 -5.827
SPIN 1 2 4 2 4.841 -1.080 3.224
SPIN 1 2 4 3 -3.523 3.700 2.983
SPIN 1 2 4 4 4.682 -3.151 -1.774
SPIN 1 2 4 5 -4.081 -2.618 3.389
SPIN 1 2 4 6 1.529 5.180 -2.414
SPIN 1 2 4 7 0.220 -1.189 -5.791
SPIN 1 2 4 8 -1.344 -3.048 4.889
SPIN 1 2 4 9 1.878 3.576 -4.323
SPIN 1 2 4 10 -0.005 -1.617 5.691
SPIN 1 2 4 11 2.606 1.369 5.132
SPIN 1 2 4 12 5.403 -1.118 -2.134
SPIN 1 2 4 13 -3.526 4.727 0.475
SPIN 1 2 4 14 -1.293 -5.404 -2.030
SPIN 1 2 4 15 -0.192 1.009 -5.826
SPIN 4 2 4 0 -1.648 -4.717 3.167
SPIN 4 2 4 1 -1.928 3.082 4.667
SPIN 4 2 4 2 -0.219 -3.182 -4.983
SPIN 4 2 4 3 -1.455 -5.710 -0.530
SPIN 4 2 4 4 -4.935 3.260 0.138
SPIN 4 2 4 5 0.448 -1.709 5.646
SPIN 4 2 4 6 -4.053 1.415 -4.071
SPIN 4 2 4 7 -0.775 5.300 2.512
SPIN 4 2 4 8 4.916 3.147 0.964
SPIN 4 2 4 9 4.885 -3.056 -1.341
SPIN 4 2 4 10 -4.646 -0.089 3.661
SPIN 4 2 4 11 5.848 -0.877 0.191
SPIN 4 2 4 12 -3.400 -3.503 3.342
SPIN 4 2 4 13 3.636 0.321 4.656
SPIN 4 2 4 14 -3.364 2.082 -4.399
SPIN 4 2 4 15 2.156 -5.281 1.569
SPIN 1 2 5 0 -5.744 -0.468 -1.335
SPIN 1 2 5 1 2.351 -4.022 3.647
SPIN 1 2 5 2 -5.895 0.388 -0.309
SPIN 1 2 5 3 1.288 -3.526 4.572
SPIN 1 2 5 4 -0.921 5.331 -2.393
SPIN 1 2 5 5 4.919 -1.750 -2.783
SPIN 1 2 5 6 3.049 2.662 -4.315
SPIN 1 2 5 7 4.339 -3.442 -2.079
SPIN 1 2 5 8 1.077 -3.789 -4.414
SPIN 1 2 5 9 1.980 -4.233 -3.628
SPIN 1 2 5 10 -3.237 -4.898 -0.731
SPIN 1 2 5 11 4.637 -0.617 -3.622
SPIN 1 2 5 12 -5.139 -0.681 2.851
SPIN 1 2 5 13 -2.350 5.382 -0.714
SPIN 1 2 5 14 4.474 3.804 -0.713
SPIN 1 2 5 15 1.590 -0.403 5.684
SPIN 4 2 5 0 -3.575 2.980 3.652
SPIN 4 2 5 1 -0.053 -3.159 -5.002
SPIN 4 2 5 2 1.216 -0.262 -5.784
SPIN 4 2 5 3 -4.367 1.558 3.675
SPIN 4 2 5 4 0.854 -5.569 -1.804
SPIN 4 2 5 5 2.397 5.380 0.556
SPIN 4 2 5 6 3.321 -0.155 4.894
SPIN 4 2 5 7 2.182 5.396 -1.062
SPIN 4 2 5 8 1.235 -4.281 3.892
SPIN 4 2 5 9 3.747 3.231 -3.243
SPIN 4 2 5 10 -4.653 1.468 3.346
SPIN 4 2 5 11 -5.419 1.968 -1.327
SPIN 4 2 5 12 2.554 0.425 5.319
SPIN 4 2 5 13 -2.973 -2.992 4.148
SPIN 4 2 5 14 -0.007 -0.441 5.900
SPIN 4 2 5 15 2.537 4.319 -3.148
SPIN 1 2 6 0 4.813 2.198 2.647
SPIN 1 2 6 1 -0.084 -2.969 -5.116
SPIN 1 2 6 2 2.844 -2.386 4.606
SPIN 1 2 6 3 -1.399 -0.645 -5.712
SPIN 1 2 6 4 -1.763 -3.801 4.177
SPIN 1 2 6 5 -4.695 3.269 1.508
SPIN 1 2 6 6 5.858 -0.397 0.723
SPIN 1 2 6 7 -5.049 -2.873 -1.119
SPIN 1 2 6 8 4.374 1.596 3.650
SPIN 1 2 6 9 -0.679 3.419 4.780
SPIN 1 2 6 10 0.656 2.769 -5.187
SPIN 1 2 6 11 3.513 4.662 0.960
SPIN 1 2 6 12 3.183 1.763 4.665
SPIN 1 2 6 13 -2.663 -4.662 2.485
SPIN 1 2 6 14 4.615 -3.625 -0.751
SPIN 1 2 6 15 -3.759 -2.400 -3.887
SPIN 4 2 6 0 -5.821 -1.021 0.271
SPIN 4 2 6 1 3.497 0.630 -4.730
SPIN 4 2 6 2 -0.342 -3.157 -4.991
SPIN 4 2 6 3 4.051 -3.911 -1.815
SPIN 4 2 6 4 1.766 4.377 -3.566
SPIN 4 2 6 5 -4.020 -4.143 1.293
SPIN 4 2 6 6 3.554 -4.428 -1.663
SPIN 4 2 6 7 -1.505 -0.503 5.699
SPIN 4 2 6 8 -2.327 5.411 -0.553
SPIN 4 2 6 9 5.018 -1.943 -2.459
SPIN 4 2 6 10 -3.772 1.289 4.372
SPIN 4 2 6 11 5.304 2.541 0.643
SPIN 4 2 6 12 -5.722 -0.885 1.216
SPIN 4 2 6 13 2.789 -0.919 -5.136
SPIN 4 2 6 14 5.786 1.163 0.408
SPIN 4 2 6 15 4.746 -3.067 1.752
SPIN 1 2 7 0 1.757 -4.183 3.797
SPIN 1 2 7 1 4.348 3.840 -1.162
SPIN 1 2 7 2 -4.848 -2.909 -1.742
SPIN 1 2 7 3 -3.275 3.156 3.784
SPIN 1 2 7 4 3.061 -2.187 4.566
SPIN 1 2 7 5 0.973 -3.238 -4.855
SPIN 1 2 7 6 -1.491 5.614 1.123
SPIN 1 2 7 7 -2.873 4.265 2.925
SPIN 1 2 7 8 4.931 1.851 -2.694
SPIN 1 2 7 9 -3.961 2.319 -3.733
SPIN 1 2 7 10 3.957 -0.849 -4.315
SPIN 1 2 7 11 0.551 1.804 5.607
SPIN 1 2 7 12 -3.826 -1.773 -4.149
SPIN 1 2 7 13 1.640 -5.289 2.083
SPIN 1 2 7 14 0.146 1.319 5.765
SPIN 1 2 7 15 -4.110 -0.550 -4.219
SPIN 4 2 7 0 -3.988 -1.652 4.046
SPIN 4 2 7 1 -3.815 -4.492 0.510
SPIN 4 2 7 2 4.386 -3.542 -1.794
SPIN 4 2 7 3 3.774 4.146 1.888
SPIN 4 2 7 4 -0.325 -3.616 4.671
SPIN 4 2 7 5 2.838 2.486 -4.557
SPIN 4 2 7 6 3.061 2.458 -4.426
SPIN 4 2 7 7 1.116 -0.357 -5.799
SPIN 4 2 7 8 -3.486 4.760 -0.435
SPIN 4 2 7 9 -3.510 -2.948 -3.741
SPIN 4 2 7 10 -1.645 2.606 -5.050
SPIN 4 2 7 11 -4.438 2.816 2.716
SPIN 4 2 7 12 -2.726 3.483 -3.929
SPIN 4 2 7 13 -1.778 -1.540 5.428
SPIN 4 2 7 14 -1.900 1.557 5.382
SPIN 4 2 7 15 4.255 0.982 -3.991
SPIN 1 2 8 0 -5.006 2.984 1.016
SPIN 1 2 8 1 3.061 3.851 3.287
SPIN 1 2 8 2 -4.951 -2.084 -2.478
SPIN 1 2 8 3 0.728 -3.399 -4.787
SPIN 1 2 8 4 -2.730 4.813 2.094
SPIN 1 2 8 5 -5.620 -1.778 -0.505
SPIN 1 2 8 6 0.463 -4.283 4.055
SPIN 1 2 8 7 5.541 -0.067 -2.073
SPIN 1 2 8 8 1.253 4.789 3.240
SPIN 1 2 8 9 5.763 -0.914 -0.978
SPIN 1 2 8 10 1.408 5.224 -2.393
SPIN 1 2 8 11 -3.483 -1.436 -4.561
SPIN 1 2 8 12 -3.389 -2.935 -3.861
SPIN 1 2 8 13 -4.655 0.629 -3.596
SPIN 1 2 8 14 -0.927 -5.792 0.769
SPIN 1 2 8 15 -5.810 0.451 -1.021
SPIN 4 2 8 0 1.036 -1.114 -5.717
SPIN 4 2 8 1 4.636 -1.967 -3.104
SPIN 4 2 8 2 3.032 5.072 0.283
SPIN 4 2 8 3 1.376 -5.270 2.309
SPIN 4 2 8 4 5.475 2.078 -0.840
SPIN 4 2 8 5 0.179 -5.631 1.806
SPIN 4 2 8 6 -0.868 -5.603 1.688
SPIN 4 2 8 7 -2.157 -3.679 -4.101
SPIN 4 2 8 8 3.033 -4.931 -1.221
SPIN 4 2 8 9 2.742 -1.948 4.867
SPIN 4 2 8 10 -5.812 0.130 1.095
SPIN 4 2 8 11 3.206 1.081 4.853
SPIN 4 2 8 12 -2.035 -3.497 4.317
SPIN 4 2 8 13 4.467 1.120 -3.713
SPIN 4 2 8 14 4.758 0.316 3.501
SPIN 4 2 8 15 -1.267 -5.374 -2.126
SPIN 1 2 9 0 3.930 4.395 -0.486
SPIN 1 2 9 1 -2.981 -1.863 4.758
SPIN 1 2 9 2 -1.457 -2.114 -5.330
SPIN 1 2 9 3 0.538 -4.326 3.999
SPIN 1 2 9 4 -2.306 4.131 3.552
SPIN 1 2 9 5 3.509 -4.229 -2.191
SPIN 1 2 9 6 -1.075 4.658 3.485
SPIN 1 2 9 7 1.342 -5.735 -0.552
SPIN 1 2 9 8 -1.026 -5.229 -2.569
SPIN 1 2 9 9 -3.214 2.453 4.319
SPIN 1 2 9 10 -5.859 -0.800 0.195
SPIN 1 2 9 11 4.613 1.023 3.560
SPIN 1 2 9 12 3.883 0.744 -4.401
SPIN 1 2 9 13 5.639 1.047 -1.452
SPIN 1 2 9 14 -2.614 -5.212 1.002
SPIN 1 2 9 15 3.049 -4.639 2.045
SPIN 4 2 9 0 -5.777 0.157 -1.265
SPIN 4 2 9 1 4.480 1.728 3.456
SPIN 4 2 9 2 -3.742 -1.478 -4.337
SPIN 4 2 9 3 2.572 -2.552 4.677
SPIN 4 2 9 4 -2.608 4.653 2.560
SPIN 4 2 9 5 3.250 1.887 -4.569
SPIN 4 2 9 6 -4.040 3.340 -2.743
SPIN 4 2 9 7 -2.228 -4.166 3.561
SPIN 4 2 9 8 -3.401 4.832 0.291
SPIN 4 2 9 9 -3.902 -3.990 -1.964
SPIN 4 2 9 10 5.893 -0.512 0.077
SPIN 4 2 9 11 3.518 -4.578 -1.291
SPIN 4 2 9 12 -1.274 3.083 4.886
SPIN 4 2 9 13 2.764 5.185 0.691
SPIN 4 2 9 14 5.178 2.861 -0.049
SPIN 4 2 9 15 -1.376 0.240 -5.749
SPIN 1 2 10 0 -5.359 2.505 0.030
SPIN 1 2 10 1 5.117 -2.474 1.641
SPIN 1 2 10 2 -4.140 3.613 2.192
SPIN 1 2 10 3 1.968 5.498 0.946
SPIN 1 2 10 4 -4.549 -1.667 3.396
SPIN 1 2 10 5 -5.888 0.229 0.529
SPIN 1 2 10 6 -1.656 -2.926 -4.868
SPIN 1 2 10 7 4.161 4.160 -0.617
SPIN 1 2 10 8 2.358 3.228 4.361
SPIN 1 2 10 9 1.810 4.978 -2.636
SPIN 1 2 10 10 -2.474 2.511 -4.751
SPIN 1 2 10 11 1.186 -5.792 0.210
SPIN 1 2 10 12 -4.738 -0.081 3.542
SPIN 1 2 10 13 4.578 3.529 -1.260
SPIN 1 2 10 14 3.727 -0.898 4.506
SPIN 1 2 10 15 -0.394 -5.810 -1.044
SPIN 4 2 10 0 -4.833 -1.431 3.097
SPIN 4 2 10 1 4.578 -2.649 2.651
SPIN 4 2 10 2 -0.020 -5.878 -0.670
SPIN 4 2 10 3 -3.202 0.806 -4.909
SPIN 4 2 10 4 4.935 -0.593 -3.208
SPIN 4 2 10 5 -3.810 -0.260 4.518
SPIN 4 2 10 6 3.781 -2.602 -3.732
SPIN 4 2 10 7 -0.184 5.889 0.536
SPIN 4 2 10 8 -4.516 -3.728 0.839
SPIN 4 2 10 9 -0.341 -4.129 4.223
SPIN 4 2 10 10 0.711 5.854 0.472
SPIN 4 2 10 11 0.896 -0.023 -5.848
SPIN 4 2 10 12 0.901 -0.611 -5.815
SPIN 4 2 10 13 3.476 -4.021 2.597
SPIN 4 2 10 14 1.653 -0.538 -5.655
SPIN 4 2 10 15 3.485 4.533 1.517
SPIN 1 2 11 0 0.250 -3.745 -4.573
SPIN 1 2 11 1 -5.447 -0.664 2.211
SPIN 1 2 11 2 2.869 -2.862 -4.310
SPIN 1 2 11 3 -2.606 -5.114 -1.434
SPIN 1 2 11 4 3.618 4.527 1.190
SPIN 1 2 11 5 0.836 -4.211 4.071
SPIN 1 2 11 6 -4.507 2.156 -3.168
SPIN 1 2 11 7 -5.645 -0.194 1.760
SPIN 1 2 11 8 4.155 -0.009 -4.211
SPIN 1 2 11 9 -3.114 4.120 2.886
SPIN 1 2 11 10 -4.739 0.882 3.429
SPIN 1 2 11 11 -4.801 -3.430 -0.428
SPIN 1 2 11 12 4.333 -1.104 3.874
SPIN 1 2 11 13 -4.525 3.750 0.676
SPIN 1 2 11 14 -1.881 1.332 5.448
SPIN 1 2 11 15 0.455 1.037 5.807
SPIN 4 2 11 0 0.334 -1.272 -5.768
SPIN 4 2 11 1 4.935 -0.370 3.242
SPIN 4 2 11 2 -3.397 4.257 -2.309
SPIN 4 2 11 3 5.039 1.594 -2.659
SPIN 4 2 11 4 1.949 2.904 4.771
SPIN 4 2 11 5 4.507 -3.543 -1.461
SPIN 4 2 11 6 1.154 -0.372 -5.790
SPIN 4 2 11 7 0.483 -5.711 -1.467
SPIN 4 2 11 8 -2.442 -5.322 -0.843
SPIN 4 2 11 9 5.345 1.547 2.009
SPIN 4 2 11 10 4.754 0.998 -3.377
SPIN 4 2 11 11 -1.422 5.719 -0.525
SPIN 4 2 11 12 -0.258 0.703 -5.869
SPIN 4 2 11 13 4.393 -1.451 -3.687
SPIN 4 2 11 14 0.157 -3.394 -4.843
SPIN 4 2 11 15 0.502 -3.053 -5.042
SPIN 1 2 12 0 -3.039 -1.303 4.906
SPIN 1 2 12 1 -1.754 -4.993 -2.644
SPIN 1 2 12 2 -4.102 -1.558 3.968
SPIN 1 2 12 3 3.958 3.547 -2.599
SPIN 1 2 12 4 -0.261 -1.668 5.670
SPIN 1 2 12 5 -2.039 3.252 -4.502
SPIN 1 2 12 6 1.259 2.015 5.418
SPIN 1 2 12 7 0.468 -1.251 -5.763
SPIN 1 2 12 8 -3.834 4.283 -1.400
SPIN 1 2 12 9 -4.219 -0.744 4.080
SPIN 1 2 12 10 -5.252 0.624 2.651
SPIN 1 2 12 11 1.115 5.766 -0.712
SPIN 1 2 12 12 -1.776 -4.714 3.103
SPIN 1 2 12 13 4.790 3.328 -0.989
SPIN 1 2 12 14 -1.137 0.705 5.763
SPIN 1 2 12 15 4.027 0.404 4.316
SPIN 4 2 12 0 1.438 4.717 -3.268
SPIN 4 2 12 1 1.943 -0.455 -5.569
SPIN 4 2 12 2 -3.545 4.225 -2.140
SPIN 4 2 12 3 1.345 1.808 5.470
SPIN 4 2 12 4 -3.882 4.360 0.956
SPIN 4 2 12 5 2.638 4.524 -2.751
SPIN 4 2 12 6 1.694 -2.190 5.228
SPIN 4 2 12 7 2.867 5.104 -0.854
SPIN 4 2 12 8 3.215 -4.366 -2.366
SPIN 4 2 12 9 -3.224 -4.340 2.403
SPIN 4 2 12 10 3.891 4.201 1.485
SPIN 4 2 12 11 -5.277 -2.315 1.339
SPIN 4 2 12 12 2.474 4.196 3.358
SPIN 4 2 12 13 -3.812 -4.202 1.677
SPIN 4 2 12 14 -3.881 4.137 1.678
SPIN 4 2 12 15 -0.473 4.736 3.514
SPIN 1 2 13 0 5.226 -2.655 -0.799
SPIN 1 2 13 1 -1.213 -1.387 5.622
SPIN 1 2 13 2 4.865 1.040 3.202
SPIN 1 2 13 3 -0.015 3.923 4.428
SPIN 1 2 13 4 -4.289 0.614 4.029
SPIN 1 2 13 5 -0.545 -5.845 -0.737
SPIN 1 2 13 6 -1.467 3.192 -4.760
SPIN 1 2 13 7 1.256 3.259 4.775
SPIN 1 2 13 8 4.598 -1.382 -3.457
SPIN 1 2 13 9 -4.522 3.771 -0.577
SPIN 1 2 13 10 -1.162 -5.798 -0.179
SPIN 1 2 13 11 -0.673 5.329 -2.480
SPIN 1 2 13 12 -2.527 -0.572 -5.319
SPIN 1 2 13 13 -2.717 3.737 -3.694
SPIN 1 2 13 14 1.898 -1.080 -5.498
SPIN 1 2 13 15 -4.400 -3.882 0.758
SPIN 4 2 13 0 5.591 -1.543 -1.165
SPIN 4 2 13 1 -2.484 -2.922 4.504
SPIN 4 2 13 2 2.427 4.947 -2.153
SPIN 4 2 13 3 -0.056 -5.916 0.008
SPIN 4 2 13 4 5.799 -0.568 1.025
SPIN 4 2 13 5 -0.732 0.704 5.828
SPIN 4 2 13 6 3.411 -1.066 -4.715
SPIN 4 2 13 7 3.746 4.318 -1.523
SPIN 4 2 13 8 -3.859 -3.716 2.510
SPIN 4 2 13 9 3.221 0.697 4.913
SPIN 4 2 13 10 0.959 4.664 -3.511
SPIN 4 2 13 11 1.019 2.555 -5.238
SPIN 4 2 13 12 -2.728 0.197 5.246
SPIN 4 2 13 13 5.398 -1.588 -1.829
SPIN 4 2 13 14 -0.231 -3.769 4.555
SPIN 4 2 13 15 -3.909 -4.233 -1.342
SPIN 1 2 14 0 2.996 2.605 -4.386
SPIN 1 2 14 1 3.714 3.854 2.521
SPIN 1 2 14 2 2.867 -4.077 -3.187
SPIN 1 2 14 3 5.112 0.972 -2.814
SPIN 1 2 14 4 -3.021 5.024 0.798
SPIN 1 2 14 5 -5.180 1.368 -2.509
SPIN 1 2 14 6 0.416 -4.726 -3.534
SPIN 1 2 14 7 -0.673 -3.328 -4.844
SPIN 1 2 14 8 -1.016 5.647 1.442
SPIN 1 2 14 9 4.459 2.187 -3.215
SPIN 1 2 14 10 1.145 3.346 4.743
SPIN 1 2 14 11 -5.109 -0.914 2.839
SPIN 1 2 14 12 1.977 -3.425 -4.400
SPIN 1 2 14 13 -1.478 5.598 -1.215
SPIN 1 2 14 14 -5.028 -1.051 2.935
SPIN 1 2 14 15 4.963 1.401 2.899
SPIN 4 2 14 0 -4.121 3.573 -2.291
SPIN 4 2 14 1 3.489 -4.545 1.475
SPIN 4 2 14 2 4.775 -3.493 -0.030
SPIN 4 2 14 3 1.819 4.337 -3.589
SPIN 4 2 14 4 4.715 -3.395 -1.114
SPIN 4 2 14 5 3.891 1.962 4.002
SPIN 4 2 14 6 0.920 5.626 1.583
SPIN 4 2 14 7 -3.395 -0.834 4.773
SPIN 4 2 14 8 -3.661 0.245 -4.641
SPIN 4 2 14 9 -2.428 -5.377 0.432
SPIN 4 2 14 10 -5.275 1.234 2.377
SPIN 4 2 14 11 -1.900 -2.912 4.787
SPIN 4 2 14 12 0.747 1.455 -5.686
SPIN 4 2 14 13 1.213 -5.075 -2.789
SPIN 4 2 14 14 4.014 0.238 4.340
SPIN 4 2 14 15 0.840 5.840 0.440
SPIN 1 2 15 0 -1.078 5.586 -1.624
SPIN 1 2 15 1 3.179 -4.146 -2.776
SPIN 1 2 15 2 -3.251 4.783 -1.247
SPIN 1 2 15 3 3.034 1.766 -4.762
SPIN 1 2 15 4 -5.596 1.543 1.143
SPIN 1 2 15 5 -1.620 -2.595 5.064
SPIN 1 2 15 6 -2.618 0.842 -5.238
SPIN 1 2 15 7 -2.287 -5.150 -1.803
SPIN 1 2 15 8 5.887 0.586 -0.012
SPIN 1 2 15 9 -4.725 1.655 -3.152
SPIN 1 2 15 10 -3.852 -4.414 -0.828
SPIN 1 2 15 11 -0.683 -4.699 -3.529
SPIN 1 2 15 12 4.173 2.173 3.586
SPIN 1 2 15 13 -3.511 4.760 0.132
SPIN 1 2 15 14 2.954 1.405 4.930
SPIN 1 2 15 15 -3.268 -4.930 0.133
SPIN 4 2 15 0 -1.899 -2.821 4.841
SPIN 4 2 15 1 4.761 3.491 -0.383
SPIN 4 2 15 2 -3.242 -1.089 4.827
SPIN 4 2 15 3 -1.799 -4.832 2.902
SPIN 4 2 15 4 3.048 0.192 -5.067
SPIN 4 2 15 5 -5.740 1.375 -0.398
SPIN 4 2 15 6 -2.751 -5.114 -1.130
SPIN 4 2 15 7 -3.940 2.184 -3.835
SPIN 4 2 15 8 -1.950 -4.292 3.575
SPIN 4 2 15 9 -3.115 4.782 1.559
SPIN 4 2 15 10 5.657 1.189 1.261
SPIN 4 2 15 11 5.168 0.266 -2.867
SPIN 4 2 15 12 3.995 -4.352 0.315
SPIN 4 2 15 13 4.684 3.470 1.006
SPIN 4 2 15 14 5.329 -2.379 0.972
SPIN 4 2 15 15 1.921 3.793 4.114
SPIN 3 2 0 0 0.052 4.114 -4.251
SPIN 3 2 0 1 1.026 -4.096 -4.144
SPIN 3 2 0 2 3.819 4.067 1.970
SPIN 3 2 0 3 -0.834 4.551 -3.687
SPIN 3 2 0 4 -3.907 -4.234 1.344
SPIN 3 2 0 5 5.175 -2.441 1.503
SPIN 3 2 0 6 1.051 4.379 3.837
SPIN 3 2 0 7 1.220 -4.646 -3.454
SPIN 3 2 0 8 -5.707 1.539 -0.259
SPIN 3 2 0 9 -4.206 2.741 -3.129
SPIN 3 2 0 10 -0.664 4.117 4.196
SPIN 3 2 0 11 5.857 -0.040 0.834
SPIN 3 2 0 12 -3.720 4.366 1.450
SPIN 3 2 0 13 -2.905 5.070 -0.927
SPIN 3 2 0 14 3.163 -4.498 2.182
SPIN 3 2 0 15 -2.162 -4.118 3.656
SPIN 2 2 0 0 -4.201 3.818 1.666
SPIN 2 2 0 1 3.064 1.897 -4.692
SPIN 2 2 0 2 1.184 -4.630 3.487
SPIN 2 2 0 3 5.283 -2.654 0.225
SPIN 2 2 0 4 -5.876 -0.498 -0.471
SPIN 2 2 0 5 5.184 -0.605 -2.786
SPIN 2 2 0 6 -0.260 3.435 4.810
SPIN 2 2 0 7 -4.350 -1.392 3.760
SPIN 2 2 0 8 -5.686 -0.583 1.524
SPIN 2 2 0 9 1.349 1.499 5.562
SPIN 2 2 0 10 0.903 -5.561 1.805
SPIN 2 2 0 11 3.365 3.452 -3.430
SPIN 2 2 0 12 0.384 -5.573 1.948
SPIN 2 2 0 13 2.170 0.058 5.503
SPIN 2 2 0 14 -3.543 4.039 2.477
SPIN 2 2 0 15 4.028 4.153 -1.234
SPIN 3 2 1 0 -2.325 -5.084 1.934
SPIN 3 2 1 1 -2.359 5.104 -1.840
SPIN 3 2 1 2 -5.488 -0.860 -2.036
SPIN 3 2 1 3 4.741 2.456 -2.548
SPIN 3 2 1 4 2.108 -1.327 5.366
SPIN 3 2 1 5 -4.128 4.198 -0.579
SPIN 3 2 1 6 5.127 2.182 -1.989
SPIN 3 2 1 7 2.348 2.567 4.785
SPIN 3 2 1 8 -0.020 -5.375 -2.471
SPIN 3 2 1 9 0.124 -5.314 2.598
SPIN 3 2 1 10 5.802 0.362 -1.100
SPIN 3 2 1 11 -2.723 1.083 5.139
SPIN 3 2 1 12 -3.803 -4.281 1.486
SPIN 3 2 1 13 2.620 -1.664 -5.037
SPIN 3 2 1 14 -0.002 5.879 0.657
SPIN 3 2 1 15 0.931 2.774 5.142
SPIN 2 2 1 0 -4.088 4.224 -0.668
SPIN 2 2 1 1 5.226 2.520 1.156
SPIN 2 2 1 2 -1.010 -5.828 0.133
SPIN 2 2 1 3 -2.587 3.837 -3.685
SPIN 2 2 1 4 4.160 -3.690 2.020
SPIN 2 2 1 5 2.525 5.097 1.625
SPIN 2 2 1 6 0.166 -5.736 -1.437
SPIN 2 2 1 7 1.301 2.479 5.212
SPIN 2 2 1 8 3.162 -3.801 -3.249
SPIN 2 2 1 9 -0.729 -5.724 1.307
SPIN 2 2 1 10 -0.760 5.654 -1.568
SPIN 2 2 1 11 -3.203 -4.545 2.022
SPIN 2 2 1 12 4.119 -0.499 -4.217
SPIN 2 2 1 13 1.570 3.301 4.652
SPIN 2 2 1 14 1.098 -5.427 2.084
SPIN 2 2 1 15 -4.261 3.273 2.475
SPIN 3 2 2 0 -1.530 -4.780 -3.133
SPIN 3 2 2 1 1.220 -5.331 -2.256
SPIN 3 2 2 2 3.143 -2.813 4.148
SPIN 3 2 2 3 -4.860 3.196 -1.080
SPIN 3 2 2 4 -1.051 -5.075 2.853
SPIN 3 2 2 5 2.686 3.625 -3.827
SPIN 3 2 2 6 -1.862 3.540 4.359
SPIN 3 2 2 7 2.931 -2.296 -4.597
SPIN 3 2 2 8 2.422 5.283 1.105
SPIN 3 2 2 9 -4.273 3.932 -1.131
SPIN 3 2 2 10 3.844 2.317 3.854
SPIN 3 2 2 11 1.841 -5.037 -2.498
SPIN 3 2 2 12 -2.096 -1.045 -5.433
SPIN 3 2 2 13 3.346 4.732 1.190
SPIN 3 2 2 14 -0.068 -5.150 2.911
SPIN 3 2 2 15 -1.583 0.126 -5.699
SPIN 2 2 2 0 4.035 -3.323 2.771
SPIN 2 2 2 1 0.199 5.892 0.493
SPIN 2 2 2 2 -3.140 2.949 4.054
SPIN 2 2 2 3 -3.836 0.036 4.504
SPIN 2 2 2 4 4.955 -1.077 3.047
SPIN 2 2 2 5 -3.390 -3.648 -3.194
SPIN 2 2 2 6 4.686 3.600 0.289
SPIN 2 2 2 7 4.236 -3.119 -2.706
SPIN 2 2 2 8 -4.335 3.303 2.302
SPIN 2 2 2 9 3.593 -4.687 -0.352
SPIN 2 2 2 10 1.318 -0.597 -5.736
SPIN 2 2 2 11 4.088 -2.320 -3.592
SPIN 2 2 2 12 -2.498 -5.016 1.897
SPIN 2 2 2 13 -1.305 -2.304 5.291
SPIN 2 2 2 14 -0.827 -1.724 -5.599
SPIN 2 2 2 15 -0.667 5.749 1.227
SPIN 3 2 3 0 -0.672 5.837 -0.692
SPIN 3 2 3 1 2.882 0.475 -5.145
SPIN 3 2 3 2 -3.764 4.258 1.645
SPIN 3 2 3 3 0.565 3.480 -4.751
SPIN 3 2 3 4 0.342 5.172 2.851
SPIN 3 2 3 5 -1.929 -4.891 2.712
SPIN 3 2 3 6 -2.252 -3.179 -4.452
SPIN 3 2 3 7 1.871 -2.097 -5.206
SPIN 3 2 3 8 2.557 -5.070 -1.658
SPIN 3 2 3 9 1.066 -0.280 -5.813
SPIN 3 2 3 10 -2.807 -5.046 -1.287
SPIN 3 2 3 11 3.370 4.417 -2.032
SPIN 3 2 3 12 -0.815 5.848 0.369
SPIN 3 2 3 13 1.377 -4.808 -3.161
SPIN 3 2 3 14 -2.421 1.596 -5.156
SPIN 3 2 3 15 1.535 -3.824 4.245
SPIN 2 2 3 0 0.334 0.542 5.882
SPIN 2 2 3 1 -0.843 -0.074 5.855
SPIN 2 2 3 2 -2.209 -3.677 4.074
SPIN 2 2 3 3 3.880 -1.777 -4.097
SPIN 2 2 3 4 4.054 -0.131 4.307
SPIN 2 2 3 5 -4.310 2.308 3.330
SPIN 2 2 3 6 3.095 -2.194 -4.540
SPIN 2 2 3 7 -3.176 3.983 3.008
SPIN 2 2 3 8 4.936 1.108 -3.068
SPIN 2 2 3 9 -2.979 0.403 5.096
SPIN 2 2 3 10 -0.200 5.272 2.678
SPIN 2 2 3 11 -4.127 -0.417 4.218
SPIN 2 2 3 12 -5.004 -1.183 2.926
SPIN 2 2 3 13 4.031 -3.991 -1.680
SPIN 2 2 3 14 0.701 5.008 -3.070
SPIN 2 2 3 15 -1.314 -3.076 4.880
SPIN 3 2 4 0 -5.117 -2.240 -1.949
SPIN 3 2 4 1 -1.004 0.729 5.785
SPIN 3 2 4 2 -2.574 5.320 0.263
SPIN 3 2 4 3 2.516 0.115 5.353
SPIN 3 2 4 4 -0.648 0.765 -5.830
SPIN 3 2 4 5 1.438 -3.745 -4.348
SPIN 3 2 4 6 0.900 1.797 5.564
SPIN 3 2 4 7 3.916 3.620 2.561
SPIN 3 2 4 8 1.809 -3.250 4.601
SPIN 3 2 4 9 -5.177 1.384 -2.507
SPIN 3 2 4 10 4.736 3.544 0.070
SPIN 3 2 4 11 -4.005 4.122 1.402
SPIN 3 2 4 12 -2.324 -3.922 3.770
SPIN 3 2 4 13 -4.437 -3.834 0.781
SPIN 3 2 4 14 -0.458 -5.876 0.510
SPIN 3 2 4 15 2.266 4.365 -3.288
SPIN 2 2 4 0 0.601 -0.450 5.868
SPIN 2 2 4 1 -3.176 -4.885 1.023
SPIN 2 2 4 2 -2.068 -4.996 -2.402
SPIN 2 2 4 3 1.076 -5.770 0.744
SPIN 2 2 4 4 0.876 5.846 0.242
SPIN 2 2 4 5 -2.072 1.552 5.320
SPIN 2 2 4 6 4.173 3.684 -2.005
SPIN 2 2 4 7 0.079 -0.987 5.833
SPIN 2 2 4 8 0.019 -0.288 -5.909
SPIN 2 2 4 9 4.440 -1.237 3.709
SPIN 2 2 4 10 0.350 5.890 -0.431
SPIN 2 2 4 11 -4.592 -3.501 1.286
SPIN 2 2 4 12 -0.800 -3.765 -4.493
SPIN 2 2 4 13 -0.326 5.795 1.147
SPIN 2 2 4 14 1.412 -3.608 -4.471
SPIN 2 2 4 15 -4.586 -3.583 1.062
SPIN 3 2 5 0 5.778 0.784 1.001
SPIN 3 2 5 1 4.733 -2.465 -2.554
SPIN 3 2 5 2 -5.772 0.979 -0.849
SPIN 3 2 5 3 -4.450 -3.897 -0.132
SPIN 3 2 5 4 5.394 2.430 0.008
SPIN 3 2 5 5 -4.210 -2.606 -3.238
SPIN 3 2 5 6 1.365 3.601 4.491
SPIN 3 2 5 7 -1.418 0.073 5.743
SPIN 3 2 5 8 1.756 5.528 1.164
SPIN 3 2 5 9 -3.639 4.049 2.315
SPIN 3 2 5 10 -3.885 -3.049 3.258
SPIN 3 2 5 11 -3.673 -4.591 -0.663
SPIN 3 2 5 12 4.860 3.191 1.095
SPIN 3 2 5 13 5.584 0.025 -1.955
SPIN 3 2 5 14 -4.307 3.172 2.528
SPIN 3 2 5 15 1.691 -3.628 -4.357
SPIN 2 2 5 0 4.390 3.871 -0.862
SPIN 2 2 5 1 -4.792 2.722 2.152
SPIN 2 2 5 2 3.844 1.720 -4.155
SPIN 2 2 5 3 3.243 -4.245 2.541
SPIN 2 2 5 4 -3.323 -1.202 -4.745
SPIN 2 2 5 5 4.667 -2.137 -2.942
SPIN 2 2 5 6 -5.719 0.266 1.490
SPIN 2 2 5 7 5.361 -1.485 2.014
SPIN 2 2 5 8 -0.967 2.353 5.341
SPIN 2 2 5 9 4.054 1.647 -3.981
SPIN 2 2 5 10 3.556 4.664 0.775
SPIN 2 2 5 11 3.155 4.400 -2.385
SPIN 2 2 5 12 5.268 -0.110 2.689
SPIN 2 2 5 13 0.972 -3.676 4.532
SPIN 2 2 5 14 -4.780 2.925 -1.895
SPIN 2 2 5 15 4.847 -3.286 0.843
SPIN 3 2 6 0 4.076 -4.181 -0.949
SPIN 3 2 6 1 -0.342 5.776 -1.232
SPIN 3 2 6 2 5.409 2.350 -0.472
SPIN 3 2 6 3 4.421 -3.395 1.981
SPIN 3 2 6 4 5.636 -0.787 -1.618
SPIN 3 2 6 5 -3.701 -2.498 3.881
SPIN 3 2 6 6 5.840 0.110 -0.939
SPIN 3 2 6 7 3.660 0.461 -4.625
SPIN 3 2 6 8 -3.220 4.837 1.113
SPIN 3 2 6 9 -5.149 1.501 2.496
SPIN 3 2 6 10 3.553 -4.396 -1.746
SPIN 3 2 6 11 -4.131 -3.882 -1.690
SPIN 3 2 6 12 -5.397 1.957 -1.431
SPIN 3 2 6 13 -0.341 -1.981 5.564
SPIN 3 2 6 14 -1.793 2.851 4.864
SPIN 3 2 6 15 -1.448 5.113 -2.599
SPIN 2 2 6 0 -4.525 1.500 3.503
SPIN 2 2 6 1 4.015 -4.259 0.862
SPIN 2 2 6 2 -5.711 -0.634 1.407
SPIN 2 2 6 3 4.731 -2.129 -2.844
SPIN 2 2 6 4 1.393 2.197 -5.313
SPIN 2 2 6 5 -3.690 -3.299 -3.241
SPIN 2 2 6 6 5.138 1.692 -2.396
SPIN 2 2 6 7 -2.337 4.042 3.634
SPIN 2 2 6 8 1.579 4.549 -3.436
SPIN 2 2 6 9 -4.632 3.638 -0.556
SPIN 2 2 6 10 -4.649 -0.052 -3.659
SPIN 2 2 6 11 0.856 -4.458 3.794
SPIN 2 2 6 12 2.497 5.362 -0.143
SPIN 2 2 6 13 1.232 1.864 -5.478
SPIN 2 2 6 14 -1.198 0.531 5.769
SPIN 2 2 6 15 -1.342 5.736 -0.544
SPIN 3 2 7 0 4.409 2.975 -2.591
SPIN 3 2 7 1 2.706 -3.587 -3.848
SPIN 3 2 7 2 -0.405 -0.929 5.829
SPIN 3 2 7 3 0.560 5.480 -2.157
SPIN 3 2 7 4 -5.390 1.641 -1.804
SPIN 3 2 7 5 2.370 5.365 -0.775
SPIN 3 2 7 6 -0.745 5.868 -0.119
SPIN 3 2 7 7 -2.517 -2.861 4.526
SPIN 3 2 7 8 2.754 -4.125 -3.225
SPIN 3 2 7 9 5.456 1.766 1.452
SPIN 3 2 7 10 -2.068 0.941 -5.462
SPIN 3 2 7 11 5.270 -0.446 2.651
SPIN 3 2 7 12 -3.905 -4.302 1.114
SPIN 3 2 7 13 0.605 0.164 -5.883
SPIN 3 2 7 14 0.468 -0.715 -5.854
SPIN 3 2 7 15 -5.472 -0.296 -2.229
SPIN 2 2 7 0 -3.997 2.661 -3.456
SPIN 2 2 7 1 5.156 -2.599 -1.290
SPIN 2 2 7 2 -1.508 4.892 2.965
SPIN 2 2 7 3 -2.830 -1.000 -5.098
SPIN 2 2 7 4 -2.761 -3.098 -4.216
SPIN 2 2 7 5 -1.739 -1.180 -5.530
SPIN 2 2 7 6 -3.314 4.360 2.238
SPIN 2 2 7 7 -0.285 -4.311 -4.042
SPIN 2 2 7 8 2.194 3.377 -4.334
SPIN 2 2 7 9 -2.665 -3.089 4.285
SPIN 2 2 7 10 2.549 -1.757 -5.042
SPIN 2 2 7 11 -5.822 0.202 1.033
SPIN 2 2 7 12 5.652 0.840 1.534
SPIN 2 2 7 13 -0.307 0.138 5.906
SPIN 2 2 7 14 1.035 -4.616 -3.553
SPIN 2 2 7 15 4.068 -3.764 2.070
SPIN 3 2 8 0 -1.898 3.279 4.544
SPIN 3 2 8 1 4.564 3.764 0.052
SPIN 3 2 8 2 -2.947 -5.028 1.017
SPIN 3 2 8 3 -4.547 -2.593 -2.756
SPIN 3 2 8 4 -2.759 4.894 -1.854
SPIN 3 2 8 5 4.944 -1.511 2.877
SPIN 3 2 8 6 -2.184 5.477 -0.483
SPIN 3 2 8 7 5.363 2.276 -1.028
SPIN 3 2 8 8 -5.467 -2.114 -0.799
SPIN 3 2 8 9 3.573 4.649 -0.791
SPIN 3 2 8 10 4.531 -1.983 3.247
SPIN 3 2 8 11 -5.356 -0.794 2.383
SPIN 3 2 8 12 -4.978 -2.384 -2.129
SPIN 3 2 8 13 -3.522 -2.952 -3.725
SPIN 3 2 8 14 -2.997 -2.578 4.401
SPIN 3 2 8 15 5.252 2.605 0.791
SPIN 2 2 8 0 0.893 -5.358 2.345
SPIN 2 2 8 1 -2.002 5.551 0.423
SPIN 2 2 8 2 4.902 -1.276 -3.056
SPIN 2 2 8 3 3.782 4.383 -1.220
SPIN 2 2 8 4 2.333 3.041 -4.507
SPIN 2 2 8 5 -1.689 -5.505 -1.358
SPIN 2 2 8 6 5.682 -1.212 -1.115
SPIN 2 2 8 7 -1.812 5.348 1.766
SPIN 2 2 8 8 5.049 -3.084 0.031
SPIN 2 2 8 9 -5.145 0.018 2.920
SPIN 2 2 8 10 5.052 3.070 0.225
SPIN 2 2 8 11 -0.455 -5.315 -2.558
SPIN 2 2 8 12 -2.516 -4.025 -3.531
SPIN 2 2 8 13 -1.042 3.335 -4.774
SPIN 2 2 8 14 4.441 -2.636 2.885
SPIN 2 2 8 15 4.547 3.471 -1.509
SPIN 3 2 9 0 3.172 4.014 -2.971
SPIN 3 2 9 1 4.123 3.038 -2.961
SPIN 3 2 9 2 4.120 3.880 -1.723
SPIN 3 2 9 3 -3.540 3.096 -3.589
SPIN 3 2 9 4 -0.318 -5.150 2.895
SPIN 3 2 9 5 -5.080 2.298 -1.979
SPIN 3 2 9 6 -5.374 -2.460 -0.264
SPIN 3 2 9 7 -4.701 -1.290 -3.353
SPIN 3 2 9 8 4.325 -3.916 -0.979
SPIN 3 2 9 9 2.087 -5.268 -1.701
SPIN 3 2 9 10 -1.184 -0.097 5.796
SPIN 3 2 9 11 5.047 -3.076 -0.265
SPIN 3 2 9 12 2.133 4.885 2.568
SPIN 3 2 9 13 -2.689 -0.403 5.254
SPIN 3 2 9 14 -0.997 5.752 -0.961
SPIN 3 2 9 15 -3.221 -4.727 -1.511
SPIN 2 2 9 0 3.054 4.511 2.306
SPIN 2 2 9 1 5.289 -2.651 -0.043
SPIN 2 2 9 2 4.456 -2.387 -3.074
SPIN 2 2 9 3 -5.124 -1.377 2.618
SPIN 2 2 9 4 4.439 1.727 3.509
SPIN 2 2 9 5 0.613 2.431 5.359
SPIN 2 2 9 6 -1.352 -5.730 0.581
SPIN 2 2 9 7 2.143 -0.572 5.484
SPIN 2 2 9 8 -4.000 2.392 -3.643
SPIN 2 2 9 9 5.119 0.112 2.963
SPIN 2 2 9 10 -4.545 -3.786 -0.100
SPIN 2 2 9 11 1.040 4.629 3.534
SPIN 2 2 9 12 2.063 0.394 -5.531
SPIN 2 2 9 13 -3.436 -2.656 -4.017
SPIN 2 2 9 14 -0.299 -3.692 4.613
SPIN 2 2 9 15 3.872 3.897 2.196
SPIN 3 2 10 0 5.893 0.490 -0.170
SPIN 3 2 10 1 1.146 -3.163 -4.867
SPIN 3 2 10 2 -2.901 -2.617 4.442
SPIN 3 2 10 3 4.396 -3.285 -2.210
SPIN 3 2 10 4 -5.615 1.061 -1.532
SPIN 3 2 10 5 -3.791 1.139 4.397
SPIN 3 2 10 6 -2.450 -5.193 -1.424
SPIN 3 2 10 7 5.065 -2.589 1.625
SPIN 3 2 10 8 -4.626 3.263 -1.717
SPIN 3 2 10 9 0.035 3.318 4.898
SPIN 3 2 10 10 0.759 -5.096 -2.907
SPIN 3 2 10 11 -1.125 5.165 2.657
SPIN 3 2 10 12 1.264 -5.217 -2.486
SPIN 3 2 10 13 1.363 -2.141 5.344
SPIN 3 2 10 14 -1.991 -1.923 5.228
SPIN 3 2 10 15 2.054 -4.771 -2.832
SPIN 2 2 10 0 2.570 -1.639 -5.070
SPIN 2 2 10 1 -1.715 -4.941 2.766
SPIN 2 2 10 2 4.028 4.287 -0.629
SPIN 2 2 10 3 -4.619 1.321 3.452
SPIN 2 2 10 4 5.540 1.971 0.653
SPIN 2 2 10 5 -0.778 -5.833 -0.612
SPIN 2 2 10 6 0.481 5.512 2.095
SPIN 2 2 10 7 -4.440 -3.825 0.808
SPIN 2 2 10 8 5.020 0.542 -3.084
SPIN 2 2 10 9 -2.116 -5.431 1.013
SPIN 2 2 10 10 -1.498 5.564 -1.340
SPIN 2 2 10 11 -1.909 3.062 -4.688
SPIN 2 2 10 12 3.580 4.710 0.024
SPIN 2 2 10 13 1.701 -5.602 0.851
SPIN 2 2 10 14 3.420 1.292 -4.651
SPIN 2 2 10 15 2.637 -1.978 4.913
SPIN 3 2 11 0 -5.565 0.256 1.991
SPIN 3 2 11 1 -5.571 1.667 1.090
SPIN 3 2 11 2 3.538 0.528 -4.712
SPIN 3 2 11 3 -0.336 2.702 5.252
SPIN 3 2 11 4 1.960 -4.455 3.364
SPIN 3 2 11 5 -4.244 -3.087 -2.731
SPIN 3 2 11 6 0.087 2.078 5.538
SPIN 3 2 11 7 -5.816 1.039 0.300
SPIN 3 2 11 8 4.731 0.677 -3.486
SPIN 3 2 11 9 3.742 -0.530 -4.552
SPIN 3 2 11 10 0.648 5.083 2.956
SPIN 3 2 11 11 -0.763 1.108 -5.761
SPIN 3 2 11 12 2.929 -2.844 4.281
SPIN 3 2 11 13 -4.419 -1.003 -3.803
SPIN 3 2 11 14 5.609 0.839 1.685
SPIN 3 2 11 15 -3.669 3.933 -2.463
SPIN 2 2 11 0 1.105 0.048 5.812
SPIN 2 2 11 1 1.492 -2.359 -5.216
SPIN 2 2 11 2 -2.305 -5.374 -0.901
SPIN 2 2 11 3 4.236 2.709 -3.117
SPIN 2 2 11 4 1.868 -5.521 1.016
SPIN 2 2 11 5 1.898 -3.489 4.384
SPIN 2 2 11 6 4.738 0.058 3.542
SPIN 2 2 11 7 2.620 0.229 5.300
SPIN 2 2 11 8 3.594 -0.040 4.699
SPIN 2 2 11 9 5.544 -1.538 -1.378
SPIN 2 2 11 10 -4.424 -3.121 2.386
SPIN 2 2 11 11 2.551 -2.710 4.599
SPIN 2 2 11 12 -5.591 -1.766 -0.786
SPIN 2 2 11 13 -5.713 -1.054 -1.119
SPIN 2 2 11 14 3.718 -4.103 -2.084
SPIN 2 2 11 15 -4.726 2.481 -2.552
SPIN 3 2 12 0 0.077 -3.244 -4.947
SPIN 3 2 12 1 -1.764 5.041 2.545
SPIN 3 2 12 2 -4.709 -3.552 -0.454
SPIN 3 2 12 3 -5.504 1.282 1.749
SPIN 3 2 12 4 1.087 4.378 3.828
SPIN 3 2 12 5 -4.698 3.372 1.251
SPIN 3 2 12 6 1.856 -5.600 -0.440
SPIN 3 2 12 7 -0.283 3.286 4.912
SPIN 3 2 12 8 -2.548 2.420 -4.759
SPIN 3 2 12 9 -2.821 -4.366 2.824
SPIN 3 2 12 10 1.032 -5.737 -1.009
SPIN 3 2 12 11 3.141 -5.012 -0.091
SPIN 3 2 12 12 -4.490 2.000 -3.292
SPIN 3 2 12 13 3.722 1.224 -4.432
SPIN 3 2 12 14 4.448 0.030 -3.900
SPIN 3 2 12 15 -2.948 0.955 5.039
SPIN 2 2 12 0 -2.448 5.329 -0.779
SPIN 2 2 12 1 -1.659 -1.408 5.501
SPIN 2 2 12 2 -1.976 4.829 -2.788
SPIN 2 2 12 3 -0.109 -4.581 -3.742
SPIN 2 2 12 4 2.882 3.745 3.560
SPIN 2 2 12 5 -3.042 -4.475 2.392
SPIN 2 2 12 6 4.460 -0.688 3.826
SPIN 2 2 12 7 -5.637 -1.574 0.865
SPIN 2 2 12 8 -5.297 -1.224 -2.334
SPIN 2 2 12 9 -4.808 3.385 0.652
SPIN 2 2 12 10 2.819 0.961 -5.112
SPIN 2 2 12 11 -5.691 1.301 0.961
SPIN 2 2 12 12 -1.278 4.613 3.477
SPIN 2 2 12 13 -2.429 4.403 -3.116
SPIN 2 2 12 14 3.293 -0.707 4.864
SPIN 2 2 12 15 1.759 -5.643 -0.242
SPIN 3 2 13 0 2.736 4.678 2.372
SPIN 3 2 13 1 4.207 -2.231 -3.511
SPIN 3 2 13 2 -1.355 4.360 3.762
SPIN 3 2 13 3 3.865 -1.781 -4.109
SPIN 3 2 13 4 5.828 0.195 -1.001
SPIN 3 2 13 5 4.535 3.525 -1.419
SPIN 3 2 13 6 -2.367 1.810 5.111
SPIN 3 2 13 7 0.430 2.726 -5.233
SPIN 3 2 13 8 5.826 0.895 -0.511
SPIN 3 2 13 9 -0.821 0.155 -5.857
SPIN 3 2 13 10 5.407 -1.917 1.445
SPIN 3 2 13 11 4.862 -1.509 3.014
SPIN 3 2 13 12 0.759 -3.554 -4.668
SPIN 3 2 13 13 -5.203 1.184 2.554
SPIN 3 2 13 14 -0.176 -0.926 -5.840
SPIN 3 2 13 15 5.767 -0.348 -1.274
SPIN 2 2 13 0 -1.373 -2.704 -5.079
SPIN 2 2 13 1 -5.571 -1.359 1.455
SPIN 2 2 13 2 0.169 -1.898 -5.601
SPIN 2 2 13 3 1.058 -3.082 -4.938
SPIN 2 2 13 4 2.063 5.456 0.989
SPIN 2 2 13 5 1.748 4.883 -2.846
SPIN 2 2 13 6 4.223 -1.889 3.687
SPIN 2 2 13 7 0.517 -5.892 -0.113
SPIN 2 2 13 8 -2.388 4.477 3.042
SPIN 2 2 13 9 -5.747 -1.350 0.379
SPIN 2 2 13 10 -2.804 -2.400 4.624
SPIN 2 2 13 11 2.299 -0.448 5.433
SPIN 2 2 13 12 -1.406 -3.624 -4.460
SPIN 2 2 13 13 -2.600 -3.189 4.251
SPIN 2 2 13 14 3.257 3.309 -3.666
SPIN 2 2 13 15 0.560 3.774 4.521
SPIN 3 2 14 0 -1.102 5.321 -2.341
SPIN 3 2 14 1 -0.910 -2.355 -5.350
SPIN 3 2 14 2 0.232 3.548 -4.728
SPIN 3 2 14 3 -3.157 -2.687 4.221
SPIN 3 2 14 4 -1.314 4.979 2.913
SPIN 3 2 14 5 3.363 -4.406 -2.068
SPIN 3 2 14 6 -5.783 1.217 0.268
SPIN 3 2 14 7 -3.087 -4.893 1.236
SPIN 3 2 14 8 -4.504 -2.620 -2.802
SPIN 3 2 14 9 -2.230 5.057 -2.109
SPIN 3 2 14 10 5.686 0.233 1.616
SPIN 3 2 14 11 -3.305 1.119 4.778
SPIN 3 2 14 12 2.727 -0.993 -5.155
SPIN 3 2 14 13 4.389 -2.454 3.116
SPIN 3 2 14 14 -4.129 4.227 0.292
SPIN 3 2 14 15 3.243 -4.123 -2.735
SPIN 2 2 14 0 -2.684 -5.272 0.086
SPIN 2 2 14 1 0.054 -0.562 5.889
SPIN 2 2 14 2 2.858 2.730 4.403
SPIN 2 2 14 3 0.343 -0.974 -5.825
SPIN 2 2 14 4 -0.930 -1.646 5.606
SPIN 2 2 14 5 -1.926 5.547 -0.720
SPIN 2 2 14 6 -1.046 1.916 5.499
SPIN 2 2 14 7 4.207 -4.143 -0.378
SPIN 2 2 14 8 -3.505 2.165 4.246
SPIN 2 2 14 9 5.259 -2.242 1.523
SPIN 2 2 14 10 -5.827 -0.997 -0.242
SPIN 2 2 14 11 0.612 -5.514 -2.055
SPIN 2 2 14 12 2.554 -2.947 -4.449
SPIN 2 2 14 13 -1.409 -5.553 1.476
SPIN 2 2 14 14 4.570 -2.362 -2.922
SPIN 2 2 14 15 0.704 5.816 -0.824
SPIN 3 2 15 0 5.611 1.314 -1.339
SPIN 3 2 15 1 -2.940 4.282 2.832
SPIN 3 2 15 2 1.358 -5.271 2.317
SPIN 3 2 15 3 0.239 5.099 -2.990
SPIN 3 2 15 4 -4.021 -3.579 -2.453
SPIN 3 2 15 5 1.924 5.498 -1.032
SPIN 3 2 15 6 4.976 2.271 2.254
SPIN 3 2 15 7 1.255 5.675 -1.105
SPIN 3 2 15 8 3.933 3.427 2.790
SPIN 3 2 15 9 3.743 -3.801 2.558
SPIN 3 2 15 10 3.583 3.166 3.483
SPIN 3 2 15 11 -3.105 3.885 -3.204
SPIN 3 2 15 12 2.406 3.284 4.292
SPIN 3 2 15 13 -5.730 -0.981 1.096
SPIN 3 2 15 14 -4.575 -2.667 -2.637
SPIN 3 2 15 15 -3.084 -0.518 -5.022
SPIN 2 2 15 0 2.084 -2.030 5.151
SPIN 2 2 15 1 -0.147 -5.878 -0.653
SPIN 2 2 15 2 -3.481 1.642 -4.492
SPIN 2 2 15 3 -4.336 2.109 3.428
SPIN 2 2 15 4 -0.043 4.487 -3.856
SPIN 2 2 15 5 3.392 1.487 -4.614
SPIN 2 2 15 6 -4.278 -3.937 -1.096
SPIN 2 2 15 7 1.513 3.593 4.449
SPIN 2 2 15 8 2.787 -4.694 2.280
SPIN 2 2 15 9 -3.867 -4.211 -1.519
SPIN 2 2 15 10 3.177 3.102 3.910
SPIN 2 2 15 11 -5.133 -2.773 0.982
SPIN 2 2 15 12 3.468 2.739 -3.933
SPIN 2 2 15 13 -3.485 -4.729 0.706
SPIN 2 2 15 14 3.230 4.943 0.359
SPIN 2 2 15 15 -2.096 1.965 -5.172
SPIN 1 3 0 0 2.615 5.254 -0.748
SPIN 1 3 0 1 2.818 -4.783 2.045
SPIN 1 3 0 2 1.311 1.858 5.462
SPIN 1 3 0 3 3.723 -2.800 -3.647
SPIN 1 3 0 4 -2.525 -4.624 2.692
SPIN 1 3 0 5 1.723 4.789 3.016
SPIN 1 3 0 6 -4.787 -2.237 -2.661
SPIN 1 3 0 7 -5.522 -0.455 2.073
SPIN 1 3 0 8 -5.598 1.911 -0.107
SPIN 1 3 0 9 4.097 -4.080 -1.251
SPIN 1 3 0 10 0.555 0.347 5.880
SPIN 1 3 0 11 0.376 0.665 -5.867
SPIN 1 3 0 12 -2.146 2.619 -4.851
SPIN 1 3 0 13 4.819 -2.910 1.818
SPIN 1 3 0 14 -1.987 -0.950 5.491
SPIN 1 3 0 15 0.080 0.985 -5.833
SPIN 4 3 0 0 -1.023 5.109 2.802
SPIN 4 3 0 1 2.676 2.023 -4.873
SPIN 4 3 0 2 2.515 2.859 -4.528
SPIN 4 3 0 3 5.195 2.682 -0.906
SPIN 4 3 0 4 2.523 1.219 5.210
SPIN 4 3 0 5 2.941 1.139 5.005
SPIN 4 3 0 6 -4.798 -0.527 3.421
SPIN 4 3 0 7 4.059 0.425 -4.283
SPIN 4 3 0 8 5.349 -2.515 0.254
SPIN 4 3 0 9 -1.344 3.953 -4.191
SPIN 4 3 0 10 -0.513 -5.772 -1.191
SPIN 4 3 0 11 2.007 2.272 5.080
SPIN 4 3 0 12 2.730 -5.083 1.307
SPIN 4 3 0 13 -5.405 0.622 -2.323
SPIN 4 3 0 14 2.842 -4.848 -1.850
SPIN 4 3 0 15 -2.851 -5.177 0.262
SPIN 1 3 1 0 3.216 -0.411 -4.949
SPIN 1 3 1 1 3.977 -2.036 3.877
SPIN 1 3 1 2 1.392 -5.719 -0.595
SPIN 1 3 1 3 -5.609 1.284 1.373
SPIN 1 3 1 4 2.632 2.635 -4.597
SPIN 1 3 1 5 -3.227 -0.098 -4.957
SPIN 1 3 1 6 -5.684 1.208 1.109
SPIN 1 3 1 7 5.455 1.353 -1.848
SPIN 1 3 1 8 -3.843 -2.631 3.648
SPIN 1 3 1 9 -3.626 2.051 -4.201
SPIN 1 3 1 10 3.974 -3.498 2.640
SPIN 1 3 1 11 -5.284 0.251 2.649
SPIN 1 3 1 12 -3.243 -3.091 3.864
SPIN 1 3 1 13 2.315 3.079 4.490
SPIN 1 3 1 14 4.237 0.225 -4.122
SPIN 1 3 1 15 -3.587 2.314 4.097
SPIN 4 3 1 0 -1.992 4.676 -3.028
SPIN 4 3 1 1 -5.491 -2.177 -0.327
SPIN 4 3 1 2 2.134 -0.745 5.467
SPIN 4 3 1 3 -1.719 -4.479 3.461
SPIN 4 3 1 4 4.733 3.053 -1.810
SPIN 4 3 1 5 -4.794 3.323 0.990
SPIN 4 3 1 6 3.795 2.864 -3.521
SPIN 4 3 1 7 -2.909 -2.412 4.552
SPIN 4 3 1 8 -0.495 1.921 -5.574
SPIN 4 3 1 9 2.221 2.757 4.740
SPIN 4 3 1 10 -4.167 1.391 -3.963
SPIN 4 3 1 11 5.318 -1.239 2.278
SPIN 4 3 1 12 1.040 3.002 4.991
SPIN 4 3 1 13 0.755 -1.869 -5.562
SPIN 4 3 1 14 4.370 3.812 1.170
SPIN 4 3 1 15 5.068 1.391 2.716
SPIN 1 3 2 0 1.525 5.344 -2.029
SPIN 1 3 2 1 -4.955 -1.375 -2.925
SPIN 1 3 2 2 4.954 3.190 0.529
SPIN 1 3 2 3 2.232 -5.032 2.167
SPIN 1 3 2 4 -3.821 3.837 2.382
SPIN 1 3 2 5 -4.703 -2.005 2.977
SPIN 1 3 2 6 -0.621 -3.889 4.415
SPIN 1 3 2 7 0.213 -5.000 -3.155
SPIN 1 3 2 8 3.450 -3.310 3.484
SPIN 1 3 2 9 0.233 -3.622 4.672
SPIN 1 3 2 10 1.902 -5.244 -1.970
SPIN 1 3 2 11 -4.329 -2.610 3.074
SPIN 1 3 2 12 0.297 5.894 -0.421
SPIN 1 3 2 13 -0.990 3.084 -4.950
SPIN 1 3 2 14 -1.722 3.274 4.617
SPIN 1 3 2 15 -2.997 -4.364 -2.640
SPIN 4 3 2 0 -4.328 1.285 3.823
SPIN 4 3 2 1 -2.934 -4.050 -3.161
SPIN 4 3 2 2 -1.777 2.236 -5.181
SPIN 4 3 2 3 -1.492 2.977 -4.890
SPIN 4 3 2 4 0.034 5.111 -2.980
SPIN 4 3 2 5 3.946 3.442 -2.754
SPIN 4 3 2 6 -3.680 -4.467 1.227
SPIN 4 3 2 7 -0.772 2.147 -5.458
SPIN 4 3 2 8 -4.283 -2.657 -3.098
SPIN 4 3 2 9 -3.647 4.317 1.748
SPIN 4 3 2 10 4.640 3.379 1.432
SPIN 4 3 2 11 -5.353 -2.042 -1.476
SPIN 4 3 2 12 5.611 -1.120 1.505
SPIN 4 3 2 13 4.376 -3.325 2.189
SPIN 4 3 2 14 5.783 -1.041 0.686
SPIN 4 3 2 15 1.297 4.310 3.840
SPIN 1 3 3 0 1.778 -5.098 2.418
SPIN 1 3 3 1 3.093 -0.671 -4.999
SPIN 1 3 3 2 -1.494 -4.019 -4.076
SPIN 1 3 3 3 -1.881 -4.160 3.762
SPIN 1 3 3 4 3.719 -2.692 -3.731
SPIN 1 3 3 5 -2.631 -4.048 -3.419
SPIN 1 3 3 6 4.288 -2.966 2.796
SPIN 1 3 3 7 -5.527 0.403 2.071
SPIN 1 3 3 8 -5.747 -0.864 1.106
SPIN 1 3 3 9 -5.299 1.757 -1.958
SPIN 1 3 3 10 5.485 -0.997 1.981
SPIN 1 3 3 11 -5.652 1.512 0.875
SPIN 1 3 3 12 -1.288 -0.929 -5.699
SPIN 1 3 3 13 3.100 1.492 -4.813
SPIN 1 3 3 14 2.975 -3.279 3.924
SPIN 1 3 3 15 -3.722 -2.742 -3.692
SPIN 4 3 3 0 -4.363 0.492 3.965
SPIN 4 3 3 1 -3.368 -4.819 -0.660
SPIN 4 3 3 2 -4.281 -2.283 -3.385
SPIN 4 3 3 3 3.722 -4.460 -1.119
SPIN 4 3 3 4 -4.634 -3.640 -0.529
SPIN 4 3 3 5 0.328 5.600 -1.880
SPIN 4 3 3 6 -1.731 5.637 -0.478
SPIN 4 3 3 7 0.496 -3.829 4.482
SPIN 4 3 3 8 5.524 -0.783 1.968
SPIN 4 3 3 9 3.578 -1.867 -4.325
SPIN 4 3 3 10 0.513 -1.155 -5.779
SPIN 4 3 3 11 5.149 -2.290 -1.802
SPIN 4 3 3 12 -2.467 5.373 0.208
SPIN 4 3 3 13 -5.355 -2.380 -0.810
SPIN 4 3 3 14 5.532 1.948 -0.779
SPIN 4 3 3 15 3.949 4.045 1.747
SPIN 1 3 4 0 -5.385 1.777 1.688
SPIN 1 3 4 1 -0.410 -3.657 4.632
SPIN 1 3 4 2 1.978 3.883 -4.001
SPIN 1 3 4 3 0.631 -5.013 3.078
SPIN 1 3 4 4 -4.629 3.001 -2.137
SPIN 1 3 4 5 5.909 0.281 -0.027
SPIN 1 3 4 6 -4.626 3.664 -0.422
SPIN 1 3 4 7 1.560 -5.551 -1.325
SPIN 1 3 4 8 -5.331 2.386 0.941
SPIN 1 3 4 9 -4.301 -3.516 2.035
SPIN 1 3 4 10 -0.376 -3.959 -4.380
SPIN 1 3 4 11 5.341 -0.306 -2.525
SPIN 1 3 4 12 -2.826 1.014 5.098
SPIN 1 3 4 13 -4.367 -0.765 3.917
SPIN 1 3 4 14 -3.034 5.029 0.713
SPIN 1 3 4 15 5.329 0.423 2.534
SPIN 4 3 4 0 2.884 -3.859 -3.434
SPIN 4 3 4 1 -4.016 3.698 -2.281
SPIN 4 3 4 2 -0.519 5.742 1.327
SPIN 4 3 4 3 -5.359 -1.928 -1.602
SPIN 4 3 4 4 3.277 -4.714 -1.426
SPIN 4 3 4 5 0.679 -0.638 -5.842
SPIN 4 3 4 6 -2.781 4.041 3.308
SPIN 4 3 4 7 4.503 0.201 -3.832
SPIN 4 3 4 8 -4.473 -3.821 0.630
SPIN 4 3 4 9 -1.812 5.604 -0.562
SPIN 4 3 4 10 5.571 -1.978 -0.221
SPIN 4 3 4 11 2.914 4.922 1.511
SPIN 4 3 4 12 -1.366 5.039 -2.783
SPIN 4 3 4 13 2.021 -2.911 4.737
SPIN 4 3 4 14 -0.299 -5.246 2.719
SPIN 4 3 4 15 -4.212 0.164 -4.151
SPIN 1 3 5 0 -3.955 -2.541 -3.592
SPIN 1 3 5 1 5.241 2.535 -1.050
SPIN 1 3 5 2 -5.205 -0.141 2.808
SPIN 1 3 5 3 0.561 0.952 -5.812
SPIN 1 3 5 4 -0.297 -0.217 5.905
SPIN 1 3 5 5 -3.952 4.146 1.480
SPIN 1 3 5 6 5.717 -0.101 -1.520
SPIN 1 3 5 7 -2.272 4.834 2.545
SPIN 1 3 5 8 -0.570 -0.318 5.880
SPIN 1 3 5 9 0.351 0.714 -5.862
SPIN 1 3 5 10 2.098 2.010 5.154
SPIN 1 3 5 11 -5.511 2.101 0.459
SPIN 1 3 5 12 4.996 -2.334 -2.144
SPIN 1 3 5 13 1.000 2.189 -5.405
SPIN 1 3 5 14 -3.516 -2.845 3.814
SPIN 1 3 5 15 -0.824 4.113 4.172
SPIN 4 3 5 0 0.101 -0.621 5.883
SPIN 4 3 5 1 5.333 -2.390 0.922
SPIN 4 3 5 2 -4.779 -3.423 0.668
SPIN 4 3 5 3 5.559 -2.025 -0.035
SPIN 4 3 5 4 -3.037 4.827 1.574
SPIN 4 3 5 5 -0.394 0.860 5.840
SPIN 4 3 5 6 -0.930 -3.722 -4.504
SPIN 4 3 5 7 1.199 -0.370 -5.781
SPIN 4 3 5 8 4.177 0.738 4.124
SPIN 4 3 5 9 0.044 -5.812 -1.102
SPIN 4 3 5 10 1.278 4.676 3.392
SPIN 4 3 5 11 1.701 -3.777 -4.223
SPIN 4 3 5 12 -3.654 -4.453 -1.350
SPIN 4 3 5 13 0.781 4.123 -4.170
SPIN 4 3 5 14 -2.292 -2.819 -4.669
SPIN 4 3 5 15 -2.263 -4.944 2.332
SPIN 1 3 6 0 -5.552 1.792 0.980
SPIN 1 3 6 1 -2.962 0.975 5.027
SPIN 1 3 6 2 1.610 5.580 1.125
SPIN 1 3 6 3 -5.242 -2.431 1.269
SPIN 1 3 6 4 3.254 3.019 -3.911
SPIN 1 3 6 5 3.666 -4.378 -1.546
SPIN 1 3 6 6 -5.905 0.077 0.352
SPIN 1 3 6 7 -5.633 0.732 -1.654
SPIN 1 3 6 8 -4.946 -2.953 -1.348
SPIN 1 3 6 9 1.418 -3.631 -4.451
SPIN 1 3 6 10 -3.034 0.354 -5.067
SPIN 1 3 6 11 2.324 -4.021 -3.665
SPIN 1 3 6 12 0.543 -2.141 5.488
SPIN 1 3 6 13 2.576 0.498 -5.302
SPIN 1 3 6 14 -4.222 -2.524 3.288
SPIN 1 3 6 15 -0.156 -2.798 -5.211
SPIN 4 3 6 0 5.892 0.530 0.067
SPIN 4 3 6 1 -3.712 4.564 -0.629
SPIN 4 3 6 2 -3.443 -4.458 -1.810
SPIN 4 3 6 3 -3.454 4.111 2.484
SPIN 4 3 6 4 4.027 3.165 2.960
SPIN 4 3 6 5 -2.690 -3.357 -4.061
SPIN 4 3 6 6 0.142 3.623 -4.675
SPIN 4 3 6 7 1.154 -5.496 1.861
SPIN 4 3 6 8 4.636 -1.613 -3.302
SPIN 4 3 6 9 -4.364 3.950 0.592
SPIN 4 3 6 10 -5.099 2.726 1.253
SPIN 4 3 6 11 -3.961 3.951 -1.923
SPIN 4 3 6 12 3.340 -4.874 0.301
SPIN 4 3 6 13 -5.661 1.558 0.725
SPIN 4 3 6 14 -1.206 -4.510 3.634
SPIN 4 3 6 15 -2.522 5.290 -0.811
SPIN 1 3 7 0 4.165 2.838 -3.097
SPIN 1 3 7 1 -4.018 4.054 1.556
SPIN 1 3 7 2 2.552 -4.995 1.882
SPIN 1 3 7 3 3.940 3.994 1.878
SPIN 1 3 7 4 3.137 -2.827 4.143
SPIN 1 3 7 5 -5.858 -0.483 0.674
SPIN 1 3 7 6 4.097 -4.242 -0.468
SPIN 1 3 7 7 2.912 -5.108 -0.654
SPIN 1 3 7 8 -2.130 -4.316 3.440
SPIN 1 3 7 9 -4.281 0.619 4.036
SPIN 1 3 7 10 -1.974 -5.035 -2.399
SPIN 1 3 7 11 -2.680 5.245 -0.551
SPIN 1 3 7 12 -0.195 -2.963 -5.117
SPIN 1 3 7 13 -4.701 2.703 -2.366
SPIN 1 3 7 14 4.196 2.479 -3.354
SPIN 1 3 7 15 -1.118 -5.756 -0.787
SPIN 4 3 7 0 -3.481 -4.783 -0.056
SPIN 4 3 7 1 5.644 -1.596 0.774
SPIN 4 3 7 2 -1.020 4.652 3.510
SPIN 4 3 7 3 -3.884 -1.369 -4.247
SPIN 4 3 7 4 -5.589 -1.725 0.888
SPIN 4 3 7 5 3.210 -4.777 1.371
SPIN 4 3 7 6 -1.666 -1.833 5.373
SPIN 4 3 7 7 -1.479 5.647 -0.962
SPIN 4 3 7 8 -0.009 3.306 4.906
SPIN 4 3 7 9 0.594 -4.749 -3.478
SPIN 4 3 7 10 0.260 -3.739 4.577
SPIN 4 3 7 11 5.890 0.549 0.066
SPIN 4 3 7 12 4.500 -3.095 -2.274
SPIN 4 3 7 13 -0.099 3.960 4.394
SPIN 4 3 7 14 0.024 -4.942 -3.252
SPIN 4 3 7 15 -0.372 4.983 -3.167
SPIN 1 3 8 0 -2.450 -3.729 3.885
SPIN 1 3 8 1 4.148 -3.910 -1.583
SPIN 1 3 8 2 -0.017 -5.911 0.255
SPIN 1 3 8 3 -1.254 1.940 5.446
SPIN 1 3 8 4 3.906 -3.878 -2.170
SPIN 1 3 8 5 -3.940 -4.374 0.591
SPIN 1 3 8 6 -3.862 -4.267 1.368
SPIN 1 3 8 7 4.750 2.667 2.307
SPIN 1 3 8 8 -5.215 -2.167 1.764
SPIN 1 3 8 9 -4.216 3.819 -1.624
SPIN 1 3 8 10 -5.159 0.011 2.895
SPIN 1 3 8 11 -2.254 5.458 -0.363
SPIN 1 3 8 12 4.476 3.591 -1.438
SPIN 1 3 8 13 -0.569 -5.088 2.964
SPIN 1 3 8 14 -4.799 2.979 1.760
SPIN 1 3 8 15 1.800 -2.086 -5.235
SPIN 4 3 8 0 -4.438 -3.683 1.320
SPIN 4 3 8 1 -3.295 2.865 3.992
SPIN 4 3 8 2 -1.395 -3.195 -4.780
SPIN 4 3 8 3 5.238 -0.827 -2.624
SPIN 4 3 8 4 0.619 -5.778 -1.112
SPIN 4 3 8 5 2.699 5.264 0.102
SPIN 4 3 8 6 3.269 -0.937 4.841
SPIN 4 3 8 7 -1.812 -5.629 0.191
SPIN 4 3 8 8 0.047 1.020 5.827
SPIN 4 3 8 9 1.809 4.641 -3.192
SPIN 4 3 8 10 -3.829 0.329 4.498
SPIN 4 3 8 11 0.496 -5.164 -2.843
SPIN 4 3 8 12 5.655 0.398 -1.693
SPIN 4 3 8 13 -5.581 1.116 -1.613
SPIN 4 3 8 14 -3.649 -2.166 -4.123
SPIN 4 3 8 15 1.220 4.348 3.822
SPIN 1 3 9 0 -2.233 2.803 4.708
SPIN 1 3 9 1 -4.323 -1.345 -3.808
SPIN 1 3 9 2 -2.506 2.705 4.627
SPIN 1 3 9 3 5.033 0.226 -3.101
SPIN 1 3 9 4 -5.750 -0.416 1.330
SPIN 1 3 9 5 5.897 0.009 0.476
SPIN 1 3 9 6 -4.970 -2.182 2.353
SPIN 1 3 9 7 2.624 2.658 -4.588
SPIN 1 3 9 8 -0.692 1.429 5.699
SPIN 1 3 9 9 -5.825 -0.531 -0.889
SPIN 1 3 9 10 4.838 -2.762 1.990
SPIN 1 3 9 11 -2.722 -4.858 1.997
SPIN 1 3 9 12 2.920 5.023 -1.113
SPIN 1 3 9 13 1.834 -3.650 4.279
SPIN 1 3 9 14 -0.764 2.149 -5.459
SPIN 1 3 9 15 -5.176 -0.083 2.864
SPIN 4 3 9 0 -5.608 -0.746 1.731
SPIN 4 3 9 1 3.128 3.867 -3.203
SPIN 4 3 9 2 -1.706 -5.561 -1.080
SPIN 4 3 9 3 5.906 0.262 -0.228
SPIN 4 3 9 4 -5.582 -0.336 1.931
SPIN 4 3 9 5 -5.781 -1.205 -0.359
SPIN 4 3 9 6 0.800 -4.362 3.916
SPIN 4 3 9 7 -2.000 -1.017 -5.474
SPIN 4 3 9 8 4.593 2.006 3.143
SPIN 4 3 9 9 0.424 -5.640 1.735
SPIN 4 3 9 10 -0.679 3.456 -4.754
SPIN 4 3 9 11 -0.306 2.654 5.278
SPIN 4 3 9 12 -3.865 -4.477 -0.147
SPIN 4 3 9 13 4.606 -2.644 -2.607
SPIN 4 3 9 14 -0.753 -4.749 -3.446
SPIN 4 3 9 15 1.153 -5.019 2.912
SPIN 1 3 10 0 1.106 -3.722 4.463
SPIN 1 3 10 1 0.545 0.738 -5.845
SPIN 1 3 10 2 5.392 -1.120 2.161
SPIN 1 3 10 3 -5.540 -0.104 2.074
SPIN 1 3 10 4 -0.632 5.644 1.658
SPIN 1 3 10 5 -1.722 -3.607 -4.362
SPIN 1 3 10 6 1.171 5.530 1.745
SPIN 1 3 10 7 1.858 -3.176 -4.633
SPIN 1 3 10 8 -3.774 -2.540 -3.783
SPIN 1 3 10 9 -0.846 -4.612 -3.608
SPIN 1 3 10 10 -0.073 2.786 5.218
SPIN 1 3 10 11 -0.558 5.876 0.407
SPIN 1 3 10 12 5.548 -2.040 0.240
SPIN 1 3 10 13 -3.254 -4.468 2.109
SPIN 1 3 10 14 -1.619 5.178 -2.360
SPIN 1 3 10 15 2.363 4.572 -2.917
SPIN 4 3 10 0 3.362 4.633 -1.494
SPIN 4 3 10 1 -1.595 4.087 3.969
SPIN 4 3 10 2 -1.192 -2.154 -5.380
SPIN 4 3 10 3 -0.081 -3.988 4.369
SPIN 4 3 10 4 4.598 3.687 -0.511
SPIN 4 3 10 5 0.745 -4.970 -3.122
SPIN 4 3 10 6 2.040 5.508 -0.706
SPIN 4 3 10 7 -0.857 -1.327 5.701
SPIN 4 3 10 8 1.218 5.128 -2.687
SPIN 4 3 10 9 2.882 4.431 2.658
SPIN 4 3 10 10 -0.258 -4.600 3.711
SPIN 4 3 10 11 1.393 2.900 4.965
SPIN 4 3 10 12 -5.119 1.616 -2.488
SPIN 4 3 10 13 3.280 -0.932 -4.835
SPIN 4 3 10 14 -5.560 1.987 -0.377
SPIN 4 3 10 15 -3.526 -4.302 -2.014
SPIN 1 3 11 0 -1.764 -1.108 5.537
SPIN 1 3 11 1 -0.208 0.209 -5.909
SPIN 1 3 11 2 -5.612 -0.352 1.840
SPIN 1 3 11 3 4.650 3.301 -1.575
SPIN 1 3 11 4 -0.885 0.546 -5.824
SPIN 1 3 11 5 -1.866 3.722 4.203
SPIN 1 3 11 6 1.381 -4.324 -3.794
SPIN 1 3 11 7 -5.467 2.251 -0.205
SPIN 1 3 11 8 -2.590 -1.173 5.188
SPIN 1 3 11 9 -4.728 2.215 -2.782
SPIN 1 3 11 10 3.166 -2.474 -4.342
SPIN 1 3 11 11 -1.089 5.234 -2.534
SPIN 1 3 11 12 -0.151 2.916 -5.146
SPIN 1 3 11 13 4.040 0.653 4.272
SPIN 1 3 11 14 5.043 -2.561 -1.736
SPIN 1 3 11 15 -5.543 0.484 -2.011
SPIN 4 3 11 0 -4.431 -3.364 2.011
SPIN 4 3 11 1 2.491 -5.148 -1.515
SPIN 4 3 11 2 3.367 -2.915 3.894
SPIN 4 3 11 3 0.558 -0.319 -5.881
SPIN 4 3 11 4 4.329 -3.934 -0.886
SPIN 4 3 11 5 -0.760 5.439 2.199
SPIN 4 3 11 6 -5.472 -0.995 -2.018
SPIN 4 3 11 7 -2.408 2.219 -4.927
SPIN 4 3 11 8 0.825 5.574 -1.802
SPIN 4 3 11 9 0.165 0.789 -5.861
SPIN 4 3 11 10 2.066 4.452 3.303
SPIN 4 3 11 11 -1.132 2.420 5.278
SPIN 4 3 11 12 0.228 5.702 1.562
SPIN 4 3 11 13 -1.941 -4.977 2.541
SPIN 4 3 11 14 5.673 1.536 -0.678
SPIN 4 3 11 15 -4.448 3.160 2.287
SPIN 1 3 12 0 4.338 -1.089 -3.873
SPIN 1 3 12 1 -2.399 4.856 2.381
SPIN 1 3 12 2 -2.452 5.030 1.919
SPIN 1 3 12 3 -3.050 -3.824 3.328
SPIN 1 3 12 4 -2.102 3.203 -4.508
SPIN 1 3 12 5 4.755 -0.659 -3.458
SPIN 1 3 12 6 4.568 2.857 -2.443
SPIN 1 3 12 7 -2.918 -4.641 -2.224
SPIN 1 3 12 8 -3.792 4.541 0.075
SPIN 1 3 12 9 3.957 3.970 1.893
SPIN 1 3 12 10 5.717 0.357 1.481
SPIN 1 3 12 11 0.988 2.406 5.314
SPIN 1 3 12 12 0.131 1.025 5.825
SPIN 1 3 12 13 4.615 -1.378 -3.436
SPIN 1 3 12 14 -1.707 4.997 -2.668
SPIN 1 3 12 15 2.167 -2.571 4.868
SPIN 4 3 12 0 -5.366 -2.158 1.247
SPIN 4 3 12 1 2.312 0.048 5.445
SPIN 4 3 12 2 4.312 1.662 -3.694
SPIN 4 3 12 3 -1.143 0.639 5.769
SPIN 4 3 12 4 4.344 0.782 3.939
SPIN 4 3 12 5 4.694 -2.976 -2.027
SPIN 4 3 12 6 -0.272 5.888 0.502
SPIN 4 3 12 7 -0.069 4.029 4.331
SPIN 4 3 12 8 3.943 -4.366 -0.624
SPIN 4 3 12 9 3.838 1.873 4.093
SPIN 4 3 12 10 -0.989 -5.032 -2.950
SPIN 4 3 12 11 -3.048 -5.052 0.437
SPIN 4 3 12 12 -4.141 -4.054 -1.190
SPIN 4 3 12 13 2.954 -3.263 3.953
SPIN 4 3 12 14 2.763 -3.730 -3.668
SPIN 4 3 12 15 0.951 -0.947 5.762
SPIN 1 3 13 0 -4.952 -2.287 2.291
SPIN 1 3 13 1 -3.587 -0.130 -4.703
SPIN 1 3 13 2 -5.759 -1.168 0.683
SPIN 1 3 13 3 -1.409 4.100 -4.026
SPIN 1 3 13 4 -5.172 0.213 2.865
SPIN 1 3 13 5 2.492 0.789 -5.307
SPIN 1 3 13 6 -4.929 3.263 0.250
SPIN 1 3 13 7 0.813 5.803 -0.813
SPIN 1 3 13 8 -4.821 -3.208 -1.209
SPIN 1 3 13 9 -5.097 2.175 -2.071
SPIN 1 3 13 10 2.016 2.641 -4.895
SPIN 1 3 13 11 -0.653 0.955 5.802
SPIN 1 3 13 12 -1.322 -0.961 -5.686
SPIN 1 3 13 13 -1.550 -4.565 3.430
SPIN 1 3 13 14 4.323 3.373 -2.222
SPIN 1 3 13 15 4.514 3.262 -1.995
SPIN 4 3 13 0 0.898 -5.847 -0.086
SPIN 4 3 13 1 -5.027 3.105 0.308
SPIN 4 3 13 2 -0.429 -2.849 -5.167
SPIN 4 3 13 3 4.480 3.684 1.167
SPIN 4 3 13 4 -4.293 1.243 3.876
SPIN 4 3 13 5 -4.678 -3.296 1.503
SPIN 4 3 13 6 0.180 1.532 5.711
SPIN 4 3 13 7 -2.617 -4.016 -3.467
SPIN 4 3 13 8 4.696 1.538 3.254
SPIN 4 3 13 9 -0.296 0.662 -5.871
SPIN 4 3 13 10 1.456 -1.953 5.391
SPIN 4 3 13 11 -3.787 -4.531 -0.363
SPIN 4 3 13 12 3.341 4.880 -0.137
SPIN 4 3 13 13 0.088 -1.092 -5.814
SPIN 4 3 13 14 1.110 -5.802 -0.316
SPIN 4 3 13 15 -1.126 3.476 -4.653
SPIN 1 3 14 0 4.316 3.569 1.906
SPIN 1 3 14 1 -3.195 -4.634 -1.823
SPIN 1 3 14 2 -0.915 -5.565 1.786
SPIN 1 3 14 3 -4.105 3.916 1.678
SPIN 1 3 14 4 2.275 -2.816 -4.679
SPIN 1 3 14 5 3.052 -4.384 2.542
SPIN 1 3 14 6 -0.677 -3.899 -4.398
SPIN 1 3 14 7 -0.456 -5.760 1.270
SPIN 1 3 14 8 -0.511 4.897 -3.280
SPIN 1 3 14 9 -5.640 1.400 -1.110
SPIN 1 3 14 10 -3.635 1.631 4.373
SPIN 1 3 14 11 -2.286 -1.703 -5.184
SPIN 1 3 14 12 -1.705 2.850 4.896
SPIN 1 3 14 13 2.950 -2.659 -4.384
SPIN 1 3 14 14 -3.438 4.811 -0.192
SPIN 1 3 14 15 2.432 -2.864 -4.570
SPIN 4 3 14 0 4.331 2.594 -3.084
SPIN 4 3 14 1 0.244 3.785 -4.540
SPIN 4 3 14 2 -4.743 -2.080 -2.859
SPIN 4 3 14 3 5.169 0.315 -2.861
SPIN 4 3 14 4 -0.996 0.268 -5.826
SPIN 4 3 14 5 5.440 2.284 0.429
SPIN 4 3 14 6 2.385 -1.620 5.166
SPIN 4 3 14 7 -3.977 3.605 2.486
SPIN 4 3 14 8 4.344 -0.385 -3.997
SPIN 4 3 14 9 -2.501 1.911 5.009
SPIN 4 3 14 10 5.208 -2.299 -1.608
SPIN 4 3 14 11 -2.897 5.107 -0.721
SPIN 4 3 14 12 4.700 3.346 1.309
SPIN 4 3 14 13 -1.844 1.564 5.399
SPIN 4 3 14 14 3.119 -4.418 -2.399
SPIN 4 3 14 15 -4.381 2.177 3.327
SPIN 1 3 15 0 -3.787 -2.460 -3.822
SPIN 1 3 15 1 0.921 4.378 3.871
SPIN 1 3 15 2 -1.299 3.045 -4.903
SPIN 1 3 15 3 4.081 4.243 -0.584
SPIN 1 3 15 4 2.782 -3.242 -4.093
SPIN 1 3 15 5 -3.579 0.296 -4.702
SPIN 1 3 15 6 2.130 -5.501 0.443
SPIN 1 3 15 7 1.145 -1.380 -5.638
SPIN 1 3 15 8 -3.821 2.152 -3.971
SPIN 1 3 15 9 2.972 -4.890 -1.500
SPIN 1 3 15 10 1.727 3.196 -4.669
SPIN 1 3 15 11 2.835 -4.026 3.280
SPIN 1 3 15 12 4.887 3.299 -0.485
SPIN 1 3 15 13 -2.727 -0.866 -5.178
SPIN 1 3 15 14 4.016 -2.963 3.177
SPIN 1 3 15 15 2.149 -5.508 0.208
SPIN 4 3 15 0 -2.320 3.739 -3.955
SPIN 4 3 15 1 2.296 -0.751 5.400
SPIN 4 3 15 2 2.290 1.502 5.244
SPIN 4 3 15 3 -4.393 -3.928 0.522
SPIN 4 3 15 4 -1.958 3.025 4.692
SPIN 4 3 15 5 -4.014 1.889 3.914
SPIN 4 3 15 6 0.757 4.608 3.632
SPIN 4 3 15 7 1.352 3.814 -4.316
SPIN 4 3 15 8 4.029 -3.663 2.313
SPIN 4 3 15 9 2.610 -2.727 -4.556
SPIN 4 3 15 10 -5.033 -0.610 3.049
SPIN 4 3 15 11 0.255 -5.246 2.723
SPIN 4 3 15 12 -4.816 -3.380 0.619
SPIN 4 3 15 13 4.332 -1.505 3.737
SPIN 4 3 15 14 -4.796 2.830 -1.998
SPIN 4 3 15 15 4.704 -3.532 -0.634
SPIN 3 3 0 0 -4.651 -3.655 -0.100
SPIN 3 3 0 1 -5.007 -1.658 2.680
SPIN 3 3 0 2 -2.485 -4.525 -2.889
SPIN 3 3 0 3 3.656 2.788 3.723
SPIN 3 3 0 4 -1.023 4.417 -3.800
SPIN 3 3 0 5 -3.652 -4.555 0.958
SPIN 3 3 0 6 -4.668 1.473 -3.323
SPIN 3 3 0 7 1.511 3.807 -4.269
SPIN 3 3 0 8 -2.998 -2.877 -4.211
SPIN 3 3 0 9 -2.038 3.886 3.968
SPIN 3 3 0 10 1.013 -5.040 -2.928
SPIN 3 3 0 11 -4.951 2.847 -1.545
SPIN 3 3 0 12 4.361 -3.985 0.315
SPIN 3 3 0 13 -0.850 -5.689 1.381
SPIN 3 3 0 14 -2.609 4.426 -2.933
SPIN 3 3 0 15 3.880 3.662 -2.557
SPIN 2 3 0 0 -0.282 5.732 1.438
SPIN 2 3 0 1 3.128 -3.603 -3.498
SPIN 2 3 0 2 4.476 3.868 0.024
SPIN 2 3 0 3 -4.049 1.077 4.177
SPIN 2 3 0 4 4.158 -1.670 3.863
SPIN 2 3 0 5 -0.274 1.953 -5.578
SPIN 2 3 0 6 -1.535 4.933 2.882
SPIN 2 3 0 7 -0.413 -1.632 -5.671
SPIN 2 3 0 8 0.697 2.117 5.480
SPIN 2 3 0 9 -3.533 4.446 1.658
SPIN 2 3 0 10 -2.990 2.252 4.581
SPIN 2 3 0 11 5.905 -0.030 -0.354
SPIN 2 3 0 12 -2.283 4.226 -3.454
SPIN 2 3 0 13 -0.074 3.601 -4.694
SPIN 2 3 0 14 2.673 -1.900 4.924
SPIN 2 3 0 15 5.616 -1.858 -0.098
SPIN 3 3 1 0 2.061 5.543 0.161
SPIN 3 3 1 1 1.384 5.689 0.845
SPIN 3 3 1 2 5.126 0.514 2.909
SPIN 3 3 1 3 -5.442 2.242 -0.594
SPIN 3 3 1 4 2.398 0.965 -5.321
SPIN 3 3 1 5 4.667 -3.173 1.776
SPIN 3 3 1 6 4.200 -3.885 1.506
SPIN 3 3 1 7 -3.945 4.045 -1.753
SPIN 3 3 1 8 2.729 1.889 4.897
SPIN 3 3 1 9 -0.636 -1.262 -5.745
SPIN 3 3 1 10 4.366 -2.655 2.982
SPIN 3 3 1 11 -3.366 -4.518 -1.805
SPIN 3 3 1 12 4.725 2.478 2.557
SPIN 3 3 1 13 5.285 0.959 -2.480
SPIN 3 3 1 14 -5.700 -1.058 -1.179
SPIN 3 3 1 15 4.430 -3.723 1.231
SPIN 2 3 1 0 -2.286 5.301 -1.295
SPIN 2 3 1 1 -0.462 -5.544 2.014
SPIN 2 3 1 2 4.405 1.793 -3.518
SPIN 2 3 1 3 2.591 5.266 0.746
SPIN 2 3 1 4 2.571 5.306 -0.485
SPIN 2 3 1 5 0.413 5.150 -2.883
SPIN 2 3 1 6 -3.486 -1.973 -4.353
SPIN 2 3 1 7 -0.054 5.510 -2.153
SPIN 2 3 1 8 3.333 0.125 -4.886
SPIN 2 3 1 9 -2.927 4.957 -1.363
SPIN 2 3 1 10 -1.880 -5.589 0.479
SPIN 2 3 1 11 2.230 3.314 4.364
SPIN 2 3 1 12 -3.241 4.870 0.881
SPIN 2 3 1 13 -1.215 -5.787 0.186
SPIN 2 3 1 14 4.373 -2.911 2.720
SPIN 2 3 1 15 4.993 -0.673 -3.102
SPIN 3 3 2 0 -1.207 -5.436 1.999
SPIN 3 3 2 1 -3.464 4.632 -1.242
SPIN 3 3 2 2 -1.692 -0.318 -5.660
SPIN 3 3 2 3 0.106 -5.161 2.890
SPIN 3 3 2 4 -1.631 5.672 0.417
SPIN 3 3 2 5 -5.290 1.505 -2.180
SPIN 3 3 2 6 0.517 2.142 -5.490
SPIN 3 3 2 7 4.229 -2.706 3.129
SPIN 3 3 2 8 0.615 -1.179 -5.765
SPIN 3 3 2 9 -2.715 -2.654 4.537
SPIN 3 3 2 10 -5.592 1.538 1.168
SPIN 3 3 2 11 3.952 1.162 -4.246
SPIN 3 3 2 12 5.597 1.915 0.076
SPIN 3 3 2 13 -2.917 -2.024 4.732
SPIN 3 3 2 14 1.340 -3.144 4.829
SPIN 3 3 2 15 1.907 -3.950 3.970
SPIN 2 3 2 0 1.306 0.407 -5.756
SPIN 2 3 2 1 3.770 -1.127 4.418
SPIN 2 3 2 2 5.336 -2.028 1.554
SPIN 2 3 2 3 2.335 -5.009 -2.111
SPIN 2 3 2 4 -0.337 -4.176 -4.177
SPIN 2 3 2 5 0.614 4.053 4.265
SPIN 2 3 2 6 -4.405 3.930 0.391
SPIN 2 3 2 7 -2.897 5.124 -0.594
SPIN 2 3 2 8 5.177 -2.840 0.372
SPIN 2 3 2 9 -4.561 -3.730 -0.532
SPIN 2 3 2 10 2.829 3.440 3.894
SPIN 2 3 2 11 3.441 1.936 -4.406
SPIN 2 3 2 12 -5.554 -1.776 0.998
SPIN 2 3 2 13 4.902 -0.019 -3.313
SPIN 2 3 2 14 -5.743 1.033 0.972
SPIN 2 3 2 15 2.889 -4.828 -1.829
SPIN 3 3 3 0 -1.701 -4.720 -3.135
SPIN 3 3 3 1 -5.507 -2.109 0.467
SPIN 3 3 3 2 1.073 -1.768 -5.543
SPIN 3 3 3 3 1.352 -1.523 5.554
SPIN 3 3 3 4 1.972 -3.682 -4.190
SPIN 3 3 3 5 0.992 -5.824 0.313
SPIN 3 3 3 6 0.219 3.906 4.438
SPIN 3 3 3 7 -1.554 5.031 -2.697
SPIN 3 3 3 8 3.428 4.244 2.290
SPIN 3 3 3 9 0.074 -3.167 -4.996
SPIN 3 3 3 10 -3.616 -1.424 4.461
SPIN 3 3 3 11 -1.512 3.421 4.583
SPIN 3 3 3 12 -3.054 1.377 4.876
SPIN 3 3 3 13 -4.658 -1.925 3.098
SPIN 3 3 3 14 -2.920 5.120 0.513
SPIN 3 3 3 15 4.719 3.537 0.475
SPIN 2 3 3 0 -3.340 -4.574 -1.708
SPIN 2 3 3 1 4.008 3.325 -2.807
SPIN 2 3 3 2 -5.115 2.731 1.175
SPIN 2 3 3 3 0.051 -1.014 5.828
SPIN 2 3 3 4 2.161 5.359 1.269
SPIN 2 3 3 5 -1.351 -5.522 -1.639
SPIN 2 3 3 6 -1.835 3.133 -4.671
SPIN 2 3 3 7 4.838 -1.854 2.856
SPIN 2 3 3 8 -4.314 -4.045 -0.176
SPIN 2 3 3 9 -3.967 4.282 0.963
SPIN 2 3 3 10 2.357 5.406 0.464
SPIN 2 3 3 11 1.676 3.774 4.236
SPIN 2 3 3 12 -2.875 -4.600 -2.362
SPIN 2 3 3 13 -3.577 0.076 4.711
SPIN 2 3 3 14 -2.683 -4.006 3.428
SPIN 2 3 3 15 4.004 -3.909 -1.920
SPIN 3 3 4 0 -3.104 1.044 4.927
SPIN 3 3 4 1 3.986 -3.887 -2.001
SPIN 3 3 4 2 4.704 -3.201 -1.621
SPIN 3 3 4 3 -4.062 0.461 -4.277
SPIN 3 3 4 4 2.585 5.120 1.449
SPIN 3 3 4 5 1.936 -0.893 5.519
SPIN 3 3 4 6 -2.739 2.174 -4.772
SPIN 3 3 4 7 4.088 1.996 -3.782
SPIN 3 3 4 8 -3.610 -3.479 -3.141
SPIN 3 3 4 9 5.878 0.042 0.668
SPIN 3 3 4 10 5.091 -2.877 0.894
SPIN 3 3 4 11 -3.251 0.203 4.939
SPIN 3 3 4 12 -3.019 -5.083 0.208
SPIN 3 3 4 13 -1.373 3.369 4.665
SPIN 3 3 4 14 -1.535 4.763 -3.155
SPIN 3 3 4 15 -4.132 -3.997 1.397
SPIN 2 3 4 0 5.862 0.628 0.498
SPIN 2 3 4 1 4.395 0.089 3.959
SPIN 2 3 4 2 2.002 -4.187 -3.669
SPIN 2 3 4 3 -3.233 4.910 -0.664
SPIN 2 3 4 4 3.728 -1.432 4.364
SPIN 2 3 4 5 -3.603 4.580 1.020
SPIN 2 3 4 6 3.105 -3.289 -3.813
SPIN 2 3 4 7 0.817 3.764 -4.490
SPIN 2 3 4 8 -2.204 4.680 2.871
SPIN 2 3 4 9 1.797 -2.768 4.910
SPIN 2 3 4 10 0.490 -5.307 -2.569
SPIN 2 3 4 11 5.027 -3.068 -0.563
SPIN 2 3 4 12 3.918 3.409 2.833
SPIN 2 3 4 13 4.881 -2.369 -2.358
SPIN 2 3 4 14 3.309 3.955 -2.900
SPIN 2 3 4 15 -3.593 3.150 3.488
SPIN 3 3 5 0 -3.010 -5.061 -0.571
SPIN 3 3 5 1 2.046 5.413 -1.231
SPIN 3 3 5 2 0.635 -5.881 0.090
SPIN 3 3 5 3 5.008 0.989 2.991
SPIN 3 3 5 4 -0.007 -1.418 -5.744
SPIN 3 3 5 5 -0.563 -1.185 5.769
SPIN 3 3 5 6 -5.152 1.780 -2.299
SPIN 3 3 5 7 -4.051 -3.684 2.241
SPIN 3 3 5 8 -5.238 0.491 2.706
SPIN 3 3 5 9 1.261 -2.670 -5.126
SPIN 3 3 5 10 3.219 4.946 0.424
SPIN 3 3 5 11 -1.356 -3.847 -4.285
SPIN 3 3 5 12 4.092 0.502 4.243
SPIN 3 3 5 13 -5.162 2.623 -1.213
SPIN 3 3 5 14 3.337 -3.164 -3.722
SPIN 3 3 5 15 0.573 -3.618 4.646
SPIN 2 3 5 0 5.461 -1.153 -1.961
SPIN 2 3 5 1 0.664 5.828 0.771
SPIN 2 3 5 2 -2.151 0.890 -5.439
SPIN 2 3 5 3 5.073 2.795 -1.206
SPIN 2 3 5 4 -5.820 -0.437 0.970
SPIN 2 3 5 5 -1.839 -5.579 0.698
SPIN 2 3 5 6 5.529 2.084 0.302
SPIN 2 3 5 7 -4.933 3.252 0.290
SPIN 2 3 5 8 -2.940 -2.265 -4.607
SPIN 2 3 5 9 -4.790 -3.472 -0.030
SPIN 2 3 5 10 -3.762 -4.405 1.200
SPIN 2 3 5 11 -2.232 -1.272 -5.329
SPIN 2 3 5 12 5.124 0.879 -2.823
SPIN 2 3 5 13 -4.600 -0.563 -3.678
SPIN 2 3 5 14 3.963 3.954 -1.914
SPIN 2 3 5 15 -3.015 3.871 -3.306
SPIN 3 3 6 0 -1.941 -5.523 -0.854
SPIN 3 3 6 1 2.506 -5.294 -0.833
SPIN 3 3 6 2 4.896 3.136 -1.092
SPIN 3 3 6 3 2.838 -3.244 -4.053
SPIN 3 3 6 4 1.944 -0.543 -5.561
SPIN 3 3 6 5 3.775 2.730 -3.647
SPIN 3 3 6 6 2.380 -5.024 2.023
SPIN 3 3 6 7 5.310 -1.566 -2.087
SPIN 3 3 6 8 -1.101 -3.238 -4.827
SPIN 3 3 6 9 2.962 -0.927 5.036
SPIN 3 3 6 10 5.126 1.082 -2.748
SPIN 3 3 6 11 -5.651 -1.294 -1.179
SPIN 3 3 6 12 3.222 0.101 -4.961
SPIN 3 3 6 13 -1.819 5.621 0.313
SPIN 3 3 6 14 3.431 -4.812 0.265
SPIN 3 3 6 15 3.116 1.448 -4.816
SPIN 2 3 6 0 -4.331 -0.570 -3.989
SPIN 2 3 6 1 4.442 3.786 0.969
SPIN 2 3 6 2 3.054 -4.859 -1.437
SPIN 2 3 6 3 -1.352 5.242 2.386
SPIN 2 3 6 4 -4.396 -1.690 -3.580
SPIN 2 3 6 5 4.863 -0.743 3.286
SPIN 2 3 6 6 -3.345 4.609 -1.603
SPIN 2 3 6 7 -5.834 0.968 -0.151
SPIN 2 3 6 8 -3.353 3.716 -3.154
SPIN 2 3 6 9 -1.379 -4.849 3.096
SPIN 2 3 6 10 0.818 1.803 -5.575
SPIN 2 3 6 11 -0.622 2.793 5.178
SPIN 2 3 6 12 -0.071 5.795 -1.189
SPIN 2 3 6 13 2.254 -3.226 4.417
SPIN 2 3 6 14 -4.477 3.813 0.645
SPIN 2 3 6 15 4.629 -1.357 3.425
SPIN 3 3 7 0 -0.497 -3.006 5.071
SPIN 3 3 7 1 -3.954 -4.349 0.672
SPIN 3 3 7 2 2.035 2.475 -4.973
SPIN 3 3 7 3 0.788 -5.545 1.905
SPIN 3 3 7 4 3.044 4.881 -1.383
SPIN 3 3 7 5 1.341 -3.999 -4.149
SPIN 3 3 7 6 1.099 -2.055 5.438
SPIN 3 3 7 7 -0.767 1.333 -5.713
SPIN 3 3 7 8 4.666 3.322 -1.481
SPIN 3 3 7 9 0.265 4.132 -4.226
SPIN 3 3 7 10 0.126 -4.031 4.329
SPIN 3 3 7 11 1.170 -2.157 -5.383
SPIN 3 3 7 12 -0.938 -4.846 3.262
SPIN 3 3 7 13 1.830 0.641 5.589
SPIN 3 3 7 14 -5.444 -0.846 2.157
SPIN 3 3 7 15 5.355 1.763 -1.793
SPIN 2 3 7 0 3.466 -3.657 3.100
SPIN 2 3 7 1 -0.405 2.427 -5.380
SPIN 2 3 7 2 2.926 -0.124 -5.140
SPIN 2 3 7 3 2.921 -4.722 2.042
SPIN 2 3 7 4 -4.405 3.394 -2.020
SPIN 2 3 7 5 0.632 2.501 5.324
SPIN 2 3 7 6 -0.676 -3.056 5.021
SPIN 2 3 7 7 5.039 -2.665 -1.584
SPIN 2 3 7 8 -3.144 -1.717 4.708
SPIN 2 3 7 9 0.879 4.808 -3.333
SPIN 2 3 7 10 1.821 -3.956 4.004
SPIN 2 3 7 11 0.857 0.178 -5.851
SPIN 2 3 7 12 -4.608 -3.502 -1.225
SPIN 2 3 7 13 1.299 -4.253 3.902
SPIN 2 3 7 14 1.845 0.920 -5.545
SPIN 2 3 7 15 -3.551 -3.814 2.800
SPIN 3 3 8 0 -4.749 1.536 -3.177
SPIN 3 3 8 1 -0.291 -5.603 1.877
SPIN 3 3 8 2 -0.989 -5.704 1.218
SPIN 3 3 8 3 -2.135 5.236 -1.740
SPIN 3 3 8 4 -1.052 -1.586 5.602
SPIN 3 3 8 5 3.087 5.038 -0.302
SPIN 3 3 8 6 -1.437 3.109 -4.824
SPIN 3 3 8 7 -5.603 -1.830 -0.503
SPIN 3 3 8 8 1.968 5.577 -0.149
SPIN 3 3 8 9 -2.584 -4.604 -2.671
SPIN 3 3 8 10 4.457 2.501 -2.979
SPIN 3 3 8 11 4.081 -3.676 2.197
SPIN 3 3 8 12 -3.241 4.930 -0.433
SPIN 3 3 8 13 3.037 -0.952 -4.987
SPIN 3 3 8 14 -2.251 5.388 -0.949
SPIN 3 3 8 15 5.637 -1.770 0.302
SPIN 2 3 8 0 -4.552 1.513 -3.463
SPIN 2 3 8 1 1.706 -5.497 1.370
SPIN 2 3 8 2 -1.025 5.649 -1.429
SPIN 2 3 8 3 -3.869 4.468 -0.267
SPIN 2 3 8 4 -2.587 0.119 5.319
SPIN 2 3 8 5 3.603 -3.876 -2.645
SPIN 2 3 8 6 5.493 1.868 -1.154
SPIN 2 3 8 7 -5.889 0.480 0.299
SPIN 2 3 8 8 -4.487 -1.127 -3.688
SPIN 2 3 8 9 3.132 -5.015 -0.205
SPIN 2 3 8 10 -4.387 2.250 -3.270
SPIN 2 3 8 11 -3.225 -3.222 -3.770
SPIN 2 3 8 12 2.276 3.885 3.837
SPIN 2 3 8 13 -2.680 5.241 -0.588
SPIN 2 3 8 14 0.797 -4.839 -3.308
SPIN 2 3 8 15 -3.038 3.957 3.179
SPIN 3 3 9 0 0.356 -5.779 1.216
SPIN 3 3 9 1 3.236 -0.131 -4.951
SPIN 3 3 9 2 -3.763 -2.570 3.773
SPIN 3 3 9 3 1.362 -5.439 -1.889
SPIN 3 3 9 4 0.086 5.913 0.159
SPIN 3 3 9 5 -1.033 -4.591 3.585
SPIN 3 3 9 6 -2.363 -4.044 3.614
SPIN 3 3 9 7 2.706 -4.973 -1.717
SPIN 3 3 9 8 -2.621 2.891 4.447
SPIN 3 3 9 9 -0.150 -1.217 5.788
SPIN 3 3 9 10 -2.221 -0.585 -5.452
SPIN 3 3 9 11 0.019 5.905 0.357
SPIN 3 3 9 12 3.010 -5.066 0.520
SPIN 3 3 9 13 -0.844 5.712 1.288
SPIN 3 3 9 14 0.876 3.731 -4.507
SPIN 3 3 9 15 0.193 4.479 -3.860
SPIN 2 3 9 0 5.876 0.619 -0.297
SPIN 2 3 9 1 2.334 -3.549 -4.118
SPIN 2 3 9 2 -3.049 4.815 -1.587
SPIN 2 3 9 3 -1.543 0.849 -5.648
SPIN 2 3 9 4 -1.987 -4.751 2.911
SPIN 2 3 9 5 2.720 4.891 1.919
SPIN 2 3 9 6 0.866 3.972 -4.298
SPIN 2 3 9 7 -1.622 -5.689 0.086
SPIN 2 3 9 8 4.155 -2.602 3.311
SPIN 2 3 9 9 -3.970 2.705 -3.453
SPIN 2 3 9 10 4.976 2.567 1.910
SPIN 2 3 9 11 -2.557 0.656 -5.295
SPIN 2 3 9 12 -4.230 0.340 4.122
SPIN 2 3 9 13 5.811 0.181 1.096
SPIN 2 3 9 14 3.995 -4.088 1.526
SPIN 2 3 9 15 -3.425 -4.695 -1.106
SPIN 3 3 10 0 -1.729 -4.200 3.791
SPIN 3 3 10 1 -4.288 0.873 3.982
SPIN 3 3 10 2 5.502 1.235 1.790
SPIN 3 3 10 3 -5.792 1.145 -0.373
SPIN 3 3 10 4 1.764 -5.482 1.353
SPIN 3 3 10 5 3.350 4.722 1.216
SPIN 3 3 10 6 2.286 -1.544 -5.233
SPIN 3 3 10 7 -5.364 2.490 -0.180
SPIN 3 3 10 8 0.819 -5.491 2.045
SPIN 3 3 10 9 1.785 -5.388 -1.669
SPIN 3 3 10 10 3.063 1.793 -4.733
SPIN 3 3 10 11 4.109 4.195 0.721
SPIN 3 3 10 12 -2.244 2.939 4.618
SPIN 3 3 10 13 -3.271 0.974 4.832
SPIN 3 3 10 14 5.062 0.041 -3.062
SPIN 3 3 10 15 -2.858 4.286 -2.909
SPIN 2 3 10 0 0.349 2.785 -5.208
SPIN 2 3 10 1 -1.411 3.902 4.217
SPIN 2 3 10 2 5.009 0.329 -3.130
SPIN 2 3 10 3 5.124 1.630 -2.468
SPIN 2 3 10 4 3.385 4.411 -2.020
SPIN 2 3 10 5 -3.227 4.616 1.810
SPIN 2 3 10 6 -3.652 -4.577 -0.841
SPIN 2 3 10 7 2.789 -1.077 5.105
SPIN 2 3 10 8 -4.937 1.398 -2.946
SPIN 2 3 10 9 2.729 4.983 -1.649
SPIN 2 3 10 10 -4.506 -3.151 2.184
SPIN 2 3 10 11 -1.884 -0.473 5.588
SPIN 2 3 10 12 -5.284 -2.651 -0.229
SPIN 2 3 10 13 5.063 2.507 -1.755
SPIN 2 3 10 14 -0.565 -2.872 -5.141
SPIN 2 3 10 15 0.036 2.430 -5.394
SPIN 3 3 11 0 -4.863 -2.614 -2.125
SPIN 3 3 11 1 5.719 -1.507 0.148
SPIN 3 3 11 2 -4.073 -4.056 1.399
SPIN 3 3 11 3 -3.881 -2.757 -3.513
SPIN 3 3 11 4 4.870 -1.769 -2.856
SPIN 3 3 11 5 -3.521 4.074 -2.450
SPIN 3 3 11 6 0.878 1.570 5.636
SPIN 3 3 11 7 2.335 -4.079 -3.593
SPIN 3 3 11 8 2.694 -1.476 5.056
SPIN 3 3 11 9 -1.464 5.669 -0.848
SPIN 3 3 11 10 3.341 -2.555 4.160
SPIN 3 3 11 11 5.046 0.467 -3.053
SPIN 3 3 11 12 -2.538 1.558 -5.112
SPIN 3 3 11 13 5.696 -0.174 1.590
SPIN 3 3 11 14 -4.509 1.773 -3.395
SPIN 3 3 11 15 1.727 -1.031 5.564
SPIN 2 3 11 0 -0.456 2.889 -5.143
SPIN 2 3 11 1 5.149 -2.901 0.265
SPIN 2 3 11 2 -2.959 4.267 2.835
SPIN 2 3 11 3 -2.707 5.260 -0.058
SPIN 2 3 11 4 2.424 5.384 -0.365
SPIN 2 3 11 5 5.220 0.470 -2.745
SPIN 2 3 11 6 1.508 0.823 5.661
SPIN 2 3 11 7 1.596 -2.811 -4.955
SPIN 2 3 11 8 3.595 4.697 0.121
SPIN 2 3 11 9 -2.752 -5.054 -1.371
SPIN 2 3 11 10 -0.225 5.405 2.395
SPIN 2 3 11 11 -5.683 0.258 -1.622
SPIN 2 3 11 12 4.036 -2.885 -3.223
SPIN 2 3 11 13 1.149 3.563 4.581
SPIN 2 3 11 14 -3.105 5.036 -0.017
SPIN 2 3 11 15 2.371 -3.380 4.237
SPIN 3 3 12 0 4.295 -3.626 -1.845
SPIN 3 3 12 1 -5.525 -2.103 -0.237
SPIN 3 3 12 2 -1.250 0.831 5.723
SPIN 3 3 12 3 4.866 -3.270 -0.794
SPIN 3 3 12 4 -1.451 -5.434 1.834
SPIN 3 3 12 5 1.819 -4.605 3.238
SPIN 3 3 12 6 -5.097 -2.183 -2.063
SPIN 3 3 12 7 -3.960 1.796 -4.012
SPIN 3 3 12 8 -0.920 -4.114 4.150
SPIN 3 3 12 9 -2.469 -2.055 -4.968
SPIN 3 3 12 10 -3.388 -0.954 -4.755
SPIN 3 3 12 11 -2.677 2.873 4.425
SPIN 3 3 12 12 1.337 -2.715 -5.084
SPIN 3 3 12 13 -3.506 -1.729 -4.441
SPIN 3 3 12 14 5.540 -2.073 -0.082
SPIN 3 3 12 15 -0.677 -3.146 -4.965
SPIN 2 3 12 0 2.758 -5.111 -1.127
SPIN 2 3 12 1 -5.224 -2.609 -0.949
SPIN 2 3 12 2 2.936 0.996 -5.039
SPIN 2 3 12 3 -3.465 4.585 -1.403
SPIN 2 3 12 4 0.402 1.303 -5.757
SPIN 2 3 12 5 2.780 -2.597 4.531
SPIN 2 3 12 6 -4.209 -3.682 -1.931
SPIN 2 3 12 7 4.698 -2.558 2.527
SPIN 2 3 12 8 5.244 1.578 2.238
SPIN 2 3 12 9 -4.785 3.389 0.788
SPIN 2 3 12 10 2.388 -5.211 -1.465
SPIN 2 3 12 11 5.161 -2.891 -0.098
SPIN 2 3 12 12 -3.784 2.071 -4.049
SPIN 2 3 12 13 -4.595 -3.062 2.125
SPIN 2 3 12 14 0.497 -0.831 5.836
SPIN 2 3 12 15 0.985 1.545 -5.625
SPIN 3 3 13 0 -3.382 1.703 -4.545
SPIN 3 3 13 1 2.009 -4.655 -3.049
SPIN 3 3 13 2 5.513 2.121 0.331
SPIN 3 3 13 3 -2.192 1.634 -5.246
SPIN 3 3 13 4 -0.880 1.998 -5.499
SPIN 3 3 13 5 1.010 5.014 -2.972
SPIN 3 3 13 6 1.749 -4.384 -3.566
SPIN 3 3 13 7 1.499 -4.641 3.349
SPIN 3 3 13 8 -4.131 0.405 -4.216
SPIN 3 3 13 9 4.340 -1.647 3.668
SPIN 3 3 13 10 -1.891 -0.383 5.593
SPIN 3 3 13 11 1.335 2.864 -5.002
SPIN 3 3 13 12 5.158 1.791 2.278
SPIN 3 3 13 13 -1.897 5.488 1.131
SPIN 3 3 13 14 -5.735 -0.739 -1.250
SPIN 3 3 13 15 -3.879 4.464 0.172
SPIN 2 3 13 0 -1.355 2.748 -5.061
SPIN 2 3 13 1 -4.173 4.079 0.978
SPIN 2 3 13 2 -4.681 3.119 1.834
SPIN 2 3 13 3 -1.329 -5.118 2.653
SPIN 2 3 13 4 4.237 -1.491 -3.850
SPIN 2 3 13 5 3.305 -4.756 1.209
SPIN 2 3 13 6 -1.099 5.680 -1.239
SPIN 2 3 13 7 -0.198 2.996 5.097
SPIN 2 3 13 8 -5.686 -0.995 -1.296
SPIN 2 3 13 9 -5.622 -1.612 0.891
SPIN 2 3 13 10 1.715 0.348 5.651
SPIN 2 3 13 11 1.229 2.185 -5.358
SPIN 2 3 13 12 4.405 3.096 2.451
SPIN 2 3 13 13 -0.196 -5.897 -0.425
SPIN 2 3 13 14 -1.387 1.846 5.447
SPIN 2 3 13 15 0.255 -0.195 5.907
SPIN 3 3 14 0 0.011 4.715 3.574
SPIN 3 3 14 1 5.745 -0.266 1.388
SPIN 3 3 14 2 -0.764 -5.704 1.371
SPIN 3 3 14 3 -3.734 -0.829 4.513
SPIN 3 3 14 4 0.854 4.020 4.255
SPIN 3 3 14 5 -3.057 4.733 -1.804
SPIN 3 3 14 6 2.329 -5.432 0.255
SPIN 3 3 14 7 -0.809 -1.455 -5.677
SPIN 3 3 14 8 2.290 5.006 2.166
SPIN 3 3 14 9 5.676 0.379 -1.625
SPIN 3 3 14 10 1.668 0.441 -5.659
SPIN 3 3 14 11 -3.008 -3.792 3.402
SPIN 3 3 14 12 4.482 3.828 0.512
SPIN 3 3 14 13 1.352 -5.712 0.741
SPIN 3 3 14 14 0.889 -5.165 -2.745
SPIN 3 3 14 15 5.015 2.361 -2.066
SPIN 2 3 14 0 -5.906 -0.340 0.005
SPIN 2 3 14 1 4.925 -3.202 -0.705
SPIN 2 3 14 2 1.946 4.927 -2.635
SPIN 2 3 14 3 1.991 2.725 4.859
SPIN 2 3 14 4 -4.017 3.873 -1.966
SPIN 2 3 14 5 3.682 -1.224 4.466
SPIN 2 3 14 6 -3.369 -3.442 -3.436
SPIN 2 3 14 7 3.426 4.651 -1.277
SPIN 2 3 14 8 4.122 -4.050 -1.266
SPIN 2 3 14 9 0.932 -5.667 1.421
SPIN 2 3 14 10 -4.275 -2.297 -3.383
SPIN 2 3 14 11 4.210 -1.428 3.904
SPIN 2 3 14 12 -3.033 1.265 -4.920
SPIN 2 3 14 13 2.622 3.744 3.756
SPIN 2 3 14 14 2.720 0.526 5.227
SPIN 2 3 14 15 -3.451 0.660 -4.760
SPIN 3 3 15 0 -2.888 -4.657 2.230
SPIN 3 3 15 1 -4.355 -3.898 0.916
SPIN 3 3 15 2 -4.553 0.287 -3.767
SPIN 3 3 15 3 4.176 3.061 -2.863
SPIN 3 3 15 4 -1.632 5.656 -0.592
SPIN 3 3 15 5 5.655 0.085 1.737
SPIN 3 3 15 6 1.778 -0.694 -5.600
SPIN 3 3 15 7 2.418 -5.375 0.518
SPIN 3 3 15 8 -3.931 3.921 2.043
SPIN 3 3 15 9 -1.870 0.227 5.608
SPIN 3 3 15 10 -4.161 3.933 1.492
SPIN 3 3 15 11 -4.501 3.654 1.179
SPIN 3 3 15 12 3.291 -4.845 -0.834
SPIN 3 3 15 13 2.018 4.050 -3.812
SPIN 3 3 15 14 -0.320 3.649 4.646
SPIN 3 3 15 15 -3.298 4.687 -1.469
SPIN 2 3 15 0 -2.887 -3.490 -3.806
SPIN 2 3 15 1 -1.783 0.858 -5.575
SPIN 2 3 15 2 3.877 -2.222 -3.877
SPIN 2 3 15 3 0.184 5.563 -2.005
SPIN 2 3 15 4 4.604 -3.348 1.611
SPIN 2 3 15 5 -3.822 2.718 -3.606
SPIN 2 3 15 6 5.517 -2.115 -0.308
SPIN 2 3 15 7 -3.519 -2.730 3.893
SPIN 2 3 15 8 -2.409 -5.333 -0.871
SPIN 2 3 15 9 -1.423 5.616 -1.200
SPIN 2 3 15 10 2.250 -5.123 -1.923
SPIN 2 3 15 11 -4.849 -3.266 0.907
SPIN 2 3 15 12 2.106 3.432 4.334
SPIN 2 3 15 13 -5.205 -1.336 2.475
SPIN 2 3 15 14 3.983 -1.157 -4.219
SPIN 2 3 15 15 4.257 -3.918 1.236
SPIN 1 4 0 0 -4.988 1.178 -2.955
SPIN 1 4 0 1 2.790 5.201 0.406
SPIN 1 4 0 2 -1.548 -5.578 -1.221
SPIN 1 4 0 3 -5.799 1.168 0.118
SPIN 1 4 0 4 -1.011 -2.313 5.351
SPIN 1 4 0 5 0.767 2.902 5.098
SPIN 1 4 0 6 4.283 1.581 -3.763
SPIN 1 4 0 7 -2.588 -1.324 5.153
SPIN 1 4 0 8 -1.975 -2.979 4.714
SPIN 1 4 0 9 -5.119 -2.759 -1.087
SPIN 1 4 0 10 3.967 2.905 -3.289
SPIN 1 4 0 11 1.037 -3.720 4.482
SPIN 1 4 0 12 -2.782 -2.680 -4.481
SPIN 1 4 0 13 -3.541 4.291 2.012
SPIN 1 4 0 14 -4.537 -1.750 -3.369
SPIN 1 4 0 15 -1.631 -0.204 5.683
SPIN 4 4 0 0 -5.562 -1.993 -0.293
SPIN 4 4 0 1 -1.291 -4.966 -2.945
SPIN 4 4 0 2 -2.904 -0.243 5.149
SPIN 4 4 0 3 -0.726 5.559 -1.890
SPIN 4 4 0 4 -0.504 -4.826 3.384
SPIN 4 4 0 5 -3.791 -2.675 -3.671
SPIN 4 4 0 6 -0.555 1.098 5.787
SPIN 4 4 0 7 -5.585 -1.438 1.321
SPIN 4 4 0 8 0.289 -3.711 4.599
SPIN 4 4 0 9 -0.208 -5.893 -0.476
SPIN 4 4 0 10 4.049 3.567 -2.426
SPIN 4 4 0 11 -2.927 -0.241 -5.136
SPIN 4 4 0 12 5.643 -1.390 -1.107
SPIN 4 4 0 13 -0.984 0.484 5.814
SPIN 4 4 0 14 0.592 4.241 4.082
SPIN 4 4 0 15 -3.619 -4.642 -0.601
SPIN 1 4 1 0 -4.153 2.111 -3.647
SPIN 1 4 1 1 -2.472 -0.994 5.282
SPIN 1 4 1 2 1.080 5.784 0.615
SPIN 1 4 1 3 3.323 -3.914 -2.940
SPIN 1 4 1 4 -5.472 -1.581 -1.600
SPIN 1 4 1 5 0.733 -1.454 5.688
SPIN 1 4 1 6 4.263 3.940 -1.141
SPIN 1 4 1 7 4.449 -3.427 1.860
SPIN 1 4 1 8 5.141 2.891 0.464
SPIN 1 4 1 9 -0.584 1.424 5.712
SPIN 1 4 1 10 -2.931 -1.861 4.790
SPIN 1 4 1 11 -2.785 -4.580 -2.504
SPIN 1 4 1 12 -2.823 3.888 3.452
SPIN 1 4 1 13 -5.787 -1.023 0.677
SPIN 1 4 1 14 -3.416 -4.338 -2.124
SPIN 1 4 1 15 2.918 -4.249 2.904
SPIN 4 4 1 0 -2.019 -5.549 -0.372
SPIN 4 4 1 1 5.342 0.243 -2.530
SPIN 4 4 1 2 -5.851 -0.873 -0.080
SPIN 4 4 1 3 5.733 -1.376 -0.489
SPIN 4 4 1 4 1.564 5.353 -1.976
SPIN 4 4 1 5 4.178 -3.408 -2.436
SPIN 4 4 1 6 -0.759 -4.895 3.234
SPIN 4 4 1 7 1.986 4.958 -2.545
SPIN 4 4 1 8 4.583 -2.986 2.253
SPIN 4 4 1 9 1.450 -1.209 -5.607
SPIN 4 4 1 10 2.323 2.984 -4.549
SPIN 4 4 1 11 3.171 2.654 4.231
SPIN 4 4 1 12 3.123 -1.296 4.855
SPIN 4 4 1 13 -5.508 -1.523 1.530
SPIN 4 4 1 14 -2.112 -5.431 -1.023
SPIN 4 4 1 15 4.714 0.044 3.574
SPIN 1 4 2 0 2.734 -5.243 0.179
SPIN 1 4 2 1 -5.806 -0.381 -1.072
SPIN 1 4 2 2 5.589 -1.242 1.490
SPIN 1 4 2 3 -3.799 4.419 1.022
SPIN 1 4 2 4 5.474 -1.985 -1.047
SPIN 1 4 2 5 0.960 -5.831 0.278
SPIN 1 4 2 6 3.673 2.894 3.624
SPIN 1 4 2 7 -2.189 0.203 -5.492
SPIN 1 4 2 8 -4.691 0.075 3.604
SPIN 1 4 2 9 3.048 -1.116 -4.946
SPIN 1 4 2 10 -0.706 5.837 0.658
SPIN 1 4 2 11 -5.219 -2.614 0.963
SPIN 1 4 2 12 -3.738 -1.509 -4.330
SPIN 1 4 2 13 1.022 -5.212 -2.606
SPIN 1 4 2 14 0.277 5.908 0.151
SPIN 1 4 2 15 -5.135 2.773 -0.969
SPIN 4 4 2 0 -5.401 2.413 -0.091
SPIN 4 4 2 1 0.210 -0.326 5.903
SPIN 4 4 2 2 -0.279 -4.975 -3.189
SPIN 4 4 2 3 0.495 5.886 -0.329
SPIN 4 4 2 4 0.124 -5.611 1.870
SPIN 4 4 2 5 0.943 -4.938 3.118
SPIN 4 4 2 6 1.691 1.713 5.404
SPIN 4 4 2 7 -5.711 -0.031 1.545
SPIN 4 4 2 8 -3.294 -0.519 -4.887
SPIN 4 4 2 9 1.663 5.310 2.009
SPIN 4 4 2 10 -1.652 -5.062 -2.579
SPIN 4 4 2 11 0.887 -3.965 -4.300
SPIN 4 4 2 12 -4.465 -3.645 1.335
SPIN 4 4 2 13 -5.089 -2.869 -0.931
SPIN 4 4 2 14 1.823 3.679 -4.260
SPIN 4 4 2 15 -5.268 2.690 0.103
SPIN 1 4 3 0 -4.949 2.699 -1.795
SPIN 1 4 3 1 3.468 -4.660 1.122
SPIN 1 4 3 2 -1.097 -1.972 -5.469
SPIN 1 4 3 3 4.676 0.914 -3.507
SPIN 1 4 3 4 -1.687 5.409 -1.702
SPIN 1 4 3 5 2.444 3.932 3.683
SPIN 1 4 3 6 -0.844 -5.847 -0.312
SPIN 1 4 3 7 3.472 -4.749 0.629
SPIN 1 4 3 8 -0.166 -3.286 -4.917
SPIN 1 4 3 9 3.677 -1.266 4.459
SPIN 1 4 3 10 -3.839 -4.162 1.714
SPIN 1 4 3 11 -0.876 5.173 -2.734
SPIN 1 4 3 12 5.058 -1.940 2.378
SPIN 1 4 3 13 0.502 5.834 0.843
SPIN 1 4 3 14 -0.957 -3.930 4.317
SPIN 1 4 3 15 3.080 -2.023 4.628
SPIN 4 4 3 0 -4.579 -2.761 2.532
SPIN 4 4 3 1 4.464 3.882 0.031
SPIN 4 4 3 2 1.770 3.761 4.210
SPIN 4 4 3 3 -0.440 -5.269 -2.654
SPIN 4 4 3 4 3.862 -4.482 -0.034
SPIN 4 4 3 5 -2.134 -4.477 3.226
SPIN 4 4 3 6 -0.289 -2.765 -5.222
SPIN 4 4 3 7 -4.827 3.206 -1.192
SPIN 4 4 3 8 -2.671 5.019 1.637
SPIN 4 4 3 9 2.940 -5.005 1.145
SPIN 4 4 3 10 -4.775 2.866 -1.997
SPIN 4 4 3 11 1.343 -1.632 -5.526
SPIN 4 4 3 12 0.981 -5.833 0.127
SPIN 4 4 3 13 -1.290 0.423 -5.758
SPIN 4 4 3 14 -5.822 1.048 0.076
SPIN 4 4 3 15 2.538 -2.376 -4.787
SPIN 1 4 4 0 4.417 2.419 3.104
SPIN 1 4 4 1 -2.821 2.720 4.433
SPIN 1 4 4 2 -2.230 -5.079 -2.056
SPIN 1 4 4 3 0.511 -1.081 5.794
SPIN 1 4 4 4 -1.628 -1.372 5.520
SPIN 1 4 4 5 2.891 -4.873 1.701
SPIN 1 4 4 6 0.518 5.859 -0.638
SPIN 1 4 4 7 -2.746 2.194 4.759
SPIN 1 4 4 8 2.685 0.496 5.248
SPIN 1 4 4 9 -3.514 -2.435 -4.089
SPIN 1 4 4 10 -1.685 4.633 -3.271
SPIN 1 4 4 11 -1.005 -5.303 2.422
SPIN 1 4 4 12 0.226 -2.127 -5.516
SPIN 1 4 4 13 5.218 2.544 1.142
SPIN 1 4 4 14 0.926 -0.165 5.841
SPIN 1 4 4 15 -3.100 2.541 4.351
SPIN 4 4 4 0 4.980 -0.245 -3.184
SPIN 4 4 4 1 3.244 0.226 4.942
SPIN 4 4 4 2 -3.387 4.801 -0.696
SPIN 4 4 4 3 5.893 0.345 -0.396
SPIN 4 4 4 4 -1.949 5.565 0.482
SPIN 4 4 4 5 -4.170 -2.091 -3.639
SPIN 4 4 4 6 0.449 -4.444 3.879
SPIN 4 4 4 7 -4.874 -0.813 -3.253
SPIN 4 4 4 8 -0.460 3.202 4.954
SPIN 4 4 4 9 5.413 -0.746 -2.269
SPIN 4 4 4 10 -3.369 -4.691 -1.281
SPIN 4 4 4 11 1.811 2.897 4.830
SPIN 4 4 4 12 -5.558 -1.200 -1.634
SPIN 4 4 4 13 2.105 -4.798 -2.747
SPIN 4 4 4 14 -5.696 -0.596 1.482
SPIN 4 4 4 15 -4.078 4.285 -0.090
SPIN 1 4 5 0 1.764 -2.641 4.991
SPIN 1 4 5 1 -5.875 0.518 0.465
SPIN 1 4 5 2 3.353 4.823 -0.704
SPIN 1 4 5 3 -3.565 -4.459 -1.554
SPIN 1 4 5 4 -2.446 2.056 -4.979
SPIN 1 4 5 5 4.633 3.535 -1.017
SPIN 1 4 5 6 -5.056 -3.000 -0.662
SPIN 1 4 5 7 0.937 -1.205 -5.716
SPIN 1 4 5 8 -1.938 1.725 -5.317
SPIN 1 4 5 9 2.365 -0.130 5.421
SPIN 1 4 5 10 -3.644 -2.447 3.967
SPIN 1 4 5 11 5.860 0.100 -0.809
SPIN 1 4 5 12 -3.913 -3.723 2.414
SPIN 1 4 5 13 -2.333 5.113 -1.848
SPIN 1 4 5 14 2.832 -5.064 1.155
SPIN 1 4 5 15 4.464 -1.116 3.718
SPIN 4 4 5 0 1.454 -0.890 -5.665
SPIN 4 4 5 1 -1.324 -0.096 5.765
SPIN 4 4 5 2 -2.812 -2.964 -4.279
SPIN 4 4 5 3 -2.768 -4.939 -1.716
SPIN 4 4 5 4 0.418 1.941 5.573
SPIN 4 4 5 5 0.627 -5.683 1.522
SPIN 4 4 5 6 3.281 4.481 2.037
SPIN 4 4 5 7 -4.793 -0.157 3.465
SPIN 4 4 5 8 0.545 -5.197 -2.773
SPIN 4 4 5 9 -0.952 5.438 -2.126
SPIN 4 4 5 10 -4.924 -3.272 -0.214
SPIN 4 4 5 11 4.451 3.373 -1.954
SPIN 4 4 5 12 3.782 -3.688 -2.664
SPIN 4 4 5 13 -0.781 -5.573 1.825
SPIN 4 4 5 14 3.397 2.336 -4.243
SPIN 4 4 5 15 -4.744 -3.350 -1.126
SPIN 1 4 6 0 -4.257 -3.757 -1.664
SPIN 1 4 6 1 -5.194 0.550 2.779
SPIN 1 4 6 2 -0.175 0.412 5.899
SPIN 1 4 6 3 0.698 -4.517 3.756
SPIN 1 4 6 4 5.424 2.274 0.637
SPIN 1 4 6 5 -3.228 -4.927 -0.558
SPIN 1 4 6 6 -0.809 3.017 -5.025
SPIN 1 4 6 7 -0.447 -4.338 -3.997
SPIN 1 4 6 8 5.868 0.341 0.671
SPIN 1 4 6 9 -0.379 -4.755 3.499
SPIN 1 4 6 10 3.689 3.323 -3.217
SPIN 1 4 6 11 -0.275 -1.979 5.568
SPIN 1 4 6 12 -2.619 4.419 -2.934
SPIN 1 4 6 13 -2.244 -4.127 3.596
SPIN 1 4 6 14 5.603 -0.288 -1.876
SPIN 1 4 6 15 2.305 2.356 -4.913
SPIN 4 4 6 0 0.669 -3.291 4.871
SPIN 4 4 6 1 5.490 -0.508 -2.146
SPIN 4 4 6 2 5.342 1.195 2.243
SPIN 4 4 6 3 -4.895 3.298 -0.409
SPIN 4 4 6 4 4.637 -0.204 -3.668
SPIN 4 4 6 5 0.173 0.130 5.912
SPIN 4 4 6 6 -1.217 -4.554 3.574
SPIN 4 4 6 7 4.682 -1.585 3.251
SPIN 4 4 6 8 -3.694 -4.400 1.413
SPIN 4 4 6 9 5.079 -1.485 -2.646
SPIN 4 4 6 10 0.605 -0.074 5.885
SPIN 4 4 6 11 -2.061 -3.760 4.076
SPIN 4 4 6 12 1.520 5.671 -0.726
SPIN 4 4 6 13 1.053 -5.820 -0.122
SPIN 4 4 6 14 -1.243 -5.149 -2.634
SPIN 4 4 6 15 1.919 2.553 4.980
SPIN 1 4 7 0 -1.863 5.152 -2.232
SPIN 1 4 7 1 4.806 -3.441 0.257
SPIN 1 4 7 2 5.759 0.808 -1.086
SPIN 1 4 7 3 -3.308 -4.590 1.729
SPIN 1 4 7 4 -4.861 -1.101 -3.188
SPIN 1 4 7 5 -5.388 2.443 0.064
SPIN 1 4 7 6 5.404 -1.832 -1.562
SPIN 1 4 7 7 -0.067 1.716 -5.661
SPIN 1 4 7 8 -4.252 3.310 -2.443
SPIN 1 4 7 9 -1.646 5.449 1.612
SPIN 1 4 7 10 -5.706 -0.364 -1.520
SPIN 1 4 7 11 -1.056 -2.264 -5.363
SPIN 1 4 7 12 5.809 1.122 0.035
SPIN 1 4 7 13 4.387 0.469 -3.942
SPIN 1 4 7 14 2.429 4.058 3.554
SPIN 1 4 7 15 5.767 -1.293 0.271
SPIN 4 4 7 0 -3.699 -3.849 -2.549
SPIN 4 4 7 1 -1.412 2.703 5.069
SPIN 4 4 7 2 -1.501 1.020 -5.631
SPIN 4 4 7 3 3.318 -3.530 -3.396
SPIN 4 4 7 4 -1.969 -5.578 0.071
SPIN 4 4 7 5 -4.474 1.935 3.353
SPIN 4 4 7 6 5.017 2.399 -2.018
SPIN 4 4 7 7 4.235 3.691 1.855
SPIN 4 4 7 8 2.305 -3.388 -4.267
SPIN 4 4 7 9 -4.606 0.811 3.623
SPIN 4 4 7 10 1.822 0.232 -5.624
SPIN 4 4 7 11 0.833 -3.850 4.414
SPIN 4 4 7 12 -4.342 -0.992 3.893
SPIN 4 4 7 13 -3.546 -2.409 -4.077
SPIN 4 4 7 14 2.128 5.233 1.757
SPIN 4 4 7 15 -5.379 1.882 1.588
SPIN 1 4 8 0 4.115 4.157 -0.888
SPIN 1 4 8 1 3.007 3.287 -3.892
SPIN 1 4 8 2 -2.170 -0.790 5.447
SPIN 1 4 8 3 -2.411 -5.219 -1.396
SPIN 1 4 8 4 -4.544 3.751 0.533
SPIN 1 4 8 5 4.378 -2.176 -3.331
SPIN 1 4 8 6 2.761 -4.369 2.878
SPIN 1 4 8 7 5.734 -1.256 -0.736
SPIN 1 4 8 8 2.416 -4.163 -3.440
SPIN 1 4 8 9 -0.188 -4.540 3.789
SPIN 1 4 8 10 -0.264 -1.608 -5.687
SPIN 1 4 8 11 5.564 -1.728 1.028
SPIN 1 4 8 12 -3.183 0.866 4.911
SPIN 1 4 8 13 -1.045 -1.466 5.636
SPIN 1 4 8 14 1.138 -5.313 -2.339
SPIN 1 4 8 15 0.821 -4.221 -4.063
SPIN 4 4 8 0 5.536 -0.704 1.963
SPIN 4 4 8 1 0.529 -5.865 0.567
SPIN 4 4 8 2 4.024 3.972 -1.740
SPIN 4 4 8 3 4.891 1.704 -2.859
SPIN 4 4 8 4 4.988 2.177 -2.320
SPIN 4 4 8 5 -4.874 2.870 1.734
SPIN 4 4 8 6 -1.044 2.401 -5.305
SPIN 4 4 8 7 2.834 5.038 1.259
SPIN 4 4 8 8 -2.234 4.007 -3.736
SPIN 4 4 8 9 4.674 3.346 -1.399
SPIN 4 4 8 10 0.496 1.339 5.741
SPIN 4 4 8 11 2.020 5.486 -0.910
SPIN 4 4 8 12 -4.879 2.419 2.311
SPIN 4 4 8 13 1.175 4.777 -3.286
SPIN 4 4 8 14 -1.337 -2.470 5.207
SPIN 4 4 8 15 2.686 -5.213 0.779
SPIN 1 4 9 0 -3.237 -1.327 4.771
SPIN 1 4 9 1 3.003 1.752 4.787
SPIN 1 4 9 2 5.883 0.249 0.572
SPIN 1 4 9 3 2.045 -3.043 4.643
SPIN 1 4 9 4 3.702 0.144 4.613
SPIN 1 4 9 5 5.912 -0.183 0.139
SPIN 1 4 9 6 3.300 0.890 4.829
SPIN 1 4 9 7 -5.479 2.230 0.110
SPIN 1 4 9 8 -1.673 -5.309 -2.005
SPIN 1 4 9 9 -3.448 3.842 2.890
SPIN 1 4 9 10 0.239 -5.713 -1.520
SPIN 1 4 9 11 -5.053 2.566 1.698
SPIN 1 4 9 12 3.002 1.749 -4.788
SPIN 1 4 9 13 -2.656 5.226 -0.795
SPIN 1 4 9 14 4.288 -2.841 2.923
SPIN 1 4 9 15 3.309 3.939 2.922
SPIN 4 4 9 0 -0.102 5.106 -2.986
SPIN 4 4 9 1 5.346 -1.424 2.096
SPIN 4 4 9 2 -3.212 -2.704 -4.168
SPIN 4 4 9 3 -3.618 4.680 0.117
SPIN 4 4 9 4 2.656 -1.287 5.127
SPIN 4 4 9 5 -4.242 -3.703 -1.814
SPIN 4 4 9 6 3.791 0.536 -4.510
SPIN 4 4 9 7 3.365 4.841 -0.488
SPIN 4 4 9 8 -4.302 -4.019 0.586
SPIN 4 4 9 9 4.818 -2.063 -2.743
SPIN 4 4 9 10 -2.288 0.971 5.369
SPIN 4 4 9 11 -1.129 -5.086 -2.804
SPIN 4 4 9 12 0.488 -1.765 -5.625
SPIN 4 4 9 13 -2.825 -4.753 2.104
SPIN 4 4 9 14 -4.042 3.979 1.682
SPIN 4 4 9 15 -4.977 -2.993 1.128
SPIN 1 4 10 0 4.196 0.595 -4.128
SPIN 1 4 10 1 0.560 0.591 5.860
SPIN 1 4 10 2 1.611 3.229 -4.688
SPIN 1 4 10 3 -3.408 -4.725 -1.027
SPIN 1 4 10 4 1.808 -2.047 -5.248
SPIN 1 4 10 5 -2.465 -5.321 0.779
SPIN 1 4 10 6 1.642 4.758 -3.108
SPIN 1 4 10 7 2.482 -5.302 0.856
SPIN 1 4 10 8 -5.135 -2.799 -0.895
SPIN 1 4 10 9 3.515 4.526 1.470
SPIN 1 4 10 10 2.917 2.680 4.394
SPIN 1 4 10 11 -0.810 5.773 -1.010
SPIN 1 4 10 12 4.183 -2.927 2.989
SPIN 1 4 10 13 3.756 4.548 -0.456
SPIN 1 4 10 14 1.452 1.581 -5.513
SPIN 1 4 10 15 -4.412 -3.479 1.853
SPIN 4 4 10 0 0.534 1.123 5.784
SPIN 4 4 10 1 -3.136 -4.892 -1.109
SPIN 4 4 10 2 0.436 -1.718 5.644
SPIN 4 4 10 3 5.170 -0.063 2.875
SPIN 4 4 10 4 -3.057 2.632 4.328
SPIN 4 4 10 5 2.525 4.757 2.449
SPIN 4 4 10 6 3.782 -4.430 -1.034
SPIN 4 4 10 7 2.412 -1.170 -5.274
SPIN 4 4 10 8 -4.938 -2.206 2.397
SPIN 4 4 10 9 -0.343 -2.824 5.187
SPIN 4 4 10 10 -1.297 5.646 -1.202
SPIN 4 4 10 11 -5.042 1.354 -2.784
SPIN 4 4 10 12 -3.559 -4.294 1.974
SPIN 4 4 10 13 2.365 -1.945 5.062
SPIN 4 4 10 14 3.554 -4.722 -0.280
SPIN 4 4 10 15 -4.853 0.664 -3.318
SPIN 1 4 11 0 4.660 1.981 -3.060
SPIN 1 4 11 1 1.436 2.637 -5.097
SPIN 1 4 11 2 5.702 1.128 1.103
SPIN 1 4 11 3 -5.133 2.628 -1.319
SPIN 1 4 11 4 5.522 1.872 1.003
SPIN 1 4 11 5 5.170 -1.289 -2.570
SPIN 1 4 11 6 5.680 0.124 -1.650
SPIN 1 4 11 7 -1.911 -4.919 2.674
SPIN 1 4 11 8 -2.932 4.931 -1.445
SPIN 1 4 11 9 3.818 -3.724 -2.559
SPIN 1 4 11 10 -3.679 1.801 4.269
SPIN 1 4 11 11 -2.020 -3.728 -4.126
SPIN 1 4 11 12 1.881 -2.270 5.129
SPIN 1 4 11 13 -3.465 -2.988 -3.750
SPIN 1 4 11 14 1.710 4.911 2.821
SPIN 1 4 11 15 -1.845 2.959 -4.779
SPIN 4 4 11 0 -2.930 4.621 -2.250
SPIN 4 4 11 1 2.143 4.849 -2.625
SPIN 4 4 11 2 5.120 -2.443 -1.680
SPIN 4 4 11 3 0.899 -5.584 1.734
SPIN 4 4 11 4 -4.068 0.048 -4.295
SPIN 4 4 11 5 -0.468 -5.342 -2.499
SPIN 4 4 11 6 -5.628 0.104 -1.819
SPIN 4 4 11 7 1.054 -5.239 2.538
SPIN 4 4 11 8 -0.585 -1.992 -5.540
SPIN 4 4 11 9 4.787 -2.638 2.263
SPIN 4 4 11 10 5.338 1.187 -2.258
SPIN 4 4 11 11 -1.101 -5.551 -1.726
SPIN 4 4 11 12 2.900 5.094 -0.802
SPIN 4 4 11 13 5.270 2.605 0.668
SPIN 4 4 11 14 -3.401 -1.160 -4.699
SPIN 4 4 11 15 4.918 -3.289 -0.002
SPIN 1 4 12 0 -1.835 3.625 4.301
SPIN 1 4 12 1 4.708 -3.455 -0.948
SPIN 1 4 12 2 -2.252 2.082 -5.059
SPIN 1 4 12 3 1.636 -5.564 1.167
SPIN 1 4 12 4 2.982 0.834 -5.041
SPIN 1 4 12 5 -0.571 5.552 1.962
SPIN 1 4 12 6 -4.311 1.808 -3.625
SPIN 1 4 12 7 3.424 4.536 1.644
SPIN 1 4 12 8 -5.561 0.903 1.804
SPIN 1 4 12 9 -4.088 3.134 2.909
SPIN 1 4 12 10 -2.844 -0.300 -5.179
SPIN 1 4 12 11 5.657 1.544 0.780
SPIN 1 4 12 12 -1.675 0.807 -5.616
SPIN 1 4 12 13 -4.237 -3.928 1.274
SPIN 1 4 12 14 -4.623 2.973 2.187
SPIN 1 4 12 15 2.878 3.534 3.772
SPIN 4 4 12 0 -5.163 2.511 -1.429
SPIN 4 4 12 1 -1.972 -5.430 -1.273
SPIN 4 4 12 2 -4.480 1.523 3.551
SPIN 4 4 12 3 -2.213 5.286 1.471
SPIN 4 4 12 4 1.759 -3.785 -4.193
SPIN 4 4 12 5 0.018 0.252 -5.911
SPIN 4 4 12 6 4.137 -4.067 1.159
SPIN 4 4 12 7 -3.976 3.441 -2.712
SPIN 4 4 12 8 1.388 -3.978 -4.153
SPIN 4 4 12 9 -1.716 3.424 -4.509
SPIN 4 4 12 10 -1.072 4.957 3.045
SPIN 4 4 12 11 -5.432 -1.249 -1.984
SPIN 4 4 12 12 0.058 0.774 -5.865
SPIN 4 4 12 13 1.205 4.956 2.997
SPIN 4 4 12 14 -2.342 -4.947 2.245
SPIN 4 4 12 15 2.955 -2.514 4.466
SPIN 1 4 13 0 1.684 0.384 -5.658
SPIN 1 4 13 1 3.435 4.113 -2.507
SPIN 1 4 13 2 -1.756 -5.596 0.777
SPIN 1 4 13 3 2.158 -5.361 1.266
SPIN 1 4 13 4 5.669 -1.246 1.147
SPIN 1 4 13 5 5.232 2.762 0.065
SPIN 1 4 13 6 -1.527 -1.394 5.543
SPIN 1 4 13 7 1.924 1.564 -5.372
SPIN 1 4 13 8 -2.074 -4.708 2.921
SPIN 1 4 13 9 -2.249 2.654 -4.785
SPIN 1 4 13 10 -2.835 3.375 -3.946
SPIN 1 4 13 11 0.479 -1.780 5.621
SPIN 1 4 13 12 -1.899 4.232 3.672
SPIN 1 4 13 13 0.771 -3.812 -4.458
SPIN 1 4 13 14 1.262 0.791 -5.726
SPIN 1 4 13 15 -2.793 2.527 4.562
SPIN 4 4 13 0 -0.893 -5.654 1.494
SPIN 4 4 13 1 5.858 -0.760 0.320
SPIN 4 4 13 2 -2.704 5.180 0.927
SPIN 4 4 13 3 4.025 1.002 4.219
SPIN 4 4 13 4 -4.480 0.761 -3.788
SPIN 4 4 13 5 5.649 1.607 -0.711
SPIN 4 4 13 6 -0.290 -3.476 -4.778
SPIN 4 4 13 7 1.633 -1.485 5.489
SPIN 4 4 13 8 3.888 4.182 -1.547
SPIN 4 4 13 9 2.897 5.000 1.266
SPIN 4 4 13 10 -3.017 -2.346 -4.516
SPIN 4 4 13 11 -2.533 -5.347 -0.016
SPIN 4 4 13 12 -1.167 -0.256 5.794
SPIN 4 4 13 13 -5.606 1.815 -0.527
SPIN 4 4 13 14 4.463 0.774 -3.806
SPIN 4 4 13 15 -5.537 0.148 -2.077
SPIN 1 4 14 0 -1.457 5.416 1.884
SPIN 1 4 14 1 -5.511 -0.791 2.002
SPIN 1 4 14 2 -3.155 -0.716 -4.953
SPIN 1 4 14 3 5.629 -0.779 -1.647
SPIN 1 4 14 4 0.884 4.948 3.120
SPIN 1 4 14 5 -4.698 3.593 0.118
SPIN 1 4 14 6 5.360 -1.689 1.849
SPIN 1 4 14 7 -0.495 0.329 5.886
SPIN 1 4 14 8 4.515 3.813 -0.282
SPIN 1 4 14 9 3.363 -1.073 -4.747
SPIN 1 4 14 10 3.171 0.649 4.952
SPIN 1 4 14 11 4.112 3.624 2.226
SPIN 1 4 14 12 -3.242 -4.030 -2.872
SPIN 1 4 14 13 -2.674 3.086 4.281
SPIN 1 4 14 14 2.968 -0.919 -5.034
SPIN 1 4 14 15 1.467 3.367 -4.638
SPIN 4 4 14 0 1.087 5.586 -1.619
SPIN 4 4 14 1 -3.035 -0.517 -5.052
SPIN 4 4 14 2 3.126 4.056 2.963
SPIN 4 4 14 3 -2.092 -5.534 0.041
SPIN 4 4 14 4 4.293 -1.193 3.892
SPIN 4 4 14 5 -0.174 1.877 5.608
SPIN 4 4 14 6 2.006 2.069 5.167
SPIN 4 4 14 7 -5.725 1.367 -0.597
SPIN 4 4 14 8 2.758 -5.205 0.548
SPIN 4 4 14 9 -2.431 2.044 -4.991
SPIN 4 4 14 10 3.730 4.171 -1.921
SPIN 4 4 14 11 -3.603 -2.978 3.626
SPIN 4 4 14 12 -5.272 1.524 -2.210
SPIN 4 4 14 13 -3.930 1.395 -4.197
SPIN 4 4 14 14 1.851 0.420 5.603
SPIN 4 4 14 15 2.316 -3.534 -4.141
SPIN 1 4 15 0 -0.533 -3.569 4.688
SPIN 1 4 15 1 1.166 2.541 -5.214
SPIN 1 4 15 2 -0.781 -4.690 3.520
SPIN 1 4 15 3 2.766 5.227 0.171
SPIN 1 4 15 4 -3.103 2.707 -4.248
SPIN 1 4 15 5 3.789 1.140 -4.398
SPIN 1 4 15 6 -5.208 1.886 2.078
SPIN 1 4 15 7 -2.300 -5.422 0.560
SPIN 1 4 15 8 -4.285 3.836 -1.385
SPIN 1 4 15 9 -3.571 -2.525 3.984
SPIN 1 4 15 10 3.485 0.584 4.745
SPIN 1 4 15 11 -0.017 1.194 -5.794
SPIN 1 4 15 12 -4.999 2.524 -1.908
SPIN 1 4 15 13 5.699 -1.085 1.159
SPIN 1 4 15 14 1.761 0.763 -5.596
SPIN 1 4 15 15 -4.417 3.248 -2.223
SPIN 4 4 15 0 -1.827 5.563 0.846
SPIN 4 4 15 1 0.907 -4.855 3.257
SPIN 4 4 15 2 -0.789 5.593 -1.760
SPIN 4 4 15 3 -0.909 3.888 4.365
SPIN 4 4 15 4 2.384 -4.947 -2.201
SPIN 4 4 15 5 -2.515 -4.231 -3.282
SPIN 4 4 15 6 5.748 0.486 1.315
SPIN 4 4 15 7 0.632 2.039 -5.518
SPIN 4 4 15 8 -4.203 1.785 -3.761
SPIN 4 4 15 9 4.863 1.455 3.039
SPIN 4 4 15 10 -2.499 -0.154 -5.360
SPIN 4 4 15 11 2.841 2.504 4.545
SPIN 4 4 15 12 -5.639 -1.459 -1.037
SPIN 4 4 15 13 1.871 -5.533 -0.938
SPIN 4 4 15 14 5.207 -2.786 -0.345
SPIN 4 4 15 15 -2.072 0.404 -5.527
SPIN 3 4 0 0 3.487 -0.544 4.748
SPIN 3 4 0 1 2.747 0.709 5.191
SPIN 3 4 0 2 4.072 -3.897 -1.798
SPIN 3 4 0 3 4.894 2.357 -2.343
SPIN 3 4 0 4 3.147 4.602 1.979
SPIN 3 4 0 5 5.424 -2.214 -0.823
SPIN 3 4 0 6 -2.283 3.411 4.260
SPIN 3 4 0 7 4.574 3.404 1.577
SPIN 3 4 0 8 1.950 -4.850 -2.770
SPIN 3 4 0 9 -2.135 -0.333 -5.507
SPIN 3 4 0 10 2.524 3.403 4.130
SPIN 3 4 0 11 2.186 4.914 -2.464
SPIN 3 4 0 12 1.464 5.080 2.655
SPIN 3 4 0 13 -5.629 -1.806 0.223
SPIN 3 4 0 14 3.646 -3.876 2.586
SPIN 3 4 0 15 -3.491 -0.269 4.769
SPIN 2 4 0 0 -1.154 3.871 -4.323
SPIN 2 4 0 1 -4.778 -2.713 2.194
SPIN 2 4 0 2 -3.255 -3.032 3.900
SPIN 2 4 0 3 -1.705 4.212 -3.789
SPIN 2 4 0 4 -3.555 -1.993 4.289
SPIN 2 4 0 5 1.665 -5.472 -1.513
SPIN 2 4 0 6 -2.445 4.087 3.510
SPIN 2 4 0 7 4.444 0.015 -3.906
SPIN 2 4 0 8 -0.271 -5.130 -2.934
SPIN 2 4 0 9 1.945 5.394 1.458
SPIN 2 4 0 10 -4.539 1.078 3.638
SPIN 2 4 0 11 -3.147 -4.899 -1.050
SPIN 2 4 0 12 0.279 5.882 0.571
SPIN 2 4 0 13 4.435 -1.015 3.782
SPIN 2 4 0 14 -3.337 3.824 3.040
SPIN 2 4 0 15 -3.242 -0.946 -4.858
SPIN 3 4 1 0 4.696 -0.825 3.503
SPIN 3 4 1 1 -2.105 3.505 4.276
SPIN 3 4 1 2 -4.999 2.811 -1.450
SPIN 3 4 1 3 1.893 -0.154 5.603
SPIN 3 4 1 4 2.029 5.471 0.976
SPIN 3 4 1 5 -2.732 5.241 -0.266
SPIN 3 4 1 6 0.894 -2.229 -5.407
SPIN 3 4 1 7 -5.245 2.377 -1.354
SPIN 3 4 1 8 1.988 3.575 4.274
SPIN 3 4 1 9 4.303 -3.976 -0.818
SPIN 3 4 1 10 -4.007 0.504 -4.323
SPIN 3 4 1 11 5.774 -0.221 -1.272
SPIN 3 4 1 12 0.274 -1.638 -5.678
SPIN 3 4 1 13 -1.781 2.097 5.237
SPIN 3 4 1 14 0.345 5.577 -1.945
SPIN 3 4 1 15 2.654 4.938 -1.889
SPIN 2 4 1 0 0.287 -5.169 -2.863
SPIN 2 4 1 1 1.848 3.995 -3.953
SPIN 2 4 1 2 -0.337 -4.249 -4.103
SPIN 2 4 1 3 -4.464 -3.316 -2.019
SPIN 2 4 1 4 -5.381 2.450 -0.192
SPIN 2 4 1 5 3.561 1.766 4.381
SPIN 2 4 1 6 -3.850 -4.189 -1.622
SPIN 2 4 1 7 -3.716 3.019 3.476
SPIN 2 4 1 8 -2.954 -0.677 -5.081
SPIN 2 4 1 9 4.395 -3.752 -1.268
SPIN 2 4 1 10 4.761 -0.686 -3.444
SPIN 2 4 1 11 5.222 1.913 2.019
SPIN 2 4 1 12 1.790 -5.593 0.720
SPIN 2 4 1 13 -1.676 3.774 -4.236
SPIN 2 4 1 14 1.853 2.977 4.765
SPIN 2 4 1 15 0.635 -5.868 -0.397
SPIN 3 4 2 0 -5.834 -0.283 -0.939
SPIN 3 4 2 1 3.252 -3.526 3.463
SPIN 3 4 2 2 1.389 4.821 3.135
SPIN 3 4 2 3 -4.013 2.708 -3.400
SPIN 3 4 2 4 5.013 -1.678 2.656
SPIN 3 4 2 5 3.044 -0.665 5.029
SPIN 3 4 2 6 5.880 0.653 0.030
SPIN 3 4 2 7 -3.445 -4.553 1.551
SPIN 3 4 2 8 4.490 -1.617 -3.496
SPIN 3 4 2 9 -5.897 0.206 0.434
SPIN 3 4 2 10 4.643 0.729 3.593
SPIN 3 4 2 11 -1.589 -4.050 -4.009
SPIN 3 4 2 12 -2.489 4.259 3.266
SPIN 3 4 2 13 -0.376 -1.358 -5.746
SPIN 3 4 2 14 -1.913 4.452 -3.395
SPIN 3 4 2 15 -2.591 4.536 -2.777
SPIN 2 4 2 0 3.840 -4.231 1.533
SPIN 2 4 2 1 -2.488 -4.046 -3.527
SPIN 2 4 2 2 4.132 -0.727 4.171
SPIN 2 4 2 3 1.927 -4.424 -3.422
SPIN 2 4 2 4 4.050 3.877 1.889
SPIN 2 4 2 5 -3.713 -4.423 -1.287
SPIN 2 4 2 6 0.756 3.745 4.517
SPIN 2 4 2 7 -0.657 -3.758 -4.522
SPIN 2 4 2 8 -2.699 3.935 -3.497
SPIN 2 4 2 9 -4.175 3.825 1.713
SPIN 2 4 2 10 -2.718 3.524 -3.899
SPIN 2 4 2 11 -4.669 -3.421 -1.225
SPIN 2 4 2 12 3.809 -0.890 -4.438
SPIN 2 4 2 13 -1.766 -3.480 -4.447
SPIN 2 4 2 14 3.698 1.396 -4.402
SPIN 2 4 2 15 4.003 -2.469 3.589
SPIN 3 4 3 0 0.427 4.614 -3.678
SPIN 3 4 3 1 -1.385 -3.144 -4.816
SPIN 3 4 3 2 0.914 4.438 -3.804
SPIN 3 4 3 3 -1.607 -5.398 1.812
SPIN 3 4 3 4 2.160 5.286 1.548
SPIN 3 4 3 5 -2.077 5.538 -0.134
SPIN 3 4 3 6 5.396 -1.013 -2.203
SPIN 3 4 3 7 3.156 3.107 -3.922
SPIN 3 4 3 8 0.155 -5.369 -2.480
SPIN 3 4 3 9 -1.406 4.212 -3.909
SPIN 3 4 3 10 3.410 -4.275 2.257
SPIN 3 4 3 11 0.581 5.763 -1.205
SPIN 3 4 3 12 0.898 -0.333 -5.838
SPIN 3 4 3 13 4.487 3.853 -0.148
SPIN 3 4 3 14 -3.450 -1.410 -4.594
SPIN 3 4 3 15 -0.785 -5.578 1.808
SPIN 2 4 3 0 2.090 -4.086 -3.734
SPIN 2 4 3 1 -0.126 -0.136 5.913
SPIN 2 4 3 2 -0.518 3.673 4.609
SPIN 2 4 3 3 0.916 5.574 -1.757
SPIN 2 4 3 4 -1.732 -4.904 -2.820
SPIN 2 4 3 5 -4.469 2.013 -3.314
SPIN 2 4 3 6 -3.010 -0.397 -5.078
SPIN 2 4 3 7 -1.834 3.366 4.506
SPIN 2 4 3 8 -2.617 4.955 1.896
SPIN 2 4 3 9 3.021 -5.067 0.449
SPIN 2 4 3 10 -3.266 -3.838 3.099
SPIN 2 4 3 11 -1.892 0.386 5.592
SPIN 2 4 3 12 -3.861 -0.056 4.482
SPIN 2 4 3 13 -5.087 3.020 0.043
SPIN 2 4 3 14 1.997 3.758 -4.110
SPIN 2 4 3 15 -4.242 3.731 -1.755
SPIN 3 4 4 0 -1.422 -5.686 -0.802
SPIN 3 4 4 1 -4.910 1.707 -2.825
SPIN 3 4 4 2 -5.463 -0.477 2.220
SPIN 3 4 4 3 0.989 2.405 5.314
SPIN 3 4 4 4 0.607 5.838 -0.739
SPIN 3 4 4 5 5.339 1.725 -1.875
SPIN 3 4 4 6 -1.204 -4.831 -3.195
SPIN 3 4 4 7 -4.722 -3.254 -1.455
SPIN 3 4 4 8 3.833 -0.127 4.505
SPIN 3 4 4 9 -0.670 5.416 -2.285
SPIN 3 4 4 10 5.527 -0.291 -2.090
SPIN 3 4 4 11 0.232 -4.048 -4.308
SPIN 3 4 4 12 1.429 1.974 5.391
SPIN 3 4 4 13 -2.651 4.210 -3.201
SPIN 3 4 4 14 1.140 -4.275 3.928
SPIN 3 4 4 15 2.013 5.504 -0.812
SPIN 2 4 4 0 0.156 -3.570 4.715
SPIN 2 4 4 1 1.614 4.798 -3.062
SPIN 2 4 4 2 2.955 -4.928 1.407
SPIN 2 4 4 3 4.622 0.585 -3.646
SPIN 2 4 4 4 3.309 -3.863 3.021
SPIN 2 4 4 5 -2.223 -2.587 -4.834
SPIN 2 4 4 6 4.507 3.830 0.128
SPIN 2 4 4 7 2.234 0.228 5.473
SPIN 2 4 4 8 -1.510 -4.178 -3.907
SPIN 2 4 4 9 -4.969 -0.738 3.124
SPIN 2 4 4 10 4.025 1.641 -4.013
SPIN 2 4 4 11 -3.168 4.891 1.021
SPIN 2 4 4 12 -2.927 -4.632 2.231
SPIN 2 4 4 13 2.204 -4.497 3.149
SPIN 2 4 4 14 5.774 0.985 0.831
SPIN 2 4 4 15 3.235 3.134 -3.835
SPIN 3 4 5 0 -5.100 0.746 2.903
SPIN 3 4 5 1 -0.172 0.109 -5.913
SPIN 3 4 5 2 -5.581 -0.993 -1.693
SPIN 3 4 5 3 -4.223 3.911 -1.366
SPIN 3 4 5 4 5.530 -1.720 -1.211
SPIN 3 4 5 5 -4.905 -3.267 0.523
SPIN 3 4 5 6 -5.885 -0.149 -0.589
SPIN 3 4 5 7 3.407 3.931 -2.818
SPIN 3 4 5 8 0.235 -3.068 5.053
SPIN 3 4 5 9 -0.487 -5.366 2.443
SPIN 3 4 5 10 -1.460 4.605 3.415
SPIN 3 4 5 11 4.577 -2.132 3.082
SPIN 3 4 5 12 -5.059 2.887 -1.032
SPIN 3 4 5 13 5.339 -2.541 -0.190
SPIN 3 4 5 14 1.055 2.149 -5.410
SPIN 3 4 5 15 -5.705 -1.524 0.356
SPIN 2 4 5 0 -5.167 1.747 2.291
SPIN 2 4 5 1 -1.131 4.457 -3.723
SPIN 2 4 5 2 0.696 -1.090 5.773
SPIN 2 4 5 3 2.059 2.301 5.046
SPIN 2 4 5 4 -2.574 -1.950 -4.957
SPIN 2 4 5 5 0.458 -1.095 5.796
SPIN 2 4 5 6 -2.620 -1.938 4.937
SPIN 2 4 5 7 -1.178 -3.517 -4.609
SPIN 2 4 5 8 -0.847 -5.685 -1.401
SPIN 2 4 5 9 5.299 1.845 1.874
SPIN 2 4 5 10 2.335 3.626 4.050
SPIN 2 4 5 11 2.941 -4.952 -1.353
SPIN 2 4 5 12 -5.806 0.238 1.113
SPIN 2 4 5 13 -0.429 4.765 -3.480
SPIN 2 4 5 14 -3.698 -3.632 2.853
SPIN 2 4 5 15 -1.483 -4.757 -3.190
SPIN 3 4 6 0 3.723 2.776 -3.665
SPIN 3 4 6 1 0.404 -2.164 -5.491
SPIN 3 4 6 2 -4.535 1.439 3.516
SPIN 3 4 6 3 -2.770 -3.472 3.908
SPIN 3 4 6 4 3.628 3.656 2.911
SPIN 3 4 6 5 -4.388 2.996 2.602
SPIN 3 4 6 6 -3.762 3.923 -2.337
SPIN 3 4 6 7 0.921 3.608 4.597
SPIN 3 4 6 8 -1.937 5.582 -0.304
SPIN 3 4 6 9 -5.762 1.025 -0.868
SPIN 3 4 6 10 4.487 0.637 3.803
SPIN 3 4 6 11 5.747 -0.359 -1.360
SPIN 3 4 6 12 4.449 -3.270 2.124
SPIN 3 4 6 13 -2.061 2.248 -5.069
SPIN 3 4 6 14 -0.345 4.323 4.024
SPIN 3 4 6 15 1.720 0.309 5.652
SPIN 2 4 6 0 2.248 5.472 0.053
SPIN 2 4 6 1 -3.746 -4.227 -1.759
SPIN 2 4 6 2 -1.673 -1.243 5.537
SPIN 2 4 6 3 0.488 5.439 -2.275
SPIN 2 4 6 4 2.964 -2.935 4.196
SPIN 2 4 6 5 -0.510 0.174 -5.892
SPIN 2 4 6 6 2.344 -3.976 3.701
SPIN 2 4 6 7 4.125 0.753 4.173
SPIN 2 4 6 8 -1.977 -1.678 -5.317
SPIN 2 4 6 9 -2.679 4.578 -2.620
SPIN 2 4 6 10 -4.884 -1.966 -2.698
SPIN 2 4 6 11 -4.876 0.425 -3.323
SPIN 2 4 6 12 1.877 -1.829 5.304
SPIN 2 4 6 13 2.074 -3.095 -4.596
SPIN 2 4 6 14 0.721 3.347 4.825
SPIN 2 4 6 15 -5.355 -2.514 0.089
SPIN 3 4 7 0 1.446 -5.599 1.249
SPIN 3 4 7 1 0.170 -0.343 5.904
SPIN 3 4 7 2 -1.844 -4.419 -3.474
SPIN 3 4 7 3 -4.208 2.326 3.448
SPIN 3 4 7 4 -0.562 4.405 -3.909
SPIN 3 4 7 5 -0.800 5.524 1.962
SPIN 3 4 7 6 -1.133 1.326 -5.653
SPIN 3 4 7 7 -2.296 -5.427 -0.523
SPIN 3 4 7 8 3.714 -2.871 3.601
SPIN 3 4 7 9 1.430 3.650 -4.431
SPIN 3 4 7 10 3.745 -4.572 -0.265
SPIN 3 4 7 11 -2.322 0.471 -5.421
SPIN 3 4 7 12 3.214 -4.198 -2.656
SPIN 3 4 7 13 1.443 2.597 5.116
SPIN 3 4 7 14 0.338 1.529 -5.705
SPIN 3 4 7 15 -2.908 -4.389 -2.698
SPIN 2 4 7 0 5.147 -2.029 -2.095
SPIN 2 4 7 1 -0.513 0.365 5.882
SPIN 2 4 7 2 -4.538 -2.292 -3.025
SPIN 2 4 7 3 1.773 1.080 5.540
SPIN 2 4 7 4 -0.217 0.505 -5.891
SPIN 2 4 7 5 0.450 5.598 1.859
SPIN 2 4 7 6 -5.375 -0.940 -2.286
SPIN 2 4 7 7 -5.585 1.201 -1.540
SPIN 2 4 7 8 -2.136 5.509 -0.300
SPIN 2 4 7 9 4.257 1.727 3.727
SPIN 2 4 7 10 -0.949 3.711 4.509
SPIN 2 4 7 11 -1.191 -1.405 5.622
SPIN 2 4 7 12 -0.838 5.710 -1.302
SPIN 2 4 7 13 -4.886 -0.578 3.286
SPIN 2 4 7 14 1.747 -4.018 -3.975
SPIN 2 4 7 15 -2.733 4.987 1.632
SPIN 3 4 8 0 0.336 -1.268 5.769
SPIN 3 4 8 1 2.163 4.233 -3.522
SPIN 3 4 8 2 0.098 4.944 3.248
SPIN 3 4 8 3 -3.793 -3.621 -2.739
SPIN 3 4 8 4 4.327 3.837 1.247
SPIN 3 4 8 5 0.427 -1.139 -5.790
SPIN 3 4 8 6 4.998 -0.743 3.077
SPIN 3 4 8 7 -5.696 -1.420 0.737
SPIN 3 4 8 8 -5.571 -1.422 -1.393
SPIN 3 4 8 9 4.748 1.215 -3.314
SPIN 3 4 8 10 -3.374 -4.022 2.728
SPIN 3 4 8 11 -2.106 -4.971 -2.420
SPIN 3 4 8 12 -1.783 1.092 -5.534
SPIN 3 4 8 13 -1.757 1.192 -5.522
SPIN 3 4 8 14 2.938 -4.895 -1.551
SPIN 3 4 8 15 -5.290 1.273 2.322
SPIN 2 4 8 0 -4.025 -1.085 -4.198
SPIN 2 4 8 1 0.750 3.676 -4.575
SPIN 2 4 8 2 3.943 -2.021 -3.921
SPIN 2 4 8 3 2.217 5.093 -2.036
SPIN 2 4 8 4 -2.354 -4.752 -2.624
SPIN 2 4 8 5 -5.861 0.034 0.803
SPIN 2 4 8 6 -0.659 -4.937 3.193
SPIN 2 4 8 7 4.911 -1.741 2.802
SPIN 2 4 8 8 -3.666 3.560 -2.981
SPIN 2 4 8 9 4.915 -3.290 -0.145
SPIN 2 4 8 10 3.118 -4.413 -2.408
SPIN 2 4 8 11 -5.168 2.642 -1.148
SPIN 2 4 8 12 -0.748 -0.778 5.817
SPIN 2 4 8 13 4.992 2.917 -1.254
SPIN 2 4 8 14 -0.007 -3.594 4.699
SPIN 2 4 8 15 2.837 3.160 -4.120
SPIN 3 4 9 0 -1.937 -5.341 -1.649
SPIN 3 4 9 1 -5.795 -0.652 -0.998
SPIN 3 4 9 2 -5.913 0.116 -0.166
SPIN 3 4 9 3 1.564 5.027 2.699
SPIN 3 4 9 4 -1.780 -4.066 -3.912
SPIN 3 4 9 5 -0.657 5.773 1.112
SPIN 3 4 9 6 0.030 2.783 5.221
SPIN 3 4 9 7 2.914 2.708 4.379
SPIN 3 4 9 8 2.712 5.123 -1.185
SPIN 3 4 9 9 2.171 -4.640 2.959
SPIN 3 4 9 10 2.738 2.634 4.535
SPIN 3 4 9 11 2.670 2.905 4.408
SPIN 3 4 9 12 4.984 -1.021 3.019
SPIN 3 4 9 13 2.722 -0.630 5.215
SPIN 3 4 9 14 -4.956 1.009 -3.070
SPIN 3 4 9 15 -3.130 -2.957 4.057
SPIN 2 4 9 0 4.722 3.232 1.503
SPIN 2 4 9 1 3.834 1.647 4.194
SPIN 2 4 9 2 -2.846 -4.524 -2.537
SPIN 2 4 9 3 4.987 0.081 3.181
SPIN 2 4 9 4 -3.347 2.618 -4.117
SPIN 2 4 9 5 -4.651 -0.667 3.594
SPIN 2 4 9 6 0.641 5.093 -2.941
SPIN 2 4 9 7 1.971 5.183 2.063
SPIN 2 4 9 8 -4.227 1.647 -3.797
SPIN 2 4 9 9 -5.321 -0.212 2.577
SPIN 2 4 9 10 -2.541 -0.940 -5.259
SPIN 2 4 9 11 1.303 5.001 2.880
SPIN 2 4 9 12 4.677 3.403 1.242
SPIN 2 4 9 13 -4.664 -1.699 3.219
SPIN 2 4 9 14 0.699 0.191 -5.871
SPIN 2 4 9 15 5.605 1.842 -0.434
SPIN 3 4 10 0 1.672 -5.245 -2.166
SPIN 3 4 10 1 4.109 -3.487 2.440
SPIN 3 4 10 2 0.819 -5.201 -2.697
SPIN 3 4 10 3 3.232 4.607 1.825
SPIN 3 4 10 4 0.947 3.839 -4.401
SPIN 3 4 10 5 0.555 -4.826 3.377
SPIN 3 4 10 6 -2.460 -3.237 4.297
SPIN 3 4 10 7 1.122 -0.580 -5.780
SPIN 3 4 10 8 3.750 4.494 -0.859
SPIN 3 4 10 9 4.142 3.554 2.283
SPIN 3 4 10 10 -2.910 0.283 -5.143
SPIN 3 4 10 11 0.281 -5.538 2.062
SPIN 3 4 10 12 1.612 3.251 -4.673
SPIN 3 4 10 13 2.129 -5.262 1.668
SPIN 3 4 10 14 -1.678 1.088 -5.568
SPIN 3 4 10 15 2.853 -5.075 1.052
SPIN 2 4 10 0 -0.008 -5.147 2.917
SPIN 2 4 10 1 -3.004 4.173 -2.926
SPIN 2 4 10 2 4.706 3.022 1.929
SPIN 2 4 10 3 -5.648 -0.699 -1.616
SPIN 2 4 10 4 1.178 -5.514 -1.793
SPIN 2 4 10 5 -1.169 -2.784 5.088
SPIN 2 4 10 6 0.510 -5.674 -1.596
SPIN 2 4 10 7 -5.111 -1.507 -2.571
SPIN 2 4 10 8 4.914 0.574 3.245
SPIN 2 4 10 9 -0.116 -2.963 -5.120
SPIN 2 4 10 10 0.726 -1.210 5.745
SPIN 2 4 10 11 5.906 0.161 0.314
SPIN 2 4 10 12 -3.643 1.893 4.259
SPIN 2 4 10 13 5.885 -0.513 -0.322
SPIN 2 4 10 14 -1.783 4.205 3.760
SPIN 2 4 10 15 -5.389 -0.971 -2.239
SPIN 3 4 11 0 -3.120 2.246 4.497
SPIN 3 4 11 1 -5.512 -0.906 1.947
SPIN 3 4 11 2 0.977 3.241 -4.852
SPIN 3 4 11 3 2.800 -2.277 4.688
SPIN 3 4 11 4 -2.497 5.358 0.234
SPIN 3 4 11 5 5.327 -2.435 0.831
SPIN 3 4 11 6 2.938 3.991 3.231
SPIN 3 4 11 7 -1.002 5.398 2.205
SPIN 3 4 11 8 4.237 -3.156 -2.663
SPIN 3 4 11 9 -0.163 5.881 -0.623
SPIN 3 4 11 10 -5.812 0.829 0.731
SPIN 3 4 11 11 -0.761 -1.927 -5.541
SPIN 3 4 11 12 -0.265 -1.158 5.796
SPIN 3 4 11 13 1.199 -2.373 -5.285
SPIN 3 4 11 14 -2.559 2.449 4.739
SPIN 3 4 11 15 0.300 -3.234 4.945
SPIN 2 4 11 0 1.127 -1.642 -5.571
SPIN 2 4 11 1 -5.741 -0.116 1.423
SPIN 2 4 11 2 -1.365 -5.676 -0.960
SPIN 2 4 11 3 -1.963 1.826 5.274
SPIN 2 4 11 4 -0.798 -2.316 -5.385
SPIN 2 4 11 5 1.635 -2.076 -5.293
SPIN 2 4 11 6 -5.393 -2.418 -0.267
SPIN 2 4 11 7 2.546 4.678 -2.575
SPIN 2 4 11 8 -4.627 3.141 -1.929
SPIN 2 4 11 9 -0.970 0.019 -5.836
SPIN 2 4 11 10 -5.773 -0.998 0.819
SPIN 2 4 11 11 -5.223 0.904 2.627
SPIN 2 4 11 12 -5.734 0.419 -1.397
SPIN 2 4 11 13 -0.881 5.114 -2.840
SPIN 2 4 11 14 4.117 -3.900 -1.684
SPIN 2 4 11 15 4.312 3.122 2.580
SPIN 3 4 12 0 -4.039 4.205 -1.005
SPIN 3 4 12 1 3.918 -1.753 4.071
SPIN 3 4 12 2 -2.616 2.314 -4.775
SPIN 3 4 12 3 -4.061 2.226 3.682
SPIN 3 4 12 4 -2.817 -0.651 -5.162
SPIN 3 4 12 5 5.661 1.629 0.545
SPIN 3 4 12 6 -5.221 2.334 -1.516
SPIN 3 4 12 7 0.993 -5.557 1.772
SPIN 3 4 12 8 2.651 5.288 -0.051
SPIN 3 4 12 9 4.694 1.791 -3.124
SPIN 3 4 12 10 -2.888 2.321 4.612
SPIN 3 4 12 11 4.777 -2.111 -2.779
SPIN 3 4 12 12 -1.524 3.470 4.543
SPIN 3 4 12 13 3.085 -3.799 -3.324
SPIN 3 4 12 14 4.504 3.663 1.138
SPIN 3 4 12 15 -5.889 0.221 -0.521
SPIN 2 4 12 0 0.179 1.087 5.813
SPIN 2 4 12 1 -0.336 5.809 1.067
SPIN 2 4 12 2 -3.123 -4.388 2.447
SPIN 2 4 12 3 1.594 -1.967 -5.347
SPIN 2 4 12 4 0.000 2.903 5.155
SPIN 2 4 12 5 0.908 -4.212 4.054
SPIN 2 4 12 6 0.092 5.737 1.441
SPIN 2 4 12 7 0.693 -5.698 1.432
SPIN 2 4 12 8 5.844 -0.896 0.211
SPIN 2 4 12 9 -1.029 -4.026 -4.211
SPIN 2 4 12 10 0.849 -3.777 4.474
SPIN 2 4 12 11 -3.710 1.993 -4.154
SPIN 2 4 12 12 3.956 -0.367 4.384
SPIN 2 4 12 13 3.806 -0.465 4.506
SPIN 2 4 12 14 -5.211 0.145 2.798
SPIN 2 4 12 15 -3.281 0.836 4.851
SPIN 3 4 13 0 4.373 2.569 3.045
SPIN 3 4 13 1 -1.304 5.613 -1.339
SPIN 3 4 13 2 -1.847 5.572 0.735
SPIN 3 4 13 3 3.212 1.980 4.557
SPIN 3 4 13 4 1.625 3.042 4.807
SPIN 3 4 13 5 -1.953 -5.582 0.162
SPIN 3 4 13 6 -2.012 -5.327 -1.606
SPIN 3 4 13 7 -5.212 -1.930 -2.028
SPIN 3 4 13 8 0.206 4.732 -3.544
SPIN 3 4 13 9 1.258 2.579 5.174
SPIN 3 4 13 10 3.385 3.035 -3.785
SPIN 3 4 13 11 4.931 -1.181 3.049
SPIN 3 4 13 12 -2.548 4.039 -3.492
SPIN 3 4 13 13 3.408 -4.516 -1.730
SPIN 3 4 13 14 -2.962 -5.120 0.113
SPIN 3 4 13 15 -1.835 0.877 -5.555
SPIN 2 4 13 0 2.440 0.377 5.376
SPIN 2 4 13 1 -3.881 4.191 1.541
SPIN 2 4 13 2 5.030 1.589 2.677
SPIN 2 4 13 3 -4.298 3.719 -1.642
SPIN 2 4 13 4 -4.446 -3.689 1.276
SPIN 2 4 13 5 -1.524 -2.079 -5.325
SPIN 2 4 13 6 2.337 -5.276 1.304
SPIN 2 4 13 7 -2.645 -1.656 -5.026
SPIN 2 4 13 8 -5.087 -0.202 3.014
SPIN 2 4 13 9 5.424 0.650 2.271
SPIN 2 4 13 10 -0.558 -3.411 -4.801
SPIN 2 4 13 11 -1.665 5.349 -1.902
SPIN 2 4 13 12 2.463 -4.789 2.450
SPIN 2 4 13 13 -4.975 -2.822 -1.511
SPIN 2 4 13 14 3.524 3.164 3.546
SPIN 2 4 13 15 3.309 -4.617 -1.652
SPIN 3 4 14 0 1.330 1.945 -5.426
SPIN 3 4 14 1 -5.730 0.011 1.473
SPIN 3 4 14 2 4.006 4.289 0.750
SPIN 3 4 14 3 4.153 0.729 -4.150
SPIN 3 4 14 4 -1.221 -4.791 3.249
SPIN 3 4 14 5 -0.514 4.806 -3.411
SPIN 3 4 14 6 -0.098 0.318 5.907
SPIN 3 4 14 7 5.873 -0.025 -0.712
SPIN 3 4 14 8 -1.861 -5.237 2.026
SPIN 3 4 14 9 -4.165 -3.932 1.480
SPIN 3 4 14 10 -2.227 2.950 4.619
SPIN 3 4 14 11 -0.706 -0.540 -5.849
SPIN 3 4 14 12 1.910 -4.763 2.944
SPIN 3 4 14 13 4.672 -0.450 3.602
SPIN 3 4 14 14 5.321 2.539 -0.487
SPIN 3 4 14 15 -4.626 -3.651 0.520
SPIN 2 4 14 0 -0.226 -3.791 -4.536
SPIN 2 4 14 1 -5.003 -1.911 2.513
SPIN 2 4 14 2 -1.093 -4.966 3.023
SPIN 2 4 14 3 -5.406 2.353 -0.487
SPIN 2 4 14 4 3.631 3.952 2.489
SPIN 2 4 14 5 -3.056 5.062 0.203
SPIN 2 4 14 6 2.173 5.428 -0.900
SPIN 2 4 14 7 -1.167 -5.772 0.569
SPIN 2 4 14 8 3.027 -4.363 -2.608
SPIN 2 4 14 9 -1.107 5.099 2.789
SPIN 2 4 14 10 5.725 -0.175 1.480
SPIN 2 4 14 11 -5.416 -2.381 0.028
SPIN 2 4 14 12 2.005 5.310 -1.668
SPIN 2 4 14 13 3.115 -3.770 3.330
SPIN 2 4 14 14 -4.142 2.950 -3.025
SPIN 2 4 14 15 -1.222 3.468 4.635
SPIN 3 4 15 0 -2.134 5.335 -1.409
SPIN 3 4 15 1 4.956 3.198 -0.459
SPIN 3 4 15 2 1.957 -4.362 3.484
SPIN 3 4 15 3 -1.484 -5.581 1.284
SPIN 3 4 15 4 2.186 2.649 -4.817
SPIN 3 4 15 5 -3.560 -4.268 2.028
SPIN 3 4 15 6 5.101 2.669 1.363
SPIN 3 4 15 7 4.471 3.606 1.417
SPIN 3 4 15 8 -2.576 -5.315 0.338
SPIN 3 4 15 9 4.389 3.957 -0.276
SPIN 3 4 15 10 1.003 -4.996 -3.006
SPIN 3 4 15 11 5.846 0.906 -0.032
SPIN 3 4 15 12 -2.119 -3.356 -4.387
SPIN 3 4 15 13 1.740 5.581 0.907
SPIN 3 4 15 14 -4.880 -3.345 0.034
SPIN 3 4 15 15 0.430 4.675 3.600
SPIN 2 4 15 0 -4.724 -2.853 2.131
SPIN 2 4 15 1 3.778 -0.169 4.550
SPIN 2 4 15 2 -5.198 -1.754 -2.214
SPIN 2 4 15 3 3.451 -3.244 3.545
SPIN 2 4 15 4 -1.103 4.573 3.588
SPIN 2 4 15 5 -5.713 -1.036 -1.135
SPIN 2 4 15 6 -0.221 -1.954 -5.580
SPIN 2 4 15 7 -3.180 -4.234 2.638
SPIN 2 4 15 8 2.378 2.836 -4.616
SPIN 2 4 15 9 -1.725 -2.186 5.220
SPIN 2 4 15 10 -4.156 -2.444 -3.428
SPIN 2 4 15 11 -3.750 3.993 2.235
SPIN 2 4 15 12 1.235 -4.145 4.037
SPIN 2 4 15 13 -5.390 2.194 -1.067
SPIN 2 4 15 14 4.616 1.934 3.154
SPIN 2 4 15 15 1.157 3.569 4.574
SPIN 1 5 0 0 5.906 -0.330 0.109
SPIN 1 5 0 1 -4.245 3.325 -2.434
SPIN 1 5 0 2 3.664 4.569 0.838
SPIN 1 5 0 3 -4.868 -2.972 -1.570
SPIN 1 5 0 4 1.702 3.319 -4.592
SPIN 1 5 0 5 -0.595 -4.949 -3.187
SPIN 1 5 0 6 3.098 1.155 4.906
SPIN 1 5 0 7 -4.079 1.668 3.947
SPIN 1 5 0 8 -5.706 1.455 -0.570
SPIN 1 5 0 9 5.514 -0.854 1.965
SPIN 1 5 0 10 -4.822 -3.300 0.928
SPIN 1 5 0 11 2.124 -0.375 5.509
SPIN 1 5 0 12 -0.469 -5.408 2.352
SPIN 1 5 0 13 1.221 5.023 2.878
SPIN 1 5 0 14 4.104 -4.129 1.053
SPIN 1 5 0 15 0.255 -0.740 -5.864
SPIN 4 5 0 0 -0.401 -1.541 -5.698
SPIN 4 5 0 1 5.308 2.340 -1.160
SPIN 4 5 0 2 -0.706 -1.328 -5.722
SPIN 4 5 0 3 1.070 -0.616 5.786
SPIN 4 5 0 4 5.010 2.948 1.098
SPIN 4 5 0 5 -2.721 4.407 2.860
SPIN 4 5 0 6 0.529 0.912 -5.821
SPIN 4 5 0 7 5.185 0.615 2.782
SPIN 4 5 0 8 -5.039 2.035 -2.337
SPIN 4 5 0 9 -1.541 3.999 -4.078
SPIN 4 5 0 10 3.187 1.288 -4.815
SPIN 4 5 0 11 -5.565 -1.086 1.687
SPIN 4 5 0 12 3.958 -4.087 1.622
SPIN 4 5 0 13 -0.632 -3.201 -4.935
SPIN 4 5 0 14 -2.575 -4.647 -2.603
SPIN 4 5 0 15 5.501 2.172 0.121
SPIN 1 5 1 0 1.703 1.811 5.368
SPIN 1 5 1 1 1.678 -0.785 -5.619
SPIN 1 5 1 2 -4.854 -2.258 -2.517
SPIN 1 5 1 3 0.482 -5.306 2.572
SPIN 1 5 1 4 0.887 4.265 -4.003
SPIN 1 5 1 5 -5.773 -0.557 -1.165
SPIN 1 5 1 6 2.567 -5.272 -0.788
SPIN 1 5 1 7 5.798 1.112 0.386
SPIN 1 5 1 8 -4.882 -2.331 -2.394
SPIN 1 5 1 9 1.197 -5.328 2.277
SPIN 1 5 1 10 -5.429 -1.083 -2.087
SPIN 1 5 1 11 -0.542 -3.632 4.639
SPIN 1 5 1 12 1.042 -2.930 -5.033
SPIN 1 5 1 13 3.658 -3.412 3.158
SPIN 1 5 1 14 -1.683 2.710 -4.982
SPIN 1 5 1 15 4.054 3.458 2.570
SPIN 4 5 1 0 0.399 1.127 -5.794
SPIN 4 5 1 1 -0.279 -1.896 5.597
SPIN 4 5 1 2 5.263 -2.525 0.962
SPIN 4 5 1 3 -0.196 4.767 3.499
SPIN 4 5 1 4 -2.589 -5.160 -1.293
SPIN 4 5 1 5 -5.244 1.734 -2.119
SPIN 4 5 1 6 5.584 1.518 1.231
SPIN 4 5 1 7 -3.596 4.598 0.965
SPIN 4 5 1 8 2.136 -4.204 -3.573
SPIN 4 5 1 9 -2.383 -2.124 4.981
SPIN 4 5 1 10 3.633 -4.581 -0.902
SPIN 4 5 1 11 1.289 2.445 -5.231
SPIN 4 5 1 12 -5.483 0.145 2.217
SPIN 4 5 1 13 -1.467 4.460 3.600
SPIN 4 5 1 14 -3.704 0.824 -4.539
SPIN 4 5 1 15 -3.868 -4.391 -0.871
SPIN 1 5 2 0 0.427 4.934 3.236
SPIN 1 5 2 1 0.828 -0.167 5.855
SPIN 1 5 2 2 0.709 -0.262 -5.868
SPIN 1 5 2 3 4.919 3.268 0.350
SPIN 1 5 2 4 -4.934 -1.726 2.771
SPIN 1 5 2 5 1.255 4.602 3.500
SPIN 1 5 2 6 -5.380 -2.114 1.258
SPIN 1 5 2 7 4.768 -3.274 1.244
SPIN 1 5 2 8 4.600 3.545 1.127
SPIN 1 5 2 9 -2.261 2.893 -4.639
SPIN 1 5 2 10 5.424 -1.623 1.717
SPIN 1 5 2 11 1.536 -5.298 -2.137
SPIN 1 5 2 12 5.201 1.619 2.308
SPIN 1 5 2 13 -2.493 -4.976 -2.007
SPIN 1 5 2 14 4.758 2.942 1.925
SPIN 1 5 2 15 -2.272 0.913 -5.385
SPIN 4 5 2 0 5.528 -2.103 -0.121
SPIN 4 5 2 1 -0.947 4.630 -3.559
SPIN 4 5 2 2 -4.859 -3.159 -1.191
SPIN 4 5 2 3 0.750 -5.053 2.984
SPIN 4 5 2 4 3.716 2.163 -4.063
SPIN 4 5 2 5 3.520 0.620 -4.715
SPIN 4 5 2 6 -4.549 0.720 -3.713
SPIN 4 5 2 7 5.221 -0.667 -2.702
SPIN 4 5 2 8 -4.268 3.173 -2.591
SPIN 4 5 2 9 3.110 -2.076 4.585
SPIN 4 5 2 10 -2.233 4.726 2.770
SPIN 4 5 2 11 -0.846 -0.674 5.816
SPIN 4 5 2 12 5.400 -1.132 -2.135
SPIN 4 5 2 13 3.738 -4.584 0.141
SPIN 4 5 2 14 -3.415 -3.603 3.218
SPIN 4 5 2 15 4.123 3.342 -2.613
SPIN 1 5 3 0 4.488 -3.795 0.677
SPIN 1 5 3 1 4.190 -2.482 3.360
SPIN 1 5 3 2 -0.772 2.271 -5.408
SPIN 1 5 3 3 2.500 2.080 4.942
SPIN 1 5 3 4 4.158 2.506 -3.380
SPIN 1 5 3 5 -4.680 -3.289 1.510
SPIN 1 5 3 6 -2.346 -4.165 -3.485
SPIN 1 5 3 7 -4.796 2.705 -2.165
SPIN 1 5 3 8 3.232 0.972 4.859
SPIN 1 5 3 9 -3.649 -4.566 -0.914
SPIN 1 5 3 10 4.659 -3.477 -1.099
SPIN 1 5 3 11 -2.864 3.557 -3.760
SPIN 1 5 3 12 2.848 -5.020 -1.302
SPIN 1 5 3 13 -5.801 -1.115 -0.319
SPIN 1 5 3 14 2.985 5.098 0.318
SPIN 1 5 3 15 -4.202 1.135 4.006
SPIN 4 5 3 0 1.124 4.686 3.432
SPIN 4 5 3 1 -1.501 -2.203 -5.281
SPIN 4 5 3 2 3.671 -4.550 0.905
SPIN 4 5 3 3 -1.427 5.691 0.760
SPIN 4 5 3 4 3.498 -1.604 4.493
SPIN 4 5 3 5 -5.528 -0.408 -2.069
SPIN 4 5 3 6 -2.609 0.120 5.309
SPIN 4 5 3 7 2.599 -1.919 4.956
SPIN 4 5 3 8 3.623 -4.619 0.732
SPIN 4 5 3 9 -4.228 4.063 -0.786
SPIN 4 5 3 10 -4.302 -2.583 3.134
SPIN 4 5 3 11 2.191 1.404 5.313
SPIN 4 5 3 12 -1.753 0.216 5.646
SPIN 4 5 3 13 2.228 -5.310 1.356
SPIN 4 5 3 14 1.264 -5.499 1.779
SPIN 4 5 3 15 -4.942 -1.493 2.889
SPIN 1 5 4 0 -2.944 0.188 -5.128
SPIN 1 5 4 1 -0.424 4.349 -3.988
SPIN 1 5 4 2 -1.348 5.689 0.905
SPIN 1 5 4 3 3.477 0.288 -4.778
SPIN 1 5 4 4 -1.296 -5.759 -0.399
SPIN 1 5 4 5 3.821 4.440 -0.828
SPIN 1 5 4 6 -2.484 -4.453 3.001
SPIN 1 5 4 7 2.430 4.107 3.497
SPIN 1 5 4 8 -3.273 3.445 -3.525
SPIN 1 5 4 9 3.640 4.006 2.388
SPIN 1 5 4 10 1.666 -0.019 5.677
SPIN 1 5 4 11 4.376 -1.230 3.786
SPIN 1 5 4 12 -2.434 4.810 2.437
SPIN 1 5 4 13 -4.426 1.589 -3.590
SPIN 1 5 4 14 -5.010 -2.846 1.343
SPIN 1 5 4 15 -2.453 5.307 0.905
SPIN 4 5 4 0 0.298 5.302 -2.607
SPIN 4 5 4 1 0.573 -5.489 2.131
SPIN 4 5 4 2 4.424 -0.380 3.909
SPIN 4 5 4 3 -5.205 -2.812 0.016
SPIN 4 5 4 4 0.882 3.215 -4.887
SPIN 4 5 4 5 0.996 3.423 4.721
SPIN 4 5 4 6 3.523 3.493 -3.222
SPIN 4 5 4 7 -1.800 1.274 5.490
SPIN 4 5 4 8 0.397 0.567 -5.875
SPIN 4 5 4 9 0.938 2.408 5.322
SPIN 4 5 4 10 5.745 1.084 -0.903
SPIN 4 5 4 11 -5.603 1.869 -0.336
SPIN 4 5 4 12 4.164 -3.350 -2.537
SPIN 4 5 4 13 4.334 -0.172 4.024
SPIN 4 5 4 14 1.124 -3.028 4.956
SPIN 4 5 4 15 0.052 -3.524 4.752
SPIN 1 5 5 0 0.385 0.308 -5.895
SPIN 1 5 5 1 4.463 -3.700 1.180
SPIN 1 5 5 2 1.797 -4.647 -3.190
SPIN 1 5 5 3 1.273 5.022 2.857
SPIN 1 5 5 4 4.076 -0.961 4.179
SPIN 1 5 5 5 -2.287 5.384 0.884
SPIN 1 5 5 6 -2.441 -4.577 -2.844
SPIN 1 5 5 7 -0.110 5.899 -0.440
SPIN 1 5 5 8 2.166 -0.070 5.505
SPIN 1 5 5 9 -4.300 1.537 -3.761
SPIN 1 5 5 10 -4.479 3.479 -1.686
SPIN 1 5 5 11 -3.137 -3.302 3.775
SPIN 1 5 5 12 4.540 3.780 -0.310
SPIN 1 5 5 13 -5.732 0.570 -1.347
SPIN 1 5 5 14 2.458 0.679 5.338
SPIN 1 5 5 15 -3.569 4.227 -2.096
SPIN 4 5 5 0 5.841 0.907 -0.235
SPIN 4 5 5 1 -5.684 -0.192 1.629
SPIN 4 5 5 2 1.466 3.564 -4.489
SPIN 4 5 5 3 5.815 -0.157 1.075
SPIN 4 5 5 4 3.681 -4.621 0.307
SPIN 4 5 5 5 -3.080 0.011 -5.051
SPIN 4 5 5 6 2.886 3.069 4.154
SPIN 4 5 5 7 2.407 -5.299 -1.060
SPIN 4 5 5 8 0.238 5.909 0.165
SPIN 4 5 5 9 5.234 -1.600 -2.247
SPIN 4 5 5 10 -2.364 -4.015 -3.645
SPIN 4 5 5 11 0.895 4.660 -3.533
SPIN 4 5 5 12 -4.038 -1.265 4.134
SPIN 4 5 5 13 -2.591 4.476 -2.873
SPIN 4 5 5 14 4.969 2.459 2.064
SPIN 4 5 5 15 -3.390 4.447 -1.932
SPIN 1 5 6 0 -0.661 2.128 5.480
SPIN 1 5 6 1 3.252 4.173 2.648
SPIN 1 5 6 2 -1.875 5.513 -1.048
SPIN 1 5 6 3 3.066 -4.909 -1.226
SPIN 1 5 6 4 -0.896 -4.600 -3.611
SPIN 1 5 6 5 3.776 -4.553 0.082
SPIN 1 5 6 6 3.126 -1.245 4.866
SPIN 1 5 6 7 -5.903 -0.206 0.339
SPIN 1 5 6 8 1.690 -2.650 -5.012
SPIN 1 5 6 9 4.980 -2.995 1.106
SPIN 1 5 6 10 -2.517 -2.306 4.832
SPIN 1 5 6 11 -4.134 0.145 -4.229
SPIN 1 5 6 12 -2.096 -4.579 3.105
SPIN 1 5 6 13 3.392 3.649 -3.191
SPIN 1 5 6 14 -4.945 0.327 3.231
SPIN 1 5 6 15 5.762 -1.150 0.689
SPIN 4 5 6 0 0.104 5.517 2.135
SPIN 4 5 6 1 4.650 1.590 3.293
SPIN 4 5 6 2 -5.656 0.123 -1.731
SPIN 4 5 6 3 0.683 -2.948 5.084
SPIN 4 5 6 4 -4.506 0.131 -3.832
SPIN 4 5 6 5 2.729 -1.967 -4.867
SPIN 4 5 6 6 -4.708 2.827 -2.200
SPIN 4 5 6 7 -3.033 0.961 -4.988
SPIN 4 5 6 8 -4.060 -0.423 4.283
SPIN 4 5 6 9 -4.236 3.125 2.700
SPIN 4 5 6 10 -0.271 -3.778 -4.544
SPIN 4 5 6 11 2.883 5.063 -1.024
SPIN 4 5 6 12 1.877 2.590 -4.977
SPIN 4 5 6 13 0.659 -5.655 -1.608
SPIN 4 5 6 14 1.785 5.638 0.172
SPIN 4 5 6 15 4.018 -3.539 2.517
SPIN 1 5 7 0 -2.286 4.948 2.301
SPIN 1 5 7 1 -5.227 -1.818 -2.091
SPIN 1 5 7 2 3.419 -4.166 -2.440
SPIN 1 5 7 3 4.521 -2.248 3.084
SPIN 1 5 7 4 -1.315 -5.518 1.680
SPIN 1 5 7 5 3.072 -3.197 3.917
SPIN 1 5 7 6 -3.383 -2.077 -4.387
SPIN 1 5 7 7 5.723 -1.025 1.097
SPIN 1 5 7 8 1.627 -4.784 -3.077
SPIN 1 5 7 9 2.152 4.904 -2.515
SPIN 1 5 7 10 -3.766 -2.659 -3.707
SPIN 1 5 7 11 -0.056 -1.624 5.689
SPIN 1 5 7 12 -2.589 3.777 3.745
SPIN 1 5 7 13 5.091 -2.822 -1.058
SPIN 1 5 7 14 -4.594 -2.871 2.378
SPIN 1 5 7 15 3.171 1.730 -4.685
SPIN 4 5 7 0 3.334 -4.156 2.571
SPIN 4 5 7 1 -2.143 -5.513 0.121
SPIN 4 5 7 2 3.329 4.612 1.625
SPIN 4 5 7 3 -3.057 2.623 -4.333
SPIN 4 5 7 4 5.680 -0.545 -1.561
SPIN 4 5 7 5 -3.049 -0.712 5.019
SPIN 4 5 7 6 4.611 1.505 -3.388
SPIN 4 5 7 7 -3.243 -3.570 3.426
SPIN 4 5 7 8 -0.679 5.621 -1.716
SPIN 4 5 7 9 0.320 -3.874 -4.460
SPIN 4 5 7 10 -0.664 5.878 0.101
SPIN 4 5 7 11 3.771 -4.418 1.124
SPIN 4 5 7 12 -5.263 -0.804 -2.579
SPIN 4 5 7 13 1.829 -4.805 2.928
SPIN 4 5 7 14 0.222 -5.833 0.962
SPIN 4 5 7 15 -2.419 -4.865 -2.341
SPIN 1 5 8 0 -4.080 -2.348 -3.583
SPIN 1 5 8 1 0.063 1.391 5.750
SPIN 1 5 8 2 -3.222 1.990 4.545
SPIN 1 5 8 3 2.606 -3.652 3.856
SPIN 1 5 8 4 0.713 2.491 -5.319
SPIN 1 5 8 5 -5.822 1.038 0.154
SPIN 1 5 8 6 1.610 5.051 -2.627
SPIN 1 5 8 7 3.015 -4.437 -2.495
SPIN 1 5 8 8 -1.925 0.601 -5.562
SPIN 1 5 8 9 -2.478 -1.262 -5.222
SPIN 1 5 8 10 1.054 -0.465 5.803
SPIN 1 5 8 11 1.869 3.011 -4.737
SPIN 1 5 8 12 4.316 -3.043 -2.666
SPIN 1 5 8 13 -5.271 2.426 1.152
SPIN 1 5 8 14 1.037 1.466 -5.637
SPIN 1 5 8 15 1.593 0.881 5.629
SPIN 4 5 8 0 -0.009 4.919 -3.287
SPIN 4 5 8 1 5.369 0.976 -2.284
SPIN 4 5 8 2 -4.321 -0.131 -4.038
SPIN 4 5 8 3 5.582 1.357 1.413
SPIN 4 5 8 4 -4.326 3.924 -0.940
SPIN 4 5 8 5 3.040 -5.072 0.187
SPIN 4 5 8 6 3.952 1.797 -4.019
SPIN 4 5 8 7 -4.956 -1.259 -2.975
SPIN 4 5 8 8 -4.056 1.348 -4.090
SPIN 4 5 8 9 -3.260 3.664 3.309
SPIN 4 5 8 10 5.438 1.730 -1.562
SPIN 4 5 8 11 -3.087 0.590 -5.012
SPIN 4 5 8 12 -3.518 0.073 4.756
SPIN 4 5 8 13 4.206 -3.876 1.513
SPIN 4 5 8 14 -2.550 -3.693 3.855
SPIN 4 5 8 15 2.959 4.976 -1.221
SPIN 1 5 9 0 4.635 -2.773 2.414
SPIN 1 5 9 1 -1.915 3.791 4.118
SPIN 1 5 9 2 -2.796 3.666 -3.707
SPIN 1 5 9 3 -5.493 -2.098 0.654
SPIN 1 5 9 4 -3.069 -2.581 4.350
SPIN 1 5 9 5 2.875 5.058 -1.075
SPIN 1 5 9 6 -0.265 -0.294 -5.903
SPIN 1 5 9 7 -1.778 -5.637 0.261
SPIN 1 5 9 8 0.470 -5.819 -0.960
SPIN 1 5 9 9 1.482 -3.613 4.444
SPIN 1 5 9 10 -3.915 -3.030 -3.239
SPIN 1 5 9 11 5.711 -0.989 1.186
SPIN 1 5 9 12 -4.057 -0.174 4.302
SPIN 1 5 9 13 1.201 -5.483 -1.871
SPIN 1 5 9 14 5.109 -2.980 0.116
SPIN 1 5 9 15 -4.126 2.498 3.426
SPIN 4 5 9 0 2.923 1.759 4.833
SPIN 4 5 9 1 -1.067 -5.680 1.264
SPIN 4 5 9 2 3.197 2.970 -3.995
SPIN 4 5 9 3 2.490 -5.285 0.929
SPIN 4 5 9 4 5.070 -0.043 -3.048
SPIN 4 5 9 5 -3.744 4.574 -0.251
SPIN 4 5 9 6 -5.664 -0.041 1.708
SPIN 4 5 9 7 -0.365 -1.520 -5.706
SPIN 4 5 9 8 -3.278 2.468 4.262
SPIN 4 5 9 9 -3.430 -4.811 0.292
SPIN 4 5 9 10 3.887 0.138 4.458
SPIN 4 5 9 11 -5.495 1.385 -1.699
SPIN 4 5 9 12 -2.104 -5.412 1.133
SPIN 4 5 9 13 -2.253 4.871 -2.489
SPIN 4 5 9 14 3.414 -0.792 4.766
SPIN 4 5 9 15 -3.971 -0.273 -4.377
SPIN 1 5 10 0 -4.770 -0.621 3.444
SPIN 1 5 10 1 -3.558 -1.994 -4.285
SPIN 1 5 10 2 -0.863 -5.707 -1.299
SPIN 1 5 10 3 3.964 4.317 0.806
SPIN 1 5 10 4 -1.493 5.404 -1.888
SPIN 1 5 10 5 0.863 -2.707 -5.189
SPIN 1 5 10 6 4.045 -3.115 -2.989
SPIN 1 5 10 7 -1.980 5.539 0.627
SPIN 1 5 10 8 2.008 -5.016 -2.410
SPIN 1 5 10 9 -5.671 1.650 -0.339
SPIN 1 5 10 10 3.866 -0.462 -4.455
SPIN 1 5 10 11 -1.320 -2.254 -5.308
SPIN 1 5 10 12 4.689 -3.069 -1.896
SPIN 1 5 10 13 1.608 2.549 5.091
SPIN 1 5 10 14 -1.641 -4.514 -3.453
SPIN 1 5 10 15 1.618 3.542 4.453
SPIN 4 5 10 0 -3.140 -2.340 -4.435
SPIN 4 5 10 1 4.083 -0.105 4.280
SPIN 4 5 10 2 1.672 4.225 -3.788
SPIN 4 5 10 3 -1.009 5.462 2.037
SPIN 4 5 10 4 -0.438 -5.089 -2.985
SPIN 4 5 10 5 -5.458 -2.018 -1.067
SPIN 4 5 10 6 0.449 -1.199 -5.776
SPIN 4 5 10 7 0.842 -5.850 0.266
SPIN 4 5 10 8 3.276 4.886 -0.627
SPIN 4 5 10 9 0.667 0.207 -5.875
SPIN 4 5 10 10 -1.157 2.808 -5.077
SPIN 4 5 10 11 1.511 -5.719 -0.055
SPIN 4 5 10 12 -3.931 4.294 -1.054
SPIN 4 5 10 13 2.865 2.797 4.356
SPIN 4 5 10 14 -0.207 -4.253 -4.107
SPIN 4 5 10 15 0.478 5.353 -2.472
SPIN 1 5 11 0 4.188 3.953 -1.354
SPIN 1 5 11 1 0.867 -4.909 -3.186
SPIN 1 5 11 2 -1.581 -1.900 5.375
SPIN 1 5 11 3 2.243 -3.328 -4.347
SPIN 1 5 11 4 1.604 2.375 5.176
SPIN 1 5 11 5 -0.124 4.671 -3.628
SPIN 1 5 11 6 -4.131 -2.219 -3.607
SPIN 1 5 11 7 1.046 -2.968 -5.010
SPIN 1 5 11 8 -4.248 1.309 3.904
SPIN 1 5 11 9 -1.240 -4.473 3.668
SPIN 1 5 11 10 4.492 1.836 -3.384
SPIN 1 5 11 11 -4.826 -1.932 2.825
SPIN 1 5 11 12 0.353 -5.102 -2.975
SPIN 1 5 11 13 -4.908 3.274 -0.441
SPIN 1 5 11 14 5.554 -2.018 -0.293
SPIN 1 5 11 15 -2.091 0.390 5.521
SPIN 4 5 11 0 2.574 -2.721 4.579
SPIN 4 5 11 1 -5.807 0.610 -0.955
SPIN 4 5 11 2 4.248 2.544 -3.237
SPIN 4 5 11 3 -4.534 0.555 -3.759
SPIN 4 5 11 4 -2.147 -5.175 -1.900
SPIN 4 5 11 5 -0.531 1.319 -5.743
SPIN 4 5 11 6 -2.222 -4.630 2.938
SPIN 4 5 11 7 2.616 5.306 -0.006
SPIN 4 5 11 8 -1.507 5.721 -0.059
SPIN 4 5 11 9 0.366 -5.304 2.594
SPIN 4 5 11 10 2.345 1.282 5.278
SPIN 4 5 11 11 4.972 -2.754 1.642
SPIN 4 5 11 12 -0.164 5.859 0.803
SPIN 4 5 11 13 -3.301 4.884 0.500
SPIN 4 5 11 14 2.952 -2.136 4.661
SPIN 4 5 11 15 -0.843 -5.844 0.374
SPIN 1 5 12 0 3.590 -4.560 1.151
SPIN 1 5 12 1 -4.103 -4.082 1.225
SPIN 1 5 12 2 5.398 1.554 -1.856
SPIN 1 5 12 3 -1.627 -2.915 4.884
SPIN 1 5 12 4 -0.022 -3.593 -4.700
SPIN 1 5 12 5 -5.671 0.559 1.591
SPIN 1 5 12 6 0.161 0.486 5.894
SPIN 1 5 12 7 0.558 3.130 -4.989
SPIN 1 5 12 8 3.531 -4.427 1.712
SPIN 1 5 12 9 -2.035 -3.076 -4.625
SPIN 1 5 12 10 -4.564 1.548 -3.432
SPIN 1 5 12 11 -0.547 -5.537 2.010
SPIN 1 5 12 12 -2.590 4.460 -2.898
SPIN 1 5 12 13 0.352 4.960 -3.205
SPIN 1 5 12 14 -2.055 -5.376 -1.370
SPIN 1 5 12 15 -4.015 2.059 3.826
SPIN 4 5 12 0 3.840 -3.354 3.000
SPIN 4 5 12 1 3.654 4.371 -1.595
SPIN 4 5 12 2 -4.123 -4.157 0.852
SPIN 4 5 12 3 5.888 -0.578 -0.031
SPIN 4 5 12 4 5.376 -1.333 2.079
SPIN 4 5 12 5 4.985 -3.185 0.063
SPIN 4 5 12 6 -3.925 0.011 4.427
SPIN 4 5 12 7 1.758 4.511 3.400
SPIN 4 5 12 8 3.816 -2.976 3.403
SPIN 4 5 12 9 -0.724 3.878 -4.409
SPIN 4 5 12 10 3.552 -0.293 -4.722
SPIN 4 5 12 11 -0.469 -5.503 2.121
SPIN 4 5 12 12 3.225 4.320 2.436
SPIN 4 5 12 13 -5.375 -0.162 2.467
SPIN 4 5 12 14 3.760 -3.396 -3.055
SPIN 4 5 12 15 -4.851 2.865 -1.805
SPIN 1 5 13 0 -4.269 -3.950 1.084
SPIN 1 5 13 1 -0.648 0.534 -5.856
SPIN 1 5 13 2 -0.863 -2.220 5.415
SPIN 1 5 13 3 -4.083 4.177 -0.938
SPIN 1 5 13 4 3.880 -4.171 1.595
SPIN 1 5 13 5 -4.664 2.494 -2.651
SPIN 1 5 13 6 1.444 -2.424 -5.200
SPIN 1 5 13 7 -0.031 -0.938 5.841
SPIN 1 5 13 8 -1.499 2.459 -5.168
SPIN 1 5 13 9 -0.435 0.185 5.897
SPIN 1 5 13 10 5.226 2.316 1.527
SPIN 1 5 13 11 -2.330 2.604 4.774
SPIN 1 5 13 12 1.596 -5.343 -1.976
SPIN 1 5 13 13 0.156 0.733 5.868
SPIN 1 5 13 14 -2.164 -5.089 -2.103
SPIN 1 5 13 15 2.362 -5.086 1.884
SPIN 4 5 13 0 -5.537 1.768 -1.100
SPIN 4 5 13 1 4.113 -4.166 -0.853
SPIN 4 5 13 2 -1.525 -5.683 -0.614
SPIN 4 5 13 3 0.551 4.181 -4.149
SPIN 4 5 13 4 4.390 -3.195 2.350
SPIN 4 5 13 5 1.088 2.458 5.270
SPIN 4 5 13 6 3.940 3.690 2.421
SPIN 4 5 13 7 -5.158 -1.610 -2.409
SPIN 4 5 13 8 4.484 -2.086 -3.247
SPIN 4 5 13 9 1.124 5.711 1.059
SPIN 4 5 13 10 2.036 -2.981 4.687
SPIN 4 5 13 11 -4.210 -1.509 -3.873
SPIN 4 5 13 12 1.059 0.968 -5.739
SPIN 4 5 13 13 5.259 -2.201 -1.579
SPIN 4 5 13 14 1.791 -5.074 -2.458
SPIN 4 5 13 15 -0.997 -1.164 5.714
SPIN 1 5 14 0 2.242 1.099 -5.363
SPIN 1 5 14 1 -4.598 1.354 3.468
SPIN 1 5 14 2 2.411 -4.702 2.660
SPIN 1 5 14 3 0.192 5.603 1.889
SPIN 1 5 14 4 -0.070 -3.192 4.980
SPIN 1 5 14 5 2.549 -5.267 -0.872
SPIN 1 5 14 6 -5.852 0.764 0.414
SPIN 1 5 14 7 4.381 1.773 3.559
SPIN 1 5 14 8 -3.744 -3.627 -2.798
SPIN 1 5 14 9 -4.173 -3.076 -2.850
SPIN 1 5 14 10 4.290 1.468 -3.800
SPIN 1 5 14 11 -1.055 0.361 -5.810
SPIN 1 5 14 12 -3.848 -4.455 0.587
SPIN 1 5 14 13 2.488 -3.734 3.856
SPIN 1 5 14 14 -2.190 4.573 3.047
SPIN 1 5 14 15 0.631 1.765 -5.611
SPIN 4 5 14 0 3.395 -4.770 0.846
SPIN 4 5 14 1 -2.373 1.483 -5.213
SPIN 4 5 14 2 2.976 -4.181 2.944
SPIN 4 5 14 3 -5.893 0.518 -0.021
SPIN 4 5 14 4 -3.864 -3.276 -3.055
SPIN 4 5 14 5 3.137 4.964 -0.717
SPIN 4 5 14 6 -3.825 0.954 -4.412
SPIN 4 5 14 7 -0.093 -3.095 5.041
SPIN 4 5 14 8 2.263 -0.005 -5.466
SPIN 4 5 14 9 -5.765 -1.304 -0.263
SPIN 4 5 14 10 -5.181 -0.027 -2.856
SPIN 4 5 14 11 0.162 4.748 3.526
SPIN 4 5 14 12 -0.214 5.776 -1.263
SPIN 4 5 14 13 -2.699 -5.186 0.905
SPIN 4 5 14 14 1.130 1.922 -5.480
SPIN 4 5 14 15 -2.368 4.765 -2.587
SPIN 1 5 15 0 -4.241 -4.121 0.180
SPIN 1 5 15 1 2.423 2.166 4.943
SPIN 1 5 15 2 -2.706 -0.581 -5.229
SPIN 1 5 15 3 -5.011 0.013 3.144
SPIN 1 5 15 4 0.430 1.425 -5.726
SPIN 1 5 15 5 1.475 -4.569 3.456
SPIN 1 5 15 6 0.478 -5.610 -1.817
SPIN 1 5 15 7 -5.889 -0.437 -0.361
SPIN 1 5 15 8 1.589 1.628 5.461
SPIN 1 5 15 9 -0.779 -5.853 -0.362
SPIN 1 5 15 10 1.098 4.685 -3.441
SPIN 1 5 15 11 2.306 -4.645 2.847
SPIN 1 5 15 12 -2.287 -4.379 3.255
SPIN 1 5 15 13 -1.407 -4.920 2.969
SPIN 1 5 15 14 4.106 -1.333 -4.046
SPIN 1 5 15 15 4.496 1.855 3.368
SPIN 4 5 15 0 -2.563 2.747 -4.570
SPIN 4 5 15 1 -4.285 2.995 2.770
SPIN 4 5 15 2 1.245 3.975 4.201
SPIN 4 5 15 3 -4.947 1.237 -2.999
SPIN 4 5 15 4 0.678 -4.108 4.203
SPIN 4 5 15 5 -3.959 2.905 -3.300
SPIN 4 5 15 6 2.363 5.423 0.044
SPIN 4 5 15 7 -4.227 -2.060 -3.590
SPIN 4 5 15 8 2.561 4.565 2.758
SPIN 4 5 15 9 -1.783 1.507 -5.436
SPIN 4 5 15 10 3.578 -4.547 1.235
SPIN 4 5 15 11 -1.520 4.634 -3.349
SPIN 4 5 15 12 0.826 -5.671 -1.467
SPIN 4 5 15 13 -3.837 4.469 0.553
SPIN 4 5 15 14 2.255 5.412 0.789
SPIN 4 5 15 15 4.787 -3.444 -0.466
SPIN 3 5 0 0 -2.170 -0.943 -5.423
SPIN 3 5 0 1 0.575 -3.302 4.875
SPIN 3 5 0 2 2.661 -2.424 -4.695
SPIN 3 5 0 3 -4.510 2.510 -2.891
SPIN 3 5 0 4 1.987 -1.242 5.432
SPIN 3 5 0 5 -0.774 -1.718 -5.608
SPIN 3 5 0 6 5.176 2.184 1.855
SPIN 3 5 0 7 0.290 -5.907 0.169
SPIN 3 5 0 8 -0.551 5.708 -1.455
SPIN 3 5 0 9 5.476 -1.749 1.400
SPIN 3 5 0 10 -1.091 1.543 -5.606
SPIN 3 5 0 11 -0.766 2.972 -5.058
SPIN 3 5 0 12 -0.054 -1.732 -5.657
SPIN 3 5 0 13 1.365 -0.705 5.713
SPIN 3 5 0 14 -4.927 -2.924 1.475
SPIN 3 5 0 15 3.034 -1.542 -4.839
SPIN 2 5 0 0 -0.286 2.419 -5.391
SPIN 2 5 0 1 2.325 2.697 4.725
SPIN 2 5 0 2 -3.409 2.682 -4.024
SPIN 2 5 0 3 5.333 -0.548 2.501
SPIN 2 5 0 4 3.342 -4.586 1.674
SPIN 2 5 0 5 1.198 -0.642 -5.758
SPIN 2 5 0 6 3.164 -2.794 -4.145
SPIN 2 5 0 7 -3.590 -3.855 -2.692
SPIN 2 5 0 8 2.316 5.443 -0.115
SPIN 2 5 0 9 -0.281 -4.809 -3.435
SPIN 2 5 0 10 3.255 3.727 -3.242
SPIN 2 5 0 11 4.708 -3.420 1.065
SPIN 2 5 0 12 -4.049 0.432 4.292
SPIN 2 5 0 13 -5.153 -2.740 -0.971
SPIN 2 5 0 14 2.091 5.394 -1.238
SPIN 2 5 0 15 5.254 1.760 2.072
SPIN 3 5 1 0 0.948 -4.193 4.065
SPIN 3 5 1 1 -3.299 -3.532 -3.412
SPIN 3 5 1 2 3.036 1.316 4.904
SPIN 3 5 1 3 -0.136 1.922 -5.593
SPIN 3 5 1 4 0.752 -5.606 -1.735
SPIN 3 5 1 5 0.531 5.247 2.680
SPIN 3 5 1 6 -4.822 -2.864 -1.883
SPIN 3 5 1 7 5.756 -0.537 1.256
SPIN 3 5 1 8 5.444 0.893 2.137
SPIN 3 5 1 9 -2.414 -2.583 4.743
SPIN 3 5 1 10 -1.336 3.466 -4.604
SPIN 3 5 1 11 -1.455 -5.711 0.520
SPIN 3 5 1 12 4.330 3.317 2.291
SPIN 3 5 1 13 4.335 3.160 -2.495
SPIN 3 5 1 14 -2.749 1.203 -5.098
SPIN 3 5 1 15 2.390 4.607 -2.839
SPIN 2 5 1 0 5.145 2.831 0.720
SPIN 2 5 1 1 -1.822 5.311 1.863
SPIN 2 5 1 2 5.345 2.126 -1.380
SPIN 2 5 1 3 -5.890 -0.462 0.309
SPIN 2 5 1 4 2.247 -5.451 0.489
SPIN 2 5 1 5 -5.206 -1.532 2.356
SPIN 2 5 1 6 5.750 -0.602 1.254
SPIN 2 5 1 7 1.302 -2.501 -5.201
SPIN 2 5 1 8 -0.222 -5.859 -0.788
SPIN 2 5 1 9 2.731 5.166 -0.922
SPIN 2 5 1 10 5.851 0.810 0.328
SPIN 2 5 1 11 0.432 5.814 -1.006
SPIN 2 5 1 12 2.425 5.387 -0.316
SPIN 2 5 1 13 -2.188 -3.037 -4.582
SPIN 2 5 1 14 0.047 0.238 -5.911
SPIN 2 5 1 15 -5.267 2.653 0.464
SPIN 3 5 2 0 1.893 -4.902 -2.718
SPIN 3 5 2 1 -5.063 1.150 -2.837
SPIN 3 5 2 2 -4.130 -0.226 -4.230
SPIN 3 5 2 3 -2.731 3.643 3.777
SPIN 3 5 2 4 3.279 4.803 1.086
SPIN 3 5 2 5 2.242 -4.098 3.630
SPIN 3 5 2 6 4.227 1.483 3.864
SPIN 3 5 2 7 -5.474 -1.430 -1.729
SPIN 3 5 2 8 -4.420 -2.775 2.786
SPIN 3 5 2 9 4.044 -4.312 0.233
SPIN 3 5 2 10 -4.550 2.949 -2.367
SPIN 3 5 2 11 -4.442 -3.082 2.401
SPIN 3 5 2 12 5.589 -1.891 -0.439
SPIN 3 5 2 13 -0.928 -4.774 3.369
SPIN 3 5 2 14 -0.676 -5.753 1.201
SPIN 3 5 2 15 -5.328 2.145 -1.419
SPIN 2 5 2 0 -5.799 -1.137 0.275
SPIN 2 5 2 1 0.412 2.852 5.167
SPIN 2 5 2 2 -0.505 5.821 0.925
SPIN 2 5 2 3 0.001 -0.834 -5.857
SPIN 2 5 2 4 0.141 4.360 -3.997
SPIN 2 5 2 5 -0.711 3.250 -4.892
SPIN 2 5 2 6 1.861 -4.512 -3.344
SPIN 2 5 2 7 -3.725 3.050 3.439
SPIN 2 5 2 8 3.353 2.306 -4.294
SPIN 2 5 2 9 -5.015 1.179 -2.908
SPIN 2 5 2 10 -1.998 -5.364 -1.495
SPIN 2 5 2 11 5.814 -0.928 -0.585
SPIN 2 5 2 12 -5.523 1.768 -1.174
SPIN 2 5 2 13 4.954 3.179 0.597
SPIN 2 5 2 14 -2.232 -5.373 1.074
SPIN 2 5 2 15 -0.603 2.705 -5.227
SPIN 3 5 3 0 -5.638 1.757 -0.359
SPIN 3 5 3 1 -1.000 1.360 5.670
SPIN 3 5 3 2 5.482 -2.183 -0.424
SPIN 3 5 3 3 -5.067 3.037 0.327
SPIN 3 5 3 4 -4.735 -3.545 0.128
SPIN 3 5 3 5 2.148 5.506 0.267
SPIN 3 5 3 6 -2.836 4.714 2.176
SPIN 3 5 3 7 -0.201 -4.512 3.822
SPIN 3 5 3 8 1.850 5.593 -0.545
SPIN 3 5 3 9 -4.665 -0.679 3.574
SPIN 3 5 3 10 4.465 1.986 -3.334
SPIN 3 5 3 11 -0.538 0.894 -5.823
SPIN 3 5 3 12 4.561 -1.752 3.336
SPIN 3 5 3 13 -3.446 1.532 -4.559
SPIN 3 5 3 14 -1.303 3.842 4.306
SPIN 3 5 3 15 5.179 1.529 2.416
SPIN 2 5 3 0 -2.014 -3.296 4.481
SPIN 2 5 3 1 1.763 3.197 -4.655
SPIN 2 5 3 2 -2.828 -5.195 0.124
SPIN 2 5 3 3 3.164 -0.272 -4.991
SPIN 2 5 3 4 0.069 0.484 5.896
SPIN 2 5 3 5 4.522 3.689 0.974
SPIN 2 5 3 6 -5.340 -2.035 1.531
SPIN 2 5 3 7 1.914 5.526 -0.896
SPIN 2 5 3 8 -4.262 3.570 -2.023
SPIN 2 5 3 9 5.223 -1.959 1.969
SPIN 2 5 3 10 -1.008 5.816 0.397
SPIN 2 5 3 11 -0.785 -4.558 3.690
SPIN 2 5 3 12 -1.566 0.956 -5.625
SPIN 2 5 3 13 4.214 4.017 -1.053
SPIN 2 5 3 14 -3.770 2.720 -3.659
SPIN 2 5 3 15 0.205 -5.862 0.769
SPIN 3 5 4 0 3.534 -3.280 3.429
SPIN 3 5 4 1 -2.349 -1.898 -5.087
SPIN 3 5 4 2 1.602 -3.123 -4.763
SPIN 3 5 4 3 0.650 4.591 -3.675
SPIN 3 5 4 4 -2.243 0.381 5.461
SPIN 3 5 4 5 -0.209 5.080 -3.026
SPIN 3 5 4 6 -5.287 -1.976 1.774
SPIN 3 5 4 7 0.931 0.567 -5.815
SPIN 3 5 4 8 -5.495 -0.316 -2.169
SPIN 3 5 4 9 0.712 -2.439 -5.343
SPIN 3 5 4 10 -4.466 -0.216 3.874
SPIN 3 5 4 11 4.190 3.655 -2.020
SPIN 3 5 4 12 -4.739 -0.178 -3.537
SPIN 3 5 4 13 -3.609 -1.407 4.472
SPIN 3 5 4 14 5.682 -0.444 -1.587
SPIN 3 5 4 15 -3.551 1.691 -4.420
SPIN 2 5 4 0 3.942 3.562 -2.602
SPIN 2 5 4 1 4.435 -3.871 -0.590
SPIN 2 5 4 2 0.566 5.885 0.222
SPIN 2 5 4 3 0.561 -4.415 -3.898
SPIN 2 5 4 4 -2.247 2.922 -4.628
SPIN 2 5 4 5 -0.061 4.829 3.417
SPIN 2 5 4 6 -4.457 -3.628 -1.405
SPIN 2 5 4 7 1.838 -5.214 2.107
SPIN 2 5 4 8 2.829 3.391 3.937
SPIN 2 5 4 9 2.290 -5.455 -0.010
SPIN 2 5 4 10 4.143 -4.151 -0.773
SPIN 2 5 4 11 5.123 2.870 0.722
SPIN 2 5 4 12 -5.849 -0.692 -0.555
SPIN 2 5 4 13 4.878 -2.730 1.937
SPIN 2 5 4 14 -2.380 5.030 2.008
SPIN 2 5 4 15 2.991 -0.829 -5.037
SPIN 3 5 5 0 -2.697 4.567 -2.620
SPIN 3 5 5 1 -3.475 1.472 4.556
SPIN 3 5 5 2 1.218 1.389 5.620
SPIN 3 5 5 3 -2.341 -0.617 -5.398
SPIN 3 5 5 4 -3.438 -2.081 4.341
SPIN 3 5 5 5 3.168 -2.364 -4.402
SPIN 3 5 5 6 2.245 -2.922 4.628
SPIN 3 5 5 7 -3.087 -4.751 -1.703
SPIN 3 5 5 8 5.340 2.173 -1.328
SPIN 3 5 5 9 -4.908 -0.529 -3.260
SPIN 3 5 5 10 3.917 1.308 4.236
SPIN 3 5 5 11 0.269 4.309 -4.045
SPIN 3 5 5 12 -3.250 2.463 4.286
SPIN 3 5 5 13 0.036 2.510 -5.357
SPIN 3 5 5 14 -4.890 3.192 0.948
SPIN 3 5 5 15 -0.915 -4.401 3.846
SPIN 2 5 5 0 1.694 -1.298 5.518
SPIN 2 5 5 1 1.057 5.629 1.483
SPIN 2 5 5 2 -0.830 -5.157 -2.778
SPIN 2 5 5 3 -3.690 0.851 -4.545
SPIN 2 5 5 4 -0.123 4.981 3.190
SPIN 2 5 5 5 2.505 3.570 -3.997
SPIN 2 5 5 6 -2.299 -5.439 -0.367
SPIN 2 5 5 7 -2.493 5.175 1.417
SPIN 2 5 5 8 -2.237 1.756 -5.188
SPIN 2 5 5 9 2.315 -5.428 0.421
SPIN 2 5 5 10 4.487 3.726 -0.992
SPIN 2 5 5 11 -5.076 3.039 -0.041
SPIN 2 5 5 12 3.971 -4.153 -1.411
SPIN 2 5 5 13 2.269 4.104 3.607
SPIN 2 5 5 14 1.399 -2.670 -5.090
SPIN 2 5 5 15 -0.887 3.529 4.665
SPIN 3 5 6 0 -1.097 -4.576 -3.585
SPIN 3 5 6 1 -0.412 -4.032 -4.309
SPIN 3 5 6 2 -2.615 3.156 -4.266
SPIN 3 5 6 3 -5.470 -1.817 -1.332
SPIN 3 5 6 4 -2.686 -0.366 5.258
SPIN 3 5 6 5 -0.436 2.589 -5.302
SPIN 3 5 6 6 5.056 -2.558 1.702
SPIN 3 5 6 7 3.432 4.760 0.753
SPIN 3 5 6 8 -1.752 2.918 4.839
SPIN 3 5 6 9 -1.284 5.405 2.034
SPIN 3 5 6 10 -1.265 0.844 -5.717
SPIN 3 5 6 11 0.648 -3.721 4.553
SPIN 3 5 6 12 -5.143 -2.764 0.955
SPIN 3 5 6 13 -1.566 -2.697 -5.027
SPIN 3 5 6 14 -3.092 0.659 5.001
SPIN 3 5 6 15 -0.926 5.751 -1.032
SPIN 2 5 6 0 1.361 -1.752 -5.484
SPIN 2 5 6 1 3.734 3.140 -3.347
SPIN 2 5 6 2 0.951 -5.818 0.491
SPIN 2 5 6 3 1.361 -4.349 3.773
SPIN 2 5 6 4 -1.109 -2.020 -5.449
SPIN 2 5 6 5 -1.925 -1.668 5.339
SPIN 2 5 6 6 -2.657 -3.550 -3.917
SPIN 2 5 6 7 5.248 2.608 -0.812
SPIN 2 5 6 8 2.055 -3.017 4.656
SPIN 2 5 6 9 -0.982 -3.465 -4.693
SPIN 2 5 6 10 1.530 -3.010 4.858
SPIN 2 5 6 11 4.328 -0.086 4.032
SPIN 2 5 6 12 -3.077 3.374 -3.761
SPIN 2 5 6 13 -4.905 -3.307 -0.060
SPIN 2 5 6 14 -2.658 2.273 -4.771
SPIN 2 5 6 15 -3.851 3.800 2.394
SPIN 3 5 7 0 -4.377 1.638 3.627
SPIN 3 5 7 1 -2.570 5.133 -1.429
SPIN 3 5 7 2 3.144 -3.521 -3.566
SPIN 3 5 7 3 -2.367 4.819 -2.484
SPIN 3 5 7 4 3.217 4.418 -2.265
SPIN 3 5 7 5 5.590 -1.900 0.372
SPIN 3 5 7 6 2.553 0.195 5.333
SPIN 3 5 7 7 -2.665 -5.236 -0.699
SPIN 3 5 7 8 2.228 5.455 -0.526
SPIN 3 5 7 9 4.341 -3.954 0.722
SPIN 3 5 7 10 -3.855 2.169 -3.929
SPIN 3 5 7 11 -4.217 1.981 -3.646
SPIN 3 5 7 12 2.214 4.908 2.451
SPIN 3 5 7 13 -1.760 -5.310 -1.927
SPIN 3 5 7 14 -2.780 -5.154 -0.841
SPIN 3 5 7 15 -4.788 2.874 -1.953
SPIN 2 5 7 0 -1.638 2.671 5.018
SPIN 2 5 7 1 5.442 -1.973 1.220
SPIN 2 5 7 2 -5.088 0.463 2.983
SPIN 2 5 7 3 -1.440 -3.683 -4.400
SPIN 2 5 7 4 3.189 -0.081 4.983
SPIN 2 5 7 5 -1.492 -4.671 -3.310
SPIN 2 5 7 6 -0.738 -1.535 5.666
SPIN 2 5 7 7 -1.226 0.806 5.731
SPIN 2 5 7 8 -0.665 3.782 4.500
SPIN 2 5 7 9 -4.227 -2.409 -3.367
SPIN 2 5 7 10 -1.116 3.463 -4.665
SPIN 2 5 7 11 -0.533 -2.023 -5.534
SPIN 2 5 7 12 -4.453 0.020 3.895
SPIN 2 5 7 13 3.526 2.049 4.286
SPIN 2 5 7 14 3.593 -2.201 -4.153
SPIN 2 5 7 15 1.313 -5.485 -1.786
SPIN 3 5 8 0 -0.194 -1.469 -5.727
SPIN 3 5 8 1 -0.636 -3.727 -4.550
SPIN 3 5 8 2 5.819 1.035 -0.260
SPIN 3 5 8 3 -0.426 0.105 5.900
SPIN 3 5 8 4 0.845 -4.706 -3.485
SPIN 3 5 8 5 0.175 3.267 4.929
SPIN 3 5 8 6 -4.849 -3.150 -1.252
SPIN 3 5 8 7 -4.242 2.408 -3.347
SPIN 3 5 8 8 1.626 -4.936 2.827
SPIN 3 5 8 9 3.369 -0.055 4.863
SPIN 3 5 8 10 0.694 2.010 5.521
SPIN 3 5 8 11 2.801 3.414 3.938
SPIN 3 5 8 12 4.058 -3.636 2.305
SPIN 3 5 8 13 -1.589 -1.022 5.606
SPIN 3 5 8 14 -3.786 4.405 1.124
SPIN 3 5 8 15 3.906 -1.941 3.997
SPIN 2 5 8 0 5.513 -1.784 1.195
SPIN 2 5 8 1 1.494 4.021 4.074
SPIN 2 5 8 2 1.177 1.942 -5.463
SPIN 2 5 8 3 3.022 1.861 4.733
SPIN 2 5 8 4 -3.005 4.775 -1.780
SPIN 2 5 8 5 -2.631 5.154 1.233
SPIN 2 5 8 6 -1.455 5.238 -2.335
SPIN 2 5 8 7 -3.535 -4.165 2.271
SPIN 2 5 8 8 -1.893 -0.520 -5.581
SPIN 2 5 8 9 1.990 -4.319 3.519
SPIN 2 5 8 10 -4.234 0.919 4.029
SPIN 2 5 8 11 -2.391 4.468 -3.054
SPIN 2 5 8 12 1.904 4.891 -2.730
SPIN 2 5 8 13 1.368 -0.192 -5.753
SPIN 2 5 8 14 0.951 5.411 2.195
SPIN 2 5 8 15 5.787 1.174 0.357
SPIN 3 5 9 0 2.359 -5.424 -0.117
SPIN 3 5 9 1 1.842 5.596 -0.540
SPIN 3 5 9 2 -4.181 -3.015 -2.903
SPIN 3 5 9 3 0.804 5.527 1.951
SPIN 3 5 9 4 0.311 -5.145 -2.903
SPIN 3 5 9 5 4.579 0.300 -3.734
SPIN 3 5 9 6 -4.546 -2.854 2.488
SPIN 3 5 9 7 5.602 -1.694 0.865
SPIN 3 5 9 8 -3.678 2.392 -3.968
SPIN 3 5 9 9 -2.929 4.594 2.306
SPIN 3 5 9 10 3.840 -2.820 -3.507
SPIN 3 5 9 11 -0.271 -5.617 -1.838
SPIN 3 5 9 12 -2.263 4.247 3.441
SPIN 3 5 9 13 0.994 -5.379 2.255
SPIN 3 5 9 14 4.550 -3.015 2.281
SPIN 3 5 9 15 -3.388 -0.407 -4.833
SPIN 2 5 9 0 -4.038 4.322 -0.115
SPIN 2 5 9 1 1.241 5.560 1.596
SPIN 2 5 9 2 5.131 -2.330 -1.802
SPIN 2 5 9 3 -0.562 0.639 -5.855
SPIN 2 5 9 4 -3.187 -1.239 -4.828
SPIN 2 5 9 5 5.440 -1.225 1.975
SPIN 2 5 9 6 2.743 -2.056 4.821
SPIN 2 5 9 7 -5.853 0.311 -0.806
SPIN 2 5 9 8 -1.007 1.302 5.682
SPIN 2 5 9 9 5.862 -0.434 -0.673
SPIN 2 5 9 10 -0.309 3.470 -4.782
SPIN 2 5 9 11 2.536 -0.090 5.344
SPIN 2 5 9 12 -4.025 -0.874 4.246
SPIN 2 5 9 13 -1.840 -3.288 4.561
SPIN 2 5 9 14 -2.269 3.455 -4.233
SPIN 2 5 9 15 4.480 -3.157 -2.229
SPIN 3 5 10 0 -1.880 4.272 3.636
SPIN 3 5 10 1 -3.524 4.711 0.619
SPIN 3 5 10 2 -2.657 -3.570 3.898
SPIN 3 5 10 3 -3.866 -3.060 -3.270
SPIN 3 5 10 4 -3.520 -0.297 4.746
SPIN 3 5 10 5 -0.988 -5.793 -0.680
SPIN 3 5 10 6 -4.056 3.293 -2.775
SPIN 3 5 10 7 -2.538 4.901 -2.130
SPIN 3 5 10 8 2.099 -4.968 -2.432
SPIN 3 5 10 9 5.364 2.106 1.338
SPIN 3 5 10 10 -5.047 3.076 -0.260
SPIN 3 5 10 11 2.762 3.782 -3.616
SPIN 3 5 10 12 2.606 5.287 -0.510
SPIN 3 5 10 13 -4.240 3.275 -2.509
SPIN 3 5 10 14 1.512 5.711 0.311
SPIN 3 5 10 15 0.647 -5.219 -2.710
SPIN 2 5 10 0 5.809 -0.540 0.982
SPIN 2 5 10 1 -5.814 0.883 0.643
SPIN 2 5 10 2 -3.595 -2.331 -4.079
SPIN 2 5 10 3 -0.192 -1.309 5.766
SPIN 2 5 10 4 2.443 -4.455 3.032
SPIN 2 5 10 5 -5.123 1.768 2.372
SPIN 2 5 10 6 3.385 4.185 -2.456
SPIN 2 5 10 7 -1.267 2.364 5.273
SPIN 2 5 10 8 -2.998 -2.375 -4.513
SPIN 2 5 10 9 -3.164 -1.077 4.882
SPIN 2 5 10 10 3.561 2.381 4.081
SPIN 2 5 10 11 -4.781 -3.373 -0.876
SPIN 2 5 10 12 -4.432 -0.334 -3.905
SPIN 2 5 10 13 1.737 5.535 1.162
SPIN 2 5 10 14 1.282 -4.905 3.049
SPIN 2 5 10 15 -3.924 0.746 4.364
SPIN 3 5 11 0 3.020 -4.057 -3.069
SPIN 3 5 11 1 0.692 1.544 -5.669
SPIN 3 5 11 2 -2.712 2.905 4.383
SPIN 3 5 11 3 -4.614 -1.007 3.564
SPIN 3 5 11 4 -1.961 -5.539 0.684
SPIN 3 5 11 5 1.604 5.618 -0.931
SPIN 3 5 11 6 4.886 1.443 3.007
SPIN 3 5 11 7 -5.631 -1.325 -1.240
SPIN 3 5 11 8 4.913 0.550 3.250
SPIN 3 5 11 9 -0.053 0.706 -5.874
SPIN 3 5 11 10 5.053 -3.002 0.678
SPIN 3 5 11 11 -5.389 0.765 2.318
SPIN 3 5 11 12 1.821 5.530 1.050
SPIN 3 5 11 13 -5.584 -1.859 -0.603
SPIN 3 5 11 14 4.170 -1.021 -4.071
SPIN 3 5 11 15 -1.229 2.253 -5.331
SPIN 2 5 11 0 -3.656 2.384 3.994
SPIN 2 5 11 1 -1.404 -0.180 5.744
SPIN 2 5 11 2 1.976 -0.687 5.534
SPIN 2 5 11 3 -0.754 0.583 -5.839
SPIN 2 5 11 4 -5.796 0.689 -0.965
SPIN 2 5 11 5 5.443 -2.298 0.308
SPIN 2 5 11 6 4.331 -3.851 1.190
SPIN 2 5 11 7 -3.756 -4.444 1.071
SPIN 2 5 11 8 2.016 4.675 3.013
SPIN 2 5 11 9 -5.673 1.563 -0.613
SPIN 2 5 11 10 0.107 -5.869 -0.740
SPIN 2 5 11 11 1.430 5.740 -0.069
SPIN 2 5 11 12 3.710 -4.109 2.086
SPIN 2 5 11 13 -1.121 -2.161 -5.392
SPIN 2 5 11 14 -1.726 4.195 3.798
SPIN 2 5 11 15 0.874 -2.235 -5.407
SPIN 3 5 12 0 -1.182 2.635 -5.163
SPIN 3 5 12 1 3.658 2.378 -3.995
SPIN 3 5 12 2 -0.694 3.151 4.959
SPIN 3 5 12 3 -4.376 3.966 -0.342
SPIN 3 5 12 4 -5.627 -1.822 -0.143
SPIN 3 5 12 5 -4.164 2.897 -3.045
SPIN 3 5 12 6 -5.268 -0.582 -2.628
SPIN 3 5 12 7 5.825 1.030 0.103
SPIN 3 5 12 8 -4.167 2.585 -3.310
SPIN 3 5 12 9 5.246 0.994 2.548
SPIN 3 5 12 10 -2.400 5.403 0.216
SPIN 3 5 12 11 0.961 -4.359 -3.883
SPIN 3 5 12 12 0.567 -5.075 2.987
SPIN 3 5 12 13 2.899 -1.139 -5.030
SPIN 3 5 12 14 -1.867 5.467 1.278
SPIN 3 5 12 15 -2.010 -0.450 -5.546
SPIN 2 5 12 0 -4.690 -1.904 -3.062
SPIN 2 5 12 1 -3.381 4.786 -0.815
SPIN 2 5 12 2 0.045 5.054 -3.075
SPIN 2 5 12 3 -2.978 -3.875 -3.333
SPIN 2 5 12 4 3.881 -3.523 -2.744
SPIN 2 5 12 5 3.558 4.003 -2.514
SPIN 2 5 12 6 -2.455 5.246 1.204
SPIN 2 5 12 7 3.584 -4.694 -0.356
SPIN 2 5 12 8 -3.651 -0.169 4.652
SPIN 2 5 12 9 3.754 0.611 4.531
SPIN 2 5 12 10 -4.261 -3.308 -2.430
SPIN 2 5 12 11 4.976 2.987 1.147
SPIN 2 5 12 12 -1.853 5.614 -0.216
SPIN 2 5 12 13 -1.023 -3.891 4.338
SPIN 2 5 12 14 2.731 -2.551 -4.586
SPIN 2 5 12 15 1.994 3.672 4.188
SPIN 3 5 13 0 0.833 1.163 5.741
SPIN 3 5 13 1 0.378 -2.365 5.409
SPIN 3 5 13 2 1.666 4.579 3.355
SPIN 3 5 13 3 -4.327 -0.959 3.919
SPIN 3 5 13 4 1.943 3.352 -4.470
SPIN 3 5 13 5 0.572 4.063 4.262
SPIN 3 5 13 6 2.593 5.120 1.434
SPIN 3 5 13 7 -4.400 0.562 3.914
SPIN 3 5 13 8 1.351 -4.473 -3.629
SPIN 3 5 13 9 2.080 -3.943 -3.889
SPIN 3 5 13 10 -2.894 0.100 -5.159
SPIN 3 5 13 11 3.287 -4.400 2.198
SPIN 3 5 13 12 5.431 -2.329 -0.281
SPIN 3 5 13 13 -5.655 0.460 -1.675
SPIN 3 5 13 14 4.662 -0.850 3.542
SPIN 3 5 13 15 5.846 -0.892 -0.181
SPIN 2 5 13 0 3.372 -4.446 -1.964
SPIN 2 5 13 1 4.559 1.199 3.574
SPIN 2 5 13 2 -2.134 1.906 -5.178
SPIN 2 5 13 3 1.057 1.064 5.723
SPIN 2 5 13 4 -2.853 -2.259 4.665
SPIN 2 5 13 5 -1.355 5.658 -1.072
SPIN 2 5 13 6 -0.698 -5.874 0.100
SPIN 2 5 13 7 -2.971 -0.501 -5.092
SPIN 2 5 13 8 4.700 3.026 1.938
SPIN 2 5 13 9 -3.224 -1.704 -4.658
SPIN 2 5 13 10 2.664 4.520 -2.734
SPIN 2 5 13 11 -4.634 -2.796 -2.390
SPIN 2 5 13 12 4.755 -0.269 -3.510
SPIN 2 5 13 13 1.048 0.111 5.821
SPIN 2 5 13 14 5.808 1.113 0.178
SPIN 2 5 13 15 -2.285 -5.301 -1.296
SPIN 3 5 14 0 3.353 3.721 3.149
SPIN 3 5 14 1 3.621 2.597 -3.892
SPIN 3 5 14 2 -4.327 2.562 -3.117
SPIN 3 5 14 3 3.034 0.757 -5.022
SPIN 3 5 14 4 0.362 -0.220 5.901
SPIN 3 5 14 5 0.217 1.466 -5.727
SPIN 3 5 14 6 -0.410 3.837 4.484
SPIN 3 5 14 7 0.654 -2.682 -5.232
SPIN 3 5 14 8 -1.141 5.762 -0.707
SPIN 3 5 14 9 0.048 5.038 3.102
SPIN 3 5 14 10 -1.501 -5.069 2.656
SPIN 3 5 14 11 0.737 0.689 5.829
SPIN 3 5 14 12 -1.196 1.883 -5.479
SPIN 3 5 14 13 0.979 -0.101 5.834
SPIN 3 5 14 14 -5.703 -1.272 -0.927
SPIN 3 5 14 15 -3.139 4.516 2.179
SPIN 2 5 14 0 2.132 0.838 -5.454
SPIN 2 5 14 1 1.525 4.603 -3.388
SPIN 2 5 14 2 0.091 2.571 5.327
SPIN 2 5 14 3 -3.601 -1.398 -4.481
SPIN 2 5 14 4 4.234 3.489 2.213
SPIN 2 5 14 5 4.039 -1.631 4.003
SPIN 2 5 14 6 2.944 5.131 -0.095
SPIN 2 5 14 7 0.956 -0.136 5.837
SPIN 2 5 14 8 1.990 -1.765 5.285
SPIN 2 5 14 9 -1.532 0.880 5.646
SPIN 2 5 14 10 -1.184 -5.220 2.520
SPIN 2 5 14 11 5.791 1.205 0.088
SPIN 2 5 14 12 -5.359 -2.357 -0.853
SPIN 2 5 14 13 -0.822 4.202 -4.083
SPIN 2 5 14 14 0.225 5.807 -1.109
SPIN 2 5 14 15 2.813 3.278 4.042
SPIN 3 5 15 0 -4.017 -3.100 -3.041
SPIN 3 5 15 1 -0.289 -4.448 3.890
SPIN 3 5 15 2 3.571 -3.950 2.577
SPIN 3 5 15 3 0.718 2.467 5.329
SPIN 3 5 15 4 -5.383 -2.254 0.970
SPIN 3 5 15 5 -4.827 0.008 -3.420
SPIN 3 5 15 6 -5.270 -2.400 -1.214
SPIN 3 5 15 7 0.392 5.885 0.456
SPIN 3 5 15 8 4.313 -3.735 -1.564
SPIN 3 5 15 9 2.203 -4.015 3.745
SPIN 3 5 15 10 2.390 3.475 -4.149
SPIN 3 5 15 11 4.513 -1.390 -3.563
SPIN 3 5 15 12 -5.342 0.998 2.339
SPIN 3 5 15 13 -5.898 -0.098 -0.457
SPIN 3 5 15 14 4.859 -3.365 0.258
SPIN 3 5 15 15 -5.661 -1.011 1.391
SPIN 2 5 15 0 5.454 -0.997 2.064
SPIN 2 5 15 1 0.235 -3.662 -4.640
SPIN 2 5 15 2 5.185 2.846 0.114
SPIN 2 5 15 3 3.142 -2.953 -4.050
SPIN 2 5 15 4 -2.244 -5.064 2.078
SPIN 2 5 15 5 -1.893 -1.024 -5.511
SPIN 2 5 15 6 5.226 2.279 1.581
SPIN 2 5 15 7 -4.349 1.024 3.878
SPIN 2 5 15 8 4.158 2.190 -3.594
SPIN 2 5 15 9 -1.279 -0.002 5.776
SPIN 2 5 15 10 -1.872 -0.280 -5.605
SPIN 2 5 15 11 -2.636 -3.236 4.193
SPIN 2 5 15 12 -3.640 4.575 -0.907
SPIN 2 5 15 13 4.337 -3.961 -0.712
SPIN 2 5 15 14 -2.704 -3.869 3.566
SPIN 2 5 15 15 -1.537 5.558 1.321
SPIN 1 6 0 0 -5.032 -1.865 -2.491
SPIN 1 6 0 1 -2.266 -0.269 -5.458
SPIN 1 6 0 2 5.309 -2.251 1.321
SPIN 1 6 0 3 0.628 -5.471 -2.162
SPIN 1 6 0 4 -1.322 2.282 5.296
SPIN 1 6 0 5 -5.175 2.586 1.236
SPIN 1 6 0 6 -5.579 -0.976 -1.710
SPIN 1 6 0 7 5.867 -0.631 0.422
SPIN 1 6 0 8 -4.371 1.013 3.856
SPIN 1 6 0 9 0.097 -0.035 -5.915
SPIN 1 6 0 10 -2.669 4.917 1.922
SPIN 1 6 0 11 -0.520 -2.242 -5.450
SPIN 1 6 0 12 3.097 4.957 -0.918
SPIN 1 6 0 13 -4.499 -2.667 -2.765
SPIN 1 6 0 14 -5.630 1.575 -0.905
SPIN 1 6 0 15 4.365 1.842 3.543
SPIN 4 6 0 0 -2.665 2.622 -4.585
SPIN 4 6 0 1 0.660 0.680 -5.840
SPIN 4 6 0 2 -1.367 5.343 2.142
SPIN 4 6 0 3 -3.690 4.538 -0.890
SPIN 4 6 0 4 4.071 -0.096 -4.291
SPIN 4 6 0 5 5.205 -1.906 2.068
SPIN 4 6 0 6 0.911 5.845 -0.084
SPIN 4 6 0 7 -4.087 -2.080 3.738
SPIN 4 6 0 8 0.698 -3.934 4.363
SPIN 4 6 0 9 5.716 -1.476 0.392
SPIN 4 6 0 10 -3.439 -4.437 -1.866
SPIN 4 6 0 11 2.011 1.377 -5.391
SPIN 4 6 0 12 0.070 0.577 5.887
SPIN 4 6 0 13 4.701 -1.088 -3.423
SPIN 4 6 0 14 -2.895 -1.194 -5.019
SPIN 4 6 0 15 -2.712 -1.985 4.868
SPIN 1 6 1 0 4.383 -3.333 2.163
SPIN 1 6 1 1 -1.609 4.694 3.222
SPIN 1 6 1 2 3.013 -4.022 3.122
SPIN 1 6 1 3 -0.166 4.365 -3.990
SPIN 1 6 1 4 -3.170 0.162 4.993
SPIN 1 6 1 5 5.654 1.144 -1.314
SPIN 1 6 1 6 -5.526 -1.604 1.374
SPIN 1 6 1 7 5.762 0.850 -1.040
SPIN 1 6 1 8 -0.852 -5.070 -2.928
SPIN 1 6 1 9 -4.974 -0.004 3.203
SPIN 1 6 1 10 4.304 0.880 3.963
SPIN 1 6 1 11 -1.523 1.817 5.420
SPIN 1 6 1 12 0.542 -2.006 -5.539
SPIN 1 6 1 13 -2.353 -1.917 5.078
SPIN 1 6 1 14 -0.324 -1.692 5.660
SPIN 1 6 1 15 -3.910 3.989 -1.949
SPIN 4 6 1 0 2.964 -0.466 5.098
SPIN 4 6 1 1 0.696 -5.732 1.290
SPIN 4 6 1 2 -3.550 1.937 -4.318
SPIN 4 6 1 3 1.917 -2.066 5.202
SPIN 4 6 1 4 -3.010 -4.885 -1.441
SPIN 4 6 1 5 -0.466 3.185 4.964
SPIN 4 6 1 6 0.943 -0.186 5.838
SPIN 4 6 1 7 4.794 3.465 -0.074
SPIN 4 6 1 8 0.566 -4.582 3.699
SPIN 4 6 1 9 0.458 4.382 -3.948
SPIN 4 6 1 10 -0.587 -1.723 -5.629
SPIN 4 6 1 11 4.907 3.147 1.006
SPIN 4 6 1 12 5.888 -0.571 -0.055
SPIN 4 6 1 13 -2.658 -0.877 -5.212
SPIN 4 6 1 14 0.719 5.872 -0.032
SPIN 4 6 1 15 -0.651 -5.682 -1.514
SPIN 1 6 2 0 3.866 -1.453 4.236
SPIN 1 6 2 1 -4.024 -0.568 4.300
SPIN 1 6 2 2 3.528 4.696 0.710
SPIN 1 6 2 3 3.557 4.440 1.624
SPIN 1 6 2 4 0.876 -4.960 3.103
SPIN 1 6 2 5 -5.367 1.378 -2.074
SPIN 1 6 2 6 5.032 -3.099 -0.270
SPIN 1 6 2 7 2.081 -0.442 5.520
SPIN 1 6 2 8 -2.248 -3.699 4.033
SPIN 1 6 2 9 0.009 4.919 -3.287
SPIN 1 6 2 10 1.427 -4.203 -3.912
SPIN 1 6 2 11 2.800 -3.830 3.534
SPIN 1 6 2 12 -2.192 -1.380 -5.319
SPIN 1 6 2 13 -2.842 3.804 3.529
SPIN 1 6 2 14 5.892 -0.141 0.511
SPIN 1 6 2 15 4.979 -3.190 0.177
SPIN 4 6 2 0 -1.597 0.702 -5.653
SPIN 4 6 2 1 5.307 1.813 -1.883
SPIN 4 6 2 2 -1.929 1.239 5.454
SPIN 4 6 2 3 1.681 -2.293 -5.188
SPIN 4 6 2 4 0.556 0.147 5.888
SPIN 4 6 2 5 -4.456 -1.109 -3.730
SPIN 4 6 2 6 4.301 2.013 -3.529
SPIN 4 6 2 7 -3.412 0.756 4.773
SPIN 4 6 2 8 0.576 -0.171 -5.886
SPIN 4 6 2 9 4.993 2.570 1.861
SPIN 4 6 2 10 -3.297 1.118 4.783
SPIN 4 6 2 11 -5.855 -0.803 0.272
SPIN 4 6 2 12 3.231 4.393 -2.294
SPIN 4 6 2 13 -4.584 3.737 0.148
SPIN 4 6 2 14 -0.418 -0.581 -5.873
SPIN 4 6 2 15 1.551 4.583 3.405
SPIN 1 6 3 0 -3.259 0.730 -4.883
SPIN 1 6 3 1 3.540 -0.236 -4.734
SPIN 1 6 3 2 0.595 -5.080 2.973
SPIN 1 6 3 3 -2.598 4.769 -2.347
SPIN 1 6 3 4 -0.760 -5.836 -0.601
SPIN 1 6 3 5 3.690 0.302 4.614
SPIN 1 6 3 6 -1.912 5.300 -1.804
SPIN 1 6 3 7 5.780 0.409 -1.193
SPIN 1 6 3 8 -4.053 4.308 0.113
SPIN 1 6 3 9 5.440 -0.984 -2.106
SPIN 1 6 3 10 -3.215 0.554 4.935
SPIN 1 6 3 11 2.599 -2.643 -4.611
SPIN 1 6 3 12 4.592 3.459 1.395
SPIN 1 6 3 13 -0.143 -5.333 -2.556
SPIN 1 6 3 14 5.753 1.062 0.882
SPIN 1 6 3 15 4.914 -2.805 1.728
SPIN 4 6 3 0 0.448 4.696 -3.570
SPIN 4 6 3 1 -3.563 -3.621 3.032
SPIN 4 6 3 2 1.810 5.490 1.259
SPIN 4 6 3 3 1.108 -5.710 1.081
SPIN 4 6 3 4 -5.838 0.520 0.803
SPIN 4 6 3 5 3.648 2.107 -4.154
SPIN 4 6 3 6 2.839 -1.977 4.799
SPIN 4 6 3 7 -1.543 0.684 -5.670
SPIN 4 6 3 8 -0.335 0.083 5.906
SPIN 4 6 3 9 -2.253 -5.311 -1.312
SPIN 4 6 3 10 4.707 3.060 1.865
SPIN 4 6 3 11 -0.461 -1.506 -5.703
SPIN 4 6 3 12 -4.557 -2.307 -2.985
SPIN 4 6 3 13 4.654 -3.527 0.950
SPIN 4 6 3 14 -0.707 4.498 -3.777
SPIN 4 6 3 15 3.519 -3.913 2.703
SPIN 1 6 4 0 5.850 -0.627 -0.618
SPIN 1 6 4 1 -5.037 3.100 -0.133
SPIN 1 6 4 2 4.886 2.937 1.581
SPIN 1 6 4 3 -4.817 -3.432 -0.141
SPIN 1 6 4 4 4.867 2.753 1.933
SPIN 1 6 4 5 -4.587 -2.581 2.703
SPIN 1 6 4 6 4.648 -0.373 3.641
SPIN 1 6 4 7 4.679 2.011 3.010
SPIN 1 6 4 8 4.236 -3.872 1.437
SPIN 1 6 4 9 -3.776 -3.443 2.981
SPIN 1 6 4 10 5.837 0.059 -0.961
SPIN 1 6 4 11 -3.629 4.533 -1.132
SPIN 1 6 4 12 3.506 -4.644 1.071
SPIN 1 6 4 13 3.344 -3.694 3.190
SPIN 1 6 4 14 -2.045 4.011 3.838
SPIN 1 6 4 15 -4.355 0.417 3.982
SPIN 4 6 4 0 0.705 -5.217 2.698
SPIN 4 6 4 1 3.432 3.598 -3.205
SPIN 4 6 4 2 -3.478 -4.142 -2.397
SPIN 4 6 4 3 -2.526 0.483 5.328
SPIN 4 6 4 4 4.479 -3.587 -1.440
SPIN 4 6 4 5 -0.567 -1.140 5.777
SPIN 4 6 4 6 -2.836 2.003 4.790
SPIN 4 6 4 7 -5.317 0.459 -2.554
SPIN 4 6 4 8 -3.982 -3.923 -1.936
SPIN 4 6 4 9 0.368 5.757 1.310
SPIN 4 6 4 10 -2.164 2.019 -5.123
SPIN 4 6 4 11 1.034 -4.805 3.293
SPIN 4 6 4 12 2.688 5.063 1.464
SPIN 4 6 4 13 -3.426 -1.535 -4.572
SPIN 4 6 4 14 -1.891 -5.331 1.734
SPIN 4 6 4 15 2.661 -3.795 -3.676
SPIN 1 6 5 0 1.121 0.221 5.805
SPIN 1 6 5 1 -3.588 -3.482 3.163
SPIN 1 6 5 2 -1.876 -2.350 5.095
SPIN 1 6 5 3 2.556 1.621 -5.084
SPIN 1 6 5 4 -0.071 -5.872 0.719
SPIN 1 6 5 5 -4.731 -2.157 2.823
SPIN 1 6 5 6 -3.066 2.975 -4.092
SPIN 1 6 5 7 0.674 -5.627 -1.699
SPIN 1 6 5 8 5.390 2.425 -0.262
SPIN 1 6 5 9 5.693 1.608 0.086
SPIN 1 6 5 10 -3.351 -4.655 -1.449
SPIN 1 6 5 11 5.625 1.372 1.217
SPIN 1 6 5 12 -2.776 -1.689 4.944
SPIN 1 6 5 13 3.858 -1.912 -4.057
SPIN 1 6 5 14 0.227 5.788 -1.205
SPIN 1 6 5 15 3.566 4.092 2.352
SPIN 4 6 5 0 -5.654 1.208 -1.254
SPIN 4 6 5 1 1.280 2.104 5.379
SPIN 4 6 5 2 0.281 1.821 5.622
SPIN 4 6 5 3 5.857 0.828 0.113
SPIN 4 6 5 4 4.693 0.081 -3.601
SPIN 4 6 5 5 2.669 -5.093 1.392
SPIN 4 6 5 6 0.306 5.785 1.199
SPIN 4 6 5 7 4.274 3.206 2.540
SPIN 4 6 5 8 0.296 -4.898 3.305
SPIN 4 6 5 9 1.603 -3.740 -4.295
SPIN 4 6 5 10 1.693 1.758 5.389
SPIN 4 6 5 11 5.272 2.318 1.355
SPIN 4 6 5 12 3.732 0.980 -4.484
SPIN 4 6 5 13 4.840 -1.961 2.780
SPIN 4 6 5 14 -5.744 -0.836 1.144
SPIN 4 6 5 15 -1.855 2.175 -5.180
SPIN 1 6 6 0 4.465 -1.252 -3.673
SPIN 1 6 6 1 0.082 -3.797 4.536
SPIN 1 6 6 2 3.142 4.815 1.395
SPIN 1 6 6 3 0.706 -5.528 1.986
SPIN 1 6 6 4 -0.099 3.369 -4.862
SPIN 1 6 6 5 2.728 1.958 -4.870
SPIN 1 6 6 6 4.475 -1.405 3.606
SPIN 1 6 6 7 -0.264 5.693 -1.589
SPIN 1 6 6 8 -2.404 -3.002 -4.495
SPIN 1 6 6 9 1.992 4.222 3.634
SPIN 1 6 6 10 -3.532 -1.437 -4.523
SPIN 1 6 6 11 -5.301 2.519 -0.745
SPIN 1 6 6 12 5.235 -1.508 2.307
SPIN 1 6 6 13 -1.198 5.702 1.026
SPIN 1 6 6 14 2.389 -4.466 -3.057
SPIN 1 6 6 15 1.832 -3.353 4.517
SPIN 4 6 6 0 3.896 -4.385 0.771
SPIN 4 6 6 1 -2.828 -0.018 -5.197
SPIN 4 6 6 2 0.298 3.245 4.938
SPIN 4 6 6 3 -2.783 5.203 0.430
SPIN 4 6 6 4 -0.424 2.034 5.539
SPIN 4 6 6 5 -3.176 4.991 0.016
SPIN 4 6 6 6 0.497 -3.849 -4.465
SPIN 4 6 6 7 -1.473 -3.872 -4.224
SPIN 4 6 6 8 -4.693 -1.837 3.099
SPIN 4 6 6 9 -2.862 0.741 -5.124
SPIN 4 6 6 10 -5.687 -0.548 -1.537
SPIN 4 6 6 11 0.238 -5.276 -2.667
SPIN 4 6 6 12 -3.119 -0.613 4.990
SPIN 4 6 6 13 3.600 -4.397 1.647
SPIN 4 6 6 14 -0.226 4.526 -3.803
SPIN 4 6 6 15 -2.217 5.478 -0.286
SPIN 1 6 7 0 -2.787 -4.201 -3.095
SPIN 1 6 7 1 1.641 -5.299 2.057
SPIN 1 6 7 2 -5.770 0.595 1.164
SPIN 1 6 7 3 -0.653 5.876 0.215
SPIN 1 6 7 4 -1.064 -4.254 -3.971
SPIN 1 6 7 5 2.928 -4.511 -2.466
SPIN 1 6 7 6 -2.811 -3.172 -4.127
SPIN 1 6 7 7 -5.681 1.202 -1.131
SPIN 1 6 7 8 3.213 -4.493 -2.118
SPIN 1 6 7 9 -3.817 -3.501 -2.858
SPIN 1 6 7 10 3.690 1.513 4.370
SPIN 1 6 7 11 -2.568 3.536 3.988
SPIN 1 6 7 12 1.484 3.262 -4.707
SPIN 1 6 7 13 2.276 0.560 5.432
SPIN 1 6 7 14 0.191 4.643 3.661
SPIN 1 6 7 15 1.377 -4.964 -2.910
SPIN 4 6 7 0 -0.705 5.461 -2.163
SPIN 4 6 7 1 3.110 4.591 2.063
SPIN 4 6 7 2 -5.405 -2.402 -0.116
SPIN 4 6 7 3 -4.111 -0.507 4.224
SPIN 4 6 7 4 -2.286 -0.597 -5.424
SPIN 4 6 7 5 -2.996 -0.826 5.034
SPIN 4 6 7 6 3.682 1.675 -4.317
SPIN 4 6 7 7 -0.685 4.386 3.911
SPIN 4 6 7 8 2.827 -4.978 -1.494
SPIN 4 6 7 9 0.258 5.876 -0.637
SPIN 4 6 7 10 0.208 -4.313 4.044
SPIN 4 6 7 11 -3.839 -3.066 -3.297
SPIN 4 6 7 12 4.643 3.667 -0.020
SPIN 4 6 7 13 -5.774 1.267 0.243
SPIN 4 6 7 14 3.961 1.907 3.959
SPIN 4 6 7 15 0.826 -2.887 -5.098
SPIN 1 6 8 0 1.110 -3.460 -4.668
SPIN 1 6 8 1 -2.515 -4.492 2.915
SPIN 1 6 8 2 4.220 4.143 -0.165
SPIN 1 6 8 3 -3.648 -4.590 0.787
SPIN 1 6 8 4 -2.783 -5.133 0.951
SPIN 1 6 8 5 0.940 5.839 0.149
SPIN 1 6 8 6 3.263 4.604 -1.777
SPIN 1 6 8 7 2.961 0.429 -5.104
SPIN 1 6 8 8 -2.519 -4.376 3.083
SPIN 1 6 8 9 1.674 1.749 -5.398
SPIN 1 6 8 10 5.692 1.421 0.762
SPIN 1 6 8 11 1.502 -5.688 -0.624
SPIN 1 6 8 12 -3.755 -4.282 1.601
SPIN 1 6 8 13 -1.757 3.341 -4.555
SPIN 1 6 8 14 3.404 4.447 1.907
SPIN 1 6 8 15 0.835 5.731 -1.209
SPIN 4 6 8 0 1.055 3.761 4.443
SPIN 4 6 8 1 4.333 0.891 -3.928
SPIN 4 6 8 2 4.228 3.664 -1.922
SPIN 4 6 8 3 -2.829 -2.564 -4.519
SPIN 4 6 8 4 3.136 -4.805 1.442
SPIN 4 6 8 5 2.947 -1.046 -5.022
SPIN 4 6 8 6 2.879 3.067 4.160
SPIN 4 6 8 7 1.441 1.226 5.605
SPIN 4 6 8 8 -0.347 -1.477 5.718
SPIN 4 6 8 9 2.814 2.855 -4.350
SPIN 4 6 8 10 -2.231 -2.708 -4.763
SPIN 4 6 8 11 -4.560 -3.495 1.410
SPIN 4 6 8 12 1.957 -0.398 5.569
SPIN 4 6 8 13 -3.500 -2.465 -4.083
SPIN 4 6 8 14 -3.134 -1.907 -4.642
SPIN 4 6 8 15 -1.546 3.128 4.777
SPIN 1 6 9 0 -1.628 5.494 1.472
SPIN 1 6 9 1 -0.557 -5.882 -0.305
SPIN 1 6 9 2 -4.169 2.551 3.333
SPIN 1 6 9 3 -0.844 -3.249 4.872
SPIN 1 6 9 4 -5.580 -1.804 -0.778
SPIN 1 6 9 5 -5.069 -2.935 -0.835
SPIN 1 6 9 6 -3.554 4.539 1.332
SPIN 1 6 9 7 -1.764 2.504 5.061
SPIN 1 6 9 8 4.127 -2.903 -3.089
SPIN 1 6 9 9 -1.569 -5.440 1.715
SPIN 1 6 9 10 -0.731 -5.322 2.477
SPIN 1 6 9 11 4.694 3.517 -0.771
SPIN 1 6 9 12 5.129 1.848 -2.296
SPIN 1 6 9 13 0.811 0.334 5.851
SPIN 1 6 9 14 -3.919 1.054 4.304
SPIN 1 6 9 15 1.359 0.310 -5.749
SPIN 4 6 9 0 -4.337 -2.633 -3.043
SPIN 4 6 9 1 3.321 1.980 4.478
SPIN 4 6 9 2 -2.599 -4.491 -2.841
SPIN 4 6 9 3 1.026 5.779 -0.743
SPIN 4 6 9 4 -2.433 2.586 4.732
SPIN 4 6 9 5 5.162 -0.845 -2.764
SPIN 4 6 9 6 -0.298 -2.331 -5.429
SPIN 4 6 9 7 2.016 -0.676 5.521
SPIN 4 6 9 8 -2.450 1.636 -5.130
SPIN 4 6 9 9 -1.039 3.915 4.312
SPIN 4 6 9 10 0.551 5.743 1.309
SPIN 4 6 9 11 1.389 1.929 -5.418
SPIN 4 6 9 12 4.352 -2.589 -3.059
SPIN 4 6 9 13 4.723 2.384 2.647
SPIN 4 6 9 14 5.417 -1.633 -1.729
SPIN 4 6 9 15 4.128 -1.916 3.780
SPIN 1 6 10 0 -2.761 4.483 2.699
SPIN 1 6 10 1 -2.223 -2.745 4.746
SPIN 1 6 10 2 -0.457 5.159 -2.859
SPIN 1 6 10 3 3.704 -4.254 -1.786
SPIN 1 6 10 4 4.522 -2.521 2.863
SPIN 1 6 10 5 -1.989 -5.320 -1.655
SPIN 1 6 10 6 4.678 -1.498 -3.298
SPIN 1 6 10 7 3.530 -4.734 -0.358
SPIN 1 6 10 8 -0.724 5.515 -2.015
SPIN 1 6 10 9 -0.951 -5.753 0.997
SPIN 1 6 10 10 -0.790 -5.781 -0.977
SPIN 1 6 10 11 0.535 -3.477 4.756
SPIN 1 6 10 12 -2.113 5.372 1.296
SPIN 1 6 10 13 2.335 -4.112 3.555
SPIN 1 6 10 14 -3.874 -4.243 1.411
SPIN 1 6 10 15 -0.614 -1.664 -5.644
SPIN 4 6 10 0 5.885 -0.504 0.343
SPIN 4 6 10 1 2.144 -3.802 -3.993
SPIN 4 6 10 2 2.329 -4.432 3.151
SPIN 4 6 10 3 -0.939 0.665 -5.803
SPIN 4 6 10 4 1.342 5.750 -0.373
SPIN 4 6 10 5 -2.032 -4.658 -3.029
SPIN 4 6 10 6 -2.726 -4.345 -2.948
SPIN 4 6 10 7 -0.900 4.097 4.172
SPIN 4 6 10 8 -0.752 2.960 5.067
SPIN 4 6 10 9 0.456 -0.739 5.852
SPIN 4 6 10 10 -1.172 5.143 -2.679
SPIN 4 6 10 11 1.936 -3.561 -4.309
SPIN 4 6 10 12 -2.661 -0.215 5.279
SPIN 4 6 10 13 -4.644 1.750 -3.221
SPIN 4 6 10 14 4.118 2.995 3.012
SPIN 4 6 10 15 -4.478 -1.073 3.714
SPIN 1 6 11 0 -2.561 -2.019 4.936
SPIN 1 6 11 1 -4.447 -0.708 3.837
SPIN 1 6 11 2 1.854 3.242 -4.588
SPIN 1 6 11 3 3.579 -3.815 2.763
SPIN 1 6 11 4 2.299 2.635 -4.772
SPIN 1 6 11 5 2.011 -5.473 1.000
SPIN 1 6 11 6 1.463 1.005 5.643
SPIN 1 6 11 7 4.895 0.576 3.273
SPIN 1 6 11 8 -4.122 3.843 -1.802
SPIN 1 6 11 9 5.322 -0.370 -2.557
SPIN 1 6 11 10 -4.806 1.213 3.229
SPIN 1 6 11 11 3.433 0.944 -4.725
SPIN 1 6 11 12 -1.835 2.705 4.931
SPIN 1 6 11 13 1.280 5.671 -1.096
SPIN 1 6 11 14 1.474 -5.691 0.661
SPIN 1 6 11 15 -4.806 3.182 1.333
SPIN 4 6 11 0 2.851 3.535 -3.792
SPIN 4 6 11 1 4.580 -2.294 2.960
SPIN 4 6 11 2 -4.387 0.874 3.872
SPIN 4 6 11 3 5.602 0.279 1.881
SPIN 4 6 11 4 -2.557 4.671 -2.577
SPIN 4 6 11 5 4.221 -3.909 -1.380
SPIN 4 6 11 6 2.230 5.478 -0.154
SPIN 4 6 11 7 -2.406 -3.433 -4.174
SPIN 4 6 11 8 -4.170 -4.188 0.260
SPIN 4 6 11 9 0.078 3.263 -4.934
SPIN 4 6 11 10 1.093 -0.534 5.790
SPIN 4 6 11 11 -1.733 5.352 1.831
SPIN 4 6 11 12 -1.084 -5.717 1.071
SPIN 4 6 11 13 -4.712 -3.341 -1.278
SPIN 4 6 11 14 2.771 2.188 4.747
SPIN 4 6 11 15 0.623 -5.467 2.174
SPIN 1 6 12 0 -0.216 5.296 -2.628
SPIN 1 6 12 1 3.768 -0.101 -4.560
SPIN 1 6 12 2 2.003 -5.468 1.045
SPIN 1 6 12 3 4.202 1.285 -3.961
SPIN 1 6 12 4 0.797 -2.576 5.266
SPIN 1 6 12 5 -3.104 1.016 -4.933
SPIN 1 6 12 6 1.354 -1.551 -5.546
SPIN 1 6 12 7 -0.390 1.609 5.680
SPIN 1 6 12 8 2.087 3.710 -4.109
SPIN 1 6 12 9 -1.819 -5.394 1.610
SPIN 1 6 12 10 5.055 -2.302 -2.035
SPIN 1 6 12 11 1.637 -5.380 -1.837
SPIN 1 6 12 12 0.578 1.903 -5.572
SPIN 1 6 12 13 2.260 -2.453 4.886
SPIN 1 6 12 14 1.480 -0.697 -5.685
SPIN 1 6 12 15 5.261 1.047 2.494
SPIN 4 6 12 0 -4.807 1.680 3.012
SPIN 4 6 12 1 -5.076 -2.470 -1.769
SPIN 4 6 12 2 2.998 -5.100 0.049
SPIN 4 6 12 3 -4.785 3.274 -1.176
SPIN 4 6 12 4 1.950 -5.023 2.442
SPIN 4 6 12 5 -5.026 3.061 0.610
SPIN 4 6 12 6 -3.590 -4.681 0.445
SPIN 4 6 12 7 -3.219 -3.840 3.145
SPIN 4 6 12 8 -4.520 3.628 1.186
SPIN 4 6 12 9 -1.319 -5.072 -2.744
SPIN 4 6 12 10 -3.383 4.220 -2.398
SPIN 4 6 12 11 5.490 -2.122 0.595
SPIN 4 6 12 12 -3.844 4.477 0.419
SPIN 4 6 12 13 4.519 3.683 -1.006
SPIN 4 6 12 14 -4.675 2.945 -2.113
SPIN 4 6 12 15 3.576 -0.659 4.666
SPIN 1 6 13 0 2.940 -4.623 2.233
SPIN 1 6 13 1 -1.955 -0.369 -5.572
SPIN 1 6 13 2 -1.706 -4.256 -3.739
SPIN 1 6 13 3 4.616 -0.293 -3.689
SPIN 1 6 13 4 -2.163 -5.160 1.921
SPIN 1 6 13 5 -0.473 -1.361 5.738
SPIN 1 6 13 6 4.381 -1.735 3.577
SPIN 1 6 13 7 4.527 1.459 -3.518
SPIN 1 6 13 8 -4.379 -2.405 -3.169
SPIN 1 6 13 9 -0.489 5.057 3.032
SPIN 1 6 13 10 0.347 -3.141 5.001
SPIN 1 6 13 11 1.033 5.185 -2.655
SPIN 1 6 13 12 0.095 5.841 -0.936
SPIN 1 6 13 13 -1.774 1.279 -5.497
SPIN 1 6 13 14 4.189 0.183 4.173
SPIN 1 6 13 15 -5.437 1.552 -1.740
SPIN 4 6 13 0 -1.497 1.190 -5.598
SPIN 4 6 13 1 0.863 1.275 5.712
SPIN 4 6 13 2 -2.392 -3.557 -4.078
SPIN 4 6 13 3 -2.926 4.604 2.290
SPIN 4 6 13 4 1.151 4.678 -3.433
SPIN 4 6 13 5 5.841 -0.889 0.312
SPIN 4 6 13 6 3.035 -0.412 -5.062
SPIN 4 6 13 7 3.396 -0.167 4.842
SPIN 4 6 13 8 -5.638 1.045 1.457
SPIN 4 6 13 9 4.290 -3.221 -2.494
SPIN 4 6 13 10 0.606 5.826 -0.829
SPIN 4 6 13 11 4.651 -2.645 -2.524
SPIN 4 6 13 12 -0.030 -5.848 0.892
SPIN 4 6 13 13 -4.479 2.331 -3.084
SPIN 4 6 13 14 -2.596 4.554 2.743
SPIN 4 6 13 15 5.323 -0.477 2.537
SPIN 1 6 14 0 1.049 4.298 3.927
SPIN 1 6 14 1 1.938 -5.588 0.117
SPIN 1 6 14 2 -4.309 3.307 2.344
SPIN 1 6 14 3 3.620 2.590 -3.897
SPIN 1 6 14 4 -3.106 -3.997 3.062
SPIN 1 6 14 5 -5.231 -0.529 -2.712
SPIN 1 6 14 6 -0.055 0.109 -5.915
SPIN 1 6 14 7 -5.166 -1.381 -2.530
SPIN 1 6 14 8 5.230 1.575 2.274
SPIN 1 6 14 9 -4.893 -2.633 2.030
SPIN 1 6 14 10 -5.185 -0.109 2.846
SPIN 1 6 14 11 3.463 -4.797 0.008
SPIN 1 6 14 12 -4.339 1.109 3.866
SPIN 1 6 14 13 5.798 1.136 0.302
SPIN 1 6 14 14 0.044 -4.912 3.296
SPIN 1 6 14 15 5.048 -2.883 -1.095
SPIN 4 6 14 0 1.016 -3.375 -4.752
SPIN 4 6 14 1 -0.627 -1.787 5.605
SPIN 4 6 14 2 3.095 -3.764 3.354
SPIN 4 6 14 3 -3.318 -2.343 4.302
SPIN 4 6 14 4 4.604 -1.752 -3.277
SPIN 4 6 14 5 -3.937 4.357 -0.717
SPIN 4 6 14 6 4.543 -0.423 -3.765
SPIN 4 6 14 7 -0.055 -1.632 5.686
SPIN 4 6 14 8 0.696 -1.919 -5.553
SPIN 4 6 14 9 3.546 3.496 -3.194
SPIN 4 6 14 10 2.769 -2.385 -4.652
SPIN 4 6 14 11 -4.552 2.396 2.922
SPIN 4 6 14 12 -2.700 -4.918 -1.877
SPIN 4 6 14 13 5.899 -0.085 -0.444
SPIN 4 6 14 14 0.884 -3.198 -4.898
SPIN 4 6 14 15 -4.357 3.514 1.914
SPIN 1 6 15 0 -1.084 3.339 -4.762
SPIN 1 6 15 1 0.933 -2.222 5.403
SPIN 1 6 15 2 3.426 -0.378 -4.808
SPIN 1 6 15 3 -0.556 -1.112 5.784
SPIN 1 6 15 4 -3.511 -4.410 -1.794
SPIN 1 6 15 5 4.628 -2.755 2.449
SPIN 1 6 15 6 3.962 -2.930 3.274
SPIN 1 6 15 7 4.171 4.063 -1.046
SPIN 1 6 15 8 -5.456 -1.597 -1.637
SPIN 1 6 15 9 0.611 5.864 0.486
SPIN 1 6 15 10 -0.129 1.602 5.694
SPIN 1 6 15 11 -3.931 -4.409 0.328
SPIN 1 6 15 12 0.784 -2.240 -5.419
SPIN 1 6 15 13 4.576 -2.162 3.064
SPIN 1 6 15 14 -2.420 4.016 -3.608
SPIN 1 6 15 15 -1.177 -3.975 4.221
SPIN 4 6 15 0 0.918 0.437 5.828
SPIN 4 6 15 1 -1.506 3.812 -4.266
SPIN 4 6 15 2 -5.814 0.668 -0.866
SPIN 4 6 15 3 4.544 2.989 -2.327
SPIN 4 6 15 4 -1.240 4.018 -4.162
SPIN 4 6 15 5 -4.741 0.754 3.458
SPIN 4 6 15 6 -5.856 -0.654 -0.528
SPIN 4 6 15 7 5.774 1.167 -0.548
SPIN 4 6 15 8 -4.520 0.657 3.760
SPIN 4 6 15 9 -0.983 0.934 -5.759
SPIN 4 6 15 10 3.183 -4.118 2.813
SPIN 4 6 15 11 -0.458 5.845 0.793
SPIN 4 6 15 12 0.314 -1.798 5.628
SPIN 4 6 15 13 2.184 5.469 -0.566
SPIN 4 6 15 14 3.173 -4.364 -2.426
SPIN 4 6 15 15 -5.174 2.624 1.158
SPIN 3 6 0 0 3.482 3.575 -3.177
SPIN 3 6 0 1 -4.591 -3.503 1.285
SPIN 3 6 0 2 5.280 -2.202 1.508
SPIN 3 6 0 3 -0.610 -1.755 -5.617
SPIN 3 6 0 4 4.169 0.940 -4.091
SPIN 3 6 0 5 3.852 3.592 2.694
SPIN 3 6 0 6 -0.198 -5.445 2.304
SPIN 3 6 0 7 -3.556 3.236 3.447
SPIN 3 6 0 8 4.305 -0.620 -4.010
SPIN 3 6 0 9 -2.944 3.780 3.470
SPIN 3 6 0 10 2.636 -4.464 2.851
SPIN 3 6 0 11 -4.750 -3.463 -0.665
SPIN 3 6 0 12 5.495 1.900 1.094
SPIN 3 6 0 13 -0.206 -3.695 4.616
SPIN 3 6 0 14 0.173 2.449 5.382
SPIN 3 6 0 15 -2.158 -5.325 1.409
SPIN 2 6 0 0 -1.577 -2.405 5.170
SPIN 2 6 0 1 -4.928 -0.774 -3.181
SPIN 2 6 0 2 -5.284 2.197 1.500
SPIN 2 6 0 3 -4.409 2.300 3.204
SPIN 2 6 0 4 -3.687 2.676 -3.775
SPIN 2 6 0 5 -1.163 1.265 -5.661
SPIN 2 6 0 6 -4.367 -1.461 -3.714
SPIN 2 6 0 7 4.930 1.652 2.822
SPIN 2 6 0 8 3.132 3.454 -3.641
SPIN 2 6 0 9 -2.421 5.241 -1.291
SPIN 2 6 0 10 -4.306 -0.014 4.057
SPIN 2 6 0 11 -2.624 -5.203 1.020
SPIN 2 6 0 12 -3.419 4.648 -1.305
SPIN 2 6 0 13 5.523 0.628 -2.024
SPIN 2 6 0 14 3.590 1.254 -4.532
SPIN 2 6 0 15 4.949 -0.913 -3.110
SPIN 3 6 1 0 -3.488 -4.765 -0.359
SPIN 3 6 1 1 0.056 -1.823 5.628
SPIN 3 6 1 2 -0.967 5.506 -1.937
SPIN 3 6 1 3 3.730 -2.088 4.090
SPIN 3 6 1 4 -5.874 0.548 -0.437
SPIN 3 6 1 5 0.272 -4.047 4.307
SPIN 3 6 1 6 -0.635 4.050 -4.265
SPIN 3 6 1 7 4.312 -4.036 0.338
SPIN 3 6 1 8 4.973 1.992 2.510
SPIN 3 6 1 9 -3.810 1.888 4.113
SPIN 3 6 1 10 3.195 4.714 1.602
SPIN 3 6 1 11 -3.437 1.929 4.412
SPIN 3 6 1 12 -3.537 0.591 -4.705
SPIN 3 6 1 13 4.138 1.217 -4.049
SPIN 3 6 1 14 1.950 -2.826 4.818
SPIN 3 6 1 15 0.765 -1.897 5.551
SPIN 2 6 1 0 -3.676 3.111 3.437
SPIN 2 6 1 1 3.857 -4.373 0.999
SPIN 2 6 1 2 -1.587 -1.246 -5.561
SPIN 2 6 1 3 0.446 -4.920 3.255
SPIN 2 6 1 4 -0.814 -5.059 -2.957
SPIN 2 6 1 5 4.480 -0.108 3.862
SPIN 2 6 1 6 0.175 0.567 -5.886
SPIN 2 6 1 7 -0.776 0.767 5.815
SPIN 2 6 1 8 -5.657 -1.730 -0.067
SPIN 2 6 1 9 0.359 4.422 -3.913
SPIN 2 6 1 10 2.491 4.048 3.523
SPIN 2 6 1 11 0.662 -5.507 -2.058
SPIN 2 6 1 12 -0.462 -4.803 -3.424
SPIN 2 6 1 13 0.748 -4.923 -3.195
SPIN 2 6 1 14 -5.244 2.704 -0.432
SPIN 2 6 1 15 -2.836 5.098 0.984
SPIN 3 6 2 0 2.301 4.733 2.703
SPIN 3 6 2 1 5.567 -1.869 0.718
SPIN 3 6 2 2 1.781 -5.614 -0.556
SPIN 3 6 2 3 -1.361 4.257 3.876
SPIN 3 6 2 4 3.205 0.182 -4.970
SPIN 3 6 2 5 -4.420 3.427 -1.928
SPIN 3 6 2 6 -5.098 -3.003 0.006
SPIN 3 6 2 7 -1.089 5.812 -0.186
SPIN 3 6 2 8 -1.111 -3.173 -4.868
SPIN 3 6 2 9 1.963 -1.501 -5.375
SPIN 3 6 2 10 4.374 -1.921 3.490
SPIN 3 6 2 11 -0.777 2.580 -5.267
SPIN 3 6 2 12 -2.778 2.947 4.313
SPIN 3 6 2 13 1.047 -2.791 5.110
SPIN 3 6 2 14 1.035 -5.604 -1.589
SPIN 3 6 2 15 -2.022 -5.353 -1.501
SPIN 2 6 2 0 4.708 -3.560 -0.400
SPIN 2 6 2 1 3.890 -0.886 -4.369
SPIN 2 6 2 2 -3.774 -4.533 0.454
SPIN 2 6 2 3 -2.343 0.810 -5.372
SPIN 2 6 2 4 0.017 5.158 -2.897
SPIN 2 6 2 5 -1.614 -3.738 -4.292
SPIN 2 6 2 6 2.624 -3.434 4.040
SPIN 2 6 2 7 -5.546 -0.785 -1.905
SPIN 2 6 2 8 5.552 1.949 -0.612
SPIN 2 6 2 9 -3.340 3.112 3.763
SPIN 2 6 2 10 -2.229 0.911 -5.404
SPIN 2 6 2 11 -4.696 1.959 -3.018
SPIN 2 6 2 12 3.882 4.164 -1.609
SPIN 2 6 2 13 1.019 -4.577 3.607
SPIN 2 6 2 14 0.526 -5.424 -2.304
SPIN 2 6 2 15 -2.694 -2.537 -4.616
SPIN 3 6 3 0 -5.562 -0.658 1.905
SPIN 3 6 3 1 -3.456 4.273 -2.190
SPIN 3 6 3 2 -2.014 3.443 4.369
SPIN 3 6 3 3 4.390 -1.396 -3.712
SPIN 3 6 3 4 1.321 5.640 -1.201
SPIN 3 6 3 5 1.211 -5.718 -0.917
SPIN 3 6 3 6 -5.297 -2.466 -0.928
SPIN 3 6 3 7 -5.402 -0.943 -2.219
SPIN 3 6 3 8 0.117 -2.316 5.442
SPIN 3 6 3 9 -1.231 3.958 -4.221
SPIN 3 6 3 10 -5.701 1.361 -0.801
SPIN 3 6 3 11 5.463 0.776 -2.135
SPIN 3 6 3 12 -0.725 3.442 -4.757
SPIN 3 6 3 13 -2.480 5.370 -0.121
SPIN 3 6 3 14 -2.642 4.373 2.982
SPIN 3 6 3 15 -1.441 -3.186 -4.772
SPIN 2 6 3 0 -3.662 -1.194 -4.490
SPIN 2 6 3 1 -3.780 -1.009 4.438
SPIN 2 6 3 2 -4.357 -3.598 -1.753
SPIN 2 6 3 3 -0.551 -0.732 5.845
SPIN 2 6 3 4 -5.178 2.117 -1.925
SPIN 2 6 3 5 0.666 5.090 -2.941
SPIN 2 6 3 6 3.217 0.892 4.884
SPIN 2 6 3 7 3.598 -1.281 -4.518
SPIN 2 6 3 8 0.329 -4.304 -4.046
SPIN 2 6 3 9 -3.895 -1.322 4.252
SPIN 2 6 3 10 0.117 -2.669 -5.278
SPIN 2 6 3 11 -0.318 0.997 -5.823
SPIN 2 6 3 12 2.712 -1.175 5.125
SPIN 2 6 3 13 -3.421 -3.648 -3.161
SPIN 2 6 3 14 -4.188 -1.395 3.938
SPIN 2 6 3 15 -0.891 1.853 5.547
SPIN 3 6 4 0 1.797 -3.831 4.135
SPIN 3 6 4 1 4.385 -1.155 3.799
SPIN 3 6 4 2 2.618 0.208 -5.301
SPIN 3 6 4 3 -2.946 2.960 -4.191
SPIN 3 6 4 4 -1.455 -5.730 0.216
SPIN 3 6 4 5 -4.029 -3.242 2.875
SPIN 3 6 4 6 1.438 1.266 -5.597
SPIN 3 6 4 7 -1.642 0.834 5.622
SPIN 3 6 4 8 4.036 1.158 -4.168
SPIN 3 6 4 9 -3.946 -2.319 3.749
SPIN 3 6 4 10 -2.337 4.428 -3.152
SPIN 3 6 4 11 2.280 -5.437 -0.491
SPIN 3 6 4 12 -4.370 -1.921 3.494
SPIN 3 6 4 13 -0.669 -5.814 0.868
SPIN 3 6 4 14 5.520 0.579 -2.047
SPIN 3 6 4 15 2.871 3.859 -3.444
SPIN 2 6 4 0 -1.670 -5.461 -1.546
SPIN 2 6 4 1 0.012 -0.433 -5.900
SPIN 2 6 4 2 -4.874 -0.124 3.351
SPIN 2 6 4 3 -2.915 4.681 -2.143
SPIN 2 6 4 4 4.438 1.246 3.708
SPIN 2 6 4 5 0.170 -3.351 4.873
SPIN 2 6 4 6 -1.091 -5.196 2.610
SPIN 2 6 4 7 -3.771 2.092 -4.050
SPIN 2 6 4 8 5.490 0.020 -2.205
SPIN 2 6 4 9 4.057 4.206 -0.919
SPIN 2 6 4 10 -2.817 -5.201 0.093
SPIN 2 6 4 11 -4.662 -2.617 -2.533
SPIN 2 6 4 12 3.125 5.013 0.317
SPIN 2 6 4 13 -2.715 1.718 -4.968
SPIN 2 6 4 14 4.717 -3.539 0.470
SPIN 2 6 4 15 0.938 5.474 2.039
SPIN 3 6 5 0 -1.054 -0.257 -5.816
SPIN 3 6 5 1 5.649 1.752 -0.154
SPIN 3 6 5 2 -4.111 -0.588 4.213
SPIN 3 6 5 3 5.134 1.587 -2.475
SPIN 3 6 5 4 -1.614 4.883 -2.925
SPIN 3 6 5 5 2.637 4.833 2.165
SPIN 3 6 5 6 4.181 0.855 -4.097
SPIN 3 6 5 7 -0.644 2.302 -5.412
SPIN 3 6 5 8 -2.007 -0.804 5.507
SPIN 3 6 5 9 0.156 -5.057 -3.067
SPIN 3 6 5 10 5.092 2.543 1.614
SPIN 3 6 5 11 -5.848 -0.818 -0.357
SPIN 3 6 5 12 -0.103 -2.058 -5.546
SPIN 3 6 5 13 4.334 -3.902 -0.993
SPIN 3 6 5 14 -0.534 2.670 -5.252
SPIN 3 6 5 15 1.345 -0.315 5.752
SPIN 2 6 5 0 2.911 4.968 -1.357
SPIN 2 6 5 1 5.181 -1.033 2.663
SPIN 2 6 5 2 0.919 1.041 -5.751
SPIN 2 6 5 3 3.312 -1.345 4.714
SPIN 2 6 5 4 1.464 4.640 -3.366
SPIN 2 6 5 5 1.984 1.010 5.481
SPIN 2 6 5 6 3.001 4.892 1.434
SPIN 2 6 5 7 -4.224 -4.047 0.886
SPIN 2 6 5 8 -3.978 -4.286 -0.897
SPIN 2 6 5 9 -0.794 4.425 3.846
SPIN 2 6 5 10 -3.095 -4.087 2.952
SPIN 2 6 5 11 4.496 1.230 -3.643
SPIN 2 6 5 12 -5.341 2.431 0.749
SPIN 2 6 5 13 -5.751 -1.076 0.874
SPIN 2 6 5 14 5.462 -1.690 -1.519
SPIN 2 6 5 15 0.794 -4.834 -3.318
SPIN 3 6 6 0 -4.084 0.155 4.278
SPIN 3 6 6 1 -1.093 -3.817 -4.386
SPIN 3 6 6 2 1.960 3.433 -4.401
SPIN 3 6 6 3 -5.841 0.703 -0.619
SPIN 3 6 6 4 -3.110 -3.577 3.541
SPIN 3 6 6 5 -3.999 -3.673 2.350
SPIN 3 6 6 6 -5.773 -1.140 -0.606
SPIN 3 6 6 7 2.385 5.221 -1.433
SPIN 3 6 6 8 -3.861 -4.467 -0.374
SPIN 3 6 6 9 0.306 5.731 1.436
SPIN 3 6 6 10 4.457 -3.356 1.967
SPIN 3 6 6 11 -0.706 5.635 -1.659
SPIN 3 6 6 12 -1.856 -4.957 2.644
SPIN 3 6 6 13 0.554 4.572 3.713
SPIN 3 6 6 14 -0.536 2.673 -5.251
SPIN 3 6 6 15 5.289 -2.148 -1.552
SPIN 2 6 6 0 -4.004 -2.575 3.512
SPIN 2 6 6 1 3.811 1.251 -4.349
SPIN 2 6 6 2 -4.836 -3.223 -1.108
SPIN 2 6 6 3 -4.862 1.685 -2.919
SPIN 2 6 6 4 5.705 1.541 -0.274
SPIN 2 6 6 5 4.940 1.484 2.897
SPIN 2 6 6 6 -1.431 4.229 3.882
SPIN 2 6 6 7 -4.100 -1.644 -3.935
SPIN 2 6 6 8 5.909 -0.138 -0.262
SPIN 2 6 6 9 2.103 -3.332 4.413
SPIN 2 6 6 10 1.118 -1.873 5.499
SPIN 2 6 6 11 -1.826 5.357 -1.723
SPIN 2 6 6 12 -0.346 -4.345 4.000
SPIN 2 6 6 13 1.465 -1.092 -5.627
SPIN 2 6 6 14 -3.308 -4.233 2.477
SPIN 2 6 6 15 4.626 0.951 3.562
SPIN 3 6 7 0 -4.255 2.190 -3.479
SPIN 3 6 7 1 1.318 -0.926 5.693
SPIN 3 6 7 2 1.276 3.088 -4.882
SPIN 3 6 7 3 1.864 -5.356 1.686
SPIN 3 6 7 4 -3.941 -3.935 -1.995
SPIN 3 6 7 5 -1.101 0.848 -5.751
SPIN 3 6 7 6 3.932 4.419 0.112
SPIN 3 6 7 7 -3.450 -4.567 1.496
SPIN 3 6 7 8 -4.091 0.532 -4.240
SPIN 3 6 7 9 -0.811 -1.597 -5.638
SPIN 3 6 7 10 5.715 -0.775 1.319
SPIN 3 6 7 11 -0.489 -5.658 1.657
SPIN 3 6 7 12 -2.478 -5.234 -1.211
SPIN 3 6 7 13 -0.646 -5.686 -1.502
SPIN 3 6 7 14 -3.062 -4.527 2.264
SPIN 3 6 7 15 5.250 -2.437 -1.225
SPIN 2 6 7 0 5.775 -1.275 -0.144
SPIN 2 6 7 1 -2.942 1.756 -4.823
SPIN 2 6 7 2 5.287 -0.450 -2.617
SPIN 2 6 7 3 5.383 1.759 1.713
SPIN 2 6 7 4 5.624 0.386 -1.796
SPIN 2 6 7 5 0.160 2.764 5.228
SPIN 2 6 7 6 -0.139 5.452 -2.293
SPIN 2 6 7 7 2.500 4.732 2.521
SPIN 2 6 7 8 -5.062 0.420 3.033
SPIN 2 6 7 9 4.233 1.322 3.915
SPIN 2 6 7 10 -0.501 -5.592 -1.864
SPIN 2 6 7 11 5.695 -0.153 1.593
SPIN 2 6 7 12 -3.038 -5.045 -0.561
SPIN 2 6 7 13 -3.781 -4.491 -0.731
SPIN 2 6 7 14 2.242 -0.305 -5.466
SPIN 2 6 7 15 -3.779 4.280 -1.550
SPIN 3 6 8 0 -0.069 -3.459 -4.799
SPIN 3 6 8 1 -2.896 -3.679 3.617
SPIN 3 6 8 2 5.028 -1.277 2.845
SPIN 3 6 8 3 4.795 -3.405 0.640
SPIN 3 6 8 4 0.405 5.899 -0.202
SPIN 3 6 8 5 -0.800 -5.366 2.360
SPIN 3 6 8 6 0.201 -5.906 0.278
SPIN 3 6 8 7 -1.344 3.450 -4.614
SPIN 3 6 8 8 -5.634 -0.326 -1.776
SPIN 3 6 8 9 2.426 -5.367 0.556
SPIN 3 6 8 10 -5.529 1.664 -1.287
SPIN 3 6 8 11 -5.774 0.927 -0.898
SPIN 3 6 8 12 -3.189 -4.969 -0.366
SPIN 3 6 8 13 4.811 3.431 -0.282
SPIN 3 6 8 14 -4.845 -3.310 -0.759
SPIN 3 6 8 15 -1.124 0.131 5.807
SPIN 2 6 8 0 -1.031 1.962 5.485
SPIN 2 6 8 1 -0.048 -1.631 -5.687
SPIN 2 6 8 2 -2.974 -2.420 4.505
SPIN 2 6 8 3 3.984 0.807 -4.299
SPIN 2 6 8 4 -0.524 2.890 5.136
SPIN 2 6 8 5 -0.866 -2.108 -5.460
SPIN 2 6 8 6 4.254 -2.494 3.268
SPIN 2 6 8 7 -1.788 3.890 -4.083
SPIN 2 6 8 8 4.742 -3.180 -1.549
SPIN 2 6 8 9 -2.652 3.984 -3.479
SPIN 2 6 8 10 -2.907 4.291 -2.852
SPIN 2 6 8 11 2.002 5.026 2.394
SPIN 2 6 8 12 2.154 4.825 -2.661
SPIN 2 6 8 13 -2.563 -2.517 4.701
SPIN 2 6 8 14 -2.283 5.453 -0.235
SPIN 2 6 8 15 1.180 -4.363 3.817
SPIN 3 6 9 0 1.751 -2.318 5.154
SPIN 3 6 9 1 -0.712 -5.475 2.125
SPIN 3 6 9 2 -1.074 5.743 -0.931
SPIN 3 6 9 3 -2.695 -5.256 -0.334
SPIN 3 6 9 4 3.693 1.537 4.359
SPIN 3 6 9 5 -3.275 -1.199 4.779
SPIN 3 6 9 6 4.317 -0.810 -3.964
SPIN 3 6 9 7 3.200 -4.087 2.839
SPIN 3 6 9 8 5.479 0.789 -2.086
SPIN 3 6 9 9 3.999 -4.347 0.337
SPIN 3 6 9 10 2.231 -2.625 4.810
SPIN 3 6 9 11 -3.452 0.753 4.745
SPIN 3 6 9 12 3.589 -1.562 -4.436
SPIN 3 6 9 13 -0.029 2.847 -5.186
SPIN 3 6 9 14 0.532 2.146 5.487
SPIN 3 6 9 15 -1.000 1.632 -5.598
SPIN 2 6 9 0 1.255 0.267 -5.775
SPIN 2 6 9 1 2.095 -1.177 5.406
SPIN 2 6 9 2 -4.705 -0.201 -3.581
SPIN 2 6 9 3 0.428 3.961 4.374
SPIN 2 6 9 4 -4.068 0.581 4.256
SPIN 2 6 9 5 -5.395 -0.354 2.401
SPIN 2 6 9 6 -4.814 -2.172 2.666
SPIN 2 6 9 7 1.466 1.615 5.499
SPIN 2 6 9 8 -3.697 1.562 4.347
SPIN 2 6 9 9 0.693 0.293 -5.868
SPIN 2 6 9 10 5.315 2.489 0.745
SPIN 2 6 9 11 -1.213 -5.782 -0.305
SPIN 2 6 9 12 2.966 1.710 -4.825
SPIN 2 6 9 13 -5.747 0.761 1.179
SPIN 2 6 9 14 0.183 -5.682 1.639
SPIN 2 6 9 15 -4.658 2.329 2.807
SPIN 3 6 10 0 5.682 -1.002 -1.310
SPIN 3 6 10 1 1.983 5.522 -0.759
SPIN 3 6 10 2 1.460 -4.541 3.499
SPIN 3 6 10 3 -3.054 2.573 -4.365
SPIN 3 6 10 4 -4.327 0.114 -4.033
SPIN 3 6 10 5 -1.175 -4.458 3.707
SPIN 3 6 10 6 5.838 -0.557 0.778
SPIN 3 6 10 7 -3.043 -0.976 4.979
SPIN 3 6 10 8 3.857 -4.419 -0.771
SPIN 3 6 10 9 -1.529 5.282 2.182
SPIN 3 6 10 10 -4.198 -3.088 -2.801
SPIN 3 6 10 11 -2.084 -4.960 2.460
SPIN 3 6 10 12 3.849 -4.342 1.155
SPIN 3 6 10 13 0.141 4.893 3.322
SPIN 3 6 10 14 4.394 -3.623 1.601
SPIN 3 6 10 15 5.382 0.548 2.396
SPIN 2 6 10 0 -1.312 2.046 5.394
SPIN 2 6 10 1 -1.394 -2.276 5.280
SPIN 2 6 10 2 -3.875 -2.619 3.622
SPIN 2 6 10 3 1.277 1.561 -5.562
SPIN 2 6 10 4 4.804 0.267 -3.442
SPIN 2 6 10 5 3.680 1.152 4.487
SPIN 2 6 10 6 -2.551 3.690 -3.857
SPIN 2 6 10 7 4.171 3.965 -1.370
SPIN 2 6 10 8 0.697 5.594 1.794
SPIN 2 6 10 9 -1.323 5.307 -2.255
SPIN 2 6 10 10 -4.078 -3.244 -2.800
SPIN 2 6 10 11 1.683 5.615 0.802
SPIN 2 6 10 12 1.432 -4.995 -2.828
SPIN 2 6 10 13 2.007 -0.414 5.550
SPIN 2 6 10 14 0.352 -5.689 -1.586
SPIN 2 6 10 15 -3.716 -3.152 -3.354
SPIN 3 6 11 0 -4.893 -2.911 -1.607
SPIN 3 6 11 1 0.864 1.785 5.574
SPIN 3 6 11 2 3.677 4.192 1.978
SPIN 3 6 11 3 0.137 -5.860 -0.804
SPIN 3 6 11 4 -1.951 -0.825 -5.524
SPIN 3 6 11 5 -4.334 4.006 -0.402
SPIN 3 6 11 6 4.594 3.638 0.813
SPIN 3 6 11 7 4.405 -2.545 -3.019
SPIN 3 6 11 8 -0.565 3.061 5.031
SPIN 3 6 11 9 5.894 0.492 -0.123
SPIN 3 6 11 10 -0.363 3.899 4.435
SPIN 3 6 11 11 4.396 -0.060 -3.959
SPIN 3 6 11 12 -0.711 2.747 5.191
SPIN 3 6 11 13 5.037 -0.259 -3.093
SPIN 3 6 11 14 -1.450 3.673 4.405
SPIN 3 6 11 15 2.033 1.521 -5.344
SPIN 2 6 11 0 -4.547 3.775 -0.268
SPIN 2 6 11 1 2.487 1.304 -5.207
SPIN 2 6 11 2 0.605 2.719 -5.219
SPIN 2 6 11 3 -0.237 -4.491 3.844
SPIN 2 6 11 4 3.178 4.937 -0.727
SPIN 2 6 11 5 3.519 -3.001 3.689
SPIN 2 6 11 6 -5.237 -1.126 -2.512
SPIN 2 6 11 7 -2.797 -2.149 4.750
SPIN 2 6 11 8 5.173 -0.525 2.822
SPIN 2 6 11 9 1.521 -5.670 -0.736
SPIN 2 6 11 10 -0.300 0.360 5.898
SPIN 2 6 11 11 3.023 3.322 -3.850
SPIN 2 6 11 12 0.481 -3.243 4.925
SPIN 2 6 11 13 -1.477 1.814 5.434
SPIN 2 6 11 14 -5.324 -2.576 -0.142
SPIN 2 6 11 15 5.380 0.001 2.460
SPIN 3 6 12 0 1.950 -0.922 5.509
SPIN 3 6 12 1 -2.030 -1.061 5.455
SPIN 3 6 12 2 -5.258 -1.831 2.001
SPIN 3 6 12 3 2.846 3.726 -3.608
SPIN 3 6 12 4 2.043 -3.004 4.670
SPIN 3 6 12 5 5.387 -1.618 -1.833
SPIN 3 6 12 6 2.914 1.633 -4.883
SPIN 3 6 12 7 -5.102 -1.680 -2.480
SPIN 3 6 12 8 5.472 -0.274 2.232
SPIN 3 6 12 9 -4.584 2.951 2.298
SPIN 3 6 12 10 -1.847 -5.597 0.507
SPIN 3 6 12 11 -4.444 -1.029 3.767
SPIN 3 6 12 12 -1.590 2.485 -5.128
SPIN 3 6 12 13 -3.962 4.106 -1.562
SPIN 3 6 12 14 -1.334 -3.136 -4.836
SPIN 3 6 12 15 3.202 4.647 1.776
SPIN 2 6 12 0 -2.691 -4.705 -2.371
SPIN 2 6 12 1 4.414 3.652 1.478
SPIN 2 6 12 2 -0.942 0.676 5.801
SPIN 2 6 12 3 -0.806 5.316 -2.469
SPIN 2 6 12 4 -3.566 -0.120 4.719
SPIN 2 6 12 5 1.287 -3.984 -4.180
SPIN 2 6 12 6 5.866 -0.725 -0.249
SPIN 2 6 12 7 -1.889 -3.836 -4.089
SPIN 2 6 12 8 4.139 -0.931 -4.124
SPIN 2 6 12 9 4.464 -3.577 -1.511
SPIN 2 6 12 10 -5.152 2.483 1.515
SPIN 2 6 12 11 -1.275 -3.065 -4.897
SPIN 2 6 12 12 -0.669 -2.575 -5.284
SPIN 2 6 12 13 4.701 -3.591 0.009
SPIN 2 6 12 14 -0.300 -0.624 5.875
SPIN 2 6 12 15 -4.162 3.901 -1.568
SPIN 3 6 13 0 -3.415 4.818 -0.349
SPIN 3 6 13 1 4.115 -0.787 -4.177
SPIN 3 6 13 2 -0.954 0.284 5.832
SPIN 3 6 13 3 4.593 -3.063 -2.126
SPIN 3 6 13 4 -3.403 -3.603 -3.230
SPIN 3 6 13 5 -1.536 -3.291 4.670
SPIN 3 6 13 6 1.278 4.441 -3.693
SPIN 3 6 13 7 4.873 -2.479 -2.260
SPIN 3 6 13 8 -2.803 -5.093 -1.096
SPIN 3 6 13 9 4.814 0.397 -3.416
SPIN 3 6 13 10 -5.070 2.170 2.141
SPIN 3 6 13 11 -4.613 -2.670 2.568
SPIN 3 6 13 12 -2.526 4.870 2.213
SPIN 3 6 13 13 4.008 1.868 3.931
SPIN 3 6 13 14 -4.756 2.394 -2.578
SPIN 3 6 13 15 0.138 -0.952 5.837
SPIN 2 6 13 0 -0.150 4.476 3.865
SPIN 2 6 13 1 3.148 1.908 -4.631
SPIN 2 6 13 2 -2.280 1.405 -5.275
SPIN 2 6 13 3 -5.540 -1.979 -0.623
SPIN 2 6 13 4 4.663 -2.660 -2.486
SPIN 2 6 13 5 4.333 3.980 -0.620
SPIN 2 6 13 6 -2.230 -5.202 1.722
SPIN 2 6 13 7 -0.550 -3.774 4.523
SPIN 2 6 13 8 -2.841 -5.178 0.348
SPIN 2 6 13 9 -2.046 4.737 2.893
SPIN 2 6 13 10 -5.005 -1.789 2.598
SPIN 2 6 13 11 2.228 -2.581 4.835
SPIN 2 6 13 12 -0.504 3.689 4.598
SPIN 2 6 13 13 -5.058 1.921 2.392
SPIN 2 6 13 14 -0.929 -2.996 -5.016
SPIN 2 6 13 15 2.318 -3.340 4.298
SPIN 3 6 14 0 -5.191 2.684 -0.922
SPIN 3 6 14 1 -2.706 -5.245 -0.410
SPIN 3 6 14 2 5.831 -0.281 0.959
SPIN 3 6 14 3 -3.643 1.573 4.388
SPIN 3 6 14 4 -2.177 5.019 -2.252
SPIN 3 6 14 5 -2.235 -4.226 3.485
SPIN 3 6 14 6 -3.054 2.191 4.569
SPIN 3 6 14 7 -2.390 3.664 -3.983
SPIN 3 6 14 8 -4.583 -3.106 2.085
SPIN 3 6 14 9 3.733 3.661 -2.768
SPIN 3 6 14 10 2.714 -3.542 -3.884
SPIN 3 6 14 11 1.421 5.103 -2.633
SPIN 3 6 14 12 -5.807 0.054 -1.130
SPIN 3 6 14 13 2.539 -5.266 0.909
SPIN 3 6 14 14 3.308 3.995 2.846
SPIN 3 6 14 15 1.644 -1.986 -5.325
SPIN 2 6 14 0 4.846 -3.163 1.231
SPIN 2 6 14 1 -2.707 -5.037 -1.515
SPIN 2 6 14 2 -4.350 0.931 3.900
SPIN 2 6 14 3 5.755 1.034 0.900
SPIN 2 6 14 4 -0.061 -3.713 -4.605
SPIN 2 6 14 5 0.191 0.031 -5.913
SPIN 2 6 14 6 -1.196 -5.224 2.505
SPIN 2 6 14 7 -1.940 -4.006 -3.897
SPIN 2 6 14 8 5.710 1.083 1.106
SPIN 2 6 14 9 5.440 -0.123 -2.321
SPIN 2 6 14 10 2.123 1.556 -5.298
SPIN 2 6 14 11 -0.539 2.300 -5.424
SPIN 2 6 14 12 5.104 0.824 2.876
SPIN 2 6 14 13 -1.551 4.414 3.622
SPIN 2 6 14 14 1.836 -0.876 -5.556
SPIN 2 6 14 15 -1.484 2.533 -5.136
SPIN 3 6 15 0 3.113 4.039 2.999
SPIN 3 6 15 1 0.761 5.228 2.662
SPIN 3 6 15 2 -4.015 2.648 -3.445
SPIN 3 6 15 3 -0.277 3.104 5.029
SPIN 3 6 15 4 0.675 -3.732 4.541
SPIN 3 6 15 5 -2.351 3.183 -4.398
SPIN 3 6 15 6 -2.043 5.129 2.125
SPIN 3 6 15 7 2.812 0.288 5.197
SPIN 3 6 15 8 -0.039 0.708 -5.873
SPIN 3 6 15 9 1.042 -5.804 -0.475
SPIN 3 6 15 10 4.238 4.020 0.938
SPIN 3 6 15 11 -4.948 0.047 3.243
SPIN 3 6 15 12 -3.324 -1.252 4.731
SPIN 3 6 15 13 2.711 5.091 -1.317
SPIN 3 6 15 14 -3.372 3.923 2.871
SPIN 3 6 15 15 1.745 -4.081 3.911
SPIN 2 6 15 0 -5.538 1.646 -1.274
SPIN 2 6 15 1 0.811 -5.121 -2.849
SPIN 2 6 15 2 2.946 -3.684 3.571
SPIN 2 6 15 3 -5.313 0.203 -2.594
SPIN 2 6 15 4 2.922 4.488 -2.514
SPIN 2 6 15 5 5.148 -1.746 2.335
SPIN 2 6 15 6 2.841 5.082 -1.049
SPIN 2 6 15 7 1.017 -4.863 -3.213
SPIN 2 6 15 8 3.138 0.978 4.919
SPIN 2 6 15 9 0.047 -2.768 -5.229
SPIN 2 6 15 10 -4.563 -3.597 1.111
SPIN 2 6 15 11 0.685 2.595 5.272
SPIN 2 6 15 12 3.499 -0.722 -4.716
SPIN 2 6 15 13 0.409 2.750 -5.222
SPIN 2 6 15 14 -0.819 -1.498 5.664
SPIN 2 6 15 15 -0.751 -5.110 -2.885
SPIN 1 7 0 0 5.426 -0.453 -2.314
SPIN 1 7 0 1 1.033 4.951 3.069
SPIN 1 7 0 2 -0.569 1.504 -5.693
SPIN 1 7 0 3 -0.997 5.713 -1.167
SPIN 1 7 0 4 -3.907 0.941 4.342
SPIN 1 7 0 5 -2.235 3.549 -4.172
SPIN 1 7 0 6 -2.337 1.419 5.247
SPIN 1 7 0 7 -1.542 1.088 -5.607
SPIN 1 7 0 8 -2.223 -3.106 -4.518
SPIN 1 7 0 9 2.845 -2.199 4.698
SPIN 1 7 0 10 3.162 -0.320 -4.990
SPIN 1 7 0 11 -0.098 5.685 1.635
SPIN 1 7 0 12 -1.293 -5.455 -1.889
SPIN 1 7 0 13 -0.936 3.603 -4.598
SPIN 1 7 0 14 5.314 -1.882 -1.794
SPIN 1 7 0 15 -5.789 1.131 0.451
SPIN 4 7 0 0 1.255 -2.288 -5.309
SPIN 4 7 0 1 4.891 2.640 2.026
SPIN 4 7 0 2 -2.925 -4.322 -2.786
SPIN 4 7 0 3 2.507 -4.096 -3.455
SPIN 4 7 0 4 -5.408 -0.537 2.338
SPIN 4 7 0 5 1.503 4.342 -3.726
SPIN 4 7 0 6 -1.675 -1.234 5.538
SPIN 4 7 0 7 -2.096 -1.355 5.364
SPIN 4 7 0 8 -1.057 -2.526 -5.244
SPIN 4 7 0 9 -0.027 -0.959 -5.838
SPIN 4 7 0 10 -2.269 3.619 4.094
SPIN 4 7 0 11 0.943 -5.817 -0.525
SPIN 4 7 0 12 -2.277 -4.934 2.339
SPIN 4 7 0 13 1.258 2.872 -5.017
SPIN 4 7 0 14 -0.393 3.731 4.574
SPIN 4 7 0 15 1.259 -5.522 1.710
SPIN 1 7 1 0 4.692 1.538 3.258
SPIN 1 7 1 1 -3.419 -4.564 1.577
SPIN 1 7 1 2 -3.568 2.298 4.121
SPIN 1 7 1 3 -5.186 2.110 -1.911
SPIN 1 7 1 4 4.193 -3.727 -1.877
SPIN 1 7 1 5 -5.786 -0.276 1.203
SPIN 1 7 1 6 3.560 -3.316 3.366
SPIN 1 7 1 7 2.926 5.133 -0.311
SPIN 1 7 1 8 -1.834 -2.358 -5.106
SPIN 1 7 1 9 4.227 -0.986 4.020
SPIN 1 7 1 10 0.244 5.890 0.493
SPIN 1 7 1 11 -1.156 -4.159 -4.046
SPIN 1 7 1 12 1.114 3.299 4.783
SPIN 1 7 1 13 3.820 -4.435 -0.858
SPIN 1 7 1 14 -3.467 4.366 -1.980
SPIN 1 7 1 15 -0.319 -2.325 5.430
SPIN 4 7 1 0 -3.164 4.115 2.839
SPIN 4 7 1 1 2.270 -0.824 -5.401
SPIN 4 7 1 2 4.049 4.191 1.021
SPIN 4 7 1 3 -4.734 3.505 0.556
SPIN 4 7 1 4 3.764 4.004 2.191
SPIN 4 7 1 5 2.003 -5.471 -1.028
SPIN 4 7 1 6 0.886 -5.839 -0.354
SPIN 4 7 1 7 -3.536 -3.671 3.004
SPIN 4 7 1 8 0.542 5.490 2.137
SPIN 4 7 1 9 1.926 -3.445 4.407
SPIN 4 7 1 10 1.892 -4.374 -3.505
SPIN 4 7 1 11 -3.862 -1.970 4.025
SPIN 4 7 1 12 1.856 5.493 -1.177
SPIN 4 7 1 13 -5.906 0.342 0.073
SPIN 4 7 1 14 5.916 0.046 0.024
SPIN 4 7 1 15 -3.892 1.741 -4.102
SPIN 1 7 2 0 0.174 -0.319 5.905
SPIN 1 7 2 1 5.557 -1.551 1.311
SPIN 1 7 2 2 -5.226 -1.778 2.129
SPIN 1 7 2 3 2.846 2.777 4.380
SPIN 1 7 2 4 -5.393 1.952 1.449
SPIN 1 7 2 5 2.421 1.186 5.266
SPIN 1 7 2 6 4.025 -1.452 -4.085
SPIN 1 7 2 7 -0.435 5.484 -2.175
SPIN 1 7 2 8 -0.963 5.757 0.965
SPIN 1 7 2 9 -4.858 -2.454 -2.319
SPIN 1 7 2 10 0.171 4.806 -3.446
SPIN 1 7 2 11 2.488 -2.295 4.852
SPIN 1 7 2 12 0.748 -1.094 -5.766
SPIN 1 7 2 13 -3.396 -1.772 4.509
SPIN 1 7 2 14 1.863 3.911 -4.029
SPIN 1 7 2 15 5.139 1.262 -2.646
SPIN 4 7 2 0 2.582 -5.063 1.643
SPIN 4 7 2 1 -1.241 4.103 4.078
SPIN 4 7 2 2 4.809 0.593 -3.395
SPIN 4 7 2 3 -0.111 5.401 2.411
SPIN 4 7 2 4 2.032 -4.789 2.818
SPIN 4 7 2 5 -3.495 -4.752 0.449
SPIN 4 7 2 6 4.602 2.245 2.964
SPIN 4 7 2 7 5.192 -2.119 -1.884
SPIN 4 7 2 8 -4.800 3.420 0.518
SPIN 4 7 2 9 1.135 5.022 -2.914
SPIN 4 7 2 10 -5.406 -2.399 0.131
SPIN 4 7 2 11 -3.625 3.176 -3.431
SPIN 4 7 2 12 -3.594 0.181 -4.696
SPIN 4 7 2 13 -0.813 1.299 5.714
SPIN 4 7 2 14 -4.601 -0.445 3.692
SPIN 4 7 2 15 1.822 -4.694 -3.106
SPIN 1 7 3 0 2.911 3.722 3.560
SPIN 1 7 3 1 2.679 0.578 5.243
SPIN 1 7 3 2 2.949 5.101 0.533
SPIN 1 7 3 3 -4.259 -1.424 3.851
SPIN 1 7 3 4 2.531 -4.901 -2.138
SPIN 1 7 3 5 -0.083 4.882 -3.341
SPIN 1 7 3 6 0.859 -5.095 2.882
SPIN 1 7 3 7 1.123 -3.326 4.762
SPIN 1 7 3 8 -1.149 5.794 -0.327
SPIN 1 7 3 9 4.017 -0.532 -4.311
SPIN 1 7 3 10 -1.771 5.593 -0.759
SPIN 1 7 3 11 0.614 0.622 5.851
SPIN 1 7 3 12 -1.049 -3.672 4.518
SPIN 1 7 3 13 4.113 -1.723 3.888
SPIN 1 7 3 14 4.015 -2.705 3.400
SPIN 1 7 3 15 -5.063 1.311 2.766
SPIN 4 7 3 0 4.373 -1.535 -3.677
SPIN 4 7 3 1 3.204 -4.416 -2.288
SPIN 4 7 3 2 -1.864 -3.515 4.379
SPIN 4 7 3 3 -4.297 0.284 -4.056
SPIN 4 7 3 4 2.695 4.775 -2.223
SPIN 4 7 3 5 -1.290 -4.830 -3.163
SPIN 4 7 3 6 1.624 5.443 -1.654
SPIN 4 7 3 7 -2.927 -3.108 4.096
SPIN 4 7 3 8 3.047 -1.576 -4.820
SPIN 4 7 3 9 -3.792 4.537 0.174
SPIN 4 7 3 10 -3.415 -1.058 4.714
SPIN 4 7 3 11 -5.486 -2.205 -0.219
SPIN 4 7 3 12 4.223 -4.119 -0.450
SPIN 4 7 3 13 -4.109 1.434 -4.008
SPIN 4 7 3 14 -1.462 5.719 0.399
SPIN 4 7 3 15 -1.815 3.251 4.598
SPIN 1 7 4 0 -4.696 -2.255 2.804
SPIN 1 7 4 1 -4.756 -2.593 2.377
SPIN 1 7 4 2 4.115 -2.025 3.737
SPIN 1 7 4 3 3.897 0.834 -4.372
SPIN 1 7 4 4 -1.991 5.569 0.153
SPIN 1 7 4 5 1.520 -0.060 5.717
SPIN 1 7 4 6 -1.824 4.905 -2.760
SPIN 1 7 4 7 -3.727 -2.040 -4.116
SPIN 1 7 4 8 -0.418 4.509 3.807
SPIN 1 7 4 9 2.254 -5.349 -1.145
SPIN 1 7 4 10 -2.389 5.203 1.491
SPIN 1 7 4 11 4.888 -2.996 1.460
SPIN 1 7 4 12 4.551 3.416 1.617
SPIN 1 7 4 13 -4.541 -1.623 -3.427
SPIN 1 7 4 14 -0.253 -3.363 -4.861
SPIN 1 7 4 15 3.176 -4.052 -2.915
SPIN 4 7 4 0 1.377 5.701 0.773
SPIN 4 7 4 1 -4.224 -4.104 0.563
SPIN 4 7 4 2 2.820 5.199 -0.131
SPIN 4 7 4 3 5.639 -0.381 -1.747
SPIN 4 7 4 4 -0.071 5.457 2.283
SPIN 4 7 4 5 1.358 4.043 -4.100
SPIN 4 7 4 6 0.823 -5.054 2.964
SPIN 4 7 4 7 -0.123 1.563 -5.705
SPIN 4 7 4 8 1.597 2.431 5.152
SPIN 4 7 4 9 1.478 4.337 3.743
SPIN 4 7 4 10 -3.210 -2.718 -4.161
SPIN 4 7 4 11 -4.661 0.776 3.559
SPIN 4 7 4 12 4.882 2.911 1.642
SPIN 4 7 4 13 2.619 4.646 -2.561
SPIN 4 7 4 14 -0.524 3.081 -5.023
SPIN 4 7 4 15 0.136 -3.482 -4.781
SPIN 1 7 5 0 -1.557 2.551 -5.106
SPIN 1 7 5 1 4.017 -1.800 3.952
SPIN 1 7 5 2 -3.643 -0.958 -4.562
SPIN 1 7 5 3 -0.124 -2.631 5.297
SPIN 1 7 5 4 -4.744 -1.776 -3.056
SPIN 1 7 5 5 -2.500 -3.906 3.674
SPIN 1 7 5 6 -2.808 -5.198 0.312
SPIN 1 7 5 7 3.801 2.940 3.451
SPIN 1 7 5 8 3.274 -4.892 -0.594
SPIN 1 7 5 9 -5.101 1.697 2.469
SPIN 1 7 5 10 4.716 3.541 0.469
SPIN 1 7 5 11 -0.831 4.896 -3.215
SPIN 1 7 5 12 -0.831 -5.832 -0.543
SPIN 1 7 5 13 -1.488 5.429 1.821
SPIN 1 7 5 14 -4.462 3.050 2.406
SPIN 1 7 5 15 1.151 -5.704 -1.070
SPIN 4 7 5 0 -3.867 -2.010 4.001
SPIN 4 7 5 1 0.610 -2.636 -5.261
SPIN 4 7 5 2 3.369 4.226 -2.406
SPIN 4 7 5 3 -0.128 -5.271 -2.684
SPIN 4 7 5 4 0.746 -5.449 -2.179
SPIN 4 7 5 5 0.382 -3.552 -4.716
SPIN 4 7 5 6 5.430 -0.848 -2.190
SPIN 4 7 5 7 -2.387 -0.678 5.371
SPIN 4 7 5 8 -1.540 3.181 -4.745
SPIN 4 7 5 9 4.751 -3.142 -1.600
SPIN 4 7 5 10 -1.890 5.507 -1.048
SPIN 4 7 5 11 -4.485 -2.843 2.608
SPIN 4 7 5 12 -0.556 -3.925 -4.391
SPIN 4 7 5 13 2.820 3.046 -4.215
SPIN 4 7 5 14 -1.052 4.969 3.034
SPIN 4 7 5 15 -1.389 4.807 -3.157
SPIN 1 7 6 0 0.030 4.029 4.332
SPIN 1 7 6 1 1.008 -2.930 -5.040
SPIN 1 7 6 2 0.560 -0.570 5.862
SPIN 1 7 6 3 -2.427 -3.448 -4.150
SPIN 1 7 6 4 2.542 -0.291 5.334
SPIN 1 7 6 5 -3.148 4.914 -0.971
SPIN 1 7 6 6 4.678 -0.691 -3.555
SPIN 1 7 6 7 -1.768 -0.426 5.630
SPIN 1 7 6 8 -2.444 3.012 4.468
SPIN 1 7 6 9 0.669 -4.853 -3.317
SPIN 1 7 6 10 5.167 -2.525 1.386
SPIN 1 7 6 11 0.281 5.150 2.899
SPIN 1 7 6 12 0.682 -3.036 -5.031
SPIN 1 7 6 13 4.870 -1.581 -2.964
SPIN 1 7 6 14 -2.572 -3.951 3.574
SPIN 1 7 6 15 -5.702 -0.666 -1.430
SPIN 4 7 6 0 2.293 3.575 -4.119
SPIN 4 7 6 1 -5.353 1.237 -2.194
SPIN 4 7 6 2 1.773 -5.632 0.376
SPIN 4 7 6 3 -2.977 3.913 -3.290
SPIN 4 7 6 4 -0.527 -4.191 -4.142
SPIN 4 7 6 5 -0.046 -0.897 5.847
SPIN 4 7 6 6 2.454 3.871 3.741
SPIN 4 7 6 7 3.703 -2.069 -4.124
SPIN 4 7 6 8 0.512 -2.261 -5.443
SPIN 4 7 6 9 -1.735 -4.014 3.985
SPIN 4 7 6 10 -1.162 -0.942 -5.724
SPIN 4 7 6 11 -0.145 1.680 -5.671
SPIN 4 7 6 12 1.580 4.527 3.466
SPIN 4 7 6 13 -4.478 3.853 0.321
SPIN 4 7 6 14 -5.003 2.076 -2.378
SPIN 4 7 6 15 0.506 -5.870 0.541
SPIN 1 7 7 0 3.942 -4.341 0.787
SPIN 1 7 7 1 -5.400 -1.787 -1.628
SPIN 1 7 7 2 5.119 2.783 -1.026
SPIN 1 7 7 3 -0.368 0.081 5.904
SPIN 1 7 7 4 2.133 -5.499 0.458
SPIN 1 7 7 5 -3.733 -0.664 4.542
SPIN 1 7 7 6 3.689 -1.557 -4.355
SPIN 1 7 7 7 1.559 3.923 -4.145
SPIN 1 7 7 8 -3.018 -5.005 0.918
SPIN 1 7 7 9 -0.982 -2.404 -5.316
SPIN 1 7 7 10 -5.110 2.072 2.145
SPIN 1 7 7 11 -1.153 -3.597 -4.553
SPIN 1 7 7 12 -1.510 0.775 5.667
SPIN 1 7 7 13 4.918 -1.133 -3.087
SPIN 1 7 7 14 2.410 0.926 -5.323
SPIN 1 7 7 15 2.119 3.244 -4.471
SPIN 4 7 7 0 -5.352 -1.542 -1.995
SPIN 4 7 7 1 3.680 4.624 0.274
SPIN 4 7 7 2 -3.316 -1.741 -4.579
SPIN 4 7 7 3 -4.508 2.053 3.235
SPIN 4 7 7 4 2.000 -0.231 5.563
SPIN 4 7 7 5 2.978 5.041 0.851
SPIN 4 7 7 6 -2.659 2.281 -4.767
SPIN 4 7 7 7 4.199 -3.775 -1.765
SPIN 4 7 7 8 3.187 4.091 2.846
SPIN 4 7 7 9 -3.915 2.957 -3.305
SPIN 4 7 7 10 -4.060 4.239 -0.742
SPIN 4 7 7 11 0.451 0.494 -5.878
SPIN 4 7 7 12 5.794 0.140 -1.190
SPIN 4 7 7 13 2.651 -4.783 2.256
SPIN 4 7 7 14 4.809 0.571 3.398
SPIN 4 7 7 15 -2.436 5.362 0.557
SPIN 1 7 8 0 -1.372 4.823 -3.139
SPIN 1 7 8 1 -0.704 2.719 5.207
SPIN 1 7 8 2 0.477 4.054 4.282
SPIN 1 7 8 3 -5.099 -1.202 -2.748
SPIN 1 7 8 4 -2.755 -4.897 -1.852
SPIN 1 7 8 5 -3.806 -3.493 -2.882
SPIN 1 7 8 6 -4.129 3.413 2.510
SPIN 1 7 8 7 -2.924 -5.085 -0.767
SPIN 1 7 8 8 5.646 0.809 1.570
SPIN 1 7 8 9 0.098 -1.325 5.765
SPIN 1 7 8 10 3.301 2.863 -3.988
SPIN 1 7 8 11 4.930 1.683 -2.804
SPIN 1 7 8 12 2.608 -2.194 4.836
SPIN 1 7 8 13 -1.829 0.538 -5.600
SPIN 1 7 8 14 2.571 -3.378 4.121
SPIN 1 7 8 15 -0.591 5.868 -0.469
SPIN 4 7 8 0 2.979 -4.087 3.070
SPIN 4 7 8 1 -0.036 2.148 5.512
SPIN 4 7 8 2 1.675 -4.895 2.870
SPIN 4 7 8 3 -2.729 3.371 4.024
SPIN 4 7 8 4 3.673 -4.229 1.903
SPIN 4 7 8 5 -1.510 -3.948 4.139
SPIN 4 7 8 6 -0.625 -0.988 5.799
SPIN 4 7 8 7 -1.845 -1.466 5.427
SPIN 4 7 8 8 -5.475 2.069 -0.865
SPIN 4 7 8 9 -4.640 -3.304 1.599
SPIN 4 7 8 10 5.526 -0.730 -1.983
SPIN 4 7 8 11 1.831 -1.947 -5.278
SPIN 4 7 8 12 -2.197 5.035 2.197
SPIN 4 7 8 13 4.353 -3.383 2.146
SPIN 4 7 8 14 -5.624 -1.827 0.167
SPIN 4 7 8 15 1.194 -0.703 -5.751
SPIN 1 7 9 0 -4.591 -2.339 2.907
SPIN 1 7 9 1 -3.634 1.805 -4.305
SPIN 1 7 9 2 5.393 -2.244 -0.937
SPIN 1 7 9 3 5.594 0.686 -1.800
SPIN 1 7 9 4 3.271 1.650 -4.645
SPIN 1 7 9 5 -0.051 -2.408 5.403
SPIN 1 7 9 6 5.816 0.773 0.760
SPIN 1 7 9 7 4.029 -0.744 4.268
SPIN 1 7 9 8 -0.202 1.047 -5.819
SPIN 1 7 9 9 3.179 -4.706 -1.659
SPIN 1 7 9 10 2.655 0.960 5.199
SPIN 1 7 9 11 -4.728 0.579 -3.508
SPIN 1 7 9 12 5.700 -0.941 1.275
SPIN 1 7 9 13 2.836 -2.983 -4.250
SPIN 1 7 9 14 -1.357 4.951 2.940
SPIN 1 7 9 15 -5.137 -2.934 0.014
SPIN 4 7 9 0 -0.537 4.635 -3.637
SPIN 4 7 9 1 -1.992 0.248 5.565
SPIN 4 7 9 2 -2.758 -4.775 -2.143
SPIN 4 7 9 3 2.197 -5.434 -0.800
SPIN 4 7 9 4 -1.099 5.022 -2.928
SPIN 4 7 9 5 2.159 -5.094 -2.096
SPIN 4 7 9 6 4.623 3.690 -0.131
SPIN 4 7 9 7 -2.651 -2.664 -4.569
SPIN 4 7 9 8 -3.416 -2.846 3.903
SPIN 4 7 9 9 4.143 2.798 -3.163
SPIN 4 7 9 10 2.331 -0.037 -5.437
SPIN 4 7 9 11 1.105 -2.459 5.266
SPIN 4 7 9 12 0.884 -1.687 5.601
SPIN 4 7 9 13 -3.531 1.345 -4.552
SPIN 4 7 9 14 5.500 -1.284 1.762
SPIN 4 7 9 15 -1.337 -5.743 -0.482
SPIN 1 7 10 0 -5.873 0.186 -0.690
SPIN 1 7 10 1 1.697 -2.542 -5.065
SPIN 1 7 10 2 -5.382 -0.505 2.404
SPIN 1 7 10 3 5.494 1.577 1.527
SPIN 1 7 10 4 -4.328 -3.898 1.038
SPIN 1 7 10 5 0.156 2.370 -5.419
SPIN 1 7 10 6 -4.124 -0.226 4.235
SPIN 1 7 10 7 -5.482 -2.039 -0.887
SPIN 1 7 10 8 3.227 -1.146 4.824
SPIN 1 7 10 9 -3.518 -4.654 -0.981
SPIN 1 7 10 10 5.220 1.155 -2.533
SPIN 1 7 10 11 4.423 -1.243 -3.727
SPIN 1 7 10 12 3.014 4.448 2.476
SPIN 1 7 10 13 0.708 5.564 1.883
SPIN 1 7 10 14 -4.274 -4.085 -0.211
SPIN 1 7 10 15 0.548 1.423 -5.716
SPIN 4 7 10 0 -0.344 -1.619 -5.680
SPIN 4 7 10 1 -3.198 -3.393 -3.641
SPIN 4 7 10 2 1.667 3.945 4.081
SPIN 4 7 10 3 -2.310 0.040 -5.446
SPIN 4 7 10 4 1.187 -5.662 -1.240
SPIN 4 7 10 5 -1.363 5.365 2.088
SPIN 4 7 10 6 1.849 5.492 -1.190
SPIN 4 7 10 7 1.832 -4.411 3.491
SPIN 4 7 10 8 -1.156 -1.544 -5.593
SPIN 4 7 10 9 -4.865 -1.960 -2.736
SPIN 4 7 10 10 -4.558 -2.415 -2.896
SPIN 4 7 10 11 -0.524 4.883 -3.298
SPIN 4 7 10 12 -0.855 0.875 -5.788
SPIN 4 7 10 13 1.611 1.497 5.492
SPIN 4 7 10 14 3.628 3.428 -3.176
SPIN 4 7 10 15 5.722 1.344 0.668
SPIN 1 7 11 0 -5.636 0.345 -1.764
SPIN 1 7 11 1 2.019 1.385 5.386
SPIN 1 7 11 2 -3.777 2.852 3.549
SPIN 1 7 11 3 -3.130 -0.554 -4.990
SPIN 1 7 11 4 -4.049 -0.213 4.309
SPIN 1 7 11 5 -5.538 -1.945 -0.740
SPIN 1 7 11 6 5.102 -1.933 -2.287
SPIN 1 7 11 7 -2.704 5.219 0.669
SPIN 1 7 11 8 -2.930 3.700 -3.567
SPIN 1 7 11 9 -3.176 -4.131 2.802
SPIN 1 7 11 10 -4.342 0.406 -3.997
SPIN 1 7 11 11 -0.436 -4.615 3.676
SPIN 1 7 11 12 -3.942 -2.310 -3.758
SPIN 1 7 11 13 -0.904 2.296 -5.377
SPIN 1 7 11 14 5.142 -2.736 1.034
SPIN 1 7 11 15 -0.186 0.035 5.913
SPIN 4 7 11 0 -0.327 5.634 1.775
SPIN 4 7 11 1 0.501 3.583 -4.681
SPIN 4 7 11 2 3.202 1.935 -4.583
SPIN 4 7 11 3 -3.622 -4.667 -0.307
SPIN 4 7 11 4 4.251 -0.325 -4.102
SPIN 4 7 11 5 -5.537 -1.989 0.618
SPIN 4 7 11 6 -5.628 0.080 1.823
SPIN 4 7 11 7 -0.114 0.511 -5.893
SPIN 4 7 11 8 -3.490 3.597 3.143
SPIN 4 7 11 9 -3.886 -2.767 3.499
SPIN 4 7 11 10 1.727 5.415 -1.640
SPIN 4 7 11 11 -5.432 2.292 -0.492
SPIN 4 7 11 12 1.407 0.790 -5.692
SPIN 4 7 11 13 1.267 -4.573 3.533
SPIN 4 7 11 14 -5.910 0.239 0.129
SPIN 4 7 11 15 -3.085 -1.316 -4.874
SPIN 1 7 12 0 2.456 -1.046 5.280
SPIN 1 7 12 1 -2.740 -4.021 -3.365
SPIN 1 7 12 2 3.673 -4.540 0.946
SPIN 1 7 12 3 -0.424 -3.124 5.006
SPIN 1 7 12 4 3.566 3.748 -2.870
SPIN 1 7 12 5 -0.422 -5.636 1.750
SPIN 1 7 12 6 -2.440 -5.280 1.079
SPIN 1 7 12 7 -0.754 -4.308 3.984
SPIN 1 7 12 8 -5.575 0.911 -1.758
SPIN 1 7 12 9 2.456 4.216 3.345
SPIN 1 7 12 10 1.401 -2.722 -5.062
SPIN 1 7 12 11 -0.033 2.019 5.561
SPIN 1 7 12 12 2.411 3.141 -4.396
SPIN 1 7 12 13 -2.718 -4.396 2.879
SPIN 1 7 12 14 -0.767 3.443 -4.749
SPIN 1 7 12 15 -1.601 -5.695 -0.045
SPIN 4 7 12 0 -4.253 -1.424 -3.858
SPIN 4 7 12 1 4.014 -4.126 -1.367
SPIN 4 7 12 2 -2.789 4.834 -1.963
SPIN 4 7 12 3 3.350 -2.698 -4.062
SPIN 4 7 12 4 -4.553 3.450 1.539
SPIN 4 7 12 5 1.960 -0.070 5.582
SPIN 4 7 12 6 4.205 3.204 2.656
SPIN 4 7 12 7 -4.075 -2.919 3.142
SPIN 4 7 12 8 4.049 -4.033 1.529
SPIN 4 7 12 9 2.891 -4.908 -1.598
SPIN 4 7 12 10 -3.355 2.732 -4.034
SPIN 4 7 12 11 -4.186 1.249 3.990
SPIN 4 7 12 12 2.471 -4.082 3.497
SPIN 4 7 12 13 -2.026 3.749 -4.104
SPIN 4 7 12 14 1.943 -4.772 -2.907
SPIN 4 7 12 15 -0.877 -3.429 4.741
SPIN 1 7 13 0 -3.197 2.139 -4.495
SPIN 1 7 13 1 -0.360 0.812 -5.849
SPIN 1 7 13 2 2.232 2.812 -4.702
SPIN 1 7 13 3 -5.655 -0.511 1.660
SPIN 1 7 13 4 -1.430 3.391 4.632
SPIN 1 7 13 5 -1.956 -4.728 -2.970
SPIN 1 7 13 6 -2.986 -0.296 -5.099
SPIN 1 7 13 7 4.742 2.996 1.881
SPIN 1 7 13 8 -1.950 4.687 -3.038
SPIN 1 7 13 9 -0.644 3.211 -4.927
SPIN 1 7 13 10 -0.491 5.039 3.061
SPIN 1 7 13 11 3.640 2.861 -3.683
SPIN 1 7 13 12 -4.360 3.790 1.276
SPIN 1 7 13 13 3.649 4.494 -1.219
SPIN 1 7 13 14 -2.016 -4.988 2.461
SPIN 1 7 13 15 4.251 -2.875 2.943
SPIN 4 7 13 0 -4.474 -2.056 3.280
SPIN 4 7 13 1 -5.420 -2.360 0.232
SPIN 4 7 13 2 1.855 -4.294 3.622
SPIN 4 7 13 3 0.216 1.654 -5.676
SPIN 4 7 13 4 0.095 1.047 5.822
SPIN 4 7 13 5 -1.368 4.644 3.400
SPIN 4 7 13 6 5.057 -2.211 2.130
SPIN 4 7 13 7 -5.369 0.509 2.431
SPIN 4 7 13 8 1.842 5.615 -0.272
SPIN 4 7 13 9 -3.149 -4.783 -1.487
SPIN 4 7 13 10 -3.710 2.292 3.998
SPIN 4 7 13 11 -4.891 0.269 -3.318
SPIN 4 7 13 12 -0.729 4.187 -4.115
SPIN 4 7 13 13 -4.241 0.637 4.076
SPIN 4 7 13 14 5.037 1.472 2.732
SPIN 4 7 13 15 1.169 4.471 3.694
SPIN 1 7 14 0 -3.151 4.987 0.449
SPIN 1 7 14 1 4.737 1.945 2.963
SPIN 1 7 14 2 4.009 -4.325 -0.470
SPIN 1 7 14 3 -5.279 2.351 -1.266
SPIN 1 7 14 4 2.288 4.720 2.737
SPIN 1 7 14 5 3.664 -3.015 -3.533
SPIN 1 7 14 6 5.373 -2.301 0.914
SPIN 1 7 14 7 0.713 -5.694 -1.439
SPIN 1 7 14 8 4.058 -4.283 0.439
SPIN 1 7 14 9 1.666 5.647 -0.579
SPIN 1 7 14 10 1.582 1.320 -5.546
SPIN 1 7 14 11 -5.244 2.140 1.709
SPIN 1 7 14 12 5.689 1.070 -1.218
SPIN 1 7 14 13 0.361 -5.791 1.156
SPIN 1 7 14 14 1.978 5.159 -2.116
SPIN 1 7 14 15 -1.494 -5.655 0.890
SPIN 4 7 14 0 -1.828 5.277 1.951
SPIN 4 7 14 1 3.380 -0.735 -4.799
SPIN 4 7 14 2 -4.025 3.913 -1.868
SPIN 4 7 14 3 2.074 0.922 -5.463
SPIN 4 7 14 4 -5.607 -0.597 1.791
SPIN 4 7 14 5 -2.601 -1.437 5.116
SPIN 4 7 14 6 -5.346 -1.901 1.675
SPIN 4 7 14 7 -2.172 5.249 1.651
SPIN 4 7 14 8 -5.212 -2.772 0.385
SPIN 4 7 14 9 1.162 3.332 4.748
SPIN 4 7 14 10 2.491 -0.394 5.352
SPIN 4 7 14 11 3.084 0.767 -4.990
SPIN 4 7 14 12 2.490 -2.363 -4.818
SPIN 4 7 14 13 -2.165 5.496 -0.332
SPIN 4 7 14 14 -1.644 0.465 5.664
SPIN 4 7 14 15 0.552 -5.377 2.405
SPIN 1 7 15 0 2.419 -5.345 0.765
SPIN 1 7 15 1 1.501 3.614 -4.436
SPIN 1 7 15 2 -2.690 -4.874 2.002
SPIN 1 7 15 3 3.742 -4.272 1.658
SPIN 1 7 15 4 -0.601 4.163 -4.160
SPIN 1 7 15 5 -1.427 -3.109 4.827
SPIN 1 7 15 6 1.260 5.635 1.286
SPIN 1 7 15 7 5.894 -0.239 0.447
SPIN 1 7 15 8 -3.312 2.671 4.111
SPIN 1 7 15 9 -0.928 -5.349 -2.350
SPIN 1 7 15 10 -4.629 3.425 -1.357
SPIN 1 7 15 11 0.683 -4.783 -3.414
SPIN 1 7 15 12 -2.451 4.103 3.487
SPIN 1 7 15 13 1.593 -5.683 -0.408
SPIN 1 7 15 14 -2.894 -2.718 4.386
SPIN 1 7 15 15 -1.130 2.501 -5.241
SPIN 4 7 15 0 -1.984 5.249 -1.874
SPIN 4 7 15 1 -3.410 2.333 4.234
SPIN 4 7 15 2 5.146 2.894 -0.381
SPIN 4 7 15 3 -5.297 -2.266 -1.345
SPIN 4 7 15 4 -1.997 2.628 -4.910
SPIN 4 7 15 5 -2.129 -3.768 -4.034
SPIN 4 7 15 6 -4.738 2.697 2.297
SPIN 4 7 15 7 5.688 -1.563 0.454
SPIN 4 7 15 8 -2.559 5.157 1.364
SPIN 4 7 15 9 1.293 -2.208 -5.334
SPIN 4 7 15 10 -2.634 0.282 -5.290
SPIN 4 7 15 11 5.377 -2.222 -1.074
SPIN 4 7 15 12 -2.643 4.765 -2.304
SPIN 4 7 15 13 -1.791 -0.651 5.601
SPIN 4 7 15 14 3.768 -1.277 -4.379
SPIN 4 7 15 15 2.761 4.148 3.189
SPIN 3 7 0 0 1.931 -4.564 -3.231
SPIN 3 7 0 1 -2.339 -5.323 -1.096
SPIN 3 7 0 2 0.750 5.322 -2.472
SPIN 3 7 0 3 4.542 2.252 3.050
SPIN 3 7 0 4 4.902 -3.002 -1.399
SPIN 3 7 0 5 -2.039 5.025 -2.364
SPIN 3 7 0 6 -0.079 -4.483 3.860
SPIN 3 7 0 7 1.242 4.415 3.737
SPIN 3 7 0 8 -3.758 -1.883 -4.163
SPIN 3 7 0 9 2.441 2.743 4.639
SPIN 3 7 0 10 4.470 -3.120 2.299
SPIN 3 7 0 11 4.963 -1.255 -2.965
SPIN 3 7 0 12 -3.348 -4.218 2.449
SPIN 3 7 0 13 0.198 5.468 2.249
SPIN 3 7 0 14 5.380 0.553 2.398
SPIN 3 7 0 15 -3.028 5.022 0.781
SPIN 2 7 0 0 -3.482 2.464 -4.099
SPIN 2 7 0 1 5.264 -2.693 0.189
SPIN 2 7 0 2 -5.837 0.163 0.950
SPIN 2 7 0 3 5.515 0.072 2.139
SPIN 2 7 0 4 1.191 -5.494 -1.843
SPIN 2 7 0 5 4.212 3.444 -2.324
SPIN 2 7 0 6 -1.954 5.476 -1.095
SPIN 2 7 0 7 0.519 2.052 -5.524
SPIN 2 7 0 8 2.526 -5.290 -0.794
SPIN 2 7 0 9 3.792 4.508 0.548
SPIN 2 7 0 10 0.462 0.086 -5.897
SPIN 2 7 0 11 -2.861 -3.505 3.812
SPIN 2 7 0 12 -2.875 0.241 5.165
SPIN 2 7 0 13 2.819 -3.374 3.958
SPIN 2 7 0 14 -5.644 1.772 0.063
SPIN 2 7 0 15 2.064 3.590 4.225
SPIN 3 7 1 0 3.210 3.524 3.503
SPIN 3 7 1 1 0.431 2.463 -5.362
SPIN 3 7 1 2 -5.777 1.123 -0.603
SPIN 3 7 1 3 -1.619 3.562 -4.438
SPIN 3 7 1 4 3.068 5.050 0.284
SPIN 3 7 1 5 -3.298 1.605 4.642
SPIN 3 7 1 6 2.796 0.602 -5.179
SPIN 3 7 1 7 0.687 -5.875 -0.112
SPIN 3 7 1 8 2.159 5.487 0.480
SPIN 3 7 1 9 -1.405 -2.688 5.080
SPIN 3 7 1 10 4.657 -3.311 1.533
SPIN 3 7 1 11 -1.987 -0.153 -5.570
SPIN 3 7 1 12 -3.138 -4.766 -1.560
SPIN 3 7 1 13 2.702 -5.015 1.597
SPIN 3 7 1 14 1.049 0.934 -5.747
SPIN 3 7 1 15 -5.101 1.967 -2.260
SPIN 2 7 1 0 3.117 -5.028 -0.005
SPIN 2 7 1 1 -3.207 -1.647 4.691
SPIN 2 7 1 2 -3.616 -0.954 4.585
SPIN 2 7 1 3 -4.130 -4.185 0.654
SPIN 2 7 1 4 -3.577 0.655 4.666
SPIN 2 7 1 5 -3.970 -2.509 -3.598
SPIN 2 7 1 6 4.934 0.038 3.263
SPIN 2 7 1 7 0.071 5.395 -2.428
SPIN 2 7 1 8 1.659 -3.941 4.089
SPIN 2 7 1 9 -4.548 2.956 -2.361
SPIN 2 7 1 10 -0.120 5.722 1.497
SPIN 2 7 1 11 -5.399 -1.966 -1.408
SPIN 2 7 1 12 5.886 -0.130 0.585
SPIN 2 7 1 13 -4.457 0.856 -3.796
SPIN 2 7 1 14 4.681 -2.931 -2.120
SPIN 2 7 1 15 -3.815 2.758 -3.583
SPIN 3 7 2 0 -4.460 3.034 2.430
SPIN 3 7 2 1 -4.698 -1.602 3.219
SPIN 3 7 2 2 4.190 0.201 -4.171
SPIN 3 7 2 3 1.498 -5.030 2.730
SPIN 3 7 2 4 -5.477 -0.133 -2.232
SPIN 3 7 2 5 -0.938 -4.644 -3.543
SPIN 3 7 2 6 -2.721 0.079 5.253
SPIN 3 7 2 7 2.760 -5.121 -1.075
SPIN 3 7 2 8 5.138 2.746 -1.030
SPIN 3 7 2 9 0.841 5.218 2.658
SPIN 3 7 2 10 0.433 2.916 -5.129
SPIN 3 7 2 11 0.478 -1.007 5.810
SPIN 3 7 2 12 -2.974 3.174 -4.010
SPIN 3 7 2 13 -2.497 -3.318 -4.214
SPIN 3 7 2 14 1.437 5.480 1.703
SPIN 3 7 2 15 -3.854 1.429 -4.255
SPIN 2 7 2 0 -1.646 5.041 2.623
SPIN 2 7 2 1 -3.029 3.831 3.339
SPIN 2 7 2 2 -3.263 -0.779 4.873
SPIN 2 7 2 3 0.294 1.152 -5.795
SPIN 2 7 2 4 2.957 2.310 4.574
SPIN 2 7 2 5 -0.078 3.684 4.629
SPIN 2 7 2 6 -2.458 0.634 -5.344
SPIN 2 7 2 7 1.179 5.283 2.387
SPIN 2 7 2 8 -2.814 -4.636 2.363
SPIN 2 7 2 9 2.461 5.354 0.526
SPIN 2 7 2 10 -1.250 -5.565 -1.570
SPIN 2 7 2 11 5.280 1.849 -1.923
SPIN 2 7 2 12 -2.189 -1.872 5.168
SPIN 2 7 2 13 1.248 -0.143 -5.781
SPIN 2 7 2 14 -2.959 3.156 4.035
SPIN 2 7 2 15 5.553 -1.522 1.360
SPIN 3 7 3 0 -4.104 -0.744 -4.196
SPIN 3 7 3 1 4.895 -0.772 -3.232
SPIN 3 7 3 2 -4.633 2.458 2.738
SPIN 3 7 3 3 0.349 -1.548 -5.699
SPIN 3 7 3 4 0.946 -5.671 -1.395
SPIN 3 7 3 5 -0.442 5.172 -2.839
SPIN 3 7 3 6 -2.050 -4.488 3.264
SPIN 3 7 3 7 -0.276 5.886 -0.528
SPIN 3 7 3 8 3.415 4.706 -1.090
SPIN 3 7 3 9 -3.728 -4.166 -1.935
SPIN 3 7 3 10 -1.106 -5.149 -2.695
SPIN 3 7 3 11 -5.913 0.180 -0.004
SPIN 3 7 3 12 0.745 -0.293 5.862
SPIN 3 7 3 13 2.449 -5.301 0.949
SPIN 3 7 3 14 4.017 -1.056 -4.213
SPIN 3 7 3 15 -2.336 -1.325 5.271
SPIN 2 7 3 0 3.093 3.469 -3.660
SPIN 2 7 3 1 2.204 4.909 2.459
SPIN 2 7 3 2 -0.075 -0.008 -5.916
SPIN 2 7 3 3 2.778 -0.075 5.223
SPIN 2 7 3 4 -0.030 -4.625 3.689
SPIN 2 7 3 5 5.178 0.896 2.718
SPIN 2 7 3 6 5.468 -1.583 -1.611
SPIN 2 7 3 7 -2.745 4.336 2.944
SPIN 2 7 3 8 1.096 -1.039 -5.720
SPIN 2 7 3 9 1.722 -2.715 4.966
SPIN 2 7 3 10 -1.283 0.915 -5.702
SPIN 2 7 3 11 5.366 -0.727 2.382
SPIN 2 7 3 12 0.025 -2.832 -5.194
SPIN 2 7 3 13 -3.810 3.941 -2.225
SPIN 2 7 3 14 1.485 1.210 -5.597
SPIN 2 7 3 15 -4.069 -3.618 2.313
SPIN 3 7 4 0 4.904 3.110 1.130
SPIN 3 7 4 1 -1.380 -4.326 -3.792
SPIN 3 7 4 2 0.241 -4.663 -3.633
SPIN 3 7 4 3 -0.956 -4.067 4.189
SPIN 3 7 4 4 1.362 5.217 2.435
SPIN 3 7 4 5 0.747 -5.484 2.089
SPIN 3 7 4 6 4.136 4.021 1.316
SPIN 3 7 4 7 -4.149 -4.194 0.439
SPIN 3 7 4 8 -5.868 -0.367 0.654
SPIN 3 7 4 9 5.535 -1.427 1.527
SPIN 3 7 4 10 -4.003 4.341 0.358
SPIN 3 7 4 11 0.313 5.635 -1.774
SPIN 3 7 4 12 5.876 0.689 0.027
SPIN 3 7 4 13 3.176 2.152 4.504
SPIN 3 7 4 14 -1.949 4.602 -3.165
SPIN 3 7 4 15 -3.894 -2.740 3.512
SPIN 2 7 4 0 2.296 1.966 5.086
SPIN 2 7 4 1 0.461 4.421 -3.905
SPIN 2 7 4 2 -3.482 -2.614 4.006
SPIN 2 7 4 3 2.431 -5.363 0.572
SPIN 2 7 4 4 2.374 -1.264 -5.269
SPIN 2 7 4 5 1.046 5.783 0.685
SPIN 2 7 4 6 -2.316 -4.727 -2.700
SPIN 2 7 4 7 -4.436 0.047 3.914
SPIN 2 7 4 8 -2.146 3.499 4.261
SPIN 2 7 4 9 1.445 -1.802 -5.447
SPIN 2 7 4 10 -2.209 -0.330 -5.478
SPIN 2 7 4 11 -2.928 1.703 -4.851
SPIN 2 7 4 12 -4.993 3.122 0.569
SPIN 2 7 4 13 3.226 -4.935 0.485
SPIN 2 7 4 14 -1.629 0.883 -5.619
SPIN 2 7 4 15 5.535 -1.488 1.468
SPIN 3 7 5 0 -1.374 4.633 -3.414
SPIN 3 7 5 1 5.133 2.938 -0.120
SPIN 3 7 5 2 0.037 5.821 1.054
SPIN 3 7 5 3 -4.336 -1.723 3.637
SPIN 3 7 5 4 3.717 -4.306 1.624
SPIN 3 7 5 5 3.617 2.614 -3.884
SPIN 3 7 5 6 -4.642 -1.846 3.168
SPIN 3 7 5 7 4.706 3.471 -0.895
SPIN 3 7 5 8 -0.867 1.470 -5.664
SPIN 3 7 5 9 2.042 -5.395 1.314
SPIN 3 7 5 10 5.602 1.608 -1.017
SPIN 3 7 5 11 -4.388 -2.018 3.417
SPIN 3 7 5 12 4.484 2.232 3.148
SPIN 3 7 5 13 -3.788 0.114 -4.543
SPIN 3 7 5 14 -1.282 0.401 5.761
SPIN 3 7 5 15 4.972 -2.824 -1.519
SPIN 2 7 5 0 -1.785 -5.451 -1.449
SPIN 2 7 5 1 2.194 -3.090 -4.543
SPIN 2 7 5 2 -1.113 4.401 3.794
SPIN 2 7 5 3 1.776 -4.271 -3.689
SPIN 2 7 5 4 1.383 5.099 2.662
SPIN 2 7 5 5 2.408 2.285 4.897
SPIN 2 7 5 6 -4.121 3.775 1.941
SPIN 2 7 5 7 4.392 3.458 -1.937
SPIN 2 7 5 8 2.105 5.283 -1.630
SPIN 2 7 5 9 0.501 -5.093 2.968
SPIN 2 7 5 10 1.230 -1.428 -5.608
SPIN 2 7 5 11 -3.142 1.331 -4.833
SPIN 2 7 5 12 -1.032 4.339 3.887
SPIN 2 7 5 13 4.325 -3.582 -1.860
SPIN 2 7 5 14 -2.459 3.143 4.368
SPIN 2 7 5 15 -1.898 4.106 3.813
SPIN 3 7 6 0 -3.327 -4.491 1.940
SPIN 3 7 6 1 -4.389 3.883 -0.810
SPIN 3 7 6 2 4.185 1.086 4.038
SPIN 3 7 6 3 0.006 5.786 -1.232
SPIN 3 7 6 4 3.414 3.653 -3.162
SPIN 3 7 6 5 0.891 -5.817 -0.604
SPIN 3 7 6 6 -5.155 -2.892 -0.249
SPIN 3 7 6 7 4.747 -3.439 0.799
SPIN 3 7 6 8 2.799 1.674 4.936
SPIN 3 7 6 9 -3.450 4.769 0.590
SPIN 3 7 6 10 2.350 -2.026 5.037
SPIN 3 7 6 11 5.184 -0.761 -2.746
SPIN 3 7 6 12 -5.793 0.931 0.760
SPIN 3 7 6 13 4.239 -3.499 2.188
SPIN 3 7 6 14 5.660 -1.035 1.376
SPIN 3 7 6 15 4.569 3.609 -1.052
SPIN 2 7 6 0 1.528 -0.231 5.711
SPIN 2 7 6 1 2.488 -5.366 0.119
SPIN 2 7 6 2 -4.199 -4.167 -0.043
SPIN 2 7 6 3 0.205 -5.836 0.948
SPIN 2 7 6 4 4.519 -2.271 -3.070
SPIN 2 7 6 5 4.980 2.880 1.381
SPIN 2 7 6 6 -4.954 2.125 -2.437
SPIN 2 7 6 7 3.303 4.866 0.638
SPIN 2 7 6 8 -4.737 -3.540 -0.175
SPIN 2 7 6 9 -0.698 5.302 2.531
SPIN 2 7 6 10 -4.840 -3.348 -0.607
SPIN 2 7 6 11 3.230 -4.916 0.636
SPIN 2 7 6 12 0.926 5.128 2.801
SPIN 2 7 6 13 5.141 2.890 0.463
SPIN 2 7 6 14 1.635 5.204 2.291
SPIN 2 7 6 15 2.919 -3.823 -3.444
SPIN 3 7 7 0 -1.329 1.812 -5.472
SPIN 3 7 7 1 3.001 -4.783 -1.765
SPIN 3 7 7 2 4.279 0.884 -3.989
SPIN 3 7 7 3 -5.311 -0.211 2.598
SPIN 3 7 7 4 4.493 2.405 -3.005
SPIN 3 7 7 5 4.707 -3.583 -0.095
SPIN 3 7 7 6 1.529 -3.869 4.207
SPIN 3 7 7 7 -0.602 2.026 5.526
SPIN 3 7 7 8 1.452 -5.581 1.319
SPIN 3 7 7 9 5.128 2.155 -2.013
SPIN 3 7 7 10 3.586 -4.626 -0.858
SPIN 3 7 7 11 -4.242 3.933 1.240
SPIN 3 7 7 12 -2.579 -5.292 -0.587
SPIN 3 7 7 13 -3.245 -0.270 -4.939
SPIN 3 7 7 14 0.912 -5.634 -1.559
SPIN 3 7 7 15 -4.675 -3.228 -1.649
SPIN 2 7 7 0 -2.683 -5.250 0.487
SPIN 2 7 7 1 -0.925 4.529 3.693
SPIN 2 7 7 2 0.015 -5.228 2.769
SPIN 2 7 7 3 -5.869 0.026 -0.742
SPIN 2 7 7 4 -3.569 -3.087 -3.569
SPIN 2 7 7 5 -5.821 -0.938 0.484
SPIN 2 7 7 6 4.961 1.455 -2.875
SPIN 2 7 7 7 2.122 -3.286 4.438
SPIN 2 7 7 8 -0.957 5.297 2.454
SPIN 2 7 7 9 -4.392 3.033 -2.551
SPIN 2 7 7 10 3.954 1.019 4.281
SPIN 2 7 7 11 3.377 4.370 -2.122
SPIN 2 7 7 12 1.951 -3.799 -4.094
SPIN 2 7 7 13 -1.412 5.632 1.133
SPIN 2 7 7 14 -5.034 0.051 -3.108
SPIN 2 7 7 15 4.471 1.247 3.668
SPIN 3 7 8 0 1.426 -2.998 -4.897
SPIN 3 7 8 1 2.060 -2.837 -4.765
SPIN 3 7 8 2 -5.882 0.240 -0.589
SPIN 3 7 8 3 0.020 5.236 -2.754
SPIN 3 7 8 4 3.099 -2.417 4.422
SPIN 3 7 8 5 -2.765 5.184 -0.692
SPIN 3 7 8 6 2.390 2.991 -4.510
SPIN 3 7 8 7 5.634 -1.803 -0.078
SPIN 3 7 8 8 1.487 5.710 -0.434
SPIN 3 7 8 9 3.656 -3.524 3.036
SPIN 3 7 8 10 -2.399 -3.894 3.753
SPIN 3 7 8 11 -3.963 4.202 1.277
SPIN 3 7 8 12 4.406 -1.831 3.498
SPIN 3 7 8 13 -5.425 0.780 -2.227
SPIN 3 7 8 14 -3.302 -3.888 2.997
SPIN 3 7 8 15 1.117 2.768 5.108
SPIN 2 7 8 0 0.858 5.853 -0.034
SPIN 2 7 8 1 -5.294 -2.576 0.582
SPIN 2 7 8 2 -2.476 3.642 -3.950
SPIN 2 7 8 3 4.002 -1.702 4.011
SPIN 2 7 8 4 2.660 -4.627 2.553
SPIN 2 7 8 5 4.119 0.585 -4.207
SPIN 2 7 8 6 -3.239 -3.999 -2.919
SPIN 2 7 8 7 4.899 2.663 -1.976
SPIN 2 7 8 8 -1.806 2.458 -5.069
SPIN 2 7 8 9 5.303 1.688 2.008
SPIN 2 7 8 10 -5.830 -0.970 0.254
SPIN 2 7 8 11 4.124 -3.554 2.315
SPIN 2 7 8 12 -5.434 -0.602 -2.260
SPIN 2 7 8 13 3.681 -4.485 -1.156
SPIN 2 7 8 14 5.646 1.282 -1.217
SPIN 2 7 8 15 -2.303 -5.449 0.007
SPIN 3 7 9 0 -3.541 -2.554 3.993
SPIN 3 7 9 1 -1.789 3.746 -4.215
SPIN 3 7 9 2 2.033 1.470 5.358
SPIN 3 7 9 3 -1.901 0.154 5.600
SPIN 3 7 9 4 1.175 4.731 -3.352
SPIN 3 7 9 5 -1.588 -4.503 -3.494
SPIN 3 7 9 6 4.774 0.919 3.371
SPIN 3 7 9 7 -5.285 -2.319 -1.298
SPIN 3 7 9 8 2.343 -3.269 -4.338
SPIN 3 7 9 9 -4.443 0.627 -3.856
SPIN 3 7 9 10 3.077 2.553 4.361
SPIN 3 7 9 11 5.659 -1.611 0.620
SPIN 3 7 9 12 -2.653 -3.808 -3.670
SPIN 3 7 9 13 4.114 -4.164 0.859
SPIN 3 7 9 14 -4.865 3.328 -0.504
SPIN 3 7 9 15 4.654 -3.117 -1.904
SPIN 2 7 9 0 -1.489 5.456 -1.737
SPIN 2 7 9 1 0.779 -2.228 -5.425
SPIN 2 7 9 2 -1.404 2.945 4.935
SPIN 2 7 9 3 -5.102 2.628 -1.437
SPIN 2 7 9 4 5.825 0.084 -1.030
SPIN 2 7 9 5 -0.778 -5.758 1.112
SPIN 2 7 9 6 -1.745 -3.526 4.418
SPIN 2 7 9 7 1.985 5.525 -0.732
SPIN 2 7 9 8 -2.125 -5.521 -0.064
SPIN 2 7 9 9 5.060 -0.777 2.965
SPIN 2 7 9 10 -1.702 2.075 -5.272
SPIN 2 7 9 11 -0.147 5.727 1.475
SPIN 2 7 9 12 -4.422 3.203 2.277
SPIN 2 7 9 13 1.258 -0.991 5.695
SPIN 2 7 9 14 -2.503 5.325 -0.616
SPIN 2 7 9 15 4.596 -0.849 -3.627
SPIN 3 7 10 0 -4.689 3.477 0.963
SPIN 3 7 10 1 3.199 -1.681 4.684
SPIN 3 7 10 2 1.409 -0.744 -5.697
SPIN 3 7 10 3 -1.150 4.364 -3.825
SPIN 3 7 10 4 -4.472 -0.814 3.786
SPIN 3 7 10 5 -4.538 -2.675 -2.693
SPIN 3 7 10 6 -0.093 4.988 3.180
SPIN 3 7 10 7 -0.968 -2.299 -5.364
SPIN 3 7 10 8 -3.605 4.076 2.323
SPIN 3 7 10 9 2.676 5.191 -0.946
SPIN 3 7 10 10 2.163 -4.799 2.700
SPIN 3 7 10 11 3.029 -3.837 3.332
SPIN 3 7 10 12 -5.316 1.897 -1.772
SPIN 3 7 10 13 -5.319 1.727 -1.930
SPIN 3 7 10 14 -1.555 -5.707 -0.088
SPIN 3 7 10 15 -3.206 -3.804 -3.202
SPIN 2 7 10 0 3.966 3.617 2.487
SPIN 2 7 10 1 -0.292 5.496 -2.171
SPIN 2 7 10 2 4.911 1.932 -2.673
SPIN 2 7 10 3 -3.198 1.435 4.766
SPIN 2 7 10 4 -5.577 0.616 1.876
SPIN 2 7 10 5 0.680 5.045 -3.015
SPIN 2 7 10 6 5.079 1.988 -2.291
SPIN 2 7 10 7 -2.114 1.914 -5.183
SPIN 2 7 10 8 -1.945 5.423 1.344
SPIN 2 7 10 9 -3.037 -4.582 2.186
SPIN 2 7 10 10 1.223 -0.724 5.743
SPIN 2 7 10 11 5.299 0.991 2.436
SPIN 2 7 10 12 4.668 0.012 -3.634
SPIN 2 7 10 13 2.174 0.717 -5.455
SPIN 2 7 10 14 1.381 -1.162 5.634
SPIN 2 7 10 15 -4.725 -3.544 -0.338
SPIN 3 7 11 0 -0.673 5.352 2.430
SPIN 3 7 11 1 -1.375 -3.226 -4.765
SPIN 3 7 11 2 5.041 -2.152 -2.225
SPIN 3 7 11 3 -4.856 -3.168 1.176
SPIN 3 7 11 4 3.824 4.247 1.528
SPIN 3 7 11 5 0.433 -5.896 0.210
SPIN 3 7 11 6 -4.430 -1.183 3.739
SPIN 3 7 11 7 2.932 -5.085 0.741
SPIN 3 7 11 8 5.328 -2.572 0.002
SPIN 3 7 11 9 -0.278 5.875 0.639
SPIN 3 7 11 10 -5.101 0.098 -2.995
SPIN 3 7 11 11 -1.558 -0.140 5.706
SPIN 3 7 11 12 4.193 -3.893 1.506
SPIN 3 7 11 13 -4.002 3.938 1.864
SPIN 3 7 11 14 3.742 -1.909 -4.166
SPIN 3 7 11 15 -2.063 5.217 1.878
SPIN 2 7 11 0 3.933 -3.937 -2.008
SPIN 2 7 11 1 -1.412 -5.296 2.226
SPIN 2 7 11 2 -2.836 -5.001 1.396
SPIN 2 7 11 3 3.891 4.422 -0.558
SPIN 2 7 11 4 -5.663 0.533 1.627
SPIN 2 7 11 5 -3.414 4.613 -1.435
SPIN 2 7 11 6 4.885 1.978 2.688
SPIN 2 7 11 7 1.776 -4.819 2.936
SPIN 2 7 11 8 -3.399 3.441 3.406
SPIN 2 7 11 9 -1.554 -4.431 -3.599
SPIN 2 7 11 10 -1.330 -2.214 5.323
SPIN 2 7 11 11 4.720 -1.794 -3.083
SPIN 2 7 11 12 -3.849 2.927 -3.409
SPIN 2 7 11 13 -5.498 -1.463 1.621
SPIN 2 7 11 14 -3.521 2.334 4.142
SPIN 2 7 11 15 5.139 -0.466 -2.894
SPIN 3 7 12 0 -1.269 -0.495 5.757
SPIN 3 7 12 1 -0.033 -1.162 -5.801
SPIN 3 7 12 2 -3.071 1.028 -4.951
SPIN 3 7 12 3 0.174 -0.316 5.905
SPIN 3 7 12 4 -3.273 1.152 -4.792
SPIN 3 7 12 5 -4.255 0.581 4.069
SPIN 3 7 12 6 -1.050 5.449 -2.051
SPIN 3 7 12 7 4.236 4.062 0.745
SPIN 3 7 12 8 -3.098 1.023 -4.935
SPIN 3 7 12 9 3.511 3.749 2.936
SPIN 3 7 12 10 -4.766 3.138 -1.561
SPIN 3 7 12 11 -1.634 0.170 -5.683
SPIN 3 7 12 12 1.392 -5.422 1.915
SPIN 3 7 12 13 3.105 -4.094 -2.932
SPIN 3 7 12 14 0.402 5.044 3.066
SPIN 3 7 12 15 -0.820 -5.119 -2.851
SPIN 2 7 12 0 3.139 2.500 -4.347
SPIN 2 7 12 1 0.839 5.625 1.628
SPIN 2 7 12 2 -4.378 -2.562 -3.045
SPIN 2 7 12 3 2.573 -5.236 0.978
SPIN 2 7 12 4 -4.879 3.341 -0.198
SPIN 2 7 12 5 -2.003 -5.497 0.879
SPIN 2 7 12 6 2.915 0.432 -5.130
SPIN 2 7 12 7 -4.533 3.778 0.430
SPIN 2 7 12 8 1.891 -3.299 -4.532
SPIN 2 7 12 9 -5.554 -0.173 2.031
SPIN 2 7 12 10 4.110 -3.494 -2.429
SPIN 2 7 12 11 3.308 -0.423 -4.886
SPIN 2 7 12 12 0.470 -0.959 5.819
SPIN 2 7 12 13 -0.020 5.460 -2.277
SPIN 2 7 12 14 -0.734 -3.949 -4.344
SPIN 2 7 12 15 0.691 5.309 2.517
SPIN 3 7 13 0 5.374 2.264 0.995
SPIN 3 7 13 1 -5.500 -1.400 -1.671
SPIN 3 7 13 2 -2.020 -1.960 5.204
SPIN 3 7 13 3 0.431 0.101 -5.899
SPIN 3 7 13 4 4.607 -0.621 3.660
SPIN 3 7 13 5 -2.669 -3.199 -4.200
SPIN 3 7 13 6 -0.558 0.113 -5.889
SPIN 3 7 13 7 1.177 -5.784 -0.396
SPIN 3 7 13 8 1.203 2.952 4.984
SPIN 3 7 13 9 -3.265 -1.558 4.681
SPIN 3 7 13 10 -2.797 -1.962 4.830
SPIN 3 7 13 11 0.609 4.436 -3.867
SPIN 3 7 13 12 4.036 -3.188 2.923
SPIN 3 7 13 13 -1.583 -2.118 -5.292
SPIN 3 7 13 14 -3.858 2.812 3.494
SPIN 3 7 13 15 -4.132 -3.867 1.723
SPIN 2 7 13 0 -3.203 -1.016 4.869
SPIN 2 7 13 1 1.465 4.019 4.087
SPIN 2 7 13 2 -3.388 2.352 4.241
SPIN 2 7 13 3 5.203 -1.252 -2.523
SPIN 2 7 13 4 4.713 2.519 2.539
SPIN 2 7 13 5 3.333 0.517 -4.860
SPIN 2 7 13 6 -2.801 -4.691 -2.269
SPIN 2 7 13 7 4.904 -2.858 1.667
SPIN 2 7 13 8 -1.560 -0.221 5.702
SPIN 2 7 13 9 -2.741 -5.098 1.223
SPIN 2 7 13 10 -0.217 5.669 -1.678
SPIN 2 7 13 11 0.013 -5.787 -1.231
SPIN 2 7 13 12 0.174 2.353 -5.425
SPIN 2 7 13 13 -2.110 -5.150 -2.007
SPIN 2 7 13 14 0.875 -1.036 -5.759
SPIN 2 7 13 15 1.550 -3.918 -4.153
SPIN 3 7 14 0 3.328 -2.251 -4.342
SPIN 3 7 14 1 1.033 4.702 3.438
SPIN 3 7 14 2 3.326 -4.302 -2.330
SPIN 3 7 14 3 4.598 -0.488 3.691
SPIN 3 7 14 4 2.519 -5.353 -0.009
SPIN 3 7 14 5 -3.409 -4.737 0.969
SPIN 3 7 14 6 4.005 1.629 4.038
SPIN 3 7 14 7 -3.142 -3.794 3.277
SPIN 3 7 14 8 2.815 -2.764 -4.409
SPIN 3 7 14 9 -4.674 3.573 0.627
SPIN 3 7 14 10 4.133 -4.155 -0.809
SPIN 3 7 14 11 0.113 -4.984 3.186
SPIN 3 7 14 12 -1.990 5.532 -0.657
SPIN 3 7 14 13 4.475 -1.321 3.637
SPIN 3 7 14 14 0.437 -5.739 1.369
SPIN 3 7 14 15 4.345 3.178 -2.455
SPIN 2 7 14 0 -2.320 4.479 -3.091
SPIN 2 7 14 1 3.339 -3.684 -3.206
SPIN 2 7 14 2 1.941 -3.897 -4.005
SPIN 2 7 14 3 -5.389 2.180 -1.099
SPIN 2 7 14 4 -0.152 -5.886 -0.573
SPIN 2 7 14 5 1.469 4.867 -3.025
SPIN 2 7 14 6 3.124 1.750 -4.709
SPIN 2 7 14 7 1.521 2.314 5.228
SPIN 2 7 14 8 1.355 2.247 -5.302
SPIN 2 7 14 9 -3.612 -0.525 4.656
SPIN 2 7 14 10 -0.986 -2.245 -5.384
SPIN 2 7 14 11 0.848 4.756 3.415
SPIN 2 7 14 12 -5.365 -2.206 -1.161
SPIN 2 7 14 13 -0.410 -5.589 -1.896
SPIN 2 7 14 14 -4.081 -3.949 -1.660
SPIN 2 7 14 15 1.999 4.982 2.487
SPIN 3 7 15 0 1.933 -2.549 4.976
SPIN 3 7 15 1 0.785 1.102 -5.759
SPIN 3 7 15 2 4.390 -3.584 -1.698
SPIN 3 7 15 3 -3.581 -2.663 -3.884
SPIN 3 7 15 4 -1.745 3.495 4.443
SPIN 3 7 15 5 -1.208 0.676 5.752
SPIN 3 7 15 6 -4.985 -2.871 -1.382
SPIN 3 7 15 7 -1.622 -3.044 -4.807
SPIN 3 7 15 8 0.855 -0.623 -5.821
SPIN 3 7 15 9 -2.688 5.200 -0.857
SPIN 3 7 15 10 -3.268 -3.602 3.368
SPIN 3 7 15 11 -4.337 3.990 0.526
SPIN 3 7 15 12 -1.096 5.813 0.046
SPIN 3 7 15 13 -5.019 -1.790 -2.569
SPIN 3 7 15 14 0.443 -2.959 -5.104
SPIN 3 7 15 15 -1.517 -5.495 -1.583
SPIN 2 7 15 0 5.726 -0.601 1.360
SPIN 2 7 15 1 2.487 3.129 -4.362
SPIN 2 7 15 2 -2.379 4.104 3.535
SPIN 2 7 15 3 2.059 -0.934 -5.467
SPIN 2 7 15 4 -0.960 1.103 5.733
SPIN 2 7 15 5 -1.910 3.161 -4.621
SPIN 2 7 15 6 -0.902 0.812 -5.790
SPIN 2 7 15 7 0.776 -4.283 -4.007
SPIN 2 7 15 8 5.132 0.870 2.811
SPIN 2 7 15 9 -2.565 5.182 -1.251
SPIN 2 7 15 10 1.323 -2.377 5.254
SPIN 2 7 15 11 -2.240 -3.987 -3.753
SPIN 2 7 15 12 5.543 1.582 -1.330
SPIN 2 7 15 13 3.588 -0.575 4.669
SPIN 2 7 15 14 -3.705 -3.615 -2.866
SPIN 2 7 15 15 -1.306 -4.663 3.398
SPIN 1 8 0 0 -3.999 -3.461 2.651
SPIN 1 8 0 1 -3.500 -4.439 1.746
SPIN 1 8 0 2 4.709 1.964 -2.995
SPIN 1 8 0 3 -2.744 -2.897 4.368
SPIN 1 8 0 4 -0.717 -1.630 -5.642
SPIN 1 8 0 5 0.345 1.835 5.614
SPIN 1 8 0 6 2.714 -4.135 3.246
SPIN 1 8 0 7 2.082 -4.162 3.652
SPIN 1 8 0 8 -1.093 0.204 -5.811
SPIN 1 8 0 9 2.259 2.039 -5.074
SPIN 1 8 0 10 -1.881 -1.384 -5.436
SPIN 1 8 0 11 2.272 3.043 -4.536
SPIN 1 8 0 12 2.120 -5.052 -2.232
SPIN 1 8 0 13 1.656 4.390 3.604
SPIN 1 8 0 14 -2.820 0.624 -5.163
SPIN 1 8 0 15 -2.888 1.876 4.810
SPIN 4 8 0 0 -4.585 0.862 3.638
SPIN 4 8 0 1 0.252 -3.113 -5.024
SPIN 4 8 0 2 3.953 -3.231 -2.989
SPIN 4 8 0 3 -2.746 5.006 1.550
SPIN 4 8 0 4 0.145 -0.374 -5.902
SPIN 4 8 0 5 0.220 4.931 -3.262
SPIN 4 8 0 6 0.059 -5.882 -0.636
SPIN 4 8 0 7 -2.507 4.963 2.021
SPIN 4 8 0 8 -0.051 -5.879 0.662
SPIN 4 8 0 9 4.217 -0.287 4.140
SPIN 4 8 0 10 -5.198 -0.799 2.710
SPIN 4 8 0 11 1.097 -0.633 -5.779
SPIN 4 8 0 12 2.923 5.138 0.230
SPIN 4 8 0 13 3.235 -1.967 4.546
SPIN 4 8 0 14 -4.257 -2.590 -3.189
SPIN 4 8 0 15 -1.115 -4.420 3.771
SPIN 1 8 1 0 -1.572 -2.058 -5.319
SPIN 1 8 1 1 3.988 3.716 2.299
SPIN 1 8 1 2 -5.542 0.082 -2.069
SPIN 1 8 1 3 4.856 -0.243 -3.371
SPIN 1 8 1 4 -5.381 0.625 2.377
SPIN 1 8 1 5 -0.420 -5.490 2.163
SPIN 1 8 1 6 1.503 2.912 -4.925
SPIN 1 8 1 7 -3.615 -4.505 -1.281
SPIN 1 8 1 8 5.767 1.281 0.327
SPIN 1 8 1 9 -4.301 -2.459 -3.234
SPIN 1 8 1 10 -1.041 5.771 -0.779
SPIN 1 8 1 11 1.934 -4.751 2.947
SPIN 1 8 1 12 1.701 -4.482 3.467
SPIN 1 8 1 13 1.286 -3.824 -4.327
SPIN 1 8 1 14 2.580 0.313 5.315
SPIN 1 8 1 15 0.097 -1.335 -5.763
SPIN 4 8 1 0 4.807 -3.284 1.049
SPIN 4 8 1 1 2.617 -1.317 5.140
SPIN 4 8 1 2 -0.545 0.205 5.887
SPIN 4 8 1 3 0.769 -5.498 -2.046
SPIN 4 8 1 4 -1.808 -0.411 -5.618
SPIN 4 8 1 5 3.135 4.413 2.388
SPIN 4 8 1 6 -0.273 -2.060 -5.539
SPIN 4 8 1 7 -0.216 4.871 -3.351
SPIN 4 8 1 8 -0.969 0.855 -5.773
SPIN 4 8 1 9 1.734 0.935 -5.579
SPIN 4 8 1 10 -5.371 1.586 1.906
SPIN 4 8 1 11 0.502 5.888 -0.292
SPIN 4 8 1 12 -2.744 -3.064 -4.252
SPIN 4 8 1 13 -3.324 2.891 -3.949
SPIN 4 8 1 14 3.794 -4.507 0.536
SPIN 4 8 1 15 -5.243 -0.332 2.720
SPIN 1 8 2 0 1.369 -2.983 4.922
SPIN 1 8 2 1 -4.861 2.542 -2.216
SPIN 1 8 2 2 3.328 -3.425 -3.492
SPIN 1 8 2 3 1.440 5.506 1.614
SPIN 1 8 2 4 -2.656 -5.166 -1.121
SPIN 1 8 2 5 0.963 4.633 3.551
SPIN 1 8 2 6 -2.986 4.344 2.685
SPIN 1 8 2 7 0.635 -1.214 5.755
SPIN 1 8 2 8 -2.667 -3.311 4.115
SPIN 1 8 2 9 5.424 0.734 -2.245
SPIN 1 8 2 10 -5.656 -1.580 0.717
SPIN 1 8 2 11 -4.100 -3.419 -2.550
SPIN 1 8 2 12 5.590 -0.309 -1.912
SPIN 1 8 2 13 2.480 -3.949 3.641
SPIN 1 8 2 14 3.287 0.095 -4.918
SPIN 1 8 2 15 1.665 5.063 2.568
SPIN 4 8 2 0 3.609 -2.849 3.722
SPIN 4 8 2 1 -0.504 -2.658 -5.262
SPIN 4 8 2 2 1.493 -4.351 3.720
SPIN 4 8 2 3 -0.985 4.717 3.432
SPIN 4 8 2 4 -3.509 -2.838 3.825
SPIN 4 8 2 5 1.768 1.097 -5.538
SPIN 4 8 2 6 4.044 2.781 -3.304
SPIN 4 8 2 7 -2.952 4.049 3.145
SPIN 4 8 2 8 1.755 -5.205 -2.199
SPIN 4 8 2 9 -1.697 4.840 2.948
SPIN 4 8 2 10 0.212 -0.395 -5.899
SPIN 4 8 2 11 2.187 -2.210 5.034
SPIN 4 8 2 12 4.322 -3.864 -1.180
SPIN 4 8 2 13 -3.931 4.357 -0.755
SPIN 4 8 2 14 0.500 -3.951 -4.375
SPIN 4 8 2 15 0.238 5.876 -0.646
SPIN 1 8 3 0 5.044 2.351 -2.009
SPIN 1 8 3 1 -4.852 3.382 -0.138
SPIN 1 8 3 2 5.337 2.543 -0.223
SPIN 1 8 3 3 1.774 -0.337 5.634
SPIN 1 8 3 4 -1.501 5.168 2.458
SPIN 1 8 3 5 -1.011 -4.777 3.340
SPIN 1 8 3 6 -1.293 3.113 -4.862
SPIN 1 8 3 7 3.534 -3.524 3.176
SPIN 1 8 3 8 2.204 -4.896 2.485
SPIN 1 8 3 9 0.860 -2.561 -5.263
SPIN 1 8 3 10 5.224 -0.257 2.764
SPIN 1 8 3 11 3.579 4.042 2.421
SPIN 1 8 3 12 -1.573 -2.273 5.230
SPIN 1 8 3 13 0.781 5.815 -0.761
SPIN 1 8 3 14 4.239 -3.574 2.063
SPIN 1 8 3 15 -0.987 -0.064 -5.833
SPIN 4 8 3 0 -3.847 -3.352 -2.995
SPIN 4 8 3 1 0.991 5.221 2.600
SPIN 4 8 3 2 -2.712 4.950 1.772
SPIN 4 8 3 3 -4.504 3.450 -1.676
SPIN 4 8 3 4 -3.222 3.496 3.521
SPIN 4 8 3 5 -3.003 4.342 -2.669
SPIN 4 8 3 6 -2.525 2.184 -4.884
SPIN 4 8 3 7 2.139 -4.317 -3.433
SPIN 4 8 3 8 1.449 -4.313 3.781
SPIN 4 8 3 9 -3.720 -2.979 -3.506
SPIN 4 8 3 10 2.298 2.973 -4.569
SPIN 4 8 3 11 -4.933 3.160 0.825
SPIN 4 8 3 12 1.106 -4.137 4.082
SPIN 4 8 3 13 3.583 -4.345 1.811
SPIN 4 8 3 14 -1.615 -2.121 -5.281
SPIN 4 8 3 15 -3.026 3.081 4.044
SPIN 1 8 4 0 -0.010 5.827 1.021
SPIN 1 8 4 1 -2.034 -4.381 -3.416
SPIN 1 8 4 2 -4.625 1.002 3.551
SPIN 1 8 4 3 5.026 -1.452 -2.762
SPIN 1 8 4 4 -1.787 2.911 -4.830
SPIN 1 8 4 5 -4.322 0.232 -4.033
SPIN 1 8 4 6 -1.396 -2.442 5.205
SPIN 1 8 4 7 3.376 0.758 -4.799
SPIN 1 8 4 8 -4.682 -3.374 1.303
SPIN 1 8 4 9 1.439 0.979 5.654
SPIN 1 8 4 10 -0.773 4.695 3.515
SPIN 1 8 4 11 3.039 1.781 -4.753
SPIN 1 8 4 12 -5.628 -1.722 -0.601
SPIN 1 8 4 13 2.300 1.985 -5.076
SPIN 1 8 4 14 -0.254 5.607 1.870
SPIN 1 8 4 15 1.034 2.918 5.042
SPIN 4 8 4 0 1.404 -5.027 2.785
SPIN 4 8 4 1 -4.136 4.229 0.045
SPIN 4 8 4 2 4.507 -3.800 -0.500
SPIN 4 8 4 3 -4.172 3.603 -2.149
SPIN 4 8 4 4 5.828 0.409 0.934
SPIN 4 8 4 5 -2.938 4.712 2.040
SPIN 4 8 4 6 -5.191 2.040 -1.972
SPIN 4 8 4 7 4.083 -4.233 -0.640
SPIN 4 8 4 8 1.753 2.216 -5.198
SPIN 4 8 4 9 0.374 5.191 2.813
SPIN 4 8 4 10 3.683 -0.244 4.624
SPIN 4 8 4 11 1.473 -4.606 3.408
SPIN 4 8 4 12 -2.133 -5.365 -1.293
SPIN 4 8 4 13 5.763 -1.288 0.366
SPIN 4 8 4 14 1.297 -3.826 4.322
SPIN 4 8 4 15 -0.522 4.546 -3.750
SPIN 1 8 5 0 -4.563 -3.724 -0.556
SPIN 1 8 5 1 5.882 -0.626 -0.096
SPIN 1 8 5 2 3.402 2.883 -3.887
SPIN 1 8 5 3 -0.657 5.027 -3.050
SPIN 1 8 5 4 4.328 -3.996 0.547
SPIN 1 8 5 5 4.023 2.171 3.755
SPIN 1 8 5 6 5.353 0.760 -2.401
SPIN 1 8 5 7 -0.713 -0.819 -5.816
SPIN 1 8 5 8 -0.070 1.758 5.648
SPIN 1 8 5 9 1.633 -4.321 3.696
SPIN 1 8 5 10 1.492 -4.893 -2.972
SPIN 1 8 5 11 0.487 -5.643 -1.709
SPIN 1 8 5 12 3.724 3.087 -3.406
SPIN 1 8 5 13 -4.806 0.632 3.391
SPIN 1 8 5 14 3.409 -4.475 -1.830
SPIN 1 8 5 15 -2.231 1.714 -5.204
SPIN 4 8 5 0 4.419 3.388 -1.999
SPIN 4 8 5 1 -5.904 0.150 0.341
SPIN 4 8 5 2 0.130 -4.338 4.020
SPIN 4 8 5 3 4.606 -1.562 3.369
SPIN 4 8 5 4 -5.912 0.133 -0.168
SPIN 4 8 5 5 -4.366 -3.486 1.946
SPIN 4 8 5 6 2.331 -1.278 5.285
SPIN 4 8 5 7 -4.179 3.810 1.736
SPIN 4 8 5 8 0.813 -5.663 1.505
SPIN 4 8 5 9 -2.162 5.474 -0.597
SPIN 4 8 5 10 3.537 -4.742 -0.091
SPIN 4 8 5 11 -5.642 -1.778 -0.072
SPIN 4 8 5 12 3.483 4.215 2.259
SPIN 4 8 5 13 0.135 -4.083 -4.279
SPIN 4 8 5 14 4.474 -2.427 3.015
SPIN 4 8 5 15 -4.424 -1.867 -3.456
SPIN 1 8 6 0 3.250 -4.574 1.874
SPIN 1 8 6 1 2.530 -3.685 3.876
SPIN 1 8 6 2 4.634 -1.727 -3.247
SPIN 1 8 6 3 -3.559 -1.226 4.564
SPIN 1 8 6 4 -4.322 -4.009 0.493
SPIN 1 8 6 5 -4.638 -3.553 0.931
SPIN 1 8 6 6 2.750 4.635 2.441
SPIN 1 8 6 7 -1.953 0.166 -5.582
SPIN 1 8 6 8 -3.547 0.336 -4.723
SPIN 1 8 6 9 5.255 -2.717 0.066
SPIN 1 8 6 10 3.777 1.630 4.251
SPIN 1 8 6 11 -1.079 5.782 0.632
SPIN 1 8 6 12 3.386 -4.588 -1.576
SPIN 1 8 6 13 -1.255 1.556 -5.568
SPIN 1 8 6 14 -2.508 -3.553 -4.010
SPIN 1 8 6 15 -0.318 -1.809 5.624
SPIN 4 8 6 0 -2.857 3.216 4.062
SPIN 4 8 6 1 2.827 -4.785 2.028
SPIN 4 8 6 2 -4.502 1.759 3.411
SPIN 4 8 6 3 -3.412 -0.348 4.820
SPIN 4 8 6 4 -3.702 -4.471 1.144
SPIN 4 8 6 5 3.229 -2.645 4.192
SPIN 4 8 6 6 -2.066 -2.280 -5.053
SPIN 4 8 6 7 1.087 -5.705 -1.126
SPIN 4 8 6 8 -1.219 4.780 3.265
SPIN 4 8 6 9 2.839 -4.069 -3.222
SPIN 4 8 6 10 -2.178 5.471 -0.571
SPIN 4 8 6 11 -3.615 1.628 -4.391
SPIN 4 8 6 12 -4.235 -2.014 3.606
SPIN 4 8 6 13 4.920 2.137 2.496
SPIN 4 8 6 14 -0.697 5.025 3.043
SPIN 4 8 6 15 3.163 2.947 4.038
SPIN 1 8 7 0 -3.731 2.438 -3.890
SPIN 1 8 7 1 -3.694 -4.598 0.453
SPIN 1 8 7 2 -1.591 3.330 -4.624
SPIN 1 8 7 3 -1.799 1.280 -5.489
SPIN 1 8 7 4 -3.753 -4.557 -0.377
SPIN 1 8 7 5 4.317 1.803 3.621
SPIN 1 8 7 6 -3.212 -4.933 0.589
SPIN 1 8 7 7 5.429 -2.342 -0.198
SPIN 1 8 7 8 1.857 5.328 1.780
SPIN 1 8 7 9 4.298 1.213 -3.880
SPIN 1 8 7 10 -0.848 0.488 -5.835
SPIN 1 8 7 11 1.148 5.796 -0.305
SPIN 1 8 7 12 0.388 -3.816 -4.504
SPIN 1 8 7 13 5.570 0.120 1.990
SPIN 1 8 7 14 -5.356 1.662 1.885
SPIN 1 8 7 15 -2.746 3.857 3.548
SPIN 4 8 7 0 2.809 2.978 4.271
SPIN 4 8 7 1 -3.127 3.376 3.718
SPIN 4 8 7 2 1.497 -5.714 0.326
SPIN 4 8 7 3 5.796 0.988 -0.654
SPIN 4 8 7 4 -4.228 -2.270 3.460
SPIN 4 8 7 5 -2.510 3.843 -3.732
SPIN 4 8 7 6 -4.210 0.332 4.143
SPIN 4 8 7 7 -4.526 -0.972 -3.684
SPIN 4 8 7 8 -2.136 -4.423 -3.297
SPIN 4 8 7 9 -4.032 -2.105 3.783
SPIN 4 8 7 10 5.383 -2.317 -0.811
SPIN 4 8 7 11 -1.806 -1.851 5.321
SPIN 4 8 7 12 -5.495 1.574 1.526
SPIN 4 8 7 13 -1.103 -5.733 0.957
SPIN 4 8 7 14 -1.437 2.726 5.050
SPIN 4 8 7 15 2.584 -5.294 0.551
SPIN 1 8 8 0 5.668 -0.286 -1.671
SPIN 1 8 8 1 -3.772 -3.718 2.635
SPIN 1 8 8 2 -4.484 -3.481 -1.667
SPIN 1 8 8 3 -2.617 -0.766 5.250
SPIN 1 8 8 4 -1.036 0.749 -5.776
SPIN 1 8 8 5 5.824 0.826 0.631
SPIN 1 8 8 6 3.551 -2.520 -4.005
SPIN 1 8 8 7 -5.253 0.003 2.721
SPIN 1 8 8 8 -4.828 -0.735 3.339
SPIN 1 8 8 9 -2.848 4.600 -2.392
SPIN 1 8 8 10 2.222 -4.999 2.253
SPIN 1 8 8 11 -2.371 -3.079 -4.461
SPIN 1 8 8 12 4.240 -3.667 1.892
SPIN 1 8 8 13 -4.065 3.771 2.062
SPIN 1 8 8 14 4.454 -1.196 -3.705
SPIN 1 8 8 15 0.800 2.090 -5.476
SPIN 4 8 8 0 -3.864 4.459 -0.433
SPIN 4 8 8 1 1.381 -2.832 5.007
SPIN 4 8 8 2 5.267 1.320 -2.349
SPIN 4 8 8 3 -5.844 -0.918 -0.013
SPIN 4 8 8 4 1.224 -3.700 -4.451
SPIN 4 8 8 5 0.259 2.845 5.181
SPIN 4 8 8 6 3.546 4.692 0.642
SPIN 4 8 8 7 1.373 0.224 -5.750
SPIN 4 8 8 8 2.711 5.244 -0.393
SPIN 4 8 8 9 -0.368 -1.457 -5.722
SPIN 4 8 8 10 0.085 -0.989 5.832
SPIN 4 8 8 11 -5.089 2.841 1.014
SPIN 4 8 8 12 -0.545 -5.337 2.494
SPIN 4 8 8 13 -4.230 -0.255 -4.128
SPIN 4 8 8 14 2.478 0.312 5.363
SPIN 4 8 8 15 5.692 -0.955 1.301
SPIN 1 8 9 0 5.382 -2.313 0.829
SPIN 1 8 9 1 0.789 5.461 -2.133
SPIN 1 8 9 2 -1.407 5.653 1.031
SPIN 1 8 9 3 -0.821 -2.793 -5.151
SPIN 1 8 9 4 1.724 4.777 -3.034
SPIN 1 8 9 5 -0.472 2.046 -5.531
SPIN 1 8 9 6 -0.822 5.634 -1.607
SPIN 1 8 9 7 3.225 -1.518 -4.722
SPIN 1 8 9 8 1.937 2.887 4.787
SPIN 1 8 9 9 -3.549 -4.522 -1.399
SPIN 1 8 9 10 -0.354 1.234 -5.775
SPIN 1 8 9 11 1.853 -5.209 2.105
SPIN 1 8 9 12 -2.842 4.979 -1.462
SPIN 1 8 9 13 2.932 2.810 -4.302
SPIN 1 8 9 14 -2.850 -4.079 -3.199
SPIN 1 8 9 15 -5.591 0.687 1.807
SPIN 4 8 9 0 4.259 3.766 -1.637
SPIN 4 8 9 1 -5.563 -1.999 -0.233
SPIN 4 8 9 2 -3.243 -3.243 -3.737
SPIN 4 8 9 3 4.397 -0.649 -3.904
SPIN 4 8 9 4 0.900 -2.353 5.353
SPIN 4 8 9 5 -3.627 3.552 -3.038
SPIN 4 8 9 6 -4.967 -0.339 -3.197
SPIN 4 8 9 7 0.156 5.487 2.207
SPIN 4 8 9 8 -0.368 -2.844 -5.175
SPIN 4 8 9 9 -4.030 -2.444 3.575
SPIN 4 8 9 10 -3.792 2.072 4.041
SPIN 4 8 9 11 -3.511 2.325 -4.156
SPIN 4 8 9 12 -3.800 2.815 -3.554
SPIN 4 8 9 13 -0.854 -5.651 -1.530
SPIN 4 8 9 14 3.256 0.469 4.917
SPIN 4 8 9 15 -4.664 3.198 -1.740
SPIN 1 8 10 0 5.653 -0.787 -1.555
SPIN 1 8 10 1 1.635 -0.598 5.654
SPIN 1 8 10 2 0.588 5.794 -1.039
SPIN 1 8 10 3 -4.522 -1.715 3.407
SPIN 1 8 10 4 -0.075 1.831 -5.625
SPIN 1 8 10 5 2.323 0.299 5.433
SPIN 1 8 10 6 -3.688 -3.379 3.159
SPIN 1 8 10 7 5.247 1.807 2.050
SPIN 1 8 10 8 5.809 -0.850 0.730
SPIN 1 8 10 9 3.812 3.777 -2.491
SPIN 1 8 10 10 2.290 -4.893 -2.411
SPIN 1 8 10 11 -3.901 4.438 -0.289
SPIN 1 8 10 12 2.886 -3.565 -3.736
SPIN 1 8 10 13 1.373 -5.243 2.372
SPIN 1 8 10 14 2.394 1.787 5.107
SPIN 1 8 10 15 0.765 1.719 5.609
SPIN 4 8 10 0 0.166 -3.394 4.843
SPIN 4 8 10 1 0.054 5.417 -2.377
SPIN 4 8 10 2 5.083 -2.237 2.041
SPIN 4 8 10 3 -1.018 0.406 -5.814
SPIN 4 8 10 4 4.233 -1.270 3.933
SPIN 4 8 10 5 4.324 -2.509 -3.164
SPIN 4 8 10 6 -1.237 -5.729 -0.807
SPIN 4 8 10 7 1.338 -1.959 5.420
SPIN 4 8 10 8 4.047 -2.675 -3.387
SPIN 4 8 10 9 1.812 -1.624 -5.393
SPIN 4 8 10 10 -2.149 5.475 0.642
SPIN 4 8 10 11 -2.674 0.796 -5.217
SPIN 4 8 10 12 -4.362 -1.463 3.719
SPIN 4 8 10 13 4.984 2.850 -1.425
SPIN 4 8 10 14 -4.024 4.205 -1.062
SPIN 4 8 10 15 2.126 -0.024 5.521
SPIN 1 8 11 0 3.867 -0.796 -4.406
SPIN 1 8 11 1 -2.394 2.058 5.003
SPIN 1 8 11 2 2.449 -5.162 -1.536
SPIN 1 8 11 3 5.881 0.276 -0.583
SPIN 1 8 11 4 -4.933 0.205 3.259
SPIN 1 8 11 5 3.834 -4.256 1.477
SPIN 1 8 11 6 -4.085 4.277 0.152
SPIN 1 8 11 7 0.417 4.421 3.909
SPIN 1 8 11 8 -3.310 -2.611 -4.151
SPIN 1 8 11 9 -2.495 5.328 0.620
SPIN 1 8 11 10 5.363 -1.985 1.516
SPIN 1 8 11 11 -3.516 -3.488 3.237
SPIN 1 8 11 12 0.059 1.405 5.746
SPIN 1 8 11 13 4.505 -2.456 -2.945
SPIN 1 8 11 14 -0.540 5.636 1.716
SPIN 1 8 11 15 -4.920 3.101 1.083
SPIN 4 8 11 0 5.298 -2.433 1.006
SPIN 4 8 11 1 0.131 -0.498 5.894
SPIN 4 8 11 2 -2.749 -4.930 1.772
SPIN 4 8 11 3 4.814 3.439 0.024
SPIN 4 8 11 4 2.107 -5.115 -2.098
SPIN 4 8 11 5 -1.642 4.651 3.267
SPIN 4 8 11 6 -2.553 -4.263 3.210
SPIN 4 8 11 7 1.400 -5.499 -1.673
SPIN 4 8 11 8 -5.417 1.191 -2.060
SPIN 4 8 11 9 -4.025 -0.576 -4.298
SPIN 4 8 11 10 -0.272 -2.781 -5.215
SPIN 4 8 11 11 5.238 2.020 -1.866
SPIN 4 8 11 12 -3.806 3.553 -2.808
SPIN 4 8 11 13 -0.636 -3.212 4.927
SPIN 4 8 11 14 0.081 -5.895 -0.491
SPIN 4 8 11 15 -1.842 -4.954 -2.658
SPIN 1 8 12 0 -5.889 -0.536 -0.192
SPIN 1 8 12 1 2.686 -0.366 -5.258
SPIN 1 8 12 2 1.591 5.278 -2.148
SPIN 1 8 12 3 -0.488 -5.874 -0.510
SPIN 1 8 12 4 -3.373 0.577 4.826
SPIN 1 8 12 5 -0.134 5.649 -1.753
SPIN 1 8 12 6 5.542 1.356 -1.566
SPIN 1 8 12 7 -3.171 1.243 -4.838
SPIN 1 8 12 8 0.583 3.057 5.031
SPIN 1 8 12 9 0.815 -5.553 -1.870
SPIN 1 8 12 10 -2.384 -1.261 5.266
SPIN 1 8 12 11 5.378 2.246 1.016
SPIN 1 8 12 12 3.416 -2.516 4.123
SPIN 1 8 12 13 2.425 5.294 -1.046
SPIN 1 8 12 14 -1.133 -4.774 -3.305
SPIN 1 8 12 15 4.484 1.922 -3.347
SPIN 4 8 12 0 1.807 1.561 -5.413
SPIN 4 8 12 1 2.898 3.197 -4.047
SPIN 4 8 12 2 -0.169 -3.621 4.675
SPIN 4 8 12 3 -5.405 1.004 2.186
SPIN 4 8 12 4 5.754 -1.301 0.440
SPIN 4 8 12 5 3.055 4.948 -1.088
SPIN 4 8 12 6 -2.117 -5.085 2.160
SPIN 4 8 12 7 -2.068 5.337 1.495
SPIN 4 8 12 8 3.986 2.476 3.603
SPIN 4 8 12 9 -2.472 -0.230 5.370
SPIN 4 8 12 10 -3.330 -3.470 3.446
SPIN 4 8 12 11 -5.044 -1.324 2.794
SPIN 4 8 12 12 2.400 -0.867 -5.337
SPIN 4 8 12 13 0.498 -0.002 5.895
SPIN 4 8 12 14 1.851 3.788 -4.150
SPIN 4 8 12 15 -1.086 4.369 3.838
SPIN 1 8 13 0 0.501 -2.087 5.513
SPIN 1 8 13 1 -1.258 -1.321 5.628
SPIN 1 8 13 2 3.946 -3.979 1.896
SPIN 1 8 13 3 -0.134 5.592 1.927
SPIN 1 8 13 4 1.010 0.147 5.827
SPIN 1 8 13 5 -3.258 1.559 -4.686
SPIN 1 8 13 6 -1.010 4.365 3.864
SPIN 1 8 13 7 2.708 -3.680 -3.758
SPIN 1 8 13 8 -2.777 2.471 4.602
SPIN 1 8 13 9 4.560 -3.768 -0.073
SPIN 1 8 13 10 5.588 1.690 0.955
SPIN 1 8 13 11 3.278 3.882 -3.031
SPIN 1 8 13 12 -4.881 2.121 -2.584
SPIN 1 8 13 13 1.745 -1.519 -5.445
SPIN 1 8 13 14 3.815 1.839 4.130
SPIN 1 8 13 15 5.008 -1.846 2.551
SPIN 4 8 13 0 4.633 -1.975 -3.104
SPIN 4 8 13 1 5.782 1.237 -0.209
SPIN 4 8 13 2 -3.952 -1.003 -4.287
SPIN 4 8 13 3 1.964 1.583 5.351
SPIN 4 8 13 4 2.238 4.503 -3.117
SPIN 4 8 13 5 -2.042 5.448 1.072
SPIN 4 8 13 6 -5.108 2.367 -1.817
SPIN 4 8 13 7 3.747 -2.168 -4.032
SPIN 4 8 13 8 0.187 0.216 5.909
SPIN 4 8 13 9 -0.869 1.169 -5.734
SPIN 4 8 13 10 -0.878 0.531 5.826
SPIN 4 8 13 11 4.023 4.310 -0.492
SPIN 4 8 13 12 -3.671 -0.952 4.541
SPIN 4 8 13 13 4.723 -3.432 0.953
SPIN 4 8 13 14 -2.262 -2.719 4.743
SPIN 4 8 13 15 1.043 -1.704 -5.568
SPIN 1 8 14 0 3.247 -4.749 1.379
SPIN 1 8 14 1 -2.852 -2.183 -4.701
SPIN 1 8 14 2 5.664 1.070 1.330
SPIN 1 8 14 3 2.155 -2.344 4.986
SPIN 1 8 14 4 -1.868 3.714 -4.209
SPIN 1 8 14 5 3.083 0.426 5.031
SPIN 1 8 14 6 -1.405 4.565 -3.491
SPIN 1 8 14 7 -5.576 -1.305 1.486
SPIN 1 8 14 8 4.686 -0.339 -3.596
SPIN 1 8 14 9 4.754 -3.272 -1.304
SPIN 1 8 14 10 -5.693 1.499 0.585
SPIN 1 8 14 11 -0.176 0.223 5.909
SPIN 1 8 14 12 -2.925 -4.885 -1.605
SPIN 1 8 14 13 -1.481 5.689 0.663
SPIN 1 8 14 14 -1.762 5.597 -0.754
SPIN 1 8 14 15 5.607 -1.787 0.607
SPIN 4 8 14 0 2.015 5.484 0.934
SPIN 4 8 14 1 -5.282 1.715 2.039
SPIN 4 8 14 2 5.225 0.376 2.749
SPIN 4 8 14 3 -5.410 -2.327 0.563
SPIN 4 8 14 4 2.020 3.235 4.523
SPIN 4 8 14 5 5.841 0.789 0.505
SPIN 4 8 14 6 -5.082 -1.680 2.521
SPIN 4 8 14 7 -4.250 -4.102 -0.337
SPIN 4 8 14 8 -3.792 2.570 -3.744
SPIN 4 8 14 9 -4.637 -3.632 0.554
SPIN 4 8 14 10 2.977 4.453 2.511
SPIN 4 8 14 11 5.657 -1.245 1.202
SPIN 4 8 14 12 -1.532 -0.151 5.712
SPIN 4 8 14 13 -0.563 2.415 -5.371
SPIN 4 8 14 14 -2.479 0.484 5.350
SPIN 4 8 14 15 3.557 1.552 4.465
SPIN 1 8 15 0 -0.190 2.363 5.421
SPIN 1 8 15 1 -3.328 -3.320 3.592
SPIN 1 8 15 2 -2.913 1.753 4.842
SPIN 1 8 15 3 0.981 5.756 0.953
SPIN 1 8 15 4 3.711 1.702 4.282
SPIN 1 8 15 5 -2.267 0.455 -5.445
SPIN 1 8 15 6 1.989 -1.454 5.378
SPIN 1 8 15 7 1.247 2.733 5.097
SPIN 1 8 15 8 -5.546 -1.845 -0.915
SPIN 1 8 15 9 4.861 0.568 3.324
SPIN 1 8 15 10 1.628 3.926 4.115
SPIN 1 8 15 11 0.479 -5.137 2.896
SPIN 1 8 15 12 3.849 -4.061 -1.923
SPIN 1 8 15 13 -0.653 1.107 5.775
SPIN 1 8 15 14 2.476 5.260 1.096
SPIN 1 8 15 15 2.096 -3.345 -4.407
SPIN 4 8 15 0 1.251 1.862 -5.474
SPIN 4 8 15 1 5.486 2.060 0.810
SPIN 4 8 15 2 -4.933 -0.987 3.114
SPIN 4 8 15 3 5.663 1.461 0.892
SPIN 4 8 15 4 5.012 -2.373 2.062
SPIN 4 8 15 5 4.876 -2.339 -2.400
SPIN 4 8 15 6 3.469 0.301 -4.783
SPIN 4 8 15 7 -0.730 -2.132 -5.470
SPIN 4 8 15 8 0.761 3.821 4.452
SPIN 4 8 15 9 -0.128 -2.431 5.392
SPIN 4 8 15 10 0.744 2.612 -5.256
SPIN 4 8 15 11 -3.822 -3.857 -2.348
SPIN 4 8 15 12 0.866 4.431 -3.823
SPIN 4 8 15 13 4.238 -2.783 -3.048
SPIN 4 8 15 14 -1.583 -3.520 4.484
SPIN 4 8 15 15 3.104 0.027 -5.036
SPIN 3 8 0 0 -0.279 5.258 -2.698
SPIN 3 8 0 1 -3.241 -4.917 -0.562
SPIN 3 8 0 2 -3.980 4.189 -1.269
SPIN 3 8 0 3 2.176 -5.501 0.007
SPIN 3 8 0 4 -4.468 -3.550 -1.563
SPIN 3 8 0 5 3.258 -4.873 -0.797
SPIN 3 8 0 6 -3.242 0.472 -4.926
SPIN 3 8 0 7 -3.059 -4.675 -1.945
SPIN 3 8 0 8 -3.394 4.843 0.140
SPIN 3 8 0 9 -1.231 -5.780 0.283
SPIN 3 8 0 10 -4.261 3.387 2.318
SPIN 3 8 0 11 -2.158 3.464 4.283
SPIN 3 8 0 12 -5.098 0.521 -2.957
SPIN 3 8 0 13 4.676 -2.484 -2.639
SPIN 3 8 0 14 -2.078 0.396 -5.525
SPIN 3 8 0 15 1.644 -4.830 -2.995
SPIN 2 8 0 0 -1.587 3.707 4.328
SPIN 2 8 0 1 1.071 1.536 -5.612
SPIN 2 8 0 2 1.960 4.459 -3.358
SPIN 2 8 0 3 0.421 4.237 4.108
SPIN 2 8 0 4 -3.545 -4.733 0.180
SPIN 2 8 0 5 5.037 -2.390 -1.978
SPIN 2 8 0 6 -2.636 -3.419 -4.045
SPIN 2 8 0 7 2.079 5.331 1.505
SPIN 2 8 0 8 -2.227 -5.276 1.483
SPIN 2 8 0 9 -4.195 -4.049 1.002
SPIN 2 8 0 10 -1.942 -2.034 -5.205
SPIN 2 8 0 11 4.458 -0.194 3.885
SPIN 2 8 0 12 4.411 -3.506 1.803
SPIN 2 8 0 13 -5.740 -0.833 -1.164
SPIN 2 8 0 14 1.490 5.621 1.088
SPIN 2 8 0 15 0.122 -5.903 -0.366
SPIN 3 8 1 0 -4.656 -3.348 -1.456
SPIN 3 8 1 1 -3.300 4.414 2.151
SPIN 3 8 1 2 -1.356 -4.893 -3.037
SPIN 3 8 1 3 1.461 4.968 -2.860
SPIN 3 8 1 4 1.088 4.363 3.845
SPIN 3 8 1 5 4.232 -0.853 -4.045
SPIN 3 8 1 6 -2.222 -2.647 4.802
SPIN 3 8 1 7 5.082 0.056 -3.028
SPIN 3 8 1 8 -0.340 -4.814 -3.421
SPIN 3 8 1 9 3.195 2.052 -4.536
SPIN 3 8 1 10 -3.741 3.508 -2.950
SPIN 3 8 1 11 1.735 -5.343 -1.855
SPIN 3 8 1 12 5.404 1.005 -2.187
SPIN 3 8 1 13 -3.559 -3.510 -3.165
SPIN 3 8 1 14 -5.467 0.480 -2.209
SPIN 3 8 1 15 2.999 2.493 4.449
SPIN 2 8 1 0 0.428 5.792 -1.128
SPIN 2 8 1 1 -2.799 -1.564 4.972
SPIN 2 8 1 2 3.458 -4.636 -1.244
SPIN 2 8 1 3 1.495 -5.676 -0.744
SPIN 2 8 1 4 4.168 4.172 -0.468
SPIN 2 8 1 5 1.538 -2.009 -5.348
SPIN 2 8 1 6 -5.305 -2.584 -0.426
SPIN 2 8 1 7 4.375 -1.483 -3.696
SPIN 2 8 1 8 -1.576 -5.138 2.473
SPIN 2 8 1 9 -2.414 5.017 -1.999
SPIN 2 8 1 10 4.759 -0.273 -3.504
SPIN 2 8 1 11 3.155 4.167 2.771
SPIN 2 8 1 12 -4.430 -3.910 0.297
SPIN 2 8 1 13 3.945 -4.395 -0.338
SPIN 2 8 1 14 -2.411 1.065 -5.297
SPIN 2 8 1 15 -1.080 0.875 5.750
SPIN 3 8 2 0 1.837 -4.267 -3.663
SPIN 3 8 2 1 4.778 3.272 -1.210
SPIN 3 8 2 2 3.038 -4.813 1.614
SPIN 3 8 2 3 0.762 5.866 0.072
SPIN 3 8 2 4 5.168 -2.831 -0.531
SPIN 3 8 2 5 -0.511 -2.742 5.217
SPIN 3 8 2 6 -3.616 1.788 4.327
SPIN 3 8 2 7 0.409 -2.432 -5.377
SPIN 3 8 2 8 -1.436 1.770 5.459
SPIN 3 8 2 9 -4.585 3.362 -1.634
SPIN 3 8 2 10 2.355 -1.451 -5.230
SPIN 3 8 2 11 -1.075 3.073 -4.940
SPIN 3 8 2 12 3.760 4.274 -1.612
SPIN 3 8 2 13 2.878 1.235 5.019
SPIN 3 8 2 14 -1.553 5.657 0.767
SPIN 3 8 2 15 0.297 -5.048 -3.071
SPIN 2 8 2 0 -3.026 -5.001 -0.912
SPIN 2 8 2 1 5.068 -0.008 -3.052
SPIN 2 8 2 2 -4.149 4.183 0.530
SPIN 2 8 2 3 -3.740 3.187 -3.295
SPIN 2 8 2 4 4.549 -2.760 -2.587
SPIN 2 8 2 5 -1.794 3.074 4.726
SPIN 2 8 2 6 2.632 -1.023 -5.199
SPIN 2 8 2 7 -5.012 2.554 -1.831
SPIN 2 8 2 8 -2.547 -4.387 -3.045
SPIN 2 8 2 9 0.377 1.658 -5.667
SPIN 2 8 2 10 3.284 3.233 3.710
SPIN 2 8 2 11 -2.737 -1.798 -4.927
SPIN 2 8 2 12 0.388 -4.439 -3.891
SPIN 2 8 2 13 4.143 3.228 2.724
SPIN 2 8 2 14 4.136 -3.405 2.510
SPIN 2 8 2 15 -3.435 -2.851 -3.882
SPIN 3 8 3 0 3.781 -0.850 4.470
SPIN 3 8 3 1 -5.622 1.058 1.508
SPIN 3 8 3 2 1.255 -2.280 5.313
SPIN 3 8 3 3 -0.185 -5.900 -0.400
SPIN 3 8 3 4 -2.045 5.500 0.752
SPIN 3 8 3 5 2.630 -3.072 -4.318
SPIN 3 8 3 6 5.252 -2.444 -1.201
SPIN 3 8 3 7 -2.637 4.338 -3.038
SPIN 3 8 3 8 -4.837 -1.204 3.186
SPIN 3 8 3 9 -0.265 1.536 5.707
SPIN 3 8 3 10 -3.926 -3.429 2.799
SPIN 3 8 3 11 5.251 -0.276 -2.711
SPIN 3 8 3 12 -2.843 -3.964 -3.347
SPIN 3 8 3 13 -3.420 4.668 1.229
SPIN 3 8 3 14 2.904 -2.542 4.484
SPIN 3 8 3 15 3.618 -1.586 -4.404
SPIN 2 8 3 0 3.723 0.243 4.591
SPIN 2 8 3 1 3.948 4.148 1.485
SPIN 2 8 3 2 -1.722 -5.415 1.648
SPIN 2 8 3 3 0.796 4.706 -3.495
SPIN 2 8 3 4 1.922 -4.010 3.902
SPIN 2 8 3 5 -0.955 0.265 -5.833
SPIN 2 8 3 6 -3.378 -1.843 4.494
SPIN 2 8 3 7 -1.346 0.622 5.727
SPIN 2 8 3 8 -1.724 4.838 -2.936
SPIN 2 8 3 9 1.087 1.176 -5.695
SPIN 2 8 3 10 -1.453 -2.147 5.318
SPIN 2 8 3 11 -1.385 -3.309 4.705
SPIN 2 8 3 12 3.593 1.039 -4.583
SPIN 2 8 3 13 -0.348 -5.186 -2.826
SPIN 2 8 3 14 0.405 4.464 -3.861
SPIN 2 8 3 15 0.664 -1.214 -5.752
SPIN 3 8 4 0 0.667 -2.996 -5.058
SPIN 3 8 4 1 2.257 5.428 0.662
SPIN 3 8 4 2 3.717 3.076 3.423
SPIN 3 8 4 3 0.685 4.819 3.362
SPIN 3 8 4 4 4.669 0.509 3.597
SPIN 3 8 4 5 -4.495 -3.753 0.843
SPIN 3 8 4 6 -4.746 1.232 -3.310
SPIN 3 8 4 7 4.539 -2.202 3.090
SPIN 3 8 4 8 -4.975 0.067 -3.201
SPIN 3 8 4 9 2.948 -4.499 2.462
SPIN 3 8 4 10 -2.513 -4.928 -2.097
SPIN 3 8 4 11 5.526 1.750 1.185
SPIN 3 8 4 12 5.373 1.627 1.866
SPIN 3 8 4 13 -5.594 1.915 -0.188
SPIN 3 8 4 14 -2.911 -4.986 1.292
SPIN 3 8 4 15 -1.576 4.662 -3.283
SPIN 2 8 4 0 3.247 4.929 0.412
SPIN 2 8 4 1 -4.846 -2.392 -2.408
SPIN 2 8 4 2 3.904 4.174 -1.528
SPIN 2 8 4 3 -3.831 -4.469 0.596
SPIN 2 8 4 4 0.223 3.672 4.633
SPIN 2 8 4 5 -1.698 -4.028 3.986
SPIN 2 8 4 6 5.370 2.462 -0.318
SPIN 2 8 4 7 3.634 2.016 4.211
SPIN 2 8 4 8 -0.044 -3.706 -4.611
SPIN 2 8 4 9 0.385 1.094 5.801
SPIN 2 8 4 10 3.662 4.388 -1.528
SPIN 2 8 4 11 -0.854 5.594 1.727
SPIN 2 8 4 12 -2.087 -1.720 5.262
SPIN 2 8 4 13 1.694 -1.755 -5.390
SPIN 2 8 4 14 0.838 5.352 2.379
SPIN 2 8 4 15 -4.017 -4.294 0.654
SPIN 3 8 5 0 4.190 -2.289 3.494
SPIN 3 8 5 1 -4.002 3.958 1.822
SPIN 3 8 5 2 2.682 -4.866 -2.032
SPIN 3 8 5 3 -3.584 4.617 0.914
SPIN 3 8 5 4 -2.690 -4.273 -3.083
SPIN 3 8 5 5 0.112 -5.607 1.884
SPIN 3 8 5 6 5.652 0.094 1.744
SPIN 3 8 5 7 -5.753 1.082 0.858
SPIN 3 8 5 8 3.586 -3.037 -3.594
SPIN 3 8 5 9 -2.235 -5.286 1.436
SPIN 3 8 5 10 -4.337 0.150 -4.021
SPIN 3 8 5 11 -1.995 4.032 3.842
SPIN 3 8 5 12 1.537 -5.484 1.602
SPIN 3 8 5 13 1.968 -5.342 1.609
SPIN 3 8 5 14 -2.602 -5.175 -1.204
SPIN 3 8 5 15 5.795 -1.114 -0.421
SPIN 2 8 5 0 4.954 -2.958 -1.305
SPIN 2 8 5 1 -0.603 -5.785 -1.081
SPIN 2 8 5 2 -3.784 -3.365 3.059
SPIN 2 8 5 3 3.290 -0.020 4.917
SPIN 2 8 5 4 -4.661 -2.988 -2.084
SPIN 2 8 5 5 0.290 -2.157 -5.501
SPIN 2 8 5 6 -2.964 -4.474 -2.489
SPIN 2 8 5 7 -2.991 -2.260 4.577
SPIN 2 8 5 8 -4.304 -3.202 -2.494
SPIN 2 8 5 9 1.699 4.619 -3.283
SPIN 2 8 5 10 1.292 -5.589 1.449
SPIN 2 8 5 11 1.439 -1.353 5.577
SPIN 2 8 5 12 2.162 2.751 -4.771
SPIN 2 8 5 13 -3.612 -1.314 -4.497
SPIN 2 8 5 14 -1.684 3.241 4.654
SPIN 2 8 5 15 4.548 0.865 -3.684
SPIN 3 8 6 0 -0.802 5.660 1.524
SPIN 3 8 6 1 -3.070 0.889 -4.978
SPIN 3 8 6 2 1.379 5.571 -1.438
SPIN 3 8 6 3 -2.987 -2.992 -4.138
SPIN 3 8 6 4 -0.042 5.574 1.981
SPIN 3 8 6 5 4.593 2.157 -3.042
SPIN 3 8 6 6 2.515 5.137 1.511
SPIN 3 8 6 7 3.545 -4.629 1.004
SPIN 3 8 6 8 -2.674 -4.033 -3.403
SPIN 3 8 6 9 4.001 -4.239 1.009
SPIN 3 8 6 10 -5.538 -2.065 0.267
SPIN 3 8 6 11 -4.249 0.401 4.097
SPIN 3 8 6 12 3.806 -4.517 0.335
SPIN 3 8 6 13 -0.531 5.572 1.915
SPIN 3 8 6 14 5.028 2.180 2.228
SPIN 3 8 6 15 1.823 3.995 -3.964
SPIN 2 8 6 0 -1.536 -2.901 -4.922
SPIN 2 8 6 1 -2.380 -1.051 -5.313
SPIN 2 8 6 2 4.862 1.379 3.076
SPIN 2 8 6 3 1.563 -4.541 -3.455
SPIN 2 8 6 4 2.163 5.221 -1.750
SPIN 2 8 6 5 -5.727 1.477 0.145
SPIN 2 8 6 6 1.427 -5.470 1.745
SPIN 2 8 6 7 -0.262 -2.463 -5.373
SPIN 2 8 6 8 1.625 4.408 3.595
SPIN 2 8 6 9 0.219 4.838 3.398
SPIN 2 8 6 10 2.154 5.290 -1.542
SPIN 2 8 6 11 -3.371 -2.969 3.850
SPIN 2 8 6 12 3.157 3.351 -3.716
SPIN 2 8 6 13 1.268 -3.885 4.278
SPIN 2 8 6 14 3.352 -2.191 4.355
SPIN 2 8 6 15 -1.452 -4.741 3.227
SPIN 3 8 7 0 5.560 -2.009 -0.230
SPIN 3 8 7 1 1.699 4.432 -3.532
SPIN 3 8 7 2 3.186 -3.211 3.813
SPIN 3 8 7 3 5.799 -0.363 1.116
SPIN 3 8 7 4 -2.582 -3.810 -3.717
SPIN 3 8 7 5 -4.787 3.355 0.910
SPIN 3 8 7 6 -3.555 2.949 -3.696
SPIN 3 8 7 7 -5.460 -0.051 -2.278
SPIN 3 8 7 8 -1.475 5.393 1.935
SPIN 3 8 7 9 -1.764 -4.619 -3.248
SPIN 3 8 7 10 -5.154 0.435 -2.872
SPIN 3 8 7 11 2.427 -3.681 3.944
SPIN 3 8 7 12 -0.951 0.270 -5.833
SPIN 3 8 7 13 1.824 5.142 2.287
SPIN 3 8 7 14 3.459 4.795 0.194
SPIN 3 8 7 15 -2.168 3.800 3.982
SPIN 2 8 7 0 -3.925 -3.361 2.880
SPIN 2 8 7 1 -0.303 5.908 -0.089
SPIN 2 8 7 2 5.417 1.020 2.147
SPIN 2 8 7 3 -2.867 3.790 -3.523
SPIN 2 8 7 4 2.067 5.382 1.329
SPIN 2 8 7 5 3.690 -3.578 2.929
SPIN 2 8 7 6 -4.004 3.590 2.466
SPIN 2 8 7 7 3.840 3.932 2.188
SPIN 2 8 7 8 -1.243 5.628 -1.336
SPIN 2 8 7 9 3.998 -2.402 -3.640
SPIN 2 8 7 10 -2.328 4.923 2.311
SPIN 2 8 7 11 -1.689 1.947 -5.325
SPIN 2 8 7 12 2.221 5.349 -1.205
SPIN 2 8 7 13 4.010 -2.204 -3.751
SPIN 2 8 7 14 -4.131 -3.446 2.462
SPIN 2 8 7 15 -0.820 4.214 4.071
SPIN 3 8 8 0 -0.240 4.735 -3.539
SPIN 3 8 8 1 0.602 1.871 5.580
SPIN 3 8 8 2 -3.576 4.288 -1.956
SPIN 3 8 8 3 -4.288 -3.885 -1.232
SPIN 3 8 8 4 -0.044 3.768 -4.561
SPIN 3 8 8 5 -0.385 -5.500 -2.146
SPIN 3 8 8 6 0.179 -2.696 5.263
SPIN 3 8 8 7 4.145 -1.379 -3.990
SPIN 3 8 8 8 -1.941 -4.115 -3.781
SPIN 3 8 8 9 1.652 5.006 -2.685
SPIN 3 8 8 10 3.801 0.663 4.485
SPIN 3 8 8 11 -1.009 -3.908 4.325
SPIN 3 8 8 12 4.580 -2.786 -2.501
SPIN 3 8 8 13 -5.629 0.907 1.577
SPIN 3 8 8 14 -2.239 5.249 1.562
SPIN 3 8 8 15 -1.779 0.547 -5.616
SPIN 2 8 8 0 3.476 -4.437 1.797
SPIN 2 8 8 1 4.968 -2.596 -1.892
SPIN 2 8 8 2 -5.426 -2.260 0.669
SPIN 2 8 8 3 3.593 -3.523 -3.110
SPIN 2 8 8 4 -0.790 5.472 2.107
SPIN 2 8 8 5 -4.162 1.635 -3.874
SPIN 2 8 8 6 2.633 -4.951 1.886
SPIN 2 8 8 7 5.492 2.126 0.567
SPIN 2 8 8 8 -1.742 -4.368 3.590
SPIN 2 8 8 9 -2.467 -4.678 2.651
SPIN 2 8 8 10 1.902 -5.438 1.344
SPIN 2 8 8 11 -3.481 -4.622 1.232
SPIN 2 8 8 12 -5.400 0.922 2.233
SPIN 2 8 8 13 -4.117 0.666 -4.196
SPIN 2 8 8 14 4.713 -1.552 3.222
SPIN 2 8 8 15 -3.760 4.408 -1.196
SPIN 3 8 9 0 -4.314 -3.844 1.271
SPIN 3 8 9 1 -0.111 3.032 5.079
SPIN 3 8 9 2 -3.597 -3.585 -3.035
SPIN 3 8 9 3 5.345 2.132 1.372
SPIN 3 8 9 4 0.351 -1.166 5.789
SPIN 3 8 9 5 3.469 -2.816 3.877
SPIN 3 8 9 6 -0.890 0.684 5.809
SPIN 3 8 9 7 -4.764 -3.451 -0.631
SPIN 3 8 9 8 -3.570 3.987 2.523
SPIN 3 8 9 9 3.868 -2.571 3.665
SPIN 3 8 9 10 3.729 -0.667 4.544
SPIN 3 8 9 11 1.260 4.741 -3.307
SPIN 3 8 9 12 4.098 -1.496 -3.996
SPIN 3 8 9 13 3.473 4.748 0.634
SPIN 3 8 9 14 -0.410 -0.256 5.896
SPIN 3 8 9 15 1.357 -0.563 -5.731
SPIN 2 8 9 0 -5.147 2.694 -1.118
SPIN 2 8 9 1 2.086 5.174 1.970
SPIN 2 8 9 2 4.657 2.365 -2.778
SPIN 2 8 9 3 -0.824 5.662 1.506
SPIN 2 8 9 4 -4.314 -2.662 -3.050
SPIN 2 8 9 5 0.845 -0.806 5.800
SPIN 2 8 9 6 2.851 -3.778 3.550
SPIN 2 8 9 7 -3.026 -5.067 0.418
SPIN 2 8 9 8 2.775 4.687 -2.310
SPIN 2 8 9 9 4.015 -3.286 -2.843
SPIN 2 8 9 10 -2.851 3.335 -3.968
SPIN 2 8 9 11 0.579 -0.585 -5.859
SPIN 2 8 9 12 3.590 -0.479 4.678
SPIN 2 8 9 13 2.471 0.232 -5.370
SPIN 2 8 9 14 0.643 -1.512 5.683
SPIN 2 8 9 15 3.239 -2.317 -4.375
SPIN 3 8 10 0 4.672 -1.737 -3.187
SPIN 3 8 10 1 -2.739 4.937 1.768
SPIN 3 8 10 2 5.076 -0.991 2.872
SPIN 3 8 10 3 -5.546 -2.053 -0.167
SPIN 3 8 10 4 -2.182 -1.331 -5.335
SPIN 3 8 10 5 -3.721 2.481 3.873
SPIN 3 8 10 6 4.471 3.004 -2.447
SPIN 3 8 10 7 4.583 2.070 -3.117
SPIN 3 8 10 8 5.280 -2.669 0.013
SPIN 3 8 10 9 -0.471 5.227 2.731
SPIN 3 8 10 10 4.565 1.267 3.544
SPIN 3 8 10 11 2.305 -5.444 0.220
SPIN 3 8 10 12 4.819 -0.774 3.343
SPIN 3 8 10 13 -0.093 -5.510 -2.151
SPIN 3 8 10 14 2.099 0.260 -5.525
SPIN 3 8 10 15 -4.421 0.286 3.921
SPIN 2 8 10 0 -2.354 -0.390 -5.413
SPIN 2 8 10 1 2.381 -5.306 1.085
SPIN 2 8 10 2 -2.711 -1.550 5.025
SPIN 2 8 10 3 -5.261 -1.414 -2.308
SPIN 2 8 10 4 0.506 4.423 3.896
SPIN 2 8 10 5 -4.508 3.673 1.091
SPIN 2 8 10 6 -0.443 -0.876 -5.834
SPIN 2 8 10 7 -5.010 2.166 2.281
SPIN 2 8 10 8 -3.329 -2.718 -4.066
SPIN 2 8 10 9 -2.698 3.286 -4.113
SPIN 2 8 10 10 -3.149 4.850 -1.252
SPIN 2 8 10 11 -3.824 2.559 3.719
SPIN 2 8 10 12 -3.473 4.362 -1.977
SPIN 2 8 10 13 -2.084 2.663 4.855
SPIN 2 8 10 14 -5.231 0.052 -2.764
SPIN 2 8 10 15 0.522 -0.950 5.816
SPIN 3 8 11 0 2.326 -5.371 0.861
SPIN 3 8 11 1 -3.591 4.190 -2.133
SPIN 3 8 11 2 -4.176 -2.961 2.966
SPIN 3 8 11 3 4.669 -3.167 -1.781
SPIN 3 8 11 4 -3.891 1.285 4.267
SPIN 3 8 11 5 4.390 -1.398 -3.711
SPIN 3 8 11 6 3.140 1.857 4.658
SPIN 3 8 11 7 3.305 -4.024 -2.807
SPIN 3 8 11 8 -0.877 -4.797 3.349
SPIN 3 8 11 9 3.423 -3.617 -3.193
SPIN 3 8 11 10 5.530 -1.590 1.374
SPIN 3 8 11 11 4.864 -3.272 0.795
SPIN 3 8 11 12 -4.486 -2.166 3.191
SPIN 3 8 11 13 1.544 -1.741 -5.439
SPIN 3 8 11 14 -1.879 -2.059 5.218
SPIN 3 8 11 15 -0.532 5.784 -1.124
SPIN 2 8 11 0 4.161 3.838 1.719
SPIN 2 8 11 1 -4.594 3.439 -1.438
SPIN 2 8 11 2 5.603 -0.798 1.724
SPIN 2 8 11 3 1.591 4.923 2.870
SPIN 2 8 11 4 -1.942 5.576 -0.374
SPIN 2 8 11 5 3.374 -4.480 -1.883
SPIN 2 8 11 6 0.086 -5.690 1.617
SPIN 2 8 11 7 -0.002 4.316 -4.047
SPIN 2 8 11 8 -4.082 -2.667 3.351
SPIN 2 8 11 9 4.806 1.203 -3.233
SPIN 2 8 11 10 -0.382 2.470 5.362
SPIN 2 8 11 11 4.518 -1.237 -3.614
SPIN 2 8 11 12 -5.871 0.022 0.731
SPIN 2 8 11 13 4.806 -0.325 -3.435
SPIN 2 8 11 14 3.128 1.698 4.725
SPIN 2 8 11 15 -1.444 3.848 -4.255
SPIN 3 8 12 0 -0.460 -2.535 -5.326
SPIN 3 8 12 1 -5.819 -0.360 1.004
SPIN 3 8 12 2 4.933 -3.252 -0.298
SPIN 3 8 12 3 1.706 4.882 -2.874
SPIN 3 8 12 4 0.032 2.641 -5.294
SPIN 3 8 12 5 -1.675 -5.476 -1.486
SPIN 3 8 12 6 5.386 1.766 -1.694
SPIN 3 8 12 7 -3.522 -1.001 -4.646
SPIN 3 8 12 8 4.572 3.054 2.185
SPIN 3 8 12 9 -4.843 0.659 -3.333
SPIN 3 8 12 10 -2.216 -5.485 -0.054
SPIN 3 8 12 11 3.236 -3.506 3.498
SPIN 3 8 12 12 -5.448 -0.270 -2.291
SPIN 3 8 12 13 -2.542 4.012 3.528
SPIN 3 8 12 14 1.643 -5.633 0.754
SPIN 3 8 12 15 -2.743 4.809 2.085
SPIN 2 8 12 0 1.230 -4.675 3.411
SPIN 2 8 12 1 -2.170 -1.801 -5.200
SPIN 2 8 12 2 5.392 1.599 1.835
SPIN 2 8 12 3 0.049 -5.708 1.554
SPIN 2 8 12 4 -4.694 3.322 1.390
SPIN 2 8 12 5 4.161 -1.407 3.963
SPIN 2 8 12 6 -4.821 0.736 -3.349
SPIN 2 8 12 7 4.075 -3.212 -2.841
SPIN 2 8 12 8 2.564 -2.782 -4.549
SPIN 2 8 12 9 -5.333 1.742 1.879
SPIN 2 8 12 10 3.514 3.708 -2.983
SPIN 2 8 12 11 -2.919 4.300 2.827
SPIN 2 8 12 12 1.105 3.090 -4.923
SPIN 2 8 12 13 -1.889 -3.585 4.310
SPIN 2 8 12 14 -0.978 5.031 2.954
SPIN 2 8 12 15 0.595 0.800 -5.831
SPIN 3 8 13 0 -5.626 -0.387 1.788
SPIN 3 8 13 1 4.669 2.057 2.995
SPIN 3 8 13 2 1.388 5.744 0.278
SPIN 3 8 13 3 -3.996 -2.182 -3.777
SPIN 3 8 13 4 0.287 -4.702 3.579
SPIN 3 8 13 5 5.353 -1.184 -2.224
SPIN 3 8 13 6 -1.893 0.366 5.593
SPIN 3 8 13 7 -1.570 1.807 5.410
SPIN 3 8 13 8 0.238 -2.701 -5.258
SPIN 3 8 13 9 2.756 2.247 -4.728
SPIN 3 8 13 10 -1.107 -5.183 -2.630
SPIN 3 8 13 11 4.627 -3.466 1.258
SPIN 3 8 13 12 3.089 0.914 -4.962
SPIN 3 8 13 13 -0.357 -5.622 -1.807
SPIN 3 8 13 14 -3.891 2.289 3.824
SPIN 3 8 13 15 5.288 1.183 -2.375
SPIN 2 8 13 0 -4.833 -2.948 1.719
SPIN 2 8 13 1 1.772 1.848 5.333
SPIN 2 8 13 2 0.544 -3.816 -4.488
SPIN 2 8 13 3 -4.410 -3.443 -1.923
SPIN 2 8 13 4 -4.303 1.858 3.610
SPIN 2 8 13 5 -1.176 5.522 -1.768
SPIN 2 8 13 6 0.386 -5.900 0.198
SPIN 2 8 13 7 -1.241 2.559 5.188
SPIN 2 8 13 8 2.264 2.624 -4.795
SPIN 2 8 13 9 -2.861 4.672 2.233
SPIN 2 8 13 10 1.890 -5.603 0.175
SPIN 2 8 13 11 0.293 -5.884 0.540
SPIN 2 8 13 12 -1.276 -5.466 -1.870
SPIN 2 8 13 13 4.211 -3.987 -1.170
SPIN 2 8 13 14 5.847 0.845 -0.312
SPIN 2 8 13 15 -5.488 2.178 0.368
SPIN 3 8 14 0 5.308 0.676 2.523
SPIN 3 8 14 1 -3.023 3.860 -3.311
SPIN 3 8 14 2 -3.209 4.808 1.258
SPIN 3 8 14 3 5.290 -2.613 0.433
SPIN 3 8 14 4 5.547 -1.907 -0.773
SPIN 3 8 14 5 0.004 -3.559 4.726
SPIN 3 8 14 6 -4.169 3.655 2.066
SPIN 3 8 14 7 3.904 -4.194 -1.474
SPIN 3 8 14 8 -4.828 3.387 -0.465
SPIN 3 8 14 9 1.964 -5.553 0.559
SPIN 3 8 14 10 3.841 3.953 -2.149
SPIN 3 8 14 11 0.732 5.564 -1.872
SPIN 3 8 14 12 3.696 -2.067 -4.131
SPIN 3 8 14 13 -3.452 2.526 4.087
SPIN 3 8 14 14 -3.082 -3.608 -3.534
SPIN 3 8 14 15 -0.041 3.408 -4.835
SPIN 2 8 14 0 2.876 0.269 -5.163
SPIN 2 8 14 1 3.107 1.376 4.843
SPIN 2 8 14 2 -1.882 -0.438 5.592
SPIN 2 8 14 3 -1.578 1.834 -5.399
SPIN 2 8 14 4 5.555 -1.484 -1.390
SPIN 2 8 14 5 -4.327 -3.754 1.480
SPIN 2 8 14 6 5.236 -1.545 2.278
SPIN 2 8 14 7 5.029 2.864 1.227
SPIN 2 8 14 8 -0.576 -2.683 5.241
SPIN 2 8 14 9 -5.294 2.448 -0.992
SPIN 2 8 14 10 1.626 4.767 3.104
SPIN 2 8 14 11 -1.259 4.666 -3.412
SPIN 2 8 14 12 3.583 3.242 -3.414
SPIN 2 8 14 13 -1.453 -3.552 4.502
SPIN 2 8 14 14 -1.412 -5.567 -1.419
SPIN 2 8 14 15 -0.657 2.697 5.225
SPIN 3 8 15 0 4.308 -3.191 2.501
SPIN 3 8 15 1 5.606 -0.541 -1.812
SPIN 3 8 15 2 4.014 3.534 -2.529
SPIN 3 8 15 3 2.005 5.280 1.760
SPIN 3 8 15 4 1.605 -5.081 -2.571
SPIN 3 8 15 5 3.845 0.542 -4.464
SPIN 3 8 15 6 -0.097 -1.597 5.696
SPIN 3 8 15 7 2.894 4.027 -3.226
SPIN 3 8 15 8 3.698 -4.149 2.027
SPIN 3 8 15 9 -1.786 2.584 5.014
SPIN 3 8 15 10 5.340 -2.510 0.430
SPIN 3 8 15 11 4.702 1.374 -3.318
SPIN 3 8 15 12 5.862 -0.322 -0.728
SPIN 3 8 15 13 -2.407 -2.583 -4.747
SPIN 3 8 15 14 -1.830 -2.815 4.871
SPIN 3 8 15 15 -1.505 -5.599 -1.180
SPIN 2 8 15 0 -3.656 -4.412 -1.472
SPIN 2 8 15 1 -5.715 -1.497 0.310
SPIN 2 8 15 2 3.708 -2.824 -3.643
SPIN 2 8 15 3 -1.531 -5.116 -2.545
SPIN 2 8 15 4 -4.628 3.362 1.508
SPIN 2 8 15 5 -4.306 3.939 0.971
SPIN 2 8 15 6 4.925 3.278 -0.017
SPIN 2 8 15 7 -2.693 -5.241 -0.523
SPIN 2 8 15 8 2.024 4.879 2.664
SPIN 2 8 15 9 4.279 -3.289 -2.423
SPIN 2 8 15 10 4.680 2.598 2.518
SPIN 2 8 15 11 -1.667 -4.817 3.004
SPIN 2 8 15 12 -3.069 5.050 0.280
SPIN 2 8 15 13 2.344 -2.057 -5.027
SPIN 2 8 15 14 3.045 1.834 4.729
SPIN 2 8 15 15 0.364 3.648 -4.644
SPIN 1 9 0 0 3.701 3.298 -3.229
SPIN 1 9 0 1 -5.497 -1.437 1.649
SPIN 1 9 0 2 -4.237 -3.144 2.676
SPIN 1 9 0 3 2.580 2.028 -4.922
SPIN 1 9 0 4 0.674 5.819 0.825
SPIN 1 9 0 5 1.901 -0.990 5.514
SPIN 1 9 0 6 5.820 0.952 0.477
SPIN 1 9 0 7 4.661 -2.897 -2.209
SPIN 1 9 0 8 2.162 5.506 -0.122
SPIN 1 9 0 9 5.050 2.734 1.420
SPIN 1 9 0 10 -3.631 -3.145 3.453
SPIN 1 9 0 11 2.831 -5.108 0.943
SPIN 1 9 0 12 -2.045 -2.171 5.109
SPIN 1 9 0 13 5.862 -0.625 -0.500
SPIN 1 9 0 14 -0.658 -2.208 5.449
SPIN 1 9 0 15 3.335 -4.512 1.876
SPIN 4 9 0 0 5.621 0.311 -1.817
SPIN 4 9 0 1 -4.970 -0.831 3.099
SPIN 4 9 0 2 -4.641 0.153 -3.665
SPIN 4 9 0 3 -2.001 -4.348 3.476
SPIN 4 9 0 4 -5.239 -1.392 -2.370
SPIN 4 9 0 5 5.597 -0.827 -1.729
SPIN 4 9 0 6 1.731 1.584 5.431
SPIN 4 9 0 7 -1.331 5.644 -1.174
SPIN 4 9 0 8 0.527 4.742 3.498
SPIN 4 9 0 9 -4.785 -2.572 2.344
SPIN 4 9 0 10 0.613 -4.466 3.832
SPIN 4 9 0 11 1.283 5.664 1.127
SPIN 4 9 0 12 -1.077 1.146 -5.703
SPIN 4 9 0 13 2.398 4.219 3.383
SPIN 4 9 0 14 1.796 3.361 4.525
SPIN 4 9 0 15 -4.049 3.353 -2.714
SPIN 1 9 1 0 2.359 4.778 2.571
SPIN 1 9 1 1 -1.236 -5.772 -0.399
SPIN 1 9 1 2 5.667 0.191 -1.689
SPIN 1 9 1 3 -0.643 0.919 5.809
SPIN 1 9 1 4 5.039 1.462 -2.733
SPIN 1 9 1 5 -5.352 -2.010 -1.522
SPIN 1 9 1 6 -0.547 5.075 -2.990
SPIN 1 9 1 7 3.395 0.065 -4.844
SPIN 1 9 1 8 -4.024 -1.114 4.191
SPIN 1 9 1 9 -5.866 0.478 0.597
SPIN 1 9 1 10 4.162 -3.579 2.205
SPIN 1 9 1 11 -0.401 5.899 0.193
SPIN 1 9 1 12 3.424 1.548 4.569
SPIN 1 9 1 13 -3.466 4.239 2.241
SPIN 1 9 1 14 2.759 -0.744 -5.180
SPIN 1 9 1 15 -4.235 -1.646 -3.788
SPIN 4 9 1 0 2.147 5.507 -0.253
SPIN 4 9 1 1 -0.599 -1.254 -5.751
SPIN 4 9 1 2 5.164 2.887 0.015
SPIN 4 9 1 3 1.529 -4.381 3.670
SPIN 4 9 1 4 2.009 4.507 3.263
SPIN 4 9 1 5 5.709 -1.485 0.456
SPIN 4 9 1 6 5.566 -0.274 -1.986
SPIN 4 9 1 7 -3.480 -3.509 3.252
SPIN 4 9 1 8 3.307 -3.108 -3.795
SPIN 4 9 1 9 -3.765 -4.560 0.194
SPIN 4 9 1 10 -4.316 3.920 -1.002
SPIN 4 9 1 11 2.231 -3.997 -3.748
SPIN 4 9 1 12 -4.679 2.768 2.334
SPIN 4 9 1 13 -2.220 -3.930 -3.825
SPIN 4 9 1 14 -0.345 -1.225 -5.778
SPIN 4 9 1 15 -1.013 -5.736 -1.035
SPIN 1 9 2 0 -5.231 -2.147 1.741
SPIN 1 9 2 1 5.851 -0.022 0.876
SPIN 1 9 2 2 -1.351 4.091 4.054
SPIN 1 9 2 3 1.836 -1.208 5.493
SPIN 1 9 2 4 -5.113 -0.774 -2.873
SPIN 1 9 2 5 3.968 -4.358 -0.514
SPIN 1 9 2 6 3.060 3.333 3.812
SPIN 1 9 2 7 -0.366 -0.842 5.844
SPIN 1 9 2 8 3.249 4.944 -0.049
SPIN 1 9 2 9 -0.406 -2.157 5.494
SPIN 1 9 2 10 -0.390 0.388 5.890
SPIN 1 9 2 11 -2.553 -1.859 5.002
SPIN 1 9 2 12 -5.204 -2.352 -1.547
SPIN 1 9 2 13 0.505 -0.931 -5.821
SPIN 1 9 2 14 -3.939 -0.562 4.378
SPIN 1 9 2 15 5.105 -1.366 2.660
SPIN 4 9 2 0 0.446 5.310 2.570
SPIN 4 9 2 1 3.829 -4.168 1.723
SPIN 4 9 2 2 -2.114 3.044 -4.612
SPIN 4 9 2 3 1.335 -1.967 5.418
SPIN 4 9 2 4 -3.839 3.593 -2.711
SPIN 4 9 2 5 2.376 -4.934 2.239
SPIN 4 9 2 6 -5.475 -2.229 -0.244
SPIN 4 9 2 7 4.319 -0.763 -3.971
SPIN 4 9 2 8 -5.139 2.054 -2.092
SPIN 4 9 2 9 5.825 -0.985 0.322
SPIN 4 9 2 10 -1.837 -5.486 -1.238
SPIN 4 9 2 11 -4.224 3.175 -2.660
SPIN 4 9 2 12 0.070 4.985 3.186
SPIN 4 9 2 13 -0.194 -5.894 0.473
SPIN 4 9 2 14 -2.791 1.505 4.994
SPIN 4 9 2 15 5.229 1.979 1.933
SPIN 1 9 3 0 3.286 3.412 3.544
SPIN 1 9 3 1 -5.137 -2.195 1.946
SPIN 1 9 3 2 5.043 -0.920 2.953
SPIN 1 9 3 3 -4.625 3.652 -0.522
SPIN 1 9 3 4 4.371 -2.614 3.010
SPIN 1 9 3 5 -0.966 5.202 2.646
SPIN 1 9 3 6 -3.213 3.088 3.891
SPIN 1 9 3 7 1.854 0.861 -5.552
SPIN 1 9 3 8 -4.621 0.166 3.690
SPIN 1 9 3 9 -1.704 2.990 4.812
SPIN 1 9 3 10 -0.368 5.469 -2.226
SPIN 1 9 3 11 -2.013 -0.467 -5.543
SPIN 1 9 3 12 4.991 -0.953 3.030
SPIN 1 9 3 13 2.995 -0.496 -5.078
SPIN 1 9 3 14 0.204 3.695 -4.616
SPIN 1 9 3 15 -3.018 -5.078 -0.330
SPIN 4 9 3 0 -4.441 2.929 2.589
SPIN 4 9 3 1 -0.004 -0.115 -5.915
SPIN 4 9 3 2 5.230 -1.389 -2.391
SPIN 4 9 3 3 5.113 -1.400 -2.625
SPIN 4 9 3 4 -5.449 -1.437 -1.803
SPIN 4 9 3 5 1.713 5.029 2.603
SPIN 4 9 3 6 4.663 -3.641 -0.059
SPIN 4 9 3 7 -5.671 -1.102 1.276
SPIN 4 9 3 8 -5.743 0.590 1.292
SPIN 4 9 3 9 2.631 -4.702 -2.444
SPIN 4 9 3 10 5.091 -1.019 2.836
SPIN 4 9 3 11 -1.059 -4.101 -4.131
SPIN 4 9 3 12 2.629 2.255 4.796
SPIN 4 9 3 13 5.679 1.146 1.200
SPIN 4 9 3 14 -1.291 4.915 3.029
SPIN 4 9 3 15 0.629 -4.459 -3.837
SPIN 1 9 4 0 -4.711 -2.144 -2.865
SPIN 1 9 4 1 2.413 1.832 5.081
SPIN 1 9 4 2 -0.215 -5.000 3.155
SPIN 1 9 4 3 -4.591 0.631 -3.677
SPIN 1 9 4 4 2.756 1.843 -4.900
SPIN 1 9 4 5 3.617 -4.204 2.060
SPIN 1 9 4 6 -2.499 2.087 -4.939
SPIN 1 9 4 7 -1.852 -5.202 -2.123
SPIN 1 9 4 8 1.543 -0.364 5.700
SPIN 1 9 4 9 -5.354 2.431 -0.652
SPIN 1 9 4 10 1.650 4.173 -3.856
SPIN 1 9 4 11 5.426 1.734 1.598
SPIN 1 9 4 12 -0.900 3.135 -4.936
SPIN 1 9 4 13 1.810 -0.248 -5.627
SPIN 1 9 4 14 3.657 2.448 3.954
SPIN 1 9 4 15 1.649 5.067 -2.571
SPIN 4 9 4 0 -0.362 3.785 -4.532
SPIN 4 9 4 1 1.178 -3.087 -4.908
SPIN 4 9 4 2 -4.280 3.619 1.893
SPIN 4 9 4 3 -3.131 -4.838 -1.339
SPIN 4 9 4 4 -4.657 -3.315 -1.525
SPIN 4 9 4 5 2.303 4.169 -3.509
SPIN 4 9 4 6 -3.994 -1.873 3.942
SPIN 4 9 4 7 1.664 5.611 -0.866
SPIN 4 9 4 8 1.498 -2.329 5.228
SPIN 4 9 4 9 -4.597 3.722 -0.118
SPIN 4 9 4 10 3.520 -4.690 0.782
SPIN 4 9 4 11 -0.086 -0.214 5.912
SPIN 4 9 4 12 3.681 4.074 -2.203
SPIN 4 9 4 13 -5.354 1.693 -1.863
SPIN 4 9 4 14 -0.549 -5.833 0.823
SPIN 4 9 4 15 -3.770 -4.368 1.308
SPIN 1 9 5 0 5.403 -0.799 2.273
SPIN 1 9 5 1 3.025 -4.068 -3.051
SPIN 1 9 5 2 -0.253 -5.464 -2.254
SPIN 1 9 5 3 3.679 2.288 4.028
SPIN 1 9 5 4 -4.099 2.921 3.110
SPIN 1 9 5 5 -3.586 -1.081 -4.579
SPIN 1 9 5 6 4.637 2.436 2.750
SPIN 1 9 5 7 5.590 1.375 -1.363
SPIN 1 9 5 8 0.188 5.389 -2.434
SPIN 1 9 5 9 5.565 -0.904 -1.791
SPIN 1 9 5 10 -5.801 0.460 -1.066
SPIN 1 9 5 11 4.563 -3.424 1.566
SPIN 1 9 5 12 3.370 -2.601 4.109
SPIN 1 9 5 13 -2.579 5.271 0.753
SPIN 1 9 5 14 -4.025 3.016 -3.116
SPIN 1 9 5 15 -1.110 -3.579 4.578
SPIN 4 9 5 0 0.569 -5.870 0.466
SPIN 4 9 5 1 4.143 -4.180 -0.600
SPIN 4 9 5 2 1.246 -1.477 -5.592
SPIN 4 9 5 3 -4.861 -2.145 -2.603
SPIN 4 9 5 4 4.748 -2.724 -2.244
SPIN 4 9 5 5 -1.757 3.772 4.205
SPIN 4 9 5 6 -2.951 1.318 -4.955
SPIN 4 9 5 7 5.433 -0.490 -2.289
SPIN 4 9 5 8 -2.158 -3.071 4.573
SPIN 4 9 5 9 1.793 -4.931 2.733
SPIN 4 9 5 10 2.018 4.526 3.231
SPIN 4 9 5 11 -2.842 -1.668 4.914
SPIN 4 9 5 12 -2.745 -4.968 -1.668
SPIN 4 9 5 13 4.580 3.636 0.894
SPIN 4 9 5 14 0.200 -1.650 -5.678
SPIN 4 9 5 15 -4.353 -1.527 -3.704
SPIN 1 9 6 0 0.957 0.352 -5.828
SPIN 1 9 6 1 -1.179 1.229 5.666
SPIN 1 9 6 2 -5.090 -2.493 -1.697
SPIN 1 9 6 3 5.786 1.166 -0.401
SPIN 1 9 6 4 4.867 1.025 -3.203
SPIN 1 9 6 5 3.976 3.727 -2.302
SPIN 1 9 6 6 -2.872 -4.729 2.095
SPIN 1 9 6 7 0.878 -4.747 3.420
SPIN 1 9 6 8 -1.570 -5.703 -0.080
SPIN 1 9 6 9 -3.094 2.019 -4.621
SPIN 1 9 6 10 -3.680 4.632 -0.001
SPIN 1 9 6 11 4.741 -3.091 -1.724
SPIN 1 9 6 12 -5.025 2.809 1.364
SPIN 1 9 6 13 4.077 -4.116 -1.198
SPIN 1 9 6 14 -1.926 5.267 -1.885
SPIN 1 9 6 15 -0.884 4.408 3.846
SPIN 4 9 6 0 -5.418 1.907 1.416
SPIN 4 9 6 1 -5.826 0.350 0.965
SPIN 4 9 6 2 -0.272 -0.203 -5.906
SPIN 4 9 6 3 -3.026 -4.437 2.481
SPIN 4 9 6 4 2.890 0.807 -5.099
SPIN 4 9 6 5 -4.337 3.691 -1.602
SPIN 4 9 6 6 3.845 3.405 2.936
SPIN 4 9 6 7 -1.878 5.608 -0.146
SPIN 4 9 6 8 1.895 -4.839 -2.827
SPIN 4 9 6 9 -4.561 3.590 -1.145
SPIN 4 9 6 10 -1.496 -5.622 1.073
SPIN 4 9 6 11 1.965 2.592 -4.942
SPIN 4 9 6 12 5.854 0.803 -0.303
SPIN 4 9 6 13 -2.094 -2.947 -4.683
SPIN 4 9 6 14 1.642 2.467 -5.120
SPIN 4 9 6 15 3.408 -3.309 3.526
SPIN 1 9 7 0 -3.128 -1.853 4.667
SPIN 1 9 7 1 4.396 -3.274 2.226
SPIN 1 9 7 2 1.012 -2.051 5.456
SPIN 1 9 7 3 3.450 1.967 4.385
SPIN 1 9 7 4 -5.728 -0.184 1.468
SPIN 1 9 7 5 -1.644 -5.628 -0.792
SPIN 1 9 7 6 -1.584 2.937 4.886
SPIN 1 9 7 7 1.591 -5.110 2.522
SPIN 1 9 7 8 0.493 5.878 0.449
SPIN 1 9 7 9 1.658 -5.587 1.018
SPIN 1 9 7 10 -0.268 1.978 5.569
SPIN 1 9 7 11 -0.733 4.763 -3.432
SPIN 1 9 7 12 -0.725 -1.592 5.651
SPIN 1 9 7 13 0.827 5.723 1.250
SPIN 1 9 7 14 -3.939 -4.195 -1.373
SPIN 1 9 7 15 3.102 -2.933 -4.096
SPIN 4 9 7 0 -3.625 -0.951 -4.578
SPIN 4 9 7 1 5.873 0.641 0.316
SPIN 4 9 7 2 -4.827 3.314 -0.845
SPIN 4 9 7 3 -3.530 4.536 -1.403
SPIN 4 9 7 4 4.751 -2.294 2.677
SPIN 4 9 7 5 5.134 -2.858 -0.688
SPIN 4 9 7 6 -4.564 -1.787 -3.313
SPIN 4 9 7 7 -3.748 0.328 4.566
SPIN 4 9 7 8 3.992 2.918 3.248
SPIN 4 9 7 9 -2.044 -2.622 4.894
SPIN 4 9 7 10 0.757 3.874 -4.407
SPIN 4 9 7 11 1.476 -5.081 2.647
SPIN 4 9 7 12 -1.275 5.776 0.134
SPIN 4 9 7 13 -4.206 -0.595 4.117
SPIN 4 9 7 14 -3.928 -4.319 0.959
SPIN 4 9 7 15 0.087 5.739 1.436
SPIN 1 9 8 0 -0.738 -5.558 -1.887
SPIN 1 9 8 1 -5.185 0.387 2.823
SPIN 1 9 8 2 -1.980 -4.627 3.109
SPIN 1 9 8 3 5.088 -2.889 -0.876
SPIN 1 9 8 4 -2.093 -5.213 -1.857
SPIN 1 9 8 5 0.327 -5.598 1.886
SPIN 1 9 8 6 0.698 -3.235 4.904
SPIN 1 9 8 7 3.954 1.448 4.156
SPIN 1 9 8 8 4.976 -0.326 3.183
SPIN 1 9 8 9 -1.867 -3.225 4.595
SPIN 1 9 8 10 2.239 -1.189 -5.346
SPIN 1 9 8 11 5.398 0.537 2.360
SPIN 1 9 8 12 -0.416 -0.619 -5.869
SPIN 1 9 8 13 0.455 -5.899 -0.018
SPIN 1 9 8 14 3.361 4.698 1.280
SPIN 1 9 8 15 -3.147 -1.428 4.802
SPIN 4 9 8 0 3.139 -3.757 3.322
SPIN 4 9 8 1 -3.787 3.842 -2.429
SPIN 4 9 8 2 3.287 -4.734 -1.334
SPIN 4 9 8 3 -4.669 -1.444 -3.334
SPIN 4 9 8 4 -2.314 2.477 4.849
SPIN 4 9 8 5 -2.210 5.361 1.175
SPIN 4 9 8 6 -5.022 -2.390 -2.017
SPIN 4 9 8 7 5.189 2.835 -0.187
SPIN 4 9 8 8 -4.398 -1.963 -3.437
SPIN 4 9 8 9 3.782 -3.228 -3.206
SPIN 4 9 8 10 -4.887 0.517 3.294
SPIN 4 9 8 11 -5.082 2.837 -1.059
SPIN 4 9 8 12 -4.207 -2.114 3.583
SPIN 4 9 8 13 4.699 -2.830 -2.216
SPIN 4 9 8 14 0.732 -5.368 -2.376
SPIN 4 9 8 15 4.720 -3.264 1.436
SPIN 1 9 9 0 -0.517 3.919 -4.401
SPIN 1 9 9 1 -0.767 -5.549 -1.904
SPIN 1 9 9 2 1.696 5.442 1.586
SPIN 1 9 9 3 2.194 3.662 4.096
SPIN 1 9 9 4 0.111 -4.532 -3.801
SPIN 1 9 9 5 -5.541 -1.633 1.279
SPIN 1 9 9 6 -3.422 -2.794 -3.935
SPIN 1 9 9 7 3.409 -3.424 3.414
SPIN 1 9 9 8 -2.802 3.261 -4.064
SPIN 1 9 9 9 -2.960 5.111 -0.338
SPIN 1 9 9 10 -4.655 -3.184 1.788
SPIN 1 9 9 11 4.809 2.607 2.252
SPIN 1 9 9 12 3.637 -0.583 4.630
SPIN 1 9 9 13 4.697 0.827 3.501
SPIN 1 9 9 14 0.763 -1.168 -5.749
SPIN 1 9 9 15 5.826 1.030 0.020
SPIN 4 9 9 0 0.810 -2.000 5.509
SPIN 4 9 9 1 -1.472 -2.796 5.001
SPIN 4 9 9 2 -4.170 -0.376 4.180
SPIN 4 9 9 3 3.394 3.896 2.881
SPIN 4 9 9 4 -4.303 0.926 -3.953
SPIN 4 9 9 5 4.247 -2.266 -3.440
SPIN 4 9 9 6 4.477 3.867 -0.009
SPIN 4 9 9 7 -3.030 -4.913 1.298
SPIN 4 9 9 8 4.969 -3.069 -0.943
SPIN 4 9 9 9 -5.335 -2.196 -1.309
SPIN 4 9 9 10 4.590 -3.562 1.115
SPIN 4 9 9 11 4.600 1.658 3.331
SPIN 4 9 9 12 1.397 4.566 -3.493
SPIN 4 9 9 13 -3.594 -4.339 -1.805
SPIN 4 9 9 14 2.147 5.454 0.800
SPIN 4 9 9 15 -1.344 0.831 5.701
SPIN 1 9 10 0 5.396 -2.367 -0.528
SPIN 1 9 10 1 -0.938 2.073 -5.461
SPIN 1 9 10 2 3.968 -4.347 -0.597
SPIN 1 9 10 3 -5.905 0.265 -0.249
SPIN 1 9 10 4 -0.281 0.864 5.846
SPIN 1 9 10 5 4.941 3.246 -0.240
SPIN 1 9 10 6 0.006 -3.707 4.611
SPIN 1 9 10 7 1.132 4.968 3.007
SPIN 1 9 10 8 -4.375 0.566 3.942
SPIN 1 9 10 9 -3.165 -3.996 3.002
SPIN 1 9 10 10 3.378 4.830 -0.503
SPIN 1 9 10 11 5.728 -1.360 0.582
SPIN 1 9 10 12 -4.450 1.859 -3.427
SPIN 1 9 10 13 -2.928 3.470 -3.793
SPIN 1 9 10 14 1.632 -1.598 -5.457
SPIN 1 9 10 15 -0.918 -4.337 -3.918
SPIN 4 9 10 0 -4.750 3.526 0.056
SPIN 4 9 10 1 5.779 1.268 0.017
SPIN 4 9 10 2 2.278 3.856 -3.865
SPIN 4 9 10 3 -2.281 1.061 5.354
SPIN 4 9 10 4 3.541 -4.300 1.992
SPIN 4 9 10 5 -4.784 -3.206 1.355
SPIN 4 9 10 6 0.584 3.147 -4.976
SPIN 4 9 10 7 1.024 0.130 -5.825
SPIN 4 9 10 8 -5.096 0.553 2.954
SPIN 4 9 10 9 -1.927 -5.309 1.760
SPIN 4 9 10 10 -1.483 -5.635 -1.025
SPIN 4 9 10 11 -0.391 4.251 4.096
SPIN 4 9 10 12 1.707 -0.155 -5.662
SPIN 4 9 10 13 -0.044 4.467 3.879
SPIN 4 9 10 14 -0.431 1.306 -5.754
SPIN 4 9 10 15 1.302 -3.940 4.217
SPIN 1 9 11 0 -4.594 1.143 -3.548
SPIN 1 9 11 1 3.055 -1.161 4.932
SPIN 1 9 11 2 -3.466 2.489 -4.098
SPIN 1 9 11 3 2.003 -4.088 3.779
SPIN 1 9 11 4 -0.508 4.494 -3.814
SPIN 1 9 11 5 -5.568 1.317 1.502
SPIN 1 9 11 6 -3.208 -3.608 3.419
SPIN 1 9 11 7 -3.096 -4.905 -1.164
SPIN 1 9 11 8 -0.327 3.379 4.845
SPIN 1 9 11 9 -2.802 -3.266 -4.060
SPIN 1 9 11 10 -0.669 4.444 3.847
SPIN 1 9 11 11 5.476 1.685 -1.473
SPIN 1 9 11 12 -3.633 4.497 1.256
SPIN 1 9 11 13 5.283 0.083 2.662
SPIN 1 9 11 14 -4.418 2.169 3.282
SPIN 1 9 11 15 5.322 -1.156 2.312
SPIN 4 9 11 0 -2.583 1.595 5.078
SPIN 4 9 11 1 -4.947 -2.741 -1.736
SPIN 4 9 11 2 5.492 0.490 -2.144
SPIN 4 9 11 3 -4.139 -4.132 0.895
SPIN 4 9 11 4 5.379 1.730 -1.752
SPIN 4 9 11 5 -2.721 3.943 3.471
SPIN 4 9 11 6 -0.743 5.438 2.209
SPIN 4 9 11 7 -3.398 -4.727 -1.056
SPIN 4 9 11 8 5.088 2.917 0.775
SPIN 4 9 11 9 4.293 -1.095 3.921
SPIN 4 9 11 10 -2.405 -0.646 5.366
SPIN 4 9 11 11 5.378 2.171 1.170
SPIN 4 9 11 12 4.640 1.917 3.129
SPIN 4 9 11 13 -5.386 -0.098 -2.446
SPIN 4 9 11 14 4.324 3.288 2.343
SPIN 4 9 11 15 -1.713 1.322 -5.506
SPIN 1 9 12 0 1.951 -3.740 4.148
SPIN 1 9 12 1 -3.487 -3.327 -3.431
SPIN 1 9 12 2 1.232 -2.479 -5.228
SPIN 1 9 12 3 -4.165 3.569 -2.217
SPIN 1 9 12 4 -1.667 -5.590 -0.985
SPIN 1 9 12 5 3.386 4.851 0.033
SPIN 1 9 12 6 2.686 5.148 1.131
SPIN 1 9 12 7 5.845 0.003 0.912
SPIN 1 9 12 8 2.663 0.058 -5.283
SPIN 1 9 12 9 0.558 5.492 2.127
SPIN 1 9 12 10 -1.386 4.265 -3.859
SPIN 1 9 12 11 -2.359 -5.421 -0.205
SPIN 1 9 12 12 -4.179 -3.124 -2.789
SPIN 1 9 12 13 -2.682 -4.408 -2.894
SPIN 1 9 12 14 0.831 3.119 4.958
SPIN 1 9 12 15 -5.380 -1.850 1.624
SPIN 4 9 12 0 -0.319 5.522 -2.100
SPIN 4 9 12 1 -0.120 1.591 5.697
SPIN 4 9 12 2 0.934 3.052 -4.981
SPIN 4 9 12 3 0.970 -0.867 5.771
SPIN 4 9 12 4 1.048 -5.139 -2.736
SPIN 4 9 12 5 -0.575 1.988 5.542
SPIN 4 9 12 6 -2.068 -0.976 -5.456
SPIN 4 9 12 7 -0.579 1.199 5.764
SPIN 4 9 12 8 -5.078 2.925 -0.813
SPIN 4 9 12 9 0.244 -5.851 0.843
SPIN 4 9 12 10 1.825 5.252 -2.021
SPIN 4 9 12 11 2.140 3.611 -4.169
SPIN 4 9 12 12 3.974 1.145 4.230
SPIN 4 9 12 13 -3.960 2.791 3.395
SPIN 4 9 12 14 -2.730 4.891 1.903
SPIN 4 9 12 15 -1.925 -4.998 -2.514
SPIN 1 9 13 0 3.571 2.009 -4.268
SPIN 1 9 13 1 5.652 -0.762 -1.573
SPIN 1 9 13 2 -3.350 2.779 4.007
SPIN 1 9 13 3 4.303 -3.919 1.061
SPIN 1 9 13 4 2.323 3.704 -3.986
SPIN 1 9 13 5 3.413 0.642 4.789
SPIN 1 9 13 6 -3.648 0.337 -4.645
SPIN 1 9 13 7 -0.813 -5.189 2.723
SPIN 1 9 13 8 -1.716 4.806 -2.993
SPIN 1 9 13 9 -4.105 -3.520 -2.399
SPIN 1 9 13 10 1.747 -5.643 -0.321
SPIN 1 9 13 11 -4.987 3.142 0.507
SPIN 1 9 13 12 4.055 -3.529 2.471
SPIN 1 9 13 13 2.520 5.352 -0.005
SPIN 1 9 13 14 -2.574 4.369 -3.048
SPIN 1 9 13 15 3.345 4.677 -1.393
SPIN 4 9 13 0 -2.438 1.021 5.293
SPIN 4 9 13 1 -5.164 1.754 2.293
SPIN 4 9 13 2 1.593 -5.256 -2.199
SPIN 4 9 13 3 -4.671 -3.041 1.983
SPIN 4 9 13 4 -4.166 -3.311 -2.585
SPIN 4 9 13 5 4.469 -3.564 1.526
SPIN 4 9 13 6 -5.855 -0.655 -0.543
SPIN 4 9 13 7 1.552 -5.596 1.129
SPIN 4 9 13 8 -0.385 -5.729 1.426
SPIN 4 9 13 9 -0.674 3.374 -4.813
SPIN 4 9 13 10 2.655 -4.104 -3.333
SPIN 4 9 13 11 -2.185 3.564 4.186
SPIN 4 9 13 12 2.052 -0.007 5.549
SPIN 4 9 13 13 -1.666 -2.228 -5.221
SPIN 4 9 13 14 4.225 4.134 0.257
SPIN 4 9 13 15 0.822 -1.385 5.693
SPIN 1 9 14 0 -4.944 -3.178 -0.676
SPIN 1 9 14 1 -5.847 0.490 -0.756
SPIN 1 9 14 2 -0.293 1.852 5.611
SPIN 1 9 14 3 -3.637 3.322 -3.277
SPIN 1 9 14 4 3.356 -4.684 1.341
SPIN 1 9 14 5 3.083 0.178 5.046
SPIN 1 9 14 6 -4.378 3.778 1.250
SPIN 1 9 14 7 1.764 -5.373 -1.736
SPIN 1 9 14 8 -4.275 -4.039 -0.637
SPIN 1 9 14 9 3.949 -0.903 4.311
SPIN 1 9 14 10 1.341 -4.819 3.158
SPIN 1 9 14 11 -5.143 -2.894 -0.414
SPIN 1 9 14 12 4.660 0.882 3.537
SPIN 1 9 14 13 4.352 -2.045 3.446
SPIN 1 9 14 14 -5.411 1.139 2.105
SPIN 1 9 14 15 -1.474 -5.607 1.178
SPIN 4 9 14 0 4.934 -3.001 1.284
SPIN 4 9 14 1 3.013 4.925 1.292
SPIN 4 9 14 2 -1.551 3.599 -4.432
SPIN 4 9 14 3 -1.770 -5.632 0.386
SPIN 4 9 14 4 -1.033 5.799 -0.557
SPIN 4 9 14 5 -1.613 3.915 -4.131
SPIN 4 9 14 6 4.804 -2.517 -2.363
SPIN 4 9 14 7 -2.870 1.821 4.843
SPIN 4 9 14 8 2.559 4.323 3.125
SPIN 4 9 14 9 5.416 2.340 0.436
SPIN 4 9 14 10 5.765 -0.786 -1.073
SPIN 4 9 14 11 -4.290 0.942 3.963
SPIN 4 9 14 12 -5.494 1.626 -1.472
SPIN 4 9 14 13 5.909 -0.254 -0.124
SPIN 4 9 14 14 0.558 -3.444 4.778
SPIN 4 9 14 15 -2.925 4.722 -2.037
SPIN 1 9 15 0 5.234 1.726 2.151
SPIN 1 9 15 1 -0.408 -1.199 -5.779
SPIN 1 9 15 2 -4.776 -2.647 2.277
SPIN 1 9 15 3 -5.135 -1.193 -2.685
SPIN 1 9 15 4 2.721 5.231 -0.479
SPIN 1 9 15 5 0.919 -4.696 3.479
SPIN 1 9 15 6 -4.952 -3.036 1.122
SPIN 1 9 15 7 -1.417 1.687 -5.490
SPIN 1 9 15 8 -2.046 5.152 2.066
SPIN 1 9 15 9 -4.661 -2.749 -2.391
SPIN 1 9 15 10 -4.797 1.040 -3.303
SPIN 1 9 15 11 -4.990 2.072 -2.410
SPIN 1 9 15 12 -5.620 1.819 0.328
SPIN 1 9 15 13 -2.578 4.176 3.303
SPIN 1 9 15 14 0.243 -3.838 -4.496
SPIN 1 9 15 15 -5.352 1.866 1.697
SPIN 4 9 15 0 -3.352 -2.945 3.885
SPIN 4 9 15 1 -2.925 -2.010 -4.734
SPIN 4 9 15 2 2.871 -2.041 4.753
SPIN 4 9 15 3 4.292 3.490 2.099
SPIN 4 9 15 4 -1.520 5.678 -0.666
SPIN 4 9 15 5 -5.256 -1.942 1.899
SPIN 4 9 15 6 3.946 3.054 3.179
SPIN 4 9 15 7 -2.577 3.566 -3.955
SPIN 4 9 15 8 0.316 -5.566 -1.980
SPIN 4 9 15 9 0.961 -2.443 -5.301
SPIN 4 9 15 10 -1.214 -4.118 -4.071
SPIN 4 9 15 11 1.992 -0.692 -5.528
SPIN 4 9 15 12 0.726 5.196 2.733
SPIN 4 9 15 13 -3.325 -3.662 3.246
SPIN 4 9 15 14 3.985 3.660 -2.392
SPIN 4 9 15 15 2.643 -2.141 4.840
SPIN 3 9 0 0 -3.729 -2.419 3.904
SPIN 3 9 0 1 4.088 -3.249 -2.781
SPIN 3 9 0 2 3.784 2.164 4.000
SPIN 3 9 0 3 -1.085 4.487 -3.700
SPIN 3 9 0 4 -4.442 3.628 1.451
SPIN 3 9 0 5 -0.944 1.823 5.549
SPIN 3 9 0 6 -3.429 -1.600 -4.548
SPIN 3 9 0 7 -4.007 1.624 4.038
SPIN 3 9 0 8 4.753 -3.522 0.078
SPIN 3 9 0 9 -3.967 -4.388 -0.094
SPIN 3 9 0 10 4.717 -2.547 2.502
SPIN 3 9 0 11 1.570 -4.791 -3.096
SPIN 3 9 0 12 4.086 -4.162 0.992
SPIN 3 9 0 13 0.505 -0.497 5.873
SPIN 3 9 0 14 -1.037 3.784 4.428
SPIN 3 9 0 15 -0.656 -4.396 3.904
SPIN 2 9 0 0 3.696 0.723 -4.563
SPIN 2 9 0 1 -3.419 -3.230 3.589
SPIN 2 9 0 2 -0.359 -1.314 -5.757
SPIN 2 9 0 3 2.464 -3.529 4.059
SPIN 2 9 0 4 1.817 0.769 -5.577
SPIN 2 9 0 5 -5.834 -0.930 -0.311
SPIN 2 9 0 6 5.438 2.280 0.483
SPIN 2 9 0 7 -1.108 -4.613 -3.534
SPIN 2 9 0 8 -3.240 -4.178 -2.654
SPIN 2 9 0 9 5.041 2.136 -2.243
SPIN 2 9 0 10 -5.682 1.612 0.349
SPIN 2 9 0 11 4.752 2.790 -2.153
SPIN 2 9 0 12 -5.483 2.080 -0.782
SPIN 2 9 0 13 1.064 -5.716 1.094
SPIN 2 9 0 14 -3.179 -2.416 4.365
SPIN 2 9 0 15 -1.616 -0.234 -5.686
SPIN 3 9 1 0 -2.215 -3.298 4.384
SPIN 3 9 1 1 1.290 5.742 0.602
SPIN 3 9 1 2 -4.041 2.698 -3.375
SPIN 3 9 1 3 -3.463 -0.734 -4.740
SPIN 3 9 1 4 -2.208 -1.962 5.126
SPIN 3 9 1 5 0.590 0.709 5.844
SPIN 3 9 1 6 4.321 3.781 1.426
SPIN 3 9 1 7 3.361 -0.992 4.767
SPIN 3 9 1 8 0.948 -5.425 2.160
SPIN 3 9 1 9 3.351 -4.689 -1.336
SPIN 3 9 1 10 -0.687 5.873 -0.177
SPIN 3 9 1 11 -5.084 -0.602 2.965
SPIN 3 9 1 12 -2.195 1.079 -5.387
SPIN 3 9 1 13 4.322 3.981 0.690
SPIN 3 9 1 14 3.826 -4.061 -1.967
SPIN 3 9 1 15 -4.065 3.272 2.787
SPIN 2 9 1 0 -5.849 0.738 -0.500
SPIN 2 9 1 1 3.089 5.042 -0.184
SPIN 2 9 1 2 2.941 4.379 2.680
SPIN 2 9 1 3 -1.004 5.680 -1.316
SPIN 2 9 1 4 -3.152 -3.515 -3.564
SPIN 2 9 1 5 5.892 -0.282 0.447
SPIN 2 9 1 6 -0.268 -4.723 3.553
SPIN 2 9 1 7 5.236 1.861 2.031
SPIN 2 9 1 8 -3.893 4.361 -0.912
SPIN 2 9 1 9 -3.358 1.896 4.487
SPIN 2 9 1 10 0.124 5.403 2.407
SPIN 2 9 1 11 4.152 0.482 -4.186
SPIN 2 9 1 12 4.276 2.859 2.923
SPIN 2 9 1 13 1.891 -4.196 3.717
SPIN 2 9 1 14 -1.174 -2.529 5.218
SPIN 2 9 1 15 4.180 3.844 1.658
SPIN 3 9 2 0 3.439 0.164 -4.811
SPIN 3 9 2 1 -4.524 -1.870 3.321
SPIN 3 9 2 2 -3.048 3.182 3.948
SPIN 3 9 2 3 -4.585 0.326 3.725
SPIN 3 9 2 4 3.624 2.795 -3.749
SPIN 3 9 2 5 0.395 -4.556 -3.754
SPIN 3 9 2 6 -5.604 -1.463 -1.206
SPIN 3 9 2 7 -1.599 -5.055 2.624
SPIN 3 9 2 8 3.078 4.696 -1.865
SPIN 3 9 2 9 -3.773 -3.641 2.740
SPIN 3 9 2 10 -2.333 -4.849 -2.458
SPIN 3 9 2 11 -1.625 -1.506 -5.486
SPIN 3 9 2 12 -2.790 -2.851 4.369
SPIN 3 9 2 13 -5.885 -0.022 -0.602
SPIN 3 9 2 14 4.470 -3.757 -0.949
SPIN 3 9 2 15 2.100 5.251 -1.736
SPIN 2 9 2 0 -4.314 0.766 -3.975
SPIN 2 9 2 1 -5.236 -0.028 2.754
SPIN 2 9 2 2 3.133 -1.193 -4.875
SPIN 2 9 2 3 1.093 2.925 5.025
SPIN 2 9 2 4 4.227 3.238 2.578
SPIN 2 9 2 5 -4.298 -3.557 1.970
SPIN 2 9 2 6 3.293 4.587 1.766
SPIN 2 9 2 7 4.613 -1.380 3.438
SPIN 2 9 2 8 -4.026 -4.320 0.357
SPIN 2 9 2 9 2.107 1.665 5.272
SPIN 2 9 2 10 1.361 -1.949 -5.418
SPIN 2 9 2 11 0.615 5.403 -2.331
SPIN 2 9 2 12 4.802 -2.797 -2.030
SPIN 2 9 2 13 3.413 4.629 -1.388
SPIN 2 9 2 14 -1.455 5.707 0.559
SPIN 2 9 2 15 -5.185 -1.040 -2.652
SPIN 3 9 3 0 0.443 3.824 4.493
SPIN 3 9 3 1 -1.584 0.196 5.697
SPIN 3 9 3 2 -0.943 -4.980 3.051
SPIN 3 9 3 3 -2.587 5.007 1.799
SPIN 3 9 3 4 1.919 -5.544 0.761
SPIN 3 9 3 5 -1.243 -5.454 1.925
SPIN 3 9 3 6 -3.706 -1.287 4.428
SPIN 3 9 3 7 4.176 4.177 -0.330
SPIN 3 9 3 8 -3.380 1.589 4.588
SPIN 3 9 3 9 4.624 1.562 -3.343
SPIN 3 9 3 10 -3.174 1.085 4.873
SPIN 3 9 3 11 2.380 -4.821 2.469
SPIN 3 9 3 12 1.113 4.432 -3.758
SPIN 3 9 3 13 -1.035 1.243 5.691
SPIN 3 9 3 14 4.133 2.169 3.636
SPIN 3 9 3 15 5.312 1.691 1.981
SPIN 2 9 3 0 -5.414 -0.471 -2.339
SPIN 2 9 3 1 1.956 5.210 2.007
SPIN 2 9 3 2 -4.830 1.148 -3.218
SPIN 2 9 3 3 1.268 0.269 5.772
SPIN 2 9 3 4 -0.664 5.872 -0.273
SPIN 2 9 3 5 2.220 -5.406 -0.919
SPIN 2 9 3 6 -5.075 -2.593 -1.587
SPIN 2 9 3 7 3.772 4.316 1.464
SPIN 2 9 3 8 -3.081 -4.975 -0.871
SPIN 2 9 3 9 -2.853 -1.094 5.066
SPIN 2 9 3 10 -0.322 5.283 -2.642
SPIN 2 9 3 11 1.090 4.396 -3.806
SPIN 2 9 3 12 5.481 0.706 2.111
SPIN 2 9 3 13 5.588 1.833 0.644
SPIN 2 9 3 14 1.373 -4.716 -3.298
SPIN 2 9 3 15 -0.495 -4.092 4.244
SPIN 3 9 4 0 -5.166 -0.925 2.730
SPIN 3 9 4 1 -5.901 0.394 0.160
SPIN 3 9 4 2 -2.040 -5.553 -0.050
SPIN 3 9 4 3 5.741 -1.406 0.260
SPIN 3 9 4 4 -5.071 0.396 -3.021
SPIN 3 9 4 5 3.977 -0.030 4.380
SPIN 3 9 4 6 1.007 3.455 -4.696
SPIN 3 9 4 7 -3.785 -3.951 2.250
SPIN 3 9 4 8 4.445 3.373 1.965
SPIN 3 9 4 9 0.262 -3.603 -4.685
SPIN 3 9 4 10 -5.855 0.828 -0.178
SPIN 3 9 4 11 -0.383 0.179 -5.901
SPIN 3 9 4 12 -4.424 1.114 3.767
SPIN 3 9 4 13 1.785 4.229 3.732
SPIN 3 9 4 14 -3.397 4.573 -1.598
SPIN 3 9 4 15 3.458 2.155 4.289
SPIN 2 9 4 0 -1.763 2.153 -5.220
SPIN 2 9 4 1 1.994 -4.750 2.909
SPIN 2 9 4 2 1.891 5.303 -1.818
SPIN 2 9 4 3 1.583 1.707 -5.439
SPIN 2 9 4 4 1.329 -4.383 3.744
SPIN 2 9 4 5 -4.463 1.983 3.339
SPIN 2 9 4 6 4.797 -3.452 0.276
SPIN 2 9 4 7 2.630 -4.248 -3.167
SPIN 2 9 4 8 -2.362 3.966 -3.701
SPIN 2 9 4 9 5.857 -0.580 0.603
SPIN 2 9 4 10 2.759 -5.163 0.854
SPIN 2 9 4 11 2.236 3.717 4.023
SPIN 2 9 4 12 2.964 -4.842 -1.663
SPIN 2 9 4 13 3.098 3.295 3.814
SPIN 2 9 4 14 5.783 0.021 1.248
SPIN 2 9 4 15 5.647 0.680 1.628
SPIN 3 9 5 0 -0.565 5.769 -1.183
SPIN 3 9 5 1 -1.078 0.154 5.815
SPIN 3 9 5 2 5.236 -1.962 1.931
SPIN 3 9 5 3 2.818 -4.413 2.754
SPIN 3 9 5 4 3.642 4.658 -0.188
SPIN 3 9 5 5 -0.499 -4.354 -3.974
SPIN 3 9 5 6 -5.006 1.803 -2.587
SPIN 3 9 5 7 -1.052 -5.658 1.371
SPIN 3 9 5 8 0.779 2.278 -5.404
SPIN 3 9 5 9 -2.893 1.659 4.886
SPIN 3 9 5 10 5.414 1.972 1.343
SPIN 3 9 5 11 -4.817 1.820 -2.913
SPIN 3 9 5 12 -0.877 5.541 -1.879
SPIN 3 9 5 13 -5.728 -1.469 0.177
SPIN 3 9 5 14 -0.239 5.908 0.210
SPIN 3 9 5 15 2.398 -3.388 4.215
SPIN 2 9 5 0 1.688 -5.652 -0.455
SPIN 2 9 5 1 4.849 -2.980 1.615
SPIN 2 9 5 2 -2.537 3.044 4.393
SPIN 2 9 5 3 -3.553 4.727 0.173
SPIN 2 9 5 4 3.716 -0.005 -4.604
SPIN 2 9 5 5 -1.095 4.735 -3.374
SPIN 2 9 5 6 0.657 0.521 5.856
SPIN 2 9 5 7 -5.118 -2.957 0.246
SPIN 2 9 5 8 -0.166 0.915 5.843
SPIN 2 9 5 9 -5.300 -1.116 -2.379
SPIN 2 9 5 10 1.763 5.645 -0.173
SPIN 2 9 5 11 -0.920 -5.844 -0.016
SPIN 2 9 5 12 3.397 3.771 -3.040
SPIN 2 9 5 13 -1.757 3.861 -4.124
SPIN 2 9 5 14 -4.524 -2.017 3.235
SPIN 2 9 5 15 0.904 5.831 0.430
SPIN 3 9 6 0 5.867 -0.758 0.094
SPIN 3 9 6 1 -3.520 2.038 4.297
SPIN 3 9 6 2 -3.581 0.065 4.709
SPIN 3 9 6 3 -1.246 1.554 5.571
SPIN 3 9 6 4 -4.033 -2.911 -3.203
SPIN 3 9 6 5 -1.569 -3.163 4.747
SPIN 3 9 6 6 -1.077 -4.010 -4.214
SPIN 3 9 6 7 -5.134 -2.199 1.950
SPIN 3 9 6 8 -0.016 0.193 5.913
SPIN 3 9 6 9 3.828 -3.483 2.866
SPIN 3 9 6 10 -4.314 -0.510 -4.016
SPIN 3 9 6 11 -4.367 -0.754 -3.919
SPIN 3 9 6 12 -5.820 -0.582 0.889
SPIN 3 9 6 13 5.869 0.715 -0.209
SPIN 3 9 6 14 -1.529 -5.670 0.719
SPIN 3 9 6 15 -5.490 0.607 -2.119
SPIN 2 9 6 0 1.146 3.582 4.567
SPIN 2 9 6 1 5.448 1.129 -2.012
SPIN 2 9 6 2 -4.177 -2.894 -3.030
SPIN 2 9 6 3 0.139 4.670 3.629
SPIN 2 9 6 4 -5.637 -1.794 0.020
SPIN 2 9 6 5 -1.389 -2.611 5.124
SPIN 2 9 6 6 2.616 4.550 -2.729
SPIN 2 9 6 7 -3.900 -2.819 3.442
SPIN 2 9 6 8 4.498 3.222 -2.094
SPIN 2 9 6 9 2.916 1.894 4.786
SPIN 2 9 6 10 2.748 -1.955 -4.861
SPIN 2 9 6 11 3.426 1.797 -4.476
SPIN 2 9 6 12 -0.421 1.188 5.780
SPIN 2 9 6 13 -3.708 -4.579 0.530
SPIN 2 9 6 14 2.693 -1.863 -4.927
SPIN 2 9 6 15 -3.574 -1.956 -4.289
SPIN 3 9 7 0 -4.840 0.183 -3.397
SPIN 3 9 7 1 0.846 -5.810 0.724
SPIN 3 9 7 2 -1.101 -4.808 3.267
SPIN 3 9 7 3 -0.050 3.618 -4.681
SPIN 3 9 7 4 4.409 -2.383 3.144
SPIN 3 9 7 5 1.330 1.640 5.526
SPIN 3 9 7 6 1.326 -4.744 3.276
SPIN 3 9 7 7 2.855 2.224 -4.680
SPIN 3 9 7 8 5.257 -2.306 1.432
SPIN 3 9 7 9 -3.512 2.185 -4.230
SPIN 3 9 7 10 3.739 -1.741 4.241
SPIN 3 9 7 11 -4.419 3.753 1.178
SPIN 3 9 7 12 3.872 -2.610 -3.632
SPIN 3 9 7 13 2.071 2.764 -4.803
SPIN 3 9 7 14 -0.644 5.545 1.960
SPIN 3 9 7 15 5.702 1.264 0.943
SPIN 2 9 7 0 -1.345 5.126 -2.629
SPIN 2 9 7 1 -0.378 -5.584 -1.918
SPIN 2 9 7 2 -2.313 -2.063 5.039
SPIN 2 9 7 3 0.897 -5.392 2.264
SPIN 2 9 7 4 -0.096 4.735 -3.546
SPIN 2 9 7 5 4.805 0.514 -3.412
SPIN 2 9 7 6 -4.883 1.484 2.992
SPIN 2 9 7 7 0.099 -2.980 -5.110
SPIN 2 9 7 8 -4.685 2.243 -2.832
SPIN 2 9 7 9 5.875 -0.074 -0.696
SPIN 2 9 7 10 -0.597 1.998 5.536
SPIN 2 9 7 11 -5.809 -0.933 0.624
SPIN 2 9 7 12 -1.147 -5.551 -1.695
SPIN 2 9 7 13 -3.718 0.466 4.578
SPIN 2 9 7 14 1.904 -2.216 -5.144
SPIN 2 9 7 15 1.985 2.286 -5.082
SPIN 3 9 8 0 -1.564 -0.619 5.672
SPIN 3 9 8 1 2.873 2.927 -4.263
SPIN 3 9 8 2 -1.654 5.049 2.602
SPIN 3 9 8 3 -2.039 -2.586 4.915
SPIN 3 9 8 4 -2.235 -0.949 5.395
SPIN 3 9 8 5 0.426 4.708 3.557
SPIN 3 9 8 6 3.684 -2.698 -3.762
SPIN 3 9 8 7 3.959 -4.163 -1.413
SPIN 3 9 8 8 0.932 0.093 -5.841
SPIN 3 9 8 9 -1.725 -4.582 3.321
SPIN 3 9 8 10 1.102 -1.325 -5.660
SPIN 3 9 8 11 0.202 3.050 5.065
SPIN 3 9 8 12 -5.616 -0.127 1.856
SPIN 3 9 8 13 5.659 -0.049 1.723
SPIN 3 9 8 14 -1.315 -5.528 1.646
SPIN 3 9 8 15 2.720 3.979 -3.431
SPIN 2 9 8 0 2.625 4.482 2.832
SPIN 2 9 8 1 -0.959 4.788 3.340
SPIN 2 9 8 2 5.257 1.577 2.208
SPIN 2 9 8 3 -3.671 4.608 0.542
SPIN 2 9 8 4 4.418 -1.967 -3.408
SPIN 2 9 8 5 -0.927 -5.840 -0.186
SPIN 2 9 8 6 -2.008 0.141 -5.563
SPIN 2 9 8 7 -3.551 -2.664 3.910
SPIN 2 9 8 8 -0.856 4.184 4.094
SPIN 2 9 8 9 4.041 4.304 0.377
SPIN 2 9 8 10 -3.526 -2.821 -3.822
SPIN 2 9 8 11 -2.624 -2.953 4.404
SPIN 2 9 8 12 5.299 0.392 -2.602
SPIN 2 9 8 13 3.747 2.422 -3.885
SPIN 2 9 8 14 3.017 -0.199 5.085
SPIN 2 9 8 15 -0.614 -5.790 1.049
SPIN 3 9 9 0 1.591 5.509 1.457
SPIN 3 9 9 1 -4.323 4.011 -0.472
SPIN 3 9 9 2 5.609 -0.483 1.819
SPIN 3 9 9 3 -4.682 -0.864 3.512
SPIN 3 9 9 4 5.080 -1.511 -2.629
SPIN 3 9 9 5 3.500 3.351 -3.394
SPIN 3 9 9 6 2.239 -4.405 -3.253
SPIN 3 9 9 7 3.812 0.897 4.434
SPIN 3 9 9 8 -1.811 -0.374 -5.620
SPIN 3 9 9 9 3.922 2.799 3.433
SPIN 3 9 9 10 0.279 -5.747 -1.377
SPIN 3 9 9 11 -5.558 2.025 0.049
SPIN 3 9 9 12 0.508 3.927 4.395
SPIN 3 9 9 13 0.739 4.804 3.373
SPIN 3 9 9 14 -2.060 -5.494 0.759
SPIN 3 9 9 15 -5.517 -0.672 2.027
SPIN 2 9 9 0 -2.945 -4.822 -1.755
SPIN 2 9 9 1 1.575 -3.764 -4.284
SPIN 2 9 9 2 0.612 0.815 -5.828
SPIN 2 9 9 3 -4.660 0.624 -3.591
SPIN 2 9 9 4 0.831 4.409 3.856
SPIN 2 9 9 5 1.884 5.047 2.444
SPIN 2 9 9 6 2.641 4.843 2.139
SPIN 2 9 9 7 -0.125 2.937 -5.134
SPIN 2 9 9 8 -1.322 -2.383 -5.251
SPIN 2 9 9 9 -3.682 -4.613 -0.400
SPIN 2 9 9 10 -2.333 4.771 2.606
SPIN 2 9 9 11 -4.015 0.648 -4.296
SPIN 2 9 9 12 -4.094 -3.636 -2.240
SPIN 2 9 9 13 -5.841 -0.421 -0.841
SPIN 2 9 9 14 -0.420 3.030 -5.064
SPIN 2 9 9 15 3.293 0.920 -4.828
SPIN 3 9 10 0 4.534 3.527 1.414
SPIN 3 9 10 1 2.972 4.384 2.636
SPIN 3 9 10 2 -0.046 -4.323 4.039
SPIN 3 9 10 3 2.369 -3.728 -3.936
SPIN 3 9 10 4 1.452 -4.381 -3.701
SPIN 3 9 10 5 -5.202 -2.055 1.927
SPIN 3 9 10 6 -5.204 0.593 -2.750
SPIN 3 9 10 7 -3.483 -0.936 4.690
SPIN 3 9 10 8 -0.917 5.707 1.261
SPIN 3 9 10 9 -0.634 -2.882 -5.128
SPIN 3 9 10 10 -2.954 -2.839 4.268
SPIN 3 9 10 11 -5.404 -2.406 -0.061
SPIN 3 9 10 12 -4.918 -3.085 -1.139
SPIN 3 9 10 13 2.086 -0.087 -5.535
SPIN 3 9 10 14 0.354 -2.821 5.188
SPIN 3 9 10 15 -1.635 4.575 3.377
SPIN 2 9 10 0 5.505 2.141 -0.334
SPIN 2 9 10 1 -1.997 5.565 0.218
SPIN 2 9 10 2 5.855 0.804 0.270
SPIN 2 9 10 3 1.007 4.159 -4.085
SPIN 2 9 10 4 -5.157 -2.481 1.500
SPIN 2 9 10 5 -1.769 5.563 0.963
SPIN 2 9 10 6 4.262 -0.642 4.053
SPIN 2 9 10 7 3.054 -1.595 4.809
SPIN 2 9 10 8 0.353 2.617 -5.294
SPIN 2 9 10 9 5.902 0.299 0.282
SPIN 2 9 10 10 -0.306 -3.944 -4.399
SPIN 2 9 10 11 -1.869 5.510 1.069
SPIN 2 9 10 12 0.782 5.215 2.682
SPIN 2 9 10 13 3.506 -2.629 3.974
SPIN 2 9 10 14 -3.604 2.073 4.209
SPIN 2 9 10 15 -0.754 -5.190 -2.737
SPIN 3 9 11 0 -5.455 -0.807 -2.142
SPIN 3 9 11 1 -0.152 -5.470 2.248
SPIN 3 9 11 2 0.250 -1.355 -5.753
SPIN 3 9 11 3 4.218 3.233 2.598
SPIN 3 9 11 4 0.817 -2.885 5.100
SPIN 3 9 11 5 3.685 -4.513 1.025
SPIN 3 9 11 6 4.344 -1.581 -3.692
SPIN 3 9 11 7 -0.156 -3.396 4.842
SPIN 3 9 11 8 0.415 -4.982 -3.164
SPIN 3 9 11 9 -2.442 4.663 2.701
SPIN 3 9 11 10 0.034 -2.792 -5.216
SPIN 3 9 11 11 -4.600 -3.615 0.880
SPIN 3 9 11 12 -2.838 -0.158 -5.188
SPIN 3 9 11 13 2.158 -2.536 4.890
SPIN 3 9 11 14 -5.673 0.070 -1.676
SPIN 3 9 11 15 -1.666 -2.549 -5.072
SPIN 2 9 11 0 5.335 -1.357 2.167
SPIN 2 9 11 1 3.948 2.788 -3.412
SPIN 2 9 11 2 -5.888 0.015 0.575
SPIN 2 9 11 3 -3.541 -4.506 1.470
SPIN 2 9 11 4 5.818 0.757 -0.763
SPIN 2 9 11 5 -2.713 -1.238 5.109
SPIN 2 9 11 6 -1.379 4.080 4.056
SPIN 2 9 11 7 -3.542 3.723 -2.932
SPIN 2 9 11 8 -2.629 4.573 2.679
SPIN 2 9 11 9 -4.200 -1.970 -3.672
SPIN 2 9 11 10 -0.828 5.705 1.330
SPIN 2 9 11 11 2.514 -5.243 -1.092
SPIN 2 9 11 12 4.481 -2.336 3.076
SPIN 2 9 11 13 -5.158 -2.075 -2.021
SPIN 2 9 11 14 2.710 0.406 -5.243
SPIN 2 9 11 15 -2.809 -0.266 5.200
SPIN 3 9 12 0 4.028 4.137 1.288
SPIN 3 9 12 1 2.453 5.380 -0.212
SPIN 3 9 12 2 1.032 -5.810 0.417
SPIN 3 9 12 3 -3.422 -3.883 2.866
SPIN 3 9 12 4 -4.516 0.940 3.704
SPIN 3 9 12 5 4.595 3.723 -0.147
SPIN 3 9 12 6 0.275 -0.430 5.894
SPIN 3 9 12 7 3.703 4.257 -1.779
SPIN 3 9 12 8 -3.259 -4.508 2.013
SPIN 3 9 12 9 -2.724 -3.548 -3.872
SPIN 3 9 12 10 -3.325 -2.334 -4.301
SPIN 3 9 12 11 -2.680 3.595 3.859
SPIN 3 9 12 12 4.909 0.805 -3.202
SPIN 3 9 12 13 4.449 -3.414 1.885
SPIN 3 9 12 14 -5.680 0.088 -1.653
SPIN 3 9 12 15 1.800 -5.369 -1.713
SPIN 2 9 12 0 0.257 -0.445 -5.894
SPIN 2 9 12 1 5.857 -0.092 -0.830
SPIN 2 9 12 2 2.432 -5.140 1.632
SPIN 2 9 12 3 -1.401 4.675 -3.344
SPIN 2 9 12 4 3.072 -4.908 -1.213
SPIN 2 9 12 5 -3.524 3.972 2.608
SPIN 2 9 12 6 4.238 2.928 -2.910
SPIN 2 9 12 7 -5.627 0.140 -1.822
SPIN 2 9 12 8 2.514 -5.020 1.864
SPIN 2 9 12 9 -2.355 4.373 3.214
SPIN 2 9 12 10 -4.982 -2.836 -1.462
SPIN 2 9 12 11 2.756 2.437 4.633
SPIN 2 9 12 12 0.722 0.415 -5.857
SPIN 2 9 12 13 4.042 -4.305 -0.358
SPIN 2 9 12 14 2.688 3.147 -4.228
SPIN 2 9 12 15 -1.437 5.098 2.636
SPIN 3 9 13 0 0.489 4.889 3.295
SPIN 3 9 13 1 3.251 2.986 -3.939
SPIN 3 9 13 2 3.835 -3.899 -2.257
SPIN 3 9 13 3 5.915 -0.002 -0.115
SPIN 3 9 13 4 4.774 0.918 -3.371
SPIN 3 9 13 5 0.453 1.120 5.791
SPIN 3 9 13 6 5.591 0.092 1.932
SPIN 3 9 13 7 0.507 0.542 -5.869
SPIN 3 9 13 8 -1.670 2.929 4.861
SPIN 3 9 13 9 -2.054 3.271 4.481
SPIN 3 9 13 10 -4.378 -3.880 -0.880
SPIN 3 9 13 11 1.696 4.659 3.228
SPIN 3 9 13 12 -4.875 2.079 2.630
SPIN 3 9 13 13 2.521 5.070 1.715
SPIN 3 9 13 14 3.187 -4.717 -1.610
SPIN 3 9 13 15 -5.305 2.001 1.690
SPIN 2 9 13 0 -5.319 0.523 -2.537
SPIN 2 9 13 1 -1.011 -5.375 2.256
SPIN 2 9 13 2 -2.016 5.508 0.777
SPIN 2 9 13 3 4.149 -2.872 3.089
SPIN 2 9 13 4 -1.499 5.386 -1.934
SPIN 2 9 13 5 4.217 -4.121 -0.488
SPIN 2 9 13 6 -1.229 4.187 -3.995
SPIN 2 9 13 7 -2.466 5.206 1.347
SPIN 2 9 13 8 1.017 2.242 -5.379
SPIN 2 9 13 9 -5.116 -0.868 -2.841
SPIN 2 9 13 10 -1.813 3.102 4.700
SPIN 2 9 13 11 3.838 0.402 -4.484
SPIN 2 9 13 12 -0.376 4.524 -3.793
SPIN 2 9 13 13 2.064 5.291 1.655
SPIN 2 9 13 14 -3.875 4.465 0.225
SPIN 2 9 13 15 2.255 -4.891 -2.448
SPIN 3 9 14 0 -1.243 0.531 5.760
SPIN 3 9 14 1 -0.110 -5.269 -2.687
SPIN 3 9 14 2 -5.496 1.584 1.510
SPIN 3 9 14 3 1.134 -1.371 -5.642
SPIN 3 9 14 4 -3.829 2.152 3.963
SPIN 3 9 14 5 3.071 -4.658 -1.966
SPIN 3 9 14 6 2.323 -2.456 -4.855
SPIN 3 9 14 7 -5.283 -0.058 -2.663
SPIN 3 9 14 8 0.768 -5.831 0.643
SPIN 3 9 14 9 -1.376 4.654 -3.384
SPIN 3 9 14 10 0.956 5.817 0.492
SPIN 3 9 14 11 -4.501 -3.755 0.800
SPIN 3 9 14 12 -4.453 3.426 1.855
SPIN 3 9 14 13 2.910 -2.029 4.734
SPIN 3 9 14 14 -2.580 4.112 3.382
SPIN 3 9 14 15 0.817 -4.931 3.165
SPIN 2 9 14 0 -1.601 -3.550 4.453
SPIN 2 9 14 1 -1.819 0.985 -5.543
SPIN 2 9 14 2 3.715 -3.133 -3.374
SPIN 2 9 14 3 -2.325 5.283 -1.298
SPIN 2 9 14 4 0.052 -0.593 5.886
SPIN 2 9 14 5 -5.351 2.302 1.033
SPIN 2 9 14 6 1.128 5.773 -0.629
SPIN 2 9 14 7 4.798 0.138 3.459
SPIN 2 9 14 8 -0.713 4.355 -3.940
SPIN 2 9 14 9 -4.624 3.394 1.448
SPIN 2 9 14 10 1.835 5.442 -1.422
SPIN 2 9 14 11 -4.085 -1.463 4.021
SPIN 2 9 14 12 -5.198 -2.563 -1.189
SPIN 2 9 14 13 2.854 -0.851 -5.112
SPIN 2 9 14 14 -2.894 -5.013 1.221
SPIN 2 9 14 15 1.502 2.382 -5.203
SPIN 3 9 15 0 1.909 5.549 0.753
SPIN 3 9 15 1 5.042 2.539 -1.770
SPIN 3 9 15 2 3.952 -4.232 -1.214
SPIN 3 9 15 3 -3.181 -2.415 4.365
SPIN 3 9 15 4 -3.174 -4.778 1.449
SPIN 3 9 15 5 3.334 4.881 -0.250
SPIN 3 9 15 6 -5.491 -0.412 2.164
SPIN 3 9 15 7 5.117 -2.967 0.139
SPIN 3 9 15 8 4.428 2.275 -3.197
SPIN 3 9 15 9 3.923 3.182 3.080
SPIN 3 9 15 10 -4.845 -2.945 1.689
SPIN 3 9 15 11 3.821 4.327 -1.297
SPIN 3 9 15 12 3.106 -3.757 -3.353
SPIN 3 9 15 13 0.413 1.774 5.629
SPIN 3 9 15 14 3.879 0.773 -4.399
SPIN 3 9 15 15 -3.721 1.271 -4.420
SPIN 2 9 15 0 -5.643 -1.566 -0.840
SPIN 2 9 15 1 3.822 3.801 -2.440
SPIN 2 9 15 2 2.516 3.952 3.612
SPIN 2 9 15 3 -5.858 0.223 -0.796
SPIN 2 9 15 4 3.300 -4.870 -0.624
SPIN 2 9 15 5 3.635 -3.185 -3.413
SPIN 2 9 15 6 -0.632 -2.735 -5.208
SPIN 2 9 15 7 -5.700 -1.532 -0.408
SPIN 2 9 15 8 1.441 2.871 -4.968
SPIN 2 9 15 9 -2.963 2.996 -4.152
SPIN 2 9 15 10 0.147 5.760 -1.344
SPIN 2 9 15 11 -1.787 4.038 -3.937
SPIN 2 9 15 12 4.802 -3.174 -1.367
SPIN 2 9 15 13 -4.129 3.456 -2.452
SPIN 2 9 15 14 0.337 5.905 0.117
SPIN 2 9 15 15 -0.048 -5.599 1.911
SPIN 1 10 0 0 1.091 -2.563 5.219
SPIN 1 10 0 1 1.674 0.553 -5.647
SPIN 1 10 0 2 2.238 4.039 -3.699
SPIN 1 10 0 3 -1.943 -5.094 -2.298
SPIN 1 10 0 4 3.866 0.692 -4.424
SPIN 1 10 0 5 -2.325 4.509 -3.043
SPIN 1 10 0 6 -4.876 -3.344 -0.199
SPIN 1 10 0 7 5.875 -0.012 0.692
SPIN 1 10 0 8 1.325 0.437 -5.749
SPIN 1 10 0 9 0.334 -3.382 4.843
SPIN 1 10 0 10 3.587 2.943 3.670
SPIN 1 10 0 11 -5.332 -2.464 -0.704
SPIN 1 10 0 12 1.477 5.625 -1.086
SPIN 1 10 0 13 -0.736 -2.664 -5.231
SPIN 1 10 0 14 4.588 -0.631 3.681
SPIN 1 10 0 15 -5.558 -1.886 -0.743
SPIN 4 10 0 0 3.180 -2.878 -4.075
SPIN 4 10 0 1 0.361 5.490 -2.174
SPIN 4 10 0 2 -2.708 -4.661 -2.437
SPIN 4 10 0 3 3.384 1.558 4.595
SPIN 4 10 0 4 0.929 -2.106 5.450
SPIN 4 10 0 5 4.948 -0.474 -3.209
SPIN 4 10 0 6 1.047 -1.150 -5.708
SPIN 4 10 0 7 3.938 -4.339 -0.813
SPIN 4 10 0 8 4.955 -2.764 1.675
SPIN 4 10 0 9 1.775 0.914 -5.569
SPIN 4 10 0 10 5.591 1.407 -1.328
SPIN 4 10 0 11 4.437 -3.740 -1.151
SPIN 4 10 0 12 -0.800 5.438 -2.188
SPIN 4 10 0 13 -0.287 4.867 3.352
SPIN 4 10 0 14 5.850 0.816 -0.332
SPIN 4 10 0 15 -4.050 -4.148 -1.180
SPIN 1 10 1 0 0.864 -2.310 5.378
SPIN 1 10 1 1 3.115 -5.021 0.292
SPIN 1 10 1 2 -4.775 -2.961 1.854
SPIN 1 10 1 3 1.208 -2.487 -5.230
SPIN 1 10 1 4 1.478 -5.429 1.828
SPIN 1 10 1 5 4.665 3.512 -0.950
SPIN 1 10 1 6 0.350 -3.753 4.560
SPIN 1 10 1 7 -2.744 5.222 0.449
SPIN 1 10 1 8 -1.270 5.671 1.105
SPIN 1 10 1 9 -1.813 -3.150 4.668
SPIN 1 10 1 10 5.053 2.915 -0.988
SPIN 1 10 1 11 5.515 -0.092 2.140
SPIN 1 10 1 12 -5.702 -0.729 -1.398
SPIN 1 10 1 13 4.485 -3.735 -0.965
SPIN 1 10 1 14 -3.773 4.505 -0.685
SPIN 1 10 1 15 5.742 1.407 -0.222
SPIN 4 10 1 0 -4.126 3.425 2.499
SPIN 4 10 1 1 4.625 -2.851 2.340
SPIN 4 10 1 2 0.283 -4.433 -3.907
SPIN 4 10 1 3 -1.288 5.750 0.531
SPIN 4 10 1 4 -4.378 -3.961 -0.381
SPIN 4 10 1 5 -5.619 0.593 1.754
SPIN 4 10 1 6 2.916 4.570 -2.369
SPIN 4 10 1 7 -0.232 -5.909 -0.179
SPIN 4 10 1 8 -3.341 2.665 -4.091
SPIN 4 10 1 9 2.941 3.772 3.482
SPIN 4 10 1 10 0.734 -5.633 1.652
SPIN 4 10 1 11 0.218 5.911 0.089
SPIN 4 10 1 12 2.447 -4.169 3.410
SPIN 4 10 1 13 3.803 2.257 -3.930
SPIN 4 10 1 14 -2.328 1.932 5.084
SPIN 4 10 1 15 4.980 0.510 -3.152
SPIN 1 10 2 0 -4.845 2.102 -2.666
SPIN 1 10 2 1 -5.011 2.090 -2.350
SPIN 1 10 2 2 2.294 0.299 -5.445
SPIN 1 10 2 3 -0.664 -2.731 5.206
SPIN 1 10 2 4 2.343 1.900 -5.089
SPIN 1 10 2 5 -2.894 5.061 1.004
SPIN 1 10 2 6 -5.723 -1.497 0.067
SPIN 1 10 2 7 5.404 1.964 -1.391
SPIN 1 10 2 8 1.131 -4.948 -3.039
SPIN 1 10 2 9 2.952 2.746 -4.329
SPIN 1 10 2 10 4.111 -3.442 2.500
SPIN 1 10 2 11 -3.727 3.485 2.994
SPIN 1 10 2 12 -1.042 5.120 2.775
SPIN 1 10 2 13 -1.737 -3.482 4.456
SPIN 1 10 2 14 4.640 -1.135 -3.490
SPIN 1 10 2 15 -1.768 4.217 3.754
SPIN 4 10 2 0 5.655 -0.450 -1.680
SPIN 4 10 2 1 -3.420 -1.130 -4.693
SPIN 4 10 2 2 -5.310 2.006 -1.666
SPIN 4 10 2 3 5.547 -0.287 2.037
SPIN 4 10 2 4 -5.083 2.926 0.775
SPIN 4 10 2 5 4.390 0.907 -3.861
SPIN 4 10 2 6 -1.390 -5.638 1.131
SPIN 4 10 2 7 1.709 4.283 3.706
SPIN 4 10 2 8 1.484 -4.411 3.652
SPIN 4 10 2 9 -0.356 5.523 -2.091
SPIN 4 10 2 10 -1.933 5.480 -1.113
SPIN 4 10 2 11 0.172 -3.798 -4.533
SPIN 4 10 2 12 -4.954 -3.021 1.151
SPIN 4 10 2 13 2.677 4.244 3.134
SPIN 4 10 2 14 1.151 2.289 -5.333
SPIN 4 10 2 15 2.114 -0.688 5.482
SPIN 1 10 3 0 0.374 -3.179 -4.975
SPIN 1 10 3 1 5.682 0.194 1.635
SPIN 1 10 3 2 0.586 -5.672 -1.578
SPIN 1 10 3 3 3.158 -3.190 -3.853
SPIN 1 10 3 4 -3.482 -4.467 -1.708
SPIN 1 10 3 5 4.835 0.966 3.269
SPIN 1 10 3 6 2.783 -5.130 -0.968
SPIN 1 10 3 7 -1.324 5.266 2.349
SPIN 1 10 3 8 -2.659 -4.349 -3.003
SPIN 1 10 3 9 0.739 -5.850 0.486
SPIN 1 10 3 10 -0.934 0.388 5.829
SPIN 1 10 3 11 -1.232 -1.660 5.543
SPIN 1 10 3 12 -5.662 -1.582 -0.663
SPIN 1 10 3 13 1.532 4.826 -3.059
SPIN 1 10 3 14 -3.420 3.725 3.071
SPIN 1 10 3 15 -5.366 -1.677 -1.842
SPIN 4 10 3 0 4.018 -2.247 3.715
SPIN 4 10 3 1 -1.383 1.616 5.521
SPIN 4 10 3 2 5.639 1.581 -0.840
SPIN 4 10 3 3 -0.526 -5.892 0.051
SPIN 4 10 3 4 4.672 3.575 -0.621
SPIN 4 10 3 5 -1.937 -5.568 0.491
SPIN 4 10 3 6 1.414 5.416 -1.916
SPIN 4 10 3 7 4.674 2.412 -2.708
SPIN 4 10 3 8 -3.681 4.397 -1.454
SPIN 4 10 3 9 -1.960 2.811 4.823
SPIN 4 10 3 10 5.009 3.148 -0.007
SPIN 4 10 3 11 -2.920 4.386 2.690
SPIN 4 10 3 12 -1.836 4.082 3.868
SPIN 4 10 3 13 1.017 -5.379 2.245
SPIN 4 10 3 14 5.541 -0.410 2.033
SPIN 4 10 3 15 0.045 4.306 4.057
SPIN 1 10 4 0 3.316 -3.962 2.882
SPIN 1 10 4 1 3.969 0.463 -4.363
SPIN 1 10 4 2 0.415 5.801 -1.085
SPIN 1 10 4 3 3.204 -4.823 1.215
SPIN 1 10 4 4 2.277 -5.189 1.700
SPIN 1 10 4 5 -2.994 -4.899 1.428
SPIN 1 10 4 6 5.435 -2.321 -0.268
SPIN 1 10 4 7 -1.926 5.447 1.274
SPIN 1 10 4 8 4.499 -2.490 -2.926
SPIN 1 10 4 9 -4.177 -1.119 4.038
SPIN 1 10 4 10 -3.271 -3.965 -2.929
SPIN 1 10 4 11 4.307 4.019 -0.544
SPIN 1 10 4 12 4.149 1.740 3.842
SPIN 1 10 4 13 -4.295 -4.042 0.465
SPIN 1 10 4 14 2.998 2.210 -4.596
SPIN 1 10 4 15 2.707 -5.255 0.233
SPIN 4 10 4 0 1.246 -5.199 -2.533
SPIN 4 10 4 1 5.384 1.236 -2.118
SPIN 4 10 4 2 -4.930 -3.247 -0.398
SPIN 4 10 4 3 1.026 5.501 1.918
SPIN 4 10 4 4 -2.612 -5.256 -0.741
SPIN 4 10 4 5 -3.066 1.655 4.781
SPIN 4 10 4 6 4.401 0.927 -3.844
SPIN 4 10 4 7 5.284 -2.552 0.756
SPIN 4 10 4 8 -4.257 -3.925 -1.213
SPIN 4 10 4 9 3.194 3.030 -3.952
SPIN 4 10 4 10 2.203 2.576 -4.849
SPIN 4 10 4 11 0.965 -5.810 0.565
SPIN 4 10 4 12 0.564 -1.665 -5.649
SPIN 4 10 4 13 -1.226 5.341 2.229
SPIN 4 10 4 14 -5.766 -1.133 0.685
SPIN 4 10 4 15 2.241 4.272 -3.424
SPIN 1 10 5 0 2.063 1.486 5.342
SPIN 1 10 5 1 1.020 0.042 -5.827
SPIN 1 10 5 2 -4.522 -1.900 3.308
SPIN 1 10 5 3 2.663 3.979 -3.475
SPIN 1 10 5 4 -3.555 4.074 2.402
SPIN 1 10 5 5 0.121 -4.479 -3.863
SPIN 1 10 5 6 -2.159 2.941 4.657
SPIN 1 10 5 7 -0.263 4.462 -3.876
SPIN 1 10 5 8 -4.150 0.395 4.198
SPIN 1 10 5 9 -0.223 -5.859 0.790
SPIN 1 10 5 10 0.209 4.141 4.220
SPIN 1 10 5 11 2.201 -4.114 -3.638
SPIN 1 10 5 12 -5.157 -2.290 -1.777
SPIN 1 10 5 13 2.097 -4.681 2.949
SPIN 1 10 5 14 -4.755 2.499 -2.479
SPIN 1 10 5 15 1.870 2.611 4.969
SPIN 4 10 5 0 -1.290 5.494 -1.774
SPIN 4 10 5 1 -2.403 4.169 -3.442
SPIN 4 10 5 2 3.900 2.104 3.920
SPIN 4 10 5 3 -5.707 0.918 1.261
SPIN 4 10 5 4 0.409 -2.348 5.415
SPIN 4 10 5 5 -2.043 1.308 -5.396
SPIN 4 10 5 6 -0.073 3.480 4.783
SPIN 4 10 5 7 4.939 2.928 -1.425
SPIN 4 10 5 8 -5.377 -2.454 -0.264
SPIN 4 10 5 9 3.122 -4.789 -1.521
SPIN 4 10 5 10 -4.450 3.497 -1.724
SPIN 4 10 5 11 5.204 0.012 -2.814
SPIN 4 10 5 12 -0.303 0.730 5.863
SPIN 4 10 5 13 -5.328 0.942 -2.394
SPIN 4 10 5 14 3.360 -4.764 1.011
SPIN 4 10 5 15 5.668 -0.545 -1.606
SPIN 1 10 6 0 -0.106 2.962 5.120
SPIN 1 10 6 1 -0.285 -3.117 -5.020
SPIN 1 10 6 2 5.779 -0.347 -1.216
SPIN 1 10 6 3 -1.322 -5.766 0.014
SPIN 1 10 6 4 5.500 1.891 1.086
SPIN 1 10 6 5 -5.205 -2.419 1.434
SPIN 1 10 6 6 2.195 2.756 -4.752
SPIN 1 10 6 7 5.476 2.227 -0.225
SPIN 1 10 6 8 2.658 -1.486 -5.072
SPIN 1 10 6 9 -2.142 4.684 -2.911
SPIN 1 10 6 10 3.401 -2.437 4.182
SPIN 1 10 6 11 0.417 2.156 5.494
SPIN 1 10 6 12 4.327 -3.184 -2.478
SPIN 1 10 6 13 -5.189 2.258 1.726
SPIN 1 10 6 14 2.780 0.133 -5.220
SPIN 1 10 6 15 -3.612 1.820 -4.318
SPIN 4 10 6 0 2.781 -0.221 -5.217
SPIN 4 10 6 1 1.112 -4.917 -3.096
SPIN 4 10 6 2 -4.187 3.970 1.308
SPIN 4 10 6 3 -5.243 0.850 2.605
SPIN 4 10 6 4 -2.718 -3.107 -4.238
SPIN 4 10 6 5 1.199 -3.082 -4.906
SPIN 4 10 6 6 2.016 -2.203 5.107
SPIN 4 10 6 7 1.163 4.839 -3.198
SPIN 4 10 6 8 -1.089 -5.639 -1.422
SPIN 4 10 6 9 3.517 -4.526 1.466
SPIN 4 10 6 10 3.373 4.217 2.416
SPIN 4 10 6 11 1.329 -5.224 2.438
SPIN 4 10 6 12 3.390 -1.461 -4.623
SPIN 4 10 6 13 2.713 -0.956 5.169
SPIN 4 10 6 14 -3.207 1.236 4.816
SPIN 4 10 6 15 0.061 4.296 4.067
SPIN 1 10 7 0 2.646 1.580 -5.050
SPIN 1 10 7 1 -5.423 2.199 -0.872
SPIN 1 10 7 2 0.347 1.235 -5.775
SPIN 1 10 7 3 -2.424 -2.239 -4.910
SPIN 1 10 7 4 -3.023 -4.922 -1.279
SPIN 1 10 7 5 -3.153 -3.255 3.803
SPIN 1 10 7 6 4.671 -3.630 -0.075
SPIN 1 10 7 7 -3.846 3.709 2.541
SPIN 1 10 7 8 1.053 -4.732 3.391
SPIN 1 10 7 9 -0.876 5.183 -2.714
SPIN 1 10 7 10 -2.358 0.482 -5.404
SPIN 1 10 7 11 0.655 -5.833 0.743
SPIN 1 10 7 12 -2.806 1.347 5.031
SPIN 1 10 7 13 -3.404 -4.839 0.023
SPIN 1 10 7 14 1.875 5.250 1.980
SPIN 1 10 7 15 -2.601 -4.837 -2.201
SPIN 4 10 7 0 5.780 0.682 -1.062
SPIN 4 10 7 1 -5.677 0.322 1.634
SPIN 4 10 7 2 4.668 2.418 -2.713
SPIN 4 10 7 3 4.210 -0.400 4.137
SPIN 4 10 7 4 -4.854 -2.438 -2.343
SPIN 4 10 7 5 -4.892 -1.222 3.095
SPIN 4 10 7 6 5.571 1.720 -1.003
SPIN 4 10 7 7 1.344 4.683 3.356
SPIN 4 10 7 8 -1.180 -5.461 -1.945
SPIN 4 10 7 9 4.168 3.511 2.302
SPIN 4 10 7 10 -3.096 4.870 1.305
SPIN 4 10 7 11 1.059 -2.444 -5.283
SPIN 4 10 7 12 5.356 1.960 1.574
SPIN 4 10 7 13 2.745 4.344 -2.931
SPIN 4 10 7 14 -2.050 4.147 3.688
SPIN 4 10 7 15 -5.745 -1.044 -0.954
SPIN 1 10 8 0 -4.804 -1.975 2.832
SPIN 1 10 8 1 -1.955 4.219 -3.658
SPIN 1 10 8 2 2.031 -3.399 -4.396
SPIN 1 10 8 3 -3.432 -4.382 -2.006
SPIN 1 10 8 4 -4.009 0.701 4.293
SPIN 1 10 8 5 3.355 4.871 -0.123
SPIN 1 10 8 6 -0.158 -1.739 -5.653
SPIN 1 10 8 7 -5.695 1.595 -0.139
SPIN 1 10 8 8 1.921 3.240 -4.562
SPIN 1 10 8 9 -1.166 -4.966 -2.996
SPIN 1 10 8 10 -0.785 5.471 2.111
SPIN 1 10 8 11 3.363 4.289 2.300
SPIN 1 10 8 12 5.770 -0.614 1.151
SPIN 1 10 8 13 -4.446 2.565 -2.941
SPIN 1 10 8 14 -2.008 -5.103 2.219
SPIN 1 10 8 15 1.060 5.564 1.710
SPIN 4 10 8 0 4.425 -1.044 -3.785
SPIN 4 10 8 1 -3.496 0.900 4.687
SPIN 4 10 8 2 -4.335 -0.797 3.946
SPIN 4 10 8 3 4.955 -0.031 -3.231
SPIN 4 10 8 4 2.562 3.477 -4.044
SPIN 4 10 8 5 3.474 -1.222 -4.630
SPIN 4 10 8 6 -5.031 -0.745 3.022
SPIN 4 10 8 7 -0.807 -0.116 -5.860
SPIN 4 10 8 8 -3.489 -2.767 -3.895
SPIN 4 10 8 9 2.989 -5.105 0.027
SPIN 4 10 8 10 0.807 0.992 -5.776
SPIN 4 10 8 11 2.172 -0.627 5.467
SPIN 4 10 8 12 3.615 1.549 -4.419
SPIN 4 10 8 13 0.409 1.285 5.760
SPIN 4 10 8 14 2.969 4.359 -2.680
SPIN 4 10 8 15 -3.637 -3.620 2.945
SPIN 1 10 9 0 0.680 -2.850 -5.140
SPIN 1 10 9 1 2.376 -4.552 2.939
SPIN 1 10 9 2 -5.153 -0.884 2.770
SPIN 1 10 9 3 -0.425 1.532 -5.698
SPIN 1 10 9 4 -4.767 3.326 -1.102
SPIN 1 10 9 5 5.006 -2.389 -2.057
SPIN 1 10 9 6 1.629 -5.546 -1.260
SPIN 1 10 9 7 4.399 1.651 3.595
SPIN 1 10 9 8 -2.550 -4.313 3.146
SPIN 1 10 9 9 2.229 4.845 2.560
SPIN 1 10 9 10 -0.142 -0.197 5.911
SPIN 1 10 9 11 -4.335 3.150 -2.506
SPIN 1 10 9 12 -4.606 -0.018 3.713
SPIN 1 10 9 13 0.594 -5.410 2.319
SPIN 1 10 9 14 0.997 5.808 -0.522
SPIN 1 10 9 15 2.919 -3.117 4.094
SPIN 4 10 9 0 -2.935 5.136 -0.067
SPIN 4 10 9 1 4.116 -4.153 0.902
SPIN 4 10 9 2 3.311 -0.864 4.826
SPIN 4 10 9 3 -3.160 -3.306 -3.754
SPIN 4 10 9 4 2.181 -2.025 5.113
SPIN 4 10 9 5 -4.919 1.446 2.951
SPIN 4 10 9 6 -4.320 -2.740 2.972
SPIN 4 10 9 7 5.855 -0.469 -0.704
SPIN 4 10 9 8 4.511 3.665 1.105
SPIN 4 10 9 9 2.637 -5.035 1.643
SPIN 4 10 9 10 -1.781 1.863 -5.325
SPIN 4 10 9 11 -5.815 -0.506 0.967
SPIN 4 10 9 12 1.608 3.023 -4.824
SPIN 4 10 9 13 3.192 1.443 4.768
SPIN 4 10 9 14 -0.748 -5.513 -2.012
SPIN 4 10 9 15 3.966 -0.636 4.343
SPIN 1 10 10 0 2.779 -4.096 -3.240
SPIN 1 10 10 1 -0.254 0.623 5.878
SPIN 1 10 10 2 3.648 0.086 -4.657
SPIN 1 10 10 3 0.740 4.798 -3.381
SPIN 1 10 10 4 2.231 -5.469 -0.334
SPIN 1 10 10 5 -5.887 -0.160 0.568
SPIN 1 10 10 6 -0.155 -2.608 -5.308
SPIN 1 10 10 7 -3.132 -4.417 -2.384
SPIN 1 10 10 8 -1.372 1.332 5.598
SPIN 1 10 10 9 -2.712 2.652 -4.540
SPIN 1 10 10 10 -1.992 3.246 -4.527
SPIN 1 10 10 11 -4.851 3.336 -0.578
SPIN 1 10 10 12 4.979 -0.929 3.058
SPIN 1 10 10 13 4.139 -1.284 -4.027
SPIN 1 10 10 14 -1.041 -5.447 -2.062
SPIN 1 10 10 15 -2.412 2.920 4.544
SPIN 4 10 10 0 4.460 -3.850 -0.531
SPIN 4 10 10 1 -4.161 -0.999 4.085
SPIN 4 10 10 2 -2.774 -3.195 -4.135
SPIN 4 10 10 3 5.724 -0.810 1.256
SPIN 4 10 10 4 1.801 -2.406 -5.096
SPIN 4 10 10 5 -5.049 3.020 -0.621
SPIN 4 10 10 6 -3.635 -2.547 3.911
SPIN 4 10 10 7 -4.707 3.582 -0.104
SPIN 4 10 10 8 -2.892 1.305 -4.993
SPIN 4 10 10 9 1.669 -0.469 -5.656
SPIN 4 10 10 10 2.104 4.817 2.714
SPIN 4 10 10 11 5.191 0.057 -2.837
SPIN 4 10 10 12 3.565 4.717 -0.201
SPIN 4 10 10 13 3.681 -4.558 -0.825
SPIN 4 10 10 14 -3.637 4.014 -2.379
SPIN 4 10 10 15 2.317 0.025 5.443
SPIN 1 10 11 0 -2.662 -4.759 -2.294
SPIN 1 10 11 1 -3.767 -2.152 -4.022
SPIN 1 10 11 2 2.373 -2.721 4.687
SPIN 1 10 11 3 -1.232 5.716 -0.897
SPIN 1 10 11 4 -1.834 5.310 -1.856
SPIN 1 10 11 5 5.461 2.144 0.760
SPIN 1 10 11 6 2.050 -1.348 -5.383
SPIN 1 10 11 7 2.060 5.500 0.716
SPIN 1 10 11 8 -1.752 -0.273 5.644
SPIN 1 10 11 9 0.511 -5.893 0.098
SPIN 1 10 11 10 -2.486 -0.644 5.330
SPIN 1 10 11 11 2.582 -5.304 -0.452
SPIN 1 10 11 12 -4.022 1.070 4.205
SPIN 1 10 11 13 3.108 4.707 1.786
SPIN 1 10 11 14 -0.477 -3.033 -5.057
SPIN 1 10 11 15 0.557 5.511 -2.077
SPIN 4 10 11 0 -5.724 1.220 -0.866
SPIN 4 10 11 1 -5.269 2.201 -1.547
SPIN 4 10 11 2 -1.902 4.797 -2.893
SPIN 4 10 11 3 3.318 -1.836 -4.541
SPIN 4 10 11 4 -2.490 3.071 4.401
SPIN 4 10 11 5 3.059 -4.474 -2.372
SPIN 4 10 11 6 -1.693 -4.954 2.755
SPIN 4 10 11 7 1.074 1.760 -5.545
SPIN 4 10 11 8 -4.583 1.848 3.252
SPIN 4 10 11 9 -1.806 4.897 -2.786
SPIN 4 10 11 10 -1.060 0.738 5.773
SPIN 4 10 11 11 -5.601 1.740 -0.778
SPIN 4 10 11 12 1.694 1.308 -5.515
SPIN 4 10 11 13 2.049 5.265 1.755
SPIN 4 10 11 14 -4.675 -3.478 -1.025
SPIN 4 10 11 15 1.694 5.492 -1.402
SPIN 1 10 12 0 -1.630 5.441 -1.653
SPIN 1 10 12 1 4.740 1.650 3.132
SPIN 1 10 12 2 0.478 -0.368 5.885
SPIN 1 10 12 3 4.622 -0.710 -3.624
SPIN 1 10 12 4 4.501 -3.780 0.676
SPIN 1 10 12 5 2.432 0.021 -5.393
SPIN 1 10 12 6 -4.101 -3.234 2.779
SPIN 1 10 12 7 0.870 -3.778 -4.469
SPIN 1 10 12 8 -3.095 -0.570 5.010
SPIN 1 10 12 9 -0.434 1.405 -5.730
SPIN 1 10 12 10 -5.504 -1.916 -1.017
SPIN 1 10 12 11 -0.589 -4.069 -4.254
SPIN 1 10 12 12 -4.109 4.181 0.796
SPIN 1 10 12 13 0.091 -0.328 5.906
SPIN 1 10 12 14 -5.288 -2.645 -0.195
SPIN 1 10 12 15 5.320 -2.217 1.334
SPIN 4 10 12 0 3.065 -2.475 -4.414
SPIN 4 10 12 1 0.230 -2.963 -5.116
SPIN 4 10 12 2 -3.266 -0.601 4.896
SPIN 4 10 12 3 2.205 2.140 5.056
SPIN 4 10 12 4 3.845 -3.109 -3.248
SPIN 4 10 12 5 -5.314 -2.544 -0.540
SPIN 4 10 12 6 0.072 5.781 1.255
SPIN 4 10 12 7 -1.805 2.594 -5.002
SPIN 4 10 12 8 -2.592 -5.155 1.305
SPIN 4 10 12 9 5.036 3.022 0.714
SPIN 4 10 12 10 3.343 1.631 4.600
SPIN 4 10 12 11 -2.627 2.567 -4.638
SPIN 4 10 12 12 -4.707 -2.254 2.787
SPIN 4 10 12 13 -4.997 -2.899 1.273
SPIN 4 10 12 14 5.820 0.435 0.970
SPIN 4 10 12 15 -2.235 0.610 5.444
SPIN 1 10 13 0 0.674 2.389 5.370
SPIN 1 10 13 1 -0.202 3.297 -4.908
SPIN 1 10 13 2 -0.176 -5.321 -2.579
SPIN 1 10 13 3 2.290 3.554 4.138
SPIN 1 10 13 4 -3.277 2.561 -4.208
SPIN 1 10 13 5 1.409 0.842 5.684
SPIN 1 10 13 6 -0.336 -5.870 0.654
SPIN 1 10 13 7 -0.330 1.374 5.745
SPIN 1 10 13 8 -4.649 -1.061 3.502
SPIN 1 10 13 9 -0.711 -5.627 -1.684
SPIN 1 10 13 10 -5.068 2.740 -1.345
SPIN 1 10 13 11 -2.371 -4.862 2.395
SPIN 1 10 13 12 -2.330 -5.419 -0.456
SPIN 1 10 13 13 5.365 1.344 2.099
SPIN 1 10 13 14 -0.321 -0.228 -5.903
SPIN 1 10 13 15 3.933 4.400 -0.420
SPIN 4 10 13 0 -0.947 -5.796 0.712
SPIN 4 10 13 1 1.028 -2.956 5.020
SPIN 4 10 13 2 0.156 4.588 3.732
SPIN 4 10 13 3 2.143 -2.638 -4.842
SPIN 4 10 13 4 3.475 4.064 2.532
SPIN 4 10 13 5 -1.535 3.536 -4.488
SPIN 4 10 13 6 4.170 4.136 -0.715
SPIN 4 10 13 7 -2.671 -4.957 1.815
SPIN 4 10 13 8 1.359 5.625 -1.230
SPIN 4 10 13 9 4.467 -2.163 3.220
SPIN 4 10 13 10 -4.362 -2.838 2.815
SPIN 4 10 13 11 -0.774 1.225 -5.736
SPIN 4 10 13 12 1.244 0.736 5.737
SPIN 4 10 13 13 5.678 -0.348 1.624
SPIN 4 10 13 14 -5.003 -1.413 2.824
SPIN 4 10 13 15 -0.751 -4.383 -3.902
SPIN 1 10 14 0 1.892 2.733 -4.894
SPIN 1 10 14 1 3.041 -1.845 -4.727
SPIN 1 10 14 2 -1.733 1.940 -5.313
SPIN 1 10 14 3 4.163 4.203 0.064
SPIN 1 10 14 4 -5.630 -1.666 0.725
SPIN 1 10 14 5 -2.009 -0.283 -5.557
SPIN 1 10 14 6 3.327 -3.883 2.975
SPIN 1 10 14 7 -3.252 3.520 -3.469
SPIN 1 10 14 8 0.560 -1.201 -5.766
SPIN 1 10 14 9 1.468 4.926 2.929
SPIN 1 10 14 10 1.773 -1.657 5.396
SPIN 1 10 14 11 5.322 -2.583 -0.039
SPIN 1 10 14 12 2.246 -5.334 -1.226
SPIN 1 10 14 13 -4.640 -1.317 -3.426
SPIN 1 10 14 14 0.810 -5.832 0.573
SPIN 1 10 14 15 1.544 4.402 -3.638
SPIN 4 10 14 0 2.593 -3.888 3.627
SPIN 4 10 14 1 0.829 4.448 -3.811
SPIN 4 10 14 2 -2.475 -5.185 -1.411
SPIN 4 10 14 3 -0.963 5.771 -0.877
SPIN 4 10 14 4 -5.069 -3.048 -0.129
SPIN 4 10 14 5 4.023 -3.620 -2.389
SPIN 4 10 14 6 0.213 -5.723 1.485
SPIN 4 10 14 7 5.142 -1.203 2.667
SPIN 4 10 14 8 -1.775 -2.324 -5.143
SPIN 4 10 14 9 0.772 2.151 -5.457
SPIN 4 10 14 10 4.108 3.568 2.322
SPIN 4 10 14 11 -2.217 -3.648 -4.096
SPIN 4 10 14 12 5.383 0.897 2.284
SPIN 4 10 14 13 -4.252 -0.601 4.070
SPIN 4 10 14 14 5.600 -0.234 1.893
SPIN 4 10 14 15 1.726 -0.988 -5.572
SPIN 1 10 15 0 0.927 -5.305 2.448
SPIN 1 10 15 1 -2.581 -1.172 5.193
SPIN 1 10 15 2 -3.046 -2.312 4.513
SPIN 1 10 15 3 3.870 -3.731 -2.471
SPIN 1 10 15 4 1.342 -3.556 -4.534
SPIN 1 10 15 5 -4.869 1.429 3.042
SPIN 1 10 15 6 3.757 4.136 -1.945
SPIN 1 10 15 7 0.314 -2.849 5.175
SPIN 1 10 15 8 1.644 -4.272 3.748
SPIN 1 10 15 9 3.124 -0.517 -4.997
SPIN 1 10 15 10 -5.346 -1.967 -1.598
SPIN 1 10 15 11 0.302 -0.117 5.907
SPIN 1 10 15 12 -0.895 -2.293 5.380
SPIN 1 10 15 13 -4.499 2.795 -2.636
SPIN 1 10 15 14 -1.924 -2.071 -5.197
SPIN 1 10 15 15 1.317 3.059 4.890
SPIN 4 10 15 0 2.595 4.957 -1.921
SPIN 4 10 15 1 -2.877 -5.144 -0.515
SPIN 4 10 15 2 -4.986 -1.473 2.823
SPIN 4 10 15 3 0.377 -5.351 2.495
SPIN 4 10 15 4 0.498 -0.783 5.843
SPIN 4 10 15 5 -4.338 -1.943 3.522
SPIN 4 10 15 6 5.219 0.541 2.733
SPIN 4 10 15 7 -3.171 -4.917 -0.878
SPIN 4 10 15 8 -2.134 3.554 4.221
SPIN 4 10 15 9 -3.503 -4.341 -1.972
SPIN 4 10 15 10 -4.393 -2.003 -3.419
SPIN 4 10 15 11 -0.217 -0.258 5.906
SPIN 4 10 15 12 5.686 -1.507 -0.627
SPIN 4 10 15 13 -1.377 4.930 2.966
SPIN 4 10 15 14 -3.510 -3.034 3.671
SPIN 4 10 15 15 -2.971 1.845 -4.772
SPIN 3 10 0 0 1.988 -2.992 4.701
SPIN 3 10 0 1 -2.531 1.715 -5.065
SPIN 3 10 0 2 0.671 -3.393 -4.799
SPIN 3 10 0 3 -3.153 4.507 2.179
SPIN 3 10 0 4 -3.546 4.217 2.154
SPIN 3 10 0 5 4.703 -0.658 -3.528
SPIN 3 10 0 6 -3.309 -4.904 0.040
SPIN 3 10 0 7 -4.115 -1.717 3.888
SPIN 3 10 0 8 2.708 4.438 -2.823
SPIN 3 10 0 9 0.691 3.159 -4.954
SPIN 3 10 0 10 -3.332 -0.083 4.888
SPIN 3 10 0 11 0.803 5.398 2.283
SPIN 3 10 0 12 -2.756 -2.601 4.543
SPIN 3 10 0 13 -1.868 5.610 -0.179
SPIN 3 10 0 14 -1.371 -4.312 -3.811
SPIN 3 10 0 15 1.224 5.062 -2.807
SPIN 2 10 0 0 -5.315 -1.204 -2.302
SPIN 2 10 0 1 -0.017 5.849 0.888
SPIN 2 10 0 2 -5.635 -1.796 0.155
SPIN 2 10 0 3 -3.806 4.376 1.169
SPIN 2 10 0 4 0.999 0.369 -5.820
SPIN 2 10 0 5 -5.732 -1.007 -1.066
SPIN 2 10 0 6 -1.216 5.789 0.110
SPIN 2 10 0 7 5.714 -0.903 1.237
SPIN 2 10 0 8 -4.220 2.213 -3.507
SPIN 2 10 0 9 1.108 -4.815 3.254
SPIN 2 10 0 10 5.506 2.053 -0.684
SPIN 2 10 0 11 -0.755 -1.501 5.672
SPIN 2 10 0 12 2.121 5.373 1.276
SPIN 2 10 0 13 4.216 -3.905 -1.405
SPIN 2 10 0 14 2.136 0.013 5.517
SPIN 2 10 0 15 0.709 5.358 2.406
SPIN 3 10 1 0 2.610 -5.087 -1.519
SPIN 3 10 1 1 -0.402 1.725 5.645
SPIN 3 10 1 2 3.473 4.153 -2.386
SPIN 3 10 1 3 5.111 -2.977 0.138
SPIN 3 10 1 4 0.364 2.945 5.118
SPIN 3 10 1 5 -5.767 1.056 0.792
SPIN 3 10 1 6 2.542 -5.289 0.753
SPIN 3 10 1 7 -3.165 4.982 -0.408
SPIN 3 10 1 8 -1.086 5.260 -2.481
SPIN 3 10 1 9 -4.756 -2.852 2.061
SPIN 3 10 1 10 -4.135 4.004 -1.369
SPIN 3 10 1 11 4.536 -3.782 0.344
SPIN 3 10 1 12 -5.163 2.450 1.530
SPIN 3 10 1 13 -4.724 0.720 3.488
SPIN 3 10 1 14 -3.752 2.172 -4.026
SPIN 3 10 1 15 3.763 -0.561 -4.530
SPIN 2 10 1 0 -0.670 4.898 3.250
SPIN 2 10 1 1 -4.539 3.403 -1.678
SPIN 2 10 1 2 -2.173 3.786 3.993
SPIN 2 10 1 3 2.411 -0.250 -5.397
SPIN 2 10 1 4 0.204 -3.355 4.869
SPIN 2 10 1 5 1.573 2.725 -5.010
SPIN 2 10 1 6 3.171 -0.216 4.990
SPIN 2 10 1 7 2.979 0.655 -5.069
SPIN 2 10 1 8 -0.890 -2.548 5.264
SPIN 2 10 1 9 0.413 0.877 -5.836
SPIN 2 10 1 10 -3.621 4.264 1.925
SPIN 2 10 1 11 -4.448 0.799 3.818
SPIN 2 10 1 12 -5.454 -1.490 1.743
SPIN 2 10 1 13 3.120 -2.459 -4.384
SPIN 2 10 1 14 -0.650 -0.264 -5.874
SPIN 2 10 1 15 -0.512 -3.414 4.804
SPIN 3 10 2 0 2.978 -3.289 3.913
SPIN 3 10 2 1 0.232 -5.871 -0.694
SPIN 3 10 2 2 -1.999 -1.828 5.259
SPIN 3 10 2 3 1.793 -2.758 -4.917
SPIN 3 10 2 4 -4.911 -0.211 3.292
SPIN 3 10 2 5 2.249 -2.808 4.697
SPIN 3 10 2 6 4.554 2.200 3.069
SPIN 3 10 2 7 -2.646 5.053 -1.572
SPIN 3 10 2 8 0.760 4.455 3.818
SPIN 3 10 2 9 -0.288 4.004 4.345
SPIN 3 10 2 10 -0.778 -1.119 -5.757
SPIN 3 10 2 11 -1.929 1.124 5.479
SPIN 3 10 2 12 4.641 -3.612 0.641
SPIN 3 10 2 13 5.098 -2.878 -0.853
SPIN 3 10 2 14 -5.368 -1.369 -2.077
SPIN 3 10 2 15 4.019 -3.553 -2.494
SPIN 2 10 2 0 -1.568 -3.376 4.598
SPIN 2 10 2 1 -3.697 2.134 -4.096
SPIN 2 10 2 2 -4.959 2.403 2.154
SPIN 2 10 2 3 2.283 -5.457 -0.072
SPIN 2 10 2 4 -0.050 2.201 5.491
SPIN 2 10 2 5 5.563 -1.324 -1.516
SPIN 2 10 2 6 3.035 4.233 2.805
SPIN 2 10 2 7 -4.420 -3.704 -1.321
SPIN 2 10 2 8 -2.921 4.013 -3.220
SPIN 2 10 2 9 3.678 -1.971 4.194
SPIN 2 10 2 10 -0.926 -5.606 -1.649
SPIN 2 10 2 11 -2.249 -4.946 -2.340
SPIN 2 10 2 12 2.594 -0.773 -5.261
SPIN 2 10 2 13 4.205 4.161 -0.100
SPIN 2 10 2 14 2.339 -5.428 0.254
SPIN 2 10 2 15 2.696 5.215 -0.736
SPIN 3 10 3 0 -5.888 -0.473 0.319
SPIN 3 10 3 1 -0.386 5.382 -2.427
SPIN 3 10 3 2 -4.309 3.509 2.030
SPIN 3 10 3 3 0.378 3.553 4.715
SPIN 3 10 3 4 -1.294 -5.319 2.243
SPIN 3 10 3 5 -0.294 -1.528 -5.708
SPIN 3 10 3 6 -5.196 1.349 2.487
SPIN 3 10 3 7 -5.506 -0.166 2.157
SPIN 3 10 3 8 4.705 2.921 -2.081
SPIN 3 10 3 9 -3.580 -4.710 -0.033
SPIN 3 10 3 10 3.536 -4.122 2.347
SPIN 3 10 3 11 -0.012 5.513 -2.146
SPIN 3 10 3 12 -0.170 1.338 5.760
SPIN 3 10 3 13 -4.918 1.230 -3.050
SPIN 3 10 3 14 -0.488 -2.731 5.225
SPIN 3 10 3 15 3.758 -0.681 -4.518
SPIN 2 10 3 0 -3.875 1.114 4.330
SPIN 2 10 3 1 0.406 -3.499 -4.753
SPIN 2 10 3 2 0.368 0.912 5.834
SPIN 2 10 3 3 -2.660 0.536 -5.257
SPIN 2 10 3 4 -4.597 2.439 2.813
SPIN 2 10 3 5 -4.332 1.504 -3.738
SPIN 2 10 3 6 1.838 -2.340 -5.114
SPIN 2 10 3 7 -4.697 -3.248 1.546
SPIN 2 10 3 8 4.706 -1.031 3.433
SPIN 2 10 3 9 -3.462 -0.789 -4.732
SPIN 2 10 3 10 5.019 -3.037 0.765
SPIN 2 10 3 11 -3.245 4.692 1.567
SPIN 2 10 3 12 5.714 -1.418 -0.580
SPIN 2 10 3 13 -4.546 2.217 3.069
SPIN 2 10 3 14 -1.549 -5.395 -1.871
SPIN 2 10 3 15 4.256 -3.949 1.137
SPIN 3 10 4 0 -3.053 2.959 4.114
SPIN 3 10 4 1 1.023 -5.071 -2.870
SPIN 3 10 4 2 2.885 3.956 -3.320
SPIN 3 10 4 3 -4.454 -2.431 3.042
SPIN 3 10 4 4 -5.550 -1.588 -1.293
SPIN 3 10 4 5 3.810 3.370 3.022
SPIN 3 10 4 6 -2.290 -3.536 -4.154
SPIN 3 10 4 7 5.467 -2.181 0.598
SPIN 3 10 4 8 -4.437 -2.868 -2.662
SPIN 3 10 4 9 2.303 3.881 3.825
SPIN 3 10 4 10 2.516 -3.037 4.410
SPIN 3 10 4 11 -1.841 -2.685 -4.940
SPIN 3 10 4 12 4.775 1.118 -3.310
SPIN 3 10 4 13 -3.896 -4.040 1.872
SPIN 3 10 4 14 2.864 2.961 4.247
SPIN 3 10 4 15 3.278 -0.192 -4.921
SPIN 2 10 4 0 2.764 -1.504 5.010
SPIN 2 10 4 1 -0.778 0.422 5.849
SPIN 2 10 4 2 -4.804 -1.865 2.906
SPIN 2 10 4 3 4.591 -1.430 -3.446
SPIN 2 10 4 4 2.745 4.447 -2.773
SPIN 2 10 4 5 -3.256 -1.045 -4.828
SPIN 2 10 4 6 -1.179 5.422 -2.054
SPIN 2 10 4 7 -2.580 2.872 4.482
SPIN 2 10 4 8 0.247 5.904 0.294
SPIN 2 10 4 9 -3.027 -4.887 -1.398
SPIN 2 10 4 10 1.257 -4.917 -3.040
SPIN 2 10 4 11 -3.921 4.270 -1.180
SPIN 2 10 4 12 5.689 1.387 0.844
SPIN 2 10 4 13 -3.478 -3.201 3.558
SPIN 2 10 4 14 3.548 -0.145 -4.732
SPIN 2 10 4 15 -5.088 -2.942 -0.674
SPIN 3 10 5 0 5.166 -2.780 -0.768
SPIN 3 10 5 1 0.776 2.311 5.390
SPIN 3 10 5 2 -0.180 -1.313 5.766
SPIN 3 10 5 3 -5.782 -0.327 -1.208
SPIN 3 10 5 4 5.009 2.912 1.197
SPIN 3 10 5 5 0.675 -5.415 -2.286
SPIN 3 10 5 6 5.324 -2.362 1.036
SPIN 3 10 5 7 -3.630 -2.140 -4.153
SPIN 3 10 5 8 4.015 3.690 2.294
SPIN 3 10 5 9 -5.661 -1.574 -0.689
SPIN 3 10 5 10 3.609 -3.778 -2.775
SPIN 3 10 5 11 -4.888 -3.321 0.276
SPIN 3 10 5 12 -3.284 2.408 4.292
SPIN 3 10 5 13 -1.053 0.714 5.778
SPIN 3 10 5 14 -1.946 -3.377 -4.451
SPIN 3 10 5 15 -2.406 -2.563 -4.759
SPIN 2 10 5 0 -3.536 4.251 2.104
SPIN 2 10 5 1 -5.058 -2.941 0.876
SPIN 2 10 5 2 0.230 5.398 -2.411
SPIN 2 10 5 3 3.375 -4.799 0.764
SPIN 2 10 5 4 -2.616 -4.568 -2.701
SPIN 2 10 5 5 3.761 0.889 4.479
SPIN 2 10 5 6 4.071 -3.177 -2.887
SPIN 2 10 5 7 -2.026 3.725 4.126
SPIN 2 10 5 8 -3.283 -4.900 0.459
SPIN 2 10 5 9 2.471 -3.992 3.599
SPIN 2 10 5 10 -5.160 -0.003 -2.895
SPIN 2 10 5 11 -1.539 5.143 2.487
SPIN 2 10 5 12 -1.413 5.068 -2.705
SPIN 2 10 5 13 3.266 -4.304 2.411
SPIN 2 10 5 14 -4.486 1.733 3.445
SPIN 2 10 5 15 3.464 3.337 -3.444
SPIN 3 10 6 0 -2.030 -2.083 5.152
SPIN 3 10 6 1 4.006 -2.209 -3.752
SPIN 3 10 6 2 -5.020 -3.114 0.319
SPIN 3 10 6 3 4.502 -3.837 -0.037
SPIN 3 10 6 4 -3.371 -1.452 4.640
SPIN 3 10 6 5 -1.646 -5.427 -1.684
SPIN 3 10 6 6 -4.994 3.001 -1.027
SPIN 3 10 6 7 2.890 -5.067 -0.988
SPIN 3 10 6 8 -1.580 -3.525 -4.481
SPIN 3 10 6 9 -1.728 5.446 -1.533
SPIN 3 10 6 10 5.668 1.652 -0.385
SPIN 3 10 6 11 -4.994 2.483 -1.974
SPIN 3 10 6 12 2.703 -5.222 0.651
SPIN 3 10 6 13 -0.947 2.548 -5.254
SPIN 3 10 6 14 5.424 -1.506 -1.819
SPIN 3 10 6 15 -1.192 5.534 1.720
SPIN 2 10 6 0 -2.948 -1.177 -4.992
SPIN 2 10 6 1 -4.421 3.796 1.023
SPIN 2 10 6 2 3.937 -3.449 2.758
SPIN 2 10 6 3 1.165 5.796 -0.228
SPIN 2 10 6 4 -3.719 0.705 4.547
SPIN 2 10 6 5 4.296 3.570 1.949
SPIN 2 10 6 6 -1.688 5.364 1.838
SPIN 2 10 6 7 -1.895 -4.585 -3.223
SPIN 2 10 6 8 3.554 4.727 -0.160
SPIN 2 10 6 9 1.541 -5.452 -1.703
SPIN 2 10 6 10 0.996 2.761 5.137
SPIN 2 10 6 11 -2.934 -0.620 5.099
SPIN 2 10 6 12 -2.708 5.233 -0.530
SPIN 2 10 6 13 4.315 -3.222 -2.449
SPIN 2 10 6 14 4.580 1.038 3.598
SPIN 2 10 6 15 3.414 4.338 2.127
SPIN 3 10 7 0 1.386 5.466 -1.789
SPIN 3 10 7 1 -5.407 2.335 0.557
SPIN 3 10 7 2 4.425 -3.840 -0.822
SPIN 3 10 7 3 -3.243 -4.314 2.423
SPIN 3 10 7 4 -1.399 5.692 -0.799
SPIN 3 10 7 5 -1.956 -1.449 5.392
SPIN 3 10 7 6 4.969 0.162 -3.207
SPIN 3 10 7 7 3.746 4.577 -0.139
SPIN 3 10 7 8 1.409 5.525 1.578
SPIN 3 10 7 9 1.982 -3.847 -4.034
SPIN 3 10 7 10 -3.799 3.311 -3.099
SPIN 3 10 7 11 3.059 -4.577 2.167
SPIN 3 10 7 12 -1.530 -5.027 -2.719
SPIN 3 10 7 13 -3.390 1.312 -4.668
SPIN 3 10 7 14 2.359 -1.093 -5.314
SPIN 3 10 7 15 2.468 -3.932 -3.668
SPIN 2 10 7 0 4.958 2.242 -2.322
SPIN 2 10 7 1 -3.684 -3.784 2.667
SPIN 2 10 7 2 4.172 3.931 1.464
SPIN 2 10 7 3 5.003 3.134 0.380
SPIN 2 10 7 4 0.830 -1.154 5.743
SPIN 2 10 7 5 0.900 0.960 -5.768
SPIN 2 10 7 6 -4.535 1.443 -3.514
SPIN 2 10 7 7 2.436 2.527 -4.762
SPIN 2 10 7 8 -1.731 0.100 5.656
SPIN 2 10 7 9 4.123 -3.953 -1.542
SPIN 2 10 7 10 2.125 5.194 -1.871
SPIN 2 10 7 11 1.390 -3.325 -4.692
SPIN 2 10 7 12 5.749 0.313 1.360
SPIN 2 10 7 13 -1.676 5.493 1.421
SPIN 2 10 7 14 5.172 -2.144 -1.912
SPIN 2 10 7 15 -2.132 -5.365 -1.292
SPIN 3 10 8 0 -0.080 2.036 -5.554
SPIN 3 10 8 1 -2.875 -4.930 -1.559
SPIN 3 10 8 2 2.693 -5.204 0.815
SPIN 3 10 8 3 -5.313 2.191 -1.402
SPIN 3 10 8 4 2.035 -5.311 -1.627
SPIN 3 10 8 5 -5.257 -0.667 -2.631
SPIN 3 10 8 6 -4.726 -0.314 3.545
SPIN 3 10 8 7 -0.620 0.045 5.883
SPIN 3 10 8 8 -4.036 -3.762 2.135
SPIN 3 10 8 9 4.072 2.804 3.250
SPIN 3 10 8 10 -4.871 2.802 1.849
SPIN 3 10 8 11 -4.938 -1.247 3.010
SPIN 3 10 8 12 -1.850 4.886 -2.777
SPIN 3 10 8 13 -2.631 -5.275 -0.500
SPIN 3 10 8 14 -0.555 -4.464 -3.842
SPIN 3 10 8 15 5.828 1.016 0.023
SPIN 2 10 8 0 3.271 2.407 4.302
SPIN 2 10 8 1 5.831 0.221 -0.973
SPIN 2 10 8 2 3.200 0.305 -4.967
SPIN 2 10 8 3 5.895 -0.076 -0.490
SPIN 2 10 8 4 2.059 4.666 -2.998
SPIN 2 10 8 5 -1.005 -4.112 4.133
SPIN 2 10 8 6 -1.184 1.451 5.612
SPIN 2 10 8 7 3.474 1.790 4.441
SPIN 2 10 8 8 5.124 -0.654 -2.885
SPIN 2 10 8 9 -3.613 2.080 -4.198
SPIN 2 10 8 10 0.755 -5.844 0.525
SPIN 2 10 8 11 0.926 4.975 3.064
SPIN 2 10 8 12 1.433 -4.283 3.821
SPIN 2 10 8 13 4.242 -1.456 3.859
SPIN 2 10 8 14 4.399 0.555 -3.917
SPIN 2 10 8 15 -2.809 -4.273 -2.976
SPIN 3 10 9 0 -5.660 0.277 -1.699
SPIN 3 10 9 1 1.505 0.580 -5.692
SPIN 3 10 9 2 -4.644 0.692 3.599
SPIN 3 10 9 3 -0.954 5.339 2.364
SPIN 3 10 9 4 -2.500 -5.351 -0.336
SPIN 3 10 9 5 -5.520 0.498 -2.068
SPIN 3 10 9 6 -2.483 4.911 -2.172
SPIN 3 10 9 7 3.001 -4.107 -3.022
SPIN 3 10 9 8 -0.791 -1.226 5.733
SPIN 3 10 9 9 3.398 -1.415 -4.632
SPIN 3 10 9 10 3.052 1.840 -4.723
SPIN 3 10 9 11 -1.282 -5.148 2.619
SPIN 3 10 9 12 -1.688 -4.108 -3.908
SPIN 3 10 9 13 -4.817 3.110 -1.457
SPIN 3 10 9 14 -0.143 5.036 3.102
SPIN 3 10 9 15 2.723 -4.359 2.930
SPIN 2 10 9 0 -3.525 1.447 -4.526
SPIN 2 10 9 1 5.074 2.704 1.393
SPIN 2 10 9 2 -4.243 1.793 -3.713
SPIN 2 10 9 3 -1.810 -3.790 4.167
SPIN 2 10 9 4 -3.331 3.776 -3.106
SPIN 2 10 9 5 0.744 4.056 -4.242
SPIN 2 10 9 6 4.204 0.157 4.160
SPIN 2 10 9 7 -5.488 -1.270 -1.807
SPIN 2 10 9 8 -5.891 0.519 -0.145
SPIN 2 10 9 9 2.397 4.238 3.361
SPIN 2 10 9 10 0.683 -4.840 3.332
SPIN 2 10 9 11 1.426 5.661 -0.957
SPIN 2 10 9 12 2.550 1.853 -5.006
SPIN 2 10 9 13 -2.048 2.486 -4.963
SPIN 2 10 9 14 4.004 -4.352 -0.161
SPIN 2 10 9 15 5.474 1.052 1.983
SPIN 3 10 10 0 -1.134 4.979 2.987
SPIN 3 10 10 1 -1.142 -5.765 0.680
SPIN 3 10 10 2 -3.138 4.720 1.696
SPIN 3 10 10 3 -2.118 -1.244 5.382
SPIN 3 10 10 4 5.649 0.147 -1.750
SPIN 3 10 10 5 4.265 4.080 0.409
SPIN 3 10 10 6 -0.472 -4.650 3.626
SPIN 3 10 10 7 1.551 4.234 3.830
SPIN 3 10 10 8 -3.865 -2.517 -3.704
SPIN 3 10 10 9 -0.683 1.129 5.767
SPIN 3 10 10 10 5.525 0.034 2.115
SPIN 3 10 10 11 -0.901 1.698 5.595
SPIN 3 10 10 12 -4.254 -0.482 -4.083
SPIN 3 10 10 13 -1.456 3.700 4.381
SPIN 3 10 10 14 3.364 4.187 2.481
SPIN 3 10 10 15 0.498 -4.440 -3.878
SPIN 2 10 10 0 -0.837 5.333 2.420
SPIN 2 10 10 1 -1.352 -5.339 -2.161
SPIN 2 10 10 2 -5.519 0.148 2.125
SPIN 2 10 10 3 3.487 -0.842 4.704
SPIN 2 10 10 4 -3.238 3.755 3.227
SPIN 2 10 10 5 -0.481 -5.785 1.141
SPIN 2 10 10 6 -2.835 4.805 1.968
SPIN 2 10 10 7 -3.254 -4.391 2.264
SPIN 2 10 10 8 4.997 -2.428 -2.033
SPIN 2 10 10 9 -3.597 1.411 4.480
SPIN 2 10 10 10 -1.584 -4.152 -3.905
SPIN 2 10 10 11 -3.972 1.031 4.261
SPIN 2 10 10 12 -4.458 -2.943 -2.542
SPIN 2 10 10 13 -2.312 -1.526 5.227
SPIN 2 10 10 14 -3.463 4.786 0.318
SPIN 2 10 10 15 -3.313 -3.420 3.511
SPIN 3 10 11 0 2.728 -5.038 1.475
SPIN 3 10 11 1 -5.708 1.432 -0.602
SPIN 3 10 11 2 -0.556 -0.109 -5.889
SPIN 3 10 11 3 -2.631 -4.805 2.235
SPIN 3 10 11 4 2.226 4.651 2.900
SPIN 3 10 11 5 -5.058 -2.998 -0.659
SPIN 3 10 11 6 1.699 -5.663 -0.208
SPIN 3 10 11 7 4.014 -2.333 -3.667
SPIN 3 10 11 8 0.608 3.924 4.386
SPIN 3 10 11 9 -4.266 -0.575 4.058
SPIN 3 10 11 10 3.545 2.516 -4.013
SPIN 3 10 11 11 -3.066 1.082 -4.943
SPIN 3 10 11 12 5.667 -1.688 0.195
SPIN 3 10 11 13 -2.825 -2.940 -4.287
SPIN 3 10 11 14 5.210 2.762 -0.475
SPIN 3 10 11 15 0.924 3.328 -4.803
SPIN 2 10 11 0 -5.475 0.410 -2.204
SPIN 2 10 11 1 5.341 0.205 2.535
SPIN 2 10 11 2 4.914 2.389 -2.269
SPIN 2 10 11 3 0.507 3.957 4.369
SPIN 2 10 11 4 -1.644 -5.523 -1.339
SPIN 2 10 11 5 -4.859 -1.975 2.737
SPIN 2 10 11 6 -0.036 5.865 0.772
SPIN 2 10 11 7 -2.454 4.817 2.403
SPIN 2 10 11 8 -5.658 1.634 0.565
SPIN 2 10 11 9 2.810 4.839 1.919
SPIN 2 10 11 10 -2.795 -4.725 2.206
SPIN 2 10 11 11 3.279 -3.773 3.165
SPIN 2 10 11 12 -5.481 -2.089 0.771
SPIN 2 10 11 13 0.635 1.743 -5.618
SPIN 2 10 11 14 3.675 -3.985 2.369
SPIN 2 10 11 15 1.723 1.401 5.483
SPIN 3 10 12 0 -4.221 -1.029 -4.015
SPIN 3 10 12 1 -5.868 -0.745 0.090
SPIN 3 10 12 2 -2.492 1.434 5.170
SPIN 3 10 12 3 0.546 -1.935 5.564
SPIN 3 10 12 4 2.471 3.016 -4.449
SPIN 3 10 12 5 -0.460 5.883 -0.420
SPIN 3 10 12 6 2.782 1.157 -5.091
SPIN 3 10 12 7 -5.768 0.658 1.139
SPIN 3 10 12 8 4.286 3.352 -2.322
SPIN 3 10 12 9 0.130 -5.632 1.806
SPIN 3 10 12 10 3.885 1.938 4.019
SPIN 3 10 12 11 5.500 0.755 -2.044
SPIN 3 10 12 12 -5.650 -1.749 0.144
SPIN 3 10 12 13 -2.498 5.310 0.751
SPIN 3 10 12 14 0.781 -5.845 0.478
SPIN 3 10 12 15 -4.598 3.274 1.771
SPIN 2 10 12 0 3.264 -0.544 4.904
SPIN 2 10 12 1 -2.408 4.566 2.891
SPIN 2 10 12 2 -0.352 5.828 -0.955
SPIN 2 10 12 3 3.384 3.121 -3.717
SPIN 2 10 12 4 -5.581 1.341 1.434
SPIN 2 10 12 5 -2.097 -2.397 4.986
SPIN 2 10 12 6 -5.613 1.785 0.551
SPIN 2 10 12 7 -1.385 3.377 4.656
SPIN 2 10 12 8 -2.889 3.210 -4.043
SPIN 2 10 12 9 3.936 -1.500 -4.154
SPIN 2 10 12 10 4.798 -0.004 -3.461
SPIN 2 10 12 11 -4.148 4.007 -1.319
SPIN 2 10 12 12 5.512 -0.410 2.109
SPIN 2 10 12 13 5.746 -0.868 1.111
SPIN 2 10 12 14 -5.645 -1.330 -1.170
SPIN 2 10 12 15 -0.646 -4.858 -3.314
SPIN 3 10 13 0 2.706 2.800 -4.454
SPIN 3 10 13 1 1.851 -5.119 2.316
SPIN 3 10 13 2 -5.833 0.402 0.903
SPIN 3 10 13 3 1.233 -2.244 -5.333
SPIN 3 10 13 4 -2.607 -4.522 -2.785
SPIN 3 10 13 5 2.934 2.032 -4.718
SPIN 3 10 13 6 -0.665 4.936 -3.192
SPIN 3 10 13 7 4.222 4.051 -0.873
SPIN 3 10 13 8 0.033 5.039 -3.099
SPIN 3 10 13 9 -0.312 -2.998 5.091
SPIN 3 10 13 10 -1.056 5.676 -1.292
SPIN 3 10 13 11 2.108 3.353 -4.394
SPIN 3 10 13 12 5.497 -0.385 -2.154
SPIN 3 10 13 13 2.641 -0.503 5.270
SPIN 3 10 13 14 1.070 5.261 2.485
SPIN 3 10 13 15 -0.425 -5.756 -1.301
SPIN 2 10 13 0 3.520 3.552 -3.162
SPIN 2 10 13 1 -0.530 5.397 2.364
SPIN 2 10 13 2 -2.635 -3.844 -3.644
SPIN 2 10 13 3 2.362 -5.424 -0.039
SPIN 2 10 13 4 -1.190 -2.710 5.123
SPIN 2 10 13 5 -5.241 0.065 -2.744
SPIN 2 10 13 6 4.405 -3.267 2.219
SPIN 2 10 13 7 1.504 2.268 -5.253
SPIN 2 10 13 8 2.256 -2.790 4.704
SPIN 2 10 13 9 0.586 -4.505 3.790
SPIN 2 10 13 10 -2.860 1.952 -4.797
SPIN 2 10 13 11 2.618 -5.066 1.576
SPIN 2 10 13 12 -3.777 1.167 4.401
SPIN 2 10 13 13 -1.953 -2.750 4.860
SPIN 2 10 13 14 1.857 -2.769 -4.887
SPIN 2 10 13 15 -3.566 -3.289 3.385
SPIN 3 10 14 0 5.264 -0.258 2.687
SPIN 3 10 14 1 3.726 -4.200 1.864
SPIN 3 10 14 2 4.302 4.041 0.399
SPIN 3 10 14 3 -1.322 -4.476 3.635
SPIN 3 10 14 4 5.021 -1.007 -2.963
SPIN 3 10 14 5 3.784 3.672 -2.684
SPIN 3 10 14 6 3.014 -4.031 3.109
SPIN 3 10 14 7 5.146 0.296 2.904
SPIN 3 10 14 8 -0.859 5.807 0.735
SPIN 3 10 14 9 5.653 -1.536 0.827
SPIN 3 10 14 10 3.933 -4.296 -1.037
SPIN 3 10 14 11 -4.574 3.600 -1.057
SPIN 3 10 14 12 5.172 -0.628 2.802
SPIN 3 10 14 13 -0.249 5.448 -2.294
SPIN 3 10 14 14 -0.313 -5.467 -2.239
SPIN 3 10 14 15 -5.309 2.600 -0.239
SPIN 2 10 14 0 -1.996 -4.308 3.530
SPIN 2 10 14 1 -1.879 5.478 -1.211
SPIN 2 10 14 2 -1.494 -5.127 2.546
SPIN 2 10 14 3 4.112 0.653 -4.203
SPIN 2 10 14 4 4.385 1.673 -3.602
SPIN 2 10 14 5 3.114 5.027 -0.174
SPIN 2 10 14 6 -4.944 -3.248 0.099
SPIN 2 10 14 7 -0.244 5.694 1.588
SPIN 2 10 14 8 -1.479 -3.750 4.330
SPIN 2 10 14 9 -0.185 0.417 5.898
SPIN 2 10 14 10 -5.342 -2.164 -1.333
SPIN 2 10 14 11 2.573 5.286 -0.656
SPIN 2 10 14 12 -5.413 -0.438 2.347
SPIN 2 10 14 13 5.721 -1.317 0.735
SPIN 2 10 14 14 -0.766 -5.445 2.183
SPIN 2 10 14 15 0.771 1.105 5.761
SPIN 3 10 15 0 -3.549 2.367 4.100
SPIN 3 10 15 1 2.375 3.778 -3.885
SPIN 3 10 15 2 3.290 4.576 -1.798
SPIN 3 10 15 3 -3.213 -3.150 -3.841
SPIN 3 10 15 4 -2.520 5.059 -1.748
SPIN 3 10 15 5 -5.471 -0.066 -2.250
SPIN 3 10 15 6 -3.070 -1.379 -4.866
SPIN 3 10 15 7 -0.855 4.851 -3.276
SPIN 3 10 15 8 0.323 -2.020 5.551
SPIN 3 10 15 9 2.185 -3.271 4.419
SPIN 3 10 15 10 4.299 2.883 -2.865
SPIN 3 10 15 11 0.157 -5.804 1.135
SPIN 3 10 15 12 2.567 1.792 -5.020
SPIN 3 10 15 13 0.554 5.789 1.087
SPIN 3 10 15 14 -3.544 4.661 -0.850
SPIN 3 10 15 15 2.389 -3.438 -4.180
SPIN 2 10 15 0 4.879 -0.034 -3.346
SPIN 2 10 15 1 -3.877 0.377 4.452
SPIN 2 10 15 2 3.065 1.354 -4.876
SPIN 2 10 15 3 2.476 -2.975 4.474
SPIN 2 10 15 4 -2.973 3.072 4.089
SPIN 2 10 15 5 -0.745 0.576 5.841
SPIN 2 10 15 6 -2.850 -4.850 1.832
SPIN 2 10 15 7 3.656 -2.541 -3.896
SPIN 2 10 15 8 -5.246 2.605 -0.833
SPIN 2 10 15 9 -1.885 2.160 -5.175
SPIN 2 10 15 10 -1.850 -5.497 1.167
SPIN 2 10 15 11 -3.813 0.850 -4.443
SPIN 2 10 15 12 3.858 4.436 -0.663
SPIN 2 10 15 13 2.286 -5.159 -1.778
SPIN 2 10 15 14 -3.563 -0.461 -4.700
SPIN 2 10 15 15 1.742 5.112 2.416
SPIN 1 11 0 0 0.792 -5.772 1.030
SPIN 1 11 0 1 -5.731 1.229 -0.806
SPIN 1 11 0 2 5.104 1.280 -2.704
SPIN 1 11 0 3 -4.719 1.696 -3.139
SPIN 1 11 0 4 4.318 -4.017 -0.464
SPIN 1 11 0 5 -3.861 3.315 -3.017
SPIN 1 11 0 6 -0.760 -4.815 3.353
SPIN 1 11 0 7 -2.791 2.571 -4.539
SPIN 1 11 0 8 -2.789 0.544 -5.189
SPIN 1 11 0 9 -1.943 -3.847 -4.053
SPIN 1 11 0 10 1.493 -0.449 -5.707
SPIN 1 11 0 11 -5.094 3.008 0.069
SPIN 1 11 0 12 2.059 -2.260 -5.065
SPIN 1 11 0 13 2.347 -5.159 1.695
SPIN 1 11 0 14 -5.842 0.563 -0.742
SPIN 1 11 0 15 4.204 2.345 3.438
SPIN 4 11 0 0 2.296 4.124 -3.567
SPIN 4 11 0 1 -2.740 -5.189 0.754
SPIN 4 11 0 2 1.101 5.739 0.924
SPIN 4 11 0 3 3.215 -4.345 -2.406
SPIN 4 11 0 4 -2.191 -3.726 4.040
SPIN 4 11 0 5 -4.365 -1.191 -3.812
SPIN 4 11 0 6 5.438 -0.081 2.329
SPIN 4 11 0 7 -5.025 -1.896 2.482
SPIN 4 11 0 8 -5.018 3.071 -0.620
SPIN 4 11 0 9 -3.041 -4.910 -1.283
SPIN 4 11 0 10 -5.322 -1.944 -1.702
SPIN 4 11 0 11 2.729 4.045 3.346
SPIN 4 11 0 12 4.588 3.729 0.212
SPIN 4 11 0 13 -4.482 -3.488 1.656
SPIN 4 11 0 14 -0.688 4.344 -3.957
SPIN 4 11 0 15 3.836 -4.498 0.229
SPIN 1 11 1 0 4.933 0.562 -3.218
SPIN 1 11 1 1 -0.804 -4.569 -3.671
SPIN 1 11 1 2 2.031 0.315 5.548
SPIN 1 11 1 3 3.260 3.730 3.234
SPIN 1 11 1 4 -5.769 -1.160 -0.609
SPIN 1 11 1 5 2.320 0.631 5.405
SPIN 1 11 1 6 5.753 -0.355 -1.331
SPIN 1 11 1 7 0.357 -2.645 -5.280
SPIN 1 11 1 8 5.716 0.196 -1.514
SPIN 1 11 1 9 -3.959 3.579 2.552
SPIN 1 11 1 10 2.127 -4.826 2.680
SPIN 1 11 1 11 2.586 5.049 1.680
SPIN 1 11 1 12 -1.079 -3.586 4.580
SPIN 1 11 1 13 -0.079 5.745 1.411
SPIN 1 11 1 14 4.839 -2.381 2.431
SPIN 1 11 1 15 0.211 5.731 -1.451
SPIN 4 11 1 0 1.341 -4.944 2.960
SPIN 4 11 1 1 0.626 3.392 -4.807
SPIN 4 11 1 2 1.182 -5.767 -0.589
SPIN 4 11 1 3 -5.281 -2.599 -0.595
SPIN 4 11 1 4 -4.875 1.424 -3.035
SPIN 4 11 1 5 5.385 -2.236 -1.001
SPIN 4 11 1 6 -4.900 1.268 3.063
SPIN 4 11 1 7 -3.453 4.609 -1.357
SPIN 4 11 1 8 1.967 -5.192 -2.042
SPIN 4 11 1 9 2.129 -4.410 -3.320
SPIN 4 11 1 10 4.845 2.442 2.358
SPIN 4 11 1 11 2.800 0.211 -5.207
SPIN 4 11 1 12 -1.674 -2.922 4.864
SPIN 4 11 1 13 -1.639 5.614 -0.889
SPIN 4 11 1 14 3.485 -3.679 -3.053
SPIN 4 11 1 15 -4.728 -3.029 -1.862
SPIN 1 11 2 0 -5.123 -2.191 -1.987
SPIN 1 11 2 1 -3.105 4.474 -2.311
SPIN 1 11 2 2 2.864 -0.695 -5.130
SPIN 1 11 2 3 -2.568 4.465 -2.911
SPIN 1 11 2 4 -5.458 2.263 -0.309
SPIN 1 11 2 5 4.626 3.483 -1.214
SPIN 1 11 2 6 -1.120 5.806 0.182
SPIN 1 11 2 7 2.130 -5.356 1.335
SPIN 1 11 2 8 2.004 -5.246 1.862
SPIN 1 11 2 9 -2.347 -3.472 -4.176
SPIN 1 11 2 10 -3.542 -2.974 3.689
SPIN 1 11 2 11 1.845 0.994 5.532
SPIN 1 11 2 12 -1.408 4.824 -3.121
SPIN 1 11 2 13 4.615 -2.608 2.626
SPIN 1 11 2 14 -2.706 4.972 -1.718
SPIN 1 11 2 15 -1.870 -4.553 3.282
SPIN 4 11 2 0 -1.734 -4.396 3.559
SPIN 4 11 2 1 -1.115 -1.150 5.695
SPIN 4 11 2 2 5.406 1.404 -1.951
SPIN 4 11 2 3 1.911 5.573 -0.533
SPIN 4 11 2 4 5.402 -2.228 0.921
SPIN 4 11 2 5 -4.754 1.968 2.919
SPIN 4 11 2 6 -4.391 -3.801 1.127
SPIN 4 11 2 7 3.304 -4.750 -1.233
SPIN 4 11 2 8 -1.469 3.623 -4.440
SPIN 4 11 2 9 -1.727 -3.612 4.356
SPIN 4 11 2 10 0.267 5.683 1.624
SPIN 4 11 2 11 -5.540 1.575 1.352
SPIN 4 11 2 12 2.886 -0.512 -5.139
SPIN 4 11 2 13 2.006 -5.231 1.901
SPIN 4 11 2 14 -2.561 -3.946 3.587
SPIN 4 11 2 15 -0.803 3.776 -4.483
SPIN 1 11 3 0 -5.649 -1.567 0.794
SPIN 1 11 3 1 -0.178 -1.022 5.824
SPIN 1 11 3 2 0.907 3.149 -4.926
SPIN 1 11 3 3 0.171 -1.580 5.699
SPIN 1 11 3 4 -4.931 -1.226 -3.030
SPIN 1 11 3 5 -5.448 1.392 -1.838
SPIN 1 11 3 6 -2.526 0.487 5.328
SPIN 1 11 3 7 4.077 0.202 -4.282
SPIN 1 11 3 8 -5.363 2.372 0.780
SPIN 1 11 3 9 4.762 3.395 -0.890
SPIN 1 11 3 10 4.902 1.015 3.153
SPIN 1 11 3 11 -1.192 -2.288 -5.324
SPIN 1 11 3 12 0.276 -3.580 -4.702
SPIN 1 11 3 13 -2.370 -4.879 -2.363
SPIN 1 11 3 14 -2.807 -2.846 4.361
SPIN 1 11 3 15 5.637 -0.171 1.787
SPIN 4 11 3 0 2.200 0.787 -5.435
SPIN 4 11 3 1 -5.222 1.292 2.463
SPIN 4 11 3 2 0.293 3.388 4.841
SPIN 4 11 3 3 2.222 -3.825 -3.928
SPIN 4 11 3 4 -4.200 -3.871 -1.539
SPIN 4 11 3 5 4.402 -1.548 3.637
SPIN 4 11 3 6 -1.611 3.043 4.811
SPIN 4 11 3 7 4.616 1.245 -3.485
SPIN 4 11 3 8 0.893 -1.677 5.603
SPIN 4 11 3 9 1.872 5.280 -1.902
SPIN 4 11 3 10 -0.004 0.213 -5.912
SPIN 4 11 3 11 2.013 -2.891 4.753
SPIN 4 11 3 12 5.471 -1.671 -1.508
SPIN 4 11 3 13 4.580 3.419 1.527
SPIN 4 11 3 14 -3.403 -2.238 -4.291
SPIN 4 11 3 15 -4.795 3.256 -1.188
SPIN 1 11 4 0 -0.844 2.149 -5.447
SPIN 1 11 4 1 5.845 -0.797 0.445
SPIN 1 11 4 2 2.501 3.488 4.072
SPIN 1 11 4 3 -0.495 -5.119 -2.924
SPIN 1 11 4 4 -1.816 -5.328 1.821
SPIN 1 11 4 5 2.704 5.181 -0.919
SPIN 1 11 4 6 -4.965 2.344 -2.204
SPIN 1 11 4 7 1.482 -5.608 1.165
SPIN 1 11 4 8 5.472 0.352 2.220
SPIN 1 11 4 9 1.997 2.805 4.811
SPIN 1 11 4 10 -1.449 3.896 4.210
SPIN 1 11 4 11 5.136 1.064 2.737
SPIN 1 11 4 12 -1.820 4.398 3.513
SPIN 1 11 4 13 1.304 -2.947 -4.962
SPIN 1 11 4 14 -2.529 4.165 -3.356
SPIN 1 11 4 15 -5.584 1.952 0.046
SPIN 4 11 4 0 -3.470 -3.719 -3.021
SPIN 4 11 4 1 3.660 3.077 3.484
SPIN 4 11 4 2 -4.537 1.664 3.413
SPIN 4 11 4 3 -3.394 0.871 -4.766
SPIN 4 11 4 4 5.862 0.517 0.605
SPIN 4 11 4 5 -5.054 -1.093 -2.875
SPIN 4 11 4 6 0.965 -5.146 2.755
SPIN 4 11 4 7 1.961 4.123 3.763
SPIN 4 11 4 8 -0.480 -5.484 -2.166
SPIN 4 11 4 9 1.933 2.046 5.203
SPIN 4 11 4 10 0.663 4.167 -4.147
SPIN 4 11 4 11 -1.958 1.358 -5.415
SPIN 4 11 4 12 5.885 0.564 0.224
SPIN 4 11 4 13 -0.959 -5.534 -1.858
SPIN 4 11 4 14 2.105 4.562 3.123
SPIN 4 11 4 15 4.416 -0.216 -3.931
SPIN 1 11 5 0 5.543 0.173 2.059
SPIN 1 11 5 1 -4.321 -3.974 0.734
SPIN 1 11 5 2 0.898 -3.199 -4.895
SPIN 1 11 5 3 1.521 3.454 4.556
SPIN 1 11 5 4 -3.161 -2.650 4.241
SPIN 1 11 5 5 2.178 2.945 -4.646
SPIN 1 11 5 6 -5.791 -0.874 0.835
SPIN 1 11 5 7 3.203 4.892 0.901
SPIN 1 11 5 8 -2.067 -3.534 -4.271
SPIN 1 11 5 9 4.255 3.598 -1.987
SPIN 1 11 5 10 -2.858 -0.564 -5.149
SPIN 1 11 5 11 4.315 -1.274 -3.842
SPIN 1 11 5 12 5.394 -0.184 2.423
SPIN 1 11 5 13 -5.600 0.100 1.905
SPIN 1 11 5 14 3.097 -4.989 -0.723
SPIN 1 11 5 15 5.275 0.411 2.646
SPIN 4 11 5 0 5.184 -0.593 -2.789
SPIN 4 11 5 1 -0.411 -0.811 -5.846
SPIN 4 11 5 2 5.087 0.472 -2.983
SPIN 4 11 5 3 -1.230 5.650 -1.249
SPIN 4 11 5 4 -4.027 1.119 4.187
SPIN 4 11 5 5 0.967 -0.801 -5.781
SPIN 4 11 5 6 0.383 5.541 2.038
SPIN 4 11 5 7 2.153 -3.150 -4.521
SPIN 4 11 5 8 0.512 5.878 -0.431
SPIN 4 11 5 9 1.303 -5.385 2.075
SPIN 4 11 5 10 1.697 -1.963 5.316
SPIN 4 11 5 11 -1.030 1.339 5.670
SPIN 4 11 5 12 3.431 -3.904 -2.825
SPIN 4 11 5 13 0.809 1.061 5.764
SPIN 4 11 5 14 3.303 -4.111 -2.681
SPIN 4 11 5 15 -3.595 4.677 0.453
SPIN 1 11 6 0 4.295 -2.601 -3.128
SPIN 1 11 6 1 0.324 4.654 -3.638
SPIN 1 11 6 2 -4.893 -2.525 2.164
SPIN 1 11 6 3 5.594 -1.097 1.581
SPIN 1 11 6 4 3.028 3.663 -3.523
SPIN 1 11 6 5 -0.224 -4.455 3.887
SPIN 1 11 6 6 -0.149 -2.315 5.442
SPIN 1 11 6 7 0.454 -5.899 -0.013
SPIN 1 11 6 8 2.744 -3.283 4.086
SPIN 1 11 6 9 -1.229 -1.491 -5.592
SPIN 1 11 6 10 2.939 2.234 4.623
SPIN 1 11 6 11 -4.466 0.808 -3.795
SPIN 1 11 6 12 -4.309 -3.290 2.368
SPIN 1 11 6 13 -4.420 1.240 -3.732
SPIN 1 11 6 14 5.910 0.122 0.243
SPIN 1 11 6 15 -5.431 0.688 2.243
SPIN 4 11 6 0 1.661 -5.283 2.082
SPIN 4 11 6 1 2.633 3.213 -4.213
SPIN 4 11 6 2 -0.835 -2.586 -5.255
SPIN 4 11 6 3 0.011 -0.738 5.870
SPIN 4 11 6 4 -3.378 -3.171 -3.678
SPIN 4 11 6 5 -1.627 3.180 4.716
SPIN 4 11 6 6 4.116 1.212 -4.073
SPIN 4 11 6 7 -3.299 4.870 0.634
SPIN 4 11 6 8 5.765 0.975 0.901
SPIN 4 11 6 9 -4.088 4.230 -0.633
SPIN 4 11 6 10 1.105 -4.802 -3.274
SPIN 4 11 6 11 2.431 4.044 -3.569
SPIN 4 11 6 12 4.380 2.303 3.242
SPIN 4 11 6 13 -5.515 2.139 0.061
SPIN 4 11 6 14 -2.796 4.721 -2.212
SPIN 4 11 6 15 5.289 -2.248 -1.406
SPIN 1 11 7 0 2.736 0.465 5.225
SPIN 1 11 7 1 4.705 -3.099 -1.804
SPIN 1 11 7 2 -0.131 2.942 5.131
SPIN 1 11 7 3 -2.359 1.450 -5.228
SPIN 1 11 7 4 -5.117 -1.837 -2.332
SPIN 1 11 7 5 5.267 0.198 -2.686
SPIN 1 11 7 6 -0.405 2.209 -5.473
SPIN 1 11 7 7 -1.047 -3.071 4.947
SPIN 1 11 7 8 5.287 1.643 -2.086
SPIN 1 11 7 9 0.254 -4.805 3.443
SPIN 1 11 7 10 -0.162 -5.445 -2.307
SPIN 1 11 7 11 -2.780 4.423 2.776
SPIN 1 11 7 12 -5.402 -2.259 -0.848
SPIN 1 11 7 13 0.884 1.178 5.730
SPIN 1 11 7 14 -3.573 -3.888 2.668
SPIN 1 11 7 15 2.001 -2.132 5.143
SPIN 4 11 7 0 -2.015 -5.417 -1.262
SPIN 4 11 7 1 -0.893 2.377 -5.343
SPIN 4 11 7 2 -3.820 1.735 4.171
SPIN 4 11 7 3 -1.515 -0.676 -5.679
SPIN 4 11 7 4 -2.767 -1.723 4.937
SPIN 4 11 7 5 4.353 -1.094 -3.854
SPIN 4 11 7 6 -2.263 -0.790 5.409
SPIN 4 11 7 7 3.394 4.820 0.495
SPIN 4 11 7 8 1.784 5.065 -2.482
SPIN 4 11 7 9 -2.993 -0.636 5.063
SPIN 4 11 7 10 -0.581 4.538 -3.751
SPIN 4 11 7 11 -3.639 -4.538 1.079
SPIN 4 11 7 12 -0.694 5.787 1.016
SPIN 4 11 7 13 2.549 -5.002 1.865
SPIN 4 11 7 14 1.683 -4.405 -3.573
SPIN 4 11 7 15 -3.338 -1.360 4.691
SPIN 1 11 8 0 -4.738 -0.647 -3.483
SPIN 1 11 8 1 -3.210 4.365 2.375
SPIN 1 11 8 2 -3.737 2.534 -3.823
SPIN 1 11 8 3 1.107 0.263 5.806
SPIN 1 11 8 4 -4.826 -3.161 -1.309
SPIN 1 11 8 5 -0.244 2.270 -5.458
SPIN 1 11 8 6 1.570 3.719 4.325
SPIN 1 11 8 7 -3.369 -4.859 0.208
SPIN 1 11 8 8 5.470 -1.624 -1.564
SPIN 1 11 8 9 -1.103 4.582 -3.576
SPIN 1 11 8 10 5.419 -1.284 -1.996
SPIN 1 11 8 11 -2.619 -3.439 -4.039
SPIN 1 11 8 12 1.338 5.711 0.768
SPIN 1 11 8 13 3.424 -0.586 -4.789
SPIN 1 11 8 14 4.386 3.690 1.468
SPIN 1 11 8 15 -1.574 4.008 4.057
SPIN 4 11 8 0 0.828 5.798 0.832
SPIN 4 11 8 1 4.012 -2.953 -3.191
SPIN 4 11 8 2 -1.482 -1.241 -5.591
SPIN 4 11 8 3 1.932 3.398 -4.441
SPIN 4 11 8 4 0.919 -5.563 1.792
SPIN 4 11 8 5 3.326 -1.773 4.560
SPIN 4 11 8 6 -2.356 3.353 -4.267
SPIN 4 11 8 7 -5.227 -1.274 2.460
SPIN 4 11 8 8 2.630 -3.911 3.577
SPIN 4 11 8 9 -2.777 -0.488 5.201
SPIN 4 11 8 10 0.286 -0.761 5.860
SPIN 4 11 8 11 0.986 5.224 2.596
SPIN 4 11 8 12 1.421 -0.899 -5.672
SPIN 4 11 8 13 -5.109 -2.982 -0.061
SPIN 4 11 8 14 1.463 0.782 5.679
SPIN 4 11 8 15 -3.243 -2.295 -4.384
SPIN 1 11 9 0 -4.403 3.198 2.321
SPIN 1 11 9 1 0.331 -1.396 -5.739
SPIN 1 11 9 2 -4.255 -2.351 3.372
SPIN 1 11 9 3 -2.834 4.648 2.317
SPIN 1 11 9 4 4.708 -2.966 2.009
SPIN 1 11 9 5 -0.016 4.030 4.332
SPIN 1 11 9 6 0.977 0.329 -5.825
SPIN 1 11 9 7 0.187 -4.653 3.649
SPIN 1 11 9 8 3.374 2.840 3.943
SPIN 1 11 9 9 -1.727 -1.819 5.358
SPIN 1 11 9 10 5.689 -0.936 -1.326
SPIN 1 11 9 11 2.531 5.297 0.733
SPIN 1 11 9 12 -5.702 -0.044 -1.575
SPIN 1 11 9 13 -3.832 3.570 2.751
SPIN 1 11 9 14 1.995 -5.354 -1.535
SPIN 1 11 9 15 0.160 3.939 -4.411
SPIN 4 11 9 0 4.952 -3.218 -0.345
SPIN 4 11 9 1 -0.208 5.773 1.278
SPIN 4 11 9 2 -2.130 4.975 2.389
SPIN 4 11 9 3 5.347 2.502 -0.391
SPIN 4 11 9 4 -5.752 -0.197 -1.368
SPIN 4 11 9 5 4.358 3.269 2.307
SPIN 4 11 9 6 -3.925 4.385 0.603
SPIN 4 11 9 7 -5.752 -0.756 1.160
SPIN 4 11 9 8 0.538 4.039 -4.289
SPIN 4 11 9 9 -0.645 -5.671 -1.555
SPIN 4 11 9 10 0.583 -4.289 -4.033
SPIN 4 11 9 11 2.426 4.807 2.451
SPIN 4 11 9 12 -4.886 2.959 -1.541
SPIN 4 11 9 13 0.623 4.810 -3.387
SPIN 4 11 9 14 5.894 -0.355 0.369
SPIN 4 11 9 15 4.819 3.080 -1.513
SPIN 1 11 10 0 4.171 -3.446 2.392
SPIN 1 11 10 1 4.670 0.731 -3.558
SPIN 1 11 10 2 4.588 -2.883 2.374
SPIN 1 11 10 3 -3.523 -1.895 -4.358
SPIN 1 11 10 4 -3.550 4.497 -1.475
SPIN 1 11 10 5 1.272 -5.457 1.897
SPIN 1 11 10 6 -2.677 2.033 4.868
SPIN 1 11 10 7 2.454 4.634 -2.740
SPIN 1 11 10 8 3.909 -3.760 -2.361
SPIN 1 11 10 9 1.720 -5.137 2.378
SPIN 1 11 10 10 -3.204 0.253 4.967
SPIN 1 11 10 11 1.277 -4.868 3.109
SPIN 1 11 10 12 4.156 3.183 2.755
SPIN 1 11 10 13 -1.224 -5.692 1.049
SPIN 1 11 10 14 -3.881 4.214 1.476
SPIN 1 11 10 15 -4.761 3.039 1.760
SPIN 4 11 10 0 4.436 3.829 0.815
SPIN 4 11 10 1 -0.623 -5.116 2.905
SPIN 4 11 10 2 4.733 3.254 1.416
SPIN 4 11 10 3 -3.911 2.707 -3.518
SPIN 4 11 10 4 5.843 0.763 -0.526
SPIN 4 11 10 5 2.030 -3.537 -4.286
SPIN 4 11 10 6 -1.095 5.224 -2.551
SPIN 4 11 10 7 3.654 -3.989 2.395
SPIN 4 11 10 8 -1.513 -3.387 4.608
SPIN 4 11 10 9 0.416 4.120 -4.225
SPIN 4 11 10 10 -4.596 0.819 -3.634
SPIN 4 11 10 11 -1.018 -0.444 -5.811
SPIN 4 11 10 12 5.013 1.589 -2.709
SPIN 4 11 10 13 -4.114 -2.936 -3.075
SPIN 4 11 10 14 2.602 3.660 -3.851
SPIN 4 11 10 15 -4.676 3.497 -0.951
SPIN 1 11 11 0 -3.545 0.760 4.675
SPIN 1 11 11 1 2.958 -0.339 5.112
SPIN 1 11 11 2 -0.826 4.927 3.170
SPIN 1 11 11 3 3.256 1.354 -4.750
SPIN 1 11 11 4 5.225 2.084 1.832
SPIN 1 11 11 5 -4.830 -3.409 -0.221
SPIN 1 11 11 6 5.127 0.654 -2.880
SPIN 1 11 11 7 -0.079 -2.634 5.297
SPIN 1 11 11 8 0.694 3.559 -4.674
SPIN 1 11 11 9 -2.236 -4.853 -2.539
SPIN 1 11 11 10 3.913 -0.157 4.434
SPIN 1 11 11 11 2.252 -2.184 5.016
SPIN 1 11 11 12 2.877 -2.386 -4.586
SPIN 1 11 11 13 2.212 -2.961 -4.620
SPIN 1 11 11 14 -0.274 -4.771 3.488
SPIN 1 11 11 15 -4.957 -1.386 -2.917
SPIN 4 11 11 0 -0.943 -2.868 5.088
SPIN 4 11 11 1 0.727 5.831 -0.686
SPIN 4 11 11 2 1.366 -2.667 5.101
SPIN 4 11 11 3 -5.887 -0.035 0.582
SPIN 4 11 11 4 1.602 1.755 -5.418
SPIN 4 11 11 5 3.964 -0.466 -4.366
SPIN 4 11 11 6 -3.751 4.027 -2.172
SPIN 4 11 11 7 3.078 -3.761 3.373
SPIN 4 11 11 8 -5.048 -3.056 0.420
SPIN 4 11 11 9 3.915 -1.815 -4.047
SPIN 4 11 11 10 -0.366 5.804 -1.089
SPIN 4 11 11 11 -3.032 4.145 2.936
SPIN 4 11 11 12 3.203 -1.638 4.696
SPIN 4 11 11 13 4.189 -0.894 -4.081
SPIN 4 11 11 14 -5.186 1.486 2.429
SPIN 4 11 11 15 3.706 2.342 3.973
SPIN 1 11 12 0 -2.411 -5.360 0.676
SPIN 1 11 12 1 1.741 4.305 -3.666
SPIN 1 11 12 2 -3.571 -4.611 -0.993
SPIN 1 11 12 3 -3.000 -3.787 3.414
SPIN 1 11 12 4 -5.659 -1.712 -0.204
SPIN 1 11 12 5 0.816 0.280 -5.853
SPIN 1 11 12 6 -1.447 -1.247 5.599
SPIN 1 11 12 7 -0.717 3.988 -4.311
SPIN 1 11 12 8 1.508 -3.332 4.650
SPIN 1 11 12 9 0.334 -4.542 3.776
SPIN 1 11 12 10 1.243 5.670 1.142
SPIN 1 11 12 11 4.099 -1.549 3.975
SPIN 1 11 12 12 4.587 3.578 -1.078
SPIN 1 11 12 13 1.985 4.092 -3.783
SPIN 1 11 12 14 3.718 -0.511 4.574
SPIN 1 11 12 15 2.717 -0.699 -5.209
SPIN 4 11 12 0 -0.337 -5.904 0.156
SPIN 4 11 12 1 5.140 -2.030 2.113
SPIN 4 11 12 2 -0.958 -1.059 -5.741
SPIN 4 11 12 3 5.283 -2.202 -1.498
SPIN 4 11 12 4 -2.404 -0.342 5.395
SPIN 4 11 12 5 -5.531 -2.099 0.005
SPIN 4 11 12 6 5.626 -1.421 -1.150
SPIN 4 11 12 7 2.710 -4.764 2.227
SPIN 4 11 12 8 -4.684 -3.558 -0.628
SPIN 4 11 12 9 4.982 -3.166 -0.392
SPIN 4 11 12 10 1.334 -0.251 -5.758
SPIN 4 11 12 11 1.731 3.162 4.691
SPIN 4 11 12 12 3.182 -1.455 -4.771
SPIN 4 11 12 13 0.831 3.214 4.897
SPIN 4 11 12 14 2.883 3.945 -3.335
SPIN 4 11 12 15 3.871 2.598 3.642
SPIN 1 11 13 0 4.220 3.781 -1.703
SPIN 1 11 13 1 -0.492 -5.275 -2.633
SPIN 1 11 13 2 1.465 1.185 5.608
SPIN 1 11 13 3 -2.760 -1.997 4.837
SPIN 1 11 13 4 -0.232 5.118 -2.958
SPIN 1 11 13 5 2.308 -0.398 -5.433
SPIN 1 11 13 6 2.279 5.392 0.855
SPIN 1 11 13 7 0.443 -3.450 4.785
SPIN 1 11 13 8 5.618 1.819 0.365
SPIN 1 11 13 9 -3.639 3.674 -2.873
SPIN 1 11 13 10 5.802 -0.482 -1.052
SPIN 1 11 13 11 1.213 3.134 4.869
SPIN 1 11 13 12 -0.455 -4.248 4.092
SPIN 1 11 13 13 -3.132 -4.722 -1.701
SPIN 1 11 13 14 -1.790 -5.344 -1.800
SPIN 1 11 13 15 -0.042 5.916 0.026
SPIN 4 11 13 0 1.386 0.470 5.732
SPIN 4 11 13 1 -0.410 -0.006 -5.902
SPIN 4 11 13 2 2.749 -5.236 0.171
SPIN 4 11 13 3 2.996 4.354 2.659
SPIN 4 11 13 4 -2.772 0.116 5.225
SPIN 4 11 13 5 4.746 0.281 3.520
SPIN 4 11 13 6 -2.716 -5.184 -0.865
SPIN 4 11 13 7 -4.019 3.251 -2.877
SPIN 4 11 13 8 3.274 -1.885 -4.553
SPIN 4 11 13 9 -0.459 5.670 -1.626
SPIN 4 11 13 10 5.474 -2.237 0.170
SPIN 4 11 13 11 -4.193 -3.636 -2.049
SPIN 4 11 13 12 2.597 -5.311 0.217
SPIN 4 11 13 13 2.059 -0.498 -5.524
SPIN 4 11 13 14 2.768 1.288 5.067
SPIN 4 11 13 15 -2.236 0.823 -5.415
SPIN 1 11 14 0 0.949 -1.759 5.568
SPIN 1 11 14 1 -1.578 2.434 -5.156
SPIN 1 11 14 2 -1.555 -5.706 -0.156
SPIN 1 11 14 3 -1.123 -3.939 -4.269
SPIN 1 11 14 4 0.558 5.615 1.776
SPIN 1 11 14 5 -4.876 0.234 3.343
SPIN 1 11 14 6 1.606 -1.944 -5.352
SPIN 1 11 14 7 5.051 -1.888 2.433
SPIN 1 11 14 8 2.775 3.761 3.626
SPIN 1 11 14 9 -4.626 -1.089 -3.524
SPIN 1 11 14 10 5.041 -1.880 2.461
SPIN 1 11 14 11 -2.493 4.818 2.360
SPIN 1 11 14 12 1.067 -0.847 5.757
SPIN 1 11 14 13 -1.194 4.051 4.143
SPIN 1 11 14 14 0.145 5.300 -2.625
SPIN 1 11 14 15 -0.716 5.011 -3.061
SPIN 4 11 14 0 0.393 2.201 -5.477
SPIN 4 11 14 1 -3.516 4.297 -2.042
SPIN 4 11 14 2 -4.523 0.211 3.807
SPIN 4 11 14 3 -2.149 -5.450 0.821
SPIN 4 11 14 4 1.391 5.352 2.101
SPIN 4 11 14 5 -3.989 -0.108 -4.368
SPIN 4 11 14 6 4.172 0.384 4.177
SPIN 4 11 14 7 -0.225 -2.915 5.143
SPIN 4 11 14 8 -1.459 3.878 4.223
SPIN 4 11 14 9 -2.791 4.228 -3.055
SPIN 4 11 14 10 -3.549 1.343 -4.539
SPIN 4 11 14 11 0.696 -4.036 -4.269
SPIN 4 11 14 12 1.260 4.023 -4.150
SPIN 4 11 14 13 2.916 -5.148 0.014
SPIN 4 11 14 14 5.248 1.936 -1.927
SPIN 4 11 14 15 -4.082 -3.849 1.876
SPIN 1 11 15 0 -4.809 3.325 -0.903
SPIN 1 11 15 1 3.533 -4.511 1.474
SPIN 1 11 15 2 -2.444 -2.691 4.668
SPIN 1 11 15 3 1.071 -2.140 -5.410
SPIN 1 11 15 4 -0.998 -5.017 -2.972
SPIN 1 11 15 5 3.318 4.894 -0.194
SPIN 1 11 15 6 -1.301 4.740 3.292
SPIN 1 11 15 7 -4.298 1.103 -3.913
SPIN 1 11 15 8 -2.808 -5.080 -1.144
SPIN 1 11 15 9 -5.340 1.359 -2.154
SPIN 1 11 15 10 -3.724 3.096 3.399
SPIN 1 11 15 11 0.861 3.885 -4.377
SPIN 1 11 15 12 -4.599 -0.561 -3.679
SPIN 1 11 15 13 1.833 2.123 -5.209
SPIN 1 11 15 14 3.950 0.318 4.392
SPIN 1 11 15 15 1.426 -0.987 -5.656
SPIN 4 11 15 0 -2.448 -1.393 5.203
SPIN 4 11 15 1 4.398 -1.417 -3.694
SPIN 4 11 15 2 -0.915 -5.252 -2.565
SPIN 4 11 15 3 -4.787 3.053 -1.661
SPIN 4 11 15 4 4.547 -3.365 -1.732
SPIN 4 11 15 5 -1.565 3.014 4.844
SPIN 4 11 15 6 -1.246 -2.258 -5.324
SPIN 4 11 15 7 5.371 -0.270 -2.465
SPIN 4 11 15 8 2.461 5.379 0.105
SPIN 4 11 15 9 -0.804 5.768 1.042
SPIN 4 11 15 10 5.737 -0.750 -1.234
SPIN 4 11 15 11 -2.368 -2.044 5.022
SPIN 4 11 15 12 -2.896 -3.675 3.620
SPIN 4 11 15 13 -3.531 4.548 -1.361
SPIN 4 11 15 14 3.232 -0.244 -4.949
SPIN 4 11 15 15 -2.618 5.025 -1.701
SPIN 3 11 0 0 1.841 -2.301 -5.130
SPIN 3 11 0 1 3.504 2.264 4.194
SPIN 3 11 0 2 -4.706 2.852 2.172
SPIN 3 11 0 3 2.349 -4.980 2.163
SPIN 3 11 0 4 -4.476 -1.702 -3.475
SPIN 3 11 0 5 5.733 1.257 0.747
SPIN 3 11 0 6 -5.705 0.918 -1.271
SPIN 3 11 0 7 -0.391 -4.882 -3.318
SPIN 3 11 0 8 2.087 -5.424 1.105
SPIN 3 11 0 9 -0.193 4.893 3.321
SPIN 3 11 0 10 4.005 2.275 3.713
SPIN 3 11 0 11 2.186 -5.092 -2.072
SPIN 3 11 0 12 -0.452 0.886 -5.832
SPIN 3 11 0 13 4.600 1.112 -3.551
SPIN 3 11 0 14 -1.957 -5.247 1.907
SPIN 3 11 0 15 -4.844 1.470 -3.062
SPIN 2 11 0 0 -1.595 5.534 1.355
SPIN 2 11 0 1 -1.137 2.608 5.187
SPIN 2 11 0 2 4.321 -3.459 -2.090
SPIN 2 11 0 3 2.469 -5.251 1.156
SPIN 2 11 0 4 2.524 4.290 3.197
SPIN 2 11 0 5 2.058 5.212 1.897
SPIN 2 11 0 6 4.728 0.170 3.552
SPIN 2 11 0 7 -1.756 -2.041 5.268
SPIN 2 11 0 8 -3.658 -4.237 1.916
SPIN 2 11 0 9 1.529 3.293 -4.671
SPIN 2 11 0 10 4.045 0.799 -4.243
SPIN 2 11 0 11 -0.871 2.272 -5.393
SPIN 2 11 0 12 1.607 3.570 4.435
SPIN 2 11 0 13 -3.448 -4.059 2.575
SPIN 2 11 0 14 1.471 2.309 -5.244
SPIN 2 11 0 15 5.391 -0.118 -2.434
SPIN 3 11 1 0 5.007 -2.457 1.974
SPIN 3 11 1 1 -3.051 -4.627 -2.071
SPIN 3 11 1 2 -1.148 -5.770 -0.619
SPIN 3 11 1 3 -2.732 2.589 -4.564
SPIN 3 11 1 4 2.748 -5.007 -1.541
SPIN 3 11 1 5 4.398 -3.925 -0.502
SPIN 3 11 1 6 5.461 -0.798 2.131
SPIN 3 11 1 7 -4.337 -3.865 1.119
SPIN 3 11 1 8 -5.855 -0.670 -0.521
SPIN 3 11 1 9 1.101 -5.764 0.751
SPIN 3 11 1 10 2.877 -5.062 -1.048
SPIN 3 11 1 11 -4.086 -0.708 -4.219
SPIN 3 11 1 12 -0.032 -5.757 1.363
SPIN 3 11 1 13 -3.071 -5.039 -0.427
SPIN 3 11 1 14 -4.897 2.941 -1.541
SPIN 3 11 1 15 1.086 -3.241 4.829
SPIN 2 11 1 0 -2.283 0.015 -5.458
SPIN 2 11 1 1 -0.011 1.840 -5.623
SPIN 2 11 1 2 -1.354 3.210 4.781
SPIN 2 11 1 3 -1.872 -3.480 -4.403
SPIN 2 11 1 4 1.932 -5.568 -0.517
SPIN 2 11 1 5 3.203 0.476 -4.951
SPIN 2 11 1 6 -2.775 -1.763 -4.919
SPIN 2 11 1 7 5.533 1.815 1.046
SPIN 2 11 1 8 -1.252 -0.306 -5.774
SPIN 2 11 1 9 2.139 1.554 5.293
SPIN 2 11 1 10 -0.358 4.788 -3.456
SPIN 2 11 1 11 -4.934 -1.787 2.732
SPIN 2 11 1 12 -4.386 0.062 -3.969
SPIN 2 11 1 13 -1.517 4.919 2.916
SPIN 2 11 1 14 1.432 -0.954 5.660
SPIN 2 11 1 15 -0.923 5.576 -1.748
SPIN 3 11 2 0 -5.407 -1.003 -2.181
SPIN 3 11 2 1 5.200 -0.573 -2.762
SPIN 3 11 2 2 1.940 -4.953 2.590
SPIN 3 11 2 3 2.700 4.760 2.248
SPIN 3 11 2 4 -5.622 -1.777 -0.485
SPIN 3 11 2 5 0.655 -4.846 3.329
SPIN 3 11 2 6 3.055 0.020 -5.066
SPIN 3 11 2 7 -1.552 5.661 0.742
SPIN 3 11 2 8 2.966 -5.083 -0.602
SPIN 3 11 2 9 -0.745 5.728 1.279
SPIN 3 11 2 10 5.737 -0.322 1.406
SPIN 3 11 2 11 -4.888 2.356 -2.357
SPIN 3 11 2 12 5.200 1.188 2.560
SPIN 3 11 2 13 -5.479 -2.203 -0.359
SPIN 3 11 2 14 5.659 0.692 1.578
SPIN 3 11 2 15 2.554 -4.570 2.755
SPIN 2 11 2 0 3.842 4.309 1.291
SPIN 2 11 2 1 3.836 -4.434 0.790
SPIN 2 11 2 2 -5.601 -1.903 -0.052
SPIN 2 11 2 3 3.069 -2.390 4.457
SPIN 2 11 2 4 -4.738 0.982 -3.404
SPIN 2 11 2 5 -2.601 3.257 -4.199
SPIN 2 11 2 6 2.955 -2.649 -4.388
SPIN 2 11 2 7 0.599 5.203 2.751
SPIN 2 11 2 8 1.904 -1.297 5.449
SPIN 2 11 2 9 0.661 2.929 -5.097
SPIN 2 11 2 10 3.398 -4.690 -1.207
SPIN 2 11 2 11 -3.695 3.185 3.347
SPIN 2 11 2 12 5.757 -0.986 -0.942
SPIN 2 11 2 13 -5.439 -1.853 -1.409
SPIN 2 11 2 14 5.465 -1.890 1.250
SPIN 2 11 2 15 -1.072 5.308 -2.382
SPIN 3 11 3 0 4.513 -3.150 -2.169
SPIN 3 11 3 1 3.436 -4.805 -0.327
SPIN 3 11 3 2 2.766 4.934 1.733
SPIN 3 11 3 3 -5.314 -1.697 -1.969
SPIN 3 11 3 4 2.195 3.141 4.507
SPIN 3 11 3 5 1.831 4.476 -3.408
SPIN 3 11 3 6 0.420 -4.011 4.329
SPIN 3 11 3 7 2.785 -4.317 2.933
SPIN 3 11 3 8 3.809 1.354 -4.320
SPIN 3 11 3 9 0.543 -4.607 3.672
SPIN 3 11 3 10 -0.201 -5.862 0.770
SPIN 3 11 3 11 -2.647 5.260 -0.566
SPIN 3 11 3 12 -1.878 3.717 4.202
SPIN 3 11 3 13 -3.992 2.188 -3.779
SPIN 3 11 3 14 1.524 3.147 -4.772
SPIN 3 11 3 15 -0.242 -1.197 5.789
SPIN 2 11 3 0 5.659 1.713 -0.203
SPIN 2 11 3 1 -3.050 3.337 3.816
SPIN 2 11 3 2 0.999 -5.553 -1.781
SPIN 2 11 3 3 -1.309 5.456 1.876
SPIN 2 11 3 4 4.277 -1.106 -3.935
SPIN 2 11 3 5 0.254 -1.797 5.631
SPIN 2 11 3 6 1.271 4.614 3.478
SPIN 2 11 3 7 2.734 -1.502 -5.027
SPIN 2 11 3 8 -1.967 1.171 -5.455
SPIN 2 11 3 9 1.694 -5.650 -0.453
SPIN 2 11 3 10 -4.204 -2.146 3.567
SPIN 2 11 3 11 -2.439 -3.412 -4.172
SPIN 2 11 3 12 0.312 -1.248 5.775
SPIN 2 11 3 13 -3.738 -0.887 4.499
SPIN 2 11 3 14 0.699 3.555 4.677
SPIN 2 11 3 15 -1.926 -4.187 -3.709
SPIN 3 11 4 0 -3.214 -4.784 -1.337
SPIN 3 11 4 1 -3.052 4.394 -2.526
SPIN 3 11 4 2 0.769 4.169 4.127
SPIN 3 11 4 3 -0.532 2.967 5.090
SPIN 3 11 4 4 -3.324 4.752 1.169
SPIN 3 11 4 5 5.662 -1.563 -0.707
SPIN 3 11 4 6 -4.673 -2.792 -2.316
SPIN 3 11 4 7 -2.622 -0.246 5.298
SPIN 3 11 4 8 4.082 -4.241 -0.596
SPIN 3 11 4 9 -3.191 0.165 -4.979
SPIN 3 11 4 10 3.442 -3.163 -3.626
SPIN 3 11 4 11 -4.063 2.006 -3.804
SPIN 3 11 4 12 -0.374 2.496 -5.351
SPIN 3 11 4 13 -4.422 0.701 3.868
SPIN 3 11 4 14 1.744 -0.905 -5.580
SPIN 3 11 4 15 2.362 -1.440 5.229
SPIN 2 11 4 0 -4.187 4.132 -0.626
SPIN 2 11 4 1 -3.398 0.910 4.756
SPIN 2 11 4 2 3.444 0.727 -4.755
SPIN 2 11 4 3 -1.568 -5.108 -2.539
SPIN 2 11 4 4 3.718 -3.087 -3.414
SPIN 2 11 4 5 -3.217 -0.998 -4.864
SPIN 2 11 4 6 4.926 -1.116 3.080
SPIN 2 11 4 7 -0.368 4.225 -4.125
SPIN 2 11 4 8 0.291 -2.880 -5.160
SPIN 2 11 4 9 0.412 2.771 -5.211
SPIN 2 11 4 10 -3.516 -4.593 -1.244
SPIN 2 11 4 11 5.896 -0.490 0.039
SPIN 2 11 4 12 -1.922 -5.058 2.392
SPIN 2 11 4 13 -3.425 2.996 -3.781
SPIN 2 11 4 14 1.404 -1.229 5.614
SPIN 2 11 4 15 3.072 4.517 2.272
SPIN 3 11 5 0 -4.371 3.631 -1.646
SPIN 3 11 5 1 0.522 -5.853 0.687
SPIN 3 11 5 2 -2.338 4.165 3.491
SPIN 3 11 5 3 -2.768 -5.212 -0.414
SPIN 3 11 5 4 4.581 3.375 -1.618
SPIN 3 11 5 5 -1.859 -3.137 4.659
SPIN 3 11 5 6 4.324 3.079 2.613
SPIN 3 11 5 7 2.319 -0.456 5.424
SPIN 3 11 5 8 -4.897 -2.956 -1.511
SPIN 3 11 5 9 4.644 3.372 -1.435
SPIN 3 11 5 10 -5.636 0.670 1.671
SPIN 3 11 5 11 1.992 0.021 5.571
SPIN 3 11 5 12 -3.751 -3.993 2.233
SPIN 3 11 5 13 2.495 -2.312 -4.841
SPIN 3 11 5 14 -3.371 3.368 3.506
SPIN 3 11 5 15 -5.644 1.376 -1.121
SPIN 2 11 5 0 -1.642 -4.108 -3.928
SPIN 2 11 5 1 3.519 -4.413 1.774
SPIN 2 11 5 2 -0.030 4.471 3.874
SPIN 2 11 5 3 5.621 0.118 1.843
SPIN 2 11 5 4 -4.728 -2.956 1.976
SPIN 2 11 5 5 -0.878 -5.760 -1.023
SPIN 2 11 5 6 -3.264 2.186 4.424
SPIN 2 11 5 7 -5.661 1.454 -0.917
SPIN 2 11 5 8 -1.965 5.542 0.650
SPIN 2 11 5 9 0.994 -1.999 5.479
SPIN 2 11 5 10 5.612 1.870 -0.075
SPIN 2 11 5 11 2.052 -4.126 -3.710
SPIN 2 11 5 12 0.221 -3.537 4.738
SPIN 2 11 5 13 4.994 2.645 1.750
SPIN 2 11 5 14 1.765 -2.351 -5.134
SPIN 2 11 5 15 2.657 -5.038 -1.601
SPIN 3 11 6 0 -2.926 0.841 5.073
SPIN 3 11 6 1 0.429 5.771 1.231
SPIN 3 11 6 2 1.347 5.744 0.442
SPIN 3 11 6 3 -1.125 1.205 -5.682
SPIN 3 11 6 4 1.575 5.700 0.188
SPIN 3 11 6 5 1.175 2.432 -5.264
SPIN 3 11 6 6 -3.743 1.985 4.129
SPIN 3 11 6 7 4.731 3.424 0.944
SPIN 3 11 6 8 -0.745 5.774 -1.051
SPIN 3 11 6 9 -0.163 -5.391 2.431
SPIN 3 11 6 10 3.653 3.275 -3.306
SPIN 3 11 6 11 -0.683 -5.747 1.226
SPIN 3 11 6 12 1.416 5.063 -2.712
SPIN 3 11 6 13 -1.977 -4.975 2.519
SPIN 3 11 6 14 -4.803 3.401 -0.602
SPIN 3 11 6 15 0.910 1.751 5.577
SPIN 2 11 6 0 -4.046 -3.487 2.543
SPIN 2 11 6 1 3.481 4.783 0.067
SPIN 2 11 6 2 2.369 -4.547 -2.951
SPIN 2 11 6 3 -5.651 0.084 1.749
SPIN 2 11 6 4 0.112 5.165 -2.883
SPIN 2 11 6 5 -4.583 -0.665 3.682
SPIN 2 11 6 6 3.947 -3.946 -1.962
SPIN 2 11 6 7 4.958 -2.863 1.490
SPIN 2 11 6 8 4.152 -3.939 -1.501
SPIN 2 11 6 9 1.811 5.481 1.298
SPIN 2 11 6 10 4.791 -1.143 3.277
SPIN 2 11 6 11 0.151 1.470 5.728
SPIN 2 11 6 12 3.040 -4.958 -1.084
SPIN 2 11 6 13 -2.850 -3.277 -4.017
SPIN 2 11 6 14 5.675 -1.671 0.054
SPIN 2 11 6 15 1.814 -1.241 -5.493
SPIN 3 11 7 0 -2.974 -1.445 4.906
SPIN 3 11 7 1 -0.746 -5.528 -1.970
SPIN 3 11 7 2 -0.697 5.023 3.048
SPIN 3 11 7 3 2.271 -5.139 1.854
SPIN 3 11 7 4 5.753 -0.126 -1.374
SPIN 3 11 7 5 5.865 -0.238 0.741
SPIN 3 11 7 6 -0.099 4.625 -3.688
SPIN 3 11 7 7 0.199 -5.385 -2.442
SPIN 3 11 7 8 -5.030 2.861 -1.229
SPIN 3 11 7 9 -1.443 5.593 1.281
SPIN 3 11 7 10 4.539 3.393 -1.698
SPIN 3 11 7 11 -2.130 1.854 5.199
SPIN 3 11 7 12 -4.986 0.767 -3.090
SPIN 3 11 7 13 0.295 0.849 -5.847
SPIN 3 11 7 14 3.766 -2.107 4.047
SPIN 3 11 7 15 -3.497 -1.768 -4.432
SPIN 2 11 7 0 5.367 2.033 -1.437
SPIN 2 11 7 1 0.800 -5.819 0.704
SPIN 2 11 7 2 -1.627 5.636 -0.769
SPIN 2 11 7 3 -2.219 -4.245 3.472
SPIN 2 11 7 4 -1.213 1.228 5.659
SPIN 2 11 7 5 -0.610 0.062 5.884
SPIN 2 11 7 6 5.535 2.040 -0.445
SPIN 2 11 7 7 -1.115 4.992 -2.973
SPIN 2 11 7 8 -5.592 -0.425 1.883
SPIN 2 11 7 9 -0.021 -5.616 -1.861
SPIN 2 11 7 10 1.614 -4.589 3.366
SPIN 2 11 7 11 4.524 3.463 1.594
SPIN 2 11 7 12 -3.902 -0.302 -4.436
SPIN 2 11 7 13 -2.275 -5.127 1.883
SPIN 2 11 7 14 -4.344 0.002 -4.016
SPIN 2 11 7 15 -5.784 0.548 1.113
SPIN 3 11 8 0 5.222 2.720 0.574
SPIN 3 11 8 1 3.721 2.600 -3.794
SPIN 3 11 8 2 0.389 1.280 5.763
SPIN 3 11 8 3 -1.210 0.227 -5.787
SPIN 3 11 8 4 4.640 1.482 -3.358
SPIN 3 11 8 5 -5.502 -0.381 2.140
SPIN 3 11 8 6 2.852 -2.949 -4.262
SPIN 3 11 8 7 4.560 0.785 -3.686
SPIN 3 11 8 8 0.747 4.090 -4.209
SPIN 3 11 8 9 3.604 0.230 -4.686
SPIN 3 11 8 10 -1.936 5.299 -1.781
SPIN 3 11 8 11 -3.214 -4.786 1.328
SPIN 3 11 8 12 1.551 -4.836 3.034
SPIN 3 11 8 13 2.478 2.617 4.691
SPIN 3 11 8 14 4.465 -1.717 3.480
SPIN 3 11 8 15 -4.446 -2.140 -3.264
SPIN 2 11 8 0 4.722 -1.748 -3.107
SPIN 2 11 8 1 -4.880 -2.323 -2.406
SPIN 2 11 8 2 3.808 4.410 -1.026
SPIN 2 11 8 3 -5.380 -1.947 -1.503
SPIN 2 11 8 4 -0.141 4.943 3.247
SPIN 2 11 8 5 -0.866 -5.514 -1.961
SPIN 2 11 8 6 -3.268 4.931 -0.078
SPIN 2 11 8 7 2.506 -3.146 -4.339
SPIN 2 11 8 8 -2.569 1.626 5.075
SPIN 2 11 8 9 1.128 5.372 -2.207
SPIN 2 11 8 10 -4.409 3.710 1.338
SPIN 2 11 8 11 4.160 1.416 -3.961
SPIN 2 11 8 12 2.001 5.459 -1.095
SPIN 2 11 8 13 -5.865 0.771 -0.105
SPIN 2 11 8 14 -4.892 3.304 -0.389
SPIN 2 11 8 15 -5.550 1.264 1.612
SPIN 3 11 9 0 4.095 3.090 2.948
SPIN 3 11 9 1 -5.468 0.704 2.147
SPIN 3 11 9 2 2.707 -2.185 -4.785
SPIN 3 11 9 3 -5.302 -0.830 -2.490
SPIN 3 11 9 4 -0.926 5.721 -1.189
SPIN 3 11 9 5 -4.112 -4.239 0.351
SPIN 3 11 9 6 3.549 4.408 1.724
SPIN 3 11 9 7 0.377 5.797 -1.117
SPIN 3 11 9 8 4.786 -3.463 -0.312
SPIN 3 11 9 9 -4.171 -4.081 -0.973
SPIN 3 11 9 10 -1.849 3.082 4.699
SPIN 3 11 9 11 -5.476 -1.793 1.341
SPIN 3 11 9 12 -0.341 -5.135 2.918
SPIN 3 11 9 13 3.452 -2.681 -3.987
SPIN 3 11 9 14 -1.240 -4.460 -3.684
SPIN 3 11 9 15 1.445 5.714 0.515
SPIN 2 11 9 0 -2.365 -5.070 1.924
SPIN 2 11 9 1 0.605 -1.181 -5.765
SPIN 2 11 9 2 -2.807 4.540 2.551
SPIN 2 11 9 3 -5.537 1.752 1.126
SPIN 2 11 9 4 3.486 1.321 4.593
SPIN 2 11 9 5 -1.380 -0.537 -5.728
SPIN 2 11 9 6 3.130 -3.501 -3.598
SPIN 2 11 9 7 -1.652 -2.559 5.072
SPIN 2 11 9 8 0.074 -0.695 -5.875
SPIN 2 11 9 9 -4.979 -3.188 0.210
SPIN 2 11 9 10 1.977 -2.922 -4.749
SPIN 2 11 9 11 -5.711 -0.703 1.374
SPIN 2 11 9 12 -4.758 3.461 -0.616
SPIN 2 11 9 13 5.598 -1.683 0.910
SPIN 2 11 9 14 -5.152 -2.485 1.510
SPIN 2 11 9 15 -0.787 2.350 -5.372
SPIN 3 11 10 0 -4.342 -3.222 2.401
SPIN 3 11 10 1 1.554 4.172 3.896
SPIN 3 11 10 2 0.535 0.762 5.842
SPIN 3 11 10 3 0.258 -1.222 -5.783
SPIN 3 11 10 4 0.421 -5.399 -2.382
SPIN 3 11 10 5 -3.706 -0.414 -4.593
SPIN 3 11 10 6 0.080 4.535 -3.799
SPIN 3 11 10 7 -2.496 -3.990 -3.585
SPIN 3 11 10 8 -5.289 2.591 0.557
SPIN 3 11 10 9 5.123 2.933 0.389
SPIN 3 11 10 10 -1.247 5.780 -0.198
SPIN 3 11 10 11 -2.334 0.766 5.382
SPIN 3 11 10 12 -0.934 4.707 -3.459
SPIN 3 11 10 13 1.303 -5.753 0.453
SPIN 3 11 10 14 5.597 0.183 -1.909
SPIN 3 11 10 15 1.395 -4.201 -3.925
SPIN 2 11 10 0 1.019 5.148 -2.730
SPIN 2 11 10 1 -4.807 0.974 3.308
SPIN 2 11 10 2 -5.029 1.695 -2.614
SPIN 2 11 10 3 0.209 5.903 -0.340
SPIN 2 11 10 4 -3.190 -4.255 -2.592
SPIN 2 11 10 5 -2.165 5.101 2.072
SPIN 2 11 10 6 3.731 -3.461 3.017
SPIN 2 11 10 7 -3.296 4.574 -1.793
SPIN 2 11 10 8 -1.596 -4.874 2.949
SPIN 2 11 10 9 -4.640 -0.579 -3.625
SPIN 2 11 10 10 2.372 -5.040 1.994
SPIN 2 11 10 11 3.400 3.150 3.677
SPIN 2 11 10 12 -5.812 -0.638 -0.902
SPIN 2 11 10 13 1.696 -0.802 5.611
SPIN 2 11 10 14 5.366 2.487 0.120
SPIN 2 11 10 15 4.572 0.986 -3.623
SPIN 3 11 11 0 5.768 0.493 1.221
SPIN 3 11 11 1 0.821 -0.167 -5.856
SPIN 3 11 11 2 -0.499 -5.884 -0.365
SPIN 3 11 11 3 -1.498 0.790 5.669
SPIN 3 11 11 4 -2.643 -4.117 -3.327
SPIN 3 11 11 5 0.554 -2.067 5.515
SPIN 3 11 11 6 0.595 -1.008 -5.799
SPIN 3 11 11 7 -2.206 1.154 5.367
SPIN 3 11 11 8 5.109 2.311 -1.886
SPIN 3 11 11 9 2.738 2.842 4.407
SPIN 3 11 11 10 0.012 -5.893 -0.520
SPIN 3 11 11 11 3.862 -1.904 4.057
SPIN 3 11 11 12 -4.797 0.552 3.418
SPIN 3 11 11 13 0.150 4.715 -3.570
SPIN 3 11 11 14 -4.902 -3.201 -0.849
SPIN 3 11 11 15 2.445 -4.482 2.989
SPIN 2 11 11 0 -3.025 0.171 5.081
SPIN 2 11 11 1 -0.882 -4.354 -3.907
SPIN 2 11 11 2 5.034 -0.867 -2.985
SPIN 2 11 11 3 0.905 -5.101 2.857
SPIN 2 11 11 4 4.363 3.964 0.496
SPIN 2 11 11 5 -5.268 1.953 1.854
SPIN 2 11 11 6 -2.129 -5.006 -2.325
SPIN 2 11 11 7 2.220 3.149 -4.490
SPIN 2 11 11 8 4.422 0.054 -3.930
SPIN 2 11 11 9 4.634 -3.120 1.948
SPIN 2 11 11 10 -0.034 5.119 2.966
SPIN 2 11 11 11 -3.652 1.812 -4.287
SPIN 2 11 11 12 5.438 1.897 1.352
SPIN 2 11 11 13 -4.605 2.324 -2.897
SPIN 2 11 11 14 5.425 0.570 -2.289
SPIN 2 11 11 15 -5.888 0.303 0.487
SPIN 3 11 12 0 -2.294 0.993 5.362
SPIN 3 11 12 1 4.752 0.478 3.491
SPIN 3 11 12 2 2.530 5.151 -1.439
SPIN 3 11 12 3 5.020 -0.227 -3.122
SPIN 3 11 12 4 -2.617 2.411 4.726
SPIN 3 11 12 5 2.029 -5.105 2.197
SPIN 3 11 12 6 1.939 2.451 5.023
SPIN 3 11 12 7 -0.104 1.526 -5.715
SPIN 3 11 12 8 0.805 -5.090 2.905
SPIN 3 11 12 9 -0.069 5.678 -1.662
SPIN 3 11 12 10 0.602 -1.919 -5.564
SPIN 3 11 12 11 5.767 -0.373 1.264
SPIN 3 11 12 12 2.942 4.973 1.270
SPIN 3 11 12 13 0.652 -5.725 -1.339
SPIN 3 11 12 14 -2.547 4.921 -2.073
SPIN 3 11 12 15 3.177 -1.732 4.681
SPIN 2 11 12 0 -1.966 2.472 -5.003
SPIN 2 11 12 1 1.396 5.690 -0.819
SPIN 2 11 12 2 -2.305 -3.888 3.817
SPIN 2 11 12 3 -0.630 -1.114 -5.776
SPIN 2 11 12 4 -5.398 2.313 0.715
SPIN 2 11 12 5 5.029 -2.908 -1.120
SPIN 2 11 12 6 -0.007 2.103 5.530
SPIN 2 11 12 7 5.431 -2.082 1.083
SPIN 2 11 12 8 -5.478 1.274 1.836
SPIN 2 11 12 9 0.408 4.186 -4.160
SPIN 2 11 12 10 1.560 4.019 4.052
SPIN 2 11 12 11 -5.839 0.888 0.337
SPIN 2 11 12 12 -5.491 -2.112 0.626
SPIN 2 11 12 13 -1.159 -1.075 5.701
SPIN 2 11 12 14 2.860 4.771 -2.013
SPIN 2 11 12 15 2.326 3.754 3.937
SPIN 3 11 13 0 -1.153 2.478 -5.247
SPIN 3 11 13 1 -2.149 4.853 2.613
SPIN 3 11 13 2 4.249 0.132 -4.115
SPIN 3 11 13 3 -3.924 1.308 4.230
SPIN 3 11 13 4 4.223 -3.662 -1.937
SPIN 3 11 13 5 -4.328 3.508 1.991
SPIN 3 11 13 6 -0.597 5.312 -2.536
SPIN 3 11 13 7 1.953 -2.344 -5.069
SPIN 3 11 13 8 -5.792 0.986 -0.697
SPIN 3 11 13 9 -2.509 -4.500 2.908
SPIN 3 11 13 10 3.918 -3.311 2.947
SPIN 3 11 13 11 -4.161 3.908 -1.553
SPIN 3 11 13 12 4.380 3.310 -2.205
SPIN 3 11 13 13 -5.627 0.205 -1.815
SPIN 3 11 13 14 4.360 -3.747 -1.397
SPIN 3 11 13 15 -4.131 3.235 2.734
SPIN 2 11 13 0 4.797 2.599 -2.288
SPIN 2 11 13 1 3.775 4.553 0.122
SPIN 2 11 13 2 5.901 -0.371 -0.212
SPIN 2 11 13 3 -5.009 -0.342 3.130
SPIN 2 11 13 4 3.124 -3.289 -3.798
SPIN 2 11 13 5 -5.505 0.398 -2.131
SPIN 2 11 13 6 -0.804 4.085 -4.203
SPIN 2 11 13 7 -4.346 0.414 3.993
SPIN 2 11 13 8 -3.211 -2.758 -4.133
SPIN 2 11 13 9 4.701 -1.058 3.433
SPIN 2 11 13 10 -3.592 -3.365 3.282
SPIN 2 11 13 11 1.338 -4.954 2.944
SPIN 2 11 13 12 -2.653 4.598 -2.612
SPIN 2 11 13 13 0.454 -3.509 4.742
SPIN 2 11 13 14 1.623 2.338 5.186
SPIN 2 11 13 15 2.161 -1.119 5.393
SPIN 3 11 14 0 3.027 -2.743 4.280
SPIN 3 11 14 1 2.348 2.531 -4.804
SPIN 3 11 14 2 3.764 -4.395 -1.230
SPIN 3 11 14 3 -4.316 -3.426 2.153
SPIN 3 11 14 4 -0.494 -2.422 5.375
SPIN 3 11 14 5 -0.130 -5.395 2.425
SPIN 3 11 14 6 -2.626 4.153 -3.295
SPIN 3 11 14 7 -3.616 -3.647 2.937
SPIN 3 11 14 8 -4.864 0.209 3.361
SPIN 3 11 14 9 0.211 -5.703 -1.558
SPIN 3 11 14 10 2.980 3.181 4.000
SPIN 3 11 14 11 -2.285 4.399 -3.229
SPIN 3 11 14 12 4.036 -2.921 -3.191
SPIN 3 11 14 13 5.456 -0.952 2.079
SPIN 3 11 14 14 -3.787 1.485 4.296
SPIN 3 11 14 15 -4.581 3.727 0.347
SPIN 2 11 14 0 0.285 -4.891 3.317
SPIN 2 11 14 1 -3.130 1.012 4.917
SPIN 2 11 14 2 3.902 1.478 4.194
SPIN 2 11 14 3 5.769 0.923 -0.930
SPIN 2 11 14 4 -2.620 -4.692 -2.474
SPIN 2 11 14 5 4.902 2.878 -1.640
SPIN 2 11 14 6 -0.920 4.294 3.964
SPIN 2 11 14 7 0.924 5.321 -2.415
SPIN 2 11 14 8 3.373 -1.694 -4.555
SPIN 2 11 14 9 5.048 3.067 -0.326
SPIN 2 11 14 10 -2.318 2.604 4.780
SPIN 2 11 14 11 -3.731 4.537 0.700
SPIN 2 11 14 12 -0.250 -3.374 4.853
SPIN 2 11 14 13 -4.995 2.450 -2.012
SPIN 2 11 14 14 0.444 -3.684 -4.608
SPIN 2 11 14 15 -0.448 3.124 -5.004
SPIN 3 11 15 0 -3.527 1.956 -4.328
SPIN 3 11 15 1 -3.251 2.813 4.065
SPIN 3 11 15 2 -1.270 2.549 -5.185
SPIN 3 11 15 3 -2.555 2.910 4.472
SPIN 3 11 15 4 -4.914 0.572 3.245
SPIN 3 11 15 5 2.768 -4.181 -3.139
SPIN 3 11 15 6 -2.320 -2.821 4.654
SPIN 3 11 15 7 5.538 0.317 -2.056
SPIN 3 11 15 8 2.775 -0.919 5.143
SPIN 3 11 15 9 3.720 4.600 0.031
SPIN 3 11 15 10 -4.522 0.212 -3.809
SPIN 3 11 15 11 4.928 2.919 1.482
SPIN 3 11 15 12 -3.523 1.499 4.510
SPIN 3 11 15 13 1.587 0.738 -5.651
SPIN 3 11 15 14 2.715 -5.237 -0.453
SPIN 3 11 15 15 5.067 2.984 0.644
SPIN 2 11 15 0 4.678 1.273 3.391
SPIN 2 11 15 1 2.441 -0.111 -5.388
SPIN 2 11 15 2 -5.057 -1.696 -2.559
SPIN 2 11 15 3 -1.455 4.699 -3.287
SPIN 2 11 15 4 5.862 0.700 0.389
SPIN 2 11 15 5 4.665 1.173 3.444
SPIN 2 11 15 6 0.207 5.215 2.786
SPIN 2 11 15 7 1.376 -5.749 -0.237
SPIN 2 11 15 8 -3.434 4.759 0.744
SPIN 2 11 15 9 -2.645 -3.169 -4.238
SPIN 2 11 15 10 -5.584 -0.841 -1.764
SPIN 2 11 15 11 -3.968 -2.788 3.388
SPIN 2 11 15 12 -4.773 -2.554 -2.386
SPIN 2 11 15 13 -2.484 5.184 1.398
SPIN 2 11 15 14 4.669 3.356 1.394
SPIN 2 11 15 15 -4.411 -3.753 -1.208
SPIN 1 12 0 0 -2.966 -4.266 2.830
SPIN 1 12 0 1 5.437 -0.506 2.277
SPIN 1 12 0 2 -5.770 1.188 0.540
SPIN 1 12 0 3 -3.175 2.182 4.490
SPIN 1 12 0 4 3.576 -4.451 -1.549
SPIN 1 12 0 5 2.056 -5.150 -2.062
SPIN 1 12 0 6 -1.451 -5.475 1.709
SPIN 1 12 0 7 0.472 -5.093 -2.973
SPIN 1 12 0 8 4.944 -2.593 1.956
SPIN 1 12 0 9 0.848 5.194 -2.703
SPIN 1 12 0 10 -3.893 -1.537 4.181
SPIN 1 12 0 11 4.157 3.252 2.673
SPIN 1 12 0 12 1.318 -1.089 5.664
SPIN 1 12 0 13 1.490 -2.858 -4.961
SPIN 1 12 0 14 -5.760 -1.145 0.717
SPIN 1 12 0 15 3.032 4.960 -1.096
SPIN 4 12 0 0 2.778 4.122 -3.208
SPIN 4 12 0 1 -4.410 3.942 0.075
SPIN 4 12 0 2 0.217 -5.130 2.939
SPIN 4 12 0 3 -5.629 1.780 0.378
SPIN 4 12 0 4 3.583 1.809 4.346
SPIN 4 12 0 5 2.889 -1.812 -4.834
SPIN 4 12 0 6 -3.297 3.626 3.314
SPIN 4 12 0 7 2.428 4.547 2.903
SPIN 4 12 0 8 -0.461 0.280 5.891
SPIN 4 12 0 9 -3.923 3.128 3.135
SPIN 4 12 0 10 0.558 3.054 -5.036
SPIN 4 12 0 11 -2.050 5.540 0.321
SPIN 4 12 0 12 2.548 3.303 4.195
SPIN 4 12 0 13 -5.347 1.352 2.141
SPIN 4 12 0 14 1.632 -0.661 5.648
SPIN 4 12 0 15 -1.608 -4.889 -2.917
SPIN 1 12 1 0 0.384 5.563 -1.976
SPIN 1 12 1 1 -5.342 -1.580 1.991
SPIN 1 12 1 2 -1.424 5.514 1.604
SPIN 1 12 1 3 -0.746 4.605 -3.638
SPIN 1 12 1 4 -0.184 -4.877 3.344
SPIN 1 12 1 5 -5.094 -2.434 -1.768
SPIN 1 12 1 6 -0.050 -1.635 5.686
SPIN 1 12 1 7 0.631 0.132 -5.881
SPIN 1 12 1 8 -1.751 -4.879 -2.852
SPIN 1 12 1 9 3.308 -1.768 4.576
SPIN 1 12 1 10 -3.777 -2.559 3.767
SPIN 1 12 1 11 4.644 0.296 -3.653
SPIN 1 12 1 12 -2.540 2.300 4.823
SPIN 1 12 1 13 4.082 -4.278 -0.184
SPIN 1 12 1 14 -0.298 4.360 -3.987
SPIN 1 12 1 15 -3.858 -2.828 3.481
SPIN 4 12 1 0 3.234 -4.680 1.623
SPIN 4 12 1 1 2.898 1.538 -4.923
SPIN 4 12 1 2 -3.252 3.283 -3.695
SPIN 4 12 1 3 5.843 0.127 -0.915
SPIN 4 12 1 4 -0.183 -5.367 -2.483
SPIN 4 12 1 5 3.474 0.606 -4.750
SPIN 4 12 1 6 0.299 -4.838 3.392
SPIN 4 12 1 7 3.272 4.657 1.614
SPIN 4 12 1 8 -1.316 5.712 -0.804
SPIN 4 12 1 9 4.341 0.416 -3.998
SPIN 4 12 1 10 3.030 -2.908 4.167
SPIN 4 12 1 11 1.046 4.009 4.222
SPIN 4 12 1 12 -1.686 3.975 -4.044
SPIN 4 12 1 13 4.858 2.492 2.278
SPIN 4 12 1 14 -2.072 -4.911 2.567
SPIN 4 12 1 15 -2.077 1.720 -5.266
SPIN 1 12 2 0 -0.272 -0.674 5.871
SPIN 1 12 2 1 1.763 -2.804 -4.902
SPIN 1 12 2 2 4.476 -0.887 3.765
SPIN 1 12 2 3 -4.471 -2.564 -2.904
SPIN 1 12 2 4 4.983 -1.886 -2.572
SPIN 1 12 2 5 0.424 1.230 5.771
SPIN 1 12 2 6 3.438 2.072 4.346
SPIN 1 12 2 7 0.897 -4.415 3.835
SPIN 1 12 2 8 -3.877 3.684 -2.530
SPIN 1 12 2 9 5.252 -1.819 -2.028
SPIN 1 12 2 10 -4.224 4.138 0.202
SPIN 1 12 2 11 -2.369 3.396 -4.225
SPIN 1 12 2 12 2.432 -5.300 -0.998
SPIN 1 12 2 13 2.584 1.711 -5.039
SPIN 1 12 2 14 0.594 -5.846 -0.687
SPIN 1 12 2 15 3.256 4.549 -1.924
SPIN 4 12 2 0 -5.762 0.400 -1.279
SPIN 4 12 2 1 -0.686 2.943 -5.086
SPIN 4 12 2 2 -0.228 -2.485 5.364
SPIN 4 12 2 3 -3.292 -0.619 -4.877
SPIN 4 12 2 4 -5.768 -1.010 0.841
SPIN 4 12 2 5 1.432 -5.720 0.483
SPIN 4 12 2 6 -2.019 5.539 -0.489
SPIN 4 12 2 7 -4.400 -1.696 -3.572
SPIN 4 12 2 8 1.469 3.531 -4.514
SPIN 4 12 2 9 -3.792 3.621 2.741
SPIN 4 12 2 10 -4.619 1.893 3.176
SPIN 4 12 2 11 3.705 -4.531 0.865
SPIN 4 12 2 12 5.783 -0.858 0.904
SPIN 4 12 2 13 -0.167 -2.586 -5.318
SPIN 4 12 2 14 -2.172 5.474 -0.561
SPIN 4 12 2 15 3.518 -3.227 3.494
SPIN 1 12 3 0 0.790 -5.724 1.270
SPIN 1 12 3 1 -4.527 3.706 0.877
SPIN 1 12 3 2 -1.472 -5.730 -0.005
SPIN 1 12 3 3 0.654 -4.690 -3.547
SPIN 1 12 3 4 -2.032 -4.391 -3.405
SPIN 1 12 3 5 4.817 3.076 1.527
SPIN 1 12 3 6 -0.856 -3.811 -4.444
SPIN 1 12 3 7 -1.473 4.210 -3.887
SPIN 1 12 3 8 2.913 -3.353 3.908
SPIN 1 12 3 9 -1.357 -2.008 5.397
SPIN 1 12 3 10 4.854 3.276 -0.843
SPIN 1 12 3 11 1.965 -3.043 4.678
SPIN 1 12 3 12 -4.913 -2.800 -1.739
SPIN 1 12 3 13 4.624 3.037 -2.096
SPIN 1 12 3 14 -4.770 1.545 3.141
SPIN 1 12 3 15 -2.193 5.360 -1.206
SPIN 4 12 3 0 0.944 0.446 5.823
SPIN 4 12 3 1 3.258 4.926 -0.354
SPIN 4 12 3 2 4.821 -2.087 -2.720
SPIN 4 12 3 3 -5.735 -1.081 0.967
SPIN 4 12 3 4 2.530 -3.973 -3.580
SPIN 4 12 3 5 -2.469 5.358 0.441
SPIN 4 12 3 6 -0.535 -4.467 3.842
SPIN 4 12 3 7 3.090 4.476 2.329
SPIN 4 12 3 8 -5.678 1.650 -0.206
SPIN 4 12 3 9 -0.830 -5.578 1.787
SPIN 4 12 3 10 5.061 -2.884 -1.034
SPIN 4 12 3 11 2.358 4.802 -2.526
SPIN 4 12 3 12 -5.132 2.914 -0.411
SPIN 4 12 3 13 -0.267 -5.298 2.619
SPIN 4 12 3 14 4.134 -2.404 -3.483
SPIN 4 12 3 15 -3.278 4.440 2.131
SPIN 1 12 4 0 -4.311 3.784 -1.447
SPIN 1 12 4 1 4.277 -1.691 -3.721
SPIN 1 12 4 2 -2.675 -3.390 -4.044
SPIN 1 12 4 3 0.431 3.278 4.906
SPIN 1 12 4 4 2.300 3.919 3.788
SPIN 1 12 4 5 0.895 -1.977 5.504
SPIN 1 12 4 6 3.187 -2.594 -4.256
SPIN 1 12 4 7 -2.690 -1.695 4.989
SPIN 1 12 4 8 0.068 -0.434 -5.900
SPIN 1 12 4 9 -3.620 -4.184 2.096
SPIN 1 12 4 10 1.130 -0.847 5.745
SPIN 1 12 4 11 -1.694 -0.360 -5.657
SPIN 1 12 4 12 1.667 -3.586 4.400
SPIN 1 12 4 13 -0.828 -5.769 1.017
SPIN 1 12 4 14 -1.209 3.426 4.669
SPIN 1 12 4 15 4.400 -3.384 -2.047
SPIN 4 12 4 0 -4.030 -3.512 2.535
SPIN 4 12 4 1 -0.012 -5.058 3.069
SPIN 4 12 4 2 5.557 0.279 -2.011
SPIN 4 12 4 3 -5.721 -0.061 -1.504
SPIN 4 12 4 4 2.163 -4.929 2.455
SPIN 4 12 4 5 -1.279 2.992 -4.941
SPIN 4 12 4 6 -5.766 1.317 0.130
SPIN 4 12 4 7 2.228 -5.223 1.661
SPIN 4 12 4 8 0.131 3.368 4.862
SPIN 4 12 4 9 -3.604 -4.326 -1.815
SPIN 4 12 4 10 -2.620 5.004 -1.761
SPIN 4 12 4 11 -2.183 5.460 -0.646
SPIN 4 12 4 12 4.767 0.493 3.469
SPIN 4 12 4 13 -1.222 2.517 -5.213
SPIN 4 12 4 14 -1.258 -4.509 -3.618
SPIN 4 12 4 15 4.388 -1.392 -3.716
SPIN 1 12 5 0 0.739 5.809 -0.844
SPIN 1 12 5 1 1.741 0.622 5.620
SPIN 1 12 5 2 -2.744 2.762 4.455
SPIN 1 12 5 3 2.213 -2.208 -5.023
SPIN 1 12 5 4 4.892 -3.324 -0.147
SPIN 1 12 5 5 2.568 5.255 -0.891
SPIN 1 12 5 6 1.365 -0.052 5.756
SPIN 1 12 5 7 1.928 -2.504 -5.001
SPIN 1 12 5 8 -3.827 3.273 -3.104
SPIN 1 12 5 9 5.576 1.163 1.600
SPIN 1 12 5 10 0.089 -4.159 -4.206
SPIN 1 12 5 11 -2.913 5.139 0.327
SPIN 1 12 5 12 3.399 -1.987 -4.416
SPIN 1 12 5 13 1.214 2.404 -5.268
SPIN 1 12 5 14 -1.410 5.461 -1.785
SPIN 1 12 5 15 -3.309 -3.708 -3.209
SPIN 4 12 5 0 -2.831 5.156 0.633
SPIN 4 12 5 1 3.069 3.014 4.062
SPIN 4 12 5 2 0.488 -2.414 -5.379
SPIN 4 12 5 3 1.231 -1.644 5.548
SPIN 4 12 5 4 -2.087 -5.535 0.064
SPIN 4 12 5 5 -4.844 -0.057 -3.396
SPIN 4 12 5 6 -1.710 -5.354 1.847
SPIN 4 12 5 7 -3.079 -1.388 -4.857
SPIN 4 12 5 8 0.857 -4.201 -4.076
SPIN 4 12 5 9 2.908 5.100 0.730
SPIN 4 12 5 10 -0.010 -5.490 -2.204
SPIN 4 12 5 11 2.735 3.646 -3.772
SPIN 4 12 5 12 1.985 -5.091 -2.267
SPIN 4 12 5 13 -4.374 -2.615 3.005
SPIN 4 12 5 14 3.793 3.741 -2.572
SPIN 4 12 5 15 -4.604 -1.243 -3.501
SPIN 1 12 6 0 -2.673 -2.033 4.871
SPIN 1 12 6 1 -4.466 0.942 -3.763
SPIN 1 12 6 2 -4.164 -0.853 -4.115
SPIN 1 12 6 3 -5.541 -2.072 0.087
SPIN 1 12 6 4 3.273 -1.497 4.695
SPIN 1 12 6 5 1.031 5.559 -1.743
SPIN 1 12 6 6 2.962 -3.147 4.040
SPIN 1 12 6 7 -4.965 2.423 2.117
SPIN 1 12 6 8 -2.845 -4.386 2.769
SPIN 1 12 6 9 -0.587 3.051 -5.034
SPIN 1 12 6 10 -5.392 -0.936 -2.247
SPIN 1 12 6 11 3.528 -2.831 3.812
SPIN 1 12 6 12 -2.265 3.717 4.007
SPIN 1 12 6 13 5.238 2.733 0.298
SPIN 1 12 6 14 1.753 -5.555 -1.033
SPIN 1 12 6 15 -4.378 -3.967 -0.311
SPIN 4 12 6 0 2.443 3.118 -4.394
SPIN 4 12 6 1 0.709 -4.976 3.121
SPIN 4 12 6 2 -0.706 -2.155 5.464
SPIN 4 12 6 3 2.545 3.704 -3.847
SPIN 4 12 6 4 -2.450 -4.937 2.152
SPIN 4 12 6 5 5.298 1.350 -2.260
SPIN 4 12 6 6 -2.788 2.614 -4.516
SPIN 4 12 6 7 -5.909 0.147 -0.247
SPIN 4 12 6 8 -1.793 -0.269 -5.631
SPIN 4 12 6 9 1.804 -4.253 3.696
SPIN 4 12 6 10 0.149 2.174 5.500
SPIN 4 12 6 11 -4.144 -2.769 3.188
SPIN 4 12 6 12 -1.665 3.032 4.799
SPIN 4 12 6 13 0.615 5.833 0.773
SPIN 4 12 6 14 -3.579 -1.151 4.568
SPIN 4 12 6 15 2.516 5.315 0.647
SPIN 1 12 7 0 0.645 2.416 -5.361
SPIN 1 12 7 1 -3.108 1.880 4.670
SPIN 1 12 7 2 2.046 -4.381 3.409
SPIN 1 12 7 3 4.023 3.685 -2.287
SPIN 1 12 7 4 3.009 1.502 -4.867
SPIN 1 12 7 5 -4.756 -3.093 1.678
SPIN 1 12 7 6 -3.603 -3.942 2.547
SPIN 1 12 7 7 1.327 3.696 4.425
SPIN 1 12 7 8 -5.814 0.581 0.930
SPIN 1 12 7 9 3.835 -3.623 -2.677
SPIN 1 12 7 10 -1.358 3.767 4.355
SPIN 1 12 7 11 -1.030 -5.804 -0.506
SPIN 1 12 7 12 -3.239 -2.169 -4.450
SPIN 1 12 7 13 -3.349 -4.797 0.881
SPIN 1 12 7 14 -1.877 4.219 -3.698
SPIN 1 12 7 15 -2.459 2.496 4.767
SPIN 4 12 7 0 5.218 1.874 -2.065
SPIN 4 12 7 1 0.214 5.566 -1.993
SPIN 4 12 7 2 5.518 -0.062 -2.132
SPIN 4 12 7 3 -1.322 2.968 4.944
SPIN 4 12 7 4 -0.093 -0.469 -5.897
SPIN 4 12 7 5 2.243 -3.139 -4.485
SPIN 4 12 7 6 2.224 -2.594 4.830
SPIN 4 12 7 7 2.420 -2.231 -4.916
SPIN 4 12 7 8 1.393 -0.740 5.702
SPIN 4 12 7 9 -5.756 -1.339 -0.278
SPIN 4 12 7 10 0.767 -4.035 -4.258
SPIN 4 12 7 11 -1.758 4.376 -3.573
SPIN 4 12 7 12 2.354 1.940 5.069
SPIN 4 12 7 13 -3.440 3.676 -3.107
SPIN 4 12 7 14 0.653 3.824 4.467
SPIN 4 12 7 15 0.959 -4.867 -3.224
SPIN 1 12 8 0 -3.001 2.702 4.324
SPIN 1 12 8 1 -0.603 -5.885 -0.011
SPIN 1 12 8 2 -1.128 -4.425 -3.761
SPIN 1 12 8 3 0.335 3.344 4.869
SPIN 1 12 8 4 -4.518 -3.310 1.906
SPIN 1 12 8 5 4.436 2.215 3.227
SPIN 1 12 8 6 -0.633 1.492 -5.690
SPIN 1 12 8 7 -3.127 4.896 1.121
SPIN 1 12 8 8 0.530 -4.501 3.803
SPIN 1 12 8 9 1.066 -3.828 -4.383
SPIN 1 12 8 10 4.995 -2.522 1.921
SPIN 1 12 8 11 1.741 5.503 1.297
SPIN 1 12 8 12 0.976 0.219 -5.831
SPIN 1 12 8 13 -4.889 1.005 -3.176
SPIN 1 12 8 14 1.760 -1.816 5.348
SPIN 1 12 8 15 -3.926 -4.312 0.998
SPIN 4 12 8 0 0.977 -4.490 3.726
SPIN 4 12 8 1 -3.625 -3.885 -2.602
SPIN 4 12 8 2 -1.731 4.037 3.963
SPIN 4 12 8 3 -1.528 -1.139 -5.601
SPIN 4 12 8 4 4.998 3.133 0.454
SPIN 4 12 8 5 -2.747 0.599 5.205
SPIN 4 12 8 6 5.337 -1.366 -2.155
SPIN 4 12 8 7 4.220 -1.144 -3.986
SPIN 4 12 8 8 -1.661 5.654 -0.528
SPIN 4 12 8 9 2.477 -5.250 1.140
SPIN 4 12 8 10 -3.001 -1.466 -4.883
SPIN 4 12 8 11 1.777 -5.572 -0.891
SPIN 4 12 8 12 4.907 -2.926 -1.535
SPIN 4 12 8 13 2.544 -5.110 1.552
SPIN 4 12 8 14 -4.835 2.705 2.076
SPIN 4 12 8 15 4.293 -0.699 4.010
SPIN 1 12 9 0 -0.621 -0.136 -5.882
SPIN 1 12 9 1 5.081 -2.763 1.247
SPIN 1 12 9 2 5.546 1.798 1.004
SPIN 1 12 9 3 3.103 -3.447 3.673
SPIN 1 12 9 4 -3.634 4.637 0.538
SPIN 1 12 9 5 -4.864 3.130 1.242
SPIN 1 12 9 6 2.513 5.015 1.879
SPIN 1 12 9 7 3.304 -2.294 -4.339
SPIN 1 12 9 8 5.450 -2.286 -0.271
SPIN 1 12 9 9 0.375 5.857 0.743
SPIN 1 12 9 10 -4.054 -4.062 1.437
SPIN 1 12 9 11 0.447 4.164 4.179
SPIN 1 12 9 12 3.362 -2.406 4.232
SPIN 1 12 9 13 5.222 2.746 0.431
SPIN 1 12 9 14 -1.679 5.228 -2.202
SPIN 1 12 9 15 3.429 -4.576 1.517
SPIN 4 12 9 0 -1.120 5.679 -1.220
SPIN 4 12 9 1 -3.465 -3.115 -3.645
SPIN 4 12 9 2 2.883 -3.041 -4.176
SPIN 4 12 9 3 -1.440 -5.677 -0.836
SPIN 4 12 9 4 5.122 0.314 -2.945
SPIN 4 12 9 5 0.479 -4.333 -3.999
SPIN 4 12 9 6 -5.640 1.236 -1.288
SPIN 4 12 9 7 5.904 -0.319 0.205
SPIN 4 12 9 8 3.877 -4.323 -1.131
SPIN 4 12 9 9 5.568 1.232 1.574
SPIN 4 12 9 10 0.551 -3.510 4.730
SPIN 4 12 9 11 -4.970 -1.246 2.957
SPIN 4 12 9 12 -3.615 -4.522 1.215
SPIN 4 12 9 13 -2.699 3.950 3.480
SPIN 4 12 9 14 -1.353 -5.685 -0.924
SPIN 4 12 9 15 -0.934 4.227 -4.032
SPIN 1 12 10 0 -4.661 0.153 3.640
SPIN 1 12 10 1 3.300 2.036 -4.468
SPIN 1 12 10 2 -1.822 -4.559 -3.301
SPIN 1 12 10 3 2.617 -4.109 3.357
SPIN 1 12 10 4 4.333 -0.801 -3.948
SPIN 1 12 10 5 3.398 0.255 4.836
SPIN 1 12 10 6 -4.012 1.706 -3.999
SPIN 1 12 10 7 2.391 4.467 3.054
SPIN 1 12 10 8 0.018 5.192 2.836
SPIN 1 12 10 9 5.480 -0.988 -1.998
SPIN 1 12 10 10 2.067 4.027 -3.810
SPIN 1 12 10 11 3.152 0.088 -5.006
SPIN 1 12 10 12 5.441 -1.332 1.903
SPIN 1 12 10 13 -5.586 -1.858 -0.583
SPIN 1 12 10 14 0.743 3.200 4.920
SPIN 1 12 10 15 2.428 -1.679 5.127
SPIN 4 12 10 0 -4.839 3.157 -1.274
SPIN 4 12 10 1 4.921 2.574 2.040
SPIN 4 12 10 2 -4.962 -0.084 -3.220
SPIN 4 12 10 3 1.025 -4.758 3.363
SPIN 4 12 10 4 -5.865 0.212 -0.749
SPIN 4 12 10 5 -2.671 1.801 4.962
SPIN 4 12 10 6 3.849 -4.358 -1.093
SPIN 4 12 10 7 -3.841 3.559 -2.753
SPIN 4 12 10 8 4.679 3.138 -1.805
SPIN 4 12 10 9 -4.247 -2.572 3.217
SPIN 4 12 10 10 -3.399 -4.680 -1.244
SPIN 4 12 10 11 2.102 3.424 4.343
SPIN 4 12 10 12 -5.273 1.374 -2.304
SPIN 4 12 10 13 0.349 -1.840 -5.612
SPIN 4 12 10 14 -3.318 1.460 4.675
SPIN 4 12 10 15 0.913 -5.656 1.475
SPIN 1 12 11 0 0.394 -5.870 0.625
SPIN 1 12 11 1 2.352 -5.374 -0.769
SPIN 1 12 11 2 1.615 2.782 4.965
SPIN 1 12 11 3 0.059 -4.397 -3.958
SPIN 1 12 11 4 3.022 0.157 -5.084
SPIN 1 12 11 5 1.837 -3.375 -4.498
SPIN 1 12 11 6 5.396 2.344 0.627
SPIN 1 12 11 7 4.375 -2.867 2.764
SPIN 1 12 11 8 1.400 -2.099 5.351
SPIN 1 12 11 9 1.428 -5.736 -0.257
SPIN 1 12 11 10 1.127 4.573 3.580
SPIN 1 12 11 11 0.760 -5.866 -0.110
SPIN 1 12 11 12 1.203 1.338 -5.636
SPIN 1 12 11 13 -1.888 -4.932 -2.667
SPIN 1 12 11 14 -4.832 -1.315 -3.150
SPIN 1 12 11 15 5.899 0.394 0.206
SPIN 4 12 11 0 5.321 2.351 -1.078
SPIN 4 12 11 1 -5.040 2.639 -1.623
SPIN 4 12 11 2 2.147 -2.809 4.743
SPIN 4 12 11 3 1.169 -1.888 -5.483
SPIN 4 12 11 4 1.272 -1.281 5.634
SPIN 4 12 11 5 3.372 -4.676 1.329
SPIN 4 12 11 6 -5.214 -0.763 2.689
SPIN 4 12 11 7 -2.579 4.521 -2.813
SPIN 4 12 11 8 -0.679 -5.703 -1.418
SPIN 4 12 11 9 -5.402 -2.253 -0.862
SPIN 4 12 11 10 -1.321 3.564 4.534
SPIN 4 12 11 11 -2.737 -4.862 -1.966
SPIN 4 12 11 12 -1.820 5.619 -0.337
SPIN 4 12 11 13 -1.101 0.248 5.807
SPIN 4 12 11 14 1.503 1.388 -5.551
SPIN 4 12 11 15 -5.058 1.373 2.744
SPIN 1 12 12 0 2.727 3.109 -4.230
SPIN 1 12 12 1 -4.508 -1.346 3.587
SPIN 1 12 12 2 -2.398 4.958 -2.162
SPIN 1 12 12 3 -5.038 1.447 -2.744
SPIN 1 12 12 4 4.078 2.322 -3.602
SPIN 1 12 12 5 5.432 2.282 0.531
SPIN 1 12 12 6 -2.424 3.499 -4.108
SPIN 1 12 12 7 -0.892 -4.305 3.959
SPIN 1 12 12 8 -2.717 3.464 -3.952
SPIN 1 12 12 9 -3.026 5.083 -0.067
SPIN 1 12 12 10 1.248 -5.313 2.283
SPIN 1 12 12 11 -1.530 -1.892 -5.393
SPIN 1 12 12 12 -2.529 0.062 5.348
SPIN 1 12 12 13 -4.565 3.762 0.089
SPIN 1 12 12 14 -4.824 -0.880 3.309
SPIN 1 12 12 15 -5.911 0.192 0.170
SPIN 4 12 12 0 3.124 -4.775 1.563
SPIN 4 12 12 1 2.605 1.465 5.106
SPIN 4 12 12 2 4.425 1.465 -3.643
SPIN 4 12 12 3 -0.685 -2.194 5.451
SPIN 4 12 12 4 0.867 -1.287 -5.709
SPIN 4 12 12 5 -4.536 -0.151 3.794
SPIN 4 12 12 6 0.869 -3.416 -4.751
SPIN 4 12 12 7 1.621 3.358 4.593
SPIN 4 12 12 8 5.789 -0.698 -1.002
SPIN 4 12 12 9 -4.688 -1.302 -3.366
SPIN 4 12 12 10 3.009 -5.051 -0.659
SPIN 4 12 12 11 -2.990 4.040 3.121
SPIN 4 12 12 12 -0.932 -4.437 -3.801
SPIN 4 12 12 13 0.784 -3.089 4.985
SPIN 4 12 12 14 4.384 -3.209 2.342
SPIN 4 12 12 15 2.336 -2.651 -4.745
SPIN 1 12 13 0 0.546 3.034 5.049
SPIN 1 12 13 1 2.221 -4.837 -2.582
SPIN 1 12 13 2 -3.557 4.371 -1.800
SPIN 1 12 13 3 -1.460 4.433 3.636
SPIN 1 12 13 4 -0.523 5.834 0.829
SPIN 1 12 13 5 -0.288 -5.436 2.316
SPIN 1 12 13 6 3.745 2.566 3.794
SPIN 1 12 13 7 -1.962 5.575 0.261
SPIN 1 12 13 8 -1.450 -5.443 -1.810
SPIN 1 12 13 9 3.989 -2.721 -3.419
SPIN 1 12 13 10 -1.553 -5.571 1.246
SPIN 1 12 13 11 -1.177 4.264 -3.928
SPIN 1 12 13 12 0.235 0.783 -5.859
SPIN 1 12 13 13 -0.894 -4.720 3.452
SPIN 1 12 13 14 -3.812 4.492 0.539
SPIN 1 12 13 15 -5.511 0.066 -2.151
SPIN 4 12 13 0 -0.085 5.144 -2.920
SPIN 4 12 13 1 -4.166 -4.045 1.134
SPIN 4 12 13 2 2.720 -0.099 5.253
SPIN 4 12 13 3 -0.151 -2.711 -5.256
SPIN 4 12 13 4 2.128 3.889 3.917
SPIN 4 12 13 5 -0.165 -4.670 -3.628
SPIN 4 12 13 6 4.883 -2.666 2.012
SPIN 4 12 13 7 -5.709 -1.334 0.790
SPIN 4 12 13 8 -3.520 1.842 -4.384
SPIN 4 12 13 9 4.640 3.230 1.744
SPIN 4 12 13 10 -3.062 0.488 5.038
SPIN 4 12 13 11 5.716 0.280 -1.500
SPIN 4 12 13 12 -3.840 -0.538 4.468
SPIN 4 12 13 13 5.510 2.106 0.456
SPIN 4 12 13 14 -3.017 0.841 -5.019
SPIN 4 12 13 15 -1.430 -4.870 3.040
SPIN 1 12 14 0 4.369 3.478 -1.953
SPIN 1 12 14 1 -5.165 -0.402 -2.857
SPIN 1 12 14 2 5.185 -1.883 -2.139
SPIN 1 12 14 3 0.985 5.116 2.803
SPIN 1 12 14 4 -5.428 -2.168 -0.917
SPIN 1 12 14 5 3.448 -4.180 2.374
SPIN 1 12 14 6 -0.399 4.945 3.223
SPIN 1 12 14 7 -5.033 1.111 2.903
SPIN 1 12 14 8 -0.220 4.529 3.800
SPIN 1 12 14 9 -0.965 -5.047 -2.932
SPIN 1 12 14 10 4.694 2.724 -2.356
SPIN 1 12 14 11 -3.748 -4.572 -0.213
SPIN 1 12 14 12 -2.696 5.243 -0.489
SPIN 1 12 14 13 2.292 -1.858 -5.128
SPIN 1 12 14 14 2.435 -5.112 1.713
SPIN 1 12 14 15 -0.621 -3.795 4.496
SPIN 4 12 14 0 -1.449 -2.969 -4.908
SPIN 4 12 14 1 3.709 -2.543 3.844
SPIN 4 12 14 2 -3.911 -2.289 3.803
SPIN 4 12 14 3 -2.344 -2.917 4.582
SPIN 4 12 14 4 1.197 1.627 -5.561
SPIN 4 12 14 5 -1.691 4.794 3.026
SPIN 4 12 14 6 3.633 0.623 -4.627
SPIN 4 12 14 7 4.659 -2.976 -2.106
SPIN 4 12 14 8 0.938 -5.548 1.828
SPIN 4 12 14 9 3.597 2.476 -3.991
SPIN 4 12 14 10 -4.772 -3.054 1.703
SPIN 4 12 14 11 3.752 2.667 -3.716
SPIN 4 12 14 12 1.536 -4.786 3.121
SPIN 4 12 14 13 2.038 -0.812 -5.494
SPIN 4 12 14 14 -0.155 0.574 5.886
SPIN 4 12 14 15 0.742 5.565 -1.864
SPIN 1 12 15 0 0.715 3.243 4.896
SPIN 1 12 15 1 -2.002 -1.167 -5.443
SPIN 1 12 15 2 2.344 -0.523 -5.407
SPIN 1 12 15 3 -2.745 -4.533 -2.629
SPIN 1 12 15 4 3.524 -2.556 -4.006
SPIN 1 12 15 5 -5.713 0.967 1.192
SPIN 1 12 15 6 3.356 -2.995 -3.843
SPIN 1 12 15 7 -4.881 3.138 -1.152
SPIN 1 12 15 8 3.845 4.444 -0.683
SPIN 1 12 15 9 -1.856 -5.518 1.053
SPIN 1 12 15 10 0.394 -5.402 2.379
SPIN 1 12 15 11 -1.929 5.352 1.621
SPIN 1 12 15 12 2.420 -4.068 3.549
SPIN 1 12 15 13 1.203 -2.835 5.051
SPIN 1 12 15 14 -5.163 -0.682 2.807
SPIN 1 12 15 15 5.449 1.797 -1.442
SPIN 4 12 15 0 3.774 -4.365 1.305
SPIN 4 12 15 1 -5.013 1.397 -2.813
SPIN 4 12 15 2 5.905 -0.326 -0.157
SPIN 4 12 15 3 1.875 -3.686 -4.231
SPIN 4 12 15 4 0.911 5.591 1.707
SPIN 4 12 15 5 -4.592 3.357 1.626
SPIN 4 12 15 6 -2.136 4.591 3.059
SPIN 4 12 15 7 2.052 1.517 5.338
SPIN 4 12 15 8 3.441 -1.270 -4.642
SPIN 4 12 15 9 4.412 -2.801 -2.772
SPIN 4 12 15 10 -4.338 -2.487 -3.162
SPIN 4 12 15 11 0.281 5.775 1.251
SPIN 4 12 15 12 4.821 0.449 -3.399
SPIN 4 12 15 13 -3.661 -0.171 4.644
SPIN 4 12 15 14 3.098 -1.478 4.818
SPIN 4 12 15 15 -1.213 -5.749 -0.692
SPIN 3 12 0 0 -2.581 -2.554 4.671
SPIN 3 12 0 1 -2.160 4.693 -2.882
SPIN 3 12 0 2 1.735 1.279 -5.509
SPIN 3 12 0 3 1.909 5.068 2.381
SPIN 3 12 0 4 -3.537 -4.678 0.779
SPIN 3 12 0 5 -1.101 5.730 0.974
SPIN 3 12 0 6 -3.687 -0.010 -4.627
SPIN 3 12 0 7 -5.681 -1.416 -0.852
SPIN 3 12 0 8 4.251 1.355 -3.885
SPIN 3 12 0 9 2.902 2.844 4.300
SPIN 3 12 0 10 -1.803 1.178 -5.510
SPIN 3 12 0 11 -5.628 -1.603 0.872
SPIN 3 12 0 12 -3.347 -2.424 4.233
SPIN 3 12 0 13 -1.540 5.662 -0.759
SPIN 3 12 0 14 0.719 5.775 -1.064
SPIN 3 12 0 15 -1.202 5.709 0.982
SPIN 2 12 0 0 0.253 4.641 -3.660
SPIN 2 12 0 1 -5.867 -0.233 -0.727
SPIN 2 12 0 2 4.796 -3.435 0.448
SPIN 2 12 0 3 3.281 3.230 -3.715
SPIN 2 12 0 4 -5.346 -1.347 -2.145
SPIN 2 12 0 5 2.572 4.853 -2.199
SPIN 2 12 0 6 -5.819 -0.605 0.877
SPIN 2 12 0 7 -0.125 -5.903 0.375
SPIN 2 12 0 8 -2.211 -2.864 4.681
SPIN 2 12 0 9 -3.120 -2.932 4.083
SPIN 2 12 0 10 3.500 -2.665 3.956
SPIN 2 12 0 11 -0.578 4.605 3.669
SPIN 2 12 0 12 -1.146 -4.107 -4.101
SPIN 2 12 0 13 0.558 5.540 -1.998
SPIN 2 12 0 14 5.524 2.113 -0.144
SPIN 2 12 0 15 -3.835 -4.218 1.582
SPIN 3 12 1 0 -0.355 -5.646 -1.730
SPIN 3 12 1 1 2.797 -4.824 -1.976
SPIN 3 12 1 2 -3.247 -4.441 -2.176
SPIN 3 12 1 3 0.581 -5.854 0.629
SPIN 3 12 1 4 0.956 -1.482 5.647
SPIN 3 12 1 5 5.371 -2.367 0.743
SPIN 3 12 1 6 2.202 -1.650 5.237
SPIN 3 12 1 7 2.837 0.882 -5.116
SPIN 3 12 1 8 0.290 -5.324 -2.564
SPIN 3 12 1 9 -0.333 2.297 -5.442
SPIN 3 12 1 10 1.858 -1.817 5.315
SPIN 3 12 1 11 2.061 2.577 4.910
SPIN 3 12 1 12 3.384 4.542 1.709
SPIN 3 12 1 13 -3.319 -4.596 -1.693
SPIN 3 12 1 14 -1.646 -0.550 5.656
SPIN 3 12 1 15 3.486 0.505 4.753
SPIN 2 12 1 0 2.282 -5.351 1.077
SPIN 2 12 1 1 3.070 3.631 -3.521
SPIN 2 12 1 2 3.829 -4.401 -0.985
SPIN 2 12 1 3 5.432 0.279 2.326
SPIN 2 12 1 4 1.518 5.496 -1.579
SPIN 2 12 1 5 -5.464 2.085 -0.891
SPIN 2 12 1 6 0.007 -3.010 -5.093
SPIN 2 12 1 7 -4.641 3.140 1.897
SPIN 2 12 1 8 0.270 4.705 3.576
SPIN 2 12 1 9 -5.606 -1.615 -0.980
SPIN 2 12 1 10 0.862 0.506 -5.831
SPIN 2 12 1 11 4.200 -0.241 4.160
SPIN 2 12 1 12 5.491 -0.359 -2.173
SPIN 2 12 1 13 -3.040 -3.589 -3.588
SPIN 2 12 1 14 3.713 -3.494 3.001
SPIN 2 12 1 15 -4.457 3.653 -1.339
SPIN 3 12 2 0 3.121 3.602 -3.506
SPIN 3 12 2 1 2.239 1.913 -5.131
SPIN 3 12 2 2 1.691 -4.844 2.945
SPIN 3 12 2 3 -4.862 -0.198 3.365
SPIN 3 12 2 4 2.096 1.086 -5.425
SPIN 3 12 2 5 -0.419 5.436 -2.296
SPIN 3 12 2 6 3.050 4.850 1.473
SPIN 3 12 2 7 1.455 -2.175 -5.306
SPIN 3 12 2 8 3.817 -0.912 4.427
SPIN 3 12 2 9 1.018 -4.865 3.209
SPIN 3 12 2 10 -4.246 -4.092 0.473
SPIN 3 12 2 11 1.792 -5.206 -2.165
SPIN 3 12 2 12 2.419 -5.394 0.234
SPIN 3 12 2 13 -2.102 -4.114 -3.696
SPIN 3 12 2 14 3.866 4.151 -1.682
SPIN 3 12 2 15 -2.247 3.875 -3.865
SPIN 2 12 2 0 -4.864 -3.176 -1.120
SPIN 2 12 2 1 3.439 -4.481 -1.760
SPIN 2 12 2 2 1.546 -2.211 5.265
SPIN 2 12 2 3 2.407 5.389 0.399
SPIN 2 12 2 4 1.438 -5.650 1.005
SPIN 2 12 2 5 3.994 3.833 2.087
SPIN 2 12 2 6 -4.859 2.744 1.964
SPIN 2 12 2 7 1.809 -4.566 -3.298
SPIN 2 12 2 8 4.863 -3.369 0.026
SPIN 2 12 2 9 1.114 2.960 5.000
SPIN 2 12 2 10 -3.275 4.189 2.594
SPIN 2 12 2 11 2.984 -3.905 -3.293
SPIN 2 12 2 12 -1.399 4.730 3.267
SPIN 2 12 2 13 -4.403 1.276 -3.740
SPIN 2 12 2 14 -5.487 0.016 2.211
SPIN 2 12 2 15 2.623 -5.229 -0.878
SPIN 3 12 3 0 -1.848 5.617 -0.179
SPIN 3 12 3 1 3.126 2.096 4.565
SPIN 3 12 3 2 -3.744 -2.447 -3.872
SPIN 3 12 3 3 1.672 3.579 -4.404
SPIN 3 12 3 4 -1.572 4.890 2.935
SPIN 3 12 3 5 -4.990 -1.220 -2.935
SPIN 3 12 3 6 4.258 3.954 1.112
SPIN 3 12 3 7 -5.043 -2.224 2.150
SPIN 3 12 3 8 4.963 2.960 1.270
SPIN 3 12 3 9 0.707 5.452 -2.185
SPIN 3 12 3 10 0.834 -4.146 4.137
SPIN 3 12 3 11 3.922 0.920 -4.332
SPIN 3 12 3 12 -0.471 1.544 5.692
SPIN 3 12 3 13 5.706 1.151 -1.056
SPIN 3 12 3 14 -3.895 -1.761 4.090
SPIN 3 12 3 15 1.250 -5.410 -2.043
SPIN 2 12 3 0 3.510 2.808 3.847
SPIN 2 12 3 1 -0.871 -5.776 -0.938
SPIN 2 12 3 2 5.336 2.178 1.336
SPIN 2 12 3 3 2.877 -2.029 -4.754
SPIN 2 12 3 4 -1.338 4.774 3.228
SPIN 2 12 3 5 -1.237 2.641 -5.147
SPIN 2 12 3 6 3.712 0.269 4.599
SPIN 2 12 3 7 -2.186 -1.575 -5.267
SPIN 2 12 3 8 4.896 3.289 -0.460
SPIN 2 12 3 9 -4.289 -3.488 2.108
SPIN 2 12 3 10 -5.280 -1.406 -2.267
SPIN 2 12 3 11 -1.457 2.968 4.906
SPIN 2 12 3 12 -2.004 -2.748 4.840
SPIN 2 12 3 13 -0.501 -1.791 -5.616
SPIN 2 12 3 14 -1.593 2.912 -4.897
SPIN 2 12 3 15 5.141 -2.628 -1.289
SPIN 3 12 4 0 0.115 -3.299 4.909
SPIN 3 12 4 1 5.712 1.248 0.907
SPIN 3 12 4 2 5.768 -1.289 -0.269
SPIN 3 12 4 3 -1.316 -2.540 -5.178
SPIN 3 12 4 4 -1.938 -3.277 -4.528
SPIN 3 12 4 5 -5.029 2.948 1.011
SPIN 3 12 4 6 -2.737 2.324 4.702
SPIN 3 12 4 7 -1.540 -0.164 -5.710
SPIN 3 12 4 8 -4.434 -2.087 3.315
SPIN 3 12 4 9 -1.089 5.815 0.049
SPIN 3 12 4 10 -4.790 2.437 2.472
SPIN 3 12 4 11 0.707 5.397 -2.317
SPIN 3 12 4 12 3.926 -4.270 -1.163
SPIN 3 12 4 13 3.546 -2.570 3.978
SPIN 3 12 4 14 -3.619 4.361 -1.697
SPIN 3 12 4 15 -5.190 -1.955 2.059
SPIN 2 12 4 0 1.769 -0.083 -5.645
SPIN 2 12 4 1 -0.251 4.128 -4.230
SPIN 2 12 4 2 -4.025 0.992 -4.221
SPIN 2 12 4 3 -1.284 -0.137 5.774
SPIN 2 12 4 4 5.882 0.213 0.594
SPIN 2 12 4 5 1.963 -3.358 4.458
SPIN 2 12 4 6 -2.951 -2.632 -4.401
SPIN 2 12 4 7 -5.192 -2.755 -0.674
SPIN 2 12 4 8 2.299 4.722 2.723
SPIN 2 12 4 9 1.163 -2.818 -5.070
SPIN 2 12 4 10 5.426 1.037 2.118
SPIN 2 12 4 11 3.481 -4.783 -0.091
SPIN 2 12 4 12 -1.521 5.073 -2.636
SPIN 2 12 4 13 -3.056 -5.015 0.716
SPIN 2 12 4 14 0.482 5.881 0.431
SPIN 2 12 4 15 -4.024 1.020 -4.215
SPIN 3 12 5 0 2.835 -0.118 -5.191
SPIN 3 12 5 1 -2.680 -2.597 -4.591
SPIN 3 12 5 2 -0.277 5.878 0.614
SPIN 3 12 5 3 2.856 4.915 1.638
SPIN 3 12 5 4 -0.862 4.970 3.091
SPIN 3 12 5 5 2.054 -5.192 1.957
SPIN 3 12 5 6 -4.191 -3.956 1.335
SPIN 3 12 5 7 -1.754 4.526 -3.381
SPIN 3 12 5 8 -5.298 -2.631 0.073
SPIN 3 12 5 9 -3.246 -0.642 -4.904
SPIN 3 12 5 10 5.674 -0.298 -1.647
SPIN 3 12 5 11 -3.920 -3.713 -2.418
SPIN 3 12 5 12 0.459 3.988 4.346
SPIN 3 12 5 13 4.989 -1.688 -2.695
SPIN 3 12 5 14 -5.583 1.948 -0.171
SPIN 3 12 5 15 4.871 2.578 2.150
SPIN 2 12 5 0 0.300 -3.124 -5.015
SPIN 2 12 5 1 -5.796 1.119 0.389
SPIN 2 12 5 2 4.644 -0.293 -3.653
SPIN 2 12 5 3 -4.006 -3.892 -1.949
SPIN 2 12 5 4 -4.427 1.565 -3.599
SPIN 2 12 5 5 -1.453 -3.653 -4.421
SPIN 2 12 5 6 -1.174 -4.091 -4.110
SPIN 2 12 5 7 -2.736 2.101 4.806
SPIN 2 12 5 8 4.578 0.061 -3.747
SPIN 2 12 5 9 0.104 -5.880 0.645
SPIN 2 12 5 10 -0.198 5.785 1.224
SPIN 2 12 5 11 0.002 4.924 -3.279
SPIN 2 12 5 12 3.554 -4.676 0.711
SPIN 2 12 5 13 -2.791 -2.719 4.452
SPIN 2 12 5 14 3.189 -1.163 -4.845
SPIN 2 12 5 15 -0.548 5.863 0.574
SPIN 3 12 6 0 -4.058 -4.083 1.366
SPIN 3 12 6 1 4.956 -1.214 2.993
SPIN 3 12 6 2 3.113 1.295 4.861
SPIN 3 12 6 3 1.586 5.549 -1.303
SPIN 3 12 6 4 -1.008 5.172 -2.691
SPIN 3 12 6 5 -3.500 -2.199 -4.232
SPIN 3 12 6 6 4.915 3.173 -0.879
SPIN 3 12 6 7 -4.614 -2.972 -2.209
SPIN 3 12 6 8 -2.271 5.453 0.328
SPIN 3 12 6 9 5.688 1.376 0.870
SPIN 3 12 6 10 -5.645 -0.466 -1.707
SPIN 3 12 6 11 -2.398 -5.162 1.613
SPIN 3 12 6 12 2.064 2.567 4.915
SPIN 3 12 6 13 5.244 1.047 -2.530
SPIN 3 12 6 14 -5.726 1.468 -0.245
SPIN 3 12 6 15 0.624 5.131 -2.879
SPIN 2 12 6 0 5.484 2.031 -0.894
SPIN 2 12 6 1 1.261 -3.219 -4.801
SPIN 2 12 6 2 -3.577 -4.603 -1.010
SPIN 2 12 6 3 1.647 -1.467 -5.489
SPIN 2 12 6 4 -3.006 -1.324 4.921
SPIN 2 12 6 5 3.799 1.362 -4.326
SPIN 2 12 6 6 -1.851 4.850 2.837
SPIN 2 12 6 7 4.505 0.610 -3.786
SPIN 2 12 6 8 2.219 5.290 1.447
SPIN 2 12 6 9 0.335 2.603 5.302
SPIN 2 12 6 10 5.097 0.752 -2.908
SPIN 2 12 6 11 -0.648 4.242 -4.073
SPIN 2 12 6 12 2.401 -1.538 5.184
SPIN 2 12 6 13 -0.870 5.043 -2.969
SPIN 2 12 6 14 -4.677 2.739 -2.372
SPIN 2 12 6 15 1.326 4.258 -3.887
SPIN 3 12 7 0 1.448 -5.267 -2.272
SPIN 3 12 7 1 -1.383 4.171 3.962
SPIN 3 12 7 2 0.827 -5.755 1.092
SPIN 3 12 7 3 -4.988 -1.980 -2.491
SPIN 3 12 7 4 1.882 -4.667 3.111
SPIN 3 12 7 5 -0.496 2.978 -5.088
SPIN 3 12 7 6 -0.415 -4.584 3.716
SPIN 3 12 7 7 5.785 1.155 0.447
SPIN 3 12 7 8 -4.495 -1.871 -3.361
SPIN 3 12 7 9 1.644 -4.759 -3.106
SPIN 3 12 7 10 0.392 -1.073 -5.805
SPIN 3 12 7 11 4.458 -3.781 0.909
SPIN 3 12 7 12 4.273 4.079 -0.315
SPIN 3 12 7 13 -3.394 -0.651 4.802
SPIN 3 12 7 14 0.035 -2.467 5.377
SPIN 3 12 7 15 1.272 1.770 5.500
SPIN 2 12 7 0 1.843 -3.094 4.694
SPIN 2 12 7 1 -1.613 5.268 -2.157
SPIN 2 12 7 2 -2.254 -1.156 -5.346
SPIN 2 12 7 3 -3.326 2.518 4.195
SPIN 2 12 7 4 -0.889 1.145 -5.736
SPIN 2 12 7 5 2.284 3.276 -4.365
SPIN 2 12 7 6 2.273 -4.908 -2.397
SPIN 2 12 7 7 -2.236 -3.810 3.935
SPIN 2 12 7 8 -4.385 -2.720 -2.893
SPIN 2 12 7 9 -0.242 5.903 -0.311
SPIN 2 12 7 10 -1.503 3.628 4.424
SPIN 2 12 7 11 2.532 -1.344 -5.175
SPIN 2 12 7 12 3.554 -0.570 4.695
SPIN 2 12 7 13 2.325 -2.333 -4.914
SPIN 2 12 7 14 4.973 -3.054 -0.968
SPIN 2 12 7 15 4.017 -3.101 -3.040
SPIN 3 12 8 0 3.064 4.362 2.567
SPIN 3 12 8 1 -0.901 -2.531 5.271
SPIN 3 12 8 2 -3.670 3.457 3.095
SPIN 3 12 8 3 2.339 3.780 -3.904
SPIN 3 12 8 4 -2.388 3.937 3.715
SPIN 3 12 8 5 2.639 -4.468 2.841
SPIN 3 12 8 6 3.281 -4.611 -1.725
SPIN 3 12 8 7 -5.458 -0.232 2.271
SPIN 3 12 8 8 -0.415 -1.748 5.637
SPIN 3 12 8 9 -4.927 2.834 -1.640
SPIN 3 12 8 10 -5.099 -2.486 1.680
SPIN 3 12 8 11 3.250 2.776 4.090
SPIN 3 12 8 12 -3.266 1.214 -4.781
SPIN 3 12 8 13 0.198 5.811 1.092
SPIN 3 12 8 14 -0.302 0.933 5.834
SPIN 3 12 8 15 -4.368 -2.334 -3.236
SPIN 2 12 8 0 1.879 5.609 0.071
SPIN 2 12 8 1 -0.022 -3.743 -4.582
SPIN 2 12 8 2 0.254 -3.035 5.072
SPIN 2 12 8 3 0.896 -5.466 -2.079
SPIN 2 12 8 4 4.069 -0.506 4.264
SPIN 2 12 8 5 -0.509 -2.173 -5.479
SPIN 2 12 8 6 2.432 4.159 -3.433
SPIN 2 12 8 7 -1.846 3.800 -4.142
SPIN 2 12 8 8 -0.999 4.199 -4.047
SPIN 2 12 8 9 -2.890 -3.692 3.608
SPIN 2 12 8 10 -2.745 5.158 -0.925
SPIN 2 12 8 11 -1.199 3.550 4.578
SPIN 2 12 8 12 -0.453 -3.818 -4.497
SPIN 2 12 8 13 4.739 0.881 3.430
SPIN 2 12 8 14 -1.957 -0.731 5.535
SPIN 2 12 8 15 -4.836 -0.348 3.390
SPIN 3 12 9 0 -3.882 1.646 -4.150
SPIN 3 12 9 1 -2.676 4.989 1.717
SPIN 3 12 9 2 -2.483 5.369 0.074
SPIN 3 12 9 3 5.740 0.671 -1.264
SPIN 3 12 9 4 0.433 -1.639 5.668
SPIN 3 12 9 5 -2.278 -0.454 -5.441
SPIN 3 12 9 6 -4.965 -1.739 2.707
SPIN 3 12 9 7 -4.289 -3.388 -2.265
SPIN 3 12 9 8 4.972 3.108 -0.790
SPIN 3 12 9 9 3.992 -4.171 1.293
SPIN 3 12 9 10 -4.568 0.100 -3.758
SPIN 3 12 9 11 -5.380 -1.416 -2.012
SPIN 3 12 9 12 -3.723 -3.457 3.031
SPIN 3 12 9 13 0.717 3.835 -4.447
SPIN 3 12 9 14 5.258 2.156 1.645
SPIN 3 12 9 15 -2.428 -5.156 -1.587
SPIN 2 12 9 0 5.322 -2.329 1.118
SPIN 2 12 9 1 0.701 0.560 5.848
SPIN 2 12 9 2 -4.808 -1.724 -2.985
SPIN 2 12 9 3 0.180 3.404 -4.836
SPIN 2 12 9 4 0.866 -5.816 0.653
SPIN 2 12 9 5 0.709 3.650 4.602
SPIN 2 12 9 6 -0.084 -5.680 -1.654
SPIN 2 12 9 7 4.126 2.529 -3.403
SPIN 2 12 9 8 0.713 5.758 1.154
SPIN 2 12 9 9 -3.826 0.495 -4.485
SPIN 2 12 9 10 4.298 2.817 -2.931
SPIN 2 12 9 11 0.986 -3.662 -4.541
SPIN 2 12 9 12 -1.021 -0.055 -5.827
SPIN 2 12 9 13 -2.185 3.212 -4.462
SPIN 2 12 9 14 2.055 -5.312 -1.599
SPIN 2 12 9 15 -1.649 3.742 4.276
SPIN 3 12 10 0 0.847 2.917 -5.077
SPIN 3 12 10 1 -3.631 4.217 2.008
SPIN 3 12 10 2 5.590 -0.485 -1.875
SPIN 3 12 10 3 0.136 5.179 2.857
SPIN 3 12 10 4 -5.304 -1.074 -2.391
SPIN 3 12 10 5 4.701 -3.027 -1.932
SPIN 3 12 10 6 -5.434 -1.972 1.257
SPIN 3 12 10 7 1.726 0.844 -5.595
SPIN 3 12 10 8 -4.023 -3.868 -1.963
SPIN 3 12 10 9 -4.927 -2.010 -2.586
SPIN 3 12 10 10 4.817 -2.276 2.572
SPIN 3 12 10 11 -4.475 2.686 2.786
SPIN 3 12 10 12 -0.225 -3.571 4.711
SPIN 3 12 10 13 -5.130 -2.109 2.058
SPIN 3 12 10 14 0.022 5.859 0.819
SPIN 3 12 10 15 1.222 -4.202 -3.981
SPIN 2 12 10 0 1.226 1.365 -5.624
SPIN 2 12 10 1 -0.178 -4.087 4.273
SPIN 2 12 10 2 -4.852 -3.188 1.135
SPIN 2 12 10 3 5.841 -0.937 0.018
SPIN 2 12 10 4 3.788 1.751 4.194
SPIN 2 12 10 5 3.852 4.139 -1.741
SPIN 2 12 10 6 -1.555 0.254 5.702
SPIN 2 12 10 7 -1.922 3.630 -4.258
SPIN 2 12 10 8 -2.482 -2.377 -4.815
SPIN 2 12 10 9 5.631 0.170 -1.807
SPIN 2 12 10 10 4.830 0.120 3.415
SPIN 2 12 10 11 -3.526 -4.162 -2.289
SPIN 2 12 10 12 1.528 5.640 0.924
SPIN 2 12 10 13 -0.711 -5.732 -1.282
SPIN 2 12 10 14 -3.621 -0.328 -4.667
SPIN 2 12 10 15 -2.122 0.610 -5.488
SPIN 3 12 11 0 0.093 -3.968 -4.387
SPIN 3 12 11 1 -1.155 5.775 0.560
SPIN 3 12 11 2 -5.831 -0.382 0.924
SPIN 3 12 11 3 3.416 -1.545 -4.577
SPIN 3 12 11 4 -2.800 4.765 -2.110
SPIN 3 12 11 5 1.093 -4.740 -3.367
SPIN 3 12 11 6 3.219 -2.375 4.359
SPIN 3 12 11 7 -5.793 1.195 -0.100
SPIN 3 12 11 8 -2.686 1.349 5.095
SPIN 3 12 11 9 -4.435 0.238 -3.909
SPIN 3 12 11 10 -3.100 3.662 -3.461
SPIN 3 12 11 11 -3.306 -3.485 -3.453
SPIN 3 12 11 12 4.960 -0.133 -3.221
SPIN 3 12 11 13 5.106 0.303 2.972
SPIN 3 12 11 14 -3.799 -3.822 2.443
SPIN 3 12 11 15 -4.155 -0.295 4.201
SPIN 2 12 11 0 -5.495 -0.462 -2.144
SPIN 2 12 11 1 4.311 3.855 1.246
SPIN 2 12 11 2 -5.361 -2.215 1.164
SPIN 2 12 11 3 4.376 3.928 0.652
SPIN 2 12 11 4 -2.271 -5.088 1.990
SPIN 2 12 11 5 -2.116 -3.052 -4.605
SPIN 2 12 11 6 -3.391 4.818 -0.536
SPIN 2 12 11 7 -2.863 -2.727 -4.401
SPIN 2 12 11 8 -4.195 -0.370 4.156
SPIN 2 12 11 9 2.862 0.801 -5.115
SPIN 2 12 11 10 -3.171 3.855 3.176
SPIN 2 12 11 11 -4.828 2.112 -2.689
SPIN 2 12 11 12 -5.644 0.866 -1.547
SPIN 2 12 11 13 -4.677 2.270 2.824
SPIN 2 12 11 14 -3.826 3.118 3.262
SPIN 2 12 11 15 -0.122 -1.536 5.712
SPIN 3 12 12 0 3.774 4.115 1.954
SPIN 3 12 12 1 -3.500 3.651 -3.069
SPIN 3 12 12 2 1.547 -5.707 0.188
SPIN 3 12 12 3 -2.841 5.189 0.054
SPIN 3 12 12 4 2.719 0.670 5.211
SPIN 3 12 12 5 0.105 4.883 -3.338
SPIN 3 12 12 6 1.483 4.122 -3.976
SPIN 3 12 12 7 -0.958 -5.838 -0.059
SPIN 3 12 12 8 -3.314 -0.235 4.895
SPIN 3 12 12 9 4.554 -2.542 2.792
SPIN 3 12 12 10 1.593 5.287 2.123
SPIN 3 12 12 11 -3.177 4.625 1.875
SPIN 3 12 12 12 4.599 -3.651 -0.720
SPIN 3 12 12 13 3.177 3.822 -3.208
SPIN 3 12 12 14 2.894 4.851 1.757
SPIN 3 12 12 15 -2.266 0.759 -5.412
SPIN 2 12 12 0 -4.189 -1.942 -3.699
SPIN 2 12 12 1 -3.371 -3.981 -2.791
SPIN 2 12 12 2 4.782 2.913 -1.908
SPIN 2 12 12 3 -2.419 -5.277 1.140
SPIN 2 12 12 4 -4.783 3.446 -0.496
SPIN 2 12 12 5 -1.005 0.077 5.830
SPIN 2 12 12 6 4.776 -2.832 2.041
SPIN 2 12 12 7 2.875 1.853 4.827
SPIN 2 12 12 8 2.092 4.739 -2.858
SPIN 2 12 12 9 -2.408 5.065 1.884
SPIN 2 12 12 10 -5.828 0.418 0.929
SPIN 2 12 12 11 2.523 -5.331 0.460
SPIN 2 12 12 12 -2.417 4.195 3.400
SPIN 2 12 12 13 3.443 3.507 -3.293
SPIN 2 12 12 14 -0.328 5.233 2.741
SPIN 2 12 12 15 2.904 -5.078 -0.883
SPIN 3 12 13 0 -2.778 -4.579 -2.513
SPIN 3 12 13 1 3.850 0.202 -4.487
SPIN 3 12 13 2 -0.287 -2.229 5.473
SPIN 3 12 13 3 3.412 -3.762 -3.034
SPIN 3 12 13 4 -4.533 0.313 -3.789
SPIN 3 12 13 5 4.697 -0.375 3.577
SPIN 3 12 13 6 -2.517 -5.317 -0.625
SPIN 3 12 13 7 5.133 -0.998 2.766
SPIN 3 12 13 8 -5.153 -1.767 -2.307
SPIN 3 12 13 9 5.647 -0.755 1.593
SPIN 3 12 13 10 3.930 -2.804 -3.419
SPIN 3 12 13 11 -0.554 -3.646 4.626
SPIN 3 12 13 12 -0.446 1.373 -5.737
SPIN 3 12 13 13 -0.382 -1.341 -5.749
SPIN 3 12 13 14 5.651 1.534 -0.843
SPIN 3 12 13 15 4.700 2.301 2.760
SPIN 2 12 13 0 0.718 -3.133 4.967
SPIN 2 12 13 1 5.702 0.081 1.575
SPIN 2 12 13 2 -5.387 -1.962 1.459
SPIN 2 12 13 3 -3.286 4.626 -1.672
SPIN 2 12 13 4 3.770 -0.454 4.537
SPIN 2 12 13 5 0.462 -3.597 4.675
SPIN 2 12 13 6 -3.411 4.834 -0.023
SPIN 2 12 13 7 3.232 -4.030 -2.883
SPIN 2 12 13 8 2.042 -5.403 1.280
SPIN 2 12 13 9 4.001 4.028 1.663
SPIN 2 12 13 10 0.722 1.380 -5.707
SPIN 2 12 13 11 2.920 -2.018 4.733
SPIN 2 12 13 12 -0.185 -1.623 -5.686
SPIN 2 12 13 13 4.790 -1.740 3.005
SPIN 2 12 13 14 -4.296 3.535 -2.012
SPIN 2 12 13 15 -0.534 -5.339 -2.492
SPIN 3 12 14 0 4.686 3.447 -1.078
SPIN 3 12 14 1 -5.901 -0.117 0.405
SPIN 3 12 14 2 1.167 4.734 3.351
SPIN 3 12 14 3 1.170 -1.852 -5.496
SPIN 3 12 14 4 -1.912 4.350 3.524
SPIN 3 12 14 5 3.896 2.957 -3.329
SPIN 3 12 14 6 -3.399 4.838 0.205
SPIN 3 12 14 7 -0.453 5.092 2.978
SPIN 3 12 14 8 1.495 3.805 4.276
SPIN 3 12 14 9 -5.442 0.267 2.306
SPIN 3 12 14 10 4.801 0.390 -3.435
SPIN 3 12 14 11 -0.395 -1.820 5.615
SPIN 3 12 14 12 3.316 4.392 -2.172
SPIN 3 12 14 13 -3.904 3.501 2.740
SPIN 3 12 14 14 0.926 -2.975 -5.029
SPIN 3 12 14 15 -4.076 2.911 -3.149
SPIN 2 12 14 0 5.255 2.547 -0.948
SPIN 2 12 14 1 -2.991 -3.449 -3.762
SPIN 2 12 14 2 3.569 -3.256 -3.415
SPIN 2 12 14 3 -2.309 -2.935 -4.588
SPIN 2 12 14 4 -2.665 1.148 5.156
SPIN 2 12 14 5 4.033 -0.906 -4.232
SPIN 2 12 14 6 3.855 -4.488 0.053
SPIN 2 12 14 7 2.179 5.291 -1.501
SPIN 2 12 14 8 -4.005 -2.172 -3.774
SPIN 2 12 14 9 -5.286 2.619 0.443
SPIN 2 12 14 10 5.666 0.838 -1.483
SPIN 2 12 14 11 0.670 -1.459 -5.694
SPIN 2 12 14 12 3.612 -4.055 2.348
SPIN 2 12 14 13 5.156 -0.089 2.899
SPIN 2 12 14 14 0.278 1.810 -5.626
SPIN 2 12 14 15 -4.141 4.222 -0.180
SPIN 3 12 15 0 -0.231 -2.011 -5.559
SPIN 3 12 15 1 -1.766 -0.704 5.602
SPIN 3 12 15 2 -1.355 5.505 1.691
SPIN 3 12 15 3 -2.221 2.933 4.633
SPIN 3 12 15 4 -2.624 -1.280 -5.145
SPIN 3 12 15 5 -5.685 1.614 0.276
SPIN 3 12 15 6 -2.240 -3.931 -3.812
SPIN 3 12 15 7 3.559 4.725 0.090
SPIN 3 12 15 8 2.568 5.298 0.577
SPIN 3 12 15 9 0.997 -3.583 4.601
SPIN 3 12 15 10 0.679 5.550 1.934
SPIN 3 12 15 11 1.256 -5.098 -2.726
SPIN 3 12 15 12 -2.626 1.526 -5.077
SPIN 3 12 15 13 -1.053 -5.363 2.264
SPIN 3 12 15 14 0.390 5.840 0.858
SPIN 3 12 15 15 3.106 -2.525 4.356
SPIN 2 12 15 0 -5.013 2.043 2.387
SPIN 2 12 15 1 4.472 -1.701 -3.480
SPIN 2 12 15 2 -1.394 -2.162 5.328
SPIN 2 12 15 3 -2.193 -3.760 -4.007
SPIN 2 12 15 4 -3.681 1.837 -4.252
SPIN 2 12 15 5 3.993 -2.816 3.336
SPIN 2 12 15 6 -3.650 1.166 4.507
SPIN 2 12 15 7 2.818 4.156 -3.128
SPIN 2 12 15 8 -5.262 -1.730 2.078
SPIN 2 12 15 9 3.386 4.115 -2.569
SPIN 2 12 15 10 4.075 0.503 -4.259
SPIN 2 12 15 11 -2.916 -5.109 -0.628
SPIN 2 12 15 12 -5.682 -0.137 -1.642
SPIN 2 12 15 13 -1.958 -1.210 -5.450
SPIN 2 12 15 14 2.029 1.908 5.220
SPIN 2 12 15 15 3.463 -3.360 3.424
SPIN 1 13 0 0 2.011 2.242 -5.092
SPIN 1 13 0 1 -3.187 0.117 4.983
SPIN 1 13 0 2 0.556 -5.869 0.498
SPIN 1 13 0 3 -4.897 -0.111 3.317
SPIN 1 13 0 4 5.189 -0.644 2.768
SPIN 1 13 0 5 -4.928 3.130 -0.955
SPIN 1 13 0 6 -2.447 -0.439 -5.368
SPIN 1 13 0 7 -5.677 1.542 -0.629
SPIN 1 13 0 8 4.838 1.615 -2.998
SPIN 1 13 0 9 -3.199 4.128 2.780
SPIN 1 13 0 10 1.408 -4.891 3.016
SPIN 1 13 0 11 3.408 0.199 -4.832
SPIN 1 13 0 12 1.213 -3.706 4.449
SPIN 1 13 0 13 3.717 -3.878 -2.479
SPIN 1 13 0 14 -3.486 0.554 4.748
SPIN 1 13 0 15 2.140 -1.382 5.340
SPIN 4 13 0 0 4.597 3.207 -1.892
SPIN 4 13 0 1 1.550 -0.096 -5.709
SPIN 4 13 0 2 -3.616 4.196 2.078
SPIN 4 13 0 3 2.884 -2.499 4.521
SPIN 4 13 0 4 -0.427 5.197 -2.794
SPIN 4 13 0 5 4.607 1.282 3.483
SPIN 4 13 0 6 1.212 -5.200 -2.547
SPIN 4 13 0 7 1.759 4.203 -3.773
SPIN 4 13 0 8 -0.621 -5.214 -2.726
SPIN 4 13 0 9 0.892 2.647 -5.215
SPIN 4 13 0 10 2.503 -0.774 5.304
SPIN 4 13 0 11 -5.534 0.540 2.020
SPIN 4 13 0 12 -5.453 1.804 -1.419
SPIN 4 13 0 13 -2.720 -2.718 4.496
SPIN 4 13 0 14 -1.459 5.565 1.378
SPIN 4 13 0 15 -4.154 -3.771 -1.879
SPIN 1 13 1 0 1.223 3.912 -4.266
SPIN 1 13 1 1 -4.520 1.089 3.659
SPIN 1 13 1 2 1.045 0.741 5.776
SPIN 1 13 1 3 -3.908 -3.929 2.072
SPIN 1 13 1 4 -0.869 0.106 -5.851
SPIN 1 13 1 5 -0.700 3.323 4.844
SPIN 1 13 1 6 3.923 3.574 -2.613
SPIN 1 13 1 7 2.218 -5.393 0.996
SPIN 1 13 1 8 0.210 -0.680 5.873
SPIN 1 13 1 9 5.401 1.697 -1.718
SPIN 1 13 1 10 -0.688 -5.215 2.707
SPIN 1 13 1 11 -3.361 4.441 -1.994
SPIN 1 13 1 12 -0.553 -5.609 1.799
SPIN 1 13 1 13 -0.427 4.934 3.237
SPIN 1 13 1 14 -2.786 -5.148 0.859
SPIN 1 13 1 15 5.053 1.288 -2.794
SPIN 4 13 1 0 -2.415 4.206 3.388
SPIN 4 13 1 1 0.619 -5.799 -0.993
SPIN 4 13 1 2 2.147 4.981 2.362
SPIN 4 13 1 3 -3.134 0.402 -5.001
SPIN 4 13 1 4 2.545 -2.849 -4.517
SPIN 4 13 1 5 0.510 -2.375 5.394
SPIN 4 13 1 6 -1.457 4.552 -3.486
SPIN 4 13 1 7 -4.254 -4.068 0.595
SPIN 4 13 1 8 4.334 -3.834 1.232
SPIN 4 13 1 9 1.065 5.402 2.165
SPIN 4 13 1 10 -0.851 3.870 -4.393
SPIN 4 13 1 11 -4.781 -1.494 3.148
SPIN 4 13 1 12 1.560 -5.108 2.545
SPIN 4 13 1 13 -1.448 -3.085 -4.836
SPIN 4 13 1 14 -1.296 -3.529 4.568
SPIN 4 13 1 15 0.599 4.838 3.351
SPIN 1 13 2 0 -0.190 -1.816 5.627
SPIN 1 13 2 1 5.424 -1.608 -1.729
SPIN 1 13 2 2 -2.174 4.880 -2.542
SPIN 1 13 2 3 -4.536 1.756 -3.367
SPIN 1 13 2 4 0.660 -1.379 5.715
SPIN 1 13 2 5 2.263 -5.466 -0.053
SPIN 1 13 2 6 -3.862 1.051 4.357
SPIN 1 13 2 7 2.091 -2.095 -5.122
SPIN 1 13 2 8 1.482 5.258 2.272
SPIN 1 13 2 9 -3.352 -2.850 -3.955
SPIN 1 13 2 10 2.589 0.530 -5.293
SPIN 1 13 2 11 -1.623 -5.361 -1.903
SPIN 1 13 2 12 0.195 5.651 -1.741
SPIN 1 13 2 13 -5.015 -2.903 1.193
SPIN 1 13 2 14 5.356 1.420 2.073
SPIN 1 13 2 15 -4.606 -3.644 0.711
SPIN 4 13 2 0 -0.979 5.832 0.170
SPIN 4 13 2 1 -0.838 4.060 4.221
SPIN 4 13 2 2 5.646 1.768 -0.028
SPIN 4 13 2 3 4.081 1.178 4.118
SPIN 4 13 2 4 -0.515 -3.891 4.427
SPIN 4 13 2 5 -0.529 3.131 -4.991
SPIN 4 13 2 6 4.285 -3.680 1.761
SPIN 4 13 2 7 -1.378 5.594 -1.344
SPIN 4 13 2 8 -2.100 1.355 -5.362
SPIN 4 13 2 9 -3.290 -4.783 -1.141
SPIN 4 13 2 10 5.694 1.328 -0.905
SPIN 4 13 2 11 0.779 -1.655 5.626
SPIN 4 13 2 12 -0.907 -2.596 -5.238
SPIN 4 13 2 13 -3.083 4.770 -1.657
SPIN 4 13 2 14 -4.478 -3.293 -2.026
SPIN 4 13 2 15 5.101 1.977 2.251
SPIN 1 13 3 0 -5.832 -0.910 -0.406
SPIN 1 13 3 1 5.215 -2.774 -0.324
SPIN 1 13 3 2 0.377 1.925 -5.581
SPIN 1 13 3 3 -3.520 -4.751 0.187
SPIN 1 13 3 4 -2.756 5.094 -1.208
SPIN 1 13 3 5 -2.827 -3.529 3.815
SPIN 1 13 3 6 0.700 5.842 -0.620
SPIN 1 13 3 7 0.043 1.066 5.819
SPIN 1 13 3 8 -4.030 1.503 -4.062
SPIN 1 13 3 9 4.342 -4.018 -0.003
SPIN 1 13 3 10 -4.616 0.012 3.700
SPIN 1 13 3 11 0.929 5.817 -0.543
SPIN 1 13 3 12 5.732 1.265 0.739
SPIN 1 13 3 13 -0.966 -2.163 5.421
SPIN 1 13 3 14 4.802 -2.976 -1.757
SPIN 1 13 3 15 4.476 -0.813 3.782
SPIN 4 13 3 0 -0.191 -5.730 -1.458
SPIN 4 13 3 1 -5.813 0.125 1.092
SPIN 4 13 3 2 -0.443 5.210 -2.768
SPIN 4 13 3 3 4.067 -1.414 4.057
SPIN 4 13 3 4 -5.725 -0.067 1.488
SPIN 4 13 3 5 4.863 0.445 3.339
SPIN 4 13 3 6 -4.661 -1.573 3.287
SPIN 4 13 3 7 -3.384 -4.427 1.986
SPIN 4 13 3 8 2.819 4.807 1.985
SPIN 4 13 3 9 1.142 5.051 2.861
SPIN 4 13 3 10 0.332 0.140 -5.905
SPIN 4 13 3 11 2.562 4.947 -1.992
SPIN 4 13 3 12 0.722 1.377 5.708
SPIN 4 13 3 13 -1.122 3.631 4.534
SPIN 4 13 3 14 3.401 3.847 -2.939
SPIN 4 13 3 15 5.133 2.906 -0.450
SPIN 1 13 4 0 5.607 1.755 0.695
SPIN 1 13 4 1 -4.825 0.146 3.420
SPIN 1 13 4 2 -0.546 5.696 1.501
SPIN 1 13 4 3 -3.630 1.841 -4.293
SPIN 1 13 4 4 -0.262 4.812 3.432
SPIN 1 13 4 5 3.961 4.006 1.807
SPIN 1 13 4 6 -4.551 -0.109 -3.779
SPIN 1 13 4 7 5.085 -1.152 2.795
SPIN 1 13 4 8 -1.603 3.124 4.761
SPIN 1 13 4 9 2.649 -4.914 1.958
SPIN 1 13 4 10 0.012 4.497 -3.844
SPIN 1 13 4 11 4.490 -3.626 -1.302
SPIN 1 13 4 12 -4.308 -3.351 -2.284
SPIN 1 13 4 13 -3.020 1.764 4.771
SPIN 1 13 4 14 -3.508 -0.386 -4.748
SPIN 1 13 4 15 -0.793 -5.372 2.349
SPIN 4 13 4 0 -4.676 1.024 3.476
SPIN 4 13 4 1 0.915 -5.352 2.348
SPIN 4 13 4 2 1.419 -4.288 3.822
SPIN 4 13 4 3 3.017 -1.912 4.716
SPIN 4 13 4 4 1.831 -0.477 -5.605
SPIN 4 13 4 5 -3.377 4.108 2.593
SPIN 4 13 4 6 2.903 -4.635 -2.255
SPIN 4 13 4 7 -4.163 -0.696 -4.146
SPIN 4 13 4 8 -0.155 2.333 5.434
SPIN 4 13 4 9 1.712 -3.492 -4.458
SPIN 4 13 4 10 -2.405 -2.442 4.822
SPIN 4 13 4 11 -0.026 5.894 0.504
SPIN 4 13 4 12 0.157 4.509 -3.827
SPIN 4 13 4 13 1.212 -0.639 -5.755
SPIN 4 13 4 14 0.536 5.872 0.480
SPIN 4 13 4 15 -0.223 -4.690 -3.599
SPIN 1 13 5 0 -4.299 -1.555 3.755
SPIN 1 13 5 1 3.480 4.765 -0.437
SPIN 1 13 5 2 2.138 3.098 -4.564
SPIN 1 13 5 3 5.260 -2.068 1.749
SPIN 1 13 5 4 -2.476 -3.725 -3.872
SPIN 1 13 5 5 -5.055 -3.047 -0.407
SPIN 1 13 5 6 5.553 -1.656 -1.193
SPIN 1 13 5 7 -1.451 4.608 -3.415
SPIN 1 13 5 8 5.262 -1.528 -2.230
SPIN 1 13 5 9 -2.105 0.411 5.514
SPIN 1 13 5 10 3.867 -3.040 3.287
SPIN 1 13 5 11 -4.238 1.535 -3.832
SPIN 1 13 5 12 5.094 2.536 1.617
SPIN 1 13 5 13 -3.096 3.739 3.382
SPIN 1 13 5 14 0.859 -5.661 -1.490
SPIN 1 13 5 15 -1.030 5.199 2.629
SPIN 4 13 5 0 1.848 -5.082 -2.399
SPIN 4 13 5 1 -4.146 4.081 -1.076
SPIN 4 13 5 2 5.781 0.798 0.973
SPIN 4 13 5 3 2.310 -2.085 -5.032
SPIN 4 13 5 4 5.655 -1.138 1.312
SPIN 4 13 5 5 3.597 -4.045 2.388
SPIN 4 13 5 6 -5.204 0.148 -2.810
SPIN 4 13 5 7 5.452 2.284 0.245
SPIN 4 13 5 8 4.809 -0.326 -3.430
SPIN 4 13 5 9 -2.296 5.395 0.789
SPIN 4 13 5 10 2.713 -0.529 5.231
SPIN 4 13 5 11 1.791 5.638 -0.048
SPIN 4 13 5 12 3.163 1.803 -4.663
SPIN 4 13 5 13 0.801 -2.010 5.506
SPIN 4 13 5 14 1.245 -4.925 -3.033
SPIN 4 13 5 15 2.757 -2.270 -4.717
SPIN 1 13 6 0 2.256 4.943 2.341
SPIN 1 13 6 1 -0.090 -4.307 4.055
SPIN 1 13 6 2 0.664 -0.070 -5.878
SPIN 1 13 6 3 -5.189 -0.576 -2.782
SPIN 1 13 6 4 -2.886 2.729 4.384
SPIN 1 13 6 5 -2.351 5.212 -1.521
SPIN 1 13 6 6 0.652 3.536 4.698
SPIN 1 13 6 7 0.079 -5.864 -0.776
SPIN 1 13 6 8 -3.942 -4.131 -1.546
SPIN 1 13 6 9 -1.456 2.015 -5.368
SPIN 1 13 6 10 -3.502 -3.802 2.878
SPIN 1 13 6 11 5.853 0.693 0.509
SPIN 1 13 6 12 -5.027 1.967 2.421
SPIN 1 13 6 13 5.160 0.925 -2.743
SPIN 1 13 6 14 4.837 3.178 1.224
SPIN 1 13 6 15 -5.152 2.572 -1.356
SPIN 4 13 6 0 -2.032 2.198 5.103
SPIN 4 13 6 1 -0.055 -0.317 5.907
SPIN 4 13 6 2 0.903 2.444 -5.311
SPIN 4 13 6 3 4.288 -0.094 4.075
SPIN 4 13 6 4 -2.709 4.840 -2.059
SPIN 4 13 6 5 -4.323 -0.533 4.003
SPIN 4 13 6 6 4.409 1.311 3.721
SPIN 4 13 6 7 0.946 2.985 -5.020
SPIN 4 13 6 8 -4.504 3.814 -0.403
SPIN 4 13 6 9 -4.105 -4.002 1.461
SPIN 4 13 6 10 -1.514 -5.575 1.274
SPIN 4 13 6 11 -0.418 -0.585 5.872
SPIN 4 13 6 12 0.725 -1.614 -5.645
SPIN 4 13 6 13 -2.528 -5.093 -1.635
SPIN 4 13 6 14 3.816 -3.473 2.894
SPIN 4 13 6 15 -2.944 1.789 -4.809
SPIN 1 13 7 0 -4.335 -0.807 3.944
SPIN 1 13 7 1 4.606 -2.968 2.230
SPIN 1 13 7 2 -4.187 3.452 -2.357
SPIN 1 13 7 3 -2.638 -0.456 -5.276
SPIN 1 13 7 4 -4.595 -3.706 0.387
SPIN 1 13 7 5 2.360 -5.210 1.514
SPIN 1 13 7 6 -1.445 -5.734 -0.193
SPIN 1 13 7 7 1.739 1.794 5.363
SPIN 1 13 7 8 2.622 -5.231 0.873
SPIN 1 13 7 9 2.577 -2.769 4.548
SPIN 1 13 7 10 -5.823 0.996 -0.314
SPIN 1 13 7 11 -3.718 2.747 3.691
SPIN 1 13 7 12 -3.462 -3.853 -2.858
SPIN 1 13 7 13 -2.537 3.609 3.941
SPIN 1 13 7 14 -4.880 -3.326 0.355
SPIN 1 13 7 15 -0.020 2.913 5.149
SPIN 4 13 7 0 -3.646 -3.910 -2.533
SPIN 4 13 7 1 -0.308 4.240 -4.114
SPIN 4 13 7 2 4.269 -3.799 1.531
SPIN 4 13 7 3 -0.730 5.233 -2.662
SPIN 4 13 7 4 2.494 -3.802 3.785
SPIN 4 13 7 5 -3.820 2.164 -3.966
SPIN 4 13 7 6 5.253 -0.943 -2.554
SPIN 4 13 7 7 -5.817 1.053 0.219
SPIN 4 13 7 8 -4.471 -2.926 -2.540
SPIN 4 13 7 9 5.873 -0.614 0.363
SPIN 4 13 7 10 2.570 4.540 2.789
SPIN 4 13 7 11 0.687 -5.500 -2.069
SPIN 4 13 7 12 0.974 -1.606 5.610
SPIN 4 13 7 13 -4.663 3.466 -1.117
SPIN 4 13 7 14 -0.503 5.863 -0.605
SPIN 4 13 7 15 2.697 5.263 0.183
SPIN 1 13 8 0 1.870 -0.565 -5.584
SPIN 1 13 8 1 -5.362 0.792 -2.371
SPIN 1 13 8 2 -5.712 1.376 0.697
SPIN 1 13 8 3 2.090 -1.736 -5.255
SPIN 1 13 8 4 3.511 3.010 3.690
SPIN 1 13 8 5 -0.385 -5.832 -0.919
SPIN 1 13 8 6 1.119 -2.540 5.224
SPIN 1 13 8 7 3.183 3.263 -3.772
SPIN 1 13 8 8 5.717 1.465 0.417
SPIN 1 13 8 9 -2.272 0.393 5.448
SPIN 1 13 8 10 0.861 -4.369 -3.895
SPIN 1 13 8 11 -2.208 2.858 4.686
SPIN 1 13 8 12 -4.317 -1.916 3.562
SPIN 1 13 8 13 5.226 -0.172 -2.767
SPIN 1 13 8 14 -4.420 -2.595 2.954
SPIN 1 13 8 15 3.169 4.798 -1.391
SPIN 4 13 8 0 -0.365 5.903 0.138
SPIN 4 13 8 1 -4.054 -2.103 -3.760
SPIN 4 13 8 2 3.852 -4.311 1.255
SPIN 4 13 8 3 -5.402 2.380 0.392
SPIN 4 13 8 4 5.563 -0.321 1.987
SPIN 4 13 8 5 5.085 3.014 -0.235
SPIN 4 13 8 6 -4.265 1.633 -3.761
SPIN 4 13 8 7 5.075 2.647 1.495
SPIN 4 13 8 8 3.769 -3.899 -2.365
SPIN 4 13 8 9 -0.425 4.420 -3.909
SPIN 4 13 8 10 -0.167 -3.430 -4.817
SPIN 4 13 8 11 5.582 1.314 -1.452
SPIN 4 13 8 12 -5.579 -1.100 1.632
SPIN 4 13 8 13 4.492 -2.931 -2.497
SPIN 4 13 8 14 1.490 1.508 -5.523
SPIN 4 13 8 15 -3.096 -0.186 -5.038
SPIN 1 13 9 0 -4.019 2.160 -3.766
SPIN 1 13 9 1 1.800 -0.176 5.633
SPIN 1 13 9 2 2.251 1.857 -5.146
SPIN 1 13 9 3 -5.907 0.031 0.319
SPIN 1 13 9 4 -3.408 1.338 4.647
SPIN 1 13 9 5 5.093 0.642 -2.940
SPIN 1 13 9 6 -0.206 -5.184 -2.843
SPIN 1 13 9 7 -2.431 1.135 5.273
SPIN 1 13 9 8 1.836 5.186 2.175
SPIN 1 13 9 9 2.888 -5.162 -0.130
SPIN 1 13 9 10 4.508 2.885 2.522
SPIN 1 13 9 11 0.485 -5.772 1.203
SPIN 1 13 9 12 3.177 0.547 -4.961
SPIN 1 13 9 13 -0.610 -5.158 -2.833
SPIN 1 13 9 14 2.750 5.182 0.766
SPIN 1 13 9 15 3.975 3.105 3.092
SPIN 4 13 9 0 -1.107 -0.630 -5.777
SPIN 4 13 9 1 -2.035 2.913 4.730
SPIN 4 13 9 2 -4.254 -3.488 2.177
SPIN 4 13 9 3 0.420 -1.245 -5.768
SPIN 4 13 9 4 1.889 -5.530 -0.921
SPIN 4 13 9 5 -4.183 -4.155 -0.491
SPIN 4 13 9 6 4.626 -0.687 -3.623
SPIN 4 13 9 7 -4.718 1.896 -3.024
SPIN 4 13 9 8 0.392 5.903 -0.069
SPIN 4 13 9 9 1.123 -5.738 -0.902
SPIN 4 13 9 10 -1.546 3.169 4.750
SPIN 4 13 9 11 3.973 -4.360 0.455
SPIN 4 13 9 12 4.021 4.276 0.735
SPIN 4 13 9 13 5.665 -1.366 1.019
SPIN 4 13 9 14 -5.208 2.222 1.714
SPIN 4 13 9 15 0.977 -3.638 4.562
SPIN 1 13 10 0 -0.078 -2.536 5.344
SPIN 1 13 10 1 1.573 3.852 -4.206
SPIN 1 13 10 2 4.448 0.134 -3.899
SPIN 1 13 10 3 -0.929 -3.670 -4.546
SPIN 1 13 10 4 -4.881 0.229 3.336
SPIN 1 13 10 5 1.388 -4.976 2.883
SPIN 1 13 10 6 -0.417 3.927 4.405
SPIN 1 13 10 7 3.469 -3.677 3.073
SPIN 1 13 10 8 4.599 2.281 -2.940
SPIN 1 13 10 9 1.920 5.223 2.009
SPIN 1 13 10 10 -4.110 2.682 3.304
SPIN 1 13 10 11 -3.668 4.473 -1.242
SPIN 1 13 10 12 1.033 1.800 -5.540
SPIN 1 13 10 13 5.685 1.553 0.520
SPIN 1 13 10 14 -4.248 -0.617 -4.071
SPIN 1 13 10 15 5.198 2.573 1.168
SPIN 4 13 10 0 2.215 5.168 -1.840
SPIN 4 13 10 1 2.712 -1.507 -5.037
SPIN 4 13 10 2 5.043 -2.298 2.072
SPIN 4 13 10 3 1.017 5.655 1.409
SPIN 4 13 10 4 -5.481 -1.590 1.559
SPIN 4 13 10 5 -4.915 -2.370 -2.285
SPIN 4 13 10 6 0.742 5.410 2.277
SPIN 4 13 10 7 0.693 -4.681 3.551
SPIN 4 13 10 8 4.679 -2.875 -2.201
SPIN 4 13 10 9 3.575 4.108 2.312
SPIN 4 13 10 10 1.912 -5.486 -1.119
SPIN 4 13 10 11 -4.427 -2.175 3.266
SPIN 4 13 10 12 1.142 -0.576 -5.776
SPIN 4 13 10 13 -2.691 0.051 -5.268
SPIN 4 13 10 14 -3.802 -3.996 -2.138
SPIN 4 13 10 15 1.667 3.444 -4.512
SPIN 1 13 11 0 -5.393 2.251 0.918
SPIN 1 13 11 1 -0.076 -5.365 -2.491
SPIN 1 13 11 2 -5.643 0.016 1.776
SPIN 1 13 11 3 3.474 0.676 4.740
SPIN 1 13 11 4 -3.628 4.588 0.887
SPIN 1 13 11 5 3.379 4.517 -1.783
SPIN 1 13 11 6 0.440 1.046 -5.806
SPIN 1 13 11 7 -1.440 -3.526 4.527
SPIN 1 13 11 8 -2.192 4.516 -3.130
SPIN 1 13 11 9 -1.463 -3.861 -4.237
SPIN 1 13 11 10 -4.490 -0.405 -3.831
SPIN 1 13 11 11 4.557 3.312 1.807
SPIN 1 13 11 12 0.363 -1.160 5.790
SPIN 1 13 11 13 0.240 1.154 -5.797
SPIN 1 13 11 14 -1.327 -4.956 2.946
SPIN 1 13 11 15 2.065 1.506 -5.336
SPIN 4 13 11 0 3.747 -1.107 -4.443
SPIN 4 13 11 1 3.770 -3.297 3.150
SPIN 4 13 11 2 -3.986 1.239 4.193
SPIN 4 13 11 3 0.404 -5.897 -0.248
SPIN 4 13 11 4 4.228 -0.243 -4.131
SPIN 4 13 11 5 2.203 5.143 1.922
SPIN 4 13 11 6 2.039 -4.681 -2.989
SPIN 4 13 11 7 5.412 -1.974 -1.346
SPIN 4 13 11 8 -3.626 4.631 0.636
SPIN 4 13 11 9 -1.187 3.889 4.298
SPIN 4 13 11 10 0.676 -5.177 -2.783
SPIN 4 13 11 11 5.386 2.333 0.738
SPIN 4 13 11 12 4.617 2.051 3.079
SPIN 4 13 11 13 -5.195 1.058 -2.625
SPIN 4 13 11 14 4.508 -2.777 -2.639
SPIN 4 13 11 15 1.860 -2.625 4.965
SPIN 1 13 12 0 -3.071 -0.636 5.016
SPIN 1 13 12 1 -3.615 0.299 4.673
SPIN 1 13 12 2 3.285 -4.920 -0.051
SPIN 1 13 12 3 4.958 -2.856 -1.504
SPIN 1 13 12 4 3.916 -1.358 -4.221
SPIN 1 13 12 5 -2.835 -5.181 0.346
SPIN 1 13 12 6 0.473 -4.305 4.031
SPIN 1 13 12 7 -4.037 4.066 -1.473
SPIN 1 13 12 8 2.502 -0.230 5.356
SPIN 1 13 12 9 1.096 -4.191 -4.029
SPIN 1 13 12 10 0.185 4.691 3.601
SPIN 1 13 12 11 -4.553 -1.044 3.631
SPIN 1 13 12 12 4.590 3.362 1.623
SPIN 1 13 12 13 -3.302 -4.245 -2.465
SPIN 1 13 12 14 4.534 -3.531 -1.405
SPIN 1 13 12 15 -5.656 -0.300 -1.710
SPIN 4 13 12 0 3.233 4.860 0.962
SPIN 4 13 12 1 -3.145 4.957 -0.731
SPIN 4 13 12 2 -2.524 4.677 2.599
SPIN 4 13 12 3 -0.846 0.216 5.851
SPIN 4 13 12 4 -3.036 1.320 4.903
SPIN 4 13 12 5 -2.612 -3.909 -3.591
SPIN 4 13 12 6 -4.376 -3.457 1.975
SPIN 4 13 12 7 0.103 -0.904 -5.846
SPIN 4 13 12 8 -4.940 -0.887 -3.132
SPIN 4 13 12 9 1.301 4.669 -3.392
SPIN 4 13 12 10 3.842 -4.127 1.791
SPIN 4 13 12 11 3.119 -4.163 -2.819
SPIN 4 13 12 12 -4.883 -0.360 3.321
SPIN 4 13 12 13 -5.465 -1.855 1.300
SPIN 4 13 12 14 -5.709 1.168 -1.025
SPIN 4 13 12 15 -0.526 3.075 -5.027
SPIN 1 13 13 0 -2.147 -3.648 -4.133
SPIN 1 13 13 1 5.279 0.705 -2.577
SPIN 1 13 13 2 4.860 -3.024 1.494
SPIN 1 13 13 3 -5.101 -0.713 -2.910
SPIN 1 13 13 4 2.063 -5.476 0.868
SPIN 1 13 13 5 -3.917 4.433 -0.082
SPIN 1 13 13 6 2.535 5.208 1.207
SPIN 1 13 13 7 1.806 -3.765 4.190
SPIN 1 13 13 8 -1.608 4.920 -2.865
SPIN 1 13 13 9 1.411 -4.894 3.009
SPIN 1 13 13 10 -4.683 -2.869 2.200
SPIN 1 13 13 11 4.375 -0.169 -3.979
SPIN 1 13 13 12 0.165 -1.834 5.622
SPIN 1 13 13 13 -5.770 0.851 0.990
SPIN 1 13 13 14 5.757 -0.892 1.028
SPIN 1 13 13 15 3.677 -4.193 -1.974
SPIN 4 13 13 0 -2.523 4.899 -2.154
SPIN 4 13 13 1 2.219 3.186 4.464
SPIN 4 13 13 2 2.748 -3.451 -3.942
SPIN 4 13 13 3 -4.957 0.452 3.198
SPIN 4 13 13 4 1.714 -4.855 -2.913
SPIN 4 13 13 5 0.880 4.716 3.461
SPIN 4 13 13 6 -5.425 -1.530 -1.796
SPIN 4 13 13 7 -4.660 -3.429 1.234
SPIN 4 13 13 8 2.115 -1.584 -5.293
SPIN 4 13 13 9 -1.501 -5.227 2.329
SPIN 4 13 13 10 -4.738 0.073 3.542
SPIN 4 13 13 11 -1.027 -2.896 -5.055
SPIN 4 13 13 12 -0.600 -1.857 5.585
SPIN 4 13 13 13 -3.166 -2.420 -4.373
SPIN 4 13 13 14 2.879 -0.285 5.160
SPIN 4 13 13 15 2.652 0.476 5.267
SPIN 1 13 14 0 2.430 5.370 0.502
SPIN 1 13 14 1 1.201 -3.812 -4.362
SPIN 1 13 14 2 -4.521 3.411 1.709
SPIN 1 13 14 3 2.815 -4.709 -2.215
SPIN 1 13 14 4 1.124 4.130 -4.084
SPIN 1 13 14 5 -5.895 0.431 -0.261
SPIN 1 13 14 6 -1.071 -5.801 -0.444
SPIN 1 13 14 7 -4.147 2.756 3.196
SPIN 1 13 14 8 3.198 -3.500 -3.538
SPIN 1 13 14 9 -0.767 -4.440 3.834
SPIN 1 13 14 10 -4.293 -0.073 -4.070
SPIN 1 13 14 11 -2.489 -3.055 4.412
SPIN 1 13 14 12 -5.811 -0.169 -1.099
SPIN 1 13 14 13 0.402 5.639 1.743
SPIN 1 13 14 14 0.343 -5.905 -0.106
SPIN 1 13 14 15 -4.917 -2.133 2.505
SPIN 4 13 14 0 2.088 2.974 4.668
SPIN 4 13 14 1 -1.258 4.750 -3.295
SPIN 4 13 14 2 -5.549 0.791 1.894
SPIN 4 13 14 3 4.640 3.644 -0.436
SPIN 4 13 14 4 1.048 -2.816 5.096
SPIN 4 13 14 5 -0.903 0.310 -5.839
SPIN 4 13 14 6 -1.420 -5.184 2.472
SPIN 4 13 14 7 4.014 -1.734 -3.985
SPIN 4 13 14 8 5.785 0.555 1.106
SPIN 4 13 14 9 4.749 2.673 2.302
SPIN 4 13 14 10 -2.183 1.512 -5.287
SPIN 4 13 14 11 -5.256 0.747 2.611
SPIN 4 13 14 12 1.946 -1.033 5.491
SPIN 4 13 14 13 0.184 -3.768 4.557
SPIN 4 13 14 14 3.197 4.638 1.809
SPIN 4 13 14 15 -3.675 -4.539 0.942
SPIN 1 13 15 0 -4.036 4.120 -1.316
SPIN 1 13 15 1 -2.243 -4.919 -2.402
SPIN 1 13 15 2 3.303 -3.012 -3.876
SPIN 1 13 15 3 1.834 1.925 -5.285
SPIN 1 13 15 4 -0.457 -5.816 0.981
SPIN 1 13 15 5 4.959 3.140 -0.740
SPIN 1 13 15 6 -4.861 2.831 1.832
SPIN 1 13 15 7 2.888 4.879 -1.691
SPIN 1 13 15 8 3.014 -4.710 1.931
SPIN 1 13 15 9 0.017 -5.737 -1.445
SPIN 1 13 15 10 0.491 -5.262 2.658
SPIN 1 13 15 11 -1.010 3.918 -4.316
SPIN 1 13 15 12 2.427 3.248 -4.308
SPIN 1 13 15 13 0.425 -4.016 -4.323
SPIN 1 13 15 14 0.210 -5.033 -3.102
SPIN 1 13 15 15 -3.076 -4.247 -2.739
SPIN 4 13 15 0 -3.950 -1.764 4.036
SPIN 4 13 15 1 -1.273 3.739 4.404
SPIN 4 13 15 2 3.460 4.751 -0.675
SPIN 4 13 15 3 -3.814 -1.660 4.206
SPIN 4 13 15 4 -1.165 1.827 5.505
SPIN 4 13 15 5 -3.321 4.751 -1.184
SPIN 4 13 15 6 4.517 -0.763 -3.744
SPIN 4 13 15 7 -5.497 0.240 -2.174
SPIN 4 13 15 8 -2.774 1.099 5.109
SPIN 4 13 15 9 -3.855 0.545 -4.454
SPIN 4 13 15 10 0.080 -5.770 -1.305
SPIN 4 13 15 11 4.356 -3.709 -1.507
SPIN 4 13 15 12 1.178 -0.084 -5.797
SPIN 4 13 15 13 5.798 0.768 -0.892
SPIN 4 13 15 14 -3.569 -1.830 4.349
SPIN 4 13 15 15 -0.420 2.763 -5.214
SPIN 3 13 0 0 -4.467 -2.389 3.057
SPIN 3 13 0 1 -0.087 2.409 5.403
SPIN 3 13 0 2 -2.513 2.205 -4.881
SPIN 3 13 0 3 -2.129 1.412 5.336
SPIN 3 13 0 4 4.114 3.542 -2.352
SPIN 3 13 0 5 3.648 0.214 4.653
SPIN 3 13 0 6 -2.267 2.059 5.062
SPIN 3 13 0 7 3.248 3.941 2.987
SPIN 3 13 0 8 -3.434 1.504 4.577
SPIN 3 13 0 9 4.134 4.190 -0.594
SPIN 3 13 0 10 0.386 4.294 4.051
SPIN 3 13 0 11 -3.270 4.905 0.505
SPIN 3 13 0 12 3.745 4.034 -2.170
SPIN 3 13 0 13 -4.271 -4.004 -0.852
SPIN 3 13 0 14 -1.886 5.443 1.346
SPIN 3 13 0 15 -5.435 -1.667 -1.638
SPIN 2 13 0 0 0.765 -5.792 -0.934
SPIN 2 13 0 1 -0.426 -5.827 -0.931
SPIN 2 13 0 2 1.180 1.681 -5.548
SPIN 2 13 0 3 -1.945 1.581 -5.359
SPIN 2 13 0 4 2.696 2.303 4.736
SPIN 2 13 0 5 -2.837 2.435 4.585
SPIN 2 13 0 6 -1.168 5.174 2.621
SPIN 2 13 0 7 -1.239 -5.011 -2.891
SPIN 2 13 0 8 4.080 -0.490 4.256
SPIN 2 13 0 9 -5.148 -2.906 -0.219
SPIN 2 13 0 10 -2.176 3.953 -3.825
SPIN 2 13 0 11 -0.414 -5.738 -1.378
SPIN 2 13 0 12 -1.343 5.514 1.672
SPIN 2 13 0 13 -2.969 -3.076 -4.089
SPIN 2 13 0 14 5.578 -0.548 -1.894
SPIN 2 13 0 15 -4.053 2.216 -3.697
SPIN 3 13 1 0 5.379 2.223 1.058
SPIN 3 13 1 1 -1.490 -5.721 0.231
SPIN 3 13 1 2 -4.690 -3.509 0.833
SPIN 3 13 1 3 -2.731 4.515 -2.676
SPIN 3 13 1 4 3.985 -0.322 4.361
SPIN 3 13 1 5 -4.162 3.806 -1.787
SPIN 3 13 1 6 -1.203 -3.838 -4.338
SPIN 3 13 1 7 0.790 0.270 -5.857
SPIN 3 13 1 8 5.215 -0.172 -2.789
SPIN 3 13 1 9 4.037 1.659 3.994
SPIN 3 13 1 10 3.691 -3.718 -2.748
SPIN 3 13 1 11 -5.629 1.812 -0.176
SPIN 3 13 1 12 2.759 -1.867 -4.889
SPIN 3 13 1 13 4.420 3.810 0.976
SPIN 3 13 1 14 2.407 -0.250 -5.399
SPIN 3 13 1 15 4.121 2.957 3.045
SPIN 2 13 1 0 -3.379 2.138 -4.360
SPIN 2 13 1 1 -3.159 1.770 -4.678
SPIN 2 13 1 2 3.729 -4.582 -0.322
SPIN 2 13 1 3 -1.477 -4.378 3.695
SPIN 2 13 1 4 4.837 -2.399 2.419
SPIN 2 13 1 5 4.420 3.928 0.171
SPIN 2 13 1 6 5.537 0.264 -2.068
SPIN 2 13 1 7 -1.293 0.026 5.773
SPIN 2 13 1 8 -2.246 1.656 -5.217
SPIN 2 13 1 9 2.512 1.010 5.260
SPIN 2 13 1 10 -0.705 -5.090 2.931
SPIN 2 13 1 11 4.400 3.573 -1.693
SPIN 2 13 1 12 -3.974 -4.109 1.523
SPIN 2 13 1 13 3.302 1.472 4.683
SPIN 2 13 1 14 -5.457 -0.115 2.282
SPIN 2 13 1 15 -1.271 -4.524 -3.594
SPIN 3 13 2 0 0.941 -5.381 2.272
SPIN 3 13 2 1 -2.799 0.143 5.210
SPIN 3 13 2 2 -1.028 -5.804 0.502
SPIN 3 13 2 3 -2.868 5.130 0.677
SPIN 3 13 2 4 -5.544 0.013 -2.065
SPIN 3 13 2 5 -1.823 -3.555 -4.363
SPIN 3 13 2 6 2.382 2.411 4.849
SPIN 3 13 2 7 0.975 -5.731 -1.096
SPIN 3 13 2 8 -5.187 -2.153 1.859
SPIN 3 13 2 9 -2.794 -0.923 -5.132
SPIN 3 13 2 10 5.537 -0.112 2.079
SPIN 3 13 2 11 3.854 2.389 -3.800
SPIN 3 13 2 12 2.615 -4.165 -3.289
SPIN 3 13 2 13 3.732 -2.280 3.984
SPIN 3 13 2 14 5.133 0.877 2.808
SPIN 3 13 2 15 4.188 3.918 -1.452
SPIN 2 13 2 0 -1.461 3.568 -4.487
SPIN 2 13 2 1 -2.469 -5.363 -0.386
SPIN 2 13 2 2 -1.101 4.661 -3.474
SPIN 2 13 2 3 2.999 2.553 -4.414
SPIN 2 13 2 4 0.613 5.244 -2.670
SPIN 2 13 2 5 0.586 0.432 -5.871
SPIN 2 13 2 6 2.640 4.772 2.294
SPIN 2 13 2 7 -0.240 1.648 5.677
SPIN 2 13 2 8 5.506 1.996 0.834
SPIN 2 13 2 9 4.677 -3.034 1.979
SPIN 2 13 2 10 -2.889 2.874 4.288
SPIN 2 13 2 11 -3.255 -0.716 4.888
SPIN 2 13 2 12 1.803 5.584 0.754
SPIN 2 13 2 13 3.011 3.671 3.529
SPIN 2 13 2 14 -3.287 -4.370 2.258
SPIN 2 13 2 15 3.788 -3.999 -2.159
SPIN 3 13 3 0 2.056 5.361 1.424
SPIN 3 13 3 1 1.382 -5.743 -0.324
SPIN 3 13 3 2 4.625 2.757 2.452
SPIN 3 13 3 3 -2.921 -4.455 -2.573
SPIN 3 13 3 4 2.153 0.220 -5.506
SPIN 3 13 3 5 -1.208 -4.550 3.583
SPIN 3 13 3 6 -0.052 1.295 -5.772
SPIN 3 13 3 7 -1.958 -1.651 5.333
SPIN 3 13 3 8 -3.993 2.426 -3.629
SPIN 3 13 3 9 5.054 2.684 -1.503
SPIN 3 13 3 10 -5.095 0.302 -2.991
SPIN 3 13 3 11 -4.918 3.012 -1.320
SPIN 3 13 3 12 5.588 -1.748 -0.849
SPIN 3 13 3 13 1.870 5.014 2.522
SPIN 3 13 3 14 -3.153 0.688 -4.958
SPIN 3 13 3 15 -5.455 -1.886 -1.297
SPIN 2 13 3 0 -3.984 -3.503 2.618
SPIN 2 13 3 1 2.958 4.481 -2.484
SPIN 2 13 3 2 -5.347 -1.831 1.748
SPIN 2 13 3 3 4.039 4.061 1.481
SPIN 2 13 3 4 -3.967 -4.093 1.584
SPIN 2 13 3 5 -0.837 3.680 4.556
SPIN 2 13 3 6 1.525 3.563 -4.470
SPIN 2 13 3 7 5.162 1.000 -2.712
SPIN 2 13 3 8 2.246 -5.448 -0.523
SPIN 2 13 3 9 -4.907 -0.563 3.256
SPIN 2 13 3 10 3.620 -4.578 0.965
SPIN 2 13 3 11 2.592 -3.617 3.898
SPIN 2 13 3 12 -2.356 -4.405 -3.170
SPIN 2 13 3 13 5.193 -1.464 2.427
SPIN 2 13 3 14 0.051 3.100 5.038
SPIN 2 13 3 15 3.765 -1.047 4.442
SPIN 3 13 4 0 -4.113 -1.546 3.961
SPIN 3 13 4 1 -2.223 -4.675 -2.863
SPIN 3 13 4 2 -3.614 1.485 4.442
SPIN 3 13 4 3 0.611 0.519 -5.861
SPIN 3 13 4 4 4.322 3.885 1.110
SPIN 3 13 4 5 -2.168 -4.833 2.635
SPIN 3 13 4 6 -4.523 -2.028 3.229
SPIN 3 13 4 7 -1.196 5.714 -0.961
SPIN 3 13 4 8 5.226 -2.302 -1.548
SPIN 3 13 4 9 4.749 0.846 3.425
SPIN 3 13 4 10 -1.669 4.971 -2.739
SPIN 3 13 4 11 -1.187 2.503 -5.227
SPIN 3 13 4 12 -0.773 4.489 3.776
SPIN 3 13 4 13 -2.885 -2.956 -4.235
SPIN 3 13 4 14 -1.270 -3.014 4.930
SPIN 3 13 4 15 -5.861 0.253 -0.762
SPIN 2 13 4 0 -1.928 -0.113 -5.592
SPIN 2 13 4 1 5.298 1.782 -1.937
SPIN 2 13 4 2 -2.207 2.392 4.940
SPIN 2 13 4 3 0.283 -2.756 5.227
SPIN 2 13 4 4 -3.800 -2.799 3.567
SPIN 2 13 4 5 -0.983 3.457 -4.699
SPIN 2 13 4 6 -2.032 -3.327 4.450
SPIN 2 13 4 7 -2.362 -5.368 0.781
SPIN 2 13 4 8 -1.015 -5.407 -2.176
SPIN 2 13 4 9 -3.465 4.771 0.476
SPIN 2 13 4 10 0.653 5.868 0.374
SPIN 2 13 4 11 -0.238 -4.712 3.570
SPIN 2 13 4 12 -2.759 -4.625 2.449
SPIN 2 13 4 13 -1.402 5.201 2.447
SPIN 2 13 4 14 -3.224 -3.736 3.263
SPIN 2 13 4 15 5.249 1.583 2.224
SPIN 3 13 5 0 4.262 2.827 2.974
SPIN 3 13 5 1 4.638 0.978 -3.540
SPIN 3 13 5 2 3.272 1.298 4.755
SPIN 3 13 5 3 -1.083 -2.951 5.012
SPIN 3 13 5 4 -1.038 5.312 2.388
SPIN 3 13 5 5 4.512 3.333 -1.880
SPIN 3 13 5 6 1.579 -2.179 -5.268
SPIN 3 13 5 7 2.070 -2.358 5.016
SPIN 3 13 5 8 -0.944 0.052 5.840
SPIN 3 13 5 9 -2.567 4.106 -3.399
SPIN 3 13 5 10 -1.997 -3.992 -3.883
SPIN 3 13 5 11 -1.180 -5.608 1.468
SPIN 3 13 5 12 -1.986 -5.071 -2.310
SPIN 3 13 5 13 4.052 3.118 2.976
SPIN 3 13 5 14 -1.799 2.028 -5.258
SPIN 3 13 5 15 4.087 0.025 -4.277
SPIN 2 13 5 0 0.216 -3.733 4.584
SPIN 2 13 5 1 -0.286 -1.942 5.581
SPIN 2 13 5 2 -5.892 -0.505 0.164
SPIN 2 13 5 3 -3.634 4.659 -0.296
SPIN 2 13 5 4 2.869 4.419 2.691
SPIN 2 13 5 5 -3.216 4.965 0.075
SPIN 2 13 5 6 2.263 3.489 4.208
SPIN 2 13 5 7 3.693 -4.166 2.001
SPIN 2 13 5 8 -3.299 4.525 -1.906
SPIN 2 13 5 9 -5.615 -1.384 1.249
SPIN 2 13 5 10 0.641 -5.826 0.807
SPIN 2 13 5 11 -1.648 5.284 -2.089
SPIN 2 13 5 12 2.914 2.160 4.673
SPIN 2 13 5 13 -5.520 2.124 0.139
SPIN 2 13 5 14 -2.060 4.051 -3.788
SPIN 2 13 5 15 -1.894 -4.263 -3.638
SPIN 3 13 6 0 -2.316 1.336 -5.277
SPIN 3 13 6 1 -0.945 -4.429 -3.806
SPIN 3 13 6 2 1.820 3.225 4.614
SPIN 3 13 6 3 -3.151 -4.584 2.014
SPIN 3 13 6 4 1.232 -5.758 0.571
SPIN 3 13 6 5 2.512 -0.053 5.356
SPIN 3 13 6 6 -5.025 3.074 -0.550
SPIN 3 13 6 7 -0.408 -4.002 4.338
SPIN 3 13 6 8 -3.734 -1.689 4.266
SPIN 3 13 6 9 0.514 5.653 -1.668
SPIN 3 13 6 10 3.971 -3.852 2.096
SPIN 3 13 6 11 -2.719 -5.160 -0.991
SPIN 3 13 6 12 5.148 2.521 -1.463
SPIN 3 13 6 13 -5.823 -1.040 -0.108
SPIN 3 13 6 14 2.054 -4.112 -3.724
SPIN 3 13 6 15 -0.616 1.448 5.703
SPIN 2 13 6 0 0.918 -5.313 -2.436
SPIN 2 13 6 1 5.422 -1.274 1.996
SPIN 2 13 6 2 2.609 2.838 4.487
SPIN 2 13 6 3 -1.214 -5.780 0.344
SPIN 2 13 6 4 4.654 0.947 -3.528
SPIN 2 13 6 5 -4.999 -1.072 2.976
SPIN 2 13 6 6 -0.154 -2.386 -5.411
SPIN 2 13 6 7 1.193 2.863 5.038
SPIN 2 13 6 8 -1.229 -5.717 -0.898
SPIN 2 13 6 9 1.818 -2.526 -5.032
SPIN 2 13 6 10 4.697 1.376 3.323
SPIN 2 13 6 11 -4.578 -2.350 -2.919
SPIN 2 13 6 12 -0.584 -5.373 2.407
SPIN 2 13 6 13 1.987 -2.022 5.193
SPIN 2 13 6 14 -2.121 -5.278 -1.625
SPIN 2 13 6 15 5.628 -0.378 -1.784
SPIN 3 13 7 0 -0.851 -1.520 5.654
SPIN 3 13 7 1 0.586 2.191 5.464
SPIN 3 13 7 2 -0.522 2.959 5.097
SPIN 3 13 7 3 1.736 5.654 -0.125
SPIN 3 13 7 4 -5.196 2.694 -0.863
SPIN 3 13 7 5 -1.947 5.507 -0.939
SPIN 3 13 7 6 -1.175 3.515 4.611
SPIN 3 13 7 7 -2.814 1.810 -4.879
SPIN 3 13 7 8 5.182 2.587 1.206
SPIN 3 13 7 9 3.298 -4.909 0.149
SPIN 3 13 7 10 4.500 -1.334 -3.601
SPIN 3 13 7 11 0.879 5.645 -1.538
SPIN 3 13 7 12 -2.339 5.411 0.499
SPIN 3 13 7 13 5.307 -2.575 0.459
SPIN 3 13 7 14 -0.685 3.473 4.741
SPIN 3 13 7 15 0.177 -5.752 -1.373
SPIN 2 13 7 0 0.934 5.506 1.952
SPIN 2 13 7 1 2.266 -4.297 3.376
SPIN 2 13 7 2 2.041 -2.705 -4.849
SPIN 2 13 7 3 -0.215 0.951 5.835
SPIN 2 13 7 4 -2.854 5.140 -0.660
SPIN 2 13 7 5 2.624 -2.168 -4.839
SPIN 2 13 7 6 -3.358 4.849 0.454
SPIN 2 13 7 7 -1.294 -0.993 5.687
SPIN 2 13 7 8 0.867 2.528 5.278
SPIN 2 13 7 9 -5.561 -1.388 -1.466
SPIN 2 13 7 10 -0.154 5.555 -2.030
SPIN 2 13 7 11 5.594 -1.918 0.170
SPIN 2 13 7 12 4.742 3.537 0.067
SPIN 2 13 7 13 -0.951 -5.747 -1.036
SPIN 2 13 7 14 -3.873 1.713 -4.131
SPIN 2 13 7 15 0.279 -5.460 -2.261
SPIN 3 13 8 0 4.948 0.418 -3.216
SPIN 3 13 8 1 -0.186 0.922 5.841
SPIN 3 13 8 2 1.003 -5.085 2.853
SPIN 3 13 8 3 -0.121 -3.620 4.678
SPIN 3 13 8 4 4.474 -1.328 3.635
SPIN 3 13 8 5 -4.107 -1.397 -4.023
SPIN 3 13 8 6 2.559 0.933 5.252
SPIN 3 13 8 7 5.530 1.419 -1.551
SPIN 3 13 8 8 -4.227 -2.488 -3.308
SPIN 3 13 8 9 -1.290 4.760 3.269
SPIN 3 13 8 10 0.724 -0.759 5.822
SPIN 3 13 8 11 -3.978 3.708 -2.330
SPIN 3 13 8 12 1.391 -3.813 -4.304
SPIN 3 13 8 13 -2.919 3.568 3.708
SPIN 3 13 8 14 -2.832 -5.193 0.108
SPIN 3 13 8 15 0.996 1.056 5.735
SPIN 2 13 8 0 3.580 -4.650 -0.749
SPIN 2 13 8 1 -5.678 0.534 1.575
SPIN 2 13 8 2 -2.949 5.106 0.486
SPIN 2 13 8 3 2.515 -0.784 -5.297
SPIN 2 13 8 4 3.358 -4.600 1.601
SPIN 2 13 8 5 4.959 -3.090 -0.929
SPIN 2 13 8 6 -1.506 -1.131 -5.608
SPIN 2 13 8 7 5.315 -2.570 -0.383
SPIN 2 13 8 8 -5.028 1.086 2.922
SPIN 2 13 8 9 5.880 0.640 -0.138
SPIN 2 13 8 10 -4.007 -0.132 4.351
SPIN 2 13 8 11 -0.186 5.587 -1.937
SPIN 2 13 8 12 -1.187 1.245 5.660
SPIN 2 13 8 13 -1.087 0.147 -5.814
SPIN 2 13 8 14 5.068 -3.026 -0.401
SPIN 2 13 8 15 -3.564 4.350 1.836
SPIN 3 13 9 0 3.652 0.062 -4.654
SPIN 3 13 9 1 -1.212 -2.972 -4.970
SPIN 3 13 9 2 3.759 -2.226 3.989
SPIN 3 13 9 3 5.530 -2.083 -0.277
SPIN 3 13 9 4 -5.209 -0.086 -2.803
SPIN 3 13 9 5 1.804 4.621 3.223
SPIN 3 13 9 6 3.472 4.111 -2.459
SPIN 3 13 9 7 -4.503 -3.630 1.242
SPIN 3 13 9 8 -3.854 0.358 4.474
SPIN 3 13 9 9 -0.406 2.528 -5.333
SPIN 3 13 9 10 0.804 -1.896 5.546
SPIN 3 13 9 11 -2.090 5.517 -0.435
SPIN 3 13 9 12 1.318 -3.568 4.531
SPIN 3 13 9 13 -4.087 -3.899 -1.759
SPIN 3 13 9 14 -5.180 2.043 1.998
SPIN 3 13 9 15 5.395 -0.650 2.339
SPIN 2 13 9 0 -4.003 -3.467 -2.637
SPIN 2 13 9 1 -2.286 -4.751 -2.683
SPIN 2 13 9 2 2.249 -3.391 4.294
SPIN 2 13 9 3 -0.903 2.663 5.205
SPIN 2 13 9 4 2.469 5.184 1.426
SPIN 2 13 9 5 1.273 -0.531 -5.753
SPIN 2 13 9 6 -0.736 -1.153 -5.756
SPIN 2 13 9 7 1.206 5.123 -2.702
SPIN 2 13 9 8 1.905 -3.525 -4.352
SPIN 2 13 9 9 -3.049 -0.088 5.069
SPIN 2 13 9 10 -5.837 0.719 0.642
SPIN 2 13 9 11 -0.644 -1.185 -5.760
SPIN 2 13 9 12 -1.190 0.832 5.735
SPIN 2 13 9 13 -0.802 -5.860 -0.140
SPIN 2 13 9 14 5.524 1.282 1.686
SPIN 2 13 9 15 0.087 -5.886 0.589
SPIN 3 13 10 0 -3.024 -4.890 -1.393
SPIN 3 13 10 1 4.200 -1.541 3.871
SPIN 3 13 10 2 -2.031 5.461 1.024
SPIN 3 13 10 3 2.577 1.804 -5.011
SPIN 3 13 10 4 -2.393 1.380 5.231
SPIN 3 13 10 5 3.233 -4.934 0.447
SPIN 3 13 10 6 -0.258 1.294 -5.767
SPIN 3 13 10 7 2.224 3.399 -4.301
SPIN 3 13 10 8 2.611 -5.014 -1.745
SPIN 3 13 10 9 5.825 0.515 0.896
SPIN 3 13 10 10 1.891 -4.922 -2.683
SPIN 3 13 10 11 4.118 -2.656 -3.316
SPIN 3 13 10 12 -5.108 0.582 -2.928
SPIN 3 13 10 13 1.667 4.313 3.691
SPIN 3 13 10 14 5.679 1.454 -0.798
SPIN 3 13 10 15 -5.408 0.338 -2.376
SPIN 2 13 10 0 -0.816 -4.243 4.041
SPIN 2 13 10 1 5.680 1.310 1.014
SPIN 2 13 10 2 0.320 2.821 -5.190
SPIN 2 13 10 3 2.520 -5.321 -0.576
SPIN 2 13 10 4 3.632 -4.528 -1.144
SPIN 2 13 10 5 -1.368 5.147 -2.576
SPIN 2 13 10 6 2.124 -5.468 -0.767
SPIN 2 13 10 7 -2.503 -4.664 -2.642
SPIN 2 13 10 8 0.510 5.856 -0.668
SPIN 2 13 10 9 -1.862 2.609 -4.973
SPIN 2 13 10 10 -0.616 5.829 -0.805
SPIN 2 13 10 11 -3.088 5.024 -0.469
SPIN 2 13 10 12 5.467 -1.613 1.585
SPIN 2 13 10 13 -4.859 3.359 -0.329
SPIN 2 13 10 14 -0.449 -5.888 -0.357
SPIN 2 13 10 15 -0.111 -4.903 3.309
SPIN 3 13 11 0 2.117 3.014 4.630
SPIN 3 13 11 1 3.737 -2.252 3.995
SPIN 3 13 11 2 1.765 4.088 -3.895
SPIN 3 13 11 3 -3.003 1.262 4.938
SPIN 3 13 11 4 1.166 0.465 -5.781
SPIN 3 13 11 5 -2.010 1.673 5.306
SPIN 3 13 11 6 -0.223 -5.575 -1.968
SPIN 3 13 11 7 -4.059 0.203 -4.299
SPIN 3 13 11 8 1.753 -2.105 5.243
SPIN 3 13 11 9 4.189 -3.039 -2.867
SPIN 3 13 11 10 0.626 -5.563 1.914
SPIN 3 13 11 11 -2.763 5.138 0.985
SPIN 3 13 11 12 0.139 0.729 5.869
SPIN 3 13 11 13 3.789 3.212 -3.214
SPIN 3 13 11 14 -2.593 -0.344 5.306
SPIN 3 13 11 15 0.068 5.639 1.788
SPIN 2 13 11 0 -0.045 0.323 -5.907
SPIN 2 13 11 1 -5.161 2.021 2.070
SPIN 2 13 11 2 2.889 -3.038 -4.174
SPIN 2 13 11 3 4.962 1.479 -2.862
SPIN 2 13 11 4 -5.243 2.160 -1.687
SPIN 2 13 11 5 0.987 1.115 5.726
SPIN 2 13 11 6 2.615 3.202 -4.232
SPIN 2 13 11 7 -4.912 -1.335 -3.016
SPIN 2 13 11 8 4.662 1.759 -3.190
SPIN 2 13 11 9 0.470 -1.053 5.803
SPIN 2 13 11 10 -3.527 4.593 -1.210
SPIN 2 13 11 11 4.546 -2.825 2.522
SPIN 2 13 11 12 -3.468 -3.327 -3.451
SPIN 2 13 11 13 -3.271 -4.301 2.408
SPIN 2 13 11 14 -5.900 0.115 0.416
SPIN 2 13 11 15 -3.818 1.823 -4.136
SPIN 3 13 12 0 -1.775 -1.114 -5.533
SPIN 3 13 12 1 -0.050 5.845 -0.915
SPIN 3 13 12 2 1.899 -2.193 5.156
SPIN 3 13 12 3 -1.153 -2.236 -5.354
SPIN 3 13 12 4 -4.924 2.367 2.270
SPIN 3 13 12 5 4.999 -3.159 -0.178
SPIN 3 13 12 6 -2.771 0.564 -5.196
SPIN 3 13 12 7 1.165 4.332 3.857
SPIN 3 13 12 8 3.231 -3.053 3.903
SPIN 3 13 12 9 -3.574 4.158 2.222
SPIN 3 13 12 10 2.591 -4.250 3.198
SPIN 3 13 12 11 4.718 -3.138 1.700
SPIN 3 13 12 12 -4.539 1.934 3.265
SPIN 3 13 12 13 5.378 1.553 -1.915
SPIN 3 13 12 14 -5.051 -3.080 0.034
SPIN 3 13 12 15 5.466 -1.835 -1.326
SPIN 2 13 12 0 3.391 4.592 1.554
SPIN 2 13 12 1 4.607 -3.034 -2.138
SPIN 2 13 12 2 -2.294 -0.700 5.408
SPIN 2 13 12 3 -5.463 1.259 -1.891
SPIN 2 13 12 4 4.298 1.026 3.934
SPIN 2 13 12 5 -3.848 0.662 -4.445
SPIN 2 13 12 6 -2.285 -3.695 4.016
SPIN 2 13 12 7 3.403 2.096 -4.362
SPIN 2 13 12 8 -3.656 4.513 1.125
SPIN 2 13 12 9 0.798 -2.588 -5.260
SPIN 2 13 12 10 3.381 -2.180 4.338
SPIN 2 13 12 11 -4.455 2.365 -3.092
SPIN 2 13 12 12 1.061 5.811 0.320
SPIN 2 13 12 13 -0.661 -4.387 3.913
SPIN 2 13 12 14 -5.834 -0.447 -0.875
SPIN 2 13 12 15 4.339 -0.919 3.916
SPIN 3 13 13 0 1.338 0.299 5.755
SPIN 3 13 13 1 -2.351 3.513 -4.138
SPIN 3 13 13 2 -5.309 2.423 0.970
SPIN 3 13 13 3 0.045 5.904 -0.378
SPIN 3 13 13 4 3.437 2.765 -3.942
SPIN 3 13 13 5 -1.032 0.203 5.822
SPIN 3 13 13 6 2.102 4.654 2.987
SPIN 3 13 13 7 -1.664 1.766 -5.396
SPIN 3 13 13 8 1.465 -4.368 3.711
SPIN 3 13 13 9 -0.332 4.883 -3.323
SPIN 3 13 13 10 -0.509 4.660 -3.609
SPIN 3 13 13 11 -2.675 -5.132 -1.228
SPIN 3 13 13 12 2.793 4.204 -3.086
SPIN 3 13 13 13 5.804 1.081 0.387
SPIN 3 13 13 14 -4.435 3.915 -0.054
SPIN 3 13 13 15 -4.856 -0.762 3.292
SPIN 2 13 13 0 5.071 -0.691 -2.968
SPIN 2 13 13 1 -3.964 1.558 -4.106
SPIN 2 13 13 2 0.445 5.359 2.467
SPIN 2 13 13 3 2.964 -4.612 -2.225
SPIN 2 13 13 4 1.665 2.096 5.276
SPIN 2 13 13 5 -0.527 -0.860 5.829
SPIN 2 13 13 6 -2.362 -5.004 -2.094
SPIN 2 13 13 7 5.102 2.992 -0.130
SPIN 2 13 13 8 3.090 0.689 -4.998
SPIN 2 13 13 9 4.390 -1.763 3.552
SPIN 2 13 13 10 0.576 3.551 -4.696
SPIN 2 13 13 11 5.407 2.316 0.636
SPIN 2 13 13 12 2.369 3.962 3.700
SPIN 2 13 13 13 -0.523 -2.375 -5.393
SPIN 2 13 13 14 -4.004 -3.823 -2.087
SPIN 2 13 13 15 -5.809 0.957 -0.585
SPIN 3 13 14 0 -4.850 -1.666 2.951
SPIN 3 13 14 1 2.448 -5.313 -0.882
SPIN 3 13 14 2 -1.529 -4.851 -3.022
SPIN 3 13 14 3 0.185 0.313 5.905
SPIN 3 13 14 4 -5.542 -1.943 -0.716
SPIN 3 13 14 5 4.415 -3.221 2.266
SPIN 3 13 14 6 -2.336 -5.182 1.639
SPIN 3 13 14 7 5.614 -1.810 0.455
SPIN 3 13 14 8 -4.204 -4.083 -0.814
SPIN 3 13 14 9 5.464 1.763 1.427
SPIN 3 13 14 10 -2.579 -4.108 -3.387
SPIN 3 13 14 11 3.482 4.680 0.984
SPIN 3 13 14 12 1.668 -4.788 3.048
SPIN 3 13 14 13 4.260 -2.997 -2.806
SPIN 3 13 14 14 0.832 5.857 0.076
SPIN 3 13 14 15 3.552 -2.629 3.933
SPIN 2 13 14 0 -3.275 -4.784 -1.181
SPIN 2 13 14 1 -1.997 3.349 4.449
SPIN 2 13 14 2 -0.533 -1.126 -5.783
SPIN 2 13 14 3 3.117 1.452 -4.814
SPIN 2 13 14 4 5.861 0.692 0.409
SPIN 2 13 14 5 -5.635 -0.358 1.765
SPIN 2 13 14 6 -0.374 4.525 -3.792
SPIN 2 13 14 7 3.052 -3.900 -3.237
SPIN 2 13 14 8 0.518 -3.607 4.660
SPIN 2 13 14 9 -2.493 -5.355 0.336
SPIN 2 13 14 10 3.978 4.332 -0.639
SPIN 2 13 14 11 1.178 -5.797 0.092
SPIN 2 13 14 12 0.434 4.458 -3.865
SPIN 2 13 14 13 2.750 -5.216 0.479
SPIN 2 13 14 14 5.594 0.724 1.783
SPIN 2 13 14 15 -5.060 -2.985 -0.696
SPIN 3 13 15 0 1.260 3.528 -4.579
SPIN 3 13 15 1 -1.389 -0.589 -5.720
SPIN 3 13 15 2 1.603 4.065 3.988
SPIN 3 13 15 3 -2.280 -3.323 4.331
SPIN 3 13 15 4 1.634 4.909 2.869
SPIN 3 13 15 5 4.038 -3.230 -2.874
SPIN 3 13 15 6 -2.606 5.255 0.770
SPIN 3 13 15 7 -2.405 -4.986 2.088
SPIN 3 13 15 8 0.662 3.257 -4.894
SPIN 3 13 15 9 -5.735 1.178 -0.849
SPIN 3 13 15 10 4.429 -2.753 -2.794
SPIN 3 13 15 11 0.078 -4.843 -3.397
SPIN 3 13 15 12 -2.383 5.135 1.719
SPIN 3 13 15 13 -5.384 2.440 0.242
SPIN 3 13 15 14 -0.789 -0.761 -5.814
SPIN 3 13 15 15 -1.150 0.690 5.762
SPIN 2 13 15 0 0.348 4.791 3.453
SPIN 2 13 15 1 5.371 -2.303 -0.919
SPIN 2 13 15 2 -0.752 -2.061 5.494
SPIN 2 13 15 3 3.338 0.278 -4.877
SPIN 2 13 15 4 1.079 -1.755 -5.546
SPIN 2 13 15 5 -1.418 5.731 0.377
SPIN 2 13 15 6 -1.740 -4.830 -2.940
SPIN 2 13 15 7 -3.453 -2.751 -3.938
SPIN 2 13 15 8 -0.659 2.383 -5.375
SPIN 2 13 15 9 -0.889 -5.231 -2.617
SPIN 2 13 15 10 1.840 -0.076 5.622
SPIN 2 13 15 11 -1.429 4.667 3.343
SPIN 2 13 15 12 -0.911 -5.084 -2.885
SPIN 2 13 15 13 -0.333 4.920 3.269
SPIN 2 13 15 14 -4.373 1.418 -3.723
SPIN 2 13 15 15 1.054 4.976 -3.021
SPIN 1 14 0 0 3.983 1.688 4.035
SPIN 1 14 0 1 -3.881 4.373 -0.903
SPIN 1 14 0 2 -3.532 4.362 1.869
SPIN 1 14 0 3 5.238 -2.320 -1.475
SPIN 1 14 0 4 -4.641 1.972 -3.094
SPIN 1 14 0 5 5.137 -1.778 2.335
SPIN 1 14 0 6 -3.844 4.447 -0.670
SPIN 1 14 0 7 0.583 -5.882 -0.239
SPIN 1 14 0 8 -4.773 -3.407 0.784
SPIN 1 14 0 9 2.526 5.256 0.996
SPIN 1 14 0 10 -4.453 -2.231 3.192
SPIN 1 14 0 11 4.267 -3.180 2.585
SPIN 1 14 0 12 -4.730 0.093 -3.552
SPIN 1 14 0 13 -0.720 0.771 5.821
SPIN 1 14 0 14 -1.041 1.365 5.661
SPIN 1 14 0 15 5.462 1.950 -1.170
SPIN 4 14 0 0 4.267 0.478 -4.070
SPIN 4 14 0 1 5.085 -0.683 2.946
SPIN 4 14 0 2 1.746 -2.559 5.040
SPIN 4 14 0 3 3.679 4.401 1.449
SPIN 4 14 0 4 -1.545 -2.062 -5.326
SPIN 4 14 0 5 0.398 -2.732 5.233
SPIN 4 14 0 6 4.353 -1.859 -3.549
SPIN 4 14 0 7 4.306 0.858 3.965
SPIN 4 14 0 8 3.934 4.356 -0.740
SPIN 4 14 0 9 1.079 -5.623 1.490
SPIN 4 14 0 10 -4.610 0.255 3.699
SPIN 4 14 0 11 4.654 0.526 -3.615
SPIN 4 14 0 12 2.575 1.446 5.126
SPIN 4 14 0 13 1.365 2.793 -5.033
SPIN 4 14 0 14 -3.343 -4.085 2.671
SPIN 4 14 0 15 -5.058 -0.683 2.991
SPIN 1 14 1 0 -5.382 -1.433 -1.996
SPIN 1 14 1 1 -3.063 3.950 3.165
SPIN 1 14 1 2 5.077 -1.389 -2.700
SPIN 1 14 1 3 -4.121 1.651 3.910
SPIN 1 14 1 4 1.652 0.944 5.602
SPIN 1 14 1 5 5.879 0.590 -0.293
SPIN 1 14 1 6 -1.797 -5.621 -0.425
SPIN 1 14 1 7 -0.220 5.844 0.895
SPIN 1 14 1 8 -5.182 2.575 1.229
SPIN 1 14 1 9 -1.675 -5.000 2.682
SPIN 1 14 1 10 2.162 2.319 -4.995
SPIN 1 14 1 11 -1.529 3.711 4.346
SPIN 1 14 1 12 -3.457 2.943 3.793
SPIN 1 14 1 13 -1.489 5.513 -1.545
SPIN 1 14 1 14 2.694 -3.339 -4.073
SPIN 1 14 1 15 -3.926 4.295 -1.068
SPIN 4 14 1 0 0.821 -2.341 -5.371
SPIN 4 14 1 1 -1.013 5.102 2.818
SPIN 4 14 1 2 4.492 -3.279 -2.017
SPIN 4 14 1 3 -2.768 -2.648 -4.509
SPIN 4 14 1 4 1.874 -1.668 5.358
SPIN 4 14 1 5 -4.578 3.380 -1.617
SPIN 4 14 1 6 3.011 4.738 -1.866
SPIN 4 14 1 7 0.427 -5.288 2.618
SPIN 4 14 1 8 -0.484 3.421 -4.802
SPIN 4 14 1 9 -2.272 5.445 -0.439
SPIN 4 14 1 10 1.913 -5.528 -0.884
SPIN 4 14 1 11 -5.624 0.507 1.764
SPIN 4 14 1 12 -5.519 -0.927 1.919
SPIN 4 14 1 13 -4.272 2.963 2.823
SPIN 4 14 1 14 3.912 4.292 -1.131
SPIN 4 14 1 15 -4.761 1.231 3.290
SPIN 1 14 2 0 -1.843 1.483 5.423
SPIN 1 14 2 1 -1.280 2.203 -5.339
SPIN 1 14 2 2 -0.650 -1.036 -5.788
SPIN 1 14 2 3 -3.376 1.885 -4.478
SPIN 1 14 2 4 4.375 -3.966 -0.359
SPIN 1 14 2 5 -0.946 3.713 4.508
SPIN 1 14 2 6 4.998 2.298 2.178
SPIN 1 14 2 7 -0.892 1.529 -5.645
SPIN 1 14 2 8 -1.276 2.090 5.385
SPIN 1 14 2 9 4.573 2.345 -2.930
SPIN 1 14 2 10 -4.116 -1.297 4.046
SPIN 1 14 2 11 -1.171 5.660 -1.263
SPIN 1 14 2 12 -0.990 -4.147 -4.102
SPIN 1 14 2 13 2.619 -4.400 2.963
SPIN 1 14 2 14 -5.121 -1.006 -2.786
SPIN 1 14 2 15 3.926 -3.686 2.450
SPIN 4 14 2 0 0.012 -2.276 5.461
SPIN 4 14 2 1 0.756 -0.335 5.858
SPIN 4 14 2 2 1.353 -3.644 4.460
SPIN 4 14 2 3 -2.514 3.444 4.101
SPIN 4 14 2 4 -3.453 3.141 -3.635
SPIN 4 14 2 5 -0.380 -2.915 5.134
SPIN 4 14 2 6 -0.960 4.555 3.652
SPIN 4 14 2 7 -4.397 -3.894 -0.709
SPIN 4 14 2 8 -3.190 -2.473 -4.325
SPIN 4 14 2 9 4.836 3.265 0.978
SPIN 4 14 2 10 -0.283 -1.247 -5.776
SPIN 4 14 2 11 4.635 -3.670 0.216
SPIN 4 14 2 12 -0.292 1.724 -5.652
SPIN 4 14 2 13 5.504 1.151 1.839
SPIN 4 14 2 14 -3.281 2.831 -4.027
SPIN 4 14 2 15 0.378 -4.441 -3.890
SPIN 1 14 3 0 4.022 4.339 -0.046
SPIN 1 14 3 1 -4.965 -2.610 -1.879
SPIN 1 14 3 2 2.064 0.867 5.476
SPIN 1 14 3 3 1.615 -4.853 -2.973
SPIN 1 14 3 4 0.786 -0.268 5.858
SPIN 1 14 3 5 -1.841 -4.247 3.684
SPIN 1 14 3 6 -5.025 0.944 -2.977
SPIN 1 14 3 7 -5.798 -0.505 -1.065
SPIN 1 14 3 8 5.756 -0.990 -0.944
SPIN 1 14 3 9 2.060 5.411 1.215
SPIN 1 14 3 10 -2.076 2.254 -5.061
SPIN 1 14 3 11 -0.870 3.543 -4.657
SPIN 1 14 3 12 -0.128 1.953 5.583
SPIN 1 14 3 13 -3.022 -3.250 -3.912
SPIN 1 14 3 14 4.748 -2.205 2.756
SPIN 1 14 3 15 -4.160 4.196 -0.294
SPIN 4 14 3 0 2.278 -4.855 -2.498
SPIN 4 14 3 1 0.530 5.485 -2.151
SPIN 4 14 3 2 0.921 -1.994 -5.493
SPIN 4 14 3 3 2.039 0.530 5.528
SPIN 4 14 3 4 4.588 -0.550 -3.694
SPIN 4 14 3 5 3.617 4.458 1.431
SPIN 4 14 3 6 5.522 -1.249 1.716
SPIN 4 14 3 7 1.999 5.356 1.523
SPIN 4 14 3 8 3.923 -0.667 4.378
SPIN 4 14 3 9 5.045 -3.049 0.501
SPIN 4 14 3 10 2.654 -1.116 -5.168
SPIN 4 14 3 11 5.647 0.896 1.518
SPIN 4 14 3 12 1.184 2.028 5.430
SPIN 4 14 3 13 2.977 -4.014 -3.166
SPIN 4 14 3 14 -4.922 3.220 0.640
SPIN 4 14 3 15 4.222 -1.395 -3.903
SPIN 1 14 4 0 -0.785 3.028 5.022
SPIN 1 14 4 1 1.035 4.063 4.174
SPIN 1 14 4 2 2.621 -4.495 -2.815
SPIN 1 14 4 3 -4.973 -1.621 2.765
SPIN 1 14 4 4 -2.631 -5.292 0.269
SPIN 1 14 4 5 2.060 -5.461 -0.969
SPIN 1 14 4 6 5.129 2.851 -0.751
SPIN 1 14 4 7 1.715 0.178 -5.659
SPIN 1 14 4 8 0.639 5.870 0.374
SPIN 1 14 4 9 -1.691 4.725 -3.133
SPIN 1 14 4 10 4.528 -2.438 2.925
SPIN 1 14 4 11 0.892 -0.427 5.833
SPIN 1 14 4 12 -5.594 -0.825 -1.740
SPIN 1 14 4 13 3.806 -4.528 0.123
SPIN 1 14 4 14 3.382 3.596 -3.260
SPIN 1 14 4 15 -3.633 3.726 -2.815
SPIN 4 14 4 0 -2.003 -5.522 0.707
SPIN 4 14 4 1 0.765 1.179 5.747
SPIN 4 14 4 2 -3.737 3.562 -2.890
SPIN 4 14 4 3 0.840 -4.205 4.076
SPIN 4 14 4 4 0.731 5.847 -0.524
SPIN 4 14 4 5 -2.462 -5.224 -1.286
SPIN 4 14 4 6 -5.742 0.292 -1.396
SPIN 4 14 4 7 3.142 -2.078 -4.562
SPIN 4 14 4 8 -0.090 -3.790 -4.542
SPIN 4 14 4 9 1.141 4.241 -3.964
SPIN 4 14 4 10 -5.576 1.881 -0.605
SPIN 4 14 4 11 1.622 -4.154 -3.887
SPIN 4 14 4 12 4.946 -0.899 3.119
SPIN 4 14 4 13 -3.275 4.288 -2.425
SPIN 4 14 4 14 1.803 -4.075 -3.892
SPIN 4 14 4 15 2.467 4.845 2.332
SPIN 1 14 5 0 3.141 1.098 4.891
SPIN 1 14 5 1 -2.946 3.775 -3.474
SPIN 1 14 5 2 -3.818 -1.583 -4.233
SPIN 1 14 5 3 -4.094 -0.979 -4.157
SPIN 1 14 5 4 3.348 1.867 4.506
SPIN 1 14 5 5 -4.614 -3.670 -0.490
SPIN 1 14 5 6 1.925 -2.331 5.085
SPIN 1 14 5 7 0.898 -4.820 3.311
SPIN 1 14 5 8 -4.489 3.029 2.382
SPIN 1 14 5 9 -1.684 1.473 -5.477
SPIN 1 14 5 10 2.483 -1.436 5.174
SPIN 1 14 5 11 -0.437 5.516 -2.094
SPIN 1 14 5 12 -0.095 4.802 -3.454
SPIN 1 14 5 13 -0.176 -2.651 5.286
SPIN 1 14 5 14 2.006 -4.195 3.657
SPIN 1 14 5 15 -1.311 -5.768 0.120
SPIN 4 14 5 0 -4.242 -2.755 3.068
SPIN 4 14 5 1 1.752 -3.630 4.330
SPIN 4 14 5 2 -5.564 1.985 0.319
SPIN 4 14 5 3 2.388 -1.131 5.293
SPIN 4 14 5 4 -4.350 -0.976 3.890
SPIN 4 14 5 5 5.559 1.708 1.087
SPIN 4 14 5 6 -1.202 -0.476 -5.773
SPIN 4 14 5 7 1.793 2.962 4.797
SPIN 4 14 5 8 -4.229 -3.312 2.479
SPIN 4 14 5 9 -2.449 -4.968 -2.079
SPIN 4 14 5 10 -4.291 -0.543 -4.036
SPIN 4 14 5 11 -4.468 -2.590 2.887
SPIN 4 14 5 12 2.613 -4.419 2.940
SPIN 4 14 5 13 -0.595 -4.776 -3.440
SPIN 4 14 5 14 5.698 1.586 0.108
SPIN 4 14 5 15 2.422 4.280 -3.289
SPIN 1 14 6 0 -0.836 -5.124 -2.838
SPIN 1 14 6 1 4.998 -1.356 -2.859
SPIN 1 14 6 2 2.551 4.845 -2.240
SPIN 1 14 6 3 -3.830 -3.734 -2.528
SPIN 1 14 6 4 4.583 -1.816 3.271
SPIN 1 14 6 5 4.376 -1.899 -3.499
SPIN 1 14 6 6 -5.506 0.042 -2.164
SPIN 1 14 6 7 1.597 -1.074 -5.594
SPIN 1 14 6 8 4.517 1.782 3.379
SPIN 1 14 6 9 4.310 -3.923 1.018
SPIN 1 14 6 10 1.665 3.728 4.281
SPIN 1 14 6 11 -2.208 5.477 0.361
SPIN 1 14 6 12 -3.410 -4.009 2.701
SPIN 1 14 6 13 -1.218 4.774 3.275
SPIN 1 14 6 14 -3.158 0.531 4.975
SPIN 1 14 6 15 -3.953 3.734 -2.331
SPIN 4 14 6 0 -1.004 5.815 0.422
SPIN 4 14 6 1 -5.050 1.178 -2.848
SPIN 4 14 6 2 -1.842 -5.393 1.588
SPIN 4 14 6 3 1.278 5.757 -0.478
SPIN 4 14 6 4 -4.837 0.198 3.400
SPIN 4 14 6 5 -1.622 2.329 -5.191
SPIN 4 14 6 6 -2.588 -5.265 -0.762
SPIN 4 14 6 7 4.862 0.485 -3.336
SPIN 4 14 6 8 -4.587 3.166 -1.983
SPIN 4 14 6 9 -0.262 -1.303 -5.765
SPIN 4 14 6 10 1.204 -4.873 3.131
SPIN 4 14 6 11 -1.506 -5.593 1.203
SPIN 4 14 6 12 5.437 0.940 -2.135
SPIN 4 14 6 13 0.154 5.382 2.452
SPIN 4 14 6 14 -4.535 -2.692 -2.680
SPIN 4 14 6 15 -2.233 4.419 3.238
SPIN 1 14 7 0 5.858 0.126 0.815
SPIN 1 14 7 1 -2.791 -3.438 3.923
SPIN 1 14 7 2 1.854 1.745 5.340
SPIN 1 14 7 3 4.654 -3.598 0.630
SPIN 1 14 7 4 -5.148 2.896 0.336
SPIN 1 14 7 5 3.522 -3.574 3.133
SPIN 1 14 7 6 1.749 0.604 -5.619
SPIN 1 14 7 7 1.470 -5.592 -1.252
SPIN 1 14 7 8 0.902 -2.581 -5.246
SPIN 1 14 7 9 -2.348 -1.794 5.125
SPIN 1 14 7 10 -5.834 -0.793 0.580
SPIN 1 14 7 11 4.752 -2.914 -1.981
SPIN 1 14 7 12 -4.783 -2.088 2.786
SPIN 1 14 7 13 5.106 -1.428 2.624
SPIN 1 14 7 14 -5.296 1.341 2.269
SPIN 1 14 7 15 -1.922 -4.447 -3.396
SPIN 4 14 7 0 1.350 -3.243 4.760
SPIN 4 14 7 1 -0.152 -2.322 5.439
SPIN 4 14 7 2 4.465 3.783 -0.865
SPIN 4 14 7 3 0.783 5.641 1.601
SPIN 4 14 7 4 -0.233 3.843 -4.492
SPIN 4 14 7 5 -1.465 -5.666 0.868
SPIN 4 14 7 6 -2.950 4.965 1.284
SPIN 4 14 7 7 0.805 -2.644 5.231
SPIN 4 14 7 8 3.509 1.078 -4.640
SPIN 4 14 7 9 -2.622 -0.016 5.303
SPIN 4 14 7 10 2.819 -1.957 4.819
SPIN 4 14 7 11 -0.500 5.807 1.016
SPIN 4 14 7 12 -2.158 5.496 -0.377
SPIN 4 14 7 13 -0.842 -5.428 2.197
SPIN 4 14 7 14 -3.429 -1.827 4.462
SPIN 4 14 7 15 0.560 2.264 -5.437
SPIN 1 14 8 0 -1.983 -4.989 2.485
SPIN 1 14 8 1 -2.112 3.761 -4.049
SPIN 1 14 8 2 -2.573 -5.078 1.608
SPIN 1 14 8 3 -0.982 2.910 5.057
SPIN 1 14 8 4 -3.154 3.239 -3.816
SPIN 1 14 8 5 4.074 3.702 2.168
SPIN 1 14 8 6 1.010 0.711 -5.786
SPIN 1 14 8 7 -2.216 -5.268 1.528
SPIN 1 14 8 8 -2.565 -0.582 5.299
SPIN 1 14 8 9 -2.634 -1.875 -4.954
SPIN 1 14 8 10 4.785 0.592 3.429
SPIN 1 14 8 11 -2.580 -5.210 -1.095
SPIN 1 14 8 12 5.350 0.926 -2.350
SPIN 1 14 8 13 -5.735 -0.396 1.399
SPIN 1 14 8 14 2.613 1.953 -4.936
SPIN 1 14 8 15 -1.261 -2.635 5.144
SPIN 4 14 8 0 1.706 -5.337 -1.898
SPIN 4 14 8 1 5.766 0.012 -1.326
SPIN 4 14 8 2 -2.246 -3.075 -4.528
SPIN 4 14 8 3 -3.648 4.655 0.169
SPIN 4 14 8 4 4.396 -3.370 -2.077
SPIN 4 14 8 5 -5.154 -2.875 0.414
SPIN 4 14 8 6 -1.142 -3.292 4.781
SPIN 4 14 8 7 3.939 3.528 -2.652
SPIN 4 14 8 8 -3.350 -4.159 -2.545
SPIN 4 14 8 9 5.890 0.459 -0.315
SPIN 4 14 8 10 -0.815 2.079 -5.478
SPIN 4 14 8 11 -1.994 2.847 4.787
SPIN 4 14 8 12 -3.481 -4.762 -0.456
SPIN 4 14 8 13 4.292 3.959 0.948
SPIN 4 14 8 14 2.544 -0.589 -5.309
SPIN 4 14 8 15 -2.364 -4.734 -2.645
SPIN 1 14 9 0 4.841 3.073 1.457
SPIN 1 14 9 1 1.382 5.536 1.564
SPIN 1 14 9 2 1.036 0.581 5.796
SPIN 1 14 9 3 -3.048 4.761 1.745
SPIN 1 14 9 4 4.031 -0.599 -4.289
SPIN 1 14 9 5 0.892 3.607 4.603
SPIN 1 14 9 6 3.912 -2.815 3.431
SPIN 1 14 9 7 -5.408 1.199 -2.077
SPIN 1 14 9 8 -1.156 3.462 -4.656
SPIN 1 14 9 9 -4.643 -3.475 -1.168
SPIN 1 14 9 10 -3.161 -3.927 -3.097
SPIN 1 14 9 11 0.780 -3.422 -4.762
SPIN 1 14 9 12 3.541 2.068 -4.264
SPIN 1 14 9 13 -5.451 -0.823 -2.146
SPIN 1 14 9 14 -1.083 -5.587 -1.615
SPIN 1 14 9 15 -2.935 0.796 -5.075
SPIN 4 14 9 0 -2.545 3.671 3.879
SPIN 4 14 9 1 -3.123 -3.513 -3.593
SPIN 4 14 9 2 -0.684 0.310 -5.868
SPIN 4 14 9 3 3.076 1.587 4.798
SPIN 4 14 9 4 3.348 4.851 0.506
SPIN 4 14 9 5 1.941 0.517 -5.564
SPIN 4 14 9 6 -4.341 -0.982 3.897
SPIN 4 14 9 7 1.905 -1.761 5.317
SPIN 4 14 9 8 3.724 4.572 0.478
SPIN 4 14 9 9 -5.166 1.801 2.252
SPIN 4 14 9 10 4.308 -3.165 2.535
SPIN 4 14 9 11 -1.781 1.809 -5.344
SPIN 4 14 9 12 2.594 -4.304 3.122
SPIN 4 14 9 13 0.763 5.499 -2.045
SPIN 4 14 9 14 -1.803 0.276 -5.628
SPIN 4 14 9 15 -2.744 2.405 -4.657
SPIN 1 14 10 0 2.963 1.534 -4.885
SPIN 1 14 10 1 -3.512 0.934 -4.669
SPIN 1 14 10 2 4.294 -4.043 -0.468
SPIN 1 14 10 3 -1.278 -5.696 0.960
SPIN 1 14 10 4 -1.441 -2.716 5.054
SPIN 1 14 10 5 -2.792 -1.220 5.071
SPIN 1 14 10 6 -2.194 3.933 -3.836
SPIN 1 14 10 7 2.160 -2.187 -5.055
SPIN 1 14 10 8 2.780 2.658 4.495
SPIN 1 14 10 9 -1.464 -4.739 3.225
SPIN 1 14 10 10 1.874 -5.611 -0.036
SPIN 1 14 10 11 1.262 5.100 2.719
SPIN 1 14 10 12 -3.415 -0.843 4.757
SPIN 1 14 10 13 -2.507 -4.531 2.861
SPIN 1 14 10 14 3.773 4.386 1.236
SPIN 1 14 10 15 0.379 -2.720 -5.240
SPIN 4 14 10 0 -1.272 -5.757 -0.486
SPIN 4 14 10 1 -1.819 -4.683 -3.124
SPIN 4 14 10 2 -2.303 -0.465 5.429
SPIN 4 14 10 3 -5.616 -1.070 -1.522
SPIN 4 14 10 4 0.709 -4.215 -4.091
SPIN 4 14 10 5 -4.586 2.791 -2.485
SPIN 4 14 10 6 0.579 -5.879 0.323
SPIN 4 14 10 7 2.358 -2.899 -4.586
SPIN 4 14 10 8 -2.052 3.117 -4.591
SPIN 4 14 10 9 1.952 -3.065 -4.669
SPIN 4 14 10 10 0.340 5.757 1.318
SPIN 4 14 10 11 0.004 -0.972 5.836
SPIN 4 14 10 12 -0.350 -5.386 -2.423
SPIN 4 14 10 13 2.511 -5.107 -1.616
SPIN 4 14 10 14 -5.258 -0.862 -2.572
SPIN 4 14 10 15 4.921 -2.211 2.428
SPIN 1 14 11 0 2.168 -1.247 5.361
SPIN 1 14 11 1 -0.898 -5.055 -2.940
SPIN 1 14 11 2 2.230 5.286 1.442
SPIN 1 14 11 3 -3.961 3.789 2.226
SPIN 1 14 11 4 3.643 0.411 -4.643
SPIN 1 14 11 5 -0.907 -3.678 -4.544
SPIN 1 14 11 6 0.437 -0.812 5.844
SPIN 1 14 11 7 -3.170 3.221 -3.818
SPIN 1 14 11 8 -2.396 -3.701 3.945
SPIN 1 14 11 9 3.549 -0.540 -4.702
SPIN 1 14 11 10 3.801 4.106 -1.923
SPIN 1 14 11 11 -5.651 -0.489 -1.681
SPIN 1 14 11 12 -0.289 -3.751 -4.565
SPIN 1 14 11 13 -4.625 3.643 -0.583
SPIN 1 14 11 14 -0.894 5.798 -0.762
SPIN 1 14 11 15 -2.104 -1.762 5.241
SPIN 4 14 11 0 -0.875 1.002 5.765
SPIN 4 14 11 1 -1.911 4.836 -2.822
SPIN 4 14 11 2 -5.444 0.445 2.273
SPIN 4 14 11 3 1.312 4.582 3.504
SPIN 4 14 11 4 -4.498 3.492 1.604
SPIN 4 14 11 5 0.494 -2.290 -5.433
SPIN 4 14 11 6 3.881 2.676 3.574
SPIN 4 14 11 7 -5.216 1.922 -2.025
SPIN 4 14 11 8 -3.955 -1.630 4.087
SPIN 4 14 11 9 -1.378 -1.171 -5.633
SPIN 4 14 11 10 -4.790 -2.224 2.666
SPIN 4 14 11 11 -1.776 3.808 4.165
SPIN 4 14 11 12 2.282 4.755 2.681
SPIN 4 14 11 13 1.951 3.781 4.110
SPIN 4 14 11 14 -0.611 5.876 -0.309
SPIN 4 14 11 15 -2.582 -3.289 -4.185
SPIN 1 14 12 0 2.986 0.301 5.098
SPIN 1 14 12 1 -0.925 1.296 -5.698
SPIN 1 14 12 2 -2.618 -0.026 -5.305
SPIN 1 14 12 3 1.734 2.562 -5.043
SPIN 1 14 12 4 0.975 -4.722 3.428
SPIN 1 14 12 5 -1.132 -0.924 5.733
SPIN 1 14 12 6 0.880 -0.618 -5.818
SPIN 1 14 12 7 -0.100 2.817 5.202
SPIN 1 14 12 8 -4.215 -2.398 -3.389
SPIN 1 14 12 9 1.104 3.436 4.688
SPIN 1 14 12 10 -0.884 -3.156 -4.925
SPIN 1 14 12 11 -3.069 -0.030 5.058
SPIN 1 14 12 12 3.870 -1.709 4.135
SPIN 1 14 12 13 4.615 3.699 0.133
SPIN 1 14 12 14 -2.248 1.738 5.189
SPIN 1 14 12 15 -1.919 -4.347 -3.524
SPIN 4 14 12 0 -2.768 0.030 -5.228
SPIN 4 14 12 1 2.105 -2.692 4.829
SPIN 4 14 12 2 1.717 -2.141 -5.241
SPIN 4 14 12 3 -1.620 -5.280 2.122
SPIN 4 14 12 4 5.374 -0.749 -2.358
SPIN 4 14 12 5 -1.117 1.760 5.537
SPIN 4 14 12 6 1.150 -1.898 -5.484
SPIN 4 14 12 7 2.154 -4.823 2.664
SPIN 4 14 12 8 2.738 4.439 -2.792
SPIN 4 14 12 9 -1.549 -4.638 -3.330
SPIN 4 14 12 10 2.382 4.454 -3.080
SPIN 4 14 12 11 -0.616 4.369 3.941
SPIN 4 14 12 12 -1.039 -5.808 0.435
SPIN 4 14 12 13 -1.761 -4.148 -3.833
SPIN 4 14 12 14 5.501 1.696 -1.365
SPIN 4 14 12 15 5.255 -1.302 -2.386
SPIN 1 14 13 0 -4.968 2.043 2.480
SPIN 1 14 13 1 -1.952 -0.336 5.575
SPIN 1 14 13 2 -3.383 4.853 0.013
SPIN 1 14 13 3 5.713 -0.359 -1.494
SPIN 1 14 13 4 -5.371 -0.406 -2.446
SPIN 1 14 13 5 5.252 -0.190 -2.716
SPIN 1 14 13 6 -2.096 -2.027 5.147
SPIN 1 14 13 7 -5.066 -3.015 -0.491
SPIN 1 14 13 8 3.514 4.625 -1.121
SPIN 1 14 13 9 -4.956 1.674 2.763
SPIN 1 14 13 10 -4.347 1.862 -3.555
SPIN 1 14 13 11 -1.883 -4.054 -3.876
SPIN 1 14 13 12 -1.329 -0.292 -5.758
SPIN 1 14 13 13 0.246 0.683 5.871
SPIN 1 14 13 14 3.015 -3.584 3.615
SPIN 1 14 13 15 -1.605 -4.970 2.779
SPIN 4 14 13 0 4.959 2.803 1.599
SPIN 4 14 13 1 2.325 -3.838 -3.855
SPIN 4 14 13 2 -1.880 2.068 5.214
SPIN 4 14 13 3 1.660 -0.002 -5.678
SPIN 4 14 13 4 -5.707 -0.662 1.413
SPIN 4 14 13 5 4.261 -2.969 -2.833
SPIN 4 14 13 6 4.450 3.895 0.159
SPIN 4 14 13 7 0.467 5.422 2.320
SPIN 4 14 13 8 0.390 -5.202 2.791
SPIN 4 14 13 9 -2.150 5.503 -0.310
SPIN 4 14 13 10 5.687 0.909 -1.353
SPIN 4 14 13 11 -2.562 -3.995 3.533
SPIN 4 14 13 12 -0.490 -5.691 1.539
SPIN 4 14 13 13 5.132 0.336 2.924
SPIN 4 14 13 14 1.833 5.150 2.262
SPIN 4 14 13 15 2.945 5.131 -0.074
SPIN 1 14 14 0 3.923 -2.289 -3.791
SPIN 1 14 14 1 2.044 -5.232 1.856
SPIN 1 14 14 2 5.318 -1.250 -2.270
SPIN 1 14 14 3 -4.680 0.780 3.534
SPIN 1 14 14 4 0.050 -5.630 -1.817
SPIN 1 14 14 5 4.028 3.745 -2.180
SPIN 1 14 14 6 -3.700 0.083 4.616
SPIN 1 14 14 7 -0.276 -1.906 -5.594
SPIN 1 14 14 8 -0.345 2.099 -5.521
SPIN 1 14 14 9 0.278 1.784 -5.634
SPIN 1 14 14 10 0.918 -5.824 0.494
SPIN 1 14 14 11 2.574 -0.747 5.274
SPIN 1 14 14 12 -2.490 -4.496 -2.930
SPIN 1 14 14 13 0.707 3.058 -5.015
SPIN 1 14 14 14 0.542 -4.648 -3.620
SPIN 1 14 14 15 -1.077 5.763 0.791
SPIN 4 14 14 0 4.092 -4.256 -0.372
SPIN 4 14 14 1 0.960 -4.218 4.036
SPIN 4 14 14 2 5.854 0.833 -0.201
SPIN 4 14 14 3 0.938 -4.505 -3.718
SPIN 4 14 14 4 1.275 5.204 2.508
SPIN 4 14 14 5 4.462 3.883 -0.118
SPIN 4 14 14 6 1.297 -5.536 -1.635
SPIN 4 14 14 7 -5.094 -2.974 0.454
SPIN 4 14 14 8 -1.462 1.725 5.467
SPIN 4 14 14 9 1.566 -5.446 -1.700
SPIN 4 14 14 10 -5.395 -1.874 -1.543
SPIN 4 14 14 11 4.901 2.853 1.687
SPIN 4 14 14 12 -1.643 4.748 3.123
SPIN 4 14 14 13 1.199 -0.429 -5.777
SPIN 4 14 14 14 4.161 -2.695 -3.228
SPIN 4 14 14 15 3.516 2.420 -4.097
SPIN 1 14 15 0 -3.923 4.022 -1.854
SPIN 1 14 15 1 1.586 -0.362 5.688
SPIN 1 14 15 2 -3.379 4.289 2.278
SPIN 1 14 15 3 -1.607 4.273 3.763
SPIN 1 14 15 4 5.770 1.283 -0.238
SPIN 1 14 15 5 -1.104 0.860 -5.748
SPIN 1 14 15 6 3.809 -3.353 3.042
SPIN 1 14 15 7 2.284 -4.912 2.379
SPIN 1 14 15 8 -4.569 1.386 -3.494
SPIN 1 14 15 9 2.011 4.390 3.418
SPIN 1 14 15 10 1.230 5.713 0.919
SPIN 1 14 15 11 2.992 3.474 3.739
SPIN 1 14 15 12 -1.014 -4.187 4.054
SPIN 1 14 15 13 -0.633 -4.593 -3.674
SPIN 1 14 15 14 4.481 0.593 3.817
SPIN 1 14 15 15 4.666 -1.441 3.339
SPIN 4 14 15 0 -2.037 -2.219 5.092
SPIN 4 14 15 1 4.054 -2.099 -3.763
SPIN 4 14 15 2 -2.169 -5.428 -0.909
SPIN 4 14 15 3 5.503 0.668 -2.065
SPIN 4 14 15 4 -1.495 -2.120 5.317
SPIN 4 14 15 5 4.385 -0.475 -3.943
SPIN 4 14 15 6 2.950 -0.473 5.106
SPIN 4 14 15 7 3.975 0.890 4.290
SPIN 4 14 15 8 0.837 -4.574 -3.658
SPIN 4 14 15 9 2.625 5.301 -0.082
SPIN 4 14 15 10 -5.650 1.023 1.427
SPIN 4 14 15 11 -2.869 -3.684 -3.633
SPIN 4 14 15 12 -2.164 5.460 0.711
SPIN 4 14 15 13 -4.656 0.503 3.615
SPIN 4 14 15 14 -4.150 4.216 0.047
SPIN 4 14 15 15 0.266 -4.824 3.415
SPIN 3 14 0 0 -1.511 4.746 -3.193
SPIN 3 14 0 1 0.022 -5.499 -2.182
SPIN 3 14 0 2 3.283 4.042 -2.808
SPIN 3 14 0 3 -3.305 2.565 -4.183
SPIN 3 14 0 4 5.212 2.795 0.159
SPIN 3 14 0 5 1.399 1.200 -5.622
SPIN 3 14 0 6 -5.333 2.546 0.280
SPIN 3 14 0 7 -2.535 -2.572 -4.686
SPIN 3 14 0 8 3.134 2.382 4.417
SPIN 3 14 0 9 -5.335 -1.739 1.874
SPIN 3 14 0 10 4.377 -0.119 3.978
SPIN 3 14 0 11 0.370 -4.013 4.331
SPIN 3 14 0 12 0.358 4.924 -3.260
SPIN 3 14 0 13 -1.328 -4.945 2.963
SPIN 3 14 0 14 0.446 -4.307 -4.031
SPIN 3 14 0 15 -3.668 2.740 3.747
SPIN 2 14 0 0 0.095 -0.092 5.915
SPIN 2 14 0 1 1.677 5.673 0.017
SPIN 2 14 0 2 2.917 -4.953 -1.399
SPIN 2 14 0 3 5.026 -2.854 1.264
SPIN 2 14 0 4 -4.098 -2.644 -3.349
SPIN 2 14 0 5 -3.631 2.728 -3.791
SPIN 2 14 0 6 3.546 -4.519 -1.417
SPIN 2 14 0 7 1.141 1.095 5.701
SPIN 2 14 0 8 4.977 -2.025 -2.476
SPIN 2 14 0 9 -2.978 -2.768 -4.298
SPIN 2 14 0 10 5.170 0.604 2.812
SPIN 2 14 0 11 -3.303 1.363 -4.715
SPIN 2 14 0 12 3.156 -4.386 2.409
SPIN 2 14 0 13 2.561 0.280 -5.326
SPIN 2 14 0 14 -2.846 -3.825 -3.502
SPIN 2 14 0 15 4.363 1.331 -3.767
SPIN 3 14 1 0 -3.404 4.827 -0.333
SPIN 3 14 1 1 -4.746 3.522 -0.256
SPIN 3 14 1 2 -5.798 0.009 1.175
SPIN 3 14 1 3 1.804 -5.565 -0.884
SPIN 3 14 1 4 -0.322 0.846 -5.846
SPIN 3 14 1 5 -4.415 -0.459 3.911
SPIN 3 14 1 6 4.084 -2.404 -3.541
SPIN 3 14 1 7 -5.116 2.747 -1.130
SPIN 3 14 1 8 2.375 1.364 5.244
SPIN 3 14 1 9 -0.148 -4.040 -4.319
SPIN 3 14 1 10 -3.325 3.935 2.909
SPIN 3 14 1 11 -3.489 4.741 0.589
SPIN 3 14 1 12 1.550 -5.020 2.720
SPIN 3 14 1 13 -0.409 -2.854 5.166
SPIN 3 14 1 14 1.352 -5.563 1.490
SPIN 3 14 1 15 0.606 -4.576 -3.701
SPIN 2 14 1 0 3.441 3.105 3.677
SPIN 2 14 1 1 4.444 -3.767 1.033
SPIN 2 14 1 2 -3.976 3.927 -1.942
SPIN 2 14 1 3 -4.447 -3.902 0.031
SPIN 2 14 1 4 5.062 2.180 2.150
SPIN 2 14 1 5 -2.624 -3.757 -3.741
SPIN 2 14 1 6 -1.909 -2.643 -4.937
SPIN 2 14 1 7 -2.920 0.195 5.141
SPIN 2 14 1 8 3.527 -0.449 -4.728
SPIN 2 14 1 9 -2.778 5.185 -0.632
SPIN 2 14 1 10 -4.020 1.252 4.156
SPIN 2 14 1 11 2.738 -4.034 3.351
SPIN 2 14 1 12 3.024 4.972 -1.066
SPIN 2 14 1 13 -1.166 -2.337 5.308
SPIN 2 14 1 14 4.939 1.101 -3.064
SPIN 2 14 1 15 -4.710 -0.259 3.571
SPIN 3 14 2 0 -1.321 2.220 5.322
SPIN 3 14 2 1 3.429 -2.995 3.778
SPIN 3 14 2 2 2.339 5.131 1.791
SPIN 3 14 2 3 2.754 4.994 1.574
SPIN 3 14 2 4 -2.018 3.137 -4.592
SPIN 3 14 2 5 -3.113 2.347 4.450
SPIN 3 14 2 6 3.107 -4.530 -2.196
SPIN 3 14 2 7 -4.323 -0.108 4.037
SPIN 3 14 2 8 -1.100 2.421 5.285
SPIN 3 14 2 9 2.081 5.533 0.229
SPIN 3 14 2 10 2.559 0.184 -5.331
SPIN 3 14 2 11 -2.878 -5.117 0.734
SPIN 3 14 2 12 -4.357 0.446 -3.977
SPIN 3 14 2 13 -0.617 -5.819 -0.868
SPIN 3 14 2 14 -3.125 4.768 1.581
SPIN 3 14 2 15 -4.934 -2.649 -1.907
SPIN 2 14 2 0 2.116 2.845 -4.736
SPIN 2 14 2 1 -3.900 4.234 1.364
SPIN 2 14 2 2 2.118 -4.078 -3.726
SPIN 2 14 2 3 3.024 -3.028 4.085
SPIN 2 14 2 4 -5.787 -1.065 0.610
SPIN 2 14 2 5 -3.013 0.508 5.066
SPIN 2 14 2 6 -3.991 -0.652 -4.319
SPIN 2 14 2 7 -1.113 -2.301 5.335
SPIN 2 14 2 8 5.680 1.016 1.308
SPIN 2 14 2 9 -3.211 -4.596 -1.889
SPIN 2 14 2 10 4.773 -3.473 0.397
SPIN 2 14 2 11 -0.267 1.338 -5.756
SPIN 2 14 2 12 0.266 3.955 4.392
SPIN 2 14 2 13 -1.664 -5.096 -2.502
SPIN 2 14 2 14 -4.869 0.702 3.286
SPIN 2 14 2 15 2.789 -1.730 4.922
SPIN 3 14 3 0 2.765 2.460 4.615
SPIN 3 14 3 1 -5.041 1.662 -2.614
SPIN 3 14 3 2 1.284 5.775 0.041
SPIN 3 14 3 3 -3.328 -2.559 4.169
SPIN 3 14 3 4 -0.246 -2.460 5.375
SPIN 3 14 3 5 3.794 -1.164 4.387
SPIN 3 14 3 6 -1.890 3.549 4.339
SPIN 3 14 3 7 0.153 0.394 5.901
SPIN 3 14 3 8 -0.053 -5.271 -2.686
SPIN 3 14 3 9 4.965 2.135 2.406
SPIN 3 14 3 10 -0.598 -3.039 5.040
SPIN 3 14 3 11 5.514 0.528 2.078
SPIN 3 14 3 12 -4.267 4.094 0.176
SPIN 3 14 3 13 4.107 -3.336 -2.647
SPIN 3 14 3 14 -2.794 -5.171 -0.673
SPIN 3 14 3 15 1.305 3.794 4.348
SPIN 2 14 3 0 -2.537 1.255 -5.195
SPIN 2 14 3 1 3.823 -2.329 -3.868
SPIN 2 14 3 2 -4.415 -0.626 -3.888
SPIN 2 14 3 3 -2.493 0.660 -5.325
SPIN 2 14 3 4 1.063 -1.535 5.614
SPIN 2 14 3 5 -4.006 4.336 -0.389
SPIN 2 14 3 6 0.680 -3.563 -4.674
SPIN 2 14 3 7 4.327 1.850 -3.585
SPIN 2 14 3 8 -5.319 -2.518 -0.605
SPIN 2 14 3 9 -0.292 4.608 3.699
SPIN 2 14 3 10 -0.126 -4.937 -3.258
SPIN 2 14 3 11 -0.062 4.143 -4.223
SPIN 2 14 3 12 -1.870 5.163 -2.202
SPIN 2 14 3 13 2.078 5.447 1.007
SPIN 2 14 3 14 -5.175 0.533 2.816
SPIN 2 14 3 15 -1.400 -2.432 5.208
SPIN 3 14 4 0 -3.983 2.702 -3.441
SPIN 3 14 4 1 1.834 1.748 5.346
SPIN 3 14 4 2 5.043 -0.732 -3.005
SPIN 3 14 4 3 -2.787 2.191 4.737
SPIN 3 14 4 4 3.772 0.805 -4.486
SPIN 3 14 4 5 1.505 1.553 5.506
SPIN 3 14 4 6 0.258 0.780 5.859
SPIN 3 14 4 7 3.863 0.777 -4.413
SPIN 3 14 4 8 1.108 4.976 -3.001
SPIN 3 14 4 9 -1.746 -5.474 -1.409
SPIN 3 14 4 10 1.906 3.417 4.437
SPIN 3 14 4 11 -2.069 -1.838 -5.229
SPIN 3 14 4 12 4.764 -2.358 2.597
SPIN 3 14 4 13 -1.247 2.720 5.104
SPIN 3 14 4 14 2.660 -5.223 -0.801
SPIN 3 14 4 15 3.374 4.860 -0.029
SPIN 2 14 4 0 2.596 -5.294 0.487
SPIN 2 14 4 1 4.784 -3.478 -0.125
SPIN 2 14 4 2 0.651 5.353 -2.435
SPIN 2 14 4 3 -2.191 0.548 5.468
SPIN 2 14 4 4 1.419 4.437 -3.647
SPIN 2 14 4 5 0.718 -5.869 -0.182
SPIN 2 14 4 6 -4.657 -1.017 3.505
SPIN 2 14 4 7 0.612 -5.830 0.799
SPIN 2 14 4 8 5.743 1.117 0.874
SPIN 2 14 4 9 0.959 -5.154 -2.741
SPIN 2 14 4 10 -2.696 1.426 5.069
SPIN 2 14 4 11 -3.272 -3.750 3.200
SPIN 2 14 4 12 4.545 0.249 3.779
SPIN 2 14 4 13 -5.108 2.202 2.016
SPIN 2 14 4 14 2.680 5.256 -0.434
SPIN 2 14 4 15 1.419 -5.654 1.007
SPIN 3 14 5 0 -2.163 1.556 5.282
SPIN 3 14 5 1 -5.351 -2.504 -0.313
SPIN 3 14 5 2 -4.215 -3.086 2.777
SPIN 3 14 5 3 -1.638 1.355 -5.521
SPIN 3 14 5 4 -0.918 -4.354 -3.899
SPIN 3 14 5 5 -2.503 5.318 -0.678
SPIN 3 14 5 6 0.502 2.908 5.128
SPIN 3 14 5 7 -5.012 -2.493 1.914
SPIN 3 14 5 8 2.405 -5.163 1.599
SPIN 3 14 5 9 -5.888 -0.546 0.172
SPIN 3 14 5 10 1.662 0.823 -5.618
SPIN 3 14 5 11 3.441 4.779 0.566
SPIN 3 14 5 12 -1.436 -4.368 -3.723
SPIN 3 14 5 13 -4.923 -0.676 -3.211
SPIN 3 14 5 14 -5.142 2.441 1.614
SPIN 3 14 5 15 -2.575 -3.903 3.624
SPIN 2 14 5 0 3.352 -2.763 -4.016
SPIN 2 14 5 1 -0.710 5.709 1.377
SPIN 2 14 5 2 2.082 -5.526 -0.364
SPIN 2 14 5 3 4.248 -3.499 2.170
SPIN 2 14 5 4 -3.483 4.619 1.238
SPIN 2 14 5 5 -1.176 1.154 5.682
SPIN 2 14 5 6 5.723 -1.420 0.481
SPIN 2 14 5 7 -3.101 4.068 -2.972
SPIN 2 14 5 8 -0.402 -5.340 2.515
SPIN 2 14 5 9 0.371 5.870 -0.634
SPIN 2 14 5 10 4.392 -3.903 -0.687
SPIN 2 14 5 11 4.725 3.454 -0.862
SPIN 2 14 5 12 3.504 -4.732 -0.574
SPIN 2 14 5 13 5.874 0.668 0.226
SPIN 2 14 5 14 0.185 -2.264 -5.462
SPIN 2 14 5 15 -1.137 1.098 5.701
SPIN 3 14 6 0 5.529 1.781 1.121
SPIN 3 14 6 1 -5.540 0.687 1.960
SPIN 3 14 6 2 4.686 -3.545 0.687
SPIN 3 14 6 3 -1.470 -5.711 -0.473
SPIN 3 14 6 4 -3.437 0.922 4.726
SPIN 3 14 6 5 -3.463 -4.653 1.168
SPIN 3 14 6 6 3.107 4.270 2.668
SPIN 3 14 6 7 -4.420 2.207 -3.254
SPIN 3 14 6 8 -2.391 -5.024 -2.011
SPIN 3 14 6 9 4.266 2.183 3.469
SPIN 3 14 6 10 2.582 3.854 3.672
SPIN 3 14 6 11 0.523 -5.856 0.658
SPIN 3 14 6 12 -4.091 -1.184 4.106
SPIN 3 14 6 13 3.037 -4.671 1.990
SPIN 3 14 6 14 2.384 4.193 3.425
SPIN 3 14 6 15 -1.725 -5.610 0.743
SPIN 2 14 6 0 0.083 0.117 -5.914
SPIN 2 14 6 1 -4.333 3.877 -1.094
SPIN 2 14 6 2 5.420 0.681 2.272
SPIN 2 14 6 3 -2.723 5.245 -0.284
SPIN 2 14 6 4 2.876 -2.155 -4.700
SPIN 2 14 6 5 0.509 5.749 1.301
SPIN 2 14 6 6 2.032 3.648 4.191
SPIN 2 14 6 7 -1.614 3.356 -4.597
SPIN 2 14 6 8 -0.451 1.036 5.807
SPIN 2 14 6 9 -0.006 -2.611 -5.309
SPIN 2 14 6 10 -2.017 -0.352 -5.550
SPIN 2 14 6 11 2.447 -0.058 5.386
SPIN 2 14 6 12 2.150 1.119 -5.397
SPIN 2 14 6 13 -0.588 -5.887 0.039
SPIN 2 14 6 14 -5.307 1.070 2.385
SPIN 2 14 6 15 -0.975 2.816 -5.111
SPIN 3 14 7 0 -3.790 -3.048 3.368
SPIN 3 14 7 1 5.172 2.844 -0.398
SPIN 3 14 7 2 -2.526 -0.521 5.324
SPIN 3 14 7 3 -0.363 -4.765 -3.487
SPIN 3 14 7 4 0.617 -4.884 3.281
SPIN 3 14 7 5 4.654 3.546 -0.874
SPIN 3 14 7 6 -1.854 -5.144 2.258
SPIN 3 14 7 7 3.390 0.943 -4.756
SPIN 3 14 7 8 -0.492 5.654 1.669
SPIN 3 14 7 9 -0.452 -5.785 1.154
SPIN 3 14 7 10 -3.485 -4.761 0.442
SPIN 3 14 7 11 -2.532 -0.391 5.333
SPIN 3 14 7 12 -2.502 3.162 4.329
SPIN 3 14 7 13 0.741 1.293 -5.725
SPIN 3 14 7 14 0.024 2.458 5.381
SPIN 3 14 7 15 4.639 -2.266 2.888
SPIN 2 14 7 0 -3.501 4.531 -1.487
SPIN 2 14 7 1 0.143 -4.231 -4.133
SPIN 2 14 7 2 -2.403 -3.621 4.014
SPIN 2 14 7 3 2.977 -4.683 -2.051
SPIN 2 14 7 4 2.085 2.173 5.092
SPIN 2 14 7 5 -5.074 -2.264 -2.033
SPIN 2 14 7 6 3.033 -1.447 4.869
SPIN 2 14 7 7 -1.722 4.553 -3.362
SPIN 2 14 7 8 -2.977 0.015 5.112
SPIN 2 14 7 9 1.417 2.784 5.024
SPIN 2 14 7 10 1.041 -1.274 -5.683
SPIN 2 14 7 11 -3.044 -1.390 -4.879
SPIN 2 14 7 12 4.334 -4.021 0.212
SPIN 2 14 7 13 -4.188 4.119 -0.706
SPIN 2 14 7 14 -0.123 5.914 -0.118
SPIN 2 14 7 15 -4.965 -0.747 3.129
SPIN 3 14 8 0 5.251 -0.092 2.725
SPIN 3 14 8 1 -3.228 3.206 3.782
SPIN 3 14 8 2 3.459 -1.264 -4.630
SPIN 3 14 8 3 -1.836 -2.694 4.936
SPIN 3 14 8 4 0.573 -0.886 -5.821
SPIN 3 14 8 5 3.447 3.920 2.784
SPIN 3 14 8 6 -3.853 -0.737 -4.429
SPIN 3 14 8 7 -1.891 3.957 3.970
SPIN 3 14 8 8 1.126 -2.093 -5.418
SPIN 3 14 8 9 -5.280 2.665 0.147
SPIN 3 14 8 10 5.887 0.161 0.561
SPIN 3 14 8 11 1.889 5.539 -0.863
SPIN 3 14 8 12 -0.097 -3.202 -4.974
SPIN 3 14 8 13 -0.003 -5.894 0.507
SPIN 3 14 8 14 3.846 4.459 -0.568
SPIN 3 14 8 15 -2.973 4.721 -1.968
SPIN 2 14 8 0 -4.977 1.361 2.894
SPIN 2 14 8 1 5.347 2.499 -0.400
SPIN 2 14 8 2 4.964 -2.503 -2.024
SPIN 2 14 8 3 -2.655 -5.031 1.626
SPIN 2 14 8 4 -1.532 5.711 -0.198
SPIN 2 14 8 5 -3.964 -2.629 -3.518
SPIN 2 14 8 6 -3.882 0.127 4.463
SPIN 2 14 8 7 -2.230 -4.646 -2.906
SPIN 2 14 8 8 -5.575 -1.755 -0.917
SPIN 2 14 8 9 0.821 -5.840 0.468
SPIN 2 14 8 10 3.812 -2.871 3.496
SPIN 2 14 8 11 -2.714 5.252 0.229
SPIN 2 14 8 12 1.912 -5.479 -1.150
SPIN 2 14 8 13 2.153 -2.316 5.000
SPIN 2 14 8 14 2.313 5.410 -0.618
SPIN 2 14 8 15 5.440 -0.315 2.304
SPIN 3 14 9 0 -2.292 -2.378 -4.908
SPIN 3 14 9 1 -2.761 -4.755 2.182
SPIN 3 14 9 2 1.969 -1.295 5.426
SPIN 3 14 9 3 1.183 -2.168 -5.376
SPIN 3 14 9 4 -1.700 2.426 5.121
SPIN 3 14 9 5 -3.957 -4.351 -0.638
SPIN 3 14 9 6 2.881 1.077 5.054
SPIN 3 14 9 7 -0.544 5.791 1.083
SPIN 3 14 9 8 0.447 -3.963 -4.370
SPIN 3 14 9 9 0.806 5.728 1.240
SPIN 3 14 9 10 1.437 -1.765 -5.461
SPIN 3 14 9 11 5.201 -2.263 -1.680
SPIN 3 14 9 12 -4.567 1.268 3.540
SPIN 3 14 9 13 5.715 -0.879 1.251
SPIN 3 14 9 14 -3.254 3.189 -3.774
SPIN 3 14 9 15 -1.494 -5.386 -1.940
SPIN 2 14 9 0 0.432 2.519 -5.335
SPIN 2 14 9 1 0.794 -3.224 4.897
SPIN 2 14 9 2 -0.467 -4.684 -3.584
SPIN 2 14 9 3 2.565 5.223 -1.069
SPIN 2 14 9 4 -4.876 -3.273 0.716
SPIN 2 14 9 5 5.514 1.991 -0.796
SPIN 2 14 9 6 -5.518 1.861 -1.041
SPIN 2 14 9 7 3.312 -2.752 -4.057
SPIN 2 14 9 8 -0.230 3.693 4.616
SPIN 2 14 9 9 4.340 -2.659 -3.016
SPIN 2 14 9 10 2.475 5.314 -0.801
SPIN 2 14 9 11 -1.320 4.118 4.037
SPIN 2 14 9 12 4.238 -3.754 1.716
SPIN 2 14 9 13 -3.107 4.529 -2.198
SPIN 2 14 9 14 -3.438 -3.745 3.026
SPIN 2 14 9 15 -3.314 0.718 4.848
SPIN 3 14 10 0 4.510 3.769 0.676
SPIN 3 14 10 1 -0.691 -4.945 3.173
SPIN 3 14 10 2 3.455 3.331 3.459
SPIN 3 14 10 3 -0.035 -3.769 -4.560
SPIN 3 14 10 4 -4.925 1.982 2.611
SPIN 3 14 10 5 -0.089 -5.842 -0.928
SPIN 3 14 10 6 1.379 0.472 5.734
SPIN 3 14 10 7 5.112 1.192 -2.728
SPIN 3 14 10 8 -0.995 3.319 4.795
SPIN 3 14 10 9 0.786 -3.341 -4.818
SPIN 3 14 10 10 -1.131 5.757 -0.759
SPIN 3 14 10 11 2.916 2.512 -4.493
SPIN 3 14 10 12 4.652 1.839 3.158
SPIN 3 14 10 13 0.925 -5.805 0.668
SPIN 3 14 10 14 -2.899 4.521 2.481
SPIN 3 14 10 15 0.832 1.221 5.729
SPIN 2 14 10 0 -2.895 -2.756 -4.362
SPIN 2 14 10 1 0.167 5.849 0.870
SPIN 2 14 10 2 -5.576 1.849 0.700
SPIN 2 14 10 3 1.459 -5.210 -2.394
SPIN 2 14 10 4 0.342 4.024 -4.324
SPIN 2 14 10 5 -3.525 -4.603 1.178
SPIN 2 14 10 6 2.534 2.538 -4.705
SPIN 2 14 10 7 0.383 5.650 1.713
SPIN 2 14 10 8 -2.943 -4.464 -2.533
SPIN 2 14 10 9 2.607 -0.460 5.291
SPIN 2 14 10 10 -0.967 -4.189 -4.064
SPIN 2 14 10 11 2.999 -4.031 -3.125
SPIN 2 14 10 12 -3.586 0.279 -4.697
SPIN 2 14 10 13 4.594 0.212 -3.722
SPIN 2 14 10 14 -3.004 3.368 -3.825
SPIN 2 14 10 15 -1.437 0.928 -5.663
SPIN 3 14 11 0 -4.976 3.184 -0.319
SPIN 3 14 11 1 0.778 -1.792 5.584
SPIN 3 14 11 2 -2.873 -4.542 -2.473
SPIN 3 14 11 3 -1.189 5.762 -0.619
SPIN 3 14 11 4 3.642 4.622 0.614
SPIN 3 14 11 5 2.382 5.157 1.652
SPIN 3 14 11 6 -0.666 -5.857 -0.498
SPIN 3 14 11 7 0.619 4.838 3.349
SPIN 3 14 11 8 1.881 4.327 -3.570
SPIN 3 14 11 9 -1.969 -0.087 5.578
SPIN 3 14 11 10 0.537 5.776 -1.161
SPIN 3 14 11 11 2.261 4.098 3.619
SPIN 3 14 11 12 -5.134 1.104 -2.724
SPIN 3 14 11 13 -3.991 -3.010 3.164
SPIN 3 14 11 14 3.185 -1.660 4.701
SPIN 3 14 11 15 3.651 -1.926 -4.238
SPIN 2 14 11 0 -0.145 -5.747 -1.398
SPIN 2 14 11 1 1.662 5.381 -1.813
SPIN 2 14 11 2 -4.424 -0.522 3.893
SPIN 2 14 11 3 -4.542 -3.399 1.677
SPIN 2 14 11 4 -2.863 2.624 -4.463
SPIN 2 14 11 5 -4.404 2.382 -3.152
SPIN 2 14 11 6 -2.497 3.941 3.638
SPIN 2 14 11 7 0.699 -3.056 -5.017
SPIN 2 14 11 8 3.058 -3.496 3.664
SPIN 2 14 11 9 0.637 1.848 -5.584
SPIN 2 14 11 10 0.529 4.979 3.151
SPIN 2 14 11 11 3.569 -3.454 3.214
SPIN 2 14 11 12 5.099 -0.067 -3.000
SPIN 2 14 11 13 -4.738 3.230 -1.455
SPIN 2 14 11 14 4.086 4.201 0.807
SPIN 2 14 11 15 -2.560 -1.104 5.218
SPIN 3 14 12 0 1.970 0.570 5.549
SPIN 3 14 12 1 -1.830 -0.936 -5.547
SPIN 3 14 12 2 3.315 -1.081 -4.780
SPIN 3 14 12 3 0.268 -5.751 -1.362
SPIN 3 14 12 4 -3.833 4.092 -1.887
SPIN 3 14 12 5 -3.424 -2.890 -3.863
SPIN 3 14 12 6 -4.331 2.477 3.179
SPIN 3 14 12 7 -0.273 2.696 -5.259
SPIN 3 14 12 8 -3.970 4.132 1.473
SPIN 3 14 12 9 -1.598 -1.084 5.592
SPIN 3 14 12 10 -0.885 -5.841 -0.314
SPIN 3 14 12 11 -3.387 -2.067 -4.388
SPIN 3 14 12 12 1.981 -5.095 2.262
SPIN 3 14 12 13 -4.814 -2.482 2.381
SPIN 3 14 12 14 -3.706 2.733 -3.714
SPIN 3 14 12 15 -0.515 3.106 5.009
SPIN 2 14 12 0 0.327 5.896 0.356
SPIN 2 14 12 1 1.694 -5.455 1.539
SPIN 2 14 12 2 -3.006 -4.491 -2.407
SPIN 2 14 12 3 5.748 1.395 0.102
SPIN 2 14 12 4 -5.111 -2.784 1.063
SPIN 2 14 12 5 0.479 4.850 3.354
SPIN 2 14 12 6 -0.943 1.255 -5.704
SPIN 2 14 12 7 3.863 -4.265 -1.374
SPIN 2 14 12 8 -2.606 3.838 3.672
SPIN 2 14 12 9 -4.256 1.601 3.785
SPIN 2 14 12 10 -4.073 3.871 -1.851
SPIN 2 14 12 11 1.263 4.210 -3.960
SPIN 2 14 12 12 -0.750 -5.868 -0.043
SPIN 2 14 12 13 3.445 -4.723 -0.910
SPIN 2 14 12 14 4.365 -2.190 -3.339
SPIN 2 14 12 15 1.286 5.636 -1.256
SPIN 3 14 13 0 -3.601 3.923 -2.578
SPIN 3 14 13 1 5.686 -0.563 1.534
SPIN 3 14 13 2 -4.394 3.462 -1.926
SPIN 3 14 13 3 0.445 5.823 -0.947
SPIN 3 14 13 4 -3.944 -3.526 -2.648
SPIN 3 14 13 5 5.100 -2.526 -1.616
SPIN 3 14 13 6 -2.049 -5.474 0.916
SPIN 3 14 13 7 -3.204 -4.761 1.440
SPIN 3 14 13 8 -3.846 4.138 -1.756
SPIN 3 14 13 9 -0.117 -5.812 -1.100
SPIN 3 14 13 10 -5.423 1.887 1.426
SPIN 3 14 13 11 3.525 4.126 2.357
SPIN 3 14 13 12 4.883 3.315 0.404
SPIN 3 14 13 13 -3.454 -4.465 -1.770
SPIN 3 14 13 14 -0.360 -1.521 -5.706
SPIN 3 14 13 15 -3.740 4.466 1.034
SPIN 2 14 13 0 -3.956 -0.222 4.393
SPIN 2 14 13 1 -4.013 4.273 -0.798
SPIN 2 14 13 2 3.519 -4.220 -2.193
SPIN 2 14 13 3 1.104 5.484 1.924
SPIN 2 14 13 4 4.479 3.625 1.342
SPIN 2 14 13 5 0.177 -4.795 3.460
SPIN 2 14 13 6 -0.682 -2.972 -5.070
SPIN 2 14 13 7 -4.729 2.540 2.488
SPIN 2 14 13 8 2.268 -2.464 -4.877
SPIN 2 14 13 9 -3.644 -3.453 3.130
SPIN 2 14 13 10 4.672 0.210 3.624
SPIN 2 14 13 11 -4.098 -0.562 -4.230
SPIN 2 14 13 12 0.009 3.633 4.669
SPIN 2 14 13 13 -4.023 -1.064 -4.205
SPIN 2 14 13 14 -2.143 -0.872 -5.445
SPIN 2 14 13 15 -0.617 -2.228 5.446
SPIN 3 14 14 0 -2.229 3.026 -4.569
SPIN 3 14 14 1 -4.066 -3.382 2.652
SPIN 3 14 14 2 0.354 5.191 -2.815
SPIN 3 14 14 3 -3.772 -3.082 3.358
SPIN 3 14 14 4 3.639 -4.099 -2.226
SPIN 3 14 14 5 0.474 3.103 5.015
SPIN 3 14 14 6 -0.977 5.741 -1.044
SPIN 3 14 14 7 0.110 -5.036 3.103
SPIN 3 14 14 8 4.899 2.920 -1.571
SPIN 3 14 14 9 -4.847 -2.703 2.048
SPIN 3 14 14 10 5.609 -0.018 1.882
SPIN 3 14 14 11 1.567 -5.181 -2.387
SPIN 3 14 14 12 -3.419 4.750 -0.862
SPIN 3 14 14 13 -0.589 5.391 -2.364
SPIN 3 14 14 14 1.074 -0.620 -5.785
SPIN 3 14 14 15 -0.350 -0.678 -5.867
SPIN 2 14 14 0 -0.455 -0.812 5.842
SPIN 2 14 14 1 -4.678 2.983 -2.053
SPIN 2 14 14 2 4.303 -3.959 -0.899
SPIN 2 14 14 3 -5.611 0.552 -1.793
SPIN 2 14 14 4 -4.903 -2.190 -2.483
SPIN 2 14 14 5 3.136 1.003 4.915
SPIN 2 14 14 6 -4.359 -3.959 0.571
SPIN 2 14 14 7 4.508 3.491 -1.579
SPIN 2 14 14 8 -5.619 -0.652 1.732
SPIN 2 14 14 9 5.359 1.574 1.949
SPIN 2 14 14 10 4.257 1.889 3.649
SPIN 2 14 14 11 -3.986 0.693 -4.317
SPIN 2 14 14 12 3.399 -4.387 -2.051
SPIN 2 14 14 13 3.880 4.107 1.755
SPIN 2 14 14 14 -4.414 -3.215 2.275
SPIN 2 14 14 15 3.630 1.386 -4.461
SPIN 3 14 15 0 4.381 3.291 2.230
SPIN 3 14 15 1 -2.911 3.799 -3.477
SPIN 3 14 15 2 3.554 -2.085 4.245
SPIN 3 14 15 3 -2.369 -3.798 -3.869
SPIN 3 14 15 4 -4.707 -2.794 2.243
SPIN 3 14 15 5 -5.424 -2.324 -0.427
SPIN 3 14 15 6 3.461 -3.568 -3.209
SPIN 3 14 15 7 1.361 5.669 -1.003
SPIN 3 14 15 8 -2.784 -5.140 -0.911
SPIN 3 14 15 9 -1.553 2.978 -4.870
SPIN 3 14 15 10 -2.281 -0.549 -5.431
SPIN 3 14 15 11 3.119 4.285 2.629
SPIN 3 14 15 12 -0.595 -3.957 -4.358
SPIN 3 14 15 13 1.094 5.151 -2.696
SPIN 3 14 15 14 0.180 5.647 1.756
SPIN 3 14 15 15 1.289 -5.765 -0.323
SPIN 2 14 15 0 -2.215 -0.952 -5.403
SPIN 2 14 15 1 -4.416 0.628 3.886
SPIN 2 14 15 2 -3.284 4.257 2.469
SPIN 2 14 15 3 -1.594 -5.127 2.485
SPIN 2 14 15 4 3.617 3.853 2.660
SPIN 2 14 15 5 3.084 2.030 4.623
SPIN 2 14 15 6 3.602 1.861 4.308
SPIN 2 14 15 7 3.866 4.476 -0.143
SPIN 2 14 15 8 -5.239 2.197 1.652
SPIN 2 14 15 9 0.818 -4.639 -3.579
SPIN 2 14 15 10 4.490 0.251 -3.844
SPIN 2 14 15 11 2.570 3.875 3.657
SPIN 2 14 15 12 4.950 -1.585 2.826
SPIN 2 14 15 13 -0.805 -5.509 -2.000
SPIN 2 14 15 14 -1.438 4.338 3.757
SPIN 2 14 15 15 1.444 -5.737 0.014
SPIN 1 15 0 0 -3.433 4.582 1.488
SPIN 1 15 0 1 -0.378 -3.547 4.719
SPIN 1 15 0 2 1.474 -5.373 1.991
SPIN 1 15 0 3 0.955 5.811 -0.569
SPIN 1 15 0 4 -0.791 3.485 4.715
SPIN 1 15 0 5 0.637 1.778 -5.607
SPIN 1 15 0 6 4.219 -3.914 -1.372
SPIN 1 15 0 7 -2.181 5.059 2.155
SPIN 1 15 0 8 5.375 -2.466 -0.185
SPIN 1 15 0 9 -5.009 -3.081 -0.645
SPIN 1 15 0 10 0.861 0.918 -5.781
SPIN 1 15 0 11 0.377 3.380 -4.841
SPIN 1 15 0 12 -3.086 1.894 -4.679
SPIN 1 15 0 13 2.677 4.828 2.127
SPIN 1 15 0 14 1.460 2.282 -5.259
SPIN 1 15 0 15 1.015 5.667 -1.364
SPIN 4 15 0 0 -3.365 -4.677 1.344
SPIN 4 15 0 1 -3.936 4.224 -1.290
SPIN 4 15 0 2 3.759 2.728 3.664
SPIN 4 15 0 3 -0.961 -5.816 0.496
SPIN 4 15 0 4 5.898 0.196 0.424
SPIN 4 15 0 5 -4.463 -0.594 3.838
SPIN 4 15 0 6 2.346 5.430 -0.073
SPIN 4 15 0 7 -1.207 -5.706 0.994
SPIN 4 15 0 8 -4.663 -3.384 1.344
SPIN 4 15 0 9 2.238 -0.024 5.476
SPIN 4 15 0 10 2.324 -3.889 -3.805
SPIN 4 15 0 11 -0.700 4.818 3.361
SPIN 4 15 0 12 5.348 -2.529 0.066
SPIN 4 15 0 13 0.677 2.681 -5.230
SPIN 4 15 0 14 -2.576 2.476 4.715
SPIN 4 15 0 15 4.942 1.338 -2.964
SPIN 1 15 1 0 -2.426 -4.613 2.799
SPIN 1 15 1 1 2.562 5.063 -1.672
SPIN 1 15 1 2 3.403 -3.455 3.389
SPIN 1 15 1 3 -1.733 -3.446 -4.486
SPIN 1 15 1 4 5.457 1.497 -1.728
SPIN 1 15 1 5 4.059 -4.169 -1.067
SPIN 1 15 1 6 -5.381 1.650 -1.822
SPIN 1 15 1 7 -2.529 -4.699 -2.554
SPIN 1 15 1 8 4.110 -2.627 3.348
SPIN 1 15 1 9 3.789 4.508 -0.564
SPIN 1 15 1 10 1.655 -3.485 4.485
SPIN 1 15 1 11 -5.171 2.046 -2.019
SPIN 1 15 1 12 0.994 -1.671 -5.588
SPIN 1 15 1 13 -2.439 -4.803 -2.447
SPIN 1 15 1 14 -2.966 -1.153 4.987
SPIN 1 15 1 15 -0.797 5.251 2.605
SPIN 4 15 1 0 1.020 -4.502 -3.700
SPIN 4 15 1 1 3.853 2.285 -3.865
SPIN 4 15 1 2 -3.654 4.093 2.213
SPIN 4 15 1 3 -0.996 5.305 -2.422
SPIN 4 15 1 4 -3.463 4.282 -2.161
SPIN 4 15 1 5 4.674 -3.598 -0.450
SPIN 4 15 1 6 -0.333 -3.579 4.699
SPIN 4 15 1 7 -5.374 2.387 0.653
SPIN 4 15 1 8 3.755 0.264 -4.564
SPIN 4 15 1 9 -4.360 1.043 3.860
SPIN 4 15 1 10 -5.453 2.030 -1.070
SPIN 4 15 1 11 3.344 0.578 4.846
SPIN 4 15 1 12 5.457 -1.975 -1.150
SPIN 4 15 1 13 2.788 0.091 5.217
SPIN 4 15 1 14 1.856 5.444 1.386
SPIN 4 15 1 15 -1.574 -4.261 -3.790
SPIN 1 15 2 0 2.051 3.316 4.449
SPIN 1 15 2 1 2.432 -5.336 -0.787
SPIN 1 15 2 2 -3.215 -3.351 -3.665
SPIN 1 15 2 3 1.401 3.415 4.623
SPIN 1 15 2 4 -5.312 1.831 -1.851
SPIN 1 15 2 5 5.477 -2.176 -0.515
SPIN 1 15 2 6 -1.325 5.538 1.605
SPIN 1 15 2 7 3.990 -1.173 -4.207
SPIN 1 15 2 8 -2.431 -5.386 0.278
SPIN 1 15 2 9 1.818 -1.831 -5.324
SPIN 1 15 2 10 5.611 -1.858 0.261
SPIN 1 15 2 11 1.176 4.968 -2.990
SPIN 1 15 2 12 5.287 2.580 -0.629
SPIN 1 15 2 13 -2.409 4.727 2.617
SPIN 1 15 2 14 0.692 -3.748 -4.525
SPIN 1 15 2 15 -2.765 -2.754 -4.446
SPIN 4 15 2 0 1.184 -5.735 -0.841
SPIN 4 15 2 1 -4.684 3.077 1.895
SPIN 4 15 2 2 -2.639 -1.904 -4.941
SPIN 4 15 2 3 -2.294 -2.280 -4.954
SPIN 4 15 2 4 0.217 4.966 -3.208
SPIN 4 15 2 5 5.630 1.311 1.258
SPIN 4 15 2 6 5.357 -1.922 1.615
SPIN 4 15 2 7 5.787 1.175 -0.353
SPIN 4 15 2 8 1.829 -0.325 5.617
SPIN 4 15 2 9 -2.026 -3.631 -4.208
SPIN 4 15 2 10 -1.545 4.550 3.452
SPIN 4 15 2 11 -3.979 -3.749 -2.261
SPIN 4 15 2 12 3.457 3.724 3.029
SPIN 4 15 2 13 0.023 -2.271 5.463
SPIN 4 15 2 14 0.317 3.149 -4.998
SPIN 4 15 2 15 1.759 -3.161 4.681
SPIN 1 15 3 0 -0.032 -5.488 -2.209
SPIN 1 15 3 1 5.457 -0.318 2.263
SPIN 1 15 3 2 -4.602 -3.710 -0.244
SPIN 1 15 3 3 3.600 -3.609 3.002
SPIN 1 15 3 4 2.204 -5.187 -1.800
SPIN 1 15 3 5 -0.275 3.363 -4.860
SPIN 1 15 3 6 -3.582 -0.632 4.666
SPIN 1 15 3 7 3.991 -0.025 -4.367
SPIN 1 15 3 8 -0.711 5.358 -2.405
SPIN 1 15 3 9 3.598 -0.961 -4.597
SPIN 1 15 3 10 -4.431 -1.225 -3.724
SPIN 1 15 3 11 5.153 2.342 1.721
SPIN 1 15 3 12 -5.862 -0.329 -0.729
SPIN 1 15 3 13 3.118 3.815 3.274
SPIN 1 15 3 14 1.479 -1.013 -5.638
SPIN 1 15 3 15 -4.987 1.341 2.887
SPIN 4 15 3 0 -1.476 5.384 -1.959
SPIN 4 15 3 1 -0.054 2.208 5.488
SPIN 4 15 3 2 0.545 5.610 1.798
SPIN 4 15 3 3 -2.472 1.838 -5.051
SPIN 4 15 3 4 3.233 -1.055 4.841
SPIN 4 15 3 5 0.855 -3.470 4.715
SPIN 4 15 3 6 -5.381 -1.652 -1.822
SPIN 4 15 3 7 -0.967 -4.607 -3.583
SPIN 4 15 3 8 -4.427 3.919 -0.204
SPIN 4 15 3 9 -1.147 4.887 -3.131
SPIN 4 15 3 10 5.757 -1.311 0.377
SPIN 4 15 3 11 2.718 -3.778 3.653
SPIN 4 15 3 12 -5.005 1.357 -2.848
SPIN 4 15 3 13 -0.309 -1.121 5.801
SPIN 4 15 3 14 0.038 -5.418 2.376
SPIN 4 15 3 15 -2.712 -4.011 -3.399
SPIN 1 15 4 0 1.205 -1.731 5.527
SPIN 1 15 4 1 -5.633 -0.678 1.675
SPIN 1 15 4 2 -4.363 -3.991 -0.194
SPIN 1 15 4 3 4.605 -1.885 3.200
SPIN 1 15 4 4 3.937 3.584 -2.580
SPIN 1 15 4 5 0.061 -4.306 -4.056
SPIN 1 15 4 6 -4.103 -3.752 -2.021
SPIN 1 15 4 7 1.649 -4.264 -3.755
SPIN 1 15 4 8 2.041 3.607 -4.222
SPIN 1 15 4 9 1.153 -5.681 1.184
SPIN 1 15 4 10 -0.495 1.083 5.795
SPIN 1 15 4 11 -3.252 -3.087 -3.859
SPIN 1 15 4 12 5.849 0.881 0.134
SPIN 1 15 4 13 -3.611 -3.249 -3.377
SPIN 1 15 4 14 0.261 3.779 -4.545
SPIN 1 15 4 15 5.313 2.448 0.883
SPIN 4 15 4 0 4.809 -3.445 0.085
SPIN 4 15 4 1 -0.173 0.074 -5.913
SPIN 4 15 4 2 -5.191 -1.653 -2.306
SPIN 4 15 4 3 -2.101 -5.399 -1.196
SPIN 4 15 4 4 -2.519 4.411 -3.033
SPIN 4 15 4 5 4.951 -3.236 0.128
SPIN 4 15 4 6 -2.388 -3.158 -4.396
SPIN 4 15 4 7 -5.741 1.040 0.980
SPIN 4 15 4 8 -0.550 2.674 5.249
SPIN 4 15 4 9 -0.493 -5.144 -2.881
SPIN 4 15 4 10 -1.741 -3.826 -4.163
SPIN 4 15 4 11 4.356 -3.203 2.400
SPIN 4 15 4 12 1.517 5.682 0.639
SPIN 4 15 4 13 2.300 0.192 -5.447
SPIN 4 15 4 14 -0.092 -1.812 5.631
SPIN 4 15 4 15 0.393 5.901 -0.141
SPIN 1 15 5 0 -1.316 3.741 -4.390
SPIN 1 15 5 1 3.039 5.034 -0.650
SPIN 1 15 5 2 2.955 -5.118 -0.263
SPIN 1 15 5 3 -1.807 1.744 5.357
SPIN 1 15 5 4 1.413 -5.543 1.510
SPIN 1 15 5 5 3.088 2.345 4.468
SPIN 1 15 5 6 -4.572 -3.075 2.155
SPIN 1 15 5 7 2.105 5.423 1.079
SPIN 1 15 5 8 5.029 -2.498 -1.864
SPIN 1 15 5 9 -3.506 4.707 0.743
SPIN 1 15 5 10 1.859 -3.806 4.130
SPIN 1 15 5 11 -3.911 -4.316 1.035
SPIN 1 15 5 12 0.222 -5.899 -0.386
SPIN 1 15 5 13 -5.343 2.462 -0.621
SPIN 1 15 5 14 3.985 0.440 4.350
SPIN 1 15 5 15 5.254 2.367 -1.339
SPIN 4 15 5 0 3.651 2.306 4.044
SPIN 4 15 5 1 -0.670 2.262 -5.425
SPIN 4 15 5 2 -0.693 -0.320 -5.867
SPIN 4 15 5 3 -3.077 3.813 3.316
SPIN 4 15 5 4 3.329 -4.886 -0.217
SPIN 4 15 5 5 0.114 2.388 -5.412
SPIN 4 15 5 6 1.751 -4.502 -3.416
SPIN 4 15 5 7 3.826 -2.746 3.581
SPIN 4 15 5 8 0.174 4.788 3.471
SPIN 4 15 5 9 1.959 -5.549 -0.606
SPIN 4 15 5 10 0.501 -4.799 -3.424
SPIN 4 15 5 11 0.241 5.011 -3.135
SPIN 4 15 5 12 -0.733 4.379 3.909
SPIN 4 15 5 13 -4.072 -4.227 -0.745
SPIN 4 15 5 14 0.802 5.572 1.820
SPIN 4 15 5 15 1.246 -5.711 -0.912
SPIN 1 15 6 0 2.188 5.482 0.407
SPIN 1 15 6 1 4.801 -2.744 -2.103
SPIN 1 15 6 2 2.961 3.928 3.286
SPIN 1 15 6 3 -0.015 0.592 -5.886
SPIN 1 15 6 4 4.375 3.567 -1.769
SPIN 1 15 6 5 -0.390 -5.666 1.657
SPIN 1 15 6 6 -5.367 0.638 -2.407
SPIN 1 15 6 7 -3.706 -3.018 3.486
SPIN 1 15 6 8 3.035 -4.975 -1.018
SPIN 1 15 6 9 -5.752 -0.469 -1.303
SPIN 1 15 6 10 -0.837 -2.312 -5.381
SPIN 1 15 6 11 0.596 -4.374 3.938
SPIN 1 15 6 12 -1.527 2.723 5.025
SPIN 1 15 6 13 2.528 1.105 -5.233
SPIN 1 15 6 14 -2.681 -4.413 2.888
SPIN 1 15 6 15 3.898 -3.001 3.286
SPIN 4 15 6 0 -3.309 -4.646 1.571
SPIN 4 15 6 1 4.254 -1.520 3.820
SPIN 4 15 6 2 -0.562 3.072 5.025
SPIN 4 15 6 3 1.067 -1.860 5.514
SPIN 4 15 6 4 -1.512 -1.984 -5.365
SPIN 4 15 6 5 1.192 1.580 5.575
SPIN 4 15 6 6 1.293 4.657 -3.411
SPIN 4 15 6 7 -1.022 -5.813 -0.403
SPIN 4 15 6 8 3.689 2.309 4.008
SPIN 4 15 6 9 1.772 4.672 3.167
SPIN 4 15 6 10 3.273 -1.351 -4.740
SPIN 4 15 6 11 2.671 -1.615 -5.026
SPIN 4 15 6 12 1.709 -5.653 0.344
SPIN 4 15 6 13 -2.240 5.474 0.126
SPIN 4 15 6 14 4.640 -1.972 3.096
SPIN 4 15 6 15 3.629 -1.379 -4.464
SPIN 1 15 7 0 -0.074 -0.959 -5.837
SPIN 1 15 7 1 -3.721 0.003 4.599
SPIN 1 15 7 2 -0.921 5.104 -2.847
SPIN 1 15 7 3 -4.292 4.002 0.747
SPIN 1 15 7 4 3.051 -2.071 4.626
SPIN 1 15 7 5 -3.490 2.890 3.804
SPIN 1 15 7 6 4.284 2.824 -2.944
SPIN 1 15 7 7 -4.444 -1.318 3.676
SPIN 1 15 7 8 2.234 2.088 5.065
SPIN 1 15 7 9 -2.488 5.341 0.527
SPIN 1 15 7 10 4.957 0.977 3.078
SPIN 1 15 7 11 -2.784 2.646 -4.500
SPIN 1 15 7 12 1.459 1.166 -5.614
SPIN 1 15 7 13 -0.247 4.046 4.309
SPIN 1 15 7 14 5.732 1.299 -0.679
SPIN 1 15 7 15 0.303 4.821 3.415
SPIN 4 15 7 0 -0.109 4.538 3.794
SPIN 4 15 7 1 2.765 -1.470 -5.020
SPIN 4 15 7 2 4.842 1.735 2.923
SPIN 4 15 7 3 -4.539 -3.708 -0.807
SPIN 4 15 7 4 1.263 -5.478 1.844
SPIN 4 15 7 5 2.646 3.615 -3.865
SPIN 4 15 7 6 2.000 4.732 2.934
SPIN 4 15 7 7 3.596 1.901 -4.296
SPIN 4 15 7 8 3.724 0.489 -4.571
SPIN 4 15 7 9 2.619 -1.937 -4.939
SPIN 4 15 7 10 -0.382 5.134 2.914
SPIN 4 15 7 11 5.517 0.197 -2.126
SPIN 4 15 7 12 -1.298 -2.761 5.069
SPIN 4 15 7 13 -2.701 5.184 0.912
SPIN 4 15 7 14 -2.114 -3.563 -4.223
SPIN 4 15 7 15 2.244 -3.409 4.283
SPIN 1 15 8 0 -2.899 0.513 5.131
SPIN 1 15 8 1 4.341 -1.598 -3.687
SPIN 1 15 8 2 -3.502 3.405 3.338
SPIN 1 15 8 3 0.843 -2.716 -5.188
SPIN 1 15 8 4 5.419 1.723 -1.634
SPIN 1 15 8 5 2.743 2.750 -4.463
SPIN 1 15 8 6 -5.523 -2.033 0.606
SPIN 1 15 8 7 4.350 3.731 1.470
SPIN 1 15 8 8 -2.210 4.407 -3.270
SPIN 1 15 8 9 1.522 0.470 5.698
SPIN 1 15 8 10 3.340 -2.471 -4.211
SPIN 1 15 8 11 3.614 0.299 4.674
SPIN 1 15 8 12 -4.699 -3.316 1.387
SPIN 1 15 8 13 0.645 4.248 -4.067
SPIN 1 15 8 14 -0.054 -1.280 5.776
SPIN 1 15 8 15 2.489 -3.577 -4.001
SPIN 4 15 8 0 -4.159 -1.228 4.024
SPIN 4 15 8 1 -4.358 -3.440 2.044
SPIN 4 15 8 2 2.344 3.557 -4.105
SPIN 4 15 8 3 3.059 4.217 2.803
SPIN 4 15 8 4 4.997 1.535 2.770
SPIN 4 15 8 5 5.344 -2.289 1.096
SPIN 4 15 8 6 0.255 5.273 -2.670
SPIN 4 15 8 7 -0.484 4.963 3.183
SPIN 4 15 8 8 0.852 -2.776 5.155
SPIN 4 15 8 9 -3.613 -2.623 3.882
SPIN 4 15 8 10 2.982 -4.059 3.104
SPIN 4 15 8 11 -5.239 2.398 -1.343
SPIN 4 15 8 12 0.973 2.728 5.159
SPIN 4 15 8 13 0.033 4.779 3.487
SPIN 4 15 8 14 -4.228 -4.106 -0.520
SPIN 4 15 8 15 -4.258 1.952 -3.614
SPIN 1 15 9 0 2.573 0.069 5.327
SPIN 1 15 9 1 3.027 3.956 -3.192
SPIN 1 15 9 2 2.732 -5.053 1.413
SPIN 1 15 9 3 -0.237 -4.434 -3.910
SPIN 1 15 9 4 -3.099 1.865 -4.682
SPIN 1 15 9 5 2.532 -5.310 0.626
SPIN 1 15 9 6 -1.865 -4.323 3.583
SPIN 1 15 9 7 -1.586 2.779 -4.976
SPIN 1 15 9 8 0.466 -5.268 -2.652
SPIN 1 15 9 9 2.246 -5.432 0.670
SPIN 1 15 9 10 -1.590 5.400 1.818
SPIN 1 15 9 11 -2.311 -3.893 3.808
SPIN 1 15 9 12 -0.255 1.013 -5.823
SPIN 1 15 9 13 4.339 1.800 3.596
SPIN 1 15 9 14 -3.779 4.255 -1.616
SPIN 1 15 9 15 -2.102 -2.290 5.033
SPIN 4 15 9 0 1.760 -2.763 -4.927
SPIN 4 15 9 1 1.334 5.322 -2.214
SPIN 4 15 9 2 -2.338 -1.184 5.304
SPIN 4 15 9 3 -5.761 0.602 1.202
SPIN 4 15 9 4 -2.953 -0.225 -5.121
SPIN 4 15 9 5 0.388 4.124 4.224
SPIN 4 15 9 6 1.441 -3.831 -4.272
SPIN 4 15 9 7 -4.463 -3.884 -0.012
SPIN 4 15 9 8 2.337 4.285 3.343
SPIN 4 15 9 9 -1.977 -2.667 4.897
SPIN 4 15 9 10 3.043 0.304 -5.064
SPIN 4 15 9 11 1.587 -3.694 -4.340
SPIN 4 15 9 12 -4.477 -2.130 -3.228
SPIN 4 15 9 13 2.323 3.608 -4.073
SPIN 4 15 9 14 2.747 5.151 0.959
SPIN 4 15 9 15 0.229 -5.700 -1.567
SPIN 1 15 10 0 -3.296 -2.961 3.920
SPIN 1 15 10 1 1.459 -4.823 -3.099
SPIN 1 15 10 2 -1.082 5.810 -0.260
SPIN 1 15 10 3 -0.692 -3.365 -4.817
SPIN 1 15 10 4 3.076 -1.163 4.918
SPIN 1 15 10 5 3.760 3.230 -3.230
SPIN 1 15 10 6 -4.239 0.399 -4.107
SPIN 1 15 10 7 1.878 4.914 2.707
SPIN 1 15 10 8 3.000 5.069 -0.554
SPIN 1 15 10 9 -2.487 2.504 4.748
SPIN 1 15 10 10 5.218 -2.525 -1.184
SPIN 1 15 10 11 -3.192 2.233 -4.453
SPIN 1 15 10 12 0.284 3.753 -4.565
SPIN 1 15 10 13 -4.481 -2.458 2.980
SPIN 1 15 10 14 -0.945 -5.666 -1.415
SPIN 1 15 10 15 -0.219 5.373 -2.466
SPIN 4 15 10 0 4.577 -3.714 -0.506
SPIN 4 15 10 1 -3.561 -3.167 -3.506
SPIN 4 15 10 2 5.058 1.024 -2.893
SPIN 4 15 10 3 -0.799 4.180 -4.110
SPIN 4 15 10 4 -2.480 -0.276 -5.364
SPIN 4 15 10 5 -1.822 5.022 -2.542
SPIN 4 15 10 6 -3.484 -4.003 -2.615
SPIN 4 15 10 7 5.367 2.478 0.240
SPIN 4 15 10 8 2.344 -3.764 -3.916
SPIN 4 15 10 9 2.602 5.312 -0.132
SPIN 4 15 10 10 -5.437 -0.006 2.333
SPIN 4 15 10 11 5.771 -0.709 -1.094
SPIN 4 15 10 12 4.552 2.780 2.559
SPIN 4 15 10 13 4.298 3.538 -2.002
SPIN 4 15 10 14 4.126 4.231 0.284
SPIN 4 15 10 15 -4.756 -3.491 0.437
SPIN 1 15 11 0 4.708 -2.134 2.878
SPIN 1 15 11 1 -1.395 5.221 2.408
SPIN 1 15 11 2 -3.559 -2.177 4.194
SPIN 1 15 11 3 2.885 4.994 -1.318
SPIN 1 15 11 4 -5.507 -2.138 0.318
SPIN 1 15 11 5 -4.267 3.767 -1.613
SPIN 1 15 11 6 3.283 3.083 -3.836
SPIN 1 15 11 7 -4.877 -0.983 3.201
SPIN 1 15 11 8 -4.990 2.610 1.813
SPIN 1 15 11 9 5.745 -1.162 0.804
SPIN 1 15 11 10 -4.676 -3.362 -1.352
SPIN 1 15 11 11 3.895 4.434 0.411
SPIN 1 15 11 12 -3.583 -3.870 -2.681
SPIN 1 15 11 13 2.972 -2.862 -4.240
SPIN 1 15 11 14 2.755 -3.438 3.949
SPIN 1 15 11 15 -3.680 1.026 -4.517
SPIN 4 15 11 0 -0.982 -3.897 4.341
SPIN 4 15 11 1 -4.362 1.871 -3.532
SPIN 4 15 11 2 -1.335 1.129 5.652
SPIN 4 15 11 3 -2.351 -4.971 -2.182
SPIN 4 15 11 4 2.620 -1.288 5.146
SPIN 4 15 11 5 -4.882 2.178 -2.535
SPIN 4 15 11 6 3.566 3.937 -2.604
SPIN 4 15 11 7 3.475 -0.948 4.693
SPIN 4 15 11 8 2.831 2.959 4.270
SPIN 4 15 11 9 -3.772 1.049 4.436
SPIN 4 15 11 10 4.336 0.898 3.923
SPIN 4 15 11 11 2.382 -5.022 -2.026
SPIN 4 15 11 12 -1.698 -0.399 -5.653
SPIN 4 15 11 13 -1.832 -5.609 -0.424
SPIN 4 15 11 14 1.383 -3.301 -4.711
SPIN 4 15 11 15 3.876 3.913 -2.161
SPIN 1 15 12 0 3.291 -3.727 -3.206
SPIN 1 15 12 1 -1.387 -2.938 4.944
SPIN 1 15 12 2 3.262 4.870 -0.802
SPIN 1 15 12 3 -2.049 -1.920 5.207
SPIN 1 15 12 4 -5.170 0.441 -2.842
SPIN 1 15 12 5 5.597 1.744 -0.791
SPIN 1 15 12 6 -2.544 -5.098 1.593
SPIN 1 15 12 7 2.974 -4.613 2.208
SPIN 1 15 12 8 4.457 3.454 -1.790
SPIN 1 15 12 9 -1.840 -4.267 3.661
SPIN 1 15 12 10 -2.130 2.011 -5.140
SPIN 1 15 12 11 -4.973 3.166 0.496
SPIN 1 15 12 12 -1.682 -2.150 5.249
SPIN 1 15 12 13 2.941 4.755 1.934
SPIN 1 15 12 14 -2.511 -1.409 -5.168
SPIN 1 15 12 15 1.181 3.965 4.229
SPIN 4 15 12 0 1.687 -0.111 -5.669
SPIN 4 15 12 1 1.920 -4.039 -3.873
SPIN 4 15 12 2 -4.909 -3.297 -0.171
SPIN 4 15 12 3 3.113 4.496 2.257
SPIN 4 15 12 4 1.206 3.581 -4.553
SPIN 4 15 12 5 0.972 5.790 0.729
SPIN 4 15 12 6 2.173 1.865 5.177
SPIN 4 15 12 7 -3.395 4.729 -1.054
SPIN 4 15 12 8 3.076 -4.807 1.559
SPIN 4 15 12 9 5.148 -1.765 2.320
SPIN 4 15 12 10 -3.224 2.474 -4.299
SPIN 4 15 12 11 2.964 -5.102 -0.429
SPIN 4 15 12 12 -1.211 0.282 5.784
SPIN 4 15 12 13 1.791 3.537 -4.391
SPIN 4 15 12 14 0.674 3.998 4.308
SPIN 4 15 12 15 -3.316 -3.655 3.263
SPIN 1 15 13 0 4.330 3.565 -1.882
SPIN 1 15 13 1 2.434 0.007 -5.392
SPIN 1 15 13 2 -4.447 3.900 0.104
SPIN 1 15 13 3 -2.277 -0.611 -5.426
SPIN 1 15 13 4 -0.164 -3.624 -4.673
SPIN 1 15 13 5 5.597 0.949 1.666
SPIN 1 15 13 6 1.548 4.337 3.714
SPIN 1 15 13 7 2.272 0.827 -5.399
SPIN 1 15 13 8 -1.556 -5.166 -2.427
SPIN 1 15 13 9 -4.615 3.341 -1.594
SPIN 1 15 13 10 5.556 1.902 -0.713
SPIN 1 15 13 11 5.630 -0.944 -1.553
SPIN 1 15 13 12 0.895 -3.519 -4.671
SPIN 1 15 13 13 -5.344 0.153 2.533
SPIN 1 15 13 14 -4.245 -4.008 0.957
SPIN 1 15 13 15 -2.557 -2.789 4.548
SPIN 4 15 13 0 -1.404 -3.298 4.707
SPIN 4 15 13 1 2.833 -5.147 0.697
SPIN 4 15 13 2 3.639 3.538 3.039
SPIN 4 15 13 3 -4.204 -3.140 -2.733
SPIN 4 15 13 4 -0.270 2.329 -5.432
SPIN 4 15 13 5 -3.794 -4.249 1.596
SPIN 4 15 13 6 -5.406 -2.312 -0.652
SPIN 4 15 13 7 4.505 -3.625 1.252
SPIN 4 15 13 8 1.269 5.513 1.731
SPIN 4 15 13 9 3.535 -4.531 -1.407
SPIN 4 15 13 10 4.884 0.573 -3.290
SPIN 4 15 13 11 1.819 5.502 -1.193
SPIN 4 15 13 12 3.652 1.844 -4.274
SPIN 4 15 13 13 4.415 -3.660 1.453
SPIN 4 15 13 14 -4.540 -2.434 -2.909
SPIN 4 15 13 15 5.575 1.113 -1.636
SPIN 1 15 14 0 -3.998 -1.250 4.178
SPIN 1 15 14 1 -0.403 0.960 5.824
SPIN 1 15 14 2 -4.434 0.013 3.916
SPIN 1 15 14 3 5.579 -1.967 0.058
SPIN 1 15 14 4 2.555 5.287 0.721
SPIN 1 15 14 5 -4.851 -0.862 -3.274
SPIN 1 15 14 6 4.911 1.159 -3.088
SPIN 1 15 14 7 -5.418 -2.013 -1.261
SPIN 1 15 14 8 -2.689 4.634 -2.509
SPIN 1 15 14 9 -0.042 -5.916 0.060
SPIN 1 15 14 10 -5.479 -0.317 -2.209
SPIN 1 15 14 11 -5.070 -2.830 1.132
SPIN 1 15 14 12 -2.775 -0.850 5.155
SPIN 1 15 14 13 5.325 -2.486 0.677
SPIN 1 15 14 14 5.323 2.428 -0.880
SPIN 1 15 14 15 5.659 -0.703 -1.576
SPIN 4 15 14 0 -0.305 -5.606 1.864
SPIN 4 15 14 1 -1.985 5.416 -1.312
SPIN 4 15 14 2 -5.580 1.467 -1.307
SPIN 4 15 14 3 1.215 3.543 4.580
SPIN 4 15 14 4 4.588 -3.588 -1.038
SPIN 4 15 14 5 4.524 2.880 2.497
SPIN 4 15 14 6 3.314 4.837 0.786
SPIN 4 15 14 7 -5.513 2.074 -0.551
SPIN 4 15 14 8 2.617 3.595 3.903
SPIN 4 15 14 9 -4.592 1.509 -3.411
SPIN 4 15 14 10 -5.016 -1.340 -2.837
SPIN 4 15 14 11 -3.675 3.513 3.026
SPIN 4 15 14 12 2.110 -2.771 -4.782
SPIN 4 15 14 13 -1.117 5.643 -1.380
SPIN 4 15 14 14 0.626 1.524 5.682
SPIN 4 15 14 15 3.245 2.887 4.017
SPIN 1 15 15 0 5.306 -0.754 -2.506
SPIN 1 15 15 1 -1.727 5.455 -1.503
SPIN 1 15 15 2 -0.689 -4.481 3.800
SPIN 1 15 15 3 4.411 2.738 2.836
SPIN 1 15 15 4 1.827 -5.088 2.403
SPIN 1 15 15 5 -2.095 1.718 5.259
SPIN 1 15 15 6 0.167 0.902 5.844
SPIN 1 15 15 7 -0.961 -5.775 0.849
SPIN 1 15 15 8 -5.578 -1.300 -1.482
SPIN 1 15 15 9 1.550 -2.946 -4.891
SPIN 1 15 15 10 2.965 2.077 4.679
SPIN 1 15 15 11 4.604 -3.661 0.628
SPIN 1 15 15 12 1.777 3.816 -4.157
SPIN 1 15 15 13 -2.909 5.118 0.584
SPIN 1 15 15 14 5.515 -2.122 -0.282
SPIN 1 15 15 15 -5.608 -0.458 -1.827
SPIN 4 15 15 0 3.183 1.300 -4.814
SPIN 4 15 15 1 -0.391 -5.893 0.341
SPIN 4 15 15 2 -1.925 5.586 -0.296
SPIN 4 15 15 3 2.111 -0.852 5.461
SPIN 4 15 15 4 4.312 4.046 0.201
SPIN 4 15 15 5 -2.025 -4.119 -3.733
SPIN 4 15 15 6 2.274 -5.022 2.147
SPIN 4 15 15 7 -0.760 5.376 -2.350
SPIN 4 15 15 8 1.139 -5.400 2.130
SPIN 4 15 15 9 3.726 -4.212 -1.839
SPIN 4 15 15 10 -5.402 -1.941 1.434
SPIN 4 15 15 11 -0.216 0.369 -5.901
SPIN 4 15 15 12 -4.876 2.710 1.969
SPIN 4 15 15 13 1.784 -5.387 1.673
SPIN 4 15 15 14 1.754 -3.767 -4.211
SPIN 4 15 15 15 -3.079 1.809 4.716
SPIN 3 15 0 0 -4.803 3.347 0.850
SPIN 3 15 0 1 -5.911 -0.054 -0.228
SPIN 3 15 0 2 -2.585 -4.164 -3.313
SPIN 3 15 0 3 -0.326 -3.666 -4.632
SPIN 3 15 0 4 -5.468 -0.377 2.226
SPIN 3 15 0 5 2.177 5.500 -0.123
SPIN 3 15 0 6 -2.323 0.961 -5.355
SPIN 3 15 0 7 4.525 -1.124 3.642
SPIN 3 15 0 8 -4.096 -0.052 -4.268
SPIN 3 15 0 9 5.239 1.376 2.378
SPIN 3 15 0 10 -1.135 5.763 0.711
SPIN 3 15 0 11 4.614 1.152 -3.519
SPIN 3 15 0 12 0.033 -2.489 -5.367
SPIN 3 15 0 13 1.532 0.567 5.686
SPIN 3 15 0 14 -5.530 -1.758 -1.154
SPIN 3 15 0 15 -3.044 -4.928 -1.203
SPIN 2 15 0 0 4.771 -3.463 -0.494
SPIN 2 15 0 1 2.886 -4.233 -2.959
SPIN 2 15 0 2 -3.384 4.626 -1.465
SPIN 2 15 0 3 -5.264 1.906 1.914
SPIN 2 15 0 4 2.292 -3.341 -4.311
SPIN 2 15 0 5 1.650 4.827 2.996
SPIN 2 15 0 6 3.843 -4.254 -1.461
SPIN 2 15 0 7 5.811 -0.792 0.781
SPIN 2 15 0 8 -3.189 2.358 -4.390
SPIN 2 15 0 9 4.326 -4.032 0.168
SPIN 2 15 0 10 -4.350 -2.979 -2.684
SPIN 2 15 0 11 -1.256 1.088 5.678
SPIN 2 15 0 12 -5.048 2.890 1.080
SPIN 2 15 0 13 -2.899 -5.045 -1.068
SPIN 2 15 0 14 0.191 5.070 3.043
SPIN 2 15 0 15 -4.670 0.492 3.599
SPIN 3 15 1 0 -3.212 3.022 3.943
SPIN 3 15 1 1 -1.263 -5.225 -2.470
SPIN 3 15 1 2 3.604 1.638 4.396
SPIN 3 15 1 3 4.489 3.678 1.150
SPIN 3 15 1 4 -2.385 -3.330 4.269
SPIN 3 15 1 5 0.822 -4.679 -3.525
SPIN 3 15 1 6 -4.618 3.635 -0.678
SPIN 3 15 1 7 1.334 4.729 -3.295
SPIN 3 15 1 8 5.541 -1.770 -1.079
SPIN 3 15 1 9 -3.326 -1.853 4.529
SPIN 3 15 1 10 2.993 -5.032 0.848
SPIN 3 15 1 11 1.997 -3.500 4.331
SPIN 3 15 1 12 -5.799 0.337 -1.120
SPIN 3 15 1 13 5.904 -0.099 -0.357
SPIN 3 15 1 14 2.247 2.139 -5.038
SPIN 3 15 1 15 5.078 1.092 -2.832
SPIN 2 15 1 0 1.408 4.046 -4.080
SPIN 2 15 1 1 -2.327 -0.836 5.375
SPIN 2 15 1 2 5.657 1.713 -0.259
SPIN 2 15 1 3 -2.104 -5.448 -0.945
SPIN 2 15 1 4 -5.628 -1.111 -1.447
SPIN 2 15 1 5 -3.524 -3.521 3.191
SPIN 2 15 1 6 5.396 2.026 1.332
SPIN 2 15 1 7 -3.355 -0.273 -4.865
SPIN 2 15 1 8 -3.488 1.122 -4.645
SPIN 2 15 1 9 -2.024 -1.211 5.426
SPIN 2 15 1 10 -3.341 2.242 -4.337
SPIN 2 15 1 11 -2.909 -4.986 1.298
SPIN 2 15 1 12 0.629 -5.287 2.579
SPIN 2 15 1 13 2.054 3.821 -4.023
SPIN 2 15 1 14 4.074 -2.065 3.760
SPIN 2 15 1 15 -5.424 2.274 -0.635
SPIN 3 15 2 0 3.579 -4.346 1.816
SPIN 3 15 2 1 -1.260 4.248 -3.920
SPIN 3 15 2 2 -1.858 -5.615 -0.155
SPIN 3 15 2 3 2.874 2.650 4.440
SPIN 3 15 2 4 -1.865 0.107 5.613
SPIN 3 15 2 5 -4.808 1.985 -2.818
SPIN 3 15 2 6 -0.341 4.405 3.935
SPIN 3 15 2 7 4.434 -0.654 -3.862
SPIN 3 15 2 8 -5.549 1.668 1.193
SPIN 3 15 2 9 3.300 -3.784 -3.129
SPIN 3 15 2 10 -4.242 -3.897 1.347
SPIN 3 15 2 11 2.499 5.362 0.047
SPIN 3 15 2 12 -4.131 3.435 2.476
SPIN 3 15 2 13 2.321 2.976 -4.556
SPIN 3 15 2 14 -5.298 -0.751 -2.524
SPIN 3 15 2 15 5.531 0.838 1.925
SPIN 2 15 2 0 -5.113 -1.526 2.555
SPIN 2 15 2 1 3.471 -3.641 3.113
SPIN 2 15 2 2 -1.944 2.903 4.774
SPIN 2 15 2 3 1.042 5.810 -0.400
SPIN 2 15 2 4 4.962 -3.212 0.250
SPIN 2 15 2 5 -1.256 -4.574 3.536
SPIN 2 15 2 6 -0.678 -2.871 -5.128
SPIN 2 15 2 7 1.160 -0.086 5.801
SPIN 2 15 2 8 0.381 -5.446 2.280
SPIN 2 15 2 9 0.302 3.651 4.645
SPIN 2 15 2 10 1.137 5.651 1.331
SPIN 2 15 2 11 -0.002 -3.306 -4.906
SPIN 2 15 2 12 0.190 -5.904 -0.330
SPIN 2 15 2 13 -4.420 -3.932 -0.026
SPIN 2 15 2 14 -5.707 0.434 -1.497
SPIN 2 15 2 15 5.151 -0.253 2.900
SPIN 3 15 3 0 -2.515 2.155 -4.902
SPIN 3 15 3 1 5.595 -1.761 -0.770
SPIN 3 15 3 2 4.986 3.113 -0.672
SPIN 3 15 3 3 -3.160 4.528 2.124
SPIN 3 15 3 4 2.900 0.726 -5.105
SPIN 3 15 3 5 -0.846 0.290 5.848
SPIN 3 15 3 6 4.262 0.682 -4.046
SPIN 3 15 3 7 -0.176 3.337 -4.882
SPIN 3 15 3 8 4.839 2.914 -1.757
SPIN 3 15 3 9 -4.564 -1.986 3.198
SPIN 3 15 3 10 -0.762 3.537 -4.681
SPIN 3 15 3 11 -5.870 0.532 -0.508
SPIN 3 15 3 12 5.818 -0.391 -1.001
SPIN 3 15 3 13 0.316 3.835 -4.494
SPIN 3 15 3 14 1.344 -4.878 3.066
SPIN 3 15 3 15 -4.971 3.012 -1.102
SPIN 2 15 3 0 0.250 0.684 5.871
SPIN 2 15 3 1 -2.417 3.810 3.826
SPIN 2 15 3 2 2.708 -5.153 -1.057
SPIN 2 15 3 3 -3.410 4.262 2.282
SPIN 2 15 3 4 -2.782 -4.942 1.685
SPIN 2 15 3 5 -2.630 -5.296 -0.193
SPIN 2 15 3 6 -4.782 -2.629 2.285
SPIN 2 15 3 7 -3.318 3.180 3.726
SPIN 2 15 3 8 4.163 -1.314 -3.992
SPIN 2 15 3 9 1.158 5.765 -0.653
SPIN 2 15 3 10 3.486 -1.942 -4.368
SPIN 2 15 3 11 -0.643 -1.465 5.696
SPIN 2 15 3 12 -3.328 0.210 -4.886
SPIN 2 15 3 13 3.279 -4.466 -2.074
SPIN 2 15 3 14 -1.817 4.538 3.333
SPIN 2 15 3 15 -3.074 2.745 4.245
SPIN 3 15 4 0 5.554 0.267 -2.020
SPIN 3 15 4 1 -2.269 3.473 -4.218
SPIN 3 15 4 2 -0.253 -0.289 5.904
SPIN 3 15 4 3 -3.683 -1.789 -4.271
SPIN 3 15 4 4 1.020 2.478 5.274
SPIN 3 15 4 5 4.768 1.012 3.353
SPIN 3 15 4 6 -5.732 -1.440 -0.258
SPIN 3 15 4 7 -1.326 -1.677 5.516
SPIN 3 15 4 8 3.478 -2.025 4.336
SPIN 3 15 4 9 -0.365 5.223 -2.754
SPIN 3 15 4 10 -2.412 -5.346 0.781
SPIN 3 15 4 11 1.753 -3.577 -4.374
SPIN 3 15 4 12 -0.942 5.234 -2.591
SPIN 3 15 4 13 -3.042 -0.987 -4.977
SPIN 3 15 4 14 0.042 2.286 -5.456
SPIN 3 15 4 15 2.268 -4.815 -2.583
SPIN 2 15 4 0 -4.985 2.787 -1.545
SPIN 2 15 4 1 0.325 -4.757 -3.503
SPIN 2 15 4 2 -3.043 5.062 -0.337
SPIN 2 15 4 3 -1.316 3.304 4.728
SPIN 2 15 4 4 -3.518 2.894 -3.774
SPIN 2 15 4 5 2.291 -5.275 -1.390
SPIN 2 15 4 6 5.689 1.575 -0.396
SPIN 2 15 4 7 -5.855 0.801 0.268
SPIN 2 15 4 8 4.091 -2.955 -3.087
SPIN 2 15 4 9 -4.626 1.979 -3.111
SPIN 2 15 4 10 0.080 -2.250 -5.471
SPIN 2 15 4 11 5.799 0.938 -0.705
SPIN 2 15 4 12 -4.112 -4.254 0.030
SPIN 2 15 4 13 1.321 2.710 5.090
SPIN 2 15 4 14 5.163 -0.441 -2.854
SPIN 2 15 4 15 -0.863 -1.932 -5.525
SPIN 3 15 5 0 0.826 2.281 -5.396
SPIN 3 15 5 1 -2.437 0.224 5.386
SPIN 3 15 5 2 -0.741 -0.693 -5.829
SPIN 3 15 5 3 3.368 -3.663 3.199
SPIN 3 15 5 4 -1.478 3.435 4.584
SPIN 3 15 5 5 -0.036 -5.190 -2.840
SPIN 3 15 5 6 1.379 -4.275 3.850
SPIN 3 15 5 7 -4.520 -1.909 -3.305
SPIN 3 15 5 8 -4.811 0.688 3.374
SPIN 3 15 5 9 2.061 5.152 2.050
SPIN 3 15 5 10 2.453 -2.468 4.785
SPIN 3 15 5 11 -3.490 0.896 -4.692
SPIN 3 15 5 12 0.363 2.510 5.345
SPIN 3 15 5 13 2.883 -3.951 -3.329
SPIN 3 15 5 14 -4.309 -1.848 3.607
SPIN 3 15 5 15 1.944 3.589 4.283
SPIN 2 15 5 0 0.533 4.514 3.787
SPIN 2 15 5 1 -0.494 -2.261 -5.445
SPIN 2 15 5 2 -0.513 5.810 0.991
SPIN 2 15 5 3 1.598 -3.547 -4.457
SPIN 2 15 5 4 5.534 0.100 -2.089
SPIN 2 15 5 5 -2.243 4.572 -3.012
SPIN 2 15 5 6 -2.739 4.919 1.816
SPIN 2 15 5 7 -3.319 -4.894 -0.165
SPIN 2 15 5 8 -0.359 2.713 5.245
SPIN 2 15 5 9 4.046 -1.910 -3.871
SPIN 2 15 5 10 -3.768 -2.936 3.491
SPIN 2 15 5 11 -0.012 5.170 2.876
SPIN 2 15 5 12 4.652 -3.649 0.203
SPIN 2 15 5 13 0.076 -4.708 -3.581
SPIN 2 15 5 14 2.152 -4.366 3.363
SPIN 2 15 5 15 -2.534 -4.671 -2.601
SPIN 3 15 6 0 -4.276 -3.493 -2.126
SPIN 3 15 6 1 -3.850 -4.491 -0.067
SPIN 3 15 6 2 3.827 4.341 -1.229
SPIN 3 15 6 3 2.662 -3.248 -4.167
SPIN 3 15 6 4 -3.610 -0.822 -4.614
SPIN 3 15 6 5 1.422 -2.395 5.219
SPIN 3 15 6 6 1.129 3.684 -4.489
SPIN 3 15 6 7 -3.963 0.885 -4.302
SPIN 3 15 6 8 -3.844 1.685 4.169
SPIN 3 15 6 9 4.263 3.936 1.154
SPIN 3 15 6 10 -1.534 -1.634 5.475
SPIN 3 15 6 11 2.022 5.538 0.493
SPIN 3 15 6 12 3.897 -3.898 2.150
SPIN 3 15 6 13 -0.955 4.362 -3.881
SPIN 3 15 6 14 -2.165 2.990 4.623
SPIN 3 15 6 15 -2.266 2.373 -4.923
SPIN 2 15 6 0 -4.019 3.085 -3.054
SPIN 2 15 6 1 5.605 1.878 0.248
SPIN 2 15 6 2 0.817 -2.718 -5.191
SPIN 2 15 6 3 4.366 2.330 -3.242
SPIN 2 15 6 4 3.445 4.610 -1.371
SPIN 2 15 6 5 3.660 -3.340 -3.233
SPIN 2 15 6 6 2.986 -2.171 4.623
SPIN 2 15 6 7 0.140 5.598 1.910
SPIN 2 15 6 8 5.528 -0.087 -2.107
SPIN 2 15 6 9 -0.207 -4.304 4.053
SPIN 2 15 6 10 -5.571 1.978 0.229
SPIN 2 15 6 11 2.509 5.287 -0.868
SPIN 2 15 6 12 -4.747 3.378 -1.027
SPIN 2 15 6 13 -3.834 -3.464 -2.881
SPIN 2 15 6 14 -4.380 -3.973 0.176
SPIN 2 15 6 15 4.387 3.488 -1.895
SPIN 3 15 7 0 4.411 -0.190 3.938
SPIN 3 15 7 1 -4.211 -1.604 3.833
SPIN 3 15 7 2 1.007 -5.151 2.730
SPIN 3 15 7 3 -3.868 4.366 0.985
SPIN 3 15 7 4 4.497 1.616 3.488
SPIN 3 15 7 5 -4.291 -3.900 1.175
SPIN 3 15 7 6 3.341 -4.637 -1.528
SPIN 3 15 7 7 -2.818 4.682 -2.267
SPIN 3 15 7 8 1.062 -5.370 2.244
SPIN 3 15 7 9 -2.361 -3.129 -4.431
SPIN 3 15 7 10 5.141 -2.461 1.585
SPIN 3 15 7 11 2.216 -2.691 4.780
SPIN 3 15 7 12 1.203 -1.599 -5.567
SPIN 3 15 7 13 -3.986 1.825 3.972
SPIN 3 15 7 14 -3.306 1.322 -4.724
SPIN 3 15 7 15 -5.012 1.494 2.766
SPIN 2 15 7 0 1.070 3.532 -4.624
SPIN 2 15 7 1 0.363 -5.788 1.171
SPIN 2 15 7 2 1.949 4.432 -3.400
SPIN 2 15 7 3 -2.361 3.702 3.965
SPIN 2 15 7 4 -5.168 -1.985 -2.085
SPIN 2 15 7 5 -5.386 -0.758 -2.328
SPIN 2 15 7 6 1.603 0.524 5.671
SPIN 2 15 7 7 0.599 -4.965 3.161
SPIN 2 15 7 8 1.507 4.863 -3.013
SPIN 2 15 7 9 -3.435 -3.968 -2.731
SPIN 2 15 7 10 -4.924 2.649 1.934
SPIN 2 15 7 11 0.608 -4.040 -4.279
SPIN 2 15 7 12 -0.556 -2.215 5.458
SPIN 2 15 7 13 -2.088 5.122 -2.099
SPIN 2 15 7 14 -3.139 5.004 -0.326
SPIN 2 15 7 15 -4.520 -2.317 3.034
SPIN 3 15 8 0 -2.289 1.952 -5.094
SPIN 3 15 8 1 -3.612 -4.603 0.873
SPIN 3 15 8 2 -2.967 -1.071 5.005
SPIN 3 15 8 3 2.857 0.717 -5.131
SPIN 3 15 8 4 -3.619 -1.289 -4.499
SPIN 3 15 8 5 -5.536 -0.064 -2.084
SPIN 3 15 8 6 2.293 4.405 -3.215
SPIN 3 15 8 7 -1.303 -5.573 1.500
SPIN 3 15 8 8 -0.329 4.671 -3.616
SPIN 3 15 8 9 -2.980 -4.693 2.023
SPIN 3 15 8 10 2.334 5.426 -0.337
SPIN 3 15 8 11 0.843 5.090 -2.896
SPIN 3 15 8 12 -4.104 3.943 -1.615
SPIN 3 15 8 13 2.998 4.766 -1.816
SPIN 3 15 8 14 -0.416 -0.678 -5.862
SPIN 3 15 8 15 0.196 2.569 5.326
SPIN 2 15 8 0 -1.627 -5.026 2.664
SPIN 2 15 8 1 0.001 5.752 -1.385
SPIN 2 15 8 2 -0.168 -0.863 5.850
SPIN 2 15 8 3 2.677 4.703 -2.391
SPIN 2 15 8 4 -1.598 -5.426 -1.733
SPIN 2 15 8 5 1.128 -5.251 2.480
SPIN 2 15 8 6 3.846 -3.531 -2.782
SPIN 2 15 8 7 1.665 3.669 4.332
SPIN 2 15 8 8 4.826 3.343 -0.730
SPIN 2 15 8 9 -4.106 -4.248 -0.311
SPIN 2 15 8 10 -2.070 5.113 -2.139
SPIN 2 15 8 11 1.947 0.687 5.544
SPIN 2 15 8 12 -3.628 -3.208 3.399
SPIN 2 15 8 13 -2.591 -4.665 2.555
SPIN 2 15 8 14 1.589 5.679 -0.469
SPIN 2 15 8 15 1.760 -1.981 -5.290
SPIN 3 15 9 0 0.560 -4.715 3.529
SPIN 3 15 9 1 -0.215 5.901 0.357
SPIN 3 15 9 2 5.771 -0.059 -1.301
SPIN 3 15 9 3 -3.843 4.416 0.854
SPIN 3 15 9 4 -3.559 -0.095 4.725
SPIN 3 15 9 5 -0.478 4.942 3.217
SPIN 3 15 9 6 -3.172 -0.712 -4.943
SPIN 3 15 9 7 5.541 -1.869 -0.897
SPIN 3 15 9 8 -3.134 -3.985 3.050
SPIN 3 15 9 9 -4.178 2.787 -3.126
SPIN 3 15 9 10 -2.772 0.524 5.200
SPIN 3 15 9 11 4.676 -3.211 1.681
SPIN 3 15 9 12 -0.284 0.416 -5.895
SPIN 3 15 9 13 -3.321 -4.755 -1.170
SPIN 3 15 9 14 -1.009 -0.584 5.800
SPIN 3 15 9 15 -2.196 3.151 -4.499
SPIN 2 15 9 0 1.458 5.353 -2.055
SPIN 2 15 9 1 5.783 -1.242 -0.099
SPIN 2 15 9 2 1.433 5.440 1.832
SPIN 2 15 9 3 -5.250 -2.357 1.372
SPIN 2 15 9 4 4.674 2.916 2.155
SPIN 2 15 9 5 2.177 -5.495 -0.247
SPIN 2 15 9 6 5.031 2.963 0.952
SPIN 2 15 9 7 3.294 -4.722 1.362
SPIN 2 15 9 8 -0.581 5.782 1.112
SPIN 2 15 9 9 -0.874 5.774 0.947
SPIN 2 15 9 10 -0.094 -2.171 5.503
SPIN 2 15 9 11 5.645 -1.655 0.624
SPIN 2 15 9 12 5.149 2.433 1.601
SPIN 2 15 9 13 -4.216 0.961 4.037
SPIN 2 15 9 14 4.443 2.769 2.756
SPIN 2 15 9 15 -2.499 1.848 -5.034
SPIN 3 15 10 0 -3.287 3.052 -3.857
SPIN 3 15 10 1 3.119 -3.894 3.179
SPIN 3 15 10 2 4.718 -3.566 -0.171
SPIN 3 15 10 3 -2.957 4.424 -2.585
SPIN 3 15 10 4 -4.956 -3.120 0.837
SPIN 3 15 10 5 -5.298 -1.612 2.083
SPIN 3 15 10 6 3.838 0.872 -4.417
SPIN 3 15 10 7 -1.853 -0.717 5.572
SPIN 3 15 10 8 -1.531 0.784 -5.660
SPIN 3 15 10 9 0.158 -3.137 5.013
SPIN 3 15 10 10 2.324 2.413 -4.876
SPIN 3 15 10 11 -5.052 1.591 2.636
SPIN 3 15 10 12 5.896 -0.483 0.063
SPIN 3 15 10 13 -0.356 4.291 4.057
SPIN 3 15 10 14 2.826 4.632 2.358
SPIN 3 15 10 15 -2.757 3.965 -3.417
SPIN 2 15 10 0 -1.235 -5.542 -1.661
SPIN 2 15 10 1 -4.422 2.333 3.163
SPIN 2 15 10 2 2.635 -5.282 0.398
SPIN 2 15 10 3 -5.643 -1.518 -0.925
SPIN 2 15 10 4 4.971 2.077 -2.443
SPIN 2 15 10 5 2.452 -3.757 -3.857
SPIN 2 15 10 6 4.816 -1.239 -3.204
SPIN 2 15 10 7 3.498 -2.735 -3.909
SPIN 2 15 10 8 1.027 3.514 4.648
SPIN 2 15 10 9 1.138 3.732 -4.447
SPIN 2 15 10 10 2.991 3.292 3.900
SPIN 2 15 10 11 -4.659 -2.945 -2.148
SPIN 2 15 10 12 -0.615 -5.825 -0.834
SPIN 2 15 10 13 1.244 3.294 -4.754
SPIN 2 15 10 14 -2.319 -4.429 -3.163
SPIN 2 15 10 15 0.205 -2.069 5.539
SPIN 3 15 11 0 -1.290 -2.548 -5.181
SPIN 3 15 11 1 5.701 -0.525 -1.490
SPIN 3 15 11 2 2.753 -0.214 -5.232
SPIN 3 15 11 3 -1.530 -3.705 4.351
SPIN 3 15 11 4 3.944 3.298 -2.927
SPIN 3 15 11 5 5.902 0.086 -0.395
SPIN 3 15 11 6 2.257 2.084 5.056
SPIN 3 15 11 7 2.947 -0.341 -5.119
SPIN 3 15 11 8 1.489 -2.460 5.170
SPIN 3 15 11 9 4.762 3.451 -0.643
SPIN 3 15 11 10 1.688 -5.170 -2.328
SPIN 3 15 11 11 -0.505 -4.822 -3.391
SPIN 3 15 11 12 2.274 4.209 3.480
SPIN 3 15 11 13 2.519 1.387 5.170
SPIN 3 15 11 14 -5.723 0.931 -1.176
SPIN 3 15 11 15 -4.471 3.712 -1.111
SPIN 2 15 11 0 -0.165 -2.257 5.466
SPIN 2 15 11 1 -1.753 -5.071 -2.493
SPIN 2 15 11 2 -5.490 -1.851 -1.198
SPIN 2 15 11 3 1.639 -1.901 5.357
SPIN 2 15 11 4 -3.428 -4.820 0.116
SPIN 2 15 11 5 2.087 2.063 5.137
SPIN 2 15 11 6 -3.973 -0.119 -4.382
SPIN 2 15 11 7 -0.336 1.243 -5.774
SPIN 2 15 11 8 -5.209 -1.283 -2.495
SPIN 2 15 11 9 -5.658 0.166 1.720
SPIN 2 15 11 10 2.654 -1.323 -5.119
SPIN 2 15 11 11 -1.757 -1.395 5.474
SPIN 2 15 11 12 3.055 5.055 -0.336
SPIN 2 15 11 13 -0.392 -2.506 -5.345
SPIN 2 15 11 14 2.828 -0.747 5.142
SPIN 2 15 11 15 -3.148 -0.022 -5.009
SPIN 3 15 12 0 4.756 -3.171 -1.524
SPIN 3 15 12 1 0.495 3.903 4.419
SPIN 3 15 12 2 -0.826 5.383 -2.310
SPIN 3 15 12 3 4.040 -2.168 -3.738
SPIN 3 15 12 4 -5.704 0.477 1.497
SPIN 3 15 12 5 -4.040 2.508 3.519
SPIN 3 15 12 6 -4.267 3.376 -2.322
SPIN 3 15 12 7 -4.995 -1.754 2.640
SPIN 3 15 12 8 4.424 -3.425 1.923
SPIN 3 15 12 9 3.881 3.936 -2.108
SPIN 3 15 12 10 -2.510 -4.453 2.979
SPIN 3 15 12 11 4.907 2.954 -1.483
SPIN 3 15 12 12 -0.253 -5.411 2.379
SPIN 3 15 12 13 1.855 3.347 -4.512
SPIN 3 15 12 14 4.156 0.274 4.201
SPIN 3 15 12 15 -0.248 5.890 0.497
SPIN 2 15 12 0 4.860 -0.259 -3.363
SPIN 2 15 12 1 0.597 3.201 4.940
SPIN 2 15 12 2 0.275 -5.475 2.226
SPIN 2 15 12 3 -2.299 0.744 -5.400
SPIN 2 15 12 4 -0.139 5.856 0.831
SPIN 2 15 12 5 -0.296 -5.538 -2.061
SPIN 2 15 12 6 2.494 -3.744 -3.842
SPIN 2 15 12 7 2.212 -4.167 3.569
SPIN 2 15 12 8 4.861 1.216 -3.145
SPIN 2 15 12 9 4.247 1.954 -3.626
SPIN 2 15 12 10 -3.790 -2.706 -3.649
SPIN 2 15 12 11 -0.235 -4.601 3.712
SPIN 2 15 12 12 -3.853 4.021 -1.995
SPIN 2 15 12 13 3.874 -0.545 4.438
SPIN 2 15 12 14 -0.485 1.003 -5.810
SPIN 2 15 12 15 -4.271 -0.021 4.093
SPIN 3 15 13 0 -4.308 -4.054 0.068
SPIN 3 15 13 1 -2.115 -1.646 5.274
SPIN 3 15 13 2 5.172 -0.299 -2.856
SPIN 3 15 13 3 -0.691 -5.560 1.899
SPIN 3 15 13 4 0.750 5.605 1.739
SPIN 3 15 13 5 -1.519 4.601 -3.395
SPIN 3 15 13 6 -2.032 -5.417 -1.236
SPIN 3 15 13 7 -5.518 -0.727 2.005
SPIN 3 15 13 8 2.303 4.099 -3.590
SPIN 3 15 13 9 -5.522 -1.178 -1.765
SPIN 3 15 13 10 5.404 -1.098 2.141
SPIN 3 15 13 11 -5.244 -0.972 2.561
SPIN 3 15 13 12 5.134 -2.723 -1.109
SPIN 3 15 13 13 -2.658 -4.026 3.425
SPIN 3 15 13 14 2.878 -2.126 4.711
SPIN 3 15 13 15 4.187 2.188 3.561
SPIN 2 15 13 0 3.500 0.620 -4.729
SPIN 2 15 13 1 3.237 2.587 -4.223
SPIN 2 15 13 2 -3.155 1.215 -4.855
SPIN 2 15 13 3 -3.584 -4.694 0.344
SPIN 2 15 13 4 -1.112 -4.400 3.795
SPIN 2 15 13 5 1.092 5.196 -2.610
SPIN 2 15 13 6 4.540 -3.219 2.007
SPIN 2 15 13 7 -2.486 4.756 2.490
SPIN 2 15 13 8 0.627 -5.211 2.729
SPIN 2 15 13 9 -3.966 4.361 0.497
SPIN 2 15 13 10 -2.626 5.300 0.109
SPIN 2 15 13 11 3.994 2.636 3.478
SPIN 2 15 13 12 -4.221 -3.728 1.811
SPIN 2 15 13 13 -1.059 -0.947 -5.743
SPIN 2 15 13 14 3.589 -4.310 1.883
SPIN 2 15 13 15 3.801 4.379 1.171
SPIN 3 15 14 0 2.105 1.611 5.289
SPIN 3 15 14 1 -0.742 5.510 2.022
SPIN 3 15 14 2 1.178 0.194 5.794
SPIN 3 15 14 3 5.083 0.908 -2.888
SPIN 3 15 14 4 -1.033 -5.816 -0.318
SPIN 3 15 14 5 -3.473 1.763 4.453
SPIN 3 15 14 6 -4.919 2.125 2.509
SPIN 3 15 14 7 5.752 0.810 -1.123
SPIN 3 15 14 8 0.941 -5.803 0.665
SPIN 3 15 14 9 4.218 3.277 -2.544
SPIN 3 15 14 10 -4.691 -3.289 -1.476
SPIN 3 15 14 11 3.821 -4.515 0.128
SPIN 3 15 14 12 -2.918 -3.814 3.455
SPIN 3 15 14 13 -2.867 -2.275 4.649
SPIN 3 15 14 14 -1.150 0.076 -5.803
SPIN 3 15 14 15 -3.335 2.067 -4.428
SPIN 2 15 14 0 5.797 -0.383 1.115
SPIN 2 15 14 1 -4.523 1.870 -3.324
SPIN 2 15 14 2 -1.210 -4.755 -3.305
SPIN 2 15 14 3 1.637 0.219 -5.681
SPIN 2 15 14 4 0.199 0.415 5.898
SPIN 2 15 14 5 -3.639 0.996 -4.557
SPIN 2 15 14 6 -0.605 -4.037 4.282
SPIN 2 15 14 7 3.409 -1.351 4.643
SPIN 2 15 14 8 4.257 -3.319 2.422
SPIN 2 15 14 9 3.906 -0.544 -4.410
SPIN 2 15 14 10 -5.775 -0.375 -1.229
SPIN 2 15 14 11 0.369 4.006 -4.337
SPIN 2 15 14 12 2.725 -4.024 -3.373
SPIN 2 15 14 13 2.776 -2.655 4.500
SPIN 2 15 14 14 -0.778 5.824 -0.688
SPIN 2 15 14 15 -5.902 0.121 -0.391
SPIN 3 15 15 0 -0.997 -2.441 -5.296
SPIN 3 15 15 1 5.275 2.557 -0.800
SPIN 3 15 15 2 2.503 -4.527 -2.871
SPIN 3 15 15 3 -0.967 4.732 3.416
SPIN 3 15 15 4 -5.453 -0.575 -2.222
SPIN 3 15 15 5 -1.778 -4.546 3.342
SPIN 3 15 15 6 -0.290 -2.792 -5.208
SPIN 3 15 15 7 -4.395 2.981 2.607
SPIN 3 15 15 8 1.395 1.286 5.603
SPIN 3 15 15 9 -1.398 -1.659 5.504
SPIN 3 15 15 10 -2.266 1.530 -5.246
SPIN 3 15 15 11 -4.717 3.545 -0.427
SPIN 3 15 15 12 2.258 5.256 -1.507
SPIN 3 15 15 13 -4.221 3.385 -2.393
SPIN 3 15 15 14 3.163 -0.512 4.973
SPIN 3 15 15 15 -2.661 -5.276 -0.288
SPIN 2 15 15 0 -1.856 3.675 4.249
SPIN 2 15 15 1 -2.725 -5.177 0.878
SPIN 2 15 15 2 5.747 -1.382 -0.248
SPIN 2 15 15 3 -4.454 2.617 -2.884
SPIN 2 15 15 4 0.113 -5.547 2.053
SPIN 2 15 15 5 4.345 -2.798 -2.880
SPIN 2 15 15 6 1.093 2.156 -5.400
SPIN 2 15 15 7 -3.362 -2.718 -4.039
SPIN 2 15 15 8 4.485 2.331 -3.075
SPIN 2 15 15 9 -4.256 4.110 -0.046
SPIN 2 15 15 10 -2.097 -1.785 -5.236
SPIN 2 15 15 11 2.475 -2.308 4.853
SPIN 2 15 15 12 1.828 0.536 -5.601
SPIN 2 15 15 13 5.701 0.160 -1.573
SPIN 2 15 15 14 0.717 5.847 0.551
SPIN 2 15 15 15 2.133 -5.271 1.634
