TITLE MnO_160K_J1J2_MC_02
CELL 4.4344 4.4344 4.4344 90 90 90
SITE 0 0 0
SITE 0.5 0.5 0
SITE 0.5 0 0.5
SITE 0 0.5 0.5
BOX 16 16 16
FORM_FACTOR_J0 0.4220 17.6840 0.5948 6.0050 0.0043 -0.6090 -0.0219
SPIN 1 0 0 0 3.305 2.610 -4.156
SPIN 1 0 0 1 -3.284 2.000 4.496
SPIN 1 0 0 2 -4.631 -3.575 0.879
SPIN 1 0 0 3 -5.791 -0.286 1.178
SPIN 1 0 0 4 0.300 4.964 3.204
SPIN 1 0 0 5 -5.336 2.215 -1.273
SPIN 1 0 0 6 5.897 -0.413 0.223
SPIN 1 0 0 7 -2.724 5.198 0.749
SPIN 1 0 0 8 2.434 -3.723 3.901
SPIN 1 0 0 9 -1.824 -5.290 1.920
SPIN 1 0 0 10 0.295 2.396 5.401
SPIN 1 0 0 11 -3.157 4.934 0.832
SPIN 1 0 0 12 -2.787 -2.233 -4.717
SPIN 1 0 0 13 4.108 -3.875 1.763
SPIN 1 0 0 14 -5.786 -1.156 0.427
SPIN 1 0 0 15 -3.846 4.406 0.891
SPIN 4 0 0 0 5.266 1.411 -2.297
SPIN 4 0 0 1 -1.913 -3.907 -4.009
SPIN 4 0 0 2 -2.970 1.551 4.876
SPIN 4 0 0 3 2.481 3.625 -3.963
SPIN 4 0 0 4 -1.386 0.537 5.726
SPIN 4 0 0 5 -3.076 -3.080 -4.006
SPIN 4 0 0 6 2.941 5.126 0.269
SPIN 4 0 0 7 -4.007 4.265 0.872
SPIN 4 0 0 8 5.591 -0.194 1.925
SPIN 4 0 0 9 -3.977 1.760 -4.011
SPIN 4 0 0 10 -2.587 4.917 2.033
SPIN 4 0 0 11 0.771 -5.405 2.279
SPIN 4 0 0 12 4.334 2.366 3.258
SPIN 4 0 0 13 -5.269 -2.627 0.585
SPIN 4 0 0 14 2.892 1.106 5.041
SPIN 4 0 0 15 -1.475 1.030 -5.636
SPIN 1 0 1 0 2.264 4.897 -2.428
SPIN 1 0 1 1 -5.566 -1.199 1.609
SPIN 1 0 1 2 5.329 1.241 -2.251
SPIN 1 0 1 3 -1.503 1.927 -5.388
SPIN 1 0 1 4 -2.159 -4.991 2.330
SPIN 1 0 1 5 0.130 4.426 3.923
SPIN 1 0 1 6 0.199 -5.713 1.523
SPIN 1 0 1 7 3.196 -2.092 4.518
SPIN 1 0 1 8 -2.184 -2.071 -5.093
SPIN 1 0 1 9 -5.312 1.326 -2.241
SPIN 1 0 1 10 -5.585 1.577 -1.150
SPIN 1 0 1 11 2.361 -4.584 2.901
SPIN 1 0 1 12 5.226 -2.771 0.120
SPIN 1 0 1 13 0.132 5.765 1.320
SPIN 1 0 1 14 2.536 -2.026 -4.946
SPIN 1 0 1 15 -3.797 4.254 1.579
SPIN 4 0 1 0 -2.667 4.250 3.134
SPIN 4 0 1 1 -0.175 -5.770 1.297
SPIN 4 0 1 2 2.550 2.450 4.743
SPIN 4 0 1 3 2.933 -3.453 -3.805
SPIN 4 0 1 4 -5.536 -1.804 1.047
SPIN 4 0 1 5 -2.909 4.031 3.207
SPIN 4 0 1 6 -0.002 -4.335 -4.026
SPIN 4 0 1 7 3.022 -2.979 4.123
SPIN 4 0 1 8 -4.184 -1.610 3.860
SPIN 4 0 1 9 -4.801 0.712 3.383
SPIN 4 0 1 10 1.510 -5.706 -0.408
SPIN 4 0 1 11 -2.391 -3.728 3.923
SPIN 4 0 1 12 -3.253 0.865 -4.865
SPIN 4 0 1 13 -2.022 -0.697 5.516
SPIN 4 0 1 14 4.776 -0.524 -3.451
SPIN 4 0 1 15 -0.981 -3.718 4.496
SPIN 1 0 2 0 -3.814 1.305 4.330
SPIN 1 0 2 1 5.160 2.514 -1.432
SPIN 1 0 2 2 -4.854 -1.394 -3.082
SPIN 1 0 2 3 2.023 -5.536 -0.505
SPIN 1 0 2 4 0.193 5.576 -1.968
SPIN 1 0 2 5 0.306 5.845 -0.864
SPIN 1 0 2 6 3.828 -4.402 0.984
SPIN 1 0 2 7 -5.859 0.301 0.764
SPIN 1 0 2 8 -2.897 -3.349 -3.923
SPIN 1 0 2 9 5.074 -3.024 -0.325
SPIN 1 0 2 10 2.489 2.869 -4.536
SPIN 1 0 2 11 -1.884 0.156 5.606
SPIN 1 0 2 12 -3.734 4.083 -2.095
SPIN 1 0 2 13 2.000 -3.839 4.032
SPIN 1 0 2 14 -5.476 0.141 -2.233
SPIN 1 0 2 15 1.472 -4.737 3.224
SPIN 4 0 2 0 -4.091 4.271 0.157
SPIN 4 0 2 1 -5.873 -0.686 -0.194
SPIN 4 0 2 2 0.216 4.828 -3.413
SPIN 4 0 2 3 -4.241 -3.531 2.132
SPIN 4 0 2 4 -5.661 1.629 0.550
SPIN 4 0 2 5 -2.364 -4.680 -2.741
SPIN 4 0 2 6 -3.891 0.432 4.436
SPIN 4 0 2 7 2.497 -0.614 -5.328
SPIN 4 0 2 8 -4.577 3.746 -0.108
SPIN 4 0 2 9 4.428 -3.507 -1.760
SPIN 4 0 2 10 -4.671 -3.149 -1.809
SPIN 4 0 2 11 0.708 5.703 1.407
SPIN 4 0 2 12 -2.647 4.138 -3.298
SPIN 4 0 2 13 0.766 -5.139 -2.829
SPIN 4 0 2 14 0.554 3.370 4.830
SPIN 4 0 2 15 3.661 -1.438 -4.419
SPIN 1 0 3 0 5.156 1.856 -2.229
SPIN 1 0 3 1 1.865 0.052 5.614
SPIN 1 0 3 2 2.830 -4.013 3.299
SPIN 1 0 3 3 5.150 2.724 1.026
SPIN 1 0 3 4 -5.132 -1.743 -2.371
SPIN 1 0 3 5 5.797 -1.120 -0.367
SPIN 1 0 3 6 -5.234 2.756 0.072
SPIN 1 0 3 7 -1.420 -5.702 0.689
SPIN 1 0 3 8 0.410 5.901 -0.069
SPIN 1 0 3 9 -4.836 1.163 3.203
SPIN 1 0 3 10 4.056 -4.248 0.707
SPIN 1 0 3 11 4.855 -2.903 1.733
SPIN 1 0 3 12 5.605 -1.490 -1.169
SPIN 1 0 3 13 5.091 -1.607 -2.549
SPIN 1 0 3 14 -0.821 -5.657 1.525
SPIN 1 0 3 15 1.235 -5.233 -2.468
SPIN 4 0 3 0 -5.214 -0.320 2.777
SPIN 4 0 3 1 4.412 2.514 -3.036
SPIN 4 0 3 2 -5.227 2.392 1.398
SPIN 4 0 3 3 4.564 -0.223 3.758
SPIN 4 0 3 4 -1.721 -5.328 1.911
SPIN 4 0 3 5 -3.174 3.456 3.603
SPIN 4 0 3 6 -2.599 2.359 -4.763
SPIN 4 0 3 7 -1.775 3.627 4.324
SPIN 4 0 3 8 3.444 -4.775 -0.588
SPIN 4 0 3 9 -3.664 4.557 0.896
SPIN 4 0 3 10 -1.649 -4.794 -3.049
SPIN 4 0 3 11 -3.667 -2.790 -3.711
SPIN 4 0 3 12 1.799 2.357 5.119
SPIN 4 0 3 13 -5.836 -0.870 -0.426
SPIN 4 0 3 14 -3.635 4.577 -0.918
SPIN 4 0 3 15 -1.104 -5.789 -0.515
SPIN 1 0 4 0 1.183 4.211 -3.983
SPIN 1 0 4 1 -4.998 -1.581 -2.743
SPIN 1 0 4 2 2.158 -4.211 -3.551
SPIN 1 0 4 3 -3.949 4.295 0.980
SPIN 1 0 4 4 -3.895 -0.757 -4.388
SPIN 1 0 4 5 -3.950 -2.309 -3.751
SPIN 1 0 4 6 2.652 4.089 3.354
SPIN 1 0 4 7 1.120 4.155 4.060
SPIN 1 0 4 8 0.974 -1.246 -5.701
SPIN 1 0 4 9 -1.720 -4.319 3.659
SPIN 1 0 4 10 4.833 1.184 3.199
SPIN 1 0 4 11 1.293 -5.228 2.449
SPIN 1 0 4 12 -1.163 5.127 -2.714
SPIN 1 0 4 13 2.448 1.870 -5.051
SPIN 1 0 4 14 0.663 4.014 4.296
SPIN 1 0 4 15 0.402 -5.852 0.768
SPIN 4 0 4 0 1.353 -4.914 3.004
SPIN 4 0 4 1 -5.838 -0.090 -0.957
SPIN 4 0 4 2 5.795 -0.109 -1.188
SPIN 4 0 4 3 -3.489 -0.530 -4.748
SPIN 4 0 4 4 2.735 5.151 -0.995
SPIN 4 0 4 5 4.769 -3.391 0.870
SPIN 4 0 4 6 -5.344 0.268 2.524
SPIN 4 0 4 7 0.648 -3.994 -4.316
SPIN 4 0 4 8 -1.720 3.893 4.109
SPIN 4 0 4 9 2.774 -0.336 -5.215
SPIN 4 0 4 10 -4.499 3.781 0.679
SPIN 4 0 4 11 -5.053 -1.242 2.815
SPIN 4 0 4 12 3.472 4.195 2.313
SPIN 4 0 4 13 -1.836 -5.602 -0.498
SPIN 4 0 4 14 -3.118 -5.028 -0.024
SPIN 4 0 4 15 4.103 -4.219 -0.604
SPIN 1 0 5 0 -5.706 1.052 1.154
SPIN 1 0 5 1 3.522 -2.256 4.184
SPIN 1 0 5 2 0.625 -5.022 -3.065
SPIN 1 0 5 3 -1.660 5.556 -1.173
SPIN 1 0 5 4 -0.012 -5.870 0.739
SPIN 1 0 5 5 -4.459 -3.851 -0.538
SPIN 1 0 5 6 1.116 -5.151 -2.687
SPIN 1 0 5 7 5.761 -0.134 -1.339
SPIN 1 0 5 8 -2.112 3.226 4.487
SPIN 1 0 5 9 3.850 -0.456 -4.469
SPIN 1 0 5 10 2.420 -3.584 4.037
SPIN 1 0 5 11 -2.533 3.592 3.960
SPIN 1 0 5 12 0.111 4.945 -3.245
SPIN 1 0 5 13 -1.734 -5.596 0.823
SPIN 1 0 5 14 4.463 3.393 -1.889
SPIN 1 0 5 15 -2.635 -1.823 -4.974
SPIN 4 0 5 0 1.686 4.749 -3.100
SPIN 4 0 5 1 -2.163 -3.151 4.516
SPIN 4 0 5 2 5.314 1.414 -2.183
SPIN 4 0 5 3 5.573 1.905 0.562
SPIN 4 0 5 4 -2.736 4.682 -2.365
SPIN 4 0 5 5 3.587 -4.511 -1.336
SPIN 4 0 5 6 -2.928 4.918 -1.499
SPIN 4 0 5 7 -3.933 -1.760 -4.054
SPIN 4 0 5 8 -0.109 -4.018 -4.341
SPIN 4 0 5 9 1.741 5.625 -0.574
SPIN 4 0 5 10 3.333 3.597 3.309
SPIN 4 0 5 11 -4.884 0.884 -3.219
SPIN 4 0 5 12 3.819 -2.860 -3.498
SPIN 4 0 5 13 4.533 -3.031 2.295
SPIN 4 0 5 14 -2.373 -1.085 -5.310
SPIN 4 0 5 15 -1.064 5.603 -1.575
SPIN 1 0 6 0 0.211 -5.912 -0.043
SPIN 1 0 6 1 4.799 2.723 -2.135
SPIN 1 0 6 2 -4.996 -2.268 2.213
SPIN 1 0 6 3 -2.272 4.473 3.136
SPIN 1 0 6 4 -0.546 -5.154 -2.853
SPIN 1 0 6 5 -0.720 5.495 2.071
SPIN 1 0 6 6 1.895 -4.830 -2.842
SPIN 1 0 6 7 -5.770 0.288 1.276
SPIN 1 0 6 8 -5.593 1.774 0.754
SPIN 1 0 6 9 -0.409 -5.900 0.154
SPIN 1 0 6 10 -4.490 0.384 -3.834
SPIN 1 0 6 11 1.830 -4.871 -2.815
SPIN 1 0 6 12 4.794 0.760 -3.383
SPIN 1 0 6 13 4.843 2.128 -2.649
SPIN 1 0 6 14 -4.428 -0.477 3.894
SPIN 1 0 6 15 4.371 -3.327 -2.197
SPIN 4 0 6 0 -4.973 2.416 2.105
SPIN 4 0 6 1 5.563 0.975 1.761
SPIN 4 0 6 2 -3.040 -4.265 -2.750
SPIN 4 0 6 3 3.917 2.086 -3.912
SPIN 4 0 6 4 2.356 4.308 3.300
SPIN 4 0 6 5 -3.548 4.152 -2.274
SPIN 4 0 6 6 5.842 0.931 0.084
SPIN 4 0 6 7 4.164 2.137 -3.618
SPIN 4 0 6 8 0.569 5.838 -0.769
SPIN 4 0 6 9 3.304 -4.593 -1.727
SPIN 4 0 6 10 -3.135 -2.894 4.098
SPIN 4 0 6 11 2.574 0.458 5.307
SPIN 4 0 6 12 -5.701 0.284 -1.555
SPIN 4 0 6 13 5.783 0.094 -1.242
SPIN 4 0 6 14 -2.656 3.665 3.810
SPIN 4 0 6 15 0.088 4.174 4.191
SPIN 1 0 7 0 -5.266 -2.663 0.424
SPIN 1 0 7 1 5.744 1.414 0.058
SPIN 1 0 7 2 -2.821 4.783 -2.040
SPIN 1 0 7 3 -2.539 -4.650 2.633
SPIN 1 0 7 4 -0.111 3.982 4.374
SPIN 1 0 7 5 -1.920 -5.474 1.161
SPIN 1 0 7 6 4.602 -0.658 -3.659
SPIN 1 0 7 7 2.565 4.981 1.900
SPIN 1 0 7 8 -1.515 -3.480 -4.538
SPIN 1 0 7 9 3.606 -1.311 4.503
SPIN 1 0 7 10 -0.401 5.556 -1.992
SPIN 1 0 7 11 0.551 -5.874 -0.439
SPIN 1 0 7 12 0.244 5.448 2.293
SPIN 1 0 7 13 -5.201 -2.819 0.017
SPIN 1 0 7 14 0.638 -4.647 -3.605
SPIN 1 0 7 15 -1.953 1.910 -5.248
SPIN 4 0 7 0 3.901 1.572 4.161
SPIN 4 0 7 1 -5.484 -2.205 -0.249
SPIN 4 0 7 2 -2.360 -2.861 -4.609
SPIN 4 0 7 3 -2.428 3.438 -4.158
SPIN 4 0 7 4 3.118 -4.911 -1.077
SPIN 4 0 7 5 -3.165 -2.610 4.263
SPIN 4 0 7 6 5.532 -1.539 1.424
SPIN 4 0 7 7 -1.880 1.057 5.509
SPIN 4 0 7 8 3.692 -4.457 1.230
SPIN 4 0 7 9 -0.654 2.692 5.227
SPIN 4 0 7 10 2.797 -0.698 5.166
SPIN 4 0 7 11 -5.302 1.916 1.792
SPIN 4 0 7 12 2.824 -3.967 3.360
SPIN 4 0 7 13 1.318 1.348 5.608
SPIN 4 0 7 14 3.902 1.748 4.089
SPIN 4 0 7 15 -3.345 0.798 -4.814
SPIN 1 0 8 0 4.946 3.098 -0.972
SPIN 1 0 8 1 -2.881 4.945 1.498
SPIN 1 0 8 2 4.336 0.324 4.012
SPIN 1 0 8 3 -5.365 1.615 -1.899
SPIN 1 0 8 4 -4.422 2.418 -3.099
SPIN 1 0 8 5 5.330 -1.101 -2.319
SPIN 1 0 8 6 -2.511 5.349 -0.276
SPIN 1 0 8 7 5.177 -2.059 -1.990
SPIN 1 0 8 8 2.165 -4.476 -3.206
SPIN 1 0 8 9 -0.624 4.163 4.157
SPIN 1 0 8 10 1.077 -5.737 -0.960
SPIN 1 0 8 11 -2.739 3.534 -3.874
SPIN 1 0 8 12 0.289 -3.757 -4.561
SPIN 1 0 8 13 0.159 5.869 0.724
SPIN 1 0 8 14 1.037 -5.266 -2.488
SPIN 1 0 8 15 -5.016 -3.066 0.660
SPIN 4 0 8 0 3.993 -4.156 -1.333
SPIN 4 0 8 1 -3.675 -1.951 4.206
SPIN 4 0 8 2 4.352 0.447 3.982
SPIN 4 0 8 3 2.676 0.407 5.260
SPIN 4 0 8 4 -5.633 1.773 -0.350
SPIN 4 0 8 5 2.392 4.886 2.326
SPIN 4 0 8 6 -2.648 -2.739 -4.526
SPIN 4 0 8 7 -1.197 1.415 5.618
SPIN 4 0 8 8 -3.997 4.040 -1.643
SPIN 4 0 8 9 4.701 -0.378 -3.571
SPIN 4 0 8 10 -1.390 0.541 -5.725
SPIN 4 0 8 11 -3.842 1.966 4.046
SPIN 4 0 8 12 -4.236 -2.688 3.136
SPIN 4 0 8 13 4.954 -3.156 0.706
SPIN 4 0 8 14 0.392 -1.801 -5.622
SPIN 4 0 8 15 -4.801 -2.237 2.636
SPIN 1 0 9 0 -2.871 2.246 -4.660
SPIN 1 0 9 1 -0.324 5.877 -0.593
SPIN 1 0 9 2 2.936 -2.490 -4.492
SPIN 1 0 9 3 -1.376 2.926 -4.954
SPIN 1 0 9 4 0.329 -3.873 4.460
SPIN 1 0 9 5 -1.809 1.151 5.514
SPIN 1 0 9 6 3.355 4.668 -1.398
SPIN 1 0 9 7 0.557 4.193 4.136
SPIN 1 0 9 8 -4.312 -3.900 -1.094
SPIN 1 0 9 9 -2.743 -1.294 -5.080
SPIN 1 0 9 10 -1.740 -1.168 5.532
SPIN 1 0 9 11 -0.426 2.365 -5.406
SPIN 1 0 9 12 3.842 3.219 3.143
SPIN 1 0 9 13 -0.403 -4.978 -3.171
SPIN 1 0 9 14 1.740 4.705 3.137
SPIN 1 0 9 15 2.186 -3.801 3.972
SPIN 4 0 9 0 -0.445 4.206 4.137
SPIN 4 0 9 1 -3.953 -4.243 1.169
SPIN 4 0 9 2 5.595 1.490 -1.216
SPIN 4 0 9 3 1.584 -0.560 -5.672
SPIN 4 0 9 4 3.792 -3.863 2.388
SPIN 4 0 9 5 0.248 -5.651 -1.735
SPIN 4 0 9 6 0.827 4.234 -4.049
SPIN 4 0 9 7 -3.784 -4.260 -1.592
SPIN 4 0 9 8 -2.494 -3.100 -4.378
SPIN 4 0 9 9 3.453 2.868 3.854
SPIN 4 0 9 10 -1.659 3.537 4.443
SPIN 4 0 9 11 5.821 -0.587 0.877
SPIN 4 0 9 12 3.277 -4.879 -0.676
SPIN 4 0 9 13 -2.317 -1.131 -5.325
SPIN 4 0 9 14 -3.124 4.860 1.275
SPIN 4 0 9 15 5.271 1.895 1.904
SPIN 1 0 10 0 -0.068 -4.934 -3.263
SPIN 1 0 10 1 -0.865 -1.762 -5.581
SPIN 1 0 10 2 4.053 3.684 2.236
SPIN 1 0 10 3 -4.498 -3.561 -1.443
SPIN 1 0 10 4 -0.946 2.938 -5.047
SPIN 1 0 10 5 -1.853 4.623 -3.192
SPIN 1 0 10 6 3.638 2.251 4.086
SPIN 1 0 10 7 -4.315 -1.075 -3.902
SPIN 1 0 10 8 -0.414 -1.375 -5.739
SPIN 1 0 10 9 0.901 -0.653 5.811
SPIN 1 0 10 10 -2.680 -5.264 -0.328
SPIN 1 0 10 11 -1.952 4.939 2.607
SPIN 1 0 10 12 -1.438 5.720 0.461
SPIN 1 0 10 13 0.292 5.909 0.011
SPIN 1 0 10 14 -1.143 0.119 5.803
SPIN 1 0 10 15 4.551 -0.406 -3.758
SPIN 4 0 10 0 3.756 0.091 -4.570
SPIN 4 0 10 1 -0.392 5.895 -0.316
SPIN 4 0 10 2 -2.969 -4.297 2.778
SPIN 4 0 10 3 0.437 2.392 5.393
SPIN 4 0 10 4 -0.380 4.167 -4.182
SPIN 4 0 10 5 1.231 3.605 -4.526
SPIN 4 0 10 6 1.584 -5.634 -0.868
SPIN 4 0 10 7 2.998 -0.219 5.095
SPIN 4 0 10 8 4.144 1.910 -3.765
SPIN 4 0 10 9 3.096 4.729 -1.748
SPIN 4 0 10 10 -0.823 5.767 1.031
SPIN 4 0 10 11 4.462 -1.146 3.711
SPIN 4 0 10 12 -4.715 1.824 -3.073
SPIN 4 0 10 13 2.358 -3.111 4.446
SPIN 4 0 10 14 -5.747 -1.387 0.208
SPIN 4 0 10 15 -5.207 -0.521 2.759
SPIN 1 0 11 0 5.539 -1.020 -1.812
SPIN 1 0 11 1 1.165 -1.071 -5.700
SPIN 1 0 11 2 -4.210 -3.235 -2.609
SPIN 1 0 11 3 1.922 4.237 -3.654
SPIN 1 0 11 4 5.344 -2.136 -1.369
SPIN 1 0 11 5 -0.840 2.249 5.407
SPIN 1 0 11 6 0.201 -4.220 -4.141
SPIN 1 0 11 7 -1.107 2.897 5.038
SPIN 1 0 11 8 -2.658 -4.329 -3.032
SPIN 1 0 11 9 -0.157 -5.896 0.456
SPIN 1 0 11 10 1.817 3.228 4.613
SPIN 1 0 11 11 3.203 1.791 -4.640
SPIN 1 0 11 12 0.107 -5.264 2.697
SPIN 1 0 11 13 2.956 -3.715 3.530
SPIN 1 0 11 14 -3.370 3.678 3.181
SPIN 1 0 11 15 -3.857 4.142 -1.725
SPIN 4 0 11 0 3.376 0.127 -4.857
SPIN 4 0 11 1 -5.262 -1.168 -2.438
SPIN 4 0 11 2 3.945 -0.358 4.394
SPIN 4 0 11 3 -0.160 1.659 5.676
SPIN 4 0 11 4 -0.587 2.681 5.241
SPIN 4 0 11 5 4.220 -3.715 -1.843
SPIN 4 0 11 6 -3.140 4.204 2.733
SPIN 4 0 11 7 -1.976 5.576 -0.071
SPIN 4 0 11 8 -2.701 2.326 -4.722
SPIN 4 0 11 9 -1.893 4.554 3.267
SPIN 4 0 11 10 -4.268 -3.227 -2.523
SPIN 4 0 11 11 1.186 5.743 -0.783
SPIN 4 0 11 12 -5.749 1.213 0.691
SPIN 4 0 11 13 -3.745 -1.404 -4.359
SPIN 4 0 11 14 2.315 -4.689 2.766
SPIN 4 0 11 15 -5.542 1.322 1.593
SPIN 1 0 12 0 -3.774 0.495 -4.529
SPIN 1 0 12 1 2.462 4.701 -2.615
SPIN 1 0 12 2 2.529 3.911 3.648
SPIN 1 0 12 3 3.115 -4.032 -3.007
SPIN 1 0 12 4 4.096 4.093 1.212
SPIN 1 0 12 5 -5.492 -1.765 1.312
SPIN 1 0 12 6 -4.221 -1.904 3.682
SPIN 1 0 12 7 1.468 -3.745 -4.338
SPIN 1 0 12 8 -0.389 4.387 -3.951
SPIN 1 0 12 9 5.748 1.286 -0.548
SPIN 1 0 12 10 -0.758 5.782 -0.995
SPIN 1 0 12 11 -0.371 -4.806 3.430
SPIN 1 0 12 12 -3.329 4.678 -1.428
SPIN 1 0 12 13 3.764 4.099 -2.008
SPIN 1 0 12 14 1.643 -5.151 2.401
SPIN 1 0 12 15 -2.137 1.985 5.147
SPIN 4 0 12 0 -1.599 2.056 5.312
SPIN 4 0 12 1 1.939 1.991 -5.222
SPIN 4 0 12 2 -2.011 5.507 -0.792
SPIN 4 0 12 3 -0.414 3.427 -4.804
SPIN 4 0 12 4 -0.345 -5.516 -2.110
SPIN 4 0 12 5 -4.015 -1.177 4.182
SPIN 4 0 12 6 -1.013 4.012 -4.228
SPIN 4 0 12 7 4.857 -3.317 -0.642
SPIN 4 0 12 8 -0.561 -5.591 1.850
SPIN 4 0 12 9 -0.090 0.020 5.915
SPIN 4 0 12 10 4.974 -1.112 -3.004
SPIN 4 0 12 11 0.860 -3.979 4.293
SPIN 4 0 12 12 -3.054 -4.490 2.349
SPIN 4 0 12 13 -0.280 -2.961 5.114
SPIN 4 0 12 14 0.184 -5.876 -0.666
SPIN 4 0 12 15 -2.920 4.925 -1.490
SPIN 1 0 13 0 -5.486 1.181 -1.874
SPIN 1 0 13 1 2.032 -1.422 -5.371
SPIN 1 0 13 2 2.470 4.574 -2.824
SPIN 1 0 13 3 2.977 -1.852 4.765
SPIN 1 0 13 4 0.601 -5.375 2.398
SPIN 1 0 13 5 -3.096 -3.847 3.259
SPIN 1 0 13 6 3.837 -4.098 1.867
SPIN 1 0 13 7 -4.940 -1.956 -2.602
SPIN 1 0 13 8 2.636 -4.990 -1.775
SPIN 1 0 13 9 2.437 -0.979 -5.301
SPIN 1 0 13 10 -3.427 -4.043 -2.629
SPIN 1 0 13 11 5.715 -0.068 1.528
SPIN 1 0 13 12 3.009 1.767 -4.777
SPIN 1 0 13 13 0.675 -5.380 -2.367
SPIN 1 0 13 14 -3.818 4.284 1.439
SPIN 1 0 13 15 0.090 5.811 -1.105
SPIN 4 0 13 0 0.105 -0.660 5.878
SPIN 4 0 13 1 -4.571 3.715 0.555
SPIN 4 0 13 2 5.705 -0.813 -1.338
SPIN 4 0 13 3 1.104 3.830 4.372
SPIN 4 0 13 4 -5.739 -1.323 -0.562
SPIN 4 0 13 5 3.356 -0.739 -4.816
SPIN 4 0 13 6 -4.986 3.184 -0.049
SPIN 4 0 13 7 -1.902 3.276 4.544
SPIN 4 0 13 8 2.947 -3.622 3.633
SPIN 4 0 13 9 3.600 -0.185 -4.691
SPIN 4 0 13 10 -1.392 5.748 0.154
SPIN 4 0 13 11 2.978 3.362 -3.852
SPIN 4 0 13 12 -5.310 1.821 1.868
SPIN 4 0 13 13 1.191 5.554 1.653
SPIN 4 0 13 14 -2.921 3.379 3.879
SPIN 4 0 13 15 5.209 1.016 -2.613
SPIN 1 0 14 0 0.302 5.735 -1.422
SPIN 1 0 14 1 -5.633 -1.477 1.042
SPIN 1 0 14 2 2.529 -1.866 -5.012
SPIN 1 0 14 3 -0.760 5.626 1.665
SPIN 1 0 14 4 -1.960 -5.453 1.193
SPIN 1 0 14 5 0.605 5.213 -2.731
SPIN 1 0 14 6 -4.741 1.039 3.383
SPIN 1 0 14 7 4.168 2.384 -3.456
SPIN 1 0 14 8 -5.660 -1.221 1.213
SPIN 1 0 14 9 5.185 -2.823 0.378
SPIN 1 0 14 10 1.530 5.191 2.391
SPIN 1 0 14 11 3.400 -4.446 -1.917
SPIN 1 0 14 12 -1.316 4.302 -3.842
SPIN 1 0 14 13 -1.108 -3.524 4.621
SPIN 1 0 14 14 2.432 -0.367 -5.381
SPIN 1 0 14 15 -3.862 4.476 0.237
SPIN 4 0 14 0 4.114 0.170 -4.248
SPIN 4 0 14 1 1.433 -5.437 -1.839
SPIN 4 0 14 2 -0.274 -5.910 -0.023
SPIN 4 0 14 3 -1.027 3.442 4.701
SPIN 4 0 14 4 3.538 -3.970 -2.594
SPIN 4 0 14 5 -5.697 0.173 1.585
SPIN 4 0 14 6 1.498 2.266 -5.256
SPIN 4 0 14 7 4.081 -4.114 1.189
SPIN 4 0 14 8 -1.703 4.485 -3.462
SPIN 4 0 14 9 -0.828 0.994 -5.773
SPIN 4 0 14 10 -2.477 -5.163 1.484
SPIN 4 0 14 11 -2.545 -2.659 4.632
SPIN 4 0 14 12 4.861 2.369 -2.400
SPIN 4 0 14 13 5.785 0.062 -1.235
SPIN 4 0 14 14 1.176 -5.724 0.923
SPIN 4 0 14 15 -5.248 -2.673 -0.560
SPIN 1 0 15 0 3.581 4.434 -1.586
SPIN 1 0 15 1 -1.443 2.271 5.269
SPIN 1 0 15 2 -2.617 5.287 -0.443
SPIN 1 0 15 3 0.206 -3.329 -4.886
SPIN 1 0 15 4 5.103 -2.145 2.089
SPIN 1 0 15 5 5.222 2.020 -1.911
SPIN 1 0 15 6 -3.767 -4.094 -2.012
SPIN 1 0 15 7 -2.830 -1.737 -4.897
SPIN 1 0 15 8 -2.520 2.152 -4.901
SPIN 1 0 15 9 2.763 1.809 -4.908
SPIN 1 0 15 10 5.533 1.582 -1.373
SPIN 1 0 15 11 2.197 4.127 -3.625
SPIN 1 0 15 12 2.653 -5.182 1.055
SPIN 1 0 15 13 -3.855 4.465 0.448
SPIN 1 0 15 14 -1.309 -0.593 5.739
SPIN 1 0 15 15 -2.651 -0.355 5.277
SPIN 4 0 15 0 -3.682 -2.451 3.929
SPIN 4 0 15 1 4.936 1.939 -2.622
SPIN 4 0 15 2 5.107 0.561 2.934
SPIN 4 0 15 3 4.395 -3.830 -1.009
SPIN 4 0 15 4 -4.755 -2.328 2.639
SPIN 4 0 15 5 1.536 5.649 0.856
SPIN 4 0 15 6 -3.937 -1.331 4.211
SPIN 4 0 15 7 -1.608 -3.614 -4.399
SPIN 4 0 15 8 -3.660 -0.498 -4.621
SPIN 4 0 15 9 1.012 -5.588 1.657
SPIN 4 0 15 10 -4.823 -3.282 -0.985
SPIN 4 0 15 11 -0.086 4.720 3.565
SPIN 4 0 15 12 -3.655 -3.730 2.780
SPIN 4 0 15 13 -5.585 1.842 -0.649
SPIN 4 0 15 14 2.268 1.157 -5.340
SPIN 4 0 15 15 1.810 5.081 -2.431
SPIN 3 0 0 0 1.399 5.607 1.269
SPIN 3 0 0 1 -3.849 -2.926 -3.409
SPIN 3 0 0 2 0.264 -5.847 0.863
SPIN 3 0 0 3 -2.228 0.613 5.446
SPIN 3 0 0 4 -0.033 4.687 3.610
SPIN 3 0 0 5 5.753 -0.606 1.241
SPIN 3 0 0 6 2.534 -4.728 -2.496
SPIN 3 0 0 7 0.480 3.816 -4.495
SPIN 3 0 0 8 -1.731 -5.118 2.410
SPIN 3 0 0 9 1.406 4.960 2.902
SPIN 3 0 0 10 5.529 0.774 -1.957
SPIN 3 0 0 11 -3.057 -2.729 4.267
SPIN 3 0 0 12 3.519 -4.706 0.685
SPIN 3 0 0 13 -2.933 4.826 -1.762
SPIN 3 0 0 14 3.855 0.717 4.430
SPIN 3 0 0 15 1.376 4.579 3.485
SPIN 2 0 0 0 -1.141 5.801 -0.207
SPIN 2 0 0 1 4.551 -0.781 3.699
SPIN 2 0 0 2 2.092 5.361 1.374
SPIN 2 0 0 3 -2.822 -3.874 -3.468
SPIN 2 0 0 4 5.617 0.104 -1.854
SPIN 2 0 0 5 -3.665 0.698 -4.592
SPIN 2 0 0 6 -2.684 4.989 1.703
SPIN 2 0 0 7 -1.008 -4.448 3.768
SPIN 2 0 0 8 2.770 -0.277 -5.220
SPIN 2 0 0 9 1.477 -5.413 1.877
SPIN 2 0 0 10 -1.698 0.914 -5.593
SPIN 2 0 0 11 5.717 -0.895 -1.232
SPIN 2 0 0 12 -3.665 3.936 2.464
SPIN 2 0 0 13 2.634 -4.765 2.315
SPIN 2 0 0 14 -0.652 5.130 -2.874
SPIN 2 0 0 15 -2.926 -4.444 -2.586
SPIN 3 0 1 0 2.532 5.087 1.646
SPIN 3 0 1 1 -3.789 0.436 4.523
SPIN 3 0 1 2 1.136 5.791 0.411
SPIN 3 0 1 3 -5.855 -0.064 0.846
SPIN 3 0 1 4 3.414 -2.442 -4.169
SPIN 3 0 1 5 3.892 0.091 -4.455
SPIN 3 0 1 6 -1.610 4.799 3.062
SPIN 3 0 1 7 1.361 -2.610 -5.132
SPIN 3 0 1 8 3.522 -0.441 4.733
SPIN 3 0 1 9 0.794 3.361 -4.803
SPIN 3 0 1 10 -4.524 -2.368 2.988
SPIN 3 0 1 11 -4.639 -0.663 -3.612
SPIN 3 0 1 12 -5.342 -2.183 -1.301
SPIN 3 0 1 13 5.541 -1.122 -1.742
SPIN 3 0 1 14 -1.816 2.622 4.983
SPIN 3 0 1 15 -0.579 -5.263 2.640
SPIN 2 0 1 0 -5.756 -1.053 -0.868
SPIN 2 0 1 1 -3.442 4.684 -1.098
SPIN 2 0 1 2 -3.817 -3.213 -3.179
SPIN 2 0 1 3 -1.198 3.464 4.644
SPIN 2 0 1 4 3.366 0.919 4.777
SPIN 2 0 1 5 0.699 0.234 5.870
SPIN 2 0 1 6 -0.462 2.792 5.195
SPIN 2 0 1 7 -2.006 -0.977 -5.479
SPIN 2 0 1 8 -1.164 -5.792 -0.321
SPIN 2 0 1 9 -1.264 4.359 3.795
SPIN 2 0 1 10 4.837 0.148 -3.404
SPIN 2 0 1 11 -4.859 -0.313 3.360
SPIN 2 0 1 12 2.479 -2.114 -4.938
SPIN 2 0 1 13 2.296 2.856 4.645
SPIN 2 0 1 14 0.226 -5.783 -1.228
SPIN 2 0 1 15 4.676 3.464 1.067
SPIN 3 0 2 0 -0.595 -5.246 2.669
SPIN 3 0 2 1 4.368 2.562 -3.058
SPIN 3 0 2 2 -4.687 -2.337 2.751
SPIN 3 0 2 3 5.829 -0.323 0.956
SPIN 3 0 2 4 -0.638 -5.764 1.169
SPIN 3 0 2 5 -4.290 3.916 -1.126
SPIN 3 0 2 6 -2.989 0.106 5.105
SPIN 3 0 2 7 5.000 -1.052 2.983
SPIN 3 0 2 8 4.910 1.996 -2.629
SPIN 3 0 2 9 -3.368 -1.460 -4.639
SPIN 3 0 2 10 4.562 1.790 3.314
SPIN 3 0 2 11 1.185 -5.410 2.080
SPIN 3 0 2 12 -3.714 4.574 0.534
SPIN 3 0 2 13 -4.808 -3.094 -1.518
SPIN 3 0 2 14 2.075 1.407 -5.359
SPIN 3 0 2 15 3.737 2.009 -4.123
SPIN 2 0 2 0 0.078 0.908 -5.845
SPIN 2 0 2 1 -0.403 4.849 -3.365
SPIN 2 0 2 2 4.636 2.544 2.654
SPIN 2 0 2 3 4.473 -1.560 3.544
SPIN 2 0 2 4 -4.256 -4.006 0.913
SPIN 2 0 2 5 -3.778 -4.537 -0.373
SPIN 2 0 2 6 5.212 1.270 2.494
SPIN 2 0 2 7 3.242 1.401 -4.746
SPIN 2 0 2 8 -0.253 -1.902 -5.596
SPIN 2 0 2 9 3.682 -0.892 4.544
SPIN 2 0 2 10 1.061 2.049 -5.448
SPIN 2 0 2 11 -4.688 -2.763 2.322
SPIN 2 0 2 12 2.046 -4.257 -3.563
SPIN 2 0 2 13 -3.960 -3.256 -2.952
SPIN 2 0 2 14 -0.378 5.413 2.358
SPIN 2 0 2 15 -2.375 -3.980 -3.677
SPIN 3 0 3 0 -1.755 -2.244 -5.185
SPIN 3 0 3 1 -5.467 -1.162 -1.939
SPIN 3 0 3 2 3.566 3.661 2.980
SPIN 3 0 3 3 -5.296 2.600 -0.445
SPIN 3 0 3 4 -2.113 -1.180 5.398
SPIN 3 0 3 5 5.559 -1.803 -0.923
SPIN 3 0 3 6 0.174 5.424 -2.356
SPIN 3 0 3 7 1.670 -4.922 2.825
SPIN 3 0 3 8 0.587 0.674 -5.848
SPIN 3 0 3 9 -2.104 1.772 5.238
SPIN 3 0 3 10 -3.261 -2.308 -4.363
SPIN 3 0 3 11 0.052 0.066 5.915
SPIN 3 0 3 12 2.535 -4.799 2.354
SPIN 3 0 3 13 5.351 0.985 -2.323
SPIN 3 0 3 14 2.540 5.148 1.431
SPIN 3 0 3 15 -2.957 4.078 3.103
SPIN 2 0 3 0 2.032 -0.333 5.546
SPIN 2 0 3 1 0.928 -5.379 -2.282
SPIN 2 0 3 2 -3.963 -2.174 -3.817
SPIN 2 0 3 3 -3.093 -5.042 -0.093
SPIN 2 0 3 4 1.223 3.271 4.775
SPIN 2 0 3 5 3.456 3.975 -2.693
SPIN 2 0 3 6 1.282 2.619 -5.148
SPIN 2 0 3 7 2.314 3.731 3.966
SPIN 2 0 3 8 4.389 -3.940 0.465
SPIN 2 0 3 9 -2.934 -4.949 -1.379
SPIN 2 0 3 10 1.150 4.721 3.375
SPIN 2 0 3 11 3.930 4.120 -1.605
SPIN 2 0 3 12 -1.986 0.766 5.520
SPIN 2 0 3 13 0.315 -0.857 -5.845
SPIN 2 0 3 14 5.844 -0.004 -0.921
SPIN 2 0 3 15 -5.712 1.539 -0.029
SPIN 3 0 4 0 5.681 -1.615 0.349
SPIN 3 0 4 1 0.033 4.659 3.646
SPIN 3 0 4 2 -4.554 -1.794 3.323
SPIN 3 0 4 3 1.942 3.413 -4.425
SPIN 3 0 4 4 4.817 -3.429 -0.199
SPIN 3 0 4 5 -3.659 3.887 -2.550
SPIN 3 0 4 6 -0.483 -5.893 0.189
SPIN 3 0 4 7 1.283 5.698 0.943
SPIN 3 0 4 8 3.691 -4.424 1.341
SPIN 3 0 4 9 2.494 1.444 -5.167
SPIN 3 0 4 10 4.054 -3.666 2.264
SPIN 3 0 4 11 1.231 -0.415 -5.772
SPIN 3 0 4 12 0.236 2.575 5.321
SPIN 3 0 4 13 -5.179 2.247 -1.770
SPIN 3 0 4 14 5.332 1.698 1.921
SPIN 3 0 4 15 -3.145 -2.422 -4.386
SPIN 2 0 4 0 3.961 2.463 3.640
SPIN 2 0 4 1 -1.567 5.423 -1.770
SPIN 2 0 4 2 2.978 -5.111 -0.098
SPIN 2 0 4 3 5.653 0.218 1.733
SPIN 2 0 4 4 -3.340 -0.097 -4.882
SPIN 2 0 4 5 -4.313 -1.299 3.836
SPIN 2 0 4 6 -2.895 -3.872 -3.410
SPIN 2 0 4 7 -3.725 -0.992 -4.488
SPIN 2 0 4 8 3.696 -4.615 0.190
SPIN 2 0 4 9 -0.811 3.087 4.982
SPIN 2 0 4 10 4.919 -1.423 -2.962
SPIN 2 0 4 11 -3.004 -4.576 2.243
SPIN 2 0 4 12 1.838 -5.502 -1.160
SPIN 2 0 4 13 -3.986 -4.302 0.776
SPIN 2 0 4 14 -0.083 -3.298 -4.911
SPIN 2 0 4 15 2.368 3.878 -3.789
SPIN 3 0 5 0 3.554 4.594 1.122
SPIN 3 0 5 1 0.345 -5.695 -1.565
SPIN 3 0 5 2 -4.819 0.922 3.306
SPIN 3 0 5 3 5.669 -1.668 0.278
SPIN 3 0 5 4 -3.917 -1.279 -4.246
SPIN 3 0 5 5 -2.812 5.164 -0.650
SPIN 3 0 5 6 2.939 4.956 1.343
SPIN 3 0 5 7 -3.172 4.753 -1.532
SPIN 3 0 5 8 3.668 -3.255 3.309
SPIN 3 0 5 9 -3.324 4.765 -1.118
SPIN 3 0 5 10 5.858 0.252 -0.789
SPIN 3 0 5 11 2.200 -2.597 4.839
SPIN 3 0 5 12 0.945 -5.725 -1.152
SPIN 3 0 5 13 0.188 -3.785 4.543
SPIN 3 0 5 14 2.207 2.961 4.622
SPIN 3 0 5 15 4.369 1.588 3.659
SPIN 2 0 5 0 -1.774 -5.355 1.784
SPIN 2 0 5 1 -4.659 -2.041 -3.021
SPIN 2 0 5 2 -1.422 -4.764 -3.206
SPIN 2 0 5 3 -4.552 -0.807 3.691
SPIN 2 0 5 4 -4.734 -3.101 1.724
SPIN 2 0 5 5 5.522 2.097 0.332
SPIN 2 0 5 6 -2.179 3.702 -4.068
SPIN 2 0 5 7 2.533 -0.381 -5.333
SPIN 2 0 5 8 2.466 -0.170 -5.375
SPIN 2 0 5 9 -1.083 -3.209 4.851
SPIN 2 0 5 10 -4.414 3.827 0.933
SPIN 2 0 5 11 0.924 -0.641 -5.808
SPIN 2 0 5 12 -2.195 4.704 2.838
SPIN 2 0 5 13 -4.381 3.365 2.118
SPIN 2 0 5 14 -2.484 4.090 3.479
SPIN 2 0 5 15 -3.487 -4.483 -1.655
SPIN 3 0 6 0 -0.632 -5.802 0.969
SPIN 3 0 6 1 4.632 1.331 -3.431
SPIN 3 0 6 2 0.050 -3.507 -4.764
SPIN 3 0 6 3 -5.740 -1.373 0.415
SPIN 3 0 6 4 5.711 -0.386 -1.494
SPIN 3 0 6 5 1.346 -0.356 5.750
SPIN 3 0 6 6 2.401 -4.256 3.335
SPIN 3 0 6 7 -2.581 -3.539 3.977
SPIN 3 0 6 8 -1.020 5.668 1.355
SPIN 3 0 6 9 -2.326 -5.393 -0.709
SPIN 3 0 6 10 3.226 3.173 3.811
SPIN 3 0 6 11 -4.868 3.351 0.281
SPIN 3 0 6 12 2.723 -5.249 -0.177
SPIN 3 0 6 13 4.749 -0.986 -3.388
SPIN 3 0 6 14 -2.623 4.507 -2.795
SPIN 3 0 6 15 -1.683 4.546 -3.391
SPIN 2 0 6 0 -0.784 5.718 1.298
SPIN 2 0 6 1 -0.372 3.179 4.975
SPIN 2 0 6 2 -5.392 2.403 0.391
SPIN 2 0 6 3 1.569 1.840 5.399
SPIN 2 0 6 4 -2.242 2.486 4.878
SPIN 2 0 6 5 -3.632 -0.701 -4.617
SPIN 2 0 6 6 -4.856 1.242 3.142
SPIN 2 0 6 7 -2.280 -2.697 -4.746
SPIN 2 0 6 8 2.240 -4.829 2.580
SPIN 2 0 6 9 -3.367 2.655 -4.076
SPIN 2 0 6 10 3.589 4.639 -0.770
SPIN 2 0 6 11 -0.975 0.500 5.814
SPIN 2 0 6 12 -5.293 -2.638 -0.169
SPIN 2 0 6 13 5.520 -1.065 1.841
SPIN 2 0 6 14 -5.008 -3.077 -0.670
SPIN 2 0 6 15 2.515 2.914 -4.493
SPIN 3 0 7 0 -0.834 -5.581 1.778
SPIN 3 0 7 1 -2.596 -1.030 5.215
SPIN 3 0 7 2 1.999 -1.927 5.224
SPIN 3 0 7 3 1.447 2.122 -5.329
SPIN 3 0 7 4 -3.094 3.647 -3.483
SPIN 3 0 7 5 -3.555 4.574 1.201
SPIN 3 0 7 6 -3.392 4.672 -1.292
SPIN 3 0 7 7 -5.087 2.427 1.797
SPIN 3 0 7 8 -0.938 -5.476 -2.032
SPIN 3 0 7 9 -5.842 0.627 0.689
SPIN 3 0 7 10 1.000 1.152 -5.716
SPIN 3 0 7 11 5.903 0.328 -0.227
SPIN 3 0 7 12 -4.854 -2.131 -2.626
SPIN 3 0 7 13 1.303 -5.019 -2.848
SPIN 3 0 7 14 -1.982 -3.940 3.943
SPIN 3 0 7 15 1.808 0.374 -5.621
SPIN 2 0 7 0 0.614 -5.610 1.776
SPIN 2 0 7 1 1.618 -3.949 -4.097
SPIN 2 0 7 2 -3.260 2.081 4.477
SPIN 2 0 7 3 -2.359 5.120 -1.796
SPIN 2 0 7 4 2.036 -5.549 0.256
SPIN 2 0 7 5 0.622 4.106 4.214
SPIN 2 0 7 6 4.611 3.677 -0.467
SPIN 2 0 7 7 -1.728 -5.640 -0.446
SPIN 2 0 7 8 -5.131 0.132 -2.942
SPIN 2 0 7 9 5.832 -0.953 -0.276
SPIN 2 0 7 10 -5.062 -2.480 1.797
SPIN 2 0 7 11 -5.067 -2.754 -1.319
SPIN 2 0 7 12 2.838 5.160 0.560
SPIN 2 0 7 13 0.704 -4.547 -3.719
SPIN 2 0 7 14 3.446 -0.123 -4.807
SPIN 2 0 7 15 4.675 -3.348 1.393
SPIN 3 0 8 0 5.754 -0.971 0.976
SPIN 3 0 8 1 4.681 -2.246 -2.835
SPIN 3 0 8 2 -5.583 1.758 0.862
SPIN 3 0 8 3 -1.918 -1.213 -5.464
SPIN 3 0 8 4 0.761 5.506 -2.027
SPIN 3 0 8 5 0.313 -2.196 -5.484
SPIN 3 0 8 6 0.423 -3.080 5.033
SPIN 3 0 8 7 5.032 2.883 -1.168
SPIN 3 0 8 8 1.584 -0.038 -5.700
SPIN 3 0 8 9 -0.449 -5.016 3.105
SPIN 3 0 8 10 -5.413 2.101 -1.134
SPIN 3 0 8 11 4.949 2.988 1.257
SPIN 3 0 8 12 0.661 -2.499 -5.321
SPIN 3 0 8 13 -4.231 -3.179 -2.644
SPIN 3 0 8 14 5.148 2.912 0.128
SPIN 3 0 8 15 -0.200 -4.639 -3.666
SPIN 2 0 8 0 5.552 2.018 -0.327
SPIN 2 0 8 1 5.360 1.997 -1.511
SPIN 2 0 8 2 -1.165 2.521 -5.224
SPIN 2 0 8 3 5.641 1.205 -1.317
SPIN 2 0 8 4 -1.601 2.760 -4.982
SPIN 2 0 8 5 2.384 0.862 5.345
SPIN 2 0 8 6 2.520 2.395 -4.787
SPIN 2 0 8 7 -2.535 -5.087 -1.643
SPIN 2 0 8 8 2.477 2.921 4.509
SPIN 2 0 8 9 -3.817 0.586 -4.482
SPIN 2 0 8 10 -0.103 1.552 -5.708
SPIN 2 0 8 11 3.744 4.393 1.300
SPIN 2 0 8 12 -1.677 -5.182 -2.310
SPIN 2 0 8 13 -1.150 5.777 -0.553
SPIN 2 0 8 14 0.254 -2.542 5.336
SPIN 2 0 8 15 3.459 4.669 -1.113
SPIN 3 0 9 0 -5.239 -1.957 -1.931
SPIN 3 0 9 1 -3.074 -0.606 5.018
SPIN 3 0 9 2 -3.038 2.355 -4.497
SPIN 3 0 9 3 -3.479 2.401 4.139
SPIN 3 0 9 4 2.420 -3.799 -3.835
SPIN 3 0 9 5 -5.083 2.974 -0.564
SPIN 3 0 9 6 0.857 3.688 4.545
SPIN 3 0 9 7 3.492 -0.101 -4.774
SPIN 3 0 9 8 0.304 -2.045 5.543
SPIN 3 0 9 9 1.021 -1.090 5.724
SPIN 3 0 9 10 3.902 -3.900 -2.137
SPIN 3 0 9 11 2.154 -5.361 1.274
SPIN 3 0 9 12 -5.708 -1.218 -0.966
SPIN 3 0 9 13 2.699 4.298 -3.041
SPIN 3 0 9 14 3.112 -4.972 0.771
SPIN 3 0 9 15 3.465 3.847 2.862
SPIN 2 0 9 0 1.328 5.651 -1.142
SPIN 2 0 9 1 -5.424 -2.097 1.090
SPIN 2 0 9 2 -0.742 4.139 4.162
SPIN 2 0 9 3 4.866 -1.737 2.882
SPIN 2 0 9 4 -3.520 -4.682 0.832
SPIN 2 0 9 5 0.464 0.695 5.857
SPIN 2 0 9 6 3.960 3.811 -2.190
SPIN 2 0 9 7 5.218 -1.544 2.320
SPIN 2 0 9 8 2.199 4.272 -3.451
SPIN 2 0 9 9 1.273 -4.185 3.983
SPIN 2 0 9 10 5.572 -1.894 -0.606
SPIN 2 0 9 11 -2.993 -1.502 -4.877
SPIN 2 0 9 12 -3.271 3.455 3.515
SPIN 2 0 9 13 -3.573 -4.633 0.876
SPIN 2 0 9 14 2.909 3.090 4.122
SPIN 2 0 9 15 -3.144 2.055 -4.571
SPIN 3 0 10 0 -4.616 3.561 1.007
SPIN 3 0 10 1 0.576 -1.193 -5.766
SPIN 3 0 10 2 -0.773 -4.751 3.440
SPIN 3 0 10 3 5.744 0.725 -1.218
SPIN 3 0 10 4 4.539 -2.716 2.650
SPIN 3 0 10 5 1.182 -4.105 -4.092
SPIN 3 0 10 6 -5.580 -0.613 -1.867
SPIN 3 0 10 7 -1.658 3.589 4.401
SPIN 3 0 10 8 -3.747 4.265 1.664
SPIN 3 0 10 9 3.050 3.629 -3.540
SPIN 3 0 10 10 1.004 2.513 -5.261
SPIN 3 0 10 11 -0.244 -4.328 4.026
SPIN 3 0 10 12 3.963 2.410 -3.672
SPIN 3 0 10 13 5.752 -0.088 -1.381
SPIN 3 0 10 14 0.388 -3.017 5.074
SPIN 3 0 10 15 -4.389 -3.112 2.460
SPIN 2 0 10 0 5.892 0.304 -0.441
SPIN 2 0 10 1 1.434 5.740 0.029
SPIN 2 0 10 2 -2.738 -5.214 -0.560
SPIN 2 0 10 3 5.055 -1.843 2.460
SPIN 2 0 10 4 2.855 3.135 4.126
SPIN 2 0 10 5 0.343 1.188 -5.785
SPIN 2 0 10 6 -3.193 3.637 3.403
SPIN 2 0 10 7 4.432 -0.414 -3.896
SPIN 2 0 10 8 4.523 0.810 3.726
SPIN 2 0 10 9 -3.744 -1.854 4.189
SPIN 2 0 10 10 0.825 2.136 -5.455
SPIN 2 0 10 11 -0.931 -1.419 5.667
SPIN 2 0 10 12 5.875 -0.527 0.455
SPIN 2 0 10 13 -1.551 4.786 -3.112
SPIN 2 0 10 14 -0.753 -3.261 -4.879
SPIN 2 0 10 15 -0.058 -5.818 1.070
SPIN 3 0 11 0 -4.864 2.107 2.628
SPIN 3 0 11 1 2.501 2.323 4.832
SPIN 3 0 11 2 -0.520 5.730 1.378
SPIN 3 0 11 3 -4.911 -3.262 -0.494
SPIN 3 0 11 4 4.924 0.153 3.275
SPIN 3 0 11 5 -0.215 -5.912 -0.017
SPIN 3 0 11 6 -2.012 -0.028 -5.563
SPIN 3 0 11 7 -1.305 -5.415 1.993
SPIN 3 0 11 8 -3.164 4.747 -1.566
SPIN 3 0 11 9 -2.629 -0.005 -5.300
SPIN 3 0 11 10 4.667 2.556 -2.586
SPIN 3 0 11 11 -1.589 1.542 -5.486
SPIN 3 0 11 12 -0.271 -2.694 5.260
SPIN 3 0 11 13 -4.346 -0.900 3.911
SPIN 3 0 11 14 -1.011 4.588 -3.595
SPIN 3 0 11 15 5.102 -0.878 2.863
SPIN 2 0 11 0 4.849 -0.155 3.385
SPIN 2 0 11 1 -3.910 1.379 4.220
SPIN 2 0 11 2 1.476 4.225 -3.869
SPIN 2 0 11 3 -3.501 -0.647 -4.725
SPIN 2 0 11 4 -2.243 -0.383 -5.461
SPIN 2 0 11 5 -5.483 2.131 0.624
SPIN 2 0 11 6 0.927 -3.333 -4.799
SPIN 2 0 11 7 3.247 -2.734 -4.121
SPIN 2 0 11 8 3.474 4.785 0.187
SPIN 2 0 11 9 3.331 0.552 4.858
SPIN 2 0 11 10 -1.427 -4.039 4.080
SPIN 2 0 11 11 -2.341 -5.375 0.795
SPIN 2 0 11 12 1.283 -0.136 5.774
SPIN 2 0 11 13 2.954 -0.469 -5.105
SPIN 2 0 11 14 -1.289 2.237 5.323
SPIN 2 0 11 15 -5.637 -1.592 -0.831
SPIN 3 0 12 0 -1.255 5.397 -2.073
SPIN 3 0 12 1 -1.616 -3.529 -4.465
SPIN 3 0 12 2 -3.421 -0.553 4.795
SPIN 3 0 12 3 -0.006 5.900 0.442
SPIN 3 0 12 4 -2.347 -1.436 -5.237
SPIN 3 0 12 5 2.653 4.680 -2.461
SPIN 3 0 12 6 5.641 -0.498 -1.712
SPIN 3 0 12 7 -0.880 4.939 3.136
SPIN 3 0 12 8 2.327 5.058 -2.000
SPIN 3 0 12 9 -1.684 -0.923 5.596
SPIN 3 0 12 10 5.196 -2.232 -1.738
SPIN 3 0 12 11 -2.241 4.387 -3.276
SPIN 3 0 12 12 3.095 -3.650 3.478
SPIN 3 0 12 13 -5.740 -1.424 -0.157
SPIN 3 0 12 14 -1.102 -5.322 2.336
SPIN 3 0 12 15 -2.603 4.862 2.142
SPIN 2 0 12 0 -1.036 -3.497 -4.658
SPIN 2 0 12 1 4.725 2.845 2.141
SPIN 2 0 12 2 -4.056 -4.287 0.408
SPIN 2 0 12 3 5.381 2.187 1.125
SPIN 2 0 12 4 5.658 0.603 -1.619
SPIN 2 0 12 5 5.412 -2.278 0.723
SPIN 2 0 12 6 -1.391 -4.440 3.654
SPIN 2 0 12 7 -4.826 0.497 3.386
SPIN 2 0 12 8 -2.312 4.426 3.172
SPIN 2 0 12 9 -4.196 -1.844 -3.740
SPIN 2 0 12 10 -3.328 -1.061 -4.775
SPIN 2 0 12 11 2.585 1.255 -5.172
SPIN 2 0 12 12 -4.525 -3.258 -1.977
SPIN 2 0 12 13 0.021 3.940 -4.413
SPIN 2 0 12 14 2.886 3.648 -3.656
SPIN 2 0 12 15 -2.143 -5.318 1.459
SPIN 3 0 13 0 -4.817 -3.236 1.149
SPIN 3 0 13 1 0.753 5.734 -1.247
SPIN 3 0 13 2 -3.635 -4.668 -0.059
SPIN 3 0 13 3 4.273 3.695 1.756
SPIN 3 0 13 4 0.758 2.112 5.474
SPIN 3 0 13 5 -1.825 -4.539 -3.327
SPIN 3 0 13 6 0.366 2.926 5.128
SPIN 3 0 13 7 3.135 -3.842 -3.227
SPIN 3 0 13 8 -1.465 -0.581 5.702
SPIN 3 0 13 9 -1.363 -2.424 -5.221
SPIN 3 0 13 10 -1.198 -1.030 5.701
SPIN 3 0 13 11 0.046 -5.686 -1.635
SPIN 3 0 13 12 3.218 -3.925 3.040
SPIN 3 0 13 13 5.819 -1.021 0.307
SPIN 3 0 13 14 1.224 5.033 -2.859
SPIN 3 0 13 15 4.793 -3.468 0.010
SPIN 2 0 13 0 -1.044 -3.038 4.968
SPIN 2 0 13 1 2.205 4.750 -2.753
SPIN 2 0 13 2 1.463 -2.673 5.071
SPIN 2 0 13 3 0.086 3.875 -4.469
SPIN 2 0 13 4 2.398 -3.838 -3.810
SPIN 2 0 13 5 -5.653 1.537 -0.827
SPIN 2 0 13 6 -2.069 -4.491 -3.248
SPIN 2 0 13 7 3.864 -2.492 3.723
SPIN 2 0 13 8 2.925 5.135 -0.279
SPIN 2 0 13 9 -0.135 -0.654 5.878
SPIN 2 0 13 10 4.072 -2.422 -3.543
SPIN 2 0 13 11 -5.016 3.119 0.334
SPIN 2 0 13 12 -5.120 -2.130 2.062
SPIN 2 0 13 13 -5.577 -1.914 0.486
SPIN 2 0 13 14 -3.836 -3.102 3.265
SPIN 2 0 13 15 -4.083 1.726 -3.918
SPIN 3 0 14 0 -1.229 4.726 3.339
SPIN 3 0 14 1 4.897 -2.523 2.156
SPIN 3 0 14 2 1.397 4.799 3.165
SPIN 3 0 14 3 -1.558 0.038 -5.707
SPIN 3 0 14 4 5.287 0.998 2.460
SPIN 3 0 14 5 -2.324 5.423 0.437
SPIN 3 0 14 6 -4.337 2.259 3.330
SPIN 3 0 14 7 -2.290 -1.053 -5.352
SPIN 3 0 14 8 3.730 -4.491 0.956
SPIN 3 0 14 9 -5.365 1.402 2.062
SPIN 3 0 14 10 -0.255 -5.307 -2.602
SPIN 3 0 14 11 1.013 2.603 5.215
SPIN 3 0 14 12 4.570 2.840 -2.460
SPIN 3 0 14 13 2.233 -2.037 -5.086
SPIN 3 0 14 14 -4.097 -3.867 1.807
SPIN 3 0 14 15 1.651 -4.090 3.943
SPIN 2 0 14 0 -3.913 4.206 -1.412
SPIN 2 0 14 1 -4.025 -4.006 1.659
SPIN 2 0 14 2 2.233 5.356 -1.153
SPIN 2 0 14 3 -1.490 -3.577 4.471
SPIN 2 0 14 4 2.946 0.385 5.116
SPIN 2 0 14 5 -0.371 5.896 -0.306
SPIN 2 0 14 6 -0.679 -0.748 5.829
SPIN 2 0 14 7 5.352 0.502 -2.471
SPIN 2 0 14 8 3.439 -1.609 4.537
SPIN 2 0 14 9 -3.746 -3.820 -2.526
SPIN 2 0 14 10 -3.900 -0.032 4.449
SPIN 2 0 14 11 0.835 2.077 -5.476
SPIN 2 0 14 12 -4.750 -0.906 -3.409
SPIN 2 0 14 13 5.024 2.961 0.994
SPIN 2 0 14 14 1.995 5.471 1.045
SPIN 2 0 14 15 4.404 -0.995 3.822
SPIN 3 0 15 0 3.271 -3.732 -3.220
SPIN 3 0 15 1 4.511 3.768 -0.673
SPIN 3 0 15 2 -2.566 0.948 -5.246
SPIN 3 0 15 3 5.673 1.110 -1.258
SPIN 3 0 15 4 -2.666 4.292 -3.078
SPIN 3 0 15 5 -1.999 5.568 -0.076
SPIN 3 0 15 6 1.372 -2.131 -5.346
SPIN 3 0 15 7 1.177 -2.417 5.270
SPIN 3 0 15 8 -2.181 5.364 1.214
SPIN 3 0 15 9 -0.487 -2.937 5.113
SPIN 3 0 15 10 1.815 4.899 -2.777
SPIN 3 0 15 11 -4.628 3.461 1.265
SPIN 3 0 15 12 -4.192 -3.135 2.757
SPIN 3 0 15 13 2.411 -4.985 2.083
SPIN 3 0 15 14 -3.629 1.394 -4.460
SPIN 3 0 15 15 3.193 -4.792 -1.356
SPIN 2 0 15 0 4.709 -2.751 -2.293
SPIN 2 0 15 1 -3.118 3.880 -3.197
SPIN 2 0 15 2 3.032 -4.678 1.982
SPIN 2 0 15 3 -3.109 2.038 4.602
SPIN 2 0 15 4 1.184 -5.796 -0.088
SPIN 2 0 15 5 -5.235 2.345 -1.446
SPIN 2 0 15 6 -4.083 -3.907 -1.750
SPIN 2 0 15 7 3.679 1.679 -4.318
SPIN 2 0 15 8 -2.843 -4.798 1.975
SPIN 2 0 15 9 2.016 4.158 3.694
SPIN 2 0 15 10 -4.947 -0.779 -3.150
SPIN 2 0 15 11 -1.145 -0.816 5.747
SPIN 2 0 15 12 -0.920 -1.566 -5.630
SPIN 2 0 15 13 0.821 1.760 -5.588
SPIN 2 0 15 14 3.589 -4.236 -2.044
SPIN 2 0 15 15 -2.722 5.213 -0.646
SPIN 1 1 0 0 -1.907 -5.577 -0.512
SPIN 1 1 0 1 5.763 1.017 -0.866
SPIN 1 1 0 2 0.623 5.873 0.337
SPIN 1 1 0 3 4.659 -3.627 -0.373
SPIN 1 1 0 4 -5.789 -0.675 1.017
SPIN 1 1 0 5 4.124 -4.156 -0.847
SPIN 1 1 0 6 -1.039 5.789 0.634
SPIN 1 1 0 7 -4.390 -2.231 3.278
SPIN 1 1 0 8 4.779 -0.238 -3.479
SPIN 1 1 0 9 1.410 4.337 -3.769
SPIN 1 1 0 10 2.350 5.362 -0.851
SPIN 1 1 0 11 -3.254 -2.750 4.105
SPIN 1 1 0 12 1.430 -5.550 -1.466
SPIN 1 1 0 13 2.706 3.578 -3.857
SPIN 1 1 0 14 5.909 -0.284 0.026
SPIN 1 1 0 15 -2.895 4.977 -1.361
SPIN 4 1 0 0 -5.133 -1.608 2.464
SPIN 4 1 0 1 -0.354 3.749 -4.563
SPIN 4 1 0 2 -1.819 -5.609 -0.485
SPIN 4 1 0 3 0.146 5.144 -2.919
SPIN 4 1 0 4 -5.814 1.054 0.294
SPIN 4 1 0 5 2.203 1.211 5.355
SPIN 4 1 0 6 4.455 -3.888 0.191
SPIN 4 1 0 7 -3.770 4.436 1.051
SPIN 4 1 0 8 -1.827 -4.807 2.925
SPIN 4 1 0 9 4.422 -3.520 1.749
SPIN 4 1 0 10 -3.137 0.755 -4.959
SPIN 4 1 0 11 0.467 5.885 -0.392
SPIN 4 1 0 12 -4.085 -3.875 -1.816
SPIN 4 1 0 13 0.524 3.658 4.620
SPIN 4 1 0 14 4.603 3.693 0.423
SPIN 4 1 0 15 4.698 3.149 -1.735
SPIN 1 1 1 0 -3.727 2.499 3.855
SPIN 1 1 1 1 -3.298 -4.682 1.485
SPIN 1 1 1 2 -0.382 5.884 -0.477
SPIN 1 1 1 3 0.373 0.657 5.868
SPIN 1 1 1 4 -0.982 5.722 -1.136
SPIN 1 1 1 5 -4.831 -0.989 -3.269
SPIN 1 1 1 6 1.371 -2.474 -5.196
SPIN 1 1 1 7 2.576 0.409 -5.310
SPIN 1 1 1 8 -5.036 -3.101 0.150
SPIN 1 1 1 9 5.123 -2.515 1.560
SPIN 1 1 1 10 -3.585 -4.517 1.318
SPIN 1 1 1 11 -0.664 5.229 -2.687
SPIN 1 1 1 12 -0.738 -2.271 5.413
SPIN 1 1 1 13 -3.065 0.770 5.001
SPIN 1 1 1 14 -2.933 1.480 4.920
SPIN 1 1 1 15 3.954 -4.280 -1.023
SPIN 4 1 1 0 3.663 -3.504 -3.051
SPIN 4 1 1 1 -5.553 -1.267 1.600
SPIN 4 1 1 2 2.969 -4.271 -2.818
SPIN 4 1 1 3 -4.566 -3.504 1.371
SPIN 4 1 1 4 -5.218 2.771 0.297
SPIN 4 1 1 5 -0.872 -5.780 0.913
SPIN 4 1 1 6 -4.788 3.243 -1.248
SPIN 4 1 1 7 -0.655 2.214 -5.447
SPIN 4 1 1 8 1.703 3.083 -4.753
SPIN 4 1 1 9 -5.797 0.680 -0.967
SPIN 4 1 1 10 4.713 0.455 -3.547
SPIN 4 1 1 11 -1.418 4.899 -2.998
SPIN 4 1 1 12 1.895 -2.749 -4.884
SPIN 4 1 1 13 5.809 1.120 -0.045
SPIN 4 1 1 14 -2.029 -0.277 5.550
SPIN 4 1 1 15 -0.778 -5.146 2.813
SPIN 1 1 2 0 0.042 -5.219 -2.785
SPIN 1 1 2 1 0.142 4.394 3.959
SPIN 1 1 2 2 4.282 0.650 4.031
SPIN 1 1 2 3 -2.094 1.547 -5.313
SPIN 1 1 2 4 0.442 3.089 5.026
SPIN 1 1 2 5 3.317 3.885 2.984
SPIN 1 1 2 6 -4.637 -3.183 1.835
SPIN 1 1 2 7 3.933 4.334 -0.867
SPIN 1 1 2 8 -1.973 -4.965 -2.541
SPIN 1 1 2 9 -0.586 0.843 -5.826
SPIN 1 1 2 10 -5.390 0.184 2.432
SPIN 1 1 2 11 0.863 3.341 -4.805
SPIN 1 1 2 12 -1.168 -5.241 2.483
SPIN 1 1 2 13 -1.450 3.066 -4.848
SPIN 1 1 2 14 -3.333 4.256 2.403
SPIN 1 1 2 15 3.773 4.545 -0.327
SPIN 4 1 2 0 0.467 4.132 4.208
SPIN 4 1 2 1 2.981 -4.639 2.144
SPIN 4 1 2 2 -5.307 2.478 -0.834
SPIN 4 1 2 3 4.979 3.169 0.410
SPIN 4 1 2 4 3.047 -4.958 -1.065
SPIN 4 1 2 5 -1.163 -3.214 4.829
SPIN 4 1 2 6 -5.444 -0.789 2.177
SPIN 4 1 2 7 3.213 4.699 1.612
SPIN 4 1 2 8 -1.025 5.800 -0.556
SPIN 4 1 2 9 5.378 2.239 -1.031
SPIN 4 1 2 10 -3.460 4.464 -1.761
SPIN 4 1 2 11 0.505 1.244 5.762
SPIN 4 1 2 12 5.372 1.974 -1.498
SPIN 4 1 2 13 -4.902 -0.074 3.312
SPIN 4 1 2 14 2.051 -4.823 2.743
SPIN 4 1 2 15 -4.025 4.190 1.115
SPIN 1 1 3 0 3.070 -4.913 1.199
SPIN 1 1 3 1 2.541 4.760 2.427
SPIN 1 1 3 2 -2.578 -0.992 -5.232
SPIN 1 1 3 3 4.195 0.406 4.152
SPIN 1 1 3 4 5.162 -1.216 -2.622
SPIN 1 1 3 5 1.259 1.809 5.490
SPIN 1 1 3 6 -2.338 -4.978 -2.179
SPIN 1 1 3 7 0.491 -5.493 -2.141
SPIN 1 1 3 8 -0.153 -3.840 -4.498
SPIN 1 1 3 9 3.430 3.718 3.067
SPIN 1 1 3 10 2.511 -4.745 2.486
SPIN 1 1 3 11 -0.181 2.127 -5.518
SPIN 1 1 3 12 -4.129 -2.403 -3.489
SPIN 1 1 3 13 4.227 2.747 3.096
SPIN 1 1 3 14 1.458 -5.535 1.496
SPIN 1 1 3 15 1.421 -4.282 3.826
SPIN 4 1 3 0 2.830 5.127 -0.841
SPIN 4 1 3 1 -2.851 -4.660 2.272
SPIN 4 1 3 2 3.591 3.545 -3.088
SPIN 4 1 3 3 -0.569 -5.106 2.934
SPIN 4 1 3 4 -0.009 5.907 -0.322
SPIN 4 1 3 5 -1.152 -3.897 -4.300
SPIN 4 1 3 6 0.657 3.886 4.412
SPIN 4 1 3 7 -1.113 -5.788 0.509
SPIN 4 1 3 8 -3.009 2.623 4.367
SPIN 4 1 3 9 4.531 -0.984 3.675
SPIN 4 1 3 10 -3.541 -3.479 -3.218
SPIN 4 1 3 11 5.464 -1.229 -1.907
SPIN 4 1 3 12 -4.110 4.224 -0.513
SPIN 4 1 3 13 0.473 -5.282 2.622
SPIN 4 1 3 14 -5.864 0.751 -0.219
SPIN 4 1 3 15 1.136 5.608 -1.501
SPIN 1 1 4 0 -5.635 -1.394 -1.142
SPIN 1 1 4 1 4.208 3.383 -2.419
SPIN 1 1 4 2 -1.215 3.756 4.407
SPIN 1 1 4 3 4.409 -1.624 -3.594
SPIN 1 1 4 4 2.979 4.024 -3.152
SPIN 1 1 4 5 -5.590 -1.202 -1.520
SPIN 1 1 4 6 -0.961 -5.669 -1.393
SPIN 1 1 4 7 0.247 5.707 -1.537
SPIN 1 1 4 8 -2.492 1.519 5.146
SPIN 1 1 4 9 1.187 -5.245 2.465
SPIN 1 1 4 10 -2.725 4.461 2.770
SPIN 1 1 4 11 -0.053 0.302 5.908
SPIN 1 1 4 12 2.659 -3.922 3.542
SPIN 1 1 4 13 -0.623 -4.699 -3.540
SPIN 1 1 4 14 -5.516 -1.544 -1.480
SPIN 1 1 4 15 5.405 -0.624 2.324
SPIN 4 1 4 0 -4.121 -4.212 0.526
SPIN 4 1 4 1 4.936 -3.260 0.070
SPIN 4 1 4 2 -3.528 -1.222 -4.589
SPIN 4 1 4 3 -2.243 2.627 4.803
SPIN 4 1 4 4 1.989 -5.083 -2.281
SPIN 4 1 4 5 -1.056 -2.726 -5.143
SPIN 4 1 4 6 4.848 -0.402 3.367
SPIN 4 1 4 7 3.954 1.189 -4.237
SPIN 4 1 4 8 1.681 3.417 -4.528
SPIN 4 1 4 9 1.476 1.180 5.606
SPIN 4 1 4 10 1.154 5.794 -0.312
SPIN 4 1 4 11 0.416 5.538 2.040
SPIN 4 1 4 12 1.882 5.599 0.326
SPIN 4 1 4 13 4.627 1.218 -3.480
SPIN 4 1 4 14 -5.027 -3.118 -0.107
SPIN 4 1 4 15 -2.350 -3.206 4.381
SPIN 1 1 5 0 -2.780 -5.200 -0.475
SPIN 1 1 5 1 0.160 -3.617 4.679
SPIN 1 1 5 2 5.391 2.267 -0.895
SPIN 1 1 5 3 -5.416 -1.052 2.135
SPIN 1 1 5 4 0.289 0.666 5.871
SPIN 1 1 5 5 0.046 1.985 5.573
SPIN 1 1 5 6 -4.315 4.014 0.521
SPIN 1 1 5 7 -1.372 -5.734 -0.494
SPIN 1 1 5 8 1.103 -1.384 -5.645
SPIN 1 1 5 9 -5.902 -0.202 -0.356
SPIN 1 1 5 10 5.790 0.902 -0.816
SPIN 1 1 5 11 -4.856 3.307 -0.692
SPIN 1 1 5 12 -0.692 1.352 -5.718
SPIN 1 1 5 13 -3.063 -0.642 5.020
SPIN 1 1 5 14 5.692 1.235 1.036
SPIN 1 1 5 15 -5.345 -1.793 1.794
SPIN 4 1 5 0 -4.957 0.923 3.095
SPIN 4 1 5 1 0.146 3.497 -4.770
SPIN 4 1 5 2 -3.899 4.118 1.686
SPIN 4 1 5 3 3.558 -0.954 4.630
SPIN 4 1 5 4 -5.349 -2.309 -1.028
SPIN 4 1 5 5 -4.566 2.497 2.814
SPIN 4 1 5 6 5.059 2.784 1.287
SPIN 4 1 5 7 -5.056 -1.960 -2.366
SPIN 4 1 5 8 2.686 -1.010 5.173
SPIN 4 1 5 9 4.308 -0.976 -3.935
SPIN 4 1 5 10 3.937 -4.267 -1.136
SPIN 4 1 5 11 -5.655 1.387 -1.046
SPIN 4 1 5 12 1.617 -2.939 -4.873
SPIN 4 1 5 13 4.553 -2.988 2.311
SPIN 4 1 5 14 -2.359 4.918 -2.292
SPIN 4 1 5 15 3.312 -4.809 -0.950
SPIN 1 1 6 0 4.744 0.632 3.478
SPIN 1 1 6 1 -0.149 -3.591 -4.700
SPIN 1 1 6 2 -1.518 -1.374 5.550
SPIN 1 1 6 3 5.455 -0.447 -2.245
SPIN 1 1 6 4 5.579 1.694 -1.004
SPIN 1 1 6 5 1.631 -5.684 0.187
SPIN 1 1 6 6 -3.123 4.474 2.287
SPIN 1 1 6 7 3.682 1.311 -4.441
SPIN 1 1 6 8 5.915 -0.104 -0.048
SPIN 1 1 6 9 -2.235 5.412 -0.844
SPIN 1 1 6 10 -1.444 -5.277 2.252
SPIN 1 1 6 11 4.146 -4.175 -0.620
SPIN 1 1 6 12 -5.154 2.628 -1.236
SPIN 1 1 6 13 -3.150 4.415 -2.364
SPIN 1 1 6 14 4.121 -3.360 -2.594
SPIN 1 1 6 15 3.304 4.075 -2.734
SPIN 4 1 6 0 3.865 2.283 -3.854
SPIN 4 1 6 1 2.047 -5.526 -0.525
SPIN 4 1 6 2 4.717 -0.490 -3.537
SPIN 4 1 6 3 4.868 -0.546 3.317
SPIN 4 1 6 4 -1.987 -5.510 -0.827
SPIN 4 1 6 5 -3.907 -0.544 -4.409
SPIN 4 1 6 6 -3.520 4.750 -0.207
SPIN 4 1 6 7 4.415 -3.845 0.852
SPIN 4 1 6 8 -5.234 -2.463 -1.241
SPIN 4 1 6 9 -3.064 -0.220 -5.056
SPIN 4 1 6 10 1.596 0.860 5.631
SPIN 4 1 6 11 -4.447 3.251 -2.157
SPIN 4 1 6 12 4.194 -4.116 -0.685
SPIN 4 1 6 13 -4.963 3.015 -1.130
SPIN 4 1 6 14 -1.201 -5.386 2.133
SPIN 4 1 6 15 -4.008 -4.234 1.009
SPIN 1 1 7 0 2.794 -3.350 -3.996
SPIN 1 1 7 1 -3.738 3.324 3.159
SPIN 1 1 7 2 -0.315 -1.863 5.606
SPIN 1 1 7 3 -4.184 -2.090 -3.623
SPIN 1 1 7 4 -0.548 5.872 -0.472
SPIN 1 1 7 5 -2.266 5.070 -2.040
SPIN 1 1 7 6 1.449 -4.388 3.694
SPIN 1 1 7 7 -3.980 -4.030 1.709
SPIN 1 1 7 8 0.280 3.306 4.898
SPIN 1 1 7 9 2.717 -2.607 4.563
SPIN 1 1 7 10 3.768 -4.304 1.510
SPIN 1 1 7 11 -0.339 3.176 -4.980
SPIN 1 1 7 12 -3.733 2.768 -3.661
SPIN 1 1 7 13 -1.101 -4.029 -4.189
SPIN 1 1 7 14 2.354 -4.968 2.184
SPIN 1 1 7 15 -5.705 -0.299 1.538
SPIN 4 1 7 0 -5.591 0.241 -1.918
SPIN 4 1 7 1 4.174 -3.312 -2.571
SPIN 4 1 7 2 -2.861 1.854 4.835
SPIN 4 1 7 3 -1.702 -5.501 1.359
SPIN 4 1 7 4 -1.594 -1.815 -5.400
SPIN 4 1 7 5 5.251 2.652 0.631
SPIN 4 1 7 6 1.582 4.785 -3.098
SPIN 4 1 7 7 2.741 2.682 4.505
SPIN 4 1 7 8 -0.885 5.279 -2.520
SPIN 4 1 7 9 4.627 -1.336 -3.436
SPIN 4 1 7 10 -1.019 -5.668 -1.354
SPIN 4 1 7 11 2.545 -5.279 -0.812
SPIN 4 1 7 12 5.274 -2.180 -1.560
SPIN 4 1 7 13 -3.656 4.631 0.436
SPIN 4 1 7 14 3.595 -3.520 3.112
SPIN 4 1 7 15 5.525 1.576 -1.413
SPIN 1 1 8 0 -2.441 1.454 5.189
SPIN 1 1 8 1 2.347 1.402 -5.247
SPIN 1 1 8 2 -4.753 -2.633 2.340
SPIN 1 1 8 3 1.348 2.812 5.027
SPIN 1 1 8 4 -2.026 -2.569 4.929
SPIN 1 1 8 5 -1.160 -1.109 5.694
SPIN 1 1 8 6 -0.253 -5.905 -0.254
SPIN 1 1 8 7 -0.985 -2.006 5.478
SPIN 1 1 8 8 2.288 -4.654 2.847
SPIN 1 1 8 9 3.485 4.418 1.827
SPIN 1 1 8 10 -4.518 3.038 -2.315
SPIN 1 1 8 11 2.182 0.736 5.450
SPIN 1 1 8 12 -3.185 -4.741 1.540
SPIN 1 1 8 13 5.825 -0.715 0.743
SPIN 1 1 8 14 -2.524 2.114 4.915
SPIN 1 1 8 15 0.605 3.700 -4.576
SPIN 4 1 8 0 -4.462 3.804 0.788
SPIN 4 1 8 1 0.940 -4.706 3.460
SPIN 4 1 8 2 -3.615 4.079 -2.300
SPIN 4 1 8 3 1.972 5.032 2.406
SPIN 4 1 8 4 4.272 -4.087 0.202
SPIN 4 1 8 5 1.422 0.603 -5.711
SPIN 4 1 8 6 4.013 3.953 -1.807
SPIN 4 1 8 7 -0.147 -5.774 -1.282
SPIN 4 1 8 8 5.414 1.837 -1.520
SPIN 4 1 8 9 1.036 5.796 0.581
SPIN 4 1 8 10 3.077 -2.456 -4.416
SPIN 4 1 8 11 0.647 2.350 -5.391
SPIN 4 1 8 12 2.966 3.568 3.671
SPIN 4 1 8 13 3.861 -3.946 2.126
SPIN 4 1 8 14 -2.368 -2.439 -4.842
SPIN 4 1 8 15 -3.710 -2.815 -3.649
SPIN 1 1 9 0 -3.066 -2.637 -4.318
SPIN 1 1 9 1 -5.438 1.678 1.616
SPIN 1 1 9 2 3.527 -3.308 3.408
SPIN 1 1 9 3 4.945 2.941 -1.378
SPIN 1 1 9 4 -5.102 -2.990 -0.165
SPIN 1 1 9 5 -2.022 5.427 -1.209
SPIN 1 1 9 6 4.112 -1.695 3.901
SPIN 1 1 9 7 -3.403 3.499 3.342
SPIN 1 1 9 8 -4.406 -1.586 -3.615
SPIN 1 1 9 9 5.556 -0.611 1.939
SPIN 1 1 9 10 -2.547 5.249 -0.982
SPIN 1 1 9 11 -5.316 -0.507 -2.547
SPIN 1 1 9 12 -1.055 -1.340 5.665
SPIN 1 1 9 13 -0.881 3.838 -4.415
SPIN 1 1 9 14 -5.527 0.624 -2.017
SPIN 1 1 9 15 -3.849 -4.402 0.900
SPIN 4 1 9 0 4.736 1.175 -3.345
SPIN 4 1 9 1 2.994 -3.788 -3.419
SPIN 4 1 9 2 -2.333 -5.374 0.823
SPIN 4 1 9 3 -3.523 4.569 -1.307
SPIN 4 1 9 4 -3.262 4.886 -0.693
SPIN 4 1 9 5 5.317 -2.567 0.372
SPIN 4 1 9 6 1.764 -4.104 3.879
SPIN 4 1 9 7 4.661 -0.571 -3.599
SPIN 4 1 9 8 2.806 -4.681 2.285
SPIN 4 1 9 9 0.364 -0.065 -5.905
SPIN 4 1 9 10 4.293 3.569 1.957
SPIN 4 1 9 11 -3.652 -1.170 -4.505
SPIN 4 1 9 12 -2.432 -4.372 3.158
SPIN 4 1 9 13 1.393 4.663 3.363
SPIN 4 1 9 14 -3.510 -4.380 -1.869
SPIN 4 1 9 15 5.214 -2.650 0.889
SPIN 1 1 10 0 2.542 -3.244 4.245
SPIN 1 1 10 1 1.225 5.170 2.603
SPIN 1 1 10 2 3.953 -3.489 -2.684
SPIN 1 1 10 3 -5.470 -1.969 1.096
SPIN 1 1 10 4 3.331 4.346 -2.240
SPIN 1 1 10 5 3.424 -4.811 0.362
SPIN 1 1 10 6 1.230 5.778 0.320
SPIN 1 1 10 7 -5.905 0.323 0.180
SPIN 1 1 10 8 -2.363 -4.039 -3.620
SPIN 1 1 10 9 -5.556 2.032 -0.075
SPIN 1 1 10 10 3.985 -3.621 2.452
SPIN 1 1 10 11 -1.249 1.560 5.568
SPIN 1 1 10 12 2.968 4.866 -1.584
SPIN 1 1 10 13 -0.644 -5.621 1.728
SPIN 1 1 10 14 -0.186 5.848 -0.875
SPIN 1 1 10 15 5.392 1.494 -1.923
SPIN 4 1 10 0 1.154 -4.160 4.045
SPIN 4 1 10 1 -4.919 -3.062 1.194
SPIN 4 1 10 2 1.151 4.870 -3.156
SPIN 4 1 10 3 -1.464 -4.625 -3.386
SPIN 4 1 10 4 -3.596 2.756 3.805
SPIN 4 1 10 5 -5.696 -1.589 0.178
SPIN 4 1 10 6 5.308 -1.593 2.070
SPIN 4 1 10 7 -5.566 -1.961 -0.419
SPIN 4 1 10 8 5.479 2.039 0.908
SPIN 4 1 10 9 -0.958 -4.139 -4.118
SPIN 4 1 10 10 -3.345 -3.576 -3.321
SPIN 4 1 10 11 5.519 2.018 0.680
SPIN 4 1 10 12 0.388 -4.026 4.318
SPIN 4 1 10 13 -4.555 -2.616 -2.722
SPIN 4 1 10 14 2.004 5.541 0.532
SPIN 4 1 10 15 -4.349 2.696 -2.970
SPIN 1 1 11 0 -2.358 3.981 3.686
SPIN 1 1 11 1 3.129 -1.912 -4.643
SPIN 1 1 11 2 4.851 2.102 2.654
SPIN 1 1 11 3 2.212 5.438 0.732
SPIN 1 1 11 4 1.064 -5.395 2.183
SPIN 1 1 11 5 -2.852 5.174 -0.304
SPIN 1 1 11 6 -5.415 -1.675 1.694
SPIN 1 1 11 7 2.798 4.594 -2.463
SPIN 1 1 11 8 -2.857 -3.546 3.776
SPIN 1 1 11 9 3.603 -4.688 -0.183
SPIN 1 1 11 10 -3.262 4.935 0.064
SPIN 1 1 11 11 2.709 3.636 -3.800
SPIN 1 1 11 12 0.147 -4.638 -3.669
SPIN 1 1 11 13 0.842 -4.296 -3.979
SPIN 1 1 11 14 -2.909 -4.443 2.607
SPIN 1 1 11 15 -2.524 4.187 -3.331
SPIN 4 1 11 0 -0.051 3.359 4.870
SPIN 4 1 11 1 0.364 -2.852 -5.170
SPIN 4 1 11 2 2.109 3.397 -4.360
SPIN 4 1 11 3 5.516 1.097 -1.835
SPIN 4 1 11 4 4.212 -3.259 -2.576
SPIN 4 1 11 5 4.318 1.962 3.536
SPIN 4 1 11 6 -1.261 0.181 -5.777
SPIN 4 1 11 7 3.532 -2.351 -4.123
SPIN 4 1 11 8 -2.381 1.473 5.211
SPIN 4 1 11 9 -0.261 0.872 -5.846
SPIN 4 1 11 10 5.483 0.054 -2.221
SPIN 4 1 11 11 -4.932 2.453 2.158
SPIN 4 1 11 12 2.535 -3.784 3.775
SPIN 4 1 11 13 -1.040 3.645 -4.543
SPIN 4 1 11 14 -1.795 -4.335 -3.604
SPIN 4 1 11 15 -2.341 -5.395 -0.648
SPIN 1 1 12 0 1.602 5.289 2.112
SPIN 1 1 12 1 -0.552 1.474 5.703
SPIN 1 1 12 2 -5.718 0.178 -1.508
SPIN 1 1 12 3 -5.512 2.068 -0.581
SPIN 1 1 12 4 3.095 3.976 3.100
SPIN 1 1 12 5 4.507 -1.845 3.358
SPIN 1 1 12 6 -2.415 4.460 -3.046
SPIN 1 1 12 7 -4.727 -3.226 -1.501
SPIN 1 1 12 8 2.245 -3.739 -3.998
SPIN 1 1 12 9 -3.721 -4.182 1.914
SPIN 1 1 12 10 1.140 -5.791 -0.407
SPIN 1 1 12 11 -4.695 3.526 -0.726
SPIN 1 1 12 12 -0.112 -0.999 5.830
SPIN 1 1 12 13 2.840 2.977 4.251
SPIN 1 1 12 14 -3.093 5.038 -0.227
SPIN 1 1 12 15 4.401 -3.016 2.556
SPIN 4 1 12 0 -0.153 -5.898 -0.435
SPIN 4 1 12 1 4.106 4.146 -0.975
SPIN 4 1 12 2 5.672 -0.163 -1.673
SPIN 4 1 12 3 -2.361 2.676 4.719
SPIN 4 1 12 4 -1.384 -1.612 -5.522
SPIN 4 1 12 5 3.644 1.968 -4.225
SPIN 4 1 12 6 1.885 -1.125 5.494
SPIN 4 1 12 7 -2.769 -4.559 -2.559
SPIN 4 1 12 8 3.607 3.908 2.592
SPIN 4 1 12 9 -1.535 -5.285 -2.172
SPIN 4 1 12 10 -2.147 3.628 4.150
SPIN 4 1 12 11 2.140 4.402 3.323
SPIN 4 1 12 12 4.183 3.331 -2.532
SPIN 4 1 12 13 -4.463 -1.181 -3.700
SPIN 4 1 12 14 -1.152 4.291 3.907
SPIN 4 1 12 15 2.428 4.790 2.482
SPIN 1 1 13 0 4.818 1.676 2.997
SPIN 1 1 13 1 0.275 -5.630 1.796
SPIN 1 1 13 2 4.688 -0.005 -3.609
SPIN 1 1 13 3 -5.038 -2.315 2.063
SPIN 1 1 13 4 3.280 -1.389 4.724
SPIN 1 1 13 5 -5.113 2.494 -1.624
SPIN 1 1 13 6 -0.922 3.883 -4.367
SPIN 1 1 13 7 5.399 -1.409 1.966
SPIN 1 1 13 8 -3.313 -2.450 4.245
SPIN 1 1 13 9 3.422 4.822 -0.177
SPIN 1 1 13 10 -0.938 4.910 -3.164
SPIN 1 1 13 11 -5.188 0.640 -2.771
SPIN 1 1 13 12 0.222 -2.381 -5.411
SPIN 1 1 13 13 3.936 3.042 3.203
SPIN 1 1 13 14 5.411 -2.137 1.074
SPIN 1 1 13 15 0.197 1.779 -5.639
SPIN 4 1 13 0 5.327 2.442 -0.814
SPIN 4 1 13 1 0.285 -5.559 2.003
SPIN 4 1 13 2 -0.323 0.674 -5.869
SPIN 4 1 13 3 -5.337 -2.496 -0.538
SPIN 4 1 13 4 1.643 2.997 -4.829
SPIN 4 1 13 5 -0.683 -1.911 5.557
SPIN 4 1 13 6 -1.855 0.816 -5.558
SPIN 4 1 13 7 3.804 -2.964 3.427
SPIN 4 1 13 8 -5.552 2.040 0.136
SPIN 4 1 13 9 2.373 1.588 -5.181
SPIN 4 1 13 10 -2.811 -2.010 4.802
SPIN 4 1 13 11 -1.485 -5.485 1.646
SPIN 4 1 13 12 4.221 1.476 -3.873
SPIN 4 1 13 13 5.378 2.043 -1.379
SPIN 4 1 13 14 1.253 -5.298 -2.316
SPIN 4 1 13 15 -3.767 -3.238 -3.213
SPIN 1 1 14 0 -2.216 2.888 -4.664
SPIN 1 1 14 1 -4.247 -2.733 3.082
SPIN 1 1 14 2 -2.033 4.691 2.976
SPIN 1 1 14 3 2.159 -5.499 -0.321
SPIN 1 1 14 4 -1.998 -5.565 -0.185
SPIN 1 1 14 5 -1.414 3.088 -4.844
SPIN 1 1 14 6 4.314 -2.843 2.882
SPIN 1 1 14 7 4.835 -3.362 0.570
SPIN 1 1 14 8 -1.764 -2.548 5.039
SPIN 1 1 14 9 -3.740 -0.046 -4.584
SPIN 1 1 14 10 1.343 -4.963 2.927
SPIN 1 1 14 11 0.786 2.638 5.237
SPIN 1 1 14 12 5.400 -0.544 -2.355
SPIN 1 1 14 13 -3.747 0.267 -4.571
SPIN 1 1 14 14 -1.435 0.523 5.715
SPIN 1 1 14 15 -1.183 -3.151 4.866
SPIN 4 1 14 0 2.733 -5.027 1.504
SPIN 4 1 14 1 0.481 5.211 2.760
SPIN 4 1 14 2 5.325 -1.794 1.849
SPIN 4 1 14 3 1.153 -3.095 4.908
SPIN 4 1 14 4 -1.851 -5.618 -0.097
SPIN 4 1 14 5 -0.762 5.801 -0.876
SPIN 4 1 14 6 3.008 -4.397 2.573
SPIN 4 1 14 7 -5.085 2.888 -0.894
SPIN 4 1 14 8 -3.804 1.347 -4.326
SPIN 4 1 14 9 5.313 -2.230 1.340
SPIN 4 1 14 10 -2.084 5.426 1.100
SPIN 4 1 14 11 -4.819 2.854 1.906
SPIN 4 1 14 12 -1.870 -5.442 1.375
SPIN 4 1 14 13 -3.400 -4.689 -1.205
SPIN 4 1 14 14 0.802 4.662 3.553
SPIN 4 1 14 15 2.347 2.437 4.853
SPIN 1 1 15 0 5.197 -1.143 2.586
SPIN 1 1 15 1 -5.399 2.048 1.287
SPIN 1 1 15 2 0.797 -5.205 -2.697
SPIN 1 1 15 3 -0.345 -3.610 4.674
SPIN 1 1 15 4 -3.034 3.356 -3.812
SPIN 1 1 15 5 -1.719 -3.176 -4.686
SPIN 1 1 15 6 2.476 5.281 -0.991
SPIN 1 1 15 7 0.610 5.075 2.979
SPIN 1 1 15 8 3.572 -1.944 -4.296
SPIN 1 1 15 9 0.819 -5.846 0.392
SPIN 1 1 15 10 -5.368 -2.473 0.261
SPIN 1 1 15 11 -1.832 -5.615 0.346
SPIN 1 1 15 12 -3.205 1.880 -4.604
SPIN 1 1 15 13 4.488 3.802 0.629
SPIN 1 1 15 14 -1.418 5.467 -1.760
SPIN 1 1 15 15 1.235 5.068 2.792
SPIN 4 1 15 0 5.061 3.007 0.591
SPIN 4 1 15 1 1.232 -2.713 5.111
SPIN 4 1 15 2 -2.214 2.322 -4.970
SPIN 4 1 15 3 -2.277 5.460 -0.051
SPIN 4 1 15 4 5.466 -1.179 1.932
SPIN 4 1 15 5 3.265 -1.864 -4.568
SPIN 4 1 15 6 -4.302 2.781 -2.960
SPIN 4 1 15 7 0.051 -5.628 1.823
SPIN 4 1 15 8 -2.252 5.006 -2.208
SPIN 4 1 15 9 -1.941 -5.414 1.388
SPIN 4 1 15 10 -1.969 1.879 -5.253
SPIN 4 1 15 11 -3.632 -4.564 -0.989
SPIN 4 1 15 12 4.000 4.343 0.378
SPIN 4 1 15 13 -5.434 2.061 -1.106
SPIN 4 1 15 14 -2.683 -2.237 -4.775
SPIN 4 1 15 15 -5.015 -0.698 -3.060
SPIN 3 1 0 0 -4.387 3.969 -0.076
SPIN 3 1 0 1 4.534 -3.741 -0.674
SPIN 3 1 0 2 4.026 3.451 -2.623
SPIN 3 1 0 3 -4.637 1.544 3.334
SPIN 3 1 0 4 5.218 2.444 1.342
SPIN 3 1 0 5 -5.762 -0.785 -1.089
SPIN 3 1 0 6 -5.659 -0.378 -1.685
SPIN 3 1 0 7 3.763 -2.342 3.918
SPIN 3 1 0 8 0.347 4.625 -3.673
SPIN 3 1 0 9 -1.857 -4.554 3.288
SPIN 3 1 0 10 5.096 -0.698 -2.923
SPIN 3 1 0 11 2.202 -0.684 -5.448
SPIN 3 1 0 12 -2.503 -2.183 4.896
SPIN 3 1 0 13 -4.504 1.299 3.610
SPIN 3 1 0 14 -5.222 -2.614 0.948
SPIN 3 1 0 15 5.864 0.305 0.718
SPIN 2 1 0 0 -0.598 -5.813 0.924
SPIN 2 1 0 1 -3.358 -4.695 1.296
SPIN 2 1 0 2 4.056 -3.160 2.926
SPIN 2 1 0 3 -1.931 4.865 -2.757
SPIN 2 1 0 4 1.215 -5.785 0.251
SPIN 2 1 0 5 5.319 -1.460 -2.139
SPIN 2 1 0 6 1.820 3.477 4.427
SPIN 2 1 0 7 2.928 2.209 -4.642
SPIN 2 1 0 8 -1.153 0.244 5.798
SPIN 2 1 0 9 -5.608 1.883 -0.081
SPIN 2 1 0 10 -5.728 0.295 -1.451
SPIN 2 1 0 11 -5.699 1.580 0.161
SPIN 2 1 0 12 -4.896 -2.531 -2.151
SPIN 2 1 0 13 -2.579 3.047 -4.366
SPIN 2 1 0 14 4.252 -0.164 -4.110
SPIN 2 1 0 15 1.835 5.340 -1.767
SPIN 3 1 1 0 4.967 -2.168 2.372
SPIN 3 1 1 1 0.330 4.139 -4.214
SPIN 3 1 1 2 -2.836 -4.571 -2.463
SPIN 3 1 1 3 2.399 -3.188 -4.368
SPIN 3 1 1 4 -2.494 -5.305 0.798
SPIN 3 1 1 5 5.505 -2.043 0.720
SPIN 3 1 1 6 -4.915 1.684 -2.829
SPIN 3 1 1 7 3.914 4.424 -0.334
SPIN 3 1 1 8 2.324 1.412 -5.254
SPIN 3 1 1 9 -3.240 -2.593 -4.217
SPIN 3 1 1 10 1.963 4.782 2.876
SPIN 3 1 1 11 0.662 -2.059 5.506
SPIN 3 1 1 12 2.827 4.607 2.406
SPIN 3 1 1 13 -5.078 3.035 0.047
SPIN 3 1 1 14 1.523 -5.436 1.768
SPIN 3 1 1 15 -0.684 5.032 -3.035
SPIN 2 1 1 0 -2.506 2.523 -4.728
SPIN 2 1 1 1 -1.127 -0.056 5.807
SPIN 2 1 1 2 4.816 3.337 0.818
SPIN 2 1 1 3 -1.113 -5.771 -0.680
SPIN 2 1 1 4 -1.139 3.894 -4.305
SPIN 2 1 1 5 2.066 0.149 -5.542
SPIN 2 1 1 6 -4.604 -2.405 -2.832
SPIN 2 1 1 7 -0.913 -5.218 2.634
SPIN 2 1 1 8 3.722 2.704 3.720
SPIN 2 1 1 9 4.578 -3.745 -0.121
SPIN 2 1 1 10 4.987 -1.548 -2.781
SPIN 2 1 1 11 -5.703 -1.060 1.164
SPIN 2 1 1 12 4.148 -1.578 3.912
SPIN 2 1 1 13 -4.948 -3.168 -0.693
SPIN 2 1 1 14 -5.196 0.210 -2.821
SPIN 2 1 1 15 -1.352 4.625 3.432
SPIN 3 1 2 0 -5.442 2.041 -1.103
SPIN 3 1 2 1 -2.647 5.250 -0.653
SPIN 3 1 2 2 -2.954 2.671 -4.375
SPIN 3 1 2 3 -5.177 -2.168 1.871
SPIN 3 1 2 4 -4.736 -0.188 3.541
SPIN 3 1 2 5 5.530 0.716 -1.976
SPIN 3 1 2 6 3.887 -4.030 -1.911
SPIN 3 1 2 7 -4.748 -2.854 2.077
SPIN 3 1 2 8 -3.666 1.437 -4.415
SPIN 3 1 2 9 -0.123 2.786 5.218
SPIN 3 1 2 10 1.282 -5.192 2.530
SPIN 3 1 2 11 -3.289 4.854 -0.788
SPIN 3 1 2 12 -0.013 5.110 -2.981
SPIN 3 1 2 13 0.424 -5.787 -1.156
SPIN 3 1 2 14 1.841 -3.335 -4.526
SPIN 3 1 2 15 -0.137 2.268 -5.462
SPIN 2 1 2 0 -0.736 5.853 0.450
SPIN 2 1 2 1 1.710 4.378 -3.592
SPIN 2 1 2 2 -5.784 0.521 -1.130
SPIN 2 1 2 3 2.237 3.245 -4.412
SPIN 2 1 2 4 2.737 3.773 -3.643
SPIN 2 1 2 5 5.369 2.366 0.763
SPIN 2 1 2 6 -5.650 1.032 -1.420
SPIN 2 1 2 7 1.381 -2.521 5.171
SPIN 2 1 2 8 -3.800 -1.837 4.145
SPIN 2 1 2 9 0.145 -5.778 1.263
SPIN 2 1 2 10 -0.426 3.211 4.951
SPIN 2 1 2 11 3.006 -0.577 5.063
SPIN 2 1 2 12 -3.401 1.060 4.724
SPIN 2 1 2 13 -0.700 -1.799 5.592
SPIN 2 1 2 14 3.418 1.390 -4.625
SPIN 2 1 2 15 -3.304 1.282 4.737
SPIN 3 1 3 0 -4.537 -3.428 -1.634
SPIN 3 1 3 1 0.704 -5.593 -1.796
SPIN 3 1 3 2 -4.367 -1.520 -3.691
SPIN 3 1 3 3 -0.861 0.892 5.785
SPIN 3 1 3 4 -2.754 2.670 -4.504
SPIN 3 1 3 5 0.857 -4.956 3.115
SPIN 3 1 3 6 1.054 3.151 -4.895
SPIN 3 1 3 7 -1.917 2.009 -5.224
SPIN 3 1 3 8 3.644 1.791 4.303
SPIN 3 1 3 9 -4.283 -3.566 1.985
SPIN 3 1 3 10 1.932 3.959 -3.949
SPIN 3 1 3 11 5.860 -0.544 0.601
SPIN 3 1 3 12 3.180 2.691 -4.201
SPIN 3 1 3 13 3.316 -3.205 -3.706
SPIN 3 1 3 14 1.032 0.868 5.760
SPIN 3 1 3 15 4.213 -2.148 -3.555
SPIN 2 1 3 0 2.137 -4.429 -3.289
SPIN 2 1 3 1 4.321 -2.056 -3.479
SPIN 2 1 3 2 -1.887 5.340 1.710
SPIN 2 1 3 3 5.473 0.077 2.246
SPIN 2 1 3 4 0.224 -3.433 -4.813
SPIN 2 1 3 5 -1.581 -5.616 -0.981
SPIN 2 1 3 6 5.095 2.712 1.299
SPIN 2 1 3 7 -2.315 4.458 -3.126
SPIN 2 1 3 8 1.871 -5.595 -0.445
SPIN 2 1 3 9 -3.463 -3.210 -3.564
SPIN 2 1 3 10 -1.845 5.488 -1.217
SPIN 2 1 3 11 -3.154 -2.749 -4.183
SPIN 2 1 3 12 -0.406 -0.274 -5.896
SPIN 2 1 3 13 -3.560 2.019 4.272
SPIN 2 1 3 14 -2.238 4.388 3.277
SPIN 2 1 3 15 -1.340 -0.004 5.762
SPIN 3 1 4 0 -3.860 4.470 0.344
SPIN 3 1 4 1 3.483 4.441 1.773
SPIN 3 1 4 2 -0.963 -5.178 -2.695
SPIN 3 1 4 3 5.192 1.196 -2.572
SPIN 3 1 4 4 0.286 3.340 -4.874
SPIN 3 1 4 5 -0.268 0.229 5.906
SPIN 3 1 4 6 -4.286 -3.809 1.457
SPIN 3 1 4 7 3.245 -1.210 -4.796
SPIN 3 1 4 8 -3.514 3.871 -2.769
SPIN 3 1 4 9 -5.454 -2.291 0.057
SPIN 3 1 4 10 1.602 -5.303 2.076
SPIN 3 1 4 11 1.770 -5.577 0.876
SPIN 3 1 4 12 -0.741 -2.743 -5.189
SPIN 3 1 4 13 2.656 -4.306 3.067
SPIN 3 1 4 14 -5.479 1.620 -1.534
SPIN 3 1 4 15 -1.471 4.351 3.729
SPIN 2 1 4 0 5.360 -2.475 0.378
SPIN 2 1 4 1 0.293 -3.032 5.072
SPIN 2 1 4 2 -1.888 -2.291 -5.117
SPIN 2 1 4 3 4.054 -2.753 -3.315
SPIN 2 1 4 4 0.449 5.440 2.281
SPIN 2 1 4 5 4.819 2.541 2.306
SPIN 2 1 4 6 2.054 -1.294 -5.395
SPIN 2 1 4 7 3.824 -4.508 -0.242
SPIN 2 1 4 8 -2.929 2.830 4.291
SPIN 2 1 4 9 1.740 -4.935 2.760
SPIN 2 1 4 10 -3.252 -1.852 4.582
SPIN 2 1 4 11 0.086 1.092 -5.814
SPIN 2 1 4 12 -1.764 -1.199 5.518
SPIN 2 1 4 13 -2.400 0.576 -5.376
SPIN 2 1 4 14 1.950 4.889 2.702
SPIN 2 1 4 15 -1.311 2.729 -5.083
SPIN 3 1 5 0 -4.027 -1.204 4.164
SPIN 3 1 5 1 2.146 -4.215 -3.553
SPIN 3 1 5 2 -1.711 0.674 5.623
SPIN 3 1 5 3 -2.587 -3.861 -3.660
SPIN 3 1 5 4 4.965 -2.309 2.241
SPIN 3 1 5 5 -4.256 1.572 3.797
SPIN 3 1 5 6 1.082 -5.816 0.042
SPIN 3 1 5 7 5.510 1.817 1.157
SPIN 3 1 5 8 -0.476 -0.337 5.887
SPIN 3 1 5 9 5.190 -2.545 -1.259
SPIN 3 1 5 10 -5.696 -1.292 -0.942
SPIN 3 1 5 11 2.382 3.389 -4.224
SPIN 3 1 5 12 -1.980 5.130 2.184
SPIN 3 1 5 13 5.060 -1.219 -2.813
SPIN 3 1 5 14 -3.145 3.816 -3.247
SPIN 3 1 5 15 -5.588 0.328 1.915
SPIN 2 1 5 0 -0.473 5.852 0.730
SPIN 2 1 5 1 3.588 3.428 3.220
SPIN 2 1 5 2 -1.876 1.367 -5.442
SPIN 2 1 5 3 5.432 -2.063 1.114
SPIN 2 1 5 4 -4.589 2.044 -3.124
SPIN 2 1 5 5 -3.130 2.149 4.537
SPIN 2 1 5 6 5.112 2.752 -1.139
SPIN 2 1 5 7 3.214 -1.820 4.621
SPIN 2 1 5 8 1.044 5.692 -1.229
SPIN 2 1 5 9 5.388 -0.401 -2.409
SPIN 2 1 5 10 2.924 5.123 0.450
SPIN 2 1 5 11 -2.282 -1.108 5.344
SPIN 2 1 5 12 1.656 2.488 5.106
SPIN 2 1 5 13 -3.458 4.385 1.952
SPIN 2 1 5 14 -1.534 0.924 5.639
SPIN 2 1 5 15 2.284 -3.203 4.419
SPIN 3 1 6 0 -3.489 -4.573 -1.385
SPIN 3 1 6 1 -1.144 -0.102 5.803
SPIN 3 1 6 2 5.367 1.765 1.756
SPIN 3 1 6 3 2.510 -5.348 -0.308
SPIN 3 1 6 4 -0.632 -2.119 -5.488
SPIN 3 1 6 5 1.982 -1.873 -5.250
SPIN 3 1 6 6 1.391 5.327 2.165
SPIN 3 1 6 7 -0.062 5.908 -0.297
SPIN 3 1 6 8 -2.434 -5.385 -0.277
SPIN 3 1 6 9 -3.776 4.260 1.610
SPIN 3 1 6 10 -0.341 3.836 -4.491
SPIN 3 1 6 11 4.977 -2.680 1.744
SPIN 3 1 6 12 -5.443 1.726 -1.548
SPIN 3 1 6 13 -0.034 -5.316 2.596
SPIN 3 1 6 14 1.188 5.182 2.596
SPIN 3 1 6 15 -1.298 3.876 4.277
SPIN 2 1 6 0 -5.423 2.280 -0.625
SPIN 2 1 6 1 -1.312 -2.753 -5.069
SPIN 2 1 6 2 2.156 2.736 -4.782
SPIN 2 1 6 3 -4.371 -0.603 -3.941
SPIN 2 1 6 4 -4.579 3.740 0.206
SPIN 2 1 6 5 1.120 0.716 5.765
SPIN 2 1 6 6 1.864 -1.718 5.345
SPIN 2 1 6 7 -3.856 -3.386 -2.944
SPIN 2 1 6 8 -0.527 5.390 2.381
SPIN 2 1 6 9 5.699 1.364 -0.812
SPIN 2 1 6 10 -0.335 -3.838 -4.490
SPIN 2 1 6 11 -3.690 -4.432 -1.321
SPIN 2 1 6 12 4.213 1.961 3.661
SPIN 2 1 6 13 -2.865 4.023 -3.257
SPIN 2 1 6 14 -5.852 0.117 -0.859
SPIN 2 1 6 15 -5.059 -3.068 -0.017
SPIN 3 1 7 0 -0.575 5.884 0.207
SPIN 3 1 7 1 2.654 5.192 -0.999
SPIN 3 1 7 2 -2.845 2.730 -4.411
SPIN 3 1 7 3 4.450 -1.108 -3.738
SPIN 3 1 7 4 -3.410 2.741 3.983
SPIN 3 1 7 5 -2.096 -1.155 -5.410
SPIN 3 1 7 6 -3.945 0.381 -4.392
SPIN 3 1 7 7 5.416 -2.373 0.175
SPIN 3 1 7 8 -1.730 1.403 5.481
SPIN 3 1 7 9 2.012 0.708 -5.518
SPIN 3 1 7 10 -2.437 1.839 5.067
SPIN 3 1 7 11 -0.209 5.859 -0.795
SPIN 3 1 7 12 4.934 -2.777 1.715
SPIN 3 1 7 13 -4.934 3.255 -0.241
SPIN 3 1 7 14 5.687 0.941 1.332
SPIN 3 1 7 15 -0.746 -2.860 5.125
SPIN 2 1 7 0 -2.804 -4.902 -1.762
SPIN 2 1 7 1 5.202 2.634 1.002
SPIN 2 1 7 2 4.888 -2.358 -2.356
SPIN 2 1 7 3 -4.986 -1.625 -2.739
SPIN 2 1 7 4 3.673 -4.609 0.514
SPIN 2 1 7 5 -5.282 -2.441 -1.067
SPIN 2 1 7 6 3.201 -0.571 -4.942
SPIN 2 1 7 7 5.462 -1.818 -1.365
SPIN 2 1 7 8 -3.468 3.269 -3.505
SPIN 2 1 7 9 -5.326 -0.053 -2.574
SPIN 2 1 7 10 2.022 2.745 -4.835
SPIN 2 1 7 11 4.823 3.342 -0.752
SPIN 2 1 7 12 -2.324 -4.285 3.353
SPIN 2 1 7 13 2.712 -4.338 -2.971
SPIN 2 1 7 14 4.894 0.075 -3.324
SPIN 2 1 7 15 -4.378 1.725 3.586
SPIN 3 1 8 0 -3.576 -2.546 -3.966
SPIN 3 1 8 1 -4.483 3.559 1.495
SPIN 3 1 8 2 4.966 -3.179 -0.486
SPIN 3 1 8 3 -2.252 4.364 3.299
SPIN 3 1 8 4 2.239 1.760 5.185
SPIN 3 1 8 5 3.342 -3.726 3.154
SPIN 3 1 8 6 0.892 4.898 3.197
SPIN 3 1 8 7 -3.260 3.268 -3.701
SPIN 3 1 8 8 -5.021 -2.651 -1.662
SPIN 3 1 8 9 -2.552 -0.427 -5.320
SPIN 3 1 8 10 0.174 -4.988 -3.176
SPIN 3 1 8 11 -0.908 -5.749 -1.060
SPIN 3 1 8 12 4.074 3.009 3.057
SPIN 3 1 8 13 -5.118 -2.954 0.282
SPIN 3 1 8 14 -0.275 -4.881 3.332
SPIN 3 1 8 15 1.594 -1.390 5.525
SPIN 2 1 8 0 4.993 -3.095 -0.698
SPIN 2 1 8 1 -3.943 3.061 3.175
SPIN 2 1 8 2 2.162 -1.917 5.162
SPIN 2 1 8 3 2.600 -4.707 -2.467
SPIN 2 1 8 4 -1.878 1.914 -5.273
SPIN 2 1 8 5 -3.038 -3.532 -3.646
SPIN 2 1 8 6 -3.622 0.930 4.585
SPIN 2 1 8 7 -0.565 1.610 -5.665
SPIN 2 1 8 8 3.608 2.947 3.646
SPIN 2 1 8 9 5.565 -1.677 1.102
SPIN 2 1 8 10 5.277 -2.656 0.307
SPIN 2 1 8 11 -5.464 0.384 2.235
SPIN 2 1 8 12 3.028 4.905 -1.330
SPIN 2 1 8 13 -3.743 -3.850 -2.483
SPIN 2 1 8 14 2.334 4.996 -2.144
SPIN 2 1 8 15 -5.656 1.668 -0.472
SPIN 3 1 9 0 4.322 2.496 3.176
SPIN 3 1 9 1 -1.611 3.766 -4.268
SPIN 3 1 9 2 -3.360 -4.869 0.024
SPIN 3 1 9 3 -0.080 1.479 -5.728
SPIN 3 1 9 4 -4.818 2.806 1.978
SPIN 3 1 9 5 -0.467 3.408 -4.813
SPIN 3 1 9 6 3.089 -4.363 2.534
SPIN 3 1 9 7 3.254 4.855 -0.918
SPIN 3 1 9 8 -5.841 0.355 -0.870
SPIN 3 1 9 9 -1.406 -3.810 -4.302
SPIN 3 1 9 10 -3.053 1.612 4.804
SPIN 3 1 9 11 -1.319 -5.538 1.610
SPIN 3 1 9 12 3.373 -0.548 -4.829
SPIN 3 1 9 13 1.646 -2.803 4.943
SPIN 3 1 9 14 4.059 0.420 -4.284
SPIN 3 1 9 15 -3.351 4.716 1.239
SPIN 2 1 9 0 4.529 0.539 -3.767
SPIN 2 1 9 1 0.030 4.461 3.886
SPIN 2 1 9 2 2.763 -4.117 -3.227
SPIN 2 1 9 3 -3.686 2.994 -3.528
SPIN 2 1 9 4 -0.764 -5.837 0.587
SPIN 2 1 9 5 -1.532 -4.779 3.133
SPIN 2 1 9 6 -0.815 3.787 4.472
SPIN 2 1 9 7 -5.551 -0.051 -2.045
SPIN 2 1 9 8 -4.751 -3.253 -1.359
SPIN 2 1 9 9 -0.389 3.243 4.933
SPIN 2 1 9 10 -2.587 -0.850 5.252
SPIN 2 1 9 11 2.066 0.499 -5.521
SPIN 2 1 9 12 -0.480 -3.188 4.960
SPIN 2 1 9 13 4.485 2.042 -3.273
SPIN 2 1 9 14 1.116 0.240 5.805
SPIN 2 1 9 15 0.454 5.465 2.220
SPIN 3 1 10 0 -0.248 -3.373 -4.854
SPIN 3 1 10 1 -1.976 3.923 -3.963
SPIN 3 1 10 2 3.879 4.461 -0.225
SPIN 3 1 10 3 -1.371 -1.286 -5.610
SPIN 3 1 10 4 3.855 3.080 -3.264
SPIN 3 1 10 5 -0.891 -3.075 -4.975
SPIN 3 1 10 6 1.859 4.368 3.530
SPIN 3 1 10 7 3.968 -4.333 0.693
SPIN 3 1 10 8 0.382 4.101 -4.247
SPIN 3 1 10 9 -2.077 -0.197 5.536
SPIN 3 1 10 10 -2.405 1.186 -5.274
SPIN 3 1 10 11 -1.397 -5.472 -1.763
SPIN 3 1 10 12 5.605 1.794 0.604
SPIN 3 1 10 13 -1.790 -2.858 -4.861
SPIN 3 1 10 14 -1.310 -4.767 3.250
SPIN 3 1 10 15 1.715 3.569 4.396
SPIN 2 1 10 0 -4.280 -3.470 2.155
SPIN 2 1 10 1 0.775 2.996 5.042
SPIN 2 1 10 2 4.215 0.627 -4.104
SPIN 2 1 10 3 3.774 4.364 1.309
SPIN 2 1 10 4 5.697 0.556 1.494
SPIN 2 1 10 5 -5.154 1.828 2.257
SPIN 2 1 10 6 3.011 -3.888 -3.289
SPIN 2 1 10 7 -4.758 2.578 2.390
SPIN 2 1 10 8 1.715 4.096 -3.909
SPIN 2 1 10 9 0.328 -5.294 -2.620
SPIN 2 1 10 10 1.531 -5.405 1.854
SPIN 2 1 10 11 1.271 4.999 2.898
SPIN 2 1 10 12 2.345 -4.303 3.315
SPIN 2 1 10 13 -4.261 -2.342 3.370
SPIN 2 1 10 14 0.470 5.763 1.252
SPIN 2 1 10 15 -5.322 2.412 -0.928
SPIN 3 1 11 0 -2.279 5.045 2.087
SPIN 3 1 11 1 -4.404 -1.039 3.811
SPIN 3 1 11 2 -0.680 -5.576 1.857
SPIN 3 1 11 3 -3.529 4.677 -0.819
SPIN 3 1 11 4 -5.148 -2.439 -1.596
SPIN 3 1 11 5 -2.900 -3.079 4.136
SPIN 3 1 11 6 3.933 -4.399 0.425
SPIN 3 1 11 7 -1.043 -0.032 5.823
SPIN 3 1 11 8 -1.995 -5.363 1.503
SPIN 3 1 11 9 0.438 4.162 -4.182
SPIN 3 1 11 10 -0.832 -5.712 -1.297
SPIN 3 1 11 11 1.094 5.453 2.017
SPIN 3 1 11 12 5.196 1.746 2.226
SPIN 3 1 11 13 -2.552 4.936 2.030
SPIN 3 1 11 14 -2.261 -3.978 -3.750
SPIN 3 1 11 15 -1.174 -3.912 4.280
SPIN 2 1 11 0 -1.880 -1.666 -5.356
SPIN 2 1 11 1 -0.351 -3.753 -4.560
SPIN 2 1 11 2 -0.872 -5.745 1.110
SPIN 2 1 11 3 -2.527 0.509 -5.325
SPIN 2 1 11 4 -5.827 -0.563 0.851
SPIN 2 1 11 5 2.329 1.187 -5.307
SPIN 2 1 11 6 -5.013 2.193 2.251
SPIN 2 1 11 7 0.378 5.116 -2.948
SPIN 2 1 11 8 5.471 0.693 2.143
SPIN 2 1 11 9 -3.104 -1.093 4.917
SPIN 2 1 11 10 2.225 0.403 5.467
SPIN 2 1 11 11 5.799 0.572 -1.023
SPIN 2 1 11 12 -4.663 -3.467 -1.110
SPIN 2 1 11 13 5.556 0.209 -2.022
SPIN 2 1 11 14 4.074 -2.467 3.509
SPIN 2 1 11 15 4.925 -2.361 2.274
SPIN 3 1 12 0 -3.390 -4.597 -1.540
SPIN 3 1 12 1 3.672 0.561 4.604
SPIN 3 1 12 2 4.429 -3.360 2.024
SPIN 3 1 12 3 1.445 1.639 -5.498
SPIN 3 1 12 4 5.384 2.195 -1.093
SPIN 3 1 12 5 -3.335 -3.525 3.384
SPIN 3 1 12 6 -3.884 -3.380 -2.914
SPIN 3 1 12 7 0.039 5.653 1.744
SPIN 3 1 12 8 -4.265 0.971 -3.983
SPIN 3 1 12 9 0.187 2.450 -5.382
SPIN 3 1 12 10 -3.353 2.897 -3.920
SPIN 3 1 12 11 5.091 -2.942 0.653
SPIN 3 1 12 12 -4.880 3.344 0.089
SPIN 3 1 12 13 1.209 5.752 -0.674
SPIN 3 1 12 14 -5.883 0.065 -0.623
SPIN 3 1 12 15 0.290 4.647 -3.649
SPIN 2 1 12 0 0.104 -3.317 -4.897
SPIN 2 1 12 1 -5.888 0.422 0.394
SPIN 2 1 12 2 -0.369 5.819 -1.000
SPIN 2 1 12 3 2.388 -5.315 -1.023
SPIN 2 1 12 4 -3.275 -4.908 0.432
SPIN 2 1 12 5 -4.772 -2.877 -1.988
SPIN 2 1 12 6 5.068 -2.655 -1.505
SPIN 2 1 12 7 3.646 3.934 2.496
SPIN 2 1 12 8 -1.425 3.686 -4.403
SPIN 2 1 12 9 -2.941 3.631 3.629
SPIN 2 1 12 10 4.179 -3.771 1.820
SPIN 2 1 12 11 -3.379 -4.854 0.140
SPIN 2 1 12 12 0.406 -5.665 -1.656
SPIN 2 1 12 13 2.491 1.156 5.240
SPIN 2 1 12 14 3.289 -0.839 4.846
SPIN 2 1 12 15 -4.591 3.531 -1.208
SPIN 3 1 13 0 1.184 2.969 4.978
SPIN 3 1 13 1 -3.040 -0.428 -5.057
SPIN 3 1 13 2 0.053 5.626 -1.830
SPIN 3 1 13 3 4.602 -2.294 2.926
SPIN 3 1 13 4 -4.090 -3.556 -2.373
SPIN 3 1 13 5 5.122 -1.880 -2.288
SPIN 3 1 13 6 1.596 -4.802 3.064
SPIN 3 1 13 7 -5.499 1.534 -1.552
SPIN 3 1 13 8 5.443 -1.381 -1.863
SPIN 3 1 13 9 -0.395 -5.632 1.767
SPIN 3 1 13 10 3.108 4.972 -0.790
SPIN 3 1 13 11 -3.031 5.019 0.788
SPIN 3 1 13 12 -5.714 0.828 1.289
SPIN 3 1 13 13 -5.583 -1.955 0.103
SPIN 3 1 13 14 3.641 -3.164 3.425
SPIN 3 1 13 15 -4.220 -3.474 -2.263
SPIN 2 1 13 0 3.530 3.971 -2.602
SPIN 2 1 13 1 4.134 4.052 -1.219
SPIN 2 1 13 2 -3.099 -3.836 3.268
SPIN 2 1 13 3 5.200 -1.719 -2.238
SPIN 2 1 13 4 -5.508 -1.442 -1.607
SPIN 2 1 13 5 5.811 0.791 -0.778
SPIN 2 1 13 6 3.207 4.679 -1.680
SPIN 2 1 13 7 -1.773 -5.632 -0.366
SPIN 2 1 13 8 -1.028 2.476 -5.274
SPIN 2 1 13 9 5.029 -2.720 1.520
SPIN 2 1 13 10 -5.887 -0.495 0.309
SPIN 2 1 13 11 2.207 5.294 1.452
SPIN 2 1 13 12 -3.308 4.880 0.498
SPIN 2 1 13 13 -1.315 -4.183 -3.972
SPIN 2 1 13 14 -0.658 -4.568 -3.701
SPIN 2 1 13 15 3.660 -2.671 3.804
SPIN 3 1 14 0 -5.848 0.780 0.432
SPIN 3 1 14 1 0.514 -4.953 -3.195
SPIN 3 1 14 2 -1.103 -5.031 2.910
SPIN 3 1 14 3 -3.281 4.664 -1.574
SPIN 3 1 14 4 2.556 -3.612 -3.927
SPIN 3 1 14 5 -2.661 4.991 1.734
SPIN 3 1 14 6 4.606 0.704 -3.646
SPIN 3 1 14 7 2.055 3.176 4.548
SPIN 3 1 14 8 -2.064 0.639 -5.508
SPIN 3 1 14 9 1.777 4.142 3.833
SPIN 3 1 14 10 0.950 -2.951 5.039
SPIN 3 1 14 11 3.283 3.182 -3.755
SPIN 3 1 14 12 3.590 -4.058 2.376
SPIN 3 1 14 13 1.377 -2.284 5.281
SPIN 3 1 14 14 -1.916 -5.267 -1.895
SPIN 3 1 14 15 3.875 3.374 -2.932
SPIN 2 1 14 0 2.577 -5.111 -1.496
SPIN 2 1 14 1 0.126 1.436 -5.738
SPIN 2 1 14 2 -4.698 -2.441 -2.641
SPIN 2 1 14 3 3.852 2.447 -3.765
SPIN 2 1 14 4 4.297 -4.063 -0.159
SPIN 2 1 14 5 0.460 -2.485 5.349
SPIN 2 1 14 6 -0.422 -4.087 -4.256
SPIN 2 1 14 7 -3.414 -0.001 -4.832
SPIN 2 1 14 8 2.258 3.665 4.058
SPIN 2 1 14 9 0.234 -5.155 2.893
SPIN 2 1 14 10 -0.404 -3.367 4.848
SPIN 2 1 14 11 -0.301 -5.007 3.137
SPIN 2 1 14 12 4.376 3.962 -0.385
SPIN 2 1 14 13 5.833 -0.200 0.970
SPIN 2 1 14 14 -2.303 -1.134 -5.330
SPIN 2 1 14 15 -4.715 -3.550 0.408
SPIN 3 1 15 0 -2.554 -5.173 1.310
SPIN 3 1 15 1 -3.692 -2.611 3.815
SPIN 3 1 15 2 3.553 -4.632 -0.961
SPIN 3 1 15 3 4.626 3.093 -2.009
SPIN 3 1 15 4 -2.114 1.496 -5.319
SPIN 3 1 15 5 4.122 -3.354 2.600
SPIN 3 1 15 6 -5.810 -0.777 0.801
SPIN 3 1 15 7 3.898 -0.982 -4.341
SPIN 3 1 15 8 -4.522 -1.498 3.508
SPIN 3 1 15 9 2.550 3.767 3.782
SPIN 3 1 15 10 -4.336 2.369 -3.253
SPIN 3 1 15 11 2.322 -1.154 5.318
SPIN 3 1 15 12 -3.794 -4.504 0.565
SPIN 3 1 15 13 -4.393 3.857 -0.906
SPIN 3 1 15 14 2.017 5.161 -2.073
SPIN 3 1 15 15 -0.449 -0.556 5.873
SPIN 2 1 15 0 1.083 5.156 -2.690
SPIN 2 1 15 1 -5.409 0.137 -2.391
SPIN 2 1 15 2 0.833 5.804 0.784
SPIN 2 1 15 3 -1.825 -3.356 4.517
SPIN 2 1 15 4 -2.737 4.635 2.455
SPIN 2 1 15 5 -5.672 -0.662 1.547
SPIN 2 1 15 6 5.003 -1.701 2.660
SPIN 2 1 15 7 -2.636 -5.295 -0.104
SPIN 2 1 15 8 5.086 2.933 -0.731
SPIN 2 1 15 9 -2.440 -0.935 -5.308
SPIN 2 1 15 10 1.342 5.580 -1.437
SPIN 2 1 15 11 -1.240 -3.959 -4.217
SPIN 2 1 15 12 1.399 -0.572 -5.720
SPIN 2 1 15 13 2.408 -5.029 1.978
SPIN 2 1 15 14 5.360 1.596 1.929
SPIN 2 1 15 15 -2.854 -5.124 0.774
SPIN 1 2 0 0 5.323 -1.772 1.877
SPIN 1 2 0 1 -0.587 -2.000 -5.537
SPIN 1 2 0 2 3.114 -2.180 -4.533
SPIN 1 2 0 3 -2.667 1.445 5.079
SPIN 1 2 0 4 -1.197 4.886 -3.113
SPIN 1 2 0 5 -0.870 0.477 -5.832
SPIN 1 2 0 6 5.022 -1.538 -2.723
SPIN 1 2 0 7 -3.035 5.069 -0.317
SPIN 1 2 0 8 4.362 3.193 -2.403
SPIN 1 2 0 9 -5.078 -2.114 2.178
SPIN 1 2 0 10 3.887 0.235 4.454
SPIN 1 2 0 11 5.224 -0.604 2.711
SPIN 1 2 0 12 3.494 4.395 -1.863
SPIN 1 2 0 13 2.479 5.036 1.870
SPIN 1 2 0 14 -1.631 -5.638 0.744
SPIN 1 2 0 15 2.929 5.130 -0.316
SPIN 4 2 0 0 5.012 -2.592 -1.779
SPIN 4 2 0 1 -0.754 5.810 0.819
SPIN 4 2 0 2 0.644 2.936 -5.095
SPIN 4 2 0 3 -1.093 -5.761 0.788
SPIN 4 2 0 4 -1.066 -0.673 5.780
SPIN 4 2 0 5 -2.997 -3.694 -3.518
SPIN 4 2 0 6 4.629 2.108 3.022
SPIN 4 2 0 7 3.158 -2.320 4.432
SPIN 4 2 0 8 -0.035 -5.914 -0.158
SPIN 4 2 0 9 1.984 4.954 2.553
SPIN 4 2 0 10 4.029 4.323 -0.288
SPIN 4 2 0 11 -1.748 -5.002 -2.632
SPIN 4 2 0 12 0.425 -5.899 0.150
SPIN 4 2 0 13 3.984 4.372 -0.107
SPIN 4 2 0 14 3.453 -4.627 -1.290
SPIN 4 2 0 15 -4.117 4.028 -1.351
SPIN 1 2 1 0 1.545 5.620 -1.017
SPIN 1 2 1 1 0.204 1.049 -5.819
SPIN 1 2 1 2 -4.785 -1.079 3.307
SPIN 1 2 1 3 -0.551 1.748 -5.625
SPIN 1 2 1 4 -0.220 -4.594 3.721
SPIN 1 2 1 5 -4.982 3.134 0.592
SPIN 1 2 1 6 3.829 -0.930 -4.413
SPIN 1 2 1 7 -4.678 -2.154 -2.911
SPIN 1 2 1 8 -1.061 1.669 -5.576
SPIN 1 2 1 9 -3.462 -3.538 -3.240
SPIN 1 2 1 10 2.277 -3.187 4.434
SPIN 1 2 1 11 -1.371 -5.088 2.690
SPIN 1 2 1 12 0.820 3.122 -4.958
SPIN 1 2 1 13 -5.714 -1.371 0.683
SPIN 1 2 1 14 3.098 3.373 -3.745
SPIN 1 2 1 15 -3.697 -0.649 4.573
SPIN 4 2 1 0 -2.342 0.291 -5.425
SPIN 4 2 1 1 0.378 -5.903 -0.101
SPIN 4 2 1 2 3.863 4.339 1.119
SPIN 4 2 1 3 1.273 5.765 0.387
SPIN 4 2 1 4 5.068 -0.413 -3.024
SPIN 4 2 1 5 2.887 4.457 2.607
SPIN 4 2 1 6 -2.786 -4.296 2.963
SPIN 4 2 1 7 -2.873 4.133 3.109
SPIN 4 2 1 8 -0.535 4.650 -3.618
SPIN 4 2 1 9 3.398 -3.199 3.636
SPIN 4 2 1 10 -0.263 3.924 -4.419
SPIN 4 2 1 11 -2.366 0.756 -5.369
SPIN 4 2 1 12 -5.083 1.233 2.764
SPIN 4 2 1 13 -2.568 5.328 0.136
SPIN 4 2 1 14 3.080 1.442 4.841
SPIN 4 2 1 15 0.968 -5.827 0.323
SPIN 1 2 2 0 -3.856 4.487 -0.011
SPIN 1 2 2 1 4.191 -4.036 -1.071
SPIN 1 2 2 2 1.726 -3.989 4.013
SPIN 1 2 2 3 -4.198 0.518 -4.137
SPIN 1 2 2 4 4.477 -2.670 -2.798
SPIN 1 2 2 5 -5.508 -1.132 -1.839
SPIN 1 2 2 6 3.117 4.623 -1.978
SPIN 1 2 2 7 -2.495 -2.309 -4.842
SPIN 1 2 2 8 -1.054 -4.870 -3.190
SPIN 1 2 2 9 5.252 -0.450 -2.686
SPIN 1 2 2 10 -4.978 -2.884 -1.379
SPIN 1 2 2 11 4.249 -1.285 3.911
SPIN 1 2 2 12 5.555 1.657 1.183
SPIN 1 2 2 13 2.540 5.005 -1.870
SPIN 1 2 2 14 1.557 -5.633 -0.923
SPIN 1 2 2 15 2.974 -3.254 3.946
SPIN 4 2 2 0 -0.063 -5.235 2.755
SPIN 4 2 2 1 1.824 -5.610 -0.451
SPIN 4 2 2 2 3.311 4.897 -0.239
SPIN 4 2 2 3 -5.186 -0.339 -2.828
SPIN 4 2 2 4 -0.786 0.537 5.839
SPIN 4 2 2 5 -0.843 -5.812 0.714
SPIN 4 2 2 6 -2.138 -0.021 5.516
SPIN 4 2 2 7 -4.102 3.115 2.910
SPIN 4 2 2 8 2.476 -4.299 3.224
SPIN 4 2 2 9 -4.522 3.680 1.002
SPIN 4 2 2 10 5.906 -0.343 -0.061
SPIN 4 2 2 11 -2.659 -4.020 -3.430
SPIN 4 2 2 12 -1.508 -4.214 -3.869
SPIN 4 2 2 13 1.566 4.393 3.640
SPIN 4 2 2 14 -5.588 -0.602 -1.848
SPIN 4 2 2 15 -2.037 5.025 2.366
SPIN 1 2 3 0 -1.191 2.051 -5.420
SPIN 1 2 3 1 -5.077 1.455 2.665
SPIN 1 2 3 2 5.893 -0.502 -0.142
SPIN 1 2 3 3 3.408 4.554 -1.627
SPIN 1 2 3 4 -4.076 2.863 3.191
SPIN 1 2 3 5 0.285 -1.872 5.605
SPIN 1 2 3 6 1.013 -5.788 0.691
SPIN 1 2 3 7 -3.861 3.658 2.592
SPIN 1 2 3 8 0.291 -0.333 5.900
SPIN 1 2 3 9 -4.737 3.381 -1.063
SPIN 1 2 3 10 -0.542 -4.244 -4.086
SPIN 1 2 3 11 -4.516 0.889 3.717
SPIN 1 2 3 12 3.721 4.134 -2.017
SPIN 1 2 3 13 -5.905 -0.355 -0.072
SPIN 1 2 3 14 2.135 1.707 -5.247
SPIN 1 2 3 15 5.799 -1.000 0.613
SPIN 4 2 3 0 1.705 -1.451 5.476
SPIN 4 2 3 1 0.362 -5.321 2.561
SPIN 4 2 3 2 -4.425 -0.816 -3.841
SPIN 4 2 3 3 2.808 -4.166 -3.124
SPIN 4 2 3 4 -1.343 5.399 2.011
SPIN 4 2 3 5 -5.027 2.005 -2.390
SPIN 4 2 3 6 -4.464 2.972 2.498
SPIN 4 2 3 7 0.870 -3.115 4.954
SPIN 4 2 3 8 2.856 1.427 -4.981
SPIN 4 2 3 9 0.784 -2.515 5.297
SPIN 4 2 3 10 -1.621 -4.562 -3.400
SPIN 4 2 3 11 -2.506 5.355 0.206
SPIN 4 2 3 12 3.602 -4.265 -1.958
SPIN 4 2 3 13 -5.235 -2.649 -0.763
SPIN 4 2 3 14 -2.628 -4.981 -1.812
SPIN 4 2 3 15 -2.548 -4.098 3.423
SPIN 1 2 4 0 1.120 5.595 1.561
SPIN 1 2 4 1 -2.534 2.801 -4.553
SPIN 1 2 4 2 -5.166 2.867 -0.309
SPIN 1 2 4 3 -0.724 -3.047 5.019
SPIN 1 2 4 4 -5.026 1.663 2.641
SPIN 1 2 4 5 0.514 -3.778 -4.524
SPIN 1 2 4 6 -4.807 3.411 -0.503
SPIN 1 2 4 7 3.728 0.466 4.570
SPIN 1 2 4 8 5.186 -1.402 -2.478
SPIN 1 2 4 9 5.536 2.086 0.075
SPIN 1 2 4 10 -3.769 0.006 -4.560
SPIN 1 2 4 11 1.972 1.067 -5.475
SPIN 1 2 4 12 -1.359 -0.795 5.703
SPIN 1 2 4 13 4.566 3.761 0.102
SPIN 1 2 4 14 5.896 0.299 0.380
SPIN 1 2 4 15 -5.539 -1.984 -0.620
SPIN 4 2 4 0 4.070 -1.446 -4.043
SPIN 4 2 4 1 -4.366 3.992 -0.018
SPIN 4 2 4 2 2.395 -0.551 5.382
SPIN 4 2 4 3 0.068 -4.779 3.487
SPIN 4 2 4 4 0.063 -0.273 5.909
SPIN 4 2 4 5 5.099 -1.073 -2.801
SPIN 4 2 4 6 -1.629 -0.376 -5.675
SPIN 4 2 4 7 1.862 5.486 1.199
SPIN 4 2 4 8 1.520 -5.684 0.618
SPIN 4 2 4 9 -4.089 -4.062 1.337
SPIN 4 2 4 10 5.527 1.813 1.080
SPIN 4 2 4 11 4.212 -0.566 4.116
SPIN 4 2 4 12 -2.137 -4.671 2.935
SPIN 4 2 4 13 0.577 -4.499 3.798
SPIN 4 2 4 14 -0.295 5.013 -3.127
SPIN 4 2 4 15 -0.710 1.605 -5.650
SPIN 1 2 5 0 3.276 3.776 -3.163
SPIN 1 2 5 1 2.372 -0.899 5.345
SPIN 1 2 5 2 -2.366 -1.309 5.262
SPIN 1 2 5 3 -3.633 2.623 3.863
SPIN 1 2 5 4 2.187 0.437 -5.480
SPIN 1 2 5 5 0.772 -4.398 -3.881
SPIN 1 2 5 6 -1.038 2.947 5.024
SPIN 1 2 5 7 2.703 -2.482 -4.640
SPIN 1 2 5 8 2.116 3.882 -3.931
SPIN 1 2 5 9 -0.478 -5.352 -2.477
SPIN 1 2 5 10 1.836 -5.622 0.160
SPIN 1 2 5 11 3.844 -1.094 -4.362
SPIN 1 2 5 12 0.824 -5.666 -1.488
SPIN 1 2 5 13 -0.835 4.638 -3.577
SPIN 1 2 5 14 -1.568 -5.369 1.927
SPIN 1 2 5 15 5.022 0.251 3.117
SPIN 4 2 5 0 1.569 -5.572 1.223
SPIN 4 2 5 1 1.624 4.886 2.914
SPIN 4 2 5 2 3.640 -4.519 1.152
SPIN 4 2 5 3 -2.769 3.712 3.681
SPIN 4 2 5 4 3.351 -4.820 -0.734
SPIN 4 2 5 5 -0.005 5.315 2.598
SPIN 4 2 5 6 -2.774 -3.315 -4.040
SPIN 4 2 5 7 0.102 -4.795 3.464
SPIN 4 2 5 8 -4.811 0.692 -3.373
SPIN 4 2 5 9 -4.163 3.010 -2.935
SPIN 4 2 5 10 -5.893 0.365 -0.377
SPIN 4 2 5 11 4.747 -3.419 -0.879
SPIN 4 2 5 12 -2.085 -0.843 5.472
SPIN 4 2 5 13 2.819 5.055 1.223
SPIN 4 2 5 14 5.169 1.358 -2.537
SPIN 4 2 5 15 -2.087 4.946 -2.486
SPIN 1 2 6 0 -4.383 -3.298 -2.217
SPIN 1 2 6 1 1.610 0.291 -5.685
SPIN 1 2 6 2 -5.872 0.706 0.159
SPIN 1 2 6 3 -2.358 -1.273 -5.274
SPIN 1 2 6 4 1.589 -2.886 4.914
SPIN 1 2 6 5 -4.919 -1.127 -3.088
SPIN 1 2 6 6 -0.780 5.087 2.918
SPIN 1 2 6 7 -3.838 4.471 0.530
SPIN 1 2 6 8 -0.672 1.457 5.694
SPIN 1 2 6 9 -5.775 0.183 -1.273
SPIN 1 2 6 10 5.692 -0.272 -1.589
SPIN 1 2 6 11 -4.680 -0.936 3.496
SPIN 1 2 6 12 2.074 -2.254 -5.061
SPIN 1 2 6 13 -3.333 -4.887 0.101
SPIN 1 2 6 14 -3.559 3.092 -3.574
SPIN 1 2 6 15 -1.236 -0.432 -5.769
SPIN 4 2 6 0 -4.635 -3.174 1.856
SPIN 4 2 6 1 0.543 -5.883 0.303
SPIN 4 2 6 2 1.889 5.100 2.328
SPIN 4 2 6 3 -1.463 -5.732 -0.036
SPIN 4 2 6 4 -4.449 0.561 -3.859
SPIN 4 2 6 5 3.366 1.296 -4.689
SPIN 4 2 6 6 0.528 -3.982 4.343
SPIN 4 2 6 7 2.081 -4.929 2.525
SPIN 4 2 6 8 5.330 2.102 -1.474
SPIN 4 2 6 9 2.346 -2.405 4.870
SPIN 4 2 6 10 -3.001 4.192 2.902
SPIN 4 2 6 11 1.726 -3.204 4.664
SPIN 4 2 6 12 -2.489 4.140 3.415
SPIN 4 2 6 13 4.390 0.181 -3.961
SPIN 4 2 6 14 2.252 -1.257 5.324
SPIN 4 2 6 15 4.894 -2.535 -2.149
SPIN 1 2 7 0 4.476 3.864 0.185
SPIN 1 2 7 1 -4.950 0.567 -3.191
SPIN 1 2 7 2 -0.427 1.689 -5.654
SPIN 1 2 7 3 3.359 1.496 4.635
SPIN 1 2 7 4 -0.290 -5.885 0.528
SPIN 1 2 7 5 -1.738 -5.322 -1.912
SPIN 1 2 7 6 2.653 -0.709 -5.240
SPIN 1 2 7 7 4.049 2.098 3.769
SPIN 1 2 7 8 4.657 -3.532 -0.916
SPIN 1 2 7 9 -4.628 -3.253 -1.733
SPIN 1 2 7 10 -4.514 -1.589 -3.478
SPIN 1 2 7 11 5.712 -0.865 1.275
SPIN 1 2 7 12 0.320 -1.870 5.604
SPIN 1 2 7 13 -1.304 5.728 -0.697
SPIN 1 2 7 14 5.198 2.815 0.244
SPIN 1 2 7 15 3.505 -2.688 3.936
SPIN 4 2 7 0 -1.453 2.331 5.240
SPIN 4 2 7 1 -4.289 3.179 2.550
SPIN 4 2 7 2 2.306 -2.337 4.921
SPIN 4 2 7 3 -2.107 5.390 1.229
SPIN 4 2 7 4 1.976 4.825 -2.795
SPIN 4 2 7 5 4.479 3.503 -1.634
SPIN 4 2 7 6 -1.849 5.513 -1.091
SPIN 4 2 7 7 3.541 -1.815 4.378
SPIN 4 2 7 8 -0.144 -2.482 -5.368
SPIN 4 2 7 9 -0.511 4.655 3.615
SPIN 4 2 7 10 -3.570 -2.813 3.788
SPIN 4 2 7 11 -3.996 -2.218 -3.757
SPIN 4 2 7 12 3.514 -0.785 4.694
SPIN 4 2 7 13 -5.438 1.233 1.977
SPIN 4 2 7 14 -4.756 0.375 -3.499
SPIN 4 2 7 15 4.959 -1.527 -2.842
SPIN 1 2 8 0 3.788 -4.418 1.063
SPIN 1 2 8 1 2.320 -3.537 -4.136
SPIN 1 2 8 2 1.115 -2.782 -5.101
SPIN 1 2 8 3 -4.698 1.068 -3.433
SPIN 1 2 8 4 2.410 -0.922 -5.324
SPIN 1 2 8 5 1.415 5.420 -1.902
SPIN 1 2 8 6 -4.553 -2.613 2.729
SPIN 1 2 8 7 -3.148 4.244 2.660
SPIN 1 2 8 8 4.152 -3.496 2.353
SPIN 1 2 8 9 -3.150 -3.931 3.102
SPIN 1 2 8 10 -2.407 -3.692 3.946
SPIN 1 2 8 11 4.699 3.250 -1.535
SPIN 1 2 8 12 -1.458 3.000 4.886
SPIN 1 2 8 13 5.031 -2.847 -1.256
SPIN 1 2 8 14 4.868 -1.318 -3.092
SPIN 1 2 8 15 4.030 4.170 -1.169
SPIN 4 2 8 0 4.470 -3.865 0.282
SPIN 4 2 8 1 -1.039 2.068 -5.445
SPIN 4 2 8 2 4.135 4.231 0.041
SPIN 4 2 8 3 3.613 -4.550 -1.114
SPIN 4 2 8 4 -0.881 -5.814 -0.652
SPIN 4 2 8 5 -5.222 -1.799 -2.120
SPIN 4 2 8 6 1.730 1.177 5.534
SPIN 4 2 8 7 1.969 -5.522 -0.794
SPIN 4 2 8 8 -4.709 2.340 -2.712
SPIN 4 2 8 9 4.418 2.800 -2.764
SPIN 4 2 8 10 -3.935 -0.082 -4.417
SPIN 4 2 8 11 4.415 -0.298 3.926
SPIN 4 2 8 12 -5.527 -0.338 -2.084
SPIN 4 2 8 13 -2.900 4.740 2.031
SPIN 4 2 8 14 -0.171 -5.886 -0.569
SPIN 4 2 8 15 -1.706 5.543 1.169
SPIN 1 2 9 0 -3.041 3.782 -3.384
SPIN 1 2 9 1 4.215 3.581 2.099
SPIN 1 2 9 2 5.368 -1.559 -1.937
SPIN 1 2 9 3 5.481 0.240 -2.215
SPIN 1 2 9 4 4.662 2.829 2.294
SPIN 1 2 9 5 -3.262 -3.320 3.652
SPIN 1 2 9 6 -5.159 -2.663 -1.138
SPIN 1 2 9 7 5.785 -0.171 -1.229
SPIN 1 2 9 8 -0.647 5.769 1.140
SPIN 1 2 9 9 4.471 -3.873 -0.088
SPIN 1 2 9 10 -5.844 0.134 0.909
SPIN 1 2 9 11 3.046 -2.921 -4.146
SPIN 1 2 9 12 2.229 -4.423 -3.235
SPIN 1 2 9 13 -3.128 5.022 0.012
SPIN 1 2 9 14 -2.651 5.198 0.976
SPIN 1 2 9 15 3.184 -4.934 0.720
SPIN 4 2 9 0 -0.940 0.589 5.811
SPIN 4 2 9 1 3.802 3.737 2.564
SPIN 4 2 9 2 1.151 5.441 2.018
SPIN 4 2 9 3 5.859 0.812 -0.111
SPIN 4 2 9 4 3.161 -4.934 0.812
SPIN 4 2 9 5 1.954 1.245 -5.443
SPIN 4 2 9 6 3.323 -4.003 -2.816
SPIN 4 2 9 7 0.666 3.662 4.598
SPIN 4 2 9 8 5.444 2.262 0.500
SPIN 4 2 9 9 3.747 2.094 4.072
SPIN 4 2 9 10 5.375 -2.354 -0.751
SPIN 4 2 9 11 5.368 2.386 0.700
SPIN 4 2 9 12 -5.719 -0.294 1.487
SPIN 4 2 9 13 0.948 -5.813 0.557
SPIN 4 2 9 14 0.576 -5.857 -0.601
SPIN 4 2 9 15 0.073 3.331 -4.889
SPIN 1 2 10 0 -4.285 1.417 3.825
SPIN 1 2 10 1 4.462 -0.045 -3.884
SPIN 1 2 10 2 -5.407 -2.394 -0.186
SPIN 1 2 10 3 4.908 3.181 -0.894
SPIN 1 2 10 4 -4.231 -0.119 -4.133
SPIN 1 2 10 5 -4.240 3.483 -2.212
SPIN 1 2 10 6 1.997 1.276 5.421
SPIN 1 2 10 7 -1.978 -5.100 -2.253
SPIN 1 2 10 8 1.840 5.600 0.503
SPIN 1 2 10 9 -3.166 -4.998 0.047
SPIN 1 2 10 10 -3.222 -0.150 -4.960
SPIN 1 2 10 11 -4.642 -3.623 -0.574
SPIN 1 2 10 12 -5.281 1.736 2.023
SPIN 1 2 10 13 -1.851 -3.270 -4.570
SPIN 1 2 10 14 0.860 4.940 3.140
SPIN 1 2 10 15 -1.339 -3.148 -4.826
SPIN 4 2 10 0 0.842 0.152 -5.854
SPIN 4 2 10 1 5.863 0.438 -0.654
SPIN 4 2 10 2 -5.547 -0.452 -2.006
SPIN 4 2 10 3 -2.769 0.980 5.135
SPIN 4 2 10 4 4.822 2.975 -1.703
SPIN 4 2 10 5 -2.844 -4.287 2.921
SPIN 4 2 10 6 -1.994 3.023 -4.678
SPIN 4 2 10 7 4.216 -2.321 -3.440
SPIN 4 2 10 8 -1.843 2.833 4.855
SPIN 4 2 10 9 4.937 -3.227 0.457
SPIN 4 2 10 10 -3.232 0.302 4.946
SPIN 4 2 10 11 -4.172 -4.062 -1.045
SPIN 4 2 10 12 -5.801 0.797 -0.842
SPIN 4 2 10 13 5.882 -0.193 -0.605
SPIN 4 2 10 14 -5.521 -2.118 -0.188
SPIN 4 2 10 15 -4.575 -0.771 -3.671
SPIN 1 2 11 0 4.886 1.298 -3.073
SPIN 1 2 11 1 -4.398 1.682 3.581
SPIN 1 2 11 2 4.149 4.005 1.319
SPIN 1 2 11 3 -3.229 -4.717 -1.525
SPIN 1 2 11 4 3.920 -0.970 -4.323
SPIN 1 2 11 5 -3.531 4.552 1.347
SPIN 1 2 11 6 2.602 -1.507 -5.095
SPIN 1 2 11 7 -0.548 -5.395 2.365
SPIN 1 2 11 8 -3.165 -3.768 3.285
SPIN 1 2 11 9 4.474 -1.412 -3.604
SPIN 1 2 11 10 -1.566 -0.507 -5.682
SPIN 1 2 11 11 4.319 -3.025 2.682
SPIN 1 2 11 12 -2.105 -1.815 5.223
SPIN 1 2 11 13 2.034 5.466 0.994
SPIN 1 2 11 14 -5.215 -0.073 -2.793
SPIN 1 2 11 15 3.425 -3.575 -3.239
SPIN 4 2 11 0 -1.261 4.434 3.708
SPIN 4 2 11 1 3.490 1.244 4.612
SPIN 4 2 11 2 -5.907 0.320 0.079
SPIN 4 2 11 3 -2.738 -2.526 4.596
SPIN 4 2 11 4 -5.156 -1.154 2.662
SPIN 4 2 11 5 1.293 5.758 0.422
SPIN 4 2 11 6 2.049 5.137 2.102
SPIN 4 2 11 7 -4.573 2.840 2.454
SPIN 4 2 11 8 -4.205 0.178 -4.157
SPIN 4 2 11 9 0.993 4.928 -3.119
SPIN 4 2 11 10 -0.579 -0.427 5.872
SPIN 4 2 11 11 -3.303 4.802 -1.017
SPIN 4 2 11 12 2.767 -4.375 2.865
SPIN 4 2 11 13 -3.349 1.790 -4.537
SPIN 4 2 11 14 0.582 5.430 2.276
SPIN 4 2 11 15 -3.945 4.000 -1.854
SPIN 1 2 12 0 -1.137 -5.713 -1.035
SPIN 1 2 12 1 3.093 -4.532 -2.212
SPIN 1 2 12 2 5.895 -0.257 0.422
SPIN 1 2 12 3 -2.863 4.301 2.881
SPIN 1 2 12 4 1.419 1.397 -5.571
SPIN 1 2 12 5 -1.038 -5.645 -1.434
SPIN 1 2 12 6 -4.406 -3.924 -0.435
SPIN 1 2 12 7 4.362 0.386 3.978
SPIN 1 2 12 8 3.642 -1.967 4.227
SPIN 1 2 12 9 -1.444 -5.553 1.441
SPIN 1 2 12 10 -0.261 0.306 -5.902
SPIN 1 2 12 11 -1.751 -4.911 2.796
SPIN 1 2 12 12 1.975 2.918 -4.752
SPIN 1 2 12 13 -0.884 -4.049 4.222
SPIN 1 2 12 14 4.793 -3.113 -1.530
SPIN 1 2 12 15 -3.689 1.924 -4.206
SPIN 4 2 12 0 4.002 -2.443 3.609
SPIN 4 2 12 1 5.327 2.462 -0.753
SPIN 4 2 12 2 -5.620 -1.069 1.509
SPIN 4 2 12 3 5.164 -2.863 -0.369
SPIN 4 2 12 4 1.260 5.776 -0.224
SPIN 4 2 12 5 -4.196 -4.061 0.950
SPIN 4 2 12 6 -1.803 1.551 -5.417
SPIN 4 2 12 7 0.149 -0.508 5.892
SPIN 4 2 12 8 5.164 1.372 -2.540
SPIN 4 2 12 9 -0.229 5.911 -0.059
SPIN 4 2 12 10 -0.452 5.823 -0.940
SPIN 4 2 12 11 1.758 5.398 1.663
SPIN 4 2 12 12 -4.635 -0.879 -3.569
SPIN 4 2 12 13 2.512 0.164 5.354
SPIN 4 2 12 14 -2.577 -2.056 -4.912
SPIN 4 2 12 15 3.760 4.460 -0.988
SPIN 1 2 13 0 -1.914 -5.572 0.541
SPIN 1 2 13 1 2.038 -5.367 1.430
SPIN 1 2 13 2 3.017 -1.553 4.846
SPIN 1 2 13 3 -2.020 3.373 4.421
SPIN 1 2 13 4 -3.423 2.856 3.890
SPIN 1 2 13 5 -2.281 5.347 1.097
SPIN 1 2 13 6 1.994 -5.006 -2.442
SPIN 1 2 13 7 1.505 -1.484 5.526
SPIN 1 2 13 8 -0.935 1.596 -5.620
SPIN 1 2 13 9 4.866 1.971 -2.727
SPIN 1 2 13 10 -1.329 -4.944 2.966
SPIN 1 2 13 11 4.916 -3.161 0.919
SPIN 1 2 13 12 3.630 -3.507 -3.085
SPIN 1 2 13 13 -4.880 -1.688 -2.886
SPIN 1 2 13 14 -0.006 5.423 2.365
SPIN 1 2 13 15 -2.247 5.006 2.212
SPIN 4 2 13 0 -1.810 -2.242 5.167
SPIN 4 2 13 1 -1.838 4.644 3.171
SPIN 4 2 13 2 0.580 -5.861 0.558
SPIN 4 2 13 3 0.208 1.996 5.565
SPIN 4 2 13 4 -2.465 -5.374 0.200
SPIN 4 2 13 5 0.258 4.262 -4.095
SPIN 4 2 13 6 -1.165 5.629 -1.399
SPIN 4 2 13 7 -0.022 -5.842 -0.936
SPIN 4 2 13 8 -4.098 -0.382 4.249
SPIN 4 2 13 9 -4.840 -3.345 0.620
SPIN 4 2 13 10 -4.511 2.647 -2.765
SPIN 4 2 13 11 -5.833 0.774 -0.610
SPIN 4 2 13 12 3.976 3.629 2.454
SPIN 4 2 13 13 -3.098 0.222 -5.035
SPIN 4 2 13 14 1.772 -1.875 5.324
SPIN 4 2 13 15 -1.455 0.428 5.718
SPIN 1 2 14 0 -1.123 1.115 5.701
SPIN 1 2 14 1 -2.249 1.404 5.289
SPIN 1 2 14 2 -0.214 5.650 1.740
SPIN 1 2 14 3 4.897 3.134 1.095
SPIN 1 2 14 4 3.381 -1.377 -4.655
SPIN 1 2 14 5 -1.260 -4.314 3.847
SPIN 1 2 14 6 -0.127 0.360 5.904
SPIN 1 2 14 7 -4.551 -0.445 3.753
SPIN 1 2 14 8 -0.639 -5.875 0.286
SPIN 1 2 14 9 4.890 -1.175 3.116
SPIN 1 2 14 10 -2.269 3.634 4.080
SPIN 1 2 14 11 0.831 -4.451 -3.807
SPIN 1 2 14 12 5.319 -1.716 -1.939
SPIN 1 2 14 13 4.186 1.809 -3.769
SPIN 1 2 14 14 5.450 -1.246 -1.936
SPIN 1 2 14 15 -4.089 3.684 -2.170
SPIN 4 2 14 0 -2.988 4.225 -2.868
SPIN 4 2 14 1 4.665 -0.510 -3.602
SPIN 4 2 14 2 -4.999 2.856 1.361
SPIN 4 2 14 3 -0.438 -5.170 -2.843
SPIN 4 2 14 4 2.218 5.479 -0.259
SPIN 4 2 14 5 -1.519 0.038 -5.718
SPIN 4 2 14 6 -3.169 1.707 4.695
SPIN 4 2 14 7 0.611 3.641 -4.623
SPIN 4 2 14 8 -3.648 -1.122 -4.520
SPIN 4 2 14 9 -4.868 2.450 2.302
SPIN 4 2 14 10 4.651 -2.386 -2.771
SPIN 4 2 14 11 -4.268 -3.506 -2.120
SPIN 4 2 14 12 5.350 1.959 1.595
SPIN 4 2 14 13 2.013 -2.137 -5.136
SPIN 4 2 14 14 3.535 -4.742 0.156
SPIN 4 2 14 15 0.921 1.257 -5.707
SPIN 1 2 15 0 -0.647 1.154 -5.766
SPIN 1 2 15 1 -2.270 -5.458 0.233
SPIN 1 2 15 2 0.275 -0.429 5.894
SPIN 1 2 15 3 -3.381 -0.381 -4.840
SPIN 1 2 15 4 -3.134 -2.518 4.340
SPIN 1 2 15 5 3.991 3.726 2.278
SPIN 1 2 15 6 -2.904 -0.248 5.148
SPIN 1 2 15 7 1.561 -3.951 4.117
SPIN 1 2 15 8 -5.547 -1.153 -1.704
SPIN 1 2 15 9 2.986 4.898 1.448
SPIN 1 2 15 10 0.738 -5.852 -0.457
SPIN 1 2 15 11 -4.842 3.283 -0.882
SPIN 1 2 15 12 4.468 3.864 0.321
SPIN 1 2 15 13 -5.901 -0.111 0.407
SPIN 1 2 15 14 -4.945 1.339 2.959
SPIN 1 2 15 15 -5.675 -1.520 -0.696
SPIN 4 2 15 0 1.968 2.994 4.708
SPIN 4 2 15 1 -2.507 -3.149 -4.336
SPIN 4 2 15 2 3.271 -0.171 4.927
SPIN 4 2 15 3 -1.377 2.376 -5.240
SPIN 4 2 15 4 4.742 1.279 3.298
SPIN 4 2 15 5 -1.432 1.644 -5.500
SPIN 4 2 15 6 4.392 3.115 -2.451
SPIN 4 2 15 7 -5.313 2.542 -0.554
SPIN 4 2 15 8 -1.040 -1.675 5.578
SPIN 4 2 15 9 5.777 1.255 -0.228
SPIN 4 2 15 10 -3.936 -4.088 -1.673
SPIN 4 2 15 11 0.866 5.761 -1.032
SPIN 4 2 15 12 0.997 -1.028 -5.740
SPIN 4 2 15 13 -4.365 -2.831 -2.817
SPIN 4 2 15 14 1.923 -3.131 -4.636
SPIN 4 2 15 15 1.137 -5.671 1.244
SPIN 3 2 0 0 -1.960 4.385 -3.454
SPIN 3 2 0 1 0.190 -3.434 4.813
SPIN 3 2 0 2 2.896 1.232 5.009
SPIN 3 2 0 3 -5.809 -0.090 1.118
SPIN 3 2 0 4 -2.479 -2.926 4.505
SPIN 3 2 0 5 1.706 -0.079 -5.664
SPIN 3 2 0 6 -2.758 -4.836 -2.001
SPIN 3 2 0 7 -1.774 -5.431 -1.533
SPIN 3 2 0 8 -2.095 5.532 0.060
SPIN 3 2 0 9 2.938 2.742 -4.342
SPIN 3 2 0 10 -2.806 -0.833 5.141
SPIN 3 2 0 11 -3.813 -1.885 4.112
SPIN 3 2 0 12 1.078 4.068 4.158
SPIN 3 2 0 13 -1.875 -1.534 -5.397
SPIN 3 2 0 14 -0.799 -5.688 -1.416
SPIN 3 2 0 15 -5.616 1.858 -0.054
SPIN 2 2 0 0 1.627 2.562 5.078
SPIN 2 2 0 1 -2.557 -5.209 -1.153
SPIN 2 2 0 2 5.561 0.290 -1.998
SPIN 2 2 0 3 2.011 -1.730 5.288
SPIN 2 2 0 4 4.791 -0.580 -3.422
SPIN 2 2 0 5 -5.216 1.615 -2.276
SPIN 2 2 0 6 0.277 4.100 4.256
SPIN 2 2 0 7 -0.006 5.706 -1.561
SPIN 2 2 0 8 4.365 -1.316 -3.770
SPIN 2 2 0 9 -2.597 -5.137 -1.368
SPIN 2 2 0 10 5.083 0.840 2.909
SPIN 2 2 0 11 -1.427 -2.748 -5.041
SPIN 2 2 0 12 -4.625 3.011 2.132
SPIN 2 2 0 13 0.944 -1.786 -5.560
SPIN 2 2 0 14 -4.225 0.259 4.133
SPIN 2 2 0 15 1.794 -2.973 4.790
SPIN 3 2 1 0 2.653 -2.273 -4.774
SPIN 3 2 1 1 -0.468 -1.924 -5.575
SPIN 3 2 1 2 -5.642 -1.710 0.495
SPIN 3 2 1 3 -5.762 -0.004 -1.340
SPIN 3 2 1 4 0.674 5.718 -1.361
SPIN 3 2 1 5 -5.583 1.901 -0.468
SPIN 3 2 1 6 2.517 2.093 4.928
SPIN 3 2 1 7 2.867 5.109 0.824
SPIN 3 2 1 8 2.906 1.239 5.002
SPIN 3 2 1 9 -3.229 4.910 0.686
SPIN 3 2 1 10 1.158 -5.680 1.179
SPIN 3 2 1 11 -2.799 4.268 2.992
SPIN 3 2 1 12 0.372 -5.877 0.565
SPIN 3 2 1 13 -2.580 5.306 0.432
SPIN 3 2 1 14 5.762 0.328 1.301
SPIN 3 2 1 15 4.418 3.929 0.197
SPIN 2 2 1 0 -0.097 -5.014 3.139
SPIN 2 2 1 1 0.195 4.941 3.248
SPIN 2 2 1 2 -4.108 1.985 -3.766
SPIN 2 2 1 3 5.046 2.273 -2.090
SPIN 2 2 1 4 -3.830 -4.501 -0.270
SPIN 2 2 1 5 4.392 0.744 3.894
SPIN 2 2 1 6 2.372 -5.027 2.027
SPIN 2 2 1 7 5.445 0.965 -2.104
SPIN 2 2 1 8 1.596 -4.345 -3.684
SPIN 2 2 1 9 4.670 2.147 2.930
SPIN 2 2 1 10 -4.069 4.229 0.744
SPIN 2 2 1 11 5.487 0.125 2.208
SPIN 2 2 1 12 -4.281 -0.941 -3.974
SPIN 2 2 1 13 1.882 0.966 5.525
SPIN 2 2 1 14 -3.054 -5.006 -0.781
SPIN 2 2 1 15 -2.518 -0.014 -5.353
SPIN 3 2 2 0 -5.579 -1.474 1.302
SPIN 3 2 2 1 2.495 4.563 -2.820
SPIN 3 2 2 2 5.631 -1.127 1.422
SPIN 3 2 2 3 3.672 2.101 -4.135
SPIN 3 2 2 4 -0.674 -3.731 -4.541
SPIN 3 2 2 5 0.120 -3.552 4.729
SPIN 3 2 2 6 -2.072 0.199 5.538
SPIN 3 2 2 7 -1.528 -5.001 2.766
SPIN 3 2 2 8 -4.156 3.117 -2.830
SPIN 3 2 2 9 2.910 -5.021 1.152
SPIN 3 2 2 10 -5.586 1.146 1.575
SPIN 3 2 2 11 2.023 -5.372 -1.433
SPIN 3 2 2 12 -3.061 3.119 -3.988
SPIN 3 2 2 13 0.906 -1.105 5.741
SPIN 3 2 2 14 1.426 -2.622 -5.108
SPIN 3 2 2 15 -0.407 -1.041 5.809
SPIN 2 2 2 0 -0.838 5.424 -2.208
SPIN 2 2 2 1 4.343 -3.831 -1.208
SPIN 2 2 2 2 2.194 0.247 5.489
SPIN 2 2 2 3 -5.630 -0.535 -1.737
SPIN 2 2 2 4 3.949 -4.235 1.214
SPIN 2 2 2 5 -1.891 4.640 3.146
SPIN 2 2 2 6 1.055 4.897 -3.147
SPIN 2 2 2 7 0.779 -4.548 -3.702
SPIN 2 2 2 8 -3.720 3.397 3.102
SPIN 2 2 2 9 -1.638 3.517 -4.466
SPIN 2 2 2 10 -1.078 3.590 -4.577
SPIN 2 2 2 11 4.894 -0.823 3.221
SPIN 2 2 2 12 -4.765 2.258 -2.682
SPIN 2 2 2 13 3.049 2.400 4.465
SPIN 2 2 2 14 -5.005 -2.713 1.609
SPIN 2 2 2 15 5.441 -0.630 -2.237
SPIN 3 2 3 0 -0.133 -4.878 -3.345
SPIN 3 2 3 1 -0.413 5.742 -1.362
SPIN 3 2 3 2 1.765 3.232 4.630
SPIN 3 2 3 3 -5.810 1.060 0.339
SPIN 3 2 3 4 0.274 -5.376 2.454
SPIN 3 2 3 5 -4.046 4.221 -0.901
SPIN 3 2 3 6 2.496 -4.767 2.460
SPIN 3 2 3 7 3.273 4.928 -0.057
SPIN 3 2 3 8 1.963 1.552 -5.361
SPIN 3 2 3 9 5.511 -1.634 -1.398
SPIN 3 2 3 10 2.945 5.069 -0.793
SPIN 3 2 3 11 -0.277 0.503 5.888
SPIN 3 2 3 12 -4.803 1.180 3.246
SPIN 3 2 3 13 2.577 2.784 4.539
SPIN 3 2 3 14 -3.218 4.362 -2.370
SPIN 3 2 3 15 -3.655 -4.636 -0.383
SPIN 2 2 3 0 -4.860 3.014 1.515
SPIN 2 2 3 1 0.117 4.890 -3.327
SPIN 2 2 3 2 -5.394 1.519 1.897
SPIN 2 2 3 3 5.720 0.957 1.167
SPIN 2 2 3 4 -0.807 4.643 -3.576
SPIN 2 2 3 5 5.376 -1.270 -2.118
SPIN 2 2 3 6 -2.674 4.721 -2.358
SPIN 2 2 3 7 3.502 -4.181 -2.293
SPIN 2 2 3 8 -3.860 3.161 -3.179
SPIN 2 2 3 9 3.127 -0.464 5.000
SPIN 2 2 3 10 -5.877 -0.619 0.275
SPIN 2 2 3 11 4.401 3.953 -0.063
SPIN 2 2 3 12 5.833 0.298 0.939
SPIN 2 2 3 13 2.421 -1.812 -5.085
SPIN 2 2 3 14 3.207 -4.805 -1.275
SPIN 2 2 3 15 -1.019 2.818 -5.101
SPIN 3 2 4 0 -4.876 -3.316 -0.479
SPIN 3 2 4 1 -3.766 -0.588 4.525
SPIN 3 2 4 2 -1.055 -1.066 -5.723
SPIN 3 2 4 3 0.572 0.585 5.859
SPIN 3 2 4 4 -3.381 1.112 -4.726
SPIN 3 2 4 5 -1.784 -4.227 3.735
SPIN 3 2 4 6 4.586 1.536 3.407
SPIN 3 2 4 7 -2.299 -4.010 -3.692
SPIN 3 2 4 8 5.128 -2.701 -1.185
SPIN 3 2 4 9 -4.334 -1.926 3.537
SPIN 3 2 4 10 -2.606 -5.246 0.829
SPIN 3 2 4 11 -5.864 -0.053 0.778
SPIN 3 2 4 12 2.274 -0.548 -5.434
SPIN 3 2 4 13 1.006 0.337 -5.820
SPIN 3 2 4 14 4.073 0.232 4.284
SPIN 3 2 4 15 4.652 -1.937 -3.100
SPIN 2 2 4 0 -4.918 2.779 -1.758
SPIN 2 2 4 1 3.654 -3.144 3.429
SPIN 2 2 4 2 2.549 5.331 0.289
SPIN 2 2 4 3 5.593 -1.929 -0.057
SPIN 2 2 4 4 -3.356 1.756 4.545
SPIN 2 2 4 5 -1.663 -5.494 1.430
SPIN 2 2 4 6 -1.467 -4.101 -4.004
SPIN 2 2 4 7 -0.501 -5.351 -2.474
SPIN 2 2 4 8 4.163 -3.998 -1.295
SPIN 2 2 4 9 -5.199 -0.237 2.813
SPIN 2 2 4 10 -0.926 2.914 -5.065
SPIN 2 2 4 11 2.118 1.309 5.367
SPIN 2 2 4 12 -0.405 4.648 -3.638
SPIN 2 2 4 13 4.571 1.669 3.364
SPIN 2 2 4 14 -3.326 4.374 2.192
SPIN 2 2 4 15 1.774 -2.047 5.259
SPIN 3 2 5 0 -4.659 -0.126 3.644
SPIN 3 2 5 1 3.813 -4.523 0.003
SPIN 3 2 5 2 1.521 -1.971 -5.367
SPIN 3 2 5 3 5.623 1.765 -0.521
SPIN 3 2 5 4 -1.187 5.602 1.488
SPIN 3 2 5 5 0.475 5.041 3.060
SPIN 3 2 5 6 0.328 4.703 3.575
SPIN 3 2 5 7 -4.891 -1.556 2.942
SPIN 3 2 5 8 -0.232 3.059 -5.058
SPIN 3 2 5 9 3.723 1.061 -4.474
SPIN 3 2 5 10 4.703 -1.861 3.068
SPIN 3 2 5 11 -2.162 5.478 -0.558
SPIN 3 2 5 12 5.556 -1.782 0.974
SPIN 3 2 5 13 -4.644 -2.708 -2.470
SPIN 3 2 5 14 -1.100 4.098 -4.123
SPIN 3 2 5 15 4.132 1.454 3.977
SPIN 2 2 5 0 -0.325 5.823 -0.995
SPIN 2 2 5 1 -3.271 -1.090 -4.808
SPIN 2 2 5 2 1.977 -1.057 5.475
SPIN 2 2 5 3 0.954 0.048 -5.838
SPIN 2 2 5 4 -2.199 5.357 1.213
SPIN 2 2 5 5 3.337 3.361 -3.545
SPIN 2 2 5 6 5.756 0.589 1.235
SPIN 2 2 5 7 0.045 5.725 -1.491
SPIN 2 2 5 8 -5.359 -0.545 2.447
SPIN 2 2 5 9 -2.451 4.297 -3.244
SPIN 2 2 5 10 0.880 -5.152 2.773
SPIN 2 2 5 11 4.752 0.077 -3.523
SPIN 2 2 5 12 -0.849 -1.563 5.642
SPIN 2 2 5 13 -3.575 -3.664 -2.965
SPIN 2 2 5 14 -0.842 1.763 5.584
SPIN 2 2 5 15 -2.152 -4.496 -3.186
SPIN 3 2 6 0 5.891 -0.428 -0.333
SPIN 3 2 6 1 -4.496 -3.841 0.179
SPIN 3 2 6 2 -5.169 -2.878 0.054
SPIN 3 2 6 3 4.967 0.046 3.213
SPIN 3 2 6 4 4.922 1.538 -2.900
SPIN 3 2 6 5 4.506 -3.794 -0.553
SPIN 3 2 6 6 -3.857 -3.105 -3.237
SPIN 3 2 6 7 5.409 0.690 2.294
SPIN 3 2 6 8 3.235 3.011 -3.933
SPIN 3 2 6 9 -0.857 5.630 1.603
SPIN 3 2 6 10 -4.024 -1.069 -4.203
SPIN 3 2 6 11 -5.642 1.487 -0.980
SPIN 3 2 6 12 1.954 -4.112 -3.778
SPIN 3 2 6 13 -1.050 -1.274 -5.681
SPIN 3 2 6 14 3.129 -4.993 0.529
SPIN 3 2 6 15 4.092 4.263 0.286
SPIN 2 2 6 0 -2.574 2.413 4.749
SPIN 2 2 6 1 1.426 0.332 5.732
SPIN 2 2 6 2 -3.626 -4.592 0.874
SPIN 2 2 6 3 5.869 -0.734 0.119
SPIN 2 2 6 4 -3.659 -1.700 -4.327
SPIN 2 2 6 5 -2.896 -5.157 -0.134
SPIN 2 2 6 6 -1.801 5.498 -1.238
SPIN 2 2 6 7 4.461 0.648 -3.832
SPIN 2 2 6 8 -1.660 -4.625 -3.295
SPIN 2 2 6 9 -2.220 -4.915 2.432
SPIN 2 2 6 10 4.919 0.498 -3.249
SPIN 2 2 6 11 0.454 -2.918 5.126
SPIN 2 2 6 12 5.227 -2.085 1.826
SPIN 2 2 6 13 -3.795 -4.538 0.083
SPIN 2 2 6 14 4.436 1.079 -3.762
SPIN 2 2 6 15 -3.258 4.039 2.841
SPIN 3 2 7 0 -1.887 4.975 -2.586
SPIN 3 2 7 1 -5.729 -0.539 1.374
SPIN 3 2 7 2 -4.378 -2.135 3.359
SPIN 3 2 7 3 1.713 5.134 -2.389
SPIN 3 2 7 4 5.416 -0.688 2.280
SPIN 3 2 7 5 -4.969 -3.126 0.732
SPIN 3 2 7 6 2.597 -2.810 4.512
SPIN 3 2 7 7 -0.071 5.205 2.810
SPIN 3 2 7 8 -1.171 5.253 -2.457
SPIN 3 2 7 9 -1.501 0.548 -5.696
SPIN 3 2 7 10 -1.132 -1.240 5.673
SPIN 3 2 7 11 1.684 0.746 5.622
SPIN 3 2 7 12 2.462 5.191 1.410
SPIN 3 2 7 13 4.240 -0.770 -4.053
SPIN 3 2 7 14 0.528 5.892 -0.045
SPIN 3 2 7 15 -3.485 -4.511 1.581
SPIN 2 2 7 0 1.484 5.237 2.318
SPIN 2 2 7 1 0.483 -5.266 -2.652
SPIN 2 2 7 2 -2.844 4.036 -3.260
SPIN 2 2 7 3 -4.293 1.814 3.644
SPIN 2 2 7 4 5.581 -1.221 -1.536
SPIN 2 2 7 5 0.439 5.367 2.451
SPIN 2 2 7 6 -2.005 -1.615 5.327
SPIN 2 2 7 7 -2.400 -5.392 0.414
SPIN 2 2 7 8 -4.098 3.183 -2.841
SPIN 2 2 7 9 5.849 -0.159 -0.871
SPIN 2 2 7 10 -3.576 -1.117 -4.579
SPIN 2 2 7 11 -5.288 2.531 0.795
SPIN 2 2 7 12 2.462 -4.116 -3.464
SPIN 2 2 7 13 0.427 -3.224 4.942
SPIN 2 2 7 14 -5.282 -0.481 2.621
SPIN 2 2 7 15 4.374 -3.906 0.784
SPIN 3 2 8 0 -0.222 3.120 -5.021
SPIN 3 2 8 1 2.421 -4.036 3.585
SPIN 3 2 8 2 -2.927 2.724 -4.361
SPIN 3 2 8 3 0.176 -5.880 0.632
SPIN 3 2 8 4 -0.073 -5.913 0.181
SPIN 3 2 8 5 -0.984 5.739 -1.048
SPIN 3 2 8 6 1.263 -4.240 -3.928
SPIN 3 2 8 7 4.734 -2.283 -2.716
SPIN 3 2 8 8 -3.349 3.756 3.110
SPIN 3 2 8 9 5.532 2.090 -0.177
SPIN 3 2 8 10 -1.693 5.669 0.008
SPIN 3 2 8 11 -1.329 -2.657 -5.116
SPIN 3 2 8 12 -5.104 2.477 -1.679
SPIN 3 2 8 13 0.239 -4.939 -3.248
SPIN 3 2 8 14 3.344 0.237 -4.875
SPIN 3 2 8 15 -0.784 -3.852 4.421
SPIN 2 2 8 0 2.988 -2.211 4.602
SPIN 2 2 8 1 2.164 3.034 -4.595
SPIN 2 2 8 2 -3.537 -2.852 3.789
SPIN 2 2 8 3 3.444 2.944 -3.804
SPIN 2 2 8 4 1.290 -0.392 -5.760
SPIN 2 2 8 5 -1.601 2.497 5.119
SPIN 2 2 8 6 0.523 -5.621 -1.771
SPIN 2 2 8 7 0.119 3.817 4.518
SPIN 2 2 8 8 -1.170 3.065 4.923
SPIN 2 2 8 9 -5.766 -0.354 -1.277
SPIN 2 2 8 10 -3.372 3.509 -3.365
SPIN 2 2 8 11 1.547 -1.578 5.488
SPIN 2 2 8 12 -3.392 -4.619 1.468
SPIN 2 2 8 13 1.287 5.413 -2.009
SPIN 2 2 8 14 -4.283 -0.643 4.030
SPIN 2 2 8 15 -5.667 1.648 -0.416
SPIN 3 2 9 0 -2.084 -0.369 5.524
SPIN 3 2 9 1 -5.725 1.156 -0.943
SPIN 3 2 9 2 3.369 3.794 -3.042
SPIN 3 2 9 3 -1.307 5.408 2.012
SPIN 3 2 9 4 0.634 5.619 -1.739
SPIN 3 2 9 5 -2.646 -2.794 4.494
SPIN 3 2 9 6 -5.292 2.390 -1.130
SPIN 3 2 9 7 -2.933 -5.137 -0.064
SPIN 3 2 9 8 4.451 -0.882 -3.796
SPIN 3 2 9 9 2.549 4.197 3.300
SPIN 3 2 9 10 0.085 -5.126 2.952
SPIN 3 2 9 11 2.578 4.648 -2.598
SPIN 3 2 9 12 5.865 0.741 -0.228
SPIN 3 2 9 13 5.352 1.927 -1.626
SPIN 3 2 9 14 -0.802 -5.816 0.733
SPIN 3 2 9 15 4.027 0.668 4.282
SPIN 2 2 9 0 1.130 2.926 -5.016
SPIN 2 2 9 1 0.335 -3.448 -4.795
SPIN 2 2 9 2 -2.849 5.181 -0.200
SPIN 2 2 9 3 -5.306 -1.736 1.958
SPIN 2 2 9 4 1.485 -2.459 5.172
SPIN 2 2 9 5 0.922 5.481 -2.028
SPIN 2 2 9 6 -0.241 3.919 4.426
SPIN 2 2 9 7 0.336 -1.138 -5.796
SPIN 2 2 9 8 5.364 2.120 1.319
SPIN 2 2 9 9 -1.319 -3.002 -4.924
SPIN 2 2 9 10 2.117 -4.386 -3.359
SPIN 2 2 9 11 0.015 1.024 5.827
SPIN 2 2 9 12 -1.652 -0.133 -5.679
SPIN 2 2 9 13 0.521 -2.000 5.543
SPIN 2 2 9 14 -4.404 -2.338 -3.185
SPIN 2 2 9 15 5.309 0.299 2.594
SPIN 3 2 10 0 -0.386 0.035 5.903
SPIN 3 2 10 1 -2.594 -3.426 -4.066
SPIN 3 2 10 2 -1.814 -3.910 4.053
SPIN 3 2 10 3 -4.004 3.427 2.688
SPIN 3 2 10 4 -2.436 -3.370 4.208
SPIN 3 2 10 5 -0.693 -3.495 -4.723
SPIN 3 2 10 6 -1.354 -0.837 -5.698
SPIN 3 2 10 7 3.476 -3.928 -2.736
SPIN 3 2 10 8 -5.279 2.123 1.621
SPIN 3 2 10 9 -3.477 -1.983 -4.356
SPIN 3 2 10 10 0.697 -3.258 4.889
SPIN 3 2 10 11 5.300 -2.547 0.652
SPIN 3 2 10 12 -0.464 5.185 -2.811
SPIN 3 2 10 13 -4.188 4.077 -0.914
SPIN 3 2 10 14 5.451 -1.377 1.840
SPIN 3 2 10 15 4.812 2.825 1.965
SPIN 2 2 10 0 -2.076 5.523 -0.428
SPIN 2 2 10 1 -1.713 -5.552 -1.113
SPIN 2 2 10 2 2.891 1.174 5.026
SPIN 2 2 10 3 5.406 2.004 1.329
SPIN 2 2 10 4 -3.202 4.193 -2.677
SPIN 2 2 10 5 4.340 -1.232 -3.827
SPIN 2 2 10 6 -4.984 3.090 -0.782
SPIN 2 2 10 7 4.859 1.620 2.961
SPIN 2 2 10 8 -5.480 1.653 1.498
SPIN 2 2 10 9 2.133 2.170 5.073
SPIN 2 2 10 10 -2.028 5.350 -1.506
SPIN 2 2 10 11 0.119 2.783 5.219
SPIN 2 2 10 12 -1.359 -3.827 4.302
SPIN 2 2 10 13 -0.168 5.730 -1.463
SPIN 2 2 10 14 -2.642 4.805 2.220
SPIN 2 2 10 15 1.970 3.581 4.277
SPIN 3 2 11 0 4.900 2.185 -2.492
SPIN 3 2 11 1 -1.800 -4.166 3.795
SPIN 3 2 11 2 -1.137 0.984 -5.722
SPIN 3 2 11 3 3.237 -4.907 -0.667
SPIN 3 2 11 4 4.889 2.803 -1.800
SPIN 3 2 11 5 1.121 5.452 2.004
SPIN 3 2 11 6 -2.237 5.347 1.184
SPIN 3 2 11 7 -3.383 4.845 0.279
SPIN 3 2 11 8 2.134 4.586 -3.068
SPIN 3 2 11 9 0.697 -0.479 5.855
SPIN 3 2 11 10 5.701 -1.276 -0.935
SPIN 3 2 11 11 -1.778 -5.380 -1.701
SPIN 3 2 11 12 1.796 -5.355 -1.762
SPIN 3 2 11 13 1.545 5.666 -0.715
SPIN 3 2 11 14 1.656 -5.482 1.486
SPIN 3 2 11 15 4.111 -0.995 -4.136
SPIN 2 2 11 0 2.631 -5.272 0.530
SPIN 2 2 11 1 1.214 1.174 5.670
SPIN 2 2 11 2 -1.766 -3.876 -4.106
SPIN 2 2 11 3 -0.537 2.317 5.417
SPIN 2 2 11 4 -0.077 3.823 -4.514
SPIN 2 2 11 5 -2.910 4.083 -3.140
SPIN 2 2 11 6 5.651 1.606 -0.701
SPIN 2 2 11 7 -2.182 -5.228 -1.704
SPIN 2 2 11 8 -3.667 1.481 4.400
SPIN 2 2 11 9 2.925 3.483 -3.784
SPIN 2 2 11 10 -2.729 -1.953 4.872
SPIN 2 2 11 11 -5.095 -2.154 -2.098
SPIN 2 2 11 12 1.249 5.181 -2.568
SPIN 2 2 11 13 -3.879 -0.493 4.439
SPIN 2 2 11 14 -4.808 0.432 3.420
SPIN 2 2 11 15 -4.226 0.428 -4.118
SPIN 3 2 12 0 -4.589 3.252 -1.835
SPIN 3 2 12 1 5.523 -2.070 0.458
SPIN 3 2 12 2 2.641 4.734 -2.369
SPIN 3 2 12 3 0.185 -0.897 5.845
SPIN 3 2 12 4 -5.367 0.242 2.477
SPIN 3 2 12 5 -5.794 0.256 1.166
SPIN 3 2 12 6 -0.564 -0.983 5.807
SPIN 3 2 12 7 -0.227 -3.705 -4.607
SPIN 3 2 12 8 3.270 3.915 -2.996
SPIN 3 2 12 9 1.632 -2.742 4.982
SPIN 3 2 12 10 -0.785 2.781 -5.162
SPIN 3 2 12 11 -0.683 -2.599 -5.270
SPIN 3 2 12 12 -4.755 -3.072 1.718
SPIN 3 2 12 13 -0.875 2.536 5.273
SPIN 3 2 12 14 5.799 -1.161 -0.139
SPIN 3 2 12 15 -2.470 -5.047 -1.851
SPIN 2 2 12 0 5.052 1.236 2.819
SPIN 2 2 12 1 2.313 -0.668 -5.404
SPIN 2 2 12 2 -5.841 -0.804 0.486
SPIN 2 2 12 3 0.285 -4.682 -3.605
SPIN 2 2 12 4 -3.821 3.886 2.303
SPIN 2 2 12 5 3.165 -4.987 -0.337
SPIN 2 2 12 6 4.879 -1.701 -2.881
SPIN 2 2 12 7 -5.439 2.300 -0.352
SPIN 2 2 12 8 1.177 5.325 -2.293
SPIN 2 2 12 9 2.184 3.009 4.602
SPIN 2 2 12 10 -1.889 -1.520 5.397
SPIN 2 2 12 11 -3.143 -1.283 4.845
SPIN 2 2 12 12 -0.526 -4.376 3.946
SPIN 2 2 12 13 4.788 -1.187 -3.266
SPIN 2 2 12 14 -5.394 -1.887 -1.530
SPIN 2 2 12 15 -5.664 -1.028 -1.363
SPIN 3 2 13 0 0.576 5.168 -2.821
SPIN 3 2 13 1 1.224 -4.075 -4.110
SPIN 3 2 13 2 -3.868 3.934 2.136
SPIN 3 2 13 3 4.843 1.107 -3.212
SPIN 3 2 13 4 4.348 3.007 -2.657
SPIN 3 2 13 5 -0.653 -5.666 1.573
SPIN 3 2 13 6 -4.918 -2.861 1.621
SPIN 3 2 13 7 -2.757 2.894 -4.362
SPIN 3 2 13 8 -0.780 -3.136 4.956
SPIN 3 2 13 9 2.297 1.297 -5.296
SPIN 3 2 13 10 2.293 -5.444 -0.325
SPIN 3 2 13 11 -1.320 5.713 0.788
SPIN 3 2 13 12 1.207 4.944 3.017
SPIN 3 2 13 13 3.267 -1.542 -4.685
SPIN 3 2 13 14 -2.907 2.304 -4.609
SPIN 3 2 13 15 -4.047 4.196 1.005
SPIN 2 2 13 0 3.822 -4.258 -1.505
SPIN 2 2 13 1 -5.669 1.677 -0.228
SPIN 2 2 13 2 -5.191 0.930 -2.682
SPIN 2 2 13 3 -2.105 -1.651 5.276
SPIN 2 2 13 4 3.801 1.444 4.297
SPIN 2 2 13 5 -5.020 2.788 1.422
SPIN 2 2 13 6 -0.442 0.106 5.899
SPIN 2 2 13 7 -1.078 5.348 -2.288
SPIN 2 2 13 8 -0.136 -0.878 -5.849
SPIN 2 2 13 9 0.883 1.583 5.631
SPIN 2 2 13 10 3.044 -3.306 -3.848
SPIN 2 2 13 11 3.200 4.659 -1.747
SPIN 2 2 13 12 -4.450 -2.188 -3.226
SPIN 2 2 13 13 -5.859 -0.749 -0.342
SPIN 2 2 13 14 1.225 -5.328 -2.261
SPIN 2 2 13 15 1.405 -4.130 3.996
SPIN 3 2 14 0 4.784 0.248 -3.471
SPIN 3 2 14 1 -0.204 -5.840 0.924
SPIN 3 2 14 2 -1.324 -2.533 -5.180
SPIN 3 2 14 3 -5.398 -1.215 2.094
SPIN 3 2 14 4 1.838 5.021 2.531
SPIN 3 2 14 5 -2.092 -4.725 -2.881
SPIN 3 2 14 6 3.924 -4.331 -0.915
SPIN 3 2 14 7 -1.046 -2.768 5.123
SPIN 3 2 14 8 -0.595 5.610 -1.783
SPIN 3 2 14 9 2.465 4.255 3.289
SPIN 3 2 14 10 -0.791 -5.140 2.820
SPIN 3 2 14 11 5.009 -1.192 -2.913
SPIN 3 2 14 12 -1.169 5.122 2.721
SPIN 3 2 14 13 -4.270 -3.272 2.462
SPIN 3 2 14 14 4.961 1.276 -2.959
SPIN 3 2 14 15 -0.969 -5.805 -0.605
SPIN 2 2 14 0 -0.816 2.475 5.311
SPIN 2 2 14 1 4.021 -0.199 4.335
SPIN 2 2 14 2 -1.155 2.219 -5.361
SPIN 2 2 14 3 -0.842 -3.169 4.924
SPIN 2 2 14 4 -1.885 5.210 -2.075
SPIN 2 2 14 5 -5.893 -0.386 0.355
SPIN 2 2 14 6 0.348 5.636 -1.765
SPIN 2 2 14 7 -5.277 1.261 -2.358
SPIN 2 2 14 8 1.408 -1.732 5.479
SPIN 2 2 14 9 -5.315 2.591 0.199
SPIN 2 2 14 10 1.709 3.791 4.208
SPIN 2 2 14 11 5.260 -1.274 -2.389
SPIN 2 2 14 12 -4.443 1.639 -3.546
SPIN 2 2 14 13 -2.558 5.319 -0.410
SPIN 2 2 14 14 5.561 1.977 0.405
SPIN 2 2 14 15 -3.800 -3.648 -2.694
SPIN 3 2 15 0 4.694 -0.970 -3.468
SPIN 3 2 15 1 -0.360 -4.212 4.139
SPIN 3 2 15 2 -1.916 5.002 -2.513
SPIN 3 2 15 3 -2.179 -1.015 -5.406
SPIN 3 2 15 4 5.312 -0.874 -2.454
SPIN 3 2 15 5 -5.101 -1.989 2.241
SPIN 3 2 15 6 0.436 -3.434 4.798
SPIN 3 2 15 7 -4.350 1.072 3.864
SPIN 3 2 15 8 4.752 3.378 1.004
SPIN 3 2 15 9 -4.239 -4.081 -0.614
SPIN 3 2 15 10 4.124 4.240 0.124
SPIN 3 2 15 11 -4.459 -3.888 0.026
SPIN 3 2 15 12 1.349 -3.758 4.366
SPIN 3 2 15 13 0.628 -4.247 4.070
SPIN 3 2 15 14 3.370 1.408 4.654
SPIN 3 2 15 15 -1.558 4.657 3.299
SPIN 2 2 15 0 -1.712 -4.266 3.724
SPIN 2 2 15 1 4.806 3.005 1.693
SPIN 2 2 15 2 -4.947 -3.063 -1.069
SPIN 2 2 15 3 0.092 4.613 -3.703
SPIN 2 2 15 4 2.455 -0.058 5.382
SPIN 2 2 15 5 4.003 -1.178 4.194
SPIN 2 2 15 6 -1.772 3.292 4.585
SPIN 2 2 15 7 2.866 -0.159 -5.173
SPIN 2 2 15 8 2.639 4.000 -3.470
SPIN 2 2 15 9 2.178 -2.621 -4.836
SPIN 2 2 15 10 1.893 -4.058 3.866
SPIN 2 2 15 11 -2.774 5.222 0.189
SPIN 2 2 15 12 4.963 -0.802 3.119
SPIN 2 2 15 13 0.910 0.555 5.819
SPIN 2 2 15 14 -0.655 -5.027 -3.050
SPIN 2 2 15 15 3.740 4.559 -0.477
SPIN 1 3 0 0 3.462 -0.858 -4.720
SPIN 1 3 0 1 -2.870 -5.071 1.024
SPIN 1 3 0 2 1.988 3.603 4.251
SPIN 1 3 0 3 -0.686 -0.157 -5.874
SPIN 1 3 0 4 -0.340 -1.943 5.578
SPIN 1 3 0 5 -3.841 4.068 1.923
SPIN 1 3 0 6 -3.674 4.578 0.736
SPIN 1 3 0 7 2.336 -1.751 -5.145
SPIN 1 3 0 8 1.572 2.344 5.199
SPIN 1 3 0 9 1.665 2.172 5.245
SPIN 1 3 0 10 -3.196 -4.308 -2.495
SPIN 1 3 0 11 4.236 3.358 2.405
SPIN 1 3 0 12 -2.039 -4.696 2.965
SPIN 1 3 0 13 -5.579 -0.520 1.899
SPIN 1 3 0 14 4.109 -1.083 -4.116
SPIN 1 3 0 15 -5.051 2.267 2.085
SPIN 4 3 0 0 -2.615 5.304 -0.171
SPIN 4 3 0 1 2.377 5.236 1.389
SPIN 4 3 0 2 -0.931 -3.682 4.536
SPIN 4 3 0 3 1.921 5.497 -1.047
SPIN 4 3 0 4 1.186 -5.264 2.425
SPIN 4 3 0 5 5.288 -2.491 0.912
SPIN 4 3 0 6 3.165 -2.396 -4.386
SPIN 4 3 0 7 -1.404 4.224 -3.897
SPIN 4 3 0 8 4.588 -0.124 -3.734
SPIN 4 3 0 9 -3.390 2.407 4.209
SPIN 4 3 0 10 2.664 -5.249 0.593
SPIN 4 3 0 11 1.181 5.038 2.867
SPIN 4 3 0 12 -2.082 5.386 -1.287
SPIN 4 3 0 13 -0.490 -5.891 0.233
SPIN 4 3 0 14 3.649 2.636 -3.838
SPIN 4 3 0 15 2.881 -5.163 0.204
SPIN 1 3 1 0 0.430 5.661 -1.664
SPIN 1 3 1 1 -1.803 -2.087 5.234
SPIN 1 3 1 2 -3.900 1.971 -3.988
SPIN 1 3 1 3 5.681 0.800 1.446
SPIN 1 3 1 4 -1.064 1.104 -5.714
SPIN 1 3 1 5 -1.379 -3.097 -4.848
SPIN 1 3 1 6 3.471 3.072 -3.676
SPIN 1 3 1 7 1.118 2.285 5.341
SPIN 1 3 1 8 -1.649 -5.524 -1.330
SPIN 1 3 1 9 2.594 -4.500 2.832
SPIN 1 3 1 10 -2.698 4.168 -3.217
SPIN 1 3 1 11 4.514 -3.791 0.504
SPIN 1 3 1 12 1.652 4.281 -3.734
SPIN 1 3 1 13 0.542 0.061 5.891
SPIN 1 3 1 14 4.036 3.010 3.106
SPIN 1 3 1 15 -5.706 -1.118 -1.090
SPIN 4 3 1 0 3.784 4.388 1.195
SPIN 4 3 1 1 5.287 -2.635 -0.319
SPIN 4 3 1 2 4.201 -4.165 -0.101
SPIN 4 3 1 3 2.650 -0.978 -5.198
SPIN 4 3 1 4 0.349 -1.662 5.667
SPIN 4 3 1 5 -4.997 3.136 -0.436
SPIN 4 3 1 6 4.030 4.247 -0.852
SPIN 4 3 1 7 -1.844 5.474 1.279
SPIN 4 3 1 8 -3.410 4.595 -1.502
SPIN 4 3 1 9 -0.367 -0.631 -5.871
SPIN 4 3 1 10 0.597 4.144 -4.180
SPIN 4 3 1 11 4.292 1.704 -3.698
SPIN 4 3 1 12 0.178 -5.383 2.447
SPIN 4 3 1 13 2.606 1.095 -5.197
SPIN 4 3 1 14 5.098 2.468 1.709
SPIN 4 3 1 15 -3.257 -4.747 -1.364
SPIN 1 3 2 0 -2.264 2.064 -5.061
SPIN 1 3 2 1 3.608 4.612 -0.847
SPIN 1 3 2 2 1.342 -5.274 2.320
SPIN 1 3 2 3 0.146 -4.957 -3.226
SPIN 1 3 2 4 -4.675 -1.610 3.249
SPIN 1 3 2 5 4.050 4.252 -0.720
SPIN 1 3 2 6 0.157 -4.818 3.430
SPIN 1 3 2 7 -4.785 1.825 -2.962
SPIN 1 3 2 8 4.025 -3.697 -2.266
SPIN 1 3 2 9 -2.104 5.038 -2.279
SPIN 1 3 2 10 4.057 2.707 3.348
SPIN 1 3 2 11 -4.527 -0.170 -3.805
SPIN 1 3 2 12 4.032 -2.528 3.515
SPIN 1 3 2 13 -4.585 3.349 1.662
SPIN 1 3 2 14 -1.620 -1.861 5.377
SPIN 1 3 2 15 -0.678 -5.877 0.016
SPIN 4 3 2 0 -1.318 5.766 -0.131
SPIN 4 3 2 1 2.900 -1.993 -4.756
SPIN 4 3 2 2 -0.311 -1.443 5.729
SPIN 4 3 2 3 -0.795 -3.779 4.482
SPIN 4 3 2 4 -3.393 1.211 -4.692
SPIN 4 3 2 5 -1.021 5.792 -0.637
SPIN 4 3 2 6 3.046 -3.771 3.391
SPIN 4 3 2 7 -3.808 1.335 -4.326
SPIN 4 3 2 8 3.015 -0.879 -5.014
SPIN 4 3 2 9 -1.925 1.437 5.406
SPIN 4 3 2 10 2.867 1.485 -4.957
SPIN 4 3 2 11 -0.926 0.126 5.842
SPIN 4 3 2 12 0.908 1.302 -5.699
SPIN 4 3 2 13 -1.011 -1.124 5.720
SPIN 4 3 2 14 5.533 1.257 -1.675
SPIN 4 3 2 15 3.414 -3.334 3.497
SPIN 1 3 3 0 5.168 0.816 -2.761
SPIN 1 3 3 1 -5.325 -1.746 1.897
SPIN 1 3 3 2 3.398 -0.359 -4.830
SPIN 1 3 3 3 0.434 -5.488 2.167
SPIN 1 3 3 4 -4.189 2.188 -3.559
SPIN 1 3 3 5 -2.497 0.393 -5.349
SPIN 1 3 3 6 1.353 4.254 -3.882
SPIN 1 3 3 7 -2.016 5.010 2.415
SPIN 1 3 3 8 -5.067 -2.400 1.889
SPIN 1 3 3 9 2.891 2.841 4.309
SPIN 1 3 3 10 -5.056 -0.244 -3.062
SPIN 1 3 3 11 -2.672 -3.595 -3.865
SPIN 1 3 3 12 1.930 0.545 5.566
SPIN 1 3 3 13 3.729 -4.461 1.095
SPIN 1 3 3 14 -1.786 2.681 4.962
SPIN 1 3 3 15 2.041 4.299 3.514
SPIN 4 3 3 0 -2.757 -4.555 -2.579
SPIN 4 3 3 1 -5.066 -2.719 1.393
SPIN 4 3 3 2 -0.684 5.360 -2.409
SPIN 4 3 3 3 -0.328 -4.685 -3.598
SPIN 4 3 3 4 1.188 3.130 4.878
SPIN 4 3 3 5 -0.804 1.516 5.662
SPIN 4 3 3 6 0.316 1.389 -5.742
SPIN 4 3 3 7 1.509 1.057 5.622
SPIN 4 3 3 8 -1.193 -5.393 -2.121
SPIN 4 3 3 9 -4.593 3.652 -0.751
SPIN 4 3 3 10 -1.501 -4.656 -3.328
SPIN 4 3 3 11 3.070 -1.582 -4.804
SPIN 4 3 3 12 -1.571 2.050 5.323
SPIN 4 3 3 13 4.709 2.681 -2.374
SPIN 4 3 3 14 3.835 -4.199 -1.630
SPIN 4 3 3 15 -4.042 3.431 -2.625
SPIN 1 3 4 0 2.943 -5.111 0.470
SPIN 1 3 4 1 -2.347 -2.652 -4.739
SPIN 1 3 4 2 3.962 -2.155 3.829
SPIN 1 3 4 3 -1.278 2.570 -5.173
SPIN 1 3 4 4 -1.369 -2.100 5.359
SPIN 1 3 4 5 2.121 5.475 0.724
SPIN 1 3 4 6 -1.736 -5.418 1.621
SPIN 1 3 4 7 4.243 3.919 1.282
SPIN 1 3 4 8 -2.600 3.306 -4.161
SPIN 1 3 4 9 0.879 1.255 5.714
SPIN 1 3 4 10 2.804 1.525 -4.981
SPIN 1 3 4 11 5.324 -0.436 2.542
SPIN 1 3 4 12 4.212 0.859 -4.064
SPIN 1 3 4 13 -2.973 -1.671 4.834
SPIN 1 3 4 14 -3.200 1.521 4.738
SPIN 1 3 4 15 1.308 -3.670 -4.452
SPIN 4 3 4 0 5.228 -2.619 0.901
SPIN 4 3 4 1 0.918 2.215 5.408
SPIN 4 3 4 2 -3.248 -4.638 1.716
SPIN 4 3 4 3 0.713 -5.223 -2.686
SPIN 4 3 4 4 1.157 3.801 -4.383
SPIN 4 3 4 5 -5.200 2.578 1.147
SPIN 4 3 4 6 5.888 -0.086 -0.564
SPIN 4 3 4 7 4.139 -3.470 -2.414
SPIN 4 3 4 8 -4.096 -2.501 -3.459
SPIN 4 3 4 9 -0.294 -2.559 -5.326
SPIN 4 3 4 10 -4.213 1.697 -3.791
SPIN 4 3 4 11 1.383 -1.944 5.414
SPIN 4 3 4 12 -3.845 -0.788 4.427
SPIN 4 3 4 13 -0.490 2.008 -5.543
SPIN 4 3 4 14 1.873 -5.423 1.444
SPIN 4 3 4 15 -1.348 4.860 -3.093
SPIN 1 3 5 0 0.698 -5.753 1.191
SPIN 1 3 5 1 -5.651 1.735 -0.244
SPIN 1 3 5 2 -5.612 0.535 -1.796
SPIN 1 3 5 3 5.872 0.281 0.666
SPIN 1 3 5 4 -1.948 -5.585 0.092
SPIN 1 3 5 5 3.855 -2.166 -3.930
SPIN 1 3 5 6 -1.529 -4.742 -3.190
SPIN 1 3 5 7 -2.128 4.804 -2.718
SPIN 1 3 5 8 -5.649 -0.830 -1.551
SPIN 1 3 5 9 3.318 2.640 4.125
SPIN 1 3 5 10 -3.211 3.464 3.562
SPIN 1 3 5 11 -5.539 2.015 0.508
SPIN 1 3 5 12 2.829 5.159 0.614
SPIN 1 3 5 13 1.225 3.442 -4.653
SPIN 1 3 5 14 3.034 -5.070 0.303
SPIN 1 3 5 15 -0.123 5.726 1.484
SPIN 4 3 5 0 -1.992 3.708 -4.157
SPIN 4 3 5 1 -1.492 5.074 2.651
SPIN 4 3 5 2 5.229 -1.243 -2.473
SPIN 4 3 5 3 4.249 -1.749 3.726
SPIN 4 3 5 4 3.819 2.668 3.647
SPIN 4 3 5 5 -3.498 -4.572 1.362
SPIN 4 3 5 6 1.121 -3.429 4.689
SPIN 4 3 5 7 4.471 1.164 -3.695
SPIN 4 3 5 8 -3.204 -2.660 4.202
SPIN 4 3 5 9 -2.415 1.155 5.276
SPIN 4 3 5 10 2.450 -5.250 1.198
SPIN 4 3 5 11 3.019 -5.083 0.213
SPIN 4 3 5 12 -0.584 -4.381 -3.933
SPIN 4 3 5 13 3.471 3.784 2.938
SPIN 4 3 5 14 -0.360 3.560 -4.711
SPIN 4 3 5 15 0.663 -5.694 -1.463
SPIN 1 3 6 0 -3.442 1.590 4.542
SPIN 1 3 6 1 -2.214 -0.119 -5.485
SPIN 1 3 6 2 0.757 -4.392 -3.891
SPIN 1 3 6 3 -2.515 -0.070 5.355
SPIN 1 3 6 4 4.362 3.260 -2.312
SPIN 1 3 6 5 -3.590 4.679 -0.465
SPIN 1 3 6 6 -0.940 5.840 0.081
SPIN 1 3 6 7 5.127 -2.653 -1.293
SPIN 1 3 6 8 -4.964 1.300 2.944
SPIN 1 3 6 9 5.085 -2.633 -1.486
SPIN 1 3 6 10 -4.294 0.373 4.052
SPIN 1 3 6 11 2.620 -1.712 -5.021
SPIN 1 3 6 12 2.892 2.948 4.236
SPIN 1 3 6 13 -4.542 2.414 2.923
SPIN 1 3 6 14 1.567 5.700 -0.234
SPIN 1 3 6 15 3.575 -2.854 3.751
SPIN 4 3 6 0 5.254 -1.875 -1.971
SPIN 4 3 6 1 0.081 5.906 -0.340
SPIN 4 3 6 2 -4.980 -0.539 3.148
SPIN 4 3 6 3 -1.282 4.063 4.105
SPIN 4 3 6 4 -1.812 2.318 5.132
SPIN 4 3 6 5 4.814 -0.489 3.404
SPIN 4 3 6 6 -0.023 5.374 -2.475
SPIN 4 3 6 7 5.145 2.082 2.047
SPIN 4 3 6 8 -1.302 -3.929 4.227
SPIN 4 3 6 9 -0.448 2.222 -5.465
SPIN 4 3 6 10 -0.190 0.206 -5.909
SPIN 4 3 6 11 0.493 3.889 4.431
SPIN 4 3 6 12 1.123 1.958 -5.469
SPIN 4 3 6 13 1.554 -5.707 -0.110
SPIN 4 3 6 14 -4.257 -3.435 2.254
SPIN 4 3 6 15 -0.233 1.164 -5.796
SPIN 1 3 7 0 -1.434 -3.227 -4.746
SPIN 1 3 7 1 -4.308 4.039 0.364
SPIN 1 3 7 2 4.657 2.780 2.364
SPIN 1 3 7 3 5.357 1.727 -1.822
SPIN 1 3 7 4 4.335 -0.732 3.959
SPIN 1 3 7 5 -3.386 4.697 1.214
SPIN 1 3 7 6 -3.190 -4.649 1.793
SPIN 1 3 7 7 -5.865 0.492 -0.601
SPIN 1 3 7 8 5.572 0.889 1.778
SPIN 1 3 7 9 -1.864 4.819 -2.882
SPIN 1 3 7 10 -5.399 -2.017 1.337
SPIN 1 3 7 11 4.013 -2.231 3.730
SPIN 1 3 7 12 2.257 -4.195 -3.509
SPIN 1 3 7 13 3.248 -2.399 -4.324
SPIN 1 3 7 14 -4.358 -3.229 2.363
SPIN 1 3 7 15 -2.891 -5.090 0.856
SPIN 4 3 7 0 4.511 3.148 2.176
SPIN 4 3 7 1 2.028 -5.553 -0.226
SPIN 4 3 7 2 -0.384 5.141 2.902
SPIN 4 3 7 3 1.317 -4.268 -3.880
SPIN 4 3 7 4 -1.720 -5.328 1.912
SPIN 4 3 7 5 -2.149 -5.493 0.462
SPIN 4 3 7 6 5.229 -2.354 -1.455
SPIN 4 3 7 7 -2.640 -2.640 -4.589
SPIN 4 3 7 8 -4.030 -0.061 4.331
SPIN 4 3 7 9 -1.557 2.924 4.901
SPIN 4 3 7 10 -2.439 -1.486 -5.181
SPIN 4 3 7 11 -1.745 5.255 -2.082
SPIN 4 3 7 12 -1.197 -3.887 -4.296
SPIN 4 3 7 13 1.734 0.342 5.646
SPIN 4 3 7 14 -3.814 4.413 0.988
SPIN 4 3 7 15 -3.791 4.523 0.412
SPIN 1 3 8 0 -4.324 -0.402 -4.018
SPIN 1 3 8 1 -0.418 5.893 0.305
SPIN 1 3 8 2 -3.687 3.843 2.577
SPIN 1 3 8 3 4.317 -3.990 0.669
SPIN 1 3 8 4 -3.748 1.423 4.351
SPIN 1 3 8 5 3.532 -0.957 4.648
SPIN 1 3 8 6 -4.785 -2.253 -2.651
SPIN 1 3 8 7 3.053 4.011 3.096
SPIN 1 3 8 8 -1.689 -3.496 -4.464
SPIN 1 3 8 9 -4.031 1.275 -4.139
SPIN 1 3 8 10 -4.983 1.576 2.772
SPIN 1 3 8 11 1.217 -4.910 3.068
SPIN 1 3 8 12 4.562 2.630 2.697
SPIN 1 3 8 13 -3.410 4.660 1.288
SPIN 1 3 8 14 -1.103 -0.812 -5.755
SPIN 1 3 8 15 -1.967 4.411 3.416
SPIN 4 3 8 0 -5.225 -0.972 -2.598
SPIN 4 3 8 1 5.098 -3.000 0.112
SPIN 4 3 8 2 4.239 -2.467 -3.309
SPIN 4 3 8 3 2.088 5.526 0.326
SPIN 4 3 8 4 -4.544 -0.306 3.776
SPIN 4 3 8 5 2.318 0.418 -5.427
SPIN 4 3 8 6 0.464 2.439 -5.370
SPIN 4 3 8 7 -4.490 3.301 -1.985
SPIN 4 3 8 8 5.734 1.329 -0.595
SPIN 4 3 8 9 -5.854 -0.405 -0.752
SPIN 4 3 8 10 1.453 4.245 3.856
SPIN 4 3 8 11 2.014 3.704 4.150
SPIN 4 3 8 12 5.551 -2.020 0.329
SPIN 4 3 8 13 -4.439 2.997 2.512
SPIN 4 3 8 14 -1.059 -5.805 -0.428
SPIN 4 3 8 15 4.294 1.270 -3.866
SPIN 1 3 9 0 3.064 -2.065 -4.620
SPIN 1 3 9 1 0.272 -2.946 5.123
SPIN 1 3 9 2 2.680 -0.221 5.270
SPIN 1 3 9 3 -5.738 0.460 -1.365
SPIN 1 3 9 4 -4.458 -3.171 -2.253
SPIN 1 3 9 5 5.369 -2.371 -0.743
SPIN 1 3 9 6 3.489 4.740 0.596
SPIN 1 3 9 7 3.760 0.025 -4.567
SPIN 1 3 9 8 3.247 4.058 2.827
SPIN 1 3 9 9 -3.962 -2.239 -3.780
SPIN 1 3 9 10 5.800 -0.177 1.152
SPIN 1 3 9 11 -1.840 2.959 -4.781
SPIN 1 3 9 12 -0.808 1.675 -5.616
SPIN 1 3 9 13 -1.722 0.574 -5.631
SPIN 1 3 9 14 -2.824 -3.968 3.359
SPIN 1 3 9 15 1.978 3.498 4.342
SPIN 4 3 9 0 5.446 -1.325 -1.895
SPIN 4 3 9 1 -1.841 -5.622 -0.080
SPIN 4 3 9 2 0.963 -0.311 -5.829
SPIN 4 3 9 3 -4.945 -1.625 2.812
SPIN 4 3 9 4 1.518 5.670 -0.738
SPIN 4 3 9 5 -3.105 5.023 -0.355
SPIN 4 3 9 6 -2.962 -4.482 2.478
SPIN 4 3 9 7 -5.688 1.277 -1.006
SPIN 4 3 9 8 -4.426 0.766 -3.850
SPIN 4 3 9 9 -1.354 -3.292 4.725
SPIN 4 3 9 10 0.962 4.884 -3.197
SPIN 4 3 9 11 -3.701 -3.617 -2.866
SPIN 4 3 9 12 -0.081 -5.881 0.642
SPIN 4 3 9 13 -5.354 2.414 -0.715
SPIN 4 3 9 14 2.307 5.444 -0.210
SPIN 4 3 9 15 1.471 -5.093 2.626
SPIN 1 3 10 0 2.892 2.969 -4.222
SPIN 1 3 10 1 -5.050 -3.036 0.531
SPIN 1 3 10 2 1.070 1.989 5.468
SPIN 1 3 10 3 -1.224 -3.388 -4.693
SPIN 1 3 10 4 5.461 1.438 -1.764
SPIN 1 3 10 5 -5.330 0.791 2.443
SPIN 1 3 10 6 -2.335 -3.324 4.301
SPIN 1 3 10 7 -5.175 2.857 0.249
SPIN 1 3 10 8 1.614 -5.612 0.949
SPIN 1 3 10 9 5.552 2.040 0.104
SPIN 1 3 10 10 -3.402 4.178 2.444
SPIN 1 3 10 11 4.609 3.395 1.496
SPIN 1 3 10 12 5.192 0.825 -2.713
SPIN 1 3 10 13 0.925 -1.476 5.654
SPIN 1 3 10 14 4.093 -1.150 -4.114
SPIN 1 3 10 15 -4.582 1.059 -3.589
SPIN 4 3 10 0 -4.410 -3.930 0.319
SPIN 4 3 10 1 -2.190 5.073 -2.115
SPIN 4 3 10 2 -2.077 2.885 4.729
SPIN 4 3 10 3 -2.330 -5.099 -1.890
SPIN 4 3 10 4 -2.458 -4.541 -2.887
SPIN 4 3 10 5 -5.251 -0.938 2.558
SPIN 4 3 10 6 3.386 2.769 3.984
SPIN 4 3 10 7 5.501 -1.858 1.135
SPIN 4 3 10 8 -4.006 2.656 -3.449
SPIN 4 3 10 9 -0.323 0.233 5.903
SPIN 4 3 10 10 -2.766 4.644 -2.406
SPIN 4 3 10 11 -4.563 -2.916 -2.381
SPIN 4 3 10 12 -1.298 2.320 5.285
SPIN 4 3 10 13 -0.502 1.652 5.659
SPIN 4 3 10 14 2.017 3.365 4.428
SPIN 4 3 10 15 -4.906 0.244 3.298
SPIN 1 3 11 0 -2.829 -4.863 1.830
SPIN 1 3 11 1 -0.625 4.752 3.468
SPIN 1 3 11 2 -3.993 -4.334 0.517
SPIN 1 3 11 3 -0.841 4.936 3.151
SPIN 1 3 11 4 -4.316 2.169 3.416
SPIN 1 3 11 5 3.206 -4.914 0.761
SPIN 1 3 11 6 5.116 -1.800 -2.365
SPIN 1 3 11 7 -1.857 -4.245 -3.679
SPIN 1 3 11 8 -0.214 -0.634 5.878
SPIN 1 3 11 9 -3.919 1.354 4.220
SPIN 1 3 11 10 2.812 -3.457 -3.891
SPIN 1 3 11 11 4.009 4.231 1.016
SPIN 1 3 11 12 2.993 4.628 -2.151
SPIN 1 3 11 13 -1.477 -0.803 -5.672
SPIN 1 3 11 14 -1.377 3.776 4.341
SPIN 1 3 11 15 4.575 0.226 3.744
SPIN 4 3 11 0 -1.365 -2.875 4.987
SPIN 4 3 11 1 4.891 0.462 -3.296
SPIN 4 3 11 2 4.808 -0.121 -3.444
SPIN 4 3 11 3 -2.026 -3.680 -4.166
SPIN 4 3 11 4 -5.309 0.505 -2.560
SPIN 4 3 11 5 1.612 4.938 -2.831
SPIN 4 3 11 6 -3.796 -0.087 4.537
SPIN 4 3 11 7 5.835 0.883 -0.414
SPIN 4 3 11 8 3.268 1.608 -4.662
SPIN 4 3 11 9 -4.778 2.752 -2.145
SPIN 4 3 11 10 3.384 -4.851 0.125
SPIN 4 3 11 11 3.735 -0.384 -4.572
SPIN 4 3 11 12 -0.442 5.881 -0.469
SPIN 4 3 11 13 5.855 0.607 -0.588
SPIN 4 3 11 14 -5.469 -2.217 -0.417
SPIN 4 3 11 15 2.579 3.051 -4.364
SPIN 1 3 12 0 -4.472 2.341 -3.085
SPIN 1 3 12 1 -1.563 -4.223 -3.837
SPIN 1 3 12 2 5.105 2.629 -1.423
SPIN 1 3 12 3 -4.862 0.021 -3.370
SPIN 1 3 12 4 5.719 -1.375 0.638
SPIN 1 3 12 5 -1.682 -3.138 -4.725
SPIN 1 3 12 6 5.596 0.044 1.920
SPIN 1 3 12 7 0.125 -1.948 5.585
SPIN 1 3 12 8 -1.889 5.048 -2.438
SPIN 1 3 12 9 -5.618 1.745 -0.625
SPIN 1 3 12 10 2.522 -3.432 4.106
SPIN 1 3 12 11 -2.633 -2.654 4.585
SPIN 1 3 12 12 -2.334 -4.111 3.557
SPIN 1 3 12 13 -4.490 3.844 -0.259
SPIN 1 3 12 14 -1.627 -2.373 5.169
SPIN 1 3 12 15 4.152 1.009 4.092
SPIN 4 3 12 0 -1.999 4.409 3.400
SPIN 4 3 12 1 5.879 0.102 0.656
SPIN 4 3 12 2 -3.064 -4.956 1.026
SPIN 4 3 12 3 0.067 5.451 2.298
SPIN 4 3 12 4 1.488 -1.755 -5.450
SPIN 4 3 12 5 3.045 1.741 4.764
SPIN 4 3 12 6 3.969 4.168 -1.370
SPIN 4 3 12 7 -3.816 1.745 -4.171
SPIN 4 3 12 8 4.600 -2.230 2.978
SPIN 4 3 12 9 5.491 0.862 2.027
SPIN 4 3 12 10 0.408 5.155 2.874
SPIN 4 3 12 11 -4.535 -3.795 0.196
SPIN 4 3 12 12 5.712 -1.239 -0.918
SPIN 4 3 12 13 -4.267 0.589 -4.055
SPIN 4 3 12 14 5.650 -0.802 -1.562
SPIN 4 3 12 15 3.202 1.624 4.702
SPIN 1 3 13 0 5.237 2.752 0.049
SPIN 1 3 13 1 -5.623 1.113 1.462
SPIN 1 3 13 2 3.414 1.067 -4.713
SPIN 1 3 13 3 -1.736 -4.492 3.436
SPIN 1 3 13 4 -1.125 -2.531 -5.228
SPIN 1 3 13 5 3.499 3.880 -2.776
SPIN 1 3 13 6 1.356 4.053 -4.091
SPIN 1 3 13 7 1.998 -1.566 5.344
SPIN 1 3 13 8 -2.580 -4.557 -2.754
SPIN 1 3 13 9 -4.636 -2.496 -2.697
SPIN 1 3 13 10 -1.169 3.808 4.374
SPIN 1 3 13 11 -5.229 -2.062 1.846
SPIN 1 3 13 12 5.859 0.782 0.237
SPIN 1 3 13 13 2.270 -5.334 -1.181
SPIN 1 3 13 14 -4.683 2.012 3.004
SPIN 1 3 13 15 -4.241 -2.361 3.382
SPIN 4 3 13 0 0.940 -3.313 4.810
SPIN 4 3 13 1 1.833 -3.368 4.505
SPIN 4 3 13 2 0.196 5.569 -1.986
SPIN 4 3 13 3 -4.600 3.719 -0.049
SPIN 4 3 13 4 3.601 -4.492 1.360
SPIN 4 3 13 5 3.671 -2.668 3.796
SPIN 4 3 13 6 -5.623 -1.751 0.563
SPIN 4 3 13 7 -1.666 5.420 -1.688
SPIN 4 3 13 8 5.367 2.013 1.466
SPIN 4 3 13 9 -3.323 0.130 -4.893
SPIN 4 3 13 10 5.304 -1.224 2.316
SPIN 4 3 13 11 5.612 1.065 1.540
SPIN 4 3 13 12 0.412 3.255 -4.923
SPIN 4 3 13 13 5.283 2.598 0.585
SPIN 4 3 13 14 -1.477 -4.313 3.771
SPIN 4 3 13 15 1.774 0.595 -5.613
SPIN 1 3 14 0 2.295 4.631 -2.878
SPIN 1 3 14 1 -0.520 -5.227 -2.722
SPIN 1 3 14 2 3.109 3.932 3.142
SPIN 1 3 14 3 -2.520 3.892 -3.675
SPIN 1 3 14 4 5.799 -1.094 -0.421
SPIN 1 3 14 5 1.221 -3.681 -4.467
SPIN 1 3 14 6 1.222 -2.919 -4.998
SPIN 1 3 14 7 1.555 -2.873 -4.932
SPIN 1 3 14 8 5.545 0.724 -1.931
SPIN 1 3 14 9 -5.820 0.830 -0.664
SPIN 1 3 14 10 1.745 4.823 2.949
SPIN 1 3 14 11 0.308 -1.043 5.815
SPIN 1 3 14 12 -5.462 -0.895 -2.089
SPIN 1 3 14 13 0.551 1.615 5.665
SPIN 1 3 14 14 -3.096 -4.140 -2.877
SPIN 1 3 14 15 4.727 2.203 2.793
SPIN 4 3 14 0 -3.174 -3.670 -3.384
SPIN 4 3 14 1 -5.752 -1.244 -0.608
SPIN 4 3 14 2 4.630 3.664 0.362
SPIN 4 3 14 3 -5.265 1.884 1.932
SPIN 4 3 14 4 -5.482 -1.458 -1.679
SPIN 4 3 14 5 1.555 5.644 0.856
SPIN 4 3 14 6 5.593 1.627 1.034
SPIN 4 3 14 7 4.931 -3.150 0.874
SPIN 4 3 14 8 -0.518 -5.318 2.539
SPIN 4 3 14 9 2.392 -2.833 -4.610
SPIN 4 3 14 10 0.362 -5.896 0.323
SPIN 4 3 14 11 -1.014 4.500 3.704
SPIN 4 3 14 12 -0.302 5.848 -0.845
SPIN 4 3 14 13 4.552 -2.268 -3.023
SPIN 4 3 14 14 -1.394 4.821 -3.133
SPIN 4 3 14 15 0.131 0.144 5.913
SPIN 1 3 15 0 -0.002 5.186 2.847
SPIN 1 3 15 1 0.102 5.631 -1.810
SPIN 1 3 15 2 4.055 -3.624 -2.330
SPIN 1 3 15 3 -2.806 2.834 -4.370
SPIN 1 3 15 4 3.508 0.972 4.664
SPIN 1 3 15 5 -5.088 -1.320 -2.715
SPIN 1 3 15 6 3.095 -4.399 2.464
SPIN 1 3 15 7 -1.787 -3.895 4.079
SPIN 1 3 15 8 -5.328 1.574 -2.035
SPIN 1 3 15 9 5.009 -2.148 2.301
SPIN 1 3 15 10 4.188 4.048 -1.037
SPIN 1 3 15 11 3.635 -4.448 -1.413
SPIN 1 3 15 12 -5.420 -1.364 1.940
SPIN 1 3 15 13 1.644 -3.112 -4.755
SPIN 1 3 15 14 -3.056 5.058 0.280
SPIN 1 3 15 15 0.339 -4.694 -3.585
SPIN 4 3 15 0 5.238 -1.285 2.432
SPIN 4 3 15 1 -1.572 -3.151 -4.754
SPIN 4 3 15 2 -2.952 -4.936 1.386
SPIN 4 3 15 3 2.202 -2.228 -5.019
SPIN 4 3 15 4 -5.165 0.551 -2.832
SPIN 4 3 15 5 -4.828 3.261 -1.025
SPIN 4 3 15 6 -4.106 2.250 3.616
SPIN 4 3 15 7 5.355 2.484 -0.391
SPIN 4 3 15 8 -3.014 -4.120 -2.990
SPIN 4 3 15 9 -3.782 0.292 -4.540
SPIN 4 3 15 10 -2.643 2.058 4.876
SPIN 4 3 15 11 -0.630 -0.507 -5.861
SPIN 4 3 15 12 5.049 -2.354 -1.991
SPIN 4 3 15 13 -4.811 2.284 -2.576
SPIN 4 3 15 14 2.044 2.252 5.075
SPIN 4 3 15 15 -3.404 0.640 -4.796
SPIN 3 3 0 0 2.195 4.331 3.380
SPIN 3 3 0 1 -3.528 4.405 1.774
SPIN 3 3 0 2 -5.457 0.407 -2.248
SPIN 3 3 0 3 2.596 -5.286 -0.565
SPIN 3 3 0 4 -2.014 2.048 -5.172
SPIN 3 3 0 5 1.322 5.555 1.547
SPIN 3 3 0 6 1.148 -1.896 5.485
SPIN 3 3 0 7 -5.451 1.297 1.899
SPIN 3 3 0 8 3.030 5.080 0.125
SPIN 3 3 0 9 -3.770 1.371 -4.348
SPIN 3 3 0 10 1.555 -0.962 5.626
SPIN 3 3 0 11 -4.480 -1.624 -3.506
SPIN 3 3 0 12 -0.100 -1.285 5.774
SPIN 3 3 0 13 -2.696 -4.536 2.675
SPIN 3 3 0 14 1.044 5.747 -0.938
SPIN 3 3 0 15 -3.282 -1.856 4.559
SPIN 2 3 0 0 -0.695 -3.153 4.957
SPIN 2 3 0 1 3.776 -0.085 -4.554
SPIN 2 3 0 2 -0.191 1.509 -5.717
SPIN 2 3 0 3 1.596 4.151 3.902
SPIN 2 3 0 4 -1.042 1.783 5.544
SPIN 2 3 0 5 5.297 -0.340 -2.613
SPIN 2 3 0 6 -4.595 -0.690 3.662
SPIN 2 3 0 7 -3.169 2.176 4.497
SPIN 2 3 0 8 2.391 2.915 4.559
SPIN 2 3 0 9 -5.171 2.717 -0.934
SPIN 2 3 0 10 -2.776 -4.431 -2.767
SPIN 2 3 0 11 -5.495 -1.438 1.656
SPIN 2 3 0 12 4.320 -1.696 -3.669
SPIN 2 3 0 13 -1.567 3.564 4.454
SPIN 2 3 0 14 -3.705 -0.291 -4.603
SPIN 2 3 0 15 -5.428 2.349 0.149
SPIN 3 3 1 0 -1.082 -5.720 1.053
SPIN 3 3 1 1 -5.321 2.551 -0.424
SPIN 3 3 1 2 5.425 -1.933 1.354
SPIN 3 3 1 3 -2.932 0.604 -5.103
SPIN 3 3 1 4 -3.697 4.615 0.182
SPIN 3 3 1 5 -2.312 5.205 1.600
SPIN 3 3 1 6 3.377 -4.801 0.738
SPIN 3 3 1 7 -4.616 -3.700 0.025
SPIN 3 3 1 8 -3.533 -4.517 -1.454
SPIN 3 3 1 9 3.639 -4.097 -2.229
SPIN 3 3 1 10 0.155 4.348 -4.008
SPIN 3 3 1 11 1.571 2.939 4.888
SPIN 3 3 1 12 1.456 -4.082 -4.027
SPIN 3 3 1 13 1.326 -1.348 -5.606
SPIN 3 3 1 14 -3.713 -0.451 4.583
SPIN 3 3 1 15 2.077 4.793 -2.777
SPIN 2 3 1 0 -5.742 1.250 -0.682
SPIN 2 3 1 1 -3.547 0.058 4.734
SPIN 2 3 1 2 2.652 -4.298 3.081
SPIN 2 3 1 3 -4.559 -2.287 -2.997
SPIN 2 3 1 4 0.919 4.962 3.088
SPIN 2 3 1 5 -5.303 -2.608 0.273
SPIN 2 3 1 6 0.811 3.612 -4.615
SPIN 2 3 1 7 -1.867 -2.380 5.084
SPIN 2 3 1 8 -4.457 3.456 1.787
SPIN 2 3 1 9 5.246 -2.205 -1.619
SPIN 2 3 1 10 3.714 -3.954 2.362
SPIN 2 3 1 11 -3.844 -1.096 4.362
SPIN 2 3 1 12 -1.155 -2.321 5.318
SPIN 2 3 1 13 -0.868 -5.353 -2.365
SPIN 2 3 1 14 4.412 3.919 -0.415
SPIN 2 3 1 15 0.551 1.459 5.707
SPIN 3 3 2 0 -1.726 1.100 5.551
SPIN 3 3 2 1 -1.615 5.512 -1.416
SPIN 3 3 2 2 -4.382 -3.415 -2.034
SPIN 3 3 2 3 -2.411 -1.795 5.095
SPIN 3 3 2 4 4.664 -1.723 -3.207
SPIN 3 3 2 5 -4.513 -2.263 -3.084
SPIN 3 3 2 6 5.392 0.627 -2.351
SPIN 3 3 2 7 2.612 2.224 -4.820
SPIN 3 3 2 8 5.531 1.942 -0.795
SPIN 3 3 2 9 -3.527 -4.433 1.707
SPIN 3 3 2 10 0.308 5.723 -1.469
SPIN 3 3 2 11 -3.389 -4.301 -2.239
SPIN 3 3 2 12 0.125 5.148 2.913
SPIN 3 3 2 13 -5.286 1.827 1.929
SPIN 3 3 2 14 -1.063 1.727 5.558
SPIN 3 3 2 15 -2.547 -4.471 2.920
SPIN 2 3 2 0 3.922 -2.810 3.424
SPIN 2 3 2 1 5.770 -1.292 0.191
SPIN 2 3 2 2 -2.243 3.841 -3.900
SPIN 2 3 2 3 1.110 -2.250 -5.358
SPIN 2 3 2 4 -3.889 -3.212 3.091
SPIN 2 3 2 5 3.462 -1.514 4.552
SPIN 2 3 2 6 2.894 -4.697 -2.136
SPIN 2 3 2 7 -4.502 -0.474 -3.808
SPIN 2 3 2 8 5.686 1.397 0.849
SPIN 2 3 2 9 -3.970 -4.359 0.489
SPIN 2 3 2 10 5.678 0.049 -1.660
SPIN 2 3 2 11 -3.864 -0.041 -4.480
SPIN 2 3 2 12 3.506 2.676 -3.943
SPIN 2 3 2 13 5.529 -0.163 -2.099
SPIN 2 3 2 14 4.460 -3.671 1.279
SPIN 2 3 2 15 0.152 -4.116 4.247
SPIN 3 3 3 0 -5.727 0.425 1.420
SPIN 3 3 3 1 2.587 4.715 2.466
SPIN 3 3 3 2 -1.638 0.879 5.616
SPIN 3 3 3 3 2.592 -3.307 -4.165
SPIN 3 3 3 4 -2.949 3.612 -3.641
SPIN 3 3 3 5 2.773 -5.122 -1.037
SPIN 3 3 3 6 -2.204 -4.773 -2.714
SPIN 3 3 3 7 -0.777 -5.482 2.084
SPIN 3 3 3 8 2.591 3.442 -4.054
SPIN 3 3 3 9 -4.626 1.883 -3.171
SPIN 3 3 3 10 -4.743 -3.246 1.403
SPIN 3 3 3 11 1.531 -3.792 -4.275
SPIN 3 3 3 12 -0.039 -5.346 2.534
SPIN 3 3 3 13 -1.246 3.470 4.627
SPIN 3 3 3 14 1.589 -5.118 2.506
SPIN 3 3 3 15 2.298 4.982 -2.213
SPIN 2 3 3 0 2.508 -4.011 -3.553
SPIN 2 3 3 1 5.130 -1.222 2.682
SPIN 2 3 3 2 4.153 -4.211 -0.155
SPIN 2 3 3 3 -4.103 2.708 -3.291
SPIN 2 3 3 4 4.609 0.670 3.648
SPIN 2 3 3 5 -4.200 1.255 -3.973
SPIN 2 3 3 6 -2.147 5.437 0.912
SPIN 2 3 3 7 0.076 -3.458 4.800
SPIN 2 3 3 8 0.631 -1.263 5.745
SPIN 2 3 3 9 -2.977 2.716 -4.331
SPIN 2 3 3 10 2.878 -0.478 -5.147
SPIN 2 3 3 11 -2.286 3.640 4.065
SPIN 2 3 3 12 -4.759 -3.019 -1.798
SPIN 2 3 3 13 -2.448 -4.867 -2.306
SPIN 2 3 3 14 -4.720 -1.963 2.979
SPIN 2 3 3 15 -5.848 0.868 0.211
SPIN 3 3 4 0 -0.733 2.091 -5.486
SPIN 3 3 4 1 0.823 5.182 -2.732
SPIN 3 3 4 2 1.822 1.121 5.516
SPIN 3 3 4 3 -2.103 3.023 -4.630
SPIN 3 3 4 4 -2.492 -5.211 -1.280
SPIN 3 3 4 5 -3.389 0.413 4.831
SPIN 3 3 4 6 5.365 1.698 -1.827
SPIN 3 3 4 7 0.001 5.702 1.579
SPIN 3 3 4 8 -2.374 2.188 -4.957
SPIN 3 3 4 9 -3.002 3.610 -3.599
SPIN 3 3 4 10 1.706 5.170 2.316
SPIN 3 3 4 11 4.998 0.729 3.080
SPIN 3 3 4 12 -0.912 -2.528 5.271
SPIN 3 3 4 13 4.411 1.460 3.662
SPIN 3 3 4 14 3.064 4.924 1.166
SPIN 3 3 4 15 4.272 -1.255 3.896
SPIN 2 3 4 0 1.096 4.664 3.471
SPIN 2 3 4 1 3.744 -2.216 4.009
SPIN 2 3 4 2 -2.411 1.728 -5.119
SPIN 2 3 4 3 -0.160 -5.548 2.048
SPIN 2 3 4 4 -3.422 1.675 -4.526
SPIN 2 3 4 5 -3.074 -1.173 4.917
SPIN 2 3 4 6 5.600 0.073 -1.907
SPIN 2 3 4 7 -4.630 0.536 -3.643
SPIN 2 3 4 8 0.187 2.592 5.315
SPIN 2 3 4 9 1.898 4.062 -3.860
SPIN 2 3 4 10 0.201 0.765 5.863
SPIN 2 3 4 11 -3.377 -3.938 -2.844
SPIN 2 3 4 12 -3.672 -2.609 3.835
SPIN 2 3 4 13 -2.043 3.103 -4.604
SPIN 2 3 4 14 3.359 -4.645 1.463
SPIN 2 3 4 15 -1.397 4.276 -3.842
SPIN 3 3 5 0 -2.357 -3.817 -3.857
SPIN 3 3 5 1 4.752 -2.023 -2.886
SPIN 3 3 5 2 5.150 1.802 -2.287
SPIN 3 3 5 3 -1.476 4.633 3.370
SPIN 3 3 5 4 4.819 1.047 -3.269
SPIN 3 3 5 5 2.244 1.360 5.302
SPIN 3 3 5 6 -5.818 -0.146 1.064
SPIN 3 3 5 7 3.687 -3.741 -2.723
SPIN 3 3 5 8 0.294 -3.176 4.982
SPIN 3 3 5 9 -0.262 -5.861 -0.761
SPIN 3 3 5 10 -4.079 3.194 -2.857
SPIN 3 3 5 11 0.258 -5.052 -3.067
SPIN 3 3 5 12 4.607 -3.711 0.036
SPIN 3 3 5 13 -1.942 -3.807 4.091
SPIN 3 3 5 14 -2.998 -2.443 4.477
SPIN 3 3 5 15 4.562 2.213 -3.049
SPIN 2 3 5 0 2.278 -5.450 -0.330
SPIN 2 3 5 1 5.857 0.213 -0.805
SPIN 2 3 5 2 0.214 0.146 5.910
SPIN 2 3 5 3 5.789 -0.387 -1.156
SPIN 2 3 5 4 -4.310 2.576 -3.128
SPIN 2 3 5 5 0.050 -5.842 0.930
SPIN 2 3 5 6 -1.703 2.079 -5.271
SPIN 2 3 5 7 5.305 -1.980 1.715
SPIN 2 3 5 8 -0.496 -5.386 2.398
SPIN 2 3 5 9 -2.142 0.868 -5.446
SPIN 2 3 5 10 2.367 -2.799 -4.644
SPIN 2 3 5 11 1.425 4.716 -3.275
SPIN 2 3 5 12 2.712 2.429 4.663
SPIN 2 3 5 13 1.064 5.689 1.224
SPIN 2 3 5 14 -0.254 4.311 -4.044
SPIN 2 3 5 15 1.685 -3.514 4.451
SPIN 3 3 6 0 2.538 -2.595 -4.672
SPIN 3 3 6 1 -5.782 0.164 1.240
SPIN 3 3 6 2 4.772 1.233 3.272
SPIN 3 3 6 3 -3.942 -4.102 -1.624
SPIN 3 3 6 4 -4.195 -3.901 -1.477
SPIN 3 3 6 5 -3.434 -3.464 3.347
SPIN 3 3 6 6 5.759 -0.764 -1.120
SPIN 3 3 6 7 -3.660 -4.460 -1.309
SPIN 3 3 6 8 5.116 0.757 -2.872
SPIN 3 3 6 9 -3.459 1.192 -4.649
SPIN 3 3 6 10 5.483 1.764 1.352
SPIN 3 3 6 11 0.993 4.035 -4.211
SPIN 3 3 6 12 -5.511 0.938 -1.935
SPIN 3 3 6 13 0.886 5.291 -2.494
SPIN 3 3 6 14 4.468 -2.558 -2.915
SPIN 3 3 6 15 -0.378 5.604 1.858
SPIN 2 3 6 0 -2.036 2.450 4.985
SPIN 2 3 6 1 1.710 -3.944 -4.065
SPIN 2 3 6 2 5.142 -2.865 0.593
SPIN 2 3 6 3 4.698 -2.534 2.552
SPIN 2 3 6 4 1.449 -5.217 2.384
SPIN 2 3 6 5 -0.103 0.314 5.907
SPIN 2 3 6 6 -4.743 1.354 3.267
SPIN 2 3 6 7 -1.954 5.362 1.559
SPIN 2 3 6 8 4.219 -4.108 -0.564
SPIN 2 3 6 9 -4.289 -0.115 4.073
SPIN 2 3 6 10 -1.609 3.576 4.430
SPIN 2 3 6 11 -0.694 -5.266 -2.606
SPIN 2 3 6 12 -2.241 -5.128 -1.918
SPIN 2 3 6 13 4.377 -0.149 3.977
SPIN 2 3 6 14 -4.897 -1.632 2.891
SPIN 2 3 6 15 5.186 2.557 -1.255
SPIN 3 3 7 0 5.019 -0.273 3.121
SPIN 3 3 7 1 3.875 -4.223 1.467
SPIN 3 3 7 2 2.108 2.863 -4.729
SPIN 3 3 7 3 -5.466 -1.390 1.788
SPIN 3 3 7 4 5.467 2.038 -0.979
SPIN 3 3 7 5 1.528 2.686 -5.045
SPIN 3 3 7 6 -5.533 -2.091 -0.136
SPIN 3 3 7 7 4.737 -1.469 3.225
SPIN 3 3 7 8 -0.845 5.557 1.847
SPIN 3 3 7 9 4.881 -3.314 -0.442
SPIN 3 3 7 10 0.292 5.547 -2.036
SPIN 3 3 7 11 1.709 -0.938 -5.586
SPIN 3 3 7 12 0.861 5.106 -2.862
SPIN 3 3 7 13 -5.878 0.666 -0.089
SPIN 3 3 7 14 -3.315 -4.133 -2.632
SPIN 3 3 7 15 1.792 -5.537 1.065
SPIN 2 3 7 0 2.969 -1.906 -4.749
SPIN 2 3 7 1 -5.097 2.768 -1.166
SPIN 2 3 7 2 -3.678 -4.632 -0.131
SPIN 2 3 7 3 -1.765 -1.258 -5.505
SPIN 2 3 7 4 3.145 4.304 2.567
SPIN 2 3 7 5 3.278 4.787 -1.155
SPIN 2 3 7 6 -3.739 -4.102 -2.047
SPIN 2 3 7 7 -0.282 2.686 -5.264
SPIN 2 3 7 8 -1.440 -0.317 5.729
SPIN 2 3 7 9 4.565 -3.706 0.651
SPIN 2 3 7 10 2.070 -0.914 5.466
SPIN 2 3 7 11 -1.825 -4.607 -3.232
SPIN 2 3 7 12 4.146 3.254 2.688
SPIN 2 3 7 13 -4.335 -0.102 -4.025
SPIN 2 3 7 14 4.628 3.657 -0.451
SPIN 2 3 7 15 1.453 5.628 1.102
SPIN 3 3 8 0 -2.009 3.420 4.389
SPIN 3 3 8 1 -1.733 4.058 -3.941
SPIN 3 3 8 2 -0.527 -0.973 5.812
SPIN 3 3 8 3 -2.817 1.861 4.858
SPIN 3 3 8 4 -4.719 0.736 3.492
SPIN 3 3 8 5 -1.636 0.631 5.650
SPIN 3 3 8 6 4.748 -3.339 -1.143
SPIN 3 3 8 7 -3.221 -4.642 -1.753
SPIN 3 3 8 8 0.924 -5.289 -2.485
SPIN 3 3 8 9 -2.132 3.482 4.282
SPIN 3 3 8 10 2.414 -5.324 -0.907
SPIN 3 3 8 11 -2.905 0.286 5.146
SPIN 3 3 8 12 -3.840 -3.876 2.287
SPIN 3 3 8 13 1.253 5.732 0.761
SPIN 3 3 8 14 -2.965 3.693 3.545
SPIN 3 3 8 15 1.693 -4.685 3.192
SPIN 2 3 8 0 -1.459 5.716 0.450
SPIN 2 3 8 1 3.040 -4.159 -2.909
SPIN 2 3 8 2 1.757 4.910 -2.794
SPIN 2 3 8 3 -0.107 -5.904 -0.369
SPIN 2 3 8 4 0.495 -0.854 5.833
SPIN 2 3 8 5 -4.876 3.338 -0.295
SPIN 2 3 8 6 1.383 -0.124 -5.751
SPIN 2 3 8 7 2.239 -4.322 -3.362
SPIN 2 3 8 8 4.443 0.239 3.899
SPIN 2 3 8 9 -4.225 3.439 2.307
SPIN 2 3 8 10 -0.469 3.768 4.536
SPIN 2 3 8 11 -2.578 -1.668 -5.057
SPIN 2 3 8 12 -3.901 -1.072 4.316
SPIN 2 3 8 13 -3.214 -4.538 2.019
SPIN 2 3 8 14 2.302 -1.222 -5.311
SPIN 2 3 8 15 -4.931 -0.228 -3.260
SPIN 3 3 9 0 -5.124 -0.532 2.909
SPIN 3 3 9 1 -5.672 1.680 0.095
SPIN 3 3 9 2 5.708 0.648 -1.412
SPIN 3 3 9 3 -0.862 5.180 -2.725
SPIN 3 3 9 4 0.984 -2.460 5.290
SPIN 3 3 9 5 -2.064 0.476 -5.524
SPIN 3 3 9 6 -4.215 -2.808 3.057
SPIN 3 3 9 7 -0.435 0.685 -5.860
SPIN 3 3 9 8 -0.485 -3.989 4.342
SPIN 3 3 9 9 3.150 4.756 -1.569
SPIN 3 3 9 10 -5.668 1.572 0.639
SPIN 3 3 9 11 2.438 -0.802 5.331
SPIN 3 3 9 12 -5.075 -3.041 -0.033
SPIN 3 3 9 13 -0.057 -2.318 -5.443
SPIN 3 3 9 14 -4.735 -1.214 -3.332
SPIN 3 3 9 15 1.000 4.308 -3.930
SPIN 2 3 9 0 1.826 -3.174 4.646
SPIN 2 3 9 1 0.736 4.632 -3.606
SPIN 2 3 9 2 -5.197 -1.707 2.253
SPIN 2 3 9 3 -3.257 -1.779 4.608
SPIN 2 3 9 4 -5.643 -1.750 -0.312
SPIN 2 3 9 5 -1.390 -5.552 -1.497
SPIN 2 3 9 6 -5.152 2.805 -0.768
SPIN 2 3 9 7 1.119 5.328 -2.316
SPIN 2 3 9 8 3.713 1.561 4.333
SPIN 2 3 9 9 3.182 2.691 -4.199
SPIN 2 3 9 10 -3.664 4.633 -0.333
SPIN 2 3 9 11 2.842 -5.174 -0.391
SPIN 2 3 9 12 -4.894 1.880 -2.741
SPIN 2 3 9 13 2.352 5.424 0.217
SPIN 2 3 9 14 2.074 -4.545 3.168
SPIN 2 3 9 15 -3.408 -4.333 -2.148
SPIN 3 3 10 0 3.383 -4.281 2.287
SPIN 3 3 10 1 5.391 -1.826 1.614
SPIN 3 3 10 2 -3.875 3.033 3.284
SPIN 3 3 10 3 3.476 -4.374 1.946
SPIN 3 3 10 4 3.522 4.716 -0.594
SPIN 3 3 10 5 5.131 -2.826 0.830
SPIN 3 3 10 6 4.840 0.681 -3.333
SPIN 3 3 10 7 0.134 4.017 4.342
SPIN 3 3 10 8 3.633 4.457 -1.393
SPIN 3 3 10 9 -5.716 -1.231 -0.901
SPIN 3 3 10 10 5.327 -1.817 -1.823
SPIN 3 3 10 11 -0.715 4.954 3.154
SPIN 3 3 10 12 -5.300 -2.446 -0.960
SPIN 3 3 10 13 0.987 5.668 -1.378
SPIN 3 3 10 14 -0.290 0.025 5.909
SPIN 3 3 10 15 -2.249 -1.782 -5.174
SPIN 2 3 10 0 3.228 -4.166 -2.688
SPIN 2 3 10 1 -5.540 -2.046 0.348
SPIN 2 3 10 2 4.517 -3.710 0.914
SPIN 2 3 10 3 -2.738 5.211 -0.591
SPIN 2 3 10 4 1.452 -5.697 0.662
SPIN 2 3 10 5 -3.528 -4.714 0.573
SPIN 2 3 10 6 3.984 -0.236 -4.367
SPIN 2 3 10 7 -0.184 -5.886 0.564
SPIN 2 3 10 8 -1.371 -0.244 -5.750
SPIN 2 3 10 9 -2.248 -5.462 0.340
SPIN 2 3 10 10 4.632 -3.315 1.599
SPIN 2 3 10 11 -3.564 3.467 3.206
SPIN 2 3 10 12 -1.118 1.301 -5.662
SPIN 2 3 10 13 -5.746 1.251 0.651
SPIN 2 3 10 14 0.796 -2.517 -5.294
SPIN 2 3 10 15 -5.090 2.896 -0.842
SPIN 3 3 11 0 -0.401 -0.484 -5.883
SPIN 3 3 11 1 2.104 5.327 -1.483
SPIN 3 3 11 2 4.022 1.031 -4.215
SPIN 3 3 11 3 3.831 -1.917 4.080
SPIN 3 3 11 4 -5.685 -0.235 -1.619
SPIN 3 3 11 5 -5.444 2.315 -0.043
SPIN 3 3 11 6 4.405 3.949 -0.009
SPIN 3 3 11 7 -5.312 2.188 -1.413
SPIN 3 3 11 8 -4.147 4.002 -1.337
SPIN 3 3 11 9 3.308 -4.609 -1.678
SPIN 3 3 11 10 -3.611 4.661 -0.487
SPIN 3 3 11 11 -4.608 -1.744 3.276
SPIN 3 3 11 12 1.661 5.553 1.186
SPIN 3 3 11 13 1.820 -1.504 5.425
SPIN 3 3 11 14 1.759 -4.552 3.345
SPIN 3 3 11 15 2.853 3.173 -4.098
SPIN 2 3 11 0 -4.565 -1.481 -3.460
SPIN 2 3 11 1 -2.327 -2.823 -4.650
SPIN 2 3 11 2 -0.901 1.400 5.677
SPIN 2 3 11 3 -3.667 1.881 -4.245
SPIN 2 3 11 4 -4.730 -2.587 2.437
SPIN 2 3 11 5 5.218 -0.225 -2.779
SPIN 2 3 11 6 0.722 0.338 5.862
SPIN 2 3 11 7 -0.442 0.272 -5.893
SPIN 2 3 11 8 4.593 -1.926 3.193
SPIN 2 3 11 9 2.854 1.917 4.815
SPIN 2 3 11 10 -4.297 2.171 -3.438
SPIN 2 3 11 11 4.891 0.814 3.228
SPIN 2 3 11 12 0.684 -5.493 2.088
SPIN 2 3 11 13 0.166 -2.955 5.123
SPIN 2 3 11 14 -2.042 -0.841 -5.488
SPIN 2 3 11 15 1.046 -5.819 0.222
SPIN 3 3 12 0 0.316 0.450 -5.890
SPIN 3 3 12 1 -3.841 0.422 4.480
SPIN 3 3 12 2 -2.798 -2.125 4.759
SPIN 3 3 12 3 1.762 3.516 -4.419
SPIN 3 3 12 4 3.544 0.405 4.720
SPIN 3 3 12 5 5.834 -0.711 0.680
SPIN 3 3 12 6 3.655 0.209 4.647
SPIN 3 3 12 7 -3.539 -4.468 -1.586
SPIN 3 3 12 8 -2.368 2.653 4.728
SPIN 3 3 12 9 -0.595 -3.652 -4.616
SPIN 3 3 12 10 -4.157 0.109 4.208
SPIN 3 3 12 11 2.516 4.152 3.380
SPIN 3 3 12 12 1.345 1.218 -5.631
SPIN 3 3 12 13 3.390 -0.983 -4.748
SPIN 3 3 12 14 -1.709 2.510 -5.077
SPIN 3 3 12 15 5.071 -1.342 2.735
SPIN 2 3 12 0 -0.894 3.857 -4.396
SPIN 2 3 12 1 5.363 0.080 -2.495
SPIN 2 3 12 2 4.935 -0.863 -3.147
SPIN 2 3 12 3 5.872 0.721 0.061
SPIN 2 3 12 4 -0.912 -5.718 1.215
SPIN 2 3 12 5 0.614 4.218 -4.103
SPIN 2 3 12 6 -4.338 -3.776 -1.387
SPIN 2 3 12 7 -4.343 -1.993 -3.488
SPIN 2 3 12 8 4.915 1.766 -2.779
SPIN 2 3 12 9 0.364 4.980 -3.172
SPIN 2 3 12 10 4.778 -2.957 -1.851
SPIN 2 3 12 11 5.344 1.390 -2.124
SPIN 2 3 12 12 0.324 5.598 -1.886
SPIN 2 3 12 13 -1.634 5.476 1.532
SPIN 2 3 12 14 0.383 5.164 2.861
SPIN 2 3 12 15 -1.460 4.771 3.178
SPIN 3 3 13 0 -1.292 3.337 4.711
SPIN 3 3 13 1 -3.462 4.664 -1.124
SPIN 3 3 13 2 4.921 1.430 2.956
SPIN 3 3 13 3 -3.752 -2.662 -3.720
SPIN 3 3 13 4 -3.431 -2.176 4.300
SPIN 3 3 13 5 -1.255 -5.765 0.441
SPIN 3 3 13 6 -4.046 2.651 3.407
SPIN 3 3 13 7 -0.886 5.831 -0.465
SPIN 3 3 13 8 -5.477 -0.154 -2.232
SPIN 3 3 13 9 4.707 -3.580 -0.180
SPIN 3 3 13 10 -0.884 -0.880 5.783
SPIN 3 3 13 11 4.859 -0.967 3.234
SPIN 3 3 13 12 -4.071 -3.852 -1.895
SPIN 3 3 13 13 0.742 -0.179 5.867
SPIN 3 3 13 14 1.618 -1.588 -5.464
SPIN 3 3 13 15 1.216 1.674 5.542
SPIN 2 3 13 0 -5.043 2.981 0.825
SPIN 2 3 13 1 5.709 -1.424 -0.615
SPIN 2 3 13 2 2.687 5.107 1.306
SPIN 2 3 13 3 -5.096 -0.891 2.871
SPIN 2 3 13 4 1.811 -2.810 4.881
SPIN 2 3 13 5 2.604 -3.271 -4.186
SPIN 2 3 13 6 2.812 5.040 1.298
SPIN 2 3 13 7 2.271 -1.648 5.209
SPIN 2 3 13 8 1.830 2.935 4.800
SPIN 2 3 13 9 4.758 -2.859 -2.046
SPIN 2 3 13 10 0.799 2.301 5.391
SPIN 2 3 13 11 -1.689 -2.651 -5.012
SPIN 2 3 13 12 -5.826 -0.961 -0.374
SPIN 2 3 13 13 2.647 3.430 -4.028
SPIN 2 3 13 14 -5.207 -2.218 -1.721
SPIN 2 3 13 15 -4.366 2.798 2.848
SPIN 3 3 14 0 4.104 4.238 -0.452
SPIN 3 3 14 1 -3.108 -4.639 1.955
SPIN 3 3 14 2 2.457 -4.952 2.108
SPIN 3 3 14 3 5.432 1.865 -1.419
SPIN 3 3 14 4 -2.308 -5.085 1.954
SPIN 3 3 14 5 -3.617 3.149 3.464
SPIN 3 3 14 6 -4.561 -3.634 -0.992
SPIN 3 3 14 7 -2.408 -0.090 5.403
SPIN 3 3 14 8 -4.243 3.391 -2.344
SPIN 3 3 14 9 3.356 -3.795 3.055
SPIN 3 3 14 10 -1.143 -5.678 -1.205
SPIN 3 3 14 11 -2.718 4.862 -1.993
SPIN 3 3 14 12 2.626 -3.736 3.761
SPIN 3 3 14 13 -2.675 0.738 -5.225
SPIN 3 3 14 14 5.883 0.527 -0.332
SPIN 3 3 14 15 -2.505 -0.504 -5.336
SPIN 2 3 14 0 -3.729 -0.042 -4.592
SPIN 2 3 14 1 0.595 0.435 5.870
SPIN 2 3 14 2 5.490 2.122 0.598
SPIN 2 3 14 3 -4.263 -3.301 -2.436
SPIN 2 3 14 4 4.369 -3.924 -0.712
SPIN 2 3 14 5 -2.858 -3.717 3.608
SPIN 2 3 14 6 -2.231 -5.467 0.373
SPIN 2 3 14 7 3.173 4.705 -1.672
SPIN 2 3 14 8 4.748 -0.730 -3.453
SPIN 2 3 14 9 5.633 -0.284 -1.786
SPIN 2 3 14 10 -4.003 4.283 0.797
SPIN 2 3 14 11 0.252 5.489 2.193
SPIN 2 3 14 12 2.749 -4.199 -3.133
SPIN 2 3 14 13 -4.416 3.324 2.109
SPIN 2 3 14 14 3.277 -2.881 3.995
SPIN 2 3 14 15 -0.155 5.881 0.627
SPIN 3 3 15 0 -3.433 -3.115 3.676
SPIN 3 3 15 1 -2.717 5.221 -0.603
SPIN 3 3 15 2 0.024 -5.601 1.905
SPIN 3 3 15 3 -2.043 4.060 3.787
SPIN 3 3 15 4 4.802 1.117 3.270
SPIN 3 3 15 5 -0.284 -5.896 -0.389
SPIN 3 3 15 6 -3.815 2.657 -3.659
SPIN 3 3 15 7 4.595 2.780 2.482
SPIN 3 3 15 8 -0.628 -0.498 -5.862
SPIN 3 3 15 9 4.909 -1.853 2.732
SPIN 3 3 15 10 5.856 0.700 -0.473
SPIN 3 3 15 11 4.794 -1.367 -3.185
SPIN 3 3 15 12 1.326 3.770 -4.362
SPIN 3 3 15 13 -1.518 0.887 5.649
SPIN 3 3 15 14 1.446 -4.230 -3.875
SPIN 3 3 15 15 -1.641 -5.659 0.529
SPIN 2 3 15 0 -3.236 -3.193 3.786
SPIN 2 3 15 1 -4.772 1.803 -2.997
SPIN 2 3 15 2 -2.185 -5.451 0.717
SPIN 2 3 15 3 2.518 5.212 1.222
SPIN 2 3 15 4 5.556 -1.824 0.897
SPIN 2 3 15 5 -2.589 1.862 4.983
SPIN 2 3 15 6 2.438 -3.739 3.883
SPIN 2 3 15 7 4.039 4.299 -0.451
SPIN 2 3 15 8 -3.881 -3.293 3.016
SPIN 2 3 15 9 5.827 -0.732 0.718
SPIN 2 3 15 10 0.358 -0.082 -5.905
SPIN 2 3 15 11 -0.234 2.169 5.499
SPIN 2 3 15 12 -2.329 -1.280 5.286
SPIN 2 3 15 13 -1.706 -1.960 -5.315
SPIN 2 3 15 14 3.208 -2.837 -4.082
SPIN 2 3 15 15 4.823 -1.896 -2.854
SPIN 1 4 0 0 -1.085 5.226 -2.552
SPIN 1 4 0 1 5.695 -1.365 0.841
SPIN 1 4 0 2 4.205 -1.832 -3.736
SPIN 1 4 0 3 -5.071 -2.955 0.745
SPIN 1 4 0 4 1.331 5.742 -0.507
SPIN 1 4 0 5 -2.313 0.523 -5.420
SPIN 1 4 0 6 2.929 -2.376 -4.558
SPIN 1 4 0 7 0.178 -1.505 5.719
SPIN 1 4 0 8 -0.913 -5.845 0.008
SPIN 1 4 0 9 0.464 -5.868 -0.597
SPIN 1 4 0 10 2.546 2.851 4.515
SPIN 1 4 0 11 1.111 -3.751 -4.438
SPIN 1 4 0 12 -3.004 5.091 -0.238
SPIN 1 4 0 13 5.522 -0.261 2.106
SPIN 1 4 0 14 -3.430 3.219 3.589
SPIN 1 4 0 15 -0.615 -4.934 -3.205
SPIN 4 4 0 0 -3.540 2.489 -4.034
SPIN 4 4 0 1 3.472 -1.803 -4.438
SPIN 4 4 0 2 3.853 3.282 3.063
SPIN 4 4 0 3 5.682 -1.612 -0.346
SPIN 4 4 0 4 -4.549 3.712 -0.727
SPIN 4 4 0 5 -1.640 -5.656 0.572
SPIN 4 4 0 6 -5.174 1.978 2.079
SPIN 4 4 0 7 -1.621 -5.118 -2.485
SPIN 4 4 0 8 0.532 -4.718 -3.530
SPIN 4 4 0 9 3.787 -0.080 4.545
SPIN 4 4 0 10 -2.784 4.785 2.086
SPIN 4 4 0 11 -0.136 -2.261 5.465
SPIN 4 4 0 12 0.699 -3.198 4.928
SPIN 4 4 0 13 -0.517 -2.236 -5.453
SPIN 4 4 0 14 2.664 -4.038 -3.406
SPIN 4 4 0 15 1.604 2.549 5.092
SPIN 1 4 1 0 5.190 -2.035 -1.980
SPIN 1 4 1 1 5.467 -2.241 -0.301
SPIN 1 4 1 2 -5.005 -1.532 -2.757
SPIN 1 4 1 3 1.158 5.424 -2.059
SPIN 1 4 1 4 -5.834 0.945 -0.256
SPIN 1 4 1 5 4.529 0.547 3.766
SPIN 1 4 1 6 4.504 2.024 -3.259
SPIN 1 4 1 7 -2.171 5.278 -1.560
SPIN 1 4 1 8 3.053 4.807 1.603
SPIN 1 4 1 9 -4.448 0.949 -3.783
SPIN 1 4 1 10 0.041 -3.525 4.751
SPIN 1 4 1 11 3.903 -0.760 -4.381
SPIN 1 4 1 12 0.643 5.838 -0.712
SPIN 1 4 1 13 4.701 -3.388 -1.192
SPIN 1 4 1 14 -0.778 1.881 5.555
SPIN 1 4 1 15 5.708 1.237 0.944
SPIN 4 4 1 0 2.368 2.877 -4.595
SPIN 4 4 1 1 0.684 -0.913 5.805
SPIN 4 4 1 2 3.922 0.185 -4.426
SPIN 4 4 1 3 -4.723 1.016 3.415
SPIN 4 4 1 4 4.470 3.533 -1.593
SPIN 4 4 1 5 2.225 -2.796 4.715
SPIN 4 4 1 6 4.217 2.808 3.055
SPIN 4 4 1 7 1.000 -2.909 -5.053
SPIN 4 4 1 8 -2.938 -1.881 -4.778
SPIN 4 4 1 9 0.359 -1.751 5.640
SPIN 4 4 1 10 1.378 -4.765 3.224
SPIN 4 4 1 11 -2.801 4.594 2.460
SPIN 4 4 1 12 -2.491 2.468 -4.765
SPIN 4 4 1 13 -0.518 -5.762 -1.235
SPIN 4 4 1 14 -3.273 4.031 2.834
SPIN 4 4 1 15 -3.517 -4.336 -1.956
SPIN 1 4 2 0 0.543 0.026 -5.891
SPIN 1 4 2 1 -3.014 -5.056 -0.595
SPIN 1 4 2 2 4.845 3.294 0.823
SPIN 1 4 2 3 -1.076 -5.343 2.301
SPIN 1 4 2 4 3.220 -4.324 -2.436
SPIN 1 4 2 5 3.244 4.947 -0.056
SPIN 1 4 2 6 -2.105 -5.067 2.212
SPIN 1 4 2 7 5.379 -1.696 -1.785
SPIN 1 4 2 8 -4.873 -0.345 -3.337
SPIN 1 4 2 9 3.918 -3.625 -2.551
SPIN 1 4 2 10 3.029 5.033 -0.707
SPIN 1 4 2 11 -5.862 -0.571 -0.562
SPIN 1 4 2 12 -0.859 -5.235 2.618
SPIN 1 4 2 13 -5.677 1.414 0.877
SPIN 1 4 2 14 -0.867 5.700 -1.328
SPIN 1 4 2 15 -3.955 -2.058 -3.888
SPIN 4 4 2 0 1.343 -5.600 1.356
SPIN 4 4 2 1 -5.475 2.196 0.453
SPIN 4 4 2 2 0.109 -0.398 -5.902
SPIN 4 4 2 3 3.769 3.144 -3.303
SPIN 4 4 2 4 -3.262 -1.965 4.528
SPIN 4 4 2 5 -0.808 5.526 1.952
SPIN 4 4 2 6 -3.269 -3.795 -3.149
SPIN 4 4 2 7 1.568 4.212 3.847
SPIN 4 4 2 8 3.306 -3.275 3.653
SPIN 4 4 2 9 0.646 3.224 4.918
SPIN 4 4 2 10 -2.666 -5.281 0.038
SPIN 4 4 2 11 3.778 4.552 0.073
SPIN 4 4 2 12 -2.485 2.606 4.694
SPIN 4 4 2 13 -2.032 -5.093 -2.221
SPIN 4 4 2 14 -0.988 -2.034 -5.467
SPIN 4 4 2 15 -3.388 4.846 0.183
SPIN 1 4 3 0 3.566 -4.523 -1.350
SPIN 1 4 3 1 -3.604 4.689 0.145
SPIN 1 4 3 2 -0.068 -4.409 3.944
SPIN 1 4 3 3 0.201 5.325 2.570
SPIN 1 4 3 4 -5.900 -0.285 0.338
SPIN 1 4 3 5 0.174 2.556 5.333
SPIN 1 4 3 6 -4.790 3.343 0.937
SPIN 1 4 3 7 2.700 3.893 3.543
SPIN 1 4 3 8 5.078 1.641 2.553
SPIN 1 4 3 9 -3.474 -2.007 -4.348
SPIN 1 4 3 10 1.578 5.300 2.103
SPIN 1 4 3 11 4.467 3.795 0.800
SPIN 1 4 3 12 -3.287 -0.946 -4.827
SPIN 1 4 3 13 -2.875 -5.013 1.269
SPIN 1 4 3 14 -4.845 -0.963 3.256
SPIN 1 4 3 15 2.943 4.030 3.177
SPIN 4 4 3 0 -1.641 1.955 -5.337
SPIN 4 4 3 1 -2.308 3.730 3.970
SPIN 4 4 3 2 1.212 -5.788 0.170
SPIN 4 4 3 3 3.140 4.855 -1.253
SPIN 4 4 3 4 4.409 -2.197 -3.276
SPIN 4 4 3 5 3.675 1.832 4.259
SPIN 4 4 3 6 4.890 -1.564 2.940
SPIN 4 4 3 7 -4.841 -3.303 -0.810
SPIN 4 4 3 8 5.020 -2.893 1.194
SPIN 4 4 3 9 2.986 -4.808 1.722
SPIN 4 4 3 10 -5.557 1.152 -1.672
SPIN 4 4 3 11 0.923 -2.015 5.485
SPIN 4 4 3 12 0.395 5.839 -0.865
SPIN 4 4 3 13 4.553 -0.833 -3.684
SPIN 4 4 3 14 -4.316 -2.202 -3.394
SPIN 4 4 3 15 1.816 -5.589 0.679
SPIN 1 4 4 0 -0.726 -0.054 5.871
SPIN 1 4 4 1 5.351 -1.334 -2.141
SPIN 1 4 4 2 -3.053 -2.777 -4.239
SPIN 1 4 4 3 4.405 -3.186 -2.334
SPIN 1 4 4 4 1.117 5.622 -1.464
SPIN 1 4 4 5 -0.107 -4.442 -3.906
SPIN 1 4 4 6 -5.305 -0.480 2.573
SPIN 1 4 4 7 -0.881 -4.292 -3.975
SPIN 1 4 4 8 -3.778 -3.693 -2.663
SPIN 1 4 4 9 -2.701 1.840 4.931
SPIN 1 4 4 10 3.421 -4.667 1.230
SPIN 1 4 4 11 -2.533 -4.413 -3.018
SPIN 1 4 4 12 1.815 4.770 -2.993
SPIN 1 4 4 13 -1.609 1.983 5.337
SPIN 1 4 4 14 3.712 -3.515 -2.978
SPIN 1 4 4 15 0.912 -3.816 4.428
SPIN 4 4 4 0 -5.295 0.555 -2.581
SPIN 4 4 4 1 2.491 -4.173 3.373
SPIN 4 4 4 2 5.240 2.014 1.868
SPIN 4 4 4 3 -1.169 -4.204 3.994
SPIN 4 4 4 4 -0.016 -3.317 4.899
SPIN 4 4 4 5 -5.076 1.056 -2.849
SPIN 4 4 4 6 -2.076 -4.110 3.714
SPIN 4 4 4 7 1.047 5.822 0.077
SPIN 4 4 4 8 -1.412 -4.365 3.735
SPIN 4 4 4 9 -1.037 5.758 0.881
SPIN 4 4 4 10 -2.146 -5.513 -0.006
SPIN 4 4 4 11 1.218 5.517 1.756
SPIN 4 4 4 12 -3.361 -4.808 0.767
SPIN 4 4 4 13 -1.630 5.067 2.583
SPIN 4 4 4 14 4.728 -0.543 -3.515
SPIN 4 4 4 15 0.297 -5.908 0.084
SPIN 1 4 5 0 4.188 0.440 4.156
SPIN 1 4 5 1 5.236 -1.092 -2.528
SPIN 1 4 5 2 -2.934 -0.941 5.050
SPIN 1 4 5 3 -3.466 1.653 -4.500
SPIN 1 4 5 4 4.730 -0.248 3.545
SPIN 1 4 5 5 -5.132 -0.862 2.815
SPIN 1 4 5 6 0.300 1.016 -5.821
SPIN 1 4 5 7 -0.507 2.993 -5.078
SPIN 1 4 5 8 -3.208 2.351 4.379
SPIN 1 4 5 9 1.755 -0.574 -5.621
SPIN 1 4 5 10 -4.745 -0.209 -3.527
SPIN 1 4 5 11 3.736 -0.270 4.579
SPIN 1 4 5 12 -0.624 -3.442 4.771
SPIN 1 4 5 13 -0.557 -2.178 -5.472
SPIN 1 4 5 14 2.650 0.634 5.251
SPIN 1 4 5 15 -1.505 -4.184 -3.903
SPIN 4 4 5 0 -2.025 -5.278 1.743
SPIN 4 4 5 1 -0.819 4.751 -3.429
SPIN 4 4 5 2 1.530 3.968 4.113
SPIN 4 4 5 3 -0.737 5.867 0.200
SPIN 4 4 5 4 -4.272 1.012 -3.966
SPIN 4 4 5 5 -2.823 -3.864 -3.479
SPIN 4 4 5 6 4.797 3.445 0.347
SPIN 4 4 5 7 -0.851 -3.344 4.806
SPIN 4 4 5 8 2.636 -3.441 -4.026
SPIN 4 4 5 9 2.410 -4.132 -3.481
SPIN 4 4 5 10 -5.677 1.167 -1.188
SPIN 4 4 5 11 -5.763 -0.084 1.333
SPIN 4 4 5 12 -3.136 4.084 2.913
SPIN 4 4 5 13 0.769 -3.549 4.670
SPIN 4 4 5 14 0.397 1.305 5.757
SPIN 4 4 5 15 -3.342 3.813 -3.048
SPIN 1 4 6 0 0.532 -5.639 -1.710
SPIN 1 4 6 1 1.522 5.224 2.323
SPIN 1 4 6 2 -0.685 -5.806 0.904
SPIN 1 4 6 3 -3.692 -4.523 0.956
SPIN 1 4 6 4 -3.150 5.007 0.057
SPIN 1 4 6 5 5.454 -0.531 -2.229
SPIN 1 4 6 6 -5.730 -1.472 -0.021
SPIN 1 4 6 7 -5.266 -0.337 -2.675
SPIN 1 4 6 8 1.471 -0.107 -5.729
SPIN 1 4 6 9 -2.370 -0.552 -5.393
SPIN 1 4 6 10 -4.963 1.156 3.005
SPIN 1 4 6 11 5.079 -2.649 1.479
SPIN 1 4 6 12 5.750 -0.856 -1.100
SPIN 1 4 6 13 1.027 -0.003 -5.826
SPIN 1 4 6 14 -5.324 -0.368 2.554
SPIN 1 4 6 15 -4.113 -3.181 2.823
SPIN 4 4 6 0 1.854 -3.231 -4.596
SPIN 4 4 6 1 -0.630 -5.590 1.833
SPIN 4 4 6 2 -3.205 3.798 3.209
SPIN 4 4 6 3 4.555 -3.415 -1.610
SPIN 4 4 6 4 5.484 -1.243 -1.839
SPIN 4 4 6 5 -4.963 -0.943 -3.079
SPIN 4 4 6 6 -1.701 -3.865 4.143
SPIN 4 4 6 7 0.349 0.433 -5.890
SPIN 4 4 6 8 -0.132 3.373 4.859
SPIN 4 4 6 9 -0.988 0.545 -5.807
SPIN 4 4 6 10 3.673 2.767 -3.722
SPIN 4 4 6 11 -2.242 3.347 4.333
SPIN 4 4 6 12 3.252 4.808 -1.141
SPIN 4 4 6 13 -4.683 1.217 3.405
SPIN 4 4 6 14 -1.045 -5.066 -2.871
SPIN 4 4 6 15 3.283 -4.043 2.807
SPIN 1 4 7 0 -4.518 2.242 3.092
SPIN 1 4 7 1 -2.812 -0.124 -5.203
SPIN 1 4 7 2 -1.431 0.457 5.722
SPIN 1 4 7 3 1.853 -1.273 -5.472
SPIN 1 4 7 4 -3.194 -3.796 3.223
SPIN 1 4 7 5 -5.789 0.600 1.064
SPIN 1 4 7 6 1.312 0.702 -5.726
SPIN 1 4 7 7 4.468 3.873 -0.196
SPIN 1 4 7 8 -5.404 1.872 -1.514
SPIN 1 4 7 9 1.527 -3.775 -4.292
SPIN 1 4 7 10 4.787 -3.106 -1.563
SPIN 1 4 7 11 -1.252 1.792 5.498
SPIN 1 4 7 12 -3.106 4.610 2.026
SPIN 1 4 7 13 4.755 -1.720 3.071
SPIN 1 4 7 14 -3.278 4.578 -1.815
SPIN 1 4 7 15 4.979 3.196 -0.011
SPIN 4 4 7 0 -2.371 -5.419 -0.129
SPIN 4 4 7 1 -1.775 4.216 3.752
SPIN 4 4 7 2 2.261 -3.520 4.183
SPIN 4 4 7 3 2.564 0.887 5.257
SPIN 4 4 7 4 -2.409 1.916 -5.052
SPIN 4 4 7 5 5.588 -1.829 0.656
SPIN 4 4 7 6 -4.159 -2.657 3.262
SPIN 4 4 7 7 0.548 -1.547 5.684
SPIN 4 4 7 8 4.218 0.373 -4.132
SPIN 4 4 7 9 -2.798 0.073 5.212
SPIN 4 4 7 10 4.342 -0.102 -4.017
SPIN 4 4 7 11 2.436 1.373 -5.214
SPIN 4 4 7 12 0.642 -3.457 4.758
SPIN 4 4 7 13 1.229 -1.638 -5.550
SPIN 4 4 7 14 -1.529 3.093 4.806
SPIN 4 4 7 15 3.093 -3.790 3.328
SPIN 1 4 8 0 3.195 3.131 3.871
SPIN 1 4 8 1 2.101 -5.498 -0.603
SPIN 1 4 8 2 -5.911 -0.064 0.239
SPIN 1 4 8 3 5.506 -0.945 -1.948
SPIN 1 4 8 4 -4.218 -1.127 -3.992
SPIN 1 4 8 5 3.925 -4.362 0.754
SPIN 1 4 8 6 0.447 4.564 3.738
SPIN 1 4 8 7 -2.241 -0.539 5.449
SPIN 1 4 8 8 0.097 4.006 4.352
SPIN 1 4 8 9 -0.153 5.907 -0.294
SPIN 1 4 8 10 0.895 -3.326 4.810
SPIN 1 4 8 11 3.964 -2.020 -3.900
SPIN 1 4 8 12 -2.871 -5.147 -0.510
SPIN 1 4 8 13 2.018 -1.890 -5.230
SPIN 1 4 8 14 -1.466 -5.516 -1.555
SPIN 1 4 8 15 2.085 -2.155 -5.100
SPIN 4 4 8 0 4.151 2.310 3.527
SPIN 4 4 8 1 2.241 3.394 -4.296
SPIN 4 4 8 2 -1.901 2.572 4.977
SPIN 4 4 8 3 -2.979 0.546 -5.082
SPIN 4 4 8 4 0.058 4.253 4.112
SPIN 4 4 8 5 1.270 -5.285 2.336
SPIN 4 4 8 6 -1.653 4.983 2.727
SPIN 4 4 8 7 3.506 -4.715 -0.692
SPIN 4 4 8 8 0.642 -5.118 2.897
SPIN 4 4 8 9 0.021 4.120 -4.245
SPIN 4 4 8 10 2.001 -4.606 -3.127
SPIN 4 4 8 11 -1.018 -0.797 -5.773
SPIN 4 4 8 12 -0.944 4.070 4.188
SPIN 4 4 8 13 -2.967 4.610 2.222
SPIN 4 4 8 14 1.334 -2.640 -5.124
SPIN 4 4 8 15 5.205 2.538 1.210
SPIN 1 4 9 0 -3.642 -3.834 -2.652
SPIN 1 4 9 1 1.395 5.671 -0.947
SPIN 1 4 9 2 4.377 -3.933 -0.612
SPIN 1 4 9 3 -5.677 -0.736 -1.491
SPIN 1 4 9 4 5.131 2.569 -1.440
SPIN 1 4 9 5 4.217 3.101 -2.757
SPIN 1 4 9 6 -3.460 -4.711 -0.912
SPIN 1 4 9 7 0.004 -5.914 -0.149
SPIN 1 4 9 8 3.358 4.592 1.624
SPIN 1 4 9 9 5.860 -0.063 0.814
SPIN 1 4 9 10 -4.036 -4.097 1.387
SPIN 1 4 9 11 0.279 0.060 -5.909
SPIN 1 4 9 12 5.350 1.733 -1.836
SPIN 1 4 9 13 -1.695 -5.455 1.541
SPIN 1 4 9 14 -1.704 0.295 5.658
SPIN 1 4 9 15 -1.630 4.821 3.017
SPIN 4 4 9 0 -0.347 -5.616 -1.829
SPIN 4 4 9 1 3.815 4.472 0.668
SPIN 4 4 9 2 -1.313 4.679 3.374
SPIN 4 4 9 3 4.866 0.731 -3.285
SPIN 4 4 9 4 -5.176 -1.812 2.218
SPIN 4 4 9 5 -1.625 4.036 4.009
SPIN 4 4 9 6 4.382 3.087 -2.505
SPIN 4 4 9 7 -4.041 -3.155 -2.952
SPIN 4 4 9 8 -5.892 0.032 -0.527
SPIN 4 4 9 9 2.758 1.571 -4.993
SPIN 4 4 9 10 -4.196 1.804 3.760
SPIN 4 4 9 11 -2.635 4.386 2.970
SPIN 4 4 9 12 4.302 -4.009 0.652
SPIN 4 4 9 13 -5.258 -1.319 -2.369
SPIN 4 4 9 14 -5.295 -2.340 -1.221
SPIN 4 4 9 15 -3.672 1.959 4.204
SPIN 1 4 10 0 2.959 4.590 -2.276
SPIN 1 4 10 1 -4.462 2.701 2.792
SPIN 1 4 10 2 0.502 -2.339 -5.411
SPIN 1 4 10 3 -5.187 2.820 -0.373
SPIN 1 4 10 4 4.547 -2.997 -2.312
SPIN 1 4 10 5 2.024 4.025 -3.834
SPIN 1 4 10 6 -1.328 0.972 5.683
SPIN 1 4 10 7 -3.573 -1.685 4.404
SPIN 1 4 10 8 0.556 5.788 -1.090
SPIN 1 4 10 9 -4.794 1.117 3.282
SPIN 1 4 10 10 0.441 -1.733 5.639
SPIN 1 4 10 11 -5.385 0.511 -2.396
SPIN 1 4 10 12 2.949 -5.124 -0.214
SPIN 1 4 10 13 3.478 4.778 -0.273
SPIN 1 4 10 14 4.192 -0.919 -4.072
SPIN 1 4 10 15 3.544 -4.658 0.866
SPIN 4 4 10 0 -4.692 -2.802 2.266
SPIN 4 4 10 1 -3.597 -2.493 -3.981
SPIN 4 4 10 2 0.562 -2.655 5.257
SPIN 4 4 10 3 -2.038 5.404 -1.284
SPIN 4 4 10 4 -0.591 5.027 -3.062
SPIN 4 4 10 5 4.251 4.017 0.893
SPIN 4 4 10 6 -3.420 -0.288 4.819
SPIN 4 4 10 7 2.569 -4.993 -1.862
SPIN 4 4 10 8 4.579 -3.050 2.174
SPIN 4 4 10 9 -4.689 -0.517 -3.570
SPIN 4 4 10 10 1.157 -5.799 -0.172
SPIN 4 4 10 11 0.000 -5.556 -2.031
SPIN 4 4 10 12 -0.478 3.729 4.568
SPIN 4 4 10 13 -5.392 1.646 -1.794
SPIN 4 4 10 14 2.199 0.158 -5.490
SPIN 4 4 10 15 1.108 2.286 -5.343
SPIN 1 4 11 0 -1.800 -2.614 4.993
SPIN 1 4 11 1 0.919 -3.413 -4.744
SPIN 1 4 11 2 -3.931 1.956 3.965
SPIN 1 4 11 3 -5.461 -0.248 -2.262
SPIN 1 4 11 4 -4.972 -2.510 1.995
SPIN 1 4 11 5 0.730 -1.979 -5.527
SPIN 1 4 11 6 -2.738 -0.432 -5.227
SPIN 1 4 11 7 -2.012 2.628 -4.904
SPIN 1 4 11 8 -3.823 -0.345 4.502
SPIN 1 4 11 9 -0.762 2.329 -5.385
SPIN 1 4 11 10 3.565 2.446 4.038
SPIN 1 4 11 11 4.096 3.969 -1.572
SPIN 1 4 11 12 4.576 -0.194 -3.745
SPIN 1 4 11 13 -1.410 -1.417 5.568
SPIN 1 4 11 14 -5.005 -0.743 3.065
SPIN 1 4 11 15 -0.303 -2.944 5.122
SPIN 4 4 11 0 3.568 4.023 -2.466
SPIN 4 4 11 1 5.863 -0.429 0.664
SPIN 4 4 11 2 -0.530 -5.870 0.517
SPIN 4 4 11 3 1.561 3.120 -4.778
SPIN 4 4 11 4 2.164 2.736 4.778
SPIN 4 4 11 5 -5.264 -1.330 -2.350
SPIN 4 4 11 6 -1.034 1.968 5.482
SPIN 4 4 11 7 4.971 1.980 2.524
SPIN 4 4 11 8 -2.900 -4.050 3.192
SPIN 4 4 11 9 -1.000 2.957 -5.025
SPIN 4 4 11 10 3.843 -3.031 -3.323
SPIN 4 4 11 11 4.050 4.085 -1.382
SPIN 4 4 11 12 5.175 -2.187 -1.853
SPIN 4 4 11 13 -5.292 -1.543 -2.147
SPIN 4 4 11 14 -0.084 -0.724 5.871
SPIN 4 4 11 15 0.454 -5.852 -0.737
SPIN 1 4 12 0 4.483 0.661 3.803
SPIN 1 4 12 1 -1.463 2.601 5.108
SPIN 1 4 12 2 0.849 0.419 -5.840
SPIN 1 4 12 3 -4.679 -0.191 3.616
SPIN 1 4 12 4 1.798 5.408 -1.589
SPIN 1 4 12 5 -0.301 -5.510 2.133
SPIN 1 4 12 6 -1.112 5.476 1.944
SPIN 1 4 12 7 1.716 -0.426 5.646
SPIN 1 4 12 8 -3.284 3.980 -2.894
SPIN 1 4 12 9 3.578 2.743 3.831
SPIN 1 4 12 10 -3.919 0.557 4.397
SPIN 1 4 12 11 1.724 -4.746 3.083
SPIN 1 4 12 12 1.927 -4.429 -3.417
SPIN 1 4 12 13 -1.187 3.363 4.720
SPIN 1 4 12 14 -5.424 -0.931 2.172
SPIN 1 4 12 15 -1.075 1.092 -5.714
SPIN 4 4 12 0 3.273 -2.909 3.978
SPIN 4 4 12 1 2.829 0.303 -5.187
SPIN 4 4 12 2 1.359 0.114 -5.757
SPIN 4 4 12 3 3.432 2.317 4.225
SPIN 4 4 12 4 -4.742 -2.117 2.834
SPIN 4 4 12 5 -2.152 1.848 5.192
SPIN 4 4 12 6 1.065 -5.787 0.615
SPIN 4 4 12 7 4.459 3.838 0.623
SPIN 4 4 12 8 0.372 4.534 3.783
SPIN 4 4 12 9 -3.512 -4.175 2.288
SPIN 4 4 12 10 -5.685 1.617 -0.268
SPIN 4 4 12 11 1.383 -5.687 -0.865
SPIN 4 4 12 12 -5.895 -0.492 -0.059
SPIN 4 4 12 13 5.756 -1.148 -0.741
SPIN 4 4 12 14 2.110 -5.399 -1.184
SPIN 4 4 12 15 4.121 0.206 4.240
SPIN 1 4 13 0 0.412 -4.263 -4.081
SPIN 1 4 13 1 -0.244 0.937 -5.836
SPIN 1 4 13 2 -4.322 -3.906 -1.032
SPIN 1 4 13 3 2.054 -3.689 -4.144
SPIN 1 4 13 4 5.646 1.356 -1.132
SPIN 1 4 13 5 4.329 3.925 0.924
SPIN 1 4 13 6 -1.767 -2.313 -5.151
SPIN 1 4 13 7 0.668 5.164 -2.808
SPIN 1 4 13 8 4.048 -3.592 -2.390
SPIN 1 4 13 9 0.460 4.207 4.133
SPIN 1 4 13 10 2.503 -3.742 -3.838
SPIN 1 4 13 11 4.924 -3.133 -0.971
SPIN 1 4 13 12 -4.227 2.767 3.078
SPIN 1 4 13 13 2.138 -0.969 -5.430
SPIN 1 4 13 14 -4.247 -2.792 -3.028
SPIN 1 4 13 15 4.747 -0.045 3.531
SPIN 4 4 13 0 2.727 -4.279 -3.041
SPIN 4 4 13 1 -5.860 0.354 0.732
SPIN 4 4 13 2 1.654 4.701 3.188
SPIN 4 4 13 3 3.990 2.768 -3.379
SPIN 4 4 13 4 1.008 -2.876 -5.071
SPIN 4 4 13 5 3.740 0.681 4.533
SPIN 4 4 13 6 3.727 -0.822 -4.520
SPIN 4 4 13 7 -4.517 -3.001 2.364
SPIN 4 4 13 8 -1.780 4.313 -3.638
SPIN 4 4 13 9 1.650 -4.861 2.941
SPIN 4 4 13 10 -3.669 -3.963 -2.415
SPIN 4 4 13 11 -4.466 -3.870 0.282
SPIN 4 4 13 12 1.574 2.295 5.221
SPIN 4 4 13 13 -3.878 -0.499 4.440
SPIN 4 4 13 14 -1.327 0.663 5.727
SPIN 4 4 13 15 -2.566 -2.203 4.854
SPIN 1 4 14 0 -0.091 -5.613 1.867
SPIN 1 4 14 1 -1.992 5.065 2.319
SPIN 1 4 14 2 4.802 -2.208 2.658
SPIN 1 4 14 3 2.881 1.272 5.008
SPIN 1 4 14 4 -3.694 -0.900 4.533
SPIN 1 4 14 5 -4.621 2.145 3.007
SPIN 1 4 14 6 -5.653 0.486 1.676
SPIN 1 4 14 7 5.660 0.989 -1.409
SPIN 1 4 14 8 1.618 -5.253 2.187
SPIN 1 4 14 9 -3.893 -2.285 -3.824
SPIN 1 4 14 10 4.931 -2.965 1.377
SPIN 1 4 14 11 -4.120 4.046 1.288
SPIN 1 4 14 12 -2.575 5.200 -1.153
SPIN 1 4 14 13 0.333 -5.899 0.300
SPIN 1 4 14 14 1.744 4.887 2.842
SPIN 1 4 14 15 4.685 -2.974 2.050
SPIN 4 4 14 0 0.277 5.732 1.438
SPIN 4 4 14 1 1.512 -4.084 -4.005
SPIN 4 4 14 2 -4.975 1.729 -2.694
SPIN 4 4 14 3 3.342 -3.811 3.051
SPIN 4 4 14 4 -1.569 -0.971 5.621
SPIN 4 4 14 5 2.080 -3.241 -4.491
SPIN 4 4 14 6 -2.729 0.613 5.213
SPIN 4 4 14 7 -2.458 -4.002 -3.598
SPIN 4 4 14 8 5.653 1.402 1.040
SPIN 4 4 14 9 -1.307 2.190 -5.338
SPIN 4 4 14 10 3.018 2.175 -4.600
SPIN 4 4 14 11 5.215 -1.017 2.601
SPIN 4 4 14 12 -3.332 -4.877 -0.333
SPIN 4 4 14 13 1.173 5.798 -0.070
SPIN 4 4 14 14 -0.545 -5.568 1.925
SPIN 4 4 14 15 4.199 3.175 -2.700
SPIN 1 4 15 0 -2.657 1.690 -5.009
SPIN 1 4 15 1 1.765 -3.030 4.765
SPIN 1 4 15 2 2.788 3.577 3.799
SPIN 1 4 15 3 5.398 -1.485 -1.913
SPIN 1 4 15 4 -4.453 3.060 -2.410
SPIN 1 4 15 5 1.747 4.639 3.229
SPIN 1 4 15 6 2.558 2.915 -4.467
SPIN 1 4 15 7 -2.671 1.479 -5.067
SPIN 1 4 15 8 -0.127 1.253 5.780
SPIN 1 4 15 9 -4.194 4.131 -0.589
SPIN 1 4 15 10 -2.738 -0.323 -5.234
SPIN 1 4 15 11 -0.691 5.804 -0.913
SPIN 1 4 15 12 -3.833 1.368 -4.293
SPIN 1 4 15 13 -2.917 1.953 4.762
SPIN 1 4 15 14 0.739 -1.305 -5.723
SPIN 1 4 15 15 0.165 2.045 5.549
SPIN 4 4 15 0 0.419 2.086 -5.520
SPIN 4 4 15 1 4.342 -3.508 -1.960
SPIN 4 4 15 2 -0.636 4.122 -4.195
SPIN 4 4 15 3 1.070 -0.791 5.764
SPIN 4 4 15 4 -2.735 -5.245 0.065
SPIN 4 4 15 5 5.794 -0.489 1.091
SPIN 4 4 15 6 2.562 4.528 -2.817
SPIN 4 4 15 7 -3.136 4.101 -2.889
SPIN 4 4 15 8 -1.881 4.591 -3.223
SPIN 4 4 15 9 -1.072 -5.377 2.222
SPIN 4 4 15 10 -3.286 -2.107 -4.446
SPIN 4 4 15 11 -3.284 -0.411 4.904
SPIN 4 4 15 12 1.835 -0.980 -5.538
SPIN 4 4 15 13 -2.722 -4.999 1.614
SPIN 4 4 15 14 3.255 -1.389 -4.741
SPIN 4 4 15 15 -2.635 0.879 5.224
SPIN 3 4 0 0 1.579 3.407 -4.572
SPIN 3 4 0 1 -4.820 -0.633 -3.371
SPIN 3 4 0 2 -1.673 2.769 -4.953
SPIN 3 4 0 3 1.948 -5.076 2.333
SPIN 3 4 0 4 -3.876 1.088 4.335
SPIN 3 4 0 5 5.736 1.446 0.099
SPIN 3 4 0 6 2.078 5.537 -0.141
SPIN 3 4 0 7 5.073 2.269 -2.030
SPIN 3 4 0 8 5.864 0.142 -0.772
SPIN 3 4 0 9 -0.802 -4.994 3.069
SPIN 3 4 0 10 2.521 -5.265 -0.965
SPIN 3 4 0 11 0.896 5.751 -1.060
SPIN 3 4 0 12 -1.708 0.793 -5.608
SPIN 3 4 0 13 5.895 0.383 0.328
SPIN 3 4 0 14 -3.961 -3.735 -2.316
SPIN 3 4 0 15 3.794 -3.607 -2.757
SPIN 2 4 0 0 1.518 -4.104 3.981
SPIN 2 4 0 1 0.027 0.339 5.906
SPIN 2 4 0 2 3.746 1.769 -4.223
SPIN 2 4 0 3 -5.319 -2.433 0.885
SPIN 2 4 0 4 5.259 2.634 -0.636
SPIN 2 4 0 5 -5.804 -0.279 -1.111
SPIN 2 4 0 6 4.070 2.113 -3.738
SPIN 2 4 0 7 -0.522 4.233 4.100
SPIN 2 4 0 8 2.442 -4.435 -3.061
SPIN 2 4 0 9 4.340 3.405 -2.138
SPIN 2 4 0 10 -2.846 -4.974 1.469
SPIN 2 4 0 11 2.221 -0.034 5.483
SPIN 2 4 0 12 -0.902 -5.763 -0.985
SPIN 2 4 0 13 -0.633 -2.966 -5.080
SPIN 2 4 0 14 -2.863 3.121 4.131
SPIN 2 4 0 15 0.705 -2.547 -5.293
SPIN 3 4 1 0 3.685 -1.542 -4.364
SPIN 3 4 1 1 -0.971 -2.416 5.312
SPIN 3 4 1 2 -5.622 -1.720 -0.662
SPIN 3 4 1 3 -0.110 5.395 -2.425
SPIN 3 4 1 4 -0.180 -5.789 -1.208
SPIN 3 4 1 5 -0.442 0.447 -5.883
SPIN 3 4 1 6 -0.119 -5.824 1.033
SPIN 3 4 1 7 -1.427 -4.920 -2.960
SPIN 3 4 1 8 -1.947 -0.213 5.583
SPIN 3 4 1 9 -2.353 -0.317 -5.419
SPIN 3 4 1 10 -1.903 5.463 -1.237
SPIN 3 4 1 11 -5.707 1.013 -1.186
SPIN 3 4 1 12 -2.622 5.027 1.689
SPIN 3 4 1 13 -2.694 4.993 1.676
SPIN 3 4 1 14 4.896 -1.562 -2.932
SPIN 3 4 1 15 -3.602 4.569 1.074
SPIN 2 4 1 0 -5.182 2.679 0.982
SPIN 2 4 1 1 3.739 -1.260 -4.408
SPIN 2 4 1 2 -0.800 4.427 -3.842
SPIN 2 4 1 3 2.772 -5.211 -0.394
SPIN 2 4 1 4 -3.032 4.475 -2.404
SPIN 2 4 1 5 4.865 -2.450 -2.308
SPIN 2 4 1 6 -1.000 -3.870 4.362
SPIN 2 4 1 7 -4.758 -2.876 2.023
SPIN 2 4 1 8 1.581 3.918 4.141
SPIN 2 4 1 9 -0.398 1.070 5.805
SPIN 2 4 1 10 -2.907 -2.344 -4.589
SPIN 2 4 1 11 3.697 4.328 1.612
SPIN 2 4 1 12 -3.277 -1.583 -4.664
SPIN 2 4 1 13 1.746 -2.917 -4.842
SPIN 2 4 1 14 -2.178 -5.344 -1.301
SPIN 2 4 1 15 1.030 -1.280 5.683
SPIN 3 4 2 0 5.058 -0.353 3.049
SPIN 3 4 2 1 -4.999 -2.395 2.067
SPIN 3 4 2 2 0.493 -3.238 4.927
SPIN 3 4 2 3 -5.070 1.637 -2.572
SPIN 3 4 2 4 -0.417 -2.309 5.431
SPIN 3 4 2 5 0.508 0.044 -5.894
SPIN 3 4 2 6 -1.898 3.586 -4.306
SPIN 3 4 2 7 -3.489 2.874 -3.817
SPIN 3 4 2 8 0.942 0.460 5.822
SPIN 3 4 2 9 5.622 -1.106 1.474
SPIN 3 4 2 10 -2.933 5.069 0.838
SPIN 3 4 2 11 0.799 -5.812 -0.761
SPIN 3 4 2 12 -5.218 -2.165 -1.757
SPIN 3 4 2 13 -1.736 -1.619 5.419
SPIN 3 4 2 14 4.238 3.658 -1.913
SPIN 3 4 2 15 0.144 -2.595 -5.315
SPIN 2 4 2 0 2.839 2.772 -4.389
SPIN 2 4 2 1 -3.276 -1.149 4.790
SPIN 2 4 2 2 -1.291 -2.753 5.075
SPIN 2 4 2 3 -0.239 5.139 2.921
SPIN 2 4 2 4 0.339 -5.129 2.929
SPIN 2 4 2 5 2.216 -4.926 -2.413
SPIN 2 4 2 6 -0.888 2.830 5.119
SPIN 2 4 2 7 -2.356 -1.051 5.324
SPIN 2 4 2 8 -0.034 -5.322 -2.583
SPIN 2 4 2 9 -4.647 -0.002 -3.661
SPIN 2 4 2 10 -1.386 -2.955 4.934
SPIN 2 4 2 11 -0.131 -2.896 -5.157
SPIN 2 4 2 12 1.236 -1.442 -5.603
SPIN 2 4 2 13 -3.601 3.838 -2.702
SPIN 2 4 2 14 2.527 -4.931 -2.073
SPIN 2 4 2 15 -3.499 4.102 2.434
SPIN 3 4 3 0 0.401 5.812 1.028
SPIN 3 4 3 1 2.099 -5.039 -2.282
SPIN 3 4 3 2 -0.221 5.616 -1.848
SPIN 3 4 3 3 -2.883 -2.030 -4.751
SPIN 3 4 3 4 1.504 4.519 3.510
SPIN 3 4 3 5 -3.232 0.691 4.907
SPIN 3 4 3 6 3.124 -1.861 -4.667
SPIN 3 4 3 7 5.584 0.357 -1.921
SPIN 3 4 3 8 -0.538 2.274 5.435
SPIN 3 4 3 9 -4.747 0.704 3.459
SPIN 3 4 3 10 -2.789 3.961 -3.396
SPIN 3 4 3 11 -4.188 -3.647 -2.039
SPIN 3 4 3 12 3.201 -3.375 3.655
SPIN 3 4 3 13 5.395 -2.004 -1.369
SPIN 3 4 3 14 2.421 5.073 -1.845
SPIN 3 4 3 15 2.031 -4.123 -3.725
SPIN 2 4 3 0 -2.169 -2.776 4.753
SPIN 2 4 3 1 1.397 -5.668 0.959
SPIN 2 4 3 2 -0.561 5.825 -0.870
SPIN 2 4 3 3 4.542 2.257 3.046
SPIN 2 4 3 4 -3.750 -3.258 -3.213
SPIN 2 4 3 5 0.079 4.087 4.276
SPIN 2 4 3 6 -4.813 3.433 -0.228
SPIN 2 4 3 7 0.922 2.792 5.134
SPIN 2 4 3 8 0.335 1.194 -5.785
SPIN 2 4 3 9 -1.936 3.378 4.454
SPIN 2 4 3 10 5.638 1.768 0.290
SPIN 2 4 3 11 2.590 4.997 1.823
SPIN 2 4 3 12 3.328 1.049 -4.777
SPIN 2 4 3 13 0.394 -5.739 1.383
SPIN 2 4 3 14 -2.332 4.961 -2.226
SPIN 2 4 3 15 4.321 -1.285 -3.831
SPIN 3 4 4 0 3.411 -2.582 4.086
SPIN 3 4 4 1 1.243 -5.235 2.459
SPIN 3 4 4 2 -3.126 -4.953 -0.837
SPIN 3 4 4 3 -0.342 3.251 -4.931
SPIN 3 4 4 4 1.914 4.084 -3.828
SPIN 3 4 4 5 1.165 -5.573 -1.606
SPIN 3 4 4 6 -0.937 -5.118 -2.816
SPIN 3 4 4 7 -4.535 0.251 -3.791
SPIN 3 4 4 8 5.135 2.843 -0.743
SPIN 3 4 4 9 -3.967 -3.521 -2.621
SPIN 3 4 4 10 5.180 1.724 -2.279
SPIN 3 4 4 11 -5.244 -0.734 -2.638
SPIN 3 4 4 12 3.571 2.407 -4.056
SPIN 3 4 4 13 -2.359 -5.288 1.213
SPIN 3 4 4 14 0.326 -3.363 4.857
SPIN 3 4 4 15 -0.207 5.902 0.355
SPIN 2 4 4 0 0.593 -4.015 -4.305
SPIN 2 4 4 1 -4.314 3.846 -1.264
SPIN 2 4 4 2 -4.358 3.414 -2.086
SPIN 2 4 4 3 -2.371 4.941 -2.228
SPIN 2 4 4 4 5.052 3.077 -0.076
SPIN 2 4 4 5 -4.701 2.396 -2.676
SPIN 2 4 4 6 4.609 -3.592 0.922
SPIN 2 4 4 7 2.745 2.563 -4.571
SPIN 2 4 4 8 5.359 2.277 1.049
SPIN 2 4 4 9 3.942 -1.518 -4.142
SPIN 2 4 4 10 -4.830 -0.225 -3.408
SPIN 2 4 4 11 2.817 -0.021 -5.202
SPIN 2 4 4 12 3.629 3.332 3.276
SPIN 2 4 4 13 -5.368 0.096 -2.484
SPIN 2 4 4 14 2.222 -5.104 -2.003
SPIN 2 4 4 15 -0.510 2.311 5.422
SPIN 3 4 5 0 0.623 4.767 3.447
SPIN 3 4 5 1 4.867 3.051 1.417
SPIN 3 4 5 2 1.108 5.285 2.418
SPIN 3 4 5 3 -5.202 -2.798 0.329
SPIN 3 4 5 4 -1.271 5.062 -2.786
SPIN 3 4 5 5 4.621 1.568 3.345
SPIN 3 4 5 6 2.298 2.675 4.750
SPIN 3 4 5 7 -1.964 -0.329 5.571
SPIN 3 4 5 8 -0.572 -4.441 -3.867
SPIN 3 4 5 9 3.242 3.941 2.993
SPIN 3 4 5 10 -4.090 -2.587 3.402
SPIN 3 4 5 11 -4.443 2.836 -2.686
SPIN 3 4 5 12 -4.062 -4.098 1.308
SPIN 3 4 5 13 1.353 1.369 5.594
SPIN 3 4 5 14 0.866 5.846 0.269
SPIN 3 4 5 15 0.148 0.769 -5.864
SPIN 2 4 5 0 -3.590 4.699 -0.175
SPIN 2 4 5 1 5.280 -0.279 -2.654
SPIN 2 4 5 2 5.460 -0.912 -2.088
SPIN 2 4 5 3 2.540 -2.099 4.914
SPIN 2 4 5 4 -4.655 -1.499 3.329
SPIN 2 4 5 5 -0.270 -0.439 5.894
SPIN 2 4 5 6 4.261 -0.492 -4.075
SPIN 2 4 5 7 -0.174 -3.130 5.017
SPIN 2 4 5 8 5.368 2.479 0.206
SPIN 2 4 5 9 -3.452 4.154 2.414
SPIN 2 4 5 10 -5.508 -2.062 0.642
SPIN 2 4 5 11 0.448 1.811 -5.614
SPIN 2 4 5 12 1.673 -4.933 -2.806
SPIN 2 4 5 13 0.196 -0.514 5.890
SPIN 2 4 5 14 -4.771 1.939 2.911
SPIN 2 4 5 15 3.806 2.812 -3.551
SPIN 3 4 6 0 -4.918 1.521 2.916
SPIN 3 4 6 1 -5.006 -3.043 0.823
SPIN 3 4 6 2 4.320 -1.247 -3.845
SPIN 3 4 6 3 -3.428 -3.337 3.480
SPIN 3 4 6 4 0.475 0.458 -5.879
SPIN 3 4 6 5 -2.779 -3.545 -3.835
SPIN 3 4 6 6 1.780 0.164 -5.640
SPIN 3 4 6 7 1.905 -5.301 1.809
SPIN 3 4 6 8 -1.537 5.705 0.295
SPIN 3 4 6 9 5.847 -0.615 -0.656
SPIN 3 4 6 10 5.430 -2.320 0.361
SPIN 3 4 6 11 -5.086 -2.618 -1.511
SPIN 3 4 6 12 -5.871 0.718 -0.098
SPIN 3 4 6 13 -0.316 -1.885 -5.599
SPIN 3 4 6 14 -0.010 -5.650 -1.755
SPIN 3 4 6 15 -0.958 -5.112 2.819
SPIN 2 4 6 0 4.241 3.730 1.760
SPIN 2 4 6 1 -3.277 -0.009 4.926
SPIN 2 4 6 2 3.072 3.000 -4.070
SPIN 2 4 6 3 5.172 -0.949 2.711
SPIN 2 4 6 4 -5.563 1.992 0.293
SPIN 2 4 6 5 3.244 -4.592 1.839
SPIN 2 4 6 6 -4.513 3.697 0.983
SPIN 2 4 6 7 4.238 -3.568 -2.076
SPIN 2 4 6 8 -2.887 -4.469 -2.588
SPIN 2 4 6 9 4.609 -2.021 3.110
SPIN 2 4 6 10 -2.044 -0.904 -5.478
SPIN 2 4 6 11 1.565 -4.058 4.010
SPIN 2 4 6 12 -0.676 5.486 -2.108
SPIN 2 4 6 13 3.357 1.868 -4.499
SPIN 2 4 6 14 2.722 -4.750 2.241
SPIN 2 4 6 15 -5.131 -2.439 -1.651
SPIN 3 4 7 0 4.085 -4.265 0.356
SPIN 3 4 7 1 2.952 5.112 -0.395
SPIN 3 4 7 2 -4.091 4.186 0.862
SPIN 3 4 7 3 3.369 -4.834 0.529
SPIN 3 4 7 4 -1.456 -2.908 4.942
SPIN 3 4 7 5 4.674 -2.893 2.189
SPIN 3 4 7 6 3.575 -4.570 -1.156
SPIN 3 4 7 7 -5.487 0.301 -2.192
SPIN 3 4 7 8 4.491 -3.836 -0.342
SPIN 3 4 7 9 -2.712 5.193 0.828
SPIN 3 4 7 10 -0.685 -4.412 3.881
SPIN 3 4 7 11 3.623 -4.571 -0.989
SPIN 3 4 7 12 -5.757 1.053 0.863
SPIN 3 4 7 13 5.611 1.783 -0.577
SPIN 3 4 7 14 2.940 -4.222 2.921
SPIN 3 4 7 15 2.115 5.207 -1.848
SPIN 2 4 7 0 1.328 2.359 5.260
SPIN 2 4 7 1 5.451 -2.217 -0.613
SPIN 2 4 7 2 4.936 0.887 -3.139
SPIN 2 4 7 3 -4.057 0.308 -4.295
SPIN 2 4 7 4 2.154 -2.147 5.074
SPIN 2 4 7 5 -5.383 2.375 0.622
SPIN 2 4 7 6 0.325 -0.842 5.847
SPIN 2 4 7 7 2.060 -0.914 5.470
SPIN 2 4 7 8 -1.014 3.689 -4.512
SPIN 2 4 7 9 -5.325 0.562 2.515
SPIN 2 4 7 10 2.722 3.296 -4.090
SPIN 2 4 7 11 -5.216 2.693 -0.738
SPIN 2 4 7 12 0.988 5.797 0.651
SPIN 2 4 7 13 3.419 -4.789 -0.610
SPIN 2 4 7 14 -3.402 2.489 -4.151
SPIN 2 4 7 15 2.335 -5.414 -0.481
SPIN 3 4 8 0 3.335 4.763 -1.095
SPIN 3 4 8 1 -0.420 -5.330 -2.533
SPIN 3 4 8 2 2.144 -4.818 -2.681
SPIN 3 4 8 3 1.950 -4.535 3.260
SPIN 3 4 8 4 4.348 -0.308 -4.000
SPIN 3 4 8 5 -2.795 -4.457 -2.706
SPIN 3 4 8 6 -5.640 -1.469 -1.019
SPIN 3 4 8 7 5.167 2.429 1.551
SPIN 3 4 8 8 -2.029 4.671 -3.011
SPIN 3 4 8 9 3.949 -3.671 2.436
SPIN 3 4 8 10 -2.464 -1.459 5.177
SPIN 3 4 8 11 -2.940 3.457 3.795
SPIN 3 4 8 12 3.870 3.434 2.869
SPIN 3 4 8 13 1.064 2.750 5.129
SPIN 3 4 8 14 -2.811 0.292 5.197
SPIN 3 4 8 15 -5.657 -1.105 -1.331
SPIN 2 4 8 0 1.637 -4.744 3.132
SPIN 2 4 8 1 -0.419 5.832 0.902
SPIN 2 4 8 2 -5.067 -2.601 1.600
SPIN 2 4 8 3 -0.217 5.761 1.328
SPIN 2 4 8 4 1.385 -4.394 -3.711
SPIN 2 4 8 5 4.587 -1.958 -3.182
SPIN 2 4 8 6 0.577 -2.374 5.388
SPIN 2 4 8 7 -5.512 1.993 0.804
SPIN 2 4 8 8 -1.063 -0.610 -5.788
SPIN 2 4 8 9 -0.582 -5.876 0.364
SPIN 2 4 8 10 1.328 5.143 2.605
SPIN 2 4 8 11 2.291 -5.313 1.235
SPIN 2 4 8 12 -2.973 -5.009 -1.037
SPIN 2 4 8 13 -3.868 -0.612 -4.435
SPIN 2 4 8 14 4.556 1.330 -3.531
SPIN 2 4 8 15 -1.524 2.109 5.313
SPIN 3 4 9 0 2.913 0.219 -5.144
SPIN 3 4 9 1 -0.550 -4.169 4.161
SPIN 3 4 9 2 1.775 2.386 5.115
SPIN 3 4 9 3 5.513 -2.055 0.619
SPIN 3 4 9 4 -1.644 -3.128 4.744
SPIN 3 4 9 5 3.526 4.410 -1.765
SPIN 3 4 9 6 3.675 2.830 -3.673
SPIN 3 4 9 7 -0.427 -5.612 -1.824
SPIN 3 4 9 8 0.092 4.662 3.641
SPIN 3 4 9 9 -4.574 1.013 3.613
SPIN 3 4 9 10 3.372 3.279 -3.589
SPIN 3 4 9 11 1.097 -0.595 -5.783
SPIN 3 4 9 12 1.742 -0.516 5.630
SPIN 3 4 9 13 3.117 4.626 -1.970
SPIN 3 4 9 14 2.692 -0.588 5.235
SPIN 3 4 9 15 0.536 -5.271 2.633
SPIN 2 4 9 0 3.064 3.344 -3.799
SPIN 2 4 9 1 0.904 -5.801 0.732
SPIN 2 4 9 2 2.798 2.439 -4.607
SPIN 2 4 9 3 -2.770 -4.516 -2.633
SPIN 2 4 9 4 -4.101 3.554 -2.356
SPIN 2 4 9 5 3.989 4.280 0.875
SPIN 2 4 9 6 -1.529 -4.538 -3.474
SPIN 2 4 9 7 4.860 1.562 2.990
SPIN 2 4 9 8 -4.574 -0.060 -3.751
SPIN 2 4 9 9 1.313 1.065 -5.669
SPIN 2 4 9 10 -4.314 -3.317 2.322
SPIN 2 4 9 11 -2.416 -2.119 4.967
SPIN 2 4 9 12 4.948 2.081 2.487
SPIN 2 4 9 13 -0.911 -5.845 -0.040
SPIN 2 4 9 14 4.390 2.506 -3.073
SPIN 2 4 9 15 4.456 -3.670 -1.296
SPIN 3 4 10 0 2.232 3.329 4.351
SPIN 3 4 10 1 -3.645 4.061 2.286
SPIN 3 4 10 2 2.548 -3.463 -4.064
SPIN 3 4 10 3 -1.716 -3.220 4.657
SPIN 3 4 10 4 0.831 3.091 -4.976
SPIN 3 4 10 5 -0.184 -4.488 3.850
SPIN 3 4 10 6 -2.274 -4.653 -2.860
SPIN 3 4 10 7 4.182 4.184 -0.079
SPIN 3 4 10 8 4.275 1.757 -3.693
SPIN 3 4 10 9 -1.628 -1.993 -5.327
SPIN 3 4 10 10 0.394 -5.076 3.013
SPIN 3 4 10 11 -0.169 5.869 0.729
SPIN 3 4 10 12 2.967 -3.433 -3.796
SPIN 3 4 10 13 -4.092 3.996 1.511
SPIN 3 4 10 14 -0.210 -0.943 -5.837
SPIN 3 4 10 15 -2.820 1.399 5.009
SPIN 2 4 10 0 1.711 2.273 -5.187
SPIN 2 4 10 1 5.264 -2.434 -1.170
SPIN 2 4 10 2 -4.473 3.379 -1.890
SPIN 2 4 10 3 4.921 0.072 3.282
SPIN 2 4 10 4 -2.698 2.517 -4.624
SPIN 2 4 10 5 5.683 0.332 1.612
SPIN 2 4 10 6 -2.408 4.073 3.551
SPIN 2 4 10 7 -3.213 4.964 -0.190
SPIN 2 4 10 8 4.065 -2.260 -3.657
SPIN 2 4 10 9 1.924 1.195 5.465
SPIN 2 4 10 10 -0.108 4.850 -3.386
SPIN 2 4 10 11 4.425 2.366 -3.133
SPIN 2 4 10 12 -1.219 0.172 -5.787
SPIN 2 4 10 13 -1.336 4.125 4.025
SPIN 2 4 10 14 -1.785 -0.166 5.638
SPIN 2 4 10 15 0.551 1.917 5.570
SPIN 3 4 11 0 -0.810 1.561 5.649
SPIN 3 4 11 1 -0.515 -4.793 3.430
SPIN 3 4 11 2 1.542 1.552 5.497
SPIN 3 4 11 3 1.825 5.582 -0.713
SPIN 3 4 11 4 5.141 -2.887 0.485
SPIN 3 4 11 5 -3.341 -3.494 -3.410
SPIN 3 4 11 6 4.480 -0.648 -3.809
SPIN 3 4 11 7 -1.750 3.010 4.783
SPIN 3 4 11 8 0.197 -4.672 -3.625
SPIN 3 4 11 9 -1.815 5.620 0.352
SPIN 3 4 11 10 2.731 0.174 -5.245
SPIN 3 4 11 11 -2.530 -3.078 4.373
SPIN 3 4 11 12 -0.449 -5.427 2.311
SPIN 3 4 11 13 4.868 3.251 -0.859
SPIN 3 4 11 14 -2.409 5.403 -0.081
SPIN 3 4 11 15 -3.886 -3.403 2.884
SPIN 2 4 11 0 -3.040 -0.249 5.069
SPIN 2 4 11 1 -3.823 3.858 -2.346
SPIN 2 4 11 2 3.947 -4.044 -1.753
SPIN 2 4 11 3 1.841 -0.983 5.536
SPIN 2 4 11 4 -0.651 -5.871 0.319
SPIN 2 4 11 5 -3.489 2.749 3.908
SPIN 2 4 11 6 -2.520 2.075 -4.934
SPIN 2 4 11 7 -3.192 4.508 2.118
SPIN 2 4 11 8 -3.999 -3.779 -2.174
SPIN 2 4 11 9 -2.927 -2.765 -4.334
SPIN 2 4 11 10 -4.106 0.846 4.174
SPIN 2 4 11 11 -2.146 5.327 -1.419
SPIN 2 4 11 12 -3.127 -3.639 -3.461
SPIN 2 4 11 13 -1.333 -5.741 0.513
SPIN 2 4 11 14 5.664 -0.149 -1.701
SPIN 2 4 11 15 1.734 -5.040 -2.569
SPIN 3 4 12 0 3.912 2.996 -3.274
SPIN 3 4 12 1 1.035 4.843 3.236
SPIN 3 4 12 2 -4.953 0.158 -3.232
SPIN 3 4 12 3 3.825 -3.829 2.390
SPIN 3 4 12 4 5.401 -2.398 0.277
SPIN 3 4 12 5 -4.124 -3.417 -2.514
SPIN 3 4 12 6 3.112 -3.915 -3.161
SPIN 3 4 12 7 -0.030 4.916 3.291
SPIN 3 4 12 8 -1.777 4.781 -2.998
SPIN 3 4 12 9 3.566 1.149 4.578
SPIN 3 4 12 10 -1.796 -4.855 -2.863
SPIN 3 4 12 11 0.487 2.458 5.359
SPIN 3 4 12 12 1.730 3.511 4.436
SPIN 3 4 12 13 2.391 -4.382 3.176
SPIN 3 4 12 14 2.850 1.115 5.063
SPIN 3 4 12 15 0.792 4.986 -3.084
SPIN 2 4 12 0 -3.565 -4.719 0.130
SPIN 2 4 12 1 -1.656 -5.558 1.169
SPIN 2 4 12 2 -3.526 -1.610 4.470
SPIN 2 4 12 3 -0.408 -3.860 -4.464
SPIN 2 4 12 4 5.327 1.368 2.180
SPIN 2 4 12 5 4.124 2.190 -3.632
SPIN 2 4 12 6 2.732 2.733 4.480
SPIN 2 4 12 7 -4.082 -4.280 -0.129
SPIN 2 4 12 8 -0.755 -5.597 -1.762
SPIN 2 4 12 9 5.889 0.568 -0.033
SPIN 2 4 12 10 2.685 3.169 4.213
SPIN 2 4 12 11 4.938 3.185 -0.688
SPIN 2 4 12 12 -0.912 2.639 5.216
SPIN 2 4 12 13 -5.194 -0.860 2.698
SPIN 2 4 12 14 5.094 -1.546 -2.580
SPIN 2 4 12 15 2.392 -0.724 -5.363
SPIN 3 4 13 0 -4.566 3.574 1.174
SPIN 3 4 13 1 3.384 -0.131 -4.851
SPIN 3 4 13 2 -2.468 2.387 4.818
SPIN 3 4 13 3 -1.586 4.691 3.237
SPIN 3 4 13 4 1.537 -4.147 -3.930
SPIN 3 4 13 5 -2.352 -1.464 5.228
SPIN 3 4 13 6 1.133 -0.412 5.792
SPIN 3 4 13 7 5.821 -1.002 0.329
SPIN 3 4 13 8 -1.010 4.944 3.088
SPIN 3 4 13 9 -5.735 1.448 0.103
SPIN 3 4 13 10 2.854 0.664 5.140
SPIN 3 4 13 11 -2.520 2.499 -4.733
SPIN 3 4 13 12 2.506 -4.755 2.472
SPIN 3 4 13 13 5.216 0.740 2.691
SPIN 3 4 13 14 -0.428 -5.443 -2.278
SPIN 3 4 13 15 3.804 4.526 0.196
SPIN 2 4 13 0 -1.039 0.756 5.775
SPIN 2 4 13 1 -0.057 5.878 -0.669
SPIN 2 4 13 2 0.159 -5.346 -2.529
SPIN 2 4 13 3 -0.656 5.753 1.212
SPIN 2 4 13 4 0.984 -3.720 -4.494
SPIN 2 4 13 5 -5.395 2.235 0.949
SPIN 2 4 13 6 -5.617 -0.203 -1.845
SPIN 2 4 13 7 4.696 0.511 -3.561
SPIN 2 4 13 8 -3.623 -4.675 0.134
SPIN 2 4 13 9 3.483 4.067 -2.515
SPIN 2 4 13 10 0.485 -1.324 5.746
SPIN 2 4 13 11 2.429 4.327 3.221
SPIN 2 4 13 12 0.826 -0.128 -5.857
SPIN 2 4 13 13 -5.898 -0.240 0.389
SPIN 2 4 13 14 2.939 -0.256 5.128
SPIN 2 4 13 15 2.117 -5.380 -1.253
SPIN 3 4 14 0 -3.761 2.167 -4.019
SPIN 3 4 14 1 -2.898 2.229 4.651
SPIN 3 4 14 2 -4.450 -3.171 -2.269
SPIN 3 4 14 3 -3.339 3.387 3.518
SPIN 3 4 14 4 5.623 -0.645 1.721
SPIN 3 4 14 5 2.015 -5.487 -0.912
SPIN 3 4 14 6 3.025 3.421 -3.761
SPIN 3 4 14 7 4.099 -0.901 -4.169
SPIN 3 4 14 8 0.576 5.807 0.973
SPIN 3 4 14 9 0.804 -1.030 5.770
SPIN 3 4 14 10 -1.378 3.070 -4.865
SPIN 3 4 14 11 -2.493 -2.962 4.473
SPIN 3 4 14 12 3.183 -4.321 -2.489
SPIN 3 4 14 13 -5.125 2.696 -1.210
SPIN 3 4 14 14 5.783 -1.094 -0.603
SPIN 3 4 14 15 -3.417 -4.712 1.059
SPIN 2 4 14 0 2.670 -0.315 -5.270
SPIN 2 4 14 1 2.985 -3.782 -3.433
SPIN 2 4 14 2 -4.424 -2.898 2.653
SPIN 2 4 14 3 4.394 2.258 -3.255
SPIN 2 4 14 4 1.142 1.778 5.526
SPIN 2 4 14 5 3.066 -2.148 -4.581
SPIN 2 4 14 6 0.550 2.403 -5.378
SPIN 2 4 14 7 -5.007 -2.268 2.187
SPIN 2 4 14 8 -4.194 -1.259 -3.978
SPIN 2 4 14 9 -0.813 0.498 5.839
SPIN 2 4 14 10 -3.062 -3.685 3.471
SPIN 2 4 14 11 1.728 -1.871 -5.340
SPIN 2 4 14 12 -5.272 -0.313 2.667
SPIN 2 4 14 13 4.282 -1.927 -3.599
SPIN 2 4 14 14 -4.064 3.828 1.956
SPIN 2 4 14 15 0.363 5.674 1.636
SPIN 3 4 15 0 0.608 4.433 3.870
SPIN 3 4 15 1 0.878 3.646 -4.576
SPIN 3 4 15 2 4.496 0.780 3.765
SPIN 3 4 15 3 -5.092 -2.165 -2.094
SPIN 3 4 15 4 -1.736 0.925 -5.580
SPIN 3 4 15 5 -4.343 2.601 3.061
SPIN 3 4 15 6 4.236 1.122 3.975
SPIN 3 4 15 7 2.618 2.106 -4.869
SPIN 3 4 15 8 -0.318 0.438 5.891
SPIN 3 4 15 9 3.381 2.470 4.180
SPIN 3 4 15 10 -1.715 1.244 5.524
SPIN 3 4 15 11 -5.701 1.542 0.343
SPIN 3 4 15 12 -2.362 -3.301 4.304
SPIN 3 4 15 13 5.307 2.488 0.801
SPIN 3 4 15 14 -3.927 -0.841 4.344
SPIN 3 4 15 15 1.981 0.777 5.520
SPIN 2 4 15 0 -5.194 -2.748 0.687
SPIN 2 4 15 1 -1.316 -5.023 -2.835
SPIN 2 4 15 2 -3.660 3.484 3.077
SPIN 2 4 15 3 3.124 -4.010 -3.027
SPIN 2 4 15 4 -1.817 4.594 -3.255
SPIN 2 4 15 5 1.179 -5.730 0.880
SPIN 2 4 15 6 -3.602 4.029 -2.406
SPIN 2 4 15 7 3.116 -4.872 -1.245
SPIN 2 4 15 8 -2.867 2.097 4.731
SPIN 2 4 15 9 -3.658 2.314 -4.033
SPIN 2 4 15 10 0.873 5.784 -0.888
SPIN 2 4 15 11 4.089 3.405 -2.586
SPIN 2 4 15 12 3.098 3.713 -3.408
SPIN 2 4 15 13 -3.202 -4.118 2.791
SPIN 2 4 15 14 3.083 4.819 -1.507
SPIN 2 4 15 15 0.972 3.078 -4.958
SPIN 1 5 0 0 0.374 2.461 5.367
SPIN 1 5 0 1 1.861 2.636 -4.959
SPIN 1 5 0 2 -4.588 -3.492 -1.325
SPIN 1 5 0 3 5.297 2.119 -1.564
SPIN 1 5 0 4 -0.946 2.202 5.409
SPIN 1 5 0 5 -3.182 -4.502 -2.147
SPIN 1 5 0 6 1.221 5.170 2.604
SPIN 1 5 0 7 -3.509 4.629 1.122
SPIN 1 5 0 8 2.708 -4.904 1.902
SPIN 1 5 0 9 4.070 4.204 0.874
SPIN 1 5 0 10 -5.287 -1.644 -2.084
SPIN 1 5 0 11 3.374 -2.505 -4.165
SPIN 1 5 0 12 -1.616 -5.174 2.370
SPIN 1 5 0 13 1.071 5.443 -2.057
SPIN 1 5 0 14 -4.666 -3.405 1.277
SPIN 1 5 0 15 -1.099 4.977 -3.003
SPIN 4 5 0 0 -4.237 -2.811 -3.025
SPIN 4 5 0 1 2.972 -3.546 -3.687
SPIN 4 5 0 2 5.086 2.350 1.900
SPIN 4 5 0 3 5.358 -1.885 -1.654
SPIN 4 5 0 4 -0.903 -1.551 -5.637
SPIN 4 5 0 5 -1.182 -2.518 5.222
SPIN 4 5 0 6 5.535 0.779 -1.938
SPIN 4 5 0 7 -1.864 0.290 5.607
SPIN 4 5 0 8 -5.445 2.100 -0.969
SPIN 4 5 0 9 -3.477 -0.179 4.783
SPIN 4 5 0 10 4.818 0.431 3.406
SPIN 4 5 0 11 0.972 5.785 -0.771
SPIN 4 5 0 12 2.778 -3.647 3.739
SPIN 4 5 0 13 -3.816 4.518 -0.167
SPIN 4 5 0 14 0.840 5.425 2.206
SPIN 4 5 0 15 -1.948 -5.429 -1.314
SPIN 1 5 1 0 4.818 -3.425 0.232
SPIN 1 5 1 1 -5.910 0.243 -0.128
SPIN 1 5 1 2 -1.143 4.352 3.841
SPIN 1 5 1 3 -5.638 1.034 -1.463
SPIN 1 5 1 4 0.780 -0.273 -5.858
SPIN 1 5 1 5 -0.887 0.952 5.771
SPIN 1 5 1 6 -3.297 -0.467 -4.890
SPIN 1 5 1 7 5.772 1.210 -0.470
SPIN 1 5 1 8 -3.423 1.897 -4.437
SPIN 1 5 1 9 -0.866 -1.779 5.575
SPIN 1 5 1 10 5.460 2.177 -0.668
SPIN 1 5 1 11 -2.987 -0.420 5.089
SPIN 1 5 1 12 -0.666 -4.205 4.107
SPIN 1 5 1 13 -3.649 -1.708 4.332
SPIN 1 5 1 14 -1.091 1.513 -5.614
SPIN 1 5 1 15 -4.763 -2.025 -2.865
SPIN 4 5 1 0 3.502 -0.534 -4.738
SPIN 4 5 1 1 -0.418 0.578 -5.873
SPIN 4 5 1 2 5.634 -1.750 0.446
SPIN 4 5 1 3 0.597 -4.075 -4.248
SPIN 4 5 1 4 -0.646 5.528 -2.007
SPIN 4 5 1 5 3.249 4.078 -2.796
SPIN 4 5 1 6 -3.981 -2.469 -3.613
SPIN 4 5 1 7 4.907 0.579 -3.254
SPIN 4 5 1 8 3.447 -2.550 4.076
SPIN 4 5 1 9 -4.360 3.931 0.733
SPIN 4 5 1 10 -1.322 -4.233 3.916
SPIN 4 5 1 11 -1.201 4.378 -3.793
SPIN 4 5 1 12 -3.281 -0.051 4.923
SPIN 4 5 1 13 -0.910 -5.444 2.130
SPIN 4 5 1 14 4.333 1.577 3.706
SPIN 4 5 1 15 -4.019 3.560 -2.485
SPIN 1 5 2 0 3.405 4.691 -1.184
SPIN 1 5 2 1 5.120 -1.295 2.666
SPIN 1 5 2 2 -0.821 4.350 -3.925
SPIN 1 5 2 3 -0.423 5.865 -0.647
SPIN 1 5 2 4 -4.911 0.062 3.298
SPIN 1 5 2 5 -5.485 -1.014 1.972
SPIN 1 5 2 6 -0.362 5.126 2.932
SPIN 1 5 2 7 -5.622 -0.025 1.843
SPIN 1 5 2 8 3.007 1.988 4.691
SPIN 1 5 2 9 -4.782 -2.279 -2.634
SPIN 1 5 2 10 -5.211 0.459 -2.762
SPIN 1 5 2 11 0.889 2.524 -5.277
SPIN 1 5 2 12 0.353 4.663 3.623
SPIN 1 5 2 13 3.721 -2.410 -3.918
SPIN 1 5 2 14 4.442 2.503 3.001
SPIN 1 5 2 15 1.852 -1.486 -5.419
SPIN 4 5 2 0 -2.803 5.153 -0.771
SPIN 4 5 2 1 -3.347 4.412 2.081
SPIN 4 5 2 2 -1.677 5.129 2.426
SPIN 4 5 2 3 -1.556 -3.223 4.710
SPIN 4 5 2 4 -2.203 4.139 -3.607
SPIN 4 5 2 5 0.411 -5.827 -0.935
SPIN 4 5 2 6 5.514 -1.145 -1.811
SPIN 4 5 2 7 -5.366 2.256 1.055
SPIN 4 5 2 8 0.297 4.133 -4.222
SPIN 4 5 2 9 5.656 0.425 -1.684
SPIN 4 5 2 10 -2.105 -5.524 -0.230
SPIN 4 5 2 11 -3.148 -4.660 1.838
SPIN 4 5 2 12 -3.791 -4.206 1.712
SPIN 4 5 2 13 5.578 1.055 1.664
SPIN 4 5 2 14 -5.196 -2.810 -0.331
SPIN 4 5 2 15 -1.859 -2.276 5.135
SPIN 1 5 3 0 -1.947 3.788 -4.106
SPIN 1 5 3 1 -2.199 -2.524 -4.878
SPIN 1 5 3 2 -5.454 2.289 0.101
SPIN 1 5 3 3 0.690 -1.804 -5.592
SPIN 1 5 3 4 -4.295 -1.311 -3.851
SPIN 1 5 3 5 2.138 -0.889 -5.444
SPIN 1 5 3 6 4.612 -3.604 0.858
SPIN 1 5 3 7 3.072 5.045 0.335
SPIN 1 5 3 8 -5.784 -0.981 0.766
SPIN 1 5 3 9 1.165 -5.719 0.970
SPIN 1 5 3 10 -0.513 -5.783 -1.135
SPIN 1 5 3 11 4.971 1.028 -3.038
SPIN 1 5 3 12 5.517 -0.431 -2.092
SPIN 1 5 3 13 -4.393 2.980 2.611
SPIN 1 5 3 14 -4.440 2.065 -3.320
SPIN 1 5 3 15 3.719 -3.954 -2.352
SPIN 4 5 3 0 1.859 5.477 1.243
SPIN 4 5 3 1 -2.880 3.942 3.341
SPIN 4 5 3 2 -5.533 -0.058 2.093
SPIN 4 5 3 3 4.712 0.569 -3.532
SPIN 4 5 3 4 -3.109 0.362 5.020
SPIN 4 5 3 5 4.650 -0.308 -3.645
SPIN 4 5 3 6 -4.256 3.451 2.231
SPIN 4 5 3 7 1.929 -0.832 -5.531
SPIN 4 5 3 8 -5.795 1.189 -0.051
SPIN 4 5 3 9 5.666 0.867 1.464
SPIN 4 5 3 10 -1.029 5.572 -1.700
SPIN 4 5 3 11 -4.537 -3.588 -1.240
SPIN 4 5 3 12 -3.969 -3.598 2.511
SPIN 4 5 3 13 -0.853 -1.723 5.595
SPIN 4 5 3 14 -5.097 -2.999 -0.162
SPIN 4 5 3 15 2.728 -2.387 -4.675
SPIN 1 5 4 0 -0.205 -4.769 3.495
SPIN 1 5 4 1 -5.149 1.229 2.641
SPIN 1 5 4 2 4.744 -1.854 -3.009
SPIN 1 5 4 3 -3.540 4.312 1.968
SPIN 1 5 4 4 -2.788 3.509 3.862
SPIN 1 5 4 5 -0.788 3.088 -4.984
SPIN 1 5 4 6 5.074 0.884 2.911
SPIN 1 5 4 7 -0.795 -4.784 -3.389
SPIN 1 5 4 8 0.538 -3.472 4.760
SPIN 1 5 4 9 -4.653 0.798 3.565
SPIN 1 5 4 10 -4.998 1.984 -2.466
SPIN 1 5 4 11 5.126 -2.521 -1.538
SPIN 1 5 4 12 0.065 4.966 3.215
SPIN 1 5 4 13 -2.879 3.348 -3.937
SPIN 1 5 4 14 3.504 -0.010 4.766
SPIN 1 5 4 15 1.736 4.585 -3.311
SPIN 4 5 4 0 1.013 -5.811 -0.450
SPIN 4 5 4 1 -3.171 4.174 -2.742
SPIN 4 5 4 2 1.407 1.708 -5.487
SPIN 4 5 4 3 -4.817 -1.748 2.957
SPIN 4 5 4 4 -4.912 1.699 -2.825
SPIN 4 5 4 5 0.625 5.358 -2.428
SPIN 4 5 4 6 -5.079 -0.960 2.877
SPIN 4 5 4 7 -5.451 0.092 2.297
SPIN 4 5 4 8 -0.253 -1.609 -5.688
SPIN 4 5 4 9 -1.607 5.636 -0.811
SPIN 4 5 4 10 4.325 -3.852 1.208
SPIN 4 5 4 11 3.901 -3.052 3.235
SPIN 4 5 4 12 0.930 -5.838 0.232
SPIN 4 5 4 13 -2.712 -0.088 -5.257
SPIN 4 5 4 14 -4.859 2.914 -1.703
SPIN 4 5 4 15 1.392 -2.476 5.190
SPIN 1 5 5 0 -2.064 -5.314 -1.581
SPIN 1 5 5 1 1.710 5.545 -1.154
SPIN 1 5 5 2 -2.827 -2.624 -4.486
SPIN 1 5 5 3 5.035 -2.254 -2.137
SPIN 1 5 5 4 4.000 2.862 -3.288
SPIN 1 5 5 5 3.434 -4.686 1.116
SPIN 1 5 5 6 -5.275 2.621 -0.554
SPIN 1 5 5 7 -0.004 0.943 5.840
SPIN 1 5 5 8 2.423 1.357 -5.224
SPIN 1 5 5 9 -3.346 2.149 4.381
SPIN 1 5 5 10 3.007 -3.216 3.952
SPIN 1 5 5 11 -2.824 0.889 5.122
SPIN 1 5 5 12 1.411 4.833 -3.106
SPIN 1 5 5 13 0.766 -2.793 -5.159
SPIN 1 5 5 14 0.930 5.591 1.695
SPIN 1 5 5 15 4.012 -2.871 -3.264
SPIN 4 5 5 0 -4.889 3.294 -0.496
SPIN 4 5 5 1 5.765 -0.997 0.875
SPIN 4 5 5 2 -0.479 -5.761 1.256
SPIN 4 5 5 3 5.243 0.508 -2.694
SPIN 4 5 5 4 -3.179 -3.525 3.532
SPIN 4 5 5 5 -2.047 5.220 1.889
SPIN 4 5 5 6 3.973 3.767 -2.241
SPIN 4 5 5 7 4.033 2.519 -3.520
SPIN 4 5 5 8 -0.321 0.659 5.870
SPIN 4 5 5 9 -3.031 -0.718 5.030
SPIN 4 5 5 10 2.439 3.945 -3.673
SPIN 4 5 5 11 -5.335 1.270 -2.220
SPIN 4 5 5 12 1.250 4.832 3.177
SPIN 4 5 5 13 -4.109 0.912 -4.158
SPIN 4 5 5 14 3.533 -4.111 -2.370
SPIN 4 5 5 15 5.903 -0.083 -0.380
SPIN 1 5 6 0 -3.895 4.019 1.917
SPIN 1 5 6 1 5.489 -0.737 -2.081
SPIN 1 5 6 2 1.993 1.960 5.214
SPIN 1 5 6 3 4.184 2.855 3.056
SPIN 1 5 6 4 -0.584 -1.766 5.616
SPIN 1 5 6 5 -5.297 2.433 1.012
SPIN 1 5 6 6 1.489 -2.814 4.986
SPIN 1 5 6 7 -5.658 -0.829 -1.518
SPIN 1 5 6 8 -4.952 -0.352 3.218
SPIN 1 5 6 9 -1.416 5.346 -2.102
SPIN 1 5 6 10 4.243 -4.034 -0.852
SPIN 1 5 6 11 -2.903 1.966 -4.765
SPIN 1 5 6 12 1.187 0.277 5.789
SPIN 1 5 6 13 2.983 -0.755 5.053
SPIN 1 5 6 14 5.451 -0.840 -2.140
SPIN 1 5 6 15 -5.524 1.898 0.941
SPIN 4 5 6 0 4.514 0.092 -3.823
SPIN 4 5 6 1 -2.097 -5.500 0.596
SPIN 4 5 6 2 -3.006 1.138 -4.967
SPIN 4 5 6 3 -1.614 -5.163 -2.396
SPIN 4 5 6 4 4.080 4.129 1.141
SPIN 4 5 6 5 -5.331 -2.553 0.257
SPIN 4 5 6 6 -4.546 -3.726 -0.668
SPIN 4 5 6 7 -0.272 -1.863 5.609
SPIN 4 5 6 8 -0.675 -5.637 -1.663
SPIN 4 5 6 9 4.745 -1.421 -3.235
SPIN 4 5 6 10 -3.962 -2.755 3.423
SPIN 4 5 6 11 0.098 -5.545 -2.061
SPIN 4 5 6 12 -5.310 -0.805 -2.480
SPIN 4 5 6 13 5.709 0.363 -1.510
SPIN 4 5 6 14 -1.519 4.439 -3.604
SPIN 4 5 6 15 -3.108 4.883 -1.222
SPIN 1 5 7 0 -3.466 -4.793 0.123
SPIN 1 5 7 1 -5.728 -0.782 1.257
SPIN 1 5 7 2 -2.128 -1.354 5.352
SPIN 1 5 7 3 5.189 2.031 1.988
SPIN 1 5 7 4 -1.938 -3.549 -4.319
SPIN 1 5 7 5 -0.604 5.363 -2.423
SPIN 1 5 7 6 3.832 -4.037 2.004
SPIN 1 5 7 7 -3.893 2.887 3.392
SPIN 1 5 7 8 4.563 3.340 -1.740
SPIN 1 5 7 9 -2.085 -2.442 -4.969
SPIN 1 5 7 10 2.698 4.040 3.376
SPIN 1 5 7 11 -3.068 5.052 0.253
SPIN 1 5 7 12 5.108 0.238 -2.975
SPIN 1 5 7 13 -3.874 4.311 1.189
SPIN 1 5 7 14 -4.686 -1.778 -3.144
SPIN 1 5 7 15 3.494 -4.536 1.490
SPIN 4 5 7 0 2.730 4.990 1.626
SPIN 4 5 7 1 2.100 4.260 3.527
SPIN 4 5 7 2 4.605 -1.303 3.478
SPIN 4 5 7 3 1.720 5.007 -2.641
SPIN 4 5 7 4 -1.111 5.319 2.341
SPIN 4 5 7 5 -3.555 4.658 0.815
SPIN 4 5 7 6 0.211 4.544 -3.782
SPIN 4 5 7 7 2.611 1.104 -5.193
SPIN 4 5 7 8 -1.112 2.834 5.073
SPIN 4 5 7 9 2.064 -4.341 3.449
SPIN 4 5 7 10 1.917 4.126 3.782
SPIN 4 5 7 11 -0.056 -3.950 4.404
SPIN 4 5 7 12 -4.615 -3.628 0.736
SPIN 4 5 7 13 2.210 -1.015 5.393
SPIN 4 5 7 14 -2.952 5.065 0.796
SPIN 4 5 7 15 -5.558 -0.833 1.848
SPIN 1 5 8 0 -3.214 -4.068 -2.850
SPIN 1 5 8 1 -3.874 -4.357 1.004
SPIN 1 5 8 2 -3.518 0.378 -4.741
SPIN 1 5 8 3 -4.405 3.233 2.269
SPIN 1 5 8 4 -0.109 5.750 1.387
SPIN 1 5 8 5 -5.221 -0.621 -2.713
SPIN 1 5 8 6 -0.254 -4.829 -3.408
SPIN 1 5 8 7 5.461 -1.593 -1.627
SPIN 1 5 8 8 1.842 5.621 0.114
SPIN 1 5 8 9 0.780 4.253 -4.038
SPIN 1 5 8 10 -0.378 -1.189 -5.783
SPIN 1 5 8 11 1.266 -4.366 -3.786
SPIN 1 5 8 12 -3.132 4.990 0.536
SPIN 1 5 8 13 4.475 -3.686 1.180
SPIN 1 5 8 14 -4.230 3.034 2.811
SPIN 1 5 8 15 5.552 0.153 -2.038
SPIN 4 5 8 0 1.597 -2.968 -4.862
SPIN 4 5 8 1 -2.741 1.660 4.973
SPIN 4 5 8 2 -4.182 -2.796 -3.113
SPIN 4 5 8 3 -0.727 2.331 5.389
SPIN 4 5 8 4 -4.497 -1.608 -3.492
SPIN 4 5 8 5 1.097 -2.032 5.447
SPIN 4 5 8 6 -0.249 -0.368 5.899
SPIN 4 5 8 7 3.868 4.474 -0.137
SPIN 4 5 8 8 -5.905 -0.171 -0.324
SPIN 4 5 8 9 -2.252 -4.388 3.267
SPIN 4 5 8 10 0.566 5.865 -0.535
SPIN 4 5 8 11 -1.816 1.174 5.507
SPIN 4 5 8 12 0.598 -0.346 -5.876
SPIN 4 5 8 13 -1.771 3.630 4.323
SPIN 4 5 8 14 -5.669 -0.364 -1.652
SPIN 4 5 8 15 -5.183 2.848 0.159
SPIN 1 5 9 0 0.503 5.641 1.711
SPIN 1 5 9 1 -1.834 3.581 -4.337
SPIN 1 5 9 2 5.331 2.062 -1.528
SPIN 1 5 9 3 4.297 -3.512 2.050
SPIN 1 5 9 4 -5.341 -2.541 0.109
SPIN 1 5 9 5 5.286 -2.562 0.703
SPIN 1 5 9 6 1.985 -1.718 5.302
SPIN 1 5 9 7 -3.205 -4.588 1.918
SPIN 1 5 9 8 3.681 2.211 -4.070
SPIN 1 5 9 9 -5.228 0.722 2.674
SPIN 1 5 9 10 -0.961 -3.117 4.936
SPIN 1 5 9 11 -4.149 2.304 3.532
SPIN 1 5 9 12 -0.556 -5.853 -0.658
SPIN 1 5 9 13 -0.861 -5.785 0.890
SPIN 1 5 9 14 -0.095 -2.277 5.460
SPIN 1 5 9 15 4.908 0.213 -3.296
SPIN 4 5 9 0 0.238 4.322 4.033
SPIN 4 5 9 1 4.998 2.920 -1.223
SPIN 4 5 9 2 -3.406 1.490 4.602
SPIN 4 5 9 3 -3.076 -1.179 -4.914
SPIN 4 5 9 4 -0.457 5.547 2.006
SPIN 4 5 9 5 -4.014 2.501 -3.554
SPIN 4 5 9 6 1.511 5.600 -1.165
SPIN 4 5 9 7 -3.491 4.496 -1.614
SPIN 4 5 9 8 2.246 -3.431 4.264
SPIN 4 5 9 9 5.322 2.448 -0.827
SPIN 4 5 9 10 -0.068 3.888 -4.459
SPIN 4 5 9 11 -0.218 4.280 4.078
SPIN 4 5 9 12 -4.555 -2.344 2.959
SPIN 4 5 9 13 4.624 3.646 0.570
SPIN 4 5 9 14 3.722 -1.692 -4.276
SPIN 4 5 9 15 -5.046 0.792 2.985
SPIN 1 5 10 0 -5.293 -2.510 0.825
SPIN 1 5 10 1 0.085 -5.396 -2.423
SPIN 1 5 10 2 1.377 5.662 -1.021
SPIN 1 5 10 3 4.872 0.705 -3.281
SPIN 1 5 10 4 0.288 -5.168 2.866
SPIN 1 5 10 5 -2.562 -2.707 -4.594
SPIN 1 5 10 6 5.350 -0.970 -2.331
SPIN 1 5 10 7 5.423 2.072 1.142
SPIN 1 5 10 8 -1.941 -4.759 2.931
SPIN 1 5 10 9 5.832 -0.780 -0.616
SPIN 1 5 10 10 -4.202 0.390 -4.147
SPIN 1 5 10 11 2.508 -2.203 4.885
SPIN 1 5 10 12 -1.616 -1.301 -5.540
SPIN 1 5 10 13 0.579 -0.339 5.878
SPIN 1 5 10 14 -5.782 -1.158 -0.473
SPIN 1 5 10 15 -4.238 0.838 4.042
SPIN 4 5 10 0 2.191 -1.460 -5.298
SPIN 4 5 10 1 3.458 -4.647 1.204
SPIN 4 5 10 2 -1.746 5.268 -2.049
SPIN 4 5 10 3 4.130 -2.369 3.512
SPIN 4 5 10 4 -2.023 -3.423 4.380
SPIN 4 5 10 5 2.984 -4.477 2.460
SPIN 4 5 10 6 -3.788 -3.552 2.834
SPIN 4 5 10 7 -5.641 -0.919 1.527
SPIN 4 5 10 8 -5.433 2.324 -0.277
SPIN 4 5 10 9 -1.197 -5.793 0.101
SPIN 4 5 10 10 0.021 5.907 -0.320
SPIN 4 5 10 11 2.143 -3.865 3.934
SPIN 4 5 10 12 -5.908 0.195 0.235
SPIN 4 5 10 13 5.465 -2.127 -0.782
SPIN 4 5 10 14 -2.093 5.008 -2.353
SPIN 4 5 10 15 3.525 -4.467 1.620
SPIN 1 5 11 0 -4.921 0.575 3.233
SPIN 1 5 11 1 1.471 5.718 0.367
SPIN 1 5 11 2 3.148 4.735 1.635
SPIN 1 5 11 3 0.275 -5.846 -0.867
SPIN 1 5 11 4 4.128 4.010 -1.373
SPIN 1 5 11 5 -3.627 -0.542 4.642
SPIN 1 5 11 6 -0.216 4.611 3.700
SPIN 1 5 11 7 3.439 -3.912 -2.805
SPIN 1 5 11 8 4.076 0.793 -4.214
SPIN 1 5 11 9 -2.651 -2.359 4.734
SPIN 1 5 11 10 5.486 0.410 2.175
SPIN 1 5 11 11 -2.311 -5.417 -0.566
SPIN 1 5 11 12 -1.368 0.154 5.754
SPIN 1 5 11 13 1.321 0.214 -5.763
SPIN 1 5 11 14 1.017 -0.677 -5.789
SPIN 1 5 11 15 2.401 -4.117 -3.505
SPIN 4 5 11 0 3.868 -3.547 -2.731
SPIN 4 5 11 1 -4.392 -3.292 2.207
SPIN 4 5 11 2 5.869 0.679 -0.307
SPIN 4 5 11 3 -5.440 1.836 1.426
SPIN 4 5 11 4 1.180 1.960 -5.456
SPIN 4 5 11 5 1.357 5.590 -1.381
SPIN 4 5 11 6 5.902 0.146 -0.386
SPIN 4 5 11 7 -3.198 -3.259 3.762
SPIN 4 5 11 8 5.815 1.058 0.250
SPIN 4 5 11 9 -1.621 -2.638 -5.041
SPIN 4 5 11 10 0.682 -0.258 5.871
SPIN 4 5 11 11 2.201 2.436 -4.921
SPIN 4 5 11 12 -3.765 -0.625 4.520
SPIN 4 5 11 13 -4.112 0.299 -4.243
SPIN 4 5 11 14 3.977 3.278 -2.905
SPIN 4 5 11 15 -1.084 4.679 3.454
SPIN 1 5 12 0 -1.130 -2.815 -5.079
SPIN 1 5 12 1 0.885 -1.246 -5.715
SPIN 1 5 12 2 -2.238 4.824 2.591
SPIN 1 5 12 3 -4.533 3.702 0.863
SPIN 1 5 12 4 0.787 -4.863 -3.276
SPIN 1 5 12 5 -1.078 5.743 0.927
SPIN 1 5 12 6 -1.761 -3.993 3.994
SPIN 1 5 12 7 4.860 -3.259 0.871
SPIN 1 5 12 8 -4.971 -1.579 -2.793
SPIN 1 5 12 9 -4.789 -2.855 1.979
SPIN 1 5 12 10 -4.341 4.018 0.091
SPIN 1 5 12 11 3.924 -3.122 -3.139
SPIN 1 5 12 12 5.380 -1.466 -1.976
SPIN 1 5 12 13 0.154 0.330 -5.905
SPIN 1 5 12 14 -4.899 3.177 -0.949
SPIN 1 5 12 15 4.999 -3.104 -0.607
SPIN 4 5 12 0 4.909 3.077 1.197
SPIN 4 5 12 1 3.825 -1.978 -4.057
SPIN 4 5 12 2 -3.762 0.441 -4.545
SPIN 4 5 12 3 3.827 4.350 -1.197
SPIN 4 5 12 4 -4.282 4.081 -0.113
SPIN 4 5 12 5 4.388 3.380 -2.077
SPIN 4 5 12 6 -2.008 -0.707 -5.520
SPIN 4 5 12 7 -3.780 0.187 4.548
SPIN 4 5 12 8 -2.445 -1.987 -5.007
SPIN 4 5 12 9 -3.304 -4.156 2.610
SPIN 4 5 12 10 3.884 1.962 -4.008
SPIN 4 5 12 11 -3.191 -4.951 -0.551
SPIN 4 5 12 12 5.781 0.287 1.224
SPIN 4 5 12 13 -1.252 -5.441 -1.955
SPIN 4 5 12 14 -4.931 2.251 2.370
SPIN 4 5 12 15 0.993 -5.699 1.239
SPIN 1 5 13 0 -1.000 -5.655 -1.420
SPIN 1 5 13 1 1.917 -3.364 4.473
SPIN 1 5 13 2 -3.960 -4.196 -1.311
SPIN 1 5 13 3 4.405 -1.929 3.446
SPIN 1 5 13 4 -2.026 3.517 4.304
SPIN 1 5 13 5 4.888 -2.596 -2.091
SPIN 1 5 13 6 -4.603 3.189 -1.909
SPIN 1 5 13 7 1.637 -3.679 4.334
SPIN 1 5 13 8 1.779 4.877 2.837
SPIN 1 5 13 9 2.864 -1.497 -4.956
SPIN 1 5 13 10 -3.440 -4.790 0.469
SPIN 1 5 13 11 -3.617 -4.022 2.396
SPIN 1 5 13 12 -3.600 3.354 3.285
SPIN 1 5 13 13 -1.363 -5.702 0.794
SPIN 1 5 13 14 5.342 2.328 -1.022
SPIN 1 5 13 15 -4.910 3.050 1.261
SPIN 4 5 13 0 2.794 -4.919 -1.730
SPIN 4 5 13 1 -2.276 4.796 -2.611
SPIN 4 5 13 2 2.682 -1.353 5.097
SPIN 4 5 13 3 -3.842 -0.961 -4.395
SPIN 4 5 13 4 1.975 -0.977 -5.490
SPIN 4 5 13 5 1.649 -5.596 0.982
SPIN 4 5 13 6 2.353 3.201 4.384
SPIN 4 5 13 7 0.685 -5.657 -1.589
SPIN 4 5 13 8 -1.423 -2.371 5.230
SPIN 4 5 13 9 5.873 -0.546 0.454
SPIN 4 5 13 10 -1.387 5.657 1.035
SPIN 4 5 13 11 4.112 3.212 2.788
SPIN 4 5 13 12 -1.638 -0.604 -5.653
SPIN 4 5 13 13 4.579 -3.587 1.081
SPIN 4 5 13 14 -0.954 -5.496 -1.970
SPIN 4 5 13 15 -5.308 0.120 2.610
SPIN 1 5 14 0 0.425 5.094 -2.979
SPIN 1 5 14 1 0.627 -5.854 -0.576
SPIN 1 5 14 2 -4.509 -0.367 -3.812
SPIN 1 5 14 3 5.649 -0.308 -1.730
SPIN 1 5 14 4 1.103 -3.287 -4.793
SPIN 1 5 14 5 -5.140 2.920 -0.230
SPIN 1 5 14 6 3.674 0.772 -4.572
SPIN 1 5 14 7 -2.759 -3.936 3.450
SPIN 1 5 14 8 0.120 5.868 -0.742
SPIN 1 5 14 9 1.584 0.685 5.659
SPIN 1 5 14 10 -4.366 -0.634 -3.942
SPIN 1 5 14 11 2.011 1.637 5.318
SPIN 1 5 14 12 -5.590 -0.381 -1.898
SPIN 1 5 14 13 3.459 -1.467 4.569
SPIN 1 5 14 14 -5.678 -1.004 1.326
SPIN 1 5 14 15 -0.132 5.385 -2.447
SPIN 4 5 14 0 1.681 2.069 5.282
SPIN 4 5 14 1 -0.849 -2.506 5.291
SPIN 4 5 14 2 -3.905 -4.325 1.023
SPIN 4 5 14 3 0.762 -5.131 2.845
SPIN 4 5 14 4 -4.683 -1.988 3.019
SPIN 4 5 14 5 -0.576 5.833 0.805
SPIN 4 5 14 6 -3.442 2.758 3.943
SPIN 4 5 14 7 0.305 4.801 3.443
SPIN 4 5 14 8 2.272 1.344 -5.295
SPIN 4 5 14 9 -2.307 -0.834 5.383
SPIN 4 5 14 10 3.565 -4.350 1.835
SPIN 4 5 14 11 2.528 -4.195 3.319
SPIN 4 5 14 12 0.948 0.810 -5.783
SPIN 4 5 14 13 -0.027 -5.814 -1.095
SPIN 4 5 14 14 -0.879 0.720 5.806
SPIN 4 5 14 15 -3.174 2.051 -4.551
SPIN 1 5 15 0 5.144 -2.328 1.766
SPIN 1 5 15 1 -0.677 -1.523 -5.676
SPIN 1 5 15 2 -2.554 -4.601 -2.703
SPIN 1 5 15 3 3.427 -0.875 4.742
SPIN 1 5 15 4 -4.793 -1.899 2.902
SPIN 1 5 15 5 0.542 -4.141 4.190
SPIN 1 5 15 6 0.231 -5.416 2.368
SPIN 1 5 15 7 5.373 0.630 -2.395
SPIN 1 5 15 8 2.100 -2.648 -4.856
SPIN 1 5 15 9 2.483 -4.426 3.040
SPIN 1 5 15 10 4.046 0.236 4.310
SPIN 1 5 15 11 1.264 -1.856 -5.474
SPIN 1 5 15 12 1.052 5.261 2.494
SPIN 1 5 15 13 -3.313 0.636 4.860
SPIN 1 5 15 14 -5.411 1.728 -1.653
SPIN 1 5 15 15 4.498 0.140 -3.841
SPIN 4 5 15 0 3.419 -4.630 1.370
SPIN 4 5 15 1 -5.584 -0.831 1.770
SPIN 4 5 15 2 -3.206 -4.853 -1.082
SPIN 4 5 15 3 0.707 5.043 3.012
SPIN 4 5 15 4 3.765 -0.403 -4.546
SPIN 4 5 15 5 -4.141 4.149 0.795
SPIN 4 5 15 6 5.250 -2.643 -0.676
SPIN 4 5 15 7 -5.734 -0.149 -1.450
SPIN 4 5 15 8 -5.880 -0.477 0.440
SPIN 4 5 15 9 5.855 0.125 -0.841
SPIN 4 5 15 10 -4.774 3.493 0.092
SPIN 4 5 15 11 -1.849 -3.490 -4.405
SPIN 4 5 15 12 -0.528 2.445 -5.361
SPIN 4 5 15 13 1.346 3.811 4.320
SPIN 4 5 15 14 3.340 -1.817 4.533
SPIN 4 5 15 15 -5.875 -0.332 -0.611
SPIN 3 5 0 0 -5.068 -2.469 -1.794
SPIN 3 5 0 1 4.761 3.270 1.282
SPIN 3 5 0 2 -2.086 -4.884 2.606
SPIN 3 5 0 3 -4.870 -2.624 -2.097
SPIN 3 5 0 4 -1.063 5.350 2.290
SPIN 3 5 0 5 3.016 0.054 -5.089
SPIN 3 5 0 6 -1.026 0.180 -5.824
SPIN 3 5 0 7 3.010 -4.924 -1.300
SPIN 3 5 0 8 -5.460 1.584 -1.637
SPIN 3 5 0 9 -1.333 5.561 -1.515
SPIN 3 5 0 10 1.291 -1.076 -5.672
SPIN 3 5 0 11 -5.082 2.192 -2.090
SPIN 3 5 0 12 5.335 0.935 -2.379
SPIN 3 5 0 13 -5.099 2.975 -0.387
SPIN 3 5 0 14 -0.428 1.623 -5.673
SPIN 3 5 0 15 5.270 1.950 -1.850
SPIN 2 5 0 0 -1.080 4.204 -4.020
SPIN 2 5 0 1 3.627 -3.224 -3.384
SPIN 2 5 0 2 -0.602 -5.884 -0.124
SPIN 2 5 0 3 5.902 0.254 0.325
SPIN 2 5 0 4 -4.307 -0.173 4.052
SPIN 2 5 0 5 -2.197 1.965 -5.130
SPIN 2 5 0 6 -4.336 0.583 3.982
SPIN 2 5 0 7 3.943 -3.939 -1.984
SPIN 2 5 0 8 -0.948 4.945 3.106
SPIN 2 5 0 9 4.063 -3.695 -2.199
SPIN 2 5 0 10 -3.726 -4.426 1.238
SPIN 2 5 0 11 -0.761 -3.457 -4.740
SPIN 2 5 0 12 5.039 1.515 2.704
SPIN 2 5 0 13 -5.047 -3.060 0.402
SPIN 2 5 0 14 3.124 -3.588 3.517
SPIN 2 5 0 15 1.897 2.493 -5.019
SPIN 3 5 1 0 2.458 5.376 0.233
SPIN 3 5 1 1 -5.761 0.457 -1.265
SPIN 3 5 1 2 0.855 -3.521 4.676
SPIN 3 5 1 3 1.558 4.452 3.571
SPIN 3 5 1 4 -2.958 -4.405 2.617
SPIN 3 5 1 5 -3.253 -4.201 2.602
SPIN 3 5 1 6 -0.258 5.563 -1.997
SPIN 3 5 1 7 5.145 0.602 2.858
SPIN 3 5 1 8 -1.333 2.959 4.946
SPIN 3 5 1 9 2.114 -4.925 -2.505
SPIN 3 5 1 10 4.387 3.184 2.370
SPIN 3 5 1 11 1.284 -3.632 4.490
SPIN 3 5 1 12 2.501 3.826 3.756
SPIN 3 5 1 13 -0.099 -4.879 -3.345
SPIN 3 5 1 14 1.137 3.755 4.428
SPIN 3 5 1 15 -5.631 -1.815 0.036
SPIN 2 5 1 0 -4.428 -3.501 1.771
SPIN 2 5 1 1 -5.025 1.335 2.823
SPIN 2 5 1 2 3.795 4.505 0.553
SPIN 2 5 1 3 0.084 1.743 -5.653
SPIN 2 5 1 4 4.941 -2.323 -2.277
SPIN 2 5 1 5 2.945 0.053 -5.131
SPIN 2 5 1 6 4.292 1.865 3.620
SPIN 2 5 1 7 5.401 0.870 -2.252
SPIN 2 5 1 8 0.461 -4.037 -4.300
SPIN 2 5 1 9 2.372 4.516 -2.997
SPIN 2 5 1 10 -2.057 4.258 3.555
SPIN 2 5 1 11 -4.943 3.220 0.450
SPIN 2 5 1 12 4.804 -3.451 -0.096
SPIN 2 5 1 13 -0.320 4.818 -3.418
SPIN 2 5 1 14 -5.549 1.568 -1.321
SPIN 2 5 1 15 -1.578 -2.478 -5.135
SPIN 3 5 2 0 -2.410 4.228 3.364
SPIN 3 5 2 1 5.914 -0.059 -0.163
SPIN 3 5 2 2 -0.697 -4.448 -3.838
SPIN 3 5 2 3 -3.153 -5.002 0.183
SPIN 3 5 2 4 0.289 -3.845 4.487
SPIN 3 5 2 5 0.917 5.353 2.346
SPIN 3 5 2 6 2.760 -2.412 4.644
SPIN 3 5 2 7 2.421 1.149 -5.274
SPIN 3 5 2 8 -4.136 -0.774 -4.159
SPIN 3 5 2 9 5.305 -1.737 -1.959
SPIN 3 5 2 10 3.765 -2.410 -3.875
SPIN 3 5 2 11 4.236 -0.495 -4.100
SPIN 3 5 2 12 0.464 -5.662 -1.651
SPIN 3 5 2 13 5.132 2.943 -0.037
SPIN 3 5 2 14 -5.619 0.523 1.777
SPIN 3 5 2 15 4.780 -0.955 3.352
SPIN 2 5 2 0 0.821 2.067 5.482
SPIN 2 5 2 1 -0.353 -4.872 -3.338
SPIN 2 5 2 2 4.724 -1.100 3.387
SPIN 2 5 2 3 -0.057 -5.912 -0.205
SPIN 2 5 2 4 -1.955 -4.468 -3.349
SPIN 2 5 2 5 -1.673 -3.041 4.791
SPIN 2 5 2 6 -4.505 -0.787 -3.753
SPIN 2 5 2 7 -5.377 1.987 -1.463
SPIN 2 5 2 8 -1.522 -5.051 2.679
SPIN 2 5 2 9 -4.090 4.270 0.191
SPIN 2 5 2 10 1.617 -5.683 -0.301
SPIN 2 5 2 11 -0.927 5.815 -0.573
SPIN 2 5 2 12 -1.740 5.654 0.007
SPIN 2 5 2 13 -3.842 -3.514 2.808
SPIN 2 5 2 14 3.153 -0.695 -4.957
SPIN 2 5 2 15 -3.276 4.705 -1.458
SPIN 3 5 3 0 2.830 -0.353 -5.183
SPIN 3 5 3 1 -1.408 5.723 0.519
SPIN 3 5 3 2 -3.599 -3.600 3.015
SPIN 3 5 3 3 5.114 1.776 2.386
SPIN 3 5 3 4 -4.083 4.179 -0.929
SPIN 3 5 3 5 -2.434 0.304 -5.384
SPIN 3 5 3 6 -3.775 -2.256 3.957
SPIN 3 5 3 7 4.402 -3.711 1.362
SPIN 3 5 3 8 2.651 2.256 4.783
SPIN 3 5 3 9 -2.237 4.293 -3.400
SPIN 3 5 3 10 3.746 1.364 -4.371
SPIN 3 5 3 11 4.615 -1.638 3.320
SPIN 3 5 3 12 0.721 1.818 -5.584
SPIN 3 5 3 13 -4.643 0.998 -3.528
SPIN 3 5 3 14 4.355 -3.347 -2.198
SPIN 3 5 3 15 -0.917 5.840 -0.244
SPIN 2 5 3 0 5.854 0.689 0.500
SPIN 2 5 3 1 4.392 3.911 -0.646
SPIN 2 5 3 2 -1.905 1.283 5.452
SPIN 2 5 3 3 1.281 -0.550 -5.749
SPIN 2 5 3 4 1.638 1.531 5.475
SPIN 2 5 3 5 -0.850 -3.660 -4.570
SPIN 2 5 3 6 -3.506 -4.610 1.209
SPIN 2 5 3 7 0.022 5.318 2.592
SPIN 2 5 3 8 -0.394 -0.474 5.884
SPIN 2 5 3 9 0.540 -5.235 -2.702
SPIN 2 5 3 10 -0.426 3.765 4.544
SPIN 2 5 3 11 -1.502 -5.718 0.226
SPIN 2 5 3 12 -4.007 -2.564 3.517
SPIN 2 5 3 13 -0.914 -0.829 -5.786
SPIN 2 5 3 14 3.536 4.615 -1.092
SPIN 2 5 3 15 -3.273 -0.923 4.841
SPIN 3 5 4 0 3.396 -0.562 4.811
SPIN 3 5 4 1 2.840 -5.064 1.136
SPIN 3 5 4 2 -2.491 5.294 -0.876
SPIN 3 5 4 3 -5.472 1.735 -1.430
SPIN 3 5 4 4 4.370 -3.984 -0.156
SPIN 3 5 4 5 3.770 -4.451 -0.987
SPIN 3 5 4 6 -2.909 3.057 -4.147
SPIN 3 5 4 7 -4.320 -4.012 -0.490
SPIN 3 5 4 8 -5.373 -2.224 -1.089
SPIN 3 5 4 9 5.509 2.132 0.315
SPIN 3 5 4 10 -3.132 4.459 2.303
SPIN 3 5 4 11 2.173 -3.137 -4.520
SPIN 3 5 4 12 1.366 4.291 3.837
SPIN 3 5 4 13 5.061 0.305 -3.049
SPIN 3 5 4 14 2.552 4.933 2.039
SPIN 3 5 4 15 1.592 -5.697 -0.129
SPIN 2 5 4 0 -3.230 4.834 1.097
SPIN 2 5 4 1 5.651 0.022 1.750
SPIN 2 5 4 2 -0.811 -5.025 -3.015
SPIN 2 5 4 3 1.472 4.971 2.851
SPIN 2 5 4 4 -2.344 -5.081 1.920
SPIN 2 5 4 5 -4.511 1.720 3.419
SPIN 2 5 4 6 -4.851 0.520 3.346
SPIN 2 5 4 7 -2.383 -4.793 -2.519
SPIN 2 5 4 8 -0.580 4.644 -3.620
SPIN 2 5 4 9 -1.551 -5.438 1.739
SPIN 2 5 4 10 1.993 0.632 -5.534
SPIN 2 5 4 11 1.547 -1.704 -5.450
SPIN 2 5 4 12 0.016 -3.933 -4.420
SPIN 2 5 4 13 3.479 -0.136 4.783
SPIN 2 5 4 14 -4.252 2.019 3.584
SPIN 2 5 4 15 4.499 -3.684 -1.088
SPIN 3 5 5 0 2.517 1.845 -5.026
SPIN 3 5 5 1 -2.664 -3.839 3.628
SPIN 3 5 5 2 -4.667 -1.232 3.420
SPIN 3 5 5 3 3.718 -0.095 4.601
SPIN 3 5 5 4 3.966 -3.859 2.092
SPIN 3 5 5 5 -4.300 2.551 -3.163
SPIN 3 5 5 6 -1.197 -4.231 3.958
SPIN 3 5 5 7 -1.891 5.558 -0.729
SPIN 3 5 5 8 2.413 -0.999 5.308
SPIN 3 5 5 9 -2.474 -1.437 -5.178
SPIN 3 5 5 10 5.583 -1.551 -1.196
SPIN 3 5 5 11 -5.203 0.890 2.671
SPIN 3 5 5 12 -4.116 0.930 4.147
SPIN 3 5 5 13 -5.691 -1.248 1.026
SPIN 3 5 5 14 -3.797 -2.288 -3.918
SPIN 3 5 5 15 3.136 1.963 4.616
SPIN 2 5 5 0 -1.679 -0.664 5.634
SPIN 2 5 5 1 -4.707 0.368 3.565
SPIN 2 5 5 2 1.822 5.014 2.557
SPIN 2 5 5 3 -2.966 5.115 -0.199
SPIN 2 5 5 4 0.599 -2.691 5.235
SPIN 2 5 5 5 3.279 -0.445 -4.904
SPIN 2 5 5 6 5.075 1.347 2.725
SPIN 2 5 5 7 2.772 1.368 -5.044
SPIN 2 5 5 8 -4.012 -3.138 -3.009
SPIN 2 5 5 9 -4.889 -2.115 -2.574
SPIN 2 5 5 10 1.191 -2.309 5.315
SPIN 2 5 5 11 1.759 -1.458 -5.457
SPIN 2 5 5 12 -0.981 3.696 4.514
SPIN 2 5 5 13 -3.437 -3.674 3.113
SPIN 2 5 5 14 5.544 1.806 -1.001
SPIN 2 5 5 15 -4.444 -3.533 -1.665
SPIN 3 5 6 0 2.706 -3.443 3.978
SPIN 3 5 6 1 -0.177 3.478 -4.782
SPIN 3 5 6 2 -1.972 -3.434 4.396
SPIN 3 5 6 3 1.428 -0.986 -5.656
SPIN 3 5 6 4 0.317 -1.279 5.768
SPIN 3 5 6 5 4.464 3.532 1.613
SPIN 3 5 6 6 -4.584 -0.738 -3.667
SPIN 3 5 6 7 -1.049 4.892 3.158
SPIN 3 5 6 8 -0.944 0.604 -5.809
SPIN 3 5 6 9 -3.496 4.301 -2.069
SPIN 3 5 6 10 -1.937 3.112 -4.644
SPIN 3 5 6 11 1.512 1.470 -5.527
SPIN 3 5 6 12 -1.942 -3.314 -4.499
SPIN 3 5 6 13 4.805 2.149 -2.700
SPIN 3 5 6 14 -2.982 -4.319 2.730
SPIN 3 5 6 15 2.653 0.979 -5.196
SPIN 2 5 6 0 0.148 5.914 0.085
SPIN 2 5 6 1 0.124 -4.341 -4.018
SPIN 2 5 6 2 5.129 -0.268 -2.936
SPIN 2 5 6 3 -0.496 -2.042 -5.531
SPIN 2 5 6 4 4.363 -1.131 3.832
SPIN 2 5 6 5 5.760 1.294 -0.381
SPIN 2 5 6 6 0.171 -4.773 -3.491
SPIN 2 5 6 7 4.298 -4.045 -0.406
SPIN 2 5 6 8 5.095 0.150 3.003
SPIN 2 5 6 9 1.507 5.001 2.778
SPIN 2 5 6 10 2.943 -1.925 -4.758
SPIN 2 5 6 11 -1.893 -5.401 1.497
SPIN 2 5 6 12 4.837 -1.587 3.014
SPIN 2 5 6 13 -3.125 4.380 2.460
SPIN 2 5 6 14 -0.722 -2.810 5.156
SPIN 2 5 6 15 -1.313 -5.184 -2.531
SPIN 3 5 7 0 -0.397 2.193 -5.480
SPIN 3 5 7 1 -3.769 2.805 -3.595
SPIN 3 5 7 2 -2.775 0.976 -5.133
SPIN 3 5 7 3 4.875 -0.186 3.347
SPIN 3 5 7 4 -3.496 -4.285 2.101
SPIN 3 5 7 5 -0.951 -3.610 -4.589
SPIN 3 5 7 6 1.454 3.336 4.664
SPIN 3 5 7 7 4.257 1.732 -3.725
SPIN 3 5 7 8 -4.809 2.430 2.444
SPIN 3 5 7 9 3.624 -3.342 -3.271
SPIN 3 5 7 10 -1.119 2.451 5.267
SPIN 3 5 7 11 -1.355 -4.218 -3.921
SPIN 3 5 7 12 -2.252 -4.375 -3.284
SPIN 3 5 7 13 -3.920 -3.000 3.262
SPIN 3 5 7 14 -0.351 4.754 -3.504
SPIN 3 5 7 15 -2.653 4.916 1.947
SPIN 2 5 7 0 -0.709 -3.427 -4.770
SPIN 2 5 7 1 -1.941 5.233 1.961
SPIN 2 5 7 2 -3.350 -4.629 -1.533
SPIN 2 5 7 3 4.801 1.266 3.217
SPIN 2 5 7 4 0.018 0.823 -5.859
SPIN 2 5 7 5 1.039 -4.166 -4.070
SPIN 2 5 7 6 3.699 -4.414 -1.355
SPIN 2 5 7 7 -0.280 -5.432 2.326
SPIN 2 5 7 8 -3.927 -4.036 1.813
SPIN 2 5 7 9 3.963 -2.271 -3.760
SPIN 2 5 7 10 1.719 5.521 1.252
SPIN 2 5 7 11 2.361 5.395 -0.567
SPIN 2 5 7 12 -3.570 -0.019 -4.718
SPIN 2 5 7 13 -3.757 1.978 -4.119
SPIN 2 5 7 14 5.226 -2.748 -0.361
SPIN 2 5 7 15 -3.547 -1.205 4.579
SPIN 3 5 8 0 -3.948 0.563 4.370
SPIN 3 5 8 1 3.572 -2.052 4.246
SPIN 3 5 8 2 -0.070 1.860 5.616
SPIN 3 5 8 3 -0.602 -5.489 -2.124
SPIN 3 5 8 4 -3.909 3.539 -2.682
SPIN 3 5 8 5 2.347 5.407 0.508
SPIN 3 5 8 6 0.754 3.564 4.662
SPIN 3 5 8 7 -2.005 5.503 -0.833
SPIN 3 5 8 8 -1.522 -5.599 1.155
SPIN 3 5 8 9 0.275 2.324 5.434
SPIN 3 5 8 10 -5.638 -0.489 -1.724
SPIN 3 5 8 11 1.818 0.787 5.575
SPIN 3 5 8 12 -5.303 0.160 2.618
SPIN 3 5 8 13 -0.346 2.277 -5.449
SPIN 3 5 8 14 4.132 3.951 -1.523
SPIN 3 5 8 15 -0.051 -5.790 -1.213
SPIN 2 5 8 0 -4.184 3.798 -1.754
SPIN 2 5 8 1 5.731 -0.731 1.276
SPIN 2 5 8 2 -3.387 1.913 4.458
SPIN 2 5 8 3 1.521 -4.434 -3.609
SPIN 2 5 8 4 -3.036 -1.368 4.890
SPIN 2 5 8 5 1.130 5.643 1.371
SPIN 2 5 8 6 -1.596 -2.482 5.128
SPIN 2 5 8 7 0.212 -3.915 4.430
SPIN 2 5 8 8 -2.027 2.106 5.143
SPIN 2 5 8 9 0.687 -3.615 -4.632
SPIN 2 5 8 10 4.506 3.584 -1.360
SPIN 2 5 8 11 1.517 5.699 0.472
SPIN 2 5 8 12 0.363 -2.308 -5.435
SPIN 2 5 8 13 5.423 0.971 -2.157
SPIN 2 5 8 14 -5.769 -1.184 0.561
SPIN 2 5 8 15 4.030 4.279 -0.667
SPIN 3 5 9 0 -3.970 -2.603 -3.530
SPIN 3 5 9 1 -5.136 2.933 0.140
SPIN 3 5 9 2 -0.111 2.185 -5.497
SPIN 3 5 9 3 0.982 -2.022 -5.472
SPIN 3 5 9 4 -4.666 -3.332 -1.459
SPIN 3 5 9 5 2.693 -4.936 -1.840
SPIN 3 5 9 6 1.226 2.202 -5.352
SPIN 3 5 9 7 -0.641 3.297 4.870
SPIN 3 5 9 8 4.322 -3.986 0.653
SPIN 3 5 9 9 -1.478 -3.448 -4.574
SPIN 3 5 9 10 3.171 0.898 4.913
SPIN 3 5 9 11 -4.526 -3.730 -0.774
SPIN 3 5 9 12 3.603 3.093 3.528
SPIN 3 5 9 13 5.112 0.546 2.927
SPIN 3 5 9 14 2.681 5.252 0.485
SPIN 3 5 9 15 3.888 1.218 4.290
SPIN 2 5 9 0 4.766 0.316 -3.491
SPIN 2 5 9 1 -5.809 -0.418 1.038
SPIN 2 5 9 2 -1.562 -0.688 -5.665
SPIN 2 5 9 3 5.900 -0.138 0.413
SPIN 2 5 9 4 5.759 0.581 -1.224
SPIN 2 5 9 5 5.650 1.706 -0.415
SPIN 2 5 9 6 -5.109 -2.748 1.159
SPIN 2 5 9 7 5.616 -0.514 -1.787
SPIN 2 5 9 8 -3.135 2.845 4.133
SPIN 2 5 9 9 -1.126 -0.304 5.800
SPIN 2 5 9 10 -0.885 -0.763 5.800
SPIN 2 5 9 11 -2.739 -1.693 -4.963
SPIN 2 5 9 12 4.738 2.758 -2.223
SPIN 2 5 9 13 -1.725 4.864 -2.893
SPIN 2 5 9 14 -0.113 -5.465 2.263
SPIN 2 5 9 15 -0.892 -4.852 3.266
SPIN 3 5 10 0 -3.317 0.915 4.813
SPIN 3 5 10 1 3.391 -4.631 1.432
SPIN 3 5 10 2 0.018 -0.092 5.915
SPIN 3 5 10 3 -5.884 -0.613 0.073
SPIN 3 5 10 4 -2.475 0.935 5.292
SPIN 3 5 10 5 -2.039 -1.428 -5.367
SPIN 3 5 10 6 -4.834 -2.844 1.883
SPIN 3 5 10 7 1.810 -5.475 -1.321
SPIN 3 5 10 8 0.769 -0.148 -5.864
SPIN 3 5 10 9 5.465 1.969 1.123
SPIN 3 5 10 10 -3.625 0.949 -4.578
SPIN 3 5 10 11 -5.483 -0.309 -2.199
SPIN 3 5 10 12 -5.863 -0.642 0.461
SPIN 3 5 10 13 -1.527 4.713 -3.233
SPIN 3 5 10 14 5.743 -0.208 -1.405
SPIN 3 5 10 15 0.084 -3.256 -4.939
SPIN 2 5 10 0 3.238 1.293 -4.779
SPIN 2 5 10 1 -4.715 -2.815 2.200
SPIN 2 5 10 2 -0.492 4.576 3.718
SPIN 2 5 10 3 -1.566 2.718 -5.016
SPIN 2 5 10 4 -4.998 -2.863 1.349
SPIN 2 5 10 5 -3.546 4.650 0.900
SPIN 2 5 10 6 1.865 -2.286 5.128
SPIN 2 5 10 7 -2.909 -4.581 2.355
SPIN 2 5 10 8 -1.028 -0.327 5.817
SPIN 2 5 10 9 4.942 -1.974 -2.584
SPIN 2 5 10 10 -2.114 -0.872 -5.456
SPIN 2 5 10 11 -5.355 1.478 2.035
SPIN 2 5 10 12 -3.352 1.433 4.659
SPIN 2 5 10 13 5.195 -2.791 -0.469
SPIN 2 5 10 14 3.486 2.299 4.191
SPIN 2 5 10 15 3.456 3.933 -2.753
SPIN 3 5 11 0 1.613 -1.347 -5.530
SPIN 3 5 11 1 -4.783 3.316 1.062
SPIN 3 5 11 2 -2.505 -2.176 -4.898
SPIN 3 5 11 3 3.808 1.405 4.304
SPIN 3 5 11 4 -4.361 2.032 3.444
SPIN 3 5 11 5 5.520 -1.891 0.978
SPIN 3 5 11 6 -0.963 5.834 -0.178
SPIN 3 5 11 7 -1.149 4.723 -3.373
SPIN 3 5 11 8 -2.628 -5.159 1.218
SPIN 3 5 11 9 0.954 -5.344 -2.351
SPIN 3 5 11 10 -3.021 1.227 4.936
SPIN 3 5 11 11 5.197 2.277 1.675
SPIN 3 5 11 12 -3.354 4.534 -1.785
SPIN 3 5 11 13 -4.894 -0.843 -3.215
SPIN 3 5 11 14 -1.426 -1.651 5.499
SPIN 3 5 11 15 5.080 2.454 -1.779
SPIN 2 5 11 0 -5.752 0.316 1.346
SPIN 2 5 11 1 1.648 -2.844 4.919
SPIN 2 5 11 2 3.914 -4.349 0.879
SPIN 2 5 11 3 3.036 -1.449 -4.867
SPIN 2 5 11 4 -4.390 3.954 -0.295
SPIN 2 5 11 5 0.614 -2.744 -5.205
SPIN 2 5 11 6 4.279 2.573 3.174
SPIN 2 5 11 7 -1.639 -3.535 -4.451
SPIN 2 5 11 8 1.855 -0.611 5.585
SPIN 2 5 11 9 0.805 -0.878 5.795
SPIN 2 5 11 10 3.927 1.902 -3.995
SPIN 2 5 11 11 2.444 -2.003 5.002
SPIN 2 5 11 12 2.037 -1.297 -5.401
SPIN 2 5 11 13 -0.466 -3.968 -4.363
SPIN 2 5 11 14 -0.832 -5.841 -0.435
SPIN 2 5 11 15 1.937 3.765 -4.132
SPIN 3 5 12 0 5.046 2.616 1.641
SPIN 3 5 12 1 0.725 -0.080 -5.871
SPIN 3 5 12 2 1.442 -5.725 0.385
SPIN 3 5 12 3 5.411 2.066 -1.205
SPIN 3 5 12 4 -0.579 -5.806 -0.978
SPIN 3 5 12 5 -5.428 2.292 -0.536
SPIN 3 5 12 6 -0.609 5.389 2.364
SPIN 3 5 12 7 3.306 0.768 -4.846
SPIN 3 5 12 8 -3.753 -1.102 4.439
SPIN 3 5 12 9 3.589 -3.833 -2.725
SPIN 3 5 12 10 -5.128 2.348 1.785
SPIN 3 5 12 11 -2.541 5.329 0.379
SPIN 3 5 12 12 4.705 2.727 -2.329
SPIN 3 5 12 13 -1.273 3.214 -4.801
SPIN 3 5 12 14 -4.068 -0.834 -4.214
SPIN 3 5 12 15 -1.568 -0.834 -5.643
SPIN 2 5 12 0 2.931 -4.327 2.772
SPIN 2 5 12 1 -3.326 -0.510 -4.866
SPIN 2 5 12 2 2.720 3.732 3.698
SPIN 2 5 12 3 -4.339 4.015 -0.231
SPIN 2 5 12 4 -1.753 5.074 2.486
SPIN 2 5 12 5 0.020 -0.592 -5.886
SPIN 2 5 12 6 4.702 -1.002 -3.448
SPIN 2 5 12 7 3.486 0.099 4.779
SPIN 2 5 12 8 4.364 0.927 -3.885
SPIN 2 5 12 9 2.828 4.581 2.453
SPIN 2 5 12 10 -3.436 0.997 4.712
SPIN 2 5 12 11 -3.844 4.496 0.121
SPIN 2 5 12 12 1.347 -5.757 0.211
SPIN 2 5 12 13 0.435 -0.813 5.844
SPIN 2 5 12 14 -0.131 4.337 4.022
SPIN 2 5 12 15 -4.757 -3.505 0.301
SPIN 3 5 13 0 -4.900 0.647 -3.251
SPIN 3 5 13 1 -4.616 1.640 3.317
SPIN 3 5 13 2 3.351 0.513 -4.848
SPIN 3 5 13 3 -5.241 -2.611 0.846
SPIN 3 5 13 4 1.047 2.731 -5.143
SPIN 3 5 13 5 -5.121 -1.396 2.612
SPIN 3 5 13 6 2.651 1.777 -4.981
SPIN 3 5 13 7 2.507 5.357 -0.116
SPIN 3 5 13 8 -5.695 -0.986 1.265
SPIN 3 5 13 9 -2.307 -5.419 -0.563
SPIN 3 5 13 10 0.456 -5.280 -2.629
SPIN 3 5 13 11 -0.963 -0.312 5.829
SPIN 3 5 13 12 0.551 -5.679 -1.564
SPIN 3 5 13 13 -2.929 1.504 -4.915
SPIN 3 5 13 14 5.815 0.969 -0.493
SPIN 3 5 13 15 2.992 -0.991 5.007
SPIN 2 5 13 0 2.466 5.140 -1.582
SPIN 2 5 13 1 3.828 3.684 2.602
SPIN 2 5 13 2 -4.458 -3.705 -1.184
SPIN 2 5 13 3 5.099 1.234 -2.735
SPIN 2 5 13 4 -0.807 5.726 -1.249
SPIN 2 5 13 5 0.467 5.635 1.740
SPIN 2 5 13 6 -2.021 -5.445 -1.126
SPIN 2 5 13 7 5.852 0.619 -0.610
SPIN 2 5 13 8 -3.576 4.656 0.731
SPIN 2 5 13 9 -3.690 4.114 2.112
SPIN 2 5 13 10 1.191 -2.505 -5.226
SPIN 2 5 13 11 -3.168 -1.485 4.771
SPIN 2 5 13 12 3.723 4.589 0.286
SPIN 2 5 13 13 4.892 -3.310 0.333
SPIN 2 5 13 14 -5.096 -2.905 -0.770
SPIN 2 5 13 15 5.388 0.727 -2.332
SPIN 3 5 14 0 2.062 -3.147 4.566
SPIN 3 5 14 1 2.788 0.871 -5.145
SPIN 3 5 14 2 -1.129 -3.177 -4.862
SPIN 3 5 14 3 4.000 -3.933 -1.878
SPIN 3 5 14 4 2.676 2.636 -4.570
SPIN 3 5 14 5 -0.387 -2.131 -5.505
SPIN 3 5 14 6 3.896 1.908 4.023
SPIN 3 5 14 7 1.985 -5.556 0.435
SPIN 3 5 14 8 3.875 3.077 -3.243
SPIN 3 5 14 9 3.974 2.605 -3.525
SPIN 3 5 14 10 5.274 -2.664 -0.298
SPIN 3 5 14 11 -2.725 -4.323 -2.980
SPIN 3 5 14 12 -2.907 2.065 4.721
SPIN 3 5 14 13 -1.711 -0.263 5.657
SPIN 3 5 14 14 -2.810 -2.898 -4.325
SPIN 3 5 14 15 4.914 -0.916 3.165
SPIN 2 5 14 0 0.191 -5.906 0.297
SPIN 2 5 14 1 -1.888 5.276 -1.897
SPIN 2 5 14 2 -3.855 2.687 3.594
SPIN 2 5 14 3 -5.062 1.881 -2.416
SPIN 2 5 14 4 1.014 2.064 -5.451
SPIN 2 5 14 5 -2.470 -1.472 5.170
SPIN 2 5 14 6 -2.770 -5.123 -1.037
SPIN 2 5 14 7 4.406 3.744 -1.254
SPIN 2 5 14 8 -1.186 -2.129 5.391
SPIN 2 5 14 9 2.548 -5.182 1.285
SPIN 2 5 14 10 3.255 1.918 -4.552
SPIN 2 5 14 11 -2.371 2.746 4.673
SPIN 2 5 14 12 -4.599 2.122 -3.056
SPIN 2 5 14 13 -2.597 -4.551 2.747
SPIN 2 5 14 14 4.452 0.329 -3.882
SPIN 2 5 14 15 4.802 3.171 -1.373
SPIN 3 5 15 0 4.663 -2.460 -2.685
SPIN 3 5 15 1 -5.596 0.531 1.845
SPIN 3 5 15 2 5.188 0.472 -2.804
SPIN 3 5 15 3 4.401 -3.253 2.247
SPIN 3 5 15 4 -4.068 -3.960 1.665
SPIN 3 5 15 5 1.085 -5.816 -0.019
SPIN 3 5 15 6 2.756 1.391 -5.047
SPIN 3 5 15 7 -5.505 0.291 2.148
SPIN 3 5 15 8 2.801 4.061 -3.265
SPIN 3 5 15 9 -5.332 2.558 0.158
SPIN 3 5 15 10 -3.057 -1.299 -4.895
SPIN 3 5 15 11 3.166 4.927 0.839
SPIN 3 5 15 12 -4.441 3.902 -0.220
SPIN 3 5 15 13 3.809 -4.518 0.292
SPIN 3 5 15 14 3.307 3.145 3.765
SPIN 3 5 15 15 -3.492 -4.546 -1.465
SPIN 2 5 15 0 4.942 2.983 1.294
SPIN 2 5 15 1 5.398 -2.102 -1.202
SPIN 2 5 15 2 5.755 1.366 -0.126
SPIN 2 5 15 3 -5.344 2.536 0.114
SPIN 2 5 15 4 4.004 0.726 4.294
SPIN 2 5 15 5 0.519 3.423 4.797
SPIN 2 5 15 6 5.645 -1.713 -0.449
SPIN 2 5 15 7 -4.743 0.756 3.454
SPIN 2 5 15 8 2.146 4.327 -3.416
SPIN 2 5 15 9 3.947 -1.281 4.217
SPIN 2 5 15 10 -4.652 -3.627 -0.452
SPIN 2 5 15 11 0.895 5.686 1.365
SPIN 2 5 15 12 0.969 -5.829 0.281
SPIN 2 5 15 13 -4.676 2.774 -2.332
SPIN 2 5 15 14 1.010 -5.803 -0.557
SPIN 2 5 15 15 2.382 0.326 5.406
SPIN 1 6 0 0 -1.379 -3.562 -4.518
SPIN 1 6 0 1 -1.299 3.831 4.317
SPIN 1 6 0 2 -2.506 3.229 -4.276
SPIN 1 6 0 3 -0.663 -4.893 -3.259
SPIN 1 6 0 4 -0.395 5.574 -1.943
SPIN 1 6 0 5 -3.066 3.908 -3.214
SPIN 1 6 0 6 -0.221 4.380 -3.971
SPIN 1 6 0 7 5.286 -2.439 -1.053
SPIN 1 6 0 8 4.627 -3.572 0.912
SPIN 1 6 0 9 -4.281 0.578 -4.042
SPIN 1 6 0 10 3.232 4.955 0.084
SPIN 1 6 0 11 1.517 2.561 5.113
SPIN 1 6 0 12 2.982 1.147 4.979
SPIN 1 6 0 13 -1.105 -5.768 0.711
SPIN 1 6 0 14 -0.889 0.447 5.832
SPIN 1 6 0 15 -0.571 -3.900 4.412
SPIN 4 6 0 0 0.276 4.003 4.347
SPIN 4 6 0 1 5.189 -1.700 2.277
SPIN 4 6 0 2 -5.312 0.143 -2.601
SPIN 4 6 0 3 3.668 -3.501 3.048
SPIN 4 6 0 4 5.114 1.626 -2.490
SPIN 4 6 0 5 3.480 -0.296 4.775
SPIN 4 6 0 6 1.036 -4.909 -3.135
SPIN 4 6 0 7 1.844 5.617 0.213
SPIN 4 6 0 8 -3.153 -1.793 4.674
SPIN 4 6 0 9 -0.326 3.836 -4.492
SPIN 4 6 0 10 -5.698 0.769 1.394
SPIN 4 6 0 11 -5.636 -1.789 0.191
SPIN 4 6 0 12 1.026 0.934 -5.751
SPIN 4 6 0 13 5.514 0.020 -2.143
SPIN 4 6 0 14 0.136 4.408 -3.943
SPIN 4 6 0 15 -3.287 3.093 3.825
SPIN 1 6 1 0 -1.838 -5.216 2.101
SPIN 1 6 1 1 2.039 -2.071 -5.153
SPIN 1 6 1 2 -1.505 5.721 -0.042
SPIN 1 6 1 3 4.560 2.169 3.083
SPIN 1 6 1 4 -4.985 -1.881 -2.571
SPIN 1 6 1 5 3.408 2.206 -4.303
SPIN 1 6 1 6 -1.700 -5.660 0.268
SPIN 1 6 1 7 -0.666 2.272 5.422
SPIN 1 6 1 8 -0.499 -5.800 1.055
SPIN 1 6 1 9 -1.376 -1.284 5.609
SPIN 1 6 1 10 -0.492 -3.099 5.016
SPIN 1 6 1 11 4.388 0.903 -3.864
SPIN 1 6 1 12 1.637 5.635 0.757
SPIN 1 6 1 13 3.197 2.418 -4.351
SPIN 1 6 1 14 -2.989 4.839 1.628
SPIN 1 6 1 15 5.310 2.600 0.202
SPIN 4 6 1 0 -0.966 -4.199 -4.054
SPIN 4 6 1 1 -3.297 4.641 1.609
SPIN 4 6 1 2 -3.189 -4.017 2.949
SPIN 4 6 1 3 3.110 2.672 4.265
SPIN 4 6 1 4 -1.977 4.211 3.655
SPIN 4 6 1 5 -3.978 -4.036 1.699
SPIN 4 6 1 6 -3.616 0.489 -4.657
SPIN 4 6 1 7 5.729 0.198 1.464
SPIN 4 6 1 8 -5.369 -1.913 1.587
SPIN 4 6 1 9 1.823 -3.803 4.149
SPIN 4 6 1 10 -3.924 3.964 1.971
SPIN 4 6 1 11 5.853 -0.509 0.697
SPIN 4 6 1 12 -2.866 -3.709 3.610
SPIN 4 6 1 13 -2.364 0.812 5.362
SPIN 4 6 1 14 0.981 -5.829 0.254
SPIN 4 6 1 15 -1.484 0.020 5.727
SPIN 1 6 2 0 -0.696 -5.009 -3.070
SPIN 1 6 2 1 -4.260 0.022 4.105
SPIN 1 6 2 2 2.028 -4.173 3.671
SPIN 1 6 2 3 1.961 -0.506 -5.559
SPIN 1 6 2 4 -5.078 -1.127 2.819
SPIN 1 6 2 5 5.701 0.830 -1.345
SPIN 1 6 2 6 3.366 4.798 -0.806
SPIN 1 6 2 7 2.314 -5.421 0.508
SPIN 1 6 2 8 -4.522 -3.537 -1.430
SPIN 1 6 2 9 0.408 1.667 5.662
SPIN 1 6 2 10 -2.337 -3.570 -4.098
SPIN 1 6 2 11 2.030 2.497 4.965
SPIN 1 6 2 12 -4.413 -3.940 0.021
SPIN 1 6 2 13 -5.602 -0.036 1.901
SPIN 1 6 2 14 3.667 -1.339 -4.445
SPIN 1 6 2 15 4.677 0.859 -3.520
SPIN 4 6 2 0 4.842 2.576 -2.218
SPIN 4 6 2 1 3.506 0.390 -4.749
SPIN 4 6 2 2 -1.616 2.889 4.903
SPIN 4 6 2 3 0.603 -4.193 -4.130
SPIN 4 6 2 4 -1.277 -1.668 -5.530
SPIN 4 6 2 5 5.075 0.182 -3.035
SPIN 4 6 2 6 3.391 2.383 4.221
SPIN 4 6 2 7 2.855 3.509 -3.813
SPIN 4 6 2 8 1.490 0.293 5.718
SPIN 4 6 2 9 -4.931 -1.377 -2.964
SPIN 4 6 2 10 -1.151 -5.584 1.578
SPIN 4 6 2 11 2.977 -3.037 4.112
SPIN 4 6 2 12 -2.915 4.976 -1.321
SPIN 4 6 2 13 2.999 -4.139 2.979
SPIN 4 6 2 14 -4.287 2.374 3.314
SPIN 4 6 2 15 -3.494 -3.531 3.213
SPIN 1 6 3 0 1.682 -2.681 -4.998
SPIN 1 6 3 1 -4.680 3.502 0.915
SPIN 1 6 3 2 -1.268 5.714 -0.863
SPIN 1 6 3 3 -3.018 1.187 -4.948
SPIN 1 6 3 4 3.401 4.616 1.458
SPIN 1 6 3 5 2.915 -3.992 3.251
SPIN 1 6 3 6 -3.253 1.318 -4.762
SPIN 1 6 3 7 0.422 -1.169 5.784
SPIN 1 6 3 8 3.353 -3.620 -3.264
SPIN 1 6 3 9 4.941 -2.791 -1.671
SPIN 1 6 3 10 -1.567 5.145 -2.464
SPIN 1 6 3 11 -2.230 -2.706 4.765
SPIN 1 6 3 12 -0.090 5.809 1.118
SPIN 1 6 3 13 1.816 5.580 0.754
SPIN 1 6 3 14 3.049 2.201 4.567
SPIN 1 6 3 15 -2.170 4.802 2.690
SPIN 4 6 3 0 -0.070 -4.646 3.662
SPIN 4 6 3 1 4.162 -3.943 -1.461
SPIN 4 6 3 2 0.650 2.884 5.124
SPIN 4 6 3 3 -2.351 5.394 -0.619
SPIN 4 6 3 4 -2.576 -3.766 -3.766
SPIN 4 6 3 5 0.967 2.428 5.307
SPIN 4 6 3 6 -2.916 5.018 -1.145
SPIN 4 6 3 7 -1.769 2.841 4.878
SPIN 4 6 3 8 -5.430 1.193 -2.022
SPIN 4 6 3 9 0.344 -5.900 0.272
SPIN 4 6 3 10 -2.332 -3.680 -4.002
SPIN 4 6 3 11 0.572 3.846 -4.459
SPIN 4 6 3 12 1.857 -5.155 -2.231
SPIN 4 6 3 13 1.081 5.445 2.046
SPIN 4 6 3 14 -4.530 0.874 -3.703
SPIN 4 6 3 15 -3.718 -3.154 -3.351
SPIN 1 6 4 0 2.698 0.555 -5.236
SPIN 1 6 4 1 2.199 -2.548 4.865
SPIN 1 6 4 2 -4.022 -1.136 -4.188
SPIN 1 6 4 3 -1.795 -2.401 -5.100
SPIN 1 6 4 4 -5.376 -2.377 -0.665
SPIN 1 6 4 5 0.129 3.357 4.869
SPIN 1 6 4 6 5.600 -1.528 1.142
SPIN 1 6 4 7 2.119 -5.514 -0.330
SPIN 1 6 4 8 5.389 -2.252 0.939
SPIN 1 6 4 9 -1.081 2.682 5.162
SPIN 1 6 4 10 2.289 -5.302 1.284
SPIN 1 6 4 11 3.867 0.523 4.447
SPIN 1 6 4 12 -0.514 5.682 1.567
SPIN 1 6 4 13 2.227 -5.239 1.609
SPIN 1 6 4 14 -2.958 -2.193 -4.630
SPIN 1 6 4 15 0.341 0.588 5.877
SPIN 4 6 4 0 -0.629 3.820 -4.473
SPIN 4 6 4 1 3.677 -1.567 4.361
SPIN 4 6 4 2 1.359 -4.688 -3.344
SPIN 4 6 4 3 -0.679 5.702 -1.425
SPIN 4 6 4 4 -2.438 -4.974 -2.078
SPIN 4 6 4 5 -0.785 -0.248 -5.858
SPIN 4 6 4 6 -4.414 3.747 1.214
SPIN 4 6 4 7 3.025 2.853 -4.208
SPIN 4 6 4 8 1.629 2.659 5.028
SPIN 4 6 4 9 1.237 -4.318 -3.850
SPIN 4 6 4 10 4.820 3.167 1.319
SPIN 4 6 4 11 -0.842 5.763 -1.037
SPIN 4 6 4 12 2.246 -5.208 -1.684
SPIN 4 6 4 13 5.846 0.873 -0.238
SPIN 4 6 4 14 -1.912 -2.828 -4.832
SPIN 4 6 4 15 3.844 3.268 3.090
SPIN 1 6 5 0 1.270 -5.778 0.008
SPIN 1 6 5 1 2.687 -5.059 1.477
SPIN 1 6 5 2 -2.617 2.374 -4.745
SPIN 1 6 5 3 -2.274 -0.845 5.396
SPIN 1 6 5 4 2.169 -1.111 5.391
SPIN 1 6 5 5 -2.476 0.236 5.368
SPIN 1 6 5 6 3.413 -4.627 1.394
SPIN 1 6 5 7 -4.627 -2.674 2.538
SPIN 1 6 5 8 -5.064 0.838 -2.942
SPIN 1 6 5 9 2.455 -3.077 -4.416
SPIN 1 6 5 10 -5.369 -2.277 -0.994
SPIN 1 6 5 11 -5.488 0.773 -2.070
SPIN 1 6 5 12 3.917 -1.182 -4.273
SPIN 1 6 5 13 -0.644 -5.877 -0.224
SPIN 1 6 5 14 5.772 -0.474 1.209
SPIN 1 6 5 15 -1.127 -2.932 5.013
SPIN 4 6 5 0 5.519 2.127 -0.127
SPIN 4 6 5 1 -2.982 -1.550 4.869
SPIN 4 6 5 2 -0.761 5.741 1.208
SPIN 4 6 5 3 -5.536 1.343 -1.596
SPIN 4 6 5 4 3.248 4.655 -1.668
SPIN 4 6 5 5 2.514 4.968 2.000
SPIN 4 6 5 6 -1.783 3.078 4.727
SPIN 4 6 5 7 2.554 -4.899 2.115
SPIN 4 6 5 8 -2.791 4.434 -2.748
SPIN 4 6 5 9 3.138 -2.761 4.187
SPIN 4 6 5 10 -2.317 -1.155 5.320
SPIN 4 6 5 11 2.227 -3.824 3.927
SPIN 4 6 5 12 4.730 2.135 2.841
SPIN 4 6 5 13 4.768 -1.436 -3.195
SPIN 4 6 5 14 -2.062 3.095 4.601
SPIN 4 6 5 15 -5.720 -1.324 -0.727
SPIN 1 6 6 0 3.493 -3.576 3.165
SPIN 1 6 6 1 -3.377 -2.914 -3.887
SPIN 1 6 6 2 -4.435 -3.697 -1.288
SPIN 1 6 6 3 4.468 -2.943 -2.525
SPIN 1 6 6 4 5.773 0.775 1.035
SPIN 1 6 6 5 -3.792 -2.383 3.865
SPIN 1 6 6 6 3.742 0.235 -4.576
SPIN 1 6 6 7 -0.296 -2.307 -5.440
SPIN 1 6 6 8 3.892 4.391 -0.752
SPIN 1 6 6 9 1.621 -2.418 5.150
SPIN 1 6 6 10 -3.280 4.846 -0.871
SPIN 1 6 6 11 3.245 0.525 4.919
SPIN 1 6 6 12 -5.291 1.058 -2.427
SPIN 1 6 6 13 2.834 -4.801 1.980
SPIN 1 6 6 14 -4.338 3.810 1.288
SPIN 1 6 6 15 5.660 0.927 -1.450
SPIN 4 6 6 0 -1.798 3.868 4.100
SPIN 4 6 6 1 -4.595 -0.440 3.701
SPIN 4 6 6 2 1.456 -1.491 5.537
SPIN 4 6 6 3 -0.443 4.285 -4.055
SPIN 4 6 6 4 1.363 -3.312 -4.709
SPIN 4 6 6 5 0.386 5.452 2.265
SPIN 4 6 6 6 4.257 -1.722 3.730
SPIN 4 6 6 7 -5.914 0.169 0.019
SPIN 4 6 6 8 5.151 2.728 1.014
SPIN 4 6 6 9 -3.345 2.509 4.185
SPIN 4 6 6 10 4.995 2.393 -2.079
SPIN 4 6 6 11 -0.111 5.233 -2.758
SPIN 4 6 6 12 -3.525 -1.173 -4.604
SPIN 4 6 6 13 4.897 -2.853 -1.697
SPIN 4 6 6 14 3.817 1.328 4.320
SPIN 4 6 6 15 -3.069 -0.354 -5.045
SPIN 1 6 7 0 0.671 5.556 1.919
SPIN 1 6 7 1 0.014 4.943 3.250
SPIN 1 6 7 2 4.888 -2.909 1.626
SPIN 1 6 7 3 4.502 -0.065 -3.838
SPIN 1 6 7 4 -2.488 5.280 -0.964
SPIN 1 6 7 5 1.882 -4.671 3.105
SPIN 1 6 7 6 -5.440 -1.408 1.850
SPIN 1 6 7 7 5.730 0.821 -1.223
SPIN 1 6 7 8 -4.721 -2.458 -2.583
SPIN 1 6 7 9 3.570 -4.667 0.688
SPIN 1 6 7 10 -2.284 -1.482 -5.252
SPIN 1 6 7 11 1.945 0.456 5.569
SPIN 1 6 7 12 -0.291 2.359 5.418
SPIN 1 6 7 13 5.040 1.981 2.382
SPIN 1 6 7 14 -4.167 3.356 -2.525
SPIN 1 6 7 15 4.154 4.121 0.875
SPIN 4 6 7 0 -4.384 3.191 -2.367
SPIN 4 6 7 1 1.940 -5.509 -0.942
SPIN 4 6 7 2 -5.645 -0.016 1.771
SPIN 4 6 7 3 3.366 3.970 2.812
SPIN 4 6 7 4 2.195 5.141 -1.937
SPIN 4 6 7 5 3.006 -4.170 -2.928
SPIN 4 6 7 6 -0.884 5.718 -1.235
SPIN 4 6 7 7 -0.309 4.779 3.473
SPIN 4 6 7 8 -4.021 -2.259 -3.705
SPIN 4 6 7 9 -5.642 -1.495 -0.963
SPIN 4 6 7 10 3.408 -3.736 -3.070
SPIN 4 6 7 11 0.637 5.879 0.187
SPIN 4 6 7 12 0.357 -5.177 2.841
SPIN 4 6 7 13 -0.513 -5.099 2.955
SPIN 4 6 7 14 3.200 -1.011 -4.872
SPIN 4 6 7 15 0.101 5.625 1.829
SPIN 1 6 8 0 3.674 4.596 0.617
SPIN 1 6 8 1 -3.627 4.488 1.306
SPIN 1 6 8 2 3.624 -4.564 1.020
SPIN 1 6 8 3 -2.408 -5.221 1.395
SPIN 1 6 8 4 3.586 1.121 -4.569
SPIN 1 6 8 5 3.476 -1.949 4.372
SPIN 1 6 8 6 5.774 -1.237 -0.365
SPIN 1 6 8 7 -4.441 2.398 3.086
SPIN 1 6 8 8 0.963 4.818 3.296
SPIN 1 6 8 9 1.810 -2.014 -5.260
SPIN 1 6 8 10 1.152 1.609 5.575
SPIN 1 6 8 11 -3.386 -2.141 -4.354
SPIN 1 6 8 12 4.499 -1.114 3.677
SPIN 1 6 8 13 -3.884 3.794 -2.349
SPIN 1 6 8 14 4.938 -0.208 -3.251
SPIN 1 6 8 15 -2.340 -5.367 -0.847
SPIN 4 6 8 0 -1.738 5.451 1.504
SPIN 4 6 8 1 1.758 -3.642 4.318
SPIN 4 6 8 2 -1.314 -5.767 0.138
SPIN 4 6 8 3 1.728 -2.877 -4.872
SPIN 4 6 8 4 1.334 -4.986 -2.892
SPIN 4 6 8 5 -1.305 0.224 -5.766
SPIN 4 6 8 6 -4.645 3.230 1.730
SPIN 4 6 8 7 0.454 -5.022 -3.094
SPIN 4 6 8 8 -5.130 -1.268 2.659
SPIN 4 6 8 9 3.131 1.468 -4.800
SPIN 4 6 8 10 0.028 -3.674 4.637
SPIN 4 6 8 11 -3.777 -1.137 4.409
SPIN 4 6 8 12 4.476 2.144 -3.220
SPIN 4 6 8 13 5.827 0.741 -0.702
SPIN 4 6 8 14 3.719 2.658 3.755
SPIN 4 6 8 15 0.302 -5.116 -2.955
SPIN 1 6 9 0 0.578 -5.533 -2.012
SPIN 1 6 9 1 -0.326 0.990 -5.824
SPIN 1 6 9 2 1.526 2.274 5.244
SPIN 1 6 9 3 3.872 3.793 2.371
SPIN 1 6 9 4 5.281 0.149 2.663
SPIN 1 6 9 5 -3.530 4.741 0.251
SPIN 1 6 9 6 1.017 3.575 -4.602
SPIN 1 6 9 7 3.347 4.817 -0.774
SPIN 1 6 9 8 -4.154 -4.096 -0.982
SPIN 1 6 9 9 0.052 5.803 -1.149
SPIN 1 6 9 10 -3.468 2.967 -3.765
SPIN 1 6 9 11 5.383 -2.078 1.307
SPIN 1 6 9 12 -2.669 2.745 -4.510
SPIN 1 6 9 13 -4.937 0.480 3.224
SPIN 1 6 9 14 -0.363 2.391 -5.399
SPIN 1 6 9 15 -4.132 3.938 1.554
SPIN 4 6 9 0 0.100 -5.907 0.303
SPIN 4 6 9 1 1.928 -0.418 5.578
SPIN 4 6 9 2 1.505 1.220 -5.590
SPIN 4 6 9 3 -1.753 2.557 5.039
SPIN 4 6 9 4 -1.671 -5.472 -1.504
SPIN 4 6 9 5 0.076 -0.012 5.916
SPIN 4 6 9 6 -5.384 0.752 -2.335
SPIN 4 6 9 7 -2.245 -0.294 5.466
SPIN 4 6 9 8 0.627 5.484 -2.128
SPIN 4 6 9 9 3.439 -4.811 0.167
SPIN 4 6 9 10 1.586 -4.147 3.910
SPIN 4 6 9 11 1.657 0.573 -5.650
SPIN 4 6 9 12 -0.044 -2.102 5.530
SPIN 4 6 9 13 -1.681 0.404 5.658
SPIN 4 6 9 14 -1.000 -5.752 -0.957
SPIN 4 6 9 15 -4.660 3.459 1.150
SPIN 1 6 10 0 -2.466 3.764 -3.841
SPIN 1 6 10 1 5.083 -1.530 -2.612
SPIN 1 6 10 2 -5.123 0.044 -2.958
SPIN 1 6 10 3 -3.691 -1.847 -4.238
SPIN 1 6 10 4 -1.968 5.576 0.176
SPIN 1 6 10 5 -3.571 1.424 4.497
SPIN 1 6 10 6 5.423 -2.304 0.530
SPIN 1 6 10 7 -3.173 1.367 4.802
SPIN 1 6 10 8 4.119 -1.991 -3.751
SPIN 1 6 10 9 -1.226 -5.339 2.234
SPIN 1 6 10 10 0.006 -5.396 2.426
SPIN 1 6 10 11 -3.290 3.164 3.763
SPIN 1 6 10 12 0.375 0.809 -5.848
SPIN 1 6 10 13 0.447 -3.474 4.768
SPIN 1 6 10 14 5.519 -0.487 -2.075
SPIN 1 6 10 15 -1.829 -2.758 -4.904
SPIN 4 6 10 0 -2.564 -5.315 -0.416
SPIN 4 6 10 1 -3.868 3.885 -2.225
SPIN 4 6 10 2 -1.803 -0.289 5.627
SPIN 4 6 10 3 4.889 1.190 -3.111
SPIN 4 6 10 4 3.598 4.287 -1.917
SPIN 4 6 10 5 1.713 -3.556 -4.407
SPIN 4 6 10 6 0.361 5.783 -1.192
SPIN 4 6 10 7 4.845 -1.492 -3.050
SPIN 4 6 10 8 5.666 1.685 0.233
SPIN 4 6 10 9 -2.376 4.516 -2.994
SPIN 4 6 10 10 3.284 -1.271 -4.754
SPIN 4 6 10 11 -3.204 -1.708 4.671
SPIN 4 6 10 12 4.901 -2.818 1.744
SPIN 4 6 10 13 -1.129 5.517 -1.814
SPIN 4 6 10 14 0.644 4.649 3.602
SPIN 4 6 10 15 5.027 2.309 -2.097
SPIN 1 6 11 0 -4.360 3.318 2.233
SPIN 1 6 11 1 -3.880 0.906 -4.373
SPIN 1 6 11 2 -1.796 -5.637 -0.022
SPIN 1 6 11 3 0.680 1.658 5.638
SPIN 1 6 11 4 3.801 -3.503 -2.878
SPIN 1 6 11 5 2.220 -0.613 5.449
SPIN 1 6 11 6 -1.590 1.286 -5.551
SPIN 1 6 11 7 -3.148 4.968 -0.644
SPIN 1 6 11 8 -1.847 -5.041 2.486
SPIN 1 6 11 9 2.892 -2.678 -4.412
SPIN 1 6 11 10 -2.001 0.258 5.561
SPIN 1 6 11 11 -1.153 -3.654 -4.508
SPIN 1 6 11 12 2.543 5.144 1.441
SPIN 1 6 11 13 3.098 -3.562 -3.565
SPIN 1 6 11 14 -5.696 -1.594 0.103
SPIN 1 6 11 15 -3.884 4.444 0.407
SPIN 4 6 11 0 5.522 -1.400 -1.596
SPIN 4 6 11 1 -1.510 -4.522 3.503
SPIN 4 6 11 2 1.632 0.518 -5.663
SPIN 4 6 11 3 -3.819 -3.895 2.290
SPIN 4 6 11 4 -5.382 0.996 2.245
SPIN 4 6 11 5 0.321 -0.078 -5.907
SPIN 4 6 11 6 1.270 5.773 0.249
SPIN 4 6 11 7 -0.218 5.782 -1.234
SPIN 4 6 11 8 0.252 3.430 4.814
SPIN 4 6 11 9 -3.077 -4.509 2.281
SPIN 4 6 11 10 3.552 3.352 -3.339
SPIN 4 6 11 11 -3.853 -4.086 1.859
SPIN 4 6 11 12 -3.003 -1.268 -4.937
SPIN 4 6 11 13 5.165 -2.464 1.502
SPIN 4 6 11 14 -3.977 -1.443 -4.136
SPIN 4 6 11 15 -2.112 1.240 5.386
SPIN 1 6 12 0 5.892 0.315 0.426
SPIN 1 6 12 1 -1.176 4.113 4.087
SPIN 1 6 12 2 -2.862 4.164 3.078
SPIN 1 6 12 3 2.743 3.206 4.147
SPIN 1 6 12 4 -0.490 5.835 0.842
SPIN 1 6 12 5 4.147 -3.044 -2.923
SPIN 1 6 12 6 -2.275 -3.488 -4.202
SPIN 1 6 12 7 3.036 -2.482 -4.430
SPIN 1 6 12 8 4.777 -0.446 -3.461
SPIN 1 6 12 9 0.488 5.893 -0.185
SPIN 1 6 12 10 0.501 5.876 0.468
SPIN 1 6 12 11 5.470 -2.117 0.774
SPIN 1 6 12 12 5.894 0.190 -0.471
SPIN 1 6 12 13 -0.005 -0.316 5.908
SPIN 1 6 12 14 1.261 -5.655 -1.196
SPIN 1 6 12 15 -1.540 5.484 1.600
SPIN 4 6 12 0 -2.832 -4.439 -2.698
SPIN 4 6 12 1 -0.626 5.778 1.105
SPIN 4 6 12 2 1.306 -2.296 5.294
SPIN 4 6 12 3 2.721 1.063 -5.145
SPIN 4 6 12 4 -2.676 1.300 5.114
SPIN 4 6 12 5 4.585 2.977 2.262
SPIN 4 6 12 6 0.618 0.840 5.823
SPIN 4 6 12 7 1.023 -5.826 0.101
SPIN 4 6 12 8 -4.512 3.690 1.013
SPIN 4 6 12 9 3.895 -1.655 -4.134
SPIN 4 6 12 10 4.818 -1.750 2.954
SPIN 4 6 12 11 0.122 5.881 -0.628
SPIN 4 6 12 12 -2.733 -3.932 -3.474
SPIN 4 6 12 13 0.456 -3.868 4.453
SPIN 4 6 12 14 -2.632 -0.513 -5.273
SPIN 4 6 12 15 -0.521 5.420 -2.313
SPIN 1 6 13 0 -4.401 -1.634 3.600
SPIN 1 6 13 1 1.319 -1.062 -5.669
SPIN 1 6 13 2 1.716 2.829 4.904
SPIN 1 6 13 3 -2.972 4.896 -1.480
SPIN 1 6 13 4 -2.060 -5.376 -1.362
SPIN 1 6 13 5 -5.737 -0.094 1.442
SPIN 1 6 13 6 5.003 -0.259 3.146
SPIN 1 6 13 7 -1.165 5.508 -1.818
SPIN 1 6 13 8 -1.924 -2.534 -4.988
SPIN 1 6 13 9 2.507 -2.094 4.933
SPIN 1 6 13 10 -1.483 4.395 3.671
SPIN 1 6 13 11 0.830 5.646 -1.561
SPIN 1 6 13 12 -3.852 -4.451 0.590
SPIN 1 6 13 13 0.882 2.104 -5.458
SPIN 1 6 13 14 4.882 -3.338 -0.139
SPIN 1 6 13 15 5.381 1.391 -2.026
SPIN 4 6 13 0 1.802 1.518 5.427
SPIN 4 6 13 1 3.690 -4.413 1.380
SPIN 4 6 13 2 -1.856 3.708 -4.220
SPIN 4 6 13 3 -0.687 -5.860 -0.438
SPIN 4 6 13 4 5.879 0.224 -0.621
SPIN 4 6 13 5 -4.294 -2.139 -3.462
SPIN 4 6 13 6 0.903 -5.285 2.500
SPIN 4 6 13 7 -4.076 3.450 2.547
SPIN 4 6 13 8 4.880 -1.044 -3.178
SPIN 4 6 13 9 -4.210 -2.753 3.114
SPIN 4 6 13 10 -1.957 5.413 1.368
SPIN 4 6 13 11 1.644 -1.840 -5.377
SPIN 4 6 13 12 -0.739 3.766 4.502
SPIN 4 6 13 13 -0.202 2.894 -5.156
SPIN 4 6 13 14 -1.273 1.884 5.462
SPIN 4 6 13 15 -3.551 0.282 -4.724
SPIN 1 6 14 0 2.065 1.989 -5.175
SPIN 1 6 14 1 -5.277 -1.422 -2.265
SPIN 1 6 14 2 0.522 -1.087 5.792
SPIN 1 6 14 3 3.330 -3.970 2.856
SPIN 1 6 14 4 -5.048 3.084 -0.109
SPIN 1 6 14 5 1.711 -4.093 -3.914
SPIN 1 6 14 6 4.500 2.179 -3.162
SPIN 1 6 14 7 2.725 -3.953 3.457
SPIN 1 6 14 8 5.654 -0.384 -1.697
SPIN 1 6 14 9 1.170 5.091 -2.776
SPIN 1 6 14 10 3.872 2.488 3.718
SPIN 1 6 14 11 -5.247 -1.859 2.004
SPIN 1 6 14 12 1.198 5.040 2.857
SPIN 1 6 14 13 1.884 -3.804 -4.120
SPIN 1 6 14 14 4.074 3.379 -2.643
SPIN 1 6 14 15 -2.282 -3.426 4.249
SPIN 4 6 14 0 -5.311 0.396 -2.576
SPIN 4 6 14 1 3.887 2.957 3.339
SPIN 4 6 14 2 -3.808 -2.623 3.690
SPIN 4 6 14 3 -1.772 4.197 -3.775
SPIN 4 6 14 4 3.320 -4.201 -2.516
SPIN 4 6 14 5 3.433 -4.633 1.320
SPIN 4 6 14 6 -2.716 5.218 -0.625
SPIN 4 6 14 7 -4.308 1.645 3.706
SPIN 4 6 14 8 -5.826 -1.006 -0.225
SPIN 4 6 14 9 4.721 -3.498 -0.689
SPIN 4 6 14 10 -1.034 -0.989 -5.740
SPIN 4 6 14 11 -4.897 -2.600 -2.064
SPIN 4 6 14 12 -2.542 -4.820 -2.303
SPIN 4 6 14 13 -3.220 -2.428 4.328
SPIN 4 6 14 14 -1.683 5.228 -2.200
SPIN 4 6 14 15 -1.544 -3.006 4.856
SPIN 1 6 15 0 -1.676 4.711 3.162
SPIN 1 6 15 1 5.895 -0.364 0.343
SPIN 1 6 15 2 -1.270 -5.319 2.256
SPIN 1 6 15 3 1.911 4.650 3.118
SPIN 1 6 15 4 3.229 -0.661 -4.913
SPIN 1 6 15 5 -5.150 0.949 -2.752
SPIN 1 6 15 6 -3.684 1.786 4.271
SPIN 1 6 15 7 4.249 3.969 -1.094
SPIN 1 6 15 8 -4.565 3.741 -0.416
SPIN 1 6 15 9 4.989 -2.217 2.280
SPIN 1 6 15 10 1.039 3.892 4.333
SPIN 1 6 15 11 -5.440 1.713 -1.572
SPIN 1 6 15 12 1.067 3.194 -4.864
SPIN 1 6 15 13 -0.778 3.717 -4.536
SPIN 1 6 15 14 1.172 -4.498 3.660
SPIN 1 6 15 15 1.584 5.069 -2.607
SPIN 4 6 15 0 2.370 -5.130 -1.750
SPIN 4 6 15 1 -1.578 -4.013 -4.050
SPIN 4 6 15 2 -3.960 2.590 3.552
SPIN 4 6 15 3 5.012 -0.646 3.075
SPIN 4 6 15 4 -5.203 -1.910 -2.069
SPIN 4 6 15 5 -1.498 -3.400 -4.604
SPIN 4 6 15 6 -3.681 3.328 3.221
SPIN 4 6 15 7 2.451 -4.474 2.996
SPIN 4 6 15 8 -1.436 4.356 3.737
SPIN 4 6 15 9 2.352 -4.136 -3.516
SPIN 4 6 15 10 -4.066 0.672 -4.245
SPIN 4 6 15 11 3.525 3.155 3.553
SPIN 4 6 15 12 0.335 1.983 -5.564
SPIN 4 6 15 13 0.347 -0.049 -5.906
SPIN 4 6 15 14 -0.510 -1.803 5.611
SPIN 4 6 15 15 -3.474 1.348 -4.595
SPIN 3 6 0 0 4.399 -3.953 -0.138
SPIN 3 6 0 1 -4.973 -2.030 2.479
SPIN 3 6 0 2 0.162 2.847 5.183
SPIN 3 6 0 3 2.439 5.304 -0.961
SPIN 3 6 0 4 -0.162 -5.656 -1.726
SPIN 3 6 0 5 -0.056 -0.114 -5.915
SPIN 3 6 0 6 -0.342 -3.464 4.784
SPIN 3 6 0 7 -5.882 -0.455 -0.441
SPIN 3 6 0 8 5.877 -0.036 -0.682
SPIN 3 6 0 9 4.347 -4.013 -0.066
SPIN 3 6 0 10 -0.929 -3.622 4.585
SPIN 3 6 0 11 2.859 2.190 -4.694
SPIN 3 6 0 12 -0.634 2.198 5.456
SPIN 3 6 0 13 2.077 -4.980 -2.425
SPIN 3 6 0 14 -4.473 -2.146 -3.223
SPIN 3 6 0 15 0.388 -2.101 5.517
SPIN 2 6 0 0 1.283 5.775 0.036
SPIN 2 6 0 1 -4.717 -2.520 2.531
SPIN 2 6 0 2 1.594 5.061 -2.616
SPIN 2 6 0 3 -4.367 3.388 2.110
SPIN 2 6 0 4 2.089 -1.065 -5.432
SPIN 2 6 0 5 -2.384 -4.660 2.757
SPIN 2 6 0 6 -0.185 1.522 5.714
SPIN 2 6 0 7 -1.798 -2.120 -5.222
SPIN 2 6 0 8 -5.319 1.838 -1.824
SPIN 2 6 0 9 -4.172 3.119 -2.805
SPIN 2 6 0 10 4.098 -2.419 3.515
SPIN 2 6 0 11 -4.902 3.285 -0.423
SPIN 2 6 0 12 -5.366 -2.492 0.010
SPIN 2 6 0 13 0.904 5.424 2.182
SPIN 2 6 0 14 4.680 -1.182 3.421
SPIN 2 6 0 15 5.293 -0.296 2.625
SPIN 3 6 1 0 0.018 -4.541 -3.792
SPIN 3 6 1 1 -1.506 -2.092 5.325
SPIN 3 6 1 2 2.965 -5.027 0.970
SPIN 3 6 1 3 -1.232 0.505 5.764
SPIN 3 6 1 4 -1.902 4.428 3.431
SPIN 3 6 1 5 -0.321 0.625 -5.874
SPIN 3 6 1 6 5.502 -1.261 1.772
SPIN 3 6 1 7 4.883 3.290 0.579
SPIN 3 6 1 8 1.752 -3.516 -4.423
SPIN 3 6 1 9 -3.910 3.551 -2.665
SPIN 3 6 1 10 -4.857 -2.963 -1.621
SPIN 3 6 1 11 -0.341 -1.676 -5.664
SPIN 3 6 1 12 -3.896 -1.516 -4.186
SPIN 3 6 1 13 1.594 -1.388 5.526
SPIN 3 6 1 14 5.465 0.069 2.265
SPIN 3 6 1 15 -2.328 -3.187 -4.407
SPIN 2 6 1 0 4.288 1.722 3.694
SPIN 2 6 1 1 -1.498 -0.656 -5.686
SPIN 2 6 1 2 -2.410 -2.055 -4.997
SPIN 2 6 1 3 -4.393 1.845 3.507
SPIN 2 6 1 4 -5.729 0.669 1.317
SPIN 2 6 1 5 0.537 -5.626 1.748
SPIN 2 6 1 6 5.908 -0.253 0.181
SPIN 2 6 1 7 -4.226 3.959 1.212
SPIN 2 6 1 8 -5.323 -1.410 -2.162
SPIN 2 6 1 9 4.534 -3.311 -1.866
SPIN 2 6 1 10 1.172 -4.015 -4.184
SPIN 2 6 1 11 4.393 -3.289 2.211
SPIN 2 6 1 12 -0.341 3.802 -4.519
SPIN 2 6 1 13 4.672 1.446 3.328
SPIN 2 6 1 14 -2.875 3.848 -3.453
SPIN 2 6 1 15 -2.530 -4.898 2.148
SPIN 3 6 2 0 1.411 5.700 0.716
SPIN 3 6 2 1 -4.191 3.332 2.516
SPIN 3 6 2 2 0.665 2.722 -5.210
SPIN 3 6 2 3 4.301 3.864 -1.255
SPIN 3 6 2 4 -4.715 3.124 -1.734
SPIN 3 6 2 5 -0.827 -0.947 5.781
SPIN 3 6 2 6 -4.819 0.883 -3.315
SPIN 3 6 2 7 4.420 3.889 -0.589
SPIN 3 6 2 8 -0.348 3.444 4.798
SPIN 3 6 2 9 2.157 5.485 0.511
SPIN 3 6 2 10 5.479 -1.019 -1.987
SPIN 3 6 2 11 -5.688 0.035 -1.628
SPIN 3 6 2 12 0.956 -4.841 3.264
SPIN 3 6 2 13 -5.277 0.643 2.595
SPIN 3 6 2 14 0.516 0.623 5.860
SPIN 3 6 2 15 1.600 2.251 -5.232
SPIN 2 6 2 0 -0.208 -4.923 -3.275
SPIN 2 6 2 1 0.574 5.643 -1.680
SPIN 2 6 2 2 -1.309 -4.581 3.507
SPIN 2 6 2 3 3.464 -1.191 4.645
SPIN 2 6 2 4 2.229 -5.453 -0.547
SPIN 2 6 2 5 0.293 -0.970 -5.829
SPIN 2 6 2 6 4.831 2.424 2.406
SPIN 2 6 2 7 2.130 -1.195 -5.388
SPIN 2 6 2 8 -0.100 1.072 5.817
SPIN 2 6 2 9 -5.708 0.527 -1.462
SPIN 2 6 2 10 4.890 0.569 -3.281
SPIN 2 6 2 11 5.504 1.375 1.679
SPIN 2 6 2 12 -3.813 -4.523 0.064
SPIN 2 6 2 13 2.639 -4.222 -3.196
SPIN 2 6 2 14 -3.318 -2.863 3.974
SPIN 2 6 2 15 4.555 -3.205 1.995
SPIN 3 6 3 0 4.689 0.403 3.584
SPIN 3 6 3 1 -3.121 -4.973 0.728
SPIN 3 6 3 2 -2.196 -5.377 -1.124
SPIN 3 6 3 3 2.466 -3.777 -3.828
SPIN 3 6 3 4 -2.789 4.622 2.421
SPIN 3 6 3 5 -3.264 4.201 2.587
SPIN 3 6 3 6 5.433 -1.818 1.475
SPIN 3 6 3 7 -4.538 3.599 -1.206
SPIN 3 6 3 8 -4.943 -1.460 -2.905
SPIN 3 6 3 9 -5.081 2.182 -2.103
SPIN 3 6 3 10 5.328 -2.287 -1.175
SPIN 3 6 3 11 -4.142 -3.440 -2.452
SPIN 3 6 3 12 4.805 -3.254 1.150
SPIN 3 6 3 13 -2.595 -5.289 -0.544
SPIN 3 6 3 14 -2.872 4.301 2.872
SPIN 3 6 3 15 0.169 -5.831 0.984
SPIN 2 6 3 0 5.761 -1.202 0.609
SPIN 2 6 3 1 -0.820 -4.848 3.291
SPIN 2 6 3 2 -4.587 3.245 -1.851
SPIN 2 6 3 3 1.235 -0.312 5.777
SPIN 2 6 3 4 0.455 5.866 0.617
SPIN 2 6 3 5 -2.917 5.136 0.339
SPIN 2 6 3 6 -4.676 -1.344 -3.365
SPIN 2 6 3 7 0.930 -3.026 -4.998
SPIN 2 6 3 8 -3.950 -0.454 4.381
SPIN 2 6 3 9 -1.772 4.578 3.302
SPIN 2 6 3 10 0.775 -4.220 -4.073
SPIN 2 6 3 11 -3.484 -4.745 0.590
SPIN 2 6 3 12 -5.870 -0.673 -0.306
SPIN 2 6 3 13 -2.869 -0.461 -5.153
SPIN 2 6 3 14 4.765 -3.484 0.396
SPIN 2 6 3 15 -1.346 4.093 -4.054
SPIN 3 6 4 0 -2.747 -5.196 -0.672
SPIN 3 6 4 1 -3.617 4.681 0.052
SPIN 3 6 4 2 -1.405 3.576 4.499
SPIN 3 6 4 3 5.429 -1.923 -1.350
SPIN 3 6 4 4 3.776 2.990 3.435
SPIN 3 6 4 5 -5.335 2.499 0.535
SPIN 3 6 4 6 -4.439 -3.851 -0.682
SPIN 3 6 4 7 -0.369 3.678 4.620
SPIN 3 6 4 8 5.884 -0.591 0.178
SPIN 3 6 4 9 -3.546 2.209 4.189
SPIN 3 6 4 10 -2.130 4.836 -2.660
SPIN 3 6 4 11 -2.044 -2.289 5.058
SPIN 3 6 4 12 0.000 3.005 -5.096
SPIN 3 6 4 13 -3.482 -1.618 -4.501
SPIN 3 6 4 14 -1.611 5.588 -1.087
SPIN 3 6 4 15 -0.829 2.544 -5.277
SPIN 2 6 4 0 -4.037 0.760 4.257
SPIN 2 6 4 1 3.414 3.696 -3.111
SPIN 2 6 4 2 1.239 -5.784 0.099
SPIN 2 6 4 3 -4.806 -3.414 -0.500
SPIN 2 6 4 4 5.883 0.043 0.623
SPIN 2 6 4 5 0.305 2.173 5.494
SPIN 2 6 4 6 -1.527 -5.701 0.414
SPIN 2 6 4 7 -5.900 0.266 -0.347
SPIN 2 6 4 8 2.840 -5.185 -0.220
SPIN 2 6 4 9 -4.340 3.968 -0.646
SPIN 2 6 4 10 -3.525 -4.651 0.974
SPIN 2 6 4 11 1.487 -1.980 5.373
SPIN 2 6 4 12 3.303 -1.549 4.658
SPIN 2 6 4 13 -5.722 1.500 0.072
SPIN 2 6 4 14 0.387 -1.762 5.634
SPIN 2 6 4 15 4.929 0.509 3.232
SPIN 3 6 5 0 -2.071 5.408 -1.210
SPIN 3 6 5 1 -0.933 -3.425 -4.732
SPIN 3 6 5 2 2.840 5.176 0.373
SPIN 3 6 5 3 1.369 1.151 5.639
SPIN 3 6 5 4 -3.592 2.848 -3.740
SPIN 3 6 5 5 -2.396 -4.981 -2.109
SPIN 3 6 5 6 1.564 5.703 -0.156
SPIN 3 6 5 7 -1.248 -4.657 -3.428
SPIN 3 6 5 8 1.866 3.557 -4.343
SPIN 3 6 5 9 2.953 -4.825 1.731
SPIN 3 6 5 10 0.186 4.432 -3.914
SPIN 3 6 5 11 4.490 -0.083 3.852
SPIN 3 6 5 12 1.000 -2.053 5.457
SPIN 3 6 5 13 4.839 1.942 2.796
SPIN 3 6 5 14 0.871 0.740 -5.805
SPIN 3 6 5 15 -1.972 -4.264 -3.596
SPIN 2 6 5 0 -5.671 1.659 0.297
SPIN 2 6 5 1 -0.388 -2.073 -5.527
SPIN 2 6 5 2 0.310 5.888 -0.483
SPIN 2 6 5 3 4.240 -4.120 -0.216
SPIN 2 6 5 4 -3.016 3.605 3.593
SPIN 2 6 5 5 4.678 -3.284 -1.525
SPIN 2 6 5 6 2.782 -1.605 4.968
SPIN 2 6 5 7 2.475 -3.857 -3.742
SPIN 2 6 5 8 1.756 -0.680 5.608
SPIN 2 6 5 9 1.867 -4.475 3.390
SPIN 2 6 5 10 -1.240 -3.141 -4.857
SPIN 2 6 5 11 3.439 1.314 -4.631
SPIN 2 6 5 12 -4.134 -2.918 -3.065
SPIN 2 6 5 13 -3.279 0.637 -4.883
SPIN 2 6 5 14 1.539 -4.010 -4.069
SPIN 2 6 5 15 -1.173 0.279 -5.792
SPIN 3 6 6 0 3.343 0.512 -4.854
SPIN 3 6 6 1 3.087 1.029 4.941
SPIN 3 6 6 2 2.626 -4.892 -2.044
SPIN 3 6 6 3 -1.928 -2.077 5.193
SPIN 3 6 6 4 5.310 0.701 -2.512
SPIN 3 6 6 5 1.046 5.821 -0.148
SPIN 3 6 6 6 -5.324 -1.925 -1.716
SPIN 3 6 6 7 4.060 -3.283 -2.782
SPIN 3 6 6 8 -5.275 -2.516 -0.920
SPIN 3 6 6 9 1.335 -1.217 -5.633
SPIN 3 6 6 10 -3.663 -4.258 1.857
SPIN 3 6 6 11 -0.838 0.091 -5.856
SPIN 3 6 6 12 -2.555 4.695 2.536
SPIN 3 6 6 13 -4.016 -4.036 1.607
SPIN 3 6 6 14 1.273 -5.778 0.029
SPIN 3 6 6 15 -1.367 2.977 4.927
SPIN 2 6 6 0 0.474 5.541 -2.019
SPIN 2 6 6 1 4.277 -2.541 3.201
SPIN 2 6 6 2 -3.897 1.390 -4.229
SPIN 2 6 6 3 1.437 5.700 -0.663
SPIN 2 6 6 4 3.396 0.925 4.755
SPIN 2 6 6 5 -5.043 -2.771 1.375
SPIN 2 6 6 6 3.953 -0.630 4.356
SPIN 2 6 6 7 -3.724 4.544 -0.698
SPIN 2 6 6 8 3.925 -3.842 2.198
SPIN 2 6 6 9 -0.227 -1.018 -5.823
SPIN 2 6 6 10 0.528 0.139 5.891
SPIN 2 6 6 11 5.280 1.235 -2.365
SPIN 2 6 6 12 -3.077 -4.807 1.559
SPIN 2 6 6 13 4.563 -0.083 3.765
SPIN 2 6 6 14 -0.676 5.650 -1.620
SPIN 2 6 6 15 -1.724 4.443 3.505
SPIN 3 6 7 0 -1.367 5.544 1.546
SPIN 3 6 7 1 4.462 -2.598 -2.888
SPIN 3 6 7 2 -2.336 0.510 5.412
SPIN 3 6 7 3 4.839 -3.112 1.378
SPIN 3 6 7 4 -4.097 -3.322 -2.679
SPIN 3 6 7 5 -2.145 0.989 5.424
SPIN 3 6 7 6 1.322 -5.639 1.206
SPIN 3 6 7 7 -5.002 0.642 3.093
SPIN 3 6 7 8 4.804 3.417 0.498
SPIN 3 6 7 9 -5.091 3.013 -0.066
SPIN 3 6 7 10 -2.382 4.966 2.160
SPIN 3 6 7 11 -0.581 -0.198 5.884
SPIN 3 6 7 12 -0.308 3.496 -4.763
SPIN 3 6 7 13 1.698 -5.423 -1.647
SPIN 3 6 7 14 -0.881 -0.425 5.835
SPIN 3 6 7 15 -1.561 -4.425 -3.604
SPIN 2 6 7 0 3.682 -3.316 3.232
SPIN 2 6 7 1 -4.216 -1.241 -3.960
SPIN 2 6 7 2 4.524 3.076 2.252
SPIN 2 6 7 3 3.938 2.714 3.483
SPIN 2 6 7 4 -1.681 -0.110 5.671
SPIN 2 6 7 5 -4.601 3.705 0.321
SPIN 2 6 7 6 -4.061 -1.739 -3.935
SPIN 2 6 7 7 -0.075 -5.663 -1.709
SPIN 2 6 7 8 0.553 -3.260 -4.906
SPIN 2 6 7 9 5.368 2.469 0.297
SPIN 2 6 7 10 4.013 0.893 4.254
SPIN 2 6 7 11 -1.572 3.392 -4.585
SPIN 2 6 7 12 3.914 -2.151 -3.880
SPIN 2 6 7 13 -2.889 3.948 -3.326
SPIN 2 6 7 14 1.177 -0.777 5.745
SPIN 2 6 7 15 2.938 4.791 1.849
SPIN 3 6 8 0 4.646 -3.630 0.487
SPIN 3 6 8 1 3.346 -2.285 -4.311
SPIN 3 6 8 2 5.377 -2.298 -0.899
SPIN 3 6 8 3 -3.237 3.668 3.327
SPIN 3 6 8 4 4.515 -2.093 -3.199
SPIN 3 6 8 5 -4.459 3.775 0.932
SPIN 3 6 8 6 -3.678 4.361 1.568
SPIN 3 6 8 7 5.554 -0.517 -1.972
SPIN 3 6 8 8 -4.487 -2.572 -2.872
SPIN 3 6 8 9 1.333 -5.079 2.725
SPIN 3 6 8 10 1.858 5.128 2.291
SPIN 3 6 8 11 2.675 -3.439 -4.002
SPIN 3 6 8 12 -2.722 -2.852 4.411
SPIN 3 6 8 13 -4.407 -0.356 3.931
SPIN 3 6 8 14 -0.105 -2.222 -5.482
SPIN 3 6 8 15 -3.959 4.239 1.167
SPIN 2 6 8 0 -1.462 -4.908 2.962
SPIN 2 6 8 1 0.943 -3.037 4.989
SPIN 2 6 8 2 -1.812 -1.117 -5.520
SPIN 2 6 8 3 2.172 2.442 -4.931
SPIN 2 6 8 4 -4.093 -3.279 2.737
SPIN 2 6 8 5 -2.594 1.260 -5.165
SPIN 2 6 8 6 5.583 0.782 1.793
SPIN 2 6 8 7 -3.870 -1.559 -4.194
SPIN 2 6 8 8 2.333 0.788 5.379
SPIN 2 6 8 9 -2.717 -1.086 5.142
SPIN 2 6 8 10 -5.601 -1.784 0.668
SPIN 2 6 8 11 5.625 -1.212 1.376
SPIN 2 6 8 12 3.152 4.530 2.131
SPIN 2 6 8 13 -3.140 -0.276 -5.006
SPIN 2 6 8 14 4.408 3.915 -0.495
SPIN 2 6 8 15 -3.825 -3.060 3.318
SPIN 3 6 9 0 -0.734 5.770 1.081
SPIN 3 6 9 1 -1.162 0.533 -5.776
SPIN 3 6 9 2 -4.250 -0.277 4.106
SPIN 3 6 9 3 -2.000 0.300 -5.560
SPIN 3 6 9 4 4.681 -1.717 3.185
SPIN 3 6 9 5 -3.074 0.043 -5.055
SPIN 3 6 9 6 3.560 -4.698 0.510
SPIN 3 6 9 7 -3.354 -4.275 -2.340
SPIN 3 6 9 8 -0.762 -3.822 -4.451
SPIN 3 6 9 9 0.203 3.614 4.680
SPIN 3 6 9 10 2.453 -4.607 -2.785
SPIN 3 6 9 11 -2.262 4.485 3.125
SPIN 3 6 9 12 2.853 2.307 -4.641
SPIN 3 6 9 13 1.447 -4.085 -4.027
SPIN 3 6 9 14 -0.282 -2.108 5.521
SPIN 3 6 9 15 -1.555 -4.816 -3.063
SPIN 2 6 9 0 0.298 5.634 1.780
SPIN 2 6 9 1 -4.959 -2.583 -1.934
SPIN 2 6 9 2 -4.212 0.019 4.155
SPIN 2 6 9 3 1.658 -1.927 -5.342
SPIN 2 6 9 4 3.451 4.623 1.310
SPIN 2 6 9 5 3.864 -4.202 -1.553
SPIN 2 6 9 6 1.368 0.297 -5.748
SPIN 2 6 9 7 -1.192 5.431 2.021
SPIN 2 6 9 8 2.374 5.415 0.193
SPIN 2 6 9 9 -1.078 4.462 3.732
SPIN 2 6 9 10 3.347 2.923 -3.905
SPIN 2 6 9 11 -5.305 0.004 -2.618
SPIN 2 6 9 12 3.211 -3.387 3.636
SPIN 2 6 9 13 3.596 -1.362 4.496
SPIN 2 6 9 14 2.229 3.669 -4.070
SPIN 2 6 9 15 3.096 4.955 -0.929
SPIN 3 6 10 0 -1.255 -5.130 -2.666
SPIN 3 6 10 1 -1.497 5.660 -0.850
SPIN 3 6 10 2 0.579 -4.861 -3.322
SPIN 3 6 10 3 -3.000 -5.035 0.808
SPIN 3 6 10 4 -2.601 -0.539 5.286
SPIN 3 6 10 5 1.055 -3.769 4.436
SPIN 3 6 10 6 -0.652 5.876 -0.215
SPIN 3 6 10 7 2.361 3.526 4.122
SPIN 3 6 10 8 -5.586 -1.650 1.034
SPIN 3 6 10 9 -1.965 -5.486 -1.023
SPIN 3 6 10 10 -3.729 3.102 3.387
SPIN 3 6 10 11 0.298 0.723 5.864
SPIN 3 6 10 12 -5.220 -2.280 1.597
SPIN 3 6 10 13 -3.588 -1.966 4.274
SPIN 3 6 10 14 -2.018 0.665 -5.521
SPIN 3 6 10 15 2.040 5.042 2.326
SPIN 2 6 10 0 2.778 -4.612 2.452
SPIN 2 6 10 1 -1.443 -4.060 4.054
SPIN 2 6 10 2 -0.328 5.886 0.498
SPIN 2 6 10 3 -1.932 1.553 5.372
SPIN 2 6 10 4 -1.263 -3.038 -4.916
SPIN 2 6 10 5 2.448 -0.784 -5.329
SPIN 2 6 10 6 3.450 -0.886 -4.724
SPIN 2 6 10 7 0.829 -5.810 -0.747
SPIN 2 6 10 8 -1.757 2.253 -5.180
SPIN 2 6 10 9 -3.040 -4.891 -1.356
SPIN 2 6 10 10 -4.082 3.099 2.956
SPIN 2 6 10 11 -0.557 -5.837 -0.789
SPIN 2 6 10 12 1.108 2.136 -5.405
SPIN 2 6 10 13 -2.473 2.118 -4.940
SPIN 2 6 10 14 -5.095 -1.847 2.373
SPIN 2 6 10 15 -3.490 4.768 -0.294
SPIN 3 6 11 0 -2.073 2.661 4.860
SPIN 3 6 11 1 3.367 0.164 4.861
SPIN 3 6 11 2 -4.371 3.841 1.069
SPIN 3 6 11 3 -1.535 -5.115 -2.546
SPIN 3 6 11 4 2.988 -4.334 2.700
SPIN 3 6 11 5 -1.278 3.840 4.315
SPIN 3 6 11 6 4.340 -3.879 1.060
SPIN 3 6 11 7 -1.196 -5.790 0.219
SPIN 3 6 11 8 0.320 1.316 -5.759
SPIN 3 6 11 9 0.289 4.971 -3.195
SPIN 3 6 11 10 2.679 4.315 3.034
SPIN 3 6 11 11 -5.341 2.042 1.516
SPIN 3 6 11 12 4.286 1.644 3.732
SPIN 3 6 11 13 4.953 -0.701 -3.158
SPIN 3 6 11 14 5.366 -1.967 1.529
SPIN 3 6 11 15 -3.198 -3.430 3.607
SPIN 2 6 11 0 -1.498 0.756 -5.673
SPIN 2 6 11 1 -1.817 5.378 -1.666
SPIN 2 6 11 2 -4.263 -3.326 2.402
SPIN 2 6 11 3 0.835 5.431 2.193
SPIN 2 6 11 4 3.946 -3.006 3.224
SPIN 2 6 11 5 -5.450 -1.535 -1.716
SPIN 2 6 11 6 -5.905 0.023 -0.364
SPIN 2 6 11 7 -0.569 5.549 1.970
SPIN 2 6 11 8 -2.019 -3.985 -3.879
SPIN 2 6 11 9 -5.530 -0.665 -1.995
SPIN 2 6 11 10 3.336 -4.658 -1.473
SPIN 2 6 11 11 -4.374 3.244 -2.311
SPIN 2 6 11 12 -0.821 2.094 5.472
SPIN 2 6 11 13 -2.246 -3.554 4.163
SPIN 2 6 11 14 -3.375 -2.538 4.144
SPIN 2 6 11 15 5.228 -1.199 2.497
SPIN 3 6 12 0 -1.030 5.506 1.904
SPIN 3 6 12 1 -5.439 2.228 -0.672
SPIN 3 6 12 2 1.088 -3.311 4.781
SPIN 3 6 12 3 -2.905 3.685 -3.603
SPIN 3 6 12 4 5.191 -1.035 -2.642
SPIN 3 6 12 5 -0.989 3.274 4.827
SPIN 3 6 12 6 5.104 2.956 0.453
SPIN 3 6 12 7 -4.430 1.313 3.695
SPIN 3 6 12 8 4.258 1.952 -3.613
SPIN 3 6 12 9 0.360 -0.019 5.905
SPIN 3 6 12 10 -1.800 -1.209 -5.505
SPIN 3 6 12 11 4.439 -3.806 0.897
SPIN 3 6 12 12 5.026 3.051 -0.654
SPIN 3 6 12 13 -1.273 -4.544 3.568
SPIN 3 6 12 14 -4.129 3.862 1.745
SPIN 3 6 12 15 -2.023 -5.158 2.074
SPIN 2 6 12 0 1.367 5.104 2.662
SPIN 2 6 12 1 5.404 -2.394 0.251
SPIN 2 6 12 2 3.779 2.999 -3.424
SPIN 2 6 12 3 0.979 -5.759 -0.936
SPIN 2 6 12 4 -4.139 4.220 0.249
SPIN 2 6 12 5 5.387 0.939 2.258
SPIN 2 6 12 6 -5.567 1.618 1.178
SPIN 2 6 12 7 1.713 -4.134 3.870
SPIN 2 6 12 8 -4.397 2.939 2.651
SPIN 2 6 12 9 -4.122 2.121 -3.676
SPIN 2 6 12 10 1.475 3.104 -4.816
SPIN 2 6 12 11 -3.511 -4.759 -0.155
SPIN 2 6 12 12 -4.183 -3.735 -1.884
SPIN 2 6 12 13 5.627 -1.544 -0.975
SPIN 2 6 12 14 -4.834 1.618 3.002
SPIN 2 6 12 15 3.685 1.302 4.441
SPIN 3 6 13 0 3.372 1.627 4.581
SPIN 3 6 13 1 -5.232 -1.820 -2.078
SPIN 3 6 13 2 -4.295 3.768 1.536
SPIN 3 6 13 3 5.605 1.081 -1.555
SPIN 3 6 13 4 -3.275 2.848 4.020
SPIN 3 6 13 5 -4.401 2.825 2.765
SPIN 3 6 13 6 5.542 1.951 0.690
SPIN 3 6 13 7 -4.296 3.115 -2.615
SPIN 3 6 13 8 0.735 -4.983 3.103
SPIN 3 6 13 9 4.928 2.646 1.929
SPIN 3 6 13 10 3.542 3.873 -2.729
SPIN 3 6 13 11 2.824 -5.178 -0.464
SPIN 3 6 13 12 -5.866 0.386 0.663
SPIN 3 6 13 13 5.190 -0.314 -2.822
SPIN 3 6 13 14 -3.829 -1.851 -4.113
SPIN 3 6 13 15 -5.591 -0.838 1.744
SPIN 2 6 13 0 -0.533 1.981 -5.549
SPIN 2 6 13 1 -5.349 0.563 -2.464
SPIN 2 6 13 2 2.477 -4.913 -2.174
SPIN 2 6 13 3 -3.293 -4.861 0.722
SPIN 2 6 13 4 5.514 1.526 1.506
SPIN 2 6 13 5 -4.636 3.323 -1.569
SPIN 2 6 13 6 -0.846 0.799 -5.800
SPIN 2 6 13 7 1.310 -3.211 -4.793
SPIN 2 6 13 8 1.044 3.429 -4.707
SPIN 2 6 13 9 -1.142 -5.453 1.990
SPIN 2 6 13 10 4.344 -3.244 2.368
SPIN 2 6 13 11 2.511 -5.182 1.358
SPIN 2 6 13 12 2.080 4.824 2.721
SPIN 2 6 13 13 3.568 4.468 1.518
SPIN 2 6 13 14 -0.068 -5.765 -1.325
SPIN 2 6 13 15 -0.004 -5.573 1.987
SPIN 3 6 14 0 -1.326 -5.733 -0.614
SPIN 3 6 14 1 -0.736 1.155 5.755
SPIN 3 6 14 2 5.878 0.219 -0.629
SPIN 3 6 14 3 -2.142 -0.320 -5.505
SPIN 3 6 14 4 2.216 -5.445 0.666
SPIN 3 6 14 5 4.133 -1.639 3.903
SPIN 3 6 14 6 -5.599 1.193 -1.493
SPIN 3 6 14 7 -2.478 5.071 -1.773
SPIN 3 6 14 8 -2.730 -5.014 -1.554
SPIN 3 6 14 9 -2.541 -3.441 -4.087
SPIN 3 6 14 10 -1.114 4.023 -4.192
SPIN 3 6 14 11 -1.809 -2.961 4.792
SPIN 3 6 14 12 1.657 1.497 -5.478
SPIN 3 6 14 13 -0.127 -0.572 -5.887
SPIN 3 6 14 14 1.693 -0.080 5.668
SPIN 3 6 14 15 5.771 1.250 0.368
SPIN 2 6 14 0 5.272 -0.004 2.685
SPIN 2 6 14 1 -0.088 0.906 5.846
SPIN 2 6 14 2 -4.640 3.244 1.716
SPIN 2 6 14 3 -4.775 -2.350 2.583
SPIN 2 6 14 4 -1.041 -5.757 -0.882
SPIN 2 6 14 5 1.656 -1.190 5.554
SPIN 2 6 14 6 -1.952 -0.164 5.582
SPIN 2 6 14 7 -4.904 3.178 0.923
SPIN 2 6 14 8 5.632 -1.619 0.815
SPIN 2 6 14 9 4.837 2.587 2.217
SPIN 2 6 14 10 -4.825 -1.028 -3.265
SPIN 2 6 14 11 4.275 3.799 -1.515
SPIN 2 6 14 12 -1.900 -2.900 -4.794
SPIN 2 6 14 13 -1.594 -3.343 -4.613
SPIN 2 6 14 14 2.496 -4.445 -3.002
SPIN 2 6 14 15 -2.129 0.808 5.460
SPIN 3 6 15 0 -4.490 3.846 -0.213
SPIN 3 6 15 1 2.886 5.056 1.050
SPIN 3 6 15 2 -0.132 -4.101 4.262
SPIN 3 6 15 3 0.559 5.120 -2.911
SPIN 3 6 15 4 2.448 0.709 5.339
SPIN 3 6 15 5 1.849 5.320 1.811
SPIN 3 6 15 6 5.789 0.927 -0.796
SPIN 3 6 15 7 -1.543 -4.916 -2.907
SPIN 3 6 15 8 -5.725 1.043 1.064
SPIN 3 6 15 9 -5.868 -0.427 0.620
SPIN 3 6 15 10 1.268 -4.731 3.319
SPIN 3 6 15 11 -3.984 1.266 -4.187
SPIN 3 6 15 12 2.570 3.495 4.023
SPIN 3 6 15 13 -3.534 -2.972 -3.698
SPIN 3 6 15 14 -5.712 1.392 0.660
SPIN 3 6 15 15 3.390 3.287 -3.564
SPIN 2 6 15 0 4.901 -2.206 2.471
SPIN 2 6 15 1 -5.382 -1.257 2.111
SPIN 2 6 15 2 4.502 0.776 3.758
SPIN 2 6 15 3 3.280 -3.266 -3.685
SPIN 2 6 15 4 4.075 4.284 -0.216
SPIN 2 6 15 5 -1.441 -5.719 0.468
SPIN 2 6 15 6 0.134 5.670 -1.683
SPIN 2 6 15 7 -3.864 -4.106 -1.792
SPIN 2 6 15 8 -5.695 -1.601 -0.009
SPIN 2 6 15 9 2.245 -4.290 -3.399
SPIN 2 6 15 10 0.133 5.835 0.965
SPIN 2 6 15 11 -2.554 -4.797 -2.338
SPIN 2 6 15 12 5.791 1.190 -0.231
SPIN 2 6 15 13 0.743 -5.563 1.870
SPIN 2 6 15 14 2.349 5.026 2.056
SPIN 2 6 15 15 0.886 -5.814 -0.642
SPIN 1 7 0 0 0.932 5.098 -2.854
SPIN 1 7 0 1 -0.675 -4.949 3.171
SPIN 1 7 0 2 -1.714 -4.849 -2.923
SPIN 1 7 0 3 4.800 -2.306 2.578
SPIN 1 7 0 4 -3.318 1.184 4.753
SPIN 1 7 0 5 3.962 -3.369 2.820
SPIN 1 7 0 6 -4.770 -0.103 -3.498
SPIN 1 7 0 7 4.705 2.386 -2.679
SPIN 1 7 0 8 -2.066 -5.401 1.249
SPIN 1 7 0 9 3.896 -4.343 0.981
SPIN 1 7 0 10 -4.046 3.698 2.225
SPIN 1 7 0 11 -5.392 1.106 2.168
SPIN 1 7 0 12 -3.317 3.174 -3.732
SPIN 1 7 0 13 5.496 -1.132 -1.875
SPIN 1 7 0 14 -4.019 0.855 4.257
SPIN 1 7 0 15 1.030 3.981 -4.253
SPIN 4 7 0 0 4.347 -3.089 2.561
SPIN 4 7 0 1 -1.204 5.355 -2.207
SPIN 4 7 0 2 4.599 -3.098 2.061
SPIN 4 7 0 3 3.386 -4.059 2.657
SPIN 4 7 0 4 -5.229 1.049 -2.561
SPIN 4 7 0 5 1.886 4.804 2.892
SPIN 4 7 0 6 -5.477 -1.106 1.943
SPIN 4 7 0 7 1.091 -3.340 4.760
SPIN 4 7 0 8 -0.831 1.896 5.542
SPIN 4 7 0 9 3.755 2.759 -3.645
SPIN 4 7 0 10 1.872 -3.880 -4.055
SPIN 4 7 0 11 2.682 4.319 3.025
SPIN 4 7 0 12 3.624 -4.039 -2.358
SPIN 4 7 0 13 0.946 2.040 -5.472
SPIN 4 7 0 14 0.136 -3.849 4.491
SPIN 4 7 0 15 -1.911 -4.752 -2.960
SPIN 1 7 1 0 4.927 1.845 2.705
SPIN 1 7 1 1 -4.139 2.250 -3.578
SPIN 1 7 1 2 -0.310 -2.113 5.517
SPIN 1 7 1 3 -2.067 5.474 -0.874
SPIN 1 7 1 4 -1.481 2.967 4.899
SPIN 1 7 1 5 0.186 -5.913 0.050
SPIN 1 7 1 6 -4.462 3.883 -0.136
SPIN 1 7 1 7 2.765 -3.891 -3.495
SPIN 1 7 1 8 5.160 -1.306 2.583
SPIN 1 7 1 9 -3.621 -1.140 4.537
SPIN 1 7 1 10 -4.300 -4.057 0.216
SPIN 1 7 1 11 4.778 0.474 -3.456
SPIN 1 7 1 12 4.032 -3.805 -2.065
SPIN 1 7 1 13 -5.488 0.046 2.209
SPIN 1 7 1 14 2.549 -2.722 -4.593
SPIN 1 7 1 15 0.141 1.128 5.806
SPIN 4 7 1 0 -2.885 2.182 4.681
SPIN 4 7 1 1 5.256 2.580 0.846
SPIN 4 7 1 2 2.601 0.756 -5.260
SPIN 4 7 1 3 -5.905 -0.336 -0.151
SPIN 4 7 1 4 5.379 2.423 0.438
SPIN 4 7 1 5 -1.717 5.614 0.731
SPIN 4 7 1 6 -4.697 3.466 -0.960
SPIN 4 7 1 7 -2.591 2.195 4.845
SPIN 4 7 1 8 3.551 -3.701 2.948
SPIN 4 7 1 9 4.804 -1.291 3.202
SPIN 4 7 1 10 -4.489 3.111 -2.273
SPIN 4 7 1 11 -3.263 4.934 0.080
SPIN 4 7 1 12 2.695 -0.427 -5.249
SPIN 4 7 1 13 1.574 1.225 5.570
SPIN 4 7 1 14 -3.074 3.920 -3.191
SPIN 4 7 1 15 -1.256 5.430 -1.984
SPIN 1 7 2 0 -3.863 2.670 3.599
SPIN 1 7 2 1 -0.463 -4.915 -3.261
SPIN 1 7 2 2 -2.013 4.625 3.091
SPIN 1 7 2 3 2.490 -5.361 -0.246
SPIN 1 7 2 4 5.302 2.566 -0.546
SPIN 1 7 2 5 3.264 0.759 -4.875
SPIN 1 7 2 6 -1.309 1.801 5.481
SPIN 1 7 2 7 -0.287 -5.901 -0.309
SPIN 1 7 2 8 -5.675 -1.645 -0.302
SPIN 1 7 2 9 5.643 -1.094 -1.399
SPIN 1 7 2 10 5.122 -2.674 1.272
SPIN 1 7 2 11 -1.862 -5.556 0.811
SPIN 1 7 2 12 5.467 0.764 2.129
SPIN 1 7 2 13 -1.523 -5.155 -2.472
SPIN 1 7 2 14 -0.653 5.650 1.627
SPIN 1 7 2 15 -0.202 -0.939 -5.838
SPIN 4 7 2 0 4.234 2.114 -3.550
SPIN 4 7 2 1 -4.629 -3.068 2.039
SPIN 4 7 2 2 2.979 -1.237 4.959
SPIN 4 7 2 3 2.286 -1.877 -5.124
SPIN 4 7 2 4 -0.521 -2.348 5.405
SPIN 4 7 2 5 -0.772 5.586 -1.788
SPIN 4 7 2 6 5.444 -1.403 -1.843
SPIN 4 7 2 7 0.572 -2.333 -5.406
SPIN 4 7 2 8 -0.942 -1.397 -5.671
SPIN 4 7 2 9 -4.718 2.598 -2.447
SPIN 4 7 2 10 2.193 4.917 2.451
SPIN 4 7 2 11 -1.149 -4.832 -3.214
SPIN 4 7 2 12 -2.185 5.219 -1.729
SPIN 4 7 2 13 -4.259 3.751 -1.672
SPIN 4 7 2 14 0.034 -4.063 4.301
SPIN 4 7 2 15 0.467 5.113 -2.940
SPIN 1 7 3 0 4.763 2.146 2.776
SPIN 1 7 3 1 -4.443 3.894 0.315
SPIN 1 7 3 2 2.344 -3.396 -4.240
SPIN 1 7 3 3 -0.891 5.098 -2.867
SPIN 1 7 3 4 -0.426 -0.247 -5.896
SPIN 1 7 3 5 4.515 -3.071 2.277
SPIN 1 7 3 6 2.301 -4.403 -3.213
SPIN 1 7 3 7 -4.368 1.135 3.825
SPIN 1 7 3 8 5.587 1.526 1.207
SPIN 1 7 3 9 -5.259 -2.491 -1.066
SPIN 1 7 3 10 -0.118 1.719 5.660
SPIN 1 7 3 11 -4.228 -4.068 0.763
SPIN 1 7 3 12 -0.585 -4.891 -3.276
SPIN 1 7 3 13 5.879 0.242 -0.613
SPIN 1 7 3 14 4.537 -3.209 -2.030
SPIN 1 7 3 15 -0.179 -5.907 -0.266
SPIN 4 7 3 0 -0.182 -0.766 -5.863
SPIN 4 7 3 1 1.109 5.777 -0.633
SPIN 4 7 3 2 5.516 -0.452 -2.090
SPIN 4 7 3 3 -5.557 0.258 2.013
SPIN 4 7 3 4 5.188 -1.772 -2.224
SPIN 4 7 3 5 1.937 -2.063 -5.196
SPIN 4 7 3 6 1.350 -5.631 -1.211
SPIN 4 7 3 7 -1.263 3.711 -4.431
SPIN 4 7 3 8 4.817 -1.796 2.927
SPIN 4 7 3 9 -5.229 -2.748 0.334
SPIN 4 7 3 10 -2.959 1.093 -5.005
SPIN 4 7 3 11 3.277 4.061 2.787
SPIN 4 7 3 12 -4.907 3.186 0.875
SPIN 4 7 3 13 5.679 -1.447 -0.810
SPIN 4 7 3 14 0.359 -5.236 2.730
SPIN 4 7 3 15 5.693 0.741 1.427
SPIN 1 7 4 0 2.341 5.432 0.087
SPIN 1 7 4 1 -2.706 4.983 1.687
SPIN 1 7 4 2 5.256 -2.275 -1.484
SPIN 1 7 4 3 -2.884 -0.970 -5.073
SPIN 1 7 4 4 3.703 0.793 -4.545
SPIN 1 7 4 5 3.728 0.772 -4.529
SPIN 1 7 4 6 -4.148 4.195 0.446
SPIN 1 7 4 7 5.564 -0.487 1.950
SPIN 1 7 4 8 2.130 4.236 3.538
SPIN 1 7 4 9 2.839 0.100 5.189
SPIN 1 7 4 10 -0.271 3.806 -4.521
SPIN 1 7 4 11 -5.536 -1.853 -0.959
SPIN 1 7 4 12 0.983 5.130 -2.778
SPIN 1 7 4 13 1.034 -5.713 1.139
SPIN 1 7 4 14 -2.630 5.159 1.211
SPIN 1 7 4 15 -3.306 3.218 -3.703
SPIN 4 7 4 0 -2.858 -1.995 4.781
SPIN 4 7 4 1 1.688 -5.668 -0.152
SPIN 4 7 4 2 -0.496 4.144 4.193
SPIN 4 7 4 3 5.350 2.524 0.095
SPIN 4 7 4 4 -2.819 -4.796 -2.013
SPIN 4 7 4 5 -3.440 -4.466 -1.796
SPIN 4 7 4 6 4.475 0.186 -3.866
SPIN 4 7 4 7 -4.562 2.359 2.937
SPIN 4 7 4 8 1.738 -1.780 -5.368
SPIN 4 7 4 9 -4.928 3.057 -1.168
SPIN 4 7 4 10 4.673 3.317 1.470
SPIN 4 7 4 11 2.303 -5.256 -1.438
SPIN 4 7 4 12 -4.831 0.646 -3.354
SPIN 4 7 4 13 -4.266 -3.424 -2.254
SPIN 4 7 4 14 2.410 1.845 5.078
SPIN 4 7 4 15 -0.076 1.083 -5.816
SPIN 1 7 5 0 -1.946 -1.018 -5.493
SPIN 1 7 5 1 -1.288 -5.588 -1.455
SPIN 1 7 5 2 3.622 -4.655 0.454
SPIN 1 7 5 3 -2.360 1.260 5.277
SPIN 1 7 5 4 2.926 5.110 -0.567
SPIN 1 7 5 5 -4.523 -3.292 1.925
SPIN 1 7 5 6 -0.082 5.680 -1.653
SPIN 1 7 5 7 -4.427 2.801 -2.749
SPIN 1 7 5 8 -0.948 -3.321 4.803
SPIN 1 7 5 9 5.472 1.816 1.329
SPIN 1 7 5 10 0.101 -4.571 3.754
SPIN 1 7 5 11 0.557 5.608 -1.801
SPIN 1 7 5 12 -5.889 -0.424 0.369
SPIN 1 7 5 13 0.660 5.188 -2.766
SPIN 1 7 5 14 -0.401 1.928 -5.579
SPIN 1 7 5 15 4.935 1.899 2.653
SPIN 4 7 5 0 4.271 3.772 -1.589
SPIN 4 7 5 1 -0.568 0.566 -5.861
SPIN 4 7 5 2 -2.839 -4.123 -3.153
SPIN 4 7 5 3 2.238 0.520 -5.452
SPIN 4 7 5 4 -1.059 5.786 0.632
SPIN 4 7 5 5 1.761 5.578 -0.886
SPIN 4 7 5 6 -2.051 -5.391 -1.317
SPIN 4 7 5 7 2.616 3.378 -4.092
SPIN 4 7 5 8 3.967 3.714 -2.340
SPIN 4 7 5 9 -1.948 -5.359 -1.578
SPIN 4 7 5 10 -4.936 -3.233 -0.428
SPIN 4 7 5 11 -4.947 2.861 1.529
SPIN 4 7 5 12 5.762 0.096 1.336
SPIN 4 7 5 13 4.986 -2.744 -1.617
SPIN 4 7 5 14 -3.678 -4.217 1.921
SPIN 4 7 5 15 -0.622 -2.427 5.359
SPIN 1 7 6 0 1.658 -4.045 -3.986
SPIN 1 7 6 1 1.319 2.593 5.152
SPIN 1 7 6 2 1.464 1.647 5.490
SPIN 1 7 6 3 1.225 -0.954 -5.709
SPIN 1 7 6 4 -4.964 -3.161 0.604
SPIN 1 7 6 5 4.661 1.168 -3.452
SPIN 1 7 6 6 -2.345 4.115 -3.545
SPIN 1 7 6 7 1.330 1.179 5.643
SPIN 1 7 6 8 -3.724 0.906 -4.507
SPIN 1 7 6 9 -2.980 2.175 -4.625
SPIN 1 7 6 10 4.950 3.240 0.015
SPIN 1 7 6 11 -2.295 -5.246 1.488
SPIN 1 7 6 12 3.816 3.492 2.871
SPIN 1 7 6 13 -3.336 3.050 3.817
SPIN 1 7 6 14 -3.524 -2.543 -4.015
SPIN 1 7 6 15 -0.068 5.485 -2.216
SPIN 4 7 6 0 -2.038 -4.873 -2.665
SPIN 4 7 6 1 -1.762 -5.410 1.620
SPIN 4 7 6 2 1.528 5.184 -2.406
SPIN 4 7 6 3 -5.288 1.622 2.099
SPIN 4 7 6 4 -1.848 2.936 4.792
SPIN 4 7 6 5 -2.671 -5.228 0.732
SPIN 4 7 6 6 -1.751 2.678 4.976
SPIN 4 7 6 7 1.688 -3.516 4.448
SPIN 4 7 6 8 1.542 -2.736 5.013
SPIN 4 7 6 9 -1.220 2.490 -5.226
SPIN 4 7 6 10 -3.357 -4.654 1.440
SPIN 4 7 6 11 1.259 -3.004 4.939
SPIN 4 7 6 12 5.250 -2.424 -1.248
SPIN 4 7 6 13 -5.887 0.508 0.287
SPIN 4 7 6 14 3.421 -1.605 -4.552
SPIN 4 7 6 15 0.051 -3.681 -4.631
SPIN 1 7 7 0 0.156 5.274 -2.675
SPIN 1 7 7 1 4.843 1.744 2.917
SPIN 1 7 7 2 -4.861 2.828 1.838
SPIN 1 7 7 3 -3.140 -1.810 4.676
SPIN 1 7 7 4 1.438 -4.279 -3.823
SPIN 1 7 7 5 1.480 5.157 2.494
SPIN 1 7 7 6 1.032 -2.034 -5.459
SPIN 1 7 7 7 -5.770 0.600 1.159
SPIN 1 7 7 8 2.453 0.367 5.371
SPIN 1 7 7 9 1.153 5.757 -0.728
SPIN 1 7 7 10 4.345 -3.987 0.471
SPIN 1 7 7 11 -3.391 2.564 -4.115
SPIN 1 7 7 12 -1.989 -4.527 3.248
SPIN 1 7 7 13 2.768 0.037 -5.228
SPIN 1 7 7 14 0.847 5.445 2.153
SPIN 1 7 7 15 1.602 -3.077 4.793
SPIN 4 7 7 0 1.168 4.704 3.392
SPIN 4 7 7 1 -3.353 1.297 -4.699
SPIN 4 7 7 2 -0.572 -4.793 -3.420
SPIN 4 7 7 3 5.140 0.148 -2.925
SPIN 4 7 7 4 -5.207 -1.928 2.042
SPIN 4 7 7 5 5.144 -2.395 -1.675
SPIN 4 7 7 6 -2.437 -2.410 4.822
SPIN 4 7 7 7 -5.039 -1.659 2.618
SPIN 4 7 7 8 5.115 0.658 -2.900
SPIN 4 7 7 9 -4.927 -2.573 -2.024
SPIN 4 7 7 10 4.684 2.719 -2.380
SPIN 4 7 7 11 0.778 -5.425 -2.228
SPIN 4 7 7 12 -1.134 5.572 1.632
SPIN 4 7 7 13 2.931 -3.346 -3.901
SPIN 4 7 7 14 -3.088 -5.023 -0.488
SPIN 4 7 7 15 5.808 -0.814 -0.779
SPIN 1 7 8 0 -1.467 -5.515 -1.559
SPIN 1 7 8 1 0.691 5.868 0.296
SPIN 1 7 8 2 3.145 -0.819 -4.944
SPIN 1 7 8 3 -5.915 -0.110 -0.043
SPIN 1 7 8 4 -3.436 -1.645 4.527
SPIN 1 7 8 5 0.141 4.984 3.184
SPIN 1 7 8 6 3.818 -4.361 -1.185
SPIN 1 7 8 7 4.464 -0.187 3.878
SPIN 1 7 8 8 -3.890 3.681 -2.514
SPIN 1 7 8 9 3.264 -4.548 1.913
SPIN 1 7 8 10 -4.386 -1.601 -3.633
SPIN 1 7 8 11 2.054 1.421 -5.363
SPIN 1 7 8 12 -5.183 -1.377 2.498
SPIN 1 7 8 13 2.130 2.933 4.675
SPIN 1 7 8 14 -5.080 3.022 -0.244
SPIN 1 7 8 15 4.262 0.149 4.100
SPIN 4 7 8 0 -5.599 1.294 1.406
SPIN 4 7 8 1 -4.077 3.633 2.277
SPIN 4 7 8 2 4.589 -3.732 -0.120
SPIN 4 7 8 3 -1.751 2.175 5.215
SPIN 4 7 8 4 3.053 -2.640 -4.326
SPIN 4 7 8 5 -3.308 -1.733 -4.589
SPIN 4 7 8 6 -2.170 -4.363 3.354
SPIN 4 7 8 7 -5.364 0.051 2.496
SPIN 4 7 8 8 2.409 -1.469 -5.200
SPIN 4 7 8 9 -1.759 5.631 -0.442
SPIN 4 7 8 10 -2.875 -5.036 -1.171
SPIN 4 7 8 11 1.043 4.911 -3.130
SPIN 4 7 8 12 -1.979 1.973 5.214
SPIN 4 7 8 13 -1.051 -1.062 -5.724
SPIN 4 7 8 14 -3.386 3.740 -3.089
SPIN 4 7 8 15 -0.287 0.447 5.892
SPIN 1 7 9 0 -2.274 3.564 4.139
SPIN 1 7 9 1 5.643 1.298 1.213
SPIN 1 7 9 2 -4.357 2.463 3.155
SPIN 1 7 9 3 -2.280 -0.483 5.438
SPIN 1 7 9 4 1.712 5.387 -1.745
SPIN 1 7 9 5 -1.682 -4.253 -3.753
SPIN 1 7 9 6 -4.449 3.263 -2.137
SPIN 1 7 9 7 4.517 -1.918 -3.304
SPIN 1 7 9 8 -0.436 0.216 5.896
SPIN 1 7 9 9 -3.110 -4.501 2.252
SPIN 1 7 9 10 5.891 -0.180 0.513
SPIN 1 7 9 11 5.524 1.362 -1.623
SPIN 1 7 9 12 3.887 4.370 -0.890
SPIN 1 7 9 13 0.667 5.319 -2.502
SPIN 1 7 9 14 -3.081 3.065 4.014
SPIN 1 7 9 15 5.834 -0.001 0.983
SPIN 4 7 9 0 3.768 2.916 -3.507
SPIN 4 7 9 1 3.691 -3.635 2.858
SPIN 4 7 9 2 0.216 2.151 5.507
SPIN 4 7 9 3 4.430 -2.599 -2.936
SPIN 4 7 9 4 2.895 -3.210 4.039
SPIN 4 7 9 5 3.812 3.009 3.379
SPIN 4 7 9 6 0.598 -2.381 -5.383
SPIN 4 7 9 7 -0.762 -5.832 -0.635
SPIN 4 7 9 8 -1.794 -5.443 -1.467
SPIN 4 7 9 9 -4.252 0.068 -4.112
SPIN 4 7 9 10 -2.131 -1.020 5.424
SPIN 4 7 9 11 -5.879 -0.376 -0.547
SPIN 4 7 9 12 -5.844 0.916 -0.077
SPIN 4 7 9 13 4.548 -3.420 -1.617
SPIN 4 7 9 14 2.495 3.964 3.614
SPIN 4 7 9 15 -5.651 1.711 0.365
SPIN 1 7 10 0 -3.326 0.178 -4.889
SPIN 1 7 10 1 4.405 -3.191 2.327
SPIN 1 7 10 2 3.684 1.988 -4.180
SPIN 1 7 10 3 1.793 5.279 -1.981
SPIN 1 7 10 4 2.075 -3.587 -4.222
SPIN 1 7 10 5 1.612 4.202 -3.840
SPIN 1 7 10 6 4.707 2.817 2.214
SPIN 1 7 10 7 -3.628 -4.563 -1.009
SPIN 1 7 10 8 2.451 4.713 2.603
SPIN 1 7 10 9 5.890 -0.544 -0.125
SPIN 1 7 10 10 0.144 1.577 5.700
SPIN 1 7 10 11 -0.009 4.979 -3.195
SPIN 1 7 10 12 4.511 -3.710 0.943
SPIN 1 7 10 13 -1.358 -5.137 2.602
SPIN 1 7 10 14 -3.515 3.158 3.560
SPIN 1 7 10 15 -4.443 -3.812 0.857
SPIN 4 7 10 0 -5.290 1.577 2.127
SPIN 4 7 10 1 -3.665 -4.534 1.006
SPIN 4 7 10 2 4.517 -0.801 -3.735
SPIN 4 7 10 3 -5.010 2.534 1.863
SPIN 4 7 10 4 -3.524 -4.125 2.359
SPIN 4 7 10 5 -1.579 -4.568 -3.412
SPIN 4 7 10 6 -2.234 5.440 -0.642
SPIN 4 7 10 7 2.761 5.044 1.390
SPIN 4 7 10 8 -5.850 -0.596 -0.651
SPIN 4 7 10 9 0.926 1.182 5.722
SPIN 4 7 10 10 1.214 0.540 -5.765
SPIN 4 7 10 11 5.620 -0.667 -1.722
SPIN 4 7 10 12 1.308 -1.886 -5.453
SPIN 4 7 10 13 -4.256 2.874 2.936
SPIN 4 7 10 14 -2.668 4.962 -1.805
SPIN 4 7 10 15 2.709 -4.731 2.299
SPIN 1 7 11 0 -4.939 -0.987 3.104
SPIN 1 7 11 1 -0.707 -5.627 -1.686
SPIN 1 7 11 2 -0.721 3.685 4.572
SPIN 1 7 11 3 -3.429 -4.448 -1.858
SPIN 1 7 11 4 3.498 4.705 -0.791
SPIN 1 7 11 5 -5.143 -2.918 0.167
SPIN 1 7 11 6 5.687 -1.587 -0.377
SPIN 1 7 11 7 5.806 1.071 0.374
SPIN 1 7 11 8 -1.876 5.493 1.145
SPIN 1 7 11 9 -0.561 -3.462 4.765
SPIN 1 7 11 10 3.027 3.838 -3.333
SPIN 1 7 11 11 -2.513 -0.600 -5.322
SPIN 1 7 11 12 -4.692 -1.891 3.068
SPIN 1 7 11 13 -2.539 3.561 -3.984
SPIN 1 7 11 14 3.043 0.051 -5.073
SPIN 1 7 11 15 4.121 -0.587 4.204
SPIN 4 7 11 0 5.223 -2.092 1.830
SPIN 4 7 11 1 -5.854 0.498 -0.691
SPIN 4 7 11 2 -2.523 5.196 1.279
SPIN 4 7 11 3 4.649 -2.819 2.333
SPIN 4 7 11 4 -2.237 5.474 -0.163
SPIN 4 7 11 5 -0.607 3.246 -4.908
SPIN 4 7 11 6 2.031 -5.555 0.138
SPIN 4 7 11 7 4.056 -2.946 3.142
SPIN 4 7 11 8 4.572 2.392 -2.895
SPIN 4 7 11 9 -1.829 -2.841 4.857
SPIN 4 7 11 10 4.691 -1.836 3.102
SPIN 4 7 11 11 -2.205 -5.006 -2.253
SPIN 4 7 11 12 -1.949 5.412 -1.381
SPIN 4 7 11 13 2.700 0.967 -5.175
SPIN 4 7 11 14 1.452 -3.994 4.116
SPIN 4 7 11 15 0.678 4.555 -3.714
SPIN 1 7 12 0 0.199 -5.113 -2.969
SPIN 1 7 12 1 -4.734 -2.263 2.732
SPIN 1 7 12 2 2.318 4.773 -2.616
SPIN 1 7 12 3 -2.924 4.157 3.028
SPIN 1 7 12 4 3.943 -0.336 4.398
SPIN 1 7 12 5 -1.014 5.720 -1.121
SPIN 1 7 12 6 -5.408 1.755 -1.636
SPIN 1 7 12 7 -1.809 -5.510 -1.168
SPIN 1 7 12 8 -3.338 0.094 4.883
SPIN 1 7 12 9 5.116 -1.996 -2.200
SPIN 1 7 12 10 -2.819 -4.488 2.630
SPIN 1 7 12 11 2.024 3.016 4.670
SPIN 1 7 12 12 -4.445 -1.498 -3.605
SPIN 1 7 12 13 -1.962 -4.411 3.420
SPIN 1 7 12 14 -0.553 5.878 0.380
SPIN 1 7 12 15 -0.322 -2.452 -5.375
SPIN 4 7 12 0 -2.291 3.377 -4.283
SPIN 4 7 12 1 -3.645 2.366 4.015
SPIN 4 7 12 2 -3.296 -4.809 -1.006
SPIN 4 7 12 3 -4.931 -3.228 -0.519
SPIN 4 7 12 4 4.836 -3.228 1.090
SPIN 4 7 12 5 -1.453 -5.734 0.079
SPIN 4 7 12 6 -0.271 5.361 2.486
SPIN 4 7 12 7 3.439 -4.756 -0.747
SPIN 4 7 12 8 -0.111 -2.976 -5.112
SPIN 4 7 12 9 -1.207 2.872 5.029
SPIN 4 7 12 10 -0.042 5.898 -0.465
SPIN 4 7 12 11 4.256 3.546 2.076
SPIN 4 7 12 12 3.973 1.849 3.974
SPIN 4 7 12 13 -4.436 3.439 -1.871
SPIN 4 7 12 14 -2.041 -5.233 1.858
SPIN 4 7 12 15 3.220 -2.698 4.166
SPIN 1 7 13 0 3.319 4.240 2.451
SPIN 1 7 13 1 0.996 -5.231 -2.578
SPIN 1 7 13 2 -4.853 -2.898 1.747
SPIN 1 7 13 3 5.503 -1.177 -1.826
SPIN 1 7 13 4 0.933 0.586 -5.813
SPIN 1 7 13 5 0.485 -4.144 -4.194
SPIN 1 7 13 6 0.980 -0.134 5.833
SPIN 1 7 13 7 -3.122 3.683 -3.419
SPIN 1 7 13 8 4.140 1.691 3.874
SPIN 1 7 13 9 5.335 -1.674 -1.933
SPIN 1 7 13 10 2.868 -5.174 0.058
SPIN 1 7 13 11 -3.823 -4.487 -0.506
SPIN 1 7 13 12 -5.714 -1.440 0.524
SPIN 1 7 13 13 -4.808 1.220 -3.224
SPIN 1 7 13 14 -0.631 0.736 5.836
SPIN 1 7 13 15 -4.595 0.156 3.724
SPIN 4 7 13 0 2.740 -5.058 1.383
SPIN 4 7 13 1 -0.558 5.889 -0.073
SPIN 4 7 13 2 5.674 -0.128 -1.669
SPIN 4 7 13 3 0.913 0.125 5.844
SPIN 4 7 13 4 0.349 4.031 -4.316
SPIN 4 7 13 5 -4.179 3.885 1.564
SPIN 4 7 13 6 2.065 -1.234 -5.405
SPIN 4 7 13 7 0.984 -5.724 1.126
SPIN 4 7 13 8 -2.841 4.784 -2.009
SPIN 4 7 13 9 -2.216 4.887 2.492
SPIN 4 7 13 10 3.869 1.999 4.004
SPIN 4 7 13 11 -5.561 -0.381 -1.982
SPIN 4 7 13 12 1.585 -4.446 -3.566
SPIN 4 7 13 13 -4.480 -2.195 3.179
SPIN 4 7 13 14 4.059 3.891 -1.838
SPIN 4 7 13 15 -0.172 -5.584 -1.947
SPIN 1 7 14 0 -2.597 -4.813 2.256
SPIN 1 7 14 1 -4.389 3.534 1.803
SPIN 1 7 14 2 3.788 -3.500 -2.898
SPIN 1 7 14 3 -4.086 1.953 3.807
SPIN 1 7 14 4 3.567 3.410 -3.264
SPIN 1 7 14 5 -1.741 0.666 -5.615
SPIN 1 7 14 6 -4.262 -3.905 -1.260
SPIN 1 7 14 7 1.131 4.201 4.009
SPIN 1 7 14 8 1.354 1.354 -5.598
SPIN 1 7 14 9 -0.450 -3.840 -4.478
SPIN 1 7 14 10 4.076 -1.804 -3.890
SPIN 1 7 14 11 -2.093 3.412 -4.356
SPIN 1 7 14 12 2.220 -3.197 4.455
SPIN 1 7 14 13 1.434 1.758 5.464
SPIN 1 7 14 14 0.662 1.389 -5.713
SPIN 1 7 14 15 -0.406 0.166 5.900
SPIN 4 7 14 0 5.421 1.997 -1.273
SPIN 4 7 14 1 -2.340 -5.348 -0.961
SPIN 4 7 14 2 1.656 5.251 -2.164
SPIN 4 7 14 3 -1.921 -3.895 -4.017
SPIN 4 7 14 4 -3.680 -2.575 3.850
SPIN 4 7 14 5 -2.481 -4.212 -3.332
SPIN 4 7 14 6 -4.104 -3.069 -2.957
SPIN 4 7 14 7 3.888 1.510 -4.195
SPIN 4 7 14 8 5.732 1.048 -1.023
SPIN 4 7 14 9 4.063 2.101 -3.752
SPIN 4 7 14 10 -1.445 -4.372 3.714
SPIN 4 7 14 11 1.905 5.600 -0.116
SPIN 4 7 14 12 -2.119 -2.308 5.018
SPIN 4 7 14 13 3.117 0.785 -4.967
SPIN 4 7 14 14 2.662 -5.006 -1.688
SPIN 4 7 14 15 -3.789 4.370 -1.245
SPIN 1 7 15 0 2.429 1.686 -5.124
SPIN 1 7 15 1 -2.925 -3.827 3.435
SPIN 1 7 15 2 -3.592 1.955 -4.275
SPIN 1 7 15 3 -5.218 -1.517 2.338
SPIN 1 7 15 4 5.448 -2.294 -0.234
SPIN 1 7 15 5 1.781 -1.963 5.289
SPIN 1 7 15 6 5.737 -1.440 -0.110
SPIN 1 7 15 7 -4.903 -2.363 2.320
SPIN 1 7 15 8 5.472 -2.216 -0.391
SPIN 1 7 15 9 -3.687 -4.564 0.761
SPIN 1 7 15 10 2.622 4.811 2.231
SPIN 1 7 15 11 5.338 -2.390 -0.889
SPIN 1 7 15 12 -3.019 4.572 2.232
SPIN 1 7 15 13 -2.540 2.146 4.893
SPIN 1 7 15 14 5.660 0.087 1.719
SPIN 1 7 15 15 -1.188 -3.403 4.691
SPIN 4 7 15 0 -5.332 1.583 2.017
SPIN 4 7 15 1 4.774 -0.527 3.454
SPIN 4 7 15 2 5.349 1.379 -2.117
SPIN 4 7 15 3 -4.065 4.294 -0.194
SPIN 4 7 15 4 4.718 2.495 -2.553
SPIN 4 7 15 5 -1.528 -5.365 1.969
SPIN 4 7 15 6 1.221 0.726 -5.743
SPIN 4 7 15 7 4.928 3.097 -1.063
SPIN 4 7 15 8 -1.944 1.807 5.287
SPIN 4 7 15 9 -3.648 -2.170 4.121
SPIN 4 7 15 10 1.385 -1.504 -5.552
SPIN 4 7 15 11 -3.140 -1.614 4.747
SPIN 4 7 15 12 5.117 -2.692 -1.253
SPIN 4 7 15 13 -5.699 0.111 1.584
SPIN 4 7 15 14 2.604 4.707 -2.462
SPIN 4 7 15 15 5.784 0.907 0.850
SPIN 3 7 0 0 1.315 -3.514 4.574
SPIN 3 7 0 1 -5.186 -1.889 -2.131
SPIN 3 7 0 2 4.879 -0.690 3.274
SPIN 3 7 0 3 0.184 -4.357 -3.998
SPIN 3 7 0 4 -0.385 5.327 2.544
SPIN 3 7 0 5 -4.421 -3.740 -1.211
SPIN 3 7 0 6 3.883 -2.724 3.536
SPIN 3 7 0 7 5.157 2.248 -1.829
SPIN 3 7 0 8 -2.700 4.702 2.366
SPIN 3 7 0 9 4.289 4.062 -0.322
SPIN 3 7 0 10 0.869 -3.690 -4.542
SPIN 3 7 0 11 -1.987 -0.990 5.484
SPIN 3 7 0 12 5.030 1.256 2.849
SPIN 3 7 0 13 -1.439 -0.523 5.714
SPIN 3 7 0 14 1.911 5.217 -2.033
SPIN 3 7 0 15 2.035 -5.358 -1.467
SPIN 2 7 0 0 -3.546 -3.253 -3.442
SPIN 2 7 0 1 -4.797 -2.741 -2.117
SPIN 2 7 0 2 2.835 3.936 -3.387
SPIN 2 7 0 3 -4.661 -3.633 0.276
SPIN 2 7 0 4 -2.164 4.430 -3.271
SPIN 2 7 0 5 1.079 4.256 3.965
SPIN 2 7 0 6 5.521 0.745 -1.990
SPIN 2 7 0 7 -2.265 0.810 5.405
SPIN 2 7 0 8 -5.343 -1.115 -2.282
SPIN 2 7 0 9 0.688 -5.682 1.497
SPIN 2 7 0 10 -5.428 -0.724 -2.238
SPIN 2 7 0 11 3.632 4.332 -1.745
SPIN 2 7 0 12 -2.069 2.847 4.755
SPIN 2 7 0 13 3.526 -0.338 -4.738
SPIN 2 7 0 14 -3.964 -3.888 2.044
SPIN 2 7 0 15 -4.190 4.097 0.816
SPIN 3 7 1 0 -1.129 1.260 -5.669
SPIN 3 7 1 1 -0.780 5.132 2.838
SPIN 3 7 1 2 2.286 -5.234 1.542
SPIN 3 7 1 3 -0.665 -4.619 3.636
SPIN 3 7 1 4 5.006 -3.115 -0.484
SPIN 3 7 1 5 -0.642 3.734 -4.544
SPIN 3 7 1 6 -4.278 0.773 -4.012
SPIN 3 7 1 7 2.776 -4.925 -1.743
SPIN 3 7 1 8 -3.557 -4.277 -2.014
SPIN 3 7 1 9 2.470 2.349 -4.835
SPIN 3 7 1 10 0.081 2.961 5.121
SPIN 3 7 1 11 -0.398 0.361 -5.892
SPIN 3 7 1 12 -3.700 -0.460 4.594
SPIN 3 7 1 13 4.569 -3.549 1.238
SPIN 3 7 1 14 -5.131 2.547 -1.479
SPIN 3 7 1 15 4.149 -3.123 2.835
SPIN 2 7 1 0 3.212 3.486 -3.540
SPIN 2 7 1 1 1.043 3.867 4.354
SPIN 2 7 1 2 -0.838 -1.162 5.740
SPIN 2 7 1 3 0.948 2.603 -5.227
SPIN 2 7 1 4 -4.731 -1.836 3.040
SPIN 2 7 1 5 3.071 1.416 -4.854
SPIN 2 7 1 6 4.753 -3.312 1.199
SPIN 2 7 1 7 -0.005 4.086 -4.278
SPIN 2 7 1 8 4.723 0.456 3.534
SPIN 2 7 1 9 -4.412 -0.453 -3.915
SPIN 2 7 1 10 -0.965 5.303 2.438
SPIN 2 7 1 11 -1.220 0.629 -5.755
SPIN 2 7 1 12 -5.104 -2.099 2.132
SPIN 2 7 1 13 -3.551 0.327 4.721
SPIN 2 7 1 14 2.520 2.191 -4.883
SPIN 2 7 1 15 2.804 -4.924 1.700
SPIN 3 7 2 0 3.279 -4.921 0.187
SPIN 3 7 2 1 4.686 -0.278 3.600
SPIN 3 7 2 2 0.980 -5.834 0.090
SPIN 3 7 2 3 3.809 4.446 -0.849
SPIN 3 7 2 4 -2.596 5.008 1.782
SPIN 3 7 2 5 4.269 -2.404 3.316
SPIN 3 7 2 6 3.213 -4.083 2.830
SPIN 3 7 2 7 -3.377 -0.692 -4.808
SPIN 3 7 2 8 -4.088 -0.829 4.195
SPIN 3 7 2 9 0.682 -5.810 -0.882
SPIN 3 7 2 10 2.990 3.280 3.912
SPIN 3 7 2 11 1.277 -4.585 -3.513
SPIN 3 7 2 12 -4.534 2.383 2.960
SPIN 3 7 2 13 4.415 -1.004 -3.808
SPIN 3 7 2 14 -5.822 0.954 0.436
SPIN 3 7 2 15 -1.998 -3.805 -4.065
SPIN 2 7 2 0 -0.661 -0.042 5.879
SPIN 2 7 2 1 -1.878 -4.435 -3.436
SPIN 2 7 2 2 -5.013 2.535 -1.854
SPIN 2 7 2 3 4.489 1.197 3.663
SPIN 2 7 2 4 -4.797 -1.736 2.996
SPIN 2 7 2 5 5.101 -2.696 -1.309
SPIN 2 7 2 6 -3.957 2.503 -3.616
SPIN 2 7 2 7 -3.661 -4.510 -1.120
SPIN 2 7 2 8 3.588 -4.200 2.117
SPIN 2 7 2 9 1.477 -2.757 5.021
SPIN 2 7 2 10 0.817 -4.274 -4.008
SPIN 2 7 2 11 -0.839 4.262 4.016
SPIN 2 7 2 12 -1.499 5.668 -0.791
SPIN 2 7 2 13 -1.548 -1.859 5.399
SPIN 2 7 2 14 2.564 5.001 -1.847
SPIN 2 7 2 15 -0.262 -0.187 5.907
SPIN 3 7 3 0 0.742 -5.662 -1.546
SPIN 3 7 3 1 -1.128 2.602 5.192
SPIN 3 7 3 2 -4.316 -1.823 3.612
SPIN 3 7 3 3 4.435 2.655 2.877
SPIN 3 7 3 4 1.719 -2.216 5.209
SPIN 3 7 3 5 -5.049 2.977 0.802
SPIN 3 7 3 6 4.258 2.991 2.815
SPIN 3 7 3 7 0.434 -3.727 4.574
SPIN 3 7 3 8 4.415 2.590 -2.967
SPIN 3 7 3 9 -3.277 3.022 3.889
SPIN 3 7 3 10 -4.457 1.509 -3.586
SPIN 3 7 3 11 -1.834 5.383 1.633
SPIN 3 7 3 12 3.030 -0.866 5.007
SPIN 3 7 3 13 -0.512 3.810 4.497
SPIN 3 7 3 14 -1.051 -5.426 2.110
SPIN 3 7 3 15 -3.615 -1.784 -4.330
SPIN 2 7 3 0 -1.274 5.762 -0.424
SPIN 2 7 3 1 2.356 3.168 4.406
SPIN 2 7 3 2 -3.693 -3.269 -3.268
SPIN 2 7 3 3 3.047 -3.861 -3.287
SPIN 2 7 3 4 2.999 -0.809 -5.035
SPIN 2 7 3 5 -5.825 0.995 -0.284
SPIN 2 7 3 6 2.452 -4.152 3.427
SPIN 2 7 3 7 -2.217 0.687 5.442
SPIN 2 7 3 8 -0.940 -5.548 -1.827
SPIN 2 7 3 9 1.327 -3.995 -4.157
SPIN 2 7 3 10 -0.328 3.905 4.432
SPIN 2 7 3 11 4.660 -0.115 -3.643
SPIN 2 7 3 12 5.910 -0.168 -0.197
SPIN 2 7 3 13 -2.828 2.252 4.683
SPIN 2 7 3 14 -1.518 4.766 -3.159
SPIN 2 7 3 15 -4.958 0.393 3.204
SPIN 3 7 4 0 5.082 2.317 1.951
SPIN 3 7 4 1 5.156 1.780 2.291
SPIN 3 7 4 2 4.725 -1.919 -2.999
SPIN 3 7 4 3 -5.764 1.066 -0.798
SPIN 3 7 4 4 4.397 3.071 2.497
SPIN 3 7 4 5 -0.961 -4.119 -4.136
SPIN 3 7 4 6 -0.373 5.351 2.495
SPIN 3 7 4 7 4.888 -2.242 -2.466
SPIN 3 7 4 8 4.240 2.448 3.321
SPIN 3 7 4 9 -5.109 -1.103 -2.771
SPIN 3 7 4 10 4.699 -0.049 3.594
SPIN 3 7 4 11 -4.698 -3.340 1.333
SPIN 3 7 4 12 -4.347 -1.705 -3.633
SPIN 3 7 4 13 5.645 0.345 1.737
SPIN 3 7 4 14 -2.003 -5.488 -0.930
SPIN 3 7 4 15 0.850 -5.019 3.014
SPIN 2 7 4 0 3.212 -4.880 -0.930
SPIN 2 7 4 1 -2.064 -5.463 -0.945
SPIN 2 7 4 2 2.394 5.175 1.577
SPIN 2 7 4 3 -4.373 2.210 -3.315
SPIN 2 7 4 4 2.280 -4.980 -2.236
SPIN 2 7 4 5 3.057 3.501 -3.660
SPIN 2 7 4 6 1.333 4.027 4.124
SPIN 2 7 4 7 4.670 -2.625 -2.510
SPIN 2 7 4 8 -5.906 -0.279 0.203
SPIN 2 7 4 9 1.362 1.851 -5.451
SPIN 2 7 4 10 3.106 -4.853 1.342
SPIN 2 7 4 11 -2.116 4.428 -3.304
SPIN 2 7 4 12 -1.601 5.686 -0.323
SPIN 2 7 4 13 -0.350 -1.532 5.704
SPIN 2 7 4 14 1.163 -5.583 -1.572
SPIN 2 7 4 15 -2.507 4.485 -2.933
SPIN 3 7 5 0 -2.852 4.581 2.426
SPIN 3 7 5 1 -3.952 -3.696 -2.393
SPIN 3 7 5 2 -0.094 -0.889 5.848
SPIN 3 7 5 3 -4.438 2.342 -3.133
SPIN 3 7 5 4 4.207 -3.914 1.406
SPIN 3 7 5 5 2.781 4.271 3.004
SPIN 3 7 5 6 0.247 -3.901 4.441
SPIN 3 7 5 7 -0.067 2.847 5.186
SPIN 3 7 5 8 -0.622 -4.836 -3.351
SPIN 3 7 5 9 -3.263 3.180 3.774
SPIN 3 7 5 10 -1.402 -5.367 -2.058
SPIN 3 7 5 11 1.373 4.589 -3.473
SPIN 3 7 5 12 -0.878 5.454 2.118
SPIN 3 7 5 13 -4.547 -3.310 -1.835
SPIN 3 7 5 14 1.381 -4.104 4.031
SPIN 3 7 5 15 -5.099 0.357 2.978
SPIN 2 7 5 0 3.790 4.519 -0.460
SPIN 2 7 5 1 -5.573 0.227 -1.972
SPIN 2 7 5 2 -5.321 -1.425 -2.157
SPIN 2 7 5 3 5.078 -3.029 -0.189
SPIN 2 7 5 4 -4.823 0.276 -3.416
SPIN 2 7 5 5 3.672 4.591 0.664
SPIN 2 7 5 6 -3.864 4.241 1.443
SPIN 2 7 5 7 1.131 3.562 4.586
SPIN 2 7 5 8 5.629 -1.444 -1.108
SPIN 2 7 5 9 -5.891 0.008 -0.547
SPIN 2 7 5 10 -4.153 -2.943 -3.016
SPIN 2 7 5 11 5.223 0.390 -2.751
SPIN 2 7 5 12 1.262 -2.235 5.330
SPIN 2 7 5 13 2.821 -5.195 -0.245
SPIN 2 7 5 14 4.552 2.054 -3.172
SPIN 2 7 5 15 -1.391 -3.026 4.890
SPIN 3 7 6 0 -3.214 3.599 3.423
SPIN 3 7 6 1 5.304 2.209 -1.409
SPIN 3 7 6 2 -4.839 3.297 -0.846
SPIN 3 7 6 3 -4.590 -2.869 2.387
SPIN 3 7 6 4 -4.255 4.102 0.255
SPIN 3 7 6 5 -4.695 1.674 -3.187
SPIN 3 7 6 6 -3.570 3.558 3.097
SPIN 3 7 6 7 4.369 -1.045 -3.849
SPIN 3 7 6 8 0.219 5.703 1.559
SPIN 3 7 6 9 3.714 -2.725 -3.713
SPIN 3 7 6 10 4.665 -0.412 3.615
SPIN 3 7 6 11 2.321 1.017 5.346
SPIN 3 7 6 12 -3.423 4.815 0.313
SPIN 3 7 6 13 1.662 4.557 -3.386
SPIN 3 7 6 14 -3.276 3.091 -3.836
SPIN 3 7 6 15 0.994 -5.830 0.155
SPIN 2 7 6 0 -2.336 -5.434 -0.135
SPIN 2 7 6 1 4.630 1.782 -3.223
SPIN 2 7 6 2 -5.283 0.734 -2.560
SPIN 2 7 6 3 0.620 -5.838 0.734
SPIN 2 7 6 4 -2.101 5.496 0.617
SPIN 2 7 6 5 5.392 -1.448 1.957
SPIN 2 7 6 6 -1.031 -2.238 -5.378
SPIN 2 7 6 7 1.900 -5.426 1.397
SPIN 2 7 6 8 -3.214 -2.562 4.255
SPIN 2 7 6 9 -4.197 3.486 -2.287
SPIN 2 7 6 10 5.706 -1.247 0.944
SPIN 2 7 6 11 -0.657 0.556 -5.853
SPIN 2 7 6 12 5.913 -0.148 0.097
SPIN 2 7 6 13 -4.097 0.982 -4.153
SPIN 2 7 6 14 3.059 -5.062 0.119
SPIN 2 7 6 15 -2.979 4.920 -1.383
SPIN 3 7 7 0 -4.673 2.683 -2.441
SPIN 3 7 7 1 -3.416 0.088 -4.829
SPIN 3 7 7 2 2.768 -0.901 -5.150
SPIN 3 7 7 3 1.373 1.234 -5.621
SPIN 3 7 7 4 -4.424 0.368 3.911
SPIN 3 7 7 5 1.910 -1.719 5.329
SPIN 3 7 7 6 3.193 4.973 -0.266
SPIN 3 7 7 7 5.684 0.702 1.483
SPIN 3 7 7 8 -5.164 -1.107 -2.666
SPIN 3 7 7 9 3.461 0.466 4.775
SPIN 3 7 7 10 -0.830 3.514 4.687
SPIN 3 7 7 11 3.601 -4.692 0.152
SPIN 3 7 7 12 3.354 1.400 4.668
SPIN 3 7 7 13 -4.475 3.576 -1.477
SPIN 3 7 7 14 1.288 3.965 -4.198
SPIN 3 7 7 15 -4.489 -3.490 1.633
SPIN 2 7 7 0 2.132 -3.531 4.241
SPIN 2 7 7 1 -1.674 -1.517 5.468
SPIN 2 7 7 2 -2.912 -4.941 -1.451
SPIN 2 7 7 3 3.260 -2.594 -4.200
SPIN 2 7 7 4 4.473 3.522 -1.609
SPIN 2 7 7 5 5.582 -1.582 -1.156
SPIN 2 7 7 6 1.120 5.759 -0.761
SPIN 2 7 7 7 -5.842 0.581 0.727
SPIN 2 7 7 8 -3.599 -4.694 0.140
SPIN 2 7 7 9 4.374 0.595 -3.939
SPIN 2 7 7 10 -5.881 0.258 0.585
SPIN 2 7 7 11 -4.753 3.515 0.241
SPIN 2 7 7 12 3.822 0.042 -4.515
SPIN 2 7 7 13 -4.259 3.026 2.776
SPIN 2 7 7 14 3.026 -2.831 4.223
SPIN 2 7 7 15 -5.272 1.615 -2.145
SPIN 3 7 8 0 0.473 -3.122 -5.003
SPIN 3 7 8 1 1.070 4.430 -3.772
SPIN 3 7 8 2 -5.552 -2.028 -0.243
SPIN 3 7 8 3 -4.400 2.443 3.111
SPIN 3 7 8 4 5.356 -1.883 -1.662
SPIN 3 7 8 5 -3.984 -4.256 -1.010
SPIN 3 7 8 6 -4.843 0.102 3.396
SPIN 3 7 8 7 3.292 -2.423 4.277
SPIN 3 7 8 8 2.534 1.594 -5.103
SPIN 3 7 8 9 -0.398 0.800 -5.848
SPIN 3 7 8 10 0.789 -3.592 -4.635
SPIN 3 7 8 11 3.925 4.335 0.896
SPIN 3 7 8 12 3.620 4.049 2.345
SPIN 3 7 8 13 -1.505 -5.635 0.989
SPIN 3 7 8 14 4.121 3.671 2.131
SPIN 3 7 8 15 1.905 4.093 -3.823
SPIN 2 7 8 0 3.885 -4.448 -0.351
SPIN 2 7 8 1 -5.334 -1.804 -1.815
SPIN 2 7 8 2 -1.698 5.269 2.087
SPIN 2 7 8 3 1.067 5.528 1.817
SPIN 2 7 8 4 -2.339 -0.743 -5.383
SPIN 2 7 8 5 -2.611 5.256 0.744
SPIN 2 7 8 6 -4.450 1.057 3.752
SPIN 2 7 8 7 5.693 -1.578 -0.319
SPIN 2 7 8 8 3.183 -1.073 4.870
SPIN 2 7 8 9 2.315 -3.702 -3.992
SPIN 2 7 8 10 2.700 -0.204 5.260
SPIN 2 7 8 11 -5.018 -2.870 -1.259
SPIN 2 7 8 12 2.250 -4.731 -2.749
SPIN 2 7 8 13 3.898 -4.148 1.612
SPIN 2 7 8 14 -2.197 -2.084 5.082
SPIN 2 7 8 15 -0.102 3.058 -5.063
SPIN 3 7 9 0 3.572 1.074 4.592
SPIN 3 7 9 1 3.568 3.436 -3.234
SPIN 3 7 9 2 4.097 -4.015 1.449
SPIN 3 7 9 3 3.724 -2.045 4.117
SPIN 3 7 9 4 -5.776 1.195 -0.458
SPIN 3 7 9 5 4.254 -4.110 0.076
SPIN 3 7 9 6 -4.802 2.695 -2.162
SPIN 3 7 9 7 2.544 5.070 1.679
SPIN 3 7 9 8 0.376 4.236 -4.113
SPIN 3 7 9 9 3.834 2.517 -3.737
SPIN 3 7 9 10 -0.885 5.138 2.796
SPIN 3 7 9 11 2.830 -3.912 3.418
SPIN 3 7 9 12 2.586 -5.296 -0.511
SPIN 3 7 9 13 -2.911 2.952 4.221
SPIN 3 7 9 14 2.411 4.649 -2.752
SPIN 3 7 9 15 2.577 -2.800 -4.529
SPIN 2 7 9 0 -4.210 1.886 3.704
SPIN 2 7 9 1 4.571 0.238 -3.748
SPIN 2 7 9 2 0.014 0.071 -5.916
SPIN 2 7 9 3 -1.309 5.259 -2.373
SPIN 2 7 9 4 0.244 1.605 5.689
SPIN 2 7 9 5 5.241 1.882 -1.999
SPIN 2 7 9 6 -4.337 0.855 -3.932
SPIN 2 7 9 7 4.883 -3.207 -0.937
SPIN 2 7 9 8 -3.884 3.619 -2.611
SPIN 2 7 9 9 0.911 -5.831 0.413
SPIN 2 7 9 10 -3.479 4.482 -1.676
SPIN 2 7 9 11 -0.929 -2.421 -5.317
SPIN 2 7 9 12 -2.175 2.503 4.899
SPIN 2 7 9 13 -4.802 0.754 3.373
SPIN 2 7 9 14 4.662 1.517 3.311
SPIN 2 7 9 15 -1.218 -3.022 4.938
SPIN 3 7 10 0 3.358 -4.726 -1.180
SPIN 3 7 10 1 -4.592 0.511 3.695
SPIN 3 7 10 2 2.291 2.298 4.947
SPIN 3 7 10 3 2.058 -5.546 -0.048
SPIN 3 7 10 4 -0.361 1.465 -5.720
SPIN 3 7 10 5 -2.961 4.018 3.177
SPIN 3 7 10 6 4.817 -1.318 -3.172
SPIN 3 7 10 7 -4.125 -4.146 0.894
SPIN 3 7 10 8 -3.640 4.387 -1.583
SPIN 3 7 10 9 0.800 5.794 0.888
SPIN 3 7 10 10 0.732 -0.694 5.829
SPIN 3 7 10 11 2.238 -2.365 -4.939
SPIN 3 7 10 12 -2.939 -1.502 4.910
SPIN 3 7 10 13 -4.988 3.038 -0.945
SPIN 3 7 10 14 -5.168 -2.698 1.005
SPIN 3 7 10 15 -1.787 -0.252 -5.634
SPIN 2 7 10 0 3.292 -4.729 1.342
SPIN 2 7 10 1 -1.348 4.383 3.738
SPIN 2 7 10 2 3.884 -1.214 4.295
SPIN 2 7 10 3 -3.368 -0.483 4.840
SPIN 2 7 10 4 3.026 3.487 3.699
SPIN 2 7 10 5 0.779 -5.467 2.122
SPIN 2 7 10 6 -3.672 -1.809 -4.272
SPIN 2 7 10 7 3.300 4.549 -1.849
SPIN 2 7 10 8 0.828 2.710 5.193
SPIN 2 7 10 9 -1.149 5.353 -2.242
SPIN 2 7 10 10 -2.779 -0.826 -5.157
SPIN 2 7 10 11 -2.343 -2.219 4.959
SPIN 2 7 10 12 -2.579 0.086 5.324
SPIN 2 7 10 13 3.573 0.771 -4.652
SPIN 2 7 10 14 0.590 1.864 -5.584
SPIN 2 7 10 15 4.877 -1.670 2.903
SPIN 3 7 11 0 3.156 0.005 -5.004
SPIN 3 7 11 1 4.939 -2.038 2.540
SPIN 3 7 11 2 4.412 -1.629 -3.589
SPIN 3 7 11 3 -3.541 -1.173 4.592
SPIN 3 7 11 4 4.912 -1.350 -3.009
SPIN 3 7 11 5 -5.271 2.515 -0.945
SPIN 3 7 11 6 -3.391 3.552 3.299
SPIN 3 7 11 7 0.453 -4.202 4.140
SPIN 3 7 11 8 -0.399 -0.285 5.896
SPIN 3 7 11 9 0.792 -5.267 2.575
SPIN 3 7 11 10 1.629 -5.548 1.250
SPIN 3 7 11 11 -4.046 4.026 -1.556
SPIN 3 7 11 12 4.538 1.687 -3.400
SPIN 3 7 11 13 -3.755 1.289 4.386
SPIN 3 7 11 14 3.193 4.710 1.619
SPIN 3 7 11 15 -4.319 -2.031 -3.496
SPIN 2 7 11 0 -1.833 -0.666 5.585
SPIN 2 7 11 1 1.197 -1.714 -5.534
SPIN 2 7 11 2 5.265 0.490 2.654
SPIN 2 7 11 3 -3.961 -3.496 -2.663
SPIN 2 7 11 4 0.220 5.183 -2.844
SPIN 2 7 11 5 -0.703 -2.183 5.453
SPIN 2 7 11 6 1.466 5.727 -0.233
SPIN 2 7 11 7 -5.002 -1.213 2.917
SPIN 2 7 11 8 -2.863 1.434 -4.974
SPIN 2 7 11 9 -5.581 -1.893 0.520
SPIN 2 7 11 10 -0.269 0.144 5.908
SPIN 2 7 11 11 -1.137 5.082 -2.807
SPIN 2 7 11 12 5.493 0.689 -2.086
SPIN 2 7 11 13 3.162 -4.977 -0.482
SPIN 2 7 11 14 0.237 5.851 -0.845
SPIN 2 7 11 15 -1.866 4.624 3.184
SPIN 3 7 12 0 -2.636 -2.062 -4.878
SPIN 3 7 12 1 -0.854 5.759 -1.050
SPIN 3 7 12 2 -4.278 -1.023 3.957
SPIN 3 7 12 3 5.350 0.246 -2.514
SPIN 3 7 12 4 -3.206 0.662 -4.928
SPIN 3 7 12 5 0.400 -4.075 4.271
SPIN 3 7 12 6 -3.706 -0.875 -4.528
SPIN 3 7 12 7 -2.946 4.768 -1.894
SPIN 3 7 12 8 -5.557 -0.015 2.029
SPIN 3 7 12 9 1.218 5.381 -2.135
SPIN 3 7 12 10 2.080 -1.564 5.313
SPIN 3 7 12 11 -3.283 -4.921 -0.045
SPIN 3 7 12 12 -0.496 4.136 4.201
SPIN 3 7 12 13 0.246 -3.677 -4.628
SPIN 3 7 12 14 4.651 1.542 -3.315
SPIN 3 7 12 15 4.489 -1.488 3.554
SPIN 2 7 12 0 3.388 1.244 -4.688
SPIN 2 7 12 1 -4.068 3.868 1.869
SPIN 2 7 12 2 -2.875 5.150 -0.459
SPIN 2 7 12 3 -0.589 -1.764 -5.616
SPIN 2 7 12 4 2.067 2.705 4.838
SPIN 2 7 12 5 -5.005 -0.359 -3.134
SPIN 2 7 12 6 0.575 -1.606 -5.665
SPIN 2 7 12 7 3.770 3.801 2.517
SPIN 2 7 12 8 -3.395 3.062 -3.755
SPIN 2 7 12 9 -0.733 -4.643 3.592
SPIN 2 7 12 10 2.936 -1.017 -5.034
SPIN 2 7 12 11 4.358 3.780 -1.309
SPIN 2 7 12 12 3.515 -0.108 -4.757
SPIN 2 7 12 13 -0.353 0.779 -5.854
SPIN 2 7 12 14 -2.133 -1.316 5.359
SPIN 2 7 12 15 -2.479 1.463 -5.169
SPIN 3 7 13 0 -5.035 1.258 -2.840
SPIN 3 7 13 1 0.720 -4.896 3.243
SPIN 3 7 13 2 5.253 -0.280 -2.708
SPIN 3 7 13 3 -4.233 -2.756 -3.080
SPIN 3 7 13 4 -3.178 1.984 4.579
SPIN 3 7 13 5 5.786 0.210 1.216
SPIN 3 7 13 6 1.275 -3.003 -4.935
SPIN 3 7 13 7 3.025 -4.119 2.979
SPIN 3 7 13 8 5.526 2.030 0.588
SPIN 3 7 13 9 -0.768 0.657 -5.829
SPIN 3 7 13 10 0.948 -2.165 5.423
SPIN 3 7 13 11 4.989 2.252 2.245
SPIN 3 7 13 12 4.885 2.401 -2.318
SPIN 3 7 13 13 -0.274 -2.073 -5.534
SPIN 3 7 13 14 -4.639 -0.455 3.643
SPIN 3 7 13 15 -1.115 3.724 -4.460
SPIN 2 7 13 0 -5.175 -2.861 -0.188
SPIN 2 7 13 1 5.575 1.711 0.998
SPIN 2 7 13 2 5.732 -1.302 0.670
SPIN 2 7 13 3 -2.815 4.533 2.555
SPIN 2 7 13 4 1.374 0.686 -5.713
SPIN 2 7 13 5 3.628 -4.326 1.768
SPIN 2 7 13 6 -2.783 4.463 2.707
SPIN 2 7 13 7 2.072 3.863 3.973
SPIN 2 7 13 8 -3.833 -4.088 -1.896
SPIN 2 7 13 9 3.115 -2.006 -4.613
SPIN 2 7 13 10 -2.332 -4.016 -3.665
SPIN 2 7 13 11 4.800 -3.405 0.603
SPIN 2 7 13 12 -5.478 -1.694 -1.457
SPIN 2 7 13 13 2.716 0.059 -5.256
SPIN 2 7 13 14 -0.921 0.618 5.811
SPIN 2 7 13 15 5.636 -0.343 -1.767
SPIN 3 7 14 0 3.233 3.646 -3.355
SPIN 3 7 14 1 0.244 -2.239 5.471
SPIN 3 7 14 2 -1.524 1.419 -5.538
SPIN 3 7 14 3 0.803 0.860 5.798
SPIN 3 7 14 4 4.839 -0.593 -3.351
SPIN 3 7 14 5 2.980 -1.957 4.721
SPIN 3 7 14 6 1.645 2.306 5.194
SPIN 3 7 14 7 2.987 1.328 4.931
SPIN 3 7 14 8 1.023 4.166 4.074
SPIN 3 7 14 9 4.180 3.846 1.654
SPIN 3 7 14 10 -0.253 -5.678 1.644
SPIN 3 7 14 11 -1.143 5.364 -2.217
SPIN 3 7 14 12 -4.289 1.906 -3.601
SPIN 3 7 14 13 -2.820 -3.997 3.327
SPIN 3 7 14 14 -4.935 1.421 -2.938
SPIN 3 7 14 15 0.027 5.798 -1.175
SPIN 2 7 14 0 -0.042 -1.765 -5.647
SPIN 2 7 14 1 1.614 0.856 -5.627
SPIN 2 7 14 2 1.929 -5.383 -1.515
SPIN 2 7 14 3 4.224 3.741 -1.778
SPIN 2 7 14 4 5.572 1.985 0.116
SPIN 2 7 14 5 5.894 -0.452 0.230
SPIN 2 7 14 6 1.798 -2.817 -4.882
SPIN 2 7 14 7 0.579 5.649 1.659
SPIN 2 7 14 8 -2.710 3.500 3.925
SPIN 2 7 14 9 -3.246 4.835 -1.044
SPIN 2 7 14 10 5.538 1.855 -0.942
SPIN 2 7 14 11 -3.277 -4.651 -1.621
SPIN 2 7 14 12 -0.112 -5.890 -0.545
SPIN 2 7 14 13 -3.826 4.155 1.760
SPIN 2 7 14 14 -2.894 1.431 4.958
SPIN 2 7 14 15 3.603 0.747 -4.632
SPIN 3 7 15 0 -1.400 4.393 3.707
SPIN 3 7 15 1 5.040 -0.437 3.067
SPIN 3 7 15 2 -4.076 3.603 -2.325
SPIN 3 7 15 3 0.325 -5.427 -2.332
SPIN 3 7 15 4 -4.746 -3.526 0.222
SPIN 3 7 15 5 1.005 5.807 0.512
SPIN 3 7 15 6 3.068 -1.216 -4.910
SPIN 3 7 15 7 -3.572 -2.051 4.247
SPIN 3 7 15 8 4.382 -3.603 -1.677
SPIN 3 7 15 9 -3.056 -0.240 5.060
SPIN 3 7 15 10 -3.555 4.422 1.676
SPIN 3 7 15 11 3.606 -2.599 -3.904
SPIN 3 7 15 12 -5.238 -1.695 -2.166
SPIN 3 7 15 13 2.366 5.147 -1.706
SPIN 3 7 15 14 -3.259 -4.734 1.404
SPIN 3 7 15 15 -0.890 -5.399 2.250
SPIN 2 7 15 0 -4.752 -3.279 1.292
SPIN 2 7 15 1 4.892 3.125 -1.139
SPIN 2 7 15 2 -3.442 4.801 -0.312
SPIN 2 7 15 3 -1.841 -5.108 -2.351
SPIN 2 7 15 4 1.602 -2.959 4.866
SPIN 2 7 15 5 -0.103 0.336 -5.906
SPIN 2 7 15 6 -2.634 0.296 5.289
SPIN 2 7 15 7 -0.639 -5.841 0.687
SPIN 2 7 15 8 -0.915 0.149 -5.843
SPIN 2 7 15 9 2.822 0.077 -5.199
SPIN 2 7 15 10 -2.972 -3.722 -3.509
SPIN 2 7 15 11 3.178 2.321 4.417
SPIN 2 7 15 12 0.681 -3.924 -4.375
SPIN 2 7 15 13 2.641 5.229 0.823
SPIN 2 7 15 14 3.662 -3.105 -3.456
SPIN 2 7 15 15 -3.823 3.856 -2.350
SPIN 1 8 0 0 -4.404 3.729 1.306
SPIN 1 8 0 1 3.757 3.663 -2.732
SPIN 1 8 0 2 -3.524 -0.535 -4.722
SPIN 1 8 0 3 -0.266 -1.006 5.824
SPIN 1 8 0 4 4.759 0.276 -3.504
SPIN 1 8 0 5 -3.494 4.760 -0.367
SPIN 1 8 0 6 1.490 -5.702 0.510
SPIN 1 8 0 7 -3.730 2.852 -3.599
SPIN 1 8 0 8 5.494 0.078 -2.194
SPIN 1 8 0 9 2.382 4.509 3.000
SPIN 1 8 0 10 -1.493 -5.097 -2.605
SPIN 1 8 0 11 1.209 -2.373 -5.283
SPIN 1 8 0 12 -1.794 -4.661 -3.171
SPIN 1 8 0 13 -1.016 3.456 -4.693
SPIN 1 8 0 14 5.756 -1.360 -0.138
SPIN 1 8 0 15 2.621 -2.564 -4.643
SPIN 4 8 0 0 -3.059 -4.558 -2.207
SPIN 4 8 0 1 0.773 5.325 2.460
SPIN 4 8 0 2 -5.740 -0.906 -1.108
SPIN 4 8 0 3 2.146 5.345 -1.352
SPIN 4 8 0 4 1.235 -5.746 0.675
SPIN 4 8 0 5 2.754 5.224 -0.355
SPIN 4 8 0 6 -3.800 -4.432 -0.958
SPIN 4 8 0 7 -1.402 -4.577 -3.477
SPIN 4 8 0 8 -0.456 5.897 -0.145
SPIN 4 8 0 9 -5.171 1.815 2.227
SPIN 4 8 0 10 2.421 2.570 4.747
SPIN 4 8 0 11 -1.431 0.515 5.717
SPIN 4 8 0 12 -0.713 -5.649 -1.606
SPIN 4 8 0 13 -2.053 2.640 4.880
SPIN 4 8 0 14 0.783 3.380 4.792
SPIN 4 8 0 15 -3.971 4.315 0.786
SPIN 1 8 1 0 3.701 -3.866 -2.521
SPIN 1 8 1 1 4.022 -2.591 -3.480
SPIN 1 8 1 2 0.197 -4.281 4.079
SPIN 1 8 1 3 -3.209 3.649 3.374
SPIN 1 8 1 4 -3.301 -2.644 4.137
SPIN 1 8 1 5 4.213 -1.308 -3.942
SPIN 1 8 1 6 4.801 -1.189 3.247
SPIN 1 8 1 7 -5.789 -1.216 0.103
SPIN 1 8 1 8 2.282 4.980 -2.235
SPIN 1 8 1 9 0.770 -1.065 5.768
SPIN 1 8 1 10 -2.272 2.423 4.896
SPIN 1 8 1 11 0.242 -5.867 0.724
SPIN 1 8 1 12 4.325 -0.401 4.017
SPIN 1 8 1 13 -5.878 -0.551 -0.375
SPIN 1 8 1 14 4.396 1.401 3.703
SPIN 1 8 1 15 -4.845 -2.333 -2.466
SPIN 4 8 1 0 0.947 -2.801 5.124
SPIN 4 8 1 1 -5.521 1.008 1.872
SPIN 4 8 1 2 3.997 1.861 -3.945
SPIN 4 8 1 3 1.535 -3.834 -4.236
SPIN 4 8 1 4 3.235 2.896 -4.018
SPIN 4 8 1 5 0.271 -5.733 1.435
SPIN 4 8 1 6 1.995 5.097 -2.244
SPIN 4 8 1 7 -1.325 5.123 2.646
SPIN 4 8 1 8 1.264 0.012 5.780
SPIN 4 8 1 9 2.306 4.049 -3.646
SPIN 4 8 1 10 2.391 -1.981 -5.036
SPIN 4 8 1 11 4.323 -3.879 1.124
SPIN 4 8 1 12 2.436 4.172 -3.414
SPIN 4 8 1 13 2.132 4.476 -3.229
SPIN 4 8 1 14 -5.492 1.683 1.415
SPIN 4 8 1 15 2.284 -5.164 -1.764
SPIN 1 8 2 0 4.664 0.481 3.608
SPIN 1 8 2 1 -0.052 0.702 5.874
SPIN 1 8 2 2 -4.415 0.296 -3.927
SPIN 1 8 2 3 -2.175 3.450 4.286
SPIN 1 8 2 4 2.806 1.694 -4.925
SPIN 1 8 2 5 -4.364 2.464 3.144
SPIN 1 8 2 6 3.543 3.694 2.967
SPIN 1 8 2 7 -5.371 1.388 2.056
SPIN 1 8 2 8 1.324 2.947 -4.956
SPIN 1 8 2 9 -2.721 -2.772 -4.462
SPIN 1 8 2 10 3.808 4.523 0.213
SPIN 1 8 2 11 -5.299 2.630 -0.075
SPIN 1 8 2 12 4.539 -3.776 -0.367
SPIN 1 8 2 13 0.009 -1.883 -5.608
SPIN 1 8 2 14 -0.663 -3.739 4.537
SPIN 1 8 2 15 0.493 -0.223 -5.891
SPIN 4 8 2 0 -4.661 3.643 -0.105
SPIN 4 8 2 1 5.557 -2.026 0.146
SPIN 4 8 2 2 1.578 0.494 -5.680
SPIN 4 8 2 3 -4.126 -4.237 0.138
SPIN 4 8 2 4 -1.055 5.799 0.512
SPIN 4 8 2 5 3.265 -4.401 -2.229
SPIN 4 8 2 6 -3.714 0.824 -4.531
SPIN 4 8 2 7 5.386 -0.024 2.448
SPIN 4 8 2 8 -1.415 -5.214 2.410
SPIN 4 8 2 9 3.222 -1.674 4.671
SPIN 4 8 2 10 1.294 -2.861 5.014
SPIN 4 8 2 11 5.693 -1.346 0.881
SPIN 4 8 2 12 -5.161 0.316 -2.875
SPIN 4 8 2 13 0.045 5.852 -0.870
SPIN 4 8 2 14 2.957 4.462 2.519
SPIN 4 8 2 15 -5.550 1.605 1.273
SPIN 1 8 3 0 1.333 4.857 -3.105
SPIN 1 8 3 1 5.241 1.941 -1.940
SPIN 1 8 3 2 4.368 -2.343 3.230
SPIN 1 8 3 3 0.375 5.416 -2.350
SPIN 1 8 3 4 -1.911 4.594 -3.200
SPIN 1 8 3 5 -2.438 -4.965 2.099
SPIN 1 8 3 6 2.532 3.739 -3.822
SPIN 1 8 3 7 -1.839 -5.153 2.251
SPIN 1 8 3 8 -4.199 2.515 3.324
SPIN 1 8 3 9 3.577 -3.606 3.033
SPIN 1 8 3 10 -5.616 0.203 -1.849
SPIN 1 8 3 11 -5.736 -0.688 1.273
SPIN 1 8 3 12 3.670 2.939 3.591
SPIN 1 8 3 13 3.977 -2.849 3.327
SPIN 1 8 3 14 -5.194 2.821 0.247
SPIN 1 8 3 15 -0.850 -1.999 -5.503
SPIN 4 8 3 0 -0.611 -0.558 5.858
SPIN 4 8 3 1 -4.151 -0.719 -4.154
SPIN 4 8 3 2 -1.608 3.416 4.555
SPIN 4 8 3 3 4.658 0.261 -3.638
SPIN 4 8 3 4 5.542 1.770 -1.075
SPIN 4 8 3 5 -1.856 1.782 5.327
SPIN 4 8 3 6 -3.189 1.292 -4.813
SPIN 4 8 3 7 2.056 -3.961 -3.884
SPIN 4 8 3 8 -1.168 -3.057 -4.929
SPIN 4 8 3 9 -1.442 0.794 -5.682
SPIN 4 8 3 10 5.463 -2.270 -0.009
SPIN 4 8 3 11 -5.553 0.669 -1.927
SPIN 4 8 3 12 1.510 -1.468 -5.528
SPIN 4 8 3 13 -4.494 -1.963 -3.309
SPIN 4 8 3 14 -4.468 3.200 2.191
SPIN 4 8 3 15 2.471 5.115 -1.653
SPIN 1 8 4 0 -4.952 -1.224 2.997
SPIN 1 8 4 1 1.543 5.710 -0.128
SPIN 1 8 4 2 -3.870 -3.082 -3.244
SPIN 1 8 4 3 -3.093 -4.110 -2.923
SPIN 1 8 4 4 -4.103 4.001 -1.470
SPIN 1 8 4 5 3.580 2.024 -4.253
SPIN 1 8 4 6 -2.297 -2.881 -4.628
SPIN 1 8 4 7 -3.445 4.763 0.670
SPIN 1 8 4 8 5.367 1.146 -2.209
SPIN 1 8 4 9 -3.923 4.115 -1.634
SPIN 1 8 4 10 2.729 3.476 3.933
SPIN 1 8 4 11 -3.690 -1.000 -4.515
SPIN 1 8 4 12 3.312 0.141 4.900
SPIN 1 8 4 13 3.857 0.121 -4.484
SPIN 1 8 4 14 3.771 1.340 4.357
SPIN 1 8 4 15 3.200 -2.116 4.503
SPIN 4 8 4 0 -2.890 0.132 -5.161
SPIN 4 8 4 1 4.001 2.933 3.223
SPIN 4 8 4 2 3.004 -4.382 -2.604
SPIN 4 8 4 3 0.183 3.911 4.435
SPIN 4 8 4 4 0.717 -3.284 -4.868
SPIN 4 8 4 5 -2.596 2.655 4.606
SPIN 4 8 4 6 -0.618 -3.526 -4.710
SPIN 4 8 4 7 -1.691 -0.243 -5.664
SPIN 4 8 4 8 1.886 -4.901 2.725
SPIN 4 8 4 9 -4.473 0.527 3.835
SPIN 4 8 4 10 -3.337 4.409 2.103
SPIN 4 8 4 11 1.184 -5.210 2.540
SPIN 4 8 4 12 -2.811 5.084 -1.119
SPIN 4 8 4 13 -2.589 -4.990 1.843
SPIN 4 8 4 14 2.952 3.831 -3.407
SPIN 4 8 4 15 2.926 3.165 4.052
SPIN 1 8 5 0 4.198 -3.142 2.740
SPIN 1 8 5 1 1.919 -5.540 -0.795
SPIN 1 8 5 2 -4.599 2.905 2.326
SPIN 1 8 5 3 1.960 0.105 -5.581
SPIN 1 8 5 4 -1.360 -0.473 5.738
SPIN 1 8 5 5 -1.939 5.573 -0.429
SPIN 1 8 5 6 2.857 -1.183 5.043
SPIN 1 8 5 7 4.023 -4.072 -1.494
SPIN 1 8 5 8 -3.432 4.591 1.462
SPIN 1 8 5 9 1.725 -1.370 -5.491
SPIN 1 8 5 10 1.634 1.643 5.443
SPIN 1 8 5 11 1.945 -3.227 -4.561
SPIN 1 8 5 12 -4.498 -3.419 -1.754
SPIN 1 8 5 13 4.099 0.262 4.258
SPIN 1 8 5 14 3.770 1.840 -4.172
SPIN 1 8 5 15 -5.712 0.911 1.244
SPIN 4 8 5 0 3.289 -4.441 -2.111
SPIN 4 8 5 1 2.652 -2.764 -4.509
SPIN 4 8 5 2 -5.889 -0.154 0.546
SPIN 4 8 5 3 -2.242 -3.123 -4.497
SPIN 4 8 5 4 -2.054 2.617 -4.892
SPIN 4 8 5 5 5.207 -2.161 1.794
SPIN 4 8 5 6 -1.909 5.477 1.166
SPIN 4 8 5 7 -0.987 -5.781 0.775
SPIN 4 8 5 8 -5.676 -1.466 -0.794
SPIN 4 8 5 9 0.261 -5.802 -1.127
SPIN 4 8 5 10 -1.703 5.665 0.038
SPIN 4 8 5 11 2.658 -2.678 -4.557
SPIN 4 8 5 12 -2.703 -3.228 -4.157
SPIN 4 8 5 13 -3.273 4.909 -0.427
SPIN 4 8 5 14 5.460 0.151 -2.273
SPIN 4 8 5 15 -3.282 3.346 -3.610
SPIN 1 8 6 0 3.349 2.989 3.854
SPIN 1 8 6 1 1.711 -4.906 -2.830
SPIN 1 8 6 2 2.523 -1.588 5.110
SPIN 1 8 6 3 2.258 5.059 2.076
SPIN 1 8 6 4 5.097 0.380 2.979
SPIN 1 8 6 5 -0.746 5.573 1.840
SPIN 1 8 6 6 0.892 -5.821 0.561
SPIN 1 8 6 7 -3.649 4.034 -2.326
SPIN 1 8 6 8 2.693 0.227 5.263
SPIN 1 8 6 9 5.096 0.851 2.882
SPIN 1 8 6 10 -4.274 -2.936 -2.848
SPIN 1 8 6 11 -2.268 5.136 1.865
SPIN 1 8 6 12 3.517 -4.518 1.489
SPIN 1 8 6 13 0.080 4.223 -4.142
SPIN 1 8 6 14 -5.480 0.315 2.207
SPIN 1 8 6 15 2.846 -0.001 -5.186
SPIN 4 8 6 0 4.330 2.265 -3.335
SPIN 4 8 6 1 5.573 -1.118 -1.642
SPIN 4 8 6 2 -3.023 -4.806 1.662
SPIN 4 8 6 3 3.360 2.531 -4.160
SPIN 4 8 6 4 4.074 -3.764 -2.057
SPIN 4 8 6 5 4.816 -2.221 2.622
SPIN 4 8 6 6 0.005 5.420 -2.372
SPIN 4 8 6 7 -5.806 -0.512 1.013
SPIN 4 8 6 8 1.000 -5.546 -1.801
SPIN 4 8 6 9 0.583 0.766 5.837
SPIN 4 8 6 10 -3.881 -0.352 -4.451
SPIN 4 8 6 11 0.117 3.786 4.545
SPIN 4 8 6 12 -1.561 -4.040 4.030
SPIN 4 8 6 13 2.699 -4.454 2.807
SPIN 4 8 6 14 -4.629 2.025 3.078
SPIN 4 8 6 15 1.519 3.897 4.185
SPIN 1 8 7 0 3.895 -4.220 1.424
SPIN 1 8 7 1 -4.816 1.678 -2.998
SPIN 1 8 7 2 -0.943 4.658 -3.523
SPIN 1 8 7 3 -2.327 -1.685 -5.172
SPIN 1 8 7 4 -5.131 1.084 2.738
SPIN 1 8 7 5 -4.669 -1.007 -3.490
SPIN 1 8 7 6 3.636 2.272 4.077
SPIN 1 8 7 7 -1.245 -3.324 -4.733
SPIN 1 8 7 8 -4.664 2.616 2.531
SPIN 1 8 7 9 4.842 3.121 1.345
SPIN 1 8 7 10 -5.605 -0.677 -1.767
SPIN 1 8 7 11 5.610 -1.877 0.079
SPIN 1 8 7 12 -0.875 3.986 -4.283
SPIN 1 8 7 13 3.063 1.720 -4.760
SPIN 1 8 7 14 -2.396 -4.771 -2.550
SPIN 1 8 7 15 3.185 4.984 -0.121
SPIN 4 8 7 0 3.204 1.677 4.682
SPIN 4 8 7 1 -4.934 -3.265 -0.044
SPIN 4 8 7 2 0.351 5.685 1.599
SPIN 4 8 7 3 -2.510 3.251 -4.258
SPIN 4 8 7 4 -4.978 -3.130 -0.650
SPIN 4 8 7 5 -0.330 5.622 -1.811
SPIN 4 8 7 6 5.027 -1.445 -2.763
SPIN 4 8 7 7 3.957 -2.265 -3.770
SPIN 4 8 7 8 -1.073 -2.412 5.294
SPIN 4 8 7 9 -4.388 -3.534 -1.805
SPIN 4 8 7 10 3.363 -1.822 -4.513
SPIN 4 8 7 11 0.036 4.545 3.787
SPIN 4 8 7 12 -0.606 -5.614 -1.765
SPIN 4 8 7 13 2.371 4.456 3.086
SPIN 4 8 7 14 -0.135 2.911 -5.149
SPIN 4 8 7 15 1.204 -3.995 -4.194
SPIN 1 8 8 0 2.898 -1.315 4.987
SPIN 1 8 8 1 -5.288 -2.633 0.328
SPIN 1 8 8 2 -2.118 4.328 3.432
SPIN 1 8 8 3 -5.264 -0.401 2.671
SPIN 1 8 8 4 3.102 -5.006 -0.562
SPIN 1 8 8 5 -3.222 4.628 1.788
SPIN 1 8 8 6 -3.017 -4.194 -2.883
SPIN 1 8 8 7 -1.110 4.696 3.423
SPIN 1 8 8 8 -3.702 4.592 -0.457
SPIN 1 8 8 9 -5.184 -2.483 -1.399
SPIN 1 8 8 10 3.884 4.401 0.740
SPIN 1 8 8 11 -3.428 -3.866 -2.882
SPIN 1 8 8 12 3.547 -4.734 0.122
SPIN 1 8 8 13 -4.721 -1.037 3.411
SPIN 1 8 8 14 4.597 3.313 1.702
SPIN 1 8 8 15 -0.583 -4.365 -3.951
SPIN 4 8 8 0 0.819 0.184 -5.856
SPIN 4 8 8 1 1.581 -2.132 -5.287
SPIN 4 8 8 2 1.258 -1.658 -5.538
SPIN 4 8 8 3 -2.389 -4.552 2.927
SPIN 4 8 8 4 5.120 0.622 -2.899
SPIN 4 8 8 5 2.342 -3.734 3.946
SPIN 4 8 8 6 -0.242 -5.605 -1.878
SPIN 4 8 8 7 3.785 0.707 4.492
SPIN 4 8 8 8 0.307 -3.763 -4.555
SPIN 4 8 8 9 -2.784 -1.322 5.050
SPIN 4 8 8 10 0.076 4.988 3.181
SPIN 4 8 8 11 0.409 -5.741 -1.370
SPIN 4 8 8 12 0.045 5.330 -2.566
SPIN 4 8 8 13 3.879 4.429 -0.578
SPIN 4 8 8 14 5.138 0.254 -2.922
SPIN 4 8 8 15 3.897 -3.849 2.236
SPIN 1 8 9 0 -1.733 -1.180 -5.532
SPIN 1 8 9 1 -0.702 2.538 5.298
SPIN 1 8 9 2 -5.131 1.106 -2.729
SPIN 1 8 9 3 -2.324 2.526 -4.819
SPIN 1 8 9 4 0.602 -5.258 -2.644
SPIN 1 8 9 5 -0.063 5.857 0.829
SPIN 1 8 9 6 2.180 0.206 5.496
SPIN 1 8 9 7 -4.231 1.797 -3.724
SPIN 1 8 9 8 -4.489 3.654 -1.222
SPIN 1 8 9 9 3.421 4.059 -2.613
SPIN 1 8 9 10 4.621 -3.659 0.510
SPIN 1 8 9 11 4.672 2.003 -3.027
SPIN 1 8 9 12 0.334 -5.540 2.049
SPIN 1 8 9 13 4.798 -2.983 1.756
SPIN 1 8 9 14 -3.949 3.861 -2.121
SPIN 1 8 9 15 4.417 0.958 3.817
SPIN 4 8 9 0 -4.950 -0.954 3.097
SPIN 4 8 9 1 4.794 3.042 -1.661
SPIN 4 8 9 2 -2.775 -5.119 -1.045
SPIN 4 8 9 3 -5.881 -0.493 -0.418
SPIN 4 8 9 4 2.049 -5.342 -1.506
SPIN 4 8 9 5 -2.354 -5.333 1.008
SPIN 4 8 9 6 5.764 -0.128 1.325
SPIN 4 8 9 7 -3.939 -2.763 -3.442
SPIN 4 8 9 8 -1.477 0.186 5.726
SPIN 4 8 9 9 2.219 -5.338 -1.257
SPIN 4 8 9 10 -4.109 3.457 -2.482
SPIN 4 8 9 11 -0.985 5.351 2.322
SPIN 4 8 9 12 -0.939 3.989 4.267
SPIN 4 8 9 13 -2.805 -5.179 -0.557
SPIN 4 8 9 14 -1.496 4.429 -3.626
SPIN 4 8 9 15 -4.761 0.487 3.477
SPIN 1 8 10 0 -1.571 5.703 -0.082
SPIN 1 8 10 1 -4.116 -4.245 -0.197
SPIN 1 8 10 2 -4.138 -2.326 -3.531
SPIN 1 8 10 3 4.081 -3.748 -2.073
SPIN 1 8 10 4 -1.207 4.553 3.580
SPIN 1 8 10 5 -2.133 -4.319 -3.435
SPIN 1 8 10 6 3.668 3.141 -3.418
SPIN 1 8 10 7 -0.156 0.719 5.870
SPIN 1 8 10 8 4.579 3.735 0.287
SPIN 1 8 10 9 -3.852 -4.482 0.271
SPIN 1 8 10 10 1.675 1.558 -5.456
SPIN 1 8 10 11 0.535 -2.584 5.295
SPIN 1 8 10 12 1.016 0.291 -5.821
SPIN 1 8 10 13 -0.604 -2.469 -5.342
SPIN 1 8 10 14 1.422 -3.239 4.742
SPIN 1 8 10 15 -3.023 -4.974 1.056
SPIN 4 8 10 0 2.123 4.799 -2.732
SPIN 4 8 10 1 -2.982 -1.077 4.994
SPIN 4 8 10 2 -3.841 -0.339 -4.487
SPIN 4 8 10 3 -4.125 -1.960 -3.761
SPIN 4 8 10 4 -3.142 4.832 -1.336
SPIN 4 8 10 5 3.726 3.760 -2.642
SPIN 4 8 10 6 0.311 -5.823 -0.998
SPIN 4 8 10 7 -2.993 5.103 0.081
SPIN 4 8 10 8 2.424 -2.387 -4.840
SPIN 4 8 10 9 2.051 -4.182 3.648
SPIN 4 8 10 10 3.253 -1.182 -4.798
SPIN 4 8 10 11 -3.587 4.373 1.734
SPIN 4 8 10 12 1.776 1.985 -5.283
SPIN 4 8 10 13 1.993 5.149 -2.125
SPIN 4 8 10 14 5.244 -1.480 2.304
SPIN 4 8 10 15 -5.896 0.262 -0.416
SPIN 1 8 11 0 1.478 -5.608 -1.168
SPIN 1 8 11 1 4.111 2.706 3.284
SPIN 1 8 11 2 2.705 -3.840 -3.597
SPIN 1 8 11 3 -3.025 -0.240 5.079
SPIN 1 8 11 4 2.559 -5.232 1.037
SPIN 1 8 11 5 3.966 -1.883 -3.966
SPIN 1 8 11 6 0.467 -2.785 5.199
SPIN 1 8 11 7 4.414 -3.055 -2.487
SPIN 1 8 11 8 -1.092 -4.547 3.623
SPIN 1 8 11 9 2.834 5.176 -0.426
SPIN 1 8 11 10 -1.733 4.839 2.930
SPIN 1 8 11 11 -5.495 -1.613 -1.482
SPIN 1 8 11 12 2.436 -0.200 5.388
SPIN 1 8 11 13 0.699 5.354 2.418
SPIN 1 8 11 14 -5.150 2.865 0.520
SPIN 1 8 11 15 -0.342 5.669 1.658
SPIN 4 8 11 0 -5.553 -1.668 -1.176
SPIN 4 8 11 1 -1.775 -5.537 -1.092
SPIN 4 8 11 2 -2.972 0.178 5.112
SPIN 4 8 11 3 5.021 2.142 2.281
SPIN 4 8 11 4 4.530 -3.678 0.975
SPIN 4 8 11 5 3.602 1.242 4.526
SPIN 4 8 11 6 -0.180 5.913 -0.037
SPIN 4 8 11 7 -0.700 -5.623 -1.702
SPIN 4 8 11 8 -5.165 0.847 -2.758
SPIN 4 8 11 9 2.766 2.958 4.313
SPIN 4 8 11 10 -0.230 -1.430 -5.736
SPIN 4 8 11 11 3.905 3.363 -2.905
SPIN 4 8 11 12 -5.786 0.640 1.053
SPIN 4 8 11 13 4.959 -1.583 2.811
SPIN 4 8 11 14 -3.334 -4.805 -0.893
SPIN 4 8 11 15 3.578 3.872 2.684
SPIN 1 8 12 0 4.599 1.944 3.172
SPIN 1 8 12 1 4.193 1.268 -3.977
SPIN 1 8 12 2 -4.880 -1.121 -3.152
SPIN 1 8 12 3 -2.064 -5.318 1.568
SPIN 1 8 12 4 -2.624 -1.351 5.127
SPIN 1 8 12 5 1.366 -1.649 5.515
SPIN 1 8 12 6 -4.321 -1.373 -3.801
SPIN 1 8 12 7 2.387 5.253 1.306
SPIN 1 8 12 8 5.218 2.783 0.171
SPIN 1 8 12 9 -5.218 1.191 2.521
SPIN 1 8 12 10 -1.545 -4.788 3.112
SPIN 1 8 12 11 0.523 1.133 5.783
SPIN 1 8 12 12 3.778 4.500 -0.694
SPIN 1 8 12 13 -2.077 -3.696 -4.126
SPIN 1 8 12 14 -4.030 -4.288 -0.612
SPIN 1 8 12 15 -3.147 -0.718 4.958
SPIN 4 8 12 0 4.152 -4.126 0.858
SPIN 4 8 12 1 -5.519 -1.296 -1.690
SPIN 4 8 12 2 5.567 1.958 -0.414
SPIN 4 8 12 3 0.507 4.494 3.814
SPIN 4 8 12 4 3.642 -3.938 -2.496
SPIN 4 8 12 5 -3.104 3.341 -3.769
SPIN 4 8 12 6 1.026 -2.605 -5.212
SPIN 4 8 12 7 -5.765 -0.106 1.324
SPIN 4 8 12 8 -3.119 4.528 2.182
SPIN 4 8 12 9 4.508 -3.488 1.584
SPIN 4 8 12 10 1.550 2.528 5.119
SPIN 4 8 12 11 -5.405 -1.980 1.365
SPIN 4 8 12 12 4.230 -2.849 -2.997
SPIN 4 8 12 13 0.993 5.678 -1.332
SPIN 4 8 12 14 3.269 2.702 -4.124
SPIN 4 8 12 15 -3.316 4.655 -1.528
SPIN 1 8 13 0 -4.246 -3.118 2.694
SPIN 1 8 13 1 -3.510 4.252 -2.144
SPIN 1 8 13 2 2.999 -4.204 -2.886
SPIN 1 8 13 3 -1.144 2.678 -5.150
SPIN 1 8 13 4 4.471 -3.810 -0.699
SPIN 1 8 13 5 -5.669 1.080 -1.302
SPIN 1 8 13 6 -3.467 -2.859 -3.847
SPIN 1 8 13 7 -1.047 0.352 5.812
SPIN 1 8 13 8 -0.178 -3.888 -4.456
SPIN 1 8 13 9 -1.791 1.893 5.311
SPIN 1 8 13 10 1.250 -3.496 4.606
SPIN 1 8 13 11 1.724 1.547 -5.444
SPIN 1 8 13 12 3.071 -5.036 0.455
SPIN 1 8 13 13 2.535 -2.434 4.759
SPIN 1 8 13 14 2.485 5.336 -0.597
SPIN 1 8 13 15 0.419 -3.408 -4.818
SPIN 4 8 13 0 -1.705 -2.299 -5.178
SPIN 4 8 13 1 -1.133 -4.653 3.474
SPIN 4 8 13 2 -2.940 2.831 -4.282
SPIN 4 8 13 3 5.744 -0.626 -1.271
SPIN 4 8 13 4 -0.461 -1.763 5.628
SPIN 4 8 13 5 3.776 0.284 -4.545
SPIN 4 8 13 6 -0.985 -1.766 5.560
SPIN 4 8 13 7 -2.877 4.405 -2.705
SPIN 4 8 13 8 5.273 0.965 -2.502
SPIN 4 8 13 9 0.086 1.721 5.660
SPIN 4 8 13 10 1.172 2.844 -5.054
SPIN 4 8 13 11 -0.352 5.891 0.413
SPIN 4 8 13 12 2.710 4.534 2.665
SPIN 4 8 13 13 -4.605 -3.576 -1.004
SPIN 4 8 13 14 -3.752 -2.463 -3.855
SPIN 4 8 13 15 -2.647 -5.119 -1.336
SPIN 1 8 14 0 -5.092 2.973 -0.481
SPIN 1 8 14 1 -1.510 -4.568 3.443
SPIN 1 8 14 2 2.283 5.313 -1.249
SPIN 1 8 14 3 1.427 -0.044 -5.741
SPIN 1 8 14 4 -1.965 5.580 -0.075
SPIN 1 8 14 5 -3.302 -4.726 -1.327
SPIN 1 8 14 6 5.008 1.913 -2.502
SPIN 1 8 14 7 -1.037 -0.607 -5.793
SPIN 1 8 14 8 0.867 5.847 0.251
SPIN 1 8 14 9 -0.194 -4.961 3.217
SPIN 1 8 14 10 -4.732 -3.495 -0.624
SPIN 1 8 14 11 -1.465 5.628 -1.089
SPIN 1 8 14 12 -0.795 0.223 5.858
SPIN 1 8 14 13 1.158 4.266 -3.932
SPIN 1 8 14 14 3.000 -3.232 3.944
SPIN 1 8 14 15 5.360 -0.191 -2.498
SPIN 4 8 14 0 -3.960 -0.118 -4.394
SPIN 4 8 14 1 0.528 5.031 -3.068
SPIN 4 8 14 2 1.521 -5.230 -2.309
SPIN 4 8 14 3 -2.887 1.795 4.842
SPIN 4 8 14 4 1.490 3.516 -4.519
SPIN 4 8 14 5 -3.988 -0.039 4.369
SPIN 4 8 14 6 1.891 5.480 -1.183
SPIN 4 8 14 7 0.341 0.253 5.901
SPIN 4 8 14 8 -4.652 2.599 2.571
SPIN 4 8 14 9 -1.095 -5.612 1.518
SPIN 4 8 14 10 -3.579 2.098 4.218
SPIN 4 8 14 11 -1.588 -2.833 -4.945
SPIN 4 8 14 12 -3.171 -4.712 -1.655
SPIN 4 8 14 13 -5.582 -1.950 0.207
SPIN 4 8 14 14 0.940 5.822 0.475
SPIN 4 8 14 15 2.045 3.177 4.553
SPIN 1 8 15 0 -2.712 -5.072 1.387
SPIN 1 8 15 1 -2.814 3.765 -3.592
SPIN 1 8 15 2 4.436 -2.793 2.743
SPIN 1 8 15 3 -4.333 2.459 3.191
SPIN 1 8 15 4 -3.992 -0.456 -4.342
SPIN 1 8 15 5 3.777 -2.138 -4.020
SPIN 1 8 15 6 -4.635 -0.205 3.671
SPIN 1 8 15 7 0.836 0.847 -5.795
SPIN 1 8 15 8 -1.629 -5.037 2.642
SPIN 1 8 15 9 1.844 5.475 -1.276
SPIN 1 8 15 10 5.568 -0.725 -1.863
SPIN 1 8 15 11 -3.594 4.514 1.306
SPIN 1 8 15 12 0.470 -1.542 -5.692
SPIN 1 8 15 13 1.811 -5.182 2.207
SPIN 1 8 15 14 -1.848 -0.102 -5.619
SPIN 1 8 15 15 1.284 4.272 3.886
SPIN 4 8 15 0 -0.881 -5.311 -2.453
SPIN 4 8 15 1 -5.517 0.964 1.907
SPIN 4 8 15 2 2.492 5.274 -0.987
SPIN 4 8 15 3 2.482 3.870 3.723
SPIN 4 8 15 4 -5.457 -0.442 -2.241
SPIN 4 8 15 5 -4.748 -0.150 3.527
SPIN 4 8 15 6 3.360 -4.043 2.714
SPIN 4 8 15 7 -4.700 2.886 -2.140
SPIN 4 8 15 8 0.128 -5.568 -1.996
SPIN 4 8 15 9 5.805 -1.053 -0.437
SPIN 4 8 15 10 -1.071 -0.651 5.782
SPIN 4 8 15 11 4.815 2.408 -2.454
SPIN 4 8 15 12 -3.205 2.106 4.505
SPIN 4 8 15 13 2.206 1.991 -5.116
SPIN 4 8 15 14 -4.382 -2.682 2.933
SPIN 4 8 15 15 5.416 -1.909 1.423
SPIN 3 8 0 0 5.572 0.248 -1.972
SPIN 3 8 0 1 5.298 2.601 0.400
SPIN 3 8 0 2 -5.719 0.008 -1.516
SPIN 3 8 0 3 0.660 2.026 -5.519
SPIN 3 8 0 4 0.755 -5.743 -1.202
SPIN 3 8 0 5 4.081 -4.146 1.078
SPIN 3 8 0 6 2.242 -5.383 1.000
SPIN 3 8 0 7 -5.294 0.243 -2.629
SPIN 3 8 0 8 1.180 -2.167 -5.377
SPIN 3 8 0 9 -4.474 3.447 1.763
SPIN 3 8 0 10 1.385 5.365 -2.073
SPIN 3 8 0 11 2.620 1.803 -4.989
SPIN 3 8 0 12 3.638 -3.907 -2.550
SPIN 3 8 0 13 -0.734 -5.846 -0.539
SPIN 3 8 0 14 -5.703 -0.704 -1.408
SPIN 3 8 0 15 -5.816 -0.896 -0.607
SPIN 2 8 0 0 -4.993 3.044 -0.894
SPIN 2 8 0 1 4.563 0.366 -3.748
SPIN 2 8 0 2 -1.671 -4.041 3.984
SPIN 2 8 0 3 4.104 -4.203 0.702
SPIN 2 8 0 4 3.447 -4.338 2.073
SPIN 2 8 0 5 4.897 3.219 0.809
SPIN 2 8 0 6 0.591 2.479 -5.339
SPIN 2 8 0 7 5.445 -2.156 -0.841
SPIN 2 8 0 8 -2.524 -4.970 1.982
SPIN 2 8 0 9 0.185 1.073 -5.815
SPIN 2 8 0 10 1.988 -5.349 1.561
SPIN 2 8 0 11 -4.121 1.832 3.829
SPIN 2 8 0 12 0.496 5.737 1.357
SPIN 2 8 0 13 3.421 1.265 4.658
SPIN 2 8 0 14 -1.711 -0.937 -5.585
SPIN 2 8 0 15 4.549 -0.095 3.781
SPIN 3 8 1 0 -4.166 3.035 2.904
SPIN 3 8 1 1 -0.383 -2.272 -5.449
SPIN 3 8 1 2 -5.820 -0.538 0.914
SPIN 3 8 1 3 2.536 5.327 0.436
SPIN 3 8 1 4 -3.566 4.683 0.593
SPIN 3 8 1 5 -5.775 0.394 1.221
SPIN 3 8 1 6 2.523 -3.326 4.193
SPIN 3 8 1 7 2.634 0.239 -5.292
SPIN 3 8 1 8 4.653 -0.928 3.534
SPIN 3 8 1 9 3.910 -4.378 0.736
SPIN 3 8 1 10 5.222 -1.346 -2.432
SPIN 3 8 1 11 -5.588 -1.592 -1.112
SPIN 3 8 1 12 -2.715 -5.244 0.362
SPIN 3 8 1 13 -5.228 2.022 -1.891
SPIN 3 8 1 14 0.967 -5.220 -2.610
SPIN 3 8 1 15 2.277 2.035 5.067
SPIN 2 8 1 0 -2.331 -0.012 5.438
SPIN 2 8 1 1 0.735 -0.833 -5.811
SPIN 2 8 1 2 -0.320 -4.356 3.991
SPIN 2 8 1 3 5.481 0.157 2.221
SPIN 2 8 1 4 2.309 4.455 -3.134
SPIN 2 8 1 5 -2.099 -5.323 1.504
SPIN 2 8 1 6 -1.108 4.596 -3.557
SPIN 2 8 1 7 -2.939 -3.833 3.416
SPIN 2 8 1 8 -2.007 4.443 -3.352
SPIN 2 8 1 9 1.050 1.348 5.664
SPIN 2 8 1 10 -5.333 1.972 -1.634
SPIN 2 8 1 11 -2.873 1.331 4.997
SPIN 2 8 1 12 -3.181 2.047 -4.549
SPIN 2 8 1 13 -1.887 -1.198 5.478
SPIN 2 8 1 14 -4.117 -0.921 4.147
SPIN 2 8 1 15 -5.638 1.715 -0.519
SPIN 3 8 2 0 5.194 -2.072 1.931
SPIN 3 8 2 1 4.508 3.474 -1.615
SPIN 3 8 2 2 3.129 -4.960 -0.781
SPIN 3 8 2 3 -4.336 0.416 -4.004
SPIN 3 8 2 4 3.954 -2.486 3.631
SPIN 3 8 2 5 -2.593 -4.587 2.689
SPIN 3 8 2 6 0.737 4.865 -3.284
SPIN 3 8 2 7 0.858 -0.591 5.824
SPIN 3 8 2 8 -2.506 -1.294 -5.201
SPIN 3 8 2 9 1.530 -5.715 -0.053
SPIN 3 8 2 10 -4.629 -2.677 2.530
SPIN 3 8 2 11 4.018 -3.484 2.592
SPIN 3 8 2 12 4.027 4.291 0.610
SPIN 3 8 2 13 -1.515 4.550 3.464
SPIN 3 8 2 14 0.669 -4.028 4.281
SPIN 3 8 2 15 -0.512 5.709 -1.463
SPIN 2 8 2 0 -4.388 -3.591 -1.689
SPIN 2 8 2 1 4.283 -2.116 3.490
SPIN 2 8 2 2 -1.918 -2.987 4.733
SPIN 2 8 2 3 5.637 1.422 -1.095
SPIN 2 8 2 4 -3.355 -3.486 3.405
SPIN 2 8 2 5 -0.589 -0.421 -5.872
SPIN 2 8 2 6 3.274 -1.316 4.749
SPIN 2 8 2 7 2.261 4.389 -3.260
SPIN 2 8 2 8 -0.255 -2.853 5.176
SPIN 2 8 2 9 -0.330 -1.513 -5.710
SPIN 2 8 2 10 -3.436 4.767 -0.686
SPIN 2 8 2 11 0.452 -5.182 -2.818
SPIN 2 8 2 12 1.243 5.674 1.122
SPIN 2 8 2 13 -1.471 5.429 -1.834
SPIN 2 8 2 14 3.601 -1.133 -4.555
SPIN 2 8 2 15 1.505 4.402 -3.655
SPIN 3 8 3 0 0.228 5.912 0.010
SPIN 3 8 3 1 -0.142 1.250 -5.781
SPIN 3 8 3 2 -4.773 -3.279 -1.214
SPIN 3 8 3 3 4.168 -3.068 -2.866
SPIN 3 8 3 4 4.932 2.274 2.347
SPIN 3 8 3 5 2.786 5.195 -0.493
SPIN 3 8 3 6 0.082 3.204 4.973
SPIN 3 8 3 7 -1.353 -4.412 3.702
SPIN 3 8 3 8 2.377 5.261 -1.292
SPIN 3 8 3 9 3.710 2.911 3.572
SPIN 3 8 3 10 4.935 2.970 1.352
SPIN 3 8 3 11 5.340 2.101 1.437
SPIN 3 8 3 12 -4.142 1.616 3.903
SPIN 3 8 3 13 0.873 -4.973 -3.084
SPIN 3 8 3 14 0.198 4.827 -3.414
SPIN 3 8 3 15 4.702 -0.099 3.589
SPIN 2 8 3 0 4.858 2.105 -2.640
SPIN 2 8 3 1 4.347 -3.862 -1.090
SPIN 2 8 3 2 3.036 5.027 0.718
SPIN 2 8 3 3 -5.110 -2.845 -0.889
SPIN 2 8 3 4 -3.495 0.894 -4.689
SPIN 2 8 3 5 -1.867 -3.770 4.159
SPIN 2 8 3 6 -0.032 5.813 -1.100
SPIN 2 8 3 7 5.298 -1.623 2.074
SPIN 2 8 3 8 -3.373 4.218 2.415
SPIN 2 8 3 9 -2.688 -4.453 2.818
SPIN 2 8 3 10 -5.683 -0.802 -1.434
SPIN 2 8 3 11 2.873 4.743 2.062
SPIN 2 8 3 12 -2.537 3.288 -4.213
SPIN 2 8 3 13 3.995 -0.456 -4.339
SPIN 2 8 3 14 -2.685 -5.164 -1.057
SPIN 2 8 3 15 -4.451 3.198 -2.227
SPIN 3 8 4 0 1.320 -3.182 -4.809
SPIN 3 8 4 1 1.876 -0.893 5.539
SPIN 3 8 4 2 5.113 2.917 0.590
SPIN 3 8 4 3 5.402 1.126 -2.132
SPIN 3 8 4 4 4.696 -2.364 -2.713
SPIN 3 8 4 5 0.920 3.028 4.999
SPIN 3 8 4 6 -4.145 -4.158 0.728
SPIN 3 8 4 7 -5.226 2.379 -1.424
SPIN 3 8 4 8 -4.087 0.764 -4.208
SPIN 3 8 4 9 0.562 3.043 -5.042
SPIN 3 8 4 10 -5.268 -2.208 1.540
SPIN 3 8 4 11 5.593 0.569 -1.843
SPIN 3 8 4 12 5.555 0.959 -1.795
SPIN 3 8 4 13 1.007 4.866 3.211
SPIN 3 8 4 14 -2.391 3.466 -4.156
SPIN 3 8 4 15 -2.224 4.177 3.550
SPIN 2 8 4 0 0.251 -3.961 4.387
SPIN 2 8 4 1 -5.548 1.934 -0.692
SPIN 2 8 4 2 4.168 -4.192 0.236
SPIN 2 8 4 3 -5.195 1.964 -2.038
SPIN 2 8 4 4 -2.063 4.839 2.706
SPIN 2 8 4 5 1.388 -0.663 -5.713
SPIN 2 8 4 6 3.976 -3.096 3.100
SPIN 2 8 4 7 -2.816 -3.048 4.217
SPIN 2 8 4 8 0.127 4.504 3.834
SPIN 2 8 4 9 -2.082 -0.788 -5.481
SPIN 2 8 4 10 -2.475 -5.373 -0.018
SPIN 2 8 4 11 3.703 -3.588 2.900
SPIN 2 8 4 12 -1.542 -0.584 -5.682
SPIN 2 8 4 13 -4.581 -0.245 3.736
SPIN 2 8 4 14 1.994 0.132 5.568
SPIN 2 8 4 15 4.904 2.096 -2.560
SPIN 3 8 5 0 -0.814 0.244 -5.855
SPIN 3 8 5 1 -0.976 -2.966 -5.025
SPIN 3 8 5 2 0.004 -3.424 4.825
SPIN 3 8 5 3 -3.040 4.917 -1.258
SPIN 3 8 5 4 5.459 2.148 -0.761
SPIN 3 8 5 5 3.531 -3.118 3.579
SPIN 3 8 5 6 -4.882 1.851 -2.783
SPIN 3 8 5 7 5.744 0.150 -1.409
SPIN 3 8 5 8 -3.059 5.027 -0.610
SPIN 3 8 5 9 5.791 -0.863 0.850
SPIN 3 8 5 10 4.885 -2.808 -1.804
SPIN 3 8 5 11 -0.645 5.734 1.305
SPIN 3 8 5 12 1.556 3.583 -4.443
SPIN 3 8 5 13 5.195 0.794 2.717
SPIN 3 8 5 14 2.825 -3.367 -3.960
SPIN 3 8 5 15 -2.382 0.859 5.347
SPIN 2 8 5 0 -2.344 -1.081 5.323
SPIN 2 8 5 1 -2.599 3.687 3.827
SPIN 2 8 5 2 5.832 -0.686 0.717
SPIN 2 8 5 3 4.573 2.691 -2.616
SPIN 2 8 5 4 -2.772 5.050 -1.347
SPIN 2 8 5 5 -2.377 1.067 5.311
SPIN 2 8 5 6 -4.437 -3.912 -0.047
SPIN 2 8 5 7 3.157 -1.409 4.801
SPIN 2 8 5 8 4.373 -3.931 -0.647
SPIN 2 8 5 9 2.788 4.680 2.308
SPIN 2 8 5 10 0.858 3.084 -4.975
SPIN 2 8 5 11 -5.157 2.858 0.488
SPIN 2 8 5 12 -5.478 2.145 0.624
SPIN 2 8 5 13 2.983 4.991 -1.092
SPIN 2 8 5 14 -5.529 0.589 -2.021
SPIN 2 8 5 15 1.202 -2.433 -5.257
SPIN 3 8 6 0 4.348 0.622 3.964
SPIN 3 8 6 1 -4.676 3.482 1.008
SPIN 3 8 6 2 -5.527 -0.469 2.058
SPIN 3 8 6 3 2.196 -1.386 -5.316
SPIN 3 8 6 4 5.548 -1.410 1.492
SPIN 3 8 6 5 1.987 -3.910 -3.970
SPIN 3 8 6 6 0.162 3.850 4.489
SPIN 3 8 6 7 -1.963 0.324 -5.572
SPIN 3 8 6 8 -5.591 1.531 1.180
SPIN 3 8 6 9 3.553 -4.282 -2.010
SPIN 3 8 6 10 5.556 1.772 0.996
SPIN 3 8 6 11 -4.896 -2.680 -1.962
SPIN 3 8 6 12 4.166 3.758 1.876
SPIN 3 8 6 13 -1.645 -5.660 0.506
SPIN 3 8 6 14 2.681 0.253 5.268
SPIN 3 8 6 15 -4.610 0.173 -3.704
SPIN 2 8 6 0 3.528 4.137 2.333
SPIN 2 8 6 1 3.027 -2.093 -4.632
SPIN 2 8 6 2 -0.593 -5.836 0.764
SPIN 2 8 6 3 4.944 3.215 0.471
SPIN 2 8 6 4 2.271 -1.519 5.248
SPIN 2 8 6 5 0.623 0.496 -5.862
SPIN 2 8 6 6 -1.331 -0.994 5.678
SPIN 2 8 6 7 -4.613 -1.841 -3.214
SPIN 2 8 6 8 1.339 -4.488 3.614
SPIN 2 8 6 9 2.571 1.669 5.060
SPIN 2 8 6 10 -5.245 -0.505 -2.690
SPIN 2 8 6 11 4.112 1.662 -3.915
SPIN 2 8 6 12 -3.668 1.301 -4.456
SPIN 2 8 6 13 3.214 2.119 4.492
SPIN 2 8 6 14 4.017 3.754 2.185
SPIN 2 8 6 15 -0.579 -5.444 2.242
SPIN 3 8 7 0 -1.951 -1.365 -5.416
SPIN 3 8 7 1 2.208 -0.221 5.484
SPIN 3 8 7 2 -1.986 1.374 5.401
SPIN 3 8 7 3 -1.302 -0.153 -5.769
SPIN 3 8 7 4 5.576 -1.796 0.830
SPIN 3 8 7 5 -3.392 2.453 4.180
SPIN 3 8 7 6 -5.488 1.057 1.939
SPIN 3 8 7 7 0.013 5.854 -0.858
SPIN 3 8 7 8 -2.950 -4.248 2.873
SPIN 3 8 7 9 0.792 -4.850 -3.293
SPIN 3 8 7 10 -0.946 5.662 -1.432
SPIN 3 8 7 11 2.160 -4.410 3.300
SPIN 3 8 7 12 0.230 -3.687 -4.621
SPIN 3 8 7 13 1.067 1.812 -5.530
SPIN 3 8 7 14 -4.894 1.333 3.045
SPIN 3 8 7 15 -1.552 -3.758 4.298
SPIN 2 8 7 0 -4.893 3.079 -1.254
SPIN 2 8 7 1 2.942 2.425 -4.524
SPIN 2 8 7 2 2.608 -1.018 -5.212
SPIN 2 8 7 3 -0.048 5.828 -1.018
SPIN 2 8 7 4 3.198 1.087 4.857
SPIN 2 8 7 5 3.973 -2.874 -3.311
SPIN 2 8 7 6 -5.274 -2.647 -0.419
SPIN 2 8 7 7 2.753 4.502 -2.674
SPIN 2 8 7 8 -5.504 1.914 1.022
SPIN 2 8 7 9 4.315 0.608 -4.001
SPIN 2 8 7 10 0.677 2.949 5.084
SPIN 2 8 7 11 2.142 1.733 5.235
SPIN 2 8 7 12 -3.417 -4.822 0.269
SPIN 2 8 7 13 1.078 -5.741 -0.935
SPIN 2 8 7 14 -3.401 3.905 2.861
SPIN 2 8 7 15 4.437 3.906 0.237
SPIN 3 8 8 0 2.454 -4.356 3.163
SPIN 3 8 8 1 -2.146 -4.333 -3.408
SPIN 3 8 8 2 4.554 -1.029 -3.633
SPIN 3 8 8 3 5.805 -0.836 -0.780
SPIN 3 8 8 4 0.617 4.132 4.188
SPIN 3 8 8 5 3.423 -3.760 -3.024
SPIN 3 8 8 6 2.875 1.590 -4.920
SPIN 3 8 8 7 0.328 -5.566 -1.978
SPIN 3 8 8 8 3.306 1.111 4.779
SPIN 3 8 8 9 -2.626 3.216 -4.214
SPIN 3 8 8 10 4.954 -1.825 -2.670
SPIN 3 8 8 11 -5.278 -1.857 -1.921
SPIN 3 8 8 12 4.458 1.554 -3.565
SPIN 3 8 8 13 3.457 4.393 1.938
SPIN 3 8 8 14 -1.225 -3.104 -4.885
SPIN 3 8 8 15 -5.197 0.328 -2.808
SPIN 2 8 8 0 5.197 2.824 0.119
SPIN 2 8 8 1 4.021 3.980 1.728
SPIN 2 8 8 2 -0.483 -0.830 5.838
SPIN 2 8 8 3 5.816 0.348 1.028
SPIN 2 8 8 4 -3.622 -0.921 4.586
SPIN 2 8 8 5 5.647 0.914 1.509
SPIN 2 8 8 6 -4.017 -1.751 -3.975
SPIN 2 8 8 7 -3.178 -4.587 -1.965
SPIN 2 8 8 8 -0.254 1.299 -5.766
SPIN 2 8 8 9 -1.528 5.053 -2.670
SPIN 2 8 8 10 -1.230 -4.927 -3.034
SPIN 2 8 8 11 0.270 0.904 -5.840
SPIN 2 8 8 12 1.016 -0.843 -5.767
SPIN 2 8 8 13 1.438 3.125 -4.813
SPIN 2 8 8 14 4.413 -0.289 -3.930
SPIN 2 8 8 15 -3.811 -3.052 3.341
SPIN 3 8 9 0 -3.854 3.711 -2.525
SPIN 3 8 9 1 0.909 -1.065 5.748
SPIN 3 8 9 2 4.855 0.299 3.368
SPIN 3 8 9 3 -3.030 3.400 -3.776
SPIN 3 8 9 4 4.482 -3.724 1.021
SPIN 3 8 9 5 -3.823 -3.068 -3.312
SPIN 3 8 9 6 -0.410 4.148 4.199
SPIN 3 8 9 7 -2.159 -4.391 -3.325
SPIN 3 8 9 8 -0.241 -4.833 3.403
SPIN 3 8 9 9 3.267 4.591 -1.801
SPIN 3 8 9 10 -5.848 0.607 -0.657
SPIN 3 8 9 11 -1.330 5.686 -0.951
SPIN 3 8 9 12 1.139 -3.013 4.962
SPIN 3 8 9 13 -1.897 0.004 5.604
SPIN 3 8 9 14 -4.579 3.188 1.967
SPIN 3 8 9 15 2.877 3.356 -3.932
SPIN 2 8 9 0 2.151 -5.502 -0.314
SPIN 2 8 9 1 -5.399 -1.911 -1.484
SPIN 2 8 9 2 -3.891 -4.091 1.766
SPIN 2 8 9 3 -3.731 2.861 3.590
SPIN 2 8 9 4 -0.867 -1.212 -5.725
SPIN 2 8 9 5 -3.041 -1.686 4.787
SPIN 2 8 9 6 4.969 -1.159 2.994
SPIN 2 8 9 7 -1.518 5.707 0.356
SPIN 2 8 9 8 0.680 -4.392 3.905
SPIN 2 8 9 9 0.820 5.550 -1.878
SPIN 2 8 9 10 5.824 -0.824 -0.634
SPIN 2 8 9 11 3.962 -4.217 1.235
SPIN 2 8 9 12 -2.005 5.561 0.237
SPIN 2 8 9 13 -0.620 5.447 -2.224
SPIN 2 8 9 14 5.121 -2.625 -1.373
SPIN 2 8 9 15 -3.720 1.860 -4.207
SPIN 3 8 10 0 5.504 1.931 0.986
SPIN 3 8 10 1 3.530 -4.210 -2.195
SPIN 3 8 10 2 3.653 -0.437 4.633
SPIN 3 8 10 3 -3.838 4.220 -1.571
SPIN 3 8 10 4 3.934 -0.348 -4.405
SPIN 3 8 10 5 5.718 -0.129 1.512
SPIN 3 8 10 6 -5.164 -0.973 -2.718
SPIN 3 8 10 7 5.841 -0.492 0.802
SPIN 3 8 10 8 -5.201 1.273 2.515
SPIN 3 8 10 9 -2.441 -5.144 -1.606
SPIN 3 8 10 10 1.013 4.156 4.087
SPIN 3 8 10 11 -1.811 -4.642 -3.189
SPIN 3 8 10 12 -4.869 -2.829 -1.814
SPIN 3 8 10 13 5.704 -1.547 0.262
SPIN 3 8 10 14 -1.285 5.769 0.259
SPIN 3 8 10 15 2.692 -5.261 -0.274
SPIN 2 8 10 0 -5.079 -2.884 -0.940
SPIN 2 8 10 1 -1.636 0.741 -5.637
SPIN 2 8 10 2 4.393 -1.705 -3.577
SPIN 2 8 10 3 5.548 -0.497 -1.994
SPIN 2 8 10 4 3.699 4.282 1.727
SPIN 2 8 10 5 4.737 0.645 -3.485
SPIN 2 8 10 6 -3.002 4.859 1.543
SPIN 2 8 10 7 2.620 4.735 -2.391
SPIN 2 8 10 8 1.893 0.825 -5.544
SPIN 2 8 10 9 2.261 3.733 3.994
SPIN 2 8 10 10 3.525 4.741 -0.314
SPIN 2 8 10 11 2.741 -1.807 -4.921
SPIN 2 8 10 12 0.071 5.392 -2.434
SPIN 2 8 10 13 -3.201 -3.855 3.146
SPIN 2 8 10 14 4.520 1.913 3.303
SPIN 2 8 10 15 4.679 -2.968 2.072
SPIN 3 8 11 0 -4.658 -0.464 -3.618
SPIN 3 8 11 1 -4.690 -1.169 -3.411
SPIN 3 8 11 2 2.064 5.306 1.608
SPIN 3 8 11 3 -0.500 -4.453 -3.863
SPIN 3 8 11 4 -5.649 0.571 1.662
SPIN 3 8 11 5 -4.581 -2.906 2.359
SPIN 3 8 11 6 2.287 3.747 3.966
SPIN 3 8 11 7 -2.986 3.618 3.605
SPIN 3 8 11 8 4.334 -3.897 1.014
SPIN 3 8 11 9 4.707 3.498 -0.781
SPIN 3 8 11 10 -1.638 -4.011 4.028
SPIN 3 8 11 11 -4.839 -1.859 2.851
SPIN 3 8 11 12 3.574 4.170 -2.199
SPIN 3 8 11 13 4.488 -3.693 -1.104
SPIN 3 8 11 14 -0.568 -5.560 1.941
SPIN 3 8 11 15 4.060 4.236 0.759
SPIN 2 8 11 0 -4.560 3.691 -0.764
SPIN 2 8 11 1 -0.610 3.667 4.602
SPIN 2 8 11 2 -1.754 5.557 -1.023
SPIN 2 8 11 3 -5.709 1.102 1.092
SPIN 2 8 11 4 0.088 -5.576 1.976
SPIN 2 8 11 5 5.591 0.471 1.877
SPIN 2 8 11 6 -5.646 1.673 0.568
SPIN 2 8 11 7 -3.988 3.950 -1.870
SPIN 2 8 11 8 -0.759 3.080 4.994
SPIN 2 8 11 9 -3.842 -3.232 -3.129
SPIN 2 8 11 10 3.611 -4.022 -2.405
SPIN 2 8 11 11 2.673 4.761 2.279
SPIN 2 8 11 12 4.815 1.916 -2.854
SPIN 2 8 11 13 0.916 4.561 -3.655
SPIN 2 8 11 14 -3.557 -1.689 4.415
SPIN 2 8 11 15 0.046 0.841 -5.856
SPIN 3 8 12 0 -1.861 1.145 -5.498
SPIN 3 8 12 1 1.645 -0.704 5.639
SPIN 3 8 12 2 -0.869 -5.246 -2.594
SPIN 3 8 12 3 4.888 -2.242 2.465
SPIN 3 8 12 4 -5.506 0.571 -2.089
SPIN 3 8 12 5 1.469 -0.874 -5.664
SPIN 3 8 12 6 -2.601 -4.991 -1.823
SPIN 3 8 12 7 5.896 0.060 0.482
SPIN 3 8 12 8 0.478 -3.761 4.542
SPIN 3 8 12 9 -1.241 -2.418 -5.255
SPIN 3 8 12 10 4.881 -3.138 1.152
SPIN 3 8 12 11 5.424 2.356 0.182
SPIN 3 8 12 12 -4.640 -1.291 3.436
SPIN 3 8 12 13 -1.024 -4.434 -3.780
SPIN 3 8 12 14 -4.323 4.030 0.263
SPIN 3 8 12 15 1.813 -5.583 -0.734
SPIN 2 8 12 0 2.900 -4.515 2.492
SPIN 2 8 12 1 5.796 -1.022 0.605
SPIN 2 8 12 2 0.944 3.981 -4.273
SPIN 2 8 12 3 -5.629 0.058 1.821
SPIN 2 8 12 4 -3.697 4.393 -1.426
SPIN 2 8 12 5 -1.121 -0.291 5.802
SPIN 2 8 12 6 5.689 -1.363 0.879
SPIN 2 8 12 7 1.782 -2.748 -4.927
SPIN 2 8 12 8 5.614 -1.859 -0.148
SPIN 2 8 12 9 4.125 2.014 -3.731
SPIN 2 8 12 10 0.217 -4.144 4.216
SPIN 2 8 12 11 2.471 -4.092 -3.486
SPIN 2 8 12 12 -3.206 0.936 4.883
SPIN 2 8 12 13 -1.870 5.316 1.800
SPIN 2 8 12 14 2.093 -1.492 5.328
SPIN 2 8 12 15 3.722 2.770 3.671
SPIN 3 8 13 0 -1.154 5.647 1.333
SPIN 3 8 13 1 2.307 0.584 5.416
SPIN 3 8 13 2 1.485 -2.267 5.259
SPIN 3 8 13 3 2.119 -4.249 3.529
SPIN 3 8 13 4 2.081 3.278 4.463
SPIN 3 8 13 5 -2.560 -4.605 2.690
SPIN 3 8 13 6 -3.976 -3.335 -2.842
SPIN 3 8 13 7 0.865 5.680 1.409
SPIN 3 8 13 8 -2.901 -4.966 -1.386
SPIN 3 8 13 9 1.875 5.274 -1.915
SPIN 3 8 13 10 -2.248 -2.676 -4.774
SPIN 3 8 13 11 -3.882 1.808 4.082
SPIN 3 8 13 12 -3.474 -0.222 4.784
SPIN 3 8 13 13 3.197 3.762 -3.261
SPIN 3 8 13 14 0.511 0.402 5.880
SPIN 3 8 13 15 1.403 -5.650 1.055
SPIN 2 8 13 0 1.878 5.610 0.079
SPIN 2 8 13 1 3.784 4.503 -0.637
SPIN 2 8 13 2 -2.296 -5.375 -0.915
SPIN 2 8 13 3 3.266 0.087 -4.932
SPIN 2 8 13 4 0.780 -3.876 4.401
SPIN 2 8 13 5 3.273 4.748 -1.318
SPIN 2 8 13 6 -0.188 -5.267 2.688
SPIN 2 8 13 7 -1.111 -2.698 -5.146
SPIN 2 8 13 8 0.187 0.573 5.885
SPIN 2 8 13 9 -5.049 3.083 -0.040
SPIN 2 8 13 10 5.893 -0.486 -0.199
SPIN 2 8 13 11 -5.881 0.515 0.381
SPIN 2 8 13 12 -3.303 -0.663 -4.863
SPIN 2 8 13 13 -0.718 1.438 5.693
SPIN 2 8 13 14 2.893 3.099 -4.126
SPIN 2 8 13 15 -5.554 -1.014 -1.767
SPIN 3 8 14 0 -5.736 0.963 -1.083
SPIN 3 8 14 1 -0.336 0.437 -5.890
SPIN 3 8 14 2 0.688 2.454 5.339
SPIN 3 8 14 3 -4.761 2.269 -2.680
SPIN 3 8 14 4 2.834 -3.245 -4.055
SPIN 3 8 14 5 -3.439 -3.446 -3.361
SPIN 3 8 14 6 3.595 4.598 -0.968
SPIN 3 8 14 7 -2.805 1.009 -5.110
SPIN 3 8 14 8 3.521 4.724 0.537
SPIN 3 8 14 9 -4.171 3.174 2.744
SPIN 3 8 14 10 -5.151 0.655 2.836
SPIN 3 8 14 11 2.189 4.625 -2.970
SPIN 3 8 14 12 -4.928 3.235 -0.497
SPIN 3 8 14 13 5.770 -1.295 -0.170
SPIN 3 8 14 14 0.568 -5.420 2.303
SPIN 3 8 14 15 3.484 1.980 4.352
SPIN 2 8 14 0 -2.080 -5.004 -2.373
SPIN 2 8 14 1 -2.469 -1.161 5.249
SPIN 2 8 14 2 -1.031 5.814 -0.359
SPIN 2 8 14 3 -2.709 -5.256 -0.190
SPIN 2 8 14 4 2.915 0.712 5.098
SPIN 2 8 14 5 1.179 -4.387 3.790
SPIN 2 8 14 6 -3.224 0.210 4.956
SPIN 2 8 14 7 2.410 5.281 -1.141
SPIN 2 8 14 8 -4.230 -4.136 0.037
SPIN 2 8 14 9 4.690 -3.548 0.645
SPIN 2 8 14 10 -2.717 5.244 0.335
SPIN 2 8 14 11 -1.365 -0.529 -5.732
SPIN 2 8 14 12 4.033 -1.327 -4.120
SPIN 2 8 14 13 -5.825 0.947 -0.419
SPIN 2 8 14 14 1.397 -4.719 3.283
SPIN 2 8 14 15 4.568 3.377 1.651
SPIN 3 8 15 0 -3.754 -1.897 4.160
SPIN 3 8 15 1 1.568 2.613 5.070
SPIN 3 8 15 2 -1.409 -5.426 1.889
SPIN 3 8 15 3 -4.365 3.970 0.434
SPIN 3 8 15 4 4.179 4.129 0.700
SPIN 3 8 15 5 2.430 -4.212 -3.370
SPIN 3 8 15 6 -2.480 4.984 -2.003
SPIN 3 8 15 7 5.672 -0.391 1.635
SPIN 3 8 15 8 -5.125 -2.735 1.119
SPIN 3 8 15 9 -0.386 -5.478 2.200
SPIN 3 8 15 10 5.112 -1.181 -2.733
SPIN 3 8 15 11 -4.125 -4.241 -0.011
SPIN 3 8 15 12 4.258 -0.807 4.027
SPIN 3 8 15 13 0.717 3.100 -4.987
SPIN 3 8 15 14 5.554 -2.011 -0.331
SPIN 3 8 15 15 -2.352 3.929 -3.746
SPIN 2 8 15 0 5.530 2.004 0.634
SPIN 2 8 15 1 0.792 -3.335 4.822
SPIN 2 8 15 2 4.207 -3.348 -2.469
SPIN 2 8 15 3 -1.198 3.574 -4.559
SPIN 2 8 15 4 -2.514 1.954 4.986
SPIN 2 8 15 5 0.912 -4.312 3.947
SPIN 2 8 15 6 -5.906 -0.225 -0.271
SPIN 2 8 15 7 -3.528 0.501 -4.722
SPIN 2 8 15 8 -0.398 5.223 2.749
SPIN 2 8 15 9 1.534 5.379 1.928
SPIN 2 8 15 10 5.513 0.301 2.124
SPIN 2 8 15 11 -1.312 5.274 -2.338
SPIN 2 8 15 12 0.600 -5.865 -0.487
SPIN 2 8 15 13 -2.024 -2.627 -4.899
SPIN 2 8 15 14 1.341 5.164 2.557
SPIN 2 8 15 15 -4.574 -3.305 -1.776
SPIN 1 9 0 0 2.658 -4.339 3.018
SPIN 1 9 0 1 -3.088 -4.039 -3.025
SPIN 1 9 0 2 3.137 -0.508 -4.990
SPIN 1 9 0 3 -0.687 4.466 3.818
SPIN 1 9 0 4 -5.229 2.704 0.592
SPIN 1 9 0 5 1.341 4.854 -3.106
SPIN 1 9 0 6 -4.073 -4.291 0.048
SPIN 1 9 0 7 1.052 2.383 5.312
SPIN 1 9 0 8 3.883 2.966 -3.336
SPIN 1 9 0 9 1.849 -1.064 -5.518
SPIN 1 9 0 10 -4.762 0.071 -3.510
SPIN 1 9 0 11 4.611 -3.437 1.387
SPIN 1 9 0 12 -4.036 -4.059 -1.494
SPIN 1 9 0 13 4.692 -1.375 -3.331
SPIN 1 9 0 14 -5.847 0.814 -0.389
SPIN 1 9 0 15 -0.583 3.008 5.061
SPIN 4 9 0 0 1.312 -2.793 5.048
SPIN 4 9 0 1 -5.568 0.657 -1.889
SPIN 4 9 0 2 2.647 -1.992 4.901
SPIN 4 9 0 3 -5.887 -0.175 -0.557
SPIN 4 9 0 4 -0.017 5.833 -0.990
SPIN 4 9 0 5 -5.648 -1.732 -0.317
SPIN 4 9 0 6 5.797 1.112 -0.401
SPIN 4 9 0 7 -2.775 -1.360 5.045
SPIN 4 9 0 8 -3.204 -2.798 -4.112
SPIN 4 9 0 9 0.030 -2.318 5.443
SPIN 4 9 0 10 -4.225 -2.133 -3.549
SPIN 4 9 0 11 4.876 -3.346 0.166
SPIN 4 9 0 12 2.681 0.603 -5.239
SPIN 4 9 0 13 -2.304 -4.495 -3.079
SPIN 4 9 0 14 -4.958 0.272 3.217
SPIN 4 9 0 15 4.729 -2.085 -2.879
SPIN 1 9 1 0 -3.445 -4.130 -2.466
SPIN 1 9 1 1 4.368 0.472 3.962
SPIN 1 9 1 2 -5.901 0.374 0.201
SPIN 1 9 1 3 5.461 -0.749 2.148
SPIN 1 9 1 4 5.800 1.119 0.323
SPIN 1 9 1 5 3.206 -4.253 -2.575
SPIN 1 9 1 6 0.650 5.861 -0.477
SPIN 1 9 1 7 -1.373 -5.741 -0.400
SPIN 1 9 1 8 1.885 -4.993 2.553
SPIN 1 9 1 9 2.416 -4.187 3.411
SPIN 1 9 1 10 4.124 -1.662 3.902
SPIN 1 9 1 11 4.100 2.584 -3.394
SPIN 1 9 1 12 -3.117 -3.582 -3.529
SPIN 1 9 1 13 1.789 5.166 2.260
SPIN 1 9 1 14 -3.646 -4.651 -0.287
SPIN 1 9 1 15 0.103 4.900 -3.314
SPIN 4 9 1 0 -1.055 5.803 0.457
SPIN 4 9 1 1 3.136 -4.348 2.502
SPIN 4 9 1 2 -0.939 3.338 4.793
SPIN 4 9 1 3 1.253 5.271 -2.376
SPIN 4 9 1 4 -3.221 -0.595 4.926
SPIN 4 9 1 5 4.060 4.281 -0.427
SPIN 4 9 1 6 -2.113 5.314 1.514
SPIN 4 9 1 7 2.866 -4.928 1.583
SPIN 4 9 1 8 -5.375 -0.351 2.447
SPIN 4 9 1 9 0.811 -2.845 -5.123
SPIN 4 9 1 10 -2.279 -3.015 4.552
SPIN 4 9 1 11 0.488 1.269 -5.758
SPIN 4 9 1 12 -3.404 -4.310 2.200
SPIN 4 9 1 13 -0.401 0.459 -5.885
SPIN 4 9 1 14 4.027 -4.333 -0.091
SPIN 4 9 1 15 2.472 -5.211 -1.319
SPIN 1 9 2 0 -0.746 3.679 -4.572
SPIN 1 9 2 1 -3.015 -4.946 1.205
SPIN 1 9 2 2 -2.419 0.924 -5.319
SPIN 1 9 2 3 -3.648 1.223 -4.494
SPIN 1 9 2 4 0.718 -4.587 -3.666
SPIN 1 9 2 5 3.037 -0.890 -4.998
SPIN 1 9 2 6 -4.239 1.168 -3.958
SPIN 1 9 2 7 -5.652 -1.359 -1.101
SPIN 1 9 2 8 0.616 -0.357 -5.873
SPIN 1 9 2 9 -1.603 3.530 4.468
SPIN 1 9 2 10 -2.657 -0.411 -5.270
SPIN 1 9 2 11 -1.039 -0.181 -5.821
SPIN 1 9 2 12 -5.480 -1.932 -1.113
SPIN 1 9 2 13 2.232 -5.425 0.770
SPIN 1 9 2 14 -3.397 2.632 -4.066
SPIN 1 9 2 15 2.513 -2.452 4.762
SPIN 4 9 2 0 -3.707 1.511 4.356
SPIN 4 9 2 1 -3.348 1.445 -4.659
SPIN 4 9 2 2 1.137 -5.756 -0.756
SPIN 4 9 2 3 0.075 5.417 -2.377
SPIN 4 9 2 4 3.364 4.853 -0.367
SPIN 4 9 2 5 -3.517 -1.025 4.645
SPIN 4 9 2 6 5.873 0.553 0.448
SPIN 4 9 2 7 -3.783 3.585 2.798
SPIN 4 9 2 8 4.528 3.599 1.244
SPIN 4 9 2 9 5.669 -0.974 1.384
SPIN 4 9 2 10 -1.683 5.648 -0.521
SPIN 4 9 2 11 -4.446 1.479 3.611
SPIN 4 9 2 12 3.351 -4.785 -0.937
SPIN 4 9 2 13 -1.378 -4.233 3.897
SPIN 4 9 2 14 -5.876 0.623 0.286
SPIN 4 9 2 15 1.552 5.237 -2.272
SPIN 1 9 3 0 -4.366 -3.977 0.355
SPIN 1 9 3 1 -0.240 -0.883 5.845
SPIN 1 9 3 2 3.155 -3.497 3.579
SPIN 1 9 3 3 -4.615 -1.497 3.386
SPIN 1 9 3 4 -0.271 -5.655 -1.717
SPIN 1 9 3 5 -2.811 5.199 0.272
SPIN 1 9 3 6 3.618 -4.431 1.508
SPIN 1 9 3 7 4.946 -0.126 3.243
SPIN 1 9 3 8 -4.992 -2.286 -2.204
SPIN 1 9 3 9 -5.676 0.076 1.665
SPIN 1 9 3 10 5.528 0.964 1.874
SPIN 1 9 3 11 -3.371 -2.352 4.255
SPIN 1 9 3 12 5.896 -0.358 0.337
SPIN 1 9 3 13 -1.590 2.438 5.150
SPIN 1 9 3 14 5.713 -1.521 -0.217
SPIN 1 9 3 15 3.001 3.438 -3.764
SPIN 4 9 3 0 -0.092 3.364 -4.866
SPIN 4 9 3 1 -2.025 -3.274 4.492
SPIN 4 9 3 2 -2.285 4.841 2.519
SPIN 4 9 3 3 2.132 2.954 -4.661
SPIN 4 9 3 4 -3.328 -4.522 1.864
SPIN 4 9 3 5 0.071 0.773 -5.865
SPIN 4 9 3 6 -1.278 -2.162 5.357
SPIN 4 9 3 7 1.874 -1.251 5.470
SPIN 4 9 3 8 -4.842 1.898 -2.820
SPIN 4 9 3 9 -5.117 0.324 -2.952
SPIN 4 9 3 10 0.924 -5.734 1.125
SPIN 4 9 3 11 -1.598 4.133 -3.920
SPIN 4 9 3 12 -3.220 -0.550 4.932
SPIN 4 9 3 13 -3.083 -0.235 -5.044
SPIN 4 9 3 14 5.890 -0.554 0.068
SPIN 4 9 3 15 -2.705 4.881 -1.964
SPIN 1 9 4 0 4.684 3.584 -0.467
SPIN 1 9 4 1 -1.237 4.853 3.150
SPIN 1 9 4 2 -2.652 1.397 -5.100
SPIN 1 9 4 3 4.588 0.305 3.722
SPIN 1 9 4 4 -5.812 -1.103 -0.101
SPIN 1 9 4 5 0.989 -2.478 5.280
SPIN 1 9 4 6 1.187 5.795 0.118
SPIN 1 9 4 7 -4.076 3.728 2.120
SPIN 1 9 4 8 -1.543 4.982 -2.793
SPIN 1 9 4 9 1.425 -4.874 -3.036
SPIN 1 9 4 10 -0.493 -5.585 -1.887
SPIN 1 9 4 11 0.362 2.851 5.171
SPIN 1 9 4 12 -5.385 -2.406 0.460
SPIN 1 9 4 13 3.529 -1.264 -4.577
SPIN 1 9 4 14 -1.958 5.265 -1.857
SPIN 1 9 4 15 0.026 -3.544 -4.737
SPIN 4 9 4 0 -0.866 -3.422 4.747
SPIN 4 9 4 1 -2.175 5.487 0.400
SPIN 4 9 4 2 0.601 -4.317 -4.001
SPIN 4 9 4 3 -2.037 -3.275 4.486
SPIN 4 9 4 4 -1.328 1.666 -5.519
SPIN 4 9 4 5 0.036 -1.855 5.618
SPIN 4 9 4 6 -2.590 3.161 -4.278
SPIN 4 9 4 7 0.846 -4.487 3.762
SPIN 4 9 4 8 0.326 -3.553 -4.719
SPIN 4 9 4 9 4.809 -0.755 -3.362
SPIN 4 9 4 10 -3.765 -2.193 -4.002
SPIN 4 9 4 11 5.709 -1.551 -0.011
SPIN 4 9 4 12 1.795 -1.757 5.356
SPIN 4 9 4 13 2.991 -4.706 -1.976
SPIN 4 9 4 14 -2.750 2.980 4.308
SPIN 4 9 4 15 -3.724 4.251 -1.750
SPIN 1 9 5 0 -4.588 3.721 0.329
SPIN 1 9 5 1 5.047 -2.441 1.889
SPIN 1 9 5 2 -1.069 5.809 -0.344
SPIN 1 9 5 3 -1.148 4.658 -3.462
SPIN 1 9 5 4 1.007 -5.830 -0.040
SPIN 1 9 5 5 3.878 3.594 2.654
SPIN 1 9 5 6 3.397 -1.825 -4.486
SPIN 1 9 5 7 -0.152 -2.426 5.394
SPIN 1 9 5 8 -2.671 1.548 -5.047
SPIN 1 9 5 9 -5.222 1.679 2.215
SPIN 1 9 5 10 0.896 -3.592 -4.614
SPIN 1 9 5 11 0.355 -1.019 -5.817
SPIN 1 9 5 12 5.218 0.368 2.763
SPIN 1 9 5 13 0.237 -5.790 1.192
SPIN 1 9 5 14 -4.696 -2.811 -2.246
SPIN 1 9 5 15 -1.369 -5.594 1.355
SPIN 4 9 5 0 2.989 5.045 -0.783
SPIN 4 9 5 1 -5.731 -0.276 1.442
SPIN 4 9 5 2 3.380 -0.700 4.805
SPIN 4 9 5 3 -2.660 3.395 -4.050
SPIN 4 9 5 4 -3.534 -0.508 4.717
SPIN 4 9 5 5 -2.612 -4.485 -2.839
SPIN 4 9 5 6 1.900 3.267 -4.551
SPIN 4 9 5 7 -3.882 0.109 4.463
SPIN 4 9 5 8 2.669 -5.018 -1.642
SPIN 4 9 5 9 -4.767 1.830 2.988
SPIN 4 9 5 10 3.338 -4.313 2.293
SPIN 4 9 5 11 -2.111 5.409 1.136
SPIN 4 9 5 12 -4.449 -3.844 -0.659
SPIN 4 9 5 13 3.872 4.177 1.598
SPIN 4 9 5 14 2.233 5.436 0.679
SPIN 4 9 5 15 -1.487 -2.812 4.988
SPIN 1 9 6 0 0.742 -5.762 1.118
SPIN 1 9 6 1 -0.902 5.333 -2.398
SPIN 1 9 6 2 2.279 -3.303 -4.347
SPIN 1 9 6 3 -0.763 -5.204 2.708
SPIN 1 9 6 4 -0.808 -4.973 3.102
SPIN 1 9 6 5 0.914 5.237 -2.595
SPIN 1 9 6 6 -0.732 5.661 -1.555
SPIN 1 9 6 7 2.813 4.149 -3.141
SPIN 1 9 6 8 4.127 3.738 2.000
SPIN 1 9 6 9 0.188 -5.881 -0.611
SPIN 1 9 6 10 2.802 -5.176 0.596
SPIN 1 9 6 11 3.828 -3.233 3.146
SPIN 1 9 6 12 5.857 -0.679 0.487
SPIN 1 9 6 13 -3.450 -2.302 -4.219
SPIN 1 9 6 14 -0.996 2.276 -5.369
SPIN 1 9 6 15 0.628 4.786 -3.421
SPIN 4 9 6 0 -5.666 -0.928 -1.427
SPIN 4 9 6 1 -2.342 -4.070 3.598
SPIN 4 9 6 2 -4.963 0.132 3.217
SPIN 4 9 6 3 -2.789 5.003 -1.479
SPIN 4 9 6 4 -4.566 3.591 -1.123
SPIN 4 9 6 5 4.556 3.139 2.095
SPIN 4 9 6 6 0.616 -5.860 -0.535
SPIN 4 9 6 7 3.493 -2.551 4.037
SPIN 4 9 6 8 5.601 1.071 1.574
SPIN 4 9 6 9 4.571 3.744 -0.299
SPIN 4 9 6 10 3.203 -0.471 -4.952
SPIN 4 9 6 11 -3.704 -3.525 -2.976
SPIN 4 9 6 12 3.702 0.350 4.601
SPIN 4 9 6 13 4.854 -3.085 -1.388
SPIN 4 9 6 14 -0.139 5.508 -2.155
SPIN 4 9 6 15 2.870 2.302 4.633
SPIN 1 9 7 0 3.205 -1.241 -4.815
SPIN 1 9 7 1 -2.618 0.845 5.237
SPIN 1 9 7 2 0.185 4.736 -3.541
SPIN 1 9 7 3 -3.553 0.553 -4.698
SPIN 1 9 7 4 4.029 4.265 0.761
SPIN 1 9 7 5 2.553 -4.632 -2.651
SPIN 1 9 7 6 2.714 -0.529 -5.230
SPIN 1 9 7 7 3.097 1.640 4.766
SPIN 1 9 7 8 -1.787 3.047 -4.746
SPIN 1 9 7 9 -4.269 4.020 0.784
SPIN 1 9 7 10 -5.216 2.704 0.690
SPIN 1 9 7 11 -5.300 0.387 2.600
SPIN 1 9 7 12 0.536 5.547 -1.985
SPIN 1 9 7 13 -1.351 -2.647 -5.115
SPIN 1 9 7 14 -1.461 -5.382 -1.976
SPIN 1 9 7 15 -2.457 -1.153 -5.257
SPIN 4 9 7 0 5.182 -0.288 2.839
SPIN 4 9 7 1 -4.026 0.757 -4.268
SPIN 4 9 7 2 -1.435 -5.579 -1.347
SPIN 4 9 7 3 -3.077 -2.522 4.379
SPIN 4 9 7 4 1.144 5.801 -0.198
SPIN 4 9 7 5 -5.265 1.136 2.446
SPIN 4 9 7 6 2.761 -3.130 4.193
SPIN 4 9 7 7 -2.571 4.921 -2.042
SPIN 4 9 7 8 -1.905 -2.849 4.822
SPIN 4 9 7 9 -4.193 3.961 -1.315
SPIN 4 9 7 10 -3.531 -1.391 4.538
SPIN 4 9 7 11 -2.712 4.322 -2.994
SPIN 4 9 7 12 -2.285 0.723 5.409
SPIN 4 9 7 13 -0.048 -0.837 -5.856
SPIN 4 9 7 14 0.216 0.738 5.866
SPIN 4 9 7 15 2.970 -3.567 -3.668
SPIN 1 9 8 0 -3.596 -3.822 -2.732
SPIN 1 9 8 1 -3.713 -2.459 3.895
SPIN 1 9 8 2 5.266 -2.657 0.463
SPIN 1 9 8 3 0.545 5.056 3.023
SPIN 1 9 8 4 -3.702 4.024 2.259
SPIN 1 9 8 5 -3.471 2.324 -4.189
SPIN 1 9 8 6 4.840 -0.876 3.287
SPIN 1 9 8 7 -4.608 -3.460 -1.342
SPIN 1 9 8 8 -0.404 -2.375 5.404
SPIN 1 9 8 9 -3.951 1.247 -4.223
SPIN 1 9 8 10 2.986 0.447 5.088
SPIN 1 9 8 11 -0.510 1.928 -5.570
SPIN 1 9 8 12 -4.277 -1.495 3.804
SPIN 1 9 8 13 2.905 -1.801 -4.829
SPIN 1 9 8 14 -5.274 -2.631 -0.513
SPIN 1 9 8 15 -2.618 -5.045 1.642
SPIN 4 9 8 0 5.648 1.085 1.387
SPIN 4 9 8 1 5.697 1.404 -0.755
SPIN 4 9 8 2 -4.900 0.169 -3.311
SPIN 4 9 8 3 4.017 1.287 4.148
SPIN 4 9 8 4 -1.737 -5.204 -2.214
SPIN 4 9 8 5 -3.571 -0.361 -4.703
SPIN 4 9 8 6 3.572 -3.505 -3.156
SPIN 4 9 8 7 -1.089 4.881 3.161
SPIN 4 9 8 8 -3.694 -3.904 2.473
SPIN 4 9 8 9 2.848 -4.760 2.056
SPIN 4 9 8 10 -3.688 4.624 -0.133
SPIN 4 9 8 11 4.428 -3.668 1.391
SPIN 4 9 8 12 -0.273 5.357 -2.495
SPIN 4 9 8 13 -1.880 0.709 -5.564
SPIN 4 9 8 14 -3.227 4.855 1.007
SPIN 4 9 8 15 -5.785 -1.205 0.295
SPIN 1 9 9 0 2.707 -3.289 4.106
SPIN 1 9 9 1 -5.798 -0.242 -1.152
SPIN 1 9 9 2 -2.413 4.440 -3.076
SPIN 1 9 9 3 -1.228 -5.327 -2.260
SPIN 1 9 9 4 -5.738 0.210 1.423
SPIN 1 9 9 5 -0.512 -3.643 -4.634
SPIN 1 9 9 6 0.541 2.990 -5.076
SPIN 1 9 9 7 2.422 3.809 3.825
SPIN 1 9 9 8 -0.752 2.163 -5.455
SPIN 1 9 9 9 3.872 -1.698 4.138
SPIN 1 9 9 10 -3.310 1.106 -4.777
SPIN 1 9 9 11 -1.462 -4.674 -3.319
SPIN 1 9 9 12 -3.658 -4.612 0.595
SPIN 1 9 9 13 2.451 -0.524 5.359
SPIN 1 9 9 14 3.153 4.177 2.759
SPIN 1 9 9 15 -3.716 1.238 -4.433
SPIN 4 9 9 0 -0.183 5.912 -0.099
SPIN 4 9 9 1 0.967 -1.610 5.610
SPIN 4 9 9 2 3.940 -3.861 2.137
SPIN 4 9 9 3 -1.976 3.226 4.549
SPIN 4 9 9 4 -1.996 1.388 -5.393
SPIN 4 9 9 5 5.895 -0.310 -0.386
SPIN 4 9 9 6 -5.169 -0.644 -2.804
SPIN 4 9 9 7 -0.616 -5.277 -2.602
SPIN 4 9 9 8 -2.262 -2.094 -5.050
SPIN 4 9 9 9 -4.923 1.749 2.775
SPIN 4 9 9 10 -2.929 -5.122 0.431
SPIN 4 9 9 11 -1.184 4.935 3.040
SPIN 4 9 9 12 3.056 -4.998 0.826
SPIN 4 9 9 13 -3.626 4.494 -1.287
SPIN 4 9 9 14 -1.991 1.320 5.412
SPIN 4 9 9 15 -4.686 0.141 -3.608
SPIN 1 9 10 0 -5.738 1.336 0.537
SPIN 1 9 10 1 0.656 -0.440 5.863
SPIN 1 9 10 2 3.369 1.461 -4.639
SPIN 1 9 10 3 -2.056 4.237 3.581
SPIN 1 9 10 4 -4.346 -3.984 -0.493
SPIN 1 9 10 5 -5.282 1.661 2.084
SPIN 1 9 10 6 3.446 -0.906 4.723
SPIN 1 9 10 7 5.588 -1.922 -0.283
SPIN 1 9 10 8 -2.493 4.777 2.442
SPIN 1 9 10 9 -0.661 -1.803 -5.596
SPIN 1 9 10 10 5.004 3.155 -0.005
SPIN 1 9 10 11 -5.412 2.357 -0.399
SPIN 1 9 10 12 -0.642 2.743 5.202
SPIN 1 9 10 13 -2.349 -4.933 2.268
SPIN 1 9 10 14 -4.347 3.998 0.334
SPIN 1 9 10 15 2.166 4.953 2.405
SPIN 4 9 10 0 -0.569 2.892 5.129
SPIN 4 9 10 1 -4.473 -3.659 -1.265
SPIN 4 9 10 2 0.762 -5.678 1.477
SPIN 4 9 10 3 -0.458 -5.886 -0.388
SPIN 4 9 10 4 4.809 3.172 -1.348
SPIN 4 9 10 5 5.871 0.336 -0.650
SPIN 4 9 10 6 1.594 -4.286 -3.754
SPIN 4 9 10 7 1.531 -0.817 -5.656
SPIN 4 9 10 8 3.215 3.136 3.851
SPIN 4 9 10 9 -4.201 -1.251 -3.973
SPIN 4 9 10 10 -4.856 -2.987 -1.579
SPIN 4 9 10 11 3.019 -3.326 -3.850
SPIN 4 9 10 12 3.514 4.361 1.906
SPIN 4 9 10 13 -1.930 -2.014 5.217
SPIN 4 9 10 14 1.967 4.773 -2.890
SPIN 4 9 10 15 5.550 -0.819 -1.877
SPIN 1 9 11 0 -2.107 4.892 -2.575
SPIN 1 9 11 1 3.290 -1.248 -4.756
SPIN 1 9 11 2 -0.676 5.109 2.905
SPIN 1 9 11 3 2.467 -5.323 0.759
SPIN 1 9 11 4 -3.830 3.954 -2.168
SPIN 1 9 11 5 1.085 -5.435 2.070
SPIN 1 9 11 6 -1.111 2.387 -5.298
SPIN 1 9 11 7 -3.084 -3.689 3.448
SPIN 1 9 11 8 -0.220 -2.427 5.391
SPIN 1 9 11 9 -3.845 -4.295 -1.332
SPIN 1 9 11 10 0.009 -1.026 5.826
SPIN 1 9 11 11 3.559 -2.612 -3.939
SPIN 1 9 11 12 -5.264 0.385 -2.672
SPIN 1 9 11 13 -0.298 -4.715 -3.561
SPIN 1 9 11 14 -2.615 5.305 0.136
SPIN 1 9 11 15 4.509 -1.595 3.483
SPIN 4 9 11 0 5.131 -2.682 -1.218
SPIN 4 9 11 1 5.621 1.818 -0.306
SPIN 4 9 11 2 2.204 -4.700 -2.838
SPIN 4 9 11 3 -5.610 1.454 1.189
SPIN 4 9 11 4 -3.834 4.420 0.873
SPIN 4 9 11 5 -4.043 1.877 3.890
SPIN 4 9 11 6 2.234 5.361 1.128
SPIN 4 9 11 7 5.304 2.622 -0.003
SPIN 4 9 11 8 3.866 -0.004 -4.478
SPIN 4 9 11 9 -0.394 -1.663 5.664
SPIN 4 9 11 10 4.748 0.122 3.527
SPIN 4 9 11 11 -4.120 -2.610 3.349
SPIN 4 9 11 12 -1.536 -3.079 4.813
SPIN 4 9 11 13 3.293 2.906 -3.964
SPIN 4 9 11 14 -2.305 -4.783 2.609
SPIN 4 9 11 15 -4.851 -2.985 1.598
SPIN 1 9 12 0 2.975 4.882 -1.523
SPIN 1 9 12 1 -0.723 0.166 5.869
SPIN 1 9 12 2 -1.632 1.322 5.531
SPIN 1 9 12 3 1.490 4.590 -3.422
SPIN 1 9 12 4 2.024 3.277 -4.490
SPIN 1 9 12 5 -2.308 2.725 4.717
SPIN 1 9 12 6 2.321 -5.437 -0.229
SPIN 1 9 12 7 -1.338 -4.140 -4.009
SPIN 1 9 12 8 -4.019 0.149 -4.339
SPIN 1 9 12 9 5.741 -0.088 -1.426
SPIN 1 9 12 10 -5.534 0.503 2.030
SPIN 1 9 12 11 1.471 5.465 -1.722
SPIN 1 9 12 12 2.422 -4.817 2.434
SPIN 1 9 12 13 3.728 -0.457 -4.571
SPIN 1 9 12 14 4.893 3.214 -0.853
SPIN 1 9 12 15 3.158 -4.913 0.946
SPIN 4 9 12 0 -4.905 2.008 -2.628
SPIN 4 9 12 1 -0.610 -5.020 3.070
SPIN 4 9 12 2 -0.245 1.496 5.719
SPIN 4 9 12 3 4.825 -1.562 -3.046
SPIN 4 9 12 4 0.835 -4.218 4.063
SPIN 4 9 12 5 3.196 -4.979 -0.021
SPIN 4 9 12 6 -4.871 3.355 0.136
SPIN 4 9 12 7 4.925 -2.403 2.230
SPIN 4 9 12 8 -5.524 0.477 2.064
SPIN 4 9 12 9 -3.647 3.865 -2.600
SPIN 4 9 12 10 -1.625 -5.409 -1.763
SPIN 4 9 12 11 1.600 5.686 -0.328
SPIN 4 9 12 12 2.070 -5.403 -1.237
SPIN 4 9 12 13 -0.299 -2.672 5.270
SPIN 4 9 12 14 1.651 -0.879 -5.613
SPIN 4 9 12 15 3.427 -2.038 -4.371
SPIN 1 9 13 0 -1.501 -3.056 -4.838
SPIN 1 9 13 1 2.652 5.266 0.488
SPIN 1 9 13 2 1.055 4.218 -4.012
SPIN 1 9 13 3 -1.442 -5.585 -1.316
SPIN 1 9 13 4 4.255 4.096 0.347
SPIN 1 9 13 5 3.934 -0.697 4.364
SPIN 1 9 13 6 -3.513 2.902 3.773
SPIN 1 9 13 7 -0.560 4.875 -3.305
SPIN 1 9 13 8 0.622 5.843 -0.683
SPIN 1 9 13 9 -3.265 4.102 2.742
SPIN 1 9 13 10 -4.932 -3.090 1.060
SPIN 1 9 13 11 -2.766 4.904 1.817
SPIN 1 9 13 12 -0.505 -0.027 -5.894
SPIN 1 9 13 13 -4.680 2.228 -2.852
SPIN 1 9 13 14 -2.772 -5.147 0.906
SPIN 1 9 13 15 3.221 4.760 -1.403
SPIN 4 9 13 0 3.429 -4.556 1.577
SPIN 4 9 13 1 0.144 3.882 4.462
SPIN 4 9 13 2 1.592 -0.583 -5.668
SPIN 4 9 13 3 -0.164 2.726 -5.248
SPIN 4 9 13 4 0.831 -1.840 -5.561
SPIN 4 9 13 5 -3.670 1.602 -4.355
SPIN 4 9 13 6 -0.495 -5.033 3.070
SPIN 4 9 13 7 -1.569 -4.865 2.979
SPIN 4 9 13 8 4.264 1.132 -3.942
SPIN 4 9 13 9 3.075 -3.061 -4.022
SPIN 4 9 13 10 -2.326 4.421 3.169
SPIN 4 9 13 11 0.489 -2.737 -5.222
SPIN 4 9 13 12 5.042 1.527 2.692
SPIN 4 9 13 13 -5.122 2.711 1.190
SPIN 4 9 13 14 4.949 3.213 -0.433
SPIN 4 9 13 15 -5.672 1.149 -1.229
SPIN 1 9 14 0 4.859 -1.760 2.880
SPIN 1 9 14 1 2.826 4.200 -3.061
SPIN 1 9 14 2 -5.347 -0.101 2.530
SPIN 1 9 14 3 -1.833 3.376 -4.499
SPIN 1 9 14 4 3.044 1.174 4.935
SPIN 1 9 14 5 -3.763 -1.216 -4.400
SPIN 1 9 14 6 5.263 2.470 -1.093
SPIN 1 9 14 7 -1.524 -0.315 5.708
SPIN 1 9 14 8 -1.020 -5.303 -2.416
SPIN 1 9 14 9 2.241 -4.205 3.506
SPIN 1 9 14 10 5.335 -0.458 -2.515
SPIN 1 9 14 11 0.134 -5.914 0.058
SPIN 1 9 14 12 -5.153 -2.291 -1.788
SPIN 1 9 14 13 -5.726 0.709 1.309
SPIN 1 9 14 14 4.320 3.428 -2.143
SPIN 1 9 14 15 -4.231 -3.029 -2.815
SPIN 4 9 14 0 -3.545 3.637 -3.033
SPIN 4 9 14 1 2.215 4.161 3.575
SPIN 4 9 14 2 -5.322 2.359 1.053
SPIN 4 9 14 3 4.509 -2.910 -2.491
SPIN 4 9 14 4 -4.806 1.627 3.042
SPIN 4 9 14 5 5.594 -1.890 0.372
SPIN 4 9 14 6 -0.563 -5.804 0.996
SPIN 4 9 14 7 -2.832 0.661 -5.152
SPIN 4 9 14 8 -2.517 -0.355 -5.342
SPIN 4 9 14 9 4.560 0.448 -3.742
SPIN 4 9 14 10 -4.719 1.449 -3.261
SPIN 4 9 14 11 -1.147 2.843 5.060
SPIN 4 9 14 12 1.065 3.688 -4.502
SPIN 4 9 14 13 -2.776 -4.085 3.257
SPIN 4 9 14 14 -5.004 -2.091 -2.365
SPIN 4 9 14 15 -5.238 -2.055 1.828
SPIN 1 9 15 0 0.964 4.797 -3.326
SPIN 1 9 15 1 -0.288 -5.133 2.927
SPIN 1 9 15 2 -3.190 -4.016 -2.949
SPIN 1 9 15 3 1.917 4.460 3.382
SPIN 1 9 15 4 3.887 -2.517 -3.682
SPIN 1 9 15 5 -3.894 -3.589 -2.638
SPIN 1 9 15 6 -1.341 5.649 -1.136
SPIN 1 9 15 7 3.890 1.779 4.087
SPIN 1 9 15 8 -4.727 1.283 -3.318
SPIN 1 9 15 9 1.661 3.849 4.174
SPIN 1 9 15 10 -0.099 -1.696 -5.667
SPIN 1 9 15 11 5.798 0.108 -1.171
SPIN 1 9 15 12 -3.413 4.112 -2.538
SPIN 1 9 15 13 3.476 -2.277 -4.211
SPIN 1 9 15 14 -1.715 -2.906 4.859
SPIN 1 9 15 15 -0.367 -5.126 -2.931
SPIN 4 9 15 0 -2.202 4.427 3.248
SPIN 4 9 15 1 -4.002 -4.348 0.284
SPIN 4 9 15 2 -2.783 -5.148 -0.866
SPIN 4 9 15 3 -3.810 -4.513 0.341
SPIN 4 9 15 4 2.849 -5.091 0.981
SPIN 4 9 15 5 5.553 1.981 0.492
SPIN 4 9 15 6 -1.603 -5.685 0.341
SPIN 4 9 15 7 5.122 -0.906 -2.819
SPIN 4 9 15 8 1.306 3.349 -4.699
SPIN 4 9 15 9 1.542 -0.301 5.704
SPIN 4 9 15 10 -5.521 2.084 -0.419
SPIN 4 9 15 11 5.032 2.088 2.307
SPIN 4 9 15 12 -3.076 3.984 -3.109
SPIN 4 9 15 13 0.444 5.776 -1.199
SPIN 4 9 15 14 5.552 1.563 -1.317
SPIN 4 9 15 15 -0.971 3.920 -4.324
SPIN 3 9 0 0 -5.548 1.424 1.479
SPIN 3 9 0 1 0.733 0.923 5.797
SPIN 3 9 0 2 3.018 -2.284 -4.547
SPIN 3 9 0 3 -1.058 -2.380 5.312
SPIN 3 9 0 4 -0.599 -5.380 2.387
SPIN 3 9 0 5 -0.851 1.309 5.706
SPIN 3 9 0 6 -2.963 2.482 -4.479
SPIN 3 9 0 7 2.759 -4.731 2.237
SPIN 3 9 0 8 1.864 -4.736 3.016
SPIN 3 9 0 9 -3.758 3.486 -2.955
SPIN 3 9 0 10 1.509 -1.697 -5.463
SPIN 3 9 0 11 -0.204 -4.242 -4.118
SPIN 3 9 0 12 -5.434 2.178 -0.852
SPIN 3 9 0 13 0.343 2.712 -5.246
SPIN 3 9 0 14 1.060 2.427 5.290
SPIN 3 9 0 15 -0.918 2.636 -5.216
SPIN 2 9 0 0 -4.817 -0.721 3.358
SPIN 2 9 0 1 -0.851 -1.828 5.562
SPIN 2 9 0 2 5.677 0.526 1.580
SPIN 2 9 0 3 0.068 -2.993 -5.103
SPIN 2 9 0 4 -4.835 -3.407 -0.110
SPIN 2 9 0 5 4.549 -3.512 1.402
SPIN 2 9 0 6 -2.098 -2.496 4.936
SPIN 2 9 0 7 -2.661 3.451 -4.001
SPIN 2 9 0 8 4.272 3.540 -2.053
SPIN 2 9 0 9 -5.216 -0.447 -2.756
SPIN 2 9 0 10 0.629 1.286 -5.740
SPIN 2 9 0 11 3.483 3.033 -3.697
SPIN 2 9 0 12 2.917 2.620 -4.430
SPIN 2 9 0 13 -2.466 -0.646 5.339
SPIN 2 9 0 14 3.585 -3.485 -3.163
SPIN 2 9 0 15 5.055 3.035 -0.485
SPIN 3 9 1 0 5.440 -0.459 2.280
SPIN 3 9 1 1 3.536 -2.772 -3.849
SPIN 3 9 1 2 -3.205 -0.728 -4.919
SPIN 3 9 1 3 -3.901 -2.553 -3.641
SPIN 3 9 1 4 1.392 -0.409 -5.735
SPIN 3 9 1 5 0.320 1.065 -5.811
SPIN 3 9 1 6 -4.413 -3.930 -0.281
SPIN 3 9 1 7 -0.804 3.572 -4.647
SPIN 3 9 1 8 5.897 -0.211 0.421
SPIN 3 9 1 9 1.242 -0.966 5.703
SPIN 3 9 1 10 2.513 2.061 4.944
SPIN 3 9 1 11 -2.277 3.176 4.442
SPIN 3 9 1 12 1.215 -3.832 -4.340
SPIN 3 9 1 13 5.473 0.792 2.102
SPIN 3 9 1 14 2.710 0.524 -5.233
SPIN 3 9 1 15 -4.409 1.680 -3.569
SPIN 2 9 1 0 5.415 0.829 2.233
SPIN 2 9 1 1 -2.529 4.187 -3.328
SPIN 2 9 1 2 -2.786 4.677 2.316
SPIN 2 9 1 3 -2.443 -2.675 4.677
SPIN 2 9 1 4 1.049 2.565 -5.227
SPIN 2 9 1 5 -0.789 5.715 1.309
SPIN 2 9 1 6 3.081 -4.906 -1.199
SPIN 2 9 1 7 1.829 4.541 -3.322
SPIN 2 9 1 8 1.725 4.630 3.253
SPIN 2 9 1 9 -1.343 -2.538 -5.173
SPIN 2 9 1 10 -0.974 -5.665 -1.400
SPIN 2 9 1 11 -3.321 -1.627 4.618
SPIN 2 9 1 12 0.779 3.736 -4.520
SPIN 2 9 1 13 4.876 -3.234 0.875
SPIN 2 9 1 14 -5.147 2.870 -0.526
SPIN 2 9 1 15 0.256 -3.348 -4.871
SPIN 3 9 2 0 0.739 2.491 5.315
SPIN 3 9 2 1 -2.158 5.375 -1.206
SPIN 3 9 2 2 4.717 -2.968 -1.985
SPIN 3 9 2 3 3.652 -4.163 -2.080
SPIN 3 9 2 4 -5.495 -2.108 0.600
SPIN 3 9 2 5 4.077 -1.171 4.124
SPIN 3 9 2 6 2.620 -0.636 5.266
SPIN 3 9 2 7 -5.689 -1.329 -0.935
SPIN 3 9 2 8 -4.618 3.216 -1.827
SPIN 3 9 2 9 3.724 -4.261 -1.725
SPIN 3 9 2 10 1.708 4.719 3.132
SPIN 3 9 2 11 -0.658 1.941 5.550
SPIN 3 9 2 12 -1.996 5.077 2.289
SPIN 3 9 2 13 -2.058 -5.023 -2.353
SPIN 3 9 2 14 4.129 4.237 0.053
SPIN 3 9 2 15 5.534 0.440 2.046
SPIN 2 9 2 0 0.092 -5.661 1.717
SPIN 2 9 2 1 -0.537 5.636 1.717
SPIN 2 9 2 2 -1.940 -4.129 -3.767
SPIN 2 9 2 3 -0.435 0.496 5.879
SPIN 2 9 2 4 0.250 5.314 -2.588
SPIN 2 9 2 5 2.459 2.660 4.678
SPIN 2 9 2 6 -4.846 2.911 -1.745
SPIN 2 9 2 7 -0.320 -5.891 0.444
SPIN 2 9 2 8 -4.404 -3.861 -0.836
SPIN 2 9 2 9 4.429 0.429 -3.898
SPIN 2 9 2 10 -4.118 3.445 2.484
SPIN 2 9 2 11 2.847 2.194 -4.699
SPIN 2 9 2 12 5.414 -2.255 0.776
SPIN 2 9 2 13 -0.202 4.562 -3.762
SPIN 2 9 2 14 3.302 -4.903 0.244
SPIN 2 9 2 15 -5.883 -0.038 0.627
SPIN 3 9 3 0 4.649 -1.716 -3.232
SPIN 3 9 3 1 -2.857 1.401 4.988
SPIN 3 9 3 2 -0.216 4.482 -3.855
SPIN 3 9 3 3 -2.632 -0.061 5.298
SPIN 3 9 3 4 -5.537 0.458 2.032
SPIN 3 9 3 5 3.738 -4.478 0.985
SPIN 3 9 3 6 -1.181 4.522 -3.627
SPIN 3 9 3 7 5.099 -2.977 0.369
SPIN 3 9 3 8 0.505 -5.231 2.716
SPIN 3 9 3 9 -2.098 2.530 -4.919
SPIN 3 9 3 10 -2.325 -5.098 -1.898
SPIN 3 9 3 11 -5.281 -0.958 -2.489
SPIN 3 9 3 12 -1.976 -5.459 1.139
SPIN 3 9 3 13 3.817 -2.567 3.721
SPIN 3 9 3 14 1.464 2.497 -5.159
SPIN 3 9 3 15 -4.805 -2.261 2.609
SPIN 2 9 3 0 0.240 4.623 3.683
SPIN 2 9 3 1 2.016 -2.067 5.164
SPIN 2 9 3 2 2.615 4.966 -1.870
SPIN 2 9 3 3 -1.158 -5.783 0.468
SPIN 2 9 3 4 4.813 0.518 -3.401
SPIN 2 9 3 5 5.650 0.102 1.751
SPIN 2 9 3 6 4.535 -0.328 -3.785
SPIN 2 9 3 7 -3.201 -1.056 -4.862
SPIN 2 9 3 8 -1.539 0.962 -5.631
SPIN 2 9 3 9 -2.678 4.411 2.893
SPIN 2 9 3 10 3.502 -4.561 -1.390
SPIN 2 9 3 11 5.540 -1.141 -1.734
SPIN 2 9 3 12 -0.293 5.703 1.548
SPIN 2 9 3 13 0.542 -4.965 -3.171
SPIN 2 9 3 14 -1.622 5.109 2.503
SPIN 2 9 3 15 4.748 -2.197 -2.762
SPIN 3 9 4 0 -5.499 -1.074 -1.899
SPIN 3 9 4 1 3.549 -4.613 1.061
SPIN 3 9 4 2 -4.439 3.385 -1.958
SPIN 3 9 4 3 1.745 0.636 -5.617
SPIN 3 9 4 4 -3.173 -0.392 4.978
SPIN 3 9 4 5 2.475 4.289 -3.237
SPIN 3 9 4 6 -3.425 -0.176 4.820
SPIN 3 9 4 7 -2.628 -4.061 -3.406
SPIN 3 9 4 8 -0.872 3.441 4.733
SPIN 3 9 4 9 1.785 3.889 4.085
SPIN 3 9 4 10 -0.186 5.911 -0.151
SPIN 3 9 4 11 3.555 -4.707 0.459
SPIN 3 9 4 12 -4.212 2.571 3.264
SPIN 3 9 4 13 -4.322 -3.926 -0.953
SPIN 3 9 4 14 -2.455 3.251 4.290
SPIN 3 9 4 15 2.820 -0.803 -5.139
SPIN 2 9 4 0 3.364 -3.821 -3.014
SPIN 2 9 4 1 -4.377 -3.609 -1.678
SPIN 2 9 4 2 5.704 -1.550 0.251
SPIN 2 9 4 3 -0.998 4.906 3.151
SPIN 2 9 4 4 -5.575 -1.966 0.222
SPIN 2 9 4 5 -2.080 -4.831 -2.708
SPIN 2 9 4 6 -3.898 1.771 4.083
SPIN 2 9 4 7 2.446 1.005 5.292
SPIN 2 9 4 8 -4.866 -2.109 -2.622
SPIN 2 9 4 9 2.619 -3.713 3.789
SPIN 2 9 4 10 3.592 4.292 1.918
SPIN 2 9 4 11 -2.764 2.923 4.338
SPIN 2 9 4 12 4.412 3.352 -2.072
SPIN 2 9 4 13 4.784 3.379 0.836
SPIN 2 9 4 14 -3.666 2.764 -3.731
SPIN 2 9 4 15 0.330 -5.352 2.500
SPIN 3 9 5 0 -2.156 0.534 5.483
SPIN 3 9 5 1 -1.449 -4.142 -3.968
SPIN 3 9 5 2 5.129 2.413 -1.693
SPIN 3 9 5 3 -2.763 -3.034 4.262
SPIN 3 9 5 4 1.934 -0.502 -5.568
SPIN 3 9 5 5 -3.314 -4.130 -2.638
SPIN 3 9 5 6 -0.108 1.012 5.828
SPIN 3 9 5 7 0.506 -3.085 -5.023
SPIN 3 9 5 8 5.609 0.407 1.838
SPIN 3 9 5 9 -3.249 0.379 4.930
SPIN 3 9 5 10 -1.337 -5.728 0.630
SPIN 3 9 5 11 -1.030 -0.404 5.812
SPIN 3 9 5 12 5.166 2.063 2.013
SPIN 3 9 5 13 -1.275 -0.759 -5.727
SPIN 3 9 5 14 2.020 2.738 -4.840
SPIN 3 9 5 15 -4.502 3.640 -1.219
SPIN 2 9 5 0 -2.404 -4.143 3.473
SPIN 2 9 5 1 4.395 -3.951 -0.273
SPIN 2 9 5 2 -4.413 3.740 1.243
SPIN 2 9 5 3 -5.289 -1.561 -2.142
SPIN 2 9 5 4 5.733 -1.269 -0.726
SPIN 2 9 5 5 5.834 0.892 -0.405
SPIN 2 9 5 6 2.518 3.970 3.591
SPIN 2 9 5 7 -1.647 -5.452 1.601
SPIN 2 9 5 8 4.378 3.711 1.437
SPIN 2 9 5 9 -4.233 -3.804 -1.616
SPIN 2 9 5 10 -0.720 -1.867 5.567
SPIN 2 9 5 11 5.138 0.605 -2.870
SPIN 2 9 5 12 2.323 -2.961 -4.565
SPIN 2 9 5 13 -4.564 -2.780 2.538
SPIN 2 9 5 14 3.068 -3.254 3.873
SPIN 2 9 5 15 2.777 -3.547 -3.835
SPIN 3 9 6 0 3.236 -4.953 -0.036
SPIN 3 9 6 1 0.927 2.703 5.180
SPIN 3 9 6 2 3.201 -4.491 2.141
SPIN 3 9 6 3 -1.484 -1.155 5.609
SPIN 3 9 6 4 0.233 5.911 0.021
SPIN 3 9 6 5 -1.666 -3.776 4.239
SPIN 3 9 6 6 -3.977 -4.318 0.735
SPIN 3 9 6 7 3.688 3.914 2.466
SPIN 3 9 6 8 -4.667 -2.406 -2.725
SPIN 3 9 6 9 3.208 -0.150 -4.968
SPIN 3 9 6 10 -0.130 4.367 -3.989
SPIN 3 9 6 11 5.704 1.430 0.649
SPIN 3 9 6 12 -5.061 3.059 -0.156
SPIN 3 9 6 13 2.970 -0.413 5.100
SPIN 3 9 6 14 -3.618 -0.368 4.666
SPIN 3 9 6 15 0.013 2.640 5.294
SPIN 2 9 6 0 4.460 3.467 1.757
SPIN 2 9 6 1 -5.222 -0.290 2.766
SPIN 2 9 6 2 5.660 -1.591 -0.660
SPIN 2 9 6 3 -3.775 -4.185 -1.798
SPIN 2 9 6 4 -2.043 -5.546 0.260
SPIN 2 9 6 5 -2.567 -4.686 2.540
SPIN 2 9 6 6 -5.708 1.524 0.308
SPIN 2 9 6 7 3.700 4.555 0.746
SPIN 2 9 6 8 -3.408 -0.236 4.830
SPIN 2 9 6 9 -0.117 -5.702 1.573
SPIN 2 9 6 10 3.326 -4.702 -1.353
SPIN 2 9 6 11 -1.101 0.617 -5.780
SPIN 2 9 6 12 5.903 -0.386 0.036
SPIN 2 9 6 13 -5.043 -2.545 1.760
SPIN 2 9 6 14 0.840 5.658 1.509
SPIN 2 9 6 15 3.115 1.740 -4.719
SPIN 3 9 7 0 -3.784 -4.389 -1.191
SPIN 3 9 7 1 2.727 0.029 -5.250
SPIN 3 9 7 2 -4.857 1.993 2.727
SPIN 3 9 7 3 3.851 2.512 3.723
SPIN 3 9 7 4 -4.058 0.308 -4.293
SPIN 3 9 7 5 1.350 5.468 1.809
SPIN 3 9 7 6 5.522 0.931 -1.907
SPIN 3 9 7 7 -1.766 -0.450 5.628
SPIN 3 9 7 8 2.176 -2.369 4.965
SPIN 3 9 7 9 -4.138 -0.458 -4.203
SPIN 3 9 7 10 5.670 1.675 0.222
SPIN 3 9 7 11 -3.804 2.959 3.432
SPIN 3 9 7 12 3.028 -4.413 2.522
SPIN 3 9 7 13 -2.469 2.899 4.528
SPIN 3 9 7 14 4.306 3.039 2.686
SPIN 3 9 7 15 -3.218 -2.939 -4.001
SPIN 2 9 7 0 0.922 1.216 5.716
SPIN 2 9 7 1 3.298 4.887 -0.489
SPIN 2 9 7 2 -0.298 -3.593 4.690
SPIN 2 9 7 3 -1.114 1.710 -5.553
SPIN 2 9 7 4 -1.006 -5.172 2.690
SPIN 2 9 7 5 -2.408 4.228 3.366
SPIN 2 9 7 6 0.958 0.961 -5.758
SPIN 2 9 7 7 -1.562 -5.225 -2.294
SPIN 2 9 7 8 5.158 1.262 -2.609
SPIN 2 9 7 9 2.809 4.494 2.630
SPIN 2 9 7 10 1.372 -5.732 0.509
SPIN 2 9 7 11 5.846 -0.372 0.827
SPIN 2 9 7 12 3.082 3.902 3.206
SPIN 2 9 7 13 -5.627 0.835 -1.625
SPIN 2 9 7 14 0.653 -4.480 -3.808
SPIN 2 9 7 15 -4.555 3.606 -1.118
SPIN 3 9 8 0 -0.871 3.406 -4.758
SPIN 3 9 8 1 -1.786 5.596 0.702
SPIN 3 9 8 2 -2.871 1.022 -5.071
SPIN 3 9 8 3 -4.227 2.974 -2.878
SPIN 3 9 8 4 3.790 -2.252 3.945
SPIN 3 9 8 5 0.212 -2.131 5.515
SPIN 3 9 8 6 -2.191 -2.418 4.935
SPIN 3 9 8 7 -2.854 -1.081 5.068
SPIN 3 9 8 8 -3.505 1.274 -4.592
SPIN 3 9 8 9 3.379 -4.762 -0.954
SPIN 3 9 8 10 -3.044 3.343 -3.816
SPIN 3 9 8 11 -1.764 4.141 3.839
SPIN 3 9 8 12 -2.194 -2.706 4.782
SPIN 3 9 8 13 2.310 -0.146 -5.444
SPIN 3 9 8 14 -2.155 -1.952 5.152
SPIN 3 9 8 15 -0.585 1.462 5.703
SPIN 2 9 8 0 0.141 4.917 -3.287
SPIN 2 9 8 1 -4.860 -1.033 3.211
SPIN 2 9 8 2 4.511 -0.042 -3.827
SPIN 2 9 8 3 -3.644 -4.376 1.603
SPIN 2 9 8 4 -0.928 5.151 -2.757
SPIN 2 9 8 5 1.204 4.847 3.172
SPIN 2 9 8 6 -0.483 -4.319 -4.014
SPIN 2 9 8 7 0.094 5.235 -2.754
SPIN 2 9 8 8 4.157 -3.757 1.899
SPIN 2 9 8 9 -1.116 3.501 -4.637
SPIN 2 9 8 10 0.353 3.613 -4.672
SPIN 2 9 8 11 0.994 -2.519 5.260
SPIN 2 9 8 12 2.123 -1.905 -5.183
SPIN 2 9 8 13 4.622 -2.252 2.927
SPIN 2 9 8 14 -1.804 -2.840 4.866
SPIN 2 9 8 15 2.081 -3.004 -4.652
SPIN 3 9 9 0 -4.826 1.354 3.143
SPIN 3 9 9 1 -2.790 0.164 -5.215
SPIN 3 9 9 2 4.861 -2.149 2.599
SPIN 3 9 9 3 -4.438 -3.518 -1.712
SPIN 3 9 9 4 -3.468 4.791 0.148
SPIN 3 9 9 5 -5.195 1.900 -2.098
SPIN 3 9 9 6 -1.272 -4.660 3.415
SPIN 3 9 9 7 4.292 -0.739 4.004
SPIN 3 9 9 8 -4.291 2.497 3.218
SPIN 3 9 9 9 -0.796 4.834 -3.317
SPIN 3 9 9 10 -0.206 -5.886 0.558
SPIN 3 9 9 11 -5.142 0.834 -2.804
SPIN 3 9 9 12 2.277 -2.997 -4.565
SPIN 3 9 9 13 5.658 -0.771 1.549
SPIN 3 9 9 14 -0.431 1.052 -5.806
SPIN 3 9 9 15 -2.100 0.463 5.511
SPIN 2 9 9 0 -3.634 -4.396 1.571
SPIN 2 9 9 1 5.276 -0.328 -2.657
SPIN 2 9 9 2 2.408 0.249 -5.398
SPIN 2 9 9 3 0.959 4.850 -3.250
SPIN 2 9 9 4 1.240 -4.691 3.384
SPIN 2 9 9 5 4.154 -3.936 1.502
SPIN 2 9 9 6 -5.866 -0.658 0.394
SPIN 2 9 9 7 -1.285 2.251 5.318
SPIN 2 9 9 8 -1.696 5.508 -1.337
SPIN 2 9 9 9 1.034 -5.766 0.824
SPIN 2 9 9 10 3.886 -2.974 -3.325
SPIN 2 9 9 11 1.098 -5.290 -2.410
SPIN 2 9 9 12 5.173 -0.818 2.752
SPIN 2 9 9 13 2.327 5.372 -0.851
SPIN 2 9 9 14 4.075 2.545 -3.452
SPIN 2 9 9 15 3.360 -0.220 -4.865
SPIN 3 9 10 0 -3.697 0.786 -4.551
SPIN 3 9 10 1 4.120 2.957 -3.047
SPIN 3 9 10 2 -3.888 -4.458 -0.121
SPIN 3 9 10 3 -5.797 -0.516 1.063
SPIN 3 9 10 4 1.510 -4.838 3.052
SPIN 3 9 10 5 2.219 -2.739 -4.751
SPIN 3 9 10 6 2.561 -2.859 -4.502
SPIN 3 9 10 7 5.770 1.294 0.193
SPIN 3 9 10 8 -0.079 -4.761 -3.511
SPIN 3 9 10 9 -2.512 0.747 5.304
SPIN 3 9 10 10 1.084 -2.300 -5.342
SPIN 3 9 10 11 2.102 4.264 3.521
SPIN 3 9 10 12 -4.150 -4.211 -0.218
SPIN 3 9 10 13 -3.657 -0.514 -4.622
SPIN 3 9 10 14 1.787 -4.087 3.887
SPIN 3 9 10 15 5.578 1.691 1.013
SPIN 2 9 10 0 -2.917 -4.736 2.015
SPIN 2 9 10 1 -2.802 1.445 5.006
SPIN 2 9 10 2 0.911 -3.547 -4.647
SPIN 2 9 10 3 -3.264 -1.367 -4.741
SPIN 2 9 10 4 -0.850 4.922 -3.170
SPIN 2 9 10 5 -3.845 -0.797 -4.425
SPIN 2 9 10 6 4.532 3.477 -1.540
SPIN 2 9 10 7 -5.899 0.449 0.036
SPIN 2 9 10 8 2.601 -1.479 -5.103
SPIN 2 9 10 9 -5.114 -1.752 2.404
SPIN 2 9 10 10 -3.050 4.250 2.763
SPIN 2 9 10 11 4.924 3.274 -0.198
SPIN 2 9 10 12 2.231 -1.861 -5.154
SPIN 2 9 10 13 5.069 -0.402 3.023
SPIN 2 9 10 14 -2.179 -5.500 -0.058
SPIN 2 9 10 15 -1.965 -3.115 4.630
SPIN 3 9 11 0 4.312 2.984 2.739
SPIN 3 9 11 1 3.542 -3.829 -2.791
SPIN 3 9 11 2 -2.948 4.827 1.736
SPIN 3 9 11 3 5.749 0.299 -1.363
SPIN 3 9 11 4 -2.958 -4.831 1.707
SPIN 3 9 11 5 2.072 4.442 3.312
SPIN 3 9 11 6 -4.853 -2.574 2.197
SPIN 3 9 11 7 -4.819 3.071 -1.534
SPIN 3 9 11 8 2.840 3.248 4.048
SPIN 3 9 11 9 -4.035 3.324 -2.768
SPIN 3 9 11 10 -5.696 -1.432 0.711
SPIN 3 9 11 11 -5.146 -0.128 2.916
SPIN 3 9 11 12 5.530 -0.783 -1.951
SPIN 3 9 11 13 -4.880 -1.037 3.179
SPIN 3 9 11 14 -2.038 -4.118 3.727
SPIN 3 9 11 15 -0.641 -3.159 4.961
SPIN 2 9 11 0 2.195 -5.337 1.303
SPIN 2 9 11 1 -0.964 5.723 -1.150
SPIN 2 9 11 2 -3.136 -0.118 -5.015
SPIN 2 9 11 3 5.058 2.656 1.538
SPIN 2 9 11 4 3.885 -2.580 3.640
SPIN 2 9 11 5 5.209 0.762 2.698
SPIN 2 9 11 6 -3.964 3.410 2.767
SPIN 2 9 11 7 5.132 0.349 2.923
SPIN 2 9 11 8 -5.150 -2.644 -1.218
SPIN 2 9 11 9 5.900 0.299 -0.326
SPIN 2 9 11 10 -2.433 -3.621 -3.996
SPIN 2 9 11 11 -5.423 2.248 0.732
SPIN 2 9 11 12 1.492 -2.618 5.091
SPIN 2 9 11 13 -2.007 3.379 4.422
SPIN 2 9 11 14 1.532 1.537 5.504
SPIN 2 9 11 15 4.084 3.229 2.809
SPIN 3 9 12 0 -4.398 3.882 -0.766
SPIN 3 9 12 1 1.781 -1.715 -5.375
SPIN 3 9 12 2 2.240 -4.062 3.671
SPIN 3 9 12 3 -4.002 -3.644 -2.389
SPIN 3 9 12 4 -3.571 -0.153 -4.714
SPIN 3 9 12 5 -1.707 -0.684 -5.623
SPIN 3 9 12 6 2.302 -4.079 -3.615
SPIN 3 9 12 7 1.982 4.269 3.584
SPIN 3 9 12 8 -4.026 -2.678 -3.409
SPIN 3 9 12 9 -0.407 1.459 5.719
SPIN 3 9 12 10 0.787 -0.100 -5.863
SPIN 3 9 12 11 0.151 -4.181 -4.183
SPIN 3 9 12 12 -1.142 4.289 -3.912
SPIN 3 9 12 13 -2.008 -3.429 4.383
SPIN 3 9 12 14 -5.876 0.537 -0.426
SPIN 3 9 12 15 4.199 1.644 -3.829
SPIN 2 9 12 0 -4.019 3.192 -2.943
SPIN 2 9 12 1 3.211 -0.846 4.896
SPIN 2 9 12 2 -1.569 -0.033 -5.704
SPIN 2 9 12 3 -2.011 3.402 -4.402
SPIN 2 9 12 4 0.756 1.541 5.662
SPIN 2 9 12 5 3.498 0.452 -4.750
SPIN 2 9 12 6 -0.375 -2.410 5.390
SPIN 2 9 12 7 -4.665 2.633 -2.511
SPIN 2 9 12 8 -1.866 4.332 -3.572
SPIN 2 9 12 9 -3.322 -4.008 2.810
SPIN 2 9 12 10 3.859 1.010 4.369
SPIN 2 9 12 11 -4.483 -3.511 -1.605
SPIN 2 9 12 12 2.715 4.785 -2.177
SPIN 2 9 12 13 -0.269 -5.908 0.159
SPIN 2 9 12 14 -4.122 0.693 4.187
SPIN 2 9 12 15 -0.769 -3.764 4.499
SPIN 3 9 13 0 2.116 4.087 3.717
SPIN 3 9 13 1 -1.889 3.011 -4.729
SPIN 3 9 13 2 -3.967 1.668 4.060
SPIN 3 9 13 3 -0.408 5.623 -1.795
SPIN 3 9 13 4 -1.776 3.766 4.203
SPIN 3 9 13 5 -0.249 5.412 -2.376
SPIN 3 9 13 6 5.332 0.067 -2.563
SPIN 3 9 13 7 -4.612 -1.360 3.446
SPIN 3 9 13 8 4.408 3.096 2.447
SPIN 3 9 13 9 -4.662 -3.070 -1.962
SPIN 3 9 13 10 0.448 -2.954 -5.106
SPIN 3 9 13 11 0.244 -4.986 -3.175
SPIN 3 9 13 12 -3.581 1.987 -4.270
SPIN 3 9 13 13 -1.297 4.902 3.047
SPIN 3 9 13 14 -2.736 2.512 -4.605
SPIN 3 9 13 15 4.309 -2.381 3.281
SPIN 2 9 13 0 4.934 3.263 -0.078
SPIN 2 9 13 1 3.920 1.252 -4.251
SPIN 2 9 13 2 0.778 2.663 5.225
SPIN 2 9 13 3 -3.775 4.551 0.188
SPIN 2 9 13 4 0.115 -4.331 -4.029
SPIN 2 9 13 5 -2.581 5.323 -0.084
SPIN 2 9 13 6 -5.574 -0.038 -1.983
SPIN 2 9 13 7 4.000 -4.281 -0.823
SPIN 2 9 13 8 -1.404 -1.979 -5.396
SPIN 2 9 13 9 0.812 2.691 5.206
SPIN 2 9 13 10 -0.736 -5.492 -2.073
SPIN 2 9 13 11 3.054 4.945 1.104
SPIN 2 9 13 12 -4.983 0.462 -3.155
SPIN 2 9 13 13 2.941 -2.501 4.483
SPIN 2 9 13 14 3.741 -0.701 -4.529
SPIN 2 9 13 15 0.856 0.475 5.834
SPIN 3 9 14 0 -1.417 -5.523 1.577
SPIN 3 9 14 1 -0.638 -3.558 -4.683
SPIN 3 9 14 2 -5.563 -1.706 1.071
SPIN 3 9 14 3 -2.083 0.232 5.532
SPIN 3 9 14 4 2.852 1.096 -5.066
SPIN 3 9 14 5 -5.699 -1.570 -0.227
SPIN 3 9 14 6 4.446 -0.280 -3.893
SPIN 3 9 14 7 1.367 2.630 -5.120
SPIN 3 9 14 8 -1.382 4.824 -3.133
SPIN 3 9 14 9 -1.800 -5.369 1.712
SPIN 3 9 14 10 4.972 -2.062 -2.455
SPIN 3 9 14 11 -3.434 -3.704 -3.081
SPIN 3 9 14 12 4.901 -0.969 3.169
SPIN 3 9 14 13 4.416 3.652 1.470
SPIN 3 9 14 14 -1.129 3.315 4.768
SPIN 3 9 14 15 2.985 -0.206 -5.104
SPIN 2 9 14 0 5.884 -0.610 0.094
SPIN 2 9 14 1 -2.844 -4.608 2.384
SPIN 2 9 14 2 -0.383 1.088 5.803
SPIN 2 9 14 3 1.418 -3.910 -4.207
SPIN 2 9 14 4 0.763 2.155 5.457
SPIN 2 9 14 5 5.671 1.440 -0.878
SPIN 2 9 14 6 -5.885 0.174 0.579
SPIN 2 9 14 7 -3.412 -2.700 4.008
SPIN 2 9 14 8 -0.476 4.321 4.012
SPIN 2 9 14 9 -0.828 5.629 1.620
SPIN 2 9 14 10 -3.209 1.493 4.741
SPIN 2 9 14 11 -3.893 4.219 -1.430
SPIN 2 9 14 12 3.409 -0.829 -4.763
SPIN 2 9 14 13 -4.289 -3.834 1.382
SPIN 2 9 14 14 0.527 4.761 3.472
SPIN 2 9 14 15 -3.899 -0.834 -4.370
SPIN 3 9 15 0 5.500 -1.951 0.972
SPIN 3 9 15 1 -0.904 -4.416 -3.832
SPIN 3 9 15 2 5.337 2.462 0.678
SPIN 3 9 15 3 -1.815 -4.907 -2.762
SPIN 3 9 15 4 3.199 2.050 -4.535
SPIN 3 9 15 5 5.040 -1.014 2.927
SPIN 3 9 15 6 0.649 -3.116 -4.987
SPIN 3 9 15 7 1.621 5.689 0.050
SPIN 3 9 15 8 2.488 -1.183 5.236
SPIN 3 9 15 9 -0.076 0.698 -5.874
SPIN 3 9 15 10 -0.179 -3.690 4.620
SPIN 3 9 15 11 1.799 -0.453 5.618
SPIN 3 9 15 12 3.965 -0.766 4.323
SPIN 3 9 15 13 2.423 -3.219 -4.332
SPIN 3 9 15 14 -0.661 4.651 3.596
SPIN 3 9 15 15 -0.549 -4.053 4.274
SPIN 2 9 15 0 1.856 -4.738 3.018
SPIN 2 9 15 1 5.512 1.625 1.408
SPIN 2 9 15 2 -4.114 1.523 3.969
SPIN 2 9 15 3 -1.723 3.501 4.447
SPIN 2 9 15 4 -2.810 4.969 1.552
SPIN 2 9 15 5 0.123 2.614 5.306
SPIN 2 9 15 6 -3.221 4.953 -0.308
SPIN 2 9 15 7 -2.237 -5.346 -1.188
SPIN 2 9 15 8 -3.995 1.239 4.184
SPIN 2 9 15 9 -2.679 -5.049 -1.527
SPIN 2 9 15 10 -2.929 3.851 -3.405
SPIN 2 9 15 11 -5.213 1.349 2.450
SPIN 2 9 15 12 -0.100 0.949 5.839
SPIN 2 9 15 13 1.990 4.309 -3.532
SPIN 2 9 15 14 2.635 -0.572 -5.266
SPIN 2 9 15 15 -2.429 -2.695 -4.673
SPIN 1 10 0 0 -2.834 4.571 2.466
SPIN 1 10 0 1 1.268 3.852 -4.308
SPIN 1 10 0 2 0.675 0.009 5.877
SPIN 1 10 0 3 -0.914 -3.304 -4.821
SPIN 1 10 0 4 4.240 1.426 -3.872
SPIN 1 10 0 5 2.818 2.678 -4.459
SPIN 1 10 0 6 -5.134 2.204 1.947
SPIN 1 10 0 7 -4.644 -2.688 2.491
SPIN 1 10 0 8 -1.830 5.397 1.589
SPIN 1 10 0 9 -4.505 0.522 3.799
SPIN 1 10 0 10 4.348 -2.196 -3.357
SPIN 1 10 0 11 -3.846 1.645 4.184
SPIN 1 10 0 12 5.200 0.812 -2.701
SPIN 1 10 0 13 -5.828 -0.804 0.628
SPIN 1 10 0 14 -1.101 2.701 -5.147
SPIN 1 10 0 15 2.592 -5.316 -0.119
SPIN 4 10 0 0 -1.033 -5.343 2.320
SPIN 4 10 0 1 3.356 0.645 4.830
SPIN 4 10 0 2 2.740 4.270 -3.044
SPIN 4 10 0 3 -5.224 2.427 -1.348
SPIN 4 10 0 4 1.794 -1.666 5.386
SPIN 4 10 0 5 -3.371 3.288 -3.581
SPIN 4 10 0 6 1.782 4.897 -2.801
SPIN 4 10 0 7 2.500 5.343 -0.451
SPIN 4 10 0 8 0.175 -2.518 5.351
SPIN 4 10 0 9 4.018 -1.943 -3.884
SPIN 4 10 0 10 1.480 3.368 4.633
SPIN 4 10 0 11 3.144 -4.780 -1.504
SPIN 4 10 0 12 3.629 4.594 0.850
SPIN 4 10 0 13 2.370 4.913 2.290
SPIN 4 10 0 14 4.974 2.159 2.366
SPIN 4 10 0 15 1.899 -3.955 -3.968
SPIN 1 10 1 0 4.530 -0.583 3.760
SPIN 1 10 1 1 0.386 5.013 3.118
SPIN 1 10 1 2 4.988 3.179 0.147
SPIN 1 10 1 3 0.871 3.513 4.680
SPIN 1 10 1 4 4.573 2.943 2.330
SPIN 1 10 1 5 -3.232 -1.067 -4.839
SPIN 1 10 1 6 3.467 2.206 4.256
SPIN 1 10 1 7 2.938 -4.795 1.837
SPIN 1 10 1 8 -3.908 -3.826 2.256
SPIN 1 10 1 9 -4.579 3.348 1.682
SPIN 1 10 1 10 -3.620 3.109 -3.497
SPIN 1 10 1 11 -4.980 -2.507 -1.978
SPIN 1 10 1 12 -0.742 -3.086 4.993
SPIN 1 10 1 13 -5.747 0.030 -1.404
SPIN 1 10 1 14 2.210 -5.466 -0.482
SPIN 1 10 1 15 -4.350 3.207 2.407
SPIN 4 10 1 0 0.777 -5.799 0.879
SPIN 4 10 1 1 -5.614 0.379 -1.828
SPIN 4 10 1 2 1.750 0.636 -5.615
SPIN 4 10 1 3 -4.048 -4.298 0.378
SPIN 4 10 1 4 2.054 5.356 1.448
SPIN 4 10 1 5 -3.582 4.372 1.749
SPIN 4 10 1 6 -1.955 -5.556 0.554
SPIN 4 10 1 7 -3.002 4.193 2.900
SPIN 4 10 1 8 3.851 -1.798 -4.115
SPIN 4 10 1 9 4.796 2.661 2.217
SPIN 4 10 1 10 -1.320 1.135 -5.654
SPIN 4 10 1 11 0.481 5.280 2.625
SPIN 4 10 1 12 4.258 -1.612 -3.778
SPIN 4 10 1 13 -5.441 -0.830 2.170
SPIN 4 10 1 14 1.225 4.605 -3.506
SPIN 4 10 1 15 -1.039 3.655 4.535
SPIN 1 10 2 0 -4.897 3.043 -1.327
SPIN 1 10 2 1 -5.618 -1.787 -0.498
SPIN 1 10 2 2 -3.270 3.470 3.502
SPIN 1 10 2 3 2.595 1.829 -4.992
SPIN 1 10 2 4 -4.577 2.123 3.089
SPIN 1 10 2 5 1.730 1.799 5.364
SPIN 1 10 2 6 4.931 1.892 2.665
SPIN 1 10 2 7 3.707 4.421 -1.309
SPIN 1 10 2 8 3.976 -3.891 -2.014
SPIN 1 10 2 9 0.738 5.861 0.319
SPIN 1 10 2 10 -1.104 -0.005 -5.812
SPIN 1 10 2 11 -4.516 1.465 3.530
SPIN 1 10 2 12 -5.098 2.313 -1.913
SPIN 1 10 2 13 5.077 -2.367 -1.903
SPIN 1 10 2 14 -0.598 -2.560 5.300
SPIN 1 10 2 15 5.659 0.803 -1.526
SPIN 4 10 2 0 3.470 -4.783 0.284
SPIN 4 10 2 1 4.250 -3.973 1.071
SPIN 4 10 2 2 -0.738 0.513 5.847
SPIN 4 10 2 3 2.572 -5.328 0.033
SPIN 4 10 2 4 1.934 -5.179 -2.107
SPIN 4 10 2 5 -5.506 2.017 -0.786
SPIN 4 10 2 6 -4.258 3.883 1.339
SPIN 4 10 2 7 4.113 -0.474 -4.226
SPIN 4 10 2 8 -4.505 3.094 2.267
SPIN 4 10 2 9 -4.937 -3.109 -0.982
SPIN 4 10 2 10 5.652 1.734 0.228
SPIN 4 10 2 11 0.041 -5.129 -2.948
SPIN 4 10 2 12 0.098 4.516 3.820
SPIN 4 10 2 13 -5.712 1.117 1.060
SPIN 4 10 2 14 -0.196 -3.402 -4.836
SPIN 4 10 2 15 -4.543 -3.279 1.898
SPIN 1 10 3 0 2.660 3.739 -3.735
SPIN 1 10 3 1 3.486 1.612 4.500
SPIN 1 10 3 2 4.159 -2.814 -3.129
SPIN 1 10 3 3 0.550 1.244 5.758
SPIN 1 10 3 4 5.071 3.009 0.479
SPIN 1 10 3 5 1.741 -5.602 0.764
SPIN 1 10 3 6 -0.151 5.397 2.418
SPIN 1 10 3 7 -1.987 -5.572 0.086
SPIN 1 10 3 8 -3.789 1.986 4.087
SPIN 1 10 3 9 5.342 0.836 2.401
SPIN 1 10 3 10 1.112 0.889 -5.742
SPIN 1 10 3 11 -0.181 2.592 5.315
SPIN 1 10 3 12 -2.799 4.135 -3.173
SPIN 1 10 3 13 -4.107 3.138 2.878
SPIN 1 10 3 14 1.652 5.657 0.517
SPIN 1 10 3 15 -2.863 -4.287 -2.902
SPIN 4 10 3 0 3.261 -4.080 -2.778
SPIN 4 10 3 1 -3.988 4.179 -1.278
SPIN 4 10 3 2 5.426 -1.733 -1.600
SPIN 4 10 3 3 1.331 -4.888 3.055
SPIN 4 10 3 4 1.305 -3.060 -4.892
SPIN 4 10 3 5 2.010 -2.399 5.021
SPIN 4 10 3 6 4.822 3.413 -0.316
SPIN 4 10 3 7 1.684 5.107 2.466
SPIN 4 10 3 8 -5.534 -1.544 -1.409
SPIN 4 10 3 9 5.732 -0.400 -1.409
SPIN 4 10 3 10 -0.516 -3.608 -4.660
SPIN 4 10 3 11 -1.035 5.792 0.617
SPIN 4 10 3 12 -5.157 -2.897 0.123
SPIN 4 10 3 13 3.176 4.949 0.654
SPIN 4 10 3 14 -1.862 -5.599 0.422
SPIN 4 10 3 15 -2.474 -0.742 -5.322
SPIN 1 10 4 0 -5.614 -1.828 0.374
SPIN 1 10 4 1 4.169 2.321 -3.498
SPIN 1 10 4 2 -5.590 -0.866 1.732
SPIN 1 10 4 3 2.675 4.742 2.314
SPIN 1 10 4 4 -0.368 -3.409 -4.821
SPIN 1 10 4 5 -1.132 5.538 -1.745
SPIN 1 10 4 6 -1.173 -2.628 -5.169
SPIN 1 10 4 7 0.629 -2.042 5.517
SPIN 1 10 4 8 3.622 -4.519 1.210
SPIN 1 10 4 9 4.207 2.770 3.102
SPIN 1 10 4 10 -5.295 -0.628 2.562
SPIN 1 10 4 11 4.841 -3.068 -1.466
SPIN 1 10 4 12 2.124 4.871 2.601
SPIN 1 10 4 13 2.875 -4.957 -1.472
SPIN 1 10 4 14 0.661 -4.988 3.112
SPIN 1 10 4 15 1.757 5.617 0.605
SPIN 4 10 4 0 -5.859 0.815 -0.104
SPIN 4 10 4 1 1.827 5.625 0.148
SPIN 4 10 4 2 -5.573 -0.475 -1.927
SPIN 4 10 4 3 -5.408 -1.481 1.887
SPIN 4 10 4 4 2.423 -4.413 3.107
SPIN 4 10 4 5 -0.733 -5.870 0.012
SPIN 4 10 4 6 -3.177 -3.345 -3.704
SPIN 4 10 4 7 2.408 -2.459 4.812
SPIN 4 10 4 8 -3.996 0.206 -4.358
SPIN 4 10 4 9 -3.911 0.352 4.425
SPIN 4 10 4 10 3.592 -0.752 4.640
SPIN 4 10 4 11 -4.425 -3.164 -2.325
SPIN 4 10 4 12 -0.961 1.686 -5.589
SPIN 4 10 4 13 5.756 -1.345 -0.232
SPIN 4 10 4 14 4.558 0.139 -3.769
SPIN 4 10 4 15 0.261 5.769 -1.284
SPIN 1 10 5 0 4.644 3.551 -0.907
SPIN 1 10 5 1 -2.357 -3.967 3.702
SPIN 1 10 5 2 4.374 -3.537 -1.832
SPIN 1 10 5 3 5.869 -0.681 0.296
SPIN 1 10 5 4 3.975 4.340 -0.605
SPIN 1 10 5 5 1.811 4.598 3.253
SPIN 1 10 5 6 -1.260 4.919 3.035
SPIN 1 10 5 7 -1.622 3.413 -4.552
SPIN 1 10 5 8 -2.767 -0.492 5.206
SPIN 1 10 5 9 2.857 0.476 -5.159
SPIN 1 10 5 10 -3.807 -4.229 1.621
SPIN 1 10 5 11 1.677 3.896 4.124
SPIN 1 10 5 12 -2.671 4.394 -2.925
SPIN 1 10 5 13 -5.206 -2.221 1.721
SPIN 1 10 5 14 3.124 4.401 -2.423
SPIN 1 10 5 15 1.440 5.738 0.039
SPIN 4 10 5 0 -4.272 -0.750 4.023
SPIN 4 10 5 1 2.883 -0.531 5.139
SPIN 4 10 5 2 3.698 -2.812 -3.662
SPIN 4 10 5 3 5.032 -1.059 2.925
SPIN 4 10 5 4 -1.374 -4.013 -4.124
SPIN 4 10 5 5 -5.487 -1.261 -1.816
SPIN 4 10 5 6 1.919 2.887 -4.794
SPIN 4 10 5 7 -4.149 3.152 -2.802
SPIN 4 10 5 8 5.890 -0.270 0.488
SPIN 4 10 5 9 5.598 0.429 1.867
SPIN 4 10 5 10 -1.504 3.622 -4.429
SPIN 4 10 5 11 5.843 -0.714 0.589
SPIN 4 10 5 12 -4.342 3.106 -2.549
SPIN 4 10 5 13 0.390 0.714 -5.860
SPIN 4 10 5 14 -3.044 2.641 4.332
SPIN 4 10 5 15 5.183 2.640 -1.080
SPIN 1 10 6 0 4.722 -2.815 -2.187
SPIN 1 10 6 1 -4.818 -1.266 -3.191
SPIN 1 10 6 2 -4.294 1.800 -3.650
SPIN 1 10 6 3 -0.365 2.416 -5.388
SPIN 1 10 6 4 5.553 -0.780 -1.885
SPIN 1 10 6 5 -3.697 2.627 3.799
SPIN 1 10 6 6 3.256 2.031 -4.503
SPIN 1 10 6 7 -4.821 -0.248 3.421
SPIN 1 10 6 8 -0.268 -1.946 -5.580
SPIN 1 10 6 9 -2.638 1.796 4.981
SPIN 1 10 6 10 -0.875 4.455 -3.793
SPIN 1 10 6 11 -3.225 -4.948 -0.341
SPIN 1 10 6 12 -4.359 -0.499 -3.969
SPIN 1 10 6 13 3.350 -4.854 0.467
SPIN 1 10 6 14 -3.912 -3.761 -2.357
SPIN 1 10 6 15 -0.721 3.792 4.483
SPIN 4 10 6 0 2.436 3.750 3.874
SPIN 4 10 6 1 -0.210 -3.447 4.803
SPIN 4 10 6 2 1.487 -5.517 1.532
SPIN 4 10 6 3 -2.438 4.207 3.370
SPIN 4 10 6 4 -2.797 1.998 4.815
SPIN 4 10 6 5 -1.663 -3.039 4.796
SPIN 4 10 6 6 -5.150 0.756 -2.813
SPIN 4 10 6 7 -5.382 -1.577 1.883
SPIN 4 10 6 8 0.744 4.545 3.714
SPIN 4 10 6 9 -5.705 0.393 -1.517
SPIN 4 10 6 10 -0.078 -4.606 3.712
SPIN 4 10 6 11 -0.221 5.536 2.076
SPIN 4 10 6 12 5.691 1.485 -0.641
SPIN 4 10 6 13 0.954 -5.140 -2.769
SPIN 4 10 6 14 -1.196 0.482 5.774
SPIN 4 10 6 15 1.225 -0.971 -5.706
SPIN 1 10 7 0 -1.175 5.320 2.306
SPIN 1 10 7 1 4.573 3.617 1.001
SPIN 1 10 7 2 2.169 -1.478 5.302
SPIN 1 10 7 3 -4.262 3.263 -2.488
SPIN 1 10 7 4 -1.134 -1.096 -5.702
SPIN 1 10 7 5 2.653 -0.421 5.271
SPIN 1 10 7 6 1.707 5.371 1.799
SPIN 1 10 7 7 -3.634 4.658 -0.314
SPIN 1 10 7 8 1.271 -0.595 5.747
SPIN 1 10 7 9 4.335 3.189 -2.457
SPIN 1 10 7 10 2.160 5.442 -0.847
SPIN 1 10 7 11 2.486 4.966 2.039
SPIN 1 10 7 12 0.930 -1.886 5.530
SPIN 1 10 7 13 -3.246 3.017 -3.920
SPIN 1 10 7 14 4.192 2.950 2.954
SPIN 1 10 7 15 -1.119 -2.148 5.397
SPIN 4 10 7 0 -0.948 -3.078 -4.963
SPIN 4 10 7 1 5.093 -2.820 -1.052
SPIN 4 10 7 2 3.615 3.890 2.608
SPIN 4 10 7 3 0.448 -3.509 -4.742
SPIN 4 10 7 4 0.702 4.150 -4.158
SPIN 4 10 7 5 2.770 -1.184 5.092
SPIN 4 10 7 6 -5.787 0.479 -1.132
SPIN 4 10 7 7 5.023 3.110 0.311
SPIN 4 10 7 8 2.019 3.900 -3.964
SPIN 4 10 7 9 3.853 1.451 -4.248
SPIN 4 10 7 10 -5.257 2.068 1.757
SPIN 4 10 7 11 5.673 -0.382 -1.633
SPIN 4 10 7 12 -3.271 2.328 -4.345
SPIN 4 10 7 13 4.292 3.224 -2.488
SPIN 4 10 7 14 0.311 -3.701 -4.605
SPIN 4 10 7 15 -3.328 2.636 4.120
SPIN 1 10 8 0 5.357 -2.206 -1.198
SPIN 1 10 8 1 2.544 4.043 3.491
SPIN 1 10 8 2 -1.450 -1.801 -5.446
SPIN 1 10 8 3 4.256 -2.474 3.281
SPIN 1 10 8 4 1.644 -3.343 -4.596
SPIN 1 10 8 5 4.819 2.693 -2.127
SPIN 1 10 8 6 -2.217 3.861 -3.896
SPIN 1 10 8 7 -0.195 -3.689 4.621
SPIN 1 10 8 8 1.277 5.773 -0.208
SPIN 1 10 8 9 -5.310 -1.791 -1.895
SPIN 1 10 8 10 -2.651 1.340 5.116
SPIN 1 10 8 11 4.715 1.672 -3.158
SPIN 1 10 8 12 -3.712 2.743 -3.700
SPIN 1 10 8 13 -1.112 1.181 5.689
SPIN 1 10 8 14 -5.710 1.504 -0.359
SPIN 1 10 8 15 1.355 5.597 1.354
SPIN 4 10 8 0 -0.114 -4.755 3.518
SPIN 4 10 8 1 3.025 3.341 3.832
SPIN 4 10 8 2 4.974 2.916 -1.324
SPIN 4 10 8 3 -0.231 -5.878 -0.627
SPIN 4 10 8 4 -0.094 -0.057 5.915
SPIN 4 10 8 5 -4.374 -1.701 -3.602
SPIN 4 10 8 6 3.307 2.997 3.884
SPIN 4 10 8 7 -3.295 1.474 -4.687
SPIN 4 10 8 8 5.871 -0.438 0.585
SPIN 4 10 8 9 -2.975 -0.512 5.088
SPIN 4 10 8 10 4.987 0.297 3.169
SPIN 4 10 8 11 -3.490 3.922 -2.727
SPIN 4 10 8 12 3.160 -1.718 4.697
SPIN 4 10 8 13 4.429 -3.578 1.608
SPIN 4 10 8 14 4.853 -2.062 2.683
SPIN 4 10 8 15 3.311 2.132 -4.415
SPIN 1 10 9 0 5.288 -0.804 2.528
SPIN 1 10 9 1 -5.861 0.156 0.791
SPIN 1 10 9 2 5.462 -1.379 1.807
SPIN 1 10 9 3 -2.155 2.066 5.108
SPIN 1 10 9 4 5.496 1.045 -1.925
SPIN 1 10 9 5 -1.106 2.273 5.349
SPIN 1 10 9 6 -0.600 -5.544 1.976
SPIN 1 10 9 7 3.260 2.997 -3.923
SPIN 1 10 9 8 -4.425 1.620 3.577
SPIN 1 10 9 9 3.519 -0.936 -4.662
SPIN 1 10 9 10 3.935 3.779 2.287
SPIN 1 10 9 11 5.639 0.297 1.764
SPIN 1 10 9 12 -3.076 2.808 -4.202
SPIN 1 10 9 13 3.390 3.691 -3.144
SPIN 1 10 9 14 3.138 4.885 -1.137
SPIN 1 10 9 15 1.287 5.572 1.514
SPIN 4 10 9 0 -2.222 4.611 2.967
SPIN 4 10 9 1 -3.532 -4.116 2.363
SPIN 4 10 9 2 -5.830 -0.732 0.688
SPIN 4 10 9 3 -2.855 3.668 -3.659
SPIN 4 10 9 4 3.030 1.009 -4.980
SPIN 4 10 9 5 5.448 0.821 2.156
SPIN 4 10 9 6 3.389 -2.606 4.090
SPIN 4 10 9 7 1.565 3.714 -4.331
SPIN 4 10 9 8 2.358 4.352 3.239
SPIN 4 10 9 9 2.435 -3.404 4.181
SPIN 4 10 9 10 1.153 5.497 1.858
SPIN 4 10 9 11 2.714 -5.256 0.069
SPIN 4 10 9 12 -4.459 1.999 3.334
SPIN 4 10 9 13 -3.826 -4.424 0.892
SPIN 4 10 9 14 -0.238 -5.907 -0.212
SPIN 4 10 9 15 -3.854 4.225 1.515
SPIN 1 10 10 0 -3.455 4.662 1.152
SPIN 1 10 10 1 5.096 -2.042 2.205
SPIN 1 10 10 2 -4.861 -0.464 -3.340
SPIN 1 10 10 3 5.744 1.253 0.663
SPIN 1 10 10 4 -5.809 1.045 0.409
SPIN 1 10 10 5 -5.313 2.036 -1.621
SPIN 1 10 10 6 -2.507 -4.655 2.655
SPIN 1 10 10 7 -1.776 3.619 4.330
SPIN 1 10 10 8 2.949 -5.119 0.321
SPIN 1 10 10 9 0.429 5.823 0.950
SPIN 1 10 10 10 4.157 -0.341 4.196
SPIN 1 10 10 11 -0.510 4.684 -3.577
SPIN 1 10 10 12 4.025 4.204 1.064
SPIN 1 10 10 13 -3.753 1.084 -4.443
SPIN 1 10 10 14 -2.602 5.311 0.139
SPIN 1 10 10 15 0.050 -4.238 -4.127
SPIN 4 10 10 0 4.408 1.700 -3.561
SPIN 4 10 10 1 5.471 1.688 1.489
SPIN 4 10 10 2 -2.048 4.292 -3.519
SPIN 4 10 10 3 4.411 2.837 2.737
SPIN 4 10 10 4 -5.075 2.537 1.677
SPIN 4 10 10 5 0.074 -5.907 0.328
SPIN 4 10 10 6 -1.743 4.588 -3.304
SPIN 4 10 10 7 -5.250 2.661 0.593
SPIN 4 10 10 8 4.639 -2.120 2.998
SPIN 4 10 10 9 -0.556 -3.904 -4.410
SPIN 4 10 10 10 4.226 -3.711 -1.837
SPIN 4 10 10 11 -4.096 -3.104 2.930
SPIN 4 10 10 12 -4.152 -0.691 4.158
SPIN 4 10 10 13 -2.002 3.955 3.918
SPIN 4 10 10 14 4.594 -2.116 -3.069
SPIN 4 10 10 15 2.584 -2.033 4.918
SPIN 1 10 11 0 5.811 0.635 0.913
SPIN 1 10 11 1 -5.261 0.222 2.697
SPIN 1 10 11 2 -0.010 -5.244 -2.738
SPIN 1 10 11 3 0.053 2.577 5.325
SPIN 1 10 11 4 -4.109 -3.286 -2.705
SPIN 1 10 11 5 0.714 4.608 3.641
SPIN 1 10 11 6 5.095 -2.435 1.765
SPIN 1 10 11 7 1.343 0.638 -5.726
SPIN 1 10 11 8 3.554 3.643 3.016
SPIN 1 10 11 9 -5.288 1.795 -1.953
SPIN 1 10 11 10 5.829 0.924 0.412
SPIN 1 10 11 11 -4.928 1.270 3.018
SPIN 1 10 11 12 -1.146 -5.311 -2.341
SPIN 1 10 11 13 -4.339 3.666 -1.653
SPIN 1 10 11 14 -0.351 4.498 3.827
SPIN 1 10 11 15 -5.769 0.499 1.214
SPIN 4 10 11 0 0.294 0.841 5.849
SPIN 4 10 11 1 -1.598 -2.272 5.223
SPIN 4 10 11 2 2.610 0.121 5.308
SPIN 4 10 11 3 -0.448 -0.988 -5.816
SPIN 4 10 11 4 4.351 -3.289 2.291
SPIN 4 10 11 5 4.157 -1.145 -4.050
SPIN 4 10 11 6 -3.486 -4.234 2.218
SPIN 4 10 11 7 4.886 -3.334 0.093
SPIN 4 10 11 8 -0.287 5.907 -0.172
SPIN 4 10 11 9 -2.204 -5.446 -0.698
SPIN 4 10 11 10 -1.878 0.465 5.591
SPIN 4 10 11 11 5.885 -0.545 0.258
SPIN 4 10 11 12 2.316 -4.123 3.556
SPIN 4 10 11 13 -1.270 5.482 -1.826
SPIN 4 10 11 14 3.946 -3.715 -2.372
SPIN 4 10 11 15 4.085 3.265 -2.765
SPIN 1 10 12 0 -4.701 2.992 1.987
SPIN 1 10 12 1 0.182 -5.650 1.744
SPIN 1 10 12 2 0.290 3.381 -4.846
SPIN 1 10 12 3 5.261 1.575 2.199
SPIN 1 10 12 4 5.072 2.494 1.749
SPIN 1 10 12 5 -0.842 1.887 5.544
SPIN 1 10 12 6 -2.205 2.724 4.766
SPIN 1 10 12 7 -3.137 0.476 4.993
SPIN 1 10 12 8 5.550 1.911 -0.736
SPIN 1 10 12 9 -2.270 -2.964 -4.589
SPIN 1 10 12 10 0.517 -2.940 -5.108
SPIN 1 10 12 11 3.509 -3.696 -3.004
SPIN 1 10 12 12 1.091 3.511 4.635
SPIN 1 10 12 13 1.277 -5.762 0.414
SPIN 1 10 12 14 5.760 -0.690 -1.160
SPIN 1 10 12 15 5.118 1.670 2.453
SPIN 4 10 12 0 -5.591 1.431 -1.303
SPIN 4 10 12 1 1.794 5.613 0.525
SPIN 4 10 12 2 -5.242 -0.606 2.675
SPIN 4 10 12 3 -1.535 3.549 4.478
SPIN 4 10 12 4 1.774 -1.462 5.451
SPIN 4 10 12 5 -2.762 4.951 1.692
SPIN 4 10 12 6 4.829 1.113 -3.232
SPIN 4 10 12 7 -3.467 -1.863 -4.417
SPIN 4 10 12 8 -0.113 5.706 -1.557
SPIN 4 10 12 9 0.008 -0.787 -5.863
SPIN 4 10 12 10 3.307 2.025 -4.468
SPIN 4 10 12 11 -0.442 1.426 5.725
SPIN 4 10 12 12 -2.465 5.303 -0.897
SPIN 4 10 12 13 -0.213 -0.860 5.849
SPIN 4 10 12 14 -0.277 5.850 0.839
SPIN 4 10 12 15 0.906 0.698 5.805
SPIN 1 10 13 0 0.209 1.376 -5.750
SPIN 1 10 13 1 5.405 2.074 1.218
SPIN 1 10 13 2 -3.391 -1.302 4.670
SPIN 1 10 13 3 -1.525 3.546 -4.484
SPIN 1 10 13 4 -1.109 -5.380 2.196
SPIN 1 10 13 5 -5.282 -0.767 -2.552
SPIN 1 10 13 6 2.437 3.720 -3.902
SPIN 1 10 13 7 0.901 1.666 5.605
SPIN 1 10 13 8 0.278 -2.026 -5.551
SPIN 1 10 13 9 -3.262 3.710 3.255
SPIN 1 10 13 10 -2.128 -0.018 5.520
SPIN 1 10 13 11 -3.884 -1.697 -4.127
SPIN 1 10 13 12 1.768 3.009 4.777
SPIN 1 10 13 13 -4.600 2.218 2.987
SPIN 1 10 13 14 -3.287 -0.538 -4.889
SPIN 1 10 13 15 -2.623 -5.269 -0.600
SPIN 4 10 13 0 -0.401 3.686 4.610
SPIN 4 10 13 1 0.278 0.925 -5.837
SPIN 4 10 13 2 -0.142 -5.533 -2.090
SPIN 4 10 13 3 1.672 3.332 4.594
SPIN 4 10 13 4 -0.846 5.634 -1.594
SPIN 4 10 13 5 4.830 -0.770 3.329
SPIN 4 10 13 6 -4.962 -3.205 -0.330
SPIN 4 10 13 7 3.857 4.486 0.081
SPIN 4 10 13 8 -4.665 -2.359 2.770
SPIN 4 10 13 9 5.469 -0.186 -2.249
SPIN 4 10 13 10 -4.227 -4.128 -0.307
SPIN 4 10 13 11 2.474 3.450 4.120
SPIN 4 10 13 12 2.127 -2.840 4.734
SPIN 4 10 13 13 -0.545 -0.464 -5.873
SPIN 4 10 13 14 3.233 1.692 -4.657
SPIN 4 10 13 15 -3.554 -2.660 3.910
SPIN 1 10 14 0 -1.752 5.584 -0.866
SPIN 1 10 14 1 5.779 -0.433 1.189
SPIN 1 10 14 2 2.222 4.072 -3.672
SPIN 1 10 14 3 0.894 5.614 1.638
SPIN 1 10 14 4 -2.314 -3.764 -3.934
SPIN 1 10 14 5 3.657 -4.642 0.275
SPIN 1 10 14 6 -3.114 -0.718 4.979
SPIN 1 10 14 7 -1.995 -5.480 -0.995
SPIN 1 10 14 8 1.494 5.251 2.279
SPIN 1 10 14 9 -1.304 -0.322 -5.762
SPIN 1 10 14 10 1.158 5.273 2.420
SPIN 1 10 14 11 -5.033 3.087 -0.364
SPIN 1 10 14 12 4.367 2.868 2.776
SPIN 1 10 14 13 -0.628 -4.258 4.059
SPIN 1 10 14 14 5.318 2.216 -1.345
SPIN 1 10 14 15 -1.626 -0.119 5.687
SPIN 4 10 14 0 2.331 -5.320 -1.124
SPIN 4 10 14 1 -0.506 4.279 -4.054
SPIN 4 10 14 2 2.779 -3.154 4.163
SPIN 4 10 14 3 1.290 5.028 2.839
SPIN 4 10 14 4 1.194 -5.783 -0.367
SPIN 4 10 14 5 -3.370 2.549 -4.140
SPIN 4 10 14 6 2.621 -3.482 4.001
SPIN 4 10 14 7 -0.875 -4.441 3.809
SPIN 4 10 14 8 -5.046 1.699 -2.578
SPIN 4 10 14 9 2.551 -5.337 -0.096
SPIN 4 10 14 10 3.185 -4.978 0.270
SPIN 4 10 14 11 3.260 -4.817 1.084
SPIN 4 10 14 12 -3.412 3.626 3.195
SPIN 4 10 14 13 0.072 2.609 -5.309
SPIN 4 10 14 14 1.660 -3.908 4.120
SPIN 4 10 14 15 1.624 4.703 -3.200
SPIN 1 10 15 0 2.917 2.887 4.261
SPIN 1 10 15 1 -3.716 1.796 4.239
SPIN 1 10 15 2 -3.376 -2.195 4.334
SPIN 1 10 15 3 3.674 0.170 -4.634
SPIN 1 10 15 4 -2.254 4.484 3.132
SPIN 1 10 15 5 -5.744 -0.276 1.389
SPIN 1 10 15 6 3.436 4.419 1.914
SPIN 1 10 15 7 1.406 5.375 -2.033
SPIN 1 10 15 8 0.341 -5.903 0.202
SPIN 1 10 15 9 1.047 3.386 4.737
SPIN 1 10 15 10 1.791 0.075 -5.638
SPIN 1 10 15 11 4.665 -0.558 3.595
SPIN 1 10 15 12 -5.120 0.136 -2.961
SPIN 1 10 15 13 3.970 4.371 -0.358
SPIN 1 10 15 14 2.809 1.920 4.840
SPIN 1 10 15 15 -4.254 -2.192 -3.478
SPIN 4 10 15 0 1.329 5.683 -0.970
SPIN 4 10 15 1 -1.616 -3.078 -4.787
SPIN 4 10 15 2 -3.125 -4.972 -0.718
SPIN 4 10 15 3 5.214 2.652 -0.883
SPIN 4 10 15 4 -3.205 1.893 -4.598
SPIN 4 10 15 5 -0.119 -4.884 -3.337
SPIN 4 10 15 6 0.261 -1.564 5.700
SPIN 4 10 15 7 2.252 3.033 -4.553
SPIN 4 10 15 8 1.654 -2.740 -4.975
SPIN 4 10 15 9 -1.315 -5.651 1.155
SPIN 4 10 15 10 4.789 3.472 0.131
SPIN 4 10 15 11 -1.700 5.088 -2.495
SPIN 4 10 15 12 -5.321 0.486 2.541
SPIN 4 10 15 13 2.964 -4.706 2.017
SPIN 4 10 15 14 -5.694 -0.646 1.471
SPIN 4 10 15 15 3.630 1.585 4.395
SPIN 3 10 0 0 5.046 0.161 -3.084
SPIN 3 10 0 1 2.031 -0.246 -5.551
SPIN 3 10 0 2 -3.717 -1.258 4.428
SPIN 3 10 0 3 1.049 -5.724 -1.065
SPIN 3 10 0 4 0.789 -2.126 5.464
SPIN 3 10 0 5 5.502 2.095 0.580
SPIN 3 10 0 6 -0.078 0.852 5.854
SPIN 3 10 0 7 5.588 0.566 1.859
SPIN 3 10 0 8 2.427 -4.634 -2.763
SPIN 3 10 0 9 -5.092 -1.429 -2.652
SPIN 3 10 0 10 1.893 -5.315 1.779
SPIN 3 10 0 11 -5.816 0.563 0.926
SPIN 3 10 0 12 2.400 5.009 2.037
SPIN 3 10 0 13 1.318 -2.990 -4.932
SPIN 3 10 0 14 3.982 4.327 0.653
SPIN 3 10 0 15 -2.944 0.691 -5.085
SPIN 2 10 0 0 1.551 -4.055 -4.019
SPIN 2 10 0 1 -3.824 1.606 4.218
SPIN 2 10 0 2 -2.691 -5.268 -0.053
SPIN 2 10 0 3 3.581 4.537 1.263
SPIN 2 10 0 4 3.860 1.623 4.179
SPIN 2 10 0 5 -5.520 2.127 -0.070
SPIN 2 10 0 6 4.142 2.947 3.027
SPIN 2 10 0 7 0.618 4.342 -3.970
SPIN 2 10 0 8 -0.642 -1.488 -5.690
SPIN 2 10 0 9 -3.726 -1.699 4.270
SPIN 2 10 0 10 3.094 1.114 4.918
SPIN 2 10 0 11 -4.017 -4.191 1.141
SPIN 2 10 0 12 -2.824 4.293 -2.932
SPIN 2 10 0 13 5.227 -1.257 2.469
SPIN 2 10 0 14 -3.361 -3.217 -3.655
SPIN 2 10 0 15 1.940 4.691 3.038
SPIN 3 10 1 0 -1.675 5.664 0.329
SPIN 3 10 1 1 3.752 4.562 0.342
SPIN 3 10 1 2 -1.164 -4.223 -3.976
SPIN 3 10 1 3 -0.825 -5.167 -2.761
SPIN 3 10 1 4 -2.580 -5.187 1.199
SPIN 3 10 1 5 3.228 -3.965 2.976
SPIN 3 10 1 6 -2.504 3.942 -3.631
SPIN 3 10 1 7 3.965 4.294 -0.915
SPIN 3 10 1 8 0.282 -1.224 -5.781
SPIN 3 10 1 9 -1.676 5.127 2.430
SPIN 3 10 1 10 5.590 1.712 0.907
SPIN 3 10 1 11 4.721 -2.729 -2.295
SPIN 3 10 1 12 -5.109 -1.967 2.243
SPIN 3 10 1 13 -0.199 3.954 4.396
SPIN 3 10 1 14 3.195 0.422 4.961
SPIN 3 10 1 15 0.372 5.843 0.851
SPIN 2 10 1 0 5.275 0.387 -2.651
SPIN 2 10 1 1 -1.444 3.107 4.823
SPIN 2 10 1 2 4.256 3.634 -1.919
SPIN 2 10 1 3 -3.615 -2.022 4.224
SPIN 2 10 1 4 5.465 2.210 -0.503
SPIN 2 10 1 5 -2.603 -2.983 -4.396
SPIN 2 10 1 6 -4.911 1.494 2.941
SPIN 2 10 1 7 1.665 5.675 -0.129
SPIN 2 10 1 8 3.472 -4.381 -1.936
SPIN 2 10 1 9 -4.232 -0.157 -4.132
SPIN 2 10 1 10 2.526 -5.230 -1.123
SPIN 2 10 1 11 -3.175 4.206 -2.688
SPIN 2 10 1 12 0.200 -2.661 5.280
SPIN 2 10 1 13 3.067 4.815 -1.553
SPIN 2 10 1 14 2.745 -4.086 3.282
SPIN 2 10 1 15 2.432 5.182 -1.493
SPIN 3 10 2 0 3.528 -4.313 -1.988
SPIN 3 10 2 1 -2.477 1.727 5.087
SPIN 3 10 2 2 -5.557 2.025 -0.155
SPIN 3 10 2 3 -0.568 5.086 -2.969
SPIN 3 10 2 4 4.231 -1.390 -3.894
SPIN 3 10 2 5 4.400 3.624 -1.583
SPIN 3 10 2 6 3.133 2.559 4.317
SPIN 3 10 2 7 -2.837 -4.038 3.263
SPIN 3 10 2 8 4.637 -0.221 3.668
SPIN 3 10 2 9 -3.608 2.635 -3.878
SPIN 3 10 2 10 -5.728 0.831 1.224
SPIN 3 10 2 11 5.006 -1.680 2.667
SPIN 3 10 2 12 -5.876 -0.540 -0.427
SPIN 3 10 2 13 4.208 2.060 -3.612
SPIN 3 10 2 14 3.906 0.162 -4.440
SPIN 3 10 2 15 -4.235 3.089 2.744
SPIN 2 10 2 0 -1.195 -3.230 4.810
SPIN 2 10 2 1 0.264 0.242 -5.905
SPIN 2 10 2 2 1.556 -1.430 5.526
SPIN 2 10 2 3 -2.576 -1.113 -5.208
SPIN 2 10 2 4 -3.775 -3.486 -2.932
SPIN 2 10 2 5 -1.898 4.167 3.746
SPIN 2 10 2 6 5.621 0.946 1.584
SPIN 2 10 2 7 -2.301 -2.927 -4.598
SPIN 2 10 2 8 -3.927 4.270 1.160
SPIN 2 10 2 9 4.778 -3.374 0.885
SPIN 2 10 2 10 3.213 -0.228 4.963
SPIN 2 10 2 11 -5.405 2.317 0.648
SPIN 2 10 2 12 2.205 4.007 3.753
SPIN 2 10 2 13 3.502 -2.247 4.205
SPIN 2 10 2 14 -3.768 2.630 3.727
SPIN 2 10 2 15 -4.261 -1.547 -3.802
SPIN 3 10 3 0 -4.789 0.839 3.370
SPIN 3 10 3 1 -5.828 0.389 -0.940
SPIN 3 10 3 2 -2.287 -1.663 -5.197
SPIN 3 10 3 3 2.730 -4.916 1.837
SPIN 3 10 3 4 2.188 5.156 1.903
SPIN 3 10 3 5 4.366 -3.979 -0.322
SPIN 3 10 3 6 -2.766 -0.275 -5.222
SPIN 3 10 3 7 2.482 -0.506 5.346
SPIN 3 10 3 8 -5.576 0.642 -1.869
SPIN 3 10 3 9 -2.001 4.707 2.974
SPIN 3 10 3 10 2.659 4.892 -2.001
SPIN 3 10 3 11 -4.425 -3.676 1.378
SPIN 3 10 3 12 3.252 4.684 -1.576
SPIN 3 10 3 13 -4.067 -2.299 -3.630
SPIN 3 10 3 14 1.207 5.465 1.917
SPIN 3 10 3 15 4.572 0.170 -3.751
SPIN 2 10 3 0 -0.488 -4.713 -3.542
SPIN 2 10 3 1 -4.831 3.113 -1.404
SPIN 2 10 3 2 -3.260 2.765 4.090
SPIN 2 10 3 3 -1.872 5.103 -2.337
SPIN 2 10 3 4 4.985 2.736 1.632
SPIN 2 10 3 5 -3.746 4.534 -0.641
SPIN 2 10 3 6 -4.792 -0.060 -3.468
SPIN 2 10 3 7 -0.043 4.602 3.718
SPIN 2 10 3 8 4.295 -4.004 -0.721
SPIN 2 10 3 9 -4.622 -0.639 -3.637
SPIN 2 10 3 10 0.992 -5.675 1.344
SPIN 2 10 3 11 -3.174 -4.302 2.533
SPIN 2 10 3 12 2.777 -0.906 -5.145
SPIN 2 10 3 13 4.000 0.447 4.336
SPIN 2 10 3 14 -4.432 3.854 -0.710
SPIN 2 10 3 15 4.828 2.402 2.432
SPIN 3 10 4 0 1.235 3.569 -4.554
SPIN 3 10 4 1 2.519 -4.150 3.381
SPIN 3 10 4 2 -3.145 -1.991 4.599
SPIN 3 10 4 3 2.244 3.396 4.294
SPIN 3 10 4 4 -1.691 -5.543 -1.190
SPIN 3 10 4 5 0.104 5.208 -2.804
SPIN 3 10 4 6 5.543 0.952 1.834
SPIN 3 10 4 7 -5.866 0.752 0.155
SPIN 3 10 4 8 3.077 4.465 -2.365
SPIN 3 10 4 9 -0.892 -2.935 -5.059
SPIN 3 10 4 10 5.111 1.229 -2.714
SPIN 3 10 4 11 5.009 3.098 0.561
SPIN 3 10 4 12 0.736 -4.253 4.046
SPIN 3 10 4 13 1.463 -2.107 -5.331
SPIN 3 10 4 14 -0.348 -4.015 4.331
SPIN 3 10 4 15 0.071 -4.642 3.667
SPIN 2 10 4 0 -1.275 2.208 5.339
SPIN 2 10 4 1 2.922 4.218 2.945
SPIN 2 10 4 2 -2.832 3.570 -3.773
SPIN 2 10 4 3 1.572 -2.109 -5.299
SPIN 2 10 4 4 -3.971 4.054 1.672
SPIN 2 10 4 5 4.822 -1.022 -3.272
SPIN 2 10 4 6 1.206 -2.650 5.150
SPIN 2 10 4 7 -3.919 -4.426 0.242
SPIN 2 10 4 8 -1.487 5.382 -1.956
SPIN 2 10 4 9 1.792 -4.979 -2.646
SPIN 2 10 4 10 -3.548 4.691 0.640
SPIN 2 10 4 11 3.366 -4.835 0.541
SPIN 2 10 4 12 -1.188 -5.156 2.647
SPIN 2 10 4 13 3.888 -1.246 -4.281
SPIN 2 10 4 14 -4.718 -3.093 1.782
SPIN 2 10 4 15 0.516 4.459 -3.854
SPIN 3 10 5 0 -5.430 -2.198 0.830
SPIN 3 10 5 1 -3.362 4.864 -0.189
SPIN 3 10 5 2 5.790 0.824 0.891
SPIN 3 10 5 3 2.850 -3.273 -4.020
SPIN 3 10 5 4 1.886 5.544 -0.843
SPIN 3 10 5 5 0.889 5.835 0.396
SPIN 3 10 5 6 -1.709 -3.039 -4.780
SPIN 3 10 5 7 1.165 1.465 5.612
SPIN 3 10 5 8 4.965 -1.756 2.695
SPIN 3 10 5 9 -1.565 -4.229 -3.829
SPIN 3 10 5 10 4.417 2.417 3.106
SPIN 3 10 5 11 1.054 -0.920 5.748
SPIN 3 10 5 12 0.658 3.930 -4.373
SPIN 3 10 5 13 -4.645 1.879 3.146
SPIN 3 10 5 14 4.426 -0.424 3.903
SPIN 3 10 5 15 2.390 0.114 -5.411
SPIN 2 10 5 0 -2.790 -0.028 -5.217
SPIN 2 10 5 1 2.298 -5.223 -1.562
SPIN 2 10 5 2 1.778 4.755 3.039
SPIN 2 10 5 3 -4.908 -3.264 -0.503
SPIN 2 10 5 4 -3.084 -1.172 -4.911
SPIN 2 10 5 5 -3.304 -1.023 4.800
SPIN 2 10 5 6 -2.871 -5.069 1.030
SPIN 2 10 5 7 1.394 -4.670 -3.353
SPIN 2 10 5 8 -0.802 -0.148 5.860
SPIN 2 10 5 9 -3.976 2.606 3.522
SPIN 2 10 5 10 -1.852 -5.474 -1.265
SPIN 2 10 5 11 3.755 4.336 1.448
SPIN 2 10 5 12 -2.923 0.151 5.141
SPIN 2 10 5 13 4.093 4.268 0.187
SPIN 2 10 5 14 -1.608 -4.276 -3.760
SPIN 2 10 5 15 -1.788 0.369 -5.627
SPIN 3 10 6 0 -3.754 4.294 1.572
SPIN 3 10 6 1 5.088 -2.982 -0.473
SPIN 3 10 6 2 -5.893 -0.131 -0.507
SPIN 3 10 6 3 -3.156 -4.941 0.789
SPIN 3 10 6 4 -2.946 -2.332 4.570
SPIN 3 10 6 5 1.518 5.456 -1.710
SPIN 3 10 6 6 2.503 -2.121 -4.923
SPIN 3 10 6 7 -3.625 -4.572 -0.979
SPIN 3 10 6 8 1.225 -5.418 2.037
SPIN 3 10 6 9 4.457 3.573 1.541
SPIN 3 10 6 10 -2.388 -3.244 -4.333
SPIN 3 10 6 11 -2.338 1.852 5.109
SPIN 3 10 6 12 4.186 -3.801 -1.741
SPIN 3 10 6 13 -4.107 3.047 -2.975
SPIN 3 10 6 14 1.854 4.742 -3.012
SPIN 3 10 6 15 1.583 -2.171 5.271
SPIN 2 10 6 0 -5.776 0.611 -1.123
SPIN 2 10 6 1 3.433 -4.381 2.005
SPIN 2 10 6 2 -3.958 -1.204 -4.229
SPIN 2 10 6 3 5.595 -1.582 -1.095
SPIN 2 10 6 4 0.882 0.584 -5.821
SPIN 2 10 6 5 1.036 -5.602 -1.593
SPIN 2 10 6 6 -0.372 4.419 3.916
SPIN 2 10 6 7 3.149 -2.258 -4.471
SPIN 2 10 6 8 -5.492 -1.896 -1.117
SPIN 2 10 6 9 0.454 1.032 5.808
SPIN 2 10 6 10 0.284 1.324 -5.759
SPIN 2 10 6 11 -2.081 -4.725 -2.888
SPIN 2 10 6 12 -1.987 5.550 0.499
SPIN 2 10 6 13 -3.127 2.817 4.158
SPIN 2 10 6 14 -1.298 -3.568 -4.537
SPIN 2 10 6 15 -1.133 3.154 -4.875
SPIN 3 10 7 0 2.950 -2.703 -4.358
SPIN 3 10 7 1 -3.217 4.911 0.730
SPIN 3 10 7 2 -0.637 4.129 -4.189
SPIN 3 10 7 3 1.789 2.847 4.868
SPIN 3 10 7 4 4.380 -2.958 2.658
SPIN 3 10 7 5 3.348 4.396 -2.113
SPIN 3 10 7 6 2.747 5.164 0.888
SPIN 3 10 7 7 4.827 -3.337 0.753
SPIN 3 10 7 8 4.121 4.199 -0.618
SPIN 3 10 7 9 1.130 -3.755 4.430
SPIN 3 10 7 10 -1.839 5.605 -0.450
SPIN 3 10 7 11 -1.936 -5.590 -0.025
SPIN 3 10 7 12 -4.334 2.123 3.422
SPIN 3 10 7 13 -3.842 -3.414 -2.929
SPIN 3 10 7 14 5.345 2.430 -0.726
SPIN 3 10 7 15 1.569 2.632 5.061
SPIN 2 10 7 0 1.755 0.785 -5.595
SPIN 2 10 7 1 -0.754 -4.744 3.453
SPIN 2 10 7 2 0.021 3.456 -4.802
SPIN 2 10 7 3 -5.890 0.559 -0.018
SPIN 2 10 7 4 0.642 5.605 1.780
SPIN 2 10 7 5 1.517 -3.203 -4.737
SPIN 2 10 7 6 3.389 -2.957 3.843
SPIN 2 10 7 7 -5.169 -1.649 2.358
SPIN 2 10 7 8 -2.821 -3.947 -3.385
SPIN 2 10 7 9 0.205 -1.672 -5.671
SPIN 2 10 7 10 1.297 -0.276 5.766
SPIN 2 10 7 11 -4.286 3.770 1.553
SPIN 2 10 7 12 -0.520 -5.545 -1.996
SPIN 2 10 7 13 -1.468 -5.296 2.191
SPIN 2 10 7 14 0.558 3.644 4.627
SPIN 2 10 7 15 -3.925 -0.131 4.424
SPIN 3 10 8 0 -0.047 4.920 3.284
SPIN 3 10 8 1 -4.917 -3.216 0.694
SPIN 3 10 8 2 -2.797 -3.471 3.890
SPIN 3 10 8 3 -1.085 2.722 5.139
SPIN 3 10 8 4 -5.872 -0.669 0.273
SPIN 3 10 8 5 -4.952 2.005 2.541
SPIN 3 10 8 6 -5.348 -2.287 -1.080
SPIN 3 10 8 7 -4.685 0.434 -3.586
SPIN 3 10 8 8 0.930 0.775 5.791
SPIN 3 10 8 9 -2.132 5.021 -2.290
SPIN 3 10 8 10 3.356 -0.737 4.816
SPIN 3 10 8 11 -1.752 1.448 -5.462
SPIN 3 10 8 12 3.706 4.511 -0.956
SPIN 3 10 8 13 -2.387 -4.864 2.375
SPIN 3 10 8 14 -1.556 5.162 -2.435
SPIN 3 10 8 15 -2.789 2.100 -4.776
SPIN 2 10 8 0 -1.230 -0.219 -5.783
SPIN 2 10 8 1 -0.996 2.376 -5.326
SPIN 2 10 8 2 -2.158 -1.747 5.224
SPIN 2 10 8 3 2.461 4.378 -3.127
SPIN 2 10 8 4 -2.715 -4.572 2.593
SPIN 2 10 8 5 -0.488 3.015 -5.067
SPIN 2 10 8 6 0.463 -2.470 -5.356
SPIN 2 10 8 7 1.850 -5.423 -1.473
SPIN 2 10 8 8 -4.023 0.887 4.246
SPIN 2 10 8 9 3.973 -4.019 -1.751
SPIN 2 10 8 10 -0.327 -5.417 -2.355
SPIN 2 10 8 11 -3.274 2.390 -4.309
SPIN 2 10 8 12 1.698 -5.661 -0.273
SPIN 2 10 8 13 1.567 1.978 -5.351
SPIN 2 10 8 14 -2.437 4.740 2.568
SPIN 2 10 8 15 2.743 -4.771 2.171
SPIN 3 10 9 0 2.680 -4.217 -3.168
SPIN 3 10 9 1 -2.209 4.092 3.658
SPIN 3 10 9 2 -4.408 3.112 -2.426
SPIN 3 10 9 3 3.054 -4.612 -2.099
SPIN 3 10 9 4 2.928 -0.780 -5.081
SPIN 3 10 9 5 -0.637 -5.836 -0.733
SPIN 3 10 9 6 2.279 5.392 -0.853
SPIN 3 10 9 7 -1.539 -1.049 5.615
SPIN 3 10 9 8 -0.491 4.573 -3.721
SPIN 3 10 9 9 -1.753 -5.542 1.099
SPIN 3 10 9 10 0.044 4.063 -4.300
SPIN 3 10 9 11 4.422 -3.930 0.027
SPIN 3 10 9 12 -5.180 2.538 -1.314
SPIN 3 10 9 13 -5.548 1.700 -1.152
SPIN 3 10 9 14 0.520 -4.635 3.639
SPIN 3 10 9 15 2.321 -5.373 -0.863
SPIN 2 10 9 0 2.885 -0.835 -5.097
SPIN 2 10 9 1 -1.366 4.051 -4.089
SPIN 2 10 9 2 5.465 0.582 2.191
SPIN 2 10 9 3 3.089 -2.177 4.552
SPIN 2 10 9 4 4.233 -4.124 0.278
SPIN 2 10 9 5 -5.849 0.274 0.848
SPIN 2 10 9 6 3.536 3.929 2.657
SPIN 2 10 9 7 -3.365 2.505 -4.172
SPIN 2 10 9 8 -1.244 -5.746 0.659
SPIN 2 10 9 9 -4.342 3.819 -1.248
SPIN 2 10 9 10 -4.972 -0.781 3.109
SPIN 2 10 9 11 3.447 2.651 4.012
SPIN 2 10 9 12 -5.732 1.450 -0.200
SPIN 2 10 9 13 -2.068 -5.540 0.179
SPIN 2 10 9 14 -0.013 -4.327 4.035
SPIN 2 10 9 15 3.625 3.690 2.871
SPIN 3 10 10 0 -3.262 4.936 0.057
SPIN 3 10 10 1 2.427 -3.557 4.057
SPIN 3 10 10 2 0.728 5.681 1.484
SPIN 3 10 10 3 -2.165 0.885 -5.434
SPIN 3 10 10 4 2.600 3.697 3.817
SPIN 3 10 10 5 -1.293 2.477 -5.214
SPIN 3 10 10 6 4.628 -2.900 -2.275
SPIN 3 10 10 7 -1.885 5.328 -1.749
SPIN 3 10 10 8 2.775 3.645 3.744
SPIN 3 10 10 9 0.917 2.299 -5.374
SPIN 3 10 10 10 -1.241 5.589 -1.489
SPIN 3 10 10 11 -5.706 0.938 -1.251
SPIN 3 10 10 12 2.124 -5.033 2.270
SPIN 3 10 10 13 -1.237 -1.483 5.592
SPIN 3 10 10 14 -5.183 -2.540 1.299
SPIN 3 10 10 15 1.589 4.934 -2.851
SPIN 2 10 10 0 2.456 -3.112 4.391
SPIN 2 10 10 1 -4.473 -3.344 1.951
SPIN 2 10 10 2 5.773 -0.995 0.830
SPIN 2 10 10 3 -3.333 1.555 -4.634
SPIN 2 10 10 4 0.627 -0.549 5.857
SPIN 2 10 10 5 -4.306 -2.933 2.803
SPIN 2 10 10 6 3.619 2.338 -4.054
SPIN 2 10 10 7 5.430 1.002 2.125
SPIN 2 10 10 8 -5.254 -2.718 0.035
SPIN 2 10 10 9 0.164 0.894 5.846
SPIN 2 10 10 10 0.234 5.705 1.549
SPIN 2 10 10 11 -2.148 -3.718 -4.070
SPIN 2 10 10 12 3.694 4.395 1.429
SPIN 2 10 10 13 0.168 -5.131 2.940
SPIN 2 10 10 14 1.041 -0.102 -5.823
SPIN 2 10 10 15 -0.564 5.502 2.101
SPIN 3 10 11 0 4.361 3.454 -2.014
SPIN 3 10 11 1 -4.984 2.523 1.946
SPIN 3 10 11 2 4.284 -3.946 1.035
SPIN 3 10 11 3 -1.765 2.810 -4.898
SPIN 3 10 11 4 2.985 -1.025 5.004
SPIN 3 10 11 5 -0.848 4.916 3.180
SPIN 3 10 11 6 -3.310 1.496 4.669
SPIN 3 10 11 7 5.403 -1.489 1.894
SPIN 3 10 11 8 -0.612 -3.090 -5.008
SPIN 3 10 11 9 -0.795 0.815 5.806
SPIN 3 10 11 10 3.341 -3.319 -3.581
SPIN 3 10 11 11 -1.303 -4.050 -4.110
SPIN 3 10 11 12 -4.319 0.065 4.043
SPIN 3 10 11 13 5.305 -2.441 0.950
SPIN 3 10 11 14 3.639 1.477 4.425
SPIN 3 10 11 15 -5.095 -1.573 2.563
SPIN 2 10 11 0 0.968 0.324 -5.827
SPIN 2 10 11 1 0.496 -2.939 -5.111
SPIN 2 10 11 2 3.355 4.392 -2.111
SPIN 2 10 11 3 -5.088 -2.357 1.887
SPIN 2 10 11 4 1.897 5.578 0.538
SPIN 2 10 11 5 -0.082 5.161 -2.892
SPIN 2 10 11 6 -3.726 -4.489 0.981
SPIN 2 10 11 7 5.375 1.004 2.257
SPIN 2 10 11 8 -2.374 4.232 3.384
SPIN 2 10 11 9 1.552 -5.384 -1.899
SPIN 2 10 11 10 -1.011 -1.083 5.728
SPIN 2 10 11 11 -1.987 -0.114 5.571
SPIN 2 10 11 12 1.406 1.699 -5.490
SPIN 2 10 11 13 5.862 0.640 -0.472
SPIN 2 10 11 14 1.589 -5.560 1.249
SPIN 2 10 11 15 -1.494 -2.351 5.219
SPIN 3 10 12 0 -1.846 3.726 -4.208
SPIN 3 10 12 1 -1.571 -5.177 2.395
SPIN 3 10 12 2 -1.606 3.466 4.518
SPIN 3 10 12 3 3.818 -2.072 -4.016
SPIN 3 10 12 4 -3.529 -4.565 1.305
SPIN 3 10 12 5 -0.564 -5.889 0.047
SPIN 3 10 12 6 -5.912 0.009 0.217
SPIN 3 10 12 7 -1.641 5.537 1.283
SPIN 3 10 12 8 3.914 -3.883 2.145
SPIN 3 10 12 9 4.289 1.938 -3.584
SPIN 3 10 12 10 -3.731 1.117 -4.453
SPIN 3 10 12 11 0.636 3.535 4.701
SPIN 3 10 12 12 -0.198 -5.055 -3.068
SPIN 3 10 12 13 -5.011 3.142 0.122
SPIN 3 10 12 14 4.679 -0.292 -3.608
SPIN 3 10 12 15 2.084 -5.503 -0.614
SPIN 2 10 12 0 -0.206 3.991 4.363
SPIN 2 10 12 1 4.710 1.036 -3.426
SPIN 2 10 12 2 5.725 -0.813 1.252
SPIN 2 10 12 3 4.830 2.255 -2.566
SPIN 2 10 12 4 0.987 2.436 -5.300
SPIN 2 10 12 5 -5.344 -1.216 -2.228
SPIN 2 10 12 6 0.181 5.269 -2.685
SPIN 2 10 12 7 -0.834 -0.812 5.800
SPIN 2 10 12 8 -0.024 -5.916 -0.005
SPIN 2 10 12 9 -1.959 1.535 5.367
SPIN 2 10 12 10 5.146 2.712 -1.078
SPIN 2 10 12 11 3.440 1.378 -4.612
SPIN 2 10 12 12 1.769 -5.583 0.840
SPIN 2 10 12 13 -0.585 3.851 4.453
SPIN 2 10 12 14 0.061 -5.549 2.050
SPIN 2 10 12 15 -5.632 1.377 -1.176
SPIN 3 10 13 0 -2.447 -5.150 -1.578
SPIN 3 10 13 1 3.873 -3.647 -2.587
SPIN 3 10 13 2 1.806 -5.499 1.225
SPIN 3 10 13 3 -3.704 -2.833 -3.641
SPIN 3 10 13 4 0.104 4.684 3.613
SPIN 3 10 13 5 5.353 2.308 -1.011
SPIN 3 10 13 6 -4.722 -3.006 1.914
SPIN 3 10 13 7 -3.430 -2.416 4.171
SPIN 3 10 13 8 -5.320 -2.237 -1.301
SPIN 3 10 13 9 3.046 -4.795 1.652
SPIN 3 10 13 10 -0.014 0.961 -5.837
SPIN 3 10 13 11 -3.159 1.283 -4.835
SPIN 3 10 13 12 -4.665 2.558 -2.587
SPIN 3 10 13 13 0.428 -5.534 2.047
SPIN 3 10 13 14 3.311 2.691 -4.098
SPIN 3 10 13 15 -2.235 3.762 -3.981
SPIN 2 10 13 0 0.139 0.767 -5.864
SPIN 2 10 13 1 -3.673 -2.232 4.066
SPIN 2 10 13 2 -3.074 4.499 2.304
SPIN 2 10 13 3 -4.362 0.360 -3.980
SPIN 2 10 13 4 1.842 -3.996 3.954
SPIN 2 10 13 5 3.139 1.107 -4.891
SPIN 2 10 13 6 -3.445 -4.503 1.689
SPIN 2 10 13 7 0.371 -2.129 -5.507
SPIN 2 10 13 8 -5.896 -0.401 -0.270
SPIN 2 10 13 9 0.135 -5.596 1.914
SPIN 2 10 13 10 -1.814 5.425 1.510
SPIN 2 10 13 11 0.815 -5.841 0.466
SPIN 2 10 13 12 2.197 1.876 -5.163
SPIN 2 10 13 13 0.883 -5.403 -2.244
SPIN 2 10 13 14 -1.031 5.044 2.915
SPIN 2 10 13 15 1.571 4.461 3.554
SPIN 3 10 14 0 -2.712 5.257 0.071
SPIN 3 10 14 1 -1.462 -4.734 3.233
SPIN 3 10 14 2 5.559 2.004 0.283
SPIN 3 10 14 3 -4.272 -0.568 -4.054
SPIN 3 10 14 4 -4.429 -3.404 1.948
SPIN 3 10 14 5 -3.837 -0.729 -4.443
SPIN 3 10 14 6 3.162 2.430 4.370
SPIN 3 10 14 7 -0.289 -2.219 -5.476
SPIN 3 10 14 8 1.296 5.423 1.979
SPIN 3 10 14 9 -3.209 4.164 2.713
SPIN 3 10 14 10 4.816 1.829 2.909
SPIN 3 10 14 11 -0.795 -1.630 -5.631
SPIN 3 10 14 12 -3.667 3.857 -2.583
SPIN 3 10 14 13 -5.235 0.386 2.729
SPIN 3 10 14 14 2.981 5.107 0.165
SPIN 3 10 14 15 -2.476 -4.724 2.561
SPIN 2 10 14 0 -1.332 -5.747 -0.447
SPIN 2 10 14 1 0.770 0.334 -5.856
SPIN 2 10 14 2 -1.586 -5.624 0.922
SPIN 2 10 14 3 4.948 -3.117 0.893
SPIN 2 10 14 4 -5.304 -1.691 -2.002
SPIN 2 10 14 5 -5.223 2.411 1.380
SPIN 2 10 14 6 5.368 -0.071 -2.486
SPIN 2 10 14 7 3.849 1.428 4.260
SPIN 2 10 14 8 2.345 -0.094 -5.431
SPIN 2 10 14 9 0.805 -5.607 -1.706
SPIN 2 10 14 10 -0.636 1.764 -5.611
SPIN 2 10 14 11 -5.062 -1.702 -2.545
SPIN 2 10 14 12 0.174 -5.105 2.985
SPIN 2 10 14 13 4.320 -2.405 3.249
SPIN 2 10 14 14 -4.793 -3.357 -0.870
SPIN 2 10 14 15 -0.492 0.242 5.891
SPIN 3 10 15 0 -2.708 4.042 3.366
SPIN 3 10 15 1 3.764 3.505 -2.923
SPIN 3 10 15 2 5.661 1.609 -0.606
SPIN 3 10 15 3 -5.073 2.416 1.851
SPIN 3 10 15 4 1.970 -1.124 -5.464
SPIN 3 10 15 5 4.409 -3.899 -0.595
SPIN 3 10 15 6 -5.651 -0.110 -1.746
SPIN 3 10 15 7 4.282 -3.293 2.412
SPIN 3 10 15 8 5.606 1.792 0.604
SPIN 3 10 15 9 0.038 3.681 4.632
SPIN 3 10 15 10 -3.999 1.079 -4.224
SPIN 3 10 15 11 1.635 5.682 -0.194
SPIN 3 10 15 12 -1.455 3.742 -4.346
SPIN 3 10 15 13 4.691 -2.748 -2.333
SPIN 3 10 15 14 4.025 -4.305 0.516
SPIN 3 10 15 15 -5.811 -0.973 -0.540
SPIN 2 10 15 0 3.609 1.418 -4.468
SPIN 2 10 15 1 -1.274 -4.452 3.682
SPIN 2 10 15 2 -2.975 4.564 -2.306
SPIN 2 10 15 3 -0.999 1.667 5.588
SPIN 2 10 15 4 -4.070 3.361 -2.671
SPIN 2 10 15 5 4.910 -0.462 -3.268
SPIN 2 10 15 6 -4.901 -2.281 2.404
SPIN 2 10 15 7 1.479 -5.298 -2.178
SPIN 2 10 15 8 -1.943 3.866 4.035
SPIN 2 10 15 9 -3.472 4.774 0.396
SPIN 2 10 15 10 3.850 -2.267 3.878
SPIN 2 10 15 11 3.046 4.343 2.619
SPIN 2 10 15 12 2.281 3.626 4.080
SPIN 2 10 15 13 -1.878 5.577 -0.610
SPIN 2 10 15 14 -0.936 -5.744 1.065
SPIN 2 10 15 15 4.911 2.633 1.989
SPIN 1 11 0 0 -2.780 3.133 4.178
SPIN 1 11 0 1 4.868 -3.160 -1.148
SPIN 1 11 0 2 4.050 4.081 -1.394
SPIN 1 11 0 3 -4.198 -0.024 4.169
SPIN 1 11 0 4 3.729 -3.040 3.443
SPIN 1 11 0 5 2.739 -4.269 -3.045
SPIN 1 11 0 6 0.989 3.338 -4.783
SPIN 1 11 0 7 1.640 -1.544 5.471
SPIN 1 11 0 8 0.862 -4.053 -4.223
SPIN 1 11 0 9 -1.958 3.678 -4.200
SPIN 1 11 0 10 -3.885 1.642 -4.148
SPIN 1 11 0 11 3.121 -3.676 -3.427
SPIN 1 11 0 12 3.764 -3.727 -2.635
SPIN 1 11 0 13 3.410 3.804 -2.983
SPIN 1 11 0 14 -2.835 4.202 -3.050
SPIN 1 11 0 15 -5.906 0.201 0.273
SPIN 4 11 0 0 -4.985 2.725 1.651
SPIN 4 11 0 1 -5.535 1.475 1.478
SPIN 4 11 0 2 -2.538 -1.959 -4.972
SPIN 4 11 0 3 -5.852 -0.187 0.847
SPIN 4 11 0 4 0.165 5.697 -1.586
SPIN 4 11 0 5 -1.870 -5.050 2.450
SPIN 4 11 0 6 1.029 0.922 5.753
SPIN 4 11 0 7 -3.111 1.136 -4.902
SPIN 4 11 0 8 5.818 0.753 -0.764
SPIN 4 11 0 9 -1.650 -5.391 -1.794
SPIN 4 11 0 10 -4.223 2.105 3.568
SPIN 4 11 0 11 0.901 5.249 -2.575
SPIN 4 11 0 12 -3.297 -3.219 -3.710
SPIN 4 11 0 13 3.943 2.458 3.662
SPIN 4 11 0 14 -0.648 -4.269 -4.044
SPIN 4 11 0 15 3.760 -3.508 2.925
SPIN 1 11 1 0 -0.410 1.608 -5.679
SPIN 1 11 1 1 1.136 1.966 -5.463
SPIN 1 11 1 2 -3.496 0.053 4.772
SPIN 1 11 1 3 5.390 -2.398 -0.448
SPIN 1 11 1 4 2.386 3.437 4.183
SPIN 1 11 1 5 4.219 -0.683 4.090
SPIN 1 11 1 6 -5.915 0.003 0.117
SPIN 1 11 1 7 -5.910 -0.170 0.216
SPIN 1 11 1 8 3.663 2.898 3.631
SPIN 1 11 1 9 -4.352 -1.936 3.509
SPIN 1 11 1 10 0.036 -5.620 1.847
SPIN 1 11 1 11 -3.125 3.335 3.757
SPIN 1 11 1 12 2.519 1.263 5.202
SPIN 1 11 1 13 -5.462 -0.492 2.220
SPIN 1 11 1 14 -5.602 -1.455 -1.225
SPIN 1 11 1 15 0.840 -5.440 -2.169
SPIN 4 11 1 0 4.610 1.533 -3.376
SPIN 4 11 1 1 3.765 -0.328 4.551
SPIN 4 11 1 2 -5.591 -1.596 1.091
SPIN 4 11 1 3 -2.400 -0.691 -5.363
SPIN 4 11 1 4 0.021 -5.268 2.692
SPIN 4 11 1 5 3.892 0.482 -4.429
SPIN 4 11 1 6 5.311 1.933 -1.747
SPIN 4 11 1 7 -3.294 -2.078 -4.453
SPIN 4 11 1 8 0.000 3.889 4.458
SPIN 4 11 1 9 0.142 -2.250 -5.470
SPIN 4 11 1 10 2.746 1.915 -4.878
SPIN 4 11 1 11 -5.114 -2.897 0.669
SPIN 4 11 1 12 4.723 -0.958 3.432
SPIN 4 11 1 13 -3.887 -2.081 -3.944
SPIN 4 11 1 14 -3.586 3.457 3.192
SPIN 4 11 1 15 -1.932 -2.810 -4.835
SPIN 1 11 2 0 -4.075 3.295 -2.745
SPIN 1 11 2 1 -2.705 4.927 -1.845
SPIN 1 11 2 2 -3.820 -4.336 1.267
SPIN 1 11 2 3 2.163 -3.913 3.874
SPIN 1 11 2 4 -0.488 -4.375 3.952
SPIN 1 11 2 5 -4.989 2.164 -2.329
SPIN 1 11 2 6 -3.795 -4.428 -0.994
SPIN 1 11 2 7 1.544 0.960 5.630
SPIN 1 11 2 8 -5.842 -0.770 0.532
SPIN 1 11 2 9 -3.628 0.335 -4.661
SPIN 1 11 2 10 5.612 0.533 1.795
SPIN 1 11 2 11 -5.184 -1.319 -2.526
SPIN 1 11 2 12 2.553 -4.613 -2.683
SPIN 1 11 2 13 0.640 -5.734 -1.308
SPIN 1 11 2 14 3.696 4.513 -0.988
SPIN 1 11 2 15 3.971 1.808 3.995
SPIN 4 11 2 0 -4.451 1.026 3.760
SPIN 4 11 2 1 3.256 -3.283 3.690
SPIN 4 11 2 2 4.544 2.842 2.505
SPIN 4 11 2 3 -5.027 0.837 -3.004
SPIN 4 11 2 4 0.971 5.156 2.734
SPIN 4 11 2 5 2.165 5.502 -0.200
SPIN 4 11 2 6 2.145 -3.086 -4.569
SPIN 4 11 2 7 -2.764 3.528 3.862
SPIN 4 11 2 8 -0.212 -5.265 2.689
SPIN 4 11 2 9 4.791 -2.831 -2.009
SPIN 4 11 2 10 0.994 -2.852 -5.087
SPIN 4 11 2 11 4.976 1.406 2.874
SPIN 4 11 2 12 -1.978 2.768 4.840
SPIN 4 11 2 13 -0.518 5.667 -1.616
SPIN 4 11 2 14 0.789 -4.737 3.456
SPIN 4 11 2 15 -0.353 5.659 -1.688
SPIN 1 11 3 0 -3.882 -3.990 2.004
SPIN 1 11 3 1 0.320 -1.922 -5.586
SPIN 1 11 3 2 4.166 0.842 4.116
SPIN 1 11 3 3 0.589 5.114 -2.916
SPIN 1 11 3 4 -0.453 4.104 -4.237
SPIN 1 11 3 5 -3.254 -2.963 3.954
SPIN 1 11 3 6 -3.504 4.685 0.878
SPIN 1 11 3 7 2.434 -4.946 -2.149
SPIN 1 11 3 8 -1.465 -4.633 -3.375
SPIN 1 11 3 9 5.038 3.081 0.353
SPIN 1 11 3 10 -5.779 0.815 0.971
SPIN 1 11 3 11 4.916 0.960 -3.148
SPIN 1 11 3 12 -2.198 -3.777 3.988
SPIN 1 11 3 13 -4.919 -2.167 -2.471
SPIN 1 11 3 14 1.446 -2.642 5.092
SPIN 1 11 3 15 -2.824 3.915 -3.420
SPIN 4 11 3 0 -2.954 0.143 -5.124
SPIN 4 11 3 1 -3.054 -4.420 2.477
SPIN 4 11 3 2 -2.346 -5.005 2.108
SPIN 4 11 3 3 3.441 3.145 3.643
SPIN 4 11 3 4 -5.131 2.928 -0.312
SPIN 4 11 3 5 5.694 1.589 0.243
SPIN 4 11 3 6 2.781 -2.652 4.498
SPIN 4 11 3 7 -4.643 0.683 -3.602
SPIN 4 11 3 8 1.080 -5.218 -2.570
SPIN 4 11 3 9 -1.576 -3.754 -4.292
SPIN 4 11 3 10 5.425 2.248 0.718
SPIN 4 11 3 11 -5.087 -2.967 0.569
SPIN 4 11 3 12 2.465 2.710 -4.646
SPIN 4 11 3 13 0.037 -5.906 -0.342
SPIN 4 11 3 14 -1.375 5.612 -1.268
SPIN 4 11 3 15 4.997 -3.164 0.143
SPIN 1 11 4 0 3.928 4.260 -1.194
SPIN 1 11 4 1 -3.428 -4.369 2.039
SPIN 1 11 4 2 4.271 2.096 -3.516
SPIN 1 11 4 3 -5.834 -0.631 0.752
SPIN 1 11 4 4 0.695 -1.122 5.767
SPIN 1 11 4 5 -3.390 -3.154 -3.682
SPIN 1 11 4 6 -3.684 -4.556 0.817
SPIN 1 11 4 7 -0.387 5.898 -0.245
SPIN 1 11 4 8 -2.363 1.024 5.326
SPIN 1 11 4 9 1.994 5.041 2.369
SPIN 1 11 4 10 -1.111 -4.070 4.148
SPIN 1 11 4 11 -3.078 -2.823 4.190
SPIN 1 11 4 12 3.202 -2.307 -4.407
SPIN 1 11 4 13 0.118 3.313 4.900
SPIN 1 11 4 14 3.234 4.628 -1.766
SPIN 1 11 4 15 -2.125 -5.321 -1.472
SPIN 4 11 4 0 -1.517 -5.718 0.028
SPIN 4 11 4 1 4.374 -3.968 -0.352
SPIN 4 11 4 2 -2.238 -5.257 1.534
SPIN 4 11 4 3 3.323 2.761 -4.042
SPIN 4 11 4 4 3.718 -0.327 4.591
SPIN 4 11 4 5 3.611 -2.755 -3.791
SPIN 4 11 4 6 5.593 -1.232 1.482
SPIN 4 11 4 7 5.817 0.933 -0.536
SPIN 4 11 4 8 -2.839 -3.052 4.198
SPIN 4 11 4 9 5.595 -1.540 -1.152
SPIN 4 11 4 10 1.239 -0.351 -5.774
SPIN 4 11 4 11 -4.104 1.191 4.091
SPIN 4 11 4 12 3.407 -4.642 1.356
SPIN 4 11 4 13 3.995 4.357 0.245
SPIN 4 11 4 14 3.631 3.858 2.633
SPIN 4 11 4 15 -3.805 0.944 4.431
SPIN 1 11 5 0 2.489 -4.543 2.858
SPIN 1 11 5 1 -5.136 2.911 0.392
SPIN 1 11 5 2 0.209 2.981 -5.106
SPIN 1 11 5 3 3.166 1.583 4.741
SPIN 1 11 5 4 0.635 -1.174 -5.764
SPIN 1 11 5 5 2.979 -4.870 1.551
SPIN 1 11 5 6 3.328 -2.993 3.868
SPIN 1 11 5 7 -4.466 -3.665 -1.273
SPIN 1 11 5 8 -2.323 -3.370 -4.271
SPIN 1 11 5 9 -5.224 2.226 1.659
SPIN 1 11 5 10 -0.875 -0.722 5.806
SPIN 1 11 5 11 -1.701 -5.663 0.191
SPIN 1 11 5 12 -3.665 2.817 -3.692
SPIN 1 11 5 13 -4.581 3.740 0.171
SPIN 1 11 5 14 -2.088 -5.535 0.031
SPIN 1 11 5 15 1.057 0.868 5.756
SPIN 4 11 5 0 -5.185 -0.350 2.828
SPIN 4 11 5 1 2.266 5.343 1.145
SPIN 4 11 5 2 -5.385 -2.406 -0.468
SPIN 4 11 5 3 -0.592 -0.417 5.872
SPIN 4 11 5 4 0.575 2.015 -5.533
SPIN 4 11 5 5 -2.532 3.202 4.282
SPIN 4 11 5 6 -3.419 4.752 -0.851
SPIN 4 11 5 7 -4.241 0.416 4.103
SPIN 4 11 5 8 -5.529 2.089 -0.271
SPIN 4 11 5 9 -0.226 4.021 4.334
SPIN 4 11 5 10 0.086 -4.027 -4.333
SPIN 4 11 5 11 -2.646 1.923 -4.929
SPIN 4 11 5 12 -2.460 5.337 0.678
SPIN 4 11 5 13 3.123 5.024 -0.081
SPIN 4 11 5 14 4.205 4.134 -0.478
SPIN 4 11 5 15 -1.942 0.073 -5.588
SPIN 1 11 6 0 -2.028 -4.231 3.604
SPIN 1 11 6 1 5.040 1.577 2.666
SPIN 1 11 6 2 -1.390 -5.102 -2.653
SPIN 1 11 6 3 -5.234 -0.374 -2.732
SPIN 1 11 6 4 -2.951 1.041 5.020
SPIN 1 11 6 5 -1.398 -0.784 -5.695
SPIN 1 11 6 6 5.829 -0.630 0.794
SPIN 1 11 6 7 2.340 4.327 3.287
SPIN 1 11 6 8 -1.941 4.265 3.612
SPIN 1 11 6 9 1.749 -5.081 -2.475
SPIN 1 11 6 10 -2.053 3.750 4.089
SPIN 1 11 6 11 -1.259 -5.765 -0.425
SPIN 1 11 6 12 -1.143 1.726 5.542
SPIN 1 11 6 13 5.020 -0.304 -3.115
SPIN 1 11 6 14 -4.996 0.616 -3.108
SPIN 1 11 6 15 1.035 -4.399 3.818
SPIN 4 11 6 0 -0.580 -0.612 -5.856
SPIN 4 11 6 1 1.714 5.657 0.234
SPIN 4 11 6 2 5.558 1.529 -1.332
SPIN 4 11 6 3 1.667 -1.669 5.425
SPIN 4 11 6 4 4.008 -2.231 3.736
SPIN 4 11 6 5 3.534 -0.852 4.668
SPIN 4 11 6 6 -0.535 1.499 5.698
SPIN 4 11 6 7 1.603 0.420 -5.679
SPIN 4 11 6 8 -5.332 -2.560 -0.148
SPIN 4 11 6 9 1.450 1.488 -5.539
SPIN 4 11 6 10 -4.744 3.172 -1.561
SPIN 4 11 6 11 3.356 0.460 4.850
SPIN 4 11 6 12 3.036 -0.877 -5.002
SPIN 4 11 6 13 -4.432 -1.208 3.728
SPIN 4 11 6 14 -2.619 4.103 3.362
SPIN 4 11 6 15 4.525 -3.506 1.495
SPIN 1 11 7 0 5.531 1.413 1.553
SPIN 1 11 7 1 -1.418 -4.566 3.485
SPIN 1 11 7 2 -1.562 -1.617 5.472
SPIN 1 11 7 3 2.890 -3.442 3.847
SPIN 1 11 7 4 -2.257 4.083 3.638
SPIN 1 11 7 5 -1.807 -5.289 1.939
SPIN 1 11 7 6 -0.566 -5.885 0.220
SPIN 1 11 7 7 3.600 1.084 4.567
SPIN 1 11 7 8 -4.897 2.590 -2.076
SPIN 1 11 7 9 2.307 -2.709 4.726
SPIN 1 11 7 10 1.515 -4.728 -3.217
SPIN 1 11 7 11 3.057 5.055 0.310
SPIN 1 11 7 12 0.215 -3.615 -4.679
SPIN 1 11 7 13 -5.248 -2.673 -0.559
SPIN 1 11 7 14 1.023 5.114 -2.793
SPIN 1 11 7 15 -5.130 -2.800 0.917
SPIN 4 11 7 0 0.250 -1.676 -5.668
SPIN 4 11 7 1 2.799 4.868 -1.864
SPIN 4 11 7 2 1.953 -0.133 -5.583
SPIN 4 11 7 3 1.245 5.576 -1.535
SPIN 4 11 7 4 3.741 -4.556 -0.501
SPIN 4 11 7 5 0.337 2.798 -5.201
SPIN 4 11 7 6 -3.208 -0.863 -4.895
SPIN 4 11 7 7 -4.790 -3.224 -1.289
SPIN 4 11 7 8 5.156 -0.946 2.742
SPIN 4 11 7 9 -3.539 2.074 -4.263
SPIN 4 11 7 10 0.868 -4.827 3.309
SPIN 4 11 7 11 -4.439 0.111 -3.910
SPIN 4 11 7 12 -2.978 2.906 4.206
SPIN 4 11 7 13 -2.267 5.401 -0.830
SPIN 4 11 7 14 -3.288 -3.564 -3.389
SPIN 4 11 7 15 0.255 -5.761 1.323
SPIN 1 11 8 0 -5.637 1.304 1.234
SPIN 1 11 8 1 4.461 -2.592 2.895
SPIN 1 11 8 2 0.876 5.847 -0.217
SPIN 1 11 8 3 0.505 -4.943 3.210
SPIN 1 11 8 4 -5.835 -0.974 0.089
SPIN 1 11 8 5 -4.191 -3.444 2.360
SPIN 1 11 8 6 -2.874 4.562 -2.434
SPIN 1 11 8 7 5.221 -2.350 1.488
SPIN 1 11 8 8 3.335 3.709 -3.181
SPIN 1 11 8 9 4.289 4.026 0.630
SPIN 1 11 8 10 4.760 2.766 2.166
SPIN 1 11 8 11 -3.294 -4.827 0.923
SPIN 1 11 8 12 -2.079 -0.325 5.529
SPIN 1 11 8 13 4.957 -0.587 -3.175
SPIN 1 11 8 14 5.028 -2.706 -1.547
SPIN 1 11 8 15 1.377 5.725 0.572
SPIN 4 11 8 0 -4.523 -2.326 3.022
SPIN 4 11 8 1 0.696 -5.531 1.982
SPIN 4 11 8 2 -2.609 -5.073 -1.568
SPIN 4 11 8 3 0.416 3.193 4.963
SPIN 4 11 8 4 -1.033 2.618 -5.204
SPIN 4 11 8 5 1.433 0.351 5.729
SPIN 4 11 8 6 -2.708 -2.915 -4.378
SPIN 4 11 8 7 -1.705 2.567 5.050
SPIN 4 11 8 8 -0.041 -2.350 -5.429
SPIN 4 11 8 9 -3.408 3.339 -3.498
SPIN 4 11 8 10 0.647 1.874 5.574
SPIN 4 11 8 11 0.014 4.492 -3.850
SPIN 4 11 8 12 3.564 1.765 4.380
SPIN 4 11 8 13 -4.839 1.411 -3.098
SPIN 4 11 8 14 1.005 -1.022 5.740
SPIN 4 11 8 15 4.867 0.815 3.263
SPIN 1 11 9 0 -3.507 4.420 1.780
SPIN 1 11 9 1 -3.343 3.628 -3.265
SPIN 1 11 9 2 2.538 5.337 0.269
SPIN 1 11 9 3 5.320 1.363 -2.199
SPIN 1 11 9 4 -3.124 -0.098 5.023
SPIN 1 11 9 5 4.055 -3.678 2.243
SPIN 1 11 9 6 -1.395 2.547 -5.154
SPIN 1 11 9 7 0.437 -5.844 0.811
SPIN 1 11 9 8 2.153 -0.262 -5.504
SPIN 1 11 9 9 3.478 1.175 4.639
SPIN 1 11 9 10 -2.996 -2.671 -4.346
SPIN 1 11 9 11 1.569 0.399 5.690
SPIN 1 11 9 12 3.538 -3.957 2.612
SPIN 1 11 9 13 -2.419 1.073 -5.291
SPIN 1 11 9 14 1.475 -5.330 2.102
SPIN 1 11 9 15 -4.171 1.248 -4.005
SPIN 4 11 9 0 5.820 -0.943 0.494
SPIN 4 11 9 1 1.012 -1.413 5.655
SPIN 4 11 9 2 -2.081 -2.085 -5.130
SPIN 4 11 9 3 -3.216 2.357 -4.371
SPIN 4 11 9 4 -2.007 -4.623 3.098
SPIN 4 11 9 5 -4.767 -3.466 -0.515
SPIN 4 11 9 6 -3.633 4.149 -2.142
SPIN 4 11 9 7 0.707 5.097 -2.920
SPIN 4 11 9 8 -1.013 -5.816 -0.387
SPIN 4 11 9 9 5.348 -0.289 -2.514
SPIN 4 11 9 10 -1.066 5.391 -2.191
SPIN 4 11 9 11 -5.112 -1.062 -2.782
SPIN 4 11 9 12 3.280 -2.995 3.908
SPIN 4 11 9 13 -2.042 -5.494 0.803
SPIN 4 11 9 14 0.527 5.890 -0.171
SPIN 4 11 9 15 2.513 1.917 -5.001
SPIN 1 11 10 0 2.869 -2.205 4.680
SPIN 1 11 10 1 -4.546 2.947 -2.376
SPIN 1 11 10 2 3.988 -3.828 -2.107
SPIN 1 11 10 3 -3.525 0.327 4.740
SPIN 1 11 10 4 3.074 -4.013 3.074
SPIN 1 11 10 5 -3.355 4.451 -1.982
SPIN 1 11 10 6 -1.324 -5.646 -1.170
SPIN 1 11 10 7 5.053 -2.559 1.708
SPIN 1 11 10 8 5.025 3.054 0.653
SPIN 1 11 10 9 -1.184 -5.147 -2.665
SPIN 1 11 10 10 -0.381 -1.318 5.755
SPIN 1 11 10 11 3.956 -0.501 -4.370
SPIN 1 11 10 12 2.650 2.309 4.759
SPIN 1 11 10 13 4.257 -0.829 -4.023
SPIN 1 11 10 14 -2.264 4.288 -3.389
SPIN 1 11 10 15 -0.449 -3.887 -4.437
SPIN 4 11 10 0 -3.513 -4.327 -1.985
SPIN 4 11 10 1 5.072 -0.997 2.877
SPIN 4 11 10 2 1.558 -5.700 -0.294
SPIN 4 11 10 3 -2.582 -0.656 -5.282
SPIN 4 11 10 4 1.563 4.777 -3.120
SPIN 4 11 10 5 -2.343 -5.104 1.861
SPIN 4 11 10 6 3.595 4.242 2.021
SPIN 4 11 10 7 -3.526 -0.710 -4.697
SPIN 4 11 10 8 4.411 3.829 0.937
SPIN 4 11 10 9 -5.062 0.260 -3.051
SPIN 4 11 10 10 -3.913 1.339 4.230
SPIN 4 11 10 11 4.835 2.108 2.680
SPIN 4 11 10 12 -3.985 1.592 -4.073
SPIN 4 11 10 13 3.323 1.751 4.571
SPIN 4 11 10 14 -5.146 2.438 -1.607
SPIN 4 11 10 15 5.450 -0.433 2.261
SPIN 1 11 11 0 -1.541 -4.593 3.396
SPIN 1 11 11 1 -0.378 5.324 -2.551
SPIN 1 11 11 2 -3.875 4.457 0.345
SPIN 1 11 11 3 1.530 1.465 -5.524
SPIN 1 11 11 4 -2.658 2.668 -4.562
SPIN 1 11 11 5 -2.556 -5.319 -0.416
SPIN 1 11 11 6 4.444 -1.961 3.378
SPIN 1 11 11 7 -0.746 -3.061 5.008
SPIN 1 11 11 8 5.359 0.922 2.330
SPIN 1 11 11 9 2.757 3.600 -3.799
SPIN 1 11 11 10 -2.399 0.428 5.391
SPIN 1 11 11 11 3.659 0.232 4.643
SPIN 1 11 11 12 -3.828 4.470 0.610
SPIN 1 11 11 13 3.870 -3.306 3.015
SPIN 1 11 11 14 2.608 -2.707 -4.568
SPIN 1 11 11 15 3.689 3.938 2.427
SPIN 4 11 11 0 4.287 3.945 1.027
SPIN 4 11 11 1 0.092 4.431 -3.919
SPIN 4 11 11 2 -5.047 -2.803 1.291
SPIN 4 11 11 3 5.229 0.129 2.764
SPIN 4 11 11 4 -2.737 -4.708 2.311
SPIN 4 11 11 5 3.803 -0.958 -4.429
SPIN 4 11 11 6 -3.019 -2.561 -4.397
SPIN 4 11 11 7 5.079 -0.790 -2.930
SPIN 4 11 11 8 -4.653 -3.472 1.139
SPIN 4 11 11 9 -3.289 4.274 -2.432
SPIN 4 11 11 10 4.148 4.160 -0.703
SPIN 4 11 11 11 -1.963 -3.957 3.936
SPIN 4 11 11 12 -5.637 1.644 0.719
SPIN 4 11 11 13 -4.828 -0.708 3.344
SPIN 4 11 11 14 -2.574 3.825 -3.707
SPIN 4 11 11 15 -2.280 -3.604 -4.100
SPIN 1 11 12 0 -0.476 2.469 -5.355
SPIN 1 11 12 1 -3.458 2.595 4.038
SPIN 1 11 12 2 -4.239 -3.852 -1.482
SPIN 1 11 12 3 -2.718 -5.187 -0.845
SPIN 1 11 12 4 -5.222 0.202 2.773
SPIN 1 11 12 5 0.342 -3.808 -4.515
SPIN 1 11 12 6 1.350 5.738 -0.503
SPIN 1 11 12 7 -1.401 3.275 -4.724
SPIN 1 11 12 8 -2.193 4.942 -2.401
SPIN 1 11 12 9 2.361 1.358 5.252
SPIN 1 11 12 10 0.498 5.842 -0.787
SPIN 1 11 12 11 -4.334 4.013 0.333
SPIN 1 11 12 12 2.961 2.818 4.277
SPIN 1 11 12 13 5.634 -0.056 -1.803
SPIN 1 11 12 14 -5.016 2.081 2.347
SPIN 1 11 12 15 4.945 3.246 -0.105
SPIN 4 11 12 0 1.625 4.461 -3.530
SPIN 4 11 12 1 -0.230 4.781 3.477
SPIN 4 11 12 2 5.642 1.401 -1.097
SPIN 4 11 12 3 -5.164 2.192 1.878
SPIN 4 11 12 4 5.452 1.307 -1.890
SPIN 4 11 12 5 -2.588 4.596 -2.680
SPIN 4 11 12 6 4.769 -1.009 3.353
SPIN 4 11 12 7 0.072 -5.836 0.970
SPIN 4 11 12 8 3.263 4.923 -0.341
SPIN 4 11 12 9 -4.377 -1.457 3.704
SPIN 4 11 12 10 3.160 -2.989 4.010
SPIN 4 11 12 11 0.654 -2.102 -5.491
SPIN 4 11 12 12 1.571 -5.365 -1.937
SPIN 4 11 12 13 2.783 4.949 -1.663
SPIN 4 11 12 14 -1.179 -5.797 -0.006
SPIN 4 11 12 15 -2.194 -3.899 3.871
SPIN 1 11 13 0 2.852 3.882 -3.435
SPIN 1 11 13 1 -5.041 -3.041 -0.585
SPIN 1 11 13 2 4.681 1.594 -3.248
SPIN 1 11 13 3 -1.592 4.151 3.904
SPIN 1 11 13 4 -2.659 2.821 -4.469
SPIN 1 11 13 5 1.734 -1.187 5.530
SPIN 1 11 13 6 0.734 2.736 -5.194
SPIN 1 11 13 7 -3.376 -0.661 -4.813
SPIN 1 11 13 8 4.835 3.322 -0.765
SPIN 1 11 13 9 2.267 -4.091 -3.623
SPIN 1 11 13 10 2.571 1.179 5.196
SPIN 1 11 13 11 -2.015 2.380 -5.027
SPIN 1 11 13 12 4.899 -2.934 1.545
SPIN 1 11 13 13 5.654 -0.575 -1.645
SPIN 1 11 13 14 2.113 0.526 5.501
SPIN 1 11 13 15 -5.129 -2.748 -1.070
SPIN 4 11 13 0 0.992 -5.581 1.695
SPIN 4 11 13 1 2.233 4.905 2.440
SPIN 4 11 13 2 2.449 -3.080 -4.418
SPIN 4 11 13 3 1.492 4.878 2.997
SPIN 4 11 13 4 -2.185 -1.699 -5.229
SPIN 4 11 13 5 -2.936 -4.861 -1.657
SPIN 4 11 13 6 1.545 4.787 -3.115
SPIN 4 11 13 7 5.473 2.246 0.073
SPIN 4 11 13 8 0.135 -4.462 3.882
SPIN 4 11 13 9 2.892 1.532 -4.929
SPIN 4 11 13 10 0.780 2.395 5.353
SPIN 4 11 13 11 2.939 1.311 4.964
SPIN 4 11 13 12 -1.678 -4.300 -3.701
SPIN 4 11 13 13 -4.821 3.408 -0.374
SPIN 4 11 13 14 5.359 -0.990 -2.302
SPIN 4 11 13 15 2.074 3.421 -4.359
SPIN 1 11 14 0 0.038 -0.050 -5.916
SPIN 1 11 14 1 4.586 -1.029 -3.593
SPIN 1 11 14 2 -3.802 0.066 -4.532
SPIN 1 11 14 3 -2.614 -3.260 -4.188
SPIN 1 11 14 4 5.760 -1.258 -0.495
SPIN 1 11 14 5 1.721 -5.641 -0.462
SPIN 1 11 14 6 -3.691 2.542 3.862
SPIN 1 11 14 7 -1.375 5.329 2.171
SPIN 1 11 14 8 0.563 -5.889 -0.065
SPIN 1 11 14 9 -4.159 2.512 -3.375
SPIN 1 11 14 10 -0.120 -4.687 -3.609
SPIN 1 11 14 11 5.621 1.224 1.381
SPIN 1 11 14 12 -0.245 1.474 -5.724
SPIN 1 11 14 13 0.468 5.658 -1.664
SPIN 1 11 14 14 1.149 -1.210 -5.676
SPIN 1 11 14 15 1.508 2.023 5.351
SPIN 4 11 14 0 -3.864 4.363 1.019
SPIN 4 11 14 1 4.931 -2.776 1.725
SPIN 4 11 14 2 0.809 5.860 0.057
SPIN 4 11 14 3 0.038 5.071 3.048
SPIN 4 11 14 4 3.473 4.779 -0.319
SPIN 4 11 14 5 -0.722 0.081 5.871
SPIN 4 11 14 6 -2.949 -2.525 -4.464
SPIN 4 11 14 7 -5.622 1.398 1.201
SPIN 4 11 14 8 -2.133 4.611 -3.031
SPIN 4 11 14 9 4.108 -4.009 1.433
SPIN 4 11 14 10 -1.980 -4.626 -3.111
SPIN 4 11 14 11 -3.693 -0.426 4.602
SPIN 4 11 14 12 -2.606 -5.034 -1.695
SPIN 4 11 14 13 -1.283 5.748 -0.563
SPIN 4 11 14 14 -5.363 -1.180 -2.202
SPIN 4 11 14 15 3.942 0.368 4.396
SPIN 1 11 15 0 3.183 -4.920 0.813
SPIN 1 11 15 1 0.380 1.179 -5.785
SPIN 1 11 15 2 -1.322 -1.137 5.653
SPIN 1 11 15 3 0.566 -2.922 -5.113
SPIN 1 11 15 4 0.918 5.653 1.482
SPIN 1 11 15 5 -2.915 2.787 4.328
SPIN 1 11 15 6 5.890 0.321 -0.459
SPIN 1 11 15 7 4.293 3.953 -0.972
SPIN 1 11 15 8 -5.205 -1.668 2.264
SPIN 1 11 15 9 5.806 -0.891 -0.701
SPIN 1 11 15 10 1.711 5.616 -0.727
SPIN 1 11 15 11 -4.561 -0.937 -3.650
SPIN 1 11 15 12 2.511 -4.734 2.506
SPIN 1 11 15 13 -1.783 2.415 5.098
SPIN 1 11 15 14 5.700 -1.432 0.676
SPIN 1 11 15 15 4.649 -1.537 -3.320
SPIN 4 11 15 0 -0.324 4.504 3.822
SPIN 4 11 15 1 0.323 -2.091 -5.525
SPIN 4 11 15 2 -2.773 -4.104 -3.235
SPIN 4 11 15 3 2.089 -5.514 0.486
SPIN 4 11 15 4 -3.829 -4.499 -0.314
SPIN 4 11 15 5 3.464 3.190 -3.582
SPIN 4 11 15 6 4.492 2.548 -2.886
SPIN 4 11 15 7 5.886 0.577 0.129
SPIN 4 11 15 8 -1.237 0.358 -5.774
SPIN 4 11 15 9 -1.859 -5.475 1.253
SPIN 4 11 15 10 -4.403 -3.521 -1.793
SPIN 4 11 15 11 3.175 -2.828 -4.114
SPIN 4 11 15 12 3.722 -3.931 -2.386
SPIN 4 11 15 13 -2.417 3.964 3.667
SPIN 4 11 15 14 -2.977 -4.941 -1.311
SPIN 4 11 15 15 -5.361 -1.363 2.097
SPIN 3 11 0 0 -4.860 -1.682 -2.924
SPIN 3 11 0 1 -0.168 3.088 -5.044
SPIN 3 11 0 2 -4.633 -2.319 2.856
SPIN 3 11 0 3 5.181 2.695 -0.948
SPIN 3 11 0 4 -5.564 0.908 1.795
SPIN 3 11 0 5 -1.326 1.259 -5.626
SPIN 3 11 0 6 -4.284 -3.557 2.000
SPIN 3 11 0 7 -5.538 -0.329 -2.054
SPIN 3 11 0 8 -4.936 -1.447 2.922
SPIN 3 11 0 9 5.723 1.493 -0.139
SPIN 3 11 0 10 0.887 5.848 0.134
SPIN 3 11 0 11 1.559 4.552 3.443
SPIN 3 11 0 12 1.813 2.373 5.107
SPIN 3 11 0 13 -5.073 -3.043 -0.039
SPIN 3 11 0 14 5.771 1.230 0.424
SPIN 3 11 0 15 5.729 -0.412 -1.419
SPIN 2 11 0 0 5.524 -1.213 1.737
SPIN 2 11 0 1 -3.170 -1.979 4.586
SPIN 2 11 0 2 4.127 -1.677 -3.893
SPIN 2 11 0 3 -4.494 -3.576 -1.421
SPIN 2 11 0 4 -2.725 4.816 2.092
SPIN 2 11 0 5 4.281 -3.983 0.899
SPIN 2 11 0 6 1.523 5.341 2.038
SPIN 2 11 0 7 -0.587 -5.831 -0.813
SPIN 2 11 0 8 3.108 1.121 4.907
SPIN 2 11 0 9 -2.385 4.738 -2.620
SPIN 2 11 0 10 4.575 -3.730 0.399
SPIN 2 11 0 11 -5.022 -1.290 -2.848
SPIN 2 11 0 12 0.542 0.793 5.838
SPIN 2 11 0 13 -2.093 0.325 -5.524
SPIN 2 11 0 14 -4.789 3.180 1.398
SPIN 2 11 0 15 -4.373 1.593 -3.652
SPIN 3 11 1 0 -2.605 -3.396 -4.085
SPIN 3 11 1 1 -3.854 3.445 2.877
SPIN 3 11 1 2 4.128 -3.426 -2.494
SPIN 3 11 1 3 -0.797 5.730 -1.237
SPIN 3 11 1 4 -0.340 -2.995 -5.091
SPIN 3 11 1 5 -0.118 4.878 3.346
SPIN 3 11 1 6 1.491 -5.722 -0.190
SPIN 3 11 1 7 -2.308 5.417 -0.576
SPIN 3 11 1 8 -1.273 -5.768 0.339
SPIN 3 11 1 9 5.650 0.930 -1.488
SPIN 3 11 1 10 -5.558 -0.541 -1.954
SPIN 3 11 1 11 -0.264 -5.748 -1.377
SPIN 3 11 1 12 1.544 -0.461 -5.693
SPIN 3 11 1 13 5.186 -0.282 2.834
SPIN 3 11 1 14 -2.269 -2.707 -4.746
SPIN 3 11 1 15 -5.165 2.302 -1.739
SPIN 2 11 1 0 2.151 -2.571 4.875
SPIN 2 11 1 1 -2.166 4.303 -3.434
SPIN 2 11 1 2 0.149 -2.461 5.378
SPIN 2 11 1 3 1.186 5.305 -2.335
SPIN 2 11 1 4 1.002 3.471 -4.685
SPIN 2 11 1 5 -2.287 -4.456 3.149
SPIN 2 11 1 6 1.648 -0.019 -5.682
SPIN 2 11 1 7 2.187 5.486 -0.352
SPIN 2 11 1 8 2.139 -4.484 -3.211
SPIN 2 11 1 9 -2.754 -2.092 4.800
SPIN 2 11 1 10 1.223 5.763 0.543
SPIN 2 11 1 11 5.346 0.603 -2.461
SPIN 2 11 1 12 -3.618 -3.250 -3.368
SPIN 2 11 1 13 1.417 5.567 -1.414
SPIN 2 11 1 14 -0.254 -5.881 0.589
SPIN 2 11 1 15 2.612 5.032 -1.691
SPIN 3 11 2 0 -5.820 0.768 0.735
SPIN 3 11 2 1 3.489 -4.563 1.415
SPIN 3 11 2 2 -0.543 4.338 -3.985
SPIN 3 11 2 3 1.543 -1.347 5.550
SPIN 3 11 2 4 4.970 3.203 -0.186
SPIN 3 11 2 5 -5.675 -0.523 1.587
SPIN 3 11 2 6 -3.989 -3.346 -2.809
SPIN 3 11 2 7 3.425 4.813 0.322
SPIN 3 11 2 8 2.892 5.014 1.222
SPIN 3 11 2 9 -4.556 -3.157 2.068
SPIN 3 11 2 10 0.218 -5.180 2.849
SPIN 3 11 2 11 -3.471 3.649 -3.104
SPIN 3 11 2 12 2.916 -5.048 -1.009
SPIN 3 11 2 13 -3.933 0.661 4.369
SPIN 3 11 2 14 0.565 0.351 5.879
SPIN 3 11 2 15 -5.071 -3.045 -0.125
SPIN 2 11 2 0 3.820 3.778 -2.476
SPIN 2 11 2 1 3.310 1.324 4.721
SPIN 2 11 2 2 3.314 2.869 -3.973
SPIN 2 11 2 3 -2.583 -3.542 3.973
SPIN 2 11 2 4 2.037 -1.527 -5.340
SPIN 2 11 2 5 0.852 -2.693 5.198
SPIN 2 11 2 6 -4.876 2.395 -2.343
SPIN 2 11 2 7 2.832 -5.050 -1.215
SPIN 2 11 2 8 3.688 -0.113 4.624
SPIN 2 11 2 9 -1.698 -0.270 -5.661
SPIN 2 11 2 10 -4.429 -0.328 -3.908
SPIN 2 11 2 11 -5.401 0.035 2.413
SPIN 2 11 2 12 -1.322 -1.664 -5.521
SPIN 2 11 2 13 -1.958 -5.392 1.447
SPIN 2 11 2 14 3.121 3.385 -3.715
SPIN 2 11 2 15 0.248 -5.882 0.580
SPIN 3 11 3 0 4.786 2.280 -2.626
SPIN 3 11 3 1 -5.645 -0.315 1.743
SPIN 3 11 3 2 -4.633 -3.395 -1.419
SPIN 3 11 3 3 0.772 -0.988 5.782
SPIN 3 11 3 4 2.553 -4.172 -3.329
SPIN 3 11 3 5 1.940 3.967 -3.937
SPIN 3 11 3 6 3.113 -0.027 5.031
SPIN 3 11 3 7 4.467 -0.105 -3.878
SPIN 3 11 3 8 -4.745 -3.267 1.346
SPIN 3 11 3 9 5.307 1.278 2.281
SPIN 3 11 3 10 -3.463 1.120 4.664
SPIN 3 11 3 11 2.007 0.423 -5.549
SPIN 3 11 3 12 -3.520 4.173 2.279
SPIN 3 11 3 13 4.969 2.148 2.386
SPIN 3 11 3 14 -5.697 1.153 -1.102
SPIN 3 11 3 15 -4.400 0.556 -3.916
SPIN 2 11 3 0 -5.552 -2.042 0.086
SPIN 2 11 3 1 5.727 1.469 -0.200
SPIN 2 11 3 2 -0.909 -5.674 1.409
SPIN 2 11 3 3 3.066 1.033 -4.953
SPIN 2 11 3 4 5.474 -2.226 0.279
SPIN 2 11 3 5 -1.552 -2.865 4.938
SPIN 2 11 3 6 1.184 -5.775 -0.499
SPIN 2 11 3 7 -0.512 -5.732 -1.372
SPIN 2 11 3 8 2.845 -0.693 -5.141
SPIN 2 11 3 9 -2.731 -1.153 5.120
SPIN 2 11 3 10 0.457 -5.280 2.630
SPIN 2 11 3 11 3.936 0.028 -4.417
SPIN 2 11 3 12 -2.950 2.642 4.395
SPIN 2 11 3 13 -5.386 -2.106 -1.245
SPIN 2 11 3 14 5.857 0.758 -0.354
SPIN 2 11 3 15 -3.835 -4.492 0.343
SPIN 3 11 4 0 1.723 -3.901 4.100
SPIN 3 11 4 1 2.243 0.024 5.474
SPIN 3 11 4 2 4.298 0.396 -4.046
SPIN 3 11 4 3 -1.971 4.197 3.674
SPIN 3 11 4 4 0.128 5.894 -0.496
SPIN 3 11 4 5 3.429 -1.436 4.602
SPIN 3 11 4 6 -4.907 -3.282 -0.387
SPIN 3 11 4 7 2.807 -3.698 -3.667
SPIN 3 11 4 8 3.876 -4.423 -0.642
SPIN 3 11 4 9 -5.758 0.755 -1.129
SPIN 3 11 4 10 -4.039 -1.526 4.045
SPIN 3 11 4 11 -0.812 3.162 -4.934
SPIN 3 11 4 12 -3.905 -3.028 -3.253
SPIN 3 11 4 13 2.431 -5.064 -1.855
SPIN 3 11 4 14 -3.529 4.309 -1.994
SPIN 3 11 4 15 1.898 4.878 2.758
SPIN 2 11 4 0 -4.293 2.487 -3.223
SPIN 2 11 4 1 -3.629 -2.142 -4.153
SPIN 2 11 4 2 -2.786 5.218 -0.131
SPIN 2 11 4 3 -2.274 4.468 3.141
SPIN 2 11 4 4 -5.488 1.862 1.187
SPIN 2 11 4 5 1.276 5.415 -2.011
SPIN 2 11 4 6 -2.509 2.760 -4.592
SPIN 2 11 4 7 -2.608 5.276 -0.602
SPIN 2 11 4 8 1.016 -5.398 2.197
SPIN 2 11 4 9 -0.508 3.553 4.703
SPIN 2 11 4 10 -1.798 -0.769 -5.583
SPIN 2 11 4 11 2.551 0.617 5.302
SPIN 2 11 4 12 -4.356 2.867 -2.794
SPIN 2 11 4 13 3.428 4.810 -0.339
SPIN 2 11 4 14 -3.139 -3.522 3.570
SPIN 2 11 4 15 4.575 -0.082 3.750
SPIN 3 11 5 0 3.583 -3.987 -2.504
SPIN 3 11 5 1 4.761 0.747 3.431
SPIN 3 11 5 2 0.246 5.606 -1.874
SPIN 3 11 5 3 3.635 4.267 -1.892
SPIN 3 11 5 4 1.599 -2.096 5.296
SPIN 3 11 5 5 -5.895 0.492 0.040
SPIN 3 11 5 6 1.397 -5.213 2.424
SPIN 3 11 5 7 -4.853 -2.708 2.027
SPIN 3 11 5 8 -3.500 4.265 2.136
SPIN 3 11 5 9 0.929 4.318 3.936
SPIN 3 11 5 10 -2.517 -1.621 5.103
SPIN 3 11 5 11 2.168 -3.368 4.354
SPIN 3 11 5 12 -2.897 2.038 4.739
SPIN 3 11 5 13 1.893 4.054 3.871
SPIN 3 11 5 14 -2.203 -5.383 -1.082
SPIN 3 11 5 15 5.141 1.474 2.529
SPIN 2 11 5 0 1.975 5.420 -1.313
SPIN 2 11 5 1 2.912 2.692 4.390
SPIN 2 11 5 2 3.723 -0.799 -4.528
SPIN 2 11 5 3 -3.533 4.738 -0.261
SPIN 2 11 5 4 -5.267 -2.617 -0.640
SPIN 2 11 5 5 1.717 -3.913 -4.092
SPIN 2 11 5 6 4.437 1.100 -3.755
SPIN 2 11 5 7 3.868 4.370 0.973
SPIN 2 11 5 8 2.740 1.287 -5.083
SPIN 2 11 5 9 2.419 -3.866 -3.769
SPIN 2 11 5 10 1.815 2.250 5.162
SPIN 2 11 5 11 -0.447 2.547 -5.321
SPIN 2 11 5 12 1.424 2.481 5.178
SPIN 2 11 5 13 -0.755 -5.805 -0.856
SPIN 2 11 5 14 0.132 -4.974 3.200
SPIN 2 11 5 15 -3.560 -1.565 -4.458
SPIN 3 11 6 0 5.049 -2.655 1.569
SPIN 3 11 6 1 -2.043 2.033 -5.167
SPIN 3 11 6 2 0.807 5.477 -2.087
SPIN 3 11 6 3 1.686 -0.470 5.651
SPIN 3 11 6 4 0.543 5.248 2.677
SPIN 3 11 6 5 -2.854 -4.454 2.648
SPIN 3 11 6 6 3.168 4.076 2.889
SPIN 3 11 6 7 -1.383 -2.353 -5.249
SPIN 3 11 6 8 1.527 -3.095 4.805
SPIN 3 11 6 9 -3.813 -4.410 -1.006
SPIN 3 11 6 10 3.180 1.035 -4.880
SPIN 3 11 6 11 5.417 2.146 1.022
SPIN 3 11 6 12 -1.686 -0.888 -5.601
SPIN 3 11 6 13 4.498 -3.752 0.833
SPIN 3 11 6 14 -2.073 4.857 -2.666
SPIN 3 11 6 15 -2.838 4.715 -2.172
SPIN 2 11 6 0 3.270 3.705 -3.252
SPIN 2 11 6 1 -5.500 0.452 -2.131
SPIN 2 11 6 2 -4.142 1.872 -3.787
SPIN 2 11 6 3 2.700 -5.263 -0.087
SPIN 2 11 6 4 3.066 2.603 -4.339
SPIN 2 11 6 5 -2.658 2.151 -4.827
SPIN 2 11 6 6 -5.278 2.465 -1.036
SPIN 2 11 6 7 -2.269 -1.992 -5.087
SPIN 2 11 6 8 0.889 4.779 -3.372
SPIN 2 11 6 9 5.153 2.548 -1.396
SPIN 2 11 6 10 -2.745 -4.725 2.267
SPIN 2 11 6 11 5.195 1.465 -2.421
SPIN 2 11 6 12 -5.676 0.295 -1.643
SPIN 2 11 6 13 -4.379 2.838 -2.787
SPIN 2 11 6 14 0.963 -5.185 -2.681
SPIN 2 11 6 15 4.681 3.470 -1.021
SPIN 3 11 7 0 -1.894 -3.632 4.268
SPIN 3 11 7 1 -0.856 -1.599 -5.631
SPIN 3 11 7 2 -3.796 -1.278 -4.354
SPIN 3 11 7 3 -2.883 -4.288 2.882
SPIN 3 11 7 4 -1.761 0.715 -5.602
SPIN 3 11 7 5 -0.911 5.733 -1.142
SPIN 3 11 7 6 0.567 -5.627 -1.736
SPIN 3 11 7 7 -1.745 3.892 -4.100
SPIN 3 11 7 8 -0.992 -5.132 2.772
SPIN 3 11 7 9 3.415 4.784 0.676
SPIN 3 11 7 10 5.184 -2.451 -1.456
SPIN 3 11 7 11 -0.454 -5.899 0.016
SPIN 3 11 7 12 2.945 5.081 -0.713
SPIN 3 11 7 13 0.183 0.268 5.907
SPIN 3 11 7 14 -4.916 0.956 3.150
SPIN 3 11 7 15 2.084 -2.172 -5.093
SPIN 2 11 7 0 3.862 0.282 4.473
SPIN 2 11 7 1 -3.514 -1.316 4.573
SPIN 2 11 7 2 4.029 -2.055 3.813
SPIN 2 11 7 3 5.648 1.417 1.042
SPIN 2 11 7 4 -5.333 -2.229 -1.260
SPIN 2 11 7 5 4.161 -1.137 -4.049
SPIN 2 11 7 6 -0.723 2.414 -5.352
SPIN 2 11 7 7 1.586 -3.904 4.153
SPIN 2 11 7 8 5.707 1.026 1.176
SPIN 2 11 7 9 1.923 -0.457 5.576
SPIN 2 11 7 10 1.123 5.755 0.786
SPIN 2 11 7 11 -5.247 1.968 -1.897
SPIN 2 11 7 12 5.129 2.933 0.290
SPIN 2 11 7 13 0.629 3.860 -4.439
SPIN 2 11 7 14 4.043 -3.193 2.909
SPIN 2 11 7 15 3.726 3.531 -2.941
SPIN 3 11 8 0 4.129 2.454 -3.454
SPIN 3 11 8 1 -3.148 2.458 -4.364
SPIN 3 11 8 2 3.150 0.597 4.972
SPIN 3 11 8 3 -1.834 0.222 -5.620
SPIN 3 11 8 4 -0.145 3.674 4.634
SPIN 3 11 8 5 1.941 -5.577 0.356
SPIN 3 11 8 6 1.671 2.172 5.243
SPIN 3 11 8 7 -4.934 -3.258 -0.203
SPIN 3 11 8 8 0.028 3.577 -4.712
SPIN 3 11 8 9 2.489 -3.360 4.185
SPIN 3 11 8 10 -1.130 -0.400 -5.793
SPIN 3 11 8 11 0.410 4.405 3.928
SPIN 3 11 8 12 1.896 -4.954 2.620
SPIN 3 11 8 13 -4.752 3.523 0.119
SPIN 3 11 8 14 -4.648 0.990 3.523
SPIN 3 11 8 15 1.460 -5.028 2.755
SPIN 2 11 8 0 3.435 -2.955 -3.804
SPIN 2 11 8 1 -1.591 2.339 -5.196
SPIN 2 11 8 2 -5.075 -2.478 1.762
SPIN 2 11 8 3 -3.518 -0.858 -4.678
SPIN 2 11 8 4 -4.618 2.620 2.610
SPIN 2 11 8 5 4.905 -0.827 3.203
SPIN 2 11 8 6 2.989 -4.245 2.837
SPIN 2 11 8 7 0.139 5.005 -3.152
SPIN 2 11 8 8 3.244 -4.286 -2.471
SPIN 2 11 8 9 -5.822 -0.240 1.021
SPIN 2 11 8 10 1.760 1.616 -5.412
SPIN 2 11 8 11 3.228 -4.451 2.182
SPIN 2 11 8 12 -4.540 -3.334 -1.810
SPIN 2 11 8 13 -1.586 -0.544 -5.673
SPIN 2 11 8 14 0.541 4.802 -3.413
SPIN 2 11 8 15 -1.022 -5.706 1.180
SPIN 3 11 9 0 -4.497 3.410 1.774
SPIN 3 11 9 1 4.252 -3.533 -2.106
SPIN 3 11 9 2 0.240 5.144 2.913
SPIN 3 11 9 3 -4.068 -2.072 3.763
SPIN 3 11 9 4 0.274 -0.659 -5.873
SPIN 3 11 9 5 -5.593 1.508 -1.201
SPIN 3 11 9 6 -2.325 -0.631 5.403
SPIN 3 11 9 7 1.033 3.974 4.259
SPIN 3 11 9 8 -5.303 1.683 2.011
SPIN 3 11 9 9 5.692 0.157 -1.606
SPIN 3 11 9 10 -2.125 2.042 5.130
SPIN 3 11 9 11 -0.368 2.016 -5.550
SPIN 3 11 9 12 -5.115 -2.178 -2.023
SPIN 3 11 9 13 3.825 -3.921 2.234
SPIN 3 11 9 14 1.544 3.977 -4.098
SPIN 3 11 9 15 -1.304 5.726 -0.713
SPIN 2 11 9 0 -4.209 3.307 2.518
SPIN 2 11 9 1 2.373 -3.173 4.393
SPIN 2 11 9 2 -5.419 -2.266 0.709
SPIN 2 11 9 3 -0.084 -0.681 5.876
SPIN 2 11 9 4 -1.334 3.693 -4.425
SPIN 2 11 9 5 -4.123 -3.770 1.947
SPIN 2 11 9 6 -3.891 0.226 4.451
SPIN 2 11 9 7 1.923 5.456 -1.238
SPIN 2 11 9 8 1.689 5.591 0.944
SPIN 2 11 9 9 -3.518 -1.210 4.600
SPIN 2 11 9 10 1.347 5.715 0.724
SPIN 2 11 9 11 0.668 -3.221 -4.917
SPIN 2 11 9 12 1.436 -2.696 -5.066
SPIN 2 11 9 13 -1.286 2.907 4.990
SPIN 2 11 9 14 -2.877 4.458 -2.617
SPIN 2 11 9 15 -0.181 3.316 4.896
SPIN 3 11 10 0 1.696 -5.667 0.079
SPIN 3 11 10 1 -4.225 4.136 0.209
SPIN 3 11 10 2 4.546 0.775 -3.706
SPIN 3 11 10 3 -3.557 2.987 3.664
SPIN 3 11 10 4 3.071 -3.108 -3.989
SPIN 3 11 10 5 -2.176 -4.470 3.207
SPIN 3 11 10 6 0.257 0.849 -5.849
SPIN 3 11 10 7 -3.404 -1.866 -4.465
SPIN 3 11 10 8 -2.629 4.940 -1.919
SPIN 3 11 10 9 -3.715 -3.027 3.469
SPIN 3 11 10 10 3.574 -3.519 -3.138
SPIN 3 11 10 11 2.769 4.559 2.559
SPIN 3 11 10 12 -0.939 4.163 4.097
SPIN 3 11 10 13 1.984 3.085 -4.642
SPIN 3 11 10 14 -4.043 3.181 2.922
SPIN 3 11 10 15 3.103 4.914 1.108
SPIN 2 11 10 0 3.016 4.846 1.555
SPIN 2 11 10 1 -2.334 -4.286 3.344
SPIN 2 11 10 2 -2.842 1.109 5.069
SPIN 2 11 10 3 5.613 -0.523 -1.796
SPIN 2 11 10 4 -5.512 0.942 1.930
SPIN 2 11 10 5 5.490 -1.775 1.308
SPIN 2 11 10 6 3.413 4.799 0.566
SPIN 2 11 10 7 -3.698 3.533 2.974
SPIN 2 11 10 8 -3.168 4.786 1.434
SPIN 2 11 10 9 4.834 -2.610 -2.196
SPIN 2 11 10 10 -2.596 5.285 -0.578
SPIN 2 11 10 11 0.560 0.101 -5.889
SPIN 2 11 10 12 -2.383 -4.448 -3.087
SPIN 2 11 10 13 0.612 5.716 1.399
SPIN 2 11 10 14 -3.709 -4.603 -0.231
SPIN 2 11 10 15 -2.005 -4.503 -3.271
SPIN 3 11 11 0 -1.292 1.944 5.436
SPIN 3 11 11 1 4.674 -3.624 0.132
SPIN 3 11 11 2 -5.282 -2.236 -1.447
SPIN 3 11 11 3 -3.055 2.666 4.308
SPIN 3 11 11 4 2.133 5.379 -1.231
SPIN 3 11 11 5 5.592 0.617 -1.829
SPIN 3 11 11 6 -2.078 -3.881 -3.952
SPIN 3 11 11 7 -2.959 5.087 0.606
SPIN 3 11 11 8 -5.349 -2.376 0.858
SPIN 3 11 11 9 -2.582 -1.692 -5.046
SPIN 3 11 11 10 3.323 -4.756 1.158
SPIN 3 11 11 11 -0.281 5.529 -2.086
SPIN 3 11 11 12 -1.461 2.648 -5.085
SPIN 3 11 11 13 -0.668 -3.262 4.890
SPIN 3 11 11 14 -0.499 5.338 -2.501
SPIN 3 11 11 15 -4.204 2.530 -3.306
SPIN 2 11 11 0 -0.905 -1.031 5.755
SPIN 2 11 11 1 5.644 -1.748 0.303
SPIN 2 11 11 2 -4.444 -1.123 -3.740
SPIN 2 11 11 3 -2.796 4.765 -2.116
SPIN 2 11 11 4 1.186 3.589 -4.551
SPIN 2 11 11 5 0.637 -1.079 5.782
SPIN 2 11 11 6 -0.259 -5.819 -1.033
SPIN 2 11 11 7 2.383 1.840 5.092
SPIN 2 11 11 8 -0.867 -4.837 -3.294
SPIN 2 11 11 9 3.307 2.998 3.882
SPIN 2 11 11 10 0.199 -2.830 5.191
SPIN 2 11 11 11 -4.805 -2.160 2.692
SPIN 2 11 11 12 2.159 5.470 -0.650
SPIN 2 11 11 13 1.668 -2.803 -4.936
SPIN 2 11 11 14 3.286 3.058 -3.854
SPIN 2 11 11 15 0.285 1.745 -5.646
SPIN 3 11 12 0 -3.948 -3.809 -2.214
SPIN 3 11 12 1 2.833 5.055 -1.193
SPIN 3 11 12 2 5.109 -1.865 2.328
SPIN 3 11 12 3 2.871 0.894 -5.095
SPIN 3 11 12 4 0.547 -2.438 5.363
SPIN 3 11 12 5 -4.934 2.846 -1.598
SPIN 3 11 12 6 -2.488 5.183 -1.394
SPIN 3 11 12 7 -2.964 2.712 4.343
SPIN 3 11 12 8 2.125 -2.201 -5.064
SPIN 3 11 12 9 4.295 -3.683 1.728
SPIN 3 11 12 10 -5.244 -0.471 2.697
SPIN 3 11 12 11 4.332 -3.998 0.498
SPIN 3 11 12 12 4.971 2.619 1.853
SPIN 3 11 12 13 3.895 -0.793 -4.382
SPIN 3 11 12 14 -3.869 3.728 2.476
SPIN 3 11 12 15 -4.167 3.927 1.487
SPIN 2 11 12 0 0.716 5.501 2.056
SPIN 2 11 12 1 2.373 -2.391 -4.863
SPIN 2 11 12 2 -5.483 1.646 1.491
SPIN 2 11 12 3 -3.505 -3.523 3.210
SPIN 2 11 12 4 2.713 -5.102 -1.269
SPIN 2 11 12 5 3.390 -1.302 -4.670
SPIN 2 11 12 6 -1.365 -3.703 4.407
SPIN 2 11 12 7 -0.908 -5.830 0.430
SPIN 2 11 12 8 -5.156 0.697 2.816
SPIN 2 11 12 9 -0.840 -5.830 -0.557
SPIN 2 11 12 10 -5.171 -2.074 -1.991
SPIN 2 11 12 11 3.205 3.611 3.418
SPIN 2 11 12 12 -5.883 0.421 0.464
SPIN 2 11 12 13 2.491 3.835 -3.753
SPIN 2 11 12 14 -2.896 -0.180 5.156
SPIN 2 11 12 15 -5.245 -2.332 -1.432
SPIN 3 11 13 0 4.995 -0.437 3.141
SPIN 3 11 13 1 -0.691 -2.593 -5.272
SPIN 3 11 13 2 5.270 -0.230 -2.679
SPIN 3 11 13 3 1.955 -1.698 5.320
SPIN 3 11 13 4 -1.560 -2.963 -4.877
SPIN 3 11 13 5 0.330 -4.894 -3.308
SPIN 3 11 13 6 -1.831 -4.538 -3.325
SPIN 3 11 13 7 -1.026 5.747 -0.956
SPIN 3 11 13 8 -0.943 -2.534 -5.262
SPIN 3 11 13 9 -1.220 4.487 3.657
SPIN 3 11 13 10 3.656 -3.659 -2.872
SPIN 3 11 13 11 -4.211 3.644 -1.998
SPIN 3 11 13 12 -0.103 2.841 -5.188
SPIN 3 11 13 13 -4.957 3.228 0.084
SPIN 3 11 13 14 -4.705 -3.552 0.495
SPIN 3 11 13 15 -3.934 0.456 -4.395
SPIN 2 11 13 0 0.906 -5.663 1.452
SPIN 2 11 13 1 -0.203 0.851 -5.851
SPIN 2 11 13 2 1.594 -4.279 3.762
SPIN 2 11 13 3 -2.941 5.125 -0.294
SPIN 2 11 13 4 -4.412 -0.452 3.915
SPIN 2 11 13 5 4.412 1.839 3.486
SPIN 2 11 13 6 1.955 -2.743 -4.863
SPIN 2 11 13 7 3.033 3.385 3.787
SPIN 2 11 13 8 1.382 -3.118 4.834
SPIN 2 11 13 9 1.292 4.901 -3.051
SPIN 2 11 13 10 -5.684 0.898 -1.372
SPIN 2 11 13 11 2.814 -1.690 -4.922
SPIN 2 11 13 12 -3.464 -4.771 -0.487
SPIN 2 11 13 13 3.324 3.568 3.350
SPIN 2 11 13 14 -4.809 1.247 -3.212
SPIN 2 11 13 15 -1.614 2.130 5.278
SPIN 3 11 14 0 -5.825 0.537 -0.885
SPIN 3 11 14 1 2.380 5.416 -0.053
SPIN 3 11 14 2 -3.494 4.626 -1.179
SPIN 3 11 14 3 5.729 0.857 -1.200
SPIN 3 11 14 4 2.873 2.761 4.373
SPIN 3 11 14 5 5.789 1.184 -0.291
SPIN 3 11 14 6 -4.293 -2.943 -2.812
SPIN 3 11 14 7 0.851 4.082 4.196
SPIN 3 11 14 8 -0.934 2.894 -5.075
SPIN 3 11 14 9 -4.097 -3.321 2.680
SPIN 3 11 14 10 -5.386 1.039 -2.216
SPIN 3 11 14 11 2.351 3.390 4.240
SPIN 3 11 14 12 0.597 -5.627 1.725
SPIN 3 11 14 13 -2.085 -1.597 -5.301
SPIN 3 11 14 14 -1.219 -5.433 -1.999
SPIN 3 11 14 15 3.621 -4.220 2.020
SPIN 2 11 14 0 2.131 4.673 2.935
SPIN 2 11 14 1 -3.018 -4.977 -1.058
SPIN 2 11 14 2 -0.917 -5.773 0.913
SPIN 2 11 14 3 -1.396 -3.504 4.558
SPIN 2 11 14 4 0.104 4.576 -3.748
SPIN 2 11 14 5 0.673 -5.255 2.634
SPIN 2 11 14 6 1.220 5.703 -0.995
SPIN 2 11 14 7 -0.862 -5.852 0.085
SPIN 2 11 14 8 -3.482 -1.997 -4.346
SPIN 2 11 14 9 -4.408 -3.652 1.494
SPIN 2 11 14 10 0.176 -4.502 -3.834
SPIN 2 11 14 11 1.927 -3.121 4.642
SPIN 2 11 14 12 5.163 2.382 1.633
SPIN 2 11 14 13 -5.711 1.544 0.031
SPIN 2 11 14 14 5.030 0.099 3.113
SPIN 2 11 14 15 2.352 -2.587 -4.773
SPIN 3 11 15 0 0.186 -5.872 0.694
SPIN 3 11 15 1 3.662 1.982 -4.203
SPIN 3 11 15 2 3.946 0.047 4.407
SPIN 3 11 15 3 -2.180 5.489 0.344
SPIN 3 11 15 4 0.254 -2.930 5.133
SPIN 3 11 15 5 -2.987 -2.608 -4.390
SPIN 3 11 15 6 0.815 -5.233 2.637
SPIN 3 11 15 7 2.490 -1.220 5.226
SPIN 3 11 15 8 -2.656 4.612 2.584
SPIN 3 11 15 9 -4.170 -3.479 -2.347
SPIN 3 11 15 10 2.133 4.523 3.161
SPIN 3 11 15 11 0.123 5.554 -2.035
SPIN 3 11 15 12 -0.062 3.753 -4.573
SPIN 3 11 15 13 -5.271 -2.486 -1.020
SPIN 3 11 15 14 -2.275 3.770 -3.951
SPIN 3 11 15 15 -1.693 5.452 1.552
SPIN 2 11 15 0 2.514 -4.348 -3.126
SPIN 2 11 15 1 -1.461 3.153 4.788
SPIN 2 11 15 2 -0.267 5.738 1.414
SPIN 2 11 15 3 2.816 -5.203 0.029
SPIN 2 11 15 4 -0.044 -1.875 5.611
SPIN 2 11 15 5 5.317 1.472 -2.137
SPIN 2 11 15 6 0.855 -3.266 4.858
SPIN 2 11 15 7 -2.770 4.976 -1.602
SPIN 2 11 15 8 -2.151 -5.454 0.797
SPIN 2 11 15 9 3.114 -2.947 4.076
SPIN 2 11 15 10 0.715 4.547 3.717
SPIN 2 11 15 11 -0.582 -5.784 1.101
SPIN 2 11 15 12 -2.488 0.513 -5.343
SPIN 2 11 15 13 2.813 -5.188 0.411
SPIN 2 11 15 14 -0.551 -4.547 -3.745
SPIN 2 11 15 15 0.196 0.078 5.912
SPIN 1 12 0 0 0.852 -4.993 3.057
SPIN 1 12 0 1 -2.337 3.319 4.304
SPIN 1 12 0 2 3.411 -1.391 4.629
SPIN 1 12 0 3 -3.791 -4.453 0.893
SPIN 1 12 0 4 5.638 -1.700 -0.571
SPIN 1 12 0 5 5.083 2.210 -2.068
SPIN 1 12 0 6 1.550 2.354 -5.201
SPIN 1 12 0 7 -0.766 4.773 -3.410
SPIN 1 12 0 8 -5.562 2.015 -0.030
SPIN 1 12 0 9 0.644 2.251 5.433
SPIN 1 12 0 10 -2.324 4.235 -3.416
SPIN 1 12 0 11 5.067 -1.004 -2.883
SPIN 1 12 0 12 -1.135 -4.796 -3.272
SPIN 1 12 0 13 -1.258 5.781 -0.030
SPIN 1 12 0 14 -1.057 4.481 -3.716
SPIN 1 12 0 15 4.029 -1.810 -3.935
SPIN 4 12 0 0 -0.933 -0.784 -5.789
SPIN 4 12 0 1 2.602 -5.062 -1.615
SPIN 4 12 0 2 -4.910 -0.460 3.267
SPIN 4 12 0 3 4.591 2.756 -2.516
SPIN 4 12 0 4 -2.870 1.618 -4.914
SPIN 4 12 0 5 -0.648 -4.130 4.186
SPIN 4 12 0 6 1.626 0.100 -5.687
SPIN 4 12 0 7 5.143 2.900 0.372
SPIN 4 12 0 8 0.855 5.846 0.314
SPIN 4 12 0 9 -5.351 -1.629 -1.927
SPIN 4 12 0 10 2.746 4.256 -3.056
SPIN 4 12 0 11 -0.749 0.442 5.852
SPIN 4 12 0 12 5.715 -1.239 -0.899
SPIN 4 12 0 13 -5.915 0.008 -0.136
SPIN 4 12 0 14 5.615 -1.776 -0.564
SPIN 4 12 0 15 -4.032 1.066 -4.196
SPIN 1 12 1 0 1.321 -5.342 2.172
SPIN 1 12 1 1 3.313 4.897 -0.210
SPIN 1 12 1 2 5.756 1.342 -0.250
SPIN 1 12 1 3 -4.032 4.144 -1.253
SPIN 1 12 1 4 -2.383 -5.210 1.477
SPIN 1 12 1 5 0.510 -4.212 4.123
SPIN 1 12 1 6 -0.401 2.603 -5.298
SPIN 1 12 1 7 -2.254 0.066 5.470
SPIN 1 12 1 8 -0.951 4.318 -3.931
SPIN 1 12 1 9 2.059 -0.473 -5.526
SPIN 1 12 1 10 -5.398 -2.146 1.122
SPIN 1 12 1 11 4.117 -4.041 1.314
SPIN 1 12 1 12 0.057 3.448 -4.807
SPIN 1 12 1 13 -1.714 -5.662 -0.067
SPIN 1 12 1 14 -2.716 5.236 0.460
SPIN 1 12 1 15 -0.466 4.954 -3.200
SPIN 4 12 1 0 2.584 -1.273 5.167
SPIN 4 12 1 1 1.478 -1.337 -5.570
SPIN 4 12 1 2 -3.650 2.274 -4.063
SPIN 4 12 1 3 -2.461 -2.140 4.936
SPIN 4 12 1 4 3.508 -2.553 4.022
SPIN 4 12 1 5 -4.912 -3.037 1.285
SPIN 4 12 1 6 -5.302 1.913 -1.797
SPIN 4 12 1 7 3.034 0.068 5.078
SPIN 4 12 1 8 1.679 -0.180 5.670
SPIN 4 12 1 9 1.210 5.144 -2.659
SPIN 4 12 1 10 2.684 -5.270 0.132
SPIN 4 12 1 11 -0.321 1.403 5.738
SPIN 4 12 1 12 -3.789 4.450 0.915
SPIN 4 12 1 13 5.040 -1.195 2.858
SPIN 4 12 1 14 -2.080 3.350 4.411
SPIN 4 12 1 15 0.040 -5.253 2.721
SPIN 1 12 2 0 5.790 1.198 -0.215
SPIN 1 12 2 1 4.115 -2.608 3.357
SPIN 1 12 2 2 -0.004 3.455 4.803
SPIN 1 12 2 3 1.734 -5.608 0.734
SPIN 1 12 2 4 2.885 4.008 -3.258
SPIN 1 12 2 5 2.196 4.475 -3.185
SPIN 1 12 2 6 0.988 5.621 1.557
SPIN 1 12 2 7 4.848 -3.390 -0.063
SPIN 1 12 2 8 4.146 3.736 -1.964
SPIN 1 12 2 9 -2.316 -1.248 5.299
SPIN 1 12 2 10 -0.014 4.151 4.215
SPIN 1 12 2 11 3.787 4.129 -1.901
SPIN 1 12 2 12 0.798 0.576 5.834
SPIN 1 12 2 13 0.195 -3.120 -5.022
SPIN 1 12 2 14 -1.386 2.350 -5.250
SPIN 1 12 2 15 1.177 5.554 -1.664
SPIN 4 12 2 0 -1.191 -5.630 -1.374
SPIN 4 12 2 1 0.030 0.390 -5.903
SPIN 4 12 2 2 0.078 -3.207 -4.971
SPIN 4 12 2 3 5.610 0.592 1.784
SPIN 4 12 2 4 -4.241 0.535 4.090
SPIN 4 12 2 5 -1.403 -1.509 5.546
SPIN 4 12 2 6 2.086 4.664 2.983
SPIN 4 12 2 7 -5.786 -0.278 -1.203
SPIN 4 12 2 8 -1.438 1.067 -5.639
SPIN 4 12 2 9 0.019 -5.902 0.407
SPIN 4 12 2 10 -1.347 -5.760 -0.045
SPIN 4 12 2 11 -4.875 1.862 2.786
SPIN 4 12 2 12 4.282 -2.976 -2.795
SPIN 4 12 2 13 -0.671 4.095 4.217
SPIN 4 12 2 14 2.507 -2.967 -4.462
SPIN 4 12 2 15 -3.194 -4.084 2.849
SPIN 1 12 3 0 -5.120 2.753 1.097
SPIN 1 12 3 1 -2.697 3.985 3.442
SPIN 1 12 3 2 -4.828 -3.409 -0.259
SPIN 1 12 3 3 1.948 -5.095 2.289
SPIN 1 12 3 4 -0.702 3.752 4.520
SPIN 1 12 3 5 2.048 -2.906 -4.728
SPIN 1 12 3 6 4.228 1.008 4.013
SPIN 1 12 3 7 -1.183 5.484 -1.879
SPIN 1 12 3 8 -4.625 -1.182 3.495
SPIN 1 12 3 9 -2.362 4.888 -2.352
SPIN 1 12 3 10 2.745 -4.646 2.425
SPIN 1 12 3 11 4.020 2.776 3.337
SPIN 1 12 3 12 0.733 -3.779 -4.493
SPIN 1 12 3 13 -2.676 5.176 -1.022
SPIN 1 12 3 14 4.501 -3.065 2.312
SPIN 1 12 3 15 -3.660 4.628 0.439
SPIN 4 12 3 0 -4.108 -2.877 -3.139
SPIN 4 12 3 1 -4.333 -0.176 -4.025
SPIN 4 12 3 2 5.725 0.295 1.461
SPIN 4 12 3 3 -3.496 -3.334 -3.415
SPIN 4 12 3 4 -4.130 -1.928 -3.772
SPIN 4 12 3 5 -4.657 2.800 2.339
SPIN 4 12 3 6 -3.752 0.898 -4.485
SPIN 4 12 3 7 2.168 0.632 5.468
SPIN 4 12 3 8 -1.358 5.579 1.423
SPIN 4 12 3 9 5.074 3.034 -0.219
SPIN 4 12 3 10 -2.904 0.884 -5.078
SPIN 4 12 3 11 2.237 -3.926 3.819
SPIN 4 12 3 12 -0.493 5.058 -3.029
SPIN 4 12 3 13 -0.702 -0.857 -5.812
SPIN 4 12 3 14 -4.040 -2.717 -3.361
SPIN 4 12 3 15 2.455 3.117 4.389
SPIN 1 12 4 0 -2.678 2.221 4.785
SPIN 1 12 4 1 3.507 -4.712 0.703
SPIN 1 12 4 2 -3.271 1.614 4.658
SPIN 1 12 4 3 -4.112 3.620 -2.233
SPIN 1 12 4 4 -3.405 0.284 -4.829
SPIN 1 12 4 5 1.911 -5.202 2.069
SPIN 1 12 4 6 1.235 5.213 -2.509
SPIN 1 12 4 7 -2.344 -2.927 4.576
SPIN 1 12 4 8 0.392 2.177 -5.487
SPIN 1 12 4 9 1.855 -5.613 0.238
SPIN 1 12 4 10 4.273 2.764 -3.017
SPIN 1 12 4 11 -5.388 -2.441 0.087
SPIN 1 12 4 12 -0.790 0.162 5.861
SPIN 1 12 4 13 4.750 3.377 1.018
SPIN 1 12 4 14 2.660 2.349 4.733
SPIN 1 12 4 15 3.629 -2.655 -3.844
SPIN 4 12 4 0 4.269 3.486 2.151
SPIN 4 12 4 1 -3.821 3.320 -3.062
SPIN 4 12 4 2 2.526 -2.796 4.561
SPIN 4 12 4 3 3.368 -4.550 -1.718
SPIN 4 12 4 4 -2.427 4.687 -2.672
SPIN 4 12 4 5 -2.929 -5.037 -1.022
SPIN 4 12 4 6 4.545 -3.019 -2.286
SPIN 4 12 4 7 -3.636 2.607 -3.871
SPIN 4 12 4 8 5.484 2.080 -0.777
SPIN 4 12 4 9 0.681 -3.179 4.942
SPIN 4 12 4 10 -3.918 4.135 -1.595
SPIN 4 12 4 11 5.385 2.449 -0.102
SPIN 4 12 4 12 -5.748 0.266 1.376
SPIN 4 12 4 13 -0.584 -2.910 -5.118
SPIN 4 12 4 14 4.577 -3.632 -0.926
SPIN 4 12 4 15 -5.129 -2.179 -1.985
SPIN 1 12 5 0 -1.980 -0.394 -5.561
SPIN 1 12 5 1 1.205 2.187 -5.363
SPIN 1 12 5 2 5.193 -1.612 -2.332
SPIN 1 12 5 3 -2.691 -5.001 1.656
SPIN 1 12 5 4 0.222 0.026 5.912
SPIN 1 12 5 5 4.332 3.194 -2.456
SPIN 1 12 5 6 -4.857 -1.416 3.066
SPIN 1 12 5 7 -4.866 2.254 -2.499
SPIN 1 12 5 8 2.590 4.840 2.206
SPIN 1 12 5 9 -5.433 2.161 -0.899
SPIN 1 12 5 10 -4.959 -2.386 2.173
SPIN 1 12 5 11 1.656 4.251 3.767
SPIN 1 12 5 12 0.022 -5.286 2.656
SPIN 1 12 5 13 -0.783 5.797 -0.887
SPIN 1 12 5 14 -4.223 -0.822 4.061
SPIN 1 12 5 15 -3.355 1.194 -4.724
SPIN 4 12 5 0 0.086 -2.449 5.385
SPIN 4 12 5 1 -0.058 -3.829 4.509
SPIN 4 12 5 2 -1.674 -5.631 -0.698
SPIN 4 12 5 3 -0.557 3.914 4.401
SPIN 4 12 5 4 -1.394 -3.358 4.667
SPIN 4 12 5 5 2.166 5.505 -0.046
SPIN 4 12 5 6 -5.525 -1.347 1.632
SPIN 4 12 5 7 -4.808 -2.617 2.244
SPIN 4 12 5 8 0.985 -3.197 4.879
SPIN 4 12 5 9 -5.008 -0.591 3.094
SPIN 4 12 5 10 -4.333 3.490 2.012
SPIN 4 12 5 11 5.119 -2.248 -1.935
SPIN 4 12 5 12 5.771 1.176 -0.554
SPIN 4 12 5 13 3.469 0.839 -4.718
SPIN 4 12 5 14 -5.068 2.016 -2.292
SPIN 4 12 5 15 -5.044 3.090 0.055
SPIN 1 12 6 0 -3.857 4.165 1.666
SPIN 1 12 6 1 1.731 -0.597 -5.625
SPIN 1 12 6 2 -0.748 5.339 2.437
SPIN 1 12 6 3 4.732 0.046 -3.551
SPIN 1 12 6 4 -0.616 -4.980 -3.134
SPIN 1 12 6 5 1.634 -0.573 5.657
SPIN 1 12 6 6 -4.876 -2.198 -2.528
SPIN 1 12 6 7 3.598 2.054 -4.224
SPIN 1 12 6 8 0.991 -4.709 -3.441
SPIN 1 12 6 9 -2.300 -0.913 5.374
SPIN 1 12 6 10 0.978 0.346 -5.824
SPIN 1 12 6 11 2.132 -2.266 5.032
SPIN 1 12 6 12 1.899 4.851 -2.804
SPIN 1 12 6 13 -1.887 -5.357 -1.657
SPIN 1 12 6 14 1.936 1.502 5.385
SPIN 1 12 6 15 -4.783 -0.182 3.477
SPIN 4 12 6 0 -3.175 3.659 -3.396
SPIN 4 12 6 1 -1.313 -5.508 -1.714
SPIN 4 12 6 2 -0.341 5.548 2.025
SPIN 4 12 6 3 -2.144 -5.299 1.523
SPIN 4 12 6 4 -3.858 -3.531 -2.766
SPIN 4 12 6 5 -0.530 -4.886 -3.294
SPIN 4 12 6 6 1.438 0.804 -5.682
SPIN 4 12 6 7 -3.463 -1.098 4.670
SPIN 4 12 6 8 -4.877 3.290 0.626
SPIN 4 12 6 9 -5.850 -0.874 -0.122
SPIN 4 12 6 10 4.373 -3.797 -1.207
SPIN 4 12 6 11 -3.828 -3.801 -2.430
SPIN 4 12 6 12 3.237 -2.032 4.516
SPIN 4 12 6 13 -5.133 2.642 -1.293
SPIN 4 12 6 14 -3.460 -3.928 2.756
SPIN 4 12 6 15 4.605 0.285 3.703
SPIN 1 12 7 0 -3.853 -4.398 -0.902
SPIN 1 12 7 1 5.517 2.023 -0.686
SPIN 1 12 7 2 2.591 -1.797 5.006
SPIN 1 12 7 3 2.235 5.290 -1.422
SPIN 1 12 7 4 -2.647 2.493 4.667
SPIN 1 12 7 5 -5.043 1.430 2.743
SPIN 1 12 7 6 -2.564 -1.775 5.027
SPIN 1 12 7 7 2.897 -4.941 1.482
SPIN 1 12 7 8 2.830 -0.603 5.160
SPIN 1 12 7 9 3.059 3.159 -3.957
SPIN 1 12 7 10 3.776 -2.050 -4.066
SPIN 1 12 7 11 -3.943 -3.895 -2.069
SPIN 1 12 7 12 2.041 -1.177 -5.427
SPIN 1 12 7 13 2.803 3.985 3.357
SPIN 1 12 7 14 -3.534 1.737 -4.415
SPIN 1 12 7 15 4.035 0.752 4.261
SPIN 4 12 7 0 -3.342 -3.651 -3.241
SPIN 4 12 7 1 -4.626 -2.657 2.557
SPIN 4 12 7 2 1.357 -4.295 3.836
SPIN 4 12 7 3 5.537 -0.489 -2.026
SPIN 4 12 7 4 -3.104 4.522 2.217
SPIN 4 12 7 5 1.699 2.614 5.028
SPIN 4 12 7 6 -5.207 -0.096 2.807
SPIN 4 12 7 7 4.406 3.803 -1.060
SPIN 4 12 7 8 -4.825 -2.001 2.778
SPIN 4 12 7 9 -0.467 -0.558 -5.871
SPIN 4 12 7 10 1.677 3.190 4.692
SPIN 4 12 7 11 -3.064 -2.842 4.187
SPIN 4 12 7 12 -2.364 3.306 -4.299
SPIN 4 12 7 13 -0.252 -4.149 -4.210
SPIN 4 12 7 14 4.234 -0.101 -4.130
SPIN 4 12 7 15 -4.372 -2.292 -3.261
SPIN 1 12 8 0 -5.056 1.278 -2.794
SPIN 1 12 8 1 -0.958 -1.307 5.690
SPIN 1 12 8 2 -0.937 -2.271 -5.382
SPIN 1 12 8 3 -3.651 -3.737 2.776
SPIN 1 12 8 4 3.501 -2.886 3.796
SPIN 1 12 8 5 0.130 -5.537 2.080
SPIN 1 12 8 6 1.395 5.715 0.623
SPIN 1 12 8 7 -3.041 -2.693 -4.301
SPIN 1 12 8 8 -5.050 1.828 2.482
SPIN 1 12 8 9 -4.297 -3.311 -2.360
SPIN 1 12 8 10 4.385 -3.803 1.143
SPIN 1 12 8 11 0.688 -1.346 5.720
SPIN 1 12 8 12 -0.781 1.306 -5.717
SPIN 1 12 8 13 4.411 3.438 -1.928
SPIN 1 12 8 14 3.759 -2.912 3.520
SPIN 1 12 8 15 -4.360 2.720 -2.931
SPIN 4 12 8 0 5.195 -2.556 -1.218
SPIN 4 12 8 1 3.141 -4.797 -1.459
SPIN 4 12 8 2 0.345 5.881 0.546
SPIN 4 12 8 3 2.095 -5.456 0.917
SPIN 4 12 8 4 3.501 0.952 -4.673
SPIN 4 12 8 5 -3.573 2.944 3.683
SPIN 4 12 8 6 1.024 5.505 -1.908
SPIN 4 12 8 7 1.580 -5.598 1.078
SPIN 4 12 8 8 -2.254 1.869 -5.141
SPIN 4 12 8 9 1.117 1.805 5.522
SPIN 4 12 8 10 3.186 -4.677 1.726
SPIN 4 12 8 11 -0.419 5.823 0.959
SPIN 4 12 8 12 4.695 -0.035 -3.600
SPIN 4 12 8 13 0.483 0.747 -5.849
SPIN 4 12 8 14 -0.982 3.736 4.481
SPIN 4 12 8 15 -0.955 -2.662 5.196
SPIN 1 12 9 0 -2.240 0.777 5.420
SPIN 1 12 9 1 -1.719 3.502 -4.448
SPIN 1 12 9 2 -4.933 -2.139 2.468
SPIN 1 12 9 3 -0.792 2.373 -5.361
SPIN 1 12 9 4 2.313 3.272 4.353
SPIN 1 12 9 5 3.252 0.709 4.891
SPIN 1 12 9 6 1.736 -5.641 -0.408
SPIN 1 12 9 7 3.741 4.549 0.564
SPIN 1 12 9 8 -5.532 1.160 1.746
SPIN 1 12 9 9 -4.646 1.647 -3.271
SPIN 1 12 9 10 0.966 -4.170 -4.083
SPIN 1 12 9 11 -2.838 1.666 4.916
SPIN 1 12 9 12 -3.840 1.414 4.273
SPIN 1 12 9 13 -3.710 4.051 -2.197
SPIN 1 12 9 14 -2.201 5.107 -2.019
SPIN 1 12 9 15 -0.643 -4.392 -3.911
SPIN 4 12 9 0 -2.075 -3.946 -3.889
SPIN 4 12 9 1 4.072 4.249 0.606
SPIN 4 12 9 2 4.478 3.800 0.708
SPIN 4 12 9 3 1.472 4.805 -3.122
SPIN 4 12 9 4 5.738 0.776 1.216
SPIN 4 12 9 5 -1.063 5.729 -1.021
SPIN 4 12 9 6 -4.990 -3.046 0.906
SPIN 4 12 9 7 4.084 -1.702 -3.927
SPIN 4 12 9 8 2.437 -2.873 -4.562
SPIN 4 12 9 9 0.357 -1.244 -5.773
SPIN 4 12 9 10 -0.854 -2.285 5.390
SPIN 4 12 9 11 -1.440 4.025 4.090
SPIN 4 12 9 12 0.164 5.154 2.900
SPIN 4 12 9 13 2.606 -3.394 -4.086
SPIN 4 12 9 14 -0.939 -1.188 5.719
SPIN 4 12 9 15 5.183 2.417 1.516
SPIN 1 12 10 0 4.435 -3.858 0.667
SPIN 1 12 10 1 5.840 -0.927 0.191
SPIN 1 12 10 2 3.478 -1.087 -4.661
SPIN 1 12 10 3 -1.054 -4.920 3.112
SPIN 1 12 10 4 5.781 -0.931 0.847
SPIN 1 12 10 5 -4.815 -1.672 3.004
SPIN 1 12 10 6 1.890 4.786 2.919
SPIN 1 12 10 7 -2.714 -3.205 4.167
SPIN 1 12 10 8 4.172 -2.645 -3.255
SPIN 1 12 10 9 -5.836 -0.705 -0.664
SPIN 1 12 10 10 -0.782 5.509 2.010
SPIN 1 12 10 11 -1.065 -5.819 -0.026
SPIN 1 12 10 12 -0.591 5.827 -0.834
SPIN 1 12 10 13 -4.934 -2.027 2.558
SPIN 1 12 10 14 4.175 -2.319 3.492
SPIN 1 12 10 15 -4.616 3.525 1.125
SPIN 4 12 10 0 -4.435 3.253 2.181
SPIN 4 12 10 1 4.976 2.824 -1.505
SPIN 4 12 10 2 -0.961 -5.149 2.750
SPIN 4 12 10 3 1.227 1.301 -5.639
SPIN 4 12 10 4 -3.596 -4.632 -0.786
SPIN 4 12 10 5 -0.898 -3.776 -4.465
SPIN 4 12 10 6 -2.162 2.577 -4.867
SPIN 4 12 10 7 -0.486 1.646 5.662
SPIN 4 12 10 8 2.124 -4.829 2.678
SPIN 4 12 10 9 1.629 3.082 4.780
SPIN 4 12 10 10 -5.450 2.300 -0.080
SPIN 4 12 10 11 1.869 -5.066 2.418
SPIN 4 12 10 12 5.485 1.624 1.509
SPIN 4 12 10 13 -5.739 1.068 0.964
SPIN 4 12 10 14 5.499 2.101 -0.588
SPIN 4 12 10 15 -3.561 -2.138 -4.213
SPIN 1 12 11 0 4.230 4.118 -0.386
SPIN 1 12 11 1 -4.880 -1.179 -3.130
SPIN 1 12 11 2 2.985 4.931 -1.330
SPIN 1 12 11 3 3.129 -5.005 0.404
SPIN 1 12 11 4 -0.053 -0.946 -5.840
SPIN 1 12 11 5 2.773 5.178 0.702
SPIN 1 12 11 6 -4.011 -3.288 -2.847
SPIN 1 12 11 7 -3.967 0.899 4.296
SPIN 1 12 11 8 -0.854 3.104 -4.964
SPIN 1 12 11 9 1.531 3.679 -4.373
SPIN 1 12 11 10 3.882 -2.616 3.618
SPIN 1 12 11 11 1.099 5.170 -2.658
SPIN 1 12 11 12 5.238 -2.282 -1.536
SPIN 1 12 11 13 -4.682 2.529 2.585
SPIN 1 12 11 14 -5.756 1.346 0.229
SPIN 1 12 11 15 2.041 -5.453 1.047
SPIN 4 12 11 0 1.385 -5.692 -0.824
SPIN 4 12 11 1 2.872 4.310 2.860
SPIN 4 12 11 2 2.346 -4.660 2.789
SPIN 4 12 11 3 -5.259 -1.404 2.317
SPIN 4 12 11 4 5.207 2.779 -0.404
SPIN 4 12 11 5 -3.789 -4.266 1.564
SPIN 4 12 11 6 -1.483 -3.530 -4.510
SPIN 4 12 11 7 -3.196 -1.184 4.836
SPIN 4 12 11 8 1.075 1.537 -5.611
SPIN 4 12 11 9 -4.979 -3.188 0.218
SPIN 4 12 11 10 1.002 5.753 -0.949
SPIN 4 12 11 11 -0.825 -3.851 -4.415
SPIN 4 12 11 12 3.224 -4.779 1.328
SPIN 4 12 11 13 4.091 3.735 -2.077
SPIN 4 12 11 14 -0.550 -3.828 4.477
SPIN 4 12 11 15 -1.370 -0.506 -5.733
SPIN 1 12 12 0 -3.616 -4.446 -1.468
SPIN 1 12 12 1 -4.601 3.466 1.348
SPIN 1 12 12 2 -3.801 -1.315 4.338
SPIN 1 12 12 3 -2.588 2.998 -4.395
SPIN 1 12 12 4 3.872 3.633 2.610
SPIN 1 12 12 5 -2.927 4.346 2.747
SPIN 1 12 12 6 -0.626 -4.035 4.281
SPIN 1 12 12 7 5.062 2.179 -2.151
SPIN 1 12 12 8 1.372 -4.146 3.991
SPIN 1 12 12 9 1.664 -3.628 -4.366
SPIN 1 12 12 10 -0.194 5.899 0.407
SPIN 1 12 12 11 2.394 5.058 -1.920
SPIN 1 12 12 12 -2.699 -4.294 3.046
SPIN 1 12 12 13 -4.291 4.025 -0.622
SPIN 1 12 12 14 -3.539 -4.740 -0.061
SPIN 1 12 12 15 0.329 5.904 -0.194
SPIN 4 12 12 0 1.972 4.158 -3.718
SPIN 4 12 12 1 5.623 1.424 -1.163
SPIN 4 12 12 2 -2.870 5.173 -0.005
SPIN 4 12 12 3 2.678 0.011 5.275
SPIN 4 12 12 4 -1.720 -5.403 -1.689
SPIN 4 12 12 5 2.252 5.416 0.770
SPIN 4 12 12 6 -1.487 4.006 4.092
SPIN 4 12 12 7 5.566 1.405 1.428
SPIN 4 12 12 8 -0.614 -1.723 5.626
SPIN 4 12 12 9 4.818 3.187 -1.277
SPIN 4 12 12 10 -3.901 -4.413 0.555
SPIN 4 12 12 11 -0.842 -0.398 5.842
SPIN 4 12 12 12 -1.406 -0.951 -5.667
SPIN 4 12 12 13 1.445 0.191 5.734
SPIN 4 12 12 14 -1.363 2.657 -5.107
SPIN 4 12 12 15 3.847 4.288 1.347
SPIN 1 12 13 0 -0.353 -3.731 4.577
SPIN 1 12 13 1 -4.827 -3.242 1.092
SPIN 1 12 13 2 4.408 3.456 -1.904
SPIN 1 12 13 3 2.477 -3.769 -3.829
SPIN 1 12 13 4 -3.908 2.369 3.757
SPIN 1 12 13 5 2.916 1.261 4.991
SPIN 1 12 13 6 2.096 5.176 1.953
SPIN 1 12 13 7 5.085 -1.504 2.624
SPIN 1 12 13 8 -1.847 -3.349 -4.514
SPIN 1 12 13 9 -0.655 -0.502 5.858
SPIN 1 12 13 10 5.661 1.174 1.256
SPIN 1 12 13 11 -5.146 -2.915 -0.133
SPIN 1 12 13 12 4.345 -0.202 4.010
SPIN 1 12 13 13 -3.659 -4.635 0.362
SPIN 1 12 13 14 -1.849 -5.386 1.604
SPIN 1 12 13 15 5.826 0.541 -0.875
SPIN 4 12 13 0 -1.983 4.275 3.577
SPIN 4 12 13 1 -2.815 -5.115 -0.953
SPIN 4 12 13 2 -5.415 -2.071 -1.178
SPIN 4 12 13 3 0.692 0.923 -5.802
SPIN 4 12 13 4 -5.482 2.047 0.874
SPIN 4 12 13 5 0.074 -0.599 -5.885
SPIN 4 12 13 6 4.435 -3.226 2.218
SPIN 4 12 13 7 4.458 -2.634 2.862
SPIN 4 12 13 8 3.787 1.062 -4.419
SPIN 4 12 13 9 5.532 -2.093 0.144
SPIN 4 12 13 10 0.005 3.750 -4.575
SPIN 4 12 13 11 -1.908 -0.304 5.592
SPIN 4 12 13 12 -2.826 -4.820 -1.946
SPIN 4 12 13 13 4.748 -3.144 1.605
SPIN 4 12 13 14 3.202 4.963 -0.350
SPIN 4 12 13 15 -4.776 0.984 3.350
SPIN 1 12 14 0 5.530 -2.037 0.521
SPIN 1 12 14 1 1.829 0.647 5.589
SPIN 1 12 14 2 5.019 0.787 3.031
SPIN 1 12 14 3 -5.866 0.014 -0.769
SPIN 1 12 14 4 -2.239 -4.327 -3.357
SPIN 1 12 14 5 -0.788 5.860 -0.205
SPIN 1 12 14 6 -5.786 -1.223 0.148
SPIN 1 12 14 7 -2.005 -4.467 -3.320
SPIN 1 12 14 8 -0.527 -1.234 5.762
SPIN 1 12 14 9 2.449 -2.499 -4.770
SPIN 1 12 14 10 0.337 -4.638 3.658
SPIN 1 12 14 11 3.210 -1.191 -4.825
SPIN 1 12 14 12 -0.056 4.268 -4.096
SPIN 1 12 14 13 -4.759 -3.506 -0.252
SPIN 1 12 14 14 -3.001 4.900 1.409
SPIN 1 12 14 15 -5.586 0.253 -1.932
SPIN 4 12 14 0 -3.622 -4.244 -1.968
SPIN 4 12 14 1 -4.394 3.883 0.786
SPIN 4 12 14 2 4.500 -3.703 1.022
SPIN 4 12 14 3 -1.194 5.581 -1.558
SPIN 4 12 14 4 0.271 0.154 5.908
SPIN 4 12 14 5 0.309 -4.842 3.385
SPIN 4 12 14 6 1.436 5.738 -0.102
SPIN 4 12 14 7 0.952 4.598 3.599
SPIN 4 12 14 8 1.816 2.490 5.050
SPIN 4 12 14 9 -1.606 1.943 5.352
SPIN 4 12 14 10 3.527 4.212 2.195
SPIN 4 12 14 11 -0.864 3.387 4.773
SPIN 4 12 14 12 2.737 4.891 -1.894
SPIN 4 12 14 13 -1.456 3.441 4.587
SPIN 4 12 14 14 -4.514 3.588 1.321
SPIN 4 12 14 15 3.420 -0.810 4.759
SPIN 1 12 15 0 1.015 5.320 2.381
SPIN 1 12 15 1 0.394 -1.073 -5.805
SPIN 1 12 15 2 1.507 0.687 -5.680
SPIN 1 12 15 3 3.788 0.471 4.520
SPIN 1 12 15 4 0.313 3.442 -4.802
SPIN 1 12 15 5 3.651 0.930 4.561
SPIN 1 12 15 6 -4.771 3.012 -1.779
SPIN 1 12 15 7 -1.649 -5.595 -0.985
SPIN 1 12 15 8 1.218 -0.240 -5.784
SPIN 1 12 15 9 -4.418 1.657 -3.568
SPIN 1 12 15 10 1.518 -5.362 -1.986
SPIN 1 12 15 11 -1.783 0.257 5.635
SPIN 1 12 15 12 1.332 0.935 5.688
SPIN 1 12 15 13 2.828 3.380 -3.947
SPIN 1 12 15 14 0.991 -4.988 3.024
SPIN 1 12 15 15 1.327 -5.108 -2.673
SPIN 4 12 15 0 0.901 5.765 -0.978
SPIN 4 12 15 1 -2.543 0.020 -5.342
SPIN 4 12 15 2 -4.813 -0.452 3.411
SPIN 4 12 15 3 -4.799 3.134 -1.467
SPIN 4 12 15 4 -4.817 -2.896 -1.846
SPIN 4 12 15 5 -2.403 0.624 5.370
SPIN 4 12 15 6 -3.053 -2.020 4.647
SPIN 4 12 15 7 5.137 -1.689 -2.400
SPIN 4 12 15 8 -1.357 4.198 -3.942
SPIN 4 12 15 9 5.415 -2.370 0.239
SPIN 4 12 15 10 -3.384 -0.904 4.768
SPIN 4 12 15 11 0.769 2.350 -5.375
SPIN 4 12 15 12 -5.570 -1.938 -0.470
SPIN 4 12 15 13 2.454 3.840 3.773
SPIN 4 12 15 14 4.987 1.973 2.497
SPIN 4 12 15 15 -3.659 -3.810 -2.663
SPIN 3 12 0 0 5.240 2.739 -0.197
SPIN 3 12 0 1 -5.788 0.941 0.782
SPIN 3 12 0 2 4.644 -0.736 -3.591
SPIN 3 12 0 3 -1.965 5.538 0.687
SPIN 3 12 0 4 -1.340 4.717 -3.309
SPIN 3 12 0 5 -0.380 -5.892 0.375
SPIN 3 12 0 6 -3.943 3.426 -2.778
SPIN 3 12 0 7 3.847 -1.134 4.349
SPIN 3 12 0 8 -0.901 5.387 -2.274
SPIN 3 12 0 9 3.437 -2.732 -3.965
SPIN 3 12 0 10 -1.820 -5.618 0.353
SPIN 3 12 0 11 2.706 3.749 -3.691
SPIN 3 12 0 12 -1.992 -4.050 -3.825
SPIN 3 12 0 13 5.037 2.394 -1.974
SPIN 3 12 0 14 -4.646 -3.661 0.104
SPIN 3 12 0 15 -5.708 -1.548 -0.139
SPIN 2 12 0 0 -0.141 1.330 -5.763
SPIN 2 12 0 1 3.618 4.655 -0.487
SPIN 2 12 0 2 -3.175 1.499 4.761
SPIN 2 12 0 3 3.932 -3.039 -3.210
SPIN 2 12 0 4 0.438 -2.158 -5.491
SPIN 2 12 0 5 3.061 2.416 4.449
SPIN 2 12 0 6 -3.952 -2.166 3.833
SPIN 2 12 0 7 -3.764 -2.778 3.621
SPIN 2 12 0 8 1.110 -5.702 -1.121
SPIN 2 12 0 9 4.882 -0.985 3.193
SPIN 2 12 0 10 -0.679 5.605 1.769
SPIN 2 12 0 11 -2.852 -4.884 1.735
SPIN 2 12 0 12 4.483 -2.428 -3.002
SPIN 2 12 0 13 -0.487 -4.519 -3.787
SPIN 2 12 0 14 2.583 -0.729 5.272
SPIN 2 12 0 15 2.160 -1.626 5.262
SPIN 3 12 1 0 -5.727 1.375 -0.560
SPIN 3 12 1 1 -2.973 -5.115 -0.056
SPIN 3 12 1 2 5.077 2.226 2.065
SPIN 3 12 1 3 -1.190 -5.049 2.845
SPIN 3 12 1 4 -5.766 0.741 -1.098
SPIN 3 12 1 5 4.693 -3.567 0.498
SPIN 3 12 1 6 4.546 -2.960 -2.361
SPIN 3 12 1 7 -4.857 0.552 -3.333
SPIN 3 12 1 8 4.901 -0.101 -3.312
SPIN 3 12 1 9 -3.776 -4.542 0.337
SPIN 3 12 1 10 5.375 0.378 -2.442
SPIN 3 12 1 11 -1.169 5.764 -0.639
SPIN 3 12 1 12 4.704 -0.316 3.574
SPIN 3 12 1 13 -5.673 -0.104 -1.676
SPIN 3 12 1 14 -2.324 5.432 -0.307
SPIN 3 12 1 15 4.049 1.220 4.137
SPIN 2 12 1 0 -3.625 -1.009 -4.565
SPIN 2 12 1 1 1.973 -3.521 4.325
SPIN 2 12 1 2 -4.779 3.404 0.755
SPIN 2 12 1 3 -0.965 3.593 4.600
SPIN 2 12 1 4 -0.448 5.898 0.109
SPIN 2 12 1 5 -4.980 -2.601 1.852
SPIN 2 12 1 6 -2.386 1.909 5.066
SPIN 2 12 1 7 -1.172 -2.989 4.969
SPIN 2 12 1 8 2.707 3.598 -3.838
SPIN 2 12 1 9 -4.909 3.069 -1.221
SPIN 2 12 1 10 -1.415 -4.305 -3.803
SPIN 2 12 1 11 -5.315 2.093 1.540
SPIN 2 12 1 12 4.261 -4.102 -0.135
SPIN 2 12 1 13 -4.133 1.226 -4.052
SPIN 2 12 1 14 4.975 0.655 -3.134
SPIN 2 12 1 15 5.643 -0.251 -1.758
SPIN 3 12 2 0 5.626 1.253 -1.332
SPIN 3 12 2 1 -1.873 5.518 -1.021
SPIN 3 12 2 2 -2.884 5.067 -1.003
SPIN 3 12 2 3 -4.019 -0.894 -4.248
SPIN 3 12 2 4 0.903 -5.828 -0.472
SPIN 3 12 2 5 -3.829 1.929 4.077
SPIN 3 12 2 6 -1.274 5.662 -1.148
SPIN 3 12 2 7 1.587 -2.753 4.990
SPIN 3 12 2 8 -4.588 -0.508 -3.700
SPIN 3 12 2 9 4.211 1.790 3.750
SPIN 3 12 2 10 3.992 -1.568 4.075
SPIN 3 12 2 11 -1.884 -4.824 2.861
SPIN 3 12 2 12 -3.212 3.666 -3.353
SPIN 3 12 2 13 2.651 1.527 -5.064
SPIN 3 12 2 14 -2.592 -4.651 2.578
SPIN 3 12 2 15 -1.630 2.796 4.952
SPIN 2 12 2 0 -0.314 -3.678 4.623
SPIN 2 12 2 1 4.522 2.851 -2.535
SPIN 2 12 2 2 3.571 3.552 3.103
SPIN 2 12 2 3 -0.076 5.897 -0.464
SPIN 2 12 2 4 -5.746 0.867 -1.108
SPIN 2 12 2 5 2.801 -0.007 -5.211
SPIN 2 12 2 6 5.815 -0.886 -0.636
SPIN 2 12 2 7 -3.220 4.956 -0.252
SPIN 2 12 2 8 4.665 -2.031 -3.018
SPIN 2 12 2 9 0.550 3.406 4.806
SPIN 2 12 2 10 -2.144 1.579 -5.283
SPIN 2 12 2 11 2.201 3.971 -3.793
SPIN 2 12 2 12 -4.094 4.124 -1.108
SPIN 2 12 2 13 3.914 4.275 1.185
SPIN 2 12 2 14 2.506 -5.288 0.872
SPIN 2 12 2 15 0.942 2.428 -5.312
SPIN 3 12 3 0 -3.984 0.490 -4.346
SPIN 3 12 3 1 -4.693 2.411 2.677
SPIN 3 12 3 2 3.625 -0.556 4.642
SPIN 3 12 3 3 -1.969 2.824 -4.811
SPIN 3 12 3 4 4.378 2.558 3.048
SPIN 3 12 3 5 -2.169 -3.488 -4.258
SPIN 3 12 3 6 5.567 -1.852 -0.761
SPIN 3 12 3 7 -1.965 -4.371 -3.469
SPIN 3 12 3 8 5.007 3.151 0.029
SPIN 3 12 3 9 -5.807 -0.954 -0.604
SPIN 3 12 3 10 -4.375 -3.598 1.706
SPIN 3 12 3 11 1.799 2.552 -5.025
SPIN 3 12 3 12 5.631 -1.687 0.671
SPIN 3 12 3 13 -4.424 -3.729 -1.235
SPIN 3 12 3 14 3.766 2.869 3.548
SPIN 3 12 3 15 2.632 -2.797 -4.500
SPIN 2 12 3 0 2.514 4.603 -2.737
SPIN 2 12 3 1 -2.965 2.613 -4.402
SPIN 2 12 3 2 5.437 -0.002 -2.333
SPIN 2 12 3 3 5.166 -2.628 1.183
SPIN 2 12 3 4 0.682 -2.137 5.474
SPIN 2 12 3 5 -4.551 3.607 1.132
SPIN 2 12 3 6 -0.065 5.766 -1.324
SPIN 2 12 3 7 5.246 2.733 0.105
SPIN 2 12 3 8 -1.316 -5.598 -1.389
SPIN 2 12 3 9 4.648 3.648 -0.297
SPIN 2 12 3 10 -1.905 -4.533 3.290
SPIN 2 12 3 11 3.425 -4.439 -1.889
SPIN 2 12 3 12 -0.299 5.242 2.727
SPIN 2 12 3 13 4.518 0.093 -3.818
SPIN 2 12 3 14 -1.284 5.743 -0.604
SPIN 2 12 3 15 3.157 -4.305 2.549
SPIN 3 12 4 0 3.510 -2.646 3.960
SPIN 3 12 4 1 5.752 0.969 -0.989
SPIN 3 12 4 2 -2.043 -1.103 -5.442
SPIN 3 12 4 3 0.037 0.766 5.866
SPIN 3 12 4 4 0.318 -5.890 0.453
SPIN 3 12 4 5 2.449 5.384 -0.114
SPIN 3 12 4 6 -2.880 1.511 4.942
SPIN 3 12 4 7 -2.479 1.386 5.190
SPIN 3 12 4 8 -3.232 4.873 0.901
SPIN 3 12 4 9 -2.939 4.947 -1.372
SPIN 3 12 4 10 1.622 5.531 1.334
SPIN 3 12 4 11 1.820 -5.333 -1.801
SPIN 3 12 4 12 -2.122 -5.503 -0.459
SPIN 3 12 4 13 -1.805 5.422 -1.533
SPIN 3 12 4 14 -4.482 -2.189 3.182
SPIN 3 12 4 15 -3.792 3.482 -2.915
SPIN 2 12 4 0 3.424 -4.646 -1.301
SPIN 2 12 4 1 -0.845 3.796 4.458
SPIN 2 12 4 2 1.144 -4.826 3.225
SPIN 2 12 4 3 -0.851 4.523 -3.717
SPIN 2 12 4 4 5.631 -0.686 1.679
SPIN 2 12 4 5 -5.144 1.897 -2.222
SPIN 2 12 4 6 1.291 -5.309 2.269
SPIN 2 12 4 7 3.996 -2.332 3.687
SPIN 2 12 4 8 -2.092 -1.708 -5.264
SPIN 2 12 4 9 3.818 0.554 4.485
SPIN 2 12 4 10 2.084 4.264 -3.532
SPIN 2 12 4 11 2.836 -5.122 0.852
SPIN 2 12 4 12 1.818 1.998 5.263
SPIN 2 12 4 13 1.932 -0.683 5.550
SPIN 2 12 4 14 5.030 -2.943 1.018
SPIN 2 12 4 15 5.575 0.855 1.786
SPIN 3 12 5 0 -0.369 5.905 -0.005
SPIN 3 12 5 1 3.432 3.400 3.416
SPIN 3 12 5 2 -3.238 -3.967 -2.964
SPIN 3 12 5 3 1.081 5.403 -2.153
SPIN 3 12 5 4 4.676 1.134 3.443
SPIN 3 12 5 5 -0.536 0.158 5.890
SPIN 3 12 5 6 0.199 -0.030 -5.913
SPIN 3 12 5 7 -3.789 1.287 4.357
SPIN 3 12 5 8 -1.290 -3.353 4.700
SPIN 3 12 5 9 2.116 -1.801 -5.223
SPIN 3 12 5 10 -1.500 -5.014 -2.759
SPIN 3 12 5 11 -2.134 1.312 -5.360
SPIN 3 12 5 12 0.521 -5.850 -0.710
SPIN 3 12 5 13 2.682 -4.642 2.502
SPIN 3 12 5 14 4.347 -3.414 -2.108
SPIN 3 12 5 15 -3.457 -2.159 4.288
SPIN 2 12 5 0 -3.397 4.725 1.065
SPIN 2 12 5 1 4.611 -2.590 -2.651
SPIN 2 12 5 2 -3.769 4.410 1.161
SPIN 2 12 5 3 0.455 -1.892 5.587
SPIN 2 12 5 4 3.723 4.148 -1.984
SPIN 2 12 5 5 -2.466 -5.017 1.937
SPIN 2 12 5 6 1.121 4.812 -3.254
SPIN 2 12 5 7 1.329 -0.572 5.736
SPIN 2 12 5 8 -1.944 -1.991 -5.221
SPIN 2 12 5 9 3.239 3.375 3.622
SPIN 2 12 5 10 -3.982 2.229 -3.765
SPIN 2 12 5 11 -0.506 -3.412 4.806
SPIN 2 12 5 12 -4.313 -4.049 0.048
SPIN 2 12 5 13 0.341 2.021 5.550
SPIN 2 12 5 14 2.295 4.450 -3.152
SPIN 2 12 5 15 5.185 -1.988 2.042
SPIN 3 12 6 0 -3.597 -4.697 0.071
SPIN 3 12 6 1 0.383 -5.877 -0.566
SPIN 3 12 6 2 1.086 -4.320 3.893
SPIN 3 12 6 3 2.479 -0.682 5.328
SPIN 3 12 6 4 -2.531 2.485 -4.735
SPIN 3 12 6 5 -4.210 0.115 -4.155
SPIN 3 12 6 6 1.247 -5.655 1.210
SPIN 3 12 6 7 5.796 -0.606 1.017
SPIN 3 12 6 8 -3.699 2.780 3.686
SPIN 3 12 6 9 1.493 3.968 -4.126
SPIN 3 12 6 10 -0.534 -3.229 4.928
SPIN 3 12 6 11 -3.487 -0.192 4.776
SPIN 3 12 6 12 4.757 3.500 -0.349
SPIN 3 12 6 13 1.091 4.220 -4.000
SPIN 3 12 6 14 -3.663 -2.027 4.180
SPIN 3 12 6 15 4.654 3.636 -0.345
SPIN 2 12 6 0 -2.017 4.958 -2.520
SPIN 2 12 6 1 4.351 -1.692 3.634
SPIN 2 12 6 2 -0.254 0.553 -5.885
SPIN 2 12 6 3 -5.794 -0.801 0.888
SPIN 2 12 6 4 1.467 5.228 2.349
SPIN 2 12 6 5 4.724 3.370 1.152
SPIN 2 12 6 6 5.388 -2.366 -0.610
SPIN 2 12 6 7 -3.612 3.328 3.298
SPIN 2 12 6 8 5.665 -1.690 0.224
SPIN 2 12 6 9 4.745 -3.024 -1.828
SPIN 2 12 6 10 1.065 4.965 3.035
SPIN 2 12 6 11 -5.875 0.546 0.435
SPIN 2 12 6 12 3.059 -0.171 5.061
SPIN 2 12 6 13 -0.235 -2.907 -5.147
SPIN 2 12 6 14 1.425 5.740 0.142
SPIN 2 12 6 15 -2.741 1.191 -5.106
SPIN 3 12 7 0 5.222 2.766 0.287
SPIN 3 12 7 1 0.637 1.447 -5.701
SPIN 3 12 7 2 1.942 -5.256 -1.897
SPIN 3 12 7 3 -4.612 0.344 3.690
SPIN 3 12 7 4 -2.965 -4.968 1.237
SPIN 3 12 7 5 3.073 -1.935 4.670
SPIN 3 12 7 6 -1.189 -1.924 5.467
SPIN 3 12 7 7 -3.687 4.627 -0.019
SPIN 3 12 7 8 -3.544 3.421 -3.277
SPIN 3 12 7 9 -3.142 -1.703 4.714
SPIN 3 12 7 10 -1.974 4.595 -3.161
SPIN 3 12 7 11 5.139 0.282 -2.918
SPIN 3 12 7 12 -1.189 5.677 1.167
SPIN 3 12 7 13 -3.405 -4.693 -1.178
SPIN 3 12 7 14 4.530 0.646 -3.749
SPIN 3 12 7 15 0.499 -1.592 5.676
SPIN 2 12 7 0 -1.784 -4.743 3.054
SPIN 2 12 7 1 -1.054 3.801 4.409
SPIN 2 12 7 2 -3.541 -3.026 -3.647
SPIN 2 12 7 3 -0.441 2.407 -5.386
SPIN 2 12 7 4 3.822 -3.517 2.833
SPIN 2 12 7 5 -3.334 3.295 3.610
SPIN 2 12 7 6 -4.710 -2.575 -2.488
SPIN 2 12 7 7 -3.096 4.799 -1.543
SPIN 2 12 7 8 3.691 -4.624 0.004
SPIN 2 12 7 9 3.195 -2.460 4.329
SPIN 2 12 7 10 -2.983 -3.433 -3.783
SPIN 2 12 7 11 1.529 5.488 1.595
SPIN 2 12 7 12 -2.206 -5.483 0.268
SPIN 2 12 7 13 4.950 -1.397 -2.923
SPIN 2 12 7 14 -3.902 -4.420 -0.487
SPIN 2 12 7 15 1.664 5.028 -2.636
SPIN 3 12 8 0 -3.527 3.410 3.307
SPIN 3 12 8 1 4.857 3.067 1.417
SPIN 3 12 8 2 0.479 5.338 -2.505
SPIN 3 12 8 3 4.541 3.145 -2.117
SPIN 3 12 8 4 -5.130 2.713 1.148
SPIN 3 12 8 5 2.465 0.335 -5.368
SPIN 3 12 8 6 -0.988 2.706 -5.167
SPIN 3 12 8 7 5.307 1.365 -2.229
SPIN 3 12 8 8 -4.885 1.121 3.144
SPIN 3 12 8 9 4.026 3.230 -2.891
SPIN 3 12 8 10 1.466 1.228 -5.598
SPIN 3 12 8 11 -0.930 1.797 5.559
SPIN 3 12 8 12 -4.507 -3.313 -1.926
SPIN 3 12 8 13 3.526 3.059 3.634
SPIN 3 12 8 14 4.257 -0.478 4.080
SPIN 3 12 8 15 -1.683 0.202 -5.668
SPIN 2 12 8 0 -2.757 -3.539 -3.857
SPIN 2 12 8 1 -1.791 -5.610 -0.564
SPIN 2 12 8 2 3.809 1.981 4.070
SPIN 2 12 8 3 -5.283 0.705 2.568
SPIN 2 12 8 4 2.651 -3.517 -3.950
SPIN 2 12 8 5 3.715 -4.564 -0.608
SPIN 2 12 8 6 -5.194 2.832 -0.021
SPIN 2 12 8 7 2.893 -5.073 0.944
SPIN 2 12 8 8 -3.908 1.515 4.175
SPIN 2 12 8 9 4.119 -4.041 -1.306
SPIN 2 12 8 10 5.679 0.748 -1.481
SPIN 2 12 8 11 -4.354 -2.068 -3.430
SPIN 2 12 8 12 4.930 -1.336 2.984
SPIN 2 12 8 13 -0.391 -2.707 5.246
SPIN 2 12 8 14 -4.999 -2.608 -1.790
SPIN 2 12 8 15 1.857 -0.710 5.572
SPIN 3 12 9 0 1.539 -0.781 5.659
SPIN 3 12 9 1 -1.835 3.272 4.575
SPIN 3 12 9 2 3.421 -4.813 -0.354
SPIN 3 12 9 3 -0.005 3.863 4.481
SPIN 3 12 9 4 -2.539 0.401 -5.329
SPIN 3 12 9 5 0.078 -3.365 4.865
SPIN 3 12 9 6 -3.094 2.648 -4.291
SPIN 3 12 9 7 -3.040 3.733 3.438
SPIN 3 12 9 8 2.786 -5.190 -0.552
SPIN 3 12 9 9 1.341 1.955 5.420
SPIN 3 12 9 10 -3.850 2.918 3.415
SPIN 3 12 9 11 4.001 -1.825 -3.958
SPIN 3 12 9 12 0.386 1.077 5.804
SPIN 3 12 9 13 -2.189 -5.394 1.057
SPIN 3 12 9 14 2.717 2.058 -4.836
SPIN 3 12 9 15 0.345 -0.260 5.900
SPIN 2 12 9 0 4.320 3.905 -1.045
SPIN 2 12 9 1 -4.611 3.218 -1.841
SPIN 2 12 9 2 -2.670 -5.278 0.139
SPIN 2 12 9 3 -3.799 4.528 0.257
SPIN 2 12 9 4 -5.282 -0.406 2.633
SPIN 2 12 9 5 3.872 4.228 -1.460
SPIN 2 12 9 6 3.246 4.840 1.019
SPIN 2 12 9 7 3.209 4.755 1.449
SPIN 2 12 9 8 4.196 0.138 -4.169
SPIN 2 12 9 9 2.582 4.899 2.081
SPIN 2 12 9 10 0.389 -5.429 -2.318
SPIN 2 12 9 11 -0.134 5.345 2.531
SPIN 2 12 9 12 -5.811 -1.097 -0.162
SPIN 2 12 9 13 -0.730 -5.308 -2.509
SPIN 2 12 9 14 -1.539 5.693 -0.467
SPIN 2 12 9 15 -5.709 -1.514 0.336
SPIN 3 12 10 0 3.632 1.081 4.543
SPIN 3 12 10 1 -2.505 -5.359 0.023
SPIN 3 12 10 2 4.184 3.519 2.261
SPIN 3 12 10 3 0.947 2.273 -5.379
SPIN 3 12 10 4 -3.833 3.231 -3.141
SPIN 3 12 10 5 -3.598 -4.639 -0.731
SPIN 3 12 10 6 0.896 5.745 1.092
SPIN 3 12 10 7 1.894 -2.932 4.777
SPIN 3 12 10 8 -0.438 5.510 -2.108
SPIN 3 12 10 9 -3.718 2.566 3.820
SPIN 3 12 10 10 -3.833 1.888 -4.092
SPIN 3 12 10 11 3.649 3.627 2.920
SPIN 3 12 10 12 -1.889 2.755 -4.883
SPIN 3 12 10 13 4.551 3.627 -1.065
SPIN 3 12 10 14 0.444 -2.196 5.475
SPIN 3 12 10 15 2.807 4.556 2.523
SPIN 2 12 10 0 -3.515 -3.614 3.095
SPIN 2 12 10 1 -5.433 -2.271 0.567
SPIN 2 12 10 2 2.207 4.995 -2.276
SPIN 2 12 10 3 -0.668 5.060 2.992
SPIN 2 12 10 4 3.836 1.848 4.107
SPIN 2 12 10 5 4.775 -0.567 -3.447
SPIN 2 12 10 6 0.138 -4.723 -3.559
SPIN 2 12 10 7 4.651 0.732 -3.583
SPIN 2 12 10 8 3.228 4.309 -2.452
SPIN 2 12 10 9 -3.418 -0.420 -4.810
SPIN 2 12 10 10 -0.136 -5.613 1.863
SPIN 2 12 10 11 -1.401 3.866 4.254
SPIN 2 12 10 12 -4.741 -3.457 0.756
SPIN 2 12 10 13 -1.465 0.684 -5.691
SPIN 2 12 10 14 1.807 -2.887 -4.838
SPIN 2 12 10 15 0.395 4.187 4.161
SPIN 3 12 11 0 2.754 -1.099 -5.119
SPIN 3 12 11 1 -1.795 -5.459 -1.407
SPIN 3 12 11 2 5.138 1.558 -2.485
SPIN 3 12 11 3 1.475 -4.239 -3.855
SPIN 3 12 11 4 2.016 5.481 -0.946
SPIN 3 12 11 5 4.802 -0.987 3.311
SPIN 3 12 11 6 -4.408 -3.152 2.375
SPIN 3 12 11 7 -0.424 -5.849 0.783
SPIN 3 12 11 8 -1.543 -3.935 4.140
SPIN 3 12 11 9 2.110 1.934 5.178
SPIN 3 12 11 10 3.147 -4.925 0.916
SPIN 3 12 11 11 -0.579 5.860 -0.569
SPIN 3 12 11 12 1.660 -3.076 -4.773
SPIN 3 12 11 13 -0.319 -0.680 5.868
SPIN 3 12 11 14 5.712 1.508 -0.313
SPIN 3 12 11 15 -0.543 -1.381 -5.727
SPIN 2 12 11 0 -0.497 1.848 5.598
SPIN 2 12 11 1 1.141 5.603 -1.517
SPIN 2 12 11 2 -3.359 -3.802 -3.044
SPIN 2 12 11 3 0.088 5.880 0.644
SPIN 2 12 11 4 0.755 -5.182 2.752
SPIN 2 12 11 5 0.575 -2.887 -5.132
SPIN 2 12 11 6 -5.783 -0.654 -1.062
SPIN 2 12 11 7 4.268 -2.154 3.484
SPIN 2 12 11 8 3.482 1.917 -4.382
SPIN 2 12 11 9 -2.392 -2.491 4.804
SPIN 2 12 11 10 -2.685 1.628 -5.014
SPIN 2 12 11 11 5.520 -0.937 1.911
SPIN 2 12 11 12 2.953 2.708 4.353
SPIN 2 12 11 13 1.911 0.939 -5.520
SPIN 2 12 11 14 2.534 -4.233 3.265
SPIN 2 12 11 15 -1.626 5.159 -2.396
SPIN 3 12 12 0 -2.489 -3.544 -4.031
SPIN 3 12 12 1 2.447 4.315 3.224
SPIN 3 12 12 2 5.223 -0.201 -2.771
SPIN 3 12 12 3 1.879 -2.092 5.205
SPIN 3 12 12 4 -4.649 -2.781 -2.377
SPIN 3 12 12 5 0.951 5.838 0.095
SPIN 3 12 12 6 -2.278 -5.438 0.489
SPIN 3 12 12 7 4.219 4.147 -0.015
SPIN 3 12 12 8 -4.149 3.821 -1.784
SPIN 3 12 12 9 -1.454 0.875 -5.668
SPIN 3 12 12 10 4.124 -3.335 -2.621
SPIN 3 12 12 11 -5.479 0.215 2.221
SPIN 3 12 12 12 5.432 -2.343 -0.078
SPIN 3 12 12 13 1.418 -1.302 -5.594
SPIN 3 12 12 14 0.820 -5.158 -2.779
SPIN 3 12 12 15 4.355 1.664 3.641
SPIN 2 12 12 0 3.114 -3.627 3.485
SPIN 2 12 12 1 3.294 -3.725 -3.205
SPIN 2 12 12 2 -3.072 -4.426 2.445
SPIN 2 12 12 3 -5.593 1.593 -1.086
SPIN 2 12 12 4 4.630 2.857 -2.324
SPIN 2 12 12 5 4.413 -2.767 -2.805
SPIN 2 12 12 6 2.446 -1.434 -5.192
SPIN 2 12 12 7 -3.757 4.221 1.751
SPIN 2 12 12 8 3.624 3.818 2.700
SPIN 2 12 12 9 -2.749 5.210 0.546
SPIN 2 12 12 10 0.013 4.780 3.486
SPIN 2 12 12 11 -4.275 1.385 -3.848
SPIN 2 12 12 12 5.228 -0.367 2.744
SPIN 2 12 12 13 -4.238 0.954 4.017
SPIN 2 12 12 14 -3.822 4.495 0.430
SPIN 2 12 12 15 -0.858 5.580 1.770
SPIN 3 12 13 0 -1.736 -1.253 5.515
SPIN 3 12 13 1 -4.492 -2.022 3.277
SPIN 3 12 13 2 3.330 -2.699 -4.078
SPIN 3 12 13 3 0.221 -5.896 0.438
SPIN 3 12 13 4 1.121 4.755 3.337
SPIN 3 12 13 5 -1.876 -5.299 -1.845
SPIN 3 12 13 6 -2.062 5.496 -0.737
SPIN 3 12 13 7 -1.687 -5.579 1.012
SPIN 3 12 13 8 5.699 1.342 -0.846
SPIN 3 12 13 9 0.363 -5.268 -2.667
SPIN 3 12 13 10 -3.092 1.967 4.644
SPIN 3 12 13 11 5.006 -0.642 -3.086
SPIN 3 12 13 12 -2.775 1.056 5.117
SPIN 3 12 13 13 0.272 -5.514 2.127
SPIN 3 12 13 14 -2.208 4.406 3.272
SPIN 3 12 13 15 2.253 -5.222 1.631
SPIN 2 12 13 0 2.728 -3.691 3.733
SPIN 2 12 13 1 5.273 2.562 0.796
SPIN 2 12 13 2 4.859 2.931 -1.673
SPIN 2 12 13 3 -1.977 -4.812 2.816
SPIN 2 12 13 4 3.200 -4.334 2.445
SPIN 2 12 13 5 -0.082 -5.055 3.072
SPIN 2 12 13 6 -4.261 3.945 1.135
SPIN 2 12 13 7 5.573 -1.828 0.773
SPIN 2 12 13 8 -1.753 2.857 4.875
SPIN 2 12 13 9 -3.109 -4.960 -0.854
SPIN 2 12 13 10 -1.554 -4.084 -3.988
SPIN 2 12 13 11 -0.191 0.691 5.873
SPIN 2 12 13 12 4.100 3.949 -1.611
SPIN 2 12 13 13 0.030 -0.205 -5.912
SPIN 2 12 13 14 4.584 -1.384 3.475
SPIN 2 12 13 15 1.982 1.723 -5.301
SPIN 3 12 14 0 -0.907 5.336 2.388
SPIN 3 12 14 1 2.108 1.745 -5.245
SPIN 3 12 14 2 -4.125 -0.573 -4.202
SPIN 3 12 14 3 -3.227 0.642 4.917
SPIN 3 12 14 4 -0.406 -0.297 -5.895
SPIN 3 12 14 5 2.050 -5.502 -0.725
SPIN 3 12 14 6 4.559 3.311 -1.803
SPIN 3 12 14 7 1.328 5.503 -1.720
SPIN 3 12 14 8 -5.222 1.935 1.997
SPIN 3 12 14 9 3.220 2.443 -4.320
SPIN 3 12 14 10 -0.034 -2.413 5.401
SPIN 3 12 14 11 -0.586 -1.630 -5.657
SPIN 3 12 14 12 5.622 1.124 1.460
SPIN 3 12 14 13 -5.792 -0.223 1.184
SPIN 3 12 14 14 1.909 5.566 -0.617
SPIN 3 12 14 15 3.218 3.408 -3.609
SPIN 2 12 14 0 -4.853 0.646 -3.321
SPIN 2 12 14 1 -2.199 5.025 2.216
SPIN 2 12 14 2 0.184 5.208 2.800
SPIN 2 12 14 3 -2.236 -1.336 -5.312
SPIN 2 12 14 4 4.974 2.371 2.154
SPIN 2 12 14 5 -5.042 -2.361 2.000
SPIN 2 12 14 6 -0.098 1.167 -5.799
SPIN 2 12 14 7 -4.558 0.637 3.717
SPIN 2 12 14 8 -4.053 -4.308 -0.112
SPIN 2 12 14 9 4.975 1.650 2.744
SPIN 2 12 14 10 1.996 -0.058 5.569
SPIN 2 12 14 11 -5.435 1.783 1.512
SPIN 2 12 14 12 4.476 -3.830 0.549
SPIN 2 12 14 13 1.826 5.592 0.629
SPIN 2 12 14 14 1.583 -2.727 -5.006
SPIN 2 12 14 15 -4.455 3.053 2.416
SPIN 3 12 15 0 0.822 -5.413 2.243
SPIN 3 12 15 1 5.132 2.197 1.957
SPIN 3 12 15 2 -1.958 -4.669 -3.061
SPIN 3 12 15 3 -1.405 -5.743 0.216
SPIN 3 12 15 4 0.577 -1.104 -5.783
SPIN 3 12 15 5 2.028 5.552 0.252
SPIN 3 12 15 6 4.638 2.357 2.816
SPIN 3 12 15 7 1.763 4.920 2.773
SPIN 3 12 15 8 4.092 -0.956 -4.165
SPIN 3 12 15 9 4.699 3.569 -0.428
SPIN 3 12 15 10 -2.706 4.506 -2.715
SPIN 3 12 15 11 -0.041 -5.912 -0.217
SPIN 3 12 15 12 0.351 -3.036 -5.066
SPIN 3 12 15 13 2.096 -4.408 -3.343
SPIN 3 12 15 14 2.746 2.358 4.680
SPIN 3 12 15 15 1.185 -1.374 -5.631
SPIN 2 12 15 0 -0.161 -5.713 1.528
SPIN 2 12 15 1 1.579 -4.905 -2.907
SPIN 2 12 15 2 2.314 -5.185 1.662
SPIN 2 12 15 3 4.373 -0.464 3.957
SPIN 2 12 15 4 -0.844 -3.640 4.586
SPIN 2 12 15 5 -2.128 2.234 -5.048
SPIN 2 12 15 6 5.524 2.116 0.048
SPIN 2 12 15 7 4.372 -0.158 -3.982
SPIN 2 12 15 8 0.960 0.739 5.791
SPIN 2 12 15 9 -0.288 -0.381 -5.897
SPIN 2 12 15 10 -5.348 -0.433 -2.492
SPIN 2 12 15 11 -1.334 4.320 -3.816
SPIN 2 12 15 12 -2.161 5.048 2.201
SPIN 2 12 15 13 5.333 2.098 -1.469
SPIN 2 12 15 14 3.353 4.386 2.126
SPIN 2 12 15 15 -0.231 3.373 -4.855
SPIN 1 13 0 0 4.401 0.331 3.940
SPIN 1 13 0 1 2.353 -3.202 -4.383
SPIN 1 13 0 2 3.795 4.536 0.163
SPIN 1 13 0 3 5.683 -1.298 -1.012
SPIN 1 13 0 4 -5.545 -0.759 -1.919
SPIN 1 13 0 5 -4.711 -2.516 2.545
SPIN 1 13 0 6 5.054 -1.304 2.786
SPIN 1 13 0 7 3.172 -4.960 0.580
SPIN 1 13 0 8 -1.479 -4.740 -3.217
SPIN 1 13 0 9 -5.423 -2.269 -0.666
SPIN 1 13 0 10 4.341 3.919 -0.891
SPIN 1 13 0 11 -3.357 -4.755 1.059
SPIN 1 13 0 12 2.326 4.318 3.309
SPIN 1 13 0 13 -1.867 -5.461 1.302
SPIN 1 13 0 14 3.689 1.890 -4.221
SPIN 1 13 0 15 -0.359 -0.815 5.849
SPIN 4 13 0 0 4.473 2.586 2.881
SPIN 4 13 0 1 2.240 4.945 2.352
SPIN 4 13 0 2 -0.085 -5.848 0.892
SPIN 4 13 0 3 1.593 5.363 -1.925
SPIN 4 13 0 4 2.047 -3.944 3.906
SPIN 4 13 0 5 5.582 -0.494 -1.895
SPIN 4 13 0 6 5.882 -0.497 -0.390
SPIN 4 13 0 7 -2.120 4.520 3.174
SPIN 4 13 0 8 -4.282 0.180 4.078
SPIN 4 13 0 9 4.680 2.466 2.649
SPIN 4 13 0 10 0.067 -5.673 1.676
SPIN 4 13 0 11 5.136 -1.415 -2.573
SPIN 4 13 0 12 -2.654 -3.605 3.868
SPIN 4 13 0 13 -2.208 0.584 -5.458
SPIN 4 13 0 14 -2.891 2.610 4.453
SPIN 4 13 0 15 -1.673 2.666 -5.010
SPIN 1 13 1 0 2.587 4.017 -3.489
SPIN 1 13 1 1 0.496 0.061 5.895
SPIN 1 13 1 2 -1.258 3.958 -4.213
SPIN 1 13 1 3 -4.427 -0.218 -3.918
SPIN 1 13 1 4 4.655 -1.014 -3.507
SPIN 1 13 1 5 0.613 2.109 -5.493
SPIN 1 13 1 6 -2.005 -4.542 3.217
SPIN 1 13 1 7 -0.122 1.461 -5.732
SPIN 1 13 1 8 0.156 0.071 5.914
SPIN 1 13 1 9 -2.966 4.699 -2.029
SPIN 1 13 1 10 0.898 -5.000 -3.032
SPIN 1 13 1 11 -2.278 4.301 3.363
SPIN 1 13 1 12 -3.356 2.014 -4.437
SPIN 1 13 1 13 0.144 5.904 -0.346
SPIN 1 13 1 14 1.320 -5.214 -2.465
SPIN 1 13 1 15 0.002 2.752 -5.237
SPIN 4 13 1 0 -5.878 -0.651 0.155
SPIN 4 13 1 1 4.006 4.112 1.428
SPIN 4 13 1 2 -0.224 -3.512 4.756
SPIN 4 13 1 3 2.266 -1.451 -5.269
SPIN 4 13 1 4 -2.447 -2.147 4.940
SPIN 4 13 1 5 -2.133 5.387 1.196
SPIN 4 13 1 6 4.917 -1.778 -2.769
SPIN 4 13 1 7 -0.937 -4.712 3.452
SPIN 4 13 1 8 5.712 1.398 -0.645
SPIN 4 13 1 9 -3.949 -3.429 2.765
SPIN 4 13 1 10 -5.060 -0.746 -2.973
SPIN 4 13 1 11 -1.995 3.699 4.164
SPIN 4 13 1 12 2.200 -4.469 -3.192
SPIN 4 13 1 13 4.780 -2.646 2.270
SPIN 4 13 1 14 5.457 0.333 -2.260
SPIN 4 13 1 15 -2.125 -4.830 -2.675
SPIN 1 13 2 0 -0.732 5.218 2.690
SPIN 1 13 2 1 -5.654 1.482 -0.912
SPIN 1 13 2 2 -1.403 -5.519 1.603
SPIN 1 13 2 3 0.179 -5.813 1.083
SPIN 1 13 2 4 -2.294 1.634 -5.203
SPIN 1 13 2 5 -3.220 3.876 3.100
SPIN 1 13 2 6 4.954 -3.149 0.736
SPIN 1 13 2 7 -4.122 1.982 -3.752
SPIN 1 13 2 8 -2.692 -1.046 5.163
SPIN 1 13 2 9 4.891 -0.070 -3.327
SPIN 1 13 2 10 -3.599 -1.034 4.580
SPIN 1 13 2 11 -5.319 -1.188 -2.302
SPIN 1 13 2 12 0.528 -5.451 -2.239
SPIN 1 13 2 13 -5.753 -1.067 0.875
SPIN 1 13 2 14 1.427 -0.185 5.738
SPIN 1 13 2 15 0.844 -2.827 5.128
SPIN 4 13 2 0 -2.809 2.682 4.463
SPIN 4 13 2 1 -2.742 4.913 1.830
SPIN 4 13 2 2 2.099 5.091 -2.161
SPIN 4 13 2 3 -4.578 -0.750 3.672
SPIN 4 13 2 4 -1.497 -4.617 -3.383
SPIN 4 13 2 5 -1.532 -2.326 5.220
SPIN 4 13 2 6 -2.946 -0.579 5.098
SPIN 4 13 2 7 -0.234 4.979 3.186
SPIN 4 13 2 8 -3.320 0.185 -4.893
SPIN 4 13 2 9 1.156 2.875 -5.040
SPIN 4 13 2 10 3.318 -2.957 3.905
SPIN 4 13 2 11 5.549 1.231 1.640
SPIN 4 13 2 12 4.475 -0.858 -3.773
SPIN 4 13 2 13 1.330 -4.641 3.420
SPIN 4 13 2 14 -4.772 3.276 1.220
SPIN 4 13 2 15 3.387 4.354 2.138
SPIN 1 13 3 0 -1.838 3.559 4.354
SPIN 1 13 3 1 -0.722 -5.796 0.939
SPIN 1 13 3 2 -3.733 -1.260 -4.413
SPIN 1 13 3 3 0.921 2.711 -5.177
SPIN 1 13 3 4 2.637 -4.593 2.636
SPIN 1 13 3 5 -4.938 3.238 0.358
SPIN 1 13 3 6 -2.335 -4.728 2.682
SPIN 1 13 3 7 -3.637 4.635 0.538
SPIN 1 13 3 8 4.875 -0.256 3.342
SPIN 1 13 3 9 -5.038 -1.591 -2.662
SPIN 1 13 3 10 3.005 1.625 4.830
SPIN 1 13 3 11 -4.459 -3.703 -1.187
SPIN 1 13 3 12 -5.459 1.370 -1.822
SPIN 1 13 3 13 -3.529 -3.000 3.681
SPIN 1 13 3 14 -4.590 2.185 3.027
SPIN 1 13 3 15 3.097 0.316 -5.031
SPIN 4 13 3 0 -2.106 4.989 -2.381
SPIN 4 13 3 1 4.632 2.609 -2.595
SPIN 4 13 3 2 -0.701 -4.883 3.266
SPIN 4 13 3 3 3.207 4.737 1.508
SPIN 4 13 3 4 -3.311 0.811 -4.835
SPIN 4 13 3 5 5.478 -2.004 0.990
SPIN 4 13 3 6 3.699 -4.615 0.142
SPIN 4 13 3 7 1.128 3.921 -4.284
SPIN 4 13 3 8 -4.300 2.673 3.061
SPIN 4 13 3 9 3.504 3.621 3.101
SPIN 4 13 3 10 0.910 3.678 4.544
SPIN 4 13 3 11 4.461 1.961 -3.355
SPIN 4 13 3 12 -5.711 0.923 1.236
SPIN 4 13 3 13 3.653 3.999 -2.380
SPIN 4 13 3 14 4.097 -1.003 -4.148
SPIN 4 13 3 15 -1.122 -3.742 4.443
SPIN 1 13 4 0 1.467 1.321 -5.577
SPIN 1 13 4 1 2.151 3.249 4.451
SPIN 1 13 4 2 4.776 3.191 1.419
SPIN 1 13 4 3 -4.122 3.590 -2.263
SPIN 1 13 4 4 -0.095 5.850 -0.874
SPIN 1 13 4 5 -4.840 1.214 3.179
SPIN 1 13 4 6 0.507 -4.707 -3.548
SPIN 1 13 4 7 -4.894 3.158 1.038
SPIN 1 13 4 8 -2.533 3.414 -4.114
SPIN 1 13 4 9 -0.396 5.880 -0.516
SPIN 1 13 4 10 -2.168 -5.377 1.177
SPIN 1 13 4 11 2.882 5.079 -0.949
SPIN 1 13 4 12 3.006 -4.728 1.899
SPIN 1 13 4 13 0.979 5.311 2.416
SPIN 1 13 4 14 -0.945 -5.581 -1.720
SPIN 1 13 4 15 1.674 -1.397 5.500
SPIN 4 13 4 0 -1.102 -5.450 -2.020
SPIN 4 13 4 1 0.988 -1.617 -5.604
SPIN 4 13 4 2 -1.673 -0.539 5.649
SPIN 4 13 4 3 5.309 -2.610 0.010
SPIN 4 13 4 4 -4.235 -3.719 -1.797
SPIN 4 13 4 5 3.963 4.368 0.466
SPIN 4 13 4 6 -3.218 -1.356 4.776
SPIN 4 13 4 7 -3.001 -0.341 -5.087
SPIN 4 13 4 8 2.276 -4.896 2.419
SPIN 4 13 4 9 1.510 2.863 -4.952
SPIN 4 13 4 10 -4.637 -0.238 3.667
SPIN 4 13 4 11 -5.807 -0.263 1.100
SPIN 4 13 4 12 4.961 2.318 -2.239
SPIN 4 13 4 13 -0.566 3.767 4.526
SPIN 4 13 4 14 -1.155 -5.121 -2.729
SPIN 4 13 4 15 -1.007 -3.897 -4.336
SPIN 1 13 5 0 4.785 3.231 1.290
SPIN 1 13 5 1 0.064 -5.615 1.861
SPIN 1 13 5 2 -4.513 3.083 -2.265
SPIN 1 13 5 3 -3.949 -3.959 -1.932
SPIN 1 13 5 4 -3.109 -1.172 -4.895
SPIN 1 13 5 5 4.552 0.221 3.773
SPIN 1 13 5 6 0.772 5.597 1.755
SPIN 1 13 5 7 5.845 0.038 0.914
SPIN 1 13 5 8 -2.948 2.208 -4.629
SPIN 1 13 5 9 -2.112 -2.910 4.698
SPIN 1 13 5 10 1.188 5.491 1.854
SPIN 1 13 5 11 -5.609 -1.836 -0.412
SPIN 1 13 5 12 5.181 2.792 -0.602
SPIN 1 13 5 13 3.074 -4.483 -2.335
SPIN 1 13 5 14 -4.043 4.101 -1.357
SPIN 1 13 5 15 -3.435 -3.681 -3.106
SPIN 4 13 5 0 -2.532 5.179 1.331
SPIN 4 13 5 1 -2.711 -5.257 0.133
SPIN 4 13 5 2 3.690 2.544 3.862
SPIN 4 13 5 3 -5.581 -1.725 -0.936
SPIN 4 13 5 4 0.515 -4.153 -4.181
SPIN 4 13 5 5 -1.354 -1.855 -5.452
SPIN 4 13 5 6 5.591 -0.055 1.935
SPIN 4 13 5 7 -4.800 -2.459 2.431
SPIN 4 13 5 8 5.282 -1.921 1.847
SPIN 4 13 5 9 -1.937 -3.022 4.703
SPIN 4 13 5 10 -2.312 3.381 -4.269
SPIN 4 13 5 11 4.100 4.263 0.134
SPIN 4 13 5 12 -4.151 -0.614 -4.170
SPIN 4 13 5 13 3.452 2.569 4.060
SPIN 4 13 5 14 -3.692 -0.275 -4.615
SPIN 4 13 5 15 -0.870 -5.232 -2.620
SPIN 1 13 6 0 1.260 -5.066 2.784
SPIN 1 13 6 1 -3.847 4.480 0.363
SPIN 1 13 6 2 2.676 -3.963 -3.483
SPIN 1 13 6 3 -0.849 3.411 -4.759
SPIN 1 13 6 4 5.038 -2.662 -1.593
SPIN 1 13 6 5 -2.396 3.626 4.014
SPIN 1 13 6 6 -0.112 -5.096 -3.004
SPIN 1 13 6 7 -2.287 -3.240 4.390
SPIN 1 13 6 8 -1.438 5.464 1.753
SPIN 1 13 6 9 -0.869 -5.346 2.381
SPIN 1 13 6 10 0.938 4.049 -4.210
SPIN 1 13 6 11 -3.335 4.423 2.077
SPIN 1 13 6 12 5.054 3.055 0.356
SPIN 1 13 6 13 -2.972 4.979 1.173
SPIN 1 13 6 14 4.818 -2.683 -2.141
SPIN 1 13 6 15 -5.369 0.240 2.474
SPIN 4 13 6 0 5.760 0.255 -1.325
SPIN 4 13 6 1 -3.979 4.029 1.711
SPIN 4 13 6 2 -5.532 0.280 -2.077
SPIN 4 13 6 3 0.539 4.879 3.302
SPIN 4 13 6 4 -4.792 1.885 2.913
SPIN 4 13 6 5 -4.392 -2.077 3.376
SPIN 4 13 6 6 -4.731 -0.208 3.545
SPIN 4 13 6 7 -2.708 2.665 -4.535
SPIN 4 13 6 8 -2.543 -4.186 3.318
SPIN 4 13 6 9 -5.515 1.499 -1.529
SPIN 4 13 6 10 1.502 -0.721 -5.677
SPIN 4 13 6 11 2.785 1.466 -5.010
SPIN 4 13 6 12 -0.209 -4.664 3.633
SPIN 4 13 6 13 -4.197 -3.238 -2.627
SPIN 4 13 6 14 -1.536 -2.843 -4.956
SPIN 4 13 6 15 1.206 4.314 -3.865
SPIN 1 13 7 0 1.859 -4.423 -3.462
SPIN 1 13 7 1 -4.813 -3.337 0.833
SPIN 1 13 7 2 4.550 2.574 2.770
SPIN 1 13 7 3 4.588 3.539 1.192
SPIN 1 13 7 4 -5.765 1.063 -0.794
SPIN 1 13 7 5 -5.597 -0.932 1.674
SPIN 1 13 7 6 2.236 3.693 -4.045
SPIN 1 13 7 7 2.355 -5.194 -1.575
SPIN 1 13 7 8 0.067 4.232 4.133
SPIN 1 13 7 9 -3.844 3.881 2.273
SPIN 1 13 7 10 1.572 2.627 5.062
SPIN 1 13 7 11 1.768 -5.244 -2.090
SPIN 1 13 7 12 -1.534 2.805 4.978
SPIN 1 13 7 13 -1.725 -3.033 -4.778
SPIN 1 13 7 14 5.742 1.372 -0.382
SPIN 1 13 7 15 1.858 -3.435 -4.444
SPIN 4 13 7 0 3.162 1.208 4.852
SPIN 4 13 7 1 4.281 -2.723 -3.042
SPIN 4 13 7 2 4.940 3.200 0.598
SPIN 4 13 7 3 -1.611 0.718 5.647
SPIN 4 13 7 4 2.630 4.752 2.346
SPIN 4 13 7 5 -3.934 -0.741 -4.356
SPIN 4 13 7 6 5.458 2.130 0.821
SPIN 4 13 7 7 5.816 -0.307 1.041
SPIN 4 13 7 8 -1.564 2.076 -5.315
SPIN 4 13 7 9 -4.134 0.882 4.139
SPIN 4 13 7 10 1.816 3.180 -4.646
SPIN 4 13 7 11 4.710 3.448 -0.963
SPIN 4 13 7 12 -3.337 0.102 -4.884
SPIN 4 13 7 13 -3.260 -3.142 3.808
SPIN 4 13 7 14 -2.540 2.726 4.595
SPIN 4 13 7 15 3.876 1.057 -4.342
SPIN 1 13 8 0 3.838 -4.411 0.901
SPIN 1 13 8 1 3.880 -1.463 -4.219
SPIN 1 13 8 2 -4.439 -2.381 3.102
SPIN 1 13 8 3 -3.651 -1.575 4.380
SPIN 1 13 8 4 1.932 -2.239 -5.124
SPIN 1 13 8 5 0.178 4.603 -3.712
SPIN 1 13 8 6 -2.316 -3.676 -4.015
SPIN 1 13 8 7 -1.196 1.693 -5.541
SPIN 1 13 8 8 4.022 1.822 3.938
SPIN 1 13 8 9 -4.346 2.970 -2.700
SPIN 1 13 8 10 4.265 1.413 3.848
SPIN 1 13 8 11 1.279 -5.564 1.552
SPIN 1 13 8 12 4.245 3.485 -2.198
SPIN 1 13 8 13 -5.524 -0.662 2.012
SPIN 1 13 8 14 -5.325 -2.553 0.354
SPIN 1 13 8 15 0.272 5.738 -1.416
SPIN 4 13 8 0 1.333 1.472 -5.573
SPIN 4 13 8 1 -0.872 2.313 5.375
SPIN 4 13 8 2 -3.660 -4.472 -1.270
SPIN 4 13 8 3 3.076 4.965 -0.945
SPIN 4 13 8 4 -0.539 -5.613 1.791
SPIN 4 13 8 5 -2.584 1.129 5.201
SPIN 4 13 8 6 1.537 4.266 3.800
SPIN 4 13 8 7 -5.827 -1.011 0.173
SPIN 4 13 8 8 4.023 -1.066 4.205
SPIN 4 13 8 9 0.898 3.135 -4.936
SPIN 4 13 8 10 -0.909 -3.427 -4.736
SPIN 4 13 8 11 0.564 -0.914 -5.818
SPIN 4 13 8 12 -1.084 5.806 -0.342
SPIN 4 13 8 13 5.082 2.886 -0.920
SPIN 4 13 8 14 -3.803 -2.300 -3.904
SPIN 4 13 8 15 3.871 -1.089 -4.339
SPIN 1 13 9 0 -2.115 2.098 -5.111
SPIN 1 13 9 1 -2.199 2.294 4.990
SPIN 1 13 9 2 4.518 -3.662 1.084
SPIN 1 13 9 3 3.677 1.203 4.476
SPIN 1 13 9 4 -0.344 -3.554 -4.717
SPIN 1 13 9 5 1.275 5.731 -0.728
SPIN 1 13 9 6 3.906 0.703 4.387
SPIN 1 13 9 7 -4.880 -3.176 1.049
SPIN 1 13 9 8 2.324 2.039 5.044
SPIN 1 13 9 9 0.311 -5.373 -2.457
SPIN 1 13 9 10 -0.218 5.846 0.884
SPIN 1 13 9 11 4.693 -2.650 -2.439
SPIN 1 13 9 12 -1.066 -5.712 1.110
SPIN 1 13 9 13 -3.468 0.403 4.776
SPIN 1 13 9 14 1.119 -5.799 -0.342
SPIN 1 13 9 15 4.194 3.686 -1.955
SPIN 4 13 9 0 0.306 -3.492 4.765
SPIN 4 13 9 1 5.453 0.863 -2.126
SPIN 4 13 9 2 -4.980 3.017 1.044
SPIN 4 13 9 3 3.525 -4.654 0.956
SPIN 4 13 9 4 0.419 -5.899 -0.168
SPIN 4 13 9 5 5.526 1.929 0.861
SPIN 4 13 9 6 3.510 4.729 0.557
SPIN 4 13 9 7 -2.345 -4.177 -3.472
SPIN 4 13 9 8 -2.989 5.088 -0.430
SPIN 4 13 9 9 -2.131 2.358 4.990
SPIN 4 13 9 10 2.339 -4.845 -2.460
SPIN 4 13 9 11 2.995 -4.404 -2.576
SPIN 4 13 9 12 5.456 0.489 -2.235
SPIN 4 13 9 13 0.397 5.895 0.309
SPIN 4 13 9 14 1.795 -3.951 -4.021
SPIN 4 13 9 15 -4.764 -2.182 2.747
SPIN 1 13 10 0 0.949 -1.553 -5.629
SPIN 1 13 10 1 1.876 0.356 -5.599
SPIN 1 13 10 2 3.645 -2.802 -3.723
SPIN 1 13 10 3 2.245 0.050 5.473
SPIN 1 13 10 4 3.266 -2.143 -4.443
SPIN 1 13 10 5 -0.263 -3.153 4.999
SPIN 1 13 10 6 -4.376 -3.624 -1.647
SPIN 1 13 10 7 2.828 -2.342 4.639
SPIN 1 13 10 8 -5.861 0.421 0.688
SPIN 1 13 10 9 1.368 -0.687 -5.715
SPIN 1 13 10 10 0.297 -5.715 1.501
SPIN 1 13 10 11 0.853 -1.961 5.516
SPIN 1 13 10 12 5.668 1.627 -0.474
SPIN 1 13 10 13 -2.223 2.885 4.662
SPIN 1 13 10 14 -1.442 1.659 -5.493
SPIN 1 13 10 15 0.437 1.529 5.698
SPIN 4 13 10 0 4.536 -3.725 0.746
SPIN 4 13 10 1 -3.083 -3.923 3.179
SPIN 4 13 10 2 0.848 4.975 -3.087
SPIN 4 13 10 3 -5.758 -1.313 -0.344
SPIN 4 13 10 4 -1.635 1.942 5.344
SPIN 4 13 10 5 1.876 5.543 -0.871
SPIN 4 13 10 6 -4.683 3.292 1.494
SPIN 4 13 10 7 -2.660 1.385 -5.100
SPIN 4 13 10 8 -2.581 -1.610 5.074
SPIN 4 13 10 9 -2.174 0.979 -5.414
SPIN 4 13 10 10 1.770 -5.098 2.424
SPIN 4 13 10 11 -5.425 1.937 -1.346
SPIN 4 13 10 12 -2.681 -5.228 -0.691
SPIN 4 13 10 13 1.898 -0.942 5.524
SPIN 4 13 10 14 1.380 5.651 -1.077
SPIN 4 13 10 15 0.993 -4.680 3.481
SPIN 1 13 11 0 -5.367 2.132 1.283
SPIN 1 13 11 1 4.843 -2.797 -1.930
SPIN 1 13 11 2 -4.138 3.016 -2.963
SPIN 1 13 11 3 -0.909 1.874 5.537
SPIN 1 13 11 4 -4.372 -2.778 2.858
SPIN 1 13 11 5 -2.410 -2.017 5.012
SPIN 1 13 11 6 -2.120 2.313 5.016
SPIN 1 13 11 7 0.108 5.046 -3.086
SPIN 1 13 11 8 4.291 3.552 -1.993
SPIN 1 13 11 9 2.637 5.296 0.028
SPIN 1 13 11 10 -4.902 2.819 1.740
SPIN 1 13 11 11 0.012 2.658 -5.286
SPIN 1 13 11 12 -3.205 4.664 1.723
SPIN 1 13 11 13 5.343 -1.179 -2.250
SPIN 1 13 11 14 -1.759 5.647 0.111
SPIN 1 13 11 15 1.686 -2.677 -4.999
SPIN 4 13 11 0 -4.932 0.069 3.267
SPIN 4 13 11 1 3.400 -4.809 0.554
SPIN 4 13 11 2 4.475 3.797 0.743
SPIN 4 13 11 3 1.967 1.712 -5.310
SPIN 4 13 11 4 0.418 -5.883 0.464
SPIN 4 13 11 5 3.551 -4.682 0.683
SPIN 4 13 11 6 5.369 -2.229 -1.097
SPIN 4 13 11 7 -5.802 -1.059 -0.466
SPIN 4 13 11 8 1.869 -2.469 -5.041
SPIN 4 13 11 9 1.749 5.512 1.249
SPIN 4 13 11 10 -1.266 2.030 -5.411
SPIN 4 13 11 11 4.840 -3.243 1.031
SPIN 4 13 11 12 -2.008 5.114 2.193
SPIN 4 13 11 13 -3.325 0.761 4.834
SPIN 4 13 11 14 -2.899 4.972 1.369
SPIN 4 13 11 15 5.156 -2.243 1.839
SPIN 1 13 12 0 2.141 5.043 -2.233
SPIN 1 13 12 1 -3.295 -4.780 -1.137
SPIN 1 13 12 2 4.374 3.246 -2.309
SPIN 1 13 12 3 -3.829 -4.145 -1.776
SPIN 1 13 12 4 -4.732 3.469 0.757
SPIN 1 13 12 5 0.004 3.530 -4.748
SPIN 1 13 12 6 -4.032 -3.794 2.085
SPIN 1 13 12 7 -4.135 -3.072 -2.909
SPIN 1 13 12 8 -1.993 4.804 -2.819
SPIN 1 13 12 9 -3.493 2.180 4.248
SPIN 1 13 12 10 5.325 -2.549 -0.374
SPIN 1 13 12 11 -1.801 -0.218 -5.631
SPIN 1 13 12 12 -4.899 2.332 2.358
SPIN 1 13 12 13 -5.341 -0.515 -2.491
SPIN 1 13 12 14 1.632 -3.464 4.509
SPIN 1 13 12 15 -3.180 2.792 -4.134
SPIN 4 13 12 0 -5.891 -0.416 -0.346
SPIN 4 13 12 1 3.804 -3.963 2.196
SPIN 4 13 12 2 -5.161 -2.561 -1.344
SPIN 4 13 12 3 2.699 -5.127 -1.197
SPIN 4 13 12 4 -2.661 5.273 -0.346
SPIN 4 13 12 5 2.421 -3.026 -4.470
SPIN 4 13 12 6 4.576 2.837 -2.451
SPIN 4 13 12 7 4.545 -0.095 -3.787
SPIN 4 13 12 8 3.683 4.623 -0.251
SPIN 4 13 12 9 -3.966 -4.389 0.052
SPIN 4 13 12 10 3.253 -1.466 4.719
SPIN 4 13 12 11 4.364 3.296 -2.258
SPIN 4 13 12 12 -1.242 4.024 4.155
SPIN 4 13 12 13 -1.439 -1.092 -5.634
SPIN 4 13 12 14 5.796 -0.849 0.828
SPIN 4 13 12 15 -3.242 -4.918 -0.548
SPIN 1 13 13 0 -5.509 1.710 1.316
SPIN 1 13 13 1 4.553 2.961 -2.346
SPIN 1 13 13 2 -2.195 -2.839 4.703
SPIN 1 13 13 3 -0.314 3.944 4.399
SPIN 1 13 13 4 2.674 -3.479 3.968
SPIN 1 13 13 5 2.518 0.871 -5.282
SPIN 1 13 13 6 -4.214 1.308 3.941
SPIN 1 13 13 7 2.091 1.131 5.417
SPIN 1 13 13 8 -3.820 3.858 -2.351
SPIN 1 13 13 9 1.986 -2.574 4.943
SPIN 1 13 13 10 -4.048 4.245 -0.770
SPIN 1 13 13 11 -0.428 -3.362 4.849
SPIN 1 13 13 12 -3.921 -3.370 -2.875
SPIN 1 13 13 13 4.561 3.737 -0.481
SPIN 1 13 13 14 1.567 -1.903 5.378
SPIN 1 13 13 15 -2.896 -4.728 2.063
SPIN 4 13 13 0 -0.502 -5.462 -2.217
SPIN 4 13 13 1 -5.744 -0.013 -1.418
SPIN 4 13 13 2 -4.191 -3.228 2.648
SPIN 4 13 13 3 1.014 -5.824 0.233
SPIN 4 13 13 4 -2.244 -2.756 -4.729
SPIN 4 13 13 5 -3.871 4.421 0.688
SPIN 4 13 13 6 2.307 -5.445 0.174
SPIN 4 13 13 7 -1.225 -5.490 1.832
SPIN 4 13 13 8 -2.758 4.703 2.298
SPIN 4 13 13 9 -3.843 -2.357 3.831
SPIN 4 13 13 10 5.857 -0.607 0.573
SPIN 4 13 13 11 -2.583 -0.726 -5.273
SPIN 4 13 13 12 2.787 -0.518 5.193
SPIN 4 13 13 13 5.623 -0.129 1.834
SPIN 4 13 13 14 -0.054 -0.140 5.914
SPIN 4 13 13 15 -2.455 -1.501 -5.169
SPIN 1 13 14 0 -3.070 2.992 4.077
SPIN 1 13 14 1 -2.549 -4.375 -3.060
SPIN 1 13 14 2 2.808 -5.174 -0.585
SPIN 1 13 14 3 3.939 -3.781 -2.278
SPIN 1 13 14 4 2.303 5.305 -1.248
SPIN 1 13 14 5 -0.344 -2.467 5.366
SPIN 1 13 14 6 5.231 1.818 -2.082
SPIN 1 13 14 7 -5.876 0.615 0.302
SPIN 1 13 14 8 5.893 -0.243 -0.457
SPIN 1 13 14 9 -3.011 4.959 1.156
SPIN 1 13 14 10 2.545 3.044 -4.388
SPIN 1 13 14 11 -1.247 5.771 0.369
SPIN 1 13 14 12 -5.782 -1.101 -0.602
SPIN 1 13 14 13 -4.595 -1.174 3.537
SPIN 1 13 14 14 0.360 -5.813 1.039
SPIN 1 13 14 15 -2.248 4.732 -2.749
SPIN 4 13 14 0 3.182 -0.874 4.910
SPIN 4 13 14 1 2.567 -3.220 4.248
SPIN 4 13 14 2 2.733 0.410 5.231
SPIN 4 13 14 3 2.753 5.193 -0.673
SPIN 4 13 14 4 -4.728 2.970 1.955
SPIN 4 13 14 5 4.164 -4.047 -1.132
SPIN 4 13 14 6 -3.006 -4.044 3.099
SPIN 4 13 14 7 -0.212 0.993 -5.828
SPIN 4 13 14 8 1.012 -1.037 -5.736
SPIN 4 13 14 9 4.179 -3.779 -1.805
SPIN 4 13 14 10 -1.248 -5.714 -0.889
SPIN 4 13 14 11 -0.260 -1.883 5.602
SPIN 4 13 14 12 -3.731 4.510 -0.857
SPIN 4 13 14 13 -5.406 1.548 1.838
SPIN 4 13 14 14 -1.457 -3.739 -4.347
SPIN 4 13 14 15 -0.848 -5.773 -0.975
SPIN 1 13 15 0 1.260 -1.265 5.640
SPIN 1 13 15 1 3.681 3.491 -3.044
SPIN 1 13 15 2 0.523 -5.651 -1.670
SPIN 1 13 15 3 0.498 3.031 5.056
SPIN 1 13 15 4 0.591 -2.908 5.118
SPIN 1 13 15 5 2.532 -0.794 5.288
SPIN 1 13 15 6 -5.877 -0.676 -0.013
SPIN 1 13 15 7 3.055 4.802 1.613
SPIN 1 13 15 8 -1.639 5.679 0.252
SPIN 1 13 15 9 3.618 -3.336 3.283
SPIN 1 13 15 10 -4.086 3.021 3.029
SPIN 1 13 15 11 5.242 -1.387 -2.367
SPIN 1 13 15 12 4.547 3.606 1.151
SPIN 1 13 15 13 -0.939 -5.810 -0.602
SPIN 1 13 15 14 -3.986 3.617 -2.455
SPIN 1 13 15 15 0.312 -4.096 -4.258
SPIN 4 13 15 0 -2.963 1.756 4.810
SPIN 4 13 15 1 -4.961 0.475 3.189
SPIN 4 13 15 2 -4.090 0.811 4.197
SPIN 4 13 15 3 1.001 0.258 5.825
SPIN 4 13 15 4 5.795 1.112 -0.429
SPIN 4 13 15 5 -5.838 -0.715 -0.636
SPIN 4 13 15 6 1.918 -4.574 -3.225
SPIN 4 13 15 7 -2.687 4.914 1.907
SPIN 4 13 15 8 -3.965 -3.817 2.170
SPIN 4 13 15 9 -3.587 4.584 1.057
SPIN 4 13 15 10 -2.853 -1.958 -4.798
SPIN 4 13 15 11 -1.280 -5.767 -0.315
SPIN 4 13 15 12 1.114 -2.984 4.986
SPIN 4 13 15 13 -1.883 -0.373 5.596
SPIN 4 13 15 14 0.437 5.440 -2.284
SPIN 4 13 15 15 4.847 -3.097 -1.384
SPIN 3 13 0 0 -5.294 -1.135 2.383
SPIN 3 13 0 1 -1.480 -3.614 4.444
SPIN 3 13 0 2 -5.479 -0.952 2.018
SPIN 3 13 0 3 3.043 -0.000 -5.074
SPIN 3 13 0 4 -0.894 -4.287 3.978
SPIN 3 13 0 5 5.280 2.636 -0.421
SPIN 3 13 0 6 -5.656 -1.591 -0.690
SPIN 3 13 0 7 5.250 0.721 2.630
SPIN 3 13 0 8 3.847 1.849 -4.096
SPIN 3 13 0 9 0.049 4.210 4.156
SPIN 3 13 0 10 -1.600 4.366 3.657
SPIN 3 13 0 11 -0.606 3.596 -4.658
SPIN 3 13 0 12 0.361 4.383 -3.958
SPIN 3 13 0 13 -5.649 -1.718 -0.369
SPIN 3 13 0 14 4.424 -3.792 1.026
SPIN 3 13 0 15 -1.968 2.128 -5.157
SPIN 2 13 0 0 -2.887 -0.722 5.113
SPIN 2 13 0 1 -4.373 3.483 1.935
SPIN 2 13 0 2 1.910 -4.406 -3.456
SPIN 2 13 0 3 -5.182 0.048 -2.853
SPIN 2 13 0 4 5.533 1.924 0.826
SPIN 2 13 0 5 -0.890 1.744 5.583
SPIN 2 13 0 6 -5.899 0.166 0.411
SPIN 2 13 0 7 5.738 1.179 -0.825
SPIN 2 13 0 8 -5.053 -2.683 -1.507
SPIN 2 13 0 9 -2.964 4.270 -2.825
SPIN 2 13 0 10 -2.534 1.022 -5.248
SPIN 2 13 0 11 -2.906 -1.077 5.039
SPIN 2 13 0 12 -4.844 -2.501 -2.298
SPIN 2 13 0 13 4.299 4.059 0.193
SPIN 2 13 0 14 -5.638 -1.396 -1.126
SPIN 2 13 0 15 5.081 -2.577 -1.594
SPIN 3 13 1 0 3.155 -4.871 1.149
SPIN 3 13 1 1 2.659 -0.873 -5.212
SPIN 3 13 1 2 4.891 2.175 2.519
SPIN 3 13 1 3 -4.236 1.475 3.858
SPIN 3 13 1 4 1.278 0.572 -5.748
SPIN 3 13 1 5 0.462 -5.732 1.390
SPIN 3 13 1 6 -0.424 1.787 5.624
SPIN 3 13 1 7 -3.342 0.664 -4.836
SPIN 3 13 1 8 4.415 -2.373 -3.143
SPIN 3 13 1 9 0.677 2.633 -5.254
SPIN 3 13 1 10 -5.571 -1.906 0.579
SPIN 3 13 1 11 5.847 -0.579 0.694
SPIN 3 13 1 12 -5.584 0.069 1.954
SPIN 3 13 1 13 4.825 -3.235 1.119
SPIN 3 13 1 14 -0.498 -2.815 -5.180
SPIN 3 13 1 15 -2.256 3.440 -4.251
SPIN 2 13 1 0 -0.865 -1.640 5.618
SPIN 2 13 1 1 1.842 4.033 3.917
SPIN 2 13 1 2 -3.389 3.386 -3.471
SPIN 2 13 1 3 4.103 -1.531 3.978
SPIN 2 13 1 4 -4.459 1.699 3.497
SPIN 2 13 1 5 2.024 -0.142 5.557
SPIN 2 13 1 6 3.560 -4.610 -1.036
SPIN 2 13 1 7 -4.330 0.258 4.023
SPIN 2 13 1 8 -0.827 2.584 -5.257
SPIN 2 13 1 9 5.420 -2.013 -1.251
SPIN 2 13 1 10 1.316 -1.818 5.474
SPIN 2 13 1 11 3.773 1.315 -4.362
SPIN 2 13 1 12 -0.906 -3.909 4.347
SPIN 2 13 1 13 -5.115 2.923 -0.537
SPIN 2 13 1 14 -1.478 4.972 2.845
SPIN 2 13 1 15 -1.280 0.790 -5.722
SPIN 3 13 2 0 -0.176 4.639 -3.667
SPIN 3 13 2 1 -0.374 -1.838 5.611
SPIN 3 13 2 2 -5.484 -2.022 -0.916
SPIN 3 13 2 3 4.366 2.746 -2.898
SPIN 3 13 2 4 1.272 1.584 5.556
SPIN 3 13 2 5 -1.622 1.369 -5.522
SPIN 3 13 2 6 3.394 -4.038 2.679
SPIN 3 13 2 7 3.452 -0.740 4.747
SPIN 3 13 2 8 -4.316 -3.364 2.249
SPIN 3 13 2 9 -2.005 -3.927 -3.944
SPIN 3 13 2 10 -5.058 1.612 -2.612
SPIN 3 13 2 11 0.348 -5.394 2.404
SPIN 3 13 2 12 3.468 4.196 2.317
SPIN 3 13 2 13 2.001 2.016 -5.190
SPIN 3 13 2 14 -3.561 -4.719 -0.214
SPIN 3 13 2 15 4.749 -2.821 -2.119
SPIN 2 13 2 0 0.550 5.890 0.058
SPIN 2 13 2 1 -5.339 1.144 2.278
SPIN 2 13 2 2 -0.619 -2.681 5.237
SPIN 2 13 2 3 -2.597 1.115 5.197
SPIN 2 13 2 4 -1.260 -1.733 -5.514
SPIN 2 13 2 5 -2.943 -3.844 3.400
SPIN 2 13 2 6 -0.110 4.789 3.472
SPIN 2 13 2 7 2.771 5.201 -0.520
SPIN 2 13 2 8 -3.840 -2.680 -3.616
SPIN 2 13 2 9 3.858 3.787 -2.403
SPIN 2 13 2 10 -5.763 -1.332 -0.126
SPIN 2 13 2 11 3.215 -3.294 -3.717
SPIN 2 13 2 12 0.121 2.692 5.267
SPIN 2 13 2 13 -5.615 -0.616 1.759
SPIN 2 13 2 14 3.847 4.221 -1.543
SPIN 2 13 2 15 -0.448 4.935 3.232
SPIN 3 13 3 0 -2.565 -1.755 -5.034
SPIN 3 13 3 1 3.758 2.039 -4.089
SPIN 3 13 3 2 -4.639 2.692 2.496
SPIN 3 13 3 3 2.150 -3.988 -3.805
SPIN 3 13 3 4 4.682 1.335 -3.361
SPIN 3 13 3 5 2.815 4.863 -1.850
SPIN 3 13 3 6 1.940 -5.587 -0.154
SPIN 3 13 3 7 -3.887 3.985 2.004
SPIN 3 13 3 8 3.426 -0.409 -4.806
SPIN 3 13 3 9 5.872 0.721 0.076
SPIN 3 13 3 10 -0.517 -4.554 -3.740
SPIN 3 13 3 11 1.659 4.617 3.306
SPIN 3 13 3 12 -2.848 -4.351 -2.821
SPIN 3 13 3 13 4.531 3.737 0.709
SPIN 3 13 3 14 -0.225 -5.716 1.510
SPIN 3 13 3 15 0.115 5.378 -2.463
SPIN 2 13 3 0 1.600 -4.696 3.223
SPIN 2 13 3 1 -2.275 -5.461 0.023
SPIN 2 13 3 2 -0.278 2.588 -5.313
SPIN 2 13 3 3 4.346 -3.794 -1.311
SPIN 2 13 3 4 -2.094 4.131 3.681
SPIN 2 13 3 5 -2.380 -5.368 0.722
SPIN 2 13 3 6 4.888 2.982 -1.487
SPIN 2 13 3 7 -3.129 -4.840 -1.338
SPIN 2 13 3 8 -0.927 4.812 -3.314
SPIN 2 13 3 9 3.583 -3.175 3.476
SPIN 2 13 3 10 3.300 1.250 -4.748
SPIN 2 13 3 11 -1.621 -5.165 2.386
SPIN 2 13 3 12 1.036 -5.803 -0.500
SPIN 2 13 3 13 1.283 2.394 5.255
SPIN 2 13 3 14 -0.196 -5.521 2.117
SPIN 2 13 3 15 -3.066 4.635 -2.030
SPIN 3 13 4 0 2.451 4.770 -2.498
SPIN 3 13 4 1 -1.076 5.464 -1.995
SPIN 3 13 4 2 -4.320 -2.818 2.897
SPIN 3 13 4 3 5.086 -2.532 -1.651
SPIN 3 13 4 4 1.761 -2.539 5.045
SPIN 3 13 4 5 -3.903 -4.201 1.455
SPIN 3 13 4 6 4.419 3.905 0.471
SPIN 3 13 4 7 0.864 -4.273 3.999
SPIN 3 13 4 8 -4.727 -1.472 -3.238
SPIN 3 13 4 9 2.383 5.414 0.118
SPIN 3 13 4 10 2.927 -2.427 -4.532
SPIN 3 13 4 11 -4.619 0.961 3.570
SPIN 3 13 4 12 -1.340 3.314 -4.714
SPIN 3 13 4 13 4.330 -3.606 1.801
SPIN 3 13 4 14 -3.328 3.579 -3.334
SPIN 3 13 4 15 -5.146 -0.147 -2.915
SPIN 2 13 4 0 -3.642 3.458 3.127
SPIN 2 13 4 1 3.724 -4.436 -1.204
SPIN 2 13 4 2 -5.814 -0.450 -1.000
SPIN 2 13 4 3 3.430 0.122 4.819
SPIN 2 13 4 4 0.935 5.776 -0.875
SPIN 2 13 4 5 1.356 -0.163 -5.756
SPIN 2 13 4 6 -1.042 4.986 3.008
SPIN 2 13 4 7 -1.535 5.157 2.460
SPIN 2 13 4 8 5.351 0.589 -2.454
SPIN 2 13 4 9 0.498 5.852 -0.714
SPIN 2 13 4 10 0.600 1.651 5.649
SPIN 2 13 4 11 -4.049 0.626 -4.268
SPIN 2 13 4 12 -1.956 5.096 -2.281
SPIN 2 13 4 13 -3.964 -4.335 0.700
SPIN 2 13 4 14 1.287 4.798 -3.214
SPIN 2 13 4 15 4.927 2.912 -1.498
SPIN 3 13 5 0 -4.976 1.723 2.697
SPIN 3 13 5 1 3.453 -4.092 2.516
SPIN 3 13 5 2 5.673 0.967 -1.373
SPIN 3 13 5 3 1.892 -1.543 5.389
SPIN 3 13 5 4 -5.258 -0.053 2.711
SPIN 3 13 5 5 2.403 4.614 2.818
SPIN 3 13 5 6 3.805 -4.522 -0.265
SPIN 3 13 5 7 5.740 -0.737 -1.231
SPIN 3 13 5 8 0.015 4.750 3.526
SPIN 3 13 5 9 -1.390 -4.787 3.187
SPIN 3 13 5 10 -2.099 2.927 -4.693
SPIN 3 13 5 11 2.708 -5.068 -1.408
SPIN 3 13 5 12 -2.971 1.014 5.014
SPIN 3 13 5 13 2.741 2.637 -4.531
SPIN 3 13 5 14 0.205 5.093 3.003
SPIN 3 13 5 15 -4.072 -2.849 -3.209
SPIN 2 13 5 0 1.515 2.347 -5.215
SPIN 2 13 5 1 1.803 1.201 -5.505
SPIN 2 13 5 2 0.306 -3.034 -5.069
SPIN 2 13 5 3 1.308 1.674 -5.522
SPIN 2 13 5 4 1.762 -3.119 4.708
SPIN 2 13 5 5 -2.144 -2.115 -5.092
SPIN 2 13 5 6 4.524 -2.205 -3.109
SPIN 2 13 5 7 -5.882 0.255 0.579
SPIN 2 13 5 8 4.512 3.397 1.760
SPIN 2 13 5 9 0.343 1.792 -5.628
SPIN 2 13 5 10 3.844 0.967 -4.392
SPIN 2 13 5 11 1.791 3.827 4.141
SPIN 2 13 5 12 -2.104 -2.455 4.954
SPIN 2 13 5 13 -1.766 -4.498 3.413
SPIN 2 13 5 14 3.272 -4.846 0.900
SPIN 2 13 5 15 -0.962 4.178 -4.077
SPIN 3 13 6 0 -2.723 -2.163 4.786
SPIN 3 13 6 1 1.471 5.527 -1.514
SPIN 3 13 6 2 0.719 -3.923 4.370
SPIN 3 13 6 3 -5.096 -2.933 -0.653
SPIN 3 13 6 4 4.792 3.204 -1.332
SPIN 3 13 6 5 3.474 3.828 -2.877
SPIN 3 13 6 6 -5.623 -0.577 -1.745
SPIN 3 13 6 7 3.846 3.429 -2.907
SPIN 3 13 6 8 -4.365 -2.562 3.063
SPIN 3 13 6 9 4.266 3.621 1.922
SPIN 3 13 6 10 4.143 -2.019 -3.709
SPIN 3 13 6 11 -4.934 -1.289 -2.999
SPIN 3 13 6 12 -1.068 -2.366 -5.316
SPIN 3 13 6 13 0.674 5.852 0.545
SPIN 3 13 6 14 2.086 -3.535 4.260
SPIN 3 13 6 15 -3.606 0.602 -4.651
SPIN 2 13 6 0 4.525 -0.991 3.681
SPIN 2 13 6 1 -2.661 1.293 -5.123
SPIN 2 13 6 2 4.195 1.900 3.713
SPIN 2 13 6 3 1.344 -5.468 1.816
SPIN 2 13 6 4 -3.422 -4.824 -0.138
SPIN 2 13 6 5 -0.852 -0.322 -5.846
SPIN 2 13 6 6 2.535 -0.759 -5.291
SPIN 2 13 6 7 4.806 -1.442 -3.135
SPIN 2 13 6 8 0.295 -0.736 -5.863
SPIN 2 13 6 9 2.356 2.652 4.734
SPIN 2 13 6 10 -2.876 -3.418 -3.879
SPIN 2 13 6 11 -1.106 2.971 4.995
SPIN 2 13 6 12 -4.832 3.342 0.698
SPIN 2 13 6 13 1.122 3.358 -4.740
SPIN 2 13 6 14 -4.774 -2.222 -2.696
SPIN 2 13 6 15 -4.462 -3.877 -0.245
SPIN 3 13 7 0 -2.367 -2.426 4.849
SPIN 3 13 7 1 3.250 4.114 2.740
SPIN 3 13 7 2 -5.471 2.239 0.237
SPIN 3 13 7 3 3.275 3.856 -3.066
SPIN 3 13 7 4 -4.947 -2.308 -2.281
SPIN 3 13 7 5 -1.091 3.278 4.802
SPIN 3 13 7 6 0.859 -4.714 -3.470
SPIN 3 13 7 7 -5.708 -0.477 1.479
SPIN 3 13 7 8 0.713 -2.161 5.461
SPIN 3 13 7 9 -5.008 -3.148 -0.116
SPIN 3 13 7 10 2.906 4.946 1.447
SPIN 3 13 7 11 -4.283 -3.492 2.113
SPIN 3 13 7 12 5.760 -1.313 -0.315
SPIN 3 13 7 13 -1.580 5.669 0.602
SPIN 3 13 7 14 2.704 3.073 4.272
SPIN 3 13 7 15 -4.025 2.139 -3.771
SPIN 2 13 7 0 0.176 4.233 -4.129
SPIN 2 13 7 1 4.705 -3.396 -1.151
SPIN 2 13 7 2 -4.155 3.267 2.658
SPIN 2 13 7 3 5.403 -1.167 -2.109
SPIN 2 13 7 4 -5.194 1.876 2.121
SPIN 2 13 7 5 3.872 -4.463 0.301
SPIN 2 13 7 6 -2.449 -0.175 5.382
SPIN 2 13 7 7 -4.398 3.808 -1.077
SPIN 2 13 7 8 0.590 4.431 -3.875
SPIN 2 13 7 9 1.061 -5.809 0.366
SPIN 2 13 7 10 1.938 -5.103 -2.281
SPIN 2 13 7 11 -3.058 5.060 0.224
SPIN 2 13 7 12 4.897 2.249 -2.442
SPIN 2 13 7 13 -4.907 0.975 3.158
SPIN 2 13 7 14 5.152 -2.119 -1.992
SPIN 2 13 7 15 4.764 -3.506 0.125
SPIN 3 13 8 0 -5.387 -2.082 -1.285
SPIN 3 13 8 1 -5.198 0.835 -2.698
SPIN 3 13 8 2 3.572 -3.651 -2.986
SPIN 3 13 8 3 -0.256 -2.968 -5.111
SPIN 3 13 8 4 -0.254 -1.614 5.686
SPIN 3 13 8 5 5.833 0.925 0.356
SPIN 3 13 8 6 -5.343 -1.617 -1.959
SPIN 3 13 8 7 -0.680 4.402 3.894
SPIN 3 13 8 8 1.897 -1.413 5.423
SPIN 3 13 8 9 1.545 -5.602 -1.107
SPIN 3 13 8 10 -3.724 1.926 4.174
SPIN 3 13 8 11 -3.452 2.307 -4.215
SPIN 3 13 8 12 -1.944 -1.027 5.492
SPIN 3 13 8 13 -5.691 1.147 1.140
SPIN 3 13 8 14 -0.989 3.347 -4.777
SPIN 3 13 8 15 -3.536 4.637 0.999
SPIN 2 13 8 0 -2.771 4.733 2.218
SPIN 2 13 8 1 -3.049 -4.164 -2.893
SPIN 2 13 8 2 2.883 -5.038 -1.143
SPIN 2 13 8 3 -4.687 3.584 -0.433
SPIN 2 13 8 4 4.772 -0.186 3.492
SPIN 2 13 8 5 -1.828 3.683 4.254
SPIN 2 13 8 6 0.389 -4.289 -4.056
SPIN 2 13 8 7 2.250 0.908 5.396
SPIN 2 13 8 8 2.869 -2.355 -4.607
SPIN 2 13 8 9 -0.695 4.400 -3.893
SPIN 2 13 8 10 0.628 -3.214 -4.927
SPIN 2 13 8 11 3.538 3.050 3.630
SPIN 2 13 8 12 -0.795 -5.491 2.054
SPIN 2 13 8 13 5.546 -2.058 -0.102
SPIN 2 13 8 14 4.901 2.569 2.093
SPIN 2 13 8 15 3.207 2.265 -4.426
SPIN 3 13 9 0 4.649 -3.247 1.686
SPIN 3 13 9 1 2.234 -5.215 1.677
SPIN 3 13 9 2 -3.044 -2.857 4.192
SPIN 3 13 9 3 0.389 -3.163 -4.985
SPIN 3 13 9 4 -1.552 2.898 4.918
SPIN 3 13 9 5 -0.281 -3.887 -4.451
SPIN 3 13 9 6 3.490 0.039 4.777
SPIN 3 13 9 7 -2.104 5.526 0.200
SPIN 3 13 9 8 -0.554 1.487 5.699
SPIN 3 13 9 9 -2.093 5.533 -0.081
SPIN 3 13 9 10 5.693 0.607 1.491
SPIN 3 13 9 11 1.631 5.515 -1.388
SPIN 3 13 9 12 2.196 -2.151 5.055
SPIN 3 13 9 13 4.330 -2.864 -2.836
SPIN 3 13 9 14 0.263 3.827 4.504
SPIN 3 13 9 15 -3.623 -4.676 0.090
SPIN 2 13 9 0 2.912 1.942 4.770
SPIN 2 13 9 1 4.894 2.927 -1.574
SPIN 2 13 9 2 -5.815 0.950 -0.534
SPIN 2 13 9 3 1.860 5.595 0.486
SPIN 2 13 9 4 -2.809 4.699 -2.243
SPIN 2 13 9 5 -1.513 -0.994 -5.632
SPIN 2 13 9 6 1.768 -1.727 5.375
SPIN 2 13 9 7 -0.105 3.887 -4.458
SPIN 2 13 9 8 2.830 -2.006 4.792
SPIN 2 13 9 9 1.564 -0.242 -5.700
SPIN 2 13 9 10 -5.820 0.232 1.034
SPIN 2 13 9 11 -0.299 -3.824 -4.504
SPIN 2 13 9 12 0.823 5.744 1.154
SPIN 2 13 9 13 2.144 2.013 -5.133
SPIN 2 13 9 14 -3.585 -4.479 1.444
SPIN 2 13 9 15 4.353 1.766 -3.596
SPIN 3 13 10 0 -1.119 3.059 -4.939
SPIN 3 13 10 1 -4.812 2.671 2.171
SPIN 3 13 10 2 4.694 3.563 -0.519
SPIN 3 13 10 3 2.500 -4.632 2.701
SPIN 3 13 10 4 0.462 -3.114 5.009
SPIN 3 13 10 5 5.071 2.907 -0.912
SPIN 3 13 10 6 -1.024 -5.731 -1.053
SPIN 3 13 10 7 1.420 5.234 2.365
SPIN 3 13 10 8 4.383 -2.977 2.632
SPIN 3 13 10 9 -1.316 -4.727 -3.305
SPIN 3 13 10 10 -3.316 4.620 -1.631
SPIN 3 13 10 11 3.151 4.992 -0.390
SPIN 3 13 10 12 -1.828 0.357 5.615
SPIN 3 13 10 13 -4.124 3.037 2.961
SPIN 3 13 10 14 -3.718 4.489 1.015
SPIN 3 13 10 15 -3.635 4.663 -0.206
SPIN 2 13 10 0 1.402 -5.543 -1.518
SPIN 2 13 10 1 -5.424 -1.176 2.048
SPIN 2 13 10 2 3.776 0.777 4.487
SPIN 2 13 10 3 -2.940 -3.855 -3.391
SPIN 2 13 10 4 -0.587 4.297 4.023
SPIN 2 13 10 5 -4.332 -0.835 -3.942
SPIN 2 13 10 6 1.569 4.900 2.919
SPIN 2 13 10 7 -2.031 -5.518 -0.652
SPIN 2 13 10 8 5.650 -0.655 -1.629
SPIN 2 13 10 9 -3.506 0.887 4.682
SPIN 2 13 10 10 -0.734 5.141 -2.835
SPIN 2 13 10 11 5.834 -0.139 -0.970
SPIN 2 13 10 12 0.540 -4.927 3.230
SPIN 2 13 10 13 -1.229 0.233 5.782
SPIN 2 13 10 14 -5.117 2.848 -0.839
SPIN 2 13 10 15 -0.183 5.656 1.724
SPIN 3 13 11 0 0.456 5.875 0.524
SPIN 3 13 11 1 -1.802 5.200 2.172
SPIN 3 13 11 2 0.231 -5.889 0.515
SPIN 3 13 11 3 1.456 5.721 0.392
SPIN 3 13 11 4 0.217 -5.717 1.506
SPIN 3 13 11 5 -2.492 -4.556 2.834
SPIN 3 13 11 6 4.399 -3.518 1.808
SPIN 3 13 11 7 4.203 4.032 -1.038
SPIN 3 13 11 8 -2.514 -5.323 -0.584
SPIN 3 13 11 9 5.115 -2.506 -1.597
SPIN 3 13 11 10 2.107 5.381 1.267
SPIN 3 13 11 11 -3.340 4.882 -0.132
SPIN 3 13 11 12 4.010 -2.602 -3.485
SPIN 3 13 11 13 -0.612 -0.793 -5.831
SPIN 3 13 11 14 -5.781 -1.243 -0.199
SPIN 3 13 11 15 4.911 -3.207 0.769
SPIN 2 13 11 0 -0.273 -5.535 2.070
SPIN 2 13 11 1 4.688 3.110 1.830
SPIN 2 13 11 2 0.274 3.439 -4.806
SPIN 2 13 11 3 -2.835 -4.188 -3.069
SPIN 2 13 11 4 5.339 1.863 -1.739
SPIN 2 13 11 5 -1.225 5.445 -1.962
SPIN 2 13 11 6 0.177 -5.912 0.147
SPIN 2 13 11 7 -2.568 4.368 -3.053
SPIN 2 13 11 8 0.924 2.055 5.470
SPIN 2 13 11 9 -2.997 -1.332 -4.924
SPIN 2 13 11 10 -0.705 4.804 3.379
SPIN 2 13 11 11 -5.451 -1.654 1.598
SPIN 2 13 11 12 4.814 1.515 -3.087
SPIN 2 13 11 13 -4.303 -0.779 3.985
SPIN 2 13 11 14 -3.138 0.524 -4.988
SPIN 2 13 11 15 -2.590 -2.881 4.471
SPIN 3 13 12 0 -5.289 1.917 1.830
SPIN 3 13 12 1 -3.781 -4.530 -0.422
SPIN 3 13 12 2 5.632 0.954 1.538
SPIN 3 13 12 3 4.297 -2.112 -3.474
SPIN 3 13 12 4 4.331 -4.031 -0.015
SPIN 3 13 12 5 1.121 4.556 3.603
SPIN 3 13 12 6 -1.953 4.946 2.593
SPIN 3 13 12 7 0.612 -4.797 3.408
SPIN 3 13 12 8 5.735 -1.045 1.011
SPIN 3 13 12 9 0.781 -5.863 0.114
SPIN 3 13 12 10 -4.606 1.805 -3.244
SPIN 3 13 12 11 3.137 -1.890 -4.646
SPIN 3 13 12 12 -4.491 1.508 -3.543
SPIN 3 13 12 13 2.176 0.180 5.499
SPIN 3 13 12 14 4.404 3.396 -2.019
SPIN 3 13 12 15 -2.543 -4.224 -3.270
SPIN 2 13 12 0 5.753 -0.681 -1.198
SPIN 2 13 12 1 -2.941 5.096 -0.615
SPIN 2 13 12 2 3.452 0.285 -4.796
SPIN 2 13 12 3 -3.639 -2.160 4.134
SPIN 2 13 12 4 1.072 2.281 -5.353
SPIN 2 13 12 5 -1.760 -5.341 -1.839
SPIN 2 13 12 6 5.334 2.007 -1.588
SPIN 2 13 12 7 -0.042 5.467 2.261
SPIN 2 13 12 8 -2.566 -4.156 -3.337
SPIN 2 13 12 9 -3.105 2.418 4.417
SPIN 2 13 12 10 0.802 2.976 -5.050
SPIN 2 13 12 11 3.665 -1.292 4.460
SPIN 2 13 12 12 4.493 1.233 3.646
SPIN 2 13 12 13 5.477 -2.170 0.542
SPIN 2 13 12 14 -5.627 1.694 0.685
SPIN 2 13 12 15 2.669 -5.258 0.477
SPIN 3 13 13 0 -2.979 -5.055 -0.758
SPIN 3 13 13 1 4.283 -0.391 4.062
SPIN 3 13 13 2 -3.405 -2.740 -3.987
SPIN 3 13 13 3 -5.648 0.070 1.759
SPIN 3 13 13 4 -1.044 0.651 5.787
SPIN 3 13 13 5 -1.783 -2.880 4.851
SPIN 3 13 13 6 -2.148 -0.449 -5.494
SPIN 3 13 13 7 0.959 3.015 -4.999
SPIN 3 13 13 8 -2.195 5.059 2.141
SPIN 3 13 13 9 -0.045 5.844 0.919
SPIN 3 13 13 10 3.588 -3.732 2.863
SPIN 3 13 13 11 -5.581 -0.441 -1.913
SPIN 3 13 13 12 -0.963 -5.837 -0.081
SPIN 3 13 13 13 -1.209 -1.423 -5.614
SPIN 3 13 13 14 3.890 -3.683 -2.510
SPIN 3 13 13 15 1.375 4.173 3.962
SPIN 2 13 13 0 2.163 -1.649 -5.254
SPIN 2 13 13 1 -4.190 4.110 0.739
SPIN 2 13 13 2 -3.177 -0.729 -4.937
SPIN 2 13 13 3 1.711 -1.944 5.319
SPIN 2 13 13 4 -1.121 -4.247 -3.963
SPIN 2 13 13 5 -3.906 4.237 -1.337
SPIN 2 13 13 6 -5.196 2.473 1.372
SPIN 2 13 13 7 3.189 3.245 -3.782
SPIN 2 13 13 8 5.408 0.064 2.397
SPIN 2 13 13 9 -0.059 -4.413 3.940
SPIN 2 13 13 10 -3.255 0.124 -4.939
SPIN 2 13 13 11 4.386 2.357 -3.195
SPIN 2 13 13 12 -2.138 -2.983 4.640
SPIN 2 13 13 13 -3.459 -0.887 -4.717
SPIN 2 13 13 14 -3.731 4.214 -1.822
SPIN 2 13 13 15 -3.157 -4.805 -1.395
SPIN 3 13 14 0 1.922 5.109 2.282
SPIN 3 13 14 1 -4.720 -3.084 1.792
SPIN 3 13 14 2 -2.773 4.616 -2.449
SPIN 3 13 14 3 1.729 -5.632 0.540
SPIN 3 13 14 4 2.519 -0.668 -5.311
SPIN 3 13 14 5 -3.340 -3.571 -3.330
SPIN 3 13 14 6 -1.896 -5.245 -1.973
SPIN 3 13 14 7 1.373 -5.540 1.556
SPIN 3 13 14 8 -1.787 -0.899 5.568
SPIN 3 13 14 9 3.623 -3.579 -3.011
SPIN 3 13 14 10 -3.158 2.643 -4.247
SPIN 3 13 14 11 2.810 -1.559 4.967
SPIN 3 13 14 12 -4.234 3.794 -1.637
SPIN 3 13 14 13 -5.192 -2.584 1.167
SPIN 3 13 14 14 5.375 0.944 -2.284
SPIN 3 13 14 15 5.525 -0.812 1.954
SPIN 2 13 14 0 0.306 4.919 3.272
SPIN 2 13 14 1 -5.456 -0.884 -2.109
SPIN 2 13 14 2 2.612 0.098 -5.307
SPIN 2 13 14 3 0.456 -2.506 -5.340
SPIN 2 13 14 4 -0.442 3.487 4.759
SPIN 2 13 14 5 4.971 3.182 0.407
SPIN 2 13 14 6 5.541 -1.383 1.544
SPIN 2 13 14 7 3.161 4.598 1.966
SPIN 2 13 14 8 0.307 3.740 4.574
SPIN 2 13 14 9 -1.431 5.357 2.064
SPIN 2 13 14 10 1.130 -1.572 5.590
SPIN 2 13 14 11 -2.571 -1.635 5.071
SPIN 2 13 14 12 -1.667 5.668 -0.304
SPIN 2 13 14 13 2.287 -2.885 4.631
SPIN 2 13 14 14 -0.580 -3.490 4.742
SPIN 2 13 14 15 -1.062 1.032 -5.728
SPIN 3 13 15 0 -2.226 -5.030 -2.179
SPIN 3 13 15 1 -2.405 4.974 -2.117
SPIN 3 13 15 2 0.543 -5.718 1.417
SPIN 3 13 15 3 -2.428 3.721 -3.906
SPIN 3 13 15 4 5.232 0.226 2.752
SPIN 3 13 15 5 -2.659 -5.285 -0.036
SPIN 3 13 15 6 -4.265 -2.026 -3.565
SPIN 3 13 15 7 -4.703 2.929 -2.075
SPIN 3 13 15 8 1.384 5.605 1.291
SPIN 3 13 15 9 1.402 -4.548 -3.515
SPIN 3 13 15 10 1.138 -2.455 5.261
SPIN 3 13 15 11 1.873 5.565 0.725
SPIN 3 13 15 12 -4.557 -0.889 3.667
SPIN 3 13 15 13 2.153 2.545 4.888
SPIN 3 13 15 14 -4.824 3.347 0.730
SPIN 3 13 15 15 2.540 3.050 4.387
SPIN 2 13 15 0 -4.979 3.172 0.381
SPIN 2 13 15 1 0.058 2.717 -5.255
SPIN 2 13 15 2 -3.510 -4.079 2.457
SPIN 2 13 15 3 -1.775 -5.183 2.234
SPIN 2 13 15 4 -1.530 0.100 -5.714
SPIN 2 13 15 5 0.374 3.455 4.788
SPIN 2 13 15 6 5.211 -2.651 -0.906
SPIN 2 13 15 7 -0.883 -2.961 5.045
SPIN 2 13 15 8 2.379 -1.478 -5.211
SPIN 2 13 15 9 0.816 -2.829 -5.131
SPIN 2 13 15 10 -2.623 4.380 2.989
SPIN 2 13 15 11 1.796 0.897 -5.565
SPIN 2 13 15 12 -1.929 -5.326 -1.705
SPIN 2 13 15 13 -2.335 3.996 3.685
SPIN 2 13 15 14 2.781 -5.069 1.253
SPIN 2 13 15 15 2.290 1.893 5.116
SPIN 1 14 0 0 0.467 -1.227 -5.769
SPIN 1 14 0 1 5.070 2.939 -0.813
SPIN 1 14 0 2 -3.111 4.529 -2.193
SPIN 1 14 0 3 -2.957 4.951 1.319
SPIN 1 14 0 4 2.713 1.863 4.916
SPIN 1 14 0 5 -4.200 -0.507 -4.135
SPIN 1 14 0 6 -3.940 -1.234 4.238
SPIN 1 14 0 7 -4.516 1.685 -3.430
SPIN 1 14 0 8 -0.797 3.074 4.992
SPIN 1 14 0 9 3.449 2.827 3.887
SPIN 1 14 0 10 5.660 1.030 -1.380
SPIN 1 14 0 11 -5.086 2.089 -2.184
SPIN 1 14 0 12 5.135 -0.017 2.938
SPIN 1 14 0 13 -5.355 -1.148 -2.237
SPIN 1 14 0 14 -2.990 -1.985 4.703
SPIN 1 14 0 15 -4.900 2.943 1.526
SPIN 4 14 0 0 -4.836 1.039 -3.246
SPIN 4 14 0 1 4.480 -3.719 1.050
SPIN 4 14 0 2 -0.371 5.846 -0.830
SPIN 4 14 0 3 5.198 -2.315 -1.619
SPIN 4 14 0 4 -2.301 4.242 3.422
SPIN 4 14 0 5 -2.789 -4.621 -2.422
SPIN 4 14 0 6 4.152 4.098 0.985
SPIN 4 14 0 7 2.664 -5.196 0.955
SPIN 4 14 0 8 -1.735 3.718 4.262
SPIN 4 14 0 9 -4.197 -1.070 4.030
SPIN 4 14 0 10 -1.138 -2.560 -5.210
SPIN 4 14 0 11 1.001 -2.766 5.133
SPIN 4 14 0 12 -0.272 -3.336 -4.878
SPIN 4 14 0 13 -2.048 5.263 -1.763
SPIN 4 14 0 14 5.860 0.092 -0.805
SPIN 4 14 0 15 -5.541 -2.065 0.182
SPIN 1 14 1 0 -5.752 -0.158 1.373
SPIN 1 14 1 1 0.867 5.835 -0.441
SPIN 1 14 1 2 -1.834 -0.313 5.616
SPIN 1 14 1 3 -4.788 -1.384 -3.188
SPIN 1 14 1 4 -1.903 4.894 2.725
SPIN 1 14 1 5 5.066 -1.400 2.715
SPIN 1 14 1 6 3.558 -4.088 -2.371
SPIN 1 14 1 7 -1.081 -5.715 1.083
SPIN 1 14 1 8 4.800 -3.264 -1.142
SPIN 1 14 1 9 0.115 -1.980 -5.574
SPIN 1 14 1 10 -2.350 -5.415 -0.401
SPIN 1 14 1 11 -1.412 5.499 -1.662
SPIN 1 14 1 12 1.581 -5.488 -1.543
SPIN 1 14 1 13 3.406 3.271 3.563
SPIN 1 14 1 14 5.227 -0.932 2.609
SPIN 1 14 1 15 -1.106 -5.409 2.126
SPIN 4 14 1 0 5.549 -1.944 0.658
SPIN 4 14 1 1 0.801 -2.415 -5.341
SPIN 4 14 1 2 -4.525 -2.018 3.233
SPIN 4 14 1 3 5.651 -0.222 -1.737
SPIN 4 14 1 4 3.953 -2.943 -3.273
SPIN 4 14 1 5 -3.345 -4.874 0.230
SPIN 4 14 1 6 -1.144 3.981 -4.224
SPIN 4 14 1 7 -0.782 5.852 0.380
SPIN 4 14 1 8 -4.197 -4.099 0.763
SPIN 4 14 1 9 4.355 1.498 -3.713
SPIN 4 14 1 10 0.001 -1.549 5.710
SPIN 4 14 1 11 -5.745 -1.357 0.389
SPIN 4 14 1 12 -0.376 5.637 -1.756
SPIN 4 14 1 13 1.866 -4.310 3.597
SPIN 4 14 1 14 -3.868 -1.063 4.349
SPIN 4 14 1 15 4.451 0.181 -3.893
SPIN 1 14 2 0 -3.899 -4.335 -1.003
SPIN 1 14 2 1 -1.383 -1.754 -5.478
SPIN 1 14 2 2 4.464 1.185 -3.697
SPIN 1 14 2 3 -5.336 -2.205 1.293
SPIN 1 14 2 4 0.339 -5.172 2.852
SPIN 1 14 2 5 3.283 -4.865 0.743
SPIN 1 14 2 6 0.987 2.745 5.147
SPIN 1 14 2 7 5.118 -2.967 -0.025
SPIN 1 14 2 8 -4.904 3.224 0.748
SPIN 1 14 2 9 1.517 -5.579 1.254
SPIN 1 14 2 10 4.441 3.687 1.298
SPIN 1 14 2 11 -3.753 -0.043 4.573
SPIN 1 14 2 12 -1.580 5.543 -1.333
SPIN 1 14 2 13 0.033 -5.467 2.260
SPIN 1 14 2 14 -1.075 -2.163 -5.400
SPIN 1 14 2 15 2.544 4.651 -2.627
SPIN 4 14 2 0 2.036 -0.882 -5.484
SPIN 4 14 2 1 2.385 -4.284 3.311
SPIN 4 14 2 2 4.119 -2.846 -3.151
SPIN 4 14 2 3 -5.435 -0.631 2.251
SPIN 4 14 2 4 -5.039 2.805 1.320
SPIN 4 14 2 5 4.078 3.759 -2.059
SPIN 4 14 2 6 -4.611 -0.706 -3.638
SPIN 4 14 2 7 2.433 2.737 4.646
SPIN 4 14 2 8 4.889 3.284 -0.563
SPIN 4 14 2 9 -2.231 -3.806 3.942
SPIN 4 14 2 10 5.288 1.534 -2.165
SPIN 4 14 2 11 2.057 3.939 -3.905
SPIN 4 14 2 12 -3.989 3.792 2.171
SPIN 4 14 2 13 -0.956 0.684 -5.798
SPIN 4 14 2 14 -2.592 -5.078 -1.579
SPIN 4 14 2 15 -5.743 1.390 -0.295
SPIN 1 14 3 0 2.582 -5.323 0.067
SPIN 1 14 3 1 -4.721 2.988 -1.944
SPIN 1 14 3 2 4.112 3.884 -1.734
SPIN 1 14 3 3 -0.213 -3.872 4.467
SPIN 1 14 3 4 -3.492 -1.950 -4.359
SPIN 1 14 3 5 2.712 1.701 -4.975
SPIN 1 14 3 6 -2.245 0.036 -5.474
SPIN 1 14 3 7 5.869 0.371 0.645
SPIN 1 14 3 8 0.585 2.697 -5.233
SPIN 1 14 3 9 -3.762 4.550 0.386
SPIN 1 14 3 10 -3.998 -3.734 -2.253
SPIN 1 14 3 11 2.993 5.100 -0.179
SPIN 1 14 3 12 3.977 1.445 -4.134
SPIN 1 14 3 13 -1.254 3.843 -4.320
SPIN 1 14 3 14 -0.524 4.614 -3.666
SPIN 1 14 3 15 -0.172 -5.895 -0.471
SPIN 4 14 3 0 -0.162 -1.646 5.680
SPIN 4 14 3 1 -3.935 3.008 3.235
SPIN 4 14 3 2 4.359 -1.100 -3.846
SPIN 4 14 3 3 -2.280 1.552 -5.234
SPIN 4 14 3 4 4.956 -1.958 2.571
SPIN 4 14 3 5 -1.976 1.943 5.227
SPIN 4 14 3 6 1.777 -3.933 4.046
SPIN 4 14 3 7 5.423 1.749 -1.593
SPIN 4 14 3 8 -0.258 3.937 4.408
SPIN 4 14 3 9 -3.392 2.725 -4.009
SPIN 4 14 3 10 -0.319 -3.768 -4.550
SPIN 4 14 3 11 3.798 -1.809 4.160
SPIN 4 14 3 12 -5.569 1.699 1.048
SPIN 4 14 3 13 -4.198 -2.645 3.221
SPIN 4 14 3 14 5.679 -1.659 -0.019
SPIN 4 14 3 15 -3.634 -3.617 2.952
SPIN 1 14 4 0 -5.029 2.756 1.454
SPIN 1 14 4 1 4.016 -3.666 -2.331
SPIN 1 14 4 2 3.854 -1.555 -4.211
SPIN 1 14 4 3 5.549 -1.453 1.450
SPIN 1 14 4 4 3.895 -0.735 -4.392
SPIN 1 14 4 5 -1.585 -3.648 -4.379
SPIN 1 14 4 6 0.814 0.965 -5.780
SPIN 1 14 4 7 -3.482 -4.733 -0.694
SPIN 1 14 4 8 4.902 1.850 -2.748
SPIN 1 14 4 9 -1.817 -5.483 1.279
SPIN 1 14 4 10 -3.483 -3.078 3.660
SPIN 1 14 4 11 3.636 -3.118 -3.472
SPIN 1 14 4 12 0.875 3.772 4.473
SPIN 1 14 4 13 4.645 -2.975 -2.138
SPIN 1 14 4 14 -2.694 1.701 4.985
SPIN 1 14 4 15 -0.953 -4.158 -4.099
SPIN 4 14 4 0 -4.741 3.153 1.608
SPIN 4 14 4 1 1.892 -2.584 -4.974
SPIN 4 14 4 2 3.447 -4.808 -0.001
SPIN 4 14 4 3 -3.660 0.571 4.613
SPIN 4 14 4 4 3.486 4.764 -0.391
SPIN 4 14 4 5 -2.912 0.195 5.146
SPIN 4 14 4 6 0.472 2.754 5.215
SPIN 4 14 4 7 -2.372 0.387 5.406
SPIN 4 14 4 8 -1.269 5.742 0.650
SPIN 4 14 4 9 0.109 -3.234 4.953
SPIN 4 14 4 10 5.788 -0.062 -1.223
SPIN 4 14 4 11 -1.731 -1.551 5.440
SPIN 4 14 4 12 2.849 -4.529 -2.524
SPIN 4 14 4 13 5.017 -2.109 2.320
SPIN 4 14 4 14 4.587 -0.945 3.615
SPIN 4 14 4 15 3.145 -0.853 4.938
SPIN 1 14 5 0 -5.299 -0.458 -2.591
SPIN 1 14 5 1 1.115 3.541 4.606
SPIN 1 14 5 2 3.695 -2.088 4.122
SPIN 1 14 5 3 -4.053 3.736 2.149
SPIN 1 14 5 4 -4.582 -3.669 -0.737
SPIN 1 14 5 5 5.219 0.247 2.776
SPIN 1 14 5 6 -2.815 -4.684 -2.267
SPIN 1 14 5 7 -1.727 -4.981 -2.685
SPIN 1 14 5 8 -5.339 1.699 1.900
SPIN 1 14 5 9 -1.012 -2.990 -5.004
SPIN 1 14 5 10 0.296 -3.466 4.785
SPIN 1 14 5 11 4.410 3.257 -2.225
SPIN 1 14 5 12 -3.134 0.878 -4.940
SPIN 1 14 5 13 -1.101 -3.758 -4.434
SPIN 1 14 5 14 5.707 -1.481 0.481
SPIN 1 14 5 15 -2.774 -1.322 5.055
SPIN 4 14 5 0 1.897 5.558 0.716
SPIN 4 14 5 1 -4.675 2.123 -2.940
SPIN 4 14 5 2 -5.614 1.184 1.441
SPIN 4 14 5 3 5.496 -0.494 -2.133
SPIN 4 14 5 4 -1.099 5.737 0.941
SPIN 4 14 5 5 -0.066 -1.032 5.825
SPIN 4 14 5 6 -2.921 5.117 -0.532
SPIN 4 14 5 7 -2.216 1.483 -5.281
SPIN 4 14 5 8 -5.156 1.931 2.164
SPIN 4 14 5 9 2.355 3.746 -3.927
SPIN 4 14 5 10 1.971 2.281 5.091
SPIN 4 14 5 11 -2.389 2.146 -4.968
SPIN 4 14 5 12 1.710 -5.235 2.160
SPIN 4 14 5 13 -5.686 -1.607 -0.296
SPIN 4 14 5 14 0.297 -0.604 5.878
SPIN 4 14 5 15 1.564 -4.586 -3.394
SPIN 1 14 6 0 -4.645 0.431 -3.638
SPIN 1 14 6 1 -0.856 -3.303 4.833
SPIN 1 14 6 2 -1.920 1.261 -5.452
SPIN 1 14 6 3 4.789 2.799 -2.057
SPIN 1 14 6 4 -5.613 -1.102 1.509
SPIN 1 14 6 5 0.462 -3.199 -4.955
SPIN 1 14 6 6 0.945 1.190 5.718
SPIN 1 14 6 7 3.948 0.257 4.399
SPIN 1 14 6 8 -0.664 -5.474 -2.144
SPIN 1 14 6 9 4.134 -4.078 1.131
SPIN 1 14 6 10 -4.338 3.297 -2.303
SPIN 1 14 6 11 -0.434 -5.735 -1.387
SPIN 1 14 6 12 -1.967 -4.944 2.585
SPIN 1 14 6 13 -4.053 -4.310 0.018
SPIN 1 14 6 14 -0.013 5.908 -0.308
SPIN 1 14 6 15 3.069 -3.477 -3.674
SPIN 4 14 6 0 -4.569 -2.138 3.090
SPIN 4 14 6 1 4.929 3.258 -0.295
SPIN 4 14 6 2 1.895 -5.093 2.340
SPIN 4 14 6 3 -2.711 -2.084 4.828
SPIN 4 14 6 4 2.555 -1.356 5.160
SPIN 4 14 6 5 -0.685 -0.367 -5.865
SPIN 4 14 6 6 1.837 5.614 0.322
SPIN 4 14 6 7 0.454 5.247 2.696
SPIN 4 14 6 8 0.328 2.954 -5.115
SPIN 4 14 6 9 2.248 -4.997 2.231
SPIN 4 14 6 10 -1.502 -3.733 -4.337
SPIN 4 14 6 11 4.472 2.360 3.071
SPIN 4 14 6 12 3.937 4.331 0.862
SPIN 4 14 6 13 5.562 -0.630 1.914
SPIN 4 14 6 14 -2.486 3.753 3.838
SPIN 4 14 6 15 -2.401 -5.203 -1.470
SPIN 1 14 7 0 0.738 -5.711 -1.355
SPIN 1 14 7 1 5.288 -2.573 -0.647
SPIN 1 14 7 2 -4.920 -1.061 -3.110
SPIN 1 14 7 3 -0.062 0.404 5.902
SPIN 1 14 7 4 0.729 0.907 -5.801
SPIN 1 14 7 5 -2.727 -3.251 4.123
SPIN 1 14 7 6 4.915 -1.868 2.712
SPIN 1 14 7 7 0.802 5.022 3.023
SPIN 1 14 7 8 5.058 1.563 -2.641
SPIN 1 14 7 9 -4.209 1.846 3.725
SPIN 1 14 7 10 4.792 -3.419 -0.594
SPIN 1 14 7 11 4.361 -3.882 0.957
SPIN 1 14 7 12 -3.743 4.579 -0.126
SPIN 1 14 7 13 0.669 5.580 -1.849
SPIN 1 14 7 14 -5.574 -0.768 -1.828
SPIN 1 14 7 15 5.670 -0.439 -1.630
SPIN 4 14 7 0 -2.355 1.257 -5.280
SPIN 4 14 7 1 -3.178 4.586 1.967
SPIN 4 14 7 2 -1.979 -4.882 2.692
SPIN 4 14 7 3 4.377 -1.894 -3.501
SPIN 4 14 7 4 -4.749 -0.153 -3.524
SPIN 4 14 7 5 1.349 -5.699 -0.835
SPIN 4 14 7 6 1.017 -4.052 -4.189
SPIN 4 14 7 7 -5.488 2.128 -0.597
SPIN 4 14 7 8 -5.316 -0.219 2.587
SPIN 4 14 7 9 -4.827 -2.020 -2.761
SPIN 4 14 7 10 -1.039 -3.169 4.887
SPIN 4 14 7 11 -3.705 4.507 0.981
SPIN 4 14 7 12 -0.997 -0.988 -5.747
SPIN 4 14 7 13 0.039 3.977 4.379
SPIN 4 14 7 14 -3.623 -0.520 4.648
SPIN 4 14 7 15 1.186 -5.796 0.035
SPIN 1 14 8 0 1.694 5.267 2.094
SPIN 1 14 8 1 1.028 -5.447 2.069
SPIN 1 14 8 2 5.668 -0.100 1.693
SPIN 1 14 8 3 -4.742 0.696 -3.469
SPIN 1 14 8 4 -4.927 -3.137 -0.941
SPIN 1 14 8 5 3.858 2.754 -3.539
SPIN 1 14 8 6 -2.321 5.400 0.675
SPIN 1 14 8 7 4.453 -3.880 0.353
SPIN 1 14 8 8 -1.999 -5.566 -0.160
SPIN 1 14 8 9 -0.347 3.195 -4.967
SPIN 1 14 8 10 3.508 3.173 3.554
SPIN 1 14 8 11 -1.015 -3.659 -4.537
SPIN 1 14 8 12 0.283 -5.893 -0.439
SPIN 1 14 8 13 4.144 3.689 -2.053
SPIN 1 14 8 14 0.462 -5.552 -1.992
SPIN 1 14 8 15 2.983 4.603 -2.215
SPIN 4 14 8 0 -5.178 1.399 2.497
SPIN 4 14 8 1 5.065 -1.657 -2.569
SPIN 4 14 8 2 5.375 -0.131 -2.467
SPIN 4 14 8 3 0.850 -5.740 1.151
SPIN 4 14 8 4 2.722 5.047 -1.455
SPIN 4 14 8 5 2.501 -4.997 1.943
SPIN 4 14 8 6 3.319 2.789 4.026
SPIN 4 14 8 7 4.815 -2.691 -2.139
SPIN 4 14 8 8 -1.289 -1.969 5.428
SPIN 4 14 8 9 1.603 -4.554 -3.419
SPIN 4 14 8 10 3.120 -2.461 4.382
SPIN 4 14 8 11 3.198 -4.967 -0.312
SPIN 4 14 8 12 -5.322 0.208 -2.575
SPIN 4 14 8 13 -0.412 -3.424 -4.807
SPIN 4 14 8 14 0.591 4.296 4.025
SPIN 4 14 8 15 5.509 2.116 0.420
SPIN 1 14 9 0 0.841 4.080 -4.200
SPIN 1 14 9 1 2.808 5.046 1.286
SPIN 1 14 9 2 1.575 5.643 0.823
SPIN 1 14 9 3 -1.218 0.192 -5.786
SPIN 1 14 9 4 0.451 2.625 5.283
SPIN 1 14 9 5 -3.813 -4.314 1.360
SPIN 1 14 9 6 4.235 2.738 -3.093
SPIN 1 14 9 7 -0.437 5.358 -2.469
SPIN 1 14 9 8 -5.079 -0.620 -2.969
SPIN 1 14 9 9 4.768 -2.456 2.498
SPIN 1 14 9 10 -0.906 2.717 -5.177
SPIN 1 14 9 11 1.954 -4.543 -3.246
SPIN 1 14 9 12 -4.993 3.057 0.851
SPIN 1 14 9 13 4.514 3.713 0.917
SPIN 1 14 9 14 -2.712 -0.354 5.246
SPIN 1 14 9 15 0.255 -2.946 5.124
SPIN 4 14 9 0 -2.366 5.173 -1.625
SPIN 4 14 9 1 -4.364 0.212 -3.989
SPIN 4 14 9 2 4.481 1.388 -3.605
SPIN 4 14 9 3 -2.620 -5.246 0.784
SPIN 4 14 9 4 0.732 -5.569 -1.857
SPIN 4 14 9 5 0.288 5.902 -0.280
SPIN 4 14 9 6 -4.362 -3.926 -0.749
SPIN 4 14 9 7 -0.866 -5.789 -0.862
SPIN 4 14 9 8 1.410 5.489 1.698
SPIN 4 14 9 9 4.242 -1.327 3.904
SPIN 4 14 9 10 -5.109 -2.969 0.289
SPIN 4 14 9 11 2.916 -0.757 5.092
SPIN 4 14 9 12 4.088 0.483 4.249
SPIN 4 14 9 13 -5.903 0.398 -0.031
SPIN 4 14 9 14 -3.655 2.511 3.916
SPIN 4 14 9 15 -0.217 -5.020 -3.123
SPIN 1 14 10 0 4.625 -3.451 1.304
SPIN 1 14 10 1 -0.092 0.314 -5.907
SPIN 1 14 10 2 -5.530 1.629 1.330
SPIN 1 14 10 3 3.012 4.868 -1.495
SPIN 1 14 10 4 -2.327 -1.667 5.178
SPIN 1 14 10 5 -3.961 -1.561 -4.108
SPIN 1 14 10 6 4.279 -2.000 -3.562
SPIN 1 14 10 7 -4.473 -3.674 -1.222
SPIN 1 14 10 8 1.518 -1.943 -5.378
SPIN 1 14 10 9 -3.592 -2.554 3.947
SPIN 1 14 10 10 1.020 1.112 5.720
SPIN 1 14 10 11 -0.201 4.609 -3.704
SPIN 1 14 10 12 -2.434 3.036 -4.456
SPIN 1 14 10 13 0.204 0.482 -5.893
SPIN 1 14 10 14 -2.703 -5.155 -1.058
SPIN 1 14 10 15 0.675 3.203 -4.928
SPIN 4 14 10 0 0.811 5.405 -2.266
SPIN 4 14 10 1 0.446 4.026 4.312
SPIN 4 14 10 2 -5.808 0.169 1.114
SPIN 4 14 10 3 -0.122 -2.734 5.245
SPIN 4 14 10 4 -2.614 4.709 -2.448
SPIN 4 14 10 5 -1.997 -5.567 -0.140
SPIN 4 14 10 6 3.932 1.688 4.085
SPIN 4 14 10 7 -1.172 0.567 5.771
SPIN 4 14 10 8 1.008 5.550 -1.783
SPIN 4 14 10 9 0.593 4.581 3.696
SPIN 4 14 10 10 2.781 -1.815 -4.896
SPIN 4 14 10 11 -4.057 -1.120 -4.158
SPIN 4 14 10 12 -3.331 -0.572 -4.856
SPIN 4 14 10 13 -4.379 -3.618 -1.654
SPIN 4 14 10 14 2.554 -5.297 0.649
SPIN 4 14 10 15 -2.151 5.069 -2.163
SPIN 1 14 11 0 -5.075 0.365 3.019
SPIN 1 14 11 1 -4.640 0.277 -3.659
SPIN 1 14 11 2 4.003 -4.301 -0.685
SPIN 1 14 11 3 -5.543 -2.067 0.030
SPIN 1 14 11 4 0.503 -5.316 -2.547
SPIN 1 14 11 5 1.109 1.207 -5.684
SPIN 1 14 11 6 -1.139 4.221 3.986
SPIN 1 14 11 7 0.371 4.427 -3.907
SPIN 1 14 11 8 -0.977 -3.973 -4.273
SPIN 1 14 11 9 -4.666 2.086 -2.979
SPIN 1 14 11 10 -3.476 3.010 -3.723
SPIN 1 14 11 11 -2.685 0.510 5.247
SPIN 1 14 11 12 5.644 1.592 -0.783
SPIN 1 14 11 13 0.225 -2.575 5.321
SPIN 1 14 11 14 3.590 -4.512 -1.325
SPIN 1 14 11 15 2.850 4.268 2.943
SPIN 4 14 11 0 -5.327 1.682 1.946
SPIN 4 14 11 1 0.669 5.796 0.980
SPIN 4 14 11 2 -2.552 4.466 -2.923
SPIN 4 14 11 3 -1.484 3.135 4.793
SPIN 4 14 11 4 -2.401 -1.421 5.217
SPIN 4 14 11 5 -1.374 3.228 -4.764
SPIN 4 14 11 6 -3.779 -1.807 4.178
SPIN 4 14 11 7 1.397 4.112 -4.018
SPIN 4 14 11 8 -0.975 -3.864 4.372
SPIN 4 14 11 9 2.170 -5.344 1.316
SPIN 4 14 11 10 1.685 -2.238 -5.211
SPIN 4 14 11 11 1.720 5.463 -1.482
SPIN 4 14 11 12 -0.989 -5.567 -1.742
SPIN 4 14 11 13 -0.458 2.340 -5.414
SPIN 4 14 11 14 5.665 -0.659 1.573
SPIN 4 14 11 15 -3.643 4.257 -1.898
SPIN 1 14 12 0 -4.917 -0.221 -3.283
SPIN 1 14 12 1 3.229 4.309 -2.451
SPIN 1 14 12 2 2.452 -5.353 -0.580
SPIN 1 14 12 3 -2.900 4.435 2.631
SPIN 1 14 12 4 -1.614 3.967 4.082
SPIN 1 14 12 5 -5.590 0.268 1.918
SPIN 1 14 12 6 -1.507 -4.968 -2.837
SPIN 1 14 12 7 2.879 0.700 5.120
SPIN 1 14 12 8 -3.881 -1.712 4.124
SPIN 1 14 12 9 5.738 -1.426 0.214
SPIN 1 14 12 10 -2.799 4.843 1.927
SPIN 1 14 12 11 2.388 -1.308 -5.253
SPIN 1 14 12 12 -4.993 -2.842 -1.412
SPIN 1 14 12 13 5.293 0.060 2.643
SPIN 1 14 12 14 -5.175 2.696 0.973
SPIN 1 14 12 15 -0.794 -3.268 4.868
SPIN 4 14 12 0 4.288 -0.907 -3.973
SPIN 4 14 12 1 -0.440 4.435 3.891
SPIN 4 14 12 2 3.104 -4.826 1.441
SPIN 4 14 12 3 1.767 -5.072 2.479
SPIN 4 14 12 4 2.739 -0.823 -5.179
SPIN 4 14 12 5 -4.639 3.286 1.637
SPIN 4 14 12 6 3.974 -2.729 -3.429
SPIN 4 14 12 7 -5.857 -0.834 -0.037
SPIN 4 14 12 8 4.805 -2.471 -2.410
SPIN 4 14 12 9 -3.731 3.220 -3.273
SPIN 4 14 12 10 4.650 -3.473 -1.148
SPIN 4 14 12 11 -1.313 2.351 5.268
SPIN 4 14 12 12 -2.921 -5.134 -0.332
SPIN 4 14 12 13 -4.052 -3.682 -2.241
SPIN 4 14 12 14 -1.732 -4.970 -2.701
SPIN 4 14 12 15 -1.518 -1.017 5.627
SPIN 1 14 13 0 4.034 -0.844 4.245
SPIN 1 14 13 1 -5.497 1.170 -1.847
SPIN 1 14 13 2 5.210 1.269 2.498
SPIN 1 14 13 3 0.861 -2.820 -5.129
SPIN 1 14 13 4 4.657 0.739 -3.574
SPIN 1 14 13 5 -5.168 -1.907 2.159
SPIN 1 14 13 6 5.856 -0.711 -0.453
SPIN 1 14 13 7 5.748 0.983 0.996
SPIN 1 14 13 8 -5.140 -0.276 2.916
SPIN 1 14 13 9 -0.664 -3.010 -5.050
SPIN 1 14 13 10 -4.402 3.948 -0.179
SPIN 1 14 13 11 -5.410 -2.200 0.943
SPIN 1 14 13 12 3.384 0.330 -4.841
SPIN 1 14 13 13 2.879 -1.312 4.999
SPIN 1 14 13 14 -3.670 -3.419 -3.138
SPIN 1 14 13 15 0.495 3.449 -4.782
SPIN 4 14 13 0 -1.216 3.326 4.739
SPIN 4 14 13 1 2.750 -1.524 -5.012
SPIN 4 14 13 2 3.753 4.455 1.036
SPIN 4 14 13 3 -5.208 -2.209 -1.733
SPIN 4 14 13 4 -4.889 3.329 0.123
SPIN 4 14 13 5 2.295 -4.568 -2.978
SPIN 4 14 13 6 0.761 4.613 3.625
SPIN 4 14 13 7 -4.813 -2.765 -2.048
SPIN 4 14 13 8 -3.419 4.315 -2.166
SPIN 4 14 13 9 -1.300 3.665 4.458
SPIN 4 14 13 10 0.737 -5.388 -2.330
SPIN 4 14 13 11 4.607 -1.390 -3.441
SPIN 4 14 13 12 0.048 4.761 3.512
SPIN 4 14 13 13 -3.539 -4.095 -2.388
SPIN 4 14 13 14 -4.701 -3.459 0.967
SPIN 4 14 13 15 3.076 -0.761 -4.996
SPIN 1 14 14 0 -2.388 -0.312 -5.404
SPIN 1 14 14 1 -1.113 -3.558 4.594
SPIN 1 14 14 2 -0.034 -2.707 5.260
SPIN 1 14 14 3 -2.203 2.788 4.730
SPIN 1 14 14 4 3.666 -3.236 3.330
SPIN 1 14 14 5 -5.690 -1.401 0.815
SPIN 1 14 14 6 -1.084 -3.740 4.454
SPIN 1 14 14 7 -3.626 -0.714 4.620
SPIN 1 14 14 8 -3.105 0.350 5.024
SPIN 1 14 14 9 4.026 2.317 -3.664
SPIN 1 14 14 10 -3.901 -1.805 4.065
SPIN 1 14 14 11 5.039 1.213 2.853
SPIN 1 14 14 12 0.892 3.966 -4.298
SPIN 1 14 14 13 4.787 1.459 3.156
SPIN 1 14 14 14 0.908 4.953 3.106
SPIN 1 14 14 15 -4.562 -0.214 3.761
SPIN 4 14 14 0 -1.083 1.643 -5.579
SPIN 4 14 14 1 -5.906 0.282 0.192
SPIN 4 14 14 2 0.388 -3.120 5.012
SPIN 4 14 14 3 3.190 -1.125 -4.854
SPIN 4 14 14 4 0.167 -3.828 4.508
SPIN 4 14 14 5 0.277 5.306 2.602
SPIN 4 14 14 6 3.110 5.019 -0.369
SPIN 4 14 14 7 -4.694 -3.596 0.193
SPIN 4 14 14 8 2.168 -4.673 -2.909
SPIN 4 14 14 9 -5.096 2.003 -2.240
SPIN 4 14 14 10 -2.261 1.096 -5.356
SPIN 4 14 14 11 0.057 -5.053 -3.076
SPIN 4 14 14 12 4.189 1.371 3.946
SPIN 4 14 14 13 -5.448 -0.968 2.094
SPIN 4 14 14 14 5.642 1.771 -0.184
SPIN 4 14 14 15 -2.095 -3.064 4.607
SPIN 1 14 15 0 3.273 -4.918 -0.320
SPIN 1 14 15 1 -2.308 -4.424 -3.179
SPIN 1 14 15 2 3.110 0.773 -4.973
SPIN 1 14 15 3 -5.844 -0.148 -0.907
SPIN 1 14 15 4 -3.050 3.843 -3.306
SPIN 1 14 15 5 -1.129 -3.462 4.662
SPIN 1 14 15 6 -2.232 4.500 -3.125
SPIN 1 14 15 7 5.482 -1.697 1.438
SPIN 1 14 15 8 5.083 -2.839 -1.050
SPIN 1 14 15 9 1.009 -1.600 5.605
SPIN 1 14 15 10 -0.201 0.561 5.886
SPIN 1 14 15 11 -1.362 -5.754 0.201
SPIN 1 14 15 12 -5.482 -0.598 2.142
SPIN 1 14 15 13 -1.185 -3.334 -4.741
SPIN 1 14 15 14 -5.537 0.062 -2.082
SPIN 1 14 15 15 -4.496 -0.568 -3.803
SPIN 4 14 15 0 -1.533 -3.478 -4.533
SPIN 4 14 15 1 1.865 0.391 -5.601
SPIN 4 14 15 2 -0.453 5.032 -3.078
SPIN 4 14 15 3 5.648 0.712 1.611
SPIN 4 14 15 4 -5.139 1.239 -2.655
SPIN 4 14 15 5 2.653 -3.014 4.345
SPIN 4 14 15 6 -2.781 -3.760 3.623
SPIN 4 14 15 7 -1.253 4.203 -3.971
SPIN 4 14 15 8 -3.438 -4.659 -1.214
SPIN 4 14 15 9 -1.244 4.735 3.322
SPIN 4 14 15 10 4.642 -1.046 -3.515
SPIN 4 14 15 11 -2.585 5.297 0.514
SPIN 4 14 15 12 0.596 5.398 -2.347
SPIN 4 14 15 13 3.282 -4.905 -0.413
SPIN 4 14 15 14 -5.883 -0.389 0.485
SPIN 4 14 15 15 -2.778 -0.607 -5.188
SPIN 3 14 0 0 -4.307 1.644 3.707
SPIN 3 14 0 1 2.428 4.906 2.243
SPIN 3 14 0 2 0.783 -5.232 2.648
SPIN 3 14 0 3 4.427 3.736 -1.202
SPIN 3 14 0 4 -4.705 3.575 0.295
SPIN 3 14 0 5 -4.309 -0.992 -3.930
SPIN 3 14 0 6 3.102 1.251 -4.880
SPIN 3 14 0 7 5.639 1.729 -0.458
SPIN 3 14 0 8 2.171 -2.792 4.743
SPIN 3 14 0 9 -1.089 0.839 -5.754
SPIN 3 14 0 10 -1.589 -5.595 1.081
SPIN 3 14 0 11 -1.792 5.470 -1.365
SPIN 3 14 0 12 0.800 2.904 5.092
SPIN 3 14 0 13 -0.700 5.636 -1.659
SPIN 3 14 0 14 2.151 0.905 -5.436
SPIN 3 14 0 15 3.512 -3.000 3.697
SPIN 2 14 0 0 4.898 -3.217 0.814
SPIN 2 14 0 1 -2.823 -0.649 -5.158
SPIN 2 14 0 2 1.552 -3.785 -4.274
SPIN 2 14 0 3 -1.487 -1.567 5.508
SPIN 2 14 0 4 -5.261 0.140 -2.702
SPIN 2 14 0 5 -1.784 -4.289 3.664
SPIN 2 14 0 6 -0.728 0.872 -5.806
SPIN 2 14 0 7 3.963 2.476 3.628
SPIN 2 14 0 8 -0.684 -3.697 4.568
SPIN 2 14 0 9 -2.303 2.456 -4.865
SPIN 2 14 0 10 0.979 -3.756 4.465
SPIN 2 14 0 11 -3.680 -2.113 4.123
SPIN 2 14 0 12 -0.731 -1.667 5.629
SPIN 2 14 0 13 2.983 -4.505 2.410
SPIN 2 14 0 14 2.025 5.145 -2.104
SPIN 2 14 0 15 -5.324 -0.975 -2.388
SPIN 3 14 1 0 -0.478 5.301 2.584
SPIN 3 14 1 1 -1.850 -5.230 2.055
SPIN 3 14 1 2 0.736 3.990 -4.305
SPIN 3 14 1 3 3.026 -1.470 -4.866
SPIN 3 14 1 4 3.664 3.411 3.153
SPIN 3 14 1 5 1.703 4.935 -2.783
SPIN 3 14 1 6 1.705 5.636 0.576
SPIN 3 14 1 7 1.103 2.037 -5.444
SPIN 3 14 1 8 -3.783 4.189 -1.773
SPIN 3 14 1 9 0.629 -5.848 0.641
SPIN 3 14 1 10 2.034 0.267 -5.549
SPIN 3 14 1 11 2.043 -1.444 5.361
SPIN 3 14 1 12 1.343 5.724 -0.657
SPIN 3 14 1 13 -5.293 -1.992 1.735
SPIN 3 14 1 14 3.017 3.622 -3.575
SPIN 3 14 1 15 -0.026 5.605 1.893
SPIN 2 14 1 0 0.912 2.186 5.421
SPIN 2 14 1 1 -2.719 -4.508 2.699
SPIN 2 14 1 2 -5.661 -1.034 -1.373
SPIN 2 14 1 3 -0.056 0.078 -5.915
SPIN 2 14 1 4 0.858 -5.829 -0.534
SPIN 2 14 1 5 -0.519 -4.426 3.891
SPIN 2 14 1 6 -2.997 -4.979 -1.108
SPIN 2 14 1 7 -4.774 -3.160 1.490
SPIN 2 14 1 8 -2.629 4.689 -2.469
SPIN 2 14 1 9 5.090 -0.466 2.980
SPIN 2 14 1 10 -3.193 -2.388 -4.371
SPIN 2 14 1 11 3.089 1.435 4.837
SPIN 2 14 1 12 0.181 -1.347 -5.758
SPIN 2 14 1 13 5.896 0.347 -0.348
SPIN 2 14 1 14 1.665 -4.929 2.816
SPIN 2 14 1 15 -5.718 -0.959 1.175
SPIN 3 14 2 0 1.156 -5.731 0.905
SPIN 3 14 2 1 -1.317 2.776 -5.056
SPIN 3 14 2 2 2.505 4.917 2.134
SPIN 3 14 2 3 2.496 2.380 4.807
SPIN 3 14 2 4 -2.606 2.233 4.819
SPIN 3 14 2 5 4.920 2.742 -1.811
SPIN 3 14 2 6 -1.849 -3.170 -4.641
SPIN 3 14 2 7 -2.073 3.442 4.342
SPIN 3 14 2 8 1.836 -5.453 1.378
SPIN 3 14 2 9 -1.894 1.741 -5.328
SPIN 3 14 2 10 1.154 2.380 5.292
SPIN 3 14 2 11 0.945 4.499 -3.724
SPIN 3 14 2 12 -4.824 -3.175 1.283
SPIN 3 14 2 13 -0.785 3.246 4.883
SPIN 3 14 2 14 -3.556 2.891 3.742
SPIN 3 14 2 15 2.478 4.319 3.194
SPIN 2 14 2 0 -4.250 -2.507 -3.264
SPIN 2 14 2 1 5.544 -1.576 -1.334
SPIN 2 14 2 2 -4.580 -2.598 2.697
SPIN 2 14 2 3 5.415 1.961 1.353
SPIN 2 14 2 4 -5.137 1.432 -2.562
SPIN 2 14 2 5 -2.705 -5.261 -0.097
SPIN 2 14 2 6 2.610 -1.056 5.203
SPIN 2 14 2 7 1.408 5.278 2.271
SPIN 2 14 2 8 -5.002 3.095 -0.636
SPIN 2 14 2 9 -3.621 -2.680 3.835
SPIN 2 14 2 10 1.166 -4.682 -3.423
SPIN 2 14 2 11 -5.066 -1.917 2.380
SPIN 2 14 2 12 4.084 0.702 -4.222
SPIN 2 14 2 13 4.196 4.113 -0.690
SPIN 2 14 2 14 4.807 -2.487 2.389
SPIN 2 14 2 15 -0.481 2.798 -5.190
SPIN 3 14 3 0 0.706 3.061 -5.013
SPIN 3 14 3 1 4.332 -3.102 2.572
SPIN 3 14 3 2 -0.525 2.633 -5.272
SPIN 3 14 3 3 1.061 -5.685 1.246
SPIN 3 14 3 4 -4.030 2.279 3.683
SPIN 3 14 3 5 -3.219 -3.891 3.081
SPIN 3 14 3 6 3.382 3.951 -2.819
SPIN 3 14 3 7 3.684 -4.565 -0.769
SPIN 3 14 3 8 1.226 -3.422 -4.668
SPIN 3 14 3 9 -3.404 -3.276 3.561
SPIN 3 14 3 10 2.801 -0.239 5.206
SPIN 3 14 3 11 3.963 -4.022 -1.765
SPIN 3 14 3 12 2.115 3.432 -4.330
SPIN 3 14 3 13 -3.204 -3.047 -3.931
SPIN 3 14 3 14 4.003 0.177 -4.353
SPIN 3 14 3 15 -0.461 2.395 -5.390
SPIN 2 14 3 0 -3.553 3.631 -3.032
SPIN 2 14 3 1 1.323 5.660 -1.101
SPIN 2 14 3 2 -0.644 3.414 4.788
SPIN 2 14 3 3 -2.197 -0.211 5.489
SPIN 2 14 3 4 3.847 -2.991 -3.354
SPIN 2 14 3 5 5.468 1.807 -1.355
SPIN 2 14 3 6 -3.826 -1.427 4.281
SPIN 2 14 3 7 -5.416 -0.974 2.173
SPIN 2 14 3 8 5.032 1.158 -2.888
SPIN 2 14 3 9 -2.472 0.654 -5.335
SPIN 2 14 3 10 -5.149 2.842 -0.644
SPIN 2 14 3 11 1.213 1.251 -5.654
SPIN 2 14 3 12 -0.868 -5.518 1.949
SPIN 2 14 3 13 1.008 -5.705 -1.200
SPIN 2 14 3 14 -3.703 3.868 -2.515
SPIN 2 14 3 15 -5.345 -0.961 2.346
SPIN 3 14 4 0 4.638 -3.550 0.941
SPIN 3 14 4 1 -3.109 -4.525 2.204
SPIN 3 14 4 2 2.569 4.141 -3.355
SPIN 3 14 4 3 -4.888 -3.067 1.304
SPIN 3 14 4 4 5.427 2.346 0.192
SPIN 3 14 4 5 1.914 5.560 0.654
SPIN 3 14 4 6 -2.355 -5.393 -0.609
SPIN 3 14 4 7 -1.764 4.567 -3.322
SPIN 3 14 4 8 1.959 -3.537 4.319
SPIN 3 14 4 9 1.711 -1.303 -5.511
SPIN 3 14 4 10 -3.504 -1.002 4.660
SPIN 3 14 4 11 -0.651 3.755 4.525
SPIN 3 14 4 12 3.614 0.679 4.635
SPIN 3 14 4 13 4.551 1.750 3.351
SPIN 3 14 4 14 -5.793 1.199 0.073
SPIN 3 14 4 15 3.434 -2.375 4.191
SPIN 2 14 4 0 -2.536 -5.062 -1.717
SPIN 2 14 4 1 5.906 -0.196 0.293
SPIN 2 14 4 2 -3.015 4.009 3.137
SPIN 2 14 4 3 0.285 -2.324 -5.433
SPIN 2 14 4 4 1.231 2.425 5.254
SPIN 2 14 4 5 -0.526 3.756 4.540
SPIN 2 14 4 6 2.451 -0.893 -5.310
SPIN 2 14 4 7 1.583 -5.630 -0.890
SPIN 2 14 4 8 -5.717 -1.497 -0.272
SPIN 2 14 4 9 1.846 -4.707 -3.073
SPIN 2 14 4 10 -1.374 -4.965 -2.908
SPIN 2 14 4 11 0.913 4.789 -3.352
SPIN 2 14 4 12 3.489 3.089 3.645
SPIN 2 14 4 13 -4.409 2.237 3.249
SPIN 2 14 4 14 -2.640 -4.712 -2.415
SPIN 2 14 4 15 2.388 -5.412 -0.102
SPIN 3 14 5 0 -0.381 -4.010 -4.333
SPIN 3 14 5 1 -3.288 4.135 -2.663
SPIN 3 14 5 2 1.979 -5.418 1.315
SPIN 3 14 5 3 -5.464 1.931 -1.191
SPIN 3 14 5 4 -1.947 -5.097 2.288
SPIN 3 14 5 5 1.560 5.702 0.245
SPIN 3 14 5 6 -1.275 -0.999 5.690
SPIN 3 14 5 7 5.325 1.803 1.842
SPIN 3 14 5 8 1.381 -5.690 0.843
SPIN 3 14 5 9 1.107 5.564 -1.677
SPIN 3 14 5 10 2.563 -4.759 -2.404
SPIN 3 14 5 11 -1.859 -4.566 -3.271
SPIN 3 14 5 12 5.102 2.881 -0.820
SPIN 3 14 5 13 -5.347 -1.632 1.934
SPIN 3 14 5 14 -1.573 -1.263 -5.561
SPIN 3 14 5 15 0.955 5.711 -1.212
SPIN 2 14 5 0 3.168 3.234 3.809
SPIN 2 14 5 1 -3.534 -0.665 4.697
SPIN 2 14 5 2 2.823 -4.624 -2.377
SPIN 2 14 5 3 -3.788 2.433 3.838
SPIN 2 14 5 4 -1.242 3.822 -4.342
SPIN 2 14 5 5 0.322 -5.907 0.019
SPIN 2 14 5 6 -4.850 -0.809 -3.290
SPIN 2 14 5 7 4.306 2.464 3.222
SPIN 2 14 5 8 -4.774 1.877 -2.947
SPIN 2 14 5 9 -0.389 3.847 -4.477
SPIN 2 14 5 10 -4.944 -2.156 2.430
SPIN 2 14 5 11 -5.659 -1.172 1.266
SPIN 2 14 5 12 0.366 0.051 5.905
SPIN 2 14 5 13 -4.188 1.415 -3.932
SPIN 2 14 5 14 3.670 4.464 -1.266
SPIN 2 14 5 15 -2.773 4.619 2.444
SPIN 3 14 6 0 -5.693 -1.539 0.468
SPIN 3 14 6 1 4.921 0.677 3.214
SPIN 3 14 6 2 -5.636 1.413 -1.114
SPIN 3 14 6 3 -2.276 3.539 4.159
SPIN 3 14 6 4 -5.702 -1.128 1.102
SPIN 3 14 6 5 3.126 3.302 -3.785
SPIN 3 14 6 6 -2.775 -4.455 -2.730
SPIN 3 14 6 7 -4.129 -3.189 2.790
SPIN 3 14 6 8 -0.136 1.837 5.622
SPIN 3 14 6 9 -1.331 -5.410 1.991
SPIN 3 14 6 10 -3.977 4.210 1.208
SPIN 3 14 6 11 0.225 0.644 -5.877
SPIN 3 14 6 12 2.381 -2.127 4.980
SPIN 3 14 6 13 4.637 2.578 2.617
SPIN 3 14 6 14 3.099 -4.148 -2.862
SPIN 3 14 6 15 -2.414 -1.744 5.112
SPIN 2 14 6 0 -2.219 -5.388 -1.022
SPIN 2 14 6 1 -3.742 3.614 2.818
SPIN 2 14 6 2 -2.646 1.812 -4.971
SPIN 2 14 6 3 4.900 -2.794 -1.784
SPIN 2 14 6 4 1.847 -0.119 -5.619
SPIN 2 14 6 5 -5.702 -1.520 0.421
SPIN 2 14 6 6 1.634 5.582 -1.081
SPIN 2 14 6 7 -2.853 4.509 -2.554
SPIN 2 14 6 8 -4.908 2.083 2.563
SPIN 2 14 6 9 -4.010 2.233 -3.732
SPIN 2 14 6 10 5.445 1.153 -2.005
SPIN 2 14 6 11 -0.516 5.835 0.825
SPIN 2 14 6 12 -1.229 3.857 4.314
SPIN 2 14 6 13 -5.309 -0.387 -2.582
SPIN 2 14 6 14 4.652 -3.652 0.141
SPIN 2 14 6 15 2.149 -1.066 -5.408
SPIN 3 14 7 0 1.773 1.473 5.449
SPIN 3 14 7 1 -0.144 5.906 0.316
SPIN 3 14 7 2 -0.385 2.639 -5.281
SPIN 3 14 7 3 -3.741 0.916 -4.491
SPIN 3 14 7 4 4.487 0.706 -3.790
SPIN 3 14 7 5 -4.727 -3.358 1.173
SPIN 3 14 7 6 -3.833 4.499 -0.263
SPIN 3 14 7 7 3.553 -3.786 2.836
SPIN 3 14 7 8 3.490 2.052 -4.314
SPIN 3 14 7 9 1.513 4.671 -3.301
SPIN 3 14 7 10 -3.099 0.599 -5.004
SPIN 3 14 7 11 -1.402 -5.413 -1.932
SPIN 3 14 7 12 -0.937 3.640 4.568
SPIN 3 14 7 13 -5.014 1.375 -2.823
SPIN 3 14 7 14 -0.168 -0.018 -5.914
SPIN 3 14 7 15 -4.930 -1.220 3.035
SPIN 2 14 7 0 3.725 3.815 -2.563
SPIN 2 14 7 1 -2.505 1.302 -5.199
SPIN 2 14 7 2 4.988 1.403 2.856
SPIN 2 14 7 3 -4.786 -1.067 -3.310
SPIN 2 14 7 4 5.209 2.161 1.788
SPIN 2 14 7 5 0.215 5.802 -1.134
SPIN 2 14 7 6 4.599 -3.641 -0.771
SPIN 2 14 7 7 -3.420 -1.342 -4.637
SPIN 2 14 7 8 5.534 -1.506 -1.452
SPIN 2 14 7 9 -5.741 -1.068 -0.947
SPIN 2 14 7 10 0.970 -5.792 0.719
SPIN 2 14 7 11 1.707 -5.664 -0.060
SPIN 2 14 7 12 0.687 4.127 4.183
SPIN 2 14 7 13 0.242 -4.163 -4.197
SPIN 2 14 7 14 -0.069 5.637 -1.795
SPIN 2 14 7 15 5.436 -0.518 2.277
SPIN 3 14 8 0 -4.776 3.222 -1.342
SPIN 3 14 8 1 3.324 -1.402 4.689
SPIN 3 14 8 2 -1.925 -3.575 -4.303
SPIN 3 14 8 3 -0.397 3.809 4.509
SPIN 3 14 8 4 2.751 -1.287 5.077
SPIN 3 14 8 5 5.577 -1.731 -0.949
SPIN 3 14 8 6 2.480 4.582 -2.802
SPIN 3 14 8 7 -2.090 -4.944 2.487
SPIN 3 14 8 8 5.059 -2.038 -2.293
SPIN 3 14 8 9 -5.858 0.798 0.211
SPIN 3 14 8 10 0.494 2.079 5.517
SPIN 3 14 8 11 -3.342 2.029 -4.440
SPIN 3 14 8 12 3.718 -2.305 -3.983
SPIN 3 14 8 13 5.605 -1.261 1.412
SPIN 3 14 8 14 -1.663 -5.016 2.660
SPIN 3 14 8 15 -4.410 -3.901 -0.578
SPIN 2 14 8 0 -2.798 -2.985 -4.274
SPIN 2 14 8 1 3.111 3.084 -3.976
SPIN 2 14 8 2 -5.575 0.968 -1.725
SPIN 2 14 8 3 1.642 -5.506 1.409
SPIN 2 14 8 4 -5.436 2.324 -0.218
SPIN 2 14 8 5 -0.481 -2.817 -5.180
SPIN 2 14 8 6 -0.963 -3.746 4.477
SPIN 2 14 8 7 -1.087 -5.815 0.026
SPIN 2 14 8 8 -5.192 1.327 -2.505
SPIN 2 14 8 9 -5.854 0.825 -0.215
SPIN 2 14 8 10 1.547 -5.699 0.357
SPIN 2 14 8 11 -2.166 4.179 -3.584
SPIN 2 14 8 12 -0.930 -3.090 -4.958
SPIN 2 14 8 13 -2.767 -5.031 -1.426
SPIN 2 14 8 14 2.151 -3.075 4.574
SPIN 2 14 8 15 -2.034 4.751 2.880
SPIN 3 14 9 0 5.058 -2.159 -2.181
SPIN 3 14 9 1 -4.092 -1.786 -3.881
SPIN 3 14 9 2 4.950 -3.161 -0.712
SPIN 3 14 9 3 -1.582 4.937 2.850
SPIN 3 14 9 4 -4.649 -3.655 -0.149
SPIN 3 14 9 5 3.430 -4.762 -0.746
SPIN 3 14 9 6 4.402 0.191 -3.948
SPIN 3 14 9 7 4.262 -0.183 4.099
SPIN 3 14 9 8 2.767 -1.106 -5.111
SPIN 3 14 9 9 0.533 5.377 2.409
SPIN 3 14 9 10 -2.560 3.519 4.008
SPIN 3 14 9 11 3.326 1.508 4.654
SPIN 3 14 9 12 -2.884 -1.796 -4.843
SPIN 3 14 9 13 1.384 5.680 0.904
SPIN 3 14 9 14 -1.701 -3.567 -4.403
SPIN 3 14 9 15 -1.053 0.208 5.818
SPIN 2 14 9 0 4.991 1.965 -2.495
SPIN 2 14 9 1 -1.701 -3.253 4.640
SPIN 2 14 9 2 4.177 -0.957 4.079
SPIN 2 14 9 3 4.287 3.431 2.202
SPIN 2 14 9 4 2.436 -5.390 -0.116
SPIN 2 14 9 5 -5.101 2.618 1.456
SPIN 2 14 9 6 -2.096 1.023 -5.437
SPIN 2 14 9 7 4.042 3.809 2.038
SPIN 2 14 9 8 3.588 -4.699 -0.197
SPIN 2 14 9 9 2.758 5.212 0.477
SPIN 2 14 9 10 -3.012 -4.904 -1.371
SPIN 2 14 9 11 1.383 -2.374 5.239
SPIN 2 14 9 12 2.911 0.745 -5.096
SPIN 2 14 9 13 1.642 3.686 4.326
SPIN 2 14 9 14 2.299 1.380 -5.273
SPIN 2 14 9 15 -5.839 0.415 0.855
SPIN 3 14 10 0 -2.758 -4.290 2.998
SPIN 3 14 10 1 1.134 4.317 3.883
SPIN 3 14 10 2 -5.306 1.475 2.162
SPIN 3 14 10 3 3.856 4.092 -1.840
SPIN 3 14 10 4 3.490 2.799 -3.871
SPIN 3 14 10 5 -0.602 -5.050 -3.022
SPIN 3 14 10 6 0.956 -1.227 5.708
SPIN 3 14 10 7 -5.418 -0.057 2.376
SPIN 3 14 10 8 3.515 4.039 2.516
SPIN 3 14 10 9 -5.705 1.214 -0.988
SPIN 3 14 10 10 -1.724 -2.976 4.813
SPIN 3 14 10 11 0.710 4.057 4.247
SPIN 3 14 10 12 4.539 3.750 0.576
SPIN 3 14 10 13 0.232 -5.765 -1.308
SPIN 3 14 10 14 1.438 5.668 -0.900
SPIN 3 14 10 15 1.260 0.533 -5.756
SPIN 2 14 10 0 3.810 -1.183 4.369
SPIN 2 14 10 1 4.719 3.543 -0.431
SPIN 2 14 10 2 -3.090 -1.023 -4.940
SPIN 2 14 10 3 0.670 1.266 5.740
SPIN 2 14 10 4 -5.818 -0.645 -0.855
SPIN 2 14 10 5 -0.203 -2.226 5.478
SPIN 2 14 10 6 -5.372 2.173 -1.190
SPIN 2 14 10 7 -3.608 -4.686 -0.160
SPIN 2 14 10 8 -4.266 2.774 -3.017
SPIN 2 14 10 9 -0.363 -4.496 3.828
SPIN 2 14 10 10 -0.802 1.885 5.550
SPIN 2 14 10 11 -1.736 -2.195 -5.212
SPIN 2 14 10 12 3.940 4.058 -1.736
SPIN 2 14 10 13 2.919 -5.102 0.671
SPIN 2 14 10 14 -4.428 0.361 3.907
SPIN 2 14 10 15 2.181 -1.454 5.304
SPIN 3 14 11 0 2.468 1.450 -5.178
SPIN 3 14 11 1 4.328 -3.951 0.813
SPIN 3 14 11 2 -2.739 1.906 -4.885
SPIN 3 14 11 3 1.101 -5.335 2.307
SPIN 3 14 11 4 1.430 5.057 2.717
SPIN 3 14 11 5 4.986 3.182 0.135
SPIN 3 14 11 6 -2.730 -0.034 5.248
SPIN 3 14 11 7 5.328 1.238 -2.255
SPIN 3 14 11 8 0.926 -3.286 4.832
SPIN 3 14 11 9 2.869 -5.118 -0.762
SPIN 3 14 11 10 -4.616 3.320 -1.634
SPIN 3 14 11 11 3.196 -0.899 4.897
SPIN 3 14 11 12 -5.133 -2.941 -0.100
SPIN 3 14 11 13 -4.708 1.692 3.158
SPIN 3 14 11 14 -4.167 -4.188 0.301
SPIN 3 14 11 15 2.741 4.738 2.245
SPIN 2 14 11 0 1.247 3.654 4.482
SPIN 2 14 11 1 -2.794 -5.109 1.045
SPIN 2 14 11 2 -2.365 -0.022 -5.423
SPIN 2 14 11 3 3.277 -0.271 -4.918
SPIN 2 14 11 4 -2.879 -0.182 5.165
SPIN 2 14 11 5 -1.116 1.447 -5.627
SPIN 2 14 11 6 -4.917 -1.364 -2.993
SPIN 2 14 11 7 2.682 2.361 4.715
SPIN 2 14 11 8 -3.566 -2.102 -4.226
SPIN 2 14 11 9 -5.783 0.569 1.111
SPIN 2 14 11 10 -2.852 -3.913 3.399
SPIN 2 14 11 11 2.615 -4.764 -2.339
SPIN 2 14 11 12 -2.436 -0.452 5.372
SPIN 2 14 11 13 4.006 -1.518 -4.080
SPIN 2 14 11 14 3.733 -0.982 -4.484
SPIN 2 14 11 15 -1.968 -2.788 -4.832
SPIN 3 14 12 0 3.814 -3.503 -2.861
SPIN 3 14 12 1 -4.227 3.691 -1.874
SPIN 3 14 12 2 2.709 -4.155 -3.225
SPIN 3 14 12 3 -0.830 4.955 3.125
SPIN 3 14 12 4 1.205 -4.840 -3.182
SPIN 3 14 12 5 4.177 -4.152 0.564
SPIN 3 14 12 6 -0.026 4.497 -3.844
SPIN 3 14 12 7 4.744 3.284 -1.307
SPIN 3 14 12 8 -5.902 0.035 -0.409
SPIN 3 14 12 9 3.840 -4.160 -1.716
SPIN 3 14 12 10 -5.506 -0.309 2.142
SPIN 3 14 12 11 1.616 5.683 0.297
SPIN 3 14 12 12 4.828 1.343 3.144
SPIN 3 14 12 13 4.086 4.145 -1.061
SPIN 3 14 12 14 -0.980 5.662 -1.408
SPIN 3 14 12 15 -0.624 -3.255 -4.901
SPIN 2 14 12 0 -2.387 0.689 5.369
SPIN 2 14 12 1 5.892 -0.300 0.435
SPIN 2 14 12 2 3.577 -0.753 -4.652
SPIN 2 14 12 3 5.037 2.307 2.075
SPIN 2 14 12 4 5.218 -2.145 1.782
SPIN 2 14 12 5 4.040 -0.075 -4.321
SPIN 2 14 12 6 3.564 -4.129 2.291
SPIN 2 14 12 7 -4.396 -1.029 3.823
SPIN 2 14 12 8 -4.283 3.646 1.833
SPIN 2 14 12 9 -2.360 -1.982 -5.050
SPIN 2 14 12 10 3.545 -4.221 -2.149
SPIN 2 14 12 11 -0.465 5.088 -2.983
SPIN 2 14 12 12 -0.272 -1.002 -5.824
SPIN 2 14 12 13 0.696 -3.903 -4.391
SPIN 2 14 12 14 4.406 2.988 2.581
SPIN 2 14 12 15 1.121 1.422 5.632
SPIN 3 14 13 0 -0.330 3.861 4.471
SPIN 3 14 13 1 -1.021 -5.779 -0.748
SPIN 3 14 13 2 -1.315 -5.499 1.743
SPIN 3 14 13 3 5.643 0.030 -1.777
SPIN 3 14 13 4 -4.570 -0.185 3.753
SPIN 3 14 13 5 -1.534 5.374 -1.940
SPIN 3 14 13 6 1.870 -4.069 3.866
SPIN 3 14 13 7 2.678 5.274 0.100
SPIN 3 14 13 8 -4.444 -3.801 -0.897
SPIN 3 14 13 9 -0.916 2.141 5.438
SPIN 3 14 13 10 1.298 0.485 -5.752
SPIN 3 14 13 11 5.075 -2.819 1.141
SPIN 3 14 13 12 -0.627 5.313 -2.525
SPIN 3 14 13 13 -2.484 -5.161 1.481
SPIN 3 14 13 14 2.400 -0.573 -5.377
SPIN 3 14 13 15 1.522 -5.571 -1.285
SPIN 2 14 13 0 -5.166 -2.671 1.084
SPIN 2 14 13 1 1.365 1.040 -5.662
SPIN 2 14 13 2 -2.618 -1.556 5.072
SPIN 2 14 13 3 -4.841 3.400 0.093
SPIN 2 14 13 4 -5.304 -2.587 0.421
SPIN 2 14 13 5 -0.933 -2.500 5.280
SPIN 2 14 13 6 -2.999 -1.941 -4.715
SPIN 2 14 13 7 1.747 -4.000 -3.993
SPIN 2 14 13 8 -0.542 -2.585 -5.294
SPIN 2 14 13 9 5.052 2.992 -0.720
SPIN 2 14 13 10 4.666 3.112 1.884
SPIN 2 14 13 11 -3.904 -0.605 -4.404
SPIN 2 14 13 12 3.789 -1.756 4.190
SPIN 2 14 13 13 4.776 3.467 -0.409
SPIN 2 14 13 14 5.121 2.954 0.227
SPIN 2 14 13 15 5.263 2.052 1.759
SPIN 3 14 14 0 -5.840 0.899 0.285
SPIN 3 14 14 1 1.494 -5.474 -1.675
SPIN 3 14 14 2 -1.341 2.725 5.077
SPIN 3 14 14 3 -0.749 5.155 2.804
SPIN 3 14 14 4 -4.470 3.812 -0.698
SPIN 3 14 14 5 3.239 -4.007 -2.907
SPIN 3 14 14 6 -1.437 2.044 -5.363
SPIN 3 14 14 7 -0.860 1.377 5.689
SPIN 3 14 14 8 4.876 3.276 -0.702
SPIN 3 14 14 9 -3.433 -2.888 3.856
SPIN 3 14 14 10 1.730 2.175 5.223
SPIN 3 14 14 11 4.971 0.132 -3.205
SPIN 3 14 14 12 -2.690 3.871 -3.575
SPIN 3 14 14 13 5.534 1.418 1.539
SPIN 3 14 14 14 0.213 1.854 -5.614
SPIN 3 14 14 15 -3.780 3.892 -2.359
SPIN 2 14 14 0 2.528 5.094 -1.633
SPIN 2 14 14 1 2.787 4.802 2.042
SPIN 2 14 14 2 -4.139 -1.912 -3.770
SPIN 2 14 14 3 -5.117 2.054 -2.143
SPIN 2 14 14 4 2.191 -5.494 0.100
SPIN 2 14 14 5 -4.331 -3.824 -1.273
SPIN 2 14 14 6 -5.676 1.437 -0.846
SPIN 2 14 14 7 0.917 1.386 5.678
SPIN 2 14 14 8 -4.157 -3.330 2.575
SPIN 2 14 14 9 -5.111 -2.889 -0.727
SPIN 2 14 14 10 5.508 -2.116 0.435
SPIN 2 14 14 11 3.521 -4.243 -2.144
SPIN 2 14 14 12 2.423 0.287 -5.390
SPIN 2 14 14 13 -2.326 3.078 -4.485
SPIN 2 14 14 14 -1.071 -5.816 0.144
SPIN 2 14 14 15 2.208 -5.439 -0.735
SPIN 3 14 15 0 -1.714 -4.744 3.091
SPIN 3 14 15 1 -1.479 -1.824 5.430
SPIN 3 14 15 2 4.965 -2.870 1.455
SPIN 3 14 15 3 2.785 -3.739 -3.642
SPIN 3 14 15 4 2.860 2.643 -4.454
SPIN 3 14 15 5 4.166 4.146 0.678
SPIN 3 14 15 6 4.358 -2.398 3.203
SPIN 3 14 15 7 4.323 -0.157 -4.036
SPIN 3 14 15 8 -5.011 -3.123 -0.373
SPIN 3 14 15 9 2.498 3.273 -4.248
SPIN 3 14 15 10 -2.925 3.853 -3.406
SPIN 3 14 15 11 0.634 -3.395 4.803
SPIN 3 14 15 12 -4.848 3.315 -0.708
SPIN 3 14 15 13 4.399 0.223 3.949
SPIN 3 14 15 14 -2.740 4.832 2.036
SPIN 3 14 15 15 -0.527 4.042 -4.288
SPIN 2 14 15 0 -5.503 2.172 0.001
SPIN 2 14 15 1 4.021 0.904 4.244
SPIN 2 14 15 2 -4.711 -2.342 2.706
SPIN 2 14 15 3 3.713 0.514 -4.577
SPIN 2 14 15 4 -1.987 -4.914 2.628
SPIN 2 14 15 5 3.784 4.112 -1.941
SPIN 2 14 15 6 -0.919 3.007 -5.011
SPIN 2 14 15 7 -5.670 1.369 -0.987
SPIN 2 14 15 8 3.371 -0.258 -4.855
SPIN 2 14 15 9 3.136 4.986 0.548
SPIN 2 14 15 10 -2.099 -5.509 -0.489
SPIN 2 14 15 11 -0.536 4.150 4.182
SPIN 2 14 15 12 -2.160 -3.993 -3.794
SPIN 2 14 15 13 2.591 4.178 3.291
SPIN 2 14 15 14 -2.062 -3.150 4.563
SPIN 2 14 15 15 1.565 0.349 -5.695
SPIN 1 15 0 0 -5.331 1.346 -2.185
SPIN 1 15 0 1 0.596 -2.638 -5.262
SPIN 1 15 0 2 2.163 4.346 3.381
SPIN 1 15 0 3 -1.760 -5.479 -1.373
SPIN 1 15 0 4 -5.866 0.510 0.573
SPIN 1 15 0 5 -2.492 0.595 5.333
SPIN 1 15 0 6 1.104 1.848 5.511
SPIN 1 15 0 7 0.611 -2.699 5.229
SPIN 1 15 0 8 -0.378 -4.731 3.531
SPIN 1 15 0 9 -3.767 -4.494 -0.779
SPIN 1 15 0 10 -1.893 3.665 -4.241
SPIN 1 15 0 11 4.584 -1.005 3.602
SPIN 1 15 0 12 -5.074 -3.002 -0.492
SPIN 1 15 0 13 3.253 2.347 4.349
SPIN 1 15 0 14 -2.721 2.567 4.583
SPIN 1 15 0 15 2.923 2.323 -4.589
SPIN 4 15 0 0 -1.803 -3.666 4.279
SPIN 4 15 0 1 -5.100 -2.943 0.573
SPIN 4 15 0 2 3.929 1.531 -4.150
SPIN 4 15 0 3 -4.066 3.581 2.376
SPIN 4 15 0 4 -2.266 -3.162 4.457
SPIN 4 15 0 5 -0.369 1.881 -5.597
SPIN 4 15 0 6 -0.456 -4.791 3.441
SPIN 4 15 0 7 -2.009 3.547 -4.287
SPIN 4 15 0 8 -4.733 2.311 -2.694
SPIN 4 15 0 9 5.422 -0.865 -2.203
SPIN 4 15 0 10 3.802 4.526 -0.253
SPIN 4 15 0 11 -1.544 -1.393 -5.539
SPIN 4 15 0 12 -3.920 -0.031 -4.431
SPIN 4 15 0 13 -5.888 0.128 -0.562
SPIN 4 15 0 14 -3.870 -1.204 -4.309
SPIN 4 15 0 15 3.241 4.948 0.108
SPIN 1 15 1 0 -0.547 -5.864 -0.561
SPIN 1 15 1 1 -0.258 -3.279 4.917
SPIN 1 15 1 2 -2.981 1.996 4.704
SPIN 1 15 1 3 4.199 -0.901 4.069
SPIN 1 15 1 4 0.118 5.896 0.473
SPIN 1 15 1 5 -2.356 1.200 5.292
SPIN 1 15 1 6 0.904 3.932 4.327
SPIN 1 15 1 7 4.227 -2.692 3.144
SPIN 1 15 1 8 -2.936 2.622 -4.416
SPIN 1 15 1 9 1.214 -0.873 5.724
SPIN 1 15 1 10 5.243 1.905 1.970
SPIN 1 15 1 11 -5.600 -0.928 1.668
SPIN 1 15 1 12 2.618 -2.531 -4.662
SPIN 1 15 1 13 -2.196 -1.733 -5.213
SPIN 1 15 1 14 -5.548 -0.091 -2.052
SPIN 1 15 1 15 5.418 -2.344 -0.393
SPIN 4 15 1 0 -2.604 2.376 -4.751
SPIN 4 15 1 1 5.058 3.013 0.578
SPIN 4 15 1 2 -1.299 2.274 5.305
SPIN 4 15 1 3 -1.452 4.209 -3.896
SPIN 4 15 1 4 1.737 -3.314 -4.582
SPIN 4 15 1 5 5.102 1.873 -2.336
SPIN 4 15 1 6 0.113 4.946 3.243
SPIN 4 15 1 7 -1.509 -4.655 -3.325
SPIN 4 15 1 8 -1.877 -2.477 -5.034
SPIN 4 15 1 9 -5.489 -1.011 -1.962
SPIN 4 15 1 10 4.010 4.164 -1.257
SPIN 4 15 1 11 4.485 -0.373 -3.840
SPIN 4 15 1 12 -1.991 3.176 4.577
SPIN 4 15 1 13 3.699 -2.148 4.087
SPIN 4 15 1 14 0.337 4.740 3.524
SPIN 4 15 1 15 -3.868 2.059 3.975
SPIN 1 15 2 0 -2.590 4.728 2.437
SPIN 1 15 2 1 1.085 -2.782 5.107
SPIN 1 15 2 2 4.221 -2.811 3.046
SPIN 1 15 2 3 -5.193 2.834 0.022
SPIN 1 15 2 4 0.602 -5.884 -0.139
SPIN 1 15 2 5 -0.502 5.890 0.234
SPIN 1 15 2 6 1.749 -5.640 -0.357
SPIN 1 15 2 7 2.024 3.330 4.452
SPIN 1 15 2 8 4.104 -1.407 4.022
SPIN 1 15 2 9 -4.423 -1.459 3.647
SPIN 1 15 2 10 -3.514 -3.307 3.423
SPIN 1 15 2 11 1.459 -2.158 -5.312
SPIN 1 15 2 12 0.690 -5.541 1.954
SPIN 1 15 2 13 1.687 5.325 1.949
SPIN 1 15 2 14 -0.971 2.414 5.313
SPIN 1 15 2 15 1.499 3.029 4.856
SPIN 4 15 2 0 0.153 0.437 5.898
SPIN 4 15 2 1 1.831 1.592 -5.396
SPIN 4 15 2 2 -0.626 -5.870 0.395
SPIN 4 15 2 3 4.641 -3.120 -1.931
SPIN 4 15 2 4 -4.163 -1.925 3.737
SPIN 4 15 2 5 -2.807 5.166 0.659
SPIN 4 15 2 6 3.876 -4.271 -1.317
SPIN 4 15 2 7 -5.341 -1.262 -2.210
SPIN 4 15 2 8 -2.554 3.615 -3.925
SPIN 4 15 2 9 -0.511 -5.480 -2.169
SPIN 4 15 2 10 4.301 -4.042 -0.414
SPIN 4 15 2 11 -5.717 -1.197 -0.939
SPIN 4 15 2 12 -5.483 0.525 -2.159
SPIN 4 15 2 13 -3.343 -2.231 -4.341
SPIN 4 15 2 14 3.889 1.086 -4.324
SPIN 4 15 2 15 -4.795 -3.205 -1.320
SPIN 1 15 3 0 5.103 -0.777 2.891
SPIN 1 15 3 1 5.489 -2.146 -0.515
SPIN 1 15 3 2 -4.270 3.405 2.274
SPIN 1 15 3 3 0.341 -5.901 -0.244
SPIN 1 15 3 4 0.305 5.436 2.314
SPIN 1 15 3 5 -2.416 -4.887 -2.298
SPIN 1 15 3 6 -0.250 5.901 0.338
SPIN 1 15 3 7 -4.786 -0.903 -3.359
SPIN 1 15 3 8 -3.662 2.695 3.786
SPIN 1 15 3 9 3.615 1.989 -4.240
SPIN 1 15 3 10 3.349 4.808 0.818
SPIN 1 15 3 11 -3.939 -2.162 -3.848
SPIN 1 15 3 12 -1.911 2.242 5.131
SPIN 1 15 3 13 -4.294 -3.416 2.212
SPIN 1 15 3 14 -1.238 3.091 -4.890
SPIN 1 15 3 15 -4.483 2.027 3.285
SPIN 4 15 3 0 1.257 -5.706 -0.928
SPIN 4 15 3 1 4.432 1.367 -3.673
SPIN 4 15 3 2 1.874 -3.321 -4.524
SPIN 4 15 3 3 -2.608 1.716 5.025
SPIN 4 15 3 4 3.512 4.546 1.412
SPIN 4 15 3 5 -1.582 -4.703 -3.222
SPIN 4 15 3 6 0.015 1.236 -5.785
SPIN 4 15 3 7 2.631 -4.014 3.460
SPIN 4 15 3 8 -5.404 -0.245 2.395
SPIN 4 15 3 9 1.940 -3.615 4.262
SPIN 4 15 3 10 -3.877 4.417 -0.677
SPIN 4 15 3 11 -1.961 2.850 -4.799
SPIN 4 15 3 12 5.849 -0.877 -0.160
SPIN 4 15 3 13 4.892 -0.522 3.285
SPIN 4 15 3 14 4.124 2.036 3.721
SPIN 4 15 3 15 -0.690 1.623 5.647
SPIN 1 15 4 0 1.649 5.477 1.512
SPIN 1 15 4 1 -4.117 -3.888 1.712
SPIN 1 15 4 2 -5.040 1.484 2.721
SPIN 1 15 4 3 -0.087 -1.744 -5.653
SPIN 1 15 4 4 0.023 -5.784 -1.245
SPIN 1 15 4 5 -1.737 3.105 4.727
SPIN 1 15 4 6 3.550 -1.143 4.592
SPIN 1 15 4 7 0.295 5.363 2.480
SPIN 1 15 4 8 -2.346 -5.360 -0.877
SPIN 1 15 4 9 0.570 5.837 -0.775
SPIN 1 15 4 10 5.303 1.776 -1.929
SPIN 1 15 4 11 2.189 -0.070 5.496
SPIN 1 15 4 12 2.960 -0.029 -5.122
SPIN 1 15 4 13 -2.571 3.594 -3.934
SPIN 1 15 4 14 0.810 -1.978 -5.516
SPIN 1 15 4 15 -0.386 5.861 0.709
SPIN 4 15 4 0 2.979 5.077 -0.589
SPIN 4 15 4 1 3.984 -3.357 -2.804
SPIN 4 15 4 2 -3.323 1.649 4.608
SPIN 4 15 4 3 1.512 -2.743 -5.019
SPIN 4 15 4 4 -5.321 -0.514 -2.534
SPIN 4 15 4 5 1.019 -2.452 -5.287
SPIN 4 15 4 6 2.837 -4.040 3.261
SPIN 4 15 4 7 1.931 -0.349 -5.581
SPIN 4 15 4 8 2.508 5.101 -1.639
SPIN 4 15 4 9 -2.693 0.015 5.268
SPIN 4 15 4 10 5.630 -1.800 -0.245
SPIN 4 15 4 11 -5.089 1.409 2.667
SPIN 4 15 4 12 5.360 -2.505 0.011
SPIN 4 15 4 13 -5.607 1.852 -0.369
SPIN 4 15 4 14 -0.580 5.557 1.944
SPIN 4 15 4 15 -1.689 1.690 -5.412
SPIN 1 15 5 0 2.060 -4.785 2.803
SPIN 1 15 5 1 -5.671 1.500 0.768
SPIN 1 15 5 2 -0.274 3.844 -4.489
SPIN 1 15 5 3 2.673 -0.545 5.250
SPIN 1 15 5 4 4.362 2.787 -2.865
SPIN 1 15 5 5 5.572 1.325 -1.481
SPIN 1 15 5 6 -0.150 4.644 3.662
SPIN 1 15 5 7 5.250 -0.777 2.614
SPIN 1 15 5 8 -0.129 0.985 -5.832
SPIN 1 15 5 9 -0.720 -5.872 -0.010
SPIN 1 15 5 10 -4.613 2.002 -3.116
SPIN 1 15 5 11 -1.966 -4.712 2.989
SPIN 1 15 5 12 -0.264 5.895 -0.425
SPIN 1 15 5 13 4.890 3.305 -0.401
SPIN 1 15 5 14 -4.848 -2.321 -2.473
SPIN 1 15 5 15 -0.045 -4.254 4.111
SPIN 4 15 5 0 -0.105 -5.123 2.957
SPIN 4 15 5 1 4.442 -3.521 -1.693
SPIN 4 15 5 2 -1.886 4.800 -2.898
SPIN 4 15 5 3 -4.194 -4.162 -0.297
SPIN 4 15 5 4 1.910 -0.355 5.588
SPIN 4 15 5 5 -2.427 0.164 -5.393
SPIN 4 15 5 6 -4.706 3.306 -1.387
SPIN 4 15 5 7 -1.839 5.610 0.381
SPIN 4 15 5 8 4.871 0.081 3.357
SPIN 4 15 5 9 -1.850 0.198 -5.616
SPIN 4 15 5 10 4.607 -2.374 -2.854
SPIN 4 15 5 11 5.613 -1.700 -0.780
SPIN 4 15 5 12 3.033 0.307 -5.070
SPIN 4 15 5 13 -2.968 2.325 -4.559
SPIN 4 15 5 14 1.942 3.925 -3.978
SPIN 4 15 5 15 -2.591 -2.920 -4.445
SPIN 1 15 6 0 5.651 0.901 -1.500
SPIN 1 15 6 1 5.308 2.598 0.281
SPIN 1 15 6 2 -0.806 -1.376 5.697
SPIN 1 15 6 3 3.667 -3.753 -2.732
SPIN 1 15 6 4 4.094 0.420 4.250
SPIN 1 15 6 5 -3.565 -1.762 -4.380
SPIN 1 15 6 6 1.490 2.245 5.267
SPIN 1 15 6 7 -3.486 2.122 -4.283
SPIN 1 15 6 8 5.692 0.018 -1.613
SPIN 1 15 6 9 -1.669 -0.230 5.671
SPIN 1 15 6 10 -0.575 -5.799 1.022
SPIN 1 15 6 11 2.899 3.555 3.736
SPIN 1 15 6 12 -3.505 4.585 1.300
SPIN 1 15 6 13 5.770 -1.306 0.037
SPIN 1 15 6 14 2.949 -0.513 5.103
SPIN 1 15 6 15 -0.484 1.095 5.794
SPIN 4 15 6 0 4.599 -1.586 -3.367
SPIN 4 15 6 1 -3.145 -1.194 4.866
SPIN 4 15 6 2 0.014 -4.283 -4.081
SPIN 4 15 6 3 4.030 -2.753 3.344
SPIN 4 15 6 4 0.058 -4.347 -4.012
SPIN 4 15 6 5 1.523 4.153 3.928
SPIN 4 15 6 6 0.155 -3.887 4.457
SPIN 4 15 6 7 2.750 2.401 -4.656
SPIN 4 15 6 8 -3.961 -3.256 2.951
SPIN 4 15 6 9 -1.375 4.509 3.575
SPIN 4 15 6 10 4.315 1.054 3.908
SPIN 4 15 6 11 -2.809 4.931 -1.670
SPIN 4 15 6 12 5.882 -0.615 0.156
SPIN 4 15 6 13 -5.531 -1.563 1.400
SPIN 4 15 6 14 5.209 -2.662 0.880
SPIN 4 15 6 15 1.004 -5.464 2.035
SPIN 1 15 7 0 0.539 5.891 -0.036
SPIN 1 15 7 1 -3.306 -2.574 -4.177
SPIN 1 15 7 2 4.692 1.451 -3.298
SPIN 1 15 7 3 5.611 1.846 0.331
SPIN 1 15 7 4 -3.155 -3.632 -3.443
SPIN 1 15 7 5 2.436 4.756 -2.538
SPIN 1 15 7 6 -4.535 3.746 0.631
SPIN 1 15 7 7 -0.047 -4.129 4.236
SPIN 1 15 7 8 0.313 3.010 5.083
SPIN 1 15 7 9 1.861 -5.548 -0.868
SPIN 1 15 7 10 3.399 4.039 2.671
SPIN 1 15 7 11 -4.114 -0.545 -4.216
SPIN 1 15 7 12 0.061 -0.530 -5.892
SPIN 1 15 7 13 2.298 -4.298 -3.353
SPIN 1 15 7 14 0.633 0.575 5.854
SPIN 1 15 7 15 -1.908 -2.365 5.076
SPIN 4 15 7 0 2.784 0.783 5.161
SPIN 4 15 7 1 -0.583 -4.580 -3.700
SPIN 4 15 7 2 -2.228 3.437 4.269
SPIN 4 15 7 3 -5.826 0.821 -0.616
SPIN 4 15 7 4 1.320 1.039 5.673
SPIN 4 15 7 5 2.060 -5.538 -0.291
SPIN 4 15 7 6 -5.596 1.807 0.647
SPIN 4 15 7 7 4.218 -0.186 -4.144
SPIN 4 15 7 8 -4.777 -2.031 -2.838
SPIN 4 15 7 9 4.471 -2.763 2.716
SPIN 4 15 7 10 -1.302 0.223 -5.767
SPIN 4 15 7 11 4.073 -0.198 -4.286
SPIN 4 15 7 12 -5.588 0.351 -1.909
SPIN 4 15 7 13 -5.372 -0.569 -2.411
SPIN 4 15 7 14 1.789 -4.792 -2.973
SPIN 4 15 7 15 0.403 5.862 0.686
SPIN 1 15 8 0 3.054 4.884 1.350
SPIN 1 15 8 1 -0.243 5.644 1.758
SPIN 1 15 8 2 -5.826 -0.962 0.363
SPIN 1 15 8 3 2.530 0.454 5.329
SPIN 1 15 8 4 5.809 1.105 0.195
SPIN 1 15 8 5 -5.498 -1.013 1.935
SPIN 1 15 8 6 4.606 2.794 2.444
SPIN 1 15 8 7 -3.435 3.657 -3.136
SPIN 1 15 8 8 -5.355 -2.303 -1.010
SPIN 1 15 8 9 5.684 1.490 -0.689
SPIN 1 15 8 10 -2.167 -4.795 -2.704
SPIN 1 15 8 11 -0.303 -4.165 4.191
SPIN 1 15 8 12 -4.503 -2.399 2.994
SPIN 1 15 8 13 -1.086 -1.634 5.581
SPIN 1 15 8 14 3.677 -0.682 4.584
SPIN 1 15 8 15 -2.650 -5.129 1.295
SPIN 4 15 8 0 -2.621 0.236 -5.299
SPIN 4 15 8 1 -3.918 -3.847 2.202
SPIN 4 15 8 2 4.401 1.233 -3.757
SPIN 4 15 8 3 0.609 4.336 -3.978
SPIN 4 15 8 4 2.661 -1.153 5.156
SPIN 4 15 8 5 -5.058 -0.572 -3.015
SPIN 4 15 8 6 4.552 -3.777 -0.116
SPIN 4 15 8 7 -3.943 3.074 -3.163
SPIN 4 15 8 8 5.530 -1.868 0.963
SPIN 4 15 8 9 -4.761 2.794 2.126
SPIN 4 15 8 10 1.319 -0.728 5.721
SPIN 4 15 8 11 0.920 5.796 -0.749
SPIN 4 15 8 12 5.475 0.325 2.217
SPIN 4 15 8 13 -5.006 -1.041 -2.976
SPIN 4 15 8 14 -1.157 5.346 -2.254
SPIN 4 15 8 15 1.157 -4.789 3.275
SPIN 1 15 9 0 -3.511 -3.627 3.084
SPIN 1 15 9 1 -0.446 1.390 -5.733
SPIN 1 15 9 2 -0.974 5.811 0.527
SPIN 1 15 9 3 -2.844 -5.155 -0.583
SPIN 1 15 9 4 -4.452 2.860 -2.646
SPIN 1 15 9 5 5.803 0.633 0.961
SPIN 1 15 9 6 1.715 4.309 3.673
SPIN 1 15 9 7 -4.562 -3.011 -2.264
SPIN 1 15 9 8 4.901 -2.284 -2.400
SPIN 1 15 9 9 -1.634 -3.114 -4.757
SPIN 1 15 9 10 4.252 3.912 -1.269
SPIN 1 15 9 11 1.404 5.428 -1.889
SPIN 1 15 9 12 2.081 -5.244 -1.780
SPIN 1 15 9 13 -5.553 -1.958 -0.573
SPIN 1 15 9 14 -4.095 -2.712 3.297
SPIN 1 15 9 15 4.167 3.679 2.025
SPIN 4 15 9 0 -1.366 -2.645 5.113
SPIN 4 15 9 1 3.986 3.935 1.904
SPIN 4 15 9 2 -2.475 -4.567 -2.832
SPIN 4 15 9 3 -0.830 1.656 5.619
SPIN 4 15 9 4 3.393 4.776 -0.822
SPIN 4 15 9 5 0.508 -5.893 0.125
SPIN 4 15 9 6 -4.447 2.509 -2.988
SPIN 4 15 9 7 4.513 -0.567 3.783
SPIN 4 15 9 8 -4.743 -1.291 -3.291
SPIN 4 15 9 9 2.029 4.101 3.751
SPIN 4 15 9 10 5.638 1.633 -0.739
SPIN 4 15 9 11 -5.733 -0.130 1.453
SPIN 4 15 9 12 -0.186 2.044 -5.549
SPIN 4 15 9 13 4.536 0.756 3.722
SPIN 4 15 9 14 -2.759 -3.474 -3.914
SPIN 4 15 9 15 2.980 4.087 -3.068
SPIN 1 15 10 0 2.369 5.389 -0.592
SPIN 1 15 10 1 1.132 3.152 -4.876
SPIN 1 15 10 2 2.712 -5.212 0.691
SPIN 1 15 10 3 -2.846 4.653 2.290
SPIN 1 15 10 4 -2.763 5.211 0.464
SPIN 1 15 10 5 -0.681 0.800 5.822
SPIN 1 15 10 6 2.812 3.715 -3.645
SPIN 1 15 10 7 5.185 2.716 0.859
SPIN 1 15 10 8 -5.634 -1.735 0.497
SPIN 1 15 10 9 -0.289 4.956 -3.218
SPIN 1 15 10 10 3.811 3.801 -2.456
SPIN 1 15 10 11 1.026 1.885 5.513
SPIN 1 15 10 12 -1.089 -5.401 2.154
SPIN 1 15 10 13 -0.278 -4.989 -3.167
SPIN 1 15 10 14 1.622 3.679 -4.340
SPIN 1 15 10 15 -3.502 -4.725 0.641
SPIN 4 15 10 0 -4.059 -4.022 -1.531
SPIN 4 15 10 1 -2.643 -3.474 3.993
SPIN 4 15 10 2 5.279 1.613 2.129
SPIN 4 15 10 3 -5.371 -0.190 -2.473
SPIN 4 15 10 4 -1.981 -2.833 4.801
SPIN 4 15 10 5 -4.182 4.042 1.083
SPIN 4 15 10 6 3.779 -1.174 -4.398
SPIN 4 15 10 7 -4.651 -3.633 0.412
SPIN 4 15 10 8 2.222 0.203 -5.479
SPIN 4 15 10 9 -5.270 -2.587 -0.727
SPIN 4 15 10 10 -4.062 -1.850 -3.883
SPIN 4 15 10 11 -2.064 -4.046 3.791
SPIN 4 15 10 12 5.898 0.462 -0.048
SPIN 4 15 10 13 -0.453 5.414 2.341
SPIN 4 15 10 14 0.564 5.623 -1.751
SPIN 4 15 10 15 -1.717 -4.549 3.370
SPIN 1 15 11 0 5.697 -1.567 -0.303
SPIN 1 15 11 1 -1.559 4.612 -3.362
SPIN 1 15 11 2 3.257 2.454 4.286
SPIN 1 15 11 3 4.723 -2.088 -2.886
SPIN 1 15 11 4 2.265 2.669 -4.770
SPIN 1 15 11 5 1.351 -5.751 0.314
SPIN 1 15 11 6 -4.818 2.952 1.752
SPIN 1 15 11 7 -4.519 -2.445 -2.933
SPIN 1 15 11 8 1.411 3.201 4.771
SPIN 1 15 11 9 1.644 2.206 5.237
SPIN 1 15 11 10 -4.946 -2.580 -1.970
SPIN 1 15 11 11 2.585 5.098 -1.526
SPIN 1 15 11 12 -3.459 -4.636 -1.243
SPIN 1 15 11 13 2.392 3.828 3.825
SPIN 1 15 11 14 2.593 3.208 4.241
SPIN 1 15 11 15 1.921 -5.521 0.908
SPIN 4 15 11 0 2.573 5.267 0.798
SPIN 4 15 11 1 -1.154 -3.805 -4.380
SPIN 4 15 11 2 1.766 -5.289 -1.978
SPIN 4 15 11 3 -2.793 -2.438 -4.611
SPIN 4 15 11 4 2.113 1.581 -5.295
SPIN 4 15 11 5 5.056 1.945 2.378
SPIN 4 15 11 6 3.867 -4.169 1.634
SPIN 4 15 11 7 1.858 -3.179 -4.630
SPIN 4 15 11 8 0.424 -5.314 -2.565
SPIN 4 15 11 9 1.675 -4.827 2.983
SPIN 4 15 11 10 1.899 0.934 5.525
SPIN 4 15 11 11 -1.009 0.935 -5.754
SPIN 4 15 11 12 -2.505 -3.792 -3.788
SPIN 4 15 11 13 -3.803 -4.499 0.539
SPIN 4 15 11 14 -3.633 -3.032 -3.551
SPIN 4 15 11 15 -2.880 -5.033 1.173
SPIN 1 15 12 0 -2.540 -2.860 -4.513
SPIN 1 15 12 1 2.240 -3.980 3.761
SPIN 1 15 12 2 4.268 3.728 -1.699
SPIN 1 15 12 3 -5.694 0.792 -1.397
SPIN 1 15 12 4 -0.545 4.869 -3.316
SPIN 1 15 12 5 0.401 4.721 3.543
SPIN 1 15 12 6 2.631 -4.643 -2.553
SPIN 1 15 12 7 0.366 5.182 2.832
SPIN 1 15 12 8 2.447 -5.383 -0.192
SPIN 1 15 12 9 0.008 5.221 -2.783
SPIN 1 15 12 10 -1.209 -5.638 -1.323
SPIN 1 15 12 11 3.583 1.879 4.317
SPIN 1 15 12 12 1.917 -5.510 -0.982
SPIN 1 15 12 13 -4.887 -3.180 1.001
SPIN 1 15 12 14 -5.017 2.162 -2.271
SPIN 1 15 12 15 5.382 1.303 2.081
SPIN 4 15 12 0 -0.323 4.973 3.188
SPIN 4 15 12 1 -5.115 0.393 2.946
SPIN 4 15 12 2 -4.992 3.160 0.312
SPIN 4 15 12 3 5.012 -2.567 1.815
SPIN 4 15 12 4 3.967 -2.385 3.684
SPIN 4 15 12 5 3.163 2.158 -4.510
SPIN 4 15 12 6 -5.758 -1.336 0.249
SPIN 4 15 12 7 5.884 -0.610 -0.065
SPIN 4 15 12 8 -2.314 -5.312 1.196
SPIN 4 15 12 9 1.785 -4.759 3.028
SPIN 4 15 12 10 -5.904 0.375 -0.032
SPIN 4 15 12 11 4.889 2.336 -2.375
SPIN 4 15 12 12 1.537 5.008 -2.749
SPIN 4 15 12 13 -0.778 5.102 -2.893
SPIN 4 15 12 14 1.047 -3.480 4.668
SPIN 4 15 12 15 -0.233 0.530 -5.888
SPIN 1 15 13 0 4.989 1.507 2.800
SPIN 1 15 13 1 -0.002 -2.438 -5.390
SPIN 1 15 13 2 5.849 -0.886 -0.056
SPIN 1 15 13 3 -1.693 3.358 -4.567
SPIN 1 15 13 4 -5.104 -1.606 2.524
SPIN 1 15 13 5 4.477 -0.794 -3.785
SPIN 1 15 13 6 -4.374 2.849 2.783
SPIN 1 15 13 7 2.570 5.212 -1.108
SPIN 1 15 13 8 -4.268 1.873 3.644
SPIN 1 15 13 9 2.575 -4.286 -3.163
SPIN 1 15 13 10 1.988 5.144 2.141
SPIN 1 15 13 11 -2.921 -4.213 2.953
SPIN 1 15 13 12 0.150 -3.670 4.638
SPIN 1 15 13 13 -1.914 1.989 5.233
SPIN 1 15 13 14 4.214 -3.356 2.446
SPIN 1 15 13 15 -2.778 3.287 -4.060
SPIN 4 15 13 0 -4.661 -3.105 -1.907
SPIN 4 15 13 1 0.515 -1.887 -5.583
SPIN 4 15 13 2 2.607 -0.141 5.309
SPIN 4 15 13 3 3.456 0.016 -4.802
SPIN 4 15 13 4 4.417 -3.515 -1.770
SPIN 4 15 13 5 2.870 4.761 2.023
SPIN 4 15 13 6 5.421 0.823 -2.222
SPIN 4 15 13 7 -5.026 1.631 2.660
SPIN 4 15 13 8 -5.633 1.766 0.379
SPIN 4 15 13 9 1.921 -4.445 -3.398
SPIN 4 15 13 10 -3.153 2.458 4.361
SPIN 4 15 13 11 -2.727 0.382 5.236
SPIN 4 15 13 12 -4.229 -1.163 3.970
SPIN 4 15 13 13 3.318 -0.955 -4.804
SPIN 4 15 13 14 2.639 2.466 -4.686
SPIN 4 15 13 15 -0.609 -1.492 5.692
SPIN 1 15 14 0 1.778 -1.461 5.450
SPIN 1 15 14 1 -0.594 3.613 4.647
SPIN 1 15 14 2 -0.570 1.227 -5.759
SPIN 1 15 14 3 3.775 -4.523 -0.537
SPIN 1 15 14 4 5.165 2.799 0.701
SPIN 1 15 14 5 -2.318 0.848 5.377
SPIN 1 15 14 6 -1.319 -3.105 -4.860
SPIN 1 15 14 7 -4.032 2.488 -3.543
SPIN 1 15 14 8 2.572 1.642 5.069
SPIN 1 15 14 9 -4.050 -0.446 -4.289
SPIN 1 15 14 10 0.635 0.965 5.802
SPIN 1 15 14 11 -5.389 -1.785 -1.664
SPIN 1 15 14 12 -0.166 2.852 5.180
SPIN 1 15 14 13 0.632 3.521 4.712
SPIN 1 15 14 14 -3.699 -3.532 -2.974
SPIN 1 15 14 15 0.050 -5.439 2.327
SPIN 4 15 14 0 -1.808 -5.632 0.130
SPIN 4 15 14 1 0.923 -4.984 3.052
SPIN 4 15 14 2 2.798 2.796 4.399
SPIN 4 15 14 3 5.052 3.000 -0.695
SPIN 4 15 14 4 -5.574 0.373 1.947
SPIN 4 15 14 5 -4.538 -3.791 -0.187
SPIN 4 15 14 6 -4.441 -3.746 1.115
SPIN 4 15 14 7 -3.025 3.470 3.716
SPIN 4 15 14 8 5.683 -1.071 1.246
SPIN 4 15 14 9 -0.132 4.748 3.527
SPIN 4 15 14 10 -5.368 1.500 1.983
SPIN 4 15 14 11 -5.066 1.453 -2.688
SPIN 4 15 14 12 -2.997 -4.924 -1.331
SPIN 4 15 14 13 3.155 3.550 -3.527
SPIN 4 15 14 14 -2.151 5.171 1.906
SPIN 4 15 14 15 5.843 0.421 0.828
SPIN 1 15 15 0 2.778 4.228 3.067
SPIN 1 15 15 1 2.636 -4.629 -2.574
SPIN 1 15 15 2 -1.731 -4.196 -3.794
SPIN 1 15 15 3 -1.609 5.086 2.559
SPIN 1 15 15 4 -5.273 -2.404 -1.191
SPIN 1 15 15 5 -1.852 -2.428 -5.067
SPIN 1 15 15 6 3.228 -3.193 3.793
SPIN 1 15 15 7 -2.405 3.509 4.111
SPIN 1 15 15 8 -2.523 3.812 -3.755
SPIN 1 15 15 9 -2.273 4.218 3.470
SPIN 1 15 15 10 -5.111 -2.926 -0.565
SPIN 1 15 15 11 3.874 2.958 -3.353
SPIN 1 15 15 12 3.332 -4.278 -2.365
SPIN 1 15 15 13 -0.660 -5.643 1.651
SPIN 1 15 15 14 -1.738 5.043 -2.558
SPIN 1 15 15 15 -1.209 -4.617 -3.496
SPIN 4 15 15 0 1.468 4.821 3.099
SPIN 4 15 15 1 -5.107 2.570 -1.522
SPIN 4 15 15 2 -3.412 0.284 4.825
SPIN 4 15 15 3 -3.381 4.735 1.071
SPIN 4 15 15 4 5.663 -1.636 0.509
SPIN 4 15 15 5 -4.526 0.287 3.799
SPIN 4 15 15 6 2.136 -0.428 -5.501
SPIN 4 15 15 7 5.880 0.579 -0.292
SPIN 4 15 15 8 -1.609 2.983 4.849
SPIN 4 15 15 9 3.429 0.612 -4.782
SPIN 4 15 15 10 5.280 2.625 0.476
SPIN 4 15 15 11 5.494 1.574 1.531
SPIN 4 15 15 12 -2.882 4.168 3.054
SPIN 4 15 15 13 0.992 4.206 -4.041
SPIN 4 15 15 14 -1.834 -5.601 0.513
SPIN 4 15 15 15 -1.789 4.809 2.945
SPIN 3 15 0 0 -2.956 -0.553 -5.095
SPIN 3 15 0 1 2.234 3.195 4.450
SPIN 3 15 0 2 -1.953 5.583 -0.134
SPIN 3 15 0 3 1.475 -2.122 5.322
SPIN 3 15 0 4 2.540 -3.698 -3.856
SPIN 3 15 0 5 5.607 -0.586 1.793
SPIN 3 15 0 6 4.592 -2.294 -2.941
SPIN 3 15 0 7 1.027 -5.105 -2.807
SPIN 3 15 0 8 1.630 4.962 -2.780
SPIN 3 15 0 9 1.134 1.816 5.515
SPIN 3 15 0 10 2.060 -5.545 0.087
SPIN 3 15 0 11 1.304 -4.131 4.029
SPIN 3 15 0 12 -5.093 -1.165 -2.775
SPIN 3 15 0 13 2.689 2.513 4.632
SPIN 3 15 0 14 -5.347 2.371 0.886
SPIN 3 15 0 15 -3.781 -2.384 -3.876
SPIN 2 15 0 0 0.977 -1.473 5.646
SPIN 2 15 0 1 0.235 5.770 -1.283
SPIN 2 15 0 2 -0.812 0.064 5.860
SPIN 2 15 0 3 0.521 -2.615 -5.281
SPIN 2 15 0 4 -1.262 4.388 -3.761
SPIN 2 15 0 5 -3.144 4.830 -1.337
SPIN 2 15 0 6 1.730 -4.476 3.460
SPIN 2 15 0 7 -1.525 4.824 -3.066
SPIN 2 15 0 8 4.352 -3.778 1.337
SPIN 2 15 0 9 3.898 4.429 -0.437
SPIN 2 15 0 10 1.079 -5.792 0.540
SPIN 2 15 0 11 -4.783 2.323 -2.593
SPIN 2 15 0 12 0.289 -1.374 5.747
SPIN 2 15 0 13 -4.595 0.536 -3.688
SPIN 2 15 0 14 2.414 -5.288 1.097
SPIN 2 15 0 15 -3.088 -2.760 -4.225
SPIN 3 15 1 0 -4.917 -3.029 -1.284
SPIN 3 15 1 1 2.367 5.416 -0.244
SPIN 3 15 1 2 -4.202 -4.109 0.679
SPIN 3 15 1 3 -1.693 -2.371 5.149
SPIN 3 15 1 4 4.254 -1.882 -3.655
SPIN 3 15 1 5 2.937 4.431 2.597
SPIN 3 15 1 6 -3.510 -0.804 4.694
SPIN 3 15 1 7 -3.971 -4.371 -0.356
SPIN 3 15 1 8 5.583 1.802 0.767
SPIN 3 15 1 9 3.546 -2.076 4.257
SPIN 3 15 1 10 0.003 1.635 -5.686
SPIN 3 15 1 11 1.686 5.228 2.197
SPIN 3 15 1 12 0.311 0.497 5.887
SPIN 3 15 1 13 2.507 0.869 5.288
SPIN 3 15 1 14 3.727 4.590 0.201
SPIN 3 15 1 15 1.859 5.244 2.010
SPIN 2 15 1 0 -1.085 4.583 -3.580
SPIN 2 15 1 1 5.098 -2.988 -0.282
SPIN 2 15 1 2 1.199 5.772 -0.500
SPIN 2 15 1 3 0.674 4.318 3.988
SPIN 2 15 1 4 -2.793 3.908 -3.453
SPIN 2 15 1 5 2.600 0.268 -5.307
SPIN 2 15 1 6 -2.056 0.423 -5.531
SPIN 2 15 1 7 -2.028 5.509 0.730
SPIN 2 15 1 8 -0.072 -4.424 3.927
SPIN 2 15 1 9 0.995 3.641 -4.555
SPIN 2 15 1 10 -2.818 0.091 5.201
SPIN 2 15 1 11 4.462 -2.049 -3.300
SPIN 2 15 1 12 -2.534 0.851 5.278
SPIN 2 15 1 13 -4.750 1.250 -3.298
SPIN 2 15 1 14 -4.641 1.217 -3.461
SPIN 2 15 1 15 3.105 -3.469 -3.651
SPIN 3 15 2 0 0.972 -1.899 -5.518
SPIN 3 15 2 1 -3.723 -3.682 2.754
SPIN 3 15 2 2 4.317 -2.144 3.430
SPIN 3 15 2 3 -5.889 0.164 -0.542
SPIN 3 15 2 4 1.874 -4.202 3.719
SPIN 3 15 2 5 -2.662 -4.579 2.637
SPIN 3 15 2 6 4.880 0.761 3.257
SPIN 3 15 2 7 1.636 -0.457 -5.667
SPIN 3 15 2 8 -3.098 4.298 2.632
SPIN 3 15 2 9 0.768 -4.617 3.618
SPIN 3 15 2 10 -5.068 -2.408 1.874
SPIN 3 15 2 11 0.036 3.477 -4.786
SPIN 3 15 2 12 0.513 -5.510 2.093
SPIN 3 15 2 13 5.901 0.159 0.392
SPIN 3 15 2 14 -1.923 -2.516 4.997
SPIN 3 15 2 15 -3.673 -0.866 4.556
SPIN 2 15 2 0 0.935 -5.652 1.476
SPIN 2 15 2 1 2.054 0.434 -5.531
SPIN 2 15 2 2 4.046 2.552 -3.480
SPIN 2 15 2 3 -1.740 3.885 -4.108
SPIN 2 15 2 4 4.969 2.706 1.730
SPIN 2 15 2 5 5.767 -1.188 0.579
SPIN 2 15 2 6 0.038 5.732 -1.463
SPIN 2 15 2 7 5.308 -2.328 1.185
SPIN 2 15 2 8 -3.716 -3.334 -3.174
SPIN 2 15 2 9 -0.087 3.838 -4.501
SPIN 2 15 2 10 5.522 0.376 -2.089
SPIN 2 15 2 11 -4.204 4.161 -0.108
SPIN 2 15 2 12 0.946 -4.662 -3.518
SPIN 2 15 2 13 -3.331 1.767 4.559
SPIN 2 15 2 14 5.234 -2.091 -1.799
SPIN 2 15 2 15 0.684 -1.561 5.665
SPIN 3 15 3 0 5.021 -0.261 -3.118
SPIN 3 15 3 1 -5.352 0.382 2.492
SPIN 3 15 3 2 1.420 -3.987 4.134
SPIN 3 15 3 3 -2.094 3.280 -4.456
SPIN 3 15 3 4 0.247 3.856 -4.480
SPIN 3 15 3 5 4.813 -3.434 -0.213
SPIN 3 15 3 6 -3.481 -0.261 4.776
SPIN 3 15 3 7 1.633 5.664 -0.504
SPIN 3 15 3 8 0.171 -4.016 4.340
SPIN 3 15 3 9 -1.640 -3.717 -4.300
SPIN 3 15 3 10 -2.525 5.275 0.893
SPIN 3 15 3 11 4.907 1.661 -2.856
SPIN 3 15 3 12 -2.884 3.005 4.202
SPIN 3 15 3 13 -0.563 5.461 -2.205
SPIN 3 15 3 14 3.462 -4.654 -1.165
SPIN 3 15 3 15 -3.268 4.521 -1.970
SPIN 2 15 3 0 3.488 -3.661 3.071
SPIN 2 15 3 1 -1.234 -1.999 -5.430
SPIN 2 15 3 2 0.174 -0.017 5.914
SPIN 2 15 3 3 -4.256 -0.722 -4.046
SPIN 2 15 3 4 2.102 -4.119 3.690
SPIN 2 15 3 5 -5.345 0.333 2.514
SPIN 2 15 3 6 4.949 -0.756 3.152
SPIN 2 15 3 7 -4.630 -2.620 -2.589
SPIN 2 15 3 8 -3.331 2.964 3.889
SPIN 2 15 3 9 1.969 -0.814 5.519
SPIN 2 15 3 10 -2.737 -4.676 -2.376
SPIN 2 15 3 11 3.807 3.051 3.347
SPIN 2 15 3 12 -1.368 5.454 1.839
SPIN 2 15 3 13 -1.727 -3.462 -4.476
SPIN 2 15 3 14 -0.468 -0.713 5.854
SPIN 2 15 3 15 1.613 -5.624 -0.878
SPIN 3 15 4 0 -0.978 -5.369 -2.285
SPIN 3 15 4 1 4.261 0.148 4.101
SPIN 3 15 4 2 -5.662 0.290 -1.690
SPIN 3 15 4 3 5.395 0.042 2.428
SPIN 3 15 4 4 -3.322 4.841 0.726
SPIN 3 15 4 5 4.471 -2.110 3.248
SPIN 3 15 4 6 0.713 1.031 -5.782
SPIN 3 15 4 7 4.419 -3.026 2.514
SPIN 3 15 4 8 2.092 3.958 -3.867
SPIN 3 15 4 9 -4.668 -2.316 2.800
SPIN 3 15 4 10 1.051 5.060 -2.879
SPIN 3 15 4 11 0.521 -1.473 -5.706
SPIN 3 15 4 12 -4.654 -1.823 -3.165
SPIN 3 15 4 13 3.470 -4.324 2.064
SPIN 3 15 4 14 -2.486 -4.252 -3.277
SPIN 3 15 4 15 0.544 0.431 5.875
SPIN 2 15 4 0 4.818 -3.364 -0.682
SPIN 2 15 4 1 -4.384 3.154 2.415
SPIN 2 15 4 2 3.408 4.714 1.077
SPIN 2 15 4 3 0.874 -4.044 4.228
SPIN 2 15 4 4 -0.635 2.217 5.448
SPIN 2 15 4 5 4.967 0.685 3.140
SPIN 2 15 4 6 0.533 5.838 0.796
SPIN 2 15 4 7 1.560 5.688 -0.462
SPIN 2 15 4 8 3.620 -4.532 1.167
SPIN 2 15 4 9 -0.909 -3.869 -4.382
SPIN 2 15 4 10 -5.044 1.124 2.880
SPIN 2 15 4 11 -4.498 -3.837 -0.219
SPIN 2 15 4 12 5.441 1.843 -1.413
SPIN 2 15 4 13 0.214 -0.788 -5.859
SPIN 2 15 4 14 -2.323 -5.104 1.883
SPIN 2 15 4 15 -2.067 4.616 -3.069
SPIN 3 15 5 0 -1.659 4.847 2.958
SPIN 3 15 5 1 -1.571 -5.664 0.668
SPIN 3 15 5 2 3.308 0.153 -4.902
SPIN 3 15 5 3 5.631 -1.437 1.108
SPIN 3 15 5 4 -2.691 -5.250 0.439
SPIN 3 15 5 5 4.798 -0.867 3.351
SPIN 3 15 5 6 -4.097 -1.683 -3.922
SPIN 3 15 5 7 -1.891 -5.462 1.263
SPIN 3 15 5 8 -1.183 4.841 -3.188
SPIN 3 15 5 9 4.004 -3.351 2.782
SPIN 3 15 5 10 -4.972 3.200 0.187
SPIN 3 15 5 11 4.294 -4.011 -0.686
SPIN 3 15 5 12 -2.600 -1.733 5.024
SPIN 3 15 5 13 -0.711 5.842 -0.602
SPIN 3 15 5 14 4.517 -3.819 0.121
SPIN 3 15 5 15 -5.518 1.838 -1.082
SPIN 2 15 5 0 4.608 -2.933 -2.271
SPIN 2 15 5 1 -4.389 -3.181 -2.371
SPIN 2 15 5 2 -1.459 4.164 -3.941
SPIN 2 15 5 3 -4.801 -1.907 -2.883
SPIN 2 15 5 4 -5.859 -0.818 -0.034
SPIN 2 15 5 5 -5.456 -1.814 -1.394
SPIN 2 15 5 6 -2.418 -3.854 -3.782
SPIN 2 15 5 7 5.781 -0.555 1.129
SPIN 2 15 5 8 4.876 -2.620 -2.087
SPIN 2 15 5 9 -0.090 -5.169 -2.876
SPIN 2 15 5 10 2.054 -5.542 -0.251
SPIN 2 15 5 11 -5.539 2.038 0.408
SPIN 2 15 5 12 1.137 -4.066 -4.144
SPIN 2 15 5 13 -0.057 5.022 3.126
SPIN 2 15 5 14 3.538 -4.738 0.197
SPIN 2 15 5 15 -3.949 0.369 4.389
SPIN 3 15 6 0 -0.327 -5.068 3.034
SPIN 3 15 6 1 -3.624 3.754 2.789
SPIN 3 15 6 2 4.481 -1.601 3.515
SPIN 3 15 6 3 0.213 0.180 -5.910
SPIN 3 15 6 4 0.143 -2.010 -5.562
SPIN 3 15 6 5 -1.726 4.958 -2.728
SPIN 3 15 6 6 -0.139 -4.419 -3.931
SPIN 3 15 6 7 1.606 -0.509 5.671
SPIN 3 15 6 8 4.977 -0.413 -3.171
SPIN 3 15 6 9 0.624 5.634 -1.695
SPIN 3 15 6 10 -0.059 5.092 3.012
SPIN 3 15 6 11 4.142 -3.922 -1.568
SPIN 3 15 6 12 -4.987 -1.726 -2.674
SPIN 3 15 6 13 -3.280 -0.098 -4.922
SPIN 3 15 6 14 -0.917 1.598 5.622
SPIN 3 15 6 15 -1.464 -2.383 5.213
SPIN 2 15 6 0 4.699 1.837 -3.090
SPIN 2 15 6 1 -3.448 1.897 -4.417
SPIN 2 15 6 2 4.810 2.762 2.058
SPIN 2 15 6 3 2.371 4.239 3.378
SPIN 2 15 6 4 -0.270 -2.298 5.445
SPIN 2 15 6 5 5.479 -2.228 -0.147
SPIN 2 15 6 6 0.025 4.892 -3.327
SPIN 2 15 6 7 -4.627 2.376 2.819
SPIN 2 15 6 8 0.809 -5.412 -2.248
SPIN 2 15 6 9 -0.772 5.760 1.106
SPIN 2 15 6 10 -5.567 1.706 -1.049
SPIN 2 15 6 11 -0.754 5.292 -2.536
SPIN 2 15 6 12 -0.794 -4.832 -3.320
SPIN 2 15 6 13 0.349 5.902 0.225
SPIN 2 15 6 14 1.345 -2.748 -5.064
SPIN 2 15 6 15 -5.405 -1.229 2.068
SPIN 3 15 7 0 -3.696 2.857 -3.630
SPIN 3 15 7 1 -1.016 -3.802 4.417
SPIN 3 15 7 2 3.384 -3.823 -2.989
SPIN 3 15 7 3 -0.438 1.249 5.766
SPIN 3 15 7 4 -0.068 -5.716 -1.525
SPIN 3 15 7 5 -5.789 1.137 -0.443
SPIN 3 15 7 6 3.125 -4.994 -0.541
SPIN 3 15 7 7 -0.014 1.066 -5.819
SPIN 3 15 7 8 4.571 2.627 2.683
SPIN 3 15 7 9 0.972 -4.779 -3.349
SPIN 3 15 7 10 2.655 -0.994 5.192
SPIN 3 15 7 11 0.953 5.839 -0.037
SPIN 3 15 7 12 4.506 2.559 2.856
SPIN 3 15 7 13 4.454 -0.057 -3.893
SPIN 3 15 7 14 -5.907 0.148 -0.292
SPIN 3 15 7 15 5.813 1.096 0.113
SPIN 2 15 7 0 -3.207 -4.613 1.853
SPIN 2 15 7 1 5.897 0.388 0.281
SPIN 2 15 7 2 3.959 -0.390 -4.378
SPIN 2 15 7 3 -0.568 -3.291 -4.883
SPIN 2 15 7 4 -0.474 2.672 -5.257
SPIN 2 15 7 5 5.406 -0.925 -2.217
SPIN 2 15 7 6 -2.639 2.123 4.851
SPIN 2 15 7 7 -5.913 -0.132 0.153
SPIN 2 15 7 8 -3.337 -3.108 3.769
SPIN 2 15 7 9 0.739 -5.863 -0.284
SPIN 2 15 7 10 0.535 4.483 -3.823
SPIN 2 15 7 11 -4.899 1.864 2.744
SPIN 2 15 7 12 3.100 -3.325 -3.785
SPIN 2 15 7 13 0.839 0.844 5.795
SPIN 2 15 7 14 -2.235 -0.518 -5.453
SPIN 2 15 7 15 -2.472 5.317 0.782
SPIN 3 15 8 0 4.170 -2.260 -3.536
SPIN 3 15 8 1 3.407 2.077 4.368
SPIN 3 15 8 2 -4.505 -3.211 2.097
SPIN 3 15 8 3 2.097 -5.499 -0.600
SPIN 3 15 8 4 -4.586 -2.428 -2.841
SPIN 3 15 8 5 0.352 -1.457 -5.723
SPIN 3 15 8 6 0.880 -1.702 5.597
SPIN 3 15 8 7 4.900 1.913 -2.706
SPIN 3 15 8 8 -5.683 0.942 -1.349
SPIN 3 15 8 9 -3.873 -0.122 -4.471
SPIN 3 15 8 10 1.338 -2.889 4.986
SPIN 3 15 8 11 4.527 -1.979 -3.254
SPIN 3 15 8 12 -2.986 1.491 -4.885
SPIN 3 15 8 13 -5.208 -2.202 1.740
SPIN 3 15 8 14 -3.650 1.294 4.473
SPIN 3 15 8 15 -5.812 -0.389 1.037
SPIN 2 15 8 0 0.595 5.868 0.456
SPIN 2 15 8 1 -5.311 -2.574 -0.409
SPIN 2 15 8 2 5.054 -1.745 2.533
SPIN 2 15 8 3 -4.107 -2.387 -3.526
SPIN 2 15 8 4 5.904 0.126 0.360
SPIN 2 15 8 5 -5.547 2.056 -0.100
SPIN 2 15 8 6 -3.721 -2.057 -4.113
SPIN 2 15 8 7 5.346 1.274 2.190
SPIN 2 15 8 8 3.771 2.263 -3.957
SPIN 2 15 8 9 -1.010 0.831 5.770
SPIN 2 15 8 10 4.683 1.585 3.248
SPIN 2 15 8 11 3.156 -4.526 -2.136
SPIN 2 15 8 12 -5.530 0.363 2.069
SPIN 2 15 8 13 1.692 -4.002 4.015
SPIN 2 15 8 14 -0.977 5.474 -2.019
SPIN 2 15 8 15 5.556 -1.803 0.941
SPIN 3 15 9 0 5.483 0.317 2.198
SPIN 3 15 9 1 2.334 -2.519 -4.818
SPIN 3 15 9 2 -1.492 -3.078 4.827
SPIN 3 15 9 3 -1.284 -2.914 -4.986
SPIN 3 15 9 4 3.743 -1.682 -4.262
SPIN 3 15 9 5 4.027 1.210 4.162
SPIN 3 15 9 6 -3.324 4.443 2.051
SPIN 3 15 9 7 -4.082 -3.691 2.171
SPIN 3 15 9 8 1.287 -0.145 5.773
SPIN 3 15 9 9 1.744 -1.047 -5.555
SPIN 3 15 9 10 3.304 1.495 4.674
SPIN 3 15 9 11 -3.534 -4.724 -0.432
SPIN 3 15 9 12 1.070 2.153 -5.405
SPIN 3 15 9 13 -3.457 0.873 -4.721
SPIN 3 15 9 14 -1.678 -5.125 -2.433
SPIN 3 15 9 15 0.809 -0.971 -5.780
SPIN 2 15 9 0 -4.843 -2.477 -2.326
SPIN 2 15 9 1 -0.517 -1.855 5.594
SPIN 2 15 9 2 2.207 5.447 0.675
SPIN 2 15 9 3 -4.321 -0.379 4.023
SPIN 2 15 9 4 1.484 5.320 -2.121
SPIN 2 15 9 5 -5.823 0.680 -0.795
SPIN 2 15 9 6 0.736 -2.158 5.459
SPIN 2 15 9 7 -3.306 -1.858 -4.541
SPIN 2 15 9 8 1.343 2.506 5.188
SPIN 2 15 9 9 -1.468 -4.368 3.710
SPIN 2 15 9 10 -4.348 -0.097 -4.011
SPIN 2 15 9 11 -0.106 5.728 -1.477
SPIN 2 15 9 12 0.151 -5.545 2.057
SPIN 2 15 9 13 2.193 2.591 -4.845
SPIN 2 15 9 14 -2.168 -3.700 4.076
SPIN 2 15 9 15 -1.732 -5.601 0.790
SPIN 3 15 10 0 0.852 4.147 4.132
SPIN 3 15 10 1 -0.515 -4.365 -3.960
SPIN 3 15 10 2 3.506 4.735 -0.539
SPIN 3 15 10 3 -4.149 -4.198 0.398
SPIN 3 15 10 4 4.824 -2.431 2.411
SPIN 3 15 10 5 -2.067 3.440 4.346
SPIN 3 15 10 6 2.780 -4.502 2.646
SPIN 3 15 10 7 1.349 5.161 -2.557
SPIN 3 15 10 8 0.346 -1.071 5.808
SPIN 3 15 10 9 5.453 0.333 2.270
SPIN 3 15 10 10 -3.183 -1.868 -4.624
SPIN 3 15 10 11 1.296 5.177 -2.553
SPIN 3 15 10 12 -4.500 -3.825 0.346
SPIN 3 15 10 13 4.876 -3.192 1.019
SPIN 3 15 10 14 -1.060 5.486 -1.944
SPIN 3 15 10 15 -2.639 -5.074 -1.512
SPIN 2 15 10 0 4.309 4.009 -0.601
SPIN 2 15 10 1 -3.473 -2.396 4.146
SPIN 2 15 10 2 1.557 0.052 -5.707
SPIN 2 15 10 3 -0.506 -0.307 -5.886
SPIN 2 15 10 4 -1.612 -3.605 4.405
SPIN 2 15 10 5 2.128 5.162 -1.957
SPIN 2 15 10 6 2.800 -4.734 2.179
SPIN 2 15 10 7 0.837 5.365 2.349
SPIN 2 15 10 8 4.829 -3.348 0.690
SPIN 2 15 10 9 -1.266 3.721 -4.422
SPIN 2 15 10 10 5.104 -2.982 0.232
SPIN 2 15 10 11 -3.920 0.594 -4.391
SPIN 2 15 10 12 -5.916 0.019 -0.060
SPIN 2 15 10 13 -5.806 -0.987 0.563
SPIN 2 15 10 14 0.250 2.622 -5.297
SPIN 2 15 10 15 5.304 -2.338 1.186
SPIN 3 15 11 0 -5.879 -0.289 -0.598
SPIN 3 15 11 1 3.319 4.873 0.492
SPIN 3 15 11 2 -2.808 -5.193 -0.385
SPIN 3 15 11 3 0.190 2.439 -5.386
SPIN 3 15 11 4 -5.672 -1.611 -0.477
SPIN 3 15 11 5 -5.468 -0.290 2.240
SPIN 3 15 11 6 -4.751 1.584 3.149
SPIN 3 15 11 7 -5.311 -2.415 -0.982
SPIN 3 15 11 8 5.852 -0.764 0.417
SPIN 3 15 11 9 -5.380 -2.358 -0.706
SPIN 3 15 11 10 4.635 -2.775 -2.410
SPIN 3 15 11 11 0.506 -5.617 1.785
SPIN 3 15 11 12 -0.362 5.320 -2.563
SPIN 3 15 11 13 1.365 1.137 5.643
SPIN 3 15 11 14 -4.102 4.176 0.858
SPIN 3 15 11 15 0.282 0.374 5.897
SPIN 2 15 11 0 -4.654 -2.128 2.969
SPIN 2 15 11 1 -1.406 5.578 1.383
SPIN 2 15 11 2 1.369 -5.463 -1.810
SPIN 2 15 11 3 -2.483 2.587 4.706
SPIN 2 15 11 4 0.122 -3.432 -4.818
SPIN 2 15 11 5 3.489 -0.545 -4.746
SPIN 2 15 11 6 -2.344 1.649 -5.176
SPIN 2 15 11 7 0.328 -2.731 -5.238
SPIN 2 15 11 8 0.311 5.301 2.609
SPIN 2 15 11 9 -0.917 -2.999 -5.016
SPIN 2 15 11 10 2.812 5.126 -0.901
SPIN 2 15 11 11 0.024 -4.502 3.838
SPIN 2 15 11 12 3.109 3.127 3.944
SPIN 2 15 11 13 -0.975 -5.831 -0.228
SPIN 2 15 11 14 -0.372 -0.140 5.903
SPIN 2 15 11 15 4.263 -1.138 -3.941
SPIN 3 15 12 0 -5.892 0.440 -0.294
SPIN 3 15 12 1 5.522 -1.867 -1.009
SPIN 3 15 12 2 1.411 3.062 4.861
SPIN 3 15 12 3 0.950 -3.944 -4.306
SPIN 3 15 12 4 -1.567 0.919 5.630
SPIN 3 15 12 5 -2.847 1.327 -5.014
SPIN 3 15 12 6 1.422 -5.475 1.732
SPIN 3 15 12 7 -2.951 -0.919 5.045
SPIN 3 15 12 8 -1.544 -2.811 -4.971
SPIN 3 15 12 9 -0.754 -5.734 -1.246
SPIN 3 15 12 10 3.075 4.810 -1.550
SPIN 3 15 12 11 -1.046 -4.644 -3.512
SPIN 3 15 12 12 -1.088 5.562 1.698
SPIN 3 15 12 13 0.628 5.878 -0.246
SPIN 3 15 12 14 -3.785 -3.892 -2.350
SPIN 3 15 12 15 5.600 0.569 -1.820
SPIN 2 15 12 0 1.776 -4.659 3.184
SPIN 2 15 12 1 -1.189 4.781 3.275
SPIN 2 15 12 2 5.278 -2.464 -1.035
SPIN 2 15 12 3 5.456 -2.227 0.525
SPIN 2 15 12 4 -2.578 5.293 -0.577
SPIN 2 15 12 5 -5.476 1.186 -1.900
SPIN 2 15 12 6 -1.206 -1.675 5.544
SPIN 2 15 12 7 2.502 2.933 -4.488
SPIN 2 15 12 8 4.488 0.632 -3.803
SPIN 2 15 12 9 -3.201 4.958 0.415
SPIN 2 15 12 10 -4.890 -2.296 -2.411
SPIN 2 15 12 11 -5.681 -0.911 1.378
SPIN 2 15 12 12 -0.420 5.803 1.070
SPIN 2 15 12 13 4.009 -2.584 3.500
SPIN 2 15 12 14 -3.997 1.990 -3.881
SPIN 2 15 12 15 -0.839 -1.414 5.683
SPIN 3 15 13 0 -4.619 -3.538 1.068
SPIN 3 15 13 1 -0.511 2.987 5.081
SPIN 3 15 13 2 -4.811 -2.968 1.747
SPIN 3 15 13 3 -5.779 -1.266 0.036
SPIN 3 15 13 4 -1.385 4.538 3.534
SPIN 3 15 13 5 -5.021 -1.619 -2.677
SPIN 3 15 13 6 5.541 -1.593 1.326
SPIN 3 15 13 7 -0.443 4.758 3.488
SPIN 3 15 13 8 3.441 -3.876 2.852
SPIN 3 15 13 9 -0.061 5.834 -0.981
SPIN 3 15 13 10 2.340 2.065 5.026
SPIN 3 15 13 11 -4.009 -0.315 4.339
SPIN 3 15 13 12 -3.948 -4.293 -0.995
SPIN 3 15 13 13 4.557 3.772 -0.097
SPIN 3 15 13 14 -3.182 0.931 4.900
SPIN 3 15 13 15 -2.360 -0.560 5.396
SPIN 2 15 13 0 0.665 5.069 2.976
SPIN 2 15 13 1 2.844 -4.536 2.517
SPIN 2 15 13 2 2.371 1.733 5.135
SPIN 2 15 13 3 -5.370 -2.473 0.223
SPIN 2 15 13 4 4.285 -3.403 -2.249
SPIN 2 15 13 5 5.645 1.626 0.703
SPIN 2 15 13 6 -2.465 4.889 2.241
SPIN 2 15 13 7 -4.848 -2.898 -1.761
SPIN 2 15 13 8 2.118 5.204 1.852
SPIN 2 15 13 9 -3.789 -2.960 3.446
SPIN 2 15 13 10 -1.447 3.696 4.387
SPIN 2 15 13 11 -0.270 -1.251 -5.776
SPIN 2 15 13 12 5.834 0.971 0.163
SPIN 2 15 13 13 -0.794 3.241 -4.885
SPIN 2 15 13 14 -2.027 -4.180 3.663
SPIN 2 15 13 15 -1.566 -4.493 3.515
SPIN 3 15 14 0 2.238 1.204 -5.343
SPIN 3 15 14 1 -3.689 3.891 2.499
SPIN 3 15 14 2 0.544 -2.162 -5.480
SPIN 3 15 14 3 -0.467 -0.660 5.861
SPIN 3 15 14 4 -1.025 -3.887 -4.341
SPIN 3 15 14 5 -1.468 5.452 1.767
SPIN 3 15 14 6 -4.645 0.012 3.664
SPIN 3 15 14 7 4.977 -1.173 2.976
SPIN 3 15 14 8 4.116 3.813 1.876
SPIN 3 15 14 9 0.311 5.446 -2.290
SPIN 3 15 14 10 1.089 -5.597 -1.577
SPIN 3 15 14 11 -0.504 0.962 -5.815
SPIN 3 15 14 12 4.210 3.079 -2.792
SPIN 3 15 14 13 -4.925 -3.192 0.747
SPIN 3 15 14 14 3.899 3.747 -2.399
SPIN 3 15 14 15 -1.210 -2.929 -4.995
SPIN 2 15 14 0 1.386 -5.732 0.468
SPIN 2 15 14 1 -2.310 -1.099 5.334
SPIN 2 15 14 2 3.171 0.619 4.956
SPIN 2 15 14 3 0.848 -5.443 -2.157
SPIN 2 15 14 4 -4.662 3.634 -0.246
SPIN 2 15 14 5 4.543 3.644 1.039
SPIN 2 15 14 6 5.439 -1.333 -1.908
SPIN 2 15 14 7 -3.248 -4.909 0.593
SPIN 2 15 14 8 3.654 -1.463 -4.417
SPIN 2 15 14 9 -4.184 -1.610 3.860
SPIN 2 15 14 10 1.570 4.253 -3.801
SPIN 2 15 14 11 3.101 4.424 2.412
SPIN 2 15 14 12 1.639 0.804 5.627
SPIN 2 15 14 13 4.842 0.133 -3.397
SPIN 2 15 14 14 -4.707 -3.562 0.397
SPIN 2 15 14 15 -0.797 5.797 0.870
SPIN 3 15 15 0 5.496 2.162 -0.345
SPIN 3 15 15 1 -4.626 1.605 -3.320
SPIN 3 15 15 2 3.400 -4.816 0.496
SPIN 3 15 15 3 -4.830 0.652 -3.353
SPIN 3 15 15 4 0.591 1.537 5.682
SPIN 3 15 15 5 -0.103 -5.886 -0.582
SPIN 3 15 15 6 4.008 2.767 3.359
SPIN 3 15 15 7 -1.663 1.631 5.438
SPIN 3 15 15 8 5.583 1.956 0.071
SPIN 3 15 15 9 -3.874 -4.305 -1.206
SPIN 3 15 15 10 -0.757 -1.233 5.736
SPIN 3 15 15 11 -4.406 -1.132 -3.782
SPIN 3 15 15 12 4.627 2.116 -3.019
SPIN 3 15 15 13 -5.731 0.835 1.206
SPIN 3 15 15 14 4.393 -1.044 3.822
SPIN 3 15 15 15 -1.842 5.322 -1.812
SPIN 2 15 15 0 1.045 -5.685 1.259
SPIN 2 15 15 1 5.406 2.356 -0.473
SPIN 2 15 15 2 2.416 -4.883 -2.307
SPIN 2 15 15 3 0.715 3.028 5.032
SPIN 2 15 15 4 4.191 -4.068 0.943
SPIN 2 15 15 5 5.358 -1.912 -1.623
SPIN 2 15 15 6 -2.483 2.592 4.702
SPIN 2 15 15 7 1.534 -1.406 -5.538
SPIN 2 15 15 8 -1.430 5.738 -0.155
SPIN 2 15 15 9 4.401 1.091 -3.800
SPIN 2 15 15 10 1.641 4.704 -3.190
SPIN 2 15 15 11 -1.901 -1.075 5.498
SPIN 2 15 15 12 -1.912 5.598 -0.082
SPIN 2 15 15 13 1.971 -5.572 0.268
SPIN 2 15 15 14 -1.917 5.561 -0.636
SPIN 2 15 15 15 0.515 -1.147 5.781
