TITLE MnO_160K_J1J2_MC_01
CELL 4.4344 4.4344 4.4344 90 90 90
SITE 0 0 0
SITE 0.5 0.5 0
SITE 0.5 0 0.5
SITE 0 0.5 0.5
BOX 16 16 16
FORM_FACTOR_J0 0.4220 17.6840 0.5948 6.0050 0.0043 -0.6090 -0.0219
SPIN 1 0 0 0 -1.295 0.368 -5.761
SPIN 1 0 0 1 1.692 -0.643 -5.632
SPIN 1 0 0 2 -0.215 -5.875 -0.661
SPIN 1 0 0 3 -0.998 -0.819 5.774
SPIN 1 0 0 4 0.523 5.892 0.124
SPIN 1 0 0 5 3.665 -4.641 0.170
SPIN 1 0 0 6 -3.398 2.832 3.928
SPIN 1 0 0 7 2.438 -5.166 -1.541
SPIN 1 0 0 8 3.808 -0.516 4.498
SPIN 1 0 0 9 0.740 4.502 3.766
SPIN 1 0 0 10 -3.906 -4.095 1.726
SPIN 1 0 0 11 -2.475 5.083 -1.744
SPIN 1 0 0 12 -4.608 3.487 1.269
SPIN 1 0 0 13 -3.059 -4.973 0.956
SPIN 1 0 0 14 -1.546 4.449 3.580
SPIN 1 0 0 15 1.024 5.122 2.778
SPIN 4 0 0 0 -4.023 2.041 -3.827
SPIN 4 0 0 1 4.801 -0.590 -3.406
SPIN 4 0 0 2 -5.872 -0.084 0.718
SPIN 4 0 0 3 -1.193 -4.088 -4.107
SPIN 4 0 0 4 -3.866 -0.224 4.473
SPIN 4 0 0 5 -1.564 -3.284 -4.666
SPIN 4 0 0 6 0.456 2.458 -5.362
SPIN 4 0 0 7 1.474 -0.715 5.685
SPIN 4 0 0 8 -5.263 2.586 -0.784
SPIN 4 0 0 9 1.736 4.694 3.156
SPIN 4 0 0 10 0.237 -4.478 -3.859
SPIN 4 0 0 11 2.448 5.326 0.802
SPIN 4 0 0 12 -4.384 3.819 1.094
SPIN 4 0 0 13 -0.330 5.893 -0.406
SPIN 4 0 0 14 -1.122 4.488 -3.688
SPIN 4 0 0 15 -1.226 -5.724 0.859
SPIN 1 0 1 0 5.865 0.720 0.282
SPIN 1 0 1 1 1.793 1.948 -5.290
SPIN 1 0 1 2 -2.905 -4.110 -3.110
SPIN 1 0 1 3 4.606 1.607 -3.347
SPIN 1 0 1 4 -3.823 1.439 -4.279
SPIN 1 0 1 5 5.641 1.782 0.014
SPIN 1 0 1 6 2.378 -3.715 3.943
SPIN 1 0 1 7 -4.983 2.106 2.395
SPIN 1 0 1 8 5.184 -2.047 -1.984
SPIN 1 0 1 9 5.400 1.951 1.427
SPIN 1 0 1 10 -1.352 3.325 4.703
SPIN 1 0 1 11 5.051 -2.565 -1.707
SPIN 1 0 1 12 -3.253 -3.349 3.634
SPIN 1 0 1 13 -1.924 5.585 -0.333
SPIN 1 0 1 14 -1.732 -2.818 -4.905
SPIN 1 0 1 15 4.972 1.784 2.663
SPIN 4 0 1 0 -2.592 2.677 -4.595
SPIN 4 0 1 1 1.082 5.758 -0.825
SPIN 4 0 1 2 2.914 -4.920 1.516
SPIN 4 0 1 3 -1.595 -2.164 5.270
SPIN 4 0 1 4 2.344 -5.114 -1.831
SPIN 4 0 1 5 -2.867 4.137 -3.109
SPIN 4 0 1 6 -1.358 -1.737 -5.490
SPIN 4 0 1 7 -0.131 3.336 4.884
SPIN 4 0 1 8 0.103 -5.330 2.565
SPIN 4 0 1 9 4.562 3.724 0.566
SPIN 4 0 1 10 -2.839 4.205 3.042
SPIN 4 0 1 11 5.063 -3.002 0.596
SPIN 4 0 1 12 -0.060 4.075 -4.288
SPIN 4 0 1 13 -0.917 -2.340 5.356
SPIN 4 0 1 14 3.672 -1.429 -4.413
SPIN 4 0 1 15 -4.671 1.916 -3.083
SPIN 1 0 2 0 -2.921 3.574 3.700
SPIN 1 0 2 1 4.421 0.647 3.878
SPIN 1 0 2 2 0.009 -3.113 -5.031
SPIN 1 0 2 3 3.372 4.438 1.982
SPIN 1 0 2 4 3.396 -4.747 0.966
SPIN 1 0 2 5 -2.326 5.048 2.026
SPIN 1 0 2 6 2.792 4.823 1.987
SPIN 1 0 2 7 0.997 -4.882 3.189
SPIN 1 0 2 8 3.867 1.721 -4.133
SPIN 1 0 2 9 -2.074 3.786 4.045
SPIN 1 0 2 10 0.900 -1.694 -5.596
SPIN 1 0 2 11 1.073 -4.161 -4.066
SPIN 1 0 2 12 -0.995 -5.803 0.580
SPIN 1 0 2 13 -5.661 -0.860 1.489
SPIN 1 0 2 14 2.117 5.446 0.924
SPIN 1 0 2 15 -1.271 -5.625 1.320
SPIN 4 0 2 0 4.945 -2.711 1.790
SPIN 4 0 2 1 -3.801 -2.897 -3.487
SPIN 4 0 2 2 4.275 -3.991 -0.893
SPIN 4 0 2 3 3.608 -3.026 -3.581
SPIN 4 0 2 4 5.643 1.119 -1.380
SPIN 4 0 2 5 -1.738 -0.943 5.576
SPIN 4 0 2 6 3.899 4.082 1.769
SPIN 4 0 2 7 -4.433 0.875 -3.818
SPIN 4 0 2 8 -5.266 2.162 1.612
SPIN 4 0 2 9 -5.467 -2.215 -0.456
SPIN 4 0 2 10 4.704 3.138 1.739
SPIN 4 0 2 11 3.663 -1.658 4.340
SPIN 4 0 2 12 -2.709 1.296 -5.098
SPIN 4 0 2 13 3.385 4.831 0.449
SPIN 4 0 2 14 -3.658 -4.221 1.950
SPIN 4 0 2 15 4.981 -3.072 -0.866
SPIN 1 0 3 0 5.811 1.040 -0.391
SPIN 1 0 3 1 -3.822 -2.094 -4.001
SPIN 1 0 3 2 3.474 0.747 4.730
SPIN 1 0 3 3 1.542 -5.125 -2.521
SPIN 1 0 3 4 1.696 0.980 -5.583
SPIN 1 0 3 5 1.223 -0.956 -5.709
SPIN 1 0 3 6 -4.940 2.980 1.312
SPIN 1 0 3 7 4.820 1.452 -3.107
SPIN 1 0 3 8 -4.627 2.302 2.880
SPIN 1 0 3 9 0.463 4.275 -4.063
SPIN 1 0 3 10 1.839 0.965 5.540
SPIN 1 0 3 11 4.350 3.766 1.376
SPIN 1 0 3 12 -4.861 -2.004 2.711
SPIN 1 0 3 13 -0.292 1.233 5.779
SPIN 1 0 3 14 1.845 -1.982 5.260
SPIN 1 0 3 15 -5.567 -0.827 -1.823
SPIN 4 0 3 0 -5.461 1.202 1.932
SPIN 4 0 3 1 0.745 3.565 -4.662
SPIN 4 0 3 2 4.533 1.861 -3.316
SPIN 4 0 3 3 -4.663 -2.796 2.333
SPIN 4 0 3 4 5.780 -1.228 -0.295
SPIN 4 0 3 5 2.296 2.320 4.934
SPIN 4 0 3 6 1.207 -5.747 0.719
SPIN 4 0 3 7 2.874 -4.383 2.744
SPIN 4 0 3 8 4.522 2.618 -2.774
SPIN 4 0 3 9 3.400 2.598 4.086
SPIN 4 0 3 10 -4.911 3.171 -0.907
SPIN 4 0 3 11 4.201 2.034 -3.635
SPIN 4 0 3 12 3.626 -2.655 -3.847
SPIN 4 0 3 13 -1.601 -1.291 -5.547
SPIN 4 0 3 14 -1.710 -5.598 -0.861
SPIN 4 0 3 15 -1.712 3.427 4.508
SPIN 1 0 4 0 -2.290 2.665 -4.760
SPIN 1 0 4 1 4.205 -0.264 4.153
SPIN 1 0 4 2 -5.229 -2.329 -1.496
SPIN 1 0 4 3 -0.390 5.903 -0.086
SPIN 1 0 4 4 -4.458 -3.216 -2.188
SPIN 1 0 4 5 5.185 2.759 0.705
SPIN 1 0 4 6 -2.320 -1.306 -5.283
SPIN 1 0 4 7 -5.429 2.116 1.026
SPIN 1 0 4 8 5.318 0.157 -2.587
SPIN 1 0 4 9 -4.428 -2.889 -2.656
SPIN 1 0 4 10 5.797 1.126 0.357
SPIN 1 0 4 11 2.951 -5.050 -0.888
SPIN 1 0 4 12 3.826 4.161 1.747
SPIN 1 0 4 13 -4.789 1.615 3.075
SPIN 1 0 4 14 -0.788 -5.451 2.160
SPIN 1 0 4 15 0.125 1.248 5.782
SPIN 4 0 4 0 4.460 2.096 3.274
SPIN 4 0 4 1 4.936 2.340 2.272
SPIN 4 0 4 2 -3.300 -4.895 0.392
SPIN 4 0 4 3 5.842 0.912 0.186
SPIN 4 0 4 4 5.011 2.330 -2.113
SPIN 4 0 4 5 -4.677 3.135 1.817
SPIN 4 0 4 6 5.829 0.302 0.965
SPIN 4 0 4 7 -0.646 3.445 4.766
SPIN 4 0 4 8 2.961 -0.540 5.093
SPIN 4 0 4 9 -4.258 -0.451 4.083
SPIN 4 0 4 10 1.440 -4.957 -2.891
SPIN 4 0 4 11 0.504 -1.335 5.741
SPIN 4 0 4 12 5.339 -2.549 0.059
SPIN 4 0 4 13 2.931 5.138 0.097
SPIN 4 0 4 14 -1.946 5.264 1.871
SPIN 4 0 4 15 0.661 5.848 0.606
SPIN 1 0 5 0 3.242 1.905 4.567
SPIN 1 0 5 1 -3.910 -3.940 -2.047
SPIN 1 0 5 2 1.250 5.440 1.961
SPIN 1 0 5 3 5.210 1.336 -2.463
SPIN 1 0 5 4 3.965 1.861 -3.977
SPIN 1 0 5 5 -4.592 3.365 -1.610
SPIN 1 0 5 6 0.844 5.676 -1.439
SPIN 1 0 5 7 -0.600 5.776 -1.133
SPIN 1 0 5 8 -5.676 -1.642 0.298
SPIN 1 0 5 9 1.555 4.313 -3.739
SPIN 1 0 5 10 -3.307 -3.887 2.993
SPIN 1 0 5 11 4.723 2.287 -2.731
SPIN 1 0 5 12 1.239 -5.062 -2.800
SPIN 1 0 5 13 -2.166 -5.269 1.597
SPIN 1 0 5 14 -4.449 1.851 -3.432
SPIN 1 0 5 15 4.940 3.202 -0.588
SPIN 4 0 5 0 -5.056 1.150 2.849
SPIN 4 0 5 1 2.557 -5.199 -1.197
SPIN 4 0 5 2 5.123 2.946 0.269
SPIN 4 0 5 3 1.767 -4.262 3.703
SPIN 4 0 5 4 -3.199 -2.784 4.125
SPIN 4 0 5 5 1.815 3.930 -4.032
SPIN 4 0 5 6 -4.706 -2.751 2.298
SPIN 4 0 5 7 -5.122 2.160 2.026
SPIN 4 0 5 8 3.814 -3.651 -2.669
SPIN 4 0 5 9 3.594 4.569 1.099
SPIN 4 0 5 10 -3.383 0.165 4.851
SPIN 4 0 5 11 1.080 -2.327 -5.331
SPIN 4 0 5 12 3.500 0.940 4.677
SPIN 4 0 5 13 -2.277 -0.322 -5.451
SPIN 4 0 5 14 2.143 3.147 4.528
SPIN 4 0 5 15 -3.823 4.392 1.044
SPIN 1 0 6 0 2.959 3.038 -4.125
SPIN 1 0 6 1 1.685 0.051 5.671
SPIN 1 0 6 2 4.775 -2.833 2.043
SPIN 1 0 6 3 2.723 -4.617 2.503
SPIN 1 0 6 4 3.664 3.123 -3.438
SPIN 1 0 6 5 1.011 -1.384 5.662
SPIN 1 0 6 6 5.535 0.248 -2.075
SPIN 1 0 6 7 2.519 -2.199 4.881
SPIN 1 0 6 8 1.376 4.103 -4.034
SPIN 1 0 6 9 2.002 -2.383 5.031
SPIN 1 0 6 10 -1.891 3.594 4.302
SPIN 1 0 6 11 5.719 1.510 0.095
SPIN 1 0 6 12 -0.034 2.991 -5.104
SPIN 1 0 6 13 -2.295 4.392 3.232
SPIN 1 0 6 14 -4.821 -3.397 0.464
SPIN 1 0 6 15 -0.790 3.989 4.297
SPIN 4 0 6 0 -3.858 3.288 3.050
SPIN 4 0 6 1 3.002 -5.028 -0.842
SPIN 4 0 6 2 4.679 2.745 2.360
SPIN 4 0 6 3 3.514 2.563 4.010
SPIN 4 0 6 4 2.164 5.333 1.368
SPIN 4 0 6 5 -3.589 1.954 4.278
SPIN 4 0 6 6 -5.398 -1.294 2.045
SPIN 4 0 6 7 -3.793 -1.860 -4.141
SPIN 4 0 6 8 -5.607 0.203 1.876
SPIN 4 0 6 9 -4.434 3.402 -1.940
SPIN 4 0 6 10 5.003 -2.898 -1.252
SPIN 4 0 6 11 4.503 1.043 3.693
SPIN 4 0 6 12 -5.482 -0.512 2.164
SPIN 4 0 6 13 4.728 -2.568 -2.460
SPIN 4 0 6 14 -5.167 -2.277 1.766
SPIN 4 0 6 15 -0.072 -5.916 0.040
SPIN 1 0 7 0 -2.917 2.150 4.676
SPIN 1 0 7 1 -4.915 -1.104 3.103
SPIN 1 0 7 2 -3.004 4.371 2.621
SPIN 1 0 7 3 0.255 -1.852 -5.613
SPIN 1 0 7 4 4.923 -0.553 3.235
SPIN 1 0 7 5 -4.103 2.653 -3.336
SPIN 1 0 7 6 -3.837 -1.030 -4.384
SPIN 1 0 7 7 4.877 -2.255 -2.475
SPIN 1 0 7 8 -1.652 5.640 -0.681
SPIN 1 0 7 9 5.102 -2.426 -1.757
SPIN 1 0 7 10 3.662 -1.081 -4.519
SPIN 1 0 7 11 -3.563 -1.764 4.381
SPIN 1 0 7 12 3.074 -2.724 4.258
SPIN 1 0 7 13 -3.923 -4.331 0.920
SPIN 1 0 7 14 0.168 0.283 5.907
SPIN 1 0 7 15 2.280 -4.930 2.344
SPIN 4 0 7 0 -1.984 1.097 -5.464
SPIN 4 0 7 1 -1.028 1.654 5.586
SPIN 4 0 7 2 0.614 5.576 1.879
SPIN 4 0 7 3 -2.338 -2.522 -4.814
SPIN 4 0 7 4 5.709 -1.223 0.956
SPIN 4 0 7 5 -5.853 0.856 0.067
SPIN 4 0 7 6 -0.274 5.822 1.017
SPIN 4 0 7 7 -0.039 1.610 5.693
SPIN 4 0 7 8 3.459 -0.692 -4.749
SPIN 4 0 7 9 -5.733 0.103 1.455
SPIN 4 0 7 10 2.966 -1.175 4.982
SPIN 4 0 7 11 3.731 2.916 -3.547
SPIN 4 0 7 12 3.233 4.153 -2.701
SPIN 4 0 7 13 -5.642 1.555 0.866
SPIN 4 0 7 14 4.922 -3.088 -1.112
SPIN 4 0 7 15 4.120 1.660 3.908
SPIN 1 0 8 0 5.882 -0.350 -0.527
SPIN 1 0 8 1 3.357 -3.893 2.928
SPIN 1 0 8 2 0.117 -4.409 -3.943
SPIN 1 0 8 3 -0.114 -4.389 3.965
SPIN 1 0 8 4 -5.723 0.543 -1.397
SPIN 1 0 8 5 5.730 0.480 1.391
SPIN 1 0 8 6 4.696 -3.232 1.581
SPIN 1 0 8 7 -3.527 -4.485 1.565
SPIN 1 0 8 8 0.624 -4.751 -3.470
SPIN 1 0 8 9 5.146 0.892 -2.779
SPIN 1 0 8 10 0.885 -5.753 -1.061
SPIN 1 0 8 11 2.669 0.137 5.278
SPIN 1 0 8 12 -2.020 5.411 1.281
SPIN 1 0 8 13 -0.662 3.764 4.516
SPIN 1 0 8 14 -1.585 -4.602 -3.363
SPIN 1 0 8 15 -4.455 2.474 -3.006
SPIN 4 0 8 0 3.163 -1.402 4.799
SPIN 4 0 8 1 -5.024 2.352 2.056
SPIN 4 0 8 2 4.945 -1.946 -2.600
SPIN 4 0 8 3 4.170 1.522 3.910
SPIN 4 0 8 4 -2.519 2.574 -4.693
SPIN 4 0 8 5 -0.356 -5.813 1.042
SPIN 4 0 8 6 -0.952 4.494 -3.728
SPIN 4 0 8 7 -2.397 -0.784 5.352
SPIN 4 0 8 8 4.658 -0.646 -3.589
SPIN 4 0 8 9 4.133 4.233 0.091
SPIN 4 0 8 10 -3.268 -4.870 -0.774
SPIN 4 0 8 11 2.091 -5.481 -0.763
SPIN 4 0 8 12 -2.057 -2.755 4.814
SPIN 4 0 8 13 5.487 -0.211 2.201
SPIN 4 0 8 14 -3.381 -4.376 -2.102
SPIN 4 0 8 15 -4.708 -2.034 -2.949
SPIN 1 0 9 0 -4.477 1.119 -3.702
SPIN 1 0 9 1 -1.018 3.898 -4.332
SPIN 1 0 9 2 -1.732 4.263 3.719
SPIN 1 0 9 3 -0.268 -5.610 -1.861
SPIN 1 0 9 4 2.323 -4.841 -2.485
SPIN 1 0 9 5 -0.096 -5.168 -2.878
SPIN 1 0 9 6 -4.969 3.198 -0.281
SPIN 1 0 9 7 -3.091 -3.680 -3.450
SPIN 1 0 9 8 1.187 5.775 0.488
SPIN 1 0 9 9 -1.799 -4.706 -3.102
SPIN 1 0 9 10 4.805 1.862 2.906
SPIN 1 0 9 11 -1.388 -4.981 -2.875
SPIN 1 0 9 12 -4.526 3.148 -2.146
SPIN 1 0 9 13 2.004 2.089 -5.159
SPIN 1 0 9 14 -0.863 -3.214 4.892
SPIN 1 0 9 15 5.480 -2.207 0.315
SPIN 4 0 9 0 -4.552 3.684 -0.839
SPIN 4 0 9 1 0.124 -5.471 2.248
SPIN 4 0 9 2 -2.768 -5.116 -1.079
SPIN 4 0 9 3 0.125 5.626 -1.827
SPIN 4 0 9 4 -2.944 -2.248 4.613
SPIN 4 0 9 5 4.327 -2.392 -3.250
SPIN 4 0 9 6 -1.182 -3.779 4.395
SPIN 4 0 9 7 -3.188 4.450 -2.244
SPIN 4 0 9 8 -3.565 -3.629 -3.020
SPIN 4 0 9 9 -5.705 -1.564 0.072
SPIN 4 0 9 10 1.688 5.581 -1.001
SPIN 4 0 9 11 -1.838 2.389 -5.091
SPIN 4 0 9 12 1.711 5.503 1.339
SPIN 4 0 9 13 -5.401 -1.511 1.882
SPIN 4 0 9 14 -1.444 5.455 -1.778
SPIN 4 0 9 15 4.323 -3.676 -1.673
SPIN 1 0 10 0 -1.078 5.817 0.030
SPIN 1 0 10 1 -0.700 -2.322 5.396
SPIN 1 0 10 2 -1.485 4.764 -3.178
SPIN 1 0 10 3 -2.507 4.370 -3.101
SPIN 1 0 10 4 -1.056 4.831 -3.247
SPIN 1 0 10 5 1.210 2.175 5.367
SPIN 1 0 10 6 4.511 -0.899 -3.721
SPIN 1 0 10 7 5.507 2.056 0.667
SPIN 1 0 10 8 -5.706 0.344 1.523
SPIN 1 0 10 9 -5.269 0.987 2.502
SPIN 1 0 10 10 -5.153 -1.077 2.699
SPIN 1 0 10 11 -3.708 0.666 4.561
SPIN 1 0 10 12 1.226 -5.067 2.797
SPIN 1 0 10 13 2.276 -2.319 4.944
SPIN 1 0 10 14 1.596 5.165 2.404
SPIN 1 0 10 15 1.841 -1.870 -5.302
SPIN 4 0 10 0 2.809 -2.847 -4.359
SPIN 4 0 10 1 -3.954 -4.303 0.921
SPIN 4 0 10 2 5.864 -0.079 -0.782
SPIN 4 0 10 3 -2.409 -5.385 -0.441
SPIN 4 0 10 4 2.332 5.426 0.342
SPIN 4 0 10 5 -3.469 -1.326 -4.606
SPIN 4 0 10 6 -4.165 3.263 2.647
SPIN 4 0 10 7 1.078 -5.773 0.712
SPIN 4 0 10 8 -4.897 2.188 2.495
SPIN 4 0 10 9 5.789 -0.832 -0.892
SPIN 4 0 10 10 -2.727 -4.087 3.295
SPIN 4 0 10 11 4.886 -2.674 -1.993
SPIN 4 0 10 12 0.984 4.071 4.178
SPIN 4 0 10 13 0.830 -0.079 5.857
SPIN 4 0 10 14 -2.024 5.523 -0.637
SPIN 4 0 10 15 -1.258 0.063 5.780
SPIN 1 0 11 0 -5.391 -1.995 -1.397
SPIN 1 0 11 1 4.933 -2.851 1.593
SPIN 1 0 11 2 3.425 -1.674 -4.524
SPIN 1 0 11 3 -4.061 2.598 3.429
SPIN 1 0 11 4 2.664 2.045 -4.871
SPIN 1 0 11 5 0.836 -4.423 -3.839
SPIN 1 0 11 6 -1.632 3.382 4.571
SPIN 1 0 11 7 1.688 -0.412 5.655
SPIN 1 0 11 8 5.155 -2.865 -0.464
SPIN 1 0 11 9 -4.541 2.885 -2.461
SPIN 1 0 11 10 4.818 0.597 -3.381
SPIN 1 0 11 11 -5.137 -2.886 -0.533
SPIN 1 0 11 12 4.456 3.053 2.413
SPIN 1 0 11 13 -1.137 -4.020 -4.189
SPIN 1 0 11 14 -3.329 -1.497 4.656
SPIN 1 0 11 15 1.778 -0.680 -5.602
SPIN 4 0 11 0 -4.050 -1.173 -4.150
SPIN 4 0 11 1 2.820 -4.014 3.307
SPIN 4 0 11 2 1.484 -3.011 4.871
SPIN 4 0 11 3 0.886 -2.553 -5.263
SPIN 4 0 11 4 -5.346 2.123 1.384
SPIN 4 0 11 5 -5.654 0.485 -1.674
SPIN 4 0 11 6 5.410 2.389 0.170
SPIN 4 0 11 7 -1.281 2.752 5.078
SPIN 4 0 11 8 2.181 5.422 -0.917
SPIN 4 0 11 9 -0.174 -3.253 4.939
SPIN 4 0 11 10 -3.185 -4.345 -2.445
SPIN 4 0 11 11 -0.869 5.647 1.534
SPIN 4 0 11 12 -3.974 0.078 -4.382
SPIN 4 0 11 13 -2.057 -0.993 5.457
SPIN 4 0 11 14 1.230 3.864 4.307
SPIN 4 0 11 15 0.351 -0.946 5.829
SPIN 1 0 12 0 3.471 -4.762 -0.521
SPIN 1 0 12 1 -1.023 -5.792 -0.636
SPIN 1 0 12 2 2.105 4.021 3.795
SPIN 1 0 12 3 0.991 3.483 -4.678
SPIN 1 0 12 4 4.176 0.286 4.181
SPIN 1 0 12 5 -2.858 2.246 4.668
SPIN 1 0 12 6 4.210 -2.452 -3.355
SPIN 1 0 12 7 -3.550 -4.156 -2.264
SPIN 1 0 12 8 -4.516 -0.390 -3.802
SPIN 1 0 12 9 -0.700 -4.739 -3.471
SPIN 1 0 12 10 1.193 -1.129 5.684
SPIN 1 0 12 11 2.675 2.686 4.542
SPIN 1 0 12 12 0.770 -5.604 -1.734
SPIN 1 0 12 13 0.895 -1.404 -5.677
SPIN 1 0 12 14 5.642 -1.228 -1.288
SPIN 1 0 12 15 -2.703 4.463 -2.788
SPIN 4 0 12 0 0.733 -4.706 3.510
SPIN 4 0 12 1 -2.650 2.764 -4.509
SPIN 4 0 12 2 -3.498 2.370 -4.141
SPIN 4 0 12 3 2.403 4.297 3.280
SPIN 4 0 12 4 4.694 1.490 3.278
SPIN 4 0 12 5 2.098 -2.531 4.919
SPIN 4 0 12 6 -1.788 0.687 -5.597
SPIN 4 0 12 7 -1.560 1.195 5.580
SPIN 4 0 12 8 4.344 3.206 -2.419
SPIN 4 0 12 9 4.530 -2.602 2.777
SPIN 4 0 12 10 -3.356 4.534 1.782
SPIN 4 0 12 11 -2.621 -3.792 -3.709
SPIN 4 0 12 12 4.742 3.524 0.302
SPIN 4 0 12 13 2.850 0.234 -5.179
SPIN 4 0 12 14 0.007 -5.459 2.280
SPIN 4 0 12 15 4.389 3.721 1.376
SPIN 1 0 13 0 2.788 4.565 2.528
SPIN 1 0 13 1 0.061 5.432 -2.343
SPIN 1 0 13 2 4.995 2.781 1.524
SPIN 1 0 13 3 -3.134 -2.180 4.520
SPIN 1 0 13 4 3.327 4.778 -1.048
SPIN 1 0 13 5 -0.128 -4.177 -4.188
SPIN 1 0 13 6 -1.608 -4.374 -3.645
SPIN 1 0 13 7 1.390 -4.109 4.023
SPIN 1 0 13 8 -5.722 1.395 0.559
SPIN 1 0 13 9 3.546 -2.957 3.699
SPIN 1 0 13 10 2.366 -4.167 -3.469
SPIN 1 0 13 11 3.406 -4.816 0.448
SPIN 1 0 13 12 1.683 3.624 -4.363
SPIN 1 0 13 13 -1.348 1.196 5.635
SPIN 1 0 13 14 2.091 -0.150 -5.532
SPIN 1 0 13 15 1.419 5.391 -1.981
SPIN 4 0 13 0 1.046 1.815 5.533
SPIN 4 0 13 1 -4.492 -1.234 -3.647
SPIN 4 0 13 2 2.227 -0.480 5.460
SPIN 4 0 13 3 1.674 5.588 -0.988
SPIN 4 0 13 4 -2.126 -4.216 -3.564
SPIN 4 0 13 5 3.038 0.584 5.043
SPIN 4 0 13 6 -2.961 -1.184 -4.983
SPIN 4 0 13 7 -0.801 4.866 3.269
SPIN 4 0 13 8 5.571 -0.041 1.991
SPIN 4 0 13 9 -2.700 0.944 5.179
SPIN 4 0 13 10 -2.433 5.082 -1.804
SPIN 4 0 13 11 -3.773 0.339 4.544
SPIN 4 0 13 12 5.198 2.763 -0.591
SPIN 4 0 13 13 -3.222 4.588 -1.890
SPIN 4 0 13 14 -0.318 -5.093 2.994
SPIN 4 0 13 15 -0.820 4.640 -3.578
SPIN 1 0 14 0 -3.203 1.330 -4.793
SPIN 1 0 14 1 -2.139 -5.374 1.243
SPIN 1 0 14 2 -0.859 -1.187 -5.732
SPIN 1 0 14 3 -5.018 -1.786 2.575
SPIN 1 0 14 4 4.894 -2.881 1.659
SPIN 1 0 14 5 -1.401 2.391 5.227
SPIN 1 0 14 6 -0.705 2.433 5.346
SPIN 1 0 14 7 0.532 -5.814 0.955
SPIN 1 0 14 8 -1.336 4.436 -3.679
SPIN 1 0 14 9 1.002 5.306 -2.417
SPIN 1 0 14 10 1.929 -1.761 5.308
SPIN 1 0 14 11 -4.724 3.268 -1.418
SPIN 1 0 14 12 -4.932 1.297 -2.999
SPIN 1 0 14 13 -4.606 -3.543 1.107
SPIN 1 0 14 14 4.130 0.122 -4.234
SPIN 1 0 14 15 2.211 -1.297 5.332
SPIN 4 0 14 0 4.718 3.560 0.256
SPIN 4 0 14 1 4.656 0.159 3.646
SPIN 4 0 14 2 -1.649 2.329 -5.182
SPIN 4 0 14 3 -2.681 3.541 3.908
SPIN 4 0 14 4 -5.108 1.273 2.700
SPIN 4 0 14 5 1.068 4.107 -4.122
SPIN 4 0 14 6 -1.345 -5.701 0.829
SPIN 4 0 14 7 2.447 2.172 -4.929
SPIN 4 0 14 8 -3.476 -2.279 4.210
SPIN 4 0 14 9 -1.115 3.188 4.857
SPIN 4 0 14 10 -2.162 0.676 -5.465
SPIN 4 0 14 11 -2.122 -2.755 4.786
SPIN 4 0 14 12 -2.650 -4.271 3.120
SPIN 4 0 14 13 1.489 -3.982 -4.115
SPIN 4 0 14 14 -3.997 -3.474 2.638
SPIN 4 0 14 15 -5.164 1.149 -2.648
SPIN 1 0 15 0 2.430 -5.392 -0.149
SPIN 1 0 15 1 1.771 -2.978 -4.795
SPIN 1 0 15 2 -3.360 -4.792 -0.862
SPIN 1 0 15 3 -1.980 5.546 -0.570
SPIN 1 0 15 4 -1.349 3.696 4.419
SPIN 1 0 15 5 0.053 5.901 0.421
SPIN 1 0 15 6 4.669 -1.198 3.430
SPIN 1 0 15 7 5.658 1.094 -1.336
SPIN 1 0 15 8 -5.225 -1.539 2.309
SPIN 1 0 15 9 0.536 4.505 -3.797
SPIN 1 0 15 10 -4.327 4.015 -0.400
SPIN 1 0 15 11 5.125 -0.479 -2.916
SPIN 1 0 15 12 1.317 1.273 -5.626
SPIN 1 0 15 13 -0.707 -1.263 5.736
SPIN 1 0 15 14 -2.311 4.052 -3.639
SPIN 1 0 15 15 0.775 -4.484 -3.781
SPIN 4 0 15 0 -5.852 -0.864 -0.065
SPIN 4 0 15 1 -1.085 -4.316 3.898
SPIN 4 0 15 2 1.044 -5.134 -2.748
SPIN 4 0 15 3 -1.014 5.718 -1.132
SPIN 4 0 15 4 0.416 -5.900 -0.135
SPIN 4 0 15 5 -0.211 -4.702 -3.585
SPIN 4 0 15 6 -4.790 -0.543 3.429
SPIN 4 0 15 7 -2.287 3.890 -3.826
SPIN 4 0 15 8 0.588 2.529 5.316
SPIN 4 0 15 9 -4.709 -2.985 -1.979
SPIN 4 0 15 10 -0.274 -3.017 5.081
SPIN 4 0 15 11 4.550 -3.771 0.278
SPIN 4 0 15 12 -5.515 -0.978 -1.906
SPIN 4 0 15 13 4.058 2.945 3.140
SPIN 4 0 15 14 -1.820 -3.384 -4.498
SPIN 4 0 15 15 -0.902 5.785 -0.852
SPIN 3 0 0 0 0.629 4.325 3.988
SPIN 3 0 0 1 2.335 -5.427 -0.303
SPIN 3 0 0 2 -3.294 4.578 1.788
SPIN 3 0 0 3 3.897 -3.567 2.662
SPIN 3 0 0 4 0.898 5.439 -2.147
SPIN 3 0 0 5 -2.101 5.068 2.214
SPIN 3 0 0 6 4.001 -3.650 -2.382
SPIN 3 0 0 7 2.409 -1.102 -5.290
SPIN 3 0 0 8 3.957 4.191 1.334
SPIN 3 0 0 9 5.625 1.750 -0.548
SPIN 3 0 0 10 5.349 -2.524 -0.146
SPIN 3 0 0 11 5.263 -2.507 -1.005
SPIN 3 0 0 12 5.366 0.184 -2.484
SPIN 3 0 0 13 -2.498 0.364 -5.350
SPIN 3 0 0 14 5.899 -0.345 0.279
SPIN 3 0 0 15 -5.648 0.943 1.485
SPIN 2 0 0 0 1.558 -0.876 5.640
SPIN 2 0 0 1 -0.919 -5.782 0.851
SPIN 2 0 0 2 0.854 -5.666 1.471
SPIN 2 0 0 3 1.652 0.649 5.643
SPIN 2 0 0 4 2.061 -1.569 -5.319
SPIN 2 0 0 5 -1.788 5.635 0.228
SPIN 2 0 0 6 -3.393 -2.697 -4.027
SPIN 2 0 0 7 1.090 -3.306 -4.783
SPIN 2 0 0 8 0.815 -0.955 5.781
SPIN 2 0 0 9 -5.359 0.501 2.456
SPIN 2 0 0 10 -1.912 -4.662 -3.100
SPIN 2 0 0 11 2.271 -3.656 4.059
SPIN 2 0 0 12 -0.695 -1.595 5.654
SPIN 2 0 0 13 -4.929 2.972 -1.370
SPIN 2 0 0 14 1.494 -5.723 0.136
SPIN 2 0 0 15 -5.490 0.352 -2.176
SPIN 3 0 1 0 -2.210 3.420 -4.292
SPIN 3 0 1 1 3.350 2.077 -4.412
SPIN 3 0 1 2 -2.464 -5.035 1.892
SPIN 3 0 1 3 -4.844 -1.175 3.187
SPIN 3 0 1 4 2.475 -4.742 2.527
SPIN 3 0 1 5 3.403 -1.488 -4.605
SPIN 3 0 1 6 -0.414 3.364 4.849
SPIN 3 0 1 7 -1.013 0.539 -5.804
SPIN 3 0 1 8 -3.089 -4.770 1.643
SPIN 3 0 1 9 -0.602 -5.798 -1.007
SPIN 3 0 1 10 -5.263 0.131 -2.699
SPIN 3 0 1 11 -1.581 3.251 -4.683
SPIN 3 0 1 12 -1.886 -5.150 -2.219
SPIN 3 0 1 13 -0.814 -5.329 -2.437
SPIN 3 0 1 14 5.860 -0.578 -0.576
SPIN 3 0 1 15 4.055 2.410 3.570
SPIN 2 0 1 0 -4.634 0.179 -3.673
SPIN 2 0 1 1 -3.584 3.786 2.796
SPIN 2 0 1 2 1.996 5.124 -2.181
SPIN 2 0 1 3 3.950 3.703 2.384
SPIN 2 0 1 4 2.196 5.327 1.342
SPIN 2 0 1 5 -1.478 -0.685 -5.687
SPIN 2 0 1 6 -1.207 2.352 -5.292
SPIN 2 0 1 7 3.848 -0.168 4.490
SPIN 2 0 1 8 -4.003 -3.026 -3.134
SPIN 2 0 1 9 5.000 -0.790 3.061
SPIN 2 0 1 10 -1.189 -3.083 -4.908
SPIN 2 0 1 11 -4.167 4.197 0.137
SPIN 2 0 1 12 -4.311 -0.359 4.035
SPIN 2 0 1 13 2.527 3.114 -4.349
SPIN 2 0 1 14 4.729 1.682 3.131
SPIN 2 0 1 15 0.649 -5.822 -0.825
SPIN 3 0 2 0 4.287 3.358 -2.311
SPIN 3 0 2 1 -3.579 -3.896 2.649
SPIN 3 0 2 2 -3.204 -4.098 -2.818
SPIN 3 0 2 3 -0.475 5.823 -0.932
SPIN 3 0 2 4 -0.725 5.188 -2.749
SPIN 3 0 2 5 -5.881 -0.074 -0.641
SPIN 3 0 2 6 -2.618 -5.245 -0.796
SPIN 3 0 2 7 -2.953 -3.222 3.987
SPIN 3 0 2 8 0.387 5.077 3.012
SPIN 3 0 2 9 2.162 -4.591 3.041
SPIN 3 0 2 10 -3.869 2.744 -3.536
SPIN 3 0 2 11 5.228 -2.117 -1.786
SPIN 3 0 2 12 4.802 1.651 -3.035
SPIN 3 0 2 13 5.804 -0.721 0.892
SPIN 3 0 2 14 -5.075 -0.480 -3.002
SPIN 3 0 2 15 5.551 -0.011 2.047
SPIN 2 0 2 0 -0.619 -4.267 4.051
SPIN 2 0 2 1 0.024 -3.271 -4.929
SPIN 2 0 2 2 4.176 4.136 -0.675
SPIN 2 0 2 3 -4.895 -0.487 -3.287
SPIN 2 0 2 4 3.626 -1.023 4.561
SPIN 2 0 2 5 1.698 -4.157 -3.852
SPIN 2 0 2 6 -0.808 5.749 1.136
SPIN 2 0 2 7 -4.429 -2.262 -3.205
SPIN 2 0 2 8 -1.829 -5.426 -1.487
SPIN 2 0 2 9 -1.315 -0.887 -5.699
SPIN 2 0 2 10 -1.347 -4.338 3.791
SPIN 2 0 2 11 0.338 -5.906 -0.030
SPIN 2 0 2 12 1.936 5.480 -1.104
SPIN 2 0 2 13 -4.337 0.501 3.993
SPIN 2 0 2 14 -5.128 -1.695 -2.414
SPIN 2 0 2 15 -4.714 1.761 -3.111
SPIN 3 0 3 0 1.736 -2.291 5.171
SPIN 3 0 3 1 4.261 1.515 -3.814
SPIN 3 0 3 2 -4.832 -2.774 -1.988
SPIN 3 0 3 3 3.762 3.332 3.121
SPIN 3 0 3 4 5.077 -1.936 2.339
SPIN 3 0 3 5 -5.285 -1.640 2.092
SPIN 3 0 3 6 -3.967 -4.388 -0.094
SPIN 3 0 3 7 4.792 -0.394 3.446
SPIN 3 0 3 8 -3.845 1.654 4.181
SPIN 3 0 3 9 1.746 4.551 -3.353
SPIN 3 0 3 10 -5.590 -1.851 0.568
SPIN 3 0 3 11 2.590 2.620 4.629
SPIN 3 0 3 12 -5.268 2.515 0.960
SPIN 3 0 3 13 -1.553 -4.934 -2.872
SPIN 3 0 3 14 5.433 1.243 -1.983
SPIN 3 0 3 15 4.047 -1.180 4.151
SPIN 2 0 3 0 1.519 4.562 -3.447
SPIN 2 0 3 1 -3.088 3.980 -3.103
SPIN 2 0 3 2 -1.722 0.309 5.651
SPIN 2 0 3 3 -2.346 -5.015 2.084
SPIN 2 0 3 4 3.378 -2.075 -4.391
SPIN 2 0 3 5 -4.870 -0.987 3.211
SPIN 2 0 3 6 -0.204 -4.117 -4.244
SPIN 2 0 3 7 2.307 0.151 5.445
SPIN 2 0 3 8 -0.169 3.270 -4.927
SPIN 2 0 3 9 -4.640 -2.566 2.624
SPIN 2 0 3 10 1.479 3.033 -4.859
SPIN 2 0 3 11 -1.531 3.374 4.612
SPIN 2 0 3 12 1.579 -4.165 3.894
SPIN 2 0 3 13 4.939 -2.813 -1.641
SPIN 2 0 3 14 -5.392 -2.003 -1.384
SPIN 2 0 3 15 2.960 -3.714 3.527
SPIN 3 0 4 0 5.837 0.920 -0.281
SPIN 3 0 4 1 -4.029 4.300 -0.522
SPIN 3 0 4 2 0.052 -2.926 5.142
SPIN 3 0 4 3 5.276 1.159 2.414
SPIN 3 0 4 4 2.850 3.023 4.212
SPIN 3 0 4 5 3.011 -3.062 4.069
SPIN 3 0 4 6 -4.520 3.023 -2.331
SPIN 3 0 4 7 5.361 1.793 -1.744
SPIN 3 0 4 8 -4.337 3.198 2.442
SPIN 3 0 4 9 1.772 2.329 -5.142
SPIN 3 0 4 10 2.885 -5.030 1.170
SPIN 3 0 4 11 -3.334 0.592 -4.851
SPIN 3 0 4 12 0.227 -3.060 5.058
SPIN 3 0 4 13 1.537 -3.010 -4.856
SPIN 3 0 4 14 5.901 0.094 -0.413
SPIN 3 0 4 15 -5.668 -0.533 -1.608
SPIN 2 0 4 0 -4.432 -3.142 2.342
SPIN 2 0 4 1 -5.058 -1.279 2.790
SPIN 2 0 4 2 -0.908 0.153 -5.844
SPIN 2 0 4 3 4.415 3.286 -2.171
SPIN 2 0 4 4 -2.312 5.320 1.162
SPIN 2 0 4 5 -2.177 -0.151 -5.499
SPIN 2 0 4 6 -5.611 -1.585 -1.002
SPIN 2 0 4 7 -0.657 3.991 -4.317
SPIN 2 0 4 8 -3.756 2.526 3.810
SPIN 2 0 4 9 3.727 -1.890 -4.188
SPIN 2 0 4 10 -3.024 -4.646 2.065
SPIN 2 0 4 11 -5.356 -0.356 -2.487
SPIN 2 0 4 12 0.434 -5.886 0.413
SPIN 2 0 4 13 4.682 3.411 -1.202
SPIN 2 0 4 14 -5.534 -0.320 -2.067
SPIN 2 0 4 15 4.837 -1.331 -3.135
SPIN 3 0 5 0 0.747 -4.832 -3.331
SPIN 3 0 5 1 1.289 -4.285 3.870
SPIN 3 0 5 2 -0.803 3.947 -4.333
SPIN 3 0 5 3 -2.328 -1.859 5.112
SPIN 3 0 5 4 0.132 -5.911 0.199
SPIN 3 0 5 5 4.631 1.894 3.157
SPIN 3 0 5 6 0.438 -5.892 0.311
SPIN 3 0 5 7 5.486 2.037 0.867
SPIN 3 0 5 8 -5.567 0.859 -1.809
SPIN 3 0 5 9 -1.077 5.345 2.295
SPIN 3 0 5 10 -2.465 -4.209 -3.348
SPIN 3 0 5 11 3.966 1.880 -3.967
SPIN 3 0 5 12 -3.663 2.453 3.945
SPIN 3 0 5 13 -3.080 5.047 -0.217
SPIN 3 0 5 14 3.573 -0.744 4.656
SPIN 3 0 5 15 0.249 -4.105 -4.253
SPIN 2 0 5 0 3.223 -1.904 4.581
SPIN 2 0 5 1 -3.179 -3.337 -3.710
SPIN 2 0 5 2 0.346 -5.389 -2.417
SPIN 2 0 5 3 -2.145 2.470 4.929
SPIN 2 0 5 4 4.555 -1.694 -3.374
SPIN 2 0 5 5 -5.829 -0.364 -0.944
SPIN 2 0 5 6 -2.186 1.678 -5.235
SPIN 2 0 5 7 0.139 5.845 0.904
SPIN 2 0 5 8 -5.042 -1.314 -2.803
SPIN 2 0 5 9 3.845 -3.637 2.644
SPIN 2 0 5 10 -4.882 3.046 1.374
SPIN 2 0 5 11 1.361 2.885 4.982
SPIN 2 0 5 12 -0.037 -5.613 -1.869
SPIN 2 0 5 13 -5.788 0.867 0.862
SPIN 2 0 5 14 4.007 -2.924 -3.224
SPIN 2 0 5 15 -5.580 -1.817 -0.747
SPIN 3 0 6 0 -1.832 3.177 4.642
SPIN 3 0 6 1 -4.207 3.977 1.219
SPIN 3 0 6 2 1.584 -5.665 0.633
SPIN 3 0 6 3 2.758 3.346 4.024
SPIN 3 0 6 4 -1.535 -0.971 -5.630
SPIN 3 0 6 5 -2.697 5.212 -0.750
SPIN 3 0 6 6 0.143 -4.666 -3.634
SPIN 3 0 6 7 3.769 1.605 4.268
SPIN 3 0 6 8 -0.258 -5.683 1.622
SPIN 3 0 6 9 -4.468 0.100 3.877
SPIN 3 0 6 10 -1.070 5.141 -2.725
SPIN 3 0 6 11 -5.280 1.231 2.369
SPIN 3 0 6 12 1.301 -0.838 -5.710
SPIN 3 0 6 13 1.334 -4.894 -3.044
SPIN 3 0 6 14 -0.730 5.395 -2.316
SPIN 3 0 6 15 2.177 -5.298 1.479
SPIN 2 0 6 0 0.185 -1.619 -5.687
SPIN 2 0 6 1 -0.229 5.908 0.220
SPIN 2 0 6 2 -3.790 3.114 3.307
SPIN 2 0 6 3 -2.627 5.035 -1.658
SPIN 2 0 6 4 0.670 -5.490 2.099
SPIN 2 0 6 5 -0.979 2.985 -5.013
SPIN 2 0 6 6 -0.415 5.867 0.637
SPIN 2 0 6 7 -4.869 1.206 3.137
SPIN 2 0 6 8 3.329 -2.478 -4.216
SPIN 2 0 6 9 -4.034 4.090 -1.414
SPIN 2 0 6 10 -3.275 -2.952 3.945
SPIN 2 0 6 11 2.055 1.014 -5.454
SPIN 2 0 6 12 -2.786 -2.650 4.497
SPIN 2 0 6 13 2.577 2.771 -4.548
SPIN 2 0 6 14 -0.928 2.327 5.360
SPIN 2 0 6 15 3.744 4.230 1.758
SPIN 3 0 7 0 1.003 -5.079 2.863
SPIN 3 0 7 1 -5.082 2.257 -2.021
SPIN 3 0 7 2 -2.545 1.367 5.163
SPIN 3 0 7 3 -1.801 3.520 4.401
SPIN 3 0 7 4 -0.799 2.674 5.217
SPIN 3 0 7 5 -1.406 -2.955 -4.929
SPIN 3 0 7 6 4.552 -3.426 -1.593
SPIN 3 0 7 7 0.381 2.039 -5.541
SPIN 3 0 7 8 2.227 5.297 1.407
SPIN 3 0 7 9 1.450 -4.798 -3.142
SPIN 3 0 7 10 -3.290 -3.007 3.890
SPIN 3 0 7 11 3.880 1.686 -4.135
SPIN 3 0 7 12 -0.113 -5.618 -1.850
SPIN 3 0 7 13 -2.905 3.939 -3.324
SPIN 3 0 7 14 -1.681 -2.926 4.859
SPIN 3 0 7 15 5.400 0.907 -2.240
SPIN 2 0 7 0 -5.405 0.915 2.225
SPIN 2 0 7 1 2.450 4.727 2.579
SPIN 2 0 7 2 -1.465 -4.387 3.689
SPIN 2 0 7 3 3.973 -2.509 3.594
SPIN 2 0 7 4 -4.232 3.731 -1.782
SPIN 2 0 7 5 -3.657 -4.622 -0.513
SPIN 2 0 7 6 -1.524 1.421 5.537
SPIN 2 0 7 7 -3.015 1.608 -4.830
SPIN 2 0 7 8 -2.695 -3.906 3.532
SPIN 2 0 7 9 3.759 -1.404 -4.347
SPIN 2 0 7 10 1.010 -0.640 -5.794
SPIN 2 0 7 11 -3.954 0.565 4.364
SPIN 2 0 7 12 -1.786 0.987 -5.553
SPIN 2 0 7 13 1.674 0.271 5.668
SPIN 2 0 7 14 -5.777 0.474 -1.183
SPIN 2 0 7 15 1.188 3.398 -4.695
SPIN 3 0 8 0 2.546 -4.779 2.384
SPIN 3 0 8 1 0.987 -0.327 -5.824
SPIN 3 0 8 2 1.600 -2.537 5.099
SPIN 3 0 8 3 1.102 -4.729 3.380
SPIN 3 0 8 4 -2.677 4.061 3.367
SPIN 3 0 8 5 1.182 -0.838 -5.736
SPIN 3 0 8 6 -5.609 -0.166 1.874
SPIN 3 0 8 7 5.673 1.514 0.723
SPIN 3 0 8 8 5.250 1.400 2.342
SPIN 3 0 8 9 -4.194 4.119 -0.671
SPIN 3 0 8 10 -2.998 5.057 -0.661
SPIN 3 0 8 11 4.235 -3.603 2.020
SPIN 3 0 8 12 -1.199 -5.638 1.331
SPIN 3 0 8 13 4.683 3.221 1.643
SPIN 3 0 8 14 -3.417 0.147 -4.828
SPIN 3 0 8 15 -4.061 3.303 2.757
SPIN 2 0 8 0 1.338 5.735 0.561
SPIN 2 0 8 1 -1.893 -3.209 -4.595
SPIN 2 0 8 2 -3.051 1.135 4.940
SPIN 2 0 8 3 -5.466 -1.423 1.762
SPIN 2 0 8 4 5.652 -1.001 1.432
SPIN 2 0 8 5 1.304 4.418 3.712
SPIN 2 0 8 6 2.498 -1.421 5.171
SPIN 2 0 8 7 3.995 -1.068 -4.231
SPIN 2 0 8 8 5.470 1.039 -2.000
SPIN 2 0 8 9 -4.001 -1.287 -4.164
SPIN 2 0 8 10 0.643 -1.772 5.608
SPIN 2 0 8 11 2.803 4.424 -2.752
SPIN 2 0 8 12 5.675 0.238 -1.653
SPIN 2 0 8 13 -3.099 3.311 3.799
SPIN 2 0 8 14 2.672 -0.556 -5.249
SPIN 2 0 8 15 -0.368 2.006 5.553
SPIN 3 0 9 0 0.619 -5.539 1.985
SPIN 3 0 9 1 4.669 0.402 -3.611
SPIN 3 0 9 2 -0.478 5.886 0.351
SPIN 3 0 9 3 -0.347 1.071 5.808
SPIN 3 0 9 4 1.599 3.276 -4.660
SPIN 3 0 9 5 -3.541 4.460 1.605
SPIN 3 0 9 6 4.758 -3.300 -1.212
SPIN 3 0 9 7 3.679 -0.531 -4.603
SPIN 3 0 9 8 -4.488 -1.839 3.387
SPIN 3 0 9 9 -1.843 -1.811 -5.322
SPIN 3 0 9 10 3.590 -3.231 -3.417
SPIN 3 0 9 11 -1.733 3.435 4.495
SPIN 3 0 9 12 4.890 -1.760 -2.827
SPIN 3 0 9 13 4.680 3.440 1.122
SPIN 3 0 9 14 -1.664 3.734 4.276
SPIN 3 0 9 15 -3.631 -3.029 -3.556
SPIN 2 0 9 0 -1.228 -4.676 3.410
SPIN 2 0 9 1 4.151 2.557 -3.351
SPIN 2 0 9 2 4.911 -2.001 2.623
SPIN 2 0 9 3 3.823 -4.397 1.027
SPIN 2 0 9 4 -5.744 -0.704 -1.230
SPIN 2 0 9 5 1.685 5.523 -1.288
SPIN 2 0 9 6 -3.739 -0.612 -4.544
SPIN 2 0 9 7 -3.507 4.466 1.659
SPIN 2 0 9 8 -1.573 2.335 5.203
SPIN 2 0 9 9 1.363 -5.755 0.138
SPIN 2 0 9 10 4.352 -1.507 3.714
SPIN 2 0 9 11 -5.362 2.496 0.118
SPIN 2 0 9 12 -1.249 -5.486 1.828
SPIN 2 0 9 13 0.517 5.143 2.878
SPIN 2 0 9 14 -1.582 1.662 5.453
SPIN 2 0 9 15 5.179 2.448 -1.477
SPIN 3 0 10 0 0.937 5.826 0.429
SPIN 3 0 10 1 -5.624 0.161 1.828
SPIN 3 0 10 2 5.541 -2.057 0.255
SPIN 3 0 10 3 -0.671 -4.951 -3.169
SPIN 3 0 10 4 -3.159 -4.737 1.606
SPIN 3 0 10 5 5.520 0.045 -2.129
SPIN 3 0 10 6 3.817 0.128 -4.518
SPIN 3 0 10 7 1.027 -5.010 2.975
SPIN 3 0 10 8 5.849 -0.494 0.739
SPIN 3 0 10 9 -4.043 4.136 -1.245
SPIN 3 0 10 10 1.535 -5.713 -0.104
SPIN 3 0 10 11 1.124 -2.366 5.305
SPIN 3 0 10 12 1.338 2.691 -5.096
SPIN 3 0 10 13 -0.788 -5.719 1.295
SPIN 3 0 10 14 4.004 -3.613 2.432
SPIN 3 0 10 15 -3.451 4.715 -0.926
SPIN 2 0 10 0 -0.635 5.261 -2.631
SPIN 2 0 10 1 2.365 -4.348 -3.241
SPIN 2 0 10 2 -0.371 5.733 1.412
SPIN 2 0 10 3 -5.457 1.661 1.569
SPIN 2 0 10 4 5.147 -2.916 0.006
SPIN 2 0 10 5 -3.197 2.041 4.540
SPIN 2 0 10 6 -4.724 -2.610 -2.423
SPIN 2 0 10 7 0.432 -3.569 -4.698
SPIN 2 0 10 8 3.203 4.120 -2.787
SPIN 2 0 10 9 1.606 -5.053 2.624
SPIN 2 0 10 10 -4.887 2.757 -1.875
SPIN 2 0 10 11 4.491 3.268 2.037
SPIN 2 0 10 12 -4.764 -1.152 3.314
SPIN 2 0 10 13 -0.583 -5.879 -0.313
SPIN 2 0 10 14 3.251 -4.015 -2.883
SPIN 2 0 10 15 4.017 4.016 1.652
SPIN 3 0 11 0 -4.913 1.611 2.875
SPIN 3 0 11 1 0.522 0.656 5.856
SPIN 3 0 11 2 -0.648 -3.702 -4.569
SPIN 3 0 11 3 -4.992 2.797 1.502
SPIN 3 0 11 4 3.583 4.689 -0.419
SPIN 3 0 11 5 -5.570 0.418 1.950
SPIN 3 0 11 6 4.728 -0.321 3.542
SPIN 3 0 11 7 2.275 1.092 -5.351
SPIN 3 0 11 8 -3.888 -4.282 -1.245
SPIN 3 0 11 9 4.936 -0.783 -3.166
SPIN 3 0 11 10 -3.393 4.811 -0.582
SPIN 3 0 11 11 1.698 -5.352 -1.864
SPIN 3 0 11 12 2.702 -1.965 -4.882
SPIN 3 0 11 13 3.649 2.569 -3.884
SPIN 3 0 11 14 2.925 3.397 3.861
SPIN 3 0 11 15 -2.782 -4.861 -1.905
SPIN 2 0 11 0 -3.195 -1.613 4.711
SPIN 2 0 11 1 -0.335 2.882 5.156
SPIN 2 0 11 2 1.396 -4.698 -3.314
SPIN 2 0 11 3 0.773 -2.796 5.156
SPIN 2 0 11 4 2.021 -0.847 -5.495
SPIN 2 0 11 5 3.112 -3.638 3.476
SPIN 2 0 11 6 4.783 2.980 -1.800
SPIN 2 0 11 7 -3.038 0.271 -5.070
SPIN 2 0 11 8 0.344 -3.642 4.650
SPIN 2 0 11 9 4.057 3.177 2.906
SPIN 2 0 11 10 -5.778 -0.706 -1.054
SPIN 2 0 11 11 -2.156 0.161 -5.507
SPIN 2 0 11 12 2.789 3.392 3.964
SPIN 2 0 11 13 5.460 -1.331 1.848
SPIN 2 0 11 14 -1.668 2.418 5.135
SPIN 2 0 11 15 2.719 -2.771 -4.465
SPIN 3 0 12 0 3.953 0.033 4.401
SPIN 3 0 12 1 -2.088 -5.071 -2.218
SPIN 3 0 12 2 4.046 2.114 3.763
SPIN 3 0 12 3 3.784 -4.230 -1.670
SPIN 3 0 12 4 4.637 -2.874 2.288
SPIN 3 0 12 5 -3.618 1.768 -4.334
SPIN 3 0 12 6 -1.392 -1.905 5.426
SPIN 3 0 12 7 -1.246 5.782 0.104
SPIN 3 0 12 8 -1.067 -3.154 -4.890
SPIN 3 0 12 9 -5.262 0.807 2.582
SPIN 3 0 12 10 -0.495 -5.644 -1.702
SPIN 3 0 12 11 -5.536 2.057 -0.342
SPIN 3 0 12 12 -3.241 1.961 4.544
SPIN 3 0 12 13 -4.622 -0.395 3.672
SPIN 3 0 12 14 3.364 -3.587 -3.289
SPIN 3 0 12 15 3.311 0.553 4.871
SPIN 2 0 12 0 -5.505 1.759 1.267
SPIN 2 0 12 1 4.685 -0.216 3.606
SPIN 2 0 12 2 -3.238 0.715 4.900
SPIN 2 0 12 3 2.476 -5.114 -1.650
SPIN 2 0 12 4 -4.269 2.901 2.892
SPIN 2 0 12 5 -3.162 -4.773 1.489
SPIN 2 0 12 6 3.525 3.045 -3.647
SPIN 2 0 12 7 -1.031 -5.798 0.567
SPIN 2 0 12 8 5.706 -1.046 1.161
SPIN 2 0 12 9 -0.011 -3.133 5.018
SPIN 2 0 12 10 5.192 2.807 -0.403
SPIN 2 0 12 11 -3.006 1.224 4.946
SPIN 2 0 12 12 4.302 1.626 -3.721
SPIN 2 0 12 13 -0.536 -5.119 2.917
SPIN 2 0 12 14 -4.920 -1.988 -2.616
SPIN 2 0 12 15 0.479 -3.349 -4.853
SPIN 3 0 13 0 3.264 3.436 -3.541
SPIN 3 0 13 1 5.452 -2.297 0.051
SPIN 3 0 13 2 2.269 -2.317 -4.948
SPIN 3 0 13 3 2.176 2.993 -4.616
SPIN 3 0 13 4 -0.282 -2.394 5.403
SPIN 3 0 13 5 -1.559 -5.373 1.924
SPIN 3 0 13 6 -4.346 -2.342 3.261
SPIN 3 0 13 7 -5.818 0.378 -1.006
SPIN 3 0 13 8 -0.491 -1.180 5.777
SPIN 3 0 13 9 -1.854 3.584 -4.327
SPIN 3 0 13 10 -2.371 5.405 0.407
SPIN 3 0 13 11 -5.769 1.271 0.325
SPIN 3 0 13 12 5.150 -1.641 2.404
SPIN 3 0 13 13 -5.750 0.708 -1.201
SPIN 3 0 13 14 -4.363 -1.451 3.722
SPIN 3 0 13 15 -1.807 5.516 1.144
SPIN 2 0 13 0 -3.864 -3.666 -2.575
SPIN 2 0 13 1 -1.975 -2.807 -4.819
SPIN 2 0 13 2 -2.959 3.865 -3.362
SPIN 2 0 13 3 -1.529 5.603 1.125
SPIN 2 0 13 4 5.791 -1.010 0.664
SPIN 2 0 13 5 -0.593 5.098 2.943
SPIN 2 0 13 6 2.688 -0.287 -5.262
SPIN 2 0 13 7 5.635 -1.397 1.139
SPIN 2 0 13 8 5.548 -0.602 1.963
SPIN 2 0 13 9 -4.589 2.670 2.609
SPIN 2 0 13 10 -2.440 -3.336 -4.233
SPIN 2 0 13 11 2.328 -5.386 -0.754
SPIN 2 0 13 12 2.122 -4.962 -2.424
SPIN 2 0 13 13 4.810 0.155 3.441
SPIN 2 0 13 14 1.903 -2.378 5.072
SPIN 2 0 13 15 -2.342 -4.126 3.534
SPIN 3 0 14 0 4.005 -1.976 3.879
SPIN 3 0 14 1 -3.597 -4.585 1.020
SPIN 3 0 14 2 3.826 1.075 4.382
SPIN 3 0 14 3 -3.248 -2.615 4.197
SPIN 3 0 14 4 -1.938 5.362 -1.580
SPIN 3 0 14 5 -2.372 5.366 -0.762
SPIN 3 0 14 6 2.766 -4.538 2.600
SPIN 3 0 14 7 0.465 2.696 5.246
SPIN 3 0 14 8 -1.750 -3.580 -4.373
SPIN 3 0 14 9 -0.469 5.194 2.793
SPIN 3 0 14 10 -4.008 -4.136 -1.350
SPIN 3 0 14 11 -2.563 2.164 -4.873
SPIN 3 0 14 12 -1.970 5.440 -1.233
SPIN 3 0 14 13 5.766 -1.316 0.131
SPIN 3 0 14 14 5.636 1.447 1.069
SPIN 3 0 14 15 3.315 -2.444 -4.247
SPIN 2 0 14 0 -0.045 5.250 2.727
SPIN 2 0 14 1 -0.828 1.760 -5.587
SPIN 2 0 14 2 -0.902 -2.669 -5.202
SPIN 2 0 14 3 5.287 -1.512 2.182
SPIN 2 0 14 4 4.322 0.134 -4.037
SPIN 2 0 14 5 -1.159 -4.100 -4.104
SPIN 2 0 14 6 4.865 1.985 -2.718
SPIN 2 0 14 7 -5.053 -1.351 2.764
SPIN 2 0 14 8 -1.519 -4.681 -3.283
SPIN 2 0 14 9 -3.457 -0.015 4.801
SPIN 2 0 14 10 4.563 -0.172 -3.762
SPIN 2 0 14 11 1.436 -3.074 4.847
SPIN 2 0 14 12 1.966 -5.530 -0.747
SPIN 2 0 14 13 -2.461 -2.295 -4.866
SPIN 2 0 14 14 -4.478 -1.837 3.402
SPIN 2 0 14 15 -2.660 0.396 5.270
SPIN 3 0 15 0 -0.569 -2.757 -5.203
SPIN 3 0 15 1 -3.070 5.021 0.605
SPIN 3 0 15 2 -3.508 4.735 0.522
SPIN 3 0 15 3 -3.782 -4.532 0.403
SPIN 3 0 15 4 5.577 1.853 0.680
SPIN 3 0 15 5 -0.821 4.323 3.955
SPIN 3 0 15 6 -1.872 3.446 -4.430
SPIN 3 0 15 7 4.185 -1.731 3.806
SPIN 3 0 15 8 -4.868 2.350 -2.404
SPIN 3 0 15 9 4.453 -0.313 3.882
SPIN 3 0 15 10 -2.700 -0.450 -5.245
SPIN 3 0 15 11 1.571 3.787 -4.265
SPIN 3 0 15 12 0.151 1.744 5.651
SPIN 3 0 15 13 -2.503 -1.096 5.247
SPIN 3 0 15 14 -1.920 5.507 -0.992
SPIN 3 0 15 15 -5.151 2.831 0.668
SPIN 2 0 15 0 -3.860 2.227 -3.892
SPIN 2 0 15 1 1.980 4.423 3.394
SPIN 2 0 15 2 0.779 3.228 4.896
SPIN 2 0 15 3 0.450 3.734 -4.566
SPIN 2 0 15 4 1.329 3.734 4.392
SPIN 2 0 15 5 5.409 -2.355 -0.437
SPIN 2 0 15 6 0.542 -5.859 -0.618
SPIN 2 0 15 7 2.229 5.203 -1.720
SPIN 2 0 15 8 4.897 1.054 -3.148
SPIN 2 0 15 9 -2.382 -5.406 -0.323
SPIN 2 0 15 10 -1.453 3.556 4.499
SPIN 2 0 15 11 -1.067 5.302 -2.398
SPIN 2 0 15 12 3.965 4.091 1.595
SPIN 2 0 15 13 3.889 4.287 1.223
SPIN 2 0 15 14 5.610 1.552 1.057
SPIN 2 0 15 15 0.179 5.865 0.757
SPIN 1 1 0 0 1.799 3.873 -4.094
SPIN 1 1 0 1 -0.556 -4.375 3.944
SPIN 1 1 0 2 4.874 2.378 -2.364
SPIN 1 1 0 3 -4.162 -3.945 -1.455
SPIN 1 1 0 4 3.889 -4.118 1.708
SPIN 1 1 0 5 -1.395 5.707 0.695
SPIN 1 1 0 6 4.997 -2.575 -1.843
SPIN 1 1 0 7 -5.700 -0.714 -1.413
SPIN 1 1 0 8 4.337 -3.096 2.570
SPIN 1 1 0 9 1.390 -4.960 -2.909
SPIN 1 1 0 10 -0.569 5.751 -1.267
SPIN 1 1 0 11 -0.439 -5.866 -0.632
SPIN 1 1 0 12 2.284 -3.697 -4.015
SPIN 1 1 0 13 4.015 -4.282 0.738
SPIN 1 1 0 14 -2.708 5.009 -1.605
SPIN 1 1 0 15 -2.376 0.481 -5.397
SPIN 4 1 0 0 4.798 0.560 -3.416
SPIN 4 1 0 1 -1.430 5.680 0.832
SPIN 4 1 0 2 -0.376 -1.773 5.631
SPIN 4 1 0 3 -0.513 5.746 -1.311
SPIN 4 1 0 4 -2.927 4.180 -2.993
SPIN 4 1 0 5 3.504 0.115 4.765
SPIN 4 1 0 6 -2.860 -0.020 5.179
SPIN 4 1 0 7 2.120 -5.483 0.666
SPIN 4 1 0 8 -1.621 3.257 -4.665
SPIN 4 1 0 9 0.695 -1.510 5.678
SPIN 4 1 0 10 -5.064 -3.042 -0.324
SPIN 4 1 0 11 1.133 5.031 -2.900
SPIN 4 1 0 12 -0.869 -0.835 -5.792
SPIN 4 1 0 13 -0.718 5.110 2.893
SPIN 4 1 0 14 4.400 -2.353 3.178
SPIN 4 1 0 15 -3.550 4.351 1.861
SPIN 1 1 1 0 -2.425 -3.027 -4.467
SPIN 1 1 1 1 4.954 -3.233 0.016
SPIN 1 1 1 2 5.249 -1.351 2.372
SPIN 1 1 1 3 -2.392 -4.350 3.218
SPIN 1 1 1 4 5.341 -2.395 0.859
SPIN 1 1 1 5 -5.196 1.291 2.518
SPIN 1 1 1 6 4.120 3.518 2.378
SPIN 1 1 1 7 2.298 3.900 -3.809
SPIN 1 1 1 8 -1.156 3.190 4.847
SPIN 1 1 1 9 -5.357 1.182 -2.214
SPIN 1 1 1 10 3.269 4.836 -0.965
SPIN 1 1 1 11 -1.963 3.568 -4.291
SPIN 1 1 1 12 5.258 -2.633 -0.649
SPIN 1 1 1 13 1.516 0.721 5.673
SPIN 1 1 1 14 0.198 1.669 5.672
SPIN 1 1 1 15 -2.401 5.045 1.943
SPIN 4 1 1 0 1.453 -5.715 0.476
SPIN 4 1 1 1 -3.866 -1.623 -4.173
SPIN 4 1 1 2 -3.495 -4.271 -2.132
SPIN 4 1 1 3 -5.181 2.373 1.590
SPIN 4 1 1 4 -1.776 -2.759 4.923
SPIN 4 1 1 5 5.140 -1.426 -2.559
SPIN 4 1 1 6 5.618 0.989 -1.569
SPIN 4 1 1 7 -2.681 -5.268 -0.253
SPIN 4 1 1 8 -0.858 -5.286 2.514
SPIN 4 1 1 9 -5.211 2.640 -0.934
SPIN 4 1 1 10 5.832 0.810 -0.578
SPIN 4 1 1 11 -2.606 2.764 4.535
SPIN 4 1 1 12 -1.323 -2.030 5.397
SPIN 4 1 1 13 1.888 1.839 -5.297
SPIN 4 1 1 14 -2.782 -4.294 2.970
SPIN 4 1 1 15 4.812 -1.250 3.207
SPIN 1 1 2 0 -1.595 -5.692 0.245
SPIN 1 1 2 1 -3.196 0.040 -4.978
SPIN 1 1 2 2 -0.608 -2.787 5.183
SPIN 1 1 2 3 5.041 -2.546 -1.764
SPIN 1 1 2 4 -4.073 4.223 -0.761
SPIN 1 1 2 5 4.911 3.042 1.276
SPIN 1 1 2 6 2.816 1.281 5.043
SPIN 1 1 2 7 -5.056 1.379 2.745
SPIN 1 1 2 8 -4.255 4.030 0.809
SPIN 1 1 2 9 1.180 -5.413 -2.075
SPIN 1 1 2 10 -2.649 -1.391 5.104
SPIN 1 1 2 11 -5.328 0.658 2.485
SPIN 1 1 2 12 -5.269 -2.656 -0.421
SPIN 1 1 2 13 -5.842 0.208 -0.912
SPIN 1 1 2 14 3.559 -0.209 4.721
SPIN 1 1 2 15 2.477 -1.589 5.132
SPIN 4 1 2 0 4.659 -2.800 -2.336
SPIN 4 1 2 1 -3.969 1.605 4.083
SPIN 4 1 2 2 3.292 2.059 4.464
SPIN 4 1 2 3 3.269 1.348 -4.743
SPIN 4 1 2 4 -4.503 3.323 1.917
SPIN 4 1 2 5 0.174 5.844 0.906
SPIN 4 1 2 6 4.405 2.843 -2.742
SPIN 4 1 2 7 1.366 5.460 1.821
SPIN 4 1 2 8 -0.446 3.972 -4.361
SPIN 4 1 2 9 3.588 -0.755 4.642
SPIN 4 1 2 10 -0.166 -5.914 0.010
SPIN 4 1 2 11 -3.045 -3.546 3.627
SPIN 4 1 2 12 4.624 1.184 -3.495
SPIN 4 1 2 13 -4.466 -2.015 3.316
SPIN 4 1 2 14 5.512 -1.807 -1.162
SPIN 4 1 2 15 -3.625 4.648 0.505
SPIN 1 1 3 0 -2.998 2.329 4.537
SPIN 1 1 3 1 4.893 0.697 3.251
SPIN 1 1 3 2 -1.441 -2.090 -5.344
SPIN 1 1 3 3 2.848 0.773 5.128
SPIN 1 1 3 4 -4.193 -3.724 -1.883
SPIN 1 1 3 5 4.354 -0.618 -3.957
SPIN 1 1 3 6 -2.131 0.265 -5.512
SPIN 1 1 3 7 0.999 -5.820 0.366
SPIN 1 1 3 8 4.135 3.768 -1.926
SPIN 1 1 3 9 -5.104 -1.234 2.724
SPIN 1 1 3 10 1.071 5.794 0.528
SPIN 1 1 3 11 -1.560 5.703 -0.191
SPIN 1 1 3 12 5.408 -1.573 1.812
SPIN 1 1 3 13 1.592 5.012 -2.711
SPIN 1 1 3 14 -5.026 2.882 1.196
SPIN 1 1 3 15 2.065 5.511 0.604
SPIN 4 1 3 0 1.173 -0.374 5.787
SPIN 4 1 3 1 -0.430 -4.754 -3.494
SPIN 4 1 3 2 -0.708 -2.642 5.246
SPIN 4 1 3 3 -0.283 5.392 2.418
SPIN 4 1 3 4 1.085 -1.873 5.506
SPIN 4 1 3 5 -3.574 -0.274 -4.706
SPIN 4 1 3 6 4.125 2.840 -3.150
SPIN 4 1 3 7 -0.787 3.187 -4.922
SPIN 4 1 3 8 3.858 -4.161 1.674
SPIN 4 1 3 9 -5.031 2.450 -1.920
SPIN 4 1 3 10 3.596 -3.687 2.911
SPIN 4 1 3 11 -2.147 -2.918 4.677
SPIN 4 1 3 12 -5.660 -1.603 0.624
SPIN 4 1 3 13 4.677 1.440 -3.324
SPIN 4 1 3 14 -0.202 3.864 4.475
SPIN 4 1 3 15 -1.482 -5.293 -2.189
SPIN 1 1 4 0 -4.382 -2.308 -3.236
SPIN 1 1 4 1 -1.150 0.573 -5.775
SPIN 1 1 4 2 4.793 -0.981 -3.326
SPIN 1 1 4 3 -5.320 -2.149 -1.443
SPIN 1 1 4 4 2.079 3.625 -4.188
SPIN 1 1 4 5 3.766 2.383 -3.891
SPIN 1 1 4 6 0.515 3.014 5.064
SPIN 1 1 4 7 5.417 2.198 -0.909
SPIN 1 1 4 8 -3.653 -4.184 2.037
SPIN 1 1 4 9 -0.736 -5.001 3.074
SPIN 1 1 4 10 4.453 1.863 3.421
SPIN 1 1 4 11 -5.640 0.070 1.784
SPIN 1 1 4 12 3.089 -0.418 -5.028
SPIN 1 1 4 13 5.007 3.026 -0.880
SPIN 1 1 4 14 -2.522 -5.343 0.305
SPIN 1 1 4 15 -3.589 3.432 3.216
SPIN 4 1 4 0 2.789 -4.549 2.555
SPIN 4 1 4 1 0.864 5.781 0.914
SPIN 4 1 4 2 1.589 0.253 5.693
SPIN 4 1 4 3 5.815 1.048 0.291
SPIN 4 1 4 4 -2.144 -0.528 -5.489
SPIN 4 1 4 5 2.471 -0.512 5.351
SPIN 4 1 4 6 -0.433 5.577 -1.926
SPIN 4 1 4 7 -0.960 -5.436 -2.129
SPIN 4 1 4 8 -4.074 -2.915 -3.148
SPIN 4 1 4 9 1.225 -5.606 -1.441
SPIN 4 1 4 10 -1.265 0.962 5.698
SPIN 4 1 4 11 -0.054 2.099 -5.531
SPIN 4 1 4 12 -3.167 4.165 -2.760
SPIN 4 1 4 13 -3.112 -3.192 3.889
SPIN 4 1 4 14 2.313 -5.165 1.725
SPIN 4 1 4 15 2.036 4.756 2.871
SPIN 1 1 5 0 1.545 5.590 -1.167
SPIN 1 1 5 1 -3.131 3.033 4.000
SPIN 1 1 5 2 2.880 -4.991 1.339
SPIN 1 1 5 3 1.761 -5.633 0.411
SPIN 1 1 5 4 -2.125 -0.024 5.521
SPIN 1 1 5 5 -0.866 -0.507 5.830
SPIN 1 1 5 6 -2.444 4.043 -3.561
SPIN 1 1 5 7 2.325 -3.926 -3.766
SPIN 1 1 5 8 5.803 1.152 -0.055
SPIN 1 1 5 9 -2.798 -0.544 5.184
SPIN 1 1 5 10 3.778 -3.970 -2.228
SPIN 1 1 5 11 -5.016 2.346 2.082
SPIN 1 1 5 12 1.739 -4.907 2.810
SPIN 1 1 5 13 1.950 3.884 4.014
SPIN 1 1 5 14 -1.227 3.641 4.498
SPIN 1 1 5 15 1.560 -2.729 -5.012
SPIN 4 1 5 0 -5.033 -3.088 -0.363
SPIN 4 1 5 1 1.560 3.658 4.380
SPIN 4 1 5 2 -5.292 0.862 -2.500
SPIN 4 1 5 3 -4.166 3.243 2.670
SPIN 4 1 5 4 0.161 4.551 -3.777
SPIN 4 1 5 5 -1.658 -3.351 -4.585
SPIN 4 1 5 6 3.525 -4.322 1.973
SPIN 4 1 5 7 -0.407 5.856 0.736
SPIN 4 1 5 8 1.442 4.769 -3.190
SPIN 4 1 5 9 -0.526 -5.822 -0.907
SPIN 4 1 5 10 -3.099 -1.612 4.775
SPIN 4 1 5 11 5.844 0.558 0.732
SPIN 4 1 5 12 -4.282 -3.786 -1.525
SPIN 4 1 5 13 2.102 -4.697 2.918
SPIN 4 1 5 14 0.382 -1.757 -5.636
SPIN 4 1 5 15 5.122 -2.593 1.428
SPIN 1 1 6 0 -3.489 3.783 2.917
SPIN 1 1 6 1 5.039 -1.499 2.713
SPIN 1 1 6 2 0.159 3.928 4.421
SPIN 1 1 6 3 4.476 -3.868 -0.100
SPIN 1 1 6 4 -2.617 4.891 -2.058
SPIN 1 1 6 5 2.973 2.511 4.456
SPIN 1 1 6 6 1.337 -4.141 4.008
SPIN 1 1 6 7 3.327 4.760 1.128
SPIN 1 1 6 8 2.338 -2.799 -4.658
SPIN 1 1 6 9 -3.414 -0.037 -4.832
SPIN 1 1 6 10 5.067 1.632 2.582
SPIN 1 1 6 11 -0.451 -1.469 -5.713
SPIN 1 1 6 12 1.384 4.828 3.127
SPIN 1 1 6 13 -2.767 2.021 4.823
SPIN 1 1 6 14 -1.441 -1.537 5.528
SPIN 1 1 6 15 1.422 -3.798 -4.307
SPIN 4 1 6 0 -2.500 -4.596 -2.761
SPIN 4 1 6 1 2.310 -4.907 -2.363
SPIN 4 1 6 2 -4.038 -1.106 -4.180
SPIN 4 1 6 3 4.174 4.071 -1.001
SPIN 4 1 6 4 -4.406 -1.789 3.519
SPIN 4 1 6 5 -3.142 -1.455 4.797
SPIN 4 1 6 6 -1.341 5.091 -2.699
SPIN 4 1 6 7 5.377 -1.821 1.664
SPIN 4 1 6 8 -4.882 1.992 2.684
SPIN 4 1 6 9 -4.787 -3.327 1.009
SPIN 4 1 6 10 -3.803 4.481 -0.677
SPIN 4 1 6 11 1.808 3.495 -4.418
SPIN 4 1 6 12 -5.130 0.743 -2.852
SPIN 4 1 6 13 4.358 1.068 3.856
SPIN 4 1 6 14 1.118 -5.686 -1.191
SPIN 4 1 6 15 1.573 -5.463 1.638
SPIN 1 1 7 0 3.046 1.890 -4.706
SPIN 1 1 7 1 1.110 -0.426 5.795
SPIN 1 1 7 2 5.452 -1.615 -1.634
SPIN 1 1 7 3 -3.830 4.366 -1.127
SPIN 1 1 7 4 -2.630 -3.683 3.811
SPIN 1 1 7 5 0.825 0.279 -5.852
SPIN 1 1 7 6 -0.838 5.786 0.909
SPIN 1 1 7 7 -4.947 2.724 -1.762
SPIN 1 1 7 8 0.685 -2.394 5.367
SPIN 1 1 7 9 -4.916 3.090 -1.131
SPIN 1 1 7 10 0.207 3.026 5.079
SPIN 1 1 7 11 -0.878 3.904 4.357
SPIN 1 1 7 12 3.377 -0.449 4.837
SPIN 1 1 7 13 4.121 -3.898 -1.680
SPIN 1 1 7 14 2.386 -1.507 -5.200
SPIN 1 1 7 15 -5.545 -1.906 0.786
SPIN 4 1 7 0 -5.679 -1.511 -0.680
SPIN 4 1 7 1 4.674 -3.552 0.733
SPIN 4 1 7 2 5.318 -1.643 -2.005
SPIN 4 1 7 3 -0.884 -3.917 4.345
SPIN 4 1 7 4 4.946 2.522 -2.043
SPIN 4 1 7 5 -4.836 -1.396 -3.109
SPIN 4 1 7 6 1.288 2.749 5.078
SPIN 4 1 7 7 3.731 1.633 -4.290
SPIN 4 1 7 8 0.687 -4.099 -4.210
SPIN 4 1 7 9 2.817 5.201 -0.107
SPIN 4 1 7 10 -1.981 -4.492 -3.301
SPIN 4 1 7 11 -4.056 -3.166 -2.920
SPIN 4 1 7 12 -3.613 -4.418 -1.558
SPIN 4 1 7 13 5.505 2.147 0.298
SPIN 4 1 7 14 -0.133 -2.313 -5.443
SPIN 4 1 7 15 -0.276 1.951 5.578
SPIN 1 1 8 0 -1.795 -4.863 2.852
SPIN 1 1 8 1 2.866 3.170 -4.091
SPIN 1 1 8 2 -5.504 1.665 -1.392
SPIN 1 1 8 3 -5.301 -1.209 -2.332
SPIN 1 1 8 4 5.413 1.087 -2.126
SPIN 1 1 8 5 -5.627 -1.371 1.208
SPIN 1 1 8 6 3.451 2.917 -3.818
SPIN 1 1 8 7 -0.085 -2.874 5.170
SPIN 1 1 8 8 -3.567 4.573 1.169
SPIN 1 1 8 9 -0.504 -5.672 1.606
SPIN 1 1 8 10 2.167 4.695 2.875
SPIN 1 1 8 11 0.346 4.810 -3.427
SPIN 1 1 8 12 -0.739 -5.413 -2.270
SPIN 1 1 8 13 -4.180 0.562 4.149
SPIN 1 1 8 14 -0.614 -3.021 5.049
SPIN 1 1 8 15 3.951 3.647 -2.467
SPIN 4 1 8 0 -0.897 5.818 -0.590
SPIN 4 1 8 1 1.979 2.515 -4.976
SPIN 4 1 8 2 -1.254 -4.568 -3.545
SPIN 4 1 8 3 -1.782 4.201 -3.765
SPIN 4 1 8 4 -4.637 -0.258 3.665
SPIN 4 1 8 5 -1.232 5.717 0.891
SPIN 4 1 8 6 -1.935 5.130 -2.223
SPIN 4 1 8 7 -1.265 4.335 3.822
SPIN 4 1 8 8 1.507 -1.260 5.581
SPIN 4 1 8 9 -1.628 0.123 -5.686
SPIN 4 1 8 10 1.391 -5.661 1.012
SPIN 4 1 8 11 -5.423 -2.252 0.722
SPIN 4 1 8 12 3.932 4.196 1.392
SPIN 4 1 8 13 3.345 0.405 -4.863
SPIN 4 1 8 14 2.223 3.867 3.886
SPIN 4 1 8 15 -5.021 0.745 3.039
SPIN 1 1 9 0 5.598 1.902 -0.222
SPIN 1 1 9 1 -5.812 -1.019 -0.422
SPIN 1 1 9 2 -4.223 3.611 2.030
SPIN 1 1 9 3 5.060 3.061 -0.179
SPIN 1 1 9 4 -3.362 -4.051 2.699
SPIN 1 1 9 5 4.627 -3.555 -0.978
SPIN 1 1 9 6 -3.944 -3.794 2.246
SPIN 1 1 9 7 -2.280 5.425 0.609
SPIN 1 1 9 8 -2.220 3.904 -3.851
SPIN 1 1 9 9 3.722 3.006 3.480
SPIN 1 1 9 10 -4.976 2.320 -2.204
SPIN 1 1 9 11 -1.127 -1.340 -5.651
SPIN 1 1 9 12 -2.702 3.661 -3.781
SPIN 1 1 9 13 1.136 -3.572 4.577
SPIN 1 1 9 14 -3.511 -4.751 -0.319
SPIN 1 1 9 15 -3.134 5.018 0.039
SPIN 4 1 9 0 -2.265 -5.449 -0.426
SPIN 4 1 9 1 -5.435 0.379 2.307
SPIN 4 1 9 2 -4.840 -0.828 3.300
SPIN 4 1 9 3 3.026 -2.002 -4.673
SPIN 4 1 9 4 -0.610 5.849 0.642
SPIN 4 1 9 5 -4.067 -3.111 -2.963
SPIN 4 1 9 6 4.374 3.390 2.093
SPIN 4 1 9 7 -1.794 -4.571 3.299
SPIN 4 1 9 8 -5.814 1.020 0.390
SPIN 4 1 9 9 1.416 4.645 3.379
SPIN 4 1 9 10 -5.531 -2.038 -0.504
SPIN 4 1 9 11 -0.162 -3.401 4.838
SPIN 4 1 9 12 1.672 5.215 -2.239
SPIN 4 1 9 13 5.444 2.147 0.870
SPIN 4 1 9 14 1.485 -5.027 -2.743
SPIN 4 1 9 15 -0.000 5.345 -2.537
SPIN 1 1 10 0 1.634 -4.644 -3.281
SPIN 1 1 10 1 3.859 4.401 -0.861
SPIN 1 1 10 2 0.221 -5.182 -2.845
SPIN 1 1 10 3 -0.504 -5.713 -1.453
SPIN 1 1 10 4 5.621 1.824 0.287
SPIN 1 1 10 5 2.437 -0.686 -5.347
SPIN 1 1 10 6 3.260 -3.505 -3.477
SPIN 1 1 10 7 2.584 3.737 -3.789
SPIN 1 1 10 8 -2.288 2.718 -4.731
SPIN 1 1 10 9 -3.916 -0.769 -4.367
SPIN 1 1 10 10 0.534 -5.789 1.097
SPIN 1 1 10 11 3.799 2.928 -3.464
SPIN 1 1 10 12 -0.021 -0.723 5.872
SPIN 1 1 10 13 -0.059 1.961 -5.581
SPIN 1 1 10 14 3.359 4.851 0.429
SPIN 1 1 10 15 -5.782 -0.699 1.039
SPIN 4 1 10 0 -2.950 3.384 3.853
SPIN 4 1 10 1 2.402 5.140 1.677
SPIN 4 1 10 2 -2.472 -3.300 -4.243
SPIN 4 1 10 3 -2.234 -2.217 -5.009
SPIN 4 1 10 4 -5.097 -1.042 -2.817
SPIN 4 1 10 5 -0.598 0.743 5.839
SPIN 4 1 10 6 5.760 -1.211 0.597
SPIN 4 1 10 7 -1.244 2.214 5.343
SPIN 4 1 10 8 5.426 -1.173 2.046
SPIN 4 1 10 9 -4.934 0.373 3.243
SPIN 4 1 10 10 -0.418 2.417 -5.384
SPIN 4 1 10 11 -1.749 5.652 0.015
SPIN 4 1 10 12 -1.863 -4.793 -2.925
SPIN 4 1 10 13 -5.500 -1.506 1.576
SPIN 4 1 10 14 4.415 -0.206 3.933
SPIN 4 1 10 15 0.484 -1.174 -5.778
SPIN 1 1 11 0 2.055 4.589 -3.117
SPIN 1 1 11 1 1.312 -1.558 -5.554
SPIN 1 1 11 2 -1.494 -0.831 5.664
SPIN 1 1 11 3 1.776 2.677 4.968
SPIN 1 1 11 4 2.294 -3.635 4.065
SPIN 1 1 11 5 5.276 -1.727 2.046
SPIN 1 1 11 6 3.838 2.701 -3.602
SPIN 1 1 11 7 2.840 -5.004 -1.378
SPIN 1 1 11 8 -3.801 4.482 -0.680
SPIN 1 1 11 9 2.156 -1.317 -5.350
SPIN 1 1 11 10 -3.705 -4.590 0.451
SPIN 1 1 11 11 5.880 0.104 -0.644
SPIN 1 1 11 12 -5.812 0.537 0.963
SPIN 1 1 11 13 -4.365 -2.716 -2.928
SPIN 1 1 11 14 -5.568 -1.497 1.327
SPIN 1 1 11 15 2.670 5.267 -0.362
SPIN 4 1 11 0 5.164 -2.828 0.581
SPIN 4 1 11 1 3.588 0.060 4.704
SPIN 4 1 11 2 -1.094 -5.797 -0.443
SPIN 4 1 11 3 0.789 5.281 2.548
SPIN 4 1 11 4 -5.818 0.847 0.660
SPIN 4 1 11 5 2.037 -2.861 -4.761
SPIN 4 1 11 6 -5.049 2.092 2.265
SPIN 4 1 11 7 4.136 -2.024 -3.714
SPIN 4 1 11 8 0.260 -5.896 -0.414
SPIN 4 1 11 9 -0.306 5.453 2.274
SPIN 4 1 11 10 -1.742 4.726 3.104
SPIN 4 1 11 11 1.791 -5.441 -1.478
SPIN 4 1 11 12 0.400 2.228 5.466
SPIN 4 1 11 13 5.197 1.541 -2.370
SPIN 4 1 11 14 -3.683 -1.576 -4.353
SPIN 4 1 11 15 -3.691 4.623 -0.072
SPIN 1 1 12 0 -5.075 2.768 -1.258
SPIN 1 1 12 1 4.269 3.935 1.136
SPIN 1 1 12 2 -5.204 1.729 -2.219
SPIN 1 1 12 3 -3.467 -3.410 3.369
SPIN 1 1 12 4 -0.918 5.522 -1.914
SPIN 1 1 12 5 -4.026 4.162 1.211
SPIN 1 1 12 6 5.515 -2.134 0.177
SPIN 1 1 12 7 -2.426 2.404 4.831
SPIN 1 1 12 8 0.364 -5.748 -1.351
SPIN 1 1 12 9 -0.970 5.830 0.261
SPIN 1 1 12 10 5.403 -2.262 -0.835
SPIN 1 1 12 11 4.588 -3.719 -0.344
SPIN 1 1 12 12 -5.728 -1.067 -1.026
SPIN 1 1 12 13 -2.087 -4.347 3.428
SPIN 1 1 12 14 0.113 4.709 -3.579
SPIN 1 1 12 15 -4.223 1.940 3.661
SPIN 4 1 12 0 2.755 -0.962 -5.146
SPIN 4 1 12 1 -0.523 2.026 -5.534
SPIN 4 1 12 2 4.896 3.058 -1.295
SPIN 4 1 12 3 -3.036 -5.057 -0.458
SPIN 4 1 12 4 5.563 -1.764 -0.969
SPIN 4 1 12 5 -4.740 -0.691 3.471
SPIN 4 1 12 6 1.130 4.763 -3.322
SPIN 4 1 12 7 5.724 -1.473 0.262
SPIN 4 1 12 8 1.509 5.441 -1.764
SPIN 4 1 12 9 -4.734 -3.119 -1.692
SPIN 4 1 12 10 2.967 -4.576 2.292
SPIN 4 1 12 11 -2.983 2.809 4.267
SPIN 4 1 12 12 3.566 1.023 -4.608
SPIN 4 1 12 13 -1.741 -3.970 4.026
SPIN 4 1 12 14 5.229 1.743 -2.149
SPIN 4 1 12 15 0.588 -5.229 -2.704
SPIN 1 1 13 0 -2.970 -2.010 4.705
SPIN 1 1 13 1 -4.161 3.353 2.539
SPIN 1 1 13 2 5.108 -1.880 2.317
SPIN 1 1 13 3 -3.771 3.032 3.404
SPIN 1 1 13 4 -4.059 3.346 2.707
SPIN 1 1 13 5 -4.865 2.940 -1.641
SPIN 1 1 13 6 1.051 4.101 -4.133
SPIN 1 1 13 7 -0.122 5.909 0.266
SPIN 1 1 13 8 -0.322 4.826 -3.407
SPIN 1 1 13 9 2.868 -0.681 -5.129
SPIN 1 1 13 10 -0.363 -5.864 0.697
SPIN 1 1 13 11 3.212 -0.239 4.962
SPIN 1 1 13 12 -0.962 -2.380 -5.330
SPIN 1 1 13 13 1.333 1.589 -5.541
SPIN 1 1 13 14 -0.569 4.092 4.235
SPIN 1 1 13 15 1.148 5.752 -0.770
SPIN 4 1 13 0 4.064 2.643 3.391
SPIN 4 1 13 1 -2.064 3.466 4.327
SPIN 4 1 13 2 -5.645 1.614 -0.729
SPIN 4 1 13 3 3.587 -4.680 -0.483
SPIN 4 1 13 4 0.352 -3.404 4.826
SPIN 4 1 13 5 -0.993 -5.351 -2.321
SPIN 4 1 13 6 -2.543 3.407 4.114
SPIN 4 1 13 7 4.643 -2.958 2.166
SPIN 4 1 13 8 -5.289 1.864 -1.883
SPIN 4 1 13 9 4.642 3.593 -0.736
SPIN 4 1 13 10 -1.810 5.477 -1.315
SPIN 4 1 13 11 2.136 -2.680 -4.822
SPIN 4 1 13 12 -4.227 3.919 1.332
SPIN 4 1 13 13 -4.180 -3.482 -2.324
SPIN 4 1 13 14 5.483 1.934 1.096
SPIN 4 1 13 15 -4.634 -1.944 -3.122
SPIN 1 1 14 0 0.434 5.749 -1.325
SPIN 1 1 14 1 -0.696 -5.873 0.146
SPIN 1 1 14 2 -5.272 1.638 -2.126
SPIN 1 1 14 3 5.746 1.291 0.567
SPIN 1 1 14 4 0.599 -3.149 4.973
SPIN 1 1 14 5 -3.082 4.182 -2.831
SPIN 1 1 14 6 5.129 -2.862 0.709
SPIN 1 1 14 7 -3.780 2.562 -3.762
SPIN 1 1 14 8 -0.636 -3.280 -4.882
SPIN 1 1 14 9 2.332 2.661 4.742
SPIN 1 1 14 10 -4.319 -2.926 2.791
SPIN 1 1 14 11 4.450 -3.765 -1.013
SPIN 1 1 14 12 -3.347 3.058 3.801
SPIN 1 1 14 13 2.034 0.144 -5.554
SPIN 1 1 14 14 -3.806 3.588 2.765
SPIN 1 1 14 15 2.333 -1.792 -5.133
SPIN 4 1 14 0 -4.308 -0.782 3.979
SPIN 4 1 14 1 5.656 -0.608 -1.625
SPIN 4 1 14 2 5.769 -1.281 -0.277
SPIN 4 1 14 3 -4.153 -1.536 -3.923
SPIN 4 1 14 4 -1.385 -0.665 5.713
SPIN 4 1 14 5 0.228 5.607 1.873
SPIN 4 1 14 6 -2.933 4.606 -2.276
SPIN 4 1 14 7 -2.791 1.226 5.070
SPIN 4 1 14 8 5.509 1.144 -1.827
SPIN 4 1 14 9 5.569 -0.736 1.856
SPIN 4 1 14 10 -0.919 -4.477 3.757
SPIN 4 1 14 11 -1.493 1.205 -5.596
SPIN 4 1 14 12 1.382 -1.220 5.622
SPIN 4 1 14 13 -3.781 3.688 -2.665
SPIN 4 1 14 14 3.995 -4.193 1.209
SPIN 4 1 14 15 3.855 0.916 4.393
SPIN 1 1 15 0 -5.913 -0.041 0.175
SPIN 1 1 15 1 5.503 -0.305 -2.152
SPIN 1 1 15 2 -5.632 1.060 1.468
SPIN 1 1 15 3 -2.739 -4.746 2.229
SPIN 1 1 15 4 3.484 0.808 -4.713
SPIN 1 1 15 5 5.713 1.511 0.282
SPIN 1 1 15 6 4.434 2.394 3.100
SPIN 1 1 15 7 0.713 -3.434 4.764
SPIN 1 1 15 8 -1.064 2.647 -5.183
SPIN 1 1 15 9 1.206 -5.339 2.245
SPIN 1 1 15 10 2.656 -2.413 4.703
SPIN 1 1 15 11 -2.547 2.293 4.822
SPIN 1 1 15 12 -0.349 -5.309 2.587
SPIN 1 1 15 13 -5.273 2.218 -1.510
SPIN 1 1 15 14 -5.833 -0.689 0.711
SPIN 1 1 15 15 4.887 -2.824 1.774
SPIN 4 1 15 0 -1.359 -5.746 -0.370
SPIN 4 1 15 1 -4.263 3.642 1.887
SPIN 4 1 15 2 4.081 4.021 -1.477
SPIN 4 1 15 3 5.297 -1.285 -2.300
SPIN 4 1 15 4 5.016 -1.862 -2.524
SPIN 4 1 15 5 -4.474 0.717 -3.804
SPIN 4 1 15 6 4.705 0.968 3.454
SPIN 4 1 15 7 -4.283 0.220 4.075
SPIN 4 1 15 8 -2.644 5.278 -0.391
SPIN 4 1 15 9 1.062 5.146 -2.719
SPIN 4 1 15 10 0.142 0.143 -5.913
SPIN 4 1 15 11 3.584 -0.884 4.623
SPIN 4 1 15 12 1.570 2.428 -5.161
SPIN 4 1 15 13 -5.827 0.577 -0.845
SPIN 4 1 15 14 1.131 5.354 2.249
SPIN 4 1 15 15 4.664 -3.341 -1.445
SPIN 3 1 0 0 3.641 -0.756 -4.601
SPIN 3 1 0 1 3.518 -3.490 -3.231
SPIN 3 1 0 2 -2.539 -4.327 3.135
SPIN 3 1 0 3 4.650 3.657 -0.011
SPIN 3 1 0 4 1.035 -2.161 5.409
SPIN 3 1 0 5 2.768 -1.358 -5.049
SPIN 3 1 0 6 -5.848 0.400 0.799
SPIN 3 1 0 7 0.338 4.173 4.180
SPIN 3 1 0 8 5.536 -2.049 -0.394
SPIN 3 1 0 9 0.336 -5.156 -2.882
SPIN 3 1 0 10 -3.301 4.811 -0.982
SPIN 3 1 0 11 5.238 2.750 -0.062
SPIN 3 1 0 12 -5.277 2.651 -0.350
SPIN 3 1 0 13 1.848 -4.882 -2.784
SPIN 3 1 0 14 -4.185 3.078 -2.832
SPIN 3 1 0 15 1.100 4.655 3.481
SPIN 2 1 0 0 -1.500 4.961 -2.853
SPIN 2 1 0 1 -1.896 -5.372 -1.594
SPIN 2 1 0 2 5.693 0.967 1.286
SPIN 2 1 0 3 1.273 -0.198 -5.774
SPIN 2 1 0 4 0.074 1.570 -5.703
SPIN 2 1 0 5 -5.447 2.280 0.364
SPIN 2 1 0 6 0.422 3.751 -4.556
SPIN 2 1 0 7 4.924 -3.238 -0.518
SPIN 2 1 0 8 -4.668 0.358 -3.616
SPIN 2 1 0 9 2.796 -5.182 0.578
SPIN 2 1 0 10 3.631 -2.507 3.941
SPIN 2 1 0 11 3.030 -0.778 -5.021
SPIN 2 1 0 12 -3.046 -4.449 -2.435
SPIN 2 1 0 13 4.800 2.926 1.844
SPIN 2 1 0 14 2.247 -2.613 -4.809
SPIN 2 1 0 15 -4.825 -2.373 -2.468
SPIN 3 1 1 0 5.235 0.852 2.621
SPIN 3 1 1 1 -4.365 2.533 -3.088
SPIN 3 1 1 2 1.564 3.590 4.435
SPIN 3 1 1 3 0.819 5.728 1.234
SPIN 3 1 1 4 2.473 5.087 1.733
SPIN 3 1 1 5 -2.538 -2.908 -4.483
SPIN 3 1 1 6 1.863 -2.038 5.232
SPIN 3 1 1 7 0.436 -1.055 5.805
SPIN 3 1 1 8 -0.373 5.746 -1.357
SPIN 3 1 1 9 4.569 0.982 3.628
SPIN 3 1 1 10 -2.455 -0.750 5.330
SPIN 3 1 1 11 -0.566 4.592 -3.687
SPIN 3 1 1 12 -0.021 -2.036 5.555
SPIN 3 1 1 13 0.636 4.552 3.725
SPIN 3 1 1 14 -0.406 4.371 -3.966
SPIN 3 1 1 15 5.536 -0.753 -1.946
SPIN 2 1 1 0 -0.854 1.499 -5.659
SPIN 2 1 1 1 2.391 -1.465 5.209
SPIN 2 1 1 2 0.597 1.752 -5.619
SPIN 2 1 1 3 5.531 1.837 1.013
SPIN 2 1 1 4 2.765 -5.091 1.197
SPIN 2 1 1 5 -4.378 3.928 -0.632
SPIN 2 1 1 6 1.528 -4.936 2.881
SPIN 2 1 1 7 -5.066 2.969 -0.724
SPIN 2 1 1 8 -0.407 5.885 -0.446
SPIN 2 1 1 9 4.126 0.552 -4.203
SPIN 2 1 1 10 -3.175 -4.723 1.617
SPIN 2 1 1 11 -4.683 0.289 3.604
SPIN 2 1 1 12 4.044 4.272 0.632
SPIN 2 1 1 13 3.254 -3.548 -3.438
SPIN 2 1 1 14 -2.643 -5.252 0.661
SPIN 2 1 1 15 1.317 5.239 2.413
SPIN 3 1 2 0 -5.864 0.094 0.776
SPIN 3 1 2 1 5.247 1.671 2.161
SPIN 3 1 2 2 -2.707 -4.295 -3.037
SPIN 3 1 2 3 3.446 -4.801 0.266
SPIN 3 1 2 4 0.575 2.474 5.343
SPIN 3 1 2 5 0.998 4.513 -3.693
SPIN 3 1 2 6 -4.187 -2.312 3.482
SPIN 3 1 2 7 2.198 -0.808 5.433
SPIN 3 1 2 8 2.844 -1.861 -4.842
SPIN 3 1 2 9 -4.272 2.851 2.936
SPIN 3 1 2 10 -3.077 1.916 4.676
SPIN 3 1 2 11 0.954 4.754 3.390
SPIN 3 1 2 12 -1.021 -4.068 4.172
SPIN 3 1 2 13 5.442 2.275 -0.456
SPIN 3 1 2 14 -3.983 2.206 3.777
SPIN 3 1 2 15 -2.947 1.835 4.790
SPIN 2 1 2 0 -2.647 -5.209 0.925
SPIN 2 1 2 1 -4.633 3.673 0.210
SPIN 2 1 2 2 1.028 5.630 1.500
SPIN 2 1 2 3 4.512 -3.776 -0.623
SPIN 2 1 2 4 -4.952 -1.151 -3.026
SPIN 2 1 2 5 3.327 1.706 4.585
SPIN 2 1 2 6 -1.436 4.762 -3.203
SPIN 2 1 2 7 4.280 -3.888 -1.251
SPIN 2 1 2 8 -3.352 -4.612 1.579
SPIN 2 1 2 9 5.418 -2.041 1.216
SPIN 2 1 2 10 1.635 4.508 -3.464
SPIN 2 1 2 11 1.453 -4.393 -3.686
SPIN 2 1 2 12 -3.646 4.448 -1.388
SPIN 2 1 2 13 -1.436 -0.374 5.727
SPIN 2 1 2 14 4.676 0.967 -3.492
SPIN 2 1 2 15 -2.451 -5.377 -0.277
SPIN 3 1 3 0 5.544 1.966 -0.635
SPIN 3 1 3 1 -3.527 -3.218 -3.493
SPIN 3 1 3 2 -0.903 1.829 -5.553
SPIN 3 1 3 3 -4.314 -3.403 2.193
SPIN 3 1 3 4 -3.254 1.799 -4.601
SPIN 3 1 3 5 -0.978 -4.582 3.612
SPIN 3 1 3 6 4.025 3.369 2.729
SPIN 3 1 3 7 -5.374 -1.694 1.804
SPIN 3 1 3 8 -0.843 1.087 5.754
SPIN 3 1 3 9 4.024 -4.290 -0.637
SPIN 3 1 3 10 -5.079 2.999 0.455
SPIN 3 1 3 11 -4.198 3.007 -2.887
SPIN 3 1 3 12 3.195 -1.817 -4.636
SPIN 3 1 3 13 -5.548 0.934 1.830
SPIN 3 1 3 14 -5.593 1.000 -1.648
SPIN 3 1 3 15 -2.394 1.405 -5.224
SPIN 2 1 3 0 0.956 3.603 4.594
SPIN 2 1 3 1 -1.763 -3.232 4.631
SPIN 2 1 3 2 -3.801 3.697 -2.624
SPIN 2 1 3 3 4.872 0.326 3.340
SPIN 2 1 3 4 1.460 3.316 -4.677
SPIN 2 1 3 5 -1.394 -5.602 1.293
SPIN 2 1 3 6 -5.899 -0.402 0.190
SPIN 2 1 3 7 -0.487 -5.489 -2.153
SPIN 2 1 3 8 1.333 4.248 3.895
SPIN 2 1 3 9 -3.741 4.583 -0.022
SPIN 2 1 3 10 -3.349 4.386 -2.133
SPIN 2 1 3 11 4.772 -3.427 0.699
SPIN 2 1 3 12 3.503 -0.699 -4.716
SPIN 2 1 3 13 -2.802 4.550 2.539
SPIN 2 1 3 14 4.291 -4.001 -0.762
SPIN 2 1 3 15 4.157 -0.270 4.201
SPIN 3 1 4 0 -3.422 -2.839 -3.903
SPIN 3 1 4 1 0.247 -1.653 5.675
SPIN 3 1 4 2 -2.763 5.209 -0.482
SPIN 3 1 4 3 1.175 -2.083 -5.411
SPIN 3 1 4 4 1.775 -1.452 5.453
SPIN 3 1 4 5 -0.909 5.729 -1.162
SPIN 3 1 4 6 3.351 -2.364 4.264
SPIN 3 1 4 7 -4.287 4.061 -0.367
SPIN 3 1 4 8 -1.885 -3.931 3.999
SPIN 3 1 4 9 -1.616 4.821 -3.024
SPIN 3 1 4 10 -4.397 2.980 -2.605
SPIN 3 1 4 11 1.633 -1.637 5.445
SPIN 3 1 4 12 -0.702 -1.069 5.776
SPIN 3 1 4 13 -3.747 -1.336 4.379
SPIN 3 1 4 14 3.747 -2.340 -3.935
SPIN 3 1 4 15 2.727 4.997 -1.611
SPIN 2 1 4 0 2.523 5.206 1.236
SPIN 2 1 4 1 1.508 -5.010 -2.762
SPIN 2 1 4 2 -4.349 0.129 4.009
SPIN 2 1 4 3 3.039 -0.926 -4.991
SPIN 2 1 4 4 0.252 1.483 5.722
SPIN 2 1 4 5 -0.878 2.797 5.139
SPIN 2 1 4 6 3.023 -4.379 -2.585
SPIN 2 1 4 7 3.655 4.651 -0.065
SPIN 2 1 4 8 2.375 1.612 -5.173
SPIN 2 1 4 9 0.708 3.292 4.864
SPIN 2 1 4 10 5.592 0.443 1.880
SPIN 2 1 4 11 -1.809 -5.158 2.264
SPIN 2 1 4 12 -3.108 -2.366 -4.443
SPIN 2 1 4 13 -2.720 -1.132 -5.130
SPIN 2 1 4 14 3.587 -4.483 1.425
SPIN 2 1 4 15 -5.866 0.769 0.019
SPIN 3 1 5 0 0.586 3.682 -4.593
SPIN 3 1 5 1 -2.941 5.106 -0.530
SPIN 3 1 5 2 -0.744 3.474 -4.730
SPIN 3 1 5 3 -3.206 -2.406 -4.351
SPIN 3 1 5 4 -2.074 -1.714 -5.269
SPIN 3 1 5 5 -0.137 -4.606 3.710
SPIN 3 1 5 6 1.769 -2.308 -5.152
SPIN 3 1 5 7 -1.040 1.199 5.699
SPIN 3 1 5 8 1.462 2.255 -5.271
SPIN 3 1 5 9 4.524 -1.157 -3.632
SPIN 3 1 5 10 -3.985 1.044 4.246
SPIN 3 1 5 11 1.861 -0.430 -5.599
SPIN 3 1 5 12 1.937 4.678 3.060
SPIN 3 1 5 13 -0.900 -4.769 3.383
SPIN 3 1 5 14 -3.023 -4.860 1.498
SPIN 3 1 5 15 2.690 -2.785 4.473
SPIN 2 1 5 0 -5.665 1.702 0.112
SPIN 2 1 5 1 -2.372 -5.188 -1.569
SPIN 2 1 5 2 2.112 3.066 -4.598
SPIN 2 1 5 3 5.528 1.670 -1.287
SPIN 2 1 5 4 -0.042 -5.903 0.396
SPIN 2 1 5 5 -2.121 5.114 -2.084
SPIN 2 1 5 6 1.349 5.581 -1.427
SPIN 2 1 5 7 -4.858 -3.287 0.768
SPIN 2 1 5 8 -3.748 -2.114 4.059
SPIN 2 1 5 9 0.058 -3.743 4.581
SPIN 2 1 5 10 -2.086 1.497 5.330
SPIN 2 1 5 11 -0.814 4.932 -3.164
SPIN 2 1 5 12 3.131 3.990 -3.046
SPIN 2 1 5 13 -0.148 3.190 4.980
SPIN 2 1 5 14 -2.985 4.884 1.495
SPIN 2 1 5 15 0.973 4.463 3.759
SPIN 3 1 6 0 5.898 -0.060 0.452
SPIN 3 1 6 1 -5.745 0.757 -1.191
SPIN 3 1 6 2 -4.635 -3.673 -0.142
SPIN 3 1 6 3 -4.167 -2.744 3.179
SPIN 3 1 6 4 4.564 3.557 -1.230
SPIN 3 1 6 5 5.647 -1.574 -0.797
SPIN 3 1 6 6 -3.739 3.827 2.524
SPIN 3 1 6 7 1.615 -5.460 -1.607
SPIN 3 1 6 8 -2.730 5.158 -0.973
SPIN 3 1 6 9 -0.445 -3.508 4.743
SPIN 3 1 6 10 3.164 -4.997 -0.154
SPIN 3 1 6 11 -4.718 3.189 -1.604
SPIN 3 1 6 12 3.605 -0.165 4.688
SPIN 3 1 6 13 4.061 1.252 -4.116
SPIN 3 1 6 14 -3.117 -2.628 4.287
SPIN 3 1 6 15 -2.321 5.059 2.006
SPIN 2 1 6 0 3.490 1.712 -4.460
SPIN 2 1 6 1 -3.629 -3.260 3.347
SPIN 2 1 6 2 4.974 -3.017 -1.075
SPIN 2 1 6 3 2.345 -5.411 -0.475
SPIN 2 1 6 4 0.044 2.542 5.342
SPIN 2 1 6 5 -3.615 -4.676 0.257
SPIN 2 1 6 6 2.698 -5.229 0.615
SPIN 2 1 6 7 -1.154 4.080 -4.126
SPIN 2 1 6 8 -0.527 -0.855 -5.830
SPIN 2 1 6 9 5.756 1.328 0.323
SPIN 2 1 6 10 -4.818 3.433 -0.021
SPIN 2 1 6 11 3.349 -3.316 -3.576
SPIN 2 1 6 12 1.293 -5.586 1.457
SPIN 2 1 6 13 -3.286 4.512 1.961
SPIN 2 1 6 14 2.333 5.108 -1.862
SPIN 2 1 6 15 -0.709 -5.345 2.436
SPIN 3 1 7 0 0.113 -4.161 -4.204
SPIN 3 1 7 1 2.982 3.317 -3.886
SPIN 3 1 7 2 -5.351 0.639 2.442
SPIN 3 1 7 3 5.271 -2.419 -1.166
SPIN 3 1 7 4 -3.487 -4.505 1.596
SPIN 3 1 7 5 -1.605 3.760 4.276
SPIN 3 1 7 6 1.681 -5.246 2.158
SPIN 3 1 7 7 -1.307 2.596 5.153
SPIN 3 1 7 8 1.578 -2.326 5.206
SPIN 3 1 7 9 -1.278 -4.616 -3.472
SPIN 3 1 7 10 -0.837 3.713 -4.529
SPIN 3 1 7 11 -4.736 -2.919 -2.014
SPIN 3 1 7 12 -1.031 5.758 0.883
SPIN 3 1 7 13 -5.313 -1.675 1.991
SPIN 3 1 7 14 0.694 -1.253 -5.740
SPIN 3 1 7 15 2.549 -4.575 -2.752
SPIN 2 1 7 0 -4.296 -3.894 -1.176
SPIN 2 1 7 1 -4.616 -0.291 -3.689
SPIN 2 1 7 2 4.470 -0.789 -3.794
SPIN 2 1 7 3 -5.341 -1.312 -2.181
SPIN 2 1 7 4 2.373 5.048 -1.973
SPIN 2 1 7 5 3.233 -3.680 3.317
SPIN 2 1 7 6 4.709 1.253 3.355
SPIN 2 1 7 7 -2.926 -4.034 -3.189
SPIN 2 1 7 8 5.206 -1.511 -2.369
SPIN 2 1 7 9 4.763 1.742 3.046
SPIN 2 1 7 10 -1.444 -2.559 5.135
SPIN 2 1 7 11 0.457 -4.974 3.170
SPIN 2 1 7 12 3.613 3.530 -3.080
SPIN 2 1 7 13 -4.808 0.631 -3.389
SPIN 2 1 7 14 5.764 1.167 0.640
SPIN 2 1 7 15 4.137 3.201 2.765
SPIN 3 1 8 0 4.810 3.421 -0.405
SPIN 3 1 8 1 -5.008 -3.060 -0.747
SPIN 3 1 8 2 5.764 1.259 0.441
SPIN 3 1 8 3 2.873 -1.337 -4.996
SPIN 3 1 8 4 -4.017 -0.051 -4.343
SPIN 3 1 8 5 5.074 0.481 3.003
SPIN 3 1 8 6 0.980 -0.348 -5.824
SPIN 3 1 8 7 -0.389 5.725 -1.441
SPIN 3 1 8 8 5.900 0.367 -0.238
SPIN 3 1 8 9 -2.211 -5.323 -1.334
SPIN 3 1 8 10 2.723 -1.458 -5.046
SPIN 3 1 8 11 -0.431 0.396 -5.887
SPIN 3 1 8 12 5.518 1.943 0.883
SPIN 3 1 8 13 -4.995 1.099 2.974
SPIN 3 1 8 14 -0.078 5.278 2.672
SPIN 3 1 8 15 -2.905 5.119 0.600
SPIN 2 1 8 0 3.264 1.651 4.650
SPIN 2 1 8 1 -1.990 2.093 -5.163
SPIN 2 1 8 2 -0.429 -5.584 1.906
SPIN 2 1 8 3 1.933 0.520 -5.567
SPIN 2 1 8 4 -3.381 4.575 -1.625
SPIN 2 1 8 5 -2.553 5.324 -0.374
SPIN 2 1 8 6 -2.177 -1.105 5.389
SPIN 2 1 8 7 2.161 3.002 4.617
SPIN 2 1 8 8 -4.937 1.218 -3.024
SPIN 2 1 8 9 -4.547 -2.112 3.140
SPIN 2 1 8 10 -1.425 0.951 5.663
SPIN 2 1 8 11 1.689 3.065 -4.770
SPIN 2 1 8 12 0.453 3.695 4.598
SPIN 2 1 8 13 1.208 -3.917 -4.266
SPIN 2 1 8 14 3.476 -1.164 -4.644
SPIN 2 1 8 15 -0.915 -5.771 0.924
SPIN 3 1 9 0 1.611 -2.822 4.944
SPIN 3 1 9 1 5.072 2.205 -2.102
SPIN 3 1 9 2 -4.173 -0.104 4.193
SPIN 3 1 9 3 -0.913 4.644 3.550
SPIN 3 1 9 4 5.135 -2.899 -0.482
SPIN 3 1 9 5 -0.534 5.824 -0.891
SPIN 3 1 9 6 0.790 5.236 -2.638
SPIN 3 1 9 7 2.299 -4.750 2.675
SPIN 3 1 9 8 2.840 -3.281 -4.021
SPIN 3 1 9 9 4.697 3.003 1.980
SPIN 3 1 9 10 3.272 -4.878 -0.706
SPIN 3 1 9 11 4.864 -0.765 -3.279
SPIN 3 1 9 12 -3.595 -4.151 2.202
SPIN 3 1 9 13 1.502 1.890 -5.401
SPIN 3 1 9 14 2.394 -0.689 -5.366
SPIN 3 1 9 15 -3.471 -3.747 2.986
SPIN 2 1 9 0 0.035 0.567 -5.889
SPIN 2 1 9 1 -1.492 -5.724 -0.070
SPIN 2 1 9 2 -3.299 -0.904 -4.827
SPIN 2 1 9 3 2.287 -2.479 4.860
SPIN 2 1 9 4 -4.757 -2.720 -2.231
SPIN 2 1 9 5 4.829 -0.549 3.373
SPIN 2 1 9 6 2.633 4.689 2.467
SPIN 2 1 9 7 -1.649 -5.671 -0.352
SPIN 2 1 9 8 -0.227 2.875 -5.165
SPIN 2 1 9 9 -0.264 1.357 -5.752
SPIN 2 1 9 10 -1.949 -2.263 -5.107
SPIN 2 1 9 11 1.166 0.158 5.798
SPIN 2 1 9 12 2.516 5.273 -0.928
SPIN 2 1 9 13 3.607 1.522 -4.436
SPIN 2 1 9 14 -2.763 4.700 2.297
SPIN 2 1 9 15 -2.855 -1.334 5.007
SPIN 3 1 10 0 0.980 5.133 -2.774
SPIN 3 1 10 1 0.028 5.901 -0.415
SPIN 3 1 10 2 -1.351 5.268 2.329
SPIN 3 1 10 3 4.241 3.356 2.397
SPIN 3 1 10 4 -1.052 -0.521 5.798
SPIN 3 1 10 5 2.043 2.851 -4.765
SPIN 3 1 10 6 -5.548 1.598 -1.291
SPIN 3 1 10 7 -3.766 2.305 -3.938
SPIN 3 1 10 8 3.015 2.761 4.276
SPIN 3 1 10 9 5.582 1.601 1.129
SPIN 3 1 10 10 1.021 -4.449 3.764
SPIN 3 1 10 11 -3.464 4.481 -1.708
SPIN 3 1 10 12 -3.371 -1.651 4.573
SPIN 3 1 10 13 1.036 5.767 -0.818
SPIN 3 1 10 14 3.981 -3.406 -2.747
SPIN 3 1 10 15 0.375 4.305 4.041
SPIN 2 1 10 0 -0.552 2.873 5.142
SPIN 2 1 10 1 0.105 -5.296 -2.634
SPIN 2 1 10 2 4.417 3.150 2.360
SPIN 2 1 10 3 0.039 -5.762 -1.339
SPIN 2 1 10 4 -1.470 5.540 -1.466
SPIN 2 1 10 5 -0.464 -5.352 -2.479
SPIN 2 1 10 6 3.045 2.509 -4.408
SPIN 2 1 10 7 -5.026 -2.388 2.009
SPIN 2 1 10 8 -4.967 2.131 2.407
SPIN 2 1 10 9 4.008 2.444 -3.600
SPIN 2 1 10 10 3.012 4.957 1.165
SPIN 2 1 10 11 -3.426 -1.673 -4.524
SPIN 2 1 10 12 2.272 5.351 -1.096
SPIN 2 1 10 13 -3.337 2.486 4.205
SPIN 2 1 10 14 -4.812 1.743 2.969
SPIN 2 1 10 15 -2.932 -0.281 -5.131
SPIN 3 1 11 0 1.889 5.555 0.759
SPIN 3 1 11 1 -0.497 -2.863 -5.153
SPIN 3 1 11 2 4.226 4.050 0.858
SPIN 3 1 11 3 2.896 4.407 -2.681
SPIN 3 1 11 4 -5.703 0.888 -1.300
SPIN 3 1 11 5 -0.635 1.209 5.756
SPIN 3 1 11 6 -5.844 0.119 -0.911
SPIN 3 1 11 7 4.868 3.197 1.039
SPIN 3 1 11 8 -0.398 3.260 4.921
SPIN 3 1 11 9 -1.454 -1.263 -5.594
SPIN 3 1 11 10 2.166 0.017 5.505
SPIN 3 1 11 11 -5.168 -2.686 1.036
SPIN 3 1 11 12 -3.594 -2.265 4.117
SPIN 3 1 11 13 2.155 -4.784 2.732
SPIN 3 1 11 14 -3.398 -2.008 -4.407
SPIN 3 1 11 15 2.777 -4.981 -1.575
SPIN 2 1 11 0 -3.479 -4.287 -2.125
SPIN 2 1 11 1 4.918 2.537 -2.092
SPIN 2 1 11 2 -2.610 4.948 -1.926
SPIN 2 1 11 3 -1.382 -0.623 5.718
SPIN 2 1 11 4 0.687 1.528 -5.674
SPIN 2 1 11 5 2.434 4.417 -3.092
SPIN 2 1 11 6 -5.503 0.857 -1.996
SPIN 2 1 11 7 4.291 1.763 -3.672
SPIN 2 1 11 8 -2.683 4.781 2.222
SPIN 2 1 11 9 -4.913 -3.278 -0.345
SPIN 2 1 11 10 -4.124 -4.238 0.187
SPIN 2 1 11 11 -1.085 -3.738 4.456
SPIN 2 1 11 12 0.290 2.168 -5.497
SPIN 2 1 11 13 3.452 2.934 -3.804
SPIN 2 1 11 14 0.324 2.335 -5.426
SPIN 2 1 11 15 1.841 -0.884 5.553
SPIN 3 1 12 0 -3.438 4.223 -2.311
SPIN 3 1 12 1 4.855 -2.275 2.500
SPIN 3 1 12 2 2.677 -1.274 -5.119
SPIN 3 1 12 3 -4.559 1.142 3.593
SPIN 3 1 12 4 2.123 -2.575 4.885
SPIN 3 1 12 5 -2.553 -3.225 4.252
SPIN 3 1 12 6 3.071 -0.818 4.990
SPIN 3 1 12 7 2.327 -5.374 -0.839
SPIN 3 1 12 8 -0.250 -3.385 -4.846
SPIN 3 1 12 9 4.889 -3.282 -0.572
SPIN 3 1 12 10 -0.116 3.113 -5.029
SPIN 3 1 12 11 0.736 2.207 5.440
SPIN 3 1 12 12 4.203 -0.819 -4.082
SPIN 3 1 12 13 -0.954 5.826 -0.383
SPIN 3 1 12 14 2.393 -5.383 0.547
SPIN 3 1 12 15 -4.798 0.710 -3.388
SPIN 2 1 12 0 5.140 0.505 2.886
SPIN 2 1 12 1 -4.746 -3.123 1.649
SPIN 2 1 12 2 2.704 1.179 5.128
SPIN 2 1 12 3 2.621 5.029 1.686
SPIN 2 1 12 4 -1.632 -3.787 -4.242
SPIN 2 1 12 5 3.253 0.088 4.941
SPIN 2 1 12 6 2.697 -3.928 -3.507
SPIN 2 1 12 7 -1.967 4.246 -3.619
SPIN 2 1 12 8 -0.518 -2.095 5.508
SPIN 2 1 12 9 4.085 -3.359 2.651
SPIN 2 1 12 10 -3.908 -3.115 3.166
SPIN 2 1 12 11 0.217 4.482 -3.856
SPIN 2 1 12 12 4.031 -2.078 3.800
SPIN 2 1 12 13 4.127 0.574 4.200
SPIN 2 1 12 14 0.604 -2.183 -5.465
SPIN 2 1 12 15 1.116 5.428 -2.072
SPIN 3 1 13 0 3.040 3.421 -3.749
SPIN 3 1 13 1 -5.136 0.791 -2.828
SPIN 3 1 13 2 5.004 -1.273 -2.889
SPIN 3 1 13 3 4.628 3.685 -0.028
SPIN 3 1 13 4 3.917 1.713 -4.089
SPIN 3 1 13 5 -5.881 0.421 -0.489
SPIN 3 1 13 6 -1.101 -1.665 -5.569
SPIN 3 1 13 7 -4.204 -4.131 -0.515
SPIN 3 1 13 8 2.530 1.574 -5.111
SPIN 3 1 13 9 -0.778 1.855 5.564
SPIN 3 1 13 10 -0.128 -4.716 3.570
SPIN 3 1 13 11 2.826 5.164 -0.589
SPIN 3 1 13 12 -4.675 2.328 2.779
SPIN 3 1 13 13 -0.090 -4.257 4.107
SPIN 3 1 13 14 1.229 5.104 -2.727
SPIN 3 1 13 15 -4.612 -0.955 3.580
SPIN 2 1 13 0 0.456 -1.339 -5.744
SPIN 2 1 13 1 -0.485 1.488 5.705
SPIN 2 1 13 2 4.183 -3.840 1.659
SPIN 2 1 13 3 0.591 -4.012 -4.307
SPIN 2 1 13 4 0.577 4.233 4.092
SPIN 2 1 13 5 -0.485 -2.948 -5.106
SPIN 2 1 13 6 1.655 1.519 5.473
SPIN 2 1 13 7 3.752 -4.566 0.272
SPIN 2 1 13 8 -2.175 3.036 -4.588
SPIN 2 1 13 9 0.677 -4.497 3.784
SPIN 2 1 13 10 5.202 -0.582 -2.757
SPIN 2 1 13 11 0.021 4.270 4.094
SPIN 2 1 13 12 5.279 -2.316 -1.329
SPIN 2 1 13 13 1.881 -4.032 -3.900
SPIN 2 1 13 14 -5.400 -0.232 2.405
SPIN 2 1 13 15 -4.047 -2.794 3.289
SPIN 3 1 14 0 -1.094 0.789 -5.760
SPIN 3 1 14 1 4.745 -2.420 2.575
SPIN 3 1 14 2 0.603 5.406 -2.326
SPIN 3 1 14 3 -1.917 2.076 5.197
SPIN 3 1 14 4 -3.916 -3.701 -2.442
SPIN 3 1 14 5 0.302 2.512 5.348
SPIN 3 1 14 6 -0.982 4.277 -3.967
SPIN 3 1 14 7 2.210 -4.183 -3.552
SPIN 3 1 14 8 4.819 2.277 -2.568
SPIN 3 1 14 9 3.615 -4.532 -1.181
SPIN 3 1 14 10 -5.658 -0.489 1.658
SPIN 3 1 14 11 5.894 -0.223 0.453
SPIN 3 1 14 12 1.763 -5.481 -1.359
SPIN 3 1 14 13 5.262 1.163 2.442
SPIN 3 1 14 14 -2.600 5.101 -1.489
SPIN 3 1 14 15 1.491 3.002 4.875
SPIN 2 1 14 0 -1.154 -5.697 1.101
SPIN 2 1 14 1 -1.956 -2.305 -5.085
SPIN 2 1 14 2 -2.977 5.112 0.034
SPIN 2 1 14 3 -5.095 -0.166 3.002
SPIN 2 1 14 4 -4.770 0.303 -3.486
SPIN 2 1 14 5 -1.824 -0.009 5.628
SPIN 2 1 14 6 -5.501 0.565 -2.102
SPIN 2 1 14 7 -1.418 -5.577 1.375
SPIN 2 1 14 8 -0.782 -5.309 2.490
SPIN 2 1 14 9 -3.742 3.857 2.474
SPIN 2 1 14 10 -1.275 -5.144 -2.630
SPIN 2 1 14 11 3.260 -3.863 3.075
SPIN 2 1 14 12 -0.347 -2.086 5.525
SPIN 2 1 14 13 -2.066 4.719 -2.908
SPIN 2 1 14 14 4.626 -0.343 3.672
SPIN 2 1 14 15 -4.540 3.046 -2.261
SPIN 3 1 15 0 -2.049 -4.645 3.037
SPIN 3 1 15 1 -1.034 4.763 3.353
SPIN 3 1 15 2 2.422 -3.411 -4.183
SPIN 3 1 15 3 5.710 1.108 1.082
SPIN 3 1 15 4 -4.719 3.567 -0.096
SPIN 3 1 15 5 -1.666 -5.343 -1.918
SPIN 3 1 15 6 -0.941 0.065 -5.840
SPIN 3 1 15 7 3.937 3.701 2.409
SPIN 3 1 15 8 -0.306 2.382 -5.407
SPIN 3 1 15 9 3.335 4.707 1.312
SPIN 3 1 15 10 1.580 5.699 -0.162
SPIN 3 1 15 11 0.776 -5.532 -1.949
SPIN 3 1 15 12 -5.316 -2.569 -0.366
SPIN 3 1 15 13 4.917 2.758 1.793
SPIN 3 1 15 14 3.779 4.348 -1.348
SPIN 3 1 15 15 3.721 1.047 -4.478
SPIN 2 1 15 0 0.408 5.810 1.038
SPIN 2 1 15 1 -2.586 -4.001 -3.508
SPIN 2 1 15 2 -1.112 5.376 2.206
SPIN 2 1 15 3 3.171 -4.032 2.947
SPIN 2 1 15 4 1.719 -0.494 -5.639
SPIN 2 1 15 5 -5.859 -0.561 0.598
SPIN 2 1 15 6 -1.828 -4.236 3.703
SPIN 2 1 15 7 -2.111 1.576 -5.297
SPIN 2 1 15 8 3.362 -2.115 -4.385
SPIN 2 1 15 9 4.052 0.961 4.202
SPIN 2 1 15 10 1.039 -5.199 -2.626
SPIN 2 1 15 11 1.690 4.928 -2.804
SPIN 2 1 15 12 1.294 -4.589 3.502
SPIN 2 1 15 13 5.519 -2.025 0.661
SPIN 2 1 15 14 -5.332 2.306 -1.117
SPIN 2 1 15 15 -0.223 -5.910 0.158
SPIN 1 2 0 0 3.310 -4.712 -1.358
SPIN 1 2 0 1 -4.338 0.942 -3.911
SPIN 1 2 0 2 4.918 3.186 -0.817
SPIN 1 2 0 3 -3.194 -0.228 4.975
SPIN 1 2 0 4 -0.337 5.879 -0.569
SPIN 1 2 0 5 -3.196 2.195 4.468
SPIN 1 2 0 6 3.919 4.412 -0.422
SPIN 1 2 0 7 4.147 -0.101 -4.218
SPIN 1 2 0 8 4.116 -4.222 0.483
SPIN 1 2 0 9 -1.838 -5.571 -0.768
SPIN 1 2 0 10 -2.832 3.862 3.473
SPIN 1 2 0 11 -5.916 -0.035 -0.066
SPIN 1 2 0 12 4.581 3.634 -0.898
SPIN 1 2 0 13 -4.603 2.800 -2.445
SPIN 1 2 0 14 5.020 3.107 0.387
SPIN 1 2 0 15 -4.139 -1.271 4.032
SPIN 4 2 0 0 3.443 4.731 0.876
SPIN 4 2 0 1 -5.829 0.327 -0.960
SPIN 4 2 0 2 -2.740 -5.243 0.065
SPIN 4 2 0 3 -3.016 5.067 0.472
SPIN 4 2 0 4 -3.066 -5.032 0.524
SPIN 4 2 0 5 -5.556 1.293 1.569
SPIN 4 2 0 6 5.659 -1.041 1.375
SPIN 4 2 0 7 -5.429 -1.512 -1.799
SPIN 4 2 0 8 5.349 -2.142 1.341
SPIN 4 2 0 9 -5.650 1.744 0.188
SPIN 4 2 0 10 -0.379 0.742 -5.857
SPIN 4 2 0 11 -3.908 -4.178 1.508
SPIN 4 2 0 12 3.902 4.187 -1.499
SPIN 4 2 0 13 -5.369 -1.507 1.975
SPIN 4 2 0 14 -1.465 -3.108 4.816
SPIN 4 2 0 15 -1.963 -5.545 -0.636
SPIN 1 2 1 0 5.294 -0.399 2.611
SPIN 1 2 1 1 -3.151 -1.548 -4.762
SPIN 1 2 1 2 5.602 0.187 1.894
SPIN 1 2 1 3 -5.831 -0.674 -0.735
SPIN 1 2 1 4 -2.374 -5.072 1.908
SPIN 1 2 1 5 3.994 2.280 -3.722
SPIN 1 2 1 6 -4.208 -2.489 -3.331
SPIN 1 2 1 7 -3.236 4.851 1.001
SPIN 1 2 1 8 3.411 -4.058 2.627
SPIN 1 2 1 9 -4.882 2.131 2.573
SPIN 1 2 1 10 2.632 5.209 0.967
SPIN 1 2 1 11 3.851 2.506 -3.726
SPIN 1 2 1 12 -4.080 2.660 -3.358
SPIN 1 2 1 13 0.944 5.273 2.511
SPIN 1 2 1 14 -4.632 3.283 -1.662
SPIN 1 2 1 15 -1.576 2.142 5.285
SPIN 4 2 1 0 -5.161 2.772 0.827
SPIN 4 2 1 1 -1.430 -3.273 4.716
SPIN 4 2 1 2 5.572 -1.577 -1.212
SPIN 4 2 1 3 1.903 -0.762 -5.549
SPIN 4 2 1 4 0.786 1.017 -5.775
SPIN 4 2 1 5 -4.776 3.474 -0.351
SPIN 4 2 1 6 3.283 3.005 3.897
SPIN 4 2 1 7 -5.396 0.186 -2.418
SPIN 4 2 1 8 3.044 -2.843 4.201
SPIN 4 2 1 9 0.637 4.032 -4.283
SPIN 4 2 1 10 -1.478 -2.482 -5.163
SPIN 4 2 1 11 5.605 -1.689 0.856
SPIN 4 2 1 12 1.816 -2.043 -5.247
SPIN 4 2 1 13 4.402 0.317 -3.940
SPIN 4 2 1 14 -2.582 4.971 -1.904
SPIN 4 2 1 15 2.447 -5.383 -0.179
SPIN 1 2 2 0 0.687 5.263 -2.613
SPIN 1 2 2 1 -3.041 -3.932 3.208
SPIN 1 2 2 2 -5.303 1.678 -2.016
SPIN 1 2 2 3 -1.748 -2.930 -4.833
SPIN 1 2 2 4 2.948 5.113 0.404
SPIN 1 2 2 5 -4.145 -4.056 -1.169
SPIN 1 2 2 6 -2.909 4.181 3.010
SPIN 1 2 2 7 0.938 -5.709 1.235
SPIN 1 2 2 8 0.216 5.578 1.959
SPIN 1 2 2 9 4.192 4.125 -0.641
SPIN 1 2 2 10 -5.237 -2.430 1.294
SPIN 1 2 2 11 1.858 5.017 -2.524
SPIN 1 2 2 12 2.742 0.237 5.237
SPIN 1 2 2 13 -4.621 -3.133 1.957
SPIN 1 2 2 14 -2.245 -3.356 4.324
SPIN 1 2 2 15 3.589 -2.876 3.721
SPIN 4 2 2 0 0.752 2.848 5.131
SPIN 4 2 2 1 -2.070 -1.470 -5.344
SPIN 4 2 2 2 -1.994 -0.471 5.550
SPIN 4 2 2 3 -3.635 -4.345 1.706
SPIN 4 2 2 4 0.337 -5.880 0.559
SPIN 4 2 2 5 3.002 -3.457 -3.746
SPIN 4 2 2 6 4.280 -0.715 4.021
SPIN 4 2 2 7 2.410 0.284 -5.395
SPIN 4 2 2 8 0.467 0.488 -5.877
SPIN 4 2 2 9 -0.688 -5.072 -2.968
SPIN 4 2 2 10 5.241 -2.290 1.512
SPIN 4 2 2 11 0.088 -4.948 3.242
SPIN 4 2 2 12 -5.876 -0.183 -0.659
SPIN 4 2 2 13 -0.283 -5.098 2.988
SPIN 4 2 2 14 -5.180 1.577 2.384
SPIN 4 2 2 15 3.914 -3.768 -2.341
SPIN 1 2 3 0 -2.724 -2.519 -4.608
SPIN 1 2 3 1 -2.607 0.693 -5.265
SPIN 1 2 3 2 3.859 -0.551 4.450
SPIN 1 2 3 3 2.638 -5.110 1.390
SPIN 1 2 3 4 5.524 1.965 0.794
SPIN 1 2 3 5 -3.318 4.140 2.617
SPIN 1 2 3 6 -2.703 -3.111 -4.244
SPIN 1 2 3 7 2.883 -2.172 4.687
SPIN 1 2 3 8 -5.397 -2.405 0.298
SPIN 1 2 3 9 -2.284 -0.732 5.408
SPIN 1 2 3 10 -4.870 2.319 2.429
SPIN 1 2 3 11 -1.111 -5.775 -0.641
SPIN 1 2 3 12 -0.025 5.779 1.265
SPIN 1 2 3 13 3.907 -4.296 -1.130
SPIN 1 2 3 14 -2.517 -4.120 3.418
SPIN 1 2 3 15 -0.264 -3.127 -5.015
SPIN 4 2 3 0 3.548 3.056 -3.615
SPIN 4 2 3 1 0.248 -5.420 -2.359
SPIN 4 2 3 2 0.601 -0.682 -5.846
SPIN 4 2 3 3 -2.257 0.146 -5.467
SPIN 4 2 3 4 -2.160 -3.799 3.988
SPIN 4 2 3 5 2.046 4.046 3.801
SPIN 4 2 3 6 -2.762 2.144 -4.772
SPIN 4 2 3 7 -3.364 1.901 -4.480
SPIN 4 2 3 8 2.460 0.465 -5.360
SPIN 4 2 3 9 2.361 -0.760 5.371
SPIN 4 2 3 10 -2.360 -0.793 -5.367
SPIN 4 2 3 11 -4.303 3.983 0.788
SPIN 4 2 3 12 4.558 1.971 -3.216
SPIN 4 2 3 13 1.463 1.734 5.464
SPIN 4 2 3 14 4.730 2.988 -1.925
SPIN 4 2 3 15 1.195 -2.366 5.289
SPIN 1 2 4 0 3.230 -1.807 4.615
SPIN 1 2 4 1 4.615 -3.639 0.677
SPIN 1 2 4 2 -1.317 5.619 1.301
SPIN 1 2 4 3 2.499 -1.738 5.073
SPIN 1 2 4 4 -3.200 4.898 -0.876
SPIN 1 2 4 5 -2.747 4.473 2.728
SPIN 1 2 4 6 0.364 -2.578 -5.312
SPIN 1 2 4 7 1.540 5.255 2.239
SPIN 1 2 4 8 5.508 0.585 2.077
SPIN 1 2 4 9 -3.819 -2.636 3.669
SPIN 1 2 4 10 -1.258 -4.495 3.635
SPIN 1 2 4 11 -4.796 2.676 -2.200
SPIN 1 2 4 12 -0.506 -5.847 -0.745
SPIN 1 2 4 13 3.874 -2.986 3.328
SPIN 1 2 4 14 -4.177 -3.014 -2.911
SPIN 1 2 4 15 -2.852 -5.084 1.009
SPIN 4 2 4 0 1.755 4.634 -3.233
SPIN 4 2 4 1 -2.224 3.111 -4.514
SPIN 4 2 4 2 2.859 3.677 -3.647
SPIN 4 2 4 3 -3.449 -3.034 3.728
SPIN 4 2 4 4 5.805 -0.040 -1.143
SPIN 4 2 4 5 1.737 -1.240 -5.518
SPIN 4 2 4 6 -4.237 -3.353 -2.410
SPIN 4 2 4 7 -1.179 -1.846 5.496
SPIN 4 2 4 8 5.300 -2.048 1.649
SPIN 4 2 4 9 -5.398 2.420 0.025
SPIN 4 2 4 10 0.254 5.847 -0.864
SPIN 4 2 4 11 2.006 3.671 4.184
SPIN 4 2 4 12 2.368 4.190 -3.441
SPIN 4 2 4 13 -1.514 -4.651 -3.328
SPIN 4 2 4 14 3.889 1.829 4.066
SPIN 4 2 4 15 -1.201 0.835 -5.732
SPIN 1 2 5 0 -5.110 2.918 -0.610
SPIN 1 2 5 1 -3.307 -4.867 0.613
SPIN 1 2 5 2 3.076 -2.405 4.444
SPIN 1 2 5 3 1.979 3.408 4.412
SPIN 1 2 5 4 1.918 3.131 -4.639
SPIN 1 2 5 5 4.391 -1.908 3.475
SPIN 1 2 5 6 2.467 0.027 5.377
SPIN 1 2 5 7 -0.944 -4.644 -3.542
SPIN 1 2 5 8 -5.662 -1.075 -1.335
SPIN 1 2 5 9 2.464 -5.145 -1.569
SPIN 1 2 5 10 0.792 1.690 -5.614
SPIN 1 2 5 11 5.701 -1.570 -0.189
SPIN 1 2 5 12 -1.601 1.560 5.478
SPIN 1 2 5 13 -0.749 -1.360 -5.709
SPIN 1 2 5 14 -1.018 5.549 1.782
SPIN 1 2 5 15 1.726 1.632 -5.418
SPIN 4 2 5 0 -5.891 -0.412 0.356
SPIN 4 2 5 1 0.470 4.465 3.852
SPIN 4 2 5 2 -5.067 1.644 2.573
SPIN 4 2 5 3 -0.183 1.363 -5.754
SPIN 4 2 5 4 0.895 0.633 5.814
SPIN 4 2 5 5 -4.352 -1.165 -3.835
SPIN 4 2 5 6 4.403 -0.413 3.929
SPIN 4 2 5 7 -0.758 5.714 -1.331
SPIN 4 2 5 8 -4.517 -1.804 3.368
SPIN 4 2 5 9 -0.783 -3.691 4.557
SPIN 4 2 5 10 -0.075 -4.706 -3.585
SPIN 4 2 5 11 -1.886 -4.054 3.875
SPIN 4 2 5 12 -4.741 0.476 3.506
SPIN 4 2 5 13 1.069 5.806 -0.386
SPIN 4 2 5 14 -0.109 -3.970 4.385
SPIN 4 2 5 15 4.417 -3.880 -0.657
SPIN 1 2 6 0 0.585 -3.465 4.760
SPIN 1 2 6 1 -1.635 2.624 5.044
SPIN 1 2 6 2 4.470 -0.177 -3.872
SPIN 1 2 6 3 0.292 -3.473 4.781
SPIN 1 2 6 4 1.710 -3.744 -4.250
SPIN 1 2 6 5 2.100 1.628 -5.286
SPIN 1 2 6 6 -1.026 -5.522 -1.859
SPIN 1 2 6 7 5.281 -0.815 2.540
SPIN 1 2 6 8 -1.708 5.442 -1.571
SPIN 1 2 6 9 -2.480 -4.959 -2.064
SPIN 1 2 6 10 0.724 3.735 -4.530
SPIN 1 2 6 11 4.190 2.399 3.419
SPIN 1 2 6 12 1.797 -1.485 -5.437
SPIN 1 2 6 13 0.628 3.527 4.708
SPIN 1 2 6 14 2.201 -5.331 -1.319
SPIN 1 2 6 15 3.692 3.790 2.647
SPIN 4 2 6 0 -2.547 3.080 4.362
SPIN 4 2 6 1 4.005 -1.877 -3.929
SPIN 4 2 6 2 0.198 5.524 -2.108
SPIN 4 2 6 3 -4.918 -3.024 -1.291
SPIN 4 2 6 4 3.567 -3.348 -3.326
SPIN 4 2 6 5 4.344 1.285 3.805
SPIN 4 2 6 6 1.989 4.805 2.820
SPIN 4 2 6 7 -1.457 -3.754 -4.334
SPIN 4 2 6 8 3.980 -3.554 -2.555
SPIN 4 2 6 9 -2.037 5.485 0.875
SPIN 4 2 6 10 -1.295 -4.595 -3.494
SPIN 4 2 6 11 0.724 5.655 -1.580
SPIN 4 2 6 12 -5.859 -0.478 -0.663
SPIN 4 2 6 13 -3.782 -4.291 1.511
SPIN 4 2 6 14 -1.979 -1.660 -5.323
SPIN 4 2 6 15 -5.615 1.185 -1.437
SPIN 1 2 7 0 -2.193 3.697 4.065
SPIN 1 2 7 1 1.317 4.673 3.381
SPIN 1 2 7 2 -2.435 -2.393 4.832
SPIN 1 2 7 3 4.588 -3.371 1.607
SPIN 1 2 7 4 1.921 4.678 -3.070
SPIN 1 2 7 5 -0.831 -3.297 -4.841
SPIN 1 2 7 6 3.580 3.782 -2.807
SPIN 1 2 7 7 0.899 -2.881 -5.088
SPIN 1 2 7 8 -1.092 -0.127 -5.813
SPIN 1 2 7 9 -0.483 3.992 -4.340
SPIN 1 2 7 10 1.367 -3.065 -4.872
SPIN 1 2 7 11 3.665 0.267 4.636
SPIN 1 2 7 12 0.626 4.364 3.945
SPIN 1 2 7 13 4.723 3.180 -1.608
SPIN 1 2 7 14 2.004 -5.515 -0.753
SPIN 1 2 7 15 -0.232 1.435 -5.735
SPIN 4 2 7 0 2.705 0.390 5.247
SPIN 4 2 7 1 -4.794 -2.014 -2.821
SPIN 4 2 7 2 -3.882 4.023 1.936
SPIN 4 2 7 3 3.410 -4.807 -0.515
SPIN 4 2 7 4 0.821 5.777 -0.974
SPIN 4 2 7 5 -5.168 -1.652 2.358
SPIN 4 2 7 6 4.856 3.083 1.386
SPIN 4 2 7 7 -2.393 4.996 -2.077
SPIN 4 2 7 8 -0.459 1.507 -5.702
SPIN 4 2 7 9 -3.870 3.348 2.968
SPIN 4 2 7 10 0.669 3.213 4.922
SPIN 4 2 7 11 2.321 -5.298 -1.242
SPIN 4 2 7 12 5.382 0.830 -2.311
SPIN 4 2 7 13 -0.373 5.904 0.078
SPIN 4 2 7 14 -3.350 -4.540 1.780
SPIN 4 2 7 15 4.482 -2.963 2.476
SPIN 1 2 8 0 -0.280 5.908 0.143
SPIN 1 2 8 1 1.682 -4.900 2.856
SPIN 1 2 8 2 -0.271 4.182 -4.176
SPIN 1 2 8 3 4.615 2.508 2.723
SPIN 1 2 8 4 -2.350 -5.195 -1.580
SPIN 1 2 8 5 -1.438 5.643 1.045
SPIN 1 2 8 6 -2.854 -1.125 5.058
SPIN 1 2 8 7 -0.744 1.025 -5.779
SPIN 1 2 8 8 4.188 -2.723 3.169
SPIN 1 2 8 9 -3.556 -4.222 -2.129
SPIN 1 2 8 10 5.744 0.875 -1.115
SPIN 1 2 8 11 2.985 -4.348 -2.680
SPIN 1 2 8 12 1.183 5.382 2.153
SPIN 1 2 8 13 -5.902 -0.251 -0.314
SPIN 1 2 8 14 -1.774 -0.697 5.601
SPIN 1 2 8 15 -4.837 -2.783 -1.964
SPIN 4 2 8 0 -3.519 4.742 0.364
SPIN 4 2 8 1 5.881 -0.306 0.563
SPIN 4 2 8 2 -4.235 2.415 3.351
SPIN 4 2 8 3 -5.275 0.175 -2.672
SPIN 4 2 8 4 -1.812 -1.846 5.321
SPIN 4 2 8 5 -4.838 -2.397 -2.419
SPIN 4 2 8 6 -4.706 -3.154 1.704
SPIN 4 2 8 7 5.788 0.677 1.018
SPIN 4 2 8 8 -3.279 -4.915 0.296
SPIN 4 2 8 9 -2.728 2.296 -4.721
SPIN 4 2 8 10 -0.148 4.516 -3.819
SPIN 4 2 8 11 4.322 -3.424 2.145
SPIN 4 2 8 12 -1.317 3.210 -4.792
SPIN 4 2 8 13 5.901 0.313 0.281
SPIN 4 2 8 14 2.560 4.887 -2.135
SPIN 4 2 8 15 0.799 4.054 4.234
SPIN 1 2 9 0 -4.709 -2.742 2.304
SPIN 1 2 9 1 -2.944 4.626 2.221
SPIN 1 2 9 2 0.382 -0.927 5.830
SPIN 1 2 9 3 2.856 -0.257 5.175
SPIN 1 2 9 4 2.794 1.709 -4.927
SPIN 1 2 9 5 -0.733 1.834 5.577
SPIN 1 2 9 6 4.769 0.936 -3.374
SPIN 1 2 9 7 -0.178 -0.085 5.913
SPIN 1 2 9 8 4.910 3.128 -1.050
SPIN 1 2 9 9 -1.914 1.396 5.421
SPIN 1 2 9 10 -2.437 3.043 4.450
SPIN 1 2 9 11 3.842 -2.380 3.817
SPIN 1 2 9 12 -2.474 -4.465 -2.989
SPIN 1 2 9 13 -1.493 -1.928 5.390
SPIN 1 2 9 14 -1.682 -5.598 0.912
SPIN 1 2 9 15 5.064 -2.946 -0.822
SPIN 4 2 9 0 5.411 2.357 0.416
SPIN 4 2 9 1 3.084 5.037 0.334
SPIN 4 2 9 2 4.515 -1.371 -3.568
SPIN 4 2 9 3 -4.715 -3.396 -1.112
SPIN 4 2 9 4 -1.109 -3.907 -4.302
SPIN 4 2 9 5 -1.210 5.562 -1.611
SPIN 4 2 9 6 2.837 5.112 -0.906
SPIN 4 2 9 7 -0.577 3.497 4.737
SPIN 4 2 9 8 1.948 -5.547 -0.656
SPIN 4 2 9 9 2.124 -5.187 1.894
SPIN 4 2 9 10 1.396 -5.718 -0.598
SPIN 4 2 9 11 -5.655 -0.579 -1.639
SPIN 4 2 9 12 -1.947 -5.583 -0.208
SPIN 4 2 9 13 -4.749 3.498 -0.468
SPIN 4 2 9 14 1.336 4.747 -3.268
SPIN 4 2 9 15 -2.953 1.375 -4.938
SPIN 1 2 10 0 -4.613 -1.320 3.461
SPIN 1 2 10 1 -3.318 -0.963 -4.803
SPIN 1 2 10 2 5.588 1.541 1.185
SPIN 1 2 10 3 -3.261 3.713 -3.253
SPIN 1 2 10 4 -5.630 -0.778 -1.644
SPIN 1 2 10 5 1.895 2.830 -4.837
SPIN 1 2 10 6 -2.363 -4.891 2.345
SPIN 1 2 10 7 0.447 4.244 4.097
SPIN 1 2 10 8 -0.719 -5.041 3.012
SPIN 1 2 10 9 5.706 1.426 0.640
SPIN 1 2 10 10 -1.765 -4.624 -3.241
SPIN 1 2 10 11 -0.050 -3.914 -4.436
SPIN 1 2 10 12 4.469 -2.452 3.003
SPIN 1 2 10 13 -5.535 -0.719 -1.961
SPIN 1 2 10 14 -0.026 0.995 5.832
SPIN 1 2 10 15 -0.843 5.602 -1.706
SPIN 4 2 10 0 2.039 1.455 -5.359
SPIN 4 2 10 1 -3.000 -4.836 -1.617
SPIN 4 2 10 2 -2.379 -4.641 2.793
SPIN 4 2 10 3 2.177 0.666 -5.461
SPIN 4 2 10 4 5.237 -1.943 1.948
SPIN 4 2 10 5 -5.618 1.425 1.187
SPIN 4 2 10 6 0.308 3.211 4.959
SPIN 4 2 10 7 4.251 -4.105 -0.281
SPIN 4 2 10 8 -5.383 -1.022 2.231
SPIN 4 2 10 9 -1.809 -3.274 -4.583
SPIN 4 2 10 10 2.321 2.416 4.876
SPIN 4 2 10 11 3.135 2.890 4.101
SPIN 4 2 10 12 5.878 -0.315 -0.596
SPIN 4 2 10 13 4.824 3.116 1.421
SPIN 4 2 10 14 -2.844 -2.734 -4.409
SPIN 4 2 10 15 -5.705 -1.121 1.091
SPIN 1 2 11 0 1.194 -5.562 1.624
SPIN 1 2 11 1 4.986 1.728 2.676
SPIN 1 2 11 2 -5.138 -2.933 0.045
SPIN 1 2 11 3 5.731 1.443 -0.268
SPIN 1 2 11 4 1.975 2.046 -5.188
SPIN 1 2 11 5 -0.109 5.554 -2.036
SPIN 1 2 11 6 -2.133 5.313 1.490
SPIN 1 2 11 7 5.797 0.757 -0.909
SPIN 1 2 11 8 -1.090 -2.862 -5.062
SPIN 1 2 11 9 0.016 0.920 5.844
SPIN 1 2 11 10 2.230 4.789 -2.664
SPIN 1 2 11 11 1.233 5.649 -1.252
SPIN 1 2 11 12 1.574 2.090 -5.306
SPIN 1 2 11 13 3.220 0.609 4.926
SPIN 1 2 11 14 3.477 1.677 4.483
SPIN 1 2 11 15 -5.265 -0.061 2.697
SPIN 4 2 11 0 -2.460 -2.162 4.927
SPIN 4 2 11 1 3.275 -1.712 4.620
SPIN 4 2 11 2 -2.334 0.825 -5.373
SPIN 4 2 11 3 2.704 -3.987 3.434
SPIN 4 2 11 4 -3.176 -0.073 4.991
SPIN 4 2 11 5 4.096 -3.775 1.994
SPIN 4 2 11 6 -0.248 -1.646 -5.677
SPIN 4 2 11 7 -4.406 -0.777 3.871
SPIN 4 2 11 8 1.276 0.894 -5.707
SPIN 4 2 11 9 -4.385 -0.796 3.891
SPIN 4 2 11 10 4.604 3.580 0.993
SPIN 4 2 11 11 1.827 -3.947 -4.011
SPIN 4 2 11 12 -2.658 -0.660 5.244
SPIN 4 2 11 13 -2.057 -5.546 -0.091
SPIN 4 2 11 14 1.917 5.525 -0.892
SPIN 4 2 11 15 4.260 1.063 -3.966
SPIN 1 2 12 0 2.437 2.146 4.945
SPIN 1 2 12 1 -4.027 1.400 -4.102
SPIN 1 2 12 2 -1.463 4.144 -3.961
SPIN 1 2 12 3 -5.715 0.048 -1.527
SPIN 1 2 12 4 2.811 -5.156 0.720
SPIN 1 2 12 5 5.801 0.716 -0.915
SPIN 1 2 12 6 -2.106 3.773 4.041
SPIN 1 2 12 7 -0.784 -0.151 5.862
SPIN 1 2 12 8 -5.694 1.605 -0.075
SPIN 1 2 12 9 -5.831 -0.994 0.114
SPIN 1 2 12 10 5.260 -1.200 -2.427
SPIN 1 2 12 11 -4.398 3.259 -2.244
SPIN 1 2 12 12 -1.889 5.595 0.360
SPIN 1 2 12 13 5.736 -0.979 -1.067
SPIN 1 2 12 14 0.736 1.144 5.758
SPIN 1 2 12 15 -1.286 -2.765 -5.070
SPIN 4 2 12 0 5.011 -3.047 -0.778
SPIN 4 2 12 1 0.061 -4.930 3.269
SPIN 4 2 12 2 -1.624 5.484 1.513
SPIN 4 2 12 3 5.218 0.379 -2.761
SPIN 4 2 12 4 0.417 2.621 -5.287
SPIN 4 2 12 5 -3.440 4.290 -2.183
SPIN 4 2 12 6 -5.757 -1.038 0.884
SPIN 4 2 12 7 -1.243 4.155 4.024
SPIN 4 2 12 8 3.476 0.079 -4.787
SPIN 4 2 12 9 2.484 1.612 5.122
SPIN 4 2 12 10 -0.994 2.271 -5.372
SPIN 4 2 12 11 -0.601 -3.221 4.926
SPIN 4 2 12 12 1.056 3.187 -4.871
SPIN 4 2 12 13 -3.756 1.549 -4.300
SPIN 4 2 12 14 0.863 -4.632 3.577
SPIN 4 2 12 15 -5.248 1.447 -2.317
SPIN 1 2 13 0 2.987 -5.004 1.017
SPIN 1 2 13 1 -4.552 2.873 2.454
SPIN 1 2 13 2 1.998 -0.299 -5.560
SPIN 1 2 13 3 -3.136 -4.386 -2.435
SPIN 1 2 13 4 0.714 -0.190 5.870
SPIN 1 2 13 5 1.786 4.373 3.562
SPIN 1 2 13 6 3.427 -4.272 2.238
SPIN 1 2 13 7 5.087 2.008 -2.255
SPIN 1 2 13 8 -5.131 -1.362 2.612
SPIN 1 2 13 9 -1.431 -1.226 5.608
SPIN 1 2 13 10 2.386 -3.874 -3.782
SPIN 1 2 13 11 -5.150 2.612 1.286
SPIN 1 2 13 12 5.051 -0.826 2.967
SPIN 1 2 13 13 -5.593 -0.318 1.901
SPIN 1 2 13 14 -5.564 -1.834 -0.827
SPIN 1 2 13 15 -2.348 1.339 5.262
SPIN 4 2 13 0 -3.391 4.130 2.538
SPIN 4 2 13 1 4.520 -0.550 3.778
SPIN 4 2 13 2 4.267 -0.266 4.089
SPIN 4 2 13 3 3.188 4.982 0.097
SPIN 4 2 13 4 -2.853 5.129 0.746
SPIN 4 2 13 5 1.510 -3.271 4.693
SPIN 4 2 13 6 1.651 -1.028 -5.587
SPIN 4 2 13 7 5.746 -1.170 -0.786
SPIN 4 2 13 8 -2.161 -4.123 3.651
SPIN 4 2 13 9 -3.717 4.398 1.358
SPIN 4 2 13 10 -0.344 -5.167 -2.861
SPIN 4 2 13 11 -4.165 0.593 -4.159
SPIN 4 2 13 12 -1.367 5.543 1.551
SPIN 4 2 13 13 -4.553 2.586 2.753
SPIN 4 2 13 14 -5.655 -0.746 -1.571
SPIN 4 2 13 15 5.697 -1.577 -0.237
SPIN 1 2 14 0 -1.608 -0.693 -5.651
SPIN 1 2 14 1 3.297 -4.910 -0.140
SPIN 1 2 14 2 -3.053 -4.964 1.019
SPIN 1 2 14 3 -4.626 -3.572 -0.919
SPIN 1 2 14 4 5.698 -0.033 -1.592
SPIN 1 2 14 5 -5.846 0.690 -0.594
SPIN 1 2 14 6 5.276 1.642 -2.113
SPIN 1 2 14 7 2.802 5.192 -0.434
SPIN 1 2 14 8 -4.749 -1.097 3.353
SPIN 1 2 14 9 -4.685 1.491 -3.291
SPIN 1 2 14 10 -2.226 -5.469 0.369
SPIN 1 2 14 11 3.722 4.282 1.676
SPIN 1 2 14 12 0.821 -5.468 -2.103
SPIN 1 2 14 13 4.057 -3.781 -2.060
SPIN 1 2 14 14 -4.638 2.297 -2.866
SPIN 1 2 14 15 -1.080 -5.052 2.882
SPIN 4 2 14 0 -4.926 3.140 -0.939
SPIN 4 2 14 1 -5.546 -1.038 -1.778
SPIN 4 2 14 2 3.429 -1.560 -4.562
SPIN 4 2 14 3 2.420 4.353 3.192
SPIN 4 2 14 4 0.730 -2.902 -5.104
SPIN 4 2 14 5 -3.417 1.119 4.698
SPIN 4 2 14 6 -3.563 -1.257 4.552
SPIN 4 2 14 7 -5.770 -0.782 -1.045
SPIN 4 2 14 8 -4.324 1.918 3.553
SPIN 4 2 14 9 -0.222 -5.787 1.210
SPIN 4 2 14 10 2.508 4.980 1.977
SPIN 4 2 14 11 -0.964 0.662 -5.799
SPIN 4 2 14 12 3.699 3.490 3.022
SPIN 4 2 14 13 2.079 5.279 -1.677
SPIN 4 2 14 14 1.098 -4.674 3.456
SPIN 4 2 14 15 -3.656 0.802 4.582
SPIN 1 2 15 0 -0.013 -2.484 5.369
SPIN 1 2 15 1 4.274 3.529 -2.069
SPIN 1 2 15 2 -3.287 -2.654 -4.142
SPIN 1 2 15 3 -1.493 5.568 1.332
SPIN 1 2 15 4 -1.005 -0.132 5.829
SPIN 1 2 15 5 -2.645 -5.258 0.599
SPIN 1 2 15 6 0.231 4.568 -3.752
SPIN 1 2 15 7 0.642 -4.542 3.736
SPIN 1 2 15 8 4.195 -0.150 -4.169
SPIN 1 2 15 9 -3.667 4.624 -0.418
SPIN 1 2 15 10 5.023 2.487 -1.894
SPIN 1 2 15 11 -3.978 -4.050 -1.666
SPIN 1 2 15 12 -3.272 4.914 0.389
SPIN 1 2 15 13 0.600 -5.883 -0.187
SPIN 1 2 15 14 -4.629 -3.133 1.938
SPIN 1 2 15 15 -0.976 0.037 -5.835
SPIN 4 2 15 0 2.654 3.853 -3.621
SPIN 4 2 15 1 5.534 0.619 1.998
SPIN 4 2 15 2 -5.590 0.887 -1.723
SPIN 4 2 15 3 -0.860 0.379 -5.841
SPIN 4 2 15 4 5.550 2.006 0.419
SPIN 4 2 15 5 5.868 0.755 -0.000
SPIN 4 2 15 6 -0.810 -3.347 -4.811
SPIN 4 2 15 7 3.145 -4.997 -0.372
SPIN 4 2 15 8 0.884 4.863 -3.252
SPIN 4 2 15 9 -4.879 3.206 0.956
SPIN 4 2 15 10 3.030 -1.081 -4.965
SPIN 4 2 15 11 4.153 3.799 1.823
SPIN 4 2 15 12 -3.685 -1.441 -4.398
SPIN 4 2 15 13 4.697 -3.155 -1.727
SPIN 4 2 15 14 -2.960 -4.670 2.105
SPIN 4 2 15 15 -1.976 -2.159 -5.141
SPIN 3 2 0 0 1.029 5.382 2.230
SPIN 3 2 0 1 0.680 -3.671 4.589
SPIN 3 2 0 2 -5.685 0.423 1.580
SPIN 3 2 0 3 -5.105 -1.462 2.607
SPIN 3 2 0 4 -0.287 5.909 0.003
SPIN 3 2 0 5 -2.543 -4.312 -3.153
SPIN 3 2 0 6 -1.825 -2.805 4.879
SPIN 3 2 0 7 -4.548 3.749 0.516
SPIN 3 2 0 8 0.222 0.581 -5.883
SPIN 3 2 0 9 3.114 -1.227 4.878
SPIN 3 2 0 10 4.329 -2.843 2.859
SPIN 3 2 0 11 -3.552 -0.295 4.722
SPIN 3 2 0 12 -2.412 0.960 -5.316
SPIN 3 2 0 13 -3.562 -4.673 0.689
SPIN 3 2 0 14 2.617 4.077 3.396
SPIN 3 2 0 15 4.135 1.757 3.849
SPIN 2 2 0 0 3.302 0.893 -4.827
SPIN 2 2 0 1 3.338 -1.812 -4.536
SPIN 2 2 0 2 -5.583 1.524 1.228
SPIN 2 2 0 3 -5.027 -2.834 1.302
SPIN 2 2 0 4 1.677 -1.558 -5.455
SPIN 2 2 0 5 3.414 4.653 1.301
SPIN 2 2 0 6 2.130 -0.789 5.463
SPIN 2 2 0 7 -4.421 -3.168 2.328
SPIN 2 2 0 8 3.893 -3.961 2.039
SPIN 2 2 0 9 4.128 3.798 1.880
SPIN 2 2 0 10 -2.397 -5.303 1.063
SPIN 2 2 0 11 -2.584 2.626 4.629
SPIN 2 2 0 12 -0.595 5.783 -1.099
SPIN 2 2 0 13 4.708 0.316 3.568
SPIN 2 2 0 14 1.278 -5.752 -0.532
SPIN 2 2 0 15 -0.208 4.889 3.324
SPIN 3 2 1 0 3.068 -0.066 5.058
SPIN 3 2 1 1 1.916 -3.268 -4.544
SPIN 3 2 1 2 1.495 5.711 0.386
SPIN 3 2 1 3 2.657 -4.768 2.282
SPIN 3 2 1 4 -5.607 -0.481 -1.823
SPIN 3 2 1 5 0.533 2.058 5.521
SPIN 3 2 1 6 2.361 -3.167 -4.404
SPIN 3 2 1 7 -4.115 -2.379 -3.523
SPIN 3 2 1 8 1.852 3.952 3.994
SPIN 3 2 1 9 -0.890 -1.247 -5.714
SPIN 3 2 1 10 -3.599 1.803 -4.336
SPIN 3 2 1 11 -1.131 2.300 -5.332
SPIN 3 2 1 12 -4.927 1.615 -2.849
SPIN 3 2 1 13 5.142 1.907 -2.219
SPIN 3 2 1 14 5.219 -2.573 1.069
SPIN 3 2 1 15 -3.046 5.072 -0.059
SPIN 2 2 1 0 -3.091 -2.835 4.173
SPIN 2 2 1 1 1.983 2.040 5.187
SPIN 2 2 1 2 -3.308 4.848 0.741
SPIN 2 2 1 3 -2.808 -4.938 -1.652
SPIN 2 2 1 4 2.647 -4.895 2.007
SPIN 2 2 1 5 -3.138 -4.968 0.689
SPIN 2 2 1 6 4.533 2.782 2.591
SPIN 2 2 1 7 -1.870 1.334 5.452
SPIN 2 2 1 8 1.184 3.950 -4.242
SPIN 2 2 1 9 -3.469 -4.192 2.323
SPIN 2 2 1 10 4.001 2.925 3.230
SPIN 2 2 1 11 3.495 -4.464 1.690
SPIN 2 2 1 12 -0.097 2.609 5.309
SPIN 2 2 1 13 -4.959 -3.124 0.804
SPIN 2 2 1 14 -0.194 3.106 5.031
SPIN 2 2 1 15 -0.398 -5.347 -2.501
SPIN 3 2 2 0 -5.319 2.176 1.403
SPIN 3 2 2 1 3.400 -4.171 -2.458
SPIN 3 2 2 2 1.905 -0.488 5.580
SPIN 3 2 2 3 1.897 5.021 -2.489
SPIN 3 2 2 4 -2.919 -4.516 2.466
SPIN 3 2 2 5 0.250 -1.318 -5.762
SPIN 3 2 2 6 -2.097 -2.490 -4.940
SPIN 3 2 2 7 4.839 -0.258 3.394
SPIN 3 2 2 8 -5.699 -1.584 -0.104
SPIN 3 2 2 9 -2.536 5.117 1.546
SPIN 3 2 2 10 2.399 5.009 2.038
SPIN 3 2 2 11 -5.507 1.818 -1.172
SPIN 3 2 2 12 5.679 -0.408 1.607
SPIN 3 2 2 13 -0.632 2.816 5.164
SPIN 3 2 2 14 -4.263 -2.588 -3.183
SPIN 3 2 2 15 4.342 -3.742 -1.464
SPIN 2 2 2 0 -0.921 -2.822 -5.117
SPIN 2 2 2 1 -0.751 2.501 -5.309
SPIN 2 2 2 2 5.290 -2.600 -0.504
SPIN 2 2 2 3 -1.850 3.376 -4.492
SPIN 2 2 2 4 3.431 2.731 3.971
SPIN 2 2 2 5 0.206 5.686 -1.622
SPIN 2 2 2 6 -5.789 -0.195 1.205
SPIN 2 2 2 7 -5.430 2.336 0.238
SPIN 2 2 2 8 2.387 -5.409 0.224
SPIN 2 2 2 9 -5.520 2.036 0.619
SPIN 2 2 2 10 0.417 -3.289 4.900
SPIN 2 2 2 11 4.460 1.374 -3.636
SPIN 2 2 2 12 3.944 2.020 -3.919
SPIN 2 2 2 13 -3.496 3.828 -2.850
SPIN 2 2 2 14 -2.121 1.001 -5.431
SPIN 2 2 2 15 -5.028 2.946 1.021
SPIN 3 2 3 0 -5.191 -2.101 1.906
SPIN 3 2 3 1 1.288 -0.744 5.726
SPIN 3 2 3 2 -4.201 4.120 -0.615
SPIN 3 2 3 3 5.648 0.232 -1.745
SPIN 3 2 3 4 -1.746 0.557 5.625
SPIN 3 2 3 5 -0.065 -3.638 -4.665
SPIN 3 2 3 6 5.498 -1.391 -1.686
SPIN 3 2 3 7 -2.387 -0.903 -5.337
SPIN 3 2 3 8 5.597 -1.903 -0.216
SPIN 3 2 3 9 1.342 -5.134 -2.615
SPIN 3 2 3 10 -5.072 -2.766 -1.274
SPIN 3 2 3 11 5.584 -0.579 1.868
SPIN 3 2 3 12 1.676 -3.390 4.549
SPIN 3 2 3 13 0.348 -0.325 -5.897
SPIN 3 2 3 14 5.163 -0.966 2.722
SPIN 3 2 3 15 -1.115 4.385 3.812
SPIN 2 2 3 0 -5.716 1.522 0.118
SPIN 2 2 3 1 -0.565 4.112 4.216
SPIN 2 2 3 2 -5.765 0.727 1.110
SPIN 2 2 3 3 5.167 2.180 -1.884
SPIN 2 2 3 4 2.055 -5.464 -0.957
SPIN 2 2 3 5 -4.088 4.211 0.746
SPIN 2 2 3 6 4.500 -3.841 0.040
SPIN 2 2 3 7 5.191 -1.350 2.496
SPIN 2 2 3 8 -3.100 0.877 -4.962
SPIN 2 2 3 9 4.524 -2.509 2.871
SPIN 2 2 3 10 1.819 2.397 -5.093
SPIN 2 2 3 11 -0.989 5.794 0.670
SPIN 2 2 3 12 -2.369 -5.193 1.554
SPIN 2 2 3 13 -1.794 4.306 3.638
SPIN 2 2 3 14 -3.076 3.048 4.031
SPIN 2 2 3 15 1.590 -5.521 1.412
SPIN 3 2 4 0 -0.401 5.866 0.654
SPIN 3 2 4 1 3.133 -1.068 -4.903
SPIN 3 2 4 2 -3.134 -4.915 1.011
SPIN 3 2 4 3 -5.690 1.462 -0.700
SPIN 3 2 4 4 4.087 3.798 1.967
SPIN 3 2 4 5 -1.804 4.056 3.911
SPIN 3 2 4 6 4.481 1.209 3.668
SPIN 3 2 4 7 1.340 -5.258 -2.358
SPIN 3 2 4 8 -2.054 5.546 -0.145
SPIN 3 2 4 9 0.311 4.657 3.635
SPIN 3 2 4 10 3.551 -4.670 0.763
SPIN 3 2 4 11 4.509 2.418 -2.971
SPIN 3 2 4 12 -2.157 -1.533 -5.291
SPIN 3 2 4 13 3.186 -0.358 -4.972
SPIN 3 2 4 14 -2.626 1.901 4.949
SPIN 3 2 4 15 -5.650 -1.443 -0.996
SPIN 2 2 4 0 -3.696 -4.368 1.503
SPIN 2 2 4 1 -2.656 1.364 5.108
SPIN 2 2 4 2 4.905 3.158 -0.983
SPIN 2 2 4 3 -5.085 2.566 1.599
SPIN 2 2 4 4 0.599 5.500 -2.095
SPIN 2 2 4 5 1.881 1.640 5.364
SPIN 2 2 4 6 -3.251 3.559 -3.431
SPIN 2 2 4 7 -5.846 0.643 -0.641
SPIN 2 2 4 8 -3.117 -4.986 0.651
SPIN 2 2 4 9 -4.502 -1.869 -3.352
SPIN 2 2 4 10 0.093 -3.435 -4.816
SPIN 2 2 4 11 -0.799 2.208 5.430
SPIN 2 2 4 12 5.755 1.371 0.001
SPIN 2 2 4 13 -0.657 4.701 3.531
SPIN 2 2 4 14 -1.880 -0.903 -5.536
SPIN 2 2 4 15 1.141 -3.672 -4.496
SPIN 3 2 5 0 1.634 -4.911 2.866
SPIN 3 2 5 1 -2.411 -3.562 -4.061
SPIN 3 2 5 2 -4.379 -2.236 3.290
SPIN 3 2 5 3 -0.720 0.892 5.804
SPIN 3 2 5 4 1.734 2.436 -5.105
SPIN 3 2 5 5 2.331 4.965 -2.217
SPIN 3 2 5 6 3.439 -1.983 -4.386
SPIN 3 2 5 7 -4.016 -4.174 1.203
SPIN 3 2 5 8 2.463 -2.141 -4.935
SPIN 3 2 5 9 -1.848 4.910 -2.735
SPIN 3 2 5 10 -5.807 0.936 -0.637
SPIN 3 2 5 11 -1.914 5.533 0.852
SPIN 3 2 5 12 4.756 -3.477 0.538
SPIN 3 2 5 13 -3.846 -4.424 0.796
SPIN 3 2 5 14 -2.372 -4.271 -3.337
SPIN 3 2 5 15 3.450 4.792 -0.361
SPIN 2 2 5 0 -2.933 -0.411 -5.121
SPIN 2 2 5 1 -2.284 5.440 -0.432
SPIN 2 2 5 2 4.088 -1.967 -3.797
SPIN 2 2 5 3 3.193 -4.977 0.175
SPIN 2 2 5 4 -4.138 -3.799 -1.857
SPIN 2 2 5 5 -4.187 -2.929 -2.981
SPIN 2 2 5 6 2.464 -4.620 -2.754
SPIN 2 2 5 7 2.515 3.823 3.749
SPIN 2 2 5 8 4.948 -1.174 3.023
SPIN 2 2 5 9 4.294 -3.724 -1.641
SPIN 2 2 5 10 5.787 -0.138 1.219
SPIN 2 2 5 11 1.465 -5.426 1.847
SPIN 2 2 5 12 1.592 5.698 -0.029
SPIN 2 2 5 13 3.886 -1.050 -4.336
SPIN 2 2 5 14 1.336 5.352 2.137
SPIN 2 2 5 15 4.059 -4.232 0.785
SPIN 3 2 6 0 2.175 -3.026 -4.595
SPIN 3 2 6 1 -4.801 3.329 0.934
SPIN 3 2 6 2 5.587 -1.925 0.283
SPIN 3 2 6 3 0.395 -1.964 -5.567
SPIN 3 2 6 4 1.350 -4.228 3.911
SPIN 3 2 6 5 -4.028 -3.099 -3.028
SPIN 3 2 6 6 4.343 3.918 0.887
SPIN 3 2 6 7 2.761 -4.431 2.782
SPIN 3 2 6 8 4.591 -2.416 2.843
SPIN 3 2 6 9 -2.088 -0.715 5.489
SPIN 3 2 6 10 4.129 2.829 -3.154
SPIN 3 2 6 11 -4.156 -2.617 -3.299
SPIN 3 2 6 12 0.310 -4.808 3.433
SPIN 3 2 6 13 -3.718 0.890 4.515
SPIN 3 2 6 14 3.496 -4.393 1.865
SPIN 3 2 6 15 -5.889 0.343 -0.447
SPIN 2 2 6 0 3.911 -3.275 -2.997
SPIN 2 2 6 1 4.496 -3.697 1.059
SPIN 2 2 6 2 -5.212 2.797 0.126
SPIN 2 2 6 3 2.729 5.077 -1.332
SPIN 2 2 6 4 4.960 -0.589 3.171
SPIN 2 2 6 5 -5.343 -0.225 -2.529
SPIN 2 2 6 6 1.603 5.695 0.046
SPIN 2 2 6 7 2.118 -5.242 -1.742
SPIN 2 2 6 8 -4.069 2.452 3.525
SPIN 2 2 6 9 -2.399 1.706 -5.132
SPIN 2 2 6 10 3.883 0.486 4.437
SPIN 2 2 6 11 -5.208 -0.327 -2.788
SPIN 2 2 6 12 5.888 -0.160 0.553
SPIN 2 2 6 13 1.298 0.146 -5.770
SPIN 2 2 6 14 -5.653 -0.753 -1.575
SPIN 2 2 6 15 5.163 -0.913 -2.740
SPIN 3 2 7 0 -2.989 -2.358 4.528
SPIN 3 2 7 1 3.774 3.598 2.795
SPIN 3 2 7 2 2.273 4.661 -2.848
SPIN 3 2 7 3 1.005 -0.838 5.769
SPIN 3 2 7 4 -1.564 -0.360 -5.694
SPIN 3 2 7 5 5.860 -0.738 0.333
SPIN 3 2 7 6 -5.685 1.489 -0.680
SPIN 3 2 7 7 4.945 -1.124 3.047
SPIN 3 2 7 8 -0.767 -2.720 5.198
SPIN 3 2 7 9 4.266 0.828 -4.014
SPIN 3 2 7 10 -1.578 -5.523 1.416
SPIN 3 2 7 11 -5.710 -0.051 1.548
SPIN 3 2 7 12 5.786 -1.008 0.711
SPIN 3 2 7 13 5.094 2.154 -2.099
SPIN 3 2 7 14 -4.402 1.105 3.795
SPIN 3 2 7 15 -4.785 1.450 -3.162
SPIN 2 2 7 0 1.215 4.066 -4.122
SPIN 2 2 7 1 -3.726 -0.292 -4.586
SPIN 2 2 7 2 5.250 1.758 2.086
SPIN 2 2 7 3 -5.703 -1.439 -0.636
SPIN 2 2 7 4 -3.831 -4.125 1.819
SPIN 2 2 7 5 5.042 -3.059 -0.467
SPIN 2 2 7 6 -2.917 -2.466 -4.518
SPIN 2 2 7 7 0.348 -2.860 5.167
SPIN 2 2 7 8 -5.691 1.562 0.407
SPIN 2 2 7 9 4.293 0.086 4.070
SPIN 2 2 7 10 1.729 4.146 -3.850
SPIN 2 2 7 11 1.845 5.536 -0.974
SPIN 2 2 7 12 -4.784 3.259 1.222
SPIN 2 2 7 13 -3.035 -5.043 0.603
SPIN 2 2 7 14 5.052 3.014 -0.628
SPIN 2 2 7 15 -5.887 -0.037 0.583
SPIN 3 2 8 0 0.335 -4.913 3.279
SPIN 3 2 8 1 -1.038 2.543 -5.240
SPIN 3 2 8 2 2.032 -5.537 0.467
SPIN 3 2 8 3 -1.329 0.419 5.750
SPIN 3 2 8 4 5.598 -1.910 -0.128
SPIN 3 2 8 5 -5.290 -0.097 2.648
SPIN 3 2 8 6 -1.998 -5.508 -0.819
SPIN 3 2 8 7 1.721 -2.187 5.221
SPIN 3 2 8 8 -0.483 -0.949 -5.820
SPIN 3 2 8 9 -1.926 -3.742 4.157
SPIN 3 2 8 10 -3.129 3.584 -3.516
SPIN 3 2 8 11 4.546 3.698 0.811
SPIN 3 2 8 12 -4.398 -3.394 2.036
SPIN 3 2 8 13 -4.705 -3.100 -1.805
SPIN 3 2 8 14 1.142 0.031 5.805
SPIN 3 2 8 15 5.159 -0.774 -2.790
SPIN 2 2 8 0 -4.315 -3.963 -0.821
SPIN 2 2 8 1 5.499 0.672 2.076
SPIN 2 2 8 2 5.768 -0.101 1.310
SPIN 2 2 8 3 -1.018 -5.630 1.505
SPIN 2 2 8 4 1.003 5.655 1.421
SPIN 2 2 8 5 -3.477 -2.385 -4.150
SPIN 2 2 8 6 4.972 2.637 1.824
SPIN 2 2 8 7 -2.346 3.952 -3.726
SPIN 2 2 8 8 0.528 0.217 5.888
SPIN 2 2 8 9 0.018 5.443 -2.319
SPIN 2 2 8 10 3.748 -4.551 0.494
SPIN 2 2 8 11 -4.943 3.222 0.431
SPIN 2 2 8 12 0.604 -4.462 -3.837
SPIN 2 2 8 13 3.523 3.047 3.647
SPIN 2 2 8 14 -5.227 2.769 -0.101
SPIN 2 2 8 15 -2.719 1.627 -4.996
SPIN 3 2 9 0 1.718 -4.055 -3.950
SPIN 3 2 9 1 1.685 -3.295 -4.616
SPIN 3 2 9 2 -3.315 3.830 -3.056
SPIN 3 2 9 3 -0.392 -3.608 -4.672
SPIN 3 2 9 4 -2.847 3.957 -3.352
SPIN 3 2 9 5 4.146 -3.728 1.979
SPIN 3 2 9 6 2.552 3.160 4.301
SPIN 3 2 9 7 -2.307 -1.454 -5.250
SPIN 3 2 9 8 3.357 4.832 0.618
SPIN 3 2 9 9 -2.307 -1.162 -5.322
SPIN 3 2 9 10 -4.362 -2.921 2.727
SPIN 3 2 9 11 -0.994 1.941 5.499
SPIN 3 2 9 12 -0.562 4.538 -3.753
SPIN 3 2 9 13 1.407 5.572 -1.403
SPIN 3 2 9 14 3.534 -3.950 2.628
SPIN 3 2 9 15 -3.536 1.588 -4.469
SPIN 2 2 9 0 -1.454 2.731 5.042
SPIN 2 2 9 1 1.008 5.152 2.728
SPIN 2 2 9 2 -4.871 -2.917 -1.662
SPIN 2 2 9 3 -2.254 3.607 4.112
SPIN 2 2 9 4 1.452 -3.101 4.825
SPIN 2 2 9 5 3.814 4.411 -1.000
SPIN 2 2 9 6 1.141 -3.699 -4.474
SPIN 2 2 9 7 -2.163 -5.113 -2.044
SPIN 2 2 9 8 2.930 -4.154 -3.026
SPIN 2 2 9 9 -4.272 -3.998 -0.877
SPIN 2 2 9 10 -0.281 5.474 2.227
SPIN 2 2 9 11 -5.388 -2.044 1.337
SPIN 2 2 9 12 2.445 1.861 5.056
SPIN 2 2 9 13 -0.722 -4.919 3.206
SPIN 2 2 9 14 1.705 -5.053 -2.561
SPIN 2 2 9 15 3.465 -0.321 4.784
SPIN 3 2 10 0 0.175 -5.756 1.354
SPIN 3 2 10 1 5.002 0.019 -3.159
SPIN 3 2 10 2 -3.673 0.859 -4.558
SPIN 3 2 10 3 -1.241 -0.216 5.780
SPIN 3 2 10 4 2.813 5.006 -1.424
SPIN 3 2 10 5 -5.215 -0.302 2.777
SPIN 3 2 10 6 3.970 -4.380 -0.248
SPIN 3 2 10 7 -0.227 5.834 -0.953
SPIN 3 2 10 8 1.793 -4.621 3.230
SPIN 3 2 10 9 -4.512 1.131 3.656
SPIN 3 2 10 10 0.968 -1.305 -5.689
SPIN 3 2 10 11 -2.311 -5.380 -0.845
SPIN 3 2 10 12 -0.004 -2.488 -5.367
SPIN 3 2 10 13 -1.250 -5.748 0.633
SPIN 3 2 10 14 1.656 0.883 5.611
SPIN 3 2 10 15 4.311 -4.043 -0.270
SPIN 2 2 10 0 1.007 2.765 -5.133
SPIN 2 2 10 1 -1.655 2.749 4.970
SPIN 2 2 10 2 -0.453 5.872 0.565
SPIN 2 2 10 3 0.296 -0.952 -5.831
SPIN 2 2 10 4 -4.945 -0.215 -3.240
SPIN 2 2 10 5 1.122 4.006 4.207
SPIN 2 2 10 6 3.365 3.315 3.562
SPIN 2 2 10 7 -2.983 5.106 -0.171
SPIN 2 2 10 8 -0.925 5.442 -2.128
SPIN 2 2 10 9 -5.233 -1.116 2.523
SPIN 2 2 10 10 -2.562 -3.545 -3.983
SPIN 2 2 10 11 4.402 3.473 1.887
SPIN 2 2 10 12 -5.054 -1.962 2.367
SPIN 2 2 10 13 5.854 -0.122 -0.847
SPIN 2 2 10 14 -4.907 3.096 1.157
SPIN 2 2 10 15 4.985 3.144 -0.515
SPIN 3 2 11 0 0.493 5.884 -0.362
SPIN 3 2 11 1 -1.657 -2.909 4.877
SPIN 3 2 11 2 -1.536 4.513 3.503
SPIN 3 2 11 3 -2.214 -5.452 -0.611
SPIN 3 2 11 4 4.087 3.990 1.541
SPIN 3 2 11 5 -0.621 -1.967 -5.545
SPIN 3 2 11 6 -2.919 2.991 4.187
SPIN 3 2 11 7 -4.614 -2.172 -2.998
SPIN 3 2 11 8 -4.246 -0.508 -4.088
SPIN 3 2 11 9 2.648 -0.497 5.267
SPIN 3 2 11 10 -5.021 1.157 -2.907
SPIN 3 2 11 11 -1.880 0.846 -5.545
SPIN 3 2 11 12 3.132 -4.112 -2.878
SPIN 3 2 11 13 -5.797 0.389 -1.116
SPIN 3 2 11 14 1.249 5.728 0.795
SPIN 3 2 11 15 -5.498 2.180 0.117
SPIN 2 2 11 0 1.254 -4.315 3.848
SPIN 2 2 11 1 -2.992 5.084 0.446
SPIN 2 2 11 2 3.318 -4.277 -2.387
SPIN 2 2 11 3 -5.128 1.677 -2.428
SPIN 2 2 11 4 5.311 -0.245 -2.594
SPIN 2 2 11 5 -4.532 -1.038 -3.659
SPIN 2 2 11 6 2.084 -5.515 0.488
SPIN 2 2 11 7 -2.991 -1.891 4.741
SPIN 2 2 11 8 2.728 -1.075 5.138
SPIN 2 2 11 9 4.489 3.193 -2.157
SPIN 2 2 11 10 5.892 -0.530 0.041
SPIN 2 2 11 11 3.339 0.135 -4.882
SPIN 2 2 11 12 -0.471 -3.579 4.687
SPIN 2 2 11 13 -2.305 -4.304 3.341
SPIN 2 2 11 14 4.211 -4.024 1.035
SPIN 2 2 11 15 -3.398 4.516 -1.750
SPIN 3 2 12 0 -5.566 -1.674 1.105
SPIN 3 2 12 1 -3.916 1.921 3.996
SPIN 3 2 12 2 5.693 0.582 -1.502
SPIN 3 2 12 3 4.441 3.001 -2.503
SPIN 3 2 12 4 0.093 5.896 0.481
SPIN 3 2 12 5 2.609 2.639 4.607
SPIN 3 2 12 6 3.261 4.759 1.312
SPIN 3 2 12 7 4.507 -0.649 -3.777
SPIN 3 2 12 8 -3.471 3.958 2.700
SPIN 3 2 12 9 -0.745 -0.643 -5.834
SPIN 3 2 12 10 -1.470 -0.876 5.663
SPIN 3 2 12 11 -4.684 3.545 0.702
SPIN 3 2 12 12 -0.055 -3.276 4.926
SPIN 3 2 12 13 3.332 4.462 1.998
SPIN 3 2 12 14 -3.754 2.318 -3.941
SPIN 3 2 12 15 1.213 -2.369 5.284
SPIN 2 2 12 0 -0.048 -3.126 -5.022
SPIN 2 2 12 1 0.778 4.375 -3.906
SPIN 2 2 12 2 4.489 -0.991 3.724
SPIN 2 2 12 3 -1.927 -5.141 -2.204
SPIN 2 2 12 4 -2.395 5.014 -2.032
SPIN 2 2 12 5 -1.677 -2.947 -4.848
SPIN 2 2 12 6 -0.905 -1.364 5.685
SPIN 2 2 12 7 -0.515 -4.403 -3.918
SPIN 2 2 12 8 5.226 2.388 -1.410
SPIN 2 2 12 9 -4.274 -0.740 -4.023
SPIN 2 2 12 10 -1.532 -4.927 -2.894
SPIN 2 2 12 11 1.576 -4.912 -2.895
SPIN 2 2 12 12 -4.382 -3.972 -0.154
SPIN 2 2 12 13 -2.789 -2.675 4.479
SPIN 2 2 12 14 5.051 -2.516 1.778
SPIN 2 2 12 15 -0.621 -5.823 0.842
SPIN 3 2 13 0 3.083 -2.065 4.608
SPIN 3 2 13 1 1.181 0.641 -5.761
SPIN 3 2 13 2 -1.122 5.806 0.168
SPIN 3 2 13 3 4.485 3.605 1.375
SPIN 3 2 13 4 -4.772 -1.254 -3.265
SPIN 3 2 13 5 -1.809 2.297 5.143
SPIN 3 2 13 6 -3.238 -1.381 4.755
SPIN 3 2 13 7 -3.909 2.557 -3.630
SPIN 3 2 13 8 0.717 3.431 -4.766
SPIN 3 2 13 9 1.336 -5.680 -0.977
SPIN 3 2 13 10 -4.905 0.265 3.297
SPIN 3 2 13 11 5.754 1.372 0.094
SPIN 3 2 13 12 4.232 -3.605 -2.025
SPIN 3 2 13 13 1.345 -5.720 -0.690
SPIN 3 2 13 14 -2.714 4.318 2.999
SPIN 3 2 13 15 3.451 3.825 2.908
SPIN 2 2 13 0 -4.163 -0.502 -4.173
SPIN 2 2 13 1 5.500 1.428 -1.645
SPIN 2 2 13 2 0.085 1.181 5.796
SPIN 2 2 13 3 -1.860 5.612 0.224
SPIN 2 2 13 4 -1.951 -4.756 2.929
SPIN 2 2 13 5 -4.689 0.898 3.494
SPIN 2 2 13 6 5.804 -1.142 0.067
SPIN 2 2 13 7 -4.876 3.321 -0.444
SPIN 2 2 13 8 5.184 2.608 1.152
SPIN 2 2 13 9 1.153 -0.776 -5.751
SPIN 2 2 13 10 -4.921 3.094 -1.103
SPIN 2 2 13 11 -2.249 5.471 -0.074
SPIN 2 2 13 12 -5.502 -0.444 2.129
SPIN 2 2 13 13 -2.515 5.196 1.295
SPIN 2 2 13 14 1.024 -5.783 0.710
SPIN 2 2 13 15 0.273 5.730 -1.446
SPIN 3 2 14 0 2.861 -3.371 3.931
SPIN 3 2 14 1 -1.251 -2.329 -5.292
SPIN 3 2 14 2 0.444 -4.028 4.310
SPIN 3 2 14 3 -5.484 -2.209 -0.214
SPIN 3 2 14 4 5.596 0.252 -1.904
SPIN 3 2 14 5 1.903 -3.045 -4.702
SPIN 3 2 14 6 -2.551 0.558 5.309
SPIN 3 2 14 7 4.248 4.101 0.366
SPIN 3 2 14 8 5.874 0.099 -0.701
SPIN 3 2 14 9 -3.416 2.362 4.213
SPIN 3 2 14 10 0.301 -1.668 -5.668
SPIN 3 2 14 11 0.664 0.681 5.839
SPIN 3 2 14 12 4.180 3.787 1.784
SPIN 3 2 14 13 -3.424 1.536 4.574
SPIN 3 2 14 14 3.735 4.569 -0.414
SPIN 3 2 14 15 0.705 1.838 -5.579
SPIN 2 2 14 0 0.856 5.392 -2.278
SPIN 2 2 14 1 -2.406 -5.093 -1.810
SPIN 2 2 14 2 1.348 5.596 1.369
SPIN 2 2 14 3 1.205 -4.037 -4.153
SPIN 2 2 14 4 -4.522 3.527 1.454
SPIN 2 2 14 5 -4.970 1.450 2.864
SPIN 2 2 14 6 0.620 2.012 -5.529
SPIN 2 2 14 7 -4.501 -3.774 0.705
SPIN 2 2 14 8 0.632 -1.623 5.654
SPIN 2 2 14 9 0.252 -5.910 -0.065
SPIN 2 2 14 10 3.990 -0.285 4.359
SPIN 2 2 14 11 -4.321 -2.823 -2.892
SPIN 2 2 14 12 -3.563 3.427 3.250
SPIN 2 2 14 13 -2.088 -5.171 -1.975
SPIN 2 2 14 14 -2.962 0.215 5.117
SPIN 2 2 14 15 1.139 -3.861 4.335
SPIN 3 2 15 0 -3.236 -1.189 -4.808
SPIN 3 2 15 1 3.418 -2.088 4.354
SPIN 3 2 15 2 -5.190 2.090 -1.922
SPIN 3 2 15 3 1.142 5.591 -1.563
SPIN 3 2 15 4 4.501 -3.182 -2.147
SPIN 3 2 15 5 -5.499 -1.890 1.088
SPIN 3 2 15 6 4.217 -2.481 -3.326
SPIN 3 2 15 7 -4.426 3.254 -2.196
SPIN 3 2 15 8 -4.743 -3.338 -1.167
SPIN 3 2 15 9 5.485 2.216 -0.091
SPIN 3 2 15 10 -0.658 -3.700 4.569
SPIN 3 2 15 11 -3.397 3.066 3.750
SPIN 3 2 15 12 5.757 0.259 1.336
SPIN 3 2 15 13 3.402 -4.812 -0.522
SPIN 3 2 15 14 5.289 -2.526 0.803
SPIN 3 2 15 15 -5.002 -0.489 3.121
SPIN 2 2 15 0 -2.117 -0.081 -5.524
SPIN 2 2 15 1 0.369 5.463 2.240
SPIN 2 2 15 2 2.816 -5.167 -0.611
SPIN 2 2 15 3 4.314 0.639 -3.998
SPIN 2 2 15 4 3.947 -4.162 -1.450
SPIN 2 2 15 5 -0.770 -0.745 -5.818
SPIN 2 2 15 6 -5.017 -2.205 -2.228
SPIN 2 2 15 7 5.071 -1.472 2.669
SPIN 2 2 15 8 -3.127 4.913 1.041
SPIN 2 2 15 9 -0.657 -1.745 5.614
SPIN 2 2 15 10 -3.624 3.724 -2.828
SPIN 2 2 15 11 5.019 2.105 -2.319
SPIN 2 2 15 12 4.349 -2.570 3.079
SPIN 2 2 15 13 0.001 5.591 -1.935
SPIN 2 2 15 14 1.941 -0.892 -5.517
SPIN 2 2 15 15 -4.441 2.302 3.159
SPIN 1 3 0 0 -4.073 -2.081 3.752
SPIN 1 3 0 1 -2.777 3.529 -3.852
SPIN 1 3 0 2 5.503 -0.604 -2.085
SPIN 1 3 0 3 -2.592 2.125 -4.875
SPIN 1 3 0 4 -2.979 4.483 -2.456
SPIN 1 3 0 5 -1.853 -4.572 -3.266
SPIN 1 3 0 6 3.306 -2.084 4.441
SPIN 1 3 0 7 4.696 -3.364 -1.276
SPIN 1 3 0 8 -2.783 -0.723 5.170
SPIN 1 3 0 9 -0.186 3.130 -5.017
SPIN 1 3 0 10 5.749 1.358 -0.316
SPIN 1 3 0 11 3.559 -1.904 -4.325
SPIN 1 3 0 12 -3.826 1.497 -4.256
SPIN 1 3 0 13 3.737 -4.422 -1.219
SPIN 1 3 0 14 -0.765 1.680 5.621
SPIN 1 3 0 15 0.212 2.746 -5.236
SPIN 4 3 0 0 -4.066 3.940 1.715
SPIN 4 3 0 1 5.286 2.495 -0.910
SPIN 4 3 0 2 -2.475 -3.169 -4.340
SPIN 4 3 0 3 0.503 2.042 5.530
SPIN 4 3 0 4 2.649 -4.366 2.987
SPIN 4 3 0 5 5.397 -2.119 1.173
SPIN 4 3 0 6 1.204 3.651 -4.496
SPIN 4 3 0 7 3.393 4.421 -1.986
SPIN 4 3 0 8 -5.216 0.159 2.788
SPIN 4 3 0 9 4.261 -3.197 -2.573
SPIN 4 3 0 10 -3.809 -1.577 4.243
SPIN 4 3 0 11 -3.712 -0.926 4.513
SPIN 4 3 0 12 -5.154 1.447 2.518
SPIN 4 3 0 13 4.571 0.222 3.749
SPIN 4 3 0 14 -2.473 -5.301 -0.887
SPIN 4 3 0 15 -3.804 -4.465 -0.768
SPIN 1 3 1 0 -3.943 1.232 -4.235
SPIN 1 3 1 1 2.122 1.286 5.371
SPIN 1 3 1 2 -5.184 -1.041 -2.654
SPIN 1 3 1 3 1.630 3.409 4.552
SPIN 1 3 1 4 2.688 3.600 -3.849
SPIN 1 3 1 5 -0.653 -5.637 -1.671
SPIN 1 3 1 6 -5.170 -0.519 -2.829
SPIN 1 3 1 7 3.135 3.876 3.186
SPIN 1 3 1 8 5.709 -1.090 -1.106
SPIN 1 3 1 9 -1.887 -4.136 3.786
SPIN 1 3 1 10 -3.149 -1.258 -4.848
SPIN 1 3 1 11 -0.284 -0.733 -5.864
SPIN 1 3 1 12 5.377 -2.208 1.101
SPIN 1 3 1 13 -5.274 -2.523 0.906
SPIN 1 3 1 14 0.857 -3.280 4.849
SPIN 1 3 1 15 -3.624 -3.402 -3.209
SPIN 4 3 1 0 -1.551 4.507 3.504
SPIN 4 3 1 1 0.031 5.297 2.635
SPIN 4 3 1 2 -1.482 -5.618 1.115
SPIN 4 3 1 3 -3.606 -2.257 -4.111
SPIN 4 3 1 4 0.861 2.763 5.160
SPIN 4 3 1 5 -3.304 4.455 -2.058
SPIN 4 3 1 6 2.827 4.871 -1.810
SPIN 4 3 1 7 1.285 -4.643 3.434
SPIN 4 3 1 8 2.328 -4.143 -3.524
SPIN 4 3 1 9 -0.591 5.849 -0.665
SPIN 4 3 1 10 4.327 -1.382 3.790
SPIN 4 3 1 11 1.996 -0.556 5.541
SPIN 4 3 1 12 0.880 -5.785 0.872
SPIN 4 3 1 13 -4.670 2.661 -2.473
SPIN 4 3 1 14 -0.029 -1.129 -5.807
SPIN 4 3 1 15 2.630 4.443 2.888
SPIN 1 3 2 0 -4.906 3.196 -0.846
SPIN 1 3 2 1 4.083 -4.041 -1.412
SPIN 1 3 2 2 2.302 -0.145 -5.448
SPIN 1 3 2 3 1.630 5.306 -2.047
SPIN 1 3 2 4 1.705 -2.434 5.115
SPIN 1 3 2 5 -1.983 4.956 2.551
SPIN 1 3 2 6 -1.593 -4.544 3.437
SPIN 1 3 2 7 -0.821 4.349 -3.925
SPIN 1 3 2 8 -5.704 -0.413 1.516
SPIN 1 3 2 9 5.362 -2.450 -0.490
SPIN 1 3 2 10 5.436 -1.078 -2.070
SPIN 1 3 2 11 -3.672 4.319 -1.691
SPIN 1 3 2 12 1.850 -4.184 -3.752
SPIN 1 3 2 13 1.248 5.274 2.372
SPIN 1 3 2 14 5.134 -1.461 -2.552
SPIN 1 3 2 15 -3.149 4.805 -1.411
SPIN 4 3 2 0 -1.299 0.554 -5.745
SPIN 4 3 2 1 -0.744 -0.770 5.818
SPIN 4 3 2 2 -4.136 -3.962 -1.482
SPIN 4 3 2 3 2.555 5.282 -0.757
SPIN 4 3 2 4 -2.558 -4.884 -2.147
SPIN 4 3 2 5 -5.761 0.517 -1.241
SPIN 4 3 2 6 -2.658 3.965 3.494
SPIN 4 3 2 7 3.431 2.328 4.220
SPIN 4 3 2 8 -3.656 0.034 4.651
SPIN 4 3 2 9 3.878 3.269 -3.045
SPIN 4 3 2 10 -5.893 0.521 -0.055
SPIN 4 3 2 11 4.038 2.834 3.264
SPIN 4 3 2 12 -2.256 -4.481 -3.136
SPIN 4 3 2 13 -2.704 2.518 4.621
SPIN 4 3 2 14 0.018 -0.106 5.915
SPIN 4 3 2 15 4.352 -2.453 -3.168
SPIN 1 3 3 0 1.223 -1.323 5.635
SPIN 1 3 3 1 -2.593 -1.022 -5.218
SPIN 1 3 3 2 -5.151 2.719 1.036
SPIN 1 3 3 3 -0.277 -5.072 -3.033
SPIN 1 3 3 4 -4.096 -2.918 -3.115
SPIN 1 3 3 5 2.536 -2.889 4.497
SPIN 1 3 3 6 4.063 3.666 2.248
SPIN 1 3 3 7 5.777 -1.039 -0.738
SPIN 1 3 3 8 2.502 -4.757 -2.471
SPIN 1 3 3 9 0.167 5.901 -0.386
SPIN 1 3 3 10 -4.055 -1.457 4.053
SPIN 1 3 3 11 1.084 -4.980 -3.004
SPIN 1 3 3 12 2.914 3.840 3.430
SPIN 1 3 3 13 -4.501 3.839 -0.035
SPIN 1 3 3 14 2.726 5.171 0.913
SPIN 1 3 3 15 1.656 2.645 -5.026
SPIN 4 3 3 0 2.139 2.701 4.809
SPIN 4 3 3 1 1.375 2.514 -5.176
SPIN 4 3 3 2 2.715 0.772 5.199
SPIN 4 3 3 3 -1.934 1.669 5.336
SPIN 4 3 3 4 1.106 -3.301 -4.783
SPIN 4 3 3 5 1.727 -0.930 -5.581
SPIN 4 3 3 6 -3.404 -0.224 4.834
SPIN 4 3 3 7 0.000 3.933 -4.420
SPIN 4 3 3 8 3.286 4.263 -2.455
SPIN 4 3 3 9 -1.573 -5.602 -1.070
SPIN 4 3 3 10 4.987 2.809 1.496
SPIN 4 3 3 11 -2.674 1.132 -5.154
SPIN 4 3 3 12 -0.976 4.186 -4.065
SPIN 4 3 3 13 2.081 -5.525 -0.385
SPIN 4 3 3 14 -5.668 1.447 -0.884
SPIN 4 3 3 15 -4.029 -2.385 3.616
SPIN 1 3 4 0 3.399 -4.840 -0.140
SPIN 1 3 4 1 -4.471 3.772 0.887
SPIN 1 3 4 2 0.304 -5.449 2.283
SPIN 1 3 4 3 4.301 3.922 1.057
SPIN 1 3 4 4 2.371 4.517 2.996
SPIN 1 3 4 5 -3.481 -2.753 -3.912
SPIN 1 3 4 6 1.216 -5.023 -2.879
SPIN 1 3 4 7 -4.479 3.142 2.249
SPIN 1 3 4 8 2.496 2.320 4.836
SPIN 1 3 4 9 3.736 -2.615 3.769
SPIN 1 3 4 10 0.857 4.333 3.936
SPIN 1 3 4 11 1.756 4.024 3.966
SPIN 1 3 4 12 -2.501 -5.327 0.611
SPIN 1 3 4 13 5.875 -0.400 -0.565
SPIN 1 3 4 14 -2.315 4.237 3.418
SPIN 1 3 4 15 4.910 2.321 2.346
SPIN 4 3 4 0 -2.711 -4.481 2.752
SPIN 4 3 4 1 -1.570 -4.804 -3.075
SPIN 4 3 4 2 5.877 -0.319 -0.604
SPIN 4 3 4 3 -1.071 -4.372 -3.840
SPIN 4 3 4 4 -0.902 2.494 5.288
SPIN 4 3 4 5 0.287 -5.334 2.543
SPIN 4 3 4 6 5.021 0.190 3.123
SPIN 4 3 4 7 -0.874 5.653 -1.511
SPIN 4 3 4 8 -2.218 -0.624 5.449
SPIN 4 3 4 9 -4.309 -0.739 3.985
SPIN 4 3 4 10 5.496 -1.011 -1.942
SPIN 4 3 4 11 -5.869 0.329 -0.665
SPIN 4 3 4 12 -4.817 1.490 3.094
SPIN 4 3 4 13 -3.856 2.947 3.384
SPIN 4 3 4 14 2.352 -4.322 3.284
SPIN 4 3 4 15 1.110 1.089 5.708
SPIN 1 3 5 0 2.057 -2.258 5.067
SPIN 1 3 5 1 -0.247 1.291 -5.768
SPIN 1 3 5 2 -1.311 5.125 2.649
SPIN 1 3 5 3 -3.363 -4.589 1.621
SPIN 1 3 5 4 -5.346 -1.692 -1.886
SPIN 1 3 5 5 -4.293 1.429 -3.812
SPIN 1 3 5 6 -2.641 5.286 0.285
SPIN 1 3 5 7 3.402 3.627 -3.206
SPIN 1 3 5 8 -5.510 1.588 -1.454
SPIN 1 3 5 9 2.802 5.069 1.207
SPIN 1 3 5 10 3.565 -0.966 4.621
SPIN 1 3 5 11 2.672 -4.047 3.389
SPIN 1 3 5 12 4.904 0.401 -3.285
SPIN 1 3 5 13 1.228 4.323 3.847
SPIN 1 3 5 14 0.826 1.555 -5.648
SPIN 1 3 5 15 -5.521 -1.825 -1.091
SPIN 4 3 5 0 5.836 -0.951 0.206
SPIN 4 3 5 1 2.862 5.098 -0.907
SPIN 4 3 5 2 -1.040 -0.712 -5.780
SPIN 4 3 5 3 -5.038 -2.894 1.117
SPIN 4 3 5 4 3.864 3.230 3.104
SPIN 4 3 5 5 2.091 -0.735 -5.485
SPIN 4 3 5 6 -3.898 -4.446 0.198
SPIN 4 3 5 7 0.876 4.415 3.839
SPIN 4 3 5 8 0.609 3.759 -4.527
SPIN 4 3 5 9 -0.493 0.104 5.895
SPIN 4 3 5 10 2.230 2.276 4.985
SPIN 4 3 5 11 -2.274 -1.787 5.161
SPIN 4 3 5 12 4.770 -2.322 -2.617
SPIN 4 3 5 13 4.786 3.466 -0.291
SPIN 4 3 5 14 1.420 5.720 -0.520
SPIN 4 3 5 15 -3.262 -4.876 -0.766
SPIN 1 3 6 0 -4.228 4.090 -0.627
SPIN 1 3 6 1 5.454 -2.032 -1.059
SPIN 1 3 6 2 -2.911 1.986 -4.752
SPIN 1 3 6 3 5.140 -1.514 -2.508
SPIN 1 3 6 4 4.336 4.024 -0.018
SPIN 1 3 6 5 -1.879 -3.994 3.939
SPIN 1 3 6 6 5.367 2.020 1.456
SPIN 1 3 6 7 2.356 -5.286 -1.230
SPIN 1 3 6 8 -2.650 -2.330 4.748
SPIN 1 3 6 9 -3.133 2.991 -4.029
SPIN 1 3 6 10 -4.919 -2.894 -1.558
SPIN 1 3 6 11 -2.938 4.462 -2.542
SPIN 1 3 6 12 -5.557 1.148 1.672
SPIN 1 3 6 13 -4.826 -1.855 -2.876
SPIN 1 3 6 14 0.254 -1.002 -5.825
SPIN 1 3 6 15 -2.208 5.470 0.449
SPIN 4 3 6 0 -3.492 4.768 -0.271
SPIN 4 3 6 1 3.114 0.795 4.967
SPIN 4 3 6 2 -1.510 -4.387 3.671
SPIN 4 3 6 3 1.031 -5.701 -1.197
SPIN 4 3 6 4 4.626 1.280 -3.458
SPIN 4 3 6 5 -3.979 1.788 -3.996
SPIN 4 3 6 6 3.272 -1.050 -4.816
SPIN 4 3 6 7 -0.944 -0.168 -5.838
SPIN 4 3 6 8 0.911 -3.702 4.524
SPIN 4 3 6 9 -5.785 0.682 -1.036
SPIN 4 3 6 10 1.120 5.008 2.944
SPIN 4 3 6 11 2.379 2.063 5.008
SPIN 4 3 6 12 4.056 1.389 -4.077
SPIN 4 3 6 13 -1.847 3.333 -4.525
SPIN 4 3 6 14 -5.333 -0.078 2.559
SPIN 4 3 6 15 1.330 -3.230 -4.775
SPIN 1 3 7 0 -1.931 -1.176 5.467
SPIN 1 3 7 1 2.547 -5.317 0.488
SPIN 1 3 7 2 -5.216 2.261 -1.637
SPIN 1 3 7 3 -3.985 -0.287 4.363
SPIN 1 3 7 4 -2.169 -1.769 -5.212
SPIN 1 3 7 5 3.529 3.288 3.425
SPIN 1 3 7 6 2.988 -4.930 -1.330
SPIN 1 3 7 7 2.818 5.195 0.263
SPIN 1 3 7 8 0.300 -2.906 -5.145
SPIN 1 3 7 9 -1.969 -5.478 -1.056
SPIN 1 3 7 10 3.256 0.256 4.933
SPIN 1 3 7 11 3.191 -0.175 -4.979
SPIN 1 3 7 12 -2.249 -5.083 -2.025
SPIN 1 3 7 13 -1.492 5.437 -1.791
SPIN 1 3 7 14 -1.202 5.769 -0.521
SPIN 1 3 7 15 5.384 0.803 -2.316
SPIN 4 3 7 0 -0.315 3.870 -4.464
SPIN 4 3 7 1 -5.071 -2.975 -0.655
SPIN 4 3 7 2 0.290 -5.827 0.980
SPIN 4 3 7 3 5.152 1.048 -2.713
SPIN 4 3 7 4 -5.163 -2.877 0.256
SPIN 4 3 7 5 4.456 1.421 -3.623
SPIN 4 3 7 6 4.690 -1.611 -3.226
SPIN 4 3 7 7 3.855 4.289 1.319
SPIN 4 3 7 8 -4.330 1.730 3.642
SPIN 4 3 7 9 1.921 -5.577 0.458
SPIN 4 3 7 10 4.799 1.331 3.194
SPIN 4 3 7 11 -4.916 -2.604 -2.012
SPIN 4 3 7 12 -5.853 -0.714 0.476
SPIN 4 3 7 13 3.005 -5.090 0.259
SPIN 4 3 7 14 -1.605 2.188 -5.257
SPIN 4 3 7 15 -1.131 5.738 0.894
SPIN 1 3 8 0 0.048 -5.877 -0.679
SPIN 1 3 8 1 0.098 5.902 0.403
SPIN 1 3 8 2 -2.686 -4.682 2.422
SPIN 1 3 8 3 3.755 -4.001 -2.212
SPIN 1 3 8 4 -4.888 -3.018 -1.414
SPIN 1 3 8 5 3.410 -1.643 -4.547
SPIN 1 3 8 6 3.634 -2.695 3.812
SPIN 1 3 8 7 -3.534 -4.606 -1.139
SPIN 1 3 8 8 -0.178 4.836 3.403
SPIN 1 3 8 9 4.626 3.598 0.809
SPIN 1 3 8 10 -4.233 -3.393 -2.359
SPIN 1 3 8 11 -5.373 0.671 2.384
SPIN 1 3 8 12 2.083 -5.300 -1.603
SPIN 1 3 8 13 -5.780 1.252 0.165
SPIN 1 3 8 14 -1.364 -0.733 -5.710
SPIN 1 3 8 15 3.515 4.025 2.539
SPIN 4 3 8 0 5.142 -2.890 -0.455
SPIN 4 3 8 1 4.985 -2.363 -2.135
SPIN 4 3 8 2 4.667 3.630 0.192
SPIN 4 3 8 3 -5.331 -1.890 1.733
SPIN 4 3 8 4 3.572 1.812 -4.354
SPIN 4 3 8 5 -1.898 -5.391 -1.528
SPIN 4 3 8 6 -3.614 1.163 -4.537
SPIN 4 3 8 7 3.600 -4.688 0.258
SPIN 4 3 8 8 0.185 1.783 -5.638
SPIN 4 3 8 9 -4.685 -1.341 3.354
SPIN 4 3 8 10 4.420 0.574 3.890
SPIN 4 3 8 11 1.110 5.605 -1.535
SPIN 4 3 8 12 0.234 0.516 5.889
SPIN 4 3 8 13 -0.186 5.835 -0.956
SPIN 4 3 8 14 1.804 1.824 5.331
SPIN 4 3 8 15 -0.066 5.850 -0.877
SPIN 1 3 9 0 -0.864 -2.565 -5.261
SPIN 1 3 9 1 4.364 0.471 3.967
SPIN 1 3 9 2 -5.057 1.789 -2.495
SPIN 1 3 9 3 -4.049 3.875 -1.894
SPIN 1 3 9 4 1.915 -4.667 3.090
SPIN 1 3 9 5 1.243 5.482 -1.845
SPIN 1 3 9 6 -3.528 0.963 -4.651
SPIN 1 3 9 7 -4.736 -3.457 -0.785
SPIN 1 3 9 8 -3.537 -4.385 1.806
SPIN 1 3 9 9 3.480 -3.550 -3.207
SPIN 1 3 9 10 4.851 -3.385 0.095
SPIN 1 3 9 11 2.929 -2.366 -4.563
SPIN 1 3 9 12 -4.215 -3.864 -1.519
SPIN 1 3 9 13 -0.661 -4.627 -3.627
SPIN 1 3 9 14 1.114 -1.134 5.699
SPIN 1 3 9 15 2.020 0.527 -5.535
SPIN 4 3 9 0 0.657 -0.393 -5.866
SPIN 4 3 9 1 -3.785 -1.617 4.250
SPIN 4 3 9 2 -1.980 -4.505 3.283
SPIN 4 3 9 3 4.637 3.565 -0.887
SPIN 4 3 9 4 0.115 -4.702 3.589
SPIN 4 3 9 5 5.267 -1.965 -1.844
SPIN 4 3 9 6 -3.265 4.091 2.758
SPIN 4 3 9 7 3.577 4.164 -2.206
SPIN 4 3 9 8 -5.544 0.744 1.926
SPIN 4 3 9 9 1.709 5.086 2.492
SPIN 4 3 9 10 4.460 2.451 3.017
SPIN 4 3 9 11 3.809 4.525 0.128
SPIN 4 3 9 12 -4.163 -3.228 -2.693
SPIN 4 3 9 13 2.443 2.283 4.880
SPIN 4 3 9 14 -2.725 -4.845 -2.025
SPIN 4 3 9 15 -0.506 -1.665 5.654
SPIN 1 3 10 0 4.768 3.474 -0.446
SPIN 1 3 10 1 -2.917 -5.130 -0.424
SPIN 1 3 10 2 0.917 5.829 -0.431
SPIN 1 3 10 3 -4.478 -3.861 0.203
SPIN 1 3 10 4 -2.122 2.174 -5.076
SPIN 1 3 10 5 -5.434 -2.330 -0.206
SPIN 1 3 10 6 5.510 1.230 1.768
SPIN 1 3 10 7 -5.403 1.411 -1.953
SPIN 1 3 10 8 -5.071 -0.564 -2.995
SPIN 1 3 10 9 1.546 5.080 2.608
SPIN 1 3 10 10 -5.291 -0.227 2.637
SPIN 1 3 10 11 -0.441 -1.544 5.694
SPIN 1 3 10 12 2.580 3.271 4.200
SPIN 1 3 10 13 1.065 1.740 -5.553
SPIN 1 3 10 14 -3.203 4.935 0.621
SPIN 1 3 10 15 -4.682 -3.168 -1.744
SPIN 4 3 10 0 2.948 -4.656 2.153
SPIN 4 3 10 1 -4.915 3.272 -0.370
SPIN 4 3 10 2 -2.484 4.126 -3.436
SPIN 4 3 10 3 0.254 -5.840 0.910
SPIN 4 3 10 4 -1.625 4.235 -3.798
SPIN 4 3 10 5 -3.616 4.268 1.925
SPIN 4 3 10 6 0.727 -2.578 5.275
SPIN 4 3 10 7 -3.322 -4.441 -2.059
SPIN 4 3 10 8 5.720 -1.181 0.942
SPIN 4 3 10 9 -1.016 4.424 -3.794
SPIN 4 3 10 10 1.937 -5.120 -2.245
SPIN 4 3 10 11 2.910 -5.140 -0.336
SPIN 4 3 10 12 -2.550 -0.720 5.290
SPIN 4 3 10 13 0.078 -3.159 -5.002
SPIN 4 3 10 14 -5.338 -2.547 -0.122
SPIN 4 3 10 15 0.996 -3.475 4.683
SPIN 1 3 11 0 -2.158 2.970 4.640
SPIN 1 3 11 1 -2.180 1.328 5.337
SPIN 1 3 11 2 -1.712 -4.967 -2.719
SPIN 1 3 11 3 4.717 2.336 2.701
SPIN 1 3 11 4 -1.006 -0.053 -5.830
SPIN 1 3 11 5 -0.373 -4.334 4.010
SPIN 1 3 11 6 -2.300 -4.119 -3.569
SPIN 1 3 11 7 4.749 3.528 0.077
SPIN 1 3 11 8 0.480 5.565 -1.948
SPIN 1 3 11 9 2.328 -5.435 -0.208
SPIN 1 3 11 10 3.151 4.421 2.350
SPIN 1 3 11 11 -2.741 -2.343 4.690
SPIN 1 3 11 12 -0.298 4.762 -3.498
SPIN 1 3 11 13 -4.087 3.573 -2.351
SPIN 1 3 11 14 -2.601 -5.290 -0.505
SPIN 1 3 11 15 5.603 1.851 0.431
SPIN 4 3 11 0 3.334 4.878 -0.297
SPIN 4 3 11 1 -5.493 1.748 -1.329
SPIN 4 3 11 2 -2.973 3.434 3.791
SPIN 4 3 11 3 -3.550 3.824 2.788
SPIN 4 3 11 4 5.635 -1.708 0.577
SPIN 4 3 11 5 -3.507 2.616 3.982
SPIN 4 3 11 6 -0.526 3.843 -4.467
SPIN 4 3 11 7 5.245 2.541 1.016
SPIN 4 3 11 8 1.201 0.281 -5.786
SPIN 4 3 11 9 1.780 2.078 -5.245
SPIN 4 3 11 10 -2.340 2.678 -4.728
SPIN 4 3 11 11 -4.980 -3.023 1.030
SPIN 4 3 11 12 4.598 0.838 -3.628
SPIN 4 3 11 13 3.353 -1.621 4.597
SPIN 4 3 11 14 -2.151 5.191 -1.851
SPIN 4 3 11 15 2.042 -5.539 -0.386
SPIN 1 3 12 0 -3.943 0.650 -4.362
SPIN 1 3 12 1 1.554 -3.954 -4.117
SPIN 1 3 12 2 -3.581 4.492 1.415
SPIN 1 3 12 3 -4.379 0.384 -3.960
SPIN 1 3 12 4 -3.567 4.377 1.766
SPIN 1 3 12 5 -0.689 3.198 4.930
SPIN 1 3 12 6 0.362 5.291 -2.622
SPIN 1 3 12 7 -2.164 -3.856 3.931
SPIN 1 3 12 8 -4.775 -1.302 3.241
SPIN 1 3 12 9 -0.160 0.980 5.832
SPIN 1 3 12 10 5.266 -1.389 -2.310
SPIN 1 3 12 11 5.394 -2.425 -0.171
SPIN 1 3 12 12 -0.262 5.830 -0.974
SPIN 1 3 12 13 0.944 -3.586 -4.610
SPIN 1 3 12 14 -0.341 5.722 -1.463
SPIN 1 3 12 15 4.981 1.096 2.998
SPIN 4 3 12 0 4.527 -1.772 3.371
SPIN 4 3 12 1 -0.413 3.912 -4.419
SPIN 4 3 12 2 2.954 -2.025 -4.708
SPIN 4 3 12 3 3.575 -4.681 0.550
SPIN 4 3 12 4 -1.142 -1.009 5.716
SPIN 4 3 12 5 -0.036 1.392 -5.750
SPIN 4 3 12 6 3.845 4.446 0.668
SPIN 4 3 12 7 0.868 -5.840 0.376
SPIN 4 3 12 8 0.667 -4.956 3.162
SPIN 4 3 12 9 -4.379 3.295 -2.228
SPIN 4 3 12 10 0.642 5.870 0.367
SPIN 4 3 12 11 -5.292 -2.178 1.499
SPIN 4 3 12 12 -2.167 2.253 5.023
SPIN 4 3 12 13 -1.311 4.684 -3.367
SPIN 4 3 12 14 -3.854 -3.169 -3.179
SPIN 4 3 12 15 3.345 4.823 -0.738
SPIN 1 3 13 0 1.696 2.626 -5.023
SPIN 1 3 13 1 0.445 -0.502 5.878
SPIN 1 3 13 2 -5.169 2.869 0.227
SPIN 1 3 13 3 5.651 -0.525 1.669
SPIN 1 3 13 4 1.446 -1.372 -5.570
SPIN 1 3 13 5 1.981 5.574 0.044
SPIN 1 3 13 6 -4.796 -3.242 -1.221
SPIN 1 3 13 7 5.604 1.176 -1.486
SPIN 1 3 13 8 5.049 -0.036 3.083
SPIN 1 3 13 9 5.015 0.477 3.102
SPIN 1 3 13 10 0.308 5.435 -2.317
SPIN 1 3 13 11 2.563 -5.123 -1.480
SPIN 1 3 13 12 -1.338 2.829 -5.021
SPIN 1 3 13 13 -4.772 1.721 3.044
SPIN 1 3 13 14 3.843 -2.694 3.602
SPIN 1 3 13 15 -5.024 2.433 1.958
SPIN 4 3 13 0 -4.475 2.887 -2.577
SPIN 4 3 13 1 2.086 5.285 1.649
SPIN 4 3 13 2 1.712 5.099 -2.464
SPIN 4 3 13 3 -4.972 -1.916 2.572
SPIN 4 3 13 4 5.700 -0.357 1.544
SPIN 4 3 13 5 -4.887 1.416 -3.019
SPIN 4 3 13 6 3.324 0.853 4.819
SPIN 4 3 13 7 -5.218 -2.673 0.791
SPIN 4 3 13 8 3.321 3.154 3.744
SPIN 4 3 13 9 -0.049 -3.526 -4.750
SPIN 4 3 13 10 2.575 1.008 5.230
SPIN 4 3 13 11 2.911 5.134 0.409
SPIN 4 3 13 12 1.952 0.671 5.544
SPIN 4 3 13 13 -0.317 3.614 4.673
SPIN 4 3 13 14 -5.641 1.666 -0.636
SPIN 4 3 13 15 -3.930 -1.964 -3.962
SPIN 1 3 14 0 2.951 -2.553 4.447
SPIN 1 3 14 1 1.148 5.646 -1.344
SPIN 1 3 14 2 2.812 -5.204 0.105
SPIN 1 3 14 3 1.397 -2.104 5.350
SPIN 1 3 14 4 -0.050 5.743 -1.418
SPIN 1 3 14 5 -3.049 -5.013 0.755
SPIN 1 3 14 6 3.493 -0.449 4.754
SPIN 1 3 14 7 -0.813 -4.992 -3.070
SPIN 1 3 14 8 -5.028 -1.628 2.659
SPIN 1 3 14 9 -3.706 1.054 4.490
SPIN 1 3 14 10 0.464 4.123 -4.217
SPIN 1 3 14 11 2.404 1.449 5.208
SPIN 1 3 14 12 -2.775 -5.218 0.267
SPIN 1 3 14 13 2.789 5.161 0.763
SPIN 1 3 14 14 -0.453 1.144 5.787
SPIN 1 3 14 15 -1.232 5.786 0.004
SPIN 4 3 14 0 3.524 -4.751 0.093
SPIN 4 3 14 1 1.017 5.518 -1.875
SPIN 4 3 14 2 -4.416 -2.397 -3.123
SPIN 4 3 14 3 -5.704 0.179 -1.560
SPIN 4 3 14 4 -4.650 -3.657 -0.092
SPIN 4 3 14 5 4.271 2.475 3.261
SPIN 4 3 14 6 0.950 -1.637 -5.605
SPIN 4 3 14 7 3.565 -1.045 -4.605
SPIN 4 3 14 8 -3.616 -3.211 -3.408
SPIN 4 3 14 9 -5.440 1.619 1.670
SPIN 4 3 14 10 3.005 3.542 -3.664
SPIN 4 3 14 11 -2.208 -4.667 2.888
SPIN 4 3 14 12 3.656 -2.296 -4.045
SPIN 4 3 14 13 5.107 -1.762 -2.412
SPIN 4 3 14 14 -4.409 3.576 -1.666
SPIN 4 3 14 15 -0.292 4.164 -4.192
SPIN 1 3 15 0 -5.539 2.052 0.325
SPIN 1 3 15 1 1.331 3.142 4.833
SPIN 1 3 15 2 -3.922 0.304 -4.419
SPIN 1 3 15 3 -0.393 3.809 4.510
SPIN 1 3 15 4 -2.273 -2.381 -4.916
SPIN 1 3 15 5 4.540 -2.240 3.061
SPIN 1 3 15 6 -1.965 4.450 -3.367
SPIN 1 3 15 7 -3.178 -4.929 -0.775
SPIN 1 3 15 8 -0.106 5.281 -2.664
SPIN 1 3 15 9 -5.061 -0.395 -3.039
SPIN 1 3 15 10 -2.289 -4.891 2.417
SPIN 1 3 15 11 4.232 1.767 -3.737
SPIN 1 3 15 12 0.690 -2.990 -5.058
SPIN 1 3 15 13 -0.855 4.555 3.677
SPIN 1 3 15 14 1.908 4.222 -3.679
SPIN 1 3 15 15 1.830 -2.950 4.790
SPIN 4 3 15 0 5.317 -1.248 2.273
SPIN 4 3 15 1 -1.682 -3.069 -4.770
SPIN 4 3 15 2 4.370 0.524 -3.953
SPIN 4 3 15 3 -2.575 -2.310 4.799
SPIN 4 3 15 4 -5.821 0.399 -0.976
SPIN 4 3 15 5 1.078 1.424 -5.640
SPIN 4 3 15 6 -2.712 -2.149 -4.799
SPIN 4 3 15 7 -1.924 -3.214 4.579
SPIN 4 3 15 8 3.549 0.863 -4.654
SPIN 4 3 15 9 1.144 4.703 -3.402
SPIN 4 3 15 10 -2.891 -5.149 -0.365
SPIN 4 3 15 11 5.090 2.942 0.663
SPIN 4 3 15 12 -5.569 -0.124 -1.991
SPIN 4 3 15 13 -5.060 -2.733 1.389
SPIN 4 3 15 14 3.104 5.011 -0.505
SPIN 4 3 15 15 3.064 1.149 4.929
SPIN 3 3 0 0 -5.283 -2.656 -0.182
SPIN 3 3 0 1 5.773 1.293 0.010
SPIN 3 3 0 2 -3.401 3.710 3.110
SPIN 3 3 0 3 4.520 -2.820 2.574
SPIN 3 3 0 4 0.361 4.528 3.790
SPIN 3 3 0 5 0.417 5.237 -2.720
SPIN 3 3 0 6 -5.169 1.653 -2.355
SPIN 3 3 0 7 4.643 -2.496 2.686
SPIN 3 3 0 8 -4.008 -4.005 -1.702
SPIN 3 3 0 9 -3.301 -4.289 2.389
SPIN 3 3 0 10 -2.013 4.343 -3.477
SPIN 3 3 0 11 0.799 -4.436 -3.832
SPIN 3 3 0 12 -2.324 -2.633 4.761
SPIN 3 3 0 13 -0.226 2.865 -5.171
SPIN 3 3 0 14 1.269 -5.755 0.517
SPIN 3 3 0 15 3.885 -1.391 4.239
SPIN 2 3 0 0 5.915 0.086 0.099
SPIN 2 3 0 1 0.382 3.172 4.979
SPIN 2 3 0 2 -0.772 5.021 -3.032
SPIN 2 3 0 3 -1.553 2.293 5.228
SPIN 2 3 0 4 3.282 -0.628 -4.882
SPIN 2 3 0 5 -3.019 -4.950 1.175
SPIN 2 3 0 6 -0.002 -3.792 -4.541
SPIN 2 3 0 7 -3.991 2.382 3.660
SPIN 2 3 0 8 1.287 4.841 3.148
SPIN 2 3 0 9 -1.738 5.646 0.327
SPIN 2 3 0 10 -4.669 -3.228 1.667
SPIN 2 3 0 11 4.250 1.837 -3.682
SPIN 2 3 0 12 4.562 3.339 -1.742
SPIN 2 3 0 13 -3.447 -3.287 -3.509
SPIN 2 3 0 14 5.198 2.781 -0.495
SPIN 2 3 0 15 2.384 4.494 -3.021
SPIN 3 3 1 0 -0.459 -3.760 -4.544
SPIN 3 3 1 1 0.306 -5.083 3.011
SPIN 3 3 1 2 4.871 0.551 -3.312
SPIN 3 3 1 3 2.485 3.594 -3.989
SPIN 3 3 1 4 -1.996 5.569 0.022
SPIN 3 3 1 5 0.262 -5.430 2.333
SPIN 3 3 1 6 0.913 -5.786 0.830
SPIN 3 3 1 7 -2.954 0.531 5.098
SPIN 3 3 1 8 2.403 3.135 -4.405
SPIN 3 3 1 9 -1.016 -5.121 2.783
SPIN 3 3 1 10 4.686 1.290 3.372
SPIN 3 3 1 11 -5.768 -1.259 0.386
SPIN 3 3 1 12 -0.885 -4.015 -4.254
SPIN 3 3 1 13 2.107 -3.323 4.418
SPIN 3 3 1 14 0.369 5.891 -0.405
SPIN 3 3 1 15 0.495 -3.949 4.377
SPIN 2 3 1 0 -4.273 0.161 4.088
SPIN 2 3 1 1 -4.725 3.560 -0.027
SPIN 2 3 1 2 0.546 -5.663 1.621
SPIN 2 3 1 3 4.065 -2.693 -3.351
SPIN 2 3 1 4 -2.924 -4.654 2.187
SPIN 2 3 1 5 1.758 1.162 5.528
SPIN 2 3 1 6 -3.523 3.936 2.665
SPIN 2 3 1 7 2.460 -2.614 -4.702
SPIN 2 3 1 8 -3.298 3.299 3.639
SPIN 2 3 1 9 0.864 -2.769 -5.156
SPIN 2 3 1 10 -2.209 -4.324 3.379
SPIN 2 3 1 11 2.933 -5.025 1.072
SPIN 2 3 1 12 -5.408 2.393 0.175
SPIN 2 3 1 13 -0.366 -5.250 2.702
SPIN 2 3 1 14 -0.064 -5.708 -1.554
SPIN 2 3 1 15 0.452 -1.563 -5.688
SPIN 3 3 2 0 4.005 -0.779 -4.284
SPIN 3 3 2 1 3.929 3.382 2.850
SPIN 3 3 2 2 -1.131 5.284 -2.407
SPIN 3 3 2 3 1.504 -5.689 -0.608
SPIN 3 3 2 4 3.843 2.044 -4.006
SPIN 3 3 2 5 -1.700 4.341 -3.643
SPIN 3 3 2 6 2.409 1.100 5.290
SPIN 3 3 2 7 -5.164 0.772 -2.782
SPIN 3 3 2 8 -2.002 4.080 3.788
SPIN 3 3 2 9 -3.207 -2.650 -4.206
SPIN 3 3 2 10 4.972 2.852 -1.464
SPIN 3 3 2 11 4.011 -4.343 -0.206
SPIN 3 3 2 12 -0.059 5.262 -2.702
SPIN 3 3 2 13 2.850 -3.544 -3.784
SPIN 3 3 2 14 4.369 1.846 3.536
SPIN 3 3 2 15 -3.159 4.992 0.319
SPIN 2 3 2 0 0.871 -5.851 -0.035
SPIN 2 3 2 1 0.692 -5.692 -1.457
SPIN 2 3 2 2 -2.037 -5.475 0.936
SPIN 2 3 2 3 1.331 3.031 -4.904
SPIN 2 3 2 4 -3.210 2.956 3.995
SPIN 2 3 2 5 4.962 0.912 3.089
SPIN 2 3 2 6 3.283 0.763 -4.862
SPIN 2 3 2 7 4.511 -3.795 0.492
SPIN 2 3 2 8 0.728 3.784 -4.489
SPIN 2 3 2 9 -2.781 -2.295 4.690
SPIN 2 3 2 10 -4.472 3.289 -2.046
SPIN 2 3 2 11 2.700 5.264 0.050
SPIN 2 3 2 12 1.917 0.712 -5.551
SPIN 2 3 2 13 1.149 -1.333 -5.648
SPIN 2 3 2 14 0.718 -4.064 -4.239
SPIN 2 3 2 15 -0.128 5.289 2.647
SPIN 3 3 3 0 -1.634 4.025 4.016
SPIN 3 3 3 1 3.754 4.462 -0.997
SPIN 3 3 3 2 3.578 4.560 1.183
SPIN 3 3 3 3 4.634 -3.677 -0.062
SPIN 3 3 3 4 -5.767 0.676 -1.135
SPIN 3 3 3 5 3.624 0.068 4.676
SPIN 3 3 3 6 -5.697 0.343 1.557
SPIN 3 3 3 7 0.309 -4.517 3.808
SPIN 3 3 3 8 -3.935 0.098 -4.417
SPIN 3 3 3 9 2.470 0.067 -5.376
SPIN 3 3 3 10 1.151 -5.183 2.610
SPIN 3 3 3 11 -1.473 3.249 -4.720
SPIN 3 3 3 12 -0.194 -5.898 -0.420
SPIN 3 3 3 13 0.992 -3.409 4.732
SPIN 3 3 3 14 1.556 -5.380 -1.908
SPIN 3 3 3 15 -1.178 -5.648 -1.308
SPIN 2 3 3 0 4.125 3.889 1.691
SPIN 2 3 3 1 -2.325 -2.740 4.700
SPIN 2 3 3 2 4.210 4.002 -1.124
SPIN 2 3 3 3 -4.845 -1.100 3.212
SPIN 2 3 3 4 4.491 -3.811 0.551
SPIN 2 3 3 5 3.897 1.180 4.292
SPIN 2 3 3 6 2.332 3.821 3.868
SPIN 2 3 3 7 0.218 -5.066 -3.047
SPIN 2 3 3 8 1.075 0.203 5.814
SPIN 2 3 3 9 -3.857 4.242 -1.460
SPIN 2 3 3 10 -2.000 -5.498 -0.880
SPIN 2 3 3 11 -0.827 -0.077 5.857
SPIN 2 3 3 12 4.483 -0.748 3.788
SPIN 2 3 3 13 -1.122 -5.653 -1.336
SPIN 2 3 3 14 -5.778 0.741 1.033
SPIN 2 3 3 15 5.164 -2.829 -0.575
SPIN 3 3 4 0 -1.956 3.389 -4.437
SPIN 3 3 4 1 1.084 -5.337 2.312
SPIN 3 3 4 2 2.769 5.176 -0.735
SPIN 3 3 4 3 -4.635 -2.470 2.723
SPIN 3 3 4 4 0.435 -5.715 -1.467
SPIN 3 3 4 5 -2.461 4.878 -2.269
SPIN 3 3 4 6 1.528 5.053 -2.671
SPIN 3 3 4 7 -2.366 -4.646 2.795
SPIN 3 3 4 8 5.875 -0.431 -0.550
SPIN 3 3 4 9 -3.656 -0.701 4.598
SPIN 3 3 4 10 -1.223 4.147 -4.038
SPIN 3 3 4 11 4.826 1.463 3.093
SPIN 3 3 4 12 4.485 -0.180 3.854
SPIN 3 3 4 13 -1.898 -0.112 5.602
SPIN 3 3 4 14 -1.416 -5.073 -2.693
SPIN 3 3 4 15 -4.396 -2.632 -2.958
SPIN 2 3 4 0 3.329 0.402 -4.874
SPIN 2 3 4 1 -0.289 -4.510 -3.817
SPIN 2 3 4 2 2.015 5.398 -1.343
SPIN 2 3 4 3 -3.070 2.604 -4.335
SPIN 2 3 4 4 -1.884 -1.851 5.294
SPIN 2 3 4 5 -1.032 4.348 3.877
SPIN 2 3 4 6 1.582 -4.803 -3.070
SPIN 2 3 4 7 -4.338 -4.021 0.102
SPIN 2 3 4 8 -2.639 5.048 1.598
SPIN 2 3 4 9 2.221 2.984 -4.600
SPIN 2 3 4 10 -1.532 4.511 3.508
SPIN 2 3 4 11 -4.606 1.071 -3.554
SPIN 2 3 4 12 -4.761 -2.311 2.644
SPIN 2 3 4 13 2.458 4.277 -3.266
SPIN 2 3 4 14 4.243 -2.453 3.313
SPIN 2 3 4 15 -3.856 3.146 -3.200
SPIN 3 3 5 0 -3.216 4.598 1.874
SPIN 3 3 5 1 5.031 -2.451 1.918
SPIN 3 3 5 2 3.859 -3.415 2.906
SPIN 3 3 5 3 -1.372 4.776 -3.210
SPIN 3 3 5 4 5.042 3.049 -0.527
SPIN 3 3 5 5 -2.800 -4.050 -3.280
SPIN 3 3 5 6 -5.880 -0.603 0.247
SPIN 3 3 5 7 4.100 -3.786 -1.963
SPIN 3 3 5 8 -4.228 -0.705 -4.078
SPIN 3 3 5 9 1.402 5.728 -0.475
SPIN 3 3 5 10 4.378 2.708 -2.915
SPIN 3 3 5 11 -5.020 -2.607 -1.733
SPIN 3 3 5 12 -2.291 5.454 0.019
SPIN 3 3 5 13 4.093 -4.202 0.769
SPIN 3 3 5 14 -3.962 3.886 2.050
SPIN 3 3 5 15 4.577 -3.122 2.075
SPIN 2 3 5 0 4.459 3.204 -2.204
SPIN 2 3 5 1 -3.408 -1.615 4.559
SPIN 2 3 5 2 5.513 0.231 -2.133
SPIN 2 3 5 3 3.082 -2.864 -4.159
SPIN 2 3 5 4 2.615 -4.909 -2.017
SPIN 2 3 5 5 5.426 -0.339 2.334
SPIN 2 3 5 6 -4.243 -2.065 -3.569
SPIN 2 3 5 7 3.094 1.997 -4.630
SPIN 2 3 5 8 3.990 0.723 -4.308
SPIN 2 3 5 9 -0.810 4.072 -4.215
SPIN 2 3 5 10 -2.365 -5.286 -1.210
SPIN 2 3 5 11 4.406 1.757 -3.536
SPIN 2 3 5 12 3.465 4.793 0.148
SPIN 2 3 5 13 2.398 -0.165 5.406
SPIN 2 3 5 14 -0.478 1.237 -5.765
SPIN 2 3 5 15 5.084 0.347 3.006
SPIN 3 3 6 0 -1.671 -3.897 -4.125
SPIN 3 3 6 1 2.178 -2.085 5.090
SPIN 3 3 6 2 -2.239 2.877 -4.659
SPIN 3 3 6 3 3.701 4.599 -0.389
SPIN 3 3 6 4 -0.924 -1.919 5.519
SPIN 3 3 6 5 4.947 3.244 0.069
SPIN 3 3 6 6 -4.594 0.190 -3.722
SPIN 3 3 6 7 0.081 -4.435 3.914
SPIN 3 3 6 8 0.255 -5.327 2.562
SPIN 3 3 6 9 -2.995 -1.001 5.003
SPIN 3 3 6 10 -5.403 1.004 -2.190
SPIN 3 3 6 11 0.878 -4.479 -3.764
SPIN 3 3 6 12 2.935 -3.954 3.279
SPIN 3 3 6 13 -3.106 3.727 -3.386
SPIN 3 3 6 14 4.211 -2.938 -2.939
SPIN 3 3 6 15 -3.631 1.987 4.228
SPIN 2 3 6 0 4.250 4.089 -0.473
SPIN 2 3 6 1 -2.776 -5.108 -1.093
SPIN 2 3 6 2 4.476 3.550 -1.535
SPIN 2 3 6 3 -2.043 1.976 5.188
SPIN 2 3 6 4 -5.890 0.517 0.194
SPIN 2 3 6 5 -5.778 -0.443 -1.189
SPIN 2 3 6 6 1.649 -5.581 1.065
SPIN 2 3 6 7 0.810 -0.464 5.842
SPIN 2 3 6 8 4.660 3.482 1.078
SPIN 2 3 6 9 5.425 0.023 -2.361
SPIN 2 3 6 10 5.741 0.129 -1.422
SPIN 2 3 6 11 -0.947 -0.723 5.795
SPIN 2 3 6 12 -2.996 5.058 -0.665
SPIN 2 3 6 13 1.187 -4.612 3.511
SPIN 2 3 6 14 3.542 4.715 0.477
SPIN 2 3 6 15 -0.761 -1.474 5.679
SPIN 3 3 7 0 4.231 2.223 -3.487
SPIN 3 3 7 1 -1.316 2.345 -5.270
SPIN 3 3 7 2 1.936 -5.438 1.296
SPIN 3 3 7 3 -1.472 3.600 -4.458
SPIN 3 3 7 4 5.384 -1.997 -1.422
SPIN 3 3 7 5 -1.981 -4.762 2.898
SPIN 3 3 7 6 5.104 1.928 -2.287
SPIN 3 3 7 7 -4.693 0.684 -3.536
SPIN 3 3 7 8 1.113 5.793 0.449
SPIN 3 3 7 9 -2.938 4.807 -1.805
SPIN 3 3 7 10 -3.968 -0.992 4.274
SPIN 3 3 7 11 -2.972 4.428 -2.561
SPIN 3 3 7 12 0.607 1.233 5.754
SPIN 3 3 7 13 -3.144 -4.607 1.972
SPIN 3 3 7 14 3.119 -2.641 -4.277
SPIN 3 3 7 15 2.436 3.433 -4.157
SPIN 2 3 7 0 -4.551 3.729 -0.624
SPIN 2 3 7 1 -0.983 4.477 3.741
SPIN 2 3 7 2 -1.580 -3.948 -4.113
SPIN 2 3 7 3 4.522 3.514 -1.484
SPIN 2 3 7 4 -4.113 2.073 3.713
SPIN 2 3 7 5 -3.302 4.830 -0.877
SPIN 2 3 7 6 5.667 1.552 -0.685
SPIN 2 3 7 7 -5.613 1.569 -1.014
SPIN 2 3 7 8 -4.077 -3.497 2.479
SPIN 2 3 7 9 -4.575 -3.224 1.916
SPIN 2 3 7 10 0.199 -3.859 4.480
SPIN 2 3 7 11 5.195 -2.341 1.590
SPIN 2 3 7 12 5.236 -0.587 2.691
SPIN 2 3 7 13 -2.649 -3.933 3.537
SPIN 2 3 7 14 -4.273 -3.095 2.676
SPIN 2 3 7 15 3.726 3.525 -2.949
SPIN 3 3 8 0 4.382 -3.942 -0.506
SPIN 3 3 8 1 3.906 -3.403 -2.857
SPIN 3 3 8 2 -5.131 2.760 -1.030
SPIN 3 3 8 3 2.631 -5.109 -1.406
SPIN 3 3 8 4 2.435 4.898 2.254
SPIN 3 3 8 5 0.069 -5.827 -1.022
SPIN 3 3 8 6 2.033 -2.091 -5.147
SPIN 3 3 8 7 1.375 -3.605 -4.484
SPIN 3 3 8 8 -4.720 -0.985 3.427
SPIN 3 3 8 9 3.333 2.945 -3.901
SPIN 3 3 8 10 -3.668 -1.005 -4.532
SPIN 3 3 8 11 2.549 1.153 -5.213
SPIN 3 3 8 12 3.202 -4.971 0.191
SPIN 3 3 8 13 -4.254 3.535 2.099
SPIN 3 3 8 14 5.241 1.809 -2.063
SPIN 3 3 8 15 -5.374 -2.199 1.131
SPIN 2 3 8 0 2.146 5.511 0.138
SPIN 2 3 8 1 -4.692 -3.595 -0.243
SPIN 2 3 8 2 1.888 4.484 3.365
SPIN 2 3 8 3 0.245 -3.472 4.784
SPIN 2 3 8 4 -4.909 -2.631 -1.994
SPIN 2 3 8 5 0.822 2.865 5.111
SPIN 2 3 8 6 -0.707 -5.466 -2.149
SPIN 2 3 8 7 -0.797 5.272 -2.563
SPIN 2 3 8 8 4.592 3.681 -0.601
SPIN 2 3 8 9 -2.420 -4.844 -2.383
SPIN 2 3 8 10 -4.423 3.901 -0.463
SPIN 2 3 8 11 1.384 -3.219 4.767
SPIN 2 3 8 12 -4.046 0.546 -4.282
SPIN 2 3 8 13 -4.595 -3.716 -0.276
SPIN 2 3 8 14 5.087 2.877 0.919
SPIN 2 3 8 15 -4.803 -3.349 0.846
SPIN 3 3 9 0 3.631 -2.081 -4.182
SPIN 3 3 9 1 3.754 -4.532 0.606
SPIN 3 3 9 2 0.458 3.126 -5.002
SPIN 3 3 9 3 1.136 5.427 2.063
SPIN 3 3 9 4 -5.382 1.502 -1.945
SPIN 3 3 9 5 -2.133 1.716 5.245
SPIN 3 3 9 6 -4.389 -3.338 2.144
SPIN 3 3 9 7 0.283 5.856 0.790
SPIN 3 3 9 8 -4.326 0.285 -4.026
SPIN 3 3 9 9 0.892 -0.333 5.839
SPIN 3 3 9 10 -5.847 -0.867 0.242
SPIN 3 3 9 11 3.745 1.674 4.263
SPIN 3 3 9 12 5.706 1.521 0.363
SPIN 3 3 9 13 -3.171 1.224 4.843
SPIN 3 3 9 14 -4.985 -2.041 -2.447
SPIN 3 3 9 15 4.306 -4.056 -0.053
SPIN 2 3 9 0 -5.882 0.620 0.143
SPIN 2 3 9 1 -0.291 -5.734 -1.428
SPIN 2 3 9 2 4.748 3.423 -0.860
SPIN 2 3 9 3 -5.782 -0.876 0.893
SPIN 2 3 9 4 -4.406 3.798 1.081
SPIN 2 3 9 5 -2.224 1.230 -5.342
SPIN 2 3 9 6 -3.661 4.376 1.564
SPIN 2 3 9 7 0.714 -4.323 -3.976
SPIN 2 3 9 8 -0.134 -1.201 5.791
SPIN 2 3 9 9 -1.950 -0.953 5.504
SPIN 2 3 9 10 5.017 -3.058 -0.687
SPIN 2 3 9 11 -2.601 5.314 0.001
SPIN 2 3 9 12 -3.191 -4.853 1.124
SPIN 2 3 9 13 -5.614 -1.216 -1.414
SPIN 2 3 9 14 -1.044 4.676 3.470
SPIN 2 3 9 15 4.183 3.939 -1.408
SPIN 3 3 10 0 -2.620 2.919 4.429
SPIN 3 3 10 1 -4.717 -3.024 1.898
SPIN 3 3 10 2 5.005 1.231 -2.904
SPIN 3 3 10 3 -3.019 4.248 -2.799
SPIN 3 3 10 4 0.009 4.715 3.573
SPIN 3 3 10 5 -3.959 -4.310 0.868
SPIN 3 3 10 6 5.399 -2.138 -1.130
SPIN 3 3 10 7 0.661 -0.016 5.879
SPIN 3 3 10 8 0.826 5.854 -0.222
SPIN 3 3 10 9 -3.307 -3.699 -3.222
SPIN 3 3 10 10 0.217 5.662 -1.701
SPIN 3 3 10 11 -2.764 4.274 -3.016
SPIN 3 3 10 12 -1.337 -1.299 5.615
SPIN 3 3 10 13 -3.988 3.898 1.976
SPIN 3 3 10 14 4.596 -3.694 -0.481
SPIN 3 3 10 15 -4.769 -0.762 -3.417
SPIN 2 3 10 0 0.508 -0.416 5.879
SPIN 2 3 10 1 3.639 4.196 -2.037
SPIN 2 3 10 2 1.742 -5.118 2.402
SPIN 2 3 10 3 3.823 -1.527 4.249
SPIN 2 3 10 4 4.610 -0.273 -3.698
SPIN 2 3 10 5 0.217 0.169 5.910
SPIN 2 3 10 6 4.987 -2.997 -1.074
SPIN 2 3 10 7 0.224 4.927 -3.267
SPIN 2 3 10 8 -3.365 4.810 -0.732
SPIN 2 3 10 9 2.252 -1.758 5.181
SPIN 2 3 10 10 -1.783 4.646 3.199
SPIN 2 3 10 11 -2.254 -0.403 -5.455
SPIN 2 3 10 12 5.234 1.296 -2.435
SPIN 2 3 10 13 3.924 3.597 -2.580
SPIN 2 3 10 14 1.821 4.799 2.942
SPIN 2 3 10 15 -4.017 -2.553 -3.514
SPIN 3 3 11 0 1.234 -5.546 -1.649
SPIN 3 3 11 1 -2.092 5.450 0.959
SPIN 3 3 11 2 -0.153 -5.272 2.680
SPIN 3 3 11 3 -0.774 -0.674 -5.826
SPIN 3 3 11 4 0.086 -1.620 5.689
SPIN 3 3 11 5 0.648 5.422 -2.277
SPIN 3 3 11 6 -0.115 -5.428 2.351
SPIN 3 3 11 7 -5.120 -2.758 1.084
SPIN 3 3 11 8 5.292 0.495 2.598
SPIN 3 3 11 9 1.416 4.967 2.884
SPIN 3 3 11 10 -1.591 4.393 3.629
SPIN 3 3 11 11 3.536 4.528 -1.413
SPIN 3 3 11 12 -0.689 -5.707 -1.398
SPIN 3 3 11 13 2.901 2.382 -4.573
SPIN 3 3 11 14 5.568 -1.911 0.582
SPIN 3 3 11 15 1.974 4.872 -2.714
SPIN 2 3 11 0 -5.420 -1.712 1.640
SPIN 2 3 11 1 5.487 0.135 2.207
SPIN 2 3 11 2 3.446 3.476 -3.323
SPIN 2 3 11 3 -1.322 -3.511 4.575
SPIN 2 3 11 4 -4.416 3.937 -0.054
SPIN 2 3 11 5 4.287 -3.480 -2.125
SPIN 2 3 11 6 -3.070 1.607 4.795
SPIN 2 3 11 7 4.835 -1.603 -3.010
SPIN 2 3 11 8 -0.833 2.892 -5.093
SPIN 2 3 11 9 -1.626 -5.684 0.214
SPIN 2 3 11 10 -3.993 -4.255 -0.975
SPIN 2 3 11 11 -2.197 -1.726 5.215
SPIN 2 3 11 12 5.003 0.857 3.040
SPIN 2 3 11 13 -4.417 2.599 2.955
SPIN 2 3 11 14 2.137 2.375 -4.979
SPIN 2 3 11 15 2.780 4.190 3.118
SPIN 3 3 12 0 2.995 1.926 4.724
SPIN 3 3 12 1 1.942 -3.343 -4.478
SPIN 3 3 12 2 3.993 -3.203 -2.966
SPIN 3 3 12 3 -1.376 -5.589 1.366
SPIN 3 3 12 4 -3.723 -0.973 -4.494
SPIN 3 3 12 5 -4.560 2.426 -2.885
SPIN 3 3 12 6 5.855 0.829 0.168
SPIN 3 3 12 7 1.593 4.314 -3.722
SPIN 3 3 12 8 1.290 4.251 3.907
SPIN 3 3 12 9 -0.623 -2.700 -5.227
SPIN 3 3 12 10 -4.424 2.437 3.080
SPIN 3 3 12 11 3.631 -4.520 1.179
SPIN 3 3 12 12 -5.521 -0.672 -2.016
SPIN 3 3 12 13 -2.489 -5.330 -0.628
SPIN 3 3 12 14 -0.292 -5.873 0.651
SPIN 3 3 12 15 1.932 -5.329 -1.693
SPIN 2 3 12 0 5.317 2.568 0.370
SPIN 2 3 12 1 -3.999 -2.945 -3.215
SPIN 2 3 12 2 -3.271 -0.247 4.923
SPIN 2 3 12 3 3.123 4.979 -0.678
SPIN 2 3 12 4 -0.351 -2.609 5.298
SPIN 2 3 12 5 -5.447 0.892 -2.129
SPIN 2 3 12 6 3.332 -4.626 -1.580
SPIN 2 3 12 7 -1.433 -4.908 -2.977
SPIN 2 3 12 8 1.650 5.678 0.209
SPIN 2 3 12 9 2.519 -4.392 -3.060
SPIN 2 3 12 10 4.024 -4.335 -0.125
SPIN 2 3 12 11 4.567 3.609 1.055
SPIN 2 3 12 12 -3.846 -1.759 -4.137
SPIN 2 3 12 13 3.362 -4.585 -1.635
SPIN 2 3 12 14 -4.894 -1.614 2.906
SPIN 2 3 12 15 -2.639 3.034 4.339
SPIN 3 3 13 0 -1.989 -5.212 -1.970
SPIN 3 3 13 1 3.986 4.301 -0.781
SPIN 3 3 13 2 -3.670 -4.024 -2.311
SPIN 3 3 13 3 -4.060 2.740 -3.319
SPIN 3 3 13 4 -4.393 -3.747 1.289
SPIN 3 3 13 5 -3.069 1.256 4.899
SPIN 3 3 13 6 -5.193 -2.272 -1.695
SPIN 3 3 13 7 -4.199 3.425 -2.374
SPIN 3 3 13 8 -0.690 -4.466 -3.818
SPIN 3 3 13 9 0.771 5.770 1.056
SPIN 3 3 13 10 -1.907 -5.320 1.749
SPIN 3 3 13 11 -5.144 -2.579 -1.374
SPIN 3 3 13 12 1.606 -1.083 -5.590
SPIN 3 3 13 13 -1.001 0.153 -5.829
SPIN 3 3 13 14 4.936 3.125 0.930
SPIN 3 3 13 15 0.679 -3.666 4.593
SPIN 2 3 13 0 -2.192 -2.946 4.638
SPIN 2 3 13 1 2.736 5.246 -0.011
SPIN 2 3 13 2 -5.113 -2.251 1.946
SPIN 2 3 13 3 -1.693 4.414 3.557
SPIN 2 3 13 4 -2.950 3.654 -3.598
SPIN 2 3 13 5 3.622 -2.287 4.080
SPIN 2 3 13 6 -0.275 2.766 -5.222
SPIN 2 3 13 7 -5.260 -2.478 1.093
SPIN 2 3 13 8 4.075 4.082 1.315
SPIN 2 3 13 9 -5.145 -2.290 1.814
SPIN 2 3 13 10 4.873 3.347 0.236
SPIN 2 3 13 11 -5.148 -1.915 2.197
SPIN 2 3 13 12 -4.663 2.350 2.781
SPIN 2 3 13 13 -3.705 2.357 -3.964
SPIN 2 3 13 14 -3.196 -1.983 -4.566
SPIN 2 3 13 15 3.235 -4.232 2.574
SPIN 3 3 14 0 0.719 -1.110 -5.766
SPIN 3 3 14 1 -0.594 0.880 5.820
SPIN 3 3 14 2 3.045 4.082 -3.011
SPIN 3 3 14 3 4.203 -4.100 -0.720
SPIN 3 3 14 4 1.647 5.086 2.533
SPIN 3 3 14 5 -1.317 -5.463 -1.850
SPIN 3 3 14 6 1.798 5.281 -1.968
SPIN 3 3 14 7 -0.041 -5.915 0.122
SPIN 3 3 14 8 0.147 4.693 3.599
SPIN 3 3 14 9 -4.866 -2.831 -1.819
SPIN 3 3 14 10 -1.613 1.291 5.544
SPIN 3 3 14 11 1.327 -1.614 -5.535
SPIN 3 3 14 12 3.574 4.714 0.083
SPIN 3 3 14 13 2.984 -2.766 4.294
SPIN 3 3 14 14 -2.799 -2.871 -4.350
SPIN 3 3 14 15 3.606 -3.493 3.129
SPIN 2 3 14 0 2.693 -0.918 5.187
SPIN 2 3 14 1 -5.532 1.534 1.431
SPIN 2 3 14 2 2.330 -5.255 1.399
SPIN 2 3 14 3 5.529 1.903 -0.900
SPIN 2 3 14 4 5.686 -1.438 0.778
SPIN 2 3 14 5 1.572 -1.026 -5.610
SPIN 2 3 14 6 3.252 -4.784 -1.239
SPIN 2 3 14 7 3.356 -1.009 4.767
SPIN 2 3 14 8 -5.115 -0.673 -2.896
SPIN 2 3 14 9 1.900 -0.011 5.603
SPIN 2 3 14 10 -2.806 -3.515 -3.844
SPIN 2 3 14 11 2.618 5.094 1.481
SPIN 2 3 14 12 -1.306 4.676 -3.381
SPIN 2 3 14 13 2.130 -4.459 3.253
SPIN 2 3 14 14 2.700 4.847 2.054
SPIN 2 3 14 15 -3.636 4.459 -1.375
SPIN 3 3 15 0 -1.142 4.762 -3.320
SPIN 3 3 15 1 -0.666 5.613 -1.746
SPIN 3 3 15 2 2.655 -3.739 3.738
SPIN 3 3 15 3 -1.888 -2.741 -4.891
SPIN 3 3 15 4 -5.849 0.097 0.885
SPIN 3 3 15 5 2.929 -5.140 -0.017
SPIN 3 3 15 6 -3.162 1.593 -4.740
SPIN 3 3 15 7 1.887 -3.945 3.984
SPIN 3 3 15 8 -0.434 0.872 5.835
SPIN 3 3 15 9 2.091 -4.123 3.692
SPIN 3 3 15 10 2.308 3.026 4.530
SPIN 3 3 15 11 -3.316 2.918 -3.935
SPIN 3 3 15 12 -3.839 -0.866 -4.418
SPIN 3 3 15 13 0.836 4.062 4.220
SPIN 3 3 15 14 5.114 -0.812 2.862
SPIN 3 3 15 15 0.078 -5.816 1.080
SPIN 2 3 15 0 1.092 5.807 -0.284
SPIN 2 3 15 1 1.090 -5.813 -0.165
SPIN 2 3 15 2 0.008 4.712 -3.577
SPIN 2 3 15 3 -0.903 0.088 -5.846
SPIN 2 3 15 4 -3.223 -1.569 4.706
SPIN 2 3 15 5 5.010 2.145 2.302
SPIN 2 3 15 6 2.743 -2.626 4.536
SPIN 2 3 15 7 -2.586 4.009 -3.499
SPIN 2 3 15 8 -1.084 -5.806 0.344
SPIN 2 3 15 9 5.852 0.782 -0.381
SPIN 2 3 15 10 2.783 5.140 -0.915
SPIN 2 3 15 11 -5.643 0.024 -1.775
SPIN 2 3 15 12 0.542 0.085 5.891
SPIN 2 3 15 13 0.362 5.382 2.429
SPIN 2 3 15 14 -5.426 1.931 1.355
SPIN 2 3 15 15 4.490 -2.682 -2.766
SPIN 1 4 0 0 0.358 5.777 -1.224
SPIN 1 4 0 1 -1.164 3.010 -4.958
SPIN 1 4 0 2 -2.071 -5.429 1.111
SPIN 1 4 0 3 2.849 -5.178 0.281
SPIN 1 4 0 4 5.155 -2.731 -0.982
SPIN 1 4 0 5 0.738 -0.466 -5.851
SPIN 1 4 0 6 -1.576 0.574 5.673
SPIN 1 4 0 7 0.089 5.904 0.360
SPIN 1 4 0 8 -1.006 5.727 1.093
SPIN 1 4 0 9 3.037 1.931 4.696
SPIN 1 4 0 10 -2.362 -3.456 -4.181
SPIN 1 4 0 11 0.422 0.923 5.828
SPIN 1 4 0 12 1.008 -1.649 5.591
SPIN 1 4 0 13 1.545 -3.487 -4.522
SPIN 1 4 0 14 -4.316 3.994 0.646
SPIN 1 4 0 15 -2.422 -4.468 3.029
SPIN 4 4 0 0 -5.170 -2.815 -0.589
SPIN 4 4 0 1 -0.182 -4.679 -3.616
SPIN 4 4 0 2 -1.886 3.246 4.573
SPIN 4 4 0 3 3.383 -4.797 -0.735
SPIN 4 4 0 4 -4.532 3.732 0.728
SPIN 4 4 0 5 0.951 2.079 -5.457
SPIN 4 4 0 6 2.077 -2.412 -4.987
SPIN 4 4 0 7 -2.755 -2.380 4.663
SPIN 4 4 0 8 -1.557 3.703 -4.343
SPIN 4 4 0 9 5.220 1.739 2.175
SPIN 4 4 0 10 5.062 2.278 -2.046
SPIN 4 4 0 11 5.449 -0.003 -2.304
SPIN 4 4 0 12 4.375 2.083 -3.395
SPIN 4 4 0 13 5.481 -0.981 -1.999
SPIN 4 4 0 14 0.326 -2.307 5.438
SPIN 4 4 0 15 -3.327 1.619 -4.616
SPIN 1 4 1 0 -3.059 -4.151 2.900
SPIN 1 4 1 1 1.153 4.223 -3.979
SPIN 1 4 1 2 -5.805 1.023 0.501
SPIN 1 4 1 3 -1.293 -0.707 -5.730
SPIN 1 4 1 4 -3.261 -0.513 -4.909
SPIN 1 4 1 5 -3.503 -0.428 4.748
SPIN 1 4 1 6 -0.061 1.381 -5.752
SPIN 1 4 1 7 1.845 -5.373 1.653
SPIN 1 4 1 8 -4.147 -2.182 -3.611
SPIN 1 4 1 9 -3.297 -0.900 4.829
SPIN 1 4 1 10 1.654 4.654 -3.257
SPIN 1 4 1 11 -1.371 -5.736 -0.464
SPIN 1 4 1 12 1.906 0.794 5.544
SPIN 1 4 1 13 1.377 5.299 -2.242
SPIN 1 4 1 14 0.987 3.511 -4.658
SPIN 1 4 1 15 -3.695 4.589 -0.540
SPIN 4 4 1 0 4.188 0.995 -4.058
SPIN 4 4 1 1 2.639 -3.126 4.273
SPIN 4 4 1 2 -3.948 -4.328 0.824
SPIN 4 4 1 3 1.789 5.186 2.215
SPIN 4 4 1 4 -1.578 -0.155 5.700
SPIN 4 4 1 5 4.701 -1.049 -3.435
SPIN 4 4 1 6 -0.404 5.292 2.613
SPIN 4 4 1 7 5.553 -0.073 -2.040
SPIN 4 4 1 8 -4.943 -2.611 1.936
SPIN 4 4 1 9 -4.082 4.209 -0.787
SPIN 4 4 1 10 5.710 -1.545 -0.091
SPIN 4 4 1 11 5.395 0.389 -2.397
SPIN 4 4 1 12 -4.918 0.253 3.279
SPIN 4 4 1 13 4.138 4.195 0.523
SPIN 4 4 1 14 -0.210 -5.314 2.591
SPIN 4 4 1 15 5.849 0.373 -0.808
SPIN 1 4 2 0 -2.291 -2.983 4.567
SPIN 1 4 2 1 -2.691 2.733 -4.504
SPIN 1 4 2 2 -1.469 5.389 -1.949
SPIN 1 4 2 3 -3.466 -1.892 4.405
SPIN 1 4 2 4 -5.232 -0.283 -2.747
SPIN 1 4 2 5 4.080 1.591 3.977
SPIN 1 4 2 6 -5.527 -0.968 -1.875
SPIN 1 4 2 7 -2.643 3.235 -4.189
SPIN 1 4 2 8 5.252 -2.512 -1.051
SPIN 1 4 2 9 2.207 5.156 -1.883
SPIN 1 4 2 10 1.378 0.572 -5.725
SPIN 1 4 2 11 -5.908 -0.131 -0.279
SPIN 1 4 2 12 1.760 4.168 3.812
SPIN 1 4 2 13 -0.196 -0.216 5.909
SPIN 1 4 2 14 -5.656 1.712 -0.276
SPIN 1 4 2 15 -2.948 -4.669 -2.124
SPIN 4 4 2 0 -0.901 2.480 5.295
SPIN 4 4 2 1 3.177 -4.984 -0.262
SPIN 4 4 2 2 -5.042 -0.394 -3.070
SPIN 4 4 2 3 3.345 1.317 4.699
SPIN 4 4 2 4 -4.612 -1.468 -3.402
SPIN 4 4 2 5 5.365 -0.785 2.366
SPIN 4 4 2 6 -4.484 2.887 2.562
SPIN 4 4 2 7 2.232 -2.189 5.023
SPIN 4 4 2 8 -3.343 -0.284 -4.873
SPIN 4 4 2 9 -0.235 4.722 3.556
SPIN 4 4 2 10 -0.717 -5.750 1.192
SPIN 4 4 2 11 -3.767 -1.996 -4.102
SPIN 4 4 2 12 5.016 -1.628 -2.680
SPIN 4 4 2 13 -4.321 -1.755 -3.639
SPIN 4 4 2 14 3.544 4.702 -0.578
SPIN 4 4 2 15 5.294 1.859 1.875
SPIN 1 4 3 0 0.804 1.075 -5.762
SPIN 1 4 3 1 4.964 2.952 1.282
SPIN 1 4 3 2 -0.547 -5.849 0.704
SPIN 1 4 3 3 2.882 1.673 4.888
SPIN 1 4 3 4 3.748 4.575 -0.153
SPIN 1 4 3 5 -5.473 -2.203 0.440
SPIN 1 4 3 6 4.702 -1.092 3.420
SPIN 1 4 3 7 -1.148 -4.463 -3.710
SPIN 1 4 3 8 -5.047 0.100 -3.086
SPIN 1 4 3 9 4.946 0.006 3.246
SPIN 1 4 3 10 1.583 5.174 2.392
SPIN 1 4 3 11 3.825 3.602 2.719
SPIN 1 4 3 12 -4.390 0.968 -3.845
SPIN 1 4 3 13 2.449 5.229 -1.289
SPIN 1 4 3 14 0.367 1.196 5.782
SPIN 1 4 3 15 -5.806 -0.440 1.050
SPIN 4 4 3 0 -2.820 -4.671 -2.286
SPIN 4 4 3 1 2.321 4.884 2.399
SPIN 4 4 3 2 -5.087 -2.941 -0.686
SPIN 4 4 3 3 -0.458 -3.942 -4.388
SPIN 4 4 3 4 -1.973 5.577 0.023
SPIN 4 4 3 5 5.625 0.344 -1.800
SPIN 4 4 3 6 2.623 5.258 -0.683
SPIN 4 4 3 7 -4.368 3.231 2.341
SPIN 4 4 3 8 -1.649 2.887 4.893
SPIN 4 4 3 9 0.502 -5.155 2.858
SPIN 4 4 3 10 -3.731 -4.415 -1.261
SPIN 4 4 3 11 2.821 -5.195 -0.228
SPIN 4 4 3 12 2.472 -5.340 0.608
SPIN 4 4 3 13 -1.078 -1.337 -5.661
SPIN 4 4 3 14 1.766 1.821 5.345
SPIN 4 4 3 15 0.776 -3.022 -5.027
SPIN 1 4 4 0 -2.840 1.554 4.952
SPIN 1 4 4 1 -0.646 -2.625 5.263
SPIN 1 4 4 2 4.306 0.246 4.050
SPIN 1 4 4 3 -2.314 -3.983 -3.712
SPIN 1 4 4 4 0.717 -4.180 -4.125
SPIN 1 4 4 5 4.235 2.468 3.312
SPIN 1 4 4 6 1.160 -5.745 0.803
SPIN 1 4 4 7 5.315 -0.113 -2.595
SPIN 1 4 4 8 1.201 -5.748 0.718
SPIN 1 4 4 9 1.628 2.042 -5.308
SPIN 1 4 4 10 -4.695 -2.654 2.432
SPIN 1 4 4 11 -3.567 -0.604 4.681
SPIN 1 4 4 12 -4.278 1.401 3.838
SPIN 1 4 4 13 0.677 5.523 2.009
SPIN 1 4 4 14 -0.742 -4.760 -3.434
SPIN 1 4 4 15 -3.912 4.238 -1.320
SPIN 4 4 4 0 1.052 5.586 1.639
SPIN 4 4 4 1 1.252 -0.133 5.781
SPIN 4 4 4 2 1.214 5.474 -1.887
SPIN 4 4 4 3 -2.629 -0.475 -5.278
SPIN 4 4 4 4 5.832 -0.165 -0.981
SPIN 4 4 4 5 1.199 5.620 -1.406
SPIN 4 4 4 6 -5.686 1.079 1.229
SPIN 4 4 4 7 0.056 1.773 5.644
SPIN 4 4 4 8 -3.584 1.185 -4.555
SPIN 4 4 4 9 2.550 3.745 -3.804
SPIN 4 4 4 10 1.022 4.295 3.939
SPIN 4 4 4 11 -1.872 5.461 -1.294
SPIN 4 4 4 12 4.878 2.645 2.051
SPIN 4 4 4 13 -5.344 1.940 -1.635
SPIN 4 4 4 14 -3.740 2.880 3.566
SPIN 4 4 4 15 3.037 -4.693 -1.937
SPIN 1 4 5 0 -3.665 -4.287 1.787
SPIN 1 4 5 1 3.395 4.385 -2.060
SPIN 1 4 5 2 -4.396 -3.690 -1.436
SPIN 1 4 5 3 4.226 0.374 4.123
SPIN 1 4 5 4 -3.288 0.173 -4.915
SPIN 1 4 5 5 -4.830 3.175 -1.263
SPIN 1 4 5 6 4.748 -0.379 3.509
SPIN 1 4 5 7 -0.368 3.164 -4.985
SPIN 1 4 5 8 5.624 -1.195 -1.395
SPIN 1 4 5 9 -0.743 -4.086 4.213
SPIN 1 4 5 10 -1.455 5.139 -2.545
SPIN 1 4 5 11 -1.206 1.834 -5.494
SPIN 1 4 5 12 1.738 -5.135 -2.368
SPIN 1 4 5 13 -3.140 -3.991 -3.036
SPIN 1 4 5 14 4.227 3.733 -1.788
SPIN 1 4 5 15 1.715 -1.221 5.529
SPIN 4 4 5 0 -0.361 -2.218 5.473
SPIN 4 4 5 1 -4.381 2.877 2.744
SPIN 4 4 5 2 -0.967 5.692 1.291
SPIN 4 4 5 3 5.066 -3.014 -0.508
SPIN 4 4 5 4 1.026 -5.712 -1.150
SPIN 4 4 5 5 -3.796 4.183 1.758
SPIN 4 4 5 6 3.471 1.142 4.653
SPIN 4 4 5 7 -4.665 -3.606 0.485
SPIN 4 4 5 8 -0.549 -3.655 4.620
SPIN 4 4 5 9 -3.695 -3.576 2.926
SPIN 4 4 5 10 -4.737 -2.390 2.617
SPIN 4 4 5 11 4.039 1.975 -3.845
SPIN 4 4 5 12 -5.320 -1.465 2.133
SPIN 4 4 5 13 4.598 3.434 1.439
SPIN 4 4 5 14 3.187 -4.393 2.354
SPIN 4 4 5 15 -1.333 2.408 -5.237
SPIN 1 4 6 0 1.256 -2.060 5.402
SPIN 1 4 6 1 5.489 2.114 -0.630
SPIN 1 4 6 2 4.806 -0.744 3.368
SPIN 1 4 6 3 -5.487 -1.243 -1.828
SPIN 1 4 6 4 4.696 -3.141 -1.756
SPIN 1 4 6 5 5.080 -0.319 -3.016
SPIN 1 4 6 6 -2.448 -2.142 -4.942
SPIN 1 4 6 7 -0.197 5.629 -1.809
SPIN 1 4 6 8 -0.299 -0.924 -5.836
SPIN 1 4 6 9 3.152 -3.669 3.407
SPIN 1 4 6 10 0.273 -1.804 -5.628
SPIN 1 4 6 11 1.696 5.407 1.697
SPIN 1 4 6 12 -1.451 -5.084 -2.654
SPIN 1 4 6 13 -1.649 4.966 -2.760
SPIN 1 4 6 14 -2.352 -0.692 -5.384
SPIN 1 4 6 15 4.453 -0.113 -3.893
SPIN 4 4 6 0 -5.254 -2.209 1.586
SPIN 4 4 6 1 0.783 -2.221 5.427
SPIN 4 4 6 2 3.524 -3.870 -2.758
SPIN 4 4 6 3 2.954 5.069 -0.757
SPIN 4 4 6 4 -3.874 -3.876 -2.228
SPIN 4 4 6 5 3.178 3.869 -3.151
SPIN 4 4 6 6 -3.250 4.853 -0.943
SPIN 4 4 6 7 -0.923 3.479 4.695
SPIN 4 4 6 8 5.821 -0.867 -0.608
SPIN 4 4 6 9 -3.705 -1.875 -4.214
SPIN 4 4 6 10 -3.362 -3.519 -3.364
SPIN 4 4 6 11 -2.135 4.865 -2.602
SPIN 4 4 6 12 -0.793 -4.455 3.811
SPIN 4 4 6 13 3.173 -4.346 2.458
SPIN 4 4 6 14 4.677 0.448 -3.596
SPIN 4 4 6 15 5.600 0.802 -1.730
SPIN 1 4 7 0 -1.138 -4.577 -3.572
SPIN 1 4 7 1 4.405 -2.101 -3.343
SPIN 1 4 7 2 0.685 5.753 -1.196
SPIN 1 4 7 3 -2.328 5.334 1.064
SPIN 1 4 7 4 -2.696 -4.242 -3.120
SPIN 1 4 7 5 2.026 5.065 2.289
SPIN 1 4 7 6 -3.238 3.962 2.970
SPIN 1 4 7 7 2.722 -1.421 -5.057
SPIN 1 4 7 8 -1.792 -4.412 3.510
SPIN 1 4 7 9 -3.093 -4.801 -1.544
SPIN 1 4 7 10 -5.821 1.053 -0.103
SPIN 1 4 7 11 -3.867 -2.740 3.541
SPIN 1 4 7 12 4.063 -4.248 -0.668
SPIN 1 4 7 13 -5.264 0.240 2.690
SPIN 1 4 7 14 4.019 3.645 2.358
SPIN 1 4 7 15 0.262 -2.263 5.460
SPIN 4 4 7 0 -3.759 2.454 3.853
SPIN 4 4 7 1 5.126 0.989 2.784
SPIN 4 4 7 2 5.605 -1.548 -1.089
SPIN 4 4 7 3 -3.488 -2.964 -3.748
SPIN 4 4 7 4 4.125 4.110 -1.044
SPIN 4 4 7 5 -5.111 2.394 -1.774
SPIN 4 4 7 6 2.882 0.946 -5.079
SPIN 4 4 7 7 -0.533 1.651 5.656
SPIN 4 4 7 8 3.916 -1.541 -4.158
SPIN 4 4 7 9 -5.889 0.339 -0.454
SPIN 4 4 7 10 5.840 -0.939 -0.118
SPIN 4 4 7 11 3.513 2.940 3.744
SPIN 4 4 7 12 -2.121 5.435 0.979
SPIN 4 4 7 13 1.000 4.194 -4.051
SPIN 4 4 7 14 -1.021 -5.137 2.750
SPIN 4 4 7 15 -1.617 -3.206 4.702
SPIN 1 4 8 0 0.305 2.158 -5.500
SPIN 1 4 8 1 -2.053 -5.249 1.799
SPIN 1 4 8 2 3.073 3.736 3.405
SPIN 1 4 8 3 3.011 4.134 -2.973
SPIN 1 4 8 4 1.876 3.641 -4.269
SPIN 1 4 8 5 2.383 -4.976 -2.136
SPIN 1 4 8 6 -2.632 -1.179 5.165
SPIN 1 4 8 7 4.908 -2.936 -1.513
SPIN 1 4 8 8 2.067 -5.537 -0.272
SPIN 1 4 8 9 -2.455 3.093 4.405
SPIN 1 4 8 10 -0.356 0.719 -5.861
SPIN 1 4 8 11 4.092 3.567 -2.352
SPIN 1 4 8 12 -4.894 -1.986 2.665
SPIN 1 4 8 13 5.334 1.538 2.045
SPIN 1 4 8 14 -5.446 0.021 -2.312
SPIN 1 4 8 15 1.802 4.170 3.789
SPIN 4 4 8 0 -4.868 -3.358 -0.173
SPIN 4 4 8 1 4.514 3.741 -0.791
SPIN 4 4 8 2 -5.673 -1.624 -0.418
SPIN 4 4 8 3 2.539 4.691 -2.559
SPIN 4 4 8 4 3.547 2.401 4.081
SPIN 4 4 8 5 4.980 0.957 -3.047
SPIN 4 4 8 6 1.494 5.480 1.654
SPIN 4 4 8 7 -3.507 -3.834 -2.828
SPIN 4 4 8 8 0.507 -1.625 5.666
SPIN 4 4 8 9 2.519 1.007 -5.257
SPIN 4 4 8 10 -3.027 2.249 -4.558
SPIN 4 4 8 11 -1.096 -1.422 5.637
SPIN 4 4 8 12 5.125 -0.623 -2.888
SPIN 4 4 8 13 -2.593 1.061 5.211
SPIN 4 4 8 14 2.843 5.188 0.020
SPIN 4 4 8 15 4.239 -2.757 3.070
SPIN 1 4 9 0 -1.400 -4.197 3.927
SPIN 1 4 9 1 0.787 5.203 2.704
SPIN 1 4 9 2 1.022 -3.863 -4.363
SPIN 1 4 9 3 3.172 -4.928 0.808
SPIN 1 4 9 4 -1.833 -5.458 -1.361
SPIN 1 4 9 5 -0.060 0.866 -5.852
SPIN 1 4 9 6 3.460 4.787 0.335
SPIN 1 4 9 7 0.425 -0.111 5.900
SPIN 1 4 9 8 -5.579 1.936 0.358
SPIN 1 4 9 9 0.148 5.763 1.329
SPIN 1 4 9 10 3.964 -3.254 -2.948
SPIN 1 4 9 11 -2.589 -4.932 1.994
SPIN 1 4 9 12 1.674 4.940 2.792
SPIN 1 4 9 13 -0.681 3.402 4.792
SPIN 1 4 9 14 -2.177 0.702 -5.456
SPIN 1 4 9 15 5.809 -0.440 -1.029
SPIN 4 4 9 0 4.568 0.449 3.732
SPIN 4 4 9 1 -5.550 -0.633 -1.948
SPIN 4 4 9 2 -2.271 1.553 5.238
SPIN 4 4 9 3 1.582 1.463 -5.510
SPIN 4 4 9 4 2.028 4.166 3.678
SPIN 4 4 9 5 2.931 0.730 5.087
SPIN 4 4 9 6 -1.405 -0.843 -5.685
SPIN 4 4 9 7 -1.991 5.034 -2.386
SPIN 4 4 9 8 0.736 5.586 1.805
SPIN 4 4 9 9 -5.548 -1.707 -1.144
SPIN 4 4 9 10 3.419 4.224 2.340
SPIN 4 4 9 11 4.527 -1.976 3.256
SPIN 4 4 9 12 0.107 1.172 -5.798
SPIN 4 4 9 13 5.897 0.214 0.429
SPIN 4 4 9 14 3.490 3.520 3.228
SPIN 4 4 9 15 2.165 0.495 -5.483
SPIN 1 4 10 0 -1.503 -2.845 -4.964
SPIN 1 4 10 1 2.760 5.031 -1.438
SPIN 1 4 10 2 5.430 -1.962 -1.289
SPIN 1 4 10 3 -0.945 5.780 0.833
SPIN 1 4 10 4 -4.236 2.331 -3.410
SPIN 1 4 10 5 -3.991 -1.287 4.173
SPIN 1 4 10 6 -5.076 1.546 -2.616
SPIN 1 4 10 7 -2.742 -1.988 4.851
SPIN 1 4 10 8 1.771 0.038 -5.645
SPIN 1 4 10 9 5.273 0.215 -2.673
SPIN 1 4 10 10 0.682 5.670 -1.545
SPIN 1 4 10 11 0.580 4.895 3.271
SPIN 1 4 10 12 -3.564 2.842 -3.771
SPIN 1 4 10 13 2.454 -2.931 4.515
SPIN 1 4 10 14 0.962 -5.545 -1.823
SPIN 1 4 10 15 0.634 -4.909 3.240
SPIN 4 4 10 0 0.021 -5.828 -1.017
SPIN 4 4 10 1 1.603 -2.260 5.227
SPIN 4 4 10 2 -4.932 -2.891 -1.521
SPIN 4 4 10 3 -2.663 4.297 3.073
SPIN 4 4 10 4 4.048 0.824 4.235
SPIN 4 4 10 5 -0.018 -5.018 -3.134
SPIN 4 4 10 6 4.521 3.815 0.103
SPIN 4 4 10 7 4.599 -0.838 -3.626
SPIN 4 4 10 8 -4.498 -3.652 -1.197
SPIN 4 4 10 9 1.595 -5.688 0.326
SPIN 4 4 10 10 -1.328 0.139 5.764
SPIN 4 4 10 11 -5.515 0.947 1.920
SPIN 4 4 10 12 0.725 -2.701 -5.214
SPIN 4 4 10 13 -1.454 -0.944 5.656
SPIN 4 4 10 14 -0.738 5.789 0.971
SPIN 4 4 10 15 2.790 -5.032 1.376
SPIN 1 4 11 0 2.804 4.268 -2.986
SPIN 1 4 11 1 2.404 -5.250 1.287
SPIN 1 4 11 2 2.090 5.402 1.202
SPIN 1 4 11 3 -2.763 -2.793 -4.424
SPIN 1 4 11 4 -4.725 -3.346 1.214
SPIN 1 4 11 5 2.626 -1.662 -5.034
SPIN 1 4 11 6 0.934 0.593 -5.812
SPIN 1 4 11 7 -5.617 0.887 1.632
SPIN 1 4 11 8 1.835 -5.337 1.773
SPIN 1 4 11 9 -4.078 1.689 -3.939
SPIN 1 4 11 10 2.847 -4.940 -1.579
SPIN 1 4 11 11 -0.685 4.744 -3.468
SPIN 1 4 11 12 -5.439 0.966 2.118
SPIN 1 4 11 13 -3.983 -3.783 -2.196
SPIN 1 4 11 14 0.840 5.597 1.723
SPIN 1 4 11 15 3.830 -3.879 2.298
SPIN 4 4 11 0 -2.895 0.761 5.103
SPIN 4 4 11 1 -2.395 -5.330 -0.927
SPIN 4 4 11 2 3.219 2.206 -4.446
SPIN 4 4 11 3 2.617 4.586 2.669
SPIN 4 4 11 4 -2.662 -0.605 -5.248
SPIN 4 4 11 5 2.136 -1.268 5.369
SPIN 4 4 11 6 0.656 -5.693 1.471
SPIN 4 4 11 7 -4.196 2.000 -3.660
SPIN 4 4 11 8 2.454 -1.634 5.129
SPIN 4 4 11 9 -4.191 0.931 4.070
SPIN 4 4 11 10 0.619 2.676 -5.240
SPIN 4 4 11 11 0.407 -1.945 -5.573
SPIN 4 4 11 12 -4.158 3.978 -1.372
SPIN 4 4 11 13 -0.556 -2.129 -5.491
SPIN 4 4 11 14 2.396 -1.617 5.162
SPIN 4 4 11 15 -5.524 1.468 -1.525
SPIN 1 4 12 0 -0.997 -4.785 3.333
SPIN 1 4 12 1 4.906 3.112 1.119
SPIN 1 4 12 2 -0.813 -1.202 -5.735
SPIN 1 4 12 3 3.477 -2.667 3.975
SPIN 1 4 12 4 1.603 3.127 4.759
SPIN 1 4 12 5 2.393 -5.364 -0.712
SPIN 1 4 12 6 1.711 1.201 -5.534
SPIN 1 4 12 7 -1.693 5.621 -0.734
SPIN 1 4 12 8 -5.139 2.892 0.480
SPIN 1 4 12 9 5.680 1.559 0.550
SPIN 1 4 12 10 -4.828 3.412 -0.233
SPIN 1 4 12 11 0.992 -2.713 -5.163
SPIN 1 4 12 12 4.995 3.029 0.934
SPIN 1 4 12 13 -1.609 -3.821 4.220
SPIN 1 4 12 14 -4.293 -2.457 3.245
SPIN 1 4 12 15 -0.118 -3.772 -4.556
SPIN 4 4 12 0 -0.032 2.651 -5.289
SPIN 4 4 12 1 1.069 4.654 3.493
SPIN 4 4 12 2 0.585 5.009 -3.093
SPIN 4 4 12 3 0.134 1.424 -5.741
SPIN 4 4 12 4 -0.044 4.103 4.262
SPIN 4 4 12 5 3.863 0.441 4.459
SPIN 4 4 12 6 5.607 1.062 -1.561
SPIN 4 4 12 7 -0.287 -2.850 5.176
SPIN 4 4 12 8 2.508 -4.591 2.762
SPIN 4 4 12 9 1.681 5.662 -0.330
SPIN 4 4 12 10 -1.338 -4.860 3.096
SPIN 4 4 12 11 -1.235 5.701 0.989
SPIN 4 4 12 12 -0.191 -5.472 -2.240
SPIN 4 4 12 13 2.595 -3.498 4.003
SPIN 4 4 12 14 -4.589 -3.231 1.871
SPIN 4 4 12 15 3.902 -0.218 -4.441
SPIN 1 4 13 0 -3.409 4.784 0.706
SPIN 1 4 13 1 -2.061 0.540 5.519
SPIN 1 4 13 2 3.945 0.793 4.337
SPIN 1 4 13 3 -1.942 -1.452 5.397
SPIN 1 4 13 4 -0.874 -5.706 1.298
SPIN 1 4 13 5 2.077 -5.470 -0.876
SPIN 1 4 13 6 1.676 1.500 5.472
SPIN 1 4 13 7 1.568 -1.226 -5.571
SPIN 1 4 13 8 -0.326 -4.907 3.289
SPIN 1 4 13 9 -4.450 -1.222 -3.702
SPIN 1 4 13 10 -2.534 1.266 -5.194
SPIN 1 4 13 11 -1.891 4.184 3.731
SPIN 1 4 13 12 4.636 2.982 -2.149
SPIN 1 4 13 13 1.182 -0.551 5.771
SPIN 1 4 13 14 4.872 1.221 -3.126
SPIN 1 4 13 15 0.521 -1.955 5.559
SPIN 4 4 13 0 -1.585 -3.933 -4.126
SPIN 4 4 13 1 -1.109 -5.256 2.479
SPIN 4 4 13 2 -0.514 1.904 -5.578
SPIN 4 4 13 3 4.619 0.039 3.696
SPIN 4 4 13 4 -5.106 2.492 1.647
SPIN 4 4 13 5 -0.130 -5.745 -1.408
SPIN 4 4 13 6 0.794 3.520 -4.688
SPIN 4 4 13 7 2.986 -1.636 -4.838
SPIN 4 4 13 8 -4.904 3.309 -0.064
SPIN 4 4 13 9 -4.153 -4.204 -0.281
SPIN 4 4 13 10 5.161 2.884 -0.216
SPIN 4 4 13 11 -1.644 -4.966 -2.763
SPIN 4 4 13 12 3.932 2.529 3.626
SPIN 4 4 13 13 -5.718 -0.861 -1.251
SPIN 4 4 13 14 -1.689 2.398 -5.138
SPIN 4 4 13 15 -0.367 5.840 -0.871
SPIN 1 4 14 0 5.118 2.736 -1.147
SPIN 1 4 14 1 -0.844 -4.811 3.339
SPIN 1 4 14 2 -2.264 5.460 0.246
SPIN 1 4 14 3 -3.775 -0.850 -4.475
SPIN 1 4 14 4 -2.371 5.077 -1.898
SPIN 1 4 14 5 4.347 -2.701 -2.968
SPIN 1 4 14 6 -2.782 2.854 -4.372
SPIN 1 4 14 7 2.124 -3.228 4.480
SPIN 1 4 14 8 5.029 0.431 3.086
SPIN 1 4 14 9 4.779 -2.512 -2.420
SPIN 1 4 14 10 0.704 -4.101 4.205
SPIN 1 4 14 11 0.865 1.181 -5.732
SPIN 1 4 14 12 2.002 -2.735 4.849
SPIN 1 4 14 13 -5.733 1.359 0.533
SPIN 1 4 14 14 -2.742 3.481 3.919
SPIN 1 4 14 15 2.094 0.968 -5.448
SPIN 4 4 14 0 -2.941 4.051 3.153
SPIN 4 4 14 1 4.363 0.824 -3.909
SPIN 4 4 14 2 1.652 -5.355 -1.897
SPIN 4 4 14 3 -5.597 0.840 1.722
SPIN 4 4 14 4 0.885 -0.412 -5.835
SPIN 4 4 14 5 -0.018 -1.075 5.818
SPIN 4 4 14 6 -4.161 0.357 -4.190
SPIN 4 4 14 7 1.167 -2.429 5.267
SPIN 4 4 14 8 0.427 3.653 -4.634
SPIN 4 4 14 9 -0.199 5.868 -0.730
SPIN 4 4 14 10 -5.716 -1.037 -1.119
SPIN 4 4 14 11 4.134 0.924 -4.131
SPIN 4 4 14 12 -0.659 -5.772 1.118
SPIN 4 4 14 13 -3.269 0.347 -4.919
SPIN 4 4 14 14 2.488 -5.255 -1.090
SPIN 4 4 14 15 -4.626 2.377 2.820
SPIN 1 4 15 0 -1.693 -5.322 -1.953
SPIN 1 4 15 1 3.853 -3.479 2.837
SPIN 1 4 15 2 3.822 -0.206 -4.511
SPIN 1 4 15 3 -2.970 -0.287 -5.109
SPIN 1 4 15 4 0.793 -0.691 5.822
SPIN 1 4 15 5 -4.428 3.863 -0.685
SPIN 1 4 15 6 2.048 0.187 5.547
SPIN 1 4 15 7 -5.334 -0.135 2.556
SPIN 1 4 15 8 0.213 3.182 -4.983
SPIN 1 4 15 9 -4.727 -1.203 -3.348
SPIN 1 4 15 10 2.191 5.448 0.722
SPIN 1 4 15 11 -3.212 -4.357 2.388
SPIN 1 4 15 12 -0.942 -3.916 -4.333
SPIN 1 4 15 13 4.927 -0.861 3.159
SPIN 1 4 15 14 2.734 -5.134 -1.080
SPIN 1 4 15 15 2.896 4.455 2.600
SPIN 4 4 15 0 -3.650 2.702 -3.792
SPIN 4 4 15 1 -0.930 -2.046 5.473
SPIN 4 4 15 2 -2.751 2.737 -4.465
SPIN 4 4 15 3 5.800 0.836 -0.811
SPIN 4 4 15 4 3.832 2.872 3.474
SPIN 4 4 15 5 3.668 -2.917 -3.611
SPIN 4 4 15 6 0.640 5.829 -0.785
SPIN 4 4 15 7 -1.385 -2.722 -5.067
SPIN 4 4 15 8 5.418 -2.202 0.893
SPIN 4 4 15 9 -4.063 1.575 -4.001
SPIN 4 4 15 10 2.882 1.656 4.894
SPIN 4 4 15 11 -0.453 5.897 -0.139
SPIN 4 4 15 12 0.362 -4.121 4.230
SPIN 4 4 15 13 -4.881 1.935 -2.725
SPIN 4 4 15 14 -2.673 -5.127 1.253
SPIN 4 4 15 15 -3.739 0.102 4.583
SPIN 3 4 0 0 5.063 0.845 2.942
SPIN 3 4 0 1 -1.183 5.689 -1.114
SPIN 3 4 0 2 -4.823 3.224 -1.159
SPIN 3 4 0 3 -0.136 0.794 -5.861
SPIN 3 4 0 4 -2.699 1.229 5.119
SPIN 3 4 0 5 5.678 0.852 1.425
SPIN 3 4 0 6 -1.916 -4.120 3.789
SPIN 3 4 0 7 0.958 -3.505 -4.669
SPIN 3 4 0 8 3.034 2.568 -4.382
SPIN 3 4 0 9 2.444 1.768 -5.089
SPIN 3 4 0 10 3.318 -4.885 0.353
SPIN 3 4 0 11 -2.800 2.185 4.731
SPIN 3 4 0 12 -5.009 -2.471 -1.949
SPIN 3 4 0 13 -0.973 -0.463 -5.817
SPIN 3 4 0 14 -0.245 1.040 -5.819
SPIN 3 4 0 15 -0.017 -3.338 -4.885
SPIN 2 4 0 0 3.098 1.519 4.806
SPIN 2 4 0 1 -0.627 -2.061 -5.510
SPIN 2 4 0 2 -4.489 -3.854 0.010
SPIN 2 4 0 3 -5.854 0.703 -0.485
SPIN 2 4 0 4 -3.625 3.858 2.641
SPIN 2 4 0 5 2.598 -2.125 -4.872
SPIN 2 4 0 6 -5.593 1.913 0.241
SPIN 2 4 0 7 -2.882 2.916 -4.265
SPIN 2 4 0 8 -0.947 -2.628 5.215
SPIN 2 4 0 9 -0.128 2.424 -5.395
SPIN 2 4 0 10 0.034 -4.966 3.215
SPIN 2 4 0 11 4.455 2.842 -2.660
SPIN 2 4 0 12 0.813 -2.291 5.394
SPIN 2 4 0 13 2.202 2.183 -5.039
SPIN 2 4 0 14 -0.405 -0.526 5.879
SPIN 2 4 0 15 0.440 -1.894 -5.587
SPIN 3 4 1 0 2.685 4.252 3.116
SPIN 3 4 1 1 -3.536 -1.688 4.433
SPIN 3 4 1 2 5.177 -2.797 -0.614
SPIN 3 4 1 3 3.922 4.310 1.022
SPIN 3 4 1 4 0.312 5.877 -0.601
SPIN 3 4 1 5 -4.937 -2.838 1.603
SPIN 3 4 1 6 -1.318 -1.033 5.674
SPIN 3 4 1 7 5.286 2.581 -0.630
SPIN 3 4 1 8 1.225 -2.802 5.064
SPIN 3 4 1 9 -5.795 -0.138 1.184
SPIN 3 4 1 10 -5.851 0.212 0.851
SPIN 3 4 1 11 0.763 -5.865 -0.141
SPIN 3 4 1 12 -3.014 4.153 2.945
SPIN 3 4 1 13 0.647 -4.978 3.130
SPIN 3 4 1 14 2.642 3.577 3.901
SPIN 3 4 1 15 -4.686 1.855 -3.098
SPIN 2 4 1 0 5.350 -0.895 2.360
SPIN 2 4 1 1 -1.440 -4.823 -3.109
SPIN 2 4 1 2 4.910 -2.227 2.435
SPIN 2 4 1 3 2.144 2.971 -4.645
SPIN 2 4 1 4 -4.490 3.593 -1.391
SPIN 2 4 1 5 3.415 4.068 -2.605
SPIN 2 4 1 6 3.025 -4.018 -3.115
SPIN 2 4 1 7 1.159 -3.499 4.627
SPIN 2 4 1 8 -0.646 -5.704 -1.433
SPIN 2 4 1 9 5.349 -0.994 2.324
SPIN 2 4 1 10 -1.945 5.533 0.774
SPIN 2 4 1 11 2.838 -3.103 4.161
SPIN 2 4 1 12 -2.778 1.409 -5.030
SPIN 2 4 1 13 -1.561 5.130 2.498
SPIN 2 4 1 14 2.660 4.417 -2.902
SPIN 2 4 1 15 -1.955 4.878 -2.717
SPIN 3 4 2 0 4.327 -3.961 0.767
SPIN 3 4 2 1 -4.701 -0.276 -3.581
SPIN 3 4 2 2 5.234 -0.705 2.665
SPIN 3 4 2 3 1.134 -1.436 -5.626
SPIN 3 4 2 4 -1.837 0.343 5.613
SPIN 3 4 2 5 5.759 -1.347 -0.116
SPIN 3 4 2 6 0.366 -5.900 -0.230
SPIN 3 4 2 7 -1.160 5.662 -1.263
SPIN 3 4 2 8 3.157 -2.741 4.186
SPIN 3 4 2 9 3.566 -3.830 -2.759
SPIN 3 4 2 10 -0.730 1.191 5.749
SPIN 3 4 2 11 -4.711 -0.697 -3.510
SPIN 3 4 2 12 -0.650 -0.502 -5.859
SPIN 3 4 2 13 3.861 -4.404 -0.838
SPIN 3 4 2 14 -4.957 -3.199 0.442
SPIN 3 4 2 15 4.128 -3.790 -1.897
SPIN 2 4 2 0 -0.622 -5.810 -0.926
SPIN 2 4 2 1 0.835 1.679 5.611
SPIN 2 4 2 2 2.842 -2.967 -4.257
SPIN 2 4 2 3 -5.372 0.992 -2.272
SPIN 2 4 2 4 1.114 3.426 -4.693
SPIN 2 4 2 5 -1.172 -3.078 -4.914
SPIN 2 4 2 6 -1.159 -4.001 -4.201
SPIN 2 4 2 7 1.072 2.877 5.057
SPIN 2 4 2 8 0.914 5.806 0.675
SPIN 2 4 2 9 -4.058 4.280 -0.455
SPIN 2 4 2 10 2.999 -2.876 -4.211
SPIN 2 4 2 11 5.301 2.587 -0.454
SPIN 2 4 2 12 -4.682 -2.890 2.176
SPIN 2 4 2 13 -0.417 -3.238 4.934
SPIN 2 4 2 14 -1.083 -4.884 -3.158
SPIN 2 4 2 15 -2.682 4.999 -1.679
SPIN 3 4 3 0 5.798 -0.389 1.110
SPIN 3 4 3 1 -2.625 -4.716 2.422
SPIN 3 4 3 2 -0.442 5.151 -2.875
SPIN 3 4 3 3 -2.171 -3.032 -4.593
SPIN 3 4 3 4 -0.069 1.795 5.637
SPIN 3 4 3 5 -4.958 -2.293 -2.271
SPIN 3 4 3 6 -0.806 0.034 -5.861
SPIN 3 4 3 7 1.640 -4.291 3.727
SPIN 3 4 3 8 0.032 -5.744 1.417
SPIN 3 4 3 9 -1.526 4.080 -4.003
SPIN 3 4 3 10 -4.968 -0.308 -3.197
SPIN 3 4 3 11 2.945 -4.912 1.485
SPIN 3 4 3 12 4.996 3.156 0.287
SPIN 3 4 3 13 -2.899 -3.683 3.610
SPIN 3 4 3 14 -0.541 2.841 -5.161
SPIN 3 4 3 15 -2.781 4.741 -2.188
SPIN 2 4 3 0 -3.755 0.956 -4.470
SPIN 2 4 3 1 0.507 4.188 -4.148
SPIN 2 4 3 2 -0.845 2.758 5.165
SPIN 2 4 3 3 0.507 3.695 4.593
SPIN 2 4 3 4 1.954 -4.441 3.385
SPIN 2 4 3 5 0.063 4.502 3.837
SPIN 2 4 3 6 -3.060 4.546 2.230
SPIN 2 4 3 7 1.300 1.937 -5.437
SPIN 2 4 3 8 -0.098 5.491 -2.199
SPIN 2 4 3 9 -3.956 2.800 3.393
SPIN 2 4 3 10 3.243 4.938 0.316
SPIN 2 4 3 11 -5.889 -0.270 0.493
SPIN 2 4 3 12 -1.547 -1.004 5.621
SPIN 2 4 3 13 -4.996 3.131 0.485
SPIN 2 4 3 14 3.380 -4.502 1.819
SPIN 2 4 3 15 -1.230 5.012 2.892
SPIN 3 4 4 0 2.148 2.892 4.693
SPIN 3 4 4 1 -5.171 2.668 1.070
SPIN 3 4 4 2 -3.715 -0.464 4.581
SPIN 3 4 4 3 1.221 5.355 2.199
SPIN 3 4 4 4 4.374 2.587 -3.029
SPIN 3 4 4 5 -4.756 -3.290 -1.247
SPIN 3 4 4 6 -2.419 -4.599 -2.828
SPIN 3 4 4 7 3.804 4.049 -2.033
SPIN 3 4 4 8 -3.086 4.580 -2.121
SPIN 3 4 4 9 -3.035 -0.745 5.023
SPIN 3 4 4 10 1.447 -4.005 -4.107
SPIN 3 4 4 11 1.063 -2.404 -5.300
SPIN 3 4 4 12 -3.866 2.570 -3.668
SPIN 3 4 4 13 4.581 2.169 -3.051
SPIN 3 4 4 14 -1.746 1.965 5.300
SPIN 3 4 4 15 -2.499 -4.877 -2.229
SPIN 2 4 4 0 -4.150 0.361 4.201
SPIN 2 4 4 1 -5.349 2.452 -0.611
SPIN 2 4 4 2 3.691 -2.122 -4.108
SPIN 2 4 4 3 5.645 0.036 -1.771
SPIN 2 4 4 4 4.633 -3.646 0.491
SPIN 2 4 4 5 -4.283 -1.619 -3.747
SPIN 2 4 4 6 -3.118 -3.051 -3.996
SPIN 2 4 4 7 -0.509 -4.855 3.341
SPIN 2 4 4 8 2.494 -2.636 -4.672
SPIN 2 4 4 9 -1.116 -3.595 4.564
SPIN 2 4 4 10 3.019 -3.619 3.576
SPIN 2 4 4 11 3.837 -4.473 -0.523
SPIN 2 4 4 12 -3.233 4.947 -0.267
SPIN 2 4 4 13 3.268 0.903 4.848
SPIN 2 4 4 14 -1.900 -4.485 3.358
SPIN 2 4 4 15 3.460 3.881 -2.823
SPIN 3 4 5 0 -0.021 -2.879 -5.168
SPIN 3 4 5 1 3.816 0.275 4.512
SPIN 3 4 5 2 2.501 4.089 3.468
SPIN 3 4 5 3 -5.574 -1.104 -1.648
SPIN 3 4 5 4 0.133 5.477 2.232
SPIN 3 4 5 5 0.861 5.040 2.976
SPIN 3 4 5 6 -0.250 -0.377 5.899
SPIN 3 4 5 7 -3.391 2.921 3.869
SPIN 3 4 5 8 4.188 3.414 -2.409
SPIN 3 4 5 9 -1.712 -1.414 -5.484
SPIN 3 4 5 10 -5.291 2.634 -0.247
SPIN 3 4 5 11 0.649 1.951 5.547
SPIN 3 4 5 12 -5.126 2.846 0.787
SPIN 3 4 5 13 1.291 5.080 -2.744
SPIN 3 4 5 14 2.069 -2.348 -5.021
SPIN 3 4 5 15 0.903 5.827 -0.479
SPIN 2 4 5 0 5.819 0.867 0.621
SPIN 2 4 5 1 0.779 -5.307 -2.495
SPIN 2 4 5 2 -5.128 0.270 -2.937
SPIN 2 4 5 3 1.866 4.021 -3.918
SPIN 2 4 5 4 -1.616 2.755 4.980
SPIN 2 4 5 5 -0.234 5.692 1.595
SPIN 2 4 5 6 5.665 -1.631 -0.491
SPIN 2 4 5 7 -0.269 -5.087 -3.008
SPIN 2 4 5 8 -4.373 2.567 3.047
SPIN 2 4 5 9 -1.419 -5.683 0.829
SPIN 2 4 5 10 3.375 1.107 4.732
SPIN 2 4 5 11 1.067 -4.910 3.123
SPIN 2 4 5 12 1.701 0.147 -5.664
SPIN 2 4 5 13 3.866 -3.563 -2.713
SPIN 2 4 5 14 -5.527 -0.565 -2.033
SPIN 2 4 5 15 -3.925 4.406 0.425
SPIN 3 4 6 0 -1.198 3.676 -4.478
SPIN 3 4 6 1 -0.320 -1.705 5.656
SPIN 3 4 6 2 3.712 -3.921 -2.417
SPIN 3 4 6 3 -3.323 2.882 3.956
SPIN 3 4 6 4 5.748 -0.923 -1.052
SPIN 3 4 6 5 -0.178 4.534 3.796
SPIN 3 4 6 6 2.225 5.470 -0.360
SPIN 3 4 6 7 0.675 1.597 -5.656
SPIN 3 4 6 8 -2.951 3.052 -4.120
SPIN 3 4 6 9 -0.776 -2.588 5.263
SPIN 3 4 6 10 4.976 -3.049 -0.972
SPIN 3 4 6 11 -3.577 4.697 0.382
SPIN 3 4 6 12 0.959 4.709 3.450
SPIN 3 4 6 13 -4.802 -3.393 0.657
SPIN 3 4 6 14 -1.598 5.613 -0.970
SPIN 3 4 6 15 -2.342 -3.549 4.113
SPIN 2 4 6 0 -5.205 1.885 2.087
SPIN 2 4 6 1 -4.623 -3.674 0.357
SPIN 2 4 6 2 -1.471 -2.072 -5.343
SPIN 2 4 6 3 -1.106 -5.504 1.865
SPIN 2 4 6 4 -0.193 4.423 -3.924
SPIN 2 4 6 5 -3.279 -1.207 4.774
SPIN 2 4 6 6 3.598 0.481 -4.671
SPIN 2 4 6 7 4.219 -3.835 -1.578
SPIN 2 4 6 8 3.172 2.036 4.560
SPIN 2 4 6 9 -1.897 3.385 -4.466
SPIN 2 4 6 10 -0.780 5.491 2.059
SPIN 2 4 6 11 5.887 0.156 -0.561
SPIN 2 4 6 12 -2.760 5.059 1.338
SPIN 2 4 6 13 -4.461 2.184 3.214
SPIN 2 4 6 14 -1.206 -5.699 1.033
SPIN 2 4 6 15 3.269 2.798 -4.060
SPIN 3 4 7 0 4.834 -2.751 -2.015
SPIN 3 4 7 1 1.671 1.045 -5.578
SPIN 3 4 7 2 4.820 2.284 2.559
SPIN 3 4 7 3 5.606 -1.879 -0.202
SPIN 3 4 7 4 1.653 3.517 4.461
SPIN 3 4 7 5 4.818 -3.313 -0.899
SPIN 3 4 7 6 -4.509 1.828 3.365
SPIN 3 4 7 7 2.175 -4.594 3.026
SPIN 3 4 7 8 -0.826 1.923 -5.534
SPIN 3 4 7 9 4.699 -1.475 -3.277
SPIN 3 4 7 10 1.600 1.585 -5.471
SPIN 3 4 7 11 1.319 1.016 5.677
SPIN 3 4 7 12 4.836 -0.073 -3.407
SPIN 3 4 7 13 3.132 4.527 2.168
SPIN 3 4 7 14 -5.762 0.868 -1.024
SPIN 3 4 7 15 -0.797 5.728 1.245
SPIN 2 4 7 0 2.985 0.317 -5.098
SPIN 2 4 7 1 0.962 3.676 4.534
SPIN 2 4 7 2 -0.241 5.491 2.189
SPIN 2 4 7 3 -0.939 -3.142 -4.924
SPIN 2 4 7 4 -2.384 3.709 -3.945
SPIN 2 4 7 5 0.940 -5.733 1.120
SPIN 2 4 7 6 -1.325 5.234 -2.418
SPIN 2 4 7 7 2.888 -3.503 3.794
SPIN 2 4 7 8 -5.454 2.079 -0.962
SPIN 2 4 7 9 -5.362 -2.236 1.116
SPIN 2 4 7 10 1.466 -4.558 3.474
SPIN 2 4 7 11 -5.719 0.575 -1.399
SPIN 2 4 7 12 -2.692 5.256 0.352
SPIN 2 4 7 13 4.870 -2.389 2.361
SPIN 2 4 7 14 0.228 5.910 0.155
SPIN 2 4 7 15 1.316 -5.316 -2.239
SPIN 3 4 8 0 -5.647 -1.530 -0.875
SPIN 3 4 8 1 -5.338 -2.353 -0.985
SPIN 3 4 8 2 -0.547 -5.890 0.117
SPIN 3 4 8 3 -2.354 -0.626 5.391
SPIN 3 4 8 4 -0.811 -5.796 0.864
SPIN 3 4 8 5 2.886 4.206 2.997
SPIN 3 4 8 6 -5.409 -1.557 1.821
SPIN 3 4 8 7 -3.868 4.457 0.414
SPIN 3 4 8 8 3.901 1.610 -4.146
SPIN 3 4 8 9 -2.017 -3.405 4.398
SPIN 3 4 8 10 2.984 1.534 -4.873
SPIN 3 4 8 11 5.413 1.284 2.013
SPIN 3 4 8 12 -4.449 2.636 -2.874
SPIN 3 4 8 13 5.481 -0.308 2.204
SPIN 3 4 8 14 -2.695 3.664 -3.783
SPIN 3 4 8 15 -0.001 4.530 -3.805
SPIN 2 4 8 0 0.098 -0.966 -5.836
SPIN 2 4 8 1 2.413 -4.386 -3.152
SPIN 2 4 8 2 4.713 -3.332 1.299
SPIN 2 4 8 3 -2.184 5.465 0.604
SPIN 2 4 8 4 3.470 3.230 3.539
SPIN 2 4 8 5 -5.770 -0.710 -1.094
SPIN 2 4 8 6 5.846 -0.353 -0.836
SPIN 2 4 8 7 -5.757 -0.233 1.342
SPIN 2 4 8 8 1.720 5.596 0.854
SPIN 2 4 8 9 4.448 3.900 0.079
SPIN 2 4 8 10 -0.120 1.712 5.662
SPIN 2 4 8 11 2.188 0.490 -5.475
SPIN 2 4 8 12 0.685 4.888 -3.261
SPIN 2 4 8 13 -4.520 -3.188 2.100
SPIN 2 4 8 14 -4.867 -2.537 2.208
SPIN 2 4 8 15 2.675 -4.485 2.781
SPIN 3 4 9 0 3.233 3.576 3.429
SPIN 3 4 9 1 -1.029 -5.473 1.997
SPIN 3 4 9 2 -1.781 -1.095 5.534
SPIN 3 4 9 3 -3.642 -0.912 -4.572
SPIN 3 4 9 4 5.847 0.503 -0.750
SPIN 3 4 9 5 -2.132 -5.500 -0.454
SPIN 3 4 9 6 -0.180 5.802 -1.140
SPIN 3 4 9 7 2.779 -3.827 3.554
SPIN 3 4 9 8 -4.340 -3.142 -2.509
SPIN 3 4 9 9 -4.911 -1.158 3.089
SPIN 3 4 9 10 -0.021 -3.437 4.815
SPIN 3 4 9 11 -2.000 2.044 -5.179
SPIN 3 4 9 12 -3.514 -4.601 -1.218
SPIN 3 4 9 13 1.592 -0.173 -5.695
SPIN 3 4 9 14 -1.969 3.679 -4.193
SPIN 3 4 9 15 -4.415 1.550 -3.620
SPIN 2 4 9 0 2.934 -2.279 4.604
SPIN 2 4 9 1 5.420 -0.863 2.209
SPIN 2 4 9 2 -4.799 0.965 -3.322
SPIN 2 4 9 3 1.518 1.862 5.406
SPIN 2 4 9 4 -4.066 3.217 -2.850
SPIN 2 4 9 5 -1.101 0.573 5.784
SPIN 2 4 9 6 -2.881 -3.212 -4.048
SPIN 2 4 9 7 2.548 0.867 5.268
SPIN 2 4 9 8 -3.402 1.062 -4.722
SPIN 2 4 9 9 -1.931 -4.758 2.938
SPIN 2 4 9 10 4.956 -1.461 -2.881
SPIN 2 4 9 11 -1.381 0.467 5.734
SPIN 2 4 9 12 -1.286 -5.665 -1.122
SPIN 2 4 9 13 1.838 5.154 -2.249
SPIN 2 4 9 14 -4.321 -4.037 0.171
SPIN 2 4 9 15 0.308 -5.847 0.845
SPIN 3 4 10 0 0.005 -3.325 4.893
SPIN 3 4 10 1 3.434 -0.186 -4.814
SPIN 3 4 10 2 5.887 0.020 0.583
SPIN 3 4 10 3 3.710 -1.819 4.235
SPIN 3 4 10 4 1.669 -2.981 4.830
SPIN 3 4 10 5 -5.044 3.069 -0.373
SPIN 3 4 10 6 -1.279 -3.990 4.177
SPIN 3 4 10 7 -2.544 4.778 -2.386
SPIN 3 4 10 8 3.114 -4.469 2.308
SPIN 3 4 10 9 2.532 3.063 4.383
SPIN 3 4 10 10 -3.583 -1.767 -4.364
SPIN 3 4 10 11 -1.502 -0.486 5.702
SPIN 3 4 10 12 4.438 2.763 -2.769
SPIN 3 4 10 13 -3.300 2.778 -4.049
SPIN 3 4 10 14 -3.835 2.868 3.474
SPIN 3 4 10 15 3.756 -3.896 -2.390
SPIN 2 4 10 0 -1.616 2.108 -5.286
SPIN 2 4 10 1 -4.454 -3.127 2.320
SPIN 2 4 10 2 -2.858 5.095 0.935
SPIN 2 4 10 3 1.511 2.216 -5.273
SPIN 2 4 10 4 -0.812 -3.275 4.860
SPIN 2 4 10 5 4.432 2.409 3.092
SPIN 2 4 10 6 3.110 4.162 2.830
SPIN 2 4 10 7 -2.818 -4.854 -1.870
SPIN 2 4 10 8 3.449 4.781 -0.502
SPIN 2 4 10 9 4.150 4.199 -0.381
SPIN 2 4 10 10 -4.967 1.200 2.982
SPIN 2 4 10 11 2.694 -5.045 -1.514
SPIN 2 4 10 12 0.008 5.893 -0.521
SPIN 2 4 10 13 0.822 -0.106 5.858
SPIN 2 4 10 14 -4.766 -3.505 0.033
SPIN 2 4 10 15 0.030 5.449 2.305
SPIN 3 4 11 0 1.909 5.012 2.497
SPIN 3 4 11 1 -4.924 -1.943 2.642
SPIN 3 4 11 2 0.724 -4.878 3.267
SPIN 3 4 11 3 -5.808 0.111 1.120
SPIN 3 4 11 4 1.022 1.160 -5.711
SPIN 3 4 11 5 -4.724 0.616 3.508
SPIN 3 4 11 6 -1.778 2.308 -5.149
SPIN 3 4 11 7 1.780 1.235 5.505
SPIN 3 4 11 8 -0.400 3.379 -4.840
SPIN 3 4 11 9 3.924 -2.759 3.463
SPIN 3 4 11 10 2.289 0.139 5.453
SPIN 3 4 11 11 3.768 -3.496 2.930
SPIN 3 4 11 12 -0.655 -0.253 -5.874
SPIN 3 4 11 13 1.765 -3.422 -4.491
SPIN 3 4 11 14 -5.679 0.277 1.634
SPIN 3 4 11 15 -4.913 -2.437 2.219
SPIN 2 4 11 0 -3.151 3.929 -3.104
SPIN 2 4 11 1 4.808 2.656 -2.198
SPIN 2 4 11 2 1.069 -2.072 5.437
SPIN 2 4 11 3 5.058 -2.904 -0.993
SPIN 2 4 11 4 5.259 0.482 2.666
SPIN 2 4 11 5 -5.798 -0.585 -1.022
SPIN 2 4 11 6 -0.246 -5.846 0.874
SPIN 2 4 11 7 3.842 3.454 -2.882
SPIN 2 4 11 8 0.528 -5.245 -2.685
SPIN 2 4 11 9 2.709 5.232 -0.535
SPIN 2 4 11 10 0.162 4.623 -3.688
SPIN 2 4 11 11 -3.902 0.386 -4.430
SPIN 2 4 11 12 2.511 5.296 0.804
SPIN 2 4 11 13 5.658 1.696 -0.332
SPIN 2 4 11 14 5.462 0.626 2.184
SPIN 2 4 11 15 -4.851 -2.584 2.190
SPIN 3 4 12 0 -1.226 -5.189 -2.564
SPIN 3 4 12 1 5.901 0.425 0.004
SPIN 3 4 12 2 -5.310 1.679 1.996
SPIN 3 4 12 3 5.591 1.929 0.130
SPIN 3 4 12 4 -0.060 -3.619 4.680
SPIN 3 4 12 5 2.982 0.774 -5.050
SPIN 3 4 12 6 -2.398 -1.110 5.293
SPIN 3 4 12 7 -0.542 -1.684 -5.645
SPIN 3 4 12 8 2.304 -4.696 -2.765
SPIN 3 4 12 9 -2.500 -5.092 -1.679
SPIN 3 4 12 10 4.437 0.135 3.911
SPIN 3 4 12 11 0.443 -0.523 5.876
SPIN 3 4 12 12 3.320 1.873 4.524
SPIN 3 4 12 13 4.424 -1.565 3.603
SPIN 3 4 12 14 2.584 4.767 -2.365
SPIN 3 4 12 15 3.857 2.031 4.000
SPIN 2 4 12 0 1.963 4.816 2.820
SPIN 2 4 12 1 -5.577 -0.259 -1.956
SPIN 2 4 12 2 3.451 -1.876 -4.424
SPIN 2 4 12 3 -0.988 -1.930 5.504
SPIN 2 4 12 4 -5.740 0.293 1.403
SPIN 2 4 12 5 5.564 -0.391 1.973
SPIN 2 4 12 6 2.116 5.288 -1.599
SPIN 2 4 12 7 5.824 0.214 1.019
SPIN 2 4 12 8 -1.777 -5.083 2.451
SPIN 2 4 12 9 0.471 1.044 5.804
SPIN 2 4 12 10 -5.761 1.337 0.145
SPIN 2 4 12 11 -0.784 -1.085 -5.763
SPIN 2 4 12 12 -3.451 -4.805 -0.025
SPIN 2 4 12 13 -1.517 5.286 -2.182
SPIN 2 4 12 14 3.943 -4.358 0.680
SPIN 2 4 12 15 5.496 -0.052 -2.189
SPIN 3 4 13 0 3.694 3.532 2.980
SPIN 3 4 13 1 -1.645 4.669 -3.240
SPIN 3 4 13 2 -2.137 -4.526 -3.154
SPIN 3 4 13 3 -1.349 -5.109 2.660
SPIN 3 4 13 4 5.911 -0.233 0.103
SPIN 3 4 13 5 -5.191 1.354 -2.493
SPIN 3 4 13 6 1.034 3.788 4.425
SPIN 3 4 13 7 4.014 -2.412 3.615
SPIN 3 4 13 8 -5.524 2.029 0.607
SPIN 3 4 13 9 -1.605 1.187 5.569
SPIN 3 4 13 10 3.785 0.555 4.513
SPIN 3 4 13 11 1.189 1.036 -5.702
SPIN 3 4 13 12 -1.450 -3.068 -4.846
SPIN 3 4 13 13 -3.083 -4.814 -1.522
SPIN 3 4 13 14 -0.856 4.542 3.693
SPIN 3 4 13 15 -2.423 -4.725 -2.607
SPIN 2 4 13 0 1.029 -3.350 4.766
SPIN 2 4 13 1 -2.138 4.799 2.719
SPIN 2 4 13 2 -0.132 5.205 -2.809
SPIN 2 4 13 3 4.170 -1.956 3.713
SPIN 2 4 13 4 3.226 -1.806 -4.619
SPIN 2 4 13 5 -4.981 3.050 0.941
SPIN 2 4 13 6 -0.039 -0.742 5.869
SPIN 2 4 13 7 -1.887 -4.950 -2.633
SPIN 2 4 13 8 -0.461 -2.150 -5.492
SPIN 2 4 13 9 -1.511 -5.297 -2.157
SPIN 2 4 13 10 -1.853 -4.767 2.974
SPIN 2 4 13 11 -0.156 1.686 -5.669
SPIN 2 4 13 12 -2.379 3.658 3.995
SPIN 2 4 13 13 -2.341 -5.433 -0.087
SPIN 2 4 13 14 -1.040 1.194 -5.700
SPIN 2 4 13 15 -1.792 -0.154 -5.636
SPIN 3 4 14 0 -4.504 -2.600 -2.820
SPIN 3 4 14 1 -4.262 4.077 -0.461
SPIN 3 4 14 2 -3.312 -3.058 3.831
SPIN 3 4 14 3 3.508 -1.982 -4.332
SPIN 3 4 14 4 -5.369 -1.738 1.776
SPIN 3 4 14 5 -2.272 3.976 -3.746
SPIN 3 4 14 6 5.807 0.614 -0.949
SPIN 3 4 14 7 -3.389 4.338 -2.168
SPIN 3 4 14 8 -4.082 4.249 -0.530
SPIN 3 4 14 9 2.010 0.888 -5.493
SPIN 3 4 14 10 -4.998 -1.602 2.730
SPIN 3 4 14 11 -3.838 -0.053 4.501
SPIN 3 4 14 12 1.314 1.568 -5.551
SPIN 3 4 14 13 1.650 -0.492 5.660
SPIN 3 4 14 14 2.063 -3.774 -4.062
SPIN 3 4 14 15 1.901 4.813 2.867
SPIN 2 4 14 0 5.162 -2.129 -1.956
SPIN 2 4 14 1 2.008 4.014 -3.854
SPIN 2 4 14 2 -3.991 -2.930 3.239
SPIN 2 4 14 3 -3.439 -2.078 -4.342
SPIN 2 4 14 4 5.846 0.194 0.884
SPIN 2 4 14 5 -4.015 3.702 -2.274
SPIN 2 4 14 6 -2.375 -5.356 0.822
SPIN 2 4 14 7 -2.619 5.090 1.495
SPIN 2 4 14 8 0.493 -5.585 1.890
SPIN 2 4 14 9 5.391 1.658 1.785
SPIN 2 4 14 10 -4.734 3.515 -0.485
SPIN 2 4 14 11 1.112 4.624 3.519
SPIN 2 4 14 12 3.316 -4.792 -1.019
SPIN 2 4 14 13 0.132 4.057 4.304
SPIN 2 4 14 14 -3.231 -4.314 2.440
SPIN 2 4 14 15 3.349 -4.577 -1.683
SPIN 3 4 15 0 -1.907 -4.413 -3.448
SPIN 3 4 15 1 0.196 -0.389 5.900
SPIN 3 4 15 2 -1.717 5.419 -1.640
SPIN 3 4 15 3 5.415 -2.343 0.429
SPIN 3 4 15 4 3.110 4.726 -1.730
SPIN 3 4 15 5 -5.027 -2.757 -1.460
SPIN 3 4 15 6 -5.438 -1.534 -1.755
SPIN 3 4 15 7 5.322 -1.905 1.746
SPIN 3 4 15 8 -3.347 -3.914 2.911
SPIN 3 4 15 9 3.445 -0.826 -4.738
SPIN 3 4 15 10 2.903 -5.150 -0.226
SPIN 3 4 15 11 -3.976 0.579 4.343
SPIN 3 4 15 12 4.584 1.814 -3.271
SPIN 3 4 15 13 -4.305 2.514 3.185
SPIN 3 4 15 14 -3.972 -4.374 0.290
SPIN 3 4 15 15 0.120 5.914 -0.082
SPIN 2 4 15 0 -2.669 -3.658 3.807
SPIN 2 4 15 1 -1.320 5.387 -2.060
SPIN 2 4 15 2 5.433 -1.555 1.750
SPIN 2 4 15 3 -0.584 -5.616 1.766
SPIN 2 4 15 4 -1.697 -1.372 -5.499
SPIN 2 4 15 5 -5.762 1.066 -0.816
SPIN 2 4 15 6 -0.867 5.808 -0.719
SPIN 2 4 15 7 2.387 -3.581 -4.059
SPIN 2 4 15 8 2.439 3.517 4.084
SPIN 2 4 15 9 -5.184 2.541 1.293
SPIN 2 4 15 10 -0.910 -4.269 -3.994
SPIN 2 4 15 11 2.895 4.782 1.937
SPIN 2 4 15 12 4.992 -1.495 -2.800
SPIN 2 4 15 13 -2.222 -5.216 1.690
SPIN 2 4 15 14 5.161 -0.575 2.835
SPIN 2 4 15 15 -3.269 4.132 2.690
SPIN 1 5 0 0 -5.419 0.768 -2.247
SPIN 1 5 0 1 1.460 -5.721 -0.373
SPIN 1 5 0 2 3.395 2.446 4.182
SPIN 1 5 0 3 0.152 5.898 0.433
SPIN 1 5 0 4 1.784 4.980 -2.650
SPIN 1 5 0 5 -0.891 1.353 5.690
SPIN 1 5 0 6 1.729 3.872 4.125
SPIN 1 5 0 7 3.436 1.858 -4.443
SPIN 1 5 0 8 -0.944 -5.784 -0.808
SPIN 1 5 0 9 -0.005 -3.510 4.762
SPIN 1 5 0 10 -5.364 1.872 1.650
SPIN 1 5 0 11 -4.827 -3.254 -1.052
SPIN 1 5 0 12 2.722 1.865 4.910
SPIN 1 5 0 13 1.837 5.622 0.132
SPIN 1 5 0 14 4.087 -0.490 -4.249
SPIN 1 5 0 15 4.795 -1.423 3.159
SPIN 4 5 0 0 5.219 1.631 2.258
SPIN 4 5 0 1 1.250 1.983 5.432
SPIN 4 5 0 2 1.473 4.195 -3.903
SPIN 4 5 0 3 -4.833 -1.424 -3.101
SPIN 4 5 0 4 1.261 -3.360 4.704
SPIN 4 5 0 5 -1.989 2.695 -4.877
SPIN 4 5 0 6 0.897 -5.381 -2.289
SPIN 4 5 0 7 3.978 -0.117 4.378
SPIN 4 5 0 8 -4.383 0.810 -3.890
SPIN 4 5 0 9 4.534 -1.858 -3.316
SPIN 4 5 0 10 0.707 5.027 3.038
SPIN 4 5 0 11 1.227 -4.121 -4.064
SPIN 4 5 0 12 -0.238 -3.077 5.047
SPIN 4 5 0 13 -0.006 -2.253 5.470
SPIN 4 5 0 14 -5.912 0.011 -0.209
SPIN 4 5 0 15 -0.300 1.823 5.620
SPIN 1 5 1 0 0.711 5.860 -0.395
SPIN 1 5 1 1 -0.690 -3.498 4.721
SPIN 1 5 1 2 -5.337 -2.188 -1.315
SPIN 1 5 1 3 -5.191 -2.789 -0.521
SPIN 1 5 1 4 0.314 -5.390 2.418
SPIN 1 5 1 5 2.328 -2.798 -4.664
SPIN 1 5 1 6 0.530 -4.902 3.269
SPIN 1 5 1 7 -4.694 2.406 -2.679
SPIN 1 5 1 8 1.290 1.572 5.555
SPIN 1 5 1 9 1.361 2.025 -5.389
SPIN 1 5 1 10 5.357 -2.246 1.120
SPIN 1 5 1 11 3.692 4.247 1.825
SPIN 1 5 1 12 1.083 -3.442 -4.688
SPIN 1 5 1 13 -5.207 -0.091 2.807
SPIN 1 5 1 14 -3.040 -4.211 2.834
SPIN 1 5 1 15 -5.191 -2.830 0.209
SPIN 4 5 1 0 0.824 4.399 3.869
SPIN 4 5 1 1 -2.307 3.328 -4.313
SPIN 4 5 1 2 3.591 3.620 -2.999
SPIN 4 5 1 3 -4.792 0.646 3.409
SPIN 4 5 1 4 4.747 -2.756 -2.206
SPIN 4 5 1 5 -5.045 2.337 -2.022
SPIN 4 5 1 6 5.357 -1.884 1.658
SPIN 4 5 1 7 -3.914 -1.362 4.222
SPIN 4 5 1 8 -1.129 -3.915 4.289
SPIN 4 5 1 9 -5.549 -1.926 0.703
SPIN 4 5 1 10 0.941 3.013 -5.004
SPIN 4 5 1 11 -1.006 0.354 5.819
SPIN 4 5 1 12 5.646 -0.280 1.745
SPIN 4 5 1 13 0.120 5.806 -1.129
SPIN 4 5 1 14 3.147 -4.232 -2.681
SPIN 4 5 1 15 -2.954 2.853 -4.258
SPIN 1 5 2 0 0.845 5.416 2.225
SPIN 1 5 2 1 -3.768 4.386 1.250
SPIN 1 5 2 2 -1.306 -4.892 3.059
SPIN 1 5 2 3 0.018 5.916 -0.044
SPIN 1 5 2 4 5.008 0.005 -3.149
SPIN 1 5 2 5 -0.095 4.129 4.236
SPIN 1 5 2 6 -2.997 1.216 4.954
SPIN 1 5 2 7 3.133 -1.563 -4.769
SPIN 1 5 2 8 -5.777 1.112 0.623
SPIN 1 5 2 9 3.469 -3.650 3.105
SPIN 1 5 2 10 0.644 0.287 -5.874
SPIN 1 5 2 11 1.379 2.403 -5.227
SPIN 1 5 2 12 -5.437 -0.894 -2.155
SPIN 1 5 2 13 -5.378 2.300 0.887
SPIN 1 5 2 14 -3.777 3.894 2.361
SPIN 1 5 2 15 -2.830 -1.731 -4.899
SPIN 4 5 2 0 0.394 -5.805 -1.069
SPIN 4 5 2 1 -5.306 -2.616 -0.064
SPIN 4 5 2 2 0.879 0.703 5.808
SPIN 4 5 2 3 -2.461 -4.561 2.853
SPIN 4 5 2 4 5.913 -0.200 -0.027
SPIN 4 5 2 5 -4.874 0.077 -3.353
SPIN 4 5 2 6 -2.294 -4.784 -2.617
SPIN 4 5 2 7 -1.624 -2.668 -5.024
SPIN 4 5 2 8 1.379 -5.535 -1.571
SPIN 4 5 2 9 2.325 -5.438 -0.147
SPIN 4 5 2 10 -5.050 2.338 -2.007
SPIN 4 5 2 11 5.844 -0.918 -0.083
SPIN 4 5 2 12 -3.952 0.018 -4.403
SPIN 4 5 2 13 5.739 1.435 -0.036
SPIN 4 5 2 14 -3.092 0.180 -5.041
SPIN 4 5 2 15 0.075 -1.942 5.588
SPIN 1 5 3 0 -3.204 2.347 4.384
SPIN 1 5 3 1 -2.979 3.968 3.222
SPIN 1 5 3 2 1.071 5.381 -2.212
SPIN 1 5 3 3 -5.233 -0.323 -2.742
SPIN 1 5 3 4 5.126 1.216 -2.691
SPIN 1 5 3 5 3.868 -1.954 -4.027
SPIN 1 5 3 6 -1.352 1.767 5.482
SPIN 1 5 3 7 -1.116 -2.598 5.197
SPIN 1 5 3 8 0.920 -5.053 2.936
SPIN 1 5 3 9 -0.955 5.802 -0.651
SPIN 1 5 3 10 -2.014 4.924 2.589
SPIN 1 5 3 11 0.499 -5.895 -0.051
SPIN 1 5 3 12 1.876 -5.576 0.625
SPIN 1 5 3 13 -3.352 2.292 4.302
SPIN 1 5 3 14 2.015 -2.771 -4.823
SPIN 1 5 3 15 5.704 1.247 0.951
SPIN 4 5 3 0 -0.123 -5.633 1.802
SPIN 4 5 3 1 4.832 2.390 -2.436
SPIN 4 5 3 2 5.629 -0.094 1.820
SPIN 4 5 3 3 -5.814 1.077 -0.195
SPIN 4 5 3 4 -0.597 -2.223 5.450
SPIN 4 5 3 5 5.438 2.321 0.207
SPIN 4 5 3 6 -3.819 4.506 -0.339
SPIN 4 5 3 7 -3.279 3.494 3.471
SPIN 4 5 3 8 4.318 -0.593 -4.001
SPIN 4 5 3 9 -0.224 5.425 2.349
SPIN 4 5 3 10 1.694 -4.735 3.116
SPIN 4 5 3 11 -3.710 3.388 -3.123
SPIN 4 5 3 12 1.326 1.860 5.457
SPIN 4 5 3 13 3.778 -2.533 -3.782
SPIN 4 5 3 14 1.301 1.788 5.488
SPIN 4 5 3 15 -3.223 3.955 -2.994
SPIN 1 5 4 0 1.220 0.221 -5.785
SPIN 1 5 4 1 -1.662 0.132 -5.676
SPIN 1 5 4 2 -3.819 0.831 4.441
SPIN 1 5 4 3 2.401 -5.404 0.182
SPIN 1 5 4 4 -2.235 -0.352 5.466
SPIN 1 5 4 5 -2.622 4.959 1.880
SPIN 1 5 4 6 -2.791 -2.774 4.418
SPIN 1 5 4 7 2.841 1.047 -5.082
SPIN 1 5 4 8 0.067 5.830 -1.004
SPIN 1 5 4 9 5.321 -2.504 -0.642
SPIN 1 5 4 10 -1.314 -2.279 -5.299
SPIN 1 5 4 11 -2.843 2.324 4.638
SPIN 1 5 4 12 -0.862 -3.243 4.872
SPIN 1 5 4 13 4.074 -1.716 -3.932
SPIN 1 5 4 14 -0.884 5.065 -2.927
SPIN 1 5 4 15 -4.712 -1.989 2.973
SPIN 4 5 4 0 2.310 2.254 4.959
SPIN 4 5 4 1 -1.236 -4.190 -3.989
SPIN 4 5 4 2 2.979 2.329 -4.550
SPIN 4 5 4 3 -4.555 1.423 3.496
SPIN 4 5 4 4 1.214 5.576 1.561
SPIN 4 5 4 5 -0.212 -0.647 5.877
SPIN 4 5 4 6 4.600 -0.409 -3.698
SPIN 4 5 4 7 -5.586 1.876 -0.530
SPIN 4 5 4 8 5.556 0.207 -2.021
SPIN 4 5 4 9 3.171 4.979 -0.392
SPIN 4 5 4 10 -1.704 1.556 -5.448
SPIN 4 5 4 11 0.695 -5.819 -0.808
SPIN 4 5 4 12 -4.871 3.069 1.361
SPIN 4 5 4 13 1.407 -5.439 1.854
SPIN 4 5 4 14 3.377 -1.676 -4.560
SPIN 4 5 4 15 3.705 -1.907 4.200
SPIN 1 5 5 0 0.622 -1.328 -5.731
SPIN 1 5 5 1 4.036 3.307 2.788
SPIN 1 5 5 2 -2.276 1.555 -5.235
SPIN 1 5 5 3 0.415 -4.814 3.413
SPIN 1 5 5 4 -0.375 5.898 -0.274
SPIN 1 5 5 5 5.434 -1.773 -1.525
SPIN 1 5 5 6 -3.327 4.789 -0.998
SPIN 1 5 5 7 0.031 -4.198 4.168
SPIN 1 5 5 8 -1.806 -4.321 3.615
SPIN 1 5 5 9 -5.541 -1.910 0.809
SPIN 1 5 5 10 3.809 0.748 4.465
SPIN 1 5 5 11 3.994 -3.798 -2.149
SPIN 1 5 5 12 -0.559 -5.774 1.162
SPIN 1 5 5 13 -1.750 3.844 -4.143
SPIN 1 5 5 14 1.497 -4.344 3.726
SPIN 1 5 5 15 4.501 1.713 -3.436
SPIN 4 5 5 0 -4.586 1.406 3.463
SPIN 4 5 5 1 -0.473 5.847 -0.764
SPIN 4 5 5 2 -2.394 -2.146 4.966
SPIN 4 5 5 3 -0.983 -1.225 -5.704
SPIN 4 5 5 4 4.537 2.761 -2.606
SPIN 4 5 5 5 -1.937 1.635 -5.345
SPIN 4 5 5 6 -5.168 -1.870 -2.190
SPIN 4 5 5 7 -2.384 4.356 3.216
SPIN 4 5 5 8 3.862 -4.299 -1.266
SPIN 4 5 5 9 5.251 -1.815 2.032
SPIN 4 5 5 10 -1.940 4.241 3.640
SPIN 4 5 5 11 2.766 4.418 2.799
SPIN 4 5 5 12 4.609 0.501 3.675
SPIN 4 5 5 13 0.305 -1.358 5.750
SPIN 4 5 5 14 -3.806 -2.920 -3.462
SPIN 4 5 5 15 2.181 -5.489 0.331
SPIN 1 5 6 0 -1.941 -1.118 -5.476
SPIN 1 5 6 1 3.030 4.592 2.176
SPIN 1 5 6 2 -1.785 -2.679 4.963
SPIN 1 5 6 3 3.708 4.192 1.917
SPIN 1 5 6 4 -4.281 0.423 4.061
SPIN 1 5 6 5 -3.058 3.482 -3.677
SPIN 1 5 6 6 3.812 0.877 4.438
SPIN 1 5 6 7 5.398 1.070 2.173
SPIN 1 5 6 8 5.256 2.694 -0.346
SPIN 1 5 6 9 -5.177 -0.543 -2.811
SPIN 1 5 6 10 -2.653 -1.414 -5.095
SPIN 1 5 6 11 -2.116 -5.457 -0.864
SPIN 1 5 6 12 -1.008 5.640 -1.474
SPIN 1 5 6 13 0.624 -3.455 -4.762
SPIN 1 5 6 14 -5.407 1.509 1.867
SPIN 1 5 6 15 -0.433 -5.896 -0.218
SPIN 4 5 6 0 3.788 -1.409 -4.320
SPIN 4 5 6 1 0.229 -5.864 -0.747
SPIN 4 5 6 2 2.582 0.796 -5.263
SPIN 4 5 6 3 -2.852 1.035 5.079
SPIN 4 5 6 4 -0.156 5.629 1.813
SPIN 4 5 6 5 2.126 -5.520 -0.083
SPIN 4 5 6 6 3.277 4.070 2.774
SPIN 4 5 6 7 -4.953 -0.849 -3.122
SPIN 4 5 6 8 -3.602 -0.498 4.666
SPIN 4 5 6 9 4.861 1.079 -3.194
SPIN 4 5 6 10 5.776 1.042 -0.746
SPIN 4 5 6 11 1.045 -5.057 -2.886
SPIN 4 5 6 12 1.474 1.354 5.567
SPIN 4 5 6 13 -0.359 1.478 -5.717
SPIN 4 5 6 14 -2.257 -0.255 -5.463
SPIN 4 5 6 15 -2.159 5.506 -0.150
SPIN 1 5 7 0 -1.736 5.275 2.041
SPIN 1 5 7 1 -1.113 2.095 5.420
SPIN 1 5 7 2 -1.594 -3.637 4.386
SPIN 1 5 7 3 5.297 -0.501 2.586
SPIN 1 5 7 4 -3.997 -3.556 -2.525
SPIN 1 5 7 5 4.717 0.307 -3.558
SPIN 1 5 7 6 -5.110 -1.781 2.391
SPIN 1 5 7 7 -4.373 3.980 0.206
SPIN 1 5 7 8 5.289 2.159 1.537
SPIN 1 5 7 9 3.974 0.392 4.366
SPIN 1 5 7 10 -1.025 -5.631 -1.495
SPIN 1 5 7 11 -2.291 5.071 -2.008
SPIN 1 5 7 12 -3.510 -4.677 0.898
SPIN 1 5 7 13 -3.532 -2.756 3.865
SPIN 1 5 7 14 3.459 3.851 2.865
SPIN 1 5 7 15 -5.312 -2.208 -1.383
SPIN 4 5 7 0 5.131 2.860 0.699
SPIN 4 5 7 1 -2.288 -4.866 2.467
SPIN 4 5 7 2 -0.416 3.366 4.848
SPIN 4 5 7 3 3.689 -4.277 -1.760
SPIN 4 5 7 4 -2.532 -2.007 4.956
SPIN 4 5 7 5 2.781 -4.111 3.219
SPIN 4 5 7 6 4.746 -3.396 0.969
SPIN 4 5 7 7 0.131 -5.912 0.191
SPIN 4 5 7 8 2.486 5.343 0.518
SPIN 4 5 7 9 -2.146 4.478 -3.215
SPIN 4 5 7 10 0.060 -0.326 5.907
SPIN 4 5 7 11 4.288 3.021 -2.736
SPIN 4 5 7 12 -0.757 -5.164 2.786
SPIN 4 5 7 13 -5.879 -0.059 -0.661
SPIN 4 5 7 14 5.284 0.551 2.602
SPIN 4 5 7 15 3.465 -4.635 1.230
SPIN 1 5 8 0 0.508 2.350 5.406
SPIN 1 5 8 1 -4.349 3.752 1.417
SPIN 1 5 8 2 0.884 -2.137 -5.445
SPIN 1 5 8 3 0.879 3.876 4.382
SPIN 1 5 8 4 4.889 -1.817 -2.792
SPIN 1 5 8 5 -3.528 -1.570 -4.482
SPIN 1 5 8 6 1.617 5.647 0.704
SPIN 1 5 8 7 -3.485 4.778 -0.159
SPIN 1 5 8 8 -3.760 4.451 1.025
SPIN 1 5 8 9 -0.613 0.128 -5.883
SPIN 1 5 8 10 -3.844 2.321 3.852
SPIN 1 5 8 11 -4.694 -3.547 -0.623
SPIN 1 5 8 12 1.285 -4.748 -3.287
SPIN 1 5 8 13 -4.389 3.633 -1.592
SPIN 1 5 8 14 1.007 -4.565 3.626
SPIN 1 5 8 15 2.256 0.965 -5.383
SPIN 4 5 8 0 5.512 2.012 0.753
SPIN 4 5 8 1 -2.065 -4.115 3.715
SPIN 4 5 8 2 4.383 0.633 -3.923
SPIN 4 5 8 3 0.077 5.310 2.607
SPIN 4 5 8 4 -4.267 -4.011 -0.841
SPIN 4 5 8 5 -1.709 3.152 -4.705
SPIN 4 5 8 6 -0.560 -2.588 5.290
SPIN 4 5 8 7 4.066 -0.585 4.258
SPIN 4 5 8 8 -1.482 -2.357 5.220
SPIN 4 5 8 9 -3.563 3.993 2.522
SPIN 4 5 8 10 0.132 0.870 5.850
SPIN 4 5 8 11 4.859 2.670 2.064
SPIN 4 5 8 12 0.384 4.788 3.454
SPIN 4 5 8 13 1.387 3.850 -4.273
SPIN 4 5 8 14 2.852 -3.867 3.452
SPIN 4 5 8 15 2.949 2.243 4.612
SPIN 1 5 9 0 0.625 -0.199 -5.880
SPIN 1 5 9 1 -0.928 5.385 -2.267
SPIN 1 5 9 2 -5.870 0.718 0.153
SPIN 1 5 9 3 4.297 -0.248 -4.059
SPIN 1 5 9 4 -5.627 1.826 0.068
SPIN 1 5 9 5 4.616 -0.051 3.699
SPIN 1 5 9 6 -1.087 -5.667 -1.305
SPIN 1 5 9 7 -5.293 2.266 -1.362
SPIN 1 5 9 8 -4.335 3.365 2.209
SPIN 1 5 9 9 2.201 -4.607 -2.989
SPIN 1 5 9 10 0.861 -0.360 -5.842
SPIN 1 5 9 11 1.856 5.575 -0.689
SPIN 1 5 9 12 -1.816 5.453 1.405
SPIN 1 5 9 13 0.970 -3.400 -4.743
SPIN 1 5 9 14 -4.708 2.231 -2.803
SPIN 1 5 9 15 -2.469 -2.676 -4.663
SPIN 4 5 9 0 -3.584 3.800 2.777
SPIN 4 5 9 1 5.713 0.262 -1.513
SPIN 4 5 9 2 4.390 -3.958 -0.261
SPIN 4 5 9 3 -5.511 -1.668 -1.360
SPIN 4 5 9 4 -0.065 0.632 -5.882
SPIN 4 5 9 5 -5.659 0.025 1.724
SPIN 4 5 9 6 0.746 -5.866 -0.179
SPIN 4 5 9 7 2.056 -4.857 2.680
SPIN 4 5 9 8 4.088 3.897 1.760
SPIN 4 5 9 9 5.448 1.042 2.057
SPIN 4 5 9 10 4.840 -3.227 1.077
SPIN 4 5 9 11 2.091 0.160 -5.532
SPIN 4 5 9 12 -2.087 2.999 4.653
SPIN 4 5 9 13 -2.292 1.354 5.283
SPIN 4 5 9 14 -5.888 0.409 0.400
SPIN 4 5 9 15 0.589 -3.824 -4.475
SPIN 1 5 10 0 0.331 0.864 -5.843
SPIN 1 5 10 1 -1.048 -5.820 -0.183
SPIN 1 5 10 2 -2.938 5.060 0.872
SPIN 1 5 10 3 -3.231 -0.819 -4.888
SPIN 1 5 10 4 4.091 0.330 4.261
SPIN 1 5 10 5 -4.098 4.023 -1.423
SPIN 1 5 10 6 4.422 -3.768 -1.117
SPIN 1 5 10 7 5.575 0.870 1.778
SPIN 1 5 10 8 -5.373 1.941 -1.536
SPIN 1 5 10 9 -4.418 -3.129 -2.385
SPIN 1 5 10 10 0.648 -4.775 3.433
SPIN 1 5 10 11 5.515 0.550 2.070
SPIN 1 5 10 12 3.000 -4.931 -1.299
SPIN 1 5 10 13 -5.653 0.430 1.692
SPIN 1 5 10 14 5.437 -1.743 1.548
SPIN 1 5 10 15 5.826 0.169 1.016
SPIN 4 5 10 0 -4.834 3.302 -0.852
SPIN 4 5 10 1 3.927 -1.378 -4.204
SPIN 4 5 10 2 -4.243 -3.216 2.580
SPIN 4 5 10 3 3.252 4.209 -2.590
SPIN 4 5 10 4 5.215 0.635 2.720
SPIN 4 5 10 5 -3.106 -4.141 2.864
SPIN 4 5 10 6 -2.700 -1.369 5.083
SPIN 4 5 10 7 -5.369 -2.256 -1.041
SPIN 4 5 10 8 1.008 -3.457 -4.694
SPIN 4 5 10 9 0.004 2.989 5.105
SPIN 4 5 10 10 -1.292 1.537 5.565
SPIN 4 5 10 11 -3.627 -4.090 -2.262
SPIN 4 5 10 12 -3.621 1.610 -4.393
SPIN 4 5 10 13 1.135 5.464 -1.965
SPIN 4 5 10 14 -4.305 -3.370 -2.260
SPIN 4 5 10 15 0.843 -3.646 -4.582
SPIN 1 5 11 0 5.064 -1.228 2.801
SPIN 1 5 11 1 0.466 -0.834 -5.838
SPIN 1 5 11 2 5.370 -0.454 2.440
SPIN 1 5 11 3 5.815 0.879 -0.644
SPIN 1 5 11 4 -4.289 -2.521 -3.202
SPIN 1 5 11 5 1.246 -2.250 5.328
SPIN 1 5 11 6 -4.337 4.008 0.357
SPIN 1 5 11 7 -0.073 -5.774 1.288
SPIN 1 5 11 8 2.735 4.552 -2.608
SPIN 1 5 11 9 -5.573 -1.827 -0.776
SPIN 1 5 11 10 -0.080 0.084 5.915
SPIN 1 5 11 11 -5.755 1.370 -0.047
SPIN 1 5 11 12 -4.123 0.028 4.243
SPIN 1 5 11 13 -4.565 -2.868 2.436
SPIN 1 5 11 14 1.746 2.813 4.903
SPIN 1 5 11 15 -4.598 3.355 -1.612
SPIN 4 5 11 0 3.386 -4.837 -0.372
SPIN 4 5 11 1 -2.909 5.030 1.113
SPIN 4 5 11 2 1.120 1.913 -5.485
SPIN 4 5 11 3 -5.503 -0.858 -1.995
SPIN 4 5 11 4 -0.324 -5.887 -0.485
SPIN 4 5 11 5 -1.760 5.470 -1.406
SPIN 4 5 11 6 5.315 0.363 -2.573
SPIN 4 5 11 7 4.225 -1.488 3.864
SPIN 4 5 11 8 -3.258 4.464 2.113
SPIN 4 5 11 9 -4.268 1.246 -3.903
SPIN 4 5 11 10 4.371 -3.500 1.908
SPIN 4 5 11 11 4.216 3.335 -2.470
SPIN 4 5 11 12 -1.550 -4.413 -3.623
SPIN 4 5 11 13 -4.948 3.243 -0.039
SPIN 4 5 11 14 4.472 -3.870 -0.163
SPIN 4 5 11 15 -4.574 3.281 -1.821
SPIN 1 5 12 0 1.964 5.138 2.178
SPIN 1 5 12 1 -3.506 -4.488 -1.602
SPIN 1 5 12 2 -1.741 -3.951 4.045
SPIN 1 5 12 3 2.019 5.515 -0.717
SPIN 1 5 12 4 -2.830 2.164 -4.723
SPIN 1 5 12 5 -2.742 3.681 3.733
SPIN 1 5 12 6 0.891 5.005 3.026
SPIN 1 5 12 7 -5.545 1.933 0.716
SPIN 1 5 12 8 -2.245 -5.465 0.297
SPIN 1 5 12 9 -2.856 5.163 0.434
SPIN 1 5 12 10 4.027 1.656 -4.005
SPIN 1 5 12 11 -5.837 -0.822 -0.507
SPIN 1 5 12 12 2.973 3.064 -4.096
SPIN 1 5 12 13 5.035 -3.104 0.147
SPIN 1 5 12 14 -5.908 0.300 -0.089
SPIN 1 5 12 15 -0.990 -2.878 -5.073
SPIN 4 5 12 0 2.882 5.153 -0.376
SPIN 4 5 12 1 -3.286 -4.568 -1.827
SPIN 4 5 12 2 0.690 -3.523 -4.702
SPIN 4 5 12 3 -2.991 2.331 4.541
SPIN 4 5 12 4 -5.277 0.277 -2.661
SPIN 4 5 12 5 -3.277 -3.891 -3.021
SPIN 4 5 12 6 -5.087 -1.595 -2.565
SPIN 4 5 12 7 -5.665 -1.470 0.864
SPIN 4 5 12 8 5.192 2.670 0.957
SPIN 4 5 12 9 -0.208 -0.498 -5.891
SPIN 4 5 12 10 -5.416 1.743 -1.621
SPIN 4 5 12 11 4.697 3.580 -0.345
SPIN 4 5 12 12 -5.627 1.820 0.155
SPIN 4 5 12 13 2.582 4.455 -2.914
SPIN 4 5 12 14 4.095 -4.259 -0.299
SPIN 4 5 12 15 1.557 -5.699 -0.314
SPIN 1 5 13 0 -3.128 5.004 0.420
SPIN 1 5 13 1 2.408 -3.358 4.234
SPIN 1 5 13 2 -4.586 3.702 -0.514
SPIN 1 5 13 3 -1.616 5.691 0.074
SPIN 1 5 13 4 3.739 3.094 3.383
SPIN 1 5 13 5 -4.000 -4.340 0.405
SPIN 1 5 13 6 -0.151 5.501 2.171
SPIN 1 5 13 7 5.168 1.051 -2.681
SPIN 1 5 13 8 -0.348 5.190 2.818
SPIN 1 5 13 9 3.354 -4.305 2.285
SPIN 1 5 13 10 4.707 2.458 2.608
SPIN 1 5 13 11 -0.819 5.093 2.898
SPIN 1 5 13 12 3.002 -3.930 3.247
SPIN 1 5 13 13 2.517 -4.579 -2.775
SPIN 1 5 13 14 -4.859 -1.299 3.116
SPIN 1 5 13 15 -0.814 -5.282 2.537
SPIN 4 5 13 0 0.962 -3.990 4.261
SPIN 4 5 13 1 4.214 -4.034 0.984
SPIN 4 5 13 2 3.745 -1.998 4.121
SPIN 4 5 13 3 -2.398 -0.503 -5.385
SPIN 4 5 13 4 2.314 -0.427 5.428
SPIN 4 5 13 5 -2.134 3.475 -4.286
SPIN 4 5 13 6 5.638 -1.393 1.128
SPIN 4 5 13 7 -5.291 1.996 1.739
SPIN 4 5 13 8 5.152 0.402 -2.880
SPIN 4 5 13 9 -5.378 1.657 -1.825
SPIN 4 5 13 10 5.806 -0.792 -0.818
SPIN 4 5 13 11 -3.455 -4.669 -1.123
SPIN 4 5 13 12 5.904 -0.354 -0.153
SPIN 4 5 13 13 -3.258 2.521 4.246
SPIN 4 5 13 14 1.015 -2.733 -5.148
SPIN 4 5 13 15 0.992 5.773 0.829
SPIN 1 5 14 0 -0.482 2.484 5.348
SPIN 1 5 14 1 -2.542 5.282 -0.799
SPIN 1 5 14 2 5.673 -1.027 -1.329
SPIN 1 5 14 3 -1.287 -4.478 3.645
SPIN 1 5 14 4 -5.481 -1.685 1.455
SPIN 1 5 14 5 5.581 0.216 1.952
SPIN 1 5 14 6 -2.849 -2.645 4.459
SPIN 1 5 14 7 -5.721 0.491 1.426
SPIN 1 5 14 8 4.884 -2.174 -2.534
SPIN 1 5 14 9 -1.472 5.728 0.137
SPIN 1 5 14 10 3.172 -0.716 -4.942
SPIN 1 5 14 11 4.347 3.947 -0.725
SPIN 1 5 14 12 4.237 3.039 -2.796
SPIN 1 5 14 13 2.602 -1.279 -5.157
SPIN 1 5 14 14 0.216 5.912 0.044
SPIN 1 5 14 15 -0.740 1.504 5.674
SPIN 4 5 14 0 0.512 2.925 5.117
SPIN 4 5 14 1 2.771 -4.864 1.915
SPIN 4 5 14 2 -3.922 1.549 4.149
SPIN 4 5 14 3 4.283 -1.088 3.933
SPIN 4 5 14 4 -3.559 3.822 -2.779
SPIN 4 5 14 5 1.115 -5.606 1.526
SPIN 4 5 14 6 5.674 -1.591 0.526
SPIN 4 5 14 7 -0.174 -4.388 -3.964
SPIN 4 5 14 8 -2.413 -3.017 4.480
SPIN 4 5 14 9 3.772 1.770 -4.200
SPIN 4 5 14 10 5.496 1.671 -1.413
SPIN 4 5 14 11 -5.228 1.845 -2.066
SPIN 4 5 14 12 -1.438 -5.523 1.560
SPIN 4 5 14 13 5.441 -0.294 2.305
SPIN 4 5 14 14 -4.722 3.202 -1.564
SPIN 4 5 14 15 0.914 -5.839 -0.275
SPIN 1 5 15 0 -4.195 -3.866 1.568
SPIN 1 5 15 1 -3.388 2.494 -4.160
SPIN 1 5 15 2 1.179 -0.108 -5.796
SPIN 1 5 15 3 4.862 3.259 0.860
SPIN 1 5 15 4 1.909 -1.566 5.376
SPIN 1 5 15 5 1.781 2.365 -5.122
SPIN 1 5 15 6 0.367 5.001 -3.140
SPIN 1 5 15 7 -4.931 3.083 1.089
SPIN 1 5 15 8 -2.148 4.747 2.802
SPIN 1 5 15 9 -0.406 -5.332 -2.531
SPIN 1 5 15 10 2.785 -0.804 5.157
SPIN 1 5 15 11 1.949 2.717 4.880
SPIN 1 5 15 12 -4.091 -0.132 -4.272
SPIN 1 5 15 13 0.810 -5.728 1.240
SPIN 1 5 15 14 -0.588 5.539 1.994
SPIN 1 5 15 15 -3.955 0.463 -4.375
SPIN 4 5 15 0 1.865 5.513 1.061
SPIN 4 5 15 1 2.980 -4.925 -1.363
SPIN 4 5 15 2 5.322 0.663 2.497
SPIN 4 5 15 3 -3.255 0.088 4.939
SPIN 4 5 15 4 2.303 -1.394 -5.268
SPIN 4 5 15 5 0.788 -5.242 2.626
SPIN 4 5 15 6 -4.626 -1.432 3.399
SPIN 4 5 15 7 -1.491 4.608 -3.398
SPIN 4 5 15 8 1.987 -0.993 -5.483
SPIN 4 5 15 9 -0.607 -4.201 4.121
SPIN 4 5 15 10 -4.895 3.036 -1.348
SPIN 4 5 15 11 0.038 -4.946 3.247
SPIN 4 5 15 12 -3.724 -2.205 -4.033
SPIN 4 5 15 13 -5.324 2.513 0.586
SPIN 4 5 15 14 5.130 -0.541 -2.896
SPIN 4 5 15 15 2.172 4.666 -2.917
SPIN 3 5 0 0 0.345 -5.790 1.167
SPIN 3 5 0 1 -0.293 -5.897 0.372
SPIN 3 5 0 2 -0.865 -4.520 3.718
SPIN 3 5 0 3 4.323 1.767 3.631
SPIN 3 5 0 4 -4.245 2.333 3.396
SPIN 3 5 0 5 -2.153 -5.452 0.802
SPIN 3 5 0 6 -0.356 5.895 -0.346
SPIN 3 5 0 7 0.603 4.485 -3.811
SPIN 3 5 0 8 1.141 -2.494 -5.242
SPIN 3 5 0 9 -5.149 -2.719 -1.047
SPIN 3 5 0 10 -0.991 -3.817 -4.410
SPIN 3 5 0 11 -2.752 4.526 2.635
SPIN 3 5 0 12 3.528 1.532 4.496
SPIN 3 5 0 13 -0.470 -1.391 -5.731
SPIN 3 5 0 14 4.757 2.775 2.161
SPIN 3 5 0 15 0.917 3.085 4.964
SPIN 2 5 0 0 -1.445 -4.862 -3.045
SPIN 2 5 0 1 3.173 2.769 4.155
SPIN 2 5 0 2 2.138 4.912 -2.511
SPIN 2 5 0 3 5.734 0.864 -1.171
SPIN 2 5 0 4 3.526 -3.768 2.894
SPIN 2 5 0 5 2.558 4.855 2.209
SPIN 2 5 0 6 -1.631 -5.643 -0.703
SPIN 2 5 0 7 -2.465 -2.379 4.824
SPIN 2 5 0 8 5.428 -1.618 -1.707
SPIN 2 5 0 9 -0.050 -1.792 5.638
SPIN 2 5 0 10 5.249 -1.050 -2.519
SPIN 2 5 0 11 -2.331 -5.424 -0.380
SPIN 2 5 0 12 -2.579 0.388 -5.310
SPIN 2 5 0 13 1.680 5.134 2.413
SPIN 2 5 0 14 2.091 -1.200 5.403
SPIN 2 5 0 15 2.936 4.824 -1.763
SPIN 3 5 1 0 -0.873 0.709 5.808
SPIN 3 5 1 1 2.979 2.878 -4.224
SPIN 3 5 1 2 -1.313 4.397 3.734
SPIN 3 5 1 3 -1.571 2.105 -5.301
SPIN 3 5 1 4 -5.687 1.593 0.344
SPIN 3 5 1 5 -5.757 -1.321 -0.341
SPIN 3 5 1 6 4.602 2.205 -2.993
SPIN 3 5 1 7 -2.996 -4.871 1.517
SPIN 3 5 1 8 -4.551 -0.274 3.770
SPIN 3 5 1 9 0.397 5.131 -2.917
SPIN 3 5 1 10 -4.485 -2.620 2.832
SPIN 3 5 1 11 0.201 -1.190 5.792
SPIN 3 5 1 12 -5.392 0.869 -2.275
SPIN 3 5 1 13 -1.073 -4.060 -4.168
SPIN 3 5 1 14 3.661 -4.198 1.993
SPIN 3 5 1 15 -0.337 4.539 -3.779
SPIN 2 5 1 0 1.466 -0.129 -5.730
SPIN 2 5 1 1 5.231 2.090 -1.810
SPIN 2 5 1 2 -3.294 -4.789 1.102
SPIN 2 5 1 3 -5.484 0.555 -2.150
SPIN 2 5 1 4 -0.440 5.867 -0.624
SPIN 2 5 1 5 -1.327 1.138 5.652
SPIN 2 5 1 6 -2.470 2.827 -4.573
SPIN 2 5 1 7 -0.065 -5.911 -0.236
SPIN 2 5 1 8 2.645 4.987 -1.770
SPIN 2 5 1 9 3.279 2.991 3.912
SPIN 2 5 1 10 -5.629 0.722 -1.672
SPIN 2 5 1 11 3.269 -3.945 -2.958
SPIN 2 5 1 12 -3.082 4.935 -1.071
SPIN 2 5 1 13 -1.425 -5.271 -2.277
SPIN 2 5 1 14 4.222 3.705 -1.857
SPIN 2 5 1 15 -3.844 -2.166 3.941
SPIN 3 5 2 0 -4.735 0.457 3.517
SPIN 3 5 2 1 4.653 -0.989 -3.517
SPIN 3 5 2 2 2.489 -4.914 -2.159
SPIN 3 5 2 3 3.060 -4.887 1.323
SPIN 3 5 2 4 -0.183 2.651 5.285
SPIN 3 5 2 5 -2.844 -4.233 2.998
SPIN 3 5 2 6 -3.732 1.013 4.477
SPIN 3 5 2 7 -3.888 2.292 3.825
SPIN 3 5 2 8 -1.882 -0.728 -5.561
SPIN 3 5 2 9 0.066 -5.249 2.728
SPIN 3 5 2 10 0.669 -5.536 1.975
SPIN 3 5 2 11 -4.110 -3.593 2.280
SPIN 3 5 2 12 4.641 0.671 3.607
SPIN 3 5 2 13 2.490 -2.852 4.546
SPIN 3 5 2 14 -1.637 2.113 -5.278
SPIN 3 5 2 15 4.026 4.184 1.135
SPIN 2 5 2 0 -1.330 1.051 -5.668
SPIN 2 5 2 1 4.792 -2.450 2.457
SPIN 2 5 2 2 3.578 4.546 -1.238
SPIN 2 5 2 3 4.086 -3.410 -2.583
SPIN 2 5 2 4 -2.129 2.969 4.653
SPIN 2 5 2 5 3.632 4.262 -1.910
SPIN 2 5 2 6 -5.249 2.325 -1.427
SPIN 2 5 2 7 -2.758 4.129 -3.216
SPIN 2 5 2 8 5.568 1.564 1.247
SPIN 2 5 2 9 3.086 -5.007 0.638
SPIN 2 5 2 10 -3.329 -0.983 4.791
SPIN 2 5 2 11 -5.888 0.072 0.569
SPIN 2 5 2 12 5.462 1.175 1.946
SPIN 2 5 2 13 -4.359 3.727 -1.452
SPIN 2 5 2 14 2.613 1.237 5.161
SPIN 2 5 2 15 -2.750 5.186 -0.738
SPIN 3 5 3 0 4.245 -3.402 -2.325
SPIN 3 5 3 1 -1.097 -5.580 -1.631
SPIN 3 5 3 2 -3.877 -0.812 4.395
SPIN 3 5 3 3 -3.633 -3.485 3.107
SPIN 3 5 3 4 1.846 -5.526 -1.026
SPIN 3 5 3 5 1.288 4.035 4.130
SPIN 3 5 3 6 2.805 -4.413 2.767
SPIN 3 5 3 7 4.365 -3.485 -1.949
SPIN 3 5 3 8 -2.021 -4.851 -2.718
SPIN 3 5 3 9 -0.945 1.642 -5.605
SPIN 3 5 3 10 3.067 3.237 3.888
SPIN 3 5 3 11 0.204 -0.642 5.878
SPIN 3 5 3 12 -4.722 -3.343 -1.235
SPIN 3 5 3 13 3.747 3.116 -3.354
SPIN 3 5 3 14 -2.740 -5.243 -0.043
SPIN 3 5 3 15 3.620 2.185 4.137
SPIN 2 5 3 0 -0.550 3.680 4.599
SPIN 2 5 3 1 -2.020 1.684 5.299
SPIN 2 5 3 2 -2.180 -5.140 -1.956
SPIN 2 5 3 3 1.967 2.320 5.074
SPIN 2 5 3 4 4.360 -3.925 -0.763
SPIN 2 5 3 5 -1.391 2.471 5.192
SPIN 2 5 3 6 -0.143 -2.015 -5.561
SPIN 2 5 3 7 4.935 3.258 -0.175
SPIN 2 5 3 8 -2.064 -4.789 2.795
SPIN 2 5 3 9 0.533 -2.923 5.116
SPIN 2 5 3 10 0.765 -3.270 -4.871
SPIN 2 5 3 11 4.383 -3.793 -1.184
SPIN 2 5 3 12 -2.445 -0.462 -5.368
SPIN 2 5 3 13 -1.759 -5.196 2.215
SPIN 2 5 3 14 -5.203 2.731 -0.688
SPIN 2 5 3 15 2.740 -4.589 -2.536
SPIN 3 5 4 0 -1.166 4.285 -3.909
SPIN 3 5 4 1 2.510 4.710 2.552
SPIN 3 5 4 2 4.781 3.476 0.244
SPIN 3 5 4 3 4.411 -3.765 1.170
SPIN 3 5 4 4 3.077 4.198 2.812
SPIN 3 5 4 5 2.252 -5.185 -1.744
SPIN 3 5 4 6 0.024 2.650 -5.290
SPIN 3 5 4 7 -2.697 -5.108 1.277
SPIN 3 5 4 8 -0.766 -0.934 -5.791
SPIN 3 5 4 9 1.988 -2.297 -5.076
SPIN 3 5 4 10 -4.420 3.919 0.321
SPIN 3 5 4 11 3.839 -4.402 0.938
SPIN 3 5 4 12 2.583 0.171 -5.320
SPIN 3 5 4 13 -5.700 -1.360 -0.809
SPIN 3 5 4 14 3.043 -4.215 -2.824
SPIN 3 5 4 15 -1.089 -5.096 2.801
SPIN 2 5 4 0 5.816 -0.394 -1.010
SPIN 2 5 4 1 -0.400 2.797 -5.198
SPIN 2 5 4 2 -3.437 4.324 -2.119
SPIN 2 5 4 3 -5.693 -1.527 -0.514
SPIN 2 5 4 4 -1.506 5.705 -0.428
SPIN 2 5 4 5 -5.120 0.365 2.941
SPIN 2 5 4 6 -1.811 4.893 2.789
SPIN 2 5 4 7 -2.368 3.914 -3.752
SPIN 2 5 4 8 5.812 0.490 0.989
SPIN 2 5 4 9 5.371 -1.675 -1.830
SPIN 2 5 4 10 -2.589 -2.790 4.529
SPIN 2 5 4 11 4.443 -3.514 -1.704
SPIN 2 5 4 12 -1.816 3.404 4.485
SPIN 2 5 4 13 3.250 -2.326 4.362
SPIN 2 5 4 14 -1.221 -0.057 -5.788
SPIN 2 5 4 15 -1.636 -5.662 -0.512
SPIN 3 5 5 0 3.093 -4.902 -1.187
SPIN 3 5 5 1 -4.236 -2.836 3.002
SPIN 3 5 5 2 -1.956 -2.519 -4.983
SPIN 3 5 5 3 -0.531 5.713 -1.442
SPIN 3 5 5 4 3.119 -4.883 -1.196
SPIN 3 5 5 5 -2.416 -5.060 -1.886
SPIN 3 5 5 6 -5.885 0.511 -0.321
SPIN 3 5 5 7 4.335 -3.906 0.976
SPIN 3 5 5 8 -1.858 0.039 5.617
SPIN 3 5 5 9 -1.768 5.644 0.151
SPIN 3 5 5 10 0.700 -4.562 -3.701
SPIN 3 5 5 11 -0.357 5.788 -1.171
SPIN 3 5 5 12 3.182 -3.147 3.869
SPIN 3 5 5 13 -4.378 1.449 3.706
SPIN 3 5 5 14 -0.419 -2.120 5.507
SPIN 3 5 5 15 -0.419 5.759 -1.287
SPIN 2 5 5 0 -3.901 3.896 2.146
SPIN 2 5 5 1 -1.898 5.592 0.359
SPIN 2 5 5 2 2.939 5.085 -0.712
SPIN 2 5 5 3 0.934 0.085 5.841
SPIN 2 5 5 4 -2.260 -4.664 2.853
SPIN 2 5 5 5 -0.628 5.803 0.964
SPIN 2 5 5 6 3.249 4.141 2.701
SPIN 2 5 5 7 3.749 -4.569 -0.268
SPIN 2 5 5 8 2.896 2.015 -4.749
SPIN 2 5 5 9 -2.498 5.268 -1.004
SPIN 2 5 5 10 5.455 2.136 0.824
SPIN 2 5 5 11 1.998 4.977 2.497
SPIN 2 5 5 12 -0.388 -5.344 -2.509
SPIN 2 5 5 13 -1.685 5.635 -0.638
SPIN 2 5 5 14 5.839 -0.116 -0.946
SPIN 2 5 5 15 3.030 4.599 2.160
SPIN 3 5 6 0 2.316 -3.673 -4.018
SPIN 3 5 6 1 3.100 -0.300 -5.030
SPIN 3 5 6 2 0.966 4.864 -3.227
SPIN 3 5 6 3 2.396 -5.204 -1.478
SPIN 3 5 6 4 3.679 2.764 3.718
SPIN 3 5 6 5 1.380 -5.752 -0.069
SPIN 3 5 6 6 -4.534 -0.134 3.798
SPIN 3 5 6 7 -3.718 -1.070 -4.476
SPIN 3 5 6 8 -0.621 5.331 -2.490
SPIN 3 5 6 9 -1.981 -2.952 -4.729
SPIN 3 5 6 10 -5.666 0.968 1.399
SPIN 3 5 6 11 -2.117 0.123 -5.523
SPIN 3 5 6 12 4.271 -1.491 3.813
SPIN 3 5 6 13 -1.664 4.928 2.818
SPIN 3 5 6 14 -2.607 1.163 -5.182
SPIN 3 5 6 15 1.231 -2.368 -5.280
SPIN 2 5 6 0 -3.794 1.332 -4.339
SPIN 2 5 6 1 -2.019 -4.579 -3.156
SPIN 2 5 6 2 3.621 4.624 0.710
SPIN 2 5 6 3 -5.319 -1.664 -1.985
SPIN 2 5 6 4 5.236 -2.560 -1.016
SPIN 2 5 6 5 -3.715 -1.576 -4.326
SPIN 2 5 6 6 -3.349 3.979 2.821
SPIN 2 5 6 7 3.048 5.070 -0.050
SPIN 2 5 6 8 -4.950 -0.039 -3.240
SPIN 2 5 6 9 3.959 -0.465 -4.372
SPIN 2 5 6 10 1.459 3.447 4.581
SPIN 2 5 6 11 -2.380 3.697 -3.958
SPIN 2 5 6 12 -2.565 -3.824 -3.714
SPIN 2 5 6 13 0.667 -1.430 -5.702
SPIN 2 5 6 14 -0.573 4.756 3.472
SPIN 2 5 6 15 1.029 -3.990 -4.245
SPIN 3 5 7 0 -1.720 5.428 1.605
SPIN 3 5 7 1 0.571 3.218 -4.932
SPIN 3 5 7 2 -3.793 -4.301 -1.455
SPIN 3 5 7 3 -0.303 5.791 1.174
SPIN 3 5 7 4 -3.119 -4.696 1.796
SPIN 3 5 7 5 5.200 2.432 -1.432
SPIN 3 5 7 6 -1.317 0.724 -5.722
SPIN 3 5 7 7 0.519 -4.365 -3.959
SPIN 3 5 7 8 -2.141 2.557 4.887
SPIN 3 5 7 9 -0.929 5.801 -0.701
SPIN 3 5 7 10 3.205 -4.804 -1.287
SPIN 3 5 7 11 4.412 3.685 1.399
SPIN 3 5 7 12 1.143 5.799 0.248
SPIN 3 5 7 13 -5.361 -2.104 -1.353
SPIN 3 5 7 14 1.370 -0.498 5.734
SPIN 3 5 7 15 -0.633 -5.257 -2.639
SPIN 2 5 7 0 -4.875 0.035 -3.352
SPIN 2 5 7 1 1.833 1.162 -5.504
SPIN 2 5 7 2 0.366 -3.734 -4.574
SPIN 2 5 7 3 1.959 -4.126 -3.759
SPIN 2 5 7 4 -5.623 0.969 1.562
SPIN 2 5 7 5 -0.788 -3.246 -4.883
SPIN 2 5 7 6 5.899 -0.419 -0.150
SPIN 2 5 7 7 -2.053 5.547 0.110
SPIN 2 5 7 8 -5.327 1.752 1.884
SPIN 2 5 7 9 5.903 -0.211 -0.339
SPIN 2 5 7 10 2.969 -3.452 3.778
SPIN 2 5 7 11 2.942 2.671 4.383
SPIN 2 5 7 12 -0.551 1.948 5.559
SPIN 2 5 7 13 -2.300 5.138 1.819
SPIN 2 5 7 14 2.666 -3.959 3.495
SPIN 2 5 7 15 2.593 4.952 1.936
SPIN 3 5 8 0 -5.694 -1.578 -0.300
SPIN 3 5 8 1 2.986 4.843 1.622
SPIN 3 5 8 2 -5.054 -1.934 2.391
SPIN 3 5 8 3 4.018 1.755 -3.972
SPIN 3 5 8 4 -1.521 5.607 1.114
SPIN 3 5 8 5 -1.110 -3.800 -4.397
SPIN 3 5 8 6 2.622 5.241 -0.810
SPIN 3 5 8 7 -3.747 -3.566 2.872
SPIN 3 5 8 8 3.161 -0.783 -4.939
SPIN 3 5 8 9 4.768 1.795 3.007
SPIN 3 5 8 10 -4.624 3.690 0.082
SPIN 3 5 8 11 -5.589 0.070 -1.938
SPIN 3 5 8 12 0.043 -1.029 -5.826
SPIN 3 5 8 13 5.210 -1.326 -2.470
SPIN 3 5 8 14 -4.223 -3.400 -2.369
SPIN 3 5 8 15 -0.907 -0.550 5.820
SPIN 2 5 8 0 -4.896 1.239 -3.082
SPIN 2 5 8 1 -1.820 -2.241 5.164
SPIN 2 5 8 2 -4.237 -4.035 0.876
SPIN 2 5 8 3 -2.901 3.494 3.792
SPIN 2 5 8 4 3.952 -1.267 -4.216
SPIN 2 5 8 5 5.293 -1.929 1.808
SPIN 2 5 8 6 -0.239 -5.594 1.912
SPIN 2 5 8 7 3.982 2.362 -3.683
SPIN 2 5 8 8 0.583 -0.913 -5.816
SPIN 2 5 8 9 -5.877 -0.366 0.576
SPIN 2 5 8 10 0.693 -0.732 -5.830
SPIN 2 5 8 11 3.638 -4.664 -0.086
SPIN 2 5 8 12 -3.961 4.065 -1.670
SPIN 2 5 8 13 5.907 -0.166 0.275
SPIN 2 5 8 14 -4.350 -2.441 3.181
SPIN 2 5 8 15 2.561 4.765 2.395
SPIN 3 5 9 0 -4.934 0.948 3.123
SPIN 3 5 9 1 5.474 1.254 1.862
SPIN 3 5 9 2 -3.002 5.015 0.915
SPIN 3 5 9 3 5.328 -2.406 0.911
SPIN 3 5 9 4 -4.620 2.694 -2.530
SPIN 3 5 9 5 3.294 1.136 4.781
SPIN 3 5 9 6 0.438 5.264 2.663
SPIN 3 5 9 7 3.618 -4.597 0.881
SPIN 3 5 9 8 2.003 -5.560 0.279
SPIN 3 5 9 9 -4.212 3.024 -2.849
SPIN 3 5 9 10 3.568 -1.809 4.359
SPIN 3 5 9 11 2.412 2.896 -4.561
SPIN 3 5 9 12 -2.135 -5.496 -0.489
SPIN 3 5 9 13 -0.591 -1.198 5.763
SPIN 3 5 9 14 4.373 1.151 -3.815
SPIN 3 5 9 15 -1.259 -4.646 -3.439
SPIN 2 5 9 0 3.039 5.075 0.073
SPIN 2 5 9 1 -1.336 -5.011 -2.848
SPIN 2 5 9 2 5.320 1.255 2.263
SPIN 2 5 9 3 -0.435 4.211 -4.133
SPIN 2 5 9 4 5.514 0.312 2.120
SPIN 2 5 9 5 2.006 -3.259 -4.512
SPIN 2 5 9 6 4.531 3.794 0.279
SPIN 2 5 9 7 -0.710 3.031 -5.031
SPIN 2 5 9 8 -0.920 -2.222 5.405
SPIN 2 5 9 9 -4.409 3.707 -1.349
SPIN 2 5 9 10 -0.770 5.074 2.944
SPIN 2 5 9 11 -3.762 -3.462 2.977
SPIN 2 5 9 12 2.041 -5.551 -0.124
SPIN 2 5 9 13 -3.708 -2.192 -4.055
SPIN 2 5 9 14 2.305 0.755 -5.396
SPIN 2 5 9 15 -2.575 4.210 3.262
SPIN 3 5 10 0 2.175 -3.116 -4.535
SPIN 3 5 10 1 -2.897 0.121 5.157
SPIN 3 5 10 2 -0.687 5.568 -1.877
SPIN 3 5 10 3 -5.733 1.022 -1.044
SPIN 3 5 10 4 2.219 -2.573 -4.843
SPIN 3 5 10 5 -1.692 -5.543 1.188
SPIN 3 5 10 6 -3.003 0.961 -5.006
SPIN 3 5 10 7 -1.072 5.263 -2.481
SPIN 3 5 10 8 -0.502 -3.741 -4.556
SPIN 3 5 10 9 -3.161 4.073 -2.901
SPIN 3 5 10 10 -5.149 -2.913 0.042
SPIN 3 5 10 11 5.838 0.562 0.774
SPIN 3 5 10 12 -4.812 -2.843 -1.938
SPIN 3 5 10 13 2.375 -5.204 -1.508
SPIN 3 5 10 14 2.656 2.742 -4.519
SPIN 3 5 10 15 -4.522 3.185 2.101
SPIN 2 5 10 0 -0.155 -3.164 4.997
SPIN 2 5 10 1 -5.906 -0.325 0.097
SPIN 2 5 10 2 -3.956 2.211 3.802
SPIN 2 5 10 3 -1.331 1.901 5.442
SPIN 2 5 10 4 -3.493 -2.857 -3.826
SPIN 2 5 10 5 -0.120 4.040 4.320
SPIN 2 5 10 6 4.574 1.786 -3.301
SPIN 2 5 10 7 0.798 -4.523 3.729
SPIN 2 5 10 8 2.678 4.296 3.061
SPIN 2 5 10 9 -1.034 5.169 2.685
SPIN 2 5 10 10 0.349 -0.901 -5.837
SPIN 2 5 10 11 -1.556 5.402 -1.842
SPIN 2 5 10 12 4.660 1.473 3.333
SPIN 2 5 10 13 -2.456 0.542 5.355
SPIN 2 5 10 14 -0.914 -2.661 5.204
SPIN 2 5 10 15 0.641 -4.839 3.342
SPIN 3 5 11 0 -2.516 -3.332 4.192
SPIN 3 5 11 1 4.336 -0.349 -4.010
SPIN 3 5 11 2 -3.554 3.100 -3.572
SPIN 3 5 11 3 4.103 -4.049 1.331
SPIN 3 5 11 4 -5.378 1.838 -1.644
SPIN 3 5 11 5 4.767 2.971 -1.858
SPIN 3 5 11 6 -5.604 1.185 -1.479
SPIN 3 5 11 7 2.531 -2.873 -4.510
SPIN 3 5 11 8 -4.225 -3.780 -1.692
SPIN 3 5 11 9 2.163 0.547 -5.479
SPIN 3 5 11 10 4.396 -2.844 -2.755
SPIN 3 5 11 11 -5.597 -1.328 1.382
SPIN 3 5 11 12 -2.388 -1.037 -5.312
SPIN 3 5 11 13 -1.207 -1.162 -5.674
SPIN 3 5 11 14 -1.676 5.495 1.412
SPIN 3 5 11 15 2.586 -0.362 -5.309
SPIN 2 5 11 0 -2.716 -3.128 4.223
SPIN 2 5 11 1 4.112 -4.251 -0.143
SPIN 2 5 11 2 -0.004 -3.680 -4.632
SPIN 2 5 11 3 -1.266 -5.280 2.348
SPIN 2 5 11 4 -1.716 5.028 -2.603
SPIN 2 5 11 5 3.117 -5.024 -0.204
SPIN 2 5 11 6 -4.846 0.592 3.342
SPIN 2 5 11 7 -5.378 -2.142 -1.219
SPIN 2 5 11 8 3.492 -3.244 3.504
SPIN 2 5 11 9 2.361 -0.171 -5.422
SPIN 2 5 11 10 -3.460 -2.594 4.037
SPIN 2 5 11 11 -1.117 -2.714 5.137
SPIN 2 5 11 12 2.895 1.332 -4.985
SPIN 2 5 11 13 -0.449 4.369 3.963
SPIN 2 5 11 14 1.775 -4.271 -3.690
SPIN 2 5 11 15 0.549 4.858 -3.332
SPIN 3 5 12 0 -3.924 -3.775 2.313
SPIN 3 5 12 1 1.181 -2.877 -5.033
SPIN 3 5 12 2 2.136 5.281 -1.597
SPIN 3 5 12 3 -1.704 -1.080 5.562
SPIN 3 5 12 4 4.981 -2.937 -1.250
SPIN 3 5 12 5 -1.046 -0.607 5.791
SPIN 3 5 12 6 5.686 -1.624 0.185
SPIN 3 5 12 7 -0.006 4.805 3.452
SPIN 3 5 12 8 3.416 2.697 -4.007
SPIN 3 5 12 9 -0.978 -3.177 4.894
SPIN 3 5 12 10 0.649 3.346 4.835
SPIN 3 5 12 11 3.153 -3.277 -3.785
SPIN 3 5 12 12 -3.437 2.387 4.182
SPIN 3 5 12 13 2.086 -0.979 -5.449
SPIN 3 5 12 14 -3.132 2.791 4.171
SPIN 3 5 12 15 -2.065 -5.403 -1.243
SPIN 2 5 12 0 0.099 5.894 -0.497
SPIN 2 5 12 1 3.256 -3.099 3.847
SPIN 2 5 12 2 -4.956 2.112 2.446
SPIN 2 5 12 3 3.986 -0.040 -4.371
SPIN 2 5 12 4 4.331 -2.706 2.986
SPIN 2 5 12 5 -2.003 4.258 -3.586
SPIN 2 5 12 6 1.338 -5.613 -1.304
SPIN 2 5 12 7 5.629 1.741 0.529
SPIN 2 5 12 8 -1.635 -4.512 -3.460
SPIN 2 5 12 9 2.711 -1.609 5.006
SPIN 2 5 12 10 4.873 2.423 2.321
SPIN 2 5 12 11 -4.281 -3.529 2.054
SPIN 2 5 12 12 0.524 5.073 -2.998
SPIN 2 5 12 13 -2.822 4.570 -2.480
SPIN 2 5 12 14 2.701 1.954 -4.887
SPIN 2 5 12 15 -5.580 -0.496 -1.901
SPIN 3 5 13 0 5.725 -0.498 1.404
SPIN 3 5 13 1 -0.075 5.721 1.505
SPIN 3 5 13 2 2.395 0.291 5.402
SPIN 3 5 13 3 -2.385 -1.631 -5.162
SPIN 3 5 13 4 -2.047 3.352 4.424
SPIN 3 5 13 5 3.012 -1.641 4.820
SPIN 3 5 13 6 -5.412 2.105 -1.132
SPIN 3 5 13 7 5.775 1.052 -0.739
SPIN 3 5 13 8 -2.178 -5.050 2.180
SPIN 3 5 13 9 -3.345 4.545 1.777
SPIN 3 5 13 10 1.749 5.309 -1.938
SPIN 3 5 13 11 -4.585 -3.440 -1.462
SPIN 3 5 13 12 4.392 -3.076 2.498
SPIN 3 5 13 13 4.879 -1.651 -2.910
SPIN 3 5 13 14 2.533 3.218 -4.269
SPIN 3 5 13 15 4.386 -3.527 -1.824
SPIN 2 5 13 0 5.385 -2.430 -0.309
SPIN 2 5 13 1 -5.787 -0.250 -1.201
SPIN 2 5 13 2 -0.878 -4.639 -3.565
SPIN 2 5 13 3 -1.674 2.943 -4.851
SPIN 2 5 13 4 3.928 0.901 -4.331
SPIN 2 5 13 5 -0.117 -0.890 5.848
SPIN 2 5 13 6 3.970 2.964 -3.234
SPIN 2 5 13 7 -0.528 -0.665 -5.855
SPIN 2 5 13 8 5.409 -0.718 2.287
SPIN 2 5 13 9 -1.671 -4.797 -3.032
SPIN 2 5 13 10 1.964 2.595 -4.940
SPIN 2 5 13 11 -5.095 -2.366 1.857
SPIN 2 5 13 12 -1.362 4.428 -3.679
SPIN 2 5 13 13 0.013 5.776 -1.278
SPIN 2 5 13 14 -1.198 0.884 5.726
SPIN 2 5 13 15 -3.202 4.905 0.833
SPIN 3 5 14 0 -1.936 5.335 -1.669
SPIN 3 5 14 1 1.652 0.559 5.653
SPIN 3 5 14 2 2.690 5.268 -0.104
SPIN 3 5 14 3 -3.734 3.394 3.088
SPIN 3 5 14 4 4.402 -1.992 -3.415
SPIN 3 5 14 5 -5.643 1.181 1.327
SPIN 3 5 14 6 3.444 3.549 -3.247
SPIN 3 5 14 7 0.722 -0.163 5.870
SPIN 3 5 14 8 2.238 -5.444 -0.595
SPIN 3 5 14 9 -3.093 2.026 4.618
SPIN 3 5 14 10 -3.994 1.215 4.192
SPIN 3 5 14 11 2.377 4.627 2.818
SPIN 3 5 14 12 5.108 -2.882 -0.779
SPIN 3 5 14 13 1.680 3.979 -4.042
SPIN 3 5 14 14 -2.006 0.049 -5.566
SPIN 3 5 14 15 -3.390 -1.306 4.669
SPIN 2 5 14 0 -2.283 5.436 -0.493
SPIN 2 5 14 1 3.966 0.270 4.381
SPIN 2 5 14 2 1.052 1.481 5.630
SPIN 2 5 14 3 -3.059 3.664 3.495
SPIN 2 5 14 4 2.999 -3.904 -3.281
SPIN 2 5 14 5 -1.525 -0.308 5.708
SPIN 2 5 14 6 1.327 -4.743 3.278
SPIN 2 5 14 7 -1.122 -5.776 0.616
SPIN 2 5 14 8 -2.205 4.302 -3.410
SPIN 2 5 14 9 -2.957 3.880 3.346
SPIN 2 5 14 10 2.753 -4.024 3.351
SPIN 2 5 14 11 4.922 2.598 -2.006
SPIN 2 5 14 12 4.630 2.053 3.058
SPIN 2 5 14 13 0.974 -4.314 3.929
SPIN 2 5 14 14 -2.162 4.191 3.573
SPIN 2 5 14 15 -2.418 -0.735 5.349
SPIN 3 5 15 0 0.553 5.585 1.871
SPIN 3 5 15 1 -0.758 2.729 -5.194
SPIN 3 5 15 2 3.128 -2.370 4.427
SPIN 3 5 15 3 -1.053 -5.819 -0.161
SPIN 3 5 15 4 2.250 4.747 2.722
SPIN 3 5 15 5 4.001 -3.731 -2.252
SPIN 3 5 15 6 -5.591 0.549 1.853
SPIN 3 5 15 7 5.691 -1.582 0.339
SPIN 3 5 15 8 2.666 3.271 -4.147
SPIN 3 5 15 9 4.456 1.000 -3.761
SPIN 3 5 15 10 -0.157 5.334 2.555
SPIN 3 5 15 11 5.696 -1.524 -0.478
SPIN 3 5 15 12 -3.464 -3.557 3.218
SPIN 3 5 15 13 2.601 -4.892 2.075
SPIN 3 5 15 14 5.780 -1.248 -0.193
SPIN 3 5 15 15 -0.109 1.703 -5.665
SPIN 2 5 15 0 2.791 -5.124 -0.977
SPIN 2 5 15 1 -4.536 -3.789 -0.261
SPIN 2 5 15 2 -4.411 2.397 -3.131
SPIN 2 5 15 3 -3.212 1.259 -4.806
SPIN 2 5 15 4 -0.742 1.796 5.588
SPIN 2 5 15 5 -0.603 -5.572 -1.894
SPIN 2 5 15 6 2.603 4.373 -3.017
SPIN 2 5 15 7 0.007 5.524 2.117
SPIN 2 5 15 8 -0.937 4.257 4.000
SPIN 2 5 15 9 -0.268 5.910 0.020
SPIN 2 5 15 10 -3.705 4.567 -0.647
SPIN 2 5 15 11 4.137 -3.105 -2.871
SPIN 2 5 15 12 -2.456 -1.077 5.273
SPIN 2 5 15 13 2.152 5.414 -1.029
SPIN 2 5 15 14 -3.097 -3.004 4.048
SPIN 2 5 15 15 5.040 -2.364 2.002
SPIN 1 6 0 0 4.862 3.328 0.538
SPIN 1 6 0 1 -2.697 4.914 -1.893
SPIN 1 6 0 2 -4.814 -1.514 3.088
SPIN 1 6 0 3 2.953 -0.406 -5.110
SPIN 1 6 0 4 -5.360 -2.487 -0.288
SPIN 1 6 0 5 4.650 2.029 -3.043
SPIN 1 6 0 6 5.338 -0.842 2.407
SPIN 1 6 0 7 -4.253 -2.293 -3.413
SPIN 1 6 0 8 4.311 -2.587 3.117
SPIN 1 6 0 9 2.389 0.215 -5.408
SPIN 1 6 0 10 -5.023 1.729 2.603
SPIN 1 6 0 11 1.939 4.262 3.617
SPIN 1 6 0 12 -1.577 -5.083 -2.585
SPIN 1 6 0 13 -3.683 -4.619 -0.313
SPIN 1 6 0 14 -0.051 -3.468 -4.793
SPIN 1 6 0 15 -0.192 -4.531 -3.799
SPIN 4 6 0 0 -4.164 0.630 -4.155
SPIN 4 6 0 1 -4.632 -2.692 2.510
SPIN 4 6 0 2 -4.014 3.563 -2.489
SPIN 4 6 0 3 -1.280 -0.090 5.775
SPIN 4 6 0 4 2.672 2.992 -4.348
SPIN 4 6 0 5 -4.258 -1.963 3.608
SPIN 4 6 0 6 0.566 2.328 -5.409
SPIN 4 6 0 7 -2.322 -0.827 5.378
SPIN 4 6 0 8 -4.558 0.886 3.666
SPIN 4 6 0 9 4.770 -3.196 -1.426
SPIN 4 6 0 10 0.703 3.582 -4.656
SPIN 4 6 0 11 -4.269 2.063 3.538
SPIN 4 6 0 12 2.656 2.032 -4.880
SPIN 4 6 0 13 -5.096 1.348 2.686
SPIN 4 6 0 14 -2.984 3.265 -3.928
SPIN 4 6 0 15 -0.829 4.486 3.766
SPIN 1 6 1 0 -2.720 -4.543 -2.638
SPIN 1 6 1 1 -4.228 -1.846 -3.703
SPIN 1 6 1 2 0.051 -3.751 4.575
SPIN 1 6 1 3 -4.489 3.647 -1.245
SPIN 1 6 1 4 -3.324 4.643 1.548
SPIN 1 6 1 5 -1.954 -0.789 -5.528
SPIN 1 6 1 6 0.040 0.435 5.900
SPIN 1 6 1 7 2.737 -0.945 -5.159
SPIN 1 6 1 8 -0.141 4.758 -3.513
SPIN 1 6 1 9 0.449 -3.803 -4.509
SPIN 1 6 1 10 -0.907 1.303 5.699
SPIN 1 6 1 11 4.482 -1.416 -3.593
SPIN 1 6 1 12 -5.050 -0.776 2.982
SPIN 1 6 1 13 1.207 -1.349 5.632
SPIN 1 6 1 14 1.474 -1.244 -5.593
SPIN 1 6 1 15 2.020 4.909 2.612
SPIN 4 6 1 0 -5.237 -2.736 -0.292
SPIN 4 6 1 1 -2.357 -1.605 5.183
SPIN 4 6 1 2 -4.795 -0.661 -3.401
SPIN 4 6 1 3 5.819 -0.606 -0.877
SPIN 4 6 1 4 1.729 -3.519 4.430
SPIN 4 6 1 5 3.625 3.522 -3.075
SPIN 4 6 1 6 -0.734 3.586 4.648
SPIN 4 6 1 7 -5.158 2.850 0.522
SPIN 4 6 1 8 -0.198 2.055 5.544
SPIN 4 6 1 9 -0.748 5.848 -0.496
SPIN 4 6 1 10 3.151 -0.001 5.007
SPIN 4 6 1 11 4.664 -1.354 -3.378
SPIN 4 6 1 12 -2.963 -3.434 3.799
SPIN 4 6 1 13 3.179 4.764 1.483
SPIN 4 6 1 14 3.349 -4.476 -1.935
SPIN 4 6 1 15 1.903 -5.269 1.901
SPIN 1 6 2 0 -2.343 -5.152 1.722
SPIN 1 6 2 1 3.565 -4.005 -2.500
SPIN 1 6 2 2 -1.760 4.802 2.973
SPIN 1 6 2 3 5.172 -1.240 2.591
SPIN 1 6 2 4 4.995 -1.669 2.695
SPIN 1 6 2 5 4.881 3.199 0.972
SPIN 1 6 2 6 -2.829 1.199 -5.055
SPIN 1 6 2 7 -4.280 4.061 -0.434
SPIN 1 6 2 8 2.975 -4.865 1.573
SPIN 1 6 2 9 0.710 5.847 -0.555
SPIN 1 6 2 10 -0.194 -5.685 1.627
SPIN 1 6 2 11 -2.009 4.296 -3.537
SPIN 1 6 2 12 5.257 -0.683 2.626
SPIN 1 6 2 13 3.149 3.817 -3.242
SPIN 1 6 2 14 -2.964 -2.442 4.500
SPIN 1 6 2 15 5.585 1.672 -1.006
SPIN 4 6 2 0 5.754 1.331 -0.347
SPIN 4 6 2 1 -1.339 4.278 -3.860
SPIN 4 6 2 2 5.593 1.213 -1.499
SPIN 4 6 2 3 -5.532 -1.338 1.615
SPIN 4 6 2 4 2.925 3.446 -3.817
SPIN 4 6 2 5 3.010 4.731 1.886
SPIN 4 6 2 6 4.824 -3.342 -0.751
SPIN 4 6 2 7 0.801 2.284 5.398
SPIN 4 6 2 8 -4.110 -3.959 -1.560
SPIN 4 6 2 9 -2.869 3.846 3.460
SPIN 4 6 2 10 -3.415 3.346 -3.485
SPIN 4 6 2 11 -2.659 -2.685 4.552
SPIN 4 6 2 12 3.674 4.339 -1.636
SPIN 4 6 2 13 -1.567 2.923 -4.899
SPIN 4 6 2 14 -1.876 -1.562 -5.389
SPIN 4 6 2 15 -4.041 3.501 -2.533
SPIN 1 6 3 0 4.550 -3.136 2.113
SPIN 1 6 3 1 -0.010 5.494 2.195
SPIN 1 6 3 2 -0.724 -5.591 1.795
SPIN 1 6 3 3 -1.155 3.835 -4.354
SPIN 1 6 3 4 -1.250 5.254 -2.415
SPIN 1 6 3 5 -1.850 4.360 -3.545
SPIN 1 6 3 6 1.367 -3.917 4.217
SPIN 1 6 3 7 2.705 3.559 -3.876
SPIN 1 6 3 8 1.240 4.689 -3.387
SPIN 1 6 3 9 5.907 0.020 -0.335
SPIN 1 6 3 10 1.668 3.703 4.302
SPIN 1 6 3 11 3.816 4.136 -1.827
SPIN 1 6 3 12 -4.731 -3.334 -1.226
SPIN 1 6 3 13 -4.844 -3.373 -0.400
SPIN 1 6 3 14 -2.926 4.497 -2.493
SPIN 1 6 3 15 1.019 -5.641 -1.463
SPIN 4 6 3 0 2.829 -2.389 -4.614
SPIN 4 6 3 1 -4.567 -0.775 3.680
SPIN 4 6 3 2 -2.360 4.621 2.843
SPIN 4 6 3 3 4.233 -0.964 -4.019
SPIN 4 6 3 4 4.209 -3.482 -2.272
SPIN 4 6 3 5 2.751 -1.760 4.933
SPIN 4 6 3 6 -0.220 5.465 2.254
SPIN 4 6 3 7 -4.360 0.101 -3.998
SPIN 4 6 3 8 2.318 4.783 -2.598
SPIN 4 6 3 9 -1.955 0.564 5.555
SPIN 4 6 3 10 -5.661 1.130 1.296
SPIN 4 6 3 11 -2.393 -3.672 -3.974
SPIN 4 6 3 12 -5.820 -0.518 0.930
SPIN 4 6 3 13 3.079 3.356 3.776
SPIN 4 6 3 14 0.362 4.072 4.276
SPIN 4 6 3 15 1.731 -5.615 -0.693
SPIN 1 6 4 0 3.926 -2.113 3.889
SPIN 1 6 4 1 -4.773 -1.832 -2.977
SPIN 1 6 4 2 -4.470 -3.425 1.813
SPIN 1 6 4 3 -3.440 -0.235 4.807
SPIN 1 6 4 4 -4.333 4.025 -0.154
SPIN 1 6 4 5 0.566 -5.848 -0.692
SPIN 1 6 4 6 -5.254 2.098 -1.730
SPIN 1 6 4 7 -1.232 -5.557 1.613
SPIN 1 6 4 8 1.865 0.213 5.610
SPIN 1 6 4 9 -5.801 -0.793 0.847
SPIN 1 6 4 10 5.815 0.489 -0.976
SPIN 1 6 4 11 3.904 2.317 3.793
SPIN 1 6 4 12 -2.958 4.007 3.193
SPIN 1 6 4 13 -3.587 -3.115 -3.526
SPIN 1 6 4 14 4.535 -3.562 1.322
SPIN 1 6 4 15 2.377 5.329 -0.975
SPIN 4 6 4 0 -5.328 -2.515 -0.539
SPIN 4 6 4 1 5.401 -0.651 -2.325
SPIN 4 6 4 2 1.564 -4.962 2.816
SPIN 4 6 4 3 1.029 5.330 -2.352
SPIN 4 6 4 4 -2.071 -5.041 -2.302
SPIN 4 6 4 5 -0.542 2.561 -5.306
SPIN 4 6 4 6 -2.844 -3.789 -3.544
SPIN 4 6 4 7 5.072 -1.661 -2.553
SPIN 4 6 4 8 -2.750 4.216 -3.109
SPIN 4 6 4 9 -4.619 1.210 -3.492
SPIN 4 6 4 10 -1.940 0.848 -5.524
SPIN 4 6 4 11 -3.770 3.232 -3.216
SPIN 4 6 4 12 -3.295 -2.952 3.928
SPIN 4 6 4 13 3.173 4.992 -0.108
SPIN 4 6 4 14 1.672 -1.492 5.475
SPIN 4 6 4 15 1.304 5.348 2.168
SPIN 1 6 5 0 0.075 5.911 0.238
SPIN 1 6 5 1 -5.177 -0.782 2.754
SPIN 1 6 5 2 -3.153 5.005 -0.102
SPIN 1 6 5 3 5.415 1.487 1.863
SPIN 1 6 5 4 4.900 -1.913 -2.708
SPIN 1 6 5 5 -0.387 4.976 3.176
SPIN 1 6 5 6 -3.198 -4.959 0.423
SPIN 1 6 5 7 5.345 -2.397 0.832
SPIN 1 6 5 8 2.275 -3.734 -3.985
SPIN 1 6 5 9 -2.609 -4.229 3.210
SPIN 1 6 5 10 1.096 5.797 -0.437
SPIN 1 6 5 11 1.077 -0.945 5.740
SPIN 1 6 5 12 5.178 2.416 -1.533
SPIN 1 6 5 13 0.283 3.239 -4.943
SPIN 1 6 5 14 0.311 -0.394 -5.895
SPIN 1 6 5 15 -1.983 -5.536 0.647
SPIN 4 6 5 0 3.988 2.397 -3.653
SPIN 4 6 5 1 -1.692 -2.996 -4.813
SPIN 4 6 5 2 -3.808 -2.601 3.706
SPIN 4 6 5 3 3.679 0.386 4.617
SPIN 4 6 5 4 -1.144 4.917 3.085
SPIN 4 6 5 5 4.581 -3.642 -0.863
SPIN 4 6 5 6 2.614 5.156 -1.259
SPIN 4 6 5 7 2.245 -3.468 -4.235
SPIN 4 6 5 8 -3.782 4.097 -1.977
SPIN 4 6 5 9 4.716 -3.570 0.086
SPIN 4 6 5 10 4.921 3.150 -0.928
SPIN 4 6 5 11 -4.541 3.545 -1.348
SPIN 4 6 5 12 -1.343 -4.436 -3.677
SPIN 4 6 5 13 1.726 -0.663 5.620
SPIN 4 6 5 14 5.532 -1.653 -1.291
SPIN 4 6 5 15 -1.031 -5.825 0.078
SPIN 1 6 6 0 -0.402 2.824 5.183
SPIN 1 6 6 1 4.632 3.646 0.506
SPIN 1 6 6 2 0.178 -5.245 -2.730
SPIN 1 6 6 3 4.851 -0.296 -3.374
SPIN 1 6 6 4 0.798 0.260 -5.856
SPIN 1 6 6 5 4.690 -3.507 -0.840
SPIN 1 6 6 6 -0.440 -2.574 -5.309
SPIN 1 6 6 7 -1.277 5.746 -0.596
SPIN 1 6 6 8 -3.046 -0.188 5.068
SPIN 1 6 6 9 -1.888 4.361 -3.524
SPIN 1 6 6 10 -3.172 -0.581 4.960
SPIN 1 6 6 11 2.015 2.560 -4.938
SPIN 1 6 6 12 0.870 1.250 5.717
SPIN 1 6 6 13 1.785 -2.023 -5.265
SPIN 1 6 6 14 0.655 3.395 -4.801
SPIN 1 6 6 15 -1.130 5.594 -1.559
SPIN 4 6 6 0 0.489 -5.885 -0.358
SPIN 4 6 6 1 0.214 0.343 -5.902
SPIN 4 6 6 2 2.694 -4.291 3.053
SPIN 4 6 6 3 0.386 1.192 -5.782
SPIN 4 6 6 4 -2.465 -4.827 -2.372
SPIN 4 6 6 5 -0.052 1.888 5.607
SPIN 4 6 6 6 1.332 -5.689 0.928
SPIN 4 6 6 7 5.229 0.296 2.751
SPIN 4 6 6 8 -3.757 -3.926 -2.340
SPIN 4 6 6 9 -1.977 3.568 -4.285
SPIN 4 6 6 10 -3.136 -5.006 0.314
SPIN 4 6 6 11 5.335 -1.754 -1.859
SPIN 4 6 6 12 3.169 3.343 3.713
SPIN 4 6 6 13 2.450 -4.122 3.465
SPIN 4 6 6 14 -1.848 -4.889 2.772
SPIN 4 6 6 15 0.336 1.706 -5.655
SPIN 1 6 7 0 -3.914 -2.155 -3.878
SPIN 1 6 7 1 1.434 -5.663 0.933
SPIN 1 6 7 2 -3.608 0.270 4.680
SPIN 1 6 7 3 1.225 5.695 1.032
SPIN 1 6 7 4 -2.081 1.866 5.214
SPIN 1 6 7 5 -4.001 0.695 4.302
SPIN 1 6 7 6 -4.801 -0.887 -3.341
SPIN 1 6 7 7 3.054 -2.967 -4.108
SPIN 1 6 7 8 0.772 5.835 -0.594
SPIN 1 6 7 9 -3.142 4.526 -2.155
SPIN 1 6 7 10 5.260 -1.216 -2.420
SPIN 1 6 7 11 3.342 -0.044 4.882
SPIN 1 6 7 12 -5.677 0.479 -1.596
SPIN 1 6 7 13 -4.551 -3.550 1.298
SPIN 1 6 7 14 2.146 4.946 2.435
SPIN 1 6 7 15 1.497 5.702 -0.495
SPIN 4 6 7 0 -1.095 3.852 -4.354
SPIN 4 6 7 1 0.269 -4.619 3.686
SPIN 4 6 7 2 5.878 0.512 -0.437
SPIN 4 6 7 3 1.873 0.366 5.600
SPIN 4 6 7 4 5.592 -0.410 -1.887
SPIN 4 6 7 5 -4.687 2.390 2.705
SPIN 4 6 7 6 -2.610 -3.272 -4.181
SPIN 4 6 7 7 4.565 2.966 2.315
SPIN 4 6 7 8 4.005 1.511 -4.084
SPIN 4 6 7 9 5.390 0.505 2.386
SPIN 4 6 7 10 -1.340 3.564 -4.528
SPIN 4 6 7 11 -4.206 3.875 -1.515
SPIN 4 6 7 12 5.129 1.281 -2.656
SPIN 4 6 7 13 -3.813 -4.282 1.456
SPIN 4 6 7 14 -3.202 2.649 -4.211
SPIN 4 6 7 15 -4.686 0.979 3.476
SPIN 1 6 8 0 4.641 1.369 3.405
SPIN 1 6 8 1 5.915 0.076 -0.049
SPIN 1 6 8 2 -4.405 3.688 -1.413
SPIN 1 6 8 3 -1.325 -4.402 3.724
SPIN 1 6 8 4 -4.419 -2.407 -3.112
SPIN 1 6 8 5 -5.758 1.130 -0.754
SPIN 1 6 8 6 2.283 -5.259 -1.458
SPIN 1 6 8 7 5.388 -1.753 1.703
SPIN 1 6 8 8 -4.941 -2.461 2.129
SPIN 1 6 8 9 -4.836 -3.203 -1.164
SPIN 1 6 8 10 3.276 -1.015 4.821
SPIN 1 6 8 11 0.430 5.189 -2.809
SPIN 1 6 8 12 4.792 -3.438 -0.470
SPIN 1 6 8 13 -4.060 0.212 -4.298
SPIN 1 6 8 14 5.139 0.216 2.924
SPIN 1 6 8 15 -2.930 -4.228 -2.923
SPIN 4 6 8 0 5.455 -1.844 -1.357
SPIN 4 6 8 1 4.902 -0.635 -3.251
SPIN 4 6 8 2 -3.486 -3.437 -3.322
SPIN 4 6 8 3 -2.339 -3.387 -4.250
SPIN 4 6 8 4 1.661 2.848 4.912
SPIN 4 6 8 5 -4.128 -1.685 3.888
SPIN 4 6 8 6 3.869 0.967 4.370
SPIN 4 6 8 7 2.708 4.491 2.737
SPIN 4 6 8 8 0.264 5.768 1.290
SPIN 4 6 8 9 -5.710 -1.143 1.043
SPIN 4 6 8 10 -0.297 1.225 -5.780
SPIN 4 6 8 11 -0.358 -1.386 5.740
SPIN 4 6 8 12 -3.361 4.709 -1.236
SPIN 4 6 8 13 2.022 2.350 5.039
SPIN 4 6 8 14 -0.244 5.783 -1.222
SPIN 4 6 8 15 4.533 -1.419 -3.527
SPIN 1 6 9 0 2.558 0.805 -5.273
SPIN 1 6 9 1 -1.229 0.076 5.786
SPIN 1 6 9 2 5.265 -2.475 -1.074
SPIN 1 6 9 3 -3.904 -3.985 1.970
SPIN 1 6 9 4 -2.807 5.171 -0.616
SPIN 1 6 9 5 -3.981 -3.653 -2.411
SPIN 1 6 9 6 3.000 -2.261 -4.570
SPIN 1 6 9 7 -5.490 -1.937 -1.052
SPIN 1 6 9 8 4.450 3.301 2.074
SPIN 1 6 9 9 -0.559 3.267 -4.900
SPIN 1 6 9 10 -4.606 -0.559 -3.670
SPIN 1 6 9 11 -2.040 -1.752 5.270
SPIN 1 6 9 12 5.404 1.931 1.440
SPIN 1 6 9 13 -2.933 1.334 4.962
SPIN 1 6 9 14 -4.825 0.840 3.318
SPIN 1 6 9 15 0.798 -4.178 -4.112
SPIN 4 6 9 0 -5.772 -0.122 1.292
SPIN 4 6 9 1 -4.747 -0.125 -3.528
SPIN 4 6 9 2 3.720 3.154 -3.349
SPIN 4 6 9 3 1.797 -2.108 -5.228
SPIN 4 6 9 4 -4.425 3.459 1.859
SPIN 4 6 9 5 0.038 4.679 3.620
SPIN 4 6 9 6 -4.169 -3.457 2.382
SPIN 4 6 9 7 -0.715 5.617 1.715
SPIN 4 6 9 8 1.454 -2.513 -5.155
SPIN 4 6 9 9 0.762 0.038 5.867
SPIN 4 6 9 10 0.136 -4.768 -3.500
SPIN 4 6 9 11 -3.618 2.183 -4.141
SPIN 4 6 9 12 4.832 -0.064 3.412
SPIN 4 6 9 13 -1.224 -3.410 -4.677
SPIN 4 6 9 14 -4.647 3.631 -0.469
SPIN 4 6 9 15 5.125 2.498 1.577
SPIN 1 6 10 0 4.697 -1.691 -3.176
SPIN 1 6 10 1 -0.969 5.195 -2.659
SPIN 1 6 10 2 -3.419 -2.081 -4.357
SPIN 1 6 10 3 -2.083 4.890 2.599
SPIN 1 6 10 4 3.507 -3.182 3.545
SPIN 1 6 10 5 3.944 3.711 -2.382
SPIN 1 6 10 6 5.194 2.687 0.895
SPIN 1 6 10 7 -2.967 -3.434 3.796
SPIN 1 6 10 8 -0.034 -2.479 5.371
SPIN 1 6 10 9 0.167 -0.608 -5.882
SPIN 1 6 10 10 3.187 -3.954 3.035
SPIN 1 6 10 11 -4.762 -2.397 -2.565
SPIN 1 6 10 12 -3.794 -3.650 2.699
SPIN 1 6 10 13 5.563 1.714 -1.054
SPIN 1 6 10 14 -1.356 1.292 5.612
SPIN 1 6 10 15 -5.556 1.912 -0.689
SPIN 4 6 10 0 3.860 3.429 2.888
SPIN 4 6 10 1 -1.359 -5.126 2.622
SPIN 4 6 10 2 -0.397 5.732 -1.411
SPIN 4 6 10 3 -3.318 3.817 3.070
SPIN 4 6 10 4 5.320 -2.468 -0.777
SPIN 4 6 10 5 -4.414 -2.013 3.386
SPIN 4 6 10 6 5.348 -2.528 0.061
SPIN 4 6 10 7 0.307 2.091 -5.526
SPIN 4 6 10 8 5.484 1.775 1.331
SPIN 4 6 10 9 -0.293 1.059 -5.813
SPIN 4 6 10 10 -3.983 3.999 1.772
SPIN 4 6 10 11 4.054 1.691 -3.963
SPIN 4 6 10 12 3.665 -4.638 -0.239
SPIN 4 6 10 13 -2.162 1.582 5.275
SPIN 4 6 10 14 -1.856 -5.596 -0.491
SPIN 4 6 10 15 0.477 5.896 -0.061
SPIN 1 6 11 0 -4.649 -1.844 -3.160
SPIN 1 6 11 1 -1.856 -5.247 -2.005
SPIN 1 6 11 2 0.089 -0.587 5.886
SPIN 1 6 11 3 -4.850 -1.927 -2.787
SPIN 1 6 11 4 5.658 1.540 0.782
SPIN 1 6 11 5 -3.173 4.791 -1.408
SPIN 1 6 11 6 -0.648 -4.126 4.190
SPIN 1 6 11 7 0.589 5.470 -2.175
SPIN 1 6 11 8 5.441 0.064 2.323
SPIN 1 6 11 9 2.139 3.544 4.226
SPIN 1 6 11 10 -1.280 -0.756 -5.726
SPIN 1 6 11 11 -2.106 2.152 5.093
SPIN 1 6 11 12 -4.233 0.291 -4.123
SPIN 1 6 11 13 0.881 4.216 -4.056
SPIN 1 6 11 14 -4.738 3.543 -0.051
SPIN 1 6 11 15 -2.140 -0.412 5.500
SPIN 4 6 11 0 -2.105 -1.702 -5.260
SPIN 4 6 11 1 -1.584 5.557 -1.271
SPIN 4 6 11 2 2.171 -5.049 -2.189
SPIN 4 6 11 3 3.807 -2.343 3.875
SPIN 4 6 11 4 -5.578 0.396 1.932
SPIN 4 6 11 5 0.741 -5.776 1.046
SPIN 4 6 11 6 -5.494 1.276 1.785
SPIN 4 6 11 7 1.973 3.950 -3.937
SPIN 4 6 11 8 2.761 -5.210 0.485
SPIN 4 6 11 9 -5.171 -2.819 0.563
SPIN 4 6 11 10 5.551 1.408 -1.485
SPIN 4 6 11 11 -5.536 0.559 -2.011
SPIN 4 6 11 12 0.989 -5.744 -1.011
SPIN 4 6 11 13 5.665 -0.874 -1.463
SPIN 4 6 11 14 2.524 -1.468 5.145
SPIN 4 6 11 15 -0.501 4.367 3.960
SPIN 1 6 12 0 0.079 2.295 -5.452
SPIN 1 6 12 1 5.202 2.488 1.320
SPIN 1 6 12 2 3.412 -4.821 0.346
SPIN 1 6 12 3 -4.961 0.628 -3.162
SPIN 1 6 12 4 -4.876 -1.428 3.031
SPIN 1 6 12 5 1.565 -5.035 -2.684
SPIN 1 6 12 6 -0.547 5.876 0.411
SPIN 1 6 12 7 -4.968 -2.349 -2.190
SPIN 1 6 12 8 -0.451 5.884 -0.416
SPIN 1 6 12 9 3.524 -2.091 -4.267
SPIN 1 6 12 10 -3.219 -2.605 4.225
SPIN 1 6 12 11 -1.856 5.398 -1.556
SPIN 1 6 12 12 5.315 2.587 0.249
SPIN 1 6 12 13 -4.264 1.290 -3.892
SPIN 1 6 12 14 4.514 1.094 3.664
SPIN 1 6 12 15 -2.471 -4.403 3.084
SPIN 4 6 12 0 5.892 0.512 -0.166
SPIN 4 6 12 1 2.634 -2.549 -4.644
SPIN 4 6 12 2 -5.882 0.059 -0.635
SPIN 4 6 12 3 1.866 -2.326 -5.110
SPIN 4 6 12 4 3.482 3.435 3.328
SPIN 4 6 12 5 0.371 -5.804 -1.087
SPIN 4 6 12 6 4.904 -1.104 3.120
SPIN 4 6 12 7 4.444 -3.823 -0.795
SPIN 4 6 12 8 -0.793 3.891 -4.385
SPIN 4 6 12 9 -3.373 -0.769 4.799
SPIN 4 6 12 10 3.971 -1.379 4.163
SPIN 4 6 12 11 2.438 -4.729 -2.587
SPIN 4 6 12 12 -0.658 -2.904 -5.112
SPIN 4 6 12 13 -4.449 -2.379 3.089
SPIN 4 6 12 14 -4.581 0.588 -3.697
SPIN 4 6 12 15 -2.231 0.987 5.390
SPIN 1 6 13 0 5.741 0.065 1.429
SPIN 1 6 13 1 -2.033 -2.573 -4.924
SPIN 1 6 13 2 -2.958 -4.234 -2.885
SPIN 1 6 13 3 -1.072 -3.488 4.657
SPIN 1 6 13 4 1.694 -4.833 -2.962
SPIN 1 6 13 5 -5.696 -1.592 -0.136
SPIN 1 6 13 6 4.258 -3.368 -2.350
SPIN 1 6 13 7 -0.622 -5.876 -0.297
SPIN 1 6 13 8 1.171 -3.517 -4.611
SPIN 1 6 13 9 4.450 3.861 0.540
SPIN 1 6 13 10 -1.736 -0.046 -5.655
SPIN 1 6 13 11 2.611 -1.927 4.947
SPIN 1 6 13 12 1.837 4.358 -3.554
SPIN 1 6 13 13 -1.064 2.105 -5.426
SPIN 1 6 13 14 -0.263 -5.896 -0.410
SPIN 1 6 13 15 -0.124 5.055 -3.070
SPIN 4 6 13 0 -5.619 1.479 1.114
SPIN 4 6 13 1 -5.423 2.356 -0.193
SPIN 4 6 13 2 -2.181 -5.488 -0.354
SPIN 4 6 13 3 3.342 3.410 3.493
SPIN 4 6 13 4 -0.753 -1.429 -5.691
SPIN 4 6 13 5 -0.414 4.823 3.401
SPIN 4 6 13 6 -4.779 -3.138 -1.522
SPIN 4 6 13 7 -3.493 1.493 4.536
SPIN 4 6 13 8 -5.352 -1.096 2.270
SPIN 4 6 13 9 3.554 -4.586 -1.157
SPIN 4 6 13 10 -2.583 1.873 4.982
SPIN 4 6 13 11 0.027 4.451 3.897
SPIN 4 6 13 12 -0.827 0.226 5.854
SPIN 4 6 13 13 -0.791 0.457 -5.845
SPIN 4 6 13 14 4.636 -3.447 -1.275
SPIN 4 6 13 15 -5.245 -2.375 1.360
SPIN 1 6 14 0 -4.511 -1.758 -3.400
SPIN 1 6 14 1 4.092 4.042 -1.384
SPIN 1 6 14 2 -3.980 4.056 1.647
SPIN 1 6 14 3 -1.786 -3.462 -4.453
SPIN 1 6 14 4 -0.101 -3.626 4.674
SPIN 1 6 14 5 -3.971 -0.808 -4.310
SPIN 1 6 14 6 -5.372 2.474 0.162
SPIN 1 6 14 7 4.013 -1.064 4.214
SPIN 1 6 14 8 -2.364 -0.683 -5.380
SPIN 1 6 14 9 -5.806 -0.051 -1.133
SPIN 1 6 14 10 -3.984 -2.953 3.226
SPIN 1 6 14 11 -1.714 -1.757 -5.383
SPIN 1 6 14 12 -3.943 2.136 3.858
SPIN 1 6 14 13 -2.078 -3.637 4.178
SPIN 1 6 14 14 3.075 4.612 2.067
SPIN 1 6 14 15 -0.403 5.428 -2.319
SPIN 4 6 14 0 5.838 0.925 0.237
SPIN 4 6 14 1 -5.360 1.291 -2.147
SPIN 4 6 14 2 2.392 -0.085 -5.410
SPIN 4 6 14 3 -3.729 -0.391 -4.576
SPIN 4 6 14 4 -3.121 -3.628 3.479
SPIN 4 6 14 5 3.610 0.044 4.687
SPIN 4 6 14 6 -1.348 -5.669 1.021
SPIN 4 6 14 7 -4.734 3.533 0.322
SPIN 4 6 14 8 1.170 -5.793 -0.267
SPIN 4 6 14 9 2.069 5.387 -1.304
SPIN 4 6 14 10 2.364 4.577 2.908
SPIN 4 6 14 11 -3.382 0.526 4.826
SPIN 4 6 14 12 -3.922 2.182 -3.855
SPIN 4 6 14 13 -2.660 4.954 1.840
SPIN 4 6 14 14 -1.577 -4.386 3.643
SPIN 4 6 14 15 0.549 1.922 5.568
SPIN 1 6 15 0 -4.733 -3.191 1.555
SPIN 1 6 15 1 -1.408 -3.308 4.699
SPIN 1 6 15 2 -3.793 -0.239 4.534
SPIN 1 6 15 3 1.848 3.048 4.722
SPIN 1 6 15 4 -1.863 4.863 -2.806
SPIN 1 6 15 5 -0.130 -1.694 5.667
SPIN 1 6 15 6 -3.552 4.674 0.730
SPIN 1 6 15 7 0.561 5.541 -1.997
SPIN 1 6 15 8 3.816 -3.630 -2.695
SPIN 1 6 15 9 0.282 1.576 5.695
SPIN 1 6 15 10 -4.114 -0.411 -4.232
SPIN 1 6 15 11 -4.340 -3.796 -1.324
SPIN 1 6 15 12 3.238 1.801 -4.612
SPIN 1 6 15 13 5.019 2.995 -0.916
SPIN 1 6 15 14 -2.147 0.958 5.429
SPIN 1 6 15 15 3.320 -3.859 3.014
SPIN 4 6 15 0 -3.788 1.056 4.420
SPIN 4 6 15 1 2.233 -5.457 -0.491
SPIN 4 6 15 2 -0.972 -0.989 -5.751
SPIN 4 6 15 3 1.419 4.066 4.056
SPIN 4 6 15 4 0.254 -5.246 2.722
SPIN 4 6 15 5 -0.235 5.784 -1.222
SPIN 4 6 15 6 -3.190 -4.952 -0.552
SPIN 4 6 15 7 -4.388 0.099 -3.967
SPIN 4 6 15 8 -4.174 3.100 2.823
SPIN 4 6 15 9 0.294 -4.136 -4.220
SPIN 4 6 15 10 5.129 -2.106 2.064
SPIN 4 6 15 11 1.824 -1.747 -5.350
SPIN 4 6 15 12 -3.262 -3.823 -3.122
SPIN 4 6 15 13 3.707 3.343 -3.176
SPIN 4 6 15 14 2.594 5.047 -1.674
SPIN 4 6 15 15 -3.326 -1.752 -4.568
SPIN 3 6 0 0 -1.702 4.190 -3.814
SPIN 3 6 0 1 0.127 -1.573 -5.702
SPIN 3 6 0 2 -2.121 4.870 2.604
SPIN 3 6 0 3 -3.602 1.134 -4.554
SPIN 3 6 0 4 1.945 -5.488 -1.051
SPIN 3 6 0 5 -5.393 -2.432 -0.016
SPIN 3 6 0 6 3.306 1.030 -4.797
SPIN 3 6 0 7 -3.248 -0.617 4.906
SPIN 3 6 0 8 -2.892 0.283 -5.153
SPIN 3 6 0 9 -5.308 -0.901 -2.453
SPIN 3 6 0 10 -4.987 2.921 -1.264
SPIN 3 6 0 11 4.595 -2.168 -3.031
SPIN 3 6 0 12 1.149 2.630 -5.173
SPIN 3 6 0 13 -4.495 -0.080 3.845
SPIN 3 6 0 14 -1.319 -5.037 2.809
SPIN 3 6 0 15 2.665 -5.248 -0.595
SPIN 2 6 0 0 5.804 0.014 -1.144
SPIN 2 6 0 1 -2.636 -5.131 1.316
SPIN 2 6 0 2 1.361 3.494 -4.576
SPIN 2 6 0 3 0.258 -1.462 5.727
SPIN 2 6 0 4 0.153 -3.259 -4.935
SPIN 2 6 0 5 5.541 1.385 1.541
SPIN 2 6 0 6 -2.483 5.192 -1.371
SPIN 2 6 0 7 5.901 -0.390 -0.159
SPIN 2 6 0 8 -2.838 5.068 1.125
SPIN 2 6 0 9 3.995 -0.058 4.363
SPIN 2 6 0 10 4.663 -1.563 3.289
SPIN 2 6 0 11 -1.919 -3.973 3.942
SPIN 2 6 0 12 -1.470 -5.693 0.655
SPIN 2 6 0 13 1.127 4.688 -3.429
SPIN 2 6 0 14 2.836 3.707 -3.635
SPIN 2 6 0 15 -3.718 -2.017 4.136
SPIN 3 6 1 0 0.119 -4.988 -3.179
SPIN 3 6 1 1 -1.254 5.498 1.790
SPIN 3 6 1 2 4.692 3.199 -1.660
SPIN 3 6 1 3 5.669 -1.659 0.337
SPIN 3 6 1 4 -3.075 0.183 5.051
SPIN 3 6 1 5 5.715 0.875 -1.254
SPIN 3 6 1 6 -3.267 3.076 3.856
SPIN 3 6 1 7 -0.060 1.993 5.570
SPIN 3 6 1 8 1.805 -5.249 2.048
SPIN 3 6 1 9 -4.723 3.177 -1.613
SPIN 3 6 1 10 3.459 -0.361 -4.786
SPIN 3 6 1 11 1.405 -2.686 5.080
SPIN 3 6 1 12 -3.147 -0.988 4.911
SPIN 3 6 1 13 3.175 -2.754 -4.163
SPIN 3 6 1 14 1.819 5.064 -2.459
SPIN 3 6 1 15 -4.791 -1.515 -3.124
SPIN 2 6 1 0 -1.654 4.718 3.163
SPIN 2 6 1 1 3.079 -1.762 -4.735
SPIN 2 6 1 2 -2.980 4.214 -2.892
SPIN 2 6 1 3 -0.252 4.598 -3.714
SPIN 2 6 1 4 2.155 -5.506 0.187
SPIN 2 6 1 5 -4.479 -0.056 3.864
SPIN 2 6 1 6 5.165 -1.581 2.412
SPIN 2 6 1 7 2.678 -2.108 4.836
SPIN 2 6 1 8 0.167 -5.822 -1.036
SPIN 2 6 1 9 1.338 -0.268 -5.756
SPIN 2 6 1 10 -2.470 5.252 1.148
SPIN 2 6 1 11 3.469 3.522 3.250
SPIN 2 6 1 12 -4.474 3.544 1.557
SPIN 2 6 1 13 -3.460 -3.795 -2.936
SPIN 2 6 1 14 0.471 -5.897 0.012
SPIN 2 6 1 15 5.174 -2.484 -1.434
SPIN 3 6 2 0 -4.611 -2.454 -2.779
SPIN 3 6 2 1 0.977 -5.471 2.029
SPIN 3 6 2 2 -1.409 5.668 0.942
SPIN 3 6 2 3 -4.053 2.147 -3.737
SPIN 3 6 2 4 -0.704 2.763 -5.184
SPIN 3 6 2 5 -5.877 0.516 -0.441
SPIN 3 6 2 6 0.887 -2.671 -5.204
SPIN 3 6 2 7 -4.863 -3.225 -0.975
SPIN 3 6 2 8 -4.014 3.191 -2.950
SPIN 3 6 2 9 2.947 5.116 0.376
SPIN 3 6 2 10 -4.399 -3.760 1.229
SPIN 3 6 2 11 -3.390 -2.241 -4.299
SPIN 3 6 2 12 0.241 -0.925 -5.838
SPIN 3 6 2 13 4.280 3.361 -2.320
SPIN 3 6 2 14 -4.582 -1.999 3.164
SPIN 3 6 2 15 -1.386 -5.738 0.399
SPIN 2 6 2 0 -3.118 -4.011 3.031
SPIN 2 6 2 1 3.992 1.366 4.147
SPIN 2 6 2 2 -0.400 -5.749 -1.340
SPIN 2 6 2 3 -5.238 0.175 2.745
SPIN 2 6 2 4 5.168 -1.659 -2.355
SPIN 2 6 2 5 5.835 0.240 -0.947
SPIN 2 6 2 6 -4.840 3.350 0.593
SPIN 2 6 2 7 1.656 -1.638 5.438
SPIN 2 6 2 8 1.157 4.468 3.701
SPIN 2 6 2 9 1.914 -4.700 -3.041
SPIN 2 6 2 10 -0.179 -0.179 -5.911
SPIN 2 6 2 11 -0.912 5.755 -1.023
SPIN 2 6 2 12 -3.845 -3.633 -2.649
SPIN 2 6 2 13 3.724 -1.109 4.461
SPIN 2 6 2 14 5.279 2.404 -1.165
SPIN 2 6 2 15 -3.263 -4.033 -2.843
SPIN 3 6 3 0 1.548 -2.612 5.078
SPIN 3 6 3 1 4.945 -3.209 -0.502
SPIN 3 6 3 2 3.377 -1.144 -4.721
SPIN 3 6 3 3 -4.840 -2.807 1.923
SPIN 3 6 3 4 1.396 -5.749 0.031
SPIN 3 6 3 5 1.558 4.126 -3.943
SPIN 3 6 3 6 0.557 -4.568 3.718
SPIN 3 6 3 7 -3.838 -2.240 3.905
SPIN 3 6 3 8 4.417 1.573 3.608
SPIN 3 6 3 9 -4.608 3.686 -0.420
SPIN 3 6 3 10 5.226 -2.764 -0.223
SPIN 3 6 3 11 -3.176 -4.109 -2.833
SPIN 3 6 3 12 3.091 2.690 4.267
SPIN 3 6 3 13 1.223 -1.802 -5.501
SPIN 3 6 3 14 -4.050 3.452 2.585
SPIN 3 6 3 15 3.016 4.543 -2.294
SPIN 2 6 3 0 1.711 2.172 -5.230
SPIN 2 6 3 1 4.371 2.379 -3.199
SPIN 2 6 3 2 1.844 -0.356 5.610
SPIN 2 6 3 3 4.664 0.411 -3.617
SPIN 2 6 3 4 1.280 5.434 1.958
SPIN 2 6 3 5 -3.325 -3.467 -3.454
SPIN 2 6 3 6 -5.262 -2.445 1.156
SPIN 2 6 3 7 -3.051 0.613 -5.031
SPIN 2 6 3 8 1.700 4.119 -3.891
SPIN 2 6 3 9 3.335 -4.871 0.396
SPIN 2 6 3 10 1.974 -5.482 1.026
SPIN 2 6 3 11 0.492 -2.339 -5.412
SPIN 2 6 3 12 3.695 1.673 4.307
SPIN 2 6 3 13 1.119 3.548 4.600
SPIN 2 6 3 14 -4.079 -0.913 -4.187
SPIN 2 6 3 15 5.550 1.839 -0.905
SPIN 3 6 4 0 -3.938 1.930 -3.971
SPIN 3 6 4 1 -3.402 -3.989 -2.741
SPIN 3 6 4 2 -5.749 0.786 1.156
SPIN 3 6 4 3 3.072 -3.728 -3.415
SPIN 3 6 4 4 -5.315 2.153 -1.455
SPIN 3 6 4 5 -0.360 1.514 -5.708
SPIN 3 6 4 6 0.267 2.818 5.195
SPIN 3 6 4 7 5.181 0.793 -2.743
SPIN 3 6 4 8 1.539 -2.466 -5.153
SPIN 3 6 4 9 -2.071 5.372 1.361
SPIN 3 6 4 10 5.088 -2.500 -1.693
SPIN 3 6 4 11 -5.148 2.788 0.852
SPIN 3 6 4 12 4.253 0.192 -4.108
SPIN 3 6 4 13 -2.415 1.318 5.237
SPIN 3 6 4 14 3.329 2.578 -4.156
SPIN 3 6 4 15 5.000 -2.974 1.076
SPIN 2 6 4 0 -4.796 -0.603 -3.411
SPIN 2 6 4 1 2.508 4.375 3.093
SPIN 2 6 4 2 -4.410 3.799 -1.056
SPIN 2 6 4 3 3.302 4.229 2.493
SPIN 2 6 4 4 1.562 -1.237 5.570
SPIN 2 6 4 5 4.699 3.230 -1.575
SPIN 2 6 4 6 4.303 -4.057 -0.166
SPIN 2 6 4 7 -2.579 -0.998 -5.230
SPIN 2 6 4 8 -1.530 -5.700 0.417
SPIN 2 6 4 9 -1.378 3.229 4.762
SPIN 2 6 4 10 0.125 3.135 -5.015
SPIN 2 6 4 11 4.402 -2.128 3.331
SPIN 2 6 4 12 0.186 3.040 -5.072
SPIN 2 6 4 13 -2.501 2.735 -4.611
SPIN 2 6 4 14 -2.601 -2.181 4.845
SPIN 2 6 4 15 -3.256 4.129 -2.710
SPIN 3 6 5 0 4.982 -0.989 3.034
SPIN 3 6 5 1 1.947 -5.451 1.222
SPIN 3 6 5 2 -5.002 2.462 -1.980
SPIN 3 6 5 3 -2.440 2.066 4.978
SPIN 3 6 5 4 0.673 -4.915 -3.223
SPIN 3 6 5 5 -5.724 -1.245 -0.828
SPIN 3 6 5 6 4.240 -0.584 4.084
SPIN 3 6 5 7 0.889 -0.631 5.815
SPIN 3 6 5 8 -2.730 4.850 2.006
SPIN 3 6 5 9 -0.432 -5.722 -1.438
SPIN 3 6 5 10 -4.875 1.601 2.945
SPIN 3 6 5 11 0.478 -2.662 -5.261
SPIN 3 6 5 12 -4.024 3.795 2.099
SPIN 3 6 5 13 -2.358 5.292 -1.196
SPIN 3 6 5 14 -2.164 -5.212 -1.775
SPIN 3 6 5 15 2.805 1.404 5.016
SPIN 2 6 5 0 -1.579 4.115 3.947
SPIN 2 6 5 1 0.909 3.214 4.883
SPIN 2 6 5 2 1.861 5.487 -1.196
SPIN 2 6 5 3 2.731 -3.028 -4.287
SPIN 2 6 5 4 -3.752 -3.828 -2.503
SPIN 2 6 5 5 0.529 0.382 -5.880
SPIN 2 6 5 6 -5.431 1.822 1.477
SPIN 2 6 5 7 -0.763 -4.056 4.239
SPIN 2 6 5 8 -1.838 -3.485 4.413
SPIN 2 6 5 9 4.800 -3.064 1.603
SPIN 2 6 5 10 -4.815 1.084 3.263
SPIN 2 6 5 11 0.384 -5.255 -2.690
SPIN 2 6 5 12 -2.827 -1.696 -4.913
SPIN 2 6 5 13 -0.739 -3.080 4.997
SPIN 2 6 5 14 -3.308 3.253 3.671
SPIN 2 6 5 15 5.068 1.454 -2.683
SPIN 3 6 6 0 -0.143 5.856 -0.831
SPIN 3 6 6 1 -1.616 1.545 5.477
SPIN 3 6 6 2 0.686 -3.777 4.502
SPIN 3 6 6 3 1.130 -5.210 2.564
SPIN 3 6 6 4 -5.230 0.437 2.731
SPIN 3 6 6 5 4.980 -0.108 3.192
SPIN 3 6 6 6 -1.657 -0.303 5.671
SPIN 3 6 6 7 -0.788 -2.073 -5.485
SPIN 3 6 6 8 -0.768 5.859 0.282
SPIN 3 6 6 9 3.016 2.646 4.347
SPIN 3 6 6 10 -0.044 3.822 -4.516
SPIN 3 6 6 11 0.263 -5.906 0.227
SPIN 3 6 6 12 1.036 5.699 -1.203
SPIN 3 6 6 13 -4.331 -2.710 2.983
SPIN 3 6 6 14 -1.536 -4.062 4.018
SPIN 3 6 6 15 -2.199 -2.262 -5.005
SPIN 2 6 6 0 5.435 1.763 -1.533
SPIN 2 6 6 1 0.797 3.898 -4.378
SPIN 2 6 6 2 5.372 1.701 1.803
SPIN 2 6 6 3 2.364 4.772 2.578
SPIN 2 6 6 4 -3.164 1.704 -4.700
SPIN 2 6 6 5 3.724 0.908 4.506
SPIN 2 6 6 6 -1.361 -3.076 -4.867
SPIN 2 6 6 7 0.552 -0.061 5.890
SPIN 2 6 6 8 0.402 4.457 -3.869
SPIN 2 6 6 9 -4.650 2.900 -2.228
SPIN 2 6 6 10 -3.721 -0.496 4.573
SPIN 2 6 6 11 4.245 0.531 4.086
SPIN 2 6 6 12 3.753 -4.080 2.064
SPIN 2 6 6 13 3.855 2.285 -3.862
SPIN 2 6 6 14 -2.621 2.981 -4.387
SPIN 2 6 6 15 -1.435 -1.929 5.406
SPIN 3 6 7 0 0.592 5.864 0.512
SPIN 3 6 7 1 -1.578 -4.410 -3.615
SPIN 3 6 7 2 4.206 1.503 -3.880
SPIN 3 6 7 3 -1.293 -3.298 -4.738
SPIN 3 6 7 4 1.243 3.693 4.451
SPIN 3 6 7 5 1.628 -4.329 -3.689
SPIN 3 6 7 6 -3.255 -3.031 3.901
SPIN 3 6 7 7 -5.713 0.123 1.532
SPIN 3 6 7 8 1.744 -4.817 2.959
SPIN 3 6 7 9 0.873 -5.533 -1.903
SPIN 3 6 7 10 2.839 -0.656 -5.149
SPIN 3 6 7 11 -2.498 5.351 0.346
SPIN 3 6 7 12 0.934 -4.317 3.936
SPIN 3 6 7 13 3.332 1.914 -4.499
SPIN 3 6 7 14 -4.781 -2.687 -2.219
SPIN 3 6 7 15 4.457 2.699 -2.802
SPIN 2 6 7 0 5.620 1.648 0.835
SPIN 2 6 7 1 2.597 -4.801 -2.282
SPIN 2 6 7 2 -3.753 -3.664 2.737
SPIN 2 6 7 3 -2.562 -0.292 5.324
SPIN 2 6 7 4 -2.281 -4.297 -3.367
SPIN 2 6 7 5 4.495 3.076 2.309
SPIN 2 6 7 6 -4.529 -3.507 1.480
SPIN 2 6 7 7 -0.998 4.504 3.704
SPIN 2 6 7 8 3.299 4.407 2.166
SPIN 2 6 7 9 -4.307 -2.645 3.075
SPIN 2 6 7 10 4.703 1.942 -3.018
SPIN 2 6 7 11 3.366 -1.020 4.757
SPIN 2 6 7 12 2.089 1.131 -5.418
SPIN 2 6 7 13 -1.678 -5.490 -1.431
SPIN 2 6 7 14 -1.276 -3.413 4.661
SPIN 2 6 7 15 2.477 5.355 -0.440
SPIN 3 6 8 0 -5.385 1.139 -2.170
SPIN 3 6 8 1 2.616 -0.022 5.306
SPIN 3 6 8 2 2.172 -1.397 -5.323
SPIN 3 6 8 3 -0.385 -4.905 3.286
SPIN 3 6 8 4 -3.323 1.607 -4.623
SPIN 3 6 8 5 -4.732 3.541 0.267
SPIN 3 6 8 6 2.294 -5.042 -2.079
SPIN 3 6 8 7 4.843 1.456 -3.070
SPIN 3 6 8 8 -4.488 2.791 -2.659
SPIN 3 6 8 9 -3.769 -4.476 0.871
SPIN 3 6 8 10 -3.076 -1.125 4.927
SPIN 3 6 8 11 4.892 0.215 3.320
SPIN 3 6 8 12 2.572 2.225 4.841
SPIN 3 6 8 13 -2.472 0.229 -5.370
SPIN 3 6 8 14 0.173 5.224 2.771
SPIN 3 6 8 15 0.151 -0.823 -5.857
SPIN 2 6 8 0 -3.585 -0.254 -4.699
SPIN 2 6 8 1 -5.205 -2.811 0.048
SPIN 2 6 8 2 1.160 5.709 -1.033
SPIN 2 6 8 3 1.105 -4.323 -3.885
SPIN 2 6 8 4 -4.139 3.526 -2.332
SPIN 2 6 8 5 4.046 -4.315 -0.097
SPIN 2 6 8 6 4.713 2.988 -1.963
SPIN 2 6 8 7 -3.137 -2.895 -4.096
SPIN 2 6 8 8 -2.629 -3.058 4.328
SPIN 2 6 8 9 5.601 -1.032 1.600
SPIN 2 6 8 10 -5.486 1.861 -1.201
SPIN 2 6 8 11 1.960 -2.649 4.913
SPIN 2 6 8 12 -3.703 -2.020 -4.148
SPIN 2 6 8 13 -3.276 2.924 3.965
SPIN 2 6 8 14 5.775 -1.068 0.712
SPIN 2 6 8 15 3.120 -5.018 0.294
SPIN 3 6 9 0 -3.196 0.839 -4.908
SPIN 3 6 9 1 -4.150 -3.379 -2.522
SPIN 3 6 9 2 -0.974 5.811 0.532
SPIN 3 6 9 3 -0.284 4.949 -3.229
SPIN 3 6 9 4 2.915 -4.887 -1.619
SPIN 3 6 9 5 3.133 5.009 -0.303
SPIN 3 6 9 6 4.344 3.946 -0.749
SPIN 3 6 9 7 1.545 3.732 -4.323
SPIN 3 6 9 8 -2.926 3.315 3.931
SPIN 3 6 9 9 -1.798 -3.661 -4.285
SPIN 3 6 9 10 5.791 1.139 -0.407
SPIN 3 6 9 11 -4.249 2.845 -2.974
SPIN 3 6 9 12 2.714 -5.189 0.842
SPIN 3 6 9 13 -0.237 -0.253 -5.906
SPIN 3 6 9 14 -1.106 -4.725 3.384
SPIN 3 6 9 15 -2.319 3.616 4.068
SPIN 2 6 9 0 -0.976 -4.829 -3.276
SPIN 2 6 9 1 -2.980 1.782 4.790
SPIN 2 6 9 2 -1.302 2.453 5.224
SPIN 2 6 9 3 -2.239 4.555 3.040
SPIN 2 6 9 4 1.046 0.473 5.804
SPIN 2 6 9 5 -0.503 5.183 2.807
SPIN 2 6 9 6 -3.426 -4.822 0.122
SPIN 2 6 9 7 -3.954 -4.400 -0.069
SPIN 2 6 9 8 -3.492 3.789 -2.907
SPIN 2 6 9 9 3.989 -2.001 3.884
SPIN 2 6 9 10 -3.371 3.849 -2.971
SPIN 2 6 9 11 5.319 2.163 1.426
SPIN 2 6 9 12 3.770 -0.394 -4.542
SPIN 2 6 9 13 -3.123 -5.025 0.023
SPIN 2 6 9 14 -1.425 5.567 1.406
SPIN 2 6 9 15 -2.116 5.477 0.725
SPIN 3 6 10 0 -4.478 -2.171 3.200
SPIN 3 6 10 1 2.586 -4.039 -3.464
SPIN 3 6 10 2 -1.082 -3.874 4.339
SPIN 3 6 10 3 2.783 -3.041 4.244
SPIN 3 6 10 4 2.087 5.526 0.327
SPIN 3 6 10 5 0.782 3.117 -4.967
SPIN 3 6 10 6 1.832 5.416 -1.519
SPIN 3 6 10 7 -3.628 4.371 -1.653
SPIN 3 6 10 8 4.984 2.012 2.473
SPIN 3 6 10 9 -2.901 -4.472 2.567
SPIN 3 6 10 10 -3.088 -4.702 1.832
SPIN 3 6 10 11 3.020 2.339 4.518
SPIN 3 6 10 12 5.758 1.314 0.340
SPIN 3 6 10 13 -0.955 -5.348 2.342
SPIN 3 6 10 14 -3.093 -4.011 -3.057
SPIN 3 6 10 15 1.938 1.440 -5.401
SPIN 2 6 10 0 4.772 3.010 1.782
SPIN 2 6 10 1 4.805 0.271 3.440
SPIN 2 6 10 2 3.932 3.975 -1.934
SPIN 2 6 10 3 -1.947 -3.514 -4.343
SPIN 2 6 10 4 -2.035 1.746 -5.273
SPIN 2 6 10 5 -0.719 -5.374 2.368
SPIN 2 6 10 6 -0.128 -4.407 3.945
SPIN 2 6 10 7 3.009 4.166 -2.931
SPIN 2 6 10 8 -2.155 -4.253 -3.503
SPIN 2 6 10 9 -3.020 5.084 0.174
SPIN 2 6 10 10 -1.226 -3.907 4.270
SPIN 2 6 10 11 -3.722 -2.378 -3.936
SPIN 2 6 10 12 -4.624 -0.077 3.690
SPIN 2 6 10 13 4.542 2.303 -3.012
SPIN 2 6 10 14 5.912 -0.214 0.068
SPIN 2 6 10 15 -5.094 0.467 2.972
SPIN 3 6 11 0 0.534 4.517 3.783
SPIN 3 6 11 1 -2.565 4.767 -2.388
SPIN 3 6 11 2 3.060 -5.039 -0.497
SPIN 3 6 11 3 -0.184 -1.976 -5.573
SPIN 3 6 11 4 4.624 -3.309 1.635
SPIN 3 6 11 5 -3.743 -2.413 -3.895
SPIN 3 6 11 6 -2.097 5.379 1.295
SPIN 3 6 11 7 1.791 -1.518 5.430
SPIN 3 6 11 8 -4.238 -3.985 -1.075
SPIN 3 6 11 9 1.667 3.325 4.601
SPIN 3 6 11 10 -3.092 0.000 -5.044
SPIN 3 6 11 11 -2.705 1.294 -5.100
SPIN 3 6 11 12 -0.519 -2.398 5.383
SPIN 3 6 11 13 -0.427 3.394 4.827
SPIN 3 6 11 14 -3.353 4.508 -1.853
SPIN 3 6 11 15 4.954 2.989 1.234
SPIN 2 6 11 0 -3.889 4.372 0.875
SPIN 2 6 11 1 5.445 -2.171 -0.799
SPIN 2 6 11 2 0.360 -3.146 -4.997
SPIN 2 6 11 3 -2.939 4.232 -2.908
SPIN 2 6 11 4 4.917 -3.260 0.437
SPIN 2 6 11 5 2.104 5.518 -0.344
SPIN 2 6 11 6 1.449 -0.035 5.736
SPIN 2 6 11 7 -2.832 4.919 -1.668
SPIN 2 6 11 8 2.010 5.119 2.181
SPIN 2 6 11 9 0.939 -2.455 5.300
SPIN 2 6 11 10 1.654 1.193 -5.553
SPIN 2 6 11 11 3.086 -2.566 4.346
SPIN 2 6 11 12 -1.352 5.633 1.203
SPIN 2 6 11 13 -0.481 -5.699 1.512
SPIN 2 6 11 14 4.464 3.875 0.242
SPIN 2 6 11 15 -4.336 -3.986 0.562
SPIN 3 6 12 0 -4.725 -2.842 2.144
SPIN 3 6 12 1 2.628 4.262 -3.151
SPIN 3 6 12 2 0.434 4.010 4.328
SPIN 3 6 12 3 1.743 -2.207 -5.205
SPIN 3 6 12 4 -5.774 1.213 0.442
SPIN 3 6 12 5 5.649 1.592 -0.747
SPIN 3 6 12 6 -4.519 -2.328 -3.026
SPIN 3 6 12 7 -2.934 3.109 -4.089
SPIN 3 6 12 8 2.779 -3.306 4.043
SPIN 3 6 12 9 -2.545 -1.836 -5.015
SPIN 3 6 12 10 1.437 -3.024 -4.877
SPIN 3 6 12 11 -3.967 1.157 4.234
SPIN 3 6 12 12 -4.078 -0.566 4.248
SPIN 3 6 12 13 -4.098 -2.669 -3.330
SPIN 3 6 12 14 -1.661 5.257 -2.145
SPIN 3 6 12 15 5.731 -0.275 -1.441
SPIN 2 6 12 0 3.523 -3.614 3.087
SPIN 2 6 12 1 0.577 -0.010 -5.888
SPIN 2 6 12 2 1.027 5.746 -0.966
SPIN 2 6 12 3 5.753 1.317 0.414
SPIN 2 6 12 4 -5.242 0.540 2.688
SPIN 2 6 12 5 -1.170 -1.898 -5.480
SPIN 2 6 12 6 2.982 -0.926 5.025
SPIN 2 6 12 7 -2.662 1.989 -4.894
SPIN 2 6 12 8 1.925 -4.156 3.745
SPIN 2 6 12 9 -5.119 2.394 -1.752
SPIN 2 6 12 10 4.770 -2.218 2.706
SPIN 2 6 12 11 3.668 2.773 -3.722
SPIN 2 6 12 12 1.528 1.601 -5.486
SPIN 2 6 12 13 4.057 1.750 3.934
SPIN 2 6 12 14 -4.779 -2.748 -2.147
SPIN 2 6 12 15 3.427 4.682 -1.154
SPIN 3 6 13 0 -4.912 3.272 -0.407
SPIN 3 6 13 1 2.527 5.163 1.400
SPIN 3 6 13 2 -5.392 2.376 0.526
SPIN 3 6 13 3 3.649 1.354 -4.455
SPIN 3 6 13 4 1.273 -4.909 -3.047
SPIN 3 6 13 5 -1.724 5.412 -1.654
SPIN 3 6 13 6 3.987 3.296 2.871
SPIN 3 6 13 7 3.578 2.080 -4.227
SPIN 3 6 13 8 -4.369 -2.351 3.223
SPIN 3 6 13 9 -0.608 -3.021 -5.050
SPIN 3 6 13 10 -3.833 3.235 3.137
SPIN 3 6 13 11 4.351 -2.745 2.922
SPIN 3 6 13 12 1.204 5.331 -2.266
SPIN 3 6 13 13 -0.152 -4.485 -3.855
SPIN 3 6 13 14 -4.336 2.943 2.745
SPIN 3 6 13 15 -3.509 -2.342 -4.148
SPIN 2 6 13 0 -2.837 4.572 -2.460
SPIN 2 6 13 1 2.962 -0.896 5.042
SPIN 2 6 13 2 -5.274 2.440 -1.109
SPIN 2 6 13 3 3.160 -1.444 4.789
SPIN 2 6 13 4 -5.502 1.643 -1.425
SPIN 2 6 13 5 -0.226 4.919 3.279
SPIN 2 6 13 6 4.585 -3.500 -1.312
SPIN 2 6 13 7 0.282 3.787 4.536
SPIN 2 6 13 8 -3.736 4.313 1.561
SPIN 2 6 13 9 4.947 -3.146 0.795
SPIN 2 6 13 10 -4.903 1.977 -2.656
SPIN 2 6 13 11 -2.791 0.645 -5.176
SPIN 2 6 13 12 -4.517 1.241 3.614
SPIN 2 6 13 13 1.565 -5.533 -1.390
SPIN 2 6 13 14 -5.202 -2.800 0.308
SPIN 2 6 13 15 4.865 -2.717 -1.989
SPIN 3 6 14 0 -4.515 -1.640 3.453
SPIN 3 6 14 1 0.362 3.535 -4.730
SPIN 3 6 14 2 5.797 -0.788 0.882
SPIN 3 6 14 3 0.185 3.479 -4.781
SPIN 3 6 14 4 2.272 -1.166 5.336
SPIN 3 6 14 5 4.485 -3.392 -1.839
SPIN 3 6 14 6 0.562 5.369 -2.420
SPIN 3 6 14 7 1.657 -3.569 -4.418
SPIN 3 6 14 8 1.403 2.706 5.070
SPIN 3 6 14 9 0.024 -5.558 2.026
SPIN 3 6 14 10 -2.060 -3.622 -4.200
SPIN 3 6 14 11 1.083 -0.345 5.806
SPIN 3 6 14 12 -4.551 1.595 -3.427
SPIN 3 6 14 13 5.425 1.949 -1.331
SPIN 3 6 14 14 -5.106 -2.949 0.484
SPIN 3 6 14 15 5.471 1.494 1.684
SPIN 2 6 14 0 -4.809 -0.442 -3.417
SPIN 2 6 14 1 1.581 0.007 -5.701
SPIN 2 6 14 2 -1.838 -4.418 -3.479
SPIN 2 6 14 3 2.494 -0.950 -5.280
SPIN 2 6 14 4 0.343 -3.440 4.801
SPIN 2 6 14 5 1.169 5.747 -0.781
SPIN 2 6 14 6 -2.325 4.064 -3.617
SPIN 2 6 14 7 -2.554 4.649 -2.619
SPIN 2 6 14 8 -4.306 -0.800 -3.978
SPIN 2 6 14 9 4.146 4.219 -0.109
SPIN 2 6 14 10 4.395 3.827 -1.021
SPIN 2 6 14 11 2.931 -3.626 3.642
SPIN 2 6 14 12 4.621 -3.425 -1.385
SPIN 2 6 14 13 -0.789 3.659 -4.581
SPIN 2 6 14 14 4.372 -1.324 3.759
SPIN 2 6 14 15 2.800 4.521 2.592
SPIN 3 6 15 0 -2.409 0.592 -5.371
SPIN 3 6 15 1 -2.040 4.793 2.805
SPIN 3 6 15 2 -4.271 -2.215 -3.443
SPIN 3 6 15 3 -2.099 2.268 5.045
SPIN 3 6 15 4 -3.409 -2.759 -3.971
SPIN 3 6 15 5 -1.037 -3.329 4.779
SPIN 3 6 15 6 1.112 -2.945 5.009
SPIN 3 6 15 7 -3.859 2.664 3.607
SPIN 3 6 15 8 1.233 5.672 1.143
SPIN 3 6 15 9 5.328 -2.223 1.292
SPIN 3 6 15 10 -5.067 -2.387 1.906
SPIN 3 6 15 11 -3.761 3.479 -2.958
SPIN 3 6 15 12 1.490 -4.191 3.901
SPIN 3 6 15 13 -2.008 -5.525 0.664
SPIN 3 6 15 14 2.013 -0.750 -5.512
SPIN 3 6 15 15 -5.618 -0.676 1.727
SPIN 2 6 15 0 0.216 2.926 5.137
SPIN 2 6 15 1 4.597 2.134 -3.051
SPIN 2 6 15 2 4.733 -3.174 1.591
SPIN 2 6 15 3 -0.527 -0.795 5.839
SPIN 2 6 15 4 4.213 0.611 -4.108
SPIN 2 6 15 5 5.527 1.416 1.566
SPIN 2 6 15 6 -2.875 0.923 5.087
SPIN 2 6 15 7 2.999 -0.496 -5.075
SPIN 2 6 15 8 4.583 -2.722 -2.567
SPIN 2 6 15 9 -1.124 0.986 -5.724
SPIN 2 6 15 10 -1.046 -1.286 -5.679
SPIN 2 6 15 11 -0.909 -3.626 -4.585
SPIN 2 6 15 12 -4.634 1.959 3.113
SPIN 2 6 15 13 2.729 1.480 5.036
SPIN 2 6 15 14 0.644 3.227 -4.916
SPIN 2 6 15 15 -5.436 -1.917 1.334
SPIN 1 7 0 0 -4.796 -2.161 -2.707
SPIN 1 7 0 1 -4.059 -2.472 3.523
SPIN 1 7 0 2 4.087 -1.835 -3.863
SPIN 1 7 0 3 5.397 -0.573 2.355
SPIN 1 7 0 4 4.683 -3.230 1.624
SPIN 1 7 0 5 2.616 4.228 -3.206
SPIN 1 7 0 6 -0.319 -4.903 -3.295
SPIN 1 7 0 7 1.121 -5.752 -0.815
SPIN 1 7 0 8 -2.927 2.982 -4.188
SPIN 1 7 0 9 -0.332 1.458 5.724
SPIN 1 7 0 10 0.022 -5.916 0.017
SPIN 1 7 0 11 5.806 -0.005 1.134
SPIN 1 7 0 12 -4.342 1.309 -3.799
SPIN 1 7 0 13 4.575 -2.583 2.721
SPIN 1 7 0 14 -5.822 0.534 0.903
SPIN 1 7 0 15 2.765 4.533 2.608
SPIN 4 7 0 0 1.557 2.866 4.935
SPIN 4 7 0 1 3.054 -4.339 -2.617
SPIN 4 7 0 2 0.343 -5.640 1.751
SPIN 4 7 0 3 1.661 1.765 5.397
SPIN 4 7 0 4 -4.225 -3.616 -2.017
SPIN 4 7 0 5 5.147 -1.841 -2.262
SPIN 4 7 0 6 0.497 -3.788 4.517
SPIN 4 7 0 7 1.311 4.689 -3.361
SPIN 4 7 0 8 -0.806 -1.842 -5.564
SPIN 4 7 0 9 -2.920 3.729 -3.545
SPIN 4 7 0 10 5.812 0.994 -0.485
SPIN 4 7 0 11 -0.585 -0.111 5.886
SPIN 4 7 0 12 4.023 -4.280 -0.704
SPIN 4 7 0 13 5.449 -1.094 2.028
SPIN 4 7 0 14 -2.405 -4.159 3.453
SPIN 4 7 0 15 5.669 1.498 -0.788
SPIN 1 7 1 0 3.467 4.714 -0.871
SPIN 1 7 1 1 -5.006 3.152 0.027
SPIN 1 7 1 2 -3.394 4.344 2.147
SPIN 1 7 1 3 -0.601 -4.714 -3.524
SPIN 1 7 1 4 2.163 2.402 4.955
SPIN 1 7 1 5 -0.966 -4.502 -3.715
SPIN 1 7 1 6 1.425 3.633 -4.446
SPIN 1 7 1 7 -4.715 1.595 3.198
SPIN 1 7 1 8 1.434 -5.120 -2.593
SPIN 1 7 1 9 -2.837 4.640 2.327
SPIN 1 7 1 10 5.267 2.399 -1.229
SPIN 1 7 1 11 -3.884 4.019 1.940
SPIN 1 7 1 12 3.606 4.203 -2.080
SPIN 1 7 1 13 -3.435 -3.112 -3.676
SPIN 1 7 1 14 -3.662 -3.458 -3.103
SPIN 1 7 1 15 -2.272 -4.499 3.098
SPIN 4 7 1 0 4.848 3.334 -0.619
SPIN 4 7 1 1 -5.101 -2.897 0.763
SPIN 4 7 1 2 -5.626 1.692 -0.697
SPIN 4 7 1 3 -3.725 -0.995 4.487
SPIN 4 7 1 4 4.112 3.487 2.437
SPIN 4 7 1 5 -0.687 -5.876 -0.045
SPIN 4 7 1 6 3.812 3.481 -2.890
SPIN 4 7 1 7 3.261 4.104 -2.743
SPIN 4 7 1 8 3.717 -0.524 -4.573
SPIN 4 7 1 9 -2.328 -3.193 4.403
SPIN 4 7 1 10 -3.111 1.451 4.818
SPIN 4 7 1 11 2.415 -4.966 2.123
SPIN 4 7 1 12 4.530 -2.834 -2.538
SPIN 4 7 1 13 5.767 -1.199 -0.553
SPIN 4 7 1 14 -3.799 -2.320 3.897
SPIN 4 7 1 15 1.842 -2.468 -5.051
SPIN 1 7 2 0 5.829 -0.919 0.425
SPIN 1 7 2 1 4.108 -2.082 -3.713
SPIN 1 7 2 2 5.282 -1.725 2.030
SPIN 1 7 2 3 1.258 2.279 -5.313
SPIN 1 7 2 4 1.352 2.444 5.215
SPIN 1 7 2 5 -2.266 4.619 2.921
SPIN 1 7 2 6 -4.661 -3.484 1.066
SPIN 1 7 2 7 5.271 -2.038 1.750
SPIN 1 7 2 8 -2.575 4.641 2.614
SPIN 1 7 2 9 1.484 -4.632 3.368
SPIN 1 7 2 10 -2.874 0.495 -5.148
SPIN 1 7 2 11 -0.364 -0.088 5.904
SPIN 1 7 2 12 3.930 -4.390 0.526
SPIN 1 7 2 13 3.203 4.717 1.578
SPIN 1 7 2 14 -1.129 -0.396 -5.794
SPIN 1 7 2 15 -3.487 2.761 3.900
SPIN 4 7 2 0 -3.130 3.356 -3.734
SPIN 4 7 2 1 -3.448 3.067 3.701
SPIN 4 7 2 2 -0.208 -5.487 2.203
SPIN 4 7 2 3 -1.618 -5.520 -1.382
SPIN 4 7 2 4 -5.762 0.127 -1.336
SPIN 4 7 2 5 3.621 0.892 -4.592
SPIN 4 7 2 6 -5.145 0.829 -2.801
SPIN 4 7 2 7 3.990 -2.082 3.840
SPIN 4 7 2 8 -3.959 -3.074 3.142
SPIN 4 7 2 9 -0.397 3.680 -4.615
SPIN 4 7 2 10 -0.803 -4.548 3.697
SPIN 4 7 2 11 5.084 -1.056 -2.836
SPIN 4 7 2 12 -4.080 -0.388 4.266
SPIN 4 7 2 13 2.586 5.219 -1.037
SPIN 4 7 2 14 5.193 -1.894 -2.109
SPIN 4 7 2 15 -5.233 -2.737 0.357
SPIN 1 7 3 0 0.952 -2.664 5.196
SPIN 1 7 3 1 -1.087 -5.484 -1.936
SPIN 1 7 3 2 1.767 4.808 -2.960
SPIN 1 7 3 3 -4.470 -3.869 0.234
SPIN 1 7 3 4 0.580 5.747 1.278
SPIN 1 7 3 5 -4.649 -1.506 3.335
SPIN 1 7 3 6 4.330 -1.216 -3.843
SPIN 1 7 3 7 -4.010 -3.061 3.091
SPIN 1 7 3 8 0.643 -5.815 -0.882
SPIN 1 7 3 9 -5.030 -2.016 2.373
SPIN 1 7 3 10 5.165 -0.533 2.835
SPIN 1 7 3 11 4.087 0.347 -4.263
SPIN 1 7 3 12 5.149 1.478 -2.511
SPIN 1 7 3 13 -0.012 5.752 1.385
SPIN 1 7 3 14 -2.595 -0.410 5.301
SPIN 1 7 3 15 -4.652 -3.188 1.789
SPIN 4 7 3 0 -0.030 -5.889 -0.563
SPIN 4 7 3 1 -0.218 -2.822 -5.195
SPIN 4 7 3 2 1.675 5.415 1.696
SPIN 4 7 3 3 0.079 1.045 5.823
SPIN 4 7 3 4 -0.989 -0.161 -5.831
SPIN 4 7 3 5 0.963 5.285 -2.478
SPIN 4 7 3 6 -1.955 5.565 -0.462
SPIN 4 7 3 7 -1.157 -3.808 -4.377
SPIN 4 7 3 8 2.540 5.021 -1.826
SPIN 4 7 3 9 -2.278 -5.447 -0.375
SPIN 4 7 3 10 1.314 5.257 -2.375
SPIN 4 7 3 11 -1.698 5.005 2.658
SPIN 4 7 3 12 -3.600 0.025 -4.694
SPIN 4 7 3 13 2.767 -5.199 0.564
SPIN 4 7 3 14 4.121 3.424 2.509
SPIN 4 7 3 15 5.532 -1.620 -1.329
SPIN 1 7 4 0 -5.120 -1.370 -2.628
SPIN 1 7 4 1 0.487 2.376 5.396
SPIN 1 7 4 2 3.526 -0.867 -4.671
SPIN 1 7 4 3 2.215 3.989 3.766
SPIN 1 7 4 4 5.568 -0.462 -1.945
SPIN 1 7 4 5 -3.894 -0.359 4.439
SPIN 1 7 4 6 2.757 -4.839 -1.996
SPIN 1 7 4 7 -0.830 -5.057 2.956
SPIN 1 7 4 8 -1.594 -1.365 5.531
SPIN 1 7 4 9 -0.438 4.700 -3.567
SPIN 1 7 4 10 5.137 2.802 0.872
SPIN 1 7 4 11 -3.828 -4.259 1.486
SPIN 1 7 4 12 -1.608 -5.454 1.634
SPIN 1 7 4 13 -2.383 4.461 -3.069
SPIN 1 7 4 14 -1.533 -5.617 -1.050
SPIN 1 7 4 15 -2.927 3.687 3.583
SPIN 4 7 4 0 2.889 3.821 3.472
SPIN 4 7 4 1 -1.969 5.204 -2.010
SPIN 4 7 4 2 1.672 5.497 1.411
SPIN 4 7 4 3 -0.002 -0.664 -5.879
SPIN 4 7 4 4 -3.098 4.262 2.690
SPIN 4 7 4 5 -0.832 -5.832 -0.542
SPIN 4 7 4 6 -4.535 3.322 1.843
SPIN 4 7 4 7 -0.234 5.585 1.938
SPIN 4 7 4 8 -0.183 0.914 5.842
SPIN 4 7 4 9 2.511 -5.258 -1.025
SPIN 4 7 4 10 0.276 -5.720 -1.485
SPIN 4 7 4 11 1.788 1.719 -5.371
SPIN 4 7 4 12 4.372 -2.847 2.789
SPIN 4 7 4 13 -3.547 1.867 -4.351
SPIN 4 7 4 14 4.804 3.055 -1.610
SPIN 4 7 4 15 -0.889 -5.847 -0.133
SPIN 1 7 5 0 4.563 -0.616 -3.715
SPIN 1 7 5 1 4.171 1.517 -3.912
SPIN 1 7 5 2 2.620 -3.397 4.073
SPIN 1 7 5 3 0.437 -5.839 -0.846
SPIN 1 7 5 4 -1.342 5.692 0.894
SPIN 1 7 5 5 5.164 -2.808 -0.670
SPIN 1 7 5 6 -4.850 -2.252 2.530
SPIN 1 7 5 7 -0.220 5.052 3.071
SPIN 1 7 5 8 4.064 -4.295 -0.202
SPIN 1 7 5 9 -2.038 2.209 -5.096
SPIN 1 7 5 10 -3.033 -4.492 -2.370
SPIN 1 7 5 11 1.765 -4.337 3.617
SPIN 1 7 5 12 -4.732 -1.694 -3.121
SPIN 1 7 5 13 1.176 4.520 -3.631
SPIN 1 7 5 14 4.931 1.831 2.708
SPIN 1 7 5 15 -5.012 -0.680 3.069
SPIN 4 7 5 0 -5.881 -0.238 -0.595
SPIN 4 7 5 1 2.678 1.733 4.983
SPIN 4 7 5 2 -2.181 3.767 -4.007
SPIN 4 7 5 3 -4.844 -1.763 2.903
SPIN 4 7 5 4 -1.433 4.466 -3.606
SPIN 4 7 5 5 0.294 -2.347 5.423
SPIN 4 7 5 6 -1.700 3.910 -4.102
SPIN 4 7 5 7 -4.687 0.611 3.557
SPIN 4 7 5 8 1.683 -2.745 -4.963
SPIN 4 7 5 9 1.051 -0.820 5.764
SPIN 4 7 5 10 3.549 -0.576 -4.698
SPIN 4 7 5 11 5.165 -0.970 2.717
SPIN 4 7 5 12 1.076 5.640 -1.427
SPIN 4 7 5 13 -2.901 -5.143 -0.365
SPIN 4 7 5 14 -4.465 3.714 -1.129
SPIN 4 7 5 15 1.142 1.014 5.716
SPIN 1 7 6 0 1.922 -5.009 -2.493
SPIN 1 7 6 1 -3.770 -4.476 -0.866
SPIN 1 7 6 2 5.135 1.622 -2.450
SPIN 1 7 6 3 -3.663 4.483 -1.219
SPIN 1 7 6 4 4.179 -4.152 -0.545
SPIN 1 7 6 5 -1.367 1.811 -5.464
SPIN 1 7 6 6 1.358 4.006 4.137
SPIN 1 7 6 7 -2.484 -4.796 2.414
SPIN 1 7 6 8 -3.471 -3.587 -3.176
SPIN 1 7 6 9 4.590 -2.111 3.078
SPIN 1 7 6 10 -2.545 4.575 -2.755
SPIN 1 7 6 11 1.771 -0.509 5.622
SPIN 1 7 6 12 3.953 -1.340 -4.193
SPIN 1 7 6 13 0.395 4.440 3.889
SPIN 1 7 6 14 -5.371 -1.332 -2.092
SPIN 1 7 6 15 1.706 5.228 -2.181
SPIN 4 7 6 0 3.268 1.488 4.702
SPIN 4 7 6 1 0.291 5.249 2.713
SPIN 4 7 6 2 -2.641 -2.827 -4.476
SPIN 4 7 6 3 0.846 -4.309 3.964
SPIN 4 7 6 4 4.120 -3.663 -2.146
SPIN 4 7 6 5 2.270 4.615 2.924
SPIN 4 7 6 6 -4.034 4.185 -1.099
SPIN 4 7 6 7 2.133 1.558 -5.294
SPIN 4 7 6 8 3.293 -0.302 -4.906
SPIN 4 7 6 9 -3.379 -0.892 4.773
SPIN 4 7 6 10 5.080 0.733 -2.942
SPIN 4 7 6 11 -1.382 5.572 -1.430
SPIN 4 7 6 12 -0.639 -5.444 2.227
SPIN 4 7 6 13 0.232 5.741 -1.409
SPIN 4 7 6 14 5.085 -2.884 -0.907
SPIN 4 7 6 15 3.969 -4.046 -1.696
SPIN 1 7 7 0 2.739 5.235 -0.314
SPIN 1 7 7 1 1.998 4.484 3.302
SPIN 1 7 7 2 3.101 -0.026 5.038
SPIN 1 7 7 3 -0.366 -5.899 0.257
SPIN 1 7 7 4 -4.562 3.036 2.231
SPIN 1 7 7 5 -1.882 2.333 5.100
SPIN 1 7 7 6 3.148 -4.989 0.449
SPIN 1 7 7 7 3.751 0.257 -4.568
SPIN 1 7 7 8 -2.412 -5.001 2.043
SPIN 1 7 7 9 -3.449 3.152 3.629
SPIN 1 7 7 10 -0.850 -5.442 2.159
SPIN 1 7 7 11 -4.456 1.503 -3.590
SPIN 1 7 7 12 -5.232 -2.756 -0.174
SPIN 1 7 7 13 -4.956 1.143 3.022
SPIN 1 7 7 14 2.379 -3.499 4.135
SPIN 1 7 7 15 4.922 -2.285 2.357
SPIN 4 7 7 0 4.421 -3.254 2.207
SPIN 4 7 7 1 -1.973 2.514 -4.979
SPIN 4 7 7 2 5.796 -0.280 1.154
SPIN 4 7 7 3 2.066 -4.510 -3.224
SPIN 4 7 7 4 -5.246 0.695 2.646
SPIN 4 7 7 5 5.183 1.381 2.495
SPIN 4 7 7 6 0.387 5.885 -0.461
SPIN 4 7 7 7 2.011 4.186 3.666
SPIN 4 7 7 8 5.554 -1.212 1.639
SPIN 4 7 7 9 -2.947 4.601 -2.269
SPIN 4 7 7 10 -2.213 3.393 4.312
SPIN 4 7 7 11 2.315 -5.407 -0.635
SPIN 4 7 7 12 3.368 -2.794 3.980
SPIN 4 7 7 13 -0.109 2.698 5.264
SPIN 4 7 7 14 -1.751 -4.924 -2.772
SPIN 4 7 7 15 -5.170 2.861 0.284
SPIN 1 7 8 0 1.553 4.106 -3.966
SPIN 1 7 8 1 0.778 -0.782 5.812
SPIN 1 7 8 2 -0.635 0.206 -5.878
SPIN 1 7 8 3 0.273 4.155 -4.202
SPIN 1 7 8 4 5.633 1.606 0.829
SPIN 1 7 8 5 -1.037 -5.625 -1.513
SPIN 1 7 8 6 3.825 2.109 -3.991
SPIN 1 7 8 7 -2.519 -1.717 5.070
SPIN 1 7 8 8 0.532 -2.947 -5.102
SPIN 1 7 8 9 5.591 1.783 -0.751
SPIN 1 7 8 10 5.595 1.920 0.091
SPIN 1 7 8 11 -3.541 -0.924 -4.649
SPIN 1 7 8 12 4.529 3.536 1.410
SPIN 1 7 8 13 -4.916 -0.642 -3.227
SPIN 1 7 8 14 2.056 0.241 -5.542
SPIN 1 7 8 15 -4.584 3.342 -1.680
SPIN 4 7 8 0 -4.939 3.238 -0.348
SPIN 4 7 8 1 0.583 -4.565 -3.718
SPIN 4 7 8 2 -1.566 3.964 4.103
SPIN 4 7 8 3 -5.914 0.077 -0.131
SPIN 4 7 8 4 -3.084 4.242 -2.737
SPIN 4 7 8 5 3.114 0.259 5.024
SPIN 4 7 8 6 -0.566 -5.512 2.072
SPIN 4 7 8 7 3.550 -3.475 3.212
SPIN 4 7 8 8 4.206 -1.731 -3.783
SPIN 4 7 8 9 1.619 -4.181 3.860
SPIN 4 7 8 10 -3.884 2.778 3.492
SPIN 4 7 8 11 -2.793 -2.649 -4.492
SPIN 4 7 8 12 -3.471 2.936 3.786
SPIN 4 7 8 13 2.639 -5.107 -1.397
SPIN 4 7 8 14 4.139 0.464 -4.202
SPIN 4 7 8 15 4.479 0.987 3.737
SPIN 1 7 9 0 4.038 -1.391 4.094
SPIN 1 7 9 1 -3.160 1.445 4.788
SPIN 1 7 9 2 3.936 -4.406 0.304
SPIN 1 7 9 3 -5.840 -0.271 -0.906
SPIN 1 7 9 4 -2.711 0.917 -5.178
SPIN 1 7 9 5 2.349 2.365 -4.888
SPIN 1 7 9 6 -2.832 -5.184 -0.324
SPIN 1 7 9 7 2.104 -1.800 -5.228
SPIN 1 7 9 8 -0.718 0.489 5.852
SPIN 1 7 9 9 -2.161 2.331 -4.989
SPIN 1 7 9 10 -4.155 -0.641 4.162
SPIN 1 7 9 11 -4.783 3.481 -0.083
SPIN 1 7 9 12 -4.535 -3.791 -0.245
SPIN 1 7 9 13 0.294 0.915 -5.838
SPIN 1 7 9 14 -0.621 -0.194 5.880
SPIN 1 7 9 15 -5.904 0.225 -0.298
SPIN 4 7 9 0 2.180 -4.882 -2.533
SPIN 4 7 9 1 2.072 4.348 -3.435
SPIN 4 7 9 2 -2.735 2.678 4.511
SPIN 4 7 9 3 -0.637 -5.588 1.836
SPIN 4 7 9 4 2.409 -4.952 2.162
SPIN 4 7 9 5 -4.443 -3.723 -1.184
SPIN 4 7 9 6 -0.138 0.581 5.886
SPIN 4 7 9 7 -0.428 0.708 -5.858
SPIN 4 7 9 8 -2.199 -2.799 4.725
SPIN 4 7 9 9 -1.934 5.194 2.070
SPIN 4 7 9 10 -3.926 -4.322 0.954
SPIN 4 7 9 11 4.493 3.216 2.114
SPIN 4 7 9 12 -0.211 5.247 -2.725
SPIN 4 7 9 13 5.590 -0.072 -1.937
SPIN 4 7 9 14 3.526 -3.475 3.240
SPIN 4 7 9 15 -2.538 0.489 -5.322
SPIN 1 7 10 0 -0.459 -3.387 4.829
SPIN 1 7 10 1 0.806 -5.137 -2.822
SPIN 1 7 10 2 5.640 -0.149 -1.781
SPIN 1 7 10 3 -2.091 -5.451 0.956
SPIN 1 7 10 4 0.246 -1.603 -5.689
SPIN 1 7 10 5 4.859 -2.223 2.540
SPIN 1 7 10 6 -2.382 0.683 -5.372
SPIN 1 7 10 7 5.858 -0.601 -0.564
SPIN 1 7 10 8 4.858 -3.212 -1.043
SPIN 1 7 10 9 1.081 -3.545 4.611
SPIN 1 7 10 10 -5.863 0.330 0.722
SPIN 1 7 10 11 4.126 3.702 -2.067
SPIN 1 7 10 12 5.044 2.893 -1.090
SPIN 1 7 10 13 -5.238 -1.272 -2.439
SPIN 1 7 10 14 4.163 -4.186 -0.384
SPIN 1 7 10 15 -0.694 -5.583 1.831
SPIN 4 7 10 0 -2.932 3.559 3.707
SPIN 4 7 10 1 -3.734 -4.267 -1.688
SPIN 4 7 10 2 -5.161 -2.860 0.433
SPIN 4 7 10 3 5.781 -0.018 -1.255
SPIN 4 7 10 4 -3.076 4.574 2.149
SPIN 4 7 10 5 4.573 -3.636 0.931
SPIN 4 7 10 6 4.052 -2.135 -3.745
SPIN 4 7 10 7 -3.418 -2.514 4.123
SPIN 4 7 10 8 1.488 -5.446 -1.769
SPIN 4 7 10 9 0.184 5.320 2.581
SPIN 4 7 10 10 -0.220 3.863 -4.475
SPIN 4 7 10 11 -4.283 -3.960 -0.988
SPIN 4 7 10 12 3.757 3.644 2.757
SPIN 4 7 10 13 -1.464 -5.220 -2.369
SPIN 4 7 10 14 -0.050 3.648 4.658
SPIN 4 7 10 15 -1.779 -2.683 -4.964
SPIN 1 7 11 0 -4.287 -2.695 -3.059
SPIN 1 7 11 1 -4.424 2.077 3.333
SPIN 1 7 11 2 4.810 -2.878 1.892
SPIN 1 7 11 3 -0.179 5.852 -0.851
SPIN 1 7 11 4 2.646 -4.211 3.204
SPIN 1 7 11 5 -1.365 2.426 -5.220
SPIN 1 7 11 6 -0.030 4.863 3.369
SPIN 1 7 11 7 -4.675 -2.855 -2.235
SPIN 1 7 11 8 2.110 4.687 -2.928
SPIN 1 7 11 9 -5.068 0.146 3.049
SPIN 1 7 11 10 -2.172 -5.489 0.393
SPIN 1 7 11 11 4.550 -2.859 2.474
SPIN 1 7 11 12 -1.763 3.731 -4.239
SPIN 1 7 11 13 -3.872 -3.677 2.547
SPIN 1 7 11 14 4.430 -3.918 -0.173
SPIN 1 7 11 15 -5.464 2.257 0.228
SPIN 4 7 11 0 5.454 -1.576 -1.664
SPIN 4 7 11 1 -0.432 -5.661 -1.662
SPIN 4 7 11 2 2.580 3.726 3.803
SPIN 4 7 11 3 -1.714 1.565 -5.442
SPIN 4 7 11 4 -4.876 -1.951 2.725
SPIN 4 7 11 5 -5.629 1.403 1.162
SPIN 4 7 11 6 3.510 2.885 -3.789
SPIN 4 7 11 7 -5.833 0.526 -0.837
SPIN 4 7 11 8 -5.737 -1.265 0.698
SPIN 4 7 11 9 1.841 5.396 -1.578
SPIN 4 7 11 10 -1.313 -2.364 5.262
SPIN 4 7 11 11 0.153 1.393 -5.748
SPIN 4 7 11 12 3.387 4.349 -2.148
SPIN 4 7 11 13 -4.429 2.963 2.570
SPIN 4 7 11 14 0.368 -2.772 -5.213
SPIN 4 7 11 15 -2.206 -3.746 4.013
SPIN 1 7 12 0 -5.575 0.884 1.772
SPIN 1 7 12 1 -5.386 0.179 2.442
SPIN 1 7 12 2 -3.628 2.558 3.911
SPIN 1 7 12 3 -1.969 -5.160 -2.120
SPIN 1 7 12 4 -0.718 2.132 -5.471
SPIN 1 7 12 5 -0.149 -5.592 1.925
SPIN 1 7 12 6 -3.153 -4.975 -0.553
SPIN 1 7 12 7 3.049 3.843 3.307
SPIN 1 7 12 8 5.353 -1.756 -1.807
SPIN 1 7 12 9 -4.648 2.673 -2.501
SPIN 1 7 12 10 4.204 -4.008 1.121
SPIN 1 7 12 11 -3.567 -3.391 3.283
SPIN 1 7 12 12 -0.452 -5.552 1.993
SPIN 1 7 12 13 5.361 -0.980 -2.302
SPIN 1 7 12 14 0.266 -5.350 -2.512
SPIN 1 7 12 15 5.736 0.201 -1.433
SPIN 4 7 12 0 -4.793 0.563 -3.421
SPIN 4 7 12 1 -5.345 -0.855 2.388
SPIN 4 7 12 2 5.400 1.755 -1.661
SPIN 4 7 12 3 3.790 -0.185 4.539
SPIN 4 7 12 4 5.734 -1.420 0.323
SPIN 4 7 12 5 4.960 0.207 3.217
SPIN 4 7 12 6 -5.089 -2.027 -2.235
SPIN 4 7 12 7 -5.430 0.904 2.167
SPIN 4 7 12 8 5.766 -1.184 0.595
SPIN 4 7 12 9 3.185 4.863 -1.097
SPIN 4 7 12 10 1.139 5.343 -2.270
SPIN 4 7 12 11 0.378 2.299 5.438
SPIN 4 7 12 12 2.075 -4.879 -2.624
SPIN 4 7 12 13 -5.517 1.663 1.341
SPIN 4 7 12 14 3.822 -2.762 3.572
SPIN 4 7 12 15 3.894 -2.604 -3.613
SPIN 1 7 13 0 -0.551 -5.197 2.772
SPIN 1 7 13 1 1.167 5.495 1.856
SPIN 1 7 13 2 -5.493 -1.739 -1.341
SPIN 1 7 13 3 4.878 1.009 3.192
SPIN 1 7 13 4 4.298 -2.519 3.191
SPIN 1 7 13 5 0.225 5.621 1.831
SPIN 1 7 13 6 1.183 -5.237 -2.486
SPIN 1 7 13 7 -1.044 2.815 5.097
SPIN 1 7 13 8 5.036 -1.956 2.411
SPIN 1 7 13 9 -2.153 -2.763 4.768
SPIN 1 7 13 10 -5.087 0.598 -2.960
SPIN 1 7 13 11 -4.906 -2.986 1.420
SPIN 1 7 13 12 4.214 3.888 1.459
SPIN 1 7 13 13 0.021 -4.032 -4.329
SPIN 1 7 13 14 -0.076 3.463 4.796
SPIN 1 7 13 15 -4.950 2.251 2.330
SPIN 4 7 13 0 -0.758 -0.430 -5.852
SPIN 4 7 13 1 4.980 0.352 -3.174
SPIN 4 7 13 2 1.033 -5.825 -0.074
SPIN 4 7 13 3 -0.887 1.521 -5.648
SPIN 4 7 13 4 2.387 2.156 -4.965
SPIN 4 7 13 5 -2.217 -0.387 -5.471
SPIN 4 7 13 6 5.442 -0.432 -2.281
SPIN 4 7 13 7 5.726 -1.012 -1.088
SPIN 4 7 13 8 -2.486 -2.976 -4.468
SPIN 4 7 13 9 -0.676 5.421 2.270
SPIN 4 7 13 10 5.816 1.018 0.370
SPIN 4 7 13 11 -5.136 -2.276 -1.855
SPIN 4 7 13 12 2.644 -4.938 1.903
SPIN 4 7 13 13 -3.594 0.018 4.700
SPIN 4 7 13 14 -4.041 0.839 -4.238
SPIN 4 7 13 15 3.594 0.701 -4.647
SPIN 1 7 14 0 2.642 -2.928 4.410
SPIN 1 7 14 1 -4.519 -3.340 -1.850
SPIN 1 7 14 2 -3.970 4.204 -1.252
SPIN 1 7 14 3 -3.050 -0.718 5.018
SPIN 1 7 14 4 -5.349 2.523 0.159
SPIN 1 7 14 5 5.180 0.308 -2.842
SPIN 1 7 14 6 4.889 1.119 3.137
SPIN 1 7 14 7 1.048 -5.395 2.190
SPIN 1 7 14 8 1.400 -5.682 0.866
SPIN 1 7 14 9 1.576 2.908 -4.905
SPIN 1 7 14 10 5.660 0.732 1.557
SPIN 1 7 14 11 4.881 3.146 1.131
SPIN 1 7 14 12 -2.652 -5.156 -1.177
SPIN 1 7 14 13 0.145 4.903 3.307
SPIN 1 7 14 14 -1.767 -4.973 2.673
SPIN 1 7 14 15 -5.792 -1.172 -0.280
SPIN 4 7 14 0 3.272 -2.518 4.237
SPIN 4 7 14 1 2.843 2.725 4.415
SPIN 4 7 14 2 -0.961 -5.316 2.411
SPIN 4 7 14 3 -0.875 -1.841 5.554
SPIN 4 7 14 4 3.628 -4.540 -1.107
SPIN 4 7 14 5 -1.075 4.780 3.316
SPIN 4 7 14 6 -5.227 -0.149 -2.767
SPIN 4 7 14 7 5.878 -0.508 -0.432
SPIN 4 7 14 8 -2.216 3.244 4.423
SPIN 4 7 14 9 1.398 2.768 -5.038
SPIN 4 7 14 10 -5.346 -2.513 0.327
SPIN 4 7 14 11 3.356 4.789 -0.892
SPIN 4 7 14 12 -0.727 -4.445 3.836
SPIN 4 7 14 13 5.247 1.283 -2.414
SPIN 4 7 14 14 2.580 0.301 -5.315
SPIN 4 7 14 15 4.053 -4.083 -1.378
SPIN 1 7 15 0 -1.632 -2.260 -5.218
SPIN 1 7 15 1 -1.025 -2.772 5.125
SPIN 1 7 15 2 -0.492 -5.883 -0.388
SPIN 1 7 15 3 -3.783 2.912 -3.495
SPIN 1 7 15 4 4.778 -1.365 3.210
SPIN 1 7 15 5 -4.470 3.497 -1.669
SPIN 1 7 15 6 0.996 -5.830 -0.134
SPIN 1 7 15 7 5.242 2.547 1.016
SPIN 1 7 15 8 -3.359 -3.471 3.416
SPIN 1 7 15 9 -3.921 -4.225 1.332
SPIN 1 7 15 10 5.408 -2.376 0.331
SPIN 1 7 15 11 -3.426 4.136 -2.481
SPIN 1 7 15 12 -4.901 -3.304 0.249
SPIN 1 7 15 13 -2.724 -4.707 -2.328
SPIN 1 7 15 14 3.620 4.042 -2.358
SPIN 1 7 15 15 1.789 -4.137 3.832
SPIN 4 7 15 0 4.123 -4.055 1.248
SPIN 4 7 15 1 -2.133 -4.148 3.639
SPIN 4 7 15 2 4.852 -2.369 2.417
SPIN 4 7 15 3 -2.731 -2.030 4.839
SPIN 4 7 15 4 0.076 -3.981 4.375
SPIN 4 7 15 5 3.975 4.287 0.903
SPIN 4 7 15 6 -5.676 -1.663 -0.119
SPIN 4 7 15 7 5.625 -0.579 -1.740
SPIN 4 7 15 8 4.497 -3.792 -0.634
SPIN 4 7 15 9 4.935 0.803 -3.163
SPIN 4 7 15 10 1.432 1.366 5.575
SPIN 4 7 15 11 4.757 -2.104 2.819
SPIN 4 7 15 12 -2.312 5.329 1.119
SPIN 4 7 15 13 0.598 4.005 -4.313
SPIN 4 7 15 14 -5.089 -2.142 2.125
SPIN 4 7 15 15 -3.101 4.519 -2.227
SPIN 3 7 0 0 5.793 1.122 0.427
SPIN 3 7 0 1 3.565 -0.181 -4.718
SPIN 3 7 0 2 -0.179 -3.507 -4.761
SPIN 3 7 0 3 -4.893 -2.677 1.972
SPIN 3 7 0 4 0.285 3.613 4.676
SPIN 3 7 0 5 5.669 -0.724 -1.531
SPIN 3 7 0 6 -2.780 5.110 1.075
SPIN 3 7 0 7 -5.807 0.531 -1.001
SPIN 3 7 0 8 1.851 1.012 5.527
SPIN 3 7 0 9 -5.430 0.532 -2.287
SPIN 3 7 0 10 -2.681 -3.605 -3.849
SPIN 3 7 0 11 -1.370 -4.548 -3.527
SPIN 3 7 0 12 -5.821 0.113 -1.051
SPIN 3 7 0 13 -1.472 -5.343 -2.071
SPIN 3 7 0 14 2.741 1.435 -5.043
SPIN 3 7 0 15 -4.857 -0.779 3.287
SPIN 2 7 0 0 -5.839 -0.168 -0.939
SPIN 2 7 0 1 5.655 0.660 1.608
SPIN 2 7 0 2 -0.468 -4.190 4.151
SPIN 2 7 0 3 0.109 4.596 -3.723
SPIN 2 7 0 4 1.808 -3.303 4.564
SPIN 2 7 0 5 -2.983 4.086 3.067
SPIN 2 7 0 6 2.429 -4.779 -2.501
SPIN 2 7 0 7 -0.674 -1.483 5.687
SPIN 2 7 0 8 5.434 -1.674 -1.635
SPIN 2 7 0 9 -2.900 -4.700 -2.122
SPIN 2 7 0 10 1.143 1.952 -5.466
SPIN 2 7 0 11 0.711 -3.118 4.977
SPIN 2 7 0 12 0.641 5.726 -1.341
SPIN 2 7 0 13 3.578 4.666 -0.647
SPIN 2 7 0 14 1.236 3.394 4.685
SPIN 2 7 0 15 4.018 3.687 -2.294
SPIN 3 7 1 0 -2.426 -1.841 5.072
SPIN 3 7 1 1 4.845 -3.301 -0.792
SPIN 3 7 1 2 -5.546 1.707 -1.152
SPIN 3 7 1 3 -5.897 -0.461 -0.122
SPIN 3 7 1 4 1.399 -4.771 -3.207
SPIN 3 7 1 5 -4.289 -3.913 -1.138
SPIN 3 7 1 6 0.933 -5.786 0.811
SPIN 3 7 1 7 5.480 -2.101 0.747
SPIN 3 7 1 8 -0.043 4.818 3.434
SPIN 3 7 1 9 -3.544 4.724 -0.352
SPIN 3 7 1 10 -2.349 -3.067 -4.481
SPIN 3 7 1 11 -0.156 0.280 -5.907
SPIN 3 7 1 12 1.263 1.018 5.689
SPIN 3 7 1 13 -1.840 5.354 1.717
SPIN 3 7 1 14 -3.278 3.975 2.907
SPIN 3 7 1 15 4.612 0.037 -3.705
SPIN 2 7 1 0 5.740 -0.507 -1.340
SPIN 2 7 1 1 -1.689 5.418 -1.672
SPIN 2 7 1 2 2.017 -2.912 -4.738
SPIN 2 7 1 3 3.757 -4.570 -0.023
SPIN 2 7 1 4 -1.303 1.805 -5.481
SPIN 2 7 1 5 2.567 -5.325 0.243
SPIN 2 7 1 6 0.865 4.504 3.737
SPIN 2 7 1 7 4.329 0.014 -4.033
SPIN 2 7 1 8 -5.022 1.081 2.935
SPIN 2 7 1 9 5.649 1.740 -0.247
SPIN 2 7 1 10 -1.526 -5.156 2.466
SPIN 2 7 1 11 -1.703 -1.252 -5.526
SPIN 2 7 1 12 -5.285 1.375 -2.277
SPIN 2 7 1 13 -2.633 4.722 -2.403
SPIN 2 7 1 14 3.084 4.118 -2.920
SPIN 2 7 1 15 -1.252 -5.694 -1.006
SPIN 3 7 2 0 3.319 -4.763 1.142
SPIN 3 7 2 1 -3.692 -0.188 -4.619
SPIN 3 7 2 2 -2.160 5.438 0.877
SPIN 3 7 2 3 -0.862 0.394 5.840
SPIN 3 7 2 4 5.191 -2.770 -0.615
SPIN 3 7 2 5 2.207 2.172 -5.041
SPIN 3 7 2 6 -0.897 -4.299 3.964
SPIN 3 7 2 7 -5.430 2.296 0.498
SPIN 3 7 2 8 1.912 0.018 -5.599
SPIN 3 7 2 9 1.575 -0.130 5.701
SPIN 3 7 2 10 4.451 3.390 -1.921
SPIN 3 7 2 11 2.790 3.219 4.105
SPIN 3 7 2 12 0.552 3.636 -4.634
SPIN 3 7 2 13 0.412 -5.705 1.513
SPIN 3 7 2 14 2.897 -4.194 3.004
SPIN 3 7 2 15 4.542 -2.467 -2.878
SPIN 2 7 2 0 -2.121 1.763 -5.234
SPIN 2 7 2 1 4.023 3.429 -2.657
SPIN 2 7 2 2 -4.472 -3.210 2.168
SPIN 2 7 2 3 4.316 0.145 -4.044
SPIN 2 7 2 4 -2.332 -0.437 -5.419
SPIN 2 7 2 5 1.295 3.840 4.310
SPIN 2 7 2 6 2.768 1.837 -4.895
SPIN 2 7 2 7 -3.817 -4.195 1.684
SPIN 2 7 2 8 2.962 4.761 -1.887
SPIN 2 7 2 9 1.295 -2.351 5.272
SPIN 2 7 2 10 -3.756 -2.043 4.089
SPIN 2 7 2 11 2.449 4.610 -2.784
SPIN 2 7 2 12 -5.794 1.115 -0.429
SPIN 2 7 2 13 1.012 -5.767 0.845
SPIN 2 7 2 14 5.134 2.094 2.064
SPIN 2 7 2 15 -3.091 3.558 3.575
SPIN 3 7 3 0 5.484 0.194 -2.211
SPIN 3 7 3 1 3.487 4.456 1.727
SPIN 3 7 3 2 3.778 4.050 -2.080
SPIN 3 7 3 3 -4.004 0.699 -4.299
SPIN 3 7 3 4 -1.305 -5.121 2.659
SPIN 3 7 3 5 -4.594 0.632 -3.674
SPIN 3 7 3 6 4.665 3.454 1.143
SPIN 3 7 3 7 2.216 -4.477 3.169
SPIN 3 7 3 8 4.374 -1.294 3.768
SPIN 3 7 3 9 2.135 -0.160 -5.515
SPIN 3 7 3 10 -1.610 -2.260 5.225
SPIN 3 7 3 11 -4.947 0.913 3.114
SPIN 3 7 3 12 5.302 1.304 2.277
SPIN 3 7 3 13 -4.281 -4.083 -0.048
SPIN 3 7 3 14 1.558 -5.479 -1.599
SPIN 3 7 3 15 -3.899 4.450 -0.011
SPIN 2 7 3 0 1.065 5.730 1.015
SPIN 2 7 3 1 2.952 3.742 3.505
SPIN 2 7 3 2 -1.672 -5.129 -2.428
SPIN 2 7 3 3 3.498 -2.255 4.204
SPIN 2 7 3 4 5.556 1.596 -1.260
SPIN 2 7 3 5 -2.959 -4.321 -2.751
SPIN 2 7 3 6 -5.336 2.213 1.275
SPIN 2 7 3 7 3.017 2.326 4.526
SPIN 2 7 3 8 -0.375 -2.649 -5.276
SPIN 2 7 3 9 -1.092 -4.617 3.535
SPIN 2 7 3 10 -1.367 -5.631 -1.191
SPIN 2 7 3 11 4.624 3.680 -0.287
SPIN 2 7 3 12 -3.487 -4.344 1.991
SPIN 2 7 3 13 0.728 -3.791 -4.483
SPIN 2 7 3 14 -2.641 2.603 -4.610
SPIN 2 7 3 15 -5.542 1.498 -1.427
SPIN 3 7 4 0 -2.633 5.055 1.585
SPIN 3 7 4 1 4.785 -2.809 -2.053
SPIN 3 7 4 2 3.265 -3.365 -3.608
SPIN 3 7 4 3 0.011 -3.281 -4.923
SPIN 3 7 4 4 5.516 2.110 0.356
SPIN 3 7 4 5 -5.383 -0.060 2.454
SPIN 3 7 4 6 -1.768 -4.757 -3.041
SPIN 3 7 4 7 -5.032 -1.358 -2.800
SPIN 3 7 4 8 -0.233 -5.806 1.110
SPIN 3 7 4 9 -5.066 1.035 2.874
SPIN 3 7 4 10 -4.246 3.419 -2.297
SPIN 3 7 4 11 5.054 0.667 -3.002
SPIN 3 7 4 12 -4.843 -0.314 3.384
SPIN 3 7 4 13 3.675 2.789 -3.703
SPIN 3 7 4 14 -5.170 -2.802 0.649
SPIN 3 7 4 15 5.442 -2.009 -1.159
SPIN 2 7 4 0 -1.268 -5.696 0.972
SPIN 2 7 4 1 1.186 -3.808 -4.369
SPIN 2 7 4 2 -1.361 4.870 -3.071
SPIN 2 7 4 3 -1.884 -5.449 -1.329
SPIN 2 7 4 4 -2.715 0.082 5.256
SPIN 2 7 4 5 2.278 3.715 -4.001
SPIN 2 7 4 6 0.173 4.970 -3.204
SPIN 2 7 4 7 5.129 -0.407 -2.921
SPIN 2 7 4 8 1.353 3.777 4.348
SPIN 2 7 4 9 -1.629 1.365 -5.521
SPIN 2 7 4 10 5.024 3.123 -0.092
SPIN 2 7 4 11 -1.512 -5.674 0.721
SPIN 2 7 4 12 2.670 -1.462 5.073
SPIN 2 7 4 13 1.246 -2.393 -5.265
SPIN 2 7 4 14 2.222 4.565 3.037
SPIN 2 7 4 15 0.813 -1.820 5.570
SPIN 3 7 5 0 1.576 1.771 -5.421
SPIN 3 7 5 1 -5.339 -1.963 -1.624
SPIN 3 7 5 2 4.582 0.712 -3.674
SPIN 3 7 5 3 4.690 3.460 -1.014
SPIN 3 7 5 4 -0.235 -5.900 -0.374
SPIN 3 7 5 5 5.403 -2.409 -0.012
SPIN 3 7 5 6 -3.122 -3.669 -3.434
SPIN 3 7 5 7 -3.708 2.808 -3.655
SPIN 3 7 5 8 -5.696 0.488 -1.524
SPIN 3 7 5 9 -4.894 3.299 0.409
SPIN 3 7 5 10 -0.183 0.050 5.913
SPIN 3 7 5 11 -2.660 0.067 5.284
SPIN 3 7 5 12 5.715 -0.762 1.326
SPIN 3 7 5 13 -2.000 -0.940 5.488
SPIN 3 7 5 14 -3.001 -4.843 -1.594
SPIN 3 7 5 15 -4.192 -3.107 -2.788
SPIN 2 7 5 0 2.932 -0.376 -5.124
SPIN 2 7 5 1 2.865 5.092 -0.929
SPIN 2 7 5 2 -3.628 -3.567 -3.020
SPIN 2 7 5 3 -1.243 -1.600 5.558
SPIN 2 7 5 4 4.288 2.204 3.429
SPIN 2 7 5 5 -5.630 -1.549 0.953
SPIN 2 7 5 6 4.139 0.436 -4.204
SPIN 2 7 5 7 2.301 -5.437 0.377
SPIN 2 7 5 8 5.798 -0.453 -1.085
SPIN 2 7 5 9 2.468 -4.878 2.261
SPIN 2 7 5 10 2.446 5.378 0.300
SPIN 2 7 5 11 4.786 -3.405 -0.712
SPIN 2 7 5 12 -2.164 5.212 1.775
SPIN 2 7 5 13 0.777 4.460 -3.809
SPIN 2 7 5 14 -3.714 -0.113 -4.604
SPIN 2 7 5 15 -2.119 -4.338 3.419
SPIN 3 7 6 0 -3.842 -4.436 -0.752
SPIN 3 7 6 1 -1.614 -3.996 4.053
SPIN 3 7 6 2 5.494 2.122 -0.554
SPIN 3 7 6 3 -5.895 -0.307 -0.393
SPIN 3 7 6 4 4.782 -3.241 -1.278
SPIN 3 7 6 5 -3.260 -4.552 1.911
SPIN 3 7 6 6 -5.366 1.170 -2.198
SPIN 3 7 6 7 1.107 0.670 5.773
SPIN 3 7 6 8 -2.553 4.294 3.169
SPIN 3 7 6 9 -2.763 -4.622 2.450
SPIN 3 7 6 10 0.188 0.256 -5.908
SPIN 3 7 6 11 3.447 -0.388 -4.793
SPIN 3 7 6 12 -4.291 3.166 2.561
SPIN 3 7 6 13 2.067 2.022 5.161
SPIN 3 7 6 14 -0.865 5.841 -0.361
SPIN 3 7 6 15 4.483 -0.917 3.750
SPIN 2 7 6 0 -2.942 3.662 -3.597
SPIN 2 7 6 1 -0.085 -5.867 -0.759
SPIN 2 7 6 2 0.481 5.460 -2.226
SPIN 2 7 6 3 2.695 -3.723 3.725
SPIN 2 7 6 4 3.938 1.297 4.220
SPIN 2 7 6 5 -1.738 1.951 -5.308
SPIN 2 7 6 6 1.568 1.690 5.448
SPIN 2 7 6 7 0.821 5.763 -1.054
SPIN 2 7 6 8 -2.247 -5.413 0.806
SPIN 2 7 6 9 4.266 4.065 -0.523
SPIN 2 7 6 10 -1.408 -2.427 -5.208
SPIN 2 7 6 11 -1.237 2.002 5.428
SPIN 2 7 6 12 -0.653 -0.165 -5.878
SPIN 2 7 6 13 -3.694 -4.459 1.215
SPIN 2 7 6 14 -4.913 -1.168 3.083
SPIN 2 7 6 15 1.097 -4.076 -4.145
SPIN 3 7 7 0 -1.203 4.260 -3.924
SPIN 3 7 7 1 -3.724 0.631 -4.554
SPIN 3 7 7 2 -5.198 -2.150 -1.834
SPIN 3 7 7 3 3.967 0.750 -4.324
SPIN 3 7 7 4 -3.738 1.892 -4.177
SPIN 3 7 7 5 4.806 -1.012 -3.298
SPIN 3 7 7 6 2.697 -2.245 4.763
SPIN 3 7 7 7 -3.181 4.988 0.068
SPIN 3 7 7 8 -2.144 1.395 5.335
SPIN 3 7 7 9 -2.994 -2.008 4.691
SPIN 3 7 7 10 4.712 -3.462 0.901
SPIN 3 7 7 11 -5.376 2.457 -0.238
SPIN 3 7 7 12 4.292 4.062 0.274
SPIN 3 7 7 13 -1.487 -4.827 -3.080
SPIN 3 7 7 14 4.771 1.938 -2.913
SPIN 3 7 7 15 -5.193 -2.266 1.701
SPIN 2 7 7 0 3.117 -3.768 3.330
SPIN 2 7 7 1 4.089 3.770 -2.018
SPIN 2 7 7 2 4.778 1.711 -3.041
SPIN 2 7 7 3 -4.132 4.207 0.483
SPIN 2 7 7 4 -2.875 -4.282 2.899
SPIN 2 7 7 5 4.525 -3.574 1.323
SPIN 2 7 7 6 -2.424 -5.248 1.256
SPIN 2 7 7 7 1.425 1.197 -5.616
SPIN 2 7 7 8 -2.816 5.021 1.365
SPIN 2 7 7 9 -3.345 -1.206 -4.728
SPIN 2 7 7 10 -0.735 2.069 5.494
SPIN 2 7 7 11 -4.368 -0.264 3.981
SPIN 2 7 7 12 -1.849 -4.545 3.305
SPIN 2 7 7 13 4.593 3.498 -1.294
SPIN 2 7 7 14 -2.784 -0.190 -5.217
SPIN 2 7 7 15 5.692 0.037 1.611
SPIN 3 7 8 0 -0.629 -5.620 -1.739
SPIN 3 7 8 1 -0.669 5.816 -0.854
SPIN 3 7 8 2 -4.237 4.128 0.111
SPIN 3 7 8 3 -1.369 4.851 -3.097
SPIN 3 7 8 4 -0.674 2.696 5.222
SPIN 3 7 8 5 -5.522 -2.050 -0.547
SPIN 3 7 8 6 -2.138 5.516 -0.016
SPIN 3 7 8 7 -1.936 -3.276 4.530
SPIN 3 7 8 8 0.762 5.052 2.983
SPIN 3 7 8 9 -4.005 0.977 -4.243
SPIN 3 7 8 10 4.929 2.356 -2.271
SPIN 3 7 8 11 3.032 0.613 5.043
SPIN 3 7 8 12 -0.250 -5.001 -3.151
SPIN 3 7 8 13 -0.270 4.320 -4.033
SPIN 3 7 8 14 -5.285 2.060 1.681
SPIN 3 7 8 15 2.935 1.216 4.991
SPIN 2 7 8 0 -3.423 -1.743 4.499
SPIN 2 7 8 1 -0.624 3.497 4.731
SPIN 2 7 8 2 -2.548 -0.311 5.330
SPIN 2 7 8 3 1.420 -3.772 -4.331
SPIN 2 7 8 4 -1.822 -4.015 3.945
SPIN 2 7 8 5 -2.199 3.738 -4.024
SPIN 2 7 8 6 -3.321 -4.653 1.522
SPIN 2 7 8 7 1.245 -2.338 5.290
SPIN 2 7 8 8 -5.371 2.359 -0.768
SPIN 2 7 8 9 0.809 -5.847 -0.391
SPIN 2 7 8 10 0.684 5.844 -0.613
SPIN 2 7 8 11 5.511 -0.715 -2.029
SPIN 2 7 8 12 2.859 1.547 4.943
SPIN 2 7 8 13 1.292 -2.912 4.985
SPIN 2 7 8 14 1.023 -2.132 -5.423
SPIN 2 7 8 15 0.606 -5.763 -1.190
SPIN 3 7 9 0 -2.556 4.416 2.994
SPIN 3 7 9 1 1.532 2.125 5.304
SPIN 3 7 9 2 -5.251 1.102 -2.493
SPIN 3 7 9 3 -0.728 4.871 -3.277
SPIN 3 7 9 4 -2.904 2.453 -4.533
SPIN 3 7 9 5 5.808 -0.384 1.057
SPIN 3 7 9 6 -1.432 5.575 -1.368
SPIN 3 7 9 7 -1.692 4.527 -3.413
SPIN 3 7 9 8 3.727 -2.987 3.491
SPIN 3 7 9 9 2.910 5.117 -0.591
SPIN 3 7 9 10 -1.318 -5.076 2.738
SPIN 3 7 9 11 1.112 1.471 5.621
SPIN 3 7 9 12 -5.230 2.408 -1.359
SPIN 3 7 9 13 3.306 -3.570 3.365
SPIN 3 7 9 14 0.915 -0.696 -5.803
SPIN 3 7 9 15 -1.319 5.139 -2.617
SPIN 2 7 9 0 2.320 1.253 5.296
SPIN 2 7 9 1 2.398 -3.313 -4.274
SPIN 2 7 9 2 -4.684 -1.266 3.385
SPIN 2 7 9 3 5.336 -2.543 0.256
SPIN 2 7 9 4 -0.701 5.357 2.411
SPIN 2 7 9 5 -1.211 5.790 0.080
SPIN 2 7 9 6 2.264 -3.703 -4.020
SPIN 2 7 9 7 -2.877 1.502 -4.947
SPIN 2 7 9 8 -0.909 2.538 5.266
SPIN 2 7 9 9 2.983 -3.348 -3.859
SPIN 2 7 9 10 4.947 -3.019 -1.187
SPIN 2 7 9 11 -4.163 -1.127 -4.049
SPIN 2 7 9 12 -1.953 1.226 -5.448
SPIN 2 7 9 13 3.870 2.554 3.674
SPIN 2 7 9 14 -4.920 2.865 -1.608
SPIN 2 7 9 15 1.196 5.319 2.297
SPIN 3 7 10 0 -2.157 -1.991 -5.137
SPIN 3 7 10 1 1.081 5.812 0.231
SPIN 3 7 10 2 1.522 5.279 -2.195
SPIN 3 7 10 3 -4.712 0.836 3.478
SPIN 3 7 10 4 -0.202 5.899 -0.407
SPIN 3 7 10 5 -0.259 -5.893 0.459
SPIN 3 7 10 6 -2.785 2.191 -4.737
SPIN 3 7 10 7 5.069 -2.856 1.071
SPIN 3 7 10 8 -5.141 2.582 -1.382
SPIN 3 7 10 9 -4.413 -3.479 1.851
SPIN 3 7 10 10 4.572 0.741 3.680
SPIN 3 7 10 11 0.714 -1.719 -5.616
SPIN 3 7 10 12 -3.164 3.949 3.065
SPIN 3 7 10 13 -4.051 3.920 1.795
SPIN 3 7 10 14 -2.379 -5.338 0.917
SPIN 3 7 10 15 1.539 4.543 -3.463
SPIN 2 7 10 0 -2.936 5.035 1.014
SPIN 2 7 10 1 -1.331 -5.154 -2.581
SPIN 2 7 10 2 4.817 3.029 -1.619
SPIN 2 7 10 3 -5.017 2.854 -1.296
SPIN 2 7 10 4 0.193 -4.819 -3.426
SPIN 2 7 10 5 -3.898 -0.945 4.349
SPIN 2 7 10 6 -5.576 -0.259 1.960
SPIN 2 7 10 7 3.792 -1.532 4.275
SPIN 2 7 10 8 -3.403 4.510 -1.754
SPIN 2 7 10 9 -4.769 -1.792 3.007
SPIN 2 7 10 10 0.396 4.246 -4.100
SPIN 2 7 10 11 3.629 -4.145 -2.156
SPIN 2 7 10 12 -2.177 4.459 -3.221
SPIN 2 7 10 13 2.528 -3.476 4.065
SPIN 2 7 10 14 3.209 1.474 -4.746
SPIN 2 7 10 15 -3.075 -4.909 -1.201
SPIN 3 7 11 0 -5.745 1.407 0.116
SPIN 3 7 11 1 -0.577 2.571 5.297
SPIN 3 7 11 2 -1.406 -0.529 -5.722
SPIN 3 7 11 3 2.097 2.569 4.899
SPIN 3 7 11 4 -3.221 1.210 -4.813
SPIN 3 7 11 5 0.274 -0.107 -5.909
SPIN 3 7 11 6 2.881 -3.900 3.389
SPIN 3 7 11 7 3.024 1.877 -4.726
SPIN 3 7 11 8 -0.303 2.832 -5.186
SPIN 3 7 11 9 5.758 0.861 -1.050
SPIN 3 7 11 10 -1.323 2.702 -5.094
SPIN 3 7 11 11 0.129 -1.791 5.637
SPIN 3 7 11 12 0.892 -4.503 3.732
SPIN 3 7 11 13 4.484 3.817 -0.573
SPIN 3 7 11 14 5.065 2.939 -0.838
SPIN 3 7 11 15 1.528 -3.838 4.235
SPIN 2 7 11 0 4.816 -2.831 1.946
SPIN 2 7 11 1 -3.015 1.319 4.916
SPIN 2 7 11 2 2.858 -2.691 -4.426
SPIN 2 7 11 3 -2.948 -2.499 4.479
SPIN 2 7 11 4 -2.194 2.931 4.647
SPIN 2 7 11 5 -5.314 2.172 -1.430
SPIN 2 7 11 6 3.292 -1.270 4.748
SPIN 2 7 11 7 -0.477 -5.894 0.195
SPIN 2 7 11 8 1.525 -3.887 -4.191
SPIN 2 7 11 9 -0.918 5.805 0.675
SPIN 2 7 11 10 -5.258 -2.498 1.057
SPIN 2 7 11 11 -2.086 -3.833 -3.994
SPIN 2 7 11 12 3.148 2.705 4.215
SPIN 2 7 11 13 0.261 -0.135 -5.909
SPIN 2 7 11 14 0.868 -3.956 4.312
SPIN 2 7 11 15 -2.538 -2.633 -4.651
SPIN 3 7 12 0 -0.788 3.723 -4.530
SPIN 3 7 12 1 -4.957 0.076 -3.228
SPIN 3 7 12 2 4.044 4.317 -0.081
SPIN 3 7 12 3 -4.684 -2.202 -2.866
SPIN 3 7 12 4 5.743 -1.273 -0.632
SPIN 3 7 12 5 -0.059 3.403 4.839
SPIN 3 7 12 6 0.660 -1.852 -5.580
SPIN 3 7 12 7 -2.886 1.270 5.006
SPIN 3 7 12 8 3.672 4.507 1.096
SPIN 3 7 12 9 -5.659 -1.609 0.626
SPIN 3 7 12 10 4.135 2.558 3.370
SPIN 3 7 12 11 5.420 1.314 -1.974
SPIN 3 7 12 12 -3.619 4.325 1.789
SPIN 3 7 12 13 -2.115 -2.237 5.052
SPIN 3 7 12 14 -3.874 3.747 -2.439
SPIN 3 7 12 15 2.777 -5.224 -0.018
SPIN 2 7 12 0 -1.612 1.438 -5.507
SPIN 2 7 12 1 0.898 3.853 4.398
SPIN 2 7 12 2 0.106 -5.724 -1.492
SPIN 2 7 12 3 1.039 -4.748 3.373
SPIN 2 7 12 4 2.788 -5.206 -0.353
SPIN 2 7 12 5 -1.018 2.084 5.443
SPIN 2 7 12 6 -2.982 -1.228 -4.960
SPIN 2 7 12 7 -2.636 4.085 3.371
SPIN 2 7 12 8 0.129 -5.839 -0.943
SPIN 2 7 12 9 4.055 2.891 3.193
SPIN 2 7 12 10 4.412 3.849 -0.849
SPIN 2 7 12 11 3.544 1.618 4.452
SPIN 2 7 12 12 -1.475 -5.075 2.658
SPIN 2 7 12 13 3.756 -4.437 1.099
SPIN 2 7 12 14 0.963 5.742 1.050
SPIN 2 7 12 15 0.684 -1.081 5.776
SPIN 3 7 13 0 2.493 -4.027 3.545
SPIN 3 7 13 1 -3.310 -2.995 3.883
SPIN 3 7 13 2 -0.301 5.365 2.475
SPIN 3 7 13 3 -1.809 -4.420 -3.491
SPIN 3 7 13 4 -4.641 3.345 -1.508
SPIN 3 7 13 5 -1.489 -5.608 -1.152
SPIN 3 7 13 6 -0.112 5.125 2.953
SPIN 3 7 13 7 -0.262 -1.940 -5.583
SPIN 3 7 13 8 0.834 5.855 -0.159
SPIN 3 7 13 9 5.429 -0.412 -2.316
SPIN 3 7 13 10 0.689 -5.790 -1.002
SPIN 3 7 13 11 -3.496 4.672 -0.976
SPIN 3 7 13 12 -1.446 -5.139 2.550
SPIN 3 7 13 13 4.313 3.956 -0.866
SPIN 3 7 13 14 -0.486 -3.968 -4.361
SPIN 3 7 13 15 -3.224 1.320 4.782
SPIN 2 7 13 0 -4.491 3.646 1.241
SPIN 2 7 13 1 3.555 4.421 1.679
SPIN 2 7 13 2 -3.382 -4.851 0.174
SPIN 2 7 13 3 1.125 -2.333 -5.319
SPIN 2 7 13 4 -1.037 -0.926 5.750
SPIN 2 7 13 5 -4.417 0.147 3.933
SPIN 2 7 13 6 1.593 -2.253 -5.233
SPIN 2 7 13 7 4.599 2.096 -3.075
SPIN 2 7 13 8 -2.738 -3.364 4.024
SPIN 2 7 13 9 -5.901 0.257 -0.341
SPIN 2 7 13 10 3.272 -1.689 -4.630
SPIN 2 7 13 11 -5.782 -0.734 -1.016
SPIN 2 7 13 12 4.950 0.738 -3.155
SPIN 2 7 13 13 -1.135 4.503 3.665
SPIN 2 7 13 14 1.640 5.348 -1.925
SPIN 2 7 13 15 1.810 2.442 -5.075
SPIN 3 7 14 0 -2.881 -3.265 4.005
SPIN 3 7 14 1 -1.705 -0.827 5.604
SPIN 3 7 14 2 0.704 4.694 3.531
SPIN 3 7 14 3 4.638 -3.023 2.085
SPIN 3 7 14 4 -3.676 3.657 -2.848
SPIN 3 7 14 5 0.704 1.729 5.614
SPIN 3 7 14 6 -5.423 0.301 2.345
SPIN 3 7 14 7 3.790 3.139 3.284
SPIN 3 7 14 8 0.637 -0.468 -5.863
SPIN 3 7 14 9 1.295 5.226 2.451
SPIN 3 7 14 10 -1.255 -0.048 5.781
SPIN 3 7 14 11 5.391 1.831 -1.607
SPIN 3 7 14 12 -2.205 2.592 -4.839
SPIN 3 7 14 13 -1.958 -2.748 4.859
SPIN 3 7 14 14 5.832 -0.723 0.686
SPIN 3 7 14 15 -3.594 -4.236 -2.034
SPIN 2 7 14 0 4.012 -4.348 0.004
SPIN 2 7 14 1 -2.165 4.551 3.098
SPIN 2 7 14 2 1.315 5.144 -2.610
SPIN 2 7 14 3 0.001 4.529 -3.806
SPIN 2 7 14 4 2.652 4.000 -3.460
SPIN 2 7 14 5 -1.695 -5.655 0.385
SPIN 2 7 14 6 -4.018 4.210 1.061
SPIN 2 7 14 7 4.223 -4.088 0.673
SPIN 2 7 14 8 3.132 5.006 -0.352
SPIN 2 7 14 9 3.650 -4.632 0.471
SPIN 2 7 14 10 -0.928 -1.335 -5.688
SPIN 2 7 14 11 5.679 -1.642 0.231
SPIN 2 7 14 12 1.507 5.278 2.208
SPIN 2 7 14 13 -1.922 -5.473 -1.165
SPIN 2 7 14 14 4.144 -0.348 -4.208
SPIN 2 7 14 15 -1.685 5.498 1.391
SPIN 3 7 15 0 -4.195 -4.024 -1.099
SPIN 3 7 15 1 4.756 2.738 -2.211
SPIN 3 7 15 2 -5.209 0.894 2.658
SPIN 3 7 15 3 0.219 5.645 -1.757
SPIN 3 7 15 4 5.763 -0.559 1.216
SPIN 3 7 15 5 -3.651 -2.474 3.943
SPIN 3 7 15 6 4.684 1.619 -3.231
SPIN 3 7 15 7 -4.000 -4.303 -0.694
SPIN 3 7 15 8 2.552 4.817 -2.298
SPIN 3 7 15 9 -4.456 -2.177 -3.225
SPIN 3 7 15 10 5.680 -1.619 0.340
SPIN 3 7 15 11 -5.712 -0.374 1.493
SPIN 3 7 15 12 1.415 1.705 -5.485
SPIN 3 7 15 13 5.566 -1.964 0.400
SPIN 3 7 15 14 -4.300 2.016 -3.528
SPIN 3 7 15 15 3.949 2.909 3.308
SPIN 2 7 15 0 0.509 4.204 4.131
SPIN 2 7 15 1 -3.717 -3.509 2.978
SPIN 2 7 15 2 3.930 4.397 0.466
SPIN 2 7 15 3 -5.532 -2.038 0.494
SPIN 2 7 15 4 -3.123 -4.645 -1.916
SPIN 2 7 15 5 -4.395 -0.316 -3.948
SPIN 2 7 15 6 4.433 2.299 -3.173
SPIN 2 7 15 7 -1.735 5.617 0.665
SPIN 2 7 15 8 -4.667 3.499 0.986
SPIN 2 7 15 9 5.181 0.150 2.852
SPIN 2 7 15 10 -3.958 0.110 4.396
SPIN 2 7 15 11 -3.003 -2.188 -4.604
SPIN 2 7 15 12 4.415 3.521 -1.764
SPIN 2 7 15 13 -2.347 -0.439 5.413
SPIN 2 7 15 14 1.602 -4.624 3.324
SPIN 2 7 15 15 5.646 -1.546 -0.858
SPIN 1 8 0 0 1.387 -4.671 -3.356
SPIN 1 8 0 1 0.594 5.153 -2.846
SPIN 1 8 0 2 -2.504 -4.774 -2.436
SPIN 1 8 0 3 2.499 4.505 2.909
SPIN 1 8 0 4 -5.558 0.637 -1.923
SPIN 1 8 0 5 3.175 -4.961 -0.559
SPIN 1 8 0 6 4.214 -2.148 3.554
SPIN 1 8 0 7 -1.287 -3.997 -4.167
SPIN 1 8 0 8 4.752 2.396 2.584
SPIN 1 8 0 9 -4.614 -2.251 -2.939
SPIN 1 8 0 10 5.187 -0.702 2.756
SPIN 1 8 0 11 -1.471 2.372 5.216
SPIN 1 8 0 12 -2.749 2.940 -4.336
SPIN 1 8 0 13 -5.165 1.742 -2.300
SPIN 1 8 0 14 4.282 2.965 -2.806
SPIN 1 8 0 15 3.594 3.736 -2.851
SPIN 4 8 0 0 2.766 -3.848 -3.541
SPIN 4 8 0 1 -1.978 -3.453 4.377
SPIN 4 8 0 2 -0.518 -5.492 2.137
SPIN 4 8 0 3 -0.054 5.894 0.512
SPIN 4 8 0 4 5.518 -1.045 1.860
SPIN 4 8 0 5 -4.296 2.082 -3.494
SPIN 4 8 0 6 3.416 0.860 -4.753
SPIN 4 8 0 7 -5.580 0.063 1.964
SPIN 4 8 0 8 3.167 -2.698 4.206
SPIN 4 8 0 9 -3.347 2.689 4.070
SPIN 4 8 0 10 0.989 -2.795 5.120
SPIN 4 8 0 11 2.831 -1.243 -5.044
SPIN 4 8 0 12 -1.018 1.195 -5.704
SPIN 4 8 0 13 4.134 -2.196 -3.617
SPIN 4 8 0 14 -4.975 -1.098 -3.008
SPIN 4 8 0 15 4.496 -2.734 2.703
SPIN 1 8 1 0 -5.431 -0.096 2.345
SPIN 1 8 1 1 -3.583 -4.440 -1.564
SPIN 1 8 1 2 -5.402 2.356 0.517
SPIN 1 8 1 3 4.265 3.205 2.557
SPIN 1 8 1 4 3.795 1.428 -4.308
SPIN 1 8 1 5 -3.298 -0.515 4.884
SPIN 1 8 1 6 -2.886 -1.929 -4.791
SPIN 1 8 1 7 3.418 0.233 4.823
SPIN 1 8 1 8 -5.191 -1.806 -2.190
SPIN 1 8 1 9 2.359 -5.113 -1.815
SPIN 1 8 1 10 4.262 4.046 0.681
SPIN 1 8 1 11 4.090 -2.233 3.646
SPIN 1 8 1 12 -4.633 0.167 3.675
SPIN 1 8 1 13 5.778 1.153 0.539
SPIN 1 8 1 14 -5.504 -2.161 0.187
SPIN 1 8 1 15 5.429 1.958 1.299
SPIN 4 8 1 0 2.917 3.018 4.169
SPIN 4 8 1 1 3.225 1.085 -4.839
SPIN 4 8 1 2 5.126 1.862 2.293
SPIN 4 8 1 3 -5.137 2.064 2.085
SPIN 4 8 1 4 -0.106 2.267 -5.464
SPIN 4 8 1 5 5.693 -0.096 -1.605
SPIN 4 8 1 6 -4.528 0.658 -3.750
SPIN 4 8 1 7 4.465 -2.654 2.831
SPIN 4 8 1 8 -1.000 -0.205 5.827
SPIN 4 8 1 9 -5.742 0.606 -1.288
SPIN 4 8 1 10 -1.419 -2.242 -5.288
SPIN 4 8 1 11 1.503 -5.700 -0.502
SPIN 4 8 1 12 5.410 -2.388 0.161
SPIN 4 8 1 13 -1.840 5.362 -1.691
SPIN 4 8 1 14 3.806 2.977 -3.413
SPIN 4 8 1 15 -3.519 4.348 1.926
SPIN 1 8 2 0 5.153 -2.854 -0.547
SPIN 1 8 2 1 0.343 1.270 5.768
SPIN 1 8 2 2 0.477 -4.676 -3.593
SPIN 1 8 2 3 -3.503 -4.707 0.759
SPIN 1 8 2 4 1.376 2.166 -5.330
SPIN 1 8 2 5 -1.205 -2.222 5.349
SPIN 1 8 2 6 1.101 -2.538 5.229
SPIN 1 8 2 7 0.074 3.746 -4.579
SPIN 1 8 2 8 4.305 -0.754 3.987
SPIN 1 8 2 9 -5.261 -1.753 2.061
SPIN 1 8 2 10 0.881 -5.625 -1.606
SPIN 1 8 2 11 1.489 5.632 1.029
SPIN 1 8 2 12 -2.297 1.322 5.289
SPIN 1 8 2 13 -4.145 3.974 -1.423
SPIN 1 8 2 14 -1.610 -5.685 0.294
SPIN 1 8 2 15 4.975 -3.201 -0.035
SPIN 4 8 2 0 -1.611 -4.878 2.934
SPIN 4 8 2 1 -3.170 4.994 -0.089
SPIN 4 8 2 2 -0.315 2.756 -5.226
SPIN 4 8 2 3 5.285 -1.768 1.986
SPIN 4 8 2 4 3.284 -1.014 -4.815
SPIN 4 8 2 5 -1.779 0.348 5.631
SPIN 4 8 2 6 2.805 -5.209 0.027
SPIN 4 8 2 7 3.747 3.125 -3.346
SPIN 4 8 2 8 0.599 -5.139 2.870
SPIN 4 8 2 9 3.590 -2.158 4.179
SPIN 4 8 2 10 1.293 -5.535 -1.640
SPIN 4 8 2 11 4.782 -2.653 -2.258
SPIN 4 8 2 12 -3.699 3.285 3.244
SPIN 4 8 2 13 5.228 -2.764 -0.183
SPIN 4 8 2 14 -4.139 3.309 2.630
SPIN 4 8 2 15 -4.364 -3.964 -0.490
SPIN 1 8 3 0 -1.418 3.707 -4.387
SPIN 1 8 3 1 0.444 -5.869 -0.603
SPIN 1 8 3 2 -1.638 -3.096 4.768
SPIN 1 8 3 3 4.517 -0.580 -3.776
SPIN 1 8 3 4 -4.030 -4.102 -1.389
SPIN 1 8 3 5 0.832 4.761 -3.412
SPIN 1 8 3 6 -1.919 5.556 -0.670
SPIN 1 8 3 7 0.468 -5.744 -1.337
SPIN 1 8 3 8 1.476 4.648 -3.349
SPIN 1 8 3 9 3.572 -0.617 -4.676
SPIN 1 8 3 10 -1.193 5.764 -0.593
SPIN 1 8 3 11 0.285 0.206 5.906
SPIN 1 8 3 12 -3.759 1.016 -4.454
SPIN 1 8 3 13 -4.086 4.063 1.342
SPIN 1 8 3 14 -1.853 4.676 -3.114
SPIN 1 8 3 15 -2.638 -1.859 -4.958
SPIN 4 8 3 0 -4.271 3.398 2.283
SPIN 4 8 3 1 -3.822 -0.030 -4.516
SPIN 4 8 3 2 4.815 2.889 1.863
SPIN 4 8 3 3 -2.465 -1.609 -5.132
SPIN 4 8 3 4 -0.756 -2.986 5.051
SPIN 4 8 3 5 5.421 2.207 0.862
SPIN 4 8 3 6 -3.227 2.474 -4.297
SPIN 4 8 3 7 2.268 0.846 5.398
SPIN 4 8 3 8 0.225 0.144 -5.910
SPIN 4 8 3 9 -2.797 0.743 -5.160
SPIN 4 8 3 10 -3.608 4.447 -1.485
SPIN 4 8 3 11 2.236 -1.093 -5.367
SPIN 4 8 3 12 -1.093 5.784 -0.595
SPIN 4 8 3 13 3.828 -2.628 3.666
SPIN 4 8 3 14 -0.986 -3.980 4.265
SPIN 4 8 3 15 4.157 4.130 -0.813
SPIN 1 8 4 0 1.235 -4.007 4.174
SPIN 1 8 4 1 4.489 3.853 -0.080
SPIN 1 8 4 2 -2.781 -1.189 5.084
SPIN 1 8 4 3 -2.357 -3.443 -4.194
SPIN 1 8 4 4 0.082 2.393 5.410
SPIN 1 8 4 5 2.115 -4.771 -2.787
SPIN 1 8 4 6 -4.925 -3.011 -1.295
SPIN 1 8 4 7 -1.183 5.502 1.825
SPIN 1 8 4 8 1.677 -5.655 0.460
SPIN 1 8 4 9 -5.447 0.320 -2.285
SPIN 1 8 4 10 5.211 -2.777 -0.362
SPIN 1 8 4 11 1.564 -5.168 -2.417
SPIN 1 8 4 12 -0.541 2.470 5.349
SPIN 1 8 4 13 -1.271 -4.712 3.344
SPIN 1 8 4 14 4.802 -3.146 -1.430
SPIN 1 8 4 15 4.809 0.337 3.430
SPIN 4 8 4 0 -4.285 3.614 1.892
SPIN 4 8 4 1 4.525 -1.875 3.318
SPIN 4 8 4 2 -4.483 -1.632 3.498
SPIN 4 8 4 3 2.098 5.061 -2.233
SPIN 4 8 4 4 -1.838 -5.402 1.563
SPIN 4 8 4 5 -2.874 -5.042 -1.146
SPIN 4 8 4 6 -1.983 3.582 -4.270
SPIN 4 8 4 7 2.970 -4.766 1.863
SPIN 4 8 4 8 1.529 4.250 -3.820
SPIN 4 8 4 9 1.372 -2.117 5.351
SPIN 4 8 4 10 0.146 4.122 4.241
SPIN 4 8 4 11 -1.233 -5.786 0.069
SPIN 4 8 4 12 -0.774 -0.456 5.848
SPIN 4 8 4 13 -0.074 5.718 1.518
SPIN 4 8 4 14 4.340 -1.791 -3.599
SPIN 4 8 4 15 0.760 3.207 -4.913
SPIN 1 8 5 0 1.002 5.030 -2.949
SPIN 1 8 5 1 -0.620 -2.378 5.382
SPIN 1 8 5 2 -3.844 2.026 -4.014
SPIN 1 8 5 3 -1.874 5.405 1.509
SPIN 1 8 5 4 -2.383 -1.548 -5.189
SPIN 1 8 5 5 -1.861 4.229 -3.695
SPIN 1 8 5 6 4.825 1.531 3.062
SPIN 1 8 5 7 -1.182 5.134 2.692
SPIN 1 8 5 8 0.675 5.117 -2.892
SPIN 1 8 5 9 1.290 0.667 -5.735
SPIN 1 8 5 10 -5.772 -1.220 0.447
SPIN 1 8 5 11 0.529 1.025 -5.803
SPIN 1 8 5 12 -2.170 5.461 -0.682
SPIN 1 8 5 13 0.678 -0.256 5.871
SPIN 1 8 5 14 -4.981 -2.801 -1.530
SPIN 1 8 5 15 4.464 2.985 -2.482
SPIN 4 8 5 0 5.202 -1.258 2.522
SPIN 4 8 5 1 -2.835 4.852 -1.850
SPIN 4 8 5 2 0.696 -1.592 -5.655
SPIN 4 8 5 3 -1.280 -4.376 -3.770
SPIN 4 8 5 4 4.457 -3.877 0.321
SPIN 4 8 5 5 -4.749 3.224 -1.432
SPIN 4 8 5 6 1.343 4.056 4.092
SPIN 4 8 5 7 -1.042 1.134 -5.712
SPIN 4 8 5 8 -0.478 1.103 5.793
SPIN 4 8 5 9 0.381 5.746 -1.357
SPIN 4 8 5 10 -1.002 -5.314 -2.400
SPIN 4 8 5 11 -3.564 -4.077 2.382
SPIN 4 8 5 12 -5.095 -0.079 -3.005
SPIN 4 8 5 13 2.830 2.350 4.634
SPIN 4 8 5 14 -2.830 -3.048 4.207
SPIN 4 8 5 15 -1.044 -5.309 -2.392
SPIN 1 8 6 0 -4.330 3.025 -2.664
SPIN 1 8 6 1 3.387 2.950 -3.850
SPIN 1 8 6 2 0.591 -4.893 -3.273
SPIN 1 8 6 3 -0.392 -5.567 1.964
SPIN 1 8 6 4 -4.654 3.543 0.888
SPIN 1 8 6 5 -3.293 4.832 0.902
SPIN 1 8 6 6 2.541 -5.166 1.363
SPIN 1 8 6 7 -0.786 2.057 -5.491
SPIN 1 8 6 8 5.777 -1.273 -0.055
SPIN 1 8 6 9 -3.107 4.807 1.498
SPIN 1 8 6 10 3.384 -2.333 -4.255
SPIN 1 8 6 11 -2.354 3.646 4.021
SPIN 1 8 6 12 -3.930 -2.976 -3.272
SPIN 1 8 6 13 5.104 0.649 -2.921
SPIN 1 8 6 14 -5.524 1.768 -1.165
SPIN 1 8 6 15 1.629 -4.360 -3.652
SPIN 4 8 6 0 2.929 5.042 -0.997
SPIN 4 8 6 1 -2.972 -3.626 3.607
SPIN 4 8 6 2 1.104 5.768 -0.716
SPIN 4 8 6 3 -3.734 -4.127 2.005
SPIN 4 8 6 4 -0.358 -5.733 -1.418
SPIN 4 8 6 5 -3.715 4.210 -1.862
SPIN 4 8 6 6 -2.387 -5.395 0.444
SPIN 4 8 6 7 2.827 -0.084 5.196
SPIN 4 8 6 8 -3.133 -3.319 -3.765
SPIN 4 8 6 9 3.151 -0.735 4.953
SPIN 4 8 6 10 -3.495 1.913 4.373
SPIN 4 8 6 11 4.791 -2.958 1.815
SPIN 4 8 6 12 0.993 3.067 4.961
SPIN 4 8 6 13 2.762 -2.906 -4.351
SPIN 4 8 6 14 -0.828 -5.504 2.006
SPIN 4 8 6 15 -5.489 -2.158 0.459
SPIN 1 8 7 0 -3.311 -2.046 -4.456
SPIN 1 8 7 1 4.515 -1.850 -3.346
SPIN 1 8 7 2 -3.631 4.664 0.249
SPIN 1 8 7 3 -3.628 2.742 3.784
SPIN 1 8 7 4 1.141 -5.389 2.159
SPIN 1 8 7 5 5.837 -0.309 -0.911
SPIN 1 8 7 6 3.111 1.836 -4.685
SPIN 1 8 7 7 -1.282 -1.599 -5.550
SPIN 1 8 7 8 3.125 -1.605 4.760
SPIN 1 8 7 9 -0.147 -4.273 -4.089
SPIN 1 8 7 10 -0.851 4.859 -3.265
SPIN 1 8 7 11 2.472 -3.916 -3.682
SPIN 1 8 7 12 -5.427 1.918 -1.366
SPIN 1 8 7 13 2.589 -0.306 -5.311
SPIN 1 8 7 14 -0.188 -1.217 -5.787
SPIN 1 8 7 15 0.851 0.299 5.847
SPIN 4 8 7 0 2.561 1.655 5.070
SPIN 4 8 7 1 0.530 -5.053 3.031
SPIN 4 8 7 2 -3.526 -4.195 2.229
SPIN 4 8 7 3 3.559 -2.760 3.836
SPIN 4 8 7 4 2.907 -1.199 -5.011
SPIN 4 8 7 5 1.896 -0.328 5.594
SPIN 4 8 7 6 -4.373 0.793 -3.905
SPIN 4 8 7 7 3.074 -2.252 -4.525
SPIN 4 8 7 8 -4.975 -1.664 2.735
SPIN 4 8 7 9 -4.067 4.280 0.377
SPIN 4 8 7 10 1.215 -2.763 -5.088
SPIN 4 8 7 11 1.426 4.777 3.185
SPIN 4 8 7 12 3.221 -3.821 3.166
SPIN 4 8 7 13 3.367 -4.826 0.612
SPIN 4 8 7 14 -3.146 4.921 -0.939
SPIN 4 8 7 15 5.843 0.633 -0.676
SPIN 1 8 8 0 -2.116 5.403 -1.154
SPIN 1 8 8 1 -5.656 1.731 0.124
SPIN 1 8 8 2 -3.131 -4.789 1.505
SPIN 1 8 8 3 1.818 1.028 -5.535
SPIN 1 8 8 4 -2.697 5.243 -0.490
SPIN 1 8 8 5 -3.741 -4.568 -0.379
SPIN 1 8 8 6 2.743 4.833 2.029
SPIN 1 8 8 7 -5.712 -0.685 -1.380
SPIN 1 8 8 8 -3.534 -2.352 -4.121
SPIN 1 8 8 9 5.557 1.630 1.211
SPIN 1 8 8 10 -5.649 -1.648 0.614
SPIN 1 8 8 11 4.503 -2.875 -2.541
SPIN 1 8 8 12 3.451 2.872 -3.853
SPIN 1 8 8 13 -5.247 2.452 -1.209
SPIN 1 8 8 14 2.672 1.759 4.977
SPIN 1 8 8 15 1.330 -3.746 4.382
SPIN 4 8 8 0 5.088 -2.965 -0.569
SPIN 4 8 8 1 3.358 2.452 -4.209
SPIN 4 8 8 2 5.266 0.832 2.565
SPIN 4 8 8 3 5.101 -2.373 1.831
SPIN 4 8 8 4 -1.458 -1.064 -5.634
SPIN 4 8 8 5 -3.372 1.473 -4.633
SPIN 4 8 8 6 0.526 1.211 5.767
SPIN 4 8 8 7 -2.464 -2.218 -4.900
SPIN 4 8 8 8 0.620 5.751 1.243
SPIN 4 8 8 9 2.461 -4.873 -2.280
SPIN 4 8 8 10 -2.754 -4.434 -2.786
SPIN 4 8 8 11 1.032 5.096 2.822
SPIN 4 8 8 12 -0.146 -3.863 -4.478
SPIN 4 8 8 13 1.894 5.564 0.679
SPIN 4 8 8 14 5.612 1.692 0.799
SPIN 4 8 8 15 0.176 4.460 -3.883
SPIN 1 8 9 0 4.578 -1.706 3.337
SPIN 1 8 9 1 0.439 5.453 2.251
SPIN 1 8 9 2 -3.474 3.143 3.613
SPIN 1 8 9 3 -4.491 3.759 0.835
SPIN 1 8 9 4 -3.996 3.938 1.876
SPIN 1 8 9 5 0.630 -5.530 2.005
SPIN 1 8 9 6 -4.933 -3.237 0.431
SPIN 1 8 9 7 2.957 -0.876 5.049
SPIN 1 8 9 8 5.472 -1.947 1.125
SPIN 1 8 9 9 -4.423 -3.670 -1.402
SPIN 1 8 9 10 -3.090 4.763 1.662
SPIN 1 8 9 11 0.963 -5.611 -1.609
SPIN 1 8 9 12 0.952 -2.200 -5.409
SPIN 1 8 9 13 0.774 -0.387 5.852
SPIN 1 8 9 14 -5.443 2.112 -0.957
SPIN 1 8 9 15 2.369 -5.052 1.966
SPIN 4 8 9 0 2.974 5.019 -0.983
SPIN 4 8 9 1 -4.399 -3.896 -0.686
SPIN 4 8 9 2 4.416 -2.605 2.951
SPIN 4 8 9 3 -4.948 0.419 -3.216
SPIN 4 8 9 4 3.865 -3.266 3.065
SPIN 4 8 9 5 -0.253 5.184 -2.840
SPIN 4 8 9 6 3.068 -0.119 -5.057
SPIN 4 8 9 7 1.213 4.333 3.841
SPIN 4 8 9 8 -3.980 -2.624 -3.503
SPIN 4 8 9 9 -1.044 3.894 4.330
SPIN 4 8 9 10 -3.315 4.009 -2.817
SPIN 4 8 9 11 3.996 -0.981 -4.251
SPIN 4 8 9 12 -5.780 0.980 0.792
SPIN 4 8 9 13 1.086 -5.589 -1.609
SPIN 4 8 9 14 5.078 -2.177 -2.114
SPIN 4 8 9 15 -4.805 -3.403 0.575
SPIN 1 8 10 0 3.020 -2.189 -4.592
SPIN 1 8 10 1 -2.692 -0.918 5.187
SPIN 1 8 10 2 -1.010 -4.218 -4.024
SPIN 1 8 10 3 4.964 3.192 -0.408
SPIN 1 8 10 4 -5.583 1.627 1.089
SPIN 1 8 10 5 -0.667 -1.992 -5.531
SPIN 1 8 10 6 -0.501 4.604 3.681
SPIN 1 8 10 7 2.114 4.108 -3.695
SPIN 1 8 10 8 5.716 -0.653 1.379
SPIN 1 8 10 9 -3.620 4.654 0.488
SPIN 1 8 10 10 2.714 5.189 0.844
SPIN 1 8 10 11 -3.890 -1.941 4.012
SPIN 1 8 10 12 2.321 -4.450 3.133
SPIN 1 8 10 13 -0.281 -5.630 -1.797
SPIN 1 8 10 14 0.476 5.867 0.591
SPIN 1 8 10 15 -2.500 4.885 2.212
SPIN 4 8 10 0 3.128 -1.529 -4.784
SPIN 4 8 10 1 -3.067 -1.090 4.940
SPIN 4 8 10 2 2.207 -3.225 -4.441
SPIN 4 8 10 3 -5.040 2.763 -1.400
SPIN 4 8 10 4 0.555 -5.635 1.716
SPIN 4 8 10 5 -2.827 -4.846 1.877
SPIN 4 8 10 6 0.807 -5.850 0.356
SPIN 4 8 10 7 -1.932 2.926 4.765
SPIN 4 8 10 8 4.148 -1.805 -3.813
SPIN 4 8 10 9 -3.335 -4.792 0.955
SPIN 4 8 10 10 0.798 -5.542 -1.911
SPIN 4 8 10 11 4.230 -3.870 -1.459
SPIN 4 8 10 12 4.501 1.090 -3.682
SPIN 4 8 10 13 5.124 -0.315 2.941
SPIN 4 8 10 14 -3.740 -4.225 -1.777
SPIN 4 8 10 15 3.497 2.937 3.761
SPIN 1 8 11 0 1.308 0.523 5.746
SPIN 1 8 11 1 -4.406 0.974 -3.825
SPIN 1 8 11 2 -0.400 -3.484 4.765
SPIN 1 8 11 3 -0.953 2.915 -5.059
SPIN 1 8 11 4 4.056 -2.927 -3.160
SPIN 1 8 11 5 5.044 3.082 -0.244
SPIN 1 8 11 6 -3.375 1.359 -4.665
SPIN 1 8 11 7 -2.654 5.287 0.072
SPIN 1 8 11 8 -4.446 -1.228 -3.705
SPIN 1 8 11 9 4.516 1.571 -3.484
SPIN 1 8 11 10 -5.667 -1.113 -1.284
SPIN 1 8 11 11 -4.386 3.443 -1.977
SPIN 1 8 11 12 -0.149 5.533 -2.089
SPIN 1 8 11 13 -5.701 -0.303 1.550
SPIN 1 8 11 14 0.604 0.210 5.881
SPIN 1 8 11 15 -2.614 0.470 -5.286
SPIN 4 8 11 0 -5.768 -0.761 1.073
SPIN 4 8 11 1 4.367 2.821 -2.823
SPIN 4 8 11 2 -3.845 4.276 -1.390
SPIN 4 8 11 3 5.733 -1.342 -0.579
SPIN 4 8 11 4 -0.580 4.300 -4.021
SPIN 4 8 11 5 3.561 3.997 2.518
SPIN 4 8 11 6 -4.222 2.089 -3.579
SPIN 4 8 11 7 5.247 2.084 1.768
SPIN 4 8 11 8 3.513 -1.174 4.613
SPIN 4 8 11 9 2.339 1.503 -5.222
SPIN 4 8 11 10 -5.203 1.030 -2.620
SPIN 4 8 11 11 -5.481 -1.959 1.057
SPIN 4 8 11 12 -1.007 -5.160 -2.713
SPIN 4 8 11 13 2.261 -0.658 -5.427
SPIN 4 8 11 14 3.476 -4.786 0.108
SPIN 4 8 11 15 1.434 -0.026 -5.740
SPIN 1 8 12 0 3.915 3.660 2.507
SPIN 1 8 12 1 3.842 -1.483 -4.247
SPIN 1 8 12 2 1.808 4.904 2.772
SPIN 1 8 12 3 4.493 -0.238 -3.842
SPIN 1 8 12 4 -3.836 3.720 2.538
SPIN 1 8 12 5 5.876 0.006 -0.687
SPIN 1 8 12 6 1.872 0.297 5.604
SPIN 1 8 12 7 0.754 -4.218 -4.080
SPIN 1 8 12 8 -0.716 3.370 4.810
SPIN 1 8 12 9 -1.404 -0.653 -5.710
SPIN 1 8 12 10 -2.758 -1.681 4.956
SPIN 1 8 12 11 1.610 1.331 -5.535
SPIN 1 8 12 12 5.617 0.653 -1.737
SPIN 1 8 12 13 -1.529 -1.932 -5.379
SPIN 1 8 12 14 1.685 4.549 -3.386
SPIN 1 8 12 15 -2.241 -1.980 5.105
SPIN 4 8 12 0 -0.644 -5.124 -2.887
SPIN 4 8 12 1 5.420 0.899 -2.194
SPIN 4 8 12 2 -1.161 3.138 4.879
SPIN 4 8 12 3 -0.116 -4.667 -3.634
SPIN 4 8 12 4 -0.012 -4.195 4.172
SPIN 4 8 12 5 -4.050 1.719 -3.955
SPIN 4 8 12 6 1.279 -1.019 5.686
SPIN 4 8 12 7 0.655 -0.341 5.870
SPIN 4 8 12 8 -1.349 1.579 -5.539
SPIN 4 8 12 9 -2.883 -3.864 3.429
SPIN 4 8 12 10 2.387 3.130 -4.417
SPIN 4 8 12 11 -1.691 5.146 2.380
SPIN 4 8 12 12 2.529 5.207 1.222
SPIN 4 8 12 13 -3.332 -4.778 -1.031
SPIN 4 8 12 14 -0.078 5.183 -2.851
SPIN 4 8 12 15 -1.365 1.803 -5.467
SPIN 1 8 13 0 1.442 4.919 2.953
SPIN 1 8 13 1 -3.905 -0.212 -4.439
SPIN 1 8 13 2 -3.012 0.715 5.041
SPIN 1 8 13 3 -5.914 -0.144 -0.029
SPIN 1 8 13 4 5.119 -0.286 2.952
SPIN 1 8 13 5 3.376 -0.611 4.820
SPIN 1 8 13 6 5.277 0.969 2.492
SPIN 1 8 13 7 -3.078 4.626 2.030
SPIN 1 8 13 8 4.804 0.978 -3.311
SPIN 1 8 13 9 -4.319 1.775 3.633
SPIN 1 8 13 10 -5.764 0.916 -0.970
SPIN 1 8 13 11 -2.535 0.681 5.302
SPIN 1 8 13 12 3.759 -2.463 3.847
SPIN 1 8 13 13 -0.168 5.384 2.446
SPIN 1 8 13 14 3.037 -1.879 4.717
SPIN 1 8 13 15 1.076 -0.330 5.808
SPIN 4 8 13 0 2.946 4.154 -3.010
SPIN 4 8 13 1 -5.613 1.794 0.528
SPIN 4 8 13 2 2.076 -0.489 5.518
SPIN 4 8 13 3 4.845 3.341 0.605
SPIN 4 8 13 4 4.378 -2.782 -2.846
SPIN 4 8 13 5 3.704 4.501 1.010
SPIN 4 8 13 6 -0.653 -1.537 -5.675
SPIN 4 8 13 7 2.394 -3.600 -4.039
SPIN 4 8 13 8 -4.707 1.078 3.418
SPIN 4 8 13 9 5.130 -0.686 2.866
SPIN 4 8 13 10 -5.794 0.880 -0.806
SPIN 4 8 13 11 2.392 -5.399 0.359
SPIN 4 8 13 12 5.274 -1.866 -1.924
SPIN 4 8 13 13 -0.500 -5.765 -1.229
SPIN 4 8 13 14 1.192 4.748 3.322
SPIN 4 8 13 15 0.635 -4.586 -3.683
SPIN 1 8 14 0 -4.987 2.068 -2.420
SPIN 1 8 14 1 1.773 2.879 4.854
SPIN 1 8 14 2 2.450 -1.218 -5.245
SPIN 1 8 14 3 -1.397 4.786 -3.185
SPIN 1 8 14 4 -4.247 -4.119 0.049
SPIN 1 8 14 5 -3.201 -4.463 -2.198
SPIN 1 8 14 6 -3.684 -4.499 -1.086
SPIN 1 8 14 7 -4.645 3.369 -1.439
SPIN 1 8 14 8 4.943 -1.889 -2.645
SPIN 1 8 14 9 3.940 -0.613 4.370
SPIN 1 8 14 10 -5.008 -3.062 0.740
SPIN 1 8 14 11 -3.166 4.160 -2.770
SPIN 1 8 14 12 4.291 -3.544 2.006
SPIN 1 8 14 13 1.719 -5.637 0.522
SPIN 1 8 14 14 0.410 5.441 -2.286
SPIN 1 8 14 15 -3.414 -4.832 0.032
SPIN 4 8 14 0 -2.715 5.179 0.896
SPIN 4 8 14 1 3.406 -3.195 -3.632
SPIN 4 8 14 2 -4.977 3.029 -1.028
SPIN 4 8 14 3 2.576 -5.025 1.765
SPIN 4 8 14 4 0.719 1.134 5.762
SPIN 4 8 14 5 -0.175 -5.891 -0.514
SPIN 4 8 14 6 3.253 4.720 -1.461
SPIN 4 8 14 7 -5.882 -0.314 0.555
SPIN 4 8 14 8 -4.711 3.183 -1.636
SPIN 4 8 14 9 1.895 -5.536 -0.872
SPIN 4 8 14 10 5.607 -1.867 0.279
SPIN 4 8 14 11 -2.685 -1.585 -5.027
SPIN 4 8 14 12 -4.654 1.628 3.270
SPIN 4 8 14 13 -1.953 2.959 4.736
SPIN 4 8 14 14 -0.452 5.432 -2.301
SPIN 4 8 14 15 3.484 2.222 -4.234
SPIN 1 8 15 0 3.392 3.747 3.075
SPIN 1 8 15 1 1.447 2.270 -5.268
SPIN 1 8 15 2 -5.209 -2.786 -0.323
SPIN 1 8 15 3 3.261 -2.865 -4.020
SPIN 1 8 15 4 -3.993 2.693 3.436
SPIN 1 8 15 5 4.381 -3.924 -0.640
SPIN 1 8 15 6 5.841 -0.903 0.267
SPIN 1 8 15 7 -5.245 -1.598 -2.222
SPIN 1 8 15 8 -2.358 4.037 3.625
SPIN 1 8 15 9 -1.612 5.678 -0.405
SPIN 1 8 15 10 -2.244 -2.168 5.027
SPIN 1 8 15 11 -3.701 2.635 -3.789
SPIN 1 8 15 12 3.158 -4.308 2.543
SPIN 1 8 15 13 -2.403 1.596 5.165
SPIN 1 8 15 14 5.737 -1.072 0.969
SPIN 1 8 15 15 -3.820 -3.368 3.011
SPIN 4 8 15 0 -0.058 -5.498 2.184
SPIN 4 8 15 1 2.758 -0.989 5.139
SPIN 4 8 15 2 5.089 -0.321 3.000
SPIN 4 8 15 3 -3.042 4.147 -2.923
SPIN 4 8 15 4 -1.704 -3.842 -4.163
SPIN 4 8 15 5 1.180 5.578 1.580
SPIN 4 8 15 6 -3.611 -3.715 -2.857
SPIN 4 8 15 7 -0.344 -3.325 -4.881
SPIN 4 8 15 8 -4.464 -3.560 -1.550
SPIN 4 8 15 9 0.756 1.903 -5.550
SPIN 4 8 15 10 -4.846 2.579 -2.206
SPIN 4 8 15 11 -0.802 -4.320 3.961
SPIN 4 8 15 12 -0.101 4.146 4.219
SPIN 4 8 15 13 4.265 -2.232 -3.439
SPIN 4 8 15 14 -0.727 -4.113 4.190
SPIN 4 8 15 15 2.629 5.132 -1.321
SPIN 3 8 0 0 -3.230 4.115 2.763
SPIN 3 8 0 1 -1.548 -4.830 -3.045
SPIN 3 8 0 2 -4.940 2.519 2.063
SPIN 3 8 0 3 4.873 -3.045 1.408
SPIN 3 8 0 4 -4.709 -1.868 -3.055
SPIN 3 8 0 5 -1.946 1.857 5.269
SPIN 3 8 0 6 -3.795 0.798 4.468
SPIN 3 8 0 7 2.407 -5.168 -1.579
SPIN 3 8 0 8 3.834 1.715 -4.166
SPIN 3 8 0 9 -1.279 -5.094 2.723
SPIN 3 8 0 10 1.419 3.003 -4.896
SPIN 3 8 0 11 5.518 1.784 -1.171
SPIN 3 8 0 12 -3.362 -4.424 -2.031
SPIN 3 8 0 13 -4.850 -0.534 -3.346
SPIN 3 8 0 14 -4.267 1.746 3.707
SPIN 3 8 0 15 -1.829 1.764 -5.343
SPIN 2 8 0 0 0.209 5.877 -0.646
SPIN 2 8 0 1 1.652 -4.125 3.906
SPIN 2 8 0 2 -1.292 -0.654 5.736
SPIN 2 8 0 3 -1.662 -1.050 5.580
SPIN 2 8 0 4 -4.216 -1.581 3.837
SPIN 2 8 0 5 5.632 0.758 -1.644
SPIN 2 8 0 6 -3.243 1.413 -4.742
SPIN 2 8 0 7 1.771 4.505 3.402
SPIN 2 8 0 8 -2.075 -3.993 -3.841
SPIN 2 8 0 9 -3.499 1.149 -4.630
SPIN 2 8 0 10 2.047 -5.546 -0.220
SPIN 2 8 0 11 -5.787 0.002 -1.230
SPIN 2 8 0 12 0.222 0.450 -5.895
SPIN 2 8 0 13 0.103 -0.260 5.909
SPIN 2 8 0 14 -1.588 -3.112 -4.774
SPIN 2 8 0 15 -1.750 2.110 5.243
SPIN 3 8 1 0 3.280 2.732 4.096
SPIN 3 8 1 1 -5.115 -1.510 -2.562
SPIN 3 8 1 2 0.803 -3.328 -4.825
SPIN 3 8 1 3 5.679 1.016 -1.309
SPIN 3 8 1 4 -0.462 4.766 3.475
SPIN 3 8 1 5 3.050 -2.129 4.600
SPIN 3 8 1 6 1.035 5.351 2.301
SPIN 3 8 1 7 -5.631 1.475 -1.054
SPIN 3 8 1 8 5.213 0.285 2.783
SPIN 3 8 1 9 0.088 -5.911 -0.233
SPIN 3 8 1 10 -5.212 -1.134 -2.559
SPIN 3 8 1 11 -4.693 -1.985 3.007
SPIN 3 8 1 12 -4.147 -3.951 1.479
SPIN 3 8 1 13 -2.234 2.635 4.803
SPIN 3 8 1 14 -0.171 5.794 1.186
SPIN 3 8 1 15 -1.049 -1.817 -5.532
SPIN 2 8 1 0 2.288 0.360 -5.444
SPIN 2 8 1 1 3.275 4.898 -0.539
SPIN 2 8 1 2 -5.396 -0.273 2.411
SPIN 2 8 1 3 3.337 0.683 -4.837
SPIN 2 8 1 4 4.733 3.492 -0.633
SPIN 2 8 1 5 1.444 -3.770 4.324
SPIN 2 8 1 6 1.994 0.117 -5.569
SPIN 2 8 1 7 1.440 5.604 1.235
SPIN 2 8 1 8 -3.891 1.073 -4.325
SPIN 2 8 1 9 -1.534 5.636 -0.943
SPIN 2 8 1 10 -0.959 -2.808 5.118
SPIN 2 8 1 11 5.262 -2.041 1.772
SPIN 2 8 1 12 -3.446 -0.824 4.738
SPIN 2 8 1 13 -4.452 2.559 2.938
SPIN 2 8 1 14 4.991 -3.175 0.073
SPIN 2 8 1 15 3.811 -0.206 4.520
SPIN 3 8 2 0 1.046 -4.391 -3.824
SPIN 3 8 2 1 0.442 -5.395 -2.387
SPIN 3 8 2 2 2.088 4.989 -2.398
SPIN 3 8 2 3 -5.624 0.520 -1.760
SPIN 3 8 2 4 -4.268 -3.130 -2.644
SPIN 3 8 2 5 3.105 -4.977 0.771
SPIN 3 8 2 6 1.805 0.295 5.626
SPIN 3 8 2 7 0.932 -5.788 0.797
SPIN 3 8 2 8 -2.040 -0.631 -5.517
SPIN 3 8 2 9 2.842 2.879 -4.317
SPIN 3 8 2 10 -0.299 3.394 -4.837
SPIN 3 8 2 11 5.007 2.942 1.130
SPIN 3 8 2 12 -5.595 1.773 -0.746
SPIN 3 8 2 13 3.107 1.876 -4.672
SPIN 3 8 2 14 -0.228 5.906 -0.268
SPIN 3 8 2 15 2.628 -1.391 5.115
SPIN 2 8 2 0 -3.212 2.576 4.248
SPIN 2 8 2 1 2.951 -5.037 -0.958
SPIN 2 8 2 2 1.862 5.039 2.479
SPIN 2 8 2 3 -2.439 1.885 5.049
SPIN 2 8 2 4 -5.054 2.862 1.125
SPIN 2 8 2 5 -5.034 0.502 -3.067
SPIN 2 8 2 6 4.881 -0.965 3.201
SPIN 2 8 2 7 0.639 4.544 3.734
SPIN 2 8 2 8 4.161 -3.389 2.490
SPIN 2 8 2 9 -2.465 -5.215 -1.313
SPIN 2 8 2 10 2.738 4.035 -3.350
SPIN 2 8 2 11 -3.394 0.590 4.810
SPIN 2 8 2 12 5.745 -1.402 -0.175
SPIN 2 8 2 13 -2.227 -1.350 5.312
SPIN 2 8 2 14 4.429 -0.891 -3.820
SPIN 2 8 2 15 -1.237 5.688 1.054
SPIN 3 8 3 0 3.913 3.806 -2.281
SPIN 3 8 3 1 3.630 -0.225 4.666
SPIN 3 8 3 2 -2.652 -3.718 -3.760
SPIN 3 8 3 3 3.658 1.979 4.207
SPIN 3 8 3 4 2.918 5.143 -0.196
SPIN 3 8 3 5 3.181 -1.272 4.823
SPIN 3 8 3 6 -0.304 -1.524 5.708
SPIN 3 8 3 7 -2.291 2.436 -4.880
SPIN 3 8 3 8 -1.587 4.105 3.953
SPIN 3 8 3 9 1.424 5.175 2.488
SPIN 3 8 3 10 1.694 -3.444 -4.502
SPIN 3 8 3 11 2.263 -1.873 5.135
SPIN 3 8 3 12 -5.111 -0.959 2.821
SPIN 3 8 3 13 -2.746 -4.720 -2.275
SPIN 3 8 3 14 -5.744 1.328 0.488
SPIN 3 8 3 15 2.655 -4.968 -1.808
SPIN 2 8 3 0 -2.021 -2.794 -4.807
SPIN 2 8 3 1 -5.771 -1.256 0.351
SPIN 2 8 3 2 5.540 1.966 -0.663
SPIN 2 8 3 3 -5.848 0.790 -0.422
SPIN 2 8 3 4 -0.418 -5.230 2.734
SPIN 2 8 3 5 0.514 3.759 -4.540
SPIN 2 8 3 6 -1.677 -4.888 2.880
SPIN 2 8 3 7 -0.200 5.886 0.565
SPIN 2 8 3 8 -0.160 -5.603 1.892
SPIN 2 8 3 9 -5.530 1.046 -1.825
SPIN 2 8 3 10 2.614 -5.300 0.277
SPIN 2 8 3 11 -1.260 -5.632 -1.300
SPIN 2 8 3 12 -2.218 0.779 5.429
SPIN 2 8 3 13 1.830 -4.812 -2.915
SPIN 2 8 3 14 -1.900 5.591 -0.366
SPIN 2 8 3 15 0.901 -2.380 5.341
SPIN 3 8 4 0 1.722 -4.775 -3.039
SPIN 3 8 4 1 0.404 5.852 0.772
SPIN 3 8 4 2 -1.032 3.258 4.829
SPIN 3 8 4 3 -3.055 4.653 2.003
SPIN 3 8 4 4 -4.632 3.452 -1.277
SPIN 3 8 4 5 -2.539 -5.188 -1.280
SPIN 3 8 4 6 -3.979 1.848 -3.969
SPIN 3 8 4 7 3.443 4.253 -2.248
SPIN 3 8 4 8 1.013 5.605 1.599
SPIN 3 8 4 9 0.528 -5.121 -2.915
SPIN 3 8 4 10 -0.783 -5.569 1.836
SPIN 3 8 4 11 -1.783 3.770 4.196
SPIN 3 8 4 12 1.723 1.314 -5.505
SPIN 3 8 4 13 -4.215 -3.237 2.600
SPIN 3 8 4 14 -2.712 0.437 -5.240
SPIN 3 8 4 15 -4.667 1.211 3.427
SPIN 2 8 4 0 3.163 -2.121 -4.528
SPIN 2 8 4 1 -1.637 5.684 0.109
SPIN 2 8 4 2 -2.895 -5.055 1.032
SPIN 2 8 4 3 4.932 0.527 3.225
SPIN 2 8 4 4 4.910 -3.003 1.368
SPIN 2 8 4 5 -1.605 -2.577 5.078
SPIN 2 8 4 6 4.547 3.762 -0.415
SPIN 2 8 4 7 -2.224 -0.426 5.466
SPIN 2 8 4 8 -3.334 2.423 -4.244
SPIN 2 8 4 9 3.278 -3.059 3.859
SPIN 2 8 4 10 -5.889 -0.157 -0.548
SPIN 2 8 4 11 3.482 -0.496 -4.757
SPIN 2 8 4 12 2.486 4.558 -2.837
SPIN 2 8 4 13 3.002 0.664 -5.054
SPIN 2 8 4 14 2.527 -4.362 -3.096
SPIN 2 8 4 15 -3.943 -4.388 -0.443
SPIN 3 8 5 0 1.622 -4.445 3.551
SPIN 3 8 5 1 -3.150 -4.553 -2.086
SPIN 3 8 5 2 2.368 -5.319 1.050
SPIN 3 8 5 3 -3.670 -2.684 3.786
SPIN 3 8 5 4 1.941 5.580 0.309
SPIN 3 8 5 5 -3.705 -1.877 -4.213
SPIN 3 8 5 6 2.167 0.853 5.439
SPIN 3 8 5 7 5.784 -1.238 -0.106
SPIN 3 8 5 8 4.947 -0.795 3.145
SPIN 3 8 5 9 -4.958 0.700 -3.151
SPIN 3 8 5 10 3.233 4.898 0.747
SPIN 3 8 5 11 0.149 0.986 5.831
SPIN 3 8 5 12 4.365 -3.938 0.661
SPIN 3 8 5 13 4.018 -1.922 -3.893
SPIN 3 8 5 14 0.832 4.938 3.150
SPIN 3 8 5 15 0.683 0.112 5.875
SPIN 2 8 5 0 4.186 -2.462 3.379
SPIN 2 8 5 1 -5.915 0.020 0.111
SPIN 2 8 5 2 -2.551 1.095 5.224
SPIN 2 8 5 3 4.520 -3.743 -0.749
SPIN 2 8 5 4 -2.747 3.660 3.750
SPIN 2 8 5 5 4.316 -1.299 -3.832
SPIN 2 8 5 6 -1.617 -5.252 -2.190
SPIN 2 8 5 7 -1.606 5.480 1.546
SPIN 2 8 5 8 -5.097 -1.827 -2.384
SPIN 2 8 5 9 -3.501 4.746 -0.463
SPIN 2 8 5 10 5.737 1.195 -0.814
SPIN 2 8 5 11 -1.195 -2.402 5.273
SPIN 2 8 5 12 -4.859 -1.016 -3.219
SPIN 2 8 5 13 -2.720 2.032 4.845
SPIN 2 8 5 14 -2.403 -5.392 -0.395
SPIN 2 8 5 15 2.685 3.587 -3.863
SPIN 3 8 6 0 1.960 -4.272 3.593
SPIN 3 8 6 1 2.516 4.465 -2.956
SPIN 3 8 6 2 -2.493 2.606 -4.690
SPIN 3 8 6 3 4.971 0.952 -3.063
SPIN 3 8 6 4 -3.582 -4.604 0.986
SPIN 3 8 6 5 4.948 -3.079 1.017
SPIN 3 8 6 6 1.751 2.384 -5.124
SPIN 3 8 6 7 -2.768 -5.082 -1.230
SPIN 3 8 6 8 2.637 -4.070 3.388
SPIN 3 8 6 9 5.698 -1.322 0.887
SPIN 3 8 6 10 -1.943 0.199 5.584
SPIN 3 8 6 11 -5.070 2.073 -2.237
SPIN 3 8 6 12 2.998 5.069 0.560
SPIN 3 8 6 13 -5.873 -0.689 0.189
SPIN 3 8 6 14 1.388 -2.731 -5.061
SPIN 3 8 6 15 3.424 4.489 1.767
SPIN 2 8 6 0 1.146 0.434 5.788
SPIN 2 8 6 1 4.113 0.279 -4.243
SPIN 2 8 6 2 5.627 -1.043 1.501
SPIN 2 8 6 3 -2.391 -2.605 4.743
SPIN 2 8 6 4 1.324 -2.630 -5.131
SPIN 2 8 6 5 -1.606 1.129 5.581
SPIN 2 8 6 6 -3.742 3.689 -2.719
SPIN 2 8 6 7 -1.416 5.523 -1.580
SPIN 2 8 6 8 5.651 -0.519 1.674
SPIN 2 8 6 9 -4.134 -0.616 4.187
SPIN 2 8 6 10 4.452 3.461 -1.788
SPIN 2 8 6 11 5.842 -0.165 -0.918
SPIN 2 8 6 12 -2.871 4.951 1.498
SPIN 2 8 6 13 0.588 -5.145 -2.860
SPIN 2 8 6 14 2.459 4.233 3.322
SPIN 2 8 6 15 2.847 -1.561 4.946
SPIN 3 8 7 0 -1.997 -4.193 -3.665
SPIN 3 8 7 1 1.856 -5.145 -2.255
SPIN 3 8 7 2 4.992 3.134 0.509
SPIN 3 8 7 3 -5.016 3.060 -0.693
SPIN 3 8 7 4 0.561 -2.530 -5.318
SPIN 3 8 7 5 -0.975 5.307 2.427
SPIN 3 8 7 6 -1.980 -2.278 5.088
SPIN 3 8 7 7 -2.450 1.566 -5.152
SPIN 3 8 7 8 0.744 5.595 -1.772
SPIN 3 8 7 9 -1.489 5.235 2.319
SPIN 3 8 7 10 1.233 -5.760 -0.551
SPIN 3 8 7 11 2.709 -5.063 1.425
SPIN 3 8 7 12 -2.211 2.121 -5.061
SPIN 3 8 7 13 0.465 5.868 -0.591
SPIN 3 8 7 14 4.393 0.527 3.927
SPIN 3 8 7 15 -2.854 -5.142 0.645
SPIN 2 8 7 0 1.393 -4.536 3.534
SPIN 2 8 7 1 1.672 5.296 -2.039
SPIN 2 8 7 2 -0.682 -4.398 3.898
SPIN 2 8 7 3 -3.676 2.398 -3.967
SPIN 2 8 7 4 -1.531 -5.582 -1.225
SPIN 2 8 7 5 -3.877 1.120 4.326
SPIN 2 8 7 6 4.396 -3.387 2.050
SPIN 2 8 7 7 3.966 1.697 4.048
SPIN 2 8 7 8 4.989 -2.901 -1.303
SPIN 2 8 7 9 0.766 4.910 -3.210
SPIN 2 8 7 10 1.416 -5.725 0.471
SPIN 2 8 7 11 -4.322 4.035 -0.198
SPIN 2 8 7 12 3.899 -3.563 2.664
SPIN 2 8 7 13 0.375 3.646 4.644
SPIN 2 8 7 14 -1.375 -3.146 4.818
SPIN 2 8 7 15 0.193 -5.088 -3.012
SPIN 3 8 8 0 2.887 -4.800 -1.902
SPIN 3 8 8 1 3.040 0.065 5.075
SPIN 3 8 8 2 -2.908 4.241 -2.926
SPIN 3 8 8 3 1.279 5.270 -2.365
SPIN 3 8 8 4 -5.299 -0.050 -2.630
SPIN 3 8 8 5 3.295 0.936 4.823
SPIN 3 8 8 6 1.910 -1.887 -5.272
SPIN 3 8 8 7 4.695 -1.925 3.042
SPIN 3 8 8 8 3.133 -2.426 -4.393
SPIN 3 8 8 9 3.139 5.003 0.341
SPIN 3 8 8 10 -4.199 -1.430 -3.915
SPIN 3 8 8 11 2.090 4.456 -3.282
SPIN 3 8 8 12 -5.716 -1.354 -0.704
SPIN 3 8 8 13 -4.479 -2.294 3.110
SPIN 3 8 8 14 -1.714 -3.877 -4.127
SPIN 3 8 8 15 -4.153 0.957 4.103
SPIN 2 8 8 0 3.438 -3.902 2.820
SPIN 2 8 8 1 -4.562 -3.743 0.425
SPIN 2 8 8 2 2.597 0.409 -5.300
SPIN 2 8 8 3 -1.930 -3.954 3.955
SPIN 2 8 8 4 3.285 1.135 4.787
SPIN 2 8 8 5 3.942 3.694 2.412
SPIN 2 8 8 6 2.383 0.590 -5.383
SPIN 2 8 8 7 -1.535 5.713 0.083
SPIN 2 8 8 8 4.782 2.774 -2.106
SPIN 2 8 8 9 -0.214 5.074 -3.035
SPIN 2 8 8 10 4.202 -3.628 2.045
SPIN 2 8 8 11 -0.145 5.744 -1.409
SPIN 2 8 8 12 -4.461 -3.580 1.509
SPIN 2 8 8 13 3.335 -0.073 -4.886
SPIN 2 8 8 14 -2.320 -5.442 0.045
SPIN 2 8 8 15 3.949 1.451 -4.159
SPIN 3 8 9 0 1.128 1.594 -5.584
SPIN 3 8 9 1 5.314 -2.496 -0.730
SPIN 3 8 9 2 -5.239 1.013 2.556
SPIN 3 8 9 3 2.165 0.526 -5.481
SPIN 3 8 9 4 -2.007 2.187 5.117
SPIN 3 8 9 5 0.445 2.416 -5.382
SPIN 3 8 9 6 -1.387 -3.899 4.228
SPIN 3 8 9 7 0.419 5.842 -0.834
SPIN 3 8 9 8 -5.711 -1.541 0.082
SPIN 3 8 9 9 -5.303 1.826 -1.883
SPIN 3 8 9 10 1.743 4.580 3.315
SPIN 3 8 9 11 4.995 -2.919 1.235
SPIN 3 8 9 12 4.663 -2.760 2.375
SPIN 3 8 9 13 1.035 4.750 -3.371
SPIN 3 8 9 14 -0.841 4.506 3.740
SPIN 3 8 9 15 -5.124 1.385 2.614
SPIN 2 8 9 0 -3.843 3.650 -2.628
SPIN 2 8 9 1 2.846 4.407 2.735
SPIN 2 8 9 2 4.490 1.915 -3.342
SPIN 2 8 9 3 1.124 -3.731 -4.452
SPIN 2 8 9 4 3.843 -3.487 -2.841
SPIN 2 8 9 5 4.071 -4.241 0.664
SPIN 2 8 9 6 4.536 -1.454 -3.509
SPIN 2 8 9 7 -3.574 1.121 -4.579
SPIN 2 8 9 8 5.847 0.640 0.632
SPIN 2 8 9 9 4.133 -3.664 -2.121
SPIN 2 8 9 10 2.501 3.656 -3.922
SPIN 2 8 9 11 1.379 -5.711 0.696
SPIN 2 8 9 12 -5.902 0.388 0.114
SPIN 2 8 9 13 -5.387 -2.392 0.511
SPIN 2 8 9 14 4.004 2.750 3.378
SPIN 2 8 9 15 4.463 -3.801 -0.798
SPIN 3 8 10 0 -1.933 -4.267 3.613
SPIN 3 8 10 1 5.910 0.173 0.213
SPIN 3 8 10 2 2.062 3.452 4.340
SPIN 3 8 10 3 2.452 5.311 0.881
SPIN 3 8 10 4 -2.825 2.472 -4.572
SPIN 3 8 10 5 1.156 -5.769 0.621
SPIN 3 8 10 6 -2.690 2.611 4.577
SPIN 3 8 10 7 0.824 -2.326 5.377
SPIN 3 8 10 8 3.821 -0.607 4.476
SPIN 3 8 10 9 3.993 1.120 -4.220
SPIN 3 8 10 10 -3.743 -0.351 4.568
SPIN 3 8 10 11 -0.533 5.652 -1.663
SPIN 3 8 10 12 1.539 4.928 -2.889
SPIN 3 8 10 13 0.195 -3.832 4.503
SPIN 3 8 10 14 -0.172 1.132 -5.804
SPIN 3 8 10 15 0.491 4.048 -4.286
SPIN 2 8 10 0 4.127 -4.157 0.830
SPIN 2 8 10 1 -0.600 -5.437 -2.255
SPIN 2 8 10 2 4.905 3.213 -0.789
SPIN 2 8 10 3 0.175 -5.686 -1.626
SPIN 2 8 10 4 -5.736 -1.054 0.992
SPIN 2 8 10 5 -3.560 4.586 1.138
SPIN 2 8 10 6 3.859 2.201 3.907
SPIN 2 8 10 7 -1.451 -5.679 -0.804
SPIN 2 8 10 8 3.753 4.125 -1.974
SPIN 2 8 10 9 0.197 5.314 2.593
SPIN 2 8 10 10 -4.293 -3.243 -2.461
SPIN 2 8 10 11 -3.262 -4.907 -0.526
SPIN 2 8 10 12 4.785 3.447 0.470
SPIN 2 8 10 13 -1.318 -4.484 -3.627
SPIN 2 8 10 14 -4.467 -0.798 -3.795
SPIN 2 8 10 15 1.387 3.351 4.674
SPIN 3 8 11 0 -1.173 2.359 5.297
SPIN 3 8 11 1 3.230 2.683 -4.167
SPIN 3 8 11 2 0.488 4.778 -3.454
SPIN 3 8 11 3 3.349 -4.870 -0.256
SPIN 3 8 11 4 4.099 3.964 1.575
SPIN 3 8 11 5 -2.414 2.238 4.916
SPIN 3 8 11 6 3.909 -2.589 3.608
SPIN 3 8 11 7 5.062 2.387 1.918
SPIN 3 8 11 8 3.034 -1.233 -4.927
SPIN 3 8 11 9 -5.898 -0.098 -0.446
SPIN 3 8 11 10 -5.013 -0.351 3.123
SPIN 3 8 11 11 -3.247 -4.192 2.624
SPIN 3 8 11 12 0.880 4.000 4.269
SPIN 3 8 11 13 -1.751 3.544 -4.402
SPIN 3 8 11 14 1.555 0.662 -5.669
SPIN 3 8 11 15 0.835 -4.536 -3.706
SPIN 2 8 11 0 4.613 3.049 2.104
SPIN 2 8 11 1 -1.959 -1.016 -5.489
SPIN 2 8 11 2 0.039 -3.944 4.409
SPIN 2 8 11 3 -5.625 1.351 1.238
SPIN 2 8 11 4 -3.408 2.708 -4.007
SPIN 2 8 11 5 1.851 -5.069 -2.424
SPIN 2 8 11 6 0.608 -1.624 5.656
SPIN 2 8 11 7 -1.591 -2.666 -5.036
SPIN 2 8 11 8 -2.474 5.369 0.240
SPIN 2 8 11 9 -1.134 1.640 5.570
SPIN 2 8 11 10 4.819 2.934 -1.781
SPIN 2 8 11 11 3.022 -4.856 -1.512
SPIN 2 8 11 12 0.225 -2.722 5.248
SPIN 2 8 11 13 4.637 -0.875 3.569
SPIN 2 8 11 14 -4.215 -3.134 2.723
SPIN 2 8 11 15 3.309 -2.421 4.265
SPIN 3 8 12 0 4.032 3.138 -2.983
SPIN 3 8 12 1 -4.901 3.182 0.923
SPIN 3 8 12 2 -4.335 -2.134 3.414
SPIN 3 8 12 3 1.215 1.248 5.654
SPIN 3 8 12 4 -3.765 -3.797 2.531
SPIN 3 8 12 5 0.104 -4.991 3.175
SPIN 3 8 12 6 0.181 5.589 1.931
SPIN 3 8 12 7 2.328 -5.381 -0.793
SPIN 3 8 12 8 0.315 5.384 -2.431
SPIN 3 8 12 9 -2.730 -4.750 -2.233
SPIN 3 8 12 10 -1.018 2.914 -5.047
SPIN 3 8 12 11 0.285 -0.613 5.877
SPIN 3 8 12 12 -1.011 -5.666 -1.369
SPIN 3 8 12 13 3.510 4.636 -1.089
SPIN 3 8 12 14 -2.359 1.431 5.233
SPIN 3 8 12 15 2.242 -0.169 -5.472
SPIN 2 8 12 0 -0.720 1.996 5.522
SPIN 2 8 12 1 1.416 -4.186 -3.934
SPIN 2 8 12 2 -1.899 5.289 -1.850
SPIN 2 8 12 3 -4.734 0.116 -3.546
SPIN 2 8 12 4 0.102 0.841 5.855
SPIN 2 8 12 5 4.865 1.200 3.146
SPIN 2 8 12 6 4.425 -3.914 0.305
SPIN 2 8 12 7 3.007 2.808 -4.251
SPIN 2 8 12 8 -5.343 0.249 2.528
SPIN 2 8 12 9 3.221 -3.176 -3.813
SPIN 2 8 12 10 -5.508 2.133 0.340
SPIN 2 8 12 11 -4.759 -2.117 -2.806
SPIN 2 8 12 12 -1.770 2.973 -4.799
SPIN 2 8 12 13 1.821 5.585 0.703
SPIN 2 8 12 14 -4.471 2.418 -3.027
SPIN 2 8 12 15 0.520 0.827 -5.835
SPIN 3 8 13 0 2.828 -2.076 -4.764
SPIN 3 8 13 1 5.329 -2.537 -0.405
SPIN 3 8 13 2 -1.601 0.078 -5.695
SPIN 3 8 13 3 2.077 -4.751 2.848
SPIN 3 8 13 4 3.748 -3.313 3.159
SPIN 3 8 13 5 -0.572 -0.495 -5.867
SPIN 3 8 13 6 1.493 -5.687 -0.656
SPIN 3 8 13 7 3.955 -0.435 -4.378
SPIN 3 8 13 8 -0.620 -5.806 -0.952
SPIN 3 8 13 9 5.133 -2.703 -1.159
SPIN 3 8 13 10 4.279 -0.812 4.003
SPIN 3 8 13 11 5.236 -2.235 1.607
SPIN 3 8 13 12 -3.724 0.425 -4.577
SPIN 3 8 13 13 1.504 -1.393 5.549
SPIN 3 8 13 14 1.501 -1.948 -5.381
SPIN 3 8 13 15 -0.655 -2.792 5.174
SPIN 2 8 13 0 1.487 -1.986 -5.371
SPIN 2 8 13 1 -0.482 -5.680 1.584
SPIN 2 8 13 2 4.103 -0.799 4.186
SPIN 2 8 13 3 5.098 -2.863 0.898
SPIN 2 8 13 4 1.612 -3.161 -4.734
SPIN 2 8 13 5 -1.381 3.119 -4.834
SPIN 2 8 13 6 -1.185 -4.534 3.610
SPIN 2 8 13 7 -5.424 2.191 -0.881
SPIN 2 8 13 8 -5.213 2.771 0.381
SPIN 2 8 13 9 -0.477 -2.522 -5.331
SPIN 2 8 13 10 -3.157 3.868 -3.174
SPIN 2 8 13 11 0.281 -5.036 3.093
SPIN 2 8 13 12 -0.551 1.316 -5.741
SPIN 2 8 13 13 -2.420 -5.277 -1.141
SPIN 2 8 13 14 2.581 0.620 5.287
SPIN 2 8 13 15 -5.092 -2.139 2.120
SPIN 3 8 14 0 -4.736 -1.956 2.957
SPIN 3 8 14 1 -0.800 5.700 1.367
SPIN 3 8 14 2 1.250 -5.430 -1.989
SPIN 3 8 14 3 0.071 3.425 -4.823
SPIN 3 8 14 4 -2.937 5.039 0.992
SPIN 3 8 14 5 1.120 -3.738 4.447
SPIN 3 8 14 6 -2.838 4.328 2.867
SPIN 3 8 14 7 3.935 0.925 -4.320
SPIN 3 8 14 8 -1.389 3.511 4.554
SPIN 3 8 14 9 1.635 5.683 0.175
SPIN 3 8 14 10 2.392 5.151 -1.658
SPIN 3 8 14 11 0.158 -3.995 4.360
SPIN 3 8 14 12 -0.492 5.653 1.674
SPIN 3 8 14 13 3.168 2.164 -4.503
SPIN 3 8 14 14 -3.472 4.398 1.898
SPIN 3 8 14 15 -3.040 4.982 0.968
SPIN 2 8 14 0 -3.894 0.078 4.453
SPIN 2 8 14 1 3.693 4.575 0.657
SPIN 2 8 14 2 -0.122 5.895 0.484
SPIN 2 8 14 3 2.486 -4.308 3.203
SPIN 2 8 14 4 4.050 4.047 -1.490
SPIN 2 8 14 5 3.038 0.641 5.036
SPIN 2 8 14 6 -4.538 -3.791 0.193
SPIN 2 8 14 7 -5.401 -1.984 1.375
SPIN 2 8 14 8 -3.467 -3.681 3.071
SPIN 2 8 14 9 -1.416 -0.899 5.673
SPIN 2 8 14 10 5.092 1.254 2.739
SPIN 2 8 14 11 -5.787 -1.005 0.706
SPIN 2 8 14 12 5.291 -0.462 -2.606
SPIN 2 8 14 13 4.885 3.003 -1.456
SPIN 2 8 14 14 -0.359 1.898 5.592
SPIN 2 8 14 15 5.251 -2.424 -1.246
SPIN 3 8 15 0 3.470 2.588 -4.033
SPIN 3 8 15 1 -2.521 0.355 5.340
SPIN 3 8 15 2 2.051 2.237 5.078
SPIN 3 8 15 3 -5.723 1.417 -0.486
SPIN 3 8 15 4 5.405 1.931 -1.433
SPIN 3 8 15 5 -2.071 5.529 -0.368
SPIN 3 8 15 6 3.165 -4.988 0.313
SPIN 3 8 15 7 -2.188 1.643 5.245
SPIN 3 8 15 8 4.659 -3.456 1.160
SPIN 3 8 15 9 3.374 0.470 -4.837
SPIN 3 8 15 10 -2.761 2.490 4.602
SPIN 3 8 15 11 -0.921 -3.513 -4.670
SPIN 3 8 15 12 5.638 1.719 -0.504
SPIN 3 8 15 13 -4.967 -1.491 -2.847
SPIN 3 8 15 14 4.352 -3.586 -1.789
SPIN 3 8 15 15 -1.151 0.058 -5.803
SPIN 2 8 15 0 -4.462 3.842 -0.579
SPIN 2 8 15 1 1.116 -3.794 -4.400
SPIN 2 8 15 2 -2.632 -1.845 -4.967
SPIN 2 8 15 3 -4.899 -2.353 -2.337
SPIN 2 8 15 4 5.613 -1.840 -0.331
SPIN 2 8 15 5 -2.669 -2.536 4.631
SPIN 2 8 15 6 -3.691 4.380 1.480
SPIN 2 8 15 7 4.119 -0.260 4.239
SPIN 2 8 15 8 -3.987 1.712 -4.021
SPIN 2 8 15 9 4.108 -1.524 3.975
SPIN 2 8 15 10 1.212 0.094 5.790
SPIN 2 8 15 11 3.181 2.909 -4.053
SPIN 2 8 15 12 -0.073 -1.364 5.756
SPIN 2 8 15 13 -2.226 0.661 -5.441
SPIN 2 8 15 14 -2.259 -5.150 1.838
SPIN 2 8 15 15 -3.703 4.066 2.181
SPIN 1 9 0 0 1.839 3.417 4.466
SPIN 1 9 0 1 4.856 -3.341 -0.511
SPIN 1 9 0 2 -4.528 -0.520 3.772
SPIN 1 9 0 3 -1.961 5.231 -1.948
SPIN 1 9 0 4 0.980 0.539 5.809
SPIN 1 9 0 5 3.185 -2.584 4.264
SPIN 1 9 0 6 -2.030 1.183 -5.429
SPIN 1 9 0 7 -4.467 1.041 -3.736
SPIN 1 9 0 8 -1.866 -4.892 2.754
SPIN 1 9 0 9 2.351 4.423 -3.148
SPIN 1 9 0 10 -2.580 -4.575 2.723
SPIN 1 9 0 11 5.458 -0.258 -2.267
SPIN 1 9 0 12 -5.080 -2.190 -2.096
SPIN 1 9 0 13 4.047 0.370 4.300
SPIN 1 9 0 14 -1.132 5.418 -2.089
SPIN 1 9 0 15 4.432 -1.517 -3.614
SPIN 4 9 0 0 -3.118 4.314 -2.581
SPIN 4 9 0 1 1.376 -4.199 3.933
SPIN 4 9 0 2 2.870 0.841 -5.104
SPIN 4 9 0 3 0.819 2.108 -5.467
SPIN 4 9 0 4 5.333 -0.512 -2.510
SPIN 4 9 0 5 2.482 -3.199 4.313
SPIN 4 9 0 6 4.169 -4.152 0.614
SPIN 4 9 0 7 0.462 4.156 -4.185
SPIN 4 9 0 8 -2.542 4.758 -2.429
SPIN 4 9 0 9 -3.714 -4.443 1.212
SPIN 4 9 0 10 -1.691 -1.604 -5.438
SPIN 4 9 0 11 -0.888 4.431 3.818
SPIN 4 9 0 12 -5.085 2.004 -2.263
SPIN 4 9 0 13 -0.316 5.140 2.913
SPIN 4 9 0 14 -1.467 5.661 0.898
SPIN 4 9 0 15 -2.723 -0.462 -5.232
SPIN 1 9 1 0 -4.789 -2.630 -2.269
SPIN 1 9 1 1 2.687 1.447 -5.068
SPIN 1 9 1 2 2.026 5.127 -2.146
SPIN 1 9 1 3 -4.328 1.519 3.736
SPIN 1 9 1 4 -5.857 0.370 -0.744
SPIN 1 9 1 5 -2.129 5.490 0.567
SPIN 1 9 1 6 4.380 2.055 3.404
SPIN 1 9 1 7 -0.997 -5.830 -0.114
SPIN 1 9 1 8 2.218 1.335 5.320
SPIN 1 9 1 9 3.452 0.025 4.804
SPIN 1 9 1 10 -2.338 -1.941 -5.076
SPIN 1 9 1 11 3.443 0.278 4.803
SPIN 1 9 1 12 -3.740 4.498 -0.883
SPIN 1 9 1 13 -1.330 5.762 0.179
SPIN 1 9 1 14 3.685 3.797 -2.645
SPIN 1 9 1 15 -0.328 -2.452 5.374
SPIN 4 9 1 0 -1.753 5.389 -1.699
SPIN 4 9 1 1 4.540 3.015 2.302
SPIN 4 9 1 2 -4.008 -0.204 4.347
SPIN 4 9 1 3 2.699 1.329 5.094
SPIN 4 9 1 4 -2.187 -4.965 2.358
SPIN 4 9 1 5 1.604 -0.870 -5.628
SPIN 4 9 1 6 -4.256 3.848 -1.441
SPIN 4 9 1 7 2.441 -2.191 -4.924
SPIN 4 9 1 8 -0.529 -5.430 2.288
SPIN 4 9 1 9 4.705 -0.358 -3.569
SPIN 4 9 1 10 0.073 3.572 4.716
SPIN 4 9 1 11 -0.998 2.754 -5.140
SPIN 4 9 1 12 3.189 1.200 4.836
SPIN 4 9 1 13 -0.045 -5.892 -0.535
SPIN 4 9 1 14 -5.428 -2.135 -0.992
SPIN 4 9 1 15 4.532 -3.802 0.089
SPIN 1 9 2 0 0.309 4.188 4.168
SPIN 1 9 2 1 -5.755 1.212 0.641
SPIN 1 9 2 2 -0.387 4.655 3.631
SPIN 1 9 2 3 1.960 -5.359 -1.563
SPIN 1 9 2 4 2.263 5.451 -0.402
SPIN 1 9 2 5 -0.688 5.408 -2.297
SPIN 1 9 2 6 4.057 -4.235 0.778
SPIN 1 9 2 7 0.088 4.583 -3.740
SPIN 1 9 2 8 -4.016 -4.156 -1.262
SPIN 1 9 2 9 -0.596 5.611 1.779
SPIN 1 9 2 10 -3.686 -2.105 -4.121
SPIN 1 9 2 11 1.058 -5.294 2.419
SPIN 1 9 2 12 -3.106 3.027 4.023
SPIN 1 9 2 13 4.257 -4.067 0.585
SPIN 1 9 2 14 -3.535 4.348 1.897
SPIN 1 9 2 15 -4.379 -1.435 -3.710
SPIN 4 9 2 0 -4.225 -3.161 -2.675
SPIN 4 9 2 1 -0.503 -5.885 -0.343
SPIN 4 9 2 2 2.387 3.238 -4.338
SPIN 4 9 2 3 4.185 -1.213 -4.002
SPIN 4 9 2 4 -5.388 -2.399 0.464
SPIN 4 9 2 5 -4.203 4.043 -0.993
SPIN 4 9 2 6 4.489 0.704 -3.789
SPIN 4 9 2 7 -4.574 2.446 2.845
SPIN 4 9 2 8 -2.166 2.769 -4.758
SPIN 4 9 2 9 -1.619 -2.734 -4.990
SPIN 4 9 2 10 -0.082 5.909 0.273
SPIN 4 9 2 11 -1.046 -3.874 4.347
SPIN 4 9 2 12 5.005 3.154 0.012
SPIN 4 9 2 13 -5.880 0.483 0.438
SPIN 4 9 2 14 1.473 3.385 4.623
SPIN 4 9 2 15 -1.349 1.300 -5.612
SPIN 1 9 3 0 -1.374 -0.865 5.689
SPIN 1 9 3 1 3.225 4.472 -2.144
SPIN 1 9 3 2 -2.737 1.959 -4.865
SPIN 1 9 3 3 3.178 -4.986 0.192
SPIN 1 9 3 4 -4.102 4.047 1.340
SPIN 1 9 3 5 4.300 -2.400 3.279
SPIN 1 9 3 6 -4.782 0.405 -3.460
SPIN 1 9 3 7 -1.349 5.036 2.797
SPIN 1 9 3 8 -4.675 1.946 -3.058
SPIN 1 9 3 9 0.304 -5.142 2.909
SPIN 1 9 3 10 -3.516 0.033 -4.758
SPIN 1 9 3 11 -1.239 2.026 -5.418
SPIN 1 9 3 12 -1.274 -0.873 5.711
SPIN 1 9 3 13 -4.047 4.268 0.638
SPIN 1 9 3 14 3.145 -4.944 -0.816
SPIN 1 9 3 15 4.021 1.897 -3.903
SPIN 4 9 3 0 -1.668 2.398 -5.145
SPIN 4 9 3 1 4.069 0.946 4.189
SPIN 4 9 3 2 -5.090 1.526 2.601
SPIN 4 9 3 3 -3.864 -1.234 4.306
SPIN 4 9 3 4 4.244 -4.120 -0.106
SPIN 4 9 3 5 4.271 1.007 3.968
SPIN 4 9 3 6 -2.157 -3.174 4.503
SPIN 4 9 3 7 3.776 3.633 -2.746
SPIN 4 9 3 8 -3.659 4.581 -0.796
SPIN 4 9 3 9 -0.044 1.864 5.615
SPIN 4 9 3 10 1.607 5.112 2.507
SPIN 4 9 3 11 -5.260 -2.684 -0.351
SPIN 4 9 3 12 -1.512 -5.719 0.021
SPIN 4 9 3 13 -3.235 4.946 -0.266
SPIN 4 9 3 14 -0.601 -2.507 -5.325
SPIN 4 9 3 15 0.192 3.092 5.040
SPIN 1 9 4 0 -3.497 2.667 -3.957
SPIN 1 9 4 1 -1.128 -5.796 -0.365
SPIN 1 9 4 2 1.672 0.826 5.614
SPIN 1 9 4 3 2.273 -0.808 -5.402
SPIN 1 9 4 4 2.640 -1.918 4.935
SPIN 1 9 4 5 -3.265 3.003 -3.914
SPIN 1 9 4 6 3.913 -2.065 -3.927
SPIN 1 9 4 7 -2.314 -5.029 2.087
SPIN 1 9 4 8 2.250 5.085 2.019
SPIN 1 9 4 9 5.309 2.208 1.392
SPIN 1 9 4 10 -3.077 -2.540 -4.368
SPIN 1 9 4 11 -1.901 3.799 4.117
SPIN 1 9 4 12 3.683 0.398 4.613
SPIN 1 9 4 13 2.953 2.542 -4.452
SPIN 1 9 4 14 5.694 -0.354 1.568
SPIN 1 9 4 15 -1.906 -2.973 -4.747
SPIN 4 9 4 0 2.258 -2.819 4.686
SPIN 4 9 4 1 4.822 -0.204 -3.421
SPIN 4 9 4 2 -0.511 5.613 -1.797
SPIN 4 9 4 3 5.021 -0.249 -3.119
SPIN 4 9 4 4 -0.262 5.765 1.304
SPIN 4 9 4 5 4.378 1.882 -3.506
SPIN 4 9 4 6 2.059 3.859 -3.983
SPIN 4 9 4 7 -0.060 -4.815 3.436
SPIN 4 9 4 8 -5.327 2.256 1.235
SPIN 4 9 4 9 -4.792 3.211 -1.313
SPIN 4 9 4 10 5.378 -1.397 -2.032
SPIN 4 9 4 11 3.176 -4.418 -2.323
SPIN 4 9 4 12 -2.045 4.484 -3.273
SPIN 4 9 4 13 -1.288 -1.978 5.425
SPIN 4 9 4 14 4.352 0.309 3.996
SPIN 4 9 4 15 1.684 -5.622 -0.743
SPIN 1 9 5 0 -2.950 -2.857 4.259
SPIN 1 9 5 1 -0.584 -2.634 -5.265
SPIN 1 9 5 2 -2.736 -1.672 -4.972
SPIN 1 9 5 3 -0.225 -5.910 0.131
SPIN 1 9 5 4 4.327 -0.922 -3.928
SPIN 1 9 5 5 5.694 -1.583 -0.276
SPIN 1 9 5 6 -1.820 -1.014 5.537
SPIN 1 9 5 7 -0.586 -4.978 3.143
SPIN 1 9 5 8 0.230 -3.585 -4.701
SPIN 1 9 5 9 -3.154 4.574 -2.034
SPIN 1 9 5 10 0.650 -5.736 -1.294
SPIN 1 9 5 11 -4.511 -2.602 2.807
SPIN 1 9 5 12 2.081 -1.815 5.232
SPIN 1 9 5 13 5.263 -2.232 1.522
SPIN 1 9 5 14 -4.545 3.756 0.484
SPIN 1 9 5 15 -4.943 2.414 2.177
SPIN 4 9 5 0 -3.545 -2.092 -4.249
SPIN 4 9 5 1 -0.791 -3.437 4.750
SPIN 4 9 5 2 4.837 -1.973 -2.776
SPIN 4 9 5 3 -5.210 2.031 1.931
SPIN 4 9 5 4 0.564 1.905 5.573
SPIN 4 9 5 5 4.614 -3.701 0.111
SPIN 4 9 5 6 1.891 -5.537 -0.876
SPIN 4 9 5 7 0.516 5.890 0.206
SPIN 4 9 5 8 4.350 2.609 -3.046
SPIN 4 9 5 9 4.461 -3.373 -1.928
SPIN 4 9 5 10 5.263 -2.258 -1.484
SPIN 4 9 5 11 5.088 2.648 -1.448
SPIN 4 9 5 12 -3.497 -4.188 -2.287
SPIN 4 9 5 13 4.967 3.039 -1.045
SPIN 4 9 5 14 -4.310 -3.131 -2.573
SPIN 4 9 5 15 2.484 5.136 1.566
SPIN 1 9 6 0 5.631 1.337 -1.224
SPIN 1 9 6 1 -5.512 -1.758 -1.237
SPIN 1 9 6 2 2.641 1.576 5.054
SPIN 1 9 6 3 -4.509 1.918 -3.315
SPIN 1 9 6 4 0.516 -5.892 -0.127
SPIN 1 9 6 5 -3.485 -3.608 -3.137
SPIN 1 9 6 6 -1.584 0.323 5.691
SPIN 1 9 6 7 1.823 5.501 -1.189
SPIN 1 9 6 8 -5.609 -0.660 -1.762
SPIN 1 9 6 9 2.155 -4.621 3.000
SPIN 1 9 6 10 -2.845 5.186 0.090
SPIN 1 9 6 11 0.577 -0.741 -5.841
SPIN 1 9 6 12 1.164 -4.395 -3.785
SPIN 1 9 6 13 -1.044 4.504 3.691
SPIN 1 9 6 14 1.734 -5.654 0.155
SPIN 1 9 6 15 -0.294 -4.355 3.993
SPIN 4 9 6 0 -3.348 -4.430 2.042
SPIN 4 9 6 1 0.206 -1.851 -5.615
SPIN 4 9 6 2 0.507 -5.501 -2.118
SPIN 4 9 6 3 -0.274 -5.604 -1.877
SPIN 4 9 6 4 -1.140 5.804 0.130
SPIN 4 9 6 5 2.923 -3.310 3.937
SPIN 4 9 6 6 0.163 -2.542 -5.340
SPIN 4 9 6 7 -1.999 0.541 5.542
SPIN 4 9 6 8 3.396 2.970 -3.827
SPIN 4 9 6 9 -3.592 -1.873 -4.312
SPIN 4 9 6 10 -4.144 -3.355 -2.564
SPIN 4 9 6 11 -3.133 0.867 4.943
SPIN 4 9 6 12 4.394 -0.383 -3.943
SPIN 4 9 6 13 -0.751 5.771 1.066
SPIN 4 9 6 14 -3.677 3.602 -2.916
SPIN 4 9 6 15 2.018 -1.454 -5.368
SPIN 1 9 7 0 2.691 0.853 -5.199
SPIN 1 9 7 1 2.585 3.915 3.605
SPIN 1 9 7 2 -4.658 3.625 0.405
SPIN 1 9 7 3 -2.801 -3.671 -3.698
SPIN 1 9 7 4 -2.922 3.175 4.047
SPIN 1 9 7 5 -0.799 -5.862 0.031
SPIN 1 9 7 6 0.024 5.855 0.849
SPIN 1 9 7 7 4.231 -4.078 0.687
SPIN 1 9 7 8 3.938 -4.098 -1.641
SPIN 1 9 7 9 5.003 2.710 -1.620
SPIN 1 9 7 10 3.722 -4.376 -1.412
SPIN 1 9 7 11 4.017 3.329 2.789
SPIN 1 9 7 12 3.400 -3.678 -3.147
SPIN 1 9 7 13 4.049 -0.758 4.246
SPIN 1 9 7 14 2.766 -2.799 4.417
SPIN 1 9 7 15 -5.015 2.868 1.273
SPIN 4 9 7 0 -5.270 -2.631 0.555
SPIN 4 9 7 1 0.698 -1.844 5.578
SPIN 4 9 7 2 -4.307 -3.138 -2.569
SPIN 4 9 7 3 0.171 2.532 5.344
SPIN 4 9 7 4 -3.954 3.984 1.869
SPIN 4 9 7 5 5.075 1.432 -2.682
SPIN 4 9 7 6 -3.065 4.867 1.386
SPIN 4 9 7 7 -0.344 -5.785 1.188
SPIN 4 9 7 8 -0.596 3.159 4.966
SPIN 4 9 7 9 1.787 2.942 4.812
SPIN 4 9 7 10 -0.583 2.976 -5.080
SPIN 4 9 7 11 3.825 0.557 -4.478
SPIN 4 9 7 12 2.628 4.871 -2.089
SPIN 4 9 7 13 -2.968 5.029 -0.947
SPIN 4 9 7 14 -4.357 0.737 -3.933
SPIN 4 9 7 15 -4.026 2.987 -3.141
SPIN 1 9 8 0 -5.659 1.392 -1.016
SPIN 1 9 8 1 4.927 -1.429 -2.946
SPIN 1 9 8 2 5.637 -1.780 -0.244
SPIN 1 9 8 3 -0.503 -5.894 0.077
SPIN 1 9 8 4 5.291 -2.503 -0.864
SPIN 1 9 8 5 -0.069 2.141 -5.515
SPIN 1 9 8 6 -4.336 -3.198 -2.445
SPIN 1 9 8 7 -1.592 -4.616 3.340
SPIN 1 9 8 8 5.367 2.474 -0.273
SPIN 1 9 8 9 -0.730 -5.785 1.004
SPIN 1 9 8 10 5.484 0.416 2.181
SPIN 1 9 8 11 -4.630 0.152 3.679
SPIN 1 9 8 12 -1.408 -4.948 2.922
SPIN 1 9 8 13 -0.426 -2.070 -5.526
SPIN 1 9 8 14 5.592 1.613 1.062
SPIN 1 9 8 15 -0.415 5.527 -2.068
SPIN 4 9 8 0 -0.488 4.314 -4.019
SPIN 4 9 8 1 -1.638 -4.952 2.793
SPIN 4 9 8 2 -0.379 -4.320 4.024
SPIN 4 9 8 3 -1.217 3.312 -4.749
SPIN 4 9 8 4 5.259 0.944 2.539
SPIN 4 9 8 5 -3.815 -2.857 3.504
SPIN 4 9 8 6 3.786 -0.440 -4.524
SPIN 4 9 8 7 2.684 2.257 4.765
SPIN 4 9 8 8 -4.578 -1.712 3.334
SPIN 4 9 8 9 5.178 -1.488 -2.445
SPIN 4 9 8 10 1.530 5.704 -0.355
SPIN 4 9 8 11 1.445 -5.200 2.424
SPIN 4 9 8 12 4.702 -0.796 3.500
SPIN 4 9 8 13 3.997 2.336 3.683
SPIN 4 9 8 14 -3.384 0.631 4.811
SPIN 4 9 8 15 1.699 -3.981 4.033
SPIN 1 9 9 0 5.581 0.899 1.743
SPIN 1 9 9 1 -0.556 5.876 -0.403
SPIN 1 9 9 2 -3.099 -3.499 3.626
SPIN 1 9 9 3 1.347 2.426 -5.225
SPIN 1 9 9 4 -2.880 -5.051 1.093
SPIN 1 9 9 5 -4.031 0.711 -4.271
SPIN 1 9 9 6 3.309 0.794 4.839
SPIN 1 9 9 7 -1.113 -5.804 0.278
SPIN 1 9 9 8 -1.108 1.738 -5.545
SPIN 1 9 9 9 5.570 -1.917 0.550
SPIN 1 9 9 10 -5.055 -2.255 2.089
SPIN 1 9 9 11 2.869 -5.164 -0.322
SPIN 1 9 9 12 -1.721 4.988 -2.675
SPIN 1 9 9 13 -2.880 -2.432 4.560
SPIN 1 9 9 14 -1.371 -1.309 -5.604
SPIN 1 9 9 15 -0.826 -0.035 -5.858
SPIN 4 9 9 0 2.952 -3.013 -4.148
SPIN 4 9 9 1 -3.808 -3.032 -3.363
SPIN 4 9 9 2 -3.257 -4.701 -1.515
SPIN 4 9 9 3 -1.252 0.879 5.715
SPIN 4 9 9 4 -2.097 -3.440 -4.333
SPIN 4 9 9 5 4.382 -3.082 2.509
SPIN 4 9 9 6 -1.242 1.892 5.466
SPIN 4 9 9 7 0.200 -3.932 -4.416
SPIN 4 9 9 8 -2.059 5.546 0.076
SPIN 4 9 9 9 1.248 -2.104 5.386
SPIN 4 9 9 10 4.582 3.648 0.834
SPIN 4 9 9 11 -3.683 -2.978 -3.545
SPIN 4 9 9 12 2.009 -0.202 -5.561
SPIN 4 9 9 13 -5.409 -0.371 -2.366
SPIN 4 9 9 14 -1.960 5.505 0.926
SPIN 4 9 9 15 -4.672 -0.776 -3.545
SPIN 1 9 10 0 -3.948 2.234 -3.797
SPIN 1 9 10 1 -2.447 3.598 4.009
SPIN 1 9 10 2 4.517 0.988 3.691
SPIN 1 9 10 3 2.243 -3.609 -4.117
SPIN 1 9 10 4 5.860 0.329 0.745
SPIN 1 9 10 5 -2.761 -3.107 4.210
SPIN 1 9 10 6 -5.192 0.994 -2.656
SPIN 1 9 10 7 -0.710 1.336 5.719
SPIN 1 9 10 8 0.753 -5.362 -2.383
SPIN 1 9 10 9 -4.296 4.066 -0.110
SPIN 1 9 10 10 5.010 -2.681 1.648
SPIN 1 9 10 11 2.305 4.853 -2.476
SPIN 1 9 10 12 -0.159 -4.449 3.896
SPIN 1 9 10 13 -4.325 -1.085 -3.887
SPIN 1 9 10 14 5.175 -0.780 -2.758
SPIN 1 9 10 15 -1.158 2.191 5.372
SPIN 4 9 10 0 -2.568 1.044 5.226
SPIN 4 9 10 1 -4.587 -2.933 -2.314
SPIN 4 9 10 2 -3.660 1.308 4.461
SPIN 4 9 10 3 2.250 2.566 -4.833
SPIN 4 9 10 4 -0.291 5.420 -2.354
SPIN 4 9 10 5 5.649 -1.721 -0.356
SPIN 4 9 10 6 -1.882 -0.093 -5.608
SPIN 4 9 10 7 3.683 2.032 -4.160
SPIN 4 9 10 8 -4.689 3.408 -1.181
SPIN 4 9 10 9 -3.792 2.875 -3.516
SPIN 4 9 10 10 4.872 3.352 0.161
SPIN 4 9 10 11 -3.034 5.075 -0.197
SPIN 4 9 10 12 -2.611 -3.624 3.879
SPIN 4 9 10 13 -4.164 0.962 -4.091
SPIN 4 9 10 14 2.997 2.421 4.490
SPIN 4 9 10 15 -2.443 -5.331 0.781
SPIN 1 9 11 0 2.436 3.067 -4.434
SPIN 1 9 11 1 -0.762 -5.210 -2.697
SPIN 1 9 11 2 -0.278 2.934 5.130
SPIN 1 9 11 3 0.697 5.873 -0.165
SPIN 1 9 11 4 -0.261 -3.568 4.712
SPIN 1 9 11 5 -0.036 3.177 -4.991
SPIN 1 9 11 6 2.841 -3.121 -4.146
SPIN 1 9 11 7 -5.035 3.091 -0.298
SPIN 1 9 11 8 -3.276 -4.213 2.553
SPIN 1 9 11 9 3.285 -3.032 3.875
SPIN 1 9 11 10 -1.313 1.019 5.678
SPIN 1 9 11 11 4.837 3.343 -0.654
SPIN 1 9 11 12 -0.573 -5.730 1.356
SPIN 1 9 11 13 5.189 2.511 1.330
SPIN 1 9 11 14 -1.950 -4.035 -3.863
SPIN 1 9 11 15 1.170 4.003 4.197
SPIN 4 9 11 0 -1.367 1.098 -5.650
SPIN 4 9 11 1 -1.133 1.975 5.460
SPIN 4 9 11 2 4.843 -2.840 1.864
SPIN 4 9 11 3 -4.798 3.206 1.303
SPIN 4 9 11 4 2.931 -5.087 0.729
SPIN 4 9 11 5 4.159 4.189 0.392
SPIN 4 9 11 6 -2.349 3.249 4.351
SPIN 4 9 11 7 -4.406 0.414 -3.926
SPIN 4 9 11 8 -0.076 -5.428 -2.353
SPIN 4 9 11 9 1.909 -0.175 5.597
SPIN 4 9 11 10 -5.757 -1.272 -0.493
SPIN 4 9 11 11 3.512 -0.164 -4.758
SPIN 4 9 11 12 -2.031 -2.015 -5.178
SPIN 4 9 11 13 3.402 -3.497 -3.347
SPIN 4 9 11 14 5.511 -2.137 0.253
SPIN 4 9 11 15 -5.819 1.067 -0.062
SPIN 1 9 12 0 4.886 0.277 -3.324
SPIN 1 9 12 1 3.680 -1.525 4.374
SPIN 1 9 12 2 -1.954 2.704 -4.885
SPIN 1 9 12 3 0.698 3.736 4.534
SPIN 1 9 12 4 5.630 0.685 1.682
SPIN 1 9 12 5 2.340 -5.340 -1.003
SPIN 1 9 12 6 1.015 -1.783 -5.549
SPIN 1 9 12 7 4.801 2.460 2.428
SPIN 1 9 12 8 2.737 -4.119 3.247
SPIN 1 9 12 9 -0.190 4.817 -3.430
SPIN 1 9 12 10 1.742 -4.937 2.755
SPIN 1 9 12 11 1.319 -5.760 -0.278
SPIN 1 9 12 12 -5.132 -2.828 -0.813
SPIN 1 9 12 13 -2.006 2.208 5.109
SPIN 1 9 12 14 2.591 5.141 -1.362
SPIN 1 9 12 15 1.179 5.714 -0.979
SPIN 4 9 12 0 0.348 -5.740 1.388
SPIN 4 9 12 1 1.673 3.022 4.803
SPIN 4 9 12 2 0.722 -3.999 -4.299
SPIN 4 9 12 3 -3.486 -4.554 1.453
SPIN 4 9 12 4 -1.080 0.854 -5.754
SPIN 4 9 12 5 1.938 -4.273 3.604
SPIN 4 9 12 6 -3.594 1.549 -4.437
SPIN 4 9 12 7 -1.913 5.436 1.338
SPIN 4 9 12 8 -1.672 -4.102 3.921
SPIN 4 9 12 9 2.747 4.942 -1.740
SPIN 4 9 12 10 4.610 3.667 -0.544
SPIN 4 9 12 11 -3.214 -1.499 4.735
SPIN 4 9 12 12 4.397 -3.053 2.519
SPIN 4 9 12 13 0.965 -1.423 -5.661
SPIN 4 9 12 14 0.744 0.919 5.797
SPIN 4 9 12 15 3.713 4.584 -0.451
SPIN 1 9 13 0 2.261 -4.156 -3.552
SPIN 1 9 13 1 -2.330 5.436 -0.126
SPIN 1 9 13 2 -5.415 -2.152 1.023
SPIN 1 9 13 3 0.947 1.949 5.505
SPIN 1 9 13 4 -5.257 1.492 -2.267
SPIN 1 9 13 5 -3.802 2.786 3.575
SPIN 1 9 13 6 -4.827 -1.205 -3.202
SPIN 1 9 13 7 -0.048 -5.676 -1.667
SPIN 1 9 13 8 0.072 0.758 -5.867
SPIN 1 9 13 9 4.712 0.709 3.506
SPIN 1 9 13 10 -1.312 -3.189 -4.807
SPIN 1 9 13 11 4.858 1.659 2.941
SPIN 1 9 13 12 2.898 -0.036 -5.158
SPIN 1 9 13 13 -3.097 -5.040 0.064
SPIN 1 9 13 14 0.196 5.792 -1.190
SPIN 1 9 13 15 2.335 4.079 -3.593
SPIN 4 9 13 0 -2.464 5.238 -1.222
SPIN 4 9 13 1 -2.317 -4.663 -2.808
SPIN 4 9 13 2 -1.143 1.414 5.630
SPIN 4 9 13 3 -0.879 0.468 -5.832
SPIN 4 9 13 4 4.547 1.635 -3.414
SPIN 4 9 13 5 1.641 5.347 -1.927
SPIN 4 9 13 6 0.443 -2.036 -5.537
SPIN 4 9 13 7 -2.925 0.134 5.141
SPIN 4 9 13 8 5.656 -0.276 -1.713
SPIN 4 9 13 9 -4.374 -1.333 3.754
SPIN 4 9 13 10 -4.122 4.014 1.379
SPIN 4 9 13 11 -5.551 -1.754 1.054
SPIN 4 9 13 12 0.449 4.914 3.263
SPIN 4 9 13 13 -5.407 -1.906 1.461
SPIN 4 9 13 14 -5.747 -1.250 0.638
SPIN 4 9 13 15 -2.182 4.419 -3.272
SPIN 1 9 14 0 3.012 1.831 4.751
SPIN 1 9 14 1 -3.635 -4.291 -1.837
SPIN 1 9 14 2 -2.399 -1.503 5.195
SPIN 1 9 14 3 4.509 1.597 -3.481
SPIN 1 9 14 4 -0.686 4.602 3.654
SPIN 1 9 14 5 -0.210 -4.132 -4.228
SPIN 1 9 14 6 2.789 5.078 1.197
SPIN 1 9 14 7 -1.942 1.565 -5.364
SPIN 1 9 14 8 -5.019 1.348 2.826
SPIN 1 9 14 9 3.871 -1.928 4.038
SPIN 1 9 14 10 3.539 -3.295 -3.409
SPIN 1 9 14 11 -0.263 5.886 -0.530
SPIN 1 9 14 12 1.895 -5.421 1.420
SPIN 1 9 14 13 0.031 5.081 3.031
SPIN 1 9 14 14 1.011 -2.688 -5.173
SPIN 1 9 14 15 5.800 1.135 -0.276
SPIN 4 9 14 0 5.570 -1.767 0.926
SPIN 4 9 14 1 -1.947 -4.553 3.237
SPIN 4 9 14 2 2.402 -3.231 -4.335
SPIN 4 9 14 3 -5.882 -0.620 -0.147
SPIN 4 9 14 4 5.648 -1.506 0.912
SPIN 4 9 14 5 4.329 -0.987 -3.910
SPIN 4 9 14 6 2.428 0.639 5.357
SPIN 4 9 14 7 -1.764 0.388 -5.634
SPIN 4 9 14 8 -4.358 -0.032 -4.001
SPIN 4 9 14 9 -4.782 -2.341 2.579
SPIN 4 9 14 10 -5.359 2.455 -0.500
SPIN 4 9 14 11 4.957 2.967 1.275
SPIN 4 9 14 12 -0.104 -4.133 4.231
SPIN 4 9 14 13 0.326 2.393 -5.401
SPIN 4 9 14 14 -0.550 5.753 -1.266
SPIN 4 9 14 15 -4.013 -4.282 -0.749
SPIN 1 9 15 0 -2.531 -5.271 -0.898
SPIN 1 9 15 1 -5.483 -1.872 1.195
SPIN 1 9 15 2 3.572 -3.607 3.037
SPIN 1 9 15 3 -2.594 -2.796 -4.523
SPIN 1 9 15 4 -4.156 -3.214 2.720
SPIN 1 9 15 5 -5.044 -3.079 -0.276
SPIN 1 9 15 6 -1.560 3.476 4.526
SPIN 1 9 15 7 -0.200 0.566 5.885
SPIN 1 9 15 8 -3.849 -2.293 -3.863
SPIN 1 9 15 9 4.730 1.941 -2.977
SPIN 1 9 15 10 -4.950 1.788 2.702
SPIN 1 9 15 11 4.123 -1.640 -3.913
SPIN 1 9 15 12 -5.794 1.007 -0.647
SPIN 1 9 15 13 3.508 -3.982 2.615
SPIN 1 9 15 14 2.262 -5.185 1.731
SPIN 1 9 15 15 -1.834 0.371 5.612
SPIN 4 9 15 0 0.789 -5.364 2.367
SPIN 4 9 15 1 0.708 5.015 -3.058
SPIN 4 9 15 2 1.725 5.162 -2.319
SPIN 4 9 15 3 4.016 2.044 3.833
SPIN 4 9 15 4 -1.886 5.547 0.818
SPIN 4 9 15 5 1.081 -0.193 -5.813
SPIN 4 9 15 6 3.047 -3.720 3.447
SPIN 4 9 15 7 1.331 5.633 -1.224
SPIN 4 9 15 8 -3.988 -4.134 1.415
SPIN 4 9 15 9 -4.645 -0.698 -3.597
SPIN 4 9 15 10 4.481 -2.072 -3.260
SPIN 4 9 15 11 -3.197 -1.033 4.869
SPIN 4 9 15 12 4.095 -2.603 -3.385
SPIN 4 9 15 13 -2.033 -2.746 4.830
SPIN 4 9 15 14 3.445 3.515 3.283
SPIN 4 9 15 15 -1.556 -5.705 0.160
SPIN 3 9 0 0 1.062 5.122 -2.764
SPIN 3 9 0 1 1.145 5.406 -2.112
SPIN 3 9 0 2 -0.601 -1.995 5.537
SPIN 3 9 0 3 -3.105 2.888 -4.125
SPIN 3 9 0 4 5.743 -0.833 1.151
SPIN 3 9 0 5 3.459 -4.492 1.691
SPIN 3 9 0 6 1.706 3.195 -4.677
SPIN 3 9 0 7 -3.150 4.936 0.845
SPIN 3 9 0 8 -4.994 -2.975 1.101
SPIN 3 9 0 9 0.398 1.432 -5.726
SPIN 3 9 0 10 -4.999 2.348 2.120
SPIN 3 9 0 11 2.943 -0.768 5.075
SPIN 3 9 0 12 -2.429 0.681 5.351
SPIN 3 9 0 13 1.550 4.906 -2.920
SPIN 3 9 0 14 1.872 -5.196 2.121
SPIN 3 9 0 15 -5.256 2.713 -0.095
SPIN 2 9 0 0 2.947 -4.579 2.313
SPIN 2 9 0 1 -5.430 -2.336 0.231
SPIN 2 9 0 2 -4.741 -1.266 -3.305
SPIN 2 9 0 3 -2.396 -4.649 2.764
SPIN 2 9 0 4 3.222 -0.406 -4.945
SPIN 2 9 0 5 -5.500 -1.464 -1.614
SPIN 2 9 0 6 3.446 4.335 2.081
SPIN 2 9 0 7 -4.798 -1.734 -2.996
SPIN 2 9 0 8 2.326 3.368 4.272
SPIN 2 9 0 9 -0.773 -4.230 4.063
SPIN 2 9 0 10 -4.765 3.483 0.411
SPIN 2 9 0 11 2.473 -4.022 -3.565
SPIN 2 9 0 12 -0.646 5.844 -0.659
SPIN 2 9 0 13 -5.472 -0.134 -2.245
SPIN 2 9 0 14 3.478 -3.685 3.053
SPIN 2 9 0 15 -4.711 2.323 2.723
SPIN 3 9 1 0 -2.312 2.458 4.859
SPIN 3 9 1 1 -1.184 4.601 -3.525
SPIN 3 9 1 2 5.092 2.869 -0.917
SPIN 3 9 1 3 -3.582 -1.129 4.571
SPIN 3 9 1 4 5.311 2.569 0.441
SPIN 3 9 1 5 2.085 4.426 3.326
SPIN 3 9 1 6 -0.340 -5.754 -1.333
SPIN 3 9 1 7 4.521 0.476 3.786
SPIN 3 9 1 8 -2.440 2.873 -4.560
SPIN 3 9 1 9 5.892 0.358 0.397
SPIN 3 9 1 10 -3.564 -4.642 0.867
SPIN 3 9 1 11 4.451 3.225 2.188
SPIN 3 9 1 12 -4.965 1.397 2.898
SPIN 3 9 1 13 4.897 1.467 -2.977
SPIN 3 9 1 14 3.941 0.677 -4.360
SPIN 3 9 1 15 -1.592 0.676 -5.658
SPIN 2 9 1 0 4.939 1.008 3.098
SPIN 2 9 1 1 2.951 -0.433 -5.109
SPIN 2 9 1 2 -0.385 3.227 4.943
SPIN 2 9 1 3 0.614 -0.135 -5.883
SPIN 2 9 1 4 -3.989 -3.528 -2.576
SPIN 2 9 1 5 1.763 -0.459 -5.629
SPIN 2 9 1 6 1.741 0.110 5.653
SPIN 2 9 1 7 3.959 -3.765 2.269
SPIN 2 9 1 8 0.335 3.415 -4.819
SPIN 2 9 1 9 1.668 -5.649 -0.555
SPIN 2 9 1 10 -2.381 4.219 -3.395
SPIN 2 9 1 11 -4.627 1.074 3.527
SPIN 2 9 1 12 4.945 -0.371 -3.227
SPIN 2 9 1 13 -3.330 2.001 4.462
SPIN 2 9 1 14 0.064 -5.909 -0.276
SPIN 2 9 1 15 -1.028 -3.740 -4.467
SPIN 3 9 2 0 4.567 2.873 2.426
SPIN 3 9 2 1 2.901 -3.937 3.329
SPIN 3 9 2 2 1.533 -5.371 -1.949
SPIN 3 9 2 3 4.346 -3.091 2.561
SPIN 3 9 2 4 -3.645 -4.361 -1.641
SPIN 3 9 2 5 -2.702 2.306 4.731
SPIN 3 9 2 6 2.891 -1.576 -4.915
SPIN 3 9 2 7 -2.970 3.271 3.934
SPIN 3 9 2 8 4.260 3.679 -1.822
SPIN 3 9 2 9 -3.934 -4.261 1.167
SPIN 3 9 2 10 -3.324 3.905 2.950
SPIN 3 9 2 11 -4.493 1.348 3.605
SPIN 3 9 2 12 -2.163 -4.678 -2.905
SPIN 3 9 2 13 -1.851 2.615 4.974
SPIN 3 9 2 14 3.265 1.389 4.734
SPIN 3 9 2 15 -1.792 -5.601 0.646
SPIN 2 9 2 0 3.037 -4.385 2.559
SPIN 2 9 2 1 0.823 2.235 5.416
SPIN 2 9 2 2 -0.833 -4.384 -3.884
SPIN 2 9 2 3 -2.836 5.092 1.014
SPIN 2 9 2 4 4.108 -0.476 4.231
SPIN 2 9 2 5 -2.698 -5.151 1.086
SPIN 2 9 2 6 -0.775 1.738 -5.602
SPIN 2 9 2 7 1.823 -5.612 -0.433
SPIN 2 9 2 8 3.061 4.314 2.650
SPIN 2 9 2 9 0.033 5.861 -0.807
SPIN 2 9 2 10 -0.745 0.337 5.859
SPIN 2 9 2 11 0.922 2.467 -5.298
SPIN 2 9 2 12 -3.006 4.994 1.013
SPIN 2 9 2 13 2.488 -3.638 -3.947
SPIN 2 9 2 14 -2.649 4.840 -2.136
SPIN 2 9 2 15 -1.115 -4.397 -3.797
SPIN 3 9 3 0 -0.038 -2.614 5.307
SPIN 3 9 3 1 -3.465 -4.326 -2.067
SPIN 3 9 3 2 -1.858 4.727 3.034
SPIN 3 9 3 3 -1.652 -2.958 -4.850
SPIN 3 9 3 4 -4.814 0.562 3.392
SPIN 3 9 3 5 0.454 0.552 -5.873
SPIN 3 9 3 6 -2.441 3.575 4.033
SPIN 3 9 3 7 2.768 0.192 -5.225
SPIN 3 9 3 8 2.819 -0.889 -5.125
SPIN 3 9 3 9 2.216 -5.373 1.106
SPIN 3 9 3 10 5.515 1.461 1.567
SPIN 3 9 3 11 1.742 4.702 -3.140
SPIN 3 9 3 12 0.123 2.226 -5.480
SPIN 3 9 3 13 2.233 -4.985 -2.273
SPIN 3 9 3 14 -1.365 -2.705 5.081
SPIN 3 9 3 15 -3.367 4.228 2.407
SPIN 2 9 3 0 4.258 -4.107 -0.045
SPIN 2 9 3 1 3.592 2.463 4.004
SPIN 2 9 3 2 4.722 2.560 2.479
SPIN 2 9 3 3 3.926 0.776 4.357
SPIN 2 9 3 4 -2.539 -1.711 -5.062
SPIN 2 9 3 5 -4.542 -3.021 2.290
SPIN 2 9 3 6 3.045 -1.883 -4.710
SPIN 2 9 3 7 0.525 -0.407 -5.879
SPIN 2 9 3 8 -2.516 -2.205 4.879
SPIN 2 9 3 9 0.417 0.999 -5.816
SPIN 2 9 3 10 1.250 -5.592 -1.471
SPIN 2 9 3 11 3.899 -1.986 3.981
SPIN 2 9 3 12 -2.975 -4.328 -2.723
SPIN 2 9 3 13 1.021 2.235 5.382
SPIN 2 9 3 14 3.360 2.170 -4.359
SPIN 2 9 3 15 -4.954 3.218 -0.320
SPIN 3 9 4 0 -4.321 0.761 -3.969
SPIN 3 9 4 1 3.242 4.897 0.710
SPIN 3 9 4 2 -4.535 -3.294 1.891
SPIN 3 9 4 3 0.181 -4.962 -3.216
SPIN 3 9 4 4 2.045 -3.801 -4.046
SPIN 3 9 4 5 -5.799 -0.620 -0.993
SPIN 3 9 4 6 5.308 -2.421 -0.981
SPIN 3 9 4 7 -2.063 -5.531 0.394
SPIN 3 9 4 8 4.051 -4.285 0.477
SPIN 3 9 4 9 -3.071 -5.055 -0.111
SPIN 3 9 4 10 5.294 2.439 1.013
SPIN 3 9 4 11 1.905 -5.499 1.061
SPIN 3 9 4 12 -1.878 3.891 4.042
SPIN 3 9 4 13 -2.576 -5.325 0.104
SPIN 3 9 4 14 -4.716 -3.533 -0.532
SPIN 3 9 4 15 2.969 4.790 -1.800
SPIN 2 9 4 0 4.363 -3.645 -1.636
SPIN 2 9 4 1 -4.964 -2.967 -1.247
SPIN 2 9 4 2 0.217 3.884 4.457
SPIN 2 9 4 3 -4.359 3.580 -1.784
SPIN 2 9 4 4 -0.917 4.234 4.029
SPIN 2 9 4 5 4.831 1.898 -2.838
SPIN 2 9 4 6 -1.139 -5.805 -0.067
SPIN 2 9 4 7 5.393 -0.638 2.347
SPIN 2 9 4 8 -3.637 4.136 2.160
SPIN 2 9 4 9 0.286 3.019 5.080
SPIN 2 9 4 10 -3.123 4.549 2.134
SPIN 2 9 4 11 -3.602 4.681 0.338
SPIN 2 9 4 12 -2.909 -1.446 -4.945
SPIN 2 9 4 13 -1.706 -4.684 3.186
SPIN 2 9 4 14 -4.718 -1.909 -3.016
SPIN 2 9 4 15 -3.145 2.678 -4.235
SPIN 3 9 5 0 3.971 2.926 3.266
SPIN 3 9 5 1 3.598 -2.365 4.058
SPIN 3 9 5 2 4.034 4.327 0.010
SPIN 3 9 5 3 -3.827 3.299 3.078
SPIN 3 9 5 4 3.679 0.583 4.596
SPIN 3 9 5 5 3.046 2.242 4.549
SPIN 3 9 5 6 -1.698 -2.489 -5.091
SPIN 3 9 5 7 -1.449 -4.364 3.723
SPIN 3 9 5 8 -0.808 4.848 3.292
SPIN 3 9 5 9 -3.529 3.848 2.782
SPIN 3 9 5 10 -4.112 1.708 -3.895
SPIN 3 9 5 11 -2.743 -4.524 -2.648
SPIN 3 9 5 12 -5.421 -2.201 -0.876
SPIN 3 9 5 13 5.149 1.795 2.296
SPIN 3 9 5 14 2.862 4.967 1.461
SPIN 3 9 5 15 -2.383 -2.972 -4.526
SPIN 2 9 5 0 -5.476 1.551 -1.617
SPIN 2 9 5 1 2.263 0.139 -5.464
SPIN 2 9 5 2 5.042 2.282 -2.090
SPIN 2 9 5 3 -4.796 -1.025 -3.309
SPIN 2 9 5 4 4.874 -2.701 1.989
SPIN 2 9 5 5 -4.673 0.641 3.571
SPIN 2 9 5 6 4.944 2.298 -2.297
SPIN 2 9 5 7 0.225 4.104 -4.256
SPIN 2 9 5 8 -4.916 -0.224 3.283
SPIN 2 9 5 9 -3.572 -4.460 -1.531
SPIN 2 9 5 10 3.750 -4.446 -1.083
SPIN 2 9 5 11 -4.889 3.147 1.093
SPIN 2 9 5 12 0.582 -4.667 3.589
SPIN 2 9 5 13 2.168 4.746 2.788
SPIN 2 9 5 14 -0.622 -2.110 -5.492
SPIN 2 9 5 15 3.686 -4.082 2.180
SPIN 3 9 6 0 5.797 0.083 1.178
SPIN 3 9 6 1 -3.045 1.037 4.965
SPIN 3 9 6 2 2.575 2.877 -4.482
SPIN 3 9 6 3 4.464 2.156 -3.228
SPIN 3 9 6 4 2.302 -4.231 -3.435
SPIN 3 9 6 5 1.791 4.793 -2.969
SPIN 3 9 6 6 -1.349 5.638 -1.180
SPIN 3 9 6 7 -3.076 -5.035 0.438
SPIN 3 9 6 8 -4.809 3.413 0.469
SPIN 3 9 6 9 2.362 2.687 4.712
SPIN 3 9 6 10 5.005 0.445 -3.124
SPIN 3 9 6 11 3.561 -1.544 4.465
SPIN 3 9 6 12 -5.709 1.056 -1.137
SPIN 3 9 6 13 1.051 3.991 4.239
SPIN 3 9 6 14 -2.756 5.156 0.902
SPIN 3 9 6 15 -2.080 4.265 3.534
SPIN 2 9 6 0 -2.124 -4.954 2.440
SPIN 2 9 6 1 -1.850 4.657 -3.144
SPIN 2 9 6 2 -0.104 -4.449 3.899
SPIN 2 9 6 3 -2.950 3.493 3.755
SPIN 2 9 6 4 4.924 -2.964 -1.404
SPIN 2 9 6 5 4.603 2.960 -2.247
SPIN 2 9 6 6 -4.242 4.122 0.128
SPIN 2 9 6 7 3.734 -1.987 4.136
SPIN 2 9 6 8 4.262 -3.104 -2.685
SPIN 2 9 6 9 -0.534 -2.027 5.532
SPIN 2 9 6 10 1.093 5.092 2.807
SPIN 2 9 6 11 -3.606 -4.573 1.040
SPIN 2 9 6 12 4.161 -0.217 -4.200
SPIN 2 9 6 13 3.369 1.385 4.662
SPIN 2 9 6 14 -4.304 -2.070 -3.492
SPIN 2 9 6 15 1.220 2.417 -5.260
SPIN 3 9 7 0 -3.743 3.404 -3.066
SPIN 3 9 7 1 -0.306 -0.369 -5.897
SPIN 3 9 7 2 4.003 0.260 -4.348
SPIN 3 9 7 3 4.492 -3.317 1.953
SPIN 3 9 7 4 -3.071 2.756 4.240
SPIN 3 9 7 5 -5.119 -2.960 -0.172
SPIN 3 9 7 6 1.072 -5.512 1.864
SPIN 3 9 7 7 -0.567 5.525 2.038
SPIN 3 9 7 8 -1.165 0.949 -5.722
SPIN 3 9 7 9 2.886 -5.082 0.916
SPIN 3 9 7 10 -4.078 0.723 4.225
SPIN 3 9 7 11 3.773 4.531 0.490
SPIN 3 9 7 12 2.831 -2.987 4.250
SPIN 3 9 7 13 1.337 -0.605 -5.731
SPIN 3 9 7 14 1.280 -4.666 -3.404
SPIN 3 9 7 15 0.178 0.242 5.908
SPIN 2 9 7 0 1.685 -5.353 -1.872
SPIN 2 9 7 1 2.157 -2.697 4.804
SPIN 2 9 7 2 0.977 4.613 -3.572
SPIN 2 9 7 3 -2.725 3.131 4.215
SPIN 2 9 7 4 4.637 2.371 2.806
SPIN 2 9 7 5 0.986 1.953 5.497
SPIN 2 9 7 6 2.302 5.448 0.139
SPIN 2 9 7 7 1.181 0.000 -5.797
SPIN 2 9 7 8 0.890 -0.366 5.837
SPIN 2 9 7 9 0.718 -2.066 -5.497
SPIN 2 9 7 10 -3.358 -2.255 -4.317
SPIN 2 9 7 11 2.524 -4.892 -2.168
SPIN 2 9 7 12 -3.213 -2.937 4.006
SPIN 2 9 7 13 -0.299 -0.679 -5.869
SPIN 2 9 7 14 5.546 1.250 1.638
SPIN 2 9 7 15 -3.901 2.450 3.712
SPIN 3 9 8 0 4.356 -2.025 3.453
SPIN 3 9 8 1 2.902 2.505 -4.506
SPIN 3 9 8 2 -4.265 -3.228 2.527
SPIN 3 9 8 3 1.499 0.181 -5.720
SPIN 3 9 8 4 -2.094 -5.520 -0.378
SPIN 3 9 8 5 4.719 -3.244 -1.487
SPIN 3 9 8 6 0.958 5.220 2.613
SPIN 3 9 8 7 -2.278 5.229 -1.572
SPIN 3 9 8 8 -1.677 2.720 4.979
SPIN 3 9 8 9 2.303 -0.231 -5.445
SPIN 3 9 8 10 3.737 4.015 2.217
SPIN 3 9 8 11 1.893 -3.567 -4.323
SPIN 3 9 8 12 4.113 -1.671 -3.911
SPIN 3 9 8 13 -4.844 -2.316 -2.484
SPIN 3 9 8 14 -5.489 0.068 2.207
SPIN 3 9 8 15 4.141 3.132 -2.836
SPIN 2 9 8 0 -3.980 -2.208 -3.779
SPIN 2 9 8 1 -4.977 2.383 -2.132
SPIN 2 9 8 2 -2.163 -1.989 5.135
SPIN 2 9 8 3 -1.392 5.431 1.888
SPIN 2 9 8 4 -5.535 1.694 -1.223
SPIN 2 9 8 5 2.027 2.536 -4.945
SPIN 2 9 8 6 -3.318 4.429 2.090
SPIN 2 9 8 7 1.146 -4.143 -4.065
SPIN 2 9 8 8 -1.376 -4.259 -3.869
SPIN 2 9 8 9 3.450 1.227 -4.647
SPIN 2 9 8 10 -2.859 3.256 4.027
SPIN 2 9 8 11 -0.737 -5.823 0.744
SPIN 2 9 8 12 -1.071 4.636 -3.516
SPIN 2 9 8 13 -1.590 2.065 5.311
SPIN 2 9 8 14 2.116 3.117 -4.562
SPIN 2 9 8 15 -3.086 0.164 5.045
SPIN 3 9 9 0 -3.439 -4.085 2.546
SPIN 3 9 9 1 5.161 1.381 -2.540
SPIN 3 9 9 2 -5.799 0.777 -0.878
SPIN 3 9 9 3 4.383 -3.877 -0.873
SPIN 3 9 9 4 4.693 -1.355 3.338
SPIN 3 9 9 5 3.389 -0.802 4.783
SPIN 3 9 9 6 2.854 4.276 2.928
SPIN 3 9 9 7 -0.796 0.536 5.838
SPIN 3 9 9 8 -2.562 -2.872 -4.493
SPIN 3 9 9 9 -0.460 5.889 0.320
SPIN 3 9 9 10 -3.079 -3.209 -3.901
SPIN 3 9 9 11 -3.301 2.894 3.966
SPIN 3 9 9 12 -4.020 2.281 -3.692
SPIN 3 9 9 13 4.654 0.077 -3.651
SPIN 3 9 9 14 1.299 -1.848 -5.468
SPIN 3 9 9 15 5.323 -0.339 -2.560
SPIN 2 9 9 0 -1.146 -3.655 4.509
SPIN 2 9 9 1 5.250 -1.275 -2.411
SPIN 2 9 9 2 5.428 1.742 -1.580
SPIN 2 9 9 3 1.154 -0.299 5.795
SPIN 2 9 9 4 4.574 3.100 2.114
SPIN 2 9 9 5 2.581 1.560 -5.090
SPIN 2 9 9 6 -5.524 -1.149 1.778
SPIN 2 9 9 7 -3.718 -4.506 -0.934
SPIN 2 9 9 8 4.022 0.514 4.308
SPIN 2 9 9 9 -0.338 0.423 5.891
SPIN 2 9 9 10 0.810 5.843 -0.454
SPIN 2 9 9 11 -5.095 0.272 2.994
SPIN 2 9 9 12 4.811 0.829 3.342
SPIN 2 9 9 13 -4.061 -3.903 1.809
SPIN 2 9 9 14 2.998 -1.382 -4.909
SPIN 2 9 9 15 -3.057 5.053 -0.349
SPIN 3 9 10 0 -2.461 5.108 1.688
SPIN 3 9 10 1 -1.009 -4.919 -3.128
SPIN 3 9 10 2 1.693 -5.661 -0.285
SPIN 3 9 10 3 -5.090 -0.633 -2.949
SPIN 3 9 10 4 1.983 2.179 5.130
SPIN 3 9 10 5 4.432 0.386 -3.900
SPIN 3 9 10 6 3.721 -2.701 -3.723
SPIN 3 9 10 7 -2.713 -1.201 -5.119
SPIN 3 9 10 8 -3.235 4.483 2.107
SPIN 3 9 10 9 1.413 -5.402 1.956
SPIN 3 9 10 10 1.729 5.412 1.650
SPIN 3 9 10 11 4.184 -3.318 -2.546
SPIN 3 9 10 12 0.271 0.879 5.844
SPIN 3 9 10 13 2.974 5.107 -0.269
SPIN 3 9 10 14 -3.034 -0.833 5.010
SPIN 3 9 10 15 5.179 -2.386 1.577
SPIN 2 9 10 0 -2.559 3.692 -3.850
SPIN 2 9 10 1 -2.037 5.153 2.073
SPIN 2 9 10 2 -4.876 3.344 0.193
SPIN 2 9 10 3 0.472 4.835 -3.376
SPIN 2 9 10 4 2.742 -5.228 0.387
SPIN 2 9 10 5 -0.726 -0.994 5.787
SPIN 2 9 10 6 4.321 3.751 -1.504
SPIN 2 9 10 7 -5.719 -0.191 -1.502
SPIN 2 9 10 8 5.580 -0.087 1.963
SPIN 2 9 10 9 0.204 -5.535 2.080
SPIN 2 9 10 10 -4.375 3.965 -0.372
SPIN 2 9 10 11 -4.801 2.379 2.508
SPIN 2 9 10 12 -4.851 -1.817 -2.857
SPIN 2 9 10 13 -1.913 -4.364 3.506
SPIN 2 9 10 14 -3.662 -3.159 3.407
SPIN 2 9 10 15 0.078 1.836 -5.623
SPIN 3 9 11 0 -1.751 1.605 5.418
SPIN 3 9 11 1 2.777 3.966 -3.400
SPIN 3 9 11 2 -5.842 -0.660 0.661
SPIN 3 9 11 3 -4.758 2.774 -2.159
SPIN 3 9 11 4 4.064 0.091 -4.298
SPIN 3 9 11 5 -3.794 -4.443 0.932
SPIN 3 9 11 6 -1.581 3.106 -4.781
SPIN 3 9 11 7 -0.526 3.255 4.912
SPIN 3 9 11 8 -1.032 1.499 -5.629
SPIN 3 9 11 9 -2.122 5.089 2.145
SPIN 3 9 11 10 -4.888 -3.285 -0.562
SPIN 3 9 11 11 -5.768 -1.018 0.836
SPIN 3 9 11 12 1.070 -0.360 -5.807
SPIN 3 9 11 13 -1.704 -3.425 4.513
SPIN 3 9 11 14 -0.258 -5.908 0.166
SPIN 3 9 11 15 4.960 2.547 1.979
SPIN 2 9 11 0 3.854 -2.462 3.753
SPIN 2 9 11 1 -2.914 2.105 4.699
SPIN 2 9 11 2 1.886 -5.607 -0.032
SPIN 2 9 11 3 3.918 -4.265 -1.208
SPIN 2 9 11 4 -0.122 5.661 1.714
SPIN 2 9 11 5 2.989 1.191 4.965
SPIN 2 9 11 6 2.737 -2.302 -4.713
SPIN 2 9 11 7 1.891 -1.189 5.478
SPIN 2 9 11 8 1.942 3.173 4.600
SPIN 2 9 11 9 -4.742 3.304 1.263
SPIN 2 9 11 10 5.848 -0.667 -0.598
SPIN 2 9 11 11 0.344 1.271 5.768
SPIN 2 9 11 12 -2.593 2.684 4.591
SPIN 2 9 11 13 -4.667 3.115 -1.874
SPIN 2 9 11 14 3.423 -0.522 -4.797
SPIN 2 9 11 15 1.907 3.247 -4.563
SPIN 3 9 12 0 -4.557 0.325 3.759
SPIN 3 9 12 1 3.209 4.529 2.046
SPIN 3 9 12 2 -1.380 4.255 -3.871
SPIN 3 9 12 3 0.399 -4.911 -3.275
SPIN 3 9 12 4 -4.918 3.215 -0.694
SPIN 3 9 12 5 2.489 1.931 -5.007
SPIN 3 9 12 6 -4.756 -2.749 -2.196
SPIN 3 9 12 7 3.244 0.529 -4.919
SPIN 3 9 12 8 3.560 -4.385 1.758
SPIN 3 9 12 9 2.942 1.160 -5.000
SPIN 3 9 12 10 -5.821 -1.053 0.104
SPIN 3 9 12 11 4.338 -0.173 -4.019
SPIN 3 9 12 12 3.865 -2.704 -3.571
SPIN 3 9 12 13 1.999 -2.309 5.067
SPIN 3 9 12 14 -1.820 5.262 -1.999
SPIN 3 9 12 15 -2.870 -4.893 -1.680
SPIN 2 9 12 0 0.746 -0.754 -5.820
SPIN 2 9 12 1 -2.105 -0.377 5.516
SPIN 2 9 12 2 -5.622 -0.276 1.822
SPIN 2 9 12 3 0.708 -5.155 2.815
SPIN 2 9 12 4 -3.683 3.199 -3.347
SPIN 2 9 12 5 -3.960 -3.742 -2.306
SPIN 2 9 12 6 3.636 1.269 4.491
SPIN 2 9 12 7 -5.720 1.209 -0.904
SPIN 2 9 12 8 4.197 -2.815 -3.076
SPIN 2 9 12 9 2.879 -0.593 -5.134
SPIN 2 9 12 10 1.383 0.495 5.731
SPIN 2 9 12 11 1.172 5.466 -1.936
SPIN 2 9 12 12 1.023 -4.893 3.164
SPIN 2 9 12 13 -1.930 -4.181 3.714
SPIN 2 9 12 14 -5.211 -2.375 -1.486
SPIN 2 9 12 15 -0.330 3.564 4.710
SPIN 3 9 13 0 -3.763 0.942 4.467
SPIN 3 9 13 1 0.615 5.731 -1.334
SPIN 3 9 13 2 0.262 0.868 5.846
SPIN 3 9 13 3 2.131 0.209 5.515
SPIN 3 9 13 4 -3.759 3.189 -3.271
SPIN 3 9 13 5 3.380 1.373 4.657
SPIN 3 9 13 6 4.666 -1.320 3.389
SPIN 3 9 13 7 -4.093 2.830 -3.200
SPIN 3 9 13 8 2.188 -1.716 5.222
SPIN 3 9 13 9 -1.444 -5.440 1.823
SPIN 3 9 13 10 3.575 4.528 -1.311
SPIN 3 9 13 11 -5.265 -1.642 -2.142
SPIN 3 9 13 12 -0.763 1.880 5.557
SPIN 3 9 13 13 -3.605 4.172 -2.145
SPIN 3 9 13 14 1.733 -5.561 -1.037
SPIN 3 9 13 15 -0.251 5.366 2.479
SPIN 2 9 13 0 0.152 1.058 5.819
SPIN 2 9 13 1 2.722 -5.155 -1.006
SPIN 2 9 13 2 -1.091 5.215 -2.571
SPIN 2 9 13 3 -3.790 1.260 -4.365
SPIN 2 9 13 4 1.384 -4.994 2.855
SPIN 2 9 13 5 -3.744 -4.464 -1.028
SPIN 2 9 13 6 -2.352 0.368 -5.416
SPIN 2 9 13 7 1.266 -2.857 5.024
SPIN 2 9 13 8 2.218 -3.988 3.765
SPIN 2 9 13 9 -0.888 5.841 0.299
SPIN 2 9 13 10 0.756 5.144 -2.823
SPIN 2 9 13 11 -0.665 1.654 -5.641
SPIN 2 9 13 12 -5.829 -0.496 0.878
SPIN 2 9 13 13 -0.167 3.710 -4.605
SPIN 2 9 13 14 4.488 -2.157 3.195
SPIN 2 9 13 15 4.893 -1.233 3.088
SPIN 3 9 14 0 5.355 1.627 1.916
SPIN 3 9 14 1 -5.797 1.111 -0.404
SPIN 3 9 14 2 -0.787 -5.855 0.325
SPIN 3 9 14 3 4.256 -3.036 -2.769
SPIN 3 9 14 4 1.046 0.741 -5.776
SPIN 3 9 14 5 -0.274 -3.451 4.798
SPIN 3 9 14 6 1.898 4.714 3.029
SPIN 3 9 14 7 -0.086 -1.628 -5.687
SPIN 3 9 14 8 3.091 -4.982 0.789
SPIN 3 9 14 9 -0.697 2.893 -5.113
SPIN 3 9 14 10 0.290 -5.380 2.443
SPIN 3 9 14 11 5.690 1.489 -0.635
SPIN 3 9 14 12 0.039 4.575 -3.751
SPIN 3 9 14 13 -2.699 -5.265 0.004
SPIN 3 9 14 14 -5.400 2.064 -1.258
SPIN 3 9 14 15 0.464 3.223 -4.939
SPIN 2 9 14 0 -4.435 3.004 2.512
SPIN 2 9 14 1 5.603 -0.842 -1.704
SPIN 2 9 14 2 -4.957 1.948 2.576
SPIN 2 9 14 3 -3.716 -1.890 4.198
SPIN 2 9 14 4 -2.707 -0.717 -5.211
SPIN 2 9 14 5 5.204 -1.870 2.104
SPIN 2 9 14 6 4.162 2.549 -3.344
SPIN 2 9 14 7 0.299 0.726 5.864
SPIN 2 9 14 8 4.320 3.901 -1.058
SPIN 2 9 14 9 -0.628 -2.905 5.116
SPIN 2 9 14 10 -4.776 -3.029 1.737
SPIN 2 9 14 11 3.692 -0.834 -4.547
SPIN 2 9 14 12 -2.474 -1.673 5.107
SPIN 2 9 14 13 -4.931 -2.643 -1.925
SPIN 2 9 14 14 2.063 5.465 -0.939
SPIN 2 9 14 15 -2.316 0.087 5.443
SPIN 3 9 15 0 -4.955 2.355 2.213
SPIN 3 9 15 1 4.228 2.784 -3.062
SPIN 3 9 15 2 3.754 -4.431 1.126
SPIN 3 9 15 3 -3.114 -4.369 -2.493
SPIN 3 9 15 4 -0.165 5.770 -1.298
SPIN 3 9 15 5 -3.787 0.028 4.545
SPIN 3 9 15 6 -2.175 -5.456 -0.712
SPIN 3 9 15 7 -2.648 -3.757 3.724
SPIN 3 9 15 8 4.807 3.412 0.500
SPIN 3 9 15 9 -3.503 -0.244 4.761
SPIN 3 9 15 10 1.855 -4.842 2.849
SPIN 3 9 15 11 -4.966 2.637 -1.840
SPIN 3 9 15 12 -4.283 -2.259 3.399
SPIN 3 9 15 13 5.006 1.458 2.795
SPIN 3 9 15 14 3.704 2.624 -3.794
SPIN 3 9 15 15 2.216 0.446 -5.467
SPIN 2 9 15 0 2.965 -4.804 -1.770
SPIN 2 9 15 1 -5.523 2.008 0.684
SPIN 2 9 15 2 0.853 -5.086 -2.900
SPIN 2 9 15 3 5.172 2.703 0.970
SPIN 2 9 15 4 -1.880 -1.362 5.442
SPIN 2 9 15 5 -0.532 -0.309 5.884
SPIN 2 9 15 6 2.639 -2.444 4.697
SPIN 2 9 15 7 5.304 -2.577 -0.472
SPIN 2 9 15 8 3.312 -3.821 3.071
SPIN 2 9 15 9 1.742 -1.535 -5.441
SPIN 2 9 15 10 5.832 -0.995 0.044
SPIN 2 9 15 11 -5.253 -2.349 -1.374
SPIN 2 9 15 12 1.919 -0.193 -5.593
SPIN 2 9 15 13 4.068 1.950 3.828
SPIN 2 9 15 14 -0.874 5.435 -2.167
SPIN 2 9 15 15 4.301 1.993 -3.540
SPIN 1 10 0 0 -3.624 2.026 -4.215
SPIN 1 10 0 1 3.505 -4.246 -2.165
SPIN 1 10 0 2 -3.003 0.668 -5.053
SPIN 1 10 0 3 -0.829 -4.505 3.744
SPIN 1 10 0 4 -2.834 2.017 -4.786
SPIN 1 10 0 5 -5.849 -0.604 -0.654
SPIN 1 10 0 6 3.037 -1.586 4.823
SPIN 1 10 0 7 -0.036 1.400 5.748
SPIN 1 10 0 8 -3.616 4.509 -1.262
SPIN 1 10 0 9 4.131 -3.588 -2.250
SPIN 1 10 0 10 -1.998 -1.608 -5.331
SPIN 1 10 0 11 3.049 4.576 2.183
SPIN 1 10 0 12 -3.812 0.653 4.476
SPIN 1 10 0 13 3.897 3.075 -3.219
SPIN 1 10 0 14 -1.127 -1.476 -5.617
SPIN 1 10 0 15 3.157 4.669 1.799
SPIN 4 10 0 0 -5.132 -2.559 -1.453
SPIN 4 10 0 1 0.116 5.046 -3.086
SPIN 4 10 0 2 5.599 1.326 -1.377
SPIN 4 10 0 3 0.449 -5.686 -1.573
SPIN 4 10 0 4 2.778 0.765 5.167
SPIN 4 10 0 5 -2.004 1.131 -5.450
SPIN 4 10 0 6 -3.327 2.212 4.363
SPIN 4 10 0 7 -3.038 -0.211 5.072
SPIN 4 10 0 8 4.531 -3.491 -1.512
SPIN 4 10 0 9 -0.296 -4.145 4.211
SPIN 4 10 0 10 -5.294 -0.137 -2.636
SPIN 4 10 0 11 -2.521 -3.625 -3.937
SPIN 4 10 0 12 3.314 1.696 -4.598
SPIN 4 10 0 13 0.900 -4.702 -3.475
SPIN 4 10 0 14 2.888 -2.497 4.519
SPIN 4 10 0 15 -0.642 4.560 3.714
SPIN 1 10 1 0 4.751 -2.810 -2.129
SPIN 1 10 1 1 -2.528 4.157 3.365
SPIN 1 10 1 2 -2.134 -2.176 5.071
SPIN 1 10 1 3 1.252 -2.476 -5.225
SPIN 1 10 1 4 -1.969 -0.474 5.559
SPIN 1 10 1 5 2.032 -4.074 -3.778
SPIN 1 10 1 6 -4.626 -3.101 -1.996
SPIN 1 10 1 7 5.100 0.219 -2.990
SPIN 1 10 1 8 -5.688 -0.414 -1.574
SPIN 1 10 1 9 -4.490 -2.680 -2.767
SPIN 1 10 1 10 -0.891 4.418 3.832
SPIN 1 10 1 11 -1.678 -5.039 -2.606
SPIN 1 10 1 12 -4.883 3.315 -0.409
SPIN 1 10 1 13 5.830 -1.000 -0.104
SPIN 1 10 1 14 -5.418 -1.225 2.036
SPIN 1 10 1 15 3.832 -4.505 0.120
SPIN 4 10 1 0 -0.060 -5.509 -2.155
SPIN 4 10 1 1 -1.361 -2.314 -5.272
SPIN 4 10 1 2 2.875 -4.231 2.973
SPIN 4 10 1 3 0.636 4.279 4.036
SPIN 4 10 1 4 -5.444 -2.060 1.059
SPIN 4 10 1 5 -0.159 -2.463 -5.377
SPIN 4 10 1 6 -5.633 1.796 0.195
SPIN 4 10 1 7 1.676 -3.102 4.751
SPIN 4 10 1 8 -5.642 -0.536 1.699
SPIN 4 10 1 9 5.649 0.092 1.754
SPIN 4 10 1 10 2.594 4.478 -2.866
SPIN 4 10 1 11 -1.527 5.468 1.664
SPIN 4 10 1 12 -1.069 -5.346 -2.298
SPIN 4 10 1 13 4.172 4.190 -0.206
SPIN 4 10 1 14 -2.576 -2.910 4.461
SPIN 4 10 1 15 -2.362 3.246 -4.346
SPIN 1 10 2 0 -3.879 -4.414 0.685
SPIN 1 10 2 1 3.194 3.731 -3.299
SPIN 1 10 2 2 3.091 1.247 -4.887
SPIN 1 10 2 3 3.620 -1.802 4.318
SPIN 1 10 2 4 2.134 4.750 -2.807
SPIN 1 10 2 5 3.767 1.139 -4.417
SPIN 1 10 2 6 -0.677 0.863 5.813
SPIN 1 10 2 7 0.797 4.630 -3.596
SPIN 1 10 2 8 -4.436 0.995 -3.786
SPIN 1 10 2 9 2.306 -5.300 -1.260
SPIN 1 10 2 10 3.778 3.019 3.408
SPIN 1 10 2 11 -3.634 -3.131 3.463
SPIN 1 10 2 12 0.746 -5.862 -0.290
SPIN 1 10 2 13 -2.358 4.444 3.113
SPIN 1 10 2 14 -2.446 -5.101 1.732
SPIN 1 10 2 15 5.284 2.650 -0.242
SPIN 4 10 2 0 3.452 0.033 -4.804
SPIN 4 10 2 1 0.672 5.035 3.032
SPIN 4 10 2 2 -2.306 5.429 0.461
SPIN 4 10 2 3 -2.150 5.090 -2.114
SPIN 4 10 2 4 5.843 -0.405 -0.833
SPIN 4 10 2 5 -3.617 -2.024 -4.222
SPIN 4 10 2 6 -0.960 -0.502 5.816
SPIN 4 10 2 7 4.534 -3.319 -1.851
SPIN 4 10 2 8 -4.836 2.027 2.739
SPIN 4 10 2 9 -2.566 4.557 -2.765
SPIN 4 10 2 10 3.239 -1.391 -4.751
SPIN 4 10 2 11 1.146 1.100 -5.699
SPIN 4 10 2 12 5.516 -1.632 1.382
SPIN 4 10 2 13 5.374 -0.688 -2.376
SPIN 4 10 2 14 0.199 0.942 -5.837
SPIN 4 10 2 15 2.197 2.021 5.107
SPIN 1 10 3 0 -5.626 1.816 0.217
SPIN 1 10 3 1 1.506 -2.565 5.114
SPIN 1 10 3 2 -0.349 3.472 4.777
SPIN 1 10 3 3 -3.113 -4.801 1.503
SPIN 1 10 3 4 -2.511 -0.485 5.335
SPIN 1 10 3 5 0.792 -2.359 -5.367
SPIN 1 10 3 6 0.102 -5.881 0.638
SPIN 1 10 3 7 -3.132 1.884 4.652
SPIN 1 10 3 8 5.047 0.944 -2.939
SPIN 1 10 3 9 -4.945 2.385 -2.203
SPIN 1 10 3 10 1.472 -5.560 1.387
SPIN 1 10 3 11 -5.342 2.379 0.895
SPIN 1 10 3 12 2.292 2.209 4.987
SPIN 1 10 3 13 -4.877 1.097 -3.164
SPIN 1 10 3 14 -4.448 2.670 -2.844
SPIN 1 10 3 15 -5.511 -1.763 -1.231
SPIN 4 10 3 0 1.923 3.297 4.520
SPIN 4 10 3 1 -3.921 -2.523 -3.641
SPIN 4 10 3 2 -1.359 -4.021 4.121
SPIN 4 10 3 3 4.225 -3.289 -2.516
SPIN 4 10 3 4 -2.671 4.925 1.899
SPIN 4 10 3 5 4.376 3.941 0.564
SPIN 4 10 3 6 -1.413 -5.328 -2.148
SPIN 4 10 3 7 -3.638 -3.573 2.999
SPIN 4 10 3 8 0.957 -0.433 5.822
SPIN 4 10 3 9 3.352 0.193 -4.871
SPIN 4 10 3 10 -0.916 -5.399 -2.238
SPIN 4 10 3 11 -4.653 3.532 -0.935
SPIN 4 10 3 12 -0.106 -3.609 -4.686
SPIN 4 10 3 13 5.024 2.948 -1.036
SPIN 4 10 3 14 -1.338 -3.050 4.889
SPIN 4 10 3 15 5.480 -2.194 -0.389
SPIN 1 10 4 0 -4.200 3.421 -2.378
SPIN 1 10 4 1 3.722 -4.569 0.515
SPIN 1 10 4 2 1.286 1.869 -5.464
SPIN 1 10 4 3 3.216 4.528 -2.039
SPIN 1 10 4 4 4.725 -2.820 2.172
SPIN 1 10 4 5 -3.681 2.486 3.908
SPIN 1 10 4 6 5.101 -1.683 2.479
SPIN 1 10 4 7 -2.491 3.715 -3.872
SPIN 1 10 4 8 -1.284 5.372 -2.120
SPIN 1 10 4 9 3.183 -0.267 4.980
SPIN 1 10 4 10 2.135 5.496 -0.491
SPIN 1 10 4 11 -1.925 3.965 3.946
SPIN 1 10 4 12 -3.012 -2.642 4.353
SPIN 1 10 4 13 5.001 1.880 -2.540
SPIN 1 10 4 14 -4.089 -3.852 1.856
SPIN 1 10 4 15 4.333 0.163 4.024
SPIN 4 10 4 0 4.405 -1.329 -3.719
SPIN 4 10 4 1 -4.973 2.890 1.385
SPIN 4 10 4 2 4.758 -0.039 3.515
SPIN 4 10 4 3 -3.882 0.993 4.352
SPIN 4 10 4 4 -0.275 -3.083 -5.041
SPIN 4 10 4 5 1.291 3.994 4.169
SPIN 4 10 4 6 -5.032 -3.035 -0.685
SPIN 4 10 4 7 5.446 2.206 -0.692
SPIN 4 10 4 8 -2.647 4.889 -2.022
SPIN 4 10 4 9 2.780 -1.795 -4.904
SPIN 4 10 4 10 -2.109 3.349 -4.397
SPIN 4 10 4 11 -5.237 0.296 2.736
SPIN 4 10 4 12 2.080 5.514 -0.522
SPIN 4 10 4 13 1.270 4.140 -4.031
SPIN 4 10 4 14 -1.631 -4.308 3.712
SPIN 4 10 4 15 -1.559 3.240 4.698
SPIN 1 10 5 0 -0.904 -0.434 -5.830
SPIN 1 10 5 1 3.468 4.169 -2.365
SPIN 1 10 5 2 -5.526 0.778 1.963
SPIN 1 10 5 3 -0.117 -1.574 -5.702
SPIN 1 10 5 4 0.471 1.931 -5.572
SPIN 1 10 5 5 2.901 2.694 -4.397
SPIN 1 10 5 6 -5.157 -2.002 -2.097
SPIN 1 10 5 7 1.157 5.756 0.726
SPIN 1 10 5 8 5.684 -1.185 -1.134
SPIN 1 10 5 9 -2.434 -3.227 4.320
SPIN 1 10 5 10 4.381 -3.511 -1.867
SPIN 1 10 5 11 3.854 4.486 -0.150
SPIN 1 10 5 12 3.969 -0.431 -4.366
SPIN 1 10 5 13 0.637 -4.969 3.147
SPIN 1 10 5 14 5.829 -1.001 -0.161
SPIN 1 10 5 15 2.402 5.086 -1.834
SPIN 4 10 5 0 -5.281 -0.814 2.539
SPIN 4 10 5 1 -2.800 -2.120 -4.761
SPIN 4 10 5 2 2.181 4.076 3.692
SPIN 4 10 5 3 1.272 -4.102 4.069
SPIN 4 10 5 4 -0.924 5.016 -2.998
SPIN 4 10 5 5 -4.460 -3.311 -2.035
SPIN 4 10 5 6 4.148 -3.284 -2.647
SPIN 4 10 5 7 0.207 -5.769 -1.296
SPIN 4 10 5 8 -2.791 0.642 5.177
SPIN 4 10 5 9 5.773 1.235 -0.387
SPIN 4 10 5 10 -4.083 3.990 1.552
SPIN 4 10 5 11 -1.045 -1.697 -5.570
SPIN 4 10 5 12 -1.730 5.655 -0.180
SPIN 4 10 5 13 -0.078 -4.807 -3.447
SPIN 4 10 5 14 -5.247 -1.368 2.366
SPIN 4 10 5 15 -0.050 -5.901 0.412
SPIN 1 10 6 0 -5.894 0.151 -0.484
SPIN 1 10 6 1 2.382 -3.308 4.288
SPIN 1 10 6 2 -5.771 0.697 -1.098
SPIN 1 10 6 3 -1.879 -4.228 3.687
SPIN 1 10 6 4 -3.568 0.966 4.619
SPIN 1 10 6 5 -4.992 0.969 3.024
SPIN 1 10 6 6 -0.439 5.871 -0.581
SPIN 1 10 6 7 -1.871 -5.306 -1.831
SPIN 1 10 6 8 1.790 -0.700 5.595
SPIN 1 10 6 9 2.462 4.422 3.063
SPIN 1 10 6 10 -4.325 -2.583 3.101
SPIN 1 10 6 11 3.021 -4.465 2.437
SPIN 1 10 6 12 -5.333 -2.046 -1.539
SPIN 1 10 6 13 -2.883 -3.421 -3.871
SPIN 1 10 6 14 3.670 2.385 3.980
SPIN 1 10 6 15 2.162 5.507 -0.022
SPIN 4 10 6 0 -1.112 -5.356 2.252
SPIN 4 10 6 1 4.624 3.322 -1.606
SPIN 4 10 6 2 -1.292 5.312 -2.263
SPIN 4 10 6 3 -2.688 3.795 3.657
SPIN 4 10 6 4 4.150 -3.245 2.693
SPIN 4 10 6 5 -2.172 -3.819 -3.962
SPIN 4 10 6 6 -2.253 3.003 4.572
SPIN 4 10 6 7 -3.577 -3.795 -2.794
SPIN 4 10 6 8 -2.406 -5.028 -1.982
SPIN 4 10 6 9 -1.411 2.951 4.930
SPIN 4 10 6 10 5.791 -1.100 0.509
SPIN 4 10 6 11 -0.904 5.841 0.262
SPIN 4 10 6 12 -2.524 1.518 -5.131
SPIN 4 10 6 13 2.594 3.824 3.695
SPIN 4 10 6 14 4.948 0.620 -3.183
SPIN 4 10 6 15 -0.531 1.319 5.743
SPIN 1 10 7 0 3.543 -4.458 -1.605
SPIN 1 10 7 1 -3.781 -4.418 1.086
SPIN 1 10 7 2 5.628 -0.503 1.753
SPIN 1 10 7 3 -5.413 -2.357 0.388
SPIN 1 10 7 4 3.732 4.001 2.250
SPIN 1 10 7 5 -4.079 3.391 -2.620
SPIN 1 10 7 6 -3.387 -2.709 -4.023
SPIN 1 10 7 7 3.216 4.731 1.506
SPIN 1 10 7 8 -0.515 5.151 -2.863
SPIN 1 10 7 9 -2.253 -0.268 -5.464
SPIN 1 10 7 10 4.531 3.770 0.505
SPIN 1 10 7 11 -3.746 -0.147 -4.577
SPIN 1 10 7 12 -1.477 4.739 3.218
SPIN 1 10 7 13 -4.667 -3.623 0.300
SPIN 1 10 7 14 4.964 0.880 -3.095
SPIN 1 10 7 15 -5.285 1.905 -1.854
SPIN 4 10 7 0 -5.557 1.203 -1.635
SPIN 4 10 7 1 -2.825 -5.054 1.214
SPIN 4 10 7 2 0.909 0.889 5.778
SPIN 4 10 7 3 -1.957 -1.695 -5.320
SPIN 4 10 7 4 4.745 0.002 3.534
SPIN 4 10 7 5 -3.136 -1.209 4.869
SPIN 4 10 7 6 -0.118 -2.950 5.127
SPIN 4 10 7 7 2.941 2.686 4.375
SPIN 4 10 7 8 4.509 3.211 2.089
SPIN 4 10 7 9 -4.398 -3.047 -2.525
SPIN 4 10 7 10 -3.955 -3.959 -1.920
SPIN 4 10 7 11 -0.878 4.094 4.180
SPIN 4 10 7 12 -3.377 -4.366 -2.129
SPIN 4 10 7 13 -3.703 0.293 -4.605
SPIN 4 10 7 14 -3.857 -3.105 3.238
SPIN 4 10 7 15 5.005 -1.433 2.810
SPIN 1 10 8 0 1.297 0.813 -5.715
SPIN 1 10 8 1 -4.497 -2.156 -3.182
SPIN 1 10 8 2 -0.105 4.050 -4.312
SPIN 1 10 8 3 4.831 1.887 2.846
SPIN 1 10 8 4 -4.370 3.090 2.521
SPIN 1 10 8 5 3.031 4.589 -2.181
SPIN 1 10 8 6 1.647 -0.823 5.622
SPIN 1 10 8 7 -1.295 5.151 2.607
SPIN 1 10 8 8 -0.933 -4.840 -3.272
SPIN 1 10 8 9 -4.599 -3.155 -1.973
SPIN 1 10 8 10 -2.391 5.344 -0.850
SPIN 1 10 8 11 5.523 2.051 0.533
SPIN 1 10 8 12 0.382 -2.437 -5.377
SPIN 1 10 8 13 2.919 -1.642 4.877
SPIN 1 10 8 14 0.060 4.378 -3.978
SPIN 1 10 8 15 5.521 -2.002 -0.718
SPIN 4 10 8 0 5.027 -0.842 3.004
SPIN 4 10 8 1 4.255 0.599 4.067
SPIN 4 10 8 2 -2.807 -3.001 -4.256
SPIN 4 10 8 3 -5.544 0.085 -2.064
SPIN 4 10 8 4 -4.209 -4.075 0.825
SPIN 4 10 8 5 2.178 5.432 -0.868
SPIN 4 10 8 6 -3.343 -3.973 -2.836
SPIN 4 10 8 7 1.893 4.790 -2.911
SPIN 4 10 8 8 -1.978 -3.427 4.398
SPIN 4 10 8 9 3.453 4.421 1.881
SPIN 4 10 8 10 -3.348 -4.610 -1.594
SPIN 4 10 8 11 4.621 1.592 3.333
SPIN 4 10 8 12 -5.000 1.817 2.588
SPIN 4 10 8 13 0.040 2.118 -5.524
SPIN 4 10 8 14 -0.086 -5.169 2.877
SPIN 4 10 8 15 -1.703 3.230 -4.655
SPIN 1 10 9 0 -4.373 -3.678 -1.532
SPIN 1 10 9 1 -5.051 0.979 2.920
SPIN 1 10 9 2 -1.569 -3.656 4.378
SPIN 1 10 9 3 3.245 1.533 -4.703
SPIN 1 10 9 4 4.371 3.975 0.307
SPIN 1 10 9 5 4.071 -3.937 1.709
SPIN 1 10 9 6 3.684 4.003 -2.324
SPIN 1 10 9 7 -5.343 -2.438 -0.712
SPIN 1 10 9 8 5.536 -0.612 1.995
SPIN 1 10 9 9 1.075 -3.290 4.798
SPIN 1 10 9 10 4.500 1.178 -3.655
SPIN 1 10 9 11 -1.263 3.686 4.452
SPIN 1 10 9 12 5.548 -1.310 1.584
SPIN 1 10 9 13 5.819 0.143 -1.059
SPIN 1 10 9 14 -3.455 -0.654 4.758
SPIN 1 10 9 15 2.097 -2.991 4.654
SPIN 4 10 9 0 0.766 -5.590 1.780
SPIN 4 10 9 1 -5.455 2.232 -0.516
SPIN 4 10 9 2 2.090 5.063 2.235
SPIN 4 10 9 3 1.598 -1.664 -5.448
SPIN 4 10 9 4 3.011 3.540 -3.661
SPIN 4 10 9 5 -3.723 -3.971 -2.317
SPIN 4 10 9 6 5.000 -2.160 2.310
SPIN 4 10 9 7 -1.078 -0.957 5.738
SPIN 4 10 9 8 -2.433 0.225 -5.388
SPIN 4 10 9 9 -0.765 0.556 -5.840
SPIN 4 10 9 10 5.427 -2.341 0.261
SPIN 4 10 9 11 5.063 -1.429 -2.706
SPIN 4 10 9 12 2.118 -1.662 -5.268
SPIN 4 10 9 13 2.562 4.871 2.170
SPIN 4 10 9 14 4.495 -2.956 -2.460
SPIN 4 10 9 15 -1.662 3.110 4.750
SPIN 1 10 10 0 -2.797 -5.153 -0.788
SPIN 1 10 10 1 3.141 4.661 -1.845
SPIN 1 10 10 2 -2.652 1.015 5.190
SPIN 1 10 10 3 1.235 -4.697 -3.378
SPIN 1 10 10 4 1.668 -3.850 -4.171
SPIN 1 10 10 5 0.089 0.318 -5.907
SPIN 1 10 10 6 0.293 -5.595 1.899
SPIN 1 10 10 7 5.320 0.081 2.586
SPIN 1 10 10 8 -0.612 1.405 -5.714
SPIN 1 10 10 9 -4.687 -1.245 3.389
SPIN 1 10 10 10 2.164 3.319 4.394
SPIN 1 10 10 11 -1.189 -1.956 -5.455
SPIN 1 10 10 12 -5.710 1.521 0.281
SPIN 1 10 10 13 1.377 -1.303 5.604
SPIN 1 10 10 14 -5.395 1.407 1.977
SPIN 1 10 10 15 1.879 -4.554 -3.277
SPIN 4 10 10 0 2.213 0.044 -5.486
SPIN 4 10 10 1 2.337 -1.858 5.107
SPIN 4 10 10 2 5.441 -1.950 -1.260
SPIN 4 10 10 3 2.491 1.413 5.176
SPIN 4 10 10 4 -5.589 -0.450 1.887
SPIN 4 10 10 5 0.110 4.129 4.235
SPIN 4 10 10 6 -2.642 3.953 3.520
SPIN 4 10 10 7 2.154 -5.261 -1.636
SPIN 4 10 10 8 5.352 -0.729 2.414
SPIN 4 10 10 9 0.795 0.282 -5.856
SPIN 4 10 10 10 -2.986 -2.962 4.160
SPIN 4 10 10 11 1.801 -3.375 4.513
SPIN 4 10 10 12 0.176 -2.738 5.241
SPIN 4 10 10 13 -4.392 -0.539 -3.927
SPIN 4 10 10 14 2.651 0.953 5.202
SPIN 4 10 10 15 -5.854 0.836 0.176
SPIN 1 10 11 0 2.007 5.021 2.401
SPIN 1 10 11 1 -1.674 -1.464 5.482
SPIN 1 10 11 2 2.372 -2.369 -4.874
SPIN 1 10 11 3 4.596 -2.679 2.589
SPIN 1 10 11 4 -2.147 3.243 4.458
SPIN 1 10 11 5 4.320 -3.253 2.399
SPIN 1 10 11 6 -1.840 5.271 -1.959
SPIN 1 10 11 7 -2.971 -5.097 -0.444
SPIN 1 10 11 8 -2.695 -3.706 -3.742
SPIN 1 10 11 9 1.907 -2.245 5.131
SPIN 1 10 11 10 2.669 -1.246 -5.131
SPIN 1 10 11 11 -3.851 0.722 -4.433
SPIN 1 10 11 12 3.176 2.608 4.256
SPIN 1 10 11 13 5.581 -1.919 0.419
SPIN 1 10 11 14 4.468 0.659 -3.822
SPIN 1 10 11 15 -5.652 0.610 1.637
SPIN 4 10 11 0 -0.559 -0.030 -5.889
SPIN 4 10 11 1 2.327 -5.384 -0.776
SPIN 4 10 11 2 -4.885 -1.147 -3.134
SPIN 4 10 11 3 -2.092 1.147 -5.414
SPIN 4 10 11 4 4.049 4.011 1.586
SPIN 4 10 11 5 -4.928 -1.864 -2.691
SPIN 4 10 11 6 -0.535 -2.901 5.128
SPIN 4 10 11 7 5.111 0.542 2.929
SPIN 4 10 11 8 0.468 4.079 -4.259
SPIN 4 10 11 9 -1.412 0.934 5.669
SPIN 4 10 11 10 1.419 5.540 -1.515
SPIN 4 10 11 11 -5.888 -0.350 0.454
SPIN 4 10 11 12 5.093 2.948 -0.606
SPIN 4 10 11 13 -4.669 0.374 -3.614
SPIN 4 10 11 14 4.414 2.431 3.099
SPIN 4 10 11 15 -2.695 -5.204 0.810
SPIN 1 10 12 0 -4.341 2.126 3.411
SPIN 1 10 12 1 3.788 4.521 -0.461
SPIN 1 10 12 2 0.018 -5.653 -1.745
SPIN 1 10 12 3 -3.570 4.697 -0.438
SPIN 1 10 12 4 4.027 2.631 3.444
SPIN 1 10 12 5 -5.438 -2.100 1.012
SPIN 1 10 12 6 -5.308 -2.489 -0.792
SPIN 1 10 12 7 0.785 -2.015 -5.507
SPIN 1 10 12 8 -4.841 -3.105 -1.388
SPIN 1 10 12 9 4.117 -4.238 0.297
SPIN 1 10 12 10 -5.761 1.221 0.562
SPIN 1 10 12 11 3.166 -4.444 -2.287
SPIN 1 10 12 12 1.326 2.638 -5.127
SPIN 1 10 12 13 1.917 -1.111 5.485
SPIN 1 10 12 14 -3.586 -2.236 -4.140
SPIN 1 10 12 15 4.199 4.163 -0.198
SPIN 4 10 12 0 -1.403 5.713 -0.631
SPIN 4 10 12 1 -3.767 -3.450 -2.985
SPIN 4 10 12 2 5.495 2.052 0.767
SPIN 4 10 12 3 -2.175 -3.490 -4.254
SPIN 4 10 12 4 -4.997 1.932 2.510
SPIN 4 10 12 5 4.113 0.818 4.173
SPIN 4 10 12 6 2.988 4.669 -2.067
SPIN 4 10 12 7 -2.515 -3.599 3.965
SPIN 4 10 12 8 -2.187 4.849 -2.589
SPIN 4 10 12 9 5.823 -0.451 0.945
SPIN 4 10 12 10 -4.893 2.433 -2.266
SPIN 4 10 12 11 -1.335 0.006 5.764
SPIN 4 10 12 12 -1.191 2.645 -5.156
SPIN 4 10 12 13 3.548 1.908 4.332
SPIN 4 10 12 14 -5.316 -1.459 2.147
SPIN 4 10 12 15 -1.475 -0.404 -5.715
SPIN 1 10 13 0 5.391 -2.435 -0.101
SPIN 1 10 13 1 -1.169 -4.026 -4.174
SPIN 1 10 13 2 -2.459 2.063 4.970
SPIN 1 10 13 3 -5.588 -1.905 -0.377
SPIN 1 10 13 4 4.760 3.159 -1.537
SPIN 1 10 13 5 4.879 3.074 -1.319
SPIN 1 10 13 6 -4.218 -1.775 3.750
SPIN 1 10 13 7 1.711 2.441 5.110
SPIN 1 10 13 8 0.133 5.366 -2.488
SPIN 1 10 13 9 -0.294 -3.023 -5.077
SPIN 1 10 13 10 5.523 -2.027 -0.623
SPIN 1 10 13 11 -2.458 3.247 4.291
SPIN 1 10 13 12 1.233 5.608 1.424
SPIN 1 10 13 13 -0.076 5.914 0.141
SPIN 1 10 13 14 5.621 1.819 0.313
SPIN 1 10 13 15 -4.084 1.505 4.007
SPIN 4 10 13 0 -0.591 -2.696 5.233
SPIN 4 10 13 1 1.689 5.257 -2.125
SPIN 4 10 13 2 2.524 -5.194 -1.285
SPIN 4 10 13 3 -5.355 -1.780 1.775
SPIN 4 10 13 4 1.365 -4.670 3.366
SPIN 4 10 13 5 3.406 2.708 -4.008
SPIN 4 10 13 6 -1.499 -2.647 5.074
SPIN 4 10 13 7 -2.291 3.036 -4.531
SPIN 4 10 13 8 -3.625 2.733 -3.793
SPIN 4 10 13 9 4.115 -0.848 4.166
SPIN 4 10 13 10 1.721 -5.616 -0.709
SPIN 4 10 13 11 2.171 -3.693 -4.080
SPIN 4 10 13 12 4.954 -2.387 2.182
SPIN 4 10 13 13 -2.478 -0.170 -5.370
SPIN 4 10 13 14 5.665 1.459 0.885
SPIN 4 10 13 15 -2.549 -5.048 -1.737
SPIN 1 10 14 0 -0.817 -5.553 -1.870
SPIN 1 10 14 1 3.926 3.634 -2.525
SPIN 1 10 14 2 0.079 -3.889 -4.458
SPIN 1 10 14 3 -0.009 2.232 5.479
SPIN 1 10 14 4 4.305 2.530 -3.173
SPIN 1 10 14 5 -4.264 0.807 4.021
SPIN 1 10 14 6 -1.467 -3.885 -4.213
SPIN 1 10 14 7 3.618 -2.254 4.102
SPIN 1 10 14 8 4.328 0.651 -3.981
SPIN 1 10 14 9 -2.615 5.250 0.771
SPIN 1 10 14 10 -1.910 3.575 -4.310
SPIN 1 10 14 11 -0.924 -5.078 2.892
SPIN 1 10 14 12 1.804 -5.450 -1.428
SPIN 1 10 14 13 0.044 -5.902 0.401
SPIN 1 10 14 14 -5.442 -2.114 0.956
SPIN 1 10 14 15 2.541 -3.222 -4.261
SPIN 4 10 14 0 -2.231 4.560 -3.038
SPIN 4 10 14 1 2.100 -5.044 2.269
SPIN 4 10 14 2 -0.802 0.104 5.861
SPIN 4 10 14 3 4.748 -0.824 -3.431
SPIN 4 10 14 4 0.036 1.179 -5.797
SPIN 4 10 14 5 -5.529 0.288 2.085
SPIN 4 10 14 6 3.921 4.354 0.814
SPIN 4 10 14 7 2.824 -1.493 4.979
SPIN 4 10 14 8 2.514 -3.738 3.834
SPIN 4 10 14 9 4.227 -3.213 -2.608
SPIN 4 10 14 10 -1.400 -5.607 -1.268
SPIN 4 10 14 11 4.621 3.434 1.362
SPIN 4 10 14 12 3.551 4.726 -0.233
SPIN 4 10 14 13 -2.334 0.351 5.425
SPIN 4 10 14 14 -0.503 -4.797 -3.426
SPIN 4 10 14 15 -2.853 5.031 -1.244
SPIN 1 10 15 0 4.067 2.145 -3.723
SPIN 1 10 15 1 -2.975 0.415 5.097
SPIN 1 10 15 2 3.550 -4.605 -1.091
SPIN 1 10 15 3 -3.512 4.705 0.731
SPIN 1 10 15 4 -4.955 -3.158 0.686
SPIN 1 10 15 5 1.793 5.365 -1.732
SPIN 1 10 15 6 1.822 0.332 5.619
SPIN 1 10 15 7 -2.871 -0.047 -5.173
SPIN 1 10 15 8 -3.015 -2.882 -4.196
SPIN 1 10 15 9 -2.368 5.027 2.030
SPIN 1 10 15 10 3.806 -4.431 -0.937
SPIN 1 10 15 11 1.891 -1.884 5.280
SPIN 1 10 15 12 3.591 4.677 -0.483
SPIN 1 10 15 13 -4.362 3.436 -2.040
SPIN 1 10 15 14 -0.947 3.405 4.744
SPIN 1 10 15 15 4.425 -2.150 3.286
SPIN 4 10 15 0 0.222 1.295 5.768
SPIN 4 10 15 1 1.186 -1.976 5.449
SPIN 4 10 15 2 -1.978 5.441 -1.217
SPIN 4 10 15 3 -4.342 -1.573 3.697
SPIN 4 10 15 4 -1.046 -0.191 -5.820
SPIN 4 10 15 5 4.886 -2.892 1.663
SPIN 4 10 15 6 -4.908 -0.817 -3.201
SPIN 4 10 15 7 -5.058 -0.901 -2.934
SPIN 4 10 15 8 3.484 3.983 2.645
SPIN 4 10 15 9 -5.786 1.224 0.166
SPIN 4 10 15 10 -1.674 5.608 0.865
SPIN 4 10 15 11 1.355 4.662 3.381
SPIN 4 10 15 12 -2.068 4.110 3.719
SPIN 4 10 15 13 -2.679 -4.898 -1.957
SPIN 4 10 15 14 -4.911 2.694 1.904
SPIN 4 10 15 15 1.379 5.690 -0.852
SPIN 3 10 0 0 -1.417 1.201 5.617
SPIN 3 10 0 1 -4.388 -3.485 1.897
SPIN 3 10 0 2 2.259 -4.941 -2.342
SPIN 3 10 0 3 0.930 -5.679 1.372
SPIN 3 10 0 4 -3.571 2.173 -4.187
SPIN 3 10 0 5 -4.155 3.201 2.737
SPIN 3 10 0 6 1.297 -5.592 -1.429
SPIN 3 10 0 7 -2.222 -2.943 4.626
SPIN 3 10 0 8 5.081 1.403 2.687
SPIN 3 10 0 9 -1.622 2.700 5.008
SPIN 3 10 0 10 2.073 -0.470 -5.521
SPIN 3 10 0 11 -1.383 -5.436 1.881
SPIN 3 10 0 12 -0.776 -5.439 2.194
SPIN 3 10 0 13 -5.286 -1.489 2.201
SPIN 3 10 0 14 5.484 -1.107 1.924
SPIN 3 10 0 15 5.832 0.994 -0.019
SPIN 2 10 0 0 -4.400 3.946 -0.277
SPIN 2 10 0 1 5.446 -2.246 0.544
SPIN 2 10 0 2 -0.454 -5.652 -1.688
SPIN 2 10 0 3 -1.712 5.633 -0.586
SPIN 2 10 0 4 5.790 -0.967 -0.731
SPIN 2 10 0 5 3.037 -4.318 2.670
SPIN 2 10 0 6 -4.498 -3.644 -1.219
SPIN 2 10 0 7 1.184 5.503 -1.820
SPIN 2 10 0 8 -0.292 -4.908 -3.290
SPIN 2 10 0 9 4.393 0.674 3.904
SPIN 2 10 0 10 1.182 3.287 4.775
SPIN 2 10 0 11 -3.722 4.201 -1.872
SPIN 2 10 0 12 1.529 -2.948 -4.896
SPIN 2 10 0 13 1.861 4.407 3.480
SPIN 2 10 0 14 4.053 3.657 -2.281
SPIN 2 10 0 15 -2.158 4.818 -2.670
SPIN 3 10 1 0 3.990 0.970 -4.259
SPIN 3 10 1 1 3.250 -2.079 4.485
SPIN 3 10 1 2 -5.657 1.004 1.410
SPIN 3 10 1 3 -5.610 -1.420 -1.228
SPIN 3 10 1 4 -0.365 -5.874 0.601
SPIN 3 10 1 5 0.493 5.880 -0.433
SPIN 3 10 1 6 0.374 0.212 -5.900
SPIN 3 10 1 7 -1.983 5.279 1.789
SPIN 3 10 1 8 -4.197 -0.470 4.143
SPIN 3 10 1 9 3.400 2.887 -3.887
SPIN 3 10 1 10 -0.397 0.765 5.853
SPIN 3 10 1 11 4.612 0.601 -3.656
SPIN 3 10 1 12 5.317 -2.360 1.078
SPIN 3 10 1 13 -1.040 -1.210 5.697
SPIN 3 10 1 14 3.918 0.828 -4.355
SPIN 3 10 1 15 -3.435 3.138 3.655
SPIN 2 10 1 0 0.631 2.716 5.218
SPIN 2 10 1 1 -1.689 -4.520 3.422
SPIN 2 10 1 2 1.062 -4.137 -4.093
SPIN 2 10 1 3 -1.618 -1.592 5.463
SPIN 2 10 1 4 -1.064 -0.710 5.776
SPIN 2 10 1 5 -4.406 3.452 -1.915
SPIN 2 10 1 6 -1.104 5.379 2.202
SPIN 2 10 1 7 -3.280 3.149 3.785
SPIN 2 10 1 8 5.763 1.294 0.335
SPIN 2 10 1 9 0.096 3.637 -4.665
SPIN 2 10 1 10 -1.141 -4.761 3.322
SPIN 2 10 1 11 -0.784 -4.665 -3.553
SPIN 2 10 1 12 -4.722 3.252 1.460
SPIN 2 10 1 13 -3.384 -3.059 -3.767
SPIN 2 10 1 14 4.415 0.776 3.861
SPIN 2 10 1 15 -0.623 -5.500 -2.089
SPIN 3 10 2 0 0.432 -5.877 -0.526
SPIN 3 10 2 1 2.624 4.556 -2.713
SPIN 3 10 2 2 -0.291 -1.350 5.753
SPIN 3 10 2 3 -0.727 5.473 2.126
SPIN 3 10 2 4 4.872 1.293 -3.097
SPIN 3 10 2 5 3.924 -2.783 -3.444
SPIN 3 10 2 6 -5.057 -1.924 2.392
SPIN 3 10 2 7 -2.838 4.867 -1.806
SPIN 3 10 2 8 2.910 -1.846 4.809
SPIN 3 10 2 9 3.747 4.000 -2.228
SPIN 3 10 2 10 -0.802 -4.012 4.273
SPIN 3 10 2 11 0.069 -4.950 -3.240
SPIN 3 10 2 12 5.521 1.402 -1.597
SPIN 3 10 2 13 -4.179 4.183 -0.212
SPIN 3 10 2 14 -3.727 -3.690 2.737
SPIN 3 10 2 15 0.718 3.471 4.737
SPIN 2 10 2 0 -3.641 3.347 -3.246
SPIN 2 10 2 1 3.724 -4.378 -1.402
SPIN 2 10 2 2 1.581 5.332 -2.018
SPIN 2 10 2 3 1.283 3.020 -4.923
SPIN 2 10 2 4 -3.810 -4.456 0.794
SPIN 2 10 2 5 2.256 -1.166 5.343
SPIN 2 10 2 6 0.505 5.717 -1.437
SPIN 2 10 2 7 5.088 0.837 -2.900
SPIN 2 10 2 8 -2.373 3.937 -3.724
SPIN 2 10 2 9 5.759 -0.881 1.030
SPIN 2 10 2 10 4.011 -3.768 -2.171
SPIN 2 10 2 11 1.932 3.029 4.700
SPIN 2 10 2 12 -0.277 -5.670 -1.665
SPIN 2 10 2 13 -3.594 4.640 -0.742
SPIN 2 10 2 14 -4.625 -3.660 -0.459
SPIN 2 10 2 15 -4.364 1.621 -3.651
SPIN 3 10 3 0 3.104 -4.777 1.596
SPIN 3 10 3 1 -5.218 2.746 -0.477
SPIN 3 10 3 2 -3.808 -3.349 3.047
SPIN 3 10 3 3 -0.524 3.750 -4.546
SPIN 3 10 3 4 -4.117 -2.633 -3.335
SPIN 3 10 3 5 -4.721 -3.382 -1.131
SPIN 3 10 3 6 0.683 0.446 5.860
SPIN 3 10 3 7 -0.894 -5.847 0.097
SPIN 3 10 3 8 -3.551 -2.344 -4.110
SPIN 3 10 3 9 2.709 0.658 5.218
SPIN 3 10 3 10 -0.547 2.609 -5.281
SPIN 3 10 3 11 3.031 -5.006 0.866
SPIN 3 10 3 12 -1.734 -2.437 -5.104
SPIN 3 10 3 13 1.729 -0.967 5.574
SPIN 3 10 3 14 -0.954 -3.534 4.648
SPIN 3 10 3 15 4.061 -4.302 -0.052
SPIN 2 10 3 0 5.798 0.799 -0.860
SPIN 2 10 3 1 -5.502 1.631 -1.439
SPIN 2 10 3 2 -1.397 -5.566 -1.439
SPIN 2 10 3 3 -0.636 4.243 -4.073
SPIN 2 10 3 4 -0.021 -5.805 1.143
SPIN 2 10 3 5 1.646 5.345 1.929
SPIN 2 10 3 6 -4.674 -3.439 1.154
SPIN 2 10 3 7 1.512 3.212 -4.732
SPIN 2 10 3 8 0.228 3.787 4.539
SPIN 2 10 3 9 -3.460 -4.008 -2.639
SPIN 2 10 3 10 -0.781 5.826 -0.672
SPIN 2 10 3 11 5.079 -1.168 -2.799
SPIN 2 10 3 12 -0.998 5.059 -2.900
SPIN 2 10 3 13 2.104 -1.403 5.349
SPIN 2 10 3 14 -1.092 3.449 -4.681
SPIN 2 10 3 15 -4.798 -2.996 -1.733
SPIN 3 10 4 0 4.978 -0.888 -3.071
SPIN 3 10 4 1 -4.617 -1.131 3.522
SPIN 3 10 4 2 -0.372 3.406 4.823
SPIN 3 10 4 3 4.839 -3.104 1.398
SPIN 3 10 4 4 -1.057 -5.358 -2.274
SPIN 3 10 4 5 -0.108 -1.670 -5.674
SPIN 3 10 4 6 4.857 3.133 1.263
SPIN 3 10 4 7 5.628 0.810 -1.635
SPIN 3 10 4 8 4.440 2.865 2.660
SPIN 3 10 4 9 -3.331 -4.804 -0.908
SPIN 3 10 4 10 -0.679 2.797 5.169
SPIN 3 10 4 11 -5.777 0.372 1.220
SPIN 3 10 4 12 3.224 -3.307 -3.698
SPIN 3 10 4 13 3.997 -4.204 -1.163
SPIN 3 10 4 14 3.202 -0.718 4.923
SPIN 3 10 4 15 -0.480 5.746 -1.326
SPIN 2 10 4 0 -0.456 -4.140 4.202
SPIN 2 10 4 1 1.579 -5.508 -1.471
SPIN 2 10 4 2 -4.466 3.866 0.329
SPIN 2 10 4 3 -2.749 -5.192 -0.697
SPIN 2 10 4 4 -2.836 -5.057 1.176
SPIN 2 10 4 5 -4.050 -0.934 -4.210
SPIN 2 10 4 6 2.317 4.424 -3.171
SPIN 2 10 4 7 -1.000 -2.503 -5.267
SPIN 2 10 4 8 4.537 -3.760 -0.527
SPIN 2 10 4 9 -4.657 -3.412 1.293
SPIN 2 10 4 10 -0.594 -5.069 -2.993
SPIN 2 10 4 11 -0.152 -0.658 -5.877
SPIN 2 10 4 12 -2.150 -1.270 5.363
SPIN 2 10 4 13 0.886 -4.238 -4.032
SPIN 2 10 4 14 3.305 2.342 4.312
SPIN 2 10 4 15 3.505 -4.471 1.651
SPIN 3 10 5 0 2.865 -3.120 4.131
SPIN 3 10 5 1 3.579 3.198 -3.459
SPIN 3 10 5 2 -1.704 -4.835 -2.954
SPIN 3 10 5 3 -0.614 5.661 1.605
SPIN 3 10 5 4 -5.332 2.338 -1.053
SPIN 3 10 5 5 -2.676 4.986 -1.727
SPIN 3 10 5 6 4.168 -3.643 -2.088
SPIN 3 10 5 7 -1.175 5.746 -0.777
SPIN 3 10 5 8 -5.040 -0.789 -2.996
SPIN 3 10 5 9 0.619 -0.091 5.883
SPIN 3 10 5 10 -5.563 -1.211 1.607
SPIN 3 10 5 11 0.885 -5.005 -3.028
SPIN 3 10 5 12 -0.318 2.968 5.108
SPIN 3 10 5 13 1.487 2.858 -4.962
SPIN 3 10 5 14 -5.877 -0.150 0.661
SPIN 3 10 5 15 3.710 3.247 3.270
SPIN 2 10 5 0 0.180 5.495 2.185
SPIN 2 10 5 1 5.777 1.151 0.546
SPIN 2 10 5 2 3.793 -4.061 2.030
SPIN 2 10 5 3 5.874 0.670 -0.217
SPIN 2 10 5 4 -1.128 -5.553 -1.701
SPIN 2 10 5 5 -0.657 -4.615 3.643
SPIN 2 10 5 6 4.758 0.308 3.502
SPIN 2 10 5 7 -3.736 4.559 -0.510
SPIN 2 10 5 8 3.290 -4.716 1.392
SPIN 2 10 5 9 -1.441 5.448 -1.800
SPIN 2 10 5 10 4.731 1.522 3.209
SPIN 2 10 5 11 4.905 0.671 3.239
SPIN 2 10 5 12 -1.146 2.939 5.005
SPIN 2 10 5 13 -0.888 3.517 4.674
SPIN 2 10 5 14 -1.065 -5.723 -1.053
SPIN 2 10 5 15 -5.776 1.175 -0.505
SPIN 3 10 6 0 5.683 -1.413 0.839
SPIN 3 10 6 1 -3.055 1.097 4.946
SPIN 3 10 6 2 4.985 -2.047 2.441
SPIN 3 10 6 3 5.420 1.192 -2.051
SPIN 3 10 6 4 1.681 0.580 -5.643
SPIN 3 10 6 5 -3.537 -4.532 -1.397
SPIN 3 10 6 6 -1.130 0.113 5.806
SPIN 3 10 6 7 4.623 -2.428 -2.780
SPIN 3 10 6 8 0.433 -5.358 2.470
SPIN 3 10 6 9 3.999 -0.794 -4.287
SPIN 3 10 6 10 2.798 -0.224 -5.208
SPIN 3 10 6 11 -1.676 3.911 -4.110
SPIN 3 10 6 12 -2.236 -4.288 3.407
SPIN 3 10 6 13 5.905 -0.353 0.090
SPIN 3 10 6 14 1.887 3.864 -4.064
SPIN 3 10 6 15 -5.565 -1.975 -0.364
SPIN 2 10 6 0 2.112 4.984 2.388
SPIN 2 10 6 1 -4.685 -1.816 3.124
SPIN 2 10 6 2 -2.678 0.717 -5.226
SPIN 2 10 6 3 -5.275 -1.177 -2.405
SPIN 2 10 6 4 1.525 5.114 -2.555
SPIN 2 10 6 5 -5.308 0.071 2.612
SPIN 2 10 6 6 2.289 -2.158 5.010
SPIN 2 10 6 7 -1.284 -5.769 -0.252
SPIN 2 10 6 8 1.321 5.760 -0.282
SPIN 2 10 6 9 5.836 -0.827 0.504
SPIN 2 10 6 10 4.229 -2.628 -3.195
SPIN 2 10 6 11 2.008 2.583 4.930
SPIN 2 10 6 12 -0.367 -5.513 -2.115
SPIN 2 10 6 13 -3.701 3.935 -2.413
SPIN 2 10 6 14 4.047 -4.134 1.235
SPIN 2 10 6 15 -4.768 3.500 0.128
SPIN 3 10 7 0 1.554 5.481 -1.595
SPIN 3 10 7 1 2.545 5.303 0.629
SPIN 3 10 7 2 -5.862 -0.756 -0.251
SPIN 3 10 7 3 -0.119 5.912 -0.169
SPIN 3 10 7 4 -2.435 -5.027 1.950
SPIN 3 10 7 5 -1.983 5.281 -1.782
SPIN 3 10 7 6 -2.125 1.298 -5.366
SPIN 3 10 7 7 -2.237 -2.739 -4.743
SPIN 3 10 7 8 -4.453 2.092 -3.286
SPIN 3 10 7 9 -0.403 5.532 2.057
SPIN 3 10 7 10 -1.074 5.429 2.092
SPIN 3 10 7 11 1.543 -4.970 -2.814
SPIN 3 10 7 12 1.191 5.546 1.679
SPIN 3 10 7 13 -5.595 1.779 -0.726
SPIN 3 10 7 14 -2.870 -2.467 4.547
SPIN 3 10 7 15 -2.166 1.887 -5.172
SPIN 2 10 7 0 -5.306 2.084 1.583
SPIN 2 10 7 1 1.753 2.588 -5.023
SPIN 2 10 7 2 -0.897 -1.222 5.719
SPIN 2 10 7 3 1.068 -1.992 -5.467
SPIN 2 10 7 4 -4.031 -3.385 -2.700
SPIN 2 10 7 5 -4.639 -2.855 -2.308
SPIN 2 10 7 6 0.658 -0.610 5.848
SPIN 2 10 7 7 1.280 -5.182 2.551
SPIN 2 10 7 8 3.020 -3.101 -4.033
SPIN 2 10 7 9 -0.702 -5.170 2.790
SPIN 2 10 7 10 4.672 -3.622 0.237
SPIN 2 10 7 11 4.250 0.514 4.084
SPIN 2 10 7 12 5.402 -0.064 -2.410
SPIN 2 10 7 13 -1.371 0.653 5.718
SPIN 2 10 7 14 -0.215 4.965 -3.209
SPIN 2 10 7 15 5.027 -0.664 -3.048
SPIN 3 10 8 0 -5.735 1.323 -0.601
SPIN 3 10 8 1 -2.852 4.607 2.375
SPIN 3 10 8 2 5.559 -1.499 1.361
SPIN 3 10 8 3 -0.672 -3.696 4.570
SPIN 3 10 8 4 3.553 4.398 1.744
SPIN 3 10 8 5 4.627 -3.621 0.692
SPIN 3 10 8 6 0.463 2.740 -5.223
SPIN 3 10 8 7 -1.125 2.621 5.183
SPIN 3 10 8 8 -1.432 -1.165 -5.621
SPIN 3 10 8 9 0.184 5.687 1.621
SPIN 3 10 8 10 2.444 -5.329 0.793
SPIN 3 10 8 11 3.999 3.497 -2.604
SPIN 3 10 8 12 -4.518 0.172 -3.816
SPIN 3 10 8 13 3.889 -3.785 2.354
SPIN 3 10 8 14 4.319 -3.590 -1.859
SPIN 3 10 8 15 -2.805 -1.023 5.108
SPIN 2 10 8 0 -0.336 -4.014 4.333
SPIN 2 10 8 1 5.762 0.288 -1.309
SPIN 2 10 8 2 0.386 -5.747 -1.349
SPIN 2 10 8 3 -3.209 3.563 3.466
SPIN 2 10 8 4 3.032 -4.961 -1.095
SPIN 2 10 8 5 -4.145 3.942 1.512
SPIN 2 10 8 6 -4.630 -2.969 2.179
SPIN 2 10 8 7 4.702 -1.889 3.053
SPIN 2 10 8 8 1.320 5.423 1.962
SPIN 2 10 8 9 4.541 2.467 -2.880
SPIN 2 10 8 10 -5.085 -2.351 -1.902
SPIN 2 10 8 11 -5.104 -1.775 2.409
SPIN 2 10 8 12 -4.387 -2.236 3.280
SPIN 2 10 8 13 0.423 -5.486 -2.175
SPIN 2 10 8 14 -4.828 -3.406 0.306
SPIN 2 10 8 15 -2.808 -2.854 -4.355
SPIN 3 10 9 0 4.572 -0.535 -3.716
SPIN 3 10 9 1 -2.613 5.191 1.105
SPIN 3 10 9 2 2.425 2.226 4.916
SPIN 3 10 9 3 -2.342 -5.271 -1.314
SPIN 3 10 9 4 -4.969 3.183 0.429
SPIN 3 10 9 5 -1.142 0.484 -5.785
SPIN 3 10 9 6 -0.735 -2.212 5.437
SPIN 3 10 9 7 1.776 -0.367 -5.631
SPIN 3 10 9 8 5.040 2.249 -2.131
SPIN 3 10 9 9 -4.961 -3.107 -0.860
SPIN 3 10 9 10 3.273 4.396 2.228
SPIN 3 10 9 11 0.173 -5.564 -2.004
SPIN 3 10 9 12 5.513 -0.466 -2.095
SPIN 3 10 9 13 -3.172 4.467 2.232
SPIN 3 10 9 14 -0.366 3.934 -4.404
SPIN 3 10 9 15 -2.737 -2.872 4.389
SPIN 2 10 9 0 -3.622 -3.246 3.368
SPIN 2 10 9 1 -3.593 4.529 1.256
SPIN 2 10 9 2 2.214 -3.428 -4.283
SPIN 2 10 9 3 2.800 -5.032 -1.355
SPIN 2 10 9 4 -2.177 -3.071 4.564
SPIN 2 10 9 5 5.217 0.994 -2.606
SPIN 2 10 9 6 3.877 -2.265 3.853
SPIN 2 10 9 7 0.950 0.367 -5.828
SPIN 2 10 9 8 -2.078 -5.440 -1.045
SPIN 2 10 9 9 2.649 -3.994 -3.468
SPIN 2 10 9 10 3.545 1.096 4.608
SPIN 2 10 9 11 0.185 -5.490 -2.196
SPIN 2 10 9 12 -5.735 1.358 0.518
SPIN 2 10 9 13 5.768 -0.585 -1.178
SPIN 2 10 9 14 -2.586 -4.204 -3.262
SPIN 2 10 9 15 -1.309 1.118 5.660
SPIN 3 10 10 0 0.539 -5.875 0.444
SPIN 3 10 10 1 -2.450 4.750 -2.537
SPIN 3 10 10 2 -2.695 -4.960 1.771
SPIN 3 10 10 3 1.840 -0.457 -5.604
SPIN 3 10 10 4 4.110 -0.009 4.255
SPIN 3 10 10 5 -5.791 -1.153 0.362
SPIN 3 10 10 6 -1.590 -4.958 2.810
SPIN 3 10 10 7 -3.788 -4.220 -1.686
SPIN 3 10 10 8 -0.255 -3.337 4.878
SPIN 3 10 10 9 -2.374 3.632 -4.021
SPIN 3 10 10 10 -2.096 -3.757 -4.061
SPIN 3 10 10 11 -0.559 5.829 0.839
SPIN 3 10 10 12 -3.556 0.274 4.720
SPIN 3 10 10 13 3.871 -0.621 -4.431
SPIN 3 10 10 14 1.876 -0.509 5.588
SPIN 3 10 10 15 4.694 3.076 1.871
SPIN 2 10 10 0 -0.396 5.117 2.943
SPIN 2 10 10 1 3.558 2.463 4.034
SPIN 2 10 10 2 2.435 -5.392 0.007
SPIN 2 10 10 3 2.937 0.989 -5.039
SPIN 2 10 10 4 -0.589 3.981 4.337
SPIN 2 10 10 5 5.288 -0.501 -2.604
SPIN 2 10 10 6 -1.134 -5.312 -2.345
SPIN 2 10 10 7 0.441 5.844 0.810
SPIN 2 10 10 8 3.922 3.325 -2.926
SPIN 2 10 10 9 1.964 5.501 0.940
SPIN 2 10 10 10 4.938 -2.921 1.443
SPIN 2 10 10 11 3.415 -0.238 4.825
SPIN 2 10 10 12 3.903 -3.936 -2.068
SPIN 2 10 10 13 -5.682 1.555 -0.541
SPIN 2 10 10 14 2.208 0.616 -5.454
SPIN 2 10 10 15 -4.906 2.524 2.135
SPIN 3 10 11 0 2.410 0.743 5.352
SPIN 3 10 11 1 -0.590 5.364 -2.425
SPIN 3 10 11 2 -5.350 2.495 0.388
SPIN 3 10 11 3 -1.558 -5.555 -1.307
SPIN 3 10 11 4 3.231 4.808 1.201
SPIN 3 10 11 5 2.024 2.061 5.163
SPIN 3 10 11 6 2.267 1.238 5.322
SPIN 3 10 11 7 -5.522 2.061 0.514
SPIN 3 10 11 8 -4.768 2.476 2.477
SPIN 3 10 11 9 1.479 -1.340 5.569
SPIN 3 10 11 10 -3.090 2.346 4.467
SPIN 3 10 11 11 3.250 -0.735 -4.888
SPIN 3 10 11 12 -3.953 -3.120 3.105
SPIN 3 10 11 13 5.049 3.005 -0.691
SPIN 3 10 11 14 -2.893 -1.513 -4.933
SPIN 3 10 11 15 4.487 -3.855 0.055
SPIN 2 10 11 0 2.291 -1.283 -5.302
SPIN 2 10 11 1 1.847 -3.615 -4.303
SPIN 2 10 11 2 2.914 4.216 -2.955
SPIN 2 10 11 3 0.754 5.631 -1.649
SPIN 2 10 11 4 2.914 -3.264 -3.982
SPIN 2 10 11 5 -4.252 2.898 2.919
SPIN 2 10 11 6 5.775 0.057 1.281
SPIN 2 10 11 7 -4.271 -2.043 -3.547
SPIN 2 10 11 8 2.553 -5.334 -0.163
SPIN 2 10 11 9 5.283 -2.661 0.069
SPIN 2 10 11 10 -5.881 0.634 -0.119
SPIN 2 10 11 11 3.544 0.399 -4.720
SPIN 2 10 11 12 4.803 0.411 3.430
SPIN 2 10 11 13 5.575 -0.889 1.770
SPIN 2 10 11 14 -5.546 0.081 2.058
SPIN 2 10 11 15 -0.737 -2.693 -5.216
SPIN 3 10 12 0 -4.571 -1.305 -3.522
SPIN 3 10 12 1 -1.193 -1.430 5.615
SPIN 3 10 12 2 4.504 -0.538 3.799
SPIN 3 10 12 3 1.305 3.699 4.429
SPIN 3 10 12 4 -0.434 -5.754 -1.304
SPIN 3 10 12 5 1.261 -1.942 5.444
SPIN 3 10 12 6 -1.575 3.638 -4.391
SPIN 3 10 12 7 5.087 -0.698 -2.939
SPIN 3 10 12 8 2.136 5.096 2.114
SPIN 3 10 12 9 3.298 2.536 -4.206
SPIN 3 10 12 10 3.496 -3.091 -3.636
SPIN 3 10 12 11 -2.425 -2.322 4.871
SPIN 3 10 12 12 -2.406 -3.058 -4.456
SPIN 3 10 12 13 2.605 4.851 2.164
SPIN 3 10 12 14 -5.219 -0.527 -2.736
SPIN 3 10 12 15 -5.814 -0.847 -0.692
SPIN 2 10 12 0 1.525 -2.794 4.987
SPIN 2 10 12 1 3.752 -1.927 4.148
SPIN 2 10 12 2 4.835 -2.513 -2.305
SPIN 2 10 12 3 -4.949 -1.427 2.910
SPIN 2 10 12 4 1.988 2.198 -5.120
SPIN 2 10 12 5 4.505 0.612 3.786
SPIN 2 10 12 6 -4.825 -3.023 -1.606
SPIN 2 10 12 7 1.660 0.895 5.607
SPIN 2 10 12 8 -5.388 1.062 -2.199
SPIN 2 10 12 9 -1.480 1.373 5.561
SPIN 2 10 12 10 3.646 -0.814 -4.587
SPIN 2 10 12 11 -5.676 1.664 -0.099
SPIN 2 10 12 12 -4.233 -1.746 3.746
SPIN 2 10 12 13 -1.582 5.380 1.885
SPIN 2 10 12 14 4.990 -0.130 -3.176
SPIN 2 10 12 15 -5.128 -1.783 2.351
SPIN 3 10 13 0 -3.707 -4.451 1.202
SPIN 3 10 13 1 5.114 0.446 -2.941
SPIN 3 10 13 2 1.127 1.641 -5.571
SPIN 3 10 13 3 1.889 -1.227 -5.471
SPIN 3 10 13 4 -2.321 1.091 5.331
SPIN 3 10 13 5 3.219 -0.488 -4.940
SPIN 3 10 13 6 -0.538 -5.486 -2.147
SPIN 3 10 13 7 -2.049 3.115 -4.593
SPIN 3 10 13 8 1.957 -4.997 2.491
SPIN 3 10 13 9 -3.600 3.948 -2.540
SPIN 3 10 13 10 5.252 -0.475 -2.681
SPIN 3 10 13 11 -0.237 3.229 -4.952
SPIN 3 10 13 12 2.032 -4.892 2.635
SPIN 3 10 13 13 -3.417 -2.923 3.844
SPIN 3 10 13 14 0.785 -0.530 5.840
SPIN 3 10 13 15 3.400 -4.318 -2.190
SPIN 2 10 13 0 0.889 1.237 -5.717
SPIN 2 10 13 1 0.137 5.085 -3.021
SPIN 2 10 13 2 -3.079 -5.040 -0.340
SPIN 2 10 13 3 -2.728 5.232 -0.436
SPIN 2 10 13 4 0.961 2.153 5.426
SPIN 2 10 13 5 -0.542 0.210 5.887
SPIN 2 10 13 6 5.489 -0.993 -1.971
SPIN 2 10 13 7 -3.395 1.560 -4.587
SPIN 2 10 13 8 2.090 1.281 5.384
SPIN 2 10 13 9 -1.318 -1.083 -5.665
SPIN 2 10 13 10 0.322 -5.321 -2.566
SPIN 2 10 13 11 3.942 4.396 0.366
SPIN 2 10 13 12 2.522 5.286 -0.835
SPIN 2 10 13 13 0.805 2.544 -5.280
SPIN 2 10 13 14 -3.720 -1.837 -4.217
SPIN 2 10 13 15 4.555 3.383 1.677
SPIN 3 10 14 0 4.384 2.616 2.989
SPIN 3 10 14 1 0.358 4.538 3.778
SPIN 3 10 14 2 -2.234 -5.474 -0.213
SPIN 3 10 14 3 -3.882 2.269 3.845
SPIN 3 10 14 4 5.046 1.548 -2.672
SPIN 3 10 14 5 -1.686 -5.556 -1.134
SPIN 3 10 14 6 3.400 2.861 -3.905
SPIN 3 10 14 7 -2.293 -5.427 -0.532
SPIN 3 10 14 8 5.802 1.140 -0.199
SPIN 3 10 14 9 2.764 1.576 4.988
SPIN 3 10 14 10 2.996 5.039 0.795
SPIN 3 10 14 11 -0.804 -5.861 -0.008
SPIN 3 10 14 12 3.703 -3.964 2.362
SPIN 3 10 14 13 1.343 3.638 4.468
SPIN 3 10 14 14 -5.740 1.304 0.591
SPIN 3 10 14 15 -2.046 -0.804 5.492
SPIN 2 10 14 0 3.971 3.976 -1.849
SPIN 2 10 14 1 -3.337 -2.533 4.177
SPIN 2 10 14 2 3.565 3.960 2.570
SPIN 2 10 14 3 0.028 2.288 -5.455
SPIN 2 10 14 4 3.780 -3.112 3.322
SPIN 2 10 14 5 -4.780 0.948 -3.354
SPIN 2 10 14 6 -0.119 -3.537 4.741
SPIN 2 10 14 7 -4.355 3.164 2.455
SPIN 2 10 14 8 2.300 4.795 2.593
SPIN 2 10 14 9 0.401 -5.792 -1.134
SPIN 2 10 14 10 -1.574 5.473 -1.603
SPIN 2 10 14 11 -5.082 -0.790 -2.924
SPIN 2 10 14 12 -5.592 1.912 -0.276
SPIN 2 10 14 13 -2.528 5.068 1.710
SPIN 2 10 14 14 -0.177 -5.129 -2.943
SPIN 2 10 14 15 -4.789 -0.347 -3.457
SPIN 3 10 15 0 5.335 2.440 0.763
SPIN 3 10 15 1 3.717 -3.386 3.117
SPIN 3 10 15 2 0.154 -5.892 -0.505
SPIN 3 10 15 3 0.926 1.475 5.654
SPIN 3 10 15 4 -3.449 4.462 -1.787
SPIN 3 10 15 5 4.886 2.088 -2.603
SPIN 3 10 15 6 2.950 4.826 1.734
SPIN 3 10 15 7 -0.156 5.423 2.359
SPIN 3 10 15 8 -4.462 2.451 3.014
SPIN 3 10 15 9 2.390 -5.218 -1.436
SPIN 3 10 15 10 -4.477 1.936 -3.348
SPIN 3 10 15 11 3.532 4.522 -1.440
SPIN 3 10 15 12 -4.523 -2.944 -2.423
SPIN 3 10 15 13 0.359 -5.415 -2.356
SPIN 3 10 15 14 3.324 -0.622 4.855
SPIN 3 10 15 15 -4.847 -3.255 -0.953
SPIN 2 10 15 0 -1.565 -5.346 -1.994
SPIN 2 10 15 1 0.461 -1.096 -5.795
SPIN 2 10 15 2 5.325 1.923 -1.715
SPIN 2 10 15 3 2.100 -3.676 -4.132
SPIN 2 10 15 4 -4.855 -2.737 1.985
SPIN 2 10 15 5 0.672 4.147 4.165
SPIN 2 10 15 6 -3.556 4.469 -1.545
SPIN 2 10 15 7 -4.329 -1.386 -3.787
SPIN 2 10 15 8 -2.447 3.714 3.901
SPIN 2 10 15 9 0.337 -3.716 -4.591
SPIN 2 10 15 10 3.260 0.614 4.899
SPIN 2 10 15 11 -0.471 -5.844 -0.790
SPIN 2 10 15 12 -0.646 -2.826 5.157
SPIN 2 10 15 13 2.651 -4.274 -3.116
SPIN 2 10 15 14 -4.219 3.943 1.285
SPIN 2 10 15 15 -1.201 -3.499 4.617
SPIN 1 11 0 0 -3.033 -5.020 0.778
SPIN 1 11 0 1 1.317 3.225 4.782
SPIN 1 11 0 2 0.765 4.418 -3.860
SPIN 1 11 0 3 3.013 -0.190 -5.088
SPIN 1 11 0 4 4.534 3.616 -1.169
SPIN 1 11 0 5 3.275 -4.828 0.980
SPIN 1 11 0 6 1.446 0.164 -5.734
SPIN 1 11 0 7 -3.155 3.426 -3.648
SPIN 1 11 0 8 3.291 2.413 4.283
SPIN 1 11 0 9 -1.235 -2.766 5.082
SPIN 1 11 0 10 0.635 -0.011 -5.882
SPIN 1 11 0 11 -0.701 -2.777 5.177
SPIN 1 11 0 12 -2.978 2.701 -4.340
SPIN 1 11 0 13 -0.609 5.672 -1.567
SPIN 1 11 0 14 -1.068 -5.788 0.603
SPIN 1 11 0 15 -3.243 -3.327 -3.662
SPIN 4 11 0 0 5.878 -0.113 0.663
SPIN 4 11 0 1 -5.607 -0.725 -1.743
SPIN 4 11 0 2 1.367 -4.065 4.075
SPIN 4 11 0 3 -4.758 2.589 2.378
SPIN 4 11 0 4 -1.150 0.093 -5.803
SPIN 4 11 0 5 2.120 -0.779 5.468
SPIN 4 11 0 6 -3.125 -2.897 -4.104
SPIN 4 11 0 7 2.624 0.150 -5.300
SPIN 4 11 0 8 -4.543 0.939 3.672
SPIN 4 11 0 9 3.078 -3.101 -3.989
SPIN 4 11 0 10 4.309 2.038 3.505
SPIN 4 11 0 11 5.638 -0.505 1.719
SPIN 4 11 0 12 -5.746 -0.551 1.295
SPIN 4 11 0 13 4.333 0.210 4.023
SPIN 4 11 0 14 -4.877 2.718 -1.956
SPIN 4 11 0 15 4.999 -2.392 -2.071
SPIN 1 11 1 0 4.542 0.506 3.757
SPIN 1 11 1 1 -0.401 -5.216 2.762
SPIN 1 11 1 2 -4.951 3.200 0.503
SPIN 1 11 1 3 0.002 -0.457 5.898
SPIN 1 11 1 4 0.684 3.547 4.685
SPIN 1 11 1 5 3.541 3.058 -3.620
SPIN 1 11 1 6 -1.153 -0.181 5.800
SPIN 1 11 1 7 2.260 -5.466 -0.113
SPIN 1 11 1 8 1.974 -4.548 3.228
SPIN 1 11 1 9 -0.538 4.410 3.907
SPIN 1 11 1 10 2.602 -2.679 -4.588
SPIN 1 11 1 11 -4.789 3.415 -0.639
SPIN 1 11 1 12 -1.789 -5.617 0.494
SPIN 1 11 1 13 -3.602 1.377 4.487
SPIN 1 11 1 14 3.084 -2.042 4.617
SPIN 1 11 1 15 2.245 -2.998 4.579
SPIN 4 11 1 0 -0.452 3.061 -5.043
SPIN 4 11 1 1 -0.840 -1.279 5.715
SPIN 4 11 1 2 5.194 -2.066 -1.938
SPIN 4 11 1 3 0.633 -5.226 -2.700
SPIN 4 11 1 4 2.988 0.602 5.070
SPIN 4 11 1 5 0.225 5.655 -1.724
SPIN 4 11 1 6 2.079 0.214 -5.535
SPIN 4 11 1 7 2.614 5.249 -0.788
SPIN 4 11 1 8 4.187 2.526 -3.329
SPIN 4 11 1 9 -3.796 -3.266 3.151
SPIN 4 11 1 10 -5.352 2.054 1.462
SPIN 4 11 1 11 1.110 -4.994 2.971
SPIN 4 11 1 12 -4.364 3.984 -0.288
SPIN 4 11 1 13 -0.829 -5.793 -0.868
SPIN 4 11 1 14 1.729 1.412 -5.479
SPIN 4 11 1 15 -1.661 -2.792 4.944
SPIN 1 11 2 0 4.273 -3.187 -2.566
SPIN 1 11 2 1 -2.806 -2.159 -4.740
SPIN 1 11 2 2 2.100 0.134 5.529
SPIN 1 11 2 3 5.373 -0.368 2.448
SPIN 1 11 2 4 -2.966 -4.070 -3.104
SPIN 1 11 2 5 -4.163 -1.364 3.976
SPIN 1 11 2 6 -2.522 -4.409 -3.034
SPIN 1 11 2 7 1.782 -1.806 5.344
SPIN 1 11 2 8 -2.468 0.603 -5.343
SPIN 1 11 2 9 1.128 4.035 4.177
SPIN 1 11 2 10 -4.138 2.392 -3.487
SPIN 1 11 2 11 3.343 4.535 -1.804
SPIN 1 11 2 12 -4.105 -2.552 3.412
SPIN 1 11 2 13 1.775 -0.325 5.634
SPIN 1 11 2 14 -1.515 -4.626 -3.363
SPIN 1 11 2 15 -0.172 5.476 2.234
SPIN 4 11 2 0 3.672 0.865 4.557
SPIN 4 11 2 1 -3.585 -1.523 -4.453
SPIN 4 11 2 2 -0.540 5.125 -2.905
SPIN 4 11 2 3 -5.476 -0.650 -2.143
SPIN 4 11 2 4 1.206 4.977 -2.962
SPIN 4 11 2 5 2.944 -0.446 5.112
SPIN 4 11 2 6 2.920 -3.421 -3.843
SPIN 4 11 2 7 -4.859 3.344 0.456
SPIN 4 11 2 8 4.963 -1.213 2.983
SPIN 4 11 2 9 0.602 -3.020 5.052
SPIN 4 11 2 10 -4.422 -3.930 0.000
SPIN 4 11 2 11 0.499 2.627 5.277
SPIN 4 11 2 12 -2.108 -4.675 2.949
SPIN 4 11 2 13 1.510 3.126 -4.790
SPIN 4 11 2 14 1.548 4.012 4.063
SPIN 4 11 2 15 -2.743 0.806 -5.179
SPIN 1 11 3 0 -0.875 -5.338 -2.396
SPIN 1 11 3 1 -1.483 4.417 -3.646
SPIN 1 11 3 2 -2.335 5.114 -1.841
SPIN 1 11 3 3 -5.042 1.362 2.780
SPIN 1 11 3 4 4.401 2.253 3.249
SPIN 1 11 3 5 5.077 -0.501 -2.996
SPIN 1 11 3 6 -0.063 3.299 -4.911
SPIN 1 11 3 7 2.309 1.835 -5.128
SPIN 1 11 3 8 -1.768 2.433 5.094
SPIN 1 11 3 9 1.276 2.890 -5.002
SPIN 1 11 3 10 -0.278 5.732 1.437
SPIN 1 11 3 11 -1.249 -4.761 -3.283
SPIN 1 11 3 12 -0.557 -2.395 5.381
SPIN 1 11 3 13 4.597 2.392 -2.853
SPIN 1 11 3 14 1.558 -4.850 3.008
SPIN 1 11 3 15 3.992 -0.410 -4.347
SPIN 4 11 3 0 -5.335 2.542 0.281
SPIN 4 11 3 1 1.530 3.038 -4.841
SPIN 4 11 3 2 -0.804 -4.632 -3.591
SPIN 4 11 3 3 -2.927 -4.933 1.448
SPIN 4 11 3 4 4.149 3.422 -2.465
SPIN 4 11 3 5 -1.870 -2.747 4.895
SPIN 4 11 3 6 -2.328 5.187 1.637
SPIN 4 11 3 7 3.602 -4.692 0.118
SPIN 4 11 3 8 -1.518 -1.256 -5.579
SPIN 4 11 3 9 -1.594 4.958 -2.807
SPIN 4 11 3 10 3.798 -4.436 0.948
SPIN 4 11 3 11 -0.383 -0.059 -5.903
SPIN 4 11 3 12 1.012 4.899 -3.158
SPIN 4 11 3 13 -2.626 4.617 -2.605
SPIN 4 11 3 14 2.517 -5.191 1.311
SPIN 4 11 3 15 -3.982 1.964 3.910
SPIN 1 11 4 0 5.633 0.692 -1.669
SPIN 1 11 4 1 5.221 0.379 2.756
SPIN 1 11 4 2 0.716 0.379 5.860
SPIN 1 11 4 3 -1.103 -3.015 -4.969
SPIN 1 11 4 4 -3.907 -4.097 1.718
SPIN 1 11 4 5 -2.438 -3.063 4.435
SPIN 1 11 4 6 -0.654 5.651 1.624
SPIN 1 11 4 7 -1.878 -0.618 5.576
SPIN 1 11 4 8 -0.162 -5.431 -2.341
SPIN 1 11 4 9 5.119 0.896 -2.827
SPIN 1 11 4 10 -3.966 4.378 0.314
SPIN 1 11 4 11 -3.860 1.154 -4.332
SPIN 1 11 4 12 0.564 5.754 1.255
SPIN 1 11 4 13 -3.590 -4.039 2.409
SPIN 1 11 4 14 -0.952 0.565 -5.812
SPIN 1 11 4 15 5.699 -1.561 0.293
SPIN 4 11 4 0 -0.574 5.392 -2.367
SPIN 4 11 4 1 1.050 -0.584 5.793
SPIN 4 11 4 2 -0.244 5.224 -2.766
SPIN 4 11 4 3 -0.700 -3.235 -4.903
SPIN 4 11 4 4 4.495 -1.340 3.605
SPIN 4 11 4 5 -4.412 -1.962 -3.418
SPIN 4 11 4 6 -4.480 -3.579 1.454
SPIN 4 11 4 7 -3.504 -4.345 1.961
SPIN 4 11 4 8 -5.755 0.915 -1.023
SPIN 4 11 4 9 -3.998 -2.640 3.471
SPIN 4 11 4 10 -4.971 -3.120 0.748
SPIN 4 11 4 11 0.805 -2.772 -5.164
SPIN 4 11 4 12 -1.712 2.294 -5.178
SPIN 4 11 4 13 -0.260 1.442 5.732
SPIN 4 11 4 14 -1.146 2.935 -5.008
SPIN 4 11 4 15 -5.022 -3.113 0.306
SPIN 1 11 5 0 -0.952 0.419 -5.824
SPIN 1 11 5 1 0.669 5.595 1.802
SPIN 1 11 5 2 0.460 -1.712 -5.644
SPIN 1 11 5 3 0.175 1.083 5.813
SPIN 1 11 5 4 0.126 -1.825 5.626
SPIN 1 11 5 5 -0.170 1.015 -5.826
SPIN 1 11 5 6 2.777 -4.212 3.090
SPIN 1 11 5 7 2.358 5.275 -1.269
SPIN 1 11 5 8 3.873 -0.885 4.384
SPIN 1 11 5 9 1.615 -3.420 -4.549
SPIN 1 11 5 10 2.940 -5.041 0.971
SPIN 1 11 5 11 -2.267 4.477 3.133
SPIN 1 11 5 12 -4.200 2.026 3.640
SPIN 1 11 5 13 5.699 -1.430 0.693
SPIN 1 11 5 14 -0.358 0.906 5.835
SPIN 1 11 5 15 5.864 -0.714 -0.325
SPIN 4 11 5 0 -3.567 -2.515 -3.994
SPIN 4 11 5 1 0.120 1.789 5.638
SPIN 4 11 5 2 -3.071 -2.854 -4.174
SPIN 4 11 5 3 -1.860 3.344 4.512
SPIN 4 11 5 4 -2.556 -5.127 -1.475
SPIN 4 11 5 5 0.014 2.256 5.469
SPIN 4 11 5 6 -3.107 -4.374 -2.493
SPIN 4 11 5 7 1.314 5.176 2.546
SPIN 4 11 5 8 5.074 -2.075 2.225
SPIN 4 11 5 9 -0.398 -5.825 0.955
SPIN 4 11 5 10 -0.016 1.834 -5.625
SPIN 4 11 5 11 5.622 -1.419 -1.174
SPIN 4 11 5 12 -0.168 -4.122 -4.241
SPIN 4 11 5 13 -2.466 5.366 0.345
SPIN 4 11 5 14 2.435 -1.020 -5.294
SPIN 4 11 5 15 -5.463 2.265 0.153
SPIN 1 11 6 0 -5.519 -1.901 -0.963
SPIN 1 11 6 1 -0.738 -4.134 -4.167
SPIN 1 11 6 2 -1.976 -4.741 2.935
SPIN 1 11 6 3 0.084 5.915 -0.053
SPIN 1 11 6 4 -5.483 -1.686 -1.446
SPIN 1 11 6 5 5.672 -1.529 -0.700
SPIN 1 11 6 6 1.331 1.115 -5.656
SPIN 1 11 6 7 -5.696 -1.002 1.245
SPIN 1 11 6 8 -0.419 2.403 -5.390
SPIN 1 11 6 9 0.160 -1.321 5.764
SPIN 1 11 6 10 -1.489 2.670 -5.065
SPIN 1 11 6 11 -3.520 3.228 3.491
SPIN 1 11 6 12 0.006 4.722 3.564
SPIN 1 11 6 13 -0.089 -4.863 -3.368
SPIN 1 11 6 14 1.706 3.124 -4.725
SPIN 1 11 6 15 1.485 -1.260 5.586
SPIN 4 11 6 0 5.670 -1.527 0.721
SPIN 4 11 6 1 -4.180 -0.948 -4.078
SPIN 4 11 6 2 -3.798 -3.274 3.139
SPIN 4 11 6 3 -3.537 -4.134 -2.323
SPIN 4 11 6 4 1.562 -3.858 4.205
SPIN 4 11 6 5 3.880 -3.499 2.775
SPIN 4 11 6 6 4.127 4.208 0.509
SPIN 4 11 6 7 5.606 -1.887 0.104
SPIN 4 11 6 8 -2.326 -5.206 1.575
SPIN 4 11 6 9 1.153 5.055 -2.849
SPIN 4 11 6 10 -1.016 0.483 5.808
SPIN 4 11 6 11 -3.661 -4.051 2.277
SPIN 4 11 6 12 -4.118 -2.465 -3.459
SPIN 4 11 6 13 -0.433 5.073 -3.013
SPIN 4 11 6 14 -5.101 -2.669 1.361
SPIN 4 11 6 15 -5.729 -0.487 -1.393
SPIN 1 11 7 0 5.566 -0.198 -1.996
SPIN 1 11 7 1 -5.196 0.968 2.659
SPIN 1 11 7 2 2.875 2.050 -4.746
SPIN 1 11 7 3 2.577 4.271 3.182
SPIN 1 11 7 4 5.715 -0.406 1.476
SPIN 1 11 7 5 3.751 -1.450 -4.339
SPIN 1 11 7 6 -1.912 -3.422 4.431
SPIN 1 11 7 7 -1.570 -4.034 -4.032
SPIN 1 11 7 8 4.949 -2.996 1.240
SPIN 1 11 7 9 2.480 1.341 5.201
SPIN 1 11 7 10 -1.852 -3.946 4.000
SPIN 1 11 7 11 5.158 2.617 1.243
SPIN 1 11 7 12 -5.485 -2.053 0.834
SPIN 1 11 7 13 3.939 -4.025 -1.811
SPIN 1 11 7 14 -2.434 -3.286 -4.275
SPIN 1 11 7 15 2.092 -0.833 5.471
SPIN 4 11 7 0 0.246 -4.777 3.481
SPIN 4 11 7 1 -1.953 1.216 5.450
SPIN 4 11 7 2 -4.306 0.671 -4.001
SPIN 4 11 7 3 2.421 0.742 5.347
SPIN 4 11 7 4 -3.211 1.247 -4.810
SPIN 4 11 7 5 -1.986 3.957 -3.924
SPIN 4 11 7 6 -2.772 -0.579 -5.194
SPIN 4 11 7 7 -5.153 -2.723 1.017
SPIN 4 11 7 8 1.485 5.651 -0.927
SPIN 4 11 7 9 5.547 1.611 1.278
SPIN 4 11 7 10 -2.547 -4.409 -3.013
SPIN 4 11 7 11 -0.360 5.895 0.339
SPIN 4 11 7 12 -4.940 -2.201 2.399
SPIN 4 11 7 13 3.348 -2.124 4.391
SPIN 4 11 7 14 5.765 -0.631 1.167
SPIN 4 11 7 15 4.432 1.944 -3.402
SPIN 1 11 8 0 5.375 0.336 2.448
SPIN 1 11 8 1 -5.903 0.358 0.170
SPIN 1 11 8 2 1.329 -1.229 5.632
SPIN 1 11 8 3 -5.092 -1.382 -2.677
SPIN 1 11 8 4 -1.598 1.064 5.596
SPIN 1 11 8 5 5.780 0.388 1.202
SPIN 1 11 8 6 -2.090 5.037 2.293
SPIN 1 11 8 7 4.432 -0.485 -3.888
SPIN 1 11 8 8 1.330 -2.203 5.327
SPIN 1 11 8 9 -2.108 -5.508 -0.470
SPIN 1 11 8 10 -5.085 -2.654 1.450
SPIN 1 11 8 11 -2.578 2.751 4.559
SPIN 1 11 8 12 1.406 -2.025 5.378
SPIN 1 11 8 13 -0.982 1.577 -5.617
SPIN 1 11 8 14 3.043 5.047 0.512
SPIN 1 11 8 15 -3.376 4.821 0.599
SPIN 4 11 8 0 -5.154 -1.008 -2.724
SPIN 4 11 8 1 1.525 1.805 -5.424
SPIN 4 11 8 2 3.487 4.071 2.503
SPIN 4 11 8 3 5.525 0.207 -2.105
SPIN 4 11 8 4 4.273 -3.966 1.004
SPIN 4 11 8 5 4.667 2.135 -2.943
SPIN 4 11 8 6 5.208 -2.633 0.974
SPIN 4 11 8 7 1.540 -1.594 -5.485
SPIN 4 11 8 8 0.814 5.737 -1.193
SPIN 4 11 8 9 -4.832 -1.991 -2.773
SPIN 4 11 8 10 1.880 5.206 -2.089
SPIN 4 11 8 11 -0.737 -5.522 1.992
SPIN 4 11 8 12 2.118 4.940 -2.471
SPIN 4 11 8 13 0.776 5.646 -1.587
SPIN 4 11 8 14 -2.514 -4.074 3.476
SPIN 4 11 8 15 -4.664 3.333 1.462
SPIN 1 11 9 0 5.725 -1.154 0.946
SPIN 1 11 9 1 3.880 -3.896 -2.183
SPIN 1 11 9 2 0.664 5.539 1.970
SPIN 1 11 9 3 -2.285 -4.325 3.328
SPIN 1 11 9 4 3.169 3.751 3.299
SPIN 1 11 9 5 -0.345 -3.682 4.618
SPIN 1 11 9 6 3.286 -0.347 4.907
SPIN 1 11 9 7 -3.553 3.479 3.205
SPIN 1 11 9 8 2.422 -4.026 3.595
SPIN 1 11 9 9 4.422 2.649 2.903
SPIN 1 11 9 10 -0.972 -3.131 4.925
SPIN 1 11 9 11 0.293 0.746 -5.862
SPIN 1 11 9 12 -4.367 3.464 -1.982
SPIN 1 11 9 13 3.765 -3.540 2.880
SPIN 1 11 9 14 -1.920 3.026 -4.707
SPIN 1 11 9 15 4.657 2.434 -2.719
SPIN 4 11 9 0 3.961 4.119 1.529
SPIN 4 11 9 1 -0.088 -1.561 -5.706
SPIN 4 11 9 2 -0.824 1.175 -5.739
SPIN 4 11 9 3 -5.663 -1.674 -0.361
SPIN 4 11 9 4 -1.961 -2.265 -5.101
SPIN 4 11 9 5 1.443 -1.951 5.395
SPIN 4 11 9 6 -4.465 0.762 -3.805
SPIN 4 11 9 7 -0.021 -1.572 5.703
SPIN 4 11 9 8 5.598 -0.554 1.831
SPIN 4 11 9 9 1.475 4.015 -4.087
SPIN 4 11 9 10 -1.512 -4.675 -3.295
SPIN 4 11 9 11 5.366 -2.402 -0.663
SPIN 4 11 9 12 -4.520 -0.503 3.783
SPIN 4 11 9 13 -2.531 -5.244 -1.049
SPIN 4 11 9 14 0.067 5.690 1.617
SPIN 4 11 9 15 -3.466 -2.352 -4.178
SPIN 1 11 10 0 2.740 -2.103 4.803
SPIN 1 11 10 1 -1.673 5.631 0.701
SPIN 1 11 10 2 3.583 4.345 -1.812
SPIN 1 11 10 3 -5.480 0.753 2.099
SPIN 1 11 10 4 -2.490 0.292 -5.359
SPIN 1 11 10 5 -3.081 1.146 -4.919
SPIN 1 11 10 6 -3.561 -1.211 -4.566
SPIN 1 11 10 7 3.788 -4.064 2.033
SPIN 1 11 10 8 -3.624 1.153 4.532
SPIN 1 11 10 9 -4.480 -2.656 -2.806
SPIN 1 11 10 10 3.004 -1.724 -4.796
SPIN 1 11 10 11 -0.801 0.827 5.803
SPIN 1 11 10 12 1.459 -0.636 -5.698
SPIN 1 11 10 13 -5.402 -2.191 1.008
SPIN 1 11 10 14 -0.038 -0.277 -5.909
SPIN 1 11 10 15 -2.483 2.491 -4.757
SPIN 4 11 10 0 0.041 -0.764 5.866
SPIN 4 11 10 1 -2.663 -3.038 4.321
SPIN 4 11 10 2 4.271 -1.410 3.843
SPIN 4 11 10 3 3.696 3.478 3.041
SPIN 4 11 10 4 -3.917 3.022 3.244
SPIN 4 11 10 5 -2.436 -3.297 -4.265
SPIN 4 11 10 6 2.427 1.619 5.147
SPIN 4 11 10 7 -5.592 -0.333 -1.901
SPIN 4 11 10 8 5.303 -1.947 1.756
SPIN 4 11 10 9 -1.480 -5.619 1.109
SPIN 4 11 10 10 3.404 4.123 2.533
SPIN 4 11 10 11 2.991 -4.930 -1.322
SPIN 4 11 10 12 -1.248 5.077 -2.770
SPIN 4 11 10 13 -4.198 -3.800 1.713
SPIN 4 11 10 14 5.743 0.831 1.154
SPIN 4 11 10 15 0.870 -5.598 -1.705
SPIN 1 11 11 0 -2.604 -2.614 -4.624
SPIN 1 11 11 1 -5.105 -1.333 -2.677
SPIN 1 11 11 2 -1.637 5.458 1.590
SPIN 1 11 11 3 4.026 -3.371 2.725
SPIN 1 11 11 4 5.870 -0.732 -0.105
SPIN 1 11 11 5 4.693 3.555 0.582
SPIN 1 11 11 6 -0.112 -4.443 3.905
SPIN 1 11 11 7 -3.912 -0.083 -4.437
SPIN 1 11 11 8 4.290 2.835 -2.925
SPIN 1 11 11 9 -1.373 -4.722 3.289
SPIN 1 11 11 10 -4.441 2.562 2.951
SPIN 1 11 11 11 5.816 -1.071 -0.154
SPIN 1 11 11 12 4.052 4.218 -0.886
SPIN 1 11 11 13 0.957 -5.107 -2.828
SPIN 1 11 11 14 -5.513 -0.898 1.950
SPIN 1 11 11 15 4.969 -1.497 2.841
SPIN 4 11 11 0 1.356 -5.147 2.584
SPIN 4 11 11 1 0.408 -5.739 -1.376
SPIN 4 11 11 2 -5.764 0.725 1.117
SPIN 4 11 11 3 -4.020 3.348 2.762
SPIN 4 11 11 4 3.902 -4.208 1.436
SPIN 4 11 11 5 -4.414 3.584 1.637
SPIN 4 11 11 6 4.488 -3.704 -1.067
SPIN 4 11 11 7 -5.086 -0.120 3.019
SPIN 4 11 11 8 -0.184 4.571 -3.752
SPIN 4 11 11 9 3.769 4.557 -0.167
SPIN 4 11 11 10 -4.080 -3.840 1.901
SPIN 4 11 11 11 -1.066 2.866 5.064
SPIN 4 11 11 12 0.896 -3.779 4.462
SPIN 4 11 11 13 -1.411 0.570 -5.717
SPIN 4 11 11 14 3.885 4.124 -1.703
SPIN 4 11 11 15 2.055 4.966 -2.473
SPIN 1 11 12 0 5.793 1.072 -0.537
SPIN 1 11 12 1 4.046 4.224 -0.889
SPIN 1 11 12 2 3.329 4.405 -2.125
SPIN 1 11 12 3 -0.822 -3.974 -4.304
SPIN 1 11 12 4 1.360 -0.268 5.751
SPIN 1 11 12 5 1.487 2.592 -5.106
SPIN 1 11 12 6 -1.218 -4.584 -3.536
SPIN 1 11 12 7 1.061 1.058 5.723
SPIN 1 11 12 8 1.397 -5.733 0.427
SPIN 1 11 12 9 -0.882 5.481 2.044
SPIN 1 11 12 10 -1.278 -5.678 -1.059
SPIN 1 11 12 11 1.858 3.036 4.726
SPIN 1 11 12 12 2.279 -4.306 3.357
SPIN 1 11 12 13 2.565 2.194 -4.859
SPIN 1 11 12 14 5.271 -0.142 2.682
SPIN 1 11 12 15 -5.377 -2.428 0.434
SPIN 4 11 12 0 -1.827 -4.683 3.120
SPIN 4 11 12 1 -2.300 5.425 0.527
SPIN 4 11 12 2 -5.760 -0.471 -1.265
SPIN 4 11 12 3 2.052 -5.437 -1.107
SPIN 4 11 12 4 5.713 -0.683 -1.376
SPIN 4 11 12 5 -5.192 -1.724 -2.253
SPIN 4 11 12 6 -4.389 3.758 1.270
SPIN 4 11 12 7 -3.543 -3.637 -3.036
SPIN 4 11 12 8 5.685 -1.287 -1.012
SPIN 4 11 12 9 -3.033 0.309 -5.070
SPIN 4 11 12 10 -5.429 -1.975 1.276
SPIN 4 11 12 11 0.459 3.745 -4.557
SPIN 4 11 12 12 5.457 -1.423 1.787
SPIN 4 11 12 13 -5.000 0.517 -3.120
SPIN 4 11 12 14 -5.234 -2.342 1.457
SPIN 4 11 12 15 -3.909 -4.307 -1.082
SPIN 1 11 13 0 2.289 -5.366 0.982
SPIN 1 11 13 1 -1.187 -5.724 0.911
SPIN 1 11 13 2 -5.695 1.536 -0.454
SPIN 1 11 13 3 -0.527 -5.517 2.070
SPIN 1 11 13 4 -5.719 1.327 0.731
SPIN 1 11 13 5 -2.824 3.937 -3.395
SPIN 1 11 13 6 -1.806 -0.108 5.633
SPIN 1 11 13 7 0.808 -0.713 -5.817
SPIN 1 11 13 8 -5.317 -0.389 2.564
SPIN 1 11 13 9 2.204 5.463 0.541
SPIN 1 11 13 10 -2.765 -1.604 4.978
SPIN 1 11 13 11 3.806 -3.345 3.054
SPIN 1 11 13 12 -2.652 -0.623 -5.251
SPIN 1 11 13 13 -1.738 2.138 5.235
SPIN 1 11 13 14 -5.208 2.755 0.536
SPIN 1 11 13 15 3.053 2.275 -4.528
SPIN 4 11 13 0 3.777 4.393 -1.199
SPIN 4 11 13 1 -3.759 4.307 -1.521
SPIN 4 11 13 2 3.687 -4.627 -0.027
SPIN 4 11 13 3 2.658 -2.248 -4.784
SPIN 4 11 13 4 -5.562 0.704 -1.888
SPIN 4 11 13 5 3.816 -1.755 4.167
SPIN 4 11 13 6 -4.511 -2.142 3.173
SPIN 4 11 13 7 -2.120 -1.814 5.217
SPIN 4 11 13 8 1.357 0.557 -5.731
SPIN 4 11 13 9 5.112 2.886 0.733
SPIN 4 11 13 10 -2.103 -4.028 3.788
SPIN 4 11 13 11 -2.926 4.951 -1.388
SPIN 4 11 13 12 -2.152 -4.590 -3.049
SPIN 4 11 13 13 5.321 2.357 -1.063
SPIN 4 11 13 14 3.024 4.948 -1.171
SPIN 4 11 13 15 -4.162 1.698 3.846
SPIN 1 11 14 0 -5.662 1.035 -1.366
SPIN 1 11 14 1 -1.185 3.181 4.846
SPIN 1 11 14 2 -3.233 -4.809 1.191
SPIN 1 11 14 3 -0.912 0.762 -5.796
SPIN 1 11 14 4 -3.575 4.398 -1.696
SPIN 1 11 14 5 4.684 2.588 -2.523
SPIN 1 11 14 6 -2.559 5.283 0.736
SPIN 1 11 14 7 3.812 4.157 -1.786
SPIN 1 11 14 8 -5.492 -0.404 -2.161
SPIN 1 11 14 9 -3.258 -2.522 4.246
SPIN 1 11 14 10 5.503 -1.661 -1.401
SPIN 1 11 14 11 -3.901 0.409 4.429
SPIN 1 11 14 12 2.736 5.227 -0.439
SPIN 1 11 14 13 5.759 -1.224 0.577
SPIN 1 11 14 14 -2.786 1.028 -5.117
SPIN 1 11 14 15 3.631 -4.413 1.529
SPIN 4 11 14 0 -1.995 -1.607 5.333
SPIN 4 11 14 1 -4.703 3.407 -1.132
SPIN 4 11 14 2 2.885 4.648 -2.252
SPIN 4 11 14 3 -4.403 -3.543 1.748
SPIN 4 11 14 4 -3.735 4.040 2.175
SPIN 4 11 14 5 -4.775 -1.113 3.311
SPIN 4 11 14 6 1.119 -4.061 -4.154
SPIN 4 11 14 7 -5.503 -0.967 1.946
SPIN 4 11 14 8 0.586 -2.683 -5.240
SPIN 4 11 14 9 -4.163 -1.100 4.057
SPIN 4 11 14 10 2.307 -5.193 -1.646
SPIN 4 11 14 11 -4.575 2.624 2.680
SPIN 4 11 14 12 -3.842 2.755 -3.556
SPIN 4 11 14 13 -2.503 -5.173 -1.405
SPIN 4 11 14 14 3.405 4.728 1.027
SPIN 4 11 14 15 0.131 5.032 3.108
SPIN 1 11 15 0 4.752 -1.659 -3.109
SPIN 1 11 15 1 0.568 5.313 2.540
SPIN 1 11 15 2 4.451 -1.228 -3.698
SPIN 1 11 15 3 -4.987 1.807 2.620
SPIN 1 11 15 4 5.196 1.719 -2.246
SPIN 1 11 15 5 -1.771 -2.549 -5.036
SPIN 1 11 15 6 -2.796 -5.210 -0.204
SPIN 1 11 15 7 0.725 -2.992 5.052
SPIN 1 11 15 8 3.192 2.093 -4.520
SPIN 1 11 15 9 4.213 -3.448 -2.316
SPIN 1 11 15 10 4.986 -0.753 3.095
SPIN 1 11 15 11 -2.364 0.253 -5.417
SPIN 1 11 15 12 -0.521 5.810 0.983
SPIN 1 11 15 13 5.683 0.868 1.395
SPIN 1 11 15 14 -4.104 -4.124 -1.072
SPIN 1 11 15 15 -3.319 -1.863 4.529
SPIN 4 11 15 0 -5.415 0.016 -2.382
SPIN 4 11 15 1 2.876 1.904 4.807
SPIN 4 11 15 2 2.827 -1.490 4.979
SPIN 4 11 15 3 -0.480 -1.357 -5.738
SPIN 4 11 15 4 2.550 2.677 4.619
SPIN 4 11 15 5 -1.464 3.170 -4.776
SPIN 4 11 15 6 0.092 -2.049 5.549
SPIN 4 11 15 7 3.616 -3.498 3.113
SPIN 4 11 15 8 4.694 1.321 3.350
SPIN 4 11 15 9 -2.664 -1.861 4.944
SPIN 4 11 15 10 -4.285 -4.056 0.426
SPIN 4 11 15 11 -5.801 -0.656 -0.961
SPIN 4 11 15 12 2.381 4.762 -2.579
SPIN 4 11 15 13 -0.676 4.061 -4.248
SPIN 4 11 15 14 2.083 -5.345 -1.446
SPIN 4 11 15 15 5.821 -0.368 0.990
SPIN 3 11 0 0 -1.461 5.315 2.148
SPIN 3 11 0 1 5.471 -0.034 2.251
SPIN 3 11 0 2 -5.266 -2.684 0.257
SPIN 3 11 0 3 4.520 -0.775 3.737
SPIN 3 11 0 4 -4.605 -3.573 -1.017
SPIN 3 11 0 5 2.733 5.197 -0.725
SPIN 3 11 0 6 3.177 -4.904 0.927
SPIN 3 11 0 7 0.205 5.913 0.014
SPIN 3 11 0 8 -0.665 -5.593 1.809
SPIN 3 11 0 9 -2.373 -1.623 -5.171
SPIN 3 11 0 10 1.763 0.973 5.563
SPIN 3 11 0 11 -0.605 1.184 -5.765
SPIN 3 11 0 12 -1.288 -5.103 -2.701
SPIN 3 11 0 13 1.511 5.701 -0.460
SPIN 3 11 0 14 -1.147 0.605 -5.772
SPIN 3 11 0 15 -5.281 -2.663 0.131
SPIN 2 11 0 0 -2.999 -3.602 3.610
SPIN 2 11 0 1 -1.915 5.549 -0.736
SPIN 2 11 0 2 1.180 0.802 5.741
SPIN 2 11 0 3 4.773 1.345 -3.227
SPIN 2 11 0 4 -2.646 -4.955 -1.858
SPIN 2 11 0 5 4.010 -1.287 -4.154
SPIN 2 11 0 6 3.583 1.834 -4.336
SPIN 2 11 0 7 4.674 -2.996 -2.044
SPIN 2 11 0 8 -5.134 2.103 2.056
SPIN 2 11 0 9 -2.361 1.031 -5.326
SPIN 2 11 0 10 -5.865 0.227 0.741
SPIN 2 11 0 11 -4.631 -3.366 -1.492
SPIN 2 11 0 12 -1.529 5.675 -0.675
SPIN 2 11 0 13 5.334 -2.101 -1.463
SPIN 2 11 0 14 -2.092 2.901 -4.713
SPIN 2 11 0 15 2.394 2.849 4.599
SPIN 3 11 1 0 -1.866 -2.832 4.848
SPIN 3 11 1 1 -0.711 -1.629 -5.643
SPIN 3 11 1 2 4.325 -4.008 0.476
SPIN 3 11 1 3 -1.549 -0.379 -5.697
SPIN 3 11 1 4 4.189 1.070 4.039
SPIN 3 11 1 5 2.790 -4.592 -2.475
SPIN 3 11 1 6 -2.198 5.273 -1.537
SPIN 3 11 1 7 -2.973 -4.689 -2.044
SPIN 3 11 1 8 5.545 1.939 0.705
SPIN 3 11 1 9 4.198 2.746 3.136
SPIN 3 11 1 10 -0.703 -3.465 -4.743
SPIN 3 11 1 11 -0.766 -5.835 -0.607
SPIN 3 11 1 12 1.292 1.527 -5.568
SPIN 3 11 1 13 1.069 -4.595 -3.570
SPIN 3 11 1 14 2.803 -1.824 4.880
SPIN 3 11 1 15 -0.817 1.134 -5.749
SPIN 2 11 1 0 -0.544 4.478 -3.828
SPIN 2 11 1 1 1.207 -3.682 4.471
SPIN 2 11 1 2 4.038 3.697 2.241
SPIN 2 11 1 3 -4.908 2.965 -1.458
SPIN 2 11 1 4 -1.774 5.580 0.843
SPIN 2 11 1 5 1.791 -4.014 -3.959
SPIN 2 11 1 6 1.126 2.478 5.253
SPIN 2 11 1 7 0.205 -5.902 -0.350
SPIN 2 11 1 8 2.538 4.022 3.519
SPIN 2 11 1 9 4.924 -2.460 -2.169
SPIN 2 11 1 10 -0.417 5.400 -2.380
SPIN 2 11 1 11 3.676 1.868 4.242
SPIN 2 11 1 12 -5.346 2.065 -1.470
SPIN 2 11 1 13 -3.620 -3.957 -2.499
SPIN 2 11 1 14 -3.315 4.139 2.623
SPIN 2 11 1 15 -3.538 -4.679 0.770
SPIN 3 11 2 0 -1.079 4.261 3.960
SPIN 3 11 2 1 -4.853 -2.868 -1.794
SPIN 3 11 2 2 -4.005 3.942 -1.850
SPIN 3 11 2 3 2.657 2.525 4.644
SPIN 3 11 2 4 1.359 -1.518 -5.554
SPIN 3 11 2 5 -3.605 1.594 -4.411
SPIN 3 11 2 6 -3.121 4.163 2.816
SPIN 3 11 2 7 3.312 2.878 3.969
SPIN 3 11 2 8 2.341 -4.545 -2.976
SPIN 3 11 2 9 5.354 1.414 2.083
SPIN 3 11 2 10 0.925 -5.764 0.959
SPIN 3 11 2 11 3.979 3.246 -2.938
SPIN 3 11 2 12 4.152 0.619 4.168
SPIN 3 11 2 13 5.127 2.899 -0.556
SPIN 3 11 2 14 5.639 1.386 -1.132
SPIN 3 11 2 15 -2.930 -4.990 -1.232
SPIN 2 11 2 0 3.763 -1.950 -4.127
SPIN 2 11 2 1 -2.753 5.125 -1.076
SPIN 2 11 2 2 -3.163 -4.804 1.384
SPIN 2 11 2 3 4.867 -2.626 2.102
SPIN 2 11 2 4 -2.320 5.374 0.859
SPIN 2 11 2 5 3.599 -2.685 3.852
SPIN 2 11 2 6 -3.818 -4.315 -1.342
SPIN 2 11 2 7 0.074 3.489 -4.777
SPIN 2 11 2 8 -4.715 3.301 -1.366
SPIN 2 11 2 9 -3.683 -4.345 -1.597
SPIN 2 11 2 10 1.934 3.170 4.606
SPIN 2 11 2 11 4.692 3.381 -1.246
SPIN 2 11 2 12 1.889 2.812 -4.850
SPIN 2 11 2 13 -1.334 -2.602 5.143
SPIN 2 11 2 14 -0.590 1.993 -5.539
SPIN 2 11 2 15 2.212 -5.382 1.065
SPIN 3 11 3 0 -5.576 -1.279 -1.506
SPIN 3 11 3 1 2.921 -5.090 -0.748
SPIN 3 11 3 2 -1.702 5.274 2.071
SPIN 3 11 3 3 -0.291 4.992 -3.161
SPIN 3 11 3 4 -5.429 -1.009 2.124
SPIN 3 11 3 5 -1.777 5.082 -2.454
SPIN 3 11 3 6 -1.472 -3.342 -4.654
SPIN 3 11 3 7 2.701 3.420 4.001
SPIN 3 11 3 8 -0.220 4.672 -3.623
SPIN 3 11 3 9 1.742 -2.603 -5.019
SPIN 3 11 3 10 -4.041 4.002 -1.629
SPIN 3 11 3 11 -5.485 -1.263 -1.822
SPIN 3 11 3 12 -1.561 3.764 -4.289
SPIN 3 11 3 13 -1.616 1.395 5.518
SPIN 3 11 3 14 -4.893 -1.749 2.827
SPIN 3 11 3 15 2.932 5.053 -0.936
SPIN 2 11 3 0 3.080 -4.928 1.108
SPIN 2 11 3 1 0.925 -2.848 5.102
SPIN 2 11 3 2 -1.000 -4.341 -3.893
SPIN 2 11 3 3 -5.670 -0.336 -1.656
SPIN 2 11 3 4 -1.419 -2.305 5.261
SPIN 2 11 3 5 1.843 2.003 -5.253
SPIN 2 11 3 6 5.772 -1.148 0.606
SPIN 2 11 3 7 -1.326 0.486 5.745
SPIN 2 11 3 8 2.378 -4.884 -2.343
SPIN 2 11 3 9 5.253 1.673 2.147
SPIN 2 11 3 10 5.187 -2.833 0.271
SPIN 2 11 3 11 3.770 3.323 -3.122
SPIN 2 11 3 12 2.558 -2.733 4.581
SPIN 2 11 3 13 4.588 -0.290 -3.724
SPIN 2 11 3 14 5.087 3.000 -0.346
SPIN 2 11 3 15 2.414 -4.274 -3.302
SPIN 3 11 4 0 -5.644 1.367 -1.128
SPIN 3 11 4 1 5.194 2.806 -0.392
SPIN 3 11 4 2 -2.044 2.391 5.010
SPIN 3 11 4 3 3.682 -1.246 -4.460
SPIN 3 11 4 4 -2.011 4.234 3.610
SPIN 3 11 4 5 -1.752 -5.639 -0.366
SPIN 3 11 4 6 -5.398 2.327 0.668
SPIN 3 11 4 7 1.640 -5.327 -1.983
SPIN 3 11 4 8 -0.140 -5.765 -1.322
SPIN 3 11 4 9 -3.327 -2.381 4.273
SPIN 3 11 4 10 5.728 -0.402 1.423
SPIN 3 11 4 11 -3.121 3.675 3.428
SPIN 3 11 4 12 0.563 0.136 5.888
SPIN 3 11 4 13 -0.836 -5.683 1.415
SPIN 3 11 4 14 -4.485 3.692 1.118
SPIN 3 11 4 15 2.058 -3.239 -4.503
SPIN 2 11 4 0 5.679 0.588 -1.549
SPIN 2 11 4 1 0.066 5.907 -0.326
SPIN 2 11 4 2 -0.292 -2.362 -5.416
SPIN 2 11 4 3 5.563 -1.599 1.223
SPIN 2 11 4 4 -0.916 0.449 -5.827
SPIN 2 11 4 5 2.739 -3.107 4.224
SPIN 2 11 4 6 3.048 3.610 -3.560
SPIN 2 11 4 7 -0.021 -5.914 -0.163
SPIN 2 11 4 8 -1.711 5.440 -1.573
SPIN 2 11 4 9 5.683 0.305 -1.615
SPIN 2 11 4 10 -5.706 0.444 1.498
SPIN 2 11 4 11 -3.306 -2.419 4.268
SPIN 2 11 4 12 -2.769 0.463 5.208
SPIN 2 11 4 13 5.444 1.339 -1.890
SPIN 2 11 4 14 3.717 -2.280 -3.999
SPIN 2 11 4 15 -0.869 -4.848 3.278
SPIN 3 11 5 0 3.535 2.463 4.055
SPIN 3 11 5 1 3.347 -4.379 -2.149
SPIN 3 11 5 2 -1.032 -0.858 5.762
SPIN 3 11 5 3 -5.824 -1.036 -0.107
SPIN 3 11 5 4 -4.059 -3.991 -1.610
SPIN 3 11 5 5 4.992 3.088 0.737
SPIN 3 11 5 6 -5.325 -0.161 2.574
SPIN 3 11 5 7 3.567 -0.558 4.687
SPIN 3 11 5 8 -4.177 3.798 1.768
SPIN 3 11 5 9 0.116 5.352 2.519
SPIN 3 11 5 10 2.889 5.111 0.731
SPIN 3 11 5 11 -2.689 -3.396 -4.029
SPIN 3 11 5 12 0.649 -1.802 -5.597
SPIN 3 11 5 13 -5.485 1.506 1.627
SPIN 3 11 5 14 0.511 -1.306 5.747
SPIN 3 11 5 15 1.993 -1.594 5.337
SPIN 2 11 5 0 -4.788 2.926 1.874
SPIN 2 11 5 1 -3.584 -4.222 -2.081
SPIN 2 11 5 2 -1.013 5.300 2.425
SPIN 2 11 5 3 -1.563 2.594 -5.082
SPIN 2 11 5 4 5.133 -0.853 2.815
SPIN 2 11 5 5 -3.929 2.889 3.349
SPIN 2 11 5 6 -3.468 -1.013 -4.685
SPIN 2 11 5 7 -0.583 -0.144 5.886
SPIN 2 11 5 8 -1.087 -5.735 0.961
SPIN 2 11 5 9 4.643 3.638 0.448
SPIN 2 11 5 10 -4.117 -1.545 3.958
SPIN 2 11 5 11 -1.475 4.837 -3.071
SPIN 2 11 5 12 5.656 -1.636 -0.575
SPIN 2 11 5 13 0.538 -2.035 -5.529
SPIN 2 11 5 14 1.882 4.772 2.947
SPIN 2 11 5 15 3.790 0.677 -4.492
SPIN 3 11 6 0 2.342 -1.068 -5.327
SPIN 3 11 6 1 -5.261 2.590 -0.783
SPIN 3 11 6 2 3.621 -1.479 -4.438
SPIN 3 11 6 3 -1.376 -4.097 4.040
SPIN 3 11 6 4 -4.672 2.296 -2.810
SPIN 3 11 6 5 4.085 1.453 -4.026
SPIN 3 11 6 6 -0.463 -2.420 5.379
SPIN 3 11 6 7 -0.004 -2.960 -5.122
SPIN 3 11 6 8 -0.741 5.649 -1.592
SPIN 3 11 6 9 1.839 -1.177 5.498
SPIN 3 11 6 10 5.026 -3.104 -0.327
SPIN 3 11 6 11 5.187 -2.739 -0.772
SPIN 3 11 6 12 -1.951 5.478 1.088
SPIN 3 11 6 13 3.479 -1.967 4.363
SPIN 3 11 6 14 -2.479 -2.403 -4.804
SPIN 3 11 6 15 -3.200 -3.347 -3.683
SPIN 2 11 6 0 -5.696 -1.223 1.029
SPIN 2 11 6 1 -1.586 3.471 4.521
SPIN 2 11 6 2 1.404 1.604 5.519
SPIN 2 11 6 3 -4.061 1.888 -3.866
SPIN 2 11 6 4 -0.371 0.054 5.904
SPIN 2 11 6 5 -1.717 -1.061 5.561
SPIN 2 11 6 6 -4.928 1.839 -2.708
SPIN 2 11 6 7 -1.443 4.841 -3.079
SPIN 2 11 6 8 3.213 -4.760 -1.422
SPIN 2 11 6 9 -5.312 0.728 -2.501
SPIN 2 11 6 10 -4.250 1.311 3.901
SPIN 2 11 6 11 -2.856 -1.439 -4.977
SPIN 2 11 6 12 4.716 2.567 -2.484
SPIN 2 11 6 13 3.238 -2.608 4.209
SPIN 2 11 6 14 -2.041 0.788 -5.497
SPIN 2 11 6 15 5.258 2.624 -0.685
SPIN 3 11 7 0 5.323 -1.966 -1.673
SPIN 3 11 7 1 2.801 2.080 -4.778
SPIN 3 11 7 2 3.544 -0.305 -4.728
SPIN 3 11 7 3 -3.269 -3.085 3.847
SPIN 3 11 7 4 -2.182 4.960 2.374
SPIN 3 11 7 5 5.327 -0.928 2.400
SPIN 3 11 7 6 2.207 4.778 -2.701
SPIN 3 11 7 7 0.387 -3.314 -4.886
SPIN 3 11 7 8 5.491 0.689 -2.091
SPIN 3 11 7 9 -5.684 -1.632 -0.164
SPIN 3 11 7 10 -0.931 2.957 -5.039
SPIN 3 11 7 11 -0.628 -3.063 5.022
SPIN 3 11 7 12 -3.021 3.049 -4.071
SPIN 3 11 7 13 2.014 4.611 -3.113
SPIN 3 11 7 14 -1.614 2.135 -5.276
SPIN 3 11 7 15 -3.149 -4.477 2.243
SPIN 2 11 7 0 -4.676 -3.613 0.291
SPIN 2 11 7 1 3.077 -0.357 -5.040
SPIN 2 11 7 2 -1.289 -2.559 5.176
SPIN 2 11 7 3 2.246 4.181 3.532
SPIN 2 11 7 4 5.259 2.625 -0.674
SPIN 2 11 7 5 -4.530 3.119 -2.179
SPIN 2 11 7 6 2.075 -2.181 5.093
SPIN 2 11 7 7 -4.625 0.932 -3.569
SPIN 2 11 7 8 -1.279 3.379 4.684
SPIN 2 11 7 9 -1.782 1.645 -5.396
SPIN 2 11 7 10 -0.618 0.096 -5.883
SPIN 2 11 7 11 1.489 -5.037 -2.723
SPIN 2 11 7 12 0.116 -2.663 -5.281
SPIN 2 11 7 13 0.868 2.860 -5.106
SPIN 2 11 7 14 -1.082 -4.985 -2.996
SPIN 2 11 7 15 -4.616 1.669 3.303
SPIN 3 11 8 0 3.989 -2.267 -3.735
SPIN 3 11 8 1 4.706 -3.323 1.345
SPIN 3 11 8 2 -5.898 0.305 0.348
SPIN 3 11 8 3 1.329 4.768 3.241
SPIN 3 11 8 4 3.107 -1.426 4.828
SPIN 3 11 8 5 0.647 5.835 0.729
SPIN 3 11 8 6 -5.834 -0.968 -0.171
SPIN 3 11 8 7 -4.344 3.485 1.997
SPIN 3 11 8 8 -2.488 2.483 -4.759
SPIN 3 11 8 9 2.017 2.748 4.835
SPIN 3 11 8 10 -2.955 -3.097 4.084
SPIN 3 11 8 11 5.754 -1.361 -0.209
SPIN 3 11 8 12 1.722 -4.288 3.694
SPIN 3 11 8 13 -4.412 -1.287 3.725
SPIN 3 11 8 14 -5.464 -1.582 -1.627
SPIN 3 11 8 15 5.200 2.609 1.071
SPIN 2 11 8 0 -5.643 -0.095 1.774
SPIN 2 11 8 1 -2.718 0.691 5.209
SPIN 2 11 8 2 -2.217 -5.484 0.076
SPIN 2 11 8 3 2.349 -4.372 -3.220
SPIN 2 11 8 4 -5.532 2.097 0.015
SPIN 2 11 8 5 -1.148 0.689 -5.763
SPIN 2 11 8 6 0.617 -0.346 5.874
SPIN 2 11 8 7 1.915 -3.695 -4.205
SPIN 2 11 8 8 -0.535 5.886 -0.264
SPIN 2 11 8 9 0.942 2.062 5.465
SPIN 2 11 8 10 5.632 1.431 -1.108
SPIN 2 11 8 11 -0.387 2.387 -5.399
SPIN 2 11 8 12 5.595 1.762 -0.772
SPIN 2 11 8 13 -5.554 0.432 -1.993
SPIN 2 11 8 14 4.544 -3.588 -1.215
SPIN 2 11 8 15 4.227 -0.695 4.081
SPIN 3 11 9 0 0.474 1.882 -5.589
SPIN 3 11 9 1 2.792 -5.198 -0.428
SPIN 3 11 9 2 -4.996 2.302 2.178
SPIN 3 11 9 3 -1.471 -5.516 -1.550
SPIN 3 11 9 4 3.690 1.411 -4.404
SPIN 3 11 9 5 -2.721 -5.112 -1.208
SPIN 3 11 9 6 5.225 1.444 -2.369
SPIN 3 11 9 7 -0.488 5.853 0.712
SPIN 3 11 9 8 -2.361 -5.091 1.873
SPIN 3 11 9 9 0.470 5.265 -2.657
SPIN 3 11 9 10 -3.583 -2.619 -3.911
SPIN 3 11 9 11 -0.110 5.905 0.336
SPIN 3 11 9 12 -5.288 1.725 2.016
SPIN 3 11 9 13 4.675 -2.096 -2.958
SPIN 3 11 9 14 1.879 5.452 -1.321
SPIN 3 11 9 15 -1.759 -3.484 -4.446
SPIN 2 11 9 0 -2.288 4.698 2.775
SPIN 2 11 9 1 1.140 -4.706 -3.399
SPIN 2 11 9 2 0.503 3.667 4.615
SPIN 2 11 9 3 -2.337 -5.375 0.801
SPIN 2 11 9 4 4.127 2.744 3.231
SPIN 2 11 9 5 2.240 4.916 2.412
SPIN 2 11 9 6 -4.910 -2.781 1.777
SPIN 2 11 9 7 4.593 -0.771 -3.648
SPIN 2 11 9 8 3.124 4.410 -2.407
SPIN 2 11 9 9 -3.417 1.144 -4.692
SPIN 2 11 9 10 -0.190 -2.924 5.139
SPIN 2 11 9 11 0.798 4.878 3.251
SPIN 2 11 9 12 -0.091 1.944 5.587
SPIN 2 11 9 13 2.889 4.671 -2.199
SPIN 2 11 9 14 5.030 -2.742 1.477
SPIN 2 11 9 15 -0.112 3.943 4.409
SPIN 3 11 10 0 0.306 -0.274 5.902
SPIN 3 11 10 1 -2.054 5.288 -1.681
SPIN 3 11 10 2 4.707 -3.123 -1.758
SPIN 3 11 10 3 1.128 5.625 1.444
SPIN 3 11 10 4 2.966 -4.164 -2.977
SPIN 3 11 10 5 -3.555 3.542 -3.133
SPIN 3 11 10 6 3.675 -0.176 -4.633
SPIN 3 11 10 7 2.582 -3.579 -3.940
SPIN 3 11 10 8 -2.226 -2.647 4.800
SPIN 3 11 10 9 1.424 1.591 5.518
SPIN 3 11 10 10 -2.098 -0.642 -5.494
SPIN 3 11 10 11 0.724 -5.578 1.833
SPIN 3 11 10 12 4.631 -1.105 -3.512
SPIN 3 11 10 13 -0.088 1.463 5.732
SPIN 3 11 10 14 0.859 4.955 3.116
SPIN 3 11 10 15 -5.837 0.924 -0.269
SPIN 2 11 10 0 4.516 -0.605 -3.774
SPIN 2 11 10 1 -5.466 -2.244 0.307
SPIN 2 11 10 2 -3.152 4.345 -2.487
SPIN 2 11 10 3 -2.177 5.417 -0.958
SPIN 2 11 10 4 -2.334 -3.308 -4.313
SPIN 2 11 10 5 4.968 -1.813 -2.652
SPIN 2 11 10 6 3.279 0.257 4.918
SPIN 2 11 10 7 -1.362 4.053 -4.089
SPIN 2 11 10 8 -0.119 -5.583 -1.952
SPIN 2 11 10 9 3.311 -2.652 -4.124
SPIN 2 11 10 10 -3.736 4.370 1.397
SPIN 2 11 10 11 -0.627 0.785 -5.830
SPIN 2 11 10 12 3.584 -1.881 4.315
SPIN 2 11 10 13 5.289 2.408 1.111
SPIN 2 11 10 14 -5.649 -1.052 -1.408
SPIN 2 11 10 15 -0.006 -4.870 3.359
SPIN 3 11 11 0 0.627 5.646 -1.652
SPIN 3 11 11 1 2.271 2.241 4.982
SPIN 3 11 11 2 -1.226 -5.778 -0.333
SPIN 3 11 11 3 -1.773 -2.972 -4.798
SPIN 3 11 11 4 -5.085 0.351 -3.004
SPIN 3 11 11 5 3.509 4.621 1.156
SPIN 3 11 11 6 -3.918 4.346 -0.875
SPIN 3 11 11 7 3.724 4.515 -0.865
SPIN 3 11 11 8 -1.689 0.723 5.624
SPIN 3 11 11 9 1.059 3.141 -4.901
SPIN 3 11 11 10 1.691 -4.524 3.417
SPIN 3 11 11 11 -0.876 4.720 -3.458
SPIN 3 11 11 12 5.571 -0.923 1.764
SPIN 3 11 11 13 1.877 -5.409 1.490
SPIN 3 11 11 14 2.125 5.415 -1.078
SPIN 3 11 11 15 -0.001 -5.053 -3.077
SPIN 2 11 11 0 0.605 3.661 4.607
SPIN 2 11 11 1 -5.003 -2.845 1.369
SPIN 2 11 11 2 0.400 3.726 -4.577
SPIN 2 11 11 3 -2.052 -4.228 -3.594
SPIN 2 11 11 4 -3.637 0.483 4.641
SPIN 2 11 11 5 1.241 -4.164 4.015
SPIN 2 11 11 6 -3.794 -3.359 3.054
SPIN 2 11 11 7 2.468 3.665 3.934
SPIN 2 11 11 8 -2.539 1.779 -5.039
SPIN 2 11 11 9 0.101 -3.690 4.623
SPIN 2 11 11 10 5.854 -0.851 -0.043
SPIN 2 11 11 11 4.987 -1.620 2.739
SPIN 2 11 11 12 -4.695 -2.099 -2.925
SPIN 2 11 11 13 -1.246 -4.389 -3.766
SPIN 2 11 11 14 -3.552 1.834 -4.361
SPIN 2 11 11 15 1.766 -2.405 5.109
SPIN 3 11 12 0 2.533 -1.372 -5.167
SPIN 3 11 12 1 -2.596 -2.042 -4.908
SPIN 3 11 12 2 4.235 2.121 3.545
SPIN 3 11 12 3 5.414 2.383 -0.107
SPIN 3 11 12 4 1.525 -3.369 4.617
SPIN 3 11 12 5 -2.793 2.779 -4.413
SPIN 3 11 12 6 2.674 -5.000 1.689
SPIN 3 11 12 7 -1.090 -0.017 -5.815
SPIN 3 11 12 8 4.372 -3.906 -0.797
SPIN 3 11 12 9 -2.487 -1.242 5.222
SPIN 3 11 12 10 2.242 5.435 0.661
SPIN 3 11 12 11 1.757 -4.425 -3.512
SPIN 3 11 12 12 -5.549 0.969 -1.809
SPIN 3 11 12 13 -5.765 0.194 1.312
SPIN 3 11 12 14 3.225 3.348 -3.660
SPIN 3 11 12 15 -4.538 3.648 -1.047
SPIN 2 11 12 0 -0.630 -2.286 -5.420
SPIN 2 11 12 1 2.098 5.366 1.345
SPIN 2 11 12 2 -3.539 4.434 1.678
SPIN 2 11 12 3 3.641 -1.694 -4.345
SPIN 2 11 12 4 -2.225 4.221 3.497
SPIN 2 11 12 5 5.704 -0.798 -1.352
SPIN 2 11 12 6 -5.586 1.462 -1.287
SPIN 2 11 12 7 -2.221 -4.181 -3.548
SPIN 2 11 12 8 -2.378 3.924 3.735
SPIN 2 11 12 9 -1.901 -4.890 2.734
SPIN 2 11 12 10 5.800 1.000 0.599
SPIN 2 11 12 11 2.518 -4.935 2.074
SPIN 2 11 12 12 -4.665 3.609 0.466
SPIN 2 11 12 13 4.891 3.008 -1.426
SPIN 2 11 12 14 1.514 -2.760 5.009
SPIN 2 11 12 15 -1.180 2.445 -5.257
SPIN 3 11 13 0 1.636 4.250 -3.776
SPIN 3 11 13 1 -3.712 2.622 3.788
SPIN 3 11 13 2 -2.725 -5.032 1.501
SPIN 3 11 13 3 4.950 2.919 -1.406
SPIN 3 11 13 4 -1.905 -4.110 3.806
SPIN 3 11 13 5 -3.170 1.914 4.614
SPIN 3 11 13 6 1.956 -5.249 -1.903
SPIN 3 11 13 7 -0.441 -5.342 2.504
SPIN 3 11 13 8 -4.465 1.974 3.342
SPIN 3 11 13 9 -5.136 -2.492 -1.554
SPIN 3 11 13 10 -2.319 5.407 0.624
SPIN 3 11 13 11 -2.702 -1.244 5.114
SPIN 3 11 13 12 2.477 -1.892 5.029
SPIN 3 11 13 13 -2.961 1.894 4.758
SPIN 3 11 13 14 1.228 1.884 5.472
SPIN 3 11 13 15 -4.293 3.504 2.073
SPIN 2 11 13 0 -0.391 5.903 0.003
SPIN 2 11 13 1 -0.051 -3.258 4.938
SPIN 2 11 13 2 -1.347 -0.279 -5.754
SPIN 2 11 13 3 -1.620 -1.128 5.577
SPIN 2 11 13 4 2.513 -5.346 -0.326
SPIN 2 11 13 5 -2.124 2.596 -4.873
SPIN 2 11 13 6 1.457 -2.448 -5.185
SPIN 2 11 13 7 -4.923 -2.860 1.608
SPIN 2 11 13 8 3.743 -0.946 4.483
SPIN 2 11 13 9 -2.837 -1.488 -4.974
SPIN 2 11 13 10 -0.450 2.575 5.307
SPIN 2 11 13 11 -2.642 5.086 -1.468
SPIN 2 11 13 12 -2.660 -5.237 -0.708
SPIN 2 11 13 13 -5.410 -2.340 0.511
SPIN 2 11 13 14 -1.890 -3.250 -4.568
SPIN 2 11 13 15 2.416 -1.444 -5.204
SPIN 3 11 14 0 5.698 0.435 -1.533
SPIN 3 11 14 1 0.638 -5.650 -1.634
SPIN 3 11 14 2 1.231 5.779 -0.301
SPIN 3 11 14 3 -2.887 -3.872 -3.416
SPIN 3 11 14 4 -3.697 2.626 3.799
SPIN 3 11 14 5 -1.952 2.729 4.873
SPIN 3 11 14 6 5.642 0.862 -1.556
SPIN 3 11 14 7 4.815 3.202 -1.249
SPIN 3 11 14 8 -3.908 -4.350 0.899
SPIN 3 11 14 9 2.107 5.495 -0.604
SPIN 3 11 14 10 -3.948 4.157 -1.461
SPIN 3 11 14 11 4.501 2.281 3.089
SPIN 3 11 14 12 -3.211 4.318 -2.458
SPIN 3 11 14 13 -1.442 -4.258 3.846
SPIN 3 11 14 14 -4.322 -2.174 3.404
SPIN 3 11 14 15 3.111 -4.724 1.734
SPIN 2 11 14 0 0.964 -5.835 0.172
SPIN 2 11 14 1 2.355 4.500 -3.034
SPIN 2 11 14 2 -5.104 0.963 -2.833
SPIN 2 11 14 3 3.434 -4.476 1.781
SPIN 2 11 14 4 0.747 4.910 3.215
SPIN 2 11 14 5 5.288 -2.337 1.254
SPIN 2 11 14 6 -3.985 3.673 2.372
SPIN 2 11 14 7 3.736 -2.464 3.869
SPIN 2 11 14 8 5.554 -1.087 -1.723
SPIN 2 11 14 9 5.809 -0.108 -1.113
SPIN 2 11 14 10 -4.599 -3.619 -0.863
SPIN 2 11 14 11 5.683 0.594 -1.533
SPIN 2 11 14 12 -3.361 -4.496 1.869
SPIN 2 11 14 13 1.069 3.376 -4.739
SPIN 2 11 14 14 1.414 3.589 4.485
SPIN 2 11 14 15 -4.667 3.578 0.645
SPIN 3 11 15 0 4.646 -3.390 -1.385
SPIN 3 11 15 1 5.359 -1.187 2.208
SPIN 3 11 15 2 1.716 -3.682 4.301
SPIN 3 11 15 3 2.859 2.092 -4.738
SPIN 3 11 15 4 0.652 -1.514 -5.682
SPIN 3 11 15 5 -5.690 1.567 -0.410
SPIN 3 11 15 6 2.008 5.564 0.072
SPIN 3 11 15 7 -3.449 -4.181 -2.371
SPIN 3 11 15 8 -0.008 -5.536 -2.086
SPIN 3 11 15 9 -4.662 3.603 -0.532
SPIN 3 11 15 10 -0.251 4.639 3.663
SPIN 3 11 15 11 -2.352 -5.194 -1.579
SPIN 3 11 15 12 3.825 -2.823 3.521
SPIN 3 11 15 13 -2.508 4.469 -2.956
SPIN 3 11 15 14 0.715 -3.982 -4.316
SPIN 3 11 15 15 -0.672 5.190 2.759
SPIN 2 11 15 0 1.128 5.688 -1.173
SPIN 2 11 15 1 -0.825 -5.475 -2.085
SPIN 2 11 15 2 -1.874 0.434 5.595
SPIN 2 11 15 3 0.093 5.124 2.956
SPIN 2 11 15 4 5.260 -2.343 -1.359
SPIN 2 11 15 5 -2.923 5.082 -0.792
SPIN 2 11 15 6 -3.348 -4.871 0.254
SPIN 2 11 15 7 0.487 5.650 1.686
SPIN 2 11 15 8 3.975 -2.024 -3.886
SPIN 2 11 15 9 0.052 4.558 3.771
SPIN 2 11 15 10 -0.727 -5.827 0.723
SPIN 2 11 15 11 4.426 3.048 2.474
SPIN 2 11 15 12 1.855 -5.137 2.273
SPIN 2 11 15 13 2.099 2.452 -4.958
SPIN 2 11 15 14 3.972 -4.060 1.656
SPIN 2 11 15 15 -0.877 -5.493 -2.013
SPIN 1 12 0 0 -1.727 5.305 -1.969
SPIN 1 12 0 1 4.987 -2.236 -2.264
SPIN 1 12 0 2 -3.177 -4.611 1.909
SPIN 1 12 0 3 -5.665 -1.678 0.295
SPIN 1 12 0 4 5.525 2.038 0.564
SPIN 1 12 0 5 1.064 0.180 -5.817
SPIN 1 12 0 6 -3.846 4.496 -0.040
SPIN 1 12 0 7 -1.904 -1.535 5.387
SPIN 1 12 0 8 -0.720 5.688 1.459
SPIN 1 12 0 9 3.548 -2.155 -4.215
SPIN 1 12 0 10 1.528 4.504 3.518
SPIN 1 12 0 11 2.930 -5.130 0.320
SPIN 1 12 0 12 -3.215 3.509 -3.514
SPIN 1 12 0 13 2.146 -4.525 3.150
SPIN 1 12 0 14 1.695 -1.782 -5.381
SPIN 1 12 0 15 4.424 1.244 -3.725
SPIN 4 12 0 0 5.241 -2.007 -1.872
SPIN 4 12 0 1 -3.308 -3.669 -3.255
SPIN 4 12 0 2 1.953 5.378 -1.504
SPIN 4 12 0 3 3.723 4.203 1.865
SPIN 4 12 0 4 3.261 -4.776 1.248
SPIN 4 12 0 5 -5.837 0.589 -0.759
SPIN 4 12 0 6 5.000 -0.195 3.157
SPIN 4 12 0 7 -5.808 0.319 -1.080
SPIN 4 12 0 8 1.334 -5.067 -2.747
SPIN 4 12 0 9 -0.953 4.184 4.072
SPIN 4 12 0 10 -5.371 2.261 1.018
SPIN 4 12 0 11 -0.109 -5.545 2.058
SPIN 4 12 0 12 4.213 -1.643 3.814
SPIN 4 12 0 13 -5.418 2.316 0.527
SPIN 4 12 0 14 1.950 2.929 4.756
SPIN 4 12 0 15 -0.100 -2.068 5.542
SPIN 1 12 1 0 1.853 -3.999 3.946
SPIN 1 12 1 1 0.702 4.313 -3.988
SPIN 1 12 1 2 2.755 0.060 5.235
SPIN 1 12 1 3 1.997 0.739 5.520
SPIN 1 12 1 4 2.616 -2.777 -4.522
SPIN 1 12 1 5 3.608 4.580 -1.006
SPIN 1 12 1 6 5.371 -2.405 0.602
SPIN 1 12 1 7 3.191 2.365 4.384
SPIN 1 12 1 8 -2.666 -0.693 -5.235
SPIN 1 12 1 9 -0.101 -5.738 -1.439
SPIN 1 12 1 10 -3.347 1.044 4.765
SPIN 1 12 1 11 0.211 -5.795 1.170
SPIN 1 12 1 12 4.456 2.577 -2.916
SPIN 1 12 1 13 0.925 4.171 4.092
SPIN 1 12 1 14 -5.287 1.468 2.212
SPIN 1 12 1 15 -3.455 -3.066 -3.696
SPIN 4 12 1 0 4.293 -3.361 -2.295
SPIN 4 12 1 1 -5.468 2.071 0.904
SPIN 4 12 1 2 3.131 0.137 5.017
SPIN 4 12 1 3 -3.500 -2.428 4.106
SPIN 4 12 1 4 -1.488 5.068 -2.665
SPIN 4 12 1 5 -1.895 -2.586 -4.972
SPIN 4 12 1 6 -4.002 4.270 -0.865
SPIN 4 12 1 7 0.827 4.255 4.027
SPIN 4 12 1 8 -1.553 3.231 4.706
SPIN 4 12 1 9 -1.664 -0.553 -5.650
SPIN 4 12 1 10 1.332 -4.476 3.632
SPIN 4 12 1 11 -4.328 0.456 4.008
SPIN 4 12 1 12 -3.552 -0.607 -4.692
SPIN 4 12 1 13 3.799 1.052 -4.411
SPIN 4 12 1 14 3.054 3.805 3.345
SPIN 4 12 1 15 4.548 3.711 0.738
SPIN 1 12 2 0 2.983 2.469 4.473
SPIN 1 12 2 1 4.520 -3.156 -2.147
SPIN 1 12 2 2 5.136 -0.070 -2.936
SPIN 1 12 2 3 0.223 -5.876 -0.646
SPIN 1 12 2 4 -3.953 3.370 -2.832
SPIN 1 12 2 5 -0.065 2.644 5.292
SPIN 1 12 2 6 1.475 -5.406 1.897
SPIN 1 12 2 7 -3.411 1.907 4.442
SPIN 1 12 2 8 -4.621 -2.268 -2.916
SPIN 1 12 2 9 -2.733 2.286 4.723
SPIN 1 12 2 10 -0.559 -2.877 -5.139
SPIN 1 12 2 11 -5.140 -1.130 -2.703
SPIN 1 12 2 12 5.198 -0.285 -2.810
SPIN 1 12 2 13 3.388 -2.859 3.918
SPIN 1 12 2 14 0.558 5.821 -0.900
SPIN 1 12 2 15 -4.477 2.661 -2.806
SPIN 4 12 2 0 -3.920 -4.380 0.668
SPIN 4 12 2 1 0.896 4.339 3.920
SPIN 4 12 2 2 -2.630 -1.843 -4.968
SPIN 4 12 2 3 1.996 3.817 4.055
SPIN 4 12 2 4 5.659 1.682 0.387
SPIN 4 12 2 5 -4.936 3.231 -0.445
SPIN 4 12 2 6 4.208 -3.964 1.257
SPIN 4 12 2 7 0.256 0.807 -5.855
SPIN 4 12 2 8 2.262 1.600 5.227
SPIN 4 12 2 9 2.968 -5.025 0.969
SPIN 4 12 2 10 3.105 0.059 -5.035
SPIN 4 12 2 11 4.269 -3.019 2.768
SPIN 4 12 2 12 0.600 -5.789 1.060
SPIN 4 12 2 13 -0.303 -3.109 5.024
SPIN 4 12 2 14 -1.341 -3.898 4.243
SPIN 4 12 2 15 1.548 -5.281 2.172
SPIN 1 12 3 0 -5.382 2.038 1.369
SPIN 1 12 3 1 -3.457 -3.956 2.720
SPIN 1 12 3 2 2.298 -4.633 -2.873
SPIN 1 12 3 3 -2.482 -2.728 -4.626
SPIN 1 12 3 4 -1.951 -5.583 -0.165
SPIN 1 12 3 5 2.736 1.816 4.921
SPIN 1 12 3 6 1.687 4.651 3.243
SPIN 1 12 3 7 -3.542 4.721 0.406
SPIN 1 12 3 8 -4.409 -2.129 -3.321
SPIN 1 12 3 9 -0.374 -2.500 -5.349
SPIN 1 12 3 10 -4.264 -1.314 -3.885
SPIN 1 12 3 11 -0.178 3.238 -4.948
SPIN 1 12 3 12 4.972 3.032 1.043
SPIN 1 12 3 13 -1.317 -5.763 -0.233
SPIN 1 12 3 14 4.085 1.892 -3.838
SPIN 1 12 3 15 3.233 -3.280 -3.713
SPIN 4 12 3 0 3.633 3.001 -3.577
SPIN 4 12 3 1 0.240 4.521 3.809
SPIN 4 12 3 2 3.376 4.738 1.076
SPIN 4 12 3 3 4.750 -3.524 -0.143
SPIN 4 12 3 4 -2.048 -5.541 -0.322
SPIN 4 12 3 5 5.843 -0.703 -0.608
SPIN 4 12 3 6 0.281 -5.416 2.364
SPIN 4 12 3 7 -3.761 4.478 0.896
SPIN 4 12 3 8 3.136 -0.083 -5.016
SPIN 4 12 3 9 0.039 5.900 0.440
SPIN 4 12 3 10 0.018 2.423 5.397
SPIN 4 12 3 11 -4.484 0.918 3.748
SPIN 4 12 3 12 -5.804 -1.104 0.311
SPIN 4 12 3 13 1.236 -5.296 2.330
SPIN 4 12 3 14 -1.872 -3.856 4.078
SPIN 4 12 3 15 -1.733 5.651 0.262
SPIN 1 12 4 0 -3.002 4.355 -2.651
SPIN 1 12 4 1 2.476 -3.935 -3.658
SPIN 1 12 4 2 -5.080 -2.531 -1.670
SPIN 1 12 4 3 2.108 -1.539 5.309
SPIN 1 12 4 4 -0.619 5.623 1.731
SPIN 1 12 4 5 1.640 5.681 0.179
SPIN 1 12 4 6 -3.563 -2.096 -4.232
SPIN 1 12 4 7 -1.286 5.479 -1.824
SPIN 1 12 4 8 5.688 1.423 -0.787
SPIN 1 12 4 9 -5.484 -0.928 -2.015
SPIN 1 12 4 10 0.636 -1.015 5.794
SPIN 1 12 4 11 -0.662 -1.906 5.561
SPIN 1 12 4 12 -3.522 -3.260 -3.459
SPIN 1 12 4 13 3.503 4.052 -2.513
SPIN 1 12 4 14 3.513 1.238 4.596
SPIN 1 12 4 15 4.444 1.388 3.650
SPIN 4 12 4 0 -1.754 0.764 5.598
SPIN 4 12 4 1 4.546 1.577 3.442
SPIN 4 12 4 2 2.401 3.592 -4.041
SPIN 4 12 4 3 -5.855 0.715 0.457
SPIN 4 12 4 4 3.997 -1.119 -4.215
SPIN 4 12 4 5 1.757 -3.138 4.698
SPIN 4 12 4 6 2.664 2.681 -4.551
SPIN 4 12 4 7 -0.102 -2.253 -5.469
SPIN 4 12 4 8 2.860 0.785 5.119
SPIN 4 12 4 9 -3.614 -4.677 0.253
SPIN 4 12 4 10 -4.884 2.030 -2.650
SPIN 4 12 4 11 4.915 -3.221 -0.686
SPIN 4 12 4 12 1.700 -4.895 2.854
SPIN 4 12 4 13 -4.503 3.821 0.352
SPIN 4 12 4 14 4.150 4.132 -0.837
SPIN 4 12 4 15 4.549 3.255 -1.926
SPIN 1 12 5 0 -1.635 -5.671 0.404
SPIN 1 12 5 1 -0.510 -3.527 -4.722
SPIN 1 12 5 2 -5.233 1.059 -2.548
SPIN 1 12 5 3 5.535 -1.035 -1.814
SPIN 1 12 5 4 5.644 -1.746 -0.308
SPIN 1 12 5 5 4.577 -3.706 0.563
SPIN 1 12 5 6 0.321 -4.039 4.311
SPIN 1 12 5 7 -4.855 0.952 3.244
SPIN 1 12 5 8 -5.595 1.567 1.115
SPIN 1 12 5 9 3.667 -1.558 4.373
SPIN 1 12 5 10 4.606 0.090 -3.712
SPIN 1 12 5 11 -4.320 -1.362 -3.806
SPIN 1 12 5 12 3.230 4.899 0.753
SPIN 1 12 5 13 4.192 -3.713 -1.907
SPIN 1 12 5 14 -1.952 -3.678 -4.203
SPIN 1 12 5 15 3.896 0.611 -4.410
SPIN 4 12 5 0 0.931 -4.362 -3.887
SPIN 4 12 5 1 -3.621 4.557 1.056
SPIN 4 12 5 2 -1.963 -3.128 -4.622
SPIN 4 12 5 3 -3.698 -4.581 0.582
SPIN 4 12 5 4 -0.760 2.358 5.372
SPIN 4 12 5 5 -2.055 0.754 5.496
SPIN 4 12 5 6 4.567 -2.269 -2.999
SPIN 4 12 5 7 4.559 -2.358 2.942
SPIN 4 12 5 8 -0.815 -5.328 -2.438
SPIN 4 12 5 9 -2.558 4.379 -3.046
SPIN 4 12 5 10 -0.215 5.727 -1.469
SPIN 4 12 5 11 -2.901 3.855 3.424
SPIN 4 12 5 12 4.397 3.243 -2.268
SPIN 4 12 5 13 -0.152 -2.490 5.364
SPIN 4 12 5 14 -3.150 -0.103 5.006
SPIN 4 12 5 15 2.089 -5.412 -1.163
SPIN 1 12 6 0 0.270 -2.320 5.436
SPIN 1 12 6 1 5.903 0.329 0.228
SPIN 1 12 6 2 1.641 -4.737 3.141
SPIN 1 12 6 3 0.748 -2.724 5.198
SPIN 1 12 6 4 0.175 1.485 -5.724
SPIN 1 12 6 5 -1.599 -4.550 3.426
SPIN 1 12 6 6 2.200 -5.470 -0.483
SPIN 1 12 6 7 -4.355 -0.904 -3.901
SPIN 1 12 6 8 -2.800 0.076 5.211
SPIN 1 12 6 9 3.270 3.797 -3.145
SPIN 1 12 6 10 4.089 3.267 2.757
SPIN 1 12 6 11 -0.623 -3.762 -4.523
SPIN 1 12 6 12 -3.613 -0.378 -4.670
SPIN 1 12 6 13 -0.755 4.386 -3.898
SPIN 1 12 6 14 -3.137 1.521 -4.780
SPIN 1 12 6 15 2.507 1.404 -5.171
SPIN 4 12 6 0 -3.259 4.931 -0.250
SPIN 4 12 6 1 -1.311 1.897 5.448
SPIN 4 12 6 2 0.542 3.750 -4.544
SPIN 4 12 6 3 0.940 -5.400 2.227
SPIN 4 12 6 4 1.401 1.389 -5.577
SPIN 4 12 6 5 -4.018 1.574 4.047
SPIN 4 12 6 6 -2.854 -3.383 3.925
SPIN 4 12 6 7 -1.008 -1.349 5.671
SPIN 4 12 6 8 5.135 1.607 -2.459
SPIN 4 12 6 9 2.535 -4.522 -2.850
SPIN 4 12 6 10 5.665 -1.459 0.882
SPIN 4 12 6 11 -5.766 -0.860 -1.006
SPIN 4 12 6 12 1.174 -1.325 5.645
SPIN 4 12 6 13 1.442 -4.100 4.014
SPIN 4 12 6 14 -5.040 -0.459 -3.064
SPIN 4 12 6 15 2.988 2.985 4.143
SPIN 1 12 7 0 1.766 3.506 -4.426
SPIN 1 12 7 1 3.699 3.555 -2.946
SPIN 1 12 7 2 5.682 0.170 -1.639
SPIN 1 12 7 3 -4.991 1.333 -2.884
SPIN 1 12 7 4 2.622 -0.158 5.301
SPIN 1 12 7 5 -2.921 0.722 -5.094
SPIN 1 12 7 6 -2.889 -1.500 -4.940
SPIN 1 12 7 7 2.280 -5.458 -0.103
SPIN 1 12 7 8 -5.678 1.501 0.713
SPIN 1 12 7 9 -2.435 -0.543 5.364
SPIN 1 12 7 10 -0.326 4.727 3.542
SPIN 1 12 7 11 -4.616 -3.575 0.952
SPIN 1 12 7 12 4.736 -0.014 3.546
SPIN 1 12 7 13 -1.667 4.863 2.929
SPIN 1 12 7 14 5.807 0.345 -1.077
SPIN 1 12 7 15 -1.931 2.617 4.942
SPIN 4 12 7 0 -1.300 -3.866 -4.285
SPIN 4 12 7 1 2.253 -1.001 -5.378
SPIN 4 12 7 2 -4.514 3.812 0.307
SPIN 4 12 7 3 -4.232 3.967 -1.163
SPIN 4 12 7 4 3.946 -2.308 3.755
SPIN 4 12 7 5 0.341 -4.442 -3.892
SPIN 4 12 7 6 5.385 -2.409 -0.440
SPIN 4 12 7 7 5.245 1.185 -2.466
SPIN 4 12 7 8 -5.231 -1.972 -1.937
SPIN 4 12 7 9 3.292 4.868 -0.679
SPIN 4 12 7 10 3.955 4.234 1.195
SPIN 4 12 7 11 2.706 -3.446 -3.975
SPIN 4 12 7 12 2.909 2.830 4.304
SPIN 4 12 7 13 -1.376 -1.928 -5.421
SPIN 4 12 7 14 1.276 -4.975 2.936
SPIN 4 12 7 15 2.476 -2.308 -4.852
SPIN 1 12 8 0 5.747 -0.958 1.024
SPIN 1 12 8 1 -3.023 2.769 4.265
SPIN 1 12 8 2 4.738 -2.326 -2.673
SPIN 1 12 8 3 0.665 -5.743 -1.257
SPIN 1 12 8 4 3.920 -3.049 3.215
SPIN 1 12 8 5 -3.308 -4.039 2.782
SPIN 1 12 8 6 5.626 -0.181 -1.821
SPIN 1 12 8 7 -0.183 3.974 4.379
SPIN 1 12 8 8 4.228 -2.183 -3.516
SPIN 1 12 8 9 -1.860 4.714 3.053
SPIN 1 12 8 10 5.626 -0.063 1.828
SPIN 1 12 8 11 2.540 5.342 -0.067
SPIN 1 12 8 12 -1.812 3.601 4.330
SPIN 1 12 8 13 -0.208 -2.896 -5.155
SPIN 1 12 8 14 -4.921 2.652 -1.938
SPIN 1 12 8 15 0.717 -5.510 -2.032
SPIN 4 12 8 0 4.291 -0.868 3.980
SPIN 4 12 8 1 3.533 -4.725 -0.437
SPIN 4 12 8 2 -3.163 -1.469 4.779
SPIN 4 12 8 3 3.534 3.142 -3.555
SPIN 4 12 8 4 -1.085 2.378 5.307
SPIN 4 12 8 5 -4.256 -3.978 1.033
SPIN 4 12 8 6 0.250 -0.042 5.911
SPIN 4 12 8 7 -5.915 -0.093 0.083
SPIN 4 12 8 8 -0.517 -5.892 0.106
SPIN 4 12 8 9 4.726 -2.600 -2.430
SPIN 4 12 8 10 -5.487 1.167 1.878
SPIN 4 12 8 11 5.280 2.442 -1.076
SPIN 4 12 8 12 -5.156 2.538 -1.405
SPIN 4 12 8 13 -0.223 -2.981 5.105
SPIN 4 12 8 14 3.976 -2.868 3.312
SPIN 4 12 8 15 -4.858 0.668 -3.309
SPIN 1 12 9 0 -2.139 0.555 -5.488
SPIN 1 12 9 1 3.614 4.428 -1.526
SPIN 1 12 9 2 -1.818 0.927 -5.553
SPIN 1 12 9 3 2.133 5.459 0.806
SPIN 1 12 9 4 -4.712 -2.651 -2.401
SPIN 1 12 9 5 2.739 3.264 4.104
SPIN 1 12 9 6 3.879 4.220 -1.465
SPIN 1 12 9 7 -2.331 -4.352 -3.259
SPIN 1 12 9 8 3.749 -2.991 -3.465
SPIN 1 12 9 9 4.272 -2.842 -2.944
SPIN 1 12 9 10 -4.402 -0.001 -3.952
SPIN 1 12 9 11 -3.088 -5.045 0.084
SPIN 1 12 9 12 3.429 -2.408 -4.176
SPIN 1 12 9 13 -4.714 -3.362 1.216
SPIN 1 12 9 14 -0.299 1.155 5.795
SPIN 1 12 9 15 -0.661 -5.014 3.070
SPIN 4 12 9 0 -3.424 -0.857 4.748
SPIN 4 12 9 1 -4.465 2.443 3.017
SPIN 4 12 9 2 -1.021 -1.287 -5.683
SPIN 4 12 9 3 -2.093 2.664 -4.850
SPIN 4 12 9 4 3.462 4.791 0.250
SPIN 4 12 9 5 5.470 -2.244 0.196
SPIN 4 12 9 6 -5.797 -0.676 0.966
SPIN 4 12 9 7 5.053 1.571 2.645
SPIN 4 12 9 8 4.975 3.184 -0.333
SPIN 4 12 9 9 2.089 -5.061 2.241
SPIN 4 12 9 10 -2.873 3.513 3.796
SPIN 4 12 9 11 -2.078 -2.338 -5.022
SPIN 4 12 9 12 5.804 -0.232 1.120
SPIN 4 12 9 13 0.139 -5.906 -0.307
SPIN 4 12 9 14 -1.920 -1.387 -5.421
SPIN 4 12 9 15 5.198 -1.377 -2.466
SPIN 1 12 10 0 -1.812 -1.806 -5.334
SPIN 1 12 10 1 -2.580 -5.062 1.649
SPIN 1 12 10 2 2.551 3.629 -3.914
SPIN 1 12 10 3 -2.611 0.047 5.308
SPIN 1 12 10 4 -0.762 0.281 5.860
SPIN 1 12 10 5 0.552 -5.100 -2.948
SPIN 1 12 10 6 -1.823 3.454 -4.444
SPIN 1 12 10 7 5.429 2.330 0.312
SPIN 1 12 10 8 -5.719 -0.567 1.403
SPIN 1 12 10 9 1.571 5.267 -2.189
SPIN 1 12 10 10 -4.732 -3.374 -1.105
SPIN 1 12 10 11 3.520 -0.817 4.684
SPIN 1 12 10 12 -4.074 2.802 -3.248
SPIN 1 12 10 13 -5.592 -0.841 -1.739
SPIN 1 12 10 14 0.795 4.354 3.925
SPIN 1 12 10 15 2.011 1.743 -5.284
SPIN 4 12 10 0 2.091 -2.665 -4.850
SPIN 4 12 10 1 -0.056 -0.480 5.896
SPIN 4 12 10 2 -1.966 -5.559 -0.477
SPIN 4 12 10 3 5.321 -2.491 0.695
SPIN 4 12 10 4 0.525 -3.551 -4.702
SPIN 4 12 10 5 -2.890 5.081 -0.913
SPIN 4 12 10 6 1.047 -5.289 -2.435
SPIN 4 12 10 7 -3.524 -3.775 -2.886
SPIN 4 12 10 8 -4.138 4.194 -0.532
SPIN 4 12 10 9 2.166 2.982 -4.628
SPIN 4 12 10 10 -1.795 -5.142 -2.309
SPIN 4 12 10 11 5.854 -0.846 0.131
SPIN 4 12 10 12 -4.697 0.802 3.507
SPIN 4 12 10 13 3.272 4.913 -0.396
SPIN 4 12 10 14 5.454 -1.717 -1.518
SPIN 4 12 10 15 -0.749 2.007 -5.515
SPIN 1 12 11 0 1.162 -4.348 3.840
SPIN 1 12 11 1 1.150 5.793 -0.350
SPIN 1 12 11 2 -3.386 -4.358 -2.130
SPIN 1 12 11 3 -2.267 -1.902 5.123
SPIN 1 12 11 4 -0.810 4.259 4.025
SPIN 1 12 11 5 -2.098 -4.150 -3.657
SPIN 1 12 11 6 -0.214 4.458 -3.883
SPIN 1 12 11 7 -0.208 -5.839 0.928
SPIN 1 12 11 8 3.676 2.443 3.940
SPIN 1 12 11 9 -2.633 1.228 -5.153
SPIN 1 12 11 10 -2.222 -5.477 -0.262
SPIN 1 12 11 11 -4.328 -2.710 2.987
SPIN 1 12 11 12 3.519 -2.899 3.770
SPIN 1 12 11 13 -3.088 4.771 -1.643
SPIN 1 12 11 14 -2.190 -5.023 2.230
SPIN 1 12 11 15 0.841 -0.001 5.856
SPIN 4 12 11 0 0.560 5.518 2.058
SPIN 4 12 11 1 5.682 -0.988 -1.319
SPIN 4 12 11 2 2.794 4.046 3.290
SPIN 4 12 11 3 -0.412 -5.855 -0.742
SPIN 4 12 11 4 0.428 4.236 -4.108
SPIN 4 12 11 5 -4.880 -2.320 -2.409
SPIN 4 12 11 6 2.083 5.431 1.078
SPIN 4 12 11 7 -5.101 -2.177 2.060
SPIN 4 12 11 8 3.611 -4.560 -1.082
SPIN 4 12 11 9 -3.041 3.964 -3.168
SPIN 4 12 11 10 -0.843 5.635 1.592
SPIN 4 12 11 11 -5.574 -0.352 -1.952
SPIN 4 12 11 12 0.677 5.030 -3.040
SPIN 4 12 11 13 -2.500 -3.339 4.195
SPIN 4 12 11 14 3.711 2.420 -3.921
SPIN 4 12 11 15 3.486 -3.008 3.715
SPIN 1 12 12 0 -3.463 3.096 -3.663
SPIN 1 12 12 1 -3.436 -4.767 -0.685
SPIN 1 12 12 2 3.415 4.825 -0.233
SPIN 1 12 12 3 0.937 5.260 2.541
SPIN 1 12 12 4 5.422 2.333 0.394
SPIN 1 12 12 5 -3.691 -4.155 2.027
SPIN 1 12 12 6 5.490 2.182 0.315
SPIN 1 12 12 7 1.712 -4.268 3.722
SPIN 1 12 12 8 -5.847 0.606 -0.670
SPIN 1 12 12 9 5.509 -0.290 -2.138
SPIN 1 12 12 10 -5.595 1.030 1.623
SPIN 1 12 12 11 -2.496 -4.122 3.432
SPIN 1 12 12 12 4.892 -3.215 -0.856
SPIN 1 12 12 13 -1.297 0.140 5.771
SPIN 1 12 12 14 -1.541 4.212 3.858
SPIN 1 12 12 15 2.495 -1.496 -5.152
SPIN 4 12 12 0 -1.437 -2.412 -5.207
SPIN 4 12 12 1 5.748 -0.818 1.135
SPIN 4 12 12 2 1.056 -0.483 -5.801
SPIN 4 12 12 3 -5.241 2.235 1.594
SPIN 4 12 12 4 5.305 0.667 2.533
SPIN 4 12 12 5 5.617 -1.719 0.702
SPIN 4 12 12 6 -2.888 4.468 2.588
SPIN 4 12 12 7 5.622 0.976 -1.561
SPIN 4 12 12 8 -5.697 -1.310 0.908
SPIN 4 12 12 9 -1.361 -0.904 5.686
SPIN 4 12 12 10 -4.623 2.470 -2.743
SPIN 4 12 12 11 -4.460 3.841 -0.598
SPIN 4 12 12 12 0.548 -2.869 5.145
SPIN 4 12 12 13 4.807 -2.366 -2.509
SPIN 4 12 12 14 1.642 -4.866 -2.937
SPIN 4 12 12 15 0.433 5.209 -2.771
SPIN 1 12 13 0 4.560 3.405 1.617
SPIN 1 12 13 1 -1.538 3.379 4.606
SPIN 1 12 13 2 -4.487 1.908 -3.350
SPIN 1 12 13 3 -4.817 0.678 -3.367
SPIN 1 12 13 4 2.803 -1.869 4.863
SPIN 1 12 13 5 -0.792 -5.022 3.025
SPIN 1 12 13 6 -3.168 1.071 -4.880
SPIN 1 12 13 7 3.732 -2.658 -3.743
SPIN 1 12 13 8 5.630 -1.797 -0.279
SPIN 1 12 13 9 4.119 -2.817 -3.178
SPIN 1 12 13 10 -2.833 5.176 0.429
SPIN 1 12 13 11 -0.000 -4.177 -4.190
SPIN 1 12 13 12 -5.237 -2.555 1.023
SPIN 1 12 13 13 3.652 0.672 -4.606
SPIN 1 12 13 14 5.735 -1.391 0.413
SPIN 1 12 13 15 -4.247 3.912 1.288
SPIN 4 12 13 0 -0.011 0.241 5.911
SPIN 4 12 13 1 0.069 0.262 5.910
SPIN 4 12 13 2 -0.081 -5.834 -0.980
SPIN 4 12 13 3 -0.290 -2.249 5.464
SPIN 4 12 13 4 4.067 2.261 3.654
SPIN 4 12 13 5 4.315 2.790 -2.932
SPIN 4 12 13 6 -2.952 4.222 -2.909
SPIN 4 12 13 7 -5.269 0.270 2.676
SPIN 4 12 13 8 3.027 -4.304 2.705
SPIN 4 12 13 9 -1.856 -1.166 -5.495
SPIN 4 12 13 10 -3.791 -1.663 4.227
SPIN 4 12 13 11 3.323 1.171 -4.752
SPIN 4 12 13 12 4.268 3.814 1.496
SPIN 4 12 13 13 -5.217 0.323 -2.770
SPIN 4 12 13 14 5.163 -2.694 1.044
SPIN 4 12 13 15 1.400 -5.734 0.399
SPIN 1 12 14 0 1.915 -4.885 -2.734
SPIN 1 12 14 1 4.719 -3.557 -0.286
SPIN 1 12 14 2 5.565 -0.489 -1.948
SPIN 1 12 14 3 0.721 5.046 -3.002
SPIN 1 12 14 4 -5.064 -2.906 0.957
SPIN 1 12 14 5 4.147 4.215 -0.184
SPIN 1 12 14 6 -0.936 -4.784 3.353
SPIN 1 12 14 7 1.687 -2.082 -5.274
SPIN 1 12 14 8 -1.758 3.426 -4.491
SPIN 1 12 14 9 -5.847 -0.792 -0.432
SPIN 1 12 14 10 2.299 0.546 5.424
SPIN 1 12 14 11 3.800 -3.702 2.618
SPIN 1 12 14 12 -1.872 -0.702 -5.568
SPIN 1 12 14 13 -1.964 0.785 5.525
SPIN 1 12 14 14 -0.041 2.305 5.448
SPIN 1 12 14 15 5.100 2.983 -0.310
SPIN 4 12 14 0 5.220 2.724 0.575
SPIN 4 12 14 1 0.488 -1.149 5.783
SPIN 4 12 14 2 0.025 -5.893 0.524
SPIN 4 12 14 3 4.351 3.553 1.857
SPIN 4 12 14 4 -0.215 -5.740 -1.416
SPIN 4 12 14 5 -5.417 -1.499 1.846
SPIN 4 12 14 6 3.973 3.791 -2.200
SPIN 4 12 14 7 -4.494 3.399 1.803
SPIN 4 12 14 8 5.435 2.336 -0.094
SPIN 4 12 14 9 1.221 5.133 -2.675
SPIN 4 12 14 10 -0.878 -2.289 5.384
SPIN 4 12 14 11 -5.844 0.749 0.534
SPIN 4 12 14 12 3.381 -2.716 -4.024
SPIN 4 12 14 13 -2.502 4.068 -3.492
SPIN 4 12 14 14 4.837 -2.274 -2.536
SPIN 4 12 14 15 -4.867 -2.848 1.789
SPIN 1 12 15 0 3.888 -4.248 -1.355
SPIN 1 12 15 1 -3.066 3.783 3.359
SPIN 1 12 15 2 2.355 3.555 4.101
SPIN 1 12 15 3 -3.439 1.065 -4.695
SPIN 1 12 15 4 -3.728 3.183 3.312
SPIN 1 12 15 5 1.887 -5.383 1.569
SPIN 1 12 15 6 4.623 2.001 -3.103
SPIN 1 12 15 7 3.580 -2.741 3.831
SPIN 1 12 15 8 -4.650 2.861 2.280
SPIN 1 12 15 9 2.923 5.030 1.075
SPIN 1 12 15 10 1.172 0.890 -5.730
SPIN 1 12 15 11 -2.419 4.360 -3.185
SPIN 1 12 15 12 -3.371 -1.912 4.470
SPIN 1 12 15 13 -1.189 -5.652 -1.282
SPIN 1 12 15 14 -0.527 5.577 -1.901
SPIN 1 12 15 15 3.948 4.087 1.644
SPIN 4 12 15 0 -5.125 2.722 1.149
SPIN 4 12 15 1 -3.343 -4.865 0.402
SPIN 4 12 15 2 1.408 -1.199 5.620
SPIN 4 12 15 3 -4.905 -1.308 3.038
SPIN 4 12 15 4 -4.711 3.356 1.243
SPIN 4 12 15 5 4.262 3.809 1.525
SPIN 4 12 15 6 -4.862 3.103 -1.318
SPIN 4 12 15 7 -0.872 -1.056 5.755
SPIN 4 12 15 8 0.291 4.631 -3.670
SPIN 4 12 15 9 -3.627 -3.634 2.939
SPIN 4 12 15 10 -4.012 1.811 -3.953
SPIN 4 12 15 11 3.407 -2.656 -4.042
SPIN 4 12 15 12 -2.484 4.717 2.565
SPIN 4 12 15 13 3.999 -3.477 2.629
SPIN 4 12 15 14 -1.923 4.424 -3.425
SPIN 4 12 15 15 -3.136 -3.246 3.824
SPIN 3 12 0 0 -0.645 -4.089 4.227
SPIN 3 12 0 1 -5.702 -0.895 1.300
SPIN 3 12 0 2 4.871 0.283 3.346
SPIN 3 12 0 3 -3.940 -0.625 -4.369
SPIN 3 12 0 4 1.357 -0.737 5.711
SPIN 3 12 0 5 3.028 -3.100 4.027
SPIN 3 12 0 6 -4.498 2.998 -2.404
SPIN 3 12 0 7 0.924 -3.747 -4.484
SPIN 3 12 0 8 -3.290 4.803 1.052
SPIN 3 12 0 9 3.210 -4.968 -0.129
SPIN 3 12 0 10 2.816 -1.092 5.087
SPIN 3 12 0 11 -3.272 4.928 0.094
SPIN 3 12 0 12 -5.694 1.585 0.251
SPIN 3 12 0 13 5.862 0.602 0.522
SPIN 3 12 0 14 4.537 2.320 3.005
SPIN 3 12 0 15 -0.228 -3.375 -4.854
SPIN 2 12 0 0 5.661 0.453 -1.657
SPIN 2 12 0 1 5.201 1.648 -2.287
SPIN 2 12 0 2 3.075 -1.506 -4.825
SPIN 2 12 0 3 1.869 -0.818 5.553
SPIN 2 12 0 4 -0.988 -4.680 3.481
SPIN 2 12 0 5 4.197 -4.154 -0.368
SPIN 2 12 0 6 -1.575 -5.675 -0.562
SPIN 2 12 0 7 -4.441 3.844 -0.711
SPIN 2 12 0 8 5.745 -1.170 -0.793
SPIN 2 12 0 9 -5.862 -0.648 -0.462
SPIN 2 12 0 10 3.555 0.793 -4.662
SPIN 2 12 0 11 4.443 3.555 1.619
SPIN 2 12 0 12 -2.474 -5.297 -0.909
SPIN 2 12 0 13 -5.879 0.627 -0.222
SPIN 2 12 0 14 1.075 -5.818 -0.018
SPIN 2 12 0 15 -5.434 -2.155 -0.912
SPIN 3 12 1 0 -2.878 1.390 4.978
SPIN 3 12 1 1 4.819 -3.331 -0.826
SPIN 3 12 1 2 -5.643 0.577 -1.681
SPIN 3 12 1 3 -1.937 -5.064 -2.366
SPIN 3 12 1 4 -3.040 3.357 -3.806
SPIN 3 12 1 5 -2.776 1.389 5.036
SPIN 3 12 1 6 0.255 -5.909 -0.152
SPIN 3 12 1 7 2.356 2.967 -4.544
SPIN 3 12 1 8 3.607 -3.582 -3.026
SPIN 3 12 1 9 1.641 -5.052 -2.605
SPIN 3 12 1 10 -0.417 -3.355 4.855
SPIN 3 12 1 11 -2.584 4.106 -3.386
SPIN 3 12 1 12 -3.868 -0.826 4.399
SPIN 3 12 1 13 -2.583 1.132 5.200
SPIN 3 12 1 14 -1.535 5.442 1.740
SPIN 3 12 1 15 -4.456 -0.338 3.877
SPIN 2 12 1 0 -4.634 -1.409 -3.397
SPIN 2 12 1 1 -2.072 3.920 3.917
SPIN 2 12 1 2 -4.697 3.501 -0.823
SPIN 2 12 1 3 -2.943 0.280 -5.124
SPIN 2 12 1 4 3.256 4.685 -1.564
SPIN 2 12 1 5 -3.038 2.408 4.469
SPIN 2 12 1 6 -3.138 1.375 -4.823
SPIN 2 12 1 7 4.387 1.376 3.723
SPIN 2 12 1 8 -0.387 -2.925 5.128
SPIN 2 12 1 9 1.258 -3.246 -4.784
SPIN 2 12 1 10 -2.472 4.310 -3.211
SPIN 2 12 1 11 -0.194 5.894 -0.468
SPIN 2 12 1 12 5.045 3.083 -0.203
SPIN 2 12 1 13 -2.710 5.256 0.171
SPIN 2 12 1 14 2.779 -4.948 1.670
SPIN 2 12 1 15 3.818 -0.011 -4.520
SPIN 3 12 2 0 -4.231 -0.260 4.127
SPIN 3 12 2 1 -4.999 -2.663 1.709
SPIN 3 12 2 2 -3.890 4.095 1.762
SPIN 3 12 2 3 1.738 5.582 -0.907
SPIN 3 12 2 4 4.473 -3.335 1.968
SPIN 3 12 2 5 3.960 -3.333 2.864
SPIN 3 12 2 6 0.070 4.832 3.412
SPIN 3 12 2 7 -2.404 -2.396 -4.845
SPIN 3 12 2 8 -0.236 3.704 4.607
SPIN 3 12 2 9 -1.431 5.728 -0.370
SPIN 3 12 2 10 -4.010 -1.306 4.149
SPIN 3 12 2 11 -0.910 -2.042 5.478
SPIN 3 12 2 12 -4.693 2.081 -2.941
SPIN 3 12 2 13 4.181 3.950 1.383
SPIN 3 12 2 14 -1.849 -3.169 4.641
SPIN 3 12 2 15 2.070 -2.280 -5.051
SPIN 2 12 2 0 5.155 -0.923 -2.752
SPIN 2 12 2 1 -0.046 -4.636 3.675
SPIN 2 12 2 2 -2.609 4.927 1.979
SPIN 2 12 2 3 3.941 2.261 -3.789
SPIN 2 12 2 4 5.578 -1.907 0.497
SPIN 2 12 2 5 -2.706 -3.533 -3.898
SPIN 2 12 2 6 4.951 2.559 -1.985
SPIN 2 12 2 7 -2.655 -5.127 1.289
SPIN 2 12 2 8 -1.744 1.412 5.474
SPIN 2 12 2 9 -5.549 1.546 1.348
SPIN 2 12 2 10 -2.203 -5.490 -0.060
SPIN 2 12 2 11 -4.417 -1.325 -3.706
SPIN 2 12 2 12 -3.336 4.630 -1.559
SPIN 2 12 2 13 0.118 5.893 -0.513
SPIN 2 12 2 14 -2.944 -5.125 -0.258
SPIN 2 12 2 15 1.470 5.662 -0.884
SPIN 3 12 3 0 1.748 -5.514 1.241
SPIN 3 12 3 1 -5.697 -0.793 -1.384
SPIN 3 12 3 2 0.304 -4.338 4.011
SPIN 3 12 3 3 -5.319 -2.001 -1.645
SPIN 3 12 3 4 4.324 0.955 -3.923
SPIN 3 12 3 5 -5.709 -1.466 -0.504
SPIN 3 12 3 6 0.351 5.462 2.247
SPIN 3 12 3 7 5.750 1.340 -0.378
SPIN 3 12 3 8 -1.911 -0.414 5.583
SPIN 3 12 3 9 4.845 -1.718 2.928
SPIN 3 12 3 10 1.322 5.423 1.960
SPIN 3 12 3 11 0.070 4.905 3.306
SPIN 3 12 3 12 5.709 -0.860 1.290
SPIN 3 12 3 13 -0.323 5.842 -0.874
SPIN 3 12 3 14 -4.979 -2.998 1.105
SPIN 3 12 3 15 -2.743 4.742 -2.233
SPIN 2 12 3 0 -5.238 0.078 2.749
SPIN 2 12 3 1 -3.477 4.681 -0.997
SPIN 2 12 3 2 3.562 -4.662 0.764
SPIN 2 12 3 3 5.871 0.702 0.198
SPIN 2 12 3 4 0.941 -5.827 0.394
SPIN 2 12 3 5 -1.440 -2.512 5.159
SPIN 2 12 3 6 0.192 -3.765 -4.559
SPIN 2 12 3 7 5.167 -1.629 -2.377
SPIN 2 12 3 8 -5.397 0.350 -2.398
SPIN 2 12 3 9 3.148 -3.885 3.161
SPIN 2 12 3 10 1.942 -2.104 5.177
SPIN 2 12 3 11 4.860 -2.035 2.690
SPIN 2 12 3 12 0.723 -4.229 -4.074
SPIN 2 12 3 13 5.272 -0.843 2.548
SPIN 2 12 3 14 -1.597 3.259 -4.672
SPIN 2 12 3 15 -2.109 -3.051 4.609
SPIN 3 12 4 0 2.672 5.036 1.583
SPIN 3 12 4 1 3.954 -0.644 -4.353
SPIN 3 12 4 2 1.168 -2.399 5.280
SPIN 3 12 4 3 -3.918 4.331 -0.946
SPIN 3 12 4 4 -4.962 -1.584 -2.806
SPIN 3 12 4 5 3.517 4.753 -0.207
SPIN 3 12 4 6 -0.700 -3.242 -4.899
SPIN 3 12 4 7 -1.662 -3.093 4.761
SPIN 3 12 4 8 3.018 -4.026 -3.112
SPIN 3 12 4 9 -5.584 -1.456 -1.304
SPIN 3 12 4 10 -5.118 2.955 0.266
SPIN 3 12 4 11 -0.721 -5.867 0.247
SPIN 3 12 4 12 -1.503 5.504 -1.564
SPIN 3 12 4 13 5.141 -0.135 -2.924
SPIN 3 12 4 14 -1.857 1.123 -5.504
SPIN 3 12 4 15 0.224 -5.576 -1.964
SPIN 2 12 4 0 4.899 -3.272 0.541
SPIN 2 12 4 1 -2.184 1.381 -5.322
SPIN 2 12 4 2 -1.215 5.452 1.950
SPIN 2 12 4 3 -5.505 -1.651 -1.403
SPIN 2 12 4 4 -4.694 -1.969 3.015
SPIN 2 12 4 5 2.325 -4.252 3.393
SPIN 2 12 4 6 1.248 1.689 5.531
SPIN 2 12 4 7 -3.547 3.448 -3.245
SPIN 2 12 4 8 1.143 3.904 4.295
SPIN 2 12 4 9 4.773 2.240 2.683
SPIN 2 12 4 10 0.194 -5.148 -2.908
SPIN 2 12 4 11 -2.270 -0.514 -5.439
SPIN 2 12 4 12 0.642 2.667 5.242
SPIN 2 12 4 13 -0.031 -5.668 -1.695
SPIN 2 12 4 14 -5.628 -1.419 1.146
SPIN 2 12 4 15 5.614 -1.837 0.336
SPIN 3 12 5 0 -3.633 1.824 4.298
SPIN 3 12 5 1 -2.725 -1.051 5.145
SPIN 3 12 5 2 -3.432 3.984 -2.710
SPIN 3 12 5 3 4.079 3.852 1.878
SPIN 3 12 5 4 -0.547 4.925 -3.232
SPIN 3 12 5 5 -1.184 -1.925 -5.467
SPIN 3 12 5 6 -2.309 4.559 -2.981
SPIN 3 12 5 7 0.381 -4.792 3.448
SPIN 3 12 5 8 -2.529 0.160 -5.346
SPIN 3 12 5 9 -1.290 1.346 5.615
SPIN 3 12 5 10 2.724 -5.225 0.526
SPIN 3 12 5 11 -4.460 2.245 3.174
SPIN 3 12 5 12 -4.270 0.751 -4.026
SPIN 3 12 5 13 4.404 3.935 -0.346
SPIN 3 12 5 14 -4.917 -0.808 -3.189
SPIN 3 12 5 15 3.416 2.718 -3.992
SPIN 2 12 5 0 0.594 5.883 0.196
SPIN 2 12 5 1 2.639 -1.091 -5.181
SPIN 2 12 5 2 3.868 0.099 -4.475
SPIN 2 12 5 3 0.947 0.423 5.824
SPIN 2 12 5 4 4.538 3.346 -1.792
SPIN 2 12 5 5 -3.074 4.586 -2.124
SPIN 2 12 5 6 2.568 4.602 -2.689
SPIN 2 12 5 7 -3.810 3.295 3.103
SPIN 2 12 5 8 -5.780 -0.116 -1.258
SPIN 2 12 5 9 -5.713 -0.122 1.531
SPIN 2 12 5 10 4.227 4.138 0.128
SPIN 2 12 5 11 4.128 -3.688 2.088
SPIN 2 12 5 12 -4.015 -0.170 -4.342
SPIN 2 12 5 13 4.684 -0.931 -3.491
SPIN 2 12 5 14 -4.761 -3.376 -0.968
SPIN 2 12 5 15 -2.716 -2.777 4.462
SPIN 3 12 6 0 1.728 -0.179 5.655
SPIN 3 12 6 1 1.946 1.166 5.464
SPIN 3 12 6 2 -2.936 1.061 -5.025
SPIN 3 12 6 3 -2.584 4.114 3.376
SPIN 3 12 6 4 3.122 -4.782 1.543
SPIN 3 12 6 5 2.315 3.373 4.273
SPIN 3 12 6 6 -0.504 2.789 -5.193
SPIN 3 12 6 7 4.742 -3.307 1.254
SPIN 3 12 6 8 -1.803 -5.259 2.023
SPIN 3 12 6 9 3.023 -4.933 -1.236
SPIN 3 12 6 10 5.217 -1.910 2.033
SPIN 3 12 6 11 1.827 -4.907 2.754
SPIN 3 12 6 12 5.383 0.333 2.431
SPIN 3 12 6 13 -4.370 -3.573 1.773
SPIN 3 12 6 14 1.349 5.721 0.675
SPIN 3 12 6 15 -5.702 0.470 1.507
SPIN 2 12 6 0 2.943 0.878 -5.056
SPIN 2 12 6 1 4.351 -3.469 -2.009
SPIN 2 12 6 2 -5.087 -1.486 -2.629
SPIN 2 12 6 3 1.963 2.606 4.935
SPIN 2 12 6 4 2.803 4.710 2.227
SPIN 2 12 6 5 -3.967 -1.445 4.144
SPIN 2 12 6 6 -0.584 2.985 -5.075
SPIN 2 12 6 7 -0.601 -5.867 -0.468
SPIN 2 12 6 8 -2.587 -0.170 5.318
SPIN 2 12 6 9 0.043 -1.602 -5.695
SPIN 2 12 6 10 4.211 -1.121 4.002
SPIN 2 12 6 11 4.954 -2.562 -1.973
SPIN 2 12 6 12 -4.232 4.068 -0.735
SPIN 2 12 6 13 -5.753 0.130 -1.373
SPIN 2 12 6 14 3.069 1.207 -4.912
SPIN 2 12 6 15 -3.547 -1.997 4.293
SPIN 3 12 7 0 0.852 5.684 -1.404
SPIN 3 12 7 1 -2.401 -0.475 -5.386
SPIN 3 12 7 2 1.804 -3.928 4.040
SPIN 3 12 7 3 -0.528 2.332 -5.411
SPIN 3 12 7 4 0.797 4.151 4.140
SPIN 3 12 7 5 3.365 -1.677 -4.567
SPIN 3 12 7 6 -0.476 -4.926 3.241
SPIN 3 12 7 7 5.701 0.782 1.372
SPIN 3 12 7 8 -4.638 -0.484 3.640
SPIN 3 12 7 9 3.593 -1.660 4.397
SPIN 3 12 7 10 -5.878 -0.011 -0.669
SPIN 3 12 7 11 -2.167 0.592 5.473
SPIN 3 12 7 12 1.561 -3.827 4.233
SPIN 3 12 7 13 -3.180 1.429 4.779
SPIN 3 12 7 14 5.043 1.750 -2.551
SPIN 3 12 7 15 -1.042 -5.241 -2.539
SPIN 2 12 7 0 2.695 -1.191 5.130
SPIN 2 12 7 1 -4.190 4.100 -0.796
SPIN 2 12 7 2 3.842 -3.589 2.712
SPIN 2 12 7 3 0.271 -4.665 -3.628
SPIN 2 12 7 4 -2.589 -5.200 1.118
SPIN 2 12 7 5 4.183 -0.392 -4.165
SPIN 2 12 7 6 -0.341 4.077 4.274
SPIN 2 12 7 7 -0.947 0.143 -5.838
SPIN 2 12 7 8 3.607 3.516 3.102
SPIN 2 12 7 9 -2.847 -5.010 -1.339
SPIN 2 12 7 10 -2.144 4.715 2.859
SPIN 2 12 7 11 -3.020 -4.932 -1.246
SPIN 2 12 7 12 3.850 -2.951 -3.386
SPIN 2 12 7 13 2.028 2.127 5.134
SPIN 2 12 7 14 -3.709 4.008 2.276
SPIN 2 12 7 15 4.064 -4.156 1.101
SPIN 3 12 8 0 -4.541 -1.968 3.242
SPIN 3 12 8 1 -4.897 3.182 -0.948
SPIN 3 12 8 2 5.345 0.590 -2.468
SPIN 3 12 8 3 1.839 1.595 5.392
SPIN 3 12 8 4 1.789 4.100 -3.872
SPIN 3 12 8 5 5.671 0.938 1.399
SPIN 3 12 8 6 -4.701 -1.615 3.209
SPIN 3 12 8 7 4.930 1.177 3.052
SPIN 3 12 8 8 -4.864 -1.852 -2.813
SPIN 3 12 8 9 3.087 -4.534 2.217
SPIN 3 12 8 10 -0.433 5.900 0.065
SPIN 3 12 8 11 -1.314 -5.526 -1.656
SPIN 3 12 8 12 -1.415 0.906 -5.672
SPIN 3 12 8 13 -4.533 -3.162 2.110
SPIN 3 12 8 14 -2.117 4.682 -2.932
SPIN 3 12 8 15 5.913 -0.160 -0.116
SPIN 2 12 8 0 -0.633 -3.767 -4.518
SPIN 2 12 8 1 -0.484 1.199 5.773
SPIN 2 12 8 2 -4.700 3.548 -0.564
SPIN 2 12 8 3 2.228 3.559 4.167
SPIN 2 12 8 4 3.839 2.399 -3.809
SPIN 2 12 8 5 -5.255 -2.538 0.972
SPIN 2 12 8 6 1.914 -3.675 -4.223
SPIN 2 12 8 7 -4.986 -0.970 3.033
SPIN 2 12 8 8 0.101 -4.294 -4.068
SPIN 2 12 8 9 -0.151 1.749 -5.650
SPIN 2 12 8 10 -4.925 3.275 0.151
SPIN 2 12 8 11 5.104 0.113 2.989
SPIN 2 12 8 12 -0.696 -1.732 5.614
SPIN 2 12 8 13 4.728 0.623 3.501
SPIN 2 12 8 14 0.728 0.501 -5.850
SPIN 2 12 8 15 0.163 5.612 -1.866
SPIN 3 12 9 0 -2.650 -0.988 -5.196
SPIN 3 12 9 1 -0.918 1.244 5.710
SPIN 3 12 9 2 2.265 -3.193 4.436
SPIN 3 12 9 3 -4.724 -2.970 1.966
SPIN 3 12 9 4 5.015 2.921 1.148
SPIN 3 12 9 5 3.681 -4.512 1.045
SPIN 3 12 9 6 0.021 -3.300 -4.910
SPIN 3 12 9 7 -5.638 -0.218 1.780
SPIN 3 12 9 8 0.368 5.733 1.411
SPIN 3 12 9 9 -5.287 2.649 -0.182
SPIN 3 12 9 10 2.627 -2.473 4.689
SPIN 3 12 9 11 0.555 5.403 2.346
SPIN 3 12 9 12 5.730 1.435 -0.337
SPIN 3 12 9 13 -2.743 2.702 4.492
SPIN 3 12 9 14 1.742 -3.830 -4.158
SPIN 3 12 9 15 -1.021 -5.508 1.903
SPIN 2 12 9 0 3.407 4.836 0.087
SPIN 2 12 9 1 -2.718 -5.131 1.135
SPIN 2 12 9 2 1.685 5.274 -2.086
SPIN 2 12 9 3 -1.002 -1.601 5.607
SPIN 2 12 9 4 -1.979 4.103 -3.775
SPIN 2 12 9 5 -1.823 -4.432 -3.469
SPIN 2 12 9 6 -5.715 1.520 -0.166
SPIN 2 12 9 7 -4.925 -2.396 -2.237
SPIN 2 12 9 8 -2.345 4.571 -2.934
SPIN 2 12 9 9 4.875 -0.547 3.307
SPIN 2 12 9 10 2.335 -5.188 -1.624
SPIN 2 12 9 11 -2.548 -3.677 -3.871
SPIN 2 12 9 12 3.106 -4.520 2.218
SPIN 2 12 9 13 -0.675 -2.591 -5.275
SPIN 2 12 9 14 5.584 -1.936 -0.259
SPIN 2 12 9 15 -4.452 -0.119 3.894
SPIN 3 12 10 0 -1.216 5.646 -1.283
SPIN 3 12 10 1 0.105 0.362 5.904
SPIN 3 12 10 2 -5.509 1.444 -1.600
SPIN 3 12 10 3 -4.887 3.332 0.117
SPIN 3 12 10 4 5.258 2.668 0.481
SPIN 3 12 10 5 0.246 4.045 -4.310
SPIN 3 12 10 6 -1.651 -1.060 5.581
SPIN 3 12 10 7 2.493 -2.814 -4.568
SPIN 3 12 10 8 -0.072 3.825 4.512
SPIN 3 12 10 9 -0.807 -3.597 -4.627
SPIN 3 12 10 10 -1.513 -0.214 5.715
SPIN 3 12 10 11 2.170 4.206 3.549
SPIN 3 12 10 12 -3.553 1.395 -4.520
SPIN 3 12 10 13 3.954 3.844 2.143
SPIN 3 12 10 14 -4.596 -1.368 3.465
SPIN 3 12 10 15 2.590 1.548 5.089
SPIN 2 12 10 0 0.793 3.698 -4.549
SPIN 2 12 10 1 -4.806 2.828 1.977
SPIN 2 12 10 2 3.130 -3.076 -3.967
SPIN 2 12 10 3 4.120 -1.655 3.910
SPIN 2 12 10 4 -0.799 -1.819 5.573
SPIN 2 12 10 5 5.392 1.148 2.146
SPIN 2 12 10 6 -3.954 2.967 -3.250
SPIN 2 12 10 7 -1.462 -2.740 5.036
SPIN 2 12 10 8 5.172 -2.817 -0.558
SPIN 2 12 10 9 -5.074 1.294 2.752
SPIN 2 12 10 10 5.813 -1.064 -0.274
SPIN 2 12 10 11 -3.701 2.401 -3.942
SPIN 2 12 10 12 5.033 3.040 -0.650
SPIN 2 12 10 13 -2.969 -1.739 -4.812
SPIN 2 12 10 14 -4.652 -0.790 -3.569
SPIN 2 12 10 15 -1.637 5.377 1.848
SPIN 3 12 11 0 1.602 -5.508 -1.449
SPIN 3 12 11 1 2.470 1.550 5.148
SPIN 3 12 11 2 -3.186 -0.498 -4.960
SPIN 3 12 11 3 5.349 0.107 -2.526
SPIN 3 12 11 4 5.224 -2.326 1.516
SPIN 3 12 11 5 -0.040 -4.125 4.240
SPIN 3 12 11 6 3.091 -0.645 5.003
SPIN 3 12 11 7 1.136 -0.976 5.723
SPIN 3 12 11 8 3.511 2.413 -4.105
SPIN 3 12 11 9 0.179 -3.617 4.678
SPIN 3 12 11 10 2.549 3.740 3.810
SPIN 3 12 11 11 -4.572 3.338 -1.718
SPIN 3 12 11 12 -2.851 1.786 4.866
SPIN 3 12 11 13 5.064 2.367 1.937
SPIN 3 12 11 14 2.723 3.279 -4.103
SPIN 3 12 11 15 -2.689 -4.309 3.034
SPIN 2 12 11 0 -2.042 -3.597 -4.230
SPIN 2 12 11 1 -1.537 -5.492 -1.575
SPIN 2 12 11 2 5.360 -1.650 1.883
SPIN 2 12 11 3 0.990 0.807 5.776
SPIN 2 12 11 4 -2.464 -2.763 -4.615
SPIN 2 12 11 5 4.119 -2.089 3.698
SPIN 2 12 11 6 2.472 -4.765 -2.486
SPIN 2 12 11 7 1.628 5.627 0.829
SPIN 2 12 11 8 -2.291 -3.212 4.409
SPIN 2 12 11 9 2.052 5.517 0.596
SPIN 2 12 11 10 -3.897 3.324 2.960
SPIN 2 12 11 11 5.889 -0.525 -0.208
SPIN 2 12 11 12 4.724 -1.232 -3.342
SPIN 2 12 11 13 1.510 1.840 5.416
SPIN 2 12 11 14 2.032 4.745 2.890
SPIN 2 12 11 15 -4.844 1.268 -3.150
SPIN 3 12 12 0 5.068 -1.205 2.804
SPIN 3 12 12 1 -1.918 -3.335 4.494
SPIN 3 12 12 2 -1.000 -5.407 -2.182
SPIN 3 12 12 3 1.460 -5.495 -1.636
SPIN 3 12 12 4 -5.028 2.737 -1.494
SPIN 3 12 12 5 3.613 4.529 1.200
SPIN 3 12 12 6 3.846 -3.394 -2.948
SPIN 3 12 12 7 0.921 -1.239 -5.711
SPIN 3 12 12 8 0.978 5.532 1.854
SPIN 3 12 12 9 5.107 -0.229 -2.978
SPIN 3 12 12 10 3.131 -0.447 -5.000
SPIN 3 12 12 11 -2.634 4.614 2.603
SPIN 3 12 12 12 -4.760 -0.482 3.479
SPIN 3 12 12 13 -1.829 -5.254 -2.013
SPIN 3 12 12 14 -3.069 1.080 4.941
SPIN 3 12 12 15 3.544 -2.808 3.815
SPIN 2 12 12 0 -3.764 -4.564 -0.075
SPIN 2 12 12 1 -1.716 3.884 -4.120
SPIN 2 12 12 2 -4.017 3.432 -2.661
SPIN 2 12 12 3 -1.212 2.692 -5.127
SPIN 2 12 12 4 1.797 -3.620 -4.321
SPIN 2 12 12 5 0.770 -5.840 -0.553
SPIN 2 12 12 6 -4.424 1.966 -3.400
SPIN 2 12 12 7 5.583 0.388 -1.919
SPIN 2 12 12 8 5.896 -0.241 0.416
SPIN 2 12 12 9 -2.856 2.646 4.454
SPIN 2 12 12 10 3.286 0.822 4.850
SPIN 2 12 12 11 -5.577 -1.267 -1.513
SPIN 2 12 12 12 5.467 -2.261 0.030
SPIN 2 12 12 13 -0.525 1.977 -5.551
SPIN 2 12 12 14 -3.989 1.630 4.054
SPIN 2 12 12 15 5.158 1.382 -2.547
SPIN 3 12 13 0 5.036 -1.020 2.932
SPIN 3 12 13 1 -5.628 -1.735 0.562
SPIN 3 12 13 2 4.065 4.254 -0.616
SPIN 3 12 13 3 5.770 -0.503 -1.205
SPIN 3 12 13 4 0.487 -2.746 -5.218
SPIN 3 12 13 5 -1.521 4.823 -3.070
SPIN 3 12 13 6 2.363 0.591 5.391
SPIN 3 12 13 7 -5.275 1.111 -2.437
SPIN 3 12 13 8 2.349 4.062 -3.603
SPIN 3 12 13 9 3.273 -4.783 1.187
SPIN 3 12 13 10 3.728 -1.192 4.437
SPIN 3 12 13 11 -4.877 -3.283 0.665
SPIN 3 12 13 12 -3.612 -4.305 1.850
SPIN 3 12 13 13 3.938 -1.340 4.206
SPIN 3 12 13 14 0.989 4.467 -3.750
SPIN 3 12 13 15 -2.344 -5.248 1.404
SPIN 2 12 13 0 -5.630 -0.799 1.633
SPIN 2 12 13 1 1.391 1.962 -5.405
SPIN 2 12 13 2 0.985 1.113 5.726
SPIN 2 12 13 3 -1.342 0.290 5.755
SPIN 2 12 13 4 4.175 1.413 -3.946
SPIN 2 12 13 5 -4.953 -1.264 -2.978
SPIN 2 12 13 6 1.058 5.756 -0.868
SPIN 2 12 13 7 1.889 -4.836 2.836
SPIN 2 12 13 8 -3.066 4.980 0.896
SPIN 2 12 13 9 5.636 1.644 -0.728
SPIN 2 12 13 10 -3.284 -0.873 -4.843
SPIN 2 12 13 11 -5.431 0.751 -2.224
SPIN 2 12 13 12 -0.109 2.781 -5.220
SPIN 2 12 13 13 -1.407 0.616 5.713
SPIN 2 12 13 14 4.198 -3.247 -2.615
SPIN 2 12 13 15 -1.333 -0.413 5.749
SPIN 3 12 14 0 -3.110 2.708 -4.242
SPIN 3 12 14 1 3.857 4.382 -0.961
SPIN 3 12 14 2 -3.829 -2.404 3.816
SPIN 3 12 14 3 -4.648 -0.698 3.592
SPIN 3 12 14 4 -1.837 -3.651 4.278
SPIN 3 12 14 5 0.080 -2.346 5.430
SPIN 3 12 14 6 -4.474 -0.660 3.814
SPIN 3 12 14 7 0.626 -4.676 -3.569
SPIN 3 12 14 8 2.006 5.169 -2.064
SPIN 3 12 14 9 3.933 0.251 4.412
SPIN 3 12 14 10 1.416 4.883 3.025
SPIN 3 12 14 11 5.429 -0.826 2.201
SPIN 3 12 14 12 5.576 -0.892 -1.765
SPIN 3 12 14 13 -2.632 4.466 -2.851
SPIN 3 12 14 14 -4.316 -3.946 -0.894
SPIN 3 12 14 15 3.450 4.153 2.420
SPIN 2 12 14 0 0.683 -5.359 -2.411
SPIN 2 12 14 1 -3.680 3.459 3.081
SPIN 2 12 14 2 -5.060 3.015 -0.548
SPIN 2 12 14 3 -1.978 -2.642 -4.910
SPIN 2 12 14 4 -2.633 1.598 5.051
SPIN 2 12 14 5 2.513 2.534 -4.719
SPIN 2 12 14 6 -3.533 -1.365 4.545
SPIN 2 12 14 7 -4.355 -2.508 3.122
SPIN 2 12 14 8 3.658 1.726 -4.317
SPIN 2 12 14 9 -2.429 -2.352 -4.855
SPIN 2 12 14 10 1.755 5.285 1.997
SPIN 2 12 14 11 -1.421 5.703 0.673
SPIN 2 12 14 12 -0.574 3.182 4.954
SPIN 2 12 14 13 -4.008 -0.194 4.347
SPIN 2 12 14 14 5.440 1.340 -1.902
SPIN 2 12 14 15 4.896 3.123 1.131
SPIN 3 12 15 0 -1.444 5.036 -2.748
SPIN 3 12 15 1 1.649 -4.584 3.357
SPIN 3 12 15 2 2.800 0.596 -5.178
SPIN 3 12 15 3 4.695 -3.489 -0.884
SPIN 3 12 15 4 -3.598 -4.466 -1.451
SPIN 3 12 15 5 0.485 4.071 -4.265
SPIN 3 12 15 6 3.435 -4.801 -0.397
SPIN 3 12 15 7 -2.782 -0.710 5.173
SPIN 3 12 15 8 2.468 -4.552 -2.861
SPIN 3 12 15 9 -4.888 -1.941 2.710
SPIN 3 12 15 10 3.489 -3.962 -2.670
SPIN 3 12 15 11 1.671 3.671 4.328
SPIN 3 12 15 12 1.392 0.923 -5.675
SPIN 3 12 15 13 -4.964 2.751 1.671
SPIN 3 12 15 14 -5.752 -0.697 1.197
SPIN 3 12 15 15 2.746 -5.033 -1.460
SPIN 2 12 15 0 -1.268 1.334 -5.622
SPIN 2 12 15 1 0.543 4.540 3.754
SPIN 2 12 15 2 1.003 1.219 -5.702
SPIN 2 12 15 3 -4.732 -3.127 1.682
SPIN 2 12 15 4 -2.640 5.125 -1.329
SPIN 2 12 15 5 2.740 -3.420 -3.975
SPIN 2 12 15 6 -0.764 1.661 -5.627
SPIN 2 12 15 7 4.725 3.101 1.747
SPIN 2 12 15 8 -4.331 3.098 2.578
SPIN 2 12 15 9 -3.373 4.686 -1.288
SPIN 2 12 15 10 -1.807 0.598 5.602
SPIN 2 12 15 11 -3.825 -2.967 3.401
SPIN 2 12 15 12 1.928 -5.541 0.762
SPIN 2 12 15 13 -0.129 -4.543 3.787
SPIN 2 12 15 14 -5.511 2.145 -0.172
SPIN 2 12 15 15 4.882 -0.828 3.238
SPIN 1 13 0 0 5.106 -1.795 2.389
SPIN 1 13 0 1 0.845 -2.762 5.163
SPIN 1 13 0 2 1.441 5.320 2.150
SPIN 1 13 0 3 1.223 -5.519 -1.746
SPIN 1 13 0 4 -5.596 -1.488 -1.212
SPIN 1 13 0 5 -2.954 4.597 -2.267
SPIN 1 13 0 6 -5.777 -0.928 -0.871
SPIN 1 13 0 7 3.256 1.962 4.533
SPIN 1 13 0 8 -4.063 -3.854 1.908
SPIN 1 13 0 9 0.810 -3.708 4.538
SPIN 1 13 0 10 1.179 -0.584 -5.768
SPIN 1 13 0 11 -3.489 1.630 4.491
SPIN 1 13 0 12 -5.284 2.594 -0.592
SPIN 1 13 0 13 4.824 2.804 -1.967
SPIN 1 13 0 14 -5.224 -1.577 2.285
SPIN 1 13 0 15 -5.174 0.033 2.869
SPIN 4 13 0 0 -0.934 -3.758 -4.472
SPIN 4 13 0 1 2.226 2.606 4.822
SPIN 4 13 0 2 -0.422 -5.001 -3.133
SPIN 4 13 0 3 4.269 3.667 -1.825
SPIN 4 13 0 4 -2.202 4.998 2.275
SPIN 4 13 0 5 1.190 -4.708 3.379
SPIN 4 13 0 6 4.840 3.162 1.257
SPIN 4 13 0 7 1.798 5.184 2.212
SPIN 4 13 0 8 3.963 -0.960 -4.287
SPIN 4 13 0 9 -0.794 -3.131 4.957
SPIN 4 13 0 10 2.259 -4.683 -2.823
SPIN 4 13 0 11 0.886 -4.556 -3.669
SPIN 4 13 0 12 5.103 -2.467 1.696
SPIN 4 13 0 13 1.369 4.658 3.381
SPIN 4 13 0 14 1.753 2.957 -4.815
SPIN 4 13 0 15 -0.547 3.579 -4.679
SPIN 1 13 1 0 -0.613 3.677 -4.594
SPIN 1 13 1 1 -1.094 -0.293 5.807
SPIN 1 13 1 2 1.137 -0.827 5.747
SPIN 1 13 1 3 2.094 -3.331 -4.418
SPIN 1 13 1 4 -2.914 1.438 4.944
SPIN 1 13 1 5 4.168 -3.774 1.839
SPIN 1 13 1 6 -0.552 2.714 5.228
SPIN 1 13 1 7 -3.913 -2.591 -3.601
SPIN 1 13 1 8 4.096 -4.265 0.173
SPIN 1 13 1 9 -3.164 3.334 3.724
SPIN 1 13 1 10 -1.948 -5.130 -2.211
SPIN 1 13 1 11 2.335 -0.241 5.431
SPIN 1 13 1 12 -1.347 -2.082 -5.371
SPIN 1 13 1 13 1.402 -5.203 -2.443
SPIN 1 13 1 14 -4.554 -3.638 1.012
SPIN 1 13 1 15 2.399 -2.924 4.549
SPIN 4 13 1 0 -3.758 2.593 3.762
SPIN 4 13 1 1 3.345 1.741 -4.558
SPIN 4 13 1 2 2.657 -2.090 4.855
SPIN 4 13 1 3 -5.281 -2.080 1.670
SPIN 4 13 1 4 -3.846 -4.416 0.843
SPIN 4 13 1 5 -0.121 -3.323 -4.893
SPIN 4 13 1 6 2.111 -5.460 -0.856
SPIN 4 13 1 7 -3.916 -0.088 -4.434
SPIN 4 13 1 8 1.840 4.060 3.890
SPIN 4 13 1 9 -1.190 -2.025 -5.430
SPIN 4 13 1 10 2.562 5.235 -1.017
SPIN 4 13 1 11 -0.309 0.708 5.865
SPIN 4 13 1 12 -1.880 -2.866 -4.822
SPIN 4 13 1 13 -1.003 4.938 3.099
SPIN 4 13 1 14 -4.545 -3.477 1.501
SPIN 4 13 1 15 5.904 0.381 -0.026
SPIN 1 13 2 0 -0.863 -5.416 -2.219
SPIN 1 13 2 1 0.088 -4.571 -3.754
SPIN 1 13 2 2 2.689 -3.383 -4.041
SPIN 1 13 2 3 -0.453 5.898 0.070
SPIN 1 13 2 4 -0.069 -5.846 0.905
SPIN 1 13 2 5 -1.522 -3.630 -4.416
SPIN 1 13 2 6 3.170 -3.529 3.535
SPIN 1 13 2 7 0.721 5.604 1.755
SPIN 1 13 2 8 -1.520 1.342 -5.558
SPIN 1 13 2 9 -1.196 5.360 -2.199
SPIN 1 13 2 10 3.247 -0.549 4.915
SPIN 1 13 2 11 0.447 5.437 2.288
SPIN 1 13 2 12 3.375 -0.955 4.764
SPIN 1 13 2 13 -5.692 -0.917 1.328
SPIN 1 13 2 14 4.748 1.552 3.171
SPIN 1 13 2 15 -2.818 0.456 -5.182
SPIN 4 13 2 0 3.315 3.004 -3.872
SPIN 4 13 2 1 5.376 -0.066 2.468
SPIN 4 13 2 2 2.330 2.343 -4.907
SPIN 4 13 2 3 2.752 -5.023 1.482
SPIN 4 13 2 4 -0.310 5.678 -1.631
SPIN 4 13 2 5 2.415 3.385 4.208
SPIN 4 13 2 6 -1.783 3.037 -4.754
SPIN 4 13 2 7 -0.717 5.442 2.207
SPIN 4 13 2 8 2.217 -5.347 -1.222
SPIN 4 13 2 9 -5.620 0.829 -1.651
SPIN 4 13 2 10 3.315 -2.573 -4.170
SPIN 4 13 2 11 -1.340 -5.682 -0.957
SPIN 4 13 2 12 -0.273 -5.638 1.772
SPIN 4 13 2 13 -0.603 -2.668 -5.246
SPIN 4 13 2 14 5.263 2.686 -0.289
SPIN 4 13 2 15 -5.042 -0.312 3.080
SPIN 1 13 3 0 -1.407 3.900 4.220
SPIN 1 13 3 1 3.572 2.994 3.644
SPIN 1 13 3 2 -1.483 5.246 -2.298
SPIN 1 13 3 3 2.244 4.976 -2.283
SPIN 1 13 3 4 -1.161 5.700 -1.079
SPIN 1 13 3 5 -1.811 4.980 2.630
SPIN 1 13 3 6 0.315 -5.174 -2.851
SPIN 1 13 3 7 3.757 -2.765 3.638
SPIN 1 13 3 8 -3.568 -1.574 -4.449
SPIN 1 13 3 9 -0.933 3.039 4.989
SPIN 1 13 3 10 1.994 -5.271 -1.799
SPIN 1 13 3 11 -4.779 -3.465 0.390
SPIN 1 13 3 12 3.517 1.858 -4.380
SPIN 1 13 3 13 -1.780 -4.421 3.505
SPIN 1 13 3 14 -5.279 0.322 -2.651
SPIN 1 13 3 15 5.734 -1.433 0.265
SPIN 4 13 3 0 0.351 -3.366 -4.853
SPIN 4 13 3 1 -0.279 4.003 -4.347
SPIN 4 13 3 2 -1.129 -5.364 2.225
SPIN 4 13 3 3 -4.871 2.688 2.012
SPIN 4 13 3 4 5.524 1.546 -1.448
SPIN 4 13 3 5 -1.342 -5.167 -2.550
SPIN 4 13 3 6 1.236 5.784 -0.134
SPIN 4 13 3 7 5.353 -1.768 -1.795
SPIN 4 13 3 8 4.380 3.835 -1.052
SPIN 4 13 3 9 -0.490 -4.429 -3.891
SPIN 4 13 3 10 -1.668 5.210 -2.252
SPIN 4 13 3 11 1.216 4.615 3.496
SPIN 4 13 3 12 2.936 2.141 -4.669
SPIN 4 13 3 13 -1.985 5.370 1.493
SPIN 4 13 3 14 -1.990 -0.973 -5.486
SPIN 4 13 3 15 0.461 -5.816 -0.983
SPIN 1 13 4 0 -1.722 -4.082 -3.920
SPIN 1 13 4 1 -1.882 -4.805 -2.893
SPIN 1 13 4 2 -0.525 5.814 0.958
SPIN 1 13 4 3 4.737 -3.535 -0.264
SPIN 1 13 4 4 1.597 -5.696 0.064
SPIN 1 13 4 5 2.148 1.712 -5.240
SPIN 1 13 4 6 -5.029 2.982 -0.904
SPIN 1 13 4 7 4.000 -4.350 -0.270
SPIN 1 13 4 8 -2.326 -5.398 -0.669
SPIN 1 13 4 9 5.324 2.469 0.749
SPIN 1 13 4 10 -2.665 -1.438 -5.083
SPIN 1 13 4 11 4.523 0.897 -3.706
SPIN 1 13 4 12 5.193 1.627 -2.321
SPIN 1 13 4 13 -1.784 5.421 -1.560
SPIN 1 13 4 14 4.190 -4.173 -0.169
SPIN 1 13 4 15 -1.489 5.445 1.769
SPIN 4 13 4 0 3.040 -0.661 -5.032
SPIN 4 13 4 1 -2.012 -2.637 -4.899
SPIN 4 13 4 2 1.028 -3.241 4.842
SPIN 4 13 4 3 0.736 -4.221 -4.079
SPIN 4 13 4 4 -3.258 -3.208 -3.754
SPIN 4 13 4 5 0.798 3.659 4.579
SPIN 4 13 4 6 1.931 -0.791 -5.536
SPIN 4 13 4 7 -5.860 -0.428 0.694
SPIN 4 13 4 8 -5.498 -1.772 1.280
SPIN 4 13 4 9 -3.712 1.146 4.462
SPIN 4 13 4 10 5.594 -1.779 0.739
SPIN 4 13 4 11 -3.153 -1.843 -4.654
SPIN 4 13 4 12 0.298 3.901 -4.437
SPIN 4 13 4 13 -3.834 -4.252 1.489
SPIN 4 13 4 14 3.950 4.130 1.529
SPIN 4 13 4 15 -3.517 0.504 4.731
SPIN 1 13 5 0 5.707 1.097 -1.110
SPIN 1 13 5 1 1.395 5.313 -2.196
SPIN 1 13 5 2 4.028 -4.208 -1.035
SPIN 1 13 5 3 0.018 4.461 3.886
SPIN 1 13 5 4 -3.899 2.237 3.846
SPIN 1 13 5 5 -2.675 2.055 4.860
SPIN 1 13 5 6 3.291 0.580 -4.882
SPIN 1 13 5 7 1.843 -4.624 3.197
SPIN 1 13 5 8 3.684 -4.034 2.271
SPIN 1 13 5 9 -1.460 -3.932 -4.172
SPIN 1 13 5 10 -5.472 -0.589 -2.170
SPIN 1 13 5 11 -3.880 4.214 1.481
SPIN 1 13 5 12 0.692 -2.017 -5.518
SPIN 1 13 5 13 -2.649 -3.181 -4.227
SPIN 1 13 5 14 0.669 5.529 -1.997
SPIN 1 13 5 15 -4.439 -1.234 3.711
SPIN 4 13 5 0 -3.601 -2.785 3.778
SPIN 4 13 5 1 1.373 -5.716 0.667
SPIN 4 13 5 2 1.365 4.654 -3.387
SPIN 4 13 5 3 5.724 0.221 -1.480
SPIN 4 13 5 4 -4.968 -3.075 0.929
SPIN 4 13 5 5 -2.957 -2.688 -4.362
SPIN 4 13 5 6 -0.337 5.899 -0.301
SPIN 4 13 5 7 -2.282 2.300 -4.950
SPIN 4 13 5 8 2.711 -2.950 4.353
SPIN 4 13 5 9 3.053 -4.747 -1.773
SPIN 4 13 5 10 0.837 5.782 0.934
SPIN 4 13 5 11 2.805 -3.385 -3.959
SPIN 4 13 5 12 -3.044 4.778 -1.705
SPIN 4 13 5 13 3.526 -4.750 -0.055
SPIN 4 13 5 14 -2.754 3.286 -4.077
SPIN 4 13 5 15 4.216 -4.112 -0.560
SPIN 1 13 6 0 -2.873 2.732 4.391
SPIN 1 13 6 1 1.598 -4.825 -3.027
SPIN 1 13 6 2 -1.988 3.519 -4.321
SPIN 1 13 6 3 -5.703 -1.124 1.098
SPIN 1 13 6 4 0.715 -5.673 -1.518
SPIN 1 13 6 5 4.608 3.648 0.678
SPIN 1 13 6 6 -0.832 -5.120 2.844
SPIN 1 13 6 7 -1.469 1.529 -5.523
SPIN 1 13 6 8 -4.308 2.725 3.003
SPIN 1 13 6 9 3.342 4.613 1.597
SPIN 1 13 6 10 -2.856 1.155 5.051
SPIN 1 13 6 11 2.883 -3.537 3.765
SPIN 1 13 6 12 -2.669 5.208 0.865
SPIN 1 13 6 13 3.642 3.347 3.246
SPIN 1 13 6 14 1.079 -3.574 4.590
SPIN 1 13 6 15 2.857 -1.614 -4.922
SPIN 4 13 6 0 -5.901 0.417 0.024
SPIN 4 13 6 1 2.747 3.649 -3.760
SPIN 4 13 6 2 0.364 -5.478 2.204
SPIN 4 13 6 3 -4.683 2.251 -2.829
SPIN 4 13 6 4 4.414 -2.364 -3.151
SPIN 4 13 6 5 4.374 3.327 -2.191
SPIN 4 13 6 6 3.471 -3.600 -3.161
SPIN 4 13 6 7 1.238 -2.446 5.243
SPIN 4 13 6 8 0.115 2.523 -5.350
SPIN 4 13 6 9 -1.998 4.372 3.448
SPIN 4 13 6 10 -1.411 2.080 -5.356
SPIN 4 13 6 11 -3.830 4.200 -1.638
SPIN 4 13 6 12 -2.130 -5.330 -1.432
SPIN 4 13 6 13 4.318 -3.465 2.086
SPIN 4 13 6 14 -2.440 -3.080 4.423
SPIN 4 13 6 15 2.858 4.398 2.737
SPIN 1 13 7 0 -2.378 -0.665 5.376
SPIN 1 13 7 1 0.016 -5.442 2.320
SPIN 1 13 7 2 -1.776 -4.832 -2.915
SPIN 1 13 7 3 0.218 -5.290 -2.640
SPIN 1 13 7 4 0.579 5.415 -2.313
SPIN 1 13 7 5 -0.200 -1.534 5.710
SPIN 1 13 7 6 3.253 4.378 2.291
SPIN 1 13 7 7 2.285 3.440 -4.236
SPIN 1 13 7 8 -1.995 -2.188 -5.122
SPIN 1 13 7 9 4.309 -0.731 -3.987
SPIN 1 13 7 10 3.078 -1.328 -4.875
SPIN 1 13 7 11 -3.993 -2.586 3.517
SPIN 1 13 7 12 1.336 5.756 -0.279
SPIN 1 13 7 13 4.277 -0.232 4.080
SPIN 1 13 7 14 -4.935 3.261 0.095
SPIN 1 13 7 15 -2.115 -1.409 -5.342
SPIN 4 13 7 0 -2.639 4.293 -3.100
SPIN 4 13 7 1 -0.003 -2.033 5.556
SPIN 4 13 7 2 2.929 4.099 -3.102
SPIN 4 13 7 3 2.234 -1.396 5.297
SPIN 4 13 7 4 -5.439 -1.560 -1.728
SPIN 4 13 7 5 -3.866 -4.050 1.911
SPIN 4 13 7 6 5.900 -0.246 -0.367
SPIN 4 13 7 7 -5.910 -0.251 -0.057
SPIN 4 13 7 8 -4.640 -2.664 2.524
SPIN 4 13 7 9 4.224 -2.035 -3.608
SPIN 4 13 7 10 3.806 -0.025 4.529
SPIN 4 13 7 11 -4.117 3.796 1.909
SPIN 4 13 7 12 0.393 -5.548 -2.016
SPIN 4 13 7 13 -4.278 -2.588 3.163
SPIN 4 13 7 14 4.464 2.389 -3.061
SPIN 4 13 7 15 -3.778 -3.319 3.117
SPIN 1 13 8 0 0.137 3.377 -4.856
SPIN 1 13 8 1 3.509 -3.207 -3.522
SPIN 1 13 8 2 -3.859 -0.185 4.480
SPIN 1 13 8 3 -2.208 -5.378 1.095
SPIN 1 13 8 4 0.160 -1.864 5.612
SPIN 1 13 8 5 -5.623 0.971 1.563
SPIN 1 13 8 6 -0.116 -5.546 -2.055
SPIN 1 13 8 7 4.163 2.992 2.953
SPIN 1 13 8 8 -5.723 -0.293 -1.469
SPIN 1 13 8 9 -4.028 4.184 1.126
SPIN 1 13 8 10 -2.296 3.527 4.158
SPIN 1 13 8 11 5.230 -2.639 -0.829
SPIN 1 13 8 12 4.919 1.713 -2.806
SPIN 1 13 8 13 -5.165 1.833 2.227
SPIN 1 13 8 14 2.236 0.138 5.476
SPIN 1 13 8 15 -4.816 3.014 1.648
SPIN 4 13 8 0 -0.288 -5.909 -0.006
SPIN 4 13 8 1 0.246 4.877 -3.339
SPIN 4 13 8 2 2.115 5.086 2.159
SPIN 4 13 8 3 4.191 -2.103 -3.608
SPIN 4 13 8 4 -1.323 2.444 -5.223
SPIN 4 13 8 5 4.496 3.816 -0.468
SPIN 4 13 8 6 -3.316 4.841 -0.753
SPIN 4 13 8 7 3.990 2.281 3.725
SPIN 4 13 8 8 1.171 4.883 -3.129
SPIN 4 13 8 9 -4.484 3.810 0.610
SPIN 4 13 8 10 -4.607 2.228 -2.968
SPIN 4 13 8 11 1.234 1.836 -5.487
SPIN 4 13 8 12 3.758 -1.611 4.276
SPIN 4 13 8 13 4.630 0.738 -3.608
SPIN 4 13 8 14 -0.253 -3.366 4.859
SPIN 4 13 8 15 -1.763 -5.387 1.694
SPIN 1 13 9 0 0.116 -5.441 2.320
SPIN 1 13 9 1 -3.285 -4.664 -1.567
SPIN 1 13 9 2 -1.470 -4.788 -3.148
SPIN 1 13 9 3 -1.359 2.567 -5.154
SPIN 1 13 9 4 -2.352 4.211 3.426
SPIN 1 13 9 5 4.783 -2.717 -2.176
SPIN 1 13 9 6 -5.104 2.226 1.998
SPIN 1 13 9 7 4.837 2.998 1.618
SPIN 1 13 9 8 -1.978 5.390 -1.425
SPIN 1 13 9 9 -5.714 -0.470 -1.458
SPIN 1 13 9 10 2.627 -4.371 -2.998
SPIN 1 13 9 11 0.128 0.713 5.872
SPIN 1 13 9 12 -1.583 -5.082 2.582
SPIN 1 13 9 13 2.679 5.258 0.421
SPIN 1 13 9 14 1.130 -4.132 -4.080
SPIN 1 13 9 15 1.497 5.614 -1.113
SPIN 4 13 9 0 -3.859 2.839 -3.471
SPIN 4 13 9 1 0.054 5.915 -0.097
SPIN 4 13 9 2 1.373 1.213 5.625
SPIN 4 13 9 3 -5.156 0.007 2.900
SPIN 4 13 9 4 5.780 0.996 -0.774
SPIN 4 13 9 5 -3.525 -1.671 4.447
SPIN 4 13 9 6 1.461 -4.159 3.946
SPIN 4 13 9 7 -2.650 -4.769 2.289
SPIN 4 13 9 8 2.168 4.496 3.176
SPIN 4 13 9 9 -2.040 -3.486 4.323
SPIN 4 13 9 10 1.737 1.784 -5.367
SPIN 4 13 9 11 1.291 0.489 5.753
SPIN 4 13 9 12 -2.984 0.949 -5.019
SPIN 4 13 9 13 -0.040 2.785 5.220
SPIN 4 13 9 14 -4.875 -0.531 -3.309
SPIN 4 13 9 15 1.830 -4.589 -3.255
SPIN 1 13 10 0 -4.936 2.317 2.295
SPIN 1 13 10 1 2.347 5.422 0.309
SPIN 1 13 10 2 -5.824 0.846 0.600
SPIN 1 13 10 3 4.451 -1.914 -3.394
SPIN 1 13 10 4 -2.055 -2.470 -4.967
SPIN 1 13 10 5 -5.003 2.620 1.762
SPIN 1 13 10 6 -4.278 2.725 -3.045
SPIN 1 13 10 7 -2.183 -4.647 2.939
SPIN 1 13 10 8 -1.001 -5.067 -2.886
SPIN 1 13 10 9 1.372 2.889 -4.977
SPIN 1 13 10 10 2.956 5.123 0.136
SPIN 1 13 10 11 -5.245 0.569 -2.677
SPIN 1 13 10 12 2.696 -5.197 0.852
SPIN 1 13 10 13 1.497 -4.962 2.853
SPIN 1 13 10 14 2.400 3.156 4.391
SPIN 1 13 10 15 4.500 -3.736 0.891
SPIN 4 13 10 0 2.927 -4.783 -1.887
SPIN 4 13 10 1 3.364 -0.987 4.766
SPIN 4 13 10 2 1.774 -2.153 -5.217
SPIN 4 13 10 3 0.958 -1.849 5.538
SPIN 4 13 10 4 3.315 1.026 4.791
SPIN 4 13 10 5 1.798 -5.063 -2.477
SPIN 4 13 10 6 0.670 5.786 -1.039
SPIN 4 13 10 7 -4.680 -3.619 0.052
SPIN 4 13 10 8 3.369 0.862 -4.786
SPIN 4 13 10 9 -2.387 4.111 3.522
SPIN 4 13 10 10 0.901 -5.230 2.615
SPIN 4 13 10 11 -5.760 -0.999 0.911
SPIN 4 13 10 12 -3.485 0.743 4.723
SPIN 4 13 10 13 2.405 -5.065 1.888
SPIN 4 13 10 14 -4.487 3.607 1.364
SPIN 4 13 10 15 5.820 0.400 0.981
SPIN 1 13 11 0 -1.240 5.424 -2.012
SPIN 1 13 11 1 1.137 -4.249 3.957
SPIN 1 13 11 2 2.081 1.091 -5.429
SPIN 1 13 11 3 -0.212 5.532 -2.087
SPIN 1 13 11 4 -1.529 -4.192 -3.885
SPIN 1 13 11 5 0.159 3.309 4.902
SPIN 1 13 11 6 -1.088 -3.185 -4.865
SPIN 1 13 11 7 -4.105 -0.294 4.250
SPIN 1 13 11 8 -5.693 1.248 -1.019
SPIN 1 13 11 9 5.736 -0.441 -1.382
SPIN 1 13 11 10 3.323 4.057 -2.738
SPIN 1 13 11 11 1.473 5.641 1.006
SPIN 1 13 11 12 -1.959 5.581 -0.101
SPIN 1 13 11 13 -0.336 -5.157 2.880
SPIN 1 13 11 14 0.399 3.186 -4.969
SPIN 1 13 11 15 3.939 -4.166 1.457
SPIN 4 13 11 0 2.619 4.562 2.708
SPIN 4 13 11 1 -0.694 2.395 -5.365
SPIN 4 13 11 2 -5.410 0.982 2.183
SPIN 4 13 11 3 0.711 4.400 3.890
SPIN 4 13 11 4 -2.518 -2.050 4.945
SPIN 4 13 11 5 -0.490 -1.002 5.810
SPIN 4 13 11 6 -3.709 -4.547 0.757
SPIN 4 13 11 7 -0.541 -4.156 4.175
SPIN 4 13 11 8 2.633 4.602 -2.624
SPIN 4 13 11 9 -2.824 -3.468 3.873
SPIN 4 13 11 10 -5.488 -2.187 -0.307
SPIN 4 13 11 11 2.831 -5.194 -0.105
SPIN 4 13 11 12 5.303 -2.518 -0.733
SPIN 4 13 11 13 -2.881 5.039 1.141
SPIN 4 13 11 14 -1.326 -5.348 2.154
SPIN 4 13 11 15 -5.715 1.519 -0.191
SPIN 1 13 12 0 -0.289 -0.277 5.903
SPIN 1 13 12 1 1.401 3.752 -4.354
SPIN 1 13 12 2 5.833 0.653 0.742
SPIN 1 13 12 3 1.156 -4.747 3.337
SPIN 1 13 12 4 1.622 -1.837 5.385
SPIN 1 13 12 5 -2.701 1.525 -5.038
SPIN 1 13 12 6 1.046 -3.150 -4.897
SPIN 1 13 12 7 1.698 -5.517 1.296
SPIN 1 13 12 8 -3.520 4.522 1.470
SPIN 1 13 12 9 1.250 -1.717 -5.522
SPIN 1 13 12 10 -3.907 -2.919 -3.349
SPIN 1 13 12 11 4.731 -1.181 3.350
SPIN 1 13 12 12 -4.128 3.796 1.884
SPIN 1 13 12 13 -4.641 -0.495 3.635
SPIN 1 13 12 14 -4.392 0.552 -3.925
SPIN 1 13 12 15 -1.358 -3.502 4.571
SPIN 4 13 12 0 1.795 2.639 -4.982
SPIN 4 13 12 1 -5.203 -2.096 -1.879
SPIN 4 13 12 2 -5.687 1.619 0.190
SPIN 4 13 12 3 -3.556 2.727 3.863
SPIN 4 13 12 4 3.511 0.041 4.761
SPIN 4 13 12 5 -0.097 -0.290 5.908
SPIN 4 13 12 6 -5.329 -0.599 -2.498
SPIN 4 13 12 7 2.936 4.257 -2.875
SPIN 4 13 12 8 -2.021 5.548 -0.362
SPIN 4 13 12 9 -5.216 1.463 -2.379
SPIN 4 13 12 10 1.541 -5.563 -1.294
SPIN 4 13 12 11 5.206 1.189 2.546
SPIN 4 13 12 12 1.830 -0.166 5.624
SPIN 4 13 12 13 3.036 -2.674 4.317
SPIN 4 13 12 14 3.136 1.203 -4.870
SPIN 4 13 12 15 -1.034 1.808 -5.537
SPIN 1 13 13 0 5.457 2.202 0.606
SPIN 1 13 13 1 2.976 -3.685 3.545
SPIN 1 13 13 2 -4.527 3.755 0.635
SPIN 1 13 13 3 -0.679 -5.266 -2.609
SPIN 1 13 13 4 -2.656 -5.110 1.355
SPIN 1 13 13 5 0.575 4.015 4.307
SPIN 1 13 13 6 -1.831 -5.625 0.066
SPIN 1 13 13 7 1.165 -1.157 5.684
SPIN 1 13 13 8 -1.962 -3.280 4.516
SPIN 1 13 13 9 -4.202 2.853 3.034
SPIN 1 13 13 10 -1.342 4.942 -2.962
SPIN 1 13 13 11 -3.108 0.203 -5.030
SPIN 1 13 13 12 4.567 1.129 3.587
SPIN 1 13 13 13 2.692 4.193 -3.190
SPIN 1 13 13 14 2.600 2.767 -4.537
SPIN 1 13 13 15 -5.391 -1.402 1.993
SPIN 4 13 13 0 -0.662 -4.885 -3.270
SPIN 4 13 13 1 0.471 0.146 -5.895
SPIN 4 13 13 2 2.895 -0.191 -5.156
SPIN 4 13 13 3 5.662 -0.975 -1.413
SPIN 4 13 13 4 -1.908 -5.480 1.152
SPIN 4 13 13 5 5.369 -2.264 -1.023
SPIN 4 13 13 6 -4.240 -2.475 -3.301
SPIN 4 13 13 7 5.480 0.401 -2.194
SPIN 4 13 13 8 0.659 -4.495 -3.790
SPIN 4 13 13 9 -1.705 1.952 5.318
SPIN 4 13 13 10 4.869 -3.235 -0.911
SPIN 4 13 13 11 1.538 -5.176 2.418
SPIN 4 13 13 12 3.500 4.748 -0.454
SPIN 4 13 13 13 0.368 -3.444 -4.796
SPIN 4 13 13 14 -4.007 1.406 4.119
SPIN 4 13 13 15 5.387 -1.466 -1.956
SPIN 1 13 14 0 -5.491 -0.321 2.178
SPIN 1 13 14 1 -4.870 2.773 -1.897
SPIN 1 13 14 2 2.912 -2.289 4.613
SPIN 1 13 14 3 -4.706 3.390 1.169
SPIN 1 13 14 4 3.419 3.294 3.529
SPIN 1 13 14 5 0.896 0.219 -5.844
SPIN 1 13 14 6 -1.136 2.125 -5.403
SPIN 1 13 14 7 2.843 -5.188 0.034
SPIN 1 13 14 8 -5.778 1.110 -0.622
SPIN 1 13 14 9 3.139 4.629 -1.928
SPIN 1 13 14 10 -0.044 -5.295 -2.639
SPIN 1 13 14 11 -0.197 3.480 -4.781
SPIN 1 13 14 12 -5.272 -2.288 -1.402
SPIN 1 13 14 13 3.728 3.637 -2.807
SPIN 1 13 14 14 -3.071 4.477 2.351
SPIN 1 13 14 15 5.391 0.345 -2.412
SPIN 4 13 14 0 -3.223 -4.668 -1.678
SPIN 4 13 14 1 1.821 0.193 -5.625
SPIN 4 13 14 2 5.774 0.438 1.213
SPIN 4 13 14 3 2.415 0.074 -5.400
SPIN 4 13 14 4 -3.816 4.506 0.377
SPIN 4 13 14 5 -5.437 -0.476 2.284
SPIN 4 13 14 6 -5.820 1.042 -0.200
SPIN 4 13 14 7 1.639 5.681 0.192
SPIN 4 13 14 8 -2.298 -2.270 4.957
SPIN 4 13 14 9 0.758 -5.867 0.033
SPIN 4 13 14 10 -2.591 5.076 1.588
SPIN 4 13 14 11 2.464 4.262 -3.281
SPIN 4 13 14 12 4.844 -0.750 -3.313
SPIN 4 13 14 13 -4.197 3.738 1.849
SPIN 4 13 14 14 -3.485 -4.731 -0.689
SPIN 4 13 14 15 5.442 0.790 -2.183
SPIN 1 13 15 0 1.238 4.936 3.017
SPIN 1 13 15 1 -0.238 2.608 5.305
SPIN 1 13 15 2 -5.143 -2.581 1.374
SPIN 1 13 15 3 -0.304 -3.340 4.874
SPIN 1 13 15 4 4.724 -3.526 0.497
SPIN 1 13 15 5 -0.743 -1.656 5.631
SPIN 1 13 15 6 -0.438 4.824 3.396
SPIN 1 13 15 7 -3.685 0.531 -4.598
SPIN 1 13 15 8 5.801 -0.815 0.824
SPIN 1 13 15 9 0.264 5.895 -0.426
SPIN 1 13 15 10 2.302 -4.325 3.316
SPIN 1 13 15 11 3.403 0.037 -4.839
SPIN 1 13 15 12 5.760 -0.403 1.289
SPIN 1 13 15 13 5.571 0.773 1.834
SPIN 1 13 15 14 -1.384 -2.269 -5.285
SPIN 1 13 15 15 -3.869 -0.767 -4.409
SPIN 4 13 15 0 5.167 1.360 -2.541
SPIN 4 13 15 1 -1.417 -3.922 -4.196
SPIN 4 13 15 2 -0.759 3.856 4.422
SPIN 4 13 15 3 -0.866 -5.221 2.643
SPIN 4 13 15 4 0.720 -3.028 -5.031
SPIN 4 13 15 5 5.235 -1.810 -2.079
SPIN 4 13 15 6 3.326 4.256 2.413
SPIN 4 13 15 7 -1.050 -3.075 -4.944
SPIN 4 13 15 8 0.986 -3.707 4.504
SPIN 4 13 15 9 2.217 -0.990 -5.395
SPIN 4 13 15 10 -1.077 -0.453 5.800
SPIN 4 13 15 11 -4.244 0.219 -4.116
SPIN 4 13 15 12 0.570 -5.632 -1.719
SPIN 4 13 15 13 -5.025 -2.161 2.255
SPIN 4 13 15 14 4.253 0.366 -4.097
SPIN 4 13 15 15 -5.087 2.997 -0.380
SPIN 3 13 0 0 1.112 5.533 1.773
SPIN 3 13 0 1 4.005 -2.012 -3.862
SPIN 3 13 0 2 1.158 -5.674 -1.213
SPIN 3 13 0 3 1.251 5.724 -0.815
SPIN 3 13 0 4 4.442 -1.357 -3.664
SPIN 3 13 0 5 1.594 4.640 3.306
SPIN 3 13 0 6 5.420 -0.220 -2.361
SPIN 3 13 0 7 -0.954 -3.439 4.718
SPIN 3 13 0 8 3.817 -3.708 -2.585
SPIN 3 13 0 9 4.815 0.732 3.358
SPIN 3 13 0 10 -3.654 4.554 0.953
SPIN 3 13 0 11 1.215 -2.468 5.238
SPIN 3 13 0 12 -2.967 2.825 -4.268
SPIN 3 13 0 13 -3.847 -2.978 -3.366
SPIN 3 13 0 14 -3.587 0.969 4.604
SPIN 3 13 0 15 -1.033 -0.344 -5.815
SPIN 2 13 0 0 -4.048 4.052 -1.481
SPIN 2 13 0 1 3.661 -3.859 2.590
SPIN 2 13 0 2 -1.253 0.048 -5.782
SPIN 2 13 0 3 -2.267 5.108 1.942
SPIN 2 13 0 4 5.731 -1.459 -0.153
SPIN 2 13 0 5 -5.511 1.777 1.214
SPIN 2 13 0 6 2.828 5.064 1.167
SPIN 2 13 0 7 2.112 3.708 -4.097
SPIN 2 13 0 8 -1.941 0.224 5.584
SPIN 2 13 0 9 2.625 3.184 -4.239
SPIN 2 13 0 10 3.304 0.353 4.895
SPIN 2 13 0 11 -5.441 2.188 0.783
SPIN 2 13 0 12 3.823 -0.618 4.472
SPIN 2 13 0 13 -5.889 0.487 0.286
SPIN 2 13 0 14 4.196 -1.807 -3.759
SPIN 2 13 0 15 2.897 0.409 -5.142
SPIN 3 13 1 0 -2.876 -3.500 -3.805
SPIN 3 13 1 1 4.614 3.401 1.464
SPIN 3 13 1 2 -2.260 -3.604 4.111
SPIN 3 13 1 3 1.778 3.001 -4.778
SPIN 3 13 1 4 -1.049 -5.819 -0.186
SPIN 3 13 1 5 3.963 -2.051 -3.884
SPIN 3 13 1 6 -3.954 -0.686 -4.347
SPIN 3 13 1 7 5.686 1.633 0.040
SPIN 3 13 1 8 -3.717 1.896 -4.194
SPIN 3 13 1 9 -1.646 4.497 -3.474
SPIN 3 13 1 10 -0.293 3.856 -4.477
SPIN 3 13 1 11 1.442 0.552 5.711
SPIN 3 13 1 12 2.899 3.500 -3.788
SPIN 3 13 1 13 -2.197 1.467 5.293
SPIN 3 13 1 14 0.500 3.829 -4.482
SPIN 3 13 1 15 -0.681 5.272 2.597
SPIN 2 13 1 0 1.691 -4.261 3.740
SPIN 2 13 1 1 -3.561 4.535 1.322
SPIN 2 13 1 2 -5.527 -1.707 -1.241
SPIN 2 13 1 3 -4.273 -2.189 -3.457
SPIN 2 13 1 4 2.249 3.149 -4.475
SPIN 2 13 1 5 0.394 -5.431 -2.312
SPIN 2 13 1 6 3.040 1.052 4.965
SPIN 2 13 1 7 1.841 4.361 -3.549
SPIN 2 13 1 8 5.595 -1.732 0.833
SPIN 2 13 1 9 1.516 3.168 4.761
SPIN 2 13 1 10 -1.346 -4.634 3.423
SPIN 2 13 1 11 0.923 -1.865 -5.538
SPIN 2 13 1 12 -5.816 0.543 0.937
SPIN 2 13 1 13 4.703 2.975 -2.007
SPIN 2 13 1 14 -2.395 -5.408 0.105
SPIN 2 13 1 15 -3.417 4.707 -1.082
SPIN 3 13 2 0 5.492 2.140 -0.510
SPIN 3 13 2 1 -0.626 -3.334 -4.847
SPIN 3 13 2 2 -3.377 -2.050 4.404
SPIN 3 13 2 3 -0.315 -5.828 0.965
SPIN 3 13 2 4 3.965 -1.245 4.211
SPIN 3 13 2 5 2.020 -1.266 -5.414
SPIN 3 13 2 6 -3.231 -2.874 -4.037
SPIN 3 13 2 7 3.634 -2.886 3.669
SPIN 3 13 2 8 0.801 -3.060 5.000
SPIN 3 13 2 9 2.008 -5.007 -2.429
SPIN 3 13 2 10 -3.432 1.748 4.491
SPIN 3 13 2 11 -4.558 -0.232 -3.764
SPIN 3 13 2 12 5.823 0.958 -0.419
SPIN 3 13 2 13 -5.579 0.031 1.968
SPIN 3 13 2 14 -5.219 1.795 2.132
SPIN 3 13 2 15 4.452 3.833 0.696
SPIN 2 13 2 0 -5.170 0.921 -2.724
SPIN 2 13 2 1 0.749 -2.700 -5.211
SPIN 2 13 2 2 -0.032 2.660 5.284
SPIN 2 13 2 3 -4.488 -3.754 -0.873
SPIN 2 13 2 4 -0.460 4.525 3.783
SPIN 2 13 2 5 2.778 -1.078 5.111
SPIN 2 13 2 6 -1.797 0.034 -5.637
SPIN 2 13 2 7 3.029 0.540 5.053
SPIN 2 13 2 8 -0.954 5.285 2.482
SPIN 2 13 2 9 -1.065 -2.362 -5.319
SPIN 2 13 2 10 -4.159 3.651 2.090
SPIN 2 13 2 11 2.879 0.985 5.074
SPIN 2 13 2 12 2.140 3.291 -4.426
SPIN 2 13 2 13 -2.129 -5.315 1.490
SPIN 2 13 2 14 -0.196 -2.926 -5.138
SPIN 2 13 2 15 -3.273 -0.779 4.866
SPIN 3 13 3 0 -4.812 0.283 3.430
SPIN 3 13 3 1 -2.406 1.245 -5.259
SPIN 3 13 3 2 2.929 -4.589 -2.315
SPIN 3 13 3 3 0.447 4.900 -3.284
SPIN 3 13 3 4 -1.757 -1.100 -5.541
SPIN 3 13 3 5 1.197 -1.292 5.648
SPIN 3 13 3 6 -1.333 -4.468 -3.641
SPIN 3 13 3 7 1.117 -3.670 4.504
SPIN 3 13 3 8 -3.566 0.712 -4.667
SPIN 3 13 3 9 -4.278 -4.056 -0.491
SPIN 3 13 3 10 -4.613 3.362 -1.556
SPIN 3 13 3 11 4.422 -3.516 -1.756
SPIN 3 13 3 12 -1.132 5.001 2.951
SPIN 3 13 3 13 2.513 -4.722 -2.527
SPIN 3 13 3 14 5.482 -2.221 0.113
SPIN 3 13 3 15 3.453 -3.130 3.645
SPIN 2 13 3 0 0.180 1.162 5.798
SPIN 2 13 3 1 2.480 -0.529 5.345
SPIN 2 13 3 2 5.899 -0.445 0.018
SPIN 2 13 3 3 -3.165 -0.681 4.952
SPIN 2 13 3 4 0.244 0.393 -5.898
SPIN 2 13 3 5 1.913 -3.212 4.585
SPIN 2 13 3 6 4.505 -3.737 0.864
SPIN 2 13 3 7 -4.513 3.223 2.061
SPIN 2 13 3 8 5.332 -1.921 1.697
SPIN 2 13 3 9 -2.129 -0.593 5.488
SPIN 2 13 3 10 -4.307 -0.309 4.044
SPIN 2 13 3 11 1.077 -2.697 -5.154
SPIN 2 13 3 12 0.762 3.667 4.580
SPIN 2 13 3 13 -3.459 -3.469 -3.317
SPIN 2 13 3 14 -2.851 -0.466 5.163
SPIN 2 13 3 15 0.492 5.879 -0.442
SPIN 3 13 4 0 4.783 3.474 -0.239
SPIN 3 13 4 1 3.500 -1.404 4.558
SPIN 3 13 4 2 -1.770 2.358 -5.129
SPIN 3 13 4 3 -1.488 -1.397 5.553
SPIN 3 13 4 4 -3.314 -2.916 -3.939
SPIN 3 13 4 5 4.176 0.459 -4.166
SPIN 3 13 4 6 1.239 4.353 3.810
SPIN 3 13 4 7 2.582 3.246 -4.219
SPIN 3 13 4 8 4.710 0.849 3.478
SPIN 3 13 4 9 3.616 -1.992 -4.238
SPIN 3 13 4 10 -1.886 -5.203 2.090
SPIN 3 13 4 11 -3.935 0.209 -4.413
SPIN 3 13 4 12 2.680 -0.786 5.216
SPIN 3 13 4 13 -0.028 5.378 -2.466
SPIN 3 13 4 14 -3.337 -4.137 2.597
SPIN 3 13 4 15 -4.681 -0.597 3.569
SPIN 2 13 4 0 5.523 -1.696 -1.273
SPIN 2 13 4 1 1.677 -3.501 4.464
SPIN 2 13 4 2 -3.171 4.909 -0.922
SPIN 2 13 4 3 -2.728 -2.225 4.754
SPIN 2 13 4 4 0.050 -5.313 2.601
SPIN 2 13 4 5 -1.406 5.723 -0.520
SPIN 2 13 4 6 1.967 -2.033 -5.196
SPIN 2 13 4 7 0.657 -4.886 -3.270
SPIN 2 13 4 8 5.836 0.971 0.034
SPIN 2 13 4 9 3.114 4.488 2.272
SPIN 2 13 4 10 -4.902 3.269 -0.534
SPIN 2 13 4 11 4.992 1.823 -2.598
SPIN 2 13 4 12 -4.028 -4.088 1.436
SPIN 2 13 4 13 -0.319 -1.268 -5.770
SPIN 2 13 4 14 -0.577 -1.523 5.687
SPIN 2 13 4 15 -0.685 -0.348 -5.866
SPIN 3 13 5 0 3.187 3.984 2.995
SPIN 3 13 5 1 4.665 -3.463 1.115
SPIN 3 13 5 2 2.046 -5.550 0.118
SPIN 3 13 5 3 -1.484 2.732 -5.033
SPIN 3 13 5 4 4.115 -0.267 -4.242
SPIN 3 13 5 5 -4.715 2.549 2.505
SPIN 3 13 5 6 -2.706 2.410 -4.676
SPIN 3 13 5 7 -4.615 3.701 -0.011
SPIN 3 13 5 8 3.256 3.910 3.019
SPIN 3 13 5 9 0.354 -1.747 -5.641
SPIN 3 13 5 10 3.058 4.162 2.886
SPIN 3 13 5 11 -5.744 0.645 1.260
SPIN 3 13 5 12 5.650 1.603 -0.714
SPIN 3 13 5 13 -0.851 -5.667 1.469
SPIN 3 13 5 14 -0.916 -2.614 -5.227
SPIN 3 13 5 15 -2.313 -1.332 -5.280
SPIN 2 13 5 0 4.021 -3.318 2.797
SPIN 2 13 5 1 -2.701 1.696 -4.983
SPIN 2 13 5 2 2.439 -4.685 2.664
SPIN 2 13 5 3 2.687 3.331 -4.085
SPIN 2 13 5 4 1.509 -4.167 3.919
SPIN 2 13 5 5 0.985 -3.288 4.818
SPIN 2 13 5 6 -3.233 3.239 3.750
SPIN 2 13 5 7 1.682 -5.411 -1.700
SPIN 2 13 5 8 -2.390 5.203 1.491
SPIN 2 13 5 9 -0.836 -4.933 -3.157
SPIN 2 13 5 10 -3.398 1.915 -4.448
SPIN 2 13 5 11 -5.222 -2.686 0.723
SPIN 2 13 5 12 5.614 1.798 -0.499
SPIN 2 13 5 13 -2.639 2.449 -4.694
SPIN 2 13 5 14 -5.334 1.995 -1.604
SPIN 2 13 5 15 -1.044 -1.226 5.693
SPIN 3 13 6 0 -2.140 -5.502 0.390
SPIN 3 13 6 1 -4.881 2.924 1.620
SPIN 3 13 6 2 5.122 2.343 -1.811
SPIN 3 13 6 3 0.895 1.863 -5.543
SPIN 3 13 6 4 -2.113 1.382 5.350
SPIN 3 13 6 5 4.885 -2.402 -2.316
SPIN 3 13 6 6 -4.545 -3.476 1.503
SPIN 3 13 6 7 0.160 -5.030 3.111
SPIN 3 13 6 8 3.428 1.438 -4.602
SPIN 3 13 6 9 -5.722 1.448 -0.395
SPIN 3 13 6 10 3.797 -4.302 1.442
SPIN 3 13 6 11 0.893 4.581 -3.636
SPIN 3 13 6 12 3.420 -4.110 2.532
SPIN 3 13 6 13 5.470 2.253 -0.049
SPIN 3 13 6 14 1.922 2.911 -4.778
SPIN 3 13 6 15 -3.800 4.016 2.105
SPIN 2 13 6 0 0.637 -1.768 5.610
SPIN 2 13 6 1 4.303 -0.810 3.979
SPIN 2 13 6 2 -0.401 0.231 5.898
SPIN 2 13 6 3 2.055 -4.853 2.688
SPIN 2 13 6 4 -1.563 5.447 -1.699
SPIN 2 13 6 5 1.355 -4.080 -4.064
SPIN 2 13 6 6 5.813 0.906 -0.621
SPIN 2 13 6 7 2.596 4.771 -2.345
SPIN 2 13 6 8 0.192 -5.230 2.759
SPIN 2 13 6 9 4.611 2.396 2.828
SPIN 2 13 6 10 -1.954 -4.305 3.557
SPIN 2 13 6 11 5.670 1.662 -0.293
SPIN 2 13 6 12 -4.437 -3.841 -0.749
SPIN 2 13 6 13 0.738 -5.844 -0.553
SPIN 2 13 6 14 4.543 3.656 0.996
SPIN 2 13 6 15 5.552 -1.487 -1.402
SPIN 3 13 7 0 3.074 3.250 3.871
SPIN 3 13 7 1 3.092 -4.565 -2.145
SPIN 3 13 7 2 3.628 1.169 -4.524
SPIN 3 13 7 3 -1.860 -3.465 4.420
SPIN 3 13 7 4 -0.556 0.958 -5.811
SPIN 3 13 7 5 -5.671 -0.273 1.664
SPIN 3 13 7 6 -2.720 -5.245 0.305
SPIN 3 13 7 7 0.492 3.520 4.729
SPIN 3 13 7 8 2.358 -1.348 5.256
SPIN 3 13 7 9 -1.717 -3.622 -4.351
SPIN 3 13 7 10 0.795 5.070 2.944
SPIN 3 13 7 11 3.137 -4.974 0.646
SPIN 3 13 7 12 0.855 5.197 -2.694
SPIN 3 13 7 13 4.979 -0.507 -3.155
SPIN 3 13 7 14 0.154 -3.761 4.564
SPIN 3 13 7 15 -0.461 5.456 -2.241
SPIN 2 13 7 0 1.544 -4.906 -2.924
SPIN 2 13 7 1 -1.629 4.464 3.524
SPIN 2 13 7 2 -1.084 4.783 -3.309
SPIN 2 13 7 3 -4.730 3.516 -0.513
SPIN 2 13 7 4 3.908 -0.499 4.413
SPIN 2 13 7 5 1.848 5.620 0.001
SPIN 2 13 7 6 -3.329 -4.742 -1.197
SPIN 2 13 7 7 -5.851 0.430 0.763
SPIN 2 13 7 8 4.654 -0.765 -3.571
SPIN 2 13 7 9 -0.397 -5.900 -0.185
SPIN 2 13 7 10 1.096 4.340 3.868
SPIN 2 13 7 11 -4.798 -2.063 -2.780
SPIN 2 13 7 12 5.304 -1.647 -2.038
SPIN 2 13 7 13 -2.242 -0.318 -5.466
SPIN 2 13 7 14 -3.752 -0.609 4.533
SPIN 2 13 7 15 2.166 2.216 -5.040
SPIN 3 13 8 0 -0.873 5.839 0.377
SPIN 3 13 8 1 1.197 -4.934 3.036
SPIN 3 13 8 2 2.255 -3.732 3.999
SPIN 3 13 8 3 -5.719 1.345 0.691
SPIN 3 13 8 4 2.151 -1.856 5.189
SPIN 3 13 8 5 5.155 -0.919 -2.753
SPIN 3 13 8 6 1.443 -1.133 5.625
SPIN 3 13 8 7 3.980 0.443 -4.355
SPIN 3 13 8 8 2.732 0.568 -5.217
SPIN 3 13 8 9 -0.602 -4.544 -3.740
SPIN 3 13 8 10 -4.557 1.344 -3.526
SPIN 3 13 8 11 3.468 2.657 -3.989
SPIN 3 13 8 12 2.206 -1.682 5.225
SPIN 3 13 8 13 -0.920 0.390 -5.831
SPIN 3 13 8 14 -3.515 -3.591 -3.122
SPIN 3 13 8 15 -3.009 -1.803 -4.764
SPIN 2 13 8 0 1.744 5.052 -2.537
SPIN 2 13 8 1 5.430 0.015 2.347
SPIN 2 13 8 2 -3.824 4.089 1.913
SPIN 2 13 8 3 1.676 -4.147 -3.872
SPIN 2 13 8 4 -5.029 -0.799 3.012
SPIN 2 13 8 5 -0.428 -3.935 -4.397
SPIN 2 13 8 6 -2.257 4.762 2.689
SPIN 2 13 8 7 -5.349 -0.937 2.348
SPIN 2 13 8 8 3.815 3.088 3.303
SPIN 2 13 8 9 -0.361 -3.838 4.488
SPIN 2 13 8 10 2.621 -1.928 4.941
SPIN 2 13 8 11 -2.302 5.356 1.005
SPIN 2 13 8 12 -1.217 -5.542 1.677
SPIN 2 13 8 13 -3.850 -0.588 -4.454
SPIN 2 13 8 14 5.448 2.255 -0.480
SPIN 2 13 8 15 -2.838 -4.185 -3.071
SPIN 3 13 9 0 5.064 1.914 2.386
SPIN 3 13 9 1 1.579 1.694 5.444
SPIN 3 13 9 2 -4.618 3.248 -1.768
SPIN 3 13 9 3 2.913 5.080 0.844
SPIN 3 13 9 4 -5.669 -0.966 -1.388
SPIN 3 13 9 5 3.753 1.916 4.153
SPIN 3 13 9 6 -4.386 -3.898 -0.757
SPIN 3 13 9 7 4.228 -2.601 -3.219
SPIN 3 13 9 8 -1.949 -3.101 4.646
SPIN 3 13 9 9 1.144 -2.994 -4.972
SPIN 3 13 9 10 3.377 4.408 2.041
SPIN 3 13 9 11 0.213 -5.030 3.107
SPIN 3 13 9 12 0.348 4.567 3.745
SPIN 3 13 9 13 2.230 -4.441 3.210
SPIN 3 13 9 14 2.117 3.674 4.126
SPIN 3 13 9 15 3.879 -1.545 4.191
SPIN 2 13 9 0 -3.915 4.345 -0.893
SPIN 2 13 9 1 -5.458 2.222 0.524
SPIN 2 13 9 2 0.016 -5.673 1.680
SPIN 2 13 9 3 4.055 -1.153 4.150
SPIN 2 13 9 4 4.384 -2.317 3.227
SPIN 2 13 9 5 4.670 0.969 3.501
SPIN 2 13 9 6 -3.805 -4.123 -1.876
SPIN 2 13 9 7 -0.128 -1.596 -5.695
SPIN 2 13 9 8 3.992 -4.291 -0.808
SPIN 2 13 9 9 0.848 -0.394 -5.842
SPIN 2 13 9 10 -3.886 3.250 -3.056
SPIN 2 13 9 11 -3.810 3.284 -3.114
SPIN 2 13 9 12 -3.736 3.078 -3.402
SPIN 2 13 9 13 -2.301 5.435 -0.409
SPIN 2 13 9 14 -3.117 -0.613 -4.991
SPIN 2 13 9 15 0.724 -2.866 5.124
SPIN 3 13 10 0 -0.427 4.673 3.603
SPIN 3 13 10 1 -1.524 -4.772 -3.147
SPIN 3 13 10 2 5.722 -1.056 -1.067
SPIN 3 13 10 3 -2.067 -3.243 -4.495
SPIN 3 13 10 4 5.711 -1.264 0.885
SPIN 3 13 10 5 0.772 4.105 4.190
SPIN 3 13 10 6 4.293 0.271 -4.062
SPIN 3 13 10 7 -0.170 3.672 4.635
SPIN 3 13 10 8 -5.469 -2.017 -1.011
SPIN 3 13 10 9 2.528 -0.118 5.348
SPIN 3 13 10 10 -4.879 -3.185 1.025
SPIN 3 13 10 11 -0.108 3.568 -4.718
SPIN 3 13 10 12 -4.962 -2.612 1.885
SPIN 3 13 10 13 5.612 1.853 -0.281
SPIN 3 13 10 14 0.644 -2.811 -5.166
SPIN 3 13 10 15 -2.880 0.426 5.150
SPIN 2 13 10 0 2.395 -2.007 5.024
SPIN 2 13 10 1 -3.853 3.529 -2.774
SPIN 2 13 10 2 1.403 3.907 4.215
SPIN 2 13 10 3 -1.715 2.150 5.238
SPIN 2 13 10 4 -1.558 5.401 1.843
SPIN 2 13 10 5 -3.545 0.112 -4.735
SPIN 2 13 10 6 -1.478 1.353 5.566
SPIN 2 13 10 7 2.045 -3.511 -4.300
SPIN 2 13 10 8 -5.666 -0.621 1.585
SPIN 2 13 10 9 5.075 -2.626 1.534
SPIN 2 13 10 10 -0.486 -3.392 -4.823
SPIN 2 13 10 11 2.985 0.138 5.106
SPIN 2 13 10 12 4.478 -3.824 -0.570
SPIN 2 13 10 13 4.223 3.407 -2.357
SPIN 2 13 10 14 2.729 5.225 -0.503
SPIN 2 13 10 15 -5.353 2.477 0.456
SPIN 3 13 11 0 1.019 4.802 3.302
SPIN 3 13 11 1 -5.634 0.680 -1.672
SPIN 3 13 11 2 2.392 0.545 5.383
SPIN 3 13 11 3 0.859 -1.258 5.717
SPIN 3 13 11 4 -3.898 -4.232 1.376
SPIN 3 13 11 5 -0.688 3.424 -4.776
SPIN 3 13 11 6 -4.347 3.695 -1.564
SPIN 3 13 11 7 1.968 5.514 0.848
SPIN 3 13 11 8 -1.754 -2.824 4.894
SPIN 3 13 11 9 -1.328 4.969 -2.923
SPIN 3 13 11 10 -5.066 -2.079 2.241
SPIN 3 13 11 11 0.977 -1.850 5.534
SPIN 3 13 11 12 -2.855 3.751 -3.574
SPIN 3 13 11 13 -3.025 0.597 -5.049
SPIN 3 13 11 14 4.691 -3.309 1.432
SPIN 3 13 11 15 2.265 5.334 1.192
SPIN 2 13 11 0 -2.644 -0.119 -5.291
SPIN 2 13 11 1 3.338 -4.608 1.620
SPIN 2 13 11 2 -3.353 2.050 -4.423
SPIN 2 13 11 3 1.862 -3.164 -4.639
SPIN 2 13 11 4 2.658 5.285 -0.045
SPIN 2 13 11 5 -1.779 0.984 -5.556
SPIN 2 13 11 6 2.067 -4.186 3.635
SPIN 2 13 11 7 -5.747 -1.387 -0.210
SPIN 2 13 11 8 5.615 1.862 0.053
SPIN 2 13 11 9 -2.104 -5.228 1.799
SPIN 2 13 11 10 0.369 4.521 3.797
SPIN 2 13 11 11 4.623 -2.576 -2.643
SPIN 2 13 11 12 5.505 -0.817 -2.007
SPIN 2 13 11 13 4.919 3.163 -0.893
SPIN 2 13 11 14 -2.660 -3.887 3.580
SPIN 2 13 11 15 2.006 -3.180 -4.568
SPIN 3 13 12 0 -1.552 -3.672 4.371
SPIN 3 13 12 1 -0.004 5.331 -2.566
SPIN 3 13 12 2 -3.488 -4.471 -1.686
SPIN 3 13 12 3 3.542 2.311 -4.137
SPIN 3 13 12 4 4.413 -1.175 -3.760
SPIN 3 13 12 5 -5.236 2.735 0.319
SPIN 3 13 12 6 0.597 -5.836 0.766
SPIN 3 13 12 7 -4.962 -3.176 -0.538
SPIN 3 13 12 8 5.415 -0.001 -2.382
SPIN 3 13 12 9 -5.576 1.680 -1.041
SPIN 3 13 12 10 2.321 -3.292 -4.333
SPIN 3 13 12 11 2.288 4.848 -2.503
SPIN 3 13 12 12 3.418 -4.596 -1.481
SPIN 3 13 12 13 -5.112 -0.228 -2.969
SPIN 3 13 12 14 -1.699 -5.624 -0.700
SPIN 3 13 12 15 -5.322 -1.579 -2.044
SPIN 2 13 12 0 2.745 -2.717 4.481
SPIN 2 13 12 1 -1.704 4.651 3.235
SPIN 2 13 12 2 0.072 2.505 5.359
SPIN 2 13 12 3 -4.817 -3.336 0.816
SPIN 2 13 12 4 3.130 4.492 2.242
SPIN 2 13 12 5 3.440 4.671 1.162
SPIN 2 13 12 6 5.423 0.800 -2.226
SPIN 2 13 12 7 0.139 -0.402 -5.901
SPIN 2 13 12 8 -4.151 3.842 1.734
SPIN 2 13 12 9 -0.168 4.640 3.666
SPIN 2 13 12 10 -0.153 5.219 -2.782
SPIN 2 13 12 11 4.036 -2.439 3.572
SPIN 2 13 12 12 -0.745 -0.262 -5.863
SPIN 2 13 12 13 -1.375 -5.027 2.799
SPIN 2 13 12 14 2.830 5.194 0.077
SPIN 2 13 12 15 5.077 1.828 -2.426
SPIN 3 13 13 0 3.018 2.772 4.267
SPIN 3 13 13 1 2.589 -4.923 2.016
SPIN 3 13 13 2 -3.574 4.557 1.208
SPIN 3 13 13 3 0.821 4.847 3.292
SPIN 3 13 13 4 2.091 3.241 -4.486
SPIN 3 13 13 5 -1.578 -5.373 -1.910
SPIN 3 13 13 6 3.074 4.851 -1.420
SPIN 3 13 13 7 4.613 -0.273 3.694
SPIN 3 13 13 8 -1.330 1.744 -5.495
SPIN 3 13 13 9 1.020 -5.782 -0.728
SPIN 3 13 13 10 -3.790 0.783 -4.475
SPIN 3 13 13 11 3.302 -4.896 -0.353
SPIN 3 13 13 12 -0.490 5.880 -0.430
SPIN 3 13 13 13 -1.435 1.270 -5.597
SPIN 3 13 13 14 -5.807 -0.599 0.957
SPIN 3 13 13 15 4.341 2.631 -3.039
SPIN 2 13 13 0 -5.628 1.803 0.268
SPIN 2 13 13 1 -2.951 -5.063 -0.812
SPIN 2 13 13 2 4.100 -3.262 -2.747
SPIN 2 13 13 3 5.116 -0.939 -2.819
SPIN 2 13 13 4 -1.921 5.345 -1.655
SPIN 2 13 13 5 -2.863 0.318 -5.167
SPIN 2 13 13 6 -2.156 0.816 5.448
SPIN 2 13 13 7 4.370 -3.945 -0.583
SPIN 2 13 13 8 2.008 0.845 5.500
SPIN 2 13 13 9 -5.092 -2.292 1.954
SPIN 2 13 13 10 -4.184 1.663 3.838
SPIN 2 13 13 11 2.101 4.376 3.382
SPIN 2 13 13 12 -2.358 1.915 5.077
SPIN 2 13 13 13 -1.235 1.855 -5.480
SPIN 2 13 13 14 -1.601 -3.320 -4.627
SPIN 2 13 13 15 -0.480 -3.217 4.942
SPIN 3 13 14 0 0.982 -3.398 -4.742
SPIN 3 13 14 1 -0.181 4.042 4.316
SPIN 3 13 14 2 1.153 0.616 -5.770
SPIN 3 13 14 3 0.487 -4.436 -3.884
SPIN 3 13 14 4 -2.134 -2.714 4.804
SPIN 3 13 14 5 -1.003 4.711 -3.436
SPIN 3 13 14 6 -3.764 2.239 3.978
SPIN 3 13 14 7 -0.154 5.865 0.758
SPIN 3 13 14 8 5.355 1.608 1.935
SPIN 3 13 14 9 3.642 3.899 -2.557
SPIN 3 13 14 10 4.753 3.416 0.859
SPIN 3 13 14 11 -0.883 4.322 -3.942
SPIN 3 13 14 12 -3.525 -3.551 3.157
SPIN 3 13 14 13 1.946 0.327 5.577
SPIN 3 13 14 14 3.840 -2.353 -3.837
SPIN 3 13 14 15 -3.979 2.813 -3.355
SPIN 2 13 14 0 5.666 -0.258 1.682
SPIN 2 13 14 1 3.364 -1.601 -4.596
SPIN 2 13 14 2 -4.277 -3.961 -1.008
SPIN 2 13 14 3 -3.348 4.547 1.766
SPIN 2 13 14 4 3.571 -3.450 3.217
SPIN 2 13 14 5 -5.323 0.260 2.569
SPIN 2 13 14 6 -1.045 2.786 -5.114
SPIN 2 13 14 7 3.885 4.188 1.539
SPIN 2 13 14 8 -5.737 -1.442 0.106
SPIN 2 13 14 9 3.727 -4.414 1.277
SPIN 2 13 14 10 0.685 -0.680 -5.837
SPIN 2 13 14 11 -3.264 -4.118 2.718
SPIN 2 13 14 12 -1.090 -0.717 -5.770
SPIN 2 13 14 13 -0.781 5.170 -2.768
SPIN 2 13 14 14 1.992 4.832 2.772
SPIN 2 13 14 15 0.669 5.605 -1.772
SPIN 3 13 15 0 2.981 4.133 -3.005
SPIN 3 13 15 1 -1.814 3.434 -4.463
SPIN 3 13 15 2 -3.768 -1.755 4.210
SPIN 3 13 15 3 -4.453 -0.731 3.826
SPIN 3 13 15 4 3.382 4.716 1.149
SPIN 3 13 15 5 -2.865 -4.676 2.221
SPIN 3 13 15 6 -4.301 -3.410 -2.207
SPIN 3 13 15 7 1.113 -5.761 -0.760
SPIN 3 13 15 8 -1.194 5.318 2.301
SPIN 3 13 15 9 0.258 -4.981 3.182
SPIN 3 13 15 10 -0.056 -1.130 -5.807
SPIN 3 13 15 11 -0.755 -5.483 2.089
SPIN 3 13 15 12 -4.564 -0.807 3.677
SPIN 3 13 15 13 5.490 -2.153 -0.480
SPIN 3 13 15 14 4.835 -1.454 -3.084
SPIN 3 13 15 15 -4.671 -3.323 1.463
SPIN 2 13 15 0 -0.931 -4.215 -4.046
SPIN 2 13 15 1 4.531 3.712 0.833
SPIN 2 13 15 2 4.601 1.292 -3.488
SPIN 2 13 15 3 -4.427 -0.694 -3.863
SPIN 2 13 15 4 1.731 -4.931 -2.774
SPIN 2 13 15 5 -0.141 0.783 5.862
SPIN 2 13 15 6 -3.592 -2.813 3.766
SPIN 2 13 15 7 -4.561 -3.602 1.105
SPIN 2 13 15 8 1.811 -0.957 -5.550
SPIN 2 13 15 9 -3.675 -3.623 2.893
SPIN 2 13 15 10 3.931 4.256 -1.197
SPIN 2 13 15 11 2.087 -3.902 -3.927
SPIN 2 13 15 12 2.940 4.186 -2.972
SPIN 2 13 15 13 0.679 -4.091 4.219
SPIN 2 13 15 14 2.902 1.091 5.039
SPIN 2 13 15 15 4.098 -1.620 3.947
SPIN 1 14 0 0 1.311 -2.508 5.196
SPIN 1 14 0 1 -3.150 3.734 3.337
SPIN 1 14 0 2 1.652 -4.430 -3.556
SPIN 1 14 0 3 0.358 3.574 4.701
SPIN 1 14 0 4 0.013 -5.366 2.490
SPIN 1 14 0 5 0.404 -1.057 -5.807
SPIN 1 14 0 6 -0.076 -2.088 5.535
SPIN 1 14 0 7 -0.004 5.857 -0.832
SPIN 1 14 0 8 -1.641 4.193 3.837
SPIN 1 14 0 9 -2.673 2.641 -4.570
SPIN 1 14 0 10 0.100 -2.901 5.155
SPIN 1 14 0 11 -2.011 -5.463 -1.055
SPIN 1 14 0 12 2.856 -2.313 -4.636
SPIN 1 14 0 13 0.200 -1.861 5.612
SPIN 1 14 0 14 0.784 -1.251 -5.729
SPIN 1 14 0 15 -0.803 5.860 -0.134
SPIN 4 14 0 0 4.262 -3.074 2.718
SPIN 4 14 0 1 -3.492 4.774 -0.123
SPIN 4 14 0 2 0.088 3.358 -4.870
SPIN 4 14 0 3 4.672 -3.350 -1.398
SPIN 4 14 0 4 -5.338 2.545 0.169
SPIN 4 14 0 5 -3.587 -1.873 -4.315
SPIN 4 14 0 6 -4.280 -3.995 0.850
SPIN 4 14 0 7 0.043 -5.879 -0.660
SPIN 4 14 0 8 -5.436 -2.035 1.144
SPIN 4 14 0 9 0.152 -3.987 4.368
SPIN 4 14 0 10 -2.785 4.897 -1.806
SPIN 4 14 0 11 -4.203 -3.645 2.012
SPIN 4 14 0 12 3.064 -2.018 4.641
SPIN 4 14 0 13 1.917 -5.493 -1.076
SPIN 4 14 0 14 2.107 -0.469 5.508
SPIN 4 14 0 15 3.790 0.783 4.475
SPIN 1 14 1 0 -1.088 -3.089 -4.927
SPIN 1 14 1 1 3.400 0.143 4.839
SPIN 1 14 1 2 4.250 -3.842 1.476
SPIN 1 14 1 3 3.855 4.030 -1.973
SPIN 1 14 1 4 -4.406 -2.137 -3.319
SPIN 1 14 1 5 -0.392 3.201 4.960
SPIN 1 14 1 6 3.612 2.759 -3.787
SPIN 1 14 1 7 2.307 3.787 3.916
SPIN 1 14 1 8 1.797 5.511 1.185
SPIN 1 14 1 9 5.178 -2.861 0.069
SPIN 1 14 1 10 -4.587 3.163 -1.989
SPIN 1 14 1 11 1.622 -3.237 -4.679
SPIN 1 14 1 12 -2.676 -0.310 5.267
SPIN 1 14 1 13 -3.916 2.257 3.817
SPIN 1 14 1 14 -1.880 -4.408 3.469
SPIN 1 14 1 15 1.652 1.451 -5.492
SPIN 4 14 1 0 -4.649 -3.604 0.635
SPIN 4 14 1 1 5.012 -2.186 2.259
SPIN 4 14 1 2 -4.553 3.777 0.056
SPIN 4 14 1 3 3.623 -0.819 4.604
SPIN 4 14 1 4 5.679 1.032 -1.296
SPIN 4 14 1 5 5.084 2.060 2.216
SPIN 4 14 1 6 1.621 -1.615 5.456
SPIN 4 14 1 7 -1.925 4.946 -2.614
SPIN 4 14 1 8 -1.854 -3.514 4.383
SPIN 4 14 1 9 0.505 3.242 -4.923
SPIN 4 14 1 10 5.855 0.677 -0.513
SPIN 4 14 1 11 -5.503 1.943 -0.971
SPIN 4 14 1 12 4.269 4.042 -0.663
SPIN 4 14 1 13 -2.347 5.420 0.342
SPIN 4 14 1 14 1.550 3.810 -4.252
SPIN 4 14 1 15 -1.993 -3.096 4.631
SPIN 1 14 2 0 -1.392 0.271 5.744
SPIN 1 14 2 1 -4.533 0.990 -3.671
SPIN 1 14 2 2 3.255 -4.938 0.160
SPIN 1 14 2 3 -5.164 -2.822 -0.612
SPIN 1 14 2 4 5.400 0.048 -2.417
SPIN 1 14 2 5 -1.880 3.558 4.337
SPIN 1 14 2 6 2.706 -0.563 -5.231
SPIN 1 14 2 7 -4.063 -1.319 -4.093
SPIN 1 14 2 8 -0.194 -1.408 -5.743
SPIN 1 14 2 9 -4.407 2.963 -2.607
SPIN 1 14 2 10 1.869 4.760 -2.974
SPIN 1 14 2 11 -0.047 4.612 -3.706
SPIN 1 14 2 12 -0.924 3.939 4.316
SPIN 1 14 2 13 -0.235 -1.185 -5.791
SPIN 1 14 2 14 -5.290 -1.637 -2.083
SPIN 1 14 2 15 2.042 2.733 -4.834
SPIN 4 14 2 0 -1.600 3.069 4.798
SPIN 4 14 2 1 -1.101 -2.787 5.101
SPIN 4 14 2 2 4.979 2.675 1.749
SPIN 4 14 2 3 -3.537 -2.429 4.073
SPIN 4 14 2 4 3.789 1.288 -4.357
SPIN 4 14 2 5 -1.939 -5.334 -1.669
SPIN 4 14 2 6 0.785 4.251 4.039
SPIN 4 14 2 7 1.449 -3.919 4.188
SPIN 4 14 2 8 -3.943 -3.283 -2.945
SPIN 4 14 2 9 4.737 -3.474 -0.702
SPIN 4 14 2 10 2.830 -3.006 4.238
SPIN 4 14 2 11 2.504 0.613 5.325
SPIN 4 14 2 12 4.518 0.968 3.695
SPIN 4 14 2 13 5.475 -1.588 1.581
SPIN 4 14 2 14 -5.560 1.772 0.974
SPIN 4 14 2 15 -2.898 -4.891 1.637
SPIN 1 14 3 0 3.817 0.931 4.423
SPIN 1 14 3 1 -2.817 0.630 -5.164
SPIN 1 14 3 2 2.599 -1.944 -4.946
SPIN 1 14 3 3 -4.930 -2.413 2.208
SPIN 1 14 3 4 4.151 -3.454 2.416
SPIN 1 14 3 5 -3.786 -2.909 -3.493
SPIN 1 14 3 6 2.878 0.090 5.168
SPIN 1 14 3 7 2.779 4.177 -3.135
SPIN 1 14 3 8 -4.719 -3.014 -1.910
SPIN 1 14 3 9 -0.955 5.350 -2.338
SPIN 1 14 3 10 -0.659 5.441 2.226
SPIN 1 14 3 11 2.641 -5.286 -0.292
SPIN 1 14 3 12 5.882 0.358 0.519
SPIN 1 14 3 13 -4.283 0.657 -4.028
SPIN 1 14 3 14 4.082 1.933 3.821
SPIN 1 14 3 15 -4.726 3.371 1.140
SPIN 4 14 3 0 -1.461 -5.555 1.416
SPIN 4 14 3 1 5.524 -1.614 -1.370
SPIN 4 14 3 2 -5.126 -2.780 0.995
SPIN 4 14 3 3 0.796 -4.277 -4.009
SPIN 4 14 3 4 -2.548 -4.102 3.418
SPIN 4 14 3 5 -5.285 2.357 -1.231
SPIN 4 14 3 6 4.035 2.012 3.830
SPIN 4 14 3 7 -4.470 3.856 -0.394
SPIN 4 14 3 8 2.910 -1.548 4.913
SPIN 4 14 3 9 -1.422 3.368 4.651
SPIN 4 14 3 10 2.657 -2.008 -4.890
SPIN 4 14 3 11 2.352 4.193 -3.448
SPIN 4 14 3 12 -1.606 -2.873 -4.916
SPIN 4 14 3 13 2.119 2.658 4.842
SPIN 4 14 3 14 5.103 2.406 1.780
SPIN 4 14 3 15 5.106 2.268 1.947
SPIN 1 14 4 0 -4.413 2.842 -2.730
SPIN 1 14 4 1 1.939 -2.453 -5.022
SPIN 1 14 4 2 3.562 1.898 -4.326
SPIN 1 14 4 3 0.091 5.151 -2.909
SPIN 1 14 4 4 -4.684 2.864 2.204
SPIN 1 14 4 5 3.001 -4.290 2.754
SPIN 1 14 4 6 3.216 -0.367 -4.952
SPIN 1 14 4 7 3.978 -3.360 2.807
SPIN 1 14 4 8 -0.652 5.743 1.261
SPIN 1 14 4 9 -2.226 -5.222 1.665
SPIN 1 14 4 10 0.821 -4.149 -4.137
SPIN 1 14 4 11 2.546 4.345 -3.105
SPIN 1 14 4 12 -3.587 -4.661 -0.635
SPIN 1 14 4 13 -2.281 -3.971 3.746
SPIN 1 14 4 14 3.984 3.932 -1.915
SPIN 1 14 4 15 -4.090 -1.263 -4.084
SPIN 4 14 4 0 5.145 2.416 1.642
SPIN 4 14 4 1 3.674 2.188 4.088
SPIN 4 14 4 2 2.809 -4.819 -1.972
SPIN 4 14 4 3 -3.407 2.247 4.283
SPIN 4 14 4 4 3.345 1.788 -4.540
SPIN 4 14 4 5 0.093 2.347 -5.430
SPIN 4 14 4 6 -3.701 1.637 -4.315
SPIN 4 14 4 7 -3.978 -1.917 -3.938
SPIN 4 14 4 8 3.776 4.544 -0.307
SPIN 4 14 4 9 -5.449 -2.121 0.898
SPIN 4 14 4 10 0.245 -5.576 1.961
SPIN 4 14 4 11 0.876 -4.559 3.667
SPIN 4 14 4 12 1.303 -2.457 -5.221
SPIN 4 14 4 13 5.226 2.294 1.557
SPIN 4 14 4 14 -4.502 -3.695 -1.038
SPIN 4 14 4 15 5.103 2.234 1.992
SPIN 1 14 5 0 -5.262 -2.292 1.434
SPIN 1 14 5 1 4.431 -3.787 1.013
SPIN 1 14 5 2 -5.837 0.913 0.317
SPIN 1 14 5 3 3.417 2.048 -4.373
SPIN 1 14 5 4 -4.595 2.489 2.773
SPIN 1 14 5 5 -2.551 -5.325 0.378
SPIN 1 14 5 6 1.713 -3.558 4.405
SPIN 1 14 5 7 0.640 5.865 0.440
SPIN 1 14 5 8 -2.579 -3.465 4.043
SPIN 1 14 5 9 4.403 -2.851 -2.736
SPIN 1 14 5 10 2.099 0.569 5.502
SPIN 1 14 5 11 3.212 -4.811 -1.242
SPIN 1 14 5 12 -3.482 4.549 1.479
SPIN 1 14 5 13 -0.529 -0.480 5.873
SPIN 1 14 5 14 -5.543 -1.829 0.966
SPIN 1 14 5 15 3.784 -3.048 3.375
SPIN 4 14 5 0 1.802 0.696 -5.592
SPIN 4 14 5 1 -1.536 4.616 3.366
SPIN 4 14 5 2 -2.527 -0.850 5.281
SPIN 4 14 5 3 4.542 3.712 -0.768
SPIN 4 14 5 4 -1.900 5.338 1.701
SPIN 4 14 5 5 -3.817 1.283 -4.334
SPIN 4 14 5 6 4.825 -3.309 0.879
SPIN 4 14 5 7 -0.796 5.384 2.319
SPIN 4 14 5 8 0.132 4.331 -4.028
SPIN 4 14 5 9 4.877 -2.787 -1.855
SPIN 4 14 5 10 -0.479 -4.555 -3.745
SPIN 4 14 5 11 0.327 5.616 1.832
SPIN 4 14 5 12 -2.363 -5.120 1.789
SPIN 4 14 5 13 -0.722 4.225 -4.078
SPIN 4 14 5 14 4.541 -0.191 3.788
SPIN 4 14 5 15 -1.937 5.144 -2.188
SPIN 1 14 6 0 5.045 1.334 -2.788
SPIN 1 14 6 1 -5.794 -0.541 -1.067
SPIN 1 14 6 2 2.024 -5.016 -2.395
SPIN 1 14 6 3 2.359 -4.875 2.381
SPIN 1 14 6 4 2.753 4.965 -1.663
SPIN 1 14 6 5 -5.137 -2.418 -1.664
SPIN 1 14 6 6 4.673 1.091 -3.460
SPIN 1 14 6 7 -3.755 1.002 -4.460
SPIN 1 14 6 8 5.565 1.836 0.810
SPIN 1 14 6 9 -3.673 -3.803 2.653
SPIN 1 14 6 10 1.742 0.832 5.592
SPIN 1 14 6 11 -4.528 3.807 0.086
SPIN 1 14 6 12 4.564 2.654 -2.671
SPIN 1 14 6 13 -3.984 -2.649 3.480
SPIN 1 14 6 14 -1.051 2.786 -5.112
SPIN 1 14 6 15 0.151 4.126 4.237
SPIN 4 14 6 0 -5.868 -0.686 0.306
SPIN 4 14 6 1 0.372 -1.816 -5.618
SPIN 4 14 6 2 0.622 -0.710 -5.840
SPIN 4 14 6 3 -3.581 1.040 4.593
SPIN 4 14 6 4 4.204 -3.137 -2.735
SPIN 4 14 6 5 -3.241 1.658 4.664
SPIN 4 14 6 6 -5.019 0.314 -3.116
SPIN 4 14 6 7 0.718 -0.164 -5.870
SPIN 4 14 6 8 0.588 -4.455 3.848
SPIN 4 14 6 9 -4.680 -0.329 -3.603
SPIN 4 14 6 10 2.354 -3.382 -4.246
SPIN 4 14 6 11 -3.224 -4.649 1.730
SPIN 4 14 6 12 1.919 5.555 0.674
SPIN 4 14 6 13 -1.330 -0.010 5.765
SPIN 4 14 6 14 -2.203 0.946 -5.408
SPIN 4 14 6 15 1.874 4.259 -3.653
SPIN 1 14 7 0 -3.785 1.091 4.414
SPIN 1 14 7 1 -0.091 -5.384 -2.451
SPIN 1 14 7 2 -5.208 2.544 -1.182
SPIN 1 14 7 3 0.844 5.768 -1.011
SPIN 1 14 7 4 -5.223 -2.544 1.117
SPIN 1 14 7 5 3.993 0.238 -4.359
SPIN 1 14 7 6 0.030 -5.320 2.588
SPIN 1 14 7 7 4.606 1.563 -3.368
SPIN 1 14 7 8 -4.604 3.001 -2.190
SPIN 1 14 7 9 0.427 5.748 1.332
SPIN 1 14 7 10 2.356 4.610 2.863
SPIN 1 14 7 11 1.531 3.852 4.221
SPIN 1 14 7 12 -5.091 -2.446 1.761
SPIN 1 14 7 13 -4.392 2.746 2.857
SPIN 1 14 7 14 1.854 -3.368 -4.497
SPIN 1 14 7 15 -4.639 3.586 0.792
SPIN 4 14 7 0 1.895 -0.831 -5.542
SPIN 4 14 7 1 0.160 2.416 5.398
SPIN 4 14 7 2 0.615 -3.779 4.510
SPIN 4 14 7 3 5.876 0.218 -0.656
SPIN 4 14 7 4 -5.612 1.314 1.332
SPIN 4 14 7 5 1.600 3.275 4.660
SPIN 4 14 7 6 0.441 4.982 3.159
SPIN 4 14 7 7 3.712 -1.269 4.428
SPIN 4 14 7 8 -0.051 -1.770 -5.645
SPIN 4 14 7 9 5.338 2.454 0.699
SPIN 4 14 7 10 -1.964 -1.010 5.489
SPIN 4 14 7 11 1.316 -4.614 -3.462
SPIN 4 14 7 12 4.265 2.914 2.885
SPIN 4 14 7 13 3.049 1.319 4.895
SPIN 4 14 7 14 -5.569 1.412 -1.413
SPIN 4 14 7 15 0.727 -5.856 0.423
SPIN 1 14 8 0 -5.811 0.050 -1.111
SPIN 1 14 8 1 -2.627 -0.476 -5.279
SPIN 1 14 8 2 -5.855 -0.848 0.025
SPIN 1 14 8 3 -0.060 3.847 -4.494
SPIN 1 14 8 4 1.580 1.977 -5.347
SPIN 1 14 8 5 -0.504 -4.997 3.127
SPIN 1 14 8 6 4.391 3.010 -2.580
SPIN 1 14 8 7 -5.189 -2.493 -1.362
SPIN 1 14 8 8 -1.992 -5.509 0.825
SPIN 1 14 8 9 -5.254 -2.136 1.682
SPIN 1 14 8 10 1.124 5.392 2.160
SPIN 1 14 8 11 4.761 3.271 1.276
SPIN 1 14 8 12 -3.861 -0.427 -4.462
SPIN 1 14 8 13 -3.800 4.256 1.565
SPIN 1 14 8 14 0.284 5.365 2.478
SPIN 1 14 8 15 5.346 -2.286 1.092
SPIN 4 14 8 0 5.082 -2.402 1.844
SPIN 4 14 8 1 -2.623 -1.942 -4.934
SPIN 4 14 8 2 4.302 1.264 -3.859
SPIN 4 14 8 3 1.715 0.779 -5.608
SPIN 4 14 8 4 -2.425 -0.164 5.394
SPIN 4 14 8 5 3.102 4.884 -1.234
SPIN 4 14 8 6 4.370 3.942 0.605
SPIN 4 14 8 7 -5.540 -0.950 -1.846
SPIN 4 14 8 8 3.233 1.292 4.783
SPIN 4 14 8 9 1.718 -0.777 5.608
SPIN 4 14 8 10 4.315 -2.104 -3.457
SPIN 4 14 8 11 -4.753 -3.211 -1.450
SPIN 4 14 8 12 2.532 5.301 0.702
SPIN 4 14 8 13 1.600 -3.532 4.469
SPIN 4 14 8 14 -0.346 0.214 5.902
SPIN 4 14 8 15 -0.368 1.608 5.682
SPIN 1 14 9 0 4.673 3.521 -0.877
SPIN 1 14 9 1 -3.815 1.174 4.367
SPIN 1 14 9 2 -5.781 0.233 1.236
SPIN 1 14 9 3 -2.202 -3.875 3.890
SPIN 1 14 9 4 -3.355 -3.253 3.628
SPIN 1 14 9 5 -4.969 2.221 -2.319
SPIN 1 14 9 6 -1.831 -5.626 -0.022
SPIN 1 14 9 7 5.438 0.337 2.305
SPIN 1 14 9 8 -1.864 -1.379 5.443
SPIN 1 14 9 9 4.591 -2.470 -2.797
SPIN 1 14 9 10 0.464 -5.356 2.469
SPIN 1 14 9 11 -4.492 0.127 -3.848
SPIN 1 14 9 12 3.808 4.438 0.898
SPIN 1 14 9 13 3.158 -2.842 -4.118
SPIN 1 14 9 14 -2.487 3.476 -4.090
SPIN 1 14 9 15 -4.243 -0.989 4.002
SPIN 4 14 9 0 -2.548 -5.327 0.360
SPIN 4 14 9 1 2.222 -5.335 -1.266
SPIN 4 14 9 2 -5.681 1.575 0.491
SPIN 4 14 9 3 4.844 1.092 3.216
SPIN 4 14 9 4 -2.003 -0.892 -5.495
SPIN 4 14 9 5 4.691 3.355 -1.319
SPIN 4 14 9 6 2.593 -4.166 3.305
SPIN 4 14 9 7 -4.220 2.027 -3.618
SPIN 4 14 9 8 -2.917 4.217 2.951
SPIN 4 14 9 9 2.275 0.017 -5.461
SPIN 4 14 9 10 -2.609 -0.684 5.266
SPIN 4 14 9 11 4.683 3.435 1.130
SPIN 4 14 9 12 -3.507 -1.995 -4.327
SPIN 4 14 9 13 3.908 1.985 -3.974
SPIN 4 14 9 14 -2.183 5.401 -1.033
SPIN 4 14 9 15 -4.980 -3.081 -0.842
SPIN 1 14 10 0 2.147 -4.828 2.661
SPIN 1 14 10 1 -2.676 5.275 -0.125
SPIN 1 14 10 2 -2.528 -1.162 5.221
SPIN 1 14 10 3 -0.019 2.475 -5.373
SPIN 1 14 10 4 2.199 -1.608 5.251
SPIN 1 14 10 5 1.895 5.208 -2.069
SPIN 1 14 10 6 3.794 4.393 1.141
SPIN 1 14 10 7 0.918 -5.113 2.831
SPIN 1 14 10 8 1.700 4.650 3.238
SPIN 1 14 10 9 -2.882 4.166 3.056
SPIN 1 14 10 10 -3.301 -3.899 -2.983
SPIN 1 14 10 11 4.245 -2.772 -3.049
SPIN 1 14 10 12 3.724 -4.107 2.064
SPIN 1 14 10 13 -1.227 -3.056 4.915
SPIN 1 14 10 14 -2.535 -2.749 4.584
SPIN 1 14 10 15 3.373 0.546 -4.829
SPIN 4 14 10 0 -2.617 -4.505 -2.803
SPIN 4 14 10 1 5.463 2.124 -0.799
SPIN 4 14 10 2 -0.278 -5.665 1.682
SPIN 4 14 10 3 -0.595 1.670 -5.644
SPIN 4 14 10 4 -3.081 -4.485 2.322
SPIN 4 14 10 5 -1.940 -5.566 0.509
SPIN 4 14 10 6 -4.511 1.896 -3.325
SPIN 4 14 10 7 4.397 -3.956 0.148
SPIN 4 14 10 8 5.152 2.775 0.871
SPIN 4 14 10 9 -5.521 2.119 -0.165
SPIN 4 14 10 10 2.006 5.337 -1.579
SPIN 4 14 10 11 0.681 5.868 -0.324
SPIN 4 14 10 12 4.047 -4.306 0.287
SPIN 4 14 10 13 -3.447 4.755 -0.715
SPIN 4 14 10 14 2.640 -4.483 -2.817
SPIN 4 14 10 15 4.089 2.501 -3.468
SPIN 1 14 11 0 -1.522 4.873 2.989
SPIN 1 14 11 1 -0.563 -5.788 -1.089
SPIN 1 14 11 2 -1.813 5.631 0.101
SPIN 1 14 11 3 -1.368 2.947 4.944
SPIN 1 14 11 4 0.632 -4.673 -3.572
SPIN 1 14 11 5 4.305 0.068 -4.057
SPIN 1 14 11 6 2.554 4.482 2.896
SPIN 1 14 11 7 -0.518 3.706 -4.582
SPIN 1 14 11 8 2.721 -5.166 0.955
SPIN 1 14 11 9 -4.088 4.131 1.104
SPIN 1 14 11 10 0.308 -4.990 -3.163
SPIN 1 14 11 11 3.288 -3.660 -3.286
SPIN 1 14 11 12 -2.202 0.435 5.474
SPIN 1 14 11 13 0.947 5.451 -2.095
SPIN 1 14 11 14 -2.914 3.005 -4.181
SPIN 1 14 11 15 -4.869 1.120 3.168
SPIN 4 14 11 0 5.542 -1.133 -1.732
SPIN 4 14 11 1 -0.059 -4.177 4.189
SPIN 4 14 11 2 2.497 2.728 -4.618
SPIN 4 14 11 3 5.533 1.131 1.763
SPIN 4 14 11 4 -3.860 -4.311 -1.231
SPIN 4 14 11 5 4.677 0.579 -3.576
SPIN 4 14 11 6 -1.004 0.178 -5.827
SPIN 4 14 11 7 -4.518 2.355 3.006
SPIN 4 14 11 8 0.880 -2.520 -5.280
SPIN 4 14 11 9 2.286 -5.424 0.598
SPIN 4 14 11 10 2.040 3.714 -4.128
SPIN 4 14 11 11 -2.755 4.707 -2.292
SPIN 4 14 11 12 0.044 4.264 4.101
SPIN 4 14 11 13 4.515 -0.452 3.797
SPIN 4 14 11 14 2.330 5.353 0.955
SPIN 4 14 11 15 -0.284 -3.973 4.374
SPIN 1 14 12 0 -3.875 -3.975 -2.046
SPIN 1 14 12 1 4.623 -3.437 1.345
SPIN 1 14 12 2 -4.879 -3.200 -0.979
SPIN 1 14 12 3 3.720 3.592 -2.874
SPIN 1 14 12 4 0.568 5.800 -1.018
SPIN 1 14 12 5 -3.220 3.903 3.066
SPIN 1 14 12 6 -4.101 -3.953 1.598
SPIN 1 14 12 7 -0.448 5.096 -2.971
SPIN 1 14 12 8 3.587 -3.795 -2.780
SPIN 1 14 12 9 -1.637 -4.550 3.408
SPIN 1 14 12 10 -0.864 -3.838 4.419
SPIN 1 14 12 11 -2.303 1.032 5.351
SPIN 1 14 12 12 5.839 -0.156 0.937
SPIN 1 14 12 13 -4.569 -2.127 3.098
SPIN 1 14 12 14 4.955 -3.140 0.762
SPIN 1 14 12 15 0.308 3.575 4.704
SPIN 4 14 12 0 -4.580 -3.738 -0.225
SPIN 4 14 12 1 -2.991 3.206 -3.971
SPIN 4 14 12 2 5.071 -3.022 -0.383
SPIN 4 14 12 3 -3.618 -4.436 1.493
SPIN 4 14 12 4 -2.899 -4.862 -1.719
SPIN 4 14 12 5 -2.299 3.061 -4.511
SPIN 4 14 12 6 2.385 -1.999 5.032
SPIN 4 14 12 7 -3.600 -2.748 -3.806
SPIN 4 14 12 8 3.661 -3.310 -3.262
SPIN 4 14 12 9 3.341 3.884 -2.958
SPIN 4 14 12 10 0.317 5.357 2.490
SPIN 4 14 12 11 1.427 -4.217 3.897
SPIN 4 14 12 12 0.205 0.025 -5.912
SPIN 4 14 12 13 -5.251 -0.251 -2.713
SPIN 4 14 12 14 -2.269 3.824 -3.902
SPIN 4 14 12 15 -4.343 2.587 -3.073
SPIN 1 14 13 0 -1.626 0.323 -5.679
SPIN 1 14 13 1 1.735 -2.718 -4.960
SPIN 1 14 13 2 4.161 1.080 -4.065
SPIN 1 14 13 3 -5.351 -2.494 -0.384
SPIN 1 14 13 4 5.605 1.321 1.357
SPIN 1 14 13 5 -1.738 -5.601 -0.781
SPIN 1 14 13 6 -0.475 2.269 -5.443
SPIN 1 14 13 7 5.159 -2.789 0.779
SPIN 1 14 13 8 -3.418 -4.290 2.217
SPIN 1 14 13 9 5.534 -1.816 -1.040
SPIN 1 14 13 10 0.595 -1.339 5.732
SPIN 1 14 13 11 -0.416 2.999 5.083
SPIN 1 14 13 12 -1.342 3.876 -4.264
SPIN 1 14 13 13 -3.691 -4.182 1.971
SPIN 1 14 13 14 -3.243 -1.714 4.642
SPIN 1 14 13 15 -2.490 -5.293 0.884
SPIN 4 14 13 0 4.393 -0.061 3.962
SPIN 4 14 13 1 1.635 3.980 -4.060
SPIN 4 14 13 2 -1.416 -2.602 5.121
SPIN 4 14 13 3 3.396 1.366 -4.648
SPIN 4 14 13 4 -4.212 0.473 4.127
SPIN 4 14 13 5 -5.457 -2.033 -1.043
SPIN 4 14 13 6 4.252 0.727 -4.049
SPIN 4 14 13 7 3.980 3.474 -2.663
SPIN 4 14 13 8 -4.746 3.065 1.756
SPIN 4 14 13 9 -4.606 0.839 3.617
SPIN 4 14 13 10 -2.679 -5.218 -0.770
SPIN 4 14 13 11 -1.211 -1.120 -5.681
SPIN 4 14 13 12 3.877 2.887 -3.411
SPIN 4 14 13 13 -5.237 2.690 -0.582
SPIN 4 14 13 14 3.823 -4.217 -1.614
SPIN 4 14 13 15 -2.575 5.279 -0.709
SPIN 1 14 14 0 5.096 -1.715 2.468
SPIN 1 14 14 1 -2.309 1.420 -5.258
SPIN 1 14 14 2 1.513 3.867 4.214
SPIN 1 14 14 3 -5.688 -0.244 -1.608
SPIN 1 14 14 4 -5.715 1.518 0.190
SPIN 1 14 14 5 5.651 -0.584 -1.649
SPIN 1 14 14 6 1.272 -5.613 1.370
SPIN 1 14 14 7 -4.033 1.233 4.149
SPIN 1 14 14 8 4.146 2.529 3.378
SPIN 1 14 14 9 0.711 4.045 -4.258
SPIN 1 14 14 10 3.018 3.997 3.150
SPIN 1 14 14 11 -3.030 -3.154 -3.984
SPIN 1 14 14 12 5.114 0.993 2.803
SPIN 1 14 14 13 3.017 -0.183 5.086
SPIN 1 14 14 14 5.282 -2.103 1.635
SPIN 1 14 14 15 -5.298 2.235 1.390
SPIN 4 14 14 0 0.508 5.737 1.351
SPIN 4 14 14 1 -3.468 -0.196 4.789
SPIN 4 14 14 2 3.348 2.132 -4.387
SPIN 4 14 14 3 -0.875 5.581 1.757
SPIN 4 14 14 4 -2.504 -2.273 -4.854
SPIN 4 14 14 5 2.272 4.723 2.745
SPIN 4 14 14 6 0.097 5.812 -1.101
SPIN 4 14 14 7 5.854 -0.396 0.754
SPIN 4 14 14 8 -3.559 -4.694 0.549
SPIN 4 14 14 9 3.752 -1.996 4.116
SPIN 4 14 14 10 -3.922 -3.323 -2.929
SPIN 4 14 14 11 3.750 1.615 4.282
SPIN 4 14 14 12 -2.531 4.664 -2.616
SPIN 4 14 14 13 -0.336 -3.046 -5.061
SPIN 4 14 14 14 -4.130 -4.227 0.280
SPIN 4 14 14 15 -3.707 -4.239 1.812
SPIN 1 14 15 0 -4.812 -2.089 -2.736
SPIN 1 14 15 1 1.793 -5.631 0.281
SPIN 1 14 15 2 4.986 0.249 3.174
SPIN 1 14 15 3 2.154 3.186 -4.495
SPIN 1 14 15 4 -5.161 2.884 0.221
SPIN 1 14 15 5 3.571 -3.073 -3.578
SPIN 1 14 15 6 2.880 2.179 4.686
SPIN 1 14 15 7 -4.456 1.376 -3.640
SPIN 1 14 15 8 -4.662 2.236 2.875
SPIN 1 14 15 9 4.828 -2.630 -2.186
SPIN 1 14 15 10 -3.997 4.333 -0.499
SPIN 1 14 15 11 -1.382 -5.649 1.085
SPIN 1 14 15 12 -3.437 1.959 -4.399
SPIN 1 14 15 13 -1.738 3.552 -4.400
SPIN 1 14 15 14 -4.001 -0.610 4.315
SPIN 1 14 15 15 0.199 0.744 5.866
SPIN 4 14 15 0 1.583 0.774 5.647
SPIN 4 14 15 1 2.576 0.110 5.325
SPIN 4 14 15 2 -5.363 2.456 0.452
SPIN 4 14 15 3 4.224 -2.571 -3.248
SPIN 4 14 15 4 -0.633 -4.836 3.349
SPIN 4 14 15 5 -3.717 -3.733 -2.692
SPIN 4 14 15 6 3.243 -4.088 2.788
SPIN 4 14 15 7 3.126 5.017 0.227
SPIN 4 14 15 8 1.720 5.531 -1.202
SPIN 4 14 15 9 -2.956 2.154 -4.650
SPIN 4 14 15 10 4.604 0.073 3.715
SPIN 4 14 15 11 -1.381 5.720 0.607
SPIN 4 14 15 12 -5.508 1.949 -0.927
SPIN 4 14 15 13 2.128 1.658 5.265
SPIN 4 14 15 14 -2.628 4.966 -1.852
SPIN 4 14 15 15 -1.635 4.935 -2.824
SPIN 3 14 0 0 5.345 2.424 -0.741
SPIN 3 14 0 1 -1.772 5.583 0.831
SPIN 3 14 0 2 -1.468 4.964 2.865
SPIN 3 14 0 3 5.290 1.106 2.406
SPIN 3 14 0 4 -4.540 3.269 -1.924
SPIN 3 14 0 5 0.485 1.168 5.779
SPIN 3 14 0 6 -5.100 -2.582 -1.522
SPIN 3 14 0 7 3.385 1.100 -4.726
SPIN 3 14 0 8 -0.541 4.834 3.367
SPIN 3 14 0 9 -2.743 -5.231 -0.330
SPIN 3 14 0 10 1.146 5.746 -0.817
SPIN 3 14 0 11 3.255 1.298 -4.766
SPIN 3 14 0 12 -5.634 1.055 1.464
SPIN 3 14 0 13 2.398 5.400 -0.301
SPIN 3 14 0 14 3.426 2.310 -4.234
SPIN 3 14 0 15 5.301 0.579 2.562
SPIN 2 14 0 0 0.786 5.862 -0.137
SPIN 2 14 0 1 -0.749 -4.173 -4.126
SPIN 2 14 0 2 -0.739 -4.422 3.860
SPIN 2 14 0 3 -2.101 4.529 3.173
SPIN 2 14 0 4 -5.289 -1.527 -2.168
SPIN 2 14 0 5 4.027 -4.230 -0.943
SPIN 2 14 0 6 3.770 1.840 -4.171
SPIN 2 14 0 7 5.485 -0.151 2.212
SPIN 2 14 0 8 4.624 1.536 -3.355
SPIN 2 14 0 9 -3.723 1.448 4.364
SPIN 2 14 0 10 -2.339 5.198 -1.584
SPIN 2 14 0 11 3.474 0.137 4.787
SPIN 2 14 0 12 -5.914 0.085 -0.130
SPIN 2 14 0 13 -0.952 -5.619 -1.589
SPIN 2 14 0 14 -1.813 1.749 5.353
SPIN 2 14 0 15 -5.910 -0.223 0.156
SPIN 3 14 1 0 -1.850 2.443 5.060
SPIN 3 14 1 1 0.402 0.302 -5.895
SPIN 3 14 1 2 0.209 -4.709 -3.575
SPIN 3 14 1 3 -4.643 -3.560 -0.876
SPIN 3 14 1 4 3.089 3.307 3.811
SPIN 3 14 1 5 -3.482 -4.693 0.923
SPIN 3 14 1 6 0.045 -5.842 0.934
SPIN 3 14 1 7 -2.690 -2.717 4.514
SPIN 3 14 1 8 5.332 1.920 -1.698
SPIN 3 14 1 9 -5.346 -0.985 2.335
SPIN 3 14 1 10 -3.907 -4.442 0.072
SPIN 3 14 1 11 -2.807 2.247 4.698
SPIN 3 14 1 12 4.528 -0.882 -3.704
SPIN 3 14 1 13 -0.336 -1.914 -5.588
SPIN 3 14 1 14 -3.510 -2.566 4.012
SPIN 3 14 1 15 0.589 5.881 -0.259
SPIN 2 14 1 0 -2.905 5.129 -0.508
SPIN 2 14 1 1 -4.420 -3.312 2.120
SPIN 2 14 1 2 -2.293 5.314 1.229
SPIN 2 14 1 3 4.042 -3.809 2.037
SPIN 2 14 1 4 -5.759 1.349 0.099
SPIN 2 14 1 5 4.054 -0.856 -4.223
SPIN 2 14 1 6 -3.006 -1.502 -4.869
SPIN 2 14 1 7 -0.535 5.817 -0.935
SPIN 2 14 1 8 2.016 3.081 4.631
SPIN 2 14 1 9 -2.685 -4.039 -3.388
SPIN 2 14 1 10 -2.537 4.728 2.492
SPIN 2 14 1 11 -4.003 2.424 3.620
SPIN 2 14 1 12 4.912 0.492 3.261
SPIN 2 14 1 13 -4.142 3.041 -2.932
SPIN 2 14 1 14 3.042 4.719 -1.866
SPIN 2 14 1 15 -2.389 2.811 4.625
SPIN 3 14 2 0 4.054 -2.876 3.209
SPIN 3 14 2 1 -4.974 -2.198 2.331
SPIN 3 14 2 2 4.027 -2.174 -3.749
SPIN 3 14 2 3 3.116 3.236 3.849
SPIN 3 14 2 4 -5.494 -1.757 1.314
SPIN 3 14 2 5 0.938 -4.756 3.391
SPIN 3 14 2 6 4.815 -3.437 -0.019
SPIN 3 14 2 7 -1.229 5.745 -0.699
SPIN 3 14 2 8 -4.453 1.974 -3.358
SPIN 3 14 2 9 4.764 3.376 0.953
SPIN 3 14 2 10 -2.646 4.283 -3.108
SPIN 3 14 2 11 4.509 -3.829 0.068
SPIN 3 14 2 12 -5.604 -1.546 -1.096
SPIN 3 14 2 13 4.713 -1.921 3.016
SPIN 3 14 2 14 0.675 4.979 -3.123
SPIN 3 14 2 15 4.507 -3.725 0.900
SPIN 2 14 2 0 5.829 0.295 0.969
SPIN 2 14 2 1 -4.148 4.198 -0.409
SPIN 2 14 2 2 4.335 2.116 -3.425
SPIN 2 14 2 3 -1.602 2.996 4.843
SPIN 2 14 2 4 -3.588 -4.676 0.512
SPIN 2 14 2 5 -1.761 5.645 0.175
SPIN 2 14 2 6 -4.253 -2.944 2.871
SPIN 2 14 2 7 4.822 -2.765 2.025
SPIN 2 14 2 8 -5.554 2.025 -0.222
SPIN 2 14 2 9 0.863 -5.803 0.763
SPIN 2 14 2 10 -1.160 -2.561 -5.206
SPIN 2 14 2 11 3.105 -1.210 -4.889
SPIN 2 14 2 12 -2.456 -3.403 4.170
SPIN 2 14 2 13 -0.106 3.847 4.493
SPIN 2 14 2 14 0.911 1.167 -5.728
SPIN 2 14 2 15 4.379 3.923 -0.658
SPIN 3 14 3 0 2.154 -1.648 -5.258
SPIN 3 14 3 1 5.847 -0.315 0.844
SPIN 3 14 3 2 -1.526 5.706 -0.328
SPIN 3 14 3 3 -5.115 2.105 -2.099
SPIN 3 14 3 4 0.842 2.820 5.132
SPIN 3 14 3 5 2.196 5.486 -0.290
SPIN 3 14 3 6 4.962 -1.045 3.048
SPIN 3 14 3 7 3.683 -4.629 -0.052
SPIN 3 14 3 8 0.042 5.423 2.364
SPIN 3 14 3 9 3.272 -4.076 2.771
SPIN 3 14 3 10 1.220 -4.845 -3.168
SPIN 3 14 3 11 -0.263 5.649 -1.739
SPIN 3 14 3 12 2.101 -2.113 -5.111
SPIN 3 14 3 13 -5.750 -0.878 1.079
SPIN 3 14 3 14 1.562 -3.943 4.124
SPIN 3 14 3 15 -0.830 -0.200 -5.854
SPIN 2 14 3 0 0.818 5.823 0.653
SPIN 2 14 3 1 -2.274 -3.464 4.222
SPIN 2 14 3 2 4.306 -3.991 0.730
SPIN 2 14 3 3 -2.985 0.413 5.091
SPIN 2 14 3 4 3.572 -1.041 -4.600
SPIN 2 14 3 5 2.160 0.822 5.446
SPIN 2 14 3 6 -0.759 -5.005 -3.061
SPIN 2 14 3 7 -3.376 2.787 -3.980
SPIN 2 14 3 8 3.795 0.402 4.521
SPIN 2 14 3 9 1.513 1.643 -5.478
SPIN 2 14 3 10 -0.725 -1.878 5.563
SPIN 2 14 3 11 0.383 -3.120 5.012
SPIN 2 14 3 12 -3.392 -4.775 0.832
SPIN 2 14 3 13 0.438 4.355 -3.980
SPIN 2 14 3 14 -0.404 -4.600 3.698
SPIN 2 14 3 15 2.732 -4.556 -2.604
SPIN 3 14 4 0 1.842 1.205 5.491
SPIN 3 14 4 1 -1.241 5.081 -2.765
SPIN 3 14 4 2 -2.826 4.872 -1.809
SPIN 3 14 4 3 3.061 3.660 -3.497
SPIN 3 14 4 4 4.835 -2.955 -1.701
SPIN 3 14 4 5 0.294 -1.659 5.671
SPIN 3 14 4 6 4.258 -0.406 -4.087
SPIN 3 14 4 7 -1.053 4.247 3.982
SPIN 3 14 4 8 -4.863 0.341 -3.352
SPIN 3 14 4 9 3.061 4.936 -1.124
SPIN 3 14 4 10 -2.940 5.089 0.679
SPIN 3 14 4 11 -2.336 5.430 -0.235
SPIN 3 14 4 12 2.697 1.624 5.009
SPIN 3 14 4 13 2.751 -1.528 -5.010
SPIN 3 14 4 14 -2.837 4.985 -1.449
SPIN 3 14 4 15 2.926 -5.094 0.698
SPIN 2 14 4 0 3.213 -1.288 4.798
SPIN 2 14 4 1 -3.184 2.726 -4.175
SPIN 2 14 4 2 -3.189 -4.657 -1.774
SPIN 2 14 4 3 -0.480 -3.234 4.931
SPIN 2 14 4 4 0.374 -4.348 -3.994
SPIN 2 14 4 5 0.159 -5.169 2.873
SPIN 2 14 4 6 -0.040 2.573 5.327
SPIN 2 14 4 7 2.946 4.153 3.013
SPIN 2 14 4 8 1.711 -5.662 -0.107
SPIN 2 14 4 9 -2.215 -1.347 5.318
SPIN 2 14 4 10 -0.667 5.846 -0.613
SPIN 2 14 4 11 0.188 -4.448 -3.897
SPIN 2 14 4 12 5.244 -2.055 1.812
SPIN 2 14 4 13 -3.825 4.488 -0.479
SPIN 2 14 4 14 0.373 1.717 -5.649
SPIN 2 14 4 15 2.170 3.367 4.354
SPIN 3 14 5 0 -3.966 -3.430 2.740
SPIN 3 14 5 1 -5.070 -2.996 -0.561
SPIN 3 14 5 2 0.503 4.020 4.311
SPIN 3 14 5 3 5.832 0.698 -0.707
SPIN 3 14 5 4 -4.053 3.183 2.905
SPIN 3 14 5 5 -0.869 2.273 -5.392
SPIN 3 14 5 6 -1.945 -1.003 5.496
SPIN 3 14 5 7 4.792 0.358 -3.451
SPIN 3 14 5 8 2.312 5.151 1.768
SPIN 3 14 5 9 -5.747 0.414 -1.342
SPIN 3 14 5 10 -3.775 4.441 -1.013
SPIN 3 14 5 11 -1.567 -5.416 1.792
SPIN 3 14 5 12 -5.670 1.060 1.314
SPIN 3 14 5 13 -3.443 4.732 -0.870
SPIN 3 14 5 14 4.735 -1.112 3.367
SPIN 3 14 5 15 -0.223 2.089 -5.530
SPIN 2 14 5 0 -2.526 -3.345 -4.175
SPIN 2 14 5 1 1.867 -3.689 4.232
SPIN 2 14 5 2 -2.180 5.252 1.631
SPIN 2 14 5 3 1.938 -5.303 1.767
SPIN 2 14 5 4 -2.562 4.555 -2.772
SPIN 2 14 5 5 4.244 -4.109 -0.322
SPIN 2 14 5 6 4.774 3.381 0.881
SPIN 2 14 5 7 -2.703 -1.955 4.886
SPIN 2 14 5 8 -5.811 0.011 1.110
SPIN 2 14 5 9 -4.555 2.610 2.727
SPIN 2 14 5 10 0.954 -3.594 -4.602
SPIN 2 14 5 11 3.630 4.408 -1.547
SPIN 2 14 5 12 -4.728 -0.441 3.528
SPIN 2 14 5 13 5.258 -2.536 -0.959
SPIN 2 14 5 14 2.223 0.076 -5.482
SPIN 2 14 5 15 1.486 -5.649 -0.940
SPIN 3 14 6 0 4.932 2.913 1.481
SPIN 3 14 6 1 -0.357 5.449 -2.277
SPIN 3 14 6 2 3.296 -4.221 -2.514
SPIN 3 14 6 3 5.016 -1.408 -2.802
SPIN 3 14 6 4 -5.374 1.515 -1.955
SPIN 3 14 6 5 3.286 3.208 -3.730
SPIN 3 14 6 6 1.181 4.174 -4.023
SPIN 3 14 6 7 0.246 -4.902 -3.303
SPIN 3 14 6 8 -5.891 -0.292 -0.465
SPIN 3 14 6 9 -1.713 -5.486 -1.404
SPIN 3 14 6 10 0.907 3.855 -4.395
SPIN 3 14 6 11 5.704 0.077 1.569
SPIN 3 14 6 12 4.399 3.949 0.223
SPIN 3 14 6 13 -5.145 2.878 0.498
SPIN 3 14 6 14 -3.359 -0.966 4.774
SPIN 3 14 6 15 -0.965 2.304 5.363
SPIN 2 14 6 0 1.977 5.571 0.243
SPIN 2 14 6 1 -5.618 -1.242 1.376
SPIN 2 14 6 2 2.480 4.180 3.373
SPIN 2 14 6 3 -1.681 -0.338 -5.662
SPIN 2 14 6 4 -4.948 -2.724 -1.760
SPIN 2 14 6 5 1.289 0.634 5.739
SPIN 2 14 6 6 5.860 -0.267 -0.769
SPIN 2 14 6 7 -3.137 0.333 5.005
SPIN 2 14 6 8 4.080 -2.353 -3.580
SPIN 2 14 6 9 -0.625 5.632 -1.700
SPIN 2 14 6 10 -3.498 -2.464 4.085
SPIN 2 14 6 11 -4.189 2.085 3.620
SPIN 2 14 6 12 0.769 -4.666 3.555
SPIN 2 14 6 13 -5.686 0.049 -1.633
SPIN 2 14 6 14 -3.389 -4.772 0.861
SPIN 2 14 6 15 3.388 0.111 -4.849
SPIN 3 14 7 0 -3.876 3.477 -2.808
SPIN 3 14 7 1 -1.384 4.836 3.113
SPIN 3 14 7 2 -5.288 -0.158 2.648
SPIN 3 14 7 3 0.049 4.170 -4.196
SPIN 3 14 7 4 1.474 -1.967 5.381
SPIN 3 14 7 5 -0.373 5.873 -0.608
SPIN 3 14 7 6 -0.604 -4.871 3.302
SPIN 3 14 7 7 -3.917 4.423 -0.301
SPIN 3 14 7 8 -3.399 4.830 0.343
SPIN 3 14 7 9 -1.725 -2.552 5.051
SPIN 3 14 7 10 -2.576 -4.807 -2.294
SPIN 3 14 7 11 0.350 5.899 0.287
SPIN 3 14 7 12 -5.671 0.952 1.392
SPIN 3 14 7 13 0.343 -2.988 5.095
SPIN 3 14 7 14 2.852 3.252 -4.036
SPIN 3 14 7 15 3.115 -4.949 -0.895
SPIN 2 14 7 0 -2.059 5.155 -2.046
SPIN 2 14 7 1 5.796 -0.634 -1.003
SPIN 2 14 7 2 -0.107 -4.287 -4.075
SPIN 2 14 7 3 4.342 -1.502 3.727
SPIN 2 14 7 4 -1.615 1.699 -5.432
SPIN 2 14 7 5 -0.898 -3.291 -4.834
SPIN 2 14 7 6 1.570 1.655 5.458
SPIN 2 14 7 7 0.961 -3.167 -4.904
SPIN 2 14 7 8 -4.697 -1.635 -3.204
SPIN 2 14 7 9 -4.556 -1.554 -3.439
SPIN 2 14 7 10 2.937 4.832 -1.738
SPIN 2 14 7 11 -0.055 -5.915 -0.101
SPIN 2 14 7 12 -0.699 5.316 2.501
SPIN 2 14 7 13 1.871 -1.722 -5.342
SPIN 2 14 7 14 5.707 -0.389 -1.510
SPIN 2 14 7 15 1.097 -2.890 5.044
SPIN 3 14 8 0 1.401 -3.688 -4.409
SPIN 3 14 8 1 -3.163 -3.827 3.217
SPIN 3 14 8 2 3.652 4.481 1.259
SPIN 3 14 8 3 -4.173 -2.285 3.517
SPIN 3 14 8 4 4.818 3.264 -1.066
SPIN 3 14 8 5 -4.798 0.956 -3.327
SPIN 3 14 8 6 -4.127 -0.890 -4.145
SPIN 3 14 8 7 4.417 3.936 0.043
SPIN 3 14 8 8 -2.515 -5.217 1.208
SPIN 3 14 8 9 -3.929 -3.389 -2.842
SPIN 3 14 8 10 4.208 1.999 3.647
SPIN 3 14 8 11 0.889 2.859 5.103
SPIN 3 14 8 12 4.686 -2.339 2.751
SPIN 3 14 8 13 -3.339 3.497 3.409
SPIN 3 14 8 14 3.732 -3.423 -3.058
SPIN 3 14 8 15 -0.095 5.483 2.220
SPIN 2 14 8 0 -1.298 -5.428 -1.963
SPIN 2 14 8 1 -1.797 4.864 2.849
SPIN 2 14 8 2 1.236 5.774 -0.361
SPIN 2 14 8 3 -0.480 -2.447 5.365
SPIN 2 14 8 4 -0.129 1.131 -5.805
SPIN 2 14 8 5 -0.244 -0.999 5.826
SPIN 2 14 8 6 -1.183 1.827 -5.501
SPIN 2 14 8 7 -2.658 -4.202 -3.206
SPIN 2 14 8 8 -1.549 -5.673 -0.646
SPIN 2 14 8 9 3.401 -4.786 -0.724
SPIN 2 14 8 10 2.733 4.991 1.618
SPIN 2 14 8 11 -0.116 -3.129 -5.020
SPIN 2 14 8 12 0.094 1.700 5.666
SPIN 2 14 8 13 4.264 -4.101 0.018
SPIN 2 14 8 14 -4.890 -3.108 1.194
SPIN 2 14 8 15 2.874 4.517 2.518
SPIN 3 14 9 0 -1.958 -2.640 4.919
SPIN 3 14 9 1 3.232 1.760 -4.632
SPIN 3 14 9 2 -1.932 -3.590 -4.287
SPIN 3 14 9 3 -2.922 2.420 -4.539
SPIN 3 14 9 4 4.309 -0.770 -3.980
SPIN 3 14 9 5 4.651 2.635 2.534
SPIN 3 14 9 6 2.879 4.385 -2.735
SPIN 3 14 9 7 3.245 -4.295 2.455
SPIN 3 14 9 8 -5.846 0.638 0.650
SPIN 3 14 9 9 5.543 2.068 -0.023
SPIN 3 14 9 10 -2.791 -1.048 5.110
SPIN 3 14 9 11 -4.820 -0.169 -3.426
SPIN 3 14 9 12 2.696 5.217 -0.713
SPIN 3 14 9 13 -3.094 -4.233 -2.740
SPIN 3 14 9 14 2.004 -3.014 4.680
SPIN 3 14 9 15 2.618 -4.430 -2.919
SPIN 2 14 9 0 -4.779 -2.591 2.335
SPIN 2 14 9 1 0.652 4.159 -4.157
SPIN 2 14 9 2 4.103 -1.039 4.134
SPIN 2 14 9 3 3.962 -4.042 -1.722
SPIN 2 14 9 4 -1.725 -5.183 2.271
SPIN 2 14 9 5 -1.764 4.845 -2.901
SPIN 2 14 9 6 -5.691 -1.271 0.997
SPIN 2 14 9 7 -3.994 -0.500 4.336
SPIN 2 14 9 8 -2.616 -0.563 -5.276
SPIN 2 14 9 9 -2.951 -4.034 3.166
SPIN 2 14 9 10 1.761 -4.561 -3.331
SPIN 2 14 9 11 3.500 1.626 4.484
SPIN 2 14 9 12 -0.761 -1.035 5.775
SPIN 2 14 9 13 0.309 -3.748 4.567
SPIN 2 14 9 14 1.903 -5.188 2.113
SPIN 2 14 9 15 1.442 4.830 -3.097
SPIN 3 14 10 0 4.769 -1.213 -3.284
SPIN 3 14 10 1 -0.532 -3.282 4.893
SPIN 3 14 10 2 4.388 1.280 3.756
SPIN 3 14 10 3 -3.652 -3.540 -3.022
SPIN 3 14 10 4 -5.177 2.433 1.511
SPIN 3 14 10 5 2.180 -5.316 1.409
SPIN 3 14 10 6 5.182 1.792 2.221
SPIN 3 14 10 7 -3.342 4.879 -0.156
SPIN 3 14 10 8 2.377 -5.173 1.608
SPIN 3 14 10 9 0.599 2.496 -5.330
SPIN 3 14 10 10 -2.723 5.207 -0.691
SPIN 3 14 10 11 2.248 2.740 4.737
SPIN 3 14 10 12 -0.377 5.193 2.810
SPIN 3 14 10 13 2.859 -2.979 -4.237
SPIN 3 14 10 14 -2.908 3.431 -3.843
SPIN 3 14 10 15 -5.582 -1.913 0.432
SPIN 2 14 10 0 1.438 5.737 -0.122
SPIN 2 14 10 1 -1.463 -5.181 2.454
SPIN 2 14 10 2 -4.406 3.486 -1.853
SPIN 2 14 10 3 2.833 -5.084 1.062
SPIN 2 14 10 4 -1.121 5.190 -2.609
SPIN 2 14 10 5 5.021 -2.809 -1.378
SPIN 2 14 10 6 1.836 -2.565 -5.005
SPIN 2 14 10 7 4.927 -2.446 -2.177
SPIN 2 14 10 8 -3.019 4.807 1.666
SPIN 2 14 10 9 2.618 -5.297 0.298
SPIN 2 14 10 10 4.867 -1.330 3.089
SPIN 2 14 10 11 -3.787 -4.268 -1.563
SPIN 2 14 10 12 0.462 -2.505 -5.339
SPIN 2 14 10 13 -5.030 3.113 -0.081
SPIN 2 14 10 14 1.860 4.085 3.854
SPIN 2 14 10 15 -2.642 5.272 0.479
SPIN 3 14 11 0 3.875 4.410 -0.731
SPIN 3 14 11 1 -5.083 1.984 2.286
SPIN 3 14 11 2 -1.521 -1.331 -5.560
SPIN 3 14 11 3 -2.087 -2.173 5.091
SPIN 3 14 11 4 -3.240 4.881 0.825
SPIN 3 14 11 5 -5.231 1.361 -2.405
SPIN 3 14 11 6 0.034 1.400 5.748
SPIN 3 14 11 7 -0.713 -4.955 3.153
SPIN 3 14 11 8 -5.306 2.015 1.669
SPIN 3 14 11 9 0.660 -3.519 -4.710
SPIN 3 14 11 10 3.920 4.263 1.206
SPIN 3 14 11 11 2.578 4.667 -2.563
SPIN 3 14 11 12 2.814 -4.331 -2.885
SPIN 3 14 11 13 0.836 -3.518 4.682
SPIN 3 14 11 14 0.644 -0.697 -5.840
SPIN 3 14 11 15 -2.630 -3.238 4.195
SPIN 2 14 11 0 -1.640 -4.560 -3.394
SPIN 2 14 11 1 -4.257 4.092 -0.366
SPIN 2 14 11 2 -0.483 5.546 2.001
SPIN 2 14 11 3 2.224 -5.460 0.496
SPIN 2 14 11 4 3.471 -4.370 -1.964
SPIN 2 14 11 5 4.246 -3.917 1.278
SPIN 2 14 11 6 -1.492 3.545 4.495
SPIN 2 14 11 7 1.588 5.185 -2.365
SPIN 2 14 11 8 2.336 -4.125 3.540
SPIN 2 14 11 9 -3.253 4.457 2.133
SPIN 2 14 11 10 -2.375 -4.066 -3.582
SPIN 2 14 11 11 1.622 2.846 4.927
SPIN 2 14 11 12 0.259 -2.989 5.099
SPIN 2 14 11 13 -1.405 -5.105 2.639
SPIN 2 14 11 14 -3.658 4.313 -1.738
SPIN 2 14 11 15 -1.250 -3.965 4.210
SPIN 3 14 12 0 5.106 -1.022 2.808
SPIN 3 14 12 1 3.315 -2.870 3.972
SPIN 3 14 12 2 -1.994 -0.135 5.568
SPIN 3 14 12 3 5.449 -0.489 2.251
SPIN 3 14 12 4 1.908 5.024 2.474
SPIN 3 14 12 5 -0.190 -4.648 3.655
SPIN 3 14 12 6 -1.339 -2.365 -5.255
SPIN 3 14 12 7 1.424 5.390 1.980
SPIN 3 14 12 8 3.364 -2.731 -4.028
SPIN 3 14 12 9 2.071 -4.716 2.910
SPIN 3 14 12 10 -4.498 2.812 -2.619
SPIN 3 14 12 11 4.588 3.196 -1.933
SPIN 3 14 12 12 -5.434 -2.330 0.219
SPIN 3 14 12 13 3.463 2.659 -3.992
SPIN 3 14 12 14 3.555 0.502 4.702
SPIN 3 14 12 15 0.530 -2.496 -5.337
SPIN 2 14 12 0 -0.310 4.921 3.270
SPIN 2 14 12 1 5.100 -0.453 2.965
SPIN 2 14 12 2 -5.635 -1.659 -0.705
SPIN 2 14 12 3 2.799 3.309 4.027
SPIN 2 14 12 4 2.234 -5.469 0.313
SPIN 2 14 12 5 -5.514 1.042 -1.875
SPIN 2 14 12 6 3.506 -0.745 -4.707
SPIN 2 14 12 7 -1.288 -5.508 -1.733
SPIN 2 14 12 8 -0.126 1.232 -5.785
SPIN 2 14 12 9 5.576 1.283 1.503
SPIN 2 14 12 10 5.552 -1.306 -1.571
SPIN 2 14 12 11 -3.487 -1.015 -4.670
SPIN 2 14 12 12 -1.305 0.890 -5.701
SPIN 2 14 12 13 -2.314 1.655 -5.187
SPIN 2 14 12 14 -1.580 -5.644 -0.807
SPIN 2 14 12 15 -4.430 -2.030 3.355
SPIN 3 14 13 0 -4.525 0.574 -3.767
SPIN 3 14 13 1 -2.360 1.392 5.243
SPIN 3 14 13 2 4.257 0.140 -4.106
SPIN 3 14 13 3 1.454 -2.184 5.302
SPIN 3 14 13 4 -3.089 -5.043 0.158
SPIN 3 14 13 5 3.934 1.478 4.164
SPIN 3 14 13 6 -4.828 1.331 3.149
SPIN 3 14 13 7 2.482 5.307 0.822
SPIN 3 14 13 8 -3.044 -2.236 4.553
SPIN 3 14 13 9 -4.746 3.363 -1.082
SPIN 3 14 13 10 3.170 4.073 2.892
SPIN 3 14 13 11 -3.936 -4.416 0.079
SPIN 3 14 13 12 0.674 3.847 -4.444
SPIN 3 14 13 13 2.868 -1.917 4.806
SPIN 3 14 13 14 5.126 2.939 0.300
SPIN 3 14 13 15 -1.402 5.548 1.501
SPIN 2 14 13 0 -3.314 -2.982 -3.889
SPIN 2 14 13 1 5.605 -0.394 -1.851
SPIN 2 14 13 2 1.817 4.666 -3.151
SPIN 2 14 13 3 -2.295 1.149 -5.331
SPIN 2 14 13 4 -4.402 -1.539 3.640
SPIN 2 14 13 5 4.259 -3.861 -1.399
SPIN 2 14 13 6 2.922 4.687 2.120
SPIN 2 14 13 7 -1.404 4.788 -3.179
SPIN 2 14 13 8 3.653 -2.267 4.064
SPIN 2 14 13 9 3.240 -4.590 1.854
SPIN 2 14 13 10 -1.442 3.903 -4.206
SPIN 2 14 13 11 3.764 0.319 4.553
SPIN 2 14 13 12 -1.727 1.011 5.567
SPIN 2 14 13 13 -3.981 -3.244 -2.937
SPIN 2 14 13 14 1.445 -1.060 5.638
SPIN 2 14 13 15 1.900 5.599 0.202
SPIN 3 14 14 0 -2.660 3.769 3.705
SPIN 3 14 14 1 4.382 1.694 3.596
SPIN 3 14 14 2 -4.941 -2.217 -2.382
SPIN 3 14 14 3 -2.998 4.739 -1.886
SPIN 3 14 14 4 -2.422 5.333 -0.832
SPIN 3 14 14 5 -4.535 -2.940 2.406
SPIN 3 14 14 6 3.487 -1.915 4.379
SPIN 3 14 14 7 1.060 -5.819 -0.104
SPIN 3 14 14 8 5.252 1.861 1.990
SPIN 3 14 14 9 -3.996 -2.579 -3.519
SPIN 3 14 14 10 5.889 0.450 -0.345
SPIN 3 14 14 11 1.555 5.614 -1.034
SPIN 3 14 14 12 1.156 3.025 4.951
SPIN 3 14 14 13 4.302 4.034 -0.475
SPIN 3 14 14 14 -3.237 1.192 4.806
SPIN 3 14 14 15 4.769 2.397 -2.551
SPIN 2 14 14 0 -2.119 5.351 -1.369
SPIN 2 14 14 1 -1.448 -2.738 5.041
SPIN 2 14 14 2 -3.922 2.564 3.612
SPIN 2 14 14 3 5.005 0.750 3.064
SPIN 2 14 14 4 -3.592 3.724 2.869
SPIN 2 14 14 5 -4.546 -3.782 -0.179
SPIN 2 14 14 6 -1.151 -5.742 0.840
SPIN 2 14 14 7 -1.014 4.977 3.033
SPIN 2 14 14 8 -1.520 1.193 -5.592
SPIN 2 14 14 9 -1.248 1.574 5.565
SPIN 2 14 14 10 -3.716 0.987 -4.497
SPIN 2 14 14 11 4.355 3.230 2.367
SPIN 2 14 14 12 -4.561 2.309 -2.978
SPIN 2 14 14 13 -4.596 -3.715 -0.289
SPIN 2 14 14 14 -1.358 1.360 -5.595
SPIN 2 14 14 15 1.699 -1.738 5.394
SPIN 3 14 15 0 1.196 -5.743 -0.762
SPIN 3 14 15 1 -0.200 4.746 3.526
SPIN 3 14 15 2 -2.144 -5.433 0.941
SPIN 3 14 15 3 0.100 3.152 -5.005
SPIN 3 14 15 4 5.563 -2.012 -0.052
SPIN 3 14 15 5 1.192 -4.713 -3.372
SPIN 3 14 15 6 -4.553 3.202 -2.004
SPIN 3 14 15 7 -3.621 3.490 3.116
SPIN 3 14 15 8 -2.323 -0.265 -5.434
SPIN 3 14 15 9 5.468 2.227 0.371
SPIN 3 14 15 10 1.967 -4.420 3.405
SPIN 3 14 15 11 -4.381 3.381 2.093
SPIN 3 14 15 12 4.987 1.590 2.756
SPIN 3 14 15 13 0.878 -2.561 -5.260
SPIN 3 14 15 14 -1.590 5.678 -0.486
SPIN 3 14 15 15 4.179 0.353 4.173
SPIN 2 14 15 0 -5.013 2.710 1.589
SPIN 2 14 15 1 1.519 -4.858 -3.015
SPIN 2 14 15 2 4.068 -4.292 0.169
SPIN 2 14 15 3 -4.826 -3.092 1.468
SPIN 2 14 15 4 4.827 3.249 1.072
SPIN 2 14 15 5 5.534 1.307 -1.634
SPIN 2 14 15 6 3.900 3.739 2.411
SPIN 2 14 15 7 3.451 4.802 -0.173
SPIN 2 14 15 8 -1.901 -0.376 5.590
SPIN 2 14 15 9 -0.550 5.552 1.969
SPIN 2 14 15 10 3.040 -4.747 1.795
SPIN 2 14 15 11 -1.873 4.950 -2.644
SPIN 2 14 15 12 3.073 -3.651 -3.497
SPIN 2 14 15 13 2.905 4.545 -2.431
SPIN 2 14 15 14 5.476 2.199 -0.417
SPIN 2 14 15 15 -2.316 -4.520 3.034
SPIN 1 15 0 0 -4.827 0.540 3.377
SPIN 1 15 0 1 4.320 -3.358 -2.249
SPIN 1 15 0 2 4.922 2.537 -2.083
SPIN 1 15 0 3 -1.700 3.020 -4.795
SPIN 1 15 0 4 2.788 4.727 -2.210
SPIN 1 15 0 5 -5.282 2.073 -1.674
SPIN 1 15 0 6 -0.018 -5.535 -2.089
SPIN 1 15 0 7 -1.071 4.485 3.706
SPIN 1 15 0 8 -5.728 -0.431 1.414
SPIN 1 15 0 9 4.526 -0.519 3.774
SPIN 1 15 0 10 -5.176 2.546 1.315
SPIN 1 15 0 11 2.295 4.169 -3.514
SPIN 1 15 0 12 -2.210 -3.007 4.591
SPIN 1 15 0 13 4.810 -2.208 2.643
SPIN 1 15 0 14 -5.624 -0.472 1.773
SPIN 1 15 0 15 4.278 -4.078 -0.261
SPIN 4 15 0 0 4.202 -3.733 -1.847
SPIN 4 15 0 1 0.312 -2.948 5.120
SPIN 4 15 0 2 0.545 -3.821 4.484
SPIN 4 15 0 3 2.940 3.661 3.599
SPIN 4 15 0 4 1.647 -5.583 -1.054
SPIN 4 15 0 5 3.476 1.987 4.355
SPIN 4 15 0 6 4.782 -2.108 -2.773
SPIN 4 15 0 7 3.427 -0.552 4.791
SPIN 4 15 0 8 5.460 -0.468 -2.230
SPIN 4 15 0 9 -4.095 -1.010 -4.148
SPIN 4 15 0 10 2.878 -4.897 -1.653
SPIN 4 15 0 11 0.037 0.558 -5.890
SPIN 4 15 0 12 0.248 5.344 2.526
SPIN 4 15 0 13 2.429 2.807 4.607
SPIN 4 15 0 14 -3.814 -1.067 -4.395
SPIN 4 15 0 15 2.357 -1.112 -5.311
SPIN 1 15 1 0 -1.698 4.559 3.367
SPIN 1 15 1 1 -2.078 2.171 -5.096
SPIN 1 15 1 2 2.613 4.503 2.810
SPIN 1 15 1 3 -5.863 0.787 0.072
SPIN 1 15 1 4 2.495 -0.359 5.352
SPIN 1 15 1 5 -5.406 -2.023 1.298
SPIN 1 15 1 6 5.672 1.118 -1.255
SPIN 1 15 1 7 -3.831 0.839 -4.429
SPIN 1 15 1 8 5.120 2.682 -1.261
SPIN 1 15 1 9 -5.106 -2.968 0.352
SPIN 1 15 1 10 5.104 -2.729 -1.227
SPIN 1 15 1 11 -1.639 -5.363 1.885
SPIN 1 15 1 12 -0.713 5.790 -0.984
SPIN 1 15 1 13 2.759 -4.637 2.426
SPIN 1 15 1 14 -5.356 2.513 -0.038
SPIN 1 15 1 15 1.847 -5.598 0.500
SPIN 4 15 1 0 -0.349 1.231 5.776
SPIN 4 15 1 1 -4.408 -0.994 -3.818
SPIN 4 15 1 2 -5.651 1.026 -1.419
SPIN 4 15 1 3 -1.862 -3.970 -3.971
SPIN 4 15 1 4 2.105 3.877 3.942
SPIN 4 15 1 5 -4.132 1.027 4.108
SPIN 4 15 1 6 -5.898 -0.106 0.454
SPIN 4 15 1 7 -3.412 -3.228 -3.597
SPIN 4 15 1 8 2.033 -5.011 -2.400
SPIN 4 15 1 9 -0.625 5.883 -0.067
SPIN 4 15 1 10 -4.807 3.252 -1.150
SPIN 4 15 1 11 -2.302 -3.902 3.804
SPIN 4 15 1 12 0.973 -5.827 0.315
SPIN 4 15 1 13 5.002 -1.098 2.962
SPIN 4 15 1 14 -0.004 4.068 -4.295
SPIN 4 15 1 15 2.488 -0.390 -5.353
SPIN 1 15 2 0 2.947 3.987 -3.228
SPIN 1 15 2 1 2.105 -3.812 -4.005
SPIN 1 15 2 2 1.040 -1.989 5.474
SPIN 1 15 2 3 2.630 -3.425 -4.044
SPIN 1 15 2 4 -1.807 4.536 3.341
SPIN 1 15 2 5 2.504 -2.562 -4.708
SPIN 1 15 2 6 2.576 -2.688 4.598
SPIN 1 15 2 7 -2.930 4.289 2.831
SPIN 1 15 2 8 3.024 2.748 4.278
SPIN 1 15 2 9 -4.202 -0.071 -4.164
SPIN 1 15 2 10 4.600 0.131 3.718
SPIN 1 15 2 11 4.470 -1.483 3.580
SPIN 1 15 2 12 5.091 0.270 3.002
SPIN 1 15 2 13 -3.401 4.840 0.076
SPIN 1 15 2 14 1.657 -1.837 5.374
SPIN 1 15 2 15 -4.797 -0.160 3.459
SPIN 4 15 2 0 2.737 -5.121 1.133
SPIN 4 15 2 1 5.843 0.271 -0.885
SPIN 4 15 2 2 -5.452 1.632 1.617
SPIN 4 15 2 3 -0.883 5.472 -2.068
SPIN 4 15 2 4 -1.682 -5.354 1.873
SPIN 4 15 2 5 4.902 2.920 1.564
SPIN 4 15 2 6 -5.361 1.044 -2.273
SPIN 4 15 2 7 -2.725 -2.484 -4.626
SPIN 4 15 2 8 5.293 2.637 -0.160
SPIN 4 15 2 9 -1.589 1.506 5.496
SPIN 4 15 2 10 4.576 -2.055 3.137
SPIN 4 15 2 11 -4.927 2.103 -2.509
SPIN 4 15 2 12 0.282 -3.430 4.812
SPIN 4 15 2 13 -2.282 -5.080 -1.997
SPIN 4 15 2 14 1.918 2.976 4.740
SPIN 4 15 2 15 -3.981 1.246 -4.195
SPIN 1 15 3 0 -5.567 -0.941 -1.766
SPIN 1 15 3 1 0.474 3.005 5.074
SPIN 1 15 3 2 2.769 -4.261 -3.029
SPIN 1 15 3 3 -1.668 -2.850 4.908
SPIN 1 15 3 4 1.704 -0.333 -5.656
SPIN 1 15 3 5 -2.832 -2.505 4.550
SPIN 1 15 3 6 0.963 -4.778 -3.354
SPIN 1 15 3 7 -4.208 -3.631 -2.028
SPIN 1 15 3 8 1.278 -2.759 -5.075
SPIN 1 15 3 9 -0.109 3.880 -4.465
SPIN 1 15 3 10 3.470 4.765 0.510
SPIN 1 15 3 11 0.848 5.578 -1.781
SPIN 1 15 3 12 4.283 4.014 -0.733
SPIN 1 15 3 13 0.371 -5.826 -0.957
SPIN 1 15 3 14 -3.458 0.975 -4.700
SPIN 1 15 3 15 4.345 3.240 2.372
SPIN 4 15 3 0 2.370 3.155 -4.408
SPIN 4 15 3 1 -2.290 -2.554 4.820
SPIN 4 15 3 2 -0.519 3.013 -5.065
SPIN 4 15 3 3 5.184 2.415 1.514
SPIN 4 15 3 4 -3.800 -0.888 -4.447
SPIN 4 15 3 5 0.863 -5.020 -3.010
SPIN 4 15 3 6 -4.062 3.107 2.975
SPIN 4 15 3 7 -0.577 4.493 -3.806
SPIN 4 15 3 8 0.305 3.092 -5.034
SPIN 4 15 3 9 -5.857 0.170 0.813
SPIN 4 15 3 10 0.386 -1.469 -5.718
SPIN 4 15 3 11 -3.585 1.397 4.494
SPIN 4 15 3 12 -1.276 3.897 4.265
SPIN 4 15 3 13 4.230 -3.579 2.073
SPIN 4 15 3 14 -2.933 4.920 -1.481
SPIN 4 15 3 15 2.731 -1.384 -5.062
SPIN 1 15 4 0 -0.675 2.069 5.501
SPIN 1 15 4 1 2.033 -5.298 1.671
SPIN 1 15 4 2 5.476 0.806 2.089
SPIN 1 15 4 3 -2.889 -2.847 -4.307
SPIN 1 15 4 4 4.160 3.914 1.539
SPIN 1 15 4 5 0.493 2.950 -5.104
SPIN 1 15 4 6 1.070 -0.228 5.814
SPIN 1 15 4 7 2.672 -4.191 -3.209
SPIN 1 15 4 8 -0.884 -5.518 1.942
SPIN 1 15 4 9 5.185 -2.849 -0.040
SPIN 1 15 4 10 -1.781 -5.330 1.850
SPIN 1 15 4 11 -3.597 0.214 4.692
SPIN 1 15 4 12 0.348 -5.145 -2.899
SPIN 1 15 4 13 0.523 -5.819 -0.933
SPIN 1 15 4 14 -2.760 5.158 -0.882
SPIN 1 15 4 15 4.514 -2.432 -2.950
SPIN 4 15 4 0 -4.039 4.118 -1.314
SPIN 4 15 4 1 -5.552 -0.212 -2.033
SPIN 4 15 4 2 3.267 3.494 -3.482
SPIN 4 15 4 3 0.155 -5.399 -2.414
SPIN 4 15 4 4 -0.868 4.538 3.695
SPIN 4 15 4 5 3.037 -4.692 -1.939
SPIN 4 15 4 6 0.058 1.818 -5.630
SPIN 4 15 4 7 5.897 -0.111 0.459
SPIN 4 15 4 8 -5.711 -1.142 1.039
SPIN 4 15 4 9 1.242 -5.281 -2.360
SPIN 4 15 4 10 -2.566 3.020 4.393
SPIN 4 15 4 11 -5.170 -2.198 -1.856
SPIN 4 15 4 12 -5.070 -0.756 -2.954
SPIN 4 15 4 13 0.784 -5.523 -1.970
SPIN 4 15 4 14 -1.628 5.362 -1.896
SPIN 4 15 4 15 -1.588 -3.040 -4.821
SPIN 1 15 5 0 0.977 -2.486 5.279
SPIN 1 15 5 1 4.905 -0.662 3.241
SPIN 1 15 5 2 -0.475 1.386 -5.732
SPIN 1 15 5 3 2.828 -5.185 -0.336
SPIN 1 15 5 4 4.522 -2.846 2.540
SPIN 1 15 5 5 4.841 2.960 -1.675
SPIN 1 15 5 6 -4.033 4.273 -0.689
SPIN 1 15 5 7 -5.083 -2.452 1.775
SPIN 1 15 5 8 4.918 1.634 -2.854
SPIN 1 15 5 9 5.416 2.176 -0.962
SPIN 1 15 5 10 -5.756 0.798 1.109
SPIN 1 15 5 11 5.486 -0.015 -2.214
SPIN 1 15 5 12 -1.915 -4.770 2.929
SPIN 1 15 5 13 -3.652 1.160 4.508
SPIN 1 15 5 14 5.175 -2.364 1.622
SPIN 1 15 5 15 -5.247 -2.560 0.954
SPIN 4 15 5 0 3.696 -1.250 4.447
SPIN 4 15 5 1 5.022 -3.001 0.880
SPIN 4 15 5 2 -3.284 -0.396 4.905
SPIN 4 15 5 3 3.637 -1.088 4.537
SPIN 4 15 5 4 1.240 -3.864 -4.305
SPIN 4 15 5 5 -0.211 -1.808 5.629
SPIN 4 15 5 6 -3.549 -0.724 -4.678
SPIN 4 15 5 7 -2.811 -3.536 -3.821
SPIN 4 15 5 8 2.672 0.006 -5.278
SPIN 4 15 5 9 -0.871 2.379 5.346
SPIN 4 15 5 10 3.705 3.066 -3.445
SPIN 4 15 5 11 5.760 -0.073 1.349
SPIN 4 15 5 12 -0.565 3.883 -4.427
SPIN 4 15 5 13 -3.272 -2.254 4.383
SPIN 4 15 5 14 -5.613 -0.380 -1.829
SPIN 4 15 5 15 3.292 4.872 0.654
SPIN 1 15 6 0 -1.965 -5.571 0.323
SPIN 1 15 6 1 -4.589 0.201 -3.729
SPIN 1 15 6 2 -2.587 5.032 1.729
SPIN 1 15 6 3 -0.296 3.386 -4.842
SPIN 1 15 6 4 -0.186 -5.913 0.007
SPIN 1 15 6 5 -5.004 -3.139 -0.332
SPIN 1 15 6 6 -0.235 -1.152 5.798
SPIN 1 15 6 7 -0.821 -5.675 1.456
SPIN 1 15 6 8 -0.433 -3.169 4.977
SPIN 1 15 6 9 0.914 2.929 -5.058
SPIN 1 15 6 10 2.815 4.890 1.778
SPIN 1 15 6 11 -5.177 -1.122 -2.635
SPIN 1 15 6 12 1.195 5.380 2.150
SPIN 1 15 6 13 1.157 -5.793 -0.321
SPIN 1 15 6 14 4.181 3.294 2.583
SPIN 1 15 6 15 -4.935 0.739 3.178
SPIN 4 15 6 0 3.696 -0.460 -4.596
SPIN 4 15 6 1 4.838 2.544 2.263
SPIN 4 15 6 2 1.571 1.014 5.613
SPIN 4 15 6 3 -1.032 -4.113 4.125
SPIN 4 15 6 4 -4.983 1.183 2.962
SPIN 4 15 6 5 -0.509 -3.805 -4.501
SPIN 4 15 6 6 -0.655 5.630 1.695
SPIN 4 15 6 7 0.132 0.977 -5.833
SPIN 4 15 6 8 1.643 -1.061 -5.583
SPIN 4 15 6 9 5.247 2.034 1.826
SPIN 4 15 6 10 4.652 -2.393 2.763
SPIN 4 15 6 11 2.928 5.066 0.876
SPIN 4 15 6 12 -2.088 5.233 1.806
SPIN 4 15 6 13 -1.648 4.661 -3.250
SPIN 4 15 6 14 4.861 -3.295 -0.720
SPIN 4 15 6 15 -4.009 -0.831 4.270
SPIN 1 15 7 0 5.387 -1.773 1.685
SPIN 1 15 7 1 -1.585 5.423 -1.754
SPIN 1 15 7 2 -0.318 -1.235 5.777
SPIN 1 15 7 3 1.653 -5.678 -0.178
SPIN 1 15 7 4 1.279 1.039 5.682
SPIN 1 15 7 5 -0.008 0.902 5.847
SPIN 1 15 7 6 -4.499 2.327 -3.056
SPIN 1 15 7 7 0.685 -5.875 0.105
SPIN 1 15 7 8 5.583 1.725 -0.927
SPIN 1 15 7 9 -2.846 -5.136 0.719
SPIN 1 15 7 10 -4.026 -2.735 -3.363
SPIN 1 15 7 11 0.261 1.867 -5.608
SPIN 1 15 7 12 4.021 1.638 4.019
SPIN 1 15 7 13 4.806 3.384 -0.674
SPIN 1 15 7 14 4.496 3.539 1.505
SPIN 1 15 7 15 5.819 -0.856 -0.634
SPIN 4 15 7 0 -1.389 2.808 5.019
SPIN 4 15 7 1 -4.728 -2.621 2.403
SPIN 4 15 7 2 -4.806 3.423 -0.431
SPIN 4 15 7 3 -3.694 3.512 -3.003
SPIN 4 15 7 4 2.557 2.331 4.799
SPIN 4 15 7 5 -5.582 -0.629 -1.857
SPIN 4 15 7 6 4.177 3.797 1.770
SPIN 4 15 7 7 0.052 3.839 -4.501
SPIN 4 15 7 8 1.215 -4.835 3.185
SPIN 4 15 7 9 -2.135 3.334 -4.396
SPIN 4 15 7 10 0.742 5.443 2.195
SPIN 4 15 7 11 -0.646 -5.858 -0.520
SPIN 4 15 7 12 2.912 4.265 -2.886
SPIN 4 15 7 13 -2.926 -3.962 3.278
SPIN 4 15 7 14 -3.006 5.093 0.161
SPIN 4 15 7 15 -3.130 -0.195 -5.016
SPIN 1 15 8 0 -3.721 -3.678 2.762
SPIN 1 15 8 1 -2.455 5.373 0.320
SPIN 1 15 8 2 5.699 0.619 1.463
SPIN 1 15 8 3 -2.890 5.162 -0.076
SPIN 1 15 8 4 -0.095 -5.187 -2.844
SPIN 1 15 8 5 5.768 0.685 -1.123
SPIN 1 15 8 6 -3.961 1.631 4.080
SPIN 1 15 8 7 0.904 2.146 5.439
SPIN 1 15 8 8 -5.483 0.408 -2.184
SPIN 1 15 8 9 -0.253 5.689 1.604
SPIN 1 15 8 10 -4.821 -0.926 3.301
SPIN 1 15 8 11 1.927 -4.280 -3.601
SPIN 1 15 8 12 4.580 -3.742 0.141
SPIN 1 15 8 13 -2.952 -2.175 4.642
SPIN 1 15 8 14 -5.466 1.701 1.494
SPIN 1 15 8 15 0.646 -5.324 2.497
SPIN 4 15 8 0 1.719 -5.635 0.537
SPIN 4 15 8 1 3.020 -5.046 -0.647
SPIN 4 15 8 2 -1.816 0.242 5.625
SPIN 4 15 8 3 -2.758 -2.819 -4.410
SPIN 4 15 8 4 2.568 -5.038 1.739
SPIN 4 15 8 5 -3.751 1.029 -4.458
SPIN 4 15 8 6 -1.070 -0.580 -5.790
SPIN 4 15 8 7 -3.264 4.130 -2.700
SPIN 4 15 8 8 -5.755 1.256 0.554
SPIN 4 15 8 9 5.326 -2.529 -0.486
SPIN 4 15 8 10 4.979 -0.654 -3.128
SPIN 4 15 8 11 -2.074 4.111 -3.715
SPIN 4 15 8 12 -5.036 -0.068 3.105
SPIN 4 15 8 13 3.721 1.814 -4.227
SPIN 4 15 8 14 4.965 -0.225 -3.209
SPIN 4 15 8 15 -0.467 -3.307 4.883
SPIN 1 15 9 0 1.503 4.708 -3.253
SPIN 1 15 9 1 5.471 0.925 2.053
SPIN 1 15 9 2 -4.188 -3.620 2.087
SPIN 1 15 9 3 2.836 5.115 0.891
SPIN 1 15 9 4 1.457 -5.584 1.300
SPIN 1 15 9 5 0.187 -2.811 5.202
SPIN 1 15 9 6 4.443 3.660 1.367
SPIN 1 15 9 7 -3.414 -3.422 3.410
SPIN 1 15 9 8 4.772 -2.267 2.662
SPIN 1 15 9 9 2.703 -0.539 -5.235
SPIN 1 15 9 10 -1.491 4.370 -3.698
SPIN 1 15 9 11 1.864 -0.047 5.614
SPIN 1 15 9 12 -2.000 -4.249 -3.598
SPIN 1 15 9 13 -3.836 3.956 2.152
SPIN 1 15 9 14 3.559 3.876 2.703
SPIN 1 15 9 15 -4.476 0.472 -3.840
SPIN 4 15 9 0 4.134 3.752 1.958
SPIN 4 15 9 1 -5.529 -1.941 0.815
SPIN 4 15 9 2 4.416 -2.290 -3.203
SPIN 4 15 9 3 1.181 2.086 -5.409
SPIN 4 15 9 4 0.674 3.023 5.040
SPIN 4 15 9 5 -4.084 0.535 -4.247
SPIN 4 15 9 6 5.404 1.636 -1.767
SPIN 4 15 9 7 1.569 -5.070 2.614
SPIN 4 15 9 8 5.092 2.373 1.854
SPIN 4 15 9 9 0.675 -5.279 -2.584
SPIN 4 15 9 10 -2.375 5.264 1.283
SPIN 4 15 9 11 -3.740 3.078 3.396
SPIN 4 15 9 12 4.030 -0.354 -4.316
SPIN 4 15 9 13 -5.337 2.506 -0.487
SPIN 4 15 9 14 4.723 -2.913 -2.051
SPIN 4 15 9 15 4.130 2.457 -3.451
SPIN 1 15 10 0 -1.699 -3.463 -4.486
SPIN 1 15 10 1 4.402 -3.130 2.413
SPIN 1 15 10 2 -2.709 5.256 -0.180
SPIN 1 15 10 3 0.762 -5.796 0.906
SPIN 1 15 10 4 -3.352 4.552 1.746
SPIN 1 15 10 5 -3.191 -4.923 0.761
SPIN 1 15 10 6 -3.213 -0.459 4.946
SPIN 1 15 10 7 1.716 -0.150 -5.660
SPIN 1 15 10 8 -4.959 -1.793 2.683
SPIN 1 15 10 9 0.297 5.196 -2.812
SPIN 1 15 10 10 -2.449 3.886 -3.728
SPIN 1 15 10 11 0.314 -2.847 -5.177
SPIN 1 15 10 12 4.104 -4.170 0.880
SPIN 1 15 10 13 3.622 0.967 -4.576
SPIN 1 15 10 14 5.607 -1.294 -1.375
SPIN 1 15 10 15 1.333 -5.539 1.594
SPIN 4 15 10 0 -2.838 -5.133 -0.772
SPIN 4 15 10 1 -1.283 1.467 -5.586
SPIN 4 15 10 2 -5.611 -0.610 1.773
SPIN 4 15 10 3 3.007 2.851 4.222
SPIN 4 15 10 4 0.694 -3.109 -4.985
SPIN 4 15 10 5 -0.931 -1.238 5.710
SPIN 4 15 10 6 -4.790 2.845 1.990
SPIN 4 15 10 7 1.659 5.674 0.244
SPIN 4 15 10 8 3.342 2.327 -4.291
SPIN 4 15 10 9 -3.962 2.068 3.876
SPIN 4 15 10 10 0.387 -2.695 5.253
SPIN 4 15 10 11 -3.724 1.205 -4.436
SPIN 4 15 10 12 0.246 -0.927 5.838
SPIN 4 15 10 13 5.769 -1.096 -0.718
SPIN 4 15 10 14 -0.719 4.079 4.224
SPIN 4 15 10 15 2.013 -3.938 -3.929
SPIN 1 15 11 0 5.206 2.710 0.747
SPIN 1 15 11 1 -5.768 -0.050 -1.314
SPIN 1 15 11 2 0.622 -0.681 5.844
SPIN 1 15 11 3 3.406 4.812 0.497
SPIN 1 15 11 4 5.443 -1.197 1.986
SPIN 1 15 11 5 0.277 5.513 2.128
SPIN 1 15 11 6 0.758 5.163 2.787
SPIN 1 15 11 7 -3.115 -2.872 -4.129
SPIN 1 15 11 8 -3.899 2.692 3.543
SPIN 1 15 11 9 2.350 -5.409 -0.468
SPIN 1 15 11 10 3.792 -2.620 3.709
SPIN 1 15 11 11 0.268 1.490 -5.719
SPIN 1 15 11 12 5.639 1.563 -0.869
SPIN 1 15 11 13 -5.111 -1.942 2.259
SPIN 1 15 11 14 4.386 2.233 3.282
SPIN 1 15 11 15 0.268 0.056 -5.910
SPIN 4 15 11 0 -4.669 -3.318 -1.482
SPIN 4 15 11 1 4.245 -1.868 -3.672
SPIN 4 15 11 2 -0.261 3.398 -4.836
SPIN 4 15 11 3 -0.468 -4.149 -4.191
SPIN 4 15 11 4 -2.810 -4.950 1.611
SPIN 4 15 11 5 5.123 0.100 -2.957
SPIN 4 15 11 6 1.514 -5.711 0.307
SPIN 4 15 11 7 0.487 0.347 -5.886
SPIN 4 15 11 8 2.180 -1.698 5.231
SPIN 4 15 11 9 -1.811 4.105 -3.856
SPIN 4 15 11 10 3.989 -4.369 -0.059
SPIN 4 15 11 11 1.263 -1.446 -5.596
SPIN 4 15 11 12 3.980 -0.960 -4.270
SPIN 4 15 11 13 -4.258 -0.116 4.105
SPIN 4 15 11 14 -3.887 1.407 -4.233
SPIN 4 15 11 15 0.252 2.202 5.485
SPIN 1 15 12 0 2.204 -2.954 -4.628
SPIN 1 15 12 1 -1.616 -5.307 2.054
SPIN 1 15 12 2 4.574 3.391 -1.606
SPIN 1 15 12 3 -5.725 -0.511 -1.400
SPIN 1 15 12 4 5.433 0.081 -2.341
SPIN 1 15 12 5 3.570 -4.714 -0.190
SPIN 1 15 12 6 0.822 3.442 -4.741
SPIN 1 15 12 7 -5.270 0.697 2.596
SPIN 1 15 12 8 -4.943 -0.642 3.187
SPIN 1 15 12 9 2.883 5.141 -0.512
SPIN 1 15 12 10 -0.494 2.958 -5.100
SPIN 1 15 12 11 0.485 -1.124 -5.788
SPIN 1 15 12 12 -2.640 5.040 1.622
SPIN 1 15 12 13 3.028 4.838 -1.556
SPIN 1 15 12 14 2.052 -5.499 0.739
SPIN 1 15 12 15 4.361 3.934 -0.712
SPIN 4 15 12 0 5.473 1.623 -1.553
SPIN 4 15 12 1 4.753 1.701 -3.084
SPIN 4 15 12 2 -2.779 -3.191 -4.135
SPIN 4 15 12 3 3.142 4.237 2.679
SPIN 4 15 12 4 -1.507 -2.240 -5.264
SPIN 4 15 12 5 -3.226 -4.066 -2.839
SPIN 4 15 12 6 -0.503 -1.830 5.604
SPIN 4 15 12 7 2.602 5.117 -1.431
SPIN 4 15 12 8 -0.062 5.916 0.052
SPIN 4 15 12 9 2.785 -3.302 4.042
SPIN 4 15 12 10 -3.909 -1.136 -4.293
SPIN 4 15 12 11 4.921 3.234 0.569
SPIN 4 15 12 12 4.500 -2.964 2.442
SPIN 4 15 12 13 -5.712 1.530 -0.161
SPIN 4 15 12 14 2.129 -5.338 -1.406
SPIN 4 15 12 15 -0.754 -0.993 -5.783
SPIN 1 15 13 0 -4.102 -3.262 -2.744
SPIN 1 15 13 1 -0.763 -3.386 4.791
SPIN 1 15 13 2 -4.673 0.515 3.592
SPIN 1 15 13 3 3.088 4.669 -1.916
SPIN 1 15 13 4 2.076 -4.926 -2.535
SPIN 1 15 13 5 -4.167 4.161 -0.572
SPIN 1 15 13 6 3.179 -3.570 3.485
SPIN 1 15 13 7 -4.924 1.237 -3.037
SPIN 1 15 13 8 5.417 -2.098 1.120
SPIN 1 15 13 9 -4.387 -3.231 -2.305
SPIN 1 15 13 10 1.436 0.099 5.738
SPIN 1 15 13 11 -1.038 -2.599 -5.212
SPIN 1 15 13 12 4.933 3.213 0.580
SPIN 1 15 13 13 3.364 4.100 -2.623
SPIN 1 15 13 14 -4.270 1.815 3.670
SPIN 1 15 13 15 2.040 -5.550 0.190
SPIN 4 15 13 0 3.518 3.723 -2.960
SPIN 4 15 13 1 -5.141 -2.633 1.281
SPIN 4 15 13 2 -2.545 5.295 -0.699
SPIN 4 15 13 3 0.138 -3.207 4.969
SPIN 4 15 13 4 0.967 3.599 -4.595
SPIN 4 15 13 5 -1.145 4.278 -3.923
SPIN 4 15 13 6 5.250 2.721 0.183
SPIN 4 15 13 7 -4.124 -3.468 -2.442
SPIN 4 15 13 8 3.602 2.489 -3.979
SPIN 4 15 13 9 -3.195 -4.773 -1.416
SPIN 4 15 13 10 5.534 -2.091 -0.003
SPIN 4 15 13 11 2.934 -2.487 4.495
SPIN 4 15 13 12 -3.420 -2.410 4.183
SPIN 4 15 13 13 3.805 4.133 1.855
SPIN 4 15 13 14 -5.750 -0.031 1.392
SPIN 4 15 13 15 3.652 2.585 3.870
SPIN 1 15 14 0 -0.939 -2.051 5.469
SPIN 1 15 14 1 5.737 -1.086 0.950
SPIN 1 15 14 2 -5.695 -0.586 1.492
SPIN 1 15 14 3 1.658 -0.076 5.678
SPIN 1 15 14 4 3.367 -3.663 3.201
SPIN 1 15 14 5 2.698 3.115 4.244
SPIN 1 15 14 6 0.641 -3.054 -5.026
SPIN 1 15 14 7 1.802 -3.384 -4.505
SPIN 1 15 14 8 -3.026 4.553 -2.261
SPIN 1 15 14 9 4.051 -3.873 -1.895
SPIN 1 15 14 10 -1.468 -4.735 3.229
SPIN 1 15 14 11 -0.608 4.492 3.802
SPIN 1 15 14 12 -3.415 -1.668 -4.534
SPIN 1 15 14 13 4.212 1.260 3.958
SPIN 1 15 14 14 -4.011 -1.430 -4.107
SPIN 1 15 14 15 4.432 -1.008 -3.787
SPIN 4 15 14 0 -3.289 4.911 -0.255
SPIN 4 15 14 1 4.269 -0.604 -4.051
SPIN 4 15 14 2 5.498 0.908 1.986
SPIN 4 15 14 3 0.738 -4.021 -4.277
SPIN 4 15 14 4 -4.559 3.302 -1.822
SPIN 4 15 14 5 1.931 -5.524 0.869
SPIN 4 15 14 6 2.098 1.807 -5.228
SPIN 4 15 14 7 -5.681 -1.460 -0.770
SPIN 4 15 14 8 1.677 -2.117 -5.264
SPIN 4 15 14 9 -1.736 4.214 -3.772
SPIN 4 15 14 10 -0.331 4.791 3.454
SPIN 4 15 14 11 -0.594 -1.842 -5.590
SPIN 4 15 14 12 3.708 -4.557 0.697
SPIN 4 15 14 13 3.543 0.224 4.732
SPIN 4 15 14 14 3.847 4.399 0.923
SPIN 4 15 14 15 0.504 -1.531 -5.692
SPIN 1 15 15 0 4.882 2.487 2.231
SPIN 1 15 15 1 1.029 -3.186 -4.877
SPIN 1 15 15 2 -3.899 -4.441 0.267
SPIN 1 15 15 3 -2.319 5.036 -2.065
SPIN 1 15 15 4 2.596 -4.985 -1.846
SPIN 1 15 15 5 -5.858 -0.788 0.255
SPIN 1 15 15 6 -1.016 -5.729 1.073
SPIN 1 15 15 7 4.732 1.890 3.006
SPIN 1 15 15 8 2.492 -5.337 -0.554
SPIN 1 15 15 9 -5.483 1.117 -1.920
SPIN 1 15 15 10 4.602 -3.716 -0.097
SPIN 1 15 15 11 -2.387 1.568 -5.181
SPIN 1 15 15 12 1.178 0.439 5.781
SPIN 1 15 15 13 -3.104 2.932 -4.095
SPIN 1 15 15 14 3.749 4.569 -0.258
SPIN 1 15 15 15 -5.568 -1.999 0.001
SPIN 4 15 15 0 -0.202 1.994 -5.566
SPIN 4 15 15 1 -2.467 -0.286 5.370
SPIN 4 15 15 2 4.944 -2.061 -2.511
SPIN 4 15 15 3 -1.499 5.689 -0.620
SPIN 4 15 15 4 5.506 -2.124 0.419
SPIN 4 15 15 5 -2.944 -4.026 -3.182
SPIN 4 15 15 6 -0.182 -5.648 -1.751
SPIN 4 15 15 7 2.176 2.288 5.003
SPIN 4 15 15 8 -1.830 -2.631 -4.973
SPIN 4 15 15 9 5.757 0.216 1.344
SPIN 4 15 15 10 -5.816 1.074 -0.122
SPIN 4 15 15 11 -2.206 -5.487 0.170
SPIN 4 15 15 12 3.903 -0.634 -4.401
SPIN 4 15 15 13 -3.054 -2.037 4.639
SPIN 4 15 15 14 -5.221 2.589 -1.018
SPIN 4 15 15 15 3.020 0.423 -5.070
SPIN 3 15 0 0 -0.895 -5.761 -1.004
SPIN 3 15 0 1 5.407 1.466 -1.902
SPIN 3 15 0 2 3.869 1.859 4.071
SPIN 3 15 0 3 -3.877 -4.466 0.155
SPIN 3 15 0 4 -4.771 1.800 3.000
SPIN 3 15 0 5 0.026 0.603 -5.885
SPIN 3 15 0 6 3.889 -1.421 4.226
SPIN 3 15 0 7 -4.760 -0.040 3.513
SPIN 3 15 0 8 -2.450 -3.968 -3.640
SPIN 3 15 0 9 2.243 5.159 -1.832
SPIN 3 15 0 10 3.759 -1.295 4.381
SPIN 3 15 0 11 -1.019 -3.249 -4.838
SPIN 3 15 0 12 5.718 -1.511 -0.145
SPIN 3 15 0 13 2.608 -2.034 -4.905
SPIN 3 15 0 14 0.853 -4.293 3.980
SPIN 3 15 0 15 -3.516 -2.679 3.932
SPIN 2 15 0 0 3.382 3.394 -3.470
SPIN 2 15 0 1 -3.200 4.110 2.805
SPIN 2 15 0 2 -1.226 5.656 1.227
SPIN 2 15 0 3 -1.694 -5.664 0.223
SPIN 2 15 0 4 5.608 1.641 0.924
SPIN 2 15 0 5 2.259 4.790 -2.637
SPIN 2 15 0 6 -3.796 3.806 2.471
SPIN 2 15 0 7 3.714 3.022 3.475
SPIN 2 15 0 8 -3.892 1.878 -4.040
SPIN 2 15 0 9 4.842 1.322 -3.132
SPIN 2 15 0 10 3.993 -4.100 1.499
SPIN 2 15 0 11 2.419 5.282 -1.118
SPIN 2 15 0 12 5.757 -0.909 -1.016
SPIN 2 15 0 13 -4.573 3.724 0.470
SPIN 2 15 0 14 5.553 -2.028 -0.215
SPIN 2 15 0 15 2.505 -5.277 0.936
SPIN 3 15 1 0 1.493 3.415 4.594
SPIN 3 15 1 1 -2.155 -4.781 2.738
SPIN 3 15 1 2 0.518 5.437 -2.273
SPIN 3 15 1 3 0.081 -1.869 -5.613
SPIN 3 15 1 4 -5.848 -0.855 0.258
SPIN 3 15 1 5 1.202 2.149 -5.379
SPIN 3 15 1 6 -5.538 1.934 0.767
SPIN 3 15 1 7 2.123 -0.570 -5.493
SPIN 3 15 1 8 -2.554 3.853 3.692
SPIN 3 15 1 9 -4.447 -2.856 -2.659
SPIN 3 15 1 10 4.954 -0.445 3.203
SPIN 3 15 1 11 -0.678 -5.859 -0.463
SPIN 3 15 1 12 1.108 2.153 5.398
SPIN 3 15 1 13 2.119 4.583 3.083
SPIN 3 15 1 14 -0.445 1.180 5.780
SPIN 3 15 1 15 1.528 4.222 -3.852
SPIN 2 15 1 0 2.359 -5.410 0.406
SPIN 2 15 1 1 4.903 0.755 -3.224
SPIN 2 15 1 2 -4.872 -2.300 2.443
SPIN 2 15 1 3 -2.151 5.304 -1.498
SPIN 2 15 1 4 -0.919 -5.825 -0.475
SPIN 2 15 1 5 -0.048 -2.924 5.143
SPIN 2 15 1 6 2.602 1.620 -5.060
SPIN 2 15 1 7 3.232 4.255 2.540
SPIN 2 15 1 8 -3.970 -3.844 -2.111
SPIN 2 15 1 9 -0.263 -0.353 5.900
SPIN 2 15 1 10 4.861 -3.161 -1.175
SPIN 2 15 1 11 3.285 -4.882 0.609
SPIN 2 15 1 12 -3.580 3.647 -2.980
SPIN 2 15 1 13 5.080 -2.819 -1.115
SPIN 2 15 1 14 1.958 -4.679 -3.045
SPIN 2 15 1 15 -1.216 5.722 -0.884
SPIN 3 15 2 0 -4.269 2.664 -3.111
SPIN 3 15 2 1 -2.681 4.897 -1.957
SPIN 3 15 2 2 5.808 0.422 1.046
SPIN 3 15 2 3 -0.540 -1.821 5.603
SPIN 3 15 2 4 -3.037 4.441 -2.461
SPIN 3 15 2 5 2.459 -5.032 -1.907
SPIN 3 15 2 6 -1.441 -4.173 3.938
SPIN 3 15 2 7 -4.348 1.016 3.881
SPIN 3 15 2 8 -0.341 0.351 -5.896
SPIN 3 15 2 9 -5.248 1.081 -2.507
SPIN 3 15 2 10 -2.382 1.385 5.235
SPIN 3 15 2 11 0.035 5.617 -1.857
SPIN 3 15 2 12 4.317 -4.026 0.395
SPIN 3 15 2 13 -3.984 -1.155 -4.218
SPIN 3 15 2 14 4.301 1.169 3.891
SPIN 3 15 2 15 5.089 -2.703 1.340
SPIN 2 15 2 0 -1.215 4.153 4.035
SPIN 2 15 2 1 5.897 -0.288 0.379
SPIN 2 15 2 2 -0.092 2.925 5.142
SPIN 2 15 2 3 2.350 2.005 5.046
SPIN 2 15 2 4 -2.139 -2.170 5.071
SPIN 2 15 2 5 -4.548 -3.630 1.069
SPIN 2 15 2 6 -0.580 -4.145 -4.181
SPIN 2 15 2 7 5.739 1.350 0.496
SPIN 2 15 2 8 5.594 -0.954 1.674
SPIN 2 15 2 9 1.655 -4.779 3.070
SPIN 2 15 2 10 1.066 5.665 1.331
SPIN 2 15 2 11 -4.691 2.081 -2.944
SPIN 2 15 2 12 -2.758 0.075 -5.234
SPIN 2 15 2 13 3.949 2.398 -3.696
SPIN 2 15 2 14 -5.330 -2.322 -1.095
SPIN 2 15 2 15 -0.599 5.008 -3.092
SPIN 3 15 3 0 3.971 -1.444 4.140
SPIN 3 15 3 1 -1.833 -2.134 5.204
SPIN 3 15 3 2 0.679 -2.331 5.395
SPIN 3 15 3 3 3.971 2.758 -3.409
SPIN 3 15 3 4 1.499 2.266 -5.255
SPIN 3 15 3 5 1.923 5.543 -0.756
SPIN 3 15 3 6 -1.969 -3.593 -4.268
SPIN 3 15 3 7 2.080 2.920 4.706
SPIN 3 15 3 8 0.144 0.505 -5.893
SPIN 3 15 3 9 0.650 0.223 -5.876
SPIN 3 15 3 10 0.375 -0.671 5.866
SPIN 3 15 3 11 4.010 -4.210 -1.094
SPIN 3 15 3 12 2.873 -0.282 5.164
SPIN 3 15 3 13 -0.992 5.730 1.088
SPIN 3 15 3 14 -1.003 2.203 -5.398
SPIN 3 15 3 15 4.751 1.751 3.060
SPIN 2 15 3 0 -1.640 0.487 -5.663
SPIN 2 15 3 1 2.466 -5.070 1.791
SPIN 2 15 3 2 2.630 -2.771 -4.517
SPIN 2 15 3 3 -4.187 2.168 -3.573
SPIN 2 15 3 4 -5.604 -0.208 -1.885
SPIN 2 15 3 5 -1.838 5.432 -1.457
SPIN 2 15 3 6 3.071 4.326 2.618
SPIN 2 15 3 7 -4.742 0.318 3.524
SPIN 2 15 3 8 -3.614 -4.062 -2.331
SPIN 2 15 3 9 4.783 0.994 3.337
SPIN 2 15 3 10 -4.942 2.814 1.632
SPIN 2 15 3 11 2.065 -5.202 -1.917
SPIN 2 15 3 12 -2.097 5.308 -1.559
SPIN 2 15 3 13 2.251 2.128 5.040
SPIN 2 15 3 14 4.152 -3.216 -2.725
SPIN 2 15 3 15 -5.560 -1.836 0.844
SPIN 3 15 4 0 -3.202 -2.807 -4.107
SPIN 3 15 4 1 2.925 -1.892 4.782
SPIN 3 15 4 2 -2.662 1.191 5.147
SPIN 3 15 4 3 -4.354 -3.388 2.137
SPIN 3 15 4 4 -2.757 4.430 2.788
SPIN 3 15 4 5 2.162 1.750 5.221
SPIN 3 15 4 6 1.398 -5.629 1.164
SPIN 3 15 4 7 0.930 5.115 -2.823
SPIN 3 15 4 8 -0.255 4.629 3.676
SPIN 3 15 4 9 -4.522 3.279 -1.949
SPIN 3 15 4 10 1.740 0.392 5.641
SPIN 3 15 4 11 -2.247 -3.255 -4.399
SPIN 3 15 4 12 -1.902 3.111 -4.659
SPIN 3 15 4 13 3.220 -3.841 3.144
SPIN 3 15 4 14 1.956 -2.893 4.775
SPIN 3 15 4 15 1.763 5.456 1.459
SPIN 2 15 4 0 -4.167 0.226 -4.193
SPIN 2 15 4 1 4.486 3.580 -1.435
SPIN 2 15 4 2 3.236 3.684 3.310
SPIN 2 15 4 3 1.271 1.878 -5.464
SPIN 2 15 4 4 -5.078 -0.892 -2.902
SPIN 2 15 4 5 1.908 -4.892 -2.726
SPIN 2 15 4 6 0.552 -4.675 -3.584
SPIN 2 15 4 7 4.706 -3.034 -1.911
SPIN 2 15 4 8 -4.293 -1.822 -3.641
SPIN 2 15 4 9 -5.258 2.700 -0.262
SPIN 2 15 4 10 2.309 -0.054 -5.446
SPIN 2 15 4 11 -3.206 4.158 2.726
SPIN 2 15 4 12 -0.022 -2.068 -5.543
SPIN 2 15 4 13 -1.404 -5.677 -0.894
SPIN 2 15 4 14 3.092 4.227 2.752
SPIN 2 15 4 15 -1.400 -3.655 4.436
SPIN 3 15 5 0 3.454 -2.561 -4.063
SPIN 3 15 5 1 4.013 3.663 -2.340
SPIN 3 15 5 2 -0.715 -5.870 -0.170
SPIN 3 15 5 3 0.703 2.970 5.068
SPIN 3 15 5 4 4.029 3.847 -1.992
SPIN 3 15 5 5 -2.344 -5.415 0.422
SPIN 3 15 5 6 -2.584 4.877 -2.131
SPIN 3 15 5 7 -1.344 2.221 5.316
SPIN 3 15 5 8 1.975 -5.208 1.994
SPIN 3 15 5 9 1.898 -3.710 4.199
SPIN 3 15 5 10 5.105 2.957 0.442
SPIN 3 15 5 11 -1.647 2.233 5.225
SPIN 3 15 5 12 -5.010 -1.205 -2.907
SPIN 3 15 5 13 1.462 -5.503 1.606
SPIN 3 15 5 14 -0.826 0.733 -5.812
SPIN 3 15 5 15 -3.138 -4.895 1.088
SPIN 2 15 5 0 -2.980 1.279 4.948
SPIN 2 15 5 1 -0.555 4.725 3.517
SPIN 2 15 5 2 -3.175 -0.693 -4.944
SPIN 2 15 5 3 1.538 4.304 3.757
SPIN 2 15 5 4 -1.865 -5.529 0.975
SPIN 2 15 5 5 -3.895 1.222 4.282
SPIN 2 15 5 6 -2.294 -3.816 3.896
SPIN 2 15 5 7 2.962 -2.570 -4.430
SPIN 2 15 5 8 0.288 5.906 -0.199
SPIN 2 15 5 9 0.510 -2.681 5.249
SPIN 2 15 5 10 -0.935 4.224 -4.035
SPIN 2 15 5 11 -3.334 -1.340 4.700
SPIN 2 15 5 12 -1.542 5.689 0.510
SPIN 2 15 5 13 2.658 4.793 2.228
SPIN 2 15 5 14 -3.219 1.959 -4.560
SPIN 2 15 5 15 -2.012 -2.915 -4.739
SPIN 3 15 6 0 -3.737 4.582 0.207
SPIN 3 15 6 1 -5.340 2.398 -0.858
SPIN 3 15 6 2 -2.622 4.112 -3.349
SPIN 3 15 6 3 -3.629 4.302 -1.821
SPIN 3 15 6 4 2.420 1.483 -5.191
SPIN 3 15 6 5 -1.289 5.414 -2.006
SPIN 3 15 6 6 4.626 -0.330 3.673
SPIN 3 15 6 7 -3.368 -0.618 -4.824
SPIN 3 15 6 8 3.740 4.574 0.305
SPIN 3 15 6 9 -1.933 -5.591 0.021
SPIN 3 15 6 10 -5.542 2.069 -0.040
SPIN 3 15 6 11 -2.992 5.095 0.296
SPIN 3 15 6 12 1.227 -5.725 0.844
SPIN 3 15 6 13 1.649 5.598 0.970
SPIN 3 15 6 14 5.526 -1.810 1.091
SPIN 3 15 6 15 1.546 2.337 5.210
SPIN 2 15 6 0 3.799 -4.535 0.064
SPIN 2 15 6 1 1.776 -5.247 -2.077
SPIN 2 15 6 2 -4.915 1.457 -2.953
SPIN 2 15 6 3 5.347 -1.158 2.252
SPIN 2 15 6 4 2.623 4.289 -3.118
SPIN 2 15 6 5 5.605 -1.731 0.766
SPIN 2 15 6 6 0.674 -3.812 4.474
SPIN 2 15 6 7 -1.349 5.715 -0.723
SPIN 2 15 6 8 -1.860 4.262 3.657
SPIN 2 15 6 9 4.700 -1.860 3.074
SPIN 2 15 6 10 -4.232 0.571 -4.095
SPIN 2 15 6 11 4.199 -3.890 1.497
SPIN 2 15 6 12 -3.496 -1.114 -4.640
SPIN 2 15 6 13 -3.117 -4.402 2.430
SPIN 2 15 6 14 1.254 -4.826 3.184
SPIN 2 15 6 15 -2.347 4.063 -3.603
SPIN 3 15 7 0 -2.206 -5.028 2.203
SPIN 3 15 7 1 0.660 0.310 5.871
SPIN 3 15 7 2 2.150 -4.385 3.339
SPIN 3 15 7 3 -2.641 -4.779 2.278
SPIN 3 15 7 4 3.720 -4.589 -0.326
SPIN 3 15 7 5 3.090 2.933 -4.105
SPIN 3 15 7 6 -2.111 -4.178 -3.617
SPIN 3 15 7 7 -4.203 -3.271 2.577
SPIN 3 15 7 8 -1.394 3.687 4.412
SPIN 3 15 7 9 3.507 4.022 2.554
SPIN 3 15 7 10 -3.023 5.016 -0.837
SPIN 3 15 7 11 -0.880 2.737 -5.171
SPIN 3 15 7 12 3.319 -4.589 -1.711
SPIN 3 15 7 13 -3.433 -4.457 1.831
SPIN 3 15 7 14 -3.630 3.381 -3.223
SPIN 3 15 7 15 -3.810 0.902 -4.435
SPIN 2 15 7 0 3.879 -2.228 3.871
SPIN 2 15 7 1 -3.324 4.412 2.117
SPIN 2 15 7 2 3.083 2.726 -4.250
SPIN 2 15 7 3 -5.339 -0.177 -2.543
SPIN 2 15 7 4 5.417 2.034 1.234
SPIN 2 15 7 5 -5.835 -0.671 0.711
SPIN 2 15 7 6 3.498 0.497 -4.745
SPIN 2 15 7 7 -0.453 -4.953 -3.204
SPIN 2 15 7 8 -5.844 0.050 -0.917
SPIN 2 15 7 9 -2.739 3.926 -3.476
SPIN 2 15 7 10 1.615 -5.146 2.431
SPIN 2 15 7 11 0.794 0.682 5.823
SPIN 2 15 7 12 0.743 0.863 5.805
SPIN 2 15 7 13 2.501 -0.478 -5.340
SPIN 2 15 7 14 -1.299 -2.341 -5.276
SPIN 2 15 7 15 1.933 -5.439 1.296
SPIN 3 15 8 0 -5.487 -2.207 -0.135
SPIN 3 15 8 1 -5.272 1.188 2.407
SPIN 3 15 8 2 -0.236 -4.342 4.012
SPIN 3 15 8 3 1.902 4.952 2.618
SPIN 3 15 8 4 -2.382 -4.996 -2.089
SPIN 3 15 8 5 0.181 5.072 3.040
SPIN 3 15 8 6 -3.159 -1.712 4.700
SPIN 3 15 8 7 -3.111 3.465 3.649
SPIN 3 15 8 8 1.517 -2.810 -4.980
SPIN 3 15 8 9 1.842 -5.455 1.360
SPIN 3 15 8 10 3.825 -2.569 -3.711
SPIN 3 15 8 11 1.555 0.266 5.702
SPIN 3 15 8 12 -1.321 1.627 -5.532
SPIN 3 15 8 13 2.758 -0.468 -5.213
SPIN 3 15 8 14 2.864 4.420 2.696
SPIN 3 15 8 15 4.772 1.485 3.165
SPIN 2 15 8 0 -1.556 5.404 -1.838
SPIN 2 15 8 1 -0.182 0.320 -5.905
SPIN 2 15 8 2 5.350 0.702 -2.426
SPIN 2 15 8 3 -0.162 5.634 1.799
SPIN 2 15 8 4 -4.340 1.432 3.756
SPIN 2 15 8 5 -3.744 1.678 4.262
SPIN 2 15 8 6 0.810 -4.502 3.752
SPIN 2 15 8 7 4.697 -3.490 0.868
SPIN 2 15 8 8 -4.479 -3.864 0.035
SPIN 2 15 8 9 -1.786 5.509 -1.207
SPIN 2 15 8 10 -1.791 3.646 -4.301
SPIN 2 15 8 11 -5.711 1.051 1.129
SPIN 2 15 8 12 2.472 1.480 -5.167
SPIN 2 15 8 13 0.365 -4.742 -3.519
SPIN 2 15 8 14 -0.791 -0.032 5.863
SPIN 2 15 8 15 4.446 -1.017 -3.768
SPIN 3 15 9 0 -4.177 -3.272 -2.617
SPIN 3 15 9 1 1.794 -5.610 0.557
SPIN 3 15 9 2 0.228 -5.690 1.604
SPIN 3 15 9 3 -4.497 -1.515 -3.534
SPIN 3 15 9 4 -1.151 4.777 -3.295
SPIN 3 15 9 5 5.398 -2.394 -0.352
SPIN 3 15 9 6 2.482 4.150 -3.409
SPIN 3 15 9 7 -0.052 0.246 5.911
SPIN 3 15 9 8 0.918 -1.444 -5.663
SPIN 3 15 9 9 -5.046 -3.089 -0.012
SPIN 3 15 9 10 5.561 1.866 -0.772
SPIN 3 15 9 11 4.572 -2.889 -2.397
SPIN 3 15 9 12 -2.463 -2.002 4.993
SPIN 3 15 9 13 -0.423 -0.674 5.862
SPIN 3 15 9 14 -4.735 1.137 -3.360
SPIN 3 15 9 15 5.060 -3.062 -0.165
SPIN 2 15 9 0 -4.459 3.792 0.859
SPIN 2 15 9 1 -2.467 -3.172 4.342
SPIN 2 15 9 2 -1.394 1.871 -5.437
SPIN 2 15 9 3 -3.581 -4.154 -2.219
SPIN 2 15 9 4 -5.429 1.297 -1.960
SPIN 2 15 9 5 3.791 -4.405 1.105
SPIN 2 15 9 6 -0.537 5.880 -0.363
SPIN 2 15 9 7 1.009 5.044 -2.921
SPIN 2 15 9 8 -1.550 -5.708 0.109
SPIN 2 15 9 9 -1.644 1.472 5.489
SPIN 2 15 9 10 -2.985 -2.650 -4.367
SPIN 2 15 9 11 0.475 -5.233 2.718
SPIN 2 15 9 12 3.403 4.603 1.493
SPIN 2 15 9 13 4.309 3.130 2.575
SPIN 2 15 9 14 2.900 -3.798 -3.487
SPIN 2 15 9 15 -4.645 -1.046 -3.511
SPIN 3 15 10 0 -0.657 5.532 1.990
SPIN 3 15 10 1 2.388 0.969 -5.325
SPIN 3 15 10 2 1.531 5.623 -1.021
SPIN 3 15 10 3 -0.502 -0.639 5.860
SPIN 3 15 10 4 3.093 4.789 1.582
SPIN 3 15 10 5 -0.083 5.915 -0.105
SPIN 3 15 10 6 3.482 -4.748 -0.578
SPIN 3 15 10 7 2.882 -5.143 0.488
SPIN 3 15 10 8 -1.874 -3.847 -4.085
SPIN 3 15 10 9 5.419 -0.193 -2.365
SPIN 3 15 10 10 1.828 4.359 -3.557
SPIN 3 15 10 11 0.331 5.903 -0.210
SPIN 3 15 10 12 -4.167 -1.747 3.819
SPIN 3 15 10 13 -4.835 2.186 -2.617
SPIN 3 15 10 14 3.029 0.685 5.036
SPIN 3 15 10 15 -0.202 5.798 -1.159
SPIN 2 15 10 0 3.599 0.325 4.684
SPIN 2 15 10 1 -4.350 3.852 1.114
SPIN 2 15 10 2 3.688 1.823 4.252
SPIN 2 15 10 3 1.791 5.627 -0.359
SPIN 2 15 10 4 -1.915 -5.506 1.010
SPIN 2 15 10 5 -4.873 0.754 -3.269
SPIN 2 15 10 6 3.818 -0.959 -4.416
SPIN 2 15 10 7 -5.537 1.995 0.599
SPIN 2 15 10 8 -3.552 0.457 -4.709
SPIN 2 15 10 9 4.186 2.608 -3.268
SPIN 2 15 10 10 -0.067 -2.569 5.329
SPIN 2 15 10 11 5.818 -0.779 0.734
SPIN 2 15 10 12 -3.413 2.064 -4.369
SPIN 2 15 10 13 4.526 -3.765 0.583
SPIN 2 15 10 14 -4.579 0.585 3.700
SPIN 2 15 10 15 5.251 -1.848 2.004
SPIN 3 15 11 0 0.477 -5.716 -1.449
SPIN 3 15 11 1 0.264 3.268 4.925
SPIN 3 15 11 2 -0.418 5.897 -0.220
SPIN 3 15 11 3 -1.415 -4.649 -3.374
SPIN 3 15 11 4 2.405 -3.042 -4.468
SPIN 3 15 11 5 5.189 0.429 2.808
SPIN 3 15 11 6 -1.166 -2.476 -5.245
SPIN 3 15 11 7 4.689 1.972 3.021
SPIN 3 15 11 8 1.992 -4.044 3.831
SPIN 3 15 11 9 1.726 5.000 -2.649
SPIN 3 15 11 10 -4.547 1.388 -3.521
SPIN 3 15 11 11 -5.187 2.832 -0.279
SPIN 3 15 11 12 1.071 5.107 2.787
SPIN 3 15 11 13 -0.365 5.507 -2.131
SPIN 3 15 11 14 -0.486 -5.656 -1.667
SPIN 3 15 11 15 2.068 5.176 1.983
SPIN 2 15 11 0 -0.544 5.146 2.868
SPIN 2 15 11 1 -1.006 -4.744 3.388
SPIN 2 15 11 2 -1.367 5.584 -1.398
SPIN 2 15 11 3 3.162 2.473 4.346
SPIN 2 15 11 4 1.770 3.092 4.723
SPIN 2 15 11 5 -2.979 -2.995 -4.142
SPIN 2 15 11 6 0.927 1.584 5.624
SPIN 2 15 11 7 5.105 2.990 0.033
SPIN 2 15 11 8 -5.834 -0.039 -0.984
SPIN 2 15 11 9 -2.118 -2.787 4.769
SPIN 2 15 11 10 3.003 -4.982 -1.079
SPIN 2 15 11 11 -5.149 0.736 2.819
SPIN 2 15 11 12 3.558 -3.323 3.361
SPIN 2 15 11 13 -1.774 5.161 -2.284
SPIN 2 15 11 14 -4.568 -0.485 3.728
SPIN 2 15 11 15 0.352 -2.506 -5.348
SPIN 3 15 12 0 -1.823 4.759 -3.005
SPIN 3 15 12 1 -5.499 2.009 0.850
SPIN 3 15 12 2 -4.103 -2.709 -3.290
SPIN 3 15 12 3 0.157 3.682 4.628
SPIN 3 15 12 4 -5.382 -2.049 -1.356
SPIN 3 15 12 5 -1.719 0.110 -5.660
SPIN 3 15 12 6 -4.249 -2.911 -2.910
SPIN 3 15 12 7 4.304 -3.920 -1.052
SPIN 3 15 12 8 5.826 -0.091 -1.022
SPIN 3 15 12 9 1.655 3.532 4.448
SPIN 3 15 12 10 -2.587 -1.018 -5.222
SPIN 3 15 12 11 2.005 -3.854 -4.016
SPIN 3 15 12 12 -3.282 -3.671 3.279
SPIN 3 15 12 13 -1.665 -5.651 0.540
SPIN 3 15 12 14 -3.581 1.949 4.287
SPIN 3 15 12 15 -2.050 -5.427 1.160
SPIN 2 15 12 0 2.119 0.039 5.524
SPIN 2 15 12 1 2.781 -2.925 -4.325
SPIN 2 15 12 2 -0.317 -0.393 5.895
SPIN 2 15 12 3 -4.534 -0.643 -3.746
SPIN 2 15 12 4 -1.574 -5.249 2.230
SPIN 2 15 12 5 5.148 1.095 -2.701
SPIN 2 15 12 6 -3.135 -2.768 4.185
SPIN 2 15 12 7 1.312 3.781 -4.356
SPIN 2 15 12 8 -3.992 -1.554 4.080
SPIN 2 15 12 9 -5.115 -1.437 -2.601
SPIN 2 15 12 10 -2.106 -2.559 -4.901
SPIN 2 15 12 11 2.512 -3.056 4.399
SPIN 2 15 12 12 -1.348 -1.748 -5.489
SPIN 2 15 12 13 1.890 0.312 5.597
SPIN 2 15 12 14 4.862 1.779 -2.862
SPIN 2 15 12 15 -1.666 -1.807 5.381
SPIN 3 15 13 0 -5.772 -1.161 0.579
SPIN 3 15 13 1 -4.206 -3.707 -1.888
SPIN 3 15 13 2 -2.288 -5.194 -1.669
SPIN 3 15 13 3 -1.188 -4.181 -4.013
SPIN 3 15 13 4 1.548 0.673 5.670
SPIN 3 15 13 5 -0.656 -0.579 5.851
SPIN 3 15 13 6 3.303 -4.868 -0.628
SPIN 3 15 13 7 1.500 4.119 3.973
SPIN 3 15 13 8 1.573 -5.646 0.806
SPIN 3 15 13 9 -5.817 -1.076 0.093
SPIN 3 15 13 10 1.230 -3.759 4.400
SPIN 3 15 13 11 0.046 5.515 -2.141
SPIN 3 15 13 12 -5.202 -0.787 2.705
SPIN 3 15 13 13 4.335 1.087 3.876
SPIN 3 15 13 14 2.081 5.538 -0.021
SPIN 3 15 13 15 2.188 -0.717 -5.450
SPIN 2 15 13 0 4.610 -2.804 2.427
SPIN 2 15 13 1 -0.230 -1.367 5.751
SPIN 2 15 13 2 4.162 -4.092 0.966
SPIN 2 15 13 3 -2.690 3.413 -4.015
SPIN 2 15 13 4 -1.629 -1.432 -5.504
SPIN 2 15 13 5 5.018 -2.563 1.803
SPIN 2 15 13 6 2.206 4.168 3.572
SPIN 2 15 13 7 4.390 -1.156 -3.794
SPIN 2 15 13 8 -5.450 1.571 -1.681
SPIN 2 15 13 9 3.368 0.228 -4.858
SPIN 2 15 13 10 2.147 5.507 0.260
SPIN 2 15 13 11 -4.317 2.929 -2.791
SPIN 2 15 13 12 5.529 -0.981 1.861
SPIN 2 15 13 13 -4.964 2.867 -1.464
SPIN 2 15 13 14 -0.654 -3.287 4.875
SPIN 2 15 13 15 -3.755 1.202 4.411
SPIN 3 15 14 0 -0.669 3.315 -4.854
SPIN 3 15 14 1 3.119 -4.153 2.833
SPIN 3 15 14 2 0.205 0.994 -5.828
SPIN 3 15 14 3 -0.169 4.534 3.796
SPIN 3 15 14 4 -5.177 -2.250 1.769
SPIN 3 15 14 5 5.616 0.229 -1.847
SPIN 3 15 14 6 -2.127 5.359 1.325
SPIN 3 15 14 7 0.718 -5.620 -1.701
SPIN 3 15 14 8 -1.837 -5.449 1.393
SPIN 3 15 14 9 -2.330 -5.125 -1.818
SPIN 3 15 14 10 3.712 2.469 -3.889
SPIN 3 15 14 11 -1.308 -1.679 5.520
SPIN 3 15 14 12 1.875 -5.474 -1.233
SPIN 3 15 14 13 -2.947 -4.233 2.897
SPIN 3 15 14 14 -5.901 -0.110 0.405
SPIN 3 15 14 15 0.835 -1.629 5.626
SPIN 2 15 14 0 3.582 1.535 -4.451
SPIN 2 15 14 1 -4.483 0.054 3.860
SPIN 2 15 14 2 -4.245 1.698 3.754
SPIN 2 15 14 3 -2.200 -2.490 -4.895
SPIN 2 15 14 4 0.676 4.244 4.066
SPIN 2 15 14 5 2.084 -5.260 -1.730
SPIN 2 15 14 6 0.829 -0.231 5.853
SPIN 2 15 14 7 1.185 -5.791 -0.241
SPIN 2 15 14 8 2.671 5.006 -1.675
SPIN 2 15 14 9 2.068 -0.977 -5.456
SPIN 2 15 14 10 -0.684 -2.479 5.328
SPIN 2 15 14 11 -1.889 -1.475 -5.409
SPIN 2 15 14 12 -4.944 2.646 1.885
SPIN 2 15 14 13 -0.074 3.476 -4.786
SPIN 2 15 14 14 3.611 -4.601 -0.891
SPIN 2 15 14 15 -1.448 -5.155 -2.515
SPIN 3 15 15 0 -5.141 2.067 2.073
SPIN 3 15 15 1 5.662 -1.581 -0.663
SPIN 3 15 15 2 0.411 -4.623 -3.668
SPIN 3 15 15 3 -2.301 0.231 5.445
SPIN 3 15 15 4 1.603 -3.515 -4.480
SPIN 3 15 15 5 -2.899 -2.040 4.736
SPIN 3 15 15 6 0.653 -5.789 -1.028
SPIN 3 15 15 7 -1.102 -2.548 -5.224
SPIN 3 15 15 8 3.266 4.899 -0.578
SPIN 3 15 15 9 -4.734 -2.859 2.101
SPIN 3 15 15 10 5.561 -0.228 2.005
SPIN 3 15 15 11 4.061 -4.124 1.225
SPIN 3 15 15 12 0.043 4.450 3.899
SPIN 3 15 15 13 -1.258 5.383 2.106
SPIN 3 15 15 14 -3.092 -1.767 -4.724
SPIN 3 15 15 15 -3.540 0.500 -4.714
SPIN 2 15 15 0 -5.467 -0.063 -2.260
SPIN 2 15 15 1 4.580 -1.376 3.482
SPIN 2 15 15 2 -3.784 3.326 3.101
SPIN 2 15 15 3 4.226 -3.882 1.438
SPIN 2 15 15 4 4.668 -2.093 2.971
SPIN 2 15 15 5 4.146 4.122 0.904
SPIN 2 15 15 6 -2.066 5.301 1.620
SPIN 2 15 15 7 4.042 -3.062 -3.047
SPIN 2 15 15 8 5.238 0.126 -2.748
SPIN 2 15 15 9 3.347 -4.828 0.701
SPIN 2 15 15 10 -2.205 3.658 -4.093
SPIN 2 15 15 11 5.299 -2.467 0.916
SPIN 2 15 15 12 -5.639 -1.764 -0.294
SPIN 2 15 15 13 -2.603 5.044 -1.666
SPIN 2 15 15 14 -2.661 5.270 0.374
SPIN 2 15 15 15 1.957 -4.871 -2.728
