TITLE MnO_160K_J1J2_MC_03
CELL 4.4344 4.4344 4.4344 90 90 90
SITE 0 0 0
SITE 0.5 0.5 0
SITE 0.5 0 0.5
SITE 0 0.5 0.5
BOX 16 16 16
FORM_FACTOR_J0 0.4220 17.6840 0.5948 6.0050 0.0043 -0.6090 -0.0219
SPIN 1 0 0 0 4.086 -3.940 -1.668
SPIN 1 0 0 1 -2.957 -2.104 4.672
SPIN 1 0 0 2 5.609 0.006 1.882
SPIN 1 0 0 3 -3.031 -1.505 4.852
SPIN 1 0 0 4 -3.836 -4.422 0.858
SPIN 1 0 0 5 2.624 2.216 -4.817
SPIN 1 0 0 6 -1.333 -2.490 5.198
SPIN 1 0 0 7 -1.096 5.486 1.923
SPIN 1 0 0 8 -3.357 -1.378 -4.672
SPIN 1 0 0 9 3.466 2.218 -4.251
SPIN 1 0 0 10 -3.776 4.120 1.940
SPIN 1 0 0 11 0.619 0.930 -5.810
SPIN 1 0 0 12 -4.134 4.223 -0.279
SPIN 1 0 0 13 4.741 2.704 2.283
SPIN 1 0 0 14 -5.068 3.052 0.058
SPIN 1 0 0 15 -1.963 -4.497 3.306
SPIN 4 0 0 0 3.646 -1.697 -4.339
SPIN 4 0 0 1 3.707 2.553 -3.840
SPIN 4 0 0 2 -5.761 -0.936 -0.968
SPIN 4 0 0 3 -1.024 -1.683 -5.578
SPIN 4 0 0 4 4.659 -3.241 -1.671
SPIN 4 0 0 5 -1.148 -2.104 -5.409
SPIN 4 0 0 6 -3.032 -2.834 -4.216
SPIN 4 0 0 7 3.740 -0.670 -4.535
SPIN 4 0 0 8 2.617 3.723 3.780
SPIN 4 0 0 9 -0.518 1.829 5.603
SPIN 4 0 0 10 -1.875 1.901 5.279
SPIN 4 0 0 11 -1.124 0.781 5.756
SPIN 4 0 0 12 -3.124 -3.724 3.372
SPIN 4 0 0 13 -2.923 1.237 -4.992
SPIN 4 0 0 14 0.845 -5.808 0.742
SPIN 4 0 0 15 -2.586 0.954 -5.235
SPIN 1 0 1 0 -5.505 -1.274 1.753
SPIN 1 0 1 1 -5.522 0.928 1.911
SPIN 1 0 1 2 -2.126 -5.100 2.115
SPIN 1 0 1 3 0.754 -5.406 2.281
SPIN 1 0 1 4 -3.403 1.148 4.701
SPIN 1 0 1 5 4.298 3.808 1.422
SPIN 1 0 1 6 4.205 3.883 1.497
SPIN 1 0 1 7 3.670 -3.703 2.796
SPIN 1 0 1 8 5.430 1.807 -1.499
SPIN 1 0 1 9 -0.047 3.677 -4.635
SPIN 1 0 1 10 1.697 0.845 -5.604
SPIN 1 0 1 11 0.289 -5.885 -0.532
SPIN 1 0 1 12 2.081 5.346 1.444
SPIN 1 0 1 13 5.772 -1.280 0.212
SPIN 1 0 1 14 -2.841 3.971 -3.340
SPIN 1 0 1 15 1.431 -5.626 1.139
SPIN 4 0 1 0 5.442 2.205 -0.723
SPIN 4 0 1 1 -5.673 -1.295 -1.068
SPIN 4 0 1 2 2.267 5.438 -0.534
SPIN 4 0 1 3 1.530 -4.397 3.650
SPIN 4 0 1 4 -4.351 2.233 -3.329
SPIN 4 0 1 5 -0.670 -5.098 2.925
SPIN 4 0 1 6 -3.726 -1.604 -4.306
SPIN 4 0 1 7 -1.576 -5.036 -2.675
SPIN 4 0 1 8 -0.919 -1.865 -5.539
SPIN 4 0 1 9 -3.765 -1.372 4.352
SPIN 4 0 1 10 3.378 4.223 -2.399
SPIN 4 0 1 11 -5.700 -1.536 0.391
SPIN 4 0 1 12 1.106 -4.731 3.376
SPIN 4 0 1 13 -2.635 1.218 -5.155
SPIN 4 0 1 14 1.243 -4.183 3.994
SPIN 4 0 1 15 -2.708 4.913 1.878
SPIN 1 0 2 0 -1.578 1.738 5.430
SPIN 1 0 2 1 4.712 -3.531 -0.577
SPIN 1 0 2 2 -4.226 -3.703 -1.850
SPIN 1 0 2 3 -4.912 2.783 1.770
SPIN 1 0 2 4 -3.629 -3.090 3.505
SPIN 1 0 2 5 -3.010 0.437 -5.074
SPIN 1 0 2 6 2.436 -4.242 3.328
SPIN 1 0 2 7 -0.628 1.479 -5.694
SPIN 1 0 2 8 4.120 -0.475 4.219
SPIN 1 0 2 9 0.254 -3.719 -4.594
SPIN 1 0 2 10 -2.835 -3.220 -4.073
SPIN 1 0 2 11 -4.505 3.169 2.159
SPIN 1 0 2 12 -2.798 -0.233 -5.207
SPIN 1 0 2 13 2.534 4.276 3.209
SPIN 1 0 2 14 -0.839 -1.204 5.731
SPIN 1 0 2 15 4.896 2.613 2.048
SPIN 4 0 2 0 1.356 -4.483 3.615
SPIN 4 0 2 1 2.453 -3.055 -4.433
SPIN 4 0 2 2 -2.283 2.826 -4.669
SPIN 4 0 2 3 1.986 -4.129 -3.743
SPIN 4 0 2 4 0.259 4.943 3.240
SPIN 4 0 2 5 1.617 3.241 -4.677
SPIN 4 0 2 6 1.866 -4.602 3.216
SPIN 4 0 2 7 -5.287 2.654 0.008
SPIN 4 0 2 8 -5.186 -2.046 1.979
SPIN 4 0 2 9 3.692 0.826 -4.549
SPIN 4 0 2 10 -3.025 1.613 4.822
SPIN 4 0 2 11 3.993 -3.122 3.051
SPIN 4 0 2 12 -1.585 5.347 -1.973
SPIN 4 0 2 13 -4.494 3.704 1.044
SPIN 4 0 2 14 -4.368 0.327 -3.977
SPIN 4 0 2 15 -1.035 -4.773 -3.338
SPIN 1 0 3 0 1.392 -0.965 -5.668
SPIN 1 0 3 1 -1.399 4.114 -4.015
SPIN 1 0 3 2 0.386 -3.136 5.002
SPIN 1 0 3 3 4.283 2.115 -3.491
SPIN 1 0 3 4 5.090 1.058 2.824
SPIN 1 0 3 5 4.726 3.263 -1.419
SPIN 1 0 3 6 3.372 -1.868 4.488
SPIN 1 0 3 7 -1.510 -0.469 5.701
SPIN 1 0 3 8 -1.644 5.199 2.295
SPIN 1 0 3 9 -5.867 -0.133 -0.752
SPIN 1 0 3 10 4.166 1.313 3.990
SPIN 1 0 3 11 -3.635 3.481 -3.110
SPIN 1 0 3 12 -5.545 -1.847 -0.916
SPIN 1 0 3 13 0.521 -2.101 -5.506
SPIN 1 0 3 14 4.809 3.254 -1.133
SPIN 1 0 3 15 0.008 1.840 5.623
SPIN 4 0 3 0 -3.702 -1.482 4.370
SPIN 4 0 3 1 -0.691 0.476 5.856
SPIN 4 0 3 2 3.339 -1.791 -4.543
SPIN 4 0 3 3 -1.729 -1.535 5.446
SPIN 4 0 3 4 5.770 -0.966 0.877
SPIN 4 0 3 5 -4.511 -0.207 3.823
SPIN 4 0 3 6 -4.363 -3.303 2.249
SPIN 4 0 3 7 4.600 1.209 -3.518
SPIN 4 0 3 8 2.761 2.557 4.564
SPIN 4 0 3 9 -4.876 1.551 2.970
SPIN 4 0 3 10 -0.768 -4.516 -3.743
SPIN 4 0 3 11 4.605 3.255 1.790
SPIN 4 0 3 12 1.362 -2.252 5.298
SPIN 4 0 3 13 5.471 -0.805 2.102
SPIN 4 0 3 14 -3.468 1.634 4.506
SPIN 4 0 3 15 2.810 4.902 -1.754
SPIN 1 0 4 0 -3.163 -0.151 4.997
SPIN 1 0 4 1 2.781 1.102 5.104
SPIN 1 0 4 2 -0.050 3.919 -4.432
SPIN 1 0 4 3 -3.147 -2.516 4.332
SPIN 1 0 4 4 1.882 4.583 -3.234
SPIN 1 0 4 5 -1.906 -3.219 4.583
SPIN 1 0 4 6 1.447 5.628 -1.111
SPIN 1 0 4 7 0.270 5.157 -2.886
SPIN 1 0 4 8 -3.784 2.164 -4.000
SPIN 1 0 4 9 4.352 1.572 3.686
SPIN 1 0 4 10 1.813 -2.708 4.938
SPIN 1 0 4 11 -4.111 3.354 2.616
SPIN 1 0 4 12 -4.421 -0.927 3.820
SPIN 1 0 4 13 -0.008 -5.915 -0.130
SPIN 1 0 4 14 -5.555 -0.637 -1.931
SPIN 1 0 4 15 3.807 1.307 -4.336
SPIN 4 0 4 0 -1.119 -1.862 5.503
SPIN 4 0 4 1 0.187 -4.142 -4.220
SPIN 4 0 4 2 -4.627 2.080 3.044
SPIN 4 0 4 3 1.777 3.367 -4.528
SPIN 4 0 4 4 -3.710 -3.556 2.930
SPIN 4 0 4 5 5.070 0.235 3.039
SPIN 4 0 4 6 -1.583 -4.751 -3.150
SPIN 4 0 4 7 1.918 2.551 4.981
SPIN 4 0 4 8 -0.684 -5.566 1.884
SPIN 4 0 4 9 -3.575 -1.993 -4.272
SPIN 4 0 4 10 4.051 3.587 -2.393
SPIN 4 0 4 11 -3.650 1.062 4.533
SPIN 4 0 4 12 -0.487 1.486 -5.706
SPIN 4 0 4 13 -3.851 -2.799 3.512
SPIN 4 0 4 14 5.356 2.362 0.859
SPIN 4 0 4 15 -4.506 -1.368 3.581
SPIN 1 0 5 0 2.260 4.407 -3.236
SPIN 1 0 5 1 -5.108 2.840 0.919
SPIN 1 0 5 2 -0.021 -3.299 4.911
SPIN 1 0 5 3 2.742 -0.247 5.237
SPIN 1 0 5 4 -3.235 0.806 4.887
SPIN 1 0 5 5 -1.001 1.949 -5.495
SPIN 1 0 5 6 -0.344 5.846 -0.838
SPIN 1 0 5 7 -4.184 1.298 -3.976
SPIN 1 0 5 8 4.924 -1.535 2.897
SPIN 1 0 5 9 -2.814 -0.152 -5.202
SPIN 1 0 5 10 -4.846 -1.911 2.804
SPIN 1 0 5 11 -0.711 5.274 2.584
SPIN 1 0 5 12 -5.366 2.212 1.144
SPIN 1 0 5 13 -0.923 -4.966 -3.080
SPIN 1 0 5 14 5.414 -1.179 2.074
SPIN 1 0 5 15 -4.090 -3.632 2.254
SPIN 4 0 5 0 -0.766 0.144 5.865
SPIN 4 0 5 1 -0.909 -5.486 2.018
SPIN 4 0 5 2 4.944 3.077 -1.042
SPIN 4 0 5 3 -4.850 -3.021 1.531
SPIN 4 0 5 4 3.166 4.997 -0.071
SPIN 4 0 5 5 -1.801 -5.605 0.588
SPIN 4 0 5 6 1.511 2.271 5.250
SPIN 4 0 5 7 -1.488 5.717 -0.319
SPIN 4 0 5 8 -0.317 3.797 4.526
SPIN 4 0 5 9 -0.845 5.789 -0.881
SPIN 4 0 5 10 5.789 -0.735 -0.973
SPIN 4 0 5 11 -4.748 3.466 0.665
SPIN 4 0 5 12 4.091 -0.464 4.248
SPIN 4 0 5 13 -0.214 5.912 0.032
SPIN 4 0 5 14 3.233 -3.647 -3.354
SPIN 4 0 5 15 -2.777 3.169 -4.153
SPIN 1 0 6 0 -0.110 -5.905 -0.343
SPIN 1 0 6 1 -0.868 5.079 2.907
SPIN 1 0 6 2 -5.767 -0.517 -1.217
SPIN 1 0 6 3 5.290 -1.590 2.118
SPIN 1 0 6 4 -5.044 3.092 0.040
SPIN 1 0 6 5 -3.663 -4.576 -0.805
SPIN 1 0 6 6 1.262 3.585 4.533
SPIN 1 0 6 7 -2.304 -5.331 -1.128
SPIN 1 0 6 8 1.040 5.714 -1.125
SPIN 1 0 6 9 2.492 0.898 5.290
SPIN 1 0 6 10 -1.468 2.902 -4.942
SPIN 1 0 6 11 5.667 1.674 -0.286
SPIN 1 0 6 12 5.623 0.827 1.643
SPIN 1 0 6 13 -1.754 5.323 -1.895
SPIN 1 0 6 14 0.330 -4.383 3.960
SPIN 1 0 6 15 3.547 4.235 -2.119
SPIN 4 0 6 0 -5.521 0.699 -2.007
SPIN 4 0 6 1 1.193 5.613 1.439
SPIN 4 0 6 2 1.620 -3.123 -4.756
SPIN 4 0 6 3 -4.493 3.326 -1.937
SPIN 4 0 6 4 5.166 -2.793 0.719
SPIN 4 0 6 5 4.901 1.376 3.015
SPIN 4 0 6 6 -0.136 4.226 4.138
SPIN 4 0 6 7 5.393 0.326 -2.409
SPIN 4 0 6 8 -5.676 -0.007 -1.670
SPIN 4 0 6 9 -0.385 -1.529 5.702
SPIN 4 0 6 10 -4.167 -0.868 4.109
SPIN 4 0 6 11 0.640 -1.286 -5.739
SPIN 4 0 6 12 3.418 3.286 3.538
SPIN 4 0 6 13 -4.936 -2.713 -1.810
SPIN 4 0 6 14 -0.236 1.087 5.811
SPIN 4 0 6 15 5.694 -0.499 1.524
SPIN 1 0 7 0 -2.932 -1.881 -4.782
SPIN 1 0 7 1 5.846 0.394 -0.817
SPIN 1 0 7 2 -1.758 0.911 5.575
SPIN 1 0 7 3 -1.725 -3.659 -4.317
SPIN 1 0 7 4 -0.336 -0.087 5.906
SPIN 1 0 7 5 -0.650 3.505 -4.722
SPIN 1 0 7 6 3.905 2.869 -3.394
SPIN 1 0 7 7 -1.880 0.911 5.535
SPIN 1 0 7 8 -2.510 4.745 -2.487
SPIN 1 0 7 9 2.458 -5.209 1.349
SPIN 1 0 7 10 -0.687 -5.274 2.592
SPIN 1 0 7 11 -3.584 4.704 0.156
SPIN 1 0 7 12 4.539 -0.896 3.687
SPIN 1 0 7 13 -5.008 -0.379 -3.127
SPIN 1 0 7 14 1.499 0.472 -5.704
SPIN 1 0 7 15 -0.584 1.496 -5.694
SPIN 4 0 7 0 -1.172 3.564 4.574
SPIN 4 0 7 1 4.916 2.946 -1.468
SPIN 4 0 7 2 0.482 -3.523 4.728
SPIN 4 0 7 3 3.547 3.860 2.743
SPIN 4 0 7 4 4.887 3.061 1.323
SPIN 4 0 7 5 -2.891 5.162 0.020
SPIN 4 0 7 6 -3.020 -1.685 -4.800
SPIN 4 0 7 7 4.018 2.762 3.351
SPIN 4 0 7 8 -0.767 -4.920 -3.194
SPIN 4 0 7 9 1.980 3.327 -4.473
SPIN 4 0 7 10 -1.836 5.586 -0.650
SPIN 4 0 7 11 -0.733 -3.039 5.023
SPIN 4 0 7 12 2.237 -4.120 -3.608
SPIN 4 0 7 13 -4.905 3.071 -1.229
SPIN 4 0 7 14 1.844 -1.794 -5.327
SPIN 4 0 7 15 -1.513 5.715 0.213
SPIN 1 0 8 0 4.246 -3.306 2.457
SPIN 1 0 8 1 -1.141 5.619 1.459
SPIN 1 0 8 2 -1.091 1.418 -5.639
SPIN 1 0 8 3 3.663 -2.592 3.856
SPIN 1 0 8 4 -4.759 1.299 -3.265
SPIN 1 0 8 5 1.624 -3.571 -4.428
SPIN 1 0 8 6 -3.155 4.388 2.406
SPIN 1 0 8 7 -1.959 4.808 -2.837
SPIN 1 0 8 8 -0.816 -5.453 -2.144
SPIN 1 0 8 9 -3.850 3.930 2.176
SPIN 1 0 8 10 -2.675 3.792 -3.670
SPIN 1 0 8 11 -1.800 -2.418 5.090
SPIN 1 0 8 12 1.155 3.466 -4.653
SPIN 1 0 8 13 3.090 -2.884 4.139
SPIN 1 0 8 14 -4.750 -1.049 -3.367
SPIN 1 0 8 15 -2.690 -4.816 2.137
SPIN 4 0 8 0 1.694 -4.377 -3.601
SPIN 4 0 8 1 -5.713 -0.620 1.406
SPIN 4 0 8 2 -4.588 -2.705 2.576
SPIN 4 0 8 3 3.411 -2.690 -4.016
SPIN 4 0 8 4 -3.159 -4.981 0.460
SPIN 4 0 8 5 -2.849 3.267 4.026
SPIN 4 0 8 6 4.377 0.770 3.905
SPIN 4 0 8 7 -5.410 -1.567 -1.809
SPIN 4 0 8 8 3.404 3.456 -3.386
SPIN 4 0 8 9 -5.657 -0.798 1.537
SPIN 4 0 8 10 3.246 -4.826 1.082
SPIN 4 0 8 11 -4.383 3.578 -1.729
SPIN 4 0 8 12 -2.246 2.065 5.069
SPIN 4 0 8 13 1.707 4.236 -3.761
SPIN 4 0 8 14 -2.104 -5.274 1.661
SPIN 4 0 8 15 -4.367 3.083 -2.534
SPIN 1 0 9 0 -1.267 5.379 2.113
SPIN 1 0 9 1 3.368 -4.210 -2.436
SPIN 1 0 9 2 2.749 -4.575 2.552
SPIN 1 0 9 3 3.462 2.625 -4.016
SPIN 1 0 9 4 -0.814 2.632 5.236
SPIN 1 0 9 5 0.204 -4.390 -3.961
SPIN 1 0 9 6 -3.457 -1.786 4.456
SPIN 1 0 9 7 4.143 1.571 -3.920
SPIN 1 0 9 8 3.187 -3.620 3.427
SPIN 1 0 9 9 -3.924 -0.471 -4.402
SPIN 1 0 9 10 -2.739 -4.786 -2.142
SPIN 1 0 9 11 -1.986 -5.572 -0.048
SPIN 1 0 9 12 -1.222 0.557 -5.762
SPIN 1 0 9 13 -2.461 -1.005 -5.285
SPIN 1 0 9 14 -5.508 -0.593 -2.075
SPIN 1 0 9 15 4.212 -3.785 -1.713
SPIN 4 0 9 0 -5.862 -0.149 -0.786
SPIN 4 0 9 1 4.849 1.869 -2.828
SPIN 4 0 9 2 2.030 4.212 -3.625
SPIN 4 0 9 3 -5.554 -1.377 1.502
SPIN 4 0 9 4 1.820 -2.870 4.843
SPIN 4 0 9 5 -0.139 5.914 -0.068
SPIN 4 0 9 6 5.038 -0.802 -2.997
SPIN 4 0 9 7 2.030 5.187 -1.993
SPIN 4 0 9 8 -4.556 -1.881 -3.271
SPIN 4 0 9 9 3.421 1.891 4.441
SPIN 4 0 9 10 5.450 0.355 2.274
SPIN 4 0 9 11 -2.425 -1.473 5.191
SPIN 4 0 9 12 2.514 -3.992 -3.570
SPIN 4 0 9 13 -0.478 5.245 2.694
SPIN 4 0 9 14 5.800 -0.685 0.944
SPIN 4 0 9 15 1.925 -3.702 4.194
SPIN 1 0 10 0 5.378 0.325 -2.443
SPIN 1 0 10 1 3.600 -3.862 -2.669
SPIN 1 0 10 2 -0.671 3.264 4.888
SPIN 1 0 10 3 -5.790 -1.178 0.298
SPIN 1 0 10 4 5.746 -0.848 -1.127
SPIN 1 0 10 5 -0.546 5.608 1.803
SPIN 1 0 10 6 -0.776 -5.848 0.440
SPIN 1 0 10 7 1.547 -5.336 2.032
SPIN 1 0 10 8 5.616 1.257 -1.373
SPIN 1 0 10 9 0.232 -1.992 5.566
SPIN 1 0 10 10 -2.163 1.601 -5.269
SPIN 1 0 10 11 0.312 2.000 5.559
SPIN 1 0 10 12 4.889 -0.603 3.277
SPIN 1 0 10 13 -0.927 5.243 2.578
SPIN 1 0 10 14 2.361 -3.147 -4.419
SPIN 1 0 10 15 -1.411 5.664 -0.964
SPIN 4 0 10 0 3.052 4.309 -2.668
SPIN 4 0 10 1 -1.518 -0.008 -5.718
SPIN 4 0 10 2 0.147 5.813 1.089
SPIN 4 0 10 3 -4.983 -2.374 -2.129
SPIN 4 0 10 4 0.831 5.596 -1.730
SPIN 4 0 10 5 -2.333 -5.077 -1.944
SPIN 4 0 10 6 -5.066 -1.581 -2.615
SPIN 4 0 10 7 1.988 4.651 -3.068
SPIN 4 0 10 8 -2.772 -3.079 4.223
SPIN 4 0 10 9 -0.708 5.733 1.278
SPIN 4 0 10 10 3.582 -3.158 -3.493
SPIN 4 0 10 11 -0.576 -2.815 5.171
SPIN 4 0 10 12 4.707 -2.596 2.472
SPIN 4 0 10 13 -5.566 -1.273 1.551
SPIN 4 0 10 14 5.678 0.041 1.661
SPIN 4 0 10 15 -3.243 -4.497 2.064
SPIN 1 0 11 0 -5.847 -0.662 -0.611
SPIN 1 0 11 1 -4.794 -1.810 2.957
SPIN 1 0 11 2 5.576 0.323 1.950
SPIN 1 0 11 3 -5.877 0.211 -0.641
SPIN 1 0 11 4 2.004 -2.902 4.750
SPIN 1 0 11 5 -0.778 1.687 -5.617
SPIN 1 0 11 6 0.468 4.974 -3.169
SPIN 1 0 11 7 -1.687 -4.031 3.988
SPIN 1 0 11 8 1.703 -4.419 -3.546
SPIN 1 0 11 9 -5.219 2.722 0.594
SPIN 1 0 11 10 0.516 1.999 5.544
SPIN 1 0 11 11 -1.626 0.734 -5.641
SPIN 1 0 11 12 -4.718 -0.793 -3.481
SPIN 1 0 11 13 0.361 3.032 5.067
SPIN 1 0 11 14 -5.836 -0.777 -0.582
SPIN 1 0 11 15 2.776 -1.607 -4.971
SPIN 4 0 11 0 -5.555 -2.029 -0.148
SPIN 4 0 11 1 -3.683 -4.601 0.515
SPIN 4 0 11 2 -3.939 4.197 -1.366
SPIN 4 0 11 3 -3.952 4.239 -1.189
SPIN 4 0 11 4 -4.901 -2.333 2.353
SPIN 4 0 11 5 4.821 -2.858 -1.894
SPIN 4 0 11 6 -2.684 3.634 3.819
SPIN 4 0 11 7 -4.914 -2.566 -2.067
SPIN 4 0 11 8 2.848 2.693 4.431
SPIN 4 0 11 9 -3.363 -3.619 3.255
SPIN 4 0 11 10 0.357 5.391 2.410
SPIN 4 0 11 11 0.320 -5.360 2.484
SPIN 4 0 11 12 4.862 1.905 2.781
SPIN 4 0 11 13 0.540 0.368 -5.880
SPIN 4 0 11 14 5.707 0.448 1.493
SPIN 4 0 11 15 -2.888 4.309 2.845
SPIN 1 0 12 0 2.401 5.239 -1.336
SPIN 1 0 12 1 -4.052 3.040 -3.056
SPIN 1 0 12 2 -0.289 -4.773 -3.483
SPIN 1 0 12 3 4.693 -1.276 3.369
SPIN 1 0 12 4 4.372 -0.677 -3.928
SPIN 1 0 12 5 -0.762 -4.009 4.284
SPIN 1 0 12 6 5.673 -0.180 1.670
SPIN 1 0 12 7 -1.571 1.528 -5.495
SPIN 1 0 12 8 -2.728 3.378 4.019
SPIN 1 0 12 9 -0.989 -5.770 -0.857
SPIN 1 0 12 10 3.276 4.059 -2.792
SPIN 1 0 12 11 -0.081 -5.915 -0.050
SPIN 1 0 12 12 5.798 -0.295 1.136
SPIN 1 0 12 13 -4.414 -0.716 -3.874
SPIN 1 0 12 14 5.774 -0.644 1.114
SPIN 1 0 12 15 -2.964 5.077 0.666
SPIN 4 0 12 0 0.213 -5.279 2.662
SPIN 4 0 12 1 -3.100 3.966 3.108
SPIN 4 0 12 2 -2.641 1.731 -5.003
SPIN 4 0 12 3 1.479 -1.778 5.445
SPIN 4 0 12 4 3.039 3.299 3.857
SPIN 4 0 12 5 0.159 -3.716 -4.600
SPIN 4 0 12 6 -4.742 0.202 -3.531
SPIN 4 0 12 7 -5.454 -2.019 -1.083
SPIN 4 0 12 8 2.523 3.497 4.050
SPIN 4 0 12 9 -4.076 2.350 -3.587
SPIN 4 0 12 10 2.225 -0.511 5.458
SPIN 4 0 12 11 -2.095 3.338 -4.412
SPIN 4 0 12 12 2.365 -4.519 2.997
SPIN 4 0 12 13 -3.374 0.642 -4.817
SPIN 4 0 12 14 2.271 3.490 -4.203
SPIN 4 0 12 15 0.980 -4.649 -3.525
SPIN 1 0 13 0 3.001 -5.098 0.083
SPIN 1 0 13 1 0.399 1.541 5.698
SPIN 1 0 13 2 2.769 -5.227 0.088
SPIN 1 0 13 3 1.618 -5.618 0.909
SPIN 1 0 13 4 0.787 5.859 0.237
SPIN 1 0 13 5 5.313 2.264 -1.281
SPIN 1 0 13 6 -2.422 3.014 -4.478
SPIN 1 0 13 7 2.972 -3.108 4.063
SPIN 1 0 13 8 3.757 -4.537 0.553
SPIN 1 0 13 9 -4.641 3.528 1.009
SPIN 1 0 13 10 3.652 3.437 -3.138
SPIN 1 0 13 11 3.722 0.781 4.532
SPIN 1 0 13 12 0.673 -4.264 -4.046
SPIN 1 0 13 13 -4.871 -1.439 -3.033
SPIN 1 0 13 14 -3.828 3.647 2.655
SPIN 1 0 13 15 -5.697 -1.334 -0.874
SPIN 4 0 13 0 5.434 2.284 -0.500
SPIN 4 0 13 1 1.147 -2.259 5.346
SPIN 4 0 13 2 -1.990 -5.439 -1.207
SPIN 4 0 13 3 0.659 5.203 2.738
SPIN 4 0 13 4 -4.964 -3.167 0.571
SPIN 4 0 13 5 1.168 4.379 -3.803
SPIN 4 0 13 6 2.848 -4.836 1.871
SPIN 4 0 13 7 2.151 4.561 3.094
SPIN 4 0 13 8 -1.599 -1.468 5.504
SPIN 4 0 13 9 2.111 -1.242 -5.385
SPIN 4 0 13 10 2.868 2.370 4.600
SPIN 4 0 13 11 -5.580 -1.624 1.110
SPIN 4 0 13 12 2.781 5.150 0.860
SPIN 4 0 13 13 2.814 3.637 3.723
SPIN 4 0 13 14 -3.236 -3.179 3.798
SPIN 4 0 13 15 0.204 3.596 -4.693
SPIN 1 0 14 0 -1.600 0.836 -5.634
SPIN 1 0 14 1 5.153 -1.541 2.464
SPIN 1 0 14 2 -3.268 1.911 -4.547
SPIN 1 0 14 3 1.438 4.954 -2.896
SPIN 1 0 14 4 4.102 -3.900 -1.721
SPIN 1 0 14 5 -5.410 -0.660 -2.302
SPIN 1 0 14 6 -1.111 -3.999 -4.216
SPIN 1 0 14 7 -0.414 0.068 -5.901
SPIN 1 0 14 8 5.151 -1.846 2.249
SPIN 1 0 14 9 -3.909 4.426 -0.359
SPIN 1 0 14 10 -2.642 -3.770 -3.715
SPIN 1 0 14 11 5.027 2.591 -1.737
SPIN 1 0 14 12 -0.424 4.245 4.099
SPIN 1 0 14 13 -1.452 3.775 4.318
SPIN 1 0 14 14 4.221 -1.955 -3.656
SPIN 1 0 14 15 4.357 -3.154 -2.463
SPIN 4 0 14 0 1.301 5.029 -2.832
SPIN 4 0 14 1 3.346 -4.091 2.658
SPIN 4 0 14 2 1.841 -4.302 3.620
SPIN 4 0 14 3 -2.533 -4.430 -2.993
SPIN 4 0 14 4 3.830 -2.468 3.774
SPIN 4 0 14 5 -3.791 2.785 -3.588
SPIN 4 0 14 6 -3.807 4.471 -0.716
SPIN 4 0 14 7 0.862 0.151 -5.851
SPIN 4 0 14 8 3.490 -4.171 -2.329
SPIN 4 0 14 9 3.602 -0.437 4.672
SPIN 4 0 14 10 0.781 3.752 -4.507
SPIN 4 0 14 11 1.200 -4.338 3.840
SPIN 4 0 14 12 1.163 -3.536 4.599
SPIN 4 0 14 13 2.663 -0.102 -5.282
SPIN 4 0 14 14 -5.616 -1.801 -0.468
SPIN 4 0 14 15 -3.508 -4.071 2.474
SPIN 1 0 15 0 -0.125 -5.674 -1.671
SPIN 1 0 15 1 -3.176 -4.979 -0.347
SPIN 1 0 15 2 2.200 5.169 -1.855
SPIN 1 0 15 3 -1.645 2.032 5.307
SPIN 1 0 15 4 -1.404 1.617 -5.515
SPIN 1 0 15 5 -4.693 -1.431 3.305
SPIN 1 0 15 6 4.007 -3.277 -2.864
SPIN 1 0 15 7 -3.311 -0.938 4.812
SPIN 1 0 15 8 2.740 4.337 2.947
SPIN 1 0 15 9 4.380 -0.327 3.963
SPIN 1 0 15 10 -3.346 4.740 1.159
SPIN 1 0 15 11 5.594 -1.899 0.320
SPIN 1 0 15 12 2.043 -0.280 -5.545
SPIN 1 0 15 13 3.801 2.758 3.598
SPIN 1 0 15 14 -0.496 -2.835 -5.169
SPIN 1 0 15 15 -4.340 2.721 2.960
SPIN 4 0 15 0 1.557 -2.355 -5.199
SPIN 4 0 15 1 0.620 -4.348 3.964
SPIN 4 0 15 2 -4.805 -3.208 -1.274
SPIN 4 0 15 3 -0.525 -0.885 -5.826
SPIN 4 0 15 4 -1.568 4.527 3.471
SPIN 4 0 15 5 -1.881 0.416 -5.594
SPIN 4 0 15 6 0.252 5.839 0.921
SPIN 4 0 15 7 -3.170 -4.147 2.785
SPIN 4 0 15 8 3.192 -4.966 -0.381
SPIN 4 0 15 9 4.787 -1.653 -3.058
SPIN 4 0 15 10 -1.621 -1.424 5.509
SPIN 4 0 15 11 1.482 5.552 -1.408
SPIN 4 0 15 12 -0.940 -5.637 1.531
SPIN 4 0 15 13 -1.239 -5.057 -2.809
SPIN 4 0 15 14 5.688 1.527 -0.563
SPIN 4 0 15 15 0.959 1.776 5.561
SPIN 3 0 0 0 0.528 5.207 -2.758
SPIN 3 0 0 1 3.575 0.254 -4.707
SPIN 3 0 0 2 -2.674 4.156 3.252
SPIN 3 0 0 3 5.087 -0.496 2.979
SPIN 3 0 0 4 -2.008 2.110 -5.149
SPIN 3 0 0 5 2.270 -4.582 2.975
SPIN 3 0 0 6 -4.049 4.307 -0.248
SPIN 3 0 0 7 -0.639 -2.820 5.161
SPIN 3 0 0 8 5.493 -1.800 -1.260
SPIN 3 0 0 9 -3.909 3.160 3.120
SPIN 3 0 0 10 -0.644 -4.603 3.660
SPIN 3 0 0 11 1.844 3.545 -4.363
SPIN 3 0 0 12 1.879 3.767 4.157
SPIN 3 0 0 13 3.097 -3.916 3.173
SPIN 3 0 0 14 -0.131 5.725 1.485
SPIN 3 0 0 15 2.754 -4.297 -2.992
SPIN 2 0 0 0 0.985 5.627 -1.540
SPIN 2 0 0 1 2.381 -5.070 -1.905
SPIN 2 0 0 2 3.090 5.036 0.295
SPIN 2 0 0 3 -1.574 -5.533 -1.379
SPIN 2 0 0 4 3.773 -2.144 4.020
SPIN 2 0 0 5 4.301 3.301 -2.368
SPIN 2 0 0 6 -3.214 1.829 4.617
SPIN 2 0 0 7 2.252 5.117 1.934
SPIN 2 0 0 8 -1.784 -4.664 3.172
SPIN 2 0 0 9 1.468 -1.827 -5.432
SPIN 2 0 0 10 -0.920 -5.844 0.009
SPIN 2 0 0 11 -5.159 1.441 2.511
SPIN 2 0 0 12 2.525 2.784 4.569
SPIN 2 0 0 13 -3.812 -1.691 -4.197
SPIN 2 0 0 14 -1.256 4.051 -4.124
SPIN 2 0 0 15 -1.140 -3.843 4.351
SPIN 3 0 1 0 0.368 -0.194 5.901
SPIN 3 0 1 1 0.511 -4.831 -3.376
SPIN 3 0 1 2 5.409 2.307 0.651
SPIN 3 0 1 3 -5.319 -1.067 -2.359
SPIN 3 0 1 4 -1.546 5.664 0.726
SPIN 3 0 1 5 1.195 -5.149 -2.656
SPIN 3 0 1 6 2.639 -3.251 4.179
SPIN 3 0 1 7 0.772 -2.029 5.503
SPIN 3 0 1 8 -5.202 1.260 -2.521
SPIN 3 0 1 9 2.371 2.076 5.007
SPIN 3 0 1 10 -5.431 -0.878 2.175
SPIN 3 0 1 11 4.084 -4.275 -0.223
SPIN 3 0 1 12 0.585 3.535 -4.708
SPIN 3 0 1 13 -5.868 0.464 0.597
SPIN 3 0 1 14 3.165 -4.554 2.061
SPIN 3 0 1 15 -2.488 -5.007 1.934
SPIN 2 0 1 0 1.862 -0.564 5.587
SPIN 2 0 1 1 4.161 -1.018 -4.080
SPIN 2 0 1 2 -0.123 5.087 3.018
SPIN 2 0 1 3 -3.418 1.772 -4.492
SPIN 2 0 1 4 4.376 -3.342 -2.163
SPIN 2 0 1 5 -4.690 3.324 1.400
SPIN 2 0 1 6 -2.886 5.163 0.117
SPIN 2 0 1 7 5.605 -0.861 -1.687
SPIN 2 0 1 8 -5.149 -2.058 2.063
SPIN 2 0 1 9 3.594 -0.906 -4.611
SPIN 2 0 1 10 -4.419 3.389 1.997
SPIN 2 0 1 11 4.572 3.599 -1.072
SPIN 2 0 1 12 -1.916 4.442 -3.405
SPIN 2 0 1 13 -2.177 4.086 3.683
SPIN 2 0 1 14 3.344 0.631 -4.839
SPIN 2 0 1 15 0.211 -4.730 -3.547
SPIN 3 0 2 0 -5.790 0.473 1.117
SPIN 3 0 2 1 -1.259 -2.760 5.079
SPIN 3 0 2 2 -5.307 -0.833 -2.479
SPIN 3 0 2 3 0.711 2.057 -5.501
SPIN 3 0 2 4 3.327 -4.592 1.686
SPIN 3 0 2 5 -0.941 1.798 5.557
SPIN 3 0 2 6 5.300 -1.854 -1.864
SPIN 3 0 2 7 -0.188 1.491 5.722
SPIN 3 0 2 8 0.099 -3.242 4.948
SPIN 3 0 2 9 -0.761 3.377 -4.798
SPIN 3 0 2 10 0.764 5.156 2.799
SPIN 3 0 2 11 -5.781 -0.791 -0.975
SPIN 3 0 2 12 3.044 1.939 4.688
SPIN 3 0 2 13 4.240 -4.073 0.658
SPIN 3 0 2 14 0.159 -5.645 1.762
SPIN 3 0 2 15 1.051 -4.393 3.821
SPIN 2 0 2 0 -1.145 3.524 -4.612
SPIN 2 0 2 1 -1.535 -3.067 4.821
SPIN 2 0 2 2 -2.766 -1.849 -4.892
SPIN 2 0 2 3 3.307 4.871 -0.584
SPIN 2 0 2 4 -2.438 -5.077 -1.811
SPIN 2 0 2 5 -4.457 1.552 -3.567
SPIN 2 0 2 6 1.033 -2.445 -5.287
SPIN 2 0 2 7 -2.374 4.222 -3.397
SPIN 2 0 2 8 -4.228 -3.944 -1.253
SPIN 2 0 2 9 1.426 3.145 4.804
SPIN 2 0 2 10 4.756 -0.551 3.476
SPIN 2 0 2 11 -2.965 0.707 5.070
SPIN 2 0 2 12 -2.339 3.044 4.501
SPIN 2 0 2 13 1.628 2.688 -5.013
SPIN 2 0 2 14 -4.036 1.357 4.107
SPIN 2 0 2 15 -2.374 -0.292 -5.411
SPIN 3 0 3 0 -3.383 -0.575 4.819
SPIN 3 0 3 1 -1.734 5.480 -1.400
SPIN 3 0 3 2 0.496 3.020 5.063
SPIN 3 0 3 3 -4.337 -3.897 1.004
SPIN 3 0 3 4 3.633 -1.205 -4.511
SPIN 3 0 3 5 -1.884 -0.662 5.569
SPIN 3 0 3 6 -5.153 2.902 -0.162
SPIN 3 0 3 7 2.272 0.568 5.433
SPIN 3 0 3 8 -0.976 -3.580 -4.608
SPIN 3 0 3 9 -2.369 0.754 5.368
SPIN 3 0 3 10 -1.890 -5.085 2.361
SPIN 3 0 3 11 5.796 1.082 0.491
SPIN 3 0 3 12 1.548 -4.049 -4.026
SPIN 3 0 3 13 -3.920 4.174 1.487
SPIN 3 0 3 14 1.357 0.603 -5.727
SPIN 3 0 3 15 0.265 -2.254 5.464
SPIN 2 0 3 0 4.667 -2.660 2.479
SPIN 2 0 3 1 -2.089 -1.100 -5.424
SPIN 2 0 3 2 0.744 -5.781 1.011
SPIN 2 0 3 3 4.348 -2.143 -3.392
SPIN 2 0 3 4 -1.162 2.616 -5.177
SPIN 2 0 3 5 3.673 2.039 -4.165
SPIN 2 0 3 6 0.656 -5.875 -0.232
SPIN 2 0 3 7 3.219 4.111 -2.782
SPIN 2 0 3 8 -5.026 1.478 2.749
SPIN 2 0 3 9 5.588 1.081 -1.615
SPIN 2 0 3 10 3.062 -0.028 -5.062
SPIN 2 0 3 11 2.651 -3.572 -3.900
SPIN 2 0 3 12 3.683 0.144 -4.627
SPIN 2 0 3 13 -5.733 0.078 1.459
SPIN 2 0 3 14 1.620 -5.491 -1.492
SPIN 2 0 3 15 2.830 5.025 -1.318
SPIN 3 0 4 0 3.638 4.650 0.370
SPIN 3 0 4 1 -0.478 -1.388 -5.731
SPIN 3 0 4 2 -1.676 -0.236 -5.669
SPIN 3 0 4 3 0.239 -5.501 2.163
SPIN 3 0 4 4 4.624 3.420 1.389
SPIN 3 0 4 5 -2.948 -0.581 -5.096
SPIN 3 0 4 6 0.747 -5.748 1.184
SPIN 3 0 4 7 1.310 -5.476 -1.817
SPIN 3 0 4 8 3.824 3.876 -2.314
SPIN 3 0 4 9 -0.357 5.079 -3.013
SPIN 3 0 4 10 -4.934 3.122 -0.954
SPIN 3 0 4 11 -1.907 -4.659 -3.108
SPIN 3 0 4 12 -0.607 5.804 -0.972
SPIN 3 0 4 13 -4.343 -3.994 0.435
SPIN 3 0 4 14 -5.109 0.318 2.966
SPIN 3 0 4 15 -1.792 0.230 -5.634
SPIN 2 0 4 0 -2.085 -1.722 -5.262
SPIN 2 0 4 1 1.419 2.849 4.987
SPIN 2 0 4 2 2.069 -4.045 3.789
SPIN 2 0 4 3 -2.526 5.106 1.596
SPIN 2 0 4 4 -3.507 -4.110 2.410
SPIN 2 0 4 5 2.323 2.939 -4.579
SPIN 2 0 4 6 5.765 -0.614 1.179
SPIN 2 0 4 7 -0.017 -0.936 5.842
SPIN 2 0 4 8 -5.749 -0.855 1.105
SPIN 2 0 4 9 1.175 2.818 5.067
SPIN 2 0 4 10 4.090 -4.180 0.894
SPIN 2 0 4 11 0.923 -4.554 3.662
SPIN 2 0 4 12 -5.703 -1.465 -0.574
SPIN 2 0 4 13 5.593 1.923 0.154
SPIN 2 0 4 14 -1.438 5.195 2.439
SPIN 2 0 4 15 -2.688 -0.841 -5.202
SPIN 3 0 5 0 1.437 -5.337 -2.109
SPIN 3 0 5 1 4.622 -3.280 -1.695
SPIN 3 0 5 2 -1.359 -5.754 0.221
SPIN 3 0 5 3 3.959 -1.994 -3.919
SPIN 3 0 5 4 -0.185 -4.087 4.273
SPIN 3 0 5 5 -4.429 2.515 -3.010
SPIN 3 0 5 6 4.228 -3.276 -2.528
SPIN 3 0 5 7 -1.355 1.528 -5.552
SPIN 3 0 5 8 -0.506 -5.880 0.408
SPIN 3 0 5 9 0.562 4.653 -3.610
SPIN 3 0 5 10 0.572 -5.887 -0.110
SPIN 3 0 5 11 3.133 -1.132 -4.889
SPIN 3 0 5 12 -3.725 4.595 -0.120
SPIN 3 0 5 13 -3.101 3.836 3.265
SPIN 3 0 5 14 -1.856 2.953 -4.778
SPIN 3 0 5 15 3.924 0.005 4.428
SPIN 2 0 5 0 2.502 4.384 3.086
SPIN 2 0 5 1 -3.500 -3.604 -3.125
SPIN 2 0 5 2 -5.784 1.019 -0.713
SPIN 2 0 5 3 -3.281 1.322 4.742
SPIN 2 0 5 4 1.746 -5.523 1.202
SPIN 2 0 5 5 -3.324 2.282 4.329
SPIN 2 0 5 6 -3.410 -4.832 -0.151
SPIN 2 0 5 7 -2.224 -5.472 0.329
SPIN 2 0 5 8 1.869 -5.460 1.303
SPIN 2 0 5 9 -4.520 -2.890 2.493
SPIN 2 0 5 10 1.287 -1.408 5.600
SPIN 2 0 5 11 -3.972 -1.180 4.223
SPIN 2 0 5 12 3.101 -2.218 -4.524
SPIN 2 0 5 13 -0.701 -4.339 -3.960
SPIN 2 0 5 14 1.996 -3.577 4.268
SPIN 2 0 5 15 -2.579 -4.968 -1.917
SPIN 3 0 6 0 5.752 -0.531 -1.278
SPIN 3 0 6 1 -0.121 5.808 1.117
SPIN 3 0 6 2 4.715 -2.440 -2.610
SPIN 3 0 6 3 2.140 5.497 -0.456
SPIN 3 0 6 4 3.601 3.994 2.465
SPIN 3 0 6 5 5.916 0.043 -0.069
SPIN 3 0 6 6 -5.882 0.613 0.150
SPIN 3 0 6 7 3.903 1.343 4.238
SPIN 3 0 6 8 4.585 3.263 -1.826
SPIN 3 0 6 9 -0.424 -4.157 4.188
SPIN 3 0 6 10 -0.341 4.703 -3.573
SPIN 3 0 6 11 -3.921 2.818 3.418
SPIN 3 0 6 12 0.600 -0.758 5.837
SPIN 3 0 6 13 -0.681 -5.856 0.493
SPIN 3 0 6 14 -4.725 0.002 -3.560
SPIN 3 0 6 15 -3.515 2.931 -3.749
SPIN 2 0 6 0 1.374 -4.254 3.875
SPIN 2 0 6 1 1.070 4.422 -3.782
SPIN 2 0 6 2 -1.897 -1.833 5.295
SPIN 2 0 6 3 3.830 4.272 -1.444
SPIN 2 0 6 4 -2.660 4.798 -2.213
SPIN 2 0 6 5 -5.021 -0.298 3.114
SPIN 2 0 6 6 1.271 -0.730 -5.732
SPIN 2 0 6 7 -0.516 -5.750 -1.292
SPIN 2 0 6 8 3.343 -4.040 -2.740
SPIN 2 0 6 9 5.034 3.102 0.197
SPIN 2 0 6 10 -2.182 3.961 -3.814
SPIN 2 0 6 11 -4.244 -4.043 -0.799
SPIN 2 0 6 12 0.017 1.138 5.806
SPIN 2 0 6 13 -2.441 4.384 3.135
SPIN 2 0 6 14 5.556 1.594 -1.259
SPIN 2 0 6 15 3.978 4.009 -1.763
SPIN 3 0 7 0 3.650 4.639 -0.393
SPIN 3 0 7 1 -2.328 4.551 -2.978
SPIN 3 0 7 2 5.379 2.325 0.810
SPIN 3 0 7 3 -5.737 -0.315 -1.410
SPIN 3 0 7 4 3.610 -3.481 3.138
SPIN 3 0 7 5 2.666 -5.281 0.012
SPIN 3 0 7 6 -3.246 2.531 4.250
SPIN 3 0 7 7 0.887 -4.585 -3.632
SPIN 3 0 7 8 -4.307 3.961 -0.873
SPIN 3 0 7 9 1.136 1.160 -5.689
SPIN 3 0 7 10 1.723 -5.659 0.077
SPIN 3 0 7 11 -0.668 5.856 -0.516
SPIN 3 0 7 12 -2.380 -5.399 0.427
SPIN 3 0 7 13 3.277 3.160 3.778
SPIN 3 0 7 14 -0.694 -3.453 4.753
SPIN 3 0 7 15 4.535 1.990 3.237
SPIN 2 0 7 0 -1.064 -1.830 -5.524
SPIN 2 0 7 1 5.545 1.752 1.090
SPIN 2 0 7 2 5.003 -0.119 -3.155
SPIN 2 0 7 3 -0.865 -5.679 -1.414
SPIN 2 0 7 4 1.913 5.039 2.438
SPIN 2 0 7 5 4.794 -1.588 -3.082
SPIN 2 0 7 6 4.110 0.374 4.239
SPIN 2 0 7 7 -2.597 2.013 4.919
SPIN 2 0 7 8 3.138 1.284 4.848
SPIN 2 0 7 9 4.298 -1.396 -3.818
SPIN 2 0 7 10 -0.342 5.226 2.752
SPIN 2 0 7 11 -1.850 -3.525 -4.377
SPIN 2 0 7 12 -1.846 3.752 4.185
SPIN 2 0 7 13 5.452 -0.106 2.295
SPIN 2 0 7 14 3.004 -3.853 3.336
SPIN 2 0 7 15 3.645 1.440 4.432
SPIN 3 0 8 0 1.319 2.337 -5.273
SPIN 3 0 8 1 -0.390 -0.456 5.886
SPIN 3 0 8 2 -4.668 -0.919 3.516
SPIN 3 0 8 3 -3.249 2.560 -4.229
SPIN 3 0 8 4 -3.565 -0.573 -4.686
SPIN 3 0 8 5 1.017 -5.043 -2.921
SPIN 3 0 8 6 3.780 -3.605 -2.777
SPIN 3 0 8 7 -1.542 3.820 -4.246
SPIN 3 0 8 8 5.908 0.001 -0.318
SPIN 3 0 8 9 0.856 2.592 5.249
SPIN 3 0 8 10 4.847 -3.367 -0.415
SPIN 3 0 8 11 -3.680 0.635 -4.589
SPIN 3 0 8 12 -4.278 -3.619 1.897
SPIN 3 0 8 13 2.417 5.074 1.847
SPIN 3 0 8 14 4.149 2.075 -3.672
SPIN 3 0 8 15 -1.073 -3.835 4.375
SPIN 2 0 8 0 1.556 -2.677 -5.041
SPIN 2 0 8 1 3.036 -4.572 -2.209
SPIN 2 0 8 2 -2.173 1.092 5.393
SPIN 2 0 8 3 0.469 -0.106 5.897
SPIN 2 0 8 4 -2.255 5.223 -1.622
SPIN 2 0 8 5 3.767 4.546 0.376
SPIN 2 0 8 6 -5.080 0.357 3.010
SPIN 2 0 8 7 4.958 2.803 1.601
SPIN 2 0 8 8 1.257 -2.246 5.327
SPIN 2 0 8 9 -2.284 -5.313 1.249
SPIN 2 0 8 10 -4.137 0.927 -4.127
SPIN 2 0 8 11 5.255 2.647 0.619
SPIN 2 0 8 12 4.021 -2.853 3.269
SPIN 2 0 8 13 2.041 5.545 -0.293
SPIN 2 0 8 14 -4.061 -2.728 -3.327
SPIN 2 0 8 15 -2.679 -1.971 -4.893
SPIN 3 0 9 0 -4.037 1.199 -4.155
SPIN 3 0 9 1 5.895 0.084 0.489
SPIN 3 0 9 2 3.495 -4.766 -0.265
SPIN 3 0 9 3 -4.525 3.700 0.914
SPIN 3 0 9 4 2.271 -2.587 4.811
SPIN 3 0 9 5 4.062 -1.515 4.025
SPIN 3 0 9 6 -5.010 -3.048 -0.779
SPIN 3 0 9 7 3.993 1.270 -4.177
SPIN 3 0 9 8 4.804 -0.663 -3.388
SPIN 3 0 9 9 4.415 -1.954 3.420
SPIN 3 0 9 10 0.903 5.718 -1.222
SPIN 3 0 9 11 -1.532 -1.777 5.431
SPIN 3 0 9 12 -5.642 -1.026 -1.453
SPIN 3 0 9 13 -3.672 3.718 2.774
SPIN 3 0 9 14 1.757 -1.076 -5.546
SPIN 3 0 9 15 -4.992 0.341 3.156
SPIN 2 0 9 0 -2.145 -2.996 4.628
SPIN 2 0 9 1 -0.304 -2.391 5.403
SPIN 2 0 9 2 -4.430 2.417 -3.088
SPIN 2 0 9 3 5.238 0.484 2.707
SPIN 2 0 9 4 -5.907 0.129 -0.304
SPIN 2 0 9 5 5.487 -2.167 -0.442
SPIN 2 0 9 6 -2.043 5.425 -1.181
SPIN 2 0 9 7 4.951 -0.574 3.188
SPIN 2 0 9 8 -0.710 -1.542 5.667
SPIN 2 0 9 9 -4.536 2.032 -3.209
SPIN 2 0 9 10 0.624 4.827 -3.364
SPIN 2 0 9 11 -0.204 5.690 1.605
SPIN 2 0 9 12 -1.241 -0.677 -5.745
SPIN 2 0 9 13 -4.451 -0.166 3.894
SPIN 2 0 9 14 3.400 4.808 -0.568
SPIN 2 0 9 15 1.722 1.617 -5.424
SPIN 3 0 10 0 4.979 0.446 3.163
SPIN 3 0 10 1 1.104 5.636 -1.418
SPIN 3 0 10 2 -3.705 0.033 -4.612
SPIN 3 0 10 3 -1.446 0.200 -5.733
SPIN 3 0 10 4 2.330 4.006 3.677
SPIN 3 0 10 5 0.363 -1.315 -5.757
SPIN 3 0 10 6 0.024 1.990 -5.571
SPIN 3 0 10 7 1.466 5.729 0.171
SPIN 3 0 10 8 -3.394 4.819 -0.508
SPIN 3 0 10 9 -3.981 2.893 3.284
SPIN 3 0 10 10 -0.093 -0.064 -5.915
SPIN 3 0 10 11 -2.614 -4.778 -2.311
SPIN 3 0 10 12 -5.814 1.089 0.126
SPIN 3 0 10 13 -3.121 -3.880 3.195
SPIN 3 0 10 14 4.986 -2.887 -1.345
SPIN 3 0 10 15 -5.006 -2.438 -1.999
SPIN 2 0 10 0 2.763 4.301 2.978
SPIN 2 0 10 1 -4.554 -1.182 -3.587
SPIN 2 0 10 2 1.893 -4.886 2.747
SPIN 2 0 10 3 -2.402 2.984 -4.509
SPIN 2 0 10 4 -0.631 -2.507 5.321
SPIN 2 0 10 5 4.027 0.834 -4.253
SPIN 2 0 10 6 -1.938 -3.451 4.397
SPIN 2 0 10 7 -3.655 2.488 3.931
SPIN 2 0 10 8 -5.131 -0.709 -2.859
SPIN 2 0 10 9 0.845 -1.317 -5.705
SPIN 2 0 10 10 -4.915 1.232 3.054
SPIN 2 0 10 11 1.451 -2.223 5.287
SPIN 2 0 10 12 2.982 4.159 -2.969
SPIN 2 0 10 13 -0.629 -3.234 -4.914
SPIN 2 0 10 14 4.465 3.799 0.796
SPIN 2 0 10 15 -3.560 1.755 4.387
SPIN 3 0 11 0 -5.348 2.474 -0.528
SPIN 3 0 11 1 2.206 5.444 -0.702
SPIN 3 0 11 2 5.454 1.843 1.361
SPIN 3 0 11 3 -0.072 -5.077 -3.036
SPIN 3 0 11 4 5.755 -1.302 0.427
SPIN 3 0 11 5 1.759 -0.513 -5.625
SPIN 3 0 11 6 0.661 5.807 -0.918
SPIN 3 0 11 7 -5.636 -1.423 1.099
SPIN 3 0 11 8 -4.448 -1.489 -3.606
SPIN 3 0 11 9 -0.790 5.676 -1.468
SPIN 3 0 11 10 -2.063 -3.190 -4.535
SPIN 3 0 11 11 2.862 0.317 -5.168
SPIN 3 0 11 12 -2.002 3.902 3.971
SPIN 3 0 11 13 3.550 -1.132 -4.595
SPIN 3 0 11 14 -4.489 3.774 0.779
SPIN 3 0 11 15 2.603 5.088 1.529
SPIN 2 0 11 0 -3.900 -4.352 -0.922
SPIN 2 0 11 1 -1.234 -4.074 4.109
SPIN 2 0 11 2 4.814 3.217 1.214
SPIN 2 0 11 3 2.345 -3.886 -3.794
SPIN 2 0 11 4 -1.876 -2.873 -4.820
SPIN 2 0 11 5 0.232 1.840 5.618
SPIN 2 0 11 6 4.976 -3.201 0.013
SPIN 2 0 11 7 0.654 5.483 -2.124
SPIN 2 0 11 8 0.024 2.585 5.321
SPIN 2 0 11 9 2.730 -3.863 -3.553
SPIN 2 0 11 10 3.066 3.820 3.318
SPIN 2 0 11 11 2.095 -2.790 -4.777
SPIN 2 0 11 12 2.620 2.022 -4.904
SPIN 2 0 11 13 2.434 -1.799 5.083
SPIN 2 0 11 14 -5.901 -0.175 0.381
SPIN 2 0 11 15 0.865 5.836 0.437
SPIN 3 0 12 0 4.544 -3.766 0.412
SPIN 3 0 12 1 3.942 0.222 -4.405
SPIN 3 0 12 2 -4.653 -3.539 0.906
SPIN 3 0 12 3 1.968 4.444 3.374
SPIN 3 0 12 4 4.036 -4.174 1.133
SPIN 3 0 12 5 -2.874 -5.108 -0.803
SPIN 3 0 12 6 -2.163 5.503 -0.196
SPIN 3 0 12 7 -0.864 1.387 5.686
SPIN 3 0 12 8 5.026 -0.664 -3.049
SPIN 3 0 12 9 2.697 5.046 1.503
SPIN 3 0 12 10 -3.799 -1.658 -4.221
SPIN 3 0 12 11 2.004 5.491 0.914
SPIN 3 0 12 12 -0.564 5.874 -0.417
SPIN 3 0 12 13 1.063 0.088 5.819
SPIN 3 0 12 14 1.303 -5.602 1.385
SPIN 3 0 12 15 -3.303 4.820 -0.923
SPIN 2 0 12 0 1.280 5.388 -2.082
SPIN 2 0 12 1 1.033 -4.082 -4.156
SPIN 2 0 12 2 -5.303 2.564 0.554
SPIN 2 0 12 3 -4.154 0.126 -4.211
SPIN 2 0 12 4 0.071 5.893 -0.517
SPIN 2 0 12 5 4.226 -3.613 2.021
SPIN 2 0 12 6 -1.670 -4.429 3.550
SPIN 2 0 12 7 4.741 -2.438 2.565
SPIN 2 0 12 8 5.047 0.393 -3.061
SPIN 2 0 12 9 -0.831 5.776 -0.974
SPIN 2 0 12 10 1.981 -1.890 5.244
SPIN 2 0 12 11 4.879 0.533 3.304
SPIN 2 0 12 12 -3.159 3.212 -3.834
SPIN 2 0 12 13 4.019 -1.846 -3.929
SPIN 2 0 12 14 -3.511 1.237 4.598
SPIN 2 0 12 15 -1.385 -4.900 3.011
SPIN 3 0 13 0 -0.598 5.883 0.192
SPIN 3 0 13 1 -4.905 -3.256 0.584
SPIN 3 0 13 2 -1.471 -4.833 -3.079
SPIN 3 0 13 3 3.527 1.032 -4.636
SPIN 3 0 13 4 -2.208 2.510 4.881
SPIN 3 0 13 5 -5.550 -1.064 -1.751
SPIN 3 0 13 6 -2.343 -5.334 1.031
SPIN 3 0 13 7 5.527 -1.567 1.413
SPIN 3 0 13 8 -3.537 -4.047 2.473
SPIN 3 0 13 9 -0.420 -5.873 0.572
SPIN 3 0 13 10 -4.553 -2.688 -2.654
SPIN 3 0 13 11 1.732 -3.024 4.780
SPIN 3 0 13 12 -2.168 -5.388 1.128
SPIN 3 0 13 13 -4.496 -3.573 -1.421
SPIN 3 0 13 14 5.615 1.618 -0.924
SPIN 3 0 13 15 -4.043 3.210 2.890
SPIN 2 0 13 0 3.031 -3.544 3.641
SPIN 2 0 13 1 -0.909 2.650 -5.211
SPIN 2 0 13 2 -1.318 2.951 -4.955
SPIN 2 0 13 3 5.710 1.504 -0.372
SPIN 2 0 13 4 2.378 -3.544 4.096
SPIN 2 0 13 5 0.929 1.124 -5.734
SPIN 2 0 13 6 5.628 -1.779 -0.400
SPIN 2 0 13 7 -5.794 -1.137 0.373
SPIN 2 0 13 8 -1.206 5.781 0.355
SPIN 2 0 13 9 4.548 -3.253 -1.930
SPIN 2 0 13 10 -5.261 2.595 0.769
SPIN 2 0 13 11 -2.191 -3.586 -4.164
SPIN 2 0 13 12 2.856 -1.772 4.869
SPIN 2 0 13 13 -0.911 5.457 2.096
SPIN 2 0 13 14 -3.713 -4.593 -0.345
SPIN 2 0 13 15 -3.437 -0.138 4.813
SPIN 3 0 14 0 4.942 -3.147 -0.818
SPIN 3 0 14 1 -5.544 -0.994 -1.811
SPIN 3 0 14 2 0.598 5.860 -0.552
SPIN 3 0 14 3 -4.812 -0.654 3.379
SPIN 3 0 14 4 5.440 2.255 0.571
SPIN 3 0 14 5 3.945 -1.301 4.212
SPIN 3 0 14 6 4.217 0.174 -4.146
SPIN 3 0 14 7 -0.810 0.365 5.849
SPIN 3 0 14 8 4.079 -4.071 1.338
SPIN 3 0 14 9 -4.048 3.881 1.885
SPIN 3 0 14 10 3.557 -3.082 -3.584
SPIN 3 0 14 11 3.307 0.030 4.905
SPIN 3 0 14 12 -3.742 2.466 3.862
SPIN 3 0 14 13 1.764 -4.698 3.133
SPIN 3 0 14 14 0.074 5.806 1.134
SPIN 3 0 14 15 -0.300 4.309 -4.043
SPIN 2 0 14 0 2.238 5.329 1.260
SPIN 2 0 14 1 2.160 3.065 -4.576
SPIN 2 0 14 2 2.970 4.994 -1.112
SPIN 2 0 14 3 -3.812 -0.904 -4.433
SPIN 2 0 14 4 -2.322 4.499 3.060
SPIN 2 0 14 5 -1.419 -2.690 5.074
SPIN 2 0 14 6 -5.832 0.311 0.943
SPIN 2 0 14 7 -2.144 -2.957 -4.654
SPIN 2 0 14 8 1.168 2.530 5.219
SPIN 2 0 14 9 1.446 -3.583 -4.480
SPIN 2 0 14 10 5.439 -2.282 0.459
SPIN 2 0 14 11 -4.874 2.578 2.144
SPIN 2 0 14 12 0.549 2.834 -5.164
SPIN 2 0 14 13 3.804 1.584 -4.245
SPIN 2 0 14 14 1.753 -0.944 5.571
SPIN 2 0 14 15 2.589 0.831 -5.254
SPIN 3 0 15 0 -5.825 0.801 -0.653
SPIN 3 0 15 1 -2.353 5.260 -1.343
SPIN 3 0 15 2 -5.195 -2.731 0.749
SPIN 3 0 15 3 -1.534 -2.070 -5.326
SPIN 3 0 15 4 1.838 -5.339 -1.766
SPIN 3 0 15 5 -2.699 4.070 -3.340
SPIN 3 0 15 6 3.496 -4.772 0.053
SPIN 3 0 15 7 -2.035 3.906 -3.950
SPIN 3 0 15 8 -3.758 -3.947 2.302
SPIN 3 0 15 9 0.998 -1.324 -5.679
SPIN 3 0 15 10 1.016 -4.553 3.639
SPIN 3 0 15 11 -0.610 -5.842 -0.705
SPIN 3 0 15 12 -1.228 -5.605 1.440
SPIN 3 0 15 13 -5.615 1.054 1.537
SPIN 3 0 15 14 -1.275 -4.948 2.981
SPIN 3 0 15 15 2.316 -2.392 -4.890
SPIN 2 0 15 0 3.851 4.450 0.606
SPIN 2 0 15 1 -5.042 1.423 -2.748
SPIN 2 0 15 2 -5.672 -1.219 -1.158
SPIN 2 0 15 3 -0.181 -4.721 3.561
SPIN 2 0 15 4 -3.080 4.222 2.772
SPIN 2 0 15 5 1.671 -5.192 -2.293
SPIN 2 0 15 6 0.193 5.694 1.593
SPIN 2 0 15 7 3.442 0.160 -4.809
SPIN 2 0 15 8 -4.200 1.460 3.902
SPIN 2 0 15 9 1.761 5.618 0.579
SPIN 2 0 15 10 0.462 -5.560 -1.968
SPIN 2 0 15 11 5.340 1.649 -1.940
SPIN 2 0 15 12 -4.793 1.053 3.305
SPIN 2 0 15 13 3.100 4.811 1.497
SPIN 2 0 15 14 -2.504 -1.963 4.987
SPIN 2 0 15 15 -5.094 0.202 -3.002
SPIN 1 1 0 0 -4.642 3.308 -1.582
SPIN 1 1 0 1 -5.127 -2.690 -1.215
SPIN 1 1 0 2 -1.320 -3.848 -4.295
SPIN 1 1 0 3 -2.630 3.007 4.364
SPIN 1 1 0 4 5.889 0.543 -0.149
SPIN 1 1 0 5 1.707 1.478 5.468
SPIN 1 1 0 6 -2.715 -4.152 3.224
SPIN 1 1 0 7 5.572 -1.296 1.509
SPIN 1 1 0 8 4.558 3.761 -0.273
SPIN 1 1 0 9 1.385 -0.857 -5.687
SPIN 1 1 0 10 3.287 3.323 3.627
SPIN 1 1 0 11 1.056 -2.775 5.117
SPIN 1 1 0 12 3.400 3.447 -3.400
SPIN 1 1 0 13 -2.485 -2.872 4.536
SPIN 1 1 0 14 -5.720 -0.236 -1.492
SPIN 1 1 0 15 1.511 -3.581 4.460
SPIN 4 1 0 0 -3.970 -0.823 4.308
SPIN 4 1 0 1 3.487 1.689 4.471
SPIN 4 1 0 2 -2.739 -1.690 -4.964
SPIN 4 1 0 3 3.305 -0.955 -4.813
SPIN 4 1 0 4 -2.282 -3.782 3.936
SPIN 4 1 0 5 -5.482 -0.491 2.170
SPIN 4 1 0 6 -4.703 -0.842 -3.488
SPIN 4 1 0 7 3.151 2.218 4.489
SPIN 4 1 0 8 -2.747 -4.902 1.851
SPIN 4 1 0 9 2.229 -4.732 -2.765
SPIN 4 1 0 10 -3.195 4.979 0.023
SPIN 4 1 0 11 3.779 -3.568 -2.827
SPIN 4 1 0 12 5.432 2.143 0.949
SPIN 4 1 0 13 -1.079 -5.529 1.807
SPIN 4 1 0 14 -1.855 -4.484 -3.384
SPIN 4 1 0 15 1.732 -2.451 -5.098
SPIN 1 1 1 0 0.351 4.159 4.193
SPIN 1 1 1 1 1.233 5.760 -0.545
SPIN 1 1 1 2 -4.599 1.135 -3.545
SPIN 1 1 1 3 2.651 -1.392 5.103
SPIN 1 1 1 4 -4.536 -0.387 3.778
SPIN 1 1 1 5 4.746 -0.452 -3.503
SPIN 1 1 1 6 4.604 2.849 -2.386
SPIN 1 1 1 7 -5.842 -0.839 0.413
SPIN 1 1 1 8 -5.531 -0.499 -2.039
SPIN 1 1 1 9 -2.179 -1.246 5.357
SPIN 1 1 1 10 1.137 -5.803 0.191
SPIN 1 1 1 11 -3.976 4.200 1.244
SPIN 1 1 1 12 -0.702 -5.874 0.035
SPIN 1 1 1 13 1.830 5.588 -0.654
SPIN 1 1 1 14 3.217 -3.781 3.218
SPIN 1 1 1 15 -3.952 4.263 -1.102
SPIN 4 1 1 0 3.767 -3.197 -3.254
SPIN 4 1 1 1 -3.420 -4.642 1.324
SPIN 4 1 1 2 5.424 -1.053 2.114
SPIN 4 1 1 3 1.242 2.786 -5.069
SPIN 4 1 1 4 -4.882 -2.985 1.502
SPIN 4 1 1 5 5.660 -1.603 -0.630
SPIN 4 1 1 6 1.724 -3.356 4.557
SPIN 4 1 1 7 -3.327 -4.806 -0.913
SPIN 4 1 1 8 -0.330 5.859 -0.753
SPIN 4 1 1 9 3.983 4.096 -1.537
SPIN 4 1 1 10 2.455 -5.188 1.432
SPIN 4 1 1 11 -2.108 -1.090 -5.419
SPIN 4 1 1 12 -5.259 -2.202 1.580
SPIN 4 1 1 13 -4.762 -2.879 -2.009
SPIN 4 1 1 14 0.889 5.219 2.641
SPIN 4 1 1 15 -3.952 -0.784 4.332
SPIN 1 1 2 0 2.659 -5.209 0.891
SPIN 1 1 2 1 3.843 3.417 -2.924
SPIN 1 1 2 2 -3.923 -0.880 4.340
SPIN 1 1 2 3 2.470 2.492 4.763
SPIN 1 1 2 4 4.872 -0.955 -3.217
SPIN 1 1 2 5 -3.031 4.509 2.341
SPIN 1 1 2 6 -2.911 -1.115 5.028
SPIN 1 1 2 7 4.649 2.806 2.348
SPIN 1 1 2 8 -1.968 2.990 -4.710
SPIN 1 1 2 9 4.272 -3.950 1.073
SPIN 1 1 2 10 -5.261 0.014 2.706
SPIN 1 1 2 11 -4.531 1.795 -3.354
SPIN 1 1 2 12 3.013 3.335 -3.848
SPIN 1 1 2 13 0.323 -5.906 -0.126
SPIN 1 1 2 14 1.267 5.371 2.131
SPIN 1 1 2 15 -5.127 -0.837 2.830
SPIN 4 1 2 0 -5.885 -0.366 0.485
SPIN 4 1 2 1 1.470 5.529 -1.506
SPIN 4 1 2 2 -0.611 -5.703 1.452
SPIN 4 1 2 3 -2.071 3.923 3.914
SPIN 4 1 2 4 4.064 -1.885 3.864
SPIN 4 1 2 5 -0.425 1.901 -5.586
SPIN 4 1 2 6 -3.008 -1.553 4.852
SPIN 4 1 2 7 2.466 -5.303 0.891
SPIN 4 1 2 8 5.505 1.891 -1.058
SPIN 4 1 2 9 -3.883 4.463 0.091
SPIN 4 1 2 10 5.664 -1.210 1.208
SPIN 4 1 2 11 -4.422 -3.900 -0.478
SPIN 4 1 2 12 0.466 -5.580 1.909
SPIN 4 1 2 13 4.889 0.412 -3.306
SPIN 4 1 2 14 -0.367 -4.708 3.564
SPIN 4 1 2 15 3.291 4.107 -2.702
SPIN 1 1 3 0 -3.174 3.462 -3.597
SPIN 1 1 3 1 2.305 -5.197 -1.637
SPIN 1 1 3 2 -3.752 1.824 -4.194
SPIN 1 1 3 3 -4.280 -2.828 -2.946
SPIN 1 1 3 4 2.314 4.006 3.687
SPIN 1 1 3 5 -5.698 0.926 -1.294
SPIN 1 1 3 6 3.272 -4.034 -2.832
SPIN 1 1 3 7 1.190 -4.532 -3.611
SPIN 1 1 3 8 -0.246 1.400 -5.743
SPIN 1 1 3 9 -0.557 -3.533 -4.713
SPIN 1 1 3 10 -2.574 -4.439 -2.944
SPIN 1 1 3 11 3.864 4.122 -1.754
SPIN 1 1 3 12 -3.445 -2.668 4.001
SPIN 1 1 3 13 4.881 3.109 -1.231
SPIN 1 1 3 14 1.068 -3.853 -4.360
SPIN 1 1 3 15 -1.232 -4.993 2.925
SPIN 4 1 3 0 0.005 -0.478 5.897
SPIN 4 1 3 1 -2.351 5.263 -1.334
SPIN 4 1 3 2 -5.071 -0.753 2.953
SPIN 4 1 3 3 4.678 -1.964 -3.043
SPIN 4 1 3 4 -3.609 4.389 1.647
SPIN 4 1 3 5 2.306 0.917 5.370
SPIN 4 1 3 6 0.196 4.760 -3.507
SPIN 4 1 3 7 -2.180 0.607 5.466
SPIN 4 1 3 8 -4.800 -3.153 1.422
SPIN 4 1 3 9 2.754 -4.271 3.028
SPIN 4 1 3 10 5.059 -1.409 2.724
SPIN 4 1 3 11 -4.994 2.943 1.181
SPIN 4 1 3 12 -2.845 5.174 0.371
SPIN 4 1 3 13 -1.489 5.439 -1.789
SPIN 4 1 3 14 1.469 5.440 -1.803
SPIN 4 1 3 15 4.390 -3.951 0.341
SPIN 1 1 4 0 -3.730 -1.256 -4.417
SPIN 1 1 4 1 1.956 -4.924 2.632
SPIN 1 1 4 2 2.095 -0.575 5.503
SPIN 1 1 4 3 -4.156 4.014 1.269
SPIN 1 1 4 4 -0.420 -5.555 -1.991
SPIN 1 1 4 5 4.244 1.460 -3.854
SPIN 1 1 4 6 -3.678 3.264 -3.289
SPIN 1 1 4 7 -4.716 2.535 2.516
SPIN 1 1 4 8 -4.106 -4.258 -0.059
SPIN 1 1 4 9 -1.367 0.459 -5.738
SPIN 1 1 4 10 -2.331 -5.435 -0.160
SPIN 1 1 4 11 -0.234 -4.648 3.653
SPIN 1 1 4 12 3.829 -4.425 0.872
SPIN 1 1 4 13 -3.131 3.793 -3.288
SPIN 1 1 4 14 -1.783 -1.292 5.491
SPIN 1 1 4 15 -2.872 2.345 4.610
SPIN 4 1 4 0 2.146 -1.901 -5.175
SPIN 4 1 4 1 -5.851 -0.569 -0.668
SPIN 4 1 4 2 3.462 3.193 -3.580
SPIN 4 1 4 3 -0.582 -2.670 5.247
SPIN 4 1 4 4 -4.026 -1.497 4.069
SPIN 4 1 4 5 -5.827 -0.690 0.752
SPIN 4 1 4 6 -1.013 -5.805 0.522
SPIN 4 1 4 7 3.971 4.382 0.162
SPIN 4 1 4 8 0.872 -3.064 4.985
SPIN 4 1 4 9 -0.312 -4.337 -4.012
SPIN 4 1 4 10 -0.737 -5.374 2.362
SPIN 4 1 4 11 -2.657 2.505 -4.655
SPIN 4 1 4 12 4.756 -2.583 2.390
SPIN 4 1 4 13 1.254 0.979 -5.698
SPIN 4 1 4 14 -5.513 -2.125 -0.298
SPIN 4 1 4 15 2.893 -3.009 -4.192
SPIN 1 1 5 0 -3.624 -4.674 -0.132
SPIN 1 1 5 1 3.600 2.429 -4.018
SPIN 1 1 5 2 5.852 0.195 -0.843
SPIN 1 1 5 3 -3.481 -1.854 4.410
SPIN 1 1 5 4 0.849 5.794 0.841
SPIN 1 1 5 5 3.902 2.953 3.325
SPIN 1 1 5 6 0.363 5.451 2.271
SPIN 1 1 5 7 -1.307 5.719 0.767
SPIN 1 1 5 8 0.144 3.553 -4.728
SPIN 1 1 5 9 5.267 2.188 1.572
SPIN 1 1 5 10 3.417 2.507 4.127
SPIN 1 1 5 11 0.858 5.015 -3.018
SPIN 1 1 5 12 -2.769 -2.460 4.613
SPIN 1 1 5 13 0.330 -5.725 1.455
SPIN 1 1 5 14 -5.692 -1.441 -0.725
SPIN 1 1 5 15 5.497 -0.406 2.149
SPIN 4 1 5 0 -0.083 -5.782 -1.248
SPIN 4 1 5 1 2.110 5.527 -0.008
SPIN 4 1 5 2 -4.218 -4.143 -0.217
SPIN 4 1 5 3 -3.681 3.501 -3.032
SPIN 4 1 5 4 2.008 0.099 -5.564
SPIN 4 1 5 5 0.885 1.551 -5.640
SPIN 4 1 5 6 -0.141 1.620 5.688
SPIN 4 1 5 7 -1.848 -0.898 -5.548
SPIN 4 1 5 8 -0.829 -5.583 -1.774
SPIN 4 1 5 9 1.766 3.599 4.350
SPIN 4 1 5 10 -3.277 -2.809 -4.047
SPIN 4 1 5 11 3.485 0.579 -4.745
SPIN 4 1 5 12 3.043 4.270 -2.741
SPIN 4 1 5 13 0.408 -1.073 -5.804
SPIN 4 1 5 14 -0.998 -2.252 5.379
SPIN 4 1 5 15 4.510 -3.657 -1.133
SPIN 1 1 6 0 4.430 3.664 1.396
SPIN 1 1 6 1 -0.467 -5.882 -0.425
SPIN 1 1 6 2 3.416 3.876 -2.882
SPIN 1 1 6 3 -5.020 -2.542 -1.827
SPIN 1 1 6 4 3.536 -1.930 -4.333
SPIN 1 1 6 5 -2.567 -4.824 -2.266
SPIN 1 1 6 6 3.242 4.916 0.568
SPIN 1 1 6 7 0.922 5.837 -0.275
SPIN 1 1 6 8 -5.446 -2.303 0.192
SPIN 1 1 6 9 -4.644 3.665 -0.023
SPIN 1 1 6 10 -1.778 -1.687 -5.385
SPIN 1 1 6 11 2.789 2.723 4.450
SPIN 1 1 6 12 -0.786 -3.127 -4.960
SPIN 1 1 6 13 3.975 -4.101 1.544
SPIN 1 1 6 14 -0.611 4.485 -3.810
SPIN 1 1 6 15 -0.967 3.997 4.253
SPIN 4 1 6 0 3.014 2.418 -4.480
SPIN 4 1 6 1 0.057 -5.161 -2.891
SPIN 4 1 6 2 -5.828 0.010 -1.015
SPIN 4 1 6 3 -2.239 -3.810 -3.933
SPIN 4 1 6 4 2.283 0.417 5.442
SPIN 4 1 6 5 -3.416 1.961 -4.414
SPIN 4 1 6 6 -3.230 -3.481 -3.529
SPIN 4 1 6 7 -5.120 2.960 0.155
SPIN 4 1 6 8 -3.831 2.771 3.556
SPIN 4 1 6 9 4.993 -0.358 -3.152
SPIN 4 1 6 10 3.350 3.311 3.580
SPIN 4 1 6 11 -0.421 5.889 -0.375
SPIN 4 1 6 12 -4.403 -2.370 3.163
SPIN 4 1 6 13 -3.941 0.702 4.356
SPIN 4 1 6 14 1.471 -5.700 -0.588
SPIN 4 1 6 15 0.238 -5.838 0.930
SPIN 1 1 7 0 1.159 3.661 4.500
SPIN 1 1 7 1 -4.165 2.049 -3.668
SPIN 1 1 7 2 -1.208 5.317 -2.297
SPIN 1 1 7 3 4.952 -3.090 -0.968
SPIN 1 1 7 4 0.055 -1.068 -5.819
SPIN 1 1 7 5 2.585 2.403 4.748
SPIN 1 1 7 6 -3.909 -0.468 -4.416
SPIN 1 1 7 7 4.969 3.190 0.362
SPIN 1 1 7 8 -4.838 -0.672 3.338
SPIN 1 1 7 9 2.746 4.168 3.176
SPIN 1 1 7 10 -4.328 -2.627 3.062
SPIN 1 1 7 11 2.055 2.174 -5.104
SPIN 1 1 7 12 4.964 1.299 2.944
SPIN 1 1 7 13 5.275 -0.346 -2.655
SPIN 1 1 7 14 -5.330 2.122 1.444
SPIN 1 1 7 15 -1.074 -2.890 -5.049
SPIN 4 1 7 0 -0.193 -0.584 5.884
SPIN 4 1 7 1 -2.039 -4.033 3.818
SPIN 4 1 7 2 5.211 -2.738 -0.587
SPIN 4 1 7 3 -0.050 -3.904 -4.445
SPIN 4 1 7 4 -2.770 -0.749 5.174
SPIN 4 1 7 5 3.666 -1.916 -4.229
SPIN 4 1 7 6 2.914 -0.216 5.144
SPIN 4 1 7 7 -1.731 -0.931 -5.580
SPIN 4 1 7 8 -5.107 2.987 -0.002
SPIN 4 1 7 9 -0.482 -4.302 4.032
SPIN 4 1 7 10 3.411 -4.528 -1.691
SPIN 4 1 7 11 0.594 -5.543 1.982
SPIN 4 1 7 12 2.629 5.097 -1.455
SPIN 4 1 7 13 4.397 3.653 1.524
SPIN 4 1 7 14 -1.316 -5.296 -2.285
SPIN 4 1 7 15 4.973 -0.702 -3.126
SPIN 1 1 8 0 -3.535 4.615 1.098
SPIN 1 1 8 1 4.211 -0.546 -4.119
SPIN 1 1 8 2 -2.303 4.567 -2.974
SPIN 1 1 8 3 4.647 1.886 -3.138
SPIN 1 1 8 4 5.226 -1.197 -2.502
SPIN 1 1 8 5 -2.296 -4.427 3.183
SPIN 1 1 8 6 -3.925 3.668 2.478
SPIN 1 1 8 7 3.225 -2.932 -4.000
SPIN 1 1 8 8 -0.345 -5.317 2.572
SPIN 1 1 8 9 5.384 -2.004 1.413
SPIN 1 1 8 10 -1.749 1.638 5.409
SPIN 1 1 8 11 3.725 -3.353 -3.143
SPIN 1 1 8 12 0.552 -5.729 1.369
SPIN 1 1 8 13 -5.748 -0.553 1.285
SPIN 1 1 8 14 -0.945 -5.370 -2.296
SPIN 1 1 8 15 3.492 -4.655 -1.065
SPIN 4 1 8 0 1.474 -0.348 5.719
SPIN 4 1 8 1 4.903 -1.766 -2.799
SPIN 4 1 8 2 -5.168 0.868 -2.746
SPIN 4 1 8 3 -1.255 5.746 0.639
SPIN 4 1 8 4 -0.484 -5.896 -0.045
SPIN 4 1 8 5 3.784 -3.820 -2.468
SPIN 4 1 8 6 -4.899 1.329 -3.039
SPIN 4 1 8 7 3.621 4.609 0.806
SPIN 4 1 8 8 -3.213 2.249 4.429
SPIN 4 1 8 9 5.223 2.504 -1.207
SPIN 4 1 8 10 -4.685 0.922 3.493
SPIN 4 1 8 11 0.416 2.517 -5.338
SPIN 4 1 8 12 -4.842 -3.316 0.748
SPIN 4 1 8 13 -4.018 -0.145 4.340
SPIN 4 1 8 14 3.446 4.248 2.253
SPIN 4 1 8 15 -5.073 -3.006 -0.479
SPIN 1 1 9 0 0.041 4.979 -3.195
SPIN 1 1 9 1 -4.778 3.176 -1.444
SPIN 1 1 9 2 -0.759 -4.166 -4.132
SPIN 1 1 9 3 1.531 0.700 5.672
SPIN 1 1 9 4 3.222 4.962 -0.020
SPIN 1 1 9 5 -1.595 4.817 -3.043
SPIN 1 1 9 6 2.881 -5.000 1.303
SPIN 1 1 9 7 5.671 -1.682 0.086
SPIN 1 1 9 8 -2.890 4.624 -2.295
SPIN 1 1 9 9 -3.233 -0.898 4.873
SPIN 1 1 9 10 1.002 -5.785 -0.731
SPIN 1 1 9 11 -3.514 3.248 -3.479
SPIN 1 1 9 12 0.461 0.301 -5.890
SPIN 1 1 9 13 0.960 -5.360 2.314
SPIN 1 1 9 14 0.677 4.547 3.723
SPIN 1 1 9 15 0.529 -5.821 -0.912
SPIN 4 1 9 0 4.440 0.039 -3.909
SPIN 4 1 9 1 -1.593 -5.696 -0.122
SPIN 4 1 9 2 -2.416 5.340 0.804
SPIN 4 1 9 3 -1.802 -5.632 -0.184
SPIN 4 1 9 4 -0.891 5.772 0.944
SPIN 4 1 9 5 5.385 2.281 0.891
SPIN 4 1 9 6 3.949 3.813 -2.205
SPIN 4 1 9 7 1.107 -3.666 -4.510
SPIN 4 1 9 8 3.609 -3.103 -3.514
SPIN 4 1 9 9 -1.336 0.557 -5.736
SPIN 4 1 9 10 -1.673 -5.186 2.304
SPIN 4 1 9 11 -3.511 4.757 0.205
SPIN 4 1 9 12 2.684 1.991 -4.882
SPIN 4 1 9 13 1.865 -2.151 -5.186
SPIN 4 1 9 14 -4.242 -0.417 4.103
SPIN 4 1 9 15 -4.561 -3.417 -1.588
SPIN 1 1 10 0 -3.549 -3.509 -3.176
SPIN 1 1 10 1 3.352 4.765 -1.033
SPIN 1 1 10 2 -3.326 -0.175 4.889
SPIN 1 1 10 3 5.821 -0.016 -1.058
SPIN 1 1 10 4 -5.532 -1.654 -1.288
SPIN 1 1 10 5 -0.191 -4.986 -3.179
SPIN 1 1 10 6 1.573 1.320 5.548
SPIN 1 1 10 7 -1.414 -3.031 4.880
SPIN 1 1 10 8 -2.589 0.235 -5.314
SPIN 1 1 10 9 0.482 -1.897 5.583
SPIN 1 1 10 10 1.381 5.272 -2.302
SPIN 1 1 10 11 2.168 1.254 -5.360
SPIN 1 1 10 12 -0.189 3.452 4.801
SPIN 1 1 10 13 -2.303 4.757 2.659
SPIN 1 1 10 14 -5.648 1.301 -1.187
SPIN 1 1 10 15 0.483 5.797 -1.076
SPIN 4 1 10 0 -3.918 -4.332 -0.940
SPIN 4 1 10 1 -2.384 0.483 5.393
SPIN 4 1 10 2 2.456 -5.238 -1.236
SPIN 4 1 10 3 1.821 -2.165 5.196
SPIN 4 1 10 4 -1.174 -5.078 -2.800
SPIN 4 1 10 5 1.089 -2.765 -5.115
SPIN 4 1 10 6 4.964 1.451 2.873
SPIN 4 1 10 7 -1.952 -3.942 3.956
SPIN 4 1 10 8 5.782 -1.241 -0.180
SPIN 4 1 10 9 -2.205 -4.576 3.033
SPIN 4 1 10 10 -0.363 3.732 4.576
SPIN 4 1 10 11 -2.440 -1.936 -5.030
SPIN 4 1 10 12 -3.771 4.381 1.262
SPIN 4 1 10 13 2.921 3.604 3.671
SPIN 4 1 10 14 0.064 -5.700 -1.583
SPIN 4 1 10 15 -3.201 4.970 -0.226
SPIN 1 1 11 0 0.121 4.341 4.017
SPIN 1 1 11 1 1.824 -5.623 0.227
SPIN 1 1 11 2 -5.658 -1.694 -0.334
SPIN 1 1 11 3 0.996 -5.617 -1.568
SPIN 1 1 11 4 0.764 5.769 -1.067
SPIN 1 1 11 5 -0.581 5.788 -1.078
SPIN 1 1 11 6 -5.851 -0.147 0.861
SPIN 1 1 11 7 5.486 -1.405 1.712
SPIN 1 1 11 8 -1.022 5.759 0.886
SPIN 1 1 11 9 -4.258 -0.111 4.105
SPIN 1 1 11 10 1.304 -3.748 -4.387
SPIN 1 1 11 11 -0.171 3.754 4.569
SPIN 1 1 11 12 -0.190 -5.804 -1.131
SPIN 1 1 11 13 -2.902 0.096 5.155
SPIN 1 1 11 14 3.721 -2.929 3.547
SPIN 1 1 11 15 -2.620 -3.891 -3.605
SPIN 4 1 11 0 -1.839 1.205 -5.493
SPIN 4 1 11 1 5.862 0.777 -0.166
SPIN 4 1 11 2 -5.025 -2.359 2.046
SPIN 4 1 11 3 -3.338 4.227 -2.449
SPIN 4 1 11 4 3.888 0.412 4.440
SPIN 4 1 11 5 -3.864 0.993 -4.368
SPIN 4 1 11 6 4.085 -4.089 -1.262
SPIN 4 1 11 7 1.723 5.644 0.418
SPIN 4 1 11 8 -0.616 -0.536 5.859
SPIN 4 1 11 9 -2.204 -0.653 5.451
SPIN 4 1 11 10 -2.085 -5.470 0.857
SPIN 4 1 11 11 -3.355 -0.059 4.872
SPIN 4 1 11 12 1.984 -2.341 -5.058
SPIN 4 1 11 13 -5.602 0.811 -1.721
SPIN 4 1 11 14 3.916 -2.885 3.368
SPIN 4 1 11 15 3.229 -3.505 3.506
SPIN 1 1 12 0 1.725 -3.049 4.767
SPIN 1 1 12 1 -5.589 -0.294 -1.916
SPIN 1 1 12 2 3.251 -1.035 -4.833
SPIN 1 1 12 3 0.845 5.648 1.543
SPIN 1 1 12 4 4.943 -3.091 -1.006
SPIN 1 1 12 5 -1.119 0.936 5.733
SPIN 1 1 12 6 2.265 3.983 -3.742
SPIN 1 1 12 7 -4.374 -1.836 3.535
SPIN 1 1 12 8 5.745 0.081 -1.411
SPIN 1 1 12 9 2.626 5.236 0.830
SPIN 1 1 12 10 0.262 -2.059 -5.540
SPIN 1 1 12 11 -4.781 -3.418 -0.678
SPIN 1 1 12 12 -1.882 -3.974 3.959
SPIN 1 1 12 13 2.962 3.667 -3.575
SPIN 1 1 12 14 -2.315 5.367 -0.917
SPIN 1 1 12 15 -0.537 0.268 5.886
SPIN 4 1 12 0 -2.823 -5.193 -0.251
SPIN 4 1 12 1 3.789 1.672 4.225
SPIN 4 1 12 2 1.078 -2.576 -5.216
SPIN 4 1 12 3 -1.543 -4.996 -2.767
SPIN 4 1 12 4 2.438 1.548 -5.163
SPIN 4 1 12 5 3.562 4.552 -1.261
SPIN 4 1 12 6 5.585 -0.602 1.857
SPIN 4 1 12 7 3.139 2.315 -4.448
SPIN 4 1 12 8 1.823 5.171 2.222
SPIN 4 1 12 9 2.480 -4.494 2.942
SPIN 4 1 12 10 3.064 4.992 -0.830
SPIN 4 1 12 11 3.229 -1.017 -4.852
SPIN 4 1 12 12 -3.494 -3.525 -3.219
SPIN 4 1 12 13 3.387 4.508 1.790
SPIN 4 1 12 14 3.637 -3.067 -3.517
SPIN 4 1 12 15 1.370 3.656 -4.445
SPIN 1 1 13 0 4.195 4.108 0.727
SPIN 1 1 13 1 -2.437 3.043 -4.450
SPIN 1 1 13 2 4.129 1.460 3.977
SPIN 1 1 13 3 -4.831 3.401 -0.305
SPIN 1 1 13 4 -3.685 -4.582 0.651
SPIN 1 1 13 5 -0.314 4.779 -3.473
SPIN 1 1 13 6 -0.805 -5.759 -1.087
SPIN 1 1 13 7 0.397 5.222 -2.751
SPIN 1 1 13 8 -0.880 -3.058 4.988
SPIN 1 1 13 9 0.051 -4.854 -3.382
SPIN 1 1 13 10 0.519 -2.280 -5.434
SPIN 1 1 13 11 1.255 -2.213 5.341
SPIN 1 1 13 12 -2.913 5.026 1.119
SPIN 1 1 13 13 5.802 0.799 -0.836
SPIN 1 1 13 14 -1.978 -5.576 -0.017
SPIN 1 1 13 15 2.459 -5.032 -1.907
SPIN 4 1 13 0 -3.111 -4.875 -1.248
SPIN 4 1 13 1 2.676 -2.182 4.804
SPIN 4 1 13 2 -4.489 1.758 -3.429
SPIN 4 1 13 3 4.396 -2.479 -3.087
SPIN 4 1 13 4 -2.236 0.383 5.464
SPIN 4 1 13 5 -2.577 -4.099 3.399
SPIN 4 1 13 6 -2.788 -5.198 -0.456
SPIN 4 1 13 7 4.030 2.707 -3.381
SPIN 4 1 13 8 4.967 -0.842 -3.102
SPIN 4 1 13 9 -4.612 3.581 0.951
SPIN 4 1 13 10 -1.391 -5.654 1.045
SPIN 4 1 13 11 1.189 -4.033 4.162
SPIN 4 1 13 12 -2.168 -2.076 -5.098
SPIN 4 1 13 13 -2.298 -0.492 5.429
SPIN 4 1 13 14 4.477 -2.875 2.587
SPIN 4 1 13 15 -1.855 -2.823 4.857
SPIN 1 1 14 0 3.400 2.425 -4.191
SPIN 1 1 14 1 -0.280 5.417 2.361
SPIN 1 1 14 2 1.824 -3.927 4.032
SPIN 1 1 14 3 -1.703 -5.627 -0.660
SPIN 1 1 14 4 -2.625 -1.087 -5.189
SPIN 1 1 14 5 3.000 -4.806 -1.704
SPIN 1 1 14 6 -3.658 4.409 1.474
SPIN 1 1 14 7 2.332 4.970 2.205
SPIN 1 1 14 8 5.051 -0.654 -3.010
SPIN 1 1 14 9 0.971 2.126 5.435
SPIN 1 1 14 10 -3.222 -1.299 -4.789
SPIN 1 1 14 11 4.313 1.825 -3.615
SPIN 1 1 14 12 4.478 -1.228 -3.666
SPIN 1 1 14 13 -2.279 3.448 -4.232
SPIN 1 1 14 14 -5.027 -0.169 3.114
SPIN 1 1 14 15 5.718 -0.794 1.294
SPIN 4 1 14 0 0.619 -2.035 5.520
SPIN 4 1 14 1 -2.325 0.645 5.402
SPIN 4 1 14 2 -3.754 2.826 3.594
SPIN 4 1 14 3 3.140 1.883 4.647
SPIN 4 1 14 4 -1.439 2.382 -5.221
SPIN 4 1 14 5 3.084 -3.784 -3.342
SPIN 4 1 14 6 -5.277 -0.004 2.674
SPIN 4 1 14 7 1.117 5.666 1.284
SPIN 4 1 14 8 -4.672 -3.265 1.586
SPIN 4 1 14 9 0.564 -0.230 -5.885
SPIN 4 1 14 10 -1.269 -3.595 4.524
SPIN 4 1 14 11 1.663 4.072 -3.956
SPIN 4 1 14 12 -0.161 -3.331 4.887
SPIN 4 1 14 13 0.511 -5.719 -1.427
SPIN 4 1 14 14 2.481 -4.554 -2.847
SPIN 4 1 14 15 3.899 4.125 -1.668
SPIN 1 1 15 0 -0.630 -1.834 5.589
SPIN 1 1 15 1 3.597 -1.689 -4.383
SPIN 1 1 15 2 2.559 0.016 5.334
SPIN 1 1 15 3 3.977 2.054 -3.868
SPIN 1 1 15 4 2.951 -0.020 5.127
SPIN 1 1 15 5 0.902 5.220 -2.634
SPIN 1 1 15 6 3.990 -2.671 3.456
SPIN 1 1 15 7 -0.117 -2.641 5.292
SPIN 1 1 15 8 -5.761 -0.043 -1.344
SPIN 1 1 15 9 -3.675 4.596 0.613
SPIN 1 1 15 10 1.982 3.999 3.883
SPIN 1 1 15 11 -3.195 -1.259 -4.817
SPIN 1 1 15 12 -1.754 -5.572 0.935
SPIN 1 1 15 13 1.787 5.203 -2.175
SPIN 1 1 15 14 5.722 -1.409 -0.525
SPIN 1 1 15 15 -2.869 0.295 5.166
SPIN 4 1 15 0 3.659 1.081 -4.521
SPIN 4 1 15 1 -2.340 -2.213 -4.963
SPIN 4 1 15 2 4.920 -1.027 3.120
SPIN 4 1 15 3 -1.238 -4.132 -4.049
SPIN 4 1 15 4 -5.608 -1.794 -0.577
SPIN 4 1 15 5 1.290 3.772 -4.372
SPIN 4 1 15 6 4.037 -1.834 -3.916
SPIN 4 1 15 7 -1.515 -5.702 0.442
SPIN 4 1 15 8 3.704 0.596 -4.575
SPIN 4 1 15 9 -2.785 2.423 -4.623
SPIN 4 1 15 10 3.250 -2.221 -4.417
SPIN 4 1 15 11 -0.661 3.574 4.668
SPIN 4 1 15 12 1.028 -3.792 -4.423
SPIN 4 1 15 13 3.422 3.210 -3.603
SPIN 4 1 15 14 4.237 2.410 3.353
SPIN 4 1 15 15 -2.472 2.401 4.809
SPIN 3 1 0 0 4.537 -2.690 -2.681
SPIN 3 1 0 1 -5.395 2.293 0.799
SPIN 3 1 0 2 5.801 -0.485 1.055
SPIN 3 1 0 3 -1.478 -4.173 -3.925
SPIN 3 1 0 4 -1.379 1.777 -5.472
SPIN 3 1 0 5 1.427 0.785 -5.688
SPIN 3 1 0 6 1.040 -4.870 3.194
SPIN 3 1 0 7 -5.278 0.104 -2.670
SPIN 3 1 0 8 -1.807 2.773 4.904
SPIN 3 1 0 9 -5.381 1.967 1.476
SPIN 3 1 0 10 -5.840 0.174 -0.930
SPIN 3 1 0 11 -5.275 1.586 2.158
SPIN 3 1 0 12 4.444 -2.531 2.974
SPIN 3 1 0 13 -2.231 5.467 0.371
SPIN 3 1 0 14 -4.496 -0.192 3.841
SPIN 3 1 0 15 -2.361 0.312 5.415
SPIN 2 1 0 0 4.328 3.042 2.648
SPIN 2 1 0 1 -1.589 1.348 -5.537
SPIN 2 1 0 2 3.359 4.847 -0.474
SPIN 2 1 0 3 0.506 5.614 -1.796
SPIN 2 1 0 4 -2.014 1.289 5.411
SPIN 2 1 0 5 -4.715 2.988 -1.959
SPIN 2 1 0 6 -0.044 5.770 1.308
SPIN 2 1 0 7 2.569 -4.394 -3.015
SPIN 2 1 0 8 -4.447 3.151 -2.301
SPIN 2 1 0 9 5.544 -1.495 -1.425
SPIN 2 1 0 10 -2.852 5.138 -0.682
SPIN 2 1 0 11 0.889 -1.654 5.610
SPIN 2 1 0 12 -5.627 -1.764 0.479
SPIN 2 1 0 13 2.074 5.008 2.370
SPIN 2 1 0 14 -1.539 5.486 -1.591
SPIN 2 1 0 15 -1.520 -4.340 3.722
SPIN 3 1 1 0 -1.073 -2.038 -5.449
SPIN 3 1 1 1 -0.944 -2.614 5.223
SPIN 3 1 1 2 -1.583 -5.028 2.686
SPIN 3 1 1 3 -5.325 1.916 -1.723
SPIN 3 1 1 4 5.017 3.102 -0.454
SPIN 3 1 1 5 1.650 0.392 -5.668
SPIN 3 1 1 6 -4.819 -0.124 3.430
SPIN 3 1 1 7 2.530 -4.376 3.073
SPIN 3 1 1 8 1.622 1.516 -5.484
SPIN 3 1 1 9 4.262 -3.837 1.454
SPIN 3 1 1 10 -0.070 -5.078 -3.034
SPIN 3 1 1 11 4.749 -1.606 3.141
SPIN 3 1 1 12 3.178 -1.608 -4.724
SPIN 3 1 1 13 3.300 -1.925 -4.517
SPIN 3 1 1 14 -0.882 1.530 -5.646
SPIN 3 1 1 15 2.539 5.016 1.841
SPIN 2 1 1 0 3.019 3.790 -3.394
SPIN 2 1 1 1 5.440 -0.619 2.240
SPIN 2 1 1 2 3.707 -1.308 -4.421
SPIN 2 1 1 3 5.504 0.445 -2.123
SPIN 2 1 1 4 2.537 -3.121 -4.339
SPIN 2 1 1 5 4.703 1.845 3.080
SPIN 2 1 1 6 -1.498 -4.766 3.169
SPIN 2 1 1 7 4.562 3.002 -2.276
SPIN 2 1 1 8 4.724 -2.656 -2.373
SPIN 2 1 1 9 -0.163 5.894 0.485
SPIN 2 1 1 10 -5.170 -0.608 2.811
SPIN 2 1 1 11 3.843 -3.419 2.922
SPIN 2 1 1 12 0.812 -0.547 5.835
SPIN 2 1 1 13 -4.660 -0.393 -3.623
SPIN 2 1 1 14 4.624 1.137 3.511
SPIN 2 1 1 15 -1.836 4.447 -3.443
SPIN 3 1 2 0 2.337 -0.395 5.421
SPIN 3 1 2 1 -4.017 2.546 3.519
SPIN 3 1 2 2 4.899 1.995 2.650
SPIN 3 1 2 3 -4.258 -2.123 3.516
SPIN 3 1 2 4 -5.685 1.225 -1.085
SPIN 3 1 2 5 -1.780 4.336 3.610
SPIN 3 1 2 6 -4.295 -3.853 -1.306
SPIN 3 1 2 7 4.684 1.016 3.468
SPIN 3 1 2 8 -5.411 -1.888 1.467
SPIN 3 1 2 9 -0.577 -3.616 -4.647
SPIN 3 1 2 10 2.770 4.856 1.934
SPIN 3 1 2 11 1.683 -2.725 -4.974
SPIN 3 1 2 12 5.391 2.140 -1.165
SPIN 3 1 2 13 0.145 -1.374 -5.753
SPIN 3 1 2 14 2.268 -5.305 -1.309
SPIN 3 1 2 15 0.896 -2.893 5.082
SPIN 2 1 2 0 -0.324 -5.906 0.127
SPIN 2 1 2 1 4.830 -3.154 1.313
SPIN 2 1 2 2 -2.681 0.859 5.203
SPIN 2 1 2 3 -2.313 -5.041 -2.058
SPIN 2 1 2 4 1.902 5.373 1.585
SPIN 2 1 2 5 -5.868 0.500 -0.566
SPIN 2 1 2 6 0.080 -5.908 -0.303
SPIN 2 1 2 7 2.957 -0.336 5.113
SPIN 2 1 2 8 -5.505 -2.165 -0.104
SPIN 2 1 2 9 0.306 -2.377 5.409
SPIN 2 1 2 10 2.457 -1.506 -5.167
SPIN 2 1 2 11 -3.711 -4.021 -2.249
SPIN 2 1 2 12 -2.407 -5.262 -1.231
SPIN 2 1 2 13 5.767 -0.654 -1.145
SPIN 2 1 2 14 -2.560 2.225 -4.847
SPIN 2 1 2 15 -0.182 3.374 4.856
SPIN 3 1 3 0 2.665 5.274 -0.288
SPIN 3 1 3 1 -2.649 4.113 -3.327
SPIN 3 1 3 2 -1.903 -3.134 -4.643
SPIN 3 1 3 3 0.330 -5.841 0.880
SPIN 3 1 3 4 -4.582 -3.650 0.824
SPIN 3 1 3 5 5.719 1.384 0.616
SPIN 3 1 3 6 5.308 -2.354 -1.131
SPIN 3 1 3 7 -4.880 -0.182 3.339
SPIN 3 1 3 8 4.962 -3.196 -0.397
SPIN 3 1 3 9 -5.657 1.515 0.841
SPIN 3 1 3 10 -1.372 -2.250 -5.297
SPIN 3 1 3 11 0.622 -2.598 5.278
SPIN 3 1 3 12 -3.535 -2.335 4.130
SPIN 3 1 3 13 -0.884 -3.775 4.469
SPIN 3 1 3 14 2.401 1.732 5.122
SPIN 3 1 3 15 -2.506 3.243 -4.266
SPIN 2 1 3 0 -3.022 1.542 4.846
SPIN 2 1 3 1 4.865 2.156 -2.585
SPIN 2 1 3 2 3.923 -2.590 3.592
SPIN 2 1 3 3 0.531 5.690 -1.529
SPIN 2 1 3 4 -1.124 -5.674 1.240
SPIN 2 1 3 5 1.559 5.685 0.499
SPIN 2 1 3 6 -0.585 5.761 -1.214
SPIN 2 1 3 7 -5.537 0.264 -2.068
SPIN 2 1 3 8 5.299 -1.585 2.101
SPIN 2 1 3 9 2.338 4.659 -2.798
SPIN 2 1 3 10 -2.620 1.725 5.016
SPIN 2 1 3 11 -5.097 2.990 -0.273
SPIN 2 1 3 12 5.001 3.064 0.773
SPIN 2 1 3 13 5.546 -1.922 -0.738
SPIN 2 1 3 14 2.532 -0.859 5.277
SPIN 2 1 3 15 1.114 5.160 -2.671
SPIN 3 1 4 0 3.260 -4.912 0.490
SPIN 3 1 4 1 5.525 -0.678 -2.003
SPIN 3 1 4 2 -1.849 -3.951 3.996
SPIN 3 1 4 3 3.267 2.280 -4.373
SPIN 3 1 4 4 5.074 1.059 2.852
SPIN 3 1 4 5 -0.000 -3.870 4.475
SPIN 3 1 4 6 0.987 5.630 1.527
SPIN 3 1 4 7 -5.088 -1.732 -2.471
SPIN 3 1 4 8 3.519 3.401 -3.324
SPIN 3 1 4 9 2.301 -3.718 3.985
SPIN 3 1 4 10 3.239 4.932 0.429
SPIN 3 1 4 11 1.843 -3.939 4.011
SPIN 3 1 4 12 -2.909 0.425 -5.134
SPIN 3 1 4 13 0.072 5.673 1.677
SPIN 3 1 4 14 -4.585 -3.530 -1.232
SPIN 3 1 4 15 3.499 -0.160 4.767
SPIN 2 1 4 0 -1.861 3.181 4.628
SPIN 2 1 4 1 -3.289 4.466 2.058
SPIN 2 1 4 2 4.368 3.596 -1.730
SPIN 2 1 4 3 1.275 -5.582 1.489
SPIN 2 1 4 4 4.140 2.412 -3.470
SPIN 2 1 4 5 -5.842 0.774 0.520
SPIN 2 1 4 6 3.010 3.429 -3.766
SPIN 2 1 4 7 2.241 -4.549 -3.046
SPIN 2 1 4 8 -3.622 1.759 4.334
SPIN 2 1 4 9 -4.114 -2.969 3.044
SPIN 2 1 4 10 -3.422 -4.593 1.480
SPIN 2 1 4 11 5.560 1.759 -0.994
SPIN 2 1 4 12 4.089 3.643 -2.239
SPIN 2 1 4 13 5.311 2.142 -1.484
SPIN 2 1 4 14 -5.213 -0.652 -2.720
SPIN 2 1 4 15 2.451 0.469 5.364
SPIN 3 1 5 0 3.103 -1.925 4.655
SPIN 3 1 5 1 -2.799 -3.817 3.549
SPIN 3 1 5 2 -2.233 3.893 3.854
SPIN 3 1 5 3 -1.694 -4.589 -3.327
SPIN 3 1 5 4 4.809 -1.673 -3.013
SPIN 3 1 5 5 4.503 -3.492 1.590
SPIN 3 1 5 6 -4.241 -2.911 -2.922
SPIN 3 1 5 7 5.347 1.855 -1.724
SPIN 3 1 5 8 -2.477 3.426 4.138
SPIN 3 1 5 9 1.162 -1.427 -5.623
SPIN 3 1 5 10 -1.512 2.468 5.160
SPIN 3 1 5 11 -0.372 2.357 5.414
SPIN 3 1 5 12 -3.415 -0.309 4.821
SPIN 3 1 5 13 -4.362 -3.219 -2.370
SPIN 3 1 5 14 3.053 -0.772 5.008
SPIN 3 1 5 15 2.705 -0.897 -5.184
SPIN 2 1 5 0 1.638 1.715 -5.420
SPIN 2 1 5 1 2.371 -4.935 -2.242
SPIN 2 1 5 2 4.136 -2.842 3.133
SPIN 2 1 5 3 -5.278 2.507 -0.927
SPIN 2 1 5 4 -2.848 1.987 4.790
SPIN 2 1 5 5 5.190 1.044 -2.640
SPIN 2 1 5 6 -4.131 4.201 0.539
SPIN 2 1 5 7 4.125 -2.431 3.475
SPIN 2 1 5 8 -5.355 -2.436 -0.623
SPIN 2 1 5 9 1.935 4.853 -2.776
SPIN 2 1 5 10 3.562 4.283 -1.992
SPIN 2 1 5 11 1.419 -2.450 5.195
SPIN 2 1 5 12 4.906 -0.891 -3.183
SPIN 2 1 5 13 -3.880 4.214 1.479
SPIN 2 1 5 14 -4.052 1.670 -3.974
SPIN 2 1 5 15 -4.822 2.064 -2.736
SPIN 3 1 6 0 -3.136 3.724 3.361
SPIN 3 1 6 1 -2.542 -4.583 -2.746
SPIN 3 1 6 2 -0.484 -5.758 -1.271
SPIN 3 1 6 3 0.489 4.213 -4.125
SPIN 3 1 6 4 -1.313 -1.959 5.426
SPIN 3 1 6 5 -3.533 -4.527 1.423
SPIN 3 1 6 6 2.601 0.484 5.292
SPIN 3 1 6 7 0.202 -3.820 -4.513
SPIN 3 1 6 8 0.623 -2.940 5.096
SPIN 3 1 6 9 -3.228 1.799 4.620
SPIN 3 1 6 10 2.688 -4.596 -2.580
SPIN 3 1 6 11 5.236 -2.077 1.808
SPIN 3 1 6 12 3.813 1.234 -4.352
SPIN 3 1 6 13 3.381 -1.141 -4.719
SPIN 3 1 6 14 -2.769 3.528 -3.858
SPIN 3 1 6 15 -3.461 4.264 2.200
SPIN 2 1 6 0 0.915 4.699 -3.476
SPIN 2 1 6 1 -4.388 3.202 2.343
SPIN 2 1 6 2 4.966 3.214 0.105
SPIN 2 1 6 3 -1.575 -3.215 4.710
SPIN 2 1 6 4 2.186 5.229 -1.697
SPIN 2 1 6 5 2.497 5.292 -0.870
SPIN 2 1 6 6 -4.370 -3.867 -0.978
SPIN 2 1 6 7 0.992 -4.093 4.155
SPIN 2 1 6 8 1.626 5.310 -2.040
SPIN 2 1 6 9 -2.611 -5.309 0.060
SPIN 2 1 6 10 -3.977 0.674 4.327
SPIN 2 1 6 11 0.724 1.352 -5.714
SPIN 2 1 6 12 -4.273 1.239 -3.900
SPIN 2 1 6 13 2.891 -2.630 -4.441
SPIN 2 1 6 14 -3.798 -4.028 2.085
SPIN 2 1 6 15 5.507 1.743 1.278
SPIN 3 1 7 0 -0.253 -0.001 5.911
SPIN 3 1 7 1 4.029 -4.212 1.013
SPIN 3 1 7 2 -1.757 -0.174 -5.646
SPIN 3 1 7 3 -0.270 5.384 2.438
SPIN 3 1 7 4 -1.374 -0.831 -5.694
SPIN 3 1 7 5 -1.340 -4.657 3.393
SPIN 3 1 7 6 2.140 -2.064 -5.114
SPIN 3 1 7 7 2.638 -5.033 -1.647
SPIN 3 1 7 8 5.523 0.779 -1.972
SPIN 3 1 7 9 -0.470 5.381 -2.414
SPIN 3 1 7 10 -5.332 1.808 -1.818
SPIN 3 1 7 11 3.574 -4.150 -2.237
SPIN 3 1 7 12 0.705 -0.016 -5.874
SPIN 3 1 7 13 -5.348 -1.468 2.061
SPIN 3 1 7 14 0.492 -5.895 0.083
SPIN 3 1 7 15 -2.092 2.145 -5.101
SPIN 2 1 7 0 4.455 -1.050 -3.749
SPIN 2 1 7 1 2.393 -2.617 -4.735
SPIN 2 1 7 2 -3.696 -4.345 1.568
SPIN 2 1 7 3 -2.855 3.724 3.603
SPIN 2 1 7 4 2.617 -0.225 -5.301
SPIN 2 1 7 5 -5.460 0.778 -2.141
SPIN 2 1 7 6 3.867 4.383 0.913
SPIN 2 1 7 7 -5.143 2.724 1.064
SPIN 2 1 7 8 -2.519 -3.972 -3.588
SPIN 2 1 7 9 -0.831 -1.104 5.752
SPIN 2 1 7 10 2.433 -0.772 -5.337
SPIN 2 1 7 11 -3.022 2.510 4.423
SPIN 2 1 7 12 4.763 -3.049 1.738
SPIN 2 1 7 13 -5.190 2.684 0.925
SPIN 2 1 7 14 4.159 3.034 2.915
SPIN 2 1 7 15 -3.571 3.401 3.268
SPIN 3 1 8 0 0.806 -2.355 5.367
SPIN 3 1 8 1 -4.802 1.677 -3.022
SPIN 3 1 8 2 5.807 -0.984 0.557
SPIN 3 1 8 3 -4.051 -2.817 3.264
SPIN 3 1 8 4 3.722 -1.835 4.217
SPIN 3 1 8 5 0.079 3.138 5.015
SPIN 3 1 8 6 -4.575 3.633 0.936
SPIN 3 1 8 7 5.782 1.077 -0.643
SPIN 3 1 8 8 0.407 4.956 3.205
SPIN 3 1 8 9 1.738 -5.020 -2.603
SPIN 3 1 8 10 -5.027 2.365 2.033
SPIN 3 1 8 11 3.063 -4.694 -1.893
SPIN 3 1 8 12 5.682 -0.095 1.644
SPIN 3 1 8 13 -0.455 -5.035 3.073
SPIN 3 1 8 14 -1.501 2.694 -5.049
SPIN 3 1 8 15 0.562 -0.275 5.883
SPIN 2 1 8 0 -1.990 -2.247 -5.098
SPIN 2 1 8 1 1.745 3.786 4.198
SPIN 2 1 8 2 4.335 -2.538 -3.125
SPIN 2 1 8 3 4.361 2.319 -3.256
SPIN 2 1 8 4 0.211 -1.842 5.618
SPIN 2 1 8 5 2.616 -2.054 -4.892
SPIN 2 1 8 6 1.100 4.935 -3.071
SPIN 2 1 8 7 -0.622 -4.983 3.128
SPIN 2 1 8 8 5.358 2.014 1.495
SPIN 2 1 8 9 -1.565 5.244 -2.248
SPIN 2 1 8 10 2.245 2.572 4.831
SPIN 2 1 8 11 -0.290 -5.630 -1.794
SPIN 2 1 8 12 5.483 -1.543 -1.600
SPIN 2 1 8 13 4.376 3.749 1.338
SPIN 2 1 8 14 1.849 5.035 -2.496
SPIN 2 1 8 15 2.848 -3.146 4.123
SPIN 3 1 9 0 3.011 -3.635 3.567
SPIN 3 1 9 1 4.868 2.386 -2.369
SPIN 3 1 9 2 -4.681 -0.645 3.560
SPIN 3 1 9 3 2.755 5.201 -0.597
SPIN 3 1 9 4 -3.281 -1.186 -4.778
SPIN 3 1 9 5 -5.646 1.755 -0.194
SPIN 3 1 9 6 -5.633 -1.708 0.592
SPIN 3 1 9 7 -0.634 -4.626 -3.633
SPIN 3 1 9 8 -2.248 -5.468 -0.226
SPIN 3 1 9 9 -0.436 4.965 3.188
SPIN 3 1 9 10 -3.186 -4.713 1.623
SPIN 3 1 9 11 -1.078 4.039 -4.186
SPIN 3 1 9 12 3.969 0.587 4.347
SPIN 3 1 9 13 -0.822 -3.290 4.847
SPIN 3 1 9 14 0.865 -5.203 2.680
SPIN 3 1 9 15 4.756 -3.505 0.302
SPIN 2 1 9 0 -0.016 -4.658 3.648
SPIN 2 1 9 1 -5.191 -2.825 0.276
SPIN 2 1 9 2 3.576 4.487 1.440
SPIN 2 1 9 3 -4.979 -3.143 -0.580
SPIN 2 1 9 4 2.294 -4.187 -3.494
SPIN 2 1 9 5 5.665 0.173 1.695
SPIN 2 1 9 6 -0.885 -5.493 -2.011
SPIN 2 1 9 7 1.147 -3.713 -4.461
SPIN 2 1 9 8 -3.614 4.189 2.095
SPIN 2 1 9 9 1.637 5.493 -1.467
SPIN 2 1 9 10 -4.659 0.811 3.554
SPIN 2 1 9 11 4.746 3.273 -1.329
SPIN 2 1 9 12 -5.614 1.149 -1.469
SPIN 2 1 9 13 -1.577 3.894 4.166
SPIN 2 1 9 14 0.372 -5.900 -0.222
SPIN 2 1 9 15 -3.818 4.026 -2.052
SPIN 3 1 10 0 -0.001 4.859 -3.375
SPIN 3 1 10 1 5.058 2.889 -1.033
SPIN 3 1 10 2 5.803 0.042 -1.149
SPIN 3 1 10 3 5.190 2.639 -1.050
SPIN 3 1 10 4 2.320 0.734 5.392
SPIN 3 1 10 5 1.474 1.839 5.426
SPIN 3 1 10 6 2.066 1.818 -5.237
SPIN 3 1 10 7 4.696 2.512 -2.576
SPIN 3 1 10 8 -5.044 -2.714 1.480
SPIN 3 1 10 9 0.030 -5.593 1.927
SPIN 3 1 10 10 -0.364 -4.672 3.611
SPIN 3 1 10 11 1.605 5.405 1.791
SPIN 3 1 10 12 1.472 3.724 -4.354
SPIN 3 1 10 13 3.106 -2.766 -4.207
SPIN 3 1 10 14 -4.142 3.564 2.267
SPIN 3 1 10 15 5.641 0.438 -1.730
SPIN 2 1 10 0 -5.682 1.097 -1.229
SPIN 2 1 10 1 1.135 0.321 -5.797
SPIN 2 1 10 2 -4.173 3.779 1.820
SPIN 2 1 10 3 -0.813 -5.727 -1.240
SPIN 2 1 10 4 -3.673 4.299 1.740
SPIN 2 1 10 5 -5.674 0.207 1.660
SPIN 2 1 10 6 -0.231 -2.231 5.474
SPIN 2 1 10 7 -4.708 3.513 -0.701
SPIN 2 1 10 8 -4.174 -4.166 0.476
SPIN 2 1 10 9 -2.390 2.955 4.534
SPIN 2 1 10 10 2.701 -0.654 -5.223
SPIN 2 1 10 11 5.916 0.027 -0.035
SPIN 2 1 10 12 3.103 -5.032 0.235
SPIN 2 1 10 13 -3.772 -4.557 -0.106
SPIN 2 1 10 14 4.686 3.458 -1.042
SPIN 2 1 10 15 3.044 -4.491 -2.360
SPIN 3 1 11 0 1.006 -3.583 4.599
SPIN 3 1 11 1 3.783 -4.325 1.407
SPIN 3 1 11 2 3.851 2.216 -3.907
SPIN 3 1 11 3 0.576 -3.226 4.926
SPIN 3 1 11 4 -0.840 5.800 0.807
SPIN 3 1 11 5 -2.583 -5.229 0.994
SPIN 3 1 11 6 -1.132 -3.125 4.894
SPIN 3 1 11 7 -0.636 0.947 -5.805
SPIN 3 1 11 8 5.307 2.528 0.667
SPIN 3 1 11 9 -4.108 1.550 -3.965
SPIN 3 1 11 10 4.319 3.424 2.149
SPIN 3 1 11 11 -5.287 -1.453 -2.222
SPIN 3 1 11 12 5.577 0.740 1.829
SPIN 3 1 11 13 -5.706 1.564 -0.045
SPIN 3 1 11 14 -2.338 2.509 4.821
SPIN 3 1 11 15 -4.678 3.222 1.654
SPIN 2 1 11 0 2.221 -5.482 0.143
SPIN 2 1 11 1 -2.365 4.438 -3.116
SPIN 2 1 11 2 -4.096 -3.645 2.222
SPIN 2 1 11 3 0.350 -2.186 -5.486
SPIN 2 1 11 4 -3.063 -3.191 3.928
SPIN 2 1 11 5 4.121 -0.419 4.224
SPIN 2 1 11 6 -0.180 5.893 0.486
SPIN 2 1 11 7 1.740 -4.547 3.361
SPIN 2 1 11 8 0.956 -1.946 -5.505
SPIN 2 1 11 9 -3.229 2.785 -4.101
SPIN 2 1 11 10 0.431 2.414 -5.384
SPIN 2 1 11 11 1.095 3.160 -4.880
SPIN 2 1 11 12 1.637 5.685 0.086
SPIN 2 1 11 13 -3.489 -3.472 -3.283
SPIN 2 1 11 14 -2.566 -2.895 4.476
SPIN 2 1 11 15 1.441 2.776 5.022
SPIN 3 1 12 0 3.875 4.432 -0.589
SPIN 3 1 12 1 -4.886 3.092 -1.251
SPIN 3 1 12 2 5.185 1.930 2.096
SPIN 3 1 12 3 -3.548 4.177 2.227
SPIN 3 1 12 4 -0.642 2.274 -5.424
SPIN 3 1 12 5 -1.648 -5.359 1.889
SPIN 3 1 12 6 1.292 2.420 -5.241
SPIN 3 1 12 7 -1.675 -4.823 2.990
SPIN 3 1 12 8 -1.822 -4.177 3.772
SPIN 3 1 12 9 1.382 -2.812 -5.019
SPIN 3 1 12 10 0.240 -1.287 5.769
SPIN 3 1 12 11 0.255 -1.509 5.715
SPIN 3 1 12 12 -5.161 -2.329 1.716
SPIN 3 1 12 13 0.244 1.582 -5.695
SPIN 3 1 12 14 -4.495 -3.034 -2.364
SPIN 3 1 12 15 -2.786 3.416 -3.946
SPIN 2 1 12 0 0.752 2.412 -5.350
SPIN 2 1 12 1 2.555 -4.381 -3.046
SPIN 2 1 12 2 3.550 -0.788 -4.666
SPIN 2 1 12 3 0.275 -2.554 5.329
SPIN 2 1 12 4 3.757 1.493 -4.319
SPIN 2 1 12 5 -2.336 0.774 5.380
SPIN 2 1 12 6 -0.153 -3.216 4.963
SPIN 2 1 12 7 -5.124 2.589 -1.427
SPIN 2 1 12 8 2.828 -0.679 -5.152
SPIN 2 1 12 9 3.379 -1.921 4.460
SPIN 2 1 12 10 -5.021 -1.937 2.456
SPIN 2 1 12 11 -1.551 -0.281 -5.702
SPIN 2 1 12 12 2.347 5.278 -1.279
SPIN 2 1 12 13 0.975 -3.294 4.816
SPIN 2 1 12 14 1.301 -3.738 -4.398
SPIN 2 1 12 15 -4.205 -3.061 2.819
SPIN 3 1 13 0 -0.961 -5.190 -2.672
SPIN 3 1 13 1 5.409 -2.062 1.223
SPIN 3 1 13 2 -1.451 -0.371 -5.723
SPIN 3 1 13 3 2.570 -1.694 5.052
SPIN 3 1 13 4 3.453 -2.897 -3.831
SPIN 3 1 13 5 -1.568 1.961 5.357
SPIN 3 1 13 6 2.002 -4.361 -3.460
SPIN 3 1 13 7 2.295 -2.284 4.952
SPIN 3 1 13 8 -2.782 0.061 -5.221
SPIN 3 1 13 9 -0.345 5.364 -2.470
SPIN 3 1 13 10 1.512 -5.715 -0.228
SPIN 3 1 13 11 0.707 1.817 -5.585
SPIN 3 1 13 12 -3.731 2.727 3.694
SPIN 3 1 13 13 4.974 -1.886 2.590
SPIN 3 1 13 14 -5.198 1.214 -2.551
SPIN 3 1 13 15 -0.563 -2.897 5.128
SPIN 2 1 13 0 -2.433 5.085 -1.797
SPIN 2 1 13 1 -0.600 3.588 4.665
SPIN 2 1 13 2 0.945 3.596 4.602
SPIN 2 1 13 3 -1.937 5.058 -2.381
SPIN 2 1 13 4 -0.116 2.523 -5.350
SPIN 2 1 13 5 -3.232 -4.006 -2.916
SPIN 2 1 13 6 -1.330 5.008 -2.855
SPIN 2 1 13 7 2.406 -4.348 3.211
SPIN 2 1 13 8 0.277 5.593 -1.907
SPIN 2 1 13 9 -2.428 -2.894 4.553
SPIN 2 1 13 10 3.650 4.115 2.177
SPIN 2 1 13 11 5.792 -0.280 1.172
SPIN 2 1 13 12 -2.234 5.000 2.237
SPIN 2 1 13 13 -2.060 0.171 -5.543
SPIN 2 1 13 14 5.468 0.822 -2.104
SPIN 2 1 13 15 3.562 1.526 -4.471
SPIN 3 1 14 0 -2.581 -5.301 0.492
SPIN 3 1 14 1 1.185 3.339 -4.738
SPIN 3 1 14 2 4.425 2.133 -3.297
SPIN 3 1 14 3 -4.527 -3.578 -1.306
SPIN 3 1 14 4 3.457 0.416 4.783
SPIN 3 1 14 5 -4.505 -2.732 -2.691
SPIN 3 1 14 6 3.514 -3.279 3.449
SPIN 3 1 14 7 -0.244 2.796 -5.208
SPIN 3 1 14 8 -0.257 3.749 -4.570
SPIN 3 1 14 9 -3.641 -4.563 -0.964
SPIN 3 1 14 10 -0.291 5.502 -2.155
SPIN 3 1 14 11 -5.876 0.616 0.309
SPIN 3 1 14 12 1.297 5.441 1.926
SPIN 3 1 14 13 -4.002 4.156 -1.309
SPIN 3 1 14 14 4.821 -0.753 3.345
SPIN 3 1 14 15 -5.488 1.492 1.631
SPIN 2 1 14 0 -0.217 5.824 1.015
SPIN 2 1 14 1 -1.132 1.928 -5.477
SPIN 2 1 14 2 5.901 0.355 0.220
SPIN 2 1 14 3 4.871 -2.974 1.558
SPIN 2 1 14 4 -3.331 -0.638 4.848
SPIN 2 1 14 5 2.926 3.627 3.645
SPIN 2 1 14 6 3.936 4.191 1.393
SPIN 2 1 14 7 -5.872 -0.202 0.691
SPIN 2 1 14 8 -4.786 -3.249 1.240
SPIN 2 1 14 9 0.655 5.832 -0.744
SPIN 2 1 14 10 -5.510 -1.473 1.572
SPIN 2 1 14 11 4.689 0.246 -3.599
SPIN 2 1 14 12 -3.915 -4.165 1.527
SPIN 2 1 14 13 -1.045 3.023 -4.977
SPIN 2 1 14 14 0.414 3.968 4.368
SPIN 2 1 14 15 -5.355 1.302 -2.151
SPIN 3 1 15 0 1.759 3.975 4.013
SPIN 3 1 15 1 1.508 -5.689 -0.604
SPIN 3 1 15 2 -5.907 0.303 -0.137
SPIN 3 1 15 3 -2.803 3.078 4.203
SPIN 3 1 15 4 -2.029 -5.497 -0.817
SPIN 3 1 15 5 -0.354 -1.517 5.707
SPIN 3 1 15 6 1.119 4.075 -4.141
SPIN 3 1 15 7 5.549 -1.488 -1.411
SPIN 3 1 15 8 -0.043 -5.916 -0.033
SPIN 3 1 15 9 3.641 -4.063 2.288
SPIN 3 1 15 10 -2.255 3.925 -3.809
SPIN 3 1 15 11 -1.747 -5.475 1.402
SPIN 3 1 15 12 0.908 5.830 0.425
SPIN 3 1 15 13 -1.514 -5.334 2.062
SPIN 3 1 15 14 1.967 4.481 -3.324
SPIN 3 1 15 15 3.023 -4.982 1.022
SPIN 2 1 15 0 -2.008 -2.907 -4.745
SPIN 2 1 15 1 0.774 -4.364 3.919
SPIN 2 1 15 2 3.707 3.062 -3.447
SPIN 2 1 15 3 -2.716 -5.051 -1.452
SPIN 2 1 15 4 3.229 2.698 -4.159
SPIN 2 1 15 5 5.502 -0.070 2.173
SPIN 2 1 15 6 0.685 -5.133 -2.860
SPIN 2 1 15 7 -0.022 4.044 4.318
SPIN 2 1 15 8 -3.305 2.483 -4.232
SPIN 2 1 15 9 0.701 3.415 4.779
SPIN 2 1 15 10 3.594 -3.642 -2.969
SPIN 2 1 15 11 5.761 0.846 -1.047
SPIN 2 1 15 12 -3.780 4.318 1.439
SPIN 2 1 15 13 -5.357 -2.121 -1.343
SPIN 2 1 15 14 2.096 -4.448 -3.290
SPIN 2 1 15 15 3.901 3.335 -2.942
SPIN 1 2 0 0 -0.456 5.356 -2.472
SPIN 1 2 0 1 2.278 -1.950 5.100
SPIN 1 2 0 2 1.332 -5.250 -2.379
SPIN 1 2 0 3 2.599 0.082 5.314
SPIN 1 2 0 4 -3.117 -4.972 -0.746
SPIN 1 2 0 5 -1.408 -4.304 3.807
SPIN 1 2 0 6 -4.434 3.089 -2.408
SPIN 1 2 0 7 -5.682 0.980 -1.322
SPIN 1 2 0 8 0.173 5.688 -1.617
SPIN 1 2 0 9 1.962 2.551 -4.964
SPIN 1 2 0 10 -4.476 -3.843 -0.439
SPIN 1 2 0 11 0.366 5.287 -2.629
SPIN 1 2 0 12 -3.589 0.540 4.672
SPIN 1 2 0 13 -0.695 -5.874 0.113
SPIN 1 2 0 14 5.476 0.327 -2.215
SPIN 1 2 0 15 -4.605 2.378 2.853
SPIN 4 2 0 0 5.389 1.503 1.924
SPIN 4 2 0 1 -4.811 3.079 -1.540
SPIN 4 2 0 2 2.849 1.833 4.850
SPIN 4 2 0 3 2.443 1.055 -5.284
SPIN 4 2 0 4 4.726 -0.930 3.435
SPIN 4 2 0 5 -4.295 -2.409 -3.278
SPIN 4 2 0 6 4.252 -3.245 -2.528
SPIN 4 2 0 7 -5.703 -1.023 1.198
SPIN 4 2 0 8 2.203 -5.273 1.530
SPIN 4 2 0 9 -1.485 -1.950 5.384
SPIN 4 2 0 10 5.294 -1.874 -1.860
SPIN 4 2 0 11 -0.193 -3.423 4.822
SPIN 4 2 0 12 -0.045 5.576 -1.977
SPIN 4 2 0 13 -5.710 1.293 -0.852
SPIN 4 2 0 14 -4.912 3.263 0.480
SPIN 4 2 0 15 1.553 5.704 0.232
SPIN 1 2 1 0 0.583 -2.641 -5.262
SPIN 1 2 1 1 1.958 3.763 4.124
SPIN 1 2 1 2 0.083 -2.266 -5.464
SPIN 1 2 1 3 1.251 2.267 -5.320
SPIN 1 2 1 4 2.511 -2.755 -4.594
SPIN 1 2 1 5 3.461 -3.091 3.670
SPIN 1 2 1 6 -1.295 -0.768 5.721
SPIN 1 2 1 7 3.510 3.975 -2.623
SPIN 1 2 1 8 -2.540 1.695 5.067
SPIN 1 2 1 9 -1.641 1.019 -5.592
SPIN 1 2 1 10 -3.913 -4.316 1.031
SPIN 1 2 1 11 5.869 -0.532 -0.525
SPIN 1 2 1 12 -2.703 4.056 -3.353
SPIN 1 2 1 13 1.183 -2.986 4.968
SPIN 1 2 1 14 0.636 -4.851 3.326
SPIN 1 2 1 15 4.788 -1.329 3.212
SPIN 4 2 1 0 -2.897 4.840 1.784
SPIN 4 2 1 1 5.760 -1.311 0.320
SPIN 4 2 1 2 -3.941 -4.365 -0.642
SPIN 4 2 1 3 -3.873 1.608 4.173
SPIN 4 2 1 4 -3.977 0.180 4.376
SPIN 4 2 1 5 -0.194 3.488 -4.775
SPIN 4 2 1 6 5.408 0.480 2.349
SPIN 4 2 1 7 -1.877 -2.508 -5.019
SPIN 4 2 1 8 -0.269 -3.499 4.763
SPIN 4 2 1 9 2.533 5.323 0.498
SPIN 4 2 1 10 -4.643 -2.617 2.568
SPIN 4 2 1 11 -4.491 3.788 -0.689
SPIN 4 2 1 12 3.843 -4.235 1.514
SPIN 4 2 1 13 -2.859 4.909 1.653
SPIN 4 2 1 14 -3.295 -0.311 4.904
SPIN 4 2 1 15 0.518 -2.759 5.207
SPIN 1 2 2 0 2.115 5.429 -1.025
SPIN 1 2 2 1 -2.070 -5.404 -1.231
SPIN 1 2 2 2 2.010 1.719 -5.292
SPIN 1 2 2 3 -3.231 -3.541 3.468
SPIN 1 2 2 4 3.249 4.110 2.749
SPIN 1 2 2 5 2.211 -5.362 1.164
SPIN 1 2 2 6 -2.268 5.328 -1.213
SPIN 1 2 2 7 4.051 0.760 4.244
SPIN 1 2 2 8 -2.520 -5.109 -1.597
SPIN 1 2 2 9 -0.636 4.275 4.040
SPIN 1 2 2 10 4.708 -0.826 -3.486
SPIN 1 2 2 11 -0.868 5.851 0.126
SPIN 1 2 2 12 4.618 3.544 -1.055
SPIN 1 2 2 13 2.052 1.074 5.444
SPIN 1 2 2 14 4.344 2.675 -2.995
SPIN 1 2 2 15 3.919 -2.887 -3.362
SPIN 4 2 2 0 3.871 -3.750 -2.439
SPIN 4 2 2 1 5.299 -1.734 1.977
SPIN 4 2 2 2 1.760 2.685 4.969
SPIN 4 2 2 3 3.105 -2.043 -4.602
SPIN 4 2 2 4 -0.227 5.733 -1.442
SPIN 4 2 2 5 2.240 5.473 0.160
SPIN 4 2 2 6 0.793 -0.013 5.863
SPIN 4 2 2 7 -4.978 -1.254 -2.941
SPIN 4 2 2 8 -0.669 1.315 5.729
SPIN 4 2 2 9 0.070 5.911 0.228
SPIN 4 2 2 10 1.199 3.632 -4.514
SPIN 4 2 2 11 5.361 0.368 -2.475
SPIN 4 2 2 12 -1.805 3.237 -4.611
SPIN 4 2 2 13 -3.653 -1.235 4.487
SPIN 4 2 2 14 -4.935 -0.967 -3.117
SPIN 4 2 2 15 -4.765 3.434 0.713
SPIN 1 2 3 0 1.602 0.876 5.627
SPIN 1 2 3 1 -0.135 -4.084 4.278
SPIN 1 2 3 2 3.266 -4.623 1.720
SPIN 1 2 3 3 4.685 -1.330 -3.359
SPIN 1 2 3 4 0.941 -4.703 3.463
SPIN 1 2 3 5 -2.095 -4.525 -3.184
SPIN 1 2 3 6 5.232 -1.727 2.155
SPIN 1 2 3 7 -5.597 0.733 -1.772
SPIN 1 2 3 8 -5.083 3.008 -0.333
SPIN 1 2 3 9 0.872 -0.179 -5.849
SPIN 1 2 3 10 -0.006 5.111 2.979
SPIN 1 2 3 11 0.891 0.017 5.849
SPIN 1 2 3 12 -2.445 2.950 -4.508
SPIN 1 2 3 13 -5.376 -2.457 0.237
SPIN 1 2 3 14 0.362 -1.469 5.719
SPIN 1 2 3 15 5.897 -0.479 0.005
SPIN 4 2 3 0 -5.033 3.048 -0.615
SPIN 4 2 3 1 -5.094 -2.143 -2.111
SPIN 4 2 3 2 -0.332 -1.819 -5.620
SPIN 4 2 3 3 -0.973 -2.697 5.175
SPIN 4 2 3 4 5.407 1.255 -2.047
SPIN 4 2 3 5 -3.240 -1.986 -4.534
SPIN 4 2 3 6 -4.359 3.982 0.382
SPIN 4 2 3 7 0.031 5.908 -0.316
SPIN 4 2 3 8 -5.193 -1.195 2.570
SPIN 4 2 3 9 -1.394 0.410 -5.735
SPIN 4 2 3 10 3.879 0.661 4.418
SPIN 4 2 3 11 -2.233 1.044 -5.378
SPIN 4 2 3 12 2.854 -4.103 3.165
SPIN 4 2 3 13 0.302 -0.674 -5.870
SPIN 4 2 3 14 -4.100 -2.998 3.033
SPIN 4 2 3 15 1.685 -5.234 -2.184
SPIN 1 2 4 0 5.011 0.559 3.095
SPIN 1 2 4 1 -5.821 0.414 0.973
SPIN 1 2 4 2 1.693 -1.957 -5.320
SPIN 1 2 4 3 2.927 3.856 -3.401
SPIN 1 2 4 4 -2.531 -4.178 -3.338
SPIN 1 2 4 5 -1.983 5.532 0.686
SPIN 1 2 4 6 2.295 -5.414 -0.647
SPIN 1 2 4 7 -1.894 -5.552 -0.765
SPIN 1 2 4 8 0.849 -5.642 1.566
SPIN 1 2 4 9 0.317 0.133 5.906
SPIN 1 2 4 10 4.263 -1.469 -3.830
SPIN 1 2 4 11 -5.775 -0.269 -1.256
SPIN 1 2 4 12 2.872 -4.950 1.500
SPIN 1 2 4 13 3.894 -4.202 -1.477
SPIN 1 2 4 14 1.615 5.179 2.359
SPIN 1 2 4 15 -3.091 -3.201 -3.899
SPIN 4 2 4 0 -1.146 -0.500 -5.782
SPIN 4 2 4 1 5.863 -0.709 0.353
SPIN 4 2 4 2 -4.562 -3.227 1.942
SPIN 4 2 4 3 -5.723 1.243 0.837
SPIN 4 2 4 4 4.374 3.725 -1.412
SPIN 4 2 4 5 -5.587 -0.768 -1.788
SPIN 4 2 4 6 -0.110 0.737 -5.869
SPIN 4 2 4 7 -3.570 4.272 -2.000
SPIN 4 2 4 8 -3.916 -3.151 -3.120
SPIN 4 2 4 9 -0.941 3.751 -4.477
SPIN 4 2 4 10 -1.237 4.635 -3.463
SPIN 4 2 4 11 2.975 0.558 5.083
SPIN 4 2 4 12 -3.945 0.270 -4.401
SPIN 4 2 4 13 -0.759 -4.651 3.577
SPIN 4 2 4 14 -3.352 -1.086 -4.753
SPIN 4 2 4 15 -5.825 0.641 -0.808
SPIN 1 2 5 0 0.932 5.627 -1.573
SPIN 1 2 5 1 5.775 -0.011 -1.283
SPIN 1 2 5 2 3.923 -4.020 -1.858
SPIN 1 2 5 3 3.681 -3.604 2.909
SPIN 1 2 5 4 -4.564 3.160 -2.046
SPIN 1 2 5 5 0.825 -1.678 -5.613
SPIN 1 2 5 6 -0.560 5.792 -1.067
SPIN 1 2 5 7 1.363 -0.217 5.753
SPIN 1 2 5 8 4.200 0.646 4.117
SPIN 1 2 5 9 -4.879 -3.233 -0.863
SPIN 1 2 5 10 -2.710 2.190 -4.781
SPIN 1 2 5 11 5.565 1.671 -1.111
SPIN 1 2 5 12 -1.510 4.231 -3.850
SPIN 1 2 5 13 -3.284 -3.341 3.614
SPIN 1 2 5 14 3.426 -0.916 -4.735
SPIN 1 2 5 15 1.077 -5.817 0.082
SPIN 4 2 5 0 0.629 3.760 4.524
SPIN 4 2 5 1 -3.939 -2.603 -3.565
SPIN 4 2 5 2 -5.451 -0.373 2.268
SPIN 4 2 5 3 5.306 2.436 -0.955
SPIN 4 2 5 4 5.653 0.210 -1.731
SPIN 4 2 5 5 -1.511 4.820 3.080
SPIN 4 2 5 6 -3.034 -2.588 4.370
SPIN 4 2 5 7 -3.614 1.577 -4.410
SPIN 4 2 5 8 -0.681 -0.302 -5.869
SPIN 4 2 5 9 1.948 -5.288 1.799
SPIN 4 2 5 10 1.331 -3.545 4.546
SPIN 4 2 5 11 -3.499 -4.625 1.166
SPIN 4 2 5 12 5.728 0.619 -1.346
SPIN 4 2 5 13 4.997 0.107 3.165
SPIN 4 2 5 14 -4.788 1.517 3.127
SPIN 4 2 5 15 -4.445 -0.059 3.904
SPIN 1 2 6 0 2.160 -2.971 -4.638
SPIN 1 2 6 1 -5.472 0.319 -2.227
SPIN 1 2 6 2 1.628 2.455 5.130
SPIN 1 2 6 3 -3.572 4.702 0.369
SPIN 1 2 6 4 -5.503 -0.822 2.011
SPIN 1 2 6 5 -1.543 -5.642 -0.886
SPIN 1 2 6 6 0.976 -5.446 -2.095
SPIN 1 2 6 7 1.610 2.208 -5.247
SPIN 1 2 6 8 4.316 1.721 3.662
SPIN 1 2 6 9 -0.062 5.276 -2.676
SPIN 1 2 6 10 -4.749 -1.360 -3.255
SPIN 1 2 6 11 -2.194 5.400 1.011
SPIN 1 2 6 12 -1.775 5.093 -2.431
SPIN 1 2 6 13 -2.237 1.133 5.358
SPIN 1 2 6 14 4.705 -1.717 -3.149
SPIN 1 2 6 15 -0.434 5.093 -2.979
SPIN 4 2 6 0 1.745 -3.132 4.706
SPIN 4 2 6 1 -1.828 5.531 -1.035
SPIN 4 2 6 2 3.778 -0.213 4.548
SPIN 4 2 6 3 2.838 -5.095 -0.992
SPIN 4 2 6 4 0.600 4.744 3.484
SPIN 4 2 6 5 5.025 -2.773 1.436
SPIN 4 2 6 6 1.075 3.904 -4.313
SPIN 4 2 6 7 4.194 -1.632 3.840
SPIN 4 2 6 8 4.360 -3.014 2.629
SPIN 4 2 6 9 1.036 -5.768 -0.810
SPIN 4 2 6 10 -4.173 3.988 1.297
SPIN 4 2 6 11 -0.571 -2.147 5.483
SPIN 4 2 6 12 -3.135 -4.316 2.559
SPIN 4 2 6 13 3.257 3.075 -3.865
SPIN 4 2 6 14 4.847 -0.710 3.316
SPIN 4 2 6 15 -0.893 -3.989 4.277
SPIN 1 2 7 0 -2.791 -3.247 -4.082
SPIN 1 2 7 1 0.909 1.346 5.689
SPIN 1 2 7 2 -2.298 -4.889 -2.412
SPIN 1 2 7 3 -0.676 3.060 -5.018
SPIN 1 2 7 4 -1.414 -0.210 5.741
SPIN 1 2 7 5 0.523 3.278 4.897
SPIN 1 2 7 6 -0.349 -0.346 -5.896
SPIN 1 2 7 7 -2.301 -3.798 3.909
SPIN 1 2 7 8 5.222 1.430 -2.384
SPIN 1 2 7 9 -3.272 4.706 -1.465
SPIN 1 2 7 10 4.866 -1.843 -2.815
SPIN 1 2 7 11 2.488 -4.568 2.820
SPIN 1 2 7 12 -5.618 1.211 -1.404
SPIN 1 2 7 13 -2.901 -2.978 4.209
SPIN 1 2 7 14 -2.952 -0.661 5.084
SPIN 1 2 7 15 -1.045 -3.530 4.631
SPIN 4 2 7 0 -3.251 4.858 -0.914
SPIN 4 2 7 1 -2.964 -0.625 -5.082
SPIN 4 2 7 2 2.975 1.990 -4.710
SPIN 4 2 7 3 -1.609 5.378 1.869
SPIN 4 2 7 4 -1.056 -0.389 -5.808
SPIN 4 2 7 5 2.437 3.271 4.285
SPIN 4 2 7 6 -2.544 -4.974 1.946
SPIN 4 2 7 7 -0.302 5.907 0.123
SPIN 4 2 7 8 -2.383 1.298 -5.257
SPIN 4 2 7 9 5.622 1.240 -1.364
SPIN 4 2 7 10 0.194 4.483 -3.856
SPIN 4 2 7 11 5.397 1.853 1.561
SPIN 4 2 7 12 -5.157 2.790 0.787
SPIN 4 2 7 13 -1.089 0.303 -5.807
SPIN 4 2 7 14 -3.735 -3.907 -2.406
SPIN 4 2 7 15 -2.502 -1.566 -5.127
SPIN 1 2 8 0 0.149 -5.908 0.276
SPIN 1 2 8 1 -0.005 -5.619 1.850
SPIN 1 2 8 2 1.746 4.155 3.833
SPIN 1 2 8 3 -0.530 -5.746 -1.304
SPIN 1 2 8 4 -2.437 -5.299 -0.993
SPIN 1 2 8 5 5.352 -0.586 -2.451
SPIN 1 2 8 6 -2.205 -1.277 -5.339
SPIN 1 2 8 7 -2.636 -4.947 1.892
SPIN 1 2 8 8 -3.527 4.546 1.378
SPIN 1 2 8 9 5.366 0.475 2.445
SPIN 1 2 8 10 -3.915 3.775 2.329
SPIN 1 2 8 11 3.976 -0.049 -4.381
SPIN 1 2 8 12 -2.289 4.128 3.567
SPIN 1 2 8 13 0.326 -4.764 3.493
SPIN 1 2 8 14 -1.644 4.439 -3.549
SPIN 1 2 8 15 1.101 5.483 1.931
SPIN 4 2 8 0 3.737 -0.792 -4.518
SPIN 4 2 8 1 2.312 -1.055 5.342
SPIN 4 2 8 2 -5.045 0.629 3.026
SPIN 4 2 8 3 2.552 -4.207 3.285
SPIN 4 2 8 4 -3.405 4.800 -0.604
SPIN 4 2 8 5 -3.265 -3.379 3.595
SPIN 4 2 8 6 1.289 5.686 -1.006
SPIN 4 2 8 7 -5.095 -1.552 2.574
SPIN 4 2 8 8 4.677 -2.064 2.978
SPIN 4 2 8 9 -0.550 5.481 2.158
SPIN 4 2 8 10 3.498 -3.528 -3.212
SPIN 4 2 8 11 -5.890 0.387 -0.391
SPIN 4 2 8 12 -1.184 -2.940 -4.995
SPIN 4 2 8 13 0.503 -4.656 -3.616
SPIN 4 2 8 14 2.842 5.173 0.405
SPIN 4 2 8 15 -2.662 0.904 5.205
SPIN 1 2 9 0 1.165 5.206 -2.557
SPIN 1 2 9 1 5.685 1.520 0.613
SPIN 1 2 9 2 0.879 3.437 4.734
SPIN 1 2 9 3 0.495 -5.547 1.996
SPIN 1 2 9 4 -3.404 3.377 3.465
SPIN 1 2 9 5 -3.597 -4.601 0.942
SPIN 1 2 9 6 0.711 -3.770 -4.503
SPIN 1 2 9 7 1.311 5.469 1.836
SPIN 1 2 9 8 1.184 5.136 -2.686
SPIN 1 2 9 9 -4.051 -1.493 -4.045
SPIN 1 2 9 10 4.885 3.313 0.401
SPIN 1 2 9 11 -3.746 -2.524 3.821
SPIN 1 2 9 12 -2.011 4.871 -2.688
SPIN 1 2 9 13 4.409 3.706 -1.352
SPIN 1 2 9 14 -1.971 1.147 -5.459
SPIN 1 2 9 15 0.636 -5.386 2.364
SPIN 4 2 9 0 -3.671 -3.443 3.110
SPIN 4 2 9 1 -3.863 1.305 -4.287
SPIN 4 2 9 2 4.812 -0.164 3.438
SPIN 4 2 9 3 4.211 2.566 -3.268
SPIN 4 2 9 4 5.287 -1.611 -2.111
SPIN 4 2 9 5 -5.666 1.505 -0.793
SPIN 4 2 9 6 4.262 3.998 0.924
SPIN 4 2 9 7 -3.446 -1.061 4.690
SPIN 4 2 9 8 -2.574 4.890 -2.113
SPIN 4 2 9 9 1.670 -2.405 5.141
SPIN 4 2 9 10 2.051 1.744 -5.268
SPIN 4 2 9 11 1.888 -3.482 4.395
SPIN 4 2 9 12 -3.614 2.063 4.205
SPIN 4 2 9 13 -4.506 3.824 0.272
SPIN 4 2 9 14 3.527 2.044 -4.287
SPIN 4 2 9 15 3.407 -1.225 4.679
SPIN 1 2 10 0 0.561 0.765 5.840
SPIN 1 2 10 1 -2.191 -1.696 5.227
SPIN 1 2 10 2 -2.592 2.910 -4.452
SPIN 1 2 10 3 -1.702 5.644 0.497
SPIN 1 2 10 4 1.077 -5.809 -0.302
SPIN 1 2 10 5 -1.267 5.596 -1.440
SPIN 1 2 10 6 0.977 5.328 2.379
SPIN 1 2 10 7 -1.960 -4.106 -3.782
SPIN 1 2 10 8 3.366 3.774 3.070
SPIN 1 2 10 9 0.599 -5.429 2.273
SPIN 1 2 10 10 3.878 -3.547 -2.716
SPIN 1 2 10 11 2.801 0.932 -5.127
SPIN 1 2 10 12 0.822 -5.326 -2.441
SPIN 1 2 10 13 4.995 2.623 1.780
SPIN 1 2 10 14 -5.346 -2.144 1.349
SPIN 1 2 10 15 0.291 -5.280 2.652
SPIN 4 2 10 0 1.546 3.911 4.161
SPIN 4 2 10 1 3.634 2.734 -3.785
SPIN 4 2 10 2 -3.729 -0.093 4.592
SPIN 4 2 10 3 -4.977 1.978 -2.513
SPIN 4 2 10 4 -1.795 -5.417 1.561
SPIN 4 2 10 5 4.174 3.673 -2.020
SPIN 4 2 10 6 -5.484 1.590 1.548
SPIN 4 2 10 7 5.381 1.231 2.129
SPIN 4 2 10 8 -0.853 -4.705 3.484
SPIN 4 2 10 9 -4.248 -0.215 -4.112
SPIN 4 2 10 10 -2.218 4.618 2.958
SPIN 4 2 10 11 3.864 -3.607 2.658
SPIN 4 2 10 12 -1.675 4.372 -3.617
SPIN 4 2 10 13 -0.764 -5.797 -0.901
SPIN 4 2 10 14 1.214 -0.965 5.709
SPIN 4 2 10 15 4.526 -3.180 -2.099
SPIN 1 2 11 0 3.922 4.133 1.594
SPIN 1 2 11 1 -2.392 -4.776 2.543
SPIN 1 2 11 2 -1.839 5.397 -1.579
SPIN 1 2 11 3 -3.366 -0.166 4.862
SPIN 1 2 11 4 3.686 -4.450 1.270
SPIN 1 2 11 5 -0.963 -5.390 2.240
SPIN 1 2 11 6 2.707 5.021 1.568
SPIN 1 2 11 7 2.416 -3.487 4.124
SPIN 1 2 11 8 2.274 5.281 -1.393
SPIN 1 2 11 9 -2.877 -0.935 -5.084
SPIN 1 2 11 10 -5.802 -0.055 1.154
SPIN 1 2 11 11 -2.707 -5.024 -1.561
SPIN 1 2 11 12 4.579 3.264 1.838
SPIN 1 2 11 13 3.108 -3.246 3.847
SPIN 1 2 11 14 3.591 4.346 -1.794
SPIN 1 2 11 15 -1.660 -4.267 -3.747
SPIN 4 2 11 0 3.307 -4.091 2.707
SPIN 4 2 11 1 2.062 1.577 5.316
SPIN 4 2 11 2 2.606 -4.908 2.029
SPIN 4 2 11 3 -3.011 4.761 -1.807
SPIN 4 2 11 4 -1.274 -1.058 -5.680
SPIN 4 2 11 5 -4.347 3.969 -0.587
SPIN 4 2 11 6 1.574 -4.293 3.754
SPIN 4 2 11 7 0.934 2.607 -5.228
SPIN 4 2 11 8 -2.221 -3.781 -3.972
SPIN 4 2 11 9 0.585 -1.354 5.729
SPIN 4 2 11 10 5.306 -0.427 2.582
SPIN 4 2 11 11 -5.163 0.249 -2.878
SPIN 4 2 11 12 -1.223 -5.633 1.332
SPIN 4 2 11 13 0.774 4.826 -3.334
SPIN 4 2 11 14 -3.956 1.324 4.195
SPIN 4 2 11 15 -2.229 -0.863 -5.412
SPIN 1 2 12 0 -2.741 -2.036 4.832
SPIN 1 2 12 1 -0.378 5.436 2.305
SPIN 1 2 12 2 5.349 -0.600 2.455
SPIN 1 2 12 3 -4.661 -0.122 3.641
SPIN 1 2 12 4 4.641 0.665 3.609
SPIN 1 2 12 5 4.641 3.668 0.008
SPIN 1 2 12 6 1.874 -5.589 -0.508
SPIN 1 2 12 7 -3.374 2.644 -4.077
SPIN 1 2 12 8 0.029 2.874 5.171
SPIN 1 2 12 9 -2.238 2.721 -4.753
SPIN 1 2 12 10 -1.730 -2.367 5.139
SPIN 1 2 12 11 1.491 5.331 -2.087
SPIN 1 2 12 12 -1.140 -3.491 -4.638
SPIN 1 2 12 13 0.068 3.721 4.599
SPIN 1 2 12 14 1.988 1.436 5.384
SPIN 1 2 12 15 -2.525 -5.195 1.281
SPIN 4 2 12 0 -5.492 0.984 -1.966
SPIN 4 2 12 1 4.033 -3.298 2.803
SPIN 4 2 12 2 3.149 4.944 -0.802
SPIN 4 2 12 3 -4.026 2.960 -3.167
SPIN 4 2 12 4 -1.892 -1.587 5.376
SPIN 4 2 12 5 3.489 -4.449 1.741
SPIN 4 2 12 6 1.024 -4.806 -3.294
SPIN 4 2 12 7 1.712 2.571 5.046
SPIN 4 2 12 8 1.890 -4.424 3.443
SPIN 4 2 12 9 -5.558 0.707 1.900
SPIN 4 2 12 10 -1.272 -3.827 4.328
SPIN 4 2 12 11 4.186 0.962 4.068
SPIN 4 2 12 12 -4.820 1.719 -2.969
SPIN 4 2 12 13 4.577 -0.886 -3.642
SPIN 4 2 12 14 -0.627 1.200 5.759
SPIN 4 2 12 15 4.507 -0.080 -3.832
SPIN 1 2 13 0 -2.099 4.831 -2.693
SPIN 1 2 13 1 -1.667 -5.676 0.102
SPIN 1 2 13 2 -4.468 -1.693 3.488
SPIN 1 2 13 3 5.727 -1.234 0.821
SPIN 1 2 13 4 4.529 -3.751 0.642
SPIN 1 2 13 5 -4.478 -0.702 3.802
SPIN 1 2 13 6 1.624 5.608 -0.954
SPIN 1 2 13 7 2.702 -4.649 2.468
SPIN 1 2 13 8 1.875 2.482 -5.032
SPIN 1 2 13 9 -5.097 1.655 2.506
SPIN 1 2 13 10 1.020 -5.485 -1.968
SPIN 1 2 13 11 1.124 5.718 -1.019
SPIN 1 2 13 12 3.606 1.705 4.369
SPIN 1 2 13 13 -4.466 -2.855 -2.627
SPIN 1 2 13 14 -0.975 -2.179 -5.413
SPIN 1 2 13 15 5.315 -1.692 -1.971
SPIN 4 2 13 0 4.595 3.513 1.241
SPIN 4 2 13 1 -2.557 3.094 -4.346
SPIN 4 2 13 2 3.875 4.447 -0.461
SPIN 4 2 13 3 -1.904 -0.290 5.594
SPIN 4 2 13 4 -0.192 -1.321 -5.764
SPIN 4 2 13 5 3.767 4.089 2.023
SPIN 4 2 13 6 1.777 -2.552 5.033
SPIN 4 2 13 7 -5.042 -1.636 2.627
SPIN 4 2 13 8 5.499 1.061 1.906
SPIN 4 2 13 9 -1.248 -2.387 -5.267
SPIN 4 2 13 10 0.092 -4.252 4.113
SPIN 4 2 13 11 -5.854 0.064 0.854
SPIN 4 2 13 12 -4.657 -1.188 3.450
SPIN 4 2 13 13 -1.696 -4.529 3.407
SPIN 4 2 13 14 -2.281 -3.731 3.985
SPIN 4 2 13 15 2.709 4.325 -2.993
SPIN 1 2 14 0 -0.495 -3.465 -4.770
SPIN 1 2 14 1 1.871 1.883 5.287
SPIN 1 2 14 2 -5.238 -0.116 -2.747
SPIN 1 2 14 3 -3.501 -4.235 2.193
SPIN 1 2 14 4 -3.348 -4.797 -0.885
SPIN 1 2 14 5 -1.579 2.259 -5.235
SPIN 1 2 14 6 -3.255 -4.817 1.096
SPIN 1 2 14 7 3.282 0.191 -4.918
SPIN 1 2 14 8 4.558 0.986 3.640
SPIN 1 2 14 9 0.290 -1.790 5.631
SPIN 1 2 14 10 4.634 3.588 0.809
SPIN 1 2 14 11 -2.171 -2.329 -4.986
SPIN 1 2 14 12 1.196 -4.410 3.757
SPIN 1 2 14 13 1.426 -4.939 -2.928
SPIN 1 2 14 14 -4.273 -3.053 -2.723
SPIN 1 2 14 15 -3.568 -2.465 -4.024
SPIN 4 2 14 0 -0.536 -1.185 -5.771
SPIN 4 2 14 1 -3.098 -3.610 -3.517
SPIN 4 2 14 2 -1.536 -3.348 4.630
SPIN 4 2 14 3 -0.790 -0.876 -5.797
SPIN 4 2 14 4 3.634 -1.157 4.523
SPIN 4 2 14 5 -3.453 4.061 -2.566
SPIN 4 2 14 6 1.252 2.918 -4.992
SPIN 4 2 14 7 4.091 -0.422 4.252
SPIN 4 2 14 8 0.991 4.136 -4.113
SPIN 4 2 14 9 -3.796 -3.841 -2.415
SPIN 4 2 14 10 0.855 3.999 4.275
SPIN 4 2 14 11 2.843 -3.461 -3.865
SPIN 4 2 14 12 -4.404 -3.360 2.078
SPIN 4 2 14 13 2.516 5.211 1.230
SPIN 4 2 14 14 1.711 5.201 2.240
SPIN 4 2 14 15 2.136 -5.467 -0.743
SPIN 1 2 15 0 -0.415 1.201 5.778
SPIN 1 2 15 1 -2.762 4.785 -2.116
SPIN 1 2 15 2 -4.893 3.179 0.978
SPIN 1 2 15 3 2.955 4.909 -1.472
SPIN 1 2 15 4 5.024 1.999 -2.400
SPIN 1 2 15 5 3.642 2.588 -3.878
SPIN 1 2 15 6 2.985 -3.949 3.239
SPIN 1 2 15 7 -5.662 1.146 -1.274
SPIN 1 2 15 8 -0.413 4.074 -4.270
SPIN 1 2 15 9 -5.742 -1.371 -0.393
SPIN 1 2 15 10 -3.198 -1.977 -4.568
SPIN 1 2 15 11 2.436 0.387 5.378
SPIN 1 2 15 12 3.906 3.790 2.319
SPIN 1 2 15 13 2.467 -5.168 1.487
SPIN 1 2 15 14 -5.260 2.440 -1.172
SPIN 1 2 15 15 2.770 -3.936 -3.440
SPIN 4 2 15 0 -5.596 1.225 1.478
SPIN 4 2 15 1 2.514 5.051 1.779
SPIN 4 2 15 2 -4.498 2.993 -2.411
SPIN 4 2 15 3 -2.662 4.646 2.515
SPIN 4 2 15 4 4.666 3.050 1.982
SPIN 4 2 15 5 -5.071 2.765 -1.279
SPIN 4 2 15 6 -3.877 4.420 0.654
SPIN 4 2 15 7 4.699 -3.573 -0.394
SPIN 4 2 15 8 -3.829 -3.800 2.428
SPIN 4 2 15 9 -0.475 4.800 -3.426
SPIN 4 2 15 10 -4.749 1.471 3.206
SPIN 4 2 15 11 -2.673 -2.754 -4.502
SPIN 4 2 15 12 0.002 5.437 -2.332
SPIN 4 2 15 13 -1.767 -1.380 5.475
SPIN 4 2 15 14 -0.620 -5.812 0.914
SPIN 4 2 15 15 4.377 0.265 3.971
SPIN 3 2 0 0 -5.505 0.638 -2.070
SPIN 3 2 0 1 -5.845 -0.010 -0.915
SPIN 3 2 0 2 5.910 0.030 -0.276
SPIN 3 2 0 3 3.240 1.657 4.664
SPIN 3 2 0 4 -5.528 0.691 -1.990
SPIN 3 2 0 5 2.691 3.805 -3.644
SPIN 3 2 0 6 -4.896 3.167 0.997
SPIN 3 2 0 7 2.956 0.358 5.112
SPIN 3 2 0 8 -2.259 -4.367 -3.290
SPIN 3 2 0 9 0.203 -4.896 -3.315
SPIN 3 2 0 10 4.142 -4.210 -0.353
SPIN 3 2 0 11 -5.902 0.147 0.383
SPIN 3 2 0 12 0.720 3.618 -4.625
SPIN 3 2 0 13 4.412 -3.635 1.525
SPIN 3 2 0 14 -3.308 -3.082 3.815
SPIN 3 2 0 15 4.386 1.174 -3.793
SPIN 2 2 0 0 -2.027 -5.558 -0.042
SPIN 2 2 0 1 3.428 -0.611 -4.783
SPIN 2 2 0 2 -4.156 -2.601 3.311
SPIN 2 2 0 3 -0.605 -3.526 4.712
SPIN 2 2 0 4 5.093 -2.717 -1.298
SPIN 2 2 0 5 1.941 -3.220 -4.567
SPIN 2 2 0 6 2.898 2.911 4.257
SPIN 2 2 0 7 -2.062 -4.551 3.168
SPIN 2 2 0 8 5.738 -1.228 0.755
SPIN 2 2 0 9 0.764 -4.807 3.363
SPIN 2 2 0 10 4.474 2.079 3.265
SPIN 2 2 0 11 2.539 4.941 2.034
SPIN 2 2 0 12 -4.565 3.597 1.105
SPIN 2 2 0 13 -4.139 4.118 0.954
SPIN 2 2 0 14 -4.904 -2.633 2.004
SPIN 2 2 0 15 -1.934 5.572 -0.465
SPIN 3 2 1 0 5.882 -0.017 -0.631
SPIN 3 2 1 1 -4.353 0.368 3.989
SPIN 3 2 1 2 -3.650 4.220 -1.968
SPIN 3 2 1 3 -0.656 -3.108 4.991
SPIN 3 2 1 4 -3.633 -4.092 2.248
SPIN 3 2 1 5 -2.984 1.065 4.996
SPIN 3 2 1 6 -0.412 5.881 0.494
SPIN 3 2 1 7 1.556 -0.309 5.700
SPIN 3 2 1 8 -3.372 -1.877 4.484
SPIN 3 2 1 9 1.048 3.583 4.589
SPIN 3 2 1 10 5.634 -1.776 -0.331
SPIN 3 2 1 11 -2.464 -5.170 1.483
SPIN 3 2 1 12 -3.658 4.649 -0.072
SPIN 3 2 1 13 5.396 1.037 -2.191
SPIN 3 2 1 14 1.467 -0.082 5.731
SPIN 3 2 1 15 -0.104 -5.197 -2.825
SPIN 2 2 1 0 2.712 3.661 -3.774
SPIN 2 2 1 1 -5.915 -0.101 0.030
SPIN 2 2 1 2 -0.994 -5.694 1.262
SPIN 2 2 1 3 -1.025 4.605 -3.570
SPIN 2 2 1 4 -1.146 2.232 5.358
SPIN 2 2 1 5 -5.399 2.380 -0.430
SPIN 2 2 1 6 -5.522 -1.621 1.371
SPIN 2 2 1 7 5.283 -2.243 -1.435
SPIN 2 2 1 8 2.565 2.373 -4.773
SPIN 2 2 1 9 -4.202 -0.698 -4.106
SPIN 2 2 1 10 3.605 -4.256 1.973
SPIN 2 2 1 11 -3.948 -2.837 3.371
SPIN 2 2 1 12 -3.591 4.630 -0.814
SPIN 2 2 1 13 1.079 -5.603 1.561
SPIN 2 2 1 14 -5.806 0.227 -1.115
SPIN 2 2 1 15 1.203 0.987 5.708
SPIN 3 2 2 0 4.004 3.824 -2.086
SPIN 3 2 2 1 4.248 -1.008 -3.992
SPIN 3 2 2 2 3.574 -4.589 1.080
SPIN 3 2 2 3 1.873 5.346 1.706
SPIN 3 2 2 4 2.427 3.234 -4.319
SPIN 3 2 2 5 4.550 -2.669 -2.678
SPIN 3 2 2 6 -0.613 4.571 3.705
SPIN 3 2 2 7 -4.071 4.284 -0.272
SPIN 3 2 2 8 4.734 -0.964 -3.414
SPIN 3 2 2 9 -2.480 -3.481 4.091
SPIN 3 2 2 10 -2.941 3.768 -3.486
SPIN 3 2 2 11 2.984 -3.375 3.835
SPIN 3 2 2 12 0.718 -5.660 -1.565
SPIN 3 2 2 13 0.307 -3.963 -4.382
SPIN 3 2 2 14 2.640 -5.001 1.737
SPIN 3 2 2 15 -5.279 2.661 -0.230
SPIN 2 2 2 0 -2.881 4.168 -3.054
SPIN 2 2 2 1 -3.209 -0.680 -4.923
SPIN 2 2 2 2 4.759 3.459 -0.620
SPIN 2 2 2 3 -3.073 -5.055 -0.001
SPIN 2 2 2 4 -5.553 -0.608 -1.947
SPIN 2 2 2 5 -1.942 4.889 2.707
SPIN 2 2 2 6 3.310 4.860 0.652
SPIN 2 2 2 7 -1.140 3.221 -4.830
SPIN 2 2 2 8 4.110 2.787 3.217
SPIN 2 2 2 9 3.156 2.091 -4.546
SPIN 2 2 2 10 -3.435 -2.584 4.065
SPIN 2 2 2 11 2.412 4.031 -3.596
SPIN 2 2 2 12 -2.867 -5.062 1.073
SPIN 2 2 2 13 2.284 -5.449 0.305
SPIN 2 2 2 14 5.005 -1.734 -2.635
SPIN 2 2 2 15 1.755 -0.016 -5.650
SPIN 3 2 3 0 -3.213 -4.794 -1.302
SPIN 3 2 3 1 3.105 1.919 4.656
SPIN 3 2 3 2 -5.727 0.672 1.321
SPIN 3 2 3 3 3.269 3.523 3.450
SPIN 3 2 3 4 1.311 2.699 -5.099
SPIN 3 2 3 5 -0.733 4.133 4.169
SPIN 3 2 3 6 2.028 -4.402 -3.393
SPIN 3 2 3 7 3.285 3.684 -3.262
SPIN 3 2 3 8 -1.832 -2.328 -5.121
SPIN 3 2 3 9 5.566 1.521 -1.305
SPIN 3 2 3 10 -5.167 -1.775 2.271
SPIN 3 2 3 11 -4.416 0.927 -3.827
SPIN 3 2 3 12 2.605 -4.391 2.988
SPIN 3 2 3 13 -2.227 5.422 -0.801
SPIN 3 2 3 14 -5.320 -0.306 -2.570
SPIN 3 2 3 15 0.385 -1.420 5.730
SPIN 2 2 3 0 2.749 -5.109 -1.159
SPIN 2 2 3 1 -4.862 3.191 1.085
SPIN 2 2 3 2 -0.540 3.850 4.459
SPIN 2 2 3 3 1.170 -5.684 -1.151
SPIN 2 2 3 4 4.035 4.111 1.349
SPIN 2 2 3 5 4.011 -3.532 -2.537
SPIN 2 2 3 6 -4.100 3.877 -1.777
SPIN 2 2 3 7 5.724 1.103 -1.010
SPIN 2 2 3 8 -3.411 -3.972 -2.755
SPIN 2 2 3 9 0.605 -0.505 5.863
SPIN 2 2 3 10 0.213 -2.007 -5.561
SPIN 2 2 3 11 -4.390 3.698 1.433
SPIN 2 2 3 12 5.839 -0.595 -0.740
SPIN 2 2 3 13 -4.714 1.875 3.043
SPIN 2 2 3 14 4.585 -1.037 3.591
SPIN 2 2 3 15 0.647 5.403 2.321
SPIN 3 2 4 0 4.573 -0.777 -3.673
SPIN 3 2 4 1 -4.002 1.019 -4.236
SPIN 3 2 4 2 0.742 5.845 0.539
SPIN 3 2 4 3 5.393 -2.424 0.181
SPIN 3 2 4 4 0.491 -1.838 5.602
SPIN 3 2 4 5 4.366 3.297 -2.252
SPIN 3 2 4 6 5.148 -1.924 2.190
SPIN 3 2 4 7 -3.639 2.631 3.851
SPIN 3 2 4 8 4.411 3.937 0.214
SPIN 3 2 4 9 -4.554 1.356 3.525
SPIN 3 2 4 10 4.373 -3.513 -1.881
SPIN 3 2 4 11 2.137 4.471 3.232
SPIN 3 2 4 12 -4.230 3.229 -2.585
SPIN 3 2 4 13 0.988 -4.758 -3.374
SPIN 3 2 4 14 0.977 -0.352 5.824
SPIN 3 2 4 15 -5.897 0.367 0.304
SPIN 2 2 4 0 -1.617 1.145 5.574
SPIN 2 2 4 1 4.398 0.494 3.926
SPIN 2 2 4 2 -3.574 -4.509 -1.376
SPIN 2 2 4 3 -2.107 5.113 2.101
SPIN 2 2 4 4 2.523 -5.058 -1.746
SPIN 2 2 4 5 0.790 3.832 4.437
SPIN 2 2 4 6 2.802 -3.537 3.826
SPIN 2 2 4 7 -1.181 -3.438 -4.667
SPIN 2 2 4 8 4.734 3.489 -0.643
SPIN 2 2 4 9 -1.735 -4.863 2.888
SPIN 2 2 4 10 1.206 -4.093 -4.098
SPIN 2 2 4 11 -1.404 0.242 5.742
SPIN 2 2 4 12 -0.978 -5.826 -0.316
SPIN 2 2 4 13 -5.064 2.662 -1.505
SPIN 2 2 4 14 5.172 1.544 -2.421
SPIN 2 2 4 15 1.024 -4.017 -4.221
SPIN 3 2 5 0 0.531 2.774 -5.199
SPIN 3 2 5 1 3.596 0.388 4.682
SPIN 3 2 5 2 -2.294 -5.452 -0.116
SPIN 3 2 5 3 -1.653 -5.668 -0.376
SPIN 3 2 5 4 0.727 5.656 -1.574
SPIN 3 2 5 5 2.797 2.586 4.526
SPIN 3 2 5 6 1.718 5.661 -0.082
SPIN 3 2 5 7 1.873 -4.488 -3.369
SPIN 3 2 5 8 2.730 4.284 -3.032
SPIN 3 2 5 9 -5.071 1.748 2.497
SPIN 3 2 5 10 1.661 4.016 4.014
SPIN 3 2 5 11 -2.113 1.818 -5.218
SPIN 3 2 5 12 -2.146 -1.702 5.244
SPIN 3 2 5 13 1.966 5.570 -0.328
SPIN 3 2 5 14 2.645 -4.356 -3.006
SPIN 3 2 5 15 -2.391 -0.724 5.363
SPIN 2 2 5 0 -4.835 -1.490 -3.066
SPIN 2 2 5 1 -2.288 4.045 3.662
SPIN 2 2 5 2 -0.388 4.709 -3.561
SPIN 2 2 5 3 3.509 -1.090 4.637
SPIN 2 2 5 4 -0.789 4.781 3.395
SPIN 2 2 5 5 -1.770 -1.435 -5.460
SPIN 2 2 5 6 -3.316 -0.260 -4.892
SPIN 2 2 5 7 1.740 2.471 -5.086
SPIN 2 2 5 8 0.515 -3.045 5.046
SPIN 2 2 5 9 2.788 2.229 4.718
SPIN 2 2 5 10 3.329 2.903 -3.936
SPIN 2 2 5 11 -0.232 1.378 -5.749
SPIN 2 2 5 12 0.896 3.879 4.376
SPIN 2 2 5 13 3.159 -2.435 -4.369
SPIN 2 2 5 14 -3.934 -2.683 3.511
SPIN 2 2 5 15 2.832 3.014 4.231
SPIN 3 2 6 0 0.277 -4.468 -3.868
SPIN 3 2 6 1 4.018 -2.935 3.200
SPIN 3 2 6 2 -1.121 -3.190 -4.855
SPIN 3 2 6 3 -2.629 1.179 -5.167
SPIN 3 2 6 4 3.610 3.078 3.535
SPIN 3 2 6 5 -0.378 5.778 -1.214
SPIN 3 2 6 6 0.071 -4.055 4.307
SPIN 3 2 6 7 -3.086 -1.108 4.925
SPIN 3 2 6 8 2.262 -5.075 -2.031
SPIN 3 2 6 9 3.210 -3.692 -3.326
SPIN 3 2 6 10 -3.971 2.194 -3.797
SPIN 3 2 6 11 -4.583 0.017 3.741
SPIN 3 2 6 12 3.391 -0.476 -4.825
SPIN 3 2 6 13 -5.431 -2.092 1.061
SPIN 3 2 6 14 -1.252 -2.500 5.214
SPIN 3 2 6 15 4.252 3.926 -1.229
SPIN 2 2 6 0 3.156 4.867 1.162
SPIN 2 2 6 1 2.551 3.036 4.391
SPIN 2 2 6 2 1.779 -3.375 -4.521
SPIN 2 2 6 3 -1.367 0.325 5.747
SPIN 2 2 6 4 1.664 5.108 -2.478
SPIN 2 2 6 5 -5.074 -2.487 1.753
SPIN 2 2 6 6 1.700 5.502 1.355
SPIN 2 2 6 7 2.684 4.694 -2.402
SPIN 2 2 6 8 -3.025 5.010 -0.863
SPIN 2 2 6 9 4.147 2.390 3.478
SPIN 2 2 6 10 0.074 5.913 -0.159
SPIN 2 2 6 11 4.205 -0.502 4.131
SPIN 2 2 6 12 -5.851 -0.801 0.345
SPIN 2 2 6 13 4.413 3.936 -0.181
SPIN 2 2 6 14 4.119 0.528 -4.214
SPIN 2 2 6 15 -5.202 -2.572 1.148
SPIN 3 2 7 0 -1.519 3.820 -4.255
SPIN 3 2 7 1 2.646 5.235 -0.768
SPIN 3 2 7 2 -1.033 2.816 5.099
SPIN 3 2 7 3 -0.470 -5.834 0.862
SPIN 3 2 7 4 -4.008 -1.287 -4.157
SPIN 3 2 7 5 -1.063 5.813 -0.275
SPIN 3 2 7 6 -2.286 4.220 3.458
SPIN 3 2 7 7 -5.057 -1.890 -2.419
SPIN 3 2 7 8 -0.795 -5.019 3.029
SPIN 3 2 7 9 -0.754 1.380 5.703
SPIN 3 2 7 10 -3.257 -0.036 -4.939
SPIN 3 2 7 11 1.508 -5.620 1.070
SPIN 3 2 7 12 -0.583 5.495 -2.112
SPIN 3 2 7 13 1.502 -4.795 3.123
SPIN 3 2 7 14 3.337 3.955 -2.868
SPIN 3 2 7 15 1.917 -2.512 5.001
SPIN 2 2 7 0 -1.779 -4.790 -2.982
SPIN 2 2 7 1 -0.391 -4.937 3.236
SPIN 2 2 7 2 3.086 0.620 5.009
SPIN 2 2 7 3 -1.160 -5.717 -0.987
SPIN 2 2 7 4 2.797 5.148 -0.823
SPIN 2 2 7 5 -4.936 2.760 -1.738
SPIN 2 2 7 6 -3.861 -2.351 3.816
SPIN 2 2 7 7 -0.335 5.873 -0.628
SPIN 2 2 7 8 0.335 -0.831 5.848
SPIN 2 2 7 9 -1.292 1.636 -5.537
SPIN 2 2 7 10 -0.956 -3.406 4.742
SPIN 2 2 7 11 -5.884 -0.431 0.445
SPIN 2 2 7 12 4.692 -3.604 0.039
SPIN 2 2 7 13 -0.813 -5.575 1.805
SPIN 2 2 7 14 1.384 5.746 -0.255
SPIN 2 2 7 15 2.187 3.990 -3.781
SPIN 3 2 8 0 1.669 -5.541 -1.231
SPIN 3 2 8 1 2.007 -0.829 -5.503
SPIN 3 2 8 2 -3.897 -2.211 3.863
SPIN 3 2 8 3 -2.895 5.159 0.011
SPIN 3 2 8 4 3.414 -4.823 0.292
SPIN 3 2 8 5 3.396 -4.831 -0.355
SPIN 3 2 8 6 -2.852 1.614 -4.926
SPIN 3 2 8 7 4.781 2.020 2.840
SPIN 3 2 8 8 -2.721 -4.916 1.851
SPIN 3 2 8 9 1.874 1.836 -5.303
SPIN 3 2 8 10 -3.459 -4.776 -0.482
SPIN 3 2 8 11 0.921 -0.744 5.796
SPIN 3 2 8 12 1.255 1.123 -5.671
SPIN 3 2 8 13 4.862 3.366 -0.175
SPIN 3 2 8 14 4.402 3.686 1.427
SPIN 3 2 8 15 -4.534 0.659 3.743
SPIN 2 2 8 0 4.934 1.869 2.676
SPIN 2 2 8 1 2.993 5.003 1.005
SPIN 2 2 8 2 -3.000 1.389 -4.906
SPIN 2 2 8 3 5.879 -0.637 -0.179
SPIN 2 2 8 4 -3.333 -2.723 -4.059
SPIN 2 2 8 5 -5.571 1.970 0.287
SPIN 2 2 8 6 -5.142 -2.926 -0.050
SPIN 2 2 8 7 3.759 3.414 -3.036
SPIN 2 2 8 8 -4.317 -3.795 1.398
SPIN 2 2 8 9 3.186 0.875 -4.907
SPIN 2 2 8 10 2.839 -2.834 -4.349
SPIN 2 2 8 11 4.862 1.132 3.175
SPIN 2 2 8 12 -1.518 -2.923 4.914
SPIN 2 2 8 13 -1.861 4.448 -3.429
SPIN 2 2 8 14 3.520 -4.755 0.043
SPIN 2 2 8 15 -5.842 0.902 -0.242
SPIN 3 2 9 0 -3.392 4.428 -1.971
SPIN 3 2 9 1 -5.450 1.819 1.409
SPIN 3 2 9 2 5.649 1.178 -1.304
SPIN 3 2 9 3 1.445 -4.170 3.940
SPIN 3 2 9 4 -5.872 -0.193 -0.691
SPIN 3 2 9 5 3.009 3.863 -3.320
SPIN 3 2 9 6 5.725 1.133 0.969
SPIN 3 2 9 7 -2.895 -5.050 -1.058
SPIN 3 2 9 8 0.376 4.112 4.237
SPIN 3 2 9 9 0.006 3.421 4.827
SPIN 3 2 9 10 -3.878 3.709 2.492
SPIN 3 2 9 11 2.965 -3.412 -3.817
SPIN 3 2 9 12 -2.149 2.433 4.946
SPIN 3 2 9 13 5.167 -1.277 2.583
SPIN 3 2 9 14 -1.323 -5.608 -1.341
SPIN 3 2 9 15 -1.574 5.325 2.042
SPIN 2 2 9 0 -4.433 -2.780 -2.760
SPIN 2 2 9 1 -5.273 2.660 0.346
SPIN 2 2 9 2 4.038 -4.029 -1.570
SPIN 2 2 9 3 -4.539 -1.936 3.264
SPIN 2 2 9 4 3.321 4.868 0.524
SPIN 2 2 9 5 -2.416 -2.571 4.749
SPIN 2 2 9 6 -2.943 4.913 -1.483
SPIN 2 2 9 7 2.789 3.216 -4.108
SPIN 2 2 9 8 -1.326 3.346 -4.695
SPIN 2 2 9 9 -5.856 -0.773 -0.339
SPIN 2 2 9 10 3.132 4.324 -2.549
SPIN 2 2 9 11 1.492 -3.556 4.486
SPIN 2 2 9 12 2.018 1.443 -5.371
SPIN 2 2 9 13 -3.056 -3.599 3.564
SPIN 2 2 9 14 1.372 5.716 0.670
SPIN 2 2 9 15 1.167 -5.562 1.642
SPIN 3 2 10 0 3.780 -4.006 2.159
SPIN 3 2 10 1 0.292 4.214 -4.142
SPIN 3 2 10 2 -2.139 -4.608 -3.031
SPIN 3 2 10 3 1.915 -1.607 -5.362
SPIN 3 2 10 4 3.447 4.422 1.887
SPIN 3 2 10 5 -2.302 0.792 5.392
SPIN 3 2 10 6 -3.929 1.657 4.101
SPIN 3 2 10 7 1.331 -3.441 -4.625
SPIN 3 2 10 8 4.902 -3.045 -1.301
SPIN 3 2 10 9 4.868 1.829 -2.822
SPIN 3 2 10 10 -0.473 -3.375 -4.836
SPIN 3 2 10 11 -4.989 -1.889 2.557
SPIN 3 2 10 12 -0.413 -4.723 3.539
SPIN 3 2 10 13 -0.000 -2.166 -5.505
SPIN 3 2 10 14 3.447 -4.744 0.785
SPIN 3 2 10 15 -3.226 4.881 0.876
SPIN 2 2 10 0 3.950 1.182 4.243
SPIN 2 2 10 1 -2.903 -4.538 2.446
SPIN 2 2 10 2 0.254 3.826 4.505
SPIN 2 2 10 3 -0.706 -1.431 5.697
SPIN 2 2 10 4 3.207 -1.927 -4.583
SPIN 2 2 10 5 5.793 -0.516 1.083
SPIN 2 2 10 6 -3.013 4.813 -1.661
SPIN 2 2 10 7 1.203 -3.958 4.229
SPIN 2 2 10 8 1.258 4.306 -3.857
SPIN 2 2 10 9 -3.511 2.137 -4.255
SPIN 2 2 10 10 -1.015 -3.598 4.585
SPIN 2 2 10 11 1.597 0.385 -5.684
SPIN 2 2 10 12 0.523 5.879 -0.410
SPIN 2 2 10 13 4.092 3.066 -2.976
SPIN 2 2 10 14 -5.675 0.968 1.362
SPIN 2 2 10 15 1.921 4.905 2.692
SPIN 3 2 11 0 -0.853 4.493 -3.753
SPIN 3 2 11 1 -1.755 -4.530 3.376
SPIN 3 2 11 2 -1.858 0.354 -5.606
SPIN 3 2 11 3 -1.233 5.739 0.734
SPIN 3 2 11 4 -2.434 2.316 4.870
SPIN 3 2 11 5 4.461 -3.190 -2.219
SPIN 3 2 11 6 -2.141 0.575 -5.485
SPIN 3 2 11 7 -4.180 4.117 -0.760
SPIN 3 2 11 8 3.568 -4.516 -1.369
SPIN 3 2 11 9 3.981 0.996 4.261
SPIN 3 2 11 10 0.622 -1.767 5.612
SPIN 3 2 11 11 -2.993 1.799 -4.775
SPIN 3 2 11 12 3.434 -1.533 4.567
SPIN 3 2 11 13 3.706 -4.040 2.223
SPIN 3 2 11 14 -4.961 -2.630 1.862
SPIN 3 2 11 15 5.032 -3.080 -0.433
SPIN 2 2 11 0 -5.154 -2.260 -1.824
SPIN 2 2 11 1 2.578 2.726 4.574
SPIN 2 2 11 2 1.343 -2.003 -5.402
SPIN 2 2 11 3 3.096 5.004 0.614
SPIN 2 2 11 4 -2.270 -5.374 0.982
SPIN 2 2 11 5 -5.401 2.054 1.268
SPIN 2 2 11 6 1.653 -4.781 3.068
SPIN 2 2 11 7 2.325 -4.016 -3.670
SPIN 2 2 11 8 -1.283 5.656 1.170
SPIN 2 2 11 9 2.618 4.991 -1.799
SPIN 2 2 11 10 2.801 5.111 1.017
SPIN 2 2 11 11 -0.654 -3.776 4.507
SPIN 2 2 11 12 0.152 -5.868 0.739
SPIN 2 2 11 13 -2.225 5.466 -0.415
SPIN 2 2 11 14 1.685 2.771 -4.948
SPIN 2 2 11 15 3.560 -1.022 4.614
SPIN 3 2 12 0 -3.347 -2.079 4.413
SPIN 3 2 12 1 -1.503 -2.862 -4.954
SPIN 3 2 12 2 4.012 4.273 0.805
SPIN 3 2 12 3 -4.823 -2.427 -2.419
SPIN 3 2 12 4 2.062 5.329 -1.532
SPIN 3 2 12 5 -5.457 2.080 -0.947
SPIN 3 2 12 6 5.660 -0.029 -1.721
SPIN 3 2 12 7 -5.828 -0.373 -0.945
SPIN 3 2 12 8 -2.915 -2.384 4.563
SPIN 3 2 12 9 -3.871 2.591 3.648
SPIN 3 2 12 10 -2.142 0.956 -5.431
SPIN 3 2 12 11 -1.896 4.617 3.177
SPIN 3 2 12 12 -2.670 4.266 -3.110
SPIN 3 2 12 13 0.366 -3.178 4.976
SPIN 3 2 12 14 3.263 1.911 -4.549
SPIN 3 2 12 15 1.803 5.633 -0.122
SPIN 2 2 12 0 2.714 0.952 -5.170
SPIN 2 2 12 1 -4.750 -1.955 2.935
SPIN 2 2 12 2 -3.030 -0.455 -5.061
SPIN 2 2 12 3 -4.573 3.702 -0.624
SPIN 2 2 12 4 -0.737 2.762 5.180
SPIN 2 2 12 5 -3.245 -4.567 1.900
SPIN 2 2 12 6 4.209 2.959 -2.921
SPIN 2 2 12 7 2.024 -4.429 3.360
SPIN 2 2 12 8 5.819 -0.698 0.810
SPIN 2 2 12 9 4.074 -3.690 -2.188
SPIN 2 2 12 10 4.896 2.887 -1.640
SPIN 2 2 12 11 -0.049 -4.813 -3.440
SPIN 2 2 12 12 2.447 -3.764 3.853
SPIN 2 2 12 13 -2.959 -5.089 0.588
SPIN 2 2 12 14 -3.917 -3.489 2.735
SPIN 2 2 12 15 3.875 -0.200 4.466
SPIN 3 2 13 0 -4.781 -0.830 -3.384
SPIN 3 2 13 1 -0.157 4.707 -3.580
SPIN 3 2 13 2 -3.725 0.793 -4.527
SPIN 3 2 13 3 2.779 -1.217 -5.079
SPIN 3 2 13 4 2.832 3.145 4.134
SPIN 3 2 13 5 -0.720 -3.327 -4.839
SPIN 3 2 13 6 -4.485 -1.590 3.516
SPIN 3 2 13 7 4.009 2.877 -3.263
SPIN 3 2 13 8 1.637 -3.887 -4.149
SPIN 3 2 13 9 -2.658 -4.831 2.145
SPIN 3 2 13 10 -2.529 4.104 3.429
SPIN 3 2 13 11 -5.071 1.409 -2.702
SPIN 3 2 13 12 4.062 2.321 3.621
SPIN 3 2 13 13 -5.866 -0.288 -0.715
SPIN 3 2 13 14 -4.460 3.156 -2.268
SPIN 3 2 13 15 2.568 5.252 -0.910
SPIN 2 2 13 0 -4.659 -1.166 3.454
SPIN 2 2 13 1 5.311 -1.805 -1.880
SPIN 2 2 13 2 -4.984 0.090 3.186
SPIN 2 2 13 3 -0.585 -4.314 -4.006
SPIN 2 2 13 4 -5.326 0.038 -2.575
SPIN 2 2 13 5 2.467 3.795 3.809
SPIN 2 2 13 6 -0.814 -3.677 -4.562
SPIN 2 2 13 7 1.486 5.726 0.062
SPIN 2 2 13 8 -0.093 2.466 5.377
SPIN 2 2 13 9 -0.249 4.829 -3.409
SPIN 2 2 13 10 -5.371 -0.974 2.280
SPIN 2 2 13 11 4.671 -3.544 -0.791
SPIN 2 2 13 12 -2.695 2.698 4.523
SPIN 2 2 13 13 -4.991 -0.279 -3.164
SPIN 2 2 13 14 -1.773 5.560 0.969
SPIN 2 2 13 15 -5.106 -2.649 1.383
SPIN 3 2 14 0 3.097 -4.166 -2.838
SPIN 3 2 14 1 1.488 0.589 5.696
SPIN 3 2 14 2 2.754 0.969 -5.146
SPIN 3 2 14 3 4.743 2.411 2.587
SPIN 3 2 14 4 -4.529 1.322 3.570
SPIN 3 2 14 5 5.306 -2.477 0.844
SPIN 3 2 14 6 -3.950 4.316 -0.876
SPIN 3 2 14 7 3.953 -2.286 -3.762
SPIN 3 2 14 8 5.432 -2.322 -0.324
SPIN 3 2 14 9 -1.658 -2.231 5.222
SPIN 3 2 14 10 -1.789 3.952 4.023
SPIN 3 2 14 11 1.781 -0.360 5.630
SPIN 3 2 14 12 4.024 1.174 -4.175
SPIN 3 2 14 13 1.937 -4.478 3.346
SPIN 3 2 14 14 1.403 0.205 5.744
SPIN 3 2 14 15 -1.239 4.378 -3.782
SPIN 2 2 14 0 -1.953 4.854 -2.761
SPIN 2 2 14 1 1.767 -2.329 5.144
SPIN 2 2 14 2 -5.137 -2.481 -1.565
SPIN 2 2 14 3 -1.395 3.945 4.182
SPIN 2 2 14 4 3.520 4.247 2.140
SPIN 2 2 14 5 -4.007 -4.068 -1.547
SPIN 2 2 14 6 -2.959 2.875 4.240
SPIN 2 2 14 7 -3.927 2.821 3.409
SPIN 2 2 14 8 3.976 -3.913 -1.971
SPIN 2 2 14 9 -2.394 -4.333 3.239
SPIN 2 2 14 10 4.783 1.507 -3.138
SPIN 2 2 14 11 0.891 3.815 -4.434
SPIN 2 2 14 12 -2.697 1.959 4.888
SPIN 2 2 14 13 0.328 -2.762 5.222
SPIN 2 2 14 14 -0.786 1.311 -5.715
SPIN 2 2 14 15 5.007 -3.048 -0.799
SPIN 3 2 15 0 0.152 3.848 -4.491
SPIN 3 2 15 1 4.128 0.319 -4.226
SPIN 3 2 15 2 -4.727 1.353 -3.291
SPIN 3 2 15 3 -1.623 -5.686 0.194
SPIN 3 2 15 4 -5.193 -1.083 2.619
SPIN 3 2 15 5 -1.172 -5.136 -2.692
SPIN 3 2 15 6 2.402 -4.708 2.658
SPIN 3 2 15 7 3.397 4.730 -1.040
SPIN 3 2 15 8 -2.597 0.438 5.298
SPIN 3 2 15 9 -3.212 -3.892 -3.087
SPIN 3 2 15 10 -4.571 -3.548 -1.231
SPIN 3 2 15 11 0.543 4.510 3.790
SPIN 3 2 15 12 -5.088 -0.575 2.963
SPIN 3 2 15 13 2.426 3.000 4.485
SPIN 3 2 15 14 5.314 -2.600 0.055
SPIN 3 2 15 15 -3.714 2.368 3.949
SPIN 2 2 15 0 2.061 0.639 5.509
SPIN 2 2 15 1 -4.456 0.189 3.887
SPIN 2 2 15 2 -4.491 -3.818 0.498
SPIN 2 2 15 3 0.010 3.003 5.097
SPIN 2 2 15 4 -3.795 2.490 -3.795
SPIN 2 2 15 5 -0.340 5.004 -3.137
SPIN 2 2 15 6 2.355 -3.128 4.435
SPIN 2 2 15 7 4.097 -4.057 1.327
SPIN 2 2 15 8 2.255 5.175 1.771
SPIN 2 2 15 9 0.006 -0.645 -5.881
SPIN 2 2 15 10 5.225 -2.510 -1.183
SPIN 2 2 15 11 0.734 -5.775 -1.053
SPIN 2 2 15 12 4.382 -1.087 -3.823
SPIN 2 2 15 13 1.593 2.899 -4.905
SPIN 2 2 15 14 0.155 1.872 5.610
SPIN 2 2 15 15 -4.867 2.969 1.581
SPIN 1 3 0 0 5.813 0.821 0.732
SPIN 1 3 0 1 -0.975 -1.036 5.742
SPIN 1 3 0 2 3.713 3.970 -2.337
SPIN 1 3 0 3 -5.440 2.310 -0.258
SPIN 1 3 0 4 0.548 -0.671 -5.852
SPIN 1 3 0 5 -3.272 4.850 -0.880
SPIN 1 3 0 6 0.892 -5.572 1.776
SPIN 1 3 0 7 -4.081 4.231 0.665
SPIN 1 3 0 8 1.219 -5.705 0.984
SPIN 1 3 0 9 3.108 1.204 4.888
SPIN 1 3 0 10 -5.513 -0.278 2.129
SPIN 1 3 0 11 -2.983 5.058 0.724
SPIN 1 3 0 12 2.868 -4.520 -2.518
SPIN 1 3 0 13 5.729 0.777 -1.255
SPIN 1 3 0 14 -3.471 -4.791 -0.001
SPIN 1 3 0 15 5.240 1.934 -1.949
SPIN 4 3 0 0 -4.019 3.176 2.959
SPIN 4 3 0 1 4.829 3.290 0.922
SPIN 4 3 0 2 1.519 -2.108 -5.315
SPIN 4 3 0 3 -1.864 5.467 1.281
SPIN 4 3 0 4 -2.410 -4.058 3.567
SPIN 4 3 0 5 4.398 -3.262 2.239
SPIN 4 3 0 6 -5.160 0.730 2.800
SPIN 4 3 0 7 -5.737 0.935 -1.103
SPIN 4 3 0 8 3.056 -5.026 -0.634
SPIN 4 3 0 9 -1.882 1.155 -5.489
SPIN 4 3 0 10 0.376 1.236 5.773
SPIN 4 3 0 11 1.910 -5.470 -1.198
SPIN 4 3 0 12 0.958 -5.838 0.069
SPIN 4 3 0 13 -2.667 1.408 5.089
SPIN 4 3 0 14 -1.628 -5.687 -0.053
SPIN 4 3 0 15 -2.062 -4.783 -2.806
SPIN 1 3 1 0 -4.820 1.842 2.895
SPIN 1 3 1 1 -5.418 -0.688 -2.274
SPIN 1 3 1 2 -3.838 3.084 3.280
SPIN 1 3 1 3 -2.980 -4.808 -1.731
SPIN 1 3 1 4 0.229 4.618 -3.691
SPIN 1 3 1 5 5.582 1.404 -1.368
SPIN 1 3 1 6 5.119 -2.722 1.179
SPIN 1 3 1 7 -0.474 -5.630 -1.753
SPIN 1 3 1 8 -0.751 3.753 -4.511
SPIN 1 3 1 9 3.670 3.793 2.673
SPIN 1 3 1 10 2.433 0.298 -5.385
SPIN 1 3 1 11 4.006 -4.219 -1.071
SPIN 1 3 1 12 3.851 4.484 -0.259
SPIN 1 3 1 13 -4.067 -1.107 -4.151
SPIN 1 3 1 14 3.753 -3.955 -2.297
SPIN 1 3 1 15 -1.833 -0.198 -5.621
SPIN 4 3 1 0 3.055 -5.019 -0.685
SPIN 4 3 1 1 3.926 2.921 3.325
SPIN 4 3 1 2 -4.380 2.089 3.384
SPIN 4 3 1 3 1.701 -1.559 -5.448
SPIN 4 3 1 4 -1.122 -0.778 5.756
SPIN 4 3 1 5 -1.279 5.607 -1.387
SPIN 4 3 1 6 3.890 -3.768 -2.381
SPIN 4 3 1 7 -0.225 -3.427 -4.817
SPIN 4 3 1 8 -4.834 -3.263 0.992
SPIN 4 3 1 9 -0.746 5.286 2.551
SPIN 4 3 1 10 5.443 2.299 -0.292
SPIN 4 3 1 11 -4.827 -2.833 -1.918
SPIN 4 3 1 12 -4.886 0.811 -3.236
SPIN 4 3 1 13 -1.248 5.620 -1.364
SPIN 4 3 1 14 -0.736 5.666 1.536
SPIN 4 3 1 15 -0.792 5.266 -2.577
SPIN 1 3 2 0 4.288 -2.883 -2.881
SPIN 1 3 2 1 -0.161 5.909 -0.234
SPIN 1 3 2 2 -0.763 -0.006 5.867
SPIN 1 3 2 3 3.806 3.883 -2.331
SPIN 1 3 2 4 -3.013 -3.455 3.739
SPIN 1 3 2 5 -4.758 1.435 3.210
SPIN 1 3 2 6 5.551 0.743 -1.906
SPIN 1 3 2 7 -4.933 -3.164 -0.808
SPIN 1 3 2 8 -0.574 5.578 1.887
SPIN 1 3 2 9 2.186 -4.040 -3.729
SPIN 1 3 2 10 -0.714 -2.149 5.466
SPIN 1 3 2 11 -0.202 5.845 0.894
SPIN 1 3 2 12 -4.733 -2.041 2.905
SPIN 1 3 2 13 -5.902 0.215 -0.341
SPIN 1 3 2 14 -5.560 0.465 1.968
SPIN 1 3 2 15 -5.192 -2.399 -1.512
SPIN 4 3 2 0 -4.603 -1.029 -3.571
SPIN 4 3 2 1 -4.699 2.522 2.562
SPIN 4 3 2 2 0.348 -4.378 -3.964
SPIN 4 3 2 3 4.649 2.017 3.053
SPIN 4 3 2 4 5.223 -0.770 2.669
SPIN 4 3 2 5 -1.359 -5.671 0.994
SPIN 4 3 2 6 -2.904 -1.718 -4.860
SPIN 4 3 2 7 -2.322 -4.704 2.735
SPIN 4 3 2 8 -1.244 -4.826 -3.188
SPIN 4 3 2 9 -4.422 1.746 3.521
SPIN 4 3 2 10 -5.062 -2.287 -2.035
SPIN 4 3 2 11 1.885 4.245 -3.665
SPIN 4 3 2 12 -1.946 -5.557 0.575
SPIN 4 3 2 13 0.630 5.341 2.466
SPIN 4 3 2 14 5.281 -2.366 1.230
SPIN 4 3 2 15 -3.776 2.684 3.679
SPIN 1 3 3 0 2.127 4.624 3.016
SPIN 1 3 3 1 3.087 -4.859 -1.363
SPIN 1 3 3 2 -0.968 -4.580 -3.617
SPIN 1 3 3 3 -1.711 5.647 -0.433
SPIN 1 3 3 4 4.512 -2.305 3.054
SPIN 1 3 3 5 2.812 4.098 3.209
SPIN 1 3 3 6 3.454 -3.793 2.946
SPIN 1 3 3 7 5.238 -2.120 1.753
SPIN 1 3 3 8 1.461 -4.980 2.839
SPIN 1 3 3 9 -0.285 5.802 1.119
SPIN 1 3 3 10 -3.155 1.225 -4.852
SPIN 1 3 3 11 -0.806 1.038 5.768
SPIN 1 3 3 12 -1.948 -3.451 4.393
SPIN 1 3 3 13 3.511 -0.178 -4.758
SPIN 1 3 3 14 3.036 2.395 -4.477
SPIN 1 3 3 15 0.404 2.954 -5.110
SPIN 4 3 3 0 -0.285 -5.891 0.465
SPIN 4 3 3 1 5.424 -0.069 -2.361
SPIN 4 3 3 2 -3.215 4.929 -0.603
SPIN 4 3 3 3 4.787 -0.561 -3.431
SPIN 4 3 3 4 -4.031 2.838 3.271
SPIN 4 3 3 5 2.509 3.519 -4.039
SPIN 4 3 3 6 -2.727 4.531 -2.652
SPIN 4 3 3 7 0.181 -5.858 -0.810
SPIN 4 3 3 8 -3.351 3.037 3.814
SPIN 4 3 3 9 -0.058 -5.915 -0.096
SPIN 4 3 3 10 4.297 -3.181 2.533
SPIN 4 3 3 11 -2.774 -2.598 4.534
SPIN 4 3 3 12 -3.260 4.913 -0.484
SPIN 4 3 3 13 -4.043 -3.974 1.692
SPIN 4 3 3 14 -0.394 -0.495 5.882
SPIN 4 3 3 15 -1.849 5.091 -2.380
SPIN 1 3 4 0 1.362 -5.044 -2.775
SPIN 1 3 4 1 3.011 1.981 4.692
SPIN 1 3 4 2 5.156 -2.390 1.646
SPIN 1 3 4 3 5.528 -1.799 -1.100
SPIN 1 3 4 4 -4.452 1.489 3.600
SPIN 1 3 4 5 -2.187 -5.207 -1.760
SPIN 1 3 4 6 0.610 2.172 5.469
SPIN 1 3 4 7 -1.672 -1.699 -5.414
SPIN 1 3 4 8 5.203 2.178 -1.784
SPIN 1 3 4 9 -4.012 -0.009 -4.347
SPIN 1 3 4 10 0.974 5.471 -2.030
SPIN 1 3 4 11 4.367 1.229 3.797
SPIN 1 3 4 12 -3.344 0.637 -4.839
SPIN 1 3 4 13 5.705 -1.110 -1.106
SPIN 1 3 4 14 2.636 -5.215 -0.924
SPIN 1 3 4 15 -4.187 4.164 -0.360
SPIN 4 3 4 0 -2.804 -5.002 -1.457
SPIN 4 3 4 1 -5.019 -1.854 2.525
SPIN 4 3 4 2 3.534 -4.692 -0.705
SPIN 4 3 4 3 -0.228 5.104 2.983
SPIN 4 3 4 4 -2.161 1.486 -5.303
SPIN 4 3 4 5 0.521 5.672 -1.600
SPIN 4 3 4 6 -0.225 -4.722 3.557
SPIN 4 3 4 7 5.005 -3.124 -0.439
SPIN 4 3 4 8 -5.320 -2.587 -0.082
SPIN 4 3 4 9 -2.184 5.431 -0.855
SPIN 4 3 4 10 0.327 4.915 -3.276
SPIN 4 3 4 11 4.434 2.240 3.212
SPIN 4 3 4 12 -3.504 -4.088 2.452
SPIN 4 3 4 13 4.569 -1.272 -3.537
SPIN 4 3 4 14 -0.049 4.931 3.269
SPIN 4 3 4 15 -0.793 -0.147 -5.861
SPIN 1 3 5 0 5.149 -2.715 -1.057
SPIN 1 3 5 1 -5.757 -0.799 1.105
SPIN 1 3 5 2 0.760 0.602 -5.836
SPIN 1 3 5 3 4.920 -0.664 -3.218
SPIN 1 3 5 4 5.836 0.650 0.721
SPIN 1 3 5 5 -5.593 1.024 1.632
SPIN 1 3 5 6 2.528 -4.895 2.156
SPIN 1 3 5 7 -5.828 0.879 0.510
SPIN 1 3 5 8 -2.565 5.204 -1.156
SPIN 1 3 5 9 -1.733 -2.308 5.164
SPIN 1 3 5 10 4.646 -2.608 2.571
SPIN 1 3 5 11 -5.390 -2.159 -1.136
SPIN 1 3 5 12 -4.998 -0.646 3.098
SPIN 1 3 5 13 4.391 3.872 0.855
SPIN 1 3 5 14 -3.513 1.992 4.323
SPIN 1 3 5 15 -0.783 -5.356 -2.387
SPIN 4 3 5 0 2.522 -1.564 -5.118
SPIN 4 3 5 1 2.078 -4.985 -2.414
SPIN 4 3 5 2 -1.408 5.668 -0.941
SPIN 4 3 5 3 -4.274 -2.690 -3.081
SPIN 4 3 5 4 1.486 -4.811 3.106
SPIN 4 3 5 5 1.902 -4.674 -3.089
SPIN 4 3 5 6 1.137 4.235 -3.972
SPIN 4 3 5 7 2.795 -2.576 4.534
SPIN 4 3 5 8 4.955 2.479 2.074
SPIN 4 3 5 9 -3.888 -4.367 -0.901
SPIN 4 3 5 10 2.918 -0.720 -5.096
SPIN 4 3 5 11 4.024 3.001 -3.132
SPIN 4 3 5 12 -4.587 -3.470 -1.383
SPIN 4 3 5 13 -2.120 -5.522 0.121
SPIN 4 3 5 14 5.082 -2.955 0.663
SPIN 4 3 5 15 4.576 -1.853 -3.259
SPIN 1 3 6 0 -4.507 -3.810 0.422
SPIN 1 3 6 1 -5.583 -0.658 1.843
SPIN 1 3 6 2 3.165 -4.711 1.668
SPIN 1 3 6 3 -5.118 -2.702 -1.225
SPIN 1 3 6 4 2.203 -3.195 4.465
SPIN 1 3 6 5 5.805 -0.666 0.925
SPIN 1 3 6 6 2.308 -1.507 5.235
SPIN 1 3 6 7 -4.073 -1.169 4.128
SPIN 1 3 6 8 -1.589 -3.883 -4.171
SPIN 1 3 6 9 -2.173 5.424 -0.926
SPIN 1 3 6 10 1.512 -5.100 2.589
SPIN 1 3 6 11 2.234 -5.170 1.811
SPIN 1 3 6 12 -5.808 -0.998 0.517
SPIN 1 3 6 13 2.353 5.418 -0.331
SPIN 1 3 6 14 3.432 -1.898 -4.429
SPIN 1 3 6 15 5.863 0.633 0.469
SPIN 4 3 6 0 -2.444 1.787 -5.083
SPIN 4 3 6 1 4.413 3.904 0.537
SPIN 4 3 6 2 -3.885 -4.361 0.944
SPIN 4 3 6 3 1.190 5.504 -1.812
SPIN 4 3 6 4 4.460 0.837 -3.795
SPIN 4 3 6 5 -2.082 -5.349 -1.430
SPIN 4 3 6 6 2.258 -5.436 0.597
SPIN 4 3 6 7 -0.543 2.814 -5.175
SPIN 4 3 6 8 -4.567 -3.723 0.532
SPIN 4 3 6 9 -3.272 2.372 -4.320
SPIN 4 3 6 10 -2.875 2.506 -4.522
SPIN 4 3 6 11 -5.516 -0.886 1.945
SPIN 4 3 6 12 5.465 -1.313 1.847
SPIN 4 3 6 13 -5.543 -0.361 2.037
SPIN 4 3 6 14 -5.306 1.919 -1.779
SPIN 4 3 6 15 3.413 0.569 4.799
SPIN 1 3 7 0 3.269 2.959 -3.944
SPIN 1 3 7 1 -4.693 -2.781 2.289
SPIN 1 3 7 2 -3.205 3.187 -3.817
SPIN 1 3 7 3 2.014 -3.706 -4.149
SPIN 1 3 7 4 -1.799 -1.946 -5.289
SPIN 1 3 7 5 4.837 -3.139 -1.324
SPIN 1 3 7 6 -2.529 5.150 -1.443
SPIN 1 3 7 7 2.142 -4.476 3.221
SPIN 1 3 7 8 -1.226 5.090 2.754
SPIN 1 3 7 9 0.845 -5.855 0.005
SPIN 1 3 7 10 -0.129 2.324 -5.439
SPIN 1 3 7 11 -1.816 -0.973 -5.546
SPIN 1 3 7 12 -1.764 3.483 4.445
SPIN 1 3 7 13 -1.111 0.653 -5.774
SPIN 1 3 7 14 -1.343 4.854 -3.103
SPIN 1 3 7 15 0.869 -1.998 5.500
SPIN 4 3 7 0 1.041 -2.809 5.102
SPIN 4 3 7 1 2.687 -3.740 3.714
SPIN 4 3 7 2 0.785 4.154 4.139
SPIN 4 3 7 3 0.044 1.921 5.595
SPIN 4 3 7 4 2.336 2.132 5.000
SPIN 4 3 7 5 3.163 -1.356 -4.812
SPIN 4 3 7 6 -0.140 3.480 4.782
SPIN 4 3 7 7 -4.569 -2.377 2.910
SPIN 4 3 7 8 4.383 3.806 -1.143
SPIN 4 3 7 9 -4.977 0.860 3.081
SPIN 4 3 7 10 4.710 -3.384 1.169
SPIN 4 3 7 11 1.483 4.660 -3.330
SPIN 4 3 7 12 -3.673 4.461 1.268
SPIN 4 3 7 13 -4.197 0.143 -4.167
SPIN 4 3 7 14 -0.625 -4.641 3.615
SPIN 4 3 7 15 2.215 -3.320 -4.367
SPIN 1 3 8 0 5.624 -1.146 -1.434
SPIN 1 3 8 1 2.650 4.060 3.389
SPIN 1 3 8 2 4.051 -0.753 -4.245
SPIN 1 3 8 3 0.090 -2.052 -5.548
SPIN 1 3 8 4 4.219 -0.120 4.146
SPIN 1 3 8 5 -1.643 -4.460 3.522
SPIN 1 3 8 6 0.912 -2.270 5.387
SPIN 1 3 8 7 -1.349 -4.229 -3.910
SPIN 1 3 8 8 -1.822 5.301 -1.891
SPIN 1 3 8 9 0.977 5.074 -2.882
SPIN 1 3 8 10 3.799 4.403 1.087
SPIN 1 3 8 11 -1.776 -1.769 5.359
SPIN 1 3 8 12 1.819 -3.120 -4.686
SPIN 1 3 8 13 4.655 -2.919 2.194
SPIN 1 3 8 14 5.840 -0.728 0.603
SPIN 1 3 8 15 4.868 3.156 -1.160
SPIN 4 3 8 0 -2.163 -1.048 5.406
SPIN 4 3 8 1 -5.541 -1.193 1.694
SPIN 4 3 8 2 4.784 -0.996 -3.334
SPIN 4 3 8 3 -0.466 5.880 -0.460
SPIN 4 3 8 4 4.689 -1.731 -3.165
SPIN 4 3 8 5 2.325 2.218 -4.967
SPIN 4 3 8 6 -4.605 -2.989 -2.204
SPIN 4 3 8 7 -0.244 -5.566 1.991
SPIN 4 3 8 8 3.016 1.426 4.886
SPIN 4 3 8 9 -1.148 -4.050 -4.157
SPIN 4 3 8 10 -2.173 -0.384 -5.489
SPIN 4 3 8 11 4.673 -3.585 -0.555
SPIN 4 3 8 12 -5.324 2.580 0.055
SPIN 4 3 8 13 -0.906 1.991 5.497
SPIN 4 3 8 14 -4.605 -0.221 3.707
SPIN 4 3 8 15 -2.852 -2.500 -4.541
SPIN 1 3 9 0 3.900 -1.806 4.066
SPIN 1 3 9 1 -4.340 -4.002 -0.380
SPIN 1 3 9 2 2.061 -5.212 1.893
SPIN 1 3 9 3 1.646 1.634 -5.442
SPIN 1 3 9 4 5.341 1.566 -2.005
SPIN 1 3 9 5 3.631 -4.428 1.486
SPIN 1 3 9 6 -3.386 2.767 -3.985
SPIN 1 3 9 7 0.759 -0.947 5.790
SPIN 1 3 9 8 -2.427 -1.480 5.188
SPIN 1 3 9 9 4.049 0.147 -4.311
SPIN 1 3 9 10 -4.036 -2.197 3.726
SPIN 1 3 9 11 -3.727 3.340 -3.155
SPIN 1 3 9 12 -5.342 -1.010 -2.332
SPIN 1 3 9 13 -0.569 -5.788 1.082
SPIN 1 3 9 14 -5.540 -2.006 0.536
SPIN 1 3 9 15 1.514 5.605 1.135
SPIN 4 3 9 0 5.152 -1.439 -2.528
SPIN 4 3 9 1 0.803 5.141 -2.815
SPIN 4 3 9 2 -1.769 5.543 1.072
SPIN 4 3 9 3 -0.064 -5.729 -1.476
SPIN 4 3 9 4 3.440 -2.913 3.832
SPIN 4 3 9 5 -3.342 -1.834 -4.524
SPIN 4 3 9 6 -1.749 3.178 4.673
SPIN 4 3 9 7 -4.848 3.085 -1.406
SPIN 4 3 9 8 4.710 -1.535 3.235
SPIN 4 3 9 9 5.023 1.112 -2.921
SPIN 4 3 9 10 -2.971 -0.169 5.113
SPIN 4 3 9 11 3.467 4.114 -2.462
SPIN 4 3 9 12 -4.767 3.495 -0.243
SPIN 4 3 9 13 -1.794 -2.919 -4.823
SPIN 4 3 9 14 4.293 3.666 1.768
SPIN 4 3 9 15 5.151 -1.052 -2.712
SPIN 1 3 10 0 -4.285 3.706 1.704
SPIN 1 3 10 1 2.913 -4.870 1.671
SPIN 1 3 10 2 2.151 -0.650 5.473
SPIN 1 3 10 3 -0.327 1.569 -5.695
SPIN 1 3 10 4 -3.608 -0.097 4.688
SPIN 1 3 10 5 -1.210 5.693 -1.060
SPIN 1 3 10 6 -1.617 0.201 5.687
SPIN 1 3 10 7 1.217 -5.756 0.620
SPIN 1 3 10 8 3.755 4.472 0.953
SPIN 1 3 10 9 -3.080 -1.808 4.717
SPIN 1 3 10 10 -2.049 2.688 -4.856
SPIN 1 3 10 11 -5.854 0.340 -0.785
SPIN 1 3 10 12 1.247 -1.385 -5.615
SPIN 1 3 10 13 5.095 2.999 0.210
SPIN 1 3 10 14 2.055 2.427 4.989
SPIN 1 3 10 15 -2.558 -2.315 4.806
SPIN 4 3 10 0 4.941 -2.756 -1.730
SPIN 4 3 10 1 -5.502 1.960 0.943
SPIN 4 3 10 2 2.299 -5.379 -0.883
SPIN 4 3 10 3 2.877 0.981 5.076
SPIN 4 3 10 4 2.946 -0.779 -5.071
SPIN 4 3 10 5 -2.359 -2.114 4.997
SPIN 4 3 10 6 0.336 5.449 -2.279
SPIN 4 3 10 7 -4.264 -0.412 4.080
SPIN 4 3 10 8 -4.126 -4.035 -1.302
SPIN 4 3 10 9 2.678 0.288 5.268
SPIN 4 3 10 10 4.912 -2.732 1.847
SPIN 4 3 10 11 -0.680 -3.000 5.054
SPIN 4 3 10 12 1.763 -4.025 -3.961
SPIN 4 3 10 13 5.754 0.476 1.289
SPIN 4 3 10 14 -0.838 -4.004 -4.274
SPIN 4 3 10 15 -3.086 -2.074 -4.602
SPIN 1 3 11 0 -1.464 -5.217 2.374
SPIN 1 3 11 1 3.734 3.005 3.469
SPIN 1 3 11 2 4.456 -2.540 -2.948
SPIN 1 3 11 3 0.409 -1.008 -5.815
SPIN 1 3 11 4 0.160 4.282 4.079
SPIN 1 3 11 5 1.074 -5.817 0.052
SPIN 1 3 11 6 4.281 -2.832 2.942
SPIN 1 3 11 7 -0.791 4.528 -3.724
SPIN 1 3 11 8 -0.694 -5.055 2.995
SPIN 1 3 11 9 -1.206 -4.164 -4.026
SPIN 1 3 11 10 2.315 0.195 -5.441
SPIN 1 3 11 11 4.357 0.703 3.940
SPIN 1 3 11 12 4.440 -3.307 2.086
SPIN 1 3 11 13 -4.530 1.384 3.545
SPIN 1 3 11 14 0.589 -2.287 -5.424
SPIN 1 3 11 15 -1.549 4.952 -2.842
SPIN 4 3 11 0 -5.451 -1.659 -1.593
SPIN 4 3 11 1 -2.515 5.164 -1.417
SPIN 4 3 11 2 1.073 2.965 5.006
SPIN 4 3 11 3 -2.734 1.388 -5.059
SPIN 4 3 11 4 -0.082 2.009 5.564
SPIN 4 3 11 5 1.523 2.028 -5.345
SPIN 4 3 11 6 -3.041 0.143 5.073
SPIN 4 3 11 7 -3.609 2.141 -4.170
SPIN 4 3 11 8 1.560 3.431 -4.560
SPIN 4 3 11 9 -5.475 -0.264 2.225
SPIN 4 3 11 10 -3.674 -2.786 -3.707
SPIN 4 3 11 11 -4.801 -2.886 1.903
SPIN 4 3 11 12 -0.758 4.253 -4.042
SPIN 4 3 11 13 -5.516 1.191 -1.776
SPIN 4 3 11 14 -3.590 4.149 2.213
SPIN 4 3 11 15 5.674 1.129 1.237
SPIN 1 3 12 0 -1.859 5.571 0.713
SPIN 1 3 12 1 -1.517 -2.649 -5.068
SPIN 1 3 12 2 -2.017 -3.610 4.231
SPIN 1 3 12 3 0.612 -5.211 2.734
SPIN 1 3 12 4 0.447 -5.788 -1.139
SPIN 1 3 12 5 5.013 0.995 2.979
SPIN 1 3 12 6 -2.711 4.700 -2.359
SPIN 1 3 12 7 -4.528 -3.781 -0.442
SPIN 1 3 12 8 2.864 -4.534 -2.498
SPIN 1 3 12 9 -5.242 0.064 2.742
SPIN 1 3 12 10 0.103 -5.849 -0.880
SPIN 1 3 12 11 3.844 -2.001 -4.027
SPIN 1 3 12 12 4.771 3.199 -1.415
SPIN 1 3 12 13 0.918 -5.285 -2.495
SPIN 1 3 12 14 3.517 -4.690 -0.795
SPIN 1 3 12 15 -3.170 -4.254 2.618
SPIN 4 3 12 0 -1.811 5.615 0.444
SPIN 4 3 12 1 4.769 2.867 2.008
SPIN 4 3 12 2 -5.679 -1.060 -1.274
SPIN 4 3 12 3 5.399 2.087 1.221
SPIN 4 3 12 4 -4.745 -3.282 1.309
SPIN 4 3 12 5 5.386 1.142 -2.164
SPIN 4 3 12 6 -4.211 2.345 -3.430
SPIN 4 3 12 7 2.075 -3.778 -4.053
SPIN 4 3 12 8 -3.520 2.972 3.712
SPIN 4 3 12 9 -3.466 4.741 0.712
SPIN 4 3 12 10 -3.450 -4.678 -1.102
SPIN 4 3 12 11 -1.508 5.709 0.359
SPIN 4 3 12 12 -2.364 -4.498 -3.030
SPIN 4 3 12 13 3.428 3.549 -3.263
SPIN 4 3 12 14 -3.582 4.676 0.548
SPIN 4 3 12 15 -1.210 -2.961 -4.977
SPIN 1 3 13 0 -2.615 -4.660 -2.539
SPIN 1 3 13 1 -3.530 0.593 4.710
SPIN 1 3 13 2 3.269 0.599 4.894
SPIN 1 3 13 3 -3.313 -4.900 -0.106
SPIN 1 3 13 4 1.604 -4.328 3.700
SPIN 1 3 13 5 3.789 0.822 -4.469
SPIN 1 3 13 6 2.213 5.482 -0.224
SPIN 1 3 13 7 -0.595 -1.658 5.648
SPIN 1 3 13 8 -3.883 3.713 2.477
SPIN 1 3 13 9 4.653 -1.363 -3.390
SPIN 1 3 13 10 4.201 2.400 -3.405
SPIN 1 3 13 11 -1.900 4.878 2.755
SPIN 1 3 13 12 0.471 -4.206 -4.134
SPIN 1 3 13 13 -3.483 1.620 4.499
SPIN 1 3 13 14 3.561 4.556 1.250
SPIN 1 3 13 15 5.689 -0.755 -1.438
SPIN 4 3 13 0 -1.202 -5.581 1.552
SPIN 4 3 13 1 -3.533 -3.737 -2.924
SPIN 4 3 13 2 -0.891 3.243 4.867
SPIN 4 3 13 3 3.438 0.189 4.811
SPIN 4 3 13 4 -2.057 3.190 -4.538
SPIN 4 3 13 5 -1.195 -5.668 1.200
SPIN 4 3 13 6 -0.672 5.797 -0.973
SPIN 4 3 13 7 -5.806 -0.067 -1.135
SPIN 4 3 13 8 0.284 -3.568 -4.710
SPIN 4 3 13 9 -4.367 2.708 2.931
SPIN 4 3 13 10 5.332 -2.449 0.754
SPIN 4 3 13 11 4.899 -3.249 -0.665
SPIN 4 3 13 12 2.742 4.508 2.676
SPIN 4 3 13 13 -2.188 -5.437 0.806
SPIN 4 3 13 14 3.937 2.898 -3.332
SPIN 4 3 13 15 -0.218 2.872 5.167
SPIN 1 3 14 0 -1.588 -3.001 -4.845
SPIN 1 3 14 1 5.550 -1.540 1.350
SPIN 1 3 14 2 0.082 4.488 -3.854
SPIN 1 3 14 3 -4.154 0.018 4.212
SPIN 1 3 14 4 0.293 -5.819 -1.026
SPIN 1 3 14 5 -5.682 -0.824 -1.428
SPIN 1 3 14 6 4.761 -1.837 -2.993
SPIN 1 3 14 7 1.407 -5.603 1.277
SPIN 1 3 14 8 -1.296 -4.153 4.009
SPIN 1 3 14 9 3.226 4.892 0.815
SPIN 1 3 14 10 -3.009 -5.022 0.851
SPIN 1 3 14 11 -3.293 3.437 -3.514
SPIN 1 3 14 12 1.554 -4.672 3.280
SPIN 1 3 14 13 2.168 -0.058 -5.504
SPIN 1 3 14 14 -5.616 1.812 -0.418
SPIN 1 3 14 15 -5.636 0.256 -1.780
SPIN 4 3 14 0 -3.547 -1.475 -4.499
SPIN 4 3 14 1 2.549 -5.074 1.662
SPIN 4 3 14 2 1.760 5.359 -1.785
SPIN 4 3 14 3 -4.795 -3.419 -0.565
SPIN 4 3 14 4 4.198 -4.122 -0.621
SPIN 4 3 14 5 5.841 -0.669 0.663
SPIN 4 3 14 6 -3.628 3.603 -2.976
SPIN 4 3 14 7 -4.078 0.707 -4.227
SPIN 4 3 14 8 -0.454 -4.350 3.984
SPIN 4 3 14 9 1.930 4.742 -2.965
SPIN 4 3 14 10 4.284 3.081 2.675
SPIN 4 3 14 11 -1.442 -0.102 -5.737
SPIN 4 3 14 12 4.140 -4.125 -0.920
SPIN 4 3 14 13 -3.020 3.634 -3.560
SPIN 4 3 14 14 4.760 2.486 -2.483
SPIN 4 3 14 15 2.966 -4.005 3.187
SPIN 1 3 15 0 1.470 3.332 -4.663
SPIN 1 3 15 1 -2.079 1.871 -5.213
SPIN 1 3 15 2 4.964 -1.770 2.687
SPIN 1 3 15 3 3.402 -4.527 -1.715
SPIN 1 3 15 4 -3.144 2.649 4.254
SPIN 1 3 15 5 4.443 3.364 -1.986
SPIN 1 3 15 6 -3.954 2.709 -3.468
SPIN 1 3 15 7 1.826 -2.598 4.992
SPIN 1 3 15 8 -3.624 -3.185 -3.424
SPIN 1 3 15 9 5.029 0.221 -3.107
SPIN 1 3 15 10 -4.123 3.117 -2.878
SPIN 1 3 15 11 0.289 -5.714 -1.507
SPIN 1 3 15 12 1.696 2.437 -5.117
SPIN 1 3 15 13 -1.618 2.133 5.276
SPIN 1 3 15 14 3.954 0.740 4.338
SPIN 1 3 15 15 -3.845 3.813 -2.383
SPIN 4 3 15 0 -1.956 -5.566 0.445
SPIN 4 3 15 1 1.413 5.137 -2.572
SPIN 4 3 15 2 2.885 -4.841 1.799
SPIN 4 3 15 3 -1.133 -3.817 -4.376
SPIN 4 3 15 4 0.336 4.867 -3.346
SPIN 4 3 15 5 -2.058 4.766 -2.837
SPIN 4 3 15 6 -1.453 5.505 1.609
SPIN 4 3 15 7 -2.296 0.879 5.381
SPIN 4 3 15 8 -4.773 3.181 -1.449
SPIN 4 3 15 9 2.876 -5.142 -0.530
SPIN 4 3 15 10 -1.999 3.716 -4.147
SPIN 4 3 15 11 2.630 4.359 3.014
SPIN 4 3 15 12 -4.269 -1.175 3.924
SPIN 4 3 15 13 -0.468 4.773 -3.464
SPIN 4 3 15 14 -1.254 3.796 4.361
SPIN 4 3 15 15 -1.550 4.898 -2.934
SPIN 3 3 0 0 4.970 2.453 -2.069
SPIN 3 3 0 1 1.201 -3.693 4.463
SPIN 3 3 0 2 -2.589 -5.310 0.326
SPIN 3 3 0 3 4.923 -3.179 0.811
SPIN 3 3 0 4 -0.153 0.535 5.890
SPIN 3 3 0 5 -1.580 5.035 2.675
SPIN 3 3 0 6 4.192 3.613 -2.092
SPIN 3 3 0 7 5.359 -1.907 1.626
SPIN 3 3 0 8 -3.365 -4.007 2.760
SPIN 3 3 0 9 4.272 -1.749 3.701
SPIN 3 3 0 10 5.599 -0.018 -1.910
SPIN 3 3 0 11 1.719 5.249 2.119
SPIN 3 3 0 12 -1.474 1.771 5.449
SPIN 3 3 0 13 -2.382 -2.047 -5.013
SPIN 3 3 0 14 4.634 1.412 3.396
SPIN 3 3 0 15 -1.373 3.674 -4.429
SPIN 2 3 0 0 -4.321 3.531 -1.965
SPIN 2 3 0 1 -4.937 -3.260 -0.051
SPIN 2 3 0 2 -2.476 -4.215 -3.332
SPIN 2 3 0 3 3.472 4.623 -1.253
SPIN 2 3 0 4 -5.504 -1.100 1.870
SPIN 2 3 0 5 2.518 -3.099 4.365
SPIN 2 3 0 6 -0.740 2.565 5.280
SPIN 2 3 0 7 3.486 -2.898 -3.801
SPIN 2 3 0 8 -2.251 1.038 -5.372
SPIN 2 3 0 9 -0.495 -0.583 5.866
SPIN 2 3 0 10 1.961 -3.147 -4.610
SPIN 2 3 0 11 -2.403 -2.687 -4.691
SPIN 2 3 0 12 5.761 0.415 -1.278
SPIN 2 3 0 13 -2.758 -5.166 -0.842
SPIN 2 3 0 14 4.848 3.322 -0.682
SPIN 2 3 0 15 -4.214 0.652 4.101
SPIN 3 3 1 0 -4.541 -0.181 3.788
SPIN 3 3 1 1 2.345 -2.990 -4.535
SPIN 3 3 1 2 3.254 0.139 -4.939
SPIN 3 3 1 3 -4.583 -2.116 3.085
SPIN 3 3 1 4 0.434 -5.116 -2.939
SPIN 3 3 1 5 -1.705 -2.817 4.915
SPIN 3 3 1 6 3.804 2.740 3.609
SPIN 3 3 1 7 2.432 1.479 5.186
SPIN 3 3 1 8 -3.386 -1.004 -4.747
SPIN 3 3 1 9 -5.073 -2.854 -1.057
SPIN 3 3 1 10 -5.573 1.966 0.272
SPIN 3 3 1 11 3.222 1.620 4.690
SPIN 3 3 1 12 -4.414 -0.813 3.854
SPIN 3 3 1 13 -5.336 1.235 -2.237
SPIN 3 3 1 14 5.845 -0.672 -0.616
SPIN 3 3 1 15 -2.656 2.396 4.712
SPIN 2 3 1 0 -4.050 1.385 4.084
SPIN 2 3 1 1 3.144 0.086 5.011
SPIN 2 3 1 2 2.325 1.725 5.159
SPIN 2 3 1 3 -0.653 -5.193 2.758
SPIN 2 3 1 4 -0.135 -2.849 5.183
SPIN 2 3 1 5 -1.539 0.285 -5.705
SPIN 2 3 1 6 -0.718 -5.411 2.281
SPIN 2 3 1 7 -1.970 5.568 -0.344
SPIN 2 3 1 8 -3.100 -4.957 0.904
SPIN 2 3 1 9 -0.341 5.798 -1.124
SPIN 2 3 1 10 -1.493 -0.532 -5.700
SPIN 2 3 1 11 3.669 -4.513 -1.083
SPIN 2 3 1 12 0.072 -1.930 -5.592
SPIN 2 3 1 13 -3.250 4.196 2.614
SPIN 2 3 1 14 -1.947 5.552 0.618
SPIN 2 3 1 15 -2.790 -4.125 -3.194
SPIN 3 3 2 0 -3.148 4.913 -0.979
SPIN 3 3 2 1 -2.882 -0.153 -5.164
SPIN 3 3 2 2 -1.459 -1.485 5.538
SPIN 3 3 2 3 4.872 -2.682 -2.018
SPIN 3 3 2 4 -0.447 3.353 -4.854
SPIN 3 3 2 5 -3.047 2.753 4.259
SPIN 3 3 2 6 -2.314 0.148 -5.443
SPIN 3 3 2 7 5.062 -1.315 -2.766
SPIN 3 3 2 8 -3.520 -4.200 2.230
SPIN 3 3 2 9 -5.762 1.177 -0.648
SPIN 3 3 2 10 -4.192 3.340 -2.504
SPIN 3 3 2 11 -3.032 4.200 2.857
SPIN 3 3 2 12 2.695 3.462 -3.969
SPIN 3 3 2 13 5.609 -1.254 1.404
SPIN 3 3 2 14 2.503 2.634 4.669
SPIN 3 3 2 15 3.015 -1.085 4.973
SPIN 2 3 2 0 -4.344 3.534 1.908
SPIN 2 3 2 1 -0.389 -5.875 -0.577
SPIN 2 3 2 2 4.578 -0.157 -3.744
SPIN 2 3 2 3 -5.295 2.416 1.061
SPIN 2 3 2 4 4.773 3.481 0.326
SPIN 2 3 2 5 -3.851 3.473 2.847
SPIN 2 3 2 6 2.896 5.114 0.675
SPIN 2 3 2 7 -0.828 -5.858 0.058
SPIN 2 3 2 8 -3.291 4.451 -2.088
SPIN 2 3 2 9 4.535 -3.560 -1.325
SPIN 2 3 2 10 1.070 -0.207 5.815
SPIN 2 3 2 11 1.856 -3.554 -4.351
SPIN 2 3 2 12 5.659 1.661 0.465
SPIN 2 3 2 13 -2.574 4.650 2.598
SPIN 2 3 2 14 -2.019 0.870 5.492
SPIN 2 3 2 15 -2.533 -2.721 4.602
SPIN 3 3 3 0 1.536 -0.772 -5.661
SPIN 3 3 3 1 -5.850 -0.487 0.738
SPIN 3 3 3 2 5.122 2.381 1.760
SPIN 3 3 3 3 1.112 -5.276 2.434
SPIN 3 3 3 4 -4.906 -3.137 1.045
SPIN 3 3 3 5 -4.036 -1.324 4.118
SPIN 3 3 3 6 1.515 5.685 0.622
SPIN 3 3 3 7 -3.192 4.826 1.234
SPIN 3 3 3 8 1.972 -5.247 1.891
SPIN 3 3 3 9 -3.443 3.955 -2.739
SPIN 3 3 3 10 5.191 -2.523 1.299
SPIN 3 3 3 11 -1.595 4.432 -3.580
SPIN 3 3 3 12 -5.342 2.540 -0.101
SPIN 3 3 3 13 4.139 -4.131 0.895
SPIN 3 3 3 14 1.122 5.236 2.515
SPIN 3 3 3 15 4.670 -3.587 -0.571
SPIN 2 3 3 0 -3.180 4.829 -1.254
SPIN 2 3 3 1 0.138 -2.543 -5.340
SPIN 2 3 3 2 -5.312 -2.437 -0.918
SPIN 2 3 3 3 -2.349 4.357 3.241
SPIN 2 3 3 4 1.962 -3.327 -4.481
SPIN 2 3 3 5 -2.716 -2.046 -4.841
SPIN 2 3 3 6 3.956 -4.368 0.524
SPIN 2 3 3 7 -5.028 -3.036 -0.707
SPIN 2 3 3 8 3.614 -2.016 4.228
SPIN 2 3 3 9 3.379 -4.658 -1.373
SPIN 2 3 3 10 1.415 -5.700 -0.713
SPIN 2 3 3 11 5.071 0.306 -3.032
SPIN 2 3 3 12 3.751 -2.241 3.989
SPIN 2 3 3 13 -5.318 -0.778 2.472
SPIN 2 3 3 14 -3.516 -1.762 -4.419
SPIN 2 3 3 15 -5.897 -0.102 0.463
SPIN 3 3 4 0 4.507 2.480 2.921
SPIN 3 3 4 1 -1.008 4.333 3.899
SPIN 3 3 4 2 -2.227 -4.411 3.253
SPIN 3 3 4 3 -4.510 0.062 3.829
SPIN 3 3 4 4 4.916 0.276 -3.280
SPIN 3 3 4 5 5.529 0.381 2.069
SPIN 3 3 4 6 -0.745 5.484 2.090
SPIN 3 3 4 7 4.407 1.317 -3.721
SPIN 3 3 4 8 2.870 0.399 -5.158
SPIN 3 3 4 9 3.746 -4.496 0.870
SPIN 3 3 4 10 -5.736 1.267 0.704
SPIN 3 3 4 11 -0.322 -5.903 0.216
SPIN 3 3 4 12 4.997 2.518 -1.922
SPIN 3 3 4 13 0.129 5.450 2.298
SPIN 3 3 4 14 2.211 -4.091 3.657
SPIN 3 3 4 15 3.935 3.613 -2.543
SPIN 2 3 4 0 -2.668 -0.999 -5.185
SPIN 2 3 4 1 -2.989 4.702 1.989
SPIN 2 3 4 2 -0.781 3.955 -4.330
SPIN 2 3 4 3 -3.648 1.223 -4.494
SPIN 2 3 4 4 1.799 0.181 5.633
SPIN 2 3 4 5 -2.308 1.877 5.114
SPIN 2 3 4 6 -5.700 -0.394 1.534
SPIN 2 3 4 7 0.943 -1.777 -5.563
SPIN 2 3 4 8 -1.650 5.176 -2.342
SPIN 2 3 4 9 -5.878 -0.552 -0.380
SPIN 2 3 4 10 0.697 4.585 3.674
SPIN 2 3 4 11 4.071 -1.915 -3.842
SPIN 2 3 4 12 -0.747 2.160 5.457
SPIN 2 3 4 13 2.866 -5.009 1.303
SPIN 2 3 4 14 -3.599 4.142 -2.211
SPIN 2 3 4 15 4.845 -3.306 -0.774
SPIN 3 3 5 0 -0.401 0.934 -5.828
SPIN 3 3 5 1 0.540 5.342 -2.485
SPIN 3 3 5 2 -5.646 0.441 -1.713
SPIN 3 3 5 3 -0.380 3.686 -4.611
SPIN 3 3 5 4 -1.760 -5.290 1.979
SPIN 3 3 5 5 -1.162 5.361 2.215
SPIN 3 3 5 6 1.743 -3.113 -4.719
SPIN 3 3 5 7 -1.419 1.470 5.552
SPIN 3 3 5 8 -1.528 1.369 5.549
SPIN 3 3 5 9 -1.995 -1.615 -5.330
SPIN 3 3 5 10 -1.553 -5.612 1.046
SPIN 3 3 5 11 2.156 5.277 1.582
SPIN 3 3 5 12 4.752 -3.327 1.162
SPIN 3 3 5 13 3.477 -4.395 -1.895
SPIN 3 3 5 14 -2.200 5.185 -1.810
SPIN 3 3 5 15 -0.507 3.421 4.800
SPIN 2 3 5 0 -0.028 5.732 1.465
SPIN 2 3 5 1 0.154 5.342 2.538
SPIN 2 3 5 2 -1.522 -2.080 5.325
SPIN 2 3 5 3 3.254 -4.268 2.489
SPIN 2 3 5 4 -4.981 2.937 -1.248
SPIN 2 3 5 5 -1.419 2.779 -5.026
SPIN 2 3 5 6 0.687 -5.826 -0.765
SPIN 2 3 5 7 4.831 3.318 -0.809
SPIN 2 3 5 8 -0.772 1.767 -5.593
SPIN 2 3 5 9 1.458 -3.584 -4.475
SPIN 2 3 5 10 -2.175 2.954 -4.642
SPIN 2 3 5 11 -0.253 1.493 5.719
SPIN 2 3 5 12 -4.662 1.337 3.388
SPIN 2 3 5 13 4.623 0.989 -3.556
SPIN 2 3 5 14 -3.754 -3.972 2.265
SPIN 2 3 5 15 1.353 5.525 1.627
SPIN 3 3 6 0 -0.459 5.761 1.263
SPIN 3 3 6 1 -2.922 5.111 0.587
SPIN 3 3 6 2 2.616 5.302 -0.206
SPIN 3 3 6 3 4.058 -4.291 -0.345
SPIN 3 3 6 4 3.087 4.370 2.524
SPIN 3 3 6 5 -1.321 0.462 -5.748
SPIN 3 3 6 6 1.444 2.486 5.171
SPIN 3 3 6 7 1.341 -3.993 -4.155
SPIN 3 3 6 8 -1.654 5.648 0.600
SPIN 3 3 6 9 4.049 -4.117 -1.286
SPIN 3 3 6 10 5.326 2.569 0.191
SPIN 3 3 6 11 -1.927 -1.655 -5.343
SPIN 3 3 6 12 2.202 5.429 0.826
SPIN 3 3 6 13 4.930 2.626 1.949
SPIN 3 3 6 14 -4.417 -3.435 -1.922
SPIN 3 3 6 15 -4.474 -3.563 -1.512
SPIN 2 3 6 0 -4.055 -4.302 -0.231
SPIN 2 3 6 1 1.995 -4.474 -3.317
SPIN 2 3 6 2 2.272 0.630 5.426
SPIN 2 3 6 3 -0.179 -1.607 5.691
SPIN 2 3 6 4 1.487 5.491 1.624
SPIN 2 3 6 5 -4.588 1.916 3.206
SPIN 2 3 6 6 1.603 5.337 -1.986
SPIN 2 3 6 7 3.629 -4.468 -1.367
SPIN 2 3 6 8 -4.071 -3.900 1.794
SPIN 2 3 6 9 -5.761 -0.380 -1.292
SPIN 2 3 6 10 3.516 1.517 4.509
SPIN 2 3 6 11 -4.794 0.950 3.334
SPIN 2 3 6 12 -0.033 3.150 -5.007
SPIN 2 3 6 13 2.030 0.548 5.530
SPIN 2 3 6 14 4.515 -0.029 -3.822
SPIN 2 3 6 15 1.430 -5.666 0.922
SPIN 3 3 7 0 1.025 5.001 2.990
SPIN 3 3 7 1 2.088 -5.048 2.272
SPIN 3 3 7 2 2.753 -4.010 3.368
SPIN 3 3 7 3 0.875 4.592 -3.626
SPIN 3 3 7 4 -1.545 -0.707 5.667
SPIN 3 3 7 5 -1.879 -5.346 -1.701
SPIN 3 3 7 6 -3.800 -4.423 -0.996
SPIN 3 3 7 7 3.873 4.456 -0.384
SPIN 3 3 7 8 -0.222 -1.568 -5.700
SPIN 3 3 7 9 -5.256 2.701 -0.280
SPIN 3 3 7 10 -1.970 -4.600 3.157
SPIN 3 3 7 11 -0.898 -4.482 3.755
SPIN 3 3 7 12 3.237 -4.941 0.333
SPIN 3 3 7 13 -2.869 -3.154 -4.101
SPIN 3 3 7 14 -2.996 4.980 -1.107
SPIN 3 3 7 15 -1.590 3.467 -4.522
SPIN 2 3 7 0 -5.541 -0.988 -1.822
SPIN 2 3 7 1 -0.649 4.478 -3.812
SPIN 2 3 7 2 4.314 -3.962 0.832
SPIN 2 3 7 3 -2.511 5.308 -0.718
SPIN 2 3 7 4 3.757 -4.002 -2.207
SPIN 2 3 7 5 5.504 -2.005 -0.825
SPIN 2 3 7 6 0.761 0.298 5.859
SPIN 2 3 7 7 -5.376 -2.468 0.095
SPIN 2 3 7 8 2.502 -4.654 -2.661
SPIN 2 3 7 9 0.739 -1.861 5.567
SPIN 2 3 7 10 0.173 -5.884 0.591
SPIN 2 3 7 11 -1.197 4.022 -4.170
SPIN 2 3 7 12 -1.088 -2.661 5.171
SPIN 2 3 7 13 -1.912 2.880 -4.801
SPIN 2 3 7 14 -2.510 -2.256 4.859
SPIN 2 3 7 15 -1.000 0.259 -5.825
SPIN 3 3 8 0 -0.754 -5.136 -2.837
SPIN 3 3 8 1 -0.979 1.046 5.740
SPIN 3 3 8 2 -2.576 -3.726 3.806
SPIN 3 3 8 3 -3.813 2.150 3.980
SPIN 3 3 8 4 -0.115 3.677 -4.633
SPIN 3 3 8 5 -1.146 -5.795 -0.319
SPIN 3 3 8 6 2.676 3.592 3.865
SPIN 3 3 8 7 4.752 -2.165 2.781
SPIN 3 3 8 8 -4.017 3.614 -2.410
SPIN 3 3 8 9 5.001 -2.989 1.027
SPIN 3 3 8 10 -1.350 5.059 2.754
SPIN 3 3 8 11 3.216 -4.635 -1.781
SPIN 3 3 8 12 0.385 -2.358 5.412
SPIN 3 3 8 13 -1.644 3.108 4.758
SPIN 3 3 8 14 -5.120 -2.463 1.649
SPIN 3 3 8 15 0.327 3.264 4.923
SPIN 2 3 8 0 -1.260 -4.809 -3.206
SPIN 2 3 8 1 -5.230 -2.143 1.748
SPIN 2 3 8 2 1.242 4.022 -4.158
SPIN 2 3 8 3 -3.121 -2.885 4.115
SPIN 2 3 8 4 -3.384 0.049 4.853
SPIN 2 3 8 5 0.764 -3.766 4.499
SPIN 2 3 8 6 -4.833 -0.908 -3.288
SPIN 2 3 8 7 0.095 3.854 -4.488
SPIN 2 3 8 8 1.325 -5.523 -1.656
SPIN 2 3 8 9 -2.490 1.143 5.243
SPIN 2 3 8 10 0.462 3.894 4.430
SPIN 2 3 8 11 -2.920 1.736 -4.844
SPIN 2 3 8 12 5.536 0.889 -1.888
SPIN 2 3 8 13 -2.789 4.582 2.494
SPIN 2 3 8 14 3.158 2.492 -4.338
SPIN 2 3 8 15 3.383 -4.001 2.747
SPIN 3 3 9 0 3.464 -3.221 3.553
SPIN 3 3 9 1 -0.622 -2.173 -5.467
SPIN 3 3 9 2 -1.963 1.932 -5.236
SPIN 3 3 9 3 1.387 4.034 4.099
SPIN 3 3 9 4 2.272 5.456 0.273
SPIN 3 3 9 5 -1.500 5.691 0.599
SPIN 3 3 9 6 -1.433 -0.258 -5.734
SPIN 3 3 9 7 4.106 3.836 -1.851
SPIN 3 3 9 8 -2.442 -5.305 -0.946
SPIN 3 3 9 9 -4.184 3.906 -1.496
SPIN 3 3 9 10 3.716 -3.987 2.302
SPIN 3 3 9 11 -4.297 -3.706 1.675
SPIN 3 3 9 12 1.421 -4.912 -2.975
SPIN 3 3 9 13 -3.010 -4.999 -0.974
SPIN 3 3 9 14 4.611 -3.706 0.045
SPIN 3 3 9 15 -4.838 3.318 -0.762
SPIN 2 3 9 0 -5.210 2.794 -0.220
SPIN 2 3 9 1 -0.144 -5.894 -0.488
SPIN 2 3 9 2 -3.535 -1.678 -4.437
SPIN 2 3 9 3 -3.146 -0.487 4.986
SPIN 2 3 9 4 -3.086 -4.595 -2.089
SPIN 2 3 9 5 -3.186 1.807 4.646
SPIN 2 3 9 6 5.578 -1.971 0.022
SPIN 2 3 9 7 0.915 5.412 2.207
SPIN 2 3 9 8 2.643 -5.104 -1.401
SPIN 2 3 9 9 -4.470 3.472 1.721
SPIN 2 3 9 10 5.279 2.156 1.577
SPIN 2 3 9 11 -1.097 -5.633 1.439
SPIN 2 3 9 12 2.423 0.940 5.315
SPIN 2 3 9 13 4.527 3.770 -0.540
SPIN 2 3 9 14 -4.518 1.996 3.257
SPIN 2 3 9 15 2.112 5.494 0.599
SPIN 3 3 10 0 0.758 0.449 -5.850
SPIN 3 3 10 1 5.604 1.876 -0.281
SPIN 3 3 10 2 -5.356 -0.586 2.443
SPIN 3 3 10 3 4.677 2.792 -2.308
SPIN 3 3 10 4 -3.661 -4.514 -1.103
SPIN 3 3 10 5 3.299 -3.545 -3.398
SPIN 3 3 10 6 3.111 4.236 2.716
SPIN 3 3 10 7 3.590 0.994 4.596
SPIN 3 3 10 8 -3.669 3.611 -2.916
SPIN 3 3 10 9 -3.613 -3.954 -2.513
SPIN 3 3 10 10 -1.164 2.380 5.290
SPIN 3 3 10 11 1.459 5.638 -1.041
SPIN 3 3 10 12 5.383 1.848 -1.617
SPIN 3 3 10 13 -1.515 -2.065 -5.333
SPIN 3 3 10 14 1.166 3.758 -4.418
SPIN 3 3 10 15 4.255 -4.076 0.532
SPIN 2 3 10 0 2.449 -4.249 -3.309
SPIN 2 3 10 1 3.931 4.421 0.035
SPIN 2 3 10 2 2.403 -3.124 4.412
SPIN 2 3 10 3 0.234 3.834 -4.500
SPIN 2 3 10 4 -0.840 0.464 5.838
SPIN 2 3 10 5 -3.952 3.031 -3.193
SPIN 2 3 10 6 -1.632 -5.686 -0.033
SPIN 2 3 10 7 1.272 -4.426 3.714
SPIN 2 3 10 8 3.822 0.758 4.451
SPIN 2 3 10 9 4.506 -1.031 -3.692
SPIN 2 3 10 10 3.283 -4.489 2.018
SPIN 2 3 10 11 2.095 1.288 -5.381
SPIN 2 3 10 12 -5.364 -1.386 2.074
SPIN 2 3 10 13 -2.540 -3.900 3.652
SPIN 2 3 10 14 4.735 3.190 1.550
SPIN 2 3 10 15 1.936 -0.225 5.586
SPIN 3 3 11 0 -0.225 1.862 5.611
SPIN 3 3 11 1 2.177 -5.477 -0.507
SPIN 3 3 11 2 -0.489 2.814 -5.181
SPIN 3 3 11 3 3.969 -1.188 4.223
SPIN 3 3 11 4 4.509 3.793 0.536
SPIN 3 3 11 5 0.862 3.170 4.920
SPIN 3 3 11 6 -2.821 0.021 -5.200
SPIN 3 3 11 7 -4.584 -3.738 0.137
SPIN 3 3 11 8 2.763 4.709 2.278
SPIN 3 3 11 9 5.410 1.597 1.784
SPIN 3 3 11 10 0.490 -3.768 -4.535
SPIN 3 3 11 11 0.724 4.577 3.678
SPIN 3 3 11 12 -3.124 2.759 4.198
SPIN 3 3 11 13 4.745 2.032 2.891
SPIN 3 3 11 14 1.355 -4.358 3.764
SPIN 3 3 11 15 -5.806 0.834 -0.772
SPIN 2 3 11 0 3.236 1.317 4.774
SPIN 2 3 11 1 -3.334 -2.648 -4.107
SPIN 2 3 11 2 5.630 -1.623 0.820
SPIN 2 3 11 3 5.911 0.004 -0.236
SPIN 2 3 11 4 2.667 4.975 -1.771
SPIN 2 3 11 5 -4.049 -4.182 -1.057
SPIN 2 3 11 6 3.381 3.062 -3.768
SPIN 2 3 11 7 4.466 3.445 -1.785
SPIN 2 3 11 8 3.382 2.771 -3.985
SPIN 2 3 11 9 -1.705 4.154 3.851
SPIN 2 3 11 10 1.652 -4.480 3.493
SPIN 2 3 11 11 -1.709 4.978 2.701
SPIN 2 3 11 12 0.100 2.253 -5.469
SPIN 2 3 11 13 2.540 3.531 -4.010
SPIN 2 3 11 14 -3.804 -2.143 3.992
SPIN 2 3 11 15 4.100 3.145 -2.882
SPIN 3 3 12 0 -1.977 -2.578 -4.944
SPIN 3 3 12 1 -0.469 1.932 5.572
SPIN 3 3 12 2 -5.320 0.049 2.588
SPIN 3 3 12 3 1.970 5.130 -2.193
SPIN 3 3 12 4 -4.069 3.735 2.119
SPIN 3 3 12 5 -5.840 -0.931 0.170
SPIN 3 3 12 6 -5.649 -1.343 1.135
SPIN 3 3 12 7 2.522 3.660 3.905
SPIN 3 3 12 8 2.910 0.470 5.130
SPIN 3 3 12 9 3.087 -4.637 -1.992
SPIN 3 3 12 10 1.006 5.498 1.938
SPIN 3 3 12 11 3.888 -2.070 3.950
SPIN 3 3 12 12 0.021 -2.927 -5.141
SPIN 3 3 12 13 -1.671 -3.865 4.155
SPIN 3 3 12 14 0.153 1.863 -5.613
SPIN 3 3 12 15 3.842 -2.259 3.890
SPIN 2 3 12 0 -0.296 1.207 -5.784
SPIN 2 3 12 1 4.942 3.105 -0.968
SPIN 2 3 12 2 -5.694 -1.599 0.156
SPIN 2 3 12 3 -1.578 5.687 0.411
SPIN 2 3 12 4 -5.302 -2.363 -1.143
SPIN 2 3 12 5 -0.039 5.814 1.095
SPIN 2 3 12 6 4.862 -1.246 3.131
SPIN 2 3 12 7 -1.655 5.650 0.585
SPIN 2 3 12 8 1.604 3.345 4.608
SPIN 2 3 12 9 -3.700 -1.851 4.228
SPIN 2 3 12 10 5.380 -0.948 -2.272
SPIN 2 3 12 11 3.271 -2.417 -4.296
SPIN 2 3 12 12 1.600 3.089 4.785
SPIN 2 3 12 13 -4.110 0.846 4.170
SPIN 2 3 12 14 -3.467 4.762 -0.547
SPIN 2 3 12 15 -5.817 -0.344 1.023
SPIN 3 3 13 0 3.500 -0.003 4.770
SPIN 3 3 13 1 -4.265 -1.618 3.768
SPIN 3 3 13 2 -1.374 -4.758 -3.236
SPIN 3 3 13 3 -0.534 -4.133 4.199
SPIN 3 3 13 4 2.521 2.869 -4.518
SPIN 3 3 13 5 -4.889 2.951 -1.546
SPIN 3 3 13 6 -2.849 -4.060 -3.225
SPIN 3 3 13 7 4.313 1.466 3.775
SPIN 3 3 13 8 -4.286 -2.450 3.260
SPIN 3 3 13 9 -5.423 -0.994 2.145
SPIN 3 3 13 10 -4.161 -4.136 0.760
SPIN 3 3 13 11 -5.793 -0.222 1.179
SPIN 3 3 13 12 -2.708 5.244 0.411
SPIN 3 3 13 13 -0.422 2.840 -5.173
SPIN 3 3 13 14 -0.946 -3.768 4.461
SPIN 3 3 13 15 -1.403 3.303 -4.703
SPIN 2 3 13 0 0.446 -2.408 -5.385
SPIN 2 3 13 1 -0.117 -5.803 -1.144
SPIN 2 3 13 2 2.732 3.308 -4.073
SPIN 2 3 13 3 -5.869 -0.702 -0.239
SPIN 2 3 13 4 3.286 -4.510 -1.965
SPIN 2 3 13 5 0.749 -4.873 3.271
SPIN 2 3 13 6 4.354 2.180 3.361
SPIN 2 3 13 7 -3.170 -1.708 4.694
SPIN 2 3 13 8 3.311 -3.260 -3.661
SPIN 2 3 13 9 5.800 -0.587 1.008
SPIN 2 3 13 10 -1.023 -3.761 4.451
SPIN 2 3 13 11 0.956 -5.535 1.856
SPIN 2 3 13 12 0.475 1.621 -5.670
SPIN 2 3 13 13 5.738 -1.424 -0.206
SPIN 2 3 13 14 4.327 -3.991 0.585
SPIN 2 3 13 15 4.828 -1.072 3.247
SPIN 3 3 14 0 1.375 0.512 5.731
SPIN 3 3 14 1 -4.485 -1.078 -3.705
SPIN 3 3 14 2 5.175 2.753 -0.802
SPIN 3 3 14 3 0.974 5.830 0.241
SPIN 3 3 14 4 3.327 -2.570 4.163
SPIN 3 3 14 5 -3.049 5.070 -0.020
SPIN 3 3 14 6 -1.318 -1.079 5.666
SPIN 3 3 14 7 -4.428 -3.920 -0.166
SPIN 3 3 14 8 2.961 3.583 -3.660
SPIN 3 3 14 9 3.871 -2.173 -3.911
SPIN 3 3 14 10 2.108 4.847 -2.658
SPIN 3 3 14 11 -5.735 0.062 -1.451
SPIN 3 3 14 12 -2.143 3.403 4.339
SPIN 3 3 14 13 -3.648 -3.482 3.093
SPIN 3 3 14 14 4.917 1.869 -2.707
SPIN 3 3 14 15 -5.832 -0.750 0.655
SPIN 2 3 14 0 5.394 2.063 1.284
SPIN 2 3 14 1 -2.961 4.114 -3.050
SPIN 2 3 14 2 1.234 -4.578 3.538
SPIN 2 3 14 3 0.376 -3.058 -5.051
SPIN 2 3 14 4 -1.581 -4.935 -2.854
SPIN 2 3 14 5 3.098 5.036 0.206
SPIN 2 3 14 6 -0.425 -5.798 1.099
SPIN 2 3 14 7 2.906 4.223 -2.953
SPIN 2 3 14 8 -2.968 -0.778 5.058
SPIN 2 3 14 9 -4.671 3.552 0.753
SPIN 2 3 14 10 0.754 3.562 4.663
SPIN 2 3 14 11 0.704 -2.735 -5.199
SPIN 2 3 14 12 -5.044 -0.878 2.964
SPIN 2 3 14 13 0.858 5.582 -1.764
SPIN 2 3 14 14 -5.303 1.988 1.710
SPIN 2 3 14 15 -5.052 1.051 -2.894
SPIN 3 3 15 0 -3.388 -4.178 2.464
SPIN 3 3 15 1 3.547 4.410 -1.724
SPIN 3 3 15 2 -4.969 3.107 0.808
SPIN 3 3 15 3 4.165 -4.197 -0.202
SPIN 3 3 15 4 -2.917 5.134 -0.368
SPIN 3 3 15 5 4.150 3.831 1.760
SPIN 3 3 15 6 -5.739 0.813 1.187
SPIN 3 3 15 7 -0.324 4.850 -3.372
SPIN 3 3 15 8 -4.489 -3.618 -1.325
SPIN 3 3 15 9 2.483 -5.143 -1.543
SPIN 3 3 15 10 4.838 1.476 3.069
SPIN 3 3 15 11 2.111 0.506 -5.503
SPIN 3 3 15 12 3.873 -2.131 -3.932
SPIN 3 3 15 13 5.313 -1.114 -2.351
SPIN 3 3 15 14 -5.905 0.206 -0.305
SPIN 3 3 15 15 1.292 -5.666 1.109
SPIN 2 3 15 0 -0.260 -2.588 5.314
SPIN 2 3 15 1 2.138 0.651 -5.478
SPIN 2 3 15 2 3.770 2.006 4.094
SPIN 2 3 15 3 -3.180 -4.838 -1.217
SPIN 2 3 15 4 -4.666 3.524 0.901
SPIN 2 3 15 5 3.388 -3.918 2.859
SPIN 2 3 15 6 4.863 -3.010 -1.513
SPIN 2 3 15 7 -0.850 -3.835 4.424
SPIN 2 3 15 8 5.378 2.004 -1.438
SPIN 2 3 15 9 5.766 -1.289 0.310
SPIN 2 3 15 10 -5.793 0.439 1.120
SPIN 2 3 15 11 -4.030 3.226 2.890
SPIN 2 3 15 12 3.765 0.977 4.458
SPIN 2 3 15 13 -2.740 3.851 3.558
SPIN 2 3 15 14 0.826 -5.754 -1.100
SPIN 2 3 15 15 5.072 2.612 1.568
SPIN 1 4 0 0 -1.823 4.661 3.155
SPIN 1 4 0 1 -0.226 -3.532 4.741
SPIN 1 4 0 2 -5.568 1.954 -0.424
SPIN 1 4 0 3 -0.469 -3.928 -4.399
SPIN 1 4 0 4 0.494 5.887 0.315
SPIN 1 4 0 5 -2.253 -3.418 4.271
SPIN 1 4 0 6 0.822 5.575 -1.802
SPIN 1 4 0 7 -4.946 0.105 -3.244
SPIN 1 4 0 8 3.639 4.046 2.321
SPIN 1 4 0 9 -2.512 3.989 -3.574
SPIN 1 4 0 10 4.188 2.359 3.449
SPIN 1 4 0 11 -1.520 -1.915 -5.387
SPIN 1 4 0 12 -0.189 1.488 -5.723
SPIN 1 4 0 13 -5.115 2.775 1.067
SPIN 1 4 0 14 5.143 2.656 1.221
SPIN 1 4 0 15 -3.643 -3.941 -2.491
SPIN 4 4 0 0 -3.193 -0.195 -4.977
SPIN 4 4 0 1 2.248 0.595 5.440
SPIN 4 4 0 2 -1.341 1.543 5.551
SPIN 4 4 0 3 -3.153 -4.706 -1.708
SPIN 4 4 0 4 2.765 3.576 -3.817
SPIN 4 4 0 5 -4.811 1.615 3.041
SPIN 4 4 0 6 2.851 3.157 -4.112
SPIN 4 4 0 7 -5.382 -0.956 2.262
SPIN 4 4 0 8 0.023 -3.576 4.713
SPIN 4 4 0 9 -0.811 5.735 -1.206
SPIN 4 4 0 10 0.357 2.946 5.118
SPIN 4 4 0 11 -0.382 3.039 5.061
SPIN 4 4 0 12 -5.711 1.273 0.872
SPIN 4 4 0 13 -2.466 -5.102 1.699
SPIN 4 4 0 14 4.049 -1.524 -4.035
SPIN 4 4 0 15 3.328 -2.079 4.428
SPIN 1 4 1 0 2.337 -4.839 -2.475
SPIN 1 4 1 1 1.470 4.382 3.693
SPIN 1 4 1 2 1.406 1.279 -5.603
SPIN 1 4 1 3 -2.354 5.427 0.095
SPIN 1 4 1 4 5.246 -0.551 -2.678
SPIN 1 4 1 5 1.386 0.050 -5.751
SPIN 1 4 1 6 1.806 4.285 -3.658
SPIN 1 4 1 7 0.135 -5.389 2.437
SPIN 1 4 1 8 0.110 5.739 -1.432
SPIN 1 4 1 9 1.752 -4.347 3.611
SPIN 1 4 1 10 -1.589 -5.634 0.859
SPIN 1 4 1 11 -5.156 1.448 2.513
SPIN 1 4 1 12 5.331 -1.388 -2.158
SPIN 1 4 1 13 -1.060 -4.041 -4.189
SPIN 1 4 1 14 -5.341 2.540 0.135
SPIN 1 4 1 15 -1.486 2.299 5.244
SPIN 4 4 1 0 -4.939 -0.707 3.179
SPIN 4 4 1 1 -0.494 -0.392 5.882
SPIN 4 4 1 2 -0.493 -3.366 -4.840
SPIN 4 4 1 3 3.861 1.971 -4.026
SPIN 4 4 1 4 -0.181 5.904 -0.334
SPIN 4 4 1 5 1.945 -4.227 3.653
SPIN 4 4 1 6 0.203 5.025 -3.116
SPIN 4 4 1 7 4.394 2.369 3.175
SPIN 4 4 1 8 4.620 -1.402 3.420
SPIN 4 4 1 9 3.426 2.292 4.244
SPIN 4 4 1 10 -4.436 -0.690 -3.853
SPIN 4 4 1 11 2.820 0.746 -5.147
SPIN 4 4 1 12 -4.354 1.664 -3.643
SPIN 4 4 1 13 3.312 -1.270 4.735
SPIN 4 4 1 14 -3.723 -4.171 1.933
SPIN 4 4 1 15 5.255 -0.936 -2.551
SPIN 1 4 2 0 1.963 5.560 0.487
SPIN 1 4 2 1 1.958 -3.849 -4.044
SPIN 1 4 2 2 -0.401 4.939 3.231
SPIN 1 4 2 3 2.414 5.297 1.055
SPIN 1 4 2 4 -5.669 -1.533 0.720
SPIN 1 4 2 5 5.863 0.092 0.787
SPIN 1 4 2 6 1.690 5.525 -1.270
SPIN 1 4 2 7 -5.191 1.761 -2.225
SPIN 1 4 2 8 5.021 -1.998 -2.408
SPIN 1 4 2 9 -4.414 -1.347 3.702
SPIN 1 4 2 10 3.927 2.079 -3.906
SPIN 1 4 2 11 2.418 -3.408 4.188
SPIN 1 4 2 12 -2.672 4.535 2.700
SPIN 1 4 2 13 -2.119 3.004 -4.635
SPIN 1 4 2 14 3.371 -4.200 2.449
SPIN 1 4 2 15 0.604 -2.790 -5.182
SPIN 4 4 2 0 3.113 -2.514 4.358
SPIN 4 4 2 1 2.067 4.773 -2.819
SPIN 4 4 2 2 -2.739 5.116 -1.152
SPIN 4 4 2 3 5.629 0.757 1.655
SPIN 4 4 2 4 -4.954 -1.711 -2.744
SPIN 4 4 2 5 1.526 -1.845 -5.410
SPIN 4 4 2 6 1.927 0.582 5.563
SPIN 4 4 2 7 -0.918 -0.476 -5.825
SPIN 4 4 2 8 -1.774 5.168 2.269
SPIN 4 4 2 9 2.959 -1.629 4.857
SPIN 4 4 2 10 4.375 0.621 3.934
SPIN 4 4 2 11 0.043 -5.896 0.479
SPIN 4 4 2 12 2.460 -1.004 5.286
SPIN 4 4 2 13 -1.534 -5.038 2.696
SPIN 4 4 2 14 -1.547 4.352 -3.698
SPIN 4 4 2 15 -4.451 -3.750 1.064
SPIN 1 4 3 0 3.044 -4.402 -2.521
SPIN 1 4 3 1 5.736 1.340 0.555
SPIN 1 4 3 2 4.546 -3.677 0.899
SPIN 1 4 3 3 -3.263 -2.489 4.261
SPIN 1 4 3 4 -4.959 1.610 -2.796
SPIN 1 4 3 5 4.944 1.966 2.587
SPIN 1 4 3 6 -2.417 -5.393 -0.266
SPIN 1 4 3 7 -3.566 -3.398 -3.277
SPIN 1 4 3 8 -5.760 -0.345 1.304
SPIN 1 4 3 9 -4.591 -1.580 -3.381
SPIN 1 4 3 10 -5.495 1.824 1.213
SPIN 1 4 3 11 -3.371 -2.688 -4.051
SPIN 1 4 3 12 4.538 -0.251 -3.788
SPIN 1 4 3 13 0.774 4.869 3.270
SPIN 1 4 3 14 -1.987 3.073 -4.649
SPIN 1 4 3 15 -1.093 5.602 1.556
SPIN 4 4 3 0 -5.560 -0.467 1.968
SPIN 4 4 3 1 -1.198 5.779 0.411
SPIN 4 4 3 2 1.427 1.510 5.539
SPIN 4 4 3 3 3.654 3.993 2.389
SPIN 4 4 3 4 -3.495 -0.855 -4.696
SPIN 4 4 3 5 3.673 1.088 4.508
SPIN 4 4 3 6 -1.611 -0.795 -5.637
SPIN 4 4 3 7 2.571 4.238 3.229
SPIN 4 4 3 8 -1.350 -1.108 -5.652
SPIN 4 4 3 9 1.961 0.439 5.564
SPIN 4 4 3 10 -3.547 4.601 1.118
SPIN 4 4 3 11 -3.579 3.229 3.430
SPIN 4 4 3 12 -2.565 -5.076 -1.629
SPIN 4 4 3 13 -4.416 -1.122 3.774
SPIN 4 4 3 14 -4.553 1.798 -3.322
SPIN 4 4 3 15 1.756 -4.702 3.132
SPIN 1 4 4 0 2.817 5.115 0.947
SPIN 1 4 4 1 -1.101 0.138 -5.811
SPIN 1 4 4 2 -2.587 -0.665 5.279
SPIN 1 4 4 3 5.856 -0.079 0.837
SPIN 1 4 4 4 -0.532 3.703 4.583
SPIN 1 4 4 5 3.658 4.648 0.120
SPIN 1 4 4 6 -5.422 -0.602 -2.288
SPIN 1 4 4 7 4.929 -2.196 2.425
SPIN 1 4 4 8 -3.110 1.733 4.725
SPIN 1 4 4 9 3.870 -4.137 -1.706
SPIN 1 4 4 10 -5.301 0.711 2.529
SPIN 1 4 4 11 -5.417 -2.013 -1.265
SPIN 1 4 4 12 0.965 -0.210 5.833
SPIN 1 4 4 13 -3.287 -4.724 -1.371
SPIN 1 4 4 14 -0.270 5.475 2.226
SPIN 1 4 4 15 3.261 0.374 -4.922
SPIN 4 4 4 0 3.194 3.520 -3.522
SPIN 4 4 4 1 -3.493 -4.588 1.321
SPIN 4 4 4 2 2.685 -5.043 -1.534
SPIN 4 4 4 3 -1.664 4.522 -3.433
SPIN 4 4 4 4 -2.228 -4.187 3.536
SPIN 4 4 4 5 -1.663 -4.354 -3.644
SPIN 4 4 4 6 4.470 0.537 3.838
SPIN 4 4 4 7 -4.493 3.248 -2.066
SPIN 4 4 4 8 2.534 -4.512 2.868
SPIN 4 4 4 9 2.156 -3.744 -4.042
SPIN 4 4 4 10 -4.901 -3.139 1.060
SPIN 4 4 4 11 1.326 1.427 -5.586
SPIN 4 4 4 12 2.830 3.107 4.164
SPIN 4 4 4 13 3.151 1.963 -4.606
SPIN 4 4 4 14 -5.076 -1.449 -2.672
SPIN 4 4 4 15 -1.700 5.171 2.318
SPIN 1 4 5 0 -1.421 -1.928 -5.410
SPIN 1 4 5 1 -1.540 1.397 5.539
SPIN 1 4 5 2 5.564 1.801 0.895
SPIN 1 4 5 3 4.536 -2.525 -2.837
SPIN 1 4 5 4 -1.696 -4.074 -3.940
SPIN 1 4 5 5 -2.066 -3.003 -4.659
SPIN 1 4 5 6 2.111 3.365 4.384
SPIN 1 4 5 7 -2.931 -2.326 4.582
SPIN 1 4 5 8 1.069 5.340 -2.312
SPIN 1 4 5 9 -3.337 2.331 4.293
SPIN 1 4 5 10 3.547 -1.383 -4.528
SPIN 1 4 5 11 -1.435 5.697 0.695
SPIN 1 4 5 12 4.963 1.363 2.918
SPIN 1 4 5 13 -4.880 3.152 1.118
SPIN 1 4 5 14 2.148 -3.824 -3.971
SPIN 1 4 5 15 -4.810 3.390 -0.612
SPIN 4 4 5 0 -1.975 -5.084 -2.291
SPIN 4 4 5 1 3.458 3.130 3.639
SPIN 4 4 5 2 -4.070 3.138 2.931
SPIN 4 4 5 3 -0.007 -4.088 4.277
SPIN 4 4 5 4 5.615 0.653 1.746
SPIN 4 4 5 5 -0.829 1.312 5.709
SPIN 4 4 5 6 3.786 -3.451 -2.959
SPIN 4 4 5 7 1.119 -4.346 -3.855
SPIN 4 4 5 8 -5.516 -1.665 1.340
SPIN 4 4 5 9 2.043 5.463 -0.990
SPIN 4 4 5 10 0.541 -4.379 3.941
SPIN 4 4 5 11 -0.947 0.156 -5.838
SPIN 4 4 5 12 1.942 5.492 -1.032
SPIN 4 4 5 13 -0.776 -5.785 -0.965
SPIN 4 4 5 14 1.996 1.850 5.253
SPIN 4 4 5 15 2.510 -5.183 -1.355
SPIN 1 4 6 0 4.839 3.022 1.565
SPIN 1 4 6 1 -3.376 4.295 -2.270
SPIN 1 4 6 2 2.051 4.967 -2.473
SPIN 1 4 6 3 -3.341 -4.628 -1.556
SPIN 1 4 6 4 3.538 3.960 2.608
SPIN 1 4 6 5 -1.961 -5.582 0.009
SPIN 1 4 6 6 -3.335 4.233 -2.442
SPIN 1 4 6 7 3.177 -3.720 -3.327
SPIN 1 4 6 8 -5.178 -2.660 1.055
SPIN 1 4 6 9 5.290 1.479 -2.198
SPIN 1 4 6 10 -2.079 -1.676 5.279
SPIN 1 4 6 11 -1.047 -1.112 -5.716
SPIN 1 4 6 12 -0.722 1.840 5.576
SPIN 1 4 6 13 1.296 -3.251 -4.770
SPIN 1 4 6 14 2.678 3.976 -3.467
SPIN 1 4 6 15 1.492 -2.682 -5.058
SPIN 4 4 6 0 1.647 -2.139 5.264
SPIN 4 4 6 1 -3.281 -4.238 -2.505
SPIN 4 4 6 2 0.646 -0.655 5.844
SPIN 4 4 6 3 2.169 -1.484 -5.301
SPIN 4 4 6 4 4.267 -0.310 -4.086
SPIN 4 4 6 5 1.574 4.494 3.510
SPIN 4 4 6 6 -5.888 -0.056 -0.568
SPIN 4 4 6 7 -5.844 0.348 -0.851
SPIN 4 4 6 8 5.232 2.756 0.180
SPIN 4 4 6 9 1.673 -4.059 3.965
SPIN 4 4 6 10 -1.344 5.657 -1.091
SPIN 4 4 6 11 5.489 1.842 -1.215
SPIN 4 4 6 12 -4.200 -3.947 1.333
SPIN 4 4 6 13 3.901 -2.748 3.497
SPIN 4 4 6 14 5.174 -2.129 1.923
SPIN 4 4 6 15 0.263 -1.592 5.692
SPIN 1 4 7 0 2.273 -1.528 5.244
SPIN 1 4 7 1 1.506 1.333 -5.564
SPIN 1 4 7 2 -4.939 0.011 -3.256
SPIN 1 4 7 3 -3.604 -3.520 -3.102
SPIN 1 4 7 4 -1.041 5.725 1.066
SPIN 1 4 7 5 2.189 -3.068 4.561
SPIN 1 4 7 6 1.589 4.791 -3.085
SPIN 1 4 7 7 3.934 4.260 1.173
SPIN 1 4 7 8 4.080 2.422 3.534
SPIN 1 4 7 9 -1.150 -2.263 -5.344
SPIN 1 4 7 10 -4.075 2.167 -3.700
SPIN 1 4 7 11 0.866 -5.456 2.117
SPIN 1 4 7 12 0.031 3.429 -4.821
SPIN 1 4 7 13 -3.924 2.122 3.886
SPIN 1 4 7 14 -3.311 -1.145 4.767
SPIN 1 4 7 15 -5.152 2.086 -2.025
SPIN 4 4 7 0 5.699 -1.567 -0.248
SPIN 4 4 7 1 1.674 5.320 -1.974
SPIN 4 4 7 2 -4.075 -3.943 -1.688
SPIN 4 4 7 3 3.938 4.391 0.463
SPIN 4 4 7 4 -4.990 -2.879 1.346
SPIN 4 4 7 5 5.658 -1.674 0.424
SPIN 4 4 7 6 -1.423 -5.635 -1.104
SPIN 4 4 7 7 -1.038 4.878 -3.182
SPIN 4 4 7 8 -4.161 -3.616 2.147
SPIN 4 4 7 9 4.977 2.968 -1.193
SPIN 4 4 7 10 -2.575 5.232 -1.001
SPIN 4 4 7 11 5.768 1.079 0.751
SPIN 4 4 7 12 3.025 3.305 -3.864
SPIN 4 4 7 13 -0.169 2.447 5.384
SPIN 4 4 7 14 -2.141 -1.133 -5.398
SPIN 4 4 7 15 -4.524 -2.779 2.610
SPIN 1 4 8 0 2.746 4.369 2.894
SPIN 1 4 8 1 0.711 -4.307 3.993
SPIN 1 4 8 2 1.826 -3.617 4.310
SPIN 1 4 8 3 5.792 1.202 0.050
SPIN 1 4 8 4 2.279 3.388 4.281
SPIN 1 4 8 5 -1.591 5.175 2.386
SPIN 1 4 8 6 -2.414 -1.082 -5.292
SPIN 1 4 8 7 3.898 -0.162 4.447
SPIN 1 4 8 8 2.496 1.246 5.217
SPIN 1 4 8 9 -0.383 5.057 3.046
SPIN 1 4 8 10 -2.159 -3.555 -4.207
SPIN 1 4 8 11 4.197 -3.993 1.202
SPIN 1 4 8 12 4.058 2.544 3.473
SPIN 1 4 8 13 -5.743 0.756 -1.203
SPIN 1 4 8 14 2.723 -4.431 -2.820
SPIN 1 4 8 15 1.995 -4.155 3.709
SPIN 4 4 8 0 -3.482 4.783 0.062
SPIN 4 4 8 1 -1.700 -5.055 2.562
SPIN 4 4 8 2 2.999 1.975 4.702
SPIN 4 4 8 3 -2.556 -0.526 -5.309
SPIN 4 4 8 4 -2.830 3.893 3.440
SPIN 4 4 8 5 0.021 -4.026 -4.335
SPIN 4 4 8 6 3.085 2.816 4.190
SPIN 4 4 8 7 -4.760 1.612 3.121
SPIN 4 4 8 8 2.291 5.353 1.048
SPIN 4 4 8 9 4.820 0.104 3.429
SPIN 4 4 8 10 -0.053 -1.906 5.600
SPIN 4 4 8 11 -0.165 5.914 -0.050
SPIN 4 4 8 12 5.151 2.909 0.080
SPIN 4 4 8 13 -3.359 -2.258 -4.315
SPIN 4 4 8 14 -3.470 -1.510 4.547
SPIN 4 4 8 15 3.478 -0.765 4.724
SPIN 1 4 9 0 -2.396 -4.592 -2.859
SPIN 1 4 9 1 -5.161 0.097 -2.890
SPIN 1 4 9 2 4.917 2.875 1.600
SPIN 1 4 9 3 4.224 -1.670 3.791
SPIN 1 4 9 4 5.834 0.310 0.935
SPIN 1 4 9 5 5.887 0.442 0.382
SPIN 1 4 9 6 3.389 4.052 -2.664
SPIN 1 4 9 7 2.969 -1.729 4.816
SPIN 1 4 9 8 -4.724 0.208 3.556
SPIN 1 4 9 9 -2.600 2.136 4.866
SPIN 1 4 9 10 -4.958 2.087 -2.462
SPIN 1 4 9 11 4.788 -2.725 2.156
SPIN 1 4 9 12 4.753 3.086 -1.700
SPIN 1 4 9 13 -3.498 4.730 0.627
SPIN 1 4 9 14 1.683 -2.426 5.127
SPIN 1 4 9 15 1.886 -4.908 2.712
SPIN 4 4 9 0 5.603 1.553 -1.094
SPIN 4 4 9 1 -3.737 -1.380 4.374
SPIN 4 4 9 2 1.113 4.034 -4.182
SPIN 4 4 9 3 -5.710 0.551 -1.447
SPIN 4 4 9 4 0.743 -1.862 -5.566
SPIN 4 4 9 5 0.779 3.683 4.564
SPIN 4 4 9 6 0.022 -5.495 -2.193
SPIN 4 4 9 7 1.482 -5.469 -1.701
SPIN 4 4 9 8 3.724 4.086 2.105
SPIN 4 4 9 9 0.022 1.717 -5.661
SPIN 4 4 9 10 5.013 -2.923 -1.151
SPIN 4 4 9 11 -1.809 1.991 -5.269
SPIN 4 4 9 12 -4.712 3.281 -1.424
SPIN 4 4 9 13 1.518 -5.697 -0.487
SPIN 4 4 9 14 -5.193 -2.347 1.589
SPIN 4 4 9 15 -1.871 5.282 -1.899
SPIN 1 4 10 0 4.872 2.179 2.552
SPIN 1 4 10 1 -5.028 0.084 3.116
SPIN 1 4 10 2 -0.799 4.626 -3.600
SPIN 1 4 10 3 1.957 -5.503 0.943
SPIN 1 4 10 4 -1.709 1.704 5.402
SPIN 1 4 10 5 3.850 -3.568 -2.729
SPIN 1 4 10 6 -3.426 -4.772 0.703
SPIN 1 4 10 7 -4.767 3.099 -1.635
SPIN 1 4 10 8 -3.632 3.895 2.577
SPIN 1 4 10 9 4.965 -3.191 0.401
SPIN 1 4 10 10 0.083 5.207 -2.807
SPIN 1 4 10 11 -1.273 -4.868 -3.111
SPIN 1 4 10 12 -2.306 2.318 4.931
SPIN 1 4 10 13 -5.087 -2.991 -0.416
SPIN 1 4 10 14 3.054 -4.704 -1.884
SPIN 1 4 10 15 -5.641 0.025 -1.782
SPIN 4 4 10 0 -2.176 0.774 5.447
SPIN 4 4 10 1 2.626 -4.993 1.781
SPIN 4 4 10 2 2.400 -4.332 3.236
SPIN 4 4 10 3 -3.350 -0.915 -4.790
SPIN 4 4 10 4 1.905 -0.586 5.570
SPIN 4 4 10 5 -2.377 5.386 0.587
SPIN 4 4 10 6 3.147 1.011 4.907
SPIN 4 4 10 7 4.110 -1.927 -3.794
SPIN 4 4 10 8 5.200 0.846 -2.692
SPIN 4 4 10 9 1.104 1.035 -5.719
SPIN 4 4 10 10 3.920 2.163 3.868
SPIN 4 4 10 11 1.646 2.231 5.226
SPIN 4 4 10 12 -0.963 -2.288 -5.370
SPIN 4 4 10 13 -5.340 2.441 0.725
SPIN 4 4 10 14 5.002 -2.113 -2.348
SPIN 4 4 10 15 5.451 0.771 2.165
SPIN 1 4 11 0 -4.039 3.435 -2.624
SPIN 1 4 11 1 5.133 2.434 -1.651
SPIN 1 4 11 2 -5.347 -2.510 -0.339
SPIN 1 4 11 3 4.334 -3.644 -1.712
SPIN 1 4 11 4 -2.707 1.278 -5.103
SPIN 1 4 11 5 3.893 -3.115 3.185
SPIN 1 4 11 6 -1.091 -4.531 -3.644
SPIN 1 4 11 7 -2.507 1.666 5.093
SPIN 1 4 11 8 0.877 3.280 -4.845
SPIN 1 4 11 9 -4.614 -1.784 3.245
SPIN 1 4 11 10 -4.848 -0.343 -3.374
SPIN 1 4 11 11 4.680 0.248 -3.611
SPIN 1 4 11 12 -1.302 -0.006 -5.771
SPIN 1 4 11 13 -1.280 5.652 -1.189
SPIN 1 4 11 14 2.246 -3.035 4.555
SPIN 1 4 11 15 4.739 -2.972 1.927
SPIN 4 4 11 0 -1.535 0.755 5.663
SPIN 4 4 11 1 -0.264 -5.413 -2.374
SPIN 4 4 11 2 0.760 -5.039 3.004
SPIN 4 4 11 3 5.063 2.061 2.263
SPIN 4 4 11 4 0.782 -2.227 -5.425
SPIN 4 4 11 5 2.098 -5.246 -1.754
SPIN 4 4 11 6 -4.030 1.393 -4.101
SPIN 4 4 11 7 5.320 -1.577 2.051
SPIN 4 4 11 8 -0.959 2.337 5.349
SPIN 4 4 11 9 5.216 -0.311 2.774
SPIN 4 4 11 10 0.361 -2.213 5.475
SPIN 4 4 11 11 -3.498 4.624 1.176
SPIN 4 4 11 12 0.186 -5.406 2.395
SPIN 4 4 11 13 3.758 -3.462 2.982
SPIN 4 4 11 14 -0.067 4.318 4.044
SPIN 4 4 11 15 -2.966 -5.074 0.671
SPIN 1 4 12 0 5.891 0.239 -0.494
SPIN 1 4 12 1 1.187 -5.745 -0.762
SPIN 1 4 12 2 3.496 4.121 -2.407
SPIN 1 4 12 3 -5.018 1.422 -2.792
SPIN 1 4 12 4 5.893 0.249 0.453
SPIN 1 4 12 5 -1.982 -0.369 -5.562
SPIN 1 4 12 6 4.961 1.657 2.764
SPIN 1 4 12 7 -4.983 -3.172 -0.327
SPIN 1 4 12 8 5.087 -0.413 2.991
SPIN 1 4 12 9 3.692 -0.579 -4.586
SPIN 1 4 12 10 2.706 3.491 3.936
SPIN 1 4 12 11 -2.443 3.111 4.399
SPIN 1 4 12 12 2.090 5.493 -0.681
SPIN 1 4 12 13 -3.852 -1.828 -4.101
SPIN 1 4 12 14 -5.806 -1.129 -0.131
SPIN 1 4 12 15 3.522 4.229 -2.171
SPIN 4 4 12 0 0.176 0.388 5.901
SPIN 4 4 12 1 -3.348 4.111 -2.624
SPIN 4 4 12 2 5.845 0.232 0.881
SPIN 4 4 12 3 -0.249 4.969 -3.201
SPIN 4 4 12 4 2.967 3.799 3.429
SPIN 4 4 12 5 4.394 -2.798 2.803
SPIN 4 4 12 6 -1.749 2.419 5.108
SPIN 4 4 12 7 -1.968 -5.542 -0.644
SPIN 4 4 12 8 5.812 0.501 -0.982
SPIN 4 4 12 9 1.154 2.453 -5.259
SPIN 4 4 12 10 -1.479 1.828 -5.429
SPIN 4 4 12 11 0.396 5.900 0.189
SPIN 4 4 12 12 -0.072 -5.705 1.566
SPIN 4 4 12 13 3.243 -0.683 -4.900
SPIN 4 4 12 14 2.629 -2.884 -4.446
SPIN 4 4 12 15 4.470 3.846 0.475
SPIN 1 4 13 0 -1.652 -5.541 1.251
SPIN 1 4 13 1 -0.918 4.849 -3.263
SPIN 1 4 13 2 0.598 -2.623 -5.269
SPIN 1 4 13 3 1.885 4.618 3.182
SPIN 1 4 13 4 -3.892 -4.272 1.266
SPIN 1 4 13 5 -5.870 0.724 -0.122
SPIN 1 4 13 6 -1.681 3.751 -4.255
SPIN 1 4 13 7 1.066 -0.241 -5.814
SPIN 1 4 13 8 -4.784 0.589 -3.430
SPIN 1 4 13 9 -0.507 -5.474 2.187
SPIN 1 4 13 10 -4.871 -1.722 2.883
SPIN 1 4 13 11 2.970 -1.984 -4.716
SPIN 1 4 13 12 -0.068 4.873 3.353
SPIN 1 4 13 13 5.080 1.194 -2.786
SPIN 1 4 13 14 -2.502 -1.201 5.224
SPIN 1 4 13 15 -5.298 0.551 -2.575
SPIN 4 4 13 0 -5.459 2.104 -0.880
SPIN 4 4 13 1 5.237 -0.610 -2.683
SPIN 4 4 13 2 -3.402 1.263 4.672
SPIN 4 4 13 3 -2.011 -1.477 -5.364
SPIN 4 4 13 4 4.191 4.134 0.584
SPIN 4 4 13 5 1.820 -5.445 1.427
SPIN 4 4 13 6 -3.122 -2.715 -4.228
SPIN 4 4 13 7 4.938 1.676 -2.795
SPIN 4 4 13 8 -1.647 -5.336 -1.954
SPIN 4 4 13 9 4.794 -2.063 -2.786
SPIN 4 4 13 10 -2.211 3.024 4.579
SPIN 4 4 13 11 0.972 -5.834 0.133
SPIN 4 4 13 12 -1.901 3.366 -4.478
SPIN 4 4 13 13 1.159 5.680 1.183
SPIN 4 4 13 14 -0.478 5.745 -1.328
SPIN 4 4 13 15 -4.474 3.047 2.387
SPIN 1 4 14 0 1.323 -3.244 4.767
SPIN 1 4 14 1 5.780 -0.647 -1.083
SPIN 1 4 14 2 -3.405 -2.891 3.879
SPIN 1 4 14 3 1.998 -4.744 -2.916
SPIN 1 4 14 4 2.214 5.456 0.578
SPIN 1 4 14 5 -0.975 4.790 -3.333
SPIN 1 4 14 6 3.072 4.849 -1.431
SPIN 1 4 14 7 -2.030 4.034 3.822
SPIN 1 4 14 8 3.633 -3.961 -2.472
SPIN 1 4 14 9 -2.111 2.304 -5.024
SPIN 1 4 14 10 -4.437 3.056 -2.445
SPIN 1 4 14 11 1.622 -5.557 1.220
SPIN 1 4 14 12 -2.988 4.971 1.169
SPIN 1 4 14 13 0.939 -0.219 5.837
SPIN 1 4 14 14 4.873 2.661 -2.044
SPIN 1 4 14 15 5.578 -1.287 -1.495
SPIN 4 4 14 0 0.896 -5.643 1.535
SPIN 4 4 14 1 -3.272 -4.300 -2.409
SPIN 4 4 14 2 -1.931 5.329 1.694
SPIN 4 4 14 3 0.566 -5.833 0.813
SPIN 4 4 14 4 -2.087 5.528 0.284
SPIN 4 4 14 5 -4.607 0.888 3.604
SPIN 4 4 14 6 0.728 -5.869 -0.156
SPIN 4 4 14 7 0.892 -0.091 5.848
SPIN 4 4 14 8 -1.270 5.776 -0.164
SPIN 4 4 14 9 5.869 -0.664 0.332
SPIN 4 4 14 10 -0.868 4.969 -3.092
SPIN 4 4 14 11 4.108 4.183 -0.789
SPIN 4 4 14 12 -4.575 0.417 -3.727
SPIN 4 4 14 13 -3.096 -4.486 2.300
SPIN 4 4 14 14 4.205 -0.170 4.158
SPIN 4 4 14 15 1.128 1.712 -5.549
SPIN 1 4 15 0 -1.744 -0.621 -5.619
SPIN 1 4 15 1 -2.388 -1.322 5.249
SPIN 1 4 15 2 1.688 -1.176 -5.547
SPIN 1 4 15 3 -1.921 3.808 4.100
SPIN 1 4 15 4 1.172 -1.545 -5.589
SPIN 1 4 15 5 0.673 -5.849 -0.575
SPIN 1 4 15 6 -5.503 2.120 0.471
SPIN 1 4 15 7 2.154 -1.567 -5.283
SPIN 1 4 15 8 1.107 -4.092 -4.127
SPIN 1 4 15 9 0.744 2.147 5.462
SPIN 1 4 15 10 -4.361 -3.593 1.753
SPIN 1 4 15 11 1.417 4.798 -3.158
SPIN 1 4 15 12 -0.734 -3.950 4.342
SPIN 1 4 15 13 -3.466 2.925 -3.798
SPIN 1 4 15 14 -3.084 -3.830 -3.289
SPIN 1 4 15 15 -0.666 5.869 -0.336
SPIN 4 4 15 0 3.862 2.394 -3.788
SPIN 4 4 15 1 0.636 5.204 2.741
SPIN 4 4 15 2 5.482 0.335 2.200
SPIN 4 4 15 3 1.380 0.803 5.697
SPIN 4 4 15 4 -0.549 3.426 4.791
SPIN 4 4 15 5 2.891 3.046 4.167
SPIN 4 4 15 6 -5.288 -1.951 1.797
SPIN 4 4 15 7 -5.889 0.551 -0.144
SPIN 4 4 15 8 4.924 2.596 2.004
SPIN 4 4 15 9 -2.702 -2.269 -4.748
SPIN 4 4 15 10 -2.510 -1.417 5.166
SPIN 4 4 15 11 -3.676 -0.632 -4.592
SPIN 4 4 15 12 3.261 -4.825 1.043
SPIN 4 4 15 13 0.491 4.718 3.535
SPIN 4 4 15 14 4.042 1.754 -3.948
SPIN 4 4 15 15 -1.812 1.100 5.523
SPIN 3 4 0 0 2.263 4.110 3.604
SPIN 3 4 0 1 3.311 -0.899 4.819
SPIN 3 4 0 2 4.949 2.365 -2.217
SPIN 3 4 0 3 -1.873 4.057 3.877
SPIN 3 4 0 4 -0.837 -0.989 -5.772
SPIN 3 4 0 5 2.374 -1.911 -5.071
SPIN 3 4 0 6 -1.031 -3.214 -4.859
SPIN 3 4 0 7 3.434 -1.228 4.658
SPIN 3 4 0 8 4.612 2.494 -2.740
SPIN 3 4 0 9 2.260 4.910 2.405
SPIN 3 4 0 10 0.199 -4.680 3.614
SPIN 3 4 0 11 1.708 -0.390 5.651
SPIN 3 4 0 12 -4.798 -3.445 0.327
SPIN 3 4 0 13 5.506 0.500 -2.106
SPIN 3 4 0 14 0.318 -1.151 5.794
SPIN 3 4 0 15 4.194 -1.210 -3.994
SPIN 2 4 0 0 4.843 0.031 -3.397
SPIN 2 4 0 1 4.973 2.443 2.074
SPIN 2 4 0 2 -4.036 3.626 2.359
SPIN 2 4 0 3 -4.493 -2.471 2.951
SPIN 2 4 0 4 1.935 3.525 -4.339
SPIN 2 4 0 5 -1.583 -2.095 5.302
SPIN 2 4 0 6 -4.315 -0.076 4.047
SPIN 2 4 0 7 -1.199 -3.725 -4.437
SPIN 2 4 0 8 -3.564 -4.084 -2.370
SPIN 2 4 0 9 4.972 -0.344 -3.188
SPIN 2 4 0 10 -2.292 1.831 -5.138
SPIN 2 4 0 11 1.908 -0.304 -5.592
SPIN 2 4 0 12 -1.734 -2.256 -5.187
SPIN 2 4 0 13 4.028 3.938 1.808
SPIN 2 4 0 14 -2.539 -4.279 3.201
SPIN 2 4 0 15 -3.792 4.478 -0.751
SPIN 3 4 1 0 -0.549 -5.578 1.894
SPIN 3 4 1 1 0.559 -4.940 -3.207
SPIN 3 4 1 2 -3.808 3.163 3.239
SPIN 3 4 1 3 -2.542 -1.445 -5.143
SPIN 3 4 1 4 -0.701 1.836 5.580
SPIN 3 4 1 5 -0.078 -2.400 -5.407
SPIN 3 4 1 6 1.269 -2.979 -4.951
SPIN 3 4 1 7 0.363 5.886 0.478
SPIN 3 4 1 8 -0.229 0.634 5.878
SPIN 3 4 1 9 0.723 -4.889 -3.252
SPIN 3 4 1 10 0.074 4.944 3.248
SPIN 3 4 1 11 1.017 1.379 -5.663
SPIN 3 4 1 12 -5.916 0.009 0.072
SPIN 3 4 1 13 -0.543 5.858 0.624
SPIN 3 4 1 14 1.839 -3.682 4.250
SPIN 3 4 1 15 -4.621 3.385 1.479
SPIN 2 4 1 0 3.957 -3.590 2.541
SPIN 2 4 1 1 1.050 -0.964 -5.742
SPIN 2 4 1 2 -0.500 -4.737 -3.509
SPIN 2 4 1 3 2.120 1.024 5.427
SPIN 2 4 1 4 2.545 4.061 -3.469
SPIN 2 4 1 5 -4.962 -3.108 0.846
SPIN 2 4 1 6 -2.822 3.769 3.582
SPIN 2 4 1 7 5.860 0.208 -0.788
SPIN 2 4 1 8 1.946 3.122 4.633
SPIN 2 4 1 9 -4.687 0.787 -3.523
SPIN 2 4 1 10 -3.678 2.442 -3.938
SPIN 2 4 1 11 1.271 1.241 5.643
SPIN 2 4 1 12 -2.951 4.873 -1.595
SPIN 2 4 1 13 -1.569 -5.482 1.577
SPIN 2 4 1 14 3.852 0.420 -4.471
SPIN 2 4 1 15 -2.352 4.650 -2.801
SPIN 3 4 2 0 0.091 5.847 0.899
SPIN 3 4 2 1 4.267 3.473 2.176
SPIN 3 4 2 2 4.207 -3.866 1.535
SPIN 3 4 2 3 -5.298 -2.610 -0.342
SPIN 3 4 2 4 4.225 2.705 -3.136
SPIN 3 4 2 5 -3.588 4.701 -0.154
SPIN 3 4 2 6 1.257 -5.781 0.051
SPIN 3 4 2 7 -2.544 4.901 -2.124
SPIN 3 4 2 8 0.777 1.192 -5.742
SPIN 3 4 2 9 -0.992 4.611 3.571
SPIN 3 4 2 10 -4.023 -3.470 2.603
SPIN 3 4 2 11 4.564 -0.050 -3.763
SPIN 3 4 2 12 5.311 2.496 0.752
SPIN 3 4 2 13 -2.925 -2.795 -4.317
SPIN 3 4 2 14 0.072 -3.151 -5.006
SPIN 3 4 2 15 -5.160 2.388 1.636
SPIN 2 4 2 0 3.282 3.962 -2.921
SPIN 2 4 2 1 -4.728 3.162 -1.628
SPIN 2 4 2 2 -3.181 -2.912 4.050
SPIN 2 4 2 3 -1.284 -4.604 3.487
SPIN 2 4 2 4 -2.403 4.238 3.356
SPIN 2 4 2 5 5.133 -2.876 -0.617
SPIN 2 4 2 6 -5.386 2.426 -0.327
SPIN 2 4 2 7 -3.590 -0.868 4.621
SPIN 2 4 2 8 5.282 2.528 0.845
SPIN 2 4 2 9 0.662 4.418 -3.878
SPIN 2 4 2 10 1.340 -5.761 0.108
SPIN 2 4 2 11 -0.125 4.838 3.402
SPIN 2 4 2 12 1.874 -4.358 -3.534
SPIN 2 4 2 13 -3.902 0.873 -4.361
SPIN 2 4 2 14 0.603 1.366 5.725
SPIN 2 4 2 15 5.432 -2.246 -0.668
SPIN 3 4 3 0 -0.818 -0.251 5.854
SPIN 3 4 3 1 -0.013 -5.858 0.825
SPIN 3 4 3 2 5.040 3.056 0.507
SPIN 3 4 3 3 -3.697 3.315 3.216
SPIN 3 4 3 4 -0.337 -2.176 5.491
SPIN 3 4 3 5 4.251 -3.932 -1.211
SPIN 3 4 3 6 1.971 3.939 3.950
SPIN 3 4 3 7 2.667 0.309 5.272
SPIN 3 4 3 8 1.117 -5.651 1.348
SPIN 3 4 3 9 -0.264 -5.901 0.322
SPIN 3 4 3 10 -1.667 4.895 -2.873
SPIN 3 4 3 11 2.971 2.415 4.510
SPIN 3 4 3 12 -4.086 2.989 -3.062
SPIN 3 4 3 13 -2.009 -5.431 1.213
SPIN 3 4 3 14 -1.487 2.098 5.328
SPIN 3 4 3 15 -5.299 -0.111 2.628
SPIN 2 4 3 0 -0.286 5.690 -1.595
SPIN 2 4 3 1 0.620 -5.823 0.840
SPIN 2 4 3 2 2.227 -3.767 3.981
SPIN 2 4 3 3 0.725 -4.452 3.828
SPIN 2 4 3 4 0.843 -4.755 -3.417
SPIN 2 4 3 5 -5.007 -1.494 -2.775
SPIN 2 4 3 6 -4.118 4.157 -0.872
SPIN 2 4 3 7 3.060 -3.129 -3.981
SPIN 2 4 3 8 -5.213 -0.616 -2.729
SPIN 2 4 3 9 -3.096 1.564 4.792
SPIN 2 4 3 10 -4.822 3.051 1.561
SPIN 2 4 3 11 0.323 -2.334 -5.427
SPIN 2 4 3 12 -3.541 4.445 -1.644
SPIN 2 4 3 13 4.110 -1.268 -4.062
SPIN 2 4 3 14 3.949 1.818 -4.013
SPIN 2 4 3 15 2.712 -0.511 -5.233
SPIN 3 4 4 0 3.249 -4.006 -2.897
SPIN 3 4 4 1 0.993 2.906 -5.057
SPIN 3 4 4 2 -0.265 1.350 -5.754
SPIN 3 4 4 3 -2.671 0.404 -5.263
SPIN 3 4 4 4 0.174 -4.785 -3.474
SPIN 3 4 4 5 -3.387 2.870 3.911
SPIN 3 4 4 6 -4.902 -3.191 0.888
SPIN 3 4 4 7 -0.760 -5.751 -1.161
SPIN 3 4 4 8 0.065 5.600 1.905
SPIN 3 4 4 9 3.167 2.926 4.050
SPIN 3 4 4 10 0.692 -4.847 3.321
SPIN 3 4 4 11 -0.183 2.571 -5.325
SPIN 3 4 4 12 -3.487 -1.486 4.542
SPIN 3 4 4 13 0.190 2.841 -5.186
SPIN 3 4 4 14 -1.493 4.777 3.154
SPIN 3 4 4 15 2.327 0.657 -5.400
SPIN 2 4 4 0 -1.370 -5.336 2.156
SPIN 2 4 4 1 -5.596 -1.858 -0.480
SPIN 2 4 4 2 4.958 -0.502 -3.188
SPIN 2 4 4 3 1.982 -4.728 2.952
SPIN 2 4 4 4 -0.664 5.876 -0.173
SPIN 2 4 4 5 2.505 -5.274 -0.956
SPIN 2 4 4 6 -0.061 -1.018 -5.828
SPIN 2 4 4 7 -3.249 -4.926 0.416
SPIN 2 4 4 8 4.973 -3.122 0.724
SPIN 2 4 4 9 -5.483 -2.221 -0.079
SPIN 2 4 4 10 5.354 -2.236 1.156
SPIN 2 4 4 11 0.398 0.702 5.861
SPIN 2 4 4 12 0.825 -2.458 -5.318
SPIN 2 4 4 13 -3.540 3.983 2.569
SPIN 2 4 4 14 -5.107 -2.873 -0.813
SPIN 2 4 4 15 0.105 3.183 4.986
SPIN 3 4 5 0 3.131 1.835 4.672
SPIN 3 4 5 1 -3.385 0.057 4.852
SPIN 3 4 5 2 -3.832 3.299 -3.071
SPIN 3 4 5 3 2.049 -4.185 3.646
SPIN 3 4 5 4 2.949 4.460 2.532
SPIN 3 4 5 5 3.376 -3.098 -3.742
SPIN 3 4 5 6 2.128 -5.456 -0.840
SPIN 3 4 5 7 -5.538 -1.549 -1.391
SPIN 3 4 5 8 2.984 -4.786 -1.787
SPIN 3 4 5 9 -2.145 -4.780 2.749
SPIN 3 4 5 10 2.521 4.533 -2.846
SPIN 3 4 5 11 -1.908 -1.081 5.495
SPIN 3 4 5 12 0.744 -0.429 -5.853
SPIN 3 4 5 13 1.597 1.115 5.586
SPIN 3 4 5 14 -1.724 -4.488 -3.447
SPIN 3 4 5 15 4.277 -3.797 1.512
SPIN 2 4 5 0 -0.226 0.095 5.911
SPIN 2 4 5 1 5.527 -1.229 -1.716
SPIN 2 4 5 2 4.165 -2.118 3.629
SPIN 2 4 5 3 0.787 4.210 -4.081
SPIN 2 4 5 4 0.015 2.316 -5.444
SPIN 2 4 5 5 -4.174 4.167 -0.459
SPIN 2 4 5 6 -0.949 -2.802 5.123
SPIN 2 4 5 7 1.400 4.434 3.658
SPIN 2 4 5 8 -2.076 -5.480 -0.816
SPIN 2 4 5 9 -4.057 2.334 3.618
SPIN 2 4 5 10 2.385 -3.420 4.197
SPIN 2 4 5 11 -0.838 5.232 -2.632
SPIN 2 4 5 12 -1.702 -4.682 -3.191
SPIN 2 4 5 13 -3.512 -4.368 1.893
SPIN 2 4 5 14 -0.937 5.119 2.813
SPIN 2 4 5 15 1.545 3.640 -4.400
SPIN 3 4 6 0 2.702 -1.282 -5.105
SPIN 3 4 6 1 -1.795 -0.419 -5.622
SPIN 3 4 6 2 -0.302 -2.391 5.403
SPIN 3 4 6 3 3.841 4.338 -1.195
SPIN 3 4 6 4 -1.940 -4.887 2.711
SPIN 3 4 6 5 -4.623 3.685 -0.222
SPIN 3 4 6 6 -5.841 0.765 0.548
SPIN 3 4 6 7 5.838 0.895 0.345
SPIN 3 4 6 8 -3.484 1.307 4.599
SPIN 3 4 6 9 4.408 3.942 -0.164
SPIN 3 4 6 10 5.128 0.750 -2.854
SPIN 3 4 6 11 -3.837 -0.718 4.446
SPIN 3 4 6 12 -1.552 -4.126 -3.946
SPIN 3 4 6 13 -3.386 1.592 -4.582
SPIN 3 4 6 14 5.453 0.396 2.260
SPIN 3 4 6 15 0.285 3.381 4.846
SPIN 2 4 6 0 1.626 -5.480 1.527
SPIN 2 4 6 1 2.916 4.149 3.047
SPIN 2 4 6 2 -5.548 0.033 2.054
SPIN 2 4 6 3 -0.216 5.557 2.019
SPIN 2 4 6 4 -4.883 -0.942 3.205
SPIN 2 4 6 5 1.107 -4.636 -3.505
SPIN 2 4 6 6 -3.196 -4.715 -1.599
SPIN 2 4 6 7 4.989 2.821 1.465
SPIN 2 4 6 8 -2.608 -2.159 -4.852
SPIN 2 4 6 9 5.567 1.433 -1.400
SPIN 2 4 6 10 -3.249 -2.616 -4.195
SPIN 2 4 6 11 0.377 -5.897 0.292
SPIN 2 4 6 12 4.254 -1.093 3.963
SPIN 2 4 6 13 2.278 -5.333 -1.171
SPIN 2 4 6 14 5.757 1.052 0.867
SPIN 2 4 6 15 -5.504 1.658 1.398
SPIN 3 4 7 0 1.749 0.763 -5.600
SPIN 3 4 7 1 0.214 5.701 1.567
SPIN 3 4 7 2 5.031 2.329 -2.065
SPIN 3 4 7 3 -5.852 -0.445 0.750
SPIN 3 4 7 4 0.827 -2.981 -5.043
SPIN 3 4 7 5 2.742 -2.561 4.574
SPIN 3 4 7 6 0.669 1.198 -5.755
SPIN 3 4 7 7 -4.652 -2.326 2.820
SPIN 3 4 7 8 0.505 2.656 5.262
SPIN 3 4 7 9 3.900 -3.019 -3.268
SPIN 3 4 7 10 2.449 -4.766 2.507
SPIN 3 4 7 11 -1.169 0.415 -5.785
SPIN 3 4 7 12 -1.092 5.274 2.448
SPIN 3 4 7 13 1.795 -0.730 -5.590
SPIN 3 4 7 14 -5.233 1.112 -2.526
SPIN 3 4 7 15 2.697 4.796 2.175
SPIN 2 4 7 0 4.206 -1.005 -4.037
SPIN 2 4 7 1 -4.686 -3.068 1.905
SPIN 2 4 7 2 5.446 0.028 2.312
SPIN 2 4 7 3 1.119 -3.007 -4.970
SPIN 2 4 7 4 -1.624 -5.689 0.059
SPIN 2 4 7 5 3.217 4.962 0.156
SPIN 2 4 7 6 4.697 0.804 -3.506
SPIN 2 4 7 7 5.093 -2.985 -0.389
SPIN 2 4 7 8 -1.998 -4.180 -3.680
SPIN 2 4 7 9 -0.546 -4.696 -3.557
SPIN 2 4 7 10 2.402 3.382 4.218
SPIN 2 4 7 11 -3.183 -4.349 -2.441
SPIN 2 4 7 12 4.817 0.964 3.296
SPIN 2 4 7 13 3.989 2.215 3.767
SPIN 2 4 7 14 3.364 4.776 -0.936
SPIN 2 4 7 15 4.181 3.429 2.400
SPIN 3 4 8 0 2.891 1.039 5.056
SPIN 3 4 8 1 0.340 -2.325 -5.430
SPIN 3 4 8 2 -2.696 4.524 -2.696
SPIN 3 4 8 3 -1.980 -5.546 -0.568
SPIN 3 4 8 4 0.760 5.790 0.950
SPIN 3 4 8 5 -2.356 -5.367 -0.802
SPIN 3 4 8 6 1.291 -0.142 5.772
SPIN 3 4 8 7 -5.255 -1.826 -2.013
SPIN 3 4 8 8 4.627 -3.426 1.361
SPIN 3 4 8 9 -4.529 0.613 -3.757
SPIN 3 4 8 10 -2.105 -3.297 -4.438
SPIN 3 4 8 11 -4.382 -0.255 -3.966
SPIN 3 4 8 12 1.518 -2.774 -5.000
SPIN 3 4 8 13 3.272 3.641 3.322
SPIN 3 4 8 14 -0.030 5.886 -0.597
SPIN 3 4 8 15 -0.643 0.007 -5.881
SPIN 2 4 8 0 -1.430 5.334 -2.121
SPIN 2 4 8 1 4.752 -2.909 -1.989
SPIN 2 4 8 2 0.573 5.326 -2.511
SPIN 2 4 8 3 -5.810 -0.181 -1.100
SPIN 2 4 8 4 3.408 -2.322 4.241
SPIN 2 4 8 5 -5.044 0.002 -3.092
SPIN 2 4 8 6 -2.196 2.653 -4.810
SPIN 2 4 8 7 -1.476 -5.173 -2.461
SPIN 2 4 8 8 -0.772 5.747 1.171
SPIN 2 4 8 9 3.859 2.798 -3.504
SPIN 2 4 8 10 -2.570 2.169 -4.867
SPIN 2 4 8 11 5.832 -0.589 -0.797
SPIN 2 4 8 12 2.965 3.277 3.933
SPIN 2 4 8 13 0.247 -5.842 0.903
SPIN 2 4 8 14 -4.289 4.075 0.042
SPIN 2 4 8 15 0.179 -3.464 -4.792
SPIN 3 4 9 0 -2.735 4.750 2.227
SPIN 3 4 9 1 -2.941 4.498 -2.473
SPIN 3 4 9 2 -1.207 -4.299 3.881
SPIN 3 4 9 3 1.819 4.054 3.906
SPIN 3 4 9 4 0.896 0.928 -5.774
SPIN 3 4 9 5 5.060 -2.459 1.831
SPIN 3 4 9 6 -5.772 0.786 -1.033
SPIN 3 4 9 7 3.031 -4.414 -2.515
SPIN 3 4 9 8 -1.402 -0.009 5.748
SPIN 3 4 9 9 -2.931 -0.977 -5.045
SPIN 3 4 9 10 1.409 4.605 3.437
SPIN 3 4 9 11 -2.116 -4.619 -3.031
SPIN 3 4 9 12 -3.630 4.472 1.351
SPIN 3 4 9 13 -1.069 -0.453 -5.801
SPIN 3 4 9 14 0.043 -5.915 -0.087
SPIN 3 4 9 15 2.509 4.546 2.835
SPIN 2 4 9 0 2.927 -3.779 3.486
SPIN 2 4 9 1 0.383 2.813 5.190
SPIN 2 4 9 2 -0.798 -1.508 -5.665
SPIN 2 4 9 3 3.422 -2.062 4.363
SPIN 2 4 9 4 -5.642 0.615 1.670
SPIN 2 4 9 5 -3.148 4.428 2.343
SPIN 2 4 9 6 -4.236 4.018 0.952
SPIN 2 4 9 7 5.384 -1.857 1.603
SPIN 2 4 9 8 -0.956 -5.788 0.765
SPIN 2 4 9 9 4.868 -2.488 2.261
SPIN 2 4 9 10 4.040 -0.146 4.319
SPIN 2 4 9 11 -4.926 2.227 -2.403
SPIN 2 4 9 12 4.570 -3.750 -0.238
SPIN 2 4 9 13 3.137 -0.407 4.999
SPIN 2 4 9 14 -0.804 5.662 -1.514
SPIN 2 4 9 15 3.685 -4.196 1.952
SPIN 3 4 10 0 -3.244 0.372 4.934
SPIN 3 4 10 1 1.335 -5.471 -1.813
SPIN 3 4 10 2 1.329 5.321 2.219
SPIN 3 4 10 3 1.156 -2.046 5.429
SPIN 3 4 10 4 4.903 -1.085 3.128
SPIN 3 4 10 5 0.694 4.154 -4.155
SPIN 3 4 10 6 3.792 -1.131 4.398
SPIN 3 4 10 7 -5.381 -0.985 -2.253
SPIN 3 4 10 8 -5.082 3.028 0.040
SPIN 3 4 10 9 -2.221 -2.669 4.790
SPIN 3 4 10 10 3.661 0.108 4.646
SPIN 3 4 10 11 -3.748 2.185 -4.022
SPIN 3 4 10 12 3.035 -4.687 -1.955
SPIN 3 4 10 13 -2.122 3.847 3.963
SPIN 3 4 10 14 0.065 1.700 5.666
SPIN 3 4 10 15 1.548 4.650 -3.314
SPIN 2 4 10 0 -3.413 3.431 -3.403
SPIN 2 4 10 1 -2.405 2.268 -4.906
SPIN 2 4 10 2 -0.540 -0.791 5.838
SPIN 2 4 10 3 5.351 2.245 -1.154
SPIN 2 4 10 4 2.692 2.038 -4.858
SPIN 2 4 10 5 5.104 -2.977 -0.289
SPIN 2 4 10 6 -0.531 5.735 1.352
SPIN 2 4 10 7 2.468 -3.899 -3.702
SPIN 2 4 10 8 -4.202 4.159 -0.216
SPIN 2 4 10 9 -1.329 -2.661 5.114
SPIN 2 4 10 10 2.414 -4.878 -2.319
SPIN 2 4 10 11 -3.502 -2.982 -3.721
SPIN 2 4 10 12 -3.736 4.585 -0.145
SPIN 2 4 10 13 3.704 -1.827 -4.236
SPIN 2 4 10 14 3.640 2.050 4.189
SPIN 2 4 10 15 1.499 -3.046 -4.845
SPIN 3 4 11 0 0.637 3.916 -4.389
SPIN 3 4 11 1 -4.294 3.932 1.049
SPIN 3 4 11 2 -1.935 2.989 -4.725
SPIN 3 4 11 3 -0.788 -3.327 4.828
SPIN 3 4 11 4 -5.390 0.276 -2.424
SPIN 3 4 11 5 -3.217 -4.517 -2.060
SPIN 3 4 11 6 1.147 1.962 5.462
SPIN 3 4 11 7 3.805 -4.289 -1.458
SPIN 3 4 11 8 -2.081 -2.393 4.994
SPIN 3 4 11 9 -5.001 2.806 1.456
SPIN 3 4 11 10 -4.415 3.413 1.964
SPIN 3 4 11 11 -0.253 5.910 0.050
SPIN 3 4 11 12 -5.042 -2.926 1.011
SPIN 3 4 11 13 0.854 -5.671 -1.451
SPIN 3 4 11 14 0.275 1.202 -5.786
SPIN 3 4 11 15 5.854 0.368 -0.769
SPIN 2 4 11 0 -4.339 -3.406 2.139
SPIN 2 4 11 1 4.832 -3.400 0.297
SPIN 2 4 11 2 2.755 -4.654 -2.397
SPIN 2 4 11 3 -2.266 -1.525 -5.248
SPIN 2 4 11 4 -1.561 2.087 5.311
SPIN 2 4 11 5 0.124 5.592 -1.928
SPIN 2 4 11 6 -4.229 -4.036 -0.912
SPIN 2 4 11 7 0.940 -4.174 4.086
SPIN 2 4 11 8 -4.798 0.533 3.420
SPIN 2 4 11 9 2.879 3.586 -3.722
SPIN 2 4 11 10 1.713 5.560 -1.075
SPIN 2 4 11 11 -0.350 -5.904 0.150
SPIN 2 4 11 12 4.110 3.978 1.511
SPIN 2 4 11 13 0.686 3.822 -4.463
SPIN 2 4 11 14 2.099 5.142 -2.039
SPIN 2 4 11 15 0.819 -5.858 -0.129
SPIN 3 4 12 0 -1.253 -4.882 -3.098
SPIN 3 4 12 1 -3.355 1.764 -4.543
SPIN 3 4 12 2 -5.897 0.473 -0.020
SPIN 3 4 12 3 -5.169 2.588 1.260
SPIN 3 4 12 4 5.182 -1.808 -2.209
SPIN 3 4 12 5 -5.132 -2.648 -1.286
SPIN 3 4 12 6 5.753 -0.999 -0.953
SPIN 3 4 12 7 -2.986 2.140 -4.637
SPIN 3 4 12 8 0.657 -3.198 -4.934
SPIN 3 4 12 9 -3.876 4.231 1.439
SPIN 3 4 12 10 1.599 -3.342 4.613
SPIN 3 4 12 11 -0.866 1.695 -5.601
SPIN 3 4 12 12 -2.819 5.195 0.247
SPIN 3 4 12 13 -0.905 4.336 -3.922
SPIN 3 4 12 14 -3.980 0.734 4.315
SPIN 3 4 12 15 -1.522 5.439 1.761
SPIN 2 4 12 0 3.721 -0.468 4.576
SPIN 2 4 12 1 5.869 0.647 -0.373
SPIN 2 4 12 2 -5.689 -1.167 1.127
SPIN 2 4 12 3 5.241 -0.321 -2.726
SPIN 2 4 12 4 5.556 -0.572 1.950
SPIN 2 4 12 5 -1.885 -5.051 2.436
SPIN 2 4 12 6 -3.027 -5.059 0.495
SPIN 2 4 12 7 2.925 3.364 -3.890
SPIN 2 4 12 8 1.030 5.822 -0.193
SPIN 2 4 12 9 -0.822 -4.159 4.126
SPIN 2 4 12 10 4.476 -2.764 -2.707
SPIN 2 4 12 11 -2.502 5.341 0.459
SPIN 2 4 12 12 -3.062 -4.382 2.535
SPIN 2 4 12 13 -4.551 1.389 3.515
SPIN 2 4 12 14 4.053 3.656 -2.282
SPIN 2 4 12 15 3.931 -4.417 -0.191
SPIN 3 4 13 0 3.112 4.980 -0.722
SPIN 3 4 13 1 -2.902 -3.938 3.327
SPIN 3 4 13 2 -2.025 4.494 -3.272
SPIN 3 4 13 3 0.971 -5.834 -0.156
SPIN 3 4 13 4 -5.387 -2.339 -0.716
SPIN 3 4 13 5 -0.470 5.876 0.500
SPIN 3 4 13 6 -0.949 0.098 5.839
SPIN 3 4 13 7 -2.950 -4.362 -2.696
SPIN 3 4 13 8 -1.782 1.307 5.488
SPIN 3 4 13 9 2.309 3.266 4.359
SPIN 3 4 13 10 4.183 2.187 -3.567
SPIN 3 4 13 11 5.172 -0.428 2.841
SPIN 3 4 13 12 -0.096 -1.575 -5.702
SPIN 3 4 13 13 5.102 -1.302 2.697
SPIN 3 4 13 14 2.675 5.276 -0.079
SPIN 3 4 13 15 2.078 -3.302 4.448
SPIN 2 4 13 0 3.068 4.998 -0.783
SPIN 2 4 13 1 -0.360 3.722 4.585
SPIN 2 4 13 2 1.187 1.861 5.489
SPIN 2 4 13 3 -5.692 1.475 -0.651
SPIN 2 4 13 4 5.537 1.617 1.313
SPIN 2 4 13 5 -0.059 5.903 -0.391
SPIN 2 4 13 6 2.281 4.219 3.464
SPIN 2 4 13 7 -2.872 -4.739 -2.073
SPIN 2 4 13 8 -3.800 -3.662 -2.673
SPIN 2 4 13 9 -5.466 -1.870 1.274
SPIN 2 4 13 10 1.717 -4.389 -3.576
SPIN 2 4 13 11 -2.668 -1.791 -4.967
SPIN 2 4 13 12 -3.510 2.024 4.311
SPIN 2 4 13 13 0.158 -2.760 5.230
SPIN 2 4 13 14 -2.220 -5.098 2.022
SPIN 2 4 13 15 -0.685 1.172 5.758
SPIN 3 4 14 0 -5.537 1.937 0.767
SPIN 3 4 14 1 0.160 5.811 -1.099
SPIN 3 4 14 2 5.407 -1.513 -1.863
SPIN 3 4 14 3 -4.444 3.884 -0.404
SPIN 3 4 14 4 2.032 5.533 -0.504
SPIN 3 4 14 5 -3.849 -4.491 0.146
SPIN 3 4 14 6 4.993 -2.968 -1.122
SPIN 3 4 14 7 4.589 3.733 0.041
SPIN 3 4 14 8 0.058 -5.747 -1.404
SPIN 3 4 14 9 -2.315 3.717 3.978
SPIN 3 4 14 10 1.204 3.400 4.689
SPIN 3 4 14 11 4.071 -4.215 -0.812
SPIN 3 4 14 12 3.452 -0.528 -4.776
SPIN 3 4 14 13 1.932 -2.454 5.024
SPIN 3 4 14 14 -4.135 2.537 3.386
SPIN 3 4 14 15 3.082 0.896 -4.970
SPIN 2 4 14 0 4.161 4.078 1.026
SPIN 2 4 14 1 -0.676 -2.904 -5.110
SPIN 2 4 14 2 1.240 4.888 3.094
SPIN 2 4 14 3 3.011 1.953 4.704
SPIN 2 4 14 4 4.330 0.060 4.031
SPIN 2 4 14 5 0.463 -2.683 5.253
SPIN 2 4 14 6 -3.916 4.090 -1.714
SPIN 2 4 14 7 -5.105 -2.819 -0.996
SPIN 2 4 14 8 1.284 -3.021 4.922
SPIN 2 4 14 9 -2.825 -1.649 -4.929
SPIN 2 4 14 10 -2.487 -5.161 1.474
SPIN 2 4 14 11 -1.154 0.125 5.801
SPIN 2 4 14 12 4.569 -0.271 -3.749
SPIN 2 4 14 13 2.122 5.064 2.203
SPIN 2 4 14 14 -5.842 -0.071 -0.933
SPIN 2 4 14 15 -2.863 -4.310 -2.867
SPIN 3 4 15 0 4.838 0.946 -3.271
SPIN 3 4 15 1 -0.278 -2.337 -5.428
SPIN 3 4 15 2 -4.636 -3.369 1.470
SPIN 3 4 15 3 5.138 1.417 -2.568
SPIN 3 4 15 4 -0.184 -3.490 4.774
SPIN 3 4 15 5 -5.818 0.725 0.788
SPIN 3 4 15 6 3.338 -3.089 -3.783
SPIN 3 4 15 7 -4.268 -3.931 -1.153
SPIN 3 4 15 8 4.821 -3.130 1.401
SPIN 3 4 15 9 -3.471 4.488 -1.677
SPIN 3 4 15 10 5.717 1.480 0.351
SPIN 3 4 15 11 -5.204 0.189 2.808
SPIN 3 4 15 12 0.105 -2.110 5.526
SPIN 3 4 15 13 -5.069 2.632 1.542
SPIN 3 4 15 14 5.661 -1.329 -1.088
SPIN 3 4 15 15 1.159 -5.477 1.912
SPIN 2 4 15 0 -2.100 -4.248 3.542
SPIN 2 4 15 1 -4.031 -3.838 -2.007
SPIN 2 4 15 2 0.876 -3.093 -4.967
SPIN 2 4 15 3 -4.232 4.133 -0.077
SPIN 2 4 15 4 4.216 -0.494 4.121
SPIN 2 4 15 5 5.287 -1.421 -2.243
SPIN 2 4 15 6 -1.053 -0.096 5.821
SPIN 2 4 15 7 0.132 1.892 -5.604
SPIN 2 4 15 8 -3.086 4.955 0.961
SPIN 2 4 15 9 -3.797 -1.919 4.111
SPIN 2 4 15 10 5.507 2.076 -0.598
SPIN 2 4 15 11 0.746 3.634 -4.609
SPIN 2 4 15 12 -5.679 1.233 -1.109
SPIN 2 4 15 13 3.639 -3.399 3.195
SPIN 2 4 15 14 -0.311 5.897 0.357
SPIN 2 4 15 15 0.291 3.618 -4.671
SPIN 1 5 0 0 -5.396 2.225 0.967
SPIN 1 5 0 1 -2.941 4.072 -3.126
SPIN 1 5 0 2 -2.354 5.412 -0.418
SPIN 1 5 0 3 -0.808 -4.470 3.790
SPIN 1 5 0 4 5.488 1.104 -1.915
SPIN 1 5 0 5 -5.201 -0.765 -2.714
SPIN 1 5 0 6 2.665 3.413 -4.031
SPIN 1 5 0 7 -4.883 -2.889 -1.676
SPIN 1 5 0 8 3.517 -4.197 2.239
SPIN 1 5 0 9 -5.734 -0.313 1.422
SPIN 1 5 0 10 -5.194 1.025 -2.641
SPIN 1 5 0 11 0.592 1.169 -5.769
SPIN 1 5 0 12 -2.086 3.638 4.173
SPIN 1 5 0 13 -4.850 3.300 -0.764
SPIN 1 5 0 14 -4.906 -1.653 -2.864
SPIN 1 5 0 15 -1.156 -2.743 5.112
SPIN 4 5 0 0 0.113 2.175 5.500
SPIN 4 5 0 1 -0.934 4.949 -3.104
SPIN 4 5 0 2 0.282 -3.532 -4.738
SPIN 4 5 0 3 2.839 -4.622 2.362
SPIN 4 5 0 4 -5.709 0.787 1.338
SPIN 4 5 0 5 -2.181 -3.772 4.002
SPIN 4 5 0 6 5.686 -1.633 -0.013
SPIN 4 5 0 7 -3.572 -0.114 4.715
SPIN 4 5 0 8 3.453 2.020 -4.359
SPIN 4 5 0 9 4.394 1.497 -3.668
SPIN 4 5 0 10 4.396 -3.027 2.552
SPIN 4 5 0 11 3.399 4.835 -0.277
SPIN 4 5 0 12 -2.872 4.593 2.378
SPIN 4 5 0 13 -1.672 3.765 -4.246
SPIN 4 5 0 14 4.803 1.843 2.921
SPIN 4 5 0 15 -0.529 -5.817 0.938
SPIN 1 5 1 0 -2.339 -5.426 -0.289
SPIN 1 5 1 1 2.773 0.554 5.197
SPIN 1 5 1 2 3.510 0.454 4.741
SPIN 1 5 1 3 4.358 -2.752 -2.904
SPIN 1 5 1 4 -2.834 -4.860 1.831
SPIN 1 5 1 5 4.099 2.448 3.493
SPIN 1 5 1 6 3.478 -4.786 0.033
SPIN 1 5 1 7 -1.984 3.860 4.021
SPIN 1 5 1 8 3.139 1.743 -4.702
SPIN 1 5 1 9 -0.070 -1.568 5.704
SPIN 1 5 1 10 3.707 1.472 4.369
SPIN 1 5 1 11 2.671 -4.279 3.091
SPIN 1 5 1 12 3.154 -4.897 1.036
SPIN 1 5 1 13 1.513 5.618 1.072
SPIN 1 5 1 14 2.678 0.127 -5.274
SPIN 1 5 1 15 0.631 3.285 -4.880
SPIN 4 5 1 0 5.030 2.984 0.891
SPIN 4 5 1 1 3.088 -0.063 -5.046
SPIN 4 5 1 2 1.213 2.995 -4.955
SPIN 4 5 1 3 -5.149 -2.914 0.047
SPIN 4 5 1 4 -5.134 -0.044 2.939
SPIN 4 5 1 5 0.509 5.891 0.203
SPIN 4 5 1 6 -4.246 2.555 3.232
SPIN 4 5 1 7 3.472 -4.110 -2.460
SPIN 4 5 1 8 -2.200 3.638 4.114
SPIN 4 5 1 9 0.050 -4.767 -3.504
SPIN 4 5 1 10 -4.034 -4.304 -0.451
SPIN 4 5 1 11 -5.900 -0.322 -0.290
SPIN 4 5 1 12 2.015 5.082 2.262
SPIN 4 5 1 13 -1.072 -5.242 -2.523
SPIN 4 5 1 14 5.549 1.959 -0.606
SPIN 4 5 1 15 -1.671 4.209 3.806
SPIN 1 5 2 0 2.729 -2.562 -4.581
SPIN 1 5 2 1 -1.787 -4.413 3.512
SPIN 1 5 2 2 -1.767 -5.007 -2.608
SPIN 1 5 2 3 1.426 5.231 -2.367
SPIN 1 5 2 4 4.204 -3.793 -1.714
SPIN 1 5 2 5 0.643 -5.624 -1.718
SPIN 1 5 2 6 -1.101 1.461 -5.626
SPIN 1 5 2 7 4.770 -3.500 -0.050
SPIN 1 5 2 8 -0.438 4.509 3.805
SPIN 1 5 2 9 2.824 -4.647 -2.330
SPIN 1 5 2 10 -0.111 4.577 3.747
SPIN 1 5 2 11 -2.811 -0.895 -5.128
SPIN 1 5 2 12 0.857 4.841 -3.291
SPIN 1 5 2 13 -0.885 -1.775 -5.574
SPIN 1 5 2 14 2.665 -1.065 5.173
SPIN 1 5 2 15 -1.038 5.809 0.418
SPIN 4 5 2 0 -5.032 2.517 -1.829
SPIN 4 5 2 1 -5.139 -1.416 2.567
SPIN 4 5 2 2 -0.240 -5.694 1.586
SPIN 4 5 2 3 0.227 -3.880 -4.461
SPIN 4 5 2 4 3.309 4.845 -0.761
SPIN 4 5 2 5 0.174 3.743 4.578
SPIN 4 5 2 6 -3.342 -4.781 -0.986
SPIN 4 5 2 7 -5.874 0.152 0.690
SPIN 4 5 2 8 -0.992 -5.464 -2.039
SPIN 4 5 2 9 1.800 4.097 3.870
SPIN 4 5 2 10 2.438 -5.205 1.400
SPIN 4 5 2 11 5.828 -0.357 0.951
SPIN 4 5 2 12 -5.251 -0.724 2.628
SPIN 4 5 2 13 -4.496 3.596 1.361
SPIN 4 5 2 14 -1.242 -2.407 -5.259
SPIN 4 5 2 15 3.692 0.141 -4.621
SPIN 1 5 3 0 -4.318 1.843 3.600
SPIN 1 5 3 1 4.970 -3.184 -0.405
SPIN 1 5 3 2 -1.866 5.605 -0.319
SPIN 1 5 3 3 -0.344 4.797 -3.445
SPIN 1 5 3 4 5.401 0.141 2.410
SPIN 1 5 3 5 -4.890 -0.841 3.223
SPIN 1 5 3 6 5.506 2.139 0.329
SPIN 1 5 3 7 0.127 -2.565 -5.329
SPIN 1 5 3 8 5.893 -0.095 -0.508
SPIN 1 5 3 9 -1.470 -1.416 5.553
SPIN 1 5 3 10 -1.370 0.931 -5.679
SPIN 1 5 3 11 3.316 -2.288 -4.332
SPIN 1 5 3 12 3.060 -3.230 3.900
SPIN 1 5 3 13 1.293 -3.390 -4.673
SPIN 1 5 3 14 -5.232 1.397 2.381
SPIN 1 5 3 15 -2.764 -3.998 3.373
SPIN 4 5 3 0 5.092 2.883 -0.872
SPIN 4 5 3 1 -0.933 2.084 -5.458
SPIN 4 5 3 2 0.019 -3.974 4.383
SPIN 4 5 3 3 3.838 -4.100 -1.861
SPIN 4 5 3 4 0.051 5.720 -1.509
SPIN 4 5 3 5 4.094 -2.577 -3.405
SPIN 4 5 3 6 3.160 0.997 4.901
SPIN 4 5 3 7 4.670 3.411 -1.246
SPIN 4 5 3 8 -3.420 4.158 2.451
SPIN 4 5 3 9 -0.655 -5.863 -0.441
SPIN 4 5 3 10 -1.632 -3.080 4.781
SPIN 4 5 3 11 1.293 4.066 -4.098
SPIN 4 5 3 12 0.826 -5.835 -0.520
SPIN 4 5 3 13 5.254 -0.108 -2.716
SPIN 4 5 3 14 1.551 5.424 -1.782
SPIN 4 5 3 15 5.122 2.438 1.678
SPIN 1 5 4 0 0.619 -5.562 -1.919
SPIN 1 5 4 1 -3.307 3.048 3.844
SPIN 1 5 4 2 -1.241 0.839 -5.723
SPIN 1 5 4 3 2.584 5.119 1.454
SPIN 1 5 4 4 -0.644 -5.318 2.511
SPIN 1 5 4 5 1.302 -4.269 3.884
SPIN 1 5 4 6 1.400 5.028 2.786
SPIN 1 5 4 7 2.008 0.505 -5.542
SPIN 1 5 4 8 1.023 3.225 -4.853
SPIN 1 5 4 9 -3.885 -3.969 -2.038
SPIN 1 5 4 10 -1.991 4.856 -2.731
SPIN 1 5 4 11 -2.539 -3.338 4.172
SPIN 1 5 4 12 -3.785 -0.401 -4.529
SPIN 1 5 4 13 1.903 1.438 5.414
SPIN 1 5 4 14 -4.433 -0.993 -3.789
SPIN 1 5 4 15 -5.253 0.557 2.665
SPIN 4 5 4 0 -3.411 -4.820 0.363
SPIN 4 5 4 1 -1.970 2.131 -5.156
SPIN 4 5 4 2 -2.301 -2.825 4.661
SPIN 4 5 4 3 -0.997 -0.554 -5.805
SPIN 4 5 4 4 -0.506 1.430 -5.718
SPIN 4 5 4 5 -1.895 5.350 1.668
SPIN 4 5 4 6 -0.699 -2.645 -5.245
SPIN 4 5 4 7 -5.820 -1.060 -0.002
SPIN 4 5 4 8 4.633 -3.000 -2.130
SPIN 4 5 4 9 3.260 2.903 3.994
SPIN 4 5 4 10 4.300 -3.362 -2.282
SPIN 4 5 4 11 0.403 -5.788 -1.155
SPIN 4 5 4 12 -1.263 -0.872 -5.713
SPIN 4 5 4 13 0.027 1.446 5.737
SPIN 4 5 4 14 5.005 2.137 -2.320
SPIN 4 5 4 15 4.727 1.246 -3.333
SPIN 1 5 5 0 -5.337 -1.662 -1.938
SPIN 1 5 5 1 4.873 3.345 -0.253
SPIN 1 5 5 2 4.092 2.110 -3.716
SPIN 1 5 5 3 -4.003 -4.027 -1.661
SPIN 1 5 5 4 4.333 -2.867 -2.830
SPIN 1 5 5 5 2.642 1.855 4.958
SPIN 1 5 5 6 -3.536 -4.055 -2.462
SPIN 1 5 5 7 4.304 2.590 3.125
SPIN 1 5 5 8 -3.504 1.599 -4.491
SPIN 1 5 5 9 5.777 0.807 0.989
SPIN 1 5 5 10 -4.463 3.795 -0.828
SPIN 1 5 5 11 -0.971 -4.805 -3.311
SPIN 1 5 5 12 4.240 3.838 -1.512
SPIN 1 5 5 13 -3.746 -4.235 -1.741
SPIN 1 5 5 14 4.335 2.936 2.755
SPIN 1 5 5 15 0.881 0.001 -5.850
SPIN 4 5 5 0 -1.977 5.129 -2.187
SPIN 4 5 5 1 1.653 1.645 5.437
SPIN 4 5 5 2 2.212 -4.692 2.844
SPIN 4 5 5 3 1.007 2.556 5.240
SPIN 4 5 5 4 -1.755 -5.617 -0.608
SPIN 4 5 5 5 0.707 -2.831 -5.146
SPIN 4 5 5 6 2.843 4.608 2.384
SPIN 4 5 5 7 5.720 -0.709 -1.333
SPIN 4 5 5 8 2.531 -1.950 -4.979
SPIN 4 5 5 9 -1.335 -4.952 -2.949
SPIN 4 5 5 10 -4.641 -0.051 -3.669
SPIN 4 5 5 11 -1.831 -2.232 -5.164
SPIN 4 5 5 12 -4.725 3.329 1.261
SPIN 4 5 5 13 1.734 3.800 -4.189
SPIN 4 5 5 14 -5.445 0.778 2.178
SPIN 4 5 5 15 1.035 -4.952 -3.066
SPIN 1 5 6 0 -1.594 -4.399 -3.621
SPIN 1 5 6 1 -4.322 -0.271 4.031
SPIN 1 5 6 2 -5.586 -1.433 -1.322
SPIN 1 5 6 3 0.188 5.268 -2.685
SPIN 1 5 6 4 -5.446 -1.566 1.699
SPIN 1 5 6 5 2.011 -3.470 4.349
SPIN 1 5 6 6 4.597 -2.613 -2.653
SPIN 1 5 6 7 -5.837 -0.643 0.717
SPIN 1 5 6 8 0.657 4.178 4.137
SPIN 1 5 6 9 -3.727 -4.578 0.386
SPIN 1 5 6 10 -4.820 -1.294 3.176
SPIN 1 5 6 11 -0.007 -0.258 -5.910
SPIN 1 5 6 12 0.926 3.734 4.495
SPIN 1 5 6 13 -0.506 5.536 2.024
SPIN 1 5 6 14 1.693 -5.346 -1.885
SPIN 1 5 6 15 0.016 5.765 1.330
SPIN 4 5 6 0 4.527 -3.532 1.424
SPIN 4 5 6 1 5.115 1.263 -2.690
SPIN 4 5 6 2 -2.171 -1.939 5.150
SPIN 4 5 6 3 -4.215 -1.092 -4.005
SPIN 4 5 6 4 2.701 2.703 -4.517
SPIN 4 5 6 5 -4.874 -0.270 3.342
SPIN 4 5 6 6 -0.425 4.792 -3.443
SPIN 4 5 6 7 2.459 3.812 3.798
SPIN 4 5 6 8 -1.918 -2.737 4.882
SPIN 4 5 6 9 -3.612 3.188 -3.434
SPIN 4 5 6 10 -3.143 -0.093 5.011
SPIN 4 5 6 11 2.914 5.089 0.783
SPIN 4 5 6 12 3.808 -4.515 0.338
SPIN 4 5 6 13 -4.142 0.966 -4.112
SPIN 4 5 6 14 -5.465 0.101 -2.263
SPIN 4 5 6 15 -3.555 -1.875 -4.342
SPIN 1 5 7 0 2.997 2.983 4.138
SPIN 1 5 7 1 -5.194 -1.546 -2.373
SPIN 1 5 7 2 2.168 5.504 0.039
SPIN 1 5 7 3 1.242 3.063 4.907
SPIN 1 5 7 4 4.535 0.593 3.753
SPIN 1 5 7 5 -5.223 0.478 -2.738
SPIN 1 5 7 6 -1.194 5.559 -1.633
SPIN 1 5 7 7 5.258 -2.087 -1.732
SPIN 1 5 7 8 -5.603 -0.850 -1.698
SPIN 1 5 7 9 -1.126 5.765 -0.705
SPIN 1 5 7 10 -1.361 -3.641 -4.460
SPIN 1 5 7 11 0.417 4.815 3.413
SPIN 1 5 7 12 -3.206 0.474 4.949
SPIN 1 5 7 13 4.473 -2.745 -2.730
SPIN 1 5 7 14 0.178 3.415 4.828
SPIN 1 5 7 15 -3.482 2.059 4.317
SPIN 4 5 7 0 -5.306 2.611 0.181
SPIN 4 5 7 1 -0.665 -5.866 -0.385
SPIN 4 5 7 2 3.076 -1.641 4.780
SPIN 4 5 7 3 -4.478 -2.436 -3.002
SPIN 4 5 7 4 3.698 0.247 -4.612
SPIN 4 5 7 5 -0.297 -5.742 1.395
SPIN 4 5 7 6 1.178 3.017 -4.951
SPIN 4 5 7 7 3.810 4.226 -1.619
SPIN 4 5 7 8 -3.326 -0.571 -4.859
SPIN 4 5 7 9 -3.502 -4.032 -2.546
SPIN 4 5 7 10 2.510 -2.561 4.705
SPIN 4 5 7 11 -3.555 2.565 3.973
SPIN 4 5 7 12 -5.656 1.046 1.384
SPIN 4 5 7 13 -2.765 -2.399 4.647
SPIN 4 5 7 14 1.734 -4.457 -3.483
SPIN 4 5 7 15 4.387 -0.718 -3.904
SPIN 1 5 8 0 -0.686 -5.686 1.485
SPIN 1 5 8 1 5.293 -1.250 -2.329
SPIN 1 5 8 2 -5.299 2.463 0.925
SPIN 1 5 8 3 2.757 -4.654 -2.396
SPIN 1 5 8 4 -0.903 5.818 0.583
SPIN 1 5 8 5 -0.515 -3.132 -4.993
SPIN 1 5 8 6 2.672 -2.737 4.513
SPIN 1 5 8 7 -5.267 2.606 0.682
SPIN 1 5 8 8 -3.363 -4.251 -2.370
SPIN 1 5 8 9 -0.002 -3.400 4.842
SPIN 1 5 8 10 -2.214 1.489 5.280
SPIN 1 5 8 11 4.584 0.081 -3.739
SPIN 1 5 8 12 4.235 3.694 -1.849
SPIN 1 5 8 13 4.815 2.722 2.099
SPIN 1 5 8 14 3.535 3.581 -3.111
SPIN 1 5 8 15 -1.088 5.006 2.959
SPIN 4 5 8 0 -3.833 3.842 2.355
SPIN 4 5 8 1 -1.680 -4.519 -3.428
SPIN 4 5 8 2 3.531 3.295 3.416
SPIN 4 5 8 3 -0.354 -2.878 5.156
SPIN 4 5 8 4 -0.217 -5.814 1.074
SPIN 4 5 8 5 -4.621 3.601 -0.824
SPIN 4 5 8 6 3.073 -4.857 -1.403
SPIN 4 5 8 7 -0.569 5.353 2.455
SPIN 4 5 8 8 -4.163 -2.769 3.163
SPIN 4 5 8 9 2.891 -5.085 0.886
SPIN 4 5 8 10 0.992 -3.533 4.641
SPIN 4 5 8 11 -5.517 1.295 -1.698
SPIN 4 5 8 12 0.878 -2.798 5.138
SPIN 4 5 8 13 4.030 4.285 -0.628
SPIN 4 5 8 14 -0.389 -3.793 4.523
SPIN 4 5 8 15 5.511 0.919 1.945
SPIN 1 5 9 0 1.583 5.154 -2.436
SPIN 1 5 9 1 -2.213 -4.120 3.624
SPIN 1 5 9 2 2.391 -2.409 4.845
SPIN 1 5 9 3 -3.152 1.759 -4.688
SPIN 1 5 9 4 4.579 -1.989 -3.175
SPIN 1 5 9 5 -3.439 -4.811 0.182
SPIN 1 5 9 6 -2.218 -5.029 2.188
SPIN 1 5 9 7 5.467 -2.097 0.843
SPIN 1 5 9 8 1.420 5.648 -1.041
SPIN 1 5 9 9 2.608 -1.763 -5.009
SPIN 1 5 9 10 4.210 3.437 2.337
SPIN 1 5 9 11 5.786 1.231 0.106
SPIN 1 5 9 12 1.291 -0.331 5.764
SPIN 1 5 9 13 5.848 -0.543 -0.709
SPIN 1 5 9 14 -0.397 -5.754 1.316
SPIN 1 5 9 15 0.477 5.477 2.186
SPIN 4 5 9 0 0.562 -5.832 0.820
SPIN 4 5 9 1 4.088 -0.682 -4.222
SPIN 4 5 9 2 -0.623 1.475 5.695
SPIN 4 5 9 3 5.011 1.975 2.448
SPIN 4 5 9 4 -2.523 0.678 5.308
SPIN 4 5 9 5 0.709 -5.832 0.699
SPIN 4 5 9 6 1.156 3.672 4.492
SPIN 4 5 9 7 -2.318 -4.799 2.569
SPIN 4 5 9 8 5.256 2.703 0.266
SPIN 4 5 9 9 -5.536 0.006 2.087
SPIN 4 5 9 10 -4.092 2.503 -3.462
SPIN 4 5 9 11 4.299 -3.549 1.980
SPIN 4 5 9 12 3.608 -3.890 2.618
SPIN 4 5 9 13 -0.757 5.446 -2.184
SPIN 4 5 9 14 0.531 2.994 -5.075
SPIN 4 5 9 15 -4.991 -2.612 -1.809
SPIN 1 5 10 0 -3.022 4.725 1.883
SPIN 1 5 10 1 1.429 -5.507 -1.623
SPIN 1 5 10 2 5.874 0.329 0.621
SPIN 1 5 10 3 -2.558 -0.494 -5.312
SPIN 1 5 10 4 -4.428 1.471 -3.637
SPIN 1 5 10 5 -4.475 -0.048 -3.869
SPIN 1 5 10 6 4.503 2.848 -2.572
SPIN 1 5 10 7 -3.312 -1.399 -4.698
SPIN 1 5 10 8 3.708 -4.244 1.800
SPIN 1 5 10 9 4.865 3.178 -1.109
SPIN 1 5 10 10 1.266 1.218 -5.649
SPIN 1 5 10 11 -1.836 2.171 5.188
SPIN 1 5 10 12 1.668 -3.509 -4.461
SPIN 1 5 10 13 0.432 -2.611 -5.291
SPIN 1 5 10 14 -3.732 -4.070 -2.122
SPIN 1 5 10 15 -0.981 1.536 -5.628
SPIN 4 5 10 0 -0.926 3.385 4.763
SPIN 4 5 10 1 1.186 0.912 5.724
SPIN 4 5 10 2 0.185 5.348 -2.523
SPIN 4 5 10 3 4.662 2.508 2.641
SPIN 4 5 10 4 -4.809 -1.222 -3.221
SPIN 4 5 10 5 -5.045 -2.007 2.350
SPIN 4 5 10 6 -3.691 -4.323 1.638
SPIN 4 5 10 7 1.693 5.511 -1.325
SPIN 4 5 10 8 -2.447 5.360 -0.530
SPIN 4 5 10 9 -1.797 -1.247 5.497
SPIN 4 5 10 10 4.244 -0.249 4.114
SPIN 4 5 10 11 2.622 5.290 0.377
SPIN 4 5 10 12 -2.842 3.174 -4.104
SPIN 4 5 10 13 -2.343 -0.552 5.404
SPIN 4 5 10 14 0.105 -5.558 -2.024
SPIN 4 5 10 15 1.947 1.575 5.360
SPIN 1 5 11 0 3.109 -3.266 -3.830
SPIN 1 5 11 1 -3.162 4.625 1.902
SPIN 1 5 11 2 -2.402 0.672 -5.365
SPIN 1 5 11 3 -0.808 1.502 5.665
SPIN 1 5 11 4 5.576 1.137 1.617
SPIN 1 5 11 5 2.962 3.773 -3.463
SPIN 1 5 11 6 5.415 1.800 1.561
SPIN 1 5 11 7 -0.536 -1.038 -5.800
SPIN 1 5 11 8 -5.374 -2.403 -0.590
SPIN 1 5 11 9 -5.716 0.878 -1.247
SPIN 1 5 11 10 1.610 4.999 2.724
SPIN 1 5 11 11 -3.112 -1.229 4.879
SPIN 1 5 11 12 1.740 -5.020 -2.603
SPIN 1 5 11 13 2.185 3.413 -4.310
SPIN 1 5 11 14 3.016 -0.453 5.069
SPIN 1 5 11 15 4.594 2.726 2.542
SPIN 4 5 11 0 2.698 4.786 -2.195
SPIN 4 5 11 1 3.932 2.165 -3.854
SPIN 4 5 11 2 3.530 2.799 -3.835
SPIN 4 5 11 3 -2.738 4.442 2.789
SPIN 4 5 11 4 -4.374 -3.611 -1.682
SPIN 4 5 11 5 4.973 2.552 -1.936
SPIN 4 5 11 6 -1.376 2.174 5.327
SPIN 4 5 11 7 -4.458 2.169 3.228
SPIN 4 5 11 8 -1.519 -5.426 -1.802
SPIN 4 5 11 9 1.626 -5.669 -0.466
SPIN 4 5 11 10 -2.292 -2.635 -4.775
SPIN 4 5 11 11 5.605 -0.775 1.726
SPIN 4 5 11 12 -3.453 -2.300 -4.217
SPIN 4 5 11 13 -2.300 -5.223 1.559
SPIN 4 5 11 14 0.449 5.759 1.278
SPIN 4 5 11 15 -0.749 -3.286 -4.862
SPIN 1 5 12 0 2.835 5.123 -0.848
SPIN 1 5 12 1 -1.782 -4.853 2.876
SPIN 1 5 12 2 -5.167 2.467 -1.488
SPIN 1 5 12 3 0.321 5.580 1.938
SPIN 1 5 12 4 1.030 -4.475 -3.731
SPIN 1 5 12 5 -4.462 -3.293 2.060
SPIN 1 5 12 6 -1.221 -4.761 -3.293
SPIN 1 5 12 7 0.826 -0.547 5.833
SPIN 1 5 12 8 4.198 -0.193 -4.164
SPIN 1 5 12 9 3.325 -2.409 4.259
SPIN 1 5 12 10 2.381 4.472 -3.055
SPIN 1 5 12 11 -1.771 3.001 4.781
SPIN 1 5 12 12 -3.714 -3.866 2.503
SPIN 1 5 12 13 4.519 -0.291 -3.807
SPIN 1 5 12 14 -4.023 -4.162 1.224
SPIN 1 5 12 15 2.940 -4.536 2.405
SPIN 4 5 12 0 -3.379 -0.045 -4.856
SPIN 4 5 12 1 4.190 2.707 3.181
SPIN 4 5 12 2 -5.780 -1.228 0.294
SPIN 4 5 12 3 4.718 -3.209 -1.564
SPIN 4 5 12 4 -3.762 -1.273 4.385
SPIN 4 5 12 5 0.140 3.744 -4.579
SPIN 4 5 12 6 -3.955 4.357 -0.614
SPIN 4 5 12 7 3.270 3.973 2.919
SPIN 4 5 12 8 -3.332 4.875 -0.366
SPIN 4 5 12 9 -1.784 -3.118 4.700
SPIN 4 5 12 10 -2.054 3.669 4.162
SPIN 4 5 12 11 -4.653 2.712 2.447
SPIN 4 5 12 12 3.609 -0.852 -4.610
SPIN 4 5 12 13 4.408 0.581 -3.903
SPIN 4 5 12 14 -5.185 2.838 0.257
SPIN 4 5 12 15 4.558 0.712 3.704
SPIN 1 5 13 0 4.258 -4.092 -0.345
SPIN 1 5 13 1 3.541 0.403 -4.722
SPIN 1 5 13 2 2.178 -3.104 4.541
SPIN 1 5 13 3 0.217 -5.236 -2.745
SPIN 1 5 13 4 -2.815 4.757 -2.108
SPIN 1 5 13 5 -0.277 -2.299 5.444
SPIN 1 5 13 6 2.585 1.894 4.973
SPIN 1 5 13 7 0.954 -3.849 -4.390
SPIN 1 5 13 8 -5.353 -1.644 -1.907
SPIN 1 5 13 9 3.405 2.439 -4.178
SPIN 1 5 13 10 -3.018 4.326 -2.679
SPIN 1 5 13 11 -1.395 -5.615 1.235
SPIN 1 5 13 12 3.994 3.455 -2.666
SPIN 1 5 13 13 0.122 -5.688 1.621
SPIN 1 5 13 14 -5.385 1.222 2.125
SPIN 1 5 13 15 4.217 -0.508 -4.118
SPIN 4 5 13 0 5.592 1.811 0.674
SPIN 4 5 13 1 0.367 -5.889 -0.427
SPIN 4 5 13 2 3.115 2.234 4.506
SPIN 4 5 13 3 -2.550 -4.010 -3.524
SPIN 4 5 13 4 4.272 2.732 -3.047
SPIN 4 5 13 5 0.362 -3.280 -4.910
SPIN 4 5 13 6 -4.227 -2.048 3.596
SPIN 4 5 13 7 1.848 -5.598 -0.502
SPIN 4 5 13 8 -2.249 1.566 -5.243
SPIN 4 5 13 9 -4.828 2.666 -2.142
SPIN 4 5 13 10 3.911 -3.930 -2.063
SPIN 4 5 13 11 -2.325 3.439 4.215
SPIN 4 5 13 12 -0.728 4.034 4.266
SPIN 4 5 13 13 -5.850 -0.237 0.849
SPIN 4 5 13 14 -5.463 -0.753 -2.141
SPIN 4 5 13 15 -3.989 -3.919 -1.930
SPIN 1 5 14 0 -1.197 5.432 -2.015
SPIN 1 5 14 1 0.366 -5.832 0.927
SPIN 1 5 14 2 -0.275 5.540 -2.058
SPIN 1 5 14 3 -5.397 -2.309 -0.736
SPIN 1 5 14 4 5.694 -0.245 1.585
SPIN 1 5 14 5 4.142 -0.071 -4.223
SPIN 1 5 14 6 2.070 5.098 2.173
SPIN 1 5 14 7 2.060 -1.356 5.377
SPIN 1 5 14 8 -5.782 -0.457 1.168
SPIN 1 5 14 9 1.846 4.986 2.595
SPIN 1 5 14 10 -5.634 -0.067 -1.804
SPIN 1 5 14 11 0.180 -0.206 -5.910
SPIN 1 5 14 12 -0.779 -5.855 -0.328
SPIN 1 5 14 13 -5.876 0.661 0.189
SPIN 1 5 14 14 -3.035 5.063 0.393
SPIN 1 5 14 15 0.452 2.239 5.458
SPIN 4 5 14 0 -5.024 2.904 1.152
SPIN 4 5 14 1 -1.378 4.961 2.913
SPIN 4 5 14 2 -5.266 -1.936 1.876
SPIN 4 5 14 3 0.958 1.149 5.724
SPIN 4 5 14 4 0.700 -3.759 -4.515
SPIN 4 5 14 5 -3.517 2.264 4.184
SPIN 4 5 14 6 5.557 -1.457 -1.411
SPIN 4 5 14 7 1.112 0.864 5.746
SPIN 4 5 14 8 4.332 -1.546 -3.720
SPIN 4 5 14 9 3.550 -4.229 -2.124
SPIN 4 5 14 10 -5.902 0.353 0.190
SPIN 4 5 14 11 5.329 1.382 -2.167
SPIN 4 5 14 12 0.143 -3.753 4.571
SPIN 4 5 14 13 5.499 -2.169 0.234
SPIN 4 5 14 14 -5.392 0.939 2.246
SPIN 4 5 14 15 1.766 4.910 2.788
SPIN 1 5 15 0 -3.988 1.787 3.988
SPIN 1 5 15 1 3.829 1.123 4.368
SPIN 1 5 15 2 -2.863 -1.467 4.965
SPIN 1 5 15 3 2.212 -0.561 5.458
SPIN 1 5 15 4 1.867 -0.886 5.543
SPIN 1 5 15 5 -4.462 2.726 2.768
SPIN 1 5 15 6 5.699 -1.265 -0.959
SPIN 1 5 15 7 2.384 5.404 -0.340
SPIN 1 5 15 8 -1.302 -0.709 -5.727
SPIN 1 5 15 9 5.136 -1.328 2.619
SPIN 1 5 15 10 -2.350 -5.299 1.184
SPIN 1 5 15 11 -1.366 -1.714 5.495
SPIN 1 5 15 12 -0.916 5.024 -2.986
SPIN 1 5 15 13 1.725 -3.057 4.763
SPIN 1 5 15 14 2.810 -0.599 5.171
SPIN 1 5 15 15 -3.055 0.355 -5.054
SPIN 4 5 15 0 0.400 -3.388 -4.834
SPIN 4 5 15 1 4.598 3.105 2.055
SPIN 4 5 15 2 -1.866 -2.099 5.207
SPIN 4 5 15 3 -0.641 -3.395 -4.803
SPIN 4 5 15 4 4.346 3.561 -1.852
SPIN 4 5 15 5 -0.121 5.050 3.080
SPIN 4 5 15 6 -0.090 5.441 2.320
SPIN 4 5 15 7 4.165 -3.939 -1.461
SPIN 4 5 15 8 -4.118 4.167 0.824
SPIN 4 5 15 9 -5.610 1.861 0.262
SPIN 4 5 15 10 1.990 -1.978 -5.208
SPIN 4 5 15 11 0.100 -4.545 3.786
SPIN 4 5 15 12 -0.555 0.374 -5.878
SPIN 4 5 15 13 -4.996 -1.758 2.637
SPIN 4 5 15 14 2.455 -4.096 -3.492
SPIN 4 5 15 15 3.591 3.778 2.799
SPIN 3 5 0 0 1.357 -5.699 -0.823
SPIN 3 5 0 1 -4.976 -1.698 2.712
SPIN 3 5 0 2 3.046 -4.097 -2.989
SPIN 3 5 0 3 1.136 5.507 -1.840
SPIN 3 5 0 4 0.450 5.829 0.908
SPIN 3 5 0 5 2.666 2.467 4.670
SPIN 3 5 0 6 4.923 2.625 -1.968
SPIN 3 5 0 7 -1.995 5.533 0.633
SPIN 3 5 0 8 5.560 -1.413 -1.446
SPIN 3 5 0 9 -5.079 2.932 0.780
SPIN 3 5 0 10 0.479 0.917 -5.825
SPIN 3 5 0 11 -3.552 3.598 3.072
SPIN 3 5 0 12 2.996 -1.799 -4.773
SPIN 3 5 0 13 -3.405 4.211 -2.382
SPIN 3 5 0 14 5.903 0.389 -0.063
SPIN 3 5 0 15 2.556 -3.301 4.192
SPIN 2 5 0 0 -3.059 2.571 4.362
SPIN 2 5 0 1 -5.036 -0.998 -2.939
SPIN 2 5 0 2 -4.356 -2.578 -3.063
SPIN 2 5 0 3 -1.387 -4.330 3.785
SPIN 2 5 0 4 -1.262 -4.595 -3.506
SPIN 2 5 0 5 -1.614 -2.234 -5.235
SPIN 2 5 0 6 1.559 -5.642 -0.856
SPIN 2 5 0 7 -2.504 5.359 0.135
SPIN 2 5 0 8 2.286 0.010 5.456
SPIN 2 5 0 9 -5.205 -2.734 0.658
SPIN 2 5 0 10 2.722 4.328 -2.977
SPIN 2 5 0 11 -3.917 -3.532 2.680
SPIN 2 5 0 12 3.848 -4.494 0.012
SPIN 2 5 0 13 -2.862 3.864 -3.446
SPIN 2 5 0 14 4.054 -2.796 3.278
SPIN 2 5 0 15 1.909 3.652 -4.244
SPIN 3 5 1 0 -0.288 1.850 -5.612
SPIN 3 5 1 1 3.568 -0.881 4.636
SPIN 3 5 1 2 -2.718 1.852 4.918
SPIN 3 5 1 3 -0.077 0.794 5.862
SPIN 3 5 1 4 5.871 -0.488 -0.541
SPIN 3 5 1 5 -3.836 -3.051 -3.313
SPIN 3 5 1 6 -1.639 3.320 4.614
SPIN 3 5 1 7 2.233 -4.297 -3.398
SPIN 3 5 1 8 0.055 5.911 -0.242
SPIN 3 5 1 9 0.616 1.744 5.620
SPIN 3 5 1 10 -5.819 -0.231 1.043
SPIN 3 5 1 11 5.169 -2.637 -1.154
SPIN 3 5 1 12 5.531 0.366 -2.067
SPIN 3 5 1 13 -4.336 0.220 4.019
SPIN 3 5 1 14 -2.898 -5.081 -0.886
SPIN 3 5 1 15 4.100 -2.598 3.383
SPIN 2 5 1 0 -5.723 -0.242 1.481
SPIN 2 5 1 1 4.566 2.118 -3.109
SPIN 2 5 1 2 5.443 1.143 -2.017
SPIN 2 5 1 3 -0.222 2.692 -5.263
SPIN 2 5 1 4 1.741 0.812 5.596
SPIN 2 5 1 5 0.481 -3.162 -4.977
SPIN 2 5 1 6 1.718 5.624 -0.643
SPIN 2 5 1 7 -3.014 -0.662 -5.048
SPIN 2 5 1 8 -5.435 -0.058 -2.337
SPIN 2 5 1 9 5.454 -1.194 -1.957
SPIN 2 5 1 10 5.730 0.820 -1.221
SPIN 2 5 1 11 -4.977 -1.409 -2.871
SPIN 2 5 1 12 1.591 -5.647 0.764
SPIN 2 5 1 13 0.735 -2.504 5.309
SPIN 2 5 1 14 -5.448 2.220 -0.626
SPIN 2 5 1 15 3.798 -0.919 -4.441
SPIN 3 5 2 0 4.599 -3.650 -0.723
SPIN 3 5 2 1 1.169 5.285 -2.388
SPIN 3 5 2 2 -5.300 2.291 1.288
SPIN 3 5 2 3 -2.206 -3.344 -4.353
SPIN 3 5 2 4 1.179 3.713 -4.452
SPIN 3 5 2 5 -3.224 0.026 4.960
SPIN 3 5 2 6 0.206 -4.397 -3.952
SPIN 3 5 2 7 4.726 -2.128 -2.853
SPIN 3 5 2 8 -2.997 4.242 2.833
SPIN 3 5 2 9 -0.193 -5.136 -2.930
SPIN 3 5 2 10 1.677 3.585 4.398
SPIN 3 5 2 11 1.691 3.493 4.465
SPIN 3 5 2 12 -5.326 -2.571 -0.170
SPIN 3 5 2 13 -2.134 -1.831 -5.205
SPIN 3 5 2 14 2.262 5.446 0.476
SPIN 3 5 2 15 -5.635 1.800 0.073
SPIN 2 5 2 0 2.824 -0.660 5.156
SPIN 2 5 2 1 -5.760 0.773 1.109
SPIN 2 5 2 2 4.495 3.698 1.057
SPIN 2 5 2 3 4.174 2.201 3.569
SPIN 2 5 2 4 0.938 -1.011 -5.753
SPIN 2 5 2 5 -1.305 5.682 1.003
SPIN 2 5 2 6 5.289 2.056 1.673
SPIN 2 5 2 7 4.220 -0.575 4.106
SPIN 2 5 2 8 -1.104 1.454 -5.627
SPIN 2 5 2 9 -5.104 -1.959 2.262
SPIN 2 5 2 10 2.996 5.071 0.559
SPIN 2 5 2 11 2.024 -3.386 -4.409
SPIN 2 5 2 12 -5.696 1.371 -0.821
SPIN 2 5 2 13 5.848 0.889 0.091
SPIN 2 5 2 14 -2.369 -5.409 0.364
SPIN 2 5 2 15 -3.199 -4.327 2.457
SPIN 3 5 3 0 2.135 -3.693 -4.099
SPIN 3 5 3 1 -3.858 -3.851 2.299
SPIN 3 5 3 2 -1.941 5.231 1.966
SPIN 3 5 3 3 4.368 -3.984 -0.224
SPIN 3 5 3 4 -4.798 3.251 -1.189
SPIN 3 5 3 5 5.584 1.426 -1.337
SPIN 3 5 3 6 -3.017 4.799 1.693
SPIN 3 5 3 7 -0.414 0.370 -5.890
SPIN 3 5 3 8 -3.668 -0.859 4.562
SPIN 3 5 3 9 5.074 -0.395 -3.016
SPIN 3 5 3 10 0.834 2.519 5.288
SPIN 3 5 3 11 -3.046 2.018 -4.653
SPIN 3 5 3 12 -4.455 0.523 -3.857
SPIN 3 5 3 13 -1.162 0.453 5.783
SPIN 3 5 3 14 1.317 -4.701 -3.341
SPIN 3 5 3 15 2.084 -4.916 -2.548
SPIN 2 5 3 0 2.759 -2.654 -4.510
SPIN 2 5 3 1 5.137 2.934 -0.073
SPIN 2 5 3 2 1.871 -5.450 -1.339
SPIN 2 5 3 3 2.009 5.542 -0.505
SPIN 2 5 3 4 -5.357 -0.977 -2.312
SPIN 2 5 3 5 2.707 2.423 -4.669
SPIN 2 5 3 6 -2.316 -2.819 -4.657
SPIN 2 5 3 7 -5.175 -1.970 -2.083
SPIN 2 5 3 8 -1.189 -4.389 3.785
SPIN 2 5 3 9 3.107 3.793 -3.311
SPIN 2 5 3 10 -5.150 2.093 2.023
SPIN 2 5 3 11 1.339 5.395 2.026
SPIN 2 5 3 12 5.108 -0.459 -2.949
SPIN 2 5 3 13 -2.337 -5.434 0.078
SPIN 2 5 3 14 5.524 -1.762 1.175
SPIN 2 5 3 15 -4.739 1.300 -3.294
SPIN 3 5 4 0 -5.540 1.890 -0.857
SPIN 3 5 4 1 3.663 0.978 4.541
SPIN 3 5 4 2 0.092 5.381 -2.457
SPIN 3 5 4 3 4.270 1.111 3.941
SPIN 3 5 4 4 5.395 -0.893 -2.259
SPIN 3 5 4 5 -3.378 -1.309 -4.677
SPIN 3 5 4 6 5.486 -1.192 -1.866
SPIN 3 5 4 7 -4.658 -2.961 -2.129
SPIN 3 5 4 8 2.655 -3.408 4.042
SPIN 3 5 4 9 -5.017 -3.121 0.297
SPIN 3 5 4 10 0.667 -4.200 -4.112
SPIN 3 5 4 11 -3.190 3.095 3.904
SPIN 3 5 4 12 4.011 4.219 1.054
SPIN 3 5 4 13 -3.324 -2.924 -3.925
SPIN 3 5 4 14 -0.249 -0.452 5.894
SPIN 3 5 4 15 -0.826 5.547 1.884
SPIN 2 5 4 0 1.272 4.804 -3.210
SPIN 2 5 4 1 -4.698 -3.556 0.539
SPIN 2 5 4 2 0.319 -1.423 5.734
SPIN 2 5 4 3 -4.672 1.869 -3.111
SPIN 2 5 4 4 -2.042 -2.561 4.927
SPIN 2 5 4 5 5.372 -2.477 0.115
SPIN 2 5 4 6 -4.721 1.519 3.225
SPIN 2 5 4 7 5.171 -1.143 -2.637
SPIN 2 5 4 8 2.757 3.330 4.039
SPIN 2 5 4 9 0.482 1.606 -5.673
SPIN 2 5 4 10 -4.361 1.811 -3.564
SPIN 2 5 4 11 2.652 0.359 5.276
SPIN 2 5 4 12 -5.503 0.721 2.048
SPIN 2 5 4 13 0.254 -5.884 -0.562
SPIN 2 5 4 14 3.391 -4.821 0.510
SPIN 2 5 4 15 -5.735 0.606 -1.320
SPIN 3 5 5 0 3.460 -0.244 4.793
SPIN 3 5 5 1 5.615 0.509 -1.793
SPIN 3 5 5 2 5.239 -1.855 2.026
SPIN 3 5 5 3 -5.193 -2.713 0.817
SPIN 3 5 5 4 2.330 -5.346 -0.998
SPIN 3 5 5 5 -4.547 2.412 2.916
SPIN 3 5 5 6 -0.894 4.869 3.239
SPIN 3 5 5 7 3.753 0.432 -4.552
SPIN 3 5 5 8 -5.890 -0.556 -0.045
SPIN 3 5 5 9 1.384 0.926 -5.677
SPIN 3 5 5 10 -0.844 -5.714 1.279
SPIN 3 5 5 11 -5.036 -2.362 2.014
SPIN 3 5 5 12 -1.032 4.867 -3.202
SPIN 3 5 5 13 4.237 3.520 2.158
SPIN 3 5 5 14 -4.369 3.254 -2.308
SPIN 3 5 5 15 -1.240 -5.544 1.649
SPIN 2 5 5 0 1.391 -4.727 -3.274
SPIN 2 5 5 1 -5.671 -0.943 -1.398
SPIN 2 5 5 2 -4.580 -0.467 -3.716
SPIN 2 5 5 3 3.254 4.941 -0.005
SPIN 2 5 5 4 3.360 1.449 4.649
SPIN 2 5 5 5 -2.544 -1.536 5.115
SPIN 2 5 5 6 -0.381 3.338 -4.870
SPIN 2 5 5 7 -1.256 -1.843 5.479
SPIN 2 5 5 8 0.283 -1.985 -5.566
SPIN 2 5 5 9 -1.359 3.824 4.305
SPIN 2 5 5 10 2.769 5.212 -0.405
SPIN 2 5 5 11 -4.798 -2.191 2.679
SPIN 2 5 5 12 5.370 -2.120 -1.292
SPIN 2 5 5 13 -3.042 3.362 3.800
SPIN 2 5 5 14 -5.734 1.307 0.642
SPIN 2 5 5 15 3.298 4.729 1.327
SPIN 3 5 6 0 2.908 -4.581 2.358
SPIN 3 5 6 1 -2.346 -5.197 -1.578
SPIN 3 5 6 2 3.674 1.716 -4.308
SPIN 3 5 6 3 -0.637 -5.118 2.898
SPIN 3 5 6 4 3.045 -4.774 1.715
SPIN 3 5 6 5 -0.527 -2.051 -5.524
SPIN 3 5 6 6 3.843 -4.253 -1.463
SPIN 3 5 6 7 -4.462 1.352 -3.642
SPIN 3 5 6 8 2.957 0.577 5.091
SPIN 3 5 6 9 1.409 -5.702 0.708
SPIN 3 5 6 10 3.233 4.500 -2.073
SPIN 3 5 6 11 5.388 0.029 -2.443
SPIN 3 5 6 12 2.349 -3.465 4.181
SPIN 3 5 6 13 -0.228 -5.437 2.320
SPIN 3 5 6 14 1.209 -5.453 -1.950
SPIN 3 5 6 15 -4.270 3.989 0.927
SPIN 2 5 6 0 0.970 5.828 -0.298
SPIN 2 5 6 1 -1.064 -1.632 -5.586
SPIN 2 5 6 2 -1.610 5.573 1.163
SPIN 2 5 6 3 0.907 -5.577 1.752
SPIN 2 5 6 4 -2.270 -4.619 2.919
SPIN 2 5 6 5 -0.549 3.469 4.761
SPIN 2 5 6 6 1.317 -0.192 -5.765
SPIN 2 5 6 7 -0.552 3.985 -4.337
SPIN 2 5 6 8 -0.446 1.624 5.671
SPIN 2 5 6 9 -0.738 -1.225 -5.741
SPIN 2 5 6 10 2.161 -4.370 -3.352
SPIN 2 5 6 11 3.114 3.255 3.835
SPIN 2 5 6 12 -4.299 3.997 0.734
SPIN 2 5 6 13 -5.238 -0.829 2.623
SPIN 2 5 6 14 -0.361 -1.897 -5.592
SPIN 2 5 6 15 5.426 -1.451 1.858
SPIN 3 5 7 0 -4.941 -1.611 2.827
SPIN 3 5 7 1 5.302 1.936 1.773
SPIN 3 5 7 2 -5.741 -0.573 -1.311
SPIN 3 5 7 3 -0.501 2.436 -5.368
SPIN 3 5 7 4 -3.926 0.390 4.408
SPIN 3 5 7 5 3.518 -4.379 1.857
SPIN 3 5 7 6 -3.851 -3.025 3.320
SPIN 3 5 7 7 1.566 -4.962 2.816
SPIN 3 5 7 8 -1.731 -5.492 -1.359
SPIN 3 5 7 9 -2.782 -2.769 4.427
SPIN 3 5 7 10 -2.312 4.346 -3.282
SPIN 3 5 7 11 -1.784 -5.628 0.374
SPIN 3 5 7 12 -4.280 2.793 -2.979
SPIN 3 5 7 13 -1.952 -3.021 4.697
SPIN 3 5 7 14 -5.111 1.340 -2.660
SPIN 3 5 7 15 -2.199 -5.469 0.509
SPIN 2 5 7 0 -2.215 0.690 5.442
SPIN 2 5 7 1 5.570 1.908 -0.577
SPIN 2 5 7 2 -0.011 -5.706 -1.564
SPIN 2 5 7 3 4.189 3.557 2.190
SPIN 2 5 7 4 1.421 5.743 0.044
SPIN 2 5 7 5 3.225 4.616 1.813
SPIN 2 5 7 6 -4.175 -0.551 -4.155
SPIN 2 5 7 7 4.148 -4.212 0.225
SPIN 2 5 7 8 2.827 3.294 4.019
SPIN 2 5 7 9 -3.807 -3.260 3.143
SPIN 2 5 7 10 -4.510 3.321 -1.905
SPIN 2 5 7 11 5.888 0.199 0.538
SPIN 2 5 7 12 2.120 -4.774 -2.778
SPIN 2 5 7 13 4.797 3.308 -1.022
SPIN 2 5 7 14 5.207 -2.791 0.317
SPIN 2 5 7 15 -1.835 -4.889 -2.781
SPIN 3 5 8 0 -0.576 5.110 -2.925
SPIN 3 5 8 1 1.049 -4.706 3.429
SPIN 3 5 8 2 4.155 -3.573 2.230
SPIN 3 5 8 3 -1.059 -1.658 5.579
SPIN 3 5 8 4 -2.240 -2.492 -4.875
SPIN 3 5 8 5 5.401 1.883 -1.509
SPIN 3 5 8 6 3.053 4.858 -1.442
SPIN 3 5 8 7 -3.047 5.024 0.688
SPIN 3 5 8 8 4.085 -4.205 -0.790
SPIN 3 5 8 9 5.864 -0.782 -0.001
SPIN 3 5 8 10 -2.891 -2.838 4.311
SPIN 3 5 8 11 1.987 5.162 -2.100
SPIN 3 5 8 12 -3.079 -4.734 -1.764
SPIN 3 5 8 13 0.445 -3.068 -5.039
SPIN 3 5 8 14 -0.714 5.164 -2.797
SPIN 3 5 8 15 -0.042 -0.002 5.916
SPIN 2 5 8 0 -2.421 -5.394 -0.213
SPIN 2 5 8 1 2.712 -2.225 4.764
SPIN 2 5 8 2 -1.412 3.454 -4.590
SPIN 2 5 8 3 -2.842 2.668 -4.451
SPIN 2 5 8 4 3.261 -4.176 -2.631
SPIN 2 5 8 5 -2.003 2.788 4.818
SPIN 2 5 8 6 -1.704 3.172 4.694
SPIN 2 5 8 7 1.334 -3.806 -4.328
SPIN 2 5 8 8 4.706 -3.301 1.397
SPIN 2 5 8 9 -3.435 4.792 0.492
SPIN 2 5 8 10 1.186 -3.660 -4.494
SPIN 2 5 8 11 -4.899 2.060 2.599
SPIN 2 5 8 12 -3.342 4.725 1.229
SPIN 2 5 8 13 -4.895 1.610 2.907
SPIN 2 5 8 14 -4.351 -3.108 -2.531
SPIN 2 5 8 15 3.988 3.697 -2.329
SPIN 3 5 9 0 2.198 -5.080 2.089
SPIN 3 5 9 1 5.770 -0.573 1.172
SPIN 3 5 9 2 -4.918 -3.288 -0.053
SPIN 3 5 9 3 3.844 3.400 -2.943
SPIN 3 5 9 4 0.916 -3.762 4.473
SPIN 3 5 9 5 -1.876 4.948 -2.646
SPIN 3 5 9 6 -2.659 -1.901 4.931
SPIN 3 5 9 7 -4.478 -3.797 0.729
SPIN 3 5 9 8 -4.938 3.049 1.151
SPIN 3 5 9 9 3.453 -3.438 3.355
SPIN 3 5 9 10 -1.944 5.168 2.125
SPIN 3 5 9 11 -0.837 -5.305 -2.482
SPIN 3 5 9 12 0.368 5.011 -3.124
SPIN 3 5 9 13 -2.443 5.061 1.849
SPIN 3 5 9 14 2.337 2.889 4.604
SPIN 3 5 9 15 -0.281 5.909 0.075
SPIN 2 5 9 0 -3.483 2.016 -4.336
SPIN 2 5 9 1 3.436 4.812 -0.199
SPIN 2 5 9 2 -5.236 0.967 2.578
SPIN 2 5 9 3 1.350 -5.549 -1.546
SPIN 2 5 9 4 -0.508 5.698 1.508
SPIN 2 5 9 5 3.981 -0.858 -4.291
SPIN 2 5 9 6 1.476 4.725 -3.240
SPIN 2 5 9 7 -4.457 -3.568 -1.549
SPIN 2 5 9 8 -3.941 4.411 -0.082
SPIN 2 5 9 9 -4.080 -4.012 1.504
SPIN 2 5 9 10 2.809 -2.740 -4.427
SPIN 2 5 9 11 -1.316 5.766 -0.137
SPIN 2 5 9 12 -5.621 0.716 -1.700
SPIN 2 5 9 13 5.574 1.883 0.618
SPIN 2 5 9 14 3.042 5.068 -0.238
SPIN 2 5 9 15 2.414 -5.321 0.928
SPIN 3 5 10 0 -0.200 5.475 2.234
SPIN 3 5 10 1 -5.584 0.863 1.753
SPIN 3 5 10 2 1.406 -5.286 2.254
SPIN 3 5 10 3 2.270 -4.094 3.618
SPIN 3 5 10 4 2.752 5.233 0.209
SPIN 3 5 10 5 1.660 -5.138 2.418
SPIN 3 5 10 6 1.791 4.072 -3.900
SPIN 3 5 10 7 -1.282 1.876 5.462
SPIN 3 5 10 8 3.880 -4.464 -0.123
SPIN 3 5 10 9 -2.617 -4.960 -1.884
SPIN 3 5 10 10 -1.071 -0.763 5.768
SPIN 3 5 10 11 4.603 -0.293 3.705
SPIN 3 5 10 12 0.545 1.129 5.782
SPIN 3 5 10 13 -1.905 -4.897 -2.720
SPIN 3 5 10 14 5.047 -2.993 -0.752
SPIN 3 5 10 15 -0.298 -5.719 -1.483
SPIN 2 5 10 0 -2.000 4.649 3.064
SPIN 2 5 10 1 4.937 -1.940 -2.619
SPIN 2 5 10 2 -3.428 -4.760 -0.773
SPIN 2 5 10 3 -4.967 0.542 -3.167
SPIN 2 5 10 4 -0.125 2.164 5.505
SPIN 2 5 10 5 2.013 2.019 -5.184
SPIN 2 5 10 6 3.683 4.556 -0.819
SPIN 2 5 10 7 -2.635 0.502 5.273
SPIN 2 5 10 8 5.778 -0.240 -1.247
SPIN 2 5 10 9 2.480 4.261 -3.270
SPIN 2 5 10 10 -3.040 4.034 3.079
SPIN 2 5 10 11 -2.872 1.641 -4.905
SPIN 2 5 10 12 2.597 -4.913 -2.029
SPIN 2 5 10 13 0.904 1.262 5.709
SPIN 2 5 10 14 -3.486 2.814 -3.864
SPIN 2 5 10 15 1.882 2.850 4.831
SPIN 3 5 11 0 -0.597 -4.381 -3.931
SPIN 3 5 11 1 1.377 0.928 -5.678
SPIN 3 5 11 2 1.739 3.398 4.520
SPIN 3 5 11 3 4.061 -4.299 -0.179
SPIN 3 5 11 4 4.661 3.335 1.467
SPIN 3 5 11 5 0.739 3.320 4.841
SPIN 3 5 11 6 -1.924 1.187 -5.467
SPIN 3 5 11 7 -0.232 4.778 3.480
SPIN 3 5 11 8 0.882 -5.374 2.311
SPIN 3 5 11 9 4.542 3.473 1.519
SPIN 3 5 11 10 0.676 5.850 0.571
SPIN 3 5 11 11 -0.614 4.261 4.058
SPIN 3 5 11 12 3.118 -5.023 -0.230
SPIN 3 5 11 13 -3.531 3.792 2.854
SPIN 3 5 11 14 4.275 3.422 2.240
SPIN 3 5 11 15 0.401 5.001 3.135
SPIN 2 5 11 0 -5.694 0.564 1.505
SPIN 2 5 11 1 -1.744 -0.055 -5.653
SPIN 2 5 11 2 -4.980 0.068 3.192
SPIN 2 5 11 3 -1.920 -5.419 1.395
SPIN 2 5 11 4 4.439 0.332 -3.897
SPIN 2 5 11 5 -5.904 -0.342 -0.162
SPIN 2 5 11 6 0.089 -1.320 -5.766
SPIN 2 5 11 7 3.093 4.139 -2.881
SPIN 2 5 11 8 0.314 1.264 -5.771
SPIN 2 5 11 9 -0.879 0.095 5.850
SPIN 2 5 11 10 1.384 -5.748 0.214
SPIN 2 5 11 11 -4.140 2.910 -3.064
SPIN 2 5 11 12 -4.122 4.016 1.372
SPIN 2 5 11 13 1.854 -2.595 4.983
SPIN 2 5 11 14 -5.605 -0.081 1.891
SPIN 2 5 11 15 2.358 0.875 -5.355
SPIN 3 5 12 0 4.622 2.801 2.407
SPIN 3 5 12 1 -1.424 -5.403 -1.944
SPIN 3 5 12 2 4.661 -3.102 -1.912
SPIN 3 5 12 3 -0.602 5.884 -0.114
SPIN 3 5 12 4 5.271 0.000 -2.686
SPIN 3 5 12 5 0.064 5.864 0.777
SPIN 3 5 12 6 -4.840 -3.381 -0.384
SPIN 3 5 12 7 -0.711 -5.586 -1.816
SPIN 3 5 12 8 -5.072 -2.091 2.215
SPIN 3 5 12 9 -3.230 -4.879 0.871
SPIN 3 5 12 10 -3.450 3.528 -3.264
SPIN 3 5 12 11 4.578 -0.405 3.725
SPIN 3 5 12 12 -5.337 -0.003 2.553
SPIN 3 5 12 13 5.899 -0.400 0.189
SPIN 3 5 12 14 5.715 -0.900 -1.238
SPIN 3 5 12 15 -2.112 -5.144 -2.019
SPIN 2 5 12 0 -2.947 -2.843 4.270
SPIN 2 5 12 1 -5.645 0.167 1.762
SPIN 2 5 12 2 5.281 -2.627 -0.455
SPIN 2 5 12 3 -4.535 -2.919 2.432
SPIN 2 5 12 4 -1.698 0.052 -5.667
SPIN 2 5 12 5 4.739 3.542 0.005
SPIN 2 5 12 6 0.392 5.054 -3.050
SPIN 2 5 12 7 3.374 -4.590 1.597
SPIN 2 5 12 8 2.861 -3.695 3.628
SPIN 2 5 12 9 -1.356 5.686 -0.910
SPIN 2 5 12 10 0.491 2.769 5.205
SPIN 2 5 12 11 3.412 -4.369 -2.067
SPIN 2 5 12 12 1.130 -5.499 1.865
SPIN 2 5 12 13 -4.164 3.511 -2.309
SPIN 2 5 12 14 5.628 -1.607 -0.862
SPIN 2 5 12 15 4.729 -0.411 3.531
SPIN 3 5 13 0 1.157 -5.800 0.134
SPIN 3 5 13 1 -2.004 5.022 2.401
SPIN 3 5 13 2 -2.119 4.171 -3.622
SPIN 3 5 13 3 1.998 -0.251 5.563
SPIN 3 5 13 4 0.357 -3.325 4.880
SPIN 3 5 13 5 -2.141 -4.847 -2.631
SPIN 3 5 13 6 -5.242 -2.421 1.287
SPIN 3 5 13 7 0.536 4.740 3.500
SPIN 3 5 13 8 2.410 4.885 2.309
SPIN 3 5 13 9 0.495 -5.676 -1.592
SPIN 3 5 13 10 4.553 0.861 -3.678
SPIN 3 5 13 11 0.316 0.298 5.900
SPIN 3 5 13 12 5.304 2.608 0.261
SPIN 3 5 13 13 -1.646 -2.528 -5.089
SPIN 3 5 13 14 -2.912 -5.033 -1.091
SPIN 3 5 13 15 -2.906 5.034 1.100
SPIN 2 5 13 0 -2.741 -2.028 4.834
SPIN 2 5 13 1 0.095 -4.842 -3.398
SPIN 2 5 13 2 3.733 2.461 -3.874
SPIN 2 5 13 3 3.826 4.485 0.498
SPIN 2 5 13 4 -0.355 -1.562 5.695
SPIN 2 5 13 5 4.378 2.334 -3.222
SPIN 2 5 13 6 -0.591 -5.167 -2.821
SPIN 2 5 13 7 4.551 3.419 -1.612
SPIN 2 5 13 8 -3.874 -2.349 -3.805
SPIN 2 5 13 9 -5.433 1.375 1.896
SPIN 2 5 13 10 -0.292 -1.979 5.568
SPIN 2 5 13 11 5.098 2.812 -1.051
SPIN 2 5 13 12 -0.286 -5.891 -0.465
SPIN 2 5 13 13 4.941 3.211 0.522
SPIN 2 5 13 14 -3.639 2.785 3.741
SPIN 2 5 13 15 3.660 -0.544 -4.616
SPIN 3 5 14 0 5.091 2.990 -0.370
SPIN 3 5 14 1 -5.625 1.799 -0.356
SPIN 3 5 14 2 -5.582 -1.717 0.943
SPIN 3 5 14 3 2.162 -4.020 3.763
SPIN 3 5 14 4 -4.452 2.362 -3.099
SPIN 3 5 14 5 1.969 0.632 -5.543
SPIN 3 5 14 6 -0.877 4.293 3.975
SPIN 3 5 14 7 -4.689 -3.422 1.142
SPIN 3 5 14 8 4.050 -1.150 4.156
SPIN 3 5 14 9 0.824 -5.206 2.687
SPIN 3 5 14 10 -0.270 4.019 -4.333
SPIN 3 5 14 11 -4.367 -0.029 3.991
SPIN 3 5 14 12 -5.049 2.048 2.304
SPIN 3 5 14 13 3.532 3.046 -3.640
SPIN 3 5 14 14 3.462 -2.518 -4.084
SPIN 3 5 14 15 -2.393 3.876 3.774
SPIN 2 5 14 0 0.010 -1.922 -5.595
SPIN 2 5 14 1 0.402 3.456 4.785
SPIN 2 5 14 2 1.190 0.259 -5.789
SPIN 2 5 14 3 2.853 3.177 -4.095
SPIN 2 5 14 4 3.526 -2.178 -4.222
SPIN 2 5 14 5 1.167 -5.280 -2.400
SPIN 2 5 14 6 -1.281 -5.147 2.620
SPIN 2 5 14 7 -2.303 3.753 3.951
SPIN 2 5 14 8 5.351 0.143 -2.519
SPIN 2 5 14 9 3.310 3.302 -3.624
SPIN 2 5 14 10 2.899 4.688 2.149
SPIN 2 5 14 11 -1.577 -0.882 -5.633
SPIN 2 5 14 12 -2.192 3.994 3.774
SPIN 2 5 14 13 -0.745 -2.146 -5.463
SPIN 2 5 14 14 -2.194 -5.022 -2.228
SPIN 2 5 14 15 3.185 2.898 -4.057
SPIN 3 5 15 0 -1.147 5.399 2.128
SPIN 3 5 15 1 3.519 -3.089 -3.615
SPIN 3 5 15 2 5.459 1.425 1.780
SPIN 3 5 15 3 -3.174 -1.285 -4.824
SPIN 3 5 15 4 -3.317 1.152 -4.761
SPIN 3 5 15 5 2.731 -5.225 0.494
SPIN 3 5 15 6 -4.419 3.514 -1.769
SPIN 3 5 15 7 2.717 -4.633 -2.480
SPIN 3 5 15 8 -5.768 -1.313 -0.034
SPIN 3 5 15 9 2.079 -4.633 3.035
SPIN 3 5 15 10 4.883 3.139 1.143
SPIN 3 5 15 11 -1.106 -4.405 -3.791
SPIN 3 5 15 12 3.607 -3.265 -3.366
SPIN 3 5 15 13 1.963 -2.193 5.132
SPIN 3 5 15 14 -0.518 5.640 1.710
SPIN 3 5 15 15 -0.912 -5.342 -2.372
SPIN 2 5 15 0 -5.295 0.553 -2.581
SPIN 2 5 15 1 1.962 2.200 5.129
SPIN 2 5 15 2 4.221 2.899 2.964
SPIN 2 5 15 3 -3.957 -1.886 -3.973
SPIN 2 5 15 4 1.319 -5.766 -0.100
SPIN 2 5 15 5 -4.674 0.311 3.614
SPIN 2 5 15 6 0.507 3.911 -4.410
SPIN 2 5 15 7 1.649 -4.421 -3.568
SPIN 2 5 15 8 5.273 2.654 -0.395
SPIN 2 5 15 9 3.405 3.123 3.695
SPIN 2 5 15 10 0.110 -4.887 3.333
SPIN 2 5 15 11 2.399 4.322 3.251
SPIN 2 5 15 12 1.562 -5.671 0.628
SPIN 2 5 15 13 3.031 -3.417 3.760
SPIN 2 5 15 14 -0.585 1.033 -5.796
SPIN 2 5 15 15 0.541 -5.636 1.715
SPIN 1 6 0 0 -2.426 -3.811 -3.820
SPIN 1 6 0 1 2.480 4.914 2.169
SPIN 1 6 0 2 -3.707 4.584 0.495
SPIN 1 6 0 3 5.549 -1.224 1.647
SPIN 1 6 0 4 -3.061 1.049 -4.952
SPIN 1 6 0 5 3.717 -3.783 -2.622
SPIN 1 6 0 6 -1.980 5.362 1.526
SPIN 1 6 0 7 0.932 -4.108 -4.154
SPIN 1 6 0 8 -5.607 1.771 0.656
SPIN 1 6 0 9 4.816 -0.723 -3.359
SPIN 1 6 0 10 -5.276 0.366 2.652
SPIN 1 6 0 11 5.402 -2.379 0.394
SPIN 1 6 0 12 -1.848 -4.171 -3.766
SPIN 1 6 0 13 5.710 -1.103 -1.085
SPIN 1 6 0 14 -2.000 1.729 5.292
SPIN 1 6 0 15 4.928 1.618 -2.845
SPIN 4 6 0 0 2.553 5.238 -1.023
SPIN 4 6 0 1 5.183 -0.440 2.818
SPIN 4 6 0 2 2.210 -1.176 5.361
SPIN 4 6 0 3 2.985 -5.084 -0.493
SPIN 4 6 0 4 -4.530 2.999 -2.341
SPIN 4 6 0 5 -0.379 5.793 1.137
SPIN 4 6 0 6 -5.100 0.927 -2.852
SPIN 4 6 0 7 4.444 -3.862 0.579
SPIN 4 6 0 8 0.454 -1.581 5.683
SPIN 4 6 0 9 5.811 -0.091 1.109
SPIN 4 6 0 10 -4.024 3.145 -2.986
SPIN 4 6 0 11 -2.771 5.010 -1.491
SPIN 4 6 0 12 -5.738 0.043 1.439
SPIN 4 6 0 13 1.683 2.808 -4.928
SPIN 4 6 0 14 -4.276 -1.919 -3.610
SPIN 4 6 0 15 -3.328 -4.843 0.686
SPIN 1 6 1 0 -1.679 5.668 -0.226
SPIN 1 6 1 1 0.529 -5.014 3.095
SPIN 1 6 1 2 -0.715 -3.761 -4.510
SPIN 1 6 1 3 2.404 4.655 2.748
SPIN 1 6 1 4 -4.068 4.081 -1.340
SPIN 1 6 1 5 -0.005 -2.005 5.566
SPIN 1 6 1 6 -0.848 3.913 -4.356
SPIN 1 6 1 7 4.983 -0.847 3.075
SPIN 1 6 1 8 4.073 -3.702 -2.170
SPIN 1 6 1 9 -3.627 0.871 -4.592
SPIN 1 6 1 10 1.917 -5.539 0.800
SPIN 1 6 1 11 -3.873 3.801 -2.356
SPIN 1 6 1 12 -2.490 3.923 3.663
SPIN 1 6 1 13 -5.686 1.628 0.149
SPIN 1 6 1 14 2.019 -5.524 0.644
SPIN 1 6 1 15 -2.976 1.979 4.715
SPIN 4 6 1 0 -2.727 -4.127 3.245
SPIN 4 6 1 1 1.828 0.074 -5.626
SPIN 4 6 1 2 -4.341 -2.912 2.771
SPIN 4 6 1 3 3.287 1.925 -4.526
SPIN 4 6 1 4 0.893 -0.319 5.840
SPIN 4 6 1 5 2.632 3.074 -4.316
SPIN 4 6 1 6 3.524 2.821 3.824
SPIN 4 6 1 7 -1.285 5.525 -1.681
SPIN 4 6 1 8 1.993 0.136 -5.568
SPIN 4 6 1 9 -0.651 5.862 -0.468
SPIN 4 6 1 10 2.043 -5.182 1.993
SPIN 4 6 1 11 2.505 -4.859 2.261
SPIN 4 6 1 12 4.823 3.240 -1.114
SPIN 4 6 1 13 -3.551 -2.721 3.871
SPIN 4 6 1 14 1.593 3.990 4.067
SPIN 4 6 1 15 2.167 -3.178 -4.495
SPIN 1 6 2 0 -5.782 -0.285 1.219
SPIN 1 6 2 1 1.039 4.007 -4.227
SPIN 1 6 2 2 -1.507 4.994 2.790
SPIN 1 6 2 3 2.218 4.149 3.587
SPIN 1 6 2 4 -2.967 -4.202 2.923
SPIN 1 6 2 5 -3.429 -0.849 4.745
SPIN 1 6 2 6 -1.323 -5.331 -2.198
SPIN 1 6 2 7 -5.529 -1.902 -0.905
SPIN 1 6 2 8 -2.034 5.316 -1.614
SPIN 1 6 2 9 2.043 -5.189 1.975
SPIN 1 6 2 10 -4.664 0.421 -3.616
SPIN 1 6 2 11 1.069 4.493 3.697
SPIN 1 6 2 12 5.246 -2.664 -0.618
SPIN 1 6 2 13 -0.346 2.652 5.277
SPIN 1 6 2 14 4.960 1.807 -2.670
SPIN 1 6 2 15 -2.490 -2.258 -4.868
SPIN 4 6 2 0 4.708 -3.231 1.547
SPIN 4 6 2 1 4.647 -2.653 2.522
SPIN 4 6 2 2 5.611 0.458 -1.820
SPIN 4 6 2 3 3.583 2.216 4.153
SPIN 4 6 2 4 2.016 3.887 -3.979
SPIN 4 6 2 5 1.098 -2.512 -5.243
SPIN 4 6 2 6 -4.007 4.335 0.393
SPIN 4 6 2 7 -0.662 -4.167 4.147
SPIN 4 6 2 8 -5.517 -0.707 2.017
SPIN 4 6 2 9 -5.549 1.122 1.717
SPIN 4 6 2 10 -5.548 1.844 -0.907
SPIN 4 6 2 11 -5.136 2.730 1.083
SPIN 4 6 2 12 -1.344 -1.086 5.658
SPIN 4 6 2 13 -2.216 -3.599 4.140
SPIN 4 6 2 14 2.694 -0.467 5.247
SPIN 4 6 2 15 2.285 4.937 2.324
SPIN 1 6 3 0 3.028 2.087 -4.634
SPIN 1 6 3 1 -5.062 -2.923 0.910
SPIN 1 6 3 2 3.263 -2.238 -4.399
SPIN 1 6 3 3 -5.612 -1.491 1.131
SPIN 1 6 3 4 1.873 3.257 4.570
SPIN 1 6 3 5 0.688 -3.716 -4.552
SPIN 1 6 3 6 2.652 -4.686 2.450
SPIN 1 6 3 7 -0.924 -3.384 -4.764
SPIN 1 6 3 8 3.522 -0.276 -4.746
SPIN 1 6 3 9 5.128 0.885 2.814
SPIN 1 6 3 10 5.871 -0.600 -0.413
SPIN 1 6 3 11 -3.286 -4.224 2.522
SPIN 1 6 3 12 -0.530 -0.705 5.850
SPIN 1 6 3 13 -2.545 3.448 -4.079
SPIN 1 6 3 14 -4.166 -3.671 2.043
SPIN 1 6 3 15 2.850 3.884 -3.433
SPIN 4 6 3 0 -1.790 -4.912 -2.768
SPIN 4 6 3 1 0.198 5.594 1.914
SPIN 4 6 3 2 -4.123 2.826 -3.165
SPIN 4 6 3 3 -1.082 -1.272 -5.676
SPIN 4 6 3 4 -1.040 -3.699 4.499
SPIN 4 6 3 5 1.358 -0.231 5.754
SPIN 4 6 3 6 0.953 -3.832 -4.405
SPIN 4 6 3 7 -3.641 1.705 -4.340
SPIN 4 6 3 8 3.942 -0.247 -4.404
SPIN 4 6 3 9 -5.588 -0.893 -1.727
SPIN 4 6 3 10 5.227 -2.058 1.855
SPIN 4 6 3 11 0.327 -5.150 -2.894
SPIN 4 6 3 12 4.063 4.205 -0.899
SPIN 4 6 3 13 5.592 1.326 1.402
SPIN 4 6 3 14 4.453 3.875 -0.386
SPIN 4 6 3 15 -0.880 -0.569 5.823
SPIN 1 6 4 0 -4.359 3.247 2.336
SPIN 1 6 4 1 -1.320 -3.044 4.898
SPIN 1 6 4 2 -2.633 3.226 4.202
SPIN 1 6 4 3 5.017 2.349 -2.077
SPIN 1 6 4 4 -5.505 2.145 -0.310
SPIN 1 6 4 5 -2.501 5.293 0.854
SPIN 1 6 4 6 -2.186 5.024 2.233
SPIN 1 6 4 7 4.092 -0.902 4.177
SPIN 1 6 4 8 -4.356 2.230 3.324
SPIN 1 6 4 9 5.653 1.287 1.179
SPIN 1 6 4 10 -3.660 2.322 -4.027
SPIN 1 6 4 11 1.781 3.818 -4.153
SPIN 1 6 4 12 1.385 1.168 -5.632
SPIN 1 6 4 13 1.082 -4.711 3.411
SPIN 1 6 4 14 -2.993 3.081 -4.068
SPIN 1 6 4 15 3.721 -2.743 -3.692
SPIN 4 6 4 0 4.923 -2.987 1.356
SPIN 4 6 4 1 1.528 -5.620 -1.040
SPIN 4 6 4 2 5.415 -2.376 -0.187
SPIN 4 6 4 3 -2.481 3.752 3.843
SPIN 4 6 4 4 -0.797 -4.934 -3.166
SPIN 4 6 4 5 0.719 -4.461 3.818
SPIN 4 6 4 6 -4.293 3.924 -1.085
SPIN 4 6 4 7 5.018 -1.373 -2.817
SPIN 4 6 4 8 -3.881 4.384 -0.847
SPIN 4 6 4 9 0.779 0.471 -5.846
SPIN 4 6 4 10 -3.805 1.233 4.359
SPIN 4 6 4 11 -0.549 -2.966 -5.089
SPIN 4 6 4 12 -2.753 4.734 2.238
SPIN 4 6 4 13 -4.110 -2.374 3.532
SPIN 4 6 4 14 5.138 -2.455 -1.603
SPIN 4 6 4 15 -3.426 -4.605 1.436
SPIN 1 6 5 0 4.880 2.229 2.493
SPIN 1 6 5 1 -1.201 -5.218 -2.516
SPIN 1 6 5 2 -4.226 2.195 3.510
SPIN 1 6 5 3 -5.297 0.998 2.439
SPIN 1 6 5 4 -0.709 -4.409 3.880
SPIN 1 6 5 5 -4.399 1.117 -3.795
SPIN 1 6 5 6 -3.019 -1.833 -4.746
SPIN 1 6 5 7 -4.718 3.531 -0.521
SPIN 1 6 5 8 4.594 -1.253 3.511
SPIN 1 6 5 9 -4.566 -0.108 3.760
SPIN 1 6 5 10 -1.360 3.724 4.391
SPIN 1 6 5 11 4.656 -3.393 -1.344
SPIN 1 6 5 12 -2.200 -0.337 -5.481
SPIN 1 6 5 13 5.006 -2.912 1.207
SPIN 1 6 5 14 0.822 -4.385 3.885
SPIN 1 6 5 15 -5.607 0.910 -1.653
SPIN 4 6 5 0 4.395 -3.305 -2.182
SPIN 4 6 5 1 -4.836 1.618 2.999
SPIN 4 6 5 2 -4.096 -2.664 3.336
SPIN 4 6 5 3 -0.585 -5.851 -0.654
SPIN 4 6 5 4 -1.013 5.096 2.829
SPIN 4 6 5 5 -5.692 1.146 1.133
SPIN 4 6 5 6 4.881 -3.231 0.859
SPIN 4 6 5 7 -2.170 -2.909 -4.672
SPIN 4 6 5 8 4.449 -2.827 -2.685
SPIN 4 6 5 9 3.307 -3.382 3.553
SPIN 4 6 5 10 3.559 4.534 -1.335
SPIN 4 6 5 11 -5.436 -1.717 1.584
SPIN 4 6 5 12 5.277 -0.407 -2.643
SPIN 4 6 5 13 -4.686 3.069 -1.903
SPIN 4 6 5 14 3.051 -4.776 -1.696
SPIN 4 6 5 15 -3.471 -4.120 2.445
SPIN 1 6 6 0 -5.585 1.660 1.029
SPIN 1 6 6 1 1.134 -4.213 -3.995
SPIN 1 6 6 2 3.724 -1.067 -4.472
SPIN 1 6 6 3 -3.940 4.000 -1.865
SPIN 1 6 6 4 -2.448 4.916 -2.201
SPIN 1 6 6 5 5.049 0.172 -3.078
SPIN 1 6 6 6 -5.225 -0.132 -2.771
SPIN 1 6 6 7 1.424 -1.669 5.494
SPIN 1 6 6 8 0.745 3.382 -4.797
SPIN 1 6 6 9 3.524 2.303 -4.157
SPIN 1 6 6 10 -4.383 -1.013 3.842
SPIN 1 6 6 11 1.723 4.952 -2.741
SPIN 1 6 6 12 -0.435 -2.055 5.531
SPIN 1 6 6 13 -1.833 5.482 -1.259
SPIN 1 6 6 14 -2.136 4.792 2.734
SPIN 1 6 6 15 3.430 -4.663 -1.222
SPIN 4 6 6 0 -4.228 0.410 -4.118
SPIN 4 6 6 1 -5.868 0.729 -0.177
SPIN 4 6 6 2 3.903 -3.409 -2.854
SPIN 4 6 6 3 4.012 3.408 2.701
SPIN 4 6 6 4 -4.091 3.248 -2.778
SPIN 4 6 6 5 4.191 -3.972 1.286
SPIN 4 6 6 6 -4.639 -0.213 3.665
SPIN 4 6 6 7 5.908 -0.256 -0.188
SPIN 4 6 6 8 -5.168 -2.380 -1.620
SPIN 4 6 6 9 2.002 -5.567 -0.073
SPIN 4 6 6 10 -3.728 3.753 -2.649
SPIN 4 6 6 11 1.719 -5.236 2.152
SPIN 4 6 6 12 2.222 5.379 1.063
SPIN 4 6 6 13 3.809 -1.073 -4.398
SPIN 4 6 6 14 2.700 -2.905 4.390
SPIN 4 6 6 15 -3.435 4.750 0.799
SPIN 1 6 7 0 -5.327 -1.284 -2.230
SPIN 1 6 7 1 5.248 2.730 -0.103
SPIN 1 6 7 2 -0.876 2.246 -5.403
SPIN 1 6 7 3 -3.262 -3.382 -3.595
SPIN 1 6 7 4 -4.011 2.503 -3.556
SPIN 1 6 7 5 4.921 -1.529 2.906
SPIN 1 6 7 6 -0.811 0.504 5.839
SPIN 1 6 7 7 -5.774 1.241 0.352
SPIN 1 6 7 8 1.898 4.875 2.763
SPIN 1 6 7 9 -5.320 -2.074 1.548
SPIN 1 6 7 10 -2.435 -0.185 -5.389
SPIN 1 6 7 11 -4.593 -2.795 2.468
SPIN 1 6 7 12 2.618 0.080 -5.305
SPIN 1 6 7 13 -2.157 2.951 4.652
SPIN 1 6 7 14 3.359 1.690 -4.567
SPIN 1 6 7 15 -4.917 3.257 -0.464
SPIN 4 6 7 0 -2.236 -5.402 -0.904
SPIN 4 6 7 1 -5.427 1.849 -1.458
SPIN 4 6 7 2 -5.912 0.206 0.105
SPIN 4 6 7 3 3.966 -3.312 2.882
SPIN 4 6 7 4 -1.268 -2.509 5.205
SPIN 4 6 7 5 1.106 -3.159 -4.879
SPIN 4 6 7 6 5.647 -0.919 -1.506
SPIN 4 6 7 7 -3.809 0.391 -4.510
SPIN 4 6 7 8 5.336 0.417 -2.521
SPIN 4 6 7 9 0.517 3.343 4.854
SPIN 4 6 7 10 3.430 -2.291 4.241
SPIN 4 6 7 11 2.504 3.838 -3.742
SPIN 4 6 7 12 4.308 -1.027 3.923
SPIN 4 6 7 13 -3.352 4.075 2.674
SPIN 4 6 7 14 3.335 -4.835 -0.707
SPIN 4 6 7 15 1.741 -2.193 -5.211
SPIN 1 6 8 0 -0.016 5.408 -2.399
SPIN 1 6 8 1 4.602 -1.787 3.261
SPIN 1 6 8 2 -2.748 -5.110 -1.158
SPIN 1 6 8 3 -1.195 4.636 3.476
SPIN 1 6 8 4 -2.601 -5.190 -1.139
SPIN 1 6 8 5 -4.200 2.994 2.897
SPIN 1 6 8 6 -0.580 4.814 -3.390
SPIN 1 6 8 7 3.115 -0.404 5.014
SPIN 1 6 8 8 3.542 4.139 -2.307
SPIN 1 6 8 9 -3.769 4.556 0.183
SPIN 1 6 8 10 1.416 -4.811 -3.138
SPIN 1 6 8 11 -3.862 -2.056 3.982
SPIN 1 6 8 12 -3.713 -1.546 4.338
SPIN 1 6 8 13 3.583 -0.066 -4.707
SPIN 1 6 8 14 5.279 -2.233 -1.465
SPIN 1 6 8 15 3.292 2.187 4.402
SPIN 4 6 8 0 2.479 -3.022 4.441
SPIN 4 6 8 1 -3.487 2.918 -3.785
SPIN 4 6 8 2 5.182 -2.848 0.179
SPIN 4 6 8 3 -4.718 3.531 -0.521
SPIN 4 6 8 4 4.225 0.831 -4.057
SPIN 4 6 8 5 5.070 -2.752 -1.310
SPIN 4 6 8 6 -5.911 0.076 0.225
SPIN 4 6 8 7 4.801 -1.456 -3.135
SPIN 4 6 8 8 -5.085 -2.971 0.563
SPIN 4 6 8 9 4.453 3.869 -0.449
SPIN 4 6 8 10 -3.286 -4.137 -2.662
SPIN 4 6 8 11 5.406 -0.296 2.384
SPIN 4 6 8 12 -2.558 -0.013 -5.335
SPIN 4 6 8 13 1.840 -4.087 3.861
SPIN 4 6 8 14 -3.235 -0.544 -4.923
SPIN 4 6 8 15 -4.155 4.075 1.065
SPIN 1 6 9 0 2.659 3.803 -3.670
SPIN 1 6 9 1 -4.653 0.705 -3.585
SPIN 1 6 9 2 2.226 1.673 5.220
SPIN 1 6 9 3 1.410 2.321 -5.256
SPIN 1 6 9 4 2.094 -3.679 4.133
SPIN 1 6 9 5 -3.042 1.046 -4.965
SPIN 1 6 9 6 -1.142 5.387 -2.162
SPIN 1 6 9 7 2.274 -5.232 1.569
SPIN 1 6 9 8 -2.894 0.786 -5.100
SPIN 1 6 9 9 2.611 4.748 -2.374
SPIN 1 6 9 10 5.282 -0.427 -2.630
SPIN 1 6 9 11 -1.652 -5.339 1.941
SPIN 1 6 9 12 5.288 0.234 2.643
SPIN 1 6 9 13 -3.750 3.980 2.258
SPIN 1 6 9 14 -1.945 5.365 1.561
SPIN 1 6 9 15 4.881 -1.221 3.111
SPIN 4 6 9 0 -2.353 4.483 3.061
SPIN 4 6 9 1 5.583 0.331 -1.928
SPIN 4 6 9 2 -5.069 2.616 1.571
SPIN 4 6 9 3 2.801 4.417 2.764
SPIN 4 6 9 4 -4.470 -3.268 -2.082
SPIN 4 6 9 5 -5.083 2.372 1.882
SPIN 4 6 9 6 3.591 1.920 -4.291
SPIN 4 6 9 7 2.770 3.368 3.998
SPIN 4 6 9 8 -2.379 5.208 -1.488
SPIN 4 6 9 9 -4.143 3.656 2.114
SPIN 4 6 9 10 -5.482 -2.033 -0.904
SPIN 4 6 9 11 -3.965 3.464 2.698
SPIN 4 6 9 12 -1.109 -5.461 -1.987
SPIN 4 6 9 13 0.354 -4.916 -3.273
SPIN 4 6 9 14 -3.633 -2.505 3.940
SPIN 4 6 9 15 -1.111 -2.112 -5.413
SPIN 1 6 10 0 3.948 -4.406 -0.051
SPIN 1 6 10 1 -2.716 4.235 3.113
SPIN 1 6 10 2 -1.572 -3.037 -4.828
SPIN 1 6 10 3 1.919 -0.747 5.546
SPIN 1 6 10 4 5.880 -0.311 -0.578
SPIN 1 6 10 5 -0.564 -5.183 -2.797
SPIN 1 6 10 6 -4.483 2.435 2.996
SPIN 1 6 10 7 -3.579 4.639 -0.817
SPIN 1 6 10 8 -0.704 5.385 2.346
SPIN 1 6 10 9 0.230 -5.893 0.471
SPIN 1 6 10 10 -2.841 -3.820 3.512
SPIN 1 6 10 11 -1.296 1.523 -5.568
SPIN 1 6 10 12 3.119 -4.142 -2.848
SPIN 1 6 10 13 -3.857 4.485 0.044
SPIN 1 6 10 14 5.156 -2.865 0.457
SPIN 1 6 10 15 -0.139 5.654 -1.734
SPIN 4 6 10 0 0.951 -5.694 1.294
SPIN 4 6 10 1 4.625 3.540 -1.040
SPIN 4 6 10 2 -0.908 -1.712 5.590
SPIN 4 6 10 3 -2.834 2.132 -4.735
SPIN 4 6 10 4 5.675 1.667 0.108
SPIN 4 6 10 5 -5.912 -0.167 -0.148
SPIN 4 6 10 6 -2.346 -5.423 -0.290
SPIN 4 6 10 7 -2.324 -5.426 0.395
SPIN 4 6 10 8 -5.395 0.822 2.284
SPIN 4 6 10 9 -0.315 5.724 -1.461
SPIN 4 6 10 10 2.904 -2.105 -4.705
SPIN 4 6 10 11 -3.445 -4.810 0.007
SPIN 4 6 10 12 4.744 3.185 -1.533
SPIN 4 6 10 13 -1.583 4.786 -3.097
SPIN 4 6 10 14 -5.506 2.165 -0.050
SPIN 4 6 10 15 -1.368 -3.499 -4.570
SPIN 1 6 11 0 -3.408 3.479 -3.359
SPIN 1 6 11 1 2.964 2.507 -4.465
SPIN 1 6 11 2 3.916 0.441 4.412
SPIN 1 6 11 3 -1.073 5.386 -2.201
SPIN 1 6 11 4 3.107 -3.387 -3.724
SPIN 1 6 11 5 2.097 -1.523 5.318
SPIN 1 6 11 6 3.590 -4.669 0.561
SPIN 1 6 11 7 5.740 0.547 1.326
SPIN 1 6 11 8 -2.386 4.846 2.413
SPIN 1 6 11 9 2.948 -3.551 -3.702
SPIN 1 6 11 10 -5.267 -1.786 -2.017
SPIN 1 6 11 11 2.970 -5.008 -1.051
SPIN 1 6 11 12 -3.649 1.699 4.335
SPIN 1 6 11 13 1.468 -4.666 3.327
SPIN 1 6 11 14 -0.772 0.330 5.856
SPIN 1 6 11 15 1.417 -5.591 1.314
SPIN 4 6 11 0 -5.318 1.898 1.766
SPIN 4 6 11 1 -2.309 0.956 5.362
SPIN 4 6 11 2 5.502 1.937 -0.988
SPIN 4 6 11 3 -4.929 -2.326 2.302
SPIN 4 6 11 4 -2.410 -0.200 -5.399
SPIN 4 6 11 5 5.629 -1.676 0.709
SPIN 4 6 11 6 5.197 -1.906 -2.087
SPIN 4 6 11 7 -3.988 -4.327 -0.612
SPIN 4 6 11 8 5.198 0.634 2.754
SPIN 4 6 11 9 3.778 -0.430 -4.532
SPIN 4 6 11 10 -1.692 5.276 2.075
SPIN 4 6 11 11 -3.838 -2.580 -3.690
SPIN 4 6 11 12 -1.209 -5.746 0.721
SPIN 4 6 11 13 0.194 5.898 -0.417
SPIN 4 6 11 14 0.711 1.923 -5.549
SPIN 4 6 11 15 -4.915 2.513 -2.127
SPIN 1 6 12 0 -5.067 0.426 3.024
SPIN 1 6 12 1 -1.174 1.921 5.471
SPIN 1 6 12 2 2.069 -4.359 3.423
SPIN 1 6 12 3 -3.677 -3.921 2.471
SPIN 1 6 12 4 -2.075 2.356 5.015
SPIN 1 6 12 5 1.422 1.536 -5.533
SPIN 1 6 12 6 3.810 0.534 -4.494
SPIN 1 6 12 7 -5.328 2.314 -1.124
SPIN 1 6 12 8 2.481 -4.278 3.247
SPIN 1 6 12 9 -0.004 5.365 -2.493
SPIN 1 6 12 10 -5.474 1.389 -1.763
SPIN 1 6 12 11 -0.524 -3.880 4.435
SPIN 1 6 12 12 5.761 -0.483 -1.254
SPIN 1 6 12 13 0.817 -5.600 1.724
SPIN 1 6 12 14 -1.557 -3.406 -4.580
SPIN 1 6 12 15 -1.145 4.469 3.703
SPIN 4 6 12 0 5.215 0.401 -2.764
SPIN 4 6 12 1 4.162 -2.248 3.553
SPIN 4 6 12 2 1.388 1.844 5.447
SPIN 4 6 12 3 -3.605 3.359 3.275
SPIN 4 6 12 4 -1.206 -5.641 -1.312
SPIN 4 6 12 5 -3.457 3.871 2.840
SPIN 4 6 12 6 -5.227 -2.736 -0.443
SPIN 4 6 12 7 -4.997 3.129 -0.489
SPIN 4 6 12 8 2.694 -4.961 -1.771
SPIN 4 6 12 9 -3.422 1.506 4.585
SPIN 4 6 12 10 -3.103 -4.989 -0.690
SPIN 4 6 12 11 4.664 1.056 3.484
SPIN 4 6 12 12 -0.904 5.806 0.686
SPIN 4 6 12 13 -0.832 0.915 5.785
SPIN 4 6 12 14 0.228 -0.653 5.875
SPIN 4 6 12 15 -2.040 4.506 -3.245
SPIN 1 6 13 0 5.151 2.482 -1.519
SPIN 1 6 13 1 5.448 -1.961 -1.212
SPIN 1 6 13 2 -2.846 -2.925 -4.283
SPIN 1 6 13 3 2.047 2.151 -5.117
SPIN 1 6 13 4 -2.967 2.110 -4.663
SPIN 1 6 13 5 4.396 -0.086 -3.958
SPIN 1 6 13 6 4.721 -1.723 -3.122
SPIN 1 6 13 7 -0.502 2.832 5.170
SPIN 1 6 13 8 0.144 2.770 -5.225
SPIN 1 6 13 9 3.578 -3.409 3.252
SPIN 1 6 13 10 2.493 -4.433 3.023
SPIN 1 6 13 11 -0.510 -1.470 -5.708
SPIN 1 6 13 12 -4.829 0.191 -3.412
SPIN 1 6 13 13 5.516 0.258 -2.123
SPIN 1 6 13 14 4.601 -3.018 -2.172
SPIN 1 6 13 15 -4.811 1.737 2.973
SPIN 4 6 13 0 -1.979 5.178 -2.067
SPIN 4 6 13 1 -4.400 -3.743 -1.277
SPIN 4 6 13 2 2.631 -5.118 1.372
SPIN 4 6 13 3 0.270 -2.695 -5.260
SPIN 4 6 13 4 -1.809 -3.313 4.555
SPIN 4 6 13 5 3.257 -1.432 4.727
SPIN 4 6 13 6 5.398 -2.060 1.272
SPIN 4 6 13 7 -5.166 1.780 2.267
SPIN 4 6 13 8 -1.851 -4.802 2.918
SPIN 4 6 13 9 -2.674 4.732 -2.337
SPIN 4 6 13 10 -1.411 -5.630 -1.147
SPIN 4 6 13 11 2.486 -5.368 0.060
SPIN 4 6 13 12 -2.275 -0.933 -5.381
SPIN 4 6 13 13 0.108 5.244 2.737
SPIN 4 6 13 14 1.127 3.803 -4.389
SPIN 4 6 13 15 5.900 0.427 -0.078
SPIN 1 6 14 0 -5.525 1.950 0.816
SPIN 1 6 14 1 -5.390 0.287 2.422
SPIN 1 6 14 2 1.696 0.518 -5.644
SPIN 1 6 14 3 -0.958 4.165 4.090
SPIN 1 6 14 4 0.680 -2.114 -5.484
SPIN 1 6 14 5 3.473 4.665 1.085
SPIN 1 6 14 6 -3.308 -4.904 0.092
SPIN 1 6 14 7 5.828 -0.792 -0.640
SPIN 1 6 14 8 0.480 0.200 5.893
SPIN 1 6 14 9 0.654 -5.807 -0.923
SPIN 1 6 14 10 -4.203 -2.658 -3.205
SPIN 1 6 14 11 3.397 -3.230 3.610
SPIN 1 6 14 12 4.068 3.085 -2.988
SPIN 1 6 14 13 0.802 -2.113 5.468
SPIN 1 6 14 14 2.982 3.531 3.693
SPIN 1 6 14 15 -3.077 1.437 -4.844
SPIN 4 6 14 0 3.451 -4.665 1.153
SPIN 4 6 14 1 -4.173 0.538 -4.159
SPIN 4 6 14 2 4.099 1.610 3.951
SPIN 4 6 14 3 3.963 3.380 2.806
SPIN 4 6 14 4 1.991 3.370 4.436
SPIN 4 6 14 5 -0.333 5.889 -0.452
SPIN 4 6 14 6 -5.887 -0.233 -0.536
SPIN 4 6 14 7 -1.850 -0.841 -5.556
SPIN 4 6 14 8 4.319 1.881 3.578
SPIN 4 6 14 9 2.752 1.004 5.140
SPIN 4 6 14 10 0.249 -5.761 1.320
SPIN 4 6 14 11 -0.696 0.485 -5.855
SPIN 4 6 14 12 -5.520 1.787 1.155
SPIN 4 6 14 13 4.187 3.985 1.259
SPIN 4 6 14 14 -5.107 -2.681 -1.314
SPIN 4 6 14 15 -5.791 1.197 0.196
SPIN 1 6 15 0 2.307 -5.439 0.303
SPIN 1 6 15 1 -2.563 -3.808 -3.733
SPIN 1 6 15 2 1.826 0.022 5.627
SPIN 1 6 15 3 1.750 -4.798 -2.987
SPIN 1 6 15 4 4.063 0.796 4.226
SPIN 1 6 15 5 -1.346 -4.164 -3.981
SPIN 1 6 15 6 -1.247 -5.626 -1.337
SPIN 1 6 15 7 -0.310 5.100 2.982
SPIN 1 6 15 8 0.967 4.580 3.618
SPIN 1 6 15 9 -5.898 -0.111 -0.449
SPIN 1 6 15 10 0.457 -0.961 5.820
SPIN 1 6 15 11 -0.894 0.663 -5.810
SPIN 1 6 15 12 -3.328 -2.339 4.296
SPIN 1 6 15 13 -5.709 1.532 -0.249
SPIN 1 6 15 14 1.920 -0.339 -5.586
SPIN 1 6 15 15 -3.965 -3.405 2.771
SPIN 4 6 15 0 3.194 -0.755 4.922
SPIN 4 6 15 1 -1.701 1.621 -5.430
SPIN 4 6 15 2 -3.224 4.956 0.211
SPIN 4 6 15 3 -4.480 2.098 3.245
SPIN 4 6 15 4 -0.553 1.496 5.697
SPIN 4 6 15 5 2.587 -5.034 -1.723
SPIN 4 6 15 6 0.386 0.140 5.902
SPIN 4 6 15 7 -3.487 4.274 2.138
SPIN 4 6 15 8 2.490 4.231 3.302
SPIN 4 6 15 9 -1.291 5.542 -1.618
SPIN 4 6 15 10 -4.128 3.325 2.627
SPIN 4 6 15 11 -5.461 0.513 2.216
SPIN 4 6 15 12 -2.637 3.471 4.000
SPIN 4 6 15 13 5.717 -1.498 0.268
SPIN 4 6 15 14 4.817 2.793 1.998
SPIN 4 6 15 15 -3.520 -4.304 -2.022
SPIN 3 6 0 0 -2.342 5.330 1.051
SPIN 3 6 0 1 -1.671 -5.630 0.716
SPIN 3 6 0 2 -1.132 3.101 4.910
SPIN 3 6 0 3 1.346 -4.901 -3.028
SPIN 3 6 0 4 -5.566 -0.351 1.974
SPIN 3 6 0 5 4.820 1.948 -2.824
SPIN 3 6 0 6 4.778 2.615 2.309
SPIN 3 6 0 7 -5.564 1.845 -0.798
SPIN 3 6 0 8 3.561 -3.013 3.639
SPIN 3 6 0 9 4.027 -0.420 4.314
SPIN 3 6 0 10 -5.732 1.328 0.619
SPIN 3 6 0 11 4.452 3.708 1.194
SPIN 3 6 0 12 3.814 -4.522 -0.060
SPIN 3 6 0 13 1.351 -5.707 0.775
SPIN 3 6 0 14 -5.306 0.913 2.452
SPIN 3 6 0 15 2.602 -3.915 -3.593
SPIN 2 6 0 0 4.262 0.909 4.001
SPIN 2 6 0 1 0.893 5.648 -1.516
SPIN 2 6 0 2 5.113 -2.970 0.179
SPIN 2 6 0 3 2.369 5.330 -0.991
SPIN 2 6 0 4 5.319 2.440 0.873
SPIN 2 6 0 5 -0.626 -4.442 -3.857
SPIN 2 6 0 6 -2.974 5.083 -0.564
SPIN 2 6 0 7 4.484 3.372 -1.876
SPIN 2 6 0 8 -0.545 -0.607 -5.860
SPIN 2 6 0 9 3.660 4.430 1.408
SPIN 2 6 0 10 -4.964 -2.359 2.188
SPIN 2 6 0 11 4.158 0.040 -4.208
SPIN 2 6 0 12 1.163 -5.352 -2.238
SPIN 2 6 0 13 -4.115 -1.100 4.106
SPIN 2 6 0 14 0.225 0.947 -5.835
SPIN 2 6 0 15 2.745 -2.149 -4.780
SPIN 3 6 1 0 -0.213 1.062 -5.816
SPIN 3 6 1 1 -4.030 -2.219 -3.720
SPIN 3 6 1 2 -1.194 5.518 1.767
SPIN 3 6 1 3 4.822 -0.101 -3.427
SPIN 3 6 1 4 -3.544 0.136 -4.735
SPIN 3 6 1 5 -3.172 2.011 -4.571
SPIN 3 6 1 6 0.119 -1.083 -5.815
SPIN 3 6 1 7 -1.668 -5.608 0.877
SPIN 3 6 1 8 0.234 5.686 -1.618
SPIN 3 6 1 9 4.508 -2.380 -3.002
SPIN 3 6 1 10 0.484 3.093 5.020
SPIN 3 6 1 11 -3.149 -1.282 4.841
SPIN 3 6 1 12 4.602 2.395 2.843
SPIN 3 6 1 13 -4.761 -2.143 2.783
SPIN 3 6 1 14 1.225 5.788 0.043
SPIN 3 6 1 15 -4.450 -1.843 3.435
SPIN 2 6 1 0 3.101 3.489 -3.634
SPIN 2 6 1 1 -3.299 3.656 -3.279
SPIN 2 6 1 2 -1.115 -3.495 -4.641
SPIN 2 6 1 3 -0.982 -1.013 5.745
SPIN 2 6 1 4 -1.250 5.531 -1.687
SPIN 2 6 1 5 -3.637 -4.661 -0.209
SPIN 2 6 1 6 3.790 0.477 4.518
SPIN 2 6 1 7 -2.111 -4.179 -3.617
SPIN 2 6 1 8 5.265 -0.945 2.527
SPIN 2 6 1 9 -2.068 0.668 5.502
SPIN 2 6 1 10 -3.842 4.035 -1.990
SPIN 2 6 1 11 -3.813 -2.492 -3.774
SPIN 2 6 1 12 -3.498 0.507 -4.744
SPIN 2 6 1 13 4.184 2.118 -3.607
SPIN 2 6 1 14 2.542 -2.029 -4.942
SPIN 2 6 1 15 -4.325 -1.746 3.640
SPIN 3 6 2 0 -5.114 2.572 1.495
SPIN 3 6 2 1 4.260 -3.218 2.548
SPIN 3 6 2 2 -5.736 -0.069 -1.445
SPIN 3 6 2 3 -1.163 5.760 0.686
SPIN 3 6 2 4 5.334 -1.411 2.136
SPIN 3 6 2 5 0.383 4.803 3.433
SPIN 3 6 2 6 4.253 -2.443 3.308
SPIN 3 6 2 7 -4.479 -2.729 -2.736
SPIN 3 6 2 8 -4.597 -0.907 -3.611
SPIN 3 6 2 9 4.111 0.274 -4.245
SPIN 3 6 2 10 -1.416 -5.384 2.003
SPIN 3 6 2 11 -2.134 -1.022 5.422
SPIN 3 6 2 12 -0.904 -1.879 -5.536
SPIN 3 6 2 13 -4.087 4.244 0.540
SPIN 3 6 2 14 -3.901 -4.420 0.490
SPIN 3 6 2 15 -0.871 -1.936 5.522
SPIN 2 6 2 0 0.923 -5.810 0.628
SPIN 2 6 2 1 2.109 1.014 -5.434
SPIN 2 6 2 2 -4.631 2.902 -2.265
SPIN 2 6 2 3 -3.734 -4.586 -0.162
SPIN 2 6 2 4 -5.112 -2.694 1.271
SPIN 2 6 2 5 0.704 -2.119 -5.478
SPIN 2 6 2 6 -5.630 1.813 -0.139
SPIN 2 6 2 7 -2.567 3.083 4.348
SPIN 2 6 2 8 -2.797 -4.833 -1.955
SPIN 2 6 2 9 4.896 2.721 -1.904
SPIN 2 6 2 10 2.051 1.133 5.432
SPIN 2 6 2 11 -0.483 3.425 -4.800
SPIN 2 6 2 12 -0.677 -5.094 -2.932
SPIN 2 6 2 13 2.163 5.405 1.049
SPIN 2 6 2 14 0.680 -0.056 -5.877
SPIN 2 6 2 15 -0.353 -1.233 -5.775
SPIN 3 6 3 0 3.855 2.734 3.559
SPIN 3 6 3 1 1.606 0.499 -5.672
SPIN 3 6 3 2 3.716 0.180 -4.600
SPIN 3 6 3 3 -1.727 3.573 -4.388
SPIN 3 6 3 4 2.413 -0.298 -5.393
SPIN 3 6 3 5 -5.233 -1.831 2.066
SPIN 3 6 3 6 -3.641 -4.610 0.701
SPIN 3 6 3 7 -3.672 2.842 3.666
SPIN 3 6 3 8 0.793 5.796 0.883
SPIN 3 6 3 9 -4.079 0.081 4.284
SPIN 3 6 3 10 1.713 -0.811 -5.604
SPIN 3 6 3 11 0.676 0.743 5.830
SPIN 3 6 3 12 2.200 0.416 -5.476
SPIN 3 6 3 13 -2.174 -3.455 -4.282
SPIN 3 6 3 14 -1.177 4.919 -3.069
SPIN 3 6 3 15 -1.188 5.412 2.074
SPIN 2 6 3 0 4.795 1.011 -3.315
SPIN 2 6 3 1 1.711 -4.866 -2.897
SPIN 2 6 3 2 0.594 5.402 -2.337
SPIN 2 6 3 3 1.552 -4.414 3.621
SPIN 2 6 3 4 4.456 3.733 1.102
SPIN 2 6 3 5 -3.906 3.292 2.984
SPIN 2 6 3 6 3.716 1.701 -4.278
SPIN 2 6 3 7 -1.506 0.672 -5.681
SPIN 2 6 3 8 5.369 1.168 2.192
SPIN 2 6 3 9 -1.596 -2.668 -5.033
SPIN 2 6 3 10 -2.535 -1.877 -5.005
SPIN 2 6 3 11 0.818 -5.818 -0.694
SPIN 2 6 3 12 0.987 4.153 4.096
SPIN 2 6 3 13 0.494 5.529 -2.046
SPIN 2 6 3 14 -2.656 4.650 -2.515
SPIN 2 6 3 15 2.270 -4.721 2.749
SPIN 3 6 4 0 -5.698 -1.296 0.926
SPIN 3 6 4 1 5.731 -1.466 0.043
SPIN 3 6 4 2 3.473 -4.323 2.061
SPIN 3 6 4 3 -4.841 -0.024 -3.400
SPIN 3 6 4 4 2.805 -4.923 1.702
SPIN 3 6 4 5 -4.219 -2.815 -3.046
SPIN 3 6 4 6 -1.231 3.817 -4.349
SPIN 3 6 4 7 1.216 1.053 5.693
SPIN 3 6 4 8 1.854 -4.251 -3.672
SPIN 3 6 4 9 -3.161 3.279 3.775
SPIN 3 6 4 10 -0.816 4.403 3.866
SPIN 3 6 4 11 1.482 -0.169 -5.725
SPIN 3 6 4 12 2.158 -2.168 5.064
SPIN 3 6 4 13 0.216 5.834 0.957
SPIN 3 6 4 14 -0.366 -4.725 -3.542
SPIN 3 6 4 15 -2.805 1.209 -5.067
SPIN 2 6 4 0 4.746 -2.800 2.152
SPIN 2 6 4 1 0.579 5.629 -1.725
SPIN 2 6 4 2 -4.553 -0.556 -3.737
SPIN 2 6 4 3 5.609 1.774 -0.629
SPIN 2 6 4 4 -1.038 -3.545 -4.621
SPIN 2 6 4 5 3.606 1.912 4.283
SPIN 2 6 4 6 5.016 1.146 -2.920
SPIN 2 6 4 7 4.057 2.688 3.363
SPIN 2 6 4 8 -0.917 1.252 -5.709
SPIN 2 6 4 9 4.872 -1.461 3.022
SPIN 2 6 4 10 4.949 -0.320 -3.226
SPIN 2 6 4 11 -2.105 4.908 2.546
SPIN 2 6 4 12 0.974 -4.449 -3.776
SPIN 2 6 4 13 -0.975 3.693 -4.518
SPIN 2 6 4 14 4.928 -2.342 2.287
SPIN 2 6 4 15 -2.115 5.432 -1.008
SPIN 3 6 5 0 -5.332 -1.953 -1.661
SPIN 3 6 5 1 -2.443 -5.354 -0.600
SPIN 3 6 5 2 2.604 5.286 0.531
SPIN 3 6 5 3 2.830 -1.214 5.051
SPIN 3 6 5 4 -2.313 4.153 -3.522
SPIN 3 6 5 5 3.619 1.444 4.451
SPIN 3 6 5 6 -1.029 -5.013 2.969
SPIN 3 6 5 7 -1.774 -0.044 5.644
SPIN 3 6 5 8 0.244 4.595 -3.718
SPIN 3 6 5 9 1.351 -1.194 5.635
SPIN 3 6 5 10 3.624 3.785 -2.745
SPIN 3 6 5 11 -3.663 -2.618 3.838
SPIN 3 6 5 12 -1.316 -2.473 -5.211
SPIN 3 6 5 13 -5.894 0.388 -0.334
SPIN 3 6 5 14 1.036 5.820 0.247
SPIN 3 6 5 15 5.480 -0.683 2.123
SPIN 2 6 5 0 -1.411 4.303 3.807
SPIN 2 6 5 1 4.836 2.814 -1.922
SPIN 2 6 5 2 -3.309 3.570 3.362
SPIN 2 6 5 3 -0.806 -5.843 0.463
SPIN 2 6 5 4 5.338 1.920 1.679
SPIN 2 6 5 5 -3.834 -2.126 -3.972
SPIN 2 6 5 6 2.092 4.724 2.882
SPIN 2 6 5 7 2.172 2.027 -5.116
SPIN 2 6 5 8 1.401 4.498 -3.579
SPIN 2 6 5 9 3.912 1.195 4.274
SPIN 2 6 5 10 -5.226 -0.224 -2.763
SPIN 2 6 5 11 1.873 0.135 5.610
SPIN 2 6 5 12 -5.287 0.870 -2.509
SPIN 2 6 5 13 -3.745 -2.264 3.981
SPIN 2 6 5 14 2.760 -0.345 -5.222
SPIN 2 6 5 15 -3.646 3.076 3.499
SPIN 3 6 6 0 -4.543 3.293 1.877
SPIN 3 6 6 1 -1.210 0.345 5.781
SPIN 3 6 6 2 -3.638 4.317 -1.769
SPIN 3 6 6 3 -3.364 -3.656 -3.213
SPIN 3 6 6 4 -0.112 2.952 -5.126
SPIN 3 6 6 5 -3.960 1.124 4.249
SPIN 3 6 6 6 4.337 3.962 0.702
SPIN 3 6 6 7 -2.621 2.411 4.724
SPIN 3 6 6 8 -2.109 -2.504 4.928
SPIN 3 6 6 9 4.872 2.435 -2.310
SPIN 3 6 6 10 2.852 3.852 3.468
SPIN 3 6 6 11 1.576 -2.345 -5.198
SPIN 3 6 6 12 3.820 -1.679 -4.194
SPIN 3 6 6 13 4.009 -3.651 2.367
SPIN 3 6 6 14 -2.550 3.481 -4.047
SPIN 3 6 6 15 5.654 -1.369 1.075
SPIN 2 6 6 0 -3.920 4.043 -1.812
SPIN 2 6 6 1 3.483 -4.695 -0.912
SPIN 2 6 6 2 4.732 -1.800 3.061
SPIN 2 6 6 3 3.038 3.433 -3.740
SPIN 2 6 6 4 -3.356 4.872 -0.046
SPIN 2 6 6 5 4.848 1.953 -2.772
SPIN 2 6 6 6 2.975 -4.256 -2.835
SPIN 2 6 6 7 1.681 -5.672 0.079
SPIN 2 6 6 8 4.415 2.756 -2.813
SPIN 2 6 6 9 -5.161 2.891 0.050
SPIN 2 6 6 10 4.267 -3.511 2.112
SPIN 2 6 6 11 -4.091 -4.251 0.440
SPIN 2 6 6 12 2.576 -4.327 3.105
SPIN 2 6 6 13 1.645 -1.482 -5.486
SPIN 2 6 6 14 -4.592 0.597 3.682
SPIN 2 6 6 15 -1.493 -4.663 3.321
SPIN 3 6 7 0 3.691 4.544 0.855
SPIN 3 6 7 1 -3.277 4.925 -0.004
SPIN 3 6 7 2 4.603 -0.208 3.711
SPIN 3 6 7 3 -1.554 1.106 -5.600
SPIN 3 6 7 4 3.648 -1.663 4.351
SPIN 3 6 7 5 4.950 -2.666 1.841
SPIN 3 6 7 6 -3.575 -2.773 -3.812
SPIN 3 6 7 7 1.888 5.402 1.501
SPIN 3 6 7 8 -3.162 -4.774 1.488
SPIN 3 6 7 9 3.867 4.036 -1.937
SPIN 3 6 7 10 -0.053 -0.252 5.910
SPIN 3 6 7 11 -5.907 0.019 0.320
SPIN 3 6 7 12 -4.022 -4.032 1.603
SPIN 3 6 7 13 -1.501 5.504 1.566
SPIN 3 6 7 14 0.163 -5.697 -1.588
SPIN 3 6 7 15 2.024 5.158 2.075
SPIN 2 6 7 0 5.432 0.907 -2.162
SPIN 2 6 7 1 5.904 0.034 -0.372
SPIN 2 6 7 2 -0.893 -4.032 4.236
SPIN 2 6 7 3 -3.901 -3.620 2.583
SPIN 2 6 7 4 -0.481 5.077 2.999
SPIN 2 6 7 5 -4.291 -1.922 3.591
SPIN 2 6 7 6 -3.058 2.397 4.461
SPIN 2 6 7 7 -4.336 -2.023 3.480
SPIN 2 6 7 8 0.066 -5.904 0.377
SPIN 2 6 7 9 5.821 -0.568 0.894
SPIN 2 6 7 10 4.848 1.807 -2.870
SPIN 2 6 7 11 0.304 2.323 5.432
SPIN 2 6 7 12 -4.291 3.184 -2.538
SPIN 2 6 7 13 1.760 -0.155 5.646
SPIN 2 6 7 14 -5.127 1.689 -2.420
SPIN 2 6 7 15 3.299 4.811 -0.984
SPIN 3 6 8 0 -0.214 2.117 5.520
SPIN 3 6 8 1 1.814 4.605 3.241
SPIN 3 6 8 2 4.264 -4.081 0.406
SPIN 3 6 8 3 5.838 0.382 0.879
SPIN 3 6 8 4 -4.723 1.687 -3.139
SPIN 3 6 8 5 0.111 -3.259 -4.936
SPIN 3 6 8 6 5.795 1.027 0.600
SPIN 3 6 8 7 0.697 -3.842 4.445
SPIN 3 6 8 8 0.195 2.477 5.369
SPIN 3 6 8 9 -4.360 0.168 3.995
SPIN 3 6 8 10 2.653 2.850 -4.454
SPIN 3 6 8 11 -4.793 2.776 2.079
SPIN 3 6 8 12 1.022 -0.026 5.827
SPIN 3 6 8 13 -2.113 -3.430 -4.333
SPIN 3 6 8 14 5.162 1.585 2.417
SPIN 3 6 8 15 1.511 -3.638 -4.414
SPIN 2 6 8 0 -1.768 4.063 -3.920
SPIN 2 6 8 1 5.821 0.970 0.424
SPIN 2 6 8 2 0.797 3.971 -4.312
SPIN 2 6 8 3 0.973 1.338 5.680
SPIN 2 6 8 4 0.458 -0.584 -5.869
SPIN 2 6 8 5 -1.723 2.465 5.094
SPIN 2 6 8 6 -1.304 -3.980 4.179
SPIN 2 6 8 7 4.733 -0.976 -3.412
SPIN 2 6 8 8 3.505 -3.033 3.677
SPIN 2 6 8 9 2.526 5.270 -0.921
SPIN 2 6 8 10 -5.209 -2.704 0.747
SPIN 2 6 8 11 2.949 0.386 -5.114
SPIN 2 6 8 12 -3.320 2.134 -4.407
SPIN 2 6 8 13 -5.496 0.902 -1.994
SPIN 2 6 8 14 -2.079 -5.115 -2.125
SPIN 2 6 8 15 0.748 -1.006 5.782
SPIN 3 6 9 0 -5.280 -2.210 1.497
SPIN 3 6 9 1 -2.936 -2.132 -4.672
SPIN 3 6 9 2 -2.421 5.227 -1.350
SPIN 3 6 9 3 -1.221 -5.446 1.962
SPIN 3 6 9 4 4.742 0.535 -3.497
SPIN 3 6 9 5 -1.640 -4.261 -3.762
SPIN 3 6 9 6 -0.518 5.496 2.128
SPIN 3 6 9 7 2.867 2.309 4.631
SPIN 3 6 9 8 5.468 -0.386 2.226
SPIN 3 6 9 9 -1.390 -2.211 -5.308
SPIN 3 6 9 10 -1.805 -2.115 5.222
SPIN 3 6 9 11 -0.450 -5.603 1.846
SPIN 3 6 9 12 0.598 -0.829 5.827
SPIN 3 6 9 13 5.483 1.633 -1.507
SPIN 3 6 9 14 -0.712 -2.642 5.245
SPIN 3 6 9 15 -1.222 1.045 5.693
SPIN 2 6 9 0 0.596 3.702 4.576
SPIN 2 6 9 1 -3.186 -4.984 -0.051
SPIN 2 6 9 2 2.700 -5.172 0.980
SPIN 2 6 9 3 1.764 5.628 -0.463
SPIN 2 6 9 4 -0.335 -5.637 1.765
SPIN 2 6 9 5 1.528 5.577 -1.251
SPIN 2 6 9 6 1.134 -4.824 3.231
SPIN 2 6 9 7 -1.204 3.351 -4.725
SPIN 2 6 9 8 -3.193 -4.601 -1.907
SPIN 2 6 9 9 1.281 -4.600 3.493
SPIN 2 6 9 10 4.897 2.027 -2.629
SPIN 2 6 9 11 4.556 3.274 1.877
SPIN 2 6 9 12 5.870 -0.095 -0.734
SPIN 2 6 9 13 2.345 5.167 -1.673
SPIN 2 6 9 14 0.392 5.890 0.399
SPIN 2 6 9 15 0.516 -3.357 -4.844
SPIN 3 6 10 0 1.139 5.486 1.900
SPIN 3 6 10 1 5.021 -3.125 0.171
SPIN 3 6 10 2 5.846 -0.857 -0.300
SPIN 3 6 10 3 -0.807 -2.624 5.240
SPIN 3 6 10 4 5.315 -0.280 -2.584
SPIN 3 6 10 5 1.568 -1.482 5.509
SPIN 3 6 10 6 5.621 1.199 1.403
SPIN 3 6 10 7 -1.043 -3.569 -4.601
SPIN 3 6 10 8 1.573 5.507 1.483
SPIN 3 6 10 9 -1.198 -5.239 -2.473
SPIN 3 6 10 10 2.644 -5.017 -1.685
SPIN 3 6 10 11 -3.458 0.315 4.790
SPIN 3 6 10 12 -5.604 -1.275 -1.404
SPIN 3 6 10 13 3.529 -4.126 2.350
SPIN 3 6 10 14 -4.173 3.672 -2.026
SPIN 3 6 10 15 5.231 1.861 -2.043
SPIN 2 6 10 0 -2.528 5.313 -0.617
SPIN 2 6 10 1 -3.804 -0.903 4.440
SPIN 2 6 10 2 2.881 4.366 -2.763
SPIN 2 6 10 3 -4.755 -3.434 0.770
SPIN 2 6 10 4 -4.636 1.247 3.457
SPIN 2 6 10 5 -2.591 1.175 5.187
SPIN 2 6 10 6 -1.242 5.725 0.826
SPIN 2 6 10 7 -5.117 2.356 -1.807
SPIN 2 6 10 8 5.484 0.912 2.023
SPIN 2 6 10 9 4.429 -2.021 3.361
SPIN 2 6 10 10 4.657 -2.714 2.439
SPIN 2 6 10 11 2.729 4.667 -2.403
SPIN 2 6 10 12 -2.436 -2.277 4.887
SPIN 2 6 10 13 2.705 -0.468 5.241
SPIN 2 6 10 14 -3.864 2.703 -3.573
SPIN 2 6 10 15 2.521 5.352 0.073
SPIN 3 6 11 0 5.569 -1.809 0.847
SPIN 3 6 11 1 -2.455 1.960 5.013
SPIN 3 6 11 2 2.160 -3.755 -4.029
SPIN 3 6 11 3 4.056 1.610 -3.995
SPIN 3 6 11 4 -3.461 -4.579 -1.433
SPIN 3 6 11 5 1.852 4.563 -3.278
SPIN 3 6 11 6 2.046 -4.817 -2.759
SPIN 3 6 11 7 4.112 1.818 -3.845
SPIN 3 6 11 8 -4.762 -1.805 3.011
SPIN 3 6 11 9 -3.671 -3.563 2.972
SPIN 3 6 11 10 4.710 0.857 3.475
SPIN 3 6 11 11 -3.497 1.074 4.649
SPIN 3 6 11 12 2.009 1.181 -5.438
SPIN 3 6 11 13 0.442 5.406 -2.363
SPIN 3 6 11 14 4.702 3.031 1.924
SPIN 3 6 11 15 0.109 -0.346 5.905
SPIN 2 6 11 0 5.404 -1.987 -1.357
SPIN 2 6 11 1 2.058 -4.855 -2.683
SPIN 2 6 11 2 -3.415 -0.923 -4.742
SPIN 2 6 11 3 -4.994 0.630 -3.109
SPIN 2 6 11 4 2.807 -0.528 5.181
SPIN 2 6 11 5 -3.004 -3.647 -3.560
SPIN 2 6 11 6 0.513 5.228 2.721
SPIN 2 6 11 7 1.098 -3.976 -4.241
SPIN 2 6 11 8 2.728 4.742 2.251
SPIN 2 6 11 9 -0.028 -0.703 -5.874
SPIN 2 6 11 10 -2.277 -1.385 5.282
SPIN 2 6 11 11 4.626 -0.811 -3.598
SPIN 2 6 11 12 -1.433 -5.623 -1.154
SPIN 2 6 11 13 -0.160 5.826 1.014
SPIN 2 6 11 14 -0.422 -5.835 0.880
SPIN 2 6 11 15 -5.735 -1.318 -0.611
SPIN 3 6 12 0 -1.179 4.017 -4.180
SPIN 3 6 12 1 -3.463 3.452 -3.330
SPIN 3 6 12 2 -2.824 -3.958 -3.371
SPIN 3 6 12 3 4.039 -4.103 -1.362
SPIN 3 6 12 4 -0.681 5.854 0.521
SPIN 3 6 12 5 -1.221 -1.658 -5.546
SPIN 3 6 12 6 -0.894 0.362 5.837
SPIN 3 6 12 7 -1.065 -0.132 -5.818
SPIN 3 6 12 8 1.731 4.235 3.751
SPIN 3 6 12 9 5.060 -3.012 -0.571
SPIN 3 6 12 10 2.729 -4.455 -2.776
SPIN 3 6 12 11 -5.489 -1.785 1.299
SPIN 3 6 12 12 -2.599 4.127 3.348
SPIN 3 6 12 13 3.689 -3.283 3.258
SPIN 3 6 12 14 1.745 5.651 0.129
SPIN 3 6 12 15 3.165 -1.754 4.680
SPIN 2 6 12 0 -3.234 -4.705 -1.551
SPIN 2 6 12 1 -0.069 5.764 -1.329
SPIN 2 6 12 2 1.520 -4.189 -3.891
SPIN 2 6 12 3 3.285 1.811 -4.575
SPIN 2 6 12 4 4.052 -3.167 -2.924
SPIN 2 6 12 5 -0.472 -5.062 3.026
SPIN 2 6 12 6 3.651 1.622 -4.363
SPIN 2 6 12 7 0.008 3.762 -4.566
SPIN 2 6 12 8 -1.635 -5.472 -1.545
SPIN 2 6 12 9 5.019 3.090 0.515
SPIN 2 6 12 10 5.489 -2.101 -0.677
SPIN 2 6 12 11 -5.257 2.713 0.003
SPIN 2 6 12 12 4.251 -4.095 0.397
SPIN 2 6 12 13 -3.426 4.779 0.647
SPIN 2 6 12 14 2.923 3.455 3.811
SPIN 2 6 12 15 -1.919 -5.182 -2.113
SPIN 3 6 13 0 -5.425 -1.860 -1.455
SPIN 3 6 13 1 -2.763 -1.636 -4.969
SPIN 3 6 13 2 -5.537 0.283 2.064
SPIN 3 6 13 3 -3.873 -4.085 -1.820
SPIN 3 6 13 4 5.025 2.654 -1.645
SPIN 3 6 13 5 -3.410 -0.954 4.740
SPIN 3 6 13 6 2.903 -3.925 -3.342
SPIN 3 6 13 7 -0.860 -0.637 5.819
SPIN 3 6 13 8 -0.233 -5.877 0.635
SPIN 3 6 13 9 -3.999 0.187 -4.356
SPIN 3 6 13 10 3.185 2.924 4.038
SPIN 3 6 13 11 -2.012 -5.266 -1.796
SPIN 3 6 13 12 -3.672 3.024 3.518
SPIN 3 6 13 13 -2.111 5.511 -0.414
SPIN 3 6 13 14 -1.736 -4.760 3.054
SPIN 3 6 13 15 4.935 0.852 -3.150
SPIN 2 6 13 0 1.145 0.432 -5.788
SPIN 2 6 13 1 -0.539 -5.104 2.943
SPIN 2 6 13 2 -5.581 -1.273 1.495
SPIN 2 6 13 3 2.002 -0.330 5.557
SPIN 2 6 13 4 2.604 -4.920 -2.002
SPIN 2 6 13 5 -5.276 1.483 -2.227
SPIN 2 6 13 6 0.403 5.899 0.186
SPIN 2 6 13 7 -3.166 -4.436 -2.302
SPIN 2 6 13 8 3.071 2.837 4.185
SPIN 2 6 13 9 -4.110 0.378 -4.239
SPIN 2 6 13 10 -4.106 0.687 -4.203
SPIN 2 6 13 11 3.912 4.323 1.003
SPIN 2 6 13 12 0.398 0.202 5.899
SPIN 2 6 13 13 -0.517 -5.846 0.747
SPIN 2 6 13 14 2.608 -4.032 -3.455
SPIN 2 6 13 15 -4.189 3.862 1.593
SPIN 3 6 14 0 -4.032 4.329 -0.032
SPIN 3 6 14 1 3.274 4.846 0.896
SPIN 3 6 14 2 5.301 -2.575 0.523
SPIN 3 6 14 3 -3.704 -0.073 4.613
SPIN 3 6 14 4 -4.111 -1.244 4.069
SPIN 3 6 14 5 4.282 -0.534 -4.047
SPIN 3 6 14 6 5.475 2.240 -0.077
SPIN 3 6 14 7 4.957 1.082 -3.042
SPIN 3 6 14 8 3.726 -0.425 4.575
SPIN 3 6 14 9 -4.778 3.075 1.648
SPIN 3 6 14 10 3.338 -2.339 4.288
SPIN 3 6 14 11 -1.437 -5.667 0.904
SPIN 3 6 14 12 4.631 -3.351 -1.526
SPIN 3 6 14 13 -5.109 -2.878 -0.782
SPIN 3 6 14 14 1.131 2.625 5.180
SPIN 3 6 14 15 -2.305 -5.443 -0.259
SPIN 2 6 14 0 1.361 -5.282 -2.291
SPIN 2 6 14 1 1.825 1.067 -5.526
SPIN 2 6 14 2 4.235 -0.917 -4.028
SPIN 2 6 14 3 -4.761 3.351 1.048
SPIN 2 6 14 4 5.252 0.230 2.714
SPIN 2 6 14 5 -0.221 -4.902 3.305
SPIN 2 6 14 6 0.662 5.879 -0.065
SPIN 2 6 14 7 -1.297 -4.685 3.371
SPIN 2 6 14 8 -3.483 2.446 -4.109
SPIN 2 6 14 9 5.585 1.315 1.439
SPIN 2 6 14 10 -0.538 3.688 -4.594
SPIN 2 6 14 11 -0.873 2.449 5.314
SPIN 2 6 14 12 -1.388 -0.085 -5.750
SPIN 2 6 14 13 0.301 -0.426 5.893
SPIN 2 6 14 14 2.161 0.652 5.468
SPIN 2 6 14 15 2.402 4.584 2.867
SPIN 3 6 15 0 -5.507 -1.611 -1.442
SPIN 3 6 15 1 -0.842 5.564 -1.827
SPIN 3 6 15 2 4.016 0.933 -4.243
SPIN 3 6 15 3 5.584 -1.642 -1.057
SPIN 3 6 15 4 -0.138 0.046 -5.914
SPIN 3 6 15 5 3.966 4.388 0.115
SPIN 3 6 15 6 -5.563 1.222 -1.599
SPIN 3 6 15 7 5.206 1.571 -2.329
SPIN 3 6 15 8 -5.574 1.884 0.619
SPIN 3 6 15 9 -0.509 -3.343 4.854
SPIN 3 6 15 10 -4.254 -2.973 2.841
SPIN 3 6 15 11 5.782 -1.234 -0.207
SPIN 3 6 15 12 -1.643 -0.538 5.658
SPIN 3 6 15 13 -1.754 2.567 5.034
SPIN 3 6 15 14 -4.843 -2.739 -2.012
SPIN 3 6 15 15 5.854 0.783 0.348
SPIN 2 6 15 0 0.765 2.008 5.512
SPIN 2 6 15 1 -3.793 3.560 2.818
SPIN 2 6 15 2 -4.633 -3.674 0.178
SPIN 2 6 15 3 4.928 -3.266 -0.230
SPIN 2 6 15 4 4.331 3.629 -1.753
SPIN 2 6 15 5 -4.643 -2.048 3.041
SPIN 2 6 15 6 3.243 2.699 4.147
SPIN 2 6 15 7 -1.171 -4.045 -4.156
SPIN 2 6 15 8 -0.762 -5.766 -1.082
SPIN 2 6 15 9 0.424 1.927 5.577
SPIN 2 6 15 10 -1.154 5.616 1.461
SPIN 2 6 15 11 -2.060 -5.498 -0.730
SPIN 2 6 15 12 4.422 3.927 0.173
SPIN 2 6 15 13 0.619 -0.561 -5.857
SPIN 2 6 15 14 5.051 -2.947 0.898
SPIN 2 6 15 15 -4.391 -2.773 2.833
SPIN 1 7 0 0 3.636 4.265 -1.893
SPIN 1 7 0 1 3.728 -4.378 1.391
SPIN 1 7 0 2 -2.726 5.072 -1.359
SPIN 1 7 0 3 1.051 2.703 -5.156
SPIN 1 7 0 4 5.390 -2.404 0.408
SPIN 1 7 0 5 -0.675 2.253 -5.428
SPIN 1 7 0 6 -2.310 -3.421 -4.238
SPIN 1 7 0 7 -3.154 -1.263 4.844
SPIN 1 7 0 8 -0.896 -5.084 2.889
SPIN 1 7 0 9 0.642 5.324 2.499
SPIN 1 7 0 10 3.170 1.047 -4.885
SPIN 1 7 0 11 -4.901 0.166 3.310
SPIN 1 7 0 12 -0.115 4.966 -3.214
SPIN 1 7 0 13 -5.094 2.917 0.734
SPIN 1 7 0 14 0.168 -3.050 -5.067
SPIN 1 7 0 15 -2.171 4.362 3.356
SPIN 4 7 0 0 3.432 0.317 -4.808
SPIN 4 7 0 1 -3.085 4.402 -2.471
SPIN 4 7 0 2 1.159 -2.013 -5.441
SPIN 4 7 0 3 -4.905 3.290 0.346
SPIN 4 7 0 4 3.384 4.665 1.336
SPIN 4 7 0 5 4.572 -1.089 3.593
SPIN 4 7 0 6 0.021 0.993 -5.832
SPIN 4 7 0 7 5.294 -2.560 0.647
SPIN 4 7 0 8 -5.476 -0.593 -2.158
SPIN 4 7 0 9 -2.527 -2.603 -4.673
SPIN 4 7 0 10 0.336 -0.967 5.827
SPIN 4 7 0 11 4.039 -4.246 -0.813
SPIN 4 7 0 12 3.400 4.147 -2.499
SPIN 4 7 0 13 -5.246 -2.216 1.602
SPIN 4 7 0 14 3.943 4.313 0.920
SPIN 4 7 0 15 3.501 4.266 -2.132
SPIN 1 7 1 0 -5.112 -2.978 -0.021
SPIN 1 7 1 1 -1.010 1.822 5.537
SPIN 1 7 1 2 4.350 2.920 -2.748
SPIN 1 7 1 3 -4.275 -1.914 3.614
SPIN 1 7 1 4 1.406 4.975 -2.876
SPIN 1 7 1 5 4.015 0.835 4.264
SPIN 1 7 1 6 4.538 -3.541 1.368
SPIN 1 7 1 7 -0.789 2.884 5.105
SPIN 1 7 1 8 2.007 5.563 -0.160
SPIN 1 7 1 9 -2.714 -2.240 -4.756
SPIN 1 7 1 10 2.027 4.625 3.082
SPIN 1 7 1 11 -4.741 2.227 -2.751
SPIN 1 7 1 12 2.805 -1.645 4.942
SPIN 1 7 1 13 4.405 2.726 -2.858
SPIN 1 7 1 14 -1.694 0.237 5.663
SPIN 1 7 1 15 1.069 -3.168 -4.881
SPIN 4 7 1 0 -3.725 -2.619 -3.777
SPIN 4 7 1 1 -2.685 -0.089 5.271
SPIN 4 7 1 2 4.337 -0.055 4.024
SPIN 4 7 1 3 -0.209 -4.049 4.309
SPIN 4 7 1 4 0.154 -2.191 -5.493
SPIN 4 7 1 5 -2.135 -3.486 -4.276
SPIN 4 7 1 6 -5.847 -0.663 0.613
SPIN 4 7 1 7 3.087 5.040 0.258
SPIN 4 7 1 8 -5.716 -1.247 0.879
SPIN 4 7 1 9 5.684 1.091 1.224
SPIN 4 7 1 10 4.911 0.339 3.282
SPIN 4 7 1 11 -0.818 3.613 -4.613
SPIN 4 7 1 12 -2.821 -4.614 2.399
SPIN 4 7 1 13 4.754 2.459 2.521
SPIN 4 7 1 14 -4.425 -3.824 -0.891
SPIN 4 7 1 15 4.931 2.189 2.428
SPIN 1 7 2 0 -3.761 0.810 -4.494
SPIN 1 7 2 1 4.048 -3.915 1.813
SPIN 1 7 2 2 -5.207 -1.747 -2.198
SPIN 1 7 2 3 -3.723 1.811 -4.226
SPIN 1 7 2 4 5.343 1.817 -1.776
SPIN 1 7 2 5 -4.372 -0.998 -3.859
SPIN 1 7 2 6 -0.709 3.095 4.992
SPIN 1 7 2 7 -0.220 -2.750 -5.234
SPIN 1 7 2 8 -0.941 1.034 5.748
SPIN 1 7 2 9 -4.497 3.185 -2.152
SPIN 1 7 2 10 -1.460 -5.250 2.304
SPIN 1 7 2 11 3.904 -4.012 1.913
SPIN 1 7 2 12 -2.423 1.442 -5.201
SPIN 1 7 2 13 -5.641 -0.920 1.529
SPIN 1 7 2 14 2.381 4.341 -3.238
SPIN 1 7 2 15 1.032 -0.094 5.825
SPIN 4 7 2 0 0.844 4.284 3.992
SPIN 4 7 2 1 2.431 3.198 -4.344
SPIN 4 7 2 2 -0.867 1.464 5.666
SPIN 4 7 2 3 -4.327 3.502 2.004
SPIN 4 7 2 4 -2.469 3.355 4.201
SPIN 4 7 2 5 -0.282 1.350 5.753
SPIN 4 7 2 6 1.663 5.670 -0.299
SPIN 4 7 2 7 4.228 3.492 2.221
SPIN 4 7 2 8 4.945 3.099 -0.971
SPIN 4 7 2 9 -5.862 0.076 0.796
SPIN 4 7 2 10 -3.243 1.808 4.606
SPIN 4 7 2 11 5.714 -1.106 -1.063
SPIN 4 7 2 12 3.074 5.030 -0.497
SPIN 4 7 2 13 -1.927 -5.586 0.287
SPIN 4 7 2 14 -3.465 -4.343 -2.034
SPIN 4 7 2 15 4.045 3.114 2.990
SPIN 1 7 3 0 1.682 -0.079 5.671
SPIN 1 7 3 1 -1.053 2.649 -5.184
SPIN 1 7 3 2 3.204 -2.689 4.184
SPIN 1 7 3 3 5.780 -1.228 0.298
SPIN 1 7 3 4 -3.880 -1.997 3.994
SPIN 1 7 3 5 -3.210 1.513 -4.734
SPIN 1 7 3 6 4.904 -0.346 -3.290
SPIN 1 7 3 7 -4.041 -1.665 3.987
SPIN 1 7 3 8 -1.291 -0.616 -5.741
SPIN 1 7 3 9 4.252 -2.423 3.324
SPIN 1 7 3 10 -4.928 -1.641 -2.833
SPIN 1 7 3 11 -5.694 -0.066 -1.604
SPIN 1 7 3 12 -2.933 4.782 -1.880
SPIN 1 7 3 13 -3.111 0.440 5.013
SPIN 1 7 3 14 2.631 5.295 -0.197
SPIN 1 7 3 15 5.216 -2.792 0.014
SPIN 4 7 3 0 4.094 -3.733 2.076
SPIN 4 7 3 1 1.747 -5.012 -2.614
SPIN 4 7 3 2 -1.718 -5.529 -1.218
SPIN 4 7 3 3 -3.771 -3.732 2.618
SPIN 4 7 3 4 1.532 2.642 -5.067
SPIN 4 7 3 5 3.353 -4.368 -2.163
SPIN 4 7 3 6 2.536 -2.459 -4.746
SPIN 4 7 3 7 -5.897 -0.394 -0.265
SPIN 4 7 3 8 -2.232 -2.272 4.985
SPIN 4 7 3 9 -2.013 4.598 -3.130
SPIN 4 7 3 10 1.015 -4.748 3.381
SPIN 4 7 3 11 -5.857 -0.723 0.411
SPIN 4 7 3 12 2.519 -4.569 2.789
SPIN 4 7 3 13 2.411 1.753 -5.110
SPIN 4 7 3 14 3.090 -0.064 5.045
SPIN 4 7 3 15 -5.681 0.751 1.471
SPIN 1 7 4 0 2.840 0.320 5.180
SPIN 1 7 4 1 -0.144 3.405 -4.836
SPIN 1 7 4 2 -2.544 -3.587 3.958
SPIN 1 7 4 3 -0.358 5.874 0.611
SPIN 1 7 4 4 -1.532 4.088 -3.993
SPIN 1 7 4 5 -2.764 2.672 4.497
SPIN 1 7 4 6 -4.652 -3.607 -0.592
SPIN 1 7 4 7 0.470 5.453 2.246
SPIN 1 7 4 8 -1.341 -2.747 -5.065
SPIN 1 7 4 9 5.851 0.873 -0.025
SPIN 1 7 4 10 -1.312 5.766 -0.169
SPIN 1 7 4 11 5.279 -0.929 -2.504
SPIN 1 7 4 12 1.279 5.736 -0.684
SPIN 1 7 4 13 -4.502 -0.544 3.799
SPIN 1 7 4 14 -5.053 -1.258 2.809
SPIN 1 7 4 15 5.202 -2.460 -1.372
SPIN 4 7 4 0 4.781 -0.049 -3.484
SPIN 4 7 4 1 -2.305 1.982 5.075
SPIN 4 7 4 2 -1.728 -5.658 -0.037
SPIN 4 7 4 3 -1.412 1.820 5.449
SPIN 4 7 4 4 5.244 -2.570 0.947
SPIN 4 7 4 5 -5.503 2.115 0.499
SPIN 4 7 4 6 1.021 -4.629 3.540
SPIN 4 7 4 7 5.424 0.894 -2.186
SPIN 4 7 4 8 -2.341 5.386 0.715
SPIN 4 7 4 9 0.604 2.678 -5.241
SPIN 4 7 4 10 0.196 -1.309 -5.766
SPIN 4 7 4 11 0.923 3.713 4.512
SPIN 4 7 4 12 0.331 -5.146 2.900
SPIN 4 7 4 13 -0.450 -3.995 -4.340
SPIN 4 7 4 14 -4.013 3.752 2.196
SPIN 4 7 4 15 5.146 2.854 -0.609
SPIN 1 7 5 0 -2.161 2.756 -4.768
SPIN 1 7 5 1 1.291 -2.401 5.250
SPIN 1 7 5 2 5.609 0.721 1.738
SPIN 1 7 5 3 5.698 0.846 -1.349
SPIN 1 7 5 4 -1.679 -5.651 0.493
SPIN 1 7 5 5 -3.202 -1.531 4.734
SPIN 1 7 5 6 -0.028 4.146 4.221
SPIN 1 7 5 7 4.145 -4.202 -0.398
SPIN 1 7 5 8 -2.949 3.698 3.553
SPIN 1 7 5 9 2.450 -5.190 -1.438
SPIN 1 7 5 10 4.729 -2.558 2.468
SPIN 1 7 5 11 -1.228 -4.401 3.758
SPIN 1 7 5 12 5.502 2.115 -0.503
SPIN 1 7 5 13 -0.796 5.789 -0.924
SPIN 1 7 5 14 0.487 5.196 2.787
SPIN 1 7 5 15 2.314 -5.375 0.866
SPIN 4 7 5 0 1.576 2.929 4.892
SPIN 4 7 5 1 -0.377 -0.156 -5.902
SPIN 4 7 5 2 4.886 1.008 3.180
SPIN 4 7 5 3 0.234 5.453 -2.282
SPIN 4 7 5 4 5.220 2.269 -1.612
SPIN 4 7 5 5 3.789 -3.234 -3.191
SPIN 4 7 5 6 -3.353 4.773 0.986
SPIN 4 7 5 7 5.430 -1.407 -1.880
SPIN 4 7 5 8 -1.587 -2.151 5.278
SPIN 4 7 5 9 -3.127 4.403 -2.416
SPIN 4 7 5 10 -4.366 -3.987 0.209
SPIN 4 7 5 11 1.389 -3.537 4.534
SPIN 4 7 5 12 4.017 -2.527 -3.532
SPIN 4 7 5 13 2.149 5.498 0.385
SPIN 4 7 5 14 0.476 1.028 5.807
SPIN 4 7 5 15 0.003 3.994 -4.364
SPIN 1 7 6 0 0.905 -4.846 -3.271
SPIN 1 7 6 1 -4.194 2.971 2.931
SPIN 1 7 6 2 5.101 -1.952 -2.273
SPIN 1 7 6 3 -5.244 -1.596 2.226
SPIN 1 7 6 4 -2.788 -2.805 4.400
SPIN 1 7 6 5 3.640 3.283 3.313
SPIN 1 7 6 6 -2.748 -3.843 3.561
SPIN 1 7 6 7 -2.945 4.121 3.057
SPIN 1 7 6 8 4.804 1.601 3.059
SPIN 1 7 6 9 -5.076 1.469 -2.661
SPIN 1 7 6 10 3.213 4.407 -2.292
SPIN 1 7 6 11 -1.691 -5.537 1.219
SPIN 1 7 6 12 -0.042 5.336 -2.554
SPIN 1 7 6 13 4.360 -3.335 2.207
SPIN 1 7 6 14 1.130 3.113 -4.902
SPIN 1 7 6 15 -0.193 -4.214 4.148
SPIN 4 7 6 0 0.635 -5.433 2.253
SPIN 4 7 6 1 5.184 1.333 -2.520
SPIN 4 7 6 2 -3.441 3.088 -3.692
SPIN 4 7 6 3 -4.965 -2.920 -1.351
SPIN 4 7 6 4 3.690 1.743 -4.284
SPIN 4 7 6 5 -0.595 -0.785 -5.834
SPIN 4 7 6 6 -0.993 -5.202 2.637
SPIN 4 7 6 7 1.698 5.453 1.543
SPIN 4 7 6 8 5.237 2.583 -0.951
SPIN 4 7 6 9 -5.756 0.172 1.355
SPIN 4 7 6 10 -2.615 -5.269 -0.631
SPIN 4 7 6 11 0.741 5.145 -2.825
SPIN 4 7 6 12 0.273 3.835 4.496
SPIN 4 7 6 13 -0.169 -5.459 -2.274
SPIN 4 7 6 14 1.470 5.141 2.532
SPIN 4 7 6 15 2.502 1.634 -5.106
SPIN 1 7 7 0 -4.427 2.387 -3.116
SPIN 1 7 7 1 1.293 -5.406 -2.025
SPIN 1 7 7 2 -4.220 4.144 0.109
SPIN 1 7 7 3 4.216 -2.652 3.192
SPIN 1 7 7 4 5.735 0.136 1.445
SPIN 1 7 7 5 -4.746 0.789 -3.442
SPIN 1 7 7 6 -5.750 -0.910 1.055
SPIN 1 7 7 7 5.870 0.505 0.536
SPIN 1 7 7 8 -5.591 -0.783 1.769
SPIN 1 7 7 9 3.205 0.794 -4.909
SPIN 1 7 7 10 1.895 -5.309 1.795
SPIN 1 7 7 11 -0.213 -0.104 -5.911
SPIN 1 7 7 12 -0.853 -2.817 5.132
SPIN 1 7 7 13 -3.730 1.085 -4.462
SPIN 1 7 7 14 -1.862 4.860 2.813
SPIN 1 7 7 15 -5.633 1.795 0.207
SPIN 4 7 7 0 -1.928 -3.605 -4.276
SPIN 4 7 7 1 -0.553 -3.495 4.741
SPIN 4 7 7 2 4.385 3.961 0.279
SPIN 4 7 7 3 1.615 1.968 5.340
SPIN 4 7 7 4 -0.498 2.577 -5.302
SPIN 4 7 7 5 2.347 3.118 4.446
SPIN 4 7 7 6 -1.898 3.567 -4.321
SPIN 4 7 7 7 2.597 -3.272 4.189
SPIN 4 7 7 8 -5.624 -1.642 -0.822
SPIN 4 7 7 9 2.004 3.973 -3.899
SPIN 4 7 7 10 -2.618 2.240 -4.809
SPIN 4 7 7 11 -1.343 4.232 -3.910
SPIN 4 7 7 12 3.413 0.233 -4.827
SPIN 4 7 7 13 1.832 -3.214 4.616
SPIN 4 7 7 14 3.591 -0.954 4.604
SPIN 4 7 7 15 -4.889 3.285 0.549
SPIN 1 7 8 0 -0.268 -5.320 2.574
SPIN 1 7 8 1 -1.905 -3.268 -4.549
SPIN 1 7 8 2 0.327 5.167 2.863
SPIN 1 7 8 3 -5.098 2.052 -2.191
SPIN 1 7 8 4 -4.057 4.305 -0.078
SPIN 1 7 8 5 1.268 -4.141 4.030
SPIN 1 7 8 6 -0.736 -4.855 3.300
SPIN 1 7 8 7 4.430 -3.499 1.771
SPIN 1 7 8 8 -3.581 -3.757 -2.839
SPIN 1 7 8 9 1.741 4.513 -3.406
SPIN 1 7 8 10 -2.101 -5.174 1.952
SPIN 1 7 8 11 2.396 -4.177 3.437
SPIN 1 7 8 12 5.595 -0.543 1.846
SPIN 1 7 8 13 -1.553 0.701 -5.665
SPIN 1 7 8 14 2.522 -0.757 5.298
SPIN 1 7 8 15 -0.513 -5.647 -1.686
SPIN 4 7 8 0 1.593 4.847 -2.995
SPIN 4 7 8 1 -2.192 -4.318 3.398
SPIN 4 7 8 2 -4.082 -4.098 -1.244
SPIN 4 7 8 3 1.116 -4.924 -3.083
SPIN 4 7 8 4 -0.296 5.356 2.495
SPIN 4 7 8 5 -3.214 0.769 -4.907
SPIN 4 7 8 6 -5.764 0.983 0.901
SPIN 4 7 8 7 0.825 0.941 -5.782
SPIN 4 7 8 8 3.638 -1.682 -4.351
SPIN 4 7 8 9 -3.575 -0.827 4.641
SPIN 4 7 8 10 3.747 1.314 4.386
SPIN 4 7 8 11 -2.827 -4.536 -2.537
SPIN 4 7 8 12 1.034 -4.610 -3.560
SPIN 4 7 8 13 -1.783 3.960 4.018
SPIN 4 7 8 14 2.351 1.889 -5.090
SPIN 4 7 8 15 2.305 -4.969 2.235
SPIN 1 7 9 0 -3.806 -2.608 3.703
SPIN 1 7 9 1 4.451 3.588 1.522
SPIN 1 7 9 2 -1.499 1.916 5.393
SPIN 1 7 9 3 -4.185 -0.453 -4.157
SPIN 1 7 9 4 -5.330 2.443 0.788
SPIN 1 7 9 5 2.555 4.333 -3.114
SPIN 1 7 9 6 -0.822 -1.880 5.549
SPIN 1 7 9 7 -3.979 4.377 -0.058
SPIN 1 7 9 8 4.334 -4.025 0.108
SPIN 1 7 9 9 -5.494 -0.482 -2.142
SPIN 1 7 9 10 -5.915 0.063 0.109
SPIN 1 7 9 11 1.989 5.493 -0.933
SPIN 1 7 9 12 -5.908 -0.272 0.165
SPIN 1 7 9 13 0.109 1.279 5.775
SPIN 1 7 9 14 -1.090 -3.078 -4.934
SPIN 1 7 9 15 -4.689 -1.603 -3.232
SPIN 4 7 9 0 1.725 -5.241 -2.134
SPIN 4 7 9 1 4.200 4.131 0.544
SPIN 4 7 9 2 -5.515 2.132 0.185
SPIN 4 7 9 3 0.902 2.821 -5.121
SPIN 4 7 9 4 5.552 1.357 1.529
SPIN 4 7 9 5 -5.249 -1.839 2.017
SPIN 4 7 9 6 -3.367 3.672 3.191
SPIN 4 7 9 7 2.310 -0.395 5.432
SPIN 4 7 9 8 -4.054 -4.016 -1.559
SPIN 4 7 9 9 3.532 -4.049 2.477
SPIN 4 7 9 10 -3.794 3.500 2.891
SPIN 4 7 9 11 0.377 -2.695 -5.253
SPIN 4 7 9 12 3.134 1.411 4.815
SPIN 4 7 9 13 1.623 -4.660 3.263
SPIN 4 7 9 14 -1.018 5.828 0.059
SPIN 4 7 9 15 -4.864 2.351 -2.411
SPIN 1 7 10 0 2.058 5.093 2.197
SPIN 1 7 10 1 0.691 4.930 -3.196
SPIN 1 7 10 2 -2.152 2.830 4.728
SPIN 1 7 10 3 -4.822 3.121 1.419
SPIN 1 7 10 4 -1.410 5.407 -1.944
SPIN 1 7 10 5 -2.892 4.412 2.678
SPIN 1 7 10 6 -3.117 -2.616 -4.294
SPIN 1 7 10 7 5.809 -0.956 -0.585
SPIN 1 7 10 8 -0.785 -5.545 -1.907
SPIN 1 7 10 9 4.671 -0.638 -3.574
SPIN 1 7 10 10 -0.907 -2.398 -5.332
SPIN 1 7 10 11 0.258 0.420 5.895
SPIN 1 7 10 12 -5.702 1.452 0.613
SPIN 1 7 10 13 4.188 2.749 -3.147
SPIN 1 7 10 14 -1.716 3.776 4.219
SPIN 1 7 10 15 3.149 -3.508 3.574
SPIN 4 7 10 0 0.856 1.853 -5.553
SPIN 4 7 10 1 -5.223 0.447 2.743
SPIN 4 7 10 2 -2.648 2.350 -4.739
SPIN 4 7 10 3 -0.290 -2.316 5.436
SPIN 4 7 10 4 -4.118 -1.883 -3.808
SPIN 4 7 10 5 4.768 0.412 3.479
SPIN 4 7 10 6 -2.656 -5.271 -0.402
SPIN 4 7 10 7 0.878 4.992 -3.050
SPIN 4 7 10 8 -5.333 0.769 2.444
SPIN 4 7 10 9 -2.741 5.115 -1.151
SPIN 4 7 10 10 4.924 -0.373 3.259
SPIN 4 7 10 11 4.907 2.987 -1.414
SPIN 4 7 10 12 -5.915 0.055 -0.115
SPIN 4 7 10 13 -0.535 5.236 -2.701
SPIN 4 7 10 14 0.888 -5.105 2.856
SPIN 4 7 10 15 5.719 1.006 1.131
SPIN 1 7 11 0 -2.157 -5.383 -1.173
SPIN 1 7 11 1 4.489 0.201 -3.848
SPIN 1 7 11 2 3.840 -4.462 -0.582
SPIN 1 7 11 3 -4.528 -3.784 0.422
SPIN 1 7 11 4 1.208 3.261 4.786
SPIN 1 7 11 5 5.815 0.095 -1.085
SPIN 1 7 11 6 -1.449 -0.509 5.713
SPIN 1 7 11 7 -4.050 -2.746 3.325
SPIN 1 7 11 8 5.377 2.072 1.341
SPIN 1 7 11 9 -3.359 -3.910 2.903
SPIN 1 7 11 10 1.642 3.511 4.469
SPIN 1 7 11 11 -1.609 -2.685 -5.020
SPIN 1 7 11 12 1.930 -2.590 -4.957
SPIN 1 7 11 13 -0.717 5.834 0.671
SPIN 1 7 11 14 -4.385 -1.747 -3.567
SPIN 1 7 11 15 -3.399 -4.675 1.262
SPIN 4 7 11 0 5.526 -0.775 -1.965
SPIN 4 7 11 1 -4.561 -1.245 -3.557
SPIN 4 7 11 2 1.796 -0.461 5.618
SPIN 4 7 11 3 5.163 -2.739 -0.916
SPIN 4 7 11 4 0.584 1.674 5.644
SPIN 4 7 11 5 4.565 -2.809 -2.503
SPIN 4 7 11 6 -5.849 -0.440 -0.772
SPIN 4 7 11 7 5.410 -1.173 2.086
SPIN 4 7 11 8 4.208 1.246 -3.967
SPIN 4 7 11 9 -4.705 -1.872 3.060
SPIN 4 7 11 10 1.268 2.075 -5.393
SPIN 4 7 11 11 -5.326 -1.418 2.150
SPIN 4 7 11 12 5.131 2.597 1.389
SPIN 4 7 11 13 2.696 -4.663 2.448
SPIN 4 7 11 14 0.205 5.593 -1.917
SPIN 4 7 11 15 -3.233 -4.797 -1.240
SPIN 1 7 12 0 2.279 1.073 -5.353
SPIN 1 7 12 1 -3.331 -4.810 -0.877
SPIN 1 7 12 2 -1.997 0.030 5.569
SPIN 1 7 12 3 -0.894 5.405 -2.234
SPIN 1 7 12 4 -3.421 -2.502 -4.128
SPIN 1 7 12 5 0.567 -2.492 5.336
SPIN 1 7 12 6 1.463 4.848 3.059
SPIN 1 7 12 7 -2.524 -4.814 2.335
SPIN 1 7 12 8 -5.667 0.642 -1.571
SPIN 1 7 12 9 0.168 -1.471 5.728
SPIN 1 7 12 10 -4.731 -0.881 3.442
SPIN 1 7 12 11 1.134 -5.749 0.814
SPIN 1 7 12 12 1.778 5.638 0.231
SPIN 1 7 12 13 -2.435 -5.293 1.026
SPIN 1 7 12 14 4.149 3.816 -1.795
SPIN 1 7 12 15 5.592 -0.956 1.679
SPIN 4 7 12 0 -5.031 2.238 -2.164
SPIN 4 7 12 1 4.906 -2.624 2.011
SPIN 4 7 12 2 -3.378 1.814 -4.505
SPIN 4 7 12 3 -2.182 5.096 -2.065
SPIN 4 7 12 4 3.636 -1.031 4.552
SPIN 4 7 12 5 5.108 2.703 1.264
SPIN 4 7 12 6 -0.319 1.412 5.736
SPIN 4 7 12 7 -2.209 5.470 -0.444
SPIN 4 7 12 8 -3.764 0.912 -4.472
SPIN 4 7 12 9 -3.634 1.710 -4.344
SPIN 4 7 12 10 2.792 4.199 3.094
SPIN 4 7 12 11 2.264 1.708 5.192
SPIN 4 7 12 12 -3.016 5.038 -0.720
SPIN 4 7 12 13 0.632 -4.681 3.562
SPIN 4 7 12 14 -0.038 -5.861 -0.808
SPIN 4 7 12 15 3.041 3.428 3.742
SPIN 1 7 13 0 -2.785 -4.824 1.994
SPIN 1 7 13 1 5.084 2.217 -2.058
SPIN 1 7 13 2 -1.987 4.378 -3.448
SPIN 1 7 13 3 -1.890 0.375 -5.594
SPIN 1 7 13 4 -4.971 -2.372 2.160
SPIN 1 7 13 5 -0.007 2.181 -5.499
SPIN 1 7 13 6 -4.671 -3.576 0.627
SPIN 1 7 13 7 4.205 2.971 2.914
SPIN 1 7 13 8 -2.946 0.388 -5.116
SPIN 1 7 13 9 0.625 5.791 1.038
SPIN 1 7 13 10 1.371 5.746 0.321
SPIN 1 7 13 11 -1.800 5.571 -0.853
SPIN 1 7 13 12 -2.814 -1.041 5.099
SPIN 1 7 13 13 -5.788 0.012 1.227
SPIN 1 7 13 14 -0.781 -5.675 -1.480
SPIN 1 7 13 15 -0.353 5.828 0.951
SPIN 4 7 13 0 -3.284 1.539 4.674
SPIN 4 7 13 1 -0.409 2.618 5.289
SPIN 4 7 13 2 1.364 0.193 5.753
SPIN 4 7 13 3 -0.489 5.629 1.755
SPIN 4 7 13 4 4.394 3.959 0.143
SPIN 4 7 13 5 3.035 -1.559 -4.833
SPIN 4 7 13 6 -1.876 5.237 -2.012
SPIN 4 7 13 7 0.776 -5.677 1.474
SPIN 4 7 13 8 -2.055 -1.023 -5.453
SPIN 4 7 13 9 1.653 -4.337 -3.669
SPIN 4 7 13 10 4.412 -0.002 -3.941
SPIN 4 7 13 11 -1.168 -3.602 -4.546
SPIN 4 7 13 12 1.728 -5.654 -0.229
SPIN 4 7 13 13 -3.973 -4.337 0.635
SPIN 4 7 13 14 0.356 -4.280 -4.069
SPIN 4 7 13 15 -5.577 1.447 -1.341
SPIN 1 7 14 0 -1.074 2.463 -5.271
SPIN 1 7 14 1 -2.520 -4.021 3.532
SPIN 1 7 14 2 0.064 -5.056 -3.072
SPIN 1 7 14 3 -4.997 -2.598 -1.810
SPIN 1 7 14 4 -0.048 -3.792 -4.540
SPIN 1 7 14 5 -3.477 -2.063 4.319
SPIN 1 7 14 6 4.773 -0.644 3.436
SPIN 1 7 14 7 -5.077 -2.219 2.072
SPIN 1 7 14 8 -2.972 4.554 2.329
SPIN 1 7 14 9 4.690 3.391 1.226
SPIN 1 7 14 10 0.018 -5.378 2.465
SPIN 1 7 14 11 3.152 -4.001 3.009
SPIN 1 7 14 12 1.309 5.459 1.868
SPIN 1 7 14 13 2.588 -5.219 1.034
SPIN 1 7 14 14 -4.494 -3.821 0.447
SPIN 1 7 14 15 1.776 -5.459 -1.428
SPIN 4 7 14 0 2.918 4.650 2.206
SPIN 4 7 14 1 4.202 1.134 4.007
SPIN 4 7 14 2 4.975 -1.608 -2.768
SPIN 4 7 14 3 -1.951 -3.669 4.211
SPIN 4 7 14 4 -1.110 4.153 -4.064
SPIN 4 7 14 5 4.027 -3.875 1.941
SPIN 4 7 14 6 2.279 -0.544 -5.432
SPIN 4 7 14 7 -0.838 -0.984 5.773
SPIN 4 7 14 8 -2.615 -4.480 -2.845
SPIN 4 7 14 9 -4.058 2.442 -3.545
SPIN 4 7 14 10 -1.429 4.818 -3.122
SPIN 4 7 14 11 4.431 3.909 -0.291
SPIN 4 7 14 12 -3.596 3.050 -3.573
SPIN 4 7 14 13 -5.804 1.149 -0.001
SPIN 4 7 14 14 -2.943 1.086 -5.016
SPIN 4 7 14 15 -0.081 -4.152 -4.214
SPIN 1 7 15 0 5.753 -0.237 -1.358
SPIN 1 7 15 1 -0.492 -0.802 -5.841
SPIN 1 7 15 2 -1.917 -2.811 4.840
SPIN 1 7 15 3 -2.068 5.328 1.528
SPIN 1 7 15 4 -5.162 0.112 -2.887
SPIN 1 7 15 5 5.764 1.287 0.355
SPIN 1 7 15 6 2.995 4.749 1.866
SPIN 1 7 15 7 -4.452 0.373 -3.878
SPIN 1 7 15 8 -0.763 -2.378 -5.363
SPIN 1 7 15 9 -2.426 -2.946 -4.520
SPIN 1 7 15 10 -5.798 -0.719 0.931
SPIN 1 7 15 11 5.053 -2.903 -1.020
SPIN 1 7 15 12 -0.478 -0.484 5.877
SPIN 1 7 15 13 4.281 1.894 -3.617
SPIN 1 7 15 14 4.615 -0.569 3.657
SPIN 1 7 15 15 0.129 -4.342 -4.017
SPIN 4 7 15 0 -5.497 2.118 0.546
SPIN 4 7 15 1 5.460 -1.719 1.495
SPIN 4 7 15 2 0.418 -5.116 -2.942
SPIN 4 7 15 3 3.043 4.676 1.968
SPIN 4 7 15 4 -2.865 -5.159 0.418
SPIN 4 7 15 5 -4.513 3.817 -0.254
SPIN 4 7 15 6 -3.739 -4.197 1.844
SPIN 4 7 15 7 -1.739 5.636 -0.463
SPIN 4 7 15 8 5.005 -1.886 2.529
SPIN 4 7 15 9 -2.224 -1.605 5.242
SPIN 4 7 15 10 2.639 -0.370 -5.282
SPIN 4 7 15 11 -2.591 -5.314 -0.209
SPIN 4 7 15 12 2.785 -3.767 3.613
SPIN 4 7 15 13 1.149 5.364 2.215
SPIN 4 7 15 14 3.375 -4.662 -1.369
SPIN 4 7 15 15 -1.879 -3.666 4.246
SPIN 3 7 0 0 2.074 -2.897 -4.723
SPIN 3 7 0 1 5.326 -2.430 -0.854
SPIN 3 7 0 2 -2.458 -4.273 -3.271
SPIN 3 7 0 3 3.147 3.634 3.448
SPIN 3 7 0 4 0.052 -2.825 -5.197
SPIN 3 7 0 5 2.605 -5.278 0.592
SPIN 3 7 0 6 -5.147 0.829 -2.797
SPIN 3 7 0 7 3.425 -2.254 4.265
SPIN 3 7 0 8 -2.963 -2.990 -4.157
SPIN 3 7 0 9 0.235 5.417 -2.367
SPIN 3 7 0 10 3.644 -2.639 3.841
SPIN 3 7 0 11 0.026 -5.360 2.504
SPIN 3 7 0 12 2.789 2.707 -4.460
SPIN 3 7 0 13 4.750 0.405 3.503
SPIN 3 7 0 14 -2.075 -5.236 -1.812
SPIN 3 7 0 15 3.224 4.953 0.270
SPIN 2 7 0 0 -4.769 -2.289 -2.649
SPIN 2 7 0 1 5.449 1.951 1.226
SPIN 2 7 0 2 -5.790 -0.689 1.001
SPIN 2 7 0 3 5.861 -0.374 -0.710
SPIN 2 7 0 4 -5.618 -0.776 -1.682
SPIN 2 7 0 5 -2.686 -4.045 -3.380
SPIN 2 7 0 6 2.821 3.847 3.499
SPIN 2 7 0 7 -5.112 -0.776 2.875
SPIN 2 7 0 8 3.611 -1.939 4.266
SPIN 2 7 0 9 4.580 -2.018 -3.154
SPIN 2 7 0 10 -5.445 1.410 1.833
SPIN 2 7 0 11 -3.834 -1.760 4.147
SPIN 2 7 0 12 5.409 1.185 2.082
SPIN 2 7 0 13 -4.417 -2.838 -2.726
SPIN 2 7 0 14 1.304 4.711 3.332
SPIN 2 7 0 15 1.311 5.526 -1.656
SPIN 3 7 1 0 3.117 -2.592 4.309
SPIN 3 7 1 1 -3.291 3.070 -3.840
SPIN 3 7 1 2 -0.329 -4.179 4.174
SPIN 3 7 1 3 0.658 5.086 -2.949
SPIN 3 7 1 4 -1.971 5.525 -0.770
SPIN 3 7 1 5 -5.105 -1.620 2.512
SPIN 3 7 1 6 2.306 2.406 4.888
SPIN 3 7 1 7 4.386 -0.829 3.883
SPIN 3 7 1 8 -4.054 -2.151 3.733
SPIN 3 7 1 9 1.958 -5.000 -2.483
SPIN 3 7 1 10 3.137 -4.933 0.910
SPIN 3 7 1 11 3.107 -0.979 -4.938
SPIN 3 7 1 12 -4.610 -3.707 -0.090
SPIN 3 7 1 13 -3.562 -2.208 -4.175
SPIN 3 7 1 14 -1.652 -4.625 -3.299
SPIN 3 7 1 15 -0.172 0.282 -5.907
SPIN 2 7 1 0 4.832 1.256 3.174
SPIN 2 7 1 1 1.733 -4.324 -3.647
SPIN 2 7 1 2 5.410 1.115 2.119
SPIN 2 7 1 3 -1.566 1.439 -5.521
SPIN 2 7 1 4 4.039 -1.870 3.897
SPIN 2 7 1 5 0.444 4.178 4.165
SPIN 2 7 1 6 -3.674 4.479 -1.202
SPIN 2 7 1 7 5.681 -0.439 -1.591
SPIN 2 7 1 8 -4.538 3.795 -0.062
SPIN 2 7 1 9 -2.734 -3.816 -3.601
SPIN 2 7 1 10 -2.156 5.427 0.949
SPIN 2 7 1 11 -3.025 -3.620 3.570
SPIN 2 7 1 12 3.649 -3.152 -3.427
SPIN 2 7 1 13 0.690 -2.209 5.445
SPIN 2 7 1 14 4.846 3.301 0.787
SPIN 2 7 1 15 0.044 5.906 -0.338
SPIN 3 7 2 0 -5.272 2.679 -0.162
SPIN 3 7 2 1 2.791 4.308 2.942
SPIN 3 7 2 2 -5.414 -2.353 -0.391
SPIN 3 7 2 3 4.842 3.342 -0.622
SPIN 3 7 2 4 -5.484 2.000 0.963
SPIN 3 7 2 5 5.652 -0.330 1.715
SPIN 3 7 2 6 1.318 2.173 5.342
SPIN 3 7 2 7 2.608 -1.585 5.068
SPIN 3 7 2 8 5.412 -0.363 -2.362
SPIN 3 7 2 9 1.167 2.498 5.234
SPIN 3 7 2 10 -4.491 -0.040 -3.851
SPIN 3 7 2 11 -4.345 2.275 3.308
SPIN 3 7 2 12 -1.222 5.572 1.568
SPIN 3 7 2 13 1.895 -1.563 5.382
SPIN 3 7 2 14 -0.103 -3.633 -4.668
SPIN 3 7 2 15 -2.835 -2.270 4.670
SPIN 2 7 2 0 4.118 -3.571 -2.301
SPIN 2 7 2 1 3.676 -2.684 3.780
SPIN 2 7 2 2 5.059 2.620 -1.594
SPIN 2 7 2 3 2.789 1.346 -5.041
SPIN 2 7 2 4 -0.839 -5.800 -0.807
SPIN 2 7 2 5 -5.286 -2.437 -1.057
SPIN 2 7 2 6 4.338 -3.517 -1.953
SPIN 2 7 2 7 -1.400 1.137 -5.635
SPIN 2 7 2 8 3.835 2.932 -3.421
SPIN 2 7 2 9 1.545 -5.490 1.574
SPIN 2 7 2 10 -1.363 4.645 -3.401
SPIN 2 7 2 11 5.081 3.030 0.067
SPIN 2 7 2 12 0.925 5.118 -2.820
SPIN 2 7 2 13 1.596 -5.619 0.939
SPIN 2 7 2 14 0.301 5.565 1.985
SPIN 2 7 2 15 3.743 4.216 1.792
SPIN 3 7 3 0 5.567 -1.389 -1.440
SPIN 3 7 3 1 -5.857 0.790 0.261
SPIN 3 7 3 2 -2.639 -1.812 4.975
SPIN 3 7 3 3 -1.500 0.662 -5.684
SPIN 3 7 3 4 5.501 -2.169 0.189
SPIN 3 7 3 5 -5.131 -0.531 -2.896
SPIN 3 7 3 6 -3.300 2.869 3.984
SPIN 3 7 3 7 1.498 -1.130 -5.610
SPIN 3 7 3 8 1.695 -5.661 0.290
SPIN 3 7 3 9 0.409 3.922 -4.411
SPIN 3 7 3 10 5.126 -2.953 0.014
SPIN 3 7 3 11 0.362 5.898 0.286
SPIN 3 7 3 12 -1.732 -5.653 -0.196
SPIN 3 7 3 13 -1.868 4.659 3.131
SPIN 3 7 3 14 1.851 0.517 -5.595
SPIN 3 7 3 15 -0.745 -2.583 -5.270
SPIN 2 7 3 0 2.292 -1.324 5.291
SPIN 2 7 3 1 -2.583 -3.918 3.603
SPIN 2 7 3 2 0.873 5.509 1.973
SPIN 2 7 3 3 -0.746 2.946 -5.076
SPIN 2 7 3 4 -2.198 -4.897 2.487
SPIN 2 7 3 5 -1.527 0.930 5.639
SPIN 2 7 3 6 -0.066 1.278 5.776
SPIN 2 7 3 7 3.653 -2.275 4.059
SPIN 2 7 3 8 -5.122 2.000 -2.183
SPIN 2 7 3 9 -0.343 1.655 -5.670
SPIN 2 7 3 10 -1.802 -3.711 4.241
SPIN 2 7 3 11 -4.378 1.745 3.576
SPIN 2 7 3 12 2.394 -4.208 -3.401
SPIN 2 7 3 13 -2.420 -0.203 5.395
SPIN 2 7 3 14 4.557 -2.981 -2.313
SPIN 2 7 3 15 -4.837 -0.216 3.399
SPIN 3 7 4 0 -1.287 1.327 5.620
SPIN 3 7 4 1 4.260 3.349 2.374
SPIN 3 7 4 2 5.725 1.410 -0.488
SPIN 3 7 4 3 5.744 -1.072 -0.929
SPIN 3 7 4 4 -0.536 -5.892 -0.030
SPIN 3 7 4 5 -4.295 3.567 1.958
SPIN 3 7 4 6 -0.242 -4.462 -3.877
SPIN 3 7 4 7 -4.261 2.799 -3.002
SPIN 3 7 4 8 -3.288 4.833 0.913
SPIN 3 7 4 9 1.798 -5.600 0.638
SPIN 3 7 4 10 -5.679 1.012 1.315
SPIN 3 7 4 11 -1.295 -4.904 3.045
SPIN 3 7 4 12 1.143 3.840 -4.353
SPIN 3 7 4 13 4.919 0.761 3.198
SPIN 3 7 4 14 -2.352 -1.784 5.127
SPIN 3 7 4 15 -0.301 -0.272 -5.902
SPIN 2 7 4 0 -5.750 0.818 -1.128
SPIN 2 7 4 1 5.562 -1.828 0.848
SPIN 2 7 4 2 -0.324 3.857 4.474
SPIN 2 7 4 3 2.236 -3.523 4.194
SPIN 2 7 4 4 -2.086 3.304 4.442
SPIN 2 7 4 5 -3.508 -2.024 -4.312
SPIN 2 7 4 6 4.521 -1.049 -3.669
SPIN 2 7 4 7 -5.194 1.600 -2.337
SPIN 2 7 4 8 3.435 -3.768 3.001
SPIN 2 7 4 9 3.008 4.462 2.458
SPIN 2 7 4 10 2.488 -0.651 5.328
SPIN 2 7 4 11 1.902 3.491 -4.381
SPIN 2 7 4 12 -4.837 2.567 -2.239
SPIN 2 7 4 13 0.300 -3.405 4.828
SPIN 2 7 4 14 -3.804 4.160 -1.795
SPIN 2 7 4 15 3.676 -4.215 1.930
SPIN 3 7 5 0 -5.536 -1.981 -0.649
SPIN 3 7 5 1 3.625 -4.359 -1.690
SPIN 3 7 5 2 1.162 -0.242 -5.796
SPIN 3 7 5 3 0.480 -3.169 -4.972
SPIN 3 7 5 4 5.606 -0.527 1.816
SPIN 3 7 5 5 0.268 3.302 -4.901
SPIN 3 7 5 6 4.745 -0.321 3.518
SPIN 3 7 5 7 2.119 -1.992 5.152
SPIN 3 7 5 8 3.454 -4.350 -2.038
SPIN 3 7 5 9 -4.260 4.104 -0.079
SPIN 3 7 5 10 2.657 -1.605 5.036
SPIN 3 7 5 11 1.750 -2.632 -5.001
SPIN 3 7 5 12 4.740 -3.211 1.490
SPIN 3 7 5 13 2.126 0.271 -5.514
SPIN 3 7 5 14 -1.999 -1.772 -5.279
SPIN 3 7 5 15 -3.548 3.779 2.851
SPIN 2 7 5 0 1.229 -4.520 -3.614
SPIN 2 7 5 1 4.050 -0.218 -4.307
SPIN 2 7 5 2 -1.971 -4.545 -3.234
SPIN 2 7 5 3 -3.069 -4.545 -2.219
SPIN 2 7 5 4 1.918 -4.970 -2.573
SPIN 2 7 5 5 4.994 2.463 -1.997
SPIN 2 7 5 6 2.312 2.052 -5.044
SPIN 2 7 5 7 2.174 4.911 2.480
SPIN 2 7 5 8 -1.242 3.814 -4.349
SPIN 2 7 5 9 4.135 -4.182 0.647
SPIN 2 7 5 10 -3.265 3.301 -3.667
SPIN 2 7 5 11 2.344 4.544 2.975
SPIN 2 7 5 12 -3.758 -4.399 1.234
SPIN 2 7 5 13 3.080 2.551 -4.360
SPIN 2 7 5 14 1.198 -4.322 3.858
SPIN 2 7 5 15 4.253 4.019 -0.871
SPIN 3 7 6 0 0.111 5.863 -0.783
SPIN 3 7 6 1 0.123 5.845 -0.907
SPIN 3 7 6 2 -0.612 3.260 4.899
SPIN 3 7 6 3 4.924 2.665 1.911
SPIN 3 7 6 4 -3.010 -4.720 -1.913
SPIN 3 7 6 5 3.834 2.667 -3.632
SPIN 3 7 6 6 0.808 -3.279 4.858
SPIN 3 7 6 7 -1.287 -2.951 -4.963
SPIN 3 7 6 8 -5.461 -1.679 1.535
SPIN 3 7 6 9 2.380 -5.388 -0.549
SPIN 3 7 6 10 -4.726 -1.961 -2.970
SPIN 3 7 6 11 0.808 4.447 3.818
SPIN 3 7 6 12 -5.084 -2.999 -0.394
SPIN 3 7 6 13 -0.594 5.713 1.419
SPIN 3 7 6 14 5.286 -1.010 2.457
SPIN 3 7 6 15 -5.436 -0.878 2.163
SPIN 2 7 6 0 1.719 -5.300 -1.988
SPIN 2 7 6 1 -5.574 -1.623 -1.138
SPIN 2 7 6 2 -5.153 -2.861 -0.513
SPIN 2 7 6 3 -4.342 0.656 3.965
SPIN 2 7 6 4 -3.128 -3.866 3.204
SPIN 2 7 6 5 1.260 -5.596 1.449
SPIN 2 7 6 6 1.877 3.597 4.305
SPIN 2 7 6 7 2.976 -4.953 -1.271
SPIN 2 7 6 8 -2.536 4.747 -2.456
SPIN 2 7 6 9 -1.178 -5.792 0.245
SPIN 2 7 6 10 -0.979 4.158 -4.093
SPIN 2 7 6 11 5.312 2.589 -0.277
SPIN 2 7 6 12 -5.233 1.147 -2.510
SPIN 2 7 6 13 -0.039 -0.556 5.890
SPIN 2 7 6 14 1.063 1.215 -5.691
SPIN 2 7 6 15 -1.625 5.669 0.477
SPIN 3 7 7 0 -0.560 -5.771 1.174
SPIN 3 7 7 1 0.630 -0.324 -5.873
SPIN 3 7 7 2 -4.757 -0.883 -3.405
SPIN 3 7 7 3 -3.080 4.357 -2.555
SPIN 3 7 7 4 -5.068 -2.896 -0.962
SPIN 3 7 7 5 -4.253 3.974 -1.058
SPIN 3 7 7 6 -2.714 -1.907 4.898
SPIN 3 7 7 7 -3.514 -0.360 -4.745
SPIN 3 7 7 8 4.271 0.523 -4.060
SPIN 3 7 7 9 1.769 -0.445 5.628
SPIN 3 7 7 10 4.009 -1.381 -4.126
SPIN 3 7 7 11 -1.845 -4.078 3.868
SPIN 3 7 7 12 -3.314 4.447 -2.059
SPIN 3 7 7 13 3.664 -2.556 -3.878
SPIN 3 7 7 14 -2.292 -5.454 -0.041
SPIN 3 7 7 15 5.396 -2.258 -0.888
SPIN 2 7 7 0 -2.841 0.394 5.174
SPIN 2 7 7 1 1.348 -4.118 -4.028
SPIN 2 7 7 2 -2.553 5.242 1.002
SPIN 2 7 7 3 -0.234 -3.817 4.514
SPIN 2 7 7 4 0.977 2.233 -5.391
SPIN 2 7 7 5 4.012 -4.241 0.960
SPIN 2 7 7 6 3.908 -3.255 -3.022
SPIN 2 7 7 7 3.283 4.144 2.655
SPIN 2 7 7 8 -3.716 -3.970 -2.331
SPIN 2 7 7 9 -4.373 -1.855 -3.527
SPIN 2 7 7 10 5.290 1.669 2.057
SPIN 2 7 7 11 -5.338 -1.622 -1.968
SPIN 2 7 7 12 5.814 0.320 1.047
SPIN 2 7 7 13 1.375 4.462 3.633
SPIN 2 7 7 14 2.042 2.386 5.014
SPIN 2 7 7 15 1.075 -1.946 -5.482
SPIN 3 7 8 0 2.179 5.361 -1.232
SPIN 3 7 8 1 -5.186 0.430 2.815
SPIN 3 7 8 2 -1.395 3.239 4.750
SPIN 3 7 8 3 1.612 -4.879 2.932
SPIN 3 7 8 4 5.272 -2.556 0.818
SPIN 3 7 8 5 -2.337 -4.566 2.949
SPIN 3 7 8 6 1.855 4.041 -3.903
SPIN 3 7 8 7 1.410 5.190 2.464
SPIN 3 7 8 8 -3.844 -3.978 2.098
SPIN 3 7 8 9 -2.538 3.575 -3.972
SPIN 3 7 8 10 0.499 2.756 5.211
SPIN 3 7 8 11 2.016 -0.338 -5.552
SPIN 3 7 8 12 -3.417 -4.524 1.692
SPIN 3 7 8 13 -2.592 -0.903 5.241
SPIN 3 7 8 14 -1.126 -1.060 -5.710
SPIN 3 7 8 15 -3.294 4.818 0.969
SPIN 2 7 8 0 3.214 -3.302 -3.710
SPIN 2 7 8 1 -5.061 -1.095 2.862
SPIN 2 7 8 2 5.770 -0.702 -1.100
SPIN 2 7 8 3 -0.159 -5.100 2.994
SPIN 2 7 8 4 3.986 3.536 2.570
SPIN 2 7 8 5 -4.206 2.890 -2.993
SPIN 2 7 8 6 1.601 5.202 -2.319
SPIN 2 7 8 7 -3.196 -3.134 3.869
SPIN 2 7 8 8 5.517 2.114 -0.296
SPIN 2 7 8 9 -0.923 -0.729 5.798
SPIN 2 7 8 10 0.836 3.403 4.767
SPIN 2 7 8 11 -3.005 1.618 4.833
SPIN 2 7 8 12 1.511 -5.694 0.540
SPIN 2 7 8 13 5.635 -1.446 1.077
SPIN 2 7 8 14 3.015 -5.038 -0.726
SPIN 2 7 8 15 -1.128 0.028 5.807
SPIN 3 7 9 0 -1.900 -1.422 -5.419
SPIN 3 7 9 1 -0.050 0.348 -5.906
SPIN 3 7 9 2 4.556 3.641 -0.996
SPIN 3 7 9 3 -4.691 3.452 -1.037
SPIN 3 7 9 4 3.578 -2.234 4.148
SPIN 3 7 9 5 4.152 -1.238 -4.029
SPIN 3 7 9 6 0.190 4.066 4.293
SPIN 3 7 9 7 -0.790 1.030 -5.772
SPIN 3 7 9 8 -5.489 1.267 1.808
SPIN 3 7 9 9 2.692 -4.618 -2.535
SPIN 3 7 9 10 -1.146 -1.592 5.581
SPIN 3 7 9 11 4.600 -3.623 -0.844
SPIN 3 7 9 12 -3.588 4.601 -0.980
SPIN 3 7 9 13 0.079 -5.913 -0.167
SPIN 3 7 9 14 5.420 0.790 2.236
SPIN 3 7 9 15 0.860 4.507 3.735
SPIN 2 7 9 0 -1.030 3.287 -4.810
SPIN 2 7 9 1 -5.475 2.022 -0.965
SPIN 2 7 9 2 0.598 -5.257 2.647
SPIN 2 7 9 3 2.686 -2.408 -4.689
SPIN 2 7 9 4 -4.884 -3.313 0.414
SPIN 2 7 9 5 5.425 0.719 2.248
SPIN 2 7 9 6 -5.050 -2.673 -1.533
SPIN 2 7 9 7 -3.941 4.328 0.857
SPIN 2 7 9 8 4.952 0.046 -3.237
SPIN 2 7 9 9 -3.352 4.271 -2.349
SPIN 2 7 9 10 2.924 5.138 -0.235
SPIN 2 7 9 11 -2.761 -4.966 -1.648
SPIN 2 7 9 12 3.748 -1.433 4.347
SPIN 2 7 9 13 -3.348 -4.245 2.402
SPIN 2 7 9 14 1.372 5.231 -2.398
SPIN 2 7 9 15 4.590 -2.654 2.624
SPIN 3 7 10 0 -4.161 3.839 1.718
SPIN 3 7 10 1 -2.393 -4.406 3.140
SPIN 3 7 10 2 -2.651 -0.119 -5.287
SPIN 3 7 10 3 1.260 -0.519 5.757
SPIN 3 7 10 4 -3.507 -0.704 -4.712
SPIN 3 7 10 5 -1.071 5.393 2.183
SPIN 3 7 10 6 3.076 5.014 0.636
SPIN 3 7 10 7 -4.471 -1.518 -3.564
SPIN 3 7 10 8 2.170 -0.999 5.412
SPIN 3 7 10 9 -2.804 0.916 5.128
SPIN 3 7 10 10 5.175 -1.477 -2.458
SPIN 3 7 10 11 0.817 5.523 -1.956
SPIN 3 7 10 12 0.758 -5.524 1.978
SPIN 3 7 10 13 0.687 -1.541 -5.670
SPIN 3 7 10 14 3.196 -3.060 -3.928
SPIN 3 7 10 15 0.797 -2.615 5.246
SPIN 2 7 10 0 1.558 2.378 5.188
SPIN 2 7 10 1 -3.044 0.742 -5.018
SPIN 2 7 10 2 -0.223 5.422 -2.357
SPIN 2 7 10 3 1.739 0.021 5.655
SPIN 2 7 10 4 3.957 4.362 -0.556
SPIN 2 7 10 5 0.807 -3.040 5.011
SPIN 2 7 10 6 -3.662 -4.554 -0.922
SPIN 2 7 10 7 5.181 -2.347 -1.629
SPIN 2 7 10 8 -0.686 4.861 3.302
SPIN 2 7 10 9 4.627 -2.250 -2.920
SPIN 2 7 10 10 2.710 -4.601 2.548
SPIN 2 7 10 11 -2.852 5.167 -0.410
SPIN 2 7 10 12 -3.253 4.250 -2.521
SPIN 2 7 10 13 1.734 3.425 -4.502
SPIN 2 7 10 14 0.792 -5.859 -0.219
SPIN 2 7 10 15 -2.825 4.921 1.674
SPIN 3 7 11 0 -3.426 0.485 4.798
SPIN 3 7 11 1 -3.158 -0.872 -4.926
SPIN 3 7 11 2 5.439 -2.265 0.536
SPIN 3 7 11 3 -1.115 -3.096 -4.916
SPIN 3 7 11 4 -5.052 1.799 2.498
SPIN 3 7 11 5 3.397 -3.290 -3.556
SPIN 3 7 11 6 -2.915 2.941 -4.225
SPIN 3 7 11 7 -3.137 -4.915 -1.000
SPIN 3 7 11 8 5.124 0.091 -2.956
SPIN 3 7 11 9 -5.662 1.181 -1.246
SPIN 3 7 11 10 -5.892 0.376 -0.378
SPIN 3 7 11 11 1.248 -5.069 -2.783
SPIN 3 7 11 12 -4.189 -2.477 3.364
SPIN 3 7 11 13 -1.432 -5.728 -0.380
SPIN 3 7 11 14 -3.627 3.373 -3.235
SPIN 3 7 11 15 5.413 1.554 -1.812
SPIN 2 7 11 0 -2.438 4.018 3.593
SPIN 2 7 11 1 5.078 -2.078 2.212
SPIN 2 7 11 2 1.578 1.745 -5.428
SPIN 2 7 11 3 0.988 -5.543 -1.815
SPIN 2 7 11 4 5.564 -1.080 1.696
SPIN 2 7 11 5 -5.313 -0.858 2.457
SPIN 2 7 11 6 5.681 -0.467 1.583
SPIN 2 7 11 7 -5.800 -0.748 -0.893
SPIN 2 7 11 8 4.728 -0.361 -3.538
SPIN 2 7 11 9 -1.349 2.606 5.137
SPIN 2 7 11 10 4.495 3.739 -0.903
SPIN 2 7 11 11 3.473 4.051 2.554
SPIN 2 7 11 12 0.363 3.436 -4.803
SPIN 2 7 11 13 1.381 -1.098 -5.647
SPIN 2 7 11 14 -0.109 5.913 -0.147
SPIN 2 7 11 15 -0.468 -3.241 -4.927
SPIN 3 7 12 0 -2.009 -5.317 1.641
SPIN 3 7 12 1 4.166 -0.965 4.088
SPIN 3 7 12 2 -2.858 -0.713 -5.131
SPIN 3 7 12 3 -2.249 -1.535 5.252
SPIN 3 7 12 4 -4.696 3.596 0.131
SPIN 3 7 12 5 -3.889 -4.427 0.532
SPIN 3 7 12 6 1.305 -3.957 4.200
SPIN 3 7 12 7 5.837 -0.755 0.597
SPIN 3 7 12 8 -5.218 -0.750 -2.685
SPIN 3 7 12 9 5.159 2.847 0.528
SPIN 3 7 12 10 -5.483 -1.751 1.369
SPIN 3 7 12 11 4.885 2.456 2.260
SPIN 3 7 12 12 5.285 -1.587 2.132
SPIN 3 7 12 13 0.543 0.038 -5.891
SPIN 3 7 12 14 -4.284 -3.867 -1.301
SPIN 3 7 12 15 -1.966 4.161 3.717
SPIN 2 7 12 0 1.342 4.207 -3.937
SPIN 2 7 12 1 -3.593 -3.909 -2.609
SPIN 2 7 12 2 -5.827 0.625 -0.808
SPIN 2 7 12 3 1.074 -3.171 -4.878
SPIN 2 7 12 4 5.202 2.789 -0.401
SPIN 2 7 12 5 -4.224 -3.883 -1.444
SPIN 2 7 12 6 -0.793 -4.812 -3.349
SPIN 2 7 12 7 0.777 0.903 5.795
SPIN 2 7 12 8 -3.307 3.564 -3.370
SPIN 2 7 12 9 1.577 -5.700 0.161
SPIN 2 7 12 10 -2.512 1.419 -5.165
SPIN 2 7 12 11 -4.256 -3.237 2.531
SPIN 2 7 12 12 0.559 5.521 2.051
SPIN 2 7 12 13 -1.078 -4.158 -4.068
SPIN 2 7 12 14 -3.414 3.663 3.150
SPIN 2 7 12 15 2.707 2.472 4.643
SPIN 3 7 13 0 4.898 -2.702 -1.926
SPIN 3 7 13 1 -0.815 4.266 -4.017
SPIN 3 7 13 2 2.102 -4.029 3.788
SPIN 3 7 13 3 -5.827 1.016 0.132
SPIN 3 7 13 4 -1.965 -0.623 5.545
SPIN 3 7 13 5 4.406 -0.486 -3.918
SPIN 3 7 13 6 1.000 5.207 -2.625
SPIN 3 7 13 7 -3.673 1.760 -4.291
SPIN 3 7 13 8 1.368 -2.853 4.999
SPIN 3 7 13 9 -2.821 -5.198 0.142
SPIN 3 7 13 10 2.494 -5.356 -0.312
SPIN 3 7 13 11 3.795 -3.300 -3.116
SPIN 3 7 13 12 2.659 3.789 -3.684
SPIN 3 7 13 13 -0.663 -5.787 1.035
SPIN 3 7 13 14 1.293 -4.987 -2.909
SPIN 3 7 13 15 -2.034 -2.877 -4.752
SPIN 2 7 13 0 1.181 0.844 5.735
SPIN 2 7 13 1 2.455 1.622 -5.132
SPIN 2 7 13 2 5.802 -0.955 0.656
SPIN 2 7 13 3 -2.932 4.230 2.917
SPIN 2 7 13 4 -1.448 -4.690 -3.303
SPIN 2 7 13 5 3.806 3.627 2.714
SPIN 2 7 13 6 -3.255 -4.078 2.787
SPIN 2 7 13 7 -1.025 3.831 -4.391
SPIN 2 7 13 8 0.172 2.599 5.312
SPIN 2 7 13 9 2.946 5.108 0.480
SPIN 2 7 13 10 -1.272 4.449 3.686
SPIN 2 7 13 11 5.397 1.047 2.186
SPIN 2 7 13 12 2.585 2.190 4.850
SPIN 2 7 13 13 -0.147 3.762 -4.564
SPIN 2 7 13 14 1.487 5.497 1.604
SPIN 2 7 13 15 4.661 1.200 3.440
SPIN 3 7 14 0 3.535 -2.761 -3.858
SPIN 3 7 14 1 -1.591 0.046 5.698
SPIN 3 7 14 2 -0.090 -3.097 -5.040
SPIN 3 7 14 3 2.873 5.171 -0.003
SPIN 3 7 14 4 1.671 -4.750 3.105
SPIN 3 7 14 5 -3.357 2.601 -4.119
SPIN 3 7 14 6 1.585 -1.125 5.588
SPIN 3 7 14 7 2.700 2.784 4.467
SPIN 3 7 14 8 2.876 -4.790 -1.944
SPIN 3 7 14 9 -4.163 3.753 1.893
SPIN 3 7 14 10 1.820 3.970 3.991
SPIN 3 7 14 11 -0.014 -4.129 -4.237
SPIN 3 7 14 12 -1.994 -4.560 -3.199
SPIN 3 7 14 13 4.132 3.996 -1.398
SPIN 3 7 14 14 -5.285 -2.658 0.018
SPIN 3 7 14 15 0.695 5.295 2.546
SPIN 2 7 14 0 -0.842 5.747 1.126
SPIN 2 7 14 1 3.292 -4.899 0.400
SPIN 2 7 14 2 -5.021 3.101 -0.421
SPIN 2 7 14 3 4.569 -3.210 -1.955
SPIN 2 7 14 4 -1.530 0.199 5.711
SPIN 2 7 14 5 -0.922 -0.172 -5.841
SPIN 2 7 14 6 -3.981 -1.776 -4.000
SPIN 2 7 14 7 0.786 -2.173 5.446
SPIN 2 7 14 8 -0.354 0.914 -5.834
SPIN 2 7 14 9 -5.236 -2.179 1.684
SPIN 2 7 14 10 2.129 -5.370 -1.278
SPIN 2 7 14 11 2.155 -5.455 0.776
SPIN 2 7 14 12 4.056 -4.156 1.128
SPIN 2 7 14 13 -1.263 5.750 -0.589
SPIN 2 7 14 14 -4.757 0.427 -3.491
SPIN 2 7 14 15 0.076 -5.263 -2.701
SPIN 3 7 15 0 -1.059 -3.267 4.817
SPIN 3 7 15 1 -0.464 -1.603 -5.676
SPIN 3 7 15 2 0.106 -3.895 4.452
SPIN 3 7 15 3 -1.321 -5.251 -2.384
SPIN 3 7 15 4 -3.743 -2.919 3.532
SPIN 3 7 15 5 -4.683 -3.290 -1.498
SPIN 3 7 15 6 -2.025 4.615 -3.099
SPIN 3 7 15 7 5.897 0.031 -0.475
SPIN 3 7 15 8 1.471 5.144 2.525
SPIN 3 7 15 9 5.209 -2.734 0.630
SPIN 3 7 15 10 0.531 -5.841 -0.774
SPIN 3 7 15 11 -1.874 5.534 -0.926
SPIN 3 7 15 12 -5.482 2.134 -0.632
SPIN 3 7 15 13 -4.497 -3.667 -1.154
SPIN 3 7 15 14 3.676 3.907 2.494
SPIN 3 7 15 15 -5.227 1.749 -2.149
SPIN 2 7 15 0 -5.770 -0.715 1.093
SPIN 2 7 15 1 -0.635 1.441 -5.703
SPIN 2 7 15 2 -1.933 -2.169 -5.154
SPIN 2 7 15 3 1.854 -5.131 2.288
SPIN 2 7 15 4 -0.398 0.542 -5.878
SPIN 2 7 15 5 5.337 2.403 0.861
SPIN 2 7 15 6 -5.373 -0.597 -2.403
SPIN 2 7 15 7 2.058 0.595 5.515
SPIN 2 7 15 8 -3.635 3.150 -3.445
SPIN 2 7 15 9 -0.375 1.648 -5.670
SPIN 2 7 15 10 4.711 -3.080 1.820
SPIN 2 7 15 11 0.056 -2.563 -5.332
SPIN 2 7 15 12 -4.523 1.472 3.519
SPIN 2 7 15 13 4.864 -3.341 -0.415
SPIN 2 7 15 14 0.627 1.407 5.712
SPIN 2 7 15 15 5.048 2.962 0.862
SPIN 1 8 0 0 -3.837 2.095 -3.986
SPIN 1 8 0 1 -0.014 5.143 -2.924
SPIN 1 8 0 2 1.367 -4.762 -3.234
SPIN 1 8 0 3 5.294 0.362 -2.617
SPIN 1 8 0 4 -5.796 -0.362 -1.129
SPIN 1 8 0 5 2.765 -0.145 5.228
SPIN 1 8 0 6 3.550 3.616 3.053
SPIN 1 8 0 7 0.579 -4.406 3.905
SPIN 1 8 0 8 3.823 1.850 -4.119
SPIN 1 8 0 9 -4.787 -0.698 3.406
SPIN 1 8 0 10 -2.582 5.285 -0.632
SPIN 1 8 0 11 -1.578 -3.522 -4.484
SPIN 1 8 0 12 3.010 -2.651 4.349
SPIN 1 8 0 13 -0.777 4.385 -3.895
SPIN 1 8 0 14 3.738 -4.577 -0.282
SPIN 1 8 0 15 -1.943 -5.498 -1.001
SPIN 4 8 0 0 0.047 -1.299 -5.772
SPIN 4 8 0 1 2.407 -2.573 -4.752
SPIN 4 8 0 2 -2.843 1.682 4.908
SPIN 4 8 0 3 -1.393 -2.774 5.036
SPIN 4 8 0 4 4.251 -2.072 3.555
SPIN 4 8 0 5 -3.454 0.365 -4.789
SPIN 4 8 0 6 -1.572 -5.692 -0.361
SPIN 4 8 0 7 1.453 3.303 -4.688
SPIN 4 8 0 8 -2.317 5.442 -0.126
SPIN 4 8 0 9 2.793 -5.162 -0.740
SPIN 4 8 0 10 -1.938 5.014 -2.470
SPIN 4 8 0 11 -1.905 0.191 -5.598
SPIN 4 8 0 12 3.089 4.326 2.596
SPIN 4 8 0 13 -1.408 -5.297 2.228
SPIN 4 8 0 14 -1.501 -1.455 -5.534
SPIN 4 8 0 15 -1.366 2.025 5.388
SPIN 1 8 1 0 2.878 -2.662 4.431
SPIN 1 8 1 1 3.330 0.741 -4.834
SPIN 1 8 1 2 5.045 0.977 2.931
SPIN 1 8 1 3 -2.086 4.640 -3.019
SPIN 1 8 1 4 5.096 -2.304 -1.929
SPIN 1 8 1 5 -3.151 4.708 1.704
SPIN 1 8 1 6 -3.135 -4.313 2.563
SPIN 1 8 1 7 0.092 0.474 -5.896
SPIN 1 8 1 8 -1.253 -5.643 -1.259
SPIN 1 8 1 9 2.719 4.820 2.092
SPIN 1 8 1 10 -0.988 -1.241 -5.699
SPIN 1 8 1 11 2.664 4.558 2.670
SPIN 1 8 1 12 -5.807 0.823 -0.776
SPIN 1 8 1 13 1.210 5.771 -0.487
SPIN 1 8 1 14 1.466 -2.634 -5.091
SPIN 1 8 1 15 -2.487 5.009 1.930
SPIN 4 8 1 0 -0.201 -0.443 5.896
SPIN 4 8 1 1 4.799 2.205 2.666
SPIN 4 8 1 2 4.311 -2.827 2.902
SPIN 4 8 1 3 2.884 5.152 0.377
SPIN 4 8 1 4 -4.984 -1.802 -2.629
SPIN 4 8 1 5 3.399 -3.115 -3.707
SPIN 4 8 1 6 5.389 0.403 -2.409
SPIN 4 8 1 7 -3.055 -4.967 -1.001
SPIN 4 8 1 8 3.390 4.087 -2.609
SPIN 4 8 1 9 -2.341 -1.828 -5.116
SPIN 4 8 1 10 -0.001 0.718 -5.872
SPIN 4 8 1 11 2.863 -3.731 3.589
SPIN 4 8 1 12 0.247 -5.797 -1.153
SPIN 4 8 1 13 -1.318 -3.606 4.501
SPIN 4 8 1 14 -0.982 5.822 -0.374
SPIN 4 8 1 15 2.980 -0.090 -5.110
SPIN 1 8 2 0 3.732 -2.119 -4.072
SPIN 1 8 2 1 -4.153 -4.200 -0.333
SPIN 1 8 2 2 1.151 -2.823 5.070
SPIN 1 8 2 3 -0.167 -0.525 5.890
SPIN 1 8 2 4 1.408 -1.479 5.553
SPIN 1 8 2 5 -0.289 5.849 0.839
SPIN 1 8 2 6 4.350 -1.758 -3.604
SPIN 1 8 2 7 -1.832 2.430 5.073
SPIN 1 8 2 8 -3.022 1.219 -4.938
SPIN 1 8 2 9 5.008 2.866 1.307
SPIN 1 8 2 10 2.623 -1.995 4.913
SPIN 1 8 2 11 -0.200 4.372 3.981
SPIN 1 8 2 12 5.244 -2.721 -0.315
SPIN 1 8 2 13 -3.546 -0.756 -4.675
SPIN 1 8 2 14 -4.692 2.842 -2.216
SPIN 1 8 2 15 -2.916 -2.666 4.403
SPIN 4 8 2 0 -2.959 4.743 -1.937
SPIN 4 8 2 1 2.034 -0.581 5.525
SPIN 4 8 2 2 -2.889 -1.346 -4.985
SPIN 4 8 2 3 -3.448 -4.080 2.542
SPIN 4 8 2 4 2.278 1.835 -5.142
SPIN 4 8 2 5 -0.576 5.689 -1.519
SPIN 4 8 2 6 -1.803 -5.103 2.390
SPIN 4 8 2 7 -2.337 -0.474 5.414
SPIN 4 8 2 8 -5.667 -0.653 -1.567
SPIN 4 8 2 9 5.048 -2.753 -1.393
SPIN 4 8 2 10 0.262 -5.613 1.851
SPIN 4 8 2 11 -0.313 -0.269 -5.902
SPIN 4 8 2 12 -3.794 2.107 -4.021
SPIN 4 8 2 13 -0.399 5.665 -1.659
SPIN 4 8 2 14 3.253 4.935 -0.245
SPIN 4 8 2 15 -4.607 -3.711 -0.016
SPIN 1 8 3 0 -2.815 -0.754 -5.149
SPIN 1 8 3 1 4.109 -3.344 -2.632
SPIN 1 8 3 2 1.514 2.929 -4.912
SPIN 1 8 3 3 -4.123 -0.806 4.166
SPIN 1 8 3 4 4.376 2.642 -2.978
SPIN 1 8 3 5 4.216 -2.426 3.367
SPIN 1 8 3 6 -5.742 -0.271 1.397
SPIN 1 8 3 7 5.828 0.661 -0.774
SPIN 1 8 3 8 3.252 -0.278 4.934
SPIN 1 8 3 9 -4.445 2.160 3.252
SPIN 1 8 3 10 -4.121 4.079 -1.175
SPIN 1 8 3 11 -5.874 -0.522 -0.478
SPIN 1 8 3 12 -5.277 -2.580 0.706
SPIN 1 8 3 13 5.913 0.022 0.196
SPIN 1 8 3 14 -4.137 -4.032 1.277
SPIN 1 8 3 15 1.420 -4.743 -3.239
SPIN 4 8 3 0 -5.467 2.262 -0.009
SPIN 4 8 3 1 4.074 -3.811 -1.970
SPIN 4 8 3 2 -3.463 -3.967 2.696
SPIN 4 8 3 3 3.932 0.497 -4.392
SPIN 4 8 3 4 -2.409 0.432 5.386
SPIN 4 8 3 5 0.582 1.261 -5.751
SPIN 4 8 3 6 5.518 1.769 -1.191
SPIN 4 8 3 7 3.453 -0.027 -4.804
SPIN 4 8 3 8 5.636 -1.790 0.188
SPIN 4 8 3 9 1.044 4.358 -3.862
SPIN 4 8 3 10 -0.834 1.483 -5.666
SPIN 4 8 3 11 -2.956 -0.148 5.123
SPIN 4 8 3 12 1.014 -5.301 -2.424
SPIN 4 8 3 13 -3.119 4.631 1.957
SPIN 4 8 3 14 -4.632 -3.019 -2.105
SPIN 4 8 3 15 5.560 -1.974 -0.442
SPIN 1 8 4 0 -1.062 3.365 -4.748
SPIN 1 8 4 1 -2.423 5.204 -1.429
SPIN 1 8 4 2 0.727 5.574 1.846
SPIN 1 8 4 3 1.419 -1.066 5.644
SPIN 1 8 4 4 -2.738 -2.778 -4.448
SPIN 1 8 4 5 5.647 -0.279 -1.742
SPIN 1 8 4 6 1.735 0.498 -5.634
SPIN 1 8 4 7 2.081 1.877 5.210
SPIN 1 8 4 8 4.428 -0.226 -3.917
SPIN 1 8 4 9 1.187 -3.992 4.202
SPIN 1 8 4 10 -1.367 -4.340 -3.781
SPIN 1 8 4 11 4.642 2.977 2.142
SPIN 1 8 4 12 2.350 2.614 4.759
SPIN 1 8 4 13 -5.797 0.770 -0.896
SPIN 1 8 4 14 -3.046 -4.433 -2.464
SPIN 1 8 4 15 2.537 5.255 0.975
SPIN 4 8 4 0 3.215 1.941 4.571
SPIN 4 8 4 1 -5.567 -1.642 1.146
SPIN 4 8 4 2 3.771 1.570 -4.279
SPIN 4 8 4 3 -3.598 0.725 -4.640
SPIN 4 8 4 4 4.209 -0.662 -4.104
SPIN 4 8 4 5 2.039 -3.845 4.007
SPIN 4 8 4 6 -5.007 -1.883 -2.527
SPIN 4 8 4 7 -1.808 -4.928 2.729
SPIN 4 8 4 8 0.764 -3.785 4.482
SPIN 4 8 4 9 -3.712 4.106 -2.088
SPIN 4 8 4 10 2.324 -1.562 -5.211
SPIN 4 8 4 11 3.941 3.078 3.161
SPIN 4 8 4 12 5.230 2.662 -0.753
SPIN 4 8 4 13 -5.356 2.491 -0.325
SPIN 4 8 4 14 -4.637 -2.782 2.399
SPIN 4 8 4 15 -0.191 5.195 -2.824
SPIN 1 8 5 0 4.178 -4.142 0.620
SPIN 1 8 5 1 -1.291 -0.379 -5.761
SPIN 1 8 5 2 -0.652 -2.740 5.202
SPIN 1 8 5 3 -0.656 -4.813 3.378
SPIN 1 8 5 4 4.280 3.765 1.584
SPIN 1 8 5 5 -4.515 2.506 -2.888
SPIN 1 8 5 6 5.418 -0.527 2.317
SPIN 1 8 5 7 -1.278 -4.206 3.959
SPIN 1 8 5 8 -3.407 0.206 -4.832
SPIN 1 8 5 9 2.154 5.197 -1.831
SPIN 1 8 5 10 -3.010 -2.128 -4.628
SPIN 1 8 5 11 -4.704 -3.153 1.711
SPIN 1 8 5 12 -4.805 3.397 -0.614
SPIN 1 8 5 13 3.909 -4.258 -1.259
SPIN 1 8 5 14 4.556 -0.665 3.714
SPIN 1 8 5 15 -2.684 0.516 -5.247
SPIN 4 8 5 0 -0.490 -1.089 -5.794
SPIN 4 8 5 1 -1.100 5.112 -2.766
SPIN 4 8 5 2 -5.188 -0.934 2.687
SPIN 4 8 5 3 -3.402 -3.707 3.113
SPIN 4 8 5 4 -1.573 -4.841 3.015
SPIN 4 8 5 5 -4.283 3.371 2.302
SPIN 4 8 5 6 -1.136 -5.796 -0.340
SPIN 4 8 5 7 -5.366 1.084 -2.243
SPIN 4 8 5 8 -0.538 -0.161 5.889
SPIN 4 8 5 9 1.564 -0.539 5.680
SPIN 4 8 5 10 -3.522 4.724 0.528
SPIN 4 8 5 11 1.718 -2.358 5.147
SPIN 4 8 5 12 0.517 5.809 0.993
SPIN 4 8 5 13 1.766 1.295 5.496
SPIN 4 8 5 14 2.483 -2.249 -4.876
SPIN 4 8 5 15 -1.414 1.811 5.452
SPIN 1 8 6 0 0.176 -2.513 5.353
SPIN 1 8 6 1 -2.693 -3.943 3.492
SPIN 1 8 6 2 -1.085 3.719 -4.471
SPIN 1 8 6 3 1.793 5.622 0.422
SPIN 1 8 6 4 -3.204 3.591 3.441
SPIN 1 8 6 5 2.262 4.654 2.868
SPIN 1 8 6 6 -5.292 -1.809 -1.929
SPIN 1 8 6 7 -1.338 5.462 -1.836
SPIN 1 8 6 8 3.697 -3.080 -3.442
SPIN 1 8 6 9 4.879 1.449 -3.016
SPIN 1 8 6 10 -1.418 -3.914 -4.203
SPIN 1 8 6 11 3.530 4.695 -0.703
SPIN 1 8 6 12 4.097 -4.141 -1.031
SPIN 1 8 6 13 -4.661 2.571 -2.582
SPIN 1 8 6 14 -0.063 -1.062 5.820
SPIN 1 8 6 15 -1.585 1.610 -5.468
SPIN 4 8 6 0 -2.102 5.417 -1.114
SPIN 4 8 6 1 3.990 1.543 -4.087
SPIN 4 8 6 2 0.537 -5.462 2.209
SPIN 4 8 6 3 2.730 5.233 -0.409
SPIN 4 8 6 4 2.999 -4.333 -2.690
SPIN 4 8 6 5 1.294 -4.360 3.784
SPIN 4 8 6 6 2.869 2.918 -4.273
SPIN 4 8 6 7 5.010 2.413 -2.019
SPIN 4 8 6 8 3.104 4.756 -1.658
SPIN 4 8 6 9 0.408 5.901 -0.082
SPIN 4 8 6 10 5.774 -0.648 -1.114
SPIN 4 8 6 11 -5.690 -1.563 0.431
SPIN 4 8 6 12 5.084 2.842 1.036
SPIN 4 8 6 13 0.754 2.120 5.471
SPIN 4 8 6 14 -3.850 -4.469 0.451
SPIN 4 8 6 15 -1.269 0.661 5.741
SPIN 1 8 7 0 3.773 1.534 -4.290
SPIN 1 8 7 1 1.097 5.635 1.429
SPIN 1 8 7 2 -0.824 -5.858 -0.095
SPIN 1 8 7 3 2.985 -0.950 5.018
SPIN 1 8 7 4 3.934 -4.213 -1.333
SPIN 1 8 7 5 -2.182 -2.908 4.667
SPIN 1 8 7 6 1.388 -5.456 1.818
SPIN 1 8 7 7 0.067 2.809 5.206
SPIN 1 8 7 8 3.476 3.528 -3.236
SPIN 1 8 7 9 -5.576 -1.693 -1.021
SPIN 1 8 7 10 -5.645 0.585 1.672
SPIN 1 8 7 11 0.394 1.867 5.600
SPIN 1 8 7 12 1.862 2.815 -4.859
SPIN 1 8 7 13 -3.672 -4.638 -0.083
SPIN 1 8 7 14 3.836 -3.008 3.352
SPIN 1 8 7 15 -4.862 2.612 2.130
SPIN 4 8 7 0 0.350 2.778 5.212
SPIN 4 8 7 1 -0.667 3.395 -4.799
SPIN 4 8 7 2 2.154 5.399 1.099
SPIN 4 8 7 3 3.901 -4.046 -1.847
SPIN 4 8 7 4 -4.533 -3.581 1.276
SPIN 4 8 7 5 -1.105 0.679 -5.772
SPIN 4 8 7 6 2.741 2.536 4.589
SPIN 4 8 7 7 -1.840 0.158 5.621
SPIN 4 8 7 8 -1.845 -4.265 3.661
SPIN 4 8 7 9 4.730 -3.546 0.223
SPIN 4 8 7 10 0.491 5.853 -0.712
SPIN 4 8 7 11 5.900 0.023 -0.438
SPIN 4 8 7 12 1.789 -5.564 0.916
SPIN 4 8 7 13 -1.139 4.464 -3.711
SPIN 4 8 7 14 -5.136 2.808 -0.857
SPIN 4 8 7 15 4.095 3.307 2.701
SPIN 1 8 8 0 -0.259 -0.635 5.876
SPIN 1 8 8 1 0.842 0.315 5.847
SPIN 1 8 8 2 1.303 -1.614 5.540
SPIN 1 8 8 3 -2.709 4.296 3.034
SPIN 1 8 8 4 -3.312 1.140 4.768
SPIN 1 8 8 5 0.432 3.928 -4.403
SPIN 1 8 8 6 0.528 -5.061 3.019
SPIN 1 8 8 7 -0.185 4.337 -4.019
SPIN 1 8 8 8 5.038 3.036 0.629
SPIN 1 8 8 9 4.742 -1.760 3.068
SPIN 1 8 8 10 2.512 -5.356 -0.040
SPIN 1 8 8 11 -4.144 1.635 -3.893
SPIN 1 8 8 12 -4.982 2.565 -1.897
SPIN 1 8 8 13 4.056 4.305 -0.121
SPIN 1 8 8 14 -5.850 -0.697 -0.541
SPIN 1 8 8 15 -5.868 0.191 0.726
SPIN 4 8 8 0 -3.557 -2.380 -4.084
SPIN 4 8 8 1 3.014 -4.892 -1.409
SPIN 4 8 8 2 3.446 -4.779 -0.537
SPIN 4 8 8 3 0.786 5.392 2.304
SPIN 4 8 8 4 -4.061 -2.502 -3.500
SPIN 4 8 8 5 -1.289 -3.310 4.731
SPIN 4 8 8 6 2.118 -5.185 1.905
SPIN 4 8 8 7 -2.046 4.347 3.453
SPIN 4 8 8 8 3.834 -4.308 -1.318
SPIN 4 8 8 9 3.939 4.406 -0.255
SPIN 4 8 8 10 2.935 -1.704 -4.846
SPIN 4 8 8 11 -3.106 1.880 4.671
SPIN 4 8 8 12 5.843 0.894 0.245
SPIN 4 8 8 13 -4.399 1.167 -3.780
SPIN 4 8 8 14 4.177 -0.582 4.149
SPIN 4 8 8 15 -2.372 2.981 -4.527
SPIN 1 8 9 0 2.064 4.410 -3.360
SPIN 1 8 9 1 -3.214 -4.682 -1.658
SPIN 1 8 9 2 0.932 5.835 0.290
SPIN 1 8 9 3 0.437 -4.565 -3.738
SPIN 1 8 9 4 -2.051 -2.165 -5.109
SPIN 1 8 9 5 0.382 -2.573 5.313
SPIN 1 8 9 6 -0.616 4.917 -3.231
SPIN 1 8 9 7 0.669 -2.779 5.180
SPIN 1 8 9 8 2.107 -0.457 -5.509
SPIN 1 8 9 9 3.267 -4.932 -0.002
SPIN 1 8 9 10 3.727 1.907 -4.181
SPIN 1 8 9 11 -5.568 -1.078 1.684
SPIN 1 8 9 12 -3.738 1.346 4.383
SPIN 1 8 9 13 4.198 4.048 0.996
SPIN 1 8 9 14 2.756 1.181 -5.100
SPIN 1 8 9 15 -3.981 -3.417 -2.734
SPIN 4 8 9 0 -0.837 3.263 -4.863
SPIN 4 8 9 1 -2.033 5.544 -0.367
SPIN 4 8 9 2 1.634 5.313 2.026
SPIN 4 8 9 3 -4.569 -1.918 3.232
SPIN 4 8 9 4 5.893 -0.021 0.523
SPIN 4 8 9 5 -0.644 -2.190 -5.458
SPIN 4 8 9 6 -1.035 5.339 2.329
SPIN 4 8 9 7 2.556 -4.539 -2.805
SPIN 4 8 9 8 -2.392 -1.989 5.032
SPIN 4 8 9 9 -3.821 -1.624 4.214
SPIN 4 8 9 10 4.331 0.670 -3.974
SPIN 4 8 9 11 -0.070 2.446 -5.386
SPIN 4 8 9 12 -5.302 -2.481 -0.858
SPIN 4 8 9 13 1.715 -2.702 4.975
SPIN 4 8 9 14 3.017 4.340 -2.656
SPIN 4 8 9 15 5.572 -1.448 1.362
SPIN 1 8 10 0 0.539 -5.855 -0.652
SPIN 1 8 10 1 5.864 -0.497 0.602
SPIN 1 8 10 2 3.507 -3.907 2.728
SPIN 1 8 10 3 -4.598 -2.441 2.811
SPIN 1 8 10 4 -0.447 0.230 5.895
SPIN 1 8 10 5 -1.771 -4.161 -3.814
SPIN 1 8 10 6 2.981 3.457 3.763
SPIN 1 8 10 7 -1.770 -5.459 -1.438
SPIN 1 8 10 8 -2.881 3.058 4.165
SPIN 1 8 10 9 -2.433 1.056 5.288
SPIN 1 8 10 10 -3.182 -4.485 -2.182
SPIN 1 8 10 11 1.991 1.450 -5.379
SPIN 1 8 10 12 1.088 -5.371 -2.228
SPIN 1 8 10 13 -3.079 -2.565 -4.352
SPIN 1 8 10 14 3.598 -2.927 3.673
SPIN 1 8 10 15 -1.959 3.670 -4.207
SPIN 4 8 10 0 1.878 5.609 0.088
SPIN 4 8 10 1 -0.590 -4.859 3.323
SPIN 4 8 10 2 -2.605 -3.134 -4.289
SPIN 4 8 10 3 2.163 -2.172 5.060
SPIN 4 8 10 4 -1.365 0.647 5.720
SPIN 4 8 10 5 0.902 5.341 2.380
SPIN 4 8 10 6 -4.816 1.991 2.801
SPIN 4 8 10 7 4.983 3.095 -0.768
SPIN 4 8 10 8 -4.660 3.203 1.740
SPIN 4 8 10 9 -0.714 -5.037 -3.019
SPIN 4 8 10 10 1.665 -4.713 -3.165
SPIN 4 8 10 11 4.885 1.550 2.955
SPIN 4 8 10 12 4.013 4.295 0.665
SPIN 4 8 10 13 -4.742 -0.482 3.505
SPIN 4 8 10 14 3.074 0.890 4.976
SPIN 4 8 10 15 -0.822 -2.013 -5.502
SPIN 1 8 11 0 1.569 1.877 -5.387
SPIN 1 8 11 1 -5.664 -1.689 0.263
SPIN 1 8 11 2 0.716 0.729 5.827
SPIN 1 8 11 3 -4.845 3.198 -1.138
SPIN 1 8 11 4 5.466 0.679 -2.159
SPIN 1 8 11 5 0.414 -4.506 3.812
SPIN 1 8 11 6 4.935 3.136 0.898
SPIN 1 8 11 7 5.014 -2.832 1.358
SPIN 1 8 11 8 -3.674 -4.230 1.898
SPIN 1 8 11 9 4.963 -0.617 3.161
SPIN 1 8 11 10 4.919 -0.479 3.251
SPIN 1 8 11 11 0.666 4.494 3.790
SPIN 1 8 11 12 3.259 -4.311 -2.408
SPIN 1 8 11 13 -4.657 -1.446 3.350
SPIN 1 8 11 14 -3.593 0.535 -4.669
SPIN 1 8 11 15 -1.409 5.675 -0.899
SPIN 4 8 11 0 -0.683 2.905 5.108
SPIN 4 8 11 1 4.119 4.240 -0.243
SPIN 4 8 11 2 4.467 3.808 -0.733
SPIN 4 8 11 3 -4.392 3.530 1.802
SPIN 4 8 11 4 -2.901 1.599 4.902
SPIN 4 8 11 5 0.642 4.337 -3.972
SPIN 4 8 11 6 -2.965 1.493 -4.897
SPIN 4 8 11 7 -5.308 -2.142 -1.495
SPIN 4 8 11 8 -4.105 -4.175 0.847
SPIN 4 8 11 9 -2.123 0.633 -5.486
SPIN 4 8 11 10 0.614 -5.586 1.849
SPIN 4 8 11 11 -0.746 3.415 -4.773
SPIN 4 8 11 12 -2.437 -3.842 -3.781
SPIN 4 8 11 13 1.307 -1.442 5.587
SPIN 4 8 11 14 4.729 -3.418 0.975
SPIN 4 8 11 15 3.225 4.960 -0.014
SPIN 1 8 12 0 -2.655 -1.779 4.979
SPIN 1 8 12 1 5.870 0.685 -0.276
SPIN 1 8 12 2 0.473 -3.975 4.357
SPIN 1 8 12 3 4.166 0.233 4.194
SPIN 1 8 12 4 0.091 -5.419 -2.372
SPIN 1 8 12 5 1.402 4.609 3.434
SPIN 1 8 12 6 -0.356 -4.989 3.159
SPIN 1 8 12 7 2.366 2.006 -5.037
SPIN 1 8 12 8 -1.704 -2.481 5.093
SPIN 1 8 12 9 3.251 0.559 -4.911
SPIN 1 8 12 10 -0.472 5.527 -2.056
SPIN 1 8 12 11 -1.489 3.206 -4.744
SPIN 1 8 12 12 -5.736 -1.012 -1.038
SPIN 1 8 12 13 -0.802 5.856 -0.260
SPIN 1 8 12 14 5.762 0.934 0.963
SPIN 1 8 12 15 -4.363 3.813 -1.192
SPIN 4 8 12 0 -3.718 0.499 4.575
SPIN 4 8 12 1 -2.742 5.058 1.379
SPIN 4 8 12 2 -2.559 -3.662 -3.878
SPIN 4 8 12 3 -0.007 2.830 5.196
SPIN 4 8 12 4 -0.706 -5.873 -0.116
SPIN 4 8 12 5 -4.436 -1.529 3.603
SPIN 4 8 12 6 3.263 -4.334 2.361
SPIN 4 8 12 7 -2.063 -5.515 0.573
SPIN 4 8 12 8 0.675 4.650 -3.594
SPIN 4 8 12 9 0.673 -2.296 5.411
SPIN 4 8 12 10 1.860 4.741 -3.010
SPIN 4 8 12 11 4.366 -3.969 -0.431
SPIN 4 8 12 12 -1.576 -5.633 0.883
SPIN 4 8 12 13 -0.558 5.240 -2.688
SPIN 4 8 12 14 -0.828 5.333 -2.424
SPIN 4 8 12 15 -2.061 0.073 -5.545
SPIN 1 8 13 0 0.332 5.905 -0.145
SPIN 1 8 13 1 -4.156 -3.639 -2.117
SPIN 1 8 13 2 -3.903 4.445 -0.103
SPIN 1 8 13 3 0.338 -2.830 -5.184
SPIN 1 8 13 4 4.917 3.212 0.714
SPIN 1 8 13 5 -3.601 -2.801 -3.766
SPIN 1 8 13 6 2.413 5.242 -1.305
SPIN 1 8 13 7 -0.373 -2.869 -5.160
SPIN 1 8 13 8 4.193 1.068 4.034
SPIN 1 8 13 9 3.913 4.267 -1.219
SPIN 1 8 13 10 -1.533 -5.153 -2.469
SPIN 1 8 13 11 -2.822 -4.867 1.830
SPIN 1 8 13 12 -2.716 -3.189 -4.178
SPIN 1 8 13 13 -3.296 3.571 3.375
SPIN 1 8 13 14 2.470 -4.246 3.297
SPIN 1 8 13 15 4.551 -1.842 3.301
SPIN 4 8 13 0 -3.058 -4.759 -1.732
SPIN 4 8 13 1 -3.350 -3.974 -2.825
SPIN 4 8 13 2 -4.744 -0.461 -3.504
SPIN 4 8 13 3 2.858 -5.130 0.715
SPIN 4 8 13 4 3.904 3.444 -2.811
SPIN 4 8 13 5 2.807 3.179 4.125
SPIN 4 8 13 6 -3.112 -4.214 -2.749
SPIN 4 8 13 7 -1.440 3.439 4.594
SPIN 4 8 13 8 -3.972 -4.104 -1.543
SPIN 4 8 13 9 -3.736 -0.955 -4.486
SPIN 4 8 13 10 5.531 -0.674 1.987
SPIN 4 8 13 11 -1.802 4.624 3.221
SPIN 4 8 13 12 -0.174 5.896 0.451
SPIN 4 8 13 13 5.153 -2.724 -1.014
SPIN 4 8 13 14 -2.000 5.163 -2.084
SPIN 4 8 13 15 0.218 -0.684 5.872
SPIN 1 8 14 0 3.446 -3.769 2.987
SPIN 1 8 14 1 -5.139 0.545 -2.880
SPIN 1 8 14 2 -1.742 4.920 -2.786
SPIN 1 8 14 3 4.599 2.349 -2.886
SPIN 1 8 14 4 -3.142 -3.359 3.721
SPIN 1 8 14 5 -4.137 1.373 -4.000
SPIN 1 8 14 6 3.091 -2.495 4.384
SPIN 1 8 14 7 5.235 2.013 1.883
SPIN 1 8 14 8 -1.481 5.338 -2.076
SPIN 1 8 14 9 4.310 -1.626 -3.713
SPIN 1 8 14 10 5.046 2.345 -2.009
SPIN 1 8 14 11 0.335 -5.478 2.208
SPIN 1 8 14 12 -3.520 2.228 -4.201
SPIN 1 8 14 13 -4.983 -2.398 -2.102
SPIN 1 8 14 14 4.747 -3.461 -0.697
SPIN 1 8 14 15 -5.167 0.666 -2.803
SPIN 4 8 14 0 1.515 4.623 3.367
SPIN 4 8 14 1 -3.031 1.390 -4.887
SPIN 4 8 14 2 -2.340 -5.401 0.599
SPIN 4 8 14 3 2.142 1.193 -5.384
SPIN 4 8 14 4 0.489 4.803 -3.420
SPIN 4 8 14 5 0.957 -5.741 -1.059
SPIN 4 8 14 6 -3.363 2.420 -4.224
SPIN 4 8 14 7 5.589 -1.362 -1.381
SPIN 4 8 14 8 -2.367 3.716 3.948
SPIN 4 8 14 9 0.761 -4.722 3.483
SPIN 4 8 14 10 -3.201 0.996 -4.875
SPIN 4 8 14 11 0.095 -3.690 4.623
SPIN 4 8 14 12 -0.727 -5.201 2.724
SPIN 4 8 14 13 -3.654 -4.625 0.506
SPIN 4 8 14 14 -0.354 -2.026 5.547
SPIN 4 8 14 15 4.138 -4.104 1.018
SPIN 1 8 15 0 -4.388 3.804 -1.130
SPIN 1 8 15 1 3.339 -4.630 -1.553
SPIN 1 8 15 2 2.551 -5.111 -1.539
SPIN 1 8 15 3 -4.074 -3.429 2.578
SPIN 1 8 15 4 2.075 4.582 3.114
SPIN 1 8 15 5 4.191 -4.158 0.379
SPIN 1 8 15 6 4.537 -3.790 -0.228
SPIN 1 8 15 7 4.823 1.566 3.047
SPIN 1 8 15 8 -2.037 -3.833 4.019
SPIN 1 8 15 9 -1.332 -0.756 5.714
SPIN 1 8 15 10 -5.212 -2.012 -1.947
SPIN 1 8 15 11 0.611 1.475 -5.697
SPIN 1 8 15 12 -0.125 2.675 -5.275
SPIN 1 8 15 13 4.954 -2.674 -1.818
SPIN 1 8 15 14 2.720 -2.689 4.514
SPIN 1 8 15 15 0.738 5.713 1.349
SPIN 4 8 15 0 1.911 -1.989 5.234
SPIN 4 8 15 1 0.450 0.934 5.825
SPIN 4 8 15 2 -1.163 5.663 1.256
SPIN 4 8 15 3 -0.625 -3.554 -4.688
SPIN 4 8 15 4 2.506 5.190 -1.334
SPIN 4 8 15 5 2.010 4.610 -3.116
SPIN 4 8 15 6 -5.639 1.141 -1.381
SPIN 4 8 15 7 -0.235 4.953 3.227
SPIN 4 8 15 8 4.889 1.967 2.688
SPIN 4 8 15 9 -4.642 2.595 -2.592
SPIN 4 8 15 10 1.825 5.262 1.994
SPIN 4 8 15 11 -1.751 -0.686 5.609
SPIN 4 8 15 12 3.597 1.821 4.330
SPIN 4 8 15 13 -2.541 2.500 -4.722
SPIN 4 8 15 14 0.188 4.646 3.658
SPIN 4 8 15 15 4.732 -1.192 -3.344
SPIN 3 8 0 0 -3.856 4.357 -1.070
SPIN 3 8 0 1 -4.009 -3.713 2.267
SPIN 3 8 0 2 -3.690 -4.312 -1.670
SPIN 3 8 0 3 1.561 0.840 -5.644
SPIN 3 8 0 4 5.894 0.278 -0.432
SPIN 3 8 0 5 5.648 -1.003 1.449
SPIN 3 8 0 6 3.499 0.299 4.761
SPIN 3 8 0 7 -4.048 2.969 -3.131
SPIN 3 8 0 8 0.188 5.904 -0.334
SPIN 3 8 0 9 1.667 -5.032 2.627
SPIN 3 8 0 10 1.477 0.412 5.714
SPIN 3 8 0 11 0.863 5.793 -0.836
SPIN 3 8 0 12 -3.099 -4.347 2.550
SPIN 3 8 0 13 -4.105 2.518 3.437
SPIN 3 8 0 14 2.800 4.745 -2.155
SPIN 3 8 0 15 -0.099 3.237 4.951
SPIN 2 8 0 0 -1.059 1.798 5.536
SPIN 2 8 0 1 -5.494 -0.900 -2.002
SPIN 2 8 0 2 5.710 0.252 -1.529
SPIN 2 8 0 3 -5.808 0.134 -1.119
SPIN 2 8 0 4 -0.672 2.430 5.352
SPIN 2 8 0 5 -5.803 0.544 1.016
SPIN 2 8 0 6 2.070 -5.146 -2.058
SPIN 2 8 0 7 0.190 1.069 5.816
SPIN 2 8 0 8 -0.703 -5.191 -2.749
SPIN 2 8 0 9 5.150 2.812 0.756
SPIN 2 8 0 10 4.522 3.597 1.271
SPIN 2 8 0 11 -4.956 1.832 2.662
SPIN 2 8 0 12 -4.747 -3.093 1.703
SPIN 2 8 0 13 5.725 -1.467 0.272
SPIN 2 8 0 14 -2.745 4.360 -2.908
SPIN 2 8 0 15 3.643 0.936 -4.567
SPIN 3 8 1 0 1.061 3.103 -4.924
SPIN 3 8 1 1 0.965 -3.829 4.405
SPIN 3 8 1 2 0.288 -3.330 -4.881
SPIN 3 8 1 3 0.286 -5.221 2.768
SPIN 3 8 1 4 2.314 -1.642 -5.191
SPIN 3 8 1 5 -4.349 3.977 0.525
SPIN 3 8 1 6 -4.525 -2.118 -3.168
SPIN 3 8 1 7 -0.442 2.709 -5.241
SPIN 3 8 1 8 -2.541 1.571 5.107
SPIN 3 8 1 9 4.513 2.926 2.465
SPIN 3 8 1 10 -2.895 -4.577 2.381
SPIN 3 8 1 11 2.004 -5.551 0.417
SPIN 3 8 1 12 4.350 3.117 -2.522
SPIN 3 8 1 13 -4.474 -1.074 -3.719
SPIN 3 8 1 14 -0.455 -0.971 -5.818
SPIN 3 8 1 15 -0.584 -4.610 3.662
SPIN 2 8 1 0 -3.428 4.818 -0.176
SPIN 2 8 1 1 -4.360 3.207 -2.389
SPIN 2 8 1 2 -1.180 5.782 0.424
SPIN 2 8 1 3 3.261 -0.569 -4.903
SPIN 2 8 1 4 -4.452 0.886 -3.794
SPIN 2 8 1 5 3.946 1.570 -4.118
SPIN 2 8 1 6 -2.768 2.946 4.320
SPIN 2 8 1 7 -0.928 -5.305 2.449
SPIN 2 8 1 8 -2.105 3.723 -4.088
SPIN 2 8 1 9 5.418 2.322 0.500
SPIN 2 8 1 10 -2.759 5.200 -0.592
SPIN 2 8 1 11 3.325 0.806 -4.826
SPIN 2 8 1 12 -0.244 4.553 3.769
SPIN 2 8 1 13 1.542 -5.549 1.354
SPIN 2 8 1 14 -4.871 1.978 2.714
SPIN 2 8 1 15 0.021 4.871 -3.357
SPIN 3 8 2 0 0.721 -5.560 1.888
SPIN 3 8 2 1 3.505 -4.761 -0.217
SPIN 3 8 2 2 3.227 -3.921 -3.035
SPIN 3 8 2 3 3.946 4.308 -0.930
SPIN 3 8 2 4 -2.884 -1.230 5.017
SPIN 3 8 2 5 -3.946 4.111 1.591
SPIN 3 8 2 6 2.841 0.358 -5.177
SPIN 3 8 2 7 3.227 2.876 -4.039
SPIN 3 8 2 8 -2.008 -5.299 -1.698
SPIN 3 8 2 9 5.160 -2.893 0.029
SPIN 3 8 2 10 5.874 -0.156 -0.683
SPIN 3 8 2 11 0.907 3.991 4.271
SPIN 3 8 2 12 0.741 -1.513 5.671
SPIN 3 8 2 13 4.329 -1.776 -3.621
SPIN 3 8 2 14 4.938 -1.405 2.939
SPIN 3 8 2 15 -2.104 -1.448 -5.336
SPIN 2 8 2 0 0.687 -1.985 5.531
SPIN 2 8 2 1 -3.576 4.704 -0.279
SPIN 2 8 2 2 -3.512 -4.759 0.151
SPIN 2 8 2 3 3.664 0.663 -4.598
SPIN 2 8 2 4 -2.467 5.318 -0.792
SPIN 2 8 2 5 -0.547 -5.691 1.522
SPIN 2 8 2 6 -3.729 4.002 2.253
SPIN 2 8 2 7 -5.421 2.328 -0.443
SPIN 2 8 2 8 1.301 -5.346 2.175
SPIN 2 8 2 9 -3.672 4.486 -1.180
SPIN 2 8 2 10 2.132 -2.100 -5.104
SPIN 2 8 2 11 -5.322 0.670 2.496
SPIN 2 8 2 12 4.433 1.744 -3.508
SPIN 2 8 2 13 3.875 1.973 4.012
SPIN 2 8 2 14 1.177 4.617 -3.507
SPIN 2 8 2 15 0.099 5.872 0.711
SPIN 3 8 3 0 -5.462 0.399 -2.237
SPIN 3 8 3 1 1.311 5.679 -1.013
SPIN 3 8 3 2 -4.319 0.553 -4.005
SPIN 3 8 3 3 -4.156 1.708 3.848
SPIN 3 8 3 4 0.331 -1.650 -5.672
SPIN 3 8 3 5 3.832 -3.904 2.253
SPIN 3 8 3 6 -5.080 0.411 -3.004
SPIN 3 8 3 7 -2.734 -5.109 1.194
SPIN 3 8 3 8 0.860 5.804 0.761
SPIN 3 8 3 9 -0.699 -1.126 5.766
SPIN 3 8 3 10 -0.959 0.411 -5.823
SPIN 3 8 3 11 -1.920 -4.913 -2.679
SPIN 3 8 3 12 -3.718 4.059 2.168
SPIN 3 8 3 13 -2.822 1.318 -5.030
SPIN 3 8 3 14 -4.525 0.140 3.809
SPIN 3 8 3 15 3.555 4.259 2.055
SPIN 2 8 3 0 -5.822 -0.697 0.785
SPIN 2 8 3 1 -4.253 -3.690 -1.817
SPIN 2 8 3 2 -0.439 4.076 -4.265
SPIN 2 8 3 3 -4.306 3.626 -1.820
SPIN 2 8 3 4 5.728 0.502 -1.392
SPIN 2 8 3 5 4.077 -0.293 4.277
SPIN 2 8 3 6 0.481 5.803 1.044
SPIN 2 8 3 7 -2.629 -5.164 -1.192
SPIN 2 8 3 8 1.895 5.583 -0.491
SPIN 2 8 3 9 -3.646 -3.523 -3.049
SPIN 2 8 3 10 -2.497 2.065 4.950
SPIN 2 8 3 11 5.346 -1.505 2.040
SPIN 2 8 3 12 -3.634 3.958 -2.477
SPIN 2 8 3 13 2.107 -4.933 -2.496
SPIN 2 8 3 14 1.034 -0.782 5.772
SPIN 2 8 3 15 4.752 2.952 -1.924
SPIN 3 8 4 0 5.806 -1.136 0.067
SPIN 3 8 4 1 5.409 2.054 1.234
SPIN 3 8 4 2 -1.670 1.797 5.383
SPIN 3 8 4 3 -4.546 -3.458 1.540
SPIN 3 8 4 4 -0.775 -4.418 3.857
SPIN 3 8 4 5 -5.473 -0.125 2.244
SPIN 3 8 4 6 -1.779 -3.911 4.067
SPIN 3 8 4 7 3.425 4.823 -0.046
SPIN 3 8 4 8 1.359 4.667 3.372
SPIN 3 8 4 9 -1.725 5.334 -1.890
SPIN 3 8 4 10 -2.503 -3.043 4.413
SPIN 3 8 4 11 1.785 -3.492 -4.430
SPIN 3 8 4 12 4.945 -0.100 3.246
SPIN 3 8 4 13 5.560 0.978 1.770
SPIN 3 8 4 14 5.026 -2.069 -2.336
SPIN 3 8 4 15 -3.360 0.753 4.810
SPIN 2 8 4 0 3.433 -0.671 -4.771
SPIN 2 8 4 1 1.009 3.175 -4.889
SPIN 2 8 4 2 -4.581 -3.534 1.235
SPIN 2 8 4 3 0.694 0.910 -5.804
SPIN 2 8 4 4 2.558 -5.093 1.585
SPIN 2 8 4 5 -4.770 2.030 -2.850
SPIN 2 8 4 6 -0.712 2.556 5.288
SPIN 2 8 4 7 2.623 -3.514 -3.971
SPIN 2 8 4 8 -5.820 0.488 -0.944
SPIN 2 8 4 9 -3.841 -1.184 -4.341
SPIN 2 8 4 10 3.438 3.796 2.961
SPIN 2 8 4 11 -4.933 1.142 3.060
SPIN 2 8 4 12 4.879 -3.224 0.896
SPIN 2 8 4 13 -5.104 2.936 0.573
SPIN 2 8 4 14 -5.363 2.470 0.380
SPIN 2 8 4 15 1.453 4.144 3.964
SPIN 3 8 5 0 -4.816 -0.055 3.436
SPIN 3 8 5 1 -4.598 0.204 3.717
SPIN 3 8 5 2 -0.086 -1.768 -5.645
SPIN 3 8 5 3 -0.458 5.675 1.608
SPIN 3 8 5 4 1.540 -5.460 1.679
SPIN 3 8 5 5 0.206 -1.165 -5.797
SPIN 3 8 5 6 2.171 5.124 -2.008
SPIN 3 8 5 7 4.716 -1.027 -3.421
SPIN 3 8 5 8 -4.612 -1.191 -3.509
SPIN 3 8 5 9 3.808 -4.012 2.099
SPIN 3 8 5 10 0.379 5.849 0.803
SPIN 3 8 5 11 5.364 2.104 1.341
SPIN 3 8 5 12 -2.029 -5.030 -2.363
SPIN 3 8 5 13 1.341 -4.097 4.052
SPIN 3 8 5 14 -2.763 1.558 4.994
SPIN 3 8 5 15 3.789 -3.883 -2.360
SPIN 2 8 5 0 5.389 0.616 -2.362
SPIN 2 8 5 1 -0.395 -1.303 5.757
SPIN 2 8 5 2 1.875 -0.219 5.607
SPIN 2 8 5 3 3.999 0.884 4.269
SPIN 2 8 5 4 -2.031 5.531 -0.533
SPIN 2 8 5 5 3.281 -0.696 4.874
SPIN 2 8 5 6 4.503 2.253 -3.106
SPIN 2 8 5 7 1.038 0.575 5.796
SPIN 2 8 5 8 2.598 3.049 -4.353
SPIN 2 8 5 9 -1.820 -4.808 -2.928
SPIN 2 8 5 10 4.250 -2.737 -3.073
SPIN 2 8 5 11 -4.162 -3.942 -1.463
SPIN 2 8 5 12 -3.255 4.433 -2.181
SPIN 2 8 5 13 1.377 -0.243 -5.749
SPIN 2 8 5 14 -0.695 5.515 -2.025
SPIN 2 8 5 15 -4.917 -2.974 -1.404
SPIN 3 8 6 0 2.386 -5.033 -1.995
SPIN 3 8 6 1 -3.940 -3.790 -2.261
SPIN 3 8 6 2 4.810 -3.058 -1.585
SPIN 3 8 6 3 0.558 -1.805 -5.606
SPIN 3 8 6 4 4.119 2.295 -3.573
SPIN 3 8 6 5 -5.288 1.201 2.365
SPIN 3 8 6 6 -2.991 -2.877 4.216
SPIN 3 8 6 7 2.201 3.610 4.138
SPIN 3 8 6 8 -4.366 -3.867 0.991
SPIN 3 8 6 9 -1.049 -1.555 -5.611
SPIN 3 8 6 10 4.729 3.470 0.774
SPIN 3 8 6 11 -2.091 -3.121 -4.570
SPIN 3 8 6 12 5.661 -1.544 0.754
SPIN 3 8 6 13 -2.501 -0.180 5.358
SPIN 3 8 6 14 5.078 1.907 -2.361
SPIN 3 8 6 15 1.645 4.671 -3.237
SPIN 2 8 6 0 -3.724 0.114 4.595
SPIN 2 8 6 1 0.683 5.522 -2.010
SPIN 2 8 6 2 4.016 -4.020 -1.645
SPIN 2 8 6 3 -4.446 -1.361 3.658
SPIN 2 8 6 4 -1.486 0.998 -5.639
SPIN 2 8 6 5 -2.659 5.121 -1.304
SPIN 2 8 6 6 1.992 5.568 0.183
SPIN 2 8 6 7 0.352 -3.868 4.463
SPIN 2 8 6 8 3.927 -3.595 2.581
SPIN 2 8 6 9 2.381 0.499 5.393
SPIN 2 8 6 10 -1.810 -5.492 1.249
SPIN 2 8 6 11 -0.231 5.305 2.608
SPIN 2 8 6 12 -2.468 1.660 5.114
SPIN 2 8 6 13 -5.758 1.095 -0.803
SPIN 2 8 6 14 4.364 -3.348 2.177
SPIN 2 8 6 15 -2.073 -5.440 1.054
SPIN 3 8 7 0 2.298 4.883 -2.424
SPIN 3 8 7 1 -4.363 3.197 2.396
SPIN 3 8 7 2 0.723 3.460 -4.744
SPIN 3 8 7 3 -2.353 4.224 3.409
SPIN 3 8 7 4 4.949 3.068 -1.048
SPIN 3 8 7 5 0.888 2.544 5.267
SPIN 3 8 7 6 -4.126 -3.151 -2.837
SPIN 3 8 7 7 4.310 1.836 -3.613
SPIN 3 8 7 8 -5.899 -0.413 0.192
SPIN 3 8 7 9 -0.797 -0.989 -5.778
SPIN 3 8 7 10 5.621 1.359 -1.247
SPIN 3 8 7 11 -3.659 -0.460 4.626
SPIN 3 8 7 12 1.508 1.850 -5.413
SPIN 3 8 7 13 5.565 1.712 1.048
SPIN 3 8 7 14 -0.530 2.120 5.498
SPIN 3 8 7 15 -5.164 -2.238 -1.824
SPIN 2 8 7 0 -0.549 -5.013 -3.094
SPIN 2 8 7 1 -0.479 -5.192 2.796
SPIN 2 8 7 2 -4.229 -0.358 4.121
SPIN 2 8 7 3 -4.135 0.944 -4.124
SPIN 2 8 7 4 -4.403 -1.975 3.423
SPIN 2 8 7 5 -2.466 1.278 -5.224
SPIN 2 8 7 6 -0.877 -3.012 5.016
SPIN 2 8 7 7 -5.367 -0.567 2.424
SPIN 2 8 7 8 -5.311 0.023 -2.607
SPIN 2 8 7 9 3.763 4.291 -1.558
SPIN 2 8 7 10 4.195 1.486 -3.898
SPIN 2 8 7 11 4.598 2.397 2.848
SPIN 2 8 7 12 -2.567 -1.703 -5.051
SPIN 2 8 7 13 1.193 -5.368 2.183
SPIN 2 8 7 14 2.432 -1.319 -5.229
SPIN 2 8 7 15 -0.651 5.649 1.633
SPIN 3 8 8 0 2.313 -0.745 -5.394
SPIN 3 8 8 1 4.697 -1.355 3.332
SPIN 3 8 8 2 -2.995 -3.686 3.528
SPIN 3 8 8 3 1.363 4.628 -3.423
SPIN 3 8 8 4 5.326 0.976 2.383
SPIN 3 8 8 5 -3.156 -4.250 2.641
SPIN 3 8 8 6 -5.461 0.383 2.242
SPIN 3 8 8 7 0.033 -2.075 5.540
SPIN 3 8 8 8 4.628 2.017 -3.085
SPIN 3 8 8 9 -2.128 -2.819 4.746
SPIN 3 8 8 10 1.084 5.077 -2.837
SPIN 3 8 8 11 0.215 -5.348 2.520
SPIN 3 8 8 12 3.281 -4.140 2.664
SPIN 3 8 8 13 -5.429 -2.241 0.713
SPIN 3 8 8 14 3.618 4.473 -1.379
SPIN 3 8 8 15 2.693 0.083 -5.267
SPIN 2 8 8 0 -4.329 2.542 -3.130
SPIN 2 8 8 1 -0.801 5.775 1.005
SPIN 2 8 8 2 -3.559 -3.327 -3.356
SPIN 2 8 8 3 -4.322 2.330 3.300
SPIN 2 8 8 4 -2.092 -0.506 5.511
SPIN 2 8 8 5 1.870 -3.058 -4.707
SPIN 2 8 8 6 5.540 1.764 1.092
SPIN 2 8 8 7 4.364 0.547 -3.957
SPIN 2 8 8 8 -5.368 -2.481 0.185
SPIN 2 8 8 9 -5.096 -1.371 2.675
SPIN 2 8 8 10 -1.525 -4.183 3.896
SPIN 2 8 8 11 2.091 -1.242 5.393
SPIN 2 8 8 12 0.489 3.998 -4.334
SPIN 2 8 8 13 -1.274 -5.191 -2.536
SPIN 2 8 8 14 2.939 2.009 4.725
SPIN 2 8 8 15 3.297 -2.477 -4.242
SPIN 3 8 9 0 2.701 -3.390 4.027
SPIN 3 8 9 1 -1.725 -2.955 -4.826
SPIN 3 8 9 2 -5.726 -0.247 -1.469
SPIN 3 8 9 3 -0.500 1.386 5.730
SPIN 3 8 9 4 -1.739 -1.687 -5.397
SPIN 3 8 9 5 -1.114 1.813 5.520
SPIN 3 8 9 6 -2.195 2.654 -4.810
SPIN 3 8 9 7 2.188 3.113 4.530
SPIN 3 8 9 8 -1.199 -5.742 -0.767
SPIN 3 8 9 9 2.967 3.951 -3.253
SPIN 3 8 9 10 0.106 3.915 4.434
SPIN 3 8 9 11 5.694 1.076 -1.192
SPIN 3 8 9 12 1.826 -4.751 -3.016
SPIN 3 8 9 13 3.814 4.339 1.273
SPIN 3 8 9 14 -5.559 -0.633 1.921
SPIN 3 8 9 15 -1.334 -1.984 5.412
SPIN 2 8 9 0 0.282 -4.773 3.484
SPIN 2 8 9 1 5.706 -1.470 -0.535
SPIN 2 8 9 2 -0.858 -0.860 5.790
SPIN 2 8 9 3 -1.241 -5.018 -2.877
SPIN 2 8 9 4 4.672 1.771 -3.168
SPIN 2 8 9 5 -5.154 -2.385 1.659
SPIN 2 8 9 6 4.994 -3.163 0.233
SPIN 2 8 9 7 3.631 -4.516 1.193
SPIN 2 8 9 8 -2.672 3.854 3.607
SPIN 2 8 9 9 3.062 -3.196 -3.926
SPIN 2 8 9 10 4.412 1.640 3.583
SPIN 2 8 9 11 -0.515 -4.598 -3.687
SPIN 2 8 9 12 2.928 3.551 3.717
SPIN 2 8 9 13 1.821 5.592 -0.645
SPIN 2 8 9 14 1.061 -5.796 -0.532
SPIN 2 8 9 15 -0.504 4.713 3.540
SPIN 3 8 10 0 1.149 -4.143 4.064
SPIN 3 8 10 1 -2.794 -5.052 -1.292
SPIN 3 8 10 2 -3.029 2.723 4.291
SPIN 3 8 10 3 0.817 2.800 -5.147
SPIN 3 8 10 4 -5.897 -0.047 0.468
SPIN 3 8 10 5 2.984 -3.434 -3.782
SPIN 3 8 10 6 0.489 -5.287 2.610
SPIN 3 8 10 7 -1.554 4.506 3.504
SPIN 3 8 10 8 1.456 -1.310 -5.582
SPIN 3 8 10 9 -2.505 5.007 1.912
SPIN 3 8 10 10 -4.189 0.967 4.064
SPIN 3 8 10 11 1.468 -4.421 -3.647
SPIN 3 8 10 12 -3.316 3.660 3.257
SPIN 3 8 10 13 2.059 2.471 4.966
SPIN 3 8 10 14 1.231 0.002 -5.787
SPIN 3 8 10 15 2.069 3.380 -4.392
SPIN 2 8 10 0 -3.444 2.267 -4.243
SPIN 2 8 10 1 2.528 5.024 -1.836
SPIN 2 8 10 2 -4.567 -1.683 3.364
SPIN 2 8 10 3 4.851 1.220 -3.158
SPIN 2 8 10 4 4.730 -3.511 0.551
SPIN 2 8 10 5 -0.623 3.596 -4.657
SPIN 2 8 10 6 -5.846 -0.087 0.905
SPIN 2 8 10 7 4.358 -0.443 -3.976
SPIN 2 8 10 8 2.556 -0.428 5.318
SPIN 2 8 10 9 -4.492 2.626 2.816
SPIN 2 8 10 10 -1.411 -3.633 4.451
SPIN 2 8 10 11 4.894 3.093 1.218
SPIN 2 8 10 12 -4.018 -3.580 2.458
SPIN 2 8 10 13 3.795 4.514 -0.467
SPIN 2 8 10 14 -0.272 5.701 -1.559
SPIN 2 8 10 15 -5.475 -1.331 -1.804
SPIN 3 8 11 0 3.231 -3.928 3.021
SPIN 3 8 11 1 -5.517 1.973 -0.818
SPIN 3 8 11 2 -4.492 -0.028 -3.850
SPIN 3 8 11 3 4.986 0.970 3.034
SPIN 3 8 11 4 5.169 -0.364 -2.855
SPIN 3 8 11 5 -2.206 -2.278 4.994
SPIN 3 8 11 6 -4.471 -2.200 3.189
SPIN 3 8 11 7 3.018 3.499 3.695
SPIN 3 8 11 8 -5.632 -1.106 1.434
SPIN 3 8 11 9 3.656 -4.079 -2.236
SPIN 3 8 11 10 5.420 -2.372 -0.045
SPIN 3 8 11 11 -1.516 5.539 -1.422
SPIN 3 8 11 12 5.701 -1.485 0.537
SPIN 3 8 11 13 4.718 2.350 -2.685
SPIN 3 8 11 14 2.389 -5.330 -0.941
SPIN 3 8 11 15 -3.060 -2.530 4.386
SPIN 2 8 11 0 -2.303 1.675 5.186
SPIN 2 8 11 1 -4.545 -3.772 -0.343
SPIN 2 8 11 2 3.540 -4.084 2.406
SPIN 2 8 11 3 -4.382 -2.588 3.017
SPIN 2 8 11 4 3.583 0.138 -4.706
SPIN 2 8 11 5 2.082 -5.532 -0.246
SPIN 2 8 11 6 -5.464 -2.224 0.445
SPIN 2 8 11 7 2.716 -1.708 4.970
SPIN 2 8 11 8 0.001 4.522 -3.815
SPIN 2 8 11 9 5.163 1.814 -2.248
SPIN 2 8 11 10 -3.248 4.483 2.086
SPIN 2 8 11 11 -4.589 0.748 -3.657
SPIN 2 8 11 12 4.069 -3.959 -1.664
SPIN 2 8 11 13 -4.439 0.600 -3.864
SPIN 2 8 11 14 -4.171 -3.575 -2.196
SPIN 2 8 11 15 3.570 4.688 0.526
SPIN 3 8 12 0 -0.706 3.693 -4.568
SPIN 3 8 12 1 -0.585 -1.263 5.750
SPIN 3 8 12 2 -0.589 4.046 -4.276
SPIN 3 8 12 3 -3.238 -0.569 -4.919
SPIN 3 8 12 4 -1.280 5.598 1.425
SPIN 3 8 12 5 1.786 -4.502 -3.397
SPIN 3 8 12 6 -3.499 2.270 -4.196
SPIN 3 8 12 7 -3.492 -4.582 -1.346
SPIN 3 8 12 8 5.330 -2.438 0.807
SPIN 3 8 12 9 -5.378 -2.060 -1.355
SPIN 3 8 12 10 5.330 -1.125 -2.307
SPIN 3 8 12 11 1.164 3.105 4.900
SPIN 3 8 12 12 2.027 4.237 3.597
SPIN 3 8 12 13 5.509 -0.123 -2.152
SPIN 3 8 12 14 3.294 -0.949 4.821
SPIN 3 8 12 15 -3.881 4.326 -1.106
SPIN 2 8 12 0 3.660 -2.415 -3.971
SPIN 2 8 12 1 5.459 0.509 -2.222
SPIN 2 8 12 2 3.631 1.248 -4.501
SPIN 2 8 12 3 -1.526 -0.838 5.654
SPIN 2 8 12 4 -2.762 -2.930 -4.334
SPIN 2 8 12 5 5.893 -0.212 0.474
SPIN 2 8 12 6 -5.629 -0.736 1.664
SPIN 2 8 12 7 -0.560 4.085 4.242
SPIN 2 8 12 8 2.493 -5.358 0.289
SPIN 2 8 12 9 -4.259 -3.982 1.002
SPIN 2 8 12 10 1.459 3.996 4.111
SPIN 2 8 12 11 4.203 3.961 -1.282
SPIN 2 8 12 12 -4.543 -3.407 1.660
SPIN 2 8 12 13 5.181 0.574 2.798
SPIN 2 8 12 14 -1.870 -2.103 5.204
SPIN 2 8 12 15 -3.580 -3.318 -3.343
SPIN 3 8 13 0 4.153 -1.619 3.890
SPIN 3 8 13 1 -0.806 -5.847 -0.399
SPIN 3 8 13 2 5.112 2.964 0.282
SPIN 3 8 13 3 4.929 2.596 -1.993
SPIN 3 8 13 4 -4.306 -0.266 4.049
SPIN 3 8 13 5 -1.015 5.073 -2.870
SPIN 3 8 13 6 -4.011 0.926 4.249
SPIN 3 8 13 7 -5.285 2.634 -0.361
SPIN 3 8 13 8 0.576 -5.437 -2.259
SPIN 3 8 13 9 2.308 4.771 -2.628
SPIN 3 8 13 10 -3.299 -0.799 -4.845
SPIN 3 8 13 11 -4.498 1.293 -3.618
SPIN 3 8 13 12 5.299 1.270 -2.304
SPIN 3 8 13 13 -5.523 1.917 0.906
SPIN 3 8 13 14 3.874 4.361 0.988
SPIN 3 8 13 15 -5.157 0.229 -2.889
SPIN 2 8 13 0 1.674 1.279 -5.528
SPIN 2 8 13 1 3.550 4.623 1.012
SPIN 2 8 13 2 -5.671 -1.683 -0.073
SPIN 2 8 13 3 5.152 -2.168 1.938
SPIN 2 8 13 4 -3.829 1.601 4.216
SPIN 2 8 13 5 5.298 -1.168 2.360
SPIN 2 8 13 6 -0.777 -4.381 3.899
SPIN 2 8 13 7 -2.471 -4.071 3.510
SPIN 2 8 13 8 0.015 -5.844 -0.923
SPIN 2 8 13 9 -1.184 5.139 2.680
SPIN 2 8 13 10 2.949 -5.124 -0.225
SPIN 2 8 13 11 -0.629 5.377 2.385
SPIN 2 8 13 12 -4.423 -2.401 -3.111
SPIN 2 8 13 13 0.150 -5.913 0.111
SPIN 2 8 13 14 -1.096 -4.068 -4.153
SPIN 2 8 13 15 3.960 4.391 0.206
SPIN 3 8 14 0 -4.053 3.661 2.275
SPIN 3 8 14 1 -0.686 -2.497 5.319
SPIN 3 8 14 2 2.779 -2.231 4.722
SPIN 3 8 14 3 0.853 -5.819 0.642
SPIN 3 8 14 4 1.658 0.797 -5.623
SPIN 3 8 14 5 3.212 -1.339 -4.784
SPIN 3 8 14 6 -0.990 2.599 -5.222
SPIN 3 8 14 7 -0.156 -5.079 -3.030
SPIN 3 8 14 8 -1.694 1.851 5.358
SPIN 3 8 14 9 3.926 -2.144 -3.872
SPIN 3 8 14 10 -2.751 5.161 -0.896
SPIN 3 8 14 11 -0.427 1.965 5.564
SPIN 3 8 14 12 -0.012 2.559 5.334
SPIN 3 8 14 13 -1.982 -4.894 2.668
SPIN 3 8 14 14 -4.269 2.178 3.468
SPIN 3 8 14 15 3.871 -1.875 -4.062
SPIN 2 8 14 0 4.676 -1.649 -3.228
SPIN 2 8 14 1 -5.045 1.683 -2.592
SPIN 2 8 14 2 5.731 -1.328 -0.625
SPIN 2 8 14 3 3.521 4.754 -0.020
SPIN 2 8 14 4 2.173 4.614 2.998
SPIN 2 8 14 5 0.464 -4.934 3.231
SPIN 2 8 14 6 -1.569 -0.355 5.693
SPIN 2 8 14 7 5.896 -0.450 0.185
SPIN 2 8 14 8 0.213 -0.735 5.866
SPIN 2 8 14 9 1.009 5.718 -1.136
SPIN 2 8 14 10 -4.146 4.124 -0.896
SPIN 2 8 14 11 -4.819 3.290 0.977
SPIN 2 8 14 12 2.645 -4.376 -2.977
SPIN 2 8 14 13 0.867 5.131 -2.815
SPIN 2 8 14 14 4.829 3.047 -1.546
SPIN 2 8 14 15 1.764 -3.711 4.256
SPIN 3 8 15 0 -2.383 -5.028 -2.011
SPIN 3 8 15 1 1.887 4.523 -3.313
SPIN 3 8 15 2 -3.348 2.471 -4.205
SPIN 3 8 15 3 5.023 -2.844 1.297
SPIN 3 8 15 4 -4.887 3.318 0.324
SPIN 3 8 15 5 0.346 -5.545 2.033
SPIN 3 8 15 6 -4.372 -3.974 0.306
SPIN 3 8 15 7 2.532 0.525 -5.321
SPIN 3 8 15 8 4.409 -1.508 -3.645
SPIN 3 8 15 9 -4.122 -0.652 4.193
SPIN 3 8 15 10 4.212 1.138 -3.995
SPIN 3 8 15 11 -0.149 -5.802 -1.145
SPIN 3 8 15 12 -0.289 -5.746 1.379
SPIN 3 8 15 13 3.558 2.005 4.281
SPIN 3 8 15 14 3.016 -4.539 -2.302
SPIN 3 8 15 15 -5.421 2.192 0.896
SPIN 2 8 15 0 -2.140 -2.691 -4.814
SPIN 2 8 15 1 -3.070 -1.379 4.866
SPIN 2 8 15 2 -0.087 -3.297 4.911
SPIN 2 8 15 3 0.867 5.720 -1.235
SPIN 2 8 15 4 -4.489 -0.245 -3.846
SPIN 2 8 15 5 -1.917 0.277 -5.590
SPIN 2 8 15 6 -0.083 5.107 -2.985
SPIN 2 8 15 7 -1.797 1.629 -5.396
SPIN 2 8 15 8 2.671 -5.271 0.279
SPIN 2 8 15 9 4.786 -2.727 -2.159
SPIN 2 8 15 10 -5.879 0.039 0.659
SPIN 2 8 15 11 4.170 -3.251 -2.654
SPIN 2 8 15 12 0.894 4.555 3.667
SPIN 2 8 15 13 -2.325 3.450 -4.206
SPIN 2 8 15 14 -1.546 -3.046 -4.830
SPIN 2 8 15 15 5.297 2.498 -0.839
SPIN 1 9 0 0 3.113 0.717 4.980
SPIN 1 9 0 1 -5.651 1.391 -1.065
SPIN 1 9 0 2 -1.958 5.283 1.803
SPIN 1 9 0 3 -0.799 -5.848 0.407
SPIN 1 9 0 4 2.568 3.208 4.256
SPIN 1 9 0 5 0.757 -3.891 -4.391
SPIN 1 9 0 6 -4.355 0.237 -3.997
SPIN 1 9 0 7 0.034 -5.080 3.031
SPIN 1 9 0 8 2.634 -5.128 1.329
SPIN 1 9 0 9 -5.106 1.374 2.654
SPIN 1 9 0 10 -1.868 -2.567 -4.992
SPIN 1 9 0 11 -0.733 -1.652 5.633
SPIN 1 9 0 12 5.241 2.728 0.300
SPIN 1 9 0 13 -1.469 -3.129 -4.801
SPIN 1 9 0 14 2.873 -2.682 4.422
SPIN 1 9 0 15 -5.139 -1.720 -2.373
SPIN 4 9 0 0 0.076 3.588 4.703
SPIN 4 9 0 1 2.343 -1.465 5.231
SPIN 4 9 0 2 0.466 1.847 -5.601
SPIN 4 9 0 3 4.715 3.158 1.672
SPIN 4 9 0 4 -2.901 -4.251 2.918
SPIN 4 9 0 5 5.197 -2.808 -0.319
SPIN 4 9 0 6 -3.702 4.488 -1.075
SPIN 4 9 0 7 0.348 -5.612 1.841
SPIN 4 9 0 8 4.162 4.162 0.595
SPIN 4 9 0 9 -4.021 3.588 -2.441
SPIN 4 9 0 10 -2.082 -3.183 4.532
SPIN 4 9 0 11 -0.055 5.490 2.204
SPIN 4 9 0 12 1.374 4.956 -2.923
SPIN 4 9 0 13 -1.760 5.610 0.657
SPIN 4 9 0 14 5.115 -1.189 2.724
SPIN 4 9 0 15 5.266 -0.041 -2.696
SPIN 1 9 1 0 -0.287 2.060 -5.538
SPIN 1 9 1 1 -1.986 5.569 0.198
SPIN 1 9 1 2 -5.464 1.300 -1.859
SPIN 1 9 1 3 5.854 -0.445 0.727
SPIN 1 9 1 4 -4.856 -0.535 3.336
SPIN 1 9 1 5 0.444 5.796 1.101
SPIN 1 9 1 6 3.983 1.849 -3.964
SPIN 1 9 1 7 -0.100 -3.590 4.701
SPIN 1 9 1 8 1.619 5.580 1.116
SPIN 1 9 1 9 0.068 -2.860 5.178
SPIN 1 9 1 10 4.685 -3.538 0.730
SPIN 1 9 1 11 -5.824 0.967 0.377
SPIN 1 9 1 12 4.496 1.732 -3.433
SPIN 1 9 1 13 -3.617 -3.984 2.458
SPIN 1 9 1 14 -3.862 -3.650 2.600
SPIN 1 9 1 15 1.642 0.310 -5.675
SPIN 4 9 1 0 2.609 -3.161 -4.266
SPIN 4 9 1 1 -0.097 -1.489 5.725
SPIN 4 9 1 2 -5.775 -0.833 -0.975
SPIN 4 9 1 3 5.814 -0.805 -0.738
SPIN 4 9 1 4 -2.863 -4.457 -2.634
SPIN 4 9 1 5 -2.381 -5.359 0.782
SPIN 4 9 1 6 1.404 3.036 4.880
SPIN 4 9 1 7 1.167 3.143 -4.874
SPIN 4 9 1 8 -0.081 -4.730 3.552
SPIN 4 9 1 9 -2.313 3.607 -4.079
SPIN 4 9 1 10 5.546 0.485 -2.001
SPIN 4 9 1 11 -4.614 -3.000 -2.170
SPIN 4 9 1 12 5.073 -2.981 0.618
SPIN 4 9 1 13 0.292 5.495 -2.171
SPIN 4 9 1 14 -3.895 -1.918 4.019
SPIN 4 9 1 15 -1.447 5.030 2.758
SPIN 1 9 2 0 -5.576 1.940 -0.386
SPIN 1 9 2 1 4.166 -4.139 -0.714
SPIN 1 9 2 2 3.176 3.719 -3.329
SPIN 1 9 2 3 -4.463 -2.333 3.105
SPIN 1 9 2 4 3.396 3.297 -3.550
SPIN 1 9 2 5 3.389 -4.826 -0.474
SPIN 1 9 2 6 -5.538 2.079 0.092
SPIN 1 9 2 7 4.272 -3.633 1.885
SPIN 1 9 2 8 1.947 -4.954 -2.582
SPIN 1 9 2 9 3.973 2.972 3.223
SPIN 1 9 2 10 -2.263 -5.269 -1.455
SPIN 1 9 2 11 -5.553 -0.059 -2.039
SPIN 1 9 2 12 0.062 5.470 2.252
SPIN 1 9 2 13 5.369 -0.401 2.452
SPIN 1 9 2 14 -3.915 -4.290 -1.129
SPIN 1 9 2 15 1.407 5.157 2.534
SPIN 4 9 2 0 0.637 4.577 3.694
SPIN 4 9 2 1 0.620 -5.881 0.172
SPIN 4 9 2 2 5.872 0.179 -0.700
SPIN 4 9 2 3 0.976 1.046 5.741
SPIN 4 9 2 4 2.301 5.335 -1.113
SPIN 4 9 2 5 3.338 -4.140 -2.592
SPIN 4 9 2 6 -0.833 -0.801 -5.802
SPIN 4 9 2 7 -5.256 -2.407 -1.254
SPIN 4 9 2 8 1.823 5.621 -0.289
SPIN 4 9 2 9 -1.214 -3.803 4.366
SPIN 4 9 2 10 5.293 0.444 -2.606
SPIN 4 9 2 11 2.877 4.898 -1.655
SPIN 4 9 2 12 -0.056 -5.295 -2.637
SPIN 4 9 2 13 -5.760 1.324 0.269
SPIN 4 9 2 14 3.916 -0.254 -4.427
SPIN 4 9 2 15 3.412 -3.718 -3.087
SPIN 1 9 3 0 5.503 -1.543 -1.527
SPIN 1 9 3 1 2.629 1.849 -4.967
SPIN 1 9 3 2 2.780 0.467 5.201
SPIN 1 9 3 3 0.864 -2.052 -5.481
SPIN 1 9 3 4 -0.264 -4.515 3.814
SPIN 1 9 3 5 0.469 5.211 2.762
SPIN 1 9 3 6 2.692 -3.474 -3.960
SPIN 1 9 3 7 1.123 5.746 0.847
SPIN 1 9 3 8 2.583 2.357 -4.772
SPIN 1 9 3 9 5.803 -1.108 0.303
SPIN 1 9 3 10 5.469 2.030 -0.984
SPIN 1 9 3 11 -2.709 4.686 2.388
SPIN 1 9 3 12 2.535 0.950 5.260
SPIN 1 9 3 13 -4.268 3.588 -1.979
SPIN 1 9 3 14 0.798 -2.492 5.306
SPIN 1 9 3 15 -2.387 -5.117 -1.766
SPIN 4 9 3 0 2.118 -3.634 4.160
SPIN 4 9 3 1 -0.975 5.793 0.702
SPIN 4 9 3 2 -1.657 -5.671 -0.304
SPIN 4 9 3 3 -4.888 -0.580 -3.281
SPIN 4 9 3 4 -2.227 3.509 -4.210
SPIN 4 9 3 5 -5.548 -0.862 1.866
SPIN 4 9 3 6 -4.927 0.462 3.242
SPIN 4 9 3 7 -4.149 -0.336 4.204
SPIN 4 9 3 8 -3.655 -0.295 4.642
SPIN 4 9 3 9 5.185 -0.902 -2.701
SPIN 4 9 3 10 -1.490 -0.686 5.684
SPIN 4 9 3 11 -0.280 1.609 -5.686
SPIN 4 9 3 12 -2.656 -2.169 -4.821
SPIN 4 9 3 13 3.452 -3.924 2.773
SPIN 4 9 3 14 -2.397 5.088 1.835
SPIN 4 9 3 15 -2.740 4.934 -1.774
SPIN 1 9 4 0 5.165 -2.420 -1.572
SPIN 1 9 4 1 2.921 -4.628 2.246
SPIN 1 9 4 2 -2.498 0.709 -5.316
SPIN 1 9 4 3 2.848 5.165 -0.462
SPIN 1 9 4 4 -1.661 -3.758 -4.256
SPIN 1 9 4 5 3.098 -3.653 3.472
SPIN 1 9 4 6 3.084 -1.733 4.742
SPIN 1 9 4 7 -2.963 -5.118 -0.153
SPIN 1 9 4 8 0.046 0.877 5.851
SPIN 1 9 4 9 -5.801 1.150 -0.160
SPIN 1 9 4 10 2.131 -5.404 1.120
SPIN 1 9 4 11 3.315 4.191 2.538
SPIN 1 9 4 12 -1.425 0.715 -5.697
SPIN 1 9 4 13 4.278 0.893 3.987
SPIN 1 9 4 14 0.994 4.629 -3.548
SPIN 1 9 4 15 -3.514 -4.363 1.900
SPIN 4 9 4 0 -5.845 -0.116 -0.906
SPIN 4 9 4 1 4.107 -2.644 3.338
SPIN 4 9 4 2 2.170 2.015 5.122
SPIN 4 9 4 3 4.033 4.299 0.503
SPIN 4 9 4 4 1.990 5.551 -0.479
SPIN 4 9 4 5 5.218 0.611 -2.720
SPIN 4 9 4 6 -1.392 -5.619 1.220
SPIN 4 9 4 7 -1.211 -5.520 1.750
SPIN 4 9 4 8 2.659 -4.770 -2.275
SPIN 4 9 4 9 0.958 -4.223 4.030
SPIN 4 9 4 10 5.331 -0.841 -2.424
SPIN 4 9 4 11 4.297 -3.479 2.106
SPIN 4 9 4 12 -3.637 3.660 -2.895
SPIN 4 9 4 13 0.387 -3.823 4.498
SPIN 4 9 4 14 -2.809 -4.266 -2.984
SPIN 4 9 4 15 2.414 -4.807 -2.464
SPIN 1 9 5 0 -0.404 -5.155 2.874
SPIN 1 9 5 1 2.042 -0.372 -5.540
SPIN 1 9 5 2 -3.853 2.500 3.729
SPIN 1 9 5 3 -2.341 -5.370 0.828
SPIN 1 9 5 4 4.226 -0.204 -4.135
SPIN 1 9 5 5 -4.310 -3.823 -1.346
SPIN 1 9 5 6 -4.765 -2.863 2.026
SPIN 1 9 5 7 4.969 -1.766 -2.681
SPIN 1 9 5 8 2.223 0.178 5.480
SPIN 1 9 5 9 2.116 -0.646 -5.487
SPIN 1 9 5 10 1.088 -5.759 0.805
SPIN 1 9 5 11 -2.940 -2.341 -4.569
SPIN 1 9 5 12 1.540 -5.187 2.393
SPIN 1 9 5 13 -0.776 1.623 -5.636
SPIN 1 9 5 14 1.489 4.997 -2.795
SPIN 1 9 5 15 -1.740 3.412 4.509
SPIN 4 9 5 0 4.306 3.199 2.495
SPIN 4 9 5 1 -2.720 -1.977 -4.867
SPIN 4 9 5 2 3.520 1.009 -4.647
SPIN 4 9 5 3 -3.964 3.438 2.733
SPIN 4 9 5 4 -1.516 -4.801 3.107
SPIN 4 9 5 5 5.024 2.809 -1.366
SPIN 4 9 5 6 4.585 0.176 -3.735
SPIN 4 9 5 7 -2.522 -3.424 -4.113
SPIN 4 9 5 8 -4.064 -3.803 2.004
SPIN 4 9 5 9 -0.947 -1.589 5.620
SPIN 4 9 5 10 2.662 5.088 1.422
SPIN 4 9 5 11 0.909 -4.617 3.586
SPIN 4 9 5 12 0.460 3.672 4.616
SPIN 4 9 5 13 -0.297 5.670 1.663
SPIN 4 9 5 14 0.111 -5.609 1.879
SPIN 4 9 5 15 -0.878 1.876 5.542
SPIN 1 9 6 0 -5.907 0.095 0.311
SPIN 1 9 6 1 4.729 3.466 -0.790
SPIN 1 9 6 2 -0.489 -5.379 2.415
SPIN 1 9 6 3 -1.223 -5.111 -2.717
SPIN 1 9 6 4 -4.393 -3.063 2.515
SPIN 1 9 6 5 4.824 3.395 -0.453
SPIN 1 9 6 6 -3.941 1.677 4.081
SPIN 1 9 6 7 -4.183 -0.301 4.173
SPIN 1 9 6 8 5.510 1.396 -1.642
SPIN 1 9 6 9 -5.083 2.723 1.322
SPIN 1 9 6 10 0.764 5.427 2.227
SPIN 1 9 6 11 -1.556 -0.749 5.659
SPIN 1 9 6 12 -0.180 3.168 4.993
SPIN 1 9 6 13 -4.652 -3.291 -1.592
SPIN 1 9 6 14 1.310 -5.102 -2.693
SPIN 1 9 6 15 -0.378 5.871 0.620
SPIN 4 9 6 0 -5.851 0.481 -0.729
SPIN 4 9 6 1 2.143 -3.253 4.453
SPIN 4 9 6 2 2.901 5.144 -0.347
SPIN 4 9 6 3 2.220 -0.212 5.480
SPIN 4 9 6 4 4.744 0.133 3.532
SPIN 4 9 6 5 -0.124 -0.453 -5.897
SPIN 4 9 6 6 -1.186 -3.007 4.955
SPIN 4 9 6 7 4.181 4.169 -0.377
SPIN 4 9 6 8 -3.525 4.097 -2.405
SPIN 4 9 6 9 -2.989 -3.301 -3.895
SPIN 4 9 6 10 -5.057 -2.992 -0.692
SPIN 4 9 6 11 5.314 -2.140 -1.478
SPIN 4 9 6 12 -0.912 -1.859 5.542
SPIN 4 9 6 13 -3.561 1.925 -4.314
SPIN 4 9 6 14 0.659 5.394 -2.339
SPIN 4 9 6 15 0.197 -5.512 -2.141
SPIN 1 9 7 0 -5.333 -2.553 0.200
SPIN 1 9 7 1 -5.315 -2.521 0.630
SPIN 1 9 7 2 2.844 5.155 0.578
SPIN 1 9 7 3 -4.766 -2.253 2.685
SPIN 1 9 7 4 -4.291 3.154 -2.577
SPIN 1 9 7 5 1.450 4.961 -2.878
SPIN 1 9 7 6 1.225 5.239 2.461
SPIN 1 9 7 7 -1.614 -5.585 -1.094
SPIN 1 9 7 8 -0.201 2.715 5.253
SPIN 1 9 7 9 4.743 -0.510 -3.499
SPIN 1 9 7 10 -1.102 -3.912 4.299
SPIN 1 9 7 11 -4.304 0.056 -4.059
SPIN 1 9 7 12 0.908 0.311 5.838
SPIN 1 9 7 13 5.579 1.905 0.498
SPIN 1 9 7 14 0.047 -2.184 5.498
SPIN 1 9 7 15 1.989 -0.793 -5.515
SPIN 4 9 7 0 -0.475 -4.599 -3.690
SPIN 4 9 7 1 4.602 1.629 -3.343
SPIN 4 9 7 2 1.591 3.893 -4.161
SPIN 4 9 7 3 -3.212 -4.875 -0.961
SPIN 4 9 7 4 -5.004 -0.562 3.105
SPIN 4 9 7 5 3.785 -4.514 0.546
SPIN 4 9 7 6 1.702 0.902 -5.594
SPIN 4 9 7 7 -1.553 -4.472 3.548
SPIN 4 9 7 8 -2.909 1.330 -4.977
SPIN 4 9 7 9 2.069 3.712 -4.116
SPIN 4 9 7 10 -2.841 -5.007 1.365
SPIN 4 9 7 11 5.461 1.882 1.277
SPIN 4 9 7 12 -2.092 -1.234 5.394
SPIN 4 9 7 13 5.021 -2.700 1.581
SPIN 4 9 7 14 3.630 -1.407 4.455
SPIN 4 9 7 15 -3.201 3.972 -2.996
SPIN 1 9 8 0 -1.695 -3.213 4.669
SPIN 1 9 8 1 5.372 0.285 -2.461
SPIN 1 9 8 2 -3.035 -3.335 3.830
SPIN 1 9 8 3 4.180 -1.310 -3.976
SPIN 1 9 8 4 4.467 -1.074 3.727
SPIN 1 9 8 5 0.498 -5.815 0.966
SPIN 1 9 8 6 -3.054 4.128 -2.938
SPIN 1 9 8 7 4.032 -1.158 4.172
SPIN 1 9 8 8 1.132 5.514 1.821
SPIN 1 9 8 9 -5.379 -2.014 -1.416
SPIN 1 9 8 10 4.940 1.768 2.734
SPIN 1 9 8 11 -0.418 2.240 5.460
SPIN 1 9 8 12 2.779 -2.547 -4.559
SPIN 1 9 8 13 1.878 5.389 -1.560
SPIN 1 9 8 14 4.526 2.042 -3.216
SPIN 1 9 8 15 -3.458 3.504 -3.281
SPIN 4 9 8 0 -1.268 5.023 2.856
SPIN 4 9 8 1 -2.092 4.432 -3.314
SPIN 4 9 8 2 4.595 3.446 1.417
SPIN 4 9 8 3 -2.609 5.090 1.512
SPIN 4 9 8 4 5.825 0.100 -1.028
SPIN 4 9 8 5 2.471 2.834 4.567
SPIN 4 9 8 6 0.262 2.204 -5.484
SPIN 4 9 8 7 -2.457 -2.823 -4.582
SPIN 4 9 8 8 2.221 -3.057 4.552
SPIN 4 9 8 9 -5.044 1.154 -2.868
SPIN 4 9 8 10 1.839 -5.490 -1.216
SPIN 4 9 8 11 -5.011 1.391 -2.821
SPIN 4 9 8 12 5.869 -0.747 0.038
SPIN 4 9 8 13 -3.383 -4.548 1.694
SPIN 4 9 8 14 4.779 -1.501 3.148
SPIN 4 9 8 15 4.613 -3.622 -0.777
SPIN 1 9 9 0 -2.713 5.132 1.142
SPIN 1 9 9 1 -0.699 5.651 1.605
SPIN 1 9 9 2 -5.501 -0.080 -2.175
SPIN 1 9 9 3 -2.827 0.957 5.108
SPIN 1 9 9 4 -2.527 -0.898 -5.273
SPIN 1 9 9 5 -3.130 0.930 -4.934
SPIN 1 9 9 6 3.030 -4.065 3.048
SPIN 1 9 9 7 -5.432 0.963 2.137
SPIN 1 9 9 8 1.297 0.362 -5.761
SPIN 1 9 9 9 -1.075 4.144 -4.083
SPIN 1 9 9 10 -3.864 2.816 -3.484
SPIN 1 9 9 11 5.495 0.125 -2.188
SPIN 1 9 9 12 -5.620 0.100 1.845
SPIN 1 9 9 13 -1.981 1.637 5.329
SPIN 1 9 9 14 3.192 4.806 1.311
SPIN 1 9 9 15 5.112 2.759 -1.120
SPIN 4 9 9 0 -3.552 -3.682 -2.971
SPIN 4 9 9 1 -2.983 -5.097 -0.349
SPIN 4 9 9 2 -4.945 3.216 0.448
SPIN 4 9 9 3 -4.587 -0.689 3.673
SPIN 4 9 9 4 1.715 4.017 -3.991
SPIN 4 9 9 5 4.115 -1.162 -4.088
SPIN 4 9 9 6 -5.081 -2.975 -0.578
SPIN 4 9 9 7 2.372 4.794 2.527
SPIN 4 9 9 8 -5.810 -0.478 1.008
SPIN 4 9 9 9 5.638 -1.747 0.406
SPIN 4 9 9 10 -3.817 3.883 -2.313
SPIN 4 9 9 11 5.366 -1.887 1.625
SPIN 4 9 9 12 -3.339 -2.146 -4.387
SPIN 4 9 9 13 3.688 3.013 -3.510
SPIN 4 9 9 14 -4.465 -1.396 3.622
SPIN 4 9 9 15 2.469 -1.440 5.180
SPIN 1 9 10 0 -4.455 3.332 -2.014
SPIN 1 9 10 1 3.909 4.041 -1.842
SPIN 1 9 10 2 4.896 -1.827 2.773
SPIN 1 9 10 3 4.870 0.993 -3.209
SPIN 1 9 10 4 -5.330 -2.567 0.023
SPIN 1 9 10 5 0.077 -5.687 1.628
SPIN 1 9 10 6 4.089 2.687 -3.325
SPIN 1 9 10 7 -0.127 5.865 0.769
SPIN 1 9 10 8 4.297 -3.750 1.574
SPIN 1 9 10 9 5.265 -1.138 2.447
SPIN 1 9 10 10 3.230 4.817 1.170
SPIN 1 9 10 11 -0.284 -5.335 2.542
SPIN 1 9 10 12 -5.608 1.678 0.855
SPIN 1 9 10 13 0.886 -3.422 -4.744
SPIN 1 9 10 14 -4.773 2.529 -2.413
SPIN 1 9 10 15 1.123 -5.789 0.473
SPIN 4 9 10 0 -2.243 -5.423 0.744
SPIN 4 9 10 1 4.880 -0.012 3.345
SPIN 4 9 10 2 -3.677 -4.634 0.076
SPIN 4 9 10 3 1.334 1.768 -5.486
SPIN 4 9 10 4 -5.368 2.256 1.047
SPIN 4 9 10 5 1.290 -4.499 -3.618
SPIN 4 9 10 6 -2.635 -2.634 -4.595
SPIN 4 9 10 7 -2.465 0.225 -5.373
SPIN 4 9 10 8 4.140 0.830 4.144
SPIN 4 9 10 9 1.442 -0.683 -5.697
SPIN 4 9 10 10 5.281 2.499 0.930
SPIN 4 9 10 11 -4.507 -3.752 -0.778
SPIN 4 9 10 12 -0.439 0.406 5.886
SPIN 4 9 10 13 5.626 0.810 1.641
SPIN 4 9 10 14 -0.261 1.207 -5.786
SPIN 4 9 10 15 -4.341 3.760 -1.419
SPIN 1 9 11 0 1.596 -4.918 2.875
SPIN 1 9 11 1 3.872 1.677 -4.147
SPIN 1 9 11 2 -2.702 2.472 -4.646
SPIN 1 9 11 3 -4.105 -2.352 3.552
SPIN 1 9 11 4 2.583 -5.224 -1.019
SPIN 1 9 11 5 0.099 4.355 -4.003
SPIN 1 9 11 6 -1.485 1.126 5.615
SPIN 1 9 11 7 -4.998 -2.359 2.110
SPIN 1 9 11 8 0.929 -4.799 -3.333
SPIN 1 9 11 9 -5.276 2.674 0.136
SPIN 1 9 11 10 -2.313 -5.442 -0.170
SPIN 1 9 11 11 -1.230 5.549 -1.643
SPIN 1 9 11 12 0.784 -5.676 1.472
SPIN 1 9 11 13 -4.447 -2.673 2.842
SPIN 1 9 11 14 2.306 -1.067 5.343
SPIN 1 9 11 15 0.648 -4.709 -3.522
SPIN 4 9 11 0 -2.778 -5.046 -1.351
SPIN 4 9 11 1 -5.324 -1.651 1.982
SPIN 4 9 11 2 0.029 3.132 5.019
SPIN 4 9 11 3 0.862 5.851 0.147
SPIN 4 9 11 4 5.557 0.584 1.945
SPIN 4 9 11 5 -3.089 4.502 2.277
SPIN 4 9 11 6 5.491 2.146 0.492
SPIN 4 9 11 7 0.859 -0.992 -5.769
SPIN 4 9 11 8 1.103 5.191 -2.615
SPIN 4 9 11 9 -3.315 4.857 0.643
SPIN 4 9 11 10 -3.624 4.563 1.022
SPIN 4 9 11 11 5.352 1.782 -1.785
SPIN 4 9 11 12 -4.718 3.328 -1.288
SPIN 4 9 11 13 2.523 5.122 -1.548
SPIN 4 9 11 14 -0.652 -2.041 -5.514
SPIN 4 9 11 15 3.439 2.730 -3.964
SPIN 1 9 12 0 3.445 -0.928 4.719
SPIN 1 9 12 1 -2.704 4.460 -2.792
SPIN 1 9 12 2 1.431 1.462 5.551
SPIN 1 9 12 3 2.232 -0.107 -5.478
SPIN 1 9 12 4 -0.339 4.542 3.775
SPIN 1 9 12 5 -4.432 -3.354 -2.025
SPIN 1 9 12 6 3.483 -1.821 -4.422
SPIN 1 9 12 7 2.068 3.355 4.412
SPIN 1 9 12 8 -0.090 5.790 1.212
SPIN 1 9 12 9 5.374 1.259 2.130
SPIN 1 9 12 10 5.908 -0.005 0.311
SPIN 1 9 12 11 -2.292 -5.427 0.547
SPIN 1 9 12 12 -1.096 -4.895 -3.136
SPIN 1 9 12 13 -0.664 -5.824 -0.802
SPIN 1 9 12 14 3.955 -3.008 -3.211
SPIN 1 9 12 15 -3.745 4.350 1.432
SPIN 4 9 12 0 -2.226 2.542 4.856
SPIN 4 9 12 1 -0.861 -5.846 0.283
SPIN 4 9 12 2 -0.932 -2.680 5.191
SPIN 4 9 12 3 3.245 -4.933 -0.374
SPIN 4 9 12 4 1.263 5.643 -1.249
SPIN 4 9 12 5 1.666 -1.869 5.360
SPIN 4 9 12 6 5.293 2.239 -1.403
SPIN 4 9 12 7 5.829 0.951 -0.350
SPIN 4 9 12 8 5.738 -1.005 1.032
SPIN 4 9 12 9 -3.506 4.664 0.976
SPIN 4 9 12 10 -0.674 -5.334 -2.468
SPIN 4 9 12 11 2.149 0.794 5.454
SPIN 4 9 12 12 3.976 2.215 -3.780
SPIN 4 9 12 13 -5.555 -1.620 1.234
SPIN 4 9 12 14 1.928 -0.150 5.591
SPIN 4 9 12 15 -0.225 -3.465 4.790
SPIN 1 9 13 0 3.157 -4.941 0.786
SPIN 1 9 13 1 5.269 2.664 0.373
SPIN 1 9 13 2 2.834 -0.436 5.175
SPIN 1 9 13 3 1.834 4.480 -3.400
SPIN 1 9 13 4 -4.159 0.906 4.109
SPIN 1 9 13 5 2.062 -2.357 -5.019
SPIN 1 9 13 6 -5.876 0.459 0.508
SPIN 1 9 13 7 -3.769 -0.327 4.548
SPIN 1 9 13 8 -4.723 3.254 1.452
SPIN 1 9 13 9 0.517 -4.162 -4.173
SPIN 1 9 13 10 -0.466 -3.140 4.993
SPIN 1 9 13 11 5.639 1.491 -0.987
SPIN 1 9 13 12 -5.635 1.763 0.371
SPIN 1 9 13 13 -2.487 -0.988 -5.276
SPIN 1 9 13 14 -3.046 5.031 0.638
SPIN 1 9 13 15 4.148 -3.994 -1.357
SPIN 4 9 13 0 -3.074 -4.900 -1.242
SPIN 4 9 13 1 5.356 2.134 -1.326
SPIN 4 9 13 2 -0.748 -1.459 -5.684
SPIN 4 9 13 3 -3.529 4.659 -0.917
SPIN 4 9 13 4 -0.361 4.742 -3.518
SPIN 4 9 13 5 -2.281 -5.397 0.815
SPIN 4 9 13 6 3.681 2.739 -3.735
SPIN 4 9 13 7 -2.384 -4.733 -2.631
SPIN 4 9 13 8 1.280 5.518 -1.707
SPIN 4 9 13 9 -2.790 4.797 2.051
SPIN 4 9 13 10 -1.422 -4.621 3.410
SPIN 4 9 13 11 0.154 1.732 -5.655
SPIN 4 9 13 12 0.405 -1.572 5.689
SPIN 4 9 13 13 4.989 1.290 -2.906
SPIN 4 9 13 14 4.178 -3.975 -1.320
SPIN 4 9 13 15 -0.662 3.701 -4.567
SPIN 1 9 14 0 -0.995 4.841 3.252
SPIN 1 9 14 1 -1.378 -0.952 -5.674
SPIN 1 9 14 2 1.494 -5.306 2.149
SPIN 1 9 14 3 4.628 -1.269 -3.460
SPIN 1 9 14 4 0.174 -5.142 -2.921
SPIN 1 9 14 5 -2.995 -4.201 2.895
SPIN 1 9 14 6 4.087 4.100 -1.220
SPIN 1 9 14 7 3.193 -4.760 -1.464
SPIN 1 9 14 8 5.599 0.864 -1.704
SPIN 1 9 14 9 0.004 0.855 5.854
SPIN 1 9 14 10 -5.525 -1.905 0.921
SPIN 1 9 14 11 1.441 5.051 -2.723
SPIN 1 9 14 12 1.686 5.596 0.919
SPIN 1 9 14 13 -1.356 -0.222 -5.754
SPIN 1 9 14 14 3.754 0.970 -4.468
SPIN 1 9 14 15 1.247 -2.589 5.171
SPIN 4 9 14 0 -3.251 0.226 -4.937
SPIN 4 9 14 1 -2.546 5.306 -0.604
SPIN 4 9 14 2 -2.800 1.371 -5.028
SPIN 4 9 14 3 -4.393 3.943 -0.399
SPIN 4 9 14 4 3.234 -4.940 0.372
SPIN 4 9 14 5 -2.010 3.497 -4.328
SPIN 4 9 14 6 -1.573 3.050 4.819
SPIN 4 9 14 7 1.794 4.671 -3.156
SPIN 4 9 14 8 -2.184 -5.162 1.893
SPIN 4 9 14 9 3.568 2.558 -3.966
SPIN 4 9 14 10 2.705 -3.047 4.289
SPIN 4 9 14 11 0.244 -4.974 3.193
SPIN 4 9 14 12 -1.220 -4.694 -3.387
SPIN 4 9 14 13 -3.540 1.448 4.513
SPIN 4 9 14 14 -5.037 2.954 -0.947
SPIN 4 9 14 15 0.448 3.498 -4.750
SPIN 1 9 15 0 -2.980 2.641 -4.375
SPIN 1 9 15 1 4.115 1.595 -3.940
SPIN 1 9 15 2 -1.073 5.038 2.910
SPIN 1 9 15 3 1.768 5.380 1.711
SPIN 1 9 15 4 -5.815 -0.860 0.666
SPIN 1 9 15 5 4.772 3.485 -0.286
SPIN 1 9 15 6 -5.168 1.183 2.625
SPIN 1 9 15 7 -5.158 0.589 2.837
SPIN 1 9 15 8 3.665 -0.169 -4.641
SPIN 1 9 15 9 2.613 -5.234 -0.878
SPIN 1 9 15 10 5.734 -1.385 -0.452
SPIN 1 9 15 11 1.048 -0.686 -5.782
SPIN 1 9 15 12 1.091 4.359 3.848
SPIN 1 9 15 13 2.342 -4.439 3.132
SPIN 1 9 15 14 -0.998 5.702 1.221
SPIN 1 9 15 15 2.471 -5.211 1.319
SPIN 4 9 15 0 1.353 -4.605 3.458
SPIN 4 9 15 1 -0.248 -2.687 5.265
SPIN 4 9 15 2 5.773 -0.483 1.199
SPIN 4 9 15 3 4.133 -4.209 0.451
SPIN 4 9 15 4 2.540 2.632 4.650
SPIN 4 9 15 5 -1.197 1.619 5.563
SPIN 4 9 15 6 4.122 -2.815 -3.177
SPIN 4 9 15 7 -5.341 -0.666 2.456
SPIN 4 9 15 8 -5.712 -0.539 1.441
SPIN 4 9 15 9 -0.559 -4.825 3.378
SPIN 4 9 15 10 -1.373 5.168 -2.531
SPIN 4 9 15 11 -5.694 1.590 -0.225
SPIN 4 9 15 12 3.210 2.704 4.169
SPIN 4 9 15 13 -1.241 -5.660 -1.193
SPIN 4 9 15 14 0.784 4.538 3.714
SPIN 4 9 15 15 -3.373 4.103 2.606
SPIN 3 9 0 0 3.658 -1.430 4.424
SPIN 3 9 0 1 2.248 0.727 -5.424
SPIN 3 9 0 2 -1.602 5.618 0.933
SPIN 3 9 0 3 -5.414 1.032 2.150
SPIN 3 9 0 4 -1.520 5.192 -2.395
SPIN 3 9 0 5 -1.616 -3.098 -4.774
SPIN 3 9 0 6 5.474 1.964 1.084
SPIN 3 9 0 7 -3.038 4.534 -2.284
SPIN 3 9 0 8 3.657 -4.170 2.060
SPIN 3 9 0 9 -5.113 2.463 -1.670
SPIN 3 9 0 10 5.559 -1.628 -1.204
SPIN 3 9 0 11 -4.944 -1.812 2.696
SPIN 3 9 0 12 -2.941 -5.132 -0.140
SPIN 3 9 0 13 1.060 -3.309 4.789
SPIN 3 9 0 14 3.580 4.256 2.018
SPIN 3 9 0 15 -1.733 2.268 -5.182
SPIN 2 9 0 0 1.580 4.044 -4.019
SPIN 2 9 0 1 -4.245 -4.099 0.422
SPIN 2 9 0 2 2.176 2.006 5.123
SPIN 2 9 0 3 5.878 -0.587 -0.315
SPIN 2 9 0 4 1.529 -3.211 -4.728
SPIN 2 9 0 5 0.785 0.664 -5.826
SPIN 2 9 0 6 3.763 -1.506 4.309
SPIN 2 9 0 7 -3.513 4.760 0.025
SPIN 2 9 0 8 -1.960 2.242 5.112
SPIN 2 9 0 9 3.332 -0.343 4.876
SPIN 2 9 0 10 0.093 4.165 -4.201
SPIN 2 9 0 11 5.251 -0.704 2.633
SPIN 2 9 0 12 -5.669 -1.542 -0.699
SPIN 2 9 0 13 1.468 -1.821 5.434
SPIN 2 9 0 14 1.992 -0.512 -5.547
SPIN 2 9 0 15 0.541 2.655 5.259
SPIN 3 9 1 0 -3.528 -1.707 -4.432
SPIN 3 9 1 1 2.283 2.486 -4.859
SPIN 3 9 1 2 -2.866 -3.691 3.628
SPIN 3 9 1 3 -4.805 3.023 -1.664
SPIN 3 9 1 4 2.619 -5.211 -0.993
SPIN 3 9 1 5 -0.537 4.683 3.575
SPIN 3 9 1 6 3.775 3.908 2.341
SPIN 3 9 1 7 1.110 -2.937 5.014
SPIN 3 9 1 8 -2.724 -1.797 -4.935
SPIN 3 9 1 9 3.081 -4.853 -1.396
SPIN 3 9 1 10 -5.486 -2.199 -0.251
SPIN 3 9 1 11 2.363 5.419 -0.212
SPIN 3 9 1 12 -5.405 2.385 -0.323
SPIN 3 9 1 13 -3.899 4.417 -0.537
SPIN 3 9 1 14 5.891 0.480 -0.264
SPIN 3 9 1 15 -4.720 2.144 2.850
SPIN 2 9 1 0 1.110 -3.978 4.236
SPIN 2 9 1 1 3.859 -4.005 -2.016
SPIN 2 9 1 2 3.379 -2.261 -4.298
SPIN 2 9 1 3 4.328 1.476 -3.753
SPIN 2 9 1 4 1.900 -2.268 5.123
SPIN 2 9 1 5 -1.634 -5.054 -2.605
SPIN 2 9 1 6 2.152 2.744 4.779
SPIN 2 9 1 7 0.295 3.868 -4.467
SPIN 2 9 1 8 0.924 1.571 -5.628
SPIN 2 9 1 9 -4.552 3.756 -0.410
SPIN 2 9 1 10 -3.567 -2.984 -3.656
SPIN 2 9 1 11 -1.990 2.128 -5.149
SPIN 2 9 1 12 2.424 -3.886 3.745
SPIN 2 9 1 13 -4.849 -0.687 3.319
SPIN 2 9 1 14 2.078 -4.375 -3.397
SPIN 2 9 1 15 5.705 1.561 -0.125
SPIN 3 9 2 0 -3.973 -3.187 -3.010
SPIN 3 9 2 1 -5.221 1.923 2.011
SPIN 3 9 2 2 3.135 2.798 4.164
SPIN 3 9 2 3 -0.999 -2.996 -5.002
SPIN 3 9 2 4 4.431 -3.603 1.546
SPIN 3 9 2 5 -4.244 3.777 1.652
SPIN 3 9 2 6 -2.626 -4.913 -1.991
SPIN 3 9 2 7 2.727 -0.542 5.222
SPIN 3 9 2 8 2.229 -4.292 3.408
SPIN 3 9 2 9 -2.072 1.970 -5.179
SPIN 3 9 2 10 -2.695 0.266 5.260
SPIN 3 9 2 11 -3.187 -4.533 2.073
SPIN 3 9 2 12 1.252 5.656 1.200
SPIN 3 9 2 13 -3.787 2.450 3.828
SPIN 3 9 2 14 0.166 5.220 2.780
SPIN 3 9 2 15 -1.726 -5.626 0.610
SPIN 2 9 2 0 0.348 3.120 -5.014
SPIN 2 9 2 1 0.264 5.910 0.037
SPIN 2 9 2 2 -2.852 2.210 4.688
SPIN 2 9 2 3 -4.076 1.836 -3.876
SPIN 2 9 2 4 -5.594 1.422 -1.300
SPIN 2 9 2 5 0.566 -2.352 -5.399
SPIN 2 9 2 6 -0.431 -3.513 4.741
SPIN 2 9 2 7 2.558 1.866 4.998
SPIN 2 9 2 8 -3.041 3.645 3.531
SPIN 2 9 2 9 5.224 -2.238 1.643
SPIN 2 9 2 10 -4.999 2.894 1.280
SPIN 2 9 2 11 0.899 -3.935 4.326
SPIN 2 9 2 12 4.383 -3.924 -0.626
SPIN 2 9 2 13 -3.338 2.926 3.911
SPIN 2 9 2 14 -4.543 -3.575 -1.256
SPIN 2 9 2 15 1.028 -5.824 0.163
SPIN 3 9 3 0 4.357 3.824 1.181
SPIN 3 9 3 1 -3.614 2.499 3.961
SPIN 3 9 3 2 4.526 -1.764 3.378
SPIN 3 9 3 3 2.261 5.391 -0.908
SPIN 3 9 3 4 -0.889 3.650 4.570
SPIN 3 9 3 5 -4.695 -1.599 -3.225
SPIN 3 9 3 6 5.793 1.176 -0.227
SPIN 3 9 3 7 5.716 -1.325 -0.755
SPIN 3 9 3 8 -3.385 4.846 0.240
SPIN 3 9 3 9 2.419 -4.259 -3.318
SPIN 3 9 3 10 3.793 0.197 -4.536
SPIN 3 9 3 11 5.678 -0.286 -1.637
SPIN 3 9 3 12 -1.010 -1.139 5.717
SPIN 3 9 3 13 3.492 -1.128 -4.640
SPIN 3 9 3 14 0.803 1.138 5.750
SPIN 3 9 3 15 -1.318 0.656 -5.730
SPIN 2 9 3 0 -0.845 -1.009 5.768
SPIN 2 9 3 1 4.974 -3.198 0.167
SPIN 2 9 3 2 -4.635 -1.672 3.274
SPIN 2 9 3 3 2.501 -4.319 3.176
SPIN 2 9 3 4 4.834 3.400 0.270
SPIN 2 9 3 5 0.517 -4.938 -3.216
SPIN 2 9 3 6 -2.259 4.347 3.316
SPIN 2 9 3 7 -3.582 0.092 4.707
SPIN 2 9 3 8 -3.156 0.491 -4.980
SPIN 2 9 3 9 4.304 -0.355 -4.044
SPIN 2 9 3 10 -5.411 -1.766 1.612
SPIN 2 9 3 11 -0.971 4.530 -3.679
SPIN 2 9 3 12 0.004 -2.821 -5.200
SPIN 2 9 3 13 1.192 3.045 4.930
SPIN 2 9 3 14 2.875 2.618 -4.459
SPIN 2 9 3 15 0.471 1.779 5.623
SPIN 3 9 4 0 -2.696 0.247 -5.260
SPIN 3 9 4 1 -4.119 1.291 -4.046
SPIN 3 9 4 2 3.484 -4.752 0.527
SPIN 3 9 4 3 -3.614 -4.220 2.031
SPIN 3 9 4 4 -2.582 2.562 4.666
SPIN 3 9 4 5 5.074 1.079 -2.845
SPIN 3 9 4 6 -0.750 -4.488 -3.780
SPIN 3 9 4 7 4.223 1.036 4.012
SPIN 3 9 4 8 2.691 -0.209 5.265
SPIN 3 9 4 9 -3.801 4.527 -0.240
SPIN 3 9 4 10 -5.693 -1.573 0.335
SPIN 3 9 4 11 5.258 -0.450 2.675
SPIN 3 9 4 12 -5.752 1.381 -0.107
SPIN 3 9 4 13 -5.272 -1.708 2.071
SPIN 3 9 4 14 2.370 -3.111 -4.439
SPIN 3 9 4 15 -1.016 -0.654 5.791
SPIN 2 9 4 0 4.989 1.945 -2.516
SPIN 2 9 4 1 -2.194 5.443 0.751
SPIN 2 9 4 2 2.520 4.871 -2.220
SPIN 2 9 4 3 0.690 2.160 5.464
SPIN 2 9 4 4 -2.180 -3.193 -4.478
SPIN 2 9 4 5 2.072 4.995 -2.398
SPIN 2 9 4 6 -4.584 -2.179 -3.039
SPIN 2 9 4 7 1.930 3.155 -4.617
SPIN 2 9 4 8 -3.754 4.189 1.833
SPIN 2 9 4 9 2.676 4.613 2.562
SPIN 2 9 4 10 -1.296 4.130 -4.033
SPIN 2 9 4 11 -1.812 -3.128 -4.683
SPIN 2 9 4 12 -4.009 -2.028 3.849
SPIN 2 9 4 13 -2.267 4.153 -3.552
SPIN 2 9 4 14 5.136 -1.843 -2.287
SPIN 2 9 4 15 -5.069 -2.814 -1.175
SPIN 3 9 5 0 -0.101 -2.756 5.234
SPIN 3 9 5 1 3.376 4.808 0.694
SPIN 3 9 5 2 -2.276 3.734 -3.985
SPIN 3 9 5 3 2.284 -4.982 -2.229
SPIN 3 9 5 4 5.349 -1.803 1.772
SPIN 3 9 5 5 -1.446 2.927 -4.934
SPIN 3 9 5 6 -0.267 -4.143 4.215
SPIN 3 9 5 7 -1.750 3.610 4.348
SPIN 3 9 5 8 4.461 -0.140 -3.883
SPIN 3 9 5 9 -4.873 -3.311 -0.542
SPIN 3 9 5 10 -3.321 -2.528 4.193
SPIN 3 9 5 11 1.718 5.561 1.061
SPIN 3 9 5 12 3.291 -2.863 -3.996
SPIN 3 9 5 13 1.780 -5.640 -0.144
SPIN 3 9 5 14 5.796 -0.960 -0.698
SPIN 3 9 5 15 -5.557 0.660 1.918
SPIN 2 9 5 0 -1.873 -3.850 -4.083
SPIN 2 9 5 1 -1.881 5.206 2.087
SPIN 2 9 5 2 2.693 -5.203 -0.822
SPIN 2 9 5 3 -0.198 5.752 1.371
SPIN 2 9 5 4 1.578 -3.131 -4.765
SPIN 2 9 5 5 0.593 5.877 -0.338
SPIN 2 9 5 6 0.088 1.309 5.769
SPIN 2 9 5 7 2.412 -1.911 5.053
SPIN 2 9 5 8 -3.384 1.691 -4.549
SPIN 2 9 5 9 -0.508 -3.584 4.680
SPIN 2 9 5 10 2.001 1.146 -5.448
SPIN 2 9 5 11 -2.970 -4.979 1.176
SPIN 2 9 5 12 1.640 -1.820 -5.385
SPIN 2 9 5 13 3.148 2.083 4.556
SPIN 2 9 5 14 1.360 -1.492 5.561
SPIN 2 9 5 15 -0.296 -0.241 -5.904
SPIN 3 9 6 0 5.802 0.166 -1.142
SPIN 3 9 6 1 3.545 -2.442 4.059
SPIN 3 9 6 2 -0.556 5.803 1.006
SPIN 3 9 6 3 1.359 -4.066 4.077
SPIN 3 9 6 4 -1.729 5.655 0.177
SPIN 3 9 6 5 2.449 -3.873 -3.742
SPIN 3 9 6 6 5.397 2.065 -1.266
SPIN 3 9 6 7 4.910 3.013 -1.345
SPIN 3 9 6 8 1.530 -1.528 5.507
SPIN 3 9 6 9 4.927 -2.848 -1.617
SPIN 3 9 6 10 -1.253 -2.548 5.190
SPIN 3 9 6 11 -0.600 -5.815 -0.908
SPIN 3 9 6 12 -4.423 2.619 2.930
SPIN 3 9 6 13 0.007 5.436 -2.334
SPIN 3 9 6 14 4.526 3.479 1.553
SPIN 3 9 6 15 3.520 1.105 4.625
SPIN 2 9 6 0 4.765 -1.494 3.172
SPIN 2 9 6 1 5.330 -1.881 1.747
SPIN 2 9 6 2 -1.556 2.729 -5.013
SPIN 2 9 6 3 2.674 2.819 -4.461
SPIN 2 9 6 4 -5.875 0.540 0.433
SPIN 2 9 6 5 -5.177 -1.264 2.568
SPIN 2 9 6 6 -4.201 -3.668 -1.976
SPIN 2 9 6 7 2.604 2.573 -4.648
SPIN 2 9 6 8 -1.845 -4.714 -3.062
SPIN 2 9 6 9 -5.293 -0.418 2.610
SPIN 2 9 6 10 2.368 5.395 -0.533
SPIN 2 9 6 11 4.751 3.522 0.166
SPIN 2 9 6 12 2.649 -5.098 -1.412
SPIN 2 9 6 13 3.298 -4.885 0.513
SPIN 2 9 6 14 3.579 4.606 -0.987
SPIN 2 9 6 15 -5.419 2.327 0.473
SPIN 3 9 7 0 -4.379 2.360 -3.203
SPIN 3 9 7 1 4.925 -2.505 2.113
SPIN 3 9 7 2 0.073 5.154 2.903
SPIN 3 9 7 3 2.829 -4.243 2.999
SPIN 3 9 7 4 2.688 -4.333 3.000
SPIN 3 9 7 5 -3.291 -1.667 -4.625
SPIN 3 9 7 6 1.307 -3.616 -4.496
SPIN 3 9 7 7 -3.863 -3.493 2.806
SPIN 3 9 7 8 1.683 5.649 0.513
SPIN 3 9 7 9 -0.455 0.782 5.846
SPIN 3 9 7 10 -3.309 4.649 -1.561
SPIN 3 9 7 11 3.872 1.645 -4.159
SPIN 3 9 7 12 4.280 -3.137 2.616
SPIN 3 9 7 13 -4.884 -0.638 3.277
SPIN 3 9 7 14 0.083 -1.973 -5.577
SPIN 3 9 7 15 1.865 5.446 1.366
SPIN 2 9 7 0 -1.406 3.895 4.225
SPIN 2 9 7 1 1.819 3.043 4.736
SPIN 2 9 7 2 3.015 -5.071 -0.445
SPIN 2 9 7 3 -4.266 -3.427 -2.249
SPIN 2 9 7 4 5.568 -1.943 -0.476
SPIN 2 9 7 5 -0.655 5.816 -0.860
SPIN 2 9 7 6 -2.740 -3.577 3.834
SPIN 2 9 7 7 -2.998 -1.150 -4.969
SPIN 2 9 7 8 5.602 1.895 0.140
SPIN 2 9 7 9 -0.471 -0.196 -5.894
SPIN 2 9 7 10 3.190 4.981 0.120
SPIN 2 9 7 11 -5.030 -2.963 -0.960
SPIN 2 9 7 12 5.207 1.488 2.382
SPIN 2 9 7 13 -2.803 3.034 4.235
SPIN 2 9 7 14 0.432 -4.760 -3.486
SPIN 2 9 7 15 -2.600 -0.671 5.272
SPIN 3 9 8 0 -0.375 -1.757 5.637
SPIN 3 9 8 1 -5.811 -1.053 0.353
SPIN 3 9 8 2 -4.750 0.761 -3.444
SPIN 3 9 8 3 -4.314 0.727 3.982
SPIN 3 9 8 4 -5.193 2.261 -1.710
SPIN 3 9 8 5 5.306 2.015 -1.668
SPIN 3 9 8 6 -4.454 -3.447 1.812
SPIN 3 9 8 7 1.215 -5.211 -2.523
SPIN 3 9 8 8 2.154 -4.347 3.386
SPIN 3 9 8 9 3.913 3.982 -1.958
SPIN 3 9 8 10 -0.871 -3.021 5.012
SPIN 3 9 8 11 -0.057 2.769 5.228
SPIN 3 9 8 12 -4.614 -3.328 1.625
SPIN 3 9 8 13 4.800 -0.830 3.357
SPIN 3 9 8 14 -2.512 -3.372 4.161
SPIN 3 9 8 15 -3.950 2.451 -3.659
SPIN 2 9 8 0 -3.653 -3.664 2.870
SPIN 2 9 8 1 -1.172 -5.578 1.586
SPIN 2 9 8 2 -1.927 0.392 -5.580
SPIN 2 9 8 3 -0.380 -5.767 -1.263
SPIN 2 9 8 4 -1.313 -0.280 -5.762
SPIN 2 9 8 5 0.811 0.419 5.845
SPIN 2 9 8 6 -2.856 -0.622 -5.144
SPIN 2 9 8 7 2.347 -1.703 5.157
SPIN 2 9 8 8 -2.882 2.161 -4.693
SPIN 2 9 8 9 5.829 0.056 1.009
SPIN 2 9 8 10 -4.228 2.052 3.593
SPIN 2 9 8 11 0.354 -3.673 4.624
SPIN 2 9 8 12 1.081 -4.938 3.073
SPIN 2 9 8 13 5.025 2.666 1.625
SPIN 2 9 8 14 -5.876 -0.684 0.046
SPIN 2 9 8 15 3.730 -2.725 3.696
SPIN 3 9 9 0 5.448 -1.582 1.677
SPIN 3 9 9 1 4.317 -3.995 -0.629
SPIN 3 9 9 2 -0.973 0.959 5.756
SPIN 3 9 9 3 1.087 3.021 -4.969
SPIN 3 9 9 4 5.651 -0.765 -1.574
SPIN 3 9 9 5 -0.811 -5.738 -1.191
SPIN 3 9 9 6 1.180 5.691 1.106
SPIN 3 9 9 7 -4.291 3.796 -1.475
SPIN 3 9 9 8 0.154 5.863 0.774
SPIN 3 9 9 9 2.467 0.814 5.315
SPIN 3 9 9 10 0.706 5.874 -0.047
SPIN 3 9 9 11 2.481 -5.304 0.842
SPIN 3 9 9 12 0.423 5.368 2.451
SPIN 3 9 9 13 -3.339 -2.603 -4.132
SPIN 3 9 9 14 2.923 -0.201 -5.140
SPIN 3 9 9 15 2.597 4.092 -3.393
SPIN 2 9 9 0 1.546 4.337 3.715
SPIN 2 9 9 1 -4.848 3.390 -0.086
SPIN 2 9 9 2 1.033 2.530 -5.247
SPIN 2 9 9 3 -4.289 2.586 -3.149
SPIN 2 9 9 4 -5.689 -1.283 -0.993
SPIN 2 9 9 5 -5.362 0.162 2.494
SPIN 2 9 9 6 -3.108 3.112 3.956
SPIN 2 9 9 7 -0.208 5.237 -2.743
SPIN 2 9 9 8 -1.068 -5.415 -2.129
SPIN 2 9 9 9 -1.782 1.820 -5.340
SPIN 2 9 9 10 -0.834 -5.627 -1.624
SPIN 2 9 9 11 3.370 4.784 0.873
SPIN 2 9 9 12 3.614 -1.507 -4.435
SPIN 2 9 9 13 -5.144 -1.668 2.400
SPIN 2 9 9 14 2.910 -1.013 5.050
SPIN 2 9 9 15 -5.282 -1.646 -2.095
SPIN 3 9 10 0 -4.553 0.225 3.770
SPIN 3 9 10 1 -0.499 1.587 -5.677
SPIN 3 9 10 2 2.742 4.790 -2.130
SPIN 3 9 10 3 0.270 -5.427 2.339
SPIN 3 9 10 4 5.818 0.570 -0.909
SPIN 3 9 10 5 4.128 -2.362 -3.518
SPIN 3 9 10 6 -3.936 -4.409 0.258
SPIN 3 9 10 7 4.365 1.971 3.473
SPIN 3 9 10 8 -2.662 5.035 1.601
SPIN 3 9 10 9 2.310 -4.675 -2.795
SPIN 3 9 10 10 4.810 -2.692 -2.149
SPIN 3 9 10 11 -2.458 1.339 -5.212
SPIN 3 9 10 12 -0.981 4.763 3.369
SPIN 3 9 10 13 -2.228 -1.950 5.122
SPIN 3 9 10 14 1.865 5.251 1.986
SPIN 3 9 10 15 -4.281 -2.487 3.238
SPIN 2 9 10 0 5.780 -1.195 -0.397
SPIN 2 9 10 1 -5.291 2.630 -0.302
SPIN 2 9 10 2 -4.565 2.221 3.037
SPIN 2 9 10 3 -3.703 4.483 1.089
SPIN 2 9 10 4 -5.092 2.208 2.050
SPIN 2 9 10 5 4.496 -3.787 -0.662
SPIN 2 9 10 6 4.700 1.986 -2.994
SPIN 2 9 10 7 3.129 3.259 3.820
SPIN 2 9 10 8 -1.476 -1.737 -5.459
SPIN 2 9 10 9 -4.328 3.626 1.767
SPIN 2 9 10 10 -3.565 2.297 4.124
SPIN 2 9 10 11 -2.305 1.716 -5.171
SPIN 2 9 10 12 1.334 4.260 3.882
SPIN 2 9 10 13 5.327 1.867 -1.770
SPIN 2 9 10 14 -3.880 -3.335 -2.971
SPIN 2 9 10 15 5.478 -1.577 1.583
SPIN 3 9 11 0 0.833 1.018 -5.768
SPIN 3 9 11 1 4.006 -3.701 2.292
SPIN 3 9 11 2 -5.898 0.446 -0.099
SPIN 3 9 11 3 -1.153 -5.732 -0.900
SPIN 3 9 11 4 -0.941 -3.539 -4.647
SPIN 3 9 11 5 -2.152 1.977 5.144
SPIN 3 9 11 6 5.401 -1.096 -2.151
SPIN 3 9 11 7 -0.282 0.725 -5.865
SPIN 3 9 11 8 -0.105 -3.562 -4.722
SPIN 3 9 11 9 5.165 -2.634 -1.177
SPIN 3 9 11 10 1.369 -4.569 -3.500
SPIN 3 9 11 11 -4.566 -3.761 0.094
SPIN 3 9 11 12 5.821 -1.048 -0.128
SPIN 3 9 11 13 -3.852 -0.612 -4.448
SPIN 3 9 11 14 -4.327 -3.018 2.679
SPIN 3 9 11 15 -3.037 4.893 1.353
SPIN 2 9 11 0 1.301 -4.921 -3.015
SPIN 2 9 11 1 -1.516 -4.993 2.788
SPIN 2 9 11 2 -2.407 1.417 5.215
SPIN 2 9 11 3 4.366 3.016 2.615
SPIN 2 9 11 4 -2.942 4.816 1.776
SPIN 2 9 11 5 0.689 3.147 4.962
SPIN 2 9 11 6 -3.984 -4.274 -0.926
SPIN 2 9 11 7 -4.363 -0.427 -3.973
SPIN 2 9 11 8 -1.683 4.585 -3.339
SPIN 2 9 11 9 -0.264 -4.692 -3.594
SPIN 2 9 11 10 5.841 -0.828 -0.446
SPIN 2 9 11 11 5.342 -1.924 1.660
SPIN 2 9 11 12 -1.508 3.706 -4.358
SPIN 2 9 11 13 -3.984 -4.269 0.951
SPIN 2 9 11 14 4.754 3.520 0.076
SPIN 2 9 11 15 -3.848 3.432 -2.901
SPIN 3 9 12 0 2.330 -2.069 5.029
SPIN 3 9 12 1 4.124 4.127 0.978
SPIN 3 9 12 2 3.885 3.375 -2.918
SPIN 3 9 12 3 -4.075 -3.230 2.821
SPIN 3 9 12 4 0.902 -0.741 -5.800
SPIN 3 9 12 5 5.135 0.957 2.777
SPIN 3 9 12 6 4.022 0.541 4.304
SPIN 3 9 12 7 -4.320 -2.118 3.443
SPIN 3 9 12 8 4.745 -1.008 3.386
SPIN 3 9 12 9 -0.382 4.058 -4.288
SPIN 3 9 12 10 1.873 5.023 2.503
SPIN 3 9 12 11 -1.924 5.152 -2.181
SPIN 3 9 12 12 0.920 5.622 1.597
SPIN 3 9 12 13 -0.412 1.857 5.602
SPIN 3 9 12 14 -5.217 -2.781 0.218
SPIN 3 9 12 15 -5.152 0.411 -2.880
SPIN 2 9 12 0 5.520 1.590 1.412
SPIN 2 9 12 1 0.757 2.486 -5.315
SPIN 2 9 12 2 -0.734 -5.825 -0.730
SPIN 2 9 12 3 1.851 5.596 0.515
SPIN 2 9 12 4 -0.130 -2.209 5.487
SPIN 2 9 12 5 -3.329 3.516 -3.399
SPIN 2 9 12 6 0.460 -2.596 -5.296
SPIN 2 9 12 7 -4.956 2.942 -1.335
SPIN 2 9 12 8 5.477 -1.334 1.794
SPIN 2 9 12 9 -1.711 5.598 -0.861
SPIN 2 9 12 10 4.727 1.647 3.153
SPIN 2 9 12 11 1.833 -2.002 -5.257
SPIN 2 9 12 12 -1.888 -2.224 5.147
SPIN 2 9 12 13 -2.241 -2.243 -4.995
SPIN 2 9 12 14 1.295 -2.868 -5.010
SPIN 2 9 12 15 3.144 3.087 -3.948
SPIN 3 9 13 0 -3.638 -0.338 4.653
SPIN 3 9 13 1 -2.284 -2.731 -4.725
SPIN 3 9 13 2 -4.490 -3.642 1.254
SPIN 3 9 13 3 -3.137 3.038 -3.991
SPIN 3 9 13 4 1.232 -3.324 4.736
SPIN 3 9 13 5 -3.191 -4.544 2.041
SPIN 3 9 13 6 4.549 3.160 2.079
SPIN 3 9 13 7 2.279 -3.366 -4.298
SPIN 3 9 13 8 -0.273 2.651 5.282
SPIN 3 9 13 9 -1.227 -3.492 4.615
SPIN 3 9 13 10 0.787 0.943 5.787
SPIN 3 9 13 11 1.669 -5.646 -0.576
SPIN 3 9 13 12 2.301 0.864 5.381
SPIN 3 9 13 13 -0.125 3.456 -4.800
SPIN 3 9 13 14 -0.927 1.839 -5.546
SPIN 3 9 13 15 2.847 1.017 5.085
SPIN 2 9 13 0 0.749 -2.686 5.218
SPIN 2 9 13 1 -3.563 -1.015 4.612
SPIN 2 9 13 2 4.105 2.185 -3.657
SPIN 2 9 13 3 -4.560 3.313 -1.798
SPIN 2 9 13 4 -3.109 4.688 -1.832
SPIN 2 9 13 5 2.824 4.880 -1.792
SPIN 2 9 13 6 -1.771 -5.376 -1.720
SPIN 2 9 13 7 3.872 -0.104 -4.472
SPIN 2 9 13 8 -0.418 5.674 -1.622
SPIN 2 9 13 9 -3.542 -3.595 -3.087
SPIN 2 9 13 10 4.204 3.629 2.038
SPIN 2 9 13 11 -0.246 1.137 -5.801
SPIN 2 9 13 12 -3.303 -1.950 4.504
SPIN 2 9 13 13 -4.218 1.482 -3.874
SPIN 2 9 13 14 1.573 -3.267 4.675
SPIN 2 9 13 15 -5.448 -1.005 2.075
SPIN 3 9 14 0 4.217 -3.324 -2.483
SPIN 3 9 14 1 4.900 -2.686 1.943
SPIN 3 9 14 2 3.993 1.109 4.222
SPIN 3 9 14 3 -3.959 0.660 4.346
SPIN 3 9 14 4 2.491 5.047 -1.824
SPIN 3 9 14 5 3.869 -2.301 3.839
SPIN 3 9 14 6 -4.967 -2.026 2.494
SPIN 3 9 14 7 -2.511 3.974 3.592
SPIN 3 9 14 8 -0.899 5.830 -0.454
SPIN 3 9 14 9 -0.466 3.622 -4.654
SPIN 3 9 14 10 0.354 0.890 -5.838
SPIN 3 9 14 11 -5.174 2.632 1.140
SPIN 3 9 14 12 -1.857 3.806 -4.131
SPIN 3 9 14 13 -5.864 -0.205 -0.753
SPIN 3 9 14 14 -1.235 -4.796 -3.236
SPIN 3 9 14 15 5.449 -0.922 2.112
SPIN 2 9 14 0 -5.324 1.844 1.804
SPIN 2 9 14 1 5.087 -2.629 -1.486
SPIN 2 9 14 2 -3.012 4.241 2.817
SPIN 2 9 14 3 4.700 -0.629 3.538
SPIN 2 9 14 4 3.446 -2.453 -4.136
SPIN 2 9 14 5 -4.516 1.494 -3.517
SPIN 2 9 14 6 1.603 0.369 -5.683
SPIN 2 9 14 7 -1.934 -2.037 5.207
SPIN 2 9 14 8 1.758 -4.115 -3.870
SPIN 2 9 14 9 -5.553 -1.650 -1.204
SPIN 2 9 14 10 -4.196 -3.469 -2.315
SPIN 2 9 14 11 4.689 0.463 3.578
SPIN 2 9 14 12 2.047 -5.480 -0.882
SPIN 2 9 14 13 5.428 -2.062 -1.135
SPIN 2 9 14 14 -3.537 -1.432 -4.521
SPIN 2 9 14 15 2.424 -1.209 -5.260
SPIN 3 9 15 0 -1.357 3.311 4.711
SPIN 3 9 15 1 -3.564 -4.684 0.599
SPIN 3 9 15 2 2.896 0.502 5.134
SPIN 3 9 15 3 -0.540 -4.853 -3.340
SPIN 3 9 15 4 4.918 -3.288 0.070
SPIN 3 9 15 5 -2.636 -1.459 -5.092
SPIN 3 9 15 6 -3.444 1.591 -4.539
SPIN 3 9 15 7 5.025 0.033 3.123
SPIN 3 9 15 8 -4.711 -3.396 -1.127
SPIN 3 9 15 9 4.808 -3.209 -1.259
SPIN 3 9 15 10 -5.152 1.264 2.619
SPIN 3 9 15 11 -2.149 -4.237 -3.525
SPIN 3 9 15 12 -3.190 -4.831 -1.220
SPIN 3 9 15 13 -0.846 -5.238 -2.616
SPIN 3 9 15 14 5.783 -0.442 -1.169
SPIN 3 9 15 15 0.706 -4.923 3.204
SPIN 2 9 15 0 4.453 3.512 -1.686
SPIN 2 9 15 1 1.176 -3.326 4.749
SPIN 2 9 15 2 -1.535 -0.403 -5.699
SPIN 2 9 15 3 0.401 -1.488 -5.712
SPIN 2 9 15 4 -1.483 3.539 -4.503
SPIN 2 9 15 5 -2.688 0.596 -5.236
SPIN 2 9 15 6 -4.482 1.772 3.431
SPIN 2 9 15 7 -0.170 -2.728 -5.247
SPIN 2 9 15 8 -3.618 2.715 3.813
SPIN 2 9 15 9 -2.234 3.332 -4.348
SPIN 2 9 15 10 -3.925 -4.396 0.520
SPIN 2 9 15 11 -2.011 5.559 -0.236
SPIN 2 9 15 12 5.401 -2.305 -0.722
SPIN 2 9 15 13 1.219 5.785 0.210
SPIN 2 9 15 14 -3.069 2.966 4.096
SPIN 2 9 15 15 0.013 1.653 5.680
SPIN 1 10 0 0 1.597 -5.696 0.071
SPIN 1 10 0 1 3.917 1.982 -3.966
SPIN 1 10 0 2 3.376 3.248 -3.613
SPIN 1 10 0 3 5.673 0.914 1.406
SPIN 1 10 0 4 -4.238 0.058 -4.128
SPIN 1 10 0 5 3.633 -3.405 3.196
SPIN 1 10 0 6 1.632 -3.823 -4.210
SPIN 1 10 0 7 -1.421 5.466 1.763
SPIN 1 10 0 8 -4.573 1.726 3.333
SPIN 1 10 0 9 1.912 5.597 -0.147
SPIN 1 10 0 10 0.454 -1.701 5.648
SPIN 1 10 0 11 -0.068 -2.143 -5.514
SPIN 1 10 0 12 -3.967 2.746 -3.424
SPIN 1 10 0 13 3.158 2.721 -4.198
SPIN 1 10 0 14 -2.234 -0.590 -5.446
SPIN 1 10 0 15 -1.406 4.034 4.092
SPIN 4 10 0 0 -5.746 -1.409 0.004
SPIN 4 10 0 1 0.172 2.898 5.155
SPIN 4 10 0 2 0.687 -4.752 3.456
SPIN 4 10 0 3 3.543 -2.897 -3.749
SPIN 4 10 0 4 -3.478 -4.546 1.494
SPIN 4 10 0 5 -2.506 4.394 -3.068
SPIN 4 10 0 6 4.164 1.124 -4.049
SPIN 4 10 0 7 2.513 5.350 0.253
SPIN 4 10 0 8 -2.285 -4.744 -2.697
SPIN 4 10 0 9 4.478 -0.371 -3.848
SPIN 4 10 0 10 -1.663 5.617 0.828
SPIN 4 10 0 11 0.175 -4.249 -4.113
SPIN 4 10 0 12 5.524 1.853 1.023
SPIN 4 10 0 13 -2.298 -5.451 0.036
SPIN 4 10 0 14 -2.618 -4.884 -2.073
SPIN 4 10 0 15 -2.452 1.622 5.134
SPIN 1 10 1 0 -1.759 4.836 2.918
SPIN 1 10 1 1 5.797 0.784 -0.885
SPIN 1 10 1 2 4.625 -3.551 -0.998
SPIN 1 10 1 3 0.958 -5.268 -2.516
SPIN 1 10 1 4 0.392 1.262 -5.767
SPIN 1 10 1 5 2.760 2.475 -4.611
SPIN 1 10 1 6 -5.575 0.789 1.816
SPIN 1 10 1 7 1.972 -5.533 0.705
SPIN 1 10 1 8 3.368 4.796 -0.810
SPIN 1 10 1 9 -0.903 0.810 -5.790
SPIN 1 10 1 10 3.385 3.490 3.370
SPIN 1 10 1 11 3.765 -3.513 -2.912
SPIN 1 10 1 12 -1.680 5.619 0.780
SPIN 1 10 1 13 -2.303 -3.354 -4.294
SPIN 1 10 1 14 -0.904 4.965 3.088
SPIN 1 10 1 15 -2.025 4.475 -3.298
SPIN 4 10 1 0 -3.083 4.778 1.634
SPIN 4 10 1 1 -5.768 0.491 -1.219
SPIN 4 10 1 2 4.566 0.781 3.680
SPIN 4 10 1 3 -2.929 0.757 -5.084
SPIN 4 10 1 4 0.709 4.819 3.358
SPIN 4 10 1 5 3.629 -0.165 4.669
SPIN 4 10 1 6 -2.339 -0.563 -5.405
SPIN 4 10 1 7 -4.155 -4.115 0.896
SPIN 4 10 1 8 1.017 4.742 -3.387
SPIN 4 10 1 9 -3.271 4.927 0.150
SPIN 4 10 1 10 3.365 -0.203 4.861
SPIN 4 10 1 11 -4.082 3.014 3.042
SPIN 4 10 1 12 1.669 -5.673 0.176
SPIN 4 10 1 13 5.736 -0.210 1.433
SPIN 4 10 1 14 3.005 2.277 4.559
SPIN 4 10 1 15 3.521 -2.604 -3.978
SPIN 1 10 2 0 5.889 0.111 -0.556
SPIN 1 10 2 1 -0.464 3.452 4.782
SPIN 1 10 2 2 0.684 -4.076 -4.233
SPIN 1 10 2 3 -3.449 0.407 4.789
SPIN 1 10 2 4 3.667 4.491 1.176
SPIN 1 10 2 5 -3.122 4.512 -2.212
SPIN 1 10 2 6 5.523 -0.114 2.118
SPIN 1 10 2 7 -1.452 -0.927 5.660
SPIN 1 10 2 8 0.804 4.191 -4.098
SPIN 1 10 2 9 5.141 2.188 1.944
SPIN 1 10 2 10 -5.895 0.437 -0.244
SPIN 1 10 2 11 -4.552 2.091 3.148
SPIN 1 10 2 12 -2.114 -3.930 -3.884
SPIN 1 10 2 13 0.055 5.755 1.371
SPIN 1 10 2 14 -3.329 -4.434 2.064
SPIN 1 10 2 15 -4.434 0.656 -3.861
SPIN 4 10 2 0 -1.857 -4.841 -2.849
SPIN 4 10 2 1 0.747 -0.375 -5.857
SPIN 4 10 2 2 -3.534 -4.593 1.191
SPIN 4 10 2 3 0.603 2.772 5.192
SPIN 4 10 2 4 -1.919 -2.527 4.993
SPIN 4 10 2 5 3.452 -1.081 4.681
SPIN 4 10 2 6 -4.417 3.819 0.953
SPIN 4 10 2 7 -0.180 -0.026 -5.913
SPIN 4 10 2 8 -0.904 -5.841 0.265
SPIN 4 10 2 9 2.321 -5.172 -1.691
SPIN 4 10 2 10 -4.894 3.016 -1.398
SPIN 4 10 2 11 3.928 -3.818 -2.234
SPIN 4 10 2 12 -0.857 5.599 1.708
SPIN 4 10 2 13 0.345 -5.885 0.492
SPIN 4 10 2 14 -4.376 -0.062 -3.981
SPIN 4 10 2 15 -1.775 4.017 3.964
SPIN 1 10 3 0 -5.611 -0.210 1.865
SPIN 1 10 3 1 4.523 2.937 -2.432
SPIN 1 10 3 2 -3.720 2.991 3.495
SPIN 1 10 3 3 -5.678 -1.427 -0.853
SPIN 1 10 3 4 -4.737 -3.527 0.341
SPIN 1 10 3 5 0.326 3.315 -4.889
SPIN 1 10 3 6 -1.023 -5.166 2.696
SPIN 1 10 3 7 -2.903 -3.927 -3.339
SPIN 1 10 3 8 0.467 4.031 4.305
SPIN 1 10 3 9 -1.618 -5.526 -1.358
SPIN 1 10 3 10 1.537 3.469 -4.539
SPIN 1 10 3 11 3.369 -4.087 -2.636
SPIN 1 10 3 12 -5.725 0.581 -1.374
SPIN 1 10 3 13 -1.702 -5.177 -2.302
SPIN 1 10 3 14 1.632 3.889 -4.149
SPIN 1 10 3 15 -4.800 -2.139 -2.718
SPIN 4 10 3 0 3.221 -0.532 -4.934
SPIN 4 10 3 1 1.654 -4.828 -2.992
SPIN 4 10 3 2 2.837 5.083 1.057
SPIN 4 10 3 3 2.512 -4.803 -2.371
SPIN 4 10 3 4 -0.595 4.597 -3.676
SPIN 4 10 3 5 3.527 0.234 4.744
SPIN 4 10 3 6 2.144 -2.605 4.859
SPIN 4 10 3 7 1.005 5.742 -1.007
SPIN 4 10 3 8 -5.708 0.667 1.406
SPIN 4 10 3 9 -5.131 2.658 1.270
SPIN 4 10 3 10 4.235 -4.105 -0.459
SPIN 4 10 3 11 -4.467 -2.167 3.217
SPIN 4 10 3 12 3.231 4.368 -2.341
SPIN 4 10 3 13 -4.313 -3.955 0.871
SPIN 4 10 3 14 0.181 1.384 5.749
SPIN 4 10 3 15 2.897 -3.009 -4.189
SPIN 1 10 4 0 1.257 3.099 4.881
SPIN 1 10 4 1 -2.731 -1.450 5.044
SPIN 1 10 4 2 4.881 -0.374 -3.322
SPIN 1 10 4 3 4.021 -2.483 -3.559
SPIN 1 10 4 4 3.004 0.760 5.039
SPIN 1 10 4 5 1.204 -1.156 -5.676
SPIN 1 10 4 6 -0.963 5.829 -0.305
SPIN 1 10 4 7 1.504 -4.803 -3.109
SPIN 1 10 4 8 -1.577 4.541 3.449
SPIN 1 10 4 9 -1.448 -4.921 2.948
SPIN 1 10 4 10 -0.971 3.634 4.567
SPIN 1 10 4 11 -0.712 -0.618 -5.841
SPIN 1 10 4 12 -1.153 0.745 5.755
SPIN 1 10 4 13 -3.178 4.942 -0.687
SPIN 1 10 4 14 1.741 -5.186 -2.254
SPIN 1 10 4 15 2.545 2.577 -4.678
SPIN 4 10 4 0 -0.401 5.200 2.793
SPIN 4 10 4 1 4.251 3.877 1.377
SPIN 4 10 4 2 -4.557 -3.773 0.002
SPIN 4 10 4 3 -5.029 2.727 1.508
SPIN 4 10 4 4 -2.039 -1.570 5.327
SPIN 4 10 4 5 0.984 -3.683 4.524
SPIN 4 10 4 6 4.096 3.603 2.290
SPIN 4 10 4 7 3.802 -3.420 -2.976
SPIN 4 10 4 8 -2.646 -0.535 -5.264
SPIN 4 10 4 9 0.177 -5.912 -0.131
SPIN 4 10 4 10 4.336 0.794 -3.945
SPIN 4 10 4 11 -1.485 -4.890 2.981
SPIN 4 10 4 12 5.254 0.435 2.685
SPIN 4 10 4 13 -4.948 3.241 -0.117
SPIN 4 10 4 14 3.046 4.226 -2.804
SPIN 4 10 4 15 1.595 -2.164 5.270
SPIN 1 10 5 0 1.189 4.553 -3.586
SPIN 1 10 5 1 4.760 2.151 2.778
SPIN 1 10 5 2 1.600 -5.133 -2.469
SPIN 1 10 5 3 5.420 1.908 1.409
SPIN 1 10 5 4 -1.333 1.122 5.654
SPIN 1 10 5 5 -2.797 -4.802 -2.030
SPIN 1 10 5 6 -5.070 0.856 2.926
SPIN 1 10 5 7 0.263 4.244 4.113
SPIN 1 10 5 8 5.701 -0.043 -1.579
SPIN 1 10 5 9 0.003 0.158 5.914
SPIN 1 10 5 10 1.887 1.539 -5.392
SPIN 1 10 5 11 -4.645 1.141 3.482
SPIN 1 10 5 12 -0.895 4.110 -4.160
SPIN 1 10 5 13 3.618 -1.323 4.490
SPIN 1 10 5 14 -2.445 2.557 -4.742
SPIN 1 10 5 15 0.661 3.107 4.991
SPIN 4 10 5 0 -1.062 -5.626 -1.491
SPIN 4 10 5 1 -4.666 3.610 0.451
SPIN 4 10 5 2 -2.270 -2.050 -5.064
SPIN 4 10 5 3 2.241 2.250 4.992
SPIN 4 10 5 4 -0.595 0.790 -5.833
SPIN 4 10 5 5 -1.303 -2.154 -5.354
SPIN 4 10 5 6 -2.078 -0.734 -5.490
SPIN 4 10 5 7 -4.768 3.306 -1.157
SPIN 4 10 5 8 3.628 -3.054 -3.537
SPIN 4 10 5 9 3.686 4.347 -1.587
SPIN 4 10 5 10 -1.882 5.606 0.168
SPIN 4 10 5 11 5.797 -1.026 -0.582
SPIN 4 10 5 12 -5.754 1.361 0.184
SPIN 4 10 5 13 -0.942 2.358 -5.343
SPIN 4 10 5 14 -1.241 5.741 -0.711
SPIN 4 10 5 15 -0.594 -5.608 -1.789
SPIN 1 10 6 0 -1.025 2.383 5.317
SPIN 1 10 6 1 0.465 -3.529 -4.726
SPIN 1 10 6 2 -4.457 1.858 -3.418
SPIN 1 10 6 3 0.903 4.377 3.877
SPIN 1 10 6 4 -5.004 2.488 -1.942
SPIN 1 10 6 5 -3.123 -3.106 3.949
SPIN 1 10 6 6 4.481 -3.860 -0.158
SPIN 1 10 6 7 -0.509 1.070 5.796
SPIN 1 10 6 8 2.813 4.710 -2.215
SPIN 1 10 6 9 -3.233 4.953 0.108
SPIN 1 10 6 10 0.963 -3.548 4.635
SPIN 1 10 6 11 5.506 0.370 -2.131
SPIN 1 10 6 12 1.885 1.411 -5.427
SPIN 1 10 6 13 2.437 -0.493 -5.368
SPIN 1 10 6 14 -1.951 -4.373 -3.474
SPIN 1 10 6 15 -3.776 4.538 -0.383
SPIN 4 10 6 0 -0.283 5.248 2.716
SPIN 4 10 6 1 -5.592 -1.375 -1.355
SPIN 4 10 6 2 -2.977 -5.111 0.129
SPIN 4 10 6 3 -3.081 -3.623 -3.518
SPIN 4 10 6 4 2.537 4.797 2.356
SPIN 4 10 6 5 -3.318 -1.673 4.603
SPIN 4 10 6 6 -0.514 -0.224 5.889
SPIN 4 10 6 7 -4.447 -2.497 2.998
SPIN 4 10 6 8 -3.030 -4.999 0.912
SPIN 4 10 6 9 -4.940 -2.490 2.097
SPIN 4 10 6 10 4.306 -2.131 -3.451
SPIN 4 10 6 11 -4.473 1.922 -3.361
SPIN 4 10 6 12 -0.020 -0.325 -5.907
SPIN 4 10 6 13 -1.044 2.513 5.253
SPIN 4 10 6 14 5.735 1.131 0.912
SPIN 4 10 6 15 0.874 -3.651 4.573
SPIN 1 10 7 0 -0.149 -0.150 5.912
SPIN 1 10 7 1 5.783 -1.248 0.044
SPIN 1 10 7 2 4.563 0.935 3.648
SPIN 1 10 7 3 1.232 -5.240 2.454
SPIN 1 10 7 4 -1.437 4.377 3.712
SPIN 1 10 7 5 3.717 3.903 -2.438
SPIN 1 10 7 6 4.986 0.961 3.037
SPIN 1 10 7 7 -4.597 0.513 -3.689
SPIN 1 10 7 8 5.896 -0.113 0.470
SPIN 1 10 7 9 3.550 4.032 -2.478
SPIN 1 10 7 10 -4.962 -1.977 -2.544
SPIN 1 10 7 11 0.793 -3.670 4.572
SPIN 1 10 7 12 1.676 4.518 3.432
SPIN 1 10 7 13 -3.679 -0.698 -4.580
SPIN 1 10 7 14 -1.141 -2.409 5.281
SPIN 1 10 7 15 1.771 4.372 -3.571
SPIN 4 10 7 0 1.814 -0.567 -5.602
SPIN 4 10 7 1 4.554 3.158 2.071
SPIN 4 10 7 2 -1.339 2.961 -4.944
SPIN 4 10 7 3 5.012 2.353 2.082
SPIN 4 10 7 4 5.678 0.675 1.517
SPIN 4 10 7 5 -1.925 2.378 5.063
SPIN 4 10 7 6 -2.375 -2.497 -4.809
SPIN 4 10 7 7 -4.636 2.152 -2.979
SPIN 4 10 7 8 1.301 4.822 -3.170
SPIN 4 10 7 9 2.767 -4.801 2.072
SPIN 4 10 7 10 1.879 -2.372 5.084
SPIN 4 10 7 11 2.244 2.473 -4.883
SPIN 4 10 7 12 -4.570 -2.565 2.745
SPIN 4 10 7 13 2.393 -2.369 -4.865
SPIN 4 10 7 14 4.804 2.474 2.408
SPIN 4 10 7 15 3.653 1.486 -4.410
SPIN 1 10 8 0 -3.605 -1.264 -4.517
SPIN 1 10 8 1 -5.835 0.425 0.879
SPIN 1 10 8 2 -1.733 -3.739 4.245
SPIN 1 10 8 3 4.087 3.548 2.390
SPIN 1 10 8 4 -0.321 -3.328 -4.881
SPIN 1 10 8 5 -3.599 0.003 4.695
SPIN 1 10 8 6 -0.906 1.100 -5.742
SPIN 1 10 8 7 1.281 3.804 -4.346
SPIN 1 10 8 8 -2.838 -1.826 -4.859
SPIN 1 10 8 9 -2.181 2.897 -4.675
SPIN 1 10 8 10 -0.869 -5.774 -0.950
SPIN 1 10 8 11 0.519 -1.346 -5.737
SPIN 1 10 8 12 -2.430 4.201 -3.383
SPIN 1 10 8 13 2.228 3.113 4.510
SPIN 1 10 8 14 -1.778 5.232 -2.112
SPIN 1 10 8 15 5.477 2.004 0.990
SPIN 4 10 8 0 3.066 -4.268 -2.718
SPIN 4 10 8 1 -0.358 -5.681 -1.611
SPIN 4 10 8 2 -2.046 -0.453 -5.533
SPIN 4 10 8 3 -2.156 4.365 -3.361
SPIN 4 10 8 4 2.780 -2.287 4.695
SPIN 4 10 8 5 -5.821 -0.340 -1.001
SPIN 4 10 8 6 -1.126 2.398 5.290
SPIN 4 10 8 7 3.193 -0.213 4.976
SPIN 4 10 8 8 1.693 1.613 -5.434
SPIN 4 10 8 9 -3.011 -2.235 4.576
SPIN 4 10 8 10 -4.588 0.054 -3.735
SPIN 4 10 8 11 1.852 5.414 1.501
SPIN 4 10 8 12 -3.252 -2.401 -4.320
SPIN 4 10 8 13 0.697 -1.059 5.779
SPIN 4 10 8 14 0.423 -5.647 -1.712
SPIN 4 10 8 15 -5.234 2.752 0.169
SPIN 1 10 9 0 3.194 0.541 4.950
SPIN 1 10 9 1 -5.884 0.617 -0.001
SPIN 1 10 9 2 1.158 -3.913 4.284
SPIN 1 10 9 3 1.268 4.260 3.904
SPIN 1 10 9 4 -5.565 -2.005 0.064
SPIN 1 10 9 5 -2.828 4.373 2.807
SPIN 1 10 9 6 0.534 -5.880 -0.382
SPIN 1 10 9 7 4.000 4.136 -1.376
SPIN 1 10 9 8 5.827 -1.013 0.118
SPIN 1 10 9 9 4.461 -0.199 3.881
SPIN 1 10 9 10 5.350 -0.311 -2.506
SPIN 1 10 9 11 -4.282 2.701 -3.061
SPIN 1 10 9 12 4.789 -3.301 1.081
SPIN 1 10 9 13 4.072 2.347 -3.594
SPIN 1 10 9 14 2.736 3.437 -3.963
SPIN 1 10 9 15 -3.158 -4.531 2.120
SPIN 4 10 9 0 -5.045 -0.304 3.074
SPIN 4 10 9 1 3.104 -3.952 3.122
SPIN 4 10 9 2 -2.691 2.493 -4.642
SPIN 4 10 9 3 -1.905 4.816 2.859
SPIN 4 10 9 4 1.730 -5.498 -1.333
SPIN 4 10 9 5 -2.984 1.364 4.923
SPIN 4 10 9 6 0.637 5.853 -0.578
SPIN 4 10 9 7 -5.403 -2.406 -0.130
SPIN 4 10 9 8 3.727 -4.468 1.069
SPIN 4 10 9 9 -1.624 5.264 2.158
SPIN 4 10 9 10 3.735 4.586 0.146
SPIN 4 10 9 11 3.775 3.734 2.609
SPIN 4 10 9 12 -2.195 -4.700 2.845
SPIN 4 10 9 13 -4.792 2.936 -1.849
SPIN 4 10 9 14 4.496 1.620 -3.488
SPIN 4 10 9 15 4.303 -1.733 -3.672
SPIN 1 10 10 0 -5.440 -0.410 2.288
SPIN 1 10 10 1 5.461 -2.252 -0.327
SPIN 1 10 10 2 -3.869 -0.689 -4.422
SPIN 1 10 10 3 3.842 -4.251 1.474
SPIN 1 10 10 4 0.881 4.760 -3.401
SPIN 1 10 10 5 -0.760 -5.270 2.579
SPIN 1 10 10 6 5.639 -1.270 -1.261
SPIN 1 10 10 7 -4.615 -3.359 -1.557
SPIN 1 10 10 8 -1.185 4.657 -3.451
SPIN 1 10 10 9 -5.817 0.415 0.997
SPIN 1 10 10 10 -4.886 -2.642 2.036
SPIN 1 10 10 11 5.770 1.258 -0.353
SPIN 1 10 10 12 2.763 -0.912 -5.151
SPIN 1 10 10 13 1.525 -4.463 -3.571
SPIN 1 10 10 14 1.708 -5.065 -2.536
SPIN 1 10 10 15 1.249 4.351 3.809
SPIN 4 10 10 0 -4.148 2.548 3.362
SPIN 4 10 10 1 -2.865 -0.919 -5.094
SPIN 4 10 10 2 -1.020 -3.846 4.378
SPIN 4 10 10 3 5.507 0.312 -2.140
SPIN 4 10 10 4 3.088 -4.549 2.183
SPIN 4 10 10 5 -4.649 -1.430 3.368
SPIN 4 10 10 6 -4.018 -4.022 1.637
SPIN 4 10 10 7 -0.092 -1.143 5.804
SPIN 4 10 10 8 -0.317 1.556 -5.699
SPIN 4 10 10 9 5.089 -2.369 -1.868
SPIN 4 10 10 10 4.145 4.221 -0.060
SPIN 4 10 10 11 -0.429 -5.663 -1.657
SPIN 4 10 10 12 1.211 5.485 1.856
SPIN 4 10 10 13 3.914 2.993 3.274
SPIN 4 10 10 14 4.529 3.725 0.779
SPIN 4 10 10 15 -5.442 -2.305 0.255
SPIN 1 10 11 0 -2.294 5.378 -0.903
SPIN 1 10 11 1 -5.570 0.280 1.974
SPIN 1 10 11 2 5.320 -1.247 2.267
SPIN 1 10 11 3 2.341 -0.806 -5.373
SPIN 1 10 11 4 -1.167 -1.812 5.509
SPIN 1 10 11 5 0.311 -1.920 -5.587
SPIN 1 10 11 6 -4.639 2.305 2.857
SPIN 1 10 11 7 5.686 1.335 -0.938
SPIN 1 10 11 8 5.642 -0.543 1.693
SPIN 1 10 11 9 -4.018 -0.786 4.271
SPIN 1 10 11 10 -0.293 5.877 0.608
SPIN 1 10 11 11 -2.521 -3.633 3.930
SPIN 1 10 11 12 0.431 -5.671 -1.631
SPIN 1 10 11 13 -5.687 1.213 1.091
SPIN 1 10 11 14 3.239 4.723 1.482
SPIN 1 10 11 15 -0.033 -0.833 -5.857
SPIN 4 10 11 0 3.587 3.736 -2.861
SPIN 4 10 11 1 0.511 5.774 1.182
SPIN 4 10 11 2 -3.567 4.231 -2.091
SPIN 4 10 11 3 3.450 4.189 2.356
SPIN 4 10 11 4 -2.246 4.255 -3.443
SPIN 4 10 11 5 0.547 -5.836 0.802
SPIN 4 10 11 6 -0.865 5.491 2.025
SPIN 4 10 11 7 -2.667 -4.930 1.892
SPIN 4 10 11 8 4.907 0.937 3.169
SPIN 4 10 11 9 -2.583 -1.987 4.938
SPIN 4 10 11 10 3.846 -0.346 -4.482
SPIN 4 10 11 11 -1.544 -5.042 -2.683
SPIN 4 10 11 12 5.335 -2.061 -1.514
SPIN 4 10 11 13 -1.248 -2.992 4.948
SPIN 4 10 11 14 -2.693 -5.260 -0.286
SPIN 4 10 11 15 0.909 -4.321 -3.937
SPIN 1 10 12 0 -1.839 3.963 3.989
SPIN 1 10 12 1 -4.695 2.152 -2.885
SPIN 1 10 12 2 2.497 -5.067 1.759
SPIN 1 10 12 3 -0.214 -3.000 5.095
SPIN 1 10 12 4 -0.494 1.341 -5.741
SPIN 1 10 12 5 2.261 1.778 5.170
SPIN 1 10 12 6 -2.697 3.175 4.201
SPIN 1 10 12 7 -0.114 1.803 -5.633
SPIN 1 10 12 8 -2.000 0.671 -5.527
SPIN 1 10 12 9 3.425 0.003 -4.824
SPIN 1 10 12 10 -4.781 -2.709 -2.191
SPIN 1 10 12 11 2.426 -4.765 -2.532
SPIN 1 10 12 12 -3.487 4.455 1.730
SPIN 1 10 12 13 3.822 -0.324 4.504
SPIN 1 10 12 14 -5.288 2.387 -1.156
SPIN 1 10 12 15 -4.450 3.002 -2.487
SPIN 4 10 12 0 1.374 -3.451 -4.605
SPIN 4 10 12 1 0.474 -3.316 4.876
SPIN 4 10 12 2 2.089 -0.328 -5.525
SPIN 4 10 12 3 -4.782 -1.827 2.965
SPIN 4 10 12 4 3.956 -4.110 1.568
SPIN 4 10 12 5 2.985 1.957 -4.718
SPIN 4 10 12 6 -1.801 -4.610 3.240
SPIN 4 10 12 7 -3.181 4.625 -1.867
SPIN 4 10 12 8 -4.646 -2.701 -2.475
SPIN 4 10 12 9 5.225 -2.775 0.009
SPIN 4 10 12 10 1.484 -0.983 5.642
SPIN 4 10 12 11 3.009 -2.450 4.466
SPIN 4 10 12 12 -5.461 1.036 2.026
SPIN 4 10 12 13 5.238 2.715 -0.443
SPIN 4 10 12 14 -2.026 4.675 3.006
SPIN 4 10 12 15 -2.849 -5.023 1.285
SPIN 1 10 13 0 1.800 1.795 5.342
SPIN 1 10 13 1 4.148 -4.216 0.123
SPIN 1 10 13 2 -1.311 5.768 -0.103
SPIN 1 10 13 3 -3.405 -0.394 4.822
SPIN 1 10 13 4 -5.383 -1.303 -2.080
SPIN 1 10 13 5 0.860 5.815 -0.670
SPIN 1 10 13 6 3.556 -0.586 -4.692
SPIN 1 10 13 7 -5.805 -0.116 1.136
SPIN 1 10 13 8 4.588 -2.698 -2.583
SPIN 1 10 13 9 -5.377 1.881 1.595
SPIN 1 10 13 10 3.533 -1.170 -4.599
SPIN 1 10 13 11 -1.584 0.985 5.614
SPIN 1 10 13 12 -5.342 2.157 1.346
SPIN 1 10 13 13 -2.201 -4.861 2.555
SPIN 1 10 13 14 3.135 -4.705 -1.743
SPIN 1 10 13 15 -3.769 -4.280 -1.574
SPIN 4 10 13 0 3.727 0.647 -4.549
SPIN 4 10 13 1 -2.822 0.885 5.124
SPIN 4 10 13 2 -2.081 0.986 5.450
SPIN 4 10 13 3 4.897 -3.316 -0.168
SPIN 4 10 13 4 -3.637 0.672 4.618
SPIN 4 10 13 5 1.059 3.895 -4.325
SPIN 4 10 13 6 -2.756 -3.831 3.568
SPIN 4 10 13 7 0.891 5.846 -0.173
SPIN 4 10 13 8 -5.446 2.178 0.772
SPIN 4 10 13 9 4.409 1.781 -3.520
SPIN 4 10 13 10 -0.920 -4.116 -4.149
SPIN 4 10 13 11 4.516 -1.303 -3.592
SPIN 4 10 13 12 -3.028 -3.882 -3.279
SPIN 4 10 13 13 -5.271 2.621 -0.592
SPIN 4 10 13 14 0.208 4.544 -3.782
SPIN 4 10 13 15 -2.665 4.718 -2.374
SPIN 1 10 14 0 5.846 -0.061 -0.906
SPIN 1 10 14 1 -5.527 1.681 1.276
SPIN 1 10 14 2 -5.359 -1.306 2.138
SPIN 1 10 14 3 2.027 -5.261 1.793
SPIN 1 10 14 4 -3.940 4.385 -0.500
SPIN 1 10 14 5 -3.838 4.443 -0.729
SPIN 1 10 14 6 1.616 4.886 2.918
SPIN 1 10 14 7 3.382 -2.848 -3.930
SPIN 1 10 14 8 -3.439 -4.800 0.365
SPIN 1 10 14 9 5.658 0.300 -1.702
SPIN 1 10 14 10 1.301 -0.383 5.759
SPIN 1 10 14 11 2.749 -4.744 2.222
SPIN 1 10 14 12 0.071 5.644 1.771
SPIN 1 10 14 13 -3.093 -3.071 4.000
SPIN 1 10 14 14 -3.614 4.642 0.621
SPIN 1 10 14 15 3.150 4.901 1.029
SPIN 4 10 14 0 -2.667 -2.726 -4.523
SPIN 4 10 14 1 5.134 -2.925 -0.289
SPIN 4 10 14 2 -0.142 3.993 -4.363
SPIN 4 10 14 3 -3.202 3.601 3.432
SPIN 4 10 14 4 5.574 -1.976 0.179
SPIN 4 10 14 5 -0.233 -4.806 3.443
SPIN 4 10 14 6 -3.977 1.783 4.000
SPIN 4 10 14 7 -0.970 -3.939 4.306
SPIN 4 10 14 8 1.792 4.779 2.992
SPIN 4 10 14 9 -0.034 3.037 5.077
SPIN 4 10 14 10 4.172 -4.169 -0.465
SPIN 4 10 14 11 -1.033 -0.135 -5.824
SPIN 4 10 14 12 4.600 -0.254 3.712
SPIN 4 10 14 13 5.176 0.231 2.856
SPIN 4 10 14 14 1.615 -5.670 -0.489
SPIN 4 10 14 15 -3.287 2.289 4.354
SPIN 1 10 15 0 -4.992 2.111 2.372
SPIN 1 10 15 1 -3.486 4.082 2.487
SPIN 1 10 15 2 4.362 -1.890 -3.522
SPIN 1 10 15 3 -3.794 2.555 -3.752
SPIN 1 10 15 4 -2.617 -1.621 5.052
SPIN 1 10 15 5 -2.761 4.934 -1.742
SPIN 1 10 15 6 5.755 1.092 -0.832
SPIN 1 10 15 7 -3.579 -2.183 4.174
SPIN 1 10 15 8 5.167 1.745 -2.293
SPIN 1 10 15 9 -1.489 -5.392 -1.927
SPIN 1 10 15 10 4.496 -0.180 -3.840
SPIN 1 10 15 11 -3.537 0.644 4.698
SPIN 1 10 15 12 5.881 -0.533 0.357
SPIN 1 10 15 13 0.719 4.274 -4.027
SPIN 1 10 15 14 3.119 0.182 5.024
SPIN 1 10 15 15 1.301 -5.349 -2.167
SPIN 4 10 15 0 -3.795 4.328 -1.366
SPIN 4 10 15 1 3.510 -3.196 3.531
SPIN 4 10 15 2 -3.982 4.354 0.433
SPIN 4 10 15 3 5.687 -0.402 1.581
SPIN 4 10 15 4 -3.259 3.180 3.778
SPIN 4 10 15 5 4.648 -3.139 -1.881
SPIN 4 10 15 6 1.570 4.408 3.620
SPIN 4 10 15 7 -1.677 -5.146 -2.388
SPIN 4 10 15 8 1.814 3.070 4.721
SPIN 4 10 15 9 2.162 4.575 -3.066
SPIN 4 10 15 10 -0.188 -3.591 -4.698
SPIN 4 10 15 11 0.297 -3.446 4.799
SPIN 4 10 15 12 -3.848 2.970 3.371
SPIN 4 10 15 13 -2.238 1.690 5.209
SPIN 4 10 15 14 -5.321 -1.639 -1.999
SPIN 4 10 15 15 5.535 -2.061 -0.346
SPIN 3 10 0 0 5.060 -0.478 -3.028
SPIN 3 10 0 1 -4.629 2.247 2.919
SPIN 3 10 0 2 1.705 -5.636 -0.569
SPIN 3 10 0 3 -2.467 -4.756 -2.509
SPIN 3 10 0 4 -4.331 2.317 -3.297
SPIN 3 10 0 5 0.358 5.889 0.435
SPIN 3 10 0 6 -4.594 -1.966 -3.167
SPIN 3 10 0 7 -2.829 -1.903 4.834
SPIN 3 10 0 8 4.465 1.355 3.637
SPIN 3 10 0 9 2.042 -5.374 1.397
SPIN 3 10 0 10 -4.548 -2.845 -2.495
SPIN 3 10 0 11 4.929 3.126 -0.963
SPIN 3 10 0 12 -5.407 -2.237 -0.871
SPIN 3 10 0 13 -3.933 1.849 4.014
SPIN 3 10 0 14 0.861 -3.262 -4.860
SPIN 3 10 0 15 -1.467 -5.687 0.713
SPIN 2 10 0 0 -2.091 5.513 0.487
SPIN 2 10 0 1 4.028 -4.294 -0.576
SPIN 2 10 0 2 0.322 -5.193 -2.816
SPIN 2 10 0 3 4.404 0.909 3.844
SPIN 2 10 0 4 0.962 -0.295 5.830
SPIN 2 10 0 5 3.903 -3.489 -2.756
SPIN 2 10 0 6 -2.318 -4.598 2.913
SPIN 2 10 0 7 5.653 -1.133 -1.326
SPIN 2 10 0 8 -0.641 0.094 5.880
SPIN 2 10 0 9 1.881 -2.709 -4.912
SPIN 2 10 0 10 -4.980 -2.567 1.898
SPIN 2 10 0 11 -0.990 3.501 4.665
SPIN 2 10 0 12 3.788 -4.461 -0.866
SPIN 2 10 0 13 -4.189 1.104 4.029
SPIN 2 10 0 14 -1.423 5.574 1.380
SPIN 2 10 0 15 -0.265 -5.790 -1.187
SPIN 3 10 1 0 2.610 -5.150 -1.291
SPIN 3 10 1 1 -0.853 5.550 1.863
SPIN 3 10 1 2 -5.143 2.363 -1.723
SPIN 3 10 1 3 1.104 4.724 -3.386
SPIN 3 10 1 4 1.365 5.695 0.836
SPIN 3 10 1 5 -0.203 -5.035 3.100
SPIN 3 10 1 6 -0.506 5.186 -2.802
SPIN 3 10 1 7 2.161 2.544 4.884
SPIN 3 10 1 8 -5.706 -0.550 1.462
SPIN 3 10 1 9 -0.285 -2.822 5.192
SPIN 3 10 1 10 4.310 3.917 1.039
SPIN 3 10 1 11 -2.957 -0.639 -5.084
SPIN 3 10 1 12 -2.226 -5.005 -2.236
SPIN 3 10 1 13 1.941 -4.519 -3.288
SPIN 3 10 1 14 0.234 4.026 4.328
SPIN 3 10 1 15 5.037 -2.660 1.598
SPIN 2 10 1 0 -3.316 2.798 -4.022
SPIN 2 10 1 1 2.035 -1.849 5.238
SPIN 2 10 1 2 -3.935 -0.724 -4.358
SPIN 2 10 1 3 -1.958 3.209 4.568
SPIN 2 10 1 4 -2.832 -5.058 1.181
SPIN 2 10 1 5 -5.396 2.255 0.891
SPIN 2 10 1 6 -3.615 2.657 -3.856
SPIN 2 10 1 7 4.252 -0.894 -4.015
SPIN 2 10 1 8 -2.496 0.605 5.330
SPIN 2 10 1 9 1.788 5.604 -0.632
SPIN 2 10 1 10 -2.295 -3.253 4.376
SPIN 2 10 1 11 3.709 -3.190 3.327
SPIN 2 10 1 12 -5.692 1.613 0.058
SPIN 2 10 1 13 3.334 -1.953 -4.480
SPIN 2 10 1 14 -4.772 -2.766 -2.140
SPIN 2 10 1 15 1.025 -5.662 1.374
SPIN 3 10 2 0 2.500 -1.395 5.177
SPIN 3 10 2 1 0.461 5.865 -0.626
SPIN 3 10 2 2 -0.339 2.654 -5.276
SPIN 3 10 2 3 5.020 -3.008 0.870
SPIN 3 10 2 4 5.150 -0.015 -2.912
SPIN 3 10 2 5 -2.738 0.041 -5.244
SPIN 3 10 2 6 3.573 -1.187 -4.563
SPIN 3 10 2 7 -4.774 -3.044 1.715
SPIN 3 10 2 8 -4.697 3.575 -0.402
SPIN 3 10 2 9 0.411 4.721 3.542
SPIN 3 10 2 10 1.906 -2.818 -4.840
SPIN 3 10 2 11 1.138 5.568 1.644
SPIN 3 10 2 12 1.691 5.636 0.615
SPIN 3 10 2 13 -3.417 -1.838 -4.466
SPIN 3 10 2 14 0.745 -5.805 0.866
SPIN 3 10 2 15 -0.687 3.897 -4.398
SPIN 2 10 2 0 -1.728 4.691 3.163
SPIN 2 10 2 1 -0.458 -4.326 -4.009
SPIN 2 10 2 2 0.846 -1.449 5.673
SPIN 2 10 2 3 2.562 -5.331 0.113
SPIN 2 10 2 4 -3.542 3.255 -3.444
SPIN 2 10 2 5 -1.160 -5.638 1.367
SPIN 2 10 2 6 4.281 3.750 -1.616
SPIN 2 10 2 7 2.520 -1.305 -5.191
SPIN 2 10 2 8 4.289 3.039 2.714
SPIN 2 10 2 9 0.827 -2.407 -5.341
SPIN 2 10 2 10 4.538 3.415 1.656
SPIN 2 10 2 11 -0.382 1.896 -5.591
SPIN 2 10 2 12 5.097 2.732 -1.246
SPIN 2 10 2 13 -0.530 4.692 -3.565
SPIN 2 10 2 14 -2.337 2.807 4.654
SPIN 2 10 2 15 -2.688 3.814 -3.637
SPIN 3 10 3 0 -4.565 -2.633 -2.688
SPIN 3 10 3 1 -2.029 -5.365 -1.448
SPIN 3 10 3 2 -0.595 -2.908 -5.118
SPIN 3 10 3 3 1.508 3.370 4.622
SPIN 3 10 3 4 4.217 -2.707 3.145
SPIN 3 10 3 5 -5.059 -2.457 1.835
SPIN 3 10 3 6 -1.966 -0.175 5.577
SPIN 3 10 3 7 3.544 -2.397 4.086
SPIN 3 10 3 8 3.887 -0.899 -4.369
SPIN 3 10 3 9 4.452 -2.112 -3.275
SPIN 3 10 3 10 0.118 5.243 -2.739
SPIN 3 10 3 11 -2.808 -4.783 2.059
SPIN 3 10 3 12 0.935 -2.751 -5.153
SPIN 3 10 3 13 -1.981 -5.575 -0.013
SPIN 3 10 3 14 3.311 4.852 -0.699
SPIN 3 10 3 15 5.145 -2.473 -1.553
SPIN 2 10 3 0 4.556 2.177 -3.082
SPIN 2 10 3 1 -4.086 -3.993 1.534
SPIN 2 10 3 2 0.183 3.448 -4.804
SPIN 2 10 3 3 0.525 4.824 3.385
SPIN 2 10 3 4 3.234 -1.563 -4.701
SPIN 2 10 3 5 0.850 5.015 3.021
SPIN 2 10 3 6 3.702 3.021 -3.489
SPIN 2 10 3 7 2.282 -2.619 -4.789
SPIN 2 10 3 8 4.202 -2.650 3.213
SPIN 2 10 3 9 -4.268 4.092 -0.206
SPIN 2 10 3 10 4.367 -3.816 -1.171
SPIN 2 10 3 11 -1.400 -1.827 5.450
SPIN 2 10 3 12 2.790 3.396 -3.961
SPIN 2 10 3 13 -1.499 0.599 -5.692
SPIN 2 10 3 14 -5.253 2.694 -0.376
SPIN 2 10 3 15 0.208 -5.912 0.097
SPIN 3 10 4 0 0.349 5.858 0.752
SPIN 3 10 4 1 3.250 1.626 -4.669
SPIN 3 10 4 2 -2.831 -4.067 3.232
SPIN 3 10 4 3 -1.861 5.140 2.262
SPIN 3 10 4 4 1.538 -5.478 1.620
SPIN 3 10 4 5 0.481 -4.210 -4.128
SPIN 3 10 4 6 4.575 -2.729 2.573
SPIN 3 10 4 7 -2.713 3.817 3.615
SPIN 3 10 4 8 -4.342 -3.981 0.541
SPIN 3 10 4 9 2.821 0.823 -5.135
SPIN 3 10 4 10 3.526 -4.080 -2.432
SPIN 3 10 4 11 5.118 -0.562 -2.914
SPIN 3 10 4 12 -3.203 -4.492 -2.136
SPIN 3 10 4 13 1.102 -0.472 -5.793
SPIN 3 10 4 14 -4.639 -2.826 -2.345
SPIN 3 10 4 15 -5.003 2.735 -1.579
SPIN 2 10 4 0 -4.544 0.370 -3.770
SPIN 2 10 4 1 1.933 -5.564 -0.555
SPIN 2 10 4 2 3.231 4.790 1.272
SPIN 2 10 4 3 -1.039 -2.627 -5.198
SPIN 2 10 4 4 -0.235 -4.204 -4.155
SPIN 2 10 4 5 2.917 5.010 -1.178
SPIN 2 10 4 6 -2.818 1.374 5.017
SPIN 2 10 4 7 3.979 2.974 3.213
SPIN 2 10 4 8 -5.612 -1.866 0.141
SPIN 2 10 4 9 1.526 -4.792 3.115
SPIN 2 10 4 10 5.659 0.780 1.538
SPIN 2 10 4 11 5.083 -2.196 -2.082
SPIN 2 10 4 12 -2.700 -1.897 -4.910
SPIN 2 10 4 13 5.103 2.720 1.248
SPIN 2 10 4 14 -3.182 4.572 -1.993
SPIN 2 10 4 15 0.021 -2.956 5.125
SPIN 3 10 5 0 -0.891 -3.671 -4.553
SPIN 3 10 5 1 2.501 -3.204 -4.299
SPIN 3 10 5 2 3.534 -4.220 -2.168
SPIN 3 10 5 3 0.162 0.021 -5.914
SPIN 3 10 5 4 -2.317 4.251 3.400
SPIN 3 10 5 5 0.116 -5.618 1.849
SPIN 3 10 5 6 -2.627 0.648 -5.261
SPIN 3 10 5 7 -2.067 -5.319 1.560
SPIN 3 10 5 8 1.313 5.745 -0.525
SPIN 3 10 5 9 3.748 -4.436 1.129
SPIN 3 10 5 10 -3.193 -4.981 -0.029
SPIN 3 10 5 11 -5.702 -0.102 1.574
SPIN 3 10 5 12 -5.537 -2.062 0.298
SPIN 3 10 5 13 2.905 -1.039 5.048
SPIN 3 10 5 14 5.810 1.038 0.401
SPIN 3 10 5 15 3.228 3.812 -3.170
SPIN 2 10 5 0 1.455 5.149 2.523
SPIN 2 10 5 1 1.637 3.942 -4.096
SPIN 2 10 5 2 -2.980 1.969 4.716
SPIN 2 10 5 3 4.576 -3.471 -1.419
SPIN 2 10 5 4 3.540 -3.857 -2.756
SPIN 2 10 5 5 3.090 2.372 4.452
SPIN 2 10 5 6 2.125 4.220 -3.560
SPIN 2 10 5 7 -5.856 0.837 -0.047
SPIN 2 10 5 8 -3.539 -0.488 4.715
SPIN 2 10 5 9 4.754 -3.073 -1.721
SPIN 2 10 5 10 -0.891 5.013 -3.012
SPIN 2 10 5 11 2.195 5.407 0.974
SPIN 2 10 5 12 -1.553 -4.504 3.507
SPIN 2 10 5 13 -0.835 5.711 1.297
SPIN 2 10 5 14 2.612 -5.168 1.211
SPIN 2 10 5 15 -1.027 -5.326 -2.363
SPIN 3 10 6 0 -5.021 -1.673 2.644
SPIN 3 10 6 1 0.502 3.188 4.959
SPIN 3 10 6 2 -2.767 -3.356 -4.009
SPIN 3 10 6 3 5.575 -1.979 0.063
SPIN 3 10 6 4 -5.023 1.139 2.911
SPIN 3 10 6 5 -1.443 5.692 0.724
SPIN 3 10 6 6 -2.292 -1.181 -5.325
SPIN 3 10 6 7 4.932 -1.876 -2.676
SPIN 3 10 6 8 -5.759 1.351 0.051
SPIN 3 10 6 9 3.565 1.076 4.597
SPIN 3 10 6 10 -1.031 1.479 -5.635
SPIN 3 10 6 11 1.160 -0.413 5.786
SPIN 3 10 6 12 1.867 -5.398 -1.543
SPIN 3 10 6 13 -3.512 4.606 -1.205
SPIN 3 10 6 14 -3.171 -4.969 0.508
SPIN 3 10 6 15 -2.841 4.033 3.266
SPIN 2 10 6 0 2.048 0.461 -5.531
SPIN 2 10 6 1 -1.481 1.499 5.528
SPIN 2 10 6 2 2.943 -5.062 0.846
SPIN 2 10 6 3 -0.928 5.719 -1.195
SPIN 2 10 6 4 3.639 -0.807 -4.594
SPIN 2 10 6 5 -0.630 5.823 0.837
SPIN 2 10 6 6 5.298 -1.040 -2.419
SPIN 2 10 6 7 -0.446 -4.465 3.855
SPIN 2 10 6 8 2.779 5.050 1.332
SPIN 2 10 6 9 1.610 -5.158 -2.409
SPIN 2 10 6 10 -1.005 5.385 2.235
SPIN 2 10 6 11 1.584 -3.341 -4.618
SPIN 2 10 6 12 -2.994 2.232 4.588
SPIN 2 10 6 13 2.214 -4.128 3.613
SPIN 2 10 6 14 -1.847 2.702 -4.928
SPIN 2 10 6 15 3.323 4.818 -0.865
SPIN 3 10 7 0 -5.650 -0.034 1.754
SPIN 3 10 7 1 3.589 -4.147 -2.217
SPIN 3 10 7 2 4.675 0.576 3.580
SPIN 3 10 7 3 -5.383 1.822 -1.646
SPIN 3 10 7 4 -4.609 -1.815 -3.234
SPIN 3 10 7 5 -2.984 -3.145 4.026
SPIN 3 10 7 6 3.042 1.037 4.967
SPIN 3 10 7 7 2.198 5.031 -2.204
SPIN 3 10 7 8 2.318 -5.197 1.617
SPIN 3 10 7 9 2.329 -5.410 0.555
SPIN 3 10 7 10 4.719 -2.227 2.788
SPIN 3 10 7 11 -5.348 -1.260 2.194
SPIN 3 10 7 12 -0.469 -3.425 -4.801
SPIN 3 10 7 13 4.736 3.087 1.744
SPIN 3 10 7 14 -2.419 -5.217 -1.388
SPIN 3 10 7 15 -5.226 -1.853 -2.062
SPIN 2 10 7 0 -3.841 -0.349 4.486
SPIN 2 10 7 1 -4.785 -0.407 3.456
SPIN 2 10 7 2 4.520 3.586 1.306
SPIN 2 10 7 3 -5.341 -2.530 0.274
SPIN 2 10 7 4 1.383 -1.654 -5.509
SPIN 2 10 7 5 0.365 -5.195 2.807
SPIN 2 10 7 6 -2.691 0.579 -5.237
SPIN 2 10 7 7 1.517 0.671 -5.679
SPIN 2 10 7 8 -4.448 3.863 0.542
SPIN 2 10 7 9 -4.442 3.823 0.807
SPIN 2 10 7 10 -4.914 2.812 -1.715
SPIN 2 10 7 11 -0.974 5.584 -1.693
SPIN 2 10 7 12 -4.282 -0.367 -4.065
SPIN 2 10 7 13 3.081 3.040 4.034
SPIN 2 10 7 14 3.230 -0.543 -4.927
SPIN 2 10 7 15 0.926 -5.829 -0.414
SPIN 3 10 8 0 4.311 -0.353 -4.036
SPIN 3 10 8 1 -2.877 5.076 -0.981
SPIN 3 10 8 2 -1.613 -5.188 -2.343
SPIN 3 10 8 3 3.765 4.443 1.042
SPIN 3 10 8 4 4.219 4.069 0.801
SPIN 3 10 8 5 -0.239 -1.751 -5.646
SPIN 3 10 8 6 -1.502 1.444 5.537
SPIN 3 10 8 7 -1.103 -3.349 4.751
SPIN 3 10 8 8 4.387 1.595 -3.634
SPIN 3 10 8 9 1.528 -1.114 5.606
SPIN 3 10 8 10 -3.028 -1.952 4.693
SPIN 3 10 8 11 0.423 -4.972 -3.179
SPIN 3 10 8 12 2.781 3.284 4.060
SPIN 3 10 8 13 -1.779 -5.590 0.766
SPIN 3 10 8 14 5.317 0.097 2.592
SPIN 3 10 8 15 4.208 -1.906 3.695
SPIN 2 10 8 0 5.335 -0.176 2.550
SPIN 2 10 8 1 3.347 -2.561 4.152
SPIN 2 10 8 2 -2.597 0.091 -5.315
SPIN 2 10 8 3 4.654 -1.652 3.258
SPIN 2 10 8 4 1.760 1.249 5.508
SPIN 2 10 8 5 -3.666 3.676 -2.837
SPIN 2 10 8 6 2.457 0.320 5.372
SPIN 2 10 8 7 -4.984 -0.169 -3.183
SPIN 2 10 8 8 4.399 3.690 -1.427
SPIN 2 10 8 9 -3.213 -2.303 -4.402
SPIN 2 10 8 10 -3.454 -1.037 -4.690
SPIN 2 10 8 11 -2.717 4.845 -2.035
SPIN 2 10 8 12 0.774 4.238 4.055
SPIN 2 10 8 13 -2.485 -4.028 -3.550
SPIN 2 10 8 14 -3.848 2.784 3.527
SPIN 2 10 8 15 -4.866 0.477 -3.331
SPIN 3 10 9 0 -1.275 -5.278 -2.348
SPIN 3 10 9 1 0.990 -5.276 -2.486
SPIN 3 10 9 2 4.092 3.546 -2.385
SPIN 3 10 9 3 -2.068 -5.495 -0.726
SPIN 3 10 9 4 -4.335 -3.821 -1.268
SPIN 3 10 9 5 -0.632 5.782 1.080
SPIN 3 10 9 6 -5.062 -2.071 -2.256
SPIN 3 10 9 7 1.125 1.898 5.489
SPIN 3 10 9 8 -1.713 2.025 -5.288
SPIN 3 10 9 9 -3.408 0.125 -4.834
SPIN 3 10 9 10 0.663 -5.210 2.723
SPIN 3 10 9 11 0.595 -5.726 -1.363
SPIN 3 10 9 12 1.278 4.080 -4.089
SPIN 3 10 9 13 1.923 5.489 -1.081
SPIN 3 10 9 14 -1.260 -3.329 -4.725
SPIN 3 10 9 15 -0.330 -5.609 1.851
SPIN 2 10 9 0 -3.189 -3.052 -3.939
SPIN 2 10 9 1 -2.079 -3.083 4.601
SPIN 2 10 9 2 5.061 -0.432 3.033
SPIN 2 10 9 3 -4.045 -3.791 -2.066
SPIN 2 10 9 4 1.888 4.331 3.561
SPIN 2 10 9 5 5.668 -1.681 -0.204
SPIN 2 10 9 6 -1.356 -3.437 4.621
SPIN 2 10 9 7 4.264 3.435 2.239
SPIN 2 10 9 8 -3.181 2.731 4.174
SPIN 2 10 9 9 -0.991 1.356 5.673
SPIN 2 10 9 10 -5.873 -0.712 0.047
SPIN 2 10 9 11 1.373 -5.722 -0.616
SPIN 2 10 9 12 -1.104 -2.285 -5.344
SPIN 2 10 9 13 0.403 -5.373 2.442
SPIN 2 10 9 14 -1.047 -5.431 2.100
SPIN 2 10 9 15 4.360 3.988 -0.284
SPIN 3 10 10 0 1.406 -4.402 -3.694
SPIN 3 10 10 1 5.842 0.444 0.822
SPIN 3 10 10 2 -3.875 3.422 -2.878
SPIN 3 10 10 3 -1.943 -5.587 -0.114
SPIN 3 10 10 4 -4.970 -0.533 3.164
SPIN 3 10 10 5 -3.876 4.195 -1.542
SPIN 3 10 10 6 -0.400 0.292 5.895
SPIN 3 10 10 7 0.102 2.765 -5.229
SPIN 3 10 10 8 0.469 4.452 3.868
SPIN 3 10 10 9 -0.983 2.689 -5.177
SPIN 3 10 10 10 -5.530 1.363 1.600
SPIN 3 10 10 11 -1.595 2.767 4.980
SPIN 3 10 10 12 5.043 1.554 2.674
SPIN 3 10 10 13 -2.370 3.961 -3.700
SPIN 3 10 10 14 -3.132 5.010 -0.297
SPIN 3 10 10 15 -0.131 -5.914 0.080
SPIN 2 10 10 0 -0.423 5.699 1.531
SPIN 2 10 10 1 5.728 1.142 0.943
SPIN 2 10 10 2 0.683 5.658 1.586
SPIN 2 10 10 3 -2.609 0.099 -5.309
SPIN 2 10 10 4 1.070 -5.361 -2.261
SPIN 2 10 10 5 -5.513 0.372 -2.113
SPIN 2 10 10 6 5.354 0.171 2.511
SPIN 2 10 10 7 0.569 2.039 -5.524
SPIN 2 10 10 8 2.363 -4.367 -3.217
SPIN 2 10 10 9 4.226 -1.868 3.695
SPIN 2 10 10 10 5.492 -2.049 -0.798
SPIN 2 10 10 11 -3.045 -2.323 4.509
SPIN 2 10 10 12 -4.526 -3.642 1.118
SPIN 2 10 10 13 -3.619 -4.668 0.333
SPIN 2 10 10 14 3.723 2.775 3.665
SPIN 2 10 10 15 -5.858 -0.601 -0.566
SPIN 3 10 11 0 0.315 -4.259 4.094
SPIN 3 10 11 1 -2.367 1.253 -5.275
SPIN 3 10 11 2 1.463 -3.772 4.316
SPIN 3 10 11 3 3.095 4.753 1.681
SPIN 3 10 11 4 -4.635 3.636 0.544
SPIN 3 10 11 5 1.099 -0.067 -5.813
SPIN 3 10 11 6 1.452 -4.201 3.905
SPIN 3 10 11 7 -2.847 0.068 -5.185
SPIN 3 10 11 8 0.130 -2.111 5.525
SPIN 3 10 11 9 1.842 -0.556 5.594
SPIN 3 10 11 10 -4.089 4.242 -0.536
SPIN 3 10 11 11 2.466 5.197 -1.381
SPIN 3 10 11 12 -1.236 -4.617 3.487
SPIN 3 10 11 13 -0.550 1.908 -5.573
SPIN 3 10 11 14 -3.128 0.458 5.001
SPIN 3 10 11 15 4.756 2.879 2.024
SPIN 2 10 11 0 -2.579 4.844 -2.210
SPIN 2 10 11 1 0.285 5.897 -0.379
SPIN 2 10 11 2 5.785 -0.907 -0.841
SPIN 2 10 11 3 -3.082 3.174 3.928
SPIN 2 10 11 4 -4.880 -2.601 2.102
SPIN 2 10 11 5 3.077 0.414 -5.036
SPIN 2 10 11 6 -0.772 4.863 -3.280
SPIN 2 10 11 7 -2.763 -0.458 5.211
SPIN 2 10 11 8 4.949 2.751 1.713
SPIN 2 10 11 9 -0.908 5.690 -1.343
SPIN 2 10 11 10 -2.226 -5.326 1.296
SPIN 2 10 11 11 -0.690 5.465 -2.159
SPIN 2 10 11 12 1.029 -5.484 -1.968
SPIN 2 10 11 13 0.465 5.884 -0.401
SPIN 2 10 11 14 2.797 -2.762 -4.421
SPIN 2 10 11 15 0.771 4.680 3.535
SPIN 3 10 12 0 1.057 1.672 -5.575
SPIN 3 10 12 1 3.256 -2.228 -4.408
SPIN 3 10 12 2 -2.948 -3.374 -3.864
SPIN 3 10 12 3 -3.233 -0.384 -4.940
SPIN 3 10 12 4 -0.547 4.132 4.199
SPIN 3 10 12 5 -2.086 -3.938 3.892
SPIN 3 10 12 6 -2.385 4.594 2.864
SPIN 3 10 12 7 -1.404 -0.323 -5.738
SPIN 3 10 12 8 0.700 4.167 4.141
SPIN 3 10 12 9 -4.721 -0.766 -3.482
SPIN 3 10 12 10 4.902 -3.220 -0.776
SPIN 3 10 12 11 -1.151 -0.329 5.794
SPIN 3 10 12 12 0.770 5.166 -2.779
SPIN 3 10 12 13 0.113 -5.755 -1.368
SPIN 3 10 12 14 2.974 5.093 0.470
SPIN 3 10 12 15 4.724 -3.354 -1.197
SPIN 2 10 12 0 0.991 2.328 5.348
SPIN 2 10 12 1 1.649 3.533 4.449
SPIN 2 10 12 2 -4.018 3.491 -2.582
SPIN 2 10 12 3 -4.700 0.675 -3.529
SPIN 2 10 12 4 4.316 1.699 -3.672
SPIN 2 10 12 5 -3.620 -0.953 -4.581
SPIN 2 10 12 6 0.439 -3.644 4.640
SPIN 2 10 12 7 3.031 -4.037 3.085
SPIN 2 10 12 8 -1.572 4.526 3.470
SPIN 2 10 12 9 5.691 1.577 0.351
SPIN 2 10 12 10 -0.152 -2.530 -5.345
SPIN 2 10 12 11 2.447 -5.216 1.345
SPIN 2 10 12 12 4.636 -1.268 -3.450
SPIN 2 10 12 13 -4.531 2.057 3.200
SPIN 2 10 12 14 4.205 -3.180 -2.684
SPIN 2 10 12 15 -3.931 4.131 1.576
SPIN 3 10 13 0 -4.994 1.266 2.909
SPIN 3 10 13 1 -4.179 1.594 -3.873
SPIN 3 10 13 2 0.903 -1.715 5.590
SPIN 3 10 13 3 5.309 -0.618 2.536
SPIN 3 10 13 4 3.642 0.629 -4.619
SPIN 3 10 13 5 -3.598 4.238 2.023
SPIN 3 10 13 6 3.827 -2.998 -3.371
SPIN 3 10 13 7 2.291 -4.238 -3.434
SPIN 3 10 13 8 -0.810 -3.346 4.811
SPIN 3 10 13 9 -1.770 4.869 2.857
SPIN 3 10 13 10 -2.971 2.751 -4.314
SPIN 3 10 13 11 0.234 5.735 1.434
SPIN 3 10 13 12 0.260 3.673 -4.630
SPIN 3 10 13 13 2.658 4.949 -1.855
SPIN 3 10 13 14 2.927 -4.851 1.703
SPIN 3 10 13 15 4.788 -2.995 -1.764
SPIN 2 10 13 0 -1.700 -1.412 -5.488
SPIN 2 10 13 1 -2.346 -0.151 -5.429
SPIN 2 10 13 2 4.628 -1.986 3.104
SPIN 2 10 13 3 1.997 5.137 -2.150
SPIN 2 10 13 4 -5.626 -1.818 -0.208
SPIN 2 10 13 5 0.985 -5.832 -0.116
SPIN 2 10 13 6 2.195 0.750 -5.442
SPIN 2 10 13 7 -4.541 -2.990 2.332
SPIN 2 10 13 8 -2.320 1.154 -5.318
SPIN 2 10 13 9 -0.410 2.385 5.398
SPIN 2 10 13 10 -5.830 -0.792 -0.616
SPIN 2 10 13 11 5.467 -2.086 0.874
SPIN 2 10 13 12 -2.380 -1.397 5.233
SPIN 2 10 13 13 3.418 4.538 1.651
SPIN 2 10 13 14 4.640 -0.574 -3.626
SPIN 2 10 13 15 4.963 -1.708 2.730
SPIN 3 10 14 0 1.194 1.476 5.603
SPIN 3 10 14 1 1.472 -5.510 -1.572
SPIN 3 10 14 2 5.069 1.854 -2.423
SPIN 3 10 14 3 -3.792 4.058 2.039
SPIN 3 10 14 4 -4.627 -3.133 -1.943
SPIN 3 10 14 5 -4.444 3.882 0.421
SPIN 3 10 14 6 4.603 1.047 3.566
SPIN 3 10 14 7 2.890 -5.162 -0.002
SPIN 3 10 14 8 -2.801 3.031 4.239
SPIN 3 10 14 9 2.977 -3.739 3.487
SPIN 3 10 14 10 -5.801 -1.013 -0.563
SPIN 3 10 14 11 -1.708 -5.659 -0.235
SPIN 3 10 14 12 1.741 -2.555 5.044
SPIN 3 10 14 13 0.515 5.883 -0.362
SPIN 3 10 14 14 -2.211 5.402 -0.966
SPIN 3 10 14 15 -5.561 0.000 2.018
SPIN 2 10 14 0 5.810 -1.017 -0.461
SPIN 2 10 14 1 -0.427 5.547 2.012
SPIN 2 10 14 2 5.536 1.772 -1.103
SPIN 2 10 14 3 -4.564 3.739 -0.438
SPIN 2 10 14 4 2.607 -4.172 -3.286
SPIN 2 10 14 5 -2.049 1.573 5.322
SPIN 2 10 14 6 2.283 -5.438 -0.468
SPIN 2 10 14 7 1.196 -2.803 -5.071
SPIN 2 10 14 8 -1.793 5.562 0.922
SPIN 2 10 14 9 -2.556 -0.782 -5.278
SPIN 2 10 14 10 -0.635 1.332 -5.729
SPIN 2 10 14 11 0.662 5.602 1.783
SPIN 2 10 14 12 3.698 -2.679 -3.762
SPIN 2 10 14 13 -5.620 -0.498 1.779
SPIN 2 10 14 14 5.630 1.812 0.161
SPIN 2 10 14 15 -5.697 1.163 -1.090
SPIN 3 10 15 0 4.816 -2.949 -1.761
SPIN 3 10 15 1 -4.967 0.007 -3.215
SPIN 3 10 15 2 -1.688 -2.012 5.301
SPIN 3 10 15 3 1.766 1.244 -5.508
SPIN 3 10 15 4 -2.492 4.710 -2.570
SPIN 3 10 15 5 -5.437 -0.464 2.285
SPIN 3 10 15 6 1.248 -5.480 1.849
SPIN 3 10 15 7 -4.271 2.216 -3.442
SPIN 3 10 15 8 -4.333 -4.025 0.161
SPIN 3 10 15 9 -5.481 2.081 0.790
SPIN 3 10 15 10 4.328 2.850 2.854
SPIN 3 10 15 11 -3.014 4.021 3.122
SPIN 3 10 15 12 0.598 4.756 -3.467
SPIN 3 10 15 13 1.516 -5.701 -0.448
SPIN 3 10 15 14 -4.021 4.213 -1.040
SPIN 3 10 15 15 4.299 3.435 2.171
SPIN 2 10 15 0 -5.838 0.709 0.648
SPIN 2 10 15 1 -4.876 -1.554 2.967
SPIN 2 10 15 2 1.860 -3.494 4.397
SPIN 2 10 15 3 -3.312 0.699 4.852
SPIN 2 10 15 4 4.672 -1.026 -3.481
SPIN 2 10 15 5 0.103 -0.561 -5.889
SPIN 2 10 15 6 -2.026 4.966 2.496
SPIN 2 10 15 7 2.414 2.996 -4.494
SPIN 2 10 15 8 0.095 -5.168 -2.878
SPIN 2 10 15 9 -3.305 -4.618 1.661
SPIN 2 10 15 10 2.318 5.277 1.332
SPIN 2 10 15 11 -2.223 -4.680 -2.856
SPIN 2 10 15 12 4.484 0.264 3.850
SPIN 2 10 15 13 3.788 2.361 -3.883
SPIN 2 10 15 14 2.812 -2.332 -4.653
SPIN 2 10 15 15 5.307 -0.961 2.432
SPIN 1 11 0 0 -3.529 4.687 -0.756
SPIN 1 11 0 1 0.411 5.747 -1.342
SPIN 1 11 0 2 -0.522 -4.309 -4.020
SPIN 1 11 0 3 -2.504 4.794 -2.398
SPIN 1 11 0 4 2.646 4.210 -3.206
SPIN 1 11 0 5 2.551 3.394 4.120
SPIN 1 11 0 6 0.538 5.877 -0.411
SPIN 1 11 0 7 2.533 -5.036 1.796
SPIN 1 11 0 8 -1.393 5.734 -0.421
SPIN 1 11 0 9 -0.490 4.839 3.368
SPIN 1 11 0 10 3.366 2.814 -3.969
SPIN 1 11 0 11 -0.635 0.479 5.862
SPIN 1 11 0 12 -5.024 2.661 1.636
SPIN 1 11 0 13 -0.082 -5.863 -0.786
SPIN 1 11 0 14 -3.048 4.232 -2.794
SPIN 1 11 0 15 -3.108 3.623 -3.495
SPIN 4 11 0 0 1.313 1.282 -5.624
SPIN 4 11 0 1 -4.533 0.035 -3.801
SPIN 4 11 0 2 -0.015 5.676 1.667
SPIN 4 11 0 3 0.881 -4.823 -3.310
SPIN 4 11 0 4 -4.869 -0.017 3.360
SPIN 4 11 0 5 5.434 -0.837 -2.185
SPIN 4 11 0 6 -5.250 -2.727 -0.018
SPIN 4 11 0 7 2.813 1.408 -5.010
SPIN 4 11 0 8 -3.212 -4.811 -1.238
SPIN 4 11 0 9 -2.342 4.389 -3.202
SPIN 4 11 0 10 -3.894 -3.904 2.143
SPIN 4 11 0 11 -3.137 -4.562 -2.086
SPIN 4 11 0 12 5.048 2.794 1.310
SPIN 4 11 0 13 1.856 2.703 -4.925
SPIN 4 11 0 14 -3.267 -4.794 -1.158
SPIN 4 11 0 15 0.385 -2.118 -5.510
SPIN 1 11 1 0 -5.406 -1.324 -2.006
SPIN 1 11 1 1 -3.942 4.406 -0.222
SPIN 1 11 1 2 5.668 0.513 1.615
SPIN 1 11 1 3 -0.998 1.269 -5.692
SPIN 1 11 1 4 1.703 -1.667 5.415
SPIN 1 11 1 5 -2.887 -2.768 -4.359
SPIN 1 11 1 6 0.220 -0.704 5.870
SPIN 1 11 1 7 -1.368 -1.321 -5.602
SPIN 1 11 1 8 -1.539 -1.868 5.398
SPIN 1 11 1 9 4.155 -4.211 0.044
SPIN 1 11 1 10 2.265 4.678 2.827
SPIN 1 11 1 11 2.229 -0.861 -5.412
SPIN 1 11 1 12 3.791 -3.260 -3.162
SPIN 1 11 1 13 5.513 2.004 -0.770
SPIN 1 11 1 14 -1.442 -1.966 -5.390
SPIN 1 11 1 15 1.574 -0.515 5.680
SPIN 4 11 1 0 0.919 -0.917 5.772
SPIN 4 11 1 1 5.295 1.985 1.739
SPIN 4 11 1 2 -4.012 -2.195 -3.753
SPIN 4 11 1 3 3.481 2.578 4.030
SPIN 4 11 1 4 -5.569 -1.060 1.693
SPIN 4 11 1 5 0.220 0.921 5.840
SPIN 4 11 1 6 5.484 -0.376 2.188
SPIN 4 11 1 7 -4.232 -4.074 0.703
SPIN 4 11 1 8 5.878 0.670 -0.024
SPIN 4 11 1 9 4.234 -3.939 -1.245
SPIN 4 11 1 10 -4.801 -2.741 -2.107
SPIN 4 11 1 11 2.400 -2.264 4.911
SPIN 4 11 1 12 -1.934 1.987 -5.226
SPIN 4 11 1 13 4.927 2.137 2.482
SPIN 4 11 1 14 2.935 0.560 -5.106
SPIN 4 11 1 15 2.632 -2.531 -4.655
SPIN 1 11 2 0 -2.789 -4.680 -2.307
SPIN 1 11 2 1 1.963 0.025 -5.581
SPIN 1 11 2 2 -4.171 -4.056 -1.072
SPIN 1 11 2 3 -1.310 -5.769 0.065
SPIN 1 11 2 4 -3.998 -0.433 -4.339
SPIN 1 11 2 5 4.399 -3.094 2.465
SPIN 1 11 2 6 -1.140 -5.542 1.728
SPIN 1 11 2 7 3.409 -4.139 2.500
SPIN 1 11 2 8 5.268 2.668 -0.357
SPIN 1 11 2 9 3.534 -4.595 1.181
SPIN 1 11 2 10 -2.283 5.458 -0.023
SPIN 1 11 2 11 -5.764 -1.275 0.392
SPIN 1 11 2 12 3.150 0.892 -4.928
SPIN 1 11 2 13 -3.887 -4.176 1.566
SPIN 1 11 2 14 5.001 -0.942 3.017
SPIN 1 11 2 15 1.556 4.270 3.787
SPIN 4 11 2 0 1.806 3.771 4.186
SPIN 4 11 2 1 -3.570 -3.445 3.222
SPIN 4 11 2 2 4.835 2.666 -2.126
SPIN 4 11 2 3 0.148 -5.534 -2.087
SPIN 4 11 2 4 0.809 1.678 -5.615
SPIN 4 11 2 5 -3.325 4.092 -2.682
SPIN 4 11 2 6 0.152 4.962 3.217
SPIN 4 11 2 7 -1.904 -0.944 -5.521
SPIN 4 11 2 8 0.593 -1.603 5.664
SPIN 4 11 2 9 -2.149 5.236 -1.724
SPIN 4 11 2 10 1.923 -5.038 -2.433
SPIN 4 11 2 11 -5.378 0.772 -2.340
SPIN 4 11 2 12 2.605 -5.289 0.493
SPIN 4 11 2 13 -0.019 4.762 -3.510
SPIN 4 11 2 14 -4.946 1.000 3.089
SPIN 4 11 2 15 4.567 0.514 -3.725
SPIN 1 11 3 0 4.426 3.912 0.337
SPIN 1 11 3 1 1.433 -2.536 5.149
SPIN 1 11 3 2 4.288 -4.039 0.544
SPIN 1 11 3 3 3.150 1.390 -4.811
SPIN 1 11 3 4 1.582 5.645 -0.792
SPIN 1 11 3 5 5.584 -1.564 1.170
SPIN 1 11 3 6 2.416 -5.331 -0.862
SPIN 1 11 3 7 3.698 1.288 -4.435
SPIN 1 11 3 8 -5.247 -0.406 -2.702
SPIN 1 11 3 9 0.300 3.612 4.676
SPIN 1 11 3 10 -0.613 -5.264 2.630
SPIN 1 11 3 11 5.270 2.632 -0.546
SPIN 1 11 3 12 1.971 -5.578 0.005
SPIN 1 11 3 13 5.342 0.960 -2.353
SPIN 1 11 3 14 4.045 4.076 -1.423
SPIN 1 11 3 15 1.507 -5.624 1.047
SPIN 4 11 3 0 -2.714 -5.247 -0.323
SPIN 4 11 3 1 -1.557 5.431 1.755
SPIN 4 11 3 2 4.356 2.194 -3.348
SPIN 4 11 3 3 -5.873 0.705 0.121
SPIN 4 11 3 4 -0.682 -2.613 5.264
SPIN 4 11 3 5 4.283 -2.630 -3.121
SPIN 4 11 3 6 -4.676 3.618 -0.209
SPIN 4 11 3 7 -4.054 -1.699 3.960
SPIN 4 11 3 8 3.188 -3.711 -3.327
SPIN 4 11 3 9 -0.050 5.100 -2.997
SPIN 4 11 3 10 1.266 2.668 5.126
SPIN 4 11 3 11 -1.027 -2.981 -5.006
SPIN 4 11 3 12 0.652 4.913 3.231
SPIN 4 11 3 13 0.462 -3.621 4.655
SPIN 4 11 3 14 1.831 -1.161 -5.505
SPIN 4 11 3 15 0.549 4.891 3.282
SPIN 1 11 4 0 -2.103 -4.068 -3.745
SPIN 1 11 4 1 5.487 2.195 0.268
SPIN 1 11 4 2 2.794 -5.210 -0.207
SPIN 1 11 4 3 2.410 -5.368 0.612
SPIN 1 11 4 4 -2.230 5.452 0.556
SPIN 1 11 4 5 -1.883 3.814 4.112
SPIN 1 11 4 6 5.325 -1.323 2.213
SPIN 1 11 4 7 -5.807 0.342 1.077
SPIN 1 11 4 8 3.232 3.985 2.946
SPIN 1 11 4 9 -4.801 -0.421 -3.432
SPIN 1 11 4 10 5.358 -2.469 -0.435
SPIN 1 11 4 11 -0.594 4.746 -3.481
SPIN 1 11 4 12 -5.666 1.432 0.916
SPIN 1 11 4 13 5.106 -0.391 2.963
SPIN 1 11 4 14 5.602 -0.687 1.775
SPIN 1 11 4 15 -3.379 -4.428 1.994
SPIN 4 11 4 0 -2.829 -3.386 3.941
SPIN 4 11 4 1 1.649 -5.638 -0.702
SPIN 4 11 4 2 -4.765 3.352 -1.031
SPIN 4 11 4 3 -1.259 -1.034 5.687
SPIN 4 11 4 4 3.032 -2.998 -4.101
SPIN 4 11 4 5 -3.983 4.290 -0.859
SPIN 4 11 4 6 2.803 -1.184 5.073
SPIN 4 11 4 7 -2.665 -1.790 -4.969
SPIN 4 11 4 8 5.756 0.377 -1.315
SPIN 4 11 4 9 -5.233 -2.554 1.045
SPIN 4 11 4 10 2.697 1.938 -4.896
SPIN 4 11 4 11 2.509 4.764 2.451
SPIN 4 11 4 12 -4.547 -3.272 -1.902
SPIN 4 11 4 13 5.529 1.778 1.126
SPIN 4 11 4 14 0.107 -3.328 -4.890
SPIN 4 11 4 15 5.607 0.253 1.870
SPIN 1 11 5 0 -3.149 1.306 4.835
SPIN 1 11 5 1 1.200 -5.252 -2.445
SPIN 1 11 5 2 2.818 4.856 1.866
SPIN 1 11 5 3 -4.270 -3.924 1.171
SPIN 1 11 5 4 2.394 -4.306 -3.275
SPIN 1 11 5 5 -2.339 4.180 3.472
SPIN 1 11 5 6 2.489 2.062 -4.955
SPIN 1 11 5 7 4.190 1.469 -3.909
SPIN 1 11 5 8 -1.794 -3.239 4.614
SPIN 1 11 5 9 -5.866 0.239 0.728
SPIN 1 11 5 10 0.213 1.768 -5.642
SPIN 1 11 5 11 3.005 -5.067 0.545
SPIN 1 11 5 12 5.313 2.346 -1.127
SPIN 1 11 5 13 -5.817 -1.024 0.332
SPIN 1 11 5 14 -5.554 -0.738 1.900
SPIN 1 11 5 15 0.942 -2.218 5.403
SPIN 4 11 5 0 2.420 5.342 -0.777
SPIN 4 11 5 1 -4.844 2.732 -2.017
SPIN 4 11 5 2 5.097 -1.491 -2.608
SPIN 4 11 5 3 -4.271 3.925 1.166
SPIN 4 11 5 4 -2.115 4.804 2.729
SPIN 4 11 5 5 -0.802 -2.248 5.413
SPIN 4 11 5 6 -0.671 -5.839 -0.674
SPIN 4 11 5 7 -1.666 3.625 4.368
SPIN 4 11 5 8 1.117 -3.541 -4.606
SPIN 4 11 5 9 4.106 3.931 -1.638
SPIN 4 11 5 10 -5.865 -0.231 -0.740
SPIN 4 11 5 11 -4.959 -2.830 -1.549
SPIN 4 11 5 12 -0.573 0.514 5.866
SPIN 4 11 5 13 2.224 4.602 -2.978
SPIN 4 11 5 14 0.804 -5.732 -1.222
SPIN 4 11 5 15 -0.802 0.388 -5.849
SPIN 1 11 6 0 3.042 -3.962 -3.170
SPIN 1 11 6 1 -3.994 1.996 3.881
SPIN 1 11 6 2 -2.241 -0.931 -5.396
SPIN 1 11 6 3 5.477 2.151 0.610
SPIN 1 11 6 4 1.603 -4.747 3.145
SPIN 1 11 6 5 0.216 -5.580 -1.953
SPIN 1 11 6 6 1.699 -0.719 5.621
SPIN 1 11 6 7 3.373 4.717 1.169
SPIN 1 11 6 8 4.183 1.026 4.056
SPIN 1 11 6 9 -5.751 -0.480 -1.302
SPIN 1 11 6 10 1.117 -4.640 3.496
SPIN 1 11 6 11 -0.113 5.195 2.829
SPIN 1 11 6 12 -1.508 -5.359 -2.002
SPIN 1 11 6 13 -5.489 -1.344 -1.750
SPIN 1 11 6 14 -2.651 3.777 -3.702
SPIN 1 11 6 15 1.366 -1.182 5.634
SPIN 4 11 6 0 -3.491 -4.173 2.325
SPIN 4 11 6 1 0.234 -5.880 -0.610
SPIN 4 11 6 2 3.666 4.603 0.612
SPIN 4 11 6 3 -4.762 3.447 -0.663
SPIN 4 11 6 4 0.716 -5.304 -2.522
SPIN 4 11 6 5 -3.660 2.242 -4.072
SPIN 4 11 6 6 1.291 2.867 5.011
SPIN 4 11 6 7 -3.576 -2.645 -3.901
SPIN 4 11 6 8 -1.892 -4.369 -3.512
SPIN 4 11 6 9 -0.574 3.766 -4.526
SPIN 4 11 6 10 -3.787 -4.421 -1.054
SPIN 4 11 6 11 -0.266 5.470 2.238
SPIN 4 11 6 12 4.598 -1.392 -3.453
SPIN 4 11 6 13 -0.587 -5.098 2.944
SPIN 4 11 6 14 4.319 0.438 4.020
SPIN 4 11 6 15 3.422 -2.683 4.011
SPIN 1 11 7 0 5.699 1.552 -0.332
SPIN 1 11 7 1 -0.843 -4.260 -4.018
SPIN 1 11 7 2 -4.819 -0.437 -3.404
SPIN 1 11 7 3 -1.030 -5.812 -0.407
SPIN 1 11 7 4 -2.007 -2.807 -4.806
SPIN 1 11 7 5 2.171 4.605 -3.013
SPIN 1 11 7 6 -4.566 -3.080 -2.158
SPIN 1 11 7 7 5.018 2.562 1.803
SPIN 1 11 7 8 -5.635 -0.697 1.662
SPIN 1 11 7 9 5.862 -0.271 0.747
SPIN 1 11 7 10 -3.295 4.346 2.292
SPIN 1 11 7 11 3.792 0.387 -4.524
SPIN 1 11 7 12 -1.769 5.370 -1.741
SPIN 1 11 7 13 -0.096 -5.686 -1.632
SPIN 1 11 7 14 -3.018 4.992 -0.983
SPIN 1 11 7 15 -2.635 1.458 -5.092
SPIN 4 11 7 0 -3.154 -1.753 4.688
SPIN 4 11 7 1 5.660 1.406 -0.995
SPIN 4 11 7 2 -1.754 -1.425 5.468
SPIN 4 11 7 3 4.793 2.434 2.472
SPIN 4 11 7 4 -0.884 5.335 2.399
SPIN 4 11 7 5 -1.122 -2.521 -5.233
SPIN 4 11 7 6 3.209 -4.208 2.646
SPIN 4 11 7 7 -0.032 -5.916 0.006
SPIN 4 11 7 8 -0.990 3.971 4.272
SPIN 4 11 7 9 1.311 -4.868 -3.096
SPIN 4 11 7 10 0.409 5.725 -1.433
SPIN 4 11 7 11 4.529 3.679 -0.976
SPIN 4 11 7 12 3.355 -3.797 3.054
SPIN 4 11 7 13 -2.190 -3.550 4.195
SPIN 4 11 7 14 -0.085 1.944 -5.587
SPIN 4 11 7 15 -0.930 4.571 -3.638
SPIN 1 11 8 0 2.369 3.216 -4.364
SPIN 1 11 8 1 -2.603 -1.132 5.191
SPIN 1 11 8 2 -4.055 -3.601 2.364
SPIN 1 11 8 3 -5.469 -1.219 1.898
SPIN 1 11 8 4 3.269 4.457 2.108
SPIN 1 11 8 5 -2.800 -3.791 3.577
SPIN 1 11 8 6 0.071 4.108 -4.257
SPIN 1 11 8 7 0.459 0.969 -5.818
SPIN 1 11 8 8 -1.209 0.240 5.786
SPIN 1 11 8 9 -2.464 -4.561 -2.850
SPIN 1 11 8 10 5.817 1.063 -0.168
SPIN 1 11 8 11 -4.742 -3.531 -0.202
SPIN 1 11 8 12 -1.820 -1.635 5.387
SPIN 1 11 8 13 0.199 4.029 -4.327
SPIN 1 11 8 14 0.046 -2.289 5.455
SPIN 1 11 8 15 -1.546 -0.498 5.689
SPIN 4 11 8 0 5.178 -2.855 0.190
SPIN 4 11 8 1 -4.766 1.323 -3.246
SPIN 4 11 8 2 3.047 0.411 5.055
SPIN 4 11 8 3 -1.838 -3.238 -4.598
SPIN 4 11 8 4 -4.020 -1.563 4.050
SPIN 4 11 8 5 5.897 0.272 0.390
SPIN 4 11 8 6 2.805 5.209 0.047
SPIN 4 11 8 7 -3.346 2.926 3.904
SPIN 4 11 8 8 0.378 -5.835 -0.898
SPIN 4 11 8 9 -3.551 4.572 1.221
SPIN 4 11 8 10 4.196 -2.147 3.575
SPIN 4 11 8 11 1.807 5.525 -1.098
SPIN 4 11 8 12 -3.483 1.234 -4.620
SPIN 4 11 8 13 5.164 -2.229 1.834
SPIN 4 11 8 14 -4.665 -3.623 0.336
SPIN 4 11 8 15 4.975 -2.965 1.208
SPIN 1 11 9 0 -3.290 4.887 -0.539
SPIN 1 11 9 1 2.416 4.652 -2.742
SPIN 1 11 9 2 4.536 3.728 0.726
SPIN 1 11 9 3 -2.862 4.735 2.095
SPIN 1 11 9 4 2.609 -1.407 -5.120
SPIN 1 11 9 5 4.437 3.444 -1.858
SPIN 1 11 9 6 4.569 -0.270 3.748
SPIN 1 11 9 7 -0.254 -2.207 -5.483
SPIN 1 11 9 8 1.496 -2.203 5.283
SPIN 1 11 9 9 -0.639 3.514 4.716
SPIN 1 11 9 10 4.454 1.038 -3.752
SPIN 1 11 9 11 0.591 5.713 1.420
SPIN 1 11 9 12 -4.780 -1.602 3.097
SPIN 1 11 9 13 2.445 1.336 5.219
SPIN 1 11 9 14 -5.492 -2.086 -0.701
SPIN 1 11 9 15 -4.412 0.107 -3.940
SPIN 4 11 9 0 -1.227 4.699 -3.379
SPIN 4 11 9 1 -0.322 0.273 5.901
SPIN 4 11 9 2 -5.781 -1.046 0.699
SPIN 4 11 9 3 0.717 -4.284 4.017
SPIN 4 11 9 4 0.958 1.217 5.710
SPIN 4 11 9 5 -1.941 -3.173 -4.601
SPIN 4 11 9 6 4.991 2.702 1.671
SPIN 4 11 9 7 -0.847 -3.709 -4.531
SPIN 4 11 9 8 0.969 -4.435 -3.793
SPIN 4 11 9 9 1.889 5.241 -1.990
SPIN 4 11 9 10 -0.748 -5.855 0.399
SPIN 4 11 9 11 -1.928 -2.981 4.733
SPIN 4 11 9 12 -4.661 -3.615 0.457
SPIN 4 11 9 13 -5.778 0.915 0.884
SPIN 4 11 9 14 0.795 5.124 -2.849
SPIN 4 11 9 15 -4.743 0.585 3.487
SPIN 1 11 10 0 1.370 4.848 3.102
SPIN 1 11 10 1 0.343 -1.096 5.803
SPIN 1 11 10 2 -2.746 1.029 -5.138
SPIN 1 11 10 3 0.219 -1.991 5.567
SPIN 1 11 10 4 -3.438 2.008 -4.376
SPIN 1 11 10 5 5.334 0.276 2.544
SPIN 1 11 10 6 1.663 -5.189 -2.304
SPIN 1 11 10 7 1.309 5.184 -2.533
SPIN 1 11 10 8 -2.200 -2.315 4.980
SPIN 1 11 10 9 1.076 -2.158 -5.402
SPIN 1 11 10 10 -2.549 -2.107 4.906
SPIN 1 11 10 11 -2.918 -1.873 -4.793
SPIN 1 11 10 12 2.973 2.202 -4.617
SPIN 1 11 10 13 5.388 2.287 0.856
SPIN 1 11 10 14 5.848 0.659 0.607
SPIN 1 11 10 15 -0.355 0.610 -5.874
SPIN 4 11 10 0 -5.910 0.035 -0.266
SPIN 4 11 10 1 -0.199 0.145 -5.911
SPIN 4 11 10 2 -1.096 1.270 -5.673
SPIN 4 11 10 3 -5.226 2.314 -1.529
SPIN 4 11 10 4 1.483 -3.210 -4.743
SPIN 4 11 10 5 5.207 0.513 2.761
SPIN 4 11 10 6 0.337 -5.219 -2.765
SPIN 4 11 10 7 -1.548 -5.634 0.927
SPIN 4 11 10 8 -1.016 5.821 0.294
SPIN 4 11 10 9 3.649 -4.045 -2.306
SPIN 4 11 10 10 0.403 3.988 -4.351
SPIN 4 11 10 11 -1.230 0.689 -5.746
SPIN 4 11 10 12 3.749 -4.453 1.059
SPIN 4 11 10 13 -2.344 3.640 -4.031
SPIN 4 11 10 14 1.725 -5.071 2.512
SPIN 4 11 10 15 -2.348 -1.717 5.151
SPIN 1 11 11 0 -5.424 1.710 1.629
SPIN 1 11 11 1 2.098 -4.071 -3.745
SPIN 1 11 11 2 -4.574 -1.078 -3.594
SPIN 1 11 11 3 3.568 -4.687 -0.552
SPIN 1 11 11 4 0.658 5.218 -2.710
SPIN 1 11 11 5 -2.960 3.103 4.076
SPIN 1 11 11 6 -0.323 0.048 5.907
SPIN 1 11 11 7 -4.853 0.059 -3.383
SPIN 1 11 11 8 2.093 4.436 -3.307
SPIN 1 11 11 9 2.920 -5.145 0.001
SPIN 1 11 11 10 4.428 1.281 -3.708
SPIN 1 11 11 11 -5.513 -1.968 0.854
SPIN 1 11 11 12 0.163 -2.918 -5.144
SPIN 1 11 11 13 2.044 -4.025 3.823
SPIN 1 11 11 14 5.843 -0.742 -0.552
SPIN 1 11 11 15 -4.667 -3.303 1.520
SPIN 4 11 11 0 5.461 -2.236 -0.426
SPIN 4 11 11 1 -0.097 5.175 2.865
SPIN 4 11 11 2 3.001 2.715 -4.316
SPIN 4 11 11 3 0.120 5.122 2.959
SPIN 4 11 11 4 2.960 -4.050 -3.137
SPIN 4 11 11 5 -4.024 0.597 -4.296
SPIN 4 11 11 6 -2.031 5.209 1.934
SPIN 4 11 11 7 -2.004 -1.100 5.456
SPIN 4 11 11 8 -3.286 -4.271 2.443
SPIN 4 11 11 9 2.019 1.793 5.264
SPIN 4 11 11 10 1.893 -2.051 -5.217
SPIN 4 11 11 11 -2.080 3.833 3.998
SPIN 4 11 11 12 -1.867 2.905 -4.803
SPIN 4 11 11 13 4.741 3.533 0.206
SPIN 4 11 11 14 -1.560 -3.690 -4.353
SPIN 4 11 11 15 -0.451 4.979 -3.164
SPIN 1 11 12 0 3.965 2.840 -3.348
SPIN 1 11 12 1 1.157 4.571 3.574
SPIN 1 11 12 2 -3.890 0.264 4.450
SPIN 1 11 12 3 -0.249 4.643 -3.658
SPIN 1 11 12 4 1.776 -5.522 1.165
SPIN 1 11 12 5 -3.917 1.460 -4.187
SPIN 1 11 12 6 2.749 4.509 -2.667
SPIN 1 11 12 7 3.199 -4.441 -2.246
SPIN 1 11 12 8 -4.763 -3.480 0.451
SPIN 1 11 12 9 -0.739 0.305 -5.862
SPIN 1 11 12 10 4.451 -2.556 2.941
SPIN 1 11 12 11 -4.787 1.481 -3.145
SPIN 1 11 12 12 -3.915 -1.183 4.274
SPIN 1 11 12 13 1.198 1.757 -5.521
SPIN 1 11 12 14 -3.591 -1.076 4.577
SPIN 1 11 12 15 2.749 -4.803 -2.092
SPIN 4 11 12 0 -4.062 -1.942 3.838
SPIN 4 11 12 1 1.160 -1.163 5.683
SPIN 4 11 12 2 0.343 5.675 -1.636
SPIN 4 11 12 3 0.068 0.261 5.910
SPIN 4 11 12 4 -0.155 4.574 3.749
SPIN 4 11 12 5 0.246 -3.904 4.438
SPIN 4 11 12 6 0.118 3.411 -4.833
SPIN 4 11 12 7 5.759 1.300 -0.385
SPIN 4 11 12 8 -3.621 -4.054 -2.335
SPIN 4 11 12 9 -1.756 -5.342 1.838
SPIN 4 11 12 10 -3.945 3.864 2.123
SPIN 4 11 12 11 -4.841 -3.369 0.463
SPIN 4 11 12 12 3.856 -1.244 -4.311
SPIN 4 11 12 13 0.638 5.156 -2.830
SPIN 4 11 12 14 1.486 -3.144 -4.786
SPIN 4 11 12 15 -5.819 0.618 0.872
SPIN 1 11 13 0 -0.996 -5.306 2.420
SPIN 1 11 13 1 -4.194 4.120 0.656
SPIN 1 11 13 2 1.937 -5.113 -2.259
SPIN 1 11 13 3 2.685 -4.434 2.851
SPIN 1 11 13 4 -4.149 4.214 -0.175
SPIN 1 11 13 5 0.488 -5.737 -1.360
SPIN 1 11 13 6 -3.106 5.023 -0.353
SPIN 1 11 13 7 2.860 2.042 4.759
SPIN 1 11 13 8 -3.621 4.618 -0.749
SPIN 1 11 13 9 -5.880 0.533 -0.375
SPIN 1 11 13 10 -4.893 -3.320 0.185
SPIN 1 11 13 11 -1.281 5.677 1.062
SPIN 1 11 13 12 0.446 -3.241 -4.929
SPIN 1 11 13 13 -0.527 4.333 3.993
SPIN 1 11 13 14 2.324 2.258 4.950
SPIN 1 11 13 15 -3.769 3.683 -2.688
SPIN 4 11 13 0 -0.027 0.220 5.912
SPIN 4 11 13 1 -0.670 -1.028 -5.788
SPIN 4 11 13 2 2.695 2.505 4.633
SPIN 4 11 13 3 0.145 -3.576 4.711
SPIN 4 11 13 4 4.317 3.533 1.970
SPIN 4 11 13 5 -5.798 -1.107 -0.398
SPIN 4 11 13 6 3.183 4.355 -2.430
SPIN 4 11 13 7 -3.281 4.913 0.314
SPIN 4 11 13 8 3.816 -4.519 0.124
SPIN 4 11 13 9 5.342 2.238 -1.205
SPIN 4 11 13 10 5.171 -2.639 1.139
SPIN 4 11 13 11 2.329 5.162 -1.712
SPIN 4 11 13 12 -2.967 3.122 -4.056
SPIN 4 11 13 13 1.959 -4.770 -2.899
SPIN 4 11 13 14 -2.751 5.236 -0.129
SPIN 4 11 13 15 -3.577 -3.247 -3.415
SPIN 1 11 14 0 -3.825 4.263 -1.482
SPIN 1 11 14 1 3.410 -3.176 3.644
SPIN 1 11 14 2 -4.577 -1.089 3.587
SPIN 1 11 14 3 -5.626 -0.121 1.825
SPIN 1 11 14 4 -0.394 -1.045 -5.810
SPIN 1 11 14 5 -0.960 -0.541 -5.812
SPIN 1 11 14 6 0.934 -5.138 2.781
SPIN 1 11 14 7 -4.754 0.266 3.511
SPIN 1 11 14 8 1.933 -3.332 -4.490
SPIN 1 11 14 9 4.138 -2.757 -3.205
SPIN 1 11 14 10 2.504 -4.523 2.875
SPIN 1 11 14 11 -4.178 0.580 4.148
SPIN 1 11 14 12 3.627 4.378 1.637
SPIN 1 11 14 13 4.706 -3.562 0.403
SPIN 1 11 14 14 -1.760 -3.458 4.466
SPIN 1 11 14 15 -1.524 -4.932 -2.891
SPIN 4 11 14 0 -3.502 -4.032 -2.545
SPIN 4 11 14 1 0.078 2.838 5.191
SPIN 4 11 14 2 -2.645 -3.811 3.672
SPIN 4 11 14 3 5.620 -1.775 -0.518
SPIN 4 11 14 4 -5.264 0.796 2.580
SPIN 4 11 14 5 5.312 -1.490 -2.137
SPIN 4 11 14 6 -5.830 0.906 -0.442
SPIN 4 11 14 7 -2.369 -1.130 -5.302
SPIN 4 11 14 8 3.340 -4.881 0.135
SPIN 4 11 14 9 -4.863 -0.422 3.342
SPIN 4 11 14 10 -3.529 4.747 -0.096
SPIN 4 11 14 11 -1.971 -2.825 -4.810
SPIN 4 11 14 12 0.011 2.084 5.537
SPIN 4 11 14 13 5.218 2.666 0.819
SPIN 4 11 14 14 5.715 1.466 -0.440
SPIN 4 11 14 15 2.475 3.512 4.067
SPIN 1 11 15 0 5.400 0.667 -2.323
SPIN 1 11 15 1 4.132 -1.660 3.895
SPIN 1 11 15 2 -1.255 1.761 -5.507
SPIN 1 11 15 3 5.242 -2.655 -0.689
SPIN 1 11 15 4 -0.958 5.360 2.314
SPIN 1 11 15 5 -3.672 -3.458 -3.092
SPIN 1 11 15 6 -0.731 3.289 -4.863
SPIN 1 11 15 7 4.578 3.356 -1.667
SPIN 1 11 15 8 0.464 2.819 5.180
SPIN 1 11 15 9 4.247 0.031 -4.119
SPIN 1 11 15 10 1.771 4.441 -3.485
SPIN 1 11 15 11 3.899 -3.527 -2.712
SPIN 1 11 15 12 3.125 -2.145 4.542
SPIN 1 11 15 13 -4.019 2.723 3.381
SPIN 1 11 15 14 -4.731 -2.365 2.650
SPIN 1 11 15 15 -0.047 3.135 5.017
SPIN 4 11 15 0 1.484 1.672 -5.477
SPIN 4 11 15 1 5.044 -3.032 -0.603
SPIN 4 11 15 2 -4.775 -2.049 -2.829
SPIN 4 11 15 3 -5.048 2.068 2.289
SPIN 4 11 15 4 -5.535 -0.274 -2.072
SPIN 4 11 15 5 -2.919 0.099 5.145
SPIN 4 11 15 6 2.163 2.052 -5.110
SPIN 4 11 15 7 2.331 4.942 2.268
SPIN 4 11 15 8 1.047 -0.105 -5.822
SPIN 4 11 15 9 5.749 -0.598 -1.263
SPIN 4 11 15 10 0.347 0.114 5.905
SPIN 4 11 15 11 0.719 -1.394 -5.704
SPIN 4 11 15 12 5.038 -0.937 2.957
SPIN 4 11 15 13 0.884 0.050 -5.849
SPIN 4 11 15 14 -1.301 -3.781 4.361
SPIN 4 11 15 15 4.329 -3.588 -1.842
SPIN 3 11 0 0 4.905 2.534 2.127
SPIN 3 11 0 1 -5.100 1.623 2.521
SPIN 3 11 0 2 -1.754 0.330 5.641
SPIN 3 11 0 3 4.327 -3.894 -1.058
SPIN 3 11 0 4 3.455 -1.432 4.584
SPIN 3 11 0 5 -3.247 -4.008 -2.897
SPIN 3 11 0 6 3.070 3.546 3.605
SPIN 3 11 0 7 3.413 -4.600 1.481
SPIN 3 11 0 8 -2.909 4.481 -2.541
SPIN 3 11 0 9 5.403 -2.242 -0.880
SPIN 3 11 0 10 3.957 4.291 0.965
SPIN 3 11 0 11 1.738 -4.276 -3.700
SPIN 3 11 0 12 -4.893 3.009 1.416
SPIN 3 11 0 13 -5.342 -2.505 0.432
SPIN 3 11 0 14 5.707 0.142 1.552
SPIN 3 11 0 15 1.408 2.339 5.248
SPIN 2 11 0 0 -0.532 -4.726 3.518
SPIN 2 11 0 1 -5.539 2.067 0.220
SPIN 2 11 0 2 4.613 3.522 -1.147
SPIN 2 11 0 3 4.669 -0.669 -3.571
SPIN 2 11 0 4 0.579 -0.545 5.862
SPIN 2 11 0 5 -2.216 1.804 -5.180
SPIN 2 11 0 6 -2.007 4.555 -3.198
SPIN 2 11 0 7 -2.641 -4.935 1.917
SPIN 2 11 0 8 4.768 -2.669 2.269
SPIN 2 11 0 9 -2.286 3.211 4.412
SPIN 2 11 0 10 -0.674 4.887 -3.265
SPIN 2 11 0 11 1.421 -0.529 5.719
SPIN 2 11 0 12 3.775 4.532 -0.455
SPIN 2 11 0 13 -4.255 -4.111 0.025
SPIN 2 11 0 14 -0.292 1.123 -5.801
SPIN 2 11 0 15 5.913 -0.172 -0.103
SPIN 3 11 1 0 -1.990 -2.839 4.794
SPIN 3 11 1 1 5.574 -1.961 0.292
SPIN 3 11 1 2 -4.442 -1.522 -3.599
SPIN 3 11 1 3 0.544 4.617 3.659
SPIN 3 11 1 4 2.634 -2.366 -4.739
SPIN 3 11 1 5 4.640 -2.135 2.985
SPIN 3 11 1 6 -5.702 -1.526 -0.404
SPIN 3 11 1 7 -0.591 -2.432 -5.361
SPIN 3 11 1 8 5.664 1.706 -0.098
SPIN 3 11 1 9 -4.280 2.086 -3.512
SPIN 3 11 1 10 -4.258 -2.390 3.341
SPIN 3 11 1 11 0.462 5.875 0.525
SPIN 3 11 1 12 0.874 -1.560 -5.639
SPIN 3 11 1 13 1.643 4.925 2.837
SPIN 3 11 1 14 -0.459 -5.131 2.909
SPIN 3 11 1 15 3.764 -1.637 -4.261
SPIN 2 11 1 0 2.699 -3.255 4.138
SPIN 2 11 1 1 -1.584 -1.617 -5.466
SPIN 2 11 1 2 4.082 1.890 3.843
SPIN 2 11 1 3 -4.019 2.182 3.753
SPIN 2 11 1 4 -4.281 -4.017 0.737
SPIN 2 11 1 5 1.978 4.854 2.743
SPIN 2 11 1 6 4.507 3.799 0.505
SPIN 2 11 1 7 4.836 -2.572 -2.235
SPIN 2 11 1 8 -3.793 -0.130 4.538
SPIN 2 11 1 9 -1.553 -4.650 -3.312
SPIN 2 11 1 10 -2.852 2.138 4.722
SPIN 2 11 1 11 5.688 1.592 -0.344
SPIN 2 11 1 12 0.338 -5.834 0.923
SPIN 2 11 1 13 -3.177 -4.457 -2.247
SPIN 2 11 1 14 -0.613 5.306 2.545
SPIN 2 11 1 15 -3.152 3.620 3.459
SPIN 3 11 2 0 -0.468 -2.503 -5.340
SPIN 3 11 2 1 1.197 4.405 -3.763
SPIN 3 11 2 2 3.421 -2.222 4.284
SPIN 3 11 2 3 -5.118 -2.883 -0.706
SPIN 3 11 2 4 -0.675 5.875 0.182
SPIN 3 11 2 5 -4.479 -3.652 1.265
SPIN 3 11 2 6 -3.429 2.297 -4.238
SPIN 3 11 2 7 2.570 -4.970 1.923
SPIN 3 11 2 8 -2.121 4.038 3.768
SPIN 3 11 2 9 5.705 0.648 -1.426
SPIN 3 11 2 10 -0.175 -5.829 0.997
SPIN 3 11 2 11 0.904 -0.956 5.768
SPIN 3 11 2 12 0.689 -4.539 -3.731
SPIN 3 11 2 13 -0.737 5.868 -0.144
SPIN 3 11 2 14 -0.124 0.651 -5.879
SPIN 3 11 2 15 -3.245 4.920 -0.510
SPIN 2 11 2 0 -4.095 -2.709 3.301
SPIN 2 11 2 1 -5.132 2.061 2.101
SPIN 2 11 2 2 -4.256 1.601 -3.785
SPIN 2 11 2 3 -1.050 5.246 -2.524
SPIN 2 11 2 4 2.700 -4.803 2.154
SPIN 2 11 2 5 0.908 2.089 5.460
SPIN 2 11 2 6 5.510 -0.021 -2.154
SPIN 2 11 2 7 -5.326 2.198 1.340
SPIN 2 11 2 8 3.440 -4.738 0.851
SPIN 2 11 2 9 -5.312 2.409 -0.991
SPIN 2 11 2 10 4.829 -1.114 -3.232
SPIN 2 11 2 11 1.120 5.129 2.727
SPIN 2 11 2 12 0.118 -5.200 2.818
SPIN 2 11 2 13 -1.726 5.193 -2.249
SPIN 2 11 2 14 0.307 -4.672 -3.616
SPIN 2 11 2 15 -1.864 -3.752 4.177
SPIN 3 11 3 0 -0.028 5.229 2.766
SPIN 3 11 3 1 -0.305 -2.292 -5.446
SPIN 3 11 3 2 -4.975 -3.194 0.224
SPIN 3 11 3 3 -3.108 -3.224 -3.866
SPIN 3 11 3 4 -5.499 0.217 2.172
SPIN 3 11 3 5 3.679 -3.484 3.054
SPIN 3 11 3 6 2.147 4.032 -3.759
SPIN 3 11 3 7 1.068 5.087 -2.826
SPIN 3 11 3 8 -2.318 1.898 -5.101
SPIN 3 11 3 9 -5.680 -1.650 -0.127
SPIN 3 11 3 10 0.895 0.462 5.830
SPIN 3 11 3 11 4.404 0.853 -3.857
SPIN 3 11 3 12 -5.737 0.717 -1.255
SPIN 3 11 3 13 5.647 -1.734 0.322
SPIN 3 11 3 14 -3.155 -1.105 -4.881
SPIN 3 11 3 15 -3.223 -0.122 -4.959
SPIN 2 11 3 0 -3.743 -4.549 -0.539
SPIN 2 11 3 1 -1.069 2.861 -5.067
SPIN 2 11 3 2 -0.566 -4.041 4.284
SPIN 2 11 3 3 0.716 -5.585 -1.816
SPIN 2 11 3 4 -0.363 5.891 -0.402
SPIN 2 11 3 5 2.102 -2.544 -4.910
SPIN 2 11 3 6 -4.179 3.030 2.890
SPIN 2 11 3 7 -1.859 -5.221 -2.071
SPIN 2 11 3 8 5.494 -0.064 2.195
SPIN 2 11 3 9 1.210 -1.342 5.633
SPIN 2 11 3 10 2.082 4.888 -2.603
SPIN 2 11 3 11 -4.427 -0.977 -3.801
SPIN 2 11 3 12 5.003 1.793 2.599
SPIN 2 11 3 13 -1.427 -3.962 -4.155
SPIN 2 11 3 14 3.518 -1.745 -4.425
SPIN 2 11 3 15 3.409 3.949 2.790
SPIN 3 11 4 0 -4.585 0.373 3.720
SPIN 3 11 4 1 -1.402 -0.735 -5.700
SPIN 3 11 4 2 -4.712 1.513 3.241
SPIN 3 11 4 3 0.186 -5.761 1.331
SPIN 3 11 4 4 2.255 5.251 -1.530
SPIN 3 11 4 5 -1.491 -4.934 2.903
SPIN 3 11 4 6 2.216 1.420 5.298
SPIN 3 11 4 7 4.387 -3.922 -0.608
SPIN 3 11 4 8 0.832 0.685 -5.817
SPIN 3 11 4 9 5.374 2.118 -1.279
SPIN 3 11 4 10 -0.436 5.168 2.847
SPIN 3 11 4 11 1.756 -1.319 5.494
SPIN 3 11 4 12 1.556 -4.280 3.776
SPIN 3 11 4 13 -4.719 3.214 1.550
SPIN 3 11 4 14 -4.639 -0.873 -3.567
SPIN 3 11 4 15 -0.288 3.475 -4.780
SPIN 2 11 4 0 4.110 0.609 4.212
SPIN 2 11 4 1 0.423 4.958 3.200
SPIN 2 11 4 2 0.088 -3.999 4.359
SPIN 2 11 4 3 -0.864 2.922 5.071
SPIN 2 11 4 4 -3.447 -0.429 -4.789
SPIN 2 11 4 5 -2.568 -2.039 4.924
SPIN 2 11 4 6 5.491 -2.185 0.277
SPIN 2 11 4 7 -0.307 5.034 -3.093
SPIN 2 11 4 8 0.922 0.684 5.804
SPIN 2 11 4 9 -1.009 1.508 -5.631
SPIN 2 11 4 10 -5.684 0.395 1.592
SPIN 2 11 4 11 0.117 5.662 -1.711
SPIN 2 11 4 12 -3.720 4.410 -1.311
SPIN 2 11 4 13 -0.491 4.409 3.914
SPIN 2 11 4 14 -1.524 -1.596 5.489
SPIN 2 11 4 15 -1.030 0.630 -5.792
SPIN 3 11 5 0 3.402 -4.257 -2.303
SPIN 3 11 5 1 3.256 -3.167 3.791
SPIN 3 11 5 2 5.026 -0.820 3.010
SPIN 3 11 5 3 2.862 3.466 3.846
SPIN 3 11 5 4 -3.510 -0.819 -4.691
SPIN 3 11 5 5 3.025 3.803 -3.375
SPIN 3 11 5 6 -5.376 -1.425 2.018
SPIN 3 11 5 7 -0.592 5.789 -1.068
SPIN 3 11 5 8 3.366 -4.445 1.977
SPIN 3 11 5 9 0.820 1.589 5.640
SPIN 3 11 5 10 -1.530 -1.972 5.364
SPIN 3 11 5 11 -0.839 -0.064 -5.856
SPIN 3 11 5 12 3.698 -3.211 3.319
SPIN 3 11 5 13 2.478 3.812 -3.785
SPIN 3 11 5 14 0.202 -5.912 -0.040
SPIN 3 11 5 15 -4.162 0.434 4.182
SPIN 2 11 5 0 -4.283 0.852 3.991
SPIN 2 11 5 1 0.816 5.843 0.435
SPIN 2 11 5 2 2.596 -5.260 -0.768
SPIN 2 11 5 3 1.121 0.962 -5.729
SPIN 2 11 5 4 1.351 -5.212 -2.452
SPIN 2 11 5 5 -4.651 0.795 3.569
SPIN 2 11 5 6 -3.563 0.038 -4.723
SPIN 2 11 5 7 4.525 -3.774 -0.532
SPIN 2 11 5 8 -0.106 5.458 -2.280
SPIN 2 11 5 9 -5.504 0.851 -1.997
SPIN 2 11 5 10 -3.225 1.590 -4.698
SPIN 2 11 5 11 -4.918 2.087 -2.542
SPIN 2 11 5 12 2.886 5.112 0.731
SPIN 2 11 5 13 5.838 -0.332 -0.896
SPIN 2 11 5 14 1.100 5.516 1.833
SPIN 2 11 5 15 -2.543 0.276 -5.335
SPIN 3 11 6 0 5.619 1.693 -0.752
SPIN 3 11 6 1 -0.234 -0.744 -5.864
SPIN 3 11 6 2 0.034 -1.491 5.725
SPIN 3 11 6 3 1.295 0.385 -5.760
SPIN 3 11 6 4 4.716 -1.101 3.398
SPIN 3 11 6 5 -3.917 -0.397 -4.416
SPIN 3 11 6 6 -3.894 -1.637 4.142
SPIN 3 11 6 7 -1.794 4.412 -3.509
SPIN 3 11 6 8 1.087 4.744 3.363
SPIN 3 11 6 9 2.689 -5.012 -1.628
SPIN 3 11 6 10 -1.277 5.749 0.567
SPIN 3 11 6 11 -3.783 -4.528 0.431
SPIN 3 11 6 12 0.404 0.965 5.823
SPIN 3 11 6 13 -2.819 2.704 4.443
SPIN 3 11 6 14 -2.591 -5.314 -0.209
SPIN 3 11 6 15 4.754 0.929 -3.397
SPIN 2 11 6 0 -0.958 -5.810 0.570
SPIN 2 11 6 1 4.338 -3.593 -1.809
SPIN 2 11 6 2 0.767 4.675 -3.544
SPIN 2 11 6 3 1.913 1.445 5.409
SPIN 2 11 6 4 5.784 -1.241 0.019
SPIN 2 11 6 5 -3.775 -3.519 2.891
SPIN 2 11 6 6 3.979 -2.600 -3.522
SPIN 2 11 6 7 -5.363 2.331 -0.899
SPIN 2 11 6 8 5.067 0.511 3.011
SPIN 2 11 6 9 1.434 -4.868 3.041
SPIN 2 11 6 10 -0.548 -3.371 -4.831
SPIN 2 11 6 11 5.411 -1.340 -1.982
SPIN 2 11 6 12 0.540 -3.616 -4.651
SPIN 2 11 6 13 0.253 3.323 -4.888
SPIN 2 11 6 14 -2.637 -2.218 -4.809
SPIN 2 11 6 15 -5.590 1.935 -0.098
SPIN 3 11 7 0 -0.032 5.105 -2.989
SPIN 3 11 7 1 -5.314 1.438 2.167
SPIN 3 11 7 2 1.078 -5.802 -0.419
SPIN 3 11 7 3 -1.506 -0.889 5.652
SPIN 3 11 7 4 -2.470 -1.995 -4.992
SPIN 3 11 7 5 1.259 0.587 -5.751
SPIN 3 11 7 6 2.695 3.201 4.182
SPIN 3 11 7 7 5.851 0.745 0.458
SPIN 3 11 7 8 -0.101 0.329 5.906
SPIN 3 11 7 9 -4.437 3.872 0.568
SPIN 3 11 7 10 -1.815 -0.354 5.620
SPIN 3 11 7 11 -1.655 3.003 -4.821
SPIN 3 11 7 12 0.830 5.840 0.458
SPIN 3 11 7 13 -1.217 -1.799 -5.503
SPIN 3 11 7 14 4.256 1.245 3.916
SPIN 3 11 7 15 -2.281 5.361 -1.029
SPIN 2 11 7 0 2.086 -2.958 -4.680
SPIN 2 11 7 1 -3.728 1.450 -4.359
SPIN 2 11 7 2 -0.942 0.339 5.831
SPIN 2 11 7 3 2.229 -0.836 -5.416
SPIN 2 11 7 4 2.446 -5.298 0.972
SPIN 2 11 7 5 5.753 -1.099 0.831
SPIN 2 11 7 6 0.868 -2.197 5.424
SPIN 2 11 7 7 -4.880 -2.609 2.092
SPIN 2 11 7 8 -3.218 -4.486 -2.127
SPIN 2 11 7 9 2.137 5.346 -1.361
SPIN 2 11 7 10 5.653 -1.744 -0.026
SPIN 2 11 7 11 -4.958 -2.776 -1.646
SPIN 2 11 7 12 -1.025 -5.756 -0.901
SPIN 2 11 7 13 -1.794 -1.051 -5.539
SPIN 2 11 7 14 -4.021 2.878 -3.247
SPIN 2 11 7 15 1.553 3.876 4.191
SPIN 3 11 8 0 -2.384 -4.773 2.557
SPIN 3 11 8 1 -2.540 4.532 -2.829
SPIN 3 11 8 2 4.121 3.119 2.878
SPIN 3 11 8 3 0.759 1.323 -5.716
SPIN 3 11 8 4 4.505 -3.591 1.343
SPIN 3 11 8 5 -3.785 3.282 3.147
SPIN 3 11 8 6 0.914 -3.779 -4.459
SPIN 3 11 8 7 3.526 -2.436 4.078
SPIN 3 11 8 8 -3.555 2.474 -4.030
SPIN 3 11 8 9 0.757 3.072 -4.999
SPIN 3 11 8 10 4.581 -0.480 -3.713
SPIN 3 11 8 11 -5.906 0.245 0.249
SPIN 3 11 8 12 2.048 -5.476 -0.905
SPIN 3 11 8 13 -0.504 5.860 0.640
SPIN 3 11 8 14 5.020 -1.569 -2.709
SPIN 3 11 8 15 -4.206 3.957 1.285
SPIN 2 11 8 0 -3.817 -4.384 1.100
SPIN 2 11 8 1 -1.418 -4.308 3.798
SPIN 2 11 8 2 5.735 -0.307 1.421
SPIN 2 11 8 3 -0.780 2.269 5.408
SPIN 2 11 8 4 -1.668 5.676 -0.044
SPIN 2 11 8 5 -1.391 2.078 -5.362
SPIN 2 11 8 6 -4.681 -3.049 1.948
SPIN 2 11 8 7 0.919 3.852 -4.395
SPIN 2 11 8 8 5.096 -2.978 -0.400
SPIN 2 11 8 9 -0.900 0.751 5.799
SPIN 2 11 8 10 -3.697 2.141 -4.092
SPIN 2 11 8 11 -0.305 -4.534 -3.788
SPIN 2 11 8 12 -1.727 5.355 1.829
SPIN 2 11 8 13 -2.878 3.755 3.552
SPIN 2 11 8 14 2.524 -4.026 -3.524
SPIN 2 11 8 15 3.057 2.139 4.591
SPIN 3 11 9 0 4.847 1.054 -3.224
SPIN 3 11 9 1 3.190 3.168 -3.845
SPIN 3 11 9 2 -4.449 -1.738 -3.490
SPIN 3 11 9 3 1.505 2.346 -5.218
SPIN 3 11 9 4 3.241 0.291 4.941
SPIN 3 11 9 5 -5.428 2.323 -0.374
SPIN 3 11 9 6 4.118 -2.610 3.351
SPIN 3 11 9 7 4.992 -2.054 -2.421
SPIN 3 11 9 8 -5.631 1.299 1.266
SPIN 3 11 9 9 0.994 -5.713 -1.170
SPIN 3 11 9 10 -4.215 0.528 -4.117
SPIN 3 11 9 11 -0.115 -0.247 5.910
SPIN 3 11 9 12 -2.595 0.296 -5.308
SPIN 3 11 9 13 -1.418 -1.926 5.411
SPIN 3 11 9 14 2.861 -4.215 -3.008
SPIN 3 11 9 15 5.295 -2.636 -0.122
SPIN 2 11 9 0 0.420 3.652 -4.636
SPIN 2 11 9 1 -4.886 -1.943 -2.711
SPIN 2 11 9 2 -4.537 0.118 -3.794
SPIN 2 11 9 3 -0.600 2.762 -5.197
SPIN 2 11 9 4 -1.476 -3.789 4.297
SPIN 2 11 9 5 -4.501 0.658 -3.783
SPIN 2 11 9 6 3.209 1.454 -4.753
SPIN 2 11 9 7 0.156 -5.182 2.850
SPIN 2 11 9 8 0.811 1.603 -5.637
SPIN 2 11 9 9 -3.993 3.997 -1.756
SPIN 2 11 9 10 3.478 -2.114 4.293
SPIN 2 11 9 11 3.164 4.801 -1.391
SPIN 2 11 9 12 5.213 -2.227 -1.691
SPIN 2 11 9 13 -5.733 -1.318 0.627
SPIN 2 11 9 14 -5.008 -3.065 0.728
SPIN 2 11 9 15 -2.411 3.351 4.237
SPIN 3 11 10 0 3.627 -3.135 3.466
SPIN 3 11 10 1 -3.695 -2.141 -4.095
SPIN 3 11 10 2 1.290 -0.531 -5.749
SPIN 3 11 10 3 5.830 -0.869 0.505
SPIN 3 11 10 4 -4.635 -0.685 3.612
SPIN 3 11 10 5 0.931 5.696 -1.299
SPIN 3 11 10 6 -1.346 -0.651 -5.724
SPIN 3 11 10 7 -4.432 1.946 3.402
SPIN 3 11 10 8 2.442 -2.243 4.899
SPIN 3 11 10 9 0.244 2.694 5.261
SPIN 3 11 10 10 -2.870 4.147 -3.093
SPIN 3 11 10 11 2.136 1.701 5.248
SPIN 3 11 10 12 -4.632 -1.413 3.398
SPIN 3 11 10 13 1.770 0.256 -5.639
SPIN 3 11 10 14 2.804 -1.325 5.038
SPIN 3 11 10 15 2.053 2.682 -4.857
SPIN 2 11 10 0 -4.623 -3.686 -0.202
SPIN 2 11 10 1 5.140 2.568 1.409
SPIN 2 11 10 2 1.600 2.176 -5.263
SPIN 2 11 10 3 2.919 4.584 2.339
SPIN 2 11 10 4 3.016 -2.198 -4.590
SPIN 2 11 10 5 -0.120 -3.009 -5.093
SPIN 2 11 10 6 -0.723 -5.377 2.358
SPIN 2 11 10 7 1.031 3.785 -4.428
SPIN 2 11 10 8 -3.119 -1.806 4.691
SPIN 2 11 10 9 2.530 0.501 -5.324
SPIN 2 11 10 10 0.981 5.469 -2.032
SPIN 2 11 10 11 -1.575 -4.788 -3.098
SPIN 2 11 10 12 -0.139 -3.248 -4.943
SPIN 2 11 10 13 -2.174 4.452 3.233
SPIN 2 11 10 14 0.403 3.906 4.425
SPIN 2 11 10 15 -1.404 -5.549 1.498
SPIN 3 11 11 0 -2.780 4.630 -2.414
SPIN 3 11 11 1 3.478 1.003 4.679
SPIN 3 11 11 2 -3.263 3.363 3.611
SPIN 3 11 11 3 2.463 -2.637 -4.688
SPIN 3 11 11 4 3.640 -3.109 3.476
SPIN 3 11 11 5 4.214 1.657 -3.807
SPIN 3 11 11 6 2.842 -2.928 4.283
SPIN 3 11 11 7 2.674 4.063 3.367
SPIN 3 11 11 8 2.015 -1.747 -5.281
SPIN 3 11 11 9 -5.406 -0.586 2.330
SPIN 3 11 11 10 0.049 3.550 -4.732
SPIN 3 11 11 11 3.362 -2.630 4.096
SPIN 3 11 11 12 -3.392 4.547 -1.681
SPIN 3 11 11 13 -1.452 -5.734 -0.118
SPIN 3 11 11 14 -5.462 -1.507 -1.703
SPIN 3 11 11 15 2.967 4.872 -1.567
SPIN 2 11 11 0 -1.142 2.912 -5.022
SPIN 2 11 11 1 -3.568 -4.465 -1.527
SPIN 2 11 11 2 0.469 -2.407 5.384
SPIN 2 11 11 3 -1.145 -5.682 -1.185
SPIN 2 11 11 4 2.351 1.944 5.069
SPIN 2 11 11 5 3.071 -0.342 5.045
SPIN 2 11 11 6 3.155 -5.003 0.120
SPIN 2 11 11 7 1.432 4.272 3.834
SPIN 2 11 11 8 0.430 -5.881 -0.484
SPIN 2 11 11 9 -4.286 3.904 1.179
SPIN 2 11 11 10 -1.135 -5.004 -2.945
SPIN 2 11 11 11 4.819 2.447 -2.407
SPIN 2 11 11 12 3.653 -2.141 4.132
SPIN 2 11 11 13 4.375 3.373 -2.117
SPIN 2 11 11 14 5.206 2.749 -0.589
SPIN 2 11 11 15 1.577 5.420 1.771
SPIN 3 11 12 0 -0.703 1.909 5.555
SPIN 3 11 12 1 -2.502 -5.182 -1.374
SPIN 3 11 12 2 1.174 2.686 5.139
SPIN 3 11 12 3 -3.563 -4.351 -1.836
SPIN 3 11 12 4 -3.204 4.316 -2.471
SPIN 3 11 12 5 3.662 4.385 -1.537
SPIN 3 11 12 6 1.553 -5.505 1.513
SPIN 3 11 12 7 -1.555 -1.742 -5.436
SPIN 3 11 12 8 5.502 0.394 2.139
SPIN 3 11 12 9 2.865 4.618 2.337
SPIN 3 11 12 10 -1.687 3.790 -4.218
SPIN 3 11 12 11 3.537 0.495 -4.716
SPIN 3 11 12 12 -0.057 4.606 -3.712
SPIN 3 11 12 13 -3.985 0.970 4.264
SPIN 3 11 12 14 3.417 1.910 -4.436
SPIN 3 11 12 15 0.431 -4.807 3.421
SPIN 2 11 12 0 -2.362 -3.453 4.183
SPIN 2 11 12 1 -0.454 2.247 -5.454
SPIN 2 11 12 2 2.970 4.559 -2.323
SPIN 2 11 12 3 -4.280 -1.977 -3.574
SPIN 2 11 12 4 2.179 5.377 1.158
SPIN 2 11 12 5 -4.267 -3.234 -2.517
SPIN 2 11 12 6 5.679 -1.501 -0.702
SPIN 2 11 12 7 -3.894 3.500 2.754
SPIN 2 11 12 8 3.134 2.271 -4.474
SPIN 2 11 12 9 -0.306 -0.008 -5.908
SPIN 2 11 12 10 -0.620 -5.677 1.544
SPIN 2 11 12 11 4.309 -2.296 3.341
SPIN 2 11 12 12 -4.439 3.813 0.870
SPIN 2 11 12 13 2.417 -4.841 -2.392
SPIN 2 11 12 14 5.144 2.899 -0.362
SPIN 2 11 12 15 4.766 -1.640 3.097
SPIN 3 11 13 0 5.445 0.330 -2.289
SPIN 3 11 13 1 4.175 1.637 -3.859
SPIN 3 11 13 2 -3.741 4.067 -2.113
SPIN 3 11 13 3 3.243 1.382 -4.751
SPIN 3 11 13 4 -3.006 -2.985 -4.130
SPIN 3 11 13 5 4.147 3.884 -1.647
SPIN 3 11 13 6 3.423 0.762 -4.764
SPIN 3 11 13 7 0.365 -4.388 -3.951
SPIN 3 11 13 8 -3.028 3.157 3.983
SPIN 3 11 13 9 -4.891 2.606 -2.070
SPIN 3 11 13 10 -4.321 -3.781 1.424
SPIN 3 11 13 11 -2.240 -5.168 -1.809
SPIN 3 11 13 12 -4.983 -2.982 1.130
SPIN 3 11 13 13 0.898 -4.729 -3.439
SPIN 3 11 13 14 0.645 5.853 -0.575
SPIN 3 11 13 15 0.159 5.085 -3.020
SPIN 2 11 13 0 -3.034 3.413 -3.762
SPIN 2 11 13 1 -1.505 2.292 5.242
SPIN 2 11 13 2 5.465 1.471 1.723
SPIN 2 11 13 3 0.488 -4.840 -3.367
SPIN 2 11 13 4 1.512 4.340 3.726
SPIN 2 11 13 5 -3.317 4.798 0.988
SPIN 2 11 13 6 0.632 -5.790 1.040
SPIN 2 11 13 7 -3.822 0.201 -4.511
SPIN 2 11 13 8 2.978 -4.412 2.582
SPIN 2 11 13 9 -5.276 -2.643 -0.422
SPIN 2 11 13 10 -2.357 4.529 -2.989
SPIN 2 11 13 11 -3.961 3.913 -2.001
SPIN 2 11 13 12 2.803 4.685 -2.278
SPIN 2 11 13 13 0.792 0.706 5.820
SPIN 2 11 13 14 4.377 3.980 -0.009
SPIN 2 11 13 15 -5.679 -1.588 -0.477
SPIN 3 11 14 0 -5.534 1.643 1.293
SPIN 3 11 14 1 2.786 -5.053 1.307
SPIN 3 11 14 2 0.479 5.449 -2.254
SPIN 3 11 14 3 -4.118 3.385 2.566
SPIN 3 11 14 4 -2.134 3.416 4.334
SPIN 3 11 14 5 1.338 3.709 -4.411
SPIN 3 11 14 6 -4.879 -3.008 1.467
SPIN 3 11 14 7 -0.057 5.861 0.805
SPIN 3 11 14 8 4.067 2.537 -3.468
SPIN 3 11 14 9 2.766 -3.567 3.825
SPIN 3 11 14 10 0.827 -5.550 1.875
SPIN 3 11 14 11 -2.856 4.326 -2.851
SPIN 3 11 14 12 -5.347 1.921 -1.648
SPIN 3 11 14 13 -4.757 0.517 -3.480
SPIN 3 11 14 14 4.032 -4.238 -0.883
SPIN 3 11 14 15 5.512 -1.827 -1.133
SPIN 2 11 14 0 2.572 -0.363 5.315
SPIN 2 11 14 1 -4.932 -2.263 -2.356
SPIN 2 11 14 2 0.532 -5.839 0.789
SPIN 2 11 14 3 1.535 3.609 4.429
SPIN 2 11 14 4 1.670 -3.495 4.471
SPIN 2 11 14 5 2.734 -4.455 -2.771
SPIN 2 11 14 6 2.245 5.452 -0.490
SPIN 2 11 14 7 5.310 1.823 -1.864
SPIN 2 11 14 8 -2.799 -4.625 -2.403
SPIN 2 11 14 9 -2.245 3.914 3.826
SPIN 2 11 14 10 -5.584 1.307 -1.453
SPIN 2 11 14 11 -1.632 -5.558 1.200
SPIN 2 11 14 12 2.099 3.832 -3.989
SPIN 2 11 14 13 2.661 -4.279 -3.100
SPIN 2 11 14 14 -4.506 3.833 0.026
SPIN 2 11 14 15 -2.637 -1.065 5.188
SPIN 3 11 15 0 -1.636 0.503 5.663
SPIN 3 11 15 1 0.179 3.982 4.372
SPIN 3 11 15 2 4.784 1.237 -3.253
SPIN 3 11 15 3 -2.632 -4.384 -2.976
SPIN 3 11 15 4 -4.844 -2.976 1.636
SPIN 3 11 15 5 -2.120 -3.441 4.320
SPIN 3 11 15 6 4.818 3.247 -1.113
SPIN 3 11 15 7 0.959 -5.176 -2.701
SPIN 3 11 15 8 -5.036 -2.992 0.831
SPIN 3 11 15 9 -4.425 1.419 -3.662
SPIN 3 11 15 10 1.119 5.148 -2.693
SPIN 3 11 15 11 5.588 0.441 -1.893
SPIN 3 11 15 12 -4.301 -1.197 -3.882
SPIN 3 11 15 13 3.406 3.985 -2.743
SPIN 3 11 15 14 -2.597 -0.116 5.314
SPIN 3 11 15 15 -3.261 1.551 -4.686
SPIN 2 11 15 0 -3.523 -3.426 -3.295
SPIN 2 11 15 1 4.274 -3.886 -1.278
SPIN 2 11 15 2 -0.978 -5.211 2.625
SPIN 2 11 15 3 -3.404 -4.812 -0.506
SPIN 2 11 15 4 4.409 -3.428 -1.950
SPIN 2 11 15 5 4.467 1.925 3.367
SPIN 2 11 15 6 4.538 -3.690 -0.891
SPIN 2 11 15 7 -5.634 1.268 -1.286
SPIN 2 11 15 8 5.561 0.033 -2.019
SPIN 2 11 15 9 -5.403 2.060 1.250
SPIN 2 11 15 10 0.934 2.079 5.459
SPIN 2 11 15 11 -4.213 4.116 0.558
SPIN 2 11 15 12 -3.729 -4.568 0.477
SPIN 2 11 15 13 4.948 2.403 2.177
SPIN 2 11 15 14 5.327 -1.227 2.262
SPIN 2 11 15 15 -0.785 5.819 0.723
SPIN 1 12 0 0 -4.544 -1.858 -3.301
SPIN 1 12 0 1 0.611 -0.112 5.883
SPIN 1 12 0 2 -2.359 5.408 0.439
SPIN 1 12 0 3 4.937 3.043 1.169
SPIN 1 12 0 4 -1.746 2.192 5.210
SPIN 1 12 0 5 -2.962 3.020 4.136
SPIN 1 12 0 6 -0.659 -1.618 5.652
SPIN 1 12 0 7 -3.535 -4.501 -1.499
SPIN 1 12 0 8 5.821 0.783 -0.707
SPIN 1 12 0 9 -1.984 -3.825 -4.053
SPIN 1 12 0 10 -5.069 2.042 2.267
SPIN 1 12 0 11 2.230 -0.582 -5.449
SPIN 1 12 0 12 3.000 -2.316 4.543
SPIN 1 12 0 13 0.608 3.928 -4.382
SPIN 1 12 0 14 1.606 -2.211 -5.247
SPIN 1 12 0 15 -0.472 5.374 -2.428
SPIN 4 12 0 0 -2.538 -2.256 4.844
SPIN 4 12 0 1 -1.243 5.471 -1.878
SPIN 4 12 0 2 2.693 -2.735 -4.502
SPIN 4 12 0 3 -3.857 2.072 -3.979
SPIN 4 12 0 4 4.054 2.398 -3.580
SPIN 4 12 0 5 2.016 -5.497 -0.844
SPIN 4 12 0 6 -0.251 -0.174 5.908
SPIN 4 12 0 7 -1.745 3.157 4.689
SPIN 4 12 0 8 4.590 -2.163 3.042
SPIN 4 12 0 9 4.471 3.833 0.569
SPIN 4 12 0 10 -5.720 0.417 -1.451
SPIN 4 12 0 11 4.948 0.865 -3.126
SPIN 4 12 0 12 -1.683 5.660 0.371
SPIN 4 12 0 13 4.157 -2.375 3.475
SPIN 4 12 0 14 -2.024 0.949 -5.478
SPIN 4 12 0 15 -0.349 -2.590 5.307
SPIN 1 12 1 0 -0.682 4.842 3.330
SPIN 1 12 1 1 5.187 1.270 2.545
SPIN 1 12 1 2 -5.484 -2.027 -0.901
SPIN 1 12 1 3 1.540 -5.250 2.250
SPIN 1 12 1 4 -3.816 2.361 3.855
SPIN 1 12 1 5 -2.733 2.124 4.798
SPIN 1 12 1 6 -0.393 -5.883 -0.481
SPIN 1 12 1 7 3.738 0.646 4.540
SPIN 1 12 1 8 -1.621 -0.480 -5.669
SPIN 1 12 1 9 -1.133 -5.757 0.757
SPIN 1 12 1 10 1.210 2.723 -5.111
SPIN 1 12 1 11 1.954 -2.915 4.763
SPIN 1 12 1 12 -5.786 1.233 -0.054
SPIN 1 12 1 13 3.682 1.657 -4.324
SPIN 1 12 1 14 -5.686 -1.633 -0.067
SPIN 1 12 1 15 3.578 2.922 -3.696
SPIN 4 12 1 0 -0.336 5.135 2.919
SPIN 4 12 1 1 -1.496 -3.373 -4.625
SPIN 4 12 1 2 4.910 -1.986 2.636
SPIN 4 12 1 3 1.918 -5.083 -2.342
SPIN 4 12 1 4 4.543 3.786 -0.163
SPIN 4 12 1 5 -3.462 4.665 -1.120
SPIN 4 12 1 6 -5.055 2.262 -2.081
SPIN 4 12 1 7 4.315 3.190 -2.491
SPIN 4 12 1 8 -0.417 -3.517 4.739
SPIN 4 12 1 9 0.727 -5.863 -0.317
SPIN 4 12 1 10 -1.121 -1.775 -5.531
SPIN 4 12 1 11 1.690 5.637 -0.610
SPIN 4 12 1 12 -1.219 -5.711 -0.950
SPIN 4 12 1 13 4.036 -4.175 -1.132
SPIN 4 12 1 14 -3.840 -0.912 4.407
SPIN 4 12 1 15 -2.261 2.895 -4.638
SPIN 1 12 2 0 1.541 2.291 5.232
SPIN 1 12 2 1 -1.739 0.212 -5.651
SPIN 1 12 2 2 -1.979 -0.339 5.565
SPIN 1 12 2 3 -2.671 5.271 0.287
SPIN 1 12 2 4 2.805 -0.582 5.176
SPIN 1 12 2 5 -3.903 -1.852 -4.042
SPIN 1 12 2 6 0.847 3.505 4.690
SPIN 1 12 2 7 4.294 -3.069 2.672
SPIN 1 12 2 8 -5.787 -0.766 -0.963
SPIN 1 12 2 9 -1.720 1.761 -5.380
SPIN 1 12 2 10 1.465 1.141 -5.617
SPIN 1 12 2 11 -5.565 -1.947 0.494
SPIN 1 12 2 12 5.652 0.168 1.739
SPIN 1 12 2 13 -1.131 2.784 5.096
SPIN 1 12 2 14 -3.095 -2.026 -4.617
SPIN 1 12 2 15 2.914 5.132 0.420
SPIN 4 12 2 0 1.574 -5.537 -1.367
SPIN 4 12 2 1 -4.895 1.835 -2.769
SPIN 4 12 2 2 -4.842 2.799 -1.928
SPIN 4 12 2 3 -3.484 -2.038 4.325
SPIN 4 12 2 4 -3.074 -4.571 -2.158
SPIN 4 12 2 5 1.749 -5.608 0.705
SPIN 4 12 2 6 2.731 0.523 5.222
SPIN 4 12 2 7 -4.111 3.976 1.514
SPIN 4 12 2 8 -1.025 -4.034 -4.204
SPIN 4 12 2 9 2.090 -4.644 3.010
SPIN 4 12 2 10 -1.999 0.985 5.480
SPIN 4 12 2 11 -5.817 0.115 -1.073
SPIN 4 12 2 12 -5.246 2.406 -1.300
SPIN 4 12 2 13 0.031 5.849 -0.886
SPIN 4 12 2 14 1.077 3.954 4.267
SPIN 4 12 2 15 3.718 4.567 0.566
SPIN 1 12 3 0 -0.376 0.312 -5.896
SPIN 1 12 3 1 -2.212 4.001 -3.755
SPIN 1 12 3 2 4.766 0.368 -3.486
SPIN 1 12 3 3 2.643 -1.926 4.930
SPIN 1 12 3 4 -0.005 -5.594 1.925
SPIN 1 12 3 5 -4.666 3.120 1.869
SPIN 1 12 3 6 -3.537 4.258 2.088
SPIN 1 12 3 7 0.708 -3.937 4.358
SPIN 1 12 3 8 0.977 4.464 3.758
SPIN 1 12 3 9 5.058 -1.695 -2.558
SPIN 1 12 3 10 -1.725 2.333 5.156
SPIN 1 12 3 11 5.448 -1.903 -1.303
SPIN 1 12 3 12 2.792 4.939 1.675
SPIN 1 12 3 13 1.327 -4.353 3.780
SPIN 1 12 3 14 -2.781 5.041 1.361
SPIN 1 12 3 15 0.690 3.858 4.431
SPIN 4 12 3 0 5.862 0.178 0.780
SPIN 4 12 3 1 -2.725 -4.727 2.287
SPIN 4 12 3 2 1.153 1.894 -5.485
SPIN 4 12 3 3 -0.591 1.930 5.561
SPIN 4 12 3 4 5.098 0.879 2.870
SPIN 4 12 3 5 -5.008 -1.949 2.474
SPIN 4 12 3 6 5.228 -2.670 0.732
SPIN 4 12 3 7 -2.729 3.998 -3.401
SPIN 4 12 3 8 0.516 -4.792 -3.431
SPIN 4 12 3 9 -4.488 -3.836 0.381
SPIN 4 12 3 10 5.308 2.443 0.925
SPIN 4 12 3 11 5.147 2.588 1.345
SPIN 4 12 3 12 3.983 0.486 -4.347
SPIN 4 12 3 13 -1.304 5.491 1.776
SPIN 4 12 3 14 -2.781 -0.477 -5.200
SPIN 4 12 3 15 2.832 -4.659 2.297
SPIN 1 12 4 0 -1.291 3.498 4.593
SPIN 1 12 4 1 1.142 -0.378 -5.792
SPIN 1 12 4 2 2.793 4.909 1.760
SPIN 1 12 4 3 -2.932 5.040 -1.000
SPIN 1 12 4 4 5.594 -1.329 1.394
SPIN 1 12 4 5 0.346 5.590 -1.906
SPIN 1 12 4 6 -4.193 3.114 -2.779
SPIN 1 12 4 7 4.641 2.093 -3.013
SPIN 1 12 4 8 -5.845 -0.913 -0.053
SPIN 1 12 4 9 3.899 -0.420 4.430
SPIN 1 12 4 10 -0.614 1.472 -5.697
SPIN 1 12 4 11 -4.690 -0.394 -3.585
SPIN 1 12 4 12 1.210 -4.953 3.000
SPIN 1 12 4 13 -0.763 4.582 -3.664
SPIN 1 12 4 14 3.821 4.449 0.779
SPIN 1 12 4 15 -3.197 0.394 4.962
SPIN 4 12 4 0 5.130 -2.907 0.481
SPIN 4 12 4 1 -5.759 0.943 0.971
SPIN 4 12 4 2 5.028 2.262 2.145
SPIN 4 12 4 3 3.130 -3.760 -3.326
SPIN 4 12 4 4 -0.991 5.812 0.483
SPIN 4 12 4 5 4.934 -1.778 2.737
SPIN 4 12 4 6 -0.499 -2.250 -5.449
SPIN 4 12 4 7 1.464 -0.268 5.726
SPIN 4 12 4 8 -2.751 5.159 -0.902
SPIN 4 12 4 9 4.664 -0.256 -3.631
SPIN 4 12 4 10 -5.446 -1.188 -1.981
SPIN 4 12 4 11 -5.370 0.725 -2.373
SPIN 4 12 4 12 4.047 3.065 3.039
SPIN 4 12 4 13 -3.071 -2.156 4.574
SPIN 4 12 4 14 -2.097 -4.785 2.777
SPIN 4 12 4 15 5.351 2.519 0.146
SPIN 1 12 5 0 5.733 -1.253 0.751
SPIN 1 12 5 1 -4.613 -1.543 3.368
SPIN 1 12 5 2 2.250 -0.777 -5.416
SPIN 1 12 5 3 -0.363 -4.831 3.396
SPIN 1 12 5 4 -3.055 5.057 0.317
SPIN 1 12 5 5 3.323 -1.891 -4.515
SPIN 1 12 5 6 4.326 2.621 -3.068
SPIN 1 12 5 7 -3.294 2.901 3.966
SPIN 1 12 5 8 0.588 5.699 -1.476
SPIN 1 12 5 9 2.128 -3.332 4.401
SPIN 1 12 5 10 -1.414 -1.855 -5.437
SPIN 1 12 5 11 -0.286 5.770 1.274
SPIN 1 12 5 12 -5.022 -3.120 -0.217
SPIN 1 12 5 13 1.094 5.711 -1.091
SPIN 1 12 5 14 -5.138 -2.849 0.695
SPIN 1 12 5 15 4.692 3.393 -1.213
SPIN 4 12 5 0 -4.029 -2.812 3.295
SPIN 4 12 5 1 1.490 -4.471 3.576
SPIN 4 12 5 2 2.171 4.477 -3.201
SPIN 4 12 5 3 -0.278 0.676 5.871
SPIN 4 12 5 4 -5.299 -2.314 1.253
SPIN 4 12 5 5 -4.604 -1.278 3.489
SPIN 4 12 5 6 2.376 3.330 4.274
SPIN 4 12 5 7 -1.567 -5.458 1.661
SPIN 4 12 5 8 0.589 -5.887 0.013
SPIN 4 12 5 9 -2.400 3.763 3.883
SPIN 4 12 5 10 3.516 4.755 0.146
SPIN 4 12 5 11 3.089 -4.885 1.263
SPIN 4 12 5 12 -3.973 -3.760 2.253
SPIN 4 12 5 13 5.549 -1.540 -1.354
SPIN 4 12 5 14 -1.993 3.976 3.901
SPIN 4 12 5 15 2.962 -4.110 3.055
SPIN 1 12 6 0 4.186 0.954 4.071
SPIN 1 12 6 1 -2.628 -1.324 -5.132
SPIN 1 12 6 2 -3.271 3.472 3.500
SPIN 1 12 6 3 3.569 -4.422 -1.645
SPIN 1 12 6 4 -5.869 -0.480 0.570
SPIN 1 12 6 5 2.608 1.955 4.937
SPIN 1 12 6 6 -0.298 -2.642 5.285
SPIN 1 12 6 7 -3.952 2.914 3.301
SPIN 1 12 6 8 0.449 -1.054 5.804
SPIN 1 12 6 9 3.750 -1.034 -4.457
SPIN 1 12 6 10 1.684 -0.234 5.666
SPIN 1 12 6 11 -5.343 -2.515 -0.356
SPIN 1 12 6 12 -0.477 5.789 -1.124
SPIN 1 12 6 13 1.552 -5.664 0.713
SPIN 1 12 6 14 3.028 0.261 -5.076
SPIN 1 12 6 15 4.132 -4.014 1.347
SPIN 4 12 6 0 -2.482 5.367 0.198
SPIN 4 12 6 1 -5.100 1.769 -2.420
SPIN 4 12 6 2 -2.386 -4.741 2.614
SPIN 4 12 6 3 -3.226 -3.830 -3.150
SPIN 4 12 6 4 5.264 0.262 2.687
SPIN 4 12 6 5 -4.143 -3.344 2.580
SPIN 4 12 6 6 -2.888 -2.590 -4.467
SPIN 4 12 6 7 4.074 3.424 2.583
SPIN 4 12 6 8 -4.749 -2.987 1.878
SPIN 4 12 6 9 3.074 4.073 2.993
SPIN 4 12 6 10 1.464 4.657 -3.342
SPIN 4 12 6 11 -2.034 4.771 -2.846
SPIN 4 12 6 12 1.498 5.120 -2.557
SPIN 4 12 6 13 -5.013 1.800 2.574
SPIN 4 12 6 14 -0.459 -2.106 5.510
SPIN 4 12 6 15 0.428 -1.115 5.794
SPIN 1 12 7 0 1.661 -5.513 -1.358
SPIN 1 12 7 1 4.816 1.399 3.139
SPIN 1 12 7 2 3.162 -4.133 -2.814
SPIN 1 12 7 3 -4.381 0.264 3.967
SPIN 1 12 7 4 5.741 1.060 0.956
SPIN 1 12 7 5 -1.825 -1.880 -5.304
SPIN 1 12 7 6 4.233 3.154 -2.670
SPIN 1 12 7 7 3.527 -2.753 -3.871
SPIN 1 12 7 8 -3.629 -4.594 0.853
SPIN 1 12 7 9 -1.976 1.835 5.266
SPIN 1 12 7 10 -2.271 -5.377 -0.965
SPIN 1 12 7 11 1.371 2.139 5.342
SPIN 1 12 7 12 -1.934 -4.041 -3.864
SPIN 1 12 7 13 1.322 5.642 1.192
SPIN 1 12 7 14 -0.443 -2.292 5.436
SPIN 1 12 7 15 -0.976 0.987 -5.751
SPIN 4 12 7 0 -3.706 3.811 2.596
SPIN 4 12 7 1 4.257 -0.358 4.093
SPIN 4 12 7 2 4.111 -4.253 -0.102
SPIN 4 12 7 3 -0.637 2.419 5.361
SPIN 4 12 7 4 -2.118 -5.322 -1.481
SPIN 4 12 7 5 2.401 0.477 5.386
SPIN 4 12 7 6 -5.231 -0.074 -2.763
SPIN 4 12 7 7 -3.057 2.709 -4.280
SPIN 4 12 7 8 -2.541 -1.112 5.226
SPIN 4 12 7 9 -0.679 5.344 -2.447
SPIN 4 12 7 10 -0.465 -5.558 1.972
SPIN 4 12 7 11 0.085 3.822 4.515
SPIN 4 12 7 12 -3.495 -0.398 4.757
SPIN 4 12 7 13 5.317 1.674 -1.982
SPIN 4 12 7 14 -2.002 -4.713 -2.964
SPIN 4 12 7 15 -1.186 0.947 5.718
SPIN 1 12 8 0 4.802 -2.930 -1.832
SPIN 1 12 8 1 0.236 5.855 -0.815
SPIN 1 12 8 2 -1.930 -3.041 4.693
SPIN 1 12 8 3 -1.752 0.405 -5.636
SPIN 1 12 8 4 -4.789 -3.385 0.774
SPIN 1 12 8 5 -0.105 5.122 -2.959
SPIN 1 12 8 6 3.077 -5.028 0.507
SPIN 1 12 8 7 2.034 -3.597 4.234
SPIN 1 12 8 8 3.189 4.976 0.259
SPIN 1 12 8 9 4.454 3.824 0.737
SPIN 1 12 8 10 -0.966 0.305 5.829
SPIN 1 12 8 11 -1.381 5.564 1.460
SPIN 1 12 8 12 3.410 -3.009 3.784
SPIN 1 12 8 13 4.211 4.151 -0.186
SPIN 1 12 8 14 -3.153 3.796 3.263
SPIN 1 12 8 15 -0.349 -5.814 -1.037
SPIN 4 12 8 0 -4.896 3.158 1.025
SPIN 4 12 8 1 -4.962 -3.052 1.031
SPIN 4 12 8 2 -2.145 4.766 2.772
SPIN 4 12 8 3 -3.178 4.587 1.966
SPIN 4 12 8 4 -2.654 5.204 -0.938
SPIN 4 12 8 5 -1.751 4.462 3.468
SPIN 4 12 8 6 -4.804 -1.636 -3.041
SPIN 4 12 8 7 -1.560 -3.684 4.358
SPIN 4 12 8 8 -3.636 4.613 -0.708
SPIN 4 12 8 9 3.650 -4.450 1.367
SPIN 4 12 8 10 0.815 2.914 -5.084
SPIN 4 12 8 11 -5.609 -1.719 0.761
SPIN 4 12 8 12 5.371 2.277 -0.986
SPIN 4 12 8 13 3.304 -4.751 -1.228
SPIN 4 12 8 14 4.251 2.542 3.235
SPIN 4 12 8 15 -5.661 1.055 -1.357
SPIN 1 12 9 0 -3.806 2.166 -3.978
SPIN 1 12 9 1 0.816 -1.949 5.526
SPIN 1 12 9 2 -3.039 4.701 1.914
SPIN 1 12 9 3 5.028 -3.064 0.578
SPIN 1 12 9 4 -3.903 4.307 1.104
SPIN 1 12 9 5 -0.061 -5.912 -0.220
SPIN 1 12 9 6 0.478 1.826 5.607
SPIN 1 12 9 7 -4.825 2.787 -1.989
SPIN 1 12 9 8 -4.422 -3.844 -0.823
SPIN 1 12 9 9 -4.779 2.649 2.267
SPIN 1 12 9 10 0.463 -2.202 5.472
SPIN 1 12 9 11 1.669 -4.241 -3.772
SPIN 1 12 9 12 -1.865 -3.351 -4.505
SPIN 1 12 9 13 3.414 -0.053 4.831
SPIN 1 12 9 14 -1.280 5.297 2.303
SPIN 1 12 9 15 5.520 -1.143 1.797
SPIN 4 12 9 0 0.471 -0.603 5.866
SPIN 4 12 9 1 5.197 -2.783 -0.499
SPIN 4 12 9 2 3.829 2.357 3.844
SPIN 4 12 9 3 3.037 -4.748 -1.798
SPIN 4 12 9 4 -2.988 4.953 -1.239
SPIN 4 12 9 5 -0.436 -3.706 4.591
SPIN 4 12 9 6 2.682 -0.618 -5.237
SPIN 4 12 9 7 -4.705 3.574 -0.294
SPIN 4 12 9 8 -3.388 -1.677 -4.551
SPIN 4 12 9 9 4.099 -0.611 4.222
SPIN 4 12 9 10 -3.839 -4.429 -0.804
SPIN 4 12 9 11 1.585 2.435 -5.153
SPIN 4 12 9 12 1.453 5.700 -0.631
SPIN 4 12 9 13 4.930 -2.677 1.878
SPIN 4 12 9 14 -3.166 4.947 -0.711
SPIN 4 12 9 15 3.099 0.122 -5.038
SPIN 1 12 10 0 -1.456 1.376 5.567
SPIN 1 12 10 1 0.514 2.352 -5.404
SPIN 1 12 10 2 1.922 1.138 5.478
SPIN 1 12 10 3 -3.622 1.664 -4.372
SPIN 1 12 10 4 -4.988 -1.009 -3.018
SPIN 1 12 10 5 4.578 -1.836 -3.266
SPIN 1 12 10 6 -0.766 5.774 1.034
SPIN 1 12 10 7 5.620 0.301 -1.823
SPIN 1 12 10 8 0.011 1.621 -5.690
SPIN 1 12 10 9 -3.087 4.366 -2.532
SPIN 1 12 10 10 -3.233 -0.278 -4.947
SPIN 1 12 10 11 3.705 1.362 4.407
SPIN 1 12 10 12 -2.558 5.224 1.081
SPIN 1 12 10 13 0.355 -0.865 -5.842
SPIN 1 12 10 14 -5.767 -1.162 0.622
SPIN 1 12 10 15 5.890 -0.520 0.193
SPIN 4 12 10 0 -1.026 -1.282 -5.684
SPIN 4 12 10 1 -1.701 -0.926 5.590
SPIN 4 12 10 2 4.438 0.391 -3.892
SPIN 4 12 10 3 1.356 -5.498 1.712
SPIN 4 12 10 4 4.306 -1.473 -3.780
SPIN 4 12 10 5 -4.043 3.471 2.570
SPIN 4 12 10 6 1.308 -3.701 4.426
SPIN 4 12 10 7 1.419 -3.704 -4.389
SPIN 4 12 10 8 -0.368 -5.456 2.257
SPIN 4 12 10 9 4.942 -0.207 -3.246
SPIN 4 12 10 10 1.525 -5.715 0.095
SPIN 4 12 10 11 -3.079 4.704 1.842
SPIN 4 12 10 12 3.004 -0.219 5.092
SPIN 4 12 10 13 -5.757 0.132 1.358
SPIN 4 12 10 14 4.650 3.645 -0.310
SPIN 4 12 10 15 -1.664 -2.047 5.295
SPIN 1 12 11 0 2.222 -2.686 -4.780
SPIN 1 12 11 1 5.848 -0.485 -0.753
SPIN 1 12 11 2 0.114 -3.195 -4.978
SPIN 1 12 11 3 5.901 -0.417 0.005
SPIN 1 12 11 4 3.692 0.817 -4.550
SPIN 1 12 11 5 -5.320 0.901 2.427
SPIN 1 12 11 6 -2.558 -5.129 1.465
SPIN 1 12 11 7 -5.681 0.800 1.445
SPIN 1 12 11 8 2.320 -0.987 5.352
SPIN 1 12 11 9 -4.705 1.609 -3.206
SPIN 1 12 11 10 0.961 -1.471 5.649
SPIN 1 12 11 11 3.153 -3.427 -3.648
SPIN 1 12 11 12 -0.087 -0.524 -5.892
SPIN 1 12 11 13 -1.721 -5.387 1.736
SPIN 1 12 11 14 -2.461 4.412 -3.079
SPIN 1 12 11 15 0.595 -0.546 5.861
SPIN 4 12 11 0 0.198 4.321 4.036
SPIN 4 12 11 1 2.055 5.544 -0.193
SPIN 4 12 11 2 0.714 -2.422 -5.350
SPIN 4 12 11 3 2.855 -4.294 2.900
SPIN 4 12 11 4 -0.112 5.067 3.052
SPIN 4 12 11 5 4.134 -2.167 -3.635
SPIN 4 12 11 6 5.144 0.050 -2.922
SPIN 4 12 11 7 1.429 2.750 5.040
SPIN 4 12 11 8 -0.618 5.730 1.336
SPIN 4 12 11 9 1.002 -4.711 -3.435
SPIN 4 12 11 10 0.791 -3.940 4.342
SPIN 4 12 11 11 -0.024 -4.240 -4.125
SPIN 4 12 11 12 1.735 -2.754 4.940
SPIN 4 12 11 13 0.899 1.407 -5.675
SPIN 4 12 11 14 0.024 3.003 5.097
SPIN 4 12 11 15 3.945 -2.767 -3.433
SPIN 1 12 12 0 -0.633 -5.644 1.658
SPIN 1 12 12 1 1.574 5.488 -1.550
SPIN 1 12 12 2 -1.911 -3.597 -4.291
SPIN 1 12 12 3 -2.318 -5.138 1.797
SPIN 1 12 12 4 -5.818 0.610 0.882
SPIN 1 12 12 5 4.416 -1.463 -3.655
SPIN 1 12 12 6 -4.210 2.845 3.030
SPIN 1 12 12 7 1.949 -5.475 -1.109
SPIN 1 12 12 8 4.788 3.375 0.830
SPIN 1 12 12 9 4.306 -3.340 2.303
SPIN 1 12 12 10 -4.980 1.183 -2.967
SPIN 1 12 12 11 3.058 -2.384 4.468
SPIN 1 12 12 12 -5.537 0.020 2.085
SPIN 1 12 12 13 1.378 -5.643 1.122
SPIN 1 12 12 14 3.813 3.635 2.692
SPIN 1 12 12 15 -5.558 -0.813 -1.856
SPIN 4 12 12 0 3.770 -3.071 -3.370
SPIN 4 12 12 1 -3.729 3.067 3.419
SPIN 4 12 12 2 4.308 0.059 -4.055
SPIN 4 12 12 3 0.064 5.883 0.619
SPIN 4 12 12 4 3.355 -2.984 3.852
SPIN 4 12 12 5 -2.863 2.131 4.719
SPIN 4 12 12 6 1.606 -2.660 5.035
SPIN 4 12 12 7 4.646 -1.557 3.316
SPIN 4 12 12 8 -0.479 -4.603 3.686
SPIN 4 12 12 9 -0.597 5.886 -0.002
SPIN 4 12 12 10 -2.061 2.959 -4.690
SPIN 4 12 12 11 -1.696 -5.408 -1.697
SPIN 4 12 12 12 3.101 -0.118 5.037
SPIN 4 12 12 13 -4.544 3.089 2.193
SPIN 4 12 12 14 3.173 4.958 -0.594
SPIN 4 12 12 15 -0.457 5.282 -2.626
SPIN 1 12 13 0 -2.229 -0.415 5.464
SPIN 1 12 13 1 -0.750 -4.869 3.275
SPIN 1 12 13 2 5.131 2.795 0.926
SPIN 1 12 13 3 1.232 5.780 -0.277
SPIN 1 12 13 4 2.394 -1.985 -5.033
SPIN 1 12 13 5 0.984 5.828 0.257
SPIN 1 12 13 6 -0.922 -4.823 3.299
SPIN 1 12 13 7 5.862 0.744 0.279
SPIN 1 12 13 8 -3.848 -2.327 -3.844
SPIN 1 12 13 9 -2.245 -1.479 -5.270
SPIN 1 12 13 10 4.455 -0.012 3.892
SPIN 1 12 13 11 -4.696 -3.493 -0.866
SPIN 1 12 13 12 2.754 1.992 4.842
SPIN 1 12 13 13 5.727 -1.483 -0.002
SPIN 1 12 13 14 -4.596 -3.723 -0.125
SPIN 1 12 13 15 1.783 1.768 5.357
SPIN 4 12 13 0 -4.090 3.148 -2.891
SPIN 4 12 13 1 -3.005 -3.209 3.959
SPIN 4 12 13 2 -5.460 2.059 0.972
SPIN 4 12 13 3 4.797 -2.482 -2.413
SPIN 4 12 13 4 -2.532 -1.613 -5.098
SPIN 4 12 13 5 2.385 -5.381 0.593
SPIN 4 12 13 6 -4.536 0.344 -3.782
SPIN 4 12 13 7 5.061 -2.073 2.255
SPIN 4 12 13 8 -4.059 2.229 -3.681
SPIN 4 12 13 9 1.716 -5.661 0.099
SPIN 4 12 13 10 1.089 -1.127 5.705
SPIN 4 12 13 11 -3.504 -2.701 -3.927
SPIN 4 12 13 12 -4.629 -3.527 1.063
SPIN 4 12 13 13 -4.356 -1.245 3.804
SPIN 4 12 13 14 0.342 -5.900 -0.266
SPIN 4 12 13 15 5.758 0.149 1.351
SPIN 1 12 14 0 -5.671 0.760 1.504
SPIN 1 12 14 1 0.091 -3.728 -4.593
SPIN 1 12 14 2 -3.262 -2.905 -3.989
SPIN 1 12 14 3 1.763 5.646 -0.122
SPIN 1 12 14 4 -1.613 1.496 5.492
SPIN 1 12 14 5 3.588 -3.410 3.239
SPIN 1 12 14 6 -1.649 5.552 -1.206
SPIN 1 12 14 7 -4.823 -3.403 -0.404
SPIN 1 12 14 8 4.603 3.487 1.287
SPIN 1 12 14 9 -0.637 -5.097 2.935
SPIN 1 12 14 10 1.015 3.687 -4.514
SPIN 1 12 14 11 5.760 -1.257 0.496
SPIN 1 12 14 12 -0.542 5.198 2.773
SPIN 1 12 14 13 -0.442 -4.980 3.162
SPIN 1 12 14 14 0.131 5.376 2.466
SPIN 1 12 14 15 -0.393 4.522 -3.794
SPIN 4 12 14 0 -1.924 5.484 1.104
SPIN 4 12 14 1 -1.145 0.621 5.771
SPIN 4 12 14 2 0.528 4.734 -3.509
SPIN 4 12 14 3 0.446 -4.975 -3.171
SPIN 4 12 14 4 3.558 2.171 -4.199
SPIN 4 12 14 5 -3.711 2.471 -3.889
SPIN 4 12 14 6 -0.666 -2.703 5.220
SPIN 4 12 14 7 -0.877 -4.709 -3.472
SPIN 4 12 14 8 3.677 3.062 3.480
SPIN 4 12 14 9 4.384 -2.024 -3.418
SPIN 4 12 14 10 -4.235 3.840 1.522
SPIN 4 12 14 11 -1.413 -3.566 -4.504
SPIN 4 12 14 12 3.987 -4.371 0.056
SPIN 4 12 14 13 -5.450 0.532 2.239
SPIN 4 12 14 14 4.469 3.876 0.076
SPIN 4 12 14 15 -4.767 -2.493 -2.461
SPIN 1 12 15 0 5.886 -0.550 -0.225
SPIN 1 12 15 1 4.419 2.280 3.204
SPIN 1 12 15 2 -2.369 -2.215 -4.948
SPIN 1 12 15 3 -3.487 -4.645 -1.124
SPIN 1 12 15 4 1.694 5.648 -0.479
SPIN 1 12 15 5 3.317 4.814 0.904
SPIN 1 12 15 6 -3.254 -3.129 3.824
SPIN 1 12 15 7 -4.402 1.808 3.515
SPIN 1 12 15 8 -3.456 -1.155 -4.660
SPIN 1 12 15 9 3.162 1.851 -4.645
SPIN 1 12 15 10 4.837 -1.326 3.138
SPIN 1 12 15 11 4.174 -2.914 -3.015
SPIN 1 12 15 12 -2.888 -0.002 5.163
SPIN 1 12 15 13 4.376 -2.424 3.158
SPIN 1 12 15 14 0.867 0.084 -5.852
SPIN 1 12 15 15 -1.523 -3.962 -4.121
SPIN 4 12 15 0 5.379 -2.022 -1.406
SPIN 4 12 15 1 -1.978 -5.133 -2.178
SPIN 4 12 15 2 2.686 -0.438 -5.253
SPIN 4 12 15 3 -3.153 4.889 1.076
SPIN 4 12 15 4 -4.544 0.781 -3.707
SPIN 4 12 15 5 -3.963 4.169 -1.383
SPIN 4 12 15 6 5.816 -1.077 0.094
SPIN 4 12 15 7 -3.955 -1.949 -3.945
SPIN 4 12 15 8 -4.783 1.240 3.254
SPIN 4 12 15 9 -4.439 2.251 -3.198
SPIN 4 12 15 10 5.301 -1.923 -1.789
SPIN 4 12 15 11 -1.722 5.653 -0.282
SPIN 4 12 15 12 -2.525 4.840 -2.280
SPIN 4 12 15 13 -5.509 1.442 -1.603
SPIN 4 12 15 14 -2.056 5.393 -1.298
SPIN 4 12 15 15 -0.783 5.261 2.591
SPIN 3 12 0 0 -2.227 5.440 0.666
SPIN 3 12 0 1 -2.219 -0.414 -5.468
SPIN 3 12 0 2 -4.278 2.666 -3.098
SPIN 3 12 0 3 -0.731 5.193 2.738
SPIN 3 12 0 4 0.607 -5.836 -0.754
SPIN 3 12 0 5 5.471 1.209 -1.899
SPIN 3 12 0 6 -4.852 3.384 0.011
SPIN 3 12 0 7 -4.461 2.161 -3.230
SPIN 3 12 0 8 0.155 -2.457 -5.379
SPIN 3 12 0 9 -5.557 1.677 1.143
SPIN 3 12 0 10 -3.441 3.886 2.839
SPIN 3 12 0 11 -0.616 5.865 0.472
SPIN 3 12 0 12 -4.653 -3.119 1.903
SPIN 3 12 0 13 4.052 2.038 3.798
SPIN 3 12 0 14 3.540 0.223 4.735
SPIN 3 12 0 15 -2.165 -0.789 -5.449
SPIN 2 12 0 0 -4.143 -2.583 -3.341
SPIN 2 12 0 1 2.971 -5.081 -0.601
SPIN 2 12 0 2 4.155 -0.388 4.194
SPIN 2 12 0 3 -5.280 1.640 2.104
SPIN 2 12 0 4 1.689 -5.475 -1.476
SPIN 2 12 0 5 3.909 -3.537 -2.685
SPIN 2 12 0 6 -0.610 -0.197 5.881
SPIN 2 12 0 7 -4.693 2.457 2.635
SPIN 2 12 0 8 -3.881 -3.188 -3.126
SPIN 2 12 0 9 5.824 0.575 0.869
SPIN 2 12 0 10 -0.921 5.202 2.663
SPIN 2 12 0 11 -1.825 -1.200 -5.498
SPIN 2 12 0 12 -4.016 4.316 -0.493
SPIN 2 12 0 13 -2.879 1.336 -4.993
SPIN 2 12 0 14 3.898 -4.317 1.081
SPIN 2 12 0 15 -2.103 4.801 2.743
SPIN 3 12 1 0 -1.885 3.201 -4.604
SPIN 3 12 1 1 -0.960 -3.841 -4.397
SPIN 3 12 1 2 3.152 2.511 -4.331
SPIN 3 12 1 3 -3.814 1.857 4.124
SPIN 3 12 1 4 -3.952 -0.631 -4.357
SPIN 3 12 1 5 2.574 4.327 3.107
SPIN 3 12 1 6 -2.508 4.787 -2.407
SPIN 3 12 1 7 4.739 3.405 0.974
SPIN 3 12 1 8 -4.410 -3.908 0.526
SPIN 3 12 1 9 0.912 -4.023 -4.241
SPIN 3 12 1 10 5.904 0.375 -0.031
SPIN 3 12 1 11 -0.008 -2.908 -5.152
SPIN 3 12 1 12 1.901 -1.525 5.391
SPIN 3 12 1 13 -2.670 5.051 -1.536
SPIN 3 12 1 14 1.557 5.694 0.389
SPIN 3 12 1 15 -2.875 -4.166 3.063
SPIN 2 12 1 0 -1.042 -1.974 5.479
SPIN 2 12 1 1 3.872 -1.402 4.247
SPIN 2 12 1 2 -4.907 -0.792 -3.208
SPIN 2 12 1 3 -4.671 2.099 2.962
SPIN 2 12 1 4 3.088 0.872 -4.970
SPIN 2 12 1 5 -2.880 -2.767 4.365
SPIN 2 12 1 6 -3.949 -2.807 -3.395
SPIN 2 12 1 7 2.224 0.691 -5.438
SPIN 2 12 1 8 3.065 1.981 4.657
SPIN 2 12 1 9 -2.010 -0.139 -5.563
SPIN 2 12 1 10 -3.287 -2.627 -4.159
SPIN 2 12 1 11 0.089 -2.245 -5.473
SPIN 2 12 1 12 -3.469 -4.721 -0.823
SPIN 2 12 1 13 -3.310 1.219 4.749
SPIN 2 12 1 14 0.980 5.656 -1.433
SPIN 2 12 1 15 -0.697 -4.958 3.151
SPIN 3 12 2 0 3.342 4.759 -1.090
SPIN 3 12 2 1 4.373 1.380 3.737
SPIN 3 12 2 2 3.340 -3.870 -2.978
SPIN 3 12 2 3 4.205 0.648 4.110
SPIN 3 12 2 4 -0.868 -3.088 4.971
SPIN 3 12 2 5 -0.214 0.374 -5.900
SPIN 3 12 2 6 -3.225 -2.817 4.082
SPIN 3 12 2 7 -0.965 4.889 3.189
SPIN 3 12 2 8 2.062 2.604 -4.896
SPIN 3 12 2 9 3.582 2.017 4.254
SPIN 3 12 2 10 -2.281 5.377 -0.944
SPIN 3 12 2 11 2.074 5.015 -2.355
SPIN 3 12 2 12 -5.464 -2.149 -0.727
SPIN 3 12 2 13 5.273 -2.287 1.402
SPIN 3 12 2 14 -4.239 -3.409 2.326
SPIN 3 12 2 15 2.432 0.011 -5.393
SPIN 2 12 2 0 -1.951 3.392 4.437
SPIN 2 12 2 1 3.859 -4.092 1.835
SPIN 2 12 2 2 -2.341 3.391 4.245
SPIN 2 12 2 3 1.160 -5.799 0.143
SPIN 2 12 2 4 -1.587 -2.433 -5.154
SPIN 2 12 2 5 1.192 -2.539 -5.209
SPIN 2 12 2 6 4.720 -3.525 -0.547
SPIN 2 12 2 7 -0.195 5.078 -3.029
SPIN 2 12 2 8 -3.038 1.452 4.864
SPIN 2 12 2 9 -0.369 1.045 5.811
SPIN 2 12 2 10 -0.935 3.905 -4.345
SPIN 2 12 2 11 -0.725 -2.526 -5.300
SPIN 2 12 2 12 1.710 5.600 -0.845
SPIN 2 12 2 13 -0.095 -3.622 -4.676
SPIN 2 12 2 14 3.002 -2.587 4.392
SPIN 2 12 2 15 4.101 -3.232 -2.782
SPIN 3 12 3 0 -2.519 0.152 5.351
SPIN 3 12 3 1 3.586 4.702 0.172
SPIN 3 12 3 2 -4.234 3.117 2.712
SPIN 3 12 3 3 -4.689 2.507 2.594
SPIN 3 12 3 4 -1.978 5.572 0.198
SPIN 3 12 3 5 2.504 4.585 -2.777
SPIN 3 12 3 6 -3.684 -2.551 -3.862
SPIN 3 12 3 7 2.644 -4.564 2.679
SPIN 3 12 3 8 -3.763 4.521 0.631
SPIN 3 12 3 9 -0.327 -3.385 -4.841
SPIN 3 12 3 10 4.757 1.085 -3.346
SPIN 3 12 3 11 -0.768 -5.382 -2.334
SPIN 3 12 3 12 5.601 -0.184 1.897
SPIN 3 12 3 13 -1.993 -5.465 -1.080
SPIN 3 12 3 14 0.651 4.265 -4.048
SPIN 3 12 3 15 -5.755 -1.369 -0.089
SPIN 2 12 3 0 0.467 4.752 -3.493
SPIN 2 12 3 1 -2.614 -3.308 4.150
SPIN 2 12 3 2 0.816 5.784 -0.939
SPIN 2 12 3 3 -2.533 -4.874 -2.197
SPIN 2 12 3 4 -0.590 -5.030 3.059
SPIN 2 12 3 5 1.720 -1.710 -5.396
SPIN 2 12 3 6 -2.575 5.043 -1.714
SPIN 2 12 3 7 0.055 -3.821 4.516
SPIN 2 12 3 8 -2.494 0.372 -5.352
SPIN 2 12 3 9 -0.746 3.122 -4.970
SPIN 2 12 3 10 0.377 0.152 5.902
SPIN 2 12 3 11 -4.865 -0.723 3.288
SPIN 2 12 3 12 -1.138 5.481 -1.915
SPIN 2 12 3 13 1.065 -0.169 -5.817
SPIN 2 12 3 14 -4.939 1.946 2.611
SPIN 2 12 3 15 4.620 -3.431 -1.372
SPIN 3 12 4 0 -3.697 3.360 3.170
SPIN 3 12 4 1 -3.898 0.812 -4.376
SPIN 3 12 4 2 -4.418 0.682 3.875
SPIN 3 12 4 3 1.197 -3.260 4.790
SPIN 3 12 4 4 -3.302 0.813 -4.841
SPIN 3 12 4 5 -0.295 -5.368 2.469
SPIN 3 12 4 6 3.895 -2.007 3.975
SPIN 3 12 4 7 -4.630 1.099 3.515
SPIN 3 12 4 8 3.401 4.620 1.445
SPIN 3 12 4 9 -2.309 -2.827 4.656
SPIN 3 12 4 10 2.534 -3.942 -3.611
SPIN 3 12 4 11 5.485 -0.125 2.213
SPIN 3 12 4 12 -5.717 -0.460 -1.451
SPIN 3 12 4 13 3.154 -1.470 -4.784
SPIN 3 12 4 14 -1.869 5.298 1.853
SPIN 3 12 4 15 -1.311 -5.448 1.898
SPIN 2 12 4 0 -5.510 1.622 -1.418
SPIN 2 12 4 1 3.366 -2.230 -4.324
SPIN 2 12 4 2 -2.002 -0.474 5.547
SPIN 2 12 4 3 -2.932 2.224 -4.632
SPIN 2 12 4 4 0.231 0.276 5.905
SPIN 2 12 4 5 -1.041 4.926 3.107
SPIN 2 12 4 6 -4.014 -4.062 1.546
SPIN 2 12 4 7 -1.867 -4.414 -3.469
SPIN 2 12 4 8 1.565 -5.439 -1.722
SPIN 2 12 4 9 3.896 4.360 0.903
SPIN 2 12 4 10 5.624 -1.311 1.287
SPIN 2 12 4 11 -3.139 -4.857 -1.245
SPIN 2 12 4 12 -5.417 -0.499 2.326
SPIN 2 12 4 13 4.646 1.519 3.332
SPIN 2 12 4 14 1.230 -5.218 -2.502
SPIN 2 12 4 15 -3.631 0.259 4.663
SPIN 3 12 5 0 3.974 4.239 1.114
SPIN 3 12 5 1 -2.835 4.224 3.021
SPIN 3 12 5 2 -0.339 -3.962 -4.380
SPIN 3 12 5 3 -3.588 3.942 -2.567
SPIN 3 12 5 4 3.655 -3.782 2.709
SPIN 3 12 5 5 -1.624 -5.625 0.850
SPIN 3 12 5 6 -3.512 3.773 2.904
SPIN 3 12 5 7 4.841 -0.913 -3.276
SPIN 3 12 5 8 -3.573 4.683 0.550
SPIN 3 12 5 9 -3.186 4.900 0.917
SPIN 3 12 5 10 5.229 -0.710 2.676
SPIN 3 12 5 11 2.192 -2.560 -4.863
SPIN 3 12 5 12 3.865 0.010 -4.479
SPIN 3 12 5 13 -5.539 1.568 1.363
SPIN 3 12 5 14 -2.693 2.541 4.615
SPIN 3 12 5 15 -2.709 2.321 -4.720
SPIN 2 12 5 0 -4.089 -2.613 3.385
SPIN 2 12 5 1 4.093 2.814 -3.214
SPIN 2 12 5 2 3.748 3.309 -3.163
SPIN 2 12 5 3 -5.294 0.052 2.640
SPIN 2 12 5 4 0.203 5.640 -1.774
SPIN 2 12 5 5 -4.013 2.241 -3.725
SPIN 2 12 5 6 5.391 1.285 2.071
SPIN 2 12 5 7 -2.057 3.238 4.504
SPIN 2 12 5 8 -2.652 5.131 1.279
SPIN 2 12 5 9 -3.015 -4.935 -1.248
SPIN 2 12 5 10 -5.851 0.279 0.833
SPIN 2 12 5 11 -0.978 4.025 -4.224
SPIN 2 12 5 12 -3.116 1.479 -4.807
SPIN 2 12 5 13 -1.079 -0.037 -5.817
SPIN 2 12 5 14 -2.738 0.248 5.239
SPIN 2 12 5 15 3.240 4.895 -0.739
SPIN 3 12 6 0 -0.680 5.868 0.323
SPIN 3 12 6 1 1.248 -1.687 -5.531
SPIN 3 12 6 2 -3.330 -4.875 0.383
SPIN 3 12 6 3 -5.631 -0.496 1.746
SPIN 3 12 6 4 1.310 -5.114 -2.671
SPIN 3 12 6 5 3.774 4.554 0.131
SPIN 3 12 6 6 -5.462 -1.832 -1.347
SPIN 3 12 6 7 3.911 -1.000 4.325
SPIN 3 12 6 8 0.410 5.686 1.581
SPIN 3 12 6 9 -1.972 -5.392 -1.429
SPIN 3 12 6 10 2.607 -1.475 -5.102
SPIN 3 12 6 11 3.832 4.339 -1.222
SPIN 3 12 6 12 0.393 -4.991 -3.152
SPIN 3 12 6 13 4.388 3.148 -2.415
SPIN 3 12 6 14 3.253 -2.636 4.180
SPIN 3 12 6 15 1.385 -0.684 -5.711
SPIN 2 12 6 0 -3.071 -4.633 2.025
SPIN 2 12 6 1 1.594 0.885 -5.628
SPIN 2 12 6 2 -5.668 1.512 -0.764
SPIN 2 12 6 3 0.515 5.871 0.519
SPIN 2 12 6 4 -4.341 0.041 4.020
SPIN 2 12 6 5 2.691 4.389 -2.915
SPIN 2 12 6 6 -2.387 5.408 0.227
SPIN 2 12 6 7 -0.705 -3.407 -4.785
SPIN 2 12 6 8 0.955 5.229 2.598
SPIN 2 12 6 9 -2.324 4.974 -2.205
SPIN 2 12 6 10 -3.302 2.191 4.393
SPIN 2 12 6 11 2.143 -2.356 4.986
SPIN 2 12 6 12 -2.989 -3.978 3.200
SPIN 2 12 6 13 -3.540 0.853 4.662
SPIN 2 12 6 14 -1.110 -4.161 4.057
SPIN 2 12 6 15 2.808 5.197 -0.330
SPIN 3 12 7 0 0.273 -5.909 0.093
SPIN 3 12 7 1 3.241 -4.458 2.151
SPIN 3 12 7 2 0.190 5.748 1.387
SPIN 3 12 7 3 -4.234 -3.844 -1.517
SPIN 3 12 7 4 -1.978 -4.024 -3.859
SPIN 3 12 7 5 2.809 -2.329 4.657
SPIN 3 12 7 6 -2.877 -4.539 2.474
SPIN 3 12 7 7 -2.122 5.324 1.467
SPIN 3 12 7 8 5.022 1.755 -2.588
SPIN 3 12 7 9 -1.921 -5.308 -1.770
SPIN 3 12 7 10 -2.267 5.464 -0.094
SPIN 3 12 7 11 1.402 -5.718 0.583
SPIN 3 12 7 12 -5.149 -2.890 0.365
SPIN 3 12 7 13 -0.867 4.761 -3.403
SPIN 3 12 7 14 -2.454 -3.373 -4.196
SPIN 3 12 7 15 3.265 -4.722 1.430
SPIN 2 12 7 0 2.660 4.844 2.112
SPIN 2 12 7 1 2.969 3.988 -3.206
SPIN 2 12 7 2 -0.240 0.588 5.882
SPIN 2 12 7 3 4.536 2.420 -2.927
SPIN 2 12 7 4 0.743 5.712 -1.350
SPIN 2 12 7 5 -4.928 2.886 1.544
SPIN 2 12 7 6 3.572 -2.200 -4.171
SPIN 2 12 7 7 3.961 4.343 0.670
SPIN 2 12 7 8 -2.076 -2.690 4.843
SPIN 2 12 7 9 3.118 -4.113 2.892
SPIN 2 12 7 10 -1.371 3.639 4.459
SPIN 2 12 7 11 2.535 1.381 -5.164
SPIN 2 12 7 12 -1.356 4.537 -3.546
SPIN 2 12 7 13 -2.702 -5.132 -1.168
SPIN 2 12 7 14 -4.390 -0.542 3.929
SPIN 2 12 7 15 -4.444 -0.219 -3.899
SPIN 3 12 8 0 -3.092 4.720 -1.778
SPIN 3 12 8 1 -0.909 -5.815 -0.597
SPIN 3 12 8 2 -4.475 2.351 -3.073
SPIN 3 12 8 3 0.243 -4.009 4.344
SPIN 3 12 8 4 3.991 1.090 4.229
SPIN 3 12 8 5 -1.784 5.485 -1.314
SPIN 3 12 8 6 -2.362 4.132 -3.514
SPIN 3 12 8 7 -0.950 -1.475 -5.650
SPIN 3 12 8 8 -1.793 -5.512 -1.185
SPIN 3 12 8 9 -1.287 2.977 -4.948
SPIN 3 12 8 10 -1.573 -5.679 -0.527
SPIN 3 12 8 11 0.685 5.691 1.463
SPIN 3 12 8 12 -1.610 4.124 -3.924
SPIN 3 12 8 13 0.536 1.129 5.783
SPIN 3 12 8 14 -1.504 -5.501 1.575
SPIN 3 12 8 15 3.020 -3.479 -3.712
SPIN 2 12 8 0 0.085 4.981 3.190
SPIN 2 12 8 1 2.672 -4.047 3.389
SPIN 2 12 8 2 0.532 2.200 -5.466
SPIN 2 12 8 3 1.280 -4.314 3.840
SPIN 2 12 8 4 -3.326 -2.320 -4.307
SPIN 2 12 8 5 -1.302 -2.964 4.952
SPIN 2 12 8 6 -2.267 -2.655 -4.776
SPIN 2 12 8 7 4.142 -3.455 -2.431
SPIN 2 12 8 8 -4.859 -0.431 3.347
SPIN 2 12 8 9 0.904 -3.156 -4.921
SPIN 2 12 8 10 -5.097 2.139 2.109
SPIN 2 12 8 11 -3.993 3.914 1.934
SPIN 2 12 8 12 -3.429 -4.123 -2.498
SPIN 2 12 8 13 -3.931 4.347 0.809
SPIN 2 12 8 14 -5.087 -0.629 -2.954
SPIN 2 12 8 15 2.578 -3.667 3.861
SPIN 3 12 9 0 -2.730 -2.400 4.668
SPIN 3 12 9 1 -3.544 -3.830 -2.789
SPIN 3 12 9 2 -1.606 4.468 -3.529
SPIN 3 12 9 3 -2.983 -2.238 4.592
SPIN 3 12 9 4 -1.180 -5.684 -1.141
SPIN 3 12 9 5 1.935 -4.440 -3.397
SPIN 3 12 9 6 -2.156 -1.746 5.225
SPIN 3 12 9 7 4.334 2.962 2.729
SPIN 3 12 9 8 5.772 1.170 0.563
SPIN 3 12 9 9 -4.757 -1.948 -2.928
SPIN 3 12 9 10 -5.111 -1.930 2.269
SPIN 3 12 9 11 -0.350 -4.585 3.723
SPIN 3 12 9 12 -1.253 -5.704 0.949
SPIN 3 12 9 13 5.021 -0.524 -3.085
SPIN 3 12 9 14 -3.920 -0.631 4.386
SPIN 3 12 9 15 2.967 3.215 3.983
SPIN 2 12 9 0 2.330 -2.998 4.537
SPIN 2 12 9 1 4.618 2.318 2.882
SPIN 2 12 9 2 -2.938 -3.773 3.483
SPIN 2 12 9 3 -0.018 3.984 -4.373
SPIN 2 12 9 4 1.221 -1.524 5.585
SPIN 2 12 9 5 -0.070 -1.951 -5.585
SPIN 2 12 9 6 -3.352 3.300 3.589
SPIN 2 12 9 7 2.403 1.813 -5.093
SPIN 2 12 9 8 0.076 -4.086 4.277
SPIN 2 12 9 9 2.896 1.411 4.962
SPIN 2 12 9 10 -3.110 -0.300 -5.024
SPIN 2 12 9 11 0.939 -4.907 -3.168
SPIN 2 12 9 12 3.797 2.779 -3.586
SPIN 2 12 9 13 5.182 -2.815 -0.467
SPIN 2 12 9 14 -5.764 1.332 -0.029
SPIN 2 12 9 15 5.720 0.041 -1.511
SPIN 3 12 10 0 -3.029 1.082 -4.965
SPIN 3 12 10 1 -4.433 -1.726 -3.517
SPIN 3 12 10 2 -0.544 -5.291 2.591
SPIN 3 12 10 3 -1.287 2.590 -5.161
SPIN 3 12 10 4 5.898 0.154 0.439
SPIN 3 12 10 5 -3.553 2.992 3.663
SPIN 3 12 10 6 1.078 4.163 4.063
SPIN 3 12 10 7 3.391 0.938 4.756
SPIN 3 12 10 8 -4.322 1.884 -3.574
SPIN 3 12 10 9 2.521 -4.879 -2.200
SPIN 3 12 10 10 1.760 0.612 5.615
SPIN 3 12 10 11 -2.873 5.129 -0.661
SPIN 3 12 10 12 -1.603 -5.403 -1.801
SPIN 3 12 10 13 -0.722 3.292 -4.862
SPIN 3 12 10 14 5.532 1.866 0.954
SPIN 3 12 10 15 -1.872 -1.608 -5.377
SPIN 2 12 10 0 2.955 0.856 5.053
SPIN 2 12 10 1 -4.235 3.819 1.573
SPIN 2 12 10 2 -2.446 1.484 5.178
SPIN 2 12 10 3 2.096 4.986 -2.397
SPIN 2 12 10 4 2.198 0.440 -5.475
SPIN 2 12 10 5 2.605 5.196 -1.104
SPIN 2 12 10 6 0.841 -3.657 -4.574
SPIN 2 12 10 7 -1.251 1.774 5.504
SPIN 2 12 10 8 2.528 -5.294 -0.768
SPIN 2 12 10 9 -3.335 -0.497 4.861
SPIN 2 12 10 10 -2.592 -5.106 -1.488
SPIN 2 12 10 11 -2.670 -4.450 2.841
SPIN 2 12 10 12 4.178 2.434 3.409
SPIN 2 12 10 13 3.871 2.028 -3.988
SPIN 2 12 10 14 0.914 -5.701 1.291
SPIN 2 12 10 15 -4.580 3.517 -1.288
SPIN 3 12 11 0 3.354 -3.593 -3.292
SPIN 3 12 11 1 2.310 4.002 3.695
SPIN 3 12 11 2 -3.982 -4.321 -0.691
SPIN 3 12 11 3 -4.979 0.199 3.189
SPIN 3 12 11 4 -5.165 -2.330 1.701
SPIN 3 12 11 5 4.905 -1.857 2.738
SPIN 3 12 11 6 3.040 1.039 -4.967
SPIN 3 12 11 7 5.501 -0.254 -2.162
SPIN 3 12 11 8 -3.067 -1.390 4.864
SPIN 3 12 11 9 0.463 5.550 -1.995
SPIN 3 12 11 10 -3.852 -1.852 -4.090
SPIN 3 12 11 11 4.447 3.826 0.766
SPIN 3 12 11 12 -1.030 -4.384 3.837
SPIN 3 12 11 13 -3.822 3.435 2.931
SPIN 3 12 11 14 4.367 1.219 -3.800
SPIN 3 12 11 15 0.338 5.259 2.688
SPIN 2 12 11 0 2.686 -5.127 -1.226
SPIN 2 12 11 1 5.651 -0.885 -1.512
SPIN 2 12 11 2 -5.516 1.930 -0.921
SPIN 2 12 11 3 -5.405 2.157 1.064
SPIN 2 12 11 4 3.942 1.026 4.291
SPIN 2 12 11 5 5.312 1.986 1.684
SPIN 2 12 11 6 2.413 -0.974 5.313
SPIN 2 12 11 7 4.781 1.249 3.253
SPIN 2 12 11 8 -3.756 2.399 -3.891
SPIN 2 12 11 9 3.485 -4.777 -0.194
SPIN 2 12 11 10 -0.164 3.229 -4.955
SPIN 2 12 11 11 0.645 -5.254 2.643
SPIN 2 12 11 12 -4.923 1.340 -2.994
SPIN 2 12 11 13 -1.108 -5.795 0.435
SPIN 2 12 11 14 4.508 -2.242 3.107
SPIN 2 12 11 15 -3.198 1.124 -4.849
SPIN 3 12 12 0 -1.933 -4.211 3.679
SPIN 3 12 12 1 -2.322 -5.442 0.004
SPIN 3 12 12 2 4.366 2.447 -3.154
SPIN 3 12 12 3 4.848 -2.675 -2.083
SPIN 3 12 12 4 3.233 4.840 -1.060
SPIN 3 12 12 5 -5.650 -0.197 1.742
SPIN 3 12 12 6 -5.885 0.292 -0.527
SPIN 3 12 12 7 -4.575 3.301 1.782
SPIN 3 12 12 8 -4.056 0.761 -4.239
SPIN 3 12 12 9 -2.830 3.442 3.892
SPIN 3 12 12 10 1.503 5.715 -0.287
SPIN 3 12 12 11 -3.069 1.299 4.888
SPIN 3 12 12 12 -5.468 -0.469 -2.208
SPIN 3 12 12 13 2.334 -3.098 -4.467
SPIN 3 12 12 14 -2.803 -2.337 -4.657
SPIN 3 12 12 15 -3.262 4.544 -1.926
SPIN 2 12 12 0 2.758 4.328 -2.943
SPIN 2 12 12 1 -1.895 -1.631 5.362
SPIN 2 12 12 2 3.503 3.868 -2.787
SPIN 2 12 12 3 -3.057 -0.834 4.996
SPIN 2 12 12 4 -0.301 -1.622 -5.682
SPIN 2 12 12 5 2.082 5.097 -2.165
SPIN 2 12 12 6 3.703 -1.666 -4.302
SPIN 2 12 12 7 -1.353 -3.343 4.689
SPIN 2 12 12 8 3.531 1.403 -4.534
SPIN 2 12 12 9 -4.079 -3.197 2.853
SPIN 2 12 12 10 0.904 -5.642 1.532
SPIN 2 12 12 11 5.541 -1.949 0.705
SPIN 2 12 12 12 5.465 2.256 -0.210
SPIN 2 12 12 13 3.075 2.645 -4.307
SPIN 2 12 12 14 -1.012 -4.779 3.337
SPIN 2 12 12 15 4.592 3.518 1.239
SPIN 3 12 13 0 3.325 3.689 -3.216
SPIN 3 12 13 1 -3.142 4.406 2.392
SPIN 3 12 13 2 2.283 -5.410 -0.722
SPIN 3 12 13 3 -5.516 -0.308 -2.116
SPIN 3 12 13 4 3.988 3.137 -3.043
SPIN 3 12 13 5 -5.105 -2.394 -1.790
SPIN 3 12 13 6 -2.055 2.776 -4.803
SPIN 3 12 13 7 3.741 3.614 2.818
SPIN 3 12 13 8 -5.053 0.194 -3.070
SPIN 3 12 13 9 3.479 -4.759 0.506
SPIN 3 12 13 10 3.857 3.319 -3.017
SPIN 3 12 13 11 0.350 3.817 -4.506
SPIN 3 12 13 12 -0.268 -5.753 1.353
SPIN 3 12 13 13 -0.887 2.890 -5.086
SPIN 3 12 13 14 5.328 -1.187 -2.281
SPIN 3 12 13 15 -4.207 -1.655 -3.816
SPIN 2 12 13 0 0.545 4.283 -4.044
SPIN 2 12 13 1 5.868 -0.025 0.750
SPIN 2 12 13 2 -3.989 -1.928 -3.920
SPIN 2 12 13 3 4.824 3.027 1.602
SPIN 2 12 13 4 -5.513 0.874 1.962
SPIN 2 12 13 5 5.076 2.912 0.869
SPIN 2 12 13 6 -3.528 -2.942 3.728
SPIN 2 12 13 7 4.529 -3.103 2.205
SPIN 2 12 13 8 -3.445 -4.771 -0.608
SPIN 2 12 13 9 5.600 -0.273 -1.888
SPIN 2 12 13 10 -4.615 3.687 0.336
SPIN 2 12 13 11 1.541 2.435 -5.167
SPIN 2 12 13 12 -1.443 -5.480 -1.698
SPIN 2 12 13 13 0.245 1.026 5.821
SPIN 2 12 13 14 3.410 -1.398 -4.628
SPIN 2 12 13 15 -2.818 -5.178 0.498
SPIN 3 12 14 0 5.272 -2.495 -0.993
SPIN 3 12 14 1 -5.166 2.859 -0.373
SPIN 3 12 14 2 2.852 2.368 4.611
SPIN 3 12 14 3 5.377 2.436 -0.394
SPIN 3 12 14 4 -1.041 -5.588 -1.640
SPIN 3 12 14 5 -5.541 -0.393 -2.036
SPIN 3 12 14 6 4.582 3.313 1.739
SPIN 3 12 14 7 -2.163 -5.506 0.056
SPIN 3 12 14 8 -5.838 0.790 -0.543
SPIN 3 12 14 9 -2.433 -0.623 -5.357
SPIN 3 12 14 10 -1.823 1.543 -5.412
SPIN 3 12 14 11 0.543 4.565 3.723
SPIN 3 12 14 12 2.485 2.202 4.896
SPIN 3 12 14 13 5.774 1.188 -0.502
SPIN 3 12 14 14 -0.339 5.743 1.380
SPIN 3 12 14 15 -5.056 -0.033 3.071
SPIN 2 12 14 0 5.501 -1.271 1.766
SPIN 2 12 14 1 3.260 -0.601 -4.900
SPIN 2 12 14 2 1.152 0.622 5.769
SPIN 2 12 14 3 2.706 -2.599 -4.574
SPIN 2 12 14 4 3.626 4.112 2.223
SPIN 2 12 14 5 -4.825 3.037 -1.580
SPIN 2 12 14 6 3.872 3.526 2.752
SPIN 2 12 14 7 -4.879 0.217 -3.339
SPIN 2 12 14 8 -2.545 -2.076 -4.921
SPIN 2 12 14 9 -5.701 -1.578 -0.078
SPIN 2 12 14 10 4.853 -0.556 3.337
SPIN 2 12 14 11 -0.759 -0.058 -5.867
SPIN 2 12 14 12 3.293 -3.704 3.230
SPIN 2 12 14 13 -3.243 2.225 -4.420
SPIN 2 12 14 14 -4.969 -1.184 2.984
SPIN 2 12 14 15 5.479 -1.869 1.218
SPIN 3 12 15 0 -2.738 -3.579 3.833
SPIN 3 12 15 1 2.654 5.284 -0.186
SPIN 3 12 15 2 1.462 -5.333 2.102
SPIN 3 12 15 3 -3.350 1.437 4.659
SPIN 3 12 15 4 -2.888 0.513 5.138
SPIN 3 12 15 5 5.411 -2.357 0.400
SPIN 3 12 15 6 -4.465 -3.878 0.156
SPIN 3 12 15 7 5.254 2.557 0.929
SPIN 3 12 15 8 5.605 1.202 1.460
SPIN 3 12 15 9 -3.653 -4.653 -0.061
SPIN 3 12 15 10 2.449 -5.314 0.872
SPIN 3 12 15 11 -2.206 -5.391 -1.038
SPIN 3 12 15 12 4.688 3.171 1.724
SPIN 3 12 15 13 -2.480 -5.370 0.137
SPIN 3 12 15 14 -0.637 4.051 -4.264
SPIN 3 12 15 15 4.197 0.125 4.168
SPIN 2 12 15 0 -3.367 0.100 4.864
SPIN 2 12 15 1 2.678 -4.754 2.286
SPIN 2 12 15 2 0.782 2.551 -5.280
SPIN 2 12 15 3 3.447 2.242 -4.253
SPIN 2 12 15 4 2.280 -4.077 -3.631
SPIN 2 12 15 5 -4.182 -0.530 4.151
SPIN 2 12 15 6 -1.842 -4.414 -3.482
SPIN 2 12 15 7 5.849 -0.470 0.755
SPIN 2 12 15 8 -1.264 -1.163 5.661
SPIN 2 12 15 9 1.325 5.395 -2.035
SPIN 2 12 15 10 0.562 -1.374 -5.727
SPIN 2 12 15 11 1.415 0.573 -5.716
SPIN 2 12 15 12 4.089 -2.795 3.236
SPIN 2 12 15 13 -1.037 4.616 3.552
SPIN 2 12 15 14 -1.529 -2.390 -5.192
SPIN 2 12 15 15 -3.012 -4.998 0.973
SPIN 1 13 0 0 4.333 -3.795 1.351
SPIN 1 13 0 1 0.781 0.795 -5.810
SPIN 1 13 0 2 1.487 -3.132 4.794
SPIN 1 13 0 3 -2.790 0.247 -5.211
SPIN 1 13 0 4 -2.653 -3.450 -4.007
SPIN 1 13 0 5 -5.430 2.189 0.854
SPIN 1 13 0 6 3.793 4.488 -0.688
SPIN 1 13 0 7 -5.202 -0.944 2.655
SPIN 1 13 0 8 2.081 4.708 -2.916
SPIN 1 13 0 9 1.973 -3.215 4.558
SPIN 1 13 0 10 3.099 -4.303 -2.623
SPIN 1 13 0 11 -0.158 0.835 5.855
SPIN 1 13 0 12 3.252 3.856 -3.091
SPIN 1 13 0 13 0.392 -5.902 0.134
SPIN 1 13 0 14 4.693 0.582 -3.555
SPIN 1 13 0 15 0.913 -2.574 5.248
SPIN 4 13 0 0 -2.853 0.950 5.095
SPIN 4 13 0 1 4.435 3.001 2.516
SPIN 4 13 0 2 1.885 -3.866 -4.063
SPIN 4 13 0 3 4.926 -0.247 3.267
SPIN 4 13 0 4 4.379 -3.867 -0.934
SPIN 4 13 0 5 -0.064 5.766 -1.321
SPIN 4 13 0 6 1.939 5.518 0.889
SPIN 4 13 0 7 0.093 5.367 2.487
SPIN 4 13 0 8 3.032 3.701 -3.480
SPIN 4 13 0 9 3.080 -3.440 3.698
SPIN 4 13 0 10 -0.108 0.696 5.874
SPIN 4 13 0 11 -2.618 -1.027 -5.205
SPIN 4 13 0 12 2.996 0.516 5.075
SPIN 4 13 0 13 2.929 -3.165 4.050
SPIN 4 13 0 14 -1.781 -5.613 0.566
SPIN 4 13 0 15 3.368 3.127 3.725
SPIN 1 13 1 0 2.894 -0.596 -5.126
SPIN 1 13 1 1 -5.814 -1.093 -0.088
SPIN 1 13 1 2 4.999 2.813 -1.447
SPIN 1 13 1 3 0.561 3.050 5.038
SPIN 1 13 1 4 0.249 -5.430 2.335
SPIN 1 13 1 5 -4.843 2.617 2.167
SPIN 1 13 1 6 4.975 -1.719 -2.702
SPIN 1 13 1 7 -0.390 -4.975 -3.177
SPIN 1 13 1 8 -1.368 5.737 -0.468
SPIN 1 13 1 9 -5.381 2.254 0.982
SPIN 1 13 1 10 -4.178 -4.127 0.720
SPIN 1 13 1 11 -4.598 0.942 3.601
SPIN 1 13 1 12 5.803 -0.797 0.832
SPIN 1 13 1 13 -5.795 -0.282 -1.159
SPIN 1 13 1 14 1.999 5.445 1.163
SPIN 1 13 1 15 2.626 0.079 -5.301
SPIN 4 13 1 0 2.472 0.830 -5.311
SPIN 4 13 1 1 -0.027 4.830 -3.416
SPIN 4 13 1 2 -5.909 -0.268 -0.116
SPIN 4 13 1 3 4.465 -0.130 -3.879
SPIN 4 13 1 4 2.465 -3.043 -4.434
SPIN 4 13 1 5 1.719 -5.660 -0.068
SPIN 4 13 1 6 0.788 -3.747 4.510
SPIN 4 13 1 7 -2.409 -4.458 -3.054
SPIN 4 13 1 8 -1.471 -5.360 -2.027
SPIN 4 13 1 9 -3.008 2.922 4.173
SPIN 4 13 1 10 -3.212 0.155 -4.966
SPIN 4 13 1 11 -1.812 -5.608 -0.520
SPIN 4 13 1 12 1.872 5.588 0.514
SPIN 4 13 1 13 -0.526 -5.560 -1.953
SPIN 4 13 1 14 -2.075 3.870 -3.964
SPIN 4 13 1 15 0.458 5.774 -1.207
SPIN 1 13 2 0 3.008 -4.212 -2.866
SPIN 1 13 2 1 -5.191 -2.833 -0.146
SPIN 1 13 2 2 1.495 3.734 4.338
SPIN 1 13 2 3 3.101 -4.618 2.014
SPIN 1 13 2 4 -5.803 -0.278 -1.115
SPIN 1 13 2 5 5.129 1.808 2.328
SPIN 1 13 2 6 -4.000 4.030 -1.662
SPIN 1 13 2 7 -3.357 -1.163 4.731
SPIN 1 13 2 8 3.963 -4.044 -1.716
SPIN 1 13 2 9 -5.479 0.647 2.137
SPIN 1 13 2 10 3.334 -3.171 3.719
SPIN 1 13 2 11 0.353 -5.838 0.891
SPIN 1 13 2 12 -5.663 1.323 1.085
SPIN 1 13 2 13 1.787 -3.345 -4.541
SPIN 1 13 2 14 -0.283 5.242 -2.728
SPIN 1 13 2 15 -0.638 -5.494 -2.101
SPIN 4 13 2 0 -2.942 -2.027 -4.716
SPIN 4 13 2 1 3.757 3.664 -2.731
SPIN 4 13 2 2 -2.897 -2.009 4.751
SPIN 4 13 2 3 -2.831 4.863 1.826
SPIN 4 13 2 4 0.951 5.825 -0.399
SPIN 4 13 2 5 -5.565 -1.347 -1.488
SPIN 4 13 2 6 5.608 1.497 -1.143
SPIN 4 13 2 7 0.685 2.873 -5.126
SPIN 4 13 2 8 3.421 4.502 1.740
SPIN 4 13 2 9 -1.410 4.026 -4.099
SPIN 4 13 2 10 -0.823 5.350 2.388
SPIN 4 13 2 11 -4.208 -0.408 4.138
SPIN 4 13 2 12 -1.679 -5.252 2.145
SPIN 4 13 2 13 -3.842 0.267 -4.491
SPIN 4 13 2 14 -4.264 -3.036 2.757
SPIN 4 13 2 15 1.407 -5.304 -2.210
SPIN 1 13 3 0 2.950 5.112 0.397
SPIN 1 13 3 1 3.279 4.594 1.774
SPIN 1 13 3 2 3.202 -4.876 -0.986
SPIN 1 13 3 3 2.571 -0.429 -5.311
SPIN 1 13 3 4 3.285 4.883 -0.605
SPIN 1 13 3 5 1.827 0.976 -5.542
SPIN 1 13 3 6 5.493 0.036 2.196
SPIN 1 13 3 7 3.127 0.057 -5.022
SPIN 1 13 3 8 -1.776 5.508 -1.226
SPIN 1 13 3 9 -5.310 -1.799 -1.888
SPIN 1 13 3 10 3.053 2.877 -4.172
SPIN 1 13 3 11 3.386 4.803 -0.682
SPIN 1 13 3 12 -1.867 -4.005 -3.933
SPIN 1 13 3 13 2.693 5.220 0.707
SPIN 1 13 3 14 5.916 0.023 -0.024
SPIN 1 13 3 15 -5.070 -1.012 2.876
SPIN 4 13 3 0 -1.759 -1.723 5.379
SPIN 4 13 3 1 5.879 -0.421 -0.515
SPIN 4 13 3 2 -4.799 -0.577 3.411
SPIN 4 13 3 3 5.067 2.980 0.665
SPIN 4 13 3 4 -5.169 -1.081 -2.667
SPIN 4 13 3 5 1.018 2.197 5.398
SPIN 4 13 3 6 -4.611 -0.323 -3.692
SPIN 4 13 3 7 -0.898 -2.345 5.357
SPIN 4 13 3 8 -1.428 3.331 4.676
SPIN 4 13 3 9 3.932 1.750 -4.059
SPIN 4 13 3 10 -0.217 -1.057 -5.817
SPIN 4 13 3 11 -0.912 -1.597 -5.623
SPIN 4 13 3 12 -2.776 -2.817 4.400
SPIN 4 13 3 13 -3.643 0.643 4.617
SPIN 4 13 3 14 1.152 -1.486 -5.609
SPIN 4 13 3 15 4.576 2.616 -2.687
SPIN 1 13 4 0 -1.896 -3.391 -4.462
SPIN 1 13 4 1 1.435 4.082 4.035
SPIN 1 13 4 2 5.397 -2.393 0.379
SPIN 1 13 4 3 -4.650 -3.470 -1.154
SPIN 1 13 4 4 -4.900 -1.867 -2.739
SPIN 1 13 4 5 3.817 -4.065 -1.977
SPIN 1 13 4 6 -3.800 2.528 -3.765
SPIN 1 13 4 7 4.408 -3.724 1.304
SPIN 1 13 4 8 -4.457 -0.373 -3.873
SPIN 1 13 4 9 0.545 -4.777 3.448
SPIN 1 13 4 10 -2.282 0.516 5.434
SPIN 1 13 4 11 -4.437 -0.538 3.876
SPIN 1 13 4 12 5.554 1.969 0.526
SPIN 1 13 4 13 3.265 0.445 4.914
SPIN 1 13 4 14 -5.789 0.149 1.213
SPIN 1 13 4 15 -0.695 -5.708 -1.391
SPIN 4 13 4 0 0.780 1.539 -5.659
SPIN 4 13 4 1 0.857 -5.812 0.699
SPIN 4 13 4 2 0.683 -5.434 -2.237
SPIN 4 13 4 3 -1.929 4.498 3.323
SPIN 4 13 4 4 5.539 0.429 -2.034
SPIN 4 13 4 5 -0.918 3.545 -4.646
SPIN 4 13 4 6 3.106 -2.670 4.269
SPIN 4 13 4 7 -2.344 5.428 -0.197
SPIN 4 13 4 8 2.687 -4.764 -2.256
SPIN 4 13 4 9 -4.384 -0.058 -3.972
SPIN 4 13 4 10 1.624 5.233 2.232
SPIN 4 13 4 11 -1.308 -5.383 2.078
SPIN 4 13 4 12 -3.403 -4.703 -1.142
SPIN 4 13 4 13 1.367 4.275 -3.854
SPIN 4 13 4 14 0.480 5.422 2.317
SPIN 4 13 4 15 0.036 -1.227 5.787
SPIN 1 13 5 0 -1.041 5.818 0.248
SPIN 1 13 5 1 -2.496 -4.972 2.013
SPIN 1 13 5 2 4.583 3.580 1.087
SPIN 1 13 5 3 2.402 3.827 -3.819
SPIN 1 13 5 4 -1.641 5.494 -1.458
SPIN 1 13 5 5 -2.625 -4.875 -2.084
SPIN 1 13 5 6 0.479 -0.657 5.860
SPIN 1 13 5 7 -3.875 1.081 -4.338
SPIN 1 13 5 8 4.262 -3.143 -2.638
SPIN 1 13 5 9 1.716 1.281 -5.515
SPIN 1 13 5 10 5.187 0.219 2.836
SPIN 1 13 5 11 -3.606 0.807 -4.620
SPIN 1 13 5 12 5.801 0.273 -1.128
SPIN 1 13 5 13 0.604 -4.171 4.152
SPIN 1 13 5 14 3.766 -3.742 -2.611
SPIN 1 13 5 15 1.232 5.526 1.715
SPIN 4 13 5 0 3.342 -3.724 -3.157
SPIN 4 13 5 1 -2.576 2.695 4.594
SPIN 4 13 5 2 3.687 4.472 1.187
SPIN 4 13 5 3 0.699 -5.663 1.563
SPIN 4 13 5 4 5.778 1.226 -0.333
SPIN 4 13 5 5 3.526 -3.151 3.555
SPIN 4 13 5 6 -5.587 1.425 1.325
SPIN 4 13 5 7 1.778 2.602 -5.007
SPIN 4 13 5 8 4.238 2.266 3.451
SPIN 4 13 5 9 4.753 1.944 2.938
SPIN 4 13 5 10 2.630 -4.708 -2.432
SPIN 4 13 5 11 -0.504 1.548 5.688
SPIN 4 13 5 12 2.870 3.595 -3.720
SPIN 4 13 5 13 -1.213 -4.438 3.719
SPIN 4 13 5 14 5.819 -0.364 -1.005
SPIN 4 13 5 15 0.328 -1.758 5.639
SPIN 1 13 6 0 0.067 2.051 5.549
SPIN 1 13 6 1 5.688 1.037 -1.255
SPIN 1 13 6 2 -5.049 -1.602 2.634
SPIN 1 13 6 3 1.183 3.815 4.364
SPIN 1 13 6 4 3.582 1.563 -4.441
SPIN 1 13 6 5 -1.408 4.773 3.199
SPIN 1 13 6 6 0.466 -5.671 -1.620
SPIN 1 13 6 7 5.300 1.248 -2.314
SPIN 1 13 6 8 -5.269 1.905 -1.899
SPIN 1 13 6 9 -1.045 -4.898 -3.149
SPIN 1 13 6 10 1.288 5.257 -2.389
SPIN 1 13 6 11 -4.701 1.927 3.032
SPIN 1 13 6 12 -5.540 1.160 -1.722
SPIN 1 13 6 13 -5.767 1.002 0.856
SPIN 1 13 6 14 2.655 -5.021 1.657
SPIN 1 13 6 15 -5.588 1.365 -1.380
SPIN 4 13 6 0 -3.644 3.265 -3.326
SPIN 4 13 6 1 1.481 -3.852 4.239
SPIN 4 13 6 2 1.230 -0.884 -5.719
SPIN 4 13 6 3 2.673 5.007 -1.669
SPIN 4 13 6 4 -1.494 -1.129 5.612
SPIN 4 13 6 5 -2.910 3.672 -3.612
SPIN 4 13 6 6 3.914 4.431 -0.200
SPIN 4 13 6 7 -4.324 -4.010 -0.476
SPIN 4 13 6 8 3.682 0.353 4.618
SPIN 4 13 6 9 0.846 1.717 -5.598
SPIN 4 13 6 10 -0.902 -3.105 -4.954
SPIN 4 13 6 11 5.043 0.519 3.049
SPIN 4 13 6 12 -4.541 -1.659 -3.409
SPIN 4 13 6 13 2.767 2.462 4.613
SPIN 4 13 6 14 3.922 4.352 -0.823
SPIN 4 13 6 15 -3.485 4.655 -1.092
SPIN 1 13 7 0 -4.037 3.497 2.544
SPIN 1 13 7 1 -3.785 -4.547 -0.028
SPIN 1 13 7 2 4.035 -3.740 2.177
SPIN 1 13 7 3 1.657 -4.866 -2.929
SPIN 1 13 7 4 -4.287 3.724 1.658
SPIN 1 13 7 5 -3.163 -4.926 0.857
SPIN 1 13 7 6 3.476 4.510 1.605
SPIN 1 13 7 7 -1.582 -0.481 5.680
SPIN 1 13 7 8 -0.036 -3.996 -4.362
SPIN 1 13 7 9 1.696 5.274 2.076
SPIN 1 13 7 10 -5.066 -2.694 1.442
SPIN 1 13 7 11 -0.581 5.574 1.896
SPIN 1 13 7 12 0.115 -1.365 -5.755
SPIN 1 13 7 13 0.961 1.445 5.656
SPIN 1 13 7 14 -2.710 5.027 1.543
SPIN 1 13 7 15 0.638 -5.852 -0.590
SPIN 4 13 7 0 -2.626 -5.219 0.931
SPIN 4 13 7 1 4.691 1.322 -3.354
SPIN 4 13 7 2 -1.659 5.666 0.380
SPIN 4 13 7 3 -0.679 -1.477 -5.688
SPIN 4 13 7 4 -4.908 -3.265 0.504
SPIN 4 13 7 5 2.624 -0.205 -5.298
SPIN 4 13 7 6 -5.551 -1.993 -0.460
SPIN 4 13 7 7 -2.487 -4.636 2.705
SPIN 4 13 7 8 2.995 -0.689 -5.055
SPIN 4 13 7 9 0.969 -1.910 5.515
SPIN 4 13 7 10 2.749 -4.971 -1.651
SPIN 4 13 7 11 -2.408 -0.065 5.404
SPIN 4 13 7 12 -0.879 -2.651 5.215
SPIN 4 13 7 13 -1.872 4.919 2.702
SPIN 4 13 7 14 4.413 1.432 3.671
SPIN 4 13 7 15 -2.251 5.307 -1.330
SPIN 1 13 8 0 3.021 4.726 1.881
SPIN 1 13 8 1 2.976 1.567 -4.867
SPIN 1 13 8 2 -0.523 5.727 -1.388
SPIN 1 13 8 3 1.916 -3.597 4.288
SPIN 1 13 8 4 -5.076 -2.921 0.837
SPIN 1 13 8 5 -4.588 -2.269 -2.967
SPIN 1 13 8 6 -1.422 5.622 -1.171
SPIN 1 13 8 7 2.581 -4.447 -2.926
SPIN 1 13 8 8 5.819 -1.070 0.006
SPIN 1 13 8 9 5.181 2.465 1.442
SPIN 1 13 8 10 1.410 -5.554 -1.472
SPIN 1 13 8 11 1.242 1.956 -5.444
SPIN 1 13 8 12 5.309 -0.043 -2.609
SPIN 1 13 8 13 -3.892 -4.368 0.877
SPIN 1 13 8 14 5.798 -0.365 1.116
SPIN 1 13 8 15 1.554 -4.394 3.644
SPIN 4 13 8 0 3.290 4.466 2.055
SPIN 4 13 8 1 3.895 3.112 -3.185
SPIN 4 13 8 2 -3.147 0.316 -4.999
SPIN 4 13 8 3 1.743 -5.042 2.558
SPIN 4 13 8 4 3.717 4.499 0.972
SPIN 4 13 8 5 -2.046 -5.551 0.024
SPIN 4 13 8 6 0.916 4.773 3.374
SPIN 4 13 8 7 -3.437 -0.279 -4.807
SPIN 4 13 8 8 5.132 0.387 2.918
SPIN 4 13 8 9 -5.023 -2.702 1.570
SPIN 4 13 8 10 2.848 -4.642 2.311
SPIN 4 13 8 11 5.052 2.046 -2.301
SPIN 4 13 8 12 -5.861 -0.751 0.293
SPIN 4 13 8 13 4.910 2.085 2.557
SPIN 4 13 8 14 -4.971 2.758 -1.639
SPIN 4 13 8 15 4.163 -2.989 -2.956
SPIN 1 13 9 0 -3.631 -4.071 -2.289
SPIN 1 13 9 1 -2.798 3.915 -3.441
SPIN 1 13 9 2 1.820 -5.584 -0.710
SPIN 1 13 9 3 -4.416 3.600 -1.592
SPIN 1 13 9 4 4.950 1.650 -2.788
SPIN 1 13 9 5 1.538 4.913 2.916
SPIN 1 13 9 6 1.436 2.170 -5.313
SPIN 1 13 9 7 0.299 1.698 5.659
SPIN 1 13 9 8 -4.031 -3.138 -2.983
SPIN 1 13 9 9 3.764 -0.481 -4.539
SPIN 1 13 9 10 3.987 4.353 -0.394
SPIN 1 13 9 11 2.756 4.127 3.221
SPIN 1 13 9 12 0.251 4.201 4.158
SPIN 1 13 9 13 4.506 -3.727 -0.897
SPIN 1 13 9 14 -5.871 0.540 -0.489
SPIN 1 13 9 15 -1.939 5.349 -1.622
SPIN 4 13 9 0 1.694 1.414 -5.489
SPIN 4 13 9 1 5.352 -2.351 -0.909
SPIN 4 13 9 2 -2.950 4.506 -2.448
SPIN 4 13 9 3 3.080 -0.135 -5.050
SPIN 4 13 9 4 -1.299 -5.651 1.176
SPIN 4 13 9 5 3.540 -0.147 4.738
SPIN 4 13 9 6 -4.029 -1.212 -4.159
SPIN 4 13 9 7 0.667 5.662 -1.581
SPIN 4 13 9 8 -2.202 2.048 -5.095
SPIN 4 13 9 9 -2.661 4.857 -2.081
SPIN 4 13 9 10 2.619 -0.737 5.253
SPIN 4 13 9 11 -2.037 1.023 -5.460
SPIN 4 13 9 12 4.976 0.906 -3.069
SPIN 4 13 9 13 -3.788 2.004 4.079
SPIN 4 13 9 14 -2.905 -4.778 1.931
SPIN 4 13 9 15 -2.363 -1.477 5.219
SPIN 1 13 10 0 0.830 4.108 4.175
SPIN 1 13 10 1 2.226 -4.715 2.795
SPIN 1 13 10 2 4.565 1.570 3.420
SPIN 1 13 10 3 -0.010 -4.877 3.348
SPIN 1 13 10 4 2.971 0.407 5.099
SPIN 1 13 10 5 -4.873 -2.581 -2.144
SPIN 1 13 10 6 -5.285 1.713 -2.033
SPIN 1 13 10 7 -1.429 0.946 5.662
SPIN 1 13 10 8 1.121 3.211 4.840
SPIN 1 13 10 9 1.020 -3.973 4.264
SPIN 1 13 10 10 -5.670 1.102 -1.280
SPIN 1 13 10 11 -5.365 -2.434 0.546
SPIN 1 13 10 12 -1.394 -3.096 4.845
SPIN 1 13 10 13 -5.453 2.130 -0.849
SPIN 1 13 10 14 5.859 0.818 0.031
SPIN 1 13 10 15 -0.864 3.671 4.558
SPIN 4 13 10 0 1.136 -1.270 -5.665
SPIN 4 13 10 1 4.300 -3.792 1.460
SPIN 4 13 10 2 -5.538 2.068 0.235
SPIN 4 13 10 3 1.243 1.646 5.545
SPIN 4 13 10 4 2.085 2.294 -5.039
SPIN 4 13 10 5 -0.601 -3.514 -4.722
SPIN 4 13 10 6 4.541 -3.791 -0.089
SPIN 4 13 10 7 0.222 -0.346 5.902
SPIN 4 13 10 8 1.799 1.301 -5.484
SPIN 4 13 10 9 4.036 3.968 -1.721
SPIN 4 13 10 10 -2.643 4.720 2.396
SPIN 4 13 10 11 4.357 3.826 -1.173
SPIN 4 13 10 12 0.260 2.231 -5.473
SPIN 4 13 10 13 0.251 4.930 -3.261
SPIN 4 13 10 14 -5.555 -1.224 1.625
SPIN 4 13 10 15 0.851 -2.003 -5.501
SPIN 1 13 11 0 4.869 -0.685 3.290
SPIN 1 13 11 1 -5.577 1.602 1.152
SPIN 1 13 11 2 -5.116 0.567 -2.917
SPIN 1 13 11 3 4.171 -3.032 2.900
SPIN 1 13 11 4 -2.521 5.054 -1.761
SPIN 1 13 11 5 5.745 1.408 -0.103
SPIN 1 13 11 6 -4.255 3.425 2.273
SPIN 1 13 11 7 4.510 -3.403 -1.756
SPIN 1 13 11 8 -3.788 -2.464 -3.818
SPIN 1 13 11 9 3.591 0.593 4.664
SPIN 1 13 11 10 -0.028 -3.708 4.609
SPIN 1 13 11 11 0.547 -3.899 -4.416
SPIN 1 13 11 12 -2.699 1.173 5.132
SPIN 1 13 11 13 3.708 -4.270 -1.737
SPIN 1 13 11 14 4.886 3.136 -1.139
SPIN 1 13 11 15 -4.757 -0.884 3.404
SPIN 4 13 11 0 -3.680 -1.676 4.318
SPIN 4 13 11 1 4.076 -4.253 -0.546
SPIN 4 13 11 2 -4.249 -0.743 4.049
SPIN 4 13 11 3 -1.048 -4.560 -3.620
SPIN 4 13 11 4 -2.116 -3.567 4.219
SPIN 4 13 11 5 3.520 -2.941 3.737
SPIN 4 13 11 6 3.604 0.699 -4.639
SPIN 4 13 11 7 1.857 -5.469 -1.281
SPIN 4 13 11 8 -0.942 -1.588 5.621
SPIN 4 13 11 9 -5.100 -2.693 1.317
SPIN 4 13 11 10 1.906 3.394 -4.455
SPIN 4 13 11 11 3.894 -1.668 4.129
SPIN 4 13 11 12 1.009 -4.211 4.031
SPIN 4 13 11 13 0.265 -5.662 1.695
SPIN 4 13 11 14 2.807 -2.367 -4.638
SPIN 4 13 11 15 2.675 5.231 -0.692
SPIN 1 13 12 0 -3.511 4.709 0.706
SPIN 1 13 12 1 3.761 4.564 -0.143
SPIN 1 13 12 2 -1.551 -1.427 5.528
SPIN 1 13 12 3 -0.513 5.880 0.409
SPIN 1 13 12 4 5.680 0.628 -1.532
SPIN 1 13 12 5 -5.703 0.257 -1.552
SPIN 1 13 12 6 -1.533 -3.064 -4.823
SPIN 1 13 12 7 5.390 0.470 -2.394
SPIN 1 13 12 8 -1.669 -2.634 5.027
SPIN 1 13 12 9 2.025 5.387 1.370
SPIN 1 13 12 10 1.186 1.552 -5.584
SPIN 1 13 12 11 1.370 5.296 2.252
SPIN 1 13 12 12 -1.376 5.696 -0.814
SPIN 1 13 12 13 -5.760 -1.132 -0.737
SPIN 1 13 12 14 0.454 4.660 3.616
SPIN 1 13 12 15 2.338 -4.532 -3.000
SPIN 4 13 12 0 -1.741 4.593 -3.297
SPIN 4 13 12 1 -1.006 2.205 -5.397
SPIN 4 13 12 2 2.788 -0.262 5.211
SPIN 4 13 12 3 -3.604 3.874 2.647
SPIN 4 13 12 4 -4.634 -1.119 -3.503
SPIN 4 13 12 5 5.584 1.865 -0.588
SPIN 4 13 12 6 1.797 -1.064 5.535
SPIN 4 13 12 7 -3.540 -0.409 4.722
SPIN 4 13 12 8 1.476 4.498 -3.549
SPIN 4 13 12 9 1.821 0.456 -5.610
SPIN 4 13 12 10 -2.501 -0.344 5.350
SPIN 4 13 12 11 -2.490 -1.090 -5.255
SPIN 4 13 12 12 1.677 5.560 -1.128
SPIN 4 13 12 13 4.641 3.461 -1.219
SPIN 4 13 12 14 -5.100 -1.931 -2.294
SPIN 4 13 12 15 1.711 -3.937 4.071
SPIN 1 13 13 0 -2.666 -0.783 -5.223
SPIN 1 13 13 1 2.125 5.071 -2.183
SPIN 1 13 13 2 2.941 4.119 3.063
SPIN 1 13 13 3 4.092 -3.689 2.154
SPIN 1 13 13 4 1.468 5.257 2.281
SPIN 1 13 13 5 2.409 -4.174 -3.432
SPIN 1 13 13 6 -2.456 3.489 4.098
SPIN 1 13 13 7 -5.261 -2.637 -0.606
SPIN 1 13 13 8 1.506 5.063 -2.664
SPIN 1 13 13 9 2.790 0.431 5.199
SPIN 1 13 13 10 -3.045 -4.012 3.104
SPIN 1 13 13 11 4.380 0.330 3.964
SPIN 1 13 13 12 5.614 1.436 -1.191
SPIN 1 13 13 13 -4.713 -2.547 2.510
SPIN 1 13 13 14 2.880 -4.892 1.666
SPIN 1 13 13 15 -4.838 3.403 -0.098
SPIN 4 13 13 0 1.765 -2.515 5.055
SPIN 4 13 13 1 0.904 5.836 0.359
SPIN 4 13 13 2 1.601 -1.888 5.373
SPIN 4 13 13 3 -5.550 -0.102 2.045
SPIN 4 13 13 4 -3.157 -1.425 4.796
SPIN 4 13 13 5 5.450 -1.955 -1.216
SPIN 4 13 13 6 1.605 -3.624 4.392
SPIN 4 13 13 7 -3.497 -0.515 -4.744
SPIN 4 13 13 8 2.502 4.610 2.736
SPIN 4 13 13 9 -1.022 -2.593 5.218
SPIN 4 13 13 10 -4.964 0.037 -3.218
SPIN 4 13 13 11 5.694 -0.832 1.372
SPIN 4 13 13 12 4.387 -2.520 -3.067
SPIN 4 13 13 13 1.270 5.755 -0.516
SPIN 4 13 13 14 -0.196 3.050 5.066
SPIN 4 13 13 15 2.363 -4.755 2.608
SPIN 1 13 14 0 -1.708 -4.181 -3.822
SPIN 1 13 14 1 -4.692 1.991 3.003
SPIN 1 13 14 2 1.714 4.241 -3.751
SPIN 1 13 14 3 2.137 -5.500 0.427
SPIN 1 13 14 4 -5.166 -0.547 -2.831
SPIN 1 13 14 5 2.891 0.917 5.079
SPIN 1 13 14 6 2.574 -5.197 -1.171
SPIN 1 13 14 7 4.539 1.713 3.386
SPIN 1 13 14 8 1.308 2.944 4.962
SPIN 1 13 14 9 -4.634 -2.391 -2.795
SPIN 1 13 14 10 -2.917 -1.980 4.751
SPIN 1 13 14 11 -2.149 0.140 5.510
SPIN 1 13 14 12 0.989 0.161 -5.831
SPIN 1 13 14 13 -1.998 -5.561 -0.296
SPIN 1 13 14 14 0.425 -3.635 -4.648
SPIN 1 13 14 15 1.539 5.530 1.434
SPIN 4 13 14 0 -4.412 0.577 3.899
SPIN 4 13 14 1 2.608 -5.310 0.087
SPIN 4 13 14 2 -3.485 3.908 -2.755
SPIN 4 13 14 3 -1.799 -5.538 1.048
SPIN 4 13 14 4 5.596 -1.187 1.507
SPIN 4 13 14 5 -1.386 0.938 5.674
SPIN 4 13 14 6 -1.610 4.304 -3.726
SPIN 4 13 14 7 -1.068 5.565 1.701
SPIN 4 13 14 8 -0.702 -5.288 -2.558
SPIN 4 13 14 9 0.623 5.865 0.461
SPIN 4 13 14 10 4.984 -2.835 -1.457
SPIN 4 13 14 11 4.925 -1.405 -2.961
SPIN 4 13 14 12 -5.519 0.497 -2.073
SPIN 4 13 14 13 4.569 0.352 -3.742
SPIN 4 13 14 14 0.466 2.700 -5.243
SPIN 4 13 14 15 1.655 5.332 -1.956
SPIN 1 13 15 0 -1.962 5.438 -1.255
SPIN 1 13 15 1 -0.483 -5.030 -3.077
SPIN 1 13 15 2 4.054 -4.065 1.429
SPIN 1 13 15 3 -0.457 0.921 5.826
SPIN 1 13 15 4 1.414 5.220 -2.398
SPIN 1 13 15 5 -0.645 -2.974 -5.073
SPIN 1 13 15 6 -5.297 2.629 -0.189
SPIN 1 13 15 7 1.474 -4.650 3.347
SPIN 1 13 15 8 -3.951 2.206 3.810
SPIN 1 13 15 9 -2.449 -1.799 5.076
SPIN 1 13 15 10 -4.820 2.140 -2.682
SPIN 1 13 15 11 -3.302 3.691 -3.237
SPIN 1 13 15 12 -2.891 -4.649 2.242
SPIN 1 13 15 13 -2.234 0.573 -5.448
SPIN 1 13 15 14 5.915 0.077 0.055
SPIN 1 13 15 15 5.713 0.559 1.432
SPIN 4 13 15 0 -1.544 -2.359 -5.201
SPIN 4 13 15 1 3.069 5.043 0.378
SPIN 4 13 15 2 -1.645 0.192 5.680
SPIN 4 13 15 3 -0.396 -5.644 1.728
SPIN 4 13 15 4 5.208 1.163 2.554
SPIN 4 13 15 5 0.646 5.856 0.541
SPIN 4 13 15 6 -3.144 2.328 -4.438
SPIN 4 13 15 7 1.017 -3.582 -4.597
SPIN 4 13 15 8 2.535 0.620 -5.309
SPIN 4 13 15 9 2.618 -0.696 5.259
SPIN 4 13 15 10 -5.110 -1.023 2.801
SPIN 4 13 15 11 -3.909 4.363 -0.831
SPIN 4 13 15 12 -3.136 2.895 4.097
SPIN 4 13 15 13 2.103 3.382 -4.375
SPIN 4 13 15 14 -3.483 3.689 -3.044
SPIN 4 13 15 15 1.927 3.187 4.597
SPIN 3 13 0 0 -4.182 -3.057 2.858
SPIN 3 13 0 1 -2.982 -5.079 0.560
SPIN 3 13 0 2 -1.357 -5.057 -2.754
SPIN 3 13 0 3 3.576 -4.151 -2.233
SPIN 3 13 0 4 -1.560 5.205 -2.339
SPIN 3 13 0 5 5.409 1.978 1.354
SPIN 3 13 0 6 -4.568 2.052 3.151
SPIN 3 13 0 7 4.851 3.370 0.329
SPIN 3 13 0 8 -3.638 0.387 -4.649
SPIN 3 13 0 9 5.516 -1.316 1.686
SPIN 3 13 0 10 -4.045 -4.037 -1.531
SPIN 3 13 0 11 -0.306 -2.896 5.150
SPIN 3 13 0 12 5.680 -0.049 -1.654
SPIN 3 13 0 13 -0.145 2.216 -5.483
SPIN 3 13 0 14 -3.824 3.990 2.111
SPIN 3 13 0 15 -2.929 -4.902 1.547
SPIN 2 13 0 0 1.019 5.097 2.826
SPIN 2 13 0 1 4.388 -0.149 -3.965
SPIN 2 13 0 2 -3.230 4.955 0.115
SPIN 2 13 0 3 -0.529 -2.680 5.247
SPIN 2 13 0 4 2.527 -0.336 5.339
SPIN 2 13 0 5 -5.275 2.591 -0.682
SPIN 2 13 0 6 1.927 0.350 -5.582
SPIN 2 13 0 7 5.662 -1.101 1.316
SPIN 2 13 0 8 4.154 -3.032 2.924
SPIN 2 13 0 9 -3.101 2.959 -4.077
SPIN 2 13 0 10 5.634 -0.840 1.597
SPIN 2 13 0 11 3.088 -2.447 -4.413
SPIN 2 13 0 12 -4.127 0.552 -4.203
SPIN 2 13 0 13 1.475 4.708 -3.265
SPIN 2 13 0 14 -5.592 -1.425 1.303
SPIN 2 13 0 15 -4.707 -2.236 -2.801
SPIN 3 13 1 0 3.510 -2.545 -4.025
SPIN 3 13 1 1 -5.173 -2.208 1.833
SPIN 3 13 1 2 4.414 3.550 -1.705
SPIN 3 13 1 3 4.520 1.939 3.288
SPIN 3 13 1 4 0.283 -0.231 -5.905
SPIN 3 13 1 5 -0.808 -0.180 -5.858
SPIN 3 13 1 6 -2.812 1.524 4.977
SPIN 3 13 1 7 -5.228 -2.760 -0.217
SPIN 3 13 1 8 -4.455 -0.480 -3.863
SPIN 3 13 1 9 4.363 -0.453 -3.969
SPIN 3 13 1 10 -2.459 5.214 1.330
SPIN 3 13 1 11 4.388 3.816 -1.088
SPIN 3 13 1 12 -3.998 -3.291 2.861
SPIN 3 13 1 13 -2.942 4.234 -2.902
SPIN 3 13 1 14 5.597 1.878 -0.378
SPIN 3 13 1 15 -3.103 0.723 4.985
SPIN 2 13 1 0 -0.306 -1.066 -5.811
SPIN 2 13 1 1 5.493 0.350 2.168
SPIN 2 13 1 2 -1.250 -5.382 2.115
SPIN 2 13 1 3 -4.547 1.327 -3.545
SPIN 2 13 1 4 2.421 4.895 -2.276
SPIN 2 13 1 5 0.274 4.037 -4.316
SPIN 2 13 1 6 -3.146 -4.142 -2.819
SPIN 2 13 1 7 4.641 -1.319 -3.424
SPIN 2 13 1 8 -4.540 -2.447 2.897
SPIN 2 13 1 9 3.349 -2.250 4.327
SPIN 2 13 1 10 -0.777 3.787 4.479
SPIN 2 13 1 11 -0.348 0.070 5.905
SPIN 2 13 1 12 -5.334 1.835 -1.782
SPIN 2 13 1 13 5.058 -0.598 3.010
SPIN 2 13 1 14 -2.721 -2.558 4.588
SPIN 2 13 1 15 0.318 -2.487 5.359
SPIN 3 13 2 0 -4.906 -2.749 -1.838
SPIN 3 13 2 1 3.923 -1.762 -4.062
SPIN 3 13 2 2 1.783 0.642 5.604
SPIN 3 13 2 3 -0.243 3.938 -4.409
SPIN 3 13 2 4 3.445 4.635 -1.283
SPIN 3 13 2 5 1.835 2.555 5.011
SPIN 3 13 2 6 3.110 -4.843 -1.370
SPIN 3 13 2 7 -2.190 4.284 -3.443
SPIN 3 13 2 8 -2.764 0.567 5.200
SPIN 3 13 2 9 2.521 5.346 -0.253
SPIN 3 13 2 10 4.763 -3.237 -1.356
SPIN 3 13 2 11 5.608 -0.753 -1.727
SPIN 3 13 2 12 5.142 1.873 -2.248
SPIN 3 13 2 13 -3.128 0.539 4.992
SPIN 3 13 2 14 0.753 4.628 3.607
SPIN 3 13 2 15 -5.487 -1.204 1.855
SPIN 2 13 2 0 -3.994 3.938 1.883
SPIN 2 13 2 1 -0.500 -4.858 -3.339
SPIN 2 13 2 2 -0.091 3.133 -5.018
SPIN 2 13 2 3 0.022 3.742 -4.583
SPIN 2 13 2 4 -4.186 -3.863 -1.599
SPIN 2 13 2 5 2.593 4.764 2.362
SPIN 2 13 2 6 -4.668 -3.614 -0.380
SPIN 2 13 2 7 2.943 -1.527 4.900
SPIN 2 13 2 8 1.950 -5.370 1.536
SPIN 2 13 2 9 4.123 4.027 -1.334
SPIN 2 13 2 10 -0.011 -2.204 -5.490
SPIN 2 13 2 11 -5.213 -2.498 -1.259
SPIN 2 13 2 12 5.705 -0.479 1.493
SPIN 2 13 2 13 -2.755 4.846 -1.982
SPIN 2 13 2 14 -3.976 -3.457 -2.691
SPIN 2 13 2 15 4.517 3.786 0.507
SPIN 3 13 3 0 4.162 3.270 -2.642
SPIN 3 13 3 1 -2.383 4.556 2.926
SPIN 3 13 3 2 3.043 -3.235 3.908
SPIN 3 13 3 3 -3.705 -4.539 -0.821
SPIN 3 13 3 4 3.601 -0.070 -4.693
SPIN 3 13 3 5 -4.465 -3.270 2.090
SPIN 3 13 3 6 -1.511 -0.463 5.701
SPIN 3 13 3 7 5.025 1.273 -2.852
SPIN 3 13 3 8 -5.133 1.836 2.298
SPIN 3 13 3 9 0.141 2.296 5.451
SPIN 3 13 3 10 -3.438 0.350 4.802
SPIN 3 13 3 11 2.982 3.262 -3.934
SPIN 3 13 3 12 -4.467 2.568 -2.908
SPIN 3 13 3 13 3.433 3.128 -3.665
SPIN 3 13 3 14 4.492 2.096 3.230
SPIN 3 13 3 15 -0.816 -5.001 3.053
SPIN 2 13 3 0 -0.479 -3.439 4.790
SPIN 2 13 3 1 1.114 4.317 -3.889
SPIN 2 13 3 2 -3.422 -4.744 -0.884
SPIN 2 13 3 3 0.679 -0.483 -5.857
SPIN 2 13 3 4 -4.693 3.500 0.854
SPIN 2 13 3 5 2.920 -4.951 1.400
SPIN 2 13 3 6 4.291 3.862 -1.294
SPIN 2 13 3 7 5.296 -1.931 -1.794
SPIN 2 13 3 8 -1.549 5.439 1.737
SPIN 2 13 3 9 5.812 0.771 -0.791
SPIN 2 13 3 10 -4.331 -3.289 -2.329
SPIN 2 13 3 11 -1.219 3.825 -4.346
SPIN 2 13 3 12 -4.310 -3.807 1.389
SPIN 2 13 3 13 3.970 -1.377 -4.165
SPIN 2 13 3 14 -5.646 -1.185 -1.310
SPIN 2 13 3 15 -4.854 -3.266 0.883
SPIN 3 13 4 0 -2.507 1.730 -5.072
SPIN 3 13 4 1 0.724 5.867 -0.226
SPIN 3 13 4 2 0.617 5.371 -2.402
SPIN 3 13 4 3 4.646 3.646 0.356
SPIN 3 13 4 4 0.301 5.754 1.342
SPIN 3 13 4 5 2.063 4.187 3.636
SPIN 3 13 4 6 -4.276 -3.747 -1.636
SPIN 3 13 4 7 -5.813 1.022 0.400
SPIN 3 13 4 8 3.088 -3.446 -3.687
SPIN 3 13 4 9 -5.451 1.390 1.831
SPIN 3 13 4 10 2.747 3.731 -3.679
SPIN 3 13 4 11 2.563 -5.327 0.231
SPIN 3 13 4 12 -0.470 4.911 -3.266
SPIN 3 13 4 13 2.121 -2.704 4.816
SPIN 3 13 4 14 -2.777 -5.224 -0.020
SPIN 3 13 4 15 -1.481 5.286 2.205
SPIN 2 13 4 0 -0.050 1.792 5.638
SPIN 2 13 4 1 -2.906 0.803 5.090
SPIN 2 13 4 2 -5.555 1.315 -1.554
SPIN 2 13 4 3 0.850 -5.761 -1.041
SPIN 2 13 4 4 5.510 -2.083 -0.551
SPIN 2 13 4 5 2.561 0.490 5.310
SPIN 2 13 4 6 0.615 -0.273 -5.878
SPIN 2 13 4 7 -2.204 0.424 5.474
SPIN 2 13 4 8 5.713 -0.379 -1.488
SPIN 2 13 4 9 -3.845 4.485 0.317
SPIN 2 13 4 10 -1.630 -1.677 5.434
SPIN 2 13 4 11 1.830 -2.717 4.926
SPIN 2 13 4 12 2.474 5.093 -1.717
SPIN 2 13 4 13 -3.804 4.490 -0.611
SPIN 2 13 4 14 1.862 -3.602 4.308
SPIN 2 13 4 15 1.086 1.272 -5.675
SPIN 3 13 5 0 -3.631 -2.878 3.679
SPIN 3 13 5 1 4.685 -2.529 2.579
SPIN 3 13 5 2 -5.515 1.454 1.573
SPIN 3 13 5 3 -4.222 -1.528 3.852
SPIN 3 13 5 4 -5.795 1.098 -0.458
SPIN 3 13 5 5 1.674 3.041 -4.791
SPIN 3 13 5 6 3.183 -2.873 4.076
SPIN 3 13 5 7 0.461 1.013 -5.810
SPIN 3 13 5 8 -2.340 -2.251 4.945
SPIN 3 13 5 9 1.871 -4.780 -2.941
SPIN 3 13 5 10 -5.266 -2.688 0.221
SPIN 3 13 5 11 -2.366 3.881 3.786
SPIN 3 13 5 12 0.751 -1.949 -5.535
SPIN 3 13 5 13 1.375 4.545 3.529
SPIN 3 13 5 14 0.440 -4.608 -3.684
SPIN 3 13 5 15 2.352 -4.636 -2.825
SPIN 2 13 5 0 1.762 4.644 -3.214
SPIN 2 13 5 1 2.944 0.171 -5.128
SPIN 2 13 5 2 2.501 0.804 5.301
SPIN 2 13 5 3 -2.240 5.375 -1.047
SPIN 2 13 5 4 2.265 -5.256 -1.498
SPIN 2 13 5 5 -4.263 -2.068 -3.543
SPIN 2 13 5 6 -3.072 -0.774 -4.996
SPIN 2 13 5 7 5.751 0.874 -1.080
SPIN 2 13 5 8 -3.862 2.816 3.487
SPIN 2 13 5 9 -1.096 5.740 0.924
SPIN 2 13 5 10 -3.774 4.436 -1.037
SPIN 2 13 5 11 0.099 4.171 4.194
SPIN 2 13 5 12 -1.421 -5.298 2.217
SPIN 2 13 5 13 -4.829 3.229 -1.120
SPIN 2 13 5 14 -3.133 -1.216 -4.869
SPIN 2 13 5 15 -2.950 -1.667 4.849
SPIN 3 13 6 0 1.631 -5.684 0.178
SPIN 3 13 6 1 2.962 4.163 2.983
SPIN 3 13 6 2 -4.061 -2.926 3.154
SPIN 3 13 6 3 5.016 -3.135 0.086
SPIN 3 13 6 4 -5.591 0.211 -1.922
SPIN 3 13 6 5 1.311 -5.284 -2.315
SPIN 3 13 6 6 4.190 4.134 0.599
SPIN 3 13 6 7 -5.351 -1.845 1.722
SPIN 3 13 6 8 2.662 0.907 -5.205
SPIN 3 13 6 9 2.817 -1.576 4.958
SPIN 3 13 6 10 5.466 1.041 -2.009
SPIN 3 13 6 11 -4.276 -4.088 0.070
SPIN 3 13 6 12 5.351 -2.465 0.536
SPIN 3 13 6 13 -1.529 -2.995 4.867
SPIN 3 13 6 14 1.125 5.657 -1.317
SPIN 3 13 6 15 1.115 -5.157 -2.676
SPIN 2 13 6 0 1.897 3.536 4.347
SPIN 2 13 6 1 -5.114 0.078 -2.974
SPIN 2 13 6 2 3.980 -4.315 0.739
SPIN 2 13 6 3 4.077 -2.151 3.708
SPIN 2 13 6 4 -0.788 5.116 2.864
SPIN 2 13 6 5 3.507 -4.761 0.171
SPIN 2 13 6 6 3.191 -3.050 3.939
SPIN 2 13 6 7 -5.801 -0.387 1.095
SPIN 2 13 6 8 0.601 -5.885 0.023
SPIN 2 13 6 9 -0.295 1.514 -5.711
SPIN 2 13 6 10 0.123 5.458 2.280
SPIN 2 13 6 11 1.569 -1.827 -5.404
SPIN 2 13 6 12 -0.842 -2.368 5.356
SPIN 2 13 6 13 5.548 1.914 -0.744
SPIN 2 13 6 14 -5.757 -0.266 -1.336
SPIN 2 13 6 15 5.042 0.421 3.066
SPIN 3 13 7 0 -5.559 1.866 -0.786
SPIN 3 13 7 1 3.323 4.883 -0.342
SPIN 3 13 7 2 4.738 -3.293 1.305
SPIN 3 13 7 3 -2.895 -2.260 4.638
SPIN 3 13 7 4 1.812 2.614 -4.988
SPIN 3 13 7 5 -4.403 -1.065 3.805
SPIN 3 13 7 6 0.589 3.264 4.899
SPIN 3 13 7 7 4.780 2.354 -2.571
SPIN 3 13 7 8 -0.581 -3.638 4.629
SPIN 3 13 7 9 -5.193 -1.809 2.182
SPIN 3 13 7 10 -1.211 -4.937 -3.027
SPIN 3 13 7 11 -4.396 2.514 3.058
SPIN 3 13 7 12 -4.845 0.203 -3.389
SPIN 3 13 7 13 4.975 2.652 1.791
SPIN 3 13 7 14 -4.098 -3.970 1.565
SPIN 3 13 7 15 5.086 -2.354 -1.895
SPIN 2 13 7 0 3.729 1.544 -4.326
SPIN 2 13 7 1 2.658 0.979 5.194
SPIN 2 13 7 2 -3.850 -2.867 3.459
SPIN 2 13 7 3 -5.120 -0.970 -2.801
SPIN 2 13 7 4 5.887 0.588 0.052
SPIN 2 13 7 5 3.747 3.964 -2.290
SPIN 2 13 7 6 0.595 -4.243 4.079
SPIN 2 13 7 7 5.075 -2.829 1.113
SPIN 2 13 7 8 1.298 4.480 3.639
SPIN 2 13 7 9 0.389 -0.259 5.898
SPIN 2 13 7 10 2.558 -2.499 -4.713
SPIN 2 13 7 11 -2.829 5.058 1.189
SPIN 2 13 7 12 3.055 -2.171 4.577
SPIN 2 13 7 13 1.780 4.184 -3.785
SPIN 2 13 7 14 1.589 -4.463 -3.544
SPIN 2 13 7 15 -3.963 2.611 3.532
SPIN 3 13 8 0 -5.398 -2.301 -0.750
SPIN 3 13 8 1 -0.877 -3.099 -4.962
SPIN 3 13 8 2 0.633 -3.217 4.924
SPIN 3 13 8 3 2.034 -5.541 0.406
SPIN 3 13 8 4 -1.706 5.154 2.352
SPIN 3 13 8 5 5.789 -1.217 0.104
SPIN 3 13 8 6 -4.242 -2.972 -2.858
SPIN 3 13 8 7 -2.117 -3.892 -3.920
SPIN 3 13 8 8 -4.894 2.811 1.774
SPIN 3 13 8 9 -4.835 -3.050 -1.523
SPIN 3 13 8 10 -5.731 -1.117 0.955
SPIN 3 13 8 11 -2.564 3.771 -3.769
SPIN 3 13 8 12 3.340 3.682 3.207
SPIN 3 13 8 13 -5.351 1.948 1.605
SPIN 3 13 8 14 -3.085 4.095 -2.952
SPIN 3 13 8 15 3.691 1.654 4.317
SPIN 2 13 8 0 -2.268 4.358 -3.295
SPIN 2 13 8 1 -1.564 -3.285 -4.665
SPIN 2 13 8 2 -5.782 -0.535 -1.133
SPIN 2 13 8 3 -5.234 0.026 -2.758
SPIN 2 13 8 4 1.331 -1.337 5.607
SPIN 2 13 8 5 2.295 -4.580 -2.958
SPIN 2 13 8 6 -3.192 2.168 4.485
SPIN 2 13 8 7 1.306 4.225 3.930
SPIN 2 13 8 8 3.267 -4.806 -1.108
SPIN 2 13 8 9 -0.467 4.942 3.219
SPIN 2 13 8 10 -1.705 3.374 -4.551
SPIN 2 13 8 11 1.958 -0.497 5.560
SPIN 2 13 8 12 4.012 -0.700 -4.291
SPIN 2 13 8 13 -0.837 -5.854 0.184
SPIN 2 13 8 14 2.295 4.761 -2.659
SPIN 2 13 8 15 3.885 -4.275 1.277
SPIN 3 13 9 0 -4.393 -2.278 -3.243
SPIN 3 13 9 1 1.529 5.635 0.952
SPIN 3 13 9 2 0.535 4.879 3.302
SPIN 3 13 9 3 -0.790 2.783 -5.161
SPIN 3 13 9 4 1.489 5.500 1.591
SPIN 3 13 9 5 -3.382 -4.737 1.060
SPIN 3 13 9 6 2.663 -1.254 -5.132
SPIN 3 13 9 7 3.979 0.265 -4.370
SPIN 3 13 9 8 5.004 -3.152 -0.160
SPIN 3 13 9 9 1.321 4.756 -3.261
SPIN 3 13 9 10 0.419 4.056 -4.287
SPIN 3 13 9 11 -4.217 -0.755 4.080
SPIN 3 13 9 12 0.320 5.876 -0.604
SPIN 3 13 9 13 5.552 -0.949 -1.811
SPIN 3 13 9 14 4.227 -3.367 2.408
SPIN 3 13 9 15 -0.846 4.606 -3.615
SPIN 2 13 9 0 -3.442 2.175 4.292
SPIN 2 13 9 1 2.512 -4.427 3.015
SPIN 2 13 9 2 3.088 1.875 4.685
SPIN 2 13 9 3 -4.422 2.453 -3.070
SPIN 2 13 9 4 -5.383 -2.432 -0.338
SPIN 2 13 9 5 -2.877 4.657 2.245
SPIN 2 13 9 6 4.236 -3.766 1.695
SPIN 2 13 9 7 -0.062 -4.704 3.588
SPIN 2 13 9 8 2.360 5.425 0.012
SPIN 2 13 9 9 -1.445 -5.460 1.761
SPIN 2 13 9 10 5.321 -2.462 -0.789
SPIN 2 13 9 11 3.324 -0.062 -4.894
SPIN 2 13 9 12 -5.427 2.242 0.722
SPIN 2 13 9 13 -3.934 3.726 -2.374
SPIN 2 13 9 14 -2.328 3.070 -4.489
SPIN 2 13 9 15 5.731 -0.458 -1.393
SPIN 3 13 10 0 -4.423 -2.334 -3.161
SPIN 3 13 10 1 1.584 0.898 -5.629
SPIN 3 13 10 2 4.229 -1.402 3.893
SPIN 3 13 10 3 0.059 5.822 -1.049
SPIN 3 13 10 4 -3.066 -1.401 -4.862
SPIN 3 13 10 5 -2.373 5.361 0.794
SPIN 3 13 10 6 4.220 2.964 2.899
SPIN 3 13 10 7 -2.568 -5.130 -1.447
SPIN 3 13 10 8 -4.195 3.524 2.232
SPIN 3 13 10 9 -1.688 4.938 -2.788
SPIN 3 13 10 10 -4.275 3.719 -1.701
SPIN 3 13 10 11 -1.296 2.627 -5.140
SPIN 3 13 10 12 4.546 -3.675 -0.909
SPIN 3 13 10 13 -5.775 -0.778 -1.021
SPIN 3 13 10 14 -3.701 2.508 3.875
SPIN 3 13 10 15 5.751 0.323 1.350
SPIN 2 13 10 0 1.803 -5.211 -2.144
SPIN 2 13 10 1 3.754 -1.209 4.409
SPIN 2 13 10 2 5.732 -1.138 -0.922
SPIN 2 13 10 3 1.999 3.914 -3.960
SPIN 2 13 10 4 4.962 -0.467 3.188
SPIN 2 13 10 5 -1.121 -2.983 -4.985
SPIN 2 13 10 6 3.698 0.074 -4.617
SPIN 2 13 10 7 2.674 2.781 -4.485
SPIN 2 13 10 8 -2.903 4.156 3.049
SPIN 2 13 10 9 -3.597 -1.233 -4.533
SPIN 2 13 10 10 -3.305 -1.138 -4.773
SPIN 2 13 10 11 4.657 -0.592 3.601
SPIN 2 13 10 12 5.281 -0.463 2.627
SPIN 2 13 10 13 2.764 3.710 3.688
SPIN 2 13 10 14 4.127 -3.965 1.499
SPIN 2 13 10 15 1.204 -4.580 -3.546
SPIN 3 13 11 0 -2.787 5.203 0.398
SPIN 3 13 11 1 5.295 -1.510 2.165
SPIN 3 13 11 2 4.035 3.081 -3.037
SPIN 3 13 11 3 3.252 -0.584 -4.907
SPIN 3 13 11 4 -2.267 1.369 -5.290
SPIN 3 13 11 5 -4.752 3.320 -1.181
SPIN 3 13 11 6 -1.414 -4.686 3.322
SPIN 3 13 11 7 0.017 4.813 3.440
SPIN 3 13 11 8 5.750 -0.246 1.372
SPIN 3 13 11 9 -5.653 -1.633 -0.613
SPIN 3 13 11 10 1.030 -1.427 5.648
SPIN 3 13 11 11 -5.143 -1.458 -2.535
SPIN 3 13 11 12 5.745 -1.146 0.824
SPIN 3 13 11 13 3.044 -4.747 -1.789
SPIN 3 13 11 14 2.669 4.758 -2.288
SPIN 3 13 11 15 3.513 -3.184 -3.539
SPIN 2 13 11 0 0.500 -3.299 -4.885
SPIN 2 13 11 1 -1.741 3.614 4.348
SPIN 2 13 11 2 -5.705 0.989 1.213
SPIN 2 13 11 3 2.160 -1.956 5.149
SPIN 2 13 11 4 -4.159 3.780 1.847
SPIN 2 13 11 5 3.674 -3.027 -3.513
SPIN 2 13 11 6 4.756 -0.227 3.512
SPIN 2 13 11 7 -2.632 0.445 -5.280
SPIN 2 13 11 8 -0.505 1.657 5.657
SPIN 2 13 11 9 -3.806 3.450 2.935
SPIN 2 13 11 10 -1.313 -5.261 2.366
SPIN 2 13 11 11 -1.396 5.740 0.331
SPIN 2 13 11 12 -0.508 -4.338 -3.990
SPIN 2 13 11 13 2.793 -4.345 2.883
SPIN 2 13 11 14 -5.512 0.788 -1.999
SPIN 2 13 11 15 -5.652 -0.322 1.718
SPIN 3 13 12 0 4.179 -3.466 -2.351
SPIN 3 13 12 1 -2.574 4.058 -3.451
SPIN 3 13 12 2 0.972 -1.588 -5.616
SPIN 3 13 12 3 -4.162 1.970 -3.714
SPIN 3 13 12 4 3.911 -2.885 3.374
SPIN 3 13 12 5 5.300 -2.506 0.795
SPIN 3 13 12 6 2.315 5.255 -1.424
SPIN 3 13 12 7 -1.192 5.235 -2.484
SPIN 3 13 12 8 1.768 -1.817 -5.345
SPIN 3 13 12 9 2.502 -1.303 5.200
SPIN 3 13 12 10 3.587 3.650 -2.968
SPIN 3 13 12 11 5.460 -2.107 0.867
SPIN 3 13 12 12 3.741 4.423 -1.204
SPIN 3 13 12 13 -4.991 1.231 2.929
SPIN 3 13 12 14 4.428 3.655 -1.426
SPIN 3 13 12 15 -4.083 -1.373 4.055
SPIN 2 13 12 0 2.946 0.430 5.113
SPIN 2 13 12 1 -1.454 -4.225 -3.877
SPIN 2 13 12 2 -4.520 1.001 3.683
SPIN 2 13 12 3 0.249 5.292 -2.634
SPIN 2 13 12 4 5.488 0.541 -2.143
SPIN 2 13 12 5 3.325 2.521 4.194
SPIN 2 13 12 6 -4.376 3.842 -1.045
SPIN 2 13 12 7 3.620 0.465 4.656
SPIN 2 13 12 8 -5.477 2.008 -0.986
SPIN 2 13 12 9 0.719 -5.374 2.367
SPIN 2 13 12 10 -1.964 1.259 5.437
SPIN 2 13 12 11 -0.363 -5.562 1.984
SPIN 2 13 12 12 2.327 3.569 4.105
SPIN 2 13 12 13 -2.158 -5.084 2.120
SPIN 2 13 12 14 4.270 -2.183 -3.464
SPIN 2 13 12 15 -4.443 -3.860 0.603
SPIN 3 13 13 0 1.713 2.012 5.293
SPIN 3 13 13 1 4.403 -2.341 3.183
SPIN 3 13 13 2 -1.279 -1.065 5.677
SPIN 3 13 13 3 0.455 3.100 -5.018
SPIN 3 13 13 4 -4.632 0.908 -3.566
SPIN 3 13 13 5 -1.858 3.782 4.153
SPIN 3 13 13 6 -4.315 3.815 -1.351
SPIN 3 13 13 7 -4.649 -2.774 -2.387
SPIN 3 13 13 8 2.965 4.984 -1.168
SPIN 3 13 13 9 -0.460 4.106 -4.234
SPIN 3 13 13 10 -2.034 2.035 5.169
SPIN 3 13 13 11 -2.577 5.279 0.696
SPIN 3 13 13 12 4.215 3.160 2.692
SPIN 3 13 13 13 0.902 -5.722 1.204
SPIN 3 13 13 14 -4.378 3.949 -0.492
SPIN 3 13 13 15 4.904 -3.010 1.374
SPIN 2 13 13 0 -0.869 -4.764 3.398
SPIN 2 13 13 1 -5.744 -1.234 -0.693
SPIN 2 13 13 2 1.835 5.495 1.200
SPIN 2 13 13 3 -1.526 -5.260 -2.237
SPIN 2 13 13 4 -1.261 -5.006 -2.889
SPIN 2 13 13 5 -2.068 4.496 3.242
SPIN 2 13 13 6 2.207 2.266 -4.999
SPIN 2 13 13 7 3.669 2.380 3.984
SPIN 2 13 13 8 5.473 -2.088 -0.828
SPIN 2 13 13 9 -3.672 4.436 1.357
SPIN 2 13 13 10 3.711 -4.326 -1.584
SPIN 2 13 13 11 -2.642 -4.659 2.512
SPIN 2 13 13 12 0.634 4.049 4.266
SPIN 2 13 13 13 -4.066 1.492 -4.031
SPIN 2 13 13 14 -1.754 -1.325 5.493
SPIN 2 13 13 15 4.577 -3.503 -1.335
SPIN 3 13 14 0 -2.745 -1.365 5.060
SPIN 3 13 14 1 4.015 1.607 -4.037
SPIN 3 13 14 2 -0.901 -5.009 -3.016
SPIN 3 13 14 3 -2.917 4.246 2.909
SPIN 3 13 14 4 3.843 2.356 3.831
SPIN 3 13 14 5 -0.216 1.022 -5.823
SPIN 3 13 14 6 2.809 -1.819 4.878
SPIN 3 13 14 7 2.078 -3.759 -4.068
SPIN 3 13 14 8 -1.989 -2.185 5.125
SPIN 3 13 14 9 0.397 -5.877 -0.553
SPIN 3 13 14 10 2.426 4.844 2.377
SPIN 3 13 14 11 0.466 -5.092 -2.975
SPIN 3 13 14 12 -0.802 1.972 5.520
SPIN 3 13 14 13 2.748 -3.844 3.560
SPIN 3 13 14 14 -2.494 2.458 -4.768
SPIN 3 13 14 15 5.431 1.961 -1.289
SPIN 2 13 14 0 -1.881 -3.016 4.729
SPIN 2 13 14 1 3.947 2.068 -3.892
SPIN 2 13 14 2 -5.422 0.419 2.329
SPIN 2 13 14 3 5.345 1.366 2.138
SPIN 2 13 14 4 0.223 -1.561 -5.702
SPIN 2 13 14 5 -3.999 -2.749 -3.385
SPIN 2 13 14 6 -4.330 -1.990 -3.505
SPIN 2 13 14 7 2.166 0.291 5.497
SPIN 2 13 14 8 5.123 -1.198 2.705
SPIN 2 13 14 9 1.715 4.013 -3.995
SPIN 2 13 14 10 -4.926 1.600 -2.859
SPIN 2 13 14 11 5.279 -2.437 -1.095
SPIN 2 13 14 12 0.170 -5.901 0.394
SPIN 2 13 14 13 1.867 -2.490 5.031
SPIN 2 13 14 14 -2.752 4.464 -2.739
SPIN 2 13 14 15 -0.784 4.741 3.451
SPIN 3 13 15 0 4.709 -3.143 -1.718
SPIN 3 13 15 1 -5.372 1.921 -1.566
SPIN 3 13 15 2 3.999 3.836 2.072
SPIN 3 13 15 3 -5.668 0.479 1.628
SPIN 3 13 15 4 -5.166 2.812 -0.631
SPIN 3 13 15 5 -3.083 1.707 4.752
SPIN 3 13 15 6 2.060 -5.434 -1.106
SPIN 3 13 15 7 -5.104 2.915 -0.672
SPIN 3 13 15 8 5.027 -1.485 2.742
SPIN 3 13 15 9 4.593 1.701 -3.318
SPIN 3 13 15 10 -2.712 -5.244 0.373
SPIN 3 13 15 11 2.820 3.776 -3.576
SPIN 3 13 15 12 -2.261 2.374 4.925
SPIN 3 13 15 13 0.308 -1.593 -5.689
SPIN 3 13 15 14 -0.371 2.422 5.385
SPIN 3 13 15 15 -1.463 -2.422 -5.196
SPIN 2 13 15 0 -0.488 1.584 -5.679
SPIN 2 13 15 1 -5.551 1.016 1.777
SPIN 2 13 15 2 -1.446 -5.719 -0.446
SPIN 2 13 15 3 -2.629 -5.258 -0.667
SPIN 2 13 15 4 4.463 2.227 -3.182
SPIN 2 13 15 5 -1.375 -2.743 5.058
SPIN 2 13 15 6 5.705 1.499 0.453
SPIN 2 13 15 7 -0.455 5.660 1.661
SPIN 2 13 15 8 -5.344 -0.251 2.525
SPIN 2 13 15 9 -3.461 -4.310 2.109
SPIN 2 13 15 10 1.142 4.601 3.540
SPIN 2 13 15 11 4.069 1.399 -4.060
SPIN 2 13 15 12 2.280 -4.737 -2.712
SPIN 2 13 15 13 2.390 -4.496 -3.013
SPIN 2 13 15 14 0.078 0.529 5.892
SPIN 2 13 15 15 3.947 3.077 3.154
SPIN 1 14 0 0 -0.749 2.607 5.258
SPIN 1 14 0 1 -2.177 -3.549 4.203
SPIN 1 14 0 2 0.781 3.973 4.313
SPIN 1 14 0 3 1.429 4.631 3.393
SPIN 1 14 0 4 -2.684 5.271 -0.095
SPIN 1 14 0 5 -0.030 5.081 -3.031
SPIN 1 14 0 6 -4.411 1.501 -3.646
SPIN 1 14 0 7 -2.365 5.244 -1.380
SPIN 1 14 0 8 -1.731 -5.074 2.501
SPIN 1 14 0 9 3.097 4.829 -1.446
SPIN 1 14 0 10 -3.671 -0.084 4.638
SPIN 1 14 0 11 5.754 -0.683 -1.196
SPIN 1 14 0 12 -4.369 -0.885 3.889
SPIN 1 14 0 13 3.129 4.428 -2.367
SPIN 1 14 0 14 2.680 2.731 4.512
SPIN 1 14 0 15 0.295 1.648 -5.674
SPIN 4 14 0 0 -1.681 -3.381 -4.554
SPIN 4 14 0 1 -0.062 -5.491 -2.202
SPIN 4 14 0 2 4.542 -0.578 3.747
SPIN 4 14 0 3 -5.676 -0.552 1.573
SPIN 4 14 0 4 1.681 -5.672 -0.010
SPIN 4 14 0 5 -5.559 1.928 -0.617
SPIN 4 14 0 6 4.781 -0.658 3.422
SPIN 4 14 0 7 -4.710 -3.401 -1.120
SPIN 4 14 0 8 -1.321 -3.046 4.896
SPIN 4 14 0 9 -1.582 -0.073 5.700
SPIN 4 14 0 10 -3.699 3.221 -3.308
SPIN 4 14 0 11 -1.421 2.885 4.966
SPIN 4 14 0 12 0.921 -3.999 -4.261
SPIN 4 14 0 13 3.792 0.390 4.524
SPIN 4 14 0 14 -4.711 3.520 0.643
SPIN 4 14 0 15 0.975 -0.862 -5.771
SPIN 1 14 1 0 1.842 -0.020 5.622
SPIN 1 14 1 1 3.891 3.996 1.972
SPIN 1 14 1 2 -3.087 4.290 -2.659
SPIN 1 14 1 3 3.334 0.767 -4.826
SPIN 1 14 1 4 -2.485 -0.467 -5.349
SPIN 1 14 1 5 0.568 3.996 4.326
SPIN 1 14 1 6 0.599 -5.062 -3.004
SPIN 1 14 1 7 -3.601 -4.667 0.507
SPIN 1 14 1 8 5.158 2.289 -1.776
SPIN 1 14 1 9 -2.167 2.906 4.676
SPIN 1 14 1 10 -4.113 -1.125 -4.101
SPIN 1 14 1 11 3.429 -3.936 -2.784
SPIN 1 14 1 12 -5.094 2.589 1.530
SPIN 1 14 1 13 -2.716 -3.387 4.019
SPIN 1 14 1 14 1.955 -1.193 -5.455
SPIN 1 14 1 15 1.202 1.786 5.510
SPIN 4 14 1 0 0.342 -1.508 5.710
SPIN 4 14 1 1 5.394 1.959 -1.438
SPIN 4 14 1 2 1.090 -2.349 5.319
SPIN 4 14 1 3 -1.520 -4.767 3.157
SPIN 4 14 1 4 -4.388 -2.324 3.216
SPIN 4 14 1 5 5.396 1.432 -1.957
SPIN 4 14 1 6 1.016 -4.097 4.145
SPIN 4 14 1 7 5.761 -1.292 0.382
SPIN 4 14 1 8 5.057 0.564 -3.018
SPIN 4 14 1 9 -2.582 1.738 -5.031
SPIN 4 14 1 10 5.689 -0.134 -1.618
SPIN 4 14 1 11 -3.559 0.482 -4.701
SPIN 4 14 1 12 -1.188 3.843 -4.338
SPIN 4 14 1 13 0.786 0.758 -5.814
SPIN 4 14 1 14 -1.523 4.842 -3.040
SPIN 4 14 1 15 3.144 1.432 4.803
SPIN 1 14 2 0 -1.107 1.791 5.529
SPIN 1 14 2 1 -5.072 3.022 0.369
SPIN 1 14 2 2 4.796 -2.115 2.743
SPIN 1 14 2 3 -4.856 -2.169 2.591
SPIN 1 14 2 4 -3.407 3.576 3.257
SPIN 1 14 2 5 -2.038 -2.749 -4.826
SPIN 1 14 2 6 -3.682 1.469 4.392
SPIN 1 14 2 7 0.727 2.838 5.140
SPIN 1 14 2 8 -5.210 0.026 -2.804
SPIN 1 14 2 9 2.907 -1.818 -4.821
SPIN 1 14 2 10 0.520 1.248 5.760
SPIN 1 14 2 11 -4.274 4.079 -0.300
SPIN 1 14 2 12 5.569 1.583 1.217
SPIN 1 14 2 13 -5.295 -2.638 0.063
SPIN 1 14 2 14 1.412 3.159 4.799
SPIN 1 14 2 15 -1.591 -3.531 -4.472
SPIN 4 14 2 0 0.865 -5.383 -2.297
SPIN 4 14 2 1 1.210 -5.665 1.203
SPIN 4 14 2 2 -5.593 1.685 0.937
SPIN 4 14 2 3 5.622 1.805 -0.361
SPIN 4 14 2 4 -2.898 5.050 1.050
SPIN 4 14 2 5 -1.472 -4.456 -3.603
SPIN 4 14 2 6 -3.864 2.187 -3.909
SPIN 4 14 2 7 -3.697 3.826 -2.587
SPIN 4 14 2 8 0.908 -2.818 -5.122
SPIN 4 14 2 9 -0.003 -5.908 0.309
SPIN 4 14 2 10 1.083 -4.178 4.046
SPIN 4 14 2 11 -0.007 1.803 -5.635
SPIN 4 14 2 12 -1.110 -4.870 3.170
SPIN 4 14 2 13 5.083 0.861 -2.903
SPIN 4 14 2 14 -3.521 -1.994 -4.316
SPIN 4 14 2 15 4.069 1.708 -3.940
SPIN 1 14 3 0 0.365 -5.112 -2.955
SPIN 1 14 3 1 1.956 4.264 3.605
SPIN 1 14 3 2 -1.355 -5.666 -1.030
SPIN 1 14 3 3 5.793 0.959 0.722
SPIN 1 14 3 4 0.497 -2.805 5.185
SPIN 1 14 3 5 5.905 0.355 -0.076
SPIN 1 14 3 6 4.177 3.735 -1.898
SPIN 1 14 3 7 -3.325 4.879 0.372
SPIN 1 14 3 8 4.868 3.207 -1.011
SPIN 1 14 3 9 -3.020 2.543 4.406
SPIN 1 14 3 10 -0.918 3.683 -4.538
SPIN 1 14 3 11 -3.657 -4.638 0.336
SPIN 1 14 3 12 -2.637 3.601 3.884
SPIN 1 14 3 13 3.532 -2.178 -4.217
SPIN 1 14 3 14 -2.624 3.295 -4.154
SPIN 1 14 3 15 -0.183 -3.600 4.691
SPIN 4 14 3 0 0.742 -1.579 5.653
SPIN 4 14 3 1 -1.565 -3.875 4.188
SPIN 4 14 3 2 5.429 1.317 1.948
SPIN 4 14 3 3 -4.881 -0.347 -3.325
SPIN 4 14 3 4 1.690 -5.414 1.684
SPIN 4 14 3 5 -0.597 -1.790 -5.607
SPIN 4 14 3 6 -4.130 2.683 3.278
SPIN 4 14 3 7 5.572 0.603 -1.894
SPIN 4 14 3 8 0.895 5.074 -2.907
SPIN 4 14 3 9 -5.760 1.136 0.730
SPIN 4 14 3 10 -0.535 5.323 2.526
SPIN 4 14 3 11 2.306 -0.749 -5.396
SPIN 4 14 3 12 -3.377 4.856 0.133
SPIN 4 14 3 13 -3.400 -4.523 -1.726
SPIN 4 14 3 14 5.182 -2.705 -0.909
SPIN 4 14 3 15 -5.904 -0.344 0.140
SPIN 1 14 4 0 2.840 4.949 1.565
SPIN 1 14 4 1 2.699 -5.096 -1.320
SPIN 1 14 4 2 5.358 2.315 0.963
SPIN 1 14 4 3 -1.408 1.138 5.632
SPIN 1 14 4 4 -4.704 -2.651 -2.417
SPIN 1 14 4 5 -4.659 3.357 -1.423
SPIN 1 14 4 6 2.550 1.256 5.188
SPIN 1 14 4 7 -5.012 0.409 -3.117
SPIN 1 14 4 8 1.114 -5.692 1.167
SPIN 1 14 4 9 -4.811 -1.807 -2.931
SPIN 1 14 4 10 -0.373 -1.782 5.629
SPIN 1 14 4 11 5.429 -1.866 1.431
SPIN 1 14 4 12 2.623 -5.251 -0.741
SPIN 1 14 4 13 2.416 -2.781 4.629
SPIN 1 14 4 14 5.266 -2.106 1.684
SPIN 1 14 4 15 -1.364 2.525 5.174
SPIN 4 14 4 0 3.707 0.852 -4.531
SPIN 4 14 4 1 -4.800 -3.218 -1.267
SPIN 4 14 4 2 5.162 -2.637 1.184
SPIN 4 14 4 3 1.003 0.837 -5.770
SPIN 4 14 4 4 2.641 5.044 1.607
SPIN 4 14 4 5 -3.275 -1.610 4.656
SPIN 4 14 4 6 1.361 -3.957 4.182
SPIN 4 14 4 7 1.423 -4.961 -2.893
SPIN 4 14 4 8 -3.873 4.471 -0.131
SPIN 4 14 4 9 1.456 5.712 0.503
SPIN 4 14 4 10 0.469 3.532 -4.723
SPIN 4 14 4 11 -1.714 -2.878 4.876
SPIN 4 14 4 12 -0.719 -1.805 5.588
SPIN 4 14 4 13 -4.098 -4.019 1.434
SPIN 4 14 4 14 1.409 5.013 -2.808
SPIN 4 14 4 15 2.337 -5.251 -1.401
SPIN 1 14 5 0 2.859 -2.787 -4.366
SPIN 1 14 5 1 -5.254 2.151 1.663
SPIN 1 14 5 2 1.436 1.185 -5.615
SPIN 1 14 5 3 -2.931 -3.206 4.017
SPIN 1 14 5 4 5.040 -1.157 -2.874
SPIN 1 14 5 5 3.798 1.471 4.291
SPIN 1 14 5 6 0.488 2.626 -5.279
SPIN 1 14 5 7 -4.911 3.081 -1.178
SPIN 1 14 5 8 -2.805 -4.892 1.788
SPIN 1 14 5 9 3.472 -3.339 3.434
SPIN 1 14 5 10 0.651 5.827 0.790
SPIN 1 14 5 11 4.946 -1.964 -2.584
SPIN 1 14 5 12 -3.491 -1.645 4.484
SPIN 1 14 5 13 0.669 2.603 -5.270
SPIN 1 14 5 14 2.038 4.366 3.433
SPIN 1 14 5 15 -0.339 -4.819 3.415
SPIN 4 14 5 0 2.963 -5.102 -0.433
SPIN 4 14 5 1 -1.792 -4.566 -3.307
SPIN 4 14 5 2 -4.881 1.933 -2.728
SPIN 4 14 5 3 -0.587 0.203 -5.883
SPIN 4 14 5 4 -3.773 -4.350 -1.357
SPIN 4 14 5 5 -1.205 5.397 2.103
SPIN 4 14 5 6 -4.898 -2.311 -2.382
SPIN 4 14 5 7 -3.764 -1.789 4.199
SPIN 4 14 5 8 2.220 2.948 -4.624
SPIN 4 14 5 9 -1.207 -2.368 -5.285
SPIN 4 14 5 10 -0.062 0.222 5.912
SPIN 4 14 5 11 5.060 3.060 -0.170
SPIN 4 14 5 12 3.399 -3.950 -2.802
SPIN 4 14 5 13 1.325 -5.766 0.031
SPIN 4 14 5 14 0.412 4.440 -3.888
SPIN 4 14 5 15 3.095 4.718 1.777
SPIN 1 14 6 0 -4.620 -3.395 1.459
SPIN 1 14 6 1 -0.163 1.616 5.689
SPIN 1 14 6 2 -5.561 -1.039 1.729
SPIN 1 14 6 3 -1.195 -0.355 5.783
SPIN 1 14 6 4 3.139 2.586 4.296
SPIN 1 14 6 5 0.735 1.077 5.770
SPIN 1 14 6 6 3.241 2.542 4.247
SPIN 1 14 6 7 -5.905 0.043 -0.353
SPIN 1 14 6 8 -3.894 1.012 -4.337
SPIN 1 14 6 9 3.127 4.976 -0.676
SPIN 1 14 6 10 2.935 -5.092 -0.677
SPIN 1 14 6 11 -4.862 -2.965 1.605
SPIN 1 14 6 12 -5.350 -1.528 2.012
SPIN 1 14 6 13 -5.112 -0.914 2.834
SPIN 1 14 6 14 5.305 1.200 2.328
SPIN 1 14 6 15 -0.865 5.783 0.898
SPIN 4 14 6 0 4.290 -1.660 3.721
SPIN 4 14 6 1 5.291 -2.155 -1.538
SPIN 4 14 6 2 -1.548 3.503 -4.509
SPIN 4 14 6 3 3.761 -4.288 -1.570
SPIN 4 14 6 4 3.086 -0.110 5.046
SPIN 4 14 6 5 -5.393 1.192 2.120
SPIN 4 14 6 6 4.695 -3.593 0.229
SPIN 4 14 6 7 0.377 2.409 -5.390
SPIN 4 14 6 8 5.443 -1.680 1.596
SPIN 4 14 6 9 -0.754 4.950 -3.151
SPIN 4 14 6 10 0.286 -0.411 5.895
SPIN 4 14 6 11 5.645 0.888 1.531
SPIN 4 14 6 12 -1.041 4.995 -2.994
SPIN 4 14 6 13 -2.265 2.891 4.638
SPIN 4 14 6 14 -2.745 -5.236 0.214
SPIN 4 14 6 15 2.032 -3.916 -3.942
SPIN 1 14 7 0 4.875 -0.341 -3.335
SPIN 1 14 7 1 2.607 -5.310 0.109
SPIN 1 14 7 2 1.568 4.986 2.770
SPIN 1 14 7 3 -1.885 3.435 -4.433
SPIN 1 14 7 4 2.299 2.952 -4.582
SPIN 1 14 7 5 -3.980 -3.407 2.747
SPIN 1 14 7 6 -0.460 3.854 -4.465
SPIN 1 14 7 7 3.881 -1.633 -4.155
SPIN 1 14 7 8 -5.613 1.824 -0.405
SPIN 1 14 7 9 -5.837 -0.953 0.154
SPIN 1 14 7 10 2.371 4.734 -2.640
SPIN 1 14 7 11 1.388 -5.724 -0.552
SPIN 1 14 7 12 5.228 -2.509 1.171
SPIN 1 14 7 13 -4.435 -3.915 0.026
SPIN 1 14 7 14 4.027 3.203 2.921
SPIN 1 14 7 15 -2.354 5.331 1.020
SPIN 4 14 7 0 4.367 -3.969 0.420
SPIN 4 14 7 1 -2.832 3.331 -3.986
SPIN 4 14 7 2 -3.670 -4.625 0.373
SPIN 4 14 7 3 -5.693 1.409 -0.780
SPIN 4 14 7 4 4.315 -3.611 -1.827
SPIN 4 14 7 5 3.261 -2.713 4.124
SPIN 4 14 7 6 -4.980 3.059 -0.915
SPIN 4 14 7 7 0.563 5.276 2.617
SPIN 4 14 7 8 2.824 -2.588 -4.509
SPIN 4 14 7 9 4.812 -0.555 -3.396
SPIN 4 14 7 10 0.547 5.541 -2.001
SPIN 4 14 7 11 -0.277 5.068 -3.040
SPIN 4 14 7 12 -0.018 -5.173 -2.871
SPIN 4 14 7 13 -3.069 -4.834 1.488
SPIN 4 14 7 14 -3.308 2.338 -4.312
SPIN 4 14 7 15 5.331 2.496 0.589
SPIN 1 14 8 0 -4.356 -3.768 1.352
SPIN 1 14 8 1 -5.244 2.326 -1.448
SPIN 1 14 8 2 -3.290 -3.053 -3.854
SPIN 1 14 8 3 0.647 -5.779 -1.089
SPIN 1 14 8 4 -5.327 1.115 2.320
SPIN 1 14 8 5 4.103 -1.984 3.772
SPIN 1 14 8 6 -0.560 -4.923 -3.233
SPIN 1 14 8 7 -5.276 1.486 -2.227
SPIN 1 14 8 8 3.595 2.447 4.012
SPIN 1 14 8 9 0.979 2.777 5.131
SPIN 1 14 8 10 1.023 -3.660 4.534
SPIN 1 14 8 11 2.714 5.255 0.115
SPIN 1 14 8 12 -0.387 1.473 5.717
SPIN 1 14 8 13 5.325 -0.489 -2.530
SPIN 1 14 8 14 -3.852 -4.237 -1.486
SPIN 1 14 8 15 -5.643 -1.619 0.729
SPIN 4 14 8 0 -4.972 -2.404 -2.121
SPIN 4 14 8 1 -1.881 -3.477 4.401
SPIN 4 14 8 2 -0.393 5.473 2.212
SPIN 4 14 8 3 5.624 0.697 -1.698
SPIN 4 14 8 4 -0.145 -5.688 -1.621
SPIN 4 14 8 5 5.008 -0.131 -3.147
SPIN 4 14 8 6 -3.139 -5.010 -0.209
SPIN 4 14 8 7 0.289 5.784 1.208
SPIN 4 14 8 8 -4.890 -1.646 2.895
SPIN 4 14 8 9 -4.197 3.156 -2.724
SPIN 4 14 8 10 3.370 -3.385 -3.491
SPIN 4 14 8 11 -4.016 0.564 4.307
SPIN 4 14 8 12 -0.125 3.908 -4.440
SPIN 4 14 8 13 -1.854 -5.584 0.615
SPIN 4 14 8 14 -3.212 4.662 1.718
SPIN 4 14 8 15 -1.676 0.403 -5.659
SPIN 1 14 9 0 5.290 2.392 1.136
SPIN 1 14 9 1 4.837 -3.398 0.251
SPIN 1 14 9 2 -2.363 3.279 -4.320
SPIN 1 14 9 3 2.045 -5.213 1.908
SPIN 1 14 9 4 5.261 1.053 2.492
SPIN 1 14 9 5 -3.269 2.944 -3.956
SPIN 1 14 9 6 -4.406 -3.946 -0.151
SPIN 1 14 9 7 4.058 -4.305 -0.026
SPIN 1 14 9 8 -3.096 5.007 -0.589
SPIN 1 14 9 9 5.877 0.363 0.572
SPIN 1 14 9 10 -3.626 -3.047 3.545
SPIN 1 14 9 11 -4.352 -3.749 1.415
SPIN 1 14 9 12 1.174 -5.354 -2.227
SPIN 1 14 9 13 0.517 -4.539 -3.759
SPIN 1 14 9 14 -0.233 1.811 5.627
SPIN 1 14 9 15 0.824 -5.492 -2.040
SPIN 4 14 9 0 4.006 1.695 4.010
SPIN 4 14 9 1 4.233 -1.069 -3.992
SPIN 4 14 9 2 3.345 -2.923 -3.907
SPIN 4 14 9 3 -5.176 2.033 2.019
SPIN 4 14 9 4 -0.052 2.218 5.485
SPIN 4 14 9 5 -1.456 2.687 -5.066
SPIN 4 14 9 6 5.002 3.111 0.548
SPIN 4 14 9 7 -0.912 -4.246 4.017
SPIN 4 14 9 8 0.904 -5.678 -1.393
SPIN 4 14 9 9 -1.553 -2.682 -5.039
SPIN 4 14 9 10 -2.436 -2.456 4.799
SPIN 4 14 9 11 0.014 5.159 2.895
SPIN 4 14 9 12 -4.356 -3.983 -0.407
SPIN 4 14 9 13 -0.911 -5.557 -1.815
SPIN 4 14 9 14 -2.839 -5.164 -0.524
SPIN 4 14 9 15 -1.399 2.570 5.142
SPIN 1 14 10 0 -1.372 0.771 -5.703
SPIN 1 14 10 1 -1.886 3.063 -4.697
SPIN 1 14 10 2 -4.363 3.530 1.872
SPIN 1 14 10 3 1.133 -3.188 -4.853
SPIN 1 14 10 4 -5.636 -1.651 -0.718
SPIN 1 14 10 5 -3.903 -4.445 0.084
SPIN 1 14 10 6 -2.807 3.100 4.185
SPIN 1 14 10 7 3.736 3.791 -2.583
SPIN 1 14 10 8 -2.323 -5.435 -0.265
SPIN 1 14 10 9 4.450 2.971 2.525
SPIN 1 14 10 10 1.186 -2.159 -5.379
SPIN 1 14 10 11 -2.737 -2.118 4.798
SPIN 1 14 10 12 -4.616 0.232 -3.693
SPIN 1 14 10 13 0.825 -5.727 1.232
SPIN 1 14 10 14 4.597 0.227 -3.717
SPIN 1 14 10 15 -4.790 3.458 0.305
SPIN 4 14 10 0 4.493 -2.096 3.228
SPIN 4 14 10 1 -0.927 1.243 5.709
SPIN 4 14 10 2 -0.823 -0.889 5.791
SPIN 4 14 10 3 -1.252 5.191 -2.546
SPIN 4 14 10 4 -5.388 -0.335 2.420
SPIN 4 14 10 5 4.800 -3.421 -0.500
SPIN 4 14 10 6 -5.912 -0.148 -0.175
SPIN 4 14 10 7 3.403 2.702 -4.014
SPIN 4 14 10 8 -3.539 0.705 4.689
SPIN 4 14 10 9 2.943 -4.493 -2.481
SPIN 4 14 10 10 4.989 3.159 -0.357
SPIN 4 14 10 11 -4.080 -3.706 -2.149
SPIN 4 14 10 12 4.244 3.720 1.774
SPIN 4 14 10 13 -5.107 2.444 1.716
SPIN 4 14 10 14 -1.844 5.618 -0.193
SPIN 4 14 10 15 -1.472 0.263 5.724
SPIN 1 14 11 0 -4.527 0.088 -3.807
SPIN 1 14 11 1 2.592 0.859 -5.248
SPIN 1 14 11 2 -4.062 -1.624 3.983
SPIN 1 14 11 3 -2.125 5.137 -2.024
SPIN 1 14 11 4 -1.116 -5.395 2.155
SPIN 1 14 11 5 -0.673 -4.392 -3.906
SPIN 1 14 11 6 -0.801 0.736 -5.815
SPIN 1 14 11 7 5.741 0.697 1.247
SPIN 1 14 11 8 4.491 -0.502 -3.818
SPIN 1 14 11 9 -4.169 3.628 2.111
SPIN 1 14 11 10 5.623 -0.310 1.812
SPIN 1 14 11 11 -4.369 3.332 2.193
SPIN 1 14 11 12 2.697 -5.236 -0.560
SPIN 1 14 11 13 -5.587 0.350 -1.914
SPIN 1 14 11 14 -1.126 -2.671 5.157
SPIN 1 14 11 15 1.273 1.108 -5.670
SPIN 4 14 11 0 -2.215 -0.372 -5.473
SPIN 4 14 11 1 4.940 -1.065 3.077
SPIN 4 14 11 2 -3.257 3.718 -3.252
SPIN 4 14 11 3 4.480 1.499 3.561
SPIN 4 14 11 4 2.324 -2.997 -4.541
SPIN 4 14 11 5 -3.253 4.843 0.980
SPIN 4 14 11 6 4.883 -2.550 2.158
SPIN 4 14 11 7 1.766 -2.595 5.014
SPIN 4 14 11 8 1.015 -2.839 -5.090
SPIN 4 14 11 9 1.112 3.407 -4.707
SPIN 4 14 11 10 0.850 0.290 5.848
SPIN 4 14 11 11 3.984 0.347 4.360
SPIN 4 14 11 12 -3.294 3.886 3.007
SPIN 4 14 11 13 4.239 -1.837 -3.695
SPIN 4 14 11 14 -5.698 0.924 1.296
SPIN 4 14 11 15 4.270 3.881 1.305
SPIN 1 14 12 0 1.112 4.115 4.103
SPIN 1 14 12 1 1.187 4.183 4.011
SPIN 1 14 12 2 -2.226 -5.406 -0.907
SPIN 1 14 12 3 -0.538 -2.759 5.206
SPIN 1 14 12 4 1.576 5.550 -1.309
SPIN 1 14 12 5 2.800 2.327 4.663
SPIN 1 14 12 6 3.772 -4.433 1.059
SPIN 1 14 12 7 1.872 4.193 -3.730
SPIN 1 14 12 8 5.002 -3.127 -0.453
SPIN 1 14 12 9 -2.578 3.700 -3.829
SPIN 1 14 12 10 -4.193 1.082 -4.031
SPIN 1 14 12 11 -5.826 -0.574 -0.853
SPIN 1 14 12 12 -3.789 -4.181 -1.778
SPIN 1 14 12 13 4.423 3.368 2.023
SPIN 1 14 12 14 -5.183 -0.976 -2.681
SPIN 1 14 12 15 5.073 2.399 -1.874
SPIN 4 14 12 0 -2.149 -1.532 -5.295
SPIN 4 14 12 1 -1.386 1.630 5.516
SPIN 4 14 12 2 -3.077 -3.722 -3.417
SPIN 4 14 12 3 4.755 0.407 3.496
SPIN 4 14 12 4 -2.316 -4.979 -2.201
SPIN 4 14 12 5 4.544 1.609 -3.430
SPIN 4 14 12 6 -0.284 2.975 -5.106
SPIN 4 14 12 7 1.974 -3.959 3.928
SPIN 4 14 12 8 -0.161 -1.725 -5.657
SPIN 4 14 12 9 2.162 -5.358 1.273
SPIN 4 14 12 10 -5.754 -0.091 -1.371
SPIN 4 14 12 11 3.466 2.668 3.983
SPIN 4 14 12 12 -2.285 -0.341 5.446
SPIN 4 14 12 13 -1.562 -2.047 -5.326
SPIN 4 14 12 14 -3.165 -0.159 -4.995
SPIN 4 14 12 15 1.899 5.160 2.183
SPIN 1 14 13 0 0.220 -2.453 -5.379
SPIN 1 14 13 1 -5.478 -1.426 1.720
SPIN 1 14 13 2 4.907 0.482 -3.269
SPIN 1 14 13 3 -1.459 5.208 -2.398
SPIN 1 14 13 4 0.748 -4.996 -3.079
SPIN 1 14 13 5 -0.094 -4.926 -3.275
SPIN 1 14 13 6 -1.424 -5.488 -1.690
SPIN 1 14 13 7 -1.323 0.728 5.720
SPIN 1 14 13 8 2.289 0.974 5.368
SPIN 1 14 13 9 -0.832 -1.211 -5.731
SPIN 1 14 13 10 4.906 -1.263 3.056
SPIN 1 14 13 11 5.187 2.842 -0.143
SPIN 1 14 13 12 3.449 1.417 -4.593
SPIN 1 14 13 13 -0.568 -1.681 5.644
SPIN 1 14 13 14 -4.239 3.181 -2.629
SPIN 1 14 13 15 -1.838 -0.174 5.621
SPIN 4 14 13 0 0.742 5.835 -0.635
SPIN 4 14 13 1 -0.225 -5.012 -3.135
SPIN 4 14 13 2 0.349 5.049 -3.064
SPIN 4 14 13 3 2.343 -5.429 -0.182
SPIN 4 14 13 4 0.644 -1.068 -5.783
SPIN 4 14 13 5 1.510 0.720 -5.675
SPIN 4 14 13 6 -5.842 0.677 -0.639
SPIN 4 14 13 7 -2.808 -3.120 -4.169
SPIN 4 14 13 8 4.494 2.023 -3.274
SPIN 4 14 13 9 -2.679 4.101 3.318
SPIN 4 14 13 10 -5.778 -1.242 -0.261
SPIN 4 14 13 11 -0.077 5.456 -2.287
SPIN 4 14 13 12 0.855 -1.101 -5.750
SPIN 4 14 13 13 0.917 4.742 3.416
SPIN 4 14 13 14 1.934 -1.741 -5.313
SPIN 4 14 13 15 -4.763 -0.804 -3.415
SPIN 1 14 14 0 -5.624 -1.602 0.898
SPIN 1 14 14 1 5.804 -1.054 -0.450
SPIN 1 14 14 2 -4.273 -3.746 1.646
SPIN 1 14 14 3 -4.240 3.988 1.057
SPIN 1 14 14 4 4.105 -1.065 -4.125
SPIN 1 14 14 5 2.628 -2.649 4.591
SPIN 1 14 14 6 -1.382 2.998 4.909
SPIN 1 14 14 7 -0.228 -3.028 -5.077
SPIN 1 14 14 8 -4.052 -2.943 3.150
SPIN 1 14 14 9 3.452 -2.402 4.161
SPIN 1 14 14 10 3.318 2.506 -4.208
SPIN 1 14 14 11 -0.631 0.639 -5.848
SPIN 1 14 14 12 -1.817 -2.521 5.034
SPIN 1 14 14 13 -3.989 2.953 3.220
SPIN 1 14 14 14 4.826 -3.375 0.563
SPIN 1 14 14 15 3.128 4.322 2.556
SPIN 4 14 14 0 3.385 4.357 -2.135
SPIN 4 14 14 1 3.142 -4.153 -2.808
SPIN 4 14 14 2 2.886 -1.333 -4.989
SPIN 4 14 14 3 3.115 -3.027 -4.017
SPIN 4 14 14 4 3.492 2.262 4.205
SPIN 4 14 14 5 -2.366 -2.414 -4.856
SPIN 4 14 14 6 -2.649 -0.436 -5.272
SPIN 4 14 14 7 -4.184 -3.680 -1.988
SPIN 4 14 14 8 -0.285 5.906 0.204
SPIN 4 14 14 9 1.229 -5.284 2.360
SPIN 4 14 14 10 1.795 4.165 3.799
SPIN 4 14 14 11 0.812 1.751 5.593
SPIN 4 14 14 12 -5.641 1.759 -0.292
SPIN 4 14 14 13 2.236 -5.404 -0.890
SPIN 4 14 14 14 1.897 5.474 1.201
SPIN 4 14 14 15 3.570 -2.443 -4.036
SPIN 1 14 15 0 1.194 -5.746 -0.748
SPIN 1 14 15 1 -3.329 -0.016 4.891
SPIN 1 14 15 2 3.453 4.472 -1.755
SPIN 1 14 15 3 4.930 0.755 3.182
SPIN 1 14 15 4 3.105 -3.125 -3.949
SPIN 1 14 15 5 3.015 3.881 3.294
SPIN 1 14 15 6 4.742 -2.749 2.226
SPIN 1 14 15 7 3.375 -3.554 3.313
SPIN 1 14 15 8 5.063 1.995 -2.321
SPIN 1 14 15 9 -1.716 1.849 -5.351
SPIN 1 14 15 10 -3.255 3.471 -3.514
SPIN 1 14 15 11 0.661 -2.884 5.123
SPIN 1 14 15 12 0.050 -1.783 -5.641
SPIN 1 14 15 13 5.704 1.194 1.017
SPIN 1 14 15 14 -5.247 -2.692 0.464
SPIN 1 14 15 15 -4.680 3.183 -1.722
SPIN 4 14 15 0 0.347 4.072 -4.278
SPIN 4 14 15 1 -4.041 -0.381 -4.304
SPIN 4 14 15 2 1.241 4.442 3.705
SPIN 4 14 15 3 -5.242 -2.316 1.466
SPIN 4 14 15 4 -3.292 1.077 -4.796
SPIN 4 14 15 5 -2.578 -3.968 -3.551
SPIN 4 14 15 6 4.552 -3.053 2.226
SPIN 4 14 15 7 1.735 -3.905 -4.091
SPIN 4 14 15 8 0.841 -4.736 3.445
SPIN 4 14 15 9 1.971 -4.007 -3.880
SPIN 4 14 15 10 3.148 -4.730 -1.648
SPIN 4 14 15 11 -0.497 -5.406 2.351
SPIN 4 14 15 12 4.929 0.678 3.201
SPIN 4 14 15 13 -5.363 0.012 -2.498
SPIN 4 14 15 14 -1.204 -5.481 -1.873
SPIN 4 14 15 15 -5.253 -2.649 0.624
SPIN 3 14 0 0 -2.064 1.335 -5.381
SPIN 3 14 0 1 5.045 2.993 0.772
SPIN 3 14 0 2 2.139 1.371 5.343
SPIN 3 14 0 3 5.528 -2.008 0.642
SPIN 3 14 0 4 2.428 -1.256 5.247
SPIN 3 14 0 5 5.167 -1.982 -2.091
SPIN 3 14 0 6 3.192 -1.881 -4.612
SPIN 3 14 0 7 5.617 -1.606 -0.935
SPIN 3 14 0 8 4.421 0.560 -3.891
SPIN 3 14 0 9 -3.887 2.284 -3.831
SPIN 3 14 0 10 -3.610 -4.406 1.600
SPIN 3 14 0 11 0.446 5.859 0.687
SPIN 3 14 0 12 -4.791 -3.246 -1.228
SPIN 3 14 0 13 -2.267 4.495 3.107
SPIN 3 14 0 14 -1.177 -3.371 4.717
SPIN 3 14 0 15 3.145 -2.686 -4.230
SPIN 2 14 0 0 -2.622 3.214 -4.219
SPIN 2 14 0 1 -4.101 3.649 2.207
SPIN 2 14 0 2 -1.386 2.845 -4.998
SPIN 2 14 0 3 3.103 3.547 -3.576
SPIN 2 14 0 4 3.491 4.182 -2.308
SPIN 2 14 0 5 3.711 -1.009 -4.495
SPIN 2 14 0 6 2.990 5.100 0.223
SPIN 2 14 0 7 -3.668 4.366 1.578
SPIN 2 14 0 8 2.714 5.158 -1.012
SPIN 2 14 0 9 5.097 -2.918 -0.712
SPIN 2 14 0 10 -3.269 -3.661 -3.303
SPIN 2 14 0 11 -2.491 4.707 2.578
SPIN 2 14 0 12 -3.093 4.751 -1.692
SPIN 2 14 0 13 -1.398 2.725 5.061
SPIN 2 14 0 14 4.948 -2.285 -2.300
SPIN 2 14 0 15 -3.307 0.362 4.892
SPIN 3 14 1 0 1.609 5.371 1.886
SPIN 3 14 1 1 3.844 -3.621 2.667
SPIN 3 14 1 2 -1.725 5.599 -0.819
SPIN 3 14 1 3 0.189 1.643 -5.680
SPIN 3 14 1 4 -1.386 -5.143 2.574
SPIN 3 14 1 5 5.669 -1.612 -0.512
SPIN 3 14 1 6 -1.772 4.340 -3.609
SPIN 3 14 1 7 2.858 1.611 4.923
SPIN 3 14 1 8 3.981 1.100 4.236
SPIN 3 14 1 9 3.449 0.577 4.772
SPIN 3 14 1 10 1.676 5.556 1.148
SPIN 3 14 1 11 -0.511 5.208 2.760
SPIN 3 14 1 12 1.104 -4.240 3.976
SPIN 3 14 1 13 -1.825 -4.973 2.635
SPIN 3 14 1 14 -2.152 1.433 -5.321
SPIN 3 14 1 15 -3.135 -5.009 0.293
SPIN 2 14 1 0 -1.832 5.597 0.568
SPIN 2 14 1 1 3.151 -3.290 -3.774
SPIN 2 14 1 2 -1.430 -0.190 -5.737
SPIN 2 14 1 3 -0.323 0.404 5.893
SPIN 2 14 1 4 -0.387 -5.592 -1.891
SPIN 2 14 1 5 5.850 -0.883 0.007
SPIN 2 14 1 6 -1.690 -3.736 -4.264
SPIN 2 14 1 7 2.315 4.818 2.535
SPIN 2 14 1 8 2.377 5.359 0.793
SPIN 2 14 1 9 -3.777 -2.197 -3.988
SPIN 2 14 1 10 -2.178 -5.310 -1.435
SPIN 2 14 1 11 -5.619 0.601 1.750
SPIN 2 14 1 12 5.466 -0.498 2.208
SPIN 2 14 1 13 -4.792 2.715 -2.160
SPIN 2 14 1 14 -0.972 -5.824 0.371
SPIN 2 14 1 15 2.950 -1.985 -4.729
SPIN 3 14 2 0 4.297 -3.385 -2.252
SPIN 3 14 2 1 -1.961 -2.170 5.143
SPIN 3 14 2 2 2.141 4.107 -3.680
SPIN 3 14 2 3 -5.213 -2.362 -1.500
SPIN 3 14 2 4 3.413 4.830 0.157
SPIN 3 14 2 5 -4.924 -2.437 2.195
SPIN 3 14 2 6 1.911 2.803 -4.847
SPIN 3 14 2 7 2.602 1.817 -4.993
SPIN 3 14 2 8 -4.282 -2.534 -3.201
SPIN 3 14 2 9 3.040 4.773 -1.725
SPIN 3 14 2 10 -4.916 2.891 -1.573
SPIN 3 14 2 11 -5.212 0.632 2.727
SPIN 3 14 2 12 0.854 5.521 -1.946
SPIN 3 14 2 13 1.869 -5.403 -1.520
SPIN 3 14 2 14 5.324 1.864 -1.785
SPIN 3 14 2 15 -5.537 1.706 1.196
SPIN 2 14 2 0 4.439 -3.840 -0.738
SPIN 2 14 2 1 -3.901 3.413 2.852
SPIN 2 14 2 2 4.973 2.882 -1.402
SPIN 2 14 2 3 -0.918 -5.730 -1.152
SPIN 2 14 2 4 -5.377 -1.704 -1.786
SPIN 2 14 2 5 -3.278 4.717 1.415
SPIN 2 14 2 6 5.525 -1.775 1.149
SPIN 2 14 2 7 2.293 1.006 5.360
SPIN 2 14 2 8 -3.227 -1.237 4.802
SPIN 2 14 2 9 4.412 3.521 -1.773
SPIN 2 14 2 10 -5.054 -2.573 -1.684
SPIN 2 14 2 11 4.703 2.301 -2.755
SPIN 2 14 2 12 -1.028 -5.456 2.044
SPIN 2 14 2 13 2.759 3.446 -3.939
SPIN 2 14 2 14 -4.557 1.645 3.395
SPIN 2 14 2 15 -5.010 1.089 2.953
SPIN 3 14 3 0 5.456 -0.527 2.226
SPIN 3 14 3 1 -5.405 2.405 0.003
SPIN 3 14 3 2 3.082 -5.050 0.004
SPIN 3 14 3 3 -1.037 4.692 3.451
SPIN 3 14 3 4 3.336 -0.200 4.882
SPIN 3 14 3 5 -0.073 3.694 4.621
SPIN 3 14 3 6 -0.106 -5.864 0.777
SPIN 3 14 3 7 -2.070 5.541 0.076
SPIN 3 14 3 8 -1.591 -5.698 -0.002
SPIN 3 14 3 9 3.323 -2.301 -4.320
SPIN 3 14 3 10 -3.937 -1.645 4.098
SPIN 3 14 3 11 -0.614 3.469 4.753
SPIN 3 14 3 12 0.674 3.812 4.474
SPIN 3 14 3 13 -5.236 -2.411 1.330
SPIN 3 14 3 14 -0.155 5.775 1.273
SPIN 3 14 3 15 5.250 -2.639 -0.692
SPIN 2 14 3 0 -1.035 1.675 -5.579
SPIN 2 14 3 1 0.232 2.838 -5.186
SPIN 2 14 3 2 -1.161 -1.519 5.598
SPIN 2 14 3 3 -4.519 1.728 -3.404
SPIN 2 14 3 4 3.738 -0.144 -4.583
SPIN 2 14 3 5 2.480 5.092 -1.709
SPIN 2 14 3 6 -1.843 -4.398 -3.502
SPIN 2 14 3 7 -3.461 -0.411 -4.780
SPIN 2 14 3 8 2.985 -5.104 -0.193
SPIN 2 14 3 9 -5.108 2.898 0.719
SPIN 2 14 3 10 3.360 -2.364 -4.257
SPIN 2 14 3 11 -5.037 -1.635 -2.638
SPIN 2 14 3 12 3.486 1.996 -4.343
SPIN 2 14 3 13 0.161 -2.493 5.363
SPIN 2 14 3 14 -0.830 -2.272 -5.399
SPIN 2 14 3 15 -1.011 2.018 -5.469
SPIN 3 14 4 0 -0.643 -3.359 4.827
SPIN 3 14 4 1 -0.804 0.833 -5.802
SPIN 3 14 4 2 -2.179 0.908 -5.425
SPIN 3 14 4 3 1.696 5.666 -0.124
SPIN 3 14 4 4 -5.803 1.140 -0.158
SPIN 3 14 4 5 -0.938 -5.531 -1.877
SPIN 3 14 4 6 3.323 4.887 -0.276
SPIN 3 14 4 7 2.804 -3.343 -3.995
SPIN 3 14 4 8 5.601 1.889 0.251
SPIN 3 14 4 9 3.816 4.399 -1.044
SPIN 3 14 4 10 -5.664 1.407 -0.972
SPIN 3 14 4 11 5.758 1.170 0.688
SPIN 3 14 4 12 -2.192 -3.861 -3.910
SPIN 3 14 4 13 3.941 -0.317 4.401
SPIN 3 14 4 14 3.785 4.547 0.025
SPIN 3 14 4 15 0.193 -5.904 0.331
SPIN 2 14 4 0 -3.878 2.586 3.644
SPIN 2 14 4 1 -5.197 -2.322 -1.613
SPIN 2 14 4 2 5.050 -3.070 0.262
SPIN 2 14 4 3 -2.258 3.305 -4.356
SPIN 2 14 4 4 -1.206 -3.587 4.547
SPIN 2 14 4 5 2.533 3.709 -3.851
SPIN 2 14 4 6 -2.656 -5.266 0.466
SPIN 2 14 4 7 4.152 -3.483 2.372
SPIN 2 14 4 8 2.122 5.520 0.175
SPIN 2 14 4 9 1.176 -2.154 -5.383
SPIN 2 14 4 10 -2.071 -3.699 4.126
SPIN 2 14 4 11 -2.229 5.183 -1.781
SPIN 2 14 4 12 2.230 -0.433 5.462
SPIN 2 14 4 13 5.434 -2.262 -0.601
SPIN 2 14 4 14 -4.793 2.922 1.868
SPIN 2 14 4 15 1.232 -0.258 5.781
SPIN 3 14 5 0 -0.411 -1.073 5.804
SPIN 3 14 5 1 1.524 5.517 -1.496
SPIN 3 14 5 2 1.167 4.076 4.126
SPIN 3 14 5 3 0.313 -2.342 -5.424
SPIN 3 14 5 4 2.134 -2.420 -4.959
SPIN 3 14 5 5 1.202 -5.294 2.351
SPIN 3 14 5 6 -3.514 -2.438 -4.087
SPIN 3 14 5 7 -0.494 1.629 5.666
SPIN 3 14 5 8 -5.655 -1.683 0.439
SPIN 3 14 5 9 -3.562 -3.489 3.184
SPIN 3 14 5 10 1.485 4.924 -2.924
SPIN 3 14 5 11 -1.462 -5.374 -1.997
SPIN 3 14 5 12 -5.344 2.539 0.030
SPIN 3 14 5 13 1.558 -5.472 -1.623
SPIN 3 14 5 14 0.360 -5.582 -1.927
SPIN 3 14 5 15 -0.833 4.103 4.180
SPIN 2 14 5 0 3.568 -4.446 -1.583
SPIN 2 14 5 1 -1.445 5.461 -1.758
SPIN 2 14 5 2 4.563 -2.172 3.076
SPIN 2 14 5 3 4.028 -0.439 4.310
SPIN 2 14 5 4 1.403 5.744 -0.194
SPIN 2 14 5 5 4.222 -3.653 1.957
SPIN 2 14 5 6 0.680 -5.876 0.105
SPIN 2 14 5 7 -0.435 5.140 2.896
SPIN 2 14 5 8 -1.494 -4.087 4.008
SPIN 2 14 5 9 0.341 -5.900 -0.277
SPIN 2 14 5 10 3.772 4.118 1.953
SPIN 2 14 5 11 -3.148 -4.998 -0.333
SPIN 2 14 5 12 -0.362 2.325 5.428
SPIN 2 14 5 13 -2.425 5.356 0.659
SPIN 2 14 5 14 0.611 0.199 -5.881
SPIN 2 14 5 15 0.425 4.418 -3.912
SPIN 3 14 6 0 5.260 1.670 2.132
SPIN 3 14 6 1 -2.960 -3.044 -4.120
SPIN 3 14 6 2 4.834 0.464 -3.379
SPIN 3 14 6 3 3.383 4.519 -1.770
SPIN 3 14 6 4 -3.776 3.985 -2.205
SPIN 3 14 6 5 2.606 -1.459 5.107
SPIN 3 14 6 6 -4.952 -1.579 2.826
SPIN 3 14 6 7 5.410 -1.886 1.474
SPIN 3 14 6 8 -5.561 1.288 1.554
SPIN 3 14 6 9 2.814 0.566 -5.173
SPIN 3 14 6 10 -1.835 -4.336 -3.582
SPIN 3 14 6 11 0.233 1.618 -5.686
SPIN 3 14 6 12 0.849 4.862 3.263
SPIN 3 14 6 13 5.099 2.352 1.862
SPIN 3 14 6 14 2.099 -3.453 4.321
SPIN 3 14 6 15 -3.048 -4.938 -1.150
SPIN 2 14 6 0 -3.631 3.193 -3.409
SPIN 2 14 6 1 4.311 -0.685 -3.994
SPIN 2 14 6 2 -4.850 -1.835 2.848
SPIN 2 14 6 3 -1.249 0.572 -5.754
SPIN 2 14 6 4 -2.923 -1.688 4.858
SPIN 2 14 6 5 2.463 2.911 -4.524
SPIN 2 14 6 6 -3.625 3.319 -3.292
SPIN 2 14 6 7 3.235 2.675 4.169
SPIN 2 14 6 8 5.279 -1.234 2.368
SPIN 2 14 6 9 -3.951 -0.142 4.401
SPIN 2 14 6 10 -0.727 -1.504 5.675
SPIN 2 14 6 11 -1.859 5.587 -0.570
SPIN 2 14 6 12 0.701 -0.076 -5.874
SPIN 2 14 6 13 -0.251 -3.745 4.573
SPIN 2 14 6 14 -3.274 4.798 -1.125
SPIN 2 14 6 15 1.438 4.900 2.987
SPIN 3 14 7 0 -0.053 4.904 3.309
SPIN 3 14 7 1 3.997 4.355 0.237
SPIN 3 14 7 2 -2.712 -5.074 -1.379
SPIN 3 14 7 3 -0.374 -0.746 -5.857
SPIN 3 14 7 4 -3.954 -2.411 3.681
SPIN 3 14 7 5 4.490 -0.926 -3.740
SPIN 3 14 7 6 -1.640 1.357 5.520
SPIN 3 14 7 7 -5.806 0.336 -1.084
SPIN 3 14 7 8 -0.364 -0.144 -5.903
SPIN 3 14 7 9 3.691 -4.329 1.622
SPIN 3 14 7 10 -4.153 -3.947 -1.475
SPIN 3 14 7 11 -1.708 5.376 1.783
SPIN 3 14 7 12 -1.212 -1.173 5.671
SPIN 3 14 7 13 -5.868 0.324 0.682
SPIN 3 14 7 14 -2.276 5.308 -1.281
SPIN 3 14 7 15 -1.543 -4.125 3.950
SPIN 2 14 7 0 -1.719 4.106 -3.897
SPIN 2 14 7 1 -3.919 -3.449 2.783
SPIN 2 14 7 2 2.592 5.133 1.391
SPIN 2 14 7 3 0.257 -3.665 4.637
SPIN 2 14 7 4 5.100 2.973 0.383
SPIN 2 14 7 5 -4.218 -3.852 1.542
SPIN 2 14 7 6 -3.263 4.914 -0.446
SPIN 2 14 7 7 -2.836 -3.199 4.089
SPIN 2 14 7 8 -2.359 -2.965 -4.544
SPIN 2 14 7 9 -0.111 4.750 -3.525
SPIN 2 14 7 10 -0.663 4.430 3.864
SPIN 2 14 7 11 4.155 -2.712 -3.222
SPIN 2 14 7 12 3.263 4.661 1.619
SPIN 2 14 7 13 -4.988 -1.952 2.513
SPIN 2 14 7 14 5.133 1.258 2.659
SPIN 2 14 7 15 -3.892 0.751 -4.392
SPIN 3 14 8 0 -4.269 -1.430 -3.838
SPIN 3 14 8 1 -4.053 -4.302 -0.252
SPIN 3 14 8 2 0.250 -2.446 -5.381
SPIN 3 14 8 3 -5.480 -1.418 1.720
SPIN 3 14 8 4 5.370 1.960 -1.522
SPIN 3 14 8 5 -4.758 3.399 -0.897
SPIN 3 14 8 6 4.823 -3.301 0.917
SPIN 3 14 8 7 4.790 2.648 2.247
SPIN 3 14 8 8 1.897 1.237 -5.465
SPIN 3 14 8 9 -4.578 3.590 -1.074
SPIN 3 14 8 10 3.859 -3.669 2.578
SPIN 3 14 8 11 5.893 -0.499 0.164
SPIN 3 14 8 12 -3.870 -4.191 -1.569
SPIN 3 14 8 13 -2.168 -2.961 -4.641
SPIN 3 14 8 14 3.515 4.277 2.087
SPIN 3 14 8 15 0.414 5.703 1.519
SPIN 2 14 8 0 -5.278 -1.658 2.095
SPIN 2 14 8 1 -0.298 5.730 -1.441
SPIN 2 14 8 2 -2.785 -5.166 -0.747
SPIN 2 14 8 3 1.018 5.312 2.396
SPIN 2 14 8 4 -1.432 -2.526 -5.155
SPIN 2 14 8 5 5.906 0.247 0.242
SPIN 2 14 8 6 -3.195 3.713 -3.317
SPIN 2 14 8 7 4.777 3.380 -0.869
SPIN 2 14 8 8 -4.822 -1.098 -3.247
SPIN 2 14 8 9 2.395 -2.285 4.903
SPIN 2 14 8 10 3.884 -0.886 -4.373
SPIN 2 14 8 11 0.634 2.498 -5.325
SPIN 2 14 8 12 3.096 -2.338 4.466
SPIN 2 14 8 13 -0.344 5.829 0.949
SPIN 2 14 8 14 5.831 0.246 -0.971
SPIN 2 14 8 15 -1.447 5.240 -2.334
SPIN 3 14 9 0 -0.188 -5.908 -0.254
SPIN 3 14 9 1 3.780 -2.568 -3.756
SPIN 3 14 9 2 -4.556 1.131 3.600
SPIN 3 14 9 3 -3.015 -3.746 -3.446
SPIN 3 14 9 4 -3.104 -4.177 2.814
SPIN 3 14 9 5 5.456 -1.690 -1.542
SPIN 3 14 9 6 -1.631 4.019 4.023
SPIN 3 14 9 7 4.098 -0.120 -4.265
SPIN 3 14 9 8 4.728 3.177 1.598
SPIN 3 14 9 9 -1.615 -1.261 5.550
SPIN 3 14 9 10 -0.129 -1.932 -5.590
SPIN 3 14 9 11 -2.049 5.356 1.454
SPIN 3 14 9 12 2.585 -0.111 5.320
SPIN 3 14 9 13 3.342 3.429 -3.475
SPIN 3 14 9 14 -5.219 -1.371 -2.425
SPIN 3 14 9 15 4.059 -0.665 4.252
SPIN 2 14 9 0 4.809 -2.009 2.799
SPIN 2 14 9 1 -4.255 -1.725 -3.730
SPIN 2 14 9 2 -0.688 5.839 -0.660
SPIN 2 14 9 3 -2.615 -4.694 -2.475
SPIN 2 14 9 4 1.010 5.801 0.574
SPIN 2 14 9 5 1.224 -5.751 0.654
SPIN 2 14 9 6 1.359 -3.170 -4.807
SPIN 2 14 9 7 -3.465 3.598 3.170
SPIN 2 14 9 8 4.824 -3.377 -0.564
SPIN 2 14 9 9 -5.351 1.333 -2.141
SPIN 2 14 9 10 -1.235 0.737 5.739
SPIN 2 14 9 11 0.787 -3.204 -4.911
SPIN 2 14 9 12 2.425 3.598 4.022
SPIN 2 14 9 13 4.302 3.951 0.936
SPIN 2 14 9 14 3.901 0.301 4.438
SPIN 2 14 9 15 -1.137 0.976 -5.723
SPIN 3 14 10 0 -0.997 -4.516 3.689
SPIN 3 14 10 1 -5.563 -1.512 -1.329
SPIN 3 14 10 2 1.398 -1.436 -5.566
SPIN 3 14 10 3 3.631 -2.884 3.674
SPIN 3 14 10 4 4.187 3.946 1.380
SPIN 3 14 10 5 -5.441 0.901 -2.142
SPIN 3 14 10 6 4.743 -2.232 -2.742
SPIN 3 14 10 7 -4.542 3.781 -0.273
SPIN 3 14 10 8 -5.105 -1.063 -2.794
SPIN 3 14 10 9 5.526 0.730 1.982
SPIN 3 14 10 10 0.485 -3.925 4.400
SPIN 3 14 10 11 3.382 -4.573 1.626
SPIN 3 14 10 12 -0.941 5.497 -1.975
SPIN 3 14 10 13 1.505 -0.963 5.640
SPIN 3 14 10 14 3.371 2.026 4.419
SPIN 3 14 10 15 5.051 -1.590 -2.638
SPIN 2 14 10 0 -1.953 5.581 -0.203
SPIN 2 14 10 1 1.282 0.724 -5.730
SPIN 2 14 10 2 4.627 -3.161 1.898
SPIN 2 14 10 3 2.789 5.209 -0.295
SPIN 2 14 10 4 1.716 -2.750 -4.949
SPIN 2 14 10 5 -2.968 0.626 -5.079
SPIN 2 14 10 6 -4.394 2.775 2.827
SPIN 2 14 10 7 -2.341 -2.140 4.994
SPIN 2 14 10 8 0.778 0.120 5.864
SPIN 2 14 10 9 -0.288 4.934 3.251
SPIN 2 14 10 10 -3.126 -4.611 -1.993
SPIN 2 14 10 11 5.589 1.456 1.280
SPIN 2 14 10 12 -4.940 -0.980 3.105
SPIN 2 14 10 13 -3.717 -2.569 -3.819
SPIN 2 14 10 14 -4.634 3.267 1.688
SPIN 2 14 10 15 5.143 -1.606 -2.443
SPIN 3 14 11 0 -4.401 -3.946 -0.248
SPIN 3 14 11 1 0.979 5.243 2.559
SPIN 3 14 11 2 -4.927 -3.269 -0.200
SPIN 3 14 11 3 -3.629 2.248 4.096
SPIN 3 14 11 4 1.863 -1.947 -5.267
SPIN 3 14 11 5 5.179 -1.652 2.334
SPIN 3 14 11 6 -1.557 5.662 -0.717
SPIN 3 14 11 7 -5.524 0.645 -2.016
SPIN 3 14 11 8 1.036 5.138 2.744
SPIN 3 14 11 9 -1.438 3.669 4.413
SPIN 3 14 11 10 -1.569 -1.907 -5.376
SPIN 3 14 11 11 2.057 -3.268 4.482
SPIN 3 14 11 12 2.095 -2.280 5.041
SPIN 3 14 11 13 1.107 5.810 0.115
SPIN 3 14 11 14 -3.953 3.212 -3.009
SPIN 3 14 11 15 4.213 4.148 -0.213
SPIN 2 14 11 0 1.090 -2.698 5.151
SPIN 2 14 11 1 -3.493 -3.569 -3.172
SPIN 2 14 11 2 -4.188 2.344 -3.460
SPIN 2 14 11 3 -0.596 1.657 -5.648
SPIN 2 14 11 4 -0.041 4.690 3.606
SPIN 2 14 11 5 -5.367 1.266 2.142
SPIN 2 14 11 6 -2.802 0.312 -5.201
SPIN 2 14 11 7 3.458 -2.352 -4.185
SPIN 2 14 11 8 -2.985 4.507 -2.404
SPIN 2 14 11 9 -2.545 -5.047 1.746
SPIN 2 14 11 10 -0.996 5.729 1.089
SPIN 2 14 11 11 -4.275 4.087 0.129
SPIN 2 14 11 12 2.242 -1.779 -5.178
SPIN 2 14 11 13 -4.567 -3.601 1.086
SPIN 2 14 11 14 4.274 -3.015 -2.765
SPIN 2 14 11 15 -2.218 5.483 0.120
SPIN 3 14 12 0 1.777 2.058 5.254
SPIN 3 14 12 1 -3.736 -4.321 -1.540
SPIN 3 14 12 2 -0.937 3.726 4.499
SPIN 3 14 12 3 -1.918 -2.927 4.770
SPIN 3 14 12 4 3.883 3.274 -3.033
SPIN 3 14 12 5 -5.307 -1.766 -1.927
SPIN 3 14 12 6 3.110 1.910 4.656
SPIN 3 14 12 7 0.148 -0.559 -5.888
SPIN 3 14 12 8 2.066 -3.897 3.943
SPIN 3 14 12 9 5.666 -0.710 1.549
SPIN 3 14 12 10 1.646 5.115 2.476
SPIN 3 14 12 11 3.748 -2.426 3.881
SPIN 3 14 12 12 5.397 2.369 0.507
SPIN 3 14 12 13 -1.390 -1.952 5.409
SPIN 3 14 12 14 0.626 2.258 5.432
SPIN 3 14 12 15 -4.903 -2.531 -2.135
SPIN 2 14 12 0 5.749 0.326 -1.356
SPIN 2 14 12 1 -0.412 0.537 5.877
SPIN 2 14 12 2 5.558 -2.020 0.163
SPIN 2 14 12 3 -4.095 -4.150 1.005
SPIN 2 14 12 4 -4.268 3.564 -2.020
SPIN 2 14 12 5 -1.430 3.825 4.281
SPIN 2 14 12 6 4.824 -1.493 -3.082
SPIN 2 14 12 7 -2.920 -4.397 2.673
SPIN 2 14 12 8 5.464 1.285 1.868
SPIN 2 14 12 9 -1.577 5.259 -2.204
SPIN 2 14 12 10 -2.005 -0.864 -5.498
SPIN 2 14 12 11 2.369 5.023 -2.040
SPIN 2 14 12 12 -5.808 -0.562 0.977
SPIN 2 14 12 13 5.826 0.598 -0.837
SPIN 2 14 12 14 3.029 4.268 -2.757
SPIN 2 14 12 15 5.112 0.399 -2.951
SPIN 3 14 13 0 -5.386 -1.530 -1.909
SPIN 3 14 13 1 0.067 -1.406 -5.746
SPIN 3 14 13 2 4.911 2.014 -2.612
SPIN 3 14 13 3 1.902 -1.060 5.501
SPIN 3 14 13 4 -0.942 -5.783 -0.821
SPIN 3 14 13 5 3.474 4.160 -2.372
SPIN 3 14 13 6 -5.876 -0.217 -0.648
SPIN 3 14 13 7 -0.236 4.503 -3.829
SPIN 3 14 13 8 -1.875 -5.594 -0.440
SPIN 3 14 13 9 5.235 1.025 2.559
SPIN 3 14 13 10 4.179 -2.662 3.233
SPIN 3 14 13 11 -0.861 -5.060 2.943
SPIN 3 14 13 12 -0.341 -5.292 -2.623
SPIN 3 14 13 13 -4.456 1.414 -3.625
SPIN 3 14 13 14 3.910 -3.028 3.247
SPIN 3 14 13 15 -2.673 5.092 -1.387
SPIN 2 14 13 0 3.739 -4.195 1.849
SPIN 2 14 13 1 4.004 2.153 3.786
SPIN 2 14 13 2 -5.723 0.905 1.196
SPIN 2 14 13 3 3.632 2.168 4.136
SPIN 2 14 13 4 -5.384 -0.223 2.442
SPIN 2 14 13 5 0.517 4.049 -4.282
SPIN 2 14 13 6 3.991 -0.907 4.272
SPIN 2 14 13 7 -0.233 -2.886 -5.159
SPIN 2 14 13 8 2.960 -3.449 3.787
SPIN 2 14 13 9 -3.690 4.622 0.132
SPIN 2 14 13 10 0.959 5.802 -0.650
SPIN 2 14 13 11 3.577 -4.591 1.061
SPIN 2 14 13 12 -4.366 2.846 2.799
SPIN 2 14 13 13 -0.627 -1.480 5.694
SPIN 2 14 13 14 -2.216 -5.220 1.686
SPIN 2 14 13 15 -2.514 5.325 -0.570
SPIN 3 14 14 0 0.992 2.418 -5.308
SPIN 3 14 14 1 -2.868 -2.131 4.715
SPIN 3 14 14 2 -3.142 -2.411 -4.394
SPIN 3 14 14 3 -4.299 3.411 2.209
SPIN 3 14 14 4 5.497 0.428 2.146
SPIN 3 14 14 5 -3.522 -4.541 -1.405
SPIN 3 14 14 6 1.808 4.513 -3.371
SPIN 3 14 14 7 0.156 5.240 -2.741
SPIN 3 14 14 8 1.585 4.933 -2.855
SPIN 3 14 14 9 3.359 -4.645 -1.464
SPIN 3 14 14 10 0.125 -5.152 -2.906
SPIN 3 14 14 11 3.498 0.188 4.767
SPIN 3 14 14 12 4.695 1.879 3.070
SPIN 3 14 14 13 -2.745 1.204 -5.100
SPIN 3 14 14 14 1.718 -5.630 0.597
SPIN 3 14 14 15 -4.749 -1.029 3.374
SPIN 2 14 14 0 2.878 4.720 -2.106
SPIN 2 14 14 1 -3.121 -4.960 -0.807
SPIN 2 14 14 2 -4.049 3.695 -2.226
SPIN 2 14 14 3 4.516 -0.367 -3.804
SPIN 2 14 14 4 3.557 0.805 -4.658
SPIN 2 14 14 5 3.289 -3.830 -3.084
SPIN 2 14 14 6 1.642 -0.163 5.681
SPIN 2 14 14 7 -5.786 1.046 0.651
SPIN 2 14 14 8 -3.915 -0.694 -4.381
SPIN 2 14 14 9 -0.560 -5.860 -0.587
SPIN 2 14 14 10 3.982 2.797 3.365
SPIN 2 14 14 11 -4.805 0.020 -3.451
SPIN 2 14 14 12 4.249 2.923 2.899
SPIN 2 14 14 13 -3.974 1.989 -3.905
SPIN 2 14 14 14 3.982 -0.526 4.343
SPIN 2 14 14 15 -4.218 -4.144 0.187
SPIN 3 14 15 0 3.945 4.362 -0.636
SPIN 3 14 15 1 -3.132 -4.555 2.107
SPIN 3 14 15 2 -3.523 -2.078 4.275
SPIN 3 14 15 3 2.973 -0.979 -5.020
SPIN 3 14 15 4 -5.712 -0.901 -1.252
SPIN 3 14 15 5 -5.884 -0.591 0.171
SPIN 3 14 15 6 -3.060 3.371 -3.778
SPIN 3 14 15 7 3.355 4.866 0.251
SPIN 3 14 15 8 -2.557 -0.076 -5.334
SPIN 3 14 15 9 -1.075 0.529 5.794
SPIN 3 14 15 10 1.901 5.434 -1.364
SPIN 3 14 15 11 2.508 -4.907 2.151
SPIN 3 14 15 12 2.096 -1.395 -5.354
SPIN 3 14 15 13 1.215 -4.641 -3.462
SPIN 3 14 15 14 -4.597 1.103 -3.557
SPIN 3 14 15 15 1.972 4.936 2.598
SPIN 2 14 15 0 2.322 -0.411 5.426
SPIN 2 14 15 1 -0.010 -0.214 -5.912
SPIN 2 14 15 2 -3.162 -0.992 -4.901
SPIN 2 14 15 3 1.190 -4.540 -3.602
SPIN 2 14 15 4 5.758 1.167 0.694
SPIN 2 14 15 5 -4.451 3.709 1.199
SPIN 2 14 15 6 -5.812 0.261 -1.075
SPIN 2 14 15 7 -1.958 -5.569 0.394
SPIN 2 14 15 8 -5.067 -2.404 -1.883
SPIN 2 14 15 9 3.241 4.074 2.811
SPIN 2 14 15 10 2.424 -5.380 -0.428
SPIN 2 14 15 11 5.750 0.746 1.173
SPIN 2 14 15 12 1.339 -5.622 -1.266
SPIN 2 14 15 13 1.694 -3.280 4.623
SPIN 2 14 15 14 -4.639 0.063 3.671
SPIN 2 14 15 15 5.897 0.177 -0.440
SPIN 1 15 0 0 -5.907 0.323 0.048
SPIN 1 15 0 1 2.044 2.582 4.915
SPIN 1 15 0 2 4.678 -3.621 -0.078
SPIN 1 15 0 3 -5.681 -1.331 -0.975
SPIN 1 15 0 4 -0.230 -2.884 -5.160
SPIN 1 15 0 5 0.756 -5.462 2.143
SPIN 1 15 0 6 -2.093 -3.922 -3.904
SPIN 1 15 0 7 3.165 3.688 -3.373
SPIN 1 15 0 8 -0.865 5.711 1.278
SPIN 1 15 0 9 -2.149 -5.272 1.607
SPIN 1 15 0 10 4.191 3.173 -2.715
SPIN 1 15 0 11 5.595 -1.882 -0.389
SPIN 1 15 0 12 -5.352 -2.350 0.915
SPIN 1 15 0 13 3.711 -1.067 4.482
SPIN 1 15 0 14 3.749 -4.257 1.681
SPIN 1 15 0 15 -4.213 -2.298 3.460
SPIN 4 15 0 0 1.521 -1.938 5.379
SPIN 4 15 0 1 -2.163 -5.485 0.481
SPIN 4 15 0 2 -3.034 -4.443 -2.461
SPIN 4 15 0 3 -3.300 3.051 3.847
SPIN 4 15 0 4 -4.989 2.493 -1.974
SPIN 4 15 0 5 2.964 0.040 5.120
SPIN 4 15 0 6 1.294 -5.303 2.280
SPIN 4 15 0 7 2.718 3.005 4.311
SPIN 4 15 0 8 -5.020 1.469 -2.765
SPIN 4 15 0 9 -0.121 -2.062 -5.544
SPIN 4 15 0 10 -0.223 -5.351 2.513
SPIN 4 15 0 11 -0.710 -2.967 -5.069
SPIN 4 15 0 12 -0.575 0.941 5.812
SPIN 4 15 0 13 5.247 -0.857 -2.596
SPIN 4 15 0 14 0.199 -5.445 2.305
SPIN 4 15 0 15 2.134 2.348 4.993
SPIN 1 15 1 0 0.793 -3.741 4.514
SPIN 1 15 1 1 -1.192 5.756 0.665
SPIN 1 15 1 2 -3.816 -1.228 4.351
SPIN 1 15 1 3 -5.326 -0.758 -2.462
SPIN 1 15 1 4 2.739 0.245 5.238
SPIN 1 15 1 5 -5.644 0.249 -1.756
SPIN 1 15 1 6 -3.450 -1.630 4.521
SPIN 1 15 1 7 -5.036 -2.680 -1.566
SPIN 1 15 1 8 -0.380 -4.398 -3.938
SPIN 1 15 1 9 -1.157 3.559 -4.582
SPIN 1 15 1 10 5.566 0.022 2.003
SPIN 1 15 1 11 -4.000 4.358 0.059
SPIN 1 15 1 12 2.471 -3.938 -3.659
SPIN 1 15 1 13 5.529 -1.571 -1.401
SPIN 1 15 1 14 -3.230 -4.739 -1.452
SPIN 1 15 1 15 -0.840 0.250 -5.851
SPIN 4 15 1 0 -2.597 -0.384 5.302
SPIN 4 15 1 1 4.024 -1.898 -3.899
SPIN 4 15 1 2 0.525 -5.669 -1.608
SPIN 4 15 1 3 -5.241 -0.430 -2.711
SPIN 4 15 1 4 1.547 5.365 1.956
SPIN 4 15 1 5 0.101 -4.557 -3.771
SPIN 4 15 1 6 0.597 5.450 -2.222
SPIN 4 15 1 7 -2.305 -1.186 -5.318
SPIN 4 15 1 8 0.924 3.029 -4.997
SPIN 4 15 1 9 0.825 -2.638 5.231
SPIN 4 15 1 10 -1.912 -4.420 3.436
SPIN 4 15 1 11 0.125 5.857 -0.827
SPIN 4 15 1 12 -2.469 -4.994 -1.991
SPIN 4 15 1 13 -3.132 1.338 4.837
SPIN 4 15 1 14 -4.182 3.884 1.558
SPIN 4 15 1 15 4.671 -1.594 -3.263
SPIN 1 15 2 0 -4.747 -2.281 -2.696
SPIN 1 15 2 1 5.406 1.587 -1.805
SPIN 1 15 2 2 -3.982 0.906 4.280
SPIN 1 15 2 3 0.645 4.065 4.249
SPIN 1 15 2 4 5.547 0.092 -2.054
SPIN 1 15 2 5 4.592 -3.280 1.777
SPIN 1 15 2 6 5.506 -0.188 -2.156
SPIN 1 15 2 7 -5.517 -1.951 0.870
SPIN 1 15 2 8 3.275 4.344 -2.324
SPIN 1 15 2 9 5.402 -1.143 2.123
SPIN 1 15 2 10 0.257 -4.684 -3.605
SPIN 1 15 2 11 2.731 0.007 5.248
SPIN 1 15 2 12 4.707 -3.002 1.958
SPIN 1 15 2 13 -5.715 -1.453 0.477
SPIN 1 15 2 14 1.554 -1.965 -5.359
SPIN 1 15 2 15 -3.299 1.124 4.781
SPIN 4 15 2 0 -2.165 3.953 3.832
SPIN 4 15 2 1 -5.308 -2.511 -0.723
SPIN 4 15 2 2 4.142 2.130 3.648
SPIN 4 15 2 3 -3.915 -3.958 -2.001
SPIN 4 15 2 4 1.606 -2.321 -5.199
SPIN 4 15 2 5 -0.509 5.072 3.003
SPIN 4 15 2 6 -5.701 -1.290 0.911
SPIN 4 15 2 7 4.390 0.456 3.940
SPIN 4 15 2 8 1.670 -2.485 5.102
SPIN 4 15 2 9 -4.890 2.781 -1.830
SPIN 4 15 2 10 5.385 -0.386 -2.419
SPIN 4 15 2 11 -3.385 4.452 1.928
SPIN 4 15 2 12 -0.723 5.846 -0.548
SPIN 4 15 2 13 4.153 -0.278 4.205
SPIN 4 15 2 14 -4.160 4.130 -0.798
SPIN 4 15 2 15 5.330 -0.592 2.497
SPIN 1 15 3 0 4.620 3.293 1.676
SPIN 1 15 3 1 3.411 -4.828 0.237
SPIN 1 15 3 2 0.515 5.593 -1.859
SPIN 1 15 3 3 -5.704 -1.558 0.177
SPIN 1 15 3 4 -0.542 4.764 -3.465
SPIN 1 15 3 5 -5.552 -2.026 -0.273
SPIN 1 15 3 6 2.700 1.629 -5.006
SPIN 1 15 3 7 5.724 -1.459 -0.328
SPIN 1 15 3 8 -4.238 0.793 4.051
SPIN 1 15 3 9 2.168 -2.992 -4.621
SPIN 1 15 3 10 -4.142 0.888 -4.130
SPIN 1 15 3 11 3.389 -4.143 2.519
SPIN 1 15 3 12 -1.393 -2.499 -5.178
SPIN 1 15 3 13 4.732 -3.068 -1.788
SPIN 1 15 3 14 4.346 -1.736 3.619
SPIN 1 15 3 15 0.603 -4.134 -4.189
SPIN 4 15 3 0 -1.866 -2.245 5.146
SPIN 4 15 3 1 2.590 -2.421 -4.736
SPIN 4 15 3 2 0.854 -5.678 1.427
SPIN 4 15 3 3 -3.795 -3.259 3.159
SPIN 4 15 3 4 -5.256 2.642 -0.625
SPIN 4 15 3 5 -1.447 -3.248 4.729
SPIN 4 15 3 6 -2.260 3.863 -3.869
SPIN 4 15 3 7 -2.114 5.486 -0.664
SPIN 4 15 3 8 3.938 2.060 -3.905
SPIN 4 15 3 9 -3.540 -3.646 3.028
SPIN 4 15 3 10 -0.518 5.351 2.469
SPIN 4 15 3 11 -4.121 -2.636 3.327
SPIN 4 15 3 12 -5.751 -1.195 -0.707
SPIN 4 15 3 13 2.074 2.665 4.858
SPIN 4 15 3 14 -2.663 -1.071 5.173
SPIN 4 15 3 15 2.492 -4.187 -3.356
SPIN 1 15 4 0 -2.075 -1.782 -5.246
SPIN 1 15 4 1 -0.388 5.875 0.573
SPIN 1 15 4 2 5.311 -2.052 -1.606
SPIN 1 15 4 3 3.185 -4.393 -2.358
SPIN 1 15 4 4 -5.508 -0.770 -2.017
SPIN 1 15 4 5 3.046 4.130 2.944
SPIN 1 15 4 6 -4.595 2.649 -2.621
SPIN 1 15 4 7 -4.927 2.813 -1.676
SPIN 1 15 4 8 1.398 -2.411 5.219
SPIN 1 15 4 9 1.810 -3.706 4.242
SPIN 1 15 4 10 -5.396 2.402 -0.343
SPIN 1 15 4 11 -2.133 4.789 2.742
SPIN 1 15 4 12 -4.100 3.965 1.573
SPIN 1 15 4 13 -1.997 -0.917 -5.493
SPIN 1 15 4 14 2.323 4.678 2.779
SPIN 1 15 4 15 4.887 3.334 0.038
SPIN 4 15 4 0 -2.555 2.485 -4.722
SPIN 4 15 4 1 -2.951 1.894 4.765
SPIN 4 15 4 2 -1.910 0.069 -5.599
SPIN 4 15 4 3 2.725 0.714 5.202
SPIN 4 15 4 4 1.497 -2.140 -5.308
SPIN 4 15 4 5 1.831 3.465 -4.432
SPIN 4 15 4 6 3.989 -0.182 4.365
SPIN 4 15 4 7 2.106 4.456 -3.272
SPIN 4 15 4 8 5.024 2.742 1.496
SPIN 4 15 4 9 -5.166 0.860 2.751
SPIN 4 15 4 10 1.479 -2.997 -4.882
SPIN 4 15 4 11 -2.984 4.241 2.848
SPIN 4 15 4 12 -5.424 0.495 2.310
SPIN 4 15 4 13 -0.593 0.604 -5.855
SPIN 4 15 4 14 -3.009 -2.843 4.226
SPIN 4 15 4 15 4.494 3.847 0.055
SPIN 1 15 5 0 -3.539 -3.626 3.054
SPIN 1 15 5 1 -2.379 -0.530 5.391
SPIN 1 15 5 2 2.018 2.056 5.167
SPIN 1 15 5 3 -0.218 1.953 -5.580
SPIN 1 15 5 4 -0.394 -5.763 1.278
SPIN 1 15 5 5 -4.617 -0.453 3.671
SPIN 1 15 5 6 -3.013 0.763 5.034
SPIN 1 15 5 7 0.410 -5.875 0.562
SPIN 1 15 5 8 3.267 1.637 -4.653
SPIN 1 15 5 9 1.268 5.727 0.771
SPIN 1 15 5 10 -4.286 3.646 -1.829
SPIN 1 15 5 11 5.692 0.416 1.558
SPIN 1 15 5 12 1.245 1.562 -5.569
SPIN 1 15 5 13 -3.692 -0.219 4.618
SPIN 1 15 5 14 -0.886 -0.106 5.848
SPIN 1 15 5 15 1.538 0.480 -5.692
SPIN 4 15 5 0 -0.246 -3.400 -4.835
SPIN 4 15 5 1 5.526 2.005 0.667
SPIN 4 15 5 2 0.020 -5.913 0.179
SPIN 4 15 5 3 -2.092 -4.298 3.485
SPIN 4 15 5 4 4.921 2.224 2.415
SPIN 4 15 5 5 -4.841 -2.232 2.565
SPIN 4 15 5 6 2.773 4.404 -2.813
SPIN 4 15 5 7 -0.851 1.594 -5.634
SPIN 4 15 5 8 -5.767 0.732 1.097
SPIN 4 15 5 9 4.300 -2.394 3.283
SPIN 4 15 5 10 -4.220 2.265 3.473
SPIN 4 15 5 11 5.788 -1.222 -0.047
SPIN 4 15 5 12 0.714 -1.432 -5.696
SPIN 4 15 5 13 -5.261 0.401 2.677
SPIN 4 15 5 14 1.601 1.971 5.344
SPIN 4 15 5 15 5.163 -0.308 -2.872
SPIN 1 15 6 0 -1.288 5.721 -0.782
SPIN 1 15 6 1 -0.892 -5.649 1.513
SPIN 1 15 6 2 2.852 5.182 0.092
SPIN 1 15 6 3 -2.621 5.296 -0.298
SPIN 1 15 6 4 -0.201 -5.446 -2.302
SPIN 1 15 6 5 1.785 -5.629 0.356
SPIN 1 15 6 6 4.751 -3.518 0.230
SPIN 1 15 6 7 -0.778 -5.056 -2.972
SPIN 1 15 6 8 4.175 -2.468 3.388
SPIN 1 15 6 9 -3.905 -4.132 -1.635
SPIN 1 15 6 10 4.493 -1.516 3.538
SPIN 1 15 6 11 -2.640 -0.768 -5.238
SPIN 1 15 6 12 -4.959 2.568 1.954
SPIN 1 15 6 13 3.985 -2.308 -3.714
SPIN 1 15 6 14 -2.964 -4.641 -2.163
SPIN 1 15 6 15 -4.066 -4.195 -0.933
SPIN 4 15 6 0 5.109 -1.635 -2.496
SPIN 4 15 6 1 -3.249 2.076 4.487
SPIN 4 15 6 2 -3.812 2.791 3.560
SPIN 4 15 6 3 4.842 1.385 3.104
SPIN 4 15 6 4 -5.567 1.490 -1.337
SPIN 4 15 6 5 2.817 4.699 -2.232
SPIN 4 15 6 6 3.706 -4.555 -0.717
SPIN 4 15 6 7 -0.264 1.856 -5.611
SPIN 4 15 6 8 2.342 -4.232 3.407
SPIN 4 15 6 9 -1.991 4.326 -3.510
SPIN 4 15 6 10 2.244 3.886 -3.856
SPIN 4 15 6 11 -0.650 -0.112 5.879
SPIN 4 15 6 12 -1.921 -5.343 1.662
SPIN 4 15 6 13 3.953 -3.454 -2.729
SPIN 4 15 6 14 5.609 1.822 -0.461
SPIN 4 15 6 15 -1.306 2.594 5.154
SPIN 1 15 7 0 -2.922 2.461 4.518
SPIN 1 15 7 1 -3.961 -4.343 0.670
SPIN 1 15 7 2 0.059 3.239 -4.950
SPIN 1 15 7 3 -4.745 0.805 3.441
SPIN 1 15 7 4 -2.719 -5.240 0.388
SPIN 1 15 7 5 -3.676 3.867 -2.555
SPIN 1 15 7 6 -3.995 1.211 4.192
SPIN 1 15 7 7 -3.419 -2.025 4.383
SPIN 1 15 7 8 0.643 -1.748 -5.615
SPIN 1 15 7 9 0.613 -0.686 5.844
SPIN 1 15 7 10 -4.377 0.374 -3.963
SPIN 1 15 7 11 -2.786 -1.607 4.966
SPIN 1 15 7 12 -0.797 -5.860 -0.166
SPIN 1 15 7 13 3.434 3.506 -3.305
SPIN 1 15 7 14 0.428 3.005 5.078
SPIN 1 15 7 15 3.610 1.102 -4.555
SPIN 4 15 7 0 5.348 1.348 2.141
SPIN 4 15 7 1 2.026 -5.011 2.404
SPIN 4 15 7 2 -4.500 -0.991 -3.710
SPIN 4 15 7 3 -1.032 1.397 5.655
SPIN 4 15 7 4 -2.873 -5.033 -1.187
SPIN 4 15 7 5 1.154 5.670 -1.231
SPIN 4 15 7 6 4.386 0.660 -3.915
SPIN 4 15 7 7 -1.891 -5.582 0.516
SPIN 4 15 7 8 5.449 0.834 -2.147
SPIN 4 15 7 9 -2.593 -3.683 3.836
SPIN 4 15 7 10 0.196 -3.988 4.366
SPIN 4 15 7 11 -1.415 3.962 -4.159
SPIN 4 15 7 12 -1.397 -4.764 -3.218
SPIN 4 15 7 13 4.517 -1.741 -3.400
SPIN 4 15 7 14 -2.335 -5.283 1.280
SPIN 4 15 7 15 -5.353 -1.669 -1.888
SPIN 1 15 8 0 2.955 2.168 4.644
SPIN 1 15 8 1 -0.465 -4.218 -4.123
SPIN 1 15 8 2 0.581 1.426 5.712
SPIN 1 15 8 3 0.641 -3.328 -4.849
SPIN 1 15 8 4 -3.526 4.358 1.890
SPIN 1 15 8 5 4.192 0.552 -4.138
SPIN 1 15 8 6 2.218 -5.251 1.585
SPIN 1 15 8 7 -1.796 -5.492 -1.270
SPIN 1 15 8 8 -2.739 4.411 -2.836
SPIN 1 15 8 9 0.086 -4.767 -3.503
SPIN 1 15 8 10 -4.082 -4.282 0.026
SPIN 1 15 8 11 -5.559 -2.024 -0.001
SPIN 1 15 8 12 2.704 4.441 -2.822
SPIN 1 15 8 13 4.879 -2.943 1.590
SPIN 1 15 8 14 3.363 4.639 1.473
SPIN 1 15 8 15 -5.572 0.491 -1.927
SPIN 4 15 8 0 1.137 4.315 3.884
SPIN 4 15 8 1 3.593 -2.269 -4.116
SPIN 4 15 8 2 2.793 5.018 1.421
SPIN 4 15 8 3 -2.405 -3.295 -4.285
SPIN 4 15 8 4 -4.832 3.064 1.506
SPIN 4 15 8 5 5.082 1.015 2.854
SPIN 4 15 8 6 5.132 2.926 -0.322
SPIN 4 15 8 7 -1.796 4.569 3.301
SPIN 4 15 8 8 -3.678 2.723 -3.749
SPIN 4 15 8 9 1.388 -3.952 4.178
SPIN 4 15 8 10 -4.985 2.650 -1.768
SPIN 4 15 8 11 1.543 -4.298 -3.761
SPIN 4 15 8 12 3.568 -4.506 1.400
SPIN 4 15 8 13 -2.850 2.705 4.423
SPIN 4 15 8 14 -4.005 0.266 -4.346
SPIN 4 15 8 15 5.678 -0.415 -1.609
SPIN 1 15 9 0 -1.742 3.775 4.208
SPIN 1 15 9 1 -5.715 1.165 0.989
SPIN 1 15 9 2 -0.483 3.902 -4.420
SPIN 1 15 9 3 -3.564 2.151 -4.204
SPIN 1 15 9 4 1.413 3.295 4.706
SPIN 1 15 9 5 1.262 -5.272 2.369
SPIN 1 15 9 6 4.292 4.035 0.548
SPIN 1 15 9 7 -5.002 0.149 3.155
SPIN 1 15 9 8 4.928 1.188 -3.050
SPIN 1 15 9 9 -4.971 2.776 -1.607
SPIN 1 15 9 10 4.057 -1.888 -3.870
SPIN 1 15 9 11 2.598 5.305 0.333
SPIN 1 15 9 12 -2.731 0.572 -5.217
SPIN 1 15 9 13 3.938 3.570 -2.599
SPIN 1 15 9 14 0.848 -4.512 -3.731
SPIN 1 15 9 15 4.539 -2.081 3.172
SPIN 4 15 9 0 4.191 1.245 -3.986
SPIN 4 15 9 1 0.120 3.794 -4.538
SPIN 4 15 9 2 -1.722 -4.273 3.712
SPIN 4 15 9 3 0.074 4.920 -3.285
SPIN 4 15 9 4 -0.232 3.478 -4.780
SPIN 4 15 9 5 -3.535 -4.597 1.172
SPIN 4 15 9 6 -5.439 1.020 2.093
SPIN 4 15 9 7 0.167 -5.896 -0.451
SPIN 4 15 9 8 -2.607 1.923 4.950
SPIN 4 15 9 9 -0.216 -5.574 -1.970
SPIN 4 15 9 10 -4.675 -0.891 -3.514
SPIN 4 15 9 11 0.392 1.114 5.797
SPIN 4 15 9 12 4.838 2.228 -2.574
SPIN 4 15 9 13 1.833 -1.669 -5.372
SPIN 4 15 9 14 4.171 2.857 3.072
SPIN 4 15 9 15 -0.866 5.775 0.950
SPIN 1 15 10 0 -1.277 -0.439 5.760
SPIN 1 15 10 1 -2.969 3.567 3.669
SPIN 1 15 10 2 2.170 -3.598 -4.165
SPIN 1 15 10 3 -2.887 -4.722 -2.090
SPIN 1 15 10 4 -2.567 -2.949 -4.440
SPIN 1 15 10 5 1.231 -5.513 1.758
SPIN 1 15 10 6 -0.856 0.006 -5.854
SPIN 1 15 10 7 3.767 -3.574 -2.834
SPIN 1 15 10 8 3.017 3.014 4.101
SPIN 1 15 10 9 -4.273 -1.653 -3.742
SPIN 1 15 10 10 -2.348 5.167 1.671
SPIN 1 15 10 11 -3.802 4.477 -0.708
SPIN 1 15 10 12 -3.119 -5.014 0.359
SPIN 1 15 10 13 -5.288 1.602 2.114
SPIN 1 15 10 14 -3.916 -4.133 -1.609
SPIN 1 15 10 15 -5.398 -2.411 -0.219
SPIN 4 15 10 0 -4.864 -3.365 0.116
SPIN 4 15 10 1 5.766 -1.128 0.696
SPIN 4 15 10 2 3.905 -4.092 1.733
SPIN 4 15 10 3 -2.205 -2.093 5.075
SPIN 4 15 10 4 3.397 3.376 -3.473
SPIN 4 15 10 5 -2.776 -4.413 2.796
SPIN 4 15 10 6 -0.730 5.032 3.025
SPIN 4 15 10 7 2.071 -5.339 1.487
SPIN 4 15 10 8 5.531 -1.977 -0.709
SPIN 4 15 10 9 2.297 -0.867 5.382
SPIN 4 15 10 10 0.671 -1.974 -5.536
SPIN 4 15 10 11 -0.204 5.324 -2.571
SPIN 4 15 10 12 1.143 -4.591 -3.552
SPIN 4 15 10 13 3.020 -4.420 2.518
SPIN 4 15 10 14 -1.065 -5.184 2.644
SPIN 4 15 10 15 0.169 1.006 -5.827
SPIN 1 15 11 0 1.144 4.163 4.044
SPIN 1 15 11 1 4.620 -3.277 -1.707
SPIN 1 15 11 2 -4.639 -2.954 -2.179
SPIN 1 15 11 3 5.346 -2.486 0.489
SPIN 1 15 11 4 -4.003 4.330 -0.476
SPIN 1 15 11 5 -3.331 4.440 2.048
SPIN 1 15 11 6 5.338 -1.525 2.043
SPIN 1 15 11 7 1.857 5.568 0.743
SPIN 1 15 11 8 -3.977 -2.772 -3.392
SPIN 1 15 11 9 3.762 -3.903 2.371
SPIN 1 15 11 10 -1.854 -4.652 -3.149
SPIN 1 15 11 11 -4.172 -3.729 -1.922
SPIN 1 15 11 12 0.555 5.307 2.555
SPIN 1 15 11 13 -1.386 2.442 5.207
SPIN 1 15 11 14 2.001 -2.902 -4.752
SPIN 1 15 11 15 0.474 -3.274 4.905
SPIN 4 15 11 0 3.093 3.961 3.121
SPIN 4 15 11 1 0.733 -5.681 -1.478
SPIN 4 15 11 2 5.296 -0.968 2.452
SPIN 4 15 11 3 -2.981 -4.334 2.708
SPIN 4 15 11 4 5.702 0.539 -1.482
SPIN 4 15 11 5 5.567 1.842 0.788
SPIN 4 15 11 6 -2.525 -1.460 5.147
SPIN 4 15 11 7 2.268 2.144 5.026
SPIN 4 15 11 8 3.655 3.113 -3.457
SPIN 4 15 11 9 -3.362 -3.458 -3.426
SPIN 4 15 11 10 1.274 1.354 -5.617
SPIN 4 15 11 11 2.378 5.416 -0.101
SPIN 4 15 11 12 -5.449 -1.302 1.901
SPIN 4 15 11 13 2.644 -3.080 -4.303
SPIN 4 15 11 14 -3.476 2.183 4.261
SPIN 4 15 11 15 -4.530 -3.689 -0.934
SPIN 1 15 12 0 -1.637 -5.604 -0.957
SPIN 1 15 12 1 4.572 -2.106 -3.108
SPIN 1 15 12 2 -1.156 1.547 5.592
SPIN 1 15 12 3 5.712 1.493 -0.382
SPIN 1 15 12 4 -0.089 -3.480 4.784
SPIN 1 15 12 5 4.843 -1.324 -3.129
SPIN 1 15 12 6 4.672 -2.461 2.668
SPIN 1 15 12 7 -5.386 -1.473 -1.954
SPIN 1 15 12 8 3.541 3.399 3.302
SPIN 1 15 12 9 -3.271 -2.354 4.331
SPIN 1 15 12 10 -0.069 5.818 1.073
SPIN 1 15 12 11 1.746 -0.256 -5.647
SPIN 1 15 12 12 2.182 0.800 -5.441
SPIN 1 15 12 13 -4.081 3.737 2.093
SPIN 1 15 12 14 2.301 -1.910 -5.105
SPIN 1 15 12 15 5.253 1.658 -2.158
SPIN 4 15 12 0 -2.667 -2.689 -4.545
SPIN 4 15 12 1 -1.693 4.840 -2.950
SPIN 4 15 12 2 -2.202 -4.047 3.711
SPIN 4 15 12 3 1.521 3.643 -4.407
SPIN 4 15 12 4 -1.174 -5.261 -2.439
SPIN 4 15 12 5 -1.582 4.046 4.016
SPIN 4 15 12 6 3.058 -1.722 -4.762
SPIN 4 15 12 7 -1.293 -2.095 5.379
SPIN 4 15 12 8 -1.305 -4.888 3.066
SPIN 4 15 12 9 -4.758 -2.632 -2.331
SPIN 4 15 12 10 -2.689 2.332 4.726
SPIN 4 15 12 11 -4.396 -1.401 3.703
SPIN 4 15 12 12 2.007 3.182 -4.566
SPIN 4 15 12 13 -1.874 -5.430 1.417
SPIN 4 15 12 14 -3.509 -4.614 1.182
SPIN 4 15 12 15 -4.715 -1.621 3.184
SPIN 1 15 13 0 3.751 -0.045 4.574
SPIN 1 15 13 1 5.770 -0.742 1.077
SPIN 1 15 13 2 -5.595 -1.253 1.457
SPIN 1 15 13 3 -0.751 -5.607 1.731
SPIN 1 15 13 4 1.401 -1.906 -5.423
SPIN 1 15 13 5 -5.832 -0.114 0.984
SPIN 1 15 13 6 -5.712 -1.393 0.658
SPIN 1 15 13 7 1.910 2.137 5.176
SPIN 1 15 13 8 1.170 3.811 -4.371
SPIN 1 15 13 9 0.645 -1.702 5.629
SPIN 1 15 13 10 3.282 -3.033 -3.877
SPIN 1 15 13 11 -3.747 1.649 -4.271
SPIN 1 15 13 12 1.912 0.698 5.555
SPIN 1 15 13 13 2.330 -2.340 4.909
SPIN 1 15 13 14 3.704 1.670 4.300
SPIN 1 15 13 15 -2.453 5.183 -1.455
SPIN 4 15 13 0 -2.849 -4.627 2.339
SPIN 4 15 13 1 1.066 5.384 -2.208
SPIN 4 15 13 2 0.657 5.546 -1.952
SPIN 4 15 13 3 -4.449 -1.124 -3.735
SPIN 4 15 13 4 -2.605 5.039 1.681
SPIN 4 15 13 5 -1.576 5.102 -2.546
SPIN 4 15 13 6 0.261 -4.415 -3.929
SPIN 4 15 13 7 2.511 1.106 5.241
SPIN 4 15 13 8 -2.659 5.192 0.988
SPIN 4 15 13 9 -3.814 -0.254 4.516
SPIN 4 15 13 10 0.854 -5.746 -1.118
SPIN 4 15 13 11 4.096 4.268 -0.087
SPIN 4 15 13 12 -5.255 -0.542 2.662
SPIN 4 15 13 13 2.820 4.456 -2.681
SPIN 4 15 13 14 3.745 4.120 2.000
SPIN 4 15 13 15 3.797 -0.407 -4.519
SPIN 1 15 14 0 4.204 -2.621 -3.234
SPIN 1 15 14 1 -5.557 1.801 0.937
SPIN 1 15 14 2 -3.201 4.824 1.215
SPIN 1 15 14 3 5.782 1.213 0.306
SPIN 1 15 14 4 -3.506 -4.510 -1.541
SPIN 1 15 14 5 4.834 -3.100 -1.423
SPIN 1 15 14 6 3.346 0.705 -4.828
SPIN 1 15 14 7 -2.863 -0.300 5.168
SPIN 1 15 14 8 5.513 -0.640 2.049
SPIN 1 15 14 9 3.736 -2.909 -3.546
SPIN 1 15 14 10 1.189 5.696 -1.068
SPIN 1 15 14 11 -4.017 -3.898 -1.915
SPIN 1 15 14 12 -2.292 -5.454 0.054
SPIN 1 15 14 13 3.977 -0.837 -4.299
SPIN 1 15 14 14 -5.211 2.448 1.361
SPIN 1 15 14 15 -4.408 1.909 3.453
SPIN 4 15 14 0 -0.314 -5.728 1.446
SPIN 4 15 14 1 2.797 5.178 -0.603
SPIN 4 15 14 2 -1.207 -2.839 -5.048
SPIN 4 15 14 3 -0.869 1.161 5.736
SPIN 4 15 14 4 -4.396 -1.387 -3.709
SPIN 4 15 14 5 -0.349 -2.800 5.200
SPIN 4 15 14 6 -0.775 -5.757 1.123
SPIN 4 15 14 7 -0.206 4.508 -3.826
SPIN 4 15 14 8 0.743 -4.883 3.257
SPIN 4 15 14 9 -2.619 4.756 -2.350
SPIN 4 15 14 10 3.482 -4.729 0.713
SPIN 4 15 14 11 -4.901 -1.108 -3.123
SPIN 4 15 14 12 -0.216 0.101 5.911
SPIN 4 15 14 13 -0.204 2.547 5.336
SPIN 4 15 14 14 2.141 -5.515 -0.023
SPIN 4 15 14 15 -4.392 3.459 1.935
SPIN 1 15 15 0 -3.280 4.807 1.063
SPIN 1 15 15 1 -2.818 -5.166 -0.609
SPIN 1 15 15 2 1.157 2.058 5.425
SPIN 1 15 15 3 -4.795 -0.876 -3.352
SPIN 1 15 15 4 1.395 0.008 5.749
SPIN 1 15 15 5 2.406 2.271 -4.904
SPIN 1 15 15 6 -1.277 5.486 1.809
SPIN 1 15 15 7 -2.436 -3.311 -4.254
SPIN 1 15 15 8 3.201 -3.090 -3.899
SPIN 1 15 15 9 -2.484 5.181 1.408
SPIN 1 15 15 10 -0.813 -3.597 -4.626
SPIN 1 15 15 11 -1.279 3.481 4.609
SPIN 1 15 15 12 -2.251 3.548 4.165
SPIN 1 15 15 13 -1.314 -1.217 -5.639
SPIN 1 15 15 14 5.352 -0.058 -2.519
SPIN 1 15 15 15 2.330 -3.659 -4.022
SPIN 4 15 15 0 -5.156 2.897 -0.145
SPIN 4 15 15 1 1.118 -5.630 1.433
SPIN 4 15 15 2 1.457 3.512 4.532
SPIN 4 15 15 3 3.908 4.415 -0.488
SPIN 4 15 15 4 -4.956 -3.173 0.613
SPIN 4 15 15 5 -1.904 5.595 -0.259
SPIN 4 15 15 6 4.229 -1.043 4.004
SPIN 4 15 15 7 -3.941 2.133 3.863
SPIN 4 15 15 8 -2.743 5.185 -0.773
SPIN 4 15 15 9 3.143 3.801 3.267
SPIN 4 15 15 10 1.233 4.601 3.508
SPIN 4 15 15 11 5.453 1.813 -1.404
SPIN 4 15 15 12 0.324 5.740 -1.396
SPIN 4 15 15 13 -5.517 2.137 0.029
SPIN 4 15 15 14 -5.746 0.778 1.176
SPIN 4 15 15 15 1.148 -5.789 -0.418
SPIN 3 15 0 0 -0.095 -5.790 -1.212
SPIN 3 15 0 1 -3.420 4.824 -0.169
SPIN 3 15 0 2 3.735 3.612 2.829
SPIN 3 15 0 3 -2.091 -5.494 -0.668
SPIN 3 15 0 4 -4.145 -4.048 1.197
SPIN 3 15 0 5 1.906 5.044 2.434
SPIN 3 15 0 6 4.573 3.469 1.436
SPIN 3 15 0 7 -2.091 2.659 -4.854
SPIN 3 15 0 8 -4.624 -2.793 -2.412
SPIN 3 15 0 9 -0.915 -4.461 3.776
SPIN 3 15 0 10 2.899 2.052 -4.731
SPIN 3 15 0 11 4.549 -3.728 -0.643
SPIN 3 15 0 12 0.010 4.320 -4.042
SPIN 3 15 0 13 -4.765 -3.382 0.927
SPIN 3 15 0 14 -1.332 4.712 -3.320
SPIN 3 15 0 15 4.456 1.690 3.505
SPIN 2 15 0 0 -1.136 5.380 -2.183
SPIN 2 15 0 1 5.484 -2.111 0.684
SPIN 2 15 0 2 3.574 2.715 3.854
SPIN 2 15 0 3 -4.680 -3.590 -0.461
SPIN 2 15 0 4 3.038 2.709 4.293
SPIN 2 15 0 5 -5.573 -0.382 -1.948
SPIN 2 15 0 6 -2.738 2.899 -4.371
SPIN 2 15 0 7 2.132 5.149 1.985
SPIN 2 15 0 8 -0.667 -4.536 3.739
SPIN 2 15 0 9 5.201 0.748 2.718
SPIN 2 15 0 10 -4.166 -3.702 -1.986
SPIN 2 15 0 11 -3.575 -2.188 -4.176
SPIN 2 15 0 12 3.600 4.695 -0.013
SPIN 2 15 0 13 -2.711 1.368 -5.078
SPIN 2 15 0 14 4.956 -2.108 2.448
SPIN 2 15 0 15 0.954 3.580 -4.612
SPIN 3 15 1 0 -0.119 -5.913 -0.161
SPIN 3 15 1 1 2.404 -0.655 -5.366
SPIN 3 15 1 2 0.149 3.051 -5.066
SPIN 3 15 1 3 4.783 -3.471 0.283
SPIN 3 15 1 4 0.098 0.442 -5.899
SPIN 3 15 1 5 -0.430 1.357 5.742
SPIN 3 15 1 6 4.480 -0.310 3.852
SPIN 3 15 1 7 -3.564 -0.854 -4.644
SPIN 3 15 1 8 2.526 1.143 -5.226
SPIN 3 15 1 9 -5.643 -1.776 -0.060
SPIN 3 15 1 10 -4.245 -2.571 -3.219
SPIN 3 15 1 11 0.196 -1.533 -5.711
SPIN 3 15 1 12 -5.699 1.528 0.429
SPIN 3 15 1 13 2.728 4.631 2.473
SPIN 3 15 1 14 -5.385 2.395 -0.514
SPIN 3 15 1 15 -4.315 -0.431 -4.025
SPIN 2 15 1 0 4.555 -2.245 3.035
SPIN 2 15 1 1 -4.020 4.338 0.161
SPIN 2 15 1 2 -2.795 3.264 4.066
SPIN 2 15 1 3 0.630 -1.795 -5.602
SPIN 2 15 1 4 -3.701 1.611 4.325
SPIN 2 15 1 5 3.337 4.872 0.367
SPIN 2 15 1 6 -3.314 -2.301 4.328
SPIN 2 15 1 7 -0.661 1.235 -5.748
SPIN 2 15 1 8 -5.125 1.926 2.242
SPIN 2 15 1 9 -1.679 4.572 -3.359
SPIN 2 15 1 10 1.222 -5.736 0.776
SPIN 2 15 1 11 5.761 0.340 -1.301
SPIN 2 15 1 12 3.333 -2.127 4.401
SPIN 2 15 1 13 1.160 -0.546 -5.776
SPIN 2 15 1 14 -5.023 -2.580 -1.764
SPIN 2 15 1 15 -0.834 4.337 -3.937
SPIN 3 15 2 0 3.743 -1.231 -4.413
SPIN 3 15 2 1 -0.397 5.416 2.347
SPIN 3 15 2 2 2.304 -5.449 0.050
SPIN 3 15 2 3 3.454 3.161 -3.616
SPIN 3 15 2 4 -5.168 -0.018 2.880
SPIN 3 15 2 5 2.148 5.505 -0.285
SPIN 3 15 2 6 -1.774 -0.491 5.622
SPIN 3 15 2 7 2.670 -4.934 -1.877
SPIN 3 15 2 8 2.385 -2.725 4.678
SPIN 3 15 2 9 5.778 0.901 -0.896
SPIN 3 15 2 10 -0.866 1.756 5.583
SPIN 3 15 2 11 4.917 -1.267 -3.036
SPIN 3 15 2 12 2.619 4.396 -2.969
SPIN 3 15 2 13 1.366 2.617 5.127
SPIN 3 15 2 14 4.755 3.141 -1.589
SPIN 3 15 2 15 -3.755 3.156 3.307
SPIN 2 15 2 0 -3.086 4.946 1.003
SPIN 2 15 2 1 1.203 5.220 2.510
SPIN 2 15 2 2 2.591 2.798 4.523
SPIN 2 15 2 3 -4.615 -2.044 -3.085
SPIN 2 15 2 4 -0.892 5.586 1.732
SPIN 2 15 2 5 4.667 -0.594 3.587
SPIN 2 15 2 6 2.070 5.512 0.580
SPIN 2 15 2 7 3.051 -3.953 3.173
SPIN 2 15 2 8 1.421 5.278 -2.263
SPIN 2 15 2 9 -2.460 -0.411 5.365
SPIN 2 15 2 10 -0.781 5.856 0.316
SPIN 2 15 2 11 -2.075 -4.949 -2.492
SPIN 2 15 2 12 2.932 -3.336 3.908
SPIN 2 15 2 13 -1.172 -5.363 2.206
SPIN 2 15 2 14 2.837 -1.112 -5.071
SPIN 2 15 2 15 4.071 -3.844 -1.910
SPIN 3 15 3 0 3.489 -0.934 -4.685
SPIN 3 15 3 1 4.086 -3.918 1.720
SPIN 3 15 3 2 -1.531 4.361 3.693
SPIN 3 15 3 3 2.635 -4.736 -2.374
SPIN 3 15 3 4 -5.246 0.931 2.572
SPIN 3 15 3 5 -5.224 -2.773 -0.147
SPIN 3 15 3 6 5.543 1.951 -0.687
SPIN 3 15 3 7 3.271 0.202 -4.925
SPIN 3 15 3 8 -1.937 -0.616 -5.556
SPIN 3 15 3 9 2.290 -0.543 5.428
SPIN 3 15 3 10 5.826 0.475 -0.915
SPIN 3 15 3 11 4.790 -2.191 2.694
SPIN 3 15 3 12 -0.937 -3.008 5.007
SPIN 3 15 3 13 1.859 -3.204 -4.612
SPIN 3 15 3 14 -2.596 -4.494 2.840
SPIN 3 15 3 15 -4.574 2.020 3.162
SPIN 2 15 3 0 5.248 2.429 -1.250
SPIN 2 15 3 1 2.863 5.106 0.854
SPIN 2 15 3 2 -3.437 -1.420 -4.601
SPIN 2 15 3 3 -3.051 1.175 -4.931
SPIN 2 15 3 4 -1.470 5.304 2.169
SPIN 2 15 3 5 -1.795 0.598 -5.605
SPIN 2 15 3 6 -1.745 -4.978 -2.679
SPIN 2 15 3 7 1.225 3.880 -4.294
SPIN 2 15 3 8 -4.555 -2.951 -2.354
SPIN 2 15 3 9 2.643 -4.525 -2.745
SPIN 2 15 3 10 2.576 5.120 -1.465
SPIN 2 15 3 11 3.661 4.647 -0.086
SPIN 2 15 3 12 -4.248 -3.933 -1.221
SPIN 2 15 3 13 1.420 2.719 5.059
SPIN 2 15 3 14 1.444 -4.545 -3.501
SPIN 2 15 3 15 0.703 1.401 -5.705
SPIN 3 15 4 0 1.580 -1.686 -5.446
SPIN 3 15 4 1 -0.670 0.125 5.877
SPIN 3 15 4 2 1.084 -2.869 5.059
SPIN 3 15 4 3 -2.198 -2.436 -4.923
SPIN 3 15 4 4 -2.686 0.605 -5.236
SPIN 3 15 4 5 -1.494 -5.292 -2.182
SPIN 3 15 4 6 -5.399 -1.468 1.921
SPIN 3 15 4 7 1.034 3.077 4.946
SPIN 3 15 4 8 -5.539 -0.640 -1.979
SPIN 3 15 4 9 4.122 1.107 -4.097
SPIN 3 15 4 10 -3.037 -2.099 4.623
SPIN 3 15 4 11 2.990 4.999 -1.036
SPIN 3 15 4 12 2.784 -5.214 0.258
SPIN 3 15 4 13 3.254 4.784 -1.236
SPIN 3 15 4 14 0.067 -0.496 -5.895
SPIN 3 15 4 15 -4.582 2.285 2.964
SPIN 2 15 4 0 -0.178 -3.085 5.045
SPIN 2 15 4 1 1.681 -2.746 -4.963
SPIN 2 15 4 2 -1.014 -4.696 -3.452
SPIN 2 15 4 3 -2.258 -5.043 -2.113
SPIN 2 15 4 4 4.895 -2.307 -2.391
SPIN 2 15 4 5 -0.308 4.351 -3.997
SPIN 2 15 4 6 -2.462 -0.481 -5.358
SPIN 2 15 4 7 3.077 -1.688 -4.763
SPIN 2 15 4 8 5.025 -1.829 -2.530
SPIN 2 15 4 9 -5.002 3.029 -0.899
SPIN 2 15 4 10 3.359 4.829 -0.631
SPIN 2 15 4 11 3.113 -2.297 -4.476
SPIN 2 15 4 12 -1.794 5.394 -1.637
SPIN 2 15 4 13 -2.952 -4.946 -1.349
SPIN 2 15 4 14 4.210 0.386 -4.138
SPIN 2 15 4 15 -5.469 -0.331 2.231
SPIN 3 15 5 0 4.213 1.749 -3.767
SPIN 3 15 5 1 -3.759 0.238 -4.562
SPIN 3 15 5 2 -2.575 3.199 -4.259
SPIN 3 15 5 3 -2.478 0.492 5.350
SPIN 3 15 5 4 -2.544 -1.837 -5.015
SPIN 3 15 5 5 -5.725 0.850 1.226
SPIN 3 15 5 6 5.170 1.862 -2.192
SPIN 3 15 5 7 -4.739 -3.534 0.220
SPIN 3 15 5 8 5.641 -0.490 -1.716
SPIN 3 15 5 9 1.678 -2.090 5.274
SPIN 3 15 5 10 -3.700 -4.378 -1.464
SPIN 3 15 5 11 -0.143 -5.059 -3.063
SPIN 3 15 5 12 -1.625 0.473 5.669
SPIN 3 15 5 13 -1.669 4.842 -2.962
SPIN 3 15 5 14 -4.169 0.975 4.082
SPIN 3 15 5 15 -1.674 -2.046 -5.293
SPIN 2 15 5 0 5.050 -1.067 2.892
SPIN 2 15 5 1 -2.391 4.875 2.350
SPIN 2 15 5 2 2.362 3.600 -4.057
SPIN 2 15 5 3 0.568 5.384 2.385
SPIN 2 15 5 4 1.473 4.360 -3.717
SPIN 2 15 5 5 2.907 3.184 -4.051
SPIN 2 15 5 6 4.835 -0.206 -3.403
SPIN 2 15 5 7 1.785 -1.596 5.410
SPIN 2 15 5 8 -5.483 2.024 0.917
SPIN 2 15 5 9 1.582 1.508 -5.498
SPIN 2 15 5 10 -3.487 4.122 -2.420
SPIN 2 15 5 11 3.897 3.961 -2.030
SPIN 2 15 5 12 -5.232 -2.674 -0.693
SPIN 2 15 5 13 0.346 0.748 5.858
SPIN 2 15 5 14 -4.704 -3.463 -0.936
SPIN 2 15 5 15 -1.033 1.267 5.686
SPIN 3 15 6 0 -4.106 4.232 0.487
SPIN 3 15 6 1 -0.782 -3.395 4.782
SPIN 3 15 6 2 -0.426 0.554 5.875
SPIN 3 15 6 3 1.351 -5.758 0.157
SPIN 3 15 6 4 3.494 4.303 2.067
SPIN 3 15 6 5 -5.134 -0.311 -2.924
SPIN 3 15 6 6 -4.772 3.457 -0.527
SPIN 3 15 6 7 -3.312 4.875 0.516
SPIN 3 15 6 8 4.869 -3.327 0.472
SPIN 3 15 6 9 3.751 2.776 -3.637
SPIN 3 15 6 10 -4.730 0.329 3.538
SPIN 3 15 6 11 1.938 -1.993 5.222
SPIN 3 15 6 12 -2.341 -0.846 -5.367
SPIN 3 15 6 13 3.209 4.492 -2.128
SPIN 3 15 6 14 -2.572 4.257 -3.203
SPIN 3 15 6 15 4.111 -3.242 2.754
SPIN 2 15 6 0 -1.547 -1.705 5.450
SPIN 2 15 6 1 2.410 3.833 -3.808
SPIN 2 15 6 2 3.438 0.931 -4.724
SPIN 2 15 6 3 -3.258 0.534 4.909
SPIN 2 15 6 4 2.697 3.776 -3.670
SPIN 2 15 6 5 3.281 2.751 4.082
SPIN 2 15 6 6 4.727 1.705 3.122
SPIN 2 15 6 7 -3.482 -2.884 -3.815
SPIN 2 15 6 8 -4.022 4.248 -0.882
SPIN 2 15 6 9 -2.209 -5.034 -2.186
SPIN 2 15 6 10 -5.185 2.461 1.436
SPIN 2 15 6 11 5.754 0.442 1.304
SPIN 2 15 6 12 3.020 3.699 3.492
SPIN 2 15 6 13 2.032 3.988 -3.869
SPIN 2 15 6 14 -4.632 3.567 -0.907
SPIN 2 15 6 15 2.001 -1.533 5.352
SPIN 3 15 7 0 0.090 -2.265 5.465
SPIN 3 15 7 1 -0.109 -3.664 -4.644
SPIN 3 15 7 2 -0.458 1.212 -5.772
SPIN 3 15 7 3 4.902 2.916 -1.573
SPIN 3 15 7 4 -5.765 0.501 -1.230
SPIN 3 15 7 5 2.594 -3.226 4.227
SPIN 3 15 7 6 -0.478 5.888 -0.322
SPIN 3 15 7 7 1.204 -2.452 -5.248
SPIN 3 15 7 8 -4.235 3.766 -1.699
SPIN 3 15 7 9 -4.168 -1.849 -3.770
SPIN 3 15 7 10 4.042 -0.167 4.317
SPIN 3 15 7 11 -2.402 -2.527 -4.780
SPIN 3 15 7 12 -5.586 -1.550 1.182
SPIN 3 15 7 13 2.048 -4.837 2.723
SPIN 3 15 7 14 -5.595 -1.516 1.182
SPIN 3 15 7 15 -3.992 4.324 -0.608
SPIN 2 15 7 0 -5.591 -1.921 -0.233
SPIN 2 15 7 1 -5.704 0.419 1.512
SPIN 2 15 7 2 -4.722 3.166 1.637
SPIN 2 15 7 3 3.387 3.715 -3.119
SPIN 2 15 7 4 -3.974 3.591 2.512
SPIN 2 15 7 5 3.073 1.717 -4.755
SPIN 2 15 7 6 4.319 -3.072 -2.628
SPIN 2 15 7 7 -1.056 -2.176 -5.399
SPIN 2 15 7 8 -2.617 -5.306 -0.033
SPIN 2 15 7 9 1.252 -1.645 5.543
SPIN 2 15 7 10 1.008 3.759 -4.455
SPIN 2 15 7 11 0.786 5.575 1.818
SPIN 2 15 7 12 -1.575 -1.690 5.446
SPIN 2 15 7 13 -2.064 2.349 5.022
SPIN 2 15 7 14 1.547 -2.475 -5.146
SPIN 2 15 7 15 1.306 3.554 4.546
SPIN 3 15 8 0 -3.769 2.561 -3.773
SPIN 3 15 8 1 5.323 2.527 -0.529
SPIN 3 15 8 2 5.306 -2.468 0.867
SPIN 3 15 8 3 -2.464 -3.004 4.461
SPIN 3 15 8 4 -1.951 5.535 0.744
SPIN 3 15 8 5 -0.720 2.358 5.378
SPIN 3 15 8 6 -1.252 -3.238 -4.790
SPIN 3 15 8 7 2.039 5.553 -0.083
SPIN 3 15 8 8 3.023 0.268 5.078
SPIN 3 15 8 9 4.950 -1.395 -2.924
SPIN 3 15 8 10 0.656 0.336 -5.870
SPIN 3 15 8 11 1.795 5.474 -1.346
SPIN 3 15 8 12 -5.441 2.233 0.641
SPIN 3 15 8 13 -1.161 2.496 5.237
SPIN 3 15 8 14 4.127 1.067 4.102
SPIN 3 15 8 15 -0.062 -3.118 5.028
SPIN 2 15 8 0 -0.297 2.455 -5.374
SPIN 2 15 8 1 2.582 -5.236 0.960
SPIN 2 15 8 2 2.070 -2.296 -5.044
SPIN 2 15 8 3 -2.122 3.806 4.001
SPIN 2 15 8 4 2.544 -3.667 -3.883
SPIN 2 15 8 5 -2.047 -1.946 5.198
SPIN 2 15 8 6 -1.939 -3.378 -4.453
SPIN 2 15 8 7 -2.450 -5.380 0.232
SPIN 2 15 8 8 0.278 5.895 -0.418
SPIN 2 15 8 9 -1.456 -3.785 -4.308
SPIN 2 15 8 10 2.766 0.074 5.229
SPIN 2 15 8 11 -0.796 4.224 4.065
SPIN 2 15 8 12 0.305 -3.600 -4.685
SPIN 2 15 8 13 -2.580 -4.378 3.030
SPIN 2 15 8 14 0.915 3.015 5.007
SPIN 2 15 8 15 2.440 -1.975 5.015
SPIN 3 15 9 0 -2.807 -3.281 4.044
SPIN 3 15 9 1 -0.038 4.369 3.989
SPIN 3 15 9 2 5.306 -0.736 -2.510
SPIN 3 15 9 3 1.654 5.676 0.204
SPIN 3 15 9 4 3.032 -4.837 -1.555
SPIN 3 15 9 5 -3.703 2.873 -3.610
SPIN 3 15 9 6 1.417 -5.729 0.414
SPIN 3 15 9 7 -5.728 -0.871 1.198
SPIN 3 15 9 8 -5.491 -0.343 2.174
SPIN 3 15 9 9 0.267 5.910 0.065
SPIN 3 15 9 10 2.195 5.418 0.910
SPIN 3 15 9 11 4.696 3.376 1.243
SPIN 3 15 9 12 3.509 4.599 1.238
SPIN 3 15 9 13 3.446 -2.646 4.015
SPIN 3 15 9 14 -3.529 4.383 -1.827
SPIN 3 15 9 15 3.688 -0.700 -4.573
SPIN 2 15 9 0 -1.384 -5.730 0.506
SPIN 2 15 9 1 2.881 0.823 -5.101
SPIN 2 15 9 2 2.486 2.422 4.791
SPIN 2 15 9 3 -2.709 2.127 4.810
SPIN 2 15 9 4 4.819 -1.239 3.201
SPIN 2 15 9 5 -4.490 3.844 0.264
SPIN 2 15 9 6 -2.406 -5.043 1.943
SPIN 2 15 9 7 -4.900 -3.314 0.079
SPIN 2 15 9 8 -5.014 1.862 -2.527
SPIN 2 15 9 9 4.047 4.143 1.207
SPIN 2 15 9 10 3.354 0.113 -4.872
SPIN 2 15 9 11 -2.909 -4.325 -2.800
SPIN 2 15 9 12 -1.234 5.295 2.333
SPIN 2 15 9 13 1.941 -5.521 0.864
SPIN 2 15 9 14 -1.537 2.928 -4.905
SPIN 2 15 9 15 1.936 -1.991 5.224
SPIN 3 15 10 0 -0.325 5.302 -2.605
SPIN 3 15 10 1 1.154 -1.724 5.541
SPIN 3 15 10 2 -0.046 1.978 5.575
SPIN 3 15 10 3 -1.012 -4.944 3.087
SPIN 3 15 10 4 -1.648 5.682 0.043
SPIN 3 15 10 5 4.611 0.250 3.698
SPIN 3 15 10 6 -5.468 -2.094 -0.846
SPIN 3 15 10 7 5.092 1.144 2.787
SPIN 3 15 10 8 3.383 4.144 -2.526
SPIN 3 15 10 9 -5.143 2.585 -1.367
SPIN 3 15 10 10 -2.623 -1.077 5.193
SPIN 3 15 10 11 -0.912 5.816 -0.587
SPIN 3 15 10 12 -4.296 -2.862 2.890
SPIN 3 15 10 13 2.328 5.250 1.421
SPIN 3 15 10 14 -0.619 -4.565 -3.712
SPIN 3 15 10 15 -0.056 -1.775 -5.643
SPIN 2 15 10 0 0.825 -5.807 -0.774
SPIN 2 15 10 1 1.548 -0.711 5.665
SPIN 2 15 10 2 -5.381 0.513 -2.405
SPIN 2 15 10 3 0.945 4.626 3.565
SPIN 2 15 10 4 -5.492 -2.155 0.440
SPIN 2 15 10 5 2.215 -5.217 -1.695
SPIN 2 15 10 6 4.796 2.634 -2.250
SPIN 2 15 10 7 -3.556 -1.838 -4.356
SPIN 2 15 10 8 -1.789 5.549 1.002
SPIN 2 15 10 9 5.350 -2.098 -1.408
SPIN 2 15 10 10 1.904 -1.910 5.266
SPIN 2 15 10 11 -2.044 -0.157 -5.550
SPIN 2 15 10 12 0.143 -0.862 -5.851
SPIN 2 15 10 13 2.664 1.147 -5.156
SPIN 2 15 10 14 3.037 -1.536 4.839
SPIN 2 15 10 15 -0.138 5.890 -0.538
SPIN 3 15 11 0 -2.297 0.875 -5.381
SPIN 3 15 11 1 0.209 2.388 5.409
SPIN 3 15 11 2 -5.440 -2.310 0.259
SPIN 3 15 11 3 -0.839 0.477 -5.837
SPIN 3 15 11 4 0.623 -3.556 4.687
SPIN 3 15 11 5 -3.235 1.579 4.695
SPIN 3 15 11 6 5.318 1.110 2.342
SPIN 3 15 11 7 3.705 4.607 -0.208
SPIN 3 15 11 8 -1.708 -4.819 -2.977
SPIN 3 15 11 9 3.385 -2.124 -4.362
SPIN 3 15 11 10 3.959 2.974 3.238
SPIN 3 15 11 11 -5.157 1.424 -2.526
SPIN 3 15 11 12 0.673 5.682 1.505
SPIN 3 15 11 13 1.936 -5.585 0.258
SPIN 3 15 11 14 5.195 1.157 -2.584
SPIN 3 15 11 15 5.689 -1.544 0.501
SPIN 2 15 11 0 4.544 -1.411 3.516
SPIN 2 15 11 1 2.474 1.329 -5.207
SPIN 2 15 11 2 -0.757 5.685 -1.453
SPIN 2 15 11 3 -0.723 5.576 1.841
SPIN 2 15 11 4 4.445 -0.942 -3.789
SPIN 2 15 11 5 3.793 2.372 3.871
SPIN 2 15 11 6 -3.147 -4.952 0.761
SPIN 2 15 11 7 3.979 -0.879 -4.289
SPIN 2 15 11 8 1.805 0.029 5.634
SPIN 2 15 11 9 4.440 3.848 -0.693
SPIN 2 15 11 10 -4.782 1.947 -2.889
SPIN 2 15 11 11 0.619 4.157 4.164
SPIN 2 15 11 12 2.299 -5.437 -0.399
SPIN 2 15 11 13 -3.925 1.696 -4.089
SPIN 2 15 11 14 3.576 4.707 -0.235
SPIN 2 15 11 15 -5.043 -2.368 1.991
SPIN 3 15 12 0 -5.888 0.219 0.529
SPIN 3 15 12 1 4.819 3.151 1.360
SPIN 3 15 12 2 -0.378 -2.066 5.531
SPIN 3 15 12 3 -4.670 0.770 3.550
SPIN 3 15 12 4 -2.470 3.797 3.805
SPIN 3 15 12 5 -0.742 3.478 -4.728
SPIN 3 15 12 6 -4.409 -3.945 -0.004
SPIN 3 15 12 7 -2.406 -4.389 -3.154
SPIN 3 15 12 8 -4.624 -3.100 -2.002
SPIN 3 15 12 9 -3.643 4.656 -0.222
SPIN 3 15 12 10 -1.494 -4.434 3.621
SPIN 3 15 12 11 -4.441 2.819 -2.708
SPIN 3 15 12 12 5.241 -2.069 -1.805
SPIN 3 15 12 13 0.942 0.645 -5.805
SPIN 3 15 12 14 -1.131 3.374 4.726
SPIN 3 15 12 15 1.548 -5.599 1.122
SPIN 2 15 12 0 0.955 5.600 -1.652
SPIN 2 15 12 1 -4.036 -4.244 0.837
SPIN 2 15 12 2 3.720 4.536 -0.768
SPIN 2 15 12 3 -1.528 -4.623 3.360
SPIN 2 15 12 4 5.138 -0.583 2.874
SPIN 2 15 12 5 2.489 -1.818 -5.050
SPIN 2 15 12 6 3.158 4.995 -0.273
SPIN 2 15 12 7 0.737 5.690 1.441
SPIN 2 15 12 8 -3.253 2.907 3.995
SPIN 2 15 12 9 -2.497 -0.365 -5.351
SPIN 2 15 12 10 -1.342 -5.736 0.545
SPIN 2 15 12 11 4.011 4.347 -0.110
SPIN 2 15 12 12 -0.176 -3.827 4.508
SPIN 2 15 12 13 2.386 5.399 0.397
SPIN 2 15 12 14 -0.841 -5.793 -0.856
SPIN 2 15 12 15 -2.039 2.740 4.831
SPIN 3 15 13 0 4.457 3.718 -1.144
SPIN 3 15 13 1 1.180 -1.592 -5.574
SPIN 3 15 13 2 -2.645 5.289 0.170
SPIN 3 15 13 3 3.821 -0.241 -4.510
SPIN 3 15 13 4 4.938 -1.800 -2.715
SPIN 3 15 13 5 1.678 -3.521 4.448
SPIN 3 15 13 6 -1.436 2.179 -5.309
SPIN 3 15 13 7 1.249 -1.711 5.524
SPIN 3 15 13 8 -3.875 4.407 -0.754
SPIN 3 15 13 9 5.891 -0.090 0.532
SPIN 3 15 13 10 -3.890 -1.822 -4.068
SPIN 3 15 13 11 2.005 -0.157 -5.564
SPIN 3 15 13 12 4.868 -0.514 3.322
SPIN 3 15 13 13 3.528 -4.475 1.589
SPIN 3 15 13 14 1.173 0.126 -5.797
SPIN 3 15 13 15 -2.507 0.924 5.278
SPIN 2 15 13 0 -5.202 1.758 2.201
SPIN 2 15 13 1 -2.396 -0.539 -5.382
SPIN 2 15 13 2 3.991 1.819 3.970
SPIN 2 15 13 3 -5.867 0.727 -0.224
SPIN 2 15 13 4 0.764 -1.703 5.614
SPIN 2 15 13 5 -5.097 2.515 1.641
SPIN 2 15 13 6 4.372 1.300 3.768
SPIN 2 15 13 7 -3.413 3.817 -2.963
SPIN 2 15 13 8 1.168 -2.877 -5.036
SPIN 2 15 13 9 -2.421 -2.374 4.848
SPIN 2 15 13 10 -0.068 4.560 -3.769
SPIN 2 15 13 11 1.703 0.469 5.646
SPIN 2 15 13 12 1.263 -3.703 -4.438
SPIN 2 15 13 13 -5.477 -2.221 0.266
SPIN 2 15 13 14 -0.194 4.245 -4.116
SPIN 2 15 13 15 -1.935 -5.587 0.193
SPIN 3 15 14 0 -3.470 -1.031 4.679
SPIN 3 15 14 1 4.318 3.136 -2.553
SPIN 3 15 14 2 -1.628 -5.681 -0.278
SPIN 3 15 14 3 3.185 4.396 -2.351
SPIN 3 15 14 4 -3.752 -4.544 -0.520
SPIN 3 15 14 5 -5.544 0.620 -1.969
SPIN 3 15 14 6 -4.963 3.214 -0.194
SPIN 3 15 14 7 0.563 -2.585 -5.292
SPIN 3 15 14 8 -5.068 3.002 -0.553
SPIN 3 15 14 9 4.548 -2.556 -2.790
SPIN 3 15 14 10 -0.380 -5.452 2.266
SPIN 3 15 14 11 2.711 -4.733 -2.291
SPIN 3 15 14 12 -3.364 4.416 -2.044
SPIN 3 15 14 13 -4.856 -3.313 0.669
SPIN 3 15 14 14 -1.695 5.652 -0.426
SPIN 3 15 14 15 2.544 -2.458 4.742
SPIN 2 15 14 0 0.669 -0.100 5.877
SPIN 2 15 14 1 2.610 -2.527 -4.669
SPIN 2 15 14 2 0.480 -5.802 1.054
SPIN 2 15 14 3 5.226 1.551 2.298
SPIN 2 15 14 4 -4.258 4.062 -0.610
SPIN 2 15 14 5 4.244 -3.452 -2.253
SPIN 2 15 14 6 3.609 0.226 -4.682
SPIN 2 15 14 7 2.200 3.330 4.367
SPIN 2 15 14 8 -4.372 3.530 1.852
SPIN 2 15 14 9 5.684 1.444 0.776
SPIN 2 15 14 10 -1.650 -4.650 3.264
SPIN 2 15 14 11 2.990 5.021 -0.921
SPIN 2 15 14 12 -5.156 1.939 2.156
SPIN 2 15 14 13 4.995 1.578 -2.749
SPIN 2 15 14 14 4.243 -0.555 -4.085
SPIN 2 15 14 15 4.464 3.589 1.479
SPIN 3 15 15 0 3.183 0.859 -4.912
SPIN 3 15 15 1 -0.060 4.207 4.159
SPIN 3 15 15 2 1.345 -0.383 -5.749
SPIN 3 15 15 3 -0.673 0.326 5.869
SPIN 3 15 15 4 1.444 3.950 -4.160
SPIN 3 15 15 5 1.769 -0.665 5.606
SPIN 3 15 15 6 2.468 4.581 2.815
SPIN 3 15 15 7 -5.074 -1.649 2.556
SPIN 3 15 15 8 2.336 3.172 -4.414
SPIN 3 15 15 9 -4.731 -3.270 -1.387
SPIN 3 15 15 10 -0.061 -0.781 -5.864
SPIN 3 15 15 11 5.535 0.685 1.974
SPIN 3 15 15 12 0.628 1.771 5.610
SPIN 3 15 15 13 1.119 0.906 5.738
SPIN 3 15 15 14 3.075 -4.822 -1.515
SPIN 3 15 15 15 0.077 5.681 -1.649
SPIN 2 15 15 0 -1.593 -5.559 -1.247
SPIN 2 15 15 1 2.600 -5.304 0.328
SPIN 2 15 15 2 -1.643 2.785 4.954
SPIN 2 15 15 3 5.615 -0.210 1.850
SPIN 2 15 15 4 -0.532 -5.695 1.511
SPIN 2 15 15 5 1.519 4.626 -3.361
SPIN 2 15 15 6 0.509 -5.843 0.772
SPIN 2 15 15 7 4.105 -2.872 -3.146
SPIN 2 15 15 8 5.366 -0.869 2.335
SPIN 2 15 15 9 -5.560 -1.332 -1.521
SPIN 2 15 15 10 4.421 1.959 -3.409
SPIN 2 15 15 11 -4.817 -3.255 -1.098
SPIN 2 15 15 12 1.158 -4.941 3.040
SPIN 2 15 15 13 5.908 0.317 -0.025
SPIN 2 15 15 14 -4.169 -2.620 3.280
SPIN 2 15 15 15 1.352 -5.743 0.435
