TITLE MnO_160K_J1J2_MC_06
CELL 4.4344 4.4344 4.4344 90 90 90
SITE 0 0 0
SITE 0.5 0.5 0
SITE 0.5 0 0.5
SITE 0 0.5 0.5
BOX 16 16 16
FORM_FACTOR_J0 0.4220 17.6840 0.5948 6.0050 0.0043 -0.6090 -0.0219
SPIN 1 0 0 0 1.003 4.144 4.102
SPIN 1 0 0 1 -0.981 0.816 -5.777
SPIN 1 0 0 2 3.618 0.675 4.632
SPIN 1 0 0 3 0.086 3.524 4.751
SPIN 1 0 0 4 -2.639 4.873 -2.071
SPIN 1 0 0 5 0.723 -1.073 -5.773
SPIN 1 0 0 6 -3.395 -4.023 2.700
SPIN 1 0 0 7 1.785 4.470 -3.439
SPIN 1 0 0 8 5.365 1.121 2.228
SPIN 1 0 0 9 4.652 -2.120 2.978
SPIN 1 0 0 10 -5.623 -0.081 -1.839
SPIN 1 0 0 11 5.418 -0.471 -2.329
SPIN 1 0 0 12 -2.638 2.235 4.801
SPIN 1 0 0 13 0.411 3.366 4.848
SPIN 1 0 0 14 2.630 4.041 -3.428
SPIN 1 0 0 15 4.764 0.670 3.443
SPIN 4 0 0 0 -0.379 4.065 -4.282
SPIN 4 0 0 1 -5.273 -2.540 0.859
SPIN 4 0 0 2 1.335 -2.113 5.362
SPIN 4 0 0 3 -2.899 -5.114 -0.666
SPIN 4 0 0 4 3.746 1.969 4.134
SPIN 4 0 0 5 -2.139 -0.008 -5.516
SPIN 4 0 0 6 -2.953 4.838 -1.696
SPIN 4 0 0 7 -5.327 2.148 1.417
SPIN 4 0 0 8 -3.392 4.600 -1.528
SPIN 4 0 0 9 -4.607 -3.458 1.345
SPIN 4 0 0 10 2.337 -3.845 -3.841
SPIN 4 0 0 11 2.862 -0.024 -5.178
SPIN 4 0 0 12 2.056 -3.737 4.100
SPIN 4 0 0 13 -1.449 2.541 -5.142
SPIN 4 0 0 14 0.807 -5.233 2.638
SPIN 4 0 0 15 -2.021 -5.397 1.338
SPIN 1 0 1 0 2.059 2.843 4.762
SPIN 1 0 1 1 -0.710 -3.291 4.865
SPIN 1 0 1 2 1.664 -5.677 0.035
SPIN 1 0 1 3 -5.245 -2.614 -0.813
SPIN 1 0 1 4 2.944 5.131 0.068
SPIN 1 0 1 5 1.943 -4.431 3.405
SPIN 1 0 1 6 4.169 1.913 3.736
SPIN 1 0 1 7 5.824 -0.880 -0.558
SPIN 1 0 1 8 -1.312 -1.786 -5.485
SPIN 1 0 1 9 -4.763 -1.998 2.885
SPIN 1 0 1 10 -3.208 4.559 -1.981
SPIN 1 0 1 11 -5.912 -0.053 -0.226
SPIN 1 0 1 12 5.222 -2.415 1.377
SPIN 1 0 1 13 0.662 0.150 5.877
SPIN 1 0 1 14 5.205 0.682 -2.728
SPIN 1 0 1 15 4.758 -0.719 -3.442
SPIN 4 0 1 0 -5.090 1.150 -2.787
SPIN 4 0 1 1 -0.431 5.155 -2.870
SPIN 4 0 1 2 -4.609 -3.567 1.017
SPIN 4 0 1 3 3.771 -1.092 4.426
SPIN 4 0 1 4 2.145 5.089 2.121
SPIN 4 0 1 5 0.266 5.888 -0.507
SPIN 4 0 1 6 -4.339 2.229 3.347
SPIN 4 0 1 7 0.173 -4.136 -4.226
SPIN 4 0 1 8 2.100 0.719 -5.484
SPIN 4 0 1 9 5.652 1.541 0.822
SPIN 4 0 1 10 4.232 -1.243 3.942
SPIN 4 0 1 11 -3.316 -0.636 4.858
SPIN 4 0 1 12 2.549 3.169 -4.297
SPIN 4 0 1 13 1.244 -5.616 -1.384
SPIN 4 0 1 14 0.067 -2.636 5.296
SPIN 4 0 1 15 4.043 2.519 3.509
SPIN 1 0 2 0 3.180 2.166 4.494
SPIN 1 0 2 1 -4.200 4.156 -0.285
SPIN 1 0 2 2 -0.911 5.667 1.434
SPIN 1 0 2 3 -1.360 3.936 4.202
SPIN 1 0 2 4 -1.295 -5.125 2.657
SPIN 1 0 2 5 4.312 -0.120 -4.049
SPIN 1 0 2 6 0.580 2.485 5.337
SPIN 1 0 2 7 -2.000 -5.568 -0.028
SPIN 1 0 2 8 0.501 -3.279 4.899
SPIN 1 0 2 9 -2.668 -0.402 -5.265
SPIN 1 0 2 10 -1.720 -1.188 5.535
SPIN 1 0 2 11 0.496 -4.277 4.057
SPIN 1 0 2 12 -5.867 -0.051 -0.762
SPIN 1 0 2 13 -3.752 -1.713 -4.241
SPIN 1 0 2 14 0.413 -0.741 -5.855
SPIN 1 0 2 15 -4.442 3.429 -1.875
SPIN 4 0 2 0 -5.789 -0.260 -1.191
SPIN 4 0 2 1 3.363 -0.632 -4.826
SPIN 4 0 2 2 0.931 0.223 5.838
SPIN 4 0 2 3 2.140 0.513 -5.492
SPIN 4 0 2 4 3.103 3.368 3.746
SPIN 4 0 2 5 -1.733 1.647 5.411
SPIN 4 0 2 6 0.213 -5.523 2.110
SPIN 4 0 2 7 -0.789 -1.924 -5.539
SPIN 4 0 2 8 4.175 3.248 2.649
SPIN 4 0 2 9 -0.231 5.848 0.868
SPIN 4 0 2 10 -3.437 3.703 -3.078
SPIN 4 0 2 11 -0.838 -4.514 -3.732
SPIN 4 0 2 12 -0.438 -0.702 5.858
SPIN 4 0 2 13 3.708 4.172 -1.961
SPIN 4 0 2 14 -5.413 -0.734 2.271
SPIN 4 0 2 15 1.755 -5.618 -0.598
SPIN 1 0 3 0 3.323 2.657 -4.111
SPIN 1 0 3 1 -0.257 -4.782 3.473
SPIN 1 0 3 2 -2.238 5.304 1.364
SPIN 1 0 3 3 -2.071 -4.671 -2.982
SPIN 1 0 3 4 -4.298 -4.017 -0.629
SPIN 1 0 3 5 0.127 3.775 4.554
SPIN 1 0 3 6 1.933 3.547 -4.323
SPIN 1 0 3 7 -0.709 -5.537 1.959
SPIN 1 0 3 8 1.021 2.401 -5.310
SPIN 1 0 3 9 3.739 -4.471 -1.016
SPIN 1 0 3 10 -5.160 2.147 1.940
SPIN 1 0 3 11 3.245 -2.222 -4.420
SPIN 1 0 3 12 -2.294 2.049 5.054
SPIN 1 0 3 13 -2.079 -5.130 2.087
SPIN 1 0 3 14 3.930 -4.401 -0.432
SPIN 1 0 3 15 2.695 -0.796 -5.206
SPIN 4 0 3 0 -3.716 -2.414 -3.919
SPIN 4 0 3 1 -3.495 -4.460 1.701
SPIN 4 0 3 2 3.378 0.574 -4.823
SPIN 4 0 3 3 -3.714 0.604 4.565
SPIN 4 0 3 4 0.371 -2.365 5.410
SPIN 4 0 3 5 -0.512 -5.892 0.166
SPIN 4 0 3 6 1.166 5.083 -2.794
SPIN 4 0 3 7 2.118 2.306 5.020
SPIN 4 0 3 8 5.217 -2.411 -1.405
SPIN 4 0 3 9 3.386 -1.183 4.705
SPIN 4 0 3 10 0.567 3.320 -4.864
SPIN 4 0 3 11 3.851 4.464 -0.495
SPIN 4 0 3 12 0.790 -5.489 2.060
SPIN 4 0 3 13 -0.059 5.651 -1.751
SPIN 4 0 3 14 -5.590 1.124 -1.579
SPIN 4 0 3 15 1.730 5.119 2.408
SPIN 1 0 4 0 0.947 -5.718 1.189
SPIN 1 0 4 1 -5.575 1.736 0.952
SPIN 1 0 4 2 1.717 -1.160 5.541
SPIN 1 0 4 3 1.133 -5.619 -1.465
SPIN 1 0 4 4 -3.755 -1.019 4.456
SPIN 1 0 4 5 -3.705 -0.770 -4.548
SPIN 1 0 4 6 2.156 4.733 2.820
SPIN 1 0 4 7 1.203 5.031 2.871
SPIN 1 0 4 8 -5.025 3.104 0.342
SPIN 1 0 4 9 -2.722 1.374 -5.070
SPIN 1 0 4 10 3.121 -2.784 -4.184
SPIN 1 0 4 11 1.185 -5.796 0.019
SPIN 1 0 4 12 -2.982 4.953 -1.255
SPIN 1 0 4 13 0.045 -3.464 -4.796
SPIN 1 0 4 14 -4.734 -2.567 -2.450
SPIN 1 0 4 15 5.085 1.369 2.695
SPIN 4 0 4 0 3.676 3.649 2.858
SPIN 4 0 4 1 3.060 3.375 3.775
SPIN 4 0 4 2 0.827 -3.466 -4.722
SPIN 4 0 4 3 4.196 4.159 0.305
SPIN 4 0 4 4 -1.297 -5.431 1.955
SPIN 4 0 4 5 3.365 4.860 0.229
SPIN 4 0 4 6 3.668 -2.258 4.055
SPIN 4 0 4 7 0.940 -1.852 -5.540
SPIN 4 0 4 8 -2.767 -3.384 -3.987
SPIN 4 0 4 9 0.664 -4.133 4.180
SPIN 4 0 4 10 -2.638 4.765 2.310
SPIN 4 0 4 11 4.036 -2.912 -3.198
SPIN 4 0 4 12 -0.034 5.585 -1.952
SPIN 4 0 4 13 2.060 1.489 5.342
SPIN 4 0 4 14 -3.096 -5.015 0.516
SPIN 4 0 4 15 -2.140 3.268 -4.443
SPIN 1 0 5 0 3.694 4.612 0.279
SPIN 1 0 5 1 3.865 -3.868 -2.258
SPIN 1 0 5 2 -0.916 1.637 5.611
SPIN 1 0 5 3 5.760 -0.853 -1.045
SPIN 1 0 5 4 2.823 4.576 -2.468
SPIN 1 0 5 5 0.680 -2.918 5.101
SPIN 1 0 5 6 3.898 -2.725 -3.519
SPIN 1 0 5 7 -2.313 3.261 4.361
SPIN 1 0 5 8 0.220 -5.897 0.419
SPIN 1 0 5 9 -2.076 5.215 1.871
SPIN 1 0 5 10 1.551 -5.212 2.331
SPIN 1 0 5 11 -5.441 -0.304 -2.303
SPIN 1 0 5 12 0.128 2.272 5.461
SPIN 1 0 5 13 1.328 3.857 4.285
SPIN 1 0 5 14 -0.679 0.622 -5.844
SPIN 1 0 5 15 -4.669 3.251 -1.621
SPIN 4 0 5 0 -0.566 1.906 -5.572
SPIN 4 0 5 1 -3.837 -1.704 -4.169
SPIN 4 0 5 2 -4.903 -2.156 -2.513
SPIN 4 0 5 3 -4.316 0.186 -4.042
SPIN 4 0 5 4 3.033 5.053 -0.517
SPIN 4 0 5 5 -5.533 1.002 1.838
SPIN 4 0 5 6 2.654 5.162 -1.145
SPIN 4 0 5 7 4.267 3.940 -1.127
SPIN 4 0 5 8 3.068 2.689 4.284
SPIN 4 0 5 9 -3.180 2.437 -4.353
SPIN 4 0 5 10 5.859 -0.695 0.440
SPIN 4 0 5 11 1.343 -2.505 -5.188
SPIN 4 0 5 12 2.555 0.577 5.305
SPIN 4 0 5 13 -3.069 5.012 -0.679
SPIN 4 0 5 14 1.288 -5.466 -1.861
SPIN 4 0 5 15 -0.219 -5.803 -1.132
SPIN 1 0 6 0 -3.324 2.814 -4.004
SPIN 1 0 6 1 3.221 1.807 4.621
SPIN 1 0 6 2 3.511 -2.962 3.728
SPIN 1 0 6 3 -0.574 -4.521 3.773
SPIN 1 0 6 4 -2.198 5.493 -0.012
SPIN 1 0 6 5 -3.591 3.456 -3.188
SPIN 1 0 6 6 -3.228 -4.952 -0.239
SPIN 1 0 6 7 -0.578 2.460 5.349
SPIN 1 0 6 8 4.957 3.103 -0.893
SPIN 1 0 6 9 -3.053 -2.022 4.647
SPIN 1 0 6 10 -1.998 5.472 -1.034
SPIN 1 0 6 11 1.776 -1.215 5.511
SPIN 1 0 6 12 -2.829 3.941 3.387
SPIN 1 0 6 13 1.903 -5.332 1.716
SPIN 1 0 6 14 5.622 -1.757 0.550
SPIN 1 0 6 15 -2.918 4.968 1.341
SPIN 4 0 6 0 2.630 5.281 0.446
SPIN 4 0 6 1 -3.105 2.904 4.115
SPIN 4 0 6 2 -1.111 -0.343 5.801
SPIN 4 0 6 3 5.469 -1.751 -1.422
SPIN 4 0 6 4 -0.183 -0.802 -5.859
SPIN 4 0 6 5 3.143 -4.342 2.503
SPIN 4 0 6 6 -3.194 -2.961 4.004
SPIN 4 0 6 7 -3.176 -3.761 -3.281
SPIN 4 0 6 8 0.759 -5.780 1.009
SPIN 4 0 6 9 0.490 -2.752 -5.214
SPIN 4 0 6 10 -2.367 -4.756 -2.604
SPIN 4 0 6 11 -0.533 -5.643 -1.694
SPIN 4 0 6 12 -0.053 3.606 4.690
SPIN 4 0 6 13 0.408 -5.760 1.287
SPIN 4 0 6 14 1.925 4.466 3.369
SPIN 4 0 6 15 -2.086 1.260 5.391
SPIN 1 0 7 0 -5.903 0.009 -0.391
SPIN 1 0 7 1 -4.440 -3.897 0.319
SPIN 1 0 7 2 4.141 -3.988 1.397
SPIN 1 0 7 3 3.938 -1.260 4.231
SPIN 1 0 7 4 2.762 -5.151 0.917
SPIN 1 0 7 5 -4.299 -2.951 -2.795
SPIN 1 0 7 6 -3.071 -4.882 -1.318
SPIN 1 0 7 7 2.075 3.166 4.546
SPIN 1 0 7 8 5.377 -2.012 1.427
SPIN 1 0 7 9 -0.304 3.110 -5.023
SPIN 1 0 7 10 -1.241 -5.083 2.761
SPIN 1 0 7 11 -4.014 3.454 -2.638
SPIN 1 0 7 12 4.216 -3.139 -2.715
SPIN 1 0 7 13 5.203 0.192 -2.809
SPIN 1 0 7 14 -4.433 -3.434 1.885
SPIN 1 0 7 15 1.997 0.165 -5.566
SPIN 4 0 7 0 4.366 3.821 1.156
SPIN 4 0 7 1 0.099 -0.666 -5.878
SPIN 4 0 7 2 2.117 4.206 -3.582
SPIN 4 0 7 3 2.421 -5.007 2.016
SPIN 4 0 7 4 -5.175 -0.707 -2.778
SPIN 4 0 7 5 -2.068 2.607 -4.892
SPIN 4 0 7 6 -2.909 5.145 0.247
SPIN 4 0 7 7 5.125 -2.898 0.577
SPIN 4 0 7 8 -3.843 -2.917 -3.424
SPIN 4 0 7 9 -2.129 4.840 2.654
SPIN 4 0 7 10 4.143 -3.467 2.411
SPIN 4 0 7 11 -5.401 2.172 1.055
SPIN 4 0 7 12 -1.617 -4.675 -3.246
SPIN 4 0 7 13 -1.805 -5.622 0.364
SPIN 4 0 7 14 2.004 1.129 -5.451
SPIN 4 0 7 15 -2.049 0.530 5.524
SPIN 1 0 8 0 1.846 3.928 4.020
SPIN 1 0 8 1 4.404 0.834 -3.861
SPIN 1 0 8 2 1.306 -1.719 5.508
SPIN 1 0 8 3 -4.265 -3.369 2.336
SPIN 1 0 8 4 -4.939 2.037 2.542
SPIN 1 0 8 5 1.943 0.101 5.587
SPIN 1 0 8 6 3.516 -3.726 2.959
SPIN 1 0 8 7 0.858 5.853 0.036
SPIN 1 0 8 8 2.738 0.591 5.211
SPIN 1 0 8 9 2.376 -4.782 2.547
SPIN 1 0 8 10 -0.387 1.941 -5.575
SPIN 1 0 8 11 1.310 -3.688 4.436
SPIN 1 0 8 12 -5.035 -2.494 1.851
SPIN 1 0 8 13 -2.615 -1.464 -5.101
SPIN 1 0 8 14 -2.735 4.554 -2.604
SPIN 1 0 8 15 -1.062 -4.113 4.117
SPIN 4 0 8 0 4.217 -1.363 3.919
SPIN 4 0 8 1 -1.307 5.242 2.412
SPIN 4 0 8 2 0.672 -4.388 -3.911
SPIN 4 0 8 3 -5.114 2.934 -0.490
SPIN 4 0 8 4 -0.087 -4.209 4.157
SPIN 4 0 8 5 -2.754 3.308 4.058
SPIN 4 0 8 6 2.755 -1.573 4.994
SPIN 4 0 8 7 -4.850 -2.540 -2.242
SPIN 4 0 8 8 0.621 5.877 0.276
SPIN 4 0 8 9 -1.693 -5.428 1.633
SPIN 4 0 8 10 -4.840 2.910 -1.763
SPIN 4 0 8 11 5.709 0.525 1.460
SPIN 4 0 8 12 3.396 4.667 1.298
SPIN 4 0 8 13 5.804 -1.110 -0.282
SPIN 4 0 8 14 -4.053 3.963 -1.693
SPIN 4 0 8 15 -4.283 0.597 4.038
SPIN 1 0 9 0 -5.148 1.626 -2.420
SPIN 1 0 9 1 5.831 0.348 -0.937
SPIN 1 0 9 2 2.437 4.528 -2.926
SPIN 1 0 9 3 3.280 4.105 2.718
SPIN 1 0 9 4 -3.850 2.565 -3.687
SPIN 1 0 9 5 -3.858 -1.414 -4.256
SPIN 1 0 9 6 3.339 -4.692 1.354
SPIN 1 0 9 7 0.749 1.769 5.596
SPIN 1 0 9 8 -3.739 -3.607 2.830
SPIN 1 0 9 9 5.775 0.844 0.967
SPIN 1 0 9 10 0.012 0.932 5.842
SPIN 1 0 9 11 1.424 -1.777 -5.460
SPIN 1 0 9 12 3.398 -4.842 -0.081
SPIN 1 0 9 13 4.995 -2.865 1.356
SPIN 1 0 9 14 4.150 3.024 -2.939
SPIN 1 0 9 15 -3.601 -0.787 4.627
SPIN 4 0 9 0 4.903 3.278 0.460
SPIN 4 0 9 1 -5.493 2.195 0.066
SPIN 4 0 9 2 -2.454 5.366 0.424
SPIN 4 0 9 3 4.687 -0.600 -3.560
SPIN 4 0 9 4 -0.285 -0.172 5.907
SPIN 4 0 9 5 -4.103 -4.203 0.710
SPIN 4 0 9 6 -3.199 4.956 0.447
SPIN 4 0 9 7 2.230 -2.274 4.985
SPIN 4 0 9 8 2.892 5.137 0.497
SPIN 4 0 9 9 -0.074 -1.372 5.754
SPIN 4 0 9 10 4.666 -2.872 -2.233
SPIN 4 0 9 11 2.817 -0.782 5.143
SPIN 4 0 9 12 -5.598 0.636 -1.805
SPIN 4 0 9 13 3.843 1.292 -4.308
SPIN 4 0 9 14 -4.154 -1.065 -4.075
SPIN 4 0 9 15 -1.247 -1.827 -5.487
SPIN 1 0 10 0 -0.355 -4.639 -3.654
SPIN 1 0 10 1 0.099 4.392 -3.962
SPIN 1 0 10 2 1.514 5.147 2.493
SPIN 1 0 10 3 -1.652 -3.854 4.173
SPIN 1 0 10 4 -1.153 3.310 -4.766
SPIN 1 0 10 5 -0.191 -1.712 -5.660
SPIN 1 0 10 6 3.480 2.214 -4.241
SPIN 1 0 10 7 -1.558 -0.570 -5.679
SPIN 1 0 10 8 1.784 5.478 1.345
SPIN 1 0 10 9 0.082 -5.415 -2.382
SPIN 1 0 10 10 4.429 3.756 -1.131
SPIN 1 0 10 11 -2.515 2.416 4.779
SPIN 1 0 10 12 4.119 -4.109 1.073
SPIN 1 0 10 13 1.291 -1.363 -5.610
SPIN 1 0 10 14 -3.956 -2.207 3.805
SPIN 1 0 10 15 4.016 -4.144 -1.304
SPIN 4 0 10 0 -0.991 5.672 -1.356
SPIN 4 0 10 1 -1.003 -5.797 0.625
SPIN 4 0 10 2 0.844 5.851 -0.235
SPIN 4 0 10 3 -4.624 3.665 0.429
SPIN 4 0 10 4 -2.953 4.032 3.167
SPIN 4 0 10 5 -1.595 -5.145 2.446
SPIN 4 0 10 6 2.111 -4.745 2.833
SPIN 4 0 10 7 -3.299 4.688 -1.463
SPIN 4 0 10 8 -1.433 -5.071 -2.689
SPIN 4 0 10 9 -4.069 3.931 -1.730
SPIN 4 0 10 10 -1.284 -0.039 5.775
SPIN 4 0 10 11 2.202 5.307 -1.408
SPIN 4 0 10 12 5.522 0.032 2.124
SPIN 4 0 10 13 -5.137 -1.088 2.726
SPIN 4 0 10 14 -2.028 -5.498 -0.809
SPIN 4 0 10 15 1.492 -2.817 4.984
SPIN 1 0 11 0 -5.382 -1.823 1.647
SPIN 1 0 11 1 -1.398 5.642 -1.101
SPIN 1 0 11 2 -2.229 -5.348 -1.195
SPIN 1 0 11 3 1.982 -1.511 -5.365
SPIN 1 0 11 4 -4.071 -3.654 -2.253
SPIN 1 0 11 5 5.907 0.328 0.057
SPIN 1 0 11 6 -3.949 4.405 -0.010
SPIN 1 0 11 7 -4.813 0.441 3.412
SPIN 1 0 11 8 1.069 -4.428 3.776
SPIN 1 0 11 9 5.306 -1.437 -2.186
SPIN 1 0 11 10 -4.388 3.653 1.551
SPIN 1 0 11 11 4.284 -1.549 3.775
SPIN 1 0 11 12 -5.218 -0.214 -2.779
SPIN 1 0 11 13 5.688 1.623 0.110
SPIN 1 0 11 14 -5.852 -0.862 0.105
SPIN 1 0 11 15 4.470 2.233 -3.168
SPIN 4 0 11 0 -4.216 -3.802 1.664
SPIN 4 0 11 1 -1.975 0.756 -5.525
SPIN 4 0 11 2 0.290 5.123 -2.945
SPIN 4 0 11 3 4.345 -1.854 3.561
SPIN 4 0 11 4 2.992 -4.598 2.214
SPIN 4 0 11 5 -4.275 3.693 -1.756
SPIN 4 0 11 6 -1.388 5.727 -0.524
SPIN 4 0 11 7 -0.421 -5.343 -2.504
SPIN 4 0 11 8 0.322 -1.263 -5.771
SPIN 4 0 11 9 3.278 -1.891 -4.547
SPIN 4 0 11 10 1.815 5.134 -2.313
SPIN 4 0 11 11 5.373 -1.340 -2.081
SPIN 4 0 11 12 -2.248 -3.475 -4.228
SPIN 4 0 11 13 3.457 -4.508 1.652
SPIN 4 0 11 14 -0.426 5.857 -0.715
SPIN 4 0 11 15 -1.047 -5.802 0.494
SPIN 1 0 12 0 -4.135 -3.537 2.323
SPIN 1 0 12 1 2.378 -0.263 -5.411
SPIN 1 0 12 2 -1.218 5.563 1.603
SPIN 1 0 12 3 2.687 2.912 -4.393
SPIN 1 0 12 4 -3.171 -0.823 -4.927
SPIN 1 0 12 5 5.077 -0.543 -2.988
SPIN 1 0 12 6 1.767 -4.557 3.334
SPIN 1 0 12 7 0.563 5.281 -2.606
SPIN 1 0 12 8 2.846 4.431 2.695
SPIN 1 0 12 9 -4.140 -4.002 1.357
SPIN 1 0 12 10 5.651 1.321 1.150
SPIN 1 0 12 11 0.370 4.509 3.812
SPIN 1 0 12 12 -4.655 1.057 3.494
SPIN 1 0 12 13 -2.657 4.918 -1.938
SPIN 1 0 12 14 1.991 2.680 -4.884
SPIN 1 0 12 15 -2.946 -4.886 1.566
SPIN 4 0 12 0 -2.525 -0.361 -5.338
SPIN 4 0 12 1 3.120 1.067 -4.912
SPIN 4 0 12 2 -3.075 -5.050 0.211
SPIN 4 0 12 3 0.717 1.195 -5.750
SPIN 4 0 12 4 -2.943 1.601 -4.876
SPIN 4 0 12 5 -1.198 1.333 5.638
SPIN 4 0 12 6 -5.070 -0.619 -2.985
SPIN 4 0 12 7 -0.570 -5.888 0.051
SPIN 4 0 12 8 -2.887 5.161 -0.154
SPIN 4 0 12 9 -4.726 -3.298 1.340
SPIN 4 0 12 10 0.047 5.858 0.827
SPIN 4 0 12 11 -2.569 -1.592 5.086
SPIN 4 0 12 12 4.885 -3.120 -1.183
SPIN 4 0 12 13 4.630 1.424 -3.396
SPIN 4 0 12 14 -2.263 -5.187 1.723
SPIN 4 0 12 15 3.576 -4.478 -1.470
SPIN 1 0 13 0 -5.354 -2.288 -1.051
SPIN 1 0 13 1 -4.099 1.549 3.975
SPIN 1 0 13 2 3.302 -4.749 1.245
SPIN 1 0 13 3 4.336 2.751 2.938
SPIN 1 0 13 4 -4.835 2.590 2.216
SPIN 1 0 13 5 1.041 -4.851 3.222
SPIN 1 0 13 6 5.001 3.156 0.187
SPIN 1 0 13 7 -1.826 -1.276 5.481
SPIN 1 0 13 8 -2.355 -4.984 -2.147
SPIN 1 0 13 9 -2.716 3.733 -3.700
SPIN 1 0 13 10 -4.462 -2.771 2.722
SPIN 1 0 13 11 -2.295 3.466 4.209
SPIN 1 0 13 12 3.712 1.134 -4.465
SPIN 1 0 13 13 2.642 -3.570 3.908
SPIN 1 0 13 14 -1.581 5.466 -1.619
SPIN 1 0 13 15 1.299 4.507 3.606
SPIN 4 0 13 0 -0.257 3.648 4.650
SPIN 4 0 13 1 -3.646 3.706 -2.824
SPIN 4 0 13 2 1.031 2.137 5.419
SPIN 4 0 13 3 -3.060 0.097 -5.062
SPIN 4 0 13 4 -2.982 4.684 2.041
SPIN 4 0 13 5 2.867 4.940 -1.542
SPIN 4 0 13 6 -0.169 -5.220 -2.779
SPIN 4 0 13 7 1.534 4.960 2.837
SPIN 4 0 13 8 -0.906 -3.195 -4.896
SPIN 4 0 13 9 4.319 3.350 -2.263
SPIN 4 0 13 10 1.742 -5.603 0.752
SPIN 4 0 13 11 4.960 -3.213 0.260
SPIN 4 0 13 12 -3.211 4.687 -1.650
SPIN 4 0 13 13 5.129 -1.356 2.619
SPIN 4 0 13 14 -5.184 1.970 -2.060
SPIN 4 0 13 15 -3.317 -4.802 0.969
SPIN 1 0 14 0 -2.082 5.205 1.890
SPIN 1 0 14 1 5.783 -1.191 0.365
SPIN 1 0 14 2 -5.841 -0.389 -0.858
SPIN 1 0 14 3 5.624 -1.630 0.847
SPIN 1 0 14 4 -5.248 -2.656 -0.634
SPIN 1 0 14 5 2.602 -1.697 -5.035
SPIN 1 0 14 6 -4.523 -2.514 2.867
SPIN 1 0 14 7 -5.899 0.443 -0.046
SPIN 1 0 14 8 -1.948 -1.377 -5.414
SPIN 1 0 14 9 -2.783 -4.047 3.298
SPIN 1 0 14 10 0.397 -5.756 -1.309
SPIN 1 0 14 11 -3.970 0.742 -4.323
SPIN 1 0 14 12 -4.379 1.809 3.543
SPIN 1 0 14 13 -1.940 -1.143 5.471
SPIN 1 0 14 14 -3.400 -4.688 1.208
SPIN 1 0 14 15 3.471 -4.630 -1.231
SPIN 4 0 14 0 -2.434 4.784 2.488
SPIN 4 0 14 1 -2.845 -4.123 3.148
SPIN 4 0 14 2 -3.341 4.756 -1.106
SPIN 4 0 14 3 1.984 -5.395 -1.400
SPIN 4 0 14 4 1.478 -0.406 -5.714
SPIN 4 0 14 5 -3.904 -4.257 1.278
SPIN 4 0 14 6 -5.547 0.018 2.057
SPIN 4 0 14 7 -5.864 0.629 -0.463
SPIN 4 0 14 8 -3.468 4.336 -2.042
SPIN 4 0 14 9 -4.882 1.623 -2.921
SPIN 4 0 14 10 0.132 4.854 -3.379
SPIN 4 0 14 11 -4.581 -1.024 3.601
SPIN 4 0 14 12 5.447 0.506 2.253
SPIN 4 0 14 13 -0.024 5.914 -0.173
SPIN 4 0 14 14 -2.825 -0.150 -5.196
SPIN 4 0 14 15 -1.723 4.874 -2.877
SPIN 1 0 15 0 2.389 -2.611 -4.741
SPIN 1 0 15 1 -0.339 4.019 4.328
SPIN 1 0 15 2 -3.810 -3.491 -2.880
SPIN 1 0 15 3 -2.846 -1.334 5.012
SPIN 1 0 15 4 -1.460 -0.516 5.710
SPIN 1 0 15 5 -4.793 2.728 2.143
SPIN 1 0 15 6 -3.525 4.436 1.701
SPIN 1 0 15 7 3.383 -2.020 -4.413
SPIN 1 0 15 8 4.197 2.212 3.535
SPIN 1 0 15 9 -4.634 1.349 3.421
SPIN 1 0 15 10 2.084 3.040 4.628
SPIN 1 0 15 11 -0.304 -5.405 -2.385
SPIN 1 0 15 12 -2.537 2.766 -4.573
SPIN 1 0 15 13 0.058 -0.464 -5.898
SPIN 1 0 15 14 4.918 3.190 0.799
SPIN 1 0 15 15 -1.990 3.196 4.564
SPIN 4 0 15 0 5.206 0.208 -2.802
SPIN 4 0 15 1 -2.187 5.047 -2.180
SPIN 4 0 15 2 -0.664 -2.170 -5.464
SPIN 4 0 15 3 4.552 -0.836 -3.685
SPIN 4 0 15 4 0.401 -1.787 5.625
SPIN 4 0 15 5 1.922 5.497 1.041
SPIN 4 0 15 6 4.132 2.527 -3.397
SPIN 4 0 15 7 -3.033 -4.502 -2.353
SPIN 4 0 15 8 -2.910 -5.061 -0.960
SPIN 4 0 15 9 1.771 -4.376 -3.566
SPIN 4 0 15 10 -2.695 5.200 0.833
SPIN 4 0 15 11 -3.193 -4.978 0.154
SPIN 4 0 15 12 1.026 5.692 1.245
SPIN 4 0 15 13 2.957 -2.441 4.506
SPIN 4 0 15 14 2.805 -2.054 4.787
SPIN 4 0 15 15 4.747 3.265 -1.345
SPIN 3 0 0 0 2.558 -1.198 5.198
SPIN 3 0 0 1 0.599 5.840 0.728
SPIN 3 0 0 2 -2.927 -2.062 -4.710
SPIN 3 0 0 3 1.401 5.434 1.873
SPIN 3 0 0 4 -4.762 -3.468 -0.544
SPIN 3 0 0 5 3.235 2.288 4.393
SPIN 3 0 0 6 4.163 2.815 3.122
SPIN 3 0 0 7 3.962 -1.992 -3.916
SPIN 3 0 0 8 -2.624 2.134 4.854
SPIN 3 0 0 9 5.305 -1.051 -2.397
SPIN 3 0 0 10 -1.253 -2.176 5.357
SPIN 3 0 0 11 2.510 2.261 4.856
SPIN 3 0 0 12 -3.262 2.524 -4.241
SPIN 3 0 0 13 2.770 -1.416 -5.032
SPIN 3 0 0 14 3.861 4.383 -0.938
SPIN 3 0 0 15 3.357 -4.789 -0.893
SPIN 2 0 0 0 -2.499 -4.180 -3.359
SPIN 2 0 0 1 -0.480 3.320 4.873
SPIN 2 0 0 2 -4.283 -3.002 2.765
SPIN 2 0 0 3 4.930 2.384 -2.238
SPIN 2 0 0 4 -1.850 -4.614 -3.207
SPIN 2 0 0 5 -4.167 -3.020 -2.918
SPIN 2 0 0 6 5.468 -2.236 -0.316
SPIN 2 0 0 7 -1.965 -3.240 -4.544
SPIN 2 0 0 8 4.659 -3.344 1.453
SPIN 2 0 0 9 -5.349 2.328 -0.986
SPIN 2 0 0 10 5.134 -1.489 2.535
SPIN 2 0 0 11 3.738 -4.117 -2.020
SPIN 2 0 0 12 -2.728 3.960 -3.447
SPIN 2 0 0 13 5.757 0.647 1.201
SPIN 2 0 0 14 2.806 4.895 1.779
SPIN 2 0 0 15 -5.857 -0.805 0.203
SPIN 3 0 1 0 -3.432 -4.781 -0.602
SPIN 3 0 1 1 1.530 -4.139 3.940
SPIN 3 0 1 2 1.488 4.176 3.917
SPIN 3 0 1 3 -3.451 -4.544 1.562
SPIN 3 0 1 4 5.284 2.171 1.537
SPIN 3 0 1 5 0.044 2.587 5.320
SPIN 3 0 1 6 -5.854 0.829 0.212
SPIN 3 0 1 7 -2.696 -4.703 2.368
SPIN 3 0 1 8 4.917 1.381 -2.986
SPIN 3 0 1 9 -1.673 1.496 -5.474
SPIN 3 0 1 10 4.241 4.066 0.694
SPIN 3 0 1 11 -1.300 1.113 -5.663
SPIN 3 0 1 12 2.529 -2.354 4.802
SPIN 3 0 1 13 -5.470 2.226 0.345
SPIN 3 0 1 14 4.008 4.078 -1.520
SPIN 3 0 1 15 -5.601 1.634 -0.977
SPIN 2 0 1 0 -1.468 2.496 5.159
SPIN 2 0 1 1 4.372 -3.493 -1.920
SPIN 2 0 1 2 -4.386 3.955 0.337
SPIN 2 0 1 3 1.196 -5.479 -1.884
SPIN 2 0 1 4 -3.862 -2.341 3.822
SPIN 2 0 1 5 -1.789 5.558 -0.953
SPIN 2 0 1 6 -2.709 4.085 -3.313
SPIN 2 0 1 7 5.562 -1.983 -0.364
SPIN 2 0 1 8 -0.965 -0.477 5.817
SPIN 2 0 1 9 2.387 5.405 -0.309
SPIN 2 0 1 10 -2.071 -3.773 -4.059
SPIN 2 0 1 11 -3.576 -0.626 -4.671
SPIN 2 0 1 12 -0.136 -0.763 5.865
SPIN 2 0 1 13 -2.808 3.774 -3.588
SPIN 2 0 1 14 -1.692 4.154 -3.857
SPIN 2 0 1 15 -4.470 2.686 2.794
SPIN 3 0 2 0 3.883 -2.096 3.940
SPIN 3 0 2 1 0.639 -5.871 0.356
SPIN 3 0 2 2 -4.418 -3.930 -0.174
SPIN 3 0 2 3 -0.943 -0.451 -5.823
SPIN 3 0 2 4 -1.328 3.776 -4.356
SPIN 3 0 2 5 3.949 -4.387 0.401
SPIN 3 0 2 6 2.468 -4.711 2.591
SPIN 3 0 2 7 1.388 1.631 -5.515
SPIN 3 0 2 8 -0.637 -4.316 3.996
SPIN 3 0 2 9 2.717 -0.882 5.181
SPIN 3 0 2 10 -2.290 5.001 2.179
SPIN 3 0 2 11 2.864 1.979 -4.783
SPIN 3 0 2 12 -1.492 3.002 -4.875
SPIN 3 0 2 13 2.921 0.783 5.085
SPIN 3 0 2 14 -3.929 -3.972 1.946
SPIN 3 0 2 15 1.088 5.692 -1.192
SPIN 2 0 2 0 -4.284 -3.614 -1.895
SPIN 2 0 2 1 0.709 -5.597 1.780
SPIN 2 0 2 2 -1.694 0.682 5.627
SPIN 2 0 2 3 -2.795 -3.585 3.786
SPIN 2 0 2 4 4.483 -3.835 0.440
SPIN 2 0 2 5 -0.206 -4.742 -3.531
SPIN 2 0 2 6 0.985 0.120 5.832
SPIN 2 0 2 7 -0.146 -2.112 5.524
SPIN 2 0 2 8 5.649 -1.091 -1.376
SPIN 2 0 2 9 5.042 1.072 2.902
SPIN 2 0 2 10 5.105 1.689 -2.467
SPIN 2 0 2 11 -5.859 -0.064 0.814
SPIN 2 0 2 12 2.135 -3.836 -3.966
SPIN 2 0 2 13 -4.969 0.751 -3.121
SPIN 2 0 2 14 -4.559 2.833 2.489
SPIN 2 0 2 15 -3.858 0.111 4.483
SPIN 3 0 3 0 -4.001 4.263 -0.905
SPIN 3 0 3 1 -5.452 -2.077 0.978
SPIN 3 0 3 2 4.774 -2.525 2.415
SPIN 3 0 3 3 -0.426 1.870 5.597
SPIN 3 0 3 4 -5.548 -2.052 0.098
SPIN 3 0 3 5 4.712 0.513 3.541
SPIN 3 0 3 6 -5.027 -0.690 -3.042
SPIN 3 0 3 7 1.222 4.549 3.580
SPIN 3 0 3 8 -0.695 1.780 -5.599
SPIN 3 0 3 9 -3.856 2.927 3.401
SPIN 3 0 3 10 1.994 -3.907 3.970
SPIN 3 0 3 11 -2.430 5.034 1.939
SPIN 3 0 3 12 4.309 -3.882 -1.168
SPIN 3 0 3 13 -3.848 3.145 3.209
SPIN 3 0 3 14 1.165 5.776 -0.527
SPIN 3 0 3 15 -3.794 4.442 -0.935
SPIN 2 0 3 0 4.392 -0.535 3.927
SPIN 2 0 3 1 5.017 -2.837 1.335
SPIN 2 0 3 2 -5.403 2.321 -0.652
SPIN 2 0 3 3 0.016 4.566 3.762
SPIN 2 0 3 4 -1.058 -1.552 -5.610
SPIN 2 0 3 5 -5.364 -0.195 2.489
SPIN 2 0 3 6 -1.337 -1.793 -5.477
SPIN 2 0 3 7 -5.180 2.833 -0.372
SPIN 2 0 3 8 0.621 -5.533 -2.001
SPIN 2 0 3 9 -5.562 -1.335 -1.512
SPIN 2 0 3 10 -1.358 -1.504 -5.558
SPIN 2 0 3 11 -5.416 0.268 -2.366
SPIN 2 0 3 12 5.782 0.985 -0.773
SPIN 2 0 3 13 -3.051 4.880 1.371
SPIN 2 0 3 14 1.868 -1.352 -5.448
SPIN 2 0 3 15 -2.363 -4.141 -3.502
SPIN 3 0 4 0 -1.713 3.982 -4.026
SPIN 3 0 4 1 -0.747 -5.834 -0.639
SPIN 3 0 4 2 4.291 3.946 -1.005
SPIN 3 0 4 3 5.145 2.208 1.910
SPIN 3 0 4 4 5.349 2.188 -1.263
SPIN 3 0 4 5 -0.627 -4.393 -3.912
SPIN 3 0 4 6 -2.987 3.998 -3.176
SPIN 3 0 4 7 0.869 -3.906 -4.357
SPIN 3 0 4 8 4.273 0.153 4.089
SPIN 3 0 4 9 2.215 5.336 -1.272
SPIN 3 0 4 10 -3.843 -2.743 -3.564
SPIN 3 0 4 11 -4.390 -3.910 0.662
SPIN 3 0 4 12 3.137 -3.779 3.298
SPIN 3 0 4 13 3.128 -3.140 3.918
SPIN 3 0 4 14 -1.001 5.632 1.510
SPIN 3 0 4 15 -0.719 1.060 5.776
SPIN 2 0 4 0 -3.274 -4.638 1.665
SPIN 2 0 4 1 -1.174 -1.689 5.547
SPIN 2 0 4 2 -2.080 -4.392 -3.374
SPIN 2 0 4 3 -3.581 -0.825 -4.636
SPIN 2 0 4 4 -3.207 0.779 4.910
SPIN 2 0 4 5 2.932 0.155 5.136
SPIN 2 0 4 6 -4.442 0.458 -3.881
SPIN 2 0 4 7 5.622 -0.560 1.755
SPIN 2 0 4 8 1.392 4.769 -3.212
SPIN 2 0 4 9 3.081 -4.554 -2.184
SPIN 2 0 4 10 -4.677 -2.751 -2.358
SPIN 2 0 4 11 5.102 -2.672 -1.351
SPIN 2 0 4 12 2.266 -2.897 -4.634
SPIN 2 0 4 13 -2.705 -5.250 -0.349
SPIN 2 0 4 14 1.885 5.424 1.425
SPIN 2 0 4 15 -2.033 -2.376 5.022
SPIN 3 0 5 0 1.792 -1.152 5.519
SPIN 3 0 5 1 -3.347 0.473 4.855
SPIN 3 0 5 2 -4.444 3.827 0.778
SPIN 3 0 5 3 -1.230 -0.117 5.786
SPIN 3 0 5 4 -5.043 3.068 -0.400
SPIN 3 0 5 5 1.263 -4.172 4.000
SPIN 3 0 5 6 2.410 -5.398 -0.228
SPIN 3 0 5 7 -2.918 -2.975 -4.200
SPIN 3 0 5 8 0.290 3.349 -4.869
SPIN 3 0 5 9 2.414 -4.839 -2.400
SPIN 3 0 5 10 -1.817 0.844 5.567
SPIN 3 0 5 11 -2.189 5.484 0.367
SPIN 3 0 5 12 -3.649 -2.871 -3.667
SPIN 3 0 5 13 2.649 5.088 -1.447
SPIN 3 0 5 14 -4.031 -0.626 -4.285
SPIN 3 0 5 15 2.166 2.963 -4.640
SPIN 2 0 5 0 -5.910 0.221 0.144
SPIN 2 0 5 1 -1.297 2.998 4.933
SPIN 2 0 5 2 5.494 -0.885 -2.007
SPIN 2 0 5 3 1.000 -3.101 -4.938
SPIN 2 0 5 4 5.032 2.706 1.536
SPIN 2 0 5 5 -2.274 0.934 -5.381
SPIN 2 0 5 6 4.443 2.762 2.763
SPIN 2 0 5 7 -1.957 5.166 -2.117
SPIN 2 0 5 8 2.631 -4.112 3.342
SPIN 2 0 5 9 -3.879 -2.048 -3.970
SPIN 2 0 5 10 -4.094 4.246 0.458
SPIN 2 0 5 11 5.584 -0.136 -1.950
SPIN 2 0 5 12 4.515 -3.233 -2.042
SPIN 2 0 5 13 -2.290 5.264 1.428
SPIN 2 0 5 14 -1.690 -4.841 2.951
SPIN 2 0 5 15 -2.802 2.652 -4.485
SPIN 3 0 6 0 -0.194 -5.827 1.007
SPIN 3 0 6 1 2.406 4.491 -3.007
SPIN 3 0 6 2 -4.444 2.579 2.933
SPIN 3 0 6 3 -1.240 -4.443 -3.704
SPIN 3 0 6 4 -0.506 1.309 5.747
SPIN 3 0 6 5 0.980 5.716 1.170
SPIN 3 0 6 6 -0.795 4.394 3.881
SPIN 3 0 6 7 4.235 3.707 -1.822
SPIN 3 0 6 8 4.424 -2.433 3.085
SPIN 3 0 6 9 2.296 2.842 4.653
SPIN 3 0 6 10 -5.828 0.384 0.940
SPIN 3 0 6 11 -5.390 -1.247 2.095
SPIN 3 0 6 12 0.250 -5.373 2.464
SPIN 3 0 6 13 -5.712 -1.321 0.794
SPIN 3 0 6 14 3.045 -2.828 -4.210
SPIN 3 0 6 15 -2.684 0.368 5.260
SPIN 2 0 6 0 5.445 -0.961 2.105
SPIN 2 0 6 1 3.258 2.765 -4.091
SPIN 2 0 6 2 -4.675 -3.436 -1.155
SPIN 2 0 6 3 -0.272 5.743 -1.392
SPIN 2 0 6 4 3.244 4.779 -1.280
SPIN 2 0 6 5 5.475 1.947 -1.112
SPIN 2 0 6 6 -2.974 -1.280 -4.952
SPIN 2 0 6 7 -5.695 -1.396 0.783
SPIN 2 0 6 8 1.274 -5.384 -2.095
SPIN 2 0 6 9 2.423 -0.099 -5.396
SPIN 2 0 6 10 -3.029 -2.993 -4.107
SPIN 2 0 6 11 3.310 4.895 -0.297
SPIN 2 0 6 12 3.833 -0.240 -4.500
SPIN 2 0 6 13 -1.596 2.086 -5.301
SPIN 2 0 6 14 4.087 1.887 3.839
SPIN 2 0 6 15 -4.390 3.810 -1.102
SPIN 3 0 7 0 4.817 -2.523 -2.330
SPIN 3 0 7 1 2.419 5.372 -0.537
SPIN 3 0 7 2 5.283 1.160 2.398
SPIN 3 0 7 3 2.723 -4.801 2.129
SPIN 3 0 7 4 -1.632 -0.121 5.685
SPIN 3 0 7 5 -5.504 -0.353 -2.139
SPIN 3 0 7 6 3.160 -0.084 -5.000
SPIN 3 0 7 7 -4.456 1.517 3.584
SPIN 3 0 7 8 0.432 3.062 -5.044
SPIN 3 0 7 9 -5.702 -1.540 0.347
SPIN 3 0 7 10 2.290 3.022 -4.541
SPIN 3 0 7 11 3.051 0.198 5.065
SPIN 3 0 7 12 0.746 5.186 -2.747
SPIN 3 0 7 13 1.865 -5.498 -1.140
SPIN 3 0 7 14 -1.562 1.767 5.426
SPIN 3 0 7 15 -5.524 0.114 2.115
SPIN 2 0 7 0 0.837 -5.292 -2.510
SPIN 2 0 7 1 3.867 3.177 3.155
SPIN 2 0 7 2 -4.753 -0.208 3.517
SPIN 2 0 7 3 0.254 1.327 5.760
SPIN 2 0 7 4 -2.083 -3.685 -4.133
SPIN 2 0 7 5 1.827 -0.149 5.625
SPIN 2 0 7 6 2.500 4.096 3.460
SPIN 2 0 7 7 1.290 -4.577 -3.519
SPIN 2 0 7 8 -0.556 5.708 1.453
SPIN 2 0 7 9 1.197 -5.539 1.699
SPIN 2 0 7 10 3.680 4.006 -2.325
SPIN 2 0 7 11 3.514 -1.194 4.607
SPIN 2 0 7 12 2.043 3.056 -4.636
SPIN 2 0 7 13 -4.975 -2.857 -1.443
SPIN 2 0 7 14 3.816 -4.468 0.690
SPIN 2 0 7 15 4.717 -1.395 3.286
SPIN 3 0 8 0 -3.917 1.451 4.189
SPIN 3 0 8 1 -4.076 3.008 3.056
SPIN 3 0 8 2 3.937 -0.488 4.389
SPIN 3 0 8 3 3.174 0.891 -4.913
SPIN 3 0 8 4 3.637 -3.082 -3.503
SPIN 3 0 8 5 -4.696 2.119 2.908
SPIN 3 0 8 6 -2.879 -4.055 -3.205
SPIN 3 0 8 7 5.322 -1.821 1.832
SPIN 3 0 8 8 -3.938 -2.091 3.888
SPIN 3 0 8 9 1.660 -1.348 -5.516
SPIN 3 0 8 10 -1.557 2.127 5.296
SPIN 3 0 8 11 -0.608 -0.804 -5.830
SPIN 3 0 8 12 -1.469 -4.395 3.677
SPIN 3 0 8 13 2.608 -0.064 5.310
SPIN 3 0 8 14 -1.888 -5.607 -0.009
SPIN 3 0 8 15 5.663 -0.774 -1.525
SPIN 2 0 8 0 2.717 3.669 3.763
SPIN 2 0 8 1 -3.458 -0.534 4.770
SPIN 2 0 8 2 -2.582 -2.176 -4.858
SPIN 2 0 8 3 5.516 -0.654 2.037
SPIN 2 0 8 4 5.810 -0.652 0.906
SPIN 2 0 8 5 -5.062 -2.180 2.151
SPIN 2 0 8 6 3.140 1.936 -4.625
SPIN 2 0 8 7 -1.151 -3.247 4.809
SPIN 2 0 8 8 2.776 0.575 -5.192
SPIN 2 0 8 9 -0.741 1.629 -5.639
SPIN 2 0 8 10 2.042 -1.918 5.211
SPIN 2 0 8 11 1.448 -0.335 -5.726
SPIN 2 0 8 12 1.576 -3.415 4.567
SPIN 2 0 8 13 4.511 3.025 -2.346
SPIN 2 0 8 14 0.975 -5.805 0.593
SPIN 2 0 8 15 -5.061 -2.378 -1.932
SPIN 3 0 9 0 -2.537 -1.021 5.246
SPIN 3 0 9 1 4.300 1.488 -3.781
SPIN 3 0 9 2 -1.478 -4.263 -3.826
SPIN 3 0 9 3 -2.045 -5.424 1.183
SPIN 3 0 9 4 -5.054 2.865 1.120
SPIN 3 0 9 5 -2.192 -5.444 0.746
SPIN 3 0 9 6 1.032 5.763 -0.851
SPIN 3 0 9 7 -2.231 5.452 0.551
SPIN 3 0 9 8 -5.315 -1.733 1.936
SPIN 3 0 9 9 2.342 5.424 0.307
SPIN 3 0 9 10 -3.477 -4.648 1.145
SPIN 3 0 9 11 3.860 -2.916 3.405
SPIN 3 0 9 12 -0.778 3.338 -4.822
SPIN 3 0 9 13 -4.886 2.638 2.043
SPIN 3 0 9 14 5.501 -2.109 0.542
SPIN 3 0 9 15 -5.359 -1.274 -2.158
SPIN 2 0 9 0 0.070 2.853 5.182
SPIN 2 0 9 1 1.604 -3.786 -4.253
SPIN 2 0 9 2 -2.981 -2.498 4.458
SPIN 2 0 9 3 -0.391 0.619 -5.871
SPIN 2 0 9 4 -4.913 -1.834 -2.738
SPIN 2 0 9 5 3.624 -4.001 -2.421
SPIN 2 0 9 6 -0.888 0.320 -5.840
SPIN 2 0 9 7 -1.691 -4.401 3.574
SPIN 2 0 9 8 4.330 -0.701 3.970
SPIN 2 0 9 9 -2.367 -5.361 -0.813
SPIN 2 0 9 10 4.100 -4.117 -1.113
SPIN 2 0 9 11 3.822 3.556 2.783
SPIN 2 0 9 12 1.896 5.480 1.174
SPIN 2 0 9 13 -2.626 -3.045 -4.339
SPIN 2 0 9 14 -1.018 4.877 3.190
SPIN 2 0 9 15 4.006 -0.142 -4.351
SPIN 3 0 10 0 -5.051 3.076 -0.161
SPIN 3 0 10 1 -3.581 3.753 -2.844
SPIN 3 0 10 2 -1.437 -3.354 -4.657
SPIN 3 0 10 3 -0.033 1.421 5.743
SPIN 3 0 10 4 0.646 -3.245 -4.904
SPIN 3 0 10 5 0.562 1.512 5.692
SPIN 3 0 10 6 -5.777 0.830 -0.970
SPIN 3 0 10 7 1.306 -2.400 -5.247
SPIN 3 0 10 8 0.701 -3.750 4.522
SPIN 3 0 10 9 -1.129 0.446 5.790
SPIN 3 0 10 10 -5.715 0.810 -1.295
SPIN 3 0 10 11 -5.661 -1.583 -0.668
SPIN 3 0 10 12 4.510 -2.888 2.513
SPIN 3 0 10 13 -4.742 -2.898 2.028
SPIN 3 0 10 14 2.622 4.938 1.934
SPIN 3 0 10 15 5.267 -2.695 0.021
SPIN 2 0 10 0 3.685 -1.863 -4.237
SPIN 2 0 10 1 5.640 1.235 -1.291
SPIN 2 0 10 2 5.059 0.438 3.035
SPIN 2 0 10 3 -5.345 -0.185 -2.529
SPIN 2 0 10 4 4.309 -2.533 -3.165
SPIN 2 0 10 5 0.927 -1.290 5.699
SPIN 2 0 10 6 3.600 3.706 -2.882
SPIN 2 0 10 7 -1.033 -4.628 3.538
SPIN 2 0 10 8 1.169 4.280 3.913
SPIN 2 0 10 9 -0.725 -0.747 -5.824
SPIN 2 0 10 10 3.911 3.730 -2.407
SPIN 2 0 10 11 -2.894 2.206 4.664
SPIN 2 0 10 12 -1.427 1.823 5.444
SPIN 2 0 10 13 -2.265 -4.727 -2.743
SPIN 2 0 10 14 5.807 -0.487 -1.020
SPIN 2 0 10 15 -0.948 -5.192 2.672
SPIN 3 0 11 0 4.654 -1.217 3.444
SPIN 3 0 11 1 -4.560 2.809 2.512
SPIN 3 0 11 2 -2.608 4.935 -1.962
SPIN 3 0 11 3 -3.418 0.894 4.745
SPIN 3 0 11 4 5.069 -1.059 -2.861
SPIN 3 0 11 5 1.273 -5.745 -0.609
SPIN 3 0 11 6 5.791 0.431 -1.133
SPIN 3 0 11 7 3.827 1.763 -4.153
SPIN 3 0 11 8 1.994 -1.522 5.358
SPIN 3 0 11 9 2.795 -2.272 -4.693
SPIN 3 0 11 10 3.673 -4.457 -1.283
SPIN 3 0 11 11 -2.857 -5.063 1.095
SPIN 3 0 11 12 -5.197 -2.131 1.857
SPIN 3 0 11 13 -2.763 4.931 -1.747
SPIN 3 0 11 14 1.923 -3.523 4.346
SPIN 3 0 11 15 -3.925 -3.977 1.943
SPIN 2 0 11 0 2.733 4.444 -2.790
SPIN 2 0 11 1 -5.601 -0.178 1.896
SPIN 2 0 11 2 -0.456 -4.624 3.662
SPIN 2 0 11 3 -0.071 5.090 -3.014
SPIN 2 0 11 4 3.587 -1.517 4.453
SPIN 2 0 11 5 1.205 4.725 3.349
SPIN 2 0 11 6 -5.329 -2.298 1.151
SPIN 2 0 11 7 0.334 -5.555 -2.006
SPIN 2 0 11 8 5.371 1.627 1.871
SPIN 2 0 11 9 4.568 2.619 -2.697
SPIN 2 0 11 10 -5.294 -0.760 -2.529
SPIN 2 0 11 11 -2.815 -5.106 1.003
SPIN 2 0 11 12 -5.682 -1.448 0.784
SPIN 2 0 11 13 1.480 3.796 4.290
SPIN 2 0 11 14 -3.045 -5.071 -0.103
SPIN 2 0 11 15 -2.413 2.602 -4.733
SPIN 3 0 12 0 -1.347 2.082 5.371
SPIN 3 0 12 1 3.594 1.523 -4.446
SPIN 3 0 12 2 -0.244 -3.754 4.566
SPIN 3 0 12 3 4.002 4.342 -0.371
SPIN 3 0 12 4 -4.424 1.780 3.502
SPIN 3 0 12 5 0.522 -3.487 -4.751
SPIN 3 0 12 6 -4.841 2.173 2.617
SPIN 3 0 12 7 -2.229 -1.493 5.273
SPIN 3 0 12 8 -1.712 0.042 -5.663
SPIN 3 0 12 9 2.113 0.568 5.497
SPIN 3 0 12 10 0.655 -3.746 4.532
SPIN 3 0 12 11 0.764 5.368 2.367
SPIN 3 0 12 12 1.739 -5.382 1.735
SPIN 3 0 12 13 -1.980 -5.077 -2.302
SPIN 3 0 12 14 1.561 2.602 5.078
SPIN 3 0 12 15 1.031 0.576 -5.797
SPIN 2 0 12 0 1.513 3.962 -4.125
SPIN 2 0 12 1 -3.634 -4.658 -0.318
SPIN 2 0 12 2 -4.995 -3.167 0.136
SPIN 2 0 12 3 4.161 -4.189 -0.371
SPIN 2 0 12 4 2.620 -2.690 -4.571
SPIN 2 0 12 5 -1.956 2.077 5.182
SPIN 2 0 12 6 -0.141 0.242 -5.909
SPIN 2 0 12 7 -3.618 1.347 -4.483
SPIN 2 0 12 8 -4.415 -3.622 -1.546
SPIN 2 0 12 9 4.921 2.665 1.918
SPIN 2 0 12 10 -4.382 -1.817 -3.535
SPIN 2 0 12 11 0.425 -0.972 -5.820
SPIN 2 0 12 12 5.845 -0.909 0.094
SPIN 2 0 12 13 -1.583 5.666 0.623
SPIN 2 0 12 14 0.414 2.181 5.484
SPIN 2 0 12 15 -3.102 -5.037 -0.086
SPIN 3 0 13 0 4.667 0.887 3.526
SPIN 3 0 13 1 0.872 0.558 5.825
SPIN 3 0 13 2 3.028 3.823 -3.348
SPIN 3 0 13 3 -2.221 -1.887 5.148
SPIN 3 0 13 4 3.954 -0.473 -4.375
SPIN 3 0 13 5 -4.019 -2.144 -3.775
SPIN 3 0 13 6 -4.016 -3.929 1.852
SPIN 3 0 13 7 2.963 -3.012 -4.141
SPIN 3 0 13 8 -0.312 -5.595 1.897
SPIN 3 0 13 9 -3.411 -4.833 0.040
SPIN 3 0 13 10 1.803 3.926 -4.042
SPIN 3 0 13 11 -3.156 -0.058 -5.004
SPIN 3 0 13 12 0.791 5.611 1.701
SPIN 3 0 13 13 -5.756 -0.394 -1.307
SPIN 3 0 13 14 0.105 4.802 3.454
SPIN 3 0 13 15 -5.291 -1.154 2.381
SPIN 2 0 13 0 -0.183 5.275 2.673
SPIN 2 0 13 1 1.806 -3.828 -4.133
SPIN 2 0 13 2 4.877 -2.811 1.820
SPIN 2 0 13 3 -1.721 5.627 0.612
SPIN 2 0 13 4 4.605 -3.666 0.592
SPIN 2 0 13 5 -5.105 -2.811 -1.021
SPIN 2 0 13 6 0.881 -5.636 1.570
SPIN 2 0 13 7 -4.159 0.471 -4.181
SPIN 2 0 13 8 -2.767 4.810 2.052
SPIN 2 0 13 9 -3.524 4.747 -0.229
SPIN 2 0 13 10 2.205 5.410 0.929
SPIN 2 0 13 11 1.718 -4.361 3.609
SPIN 2 0 13 12 -5.287 1.852 -1.903
SPIN 2 0 13 13 -0.120 -5.728 -1.474
SPIN 2 0 13 14 2.081 3.398 -4.372
SPIN 2 0 13 15 -3.326 3.509 -3.409
SPIN 3 0 14 0 0.024 -1.629 5.687
SPIN 3 0 14 1 2.468 -5.233 -1.237
SPIN 3 0 14 2 0.329 1.333 5.755
SPIN 3 0 14 3 4.007 -3.982 -1.756
SPIN 3 0 14 4 4.293 -2.140 3.463
SPIN 3 0 14 5 0.847 3.925 4.345
SPIN 3 0 14 6 0.640 -1.503 -5.686
SPIN 3 0 14 7 -3.827 -4.504 -0.255
SPIN 3 0 14 8 -2.679 4.430 -2.863
SPIN 3 0 14 9 3.483 -3.726 2.997
SPIN 3 0 14 10 -1.230 -5.139 2.660
SPIN 3 0 14 11 1.859 5.274 1.930
SPIN 3 0 14 12 0.053 -5.887 0.582
SPIN 3 0 14 13 2.852 -0.315 -5.174
SPIN 3 0 14 14 -1.438 5.738 0.101
SPIN 3 0 14 15 -4.855 -1.241 3.145
SPIN 2 0 14 0 5.373 -1.505 1.967
SPIN 2 0 14 1 -3.386 2.212 4.318
SPIN 2 0 14 2 2.570 -1.048 5.225
SPIN 2 0 14 3 4.997 -0.155 3.164
SPIN 2 0 14 4 2.178 -2.542 4.878
SPIN 2 0 14 5 2.525 2.856 -4.525
SPIN 2 0 14 6 -1.373 0.974 5.672
SPIN 2 0 14 7 -1.851 5.618 0.112
SPIN 2 0 14 8 1.283 1.176 5.654
SPIN 2 0 14 9 -4.300 4.014 0.631
SPIN 2 0 14 10 -4.935 -3.259 0.143
SPIN 2 0 14 11 -1.474 3.522 -4.519
SPIN 2 0 14 12 3.079 -4.108 2.940
SPIN 2 0 14 13 1.599 -0.677 -5.655
SPIN 2 0 14 14 -3.011 -1.187 4.952
SPIN 2 0 14 15 -0.679 -3.528 -4.700
SPIN 3 0 15 0 -4.987 3.121 0.624
SPIN 3 0 15 1 5.002 -0.852 -3.042
SPIN 3 0 15 2 -5.736 -1.346 0.535
SPIN 3 0 15 3 -1.776 5.643 0.017
SPIN 3 0 15 4 3.034 4.970 -1.044
SPIN 3 0 15 5 1.916 -4.704 -3.034
SPIN 3 0 15 6 1.888 -2.471 -5.033
SPIN 3 0 15 7 1.006 4.702 3.447
SPIN 3 0 15 8 1.474 -2.182 5.298
SPIN 3 0 15 9 5.418 0.830 2.226
SPIN 3 0 15 10 5.159 -2.009 -2.084
SPIN 3 0 15 11 2.947 2.619 -4.411
SPIN 3 0 15 12 -5.717 -0.502 1.438
SPIN 3 0 15 13 -5.604 -1.146 -1.509
SPIN 3 0 15 14 -2.704 5.043 -1.502
SPIN 3 0 15 15 -2.162 -0.880 -5.436
SPIN 2 0 15 0 -4.709 -0.827 -3.485
SPIN 2 0 15 1 0.477 -5.005 3.119
SPIN 2 0 15 2 2.920 4.763 1.947
SPIN 2 0 15 3 -5.630 -1.061 1.475
SPIN 2 0 15 4 -5.587 -1.002 -1.669
SPIN 2 0 15 5 5.314 2.024 1.630
SPIN 2 0 15 6 -1.979 -2.071 -5.176
SPIN 2 0 15 7 -5.246 2.556 0.976
SPIN 2 0 15 8 -2.154 -1.216 -5.374
SPIN 2 0 15 9 2.246 3.455 4.245
SPIN 2 0 15 10 -5.908 0.187 0.255
SPIN 2 0 15 11 3.779 4.521 -0.523
SPIN 2 0 15 12 0.272 4.491 -3.841
SPIN 2 0 15 13 3.214 -0.117 4.966
SPIN 2 0 15 14 4.929 -0.259 -3.262
SPIN 2 0 15 15 -1.958 -5.515 0.866
SPIN 1 1 0 0 -4.475 0.947 -3.752
SPIN 1 1 0 1 -4.398 -3.192 2.338
SPIN 1 1 0 2 0.781 -5.606 -1.722
SPIN 1 1 0 3 3.857 3.441 -2.878
SPIN 1 1 0 4 0.697 2.445 5.342
SPIN 1 1 0 5 0.275 5.313 2.588
SPIN 1 1 0 6 5.675 -1.559 -0.607
SPIN 1 1 0 7 3.877 -4.428 0.600
SPIN 1 1 0 8 -5.423 2.253 -0.714
SPIN 1 1 0 9 -0.396 4.029 -4.314
SPIN 1 1 0 10 1.044 0.475 5.804
SPIN 1 1 0 11 -0.966 -3.462 -4.699
SPIN 1 1 0 12 1.429 5.567 -1.403
SPIN 1 1 0 13 4.868 -1.003 3.209
SPIN 1 1 0 14 2.359 1.975 5.053
SPIN 1 1 0 15 3.895 -3.870 2.203
SPIN 4 1 0 0 -5.400 -2.205 -0.988
SPIN 4 1 0 1 -0.599 -4.295 -4.024
SPIN 4 1 0 2 3.331 4.089 2.681
SPIN 4 1 0 3 -3.162 4.245 -2.642
SPIN 4 1 0 4 1.930 -2.231 -5.128
SPIN 4 1 0 5 -3.681 0.974 -4.527
SPIN 4 1 0 6 -2.557 -2.013 -4.941
SPIN 4 1 0 7 -2.712 5.246 0.349
SPIN 4 1 0 8 5.525 -1.842 -1.037
SPIN 4 1 0 9 1.288 -4.491 3.629
SPIN 4 1 0 10 -5.716 1.349 0.714
SPIN 4 1 0 11 -4.105 -4.146 -0.981
SPIN 4 1 0 12 -0.384 -5.809 -1.052
SPIN 4 1 0 13 -3.428 -0.643 4.778
SPIN 4 1 0 14 -2.389 -5.394 -0.442
SPIN 4 1 0 15 2.100 5.527 -0.207
SPIN 1 1 1 0 3.438 -4.247 2.268
SPIN 1 1 1 1 5.401 1.440 -1.939
SPIN 1 1 1 2 -5.273 -2.651 0.409
SPIN 1 1 1 3 4.725 -3.386 -1.099
SPIN 1 1 1 4 -4.601 -1.889 3.203
SPIN 1 1 1 5 -3.050 -4.929 1.185
SPIN 1 1 1 6 -3.860 -1.317 -4.286
SPIN 1 1 1 7 -5.798 1.099 0.422
SPIN 1 1 1 8 -2.997 3.235 3.943
SPIN 1 1 1 9 2.550 -1.130 5.217
SPIN 1 1 1 10 -2.817 -3.707 -3.650
SPIN 1 1 1 11 0.072 -5.907 0.323
SPIN 1 1 1 12 2.689 -0.903 5.192
SPIN 1 1 1 13 -3.616 -3.385 -3.235
SPIN 1 1 1 14 3.267 -4.699 1.498
SPIN 1 1 1 15 -2.634 -2.772 4.514
SPIN 4 1 1 0 3.845 -3.813 -2.382
SPIN 4 1 1 1 -4.666 -0.728 3.563
SPIN 4 1 1 2 1.339 5.647 1.147
SPIN 4 1 1 3 -2.004 5.460 1.083
SPIN 4 1 1 4 1.708 -4.941 -2.768
SPIN 4 1 1 5 5.468 1.579 -1.614
SPIN 4 1 1 6 3.461 -0.580 4.763
SPIN 4 1 1 7 5.320 -2.508 0.635
SPIN 4 1 1 8 -5.348 2.226 -1.199
SPIN 4 1 1 9 -3.878 4.112 -1.746
SPIN 4 1 1 10 5.661 -0.796 -1.523
SPIN 4 1 1 11 -4.229 -1.472 3.866
SPIN 4 1 1 12 4.514 0.307 3.812
SPIN 4 1 1 13 1.597 -5.473 -1.580
SPIN 4 1 1 14 3.531 4.649 -0.958
SPIN 4 1 1 15 -3.471 -4.776 0.381
SPIN 1 1 2 0 -1.801 4.547 3.329
SPIN 1 1 2 1 -0.537 5.020 3.085
SPIN 1 1 2 2 3.854 -4.340 -1.148
SPIN 1 1 2 3 -4.777 1.125 3.304
SPIN 1 1 2 4 0.999 -3.993 -4.249
SPIN 1 1 2 5 -5.243 -2.740 -0.060
SPIN 1 1 2 6 -3.941 3.585 2.573
SPIN 1 1 2 7 4.549 2.161 -3.104
SPIN 1 1 2 8 -5.471 2.234 0.271
SPIN 1 1 2 9 -4.137 2.050 -3.699
SPIN 1 1 2 10 -2.816 -3.650 -3.708
SPIN 1 1 2 11 2.697 -1.590 5.020
SPIN 1 1 2 12 0.178 -5.374 2.467
SPIN 1 1 2 13 4.799 3.236 1.222
SPIN 1 1 2 14 4.698 0.606 -3.545
SPIN 1 1 2 15 2.631 5.121 -1.363
SPIN 4 1 2 0 -4.543 2.800 -2.554
SPIN 4 1 2 1 5.648 0.187 1.752
SPIN 4 1 2 2 0.495 5.544 2.004
SPIN 4 1 2 3 2.304 -0.864 5.380
SPIN 4 1 2 4 5.288 -0.674 -2.565
SPIN 4 1 2 5 3.260 -0.663 4.892
SPIN 4 1 2 6 2.794 -5.130 -0.935
SPIN 4 1 2 7 -2.128 5.196 1.865
SPIN 4 1 2 8 -3.270 -4.408 -2.208
SPIN 4 1 2 9 -2.292 -5.360 1.008
SPIN 4 1 2 10 -0.397 5.900 0.183
SPIN 4 1 2 11 -5.595 0.662 1.804
SPIN 4 1 2 12 3.220 -4.962 0.104
SPIN 4 1 2 13 4.233 2.524 3.273
SPIN 4 1 2 14 -2.217 -5.208 -1.719
SPIN 4 1 2 15 1.765 3.330 4.560
SPIN 1 1 3 0 5.189 -2.270 1.708
SPIN 1 1 3 1 -0.997 3.513 4.654
SPIN 1 1 3 2 4.751 -3.359 -1.072
SPIN 1 1 3 3 4.995 -1.782 2.622
SPIN 1 1 3 4 -1.293 -2.199 -5.338
SPIN 1 1 3 5 1.860 -3.337 -4.517
SPIN 1 1 3 6 1.139 5.413 -2.099
SPIN 1 1 3 7 -0.028 2.315 -5.444
SPIN 1 1 3 8 -0.742 1.668 5.627
SPIN 1 1 3 9 0.030 -4.180 4.187
SPIN 1 1 3 10 1.197 5.722 0.907
SPIN 1 1 3 11 3.784 -0.802 4.477
SPIN 1 1 3 12 3.654 -1.886 -4.254
SPIN 1 1 3 13 -5.521 -1.955 0.833
SPIN 1 1 3 14 -0.515 -3.193 -4.954
SPIN 1 1 3 15 -3.206 -3.693 -3.329
SPIN 4 1 3 0 -1.746 -5.127 -2.379
SPIN 4 1 3 1 2.824 -2.009 4.795
SPIN 4 1 3 2 -2.204 -4.297 -3.417
SPIN 4 1 3 3 -1.155 5.799 0.205
SPIN 4 1 3 4 5.113 0.402 -2.949
SPIN 4 1 3 5 -1.181 5.779 0.454
SPIN 4 1 3 6 -5.305 -1.232 2.309
SPIN 4 1 3 7 -1.054 -1.679 5.574
SPIN 4 1 3 8 5.852 0.063 -0.869
SPIN 4 1 3 9 -2.283 5.424 -0.607
SPIN 4 1 3 10 2.659 4.946 1.861
SPIN 4 1 3 11 -2.284 -4.520 -3.058
SPIN 4 1 3 12 -4.564 2.874 2.431
SPIN 4 1 3 13 2.669 -5.273 0.271
SPIN 4 1 3 14 1.886 5.547 -0.822
SPIN 4 1 3 15 -3.459 -4.742 -0.738
SPIN 1 1 4 0 -2.337 2.925 4.580
SPIN 1 1 4 1 -4.747 2.078 -2.855
SPIN 1 1 4 2 3.553 -1.454 -4.501
SPIN 1 1 4 3 -2.968 3.003 4.143
SPIN 1 1 4 4 0.990 -5.774 -0.828
SPIN 1 1 4 5 -5.840 -0.938 0.111
SPIN 1 1 4 6 1.874 -5.611 0.092
SPIN 1 1 4 7 -5.411 -2.342 0.483
SPIN 1 1 4 8 4.439 2.896 -2.628
SPIN 1 1 4 9 4.917 -0.898 -3.165
SPIN 1 1 4 10 -4.609 0.148 3.706
SPIN 1 1 4 11 1.380 3.528 4.544
SPIN 1 1 4 12 3.814 4.477 0.641
SPIN 1 1 4 13 -3.678 0.467 -4.610
SPIN 1 1 4 14 -4.814 2.450 2.413
SPIN 1 1 4 15 1.905 4.597 -3.201
SPIN 4 1 4 0 5.834 -0.820 0.546
SPIN 4 1 4 1 -3.724 1.877 -4.196
SPIN 4 1 4 2 0.715 -0.999 5.787
SPIN 4 1 4 3 -4.735 0.478 -3.515
SPIN 4 1 4 4 -0.799 5.819 0.711
SPIN 4 1 4 5 -5.437 2.275 0.518
SPIN 4 1 4 6 2.490 2.925 -4.499
SPIN 4 1 4 7 4.364 -3.995 0.034
SPIN 4 1 4 8 1.455 -1.000 5.647
SPIN 4 1 4 9 0.217 -5.908 0.219
SPIN 4 1 4 10 -1.757 5.232 -2.131
SPIN 4 1 4 11 3.306 2.501 4.221
SPIN 4 1 4 12 -0.592 -5.312 -2.537
SPIN 4 1 4 13 -5.411 -0.074 -2.390
SPIN 4 1 4 14 -1.799 2.477 5.062
SPIN 4 1 4 15 -0.179 -5.884 -0.589
SPIN 1 1 5 0 2.556 -3.736 -3.809
SPIN 1 1 5 1 -3.437 -2.066 4.350
SPIN 1 1 5 2 5.419 -1.893 -1.430
SPIN 1 1 5 3 5.451 -1.623 -1.629
SPIN 1 1 5 4 0.352 -5.858 -0.752
SPIN 1 1 5 5 1.895 4.740 2.991
SPIN 1 1 5 6 -5.793 -1.185 0.195
SPIN 1 1 5 7 -4.501 3.765 -0.749
SPIN 1 1 5 8 -2.254 1.337 -5.304
SPIN 1 1 5 9 -3.119 3.509 3.600
SPIN 1 1 5 10 2.142 1.011 -5.421
SPIN 1 1 5 11 -0.852 -3.206 -4.898
SPIN 1 1 5 12 -3.323 2.135 4.405
SPIN 1 1 5 13 2.776 -5.153 0.863
SPIN 1 1 5 14 3.188 -4.982 0.131
SPIN 1 1 5 15 1.338 -0.684 5.722
SPIN 4 1 5 0 -2.780 -2.648 4.501
SPIN 4 1 5 1 2.010 5.484 -0.940
SPIN 4 1 5 2 -0.988 -2.078 5.450
SPIN 4 1 5 3 -0.691 5.682 -1.495
SPIN 4 1 5 4 -0.214 -5.671 -1.670
SPIN 4 1 5 5 3.761 2.166 -4.020
SPIN 4 1 5 6 2.953 -0.289 5.118
SPIN 4 1 5 7 1.326 0.711 5.722
SPIN 4 1 5 8 4.942 -2.283 -2.316
SPIN 4 1 5 9 -5.865 0.292 0.720
SPIN 4 1 5 10 -4.961 1.345 2.928
SPIN 4 1 5 11 3.838 3.924 2.207
SPIN 4 1 5 12 0.985 -0.757 -5.784
SPIN 4 1 5 13 -0.817 4.820 3.332
SPIN 4 1 5 14 -2.933 0.807 5.074
SPIN 4 1 5 15 5.404 1.133 2.125
SPIN 1 1 6 0 -0.268 5.333 -2.546
SPIN 1 1 6 1 -5.259 -0.029 2.709
SPIN 1 1 6 2 -5.374 -1.076 2.228
SPIN 1 1 6 3 1.779 1.303 -5.490
SPIN 1 1 6 4 -4.696 -2.381 -2.698
SPIN 1 1 6 5 0.647 -3.854 4.442
SPIN 1 1 6 6 -0.264 5.905 -0.253
SPIN 1 1 6 7 0.538 -5.705 -1.470
SPIN 1 1 6 8 -5.845 -0.872 -0.280
SPIN 1 1 6 9 4.000 4.199 1.170
SPIN 1 1 6 10 0.361 -5.376 2.444
SPIN 1 1 6 11 -5.410 2.179 0.995
SPIN 1 1 6 12 -5.394 -2.105 1.214
SPIN 1 1 6 13 -4.569 3.184 -1.997
SPIN 1 1 6 14 -4.200 -0.599 -4.124
SPIN 1 1 6 15 -1.804 4.416 3.499
SPIN 4 1 6 0 -2.722 2.041 -4.840
SPIN 4 1 6 1 2.201 -1.017 5.397
SPIN 4 1 6 2 3.541 3.850 2.763
SPIN 4 1 6 3 3.621 -2.202 4.128
SPIN 4 1 6 4 1.885 2.900 -4.800
SPIN 4 1 6 5 3.904 -3.868 -2.191
SPIN 4 1 6 6 -4.683 -1.121 -3.437
SPIN 4 1 6 7 -0.094 4.671 3.630
SPIN 4 1 6 8 0.208 5.502 -2.164
SPIN 4 1 6 9 1.570 -2.452 -5.150
SPIN 4 1 6 10 3.503 -4.052 2.513
SPIN 4 1 6 11 3.057 3.450 -3.708
SPIN 4 1 6 12 -4.125 -4.067 1.202
SPIN 4 1 6 13 3.262 2.455 4.282
SPIN 4 1 6 14 -1.442 -5.731 0.271
SPIN 4 1 6 15 3.741 -4.269 -1.668
SPIN 1 1 7 0 3.419 -3.362 3.466
SPIN 1 1 7 1 -1.452 -1.229 5.602
SPIN 1 1 7 2 -4.034 1.318 4.122
SPIN 1 1 7 3 1.894 -3.861 -4.063
SPIN 1 1 7 4 -4.159 3.646 2.101
SPIN 1 1 7 5 -3.020 4.985 1.011
SPIN 1 1 7 6 3.287 -4.506 1.973
SPIN 1 1 7 7 -0.401 2.526 -5.335
SPIN 1 1 7 8 -5.378 1.961 1.495
SPIN 1 1 7 9 -5.098 -1.748 2.439
SPIN 1 1 7 10 3.934 4.373 -0.638
SPIN 1 1 7 11 -1.831 -5.623 0.154
SPIN 1 1 7 12 3.395 4.567 1.615
SPIN 1 1 7 13 -4.801 -3.055 -1.617
SPIN 1 1 7 14 2.475 -0.380 5.360
SPIN 1 1 7 15 5.460 2.000 1.088
SPIN 4 1 7 0 1.573 -1.175 -5.581
SPIN 4 1 7 1 1.019 5.774 0.787
SPIN 4 1 7 2 0.335 -3.186 4.973
SPIN 4 1 7 3 -2.613 4.445 -2.900
SPIN 4 1 7 4 1.300 -2.979 4.943
SPIN 4 1 7 5 5.539 0.358 -2.046
SPIN 4 1 7 6 0.353 -5.783 1.199
SPIN 4 1 7 7 -3.244 -3.806 -3.162
SPIN 4 1 7 8 4.814 2.564 2.291
SPIN 4 1 7 9 -5.278 1.092 -2.439
SPIN 4 1 7 10 -1.879 3.369 4.486
SPIN 4 1 7 11 0.147 -2.151 -5.509
SPIN 4 1 7 12 5.684 -0.892 -1.377
SPIN 4 1 7 13 -4.810 3.421 0.405
SPIN 4 1 7 14 3.991 3.692 -2.332
SPIN 4 1 7 15 5.157 2.754 -0.908
SPIN 1 1 8 0 -3.966 -4.383 0.251
SPIN 1 1 8 1 -3.287 4.308 2.374
SPIN 1 1 8 2 -4.890 -0.712 -3.252
SPIN 1 1 8 3 0.605 5.750 1.252
SPIN 1 1 8 4 2.349 -2.662 4.733
SPIN 1 1 8 5 0.375 1.628 -5.675
SPIN 1 1 8 6 5.881 0.003 0.648
SPIN 1 1 8 7 0.289 -4.647 3.650
SPIN 1 1 8 8 3.210 4.921 -0.691
SPIN 1 1 8 9 3.150 4.136 2.823
SPIN 1 1 8 10 -1.584 -0.140 -5.698
SPIN 1 1 8 11 1.489 -4.764 -3.176
SPIN 1 1 8 12 -4.834 -2.180 2.622
SPIN 1 1 8 13 2.430 -5.358 -0.622
SPIN 1 1 8 14 1.012 1.452 5.645
SPIN 1 1 8 15 -2.193 3.259 -4.424
SPIN 4 1 8 0 2.672 -3.585 -3.875
SPIN 4 1 8 1 -2.869 -5.166 0.280
SPIN 4 1 8 2 0.954 1.710 -5.583
SPIN 4 1 8 3 -1.160 -5.343 2.261
SPIN 4 1 8 4 -3.064 4.708 -1.856
SPIN 4 1 8 5 -1.876 -2.602 4.971
SPIN 4 1 8 6 -3.494 4.774 0.031
SPIN 4 1 8 7 4.116 2.534 -3.412
SPIN 4 1 8 8 -5.157 -2.874 0.385
SPIN 4 1 8 9 5.828 0.627 -0.803
SPIN 4 1 8 10 -1.759 4.602 3.275
SPIN 4 1 8 11 -1.156 0.325 5.793
SPIN 4 1 8 12 -4.481 -0.707 3.798
SPIN 4 1 8 13 2.343 5.279 -1.282
SPIN 4 1 8 14 4.204 1.964 3.670
SPIN 4 1 8 15 1.871 -5.152 -2.226
SPIN 1 1 9 0 -3.396 4.259 -2.308
SPIN 1 1 9 1 3.683 0.806 -4.559
SPIN 1 1 9 2 2.560 -1.747 5.039
SPIN 1 1 9 3 -5.729 0.674 1.313
SPIN 1 1 9 4 -3.612 4.639 0.659
SPIN 1 1 9 5 -0.310 4.608 -3.698
SPIN 1 1 9 6 0.733 5.861 -0.339
SPIN 1 1 9 7 3.577 -4.712 0.015
SPIN 1 1 9 8 3.956 -2.379 3.700
SPIN 1 1 9 9 -5.349 1.937 1.624
SPIN 1 1 9 10 -4.246 0.537 4.084
SPIN 1 1 9 11 0.433 5.810 -1.025
SPIN 1 1 9 12 -2.489 3.141 4.352
SPIN 1 1 9 13 1.641 -4.864 -2.940
SPIN 1 1 9 14 -4.449 0.633 3.848
SPIN 1 1 9 15 -5.205 2.791 0.345
SPIN 4 1 9 0 2.238 0.027 5.476
SPIN 4 1 9 1 1.135 5.759 0.741
SPIN 4 1 9 2 2.872 -3.101 -4.140
SPIN 4 1 9 3 -0.462 5.811 1.011
SPIN 4 1 9 4 5.186 2.803 -0.498
SPIN 4 1 9 5 -5.297 0.742 -2.528
SPIN 4 1 9 6 5.126 2.631 -1.342
SPIN 4 1 9 7 -0.497 4.270 -4.065
SPIN 4 1 9 8 1.746 3.409 -4.509
SPIN 4 1 9 9 -3.415 4.793 0.607
SPIN 4 1 9 10 0.300 -3.121 5.017
SPIN 4 1 9 11 -4.448 -0.601 -3.854
SPIN 4 1 9 12 5.271 1.099 2.451
SPIN 4 1 9 13 3.483 1.975 4.355
SPIN 4 1 9 14 -4.755 -2.521 -2.457
SPIN 4 1 9 15 -3.103 -3.213 -3.879
SPIN 1 1 10 0 -4.262 0.455 -4.078
SPIN 1 1 10 1 -2.963 4.816 1.739
SPIN 1 1 10 2 2.574 1.034 -5.225
SPIN 1 1 10 3 -4.642 -1.059 3.511
SPIN 1 1 10 4 0.740 -1.810 5.583
SPIN 1 1 10 5 1.167 5.616 -1.450
SPIN 1 1 10 6 3.792 -4.521 -0.423
SPIN 1 1 10 7 0.716 1.205 -5.748
SPIN 1 1 10 8 0.981 1.031 -5.742
SPIN 1 1 10 9 5.095 2.950 0.576
SPIN 1 1 10 10 0.291 -4.186 4.170
SPIN 1 1 10 11 1.432 5.241 -2.340
SPIN 1 1 10 12 1.449 -0.822 -5.677
SPIN 1 1 10 13 5.465 -2.262 -0.133
SPIN 1 1 10 14 -4.487 -3.833 0.423
SPIN 1 1 10 15 4.480 2.244 -3.145
SPIN 4 1 10 0 -3.540 -1.805 -4.383
SPIN 4 1 10 1 5.209 -2.759 -0.508
SPIN 4 1 10 2 -5.458 -0.837 2.125
SPIN 4 1 10 3 3.065 -4.881 1.334
SPIN 4 1 10 4 -4.864 3.368 0.019
SPIN 4 1 10 5 1.355 -1.660 -5.514
SPIN 4 1 10 6 -4.837 1.789 2.898
SPIN 4 1 10 7 0.574 -5.876 0.375
SPIN 4 1 10 8 -0.074 5.622 1.840
SPIN 4 1 10 9 -1.012 1.780 -5.551
SPIN 4 1 10 10 -3.402 -4.785 -0.728
SPIN 4 1 10 11 2.941 4.955 1.342
SPIN 4 1 10 12 -5.900 0.312 0.299
SPIN 4 1 10 13 4.087 -2.103 -3.725
SPIN 4 1 10 14 -1.787 5.619 0.487
SPIN 4 1 10 15 -5.049 -1.433 -2.730
SPIN 1 1 11 0 0.117 -4.405 -3.948
SPIN 1 1 11 1 1.752 -5.441 -1.527
SPIN 1 1 11 2 5.478 1.511 1.644
SPIN 1 1 11 3 2.820 0.177 -5.197
SPIN 1 1 11 4 -2.811 -1.286 -5.044
SPIN 1 1 11 5 -1.643 0.254 5.678
SPIN 1 1 11 6 -2.231 -4.572 -3.019
SPIN 1 1 11 7 2.771 4.907 1.800
SPIN 1 1 11 8 -5.417 -0.363 -2.349
SPIN 1 1 11 9 -0.079 -4.284 4.080
SPIN 1 1 11 10 4.727 3.436 0.921
SPIN 1 1 11 11 3.435 4.394 -1.973
SPIN 1 1 11 12 4.273 2.471 3.261
SPIN 1 1 11 13 -1.832 -3.798 4.150
SPIN 1 1 11 14 -3.078 -3.656 -3.487
SPIN 1 1 11 15 2.269 3.887 -3.840
SPIN 4 1 11 0 -1.186 5.782 -0.400
SPIN 4 1 11 1 0.942 2.721 -5.168
SPIN 4 1 11 2 -2.857 0.537 5.152
SPIN 4 1 11 3 -3.626 4.350 -1.712
SPIN 4 1 11 4 -3.318 -2.953 -3.908
SPIN 4 1 11 5 -5.624 1.684 0.735
SPIN 4 1 11 6 5.304 -2.487 0.824
SPIN 4 1 11 7 -0.046 4.496 3.845
SPIN 4 1 11 8 2.900 -4.900 1.606
SPIN 4 1 11 9 -4.438 -3.245 2.185
SPIN 4 1 11 10 1.436 -4.317 3.782
SPIN 4 1 11 11 2.058 0.956 -5.463
SPIN 4 1 11 12 4.208 3.246 2.600
SPIN 4 1 11 13 -5.049 1.651 2.604
SPIN 4 1 11 14 0.632 -5.867 0.429
SPIN 4 1 11 15 -0.329 4.036 4.313
SPIN 1 1 12 0 5.023 1.809 2.550
SPIN 1 1 12 1 4.283 2.519 3.212
SPIN 1 1 12 2 -4.978 0.544 -3.150
SPIN 1 1 12 3 2.973 -5.114 -0.084
SPIN 1 1 12 4 0.678 4.773 3.429
SPIN 1 1 12 5 0.818 -5.827 0.615
SPIN 1 1 12 6 5.027 3.119 -0.078
SPIN 1 1 12 7 -2.875 -3.604 3.707
SPIN 1 1 12 8 4.436 1.115 -3.752
SPIN 1 1 12 9 -1.357 3.579 4.511
SPIN 1 1 12 10 1.821 -5.408 1.561
SPIN 1 1 12 11 -5.418 1.915 1.405
SPIN 1 1 12 12 -3.826 1.287 -4.325
SPIN 1 1 12 13 -5.797 0.767 -0.897
SPIN 1 1 12 14 4.789 3.174 -1.411
SPIN 1 1 12 15 0.334 -5.894 0.391
SPIN 4 1 12 0 -3.876 1.685 -4.140
SPIN 4 1 12 1 1.864 4.452 3.421
SPIN 4 1 12 2 -0.051 4.899 3.316
SPIN 4 1 12 3 -3.173 4.784 -1.431
SPIN 4 1 12 4 -1.232 -5.614 1.402
SPIN 4 1 12 5 -5.727 -1.473 -0.167
SPIN 4 1 12 6 4.539 -0.843 3.700
SPIN 4 1 12 7 1.672 3.517 -4.454
SPIN 4 1 12 8 -4.552 -3.602 1.142
SPIN 4 1 12 9 -1.458 5.604 1.212
SPIN 4 1 12 10 -3.231 -3.627 -3.377
SPIN 4 1 12 11 2.931 2.719 -4.360
SPIN 4 1 12 12 0.331 3.750 4.564
SPIN 4 1 12 13 -2.232 -4.903 2.445
SPIN 4 1 12 14 3.071 4.912 -1.198
SPIN 4 1 12 15 3.512 2.288 4.175
SPIN 1 1 13 0 -4.603 -2.298 2.921
SPIN 1 1 13 1 -0.024 -3.969 4.387
SPIN 1 1 13 2 5.483 2.220 0.084
SPIN 1 1 13 3 1.475 -4.022 4.080
SPIN 1 1 13 4 1.216 5.775 -0.413
SPIN 1 1 13 5 1.445 3.036 -4.868
SPIN 1 1 13 6 -4.908 1.958 2.661
SPIN 1 1 13 7 5.698 -0.617 1.468
SPIN 1 1 13 8 -2.096 4.602 -3.071
SPIN 1 1 13 9 5.472 2.239 0.217
SPIN 1 1 13 10 -4.888 -2.193 2.510
SPIN 1 1 13 11 3.862 4.119 1.767
SPIN 1 1 13 12 -2.816 4.531 -2.557
SPIN 1 1 13 13 -1.628 2.897 4.894
SPIN 1 1 13 14 2.942 -3.675 -3.584
SPIN 1 1 13 15 0.885 3.093 -4.965
SPIN 4 1 13 0 -3.365 -3.212 -3.655
SPIN 4 1 13 1 -1.071 3.810 -4.398
SPIN 4 1 13 2 -4.602 -2.631 2.627
SPIN 4 1 13 3 0.862 -5.772 0.969
SPIN 4 1 13 4 -0.050 5.877 0.674
SPIN 4 1 13 5 3.890 -4.456 0.099
SPIN 4 1 13 6 1.248 5.678 1.094
SPIN 4 1 13 7 -1.598 -1.973 5.344
SPIN 4 1 13 8 -1.315 -0.920 -5.694
SPIN 4 1 13 9 -1.277 -2.873 5.012
SPIN 4 1 13 10 0.015 2.677 5.275
SPIN 4 1 13 11 -5.307 -2.236 -1.357
SPIN 4 1 13 12 4.147 3.344 -2.573
SPIN 4 1 13 13 -3.654 -3.995 2.384
SPIN 4 1 13 14 2.748 -0.892 5.162
SPIN 4 1 13 15 -3.773 4.517 0.602
SPIN 1 1 14 0 -3.190 -4.955 -0.523
SPIN 1 1 14 1 -0.151 -5.883 0.602
SPIN 1 1 14 2 -2.993 -1.057 -4.993
SPIN 1 1 14 3 -2.341 3.671 -4.005
SPIN 1 1 14 4 2.746 5.237 0.187
SPIN 1 1 14 5 3.412 4.823 0.308
SPIN 1 1 14 6 0.960 -1.142 -5.725
SPIN 1 1 14 7 4.067 -4.126 1.199
SPIN 1 1 14 8 4.623 3.178 -1.877
SPIN 1 1 14 9 -4.216 -0.316 -4.138
SPIN 1 1 14 10 5.403 0.989 2.197
SPIN 1 1 14 11 -3.890 0.029 -4.458
SPIN 1 1 14 12 2.280 -5.047 2.080
SPIN 1 1 14 13 -3.747 -4.492 0.884
SPIN 1 1 14 14 2.124 5.480 -0.674
SPIN 1 1 14 15 5.563 0.204 -2.003
SPIN 4 1 14 0 1.852 -0.988 5.531
SPIN 4 1 14 1 3.822 -1.936 -4.080
SPIN 4 1 14 2 4.154 0.683 -4.157
SPIN 4 1 14 3 -3.290 -4.862 -0.731
SPIN 4 1 14 4 -2.945 -0.410 5.115
SPIN 4 1 14 5 5.515 2.067 -0.559
SPIN 4 1 14 6 -4.885 -0.455 3.307
SPIN 4 1 14 7 1.828 -1.243 -5.487
SPIN 4 1 14 8 4.351 0.895 3.907
SPIN 4 1 14 9 -3.695 1.759 -4.273
SPIN 4 1 14 10 3.373 4.409 2.047
SPIN 4 1 14 11 2.037 1.271 -5.407
SPIN 4 1 14 12 -5.245 -1.069 2.520
SPIN 4 1 14 13 5.793 0.055 -1.198
SPIN 4 1 14 14 0.179 -3.801 4.530
SPIN 4 1 14 15 4.053 4.125 -1.249
SPIN 1 1 15 0 -1.986 3.647 4.213
SPIN 1 1 15 1 4.523 2.303 3.039
SPIN 1 1 15 2 3.147 4.997 0.351
SPIN 1 1 15 3 -2.920 -5.142 -0.174
SPIN 1 1 15 4 2.524 4.808 -2.349
SPIN 1 1 15 5 -4.974 0.531 -3.158
SPIN 1 1 15 6 4.750 -2.452 2.535
SPIN 1 1 15 7 0.229 4.822 3.420
SPIN 1 1 15 8 -4.343 -0.155 4.014
SPIN 1 1 15 9 5.255 -2.591 -0.819
SPIN 1 1 15 10 -5.903 0.264 0.293
SPIN 1 1 15 11 -1.999 0.489 5.546
SPIN 1 1 15 12 1.058 -4.420 3.788
SPIN 1 1 15 13 0.546 0.155 -5.889
SPIN 1 1 15 14 1.527 -5.330 2.064
SPIN 1 1 15 15 5.892 0.427 0.323
SPIN 4 1 15 0 5.358 -0.065 2.507
SPIN 4 1 15 1 -5.779 0.206 1.250
SPIN 4 1 15 2 -3.643 -3.109 3.473
SPIN 4 1 15 3 4.141 -1.402 3.985
SPIN 4 1 15 4 5.767 0.969 -0.898
SPIN 4 1 15 5 -5.440 -2.072 -1.056
SPIN 4 1 15 6 -3.320 4.712 -1.330
SPIN 4 1 15 7 -5.136 0.919 -2.788
SPIN 4 1 15 8 3.965 4.353 0.569
SPIN 4 1 15 9 -5.743 0.550 -1.311
SPIN 4 1 15 10 3.279 -3.957 -2.931
SPIN 4 1 15 11 3.308 -0.087 -4.904
SPIN 4 1 15 12 -0.701 -5.324 2.483
SPIN 4 1 15 13 -0.869 4.432 -3.821
SPIN 4 1 15 14 0.341 4.854 -3.365
SPIN 4 1 15 15 -3.785 -2.743 -3.626
SPIN 3 1 0 0 4.669 -3.432 -1.192
SPIN 3 1 0 1 -2.811 4.838 1.920
SPIN 3 1 0 2 5.305 2.600 0.306
SPIN 3 1 0 3 -4.680 0.360 -3.601
SPIN 3 1 0 4 3.940 3.288 2.944
SPIN 3 1 0 5 4.130 4.171 0.738
SPIN 3 1 0 6 -0.422 1.678 5.657
SPIN 3 1 0 7 5.463 -2.221 0.465
SPIN 3 1 0 8 4.881 -1.021 3.183
SPIN 3 1 0 9 0.374 2.879 -5.155
SPIN 3 1 0 10 5.057 -2.588 -1.653
SPIN 3 1 0 11 -4.971 2.136 -2.393
SPIN 3 1 0 12 3.033 -2.794 4.242
SPIN 3 1 0 13 -3.128 4.291 -2.609
SPIN 3 1 0 14 4.489 -1.925 -3.337
SPIN 3 1 0 15 -4.771 2.790 -2.110
SPIN 2 1 0 0 1.535 3.575 4.457
SPIN 2 1 0 1 1.208 -4.629 -3.480
SPIN 2 1 0 2 -1.277 2.668 5.124
SPIN 2 1 0 3 -2.637 -3.759 3.731
SPIN 2 1 0 4 3.665 -4.621 0.460
SPIN 2 1 0 5 1.824 -4.828 -2.892
SPIN 2 1 0 6 -2.603 0.185 -5.309
SPIN 2 1 0 7 5.494 1.963 0.979
SPIN 2 1 0 8 -4.591 1.778 -3.281
SPIN 2 1 0 9 -1.810 -2.318 5.133
SPIN 2 1 0 10 -2.936 1.082 -5.021
SPIN 2 1 0 11 -1.197 1.544 -5.584
SPIN 2 1 0 12 -0.952 5.061 -2.912
SPIN 2 1 0 13 2.388 -2.392 -4.856
SPIN 2 1 0 14 4.009 0.362 -4.335
SPIN 2 1 0 15 -3.203 -1.619 -4.703
SPIN 3 1 1 0 -5.097 -0.258 2.993
SPIN 3 1 1 1 -0.217 0.630 -5.878
SPIN 3 1 1 2 -5.688 -0.593 -1.514
SPIN 3 1 1 3 1.297 -3.738 -4.398
SPIN 3 1 1 4 -3.128 -5.010 -0.335
SPIN 3 1 1 5 -3.329 4.810 0.887
SPIN 3 1 1 6 4.702 2.733 -2.329
SPIN 3 1 1 7 -5.844 0.708 -0.589
SPIN 3 1 1 8 -3.495 0.072 4.773
SPIN 3 1 1 9 -4.924 -0.289 -3.266
SPIN 3 1 1 10 3.983 -3.599 2.488
SPIN 3 1 1 11 0.532 -1.203 5.768
SPIN 3 1 1 12 -2.272 3.000 -4.565
SPIN 3 1 1 13 2.946 -3.857 -3.383
SPIN 3 1 1 14 -3.177 3.887 -3.130
SPIN 3 1 1 15 2.429 -4.911 2.233
SPIN 2 1 1 0 1.438 0.160 -5.736
SPIN 2 1 1 1 -4.172 -2.572 3.314
SPIN 2 1 1 2 0.993 4.955 -3.076
SPIN 2 1 1 3 -0.529 2.312 -5.420
SPIN 2 1 1 4 -1.275 3.943 -4.222
SPIN 2 1 1 5 1.878 -4.603 3.207
SPIN 2 1 1 6 -3.417 4.747 0.888
SPIN 2 1 1 7 -4.723 2.781 2.228
SPIN 2 1 1 8 5.574 -0.972 -1.728
SPIN 2 1 1 9 -3.163 -1.011 4.896
SPIN 2 1 1 10 4.322 1.885 3.573
SPIN 2 1 1 11 -4.222 3.401 2.368
SPIN 2 1 1 12 -3.218 0.926 4.877
SPIN 2 1 1 13 4.344 1.306 -3.798
SPIN 2 1 1 14 -2.813 -4.969 1.548
SPIN 2 1 1 15 -4.118 -3.797 -1.905
SPIN 3 1 2 0 2.244 -3.998 -3.739
SPIN 3 1 2 1 4.325 2.949 2.757
SPIN 3 1 2 2 -0.001 4.574 3.753
SPIN 3 1 2 3 5.540 1.027 1.803
SPIN 3 1 2 4 -1.066 2.860 5.068
SPIN 3 1 2 5 1.347 -1.134 -5.648
SPIN 3 1 2 6 2.265 -0.483 5.444
SPIN 3 1 2 7 -0.262 -5.894 -0.436
SPIN 3 1 2 8 1.929 3.534 -4.335
SPIN 3 1 2 9 0.925 -4.808 -3.321
SPIN 3 1 2 10 -2.411 -3.221 -4.337
SPIN 3 1 2 11 -0.976 -3.456 -4.702
SPIN 3 1 2 12 -4.959 2.017 2.517
SPIN 3 1 2 13 -4.474 0.468 3.842
SPIN 3 1 2 14 4.647 -3.428 -1.287
SPIN 3 1 2 15 -0.319 2.589 5.310
SPIN 2 1 2 0 -4.006 4.352 0.092
SPIN 2 1 2 1 -5.714 0.512 1.443
SPIN 2 1 2 2 -0.373 0.322 -5.896
SPIN 2 1 2 3 3.889 -4.401 -0.713
SPIN 2 1 2 4 -3.808 1.794 4.157
SPIN 2 1 2 5 0.036 3.273 -4.928
SPIN 2 1 2 6 -2.065 -5.521 0.506
SPIN 2 1 2 7 -2.627 2.590 4.625
SPIN 2 1 2 8 -5.384 -2.209 1.065
SPIN 2 1 2 9 4.251 -3.676 -1.850
SPIN 2 1 2 10 -5.156 2.831 -0.632
SPIN 2 1 2 11 4.228 -3.478 -2.242
SPIN 2 1 2 12 4.079 -3.359 2.660
SPIN 2 1 2 13 -2.135 4.283 3.478
SPIN 2 1 2 14 0.970 3.871 -4.367
SPIN 2 1 2 15 2.730 4.029 -3.364
SPIN 3 1 3 0 4.517 -2.597 2.801
SPIN 3 1 3 1 3.557 -3.896 2.678
SPIN 3 1 3 2 -4.781 2.755 -2.135
SPIN 3 1 3 3 -0.077 -5.636 -1.797
SPIN 3 1 3 4 -5.365 2.190 1.193
SPIN 3 1 3 5 -1.704 -4.079 -3.932
SPIN 3 1 3 6 1.637 -0.360 5.674
SPIN 3 1 3 7 3.813 2.196 -3.955
SPIN 3 1 3 8 -1.831 -0.952 5.544
SPIN 3 1 3 9 5.310 1.611 2.050
SPIN 3 1 3 10 -0.594 -5.875 0.369
SPIN 3 1 3 11 -4.046 2.233 3.694
SPIN 3 1 3 12 3.567 4.692 0.512
SPIN 3 1 3 13 2.272 -4.572 -2.989
SPIN 3 1 3 14 1.098 -1.216 5.685
SPIN 3 1 3 15 -5.140 0.962 -2.767
SPIN 2 1 3 0 -1.131 -1.638 5.571
SPIN 2 1 3 1 -2.314 -1.530 -5.225
SPIN 2 1 3 2 -2.542 -4.461 2.939
SPIN 2 1 3 3 4.998 -2.942 1.168
SPIN 2 1 3 4 -3.648 4.645 0.337
SPIN 2 1 3 5 5.567 -1.082 -1.685
SPIN 2 1 3 6 4.079 2.491 3.487
SPIN 2 1 3 7 3.604 -3.470 -3.158
SPIN 2 1 3 8 -2.357 1.442 5.231
SPIN 2 1 3 9 -5.279 2.317 -1.329
SPIN 2 1 3 10 1.616 -4.541 3.430
SPIN 2 1 3 11 4.032 3.551 -2.476
SPIN 2 1 3 12 -3.507 -4.516 -1.520
SPIN 2 1 3 13 1.443 -4.689 -3.306
SPIN 2 1 3 14 -1.764 -2.510 5.058
SPIN 2 1 3 15 5.384 1.901 -1.549
SPIN 3 1 4 0 -0.449 5.855 -0.719
SPIN 3 1 4 1 2.969 -0.738 -5.064
SPIN 3 1 4 2 3.820 -2.386 -3.837
SPIN 3 1 4 3 -5.772 1.272 -0.263
SPIN 3 1 4 4 1.110 4.650 -3.485
SPIN 3 1 4 5 3.186 3.154 3.860
SPIN 3 1 4 6 1.763 -5.647 0.051
SPIN 3 1 4 7 -0.153 -5.292 -2.640
SPIN 3 1 4 8 3.778 1.268 -4.373
SPIN 3 1 4 9 1.517 -1.840 5.414
SPIN 3 1 4 10 2.610 -0.135 5.308
SPIN 3 1 4 11 -3.961 1.458 4.145
SPIN 3 1 4 12 -4.525 -2.432 -2.934
SPIN 3 1 4 13 0.202 5.898 0.419
SPIN 3 1 4 14 2.472 5.252 1.143
SPIN 3 1 4 15 -1.305 -3.270 4.754
SPIN 2 1 4 0 -0.494 4.652 -3.621
SPIN 2 1 4 1 -0.414 -2.469 5.360
SPIN 2 1 4 2 0.774 4.779 -3.400
SPIN 2 1 4 3 -5.258 2.265 -1.490
SPIN 2 1 4 4 4.916 -2.916 1.525
SPIN 2 1 4 5 -3.379 2.364 4.242
SPIN 2 1 4 6 4.693 -2.510 2.583
SPIN 2 1 4 7 -5.629 -1.754 -0.486
SPIN 2 1 4 8 4.764 -2.649 2.299
SPIN 2 1 4 9 -4.325 2.187 -3.393
SPIN 2 1 4 10 3.715 -2.541 -3.840
SPIN 2 1 4 11 -4.965 1.749 2.700
SPIN 2 1 4 12 -0.597 -0.743 -5.839
SPIN 2 1 4 13 -1.488 2.639 5.082
SPIN 2 1 4 14 5.614 -0.576 -1.775
SPIN 2 1 4 15 3.320 4.695 -1.389
SPIN 3 1 5 0 3.721 0.952 -4.500
SPIN 3 1 5 1 -0.267 5.838 0.922
SPIN 3 1 5 2 -4.801 -3.181 -1.352
SPIN 3 1 5 3 -4.178 3.613 -2.119
SPIN 3 1 5 4 -4.009 -3.191 2.958
SPIN 3 1 5 5 0.206 0.382 5.900
SPIN 3 1 5 6 3.069 5.034 0.490
SPIN 3 1 5 7 3.626 0.129 4.673
SPIN 3 1 5 8 -1.606 -2.867 4.919
SPIN 3 1 5 9 3.377 4.669 -1.340
SPIN 3 1 5 10 0.864 -5.442 2.153
SPIN 3 1 5 11 -2.203 3.658 -4.095
SPIN 3 1 5 12 4.011 2.428 3.608
SPIN 3 1 5 13 2.686 -2.105 4.833
SPIN 3 1 5 14 -1.431 5.184 -2.466
SPIN 3 1 5 15 3.942 0.662 -4.361
SPIN 2 1 5 0 -2.472 3.425 -4.142
SPIN 2 1 5 1 -5.726 -0.207 -1.473
SPIN 2 1 5 2 -5.156 -1.691 2.358
SPIN 2 1 5 3 3.875 3.871 -2.235
SPIN 2 1 5 4 5.185 -0.985 -2.673
SPIN 2 1 5 5 4.982 3.136 -0.588
SPIN 2 1 5 6 -3.576 -4.541 -1.262
SPIN 2 1 5 7 5.652 -0.039 1.749
SPIN 2 1 5 8 -5.007 2.205 -2.252
SPIN 2 1 5 9 3.558 2.932 -3.708
SPIN 2 1 5 10 -2.294 -1.924 -5.103
SPIN 2 1 5 11 5.793 -0.867 -0.830
SPIN 2 1 5 12 -4.476 0.652 3.813
SPIN 2 1 5 13 5.167 -2.017 2.057
SPIN 2 1 5 14 -5.849 0.697 0.554
SPIN 2 1 5 15 5.541 -1.807 1.017
SPIN 3 1 6 0 3.899 2.345 3.782
SPIN 3 1 6 1 -5.067 3.044 0.243
SPIN 3 1 6 2 5.677 -1.170 1.186
SPIN 3 1 6 3 -1.513 0.232 5.715
SPIN 3 1 6 4 5.654 1.221 1.241
SPIN 3 1 6 5 -0.672 -3.591 4.653
SPIN 3 1 6 6 0.260 -5.616 -1.843
SPIN 3 1 6 7 -2.217 -5.429 -0.779
SPIN 3 1 6 8 -5.884 0.587 0.174
SPIN 3 1 6 9 1.590 -3.028 -4.827
SPIN 3 1 6 10 2.040 5.398 -1.306
SPIN 3 1 6 11 -0.651 -5.597 1.802
SPIN 3 1 6 12 4.378 -0.511 -3.946
SPIN 3 1 6 13 -0.382 -1.753 -5.637
SPIN 3 1 6 14 1.538 5.712 -0.078
SPIN 3 1 6 15 -5.073 0.659 -2.971
SPIN 2 1 6 0 0.315 5.868 -0.682
SPIN 2 1 6 1 -0.412 -5.560 -1.980
SPIN 2 1 6 2 4.398 -1.455 -3.680
SPIN 2 1 6 3 -1.566 -4.010 4.058
SPIN 2 1 6 4 4.499 2.340 3.046
SPIN 2 1 6 5 -5.447 1.584 -1.680
SPIN 2 1 6 6 -1.717 3.938 4.067
SPIN 2 1 6 7 -3.776 -3.856 -2.423
SPIN 2 1 6 8 2.955 0.062 5.125
SPIN 2 1 6 9 1.979 -3.745 4.130
SPIN 2 1 6 10 4.230 -0.890 4.039
SPIN 2 1 6 11 -2.752 0.113 -5.236
SPIN 2 1 6 12 5.254 1.520 2.256
SPIN 2 1 6 13 -5.779 1.144 -0.541
SPIN 2 1 6 14 4.767 -0.780 -3.416
SPIN 2 1 6 15 3.901 -3.768 2.364
SPIN 3 1 7 0 1.354 -5.642 1.155
SPIN 3 1 7 1 4.138 1.166 -4.064
SPIN 3 1 7 2 -0.175 0.771 -5.863
SPIN 3 1 7 3 3.173 3.698 -3.356
SPIN 3 1 7 4 1.657 1.238 -5.543
SPIN 3 1 7 5 0.480 4.243 4.095
SPIN 3 1 7 6 -4.691 1.935 3.042
SPIN 3 1 7 7 3.002 -3.342 3.849
SPIN 3 1 7 8 -0.045 -5.146 -2.919
SPIN 3 1 7 9 5.379 1.798 -1.683
SPIN 3 1 7 10 -2.037 3.548 -4.273
SPIN 3 1 7 11 -2.877 4.413 2.692
SPIN 3 1 7 12 1.734 -5.623 -0.610
SPIN 3 1 7 13 -5.640 0.071 1.784
SPIN 3 1 7 14 -1.112 -5.350 2.267
SPIN 3 1 7 15 -2.175 4.100 -3.669
SPIN 2 1 7 0 3.843 -3.301 3.055
SPIN 2 1 7 1 -4.886 1.957 -2.702
SPIN 2 1 7 2 -1.323 -5.444 1.902
SPIN 2 1 7 3 0.538 5.882 -0.342
SPIN 2 1 7 4 -2.920 -3.837 -3.427
SPIN 2 1 7 5 0.424 1.104 5.797
SPIN 2 1 7 6 -5.338 1.053 2.323
SPIN 2 1 7 7 -0.314 1.218 5.781
SPIN 2 1 7 8 2.761 -5.051 1.363
SPIN 2 1 7 9 0.741 5.111 -2.886
SPIN 2 1 7 10 -2.695 4.881 -1.978
SPIN 2 1 7 11 -1.387 1.914 5.423
SPIN 2 1 7 12 2.682 -1.683 -4.998
SPIN 2 1 7 13 -0.217 5.811 1.089
SPIN 2 1 7 14 -1.666 0.281 -5.670
SPIN 2 1 7 15 4.383 0.828 -3.886
SPIN 3 1 8 0 4.267 -3.874 -1.335
SPIN 3 1 8 1 -0.799 -2.775 5.164
SPIN 3 1 8 2 0.373 -5.725 1.444
SPIN 3 1 8 3 5.799 -1.125 0.323
SPIN 3 1 8 4 -3.093 4.222 -2.758
SPIN 3 1 8 5 -0.825 -5.501 -2.015
SPIN 3 1 8 6 -0.446 1.221 5.771
SPIN 3 1 8 7 4.179 -4.042 -1.093
SPIN 3 1 8 8 -1.084 3.599 4.568
SPIN 3 1 8 9 -3.939 -4.311 -0.949
SPIN 3 1 8 10 3.940 0.200 -4.409
SPIN 3 1 8 11 -0.353 0.157 5.903
SPIN 3 1 8 12 2.762 4.869 1.915
SPIN 3 1 8 13 -3.048 1.746 -4.760
SPIN 3 1 8 14 2.562 4.288 3.169
SPIN 3 1 8 15 0.692 -5.670 -1.540
SPIN 2 1 8 0 -2.570 -4.727 -2.459
SPIN 2 1 8 1 3.426 4.698 -1.091
SPIN 2 1 8 2 0.660 -3.917 4.384
SPIN 2 1 8 3 -4.890 -2.036 -2.635
SPIN 2 1 8 4 -0.661 3.940 4.363
SPIN 2 1 8 5 -5.415 1.591 -1.774
SPIN 2 1 8 6 5.087 2.883 0.897
SPIN 2 1 8 7 0.937 4.166 -4.095
SPIN 2 1 8 8 1.295 3.076 -4.885
SPIN 2 1 8 9 -3.198 -3.380 3.653
SPIN 2 1 8 10 5.885 0.541 -0.263
SPIN 2 1 8 11 -4.334 1.917 3.542
SPIN 2 1 8 12 -2.203 2.650 -4.809
SPIN 2 1 8 13 3.086 -1.584 -4.792
SPIN 2 1 8 14 -3.302 -4.804 1.006
SPIN 2 1 8 15 3.076 2.093 4.600
SPIN 3 1 9 0 -5.517 0.737 2.005
SPIN 3 1 9 1 -4.287 3.277 -2.426
SPIN 3 1 9 2 -5.387 -0.943 2.255
SPIN 3 1 9 3 -2.131 3.786 4.015
SPIN 3 1 9 4 5.055 -2.695 -1.478
SPIN 3 1 9 5 -0.226 -3.350 -4.871
SPIN 3 1 9 6 4.406 -3.912 -0.534
SPIN 3 1 9 7 -3.320 4.691 1.406
SPIN 3 1 9 8 5.670 1.547 -0.675
SPIN 3 1 9 9 -2.413 -5.240 -1.311
SPIN 3 1 9 10 5.217 0.379 2.765
SPIN 3 1 9 11 2.938 -4.985 -1.233
SPIN 3 1 9 12 0.887 -5.839 -0.349
SPIN 3 1 9 13 4.995 -3.156 0.302
SPIN 3 1 9 14 1.511 5.703 -0.442
SPIN 3 1 9 15 5.392 -2.287 0.836
SPIN 2 1 9 0 2.049 5.549 0.108
SPIN 2 1 9 1 -5.609 1.495 -1.144
SPIN 2 1 9 2 1.989 -5.333 -1.613
SPIN 2 1 9 3 -4.283 0.534 4.046
SPIN 2 1 9 4 -5.009 0.508 -3.107
SPIN 2 1 9 5 -2.252 1.526 5.254
SPIN 2 1 9 6 1.892 -2.191 5.160
SPIN 2 1 9 7 -0.415 5.762 -1.275
SPIN 2 1 9 8 -4.235 -3.212 -2.597
SPIN 2 1 9 9 0.625 3.238 4.912
SPIN 2 1 9 10 0.012 4.549 -3.782
SPIN 2 1 9 11 2.388 2.230 -4.932
SPIN 2 1 9 12 1.233 -0.721 5.741
SPIN 2 1 9 13 1.427 3.613 4.462
SPIN 2 1 9 14 -0.420 -4.119 -4.226
SPIN 2 1 9 15 -5.242 -2.642 -0.733
SPIN 3 1 10 0 2.283 0.235 -5.453
SPIN 3 1 10 1 3.638 -4.287 1.840
SPIN 3 1 10 2 5.213 1.778 2.160
SPIN 3 1 10 3 4.472 -3.731 -1.039
SPIN 3 1 10 4 -2.926 0.279 5.134
SPIN 3 1 10 5 3.053 1.167 -4.931
SPIN 3 1 10 6 -4.105 1.472 3.998
SPIN 3 1 10 7 3.771 4.060 2.074
SPIN 3 1 10 8 -2.557 -5.092 1.592
SPIN 3 1 10 9 0.142 -0.032 -5.914
SPIN 3 1 10 10 -5.718 1.027 1.115
SPIN 3 1 10 11 -4.820 -3.242 1.119
SPIN 3 1 10 12 -2.717 3.033 -4.292
SPIN 3 1 10 13 0.246 5.794 1.168
SPIN 3 1 10 14 5.178 -1.527 2.421
SPIN 3 1 10 15 5.200 -0.058 2.821
SPIN 2 1 10 0 -5.503 -1.593 1.475
SPIN 2 1 10 1 -0.258 2.105 5.523
SPIN 2 1 10 2 0.718 1.080 -5.772
SPIN 2 1 10 3 5.301 -2.575 -0.514
SPIN 2 1 10 4 -2.801 0.440 5.193
SPIN 2 1 10 5 0.424 -2.135 -5.501
SPIN 2 1 10 6 -0.902 -2.684 5.194
SPIN 2 1 10 7 3.715 -4.600 0.209
SPIN 2 1 10 8 -1.330 -3.860 -4.282
SPIN 2 1 10 9 -1.895 -5.599 -0.246
SPIN 2 1 10 10 3.508 3.073 3.640
SPIN 2 1 10 11 -3.412 -3.693 3.118
SPIN 2 1 10 12 -0.512 -5.414 -2.330
SPIN 2 1 10 13 4.915 2.171 -2.476
SPIN 2 1 10 14 -0.704 5.873 0.108
SPIN 2 1 10 15 -1.012 0.125 -5.827
SPIN 3 1 11 0 5.378 -1.739 1.747
SPIN 3 1 11 1 -1.567 4.037 -4.030
SPIN 3 1 11 2 -3.897 3.593 -2.627
SPIN 3 1 11 3 -1.368 4.325 3.798
SPIN 3 1 11 4 3.451 -4.778 -0.505
SPIN 3 1 11 5 4.418 2.583 -2.967
SPIN 3 1 11 6 -4.214 -0.390 4.134
SPIN 3 1 11 7 -3.881 1.154 4.314
SPIN 3 1 11 8 -1.298 -2.028 -5.404
SPIN 3 1 11 9 -3.805 1.471 4.285
SPIN 3 1 11 10 2.639 -3.196 -4.222
SPIN 3 1 11 11 -0.463 5.837 0.845
SPIN 3 1 11 12 -0.663 2.129 -5.480
SPIN 3 1 11 13 -0.760 -5.478 -2.100
SPIN 3 1 11 14 -5.863 -0.604 0.507
SPIN 3 1 11 15 2.656 -3.291 -4.137
SPIN 2 1 11 0 5.221 -1.222 2.500
SPIN 2 1 11 1 -5.308 2.366 -1.110
SPIN 2 1 11 2 2.080 2.646 -4.865
SPIN 2 1 11 3 -1.843 -5.500 1.161
SPIN 2 1 11 4 3.924 3.246 -3.011
SPIN 2 1 11 5 0.210 5.406 2.394
SPIN 2 1 11 6 -3.612 -4.505 -1.290
SPIN 2 1 11 7 -5.089 1.877 2.363
SPIN 2 1 11 8 -2.794 0.784 -5.155
SPIN 2 1 11 9 5.430 1.679 -1.642
SPIN 2 1 11 10 -3.326 3.432 3.486
SPIN 2 1 11 11 -3.688 -3.251 -3.291
SPIN 2 1 11 12 -2.128 5.515 -0.250
SPIN 2 1 11 13 5.666 -0.255 1.682
SPIN 2 1 11 14 -3.721 -1.147 -4.454
SPIN 2 1 11 15 -0.258 4.105 4.252
SPIN 3 1 12 0 -1.583 -5.696 0.234
SPIN 3 1 12 1 5.122 1.771 2.373
SPIN 3 1 12 2 -3.092 2.471 4.398
SPIN 3 1 12 3 -2.792 -5.042 1.336
SPIN 3 1 12 4 5.645 1.767 0.082
SPIN 3 1 12 5 -1.526 4.946 -2.866
SPIN 3 1 12 6 -4.087 -2.438 3.514
SPIN 3 1 12 7 0.072 -5.593 -1.928
SPIN 3 1 12 8 3.510 -0.371 4.748
SPIN 3 1 12 9 -4.369 -3.873 -0.954
SPIN 3 1 12 10 0.637 5.766 -1.163
SPIN 3 1 12 11 -0.555 -5.863 -0.561
SPIN 3 1 12 12 3.291 -1.135 4.783
SPIN 3 1 12 13 3.261 -3.160 3.792
SPIN 3 1 12 14 1.763 -5.577 -0.885
SPIN 3 1 12 15 -2.781 5.134 0.952
SPIN 2 1 12 0 -4.985 -0.326 -3.169
SPIN 2 1 12 1 5.312 -1.506 2.125
SPIN 2 1 12 2 5.696 -1.174 1.087
SPIN 2 1 12 3 -3.768 3.291 3.158
SPIN 2 1 12 4 -4.540 -2.405 2.934
SPIN 2 1 12 5 -1.940 4.214 -3.671
SPIN 2 1 12 6 -4.331 -1.383 -3.786
SPIN 2 1 12 7 3.533 2.450 4.063
SPIN 2 1 12 8 2.009 1.295 5.412
SPIN 2 1 12 9 0.991 -3.882 -4.353
SPIN 2 1 12 10 5.855 -0.752 -0.392
SPIN 2 1 12 11 4.891 0.174 3.324
SPIN 2 1 12 12 -4.680 -0.856 -3.517
SPIN 2 1 12 13 -4.825 -0.550 3.379
SPIN 2 1 12 14 -0.323 5.853 0.796
SPIN 2 1 12 15 -2.038 5.420 1.215
SPIN 3 1 13 0 0.856 5.803 0.772
SPIN 3 1 13 1 -5.215 0.686 -2.707
SPIN 3 1 13 2 1.631 -3.159 -4.729
SPIN 3 1 13 3 2.016 0.974 -5.476
SPIN 3 1 13 4 2.118 1.533 5.307
SPIN 3 1 13 5 -0.756 5.602 1.745
SPIN 3 1 13 6 -2.530 0.366 -5.335
SPIN 3 1 13 7 -5.332 -0.657 2.477
SPIN 3 1 13 8 1.533 -3.570 -4.461
SPIN 3 1 13 9 -5.790 0.850 -0.867
SPIN 3 1 13 10 -2.721 -4.900 1.894
SPIN 3 1 13 11 3.629 1.698 -4.353
SPIN 3 1 13 12 3.534 -4.445 1.660
SPIN 3 1 13 13 -1.842 5.584 -0.653
SPIN 3 1 13 14 -2.292 -4.268 3.395
SPIN 3 1 13 15 3.946 -4.395 -0.338
SPIN 2 1 13 0 -3.057 4.311 -2.659
SPIN 2 1 13 1 5.586 -0.999 -1.673
SPIN 2 1 13 2 -5.438 1.911 -1.334
SPIN 2 1 13 3 4.688 -3.515 -0.818
SPIN 2 1 13 4 -2.014 -5.104 -2.212
SPIN 2 1 13 5 3.845 -3.837 2.343
SPIN 2 1 13 6 1.264 3.162 4.838
SPIN 2 1 13 7 -5.068 -2.586 1.619
SPIN 2 1 13 8 -2.695 -2.804 -4.458
SPIN 2 1 13 9 -5.744 -1.248 0.667
SPIN 2 1 13 10 1.574 -0.060 -5.702
SPIN 2 1 13 11 1.709 4.755 3.077
SPIN 2 1 13 12 2.508 -5.039 -1.821
SPIN 2 1 13 13 -5.699 -0.865 -1.333
SPIN 2 1 13 14 4.876 2.078 -2.628
SPIN 2 1 13 15 4.353 3.550 1.858
SPIN 3 1 14 0 -2.269 5.424 0.658
SPIN 3 1 14 1 1.389 5.645 -1.097
SPIN 3 1 14 2 3.122 -1.056 4.913
SPIN 3 1 14 3 -2.978 4.354 2.678
SPIN 3 1 14 4 -0.133 -5.766 -1.318
SPIN 3 1 14 5 -4.876 -3.225 0.910
SPIN 3 1 14 6 1.219 -5.639 -1.309
SPIN 3 1 14 7 0.648 3.016 -5.048
SPIN 3 1 14 8 3.117 -2.877 4.124
SPIN 3 1 14 9 -4.025 -3.497 -2.563
SPIN 3 1 14 10 5.561 -1.184 -1.636
SPIN 3 1 14 11 -3.870 4.347 1.062
SPIN 3 1 14 12 3.947 4.266 -1.105
SPIN 3 1 14 13 -0.441 4.444 3.880
SPIN 3 1 14 14 -1.300 2.379 -5.258
SPIN 3 1 14 15 1.269 -5.501 -1.769
SPIN 2 1 14 0 1.343 4.172 -3.974
SPIN 2 1 14 1 -3.007 -4.074 3.060
SPIN 2 1 14 2 2.261 -4.136 -3.575
SPIN 2 1 14 3 5.358 -1.301 2.143
SPIN 2 1 14 4 -5.311 1.756 1.926
SPIN 2 1 14 5 -1.630 3.187 4.710
SPIN 2 1 14 6 4.137 -4.141 0.860
SPIN 2 1 14 7 1.929 4.242 -3.644
SPIN 2 1 14 8 2.538 2.289 -4.829
SPIN 2 1 14 9 5.046 1.093 2.889
SPIN 2 1 14 10 0.214 4.691 3.598
SPIN 2 1 14 11 -2.157 -4.611 -3.014
SPIN 2 1 14 12 -0.766 5.649 1.580
SPIN 2 1 14 13 4.954 -2.789 1.636
SPIN 2 1 14 14 -5.038 1.995 -2.374
SPIN 2 1 14 15 -1.349 0.288 5.753
SPIN 3 1 15 0 3.315 -0.471 4.878
SPIN 3 1 15 1 2.226 -5.386 -1.018
SPIN 3 1 15 2 -5.349 2.469 0.539
SPIN 3 1 15 3 5.665 -1.679 -0.291
SPIN 3 1 15 4 -3.253 -2.791 4.077
SPIN 3 1 15 5 3.629 -3.248 -3.359
SPIN 3 1 15 6 3.523 -2.515 4.033
SPIN 3 1 15 7 -1.942 -5.426 1.336
SPIN 3 1 15 8 -5.182 2.398 1.547
SPIN 3 1 15 9 5.252 1.812 -2.033
SPIN 3 1 15 10 -4.010 4.266 0.851
SPIN 3 1 15 11 0.708 -5.563 1.884
SPIN 3 1 15 12 -3.066 0.698 5.012
SPIN 3 1 15 13 5.061 2.240 2.091
SPIN 3 1 15 14 4.555 1.814 3.310
SPIN 3 1 15 15 -5.001 2.344 -2.120
SPIN 2 1 15 0 1.026 -5.403 -2.182
SPIN 2 1 15 1 -4.856 3.373 0.215
SPIN 2 1 15 2 4.446 -2.680 2.837
SPIN 2 1 15 3 -1.772 1.901 5.315
SPIN 2 1 15 4 0.890 -4.726 -3.445
SPIN 2 1 15 5 -0.850 -1.524 5.653
SPIN 2 1 15 6 3.626 4.672 0.130
SPIN 2 1 15 7 -2.599 -3.227 -4.223
SPIN 2 1 15 8 -0.773 4.840 3.313
SPIN 2 1 15 9 3.213 -0.544 -4.937
SPIN 2 1 15 10 1.428 4.733 3.250
SPIN 2 1 15 11 3.670 -4.062 2.242
SPIN 2 1 15 12 -5.606 -1.678 0.873
SPIN 2 1 15 13 -3.547 -2.251 -4.166
SPIN 2 1 15 14 -0.022 -4.812 3.441
SPIN 2 1 15 15 0.711 4.226 4.079
SPIN 1 2 0 0 3.594 4.148 2.208
SPIN 1 2 0 1 -0.923 -1.541 5.637
SPIN 1 2 0 2 -5.053 -1.143 2.857
SPIN 1 2 0 3 -0.046 4.170 -4.197
SPIN 1 2 0 4 5.290 2.592 -0.546
SPIN 1 2 0 5 -3.880 -4.400 0.765
SPIN 1 2 0 6 -3.924 2.590 -3.591
SPIN 1 2 0 7 -1.885 5.600 0.301
SPIN 1 2 0 8 0.277 -1.244 5.777
SPIN 1 2 0 9 4.430 -0.220 3.915
SPIN 1 2 0 10 -4.914 2.201 -2.452
SPIN 1 2 0 11 -5.854 0.647 -0.564
SPIN 1 2 0 12 2.584 5.319 -0.193
SPIN 1 2 0 13 -4.076 -1.182 -4.122
SPIN 1 2 0 14 5.175 -0.085 -2.866
SPIN 1 2 0 15 -3.767 -1.172 -4.409
SPIN 4 2 0 0 -2.871 4.490 2.568
SPIN 4 2 0 1 2.669 5.216 0.815
SPIN 4 2 0 2 -4.216 3.389 -2.396
SPIN 4 2 0 3 1.576 4.748 3.158
SPIN 4 2 0 4 -1.363 -1.102 -5.651
SPIN 4 2 0 5 3.934 -4.213 1.333
SPIN 4 2 0 6 0.807 3.276 4.860
SPIN 4 2 0 7 1.655 -3.918 -4.113
SPIN 4 2 0 8 -3.929 3.763 -2.324
SPIN 4 2 0 9 0.470 -0.167 -5.895
SPIN 4 2 0 10 -5.318 2.320 1.157
SPIN 4 2 0 11 -4.149 4.141 0.795
SPIN 4 2 0 12 -2.343 -4.607 2.877
SPIN 4 2 0 13 -2.611 2.858 -4.474
SPIN 4 2 0 14 2.290 -3.094 4.493
SPIN 4 2 0 15 -1.201 -5.567 -1.602
SPIN 1 2 1 0 -0.428 -1.440 -5.722
SPIN 1 2 1 1 2.101 -5.305 1.563
SPIN 1 2 1 2 4.817 -1.958 -2.821
SPIN 1 2 1 3 -4.557 -2.708 -2.627
SPIN 1 2 1 4 -3.373 -3.057 -3.778
SPIN 1 2 1 5 5.797 0.581 1.026
SPIN 1 2 1 6 5.682 0.390 1.599
SPIN 1 2 1 7 3.134 -3.898 -3.160
SPIN 1 2 1 8 -4.779 3.457 0.464
SPIN 1 2 1 9 3.220 -0.468 -4.941
SPIN 1 2 1 10 3.451 3.863 2.858
SPIN 1 2 1 11 0.337 5.635 -1.771
SPIN 1 2 1 12 -1.366 -3.820 4.306
SPIN 1 2 1 13 1.213 4.397 3.767
SPIN 1 2 1 14 1.870 2.717 4.911
SPIN 1 2 1 15 -0.193 5.274 -2.673
SPIN 4 2 1 0 -0.670 3.641 4.614
SPIN 4 2 1 1 3.800 -2.352 3.877
SPIN 4 2 1 2 -5.182 -1.002 -2.672
SPIN 4 2 1 3 5.372 0.409 -2.445
SPIN 4 2 1 4 -3.578 4.530 -1.295
SPIN 4 2 1 5 1.070 -0.904 5.748
SPIN 4 2 1 6 3.652 4.285 -1.817
SPIN 4 2 1 7 -5.847 -0.902 -0.008
SPIN 4 2 1 8 4.774 -1.536 -3.138
SPIN 4 2 1 9 -4.057 4.231 -0.802
SPIN 4 2 1 10 -2.003 5.541 0.537
SPIN 4 2 1 11 -1.601 -1.427 -5.514
SPIN 4 2 1 12 -0.877 2.872 5.097
SPIN 4 2 1 13 -5.667 -1.435 -0.911
SPIN 4 2 1 14 -2.437 -3.620 -3.994
SPIN 4 2 1 15 -4.939 2.276 2.331
SPIN 1 2 2 0 1.565 -1.209 -5.576
SPIN 1 2 2 1 0.787 -3.460 -4.734
SPIN 1 2 2 2 -4.686 -1.476 3.295
SPIN 1 2 2 3 5.821 -0.681 0.811
SPIN 1 2 2 4 -4.962 -1.131 3.017
SPIN 1 2 2 5 3.495 -4.731 -0.633
SPIN 1 2 2 6 -2.654 0.851 -5.218
SPIN 1 2 2 7 -3.561 3.302 3.378
SPIN 1 2 2 8 -1.149 -3.090 4.913
SPIN 1 2 2 9 -3.188 3.027 3.959
SPIN 1 2 2 10 2.229 0.363 5.468
SPIN 1 2 2 11 2.318 3.975 3.718
SPIN 1 2 2 12 3.118 4.966 0.784
SPIN 1 2 2 13 -3.174 -4.691 1.709
SPIN 1 2 2 14 -5.621 1.415 -1.184
SPIN 1 2 2 15 -4.937 1.849 2.685
SPIN 4 2 2 0 3.521 -2.956 3.724
SPIN 4 2 2 1 -1.928 -1.092 -5.486
SPIN 4 2 2 2 1.815 -2.862 4.849
SPIN 4 2 2 3 -5.526 -2.052 -0.502
SPIN 4 2 2 4 5.458 -2.149 0.766
SPIN 4 2 2 5 -3.298 3.718 3.210
SPIN 4 2 2 6 3.751 4.460 -1.020
SPIN 4 2 2 7 5.896 -0.289 0.395
SPIN 4 2 2 8 0.038 2.466 -5.378
SPIN 4 2 2 9 1.140 -4.713 -3.389
SPIN 4 2 2 10 -5.318 -1.008 2.389
SPIN 4 2 2 11 3.001 -2.845 -4.231
SPIN 4 2 2 12 0.419 -5.610 -1.829
SPIN 4 2 2 13 2.330 -3.533 -4.134
SPIN 4 2 2 14 3.450 2.489 4.111
SPIN 4 2 2 15 3.279 3.186 -3.754
SPIN 1 2 3 0 0.633 -5.858 0.529
SPIN 1 2 3 1 2.323 -1.240 5.298
SPIN 1 2 3 2 -0.732 5.869 -0.140
SPIN 1 2 3 3 3.591 -3.883 2.651
SPIN 1 2 3 4 5.831 -0.997 0.018
SPIN 1 2 3 5 1.495 5.392 -1.922
SPIN 1 2 3 6 -4.092 -0.646 4.224
SPIN 1 2 3 7 -0.778 1.310 -5.717
SPIN 1 2 3 8 -3.574 -0.570 -4.680
SPIN 1 2 3 9 3.279 -4.924 0.023
SPIN 1 2 3 10 -4.987 -0.690 -3.107
SPIN 1 2 3 11 0.583 -5.421 -2.297
SPIN 1 2 3 12 -4.774 2.837 2.041
SPIN 1 2 3 13 5.286 -0.208 -2.649
SPIN 1 2 3 14 1.153 3.730 4.445
SPIN 1 2 3 15 -2.898 0.927 -5.074
SPIN 4 2 3 0 -4.324 4.013 -0.452
SPIN 4 2 3 1 -1.166 5.782 0.463
SPIN 4 2 3 2 -4.895 2.930 1.567
SPIN 4 2 3 3 -5.451 -1.547 -1.702
SPIN 4 2 3 4 -4.628 2.211 -2.948
SPIN 4 2 3 5 0.116 -5.279 2.668
SPIN 4 2 3 6 -1.312 0.726 5.723
SPIN 4 2 3 7 4.989 -2.474 1.998
SPIN 4 2 3 8 -3.312 -4.700 -1.393
SPIN 4 2 3 9 -1.310 2.382 -5.255
SPIN 4 2 3 10 0.263 4.238 -4.119
SPIN 4 2 3 11 4.175 3.476 -2.342
SPIN 4 2 3 12 3.690 -0.212 4.619
SPIN 4 2 3 13 3.493 2.258 -4.207
SPIN 4 2 3 14 -5.741 -0.663 1.264
SPIN 4 2 3 15 5.614 -0.255 1.849
SPIN 1 2 4 0 5.652 -0.777 1.565
SPIN 1 2 4 1 0.303 0.730 5.863
SPIN 1 2 4 2 2.590 -5.030 1.729
SPIN 1 2 4 3 -2.100 -3.941 -3.880
SPIN 1 2 4 4 2.500 5.302 0.801
SPIN 1 2 4 5 0.711 -2.085 5.491
SPIN 1 2 4 6 3.815 -2.275 3.908
SPIN 1 2 4 7 -3.163 4.559 -2.053
SPIN 1 2 4 8 3.720 4.454 -1.153
SPIN 1 2 4 9 -4.635 3.624 0.623
SPIN 1 2 4 10 -3.036 -0.415 -5.060
SPIN 1 2 4 11 -3.099 4.875 -1.279
SPIN 1 2 4 12 5.414 0.978 -2.175
SPIN 1 2 4 13 -0.422 -1.263 5.764
SPIN 1 2 4 14 2.144 -1.180 -5.386
SPIN 1 2 4 15 -5.452 0.496 -2.244
SPIN 4 2 4 0 1.305 -5.753 0.444
SPIN 4 2 4 1 -2.523 -4.163 3.362
SPIN 4 2 4 2 4.354 3.539 1.875
SPIN 4 2 4 3 5.273 2.542 0.856
SPIN 4 2 4 4 2.039 -5.425 -1.190
SPIN 4 2 4 5 -1.700 3.305 -4.603
SPIN 4 2 4 6 -4.413 3.472 1.863
SPIN 4 2 4 7 -5.430 1.989 -1.249
SPIN 4 2 4 8 5.271 0.833 -2.555
SPIN 4 2 4 9 2.453 -5.370 0.386
SPIN 4 2 4 10 -2.505 -3.099 4.373
SPIN 4 2 4 11 -1.556 -5.203 -2.348
SPIN 4 2 4 12 -0.339 5.637 1.764
SPIN 4 2 4 13 -3.082 4.993 0.754
SPIN 4 2 4 14 -4.907 -1.053 -3.133
SPIN 4 2 4 15 -4.730 -0.327 -3.538
SPIN 1 2 5 0 -1.983 5.552 -0.492
SPIN 1 2 5 1 4.380 -3.207 -2.352
SPIN 1 2 5 2 -4.886 1.488 -2.985
SPIN 1 2 5 3 -1.869 0.832 5.551
SPIN 1 2 5 4 3.317 -4.881 -0.423
SPIN 1 2 5 5 -0.276 2.695 -5.259
SPIN 1 2 5 6 4.472 2.493 2.963
SPIN 1 2 5 7 4.753 1.659 3.108
SPIN 1 2 5 8 -0.870 -2.659 -5.213
SPIN 1 2 5 9 0.317 -1.025 -5.818
SPIN 1 2 5 10 1.283 2.085 -5.386
SPIN 1 2 5 11 3.407 -4.823 -0.361
SPIN 1 2 5 12 3.037 3.655 -3.524
SPIN 1 2 5 13 -0.080 3.451 -4.805
SPIN 1 2 5 14 1.982 -3.068 4.654
SPIN 1 2 5 15 2.689 -5.269 -0.074
SPIN 4 2 5 0 3.280 -4.829 0.961
SPIN 4 2 5 1 -0.156 -1.402 5.746
SPIN 4 2 5 2 -3.912 0.479 -4.412
SPIN 4 2 5 3 -0.610 -4.638 -3.622
SPIN 4 2 5 4 -5.198 1.095 2.604
SPIN 4 2 5 5 2.894 -3.823 -3.465
SPIN 4 2 5 6 -3.580 3.646 2.982
SPIN 4 2 5 7 -4.991 -2.540 1.908
SPIN 4 2 5 8 0.279 3.065 5.053
SPIN 4 2 5 9 -0.298 4.890 3.317
SPIN 4 2 5 10 3.881 1.340 4.260
SPIN 4 2 5 11 3.432 4.818 0.042
SPIN 4 2 5 12 -4.842 2.417 -2.389
SPIN 4 2 5 13 -0.285 -1.060 5.813
SPIN 4 2 5 14 -0.353 5.759 -1.307
SPIN 4 2 5 15 -5.893 0.511 0.117
SPIN 1 2 6 0 -4.260 -4.105 0.029
SPIN 1 2 6 1 5.775 -1.025 0.777
SPIN 1 2 6 2 4.678 -3.578 -0.559
SPIN 1 2 6 3 -4.507 3.659 1.138
SPIN 1 2 6 4 5.365 1.869 1.650
SPIN 1 2 6 5 2.271 -2.345 -4.934
SPIN 1 2 6 6 4.486 -1.358 -3.610
SPIN 1 2 6 7 -1.852 3.667 4.257
SPIN 1 2 6 8 5.888 -0.043 0.569
SPIN 1 2 6 9 -3.096 -4.217 2.763
SPIN 1 2 6 10 5.067 -1.893 -2.396
SPIN 1 2 6 11 1.272 5.645 1.231
SPIN 1 2 6 12 2.371 0.263 -5.414
SPIN 1 2 6 13 1.411 -3.866 -4.250
SPIN 1 2 6 14 0.326 5.906 0.109
SPIN 1 2 6 15 -5.068 -2.455 -1.812
SPIN 4 2 6 0 -4.199 2.231 -3.519
SPIN 4 2 6 1 -3.684 0.947 4.531
SPIN 4 2 6 2 2.580 -4.533 2.792
SPIN 4 2 6 3 2.570 4.238 -3.231
SPIN 4 2 6 4 -3.343 -1.824 4.528
SPIN 4 2 6 5 -1.621 -4.094 3.952
SPIN 4 2 6 6 -3.024 -0.071 -5.084
SPIN 4 2 6 7 1.393 2.733 -5.059
SPIN 4 2 6 8 0.930 -5.376 2.288
SPIN 4 2 6 9 -2.466 0.186 -5.375
SPIN 4 2 6 10 -5.443 2.136 0.898
SPIN 4 2 6 11 -3.916 -3.898 2.115
SPIN 4 2 6 12 -1.236 -0.915 5.713
SPIN 4 2 6 13 2.686 4.365 -2.955
SPIN 4 2 6 14 -3.632 -4.463 -1.376
SPIN 4 2 6 15 5.874 0.648 0.279
SPIN 1 2 7 0 -0.876 -5.817 -0.626
SPIN 1 2 7 1 3.423 2.045 -4.371
SPIN 1 2 7 2 -5.166 0.836 2.759
SPIN 1 2 7 3 3.857 4.399 0.878
SPIN 1 2 7 4 0.462 -4.479 -3.838
SPIN 1 2 7 5 5.431 -0.357 -2.319
SPIN 1 2 7 6 0.244 5.532 -2.083
SPIN 1 2 7 7 -0.430 5.859 -0.701
SPIN 1 2 7 8 -2.878 4.261 -2.926
SPIN 1 2 7 9 5.484 1.376 -1.740
SPIN 1 2 7 10 -5.065 -0.509 -3.015
SPIN 1 2 7 11 4.341 -3.671 -1.636
SPIN 1 2 7 12 -4.794 1.445 3.152
SPIN 1 2 7 13 2.386 -1.806 5.104
SPIN 1 2 7 14 0.468 -2.222 -5.463
SPIN 1 2 7 15 3.253 -1.251 4.781
SPIN 4 2 7 0 0.534 1.368 5.731
SPIN 4 2 7 1 -5.246 2.462 1.191
SPIN 4 2 7 2 -2.079 5.529 0.334
SPIN 4 2 7 3 1.275 -5.668 1.118
SPIN 4 2 7 4 1.458 -1.650 5.491
SPIN 4 2 7 5 3.718 1.034 4.484
SPIN 4 2 7 6 -3.098 -3.700 -3.422
SPIN 4 2 7 7 -5.840 -0.931 0.175
SPIN 4 2 7 8 2.812 5.140 0.819
SPIN 4 2 7 9 -2.006 -1.448 5.374
SPIN 4 2 7 10 -4.639 0.892 -3.561
SPIN 4 2 7 11 1.075 -5.684 -1.239
SPIN 4 2 7 12 -1.694 3.843 4.167
SPIN 4 2 7 13 2.453 -0.082 5.383
SPIN 4 2 7 14 -0.020 -5.049 -3.084
SPIN 4 2 7 15 1.280 5.730 -0.727
SPIN 1 2 8 0 -1.439 3.236 -4.739
SPIN 1 2 8 1 -4.475 -1.437 3.593
SPIN 1 2 8 2 4.337 -2.007 -3.487
SPIN 1 2 8 3 4.781 -2.914 -1.911
SPIN 1 2 8 4 -2.134 5.517 -0.088
SPIN 1 2 8 5 -2.281 3.410 -4.262
SPIN 1 2 8 6 -5.664 -1.586 0.630
SPIN 1 2 8 7 -0.253 3.539 4.734
SPIN 1 2 8 8 -5.064 1.898 -2.399
SPIN 1 2 8 9 -5.894 -0.278 -0.429
SPIN 1 2 8 10 3.982 2.336 3.699
SPIN 1 2 8 11 -3.407 -2.161 4.327
SPIN 1 2 8 12 2.541 4.065 3.467
SPIN 1 2 8 13 -0.735 1.750 -5.603
SPIN 1 2 8 14 0.226 0.536 -5.887
SPIN 1 2 8 15 2.566 -5.330 0.055
SPIN 4 2 8 0 0.449 -4.176 4.166
SPIN 4 2 8 1 -0.271 4.464 -3.873
SPIN 4 2 8 2 -1.892 -5.527 0.936
SPIN 4 2 8 3 4.425 1.993 -3.384
SPIN 4 2 8 4 2.016 -0.255 5.556
SPIN 4 2 8 5 3.220 -1.340 -4.779
SPIN 4 2 8 6 3.943 -2.535 -3.609
SPIN 4 2 8 7 -2.806 2.948 4.293
SPIN 4 2 8 8 5.416 1.950 -1.364
SPIN 4 2 8 9 -2.905 3.776 3.508
SPIN 4 2 8 10 4.884 -2.309 -2.412
SPIN 4 2 8 11 5.775 -1.247 -0.310
SPIN 4 2 8 12 -2.072 -1.034 5.444
SPIN 4 2 8 13 0.178 5.536 2.078
SPIN 4 2 8 14 -3.939 -2.284 -3.777
SPIN 4 2 8 15 -4.026 4.329 -0.233
SPIN 1 2 9 0 4.934 -1.255 -3.013
SPIN 1 2 9 1 -5.630 -1.750 0.493
SPIN 1 2 9 2 4.025 -1.335 4.126
SPIN 1 2 9 3 4.929 2.303 2.325
SPIN 1 2 9 4 4.307 -1.968 -3.547
SPIN 1 2 9 5 3.775 -1.332 4.356
SPIN 1 2 9 6 -5.390 1.043 -2.205
SPIN 1 2 9 7 2.344 -5.420 0.358
SPIN 1 2 9 8 -0.396 -0.844 -5.842
SPIN 1 2 9 9 1.357 -5.708 0.759
SPIN 1 2 9 10 -5.353 -1.432 -2.074
SPIN 1 2 9 11 1.660 2.778 -4.953
SPIN 1 2 9 12 -0.635 -1.460 -5.698
SPIN 1 2 9 13 -4.950 3.192 0.555
SPIN 1 2 9 14 5.525 1.013 1.857
SPIN 1 2 9 15 -2.357 1.351 5.255
SPIN 4 2 9 0 0.729 -5.869 0.161
SPIN 4 2 9 1 4.436 3.344 2.034
SPIN 4 2 9 2 3.278 4.920 0.221
SPIN 4 2 9 3 -1.432 1.135 5.627
SPIN 4 2 9 4 2.334 2.086 5.020
SPIN 4 2 9 5 0.882 -4.174 4.099
SPIN 4 2 9 6 -1.548 4.379 -3.664
SPIN 4 2 9 7 4.382 0.658 -3.920
SPIN 4 2 9 8 4.780 2.646 -2.269
SPIN 4 2 9 9 0.100 -1.359 5.757
SPIN 4 2 9 10 -4.348 -2.182 3.367
SPIN 4 2 9 11 3.506 -4.367 1.907
SPIN 4 2 9 12 3.547 2.887 -3.752
SPIN 4 2 9 13 2.192 -1.163 -5.371
SPIN 4 2 9 14 -0.246 -4.045 4.310
SPIN 4 2 9 15 -4.390 -3.430 -1.992
SPIN 1 2 10 0 -1.526 0.558 5.689
SPIN 1 2 10 1 4.033 3.905 -1.867
SPIN 1 2 10 2 -2.893 -5.158 0.161
SPIN 1 2 10 3 -2.394 -5.405 0.237
SPIN 1 2 10 4 -1.143 4.900 -3.112
SPIN 1 2 10 5 0.137 -5.664 -1.702
SPIN 1 2 10 6 -5.287 2.078 1.653
SPIN 1 2 10 7 -1.274 -3.945 -4.221
SPIN 1 2 10 8 4.398 3.445 1.947
SPIN 1 2 10 9 -2.862 1.922 -4.808
SPIN 1 2 10 10 2.380 4.299 3.295
SPIN 1 2 10 11 -0.880 5.473 -2.066
SPIN 1 2 10 12 1.738 3.944 4.053
SPIN 1 2 10 13 -1.155 -4.154 4.051
SPIN 1 2 10 14 -2.802 2.411 -4.619
SPIN 1 2 10 15 1.972 2.661 -4.902
SPIN 4 2 10 0 4.928 2.624 -1.958
SPIN 4 2 10 1 -4.751 -2.831 -2.101
SPIN 4 2 10 2 -5.642 1.033 1.451
SPIN 4 2 10 3 1.735 2.273 5.179
SPIN 4 2 10 4 2.012 4.166 -3.688
SPIN 4 2 10 5 4.545 3.478 -1.498
SPIN 4 2 10 6 1.761 -5.069 2.491
SPIN 4 2 10 7 -5.915 0.033 0.089
SPIN 4 2 10 8 -4.802 3.063 -1.598
SPIN 4 2 10 9 4.312 -2.481 3.202
SPIN 4 2 10 10 1.590 5.678 0.486
SPIN 4 2 10 11 -0.282 -2.279 5.452
SPIN 4 2 10 12 4.206 -4.123 -0.557
SPIN 4 2 10 13 -5.554 -1.625 -1.228
SPIN 4 2 10 14 -4.841 -3.168 1.235
SPIN 4 2 10 15 2.597 -2.725 4.564
SPIN 1 2 11 0 -2.721 -0.432 5.235
SPIN 1 2 11 1 -2.449 5.383 0.161
SPIN 1 2 11 2 2.449 -0.377 -5.372
SPIN 1 2 11 3 -3.665 4.106 2.170
SPIN 1 2 11 4 -2.533 -1.947 -4.979
SPIN 1 2 11 5 5.087 -0.150 3.017
SPIN 1 2 11 6 -5.657 -1.641 -0.549
SPIN 1 2 11 7 1.706 -0.351 -5.654
SPIN 1 2 11 8 1.298 5.379 -2.093
SPIN 1 2 11 9 -3.994 -2.507 3.573
SPIN 1 2 11 10 -1.092 -0.850 -5.752
SPIN 1 2 11 11 2.531 -2.792 4.561
SPIN 1 2 11 12 -1.627 4.527 3.444
SPIN 1 2 11 13 -1.992 -2.438 -5.009
SPIN 1 2 11 14 -1.047 -2.476 5.270
SPIN 1 2 11 15 1.635 -2.584 -5.065
SPIN 4 2 11 0 0.743 5.438 2.208
SPIN 4 2 11 1 -1.528 -0.500 5.694
SPIN 4 2 11 2 -2.301 4.113 -3.576
SPIN 4 2 11 3 3.648 0.450 -4.636
SPIN 4 2 11 4 -5.693 -1.539 -0.470
SPIN 4 2 11 5 3.244 -2.977 3.952
SPIN 4 2 11 6 0.949 3.411 -4.740
SPIN 4 2 11 7 -2.732 -5.078 -1.322
SPIN 4 2 11 8 4.859 2.330 -2.441
SPIN 4 2 11 9 -0.677 5.307 2.526
SPIN 4 2 11 10 1.948 -5.579 0.276
SPIN 4 2 11 11 -0.513 3.727 -4.566
SPIN 4 2 11 12 0.694 -5.863 -0.380
SPIN 4 2 11 13 -2.864 -2.633 -4.457
SPIN 4 2 11 14 1.504 5.645 -0.933
SPIN 4 2 11 15 -1.051 -3.705 -4.491
SPIN 1 2 12 0 -1.414 -4.844 3.089
SPIN 1 2 12 1 -2.018 -3.586 -4.251
SPIN 1 2 12 2 3.594 -1.050 4.580
SPIN 1 2 12 3 5.570 1.706 -1.031
SPIN 1 2 12 4 -4.940 -3.005 -1.250
SPIN 1 2 12 5 -2.891 -0.482 -5.139
SPIN 1 2 12 6 4.564 -0.388 3.744
SPIN 1 2 12 7 3.796 -4.481 0.717
SPIN 1 2 12 8 -5.190 2.096 -1.918
SPIN 1 2 12 9 -1.960 -2.583 -4.949
SPIN 1 2 12 10 -1.301 2.632 5.136
SPIN 1 2 12 11 -5.217 2.787 -0.116
SPIN 1 2 12 12 4.613 3.232 -1.808
SPIN 1 2 12 13 -5.377 -2.111 1.277
SPIN 1 2 12 14 -2.573 -4.963 -1.937
SPIN 1 2 12 15 2.962 4.667 2.110
SPIN 4 2 12 0 3.357 0.489 4.847
SPIN 4 2 12 1 0.268 4.436 -3.905
SPIN 4 2 12 2 -1.152 -4.931 -3.059
SPIN 4 2 12 3 1.937 -4.260 3.619
SPIN 4 2 12 4 3.106 -3.030 -4.022
SPIN 4 2 12 5 -4.526 -2.113 -3.170
SPIN 4 2 12 6 -2.657 5.139 1.237
SPIN 4 2 12 7 1.393 -5.571 -1.423
SPIN 4 2 12 8 5.168 -0.668 -2.802
SPIN 4 2 12 9 -0.341 -4.425 -3.911
SPIN 4 2 12 10 -3.486 -4.006 -2.608
SPIN 4 2 12 11 2.859 1.671 4.902
SPIN 4 2 12 12 -1.999 -5.364 1.492
SPIN 4 2 12 13 2.529 1.644 -5.089
SPIN 4 2 12 14 0.900 -3.754 4.483
SPIN 4 2 12 15 1.345 5.717 -0.716
SPIN 1 2 13 0 -1.952 -4.401 -3.438
SPIN 1 2 13 1 -2.448 -4.881 2.277
SPIN 1 2 13 2 1.988 3.033 4.674
SPIN 1 2 13 3 -4.925 -0.990 3.125
SPIN 1 2 13 4 -0.084 5.880 -0.644
SPIN 1 2 13 5 -3.605 4.689 0.128
SPIN 1 2 13 6 1.513 -4.853 -3.026
SPIN 1 2 13 7 -3.056 1.306 -4.894
SPIN 1 2 13 8 1.788 -5.559 0.950
SPIN 1 2 13 9 4.351 3.379 2.157
SPIN 1 2 13 10 0.645 4.734 -3.489
SPIN 1 2 13 11 2.229 1.802 -5.175
SPIN 1 2 13 12 -0.978 -2.886 -5.071
SPIN 1 2 13 13 -5.369 -1.581 1.917
SPIN 1 2 13 14 -2.993 1.666 -4.824
SPIN 1 2 13 15 -1.125 3.413 4.699
SPIN 4 2 13 0 0.735 -5.870 0.087
SPIN 4 2 13 1 -4.501 1.718 3.434
SPIN 4 2 13 2 2.626 -3.814 -3.681
SPIN 4 2 13 3 -0.308 5.886 -0.509
SPIN 4 2 13 4 2.653 -5.188 -1.020
SPIN 4 2 13 5 1.392 -3.526 -4.542
SPIN 4 2 13 6 -4.018 2.931 3.203
SPIN 4 2 13 7 0.248 3.624 4.669
SPIN 4 2 13 8 -0.431 2.066 -5.527
SPIN 4 2 13 9 -0.307 -4.456 3.879
SPIN 4 2 13 10 -4.802 2.504 2.383
SPIN 4 2 13 11 -5.865 -0.451 -0.633
SPIN 4 2 13 12 5.459 -0.994 2.051
SPIN 4 2 13 13 -5.874 -0.704 -0.012
SPIN 4 2 13 14 -3.442 -3.444 3.360
SPIN 4 2 13 15 5.307 0.882 2.461
SPIN 1 2 14 0 -5.216 -1.213 2.515
SPIN 1 2 14 1 -2.336 4.516 -3.025
SPIN 1 2 14 2 -0.675 -0.589 5.848
SPIN 1 2 14 3 -3.203 0.283 4.966
SPIN 1 2 14 4 -0.959 -5.580 1.717
SPIN 1 2 14 5 -3.310 -4.343 -2.276
SPIN 1 2 14 6 2.157 5.355 1.291
SPIN 1 2 14 7 3.105 4.992 0.665
SPIN 1 2 14 8 -3.611 -4.382 1.661
SPIN 1 2 14 9 3.608 3.830 2.704
SPIN 1 2 14 10 2.236 5.401 0.908
SPIN 1 2 14 11 -5.609 -1.427 1.226
SPIN 1 2 14 12 4.961 -2.146 2.405
SPIN 1 2 14 13 -0.131 -3.666 4.641
SPIN 1 2 14 14 0.010 1.355 5.759
SPIN 1 2 14 15 0.983 4.785 -3.338
SPIN 4 2 14 0 -1.805 -5.366 -1.716
SPIN 4 2 14 1 -3.296 -4.092 -2.718
SPIN 4 2 14 2 3.469 3.156 -3.606
SPIN 4 2 14 3 -2.279 4.276 -3.394
SPIN 4 2 14 4 -2.348 4.268 -3.357
SPIN 4 2 14 5 1.449 -2.534 5.146
SPIN 4 2 14 6 1.349 -3.730 -4.390
SPIN 4 2 14 7 0.989 -5.526 1.866
SPIN 4 2 14 8 1.430 -5.726 0.404
SPIN 4 2 14 9 3.709 3.674 2.783
SPIN 4 2 14 10 4.745 -3.501 -0.484
SPIN 4 2 14 11 -4.612 -2.272 2.927
SPIN 4 2 14 12 4.555 2.811 -2.520
SPIN 4 2 14 13 5.188 -1.135 -2.606
SPIN 4 2 14 14 1.795 3.899 4.071
SPIN 4 2 14 15 4.583 -2.271 2.973
SPIN 1 2 15 0 -5.071 -2.514 1.722
SPIN 1 2 15 1 5.025 0.049 3.121
SPIN 1 2 15 2 4.569 2.134 3.094
SPIN 1 2 15 3 -2.329 1.795 5.134
SPIN 1 2 15 4 2.192 -4.099 -3.659
SPIN 1 2 15 5 4.938 -3.098 -1.010
SPIN 1 2 15 6 -3.416 4.235 2.323
SPIN 1 2 15 7 2.289 -4.492 -3.096
SPIN 1 2 15 8 -5.284 1.396 -2.266
SPIN 1 2 15 9 -0.127 1.665 -5.676
SPIN 1 2 15 10 4.371 -2.916 2.720
SPIN 1 2 15 11 5.724 -0.003 -1.497
SPIN 1 2 15 12 -4.586 -3.120 2.058
SPIN 1 2 15 13 4.944 2.913 -1.440
SPIN 1 2 15 14 -4.647 -1.386 -3.389
SPIN 1 2 15 15 3.186 -4.634 1.836
SPIN 4 2 15 0 -0.251 -0.121 -5.910
SPIN 4 2 15 1 2.278 4.400 -3.233
SPIN 4 2 15 2 4.916 -2.091 -2.541
SPIN 4 2 15 3 -1.368 -5.491 1.725
SPIN 4 2 15 4 -4.892 -1.688 2.867
SPIN 4 2 15 5 -5.316 2.028 -1.622
SPIN 4 2 15 6 -0.623 -4.397 -3.909
SPIN 4 2 15 7 5.315 -1.453 2.154
SPIN 4 2 15 8 -0.782 -5.349 -2.404
SPIN 4 2 15 9 -1.359 -4.215 3.922
SPIN 4 2 15 10 -4.039 -3.507 -2.528
SPIN 4 2 15 11 -5.434 -1.512 1.784
SPIN 4 2 15 12 1.712 4.172 3.830
SPIN 4 2 15 13 -3.634 -3.345 3.256
SPIN 4 2 15 14 -2.361 4.637 2.814
SPIN 4 2 15 15 3.586 -3.755 2.835
SPIN 3 2 0 0 -1.758 3.911 -4.076
SPIN 3 2 0 1 4.857 -3.336 0.528
SPIN 3 2 0 2 -4.407 0.985 3.823
SPIN 3 2 0 3 5.158 2.835 -0.596
SPIN 3 2 0 4 0.405 2.240 5.461
SPIN 3 2 0 5 2.233 4.061 -3.677
SPIN 3 2 0 6 2.140 3.765 -4.030
SPIN 3 2 0 7 1.159 -1.819 5.509
SPIN 3 2 0 8 -1.634 3.591 -4.409
SPIN 3 2 0 9 0.311 -3.149 -4.998
SPIN 3 2 0 10 1.450 -4.216 3.889
SPIN 3 2 0 11 1.573 -5.661 0.688
SPIN 3 2 0 12 -3.446 2.448 4.139
SPIN 3 2 0 13 4.403 3.952 0.054
SPIN 3 2 0 14 -5.420 0.147 2.366
SPIN 3 2 0 15 1.985 -5.561 0.369
SPIN 2 2 0 0 -4.348 2.494 3.142
SPIN 2 2 0 1 0.490 0.516 -5.873
SPIN 2 2 0 2 -1.802 0.308 -5.626
SPIN 2 2 0 3 4.264 3.214 2.548
SPIN 2 2 0 4 -5.588 -1.762 -0.818
SPIN 2 2 0 5 4.347 0.581 -3.970
SPIN 2 2 0 6 -4.182 2.335 3.472
SPIN 2 2 0 7 -2.809 -0.192 -5.203
SPIN 2 2 0 8 4.937 -2.530 -2.056
SPIN 2 2 0 9 5.516 -0.704 2.018
SPIN 2 2 0 10 1.009 -5.210 2.615
SPIN 2 2 0 11 4.925 2.086 -2.529
SPIN 2 2 0 12 5.659 -1.001 -1.405
SPIN 2 2 0 13 4.512 3.136 2.192
SPIN 2 2 0 14 -5.482 -0.784 2.082
SPIN 2 2 0 15 3.392 4.084 2.610
SPIN 3 2 1 0 3.800 3.346 -3.060
SPIN 3 2 1 1 5.042 -0.503 -3.054
SPIN 3 2 1 2 1.773 4.833 2.915
SPIN 3 2 1 3 -3.430 1.472 4.590
SPIN 3 2 1 4 3.654 1.469 -4.414
SPIN 3 2 1 5 -0.327 -4.726 3.543
SPIN 3 2 1 6 -2.850 -3.930 3.381
SPIN 3 2 1 7 1.675 -1.598 -5.444
SPIN 3 2 1 8 4.151 0.111 4.214
SPIN 3 2 1 9 -0.268 -5.298 -2.619
SPIN 3 2 1 10 -0.098 5.008 -3.148
SPIN 3 2 1 11 0.596 4.592 -3.682
SPIN 3 2 1 12 4.912 -3.224 -0.693
SPIN 3 2 1 13 0.907 -5.844 -0.158
SPIN 3 2 1 14 2.506 -2.105 -4.928
SPIN 3 2 1 15 -1.970 4.545 3.235
SPIN 2 2 1 0 -1.784 4.851 2.878
SPIN 2 2 1 1 2.246 3.118 4.498
SPIN 2 2 1 2 -4.543 0.950 -3.669
SPIN 2 2 1 3 5.863 0.503 0.611
SPIN 2 2 1 4 1.691 -1.482 5.472
SPIN 2 2 1 5 -3.602 -4.116 2.254
SPIN 2 2 1 6 1.538 3.030 -4.842
SPIN 2 2 1 7 3.384 -3.028 3.792
SPIN 2 2 1 8 -2.883 4.751 -2.030
SPIN 2 2 1 9 5.386 -1.069 -2.202
SPIN 2 2 1 10 5.580 0.236 1.952
SPIN 2 2 1 11 -3.624 -1.135 4.537
SPIN 2 2 1 12 3.317 -2.350 4.299
SPIN 2 2 1 13 -0.950 5.479 2.021
SPIN 2 2 1 14 5.682 1.648 0.057
SPIN 2 2 1 15 3.062 -2.444 4.433
SPIN 3 2 2 0 0.809 -5.070 -2.939
SPIN 3 2 2 1 -0.265 -3.840 4.493
SPIN 3 2 2 2 -2.401 -1.560 -5.177
SPIN 3 2 2 3 2.900 1.193 5.017
SPIN 3 2 2 4 -3.349 4.724 1.210
SPIN 3 2 2 5 0.822 4.876 -3.247
SPIN 3 2 2 6 -3.404 -4.438 1.928
SPIN 3 2 2 7 -2.939 0.576 5.102
SPIN 3 2 2 8 -5.528 -0.823 -1.940
SPIN 3 2 2 9 3.070 -1.126 4.930
SPIN 3 2 2 10 -4.826 0.998 -3.273
SPIN 3 2 2 11 -0.184 0.857 5.851
SPIN 3 2 2 12 -2.207 -5.469 -0.462
SPIN 3 2 2 13 -1.007 1.600 -5.606
SPIN 3 2 2 14 -1.186 3.079 4.910
SPIN 3 2 2 15 -5.702 0.158 1.567
SPIN 2 2 2 0 3.443 0.832 4.738
SPIN 2 2 2 1 0.956 -5.363 -2.307
SPIN 2 2 2 2 5.070 -1.019 2.873
SPIN 2 2 2 3 1.278 2.874 -5.011
SPIN 2 2 2 4 -5.226 -2.609 0.940
SPIN 2 2 2 5 0.624 3.889 4.414
SPIN 2 2 2 6 -3.937 0.539 -4.383
SPIN 2 2 2 7 3.309 3.043 -3.846
SPIN 2 2 2 8 3.258 -3.921 -3.002
SPIN 2 2 2 9 -0.112 5.570 1.990
SPIN 2 2 2 10 0.087 3.271 -4.928
SPIN 2 2 2 11 1.702 -5.666 0.038
SPIN 2 2 2 12 -3.586 -4.290 -1.934
SPIN 2 2 2 13 0.062 -0.537 5.891
SPIN 2 2 2 14 2.961 -4.975 -1.215
SPIN 2 2 2 15 -1.886 -3.797 -4.126
SPIN 3 2 3 0 -1.704 0.722 -5.619
SPIN 3 2 3 1 2.078 3.368 4.398
SPIN 3 2 3 2 0.558 -3.078 5.022
SPIN 3 2 3 3 -1.670 5.270 -2.105
SPIN 3 2 3 4 2.744 0.615 -5.205
SPIN 3 2 3 5 4.719 3.564 -0.180
SPIN 3 2 3 6 -3.708 -2.702 -3.735
SPIN 3 2 3 7 -3.777 4.249 1.638
SPIN 3 2 3 8 5.164 -2.613 -1.226
SPIN 3 2 3 9 -4.518 -1.996 3.257
SPIN 3 2 3 10 2.567 5.044 -1.723
SPIN 3 2 3 11 3.177 -4.939 -0.719
SPIN 3 2 3 12 -2.073 3.809 -4.024
SPIN 3 2 3 13 0.971 5.508 -1.929
SPIN 3 2 3 14 -5.061 0.762 -2.967
SPIN 3 2 3 15 0.602 3.247 4.909
SPIN 2 2 3 0 -3.891 1.214 -4.288
SPIN 2 2 3 1 3.566 -3.624 -3.024
SPIN 2 2 3 2 4.525 -1.852 -3.331
SPIN 2 2 3 3 4.538 -3.722 -0.743
SPIN 2 2 3 4 -1.716 -5.607 0.789
SPIN 2 2 3 5 3.080 4.709 1.827
SPIN 2 2 3 6 -5.251 2.722 0.109
SPIN 2 2 3 7 4.664 -1.271 -3.410
SPIN 2 2 3 8 -3.338 0.219 4.880
SPIN 2 2 3 9 -1.031 -5.535 1.817
SPIN 2 2 3 10 3.289 4.745 -1.290
SPIN 2 2 3 11 -4.922 2.434 2.202
SPIN 2 2 3 12 -3.715 -3.079 3.422
SPIN 2 2 3 13 -5.391 1.929 1.489
SPIN 2 2 3 14 -5.601 -1.216 -1.465
SPIN 2 2 3 15 -0.883 2.642 5.219
SPIN 3 2 4 0 5.032 -2.299 2.097
SPIN 3 2 4 1 -5.392 1.788 1.652
SPIN 3 2 4 2 3.607 4.689 0.030
SPIN 3 2 4 3 -2.110 5.373 -1.295
SPIN 3 2 4 4 -5.260 -2.111 1.695
SPIN 3 2 4 5 2.865 2.038 -4.758
SPIN 3 2 4 6 2.772 -2.554 4.559
SPIN 3 2 4 7 -4.822 0.217 -3.421
SPIN 3 2 4 8 4.149 0.455 4.193
SPIN 3 2 4 9 -1.605 1.972 -5.342
SPIN 3 2 4 10 3.237 -3.569 3.433
SPIN 3 2 4 11 -0.298 1.098 -5.806
SPIN 3 2 4 12 4.256 4.075 -0.533
SPIN 3 2 4 13 2.797 -1.008 -5.115
SPIN 3 2 4 14 2.449 -0.246 -5.380
SPIN 3 2 4 15 5.139 0.742 -2.835
SPIN 2 2 4 0 -2.618 -1.428 5.109
SPIN 2 2 4 1 4.755 3.519 0.105
SPIN 2 2 4 2 3.499 3.258 3.484
SPIN 2 2 4 3 -2.873 -3.984 3.297
SPIN 2 2 4 4 -2.693 5.257 0.333
SPIN 2 2 4 5 -1.157 -5.531 1.750
SPIN 2 2 4 6 4.039 2.364 -3.619
SPIN 2 2 4 7 -1.691 -3.593 4.386
SPIN 2 2 4 8 -3.813 2.013 4.050
SPIN 2 2 4 9 3.239 3.063 3.889
SPIN 2 2 4 10 -1.560 -1.826 5.407
SPIN 2 2 4 11 0.242 5.020 -3.121
SPIN 2 2 4 12 -4.406 1.675 -3.575
SPIN 2 2 4 13 1.814 -5.518 -1.124
SPIN 2 2 4 14 1.331 -1.559 -5.549
SPIN 2 2 4 15 1.881 -5.131 2.267
SPIN 3 2 5 0 0.113 -5.910 0.234
SPIN 3 2 5 1 -5.510 -2.038 0.702
SPIN 3 2 5 2 4.312 -3.933 -0.970
SPIN 3 2 5 3 -0.937 -5.821 0.489
SPIN 3 2 5 4 4.702 1.328 3.336
SPIN 3 2 5 5 -0.267 -3.972 4.377
SPIN 3 2 5 6 2.428 3.810 -3.820
SPIN 3 2 5 7 4.698 -3.561 -0.492
SPIN 3 2 5 8 -3.291 2.588 -4.180
SPIN 3 2 5 9 0.417 -4.793 3.443
SPIN 3 2 5 10 2.555 5.304 0.586
SPIN 3 2 5 11 0.961 -5.235 2.584
SPIN 3 2 5 12 -1.069 -1.150 -5.704
SPIN 3 2 5 13 4.763 3.491 0.359
SPIN 3 2 5 14 4.413 -0.978 3.817
SPIN 3 2 5 15 -4.641 -3.504 1.085
SPIN 2 2 5 0 3.259 0.693 4.889
SPIN 2 2 5 1 -0.429 0.066 5.900
SPIN 2 2 5 2 5.879 0.656 0.032
SPIN 2 2 5 3 -5.798 -0.410 -1.104
SPIN 2 2 5 4 5.250 -2.475 -1.146
SPIN 2 2 5 5 -0.253 5.908 -0.163
SPIN 2 2 5 6 3.203 -3.586 3.447
SPIN 2 2 5 7 -1.410 -5.639 -1.099
SPIN 2 2 5 8 -2.151 -3.210 4.479
SPIN 2 2 5 9 2.140 -2.960 -4.653
SPIN 2 2 5 10 -5.214 2.236 -1.677
SPIN 2 2 5 11 -2.105 -0.508 5.506
SPIN 2 2 5 12 -2.411 -1.855 -5.074
SPIN 2 2 5 13 -3.463 4.381 1.953
SPIN 2 2 5 14 2.765 -2.441 -4.625
SPIN 2 2 5 15 5.315 -0.574 -2.534
SPIN 3 2 6 0 -4.526 -1.661 3.429
SPIN 3 2 6 1 0.303 3.002 -5.089
SPIN 3 2 6 2 3.381 -4.855 -0.032
SPIN 3 2 6 3 -5.434 1.639 1.668
SPIN 3 2 6 4 5.042 -0.343 -3.075
SPIN 3 2 6 5 0.041 5.067 3.053
SPIN 3 2 6 6 -4.187 -1.160 4.016
SPIN 3 2 6 7 -1.049 4.119 -4.115
SPIN 3 2 6 8 3.633 1.247 -4.499
SPIN 3 2 6 9 -3.707 3.698 2.754
SPIN 3 2 6 10 -4.031 4.294 -0.558
SPIN 3 2 6 11 -1.917 -0.955 -5.515
SPIN 3 2 6 12 -1.009 -0.720 5.785
SPIN 3 2 6 13 -2.183 -3.090 4.548
SPIN 3 2 6 14 -1.918 0.020 -5.597
SPIN 3 2 6 15 5.651 0.410 1.701
SPIN 2 2 6 0 5.624 -1.765 -0.504
SPIN 2 2 6 1 5.419 -1.072 -2.119
SPIN 2 2 6 2 -1.573 5.694 0.315
SPIN 2 2 6 3 -4.708 0.529 -3.544
SPIN 2 2 6 4 2.200 -4.068 3.690
SPIN 2 2 6 5 3.205 1.583 -4.714
SPIN 2 2 6 6 4.349 -3.643 -1.678
SPIN 2 2 6 7 1.446 -5.733 -0.202
SPIN 2 2 6 8 3.404 -4.790 -0.681
SPIN 2 2 6 9 3.318 4.619 1.630
SPIN 2 2 6 10 -0.176 5.296 2.631
SPIN 2 2 6 11 -0.770 1.252 -5.731
SPIN 2 2 6 12 1.611 1.775 5.409
SPIN 2 2 6 13 -5.349 2.300 1.049
SPIN 2 2 6 14 -1.359 2.693 5.089
SPIN 2 2 6 15 -3.861 -4.325 -1.179
SPIN 3 2 7 0 2.228 3.386 4.310
SPIN 3 2 7 1 -0.042 -3.931 -4.421
SPIN 3 2 7 2 -2.835 -4.568 2.469
SPIN 3 2 7 3 -1.955 1.676 5.326
SPIN 3 2 7 4 -3.306 -3.380 3.556
SPIN 3 2 7 5 -4.333 -2.538 3.128
SPIN 3 2 7 6 0.995 1.725 -5.571
SPIN 3 2 7 7 4.584 0.616 3.689
SPIN 3 2 7 8 -3.133 4.513 2.195
SPIN 3 2 7 9 -3.842 -4.048 1.963
SPIN 3 2 7 10 -2.298 0.114 5.450
SPIN 3 2 7 11 -3.468 -0.829 -4.721
SPIN 3 2 7 12 -3.357 4.029 -2.738
SPIN 3 2 7 13 2.975 -4.903 -1.451
SPIN 3 2 7 14 -2.748 -2.093 4.803
SPIN 3 2 7 15 -4.604 -2.994 -2.201
SPIN 2 2 7 0 1.098 5.335 -2.309
SPIN 2 2 7 1 1.378 -4.128 -4.008
SPIN 2 2 7 2 0.146 -2.680 5.272
SPIN 2 2 7 3 5.606 -1.869 0.285
SPIN 2 2 7 4 -0.242 -5.910 0.094
SPIN 2 2 7 5 -2.746 4.875 1.922
SPIN 2 2 7 6 0.076 -2.216 -5.485
SPIN 2 2 7 7 -5.575 1.955 0.305
SPIN 2 2 7 8 1.093 -4.018 4.202
SPIN 2 2 7 9 -0.390 -4.982 -3.166
SPIN 2 2 7 10 -1.989 -2.436 -5.011
SPIN 2 2 7 11 2.122 0.348 5.512
SPIN 2 2 7 12 0.114 -5.909 0.275
SPIN 2 2 7 13 5.784 0.238 -1.219
SPIN 2 2 7 14 2.099 5.046 -2.264
SPIN 2 2 7 15 3.481 -2.140 4.278
SPIN 3 2 8 0 -4.156 -4.210 0.087
SPIN 3 2 8 1 4.192 -3.495 -2.283
SPIN 3 2 8 2 5.766 0.754 1.086
SPIN 3 2 8 3 -1.073 -5.415 2.127
SPIN 3 2 8 4 4.399 -2.779 -2.815
SPIN 3 2 8 5 3.449 4.732 -0.845
SPIN 3 2 8 6 -4.658 -3.454 1.171
SPIN 3 2 8 7 -2.399 -3.903 -3.743
SPIN 3 2 8 8 0.085 -5.904 0.367
SPIN 3 2 8 9 2.924 -0.773 -5.085
SPIN 3 2 8 10 -3.371 4.727 1.136
SPIN 3 2 8 11 4.997 -1.377 2.852
SPIN 3 2 8 12 0.254 -2.683 -5.266
SPIN 3 2 8 13 -2.648 -3.012 4.349
SPIN 3 2 8 14 -4.489 1.772 -3.421
SPIN 3 2 8 15 0.295 5.256 2.699
SPIN 2 2 8 0 5.088 -0.555 -2.966
SPIN 2 2 8 1 -2.565 2.892 4.479
SPIN 2 2 8 2 -2.621 -4.564 -2.702
SPIN 2 2 8 3 -1.192 0.877 5.728
SPIN 2 2 8 4 -0.911 -4.409 -3.838
SPIN 2 2 8 5 1.060 -3.600 4.574
SPIN 2 2 8 6 -0.980 5.695 -1.266
SPIN 2 2 8 7 5.410 -2.217 -0.907
SPIN 2 2 8 8 -5.881 0.436 0.478
SPIN 2 2 8 9 2.964 1.793 -4.796
SPIN 2 2 8 10 -4.694 -2.486 2.604
SPIN 2 2 8 11 4.645 -1.342 -3.410
SPIN 2 2 8 12 2.939 3.353 3.888
SPIN 2 2 8 13 -0.494 -0.240 5.891
SPIN 2 2 8 14 -3.380 -4.780 -0.855
SPIN 2 2 8 15 -3.882 -4.352 0.997
SPIN 3 2 9 0 -0.406 1.196 -5.780
SPIN 3 2 9 1 5.148 2.912 0.138
SPIN 3 2 9 2 -4.904 3.281 0.431
SPIN 3 2 9 3 -2.448 -5.386 0.017
SPIN 3 2 9 4 -0.951 2.389 -5.328
SPIN 3 2 9 5 1.525 -4.965 2.832
SPIN 3 2 9 6 -0.777 3.227 4.897
SPIN 3 2 9 7 -0.132 -5.426 -2.353
SPIN 3 2 9 8 0.266 5.425 -2.344
SPIN 3 2 9 9 2.915 4.895 -1.594
SPIN 3 2 9 10 -1.424 -2.344 -5.242
SPIN 3 2 9 11 -5.182 2.852 -0.108
SPIN 3 2 9 12 -2.399 -4.241 3.355
SPIN 3 2 9 13 3.131 -4.879 -1.178
SPIN 3 2 9 14 -2.016 5.468 -1.019
SPIN 3 2 9 15 -0.210 0.744 5.865
SPIN 2 2 9 0 -3.539 -4.653 -0.909
SPIN 2 2 9 1 1.824 5.420 1.515
SPIN 2 2 9 2 1.633 -2.641 -5.035
SPIN 2 2 9 3 4.268 0.965 -3.982
SPIN 2 2 9 4 -4.062 -3.890 1.836
SPIN 2 2 9 5 0.400 3.591 -4.685
SPIN 2 2 9 6 -5.232 2.351 1.448
SPIN 2 2 9 7 -1.359 -2.147 5.342
SPIN 2 2 9 8 4.937 -2.842 -1.595
SPIN 2 2 9 9 -2.097 3.857 3.966
SPIN 2 2 9 10 5.480 2.020 0.942
SPIN 2 2 9 11 -2.003 -0.403 5.552
SPIN 2 2 9 12 0.151 5.539 2.073
SPIN 2 2 9 13 -3.464 -1.161 -4.654
SPIN 2 2 9 14 -4.303 0.445 4.035
SPIN 2 2 9 15 1.794 4.949 -2.700
SPIN 3 2 10 0 -2.045 1.042 -5.453
SPIN 3 2 10 1 -5.642 0.656 1.654
SPIN 3 2 10 2 -0.649 -2.252 -5.432
SPIN 3 2 10 3 4.779 2.436 -2.495
SPIN 3 2 10 4 -3.785 0.684 4.495
SPIN 3 2 10 5 4.860 3.363 0.260
SPIN 3 2 10 6 -0.966 5.635 -1.522
SPIN 3 2 10 7 -2.783 0.072 -5.220
SPIN 3 2 10 8 3.894 -3.027 -3.267
SPIN 3 2 10 9 1.255 -4.936 -3.011
SPIN 3 2 10 10 -0.775 -5.805 0.834
SPIN 3 2 10 11 -5.899 0.309 -0.325
SPIN 3 2 10 12 2.104 -3.816 -4.001
SPIN 3 2 10 13 1.749 -3.529 -4.414
SPIN 3 2 10 14 -4.517 1.467 3.527
SPIN 3 2 10 15 -3.049 -4.930 1.183
SPIN 2 2 10 0 -4.132 -1.975 -3.745
SPIN 2 2 10 1 -0.320 -4.922 3.267
SPIN 2 2 10 2 5.376 2.422 0.479
SPIN 2 2 10 3 3.206 -4.461 -2.196
SPIN 2 2 10 4 0.521 -1.987 -5.548
SPIN 2 2 10 5 3.422 4.327 -2.136
SPIN 2 2 10 6 -2.284 -5.245 -1.508
SPIN 2 2 10 7 5.852 0.863 -0.121
SPIN 2 2 10 8 -3.756 2.115 -4.052
SPIN 2 2 10 9 2.713 0.399 -5.242
SPIN 2 2 10 10 -0.149 -5.676 1.663
SPIN 2 2 10 11 1.433 5.432 -1.854
SPIN 2 2 10 12 -3.571 4.514 1.368
SPIN 2 2 10 13 1.693 -4.103 -3.911
SPIN 2 2 10 14 1.406 -5.073 2.700
SPIN 2 2 10 15 -3.220 -3.929 3.032
SPIN 3 2 11 0 -5.522 -0.294 2.104
SPIN 3 2 11 1 -0.659 -5.603 -1.780
SPIN 3 2 11 2 2.775 -1.068 5.115
SPIN 3 2 11 3 -5.066 -0.071 -3.054
SPIN 3 2 11 4 0.025 -4.889 3.331
SPIN 3 2 11 5 -5.850 0.463 0.752
SPIN 3 2 11 6 4.939 2.959 1.358
SPIN 3 2 11 7 5.335 2.556 -0.067
SPIN 3 2 11 8 1.726 5.092 -2.468
SPIN 3 2 11 9 2.718 4.637 -2.471
SPIN 3 2 11 10 -4.376 3.745 -1.352
SPIN 3 2 11 11 2.013 -3.637 -4.210
SPIN 3 2 11 12 0.209 5.448 2.297
SPIN 3 2 11 13 -3.666 -3.764 2.720
SPIN 3 2 11 14 4.218 3.847 -1.552
SPIN 3 2 11 15 2.098 -3.827 -3.994
SPIN 2 2 11 0 -4.527 -2.012 -3.234
SPIN 2 2 11 1 -0.574 1.813 -5.602
SPIN 2 2 11 2 -4.323 3.743 1.517
SPIN 2 2 11 3 -2.080 1.508 5.329
SPIN 2 2 11 4 2.574 2.201 4.851
SPIN 2 2 11 5 2.010 -2.938 -4.725
SPIN 2 2 11 6 1.664 0.738 5.629
SPIN 2 2 11 7 -1.552 -5.675 0.623
SPIN 2 2 11 8 1.155 -1.685 5.552
SPIN 2 2 11 9 -3.661 -4.034 -2.307
SPIN 2 2 11 10 0.537 -3.853 -4.457
SPIN 2 2 11 11 3.723 3.807 2.578
SPIN 2 2 11 12 2.982 -4.410 -2.582
SPIN 2 2 11 13 -0.649 -5.249 2.651
SPIN 2 2 11 14 -1.281 2.017 5.412
SPIN 2 2 11 15 1.285 -4.754 -3.278
SPIN 3 2 12 0 4.346 3.836 -1.185
SPIN 3 2 12 1 -1.023 -3.616 4.569
SPIN 3 2 12 2 -0.111 -5.712 1.538
SPIN 3 2 12 3 5.441 -1.851 -1.402
SPIN 3 2 12 4 -4.755 3.027 1.797
SPIN 3 2 12 5 3.702 4.117 2.084
SPIN 3 2 12 6 -2.596 -5.158 1.288
SPIN 3 2 12 7 4.886 1.823 2.793
SPIN 3 2 12 8 -5.867 -0.638 -0.419
SPIN 3 2 12 9 5.599 1.810 -0.617
SPIN 3 2 12 10 -3.101 -2.125 -4.569
SPIN 3 2 12 11 -0.242 5.903 0.313
SPIN 3 2 12 12 -0.217 2.147 5.508
SPIN 3 2 12 13 -0.709 5.837 0.657
SPIN 3 2 12 14 -3.407 -4.836 -0.074
SPIN 3 2 12 15 3.647 -0.049 4.658
SPIN 2 2 12 0 -4.118 -2.347 3.540
SPIN 2 2 12 1 1.322 0.233 5.762
SPIN 2 2 12 2 5.153 -2.821 -0.699
SPIN 2 2 12 3 -1.098 -2.192 -5.384
SPIN 2 2 12 4 3.748 -2.815 -3.609
SPIN 2 2 12 5 0.693 4.477 3.805
SPIN 2 2 12 6 -5.608 0.780 1.716
SPIN 2 2 12 7 5.168 -2.776 0.762
SPIN 2 2 12 8 4.724 2.492 -2.545
SPIN 2 2 12 9 1.138 4.123 -4.087
SPIN 2 2 12 10 -4.380 -2.174 3.330
SPIN 2 2 12 11 5.235 -1.913 -1.983
SPIN 2 2 12 12 -3.492 4.291 2.095
SPIN 2 2 12 13 5.530 -1.838 -1.021
SPIN 2 2 12 14 1.628 2.166 5.259
SPIN 2 2 12 15 -2.012 3.529 4.301
SPIN 3 2 13 0 -1.542 -5.042 -2.684
SPIN 3 2 13 1 -5.518 0.543 2.064
SPIN 3 2 13 2 -1.555 5.497 1.538
SPIN 3 2 13 3 -1.839 -5.127 -2.308
SPIN 3 2 13 4 3.629 -4.515 1.203
SPIN 3 2 13 5 -3.552 -1.946 -4.312
SPIN 3 2 13 6 2.638 5.229 -0.834
SPIN 3 2 13 7 -2.074 1.184 5.413
SPIN 3 2 13 8 2.066 -2.921 4.711
SPIN 3 2 13 9 -0.392 3.194 -4.964
SPIN 3 2 13 10 4.998 -2.632 1.760
SPIN 3 2 13 11 -2.329 -4.875 -2.411
SPIN 3 2 13 12 4.891 3.120 -1.159
SPIN 3 2 13 13 2.871 -5.171 -0.133
SPIN 3 2 13 14 2.793 1.311 -5.048
SPIN 3 2 13 15 -5.744 -1.137 0.846
SPIN 2 2 13 0 -0.929 3.642 -4.568
SPIN 2 2 13 1 -2.348 -0.208 -5.426
SPIN 2 2 13 2 2.117 5.483 0.676
SPIN 2 2 13 3 -0.293 -5.898 -0.356
SPIN 2 2 13 4 -3.489 -1.334 4.588
SPIN 2 2 13 5 -4.811 3.320 -0.909
SPIN 2 2 13 6 4.831 3.306 0.854
SPIN 2 2 13 7 3.700 -3.943 -2.400
SPIN 2 2 13 8 3.777 -3.590 2.801
SPIN 2 2 13 9 2.393 -5.406 0.212
SPIN 2 2 13 10 3.669 2.270 -4.047
SPIN 2 2 13 11 -0.668 -5.799 -0.963
SPIN 2 2 13 12 -0.488 -4.973 -3.167
SPIN 2 2 13 13 3.370 3.332 3.541
SPIN 2 2 13 14 -5.638 1.661 -0.670
SPIN 2 2 13 15 -0.720 -3.496 -4.718
SPIN 3 2 14 0 1.910 -2.012 5.226
SPIN 3 2 14 1 0.426 0.230 5.896
SPIN 3 2 14 2 2.323 4.790 -2.581
SPIN 3 2 14 3 4.465 3.881 -0.039
SPIN 3 2 14 4 0.793 5.350 2.399
SPIN 3 2 14 5 0.507 -3.269 -4.905
SPIN 3 2 14 6 5.833 -0.821 -0.547
SPIN 3 2 14 7 -3.710 -4.598 0.317
SPIN 3 2 14 8 -4.588 3.650 -0.794
SPIN 3 2 14 9 5.809 -0.081 1.118
SPIN 3 2 14 10 -1.169 -5.723 -0.937
SPIN 3 2 14 11 -3.050 4.971 0.992
SPIN 3 2 14 12 -1.850 1.656 5.370
SPIN 3 2 14 13 -3.353 1.689 -4.572
SPIN 3 2 14 14 1.101 5.649 1.371
SPIN 3 2 14 15 -2.641 -4.239 3.171
SPIN 2 2 14 0 -0.055 4.029 -4.332
SPIN 2 2 14 1 2.114 2.841 -4.739
SPIN 2 2 14 2 4.465 -3.847 0.516
SPIN 2 2 14 3 0.791 3.934 -4.347
SPIN 2 2 14 4 5.378 -2.169 -1.172
SPIN 2 2 14 5 3.299 -3.323 -3.617
SPIN 2 2 14 6 -2.114 -0.245 -5.520
SPIN 2 2 14 7 -3.421 -0.936 4.735
SPIN 2 2 14 8 0.714 5.868 -0.227
SPIN 2 2 14 9 5.678 0.534 -1.572
SPIN 2 2 14 10 -0.713 -0.370 5.861
SPIN 2 2 14 11 -2.283 -4.612 -2.919
SPIN 2 2 14 12 -0.724 3.244 -4.894
SPIN 2 2 14 13 -4.990 3.067 -0.829
SPIN 2 2 14 14 -0.515 -4.141 4.193
SPIN 2 2 14 15 -0.353 -2.720 -5.242
SPIN 3 2 15 0 1.403 5.733 0.407
SPIN 3 2 15 1 -3.217 4.961 -0.209
SPIN 3 2 15 2 5.089 -2.491 1.701
SPIN 3 2 15 3 5.123 0.389 2.934
SPIN 3 2 15 4 -2.376 0.332 -5.408
SPIN 3 2 15 5 3.147 2.669 4.239
SPIN 3 2 15 6 -2.785 -5.189 0.562
SPIN 3 2 15 7 -2.386 0.236 -5.408
SPIN 3 2 15 8 2.863 0.750 5.122
SPIN 3 2 15 9 -3.460 3.305 3.479
SPIN 3 2 15 10 -2.326 5.362 0.916
SPIN 3 2 15 11 -1.901 5.540 -0.835
SPIN 3 2 15 12 3.044 -2.867 -4.185
SPIN 3 2 15 13 -4.569 2.295 2.976
SPIN 3 2 15 14 5.810 1.068 0.318
SPIN 3 2 15 15 4.109 2.735 -3.262
SPIN 2 2 15 0 3.657 0.931 4.556
SPIN 2 2 15 1 2.762 2.805 4.416
SPIN 2 2 15 2 -1.869 5.040 2.471
SPIN 2 2 15 3 0.825 -4.437 3.825
SPIN 2 2 15 4 1.368 5.369 2.074
SPIN 2 2 15 5 -0.977 -5.648 -1.465
SPIN 2 2 15 6 -4.502 3.433 -1.718
SPIN 2 2 15 7 1.155 1.393 5.633
SPIN 2 2 15 8 3.593 -4.455 -1.497
SPIN 2 2 15 9 -4.149 0.286 4.208
SPIN 2 2 15 10 2.462 4.196 -3.366
SPIN 2 2 15 11 3.670 3.895 2.522
SPIN 2 2 15 12 -0.995 -5.823 -0.320
SPIN 2 2 15 13 -5.389 -2.142 1.172
SPIN 2 2 15 14 4.392 1.284 -3.749
SPIN 2 2 15 15 0.075 -0.472 -5.897
SPIN 1 3 0 0 -0.531 -5.812 0.966
SPIN 1 3 0 1 2.250 3.050 -4.543
SPIN 1 3 0 2 2.716 -5.106 -1.245
SPIN 1 3 0 3 -0.953 3.745 4.480
SPIN 1 3 0 4 -4.069 -2.801 -3.255
SPIN 1 3 0 5 2.723 -1.220 -5.108
SPIN 1 3 0 6 0.828 -5.809 0.753
SPIN 1 3 0 7 -4.986 3.080 0.805
SPIN 1 3 0 8 -2.897 -5.149 -0.297
SPIN 1 3 0 9 -4.119 0.771 -4.176
SPIN 1 3 0 10 -2.487 -4.626 2.723
SPIN 1 3 0 11 2.043 5.367 -1.422
SPIN 1 3 0 12 -4.500 -3.801 0.550
SPIN 1 3 0 13 2.446 -1.718 5.106
SPIN 1 3 0 14 -3.300 2.688 -4.109
SPIN 1 3 0 15 2.369 4.894 -2.333
SPIN 4 3 0 0 -1.240 -4.572 -3.544
SPIN 4 3 0 1 -3.777 -2.030 -4.077
SPIN 4 3 0 2 0.771 -5.831 -0.632
SPIN 4 3 0 3 0.317 2.236 -5.468
SPIN 4 3 0 4 5.057 -0.074 3.069
SPIN 4 3 0 5 2.138 -5.514 -0.157
SPIN 4 3 0 6 5.030 -1.100 2.913
SPIN 4 3 0 7 -4.565 -3.598 -1.102
SPIN 4 3 0 8 3.219 -4.627 -1.798
SPIN 4 3 0 9 3.741 4.579 0.210
SPIN 4 3 0 10 -0.677 -1.918 -5.556
SPIN 4 3 0 11 -4.520 3.743 0.751
SPIN 4 3 0 12 -2.944 5.087 -0.671
SPIN 4 3 0 13 1.617 -5.474 -1.556
SPIN 4 3 0 14 -0.621 5.787 -1.061
SPIN 4 3 0 15 5.590 1.796 0.727
SPIN 1 3 1 0 0.034 -1.828 -5.626
SPIN 1 3 1 1 1.207 -1.933 5.460
SPIN 1 3 1 2 -3.323 4.761 1.134
SPIN 1 3 1 3 1.038 -5.721 1.094
SPIN 1 3 1 4 -4.802 -2.620 -2.254
SPIN 1 3 1 5 1.837 5.038 2.498
SPIN 1 3 1 6 -4.738 3.541 0.119
SPIN 1 3 1 7 -4.451 3.199 -2.226
SPIN 1 3 1 8 4.258 -1.371 3.871
SPIN 1 3 1 9 -5.583 -1.902 0.458
SPIN 1 3 1 10 3.089 0.676 5.000
SPIN 1 3 1 11 3.873 1.555 4.193
SPIN 1 3 1 12 2.688 4.570 -2.625
SPIN 1 3 1 13 -3.542 -4.502 1.480
SPIN 1 3 1 14 4.894 3.259 -0.654
SPIN 1 3 1 15 1.970 -4.964 -2.545
SPIN 4 3 1 0 -5.824 0.880 0.550
SPIN 4 3 1 1 4.711 1.374 3.305
SPIN 4 3 1 2 5.888 0.552 0.180
SPIN 4 3 1 3 -0.644 1.555 -5.672
SPIN 4 3 1 4 2.024 -0.952 5.477
SPIN 4 3 1 5 -3.150 -3.984 -3.034
SPIN 4 3 1 6 4.284 -4.004 -0.787
SPIN 4 3 1 7 4.281 -3.947 -1.045
SPIN 4 3 1 8 -5.512 1.459 -1.577
SPIN 4 3 1 9 -3.790 -1.388 4.325
SPIN 4 3 1 10 3.355 0.635 -4.831
SPIN 4 3 1 11 0.570 -4.261 -4.065
SPIN 4 3 1 12 2.744 -3.718 3.694
SPIN 4 3 1 13 0.012 3.439 -4.814
SPIN 4 3 1 14 -4.659 -2.134 2.957
SPIN 4 3 1 15 5.804 -0.004 1.146
SPIN 1 3 2 0 -5.776 0.612 1.123
SPIN 1 3 2 1 0.421 -5.763 1.267
SPIN 1 3 2 2 2.803 0.375 -5.196
SPIN 1 3 2 3 -3.389 -4.571 -1.620
SPIN 1 3 2 4 5.337 -1.331 -2.178
SPIN 1 3 2 5 -3.526 4.024 -2.525
SPIN 1 3 2 6 4.868 0.053 -3.361
SPIN 1 3 2 7 4.105 -3.453 2.496
SPIN 1 3 2 8 -1.388 5.427 -1.904
SPIN 1 3 2 9 5.210 -2.170 -1.774
SPIN 1 3 2 10 -2.578 4.367 -3.046
SPIN 1 3 2 11 5.736 -1.360 0.497
SPIN 1 3 2 12 1.632 5.444 1.643
SPIN 1 3 2 13 3.216 -2.627 4.213
SPIN 1 3 2 14 -4.379 -2.931 2.690
SPIN 1 3 2 15 3.609 4.562 1.080
SPIN 4 3 2 0 1.835 -5.591 0.611
SPIN 4 3 2 1 4.815 -1.211 -3.218
SPIN 4 3 2 2 -5.125 2.885 0.642
SPIN 4 3 2 3 1.745 -5.632 0.484
SPIN 4 3 2 4 4.140 3.639 -2.149
SPIN 4 3 2 5 1.609 0.991 -5.606
SPIN 4 3 2 6 0.930 5.558 1.800
SPIN 4 3 2 7 -4.360 -3.198 -2.400
SPIN 4 3 2 8 1.282 -2.780 5.062
SPIN 4 3 2 9 5.265 2.347 -1.331
SPIN 4 3 2 10 5.576 0.413 1.932
SPIN 4 3 2 11 1.448 5.590 1.288
SPIN 4 3 2 12 -0.130 5.801 1.154
SPIN 4 3 2 13 0.273 -0.233 5.905
SPIN 4 3 2 14 2.344 1.318 -5.269
SPIN 4 3 2 15 -1.761 5.435 1.536
SPIN 1 3 3 0 -3.605 3.553 3.062
SPIN 1 3 3 1 -1.470 -5.056 -2.698
SPIN 1 3 3 2 -2.213 5.388 -1.033
SPIN 1 3 3 3 2.368 -1.757 5.129
SPIN 1 3 3 4 -3.662 2.165 4.111
SPIN 1 3 3 5 -4.788 -3.463 -0.280
SPIN 1 3 3 6 -2.465 -0.816 -5.316
SPIN 1 3 3 7 3.082 0.318 5.040
SPIN 1 3 3 8 -0.948 5.218 2.621
SPIN 1 3 3 9 -5.185 -2.797 0.541
SPIN 1 3 3 10 -3.535 -2.842 3.798
SPIN 1 3 3 11 2.578 -1.432 -5.129
SPIN 1 3 3 12 -1.829 -5.439 1.439
SPIN 1 3 3 13 -3.264 -0.464 4.912
SPIN 1 3 3 14 4.883 3.159 -1.084
SPIN 1 3 3 15 -3.362 -4.746 1.086
SPIN 4 3 3 0 0.871 -3.798 -4.452
SPIN 4 3 3 1 -4.336 -0.273 4.016
SPIN 4 3 3 2 4.040 -4.313 -0.283
SPIN 4 3 3 3 0.140 -0.892 5.847
SPIN 4 3 3 4 -1.497 -5.081 -2.636
SPIN 4 3 3 5 4.471 1.520 3.563
SPIN 4 3 3 6 -5.112 -0.922 -2.831
SPIN 4 3 3 7 -5.288 -1.974 1.773
SPIN 4 3 3 8 4.720 3.083 -1.793
SPIN 4 3 3 9 2.366 -4.302 3.301
SPIN 4 3 3 10 -5.829 0.513 -0.869
SPIN 4 3 3 11 5.530 0.421 2.058
SPIN 4 3 3 12 -0.161 2.508 -5.356
SPIN 4 3 3 13 2.574 -5.322 0.220
SPIN 4 3 3 14 4.096 -3.172 2.857
SPIN 4 3 3 15 -4.539 -1.873 3.300
SPIN 1 3 4 0 4.751 -1.062 3.362
SPIN 1 3 4 1 4.639 3.665 0.210
SPIN 1 3 4 2 -2.634 -4.042 3.425
SPIN 1 3 4 3 0.524 5.317 -2.541
SPIN 1 3 4 4 5.503 0.506 -2.111
SPIN 1 3 4 5 5.490 -2.091 0.699
SPIN 1 3 4 6 -1.548 4.668 -3.288
SPIN 1 3 4 7 -4.028 -3.968 1.741
SPIN 1 3 4 8 1.957 -5.372 1.520
SPIN 1 3 4 9 0.067 5.781 1.257
SPIN 1 3 4 10 0.953 5.471 2.041
SPIN 1 3 4 11 1.074 -2.084 -5.432
SPIN 1 3 4 12 -2.831 -4.257 2.977
SPIN 1 3 4 13 3.025 1.669 -4.803
SPIN 1 3 4 14 -4.291 -0.413 -4.051
SPIN 1 3 4 15 5.599 -1.035 1.605
SPIN 4 3 4 0 5.369 -2.265 1.020
SPIN 4 3 4 1 1.667 -5.187 -2.306
SPIN 4 3 4 2 0.071 3.397 -4.843
SPIN 4 3 4 3 -1.753 -5.339 -1.849
SPIN 4 3 4 4 -2.978 0.361 5.099
SPIN 4 3 4 5 0.531 -0.609 -5.861
SPIN 4 3 4 6 3.166 -4.913 -0.914
SPIN 4 3 4 7 1.302 2.140 -5.359
SPIN 4 3 4 8 -5.272 2.599 0.671
SPIN 4 3 4 9 5.581 1.490 1.278
SPIN 4 3 4 10 2.301 4.658 -2.830
SPIN 4 3 4 11 -0.665 5.876 0.191
SPIN 4 3 4 12 1.185 -4.024 4.172
SPIN 4 3 4 13 -1.676 2.398 -5.142
SPIN 4 3 4 14 4.997 -2.721 1.621
SPIN 4 3 4 15 4.242 -0.970 4.008
SPIN 1 3 5 0 -3.107 3.891 -3.195
SPIN 1 3 5 1 -5.537 -2.067 -0.259
SPIN 1 3 5 2 -1.456 4.592 3.434
SPIN 1 3 5 3 -4.240 -2.776 3.052
SPIN 1 3 5 4 -0.887 3.609 -4.603
SPIN 1 3 5 5 5.187 0.711 2.755
SPIN 1 3 5 6 0.846 -2.315 -5.378
SPIN 1 3 5 7 -3.462 -4.644 -1.205
SPIN 1 3 5 8 2.406 -4.485 3.015
SPIN 1 3 5 9 -0.054 -5.251 -2.725
SPIN 1 3 5 10 2.852 -4.214 3.018
SPIN 1 3 5 11 -1.892 4.952 -2.627
SPIN 1 3 5 12 4.642 3.614 0.629
SPIN 1 3 5 13 -0.802 -4.937 -3.160
SPIN 1 3 5 14 3.643 4.652 0.297
SPIN 1 3 5 15 -4.055 -1.025 -4.184
SPIN 4 3 5 0 -3.002 -3.815 -3.382
SPIN 4 3 5 1 5.143 2.842 0.686
SPIN 4 3 5 2 -5.253 2.464 -1.156
SPIN 4 3 5 3 -0.048 0.599 5.885
SPIN 4 3 5 4 0.424 -1.625 -5.673
SPIN 4 3 5 5 -0.400 3.933 -4.401
SPIN 4 3 5 6 0.109 -4.378 3.977
SPIN 4 3 5 7 4.035 3.655 -2.316
SPIN 4 3 5 8 -2.700 4.509 -2.716
SPIN 4 3 5 9 5.701 1.425 -0.686
SPIN 4 3 5 10 -1.520 -4.757 3.172
SPIN 4 3 5 11 2.182 -2.359 -4.967
SPIN 4 3 5 12 -3.727 1.443 4.362
SPIN 4 3 5 13 -2.000 -5.566 -0.129
SPIN 4 3 5 14 -5.424 0.607 2.282
SPIN 4 3 5 15 1.844 4.656 -3.150
SPIN 1 3 6 0 2.602 0.379 -5.300
SPIN 1 3 6 1 0.780 5.055 -2.973
SPIN 1 3 6 2 -5.848 -0.656 -0.606
SPIN 1 3 6 3 5.658 1.504 -0.848
SPIN 1 3 6 4 -4.293 -3.653 1.797
SPIN 1 3 6 5 -1.714 -4.920 -2.804
SPIN 1 3 6 6 3.831 -3.562 2.764
SPIN 1 3 6 7 2.787 0.088 5.218
SPIN 1 3 6 8 -3.874 -3.632 -2.608
SPIN 1 3 6 9 -3.568 4.481 1.479
SPIN 1 3 6 10 5.670 -0.993 1.367
SPIN 1 3 6 11 -5.384 2.000 1.420
SPIN 1 3 6 12 -0.456 5.460 -2.231
SPIN 1 3 6 13 -3.406 4.355 -2.105
SPIN 1 3 6 14 -1.352 -3.742 4.378
SPIN 1 3 6 15 4.740 1.485 3.213
SPIN 4 3 6 0 -1.292 2.713 5.096
SPIN 4 3 6 1 -1.082 -2.629 -5.188
SPIN 4 3 6 2 4.664 -3.374 1.366
SPIN 4 3 6 3 1.815 -5.628 0.174
SPIN 4 3 6 4 1.485 5.141 -2.522
SPIN 4 3 6 5 3.566 -0.494 -4.694
SPIN 4 3 6 6 -1.423 5.055 -2.724
SPIN 4 3 6 7 -2.391 -3.634 4.010
SPIN 4 3 6 8 0.166 4.572 -3.751
SPIN 4 3 6 9 -5.698 -0.475 -1.518
SPIN 4 3 6 10 -0.133 -4.933 -3.263
SPIN 4 3 6 11 -1.698 2.819 4.916
SPIN 4 3 6 12 -4.469 -1.402 -3.615
SPIN 4 3 6 13 5.912 0.096 -0.210
SPIN 4 3 6 14 -4.702 -2.340 -2.722
SPIN 4 3 6 15 -3.884 -3.785 2.365
SPIN 1 3 7 0 -4.809 2.111 2.723
SPIN 1 3 7 1 -1.323 -3.575 4.524
SPIN 1 3 7 2 0.628 2.581 -5.286
SPIN 1 3 7 3 1.606 3.492 -4.497
SPIN 1 3 7 4 0.804 5.067 2.946
SPIN 1 3 7 5 -0.523 5.797 1.058
SPIN 1 3 7 6 3.830 1.566 -4.228
SPIN 1 3 7 7 3.960 -3.875 -2.074
SPIN 1 3 7 8 4.918 1.858 -2.713
SPIN 1 3 7 9 -1.866 4.011 3.928
SPIN 1 3 7 10 2.843 -4.265 2.954
SPIN 1 3 7 11 -5.232 -2.719 -0.485
SPIN 1 3 7 12 0.852 4.256 4.020
SPIN 1 3 7 13 -2.218 0.611 5.450
SPIN 1 3 7 14 -2.832 -2.949 4.276
SPIN 1 3 7 15 4.108 -4.166 -0.877
SPIN 4 3 7 0 4.640 -0.560 -3.628
SPIN 4 3 7 1 -4.463 -0.341 3.869
SPIN 4 3 7 2 -1.055 -2.711 5.151
SPIN 4 3 7 3 -2.291 5.436 0.447
SPIN 4 3 7 4 5.304 -2.455 0.918
SPIN 4 3 7 5 -3.932 3.846 -2.180
SPIN 4 3 7 6 3.959 -0.798 4.323
SPIN 4 3 7 7 -1.009 5.350 2.316
SPIN 4 3 7 8 0.934 2.116 -5.445
SPIN 4 3 7 9 -1.087 4.888 3.151
SPIN 4 3 7 10 5.765 1.002 -0.872
SPIN 4 3 7 11 -1.494 0.327 -5.715
SPIN 4 3 7 12 1.600 3.302 -4.641
SPIN 4 3 7 13 -5.662 -1.592 -0.634
SPIN 4 3 7 14 -1.125 -5.712 1.053
SPIN 4 3 7 15 -2.800 1.957 4.830
SPIN 1 3 8 0 1.075 -5.753 0.863
SPIN 1 3 8 1 -1.540 5.380 -1.920
SPIN 1 3 8 2 4.401 -3.916 -0.540
SPIN 1 3 8 3 -4.830 1.129 3.224
SPIN 1 3 8 4 -3.885 4.300 -1.188
SPIN 1 3 8 5 4.354 -3.586 -1.785
SPIN 1 3 8 6 1.365 -2.070 -5.371
SPIN 1 3 8 7 -3.815 0.307 -4.511
SPIN 1 3 8 8 -0.758 -5.122 2.861
SPIN 1 3 8 9 3.026 -2.411 4.475
SPIN 1 3 8 10 0.560 5.720 -1.403
SPIN 1 3 8 11 5.193 -0.047 2.834
SPIN 1 3 8 12 -4.916 2.974 -1.409
SPIN 1 3 8 13 -0.684 -5.083 2.949
SPIN 1 3 8 14 1.915 4.897 -2.711
SPIN 1 3 8 15 -0.555 3.620 -4.646
SPIN 4 3 8 0 -3.426 -4.820 0.161
SPIN 4 3 8 1 -3.439 1.300 4.635
SPIN 4 3 8 2 4.134 4.232 -0.081
SPIN 4 3 8 3 -2.405 -5.022 2.000
SPIN 4 3 8 4 -2.584 -0.068 -5.322
SPIN 4 3 8 5 -2.076 -2.347 5.018
SPIN 4 3 8 6 -2.817 5.196 0.257
SPIN 4 3 8 7 5.341 -2.070 -1.478
SPIN 4 3 8 8 4.973 -1.845 2.620
SPIN 4 3 8 9 3.787 -2.593 -3.732
SPIN 4 3 8 10 -0.986 -1.515 -5.633
SPIN 4 3 8 11 -2.909 1.071 5.039
SPIN 4 3 8 12 -3.124 2.434 -4.395
SPIN 4 3 8 13 1.437 1.779 -5.456
SPIN 4 3 8 14 1.829 -5.332 1.795
SPIN 4 3 8 15 3.349 1.891 -4.495
SPIN 1 3 9 0 -3.008 0.671 -5.050
SPIN 1 3 9 1 1.439 5.738 -0.080
SPIN 1 3 9 2 -4.837 -3.407 -0.044
SPIN 1 3 9 3 4.417 3.026 -2.517
SPIN 1 3 9 4 3.677 4.386 1.497
SPIN 1 3 9 5 1.110 0.289 5.804
SPIN 1 3 9 6 1.971 -5.556 -0.495
SPIN 1 3 9 7 1.922 -5.155 2.175
SPIN 1 3 9 8 3.278 0.415 4.908
SPIN 1 3 9 9 -1.784 4.171 -3.798
SPIN 1 3 9 10 1.574 -5.408 1.810
SPIN 1 3 9 11 -2.127 -3.509 -4.262
SPIN 1 3 9 12 2.858 2.981 4.237
SPIN 1 3 9 13 -5.590 -0.021 -1.936
SPIN 1 3 9 14 -2.742 -4.604 2.508
SPIN 1 3 9 15 5.463 0.509 2.212
SPIN 4 3 9 0 -1.032 5.736 -1.018
SPIN 4 3 9 1 -1.609 -3.920 -4.129
SPIN 4 3 9 2 2.251 4.478 3.144
SPIN 4 3 9 3 -0.042 -4.325 -4.036
SPIN 4 3 9 4 0.653 1.031 5.789
SPIN 4 3 9 5 3.554 -3.055 -3.611
SPIN 4 3 9 6 -3.441 -3.817 -2.931
SPIN 4 3 9 7 -3.095 3.606 3.524
SPIN 4 3 9 8 -5.507 0.159 2.156
SPIN 4 3 9 9 1.734 1.791 5.365
SPIN 4 3 9 10 -1.001 1.007 -5.743
SPIN 4 3 9 11 4.505 -0.789 -3.753
SPIN 4 3 9 12 -0.686 4.570 3.694
SPIN 4 3 9 13 -2.558 4.065 -3.454
SPIN 4 3 9 14 2.912 4.102 -3.114
SPIN 4 3 9 15 0.275 -1.658 5.672
SPIN 1 3 10 0 -0.720 0.525 5.849
SPIN 1 3 10 1 -1.076 -1.304 -5.670
SPIN 1 3 10 2 0.612 5.869 0.428
SPIN 1 3 10 3 -5.736 1.391 -0.402
SPIN 1 3 10 4 -2.024 -3.396 -4.401
SPIN 1 3 10 5 -2.520 -1.978 -4.973
SPIN 1 3 10 6 -4.799 -1.006 3.310
SPIN 1 3 10 7 2.006 5.108 -2.210
SPIN 1 3 10 8 -4.820 -1.533 3.069
SPIN 1 3 10 9 -1.001 -4.376 -3.853
SPIN 1 3 10 10 3.015 5.053 0.615
SPIN 1 3 10 11 5.279 0.674 2.583
SPIN 1 3 10 12 1.401 -4.496 -3.581
SPIN 1 3 10 13 -3.649 4.430 -1.434
SPIN 1 3 10 14 2.680 4.712 -2.369
SPIN 1 3 10 15 -1.524 -4.667 -3.302
SPIN 4 3 10 0 -2.823 5.161 0.632
SPIN 4 3 10 1 5.254 0.335 2.698
SPIN 4 3 10 2 -5.663 1.069 1.335
SPIN 4 3 10 3 1.609 2.283 -5.215
SPIN 4 3 10 4 -2.642 1.110 5.176
SPIN 4 3 10 5 3.383 -3.641 -3.210
SPIN 4 3 10 6 0.907 5.102 2.854
SPIN 4 3 10 7 -0.858 -5.755 -1.068
SPIN 4 3 10 8 0.783 5.689 1.423
SPIN 4 3 10 9 -2.104 -5.207 -1.859
SPIN 4 3 10 10 -3.481 -4.124 2.423
SPIN 4 3 10 11 -3.423 -3.466 -3.357
SPIN 4 3 10 12 5.392 0.116 -2.431
SPIN 4 3 10 13 1.628 4.954 2.794
SPIN 4 3 10 14 -1.456 -3.634 4.435
SPIN 4 3 10 15 2.284 4.546 3.019
SPIN 1 3 11 0 -2.831 -3.938 3.387
SPIN 1 3 11 1 4.686 3.152 1.763
SPIN 1 3 11 2 -1.447 -5.263 -2.282
SPIN 1 3 11 3 3.030 -3.706 -3.476
SPIN 1 3 11 4 1.848 5.513 -1.091
SPIN 1 3 11 5 -2.654 0.971 5.197
SPIN 1 3 11 6 4.399 3.909 -0.608
SPIN 1 3 11 7 -3.712 -4.303 -1.645
SPIN 1 3 11 8 0.399 -5.713 1.483
SPIN 1 3 11 9 0.924 -1.419 5.669
SPIN 1 3 11 10 4.140 -4.079 -1.104
SPIN 1 3 11 11 -1.613 4.083 3.966
SPIN 1 3 11 12 5.019 -2.460 1.938
SPIN 1 3 11 13 1.025 4.490 -3.714
SPIN 1 3 11 14 -4.182 3.837 1.669
SPIN 1 3 11 15 5.230 -2.125 1.769
SPIN 4 3 11 0 -1.546 -4.292 3.767
SPIN 4 3 11 1 2.118 0.102 -5.523
SPIN 4 3 11 2 -0.615 -5.636 -1.689
SPIN 4 3 11 3 1.738 -5.178 2.273
SPIN 4 3 11 4 3.098 3.401 3.719
SPIN 4 3 11 5 4.695 1.962 -3.018
SPIN 4 3 11 6 -4.443 -0.198 -3.902
SPIN 4 3 11 7 2.761 -5.095 -1.189
SPIN 4 3 11 8 -1.762 1.640 -5.404
SPIN 4 3 11 9 0.881 -2.625 5.228
SPIN 4 3 11 10 5.688 1.591 -0.345
SPIN 4 3 11 11 -1.786 -0.022 5.640
SPIN 4 3 11 12 -5.070 2.854 -1.071
SPIN 4 3 11 13 -2.575 0.021 -5.326
SPIN 4 3 11 14 5.724 0.128 -1.489
SPIN 4 3 11 15 -5.687 -0.213 -1.616
SPIN 1 3 12 0 -4.900 2.157 -2.517
SPIN 1 3 12 1 -3.249 -4.411 2.233
SPIN 1 3 12 2 4.564 2.893 2.409
SPIN 1 3 12 3 -1.483 -2.936 -4.917
SPIN 1 3 12 4 -1.757 -5.499 1.292
SPIN 1 3 12 5 2.450 2.958 4.500
SPIN 1 3 12 6 -1.133 -4.504 -3.665
SPIN 1 3 12 7 -3.239 4.761 -1.359
SPIN 1 3 12 8 -5.841 -0.601 -0.722
SPIN 1 3 12 9 4.039 -3.035 3.078
SPIN 1 3 12 10 2.070 0.957 -5.459
SPIN 1 3 12 11 -2.693 3.512 3.925
SPIN 1 3 12 12 3.124 -4.908 1.072
SPIN 1 3 12 13 0.677 -5.648 -1.624
SPIN 1 3 12 14 5.815 -0.706 0.826
SPIN 1 3 12 15 -5.165 -2.835 0.532
SPIN 4 3 12 0 5.382 -0.316 2.436
SPIN 4 3 12 1 -2.753 5.204 -0.578
SPIN 4 3 12 2 2.830 3.521 -3.820
SPIN 4 3 12 3 -5.043 2.065 2.304
SPIN 4 3 12 4 -2.503 -4.382 3.087
SPIN 4 3 12 5 1.599 5.609 0.992
SPIN 4 3 12 6 4.420 -3.906 -0.448
SPIN 4 3 12 7 0.148 5.914 0.084
SPIN 4 3 12 8 0.982 -5.690 1.287
SPIN 4 3 12 9 -1.911 -3.013 4.719
SPIN 4 3 12 10 0.765 4.646 3.582
SPIN 4 3 12 11 4.570 -3.755 0.134
SPIN 4 3 12 12 -0.358 5.510 2.124
SPIN 4 3 12 13 1.057 2.293 -5.350
SPIN 4 3 12 14 3.973 -0.688 -4.329
SPIN 4 3 12 15 -0.890 -5.415 2.210
SPIN 1 3 13 0 3.952 -0.421 4.383
SPIN 1 3 13 1 1.041 5.501 -1.912
SPIN 1 3 13 2 -0.837 -5.467 -2.101
SPIN 1 3 13 3 0.114 5.909 -0.262
SPIN 1 3 13 4 -2.412 0.336 5.391
SPIN 1 3 13 5 5.568 -1.164 -1.626
SPIN 1 3 13 6 0.199 -4.941 3.248
SPIN 1 3 13 7 0.160 -5.890 0.527
SPIN 1 3 13 8 1.782 4.669 3.167
SPIN 1 3 13 9 -2.723 5.205 -0.699
SPIN 1 3 13 10 -4.738 -2.537 2.472
SPIN 1 3 13 11 5.508 1.178 -1.810
SPIN 1 3 13 12 -5.188 2.787 0.566
SPIN 1 3 13 13 3.635 -4.131 2.173
SPIN 1 3 13 14 -5.358 2.429 -0.628
SPIN 1 3 13 15 -1.699 3.878 -4.132
SPIN 4 3 13 0 1.973 5.361 1.539
SPIN 4 3 13 1 -3.077 -4.225 -2.771
SPIN 4 3 13 2 -4.359 0.776 3.924
SPIN 4 3 13 3 4.086 -3.401 -2.596
SPIN 4 3 13 4 -0.618 3.525 -4.711
SPIN 4 3 13 5 -4.061 -2.440 3.543
SPIN 4 3 13 6 3.129 3.974 -3.069
SPIN 4 3 13 7 -5.175 -2.718 -0.911
SPIN 4 3 13 8 -0.680 3.769 -4.509
SPIN 4 3 13 9 3.619 -1.039 4.563
SPIN 4 3 13 10 -5.065 -3.035 0.367
SPIN 4 3 13 11 5.452 -1.010 -2.062
SPIN 4 3 13 12 -3.336 4.692 1.362
SPIN 4 3 13 13 4.111 0.471 -4.228
SPIN 4 3 13 14 -1.015 0.146 5.826
SPIN 4 3 13 15 3.659 -4.643 -0.245
SPIN 1 3 14 0 3.957 4.064 -1.682
SPIN 1 3 14 1 4.455 3.629 1.409
SPIN 1 3 14 2 2.183 0.166 -5.496
SPIN 1 3 14 3 -2.309 4.238 -3.422
SPIN 1 3 14 4 1.451 2.663 5.079
SPIN 1 3 14 5 5.078 0.414 3.007
SPIN 1 3 14 6 -2.430 5.017 1.981
SPIN 1 3 14 7 -0.876 0.667 -5.813
SPIN 1 3 14 8 -4.679 3.287 -1.518
SPIN 1 3 14 9 -1.519 -3.213 -4.730
SPIN 1 3 14 10 4.419 1.086 3.781
SPIN 1 3 14 11 -0.870 4.845 3.282
SPIN 1 3 14 12 -1.712 -2.688 -4.984
SPIN 1 3 14 13 1.562 1.885 -5.386
SPIN 1 3 14 14 4.724 -1.025 -3.411
SPIN 1 3 14 15 5.459 -1.866 1.310
SPIN 4 3 14 0 -2.440 4.786 -2.479
SPIN 4 3 14 1 -3.255 0.771 4.880
SPIN 4 3 14 2 -4.315 -0.473 -4.019
SPIN 4 3 14 3 1.705 1.773 5.380
SPIN 4 3 14 4 -3.673 -4.376 -1.537
SPIN 4 3 14 5 -5.231 2.575 -1.006
SPIN 4 3 14 6 -4.385 -3.195 -2.358
SPIN 4 3 14 7 -4.445 0.533 -3.868
SPIN 4 3 14 8 1.919 -3.789 4.118
SPIN 4 3 14 9 -4.150 3.827 -1.771
SPIN 4 3 14 10 2.486 -5.085 -1.722
SPIN 4 3 14 11 3.417 -1.606 4.555
SPIN 4 3 14 12 -2.102 -5.098 2.142
SPIN 4 3 14 13 5.066 -2.128 -2.193
SPIN 4 3 14 14 -0.097 1.319 -5.766
SPIN 4 3 14 15 -1.053 -3.040 -4.965
SPIN 1 3 15 0 3.434 4.803 -0.377
SPIN 1 3 15 1 -2.540 -4.942 2.031
SPIN 1 3 15 2 1.200 0.702 5.750
SPIN 1 3 15 3 3.659 1.222 -4.486
SPIN 1 3 15 4 -0.661 2.399 -5.367
SPIN 1 3 15 5 2.668 2.364 4.722
SPIN 1 3 15 6 2.538 -4.449 2.962
SPIN 1 3 15 7 4.980 -3.146 0.547
SPIN 1 3 15 8 2.001 -5.527 -0.673
SPIN 1 3 15 9 0.039 4.768 -3.502
SPIN 1 3 15 10 3.154 -0.904 -4.923
SPIN 1 3 15 11 4.505 -3.039 2.339
SPIN 1 3 15 12 4.083 0.979 4.168
SPIN 1 3 15 13 3.907 0.581 4.404
SPIN 1 3 15 14 -5.803 0.935 0.668
SPIN 1 3 15 15 -4.785 -3.480 -0.017
SPIN 4 3 15 0 -2.864 2.571 4.493
SPIN 4 3 15 1 3.213 -4.522 2.057
SPIN 4 3 15 2 2.217 -4.966 2.330
SPIN 4 3 15 3 1.757 -5.615 -0.622
SPIN 4 3 15 4 -4.122 3.650 -2.164
SPIN 4 3 15 5 5.633 -0.858 1.591
SPIN 4 3 15 6 -5.235 2.617 0.864
SPIN 4 3 15 7 1.966 5.330 1.651
SPIN 4 3 15 8 0.833 3.133 4.949
SPIN 4 3 15 9 -1.931 -0.582 -5.562
SPIN 4 3 15 10 1.877 -4.791 2.919
SPIN 4 3 15 11 -1.132 2.462 -5.259
SPIN 4 3 15 12 4.535 1.154 -3.620
SPIN 4 3 15 13 1.147 5.015 2.921
SPIN 4 3 15 14 1.744 -0.181 5.650
SPIN 4 3 15 15 3.292 -0.261 4.908
SPIN 3 3 0 0 4.258 3.872 -1.370
SPIN 3 3 0 1 5.413 -0.496 2.335
SPIN 3 3 0 2 3.003 1.814 -4.764
SPIN 3 3 0 3 -1.783 4.428 -3.495
SPIN 3 3 0 4 3.820 -4.514 0.179
SPIN 3 3 0 5 -2.124 5.456 0.849
SPIN 3 3 0 6 -3.075 4.457 2.383
SPIN 3 3 0 7 5.651 0.880 1.515
SPIN 3 3 0 8 -3.008 4.245 2.816
SPIN 3 3 0 9 4.202 -1.743 3.782
SPIN 3 3 0 10 -3.904 1.960 -3.989
SPIN 3 3 0 11 5.735 -1.434 0.226
SPIN 3 3 0 12 4.048 -1.521 -4.037
SPIN 3 3 0 13 -0.731 -5.568 -1.860
SPIN 3 3 0 14 3.032 -4.352 -2.620
SPIN 3 3 0 15 -0.711 5.855 0.458
SPIN 2 3 0 0 5.654 -0.557 -1.649
SPIN 2 3 0 1 5.647 -0.943 1.491
SPIN 2 3 0 2 -4.766 -3.501 0.171
SPIN 2 3 0 3 -3.859 4.145 -1.710
SPIN 2 3 0 4 -5.620 0.214 -1.834
SPIN 2 3 0 5 -3.950 3.294 2.924
SPIN 2 3 0 6 4.316 -3.930 -0.964
SPIN 2 3 0 7 -5.683 1.236 -1.086
SPIN 2 3 0 8 0.161 5.879 0.643
SPIN 2 3 0 9 2.239 0.854 5.409
SPIN 2 3 0 10 2.557 4.096 3.418
SPIN 2 3 0 11 2.862 -4.656 -2.265
SPIN 2 3 0 12 3.834 0.346 4.492
SPIN 2 3 0 13 -5.330 2.122 -1.445
SPIN 2 3 0 14 3.653 -1.060 4.531
SPIN 2 3 0 15 -4.605 -1.581 -3.361
SPIN 3 3 1 0 -5.434 0.070 2.339
SPIN 3 3 1 1 3.325 -1.944 -4.490
SPIN 3 3 1 2 -2.251 -4.507 3.101
SPIN 3 3 1 3 -0.700 -5.221 2.693
SPIN 3 3 1 4 -3.423 2.691 -4.005
SPIN 3 3 1 5 5.381 -0.731 -2.347
SPIN 3 3 1 6 1.730 4.660 -3.208
SPIN 3 3 1 7 -4.545 2.834 -2.512
SPIN 3 3 1 8 -4.255 1.164 -3.942
SPIN 3 3 1 9 0.286 5.907 0.148
SPIN 3 3 1 10 2.705 -3.647 3.793
SPIN 3 3 1 11 3.394 -0.902 -4.761
SPIN 3 3 1 12 -4.352 2.189 -3.356
SPIN 3 3 1 13 -3.088 4.689 1.866
SPIN 3 3 1 14 -3.952 -2.641 3.522
SPIN 3 3 1 15 2.697 -1.932 4.899
SPIN 2 3 1 0 4.944 2.349 -2.246
SPIN 2 3 1 1 -3.186 4.030 -2.933
SPIN 2 3 1 2 5.065 -0.517 -3.013
SPIN 2 3 1 3 1.794 0.644 5.601
SPIN 2 3 1 4 -3.504 4.765 -0.155
SPIN 2 3 1 5 -0.734 -5.578 -1.831
SPIN 2 3 1 6 -1.087 -4.644 -3.500
SPIN 2 3 1 7 1.172 4.834 -3.202
SPIN 2 3 1 8 -2.133 -3.579 -4.200
SPIN 2 3 1 9 4.603 3.399 1.505
SPIN 2 3 1 10 -2.932 -4.995 -1.205
SPIN 2 3 1 11 -4.443 3.722 1.185
SPIN 2 3 1 12 -3.782 0.912 -4.457
SPIN 2 3 1 13 5.907 0.241 0.228
SPIN 2 3 1 14 -1.919 0.993 -5.507
SPIN 2 3 1 15 -0.627 -1.808 -5.598
SPIN 3 3 2 0 1.117 -5.741 -0.888
SPIN 3 3 2 1 -2.741 2.489 -4.614
SPIN 3 3 2 2 -2.577 0.742 5.273
SPIN 3 3 2 3 5.726 1.279 -0.760
SPIN 3 3 2 4 4.152 -4.153 0.715
SPIN 3 3 2 5 -3.798 -1.010 4.422
SPIN 3 3 2 6 3.588 4.045 2.401
SPIN 3 3 2 7 2.320 4.194 3.468
SPIN 3 3 2 8 -3.355 -1.252 4.709
SPIN 3 3 2 9 -0.868 1.850 5.552
SPIN 3 3 2 10 -5.519 1.014 -1.874
SPIN 3 3 2 11 0.293 3.046 5.063
SPIN 3 3 2 12 -5.028 -2.767 -1.435
SPIN 3 3 2 13 2.557 0.878 5.262
SPIN 3 3 2 14 -2.213 5.475 0.353
SPIN 3 3 2 15 -5.863 -0.752 -0.246
SPIN 2 3 2 0 -5.290 -2.636 -0.257
SPIN 2 3 2 1 2.321 4.981 2.191
SPIN 2 3 2 2 -2.479 -2.124 -4.934
SPIN 2 3 2 3 3.788 4.424 1.039
SPIN 2 3 2 4 -3.447 -2.623 -4.030
SPIN 2 3 2 5 0.244 -3.350 4.870
SPIN 2 3 2 6 -1.974 5.328 -1.648
SPIN 2 3 2 7 -4.550 -0.442 -3.756
SPIN 2 3 2 8 4.080 -2.835 -3.213
SPIN 2 3 2 9 -4.808 -0.973 3.307
SPIN 2 3 2 10 0.415 2.983 -5.092
SPIN 2 3 2 11 -3.811 -3.800 2.456
SPIN 2 3 2 12 3.627 3.097 3.501
SPIN 2 3 2 13 2.501 4.662 -2.648
SPIN 2 3 2 14 -0.415 -5.901 -0.074
SPIN 2 3 2 15 -4.187 -0.902 4.081
SPIN 3 3 3 0 -5.119 1.259 2.686
SPIN 3 3 3 1 5.395 0.019 2.428
SPIN 3 3 3 2 5.373 -1.992 -1.471
SPIN 3 3 3 3 -5.823 1.027 -0.181
SPIN 3 3 3 4 -2.083 3.651 4.164
SPIN 3 3 3 5 3.552 -3.945 -2.611
SPIN 3 3 3 6 -2.542 -5.223 1.124
SPIN 3 3 3 7 -2.719 -4.877 1.956
SPIN 3 3 3 8 -4.501 2.888 2.530
SPIN 3 3 3 9 0.253 -5.555 2.020
SPIN 3 3 3 10 -3.609 4.270 -1.935
SPIN 3 3 3 11 -5.032 0.318 -3.095
SPIN 3 3 3 12 5.688 0.859 1.380
SPIN 3 3 3 13 -5.864 0.752 -0.229
SPIN 3 3 3 14 4.276 4.022 -0.735
SPIN 3 3 3 15 -4.704 -2.914 -2.093
SPIN 2 3 3 0 -0.046 5.834 -0.981
SPIN 2 3 3 1 -0.130 -4.502 3.836
SPIN 2 3 3 2 -0.108 2.921 5.144
SPIN 2 3 3 3 1.855 5.021 2.519
SPIN 2 3 3 4 5.413 -2.275 0.725
SPIN 2 3 3 5 -2.167 -4.612 -3.005
SPIN 2 3 3 6 4.316 0.033 4.046
SPIN 2 3 3 7 -1.547 5.105 -2.559
SPIN 2 3 3 8 5.498 -0.760 -2.049
SPIN 2 3 3 9 4.953 -2.907 1.419
SPIN 2 3 3 10 3.254 1.826 -4.591
SPIN 2 3 3 11 3.302 3.527 -3.415
SPIN 2 3 3 12 -1.248 5.211 -2.507
SPIN 2 3 3 13 -1.195 -1.842 -5.493
SPIN 2 3 3 14 3.750 -2.956 3.493
SPIN 2 3 3 15 1.970 -5.007 2.460
SPIN 3 3 4 0 -1.743 5.647 -0.283
SPIN 3 3 4 1 2.450 3.082 -4.416
SPIN 3 3 4 2 -4.672 -3.361 1.371
SPIN 3 3 4 3 1.238 -1.373 5.620
SPIN 3 3 4 4 2.016 0.075 5.561
SPIN 3 3 4 5 -2.398 -3.514 -4.111
SPIN 3 3 4 6 1.795 1.170 -5.514
SPIN 3 3 4 7 -5.033 -3.032 -0.691
SPIN 3 3 4 8 3.966 2.505 3.605
SPIN 3 3 4 9 -2.159 2.160 5.067
SPIN 3 3 4 10 -3.982 -3.194 2.990
SPIN 3 3 4 11 -0.880 -5.419 2.204
SPIN 3 3 4 12 -2.623 -5.303 0.003
SPIN 3 3 4 13 4.915 2.293 2.364
SPIN 3 3 4 14 -2.693 5.264 0.189
SPIN 3 3 4 15 1.169 -5.799 0.083
SPIN 2 3 4 0 0.553 4.095 -4.234
SPIN 2 3 4 1 3.579 4.339 1.833
SPIN 2 3 4 2 -0.700 -4.550 -3.715
SPIN 2 3 4 3 0.686 4.421 3.870
SPIN 2 3 4 4 -5.209 -2.731 0.639
SPIN 2 3 4 5 4.946 3.159 0.749
SPIN 2 3 4 6 -4.603 3.359 1.590
SPIN 2 3 4 7 0.787 0.325 5.854
SPIN 2 3 4 8 -1.839 -2.765 -4.896
SPIN 2 3 4 9 -5.495 0.976 -1.962
SPIN 2 3 4 10 1.699 -5.292 2.028
SPIN 2 3 4 11 2.854 0.967 -5.091
SPIN 2 3 4 12 2.228 5.397 -0.953
SPIN 2 3 4 13 3.534 -1.875 4.358
SPIN 2 3 4 14 5.858 -0.547 0.623
SPIN 2 3 4 15 -4.560 1.924 3.242
SPIN 3 3 5 0 -1.317 -5.114 2.668
SPIN 3 3 5 1 -3.668 -2.461 3.935
SPIN 3 3 5 2 0.116 1.791 -5.637
SPIN 3 3 5 3 5.303 2.569 0.527
SPIN 3 3 5 4 -1.863 4.418 -3.466
SPIN 3 3 5 5 3.414 3.600 3.223
SPIN 3 3 5 6 3.467 4.529 -1.573
SPIN 3 3 5 7 -2.160 5.507 -0.064
SPIN 3 3 5 8 -1.208 -4.520 3.621
SPIN 3 3 5 9 -5.400 1.307 -2.032
SPIN 3 3 5 10 -0.768 0.983 5.783
SPIN 3 3 5 11 4.477 -1.303 3.641
SPIN 3 3 5 12 0.260 5.906 0.229
SPIN 3 3 5 13 -2.614 5.163 1.228
SPIN 3 3 5 14 2.984 -3.438 3.778
SPIN 3 3 5 15 3.288 -4.860 0.758
SPIN 2 3 5 0 3.569 3.723 -2.898
SPIN 2 3 5 1 -3.851 -2.661 -3.618
SPIN 2 3 5 2 4.335 2.231 -3.351
SPIN 2 3 5 3 5.230 -0.198 2.758
SPIN 2 3 5 4 0.064 -5.769 -1.310
SPIN 2 3 5 5 1.150 -5.089 -2.789
SPIN 2 3 5 6 -2.399 2.484 -4.803
SPIN 2 3 5 7 0.576 2.275 5.431
SPIN 2 3 5 8 5.326 2.094 1.499
SPIN 2 3 5 9 4.068 3.636 2.287
SPIN 2 3 5 10 2.545 4.886 -2.156
SPIN 2 3 5 11 4.890 -2.309 -2.398
SPIN 2 3 5 12 -5.063 3.047 0.294
SPIN 2 3 5 13 3.478 -2.035 -4.332
SPIN 2 3 5 14 -5.201 -2.743 -0.654
SPIN 2 3 5 15 1.539 4.964 -2.826
SPIN 3 3 6 0 -1.385 0.708 5.708
SPIN 3 3 6 1 -3.931 -1.921 3.982
SPIN 3 3 6 2 -4.486 2.216 3.157
SPIN 3 3 6 3 -2.615 4.605 -2.638
SPIN 3 3 6 4 -4.187 -2.038 3.649
SPIN 3 3 6 5 1.307 -2.346 5.272
SPIN 3 3 6 6 -3.503 4.666 0.979
SPIN 3 3 6 7 -4.490 -3.828 0.434
SPIN 3 3 6 8 3.027 1.993 4.676
SPIN 3 3 6 9 4.869 -1.702 2.898
SPIN 3 3 6 10 -5.498 -1.318 -1.743
SPIN 3 3 6 11 -4.427 3.889 -0.525
SPIN 3 3 6 12 4.018 -4.302 0.593
SPIN 3 3 6 13 -2.789 -2.913 -4.329
SPIN 3 3 6 14 5.708 -1.319 -0.826
SPIN 3 3 6 15 -2.972 4.537 2.362
SPIN 2 3 6 0 3.888 -2.734 -3.522
SPIN 2 3 6 1 3.480 4.693 -0.929
SPIN 2 3 6 2 5.581 -0.179 -1.955
SPIN 2 3 6 3 -0.008 -5.797 -1.182
SPIN 2 3 6 4 3.693 4.142 -2.049
SPIN 2 3 6 5 -2.859 4.928 1.595
SPIN 2 3 6 6 5.718 -1.346 -0.702
SPIN 2 3 6 7 -5.405 0.846 -2.253
SPIN 2 3 6 8 -5.888 0.242 0.519
SPIN 2 3 6 9 -4.084 -2.563 -3.428
SPIN 2 3 6 10 3.466 -2.926 -3.798
SPIN 2 3 6 11 1.850 4.903 2.746
SPIN 2 3 6 12 5.450 -2.095 -0.954
SPIN 2 3 6 13 0.893 0.845 5.787
SPIN 2 3 6 14 1.181 -1.588 -5.575
SPIN 2 3 6 15 -5.183 2.581 1.215
SPIN 3 3 7 0 4.079 2.193 -3.681
SPIN 3 3 7 1 4.103 1.197 4.091
SPIN 3 3 7 2 2.200 5.488 -0.201
SPIN 3 3 7 3 -1.884 -4.498 3.349
SPIN 3 3 7 4 1.203 -2.503 -5.224
SPIN 3 3 7 5 0.552 -0.346 5.880
SPIN 3 3 7 6 0.207 3.572 4.712
SPIN 3 3 7 7 -3.313 2.039 -4.457
SPIN 3 3 7 8 2.137 4.712 2.870
SPIN 3 3 7 9 0.583 4.590 -3.686
SPIN 3 3 7 10 4.921 1.766 2.768
SPIN 3 3 7 11 -0.209 1.799 5.632
SPIN 3 3 7 12 5.808 0.362 1.065
SPIN 3 3 7 13 4.330 2.218 3.366
SPIN 3 3 7 14 3.586 4.695 0.313
SPIN 3 3 7 15 4.493 -3.541 -1.508
SPIN 2 3 7 0 4.671 0.856 3.529
SPIN 2 3 7 1 -3.057 -5.065 -0.033
SPIN 2 3 7 2 1.014 -5.796 -0.612
SPIN 2 3 7 3 -0.478 0.767 -5.847
SPIN 2 3 7 4 -1.677 -5.183 -2.307
SPIN 2 3 7 5 1.840 0.614 5.589
SPIN 2 3 7 6 -3.574 -2.486 -4.006
SPIN 2 3 7 7 3.672 -0.324 4.627
SPIN 2 3 7 8 -5.535 0.565 -2.011
SPIN 2 3 7 9 3.108 -2.408 4.420
SPIN 2 3 7 10 -4.009 -2.490 3.568
SPIN 2 3 7 11 -5.382 0.081 -2.454
SPIN 2 3 7 12 0.589 5.887 -0.016
SPIN 2 3 7 13 -0.708 -0.223 -5.869
SPIN 2 3 7 14 5.043 2.148 -2.225
SPIN 2 3 7 15 0.184 3.499 -4.767
SPIN 3 3 8 0 -3.048 -2.698 -4.293
SPIN 3 3 8 1 5.370 0.307 2.464
SPIN 3 3 8 2 -5.085 2.420 -1.813
SPIN 3 3 8 3 3.772 -0.272 4.550
SPIN 3 3 8 4 -0.203 -5.724 -1.480
SPIN 3 3 8 5 0.224 4.353 4.000
SPIN 3 3 8 6 0.500 5.828 0.884
SPIN 3 3 8 7 0.185 -5.839 -0.932
SPIN 3 3 8 8 -1.243 -0.441 -5.767
SPIN 3 3 8 9 -4.436 -3.286 -2.128
SPIN 3 3 8 10 1.027 0.442 5.809
SPIN 3 3 8 11 1.315 3.949 -4.205
SPIN 3 3 8 12 -1.936 0.446 5.572
SPIN 3 3 8 13 0.484 2.530 -5.326
SPIN 3 3 8 14 1.604 -5.500 -1.474
SPIN 3 3 8 15 2.359 4.648 -2.799
SPIN 2 3 8 0 1.986 2.119 5.154
SPIN 2 3 8 1 5.867 -0.553 -0.516
SPIN 2 3 8 2 0.041 -3.304 4.908
SPIN 2 3 8 3 -2.085 -5.157 2.014
SPIN 2 3 8 4 0.241 2.978 5.106
SPIN 2 3 8 5 2.019 -5.336 -1.567
SPIN 2 3 8 6 -3.688 -3.164 3.375
SPIN 2 3 8 7 0.437 -1.977 5.559
SPIN 2 3 8 8 5.542 -2.008 -0.509
SPIN 2 3 8 9 -4.644 3.504 1.074
SPIN 2 3 8 10 -5.466 -1.568 1.632
SPIN 2 3 8 11 0.415 -5.585 1.906
SPIN 2 3 8 12 -2.517 -2.793 -4.568
SPIN 2 3 8 13 -3.863 1.485 4.227
SPIN 2 3 8 14 -1.513 4.527 3.496
SPIN 2 3 8 15 4.638 -3.227 -1.754
SPIN 3 3 9 0 1.516 -5.494 1.588
SPIN 3 3 9 1 -3.180 4.885 1.009
SPIN 3 3 9 2 -0.237 -5.352 2.511
SPIN 3 3 9 3 2.464 4.328 -3.193
SPIN 3 3 9 4 -4.226 -2.229 3.488
SPIN 3 3 9 5 2.790 -2.469 -4.595
SPIN 3 3 9 6 -1.123 0.337 5.799
SPIN 3 3 9 7 -2.917 5.072 -0.875
SPIN 3 3 9 8 3.515 1.302 4.577
SPIN 3 3 9 9 1.219 4.518 -3.620
SPIN 3 3 9 10 -1.243 4.104 4.076
SPIN 3 3 9 11 0.151 -5.910 -0.220
SPIN 3 3 9 12 4.396 3.806 -1.091
SPIN 3 3 9 13 -5.237 -0.311 -2.735
SPIN 3 3 9 14 -0.988 5.768 0.866
SPIN 3 3 9 15 1.312 -3.021 -4.914
SPIN 2 3 9 0 -4.934 -3.067 1.120
SPIN 2 3 9 1 2.519 -3.084 -4.375
SPIN 2 3 9 2 4.828 0.248 -3.410
SPIN 2 3 9 3 -4.924 -2.598 2.002
SPIN 2 3 9 4 5.211 2.781 -0.329
SPIN 2 3 9 5 -1.539 5.681 0.595
SPIN 2 3 9 6 5.481 -0.409 2.189
SPIN 2 3 9 7 5.482 -1.033 -1.971
SPIN 2 3 9 8 1.784 2.858 -4.863
SPIN 2 3 9 9 5.307 -1.082 -2.380
SPIN 2 3 9 10 -2.696 4.223 3.146
SPIN 2 3 9 11 -5.273 2.498 -0.978
SPIN 2 3 9 12 5.549 1.180 1.678
SPIN 2 3 9 13 -4.663 -3.472 -1.094
SPIN 2 3 9 14 2.236 -2.009 -5.096
SPIN 2 3 9 15 -3.492 1.255 4.607
SPIN 3 3 10 0 0.325 -5.880 -0.567
SPIN 3 3 10 1 5.203 -2.793 -0.360
SPIN 3 3 10 2 -2.859 5.096 -0.927
SPIN 3 3 10 3 -2.833 -1.989 4.797
SPIN 3 3 10 4 3.203 4.460 -2.202
SPIN 3 3 10 5 -5.302 2.505 0.784
SPIN 3 3 10 6 -4.786 -3.310 1.065
SPIN 3 3 10 7 -4.487 -0.667 3.798
SPIN 3 3 10 8 -4.085 3.767 2.030
SPIN 3 3 10 9 -5.417 1.867 1.473
SPIN 3 3 10 10 0.723 -5.705 1.391
SPIN 3 3 10 11 0.619 5.602 -1.799
SPIN 3 3 10 12 -1.560 -5.589 1.152
SPIN 3 3 10 13 2.420 -5.264 -1.197
SPIN 3 3 10 14 -1.971 3.459 -4.376
SPIN 3 3 10 15 -0.456 2.463 -5.360
SPIN 2 3 10 0 2.156 5.461 0.731
SPIN 2 3 10 1 1.915 -2.406 5.054
SPIN 2 3 10 2 -5.356 -1.954 1.581
SPIN 2 3 10 3 4.385 3.383 2.080
SPIN 2 3 10 4 -5.893 0.524 -0.041
SPIN 2 3 10 5 4.064 -3.278 2.782
SPIN 2 3 10 6 3.997 2.454 -3.606
SPIN 2 3 10 7 2.544 -1.747 -5.047
SPIN 2 3 10 8 2.037 4.381 -3.414
SPIN 2 3 10 9 -5.100 -2.053 -2.185
SPIN 2 3 10 10 4.691 -2.297 -2.777
SPIN 2 3 10 11 2.260 -1.076 5.361
SPIN 2 3 10 12 1.831 1.882 -5.302
SPIN 2 3 10 13 -2.589 1.710 5.037
SPIN 2 3 10 14 -2.636 -3.608 3.878
SPIN 2 3 10 15 -1.997 -5.459 1.100
SPIN 3 3 11 0 -0.874 -5.706 1.293
SPIN 3 3 11 1 3.249 3.343 3.643
SPIN 3 3 11 2 -1.573 4.414 3.611
SPIN 3 3 11 3 4.032 -1.617 4.016
SPIN 3 3 11 4 1.884 3.999 -3.932
SPIN 3 3 11 5 -1.348 -4.793 -3.195
SPIN 3 3 11 6 4.187 -3.494 2.294
SPIN 3 3 11 7 -5.447 -1.387 1.846
SPIN 3 3 11 8 4.886 2.648 -2.030
SPIN 3 3 11 9 5.630 1.100 -1.447
SPIN 3 3 11 10 1.004 5.419 2.151
SPIN 3 3 11 11 1.324 5.130 2.633
SPIN 3 3 11 12 -3.251 -4.907 0.595
SPIN 3 3 11 13 -2.997 -1.270 -4.941
SPIN 3 3 11 14 4.001 -1.605 -4.052
SPIN 3 3 11 15 -2.890 2.298 4.623
SPIN 2 3 11 0 4.329 4.027 -0.200
SPIN 2 3 11 1 3.919 -2.584 3.601
SPIN 2 3 11 2 1.774 -2.554 5.033
SPIN 2 3 11 3 4.455 -3.193 -2.225
SPIN 2 3 11 4 -4.264 1.626 -3.765
SPIN 2 3 11 5 -3.561 1.902 4.324
SPIN 2 3 11 6 -0.650 5.755 -1.206
SPIN 2 3 11 7 4.990 0.142 3.175
SPIN 2 3 11 8 0.481 -1.018 -5.808
SPIN 2 3 11 9 5.740 1.315 0.569
SPIN 2 3 11 10 -4.540 -3.495 -1.473
SPIN 2 3 11 11 2.418 -5.184 -1.511
SPIN 2 3 11 12 -5.335 -1.057 2.329
SPIN 2 3 11 13 4.737 2.588 2.421
SPIN 2 3 11 14 -5.202 2.490 1.317
SPIN 2 3 11 15 4.608 1.250 3.493
SPIN 3 3 12 0 -1.071 5.476 1.966
SPIN 3 3 12 1 -3.685 -1.860 4.238
SPIN 3 3 12 2 2.357 5.254 -1.357
SPIN 3 3 12 3 -2.633 -0.771 -5.242
SPIN 3 3 12 4 0.146 5.440 -2.321
SPIN 3 3 12 5 2.501 -5.348 -0.379
SPIN 3 3 12 6 -5.418 -0.414 2.340
SPIN 3 3 12 7 -0.581 -2.585 5.290
SPIN 3 3 12 8 1.187 3.144 -4.869
SPIN 3 3 12 9 -1.092 2.680 5.160
SPIN 3 3 12 10 -4.442 -3.033 2.463
SPIN 3 3 12 11 5.007 3.148 -0.147
SPIN 3 3 12 12 -2.378 -4.195 -3.428
SPIN 3 3 12 13 4.287 -2.913 2.852
SPIN 3 3 12 14 -3.354 0.507 4.847
SPIN 3 3 12 15 0.618 5.593 -1.825
SPIN 2 3 12 0 1.127 -1.454 5.623
SPIN 2 3 12 1 -0.781 -3.224 -4.899
SPIN 2 3 12 2 -5.477 -1.325 1.803
SPIN 2 3 12 3 0.779 -4.594 3.645
SPIN 2 3 12 4 -4.903 -2.989 -1.423
SPIN 2 3 12 5 -5.416 0.289 -2.364
SPIN 2 3 12 6 5.214 -1.050 -2.591
SPIN 2 3 12 7 -2.865 4.661 -2.250
SPIN 2 3 12 8 -0.840 -3.374 4.787
SPIN 2 3 12 9 -3.919 -3.638 -2.531
SPIN 2 3 12 10 4.870 3.064 -1.375
SPIN 2 3 12 11 -5.193 -2.302 1.655
SPIN 2 3 12 12 5.069 0.508 -3.008
SPIN 2 3 12 13 -3.234 4.842 1.045
SPIN 2 3 12 14 -0.314 -5.874 -0.631
SPIN 2 3 12 15 -4.689 2.548 2.553
SPIN 3 3 13 0 -1.316 -5.764 -0.200
SPIN 3 3 13 1 5.197 2.620 -1.064
SPIN 3 3 13 2 -4.180 3.723 -1.914
SPIN 3 3 13 3 4.711 0.591 -3.529
SPIN 3 3 13 4 3.705 1.944 -4.183
SPIN 3 3 13 5 0.223 3.690 4.619
SPIN 3 3 13 6 -5.096 -2.376 -1.839
SPIN 3 3 13 7 3.791 -2.912 -3.486
SPIN 3 3 13 8 -2.252 -1.615 5.227
SPIN 3 3 13 9 2.684 4.339 2.996
SPIN 3 3 13 10 5.743 1.365 -0.395
SPIN 3 3 13 11 0.583 3.622 4.641
SPIN 3 3 13 12 -0.401 -0.170 5.900
SPIN 3 3 13 13 5.615 1.803 -0.466
SPIN 3 3 13 14 4.651 -1.798 3.184
SPIN 3 3 13 15 -2.315 1.718 -5.166
SPIN 2 3 13 0 3.606 -0.914 -4.600
SPIN 2 3 13 1 0.831 -3.797 4.460
SPIN 2 3 13 2 -0.793 0.911 5.791
SPIN 2 3 13 3 -4.611 -1.091 3.542
SPIN 2 3 13 4 3.968 3.951 1.908
SPIN 2 3 13 5 4.906 0.486 3.271
SPIN 2 3 13 6 3.114 4.818 1.444
SPIN 2 3 13 7 -2.599 3.243 4.210
SPIN 2 3 13 8 2.993 1.889 -4.741
SPIN 2 3 13 9 -1.325 -0.639 5.730
SPIN 2 3 13 10 -3.001 -5.023 -0.876
SPIN 2 3 13 11 -2.576 2.366 -4.771
SPIN 2 3 13 12 3.633 2.083 4.179
SPIN 2 3 13 13 -1.065 -5.488 1.936
SPIN 2 3 13 14 -2.780 -1.045 5.117
SPIN 2 3 13 15 -3.446 -4.786 0.472
SPIN 3 3 14 0 -2.041 2.242 5.080
SPIN 3 3 14 1 -0.497 5.435 2.282
SPIN 3 3 14 2 3.751 -0.464 -4.552
SPIN 3 3 14 3 -3.296 4.883 -0.543
SPIN 3 3 14 4 -2.829 -5.098 1.006
SPIN 3 3 14 5 -5.097 2.968 -0.454
SPIN 3 3 14 6 -5.277 0.590 -2.609
SPIN 3 3 14 7 -0.764 5.604 -1.734
SPIN 3 3 14 8 1.609 0.266 5.687
SPIN 3 3 14 9 1.921 5.572 -0.509
SPIN 3 3 14 10 4.115 4.104 1.107
SPIN 3 3 14 11 3.246 -4.714 1.495
SPIN 3 3 14 12 2.113 5.058 -2.226
SPIN 3 3 14 13 -1.944 -3.092 4.654
SPIN 3 3 14 14 -4.814 -2.890 -1.863
SPIN 3 3 14 15 -5.462 1.551 -1.661
SPIN 2 3 14 0 0.070 -2.660 5.284
SPIN 2 3 14 1 -3.098 3.854 -3.248
SPIN 2 3 14 2 -3.165 -1.430 -4.790
SPIN 2 3 14 3 4.409 -3.724 1.302
SPIN 2 3 14 4 -4.095 -4.065 -1.307
SPIN 2 3 14 5 5.462 -2.272 -0.035
SPIN 2 3 14 6 4.211 -0.122 4.153
SPIN 2 3 14 7 4.496 -0.483 3.814
SPIN 2 3 14 8 0.779 5.068 2.952
SPIN 2 3 14 9 1.806 4.393 -3.526
SPIN 2 3 14 10 3.040 -4.992 -0.916
SPIN 2 3 14 11 -0.791 2.771 -5.167
SPIN 2 3 14 12 -2.162 0.446 -5.489
SPIN 2 3 14 13 3.142 0.850 4.940
SPIN 2 3 14 14 1.301 5.391 -2.062
SPIN 2 3 14 15 0.518 5.164 -2.840
SPIN 3 3 15 0 3.751 -1.968 4.130
SPIN 3 3 15 1 5.261 1.405 2.312
SPIN 3 3 15 2 -3.079 -4.467 2.359
SPIN 3 3 15 3 -3.443 -4.220 -2.311
SPIN 3 3 15 4 4.003 4.091 -1.495
SPIN 3 3 15 5 1.446 1.761 -5.460
SPIN 3 3 15 6 4.563 2.176 -3.073
SPIN 3 3 15 7 1.171 -0.829 5.739
SPIN 3 3 15 8 -4.736 1.538 -3.194
SPIN 3 3 15 9 -0.431 -5.150 2.880
SPIN 3 3 15 10 2.618 5.175 -1.168
SPIN 3 3 15 11 -0.195 0.904 -5.843
SPIN 3 3 15 12 0.587 4.978 3.142
SPIN 3 3 15 13 -1.509 -1.887 -5.400
SPIN 3 3 15 14 4.589 -0.487 3.702
SPIN 3 3 15 15 -5.445 -2.307 0.167
SPIN 2 3 15 0 -2.865 4.544 -2.479
SPIN 2 3 15 1 3.020 -2.376 4.499
SPIN 2 3 15 2 -2.865 1.061 -5.066
SPIN 2 3 15 3 -0.009 5.336 2.555
SPIN 2 3 15 4 3.191 -4.967 -0.384
SPIN 2 3 15 5 -5.755 1.361 -0.155
SPIN 2 3 15 6 -1.800 3.433 -4.469
SPIN 2 3 15 7 -0.890 -2.545 -5.266
SPIN 2 3 15 8 -5.188 -2.650 -1.030
SPIN 2 3 15 9 3.070 -4.476 -2.354
SPIN 2 3 15 10 -1.516 -1.991 5.361
SPIN 2 3 15 11 2.601 -2.412 4.735
SPIN 2 3 15 12 -3.757 4.476 0.923
SPIN 2 3 15 13 4.486 2.661 -2.792
SPIN 2 3 15 14 -0.621 5.696 1.473
SPIN 2 3 15 15 -4.634 -3.673 0.195
SPIN 1 4 0 0 4.725 2.412 2.618
SPIN 1 4 0 1 -3.723 -3.104 3.391
SPIN 1 4 0 2 4.691 3.121 1.805
SPIN 1 4 0 3 3.662 -2.489 3.924
SPIN 1 4 0 4 1.568 -2.942 4.887
SPIN 1 4 0 5 1.690 2.805 -4.927
SPIN 1 4 0 6 -4.815 0.070 -3.437
SPIN 1 4 0 7 5.571 -1.796 -0.860
SPIN 1 4 0 8 -3.199 4.643 1.792
SPIN 1 4 0 9 4.559 -3.229 1.948
SPIN 1 4 0 10 3.566 -0.040 -4.720
SPIN 1 4 0 11 -5.641 -0.095 -1.779
SPIN 1 4 0 12 -3.211 -3.109 -3.876
SPIN 1 4 0 13 -3.658 4.540 -1.002
SPIN 1 4 0 14 -4.002 -3.975 1.784
SPIN 1 4 0 15 -0.916 4.301 3.957
SPIN 4 4 0 0 -5.268 -2.489 1.026
SPIN 4 4 0 1 -3.597 4.410 -1.617
SPIN 4 4 0 2 3.305 -4.860 0.676
SPIN 4 4 0 3 1.865 4.436 3.442
SPIN 4 4 0 4 2.399 -1.808 -5.097
SPIN 4 4 0 5 1.601 5.680 0.418
SPIN 4 4 0 6 -3.477 -4.782 0.218
SPIN 4 4 0 7 3.015 2.423 -4.477
SPIN 4 4 0 8 -0.654 3.001 -5.056
SPIN 4 4 0 9 -4.388 -1.831 3.520
SPIN 4 4 0 10 -0.940 1.657 5.601
SPIN 4 4 0 11 1.460 2.264 -5.267
SPIN 4 4 0 12 2.021 -4.715 -2.946
SPIN 4 4 0 13 3.589 4.698 -0.218
SPIN 4 4 0 14 4.644 -3.593 0.723
SPIN 4 4 0 15 -3.190 3.780 -3.246
SPIN 1 4 1 0 -1.845 -4.225 3.708
SPIN 1 4 1 1 0.706 5.286 2.562
SPIN 1 4 1 2 2.806 -5.206 0.164
SPIN 1 4 1 3 3.263 4.458 2.116
SPIN 1 4 1 4 2.212 -3.447 4.269
SPIN 1 4 1 5 -2.308 3.657 -4.037
SPIN 1 4 1 6 -1.126 -2.343 -5.315
SPIN 1 4 1 7 -0.111 4.613 -3.702
SPIN 1 4 1 8 0.297 -5.572 1.965
SPIN 1 4 1 9 4.711 2.646 2.408
SPIN 1 4 1 10 -3.056 5.063 0.169
SPIN 1 4 1 11 0.133 -0.340 -5.905
SPIN 1 4 1 12 -4.710 -2.827 2.196
SPIN 1 4 1 13 0.485 2.702 5.240
SPIN 1 4 1 14 5.341 -0.123 2.542
SPIN 1 4 1 15 -3.585 1.371 -4.503
SPIN 4 4 1 0 -4.992 2.967 1.128
SPIN 4 4 1 1 1.607 -2.301 5.208
SPIN 4 4 1 2 -2.773 -0.647 5.186
SPIN 4 4 1 3 -2.988 -4.776 -1.807
SPIN 4 4 1 4 4.342 1.335 -3.790
SPIN 4 4 1 5 5.206 2.538 1.206
SPIN 4 4 1 6 -1.628 -2.439 5.139
SPIN 4 4 1 7 4.279 -3.405 2.257
SPIN 4 4 1 8 -0.367 0.497 5.884
SPIN 4 4 1 9 -1.338 3.498 -4.580
SPIN 4 4 1 10 -0.649 3.889 4.411
SPIN 4 4 1 11 0.278 -0.066 5.909
SPIN 4 4 1 12 -1.740 4.627 -3.250
SPIN 4 4 1 13 -0.535 -5.814 -0.957
SPIN 4 4 1 14 -1.004 4.116 -4.129
SPIN 4 4 1 15 -5.433 0.914 2.156
SPIN 1 4 2 0 4.263 1.986 3.590
SPIN 1 4 2 1 -4.029 -2.287 3.680
SPIN 1 4 2 2 5.831 -0.170 -0.986
SPIN 1 4 2 3 3.242 -2.022 4.517
SPIN 1 4 2 4 -4.978 2.887 1.371
SPIN 1 4 2 5 -5.820 0.734 0.769
SPIN 1 4 2 6 -3.215 -0.579 4.932
SPIN 1 4 2 7 -5.303 -2.407 -1.041
SPIN 1 4 2 8 2.098 0.142 -5.530
SPIN 1 4 2 9 -4.967 -3.055 -0.996
SPIN 1 4 2 10 5.163 2.877 0.256
SPIN 1 4 2 11 -1.241 1.208 -5.657
SPIN 1 4 2 12 -5.525 0.418 -2.074
SPIN 1 4 2 13 -2.537 -1.702 -5.066
SPIN 1 4 2 14 0.861 4.345 3.921
SPIN 1 4 2 15 -5.255 0.985 2.532
SPIN 4 4 2 0 -3.901 0.834 -4.369
SPIN 4 4 2 1 -4.015 -3.926 1.862
SPIN 4 4 2 2 5.414 0.187 -2.378
SPIN 4 4 2 3 -5.467 1.801 1.367
SPIN 4 4 2 4 2.277 -0.346 -5.449
SPIN 4 4 2 5 2.578 2.914 4.456
SPIN 4 4 2 6 2.554 -4.096 3.421
SPIN 4 4 2 7 -3.762 3.715 -2.654
SPIN 4 4 2 8 5.087 2.736 1.281
SPIN 4 4 2 9 0.012 -1.210 5.791
SPIN 4 4 2 10 -5.788 0.653 1.035
SPIN 4 4 2 11 -2.971 3.662 3.573
SPIN 4 4 2 12 1.822 5.629 0.014
SPIN 4 4 2 13 0.317 -4.848 3.376
SPIN 4 4 2 14 -4.825 3.297 0.922
SPIN 4 4 2 15 2.829 -4.092 3.201
SPIN 1 4 3 0 -2.847 -1.941 -4.809
SPIN 1 4 3 1 -4.117 3.906 1.670
SPIN 1 4 3 2 0.632 -5.881 0.093
SPIN 1 4 3 3 -5.247 0.150 -2.729
SPIN 1 4 3 4 -0.313 2.119 -5.515
SPIN 1 4 3 5 5.164 -0.337 2.867
SPIN 1 4 3 6 -1.237 5.247 2.436
SPIN 1 4 3 7 4.390 -3.766 -1.245
SPIN 1 4 3 8 3.078 -0.557 -5.021
SPIN 1 4 3 9 -0.748 3.228 4.901
SPIN 1 4 3 10 5.343 2.435 0.723
SPIN 1 4 3 11 -2.060 -3.214 4.520
SPIN 1 4 3 12 5.253 2.665 0.552
SPIN 1 4 3 13 2.628 -4.685 2.479
SPIN 1 4 3 14 -3.957 1.932 -3.951
SPIN 1 4 3 15 5.492 2.195 -0.126
SPIN 4 4 3 0 -2.961 3.677 -3.566
SPIN 4 4 3 1 -0.796 -2.305 -5.390
SPIN 4 4 3 2 -1.506 1.473 5.528
SPIN 4 4 3 3 4.854 3.176 1.161
SPIN 4 4 3 4 -2.636 5.215 0.924
SPIN 4 4 3 5 2.092 -5.461 -0.895
SPIN 4 4 3 6 -2.885 1.293 5.000
SPIN 4 4 3 7 4.951 -0.198 3.232
SPIN 4 4 3 8 -0.639 0.934 5.807
SPIN 4 4 3 9 -4.633 2.866 2.308
SPIN 4 4 3 10 3.794 -2.017 4.066
SPIN 4 4 3 11 1.914 5.509 -0.992
SPIN 4 4 3 12 0.063 -3.097 5.040
SPIN 4 4 3 13 -2.400 1.428 -5.215
SPIN 4 4 3 14 -4.954 -2.341 2.230
SPIN 4 4 3 15 -4.135 0.992 -4.113
SPIN 1 4 4 0 2.817 4.538 -2.543
SPIN 1 4 4 1 -2.124 -4.264 3.508
SPIN 1 4 4 2 1.647 5.438 -1.647
SPIN 1 4 4 3 1.379 -2.999 -4.909
SPIN 1 4 4 4 -4.676 -3.490 0.978
SPIN 1 4 4 5 -1.517 5.132 -2.521
SPIN 1 4 4 6 5.610 0.791 -1.704
SPIN 1 4 4 7 3.333 3.822 -3.047
SPIN 1 4 4 8 5.217 -1.510 -2.345
SPIN 1 4 4 9 0.345 -5.080 -3.013
SPIN 1 4 4 10 -3.406 0.962 -4.741
SPIN 1 4 4 11 4.957 3.195 -0.474
SPIN 1 4 4 12 3.881 -0.496 4.437
SPIN 1 4 4 13 -5.079 2.015 -2.268
SPIN 1 4 4 14 2.689 -5.175 -0.995
SPIN 1 4 4 15 -2.925 5.095 -0.697
SPIN 4 4 4 0 -2.171 -4.377 -3.336
SPIN 4 4 4 1 1.518 3.192 -4.744
SPIN 4 4 4 2 4.002 2.832 3.311
SPIN 4 4 4 3 -3.219 -1.729 4.653
SPIN 4 4 4 4 0.095 -3.449 -4.806
SPIN 4 4 4 5 -5.685 -1.314 -0.974
SPIN 4 4 4 6 -3.236 3.676 -3.320
SPIN 4 4 4 7 3.817 4.353 1.216
SPIN 4 4 4 8 -5.487 -1.512 1.615
SPIN 4 4 4 9 -5.573 -0.300 -1.962
SPIN 4 4 4 10 -0.253 1.928 -5.587
SPIN 4 4 4 11 -5.745 -1.112 -0.872
SPIN 4 4 4 12 -1.971 5.523 -0.784
SPIN 4 4 4 13 -2.858 3.314 -3.981
SPIN 4 4 4 14 1.513 -2.015 -5.352
SPIN 4 4 4 15 -3.489 -3.802 -2.893
SPIN 1 4 5 0 -1.133 4.587 3.560
SPIN 1 4 5 1 0.004 4.004 4.356
SPIN 1 4 5 2 -5.574 -1.178 -1.595
SPIN 1 4 5 3 -1.122 -5.806 -0.173
SPIN 1 4 5 4 3.564 4.633 0.912
SPIN 1 4 5 5 -2.694 -4.870 -2.006
SPIN 1 4 5 6 -2.227 1.235 5.340
SPIN 1 4 5 7 -5.408 0.158 -2.393
SPIN 1 4 5 8 1.712 2.289 -5.180
SPIN 1 4 5 9 -1.651 4.483 3.490
SPIN 1 4 5 10 2.274 4.603 2.939
SPIN 1 4 5 11 -4.776 -3.438 -0.608
SPIN 1 4 5 12 -2.336 1.481 5.230
SPIN 1 4 5 13 2.911 3.327 -3.932
SPIN 1 4 5 14 0.571 -0.826 5.830
SPIN 1 4 5 15 -0.466 -0.289 5.891
SPIN 4 4 5 0 2.938 -1.859 4.787
SPIN 4 4 5 1 2.239 -3.878 -3.866
SPIN 4 4 5 2 -1.175 5.085 2.785
SPIN 4 4 5 3 -5.766 -0.952 -0.921
SPIN 4 4 5 4 -2.877 -5.152 0.427
SPIN 4 4 5 5 5.140 0.272 -2.917
SPIN 4 4 5 6 -2.796 -4.593 2.467
SPIN 4 4 5 7 -1.343 -2.793 -5.040
SPIN 4 4 5 8 -3.803 -4.248 1.580
SPIN 4 4 5 9 -0.037 -1.127 5.808
SPIN 4 4 5 10 2.674 -4.686 -2.427
SPIN 4 4 5 11 1.667 -5.676 -0.042
SPIN 4 4 5 12 -0.688 1.804 5.592
SPIN 4 4 5 13 2.760 -2.677 4.497
SPIN 4 4 5 14 -2.182 -3.011 -4.601
SPIN 4 4 5 15 -1.227 -0.610 -5.755
SPIN 1 4 6 0 -2.971 -5.089 -0.530
SPIN 1 4 6 1 -2.761 3.454 -3.930
SPIN 1 4 6 2 5.909 -0.280 0.014
SPIN 1 4 6 3 2.646 4.340 3.028
SPIN 1 4 6 4 3.929 -4.393 0.513
SPIN 1 4 6 5 -2.134 1.808 -5.213
SPIN 1 4 6 6 -3.207 -4.518 -2.074
SPIN 1 4 6 7 2.686 3.960 -3.479
SPIN 1 4 6 8 -4.339 -1.424 -3.761
SPIN 1 4 6 9 1.956 -2.355 -5.062
SPIN 1 4 6 10 -5.328 1.425 2.141
SPIN 1 4 6 11 3.796 3.945 -2.241
SPIN 1 4 6 12 0.142 -0.151 5.912
SPIN 1 4 6 13 -0.765 4.367 3.917
SPIN 1 4 6 14 2.687 -1.153 5.143
SPIN 1 4 6 15 0.871 -4.445 -3.806
SPIN 4 4 6 0 -5.518 0.507 2.073
SPIN 4 4 6 1 -5.159 2.787 -0.789
SPIN 4 4 6 2 -3.442 4.227 2.298
SPIN 4 4 6 3 -3.058 4.304 2.670
SPIN 4 4 6 4 -2.491 4.945 2.084
SPIN 4 4 6 5 -4.562 2.678 -2.649
SPIN 4 4 6 6 4.325 -1.483 3.755
SPIN 4 4 6 7 4.877 1.814 2.816
SPIN 4 4 6 8 -4.873 2.995 1.514
SPIN 4 4 6 9 5.696 -0.277 1.576
SPIN 4 4 6 10 -3.616 0.111 -4.681
SPIN 4 4 6 11 1.680 -2.374 -5.152
SPIN 4 4 6 12 2.207 3.899 -3.864
SPIN 4 4 6 13 0.870 5.085 -2.896
SPIN 4 4 6 14 -1.176 -5.463 1.941
SPIN 4 4 6 15 5.058 2.597 -1.635
SPIN 1 4 7 0 3.306 -3.260 3.667
SPIN 1 4 7 1 3.339 1.158 -4.744
SPIN 1 4 7 2 -2.782 -2.665 4.490
SPIN 1 4 7 3 -2.935 0.392 5.122
SPIN 1 4 7 4 -4.656 3.466 -1.145
SPIN 1 4 7 5 2.410 -5.178 -1.543
SPIN 1 4 7 6 0.581 5.704 -1.459
SPIN 1 4 7 7 5.256 0.253 -2.705
SPIN 1 4 7 8 2.195 -4.788 -2.695
SPIN 1 4 7 9 3.661 4.610 0.589
SPIN 1 4 7 10 -3.586 4.188 2.146
SPIN 1 4 7 11 1.717 5.658 0.196
SPIN 1 4 7 12 -3.460 4.325 -2.079
SPIN 1 4 7 13 -3.365 -1.399 -4.661
SPIN 1 4 7 14 4.694 -3.361 -1.290
SPIN 1 4 7 15 3.484 -4.697 -0.894
SPIN 4 4 7 0 -0.891 4.993 3.046
SPIN 4 4 7 1 -5.589 0.292 -1.917
SPIN 4 4 7 2 -1.980 5.391 1.419
SPIN 4 4 7 3 5.478 -1.189 -1.892
SPIN 4 4 7 4 -5.381 -2.423 0.422
SPIN 4 4 7 5 -0.637 -3.611 -4.643
SPIN 4 4 7 6 1.083 2.133 -5.411
SPIN 4 4 7 7 2.020 -0.663 5.521
SPIN 4 4 7 8 -4.936 -1.305 2.988
SPIN 4 4 7 9 2.146 0.415 -5.497
SPIN 4 4 7 10 2.357 1.519 5.209
SPIN 4 4 7 11 5.689 1.533 0.532
SPIN 4 4 7 12 2.263 -5.179 -1.747
SPIN 4 4 7 13 -4.399 -3.956 -0.052
SPIN 4 4 7 14 0.964 -2.498 -5.275
SPIN 4 4 7 15 -5.828 -0.617 -0.806
SPIN 1 4 8 0 -3.156 4.873 1.136
SPIN 1 4 8 1 -5.308 0.946 2.434
SPIN 1 4 8 2 1.711 5.647 -0.433
SPIN 1 4 8 3 -1.959 -2.809 -4.824
SPIN 1 4 8 4 -1.247 -5.745 0.660
SPIN 1 4 8 5 -3.009 -2.303 4.544
SPIN 1 4 8 6 -1.534 5.257 2.237
SPIN 1 4 8 7 -3.170 -2.298 -4.435
SPIN 1 4 8 8 -5.609 -1.355 -1.305
SPIN 1 4 8 9 -2.313 5.198 1.621
SPIN 1 4 8 10 2.252 -0.406 -5.456
SPIN 1 4 8 11 -1.005 -5.341 2.338
SPIN 1 4 8 12 -4.233 2.992 -2.850
SPIN 1 4 8 13 -2.048 -5.076 2.246
SPIN 1 4 8 14 -4.934 -2.996 -1.295
SPIN 1 4 8 15 -4.947 -0.696 3.170
SPIN 4 4 8 0 -3.960 -3.487 -2.675
SPIN 4 4 8 1 3.980 -3.562 2.544
SPIN 4 4 8 2 3.121 -4.250 -2.683
SPIN 4 4 8 3 -0.148 4.946 -3.243
SPIN 4 4 8 4 5.294 -0.813 -2.513
SPIN 4 4 8 5 -4.425 1.932 -3.419
SPIN 4 4 8 6 -0.914 -4.303 3.956
SPIN 4 4 8 7 1.634 2.597 5.058
SPIN 4 4 8 8 0.292 -1.011 -5.822
SPIN 4 4 8 9 -1.375 2.873 -4.985
SPIN 4 4 8 10 1.957 0.462 5.564
SPIN 4 4 8 11 5.686 1.610 0.286
SPIN 4 4 8 12 -2.119 5.370 1.292
SPIN 4 4 8 13 5.034 -2.985 -0.866
SPIN 4 4 8 14 -3.722 4.407 1.315
SPIN 4 4 8 15 5.557 -0.726 1.894
SPIN 1 4 9 0 2.856 2.772 -4.377
SPIN 1 4 9 1 2.374 5.142 1.709
SPIN 1 4 9 2 2.568 4.328 -3.110
SPIN 1 4 9 3 -5.184 -2.384 -1.563
SPIN 1 4 9 4 -3.208 -3.238 3.772
SPIN 1 4 9 5 -3.872 2.020 -3.991
SPIN 1 4 9 6 0.533 -5.795 -1.066
SPIN 1 4 9 7 5.657 1.643 0.550
SPIN 1 4 9 8 -3.916 0.160 4.431
SPIN 1 4 9 9 -4.986 -2.351 2.148
SPIN 1 4 9 10 -3.081 0.464 5.029
SPIN 1 4 9 11 -4.630 0.535 -3.644
SPIN 1 4 9 12 -5.063 2.144 2.185
SPIN 1 4 9 13 3.743 0.839 -4.504
SPIN 1 4 9 14 -1.340 5.500 -1.718
SPIN 1 4 9 15 -0.077 -5.398 2.421
SPIN 4 4 9 0 -4.362 1.926 -3.502
SPIN 4 4 9 1 3.138 -3.638 3.452
SPIN 4 4 9 2 -5.177 1.794 2.232
SPIN 4 4 9 3 3.858 1.845 4.088
SPIN 4 4 9 4 -2.956 -2.604 -4.414
SPIN 4 4 9 5 2.510 3.264 4.248
SPIN 4 4 9 6 4.839 2.770 -1.978
SPIN 4 4 9 7 -3.350 -4.516 -1.840
SPIN 4 4 9 8 -2.137 -3.108 4.558
SPIN 4 4 9 9 3.897 -0.613 -4.408
SPIN 4 4 9 10 4.204 1.284 -3.959
SPIN 4 4 9 11 -3.176 -3.345 3.705
SPIN 4 4 9 12 -5.765 0.768 1.084
SPIN 4 4 9 13 -2.059 -2.792 4.792
SPIN 4 4 9 14 5.549 -0.373 2.016
SPIN 4 4 9 15 -0.228 -3.473 -4.784
SPIN 1 4 10 0 1.139 -1.572 5.589
SPIN 1 4 10 1 -4.624 0.636 3.635
SPIN 1 4 10 2 -5.620 -1.697 -0.735
SPIN 1 4 10 3 4.700 -3.561 -0.477
SPIN 1 4 10 4 -5.444 -0.327 -2.293
SPIN 1 4 10 5 4.988 3.168 -0.290
SPIN 1 4 10 6 0.988 -5.564 -1.750
SPIN 1 4 10 7 -2.092 5.524 0.335
SPIN 1 4 10 8 3.618 -3.416 -3.201
SPIN 1 4 10 9 4.499 0.488 3.810
SPIN 1 4 10 10 -1.186 -1.450 -5.612
SPIN 1 4 10 11 0.695 -5.298 -2.538
SPIN 1 4 10 12 -2.993 0.160 5.100
SPIN 1 4 10 13 5.459 -0.573 -2.207
SPIN 1 4 10 14 -0.727 -4.389 -3.899
SPIN 1 4 10 15 3.704 -0.963 4.512
SPIN 4 4 10 0 3.477 3.538 -3.223
SPIN 4 4 10 1 -5.603 1.836 -0.479
SPIN 4 4 10 2 2.223 -4.669 2.874
SPIN 4 4 10 3 1.226 2.002 -5.430
SPIN 4 4 10 4 4.673 -2.744 2.372
SPIN 4 4 10 5 -5.027 -3.022 0.772
SPIN 4 4 10 6 -4.832 -1.897 2.838
SPIN 4 4 10 7 1.385 -0.464 5.733
SPIN 4 4 10 8 -3.061 -3.826 -3.316
SPIN 4 4 10 9 -0.960 1.551 5.628
SPIN 4 4 10 10 0.269 -2.314 -5.438
SPIN 4 4 10 11 0.871 1.669 -5.609
SPIN 4 4 10 12 -1.379 -4.179 3.954
SPIN 4 4 10 13 -4.062 -3.758 2.093
SPIN 4 4 10 14 -2.817 4.022 3.300
SPIN 4 4 10 15 3.495 -4.643 -1.109
SPIN 1 4 11 0 -4.123 1.613 -3.924
SPIN 1 4 11 1 5.675 -1.655 0.241
SPIN 1 4 11 2 3.843 -3.497 -2.830
SPIN 1 4 11 3 3.676 4.295 1.742
SPIN 1 4 11 4 1.329 -1.133 -5.652
SPIN 1 4 11 5 2.690 -0.523 5.243
SPIN 1 4 11 6 -3.112 -0.359 -5.019
SPIN 1 4 11 7 1.098 0.185 -5.810
SPIN 1 4 11 8 -3.879 -3.032 3.280
SPIN 1 4 11 9 5.725 0.638 -1.348
SPIN 1 4 11 10 -5.727 0.366 1.437
SPIN 1 4 11 11 4.227 0.145 4.137
SPIN 1 4 11 12 -5.870 0.348 -0.649
SPIN 1 4 11 13 -3.598 3.236 3.404
SPIN 1 4 11 14 5.027 -3.078 -0.497
SPIN 1 4 11 15 1.885 3.201 -4.605
SPIN 4 4 11 0 2.965 4.428 -2.569
SPIN 4 4 11 1 -3.270 -3.893 3.025
SPIN 4 4 11 2 -0.013 0.125 -5.915
SPIN 4 4 11 3 -4.293 3.111 -2.625
SPIN 4 4 11 4 1.793 -4.563 -3.311
SPIN 4 4 11 5 -3.513 3.839 2.814
SPIN 4 4 11 6 2.159 -5.232 -1.720
SPIN 4 4 11 7 -1.781 4.994 -2.625
SPIN 4 4 11 8 -5.167 -2.876 0.180
SPIN 4 4 11 9 5.151 2.316 -1.760
SPIN 4 4 11 10 1.059 2.084 5.435
SPIN 4 4 11 11 -3.399 -3.744 -3.071
SPIN 4 4 11 12 4.257 0.360 -4.093
SPIN 4 4 11 13 -0.913 -4.631 3.566
SPIN 4 4 11 14 4.004 -3.728 -2.251
SPIN 4 4 11 15 -2.296 4.038 3.664
SPIN 1 4 12 0 -5.797 -0.999 -0.627
SPIN 1 4 12 1 -2.636 3.042 -4.335
SPIN 1 4 12 2 1.098 1.651 -5.574
SPIN 1 4 12 3 -0.137 1.971 5.576
SPIN 1 4 12 4 0.145 -2.867 -5.173
SPIN 1 4 12 5 2.478 2.355 -4.828
SPIN 1 4 12 6 1.604 -2.632 5.050
SPIN 1 4 12 7 -3.140 0.192 -5.010
SPIN 1 4 12 8 5.711 1.151 -1.028
SPIN 1 4 12 9 0.497 -2.593 5.294
SPIN 1 4 12 10 -1.119 -5.805 0.228
SPIN 1 4 12 11 5.623 -0.731 1.689
SPIN 1 4 12 12 -1.006 2.351 5.335
SPIN 1 4 12 13 3.048 -2.023 -4.650
SPIN 1 4 12 14 -1.645 5.185 2.327
SPIN 1 4 12 15 -1.557 4.181 3.886
SPIN 4 4 12 0 3.107 -2.909 4.109
SPIN 4 4 12 1 4.127 0.518 4.207
SPIN 4 4 12 2 -2.953 0.993 -5.029
SPIN 4 4 12 3 0.563 -2.445 5.358
SPIN 4 4 12 4 4.636 -3.439 -1.298
SPIN 4 4 12 5 -5.640 1.747 -0.376
SPIN 4 4 12 6 -0.004 5.818 -1.074
SPIN 4 4 12 7 0.684 3.251 4.895
SPIN 4 4 12 8 2.874 -5.171 0.006
SPIN 4 4 12 9 -0.795 5.536 1.930
SPIN 4 4 12 10 -1.394 -5.565 -1.446
SPIN 4 4 12 11 -3.869 1.113 4.335
SPIN 4 4 12 12 2.076 -1.439 -5.350
SPIN 4 4 12 13 -4.890 3.136 1.118
SPIN 4 4 12 14 3.343 4.247 -2.406
SPIN 4 4 12 15 0.274 -1.510 -5.713
SPIN 1 4 13 0 4.773 2.914 -1.932
SPIN 1 4 13 1 -3.497 -3.196 3.544
SPIN 1 4 13 2 0.894 -0.229 -5.844
SPIN 1 4 13 3 -3.959 3.112 -3.106
SPIN 1 4 13 4 0.519 4.008 -4.320
SPIN 1 4 13 5 -4.949 -2.543 2.011
SPIN 1 4 13 6 -2.669 -2.970 -4.365
SPIN 1 4 13 7 -0.048 0.010 5.916
SPIN 1 4 13 8 -5.220 1.080 -2.567
SPIN 1 4 13 9 4.937 1.052 3.085
SPIN 1 4 13 10 0.839 2.422 -5.332
SPIN 1 4 13 11 -4.410 -1.176 -3.764
SPIN 1 4 13 12 1.204 -5.687 -1.102
SPIN 1 4 13 13 2.029 -4.423 3.364
SPIN 1 4 13 14 2.702 -0.881 -5.188
SPIN 1 4 13 15 -2.453 -3.928 -3.681
SPIN 4 4 13 0 3.899 3.018 -3.269
SPIN 4 4 13 1 1.587 -4.968 -2.793
SPIN 4 4 13 2 3.141 2.586 4.295
SPIN 4 4 13 3 -3.275 -0.528 -4.899
SPIN 4 4 13 4 4.960 1.523 2.842
SPIN 4 4 13 5 -2.939 -2.481 -4.495
SPIN 4 4 13 6 -2.499 -5.125 -1.576
SPIN 4 4 13 7 2.712 3.131 -4.224
SPIN 4 4 13 8 -5.182 0.529 2.805
SPIN 4 4 13 9 4.529 3.374 -1.760
SPIN 4 4 13 10 -3.518 -2.947 3.734
SPIN 4 4 13 11 -4.751 -3.293 -1.260
SPIN 4 4 13 12 -2.601 4.959 1.909
SPIN 4 4 13 13 -4.173 4.193 0.066
SPIN 4 4 13 14 1.219 -3.201 -4.824
SPIN 4 4 13 15 4.436 2.343 3.135
SPIN 1 4 14 0 -4.810 -0.671 -3.378
SPIN 1 4 14 1 2.287 4.581 -2.963
SPIN 1 4 14 2 0.044 0.735 5.870
SPIN 1 4 14 3 0.736 -4.408 3.876
SPIN 1 4 14 4 -0.647 -5.855 0.544
SPIN 1 4 14 5 -4.662 3.471 -1.104
SPIN 1 4 14 6 -3.009 -4.782 1.755
SPIN 1 4 14 7 5.851 0.242 0.840
SPIN 1 4 14 8 -1.632 -0.148 -5.685
SPIN 1 4 14 9 -1.447 5.230 -2.357
SPIN 1 4 14 10 -3.213 -0.252 4.961
SPIN 1 4 14 11 2.422 -0.504 5.374
SPIN 1 4 14 12 -4.597 0.407 -3.702
SPIN 1 4 14 13 -3.692 -0.530 4.592
SPIN 1 4 14 14 -2.316 0.523 5.419
SPIN 1 4 14 15 0.428 2.845 5.169
SPIN 4 4 14 0 -0.830 -5.116 2.853
SPIN 4 4 14 1 1.899 -5.192 -2.107
SPIN 4 4 14 2 -5.460 1.083 -2.004
SPIN 4 4 14 3 5.459 -1.832 1.358
SPIN 4 4 14 4 -4.552 3.125 2.124
SPIN 4 4 14 5 0.331 5.460 -2.255
SPIN 4 4 14 6 3.178 3.287 -3.755
SPIN 4 4 14 7 4.414 3.443 1.914
SPIN 4 4 14 8 5.530 -0.478 -2.048
SPIN 4 4 14 9 3.818 -3.957 2.184
SPIN 4 4 14 10 2.701 -5.130 1.178
SPIN 4 4 14 11 -5.369 2.226 1.102
SPIN 4 4 14 12 5.025 -0.499 -3.082
SPIN 4 4 14 13 -1.972 -2.236 -5.110
SPIN 4 4 14 14 -0.066 -4.661 3.643
SPIN 4 4 14 15 -2.234 0.695 -5.434
SPIN 1 4 15 0 2.677 -3.464 -3.979
SPIN 1 4 15 1 -2.464 5.376 -0.158
SPIN 1 4 15 2 -1.776 -5.593 -0.753
SPIN 1 4 15 3 -5.154 2.030 -2.077
SPIN 1 4 15 4 2.353 5.351 0.911
SPIN 1 4 15 5 -3.735 -2.187 -4.033
SPIN 1 4 15 6 -0.841 1.440 -5.676
SPIN 1 4 15 7 5.227 -0.874 2.630
SPIN 1 4 15 8 -2.150 -5.496 0.418
SPIN 1 4 15 9 4.005 3.871 -1.993
SPIN 1 4 15 10 -3.392 -3.899 -2.880
SPIN 1 4 15 11 -3.549 2.464 -4.042
SPIN 1 4 15 12 3.893 -3.301 2.992
SPIN 1 4 15 13 -3.636 -4.560 0.993
SPIN 1 4 15 14 1.545 5.455 -1.688
SPIN 1 4 15 15 5.742 0.485 1.339
SPIN 4 4 15 0 -3.591 4.066 -2.360
SPIN 4 4 15 1 1.534 4.599 3.391
SPIN 4 4 15 2 5.361 -1.287 2.145
SPIN 4 4 15 3 -4.772 -3.245 1.305
SPIN 4 4 15 4 -2.291 -0.510 -5.431
SPIN 4 4 15 5 2.472 -4.345 3.164
SPIN 4 4 15 6 -4.095 0.365 4.254
SPIN 4 4 15 7 1.426 2.850 -4.984
SPIN 4 4 15 8 -0.986 1.454 5.649
SPIN 4 4 15 9 -0.471 3.716 4.579
SPIN 4 4 15 10 2.353 -0.999 -5.335
SPIN 4 4 15 11 -2.439 -5.388 0.153
SPIN 4 4 15 12 4.411 1.738 3.538
SPIN 4 4 15 13 -0.925 -5.093 2.865
SPIN 4 4 15 14 -1.392 -0.931 -5.674
SPIN 4 4 15 15 2.483 -4.456 2.997
SPIN 3 4 0 0 1.951 -3.170 -4.599
SPIN 3 4 0 1 1.535 -1.076 -5.611
SPIN 3 4 0 2 -4.636 -2.464 -2.726
SPIN 3 4 0 3 0.708 -2.032 5.511
SPIN 3 4 0 4 -2.794 0.850 -5.145
SPIN 3 4 0 5 5.082 -2.539 -1.653
SPIN 3 4 0 6 -2.599 -3.714 3.801
SPIN 3 4 0 7 0.178 -0.667 5.876
SPIN 3 4 0 8 2.356 -3.138 -4.428
SPIN 3 4 0 9 1.725 2.147 -5.236
SPIN 3 4 0 10 4.288 3.114 2.630
SPIN 3 4 0 11 4.224 -0.092 4.142
SPIN 3 4 0 12 -4.418 -3.902 0.498
SPIN 3 4 0 13 0.228 4.474 3.864
SPIN 3 4 0 14 0.899 -4.668 3.521
SPIN 3 4 0 15 0.909 -5.056 -2.934
SPIN 2 4 0 0 4.064 0.256 -4.291
SPIN 2 4 0 1 -1.771 -1.385 5.472
SPIN 2 4 0 2 5.252 1.664 2.156
SPIN 2 4 0 3 0.767 -1.543 5.660
SPIN 2 4 0 4 2.804 -5.198 -0.345
SPIN 2 4 0 5 5.645 1.174 1.324
SPIN 2 4 0 6 -5.467 1.166 1.936
SPIN 2 4 0 7 1.174 -1.209 -5.671
SPIN 2 4 0 8 5.778 -1.208 -0.388
SPIN 2 4 0 9 -1.585 4.965 2.800
SPIN 2 4 0 10 -1.447 4.725 3.254
SPIN 2 4 0 11 -1.104 3.224 4.836
SPIN 2 4 0 12 -4.131 -0.669 -4.182
SPIN 2 4 0 13 5.771 1.265 0.314
SPIN 2 4 0 14 -0.424 4.508 -3.807
SPIN 2 4 0 15 -4.520 -2.399 2.968
SPIN 3 4 1 0 1.356 -2.214 -5.316
SPIN 3 4 1 1 4.660 -1.769 3.186
SPIN 3 4 1 2 2.766 2.957 -4.313
SPIN 3 4 1 3 3.404 -2.691 -4.022
SPIN 3 4 1 4 1.448 -3.479 4.561
SPIN 3 4 1 5 -2.923 -3.473 3.794
SPIN 3 4 1 6 2.731 5.245 0.192
SPIN 3 4 1 7 2.264 -4.429 -3.203
SPIN 3 4 1 8 -5.393 -2.189 1.063
SPIN 3 4 1 9 4.444 1.343 3.668
SPIN 3 4 1 10 2.112 2.823 -4.751
SPIN 3 4 1 11 -3.954 -2.277 -3.765
SPIN 3 4 1 12 4.504 -0.493 3.804
SPIN 3 4 1 13 -3.304 -3.856 -3.035
SPIN 3 4 1 14 1.141 1.939 -5.472
SPIN 3 4 1 15 -4.565 3.256 -1.887
SPIN 2 4 1 0 4.815 -3.367 -0.696
SPIN 2 4 1 1 2.480 5.370 -0.124
SPIN 2 4 1 2 -3.373 -0.175 -4.857
SPIN 2 4 1 3 5.422 0.466 -2.322
SPIN 2 4 1 4 1.440 1.913 5.410
SPIN 2 4 1 5 0.059 2.553 -5.336
SPIN 2 4 1 6 -2.330 3.022 -4.521
SPIN 2 4 1 7 0.433 2.985 5.089
SPIN 2 4 1 8 -3.264 4.920 0.379
SPIN 2 4 1 9 -4.030 -3.158 -2.964
SPIN 2 4 1 10 -0.320 -5.676 1.638
SPIN 2 4 1 11 4.782 0.907 3.362
SPIN 2 4 1 12 -1.295 -4.823 3.172
SPIN 2 4 1 13 3.214 0.125 -4.966
SPIN 2 4 1 14 0.913 -0.438 -5.829
SPIN 2 4 1 15 2.261 -4.113 3.602
SPIN 3 4 2 0 -3.524 -1.474 4.518
SPIN 3 4 2 1 2.365 -3.974 3.689
SPIN 3 4 2 2 -2.245 -4.033 -3.701
SPIN 3 4 2 3 -4.586 3.582 -1.070
SPIN 3 4 2 4 -1.146 4.782 3.289
SPIN 3 4 2 5 -0.143 -2.253 -5.468
SPIN 3 4 2 6 3.075 -4.582 2.132
SPIN 3 4 2 7 0.032 5.247 -2.734
SPIN 3 4 2 8 -4.245 3.561 2.073
SPIN 3 4 2 9 -3.588 0.821 -4.632
SPIN 3 4 2 10 -1.068 5.513 1.863
SPIN 3 4 2 11 -2.008 -5.230 1.901
SPIN 3 4 2 12 5.704 0.657 -1.426
SPIN 3 4 2 13 3.561 1.234 4.560
SPIN 3 4 2 14 3.087 2.309 -4.488
SPIN 3 4 2 15 5.836 -0.616 -0.751
SPIN 2 4 2 0 0.475 5.895 -0.155
SPIN 2 4 2 1 2.452 4.372 3.142
SPIN 2 4 2 2 5.547 1.797 -0.998
SPIN 2 4 2 3 -5.403 2.245 -0.875
SPIN 2 4 2 4 2.370 2.491 4.814
SPIN 2 4 2 5 -4.968 -2.764 -1.637
SPIN 2 4 2 6 4.227 3.257 2.554
SPIN 2 4 2 7 0.827 -2.429 5.331
SPIN 2 4 2 8 -1.883 -5.030 2.480
SPIN 2 4 2 9 3.164 4.398 -2.377
SPIN 2 4 2 10 5.442 2.292 0.364
SPIN 2 4 2 11 0.220 -2.383 -5.410
SPIN 2 4 2 12 -0.432 3.437 4.796
SPIN 2 4 2 13 -2.435 -0.897 -5.317
SPIN 2 4 2 14 -0.078 -2.412 5.402
SPIN 2 4 2 15 -4.587 -3.470 1.384
SPIN 3 4 3 0 2.030 -4.366 -3.437
SPIN 3 4 3 1 -5.372 2.461 0.290
SPIN 3 4 3 2 4.391 0.516 -3.931
SPIN 3 4 3 3 0.268 -5.868 -0.701
SPIN 3 4 3 4 -2.613 -2.478 4.694
SPIN 3 4 3 5 4.933 0.610 3.209
SPIN 3 4 3 6 2.372 5.083 1.882
SPIN 3 4 3 7 -1.341 -4.082 -4.066
SPIN 3 4 3 8 2.612 5.153 1.276
SPIN 3 4 3 9 5.479 0.393 2.196
SPIN 3 4 3 10 2.859 4.764 -2.031
SPIN 3 4 3 11 -2.026 -0.106 5.557
SPIN 3 4 3 12 -1.929 2.201 -5.141
SPIN 3 4 3 13 -3.200 -4.337 -2.440
SPIN 3 4 3 14 -1.090 -2.675 -5.163
SPIN 3 4 3 15 -1.718 -0.240 5.656
SPIN 2 4 3 0 -3.455 -2.509 4.095
SPIN 2 4 3 1 2.264 5.027 2.145
SPIN 2 4 3 2 0.111 2.719 -5.253
SPIN 2 4 3 3 -1.674 5.204 2.261
SPIN 2 4 3 4 -5.194 1.011 -2.646
SPIN 2 4 3 5 4.026 1.506 4.065
SPIN 2 4 3 6 -2.540 1.711 -5.062
SPIN 2 4 3 7 -2.972 -5.004 1.060
SPIN 2 4 3 8 -1.056 1.065 5.723
SPIN 2 4 3 9 3.146 3.209 -3.848
SPIN 2 4 3 10 -5.268 -2.673 -0.323
SPIN 2 4 3 11 1.027 -3.886 -4.341
SPIN 2 4 3 12 -4.464 -3.330 1.998
SPIN 2 4 3 13 -5.655 1.144 1.309
SPIN 2 4 3 14 1.056 -5.679 1.280
SPIN 2 4 3 15 1.013 5.600 -1.617
SPIN 3 4 4 0 -0.039 1.738 5.655
SPIN 3 4 4 1 0.956 -2.447 5.301
SPIN 3 4 4 2 0.429 -4.687 -3.585
SPIN 3 4 4 3 1.887 5.582 -0.528
SPIN 3 4 4 4 5.137 1.190 2.683
SPIN 3 4 4 5 -5.373 -2.032 1.416
SPIN 3 4 4 6 5.400 -1.855 -1.547
SPIN 3 4 4 7 0.099 5.838 -0.954
SPIN 3 4 4 8 -2.655 -5.287 -0.002
SPIN 3 4 4 9 0.365 2.390 -5.399
SPIN 3 4 4 10 -5.678 0.009 1.661
SPIN 3 4 4 11 -4.058 2.611 3.423
SPIN 3 4 4 12 3.886 1.607 -4.162
SPIN 3 4 4 13 -2.360 2.734 4.686
SPIN 3 4 4 14 5.553 -0.361 2.009
SPIN 3 4 4 15 -5.197 -2.673 0.919
SPIN 2 4 4 0 5.151 2.907 -0.142
SPIN 2 4 4 1 -1.856 1.307 -5.463
SPIN 2 4 4 2 2.091 -2.295 5.036
SPIN 2 4 4 3 0.862 -5.851 0.135
SPIN 2 4 4 4 -1.653 -5.141 2.416
SPIN 2 4 4 5 -1.120 4.635 3.502
SPIN 2 4 4 6 0.189 0.524 5.890
SPIN 2 4 4 7 -5.004 0.324 -3.140
SPIN 2 4 4 8 3.389 0.267 -4.842
SPIN 2 4 4 9 1.329 0.385 5.752
SPIN 2 4 4 10 4.100 3.649 -2.208
SPIN 2 4 4 11 1.030 -5.815 -0.357
SPIN 2 4 4 12 -3.290 3.594 3.355
SPIN 2 4 4 13 -2.317 -4.332 3.296
SPIN 2 4 4 14 -5.291 2.073 -1.645
SPIN 2 4 4 15 -5.738 1.088 0.942
SPIN 3 4 5 0 4.984 -0.026 -3.187
SPIN 3 4 5 1 -0.263 4.785 -3.469
SPIN 3 4 5 2 3.501 4.707 0.768
SPIN 3 4 5 3 0.962 2.173 5.418
SPIN 3 4 5 4 -2.801 -2.443 4.603
SPIN 3 4 5 5 -1.953 -5.584 0.038
SPIN 3 4 5 6 3.650 -4.630 -0.493
SPIN 3 4 5 7 0.385 -5.520 2.093
SPIN 3 4 5 8 2.643 4.438 -2.884
SPIN 3 4 5 9 5.574 1.395 -1.406
SPIN 3 4 5 10 -4.296 4.050 -0.377
SPIN 3 4 5 11 -1.062 -3.131 4.906
SPIN 3 4 5 12 -3.076 -4.712 -1.828
SPIN 3 4 5 13 -0.873 1.924 5.526
SPIN 3 4 5 14 -3.271 3.761 -3.187
SPIN 3 4 5 15 1.546 -5.326 -2.061
SPIN 2 4 5 0 0.285 -5.474 -2.226
SPIN 2 4 5 1 -1.361 -5.548 -1.539
SPIN 2 4 5 2 5.836 0.970 0.069
SPIN 2 4 5 3 -0.737 5.564 -1.871
SPIN 2 4 5 4 1.689 2.821 -4.918
SPIN 2 4 5 5 -0.898 -3.079 4.971
SPIN 2 4 5 6 4.462 -3.849 -0.524
SPIN 2 4 5 7 4.630 3.616 -0.698
SPIN 2 4 5 8 -5.698 1.572 -0.248
SPIN 2 4 5 9 -3.169 -4.883 1.057
SPIN 2 4 5 10 3.633 -3.950 2.490
SPIN 2 4 5 11 -1.674 5.494 -1.417
SPIN 2 4 5 12 -4.443 -2.800 -2.723
SPIN 2 4 5 13 2.445 4.730 2.578
SPIN 2 4 5 14 5.803 0.425 1.072
SPIN 2 4 5 15 -1.533 0.312 5.706
SPIN 3 4 6 0 1.493 4.778 -3.153
SPIN 3 4 6 1 3.884 -4.448 -0.365
SPIN 3 4 6 2 -3.667 -4.611 -0.536
SPIN 3 4 6 3 -0.895 -5.658 -1.479
SPIN 3 4 6 4 5.825 -0.021 1.033
SPIN 3 4 6 5 -4.252 1.165 3.945
SPIN 3 4 6 6 2.110 4.555 -3.131
SPIN 3 4 6 7 -4.615 2.760 -2.467
SPIN 3 4 6 8 0.666 1.007 -5.792
SPIN 3 4 6 9 -3.674 4.236 -1.887
SPIN 3 4 6 10 5.527 -1.691 -1.260
SPIN 3 4 6 11 4.697 -3.504 -0.812
SPIN 3 4 6 12 -2.092 -4.685 -2.945
SPIN 3 4 6 13 -0.295 -2.479 -5.364
SPIN 3 4 6 14 -4.758 -3.339 1.101
SPIN 3 4 6 15 -1.144 0.806 5.748
SPIN 2 4 6 0 -2.937 3.628 -3.635
SPIN 2 4 6 1 0.224 -5.778 1.253
SPIN 2 4 6 2 -1.960 4.788 -2.870
SPIN 2 4 6 3 -0.568 -2.853 5.151
SPIN 2 4 6 4 2.208 5.190 1.786
SPIN 2 4 6 5 -5.449 -0.477 2.255
SPIN 2 4 6 6 2.434 5.236 -1.289
SPIN 2 4 6 7 -1.374 -2.238 5.301
SPIN 2 4 6 8 5.908 0.137 -0.269
SPIN 2 4 6 9 3.737 4.210 -1.818
SPIN 2 4 6 10 2.074 -3.136 4.568
SPIN 2 4 6 11 -4.258 -0.933 4.000
SPIN 2 4 6 12 3.264 0.732 4.880
SPIN 2 4 6 13 2.599 -4.238 -3.207
SPIN 2 4 6 14 -0.137 5.244 2.735
SPIN 2 4 6 15 1.193 -3.038 4.935
SPIN 3 4 7 0 1.229 -3.703 4.448
SPIN 3 4 7 1 -4.732 2.857 2.109
SPIN 3 4 7 2 -0.027 1.549 -5.710
SPIN 3 4 7 3 -0.106 -0.917 -5.844
SPIN 3 4 7 4 -0.419 -1.795 5.622
SPIN 3 4 7 5 -2.287 2.212 -4.988
SPIN 3 4 7 6 0.032 -5.742 1.423
SPIN 3 4 7 7 0.905 3.220 4.880
SPIN 3 4 7 8 -5.474 0.235 -2.232
SPIN 3 4 7 9 4.691 -2.460 -2.636
SPIN 3 4 7 10 -3.320 -1.695 4.594
SPIN 3 4 7 11 5.242 2.724 0.320
SPIN 3 4 7 12 -0.937 -4.571 3.638
SPIN 3 4 7 13 1.818 5.630 -0.013
SPIN 3 4 7 14 -3.128 -4.564 2.095
SPIN 3 4 7 15 -1.770 -1.069 -5.543
SPIN 2 4 7 0 0.605 -5.662 1.605
SPIN 2 4 7 1 4.483 3.131 2.258
SPIN 2 4 7 2 4.746 -3.530 -0.130
SPIN 2 4 7 3 4.881 1.919 -2.738
SPIN 2 4 7 4 -1.400 5.202 2.446
SPIN 2 4 7 5 0.558 -4.231 -4.097
SPIN 2 4 7 6 -0.925 -2.504 5.279
SPIN 2 4 7 7 -0.886 4.526 -3.705
SPIN 2 4 7 8 1.313 1.853 -5.463
SPIN 2 4 7 9 0.444 1.262 5.763
SPIN 2 4 7 10 1.289 -5.314 2.258
SPIN 2 4 7 11 -1.642 1.074 -5.581
SPIN 2 4 7 12 1.229 -5.772 0.420
SPIN 2 4 7 13 1.809 5.598 0.625
SPIN 2 4 7 14 -3.632 -1.975 4.232
SPIN 2 4 7 15 3.489 2.997 -3.721
SPIN 3 4 8 0 5.107 -2.987 -0.043
SPIN 3 4 8 1 -2.571 2.258 4.826
SPIN 3 4 8 2 -2.677 -0.233 5.271
SPIN 3 4 8 3 -3.212 -1.502 -4.736
SPIN 3 4 8 4 2.783 4.026 3.323
SPIN 3 4 8 5 4.201 -3.326 -2.508
SPIN 3 4 8 6 -1.428 -2.106 -5.341
SPIN 3 4 8 7 -2.518 4.760 2.451
SPIN 3 4 8 8 3.713 -3.149 3.361
SPIN 3 4 8 9 -5.787 0.803 0.928
SPIN 3 4 8 10 5.315 0.849 -2.456
SPIN 3 4 8 11 0.045 -5.594 -1.926
SPIN 3 4 8 12 3.599 4.450 -1.500
SPIN 3 4 8 13 1.092 5.771 -0.708
SPIN 3 4 8 14 -3.223 4.923 -0.616
SPIN 3 4 8 15 -5.010 1.455 2.789
SPIN 2 4 8 0 -5.832 0.669 0.734
SPIN 2 4 8 1 -0.995 4.615 -3.566
SPIN 2 4 8 2 -2.376 -5.149 -1.686
SPIN 2 4 8 3 -0.089 5.677 1.663
SPIN 2 4 8 4 1.238 -3.185 4.829
SPIN 2 4 8 5 1.692 5.323 -1.951
SPIN 2 4 8 6 -5.024 1.354 -2.815
SPIN 2 4 8 7 2.896 0.372 -5.145
SPIN 2 4 8 8 -2.106 5.510 -0.458
SPIN 2 4 8 9 -4.956 1.604 -2.805
SPIN 2 4 8 10 -1.526 -4.148 -3.933
SPIN 2 4 8 11 -1.889 5.133 2.255
SPIN 2 4 8 12 2.493 -4.550 2.843
SPIN 2 4 8 13 0.140 -3.249 -4.942
SPIN 2 4 8 14 3.680 3.093 -3.448
SPIN 2 4 8 15 1.745 -3.553 -4.397
SPIN 3 4 9 0 1.310 -4.933 2.991
SPIN 3 4 9 1 -1.411 -1.100 -5.639
SPIN 3 4 9 2 4.782 -0.801 3.390
SPIN 3 4 9 3 0.923 3.487 -4.689
SPIN 3 4 9 4 -5.526 -1.222 1.724
SPIN 3 4 9 5 -1.788 5.286 1.964
SPIN 3 4 9 6 5.107 -2.409 1.766
SPIN 3 4 9 7 -0.461 4.658 -3.618
SPIN 3 4 9 8 -0.729 5.507 -2.035
SPIN 3 4 9 9 -5.377 -2.423 0.465
SPIN 3 4 9 10 4.889 -3.148 -1.091
SPIN 3 4 9 11 -2.040 4.888 -2.636
SPIN 3 4 9 12 5.604 1.623 -0.980
SPIN 3 4 9 13 -3.715 3.175 3.335
SPIN 3 4 9 14 1.412 -4.594 -3.450
SPIN 3 4 9 15 -5.887 0.559 -0.176
SPIN 2 4 9 0 5.059 2.853 -1.128
SPIN 2 4 9 1 -5.698 -0.190 -1.581
SPIN 2 4 9 2 -4.603 3.082 2.077
SPIN 2 4 9 3 3.255 -3.945 -2.975
SPIN 2 4 9 4 -0.946 3.684 -4.531
SPIN 2 4 9 5 -0.653 -5.841 -0.672
SPIN 2 4 9 6 0.540 -4.305 4.022
SPIN 2 4 9 7 -4.578 -0.557 3.705
SPIN 2 4 9 8 4.630 -3.267 -1.701
SPIN 2 4 9 9 1.301 1.280 -5.627
SPIN 2 4 9 10 3.140 3.177 3.879
SPIN 2 4 9 11 4.085 -0.153 4.276
SPIN 2 4 9 12 1.434 1.701 -5.482
SPIN 2 4 9 13 -0.555 -5.161 2.838
SPIN 2 4 9 14 -3.028 -4.469 2.422
SPIN 2 4 9 15 -5.582 -0.315 -1.935
SPIN 3 4 10 0 -4.481 0.156 3.860
SPIN 3 4 10 1 4.725 -3.132 -1.692
SPIN 3 4 10 2 0.480 -4.133 -4.206
SPIN 3 4 10 3 2.884 0.042 5.165
SPIN 3 4 10 4 -5.807 0.852 0.747
SPIN 3 4 10 5 4.864 0.815 -3.268
SPIN 3 4 10 6 -2.660 1.580 -5.042
SPIN 3 4 10 7 4.498 -3.326 -1.925
SPIN 3 4 10 8 -5.056 1.489 -2.687
SPIN 3 4 10 9 0.631 -4.042 4.274
SPIN 3 4 10 10 5.720 -1.502 -0.157
SPIN 3 4 10 11 2.754 -0.031 -5.236
SPIN 3 4 10 12 -2.038 0.556 -5.526
SPIN 3 4 10 13 -5.842 -0.635 0.684
SPIN 3 4 10 14 -0.497 -5.611 1.807
SPIN 3 4 10 15 -3.918 -1.569 4.146
SPIN 2 4 10 0 4.093 -1.954 -3.799
SPIN 2 4 10 1 -5.591 -1.929 -0.140
SPIN 2 4 10 2 3.425 -3.447 3.375
SPIN 2 4 10 3 -4.005 3.637 2.393
SPIN 2 4 10 4 5.504 0.642 -2.072
SPIN 2 4 10 5 -3.497 3.634 3.093
SPIN 2 4 10 6 0.335 -5.457 -2.261
SPIN 2 4 10 7 5.670 1.680 0.167
SPIN 2 4 10 8 0.016 5.625 1.834
SPIN 2 4 10 9 3.990 -1.721 4.015
SPIN 2 4 10 10 5.001 -2.978 -1.057
SPIN 2 4 10 11 0.698 -5.871 -0.215
SPIN 2 4 10 12 -0.733 1.994 5.522
SPIN 2 4 10 13 5.074 -0.573 2.988
SPIN 2 4 10 14 1.932 1.214 -5.458
SPIN 2 4 10 15 1.606 -0.914 -5.620
SPIN 3 4 11 0 -5.598 1.744 0.788
SPIN 3 4 11 1 -4.675 2.989 2.052
SPIN 3 4 11 2 2.435 -0.575 5.361
SPIN 3 4 11 3 -5.764 -1.097 0.753
SPIN 3 4 11 4 -4.579 3.604 1.021
SPIN 3 4 11 5 -1.576 4.668 3.275
SPIN 3 4 11 6 1.690 -2.470 5.103
SPIN 3 4 11 7 -4.723 2.070 -2.899
SPIN 3 4 11 8 -2.439 -3.763 3.859
SPIN 3 4 11 9 -4.672 3.566 -0.675
SPIN 3 4 11 10 -0.666 -5.788 -1.026
SPIN 3 4 11 11 2.083 0.645 5.500
SPIN 3 4 11 12 -1.109 -4.582 -3.574
SPIN 3 4 11 13 0.899 0.685 5.807
SPIN 3 4 11 14 -4.547 2.528 -2.816
SPIN 3 4 11 15 3.245 2.648 4.178
SPIN 2 4 11 0 -4.412 1.447 3.666
SPIN 2 4 11 1 1.582 5.646 -0.788
SPIN 2 4 11 2 -0.222 0.722 5.868
SPIN 2 4 11 3 -4.056 -4.299 0.258
SPIN 2 4 11 4 3.064 -3.591 -3.566
SPIN 2 4 11 5 3.455 -1.682 -4.498
SPIN 2 4 11 6 -0.866 3.866 4.394
SPIN 2 4 11 7 -4.235 2.064 3.578
SPIN 2 4 11 8 4.889 -3.275 -0.611
SPIN 2 4 11 9 -2.936 -0.424 -5.119
SPIN 2 4 11 10 0.693 4.839 -3.332
SPIN 2 4 11 11 -5.194 2.713 -0.811
SPIN 2 4 11 12 4.279 -0.712 -4.023
SPIN 2 4 11 13 -2.567 2.466 -4.725
SPIN 2 4 11 14 -1.187 3.227 4.814
SPIN 2 4 11 15 2.363 -2.241 4.939
SPIN 3 4 12 0 -0.207 -5.909 0.194
SPIN 3 4 12 1 -2.061 -5.422 -1.165
SPIN 3 4 12 2 -1.668 -0.456 5.658
SPIN 3 4 12 3 5.022 -2.849 -1.290
SPIN 3 4 12 4 -3.979 0.921 4.280
SPIN 3 4 12 5 -3.054 3.014 4.073
SPIN 3 4 12 6 1.062 -5.710 1.126
SPIN 3 4 12 7 -2.815 -1.809 -4.879
SPIN 3 4 12 8 1.353 2.581 5.149
SPIN 3 4 12 9 -3.004 0.772 -5.038
SPIN 3 4 12 10 -1.543 5.248 -2.252
SPIN 3 4 12 11 2.134 5.512 0.262
SPIN 3 4 12 12 4.542 -0.469 3.762
SPIN 3 4 12 13 -3.230 -1.996 -4.537
SPIN 3 4 12 14 -2.094 -2.762 -4.794
SPIN 3 4 12 15 4.826 -3.180 1.264
SPIN 2 4 12 0 3.320 3.132 -3.765
SPIN 2 4 12 1 -4.989 -3.165 0.299
SPIN 2 4 12 2 1.155 2.207 -5.366
SPIN 2 4 12 3 2.742 2.944 -4.338
SPIN 2 4 12 4 -2.236 1.369 5.303
SPIN 2 4 12 5 4.317 2.794 -2.925
SPIN 2 4 12 6 -5.799 0.602 1.005
SPIN 2 4 12 7 2.799 0.329 -5.201
SPIN 2 4 12 8 -4.895 -0.726 3.242
SPIN 2 4 12 9 5.083 0.413 -2.998
SPIN 2 4 12 10 4.002 0.198 -4.353
SPIN 2 4 12 11 -4.352 -2.150 -3.382
SPIN 2 4 12 12 0.654 2.528 -5.309
SPIN 2 4 12 13 4.165 -4.201 -0.097
SPIN 2 4 12 14 1.727 -5.620 -0.661
SPIN 2 4 12 15 -1.738 -2.025 5.280
SPIN 3 4 13 0 4.585 -1.655 -3.352
SPIN 3 4 13 1 0.638 4.340 3.970
SPIN 3 4 13 2 0.182 -0.672 5.875
SPIN 3 4 13 3 0.147 -5.802 1.146
SPIN 3 4 13 4 -3.597 1.474 -4.460
SPIN 3 4 13 5 -3.057 1.578 -4.813
SPIN 3 4 13 6 1.618 4.498 3.485
SPIN 3 4 13 7 0.536 4.445 -3.867
SPIN 3 4 13 8 1.846 -2.747 -4.904
SPIN 3 4 13 9 -0.902 -5.323 2.418
SPIN 3 4 13 10 4.655 0.777 3.568
SPIN 3 4 13 11 4.650 3.215 1.744
SPIN 3 4 13 12 -0.724 5.287 -2.554
SPIN 3 4 13 13 -3.893 -2.451 -3.720
SPIN 3 4 13 14 5.250 2.481 -1.133
SPIN 3 4 13 15 -0.836 2.968 -5.049
SPIN 2 4 13 0 -5.825 -0.451 -0.928
SPIN 2 4 13 1 3.209 4.529 -2.046
SPIN 2 4 13 2 -2.343 1.354 -5.261
SPIN 2 4 13 3 3.279 -4.851 0.846
SPIN 2 4 13 4 5.566 1.984 -0.296
SPIN 2 4 13 5 -5.388 -0.040 -2.444
SPIN 2 4 13 6 4.392 3.119 2.445
SPIN 2 4 13 7 -2.694 -4.672 -2.432
SPIN 2 4 13 8 5.367 -2.025 1.449
SPIN 2 4 13 9 -4.589 -1.296 -3.502
SPIN 2 4 13 10 5.167 -2.546 -1.350
SPIN 2 4 13 11 3.765 2.956 3.477
SPIN 2 4 13 12 -2.243 -5.145 1.870
SPIN 2 4 13 13 1.965 5.001 -2.476
SPIN 2 4 13 14 -1.289 -5.399 -2.046
SPIN 2 4 13 15 -1.983 5.018 -2.427
SPIN 3 4 14 0 2.629 -2.379 4.736
SPIN 3 4 14 1 1.292 -4.958 -2.958
SPIN 3 4 14 2 -2.265 0.912 -5.389
SPIN 3 4 14 3 -3.070 -5.012 -0.676
SPIN 3 4 14 4 -4.423 3.540 -1.704
SPIN 3 4 14 5 4.638 -1.330 3.423
SPIN 3 4 14 6 -1.871 2.580 -4.984
SPIN 3 4 14 7 1.407 -1.567 -5.529
SPIN 3 4 14 8 -3.933 2.885 -3.348
SPIN 3 4 14 9 4.547 -3.783 0.091
SPIN 3 4 14 10 -3.907 0.671 -4.392
SPIN 3 4 14 11 -1.290 3.694 -4.438
SPIN 3 4 14 12 4.435 -1.340 -3.679
SPIN 3 4 14 13 0.487 -5.878 -0.461
SPIN 3 4 14 14 -5.206 -2.769 0.475
SPIN 3 4 14 15 0.722 -5.453 -2.179
SPIN 2 4 14 0 4.301 4.056 -0.218
SPIN 2 4 14 1 -1.099 2.326 5.328
SPIN 2 4 14 2 1.228 -1.562 5.572
SPIN 2 4 14 3 1.987 5.196 -2.013
SPIN 2 4 14 4 -0.929 -1.834 5.547
SPIN 2 4 14 5 -3.501 -4.334 1.990
SPIN 2 4 14 6 -1.425 -4.475 3.597
SPIN 2 4 14 7 -3.369 3.023 -3.810
SPIN 2 4 14 8 -1.723 -2.020 -5.287
SPIN 2 4 14 9 2.247 -2.932 4.621
SPIN 2 4 14 10 1.468 2.733 5.038
SPIN 2 4 14 11 2.076 -4.813 2.744
SPIN 2 4 14 12 1.370 4.219 3.914
SPIN 2 4 14 13 -2.267 2.031 -5.073
SPIN 2 4 14 14 -2.547 3.210 4.267
SPIN 2 4 14 15 -2.746 -3.505 -3.895
SPIN 3 4 15 0 -5.235 -2.588 0.947
SPIN 3 4 15 1 -3.308 2.330 4.316
SPIN 3 4 15 2 -0.187 -3.970 -4.382
SPIN 3 4 15 3 -4.783 3.019 -1.735
SPIN 3 4 15 4 4.915 -1.506 2.927
SPIN 3 4 15 5 -5.348 2.122 1.375
SPIN 3 4 15 6 2.231 -5.364 1.117
SPIN 3 4 15 7 -5.203 2.095 -1.883
SPIN 3 4 15 8 4.201 3.831 -1.636
SPIN 3 4 15 9 -2.894 -4.973 -1.379
SPIN 3 4 15 10 2.242 -5.385 0.984
SPIN 3 4 15 11 -3.937 -0.463 -4.392
SPIN 3 4 15 12 0.917 5.457 2.092
SPIN 3 4 15 13 4.523 3.151 2.148
SPIN 3 4 15 14 -4.359 -2.129 3.386
SPIN 3 4 15 15 5.734 0.642 1.306
SPIN 2 4 15 0 2.921 -0.904 -5.065
SPIN 2 4 15 1 1.431 -4.593 -3.443
SPIN 2 4 15 2 4.902 2.138 -2.529
SPIN 2 4 15 3 5.612 -1.361 1.287
SPIN 2 4 15 4 -4.071 4.209 -0.842
SPIN 2 4 15 5 5.202 -2.432 -1.423
SPIN 2 4 15 6 -4.996 2.726 1.616
SPIN 2 4 15 7 4.556 3.625 1.049
SPIN 2 4 15 8 -4.743 -0.516 -3.498
SPIN 2 4 15 9 -5.188 -1.840 -2.168
SPIN 2 4 15 10 5.410 0.466 -2.349
SPIN 2 4 15 11 -5.386 0.250 2.435
SPIN 2 4 15 12 5.208 2.417 -1.425
SPIN 2 4 15 13 -4.364 -3.988 0.225
SPIN 2 4 15 14 3.586 -4.208 -2.105
SPIN 2 4 15 15 -5.090 -3.012 0.133
SPIN 1 5 0 0 2.724 4.780 2.176
SPIN 1 5 0 1 4.014 3.984 1.736
SPIN 1 5 0 2 -0.432 -5.356 2.476
SPIN 1 5 0 3 -4.863 2.967 -1.596
SPIN 1 5 0 4 3.642 3.956 2.466
SPIN 1 5 0 5 -2.972 1.114 4.993
SPIN 1 5 0 6 0.530 -2.361 5.399
SPIN 1 5 0 7 -3.984 3.031 3.152
SPIN 1 5 0 8 0.976 5.826 -0.315
SPIN 1 5 0 9 0.346 -2.512 5.345
SPIN 1 5 0 10 -4.699 1.889 -3.058
SPIN 1 5 0 11 -4.994 2.658 1.729
SPIN 1 5 0 12 3.102 -4.045 3.003
SPIN 1 5 0 13 1.994 4.167 -3.696
SPIN 1 5 0 14 -4.041 4.094 -1.384
SPIN 1 5 0 15 2.339 -2.289 4.929
SPIN 4 5 0 0 -4.823 -2.480 -2.364
SPIN 4 5 0 1 4.904 -2.009 2.630
SPIN 4 5 0 2 2.967 5.112 -0.252
SPIN 4 5 0 3 -2.269 4.513 3.080
SPIN 4 5 0 4 1.995 5.538 -0.592
SPIN 4 5 0 5 -0.091 -5.728 -1.478
SPIN 4 5 0 6 -0.642 4.725 3.501
SPIN 4 5 0 7 -3.199 2.040 -4.539
SPIN 4 5 0 8 -4.196 -1.123 4.017
SPIN 4 5 0 9 1.426 0.383 -5.729
SPIN 4 5 0 10 4.180 -3.820 1.713
SPIN 4 5 0 11 -1.048 -1.299 5.676
SPIN 4 5 0 12 -5.787 -1.114 -0.525
SPIN 4 5 0 13 2.955 3.744 3.500
SPIN 4 5 0 14 4.267 -1.730 -3.714
SPIN 4 5 0 15 4.742 1.937 -2.959
SPIN 1 5 1 0 4.762 -1.222 3.291
SPIN 1 5 1 1 -3.537 -3.644 3.034
SPIN 1 5 1 2 -0.078 -0.783 5.864
SPIN 1 5 1 3 5.025 -1.094 2.924
SPIN 1 5 1 4 -2.053 5.252 -1.790
SPIN 1 5 1 5 -5.472 -2.228 -0.301
SPIN 1 5 1 6 -1.783 5.607 0.620
SPIN 1 5 1 7 3.996 -3.351 2.793
SPIN 1 5 1 8 0.285 4.611 3.695
SPIN 1 5 1 9 -0.452 -5.043 -3.060
SPIN 1 5 1 10 -1.957 -0.082 5.582
SPIN 1 5 1 11 3.114 -4.880 1.222
SPIN 1 5 1 12 0.198 5.854 -0.835
SPIN 1 5 1 13 -1.412 -3.518 -4.542
SPIN 1 5 1 14 5.350 1.289 -2.171
SPIN 1 5 1 15 -2.888 -1.442 -4.958
SPIN 4 5 1 0 5.091 2.459 1.743
SPIN 4 5 1 1 -4.936 2.372 -2.238
SPIN 4 5 1 2 -4.508 -3.827 0.174
SPIN 4 5 1 3 -2.506 5.079 -1.711
SPIN 4 5 1 4 -0.289 -5.909 0.038
SPIN 4 5 1 5 2.676 5.023 -1.614
SPIN 4 5 1 6 -3.051 -4.388 -2.537
SPIN 4 5 1 7 0.572 -4.579 3.702
SPIN 4 5 1 8 -2.767 3.593 3.800
SPIN 4 5 1 9 0.319 5.502 -2.151
SPIN 4 5 1 10 -4.134 2.782 -3.189
SPIN 4 5 1 11 -0.428 3.673 -4.618
SPIN 4 5 1 12 -2.132 -5.245 1.717
SPIN 4 5 1 13 -2.400 4.319 -3.253
SPIN 4 5 1 14 2.895 -2.036 4.740
SPIN 4 5 1 15 -3.533 4.251 2.109
SPIN 1 5 2 0 0.265 -1.153 -5.797
SPIN 1 5 2 1 -3.742 1.806 4.211
SPIN 1 5 2 2 4.359 -0.120 -3.998
SPIN 1 5 2 3 5.247 -1.579 -2.231
SPIN 1 5 2 4 -5.276 -0.968 -2.496
SPIN 1 5 2 5 2.410 0.005 5.403
SPIN 1 5 2 6 -1.366 -5.576 -1.428
SPIN 1 5 2 7 -2.387 3.188 -4.375
SPIN 1 5 2 8 4.632 -3.447 -1.289
SPIN 1 5 2 9 -3.018 5.001 -0.938
SPIN 1 5 2 10 0.754 -5.010 -3.055
SPIN 1 5 2 11 -2.220 1.917 5.138
SPIN 1 5 2 12 -3.767 -1.961 -4.118
SPIN 1 5 2 13 -0.709 3.681 4.577
SPIN 1 5 2 14 -3.852 -2.655 3.622
SPIN 1 5 2 15 4.743 -1.758 3.068
SPIN 4 5 2 0 -2.973 -0.518 -5.089
SPIN 4 5 2 1 -3.401 -4.750 0.932
SPIN 4 5 2 2 -2.092 5.530 -0.208
SPIN 4 5 2 3 -0.300 -4.198 -4.158
SPIN 4 5 2 4 4.982 3.094 0.777
SPIN 4 5 2 5 -4.352 -3.690 1.562
SPIN 4 5 2 6 -3.789 -1.923 -4.116
SPIN 4 5 2 7 -4.300 4.042 0.412
SPIN 4 5 2 8 -1.106 1.943 -5.477
SPIN 4 5 2 9 4.639 -1.164 -3.481
SPIN 4 5 2 10 -4.225 -3.621 2.010
SPIN 4 5 2 11 -0.190 1.490 -5.722
SPIN 4 5 2 12 4.481 -3.158 2.224
SPIN 4 5 2 13 -2.859 -0.404 -5.163
SPIN 4 5 2 14 2.291 -1.068 -5.349
SPIN 4 5 2 15 -0.344 -3.508 -4.752
SPIN 1 5 3 0 -5.438 -2.223 0.696
SPIN 1 5 3 1 -0.280 -5.895 0.413
SPIN 1 5 3 2 -1.787 -1.175 5.516
SPIN 1 5 3 3 5.419 -0.977 -2.163
SPIN 1 5 3 4 2.305 -4.587 2.940
SPIN 1 5 3 5 -5.061 2.000 -2.321
SPIN 1 5 3 6 -1.168 -5.758 -0.695
SPIN 1 5 3 7 -2.701 -5.043 1.506
SPIN 1 5 3 8 -4.934 3.234 -0.449
SPIN 1 5 3 9 3.804 -3.319 3.084
SPIN 1 5 3 10 -4.828 2.868 -1.862
SPIN 1 5 3 11 3.291 -2.843 -4.011
SPIN 1 5 3 12 0.911 4.806 3.327
SPIN 1 5 3 13 4.207 -1.313 3.947
SPIN 1 5 3 14 5.667 0.455 -1.637
SPIN 1 5 3 15 -3.213 -4.680 -1.664
SPIN 4 5 3 0 1.597 0.933 5.619
SPIN 4 5 3 1 -5.395 -2.256 -0.900
SPIN 4 5 3 2 4.927 2.993 -1.328
SPIN 4 5 3 3 -5.099 2.992 0.204
SPIN 4 5 3 4 2.701 3.341 -4.067
SPIN 4 5 3 5 -1.254 -3.374 4.695
SPIN 4 5 3 6 -0.267 0.830 -5.851
SPIN 4 5 3 7 1.293 -4.476 -3.646
SPIN 4 5 3 8 0.304 1.060 5.812
SPIN 4 5 3 9 3.727 1.695 4.270
SPIN 4 5 3 10 -5.764 -0.480 1.242
SPIN 4 5 3 11 5.343 1.154 2.262
SPIN 4 5 3 12 -5.395 1.605 -1.822
SPIN 4 5 3 13 -2.814 -4.187 3.091
SPIN 4 5 3 14 -0.801 5.770 -1.030
SPIN 4 5 3 15 4.705 -1.952 3.009
SPIN 1 5 4 0 0.626 5.164 -2.818
SPIN 1 5 4 1 -0.015 -4.845 -3.395
SPIN 1 5 4 2 -3.712 4.538 -0.791
SPIN 1 5 4 3 1.615 -5.671 0.479
SPIN 1 5 4 4 -4.329 1.160 -3.862
SPIN 1 5 4 5 2.603 5.277 -0.613
SPIN 1 5 4 6 0.041 -4.056 -4.307
SPIN 1 5 4 7 2.075 -1.589 5.307
SPIN 1 5 4 8 -0.735 -1.846 -5.573
SPIN 1 5 4 9 -3.603 3.172 -3.458
SPIN 1 5 4 10 1.378 -3.120 4.834
SPIN 1 5 4 11 3.381 4.062 2.658
SPIN 1 5 4 12 -1.572 3.688 -4.351
SPIN 1 5 4 13 3.123 4.250 2.680
SPIN 1 5 4 14 2.954 -4.483 -2.486
SPIN 1 5 4 15 -2.580 2.127 4.880
SPIN 4 5 4 0 2.232 -1.633 -5.230
SPIN 4 5 4 1 -3.102 -0.930 4.951
SPIN 4 5 4 2 4.804 -2.687 2.167
SPIN 4 5 4 3 2.676 4.693 -2.412
SPIN 4 5 4 4 -4.177 -3.825 -1.708
SPIN 4 5 4 5 3.453 -1.676 -4.502
SPIN 4 5 4 6 1.422 4.165 3.953
SPIN 4 5 4 7 2.710 -0.367 -5.246
SPIN 4 5 4 8 3.592 4.250 -2.010
SPIN 4 5 4 9 5.712 1.446 0.530
SPIN 4 5 4 10 -1.359 -4.335 -3.789
SPIN 4 5 4 11 4.717 -3.464 0.865
SPIN 4 5 4 12 -4.926 3.266 -0.257
SPIN 4 5 4 13 2.983 4.136 -2.999
SPIN 4 5 4 14 -2.651 -3.674 3.805
SPIN 4 5 4 15 5.138 -1.772 -2.336
SPIN 1 5 5 0 -4.926 0.818 3.173
SPIN 1 5 5 1 -3.334 1.080 4.766
SPIN 1 5 5 2 3.562 3.675 -2.968
SPIN 1 5 5 3 -2.825 3.239 4.066
SPIN 1 5 5 4 2.603 4.383 -3.002
SPIN 1 5 5 5 -3.293 2.881 -3.982
SPIN 1 5 5 6 0.181 2.128 5.517
SPIN 1 5 5 7 5.393 -0.685 2.333
SPIN 1 5 5 8 5.307 2.262 1.310
SPIN 1 5 5 9 -3.918 -3.845 2.205
SPIN 1 5 5 10 -2.723 -4.408 2.855
SPIN 1 5 5 11 -0.295 2.212 5.479
SPIN 1 5 5 12 -2.048 0.191 -5.547
SPIN 1 5 5 13 0.680 -5.504 -2.060
SPIN 1 5 5 14 -3.867 -3.312 3.014
SPIN 1 5 5 15 2.249 -5.451 0.471
SPIN 4 5 5 0 -0.959 -5.589 1.686
SPIN 4 5 5 1 -4.672 -2.355 -2.762
SPIN 4 5 5 2 5.292 2.644 0.005
SPIN 4 5 5 3 -0.892 -5.493 2.006
SPIN 4 5 5 4 4.915 2.949 1.466
SPIN 4 5 5 5 -5.403 -2.334 0.601
SPIN 4 5 5 6 2.229 -1.934 -5.127
SPIN 4 5 5 7 -0.829 -1.652 5.620
SPIN 4 5 5 8 -2.408 -4.786 -2.510
SPIN 4 5 5 9 1.085 -5.760 -0.803
SPIN 4 5 5 10 5.291 -0.560 2.586
SPIN 4 5 5 11 -3.349 4.647 -1.478
SPIN 4 5 5 12 -1.940 -0.957 5.507
SPIN 4 5 5 13 -3.355 3.336 -3.552
SPIN 4 5 5 14 3.689 -1.995 4.173
SPIN 4 5 5 15 -2.057 5.014 2.373
SPIN 1 5 6 0 1.159 -4.217 -3.984
SPIN 1 5 6 1 1.237 5.665 1.175
SPIN 1 5 6 2 -5.316 -2.452 -0.853
SPIN 1 5 6 3 1.100 0.330 -5.804
SPIN 1 5 6 4 -3.582 -1.034 4.593
SPIN 1 5 6 5 3.421 -1.748 -4.499
SPIN 1 5 6 6 3.520 2.237 -4.196
SPIN 1 5 6 7 0.492 5.481 -2.172
SPIN 1 5 6 8 3.027 -4.416 2.517
SPIN 1 5 6 9 -5.670 1.194 1.195
SPIN 1 5 6 10 -5.557 0.808 1.861
SPIN 1 5 6 11 -5.717 -0.762 1.319
SPIN 1 5 6 12 2.375 5.414 -0.223
SPIN 1 5 6 13 -2.590 4.354 3.055
SPIN 1 5 6 14 -0.061 -5.881 -0.637
SPIN 1 5 6 15 -2.324 2.661 4.745
SPIN 4 5 6 0 4.834 2.418 -2.406
SPIN 4 5 6 1 -1.805 -5.545 0.999
SPIN 4 5 6 2 -1.967 3.762 -4.120
SPIN 4 5 6 3 -2.637 5.290 0.258
SPIN 4 5 6 4 -4.807 -0.778 3.359
SPIN 4 5 6 5 1.212 -1.873 -5.479
SPIN 4 5 6 6 -3.588 -2.653 -3.884
SPIN 4 5 6 7 -2.566 -1.239 5.185
SPIN 4 5 6 8 1.942 -2.825 4.822
SPIN 4 5 6 9 -2.365 3.922 -3.745
SPIN 4 5 6 10 -3.370 2.609 -4.103
SPIN 4 5 6 11 2.747 5.240 0.048
SPIN 4 5 6 12 2.257 5.320 -1.268
SPIN 4 5 6 13 -1.632 -2.214 -5.238
SPIN 4 5 6 14 0.665 5.713 1.387
SPIN 4 5 6 15 -4.997 -1.842 2.576
SPIN 1 5 7 0 0.403 -3.819 4.500
SPIN 1 5 7 1 2.461 -0.702 -5.334
SPIN 1 5 7 2 4.345 -0.450 3.990
SPIN 1 5 7 3 -3.361 3.708 3.155
SPIN 1 5 7 4 3.455 -2.531 -4.082
SPIN 1 5 7 5 -5.182 -1.643 2.334
SPIN 1 5 7 6 2.155 -1.295 5.355
SPIN 1 5 7 7 -4.702 1.152 3.400
SPIN 1 5 7 8 1.024 0.129 -5.825
SPIN 1 5 7 9 -4.482 -0.517 3.826
SPIN 1 5 7 10 5.651 -0.757 1.580
SPIN 1 5 7 11 5.502 0.485 2.120
SPIN 1 5 7 12 -3.748 2.208 4.010
SPIN 1 5 7 13 2.363 -0.474 5.403
SPIN 1 5 7 14 -3.579 1.315 -4.523
SPIN 1 5 7 15 -2.220 -4.832 -2.592
SPIN 4 5 7 0 -4.821 -2.361 2.488
SPIN 4 5 7 1 3.804 1.783 -4.165
SPIN 4 5 7 2 -5.510 1.975 -0.857
SPIN 4 5 7 3 5.259 -2.710 -0.036
SPIN 4 5 7 4 5.486 1.113 1.914
SPIN 4 5 7 5 -2.621 -0.551 5.275
SPIN 4 5 7 6 5.847 -0.878 0.200
SPIN 4 5 7 7 5.130 2.856 0.724
SPIN 4 5 7 8 0.728 -1.113 5.765
SPIN 4 5 7 9 5.491 0.468 2.152
SPIN 4 5 7 10 -3.543 0.017 4.738
SPIN 4 5 7 11 -5.243 1.711 2.139
SPIN 4 5 7 12 2.175 -4.488 3.183
SPIN 4 5 7 13 1.162 1.814 -5.510
SPIN 4 5 7 14 2.883 4.139 -3.092
SPIN 4 5 7 15 -4.990 0.848 3.062
SPIN 1 5 8 0 1.844 2.593 -4.987
SPIN 1 5 8 1 1.211 5.463 -1.921
SPIN 1 5 8 2 -4.341 -0.828 3.934
SPIN 1 5 8 3 0.672 -4.427 -3.867
SPIN 1 5 8 4 -3.506 3.311 -3.427
SPIN 1 5 8 5 1.752 3.874 -4.113
SPIN 1 5 8 6 -4.905 2.075 -2.577
SPIN 1 5 8 7 4.854 -2.437 2.344
SPIN 1 5 8 8 -5.240 1.838 -2.040
SPIN 1 5 8 9 1.222 -3.079 4.902
SPIN 1 5 8 10 0.937 5.158 2.742
SPIN 1 5 8 11 -1.648 -4.306 -3.707
SPIN 1 5 8 12 2.065 5.544 0.070
SPIN 1 5 8 13 -0.439 0.802 -5.845
SPIN 1 5 8 14 -2.654 -3.455 4.002
SPIN 1 5 8 15 0.741 5.327 2.465
SPIN 4 5 8 0 4.051 -3.119 -2.977
SPIN 4 5 8 1 2.924 1.306 -4.975
SPIN 4 5 8 2 -3.640 -2.172 4.127
SPIN 4 5 8 3 2.991 4.004 -3.166
SPIN 4 5 8 4 -2.979 -4.928 -1.358
SPIN 4 5 8 5 0.711 -1.945 5.542
SPIN 4 5 8 6 -1.538 0.214 -5.709
SPIN 4 5 8 7 -3.811 3.241 -3.158
SPIN 4 5 8 8 -1.554 -4.698 -3.243
SPIN 4 5 8 9 2.841 -1.902 4.829
SPIN 4 5 8 10 -5.206 -2.586 -1.101
SPIN 4 5 8 11 0.185 3.648 4.653
SPIN 4 5 8 12 -4.696 3.555 -0.555
SPIN 4 5 8 13 -1.095 -3.492 4.648
SPIN 4 5 8 14 -3.162 -3.760 -3.297
SPIN 4 5 8 15 -3.719 -3.614 -2.847
SPIN 1 5 9 0 -2.918 3.374 3.886
SPIN 1 5 9 1 -2.942 1.543 -4.895
SPIN 1 5 9 2 3.309 4.585 1.740
SPIN 1 5 9 3 0.822 -1.029 5.768
SPIN 1 5 9 4 3.468 -4.555 -1.491
SPIN 1 5 9 5 0.170 -0.943 5.838
SPIN 1 5 9 6 -1.954 -5.482 -1.063
SPIN 1 5 9 7 1.006 1.389 5.662
SPIN 1 5 9 8 -2.828 -2.126 4.742
SPIN 1 5 9 9 0.463 1.491 5.706
SPIN 1 5 9 10 2.817 2.498 -4.563
SPIN 1 5 9 11 1.445 5.103 2.621
SPIN 1 5 9 12 2.422 -3.992 -3.633
SPIN 1 5 9 13 4.162 2.045 -3.674
SPIN 1 5 9 14 0.035 2.932 5.138
SPIN 1 5 9 15 -4.530 0.275 3.795
SPIN 4 5 9 0 1.907 -2.321 5.097
SPIN 4 5 9 1 -3.203 -4.973 -0.114
SPIN 4 5 9 2 3.613 2.651 3.862
SPIN 4 5 9 3 -0.095 -5.835 -0.973
SPIN 4 5 9 4 0.281 3.650 -4.647
SPIN 4 5 9 5 2.787 -1.801 -4.898
SPIN 4 5 9 6 1.938 5.201 -2.047
SPIN 4 5 9 7 0.274 5.138 2.921
SPIN 4 5 9 8 1.909 -4.833 2.828
SPIN 4 5 9 9 3.601 1.822 -4.326
SPIN 4 5 9 10 -2.044 -5.131 2.119
SPIN 4 5 9 11 5.616 -1.536 -1.049
SPIN 4 5 9 12 2.889 4.697 -2.142
SPIN 4 5 9 13 -0.730 3.976 -4.320
SPIN 4 5 9 14 -2.000 4.206 -3.648
SPIN 4 5 9 15 5.761 1.233 -0.535
SPIN 1 5 10 0 -4.686 -3.125 1.810
SPIN 1 5 10 1 4.478 3.327 1.970
SPIN 1 5 10 2 -2.089 5.294 1.614
SPIN 1 5 10 3 4.229 1.145 3.976
SPIN 1 5 10 4 -4.179 4.095 0.879
SPIN 1 5 10 5 4.689 -2.874 -2.180
SPIN 1 5 10 6 5.052 -3.075 0.145
SPIN 1 5 10 7 -3.535 -1.576 -4.474
SPIN 1 5 10 8 5.879 -0.174 0.637
SPIN 1 5 10 9 -4.219 -3.527 -2.181
SPIN 1 5 10 10 -0.662 2.388 5.372
SPIN 1 5 10 11 -5.770 -0.167 1.297
SPIN 1 5 10 12 5.852 -0.827 -0.256
SPIN 1 5 10 13 -5.337 2.477 0.621
SPIN 1 5 10 14 -5.240 -2.490 1.159
SPIN 1 5 10 15 3.464 3.014 3.730
SPIN 4 5 10 0 -3.850 -0.686 -4.439
SPIN 4 5 10 1 4.803 -0.860 -3.345
SPIN 4 5 10 2 -5.063 2.416 -1.880
SPIN 4 5 10 3 0.711 -5.223 2.685
SPIN 4 5 10 4 -0.144 -5.880 -0.632
SPIN 4 5 10 5 2.817 -2.283 4.675
SPIN 4 5 10 6 5.102 -2.177 2.057
SPIN 4 5 10 7 -5.262 -1.648 -2.144
SPIN 4 5 10 8 -1.518 5.714 0.207
SPIN 4 5 10 9 4.459 -2.455 -3.016
SPIN 4 5 10 10 1.969 2.197 5.128
SPIN 4 5 10 11 -3.673 4.607 0.534
SPIN 4 5 10 12 0.168 5.040 -3.094
SPIN 4 5 10 13 -0.803 -4.420 3.849
SPIN 4 5 10 14 0.206 -1.009 5.826
SPIN 4 5 10 15 4.628 2.777 2.423
SPIN 1 5 11 0 4.502 3.783 0.648
SPIN 1 5 11 1 -3.914 -0.408 4.417
SPIN 1 5 11 2 -1.342 -4.524 -3.568
SPIN 1 5 11 3 2.303 4.285 3.367
SPIN 1 5 11 4 1.631 4.268 3.758
SPIN 1 5 11 5 1.229 -4.755 -3.298
SPIN 1 5 11 6 -4.186 -0.597 -4.138
SPIN 1 5 11 7 2.031 -5.200 1.958
SPIN 1 5 11 8 -5.492 -0.885 -2.013
SPIN 1 5 11 9 5.316 1.225 2.288
SPIN 1 5 11 10 -5.914 -0.107 -0.112
SPIN 1 5 11 11 -3.395 -3.745 -3.075
SPIN 1 5 11 12 -5.236 -2.470 -1.217
SPIN 1 5 11 13 -4.258 -4.051 0.678
SPIN 1 5 11 14 4.512 -2.764 2.647
SPIN 1 5 11 15 0.052 -5.630 -1.817
SPIN 4 5 11 0 0.593 -5.864 0.515
SPIN 4 5 11 1 2.703 4.709 2.350
SPIN 4 5 11 2 1.266 -3.158 4.840
SPIN 4 5 11 3 2.457 -1.040 5.280
SPIN 4 5 11 4 3.629 4.663 0.295
SPIN 4 5 11 5 0.655 -5.865 -0.413
SPIN 4 5 11 6 -0.516 2.842 -5.163
SPIN 4 5 11 7 4.121 0.921 4.144
SPIN 4 5 11 8 5.372 -0.679 -2.384
SPIN 4 5 11 9 -2.318 -4.028 3.660
SPIN 4 5 11 10 4.753 -2.986 -1.868
SPIN 4 5 11 11 -0.759 4.895 3.234
SPIN 4 5 11 12 -3.744 4.036 2.167
SPIN 4 5 11 13 -5.532 1.240 1.690
SPIN 4 5 11 14 5.640 1.420 1.083
SPIN 4 5 11 15 -5.330 2.219 -1.291
SPIN 1 5 12 0 2.610 -0.262 -5.303
SPIN 1 5 12 1 3.484 3.708 3.019
SPIN 1 5 12 2 -0.609 -3.350 4.838
SPIN 1 5 12 3 -4.223 0.517 -4.111
SPIN 1 5 12 4 5.882 0.518 -0.369
SPIN 1 5 12 5 -4.578 -1.177 3.557
SPIN 1 5 12 6 -2.807 -0.099 5.207
SPIN 1 5 12 7 -1.939 -4.723 2.989
SPIN 1 5 12 8 -2.868 4.288 -2.896
SPIN 1 5 12 9 -2.550 -4.922 -2.068
SPIN 1 5 12 10 5.026 -2.990 -0.894
SPIN 1 5 12 11 -2.984 3.627 3.597
SPIN 1 5 12 12 -5.376 -2.440 0.376
SPIN 1 5 12 13 2.570 2.705 -4.591
SPIN 1 5 12 14 5.848 -0.887 -0.092
SPIN 1 5 12 15 -2.738 4.437 -2.795
SPIN 4 5 12 0 -2.965 -3.122 4.057
SPIN 4 5 12 1 3.018 -2.916 -4.170
SPIN 4 5 12 2 -5.624 -0.511 -1.763
SPIN 4 5 12 3 5.190 -2.740 -0.744
SPIN 4 5 12 4 1.089 -3.340 4.760
SPIN 4 5 12 5 -4.735 -0.046 -3.546
SPIN 4 5 12 6 -1.126 0.023 5.808
SPIN 4 5 12 7 0.939 -5.595 1.677
SPIN 4 5 12 8 -2.135 5.280 1.603
SPIN 4 5 12 9 -2.563 5.206 1.155
SPIN 4 5 12 10 4.503 -3.560 -1.431
SPIN 4 5 12 11 1.356 -0.990 -5.673
SPIN 4 5 12 12 4.371 -3.227 -2.341
SPIN 4 5 12 13 2.974 0.936 5.028
SPIN 4 5 12 14 -4.425 0.130 -3.924
SPIN 4 5 12 15 4.082 -4.012 -1.497
SPIN 1 5 13 0 0.961 4.000 4.251
SPIN 1 5 13 1 4.730 1.432 3.252
SPIN 1 5 13 2 1.612 -1.825 -5.392
SPIN 1 5 13 3 -5.033 -1.323 2.813
SPIN 1 5 13 4 -3.886 -3.552 -2.699
SPIN 1 5 13 5 2.015 -2.819 4.795
SPIN 1 5 13 6 4.362 -3.508 -1.915
SPIN 1 5 13 7 -2.650 4.837 -2.140
SPIN 1 5 13 8 3.827 -4.336 -1.245
SPIN 1 5 13 9 -4.499 -2.945 -2.466
SPIN 1 5 13 10 -5.506 -1.995 -0.843
SPIN 1 5 13 11 -3.890 -3.421 2.857
SPIN 1 5 13 12 -4.191 1.568 3.870
SPIN 1 5 13 13 2.507 -3.789 3.789
SPIN 1 5 13 14 -0.107 4.959 3.224
SPIN 1 5 13 15 4.810 -2.992 1.708
SPIN 4 5 13 0 -2.135 -5.133 -2.023
SPIN 4 5 13 1 -0.296 2.708 5.252
SPIN 4 5 13 2 4.210 -4.107 0.635
SPIN 4 5 13 3 -0.051 3.759 4.568
SPIN 4 5 13 4 -0.672 -5.877 -0.119
SPIN 4 5 13 5 4.654 3.456 -1.184
SPIN 4 5 13 6 -3.043 -3.261 3.887
SPIN 4 5 13 7 -1.365 5.589 -1.377
SPIN 4 5 13 8 -2.023 -2.403 5.013
SPIN 4 5 13 9 4.445 0.214 3.898
SPIN 4 5 13 10 -5.393 -2.292 0.815
SPIN 4 5 13 11 3.524 1.975 4.322
SPIN 4 5 13 12 3.485 -1.020 -4.671
SPIN 4 5 13 13 3.662 -1.489 -4.401
SPIN 4 5 13 14 -5.864 -0.522 -0.588
SPIN 4 5 13 15 1.444 5.639 1.057
SPIN 1 5 14 0 -1.886 -5.557 -0.748
SPIN 1 5 14 1 3.546 -4.574 -1.229
SPIN 1 5 14 2 3.011 -5.066 -0.525
SPIN 1 5 14 3 -1.009 4.845 -3.242
SPIN 1 5 14 4 -0.129 1.663 -5.676
SPIN 1 5 14 5 0.443 -2.866 -5.157
SPIN 1 5 14 6 -5.120 2.738 1.137
SPIN 1 5 14 7 0.748 -1.331 5.716
SPIN 1 5 14 8 -2.354 5.253 -1.368
SPIN 1 5 14 9 -1.017 -1.361 5.667
SPIN 1 5 14 10 2.586 4.415 -2.971
SPIN 1 5 14 11 1.242 4.590 -3.520
SPIN 1 5 14 12 5.668 -1.686 -0.183
SPIN 1 5 14 13 -0.331 5.389 2.419
SPIN 1 5 14 14 2.504 4.497 2.916
SPIN 1 5 14 15 2.403 4.555 2.912
SPIN 4 5 14 0 4.471 3.827 -0.603
SPIN 4 5 14 1 -0.292 5.027 3.105
SPIN 4 5 14 2 4.891 2.285 2.419
SPIN 4 5 14 3 -4.272 -3.071 -2.705
SPIN 4 5 14 4 -0.526 5.881 -0.378
SPIN 4 5 14 5 -4.344 -2.272 3.311
SPIN 4 5 14 6 4.759 -1.890 -2.963
SPIN 4 5 14 7 -5.798 1.030 0.572
SPIN 4 5 14 8 2.109 -4.302 3.471
SPIN 4 5 14 9 5.372 -0.788 -2.349
SPIN 4 5 14 10 2.548 -2.875 4.499
SPIN 4 5 14 11 -3.985 -2.647 -3.481
SPIN 4 5 14 12 -1.190 -5.290 2.367
SPIN 4 5 14 13 -2.470 3.095 4.395
SPIN 4 5 14 14 3.714 -3.049 3.452
SPIN 4 5 14 15 -4.900 -0.127 3.313
SPIN 1 5 15 0 2.705 5.224 0.622
SPIN 1 5 15 1 -4.430 -3.767 -1.086
SPIN 1 5 15 2 0.466 3.922 -4.404
SPIN 1 5 15 3 -3.821 -3.249 -3.137
SPIN 1 5 15 4 -1.776 -1.647 5.398
SPIN 1 5 15 5 2.941 5.134 0.001
SPIN 1 5 15 6 -0.458 1.090 5.797
SPIN 1 5 15 7 -2.889 -4.459 -2.602
SPIN 1 5 15 8 4.022 -3.248 -2.877
SPIN 1 5 15 9 -0.432 3.753 -4.553
SPIN 1 5 15 10 3.811 1.800 4.151
SPIN 1 5 15 11 1.294 -0.176 -5.770
SPIN 1 5 15 12 4.410 2.937 2.632
SPIN 1 5 15 13 -5.762 -1.014 0.881
SPIN 1 5 15 14 0.537 -4.211 -4.120
SPIN 1 5 15 15 -5.600 1.770 0.713
SPIN 4 5 15 0 -2.616 -2.212 -4.823
SPIN 4 5 15 1 -1.667 -0.044 5.676
SPIN 4 5 15 2 -4.405 -2.027 3.390
SPIN 4 5 15 3 4.653 3.233 1.701
SPIN 4 5 15 4 -4.061 -1.445 4.052
SPIN 4 5 15 5 -3.793 3.290 -3.129
SPIN 4 5 15 6 -0.191 -0.417 5.898
SPIN 4 5 15 7 -0.301 -0.857 5.846
SPIN 4 5 15 8 -3.980 -3.722 -2.303
SPIN 4 5 15 9 -5.069 -2.784 -1.245
SPIN 4 5 15 10 -3.935 2.816 -3.405
SPIN 4 5 15 11 -1.441 5.565 -1.398
SPIN 4 5 15 12 3.153 4.985 -0.459
SPIN 4 5 15 13 -4.504 -1.304 3.607
SPIN 4 5 15 14 4.181 4.082 -0.922
SPIN 4 5 15 15 -5.600 1.844 0.494
SPIN 3 5 0 0 4.141 1.051 4.092
SPIN 3 5 0 1 -1.872 1.295 5.461
SPIN 3 5 0 2 2.498 -0.803 -5.303
SPIN 3 5 0 3 2.133 -0.263 -5.512
SPIN 3 5 0 4 4.855 -3.377 -0.164
SPIN 3 5 0 5 0.790 3.553 -4.664
SPIN 3 5 0 6 -2.573 3.204 -4.256
SPIN 3 5 0 7 4.739 -2.483 2.525
SPIN 3 5 0 8 1.269 -0.349 -5.768
SPIN 3 5 0 9 -4.069 -2.041 3.778
SPIN 3 5 0 10 3.322 -0.003 4.895
SPIN 3 5 0 11 -5.126 0.635 -2.885
SPIN 3 5 0 12 -0.121 5.530 -2.099
SPIN 3 5 0 13 -0.474 -5.463 -2.220
SPIN 3 5 0 14 3.728 -1.411 -4.372
SPIN 3 5 0 15 -5.859 0.649 -0.498
SPIN 2 5 0 0 3.273 -4.906 -0.475
SPIN 2 5 0 1 0.809 1.463 -5.675
SPIN 2 5 0 2 -2.548 -1.937 -4.976
SPIN 2 5 0 3 1.973 -5.216 -1.976
SPIN 2 5 0 4 -0.217 2.411 5.398
SPIN 2 5 0 5 -0.094 2.190 -5.495
SPIN 2 5 0 6 -0.727 3.491 4.721
SPIN 2 5 0 7 -2.948 5.008 -1.109
SPIN 2 5 0 8 5.403 0.247 2.396
SPIN 2 5 0 9 -0.840 -2.329 5.373
SPIN 2 5 0 10 -0.537 3.893 -4.422
SPIN 2 5 0 11 3.956 -0.210 -4.393
SPIN 2 5 0 12 5.885 -0.049 -0.602
SPIN 2 5 0 13 2.160 0.347 -5.497
SPIN 2 5 0 14 -1.887 -2.114 5.193
SPIN 2 5 0 15 -2.482 5.268 -1.045
SPIN 3 5 1 0 -5.137 2.862 -0.645
SPIN 3 5 1 1 -4.233 1.172 -3.963
SPIN 3 5 1 2 1.349 -1.790 5.475
SPIN 3 5 1 3 2.030 -5.431 -1.176
SPIN 3 5 1 4 -3.986 4.324 0.646
SPIN 3 5 1 5 2.978 5.092 -0.455
SPIN 3 5 1 6 2.880 -4.691 2.168
SPIN 3 5 1 7 -2.627 -2.627 -4.604
SPIN 3 5 1 8 2.748 -0.399 -5.224
SPIN 3 5 1 9 2.182 -5.498 0.095
SPIN 3 5 1 10 -1.890 5.429 1.399
SPIN 3 5 1 11 -1.255 3.612 4.514
SPIN 3 5 1 12 1.595 -3.686 4.344
SPIN 3 5 1 13 5.124 -2.940 -0.325
SPIN 3 5 1 14 -3.622 4.606 -0.819
SPIN 3 5 1 15 1.247 1.792 5.499
SPIN 2 5 1 0 -5.577 1.962 -0.225
SPIN 2 5 1 1 -4.065 -4.299 -0.007
SPIN 2 5 1 2 5.218 -0.897 2.640
SPIN 2 5 1 3 -2.960 -0.484 5.100
SPIN 2 5 1 4 -2.464 1.516 -5.160
SPIN 2 5 1 5 -2.706 -0.225 5.256
SPIN 2 5 1 6 2.315 -5.101 1.902
SPIN 2 5 1 7 4.444 3.421 -1.885
SPIN 2 5 1 8 -1.420 -5.660 0.976
SPIN 2 5 1 9 5.179 0.899 2.714
SPIN 2 5 1 10 5.799 1.145 -0.240
SPIN 2 5 1 11 3.265 -4.625 1.718
SPIN 2 5 1 12 -1.284 5.774 0.095
SPIN 2 5 1 13 3.633 -2.673 3.828
SPIN 2 5 1 14 1.303 -4.026 -4.134
SPIN 2 5 1 15 -4.458 -2.214 -3.198
SPIN 3 5 2 0 1.361 -3.439 4.618
SPIN 3 5 2 1 4.385 3.971 -0.040
SPIN 3 5 2 2 -3.788 -3.300 -3.124
SPIN 3 5 2 3 2.078 5.539 0.019
SPIN 3 5 2 4 4.023 -1.531 4.059
SPIN 3 5 2 5 -3.362 2.554 -4.144
SPIN 3 5 2 6 -0.703 -5.439 2.218
SPIN 3 5 2 7 -1.719 -2.813 4.913
SPIN 3 5 2 8 -4.025 1.268 4.146
SPIN 3 5 2 9 -2.552 5.056 1.710
SPIN 3 5 2 10 -4.025 -0.278 -4.327
SPIN 3 5 2 11 0.748 -5.114 -2.878
SPIN 3 5 2 12 -1.183 0.323 -5.788
SPIN 3 5 2 13 0.024 -2.922 5.144
SPIN 3 5 2 14 -1.325 3.123 4.847
SPIN 3 5 2 15 3.837 4.228 1.551
SPIN 2 5 2 0 -2.828 3.835 3.507
SPIN 2 5 2 1 1.925 3.501 -4.364
SPIN 2 5 2 2 -2.018 -3.643 -4.202
SPIN 2 5 2 3 3.179 -3.855 3.167
SPIN 2 5 2 4 -1.358 5.647 1.127
SPIN 2 5 2 5 -4.603 -3.017 -2.170
SPIN 2 5 2 6 2.137 3.313 -4.411
SPIN 2 5 2 7 4.398 2.198 3.291
SPIN 2 5 2 8 -3.019 2.142 4.615
SPIN 2 5 2 9 0.038 -5.566 -2.003
SPIN 2 5 2 10 -4.859 2.641 -2.101
SPIN 2 5 2 11 4.896 -0.160 -3.318
SPIN 2 5 2 12 -2.446 1.093 5.275
SPIN 2 5 2 13 -5.592 1.913 -0.258
SPIN 2 5 2 14 5.851 -0.724 -0.493
SPIN 2 5 2 15 5.237 2.588 0.935
SPIN 3 5 3 0 -0.449 0.621 5.866
SPIN 3 5 3 1 0.380 2.224 -5.469
SPIN 3 5 3 2 -3.677 0.658 4.588
SPIN 3 5 3 3 3.572 -4.615 -0.969
SPIN 3 5 3 4 -4.270 -3.479 -2.160
SPIN 3 5 3 5 3.966 -0.067 4.389
SPIN 3 5 3 6 -0.913 1.641 5.610
SPIN 3 5 3 7 5.163 -2.339 -1.694
SPIN 3 5 3 8 -2.129 0.736 -5.471
SPIN 3 5 3 9 -5.113 -2.311 1.876
SPIN 3 5 3 10 1.046 -5.545 -1.776
SPIN 3 5 3 11 -2.890 2.903 -4.269
SPIN 3 5 3 12 2.237 -3.652 4.081
SPIN 3 5 3 13 -5.890 -0.519 0.204
SPIN 3 5 3 14 -0.248 -3.718 -4.595
SPIN 3 5 3 15 -0.025 3.871 4.474
SPIN 2 5 3 0 4.504 0.548 -3.797
SPIN 2 5 3 1 -4.298 -3.940 1.000
SPIN 2 5 3 2 -3.863 3.444 2.866
SPIN 2 5 3 3 -2.115 -5.515 0.330
SPIN 2 5 3 4 5.573 1.229 -1.559
SPIN 2 5 3 5 -5.080 -2.239 -2.045
SPIN 2 5 3 6 -1.346 5.397 -2.015
SPIN 2 5 3 7 -1.094 -5.323 -2.339
SPIN 2 5 3 8 1.793 5.259 -2.031
SPIN 2 5 3 9 0.360 -0.141 5.903
SPIN 2 5 3 10 4.201 2.148 -3.569
SPIN 2 5 3 11 -3.515 0.204 -4.754
SPIN 2 5 3 12 0.768 -5.802 -0.865
SPIN 2 5 3 13 5.632 1.655 0.739
SPIN 2 5 3 14 3.569 0.709 4.664
SPIN 2 5 3 15 -2.298 1.948 -5.092
SPIN 3 5 4 0 -4.418 3.931 0.152
SPIN 3 5 4 1 1.833 -5.616 -0.322
SPIN 3 5 4 2 1.789 -5.633 -0.261
SPIN 3 5 4 3 -1.768 5.273 2.018
SPIN 3 5 4 4 -2.926 0.842 5.072
SPIN 3 5 4 5 1.991 -3.006 -4.690
SPIN 3 5 4 6 -1.082 -5.443 2.051
SPIN 3 5 4 7 -2.302 5.449 0.124
SPIN 3 5 4 8 5.567 1.370 1.460
SPIN 3 5 4 9 0.280 1.122 5.802
SPIN 3 5 4 10 4.319 1.326 -3.820
SPIN 3 5 4 11 -0.533 -0.335 5.882
SPIN 3 5 4 12 3.207 4.242 -2.593
SPIN 3 5 4 13 0.874 -4.304 3.964
SPIN 3 5 4 14 -5.070 1.338 2.740
SPIN 3 5 4 15 -0.732 -1.406 -5.700
SPIN 2 5 4 0 -5.448 0.959 -2.097
SPIN 2 5 4 1 4.890 3.119 -1.164
SPIN 2 5 4 2 -2.765 -2.455 -4.618
SPIN 2 5 4 3 3.486 3.944 2.700
SPIN 2 5 4 4 -3.703 -1.305 4.426
SPIN 2 5 4 5 4.559 -0.967 -3.644
SPIN 2 5 4 6 -2.663 4.215 -3.185
SPIN 2 5 4 7 0.635 -4.225 -4.092
SPIN 2 5 4 8 -5.297 2.294 1.297
SPIN 2 5 4 9 -1.882 -2.610 -4.964
SPIN 2 5 4 10 -5.344 2.525 0.253
SPIN 2 5 4 11 -1.871 3.583 4.320
SPIN 2 5 4 12 5.645 0.028 -1.769
SPIN 2 5 4 13 -5.524 0.287 -2.098
SPIN 2 5 4 14 1.775 -5.643 -0.042
SPIN 2 5 4 15 1.881 5.449 1.331
SPIN 3 5 5 0 2.033 -2.417 -5.003
SPIN 3 5 5 1 3.205 -3.766 3.247
SPIN 3 5 5 2 -5.800 -0.540 -1.036
SPIN 3 5 5 3 2.034 -1.421 -5.371
SPIN 3 5 5 4 0.434 1.234 -5.770
SPIN 3 5 5 5 1.518 -1.720 5.453
SPIN 3 5 5 6 3.037 1.981 -4.674
SPIN 3 5 5 7 5.841 0.262 -0.905
SPIN 3 5 5 8 -3.871 -4.467 -0.246
SPIN 3 5 5 9 -3.881 4.441 -0.468
SPIN 3 5 5 10 4.483 -3.358 -1.905
SPIN 3 5 5 11 0.409 5.896 -0.259
SPIN 3 5 5 12 4.144 1.585 3.913
SPIN 3 5 5 13 -3.785 -3.715 -2.621
SPIN 3 5 5 14 3.881 0.204 -4.460
SPIN 3 5 5 15 -5.585 -1.575 1.154
SPIN 2 5 5 0 1.091 5.761 0.790
SPIN 2 5 5 1 2.551 2.034 4.935
SPIN 2 5 5 2 4.102 3.306 2.692
SPIN 2 5 5 3 0.536 -3.828 4.479
SPIN 2 5 5 4 2.925 -4.241 -2.909
SPIN 2 5 5 5 -3.402 4.085 2.595
SPIN 2 5 5 6 0.296 -5.799 1.131
SPIN 2 5 5 7 -5.170 0.273 -2.863
SPIN 2 5 5 8 -5.180 -0.596 2.795
SPIN 2 5 5 9 4.306 1.626 -3.716
SPIN 2 5 5 10 -3.341 -0.480 -4.859
SPIN 2 5 5 11 -4.284 -0.736 4.013
SPIN 2 5 5 12 3.586 -4.654 -0.694
SPIN 2 5 5 13 3.467 -4.142 -2.413
SPIN 2 5 5 14 -4.254 4.037 -0.777
SPIN 2 5 5 15 -3.143 1.946 -4.619
SPIN 3 5 6 0 1.746 5.471 -1.420
SPIN 3 5 6 1 -5.810 1.115 0.041
SPIN 3 5 6 2 -4.430 -2.989 -2.538
SPIN 3 5 6 3 -0.743 2.182 -5.448
SPIN 3 5 6 4 2.977 -3.639 3.591
SPIN 3 5 6 5 3.382 2.108 -4.372
SPIN 3 5 6 6 -3.567 -0.734 4.663
SPIN 3 5 6 7 3.735 4.102 2.055
SPIN 3 5 6 8 4.057 4.241 0.744
SPIN 3 5 6 9 -0.440 5.798 1.089
SPIN 3 5 6 10 -4.956 0.319 3.216
SPIN 3 5 6 11 -3.106 -1.231 -4.882
SPIN 3 5 6 12 3.671 -4.427 1.390
SPIN 3 5 6 13 -1.272 1.507 5.578
SPIN 3 5 6 14 -1.893 -2.784 4.865
SPIN 3 5 6 15 4.946 1.514 -2.872
SPIN 2 5 6 0 4.710 -3.157 -1.688
SPIN 2 5 6 1 -2.256 5.300 1.348
SPIN 2 5 6 2 -1.837 -5.370 1.669
SPIN 2 5 6 3 5.165 2.479 -1.475
SPIN 2 5 6 4 -5.281 2.642 0.366
SPIN 2 5 6 5 4.462 -2.331 3.108
SPIN 2 5 6 6 -2.577 0.378 5.312
SPIN 2 5 6 7 1.966 -5.413 1.354
SPIN 2 5 6 8 5.738 -1.192 -0.808
SPIN 2 5 6 9 5.789 -0.326 -1.174
SPIN 2 5 6 10 -0.533 4.971 3.163
SPIN 2 5 6 11 0.950 -0.968 -5.759
SPIN 2 5 6 12 1.439 -4.362 3.729
SPIN 2 5 6 13 -2.917 0.911 -5.066
SPIN 2 5 6 14 3.718 4.595 0.246
SPIN 2 5 6 15 1.454 -0.668 -5.696
SPIN 3 5 7 0 3.197 3.137 3.865
SPIN 3 5 7 1 0.855 0.295 -5.847
SPIN 3 5 7 2 -0.869 -3.908 -4.356
SPIN 3 5 7 3 -1.402 0.772 5.695
SPIN 3 5 7 4 -3.801 1.870 -4.130
SPIN 3 5 7 5 5.704 -0.766 1.369
SPIN 3 5 7 6 4.526 -1.546 -3.483
SPIN 3 5 7 7 -5.166 0.527 -2.834
SPIN 3 5 7 8 1.845 -0.938 5.542
SPIN 3 5 7 9 -5.498 -2.068 -0.705
SPIN 3 5 7 10 -0.448 5.854 0.727
SPIN 3 5 7 11 -2.223 -4.611 2.967
SPIN 3 5 7 12 -1.352 5.672 -0.999
SPIN 3 5 7 13 5.830 0.421 -0.910
SPIN 3 5 7 14 2.996 -1.438 -4.895
SPIN 3 5 7 15 -0.767 1.563 5.654
SPIN 2 5 7 0 -3.980 -4.376 -0.082
SPIN 2 5 7 1 -4.370 1.895 -3.509
SPIN 2 5 7 2 1.407 2.401 5.221
SPIN 2 5 7 3 -1.980 -3.329 -4.472
SPIN 2 5 7 4 -4.870 -2.908 -1.681
SPIN 2 5 7 5 0.797 1.932 -5.535
SPIN 2 5 7 6 1.695 -3.263 -4.635
SPIN 2 5 7 7 -4.073 4.006 -1.539
SPIN 2 5 7 8 4.802 -2.773 -2.063
SPIN 2 5 7 9 4.338 2.953 -2.731
SPIN 2 5 7 10 -0.620 -5.864 -0.478
SPIN 2 5 7 11 -5.171 0.608 -2.809
SPIN 2 5 7 12 -0.779 -1.279 -5.723
SPIN 2 5 7 13 2.204 -3.889 3.875
SPIN 2 5 7 14 -5.532 -2.095 -0.115
SPIN 2 5 7 15 4.897 -0.948 -3.181
SPIN 3 5 8 0 -3.254 4.797 -1.187
SPIN 3 5 8 1 -4.800 3.427 -0.464
SPIN 3 5 8 2 3.207 -3.902 3.081
SPIN 3 5 8 3 -0.097 -1.781 5.641
SPIN 3 5 8 4 5.190 -0.795 2.726
SPIN 3 5 8 5 -3.015 -4.810 -1.664
SPIN 3 5 8 6 -4.991 -2.731 1.621
SPIN 3 5 8 7 2.291 4.389 3.238
SPIN 3 5 8 8 -2.278 -5.375 -0.957
SPIN 3 5 8 9 -4.920 -2.423 -2.218
SPIN 3 5 8 10 1.006 -0.607 -5.798
SPIN 3 5 8 11 2.169 5.337 1.345
SPIN 3 5 8 12 -4.092 -4.271 -0.121
SPIN 3 5 8 13 1.134 -2.845 5.062
SPIN 3 5 8 14 2.366 0.593 5.390
SPIN 3 5 8 15 4.966 1.557 2.813
SPIN 2 5 8 0 -4.267 -4.094 -0.181
SPIN 2 5 8 1 4.439 -3.695 1.283
SPIN 2 5 8 2 -5.486 2.048 0.839
SPIN 2 5 8 3 -3.935 3.730 -2.366
SPIN 2 5 8 4 3.138 -3.061 -3.973
SPIN 2 5 8 5 -4.324 -2.198 3.387
SPIN 2 5 8 6 4.691 -2.586 2.511
SPIN 2 5 8 7 -0.651 -4.945 3.182
SPIN 2 5 8 8 4.927 0.507 -3.235
SPIN 2 5 8 9 0.104 -5.914 -0.126
SPIN 2 5 8 10 -4.435 3.286 -2.129
SPIN 2 5 8 11 3.238 -4.942 0.304
SPIN 2 5 8 12 2.541 4.949 -2.012
SPIN 2 5 8 13 -2.228 5.256 -1.552
SPIN 2 5 8 14 3.860 -3.107 -3.233
SPIN 2 5 8 15 -0.106 5.347 2.529
SPIN 3 5 9 0 1.863 5.577 -0.649
SPIN 3 5 9 1 -0.556 2.318 5.415
SPIN 3 5 9 2 -1.247 -5.646 1.251
SPIN 3 5 9 3 2.388 2.044 5.012
SPIN 3 5 9 4 -4.685 1.683 -3.196
SPIN 3 5 9 5 4.235 2.873 2.967
SPIN 3 5 9 6 -4.799 2.924 -1.849
SPIN 3 5 9 7 3.002 3.479 -3.727
SPIN 3 5 9 8 -4.884 -0.821 -3.236
SPIN 3 5 9 9 4.453 -3.763 1.006
SPIN 3 5 9 10 2.136 1.217 -5.381
SPIN 3 5 9 11 2.402 0.784 -5.349
SPIN 3 5 9 12 4.393 -2.752 2.851
SPIN 3 5 9 13 -3.647 3.723 2.801
SPIN 3 5 9 14 1.217 -1.362 -5.627
SPIN 3 5 9 15 -4.224 -4.026 -0.972
SPIN 2 5 9 0 -0.833 -1.287 5.714
SPIN 2 5 9 1 0.479 4.995 -3.134
SPIN 2 5 9 2 -0.233 -1.742 5.649
SPIN 2 5 9 3 0.723 3.795 -4.481
SPIN 2 5 9 4 -2.965 4.739 -1.937
SPIN 2 5 9 5 0.979 0.266 5.829
SPIN 2 5 9 6 -3.455 4.771 -0.544
SPIN 2 5 9 7 0.981 -2.605 -5.221
SPIN 2 5 9 8 -3.196 0.350 4.966
SPIN 2 5 9 9 -0.129 4.407 3.945
SPIN 2 5 9 10 -1.940 -2.279 5.103
SPIN 2 5 9 11 -2.930 -4.952 -1.377
SPIN 2 5 9 12 -4.184 1.799 3.777
SPIN 2 5 9 13 5.149 0.129 -2.910
SPIN 2 5 9 14 3.675 -2.032 -4.168
SPIN 2 5 9 15 5.248 2.406 1.294
SPIN 3 5 10 0 5.766 1.303 -0.246
SPIN 3 5 10 1 -5.007 3.004 0.953
SPIN 3 5 10 2 -4.111 0.199 4.250
SPIN 3 5 10 3 4.540 -2.014 -3.214
SPIN 3 5 10 4 2.760 -4.882 1.883
SPIN 3 5 10 5 -5.633 1.559 -0.919
SPIN 3 5 10 6 -0.671 5.433 2.243
SPIN 3 5 10 7 -4.009 -1.619 -4.038
SPIN 3 5 10 8 5.403 -2.180 1.028
SPIN 3 5 10 9 1.200 0.941 5.716
SPIN 3 5 10 10 -2.070 -4.082 -3.749
SPIN 3 5 10 11 4.255 -3.764 1.650
SPIN 3 5 10 12 -3.008 -4.885 -1.447
SPIN 3 5 10 13 0.669 -5.548 -1.943
SPIN 3 5 10 14 -3.422 2.121 4.335
SPIN 3 5 10 15 0.118 -5.867 -0.753
SPIN 2 5 10 0 -5.238 -1.291 2.427
SPIN 2 5 10 1 -4.964 2.754 1.666
SPIN 2 5 10 2 1.458 4.932 2.923
SPIN 2 5 10 3 2.208 2.573 4.848
SPIN 2 5 10 4 3.889 1.204 -4.293
SPIN 2 5 10 5 5.527 -0.629 2.014
SPIN 2 5 10 6 -0.449 4.674 3.599
SPIN 2 5 10 7 -1.759 4.065 -3.921
SPIN 2 5 10 8 -0.723 -5.790 -0.978
SPIN 2 5 10 9 -4.382 3.793 -1.189
SPIN 2 5 10 10 -0.174 -5.429 -2.343
SPIN 2 5 10 11 2.541 3.742 3.813
SPIN 2 5 10 12 3.432 -3.442 -3.372
SPIN 2 5 10 13 2.712 -0.804 5.196
SPIN 2 5 10 14 1.773 3.502 4.426
SPIN 2 5 10 15 -3.769 -4.455 0.977
SPIN 3 5 11 0 2.703 -4.460 -2.793
SPIN 3 5 11 1 3.703 -3.363 3.158
SPIN 3 5 11 2 -2.897 -2.471 -4.528
SPIN 3 5 11 3 -5.596 0.964 -1.659
SPIN 3 5 11 4 5.819 -0.076 1.066
SPIN 3 5 11 5 5.898 -0.040 0.459
SPIN 3 5 11 6 -4.317 1.553 -3.735
SPIN 3 5 11 7 0.835 2.759 5.166
SPIN 3 5 11 8 -0.021 5.906 -0.343
SPIN 3 5 11 9 3.895 -4.293 1.184
SPIN 3 5 11 10 -2.410 1.197 5.269
SPIN 3 5 11 11 0.981 5.273 -2.497
SPIN 3 5 11 12 -3.919 2.808 -3.429
SPIN 3 5 11 13 2.874 4.132 -3.110
SPIN 3 5 11 14 -3.065 -0.850 -4.988
SPIN 3 5 11 15 -5.718 -0.223 -1.501
SPIN 2 5 11 0 -2.162 5.306 1.473
SPIN 2 5 11 1 4.567 3.045 2.207
SPIN 2 5 11 2 2.434 3.698 -3.925
SPIN 2 5 11 3 0.585 -4.744 -3.486
SPIN 2 5 11 4 -5.713 -0.708 -1.365
SPIN 2 5 11 5 -5.860 -0.734 0.349
SPIN 2 5 11 6 -0.074 -4.078 -4.285
SPIN 2 5 11 7 4.158 1.168 -4.043
SPIN 2 5 11 8 -3.891 3.384 2.901
SPIN 2 5 11 9 -5.756 -0.832 -1.084
SPIN 2 5 11 10 0.579 3.993 -4.327
SPIN 2 5 11 11 4.985 -3.062 0.876
SPIN 2 5 11 12 -3.927 -3.367 -2.871
SPIN 2 5 11 13 3.823 -4.243 1.545
SPIN 2 5 11 14 -5.847 -0.506 -0.750
SPIN 2 5 11 15 -1.945 2.445 -5.024
SPIN 3 5 12 0 4.048 -4.203 0.974
SPIN 3 5 12 1 -4.127 3.613 2.217
SPIN 3 5 12 2 3.437 -2.910 -3.837
SPIN 3 5 12 3 -5.043 -0.405 3.067
SPIN 3 5 12 4 -0.301 5.716 -1.496
SPIN 3 5 12 5 4.305 -2.000 3.530
SPIN 3 5 12 6 -5.303 -1.777 -1.929
SPIN 3 5 12 7 1.371 2.084 -5.364
SPIN 3 5 12 8 5.173 -2.697 0.983
SPIN 3 5 12 9 -0.320 2.849 -5.175
SPIN 3 5 12 10 0.978 -1.127 -5.725
SPIN 3 5 12 11 0.309 -5.863 0.731
SPIN 3 5 12 12 0.928 0.740 -5.796
SPIN 3 5 12 13 0.152 -1.346 5.759
SPIN 3 5 12 14 4.505 2.227 -3.122
SPIN 3 5 12 15 2.117 -4.023 3.786
SPIN 2 5 12 0 4.144 -2.557 3.360
SPIN 2 5 12 1 5.265 2.674 -0.358
SPIN 2 5 12 2 1.513 -2.474 5.157
SPIN 2 5 12 3 1.785 -3.939 4.037
SPIN 2 5 12 4 -0.539 4.148 -4.183
SPIN 2 5 12 5 -2.060 -4.194 -3.629
SPIN 2 5 12 6 5.100 -2.388 1.815
SPIN 2 5 12 7 3.986 0.967 4.264
SPIN 2 5 12 8 -1.421 -1.936 -5.407
SPIN 2 5 12 9 0.133 -5.022 3.125
SPIN 2 5 12 10 -0.053 -5.797 1.178
SPIN 2 5 12 11 -3.462 1.792 4.450
SPIN 2 5 12 12 -4.273 -4.088 -0.158
SPIN 2 5 12 13 -1.543 -4.739 -3.188
SPIN 2 5 12 14 -5.644 0.404 -1.728
SPIN 2 5 12 15 1.400 -4.951 -2.920
SPIN 3 5 13 0 -3.290 -4.908 0.288
SPIN 3 5 13 1 0.611 -2.938 5.099
SPIN 3 5 13 2 -2.598 0.542 -5.287
SPIN 3 5 13 3 -5.179 -2.469 -1.444
SPIN 3 5 13 4 5.265 2.251 1.489
SPIN 3 5 13 5 1.568 -2.190 -5.268
SPIN 3 5 13 6 0.195 5.909 0.204
SPIN 3 5 13 7 -5.143 2.003 2.130
SPIN 3 5 13 8 -5.200 2.179 -1.791
SPIN 3 5 13 9 -2.699 3.989 -3.435
SPIN 3 5 13 10 -3.104 2.450 4.400
SPIN 3 5 13 11 -0.107 4.076 -4.287
SPIN 3 5 13 12 4.531 0.188 -3.799
SPIN 3 5 13 13 -1.733 5.337 -1.875
SPIN 3 5 13 14 -1.204 -5.792 -0.052
SPIN 3 5 13 15 -0.215 -3.359 -4.866
SPIN 2 5 13 0 -2.548 -4.149 -3.360
SPIN 2 5 13 1 -3.111 4.993 0.628
SPIN 2 5 13 2 -2.055 -5.504 -0.693
SPIN 2 5 13 3 4.998 3.159 0.215
SPIN 2 5 13 4 -1.945 5.432 -1.307
SPIN 2 5 13 5 1.292 4.237 3.921
SPIN 2 5 13 6 0.154 -1.827 -5.625
SPIN 2 5 13 7 -3.960 -1.979 3.924
SPIN 2 5 13 8 3.646 0.326 -4.647
SPIN 2 5 13 9 -0.416 0.144 -5.900
SPIN 2 5 13 10 -1.082 5.753 0.858
SPIN 2 5 13 11 -5.122 -0.797 -2.851
SPIN 2 5 13 12 -0.254 5.749 -1.372
SPIN 2 5 13 13 -4.448 3.836 -0.711
SPIN 2 5 13 14 4.565 -2.498 -2.814
SPIN 2 5 13 15 -2.018 -2.997 4.685
SPIN 3 5 14 0 2.776 2.586 4.540
SPIN 3 5 14 1 2.415 -5.133 -1.678
SPIN 3 5 14 2 5.638 -1.645 -0.710
SPIN 3 5 14 3 1.271 1.040 -5.684
SPIN 3 5 14 4 2.009 -5.358 1.500
SPIN 3 5 14 5 -2.518 4.397 -3.054
SPIN 3 5 14 6 0.420 -5.297 -2.600
SPIN 3 5 14 7 3.533 2.854 3.792
SPIN 3 5 14 8 -2.391 -4.795 2.508
SPIN 3 5 14 9 1.910 4.937 -2.641
SPIN 3 5 14 10 3.530 4.731 0.399
SPIN 3 5 14 11 -0.072 -4.762 -3.510
SPIN 3 5 14 12 -2.903 -1.262 -4.998
SPIN 3 5 14 13 -4.668 -0.368 -3.616
SPIN 3 5 14 14 3.780 4.512 0.590
SPIN 3 5 14 15 -2.013 -4.234 -3.608
SPIN 2 5 14 0 0.530 2.418 5.373
SPIN 2 5 14 1 -5.802 0.806 -0.830
SPIN 2 5 14 2 -4.579 -2.860 2.420
SPIN 2 5 14 3 5.766 -1.319 -0.105
SPIN 2 5 14 4 -5.186 2.070 1.956
SPIN 2 5 14 5 -5.874 -0.051 0.700
SPIN 2 5 14 6 -0.902 4.746 -3.415
SPIN 2 5 14 7 -3.263 -0.477 4.912
SPIN 2 5 14 8 -1.180 -3.606 4.539
SPIN 2 5 14 9 0.088 2.393 5.410
SPIN 2 5 14 10 1.055 -5.547 1.766
SPIN 2 5 14 11 2.041 2.452 4.982
SPIN 2 5 14 12 -5.775 0.478 1.193
SPIN 2 5 14 13 3.425 -3.773 -3.005
SPIN 2 5 14 14 -0.948 5.143 -2.767
SPIN 2 5 14 15 -2.561 -5.192 1.218
SPIN 3 5 15 0 -5.101 -1.965 2.263
SPIN 3 5 15 1 3.590 1.019 -4.591
SPIN 3 5 15 2 -4.864 3.365 0.160
SPIN 3 5 15 3 -1.439 -4.377 3.711
SPIN 3 5 15 4 -3.679 4.098 2.162
SPIN 3 5 15 5 -0.112 -5.179 2.857
SPIN 3 5 15 6 1.957 5.562 -0.486
SPIN 3 5 15 7 -1.908 -5.507 -1.018
SPIN 3 5 15 8 -4.586 3.699 -0.534
SPIN 3 5 15 9 4.875 -0.184 -3.347
SPIN 3 5 15 10 5.794 -1.193 -0.006
SPIN 3 5 15 11 -2.496 0.126 -5.362
SPIN 3 5 15 12 5.844 -0.558 0.734
SPIN 3 5 15 13 3.850 -3.723 -2.512
SPIN 3 5 15 14 -4.116 1.478 3.984
SPIN 3 5 15 15 -0.933 0.151 -5.840
SPIN 2 5 15 0 -5.274 -2.680 0.093
SPIN 2 5 15 1 3.798 1.503 4.280
SPIN 2 5 15 2 -1.044 -4.208 4.026
SPIN 2 5 15 3 5.149 2.495 1.502
SPIN 2 5 15 4 0.274 -1.681 -5.666
SPIN 2 5 15 5 -2.546 0.082 5.340
SPIN 2 5 15 6 3.580 -4.617 -0.931
SPIN 2 5 15 7 -4.703 0.985 -3.451
SPIN 2 5 15 8 4.984 0.583 -3.134
SPIN 2 5 15 9 -5.572 0.680 1.870
SPIN 2 5 15 10 5.494 -2.188 0.160
SPIN 2 5 15 11 1.023 0.541 -5.802
SPIN 2 5 15 12 -4.722 -1.109 -3.387
SPIN 2 5 15 13 -2.607 -1.486 5.099
SPIN 2 5 15 14 -4.962 -2.826 -1.547
SPIN 2 5 15 15 5.661 -0.058 1.717
SPIN 1 6 0 0 -3.574 -2.227 -4.156
SPIN 1 6 0 1 3.357 4.422 -2.043
SPIN 1 6 0 2 5.916 -0.058 0.037
SPIN 1 6 0 3 -2.554 -4.375 3.056
SPIN 1 6 0 4 -0.062 -4.678 -3.621
SPIN 1 6 0 5 -0.342 -2.851 5.172
SPIN 1 6 0 6 -0.738 -4.832 -3.332
SPIN 1 6 0 7 -5.615 -1.814 0.427
SPIN 1 6 0 8 5.321 -2.129 1.468
SPIN 1 6 0 9 2.511 4.771 2.435
SPIN 1 6 0 10 -0.483 2.443 -5.367
SPIN 1 6 0 11 1.543 -4.298 3.761
SPIN 1 6 0 12 5.693 1.373 -0.836
SPIN 1 6 0 13 0.788 -5.510 2.005
SPIN 1 6 0 14 -3.621 3.252 -3.364
SPIN 1 6 0 15 -2.695 4.900 1.929
SPIN 4 6 0 0 -1.289 2.691 5.109
SPIN 4 6 0 1 -0.891 -1.556 -5.638
SPIN 4 6 0 2 0.119 1.011 5.828
SPIN 4 6 0 3 4.735 3.197 -1.536
SPIN 4 6 0 4 -1.545 5.336 -2.035
SPIN 4 6 0 5 4.610 1.151 -3.525
SPIN 4 6 0 6 -5.306 -0.156 -2.613
SPIN 4 6 0 7 5.535 1.690 1.230
SPIN 4 6 0 8 0.245 -5.073 -3.034
SPIN 4 6 0 9 -2.079 5.226 -1.836
SPIN 4 6 0 10 -1.194 -1.757 5.521
SPIN 4 6 0 11 -0.491 1.190 -5.774
SPIN 4 6 0 12 1.351 -5.560 1.504
SPIN 4 6 0 13 3.115 4.561 -2.121
SPIN 4 6 0 14 3.054 -2.045 4.636
SPIN 4 6 0 15 3.841 3.591 -2.712
SPIN 1 6 1 0 -3.304 2.863 3.986
SPIN 1 6 1 1 3.863 4.478 0.158
SPIN 1 6 1 2 -3.386 3.882 2.910
SPIN 1 6 1 3 -1.760 -4.276 3.690
SPIN 1 6 1 4 2.587 -3.267 -4.199
SPIN 1 6 1 5 -2.672 -2.664 4.557
SPIN 1 6 1 6 3.880 2.807 3.474
SPIN 1 6 1 7 -5.552 -0.753 1.901
SPIN 1 6 1 8 -5.292 -2.528 0.775
SPIN 1 6 1 9 -4.387 1.674 3.598
SPIN 1 6 1 10 -0.002 3.523 4.753
SPIN 1 6 1 11 4.078 3.871 -1.839
SPIN 1 6 1 12 -0.689 -5.515 2.027
SPIN 1 6 1 13 -5.569 1.744 0.970
SPIN 1 6 1 14 -0.994 -3.268 -4.830
SPIN 1 6 1 15 1.961 -0.050 5.581
SPIN 4 6 1 0 -0.712 -5.493 -2.079
SPIN 4 6 1 1 5.479 2.135 0.646
SPIN 4 6 1 2 -1.916 -0.210 -5.593
SPIN 4 6 1 3 -2.612 4.025 3.461
SPIN 4 6 1 4 0.682 -0.818 -5.819
SPIN 4 6 1 5 -3.975 -0.329 -4.370
SPIN 4 6 1 6 0.552 0.209 5.887
SPIN 4 6 1 7 3.101 -2.366 4.448
SPIN 4 6 1 8 0.454 5.819 -0.967
SPIN 4 6 1 9 -3.818 -4.510 -0.301
SPIN 4 6 1 10 0.209 5.361 2.494
SPIN 4 6 1 11 -1.342 4.087 4.062
SPIN 4 6 1 12 -0.743 2.792 -5.163
SPIN 4 6 1 13 -1.847 -1.266 5.476
SPIN 4 6 1 14 -1.194 3.877 -4.306
SPIN 4 6 1 15 0.531 -4.891 3.286
SPIN 1 6 2 0 5.088 2.636 1.469
SPIN 1 6 2 1 -3.329 -4.528 1.848
SPIN 1 6 2 2 -3.589 3.211 -3.436
SPIN 1 6 2 3 -3.663 -1.456 -4.412
SPIN 1 6 2 4 0.728 -0.457 5.853
SPIN 1 6 2 5 1.641 0.868 -5.617
SPIN 1 6 2 6 -5.353 -2.508 -0.236
SPIN 1 6 2 7 2.256 1.182 5.340
SPIN 1 6 2 8 3.100 -5.039 -0.005
SPIN 1 6 2 9 0.562 -0.800 5.835
SPIN 1 6 2 10 -2.960 -1.361 4.938
SPIN 1 6 2 11 -1.936 -5.299 1.780
SPIN 1 6 2 12 -3.330 -4.877 0.356
SPIN 1 6 2 13 -1.782 3.998 -3.980
SPIN 1 6 2 14 -1.119 4.474 3.705
SPIN 1 6 2 15 3.272 -4.685 -1.530
SPIN 4 6 2 0 -2.310 -5.061 2.014
SPIN 4 6 2 1 -1.945 -2.579 4.956
SPIN 4 6 2 2 2.677 0.015 5.276
SPIN 4 6 2 3 0.908 -4.500 -3.732
SPIN 4 6 2 4 -1.942 0.914 5.513
SPIN 4 6 2 5 -0.745 5.486 -2.085
SPIN 4 6 2 6 1.925 0.298 -5.586
SPIN 4 6 2 7 -3.133 -4.832 -1.355
SPIN 4 6 2 8 2.160 5.427 0.941
SPIN 4 6 2 9 -2.828 -5.196 -0.043
SPIN 4 6 2 10 1.556 5.262 2.211
SPIN 4 6 2 11 1.613 -5.091 -2.546
SPIN 4 6 2 12 -3.882 2.433 3.744
SPIN 4 6 2 13 0.444 5.731 -1.399
SPIN 4 6 2 14 1.044 -2.842 5.082
SPIN 4 6 2 15 0.755 5.176 -2.763
SPIN 1 6 3 0 -5.652 0.719 1.594
SPIN 1 6 3 1 -3.407 2.743 -3.983
SPIN 1 6 3 2 2.386 5.338 -0.904
SPIN 1 6 3 3 5.155 2.862 -0.485
SPIN 1 6 3 4 -2.478 2.505 -4.753
SPIN 1 6 3 5 2.548 -4.123 3.393
SPIN 1 6 3 6 0.077 -0.131 5.914
SPIN 1 6 3 7 -0.678 -5.486 2.108
SPIN 1 6 3 8 1.871 5.080 -2.385
SPIN 1 6 3 9 -4.416 3.731 1.256
SPIN 1 6 3 10 -3.450 -3.112 -3.662
SPIN 1 6 3 11 3.265 0.906 4.850
SPIN 1 6 3 12 3.410 -1.547 -4.580
SPIN 1 6 3 13 3.804 -0.579 4.494
SPIN 1 6 3 14 4.348 2.058 3.443
SPIN 1 6 3 15 0.093 3.155 -5.004
SPIN 4 6 3 0 2.822 1.461 -4.990
SPIN 4 6 3 1 -4.132 -3.520 2.354
SPIN 4 6 3 2 -3.559 -0.759 4.665
SPIN 4 6 3 3 5.871 -0.728 -0.008
SPIN 4 6 3 4 -5.763 0.034 -1.336
SPIN 4 6 3 5 2.576 5.237 -0.967
SPIN 4 6 3 6 2.156 5.364 1.258
SPIN 4 6 3 7 -2.380 -4.010 -3.641
SPIN 4 6 3 8 -2.034 4.891 2.634
SPIN 4 6 3 9 2.012 1.555 -5.342
SPIN 4 6 3 10 2.202 5.163 -1.870
SPIN 4 6 3 11 -2.902 4.442 2.617
SPIN 4 6 3 12 2.920 4.629 2.245
SPIN 4 6 3 13 2.064 -1.221 -5.408
SPIN 4 6 3 14 4.570 -1.483 3.451
SPIN 4 6 3 15 3.808 -2.226 3.943
SPIN 1 6 4 0 -1.183 -1.649 -5.557
SPIN 1 6 4 1 1.958 0.625 5.547
SPIN 1 6 4 2 0.719 -4.205 -4.099
SPIN 1 6 4 3 -4.497 2.047 -3.254
SPIN 1 6 4 4 -1.104 -5.793 0.474
SPIN 1 6 4 5 -2.732 -2.468 -4.631
SPIN 1 6 4 6 -5.741 1.427 -0.021
SPIN 1 6 4 7 -1.317 5.482 -1.794
SPIN 1 6 4 8 -1.122 -1.818 5.517
SPIN 1 6 4 9 1.319 -3.588 -4.515
SPIN 1 6 4 10 5.137 -1.823 2.300
SPIN 1 6 4 11 5.405 -2.406 0.061
SPIN 1 6 4 12 -3.383 -4.826 0.515
SPIN 1 6 4 13 -0.056 3.157 -5.003
SPIN 1 6 4 14 0.513 5.852 0.699
SPIN 1 6 4 15 -5.074 -1.184 -2.803
SPIN 4 6 4 0 0.964 -5.675 -1.367
SPIN 4 6 4 1 -3.801 4.338 1.315
SPIN 4 6 4 2 5.815 0.007 1.090
SPIN 4 6 4 3 -4.530 -3.180 -2.089
SPIN 4 6 4 4 5.438 2.221 0.706
SPIN 4 6 4 5 -4.264 -1.175 3.929
SPIN 4 6 4 6 0.173 2.822 -5.197
SPIN 4 6 4 7 2.408 -3.120 4.412
SPIN 4 6 4 8 -5.370 1.575 1.921
SPIN 4 6 4 9 1.095 -3.671 -4.509
SPIN 4 6 4 10 -4.293 2.094 -3.491
SPIN 4 6 4 11 -1.356 1.570 5.540
SPIN 4 6 4 12 -2.439 -1.655 -5.129
SPIN 4 6 4 13 4.680 2.709 2.400
SPIN 4 6 4 14 -1.342 -0.067 -5.761
SPIN 4 6 4 15 -2.038 5.304 -1.646
SPIN 1 6 5 0 3.357 -4.719 1.210
SPIN 1 6 5 1 -3.523 -1.241 4.588
SPIN 1 6 5 2 -5.087 -3.015 0.172
SPIN 1 6 5 3 5.252 -2.578 -0.874
SPIN 1 6 5 4 3.814 -0.402 4.504
SPIN 1 6 5 5 3.350 4.858 -0.424
SPIN 1 6 5 6 -3.027 -1.894 4.717
SPIN 1 6 5 7 -1.624 3.391 4.567
SPIN 1 6 5 8 5.437 -2.061 -1.094
SPIN 1 6 5 9 2.659 -2.221 -4.796
SPIN 1 6 5 10 3.829 0.018 4.510
SPIN 1 6 5 11 -3.331 -3.450 3.465
SPIN 1 6 5 12 4.247 4.099 -0.405
SPIN 1 6 5 13 -5.594 1.219 -1.489
SPIN 1 6 5 14 4.014 3.250 -2.885
SPIN 1 6 5 15 -4.062 2.413 -3.560
SPIN 4 6 5 0 0.298 -5.367 -2.471
SPIN 4 6 5 1 5.380 2.440 0.325
SPIN 4 6 5 2 -4.328 0.627 3.985
SPIN 4 6 5 3 5.450 -2.257 -0.447
SPIN 4 6 5 4 -3.695 2.258 4.031
SPIN 4 6 5 5 1.403 -5.624 -1.182
SPIN 4 6 5 6 4.834 3.043 1.542
SPIN 4 6 5 7 4.563 -3.763 -0.132
SPIN 4 6 5 8 -2.703 4.547 2.649
SPIN 4 6 5 9 -2.289 5.454 0.123
SPIN 4 6 5 10 -0.689 0.118 -5.875
SPIN 4 6 5 11 2.261 -5.264 1.476
SPIN 4 6 5 12 -0.240 3.598 -4.690
SPIN 4 6 5 13 -2.164 -0.516 5.482
SPIN 4 6 5 14 1.735 -5.656 -0.028
SPIN 4 6 5 15 3.851 -3.919 2.192
SPIN 1 6 6 0 -5.861 0.141 -0.791
SPIN 1 6 6 1 -2.404 -5.302 1.054
SPIN 1 6 6 2 4.267 -3.340 -2.374
SPIN 1 6 6 3 -4.669 3.223 1.677
SPIN 1 6 6 4 4.398 3.549 -1.750
SPIN 1 6 6 5 0.968 1.416 5.662
SPIN 1 6 6 6 -5.800 0.369 -1.104
SPIN 1 6 6 7 -5.700 1.582 0.063
SPIN 1 6 6 8 5.824 -1.036 -0.085
SPIN 1 6 6 9 -4.553 -3.476 -1.478
SPIN 1 6 6 10 4.428 -3.923 0.043
SPIN 1 6 6 11 3.035 2.227 4.564
SPIN 1 6 6 12 0.767 -2.166 -5.451
SPIN 1 6 6 13 -2.862 0.170 5.175
SPIN 1 6 6 14 -0.762 1.660 -5.627
SPIN 1 6 6 15 -0.049 2.876 -5.170
SPIN 4 6 6 0 -0.813 -5.859 0.080
SPIN 4 6 6 1 3.490 3.800 -2.895
SPIN 4 6 6 2 -1.969 -3.536 -4.315
SPIN 4 6 6 3 -2.482 2.013 4.979
SPIN 4 6 6 4 -4.895 -2.763 1.846
SPIN 4 6 6 5 -4.366 2.565 -3.060
SPIN 4 6 6 6 5.363 -0.252 -2.485
SPIN 4 6 6 7 -5.139 -1.993 -2.150
SPIN 4 6 6 8 1.064 -3.260 4.821
SPIN 4 6 6 9 -4.317 -3.594 1.856
SPIN 4 6 6 10 5.496 -1.083 -1.902
SPIN 4 6 6 11 5.520 1.540 1.470
SPIN 4 6 6 12 5.535 1.362 -1.584
SPIN 4 6 6 13 -5.627 1.111 1.451
SPIN 4 6 6 14 -4.277 -0.958 3.974
SPIN 4 6 6 15 -2.842 3.927 -3.391
SPIN 1 6 7 0 4.460 -3.617 -1.424
SPIN 1 6 7 1 1.312 2.719 5.087
SPIN 1 6 7 2 -4.029 -1.593 4.029
SPIN 1 6 7 3 5.362 -2.372 -0.793
SPIN 1 6 7 4 5.533 -0.040 2.094
SPIN 1 6 7 5 -1.522 4.998 2.776
SPIN 1 6 7 6 -5.256 -1.228 2.423
SPIN 1 6 7 7 0.738 -0.725 5.825
SPIN 1 6 7 8 -3.768 0.947 4.462
SPIN 1 6 7 9 0.434 3.310 -4.884
SPIN 1 6 7 10 -3.659 0.394 -4.632
SPIN 1 6 7 11 1.891 0.226 -5.601
SPIN 1 6 7 12 -5.728 0.648 -1.332
SPIN 1 6 7 13 0.029 -1.506 -5.721
SPIN 1 6 7 14 2.588 4.460 -2.899
SPIN 1 6 7 15 -4.404 1.776 3.528
SPIN 4 6 7 0 4.755 3.519 0.046
SPIN 4 6 7 1 2.654 3.248 -4.172
SPIN 4 6 7 2 2.110 -4.821 2.704
SPIN 4 6 7 3 -1.490 4.875 3.002
SPIN 4 6 7 4 -3.872 4.040 -1.921
SPIN 4 6 7 5 2.158 5.063 2.171
SPIN 4 6 7 6 -5.747 -1.258 -0.621
SPIN 4 6 7 7 0.562 0.098 -5.889
SPIN 4 6 7 8 -1.483 2.985 -4.888
SPIN 4 6 7 9 -3.259 -4.298 -2.430
SPIN 4 6 7 10 2.028 4.621 3.088
SPIN 4 6 7 11 -3.038 -0.537 5.048
SPIN 4 6 7 12 -1.657 5.582 -1.048
SPIN 4 6 7 13 0.422 3.084 5.031
SPIN 4 6 7 14 4.428 -1.959 3.399
SPIN 4 6 7 15 3.121 2.761 -4.199
SPIN 1 6 8 0 -4.341 3.448 -2.065
SPIN 1 6 8 1 4.363 -3.725 -1.444
SPIN 1 6 8 2 1.596 4.038 -4.019
SPIN 1 6 8 3 -4.732 -0.749 -3.472
SPIN 1 6 8 4 -2.734 0.043 -5.246
SPIN 1 6 8 5 4.377 -2.827 -2.801
SPIN 1 6 8 6 -0.195 5.823 -1.028
SPIN 1 6 8 7 4.047 2.087 3.777
SPIN 1 6 8 8 -5.274 1.061 -2.461
SPIN 1 6 8 9 4.520 3.207 2.071
SPIN 1 6 8 10 -1.477 -5.394 -1.930
SPIN 1 6 8 11 5.035 0.165 3.102
SPIN 1 6 8 12 4.065 0.678 4.245
SPIN 1 6 8 13 -3.875 -3.525 -2.750
SPIN 1 6 8 14 2.850 -0.755 -5.129
SPIN 1 6 8 15 4.414 -3.932 0.234
SPIN 4 6 8 0 -4.629 3.256 1.723
SPIN 4 6 8 1 1.238 -5.785 -0.071
SPIN 4 6 8 2 4.439 2.438 -3.057
SPIN 4 6 8 3 3.152 -4.151 2.800
SPIN 4 6 8 4 -4.248 2.912 2.911
SPIN 4 6 8 5 -1.006 -1.246 -5.695
SPIN 4 6 8 6 5.621 1.606 0.911
SPIN 4 6 8 7 -5.625 0.546 1.750
SPIN 4 6 8 8 2.207 -4.122 -3.625
SPIN 4 6 8 9 4.777 2.727 2.177
SPIN 4 6 8 10 5.113 2.115 2.095
SPIN 4 6 8 11 -5.311 -2.601 -0.173
SPIN 4 6 8 12 3.056 -5.042 0.483
SPIN 4 6 8 13 3.875 1.560 -4.189
SPIN 4 6 8 14 -3.187 2.933 4.030
SPIN 4 6 8 15 -0.910 -5.264 2.543
SPIN 1 6 9 0 2.318 3.680 -4.010
SPIN 1 6 9 1 -0.107 -3.406 4.836
SPIN 1 6 9 2 -5.686 0.851 -1.395
SPIN 1 6 9 3 -1.236 -5.667 1.166
SPIN 1 6 9 4 -2.121 4.923 -2.503
SPIN 1 6 9 5 -4.076 4.228 0.716
SPIN 1 6 9 6 -1.555 4.444 3.583
SPIN 1 6 9 7 -2.870 -0.166 -5.170
SPIN 1 6 9 8 1.552 -1.394 5.536
SPIN 1 6 9 9 2.395 -2.277 -4.907
SPIN 1 6 9 10 3.153 4.796 -1.435
SPIN 1 6 9 11 4.271 3.193 -2.562
SPIN 1 6 9 12 1.828 -5.508 -1.150
SPIN 1 6 9 13 5.247 2.718 0.279
SPIN 1 6 9 14 -0.851 -3.856 4.405
SPIN 1 6 9 15 4.845 -3.384 -0.272
SPIN 4 6 9 0 5.003 2.736 -1.578
SPIN 4 6 9 1 4.700 3.532 0.663
SPIN 4 6 9 2 2.899 -2.774 4.348
SPIN 4 6 9 3 -0.766 4.960 -3.132
SPIN 4 6 9 4 2.831 -3.164 -4.120
SPIN 4 6 9 5 -1.661 -0.437 5.661
SPIN 4 6 9 6 1.630 -5.601 0.985
SPIN 4 6 9 7 -4.366 -3.941 -0.642
SPIN 4 6 9 8 -0.860 2.181 5.432
SPIN 4 6 9 9 -5.907 0.323 0.035
SPIN 4 6 9 10 -4.950 1.430 2.907
SPIN 4 6 9 11 -3.057 2.113 4.604
SPIN 4 6 9 12 -2.492 1.226 -5.224
SPIN 4 6 9 13 -0.249 -3.728 4.587
SPIN 4 6 9 14 -3.056 -4.565 2.196
SPIN 4 6 9 15 -1.085 -5.340 2.303
SPIN 1 6 10 0 -5.434 -1.932 1.319
SPIN 1 6 10 1 4.802 3.158 -1.404
SPIN 1 6 10 2 -2.698 -1.700 -4.983
SPIN 1 6 10 3 1.009 5.813 0.441
SPIN 1 6 10 4 -3.276 1.892 4.548
SPIN 1 6 10 5 -1.090 4.177 4.046
SPIN 1 6 10 6 3.005 -5.083 -0.361
SPIN 1 6 10 7 2.269 5.257 -1.488
SPIN 1 6 10 8 -5.248 -2.422 1.263
SPIN 1 6 10 9 -5.374 -2.366 -0.723
SPIN 1 6 10 10 5.344 -1.006 -2.330
SPIN 1 6 10 11 -3.070 4.891 1.288
SPIN 1 6 10 12 -1.353 4.883 3.054
SPIN 1 6 10 13 4.871 -1.442 3.033
SPIN 1 6 10 14 2.419 0.524 -5.374
SPIN 1 6 10 15 3.913 1.832 -4.042
SPIN 4 6 10 0 3.051 2.721 4.276
SPIN 4 6 10 1 3.207 -4.962 0.308
SPIN 4 6 10 2 -5.876 0.525 -0.441
SPIN 4 6 10 3 -4.709 1.069 3.419
SPIN 4 6 10 4 2.401 5.385 -0.487
SPIN 4 6 10 5 -2.103 3.501 -4.280
SPIN 4 6 10 6 -2.796 -4.986 -1.522
SPIN 4 6 10 7 -0.826 2.843 5.122
SPIN 4 6 10 8 4.067 2.848 3.217
SPIN 4 6 10 9 -1.833 2.718 -4.925
SPIN 4 6 10 10 5.138 2.620 -1.319
SPIN 4 6 10 11 0.622 1.517 -5.684
SPIN 4 6 10 12 5.437 0.851 -2.172
SPIN 4 6 10 13 -4.339 -0.685 -3.963
SPIN 4 6 10 14 3.186 2.417 4.360
SPIN 4 6 10 15 2.089 -1.079 -5.429
SPIN 1 6 11 0 5.652 -1.510 -0.883
SPIN 1 6 11 1 0.135 5.699 -1.584
SPIN 1 6 11 2 -3.858 -3.779 -2.415
SPIN 1 6 11 3 3.773 -2.264 3.955
SPIN 1 6 11 4 3.756 -3.260 -3.204
SPIN 1 6 11 5 -4.033 -3.623 -2.369
SPIN 1 6 11 6 0.974 5.641 1.492
SPIN 1 6 11 7 3.742 -4.494 0.897
SPIN 1 6 11 8 4.136 -0.065 -4.229
SPIN 1 6 11 9 -1.392 -0.482 -5.730
SPIN 1 6 11 10 1.800 -0.533 5.610
SPIN 1 6 11 11 -4.359 -3.720 -1.470
SPIN 1 6 11 12 2.013 -4.034 3.830
SPIN 1 6 11 13 5.091 0.572 -2.960
SPIN 1 6 11 14 5.649 1.684 -0.508
SPIN 1 6 11 15 -3.702 4.583 0.537
SPIN 4 6 11 0 -4.691 3.564 0.538
SPIN 4 6 11 1 2.796 5.137 -0.891
SPIN 4 6 11 2 3.024 0.127 5.083
SPIN 4 6 11 3 2.745 -0.105 -5.240
SPIN 4 6 11 4 3.708 -0.792 4.542
SPIN 4 6 11 5 0.541 0.282 -5.885
SPIN 4 6 11 6 -1.191 -3.228 4.813
SPIN 4 6 11 7 -3.624 4.427 -1.506
SPIN 4 6 11 8 -4.230 -1.964 3.640
SPIN 4 6 11 9 -3.349 4.864 0.348
SPIN 4 6 11 10 -5.248 -1.828 2.030
SPIN 4 6 11 11 1.701 5.485 1.421
SPIN 4 6 11 12 -3.394 0.020 4.846
SPIN 4 6 11 13 5.817 -1.050 0.238
SPIN 4 6 11 14 0.740 -5.813 -0.815
SPIN 4 6 11 15 0.508 -5.691 1.534
SPIN 1 6 12 0 -4.659 -3.366 1.401
SPIN 1 6 12 1 1.185 -5.707 1.014
SPIN 1 6 12 2 -2.483 3.302 -4.235
SPIN 1 6 12 3 2.160 -4.495 3.183
SPIN 1 6 12 4 5.696 -0.967 -1.272
SPIN 1 6 12 5 -2.724 5.251 0.065
SPIN 1 6 12 6 1.997 5.152 -2.115
SPIN 1 6 12 7 -1.353 0.703 -5.716
SPIN 1 6 12 8 -5.036 2.987 0.845
SPIN 1 6 12 9 4.400 3.932 0.429
SPIN 1 6 12 10 -5.555 0.130 -2.030
SPIN 1 6 12 11 -2.914 -4.404 2.668
SPIN 1 6 12 12 2.641 5.192 -1.036
SPIN 1 6 12 13 -5.053 -2.761 -1.359
SPIN 1 6 12 14 4.222 -1.398 3.901
SPIN 1 6 12 15 -1.529 1.165 5.595
SPIN 4 6 12 0 3.660 3.462 -3.102
SPIN 4 6 12 1 -4.750 2.765 2.188
SPIN 4 6 12 2 -4.390 -2.368 3.181
SPIN 4 6 12 3 -0.460 3.857 4.463
SPIN 4 6 12 4 0.532 -3.724 -4.566
SPIN 4 6 12 5 -0.524 0.110 5.892
SPIN 4 6 12 6 -4.002 2.349 -3.670
SPIN 4 6 12 7 5.882 0.428 0.465
SPIN 4 6 12 8 2.570 -5.325 -0.189
SPIN 4 6 12 9 0.207 -1.201 5.789
SPIN 4 6 12 10 -2.499 0.290 -5.355
SPIN 4 6 12 11 -5.901 0.107 0.412
SPIN 4 6 12 12 5.162 1.670 2.359
SPIN 4 6 12 13 -4.293 -3.610 -1.882
SPIN 4 6 12 14 -1.267 5.646 -1.232
SPIN 4 6 12 15 1.808 3.936 -4.030
SPIN 1 6 13 0 1.470 -0.110 -5.730
SPIN 1 6 13 1 -5.388 -2.429 -0.269
SPIN 1 6 13 2 5.731 -0.454 -1.398
SPIN 1 6 13 3 4.801 2.469 -2.419
SPIN 1 6 13 4 -1.265 -1.448 -5.595
SPIN 1 6 13 5 -3.489 -3.370 -3.386
SPIN 1 6 13 6 -1.286 0.816 5.717
SPIN 1 6 13 7 -1.354 -3.860 4.274
SPIN 1 6 13 8 -1.078 -4.373 -3.837
SPIN 1 6 13 9 4.208 2.001 3.646
SPIN 1 6 13 10 5.112 1.555 -2.540
SPIN 1 6 13 11 4.045 -4.309 0.253
SPIN 1 6 13 12 4.674 -2.979 -2.069
SPIN 1 6 13 13 -0.373 5.861 0.712
SPIN 1 6 13 14 -3.415 4.559 1.597
SPIN 1 6 13 15 1.707 5.317 -1.955
SPIN 4 6 13 0 -3.403 0.826 -4.769
SPIN 4 6 13 1 5.898 0.289 -0.361
SPIN 4 6 13 2 3.599 -1.240 -4.529
SPIN 4 6 13 3 5.658 -1.411 -1.000
SPIN 4 6 13 4 -0.894 4.743 -3.421
SPIN 4 6 13 5 -4.831 1.491 -3.073
SPIN 4 6 13 6 3.129 2.371 -4.426
SPIN 4 6 13 7 -4.534 -1.808 -3.342
SPIN 4 6 13 8 -4.797 1.459 3.140
SPIN 4 6 13 9 -4.229 -2.406 3.365
SPIN 4 6 13 10 -0.095 -1.171 5.798
SPIN 4 6 13 11 2.999 4.915 -1.362
SPIN 4 6 13 12 -3.177 -4.940 0.710
SPIN 4 6 13 13 3.985 3.573 -2.521
SPIN 4 6 13 14 -2.656 0.735 -5.235
SPIN 4 6 13 15 -0.439 2.653 5.270
SPIN 1 6 14 0 0.889 4.916 -3.169
SPIN 1 6 14 1 3.698 1.681 4.301
SPIN 1 6 14 2 0.246 5.868 0.708
SPIN 1 6 14 3 -2.376 -5.394 -0.509
SPIN 1 6 14 4 4.435 -3.436 -1.878
SPIN 1 6 14 5 5.781 -1.031 0.722
SPIN 1 6 14 6 -5.874 -0.515 -0.482
SPIN 1 6 14 7 4.308 1.739 -3.663
SPIN 1 6 14 8 -4.925 3.216 -0.631
SPIN 1 6 14 9 -4.623 3.575 -0.921
SPIN 1 6 14 10 -5.030 -0.074 -3.113
SPIN 1 6 14 11 0.790 -5.753 -1.133
SPIN 1 6 14 12 5.502 -0.374 -2.141
SPIN 1 6 14 13 2.420 -5.207 1.423
SPIN 1 6 14 14 -4.572 3.743 0.293
SPIN 1 6 14 15 -1.079 -4.617 -3.538
SPIN 4 6 14 0 4.456 -2.811 -2.691
SPIN 4 6 14 1 -5.221 -2.365 -1.463
SPIN 4 6 14 2 2.841 -4.104 -3.176
SPIN 4 6 14 3 2.375 4.180 3.448
SPIN 4 6 14 4 -4.221 -3.178 2.661
SPIN 4 6 14 5 3.800 -1.974 4.082
SPIN 4 6 14 6 -3.032 5.074 0.246
SPIN 4 6 14 7 3.041 -0.137 5.073
SPIN 4 6 14 8 2.053 1.850 -5.231
SPIN 4 6 14 9 0.096 3.460 4.798
SPIN 4 6 14 10 -4.299 -3.552 -1.976
SPIN 4 6 14 11 -0.799 2.801 5.149
SPIN 4 6 14 12 1.214 5.638 -1.321
SPIN 4 6 14 13 -2.750 -4.508 2.667
SPIN 4 6 14 14 4.202 3.879 1.516
SPIN 4 6 14 15 4.685 -1.758 -3.157
SPIN 1 6 15 0 4.740 3.310 1.257
SPIN 1 6 15 1 -2.401 -4.866 2.358
SPIN 1 6 15 2 -1.753 5.550 -1.058
SPIN 1 6 15 3 2.682 5.250 -0.491
SPIN 1 6 15 4 -2.379 -1.231 -5.275
SPIN 1 6 15 5 -5.805 -0.958 0.620
SPIN 1 6 15 6 -1.510 -4.581 -3.425
SPIN 1 6 15 7 5.678 0.402 1.611
SPIN 1 6 15 8 -4.828 2.770 -2.005
SPIN 1 6 15 9 1.302 -4.488 -3.628
SPIN 1 6 15 10 -4.982 -2.465 2.025
SPIN 1 6 15 11 -2.592 0.579 5.286
SPIN 1 6 15 12 -4.879 2.139 2.572
SPIN 1 6 15 13 5.044 2.032 -2.331
SPIN 1 6 15 14 -0.800 -5.468 2.112
SPIN 1 6 15 15 -4.456 2.738 -2.765
SPIN 4 6 15 0 4.675 3.570 0.633
SPIN 4 6 15 1 -1.253 1.445 -5.598
SPIN 4 6 15 2 -1.348 -5.642 1.163
SPIN 4 6 15 3 -4.472 1.769 3.445
SPIN 4 6 15 4 -0.283 2.520 -5.345
SPIN 4 6 15 5 0.141 5.847 -0.891
SPIN 4 6 15 6 1.538 -5.368 1.956
SPIN 4 6 15 7 -4.776 0.279 -3.480
SPIN 4 6 15 8 5.499 -2.169 -0.226
SPIN 4 6 15 9 2.391 -0.680 5.368
SPIN 4 6 15 10 1.601 4.120 -3.932
SPIN 4 6 15 11 0.316 -3.347 4.868
SPIN 4 6 15 12 -2.372 -3.538 4.106
SPIN 4 6 15 13 -4.805 1.940 2.855
SPIN 4 6 15 14 -3.718 1.891 -4.195
SPIN 4 6 15 15 -1.577 -4.440 3.577
SPIN 3 6 0 0 -2.198 -3.155 -4.496
SPIN 3 6 0 1 0.588 2.554 5.304
SPIN 3 6 0 2 3.092 -2.934 4.103
SPIN 3 6 0 3 0.270 5.827 -0.987
SPIN 3 6 0 4 -3.344 -1.527 -4.635
SPIN 3 6 0 5 -0.665 1.496 5.685
SPIN 3 6 0 6 0.202 0.163 -5.910
SPIN 3 6 0 7 -3.733 -3.172 -3.317
SPIN 3 6 0 8 1.130 -5.260 2.461
SPIN 3 6 0 9 -2.774 -4.027 -3.330
SPIN 3 6 0 10 -4.971 3.194 0.290
SPIN 3 6 0 11 4.061 3.142 -2.939
SPIN 3 6 0 12 -1.492 -2.896 -4.938
SPIN 3 6 0 13 4.276 -4.038 0.635
SPIN 3 6 0 14 3.000 3.378 3.819
SPIN 3 6 0 15 0.950 -0.502 -5.818
SPIN 2 6 0 0 0.733 1.069 5.772
SPIN 2 6 0 1 -4.825 3.420 0.135
SPIN 2 6 0 2 5.493 2.172 -0.338
SPIN 2 6 0 3 -2.926 5.068 -0.867
SPIN 2 6 0 4 0.888 3.903 -4.356
SPIN 2 6 0 5 -2.611 4.516 2.790
SPIN 2 6 0 6 -4.867 -2.292 -2.462
SPIN 2 6 0 7 4.913 -0.674 3.226
SPIN 2 6 0 8 -4.767 1.457 -3.186
SPIN 2 6 0 9 -1.035 5.707 1.165
SPIN 2 6 0 10 3.667 -4.531 1.012
SPIN 2 6 0 11 5.863 -0.781 0.111
SPIN 2 6 0 12 1.396 5.655 -1.033
SPIN 2 6 0 13 -2.751 -4.472 2.726
SPIN 2 6 0 14 1.645 -3.474 4.497
SPIN 2 6 0 15 0.967 -5.786 -0.763
SPIN 3 6 1 0 5.839 0.944 0.141
SPIN 3 6 1 1 3.930 -3.786 2.284
SPIN 3 6 1 2 -0.376 3.056 -5.052
SPIN 3 6 1 3 -3.017 -5.047 0.652
SPIN 3 6 1 4 1.560 -4.727 3.197
SPIN 3 6 1 5 -0.235 5.281 2.657
SPIN 3 6 1 6 2.352 -1.337 -5.261
SPIN 3 6 1 7 5.665 1.620 0.537
SPIN 3 6 1 8 1.252 5.019 -2.871
SPIN 3 6 1 9 1.687 1.244 -5.532
SPIN 3 6 1 10 3.584 3.633 2.993
SPIN 3 6 1 11 -3.299 -4.053 2.772
SPIN 3 6 1 12 -4.696 0.790 3.511
SPIN 3 6 1 13 0.228 1.940 -5.584
SPIN 3 6 1 14 -0.713 -3.474 4.735
SPIN 3 6 1 15 0.860 -0.792 -5.799
SPIN 2 6 1 0 2.226 2.958 -4.615
SPIN 2 6 1 1 -4.521 1.233 3.612
SPIN 2 6 1 2 -1.819 5.579 0.754
SPIN 2 6 1 3 4.140 -3.496 -2.375
SPIN 2 6 1 4 -2.001 2.653 -4.895
SPIN 2 6 1 5 0.937 -1.183 5.720
SPIN 2 6 1 6 -2.388 3.126 -4.419
SPIN 2 6 1 7 -0.271 2.795 -5.207
SPIN 2 6 1 8 5.385 -1.704 1.760
SPIN 2 6 1 9 -4.440 -2.741 2.787
SPIN 2 6 1 10 -2.895 0.610 -5.123
SPIN 2 6 1 11 -5.813 -0.788 -0.768
SPIN 2 6 1 12 5.135 -0.003 2.937
SPIN 2 6 1 13 -5.874 -0.634 -0.306
SPIN 2 6 1 14 0.185 1.464 -5.729
SPIN 2 6 1 15 1.471 0.321 5.721
SPIN 3 6 2 0 2.911 1.044 5.044
SPIN 3 6 2 1 2.730 0.843 -5.180
SPIN 3 6 2 2 -0.729 -1.704 5.618
SPIN 3 6 2 3 3.786 0.137 -4.544
SPIN 3 6 2 4 -5.286 2.640 -0.302
SPIN 3 6 2 5 0.201 -2.164 -5.502
SPIN 3 6 2 6 -5.071 3.005 -0.503
SPIN 3 6 2 7 -3.126 3.568 -3.535
SPIN 3 6 2 8 5.385 -2.349 0.692
SPIN 3 6 2 9 -3.593 4.427 -1.578
SPIN 3 6 2 10 4.412 0.695 -3.879
SPIN 3 6 2 11 2.043 2.475 4.970
SPIN 3 6 2 12 1.561 4.939 -2.859
SPIN 3 6 2 13 1.021 -5.256 2.516
SPIN 3 6 2 14 3.192 4.928 -0.729
SPIN 3 6 2 15 -3.818 -0.991 4.409
SPIN 2 6 2 0 0.975 -3.642 4.559
SPIN 2 6 2 1 2.777 4.827 -1.997
SPIN 2 6 2 2 -2.240 -3.089 4.521
SPIN 2 6 2 3 -4.227 2.483 3.311
SPIN 2 6 2 4 1.349 -4.630 -3.427
SPIN 2 6 2 5 1.503 4.500 3.535
SPIN 2 6 2 6 5.831 -0.950 0.308
SPIN 2 6 2 7 -3.363 4.160 2.526
SPIN 2 6 2 8 3.779 -4.552 0.057
SPIN 2 6 2 9 3.003 5.063 -0.588
SPIN 2 6 2 10 5.896 0.039 -0.485
SPIN 2 6 2 11 2.290 1.719 5.177
SPIN 2 6 2 12 -2.000 0.046 5.568
SPIN 2 6 2 13 3.876 4.231 1.443
SPIN 2 6 2 14 -1.385 3.455 -4.598
SPIN 2 6 2 15 -5.659 0.297 -1.701
SPIN 3 6 3 0 2.386 -4.525 2.972
SPIN 3 6 3 1 3.095 -0.457 5.021
SPIN 3 6 3 2 3.428 -3.819 -2.944
SPIN 3 6 3 3 -3.898 4.411 -0.590
SPIN 3 6 3 4 3.868 4.369 -0.974
SPIN 3 6 3 5 -5.077 -3.001 0.469
SPIN 3 6 3 6 4.750 3.455 0.703
SPIN 3 6 3 7 -1.443 0.005 -5.737
SPIN 3 6 3 8 -2.914 2.604 4.441
SPIN 3 6 3 9 -3.440 -4.808 0.210
SPIN 3 6 3 10 -5.214 -1.179 2.535
SPIN 3 6 3 11 2.675 -1.347 5.102
SPIN 3 6 3 12 -1.229 -5.787 0.018
SPIN 3 6 3 13 2.355 4.797 -2.538
SPIN 3 6 3 14 -4.644 0.287 3.654
SPIN 3 6 3 15 2.194 1.204 -5.361
SPIN 2 6 3 0 -2.225 -5.432 0.733
SPIN 2 6 3 1 0.107 5.809 1.113
SPIN 2 6 3 2 -1.176 -4.433 3.738
SPIN 2 6 3 3 2.406 -3.013 4.487
SPIN 2 6 3 4 -2.041 5.314 1.612
SPIN 2 6 3 5 -1.710 -2.069 -5.272
SPIN 2 6 3 6 -4.929 -2.885 1.541
SPIN 2 6 3 7 5.345 1.002 -2.329
SPIN 2 6 3 8 -5.087 -2.919 -0.776
SPIN 2 6 3 9 -5.744 0.473 -1.337
SPIN 2 6 3 10 -4.738 -2.262 2.726
SPIN 2 6 3 11 -1.507 -5.334 -2.068
SPIN 2 6 3 12 -2.535 5.329 -0.419
SPIN 2 6 3 13 4.355 -3.863 1.056
SPIN 2 6 3 14 -5.757 1.353 0.180
SPIN 2 6 3 15 1.823 5.400 -1.586
SPIN 3 6 4 0 -5.143 2.924 0.063
SPIN 3 6 4 1 -0.182 5.907 0.268
SPIN 3 6 4 2 -3.991 -4.074 1.573
SPIN 3 6 4 3 -2.712 4.117 -3.270
SPIN 3 6 4 4 -4.863 -1.954 2.744
SPIN 3 6 4 5 4.308 -2.297 3.341
SPIN 3 6 4 6 -0.480 -5.383 -2.407
SPIN 3 6 4 7 5.593 -1.615 1.052
SPIN 3 6 4 8 -3.758 -4.520 0.663
SPIN 3 6 4 9 3.621 -2.762 3.776
SPIN 3 6 4 10 -0.114 -1.797 5.635
SPIN 3 6 4 11 -5.469 -1.612 -1.577
SPIN 3 6 4 12 -3.638 2.823 -3.714
SPIN 3 6 4 13 -0.903 -4.958 3.098
SPIN 3 6 4 14 -2.588 1.033 -5.219
SPIN 3 6 4 15 3.125 -4.941 0.903
SPIN 2 6 4 0 1.614 4.954 2.802
SPIN 2 6 4 1 -3.770 -4.497 0.752
SPIN 2 6 4 2 5.650 -1.324 -1.149
SPIN 2 6 4 3 -3.146 0.391 -4.995
SPIN 2 6 4 4 3.823 1.315 4.320
SPIN 2 6 4 5 -3.243 2.190 4.437
SPIN 2 6 4 6 -0.933 4.665 -3.517
SPIN 2 6 4 7 -1.605 -1.461 5.503
SPIN 2 6 4 8 -0.089 3.096 -5.041
SPIN 2 6 4 9 2.901 5.137 0.438
SPIN 2 6 4 10 -5.624 0.390 1.794
SPIN 2 6 4 11 4.138 0.321 -4.216
SPIN 2 6 4 12 -5.365 2.336 0.873
SPIN 2 6 4 13 3.043 -4.043 3.065
SPIN 2 6 4 14 -4.959 -2.800 -1.604
SPIN 2 6 4 15 5.151 2.675 -1.144
SPIN 3 6 5 0 -3.699 -3.973 -2.353
SPIN 3 6 5 1 -4.783 3.477 0.185
SPIN 3 6 5 2 -0.703 4.830 -3.343
SPIN 3 6 5 3 1.910 1.427 5.414
SPIN 3 6 5 4 2.082 5.422 -1.126
SPIN 3 6 5 5 -3.584 -2.861 -3.737
SPIN 3 6 5 6 0.119 -2.084 5.535
SPIN 3 6 5 7 -4.865 -2.899 1.711
SPIN 3 6 5 8 5.350 2.401 0.783
SPIN 3 6 5 9 1.149 -5.766 0.663
SPIN 3 6 5 10 4.506 0.909 -3.724
SPIN 3 6 5 11 -1.125 -5.072 -2.829
SPIN 3 6 5 12 -3.219 -3.736 3.268
SPIN 3 6 5 13 5.475 0.040 -2.242
SPIN 3 6 5 14 -5.138 -1.699 -2.391
SPIN 3 6 5 15 3.722 -0.327 4.587
SPIN 2 6 5 0 1.308 -4.751 -3.273
SPIN 2 6 5 1 -0.595 5.151 2.848
SPIN 2 6 5 2 -3.462 -4.667 -1.112
SPIN 2 6 5 3 3.964 2.659 -3.496
SPIN 2 6 5 4 3.705 0.982 -4.506
SPIN 2 6 5 5 0.014 5.821 -1.054
SPIN 2 6 5 6 -1.507 -4.101 -3.989
SPIN 2 6 5 7 0.550 -0.153 -5.888
SPIN 2 6 5 8 0.420 5.657 1.679
SPIN 2 6 5 9 -0.274 1.622 5.683
SPIN 2 6 5 10 0.399 -1.561 5.693
SPIN 2 6 5 11 -5.112 0.486 -2.938
SPIN 2 6 5 12 5.543 1.854 0.917
SPIN 2 6 5 13 -4.190 -3.924 -1.431
SPIN 2 6 5 14 3.543 4.449 1.629
SPIN 2 6 5 15 -5.428 -1.827 1.484
SPIN 3 6 6 0 1.633 5.351 1.923
SPIN 3 6 6 1 4.621 -3.600 -0.830
SPIN 3 6 6 2 2.280 1.248 5.314
SPIN 3 6 6 3 -4.262 -1.653 3.756
SPIN 3 6 6 4 1.522 -1.980 -5.363
SPIN 3 6 6 5 3.353 4.304 2.287
SPIN 3 6 6 6 1.377 1.638 5.515
SPIN 3 6 6 7 -5.360 -2.495 0.195
SPIN 3 6 6 8 -5.592 -0.937 -1.690
SPIN 3 6 6 9 -4.617 -2.804 -2.413
SPIN 3 6 6 10 5.135 -1.832 2.297
SPIN 3 6 6 11 -1.827 1.849 5.315
SPIN 3 6 6 12 1.371 5.524 1.612
SPIN 3 6 6 13 -5.094 -1.961 -2.281
SPIN 3 6 6 14 -2.177 0.796 5.443
SPIN 3 6 6 15 -0.740 -5.781 -1.018
SPIN 2 6 6 0 -1.020 5.397 -2.197
SPIN 2 6 6 1 0.949 -1.365 -5.678
SPIN 2 6 6 2 -1.752 -1.211 5.519
SPIN 2 6 6 3 1.304 -4.967 -2.937
SPIN 2 6 6 4 4.625 -0.806 -3.599
SPIN 2 6 6 5 -2.391 -3.134 -4.411
SPIN 2 6 6 6 5.260 2.253 1.501
SPIN 2 6 6 7 -0.432 5.347 2.495
SPIN 2 6 6 8 2.933 5.036 -1.015
SPIN 2 6 6 9 0.992 0.199 5.829
SPIN 2 6 6 10 -1.279 4.162 -4.005
SPIN 2 6 6 11 -2.631 -2.768 4.518
SPIN 2 6 6 12 -0.050 -5.916 -0.042
SPIN 2 6 6 13 3.494 1.909 4.376
SPIN 2 6 6 14 3.673 -3.401 -3.153
SPIN 2 6 6 15 3.126 4.586 -2.049
SPIN 3 6 7 0 -5.070 3.002 -0.529
SPIN 3 6 7 1 1.011 -5.199 -2.636
SPIN 3 6 7 2 -4.675 2.662 -2.461
SPIN 3 6 7 3 -3.083 2.322 -4.484
SPIN 3 6 7 4 4.025 -2.537 3.516
SPIN 3 6 7 5 0.083 -1.909 -5.599
SPIN 3 6 7 6 -4.981 2.979 -1.148
SPIN 3 6 7 7 3.641 -4.124 -2.176
SPIN 3 6 7 8 5.372 1.851 1.648
SPIN 3 6 7 9 5.203 -2.320 -1.598
SPIN 3 6 7 10 5.691 -0.119 1.611
SPIN 3 6 7 11 -5.816 -1.073 0.164
SPIN 3 6 7 12 -1.761 -4.677 -3.167
SPIN 3 6 7 13 -4.697 -2.584 2.503
SPIN 3 6 7 14 5.483 0.787 -2.078
SPIN 3 6 7 15 0.671 -5.709 -1.401
SPIN 2 6 7 0 -5.350 -2.319 0.998
SPIN 2 6 7 1 -1.125 5.471 1.950
SPIN 2 6 7 2 -2.780 5.068 -1.259
SPIN 2 6 7 3 3.674 3.153 3.401
SPIN 2 6 7 4 -2.511 2.145 -4.909
SPIN 2 6 7 5 4.126 -4.016 -1.360
SPIN 2 6 7 6 3.292 -0.389 4.900
SPIN 2 6 7 7 4.575 -2.616 -2.688
SPIN 2 6 7 8 4.977 -3.132 0.644
SPIN 2 6 7 9 -5.766 -1.158 -0.645
SPIN 2 6 7 10 -0.811 5.807 -0.789
SPIN 2 6 7 11 4.183 -2.642 3.244
SPIN 2 6 7 12 0.988 5.648 1.458
SPIN 2 6 7 13 4.512 1.134 -3.654
SPIN 2 6 7 14 1.132 1.806 5.519
SPIN 2 6 7 15 0.461 -2.232 -5.460
SPIN 3 6 8 0 1.852 -5.083 2.394
SPIN 3 6 8 1 1.085 5.620 1.497
SPIN 3 6 8 2 -3.178 -3.923 -3.084
SPIN 3 6 8 3 -2.821 4.588 2.449
SPIN 3 6 8 4 -5.621 -1.417 -1.184
SPIN 3 6 8 5 4.339 -3.920 0.896
SPIN 3 6 8 6 -1.277 5.733 -0.711
SPIN 3 6 8 7 0.912 5.161 2.744
SPIN 3 6 8 8 -4.226 -4.140 -0.010
SPIN 3 6 8 9 -1.682 -5.496 1.400
SPIN 3 6 8 10 -2.291 -3.352 4.303
SPIN 3 6 8 11 2.837 -3.749 -3.591
SPIN 3 6 8 12 -3.020 -3.955 3.200
SPIN 3 6 8 13 2.319 4.507 3.051
SPIN 3 6 8 14 -1.899 -1.530 5.390
SPIN 3 6 8 15 0.700 5.871 0.210
SPIN 2 6 8 0 3.980 -2.068 -3.858
SPIN 2 6 8 1 2.819 3.557 -3.795
SPIN 2 6 8 2 5.325 -2.521 0.539
SPIN 2 6 8 3 5.314 -2.594 0.195
SPIN 2 6 8 4 -5.017 2.951 1.057
SPIN 2 6 8 5 3.215 1.271 4.801
SPIN 2 6 8 6 -0.672 -1.464 -5.693
SPIN 2 6 8 7 5.538 1.802 -1.042
SPIN 2 6 8 8 0.712 -5.024 3.041
SPIN 2 6 8 9 -1.768 4.697 -3.132
SPIN 2 6 8 10 -4.618 0.421 -3.673
SPIN 2 6 8 11 -5.663 -1.405 -0.976
SPIN 2 6 8 12 4.987 2.255 2.245
SPIN 2 6 8 13 -0.045 -0.756 -5.867
SPIN 2 6 8 14 -0.341 -2.447 -5.375
SPIN 2 6 8 15 -5.756 -1.139 -0.756
SPIN 3 6 9 0 1.145 5.684 1.175
SPIN 3 6 9 1 3.446 -1.918 4.410
SPIN 3 6 9 2 -3.469 4.400 -1.898
SPIN 3 6 9 3 -4.334 -0.689 -3.967
SPIN 3 6 9 4 -2.782 -2.503 4.582
SPIN 3 6 9 5 3.684 2.166 -4.091
SPIN 3 6 9 6 -5.612 1.845 0.328
SPIN 3 6 9 7 -4.239 -1.623 3.794
SPIN 3 6 9 8 0.265 5.894 -0.442
SPIN 3 6 9 9 4.992 -2.851 1.398
SPIN 3 6 9 10 -1.449 -0.325 -5.727
SPIN 3 6 9 11 -5.386 -0.174 2.442
SPIN 3 6 9 12 0.280 2.747 5.232
SPIN 3 6 9 13 -0.736 -5.412 -2.273
SPIN 3 6 9 14 2.406 2.669 4.699
SPIN 3 6 9 15 3.391 -3.988 2.756
SPIN 2 6 9 0 4.126 -4.235 0.198
SPIN 2 6 9 1 2.916 -5.145 0.178
SPIN 2 6 9 2 4.140 1.882 3.784
SPIN 2 6 9 3 0.928 -2.800 5.128
SPIN 2 6 9 4 -1.643 5.605 -0.943
SPIN 2 6 9 5 -1.115 3.744 -4.443
SPIN 2 6 9 6 5.232 -2.178 -1.698
SPIN 2 6 9 7 1.569 0.890 5.634
SPIN 2 6 9 8 -0.189 -3.562 -4.719
SPIN 2 6 9 9 0.497 -5.892 -0.201
SPIN 2 6 9 10 2.637 5.161 1.187
SPIN 2 6 9 11 5.074 2.672 -1.456
SPIN 2 6 9 12 -2.894 -2.716 -4.387
SPIN 2 6 9 13 -0.992 -5.756 -0.941
SPIN 2 6 9 14 2.087 5.421 1.120
SPIN 2 6 9 15 -1.342 4.528 -3.564
SPIN 3 6 10 0 -3.899 -3.069 -3.221
SPIN 3 6 10 1 -3.948 2.693 -3.487
SPIN 3 6 10 2 -4.599 2.357 2.880
SPIN 3 6 10 3 -1.620 -4.674 3.245
SPIN 3 6 10 4 5.065 1.491 -2.669
SPIN 3 6 10 5 -5.380 0.393 2.428
SPIN 3 6 10 6 -1.543 1.578 -5.489
SPIN 3 6 10 7 4.003 4.191 1.186
SPIN 3 6 10 8 -0.456 -5.717 -1.451
SPIN 3 6 10 9 -4.389 3.141 -2.423
SPIN 3 6 10 10 1.197 -3.808 4.367
SPIN 3 6 10 11 0.441 2.239 -5.458
SPIN 3 6 10 12 4.813 1.722 -2.978
SPIN 3 6 10 13 3.416 4.340 2.119
SPIN 3 6 10 14 -5.066 0.901 -2.919
SPIN 3 6 10 15 1.731 -0.608 5.625
SPIN 2 6 10 0 -2.977 3.466 -3.758
SPIN 2 6 10 1 -3.399 3.542 3.302
SPIN 2 6 10 2 2.230 -1.524 -5.263
SPIN 2 6 10 3 -4.865 -3.366 0.020
SPIN 2 6 10 4 -0.078 -5.041 -3.095
SPIN 2 6 10 5 -3.967 -2.245 3.771
SPIN 2 6 10 6 -4.076 3.163 -2.895
SPIN 2 6 10 7 -1.158 -4.538 3.614
SPIN 2 6 10 8 -2.664 -0.677 5.239
SPIN 2 6 10 9 2.110 2.545 -4.906
SPIN 2 6 10 10 -3.636 0.242 4.661
SPIN 2 6 10 11 -4.132 -3.033 -2.954
SPIN 2 6 10 12 -1.332 -2.648 5.120
SPIN 2 6 10 13 -1.262 2.198 -5.346
SPIN 2 6 10 14 -1.348 -5.757 0.189
SPIN 2 6 10 15 -5.509 -1.945 0.930
SPIN 3 6 11 0 2.693 0.036 5.268
SPIN 3 6 11 1 3.245 2.123 -4.468
SPIN 3 6 11 2 4.076 2.603 3.407
SPIN 3 6 11 3 3.761 3.480 -2.957
SPIN 3 6 11 4 -1.985 5.240 1.898
SPIN 3 6 11 5 2.639 1.249 -5.146
SPIN 3 6 11 6 -3.133 4.810 1.431
SPIN 3 6 11 7 -5.615 -1.859 0.103
SPIN 3 6 11 8 5.856 0.804 -0.246
SPIN 3 6 11 9 -3.455 -0.625 4.762
SPIN 3 6 11 10 -2.769 1.999 -4.830
SPIN 3 6 11 11 -5.820 0.365 0.998
SPIN 3 6 11 12 -1.906 5.372 -1.584
SPIN 3 6 11 13 1.301 -0.296 5.764
SPIN 3 6 11 14 2.022 2.434 -4.999
SPIN 3 6 11 15 2.732 5.188 0.787
SPIN 2 6 11 0 2.681 0.476 -5.252
SPIN 2 6 11 1 -5.555 -0.312 2.010
SPIN 2 6 11 2 -1.074 -1.908 -5.496
SPIN 2 6 11 3 -2.288 5.444 -0.351
SPIN 2 6 11 4 -0.319 0.821 5.850
SPIN 2 6 11 5 -3.777 -1.495 -4.301
SPIN 2 6 11 6 2.159 -4.633 2.980
SPIN 2 6 11 7 -0.859 1.197 5.730
SPIN 2 6 11 8 -3.524 -3.492 -3.224
SPIN 2 6 11 9 -2.993 -1.129 -4.976
SPIN 2 6 11 10 -0.898 -4.533 3.694
SPIN 2 6 11 11 -2.875 4.957 -1.470
SPIN 2 6 11 12 4.088 0.665 4.224
SPIN 2 6 11 13 3.682 0.395 -4.614
SPIN 2 6 11 14 3.150 2.242 4.477
SPIN 2 6 11 15 -3.625 4.448 1.438
SPIN 3 6 12 0 -5.269 0.846 -2.553
SPIN 3 6 12 1 4.546 -2.503 -2.841
SPIN 3 6 12 2 1.062 1.999 5.466
SPIN 3 6 12 3 -1.531 -3.367 -4.617
SPIN 3 6 12 4 4.890 -2.943 -1.558
SPIN 3 6 12 5 -1.837 5.287 -1.918
SPIN 3 6 12 6 -5.078 -0.200 3.029
SPIN 3 6 12 7 3.540 -1.195 -4.587
SPIN 3 6 12 8 -4.461 -1.034 -3.746
SPIN 3 6 12 9 4.081 -3.820 -1.937
SPIN 3 6 12 10 -2.011 -4.470 3.313
SPIN 3 6 12 11 4.035 4.091 -1.407
SPIN 3 6 12 12 5.479 -2.214 -0.282
SPIN 3 6 12 13 -4.998 2.285 2.190
SPIN 3 6 12 14 1.011 -5.682 -1.301
SPIN 3 6 12 15 2.233 5.255 -1.547
SPIN 2 6 12 0 -5.162 -1.567 2.430
SPIN 2 6 12 1 4.078 -3.016 3.046
SPIN 2 6 12 2 -4.523 -1.109 -3.648
SPIN 2 6 12 3 -5.277 -1.766 2.008
SPIN 2 6 12 4 4.749 -2.577 2.409
SPIN 2 6 12 5 2.040 -3.952 3.901
SPIN 2 6 12 6 2.946 4.525 -2.418
SPIN 2 6 12 7 0.905 2.034 5.481
SPIN 2 6 12 8 -4.915 -2.956 -1.453
SPIN 2 6 12 9 4.045 -1.494 4.050
SPIN 2 6 12 10 1.978 5.358 -1.541
SPIN 2 6 12 11 -3.597 -2.734 -3.820
SPIN 2 6 12 12 -2.508 4.118 3.429
SPIN 2 6 12 13 -3.723 -1.229 4.430
SPIN 2 6 12 14 5.774 -1.033 -0.771
SPIN 2 6 12 15 0.035 1.056 -5.821
SPIN 3 6 13 0 3.805 -0.425 4.510
SPIN 3 6 13 1 2.383 3.062 -4.466
SPIN 3 6 13 2 0.437 -1.200 5.777
SPIN 3 6 13 3 5.008 2.883 -1.267
SPIN 3 6 13 4 -4.295 -0.612 4.023
SPIN 3 6 13 5 4.612 -2.794 -2.433
SPIN 3 6 13 6 -2.169 5.496 -0.300
SPIN 3 6 13 7 5.888 -0.301 -0.485
SPIN 3 6 13 8 1.528 -5.442 1.748
SPIN 3 6 13 9 -2.560 4.031 -3.492
SPIN 3 6 13 10 -5.399 -1.476 -1.917
SPIN 3 6 13 11 2.326 4.656 2.812
SPIN 3 6 13 12 -4.294 1.497 -3.784
SPIN 3 6 13 13 5.315 1.240 -2.284
SPIN 3 6 13 14 1.388 5.482 -1.737
SPIN 3 6 13 15 -4.426 -3.675 1.381
SPIN 2 6 13 0 -0.666 5.683 1.504
SPIN 2 6 13 1 1.142 -5.498 -1.863
SPIN 2 6 13 2 -5.395 2.429 -0.012
SPIN 2 6 13 3 -4.047 -2.484 -3.528
SPIN 2 6 13 4 -1.330 3.296 4.730
SPIN 2 6 13 5 2.480 2.134 4.929
SPIN 2 6 13 6 3.150 -1.497 -4.779
SPIN 2 6 13 7 -3.395 3.937 -2.825
SPIN 2 6 13 8 -0.194 0.492 5.892
SPIN 2 6 13 9 -2.923 -3.135 4.078
SPIN 2 6 13 10 2.281 5.437 0.482
SPIN 2 6 13 11 4.357 -3.840 -1.129
SPIN 2 6 13 12 -2.621 3.641 3.856
SPIN 2 6 13 13 -2.725 5.223 0.548
SPIN 2 6 13 14 -3.879 0.214 4.462
SPIN 2 6 13 15 0.830 -0.308 5.849
SPIN 3 6 14 0 -2.415 -5.030 -1.966
SPIN 3 6 14 1 -0.603 2.979 5.076
SPIN 3 6 14 2 -0.517 -0.158 5.891
SPIN 3 6 14 3 3.273 -3.209 3.740
SPIN 3 6 14 4 -1.900 5.509 -1.023
SPIN 3 6 14 5 -2.147 -1.510 5.302
SPIN 3 6 14 6 1.569 5.542 -1.352
SPIN 3 6 14 7 1.910 -4.061 3.855
SPIN 3 6 14 8 3.489 -1.765 4.440
SPIN 3 6 14 9 1.016 3.050 4.966
SPIN 3 6 14 10 0.988 2.968 -5.022
SPIN 3 6 14 11 -0.436 -5.547 -2.009
SPIN 3 6 14 12 -5.253 2.484 -1.113
SPIN 3 6 14 13 0.742 -5.149 2.817
SPIN 3 6 14 14 -3.903 -4.400 0.636
SPIN 3 6 14 15 5.103 1.752 2.426
SPIN 2 6 14 0 -2.901 2.918 -4.251
SPIN 2 6 14 1 4.521 1.451 3.529
SPIN 2 6 14 2 -2.259 -0.057 -5.467
SPIN 2 6 14 3 1.513 -1.216 5.589
SPIN 2 6 14 4 -2.107 4.852 -2.649
SPIN 2 6 14 5 -1.515 -5.701 0.448
SPIN 2 6 14 6 0.774 5.810 0.801
SPIN 2 6 14 7 -2.471 -3.027 4.442
SPIN 2 6 14 8 3.050 -4.450 -2.427
SPIN 2 6 14 9 -1.526 2.570 -5.105
SPIN 2 6 14 10 -3.496 4.082 -2.473
SPIN 2 6 14 11 1.353 4.019 -4.125
SPIN 2 6 14 12 1.636 -5.220 -2.253
SPIN 2 6 14 13 3.902 -3.872 2.186
SPIN 2 6 14 14 -4.936 -0.571 -3.211
SPIN 2 6 14 15 5.191 1.370 -2.486
SPIN 3 6 15 0 -1.227 3.714 4.439
SPIN 3 6 15 1 4.632 -2.800 2.388
SPIN 3 6 15 2 -3.683 4.629 0.069
SPIN 3 6 15 3 2.416 1.110 -5.285
SPIN 3 6 15 4 0.509 -5.205 -2.766
SPIN 3 6 15 5 -5.467 -1.936 -1.168
SPIN 3 6 15 6 2.878 -1.850 4.827
SPIN 3 6 15 7 -1.929 5.144 -2.195
SPIN 3 6 15 8 -3.346 -2.442 4.224
SPIN 3 6 15 9 4.095 -1.682 -3.924
SPIN 3 6 15 10 2.332 -4.013 3.669
SPIN 3 6 15 11 5.151 2.565 1.376
SPIN 3 6 15 12 -5.764 -1.328 0.113
SPIN 3 6 15 13 -2.688 -4.541 2.675
SPIN 3 6 15 14 -2.125 -2.311 -5.014
SPIN 3 6 15 15 -2.135 -2.356 4.989
SPIN 2 6 15 0 1.336 1.756 5.489
SPIN 2 6 15 1 -2.978 3.084 -4.076
SPIN 2 6 15 2 -4.476 -0.445 3.842
SPIN 2 6 15 3 -1.759 -0.573 -5.620
SPIN 2 6 15 4 0.246 -0.445 5.894
SPIN 2 6 15 5 3.119 4.192 2.775
SPIN 2 6 15 6 0.208 -5.116 2.964
SPIN 2 6 15 7 -1.512 5.229 -2.318
SPIN 2 6 15 8 -5.147 0.931 2.765
SPIN 2 6 15 9 3.635 -1.289 -4.486
SPIN 2 6 15 10 -5.097 2.815 -1.046
SPIN 2 6 15 11 -1.378 -5.491 1.716
SPIN 2 6 15 12 3.316 0.818 4.830
SPIN 2 6 15 13 -3.643 2.812 -3.717
SPIN 2 6 15 14 4.992 0.456 3.142
SPIN 2 6 15 15 -4.084 -3.867 1.834
SPIN 1 7 0 0 2.217 3.734 4.018
SPIN 1 7 0 1 -5.521 0.768 1.983
SPIN 1 7 0 2 5.603 1.149 -1.510
SPIN 1 7 0 3 -4.491 0.787 -3.770
SPIN 1 7 0 4 2.496 5.261 1.045
SPIN 1 7 0 5 5.178 -2.098 -1.947
SPIN 1 7 0 6 3.255 1.379 4.744
SPIN 1 7 0 7 -0.223 -5.899 0.392
SPIN 1 7 0 8 0.879 3.171 -4.916
SPIN 1 7 0 9 -3.398 -3.869 2.913
SPIN 1 7 0 10 1.334 -1.536 5.555
SPIN 1 7 0 11 -3.943 -1.723 -4.061
SPIN 1 7 0 12 -3.265 0.032 -4.933
SPIN 1 7 0 13 -5.708 1.199 0.993
SPIN 1 7 0 14 -3.498 -4.590 -1.302
SPIN 1 7 0 15 -0.750 5.225 2.671
SPIN 4 7 0 0 1.813 -5.543 -0.993
SPIN 4 7 0 1 -1.358 1.921 5.428
SPIN 4 7 0 2 3.785 -3.667 -2.689
SPIN 4 7 0 3 1.452 -5.631 -1.086
SPIN 4 7 0 4 -4.346 0.875 -3.917
SPIN 4 7 0 5 -5.256 1.122 -2.472
SPIN 4 7 0 6 1.950 5.584 -0.104
SPIN 4 7 0 7 0.290 -5.645 -1.748
SPIN 4 7 0 8 -0.934 2.734 -5.163
SPIN 4 7 0 9 3.193 -2.094 4.519
SPIN 4 7 0 10 -1.056 -5.168 2.678
SPIN 4 7 0 11 -5.367 2.351 -0.819
SPIN 4 7 0 12 -4.540 3.600 -1.196
SPIN 4 7 0 13 -2.428 -5.394 0.099
SPIN 4 7 0 14 -0.494 5.323 -2.534
SPIN 4 7 0 15 2.100 -5.077 2.195
SPIN 1 7 1 0 -4.100 -2.110 -3.706
SPIN 1 7 1 1 5.617 -1.834 0.292
SPIN 1 7 1 2 -0.227 2.618 5.300
SPIN 1 7 1 3 1.166 -1.830 5.504
SPIN 1 7 1 4 -1.710 5.586 0.937
SPIN 1 7 1 5 3.834 -0.438 -4.484
SPIN 1 7 1 6 -3.968 -3.918 1.976
SPIN 1 7 1 7 0.226 5.357 -2.501
SPIN 1 7 1 8 -4.894 3.301 -0.385
SPIN 1 7 1 9 5.430 -2.190 0.844
SPIN 1 7 1 10 -0.839 5.671 -1.463
SPIN 1 7 1 11 -3.458 3.339 3.449
SPIN 1 7 1 12 -2.640 4.519 -2.760
SPIN 1 7 1 13 3.685 -4.149 -2.052
SPIN 1 7 1 14 0.416 5.625 1.785
SPIN 1 7 1 15 -1.360 -5.728 0.585
SPIN 4 7 1 0 -2.747 5.234 -0.245
SPIN 4 7 1 1 0.873 -4.245 4.027
SPIN 4 7 1 2 -3.248 3.871 -3.077
SPIN 4 7 1 3 5.656 -1.724 0.190
SPIN 4 7 1 4 2.201 -2.825 4.709
SPIN 4 7 1 5 1.789 4.106 3.865
SPIN 4 7 1 6 1.328 5.609 1.333
SPIN 4 7 1 7 1.029 5.711 -1.153
SPIN 4 7 1 8 -1.694 -4.347 3.637
SPIN 4 7 1 9 2.183 -2.849 -4.703
SPIN 4 7 1 10 -1.216 4.006 4.180
SPIN 4 7 1 11 4.375 -1.915 3.492
SPIN 4 7 1 12 3.957 -3.801 2.213
SPIN 4 7 1 13 -4.542 2.188 -3.095
SPIN 4 7 1 14 -2.858 -4.887 -1.716
SPIN 4 7 1 15 2.245 5.402 0.880
SPIN 1 7 2 0 1.606 -5.454 -1.637
SPIN 1 7 2 1 -5.834 0.222 -0.954
SPIN 1 7 2 2 1.894 -5.580 -0.520
SPIN 1 7 2 3 -5.729 1.408 0.441
SPIN 1 7 2 4 2.006 2.313 5.062
SPIN 1 7 2 5 5.710 -1.351 0.754
SPIN 1 7 2 6 2.875 4.450 -2.632
SPIN 1 7 2 7 -3.007 -5.069 -0.508
SPIN 1 7 2 8 -5.588 0.622 -1.841
SPIN 1 7 2 9 -1.266 5.627 -1.315
SPIN 1 7 2 10 -2.108 -4.303 -3.470
SPIN 1 7 2 11 -0.094 0.371 -5.904
SPIN 1 7 2 12 -3.015 -4.676 -2.011
SPIN 1 7 2 13 -0.110 5.890 -0.540
SPIN 1 7 2 14 -2.362 -5.037 -2.013
SPIN 1 7 2 15 4.982 3.145 0.543
SPIN 4 7 2 0 5.122 1.296 -2.662
SPIN 4 7 2 1 -2.785 4.573 2.516
SPIN 4 7 2 2 4.581 3.156 2.015
SPIN 4 7 2 3 -4.531 3.038 2.289
SPIN 4 7 2 4 3.747 -2.208 -4.011
SPIN 4 7 2 5 2.552 1.036 5.236
SPIN 4 7 2 6 -1.756 -5.611 0.660
SPIN 4 7 2 7 2.017 5.517 0.704
SPIN 4 7 2 8 -5.038 -3.079 0.366
SPIN 4 7 2 9 1.615 5.611 0.955
SPIN 4 7 2 10 -0.455 1.728 -5.640
SPIN 4 7 2 11 -2.971 -4.911 1.434
SPIN 4 7 2 12 5.093 2.756 1.212
SPIN 4 7 2 13 -0.294 -5.533 2.074
SPIN 4 7 2 14 1.648 4.526 -3.435
SPIN 4 7 2 15 -3.526 0.095 4.750
SPIN 1 7 3 0 -2.106 4.237 -3.551
SPIN 1 7 3 1 -3.682 -3.763 2.699
SPIN 1 7 3 2 -1.079 0.165 -5.814
SPIN 1 7 3 3 -4.866 -2.864 -1.766
SPIN 1 7 3 4 4.712 -3.450 -0.946
SPIN 1 7 3 5 -0.631 0.770 5.832
SPIN 1 7 3 6 -2.629 4.269 -3.140
SPIN 1 7 3 7 5.310 -0.028 2.608
SPIN 1 7 3 8 1.527 0.482 -5.695
SPIN 1 7 3 9 -3.354 -4.857 0.395
SPIN 1 7 3 10 1.145 -0.586 5.775
SPIN 1 7 3 11 -4.466 2.028 3.308
SPIN 1 7 3 12 -0.401 -5.824 -0.961
SPIN 1 7 3 13 -1.738 5.543 -1.118
SPIN 1 7 3 14 4.339 -3.559 -1.874
SPIN 1 7 3 15 -2.725 -3.754 -3.672
SPIN 4 7 3 0 4.392 -0.987 3.839
SPIN 4 7 3 1 2.188 3.431 -4.294
SPIN 4 7 3 2 3.216 4.855 1.043
SPIN 4 7 3 3 -1.954 -3.486 -4.362
SPIN 4 7 3 4 2.768 4.943 -1.705
SPIN 4 7 3 5 4.966 1.061 -3.036
SPIN 4 7 3 6 -5.785 -1.240 0.005
SPIN 4 7 3 7 -1.150 1.359 5.642
SPIN 4 7 3 8 4.847 2.390 -2.408
SPIN 4 7 3 9 -2.916 -2.631 -4.424
SPIN 4 7 3 10 3.909 -0.706 4.384
SPIN 4 7 3 11 2.197 -2.916 -4.655
SPIN 4 7 3 12 -0.251 3.266 -4.927
SPIN 4 7 3 13 1.086 4.935 -3.078
SPIN 4 7 3 14 -0.197 -2.974 -5.110
SPIN 4 7 3 15 -0.538 5.202 2.766
SPIN 1 7 4 0 4.837 -1.375 3.117
SPIN 1 7 4 1 -1.586 -3.284 -4.658
SPIN 1 7 4 2 -2.443 5.089 -1.770
SPIN 1 7 4 3 1.982 -1.027 5.479
SPIN 1 7 4 4 3.299 0.453 -4.890
SPIN 1 7 4 5 -0.999 0.913 5.759
SPIN 1 7 4 6 -1.193 5.704 1.018
SPIN 1 7 4 7 3.214 -3.221 3.780
SPIN 1 7 4 8 -5.466 -0.582 -2.188
SPIN 1 7 4 9 0.207 1.774 5.640
SPIN 1 7 4 10 -0.404 5.303 -2.590
SPIN 1 7 4 11 -2.520 -2.528 4.718
SPIN 1 7 4 12 -0.921 -5.830 -0.397
SPIN 1 7 4 13 -2.151 -4.458 -3.240
SPIN 1 7 4 14 1.688 -3.830 4.181
SPIN 1 7 4 15 -3.246 3.421 3.572
SPIN 4 7 4 0 -1.485 5.441 -1.785
SPIN 4 7 4 1 -0.825 -4.714 3.478
SPIN 4 7 4 2 -2.638 -2.516 -4.659
SPIN 4 7 4 3 -0.127 -5.723 1.493
SPIN 4 7 4 4 -3.106 2.095 -4.579
SPIN 4 7 4 5 -5.448 -1.747 -1.508
SPIN 4 7 4 6 2.269 -0.859 5.396
SPIN 4 7 4 7 1.302 3.964 -4.195
SPIN 4 7 4 8 -4.557 3.576 1.205
SPIN 4 7 4 9 -2.525 -4.755 -2.453
SPIN 4 7 4 10 -2.090 3.158 4.545
SPIN 4 7 4 11 -1.480 1.511 5.525
SPIN 4 7 4 12 4.731 2.564 2.458
SPIN 4 7 4 13 -4.151 3.295 2.630
SPIN 4 7 4 14 -0.447 -1.514 5.702
SPIN 4 7 4 15 0.760 1.469 -5.680
SPIN 1 7 5 0 -4.278 1.625 -3.750
SPIN 1 7 5 1 5.597 1.449 -1.256
SPIN 1 7 5 2 -4.778 -2.542 -2.390
SPIN 1 7 5 3 -1.636 3.982 4.058
SPIN 1 7 5 4 2.351 5.419 0.331
SPIN 1 7 5 5 2.708 -4.227 3.131
SPIN 1 7 5 6 -0.678 5.669 1.549
SPIN 1 7 5 7 0.492 -1.911 -5.577
SPIN 1 7 5 8 -1.158 5.758 0.711
SPIN 1 7 5 9 -2.370 5.192 1.560
SPIN 1 7 5 10 -2.255 0.099 5.468
SPIN 1 7 5 11 -2.661 3.714 3.758
SPIN 1 7 5 12 -2.647 4.914 -1.960
SPIN 1 7 5 13 -2.239 -0.696 5.432
SPIN 1 7 5 14 -1.335 -3.875 -4.266
SPIN 1 7 5 15 1.378 -5.298 2.242
SPIN 4 7 5 0 -4.958 0.864 -3.110
SPIN 4 7 5 1 2.719 0.952 -5.167
SPIN 4 7 5 2 2.042 2.952 4.702
SPIN 4 7 5 3 -0.632 -4.273 -4.043
SPIN 4 7 5 4 -5.041 -3.077 0.339
SPIN 4 7 5 5 2.929 1.889 -4.780
SPIN 4 7 5 6 0.060 3.089 5.045
SPIN 4 7 5 7 2.327 -1.998 5.059
SPIN 4 7 5 8 2.708 -4.939 -1.808
SPIN 4 7 5 9 -5.331 -2.222 1.283
SPIN 4 7 5 10 -1.858 0.756 5.566
SPIN 4 7 5 11 -4.929 2.085 2.522
SPIN 4 7 5 12 -0.959 -2.747 -5.151
SPIN 4 7 5 13 -2.048 -5.141 2.092
SPIN 4 7 5 14 -3.593 3.859 2.683
SPIN 4 7 5 15 0.062 5.530 2.101
SPIN 1 7 6 0 5.088 -0.537 2.971
SPIN 1 7 6 1 2.249 -5.214 1.659
SPIN 1 7 6 2 -1.965 4.501 3.298
SPIN 1 7 6 3 -2.960 0.764 -5.065
SPIN 1 7 6 4 -1.844 -5.258 1.988
SPIN 1 7 6 5 4.832 1.681 -2.971
SPIN 1 7 6 6 0.666 -5.747 -1.235
SPIN 1 7 6 7 0.578 5.887 0.119
SPIN 1 7 6 8 2.384 -3.666 -3.985
SPIN 1 7 6 9 5.379 -2.463 -0.034
SPIN 1 7 6 10 -4.737 3.489 -0.626
SPIN 1 7 6 11 -4.300 1.945 -3.567
SPIN 1 7 6 12 3.053 -4.393 2.526
SPIN 1 7 6 13 -3.023 3.580 3.612
SPIN 1 7 6 14 5.268 0.282 -2.678
SPIN 1 7 6 15 1.139 -4.239 -3.966
SPIN 4 7 6 0 0.515 -4.311 4.019
SPIN 4 7 6 1 -0.611 -5.579 -1.870
SPIN 4 7 6 2 -1.242 5.546 -1.643
SPIN 4 7 6 3 1.269 3.601 4.519
SPIN 4 7 6 4 -2.378 -3.112 -4.434
SPIN 4 7 6 5 -5.540 0.366 2.044
SPIN 4 7 6 6 3.506 -3.999 -2.592
SPIN 4 7 6 7 2.569 3.596 3.934
SPIN 4 7 6 8 -4.834 0.083 -3.409
SPIN 4 7 6 9 3.668 3.681 -2.828
SPIN 4 7 6 10 2.267 1.511 -5.252
SPIN 4 7 6 11 -3.561 -4.009 -2.499
SPIN 4 7 6 12 0.549 0.721 -5.846
SPIN 4 7 6 13 -0.777 2.880 -5.109
SPIN 4 7 6 14 1.351 -2.144 5.346
SPIN 4 7 6 15 -5.200 1.923 2.065
SPIN 1 7 7 0 3.356 4.832 0.618
SPIN 1 7 7 1 -2.559 -0.927 -5.253
SPIN 1 7 7 2 -0.348 5.715 1.489
SPIN 1 7 7 3 2.259 -1.954 -5.107
SPIN 1 7 7 4 -1.968 5.558 0.481
SPIN 1 7 7 5 -5.624 1.256 -1.337
SPIN 1 7 7 6 3.184 3.630 3.418
SPIN 1 7 7 7 -4.764 1.350 3.238
SPIN 1 7 7 8 0.172 -4.213 -4.150
SPIN 1 7 7 9 -5.028 2.725 -1.516
SPIN 1 7 7 10 4.605 2.824 2.412
SPIN 1 7 7 11 1.051 2.397 -5.306
SPIN 1 7 7 12 -0.716 -3.130 4.969
SPIN 1 7 7 13 5.493 -1.713 -1.375
SPIN 1 7 7 14 0.165 4.999 -3.160
SPIN 1 7 7 15 -3.100 -3.269 3.835
SPIN 4 7 7 0 -4.118 -2.727 -3.256
SPIN 4 7 7 1 4.691 3.387 -1.233
SPIN 4 7 7 2 -0.771 -4.528 3.728
SPIN 4 7 7 3 3.206 -4.240 2.597
SPIN 4 7 7 4 5.910 0.061 -0.257
SPIN 4 7 7 5 -4.418 -2.802 2.763
SPIN 4 7 7 6 2.571 -1.346 -5.155
SPIN 4 7 7 7 -3.518 2.461 4.070
SPIN 4 7 7 8 5.221 -2.276 1.599
SPIN 4 7 7 9 -3.831 1.999 4.041
SPIN 4 7 7 10 3.198 -0.667 -4.933
SPIN 4 7 7 11 -3.414 0.298 -4.822
SPIN 4 7 7 12 -3.980 -2.553 3.555
SPIN 4 7 7 13 0.603 -3.608 -4.650
SPIN 4 7 7 14 -4.310 2.998 -2.727
SPIN 4 7 7 15 3.848 4.318 1.244
SPIN 1 7 8 0 3.491 -4.694 0.879
SPIN 1 7 8 1 -2.599 -5.312 -0.167
SPIN 1 7 8 2 -4.336 -3.948 0.784
SPIN 1 7 8 3 3.759 0.096 4.567
SPIN 1 7 8 4 -5.051 -2.823 1.230
SPIN 1 7 8 5 3.195 1.127 -4.850
SPIN 1 7 8 6 -3.349 -4.317 2.268
SPIN 1 7 8 7 -4.459 -3.377 -1.928
SPIN 1 7 8 8 1.395 2.533 -5.161
SPIN 1 7 8 9 5.239 1.812 -2.066
SPIN 1 7 8 10 3.009 2.349 -4.520
SPIN 1 7 8 11 -0.758 0.868 5.803
SPIN 1 7 8 12 4.493 -0.831 -3.757
SPIN 1 7 8 13 1.211 5.776 -0.408
SPIN 1 7 8 14 -1.890 -5.588 0.455
SPIN 1 7 8 15 -0.080 3.667 -4.642
SPIN 4 7 8 0 0.840 -5.134 -2.817
SPIN 4 7 8 1 3.021 2.978 -4.123
SPIN 4 7 8 2 0.278 -4.402 3.942
SPIN 4 7 8 3 -4.025 -0.700 -4.279
SPIN 4 7 8 4 -2.060 -5.108 -2.160
SPIN 4 7 8 5 0.957 -2.763 -5.143
SPIN 4 7 8 6 -3.810 0.976 4.419
SPIN 4 7 8 7 3.276 -4.086 2.752
SPIN 4 7 8 8 -2.590 -2.805 4.519
SPIN 4 7 8 9 -1.572 0.409 5.689
SPIN 4 7 8 10 -0.461 -5.016 -3.103
SPIN 4 7 8 11 4.826 3.049 -1.554
SPIN 4 7 8 12 2.232 3.464 -4.245
SPIN 4 7 8 13 -5.390 -1.771 1.678
SPIN 4 7 8 14 3.220 2.920 4.013
SPIN 4 7 8 15 -5.472 2.072 0.876
SPIN 1 7 9 0 1.978 -3.659 4.207
SPIN 1 7 9 1 1.531 5.106 2.566
SPIN 1 7 9 2 -4.208 -4.093 0.733
SPIN 1 7 9 3 -3.420 1.459 -4.602
SPIN 1 7 9 4 5.817 -0.832 -0.683
SPIN 1 7 9 5 4.283 3.376 -2.293
SPIN 1 7 9 6 2.192 -4.522 3.122
SPIN 1 7 9 7 0.199 4.918 3.282
SPIN 1 7 9 8 -0.242 -2.406 5.399
SPIN 1 7 9 9 -3.105 3.728 -3.386
SPIN 1 7 9 10 -0.117 1.869 5.612
SPIN 1 7 9 11 -2.546 4.839 -2.259
SPIN 1 7 9 12 -0.925 3.602 -4.601
SPIN 1 7 9 13 4.287 -3.760 -1.576
SPIN 1 7 9 14 4.040 -2.051 3.804
SPIN 1 7 9 15 -3.353 -4.443 2.004
SPIN 4 7 9 0 -1.500 5.653 -0.889
SPIN 4 7 9 1 -4.134 -3.694 -2.066
SPIN 4 7 9 2 -1.136 4.152 -4.059
SPIN 4 7 9 3 4.691 3.064 1.898
SPIN 4 7 9 4 0.069 5.894 0.505
SPIN 4 7 9 5 3.033 -4.835 -1.556
SPIN 4 7 9 6 2.436 0.859 -5.323
SPIN 4 7 9 7 -2.214 5.036 -2.176
SPIN 4 7 9 8 -1.404 -3.968 4.158
SPIN 4 7 9 9 2.363 0.220 -5.419
SPIN 4 7 9 10 -0.493 2.264 -5.443
SPIN 4 7 9 11 -4.109 0.307 4.245
SPIN 4 7 9 12 1.444 -2.888 4.957
SPIN 4 7 9 13 -0.872 4.385 -3.875
SPIN 4 7 9 14 2.489 4.238 -3.294
SPIN 4 7 9 15 -4.438 3.793 -0.957
SPIN 1 7 10 0 1.459 2.650 5.084
SPIN 1 7 10 1 -2.009 0.661 -5.525
SPIN 1 7 10 2 2.873 2.060 4.744
SPIN 1 7 10 3 5.769 -1.114 -0.693
SPIN 1 7 10 4 -1.243 3.360 4.708
SPIN 1 7 10 5 -3.246 -3.735 3.242
SPIN 1 7 10 6 4.447 3.635 1.417
SPIN 1 7 10 7 -1.434 -3.984 4.132
SPIN 1 7 10 8 -1.572 5.678 0.539
SPIN 1 7 10 9 1.347 1.843 -5.458
SPIN 1 7 10 10 4.393 -0.305 -3.950
SPIN 1 7 10 11 3.314 -4.225 2.484
SPIN 1 7 10 12 2.966 -0.386 -5.104
SPIN 1 7 10 13 -4.188 -3.157 -2.737
SPIN 1 7 10 14 -5.646 0.854 1.547
SPIN 1 7 10 15 -4.350 -2.000 -3.476
SPIN 4 7 10 0 4.530 -3.549 1.373
SPIN 4 7 10 1 -0.422 5.583 -1.912
SPIN 4 7 10 2 1.791 -1.843 5.329
SPIN 4 7 10 3 -2.852 0.591 -5.150
SPIN 4 7 10 4 2.350 -0.888 5.356
SPIN 4 7 10 5 2.966 -1.705 4.826
SPIN 4 7 10 6 -2.226 -0.277 -5.474
SPIN 4 7 10 7 -0.085 -3.291 -4.915
SPIN 4 7 10 8 5.642 -1.744 0.347
SPIN 4 7 10 9 3.368 -4.630 -1.489
SPIN 4 7 10 10 -1.777 -0.256 5.637
SPIN 4 7 10 11 -1.099 4.441 3.750
SPIN 4 7 10 12 -3.240 3.989 2.931
SPIN 4 7 10 13 5.517 -1.151 1.800
SPIN 4 7 10 14 3.457 -1.987 -4.370
SPIN 4 7 10 15 -4.778 -3.400 0.781
SPIN 1 7 11 0 -5.214 2.767 0.403
SPIN 1 7 11 1 -2.732 -3.442 3.961
SPIN 1 7 11 2 -5.398 -2.002 -1.363
SPIN 1 7 11 3 -0.211 1.998 5.565
SPIN 1 7 11 4 -5.593 -1.776 -0.754
SPIN 1 7 11 5 3.399 4.477 1.845
SPIN 1 7 11 6 3.115 -4.875 -1.237
SPIN 1 7 11 7 1.742 5.562 -1.015
SPIN 1 7 11 8 1.491 -2.927 4.920
SPIN 1 7 11 9 -0.718 -3.472 4.736
SPIN 1 7 11 10 -4.337 3.917 -0.922
SPIN 1 7 11 11 4.862 0.259 -3.361
SPIN 1 7 11 12 4.063 -1.210 -4.126
SPIN 1 7 11 13 1.150 5.799 -0.226
SPIN 1 7 11 14 5.211 2.184 1.754
SPIN 1 7 11 15 5.133 0.789 -2.833
SPIN 4 7 11 0 2.063 4.287 -3.517
SPIN 4 7 11 1 3.892 1.667 4.132
SPIN 4 7 11 2 -4.376 -0.484 -3.952
SPIN 4 7 11 3 -2.592 -4.386 3.007
SPIN 4 7 11 4 4.574 3.699 -0.624
SPIN 4 7 11 5 -1.412 -5.581 1.362
SPIN 4 7 11 6 1.907 -5.148 -2.205
SPIN 4 7 11 7 5.497 2.066 0.717
SPIN 4 7 11 8 -4.745 2.700 2.279
SPIN 4 7 11 9 1.189 -5.539 -1.706
SPIN 4 7 11 10 4.543 3.401 -1.672
SPIN 4 7 11 11 -4.429 3.863 -0.678
SPIN 4 7 11 12 2.205 5.072 2.100
SPIN 4 7 11 13 -1.031 -3.523 -4.639
SPIN 4 7 11 14 -1.174 3.776 4.401
SPIN 4 7 11 15 -0.635 -4.759 -3.457
SPIN 1 7 12 0 -3.418 -4.450 -1.875
SPIN 1 7 12 1 4.909 2.718 -1.874
SPIN 1 7 12 2 0.487 3.751 4.549
SPIN 1 7 12 3 -3.374 3.440 -3.433
SPIN 1 7 12 4 1.870 -3.233 4.588
SPIN 1 7 12 5 5.375 1.311 2.096
SPIN 1 7 12 6 -0.068 -5.097 3.003
SPIN 1 7 12 7 -5.682 -0.052 -1.648
SPIN 1 7 12 8 4.911 0.321 3.283
SPIN 1 7 12 9 -5.082 -1.291 -2.740
SPIN 1 7 12 10 3.767 1.744 -4.216
SPIN 1 7 12 11 -3.783 -4.225 1.683
SPIN 1 7 12 12 -2.036 -5.471 -0.961
SPIN 1 7 12 13 5.786 -0.933 -0.811
SPIN 1 7 12 14 -3.193 4.262 -2.577
SPIN 1 7 12 15 4.437 2.943 2.578
SPIN 4 7 12 0 -1.237 -2.457 5.238
SPIN 4 7 12 1 -2.244 5.473 0.109
SPIN 4 7 12 2 -0.921 -0.818 -5.786
SPIN 4 7 12 3 5.323 2.207 1.338
SPIN 4 7 12 4 -0.808 5.800 0.840
SPIN 4 7 12 5 -4.741 -1.892 -2.990
SPIN 4 7 12 6 4.558 -2.808 2.518
SPIN 4 7 12 7 -0.715 -0.564 5.846
SPIN 4 7 12 8 -1.308 3.028 -4.911
SPIN 4 7 12 9 -2.358 5.339 -0.966
SPIN 4 7 12 10 4.618 -2.336 2.868
SPIN 4 7 12 11 5.312 -0.463 -2.562
SPIN 4 7 12 12 2.234 1.803 5.173
SPIN 4 7 12 13 0.608 3.726 -4.555
SPIN 4 7 12 14 -1.921 -2.518 4.997
SPIN 4 7 12 15 -0.935 5.290 -2.478
SPIN 1 7 13 0 2.373 2.470 -4.824
SPIN 1 7 13 1 -4.533 -2.457 2.901
SPIN 1 7 13 2 1.373 -5.719 -0.642
SPIN 1 7 13 3 -4.934 -1.020 3.101
SPIN 1 7 13 4 -3.916 -1.602 -4.135
SPIN 1 7 13 5 -1.523 -4.698 3.258
SPIN 1 7 13 6 -1.101 -3.699 4.484
SPIN 1 7 13 7 2.466 2.555 -4.732
SPIN 1 7 13 8 -0.886 -1.576 -5.633
SPIN 1 7 13 9 -2.308 -3.295 -4.338
SPIN 1 7 13 10 -4.017 -3.847 2.016
SPIN 1 7 13 11 -4.975 -3.060 0.938
SPIN 1 7 13 12 2.146 2.748 -4.780
SPIN 1 7 13 13 0.197 -3.623 -4.673
SPIN 1 7 13 14 -4.398 3.426 1.979
SPIN 1 7 13 15 -0.420 2.890 5.145
SPIN 4 7 13 0 -4.477 2.964 2.484
SPIN 4 7 13 1 2.333 -1.801 -5.129
SPIN 4 7 13 2 3.174 -2.566 4.283
SPIN 4 7 13 3 0.182 2.134 5.515
SPIN 4 7 13 4 -3.433 -4.803 0.385
SPIN 4 7 13 5 2.075 -3.758 -4.071
SPIN 4 7 13 6 -2.491 -3.872 3.715
SPIN 4 7 13 7 -5.682 0.834 1.421
SPIN 4 7 13 8 4.462 -3.822 0.696
SPIN 4 7 13 9 2.742 4.829 -2.039
SPIN 4 7 13 10 -3.793 0.594 4.501
SPIN 4 7 13 11 -5.286 -1.383 2.268
SPIN 4 7 13 12 4.865 -3.364 0.112
SPIN 4 7 13 13 -3.781 -3.338 -3.092
SPIN 4 7 13 14 1.613 1.787 -5.404
SPIN 4 7 13 15 -4.726 -1.566 3.196
SPIN 1 7 14 0 -1.964 -5.508 -0.901
SPIN 1 7 14 1 -4.705 2.970 2.010
SPIN 1 7 14 2 1.813 -0.167 -5.629
SPIN 1 7 14 3 0.095 5.655 -1.736
SPIN 1 7 14 4 -1.737 -5.391 -1.710
SPIN 1 7 14 5 0.572 4.752 -3.477
SPIN 1 7 14 6 -4.673 -3.425 -1.197
SPIN 1 7 14 7 -5.300 -1.994 -1.713
SPIN 1 7 14 8 1.451 5.150 -2.524
SPIN 1 7 14 9 -2.429 4.169 -3.423
SPIN 1 7 14 10 4.850 -1.090 3.208
SPIN 1 7 14 11 -1.742 5.412 -1.634
SPIN 1 7 14 12 4.199 -0.311 -4.156
SPIN 1 7 14 13 2.529 4.499 -2.892
SPIN 1 7 14 14 -1.789 5.392 1.652
SPIN 1 7 14 15 -5.646 1.723 0.398
SPIN 4 7 14 0 1.697 3.583 -4.392
SPIN 4 7 14 1 -4.668 2.288 -2.824
SPIN 4 7 14 2 5.717 -0.439 1.458
SPIN 4 7 14 3 -5.696 -1.597 0.027
SPIN 4 7 14 4 1.870 -5.033 -2.485
SPIN 4 7 14 5 -3.288 3.842 3.071
SPIN 4 7 14 6 2.713 2.500 4.625
SPIN 4 7 14 7 -3.839 -2.365 -3.830
SPIN 4 7 14 8 -5.072 -3.043 -0.107
SPIN 4 7 14 9 1.342 5.643 1.163
SPIN 4 7 14 10 -3.820 2.012 4.045
SPIN 4 7 14 11 2.339 -5.240 -1.437
SPIN 4 7 14 12 1.112 -2.496 5.247
SPIN 4 7 14 13 2.966 5.104 -0.393
SPIN 4 7 14 14 3.560 3.897 2.671
SPIN 4 7 14 15 -5.519 -1.784 -1.166
SPIN 1 7 15 0 4.714 3.549 0.430
SPIN 1 7 15 1 -1.984 -5.270 -1.814
SPIN 1 7 15 2 2.120 -4.184 3.605
SPIN 1 7 15 3 -3.634 2.608 -3.872
SPIN 1 7 15 4 5.744 0.609 -1.281
SPIN 1 7 15 5 5.270 -1.022 -2.486
SPIN 1 7 15 6 4.468 -2.459 2.998
SPIN 1 7 15 7 5.380 -1.696 1.783
SPIN 1 7 15 8 4.953 -2.460 2.101
SPIN 1 7 15 9 3.935 1.700 4.077
SPIN 1 7 15 10 3.612 4.603 0.879
SPIN 1 7 15 11 -1.063 -5.109 -2.788
SPIN 1 7 15 12 3.228 4.742 1.446
SPIN 1 7 15 13 3.757 -0.844 -4.491
SPIN 1 7 15 14 -1.433 -2.089 -5.346
SPIN 1 7 15 15 3.781 -0.623 4.508
SPIN 4 7 15 0 -5.372 -2.405 0.594
SPIN 4 7 15 1 4.333 -3.889 1.050
SPIN 4 7 15 2 -3.128 3.052 -3.987
SPIN 4 7 15 3 4.188 -2.778 3.120
SPIN 4 7 15 4 -1.277 -0.215 5.773
SPIN 4 7 15 5 5.546 0.045 2.059
SPIN 4 7 15 6 -5.893 0.370 0.366
SPIN 4 7 15 7 5.829 -0.912 -0.438
SPIN 4 7 15 8 -5.323 2.314 1.143
SPIN 4 7 15 9 -4.419 1.654 -3.570
SPIN 4 7 15 10 4.255 -3.430 2.265
SPIN 4 7 15 11 1.852 2.258 -5.145
SPIN 4 7 15 12 5.058 -0.203 3.062
SPIN 4 7 15 13 -2.922 -4.849 -1.718
SPIN 4 7 15 14 2.297 -5.397 0.772
SPIN 4 7 15 15 -0.540 5.840 -0.775
SPIN 3 7 0 0 2.441 -2.831 4.585
SPIN 3 7 0 1 2.276 3.680 -4.034
SPIN 3 7 0 2 -5.129 -2.620 1.351
SPIN 3 7 0 3 -1.875 -5.492 -1.150
SPIN 3 7 0 4 0.807 -5.857 0.216
SPIN 3 7 0 5 -0.103 5.104 -2.990
SPIN 3 7 0 6 -5.060 -1.436 2.708
SPIN 3 7 0 7 -1.324 1.092 -5.662
SPIN 3 7 0 8 -1.053 2.615 5.201
SPIN 3 7 0 9 -5.106 -1.040 -2.802
SPIN 3 7 0 10 -1.194 -4.763 3.300
SPIN 3 7 0 11 4.158 -3.459 2.397
SPIN 3 7 0 12 0.511 5.649 1.681
SPIN 3 7 0 13 -0.536 -2.427 5.369
SPIN 3 7 0 14 -5.875 -0.550 -0.426
SPIN 3 7 0 15 -5.509 -1.683 1.348
SPIN 2 7 0 0 4.452 0.486 -3.866
SPIN 2 7 0 1 2.389 1.742 5.124
SPIN 2 7 0 2 -3.992 -0.240 -4.360
SPIN 2 7 0 3 -4.277 1.292 -3.878
SPIN 2 7 0 4 3.858 0.560 4.450
SPIN 2 7 0 5 3.303 -4.738 -1.280
SPIN 2 7 0 6 3.743 -0.929 -4.486
SPIN 2 7 0 7 2.519 4.623 2.699
SPIN 2 7 0 8 -2.503 -4.364 3.113
SPIN 2 7 0 9 5.623 -1.337 -1.265
SPIN 2 7 0 10 0.531 2.501 5.335
SPIN 2 7 0 11 2.142 -5.181 1.890
SPIN 2 7 0 12 2.330 3.026 4.518
SPIN 2 7 0 13 -2.668 -5.084 -1.428
SPIN 2 7 0 14 1.330 -5.596 -1.382
SPIN 2 7 0 15 -3.073 -5.010 0.674
SPIN 3 7 1 0 5.758 1.289 -0.427
SPIN 3 7 1 1 -4.451 3.310 2.056
SPIN 3 7 1 2 0.110 5.909 0.258
SPIN 3 7 1 3 -0.240 5.792 1.182
SPIN 3 7 1 4 2.590 5.257 -0.813
SPIN 3 7 1 5 1.048 0.127 5.821
SPIN 3 7 1 6 -1.620 -3.861 -4.180
SPIN 3 7 1 7 2.062 4.680 2.975
SPIN 3 7 1 8 3.612 -4.663 0.460
SPIN 3 7 1 9 4.240 0.086 -4.125
SPIN 3 7 1 10 -4.670 2.467 -2.666
SPIN 3 7 1 11 2.906 4.905 1.580
SPIN 3 7 1 12 0.794 -2.889 5.101
SPIN 3 7 1 13 -4.311 4.051 -0.012
SPIN 3 7 1 14 0.440 5.898 0.145
SPIN 3 7 1 15 -1.853 4.564 3.276
SPIN 2 7 1 0 -2.262 -2.441 4.891
SPIN 2 7 1 1 -4.737 -3.499 -0.568
SPIN 2 7 1 2 3.374 3.628 -3.234
SPIN 2 7 1 3 1.527 -2.594 5.093
SPIN 2 7 1 4 4.573 -3.716 0.526
SPIN 2 7 1 5 1.116 -5.622 -1.466
SPIN 2 7 1 6 0.360 0.693 -5.864
SPIN 2 7 1 7 4.857 -2.119 2.630
SPIN 2 7 1 8 3.964 -3.866 2.084
SPIN 2 7 1 9 -5.200 2.262 -1.684
SPIN 2 7 1 10 0.378 5.781 1.199
SPIN 2 7 1 11 -5.397 1.748 1.677
SPIN 2 7 1 12 2.071 0.796 5.484
SPIN 2 7 1 13 5.403 -1.364 -1.988
SPIN 2 7 1 14 4.722 -3.513 -0.604
SPIN 2 7 1 15 -5.480 2.041 0.896
SPIN 3 7 2 0 -0.299 0.753 -5.860
SPIN 3 7 2 1 -5.258 -1.520 2.245
SPIN 3 7 2 2 5.247 -2.500 1.107
SPIN 3 7 2 3 -2.907 4.506 2.499
SPIN 3 7 2 4 5.623 -0.486 1.773
SPIN 3 7 2 5 5.684 -1.629 0.209
SPIN 3 7 2 6 3.335 -4.016 2.784
SPIN 3 7 2 7 -5.023 -2.900 -1.164
SPIN 3 7 2 8 -3.888 4.016 1.938
SPIN 3 7 2 9 0.109 -2.542 -5.341
SPIN 3 7 2 10 4.505 0.935 -3.719
SPIN 3 7 2 11 -1.418 5.692 -0.765
SPIN 3 7 2 12 -0.961 5.799 -0.672
SPIN 3 7 2 13 1.538 4.294 3.768
SPIN 3 7 2 14 4.284 1.713 3.703
SPIN 3 7 2 15 -1.485 -5.578 -1.297
SPIN 2 7 2 0 3.846 4.255 1.449
SPIN 2 7 2 1 0.786 -5.256 2.599
SPIN 2 7 2 2 3.456 1.633 -4.516
SPIN 2 7 2 3 1.493 -4.965 2.849
SPIN 2 7 2 4 -1.633 4.666 3.250
SPIN 2 7 2 5 1.438 5.493 1.662
SPIN 2 7 2 6 -2.929 -0.984 5.045
SPIN 2 7 2 7 -0.256 5.887 0.527
SPIN 2 7 2 8 -2.130 -5.053 2.222
SPIN 2 7 2 9 5.104 -2.482 1.669
SPIN 2 7 2 10 -4.829 3.341 -0.723
SPIN 2 7 2 11 -2.379 -2.847 -4.608
SPIN 2 7 2 12 -0.565 4.372 -3.945
SPIN 2 7 2 13 -4.873 2.659 2.045
SPIN 2 7 2 14 -1.921 4.424 3.426
SPIN 2 7 2 15 -2.428 5.293 1.046
SPIN 3 7 3 0 -2.235 3.668 4.068
SPIN 3 7 3 1 1.724 -4.418 -3.537
SPIN 3 7 3 2 -2.079 4.850 2.675
SPIN 3 7 3 3 5.243 -1.647 -2.191
SPIN 3 7 3 4 -0.869 -4.543 -3.689
SPIN 3 7 3 5 0.704 0.209 5.870
SPIN 3 7 3 6 -3.083 -0.447 -5.029
SPIN 3 7 3 7 1.357 -1.801 5.470
SPIN 3 7 3 8 0.986 -0.516 -5.811
SPIN 3 7 3 9 1.004 3.167 4.895
SPIN 3 7 3 10 5.552 -0.909 1.829
SPIN 3 7 3 11 0.206 -0.440 -5.896
SPIN 3 7 3 12 0.216 -5.250 -2.720
SPIN 3 7 3 13 -0.285 -1.812 -5.624
SPIN 3 7 3 14 -4.208 1.100 4.011
SPIN 3 7 3 15 -1.245 -4.543 -3.579
SPIN 2 7 3 0 1.007 -1.334 -5.675
SPIN 2 7 3 1 -4.746 -2.685 2.295
SPIN 2 7 3 2 3.203 -4.650 -1.766
SPIN 2 7 3 3 -3.903 -3.750 -2.389
SPIN 2 7 3 4 5.348 -0.113 -2.528
SPIN 2 7 3 5 1.480 -3.179 4.765
SPIN 2 7 3 6 2.666 2.943 -4.385
SPIN 2 7 3 7 -3.687 3.822 -2.608
SPIN 2 7 3 8 3.498 2.162 4.253
SPIN 2 7 3 9 -3.997 -2.534 3.550
SPIN 2 7 3 10 5.202 1.534 2.364
SPIN 2 7 3 11 -4.458 3.887 -0.151
SPIN 2 7 3 12 3.510 -4.762 -0.093
SPIN 2 7 3 13 -1.349 -5.759 0.102
SPIN 2 7 3 14 5.798 0.891 0.765
SPIN 2 7 3 15 1.882 -5.605 0.209
SPIN 3 7 4 0 -0.194 2.887 -5.160
SPIN 3 7 4 1 2.800 4.779 2.079
SPIN 3 7 4 2 -3.245 -2.158 -4.451
SPIN 3 7 4 3 -0.200 1.102 5.809
SPIN 3 7 4 4 5.323 0.334 2.560
SPIN 3 7 4 5 -2.298 -2.029 -5.060
SPIN 3 7 4 6 1.294 -3.384 4.677
SPIN 3 7 4 7 -5.017 -2.944 -1.077
SPIN 3 7 4 8 2.117 -3.509 4.267
SPIN 3 7 4 9 3.011 0.781 -5.032
SPIN 3 7 4 10 -3.723 -3.711 2.713
SPIN 3 7 4 11 4.608 -1.918 3.177
SPIN 3 7 4 12 -1.805 0.188 5.631
SPIN 3 7 4 13 5.473 1.946 -1.122
SPIN 3 7 4 14 4.353 2.083 3.423
SPIN 3 7 4 15 -5.295 -0.133 2.636
SPIN 2 7 4 0 -0.537 5.366 2.433
SPIN 2 7 4 1 0.792 5.810 0.784
SPIN 2 7 4 2 -4.535 -3.652 -1.044
SPIN 2 7 4 3 3.809 1.313 4.333
SPIN 2 7 4 4 -3.386 4.581 1.596
SPIN 2 7 4 5 2.171 4.659 -2.930
SPIN 2 7 4 6 -5.296 -2.273 -1.335
SPIN 2 7 4 7 0.490 5.710 1.467
SPIN 2 7 4 8 -3.913 -3.782 2.320
SPIN 2 7 4 9 5.847 0.887 0.160
SPIN 2 7 4 10 -3.074 -3.673 -3.473
SPIN 2 7 4 11 5.087 3.019 -0.064
SPIN 2 7 4 12 -2.853 5.121 -0.800
SPIN 2 7 4 13 -0.337 -1.814 -5.621
SPIN 2 7 4 14 -2.324 -2.057 -5.037
SPIN 2 7 4 15 -0.326 -5.788 1.183
SPIN 3 7 5 0 1.549 5.058 -2.649
SPIN 3 7 5 1 -0.968 0.207 5.833
SPIN 3 7 5 2 1.736 -3.237 4.638
SPIN 3 7 5 3 -0.409 1.503 -5.707
SPIN 3 7 5 4 1.077 -1.728 -5.554
SPIN 3 7 5 5 -4.580 -0.581 3.699
SPIN 3 7 5 6 4.707 3.452 -0.965
SPIN 3 7 5 7 2.234 -4.754 -2.721
SPIN 3 7 5 8 3.852 0.768 -4.424
SPIN 3 7 5 9 1.973 -3.460 4.374
SPIN 3 7 5 10 -4.913 2.292 -2.369
SPIN 3 7 5 11 -5.898 -0.446 -0.121
SPIN 3 7 5 12 4.112 1.741 -3.881
SPIN 3 7 5 13 -5.091 -1.463 2.635
SPIN 3 7 5 14 -4.840 1.773 2.904
SPIN 3 7 5 15 5.102 1.817 -2.381
SPIN 2 7 5 0 -2.722 5.236 0.416
SPIN 2 7 5 1 5.703 -1.024 1.193
SPIN 2 7 5 2 1.945 5.542 -0.713
SPIN 2 7 5 3 -2.190 -1.380 -5.320
SPIN 2 7 5 4 -0.484 1.218 5.769
SPIN 2 7 5 5 -0.690 2.682 -5.228
SPIN 2 7 5 6 2.482 -3.026 4.437
SPIN 2 7 5 7 2.005 -1.638 -5.320
SPIN 2 7 5 8 4.318 3.783 1.432
SPIN 2 7 5 9 -0.226 5.293 2.632
SPIN 2 7 5 10 -4.736 1.566 -3.181
SPIN 2 7 5 11 -1.071 -5.588 -1.620
SPIN 2 7 5 12 -3.556 -4.403 -1.722
SPIN 2 7 5 13 1.714 2.187 5.223
SPIN 2 7 5 14 5.124 -2.828 -0.865
SPIN 2 7 5 15 4.686 3.327 1.402
SPIN 3 7 6 0 -3.332 4.698 1.351
SPIN 3 7 6 1 2.172 1.698 -5.235
SPIN 3 7 6 2 2.348 -0.727 -5.381
SPIN 3 7 6 3 4.032 -3.976 1.713
SPIN 3 7 6 4 -2.175 3.146 4.513
SPIN 3 7 6 5 -1.082 -5.182 2.642
SPIN 3 7 6 6 -4.856 -2.268 -2.506
SPIN 3 7 6 7 -0.869 4.669 3.528
SPIN 3 7 6 8 1.041 -5.514 -1.875
SPIN 3 7 6 9 -3.002 4.491 2.412
SPIN 3 7 6 10 1.978 5.571 0.228
SPIN 3 7 6 11 4.745 3.386 -1.010
SPIN 3 7 6 12 -4.794 -3.369 0.815
SPIN 3 7 6 13 2.975 4.712 -1.986
SPIN 3 7 6 14 2.022 -4.246 -3.589
SPIN 3 7 6 15 -1.924 -3.105 -4.654
SPIN 2 7 6 0 4.925 -1.680 -2.815
SPIN 2 7 6 1 -1.231 5.452 1.938
SPIN 2 7 6 2 -5.648 1.627 -0.670
SPIN 2 7 6 3 -1.563 -2.550 -5.104
SPIN 2 7 6 4 0.390 -1.337 -5.750
SPIN 2 7 6 5 -4.879 -2.245 2.481
SPIN 2 7 6 6 2.865 1.923 -4.806
SPIN 2 7 6 7 0.425 -2.713 5.240
SPIN 2 7 6 8 1.490 2.417 -5.190
SPIN 2 7 6 9 -0.298 5.790 1.178
SPIN 2 7 6 10 -0.340 -5.167 -2.860
SPIN 2 7 6 11 -3.722 3.306 3.196
SPIN 2 7 6 12 -3.791 0.981 4.435
SPIN 2 7 6 13 -3.605 4.606 -0.887
SPIN 2 7 6 14 0.274 -5.909 0.069
SPIN 2 7 6 15 -2.124 4.584 -3.078
SPIN 3 7 7 0 0.774 3.722 -4.533
SPIN 3 7 7 1 -5.312 -2.306 1.209
SPIN 3 7 7 2 3.371 -2.117 4.376
SPIN 3 7 7 3 2.790 -2.199 -4.731
SPIN 3 7 7 4 -4.933 -0.566 3.217
SPIN 3 7 7 5 1.416 -4.762 3.213
SPIN 3 7 7 6 -5.489 -0.455 2.160
SPIN 3 7 7 7 -0.389 3.484 4.766
SPIN 3 7 7 8 -0.803 -3.914 4.363
SPIN 3 7 7 9 4.523 -3.638 -1.142
SPIN 3 7 7 10 1.438 -3.914 -4.197
SPIN 3 7 7 11 5.667 0.971 1.396
SPIN 3 7 7 12 3.877 -3.628 -2.608
SPIN 3 7 7 13 3.083 -3.319 3.805
SPIN 3 7 7 14 0.875 2.497 5.291
SPIN 3 7 7 15 4.356 0.750 3.932
SPIN 2 7 7 0 1.922 -5.468 -1.186
SPIN 2 7 7 1 1.305 5.733 0.653
SPIN 2 7 7 2 -3.848 -4.429 -0.756
SPIN 2 7 7 3 -2.328 5.436 -0.162
SPIN 2 7 7 4 3.336 1.787 4.547
SPIN 2 7 7 5 -1.217 0.897 5.720
SPIN 2 7 7 6 -1.818 -4.226 -3.720
SPIN 2 7 7 7 -2.327 4.896 -2.370
SPIN 2 7 7 8 0.931 5.321 -2.412
SPIN 2 7 7 9 1.674 -5.456 1.557
SPIN 2 7 7 10 -0.856 5.752 -1.089
SPIN 2 7 7 11 3.728 1.558 4.321
SPIN 2 7 7 12 0.431 -4.311 4.029
SPIN 2 7 7 13 -0.727 5.649 -1.602
SPIN 2 7 7 14 -0.611 1.994 5.536
SPIN 2 7 7 15 1.194 0.854 5.731
SPIN 3 7 8 0 -4.647 3.391 -1.379
SPIN 3 7 8 1 5.155 2.900 0.132
SPIN 3 7 8 2 -0.383 5.700 -1.536
SPIN 3 7 8 3 -1.413 -5.344 -2.107
SPIN 3 7 8 4 1.980 -3.069 4.654
SPIN 3 7 8 5 -0.231 3.368 -4.858
SPIN 3 7 8 6 4.269 -3.839 1.428
SPIN 3 7 8 7 5.140 -2.843 -0.705
SPIN 3 7 8 8 -1.609 4.664 -3.265
SPIN 3 7 8 9 5.408 2.270 -0.772
SPIN 3 7 8 10 -0.974 -5.580 -1.708
SPIN 3 7 8 11 1.148 2.613 5.182
SPIN 3 7 8 12 2.157 -4.443 -3.257
SPIN 3 7 8 13 3.268 -4.310 -2.396
SPIN 3 7 8 14 -3.240 4.921 0.538
SPIN 3 7 8 15 4.081 -4.046 1.406
SPIN 2 7 8 0 1.214 5.225 -2.496
SPIN 2 7 8 1 4.547 -3.170 -2.069
SPIN 2 7 8 2 -5.775 0.972 -0.840
SPIN 2 7 8 3 -0.911 -3.510 -4.674
SPIN 2 7 8 4 -3.372 0.512 4.834
SPIN 2 7 8 5 4.255 -0.722 -4.046
SPIN 2 7 8 6 1.975 3.739 4.138
SPIN 2 7 8 7 -3.793 1.165 4.388
SPIN 2 7 8 8 -3.243 -1.772 -4.620
SPIN 2 7 8 9 -3.521 4.201 -2.226
SPIN 2 7 8 10 2.517 -2.851 -4.532
SPIN 2 7 8 11 1.766 0.284 -5.639
SPIN 2 7 8 12 -0.142 -5.910 -0.226
SPIN 2 7 8 13 5.706 -1.471 -0.529
SPIN 2 7 8 14 2.771 -0.275 -5.220
SPIN 2 7 8 15 2.971 0.966 5.024
SPIN 3 7 9 0 0.652 -5.662 1.587
SPIN 3 7 9 1 -5.084 2.767 1.223
SPIN 3 7 9 2 5.832 -0.956 0.280
SPIN 3 7 9 3 4.331 -0.437 -4.007
SPIN 3 7 9 4 -4.885 -2.805 -1.808
SPIN 3 7 9 5 3.915 1.627 4.126
SPIN 3 7 9 6 3.223 -3.817 -3.169
SPIN 3 7 9 7 -5.760 0.902 1.003
SPIN 3 7 9 8 3.350 2.089 -4.406
SPIN 3 7 9 9 -4.928 3.197 -0.704
SPIN 3 7 9 10 4.571 3.369 1.662
SPIN 3 7 9 11 -1.761 -3.182 -4.666
SPIN 3 7 9 12 -0.711 2.847 5.137
SPIN 3 7 9 13 -0.293 -5.577 1.952
SPIN 3 7 9 14 -5.458 -0.882 2.106
SPIN 3 7 9 15 1.593 5.662 -0.636
SPIN 2 7 9 0 -1.906 -5.459 1.251
SPIN 2 7 9 1 -3.182 -2.165 4.493
SPIN 2 7 9 2 5.418 -0.625 2.292
SPIN 2 7 9 3 -4.659 3.563 -0.776
SPIN 2 7 9 4 5.177 -0.298 -2.848
SPIN 2 7 9 5 -2.396 1.104 -5.295
SPIN 2 7 9 6 3.420 3.598 -3.218
SPIN 2 7 9 7 -3.988 2.952 -3.222
SPIN 2 7 9 8 -4.901 -1.314 3.042
SPIN 2 7 9 9 -0.067 -5.485 2.215
SPIN 2 7 9 10 0.627 -4.534 -3.748
SPIN 2 7 9 11 2.816 -3.857 -3.492
SPIN 2 7 9 12 -5.276 2.386 1.215
SPIN 2 7 9 13 -4.154 2.774 -3.169
SPIN 2 7 9 14 5.565 -1.996 -0.213
SPIN 2 7 9 15 -3.967 1.300 4.192
SPIN 3 7 10 0 -4.071 2.178 3.700
SPIN 3 7 10 1 5.373 -1.532 -1.944
SPIN 3 7 10 2 -0.828 3.589 -4.630
SPIN 3 7 10 3 -4.123 2.653 3.312
SPIN 3 7 10 4 -1.759 -1.775 5.362
SPIN 3 7 10 5 -0.680 5.010 -3.071
SPIN 3 7 10 6 0.036 -2.030 5.557
SPIN 3 7 10 7 -0.838 3.367 -4.792
SPIN 3 7 10 8 5.419 2.285 0.644
SPIN 3 7 10 9 2.334 3.388 4.251
SPIN 3 7 10 10 -4.716 1.426 3.275
SPIN 3 7 10 11 5.207 -2.241 1.692
SPIN 3 7 10 12 -1.897 1.684 5.345
SPIN 3 7 10 13 4.066 -3.643 -2.279
SPIN 3 7 10 14 -5.505 -2.151 -0.250
SPIN 3 7 10 15 3.497 -0.749 -4.713
SPIN 2 7 10 0 1.906 2.321 5.097
SPIN 2 7 10 1 5.596 -0.941 -1.673
SPIN 2 7 10 2 3.916 -2.935 -3.325
SPIN 2 7 10 3 -0.869 2.249 5.402
SPIN 2 7 10 4 -3.264 2.500 -4.254
SPIN 2 7 10 5 2.871 -5.172 -0.094
SPIN 2 7 10 6 -1.100 5.298 2.393
SPIN 2 7 10 7 2.043 -4.984 2.446
SPIN 2 7 10 8 -3.297 -0.368 -4.898
SPIN 2 7 10 9 -0.981 2.754 5.144
SPIN 2 7 10 10 1.101 3.535 4.615
SPIN 2 7 10 11 -4.130 4.084 -1.122
SPIN 2 7 10 12 -0.927 -1.671 5.599
SPIN 2 7 10 13 3.864 3.686 2.546
SPIN 2 7 10 14 2.447 -4.852 2.339
SPIN 2 7 10 15 4.075 -4.004 1.539
SPIN 3 7 11 0 4.320 -2.665 3.040
SPIN 3 7 11 1 0.609 -0.803 5.830
SPIN 3 7 11 2 -4.125 1.451 -3.985
SPIN 3 7 11 3 -2.650 -5.288 -0.134
SPIN 3 7 11 4 1.197 0.820 -5.735
SPIN 3 7 11 5 1.719 -5.222 -2.185
SPIN 3 7 11 6 -1.170 3.823 4.360
SPIN 3 7 11 7 4.790 -0.036 3.472
SPIN 3 7 11 8 -2.110 5.506 -0.483
SPIN 3 7 11 9 -4.496 0.689 -3.783
SPIN 3 7 11 10 5.406 -2.380 0.323
SPIN 3 7 11 11 3.097 -3.909 3.182
SPIN 3 7 11 12 -1.370 1.282 -5.611
SPIN 3 7 11 13 -4.759 3.048 1.751
SPIN 3 7 11 14 0.812 5.333 2.429
SPIN 3 7 11 15 -3.722 -3.844 2.525
SPIN 2 7 11 0 -3.320 4.797 -0.984
SPIN 2 7 11 1 2.352 -2.726 -4.694
SPIN 2 7 11 2 3.189 -3.550 3.497
SPIN 2 7 11 3 4.297 3.739 -1.598
SPIN 2 7 11 4 2.100 0.235 -5.526
SPIN 2 7 11 5 -2.934 -2.259 -4.614
SPIN 2 7 11 6 0.291 5.767 -1.287
SPIN 2 7 11 7 -5.828 -0.141 1.009
SPIN 2 7 11 8 -3.033 4.221 2.826
SPIN 2 7 11 9 -3.486 4.775 -0.229
SPIN 2 7 11 10 4.443 -0.364 3.889
SPIN 2 7 11 11 -3.147 -1.215 -4.860
SPIN 2 7 11 12 2.381 5.358 0.790
SPIN 2 7 11 13 -4.536 -0.927 -3.683
SPIN 2 7 11 14 -3.993 1.152 4.210
SPIN 2 7 11 15 -2.350 4.138 3.514
SPIN 3 7 12 0 -3.594 2.921 3.681
SPIN 3 7 12 1 -3.554 2.888 -3.745
SPIN 3 7 12 2 3.536 -1.802 4.387
SPIN 3 7 12 3 -1.717 5.658 0.202
SPIN 3 7 12 4 -1.072 2.904 -5.041
SPIN 3 7 12 5 0.332 -2.104 5.519
SPIN 3 7 12 6 -0.973 0.432 5.819
SPIN 3 7 12 7 -4.187 -0.151 -4.177
SPIN 3 7 12 8 4.575 3.650 0.863
SPIN 3 7 12 9 4.473 -1.651 3.502
SPIN 3 7 12 10 -5.465 2.117 0.808
SPIN 3 7 12 11 5.308 0.421 2.578
SPIN 3 7 12 12 0.715 5.865 0.307
SPIN 3 7 12 13 3.511 -4.480 -1.613
SPIN 3 7 12 14 2.217 3.408 -4.298
SPIN 3 7 12 15 -1.248 -5.484 -1.835
SPIN 2 7 12 0 -2.434 3.829 -3.797
SPIN 2 7 12 1 4.957 0.887 -3.106
SPIN 2 7 12 2 5.384 -2.298 -0.855
SPIN 2 7 12 3 -5.438 0.225 -2.318
SPIN 2 7 12 4 5.370 0.514 -2.428
SPIN 2 7 12 5 0.285 5.882 -0.569
SPIN 2 7 12 6 -1.727 -5.301 1.980
SPIN 2 7 12 7 3.427 -3.528 -3.287
SPIN 2 7 12 8 4.832 -2.600 2.212
SPIN 2 7 12 9 3.821 -4.475 -0.609
SPIN 2 7 12 10 -3.767 -4.260 1.633
SPIN 2 7 12 11 4.572 -1.953 3.208
SPIN 2 7 12 12 -4.429 2.542 -2.987
SPIN 2 7 12 13 5.221 -1.414 2.396
SPIN 2 7 12 14 1.804 -4.686 3.128
SPIN 2 7 12 15 4.173 -3.854 -1.654
SPIN 3 7 13 0 5.750 -0.899 -1.062
SPIN 3 7 13 1 4.862 2.636 2.100
SPIN 3 7 13 2 -0.605 -2.324 -5.407
SPIN 3 7 13 3 -0.151 -5.466 -2.259
SPIN 3 7 13 4 0.431 -4.434 -3.893
SPIN 3 7 13 5 0.859 5.669 -1.460
SPIN 3 7 13 6 2.949 -1.083 -5.013
SPIN 3 7 13 7 -3.281 -4.878 0.662
SPIN 3 7 13 8 -2.228 1.615 5.237
SPIN 3 7 13 9 -0.257 5.867 0.713
SPIN 3 7 13 10 3.756 -4.460 -1.001
SPIN 3 7 13 11 -5.390 -1.019 -2.216
SPIN 3 7 13 12 3.538 3.085 3.601
SPIN 3 7 13 13 4.348 3.192 -2.431
SPIN 3 7 13 14 -5.468 -0.058 -2.257
SPIN 3 7 13 15 -3.184 1.963 4.583
SPIN 2 7 13 0 1.339 -3.471 -4.600
SPIN 2 7 13 1 -3.760 4.375 1.310
SPIN 2 7 13 2 3.645 -0.096 4.659
SPIN 2 7 13 3 5.607 0.504 -1.818
SPIN 2 7 13 4 2.298 5.448 -0.206
SPIN 2 7 13 5 -5.471 2.171 -0.595
SPIN 2 7 13 6 3.182 4.140 2.781
SPIN 2 7 13 7 -4.522 2.750 2.643
SPIN 2 7 13 8 -2.104 1.532 -5.313
SPIN 2 7 13 9 2.116 -3.127 -4.555
SPIN 2 7 13 10 4.819 -1.075 -3.259
SPIN 2 7 13 11 -0.492 5.366 -2.442
SPIN 2 7 13 12 3.085 -4.928 -1.094
SPIN 2 7 13 13 -4.761 3.402 0.871
SPIN 2 7 13 14 0.351 -5.834 0.916
SPIN 2 7 13 15 4.290 -2.843 2.918
SPIN 3 7 14 0 0.757 1.761 5.597
SPIN 3 7 14 1 4.842 -3.112 -1.367
SPIN 3 7 14 2 -2.523 -2.507 4.727
SPIN 3 7 14 3 -5.262 -0.534 2.651
SPIN 3 7 14 4 5.283 2.563 -0.724
SPIN 3 7 14 5 2.022 -4.733 2.917
SPIN 3 7 14 6 -1.655 -4.785 3.059
SPIN 3 7 14 7 3.207 4.184 -2.685
SPIN 3 7 14 8 1.572 1.773 5.421
SPIN 3 7 14 9 -5.503 1.583 -1.488
SPIN 3 7 14 10 -0.716 4.403 -3.886
SPIN 3 7 14 11 4.884 3.305 -0.471
SPIN 3 7 14 12 -4.995 2.933 1.202
SPIN 3 7 14 13 4.820 -2.382 2.468
SPIN 3 7 14 14 -1.286 -3.611 4.506
SPIN 3 7 14 15 4.624 1.037 -3.542
SPIN 2 7 14 0 -5.667 -0.683 -1.557
SPIN 2 7 14 1 4.327 4.034 -0.012
SPIN 2 7 14 2 4.545 0.833 -3.695
SPIN 2 7 14 3 2.728 -3.161 -4.191
SPIN 2 7 14 4 -1.191 3.227 4.814
SPIN 2 7 14 5 -0.191 5.128 -2.945
SPIN 2 7 14 6 -0.313 -1.056 -5.813
SPIN 2 7 14 7 5.303 0.752 2.512
SPIN 2 7 14 8 -4.682 -3.408 -1.208
SPIN 2 7 14 9 -0.193 5.716 1.511
SPIN 2 7 14 10 -3.518 4.587 -1.258
SPIN 2 7 14 11 1.309 -5.726 0.706
SPIN 2 7 14 12 1.963 0.176 5.578
SPIN 2 7 14 13 -4.418 3.933 0.103
SPIN 2 7 14 14 -1.218 -4.405 -3.757
SPIN 2 7 14 15 5.213 0.508 -2.751
SPIN 3 7 15 0 -4.602 0.342 -3.702
SPIN 3 7 15 1 -3.326 2.107 4.416
SPIN 3 7 15 2 -2.498 -4.084 -3.476
SPIN 3 7 15 3 -3.539 3.385 -3.319
SPIN 3 7 15 4 -5.889 -0.481 -0.301
SPIN 3 7 15 5 1.688 -3.646 4.342
SPIN 3 7 15 6 1.853 0.908 -5.545
SPIN 3 7 15 7 -5.221 -2.597 0.995
SPIN 3 7 15 8 5.851 -0.874 -0.061
SPIN 3 7 15 9 -0.549 1.870 5.586
SPIN 3 7 15 10 3.884 -3.955 2.066
SPIN 3 7 15 11 -5.181 0.411 2.826
SPIN 3 7 15 12 1.125 -4.215 -3.996
SPIN 3 7 15 13 -5.838 -0.732 -0.616
SPIN 3 7 15 14 5.175 2.864 -0.141
SPIN 3 7 15 15 -0.477 -4.045 4.291
SPIN 2 7 15 0 -4.292 -3.768 -1.545
SPIN 2 7 15 1 -3.954 -1.278 -4.211
SPIN 2 7 15 2 5.666 -0.963 -1.405
SPIN 2 7 15 3 3.927 -2.447 3.687
SPIN 2 7 15 4 -2.565 3.641 -3.894
SPIN 2 7 15 5 -0.849 -5.696 1.352
SPIN 2 7 15 6 -0.362 5.438 2.302
SPIN 2 7 15 7 3.587 0.863 -4.624
SPIN 2 7 15 8 3.935 4.307 -0.983
SPIN 2 7 15 9 2.338 5.335 1.037
SPIN 2 7 15 10 0.394 2.423 5.383
SPIN 2 7 15 11 1.500 3.908 4.181
SPIN 2 7 15 12 -5.382 0.191 -2.449
SPIN 2 7 15 13 4.393 3.676 1.479
SPIN 2 7 15 14 5.286 2.032 1.713
SPIN 2 7 15 15 1.609 2.069 5.304
SPIN 1 8 0 0 -1.754 -5.347 -1.825
SPIN 1 8 0 1 5.218 -1.707 2.203
SPIN 1 8 0 2 -4.951 -1.078 3.054
SPIN 1 8 0 3 2.388 1.521 5.195
SPIN 1 8 0 4 0.484 -4.053 -4.282
SPIN 1 8 0 5 -4.937 -1.235 3.016
SPIN 1 8 0 6 -4.671 -1.580 3.269
SPIN 1 8 0 7 2.367 -3.947 3.718
SPIN 1 8 0 8 2.896 -2.102 4.711
SPIN 1 8 0 9 -0.030 -3.445 -4.809
SPIN 1 8 0 10 0.817 -4.812 -3.343
SPIN 1 8 0 11 -4.852 3.197 1.111
SPIN 1 8 0 12 3.509 -2.736 3.899
SPIN 1 8 0 13 -0.651 -5.076 -2.969
SPIN 1 8 0 14 -2.765 4.400 -2.827
SPIN 1 8 0 15 5.422 -2.364 -0.084
SPIN 4 8 0 0 3.738 4.585 0.022
SPIN 4 8 0 1 3.298 -3.535 -3.409
SPIN 4 8 0 2 -0.055 5.657 1.730
SPIN 4 8 0 3 0.657 -2.805 5.167
SPIN 4 8 0 4 4.521 3.458 1.612
SPIN 4 8 0 5 -2.459 2.984 4.478
SPIN 4 8 0 6 2.621 -5.272 0.578
SPIN 4 8 0 7 -5.042 3.083 -0.276
SPIN 4 8 0 8 0.044 5.224 -2.776
SPIN 4 8 0 9 -4.965 1.601 2.791
SPIN 4 8 0 10 1.908 0.243 -5.595
SPIN 4 8 0 11 5.136 -2.215 -1.927
SPIN 4 8 0 12 4.979 1.070 3.010
SPIN 4 8 0 13 -4.046 -4.209 -0.956
SPIN 4 8 0 14 4.022 3.841 -2.017
SPIN 4 8 0 15 0.716 -5.063 -2.976
SPIN 1 8 1 0 -4.062 3.414 -2.616
SPIN 1 8 1 1 -3.096 -3.349 -3.769
SPIN 1 8 1 2 5.291 -0.770 2.533
SPIN 1 8 1 3 2.079 4.502 -3.226
SPIN 1 8 1 4 -0.695 2.452 5.339
SPIN 1 8 1 5 -3.887 4.342 -1.020
SPIN 1 8 1 6 4.566 3.436 1.532
SPIN 1 8 1 7 -3.745 -4.243 -1.725
SPIN 1 8 1 8 -5.313 1.632 2.028
SPIN 1 8 1 9 -2.393 1.082 -5.301
SPIN 1 8 1 10 3.734 3.789 -2.587
SPIN 1 8 1 11 3.247 -0.878 -4.867
SPIN 1 8 1 12 -1.524 4.715 3.231
SPIN 1 8 1 13 3.750 4.465 1.002
SPIN 1 8 1 14 -0.787 -0.480 5.844
SPIN 1 8 1 15 2.047 1.424 5.365
SPIN 4 8 1 0 1.613 2.949 -4.869
SPIN 4 8 1 1 4.905 2.513 2.151
SPIN 4 8 1 2 -0.943 -4.171 4.088
SPIN 4 8 1 3 -2.142 -1.095 -5.405
SPIN 4 8 1 4 -3.538 -3.754 2.897
SPIN 4 8 1 5 5.749 -1.391 0.118
SPIN 4 8 1 6 -3.421 3.025 3.761
SPIN 4 8 1 7 3.829 -4.453 0.716
SPIN 4 8 1 8 3.138 2.543 4.323
SPIN 4 8 1 9 -3.107 -1.982 -4.628
SPIN 4 8 1 10 -4.073 -0.353 4.276
SPIN 4 8 1 11 -5.818 -0.622 -0.871
SPIN 4 8 1 12 -0.625 -5.544 -1.968
SPIN 4 8 1 13 -5.167 -2.416 -1.571
SPIN 4 8 1 14 -0.931 -5.800 0.706
SPIN 4 8 1 15 4.165 -4.019 -1.222
SPIN 1 8 2 0 -2.663 -5.282 -0.092
SPIN 1 8 2 1 0.990 -4.351 3.885
SPIN 1 8 2 2 -2.444 4.512 -2.944
SPIN 1 8 2 3 -5.455 -1.627 1.612
SPIN 1 8 2 4 3.700 -2.284 -4.012
SPIN 1 8 2 5 -1.469 5.368 2.006
SPIN 1 8 2 6 -5.437 -1.852 -1.417
SPIN 1 8 2 7 2.265 3.895 -3.834
SPIN 1 8 2 8 5.020 -2.972 0.984
SPIN 1 8 2 9 3.246 -2.876 -4.024
SPIN 1 8 2 10 0.656 5.469 -2.158
SPIN 1 8 2 11 -1.241 -5.736 0.750
SPIN 1 8 2 12 -2.004 4.539 -3.222
SPIN 1 8 2 13 2.628 -2.794 4.505
SPIN 1 8 2 14 -4.517 2.347 -3.015
SPIN 1 8 2 15 4.169 3.379 -2.491
SPIN 4 8 2 0 -4.263 -3.975 -1.011
SPIN 4 8 2 1 -1.215 -0.993 5.704
SPIN 4 8 2 2 -5.125 -1.936 -2.232
SPIN 4 8 2 3 -1.378 -4.332 3.786
SPIN 4 8 2 4 2.890 3.748 -3.549
SPIN 4 8 2 5 -4.758 -0.378 -3.496
SPIN 4 8 2 6 5.203 2.290 1.639
SPIN 4 8 2 7 -5.336 0.224 2.544
SPIN 4 8 2 8 2.704 -4.517 2.698
SPIN 4 8 2 9 -1.733 -4.595 -3.299
SPIN 4 8 2 10 2.099 -4.687 2.936
SPIN 4 8 2 11 -3.248 2.139 -4.459
SPIN 4 8 2 12 4.970 -2.004 2.506
SPIN 4 8 2 13 2.077 -1.380 5.365
SPIN 4 8 2 14 -3.841 -1.103 -4.362
SPIN 4 8 2 15 1.900 3.807 4.110
SPIN 1 8 3 0 4.809 -0.136 3.443
SPIN 1 8 3 1 5.787 -0.063 -1.228
SPIN 1 8 3 2 0.577 5.114 2.917
SPIN 1 8 3 3 5.610 1.852 0.314
SPIN 1 8 3 4 0.833 3.971 4.305
SPIN 1 8 3 5 1.050 -2.415 -5.298
SPIN 1 8 3 6 -1.709 -5.135 2.389
SPIN 1 8 3 7 1.829 -3.798 -4.151
SPIN 1 8 3 8 -2.528 -5.348 -0.071
SPIN 1 8 3 9 -2.293 3.646 -4.056
SPIN 1 8 3 10 3.206 -0.456 -4.951
SPIN 1 8 3 11 -0.555 -5.580 1.885
SPIN 1 8 3 12 -2.218 4.667 2.882
SPIN 1 8 3 13 4.303 3.842 -1.313
SPIN 1 8 3 14 -2.083 -5.504 -0.604
SPIN 1 8 3 15 1.706 5.648 0.434
SPIN 4 8 3 0 0.603 -2.957 -5.089
SPIN 4 8 3 1 0.610 -1.999 5.535
SPIN 4 8 3 2 -1.456 3.671 -4.405
SPIN 4 8 3 3 3.655 -2.810 3.707
SPIN 4 8 3 4 -4.929 0.972 -3.125
SPIN 4 8 3 5 -3.792 -4.446 -0.923
SPIN 4 8 3 6 -2.407 -1.680 5.136
SPIN 4 8 3 7 0.425 -0.295 -5.893
SPIN 4 8 3 8 -4.775 2.459 -2.480
SPIN 4 8 3 9 4.153 -3.990 -1.355
SPIN 4 8 3 10 4.484 2.090 -3.244
SPIN 4 8 3 11 -0.890 3.623 -4.591
SPIN 4 8 3 12 -3.032 -1.353 4.897
SPIN 4 8 3 13 4.620 3.695 0.038
SPIN 4 8 3 14 4.162 -4.083 -1.002
SPIN 4 8 3 15 -3.181 -4.149 -2.769
SPIN 1 8 4 0 -5.888 -0.328 -0.477
SPIN 1 8 4 1 0.580 5.039 -3.044
SPIN 1 8 4 2 -0.363 -2.786 -5.207
SPIN 1 8 4 3 1.914 4.454 3.392
SPIN 1 8 4 4 -3.827 -2.496 -3.758
SPIN 1 8 4 5 1.723 5.315 1.945
SPIN 1 8 4 6 2.027 -4.179 -3.665
SPIN 1 8 4 7 5.506 -0.735 2.035
SPIN 1 8 4 8 -2.837 0.308 -5.182
SPIN 1 8 4 9 -4.027 1.994 3.848
SPIN 1 8 4 10 -3.398 -1.838 4.481
SPIN 1 8 4 11 4.907 2.358 2.316
SPIN 1 8 4 12 -0.558 2.537 -5.315
SPIN 1 8 4 13 -0.400 -0.721 5.858
SPIN 1 8 4 14 -5.773 0.753 -1.050
SPIN 1 8 4 15 3.353 4.687 -1.337
SPIN 4 8 4 0 2.180 -4.662 -2.918
SPIN 4 8 4 1 -0.478 1.436 -5.719
SPIN 4 8 4 2 5.679 1.542 0.614
SPIN 4 8 4 3 4.301 4.019 -0.591
SPIN 4 8 4 4 -1.707 -1.878 5.344
SPIN 4 8 4 5 5.566 1.953 0.452
SPIN 4 8 4 6 2.618 -2.355 -4.754
SPIN 4 8 4 7 -2.903 -2.874 -4.279
SPIN 4 8 4 8 5.821 -0.104 1.054
SPIN 4 8 4 9 0.473 5.854 -0.708
SPIN 4 8 4 10 -3.877 2.147 3.919
SPIN 4 8 4 11 -4.683 -3.585 -0.473
SPIN 4 8 4 12 5.710 1.180 -1.000
SPIN 4 8 4 13 -3.981 4.123 1.467
SPIN 4 8 4 14 5.190 2.760 0.668
SPIN 4 8 4 15 2.558 2.297 -4.815
SPIN 1 8 5 0 -0.243 -4.624 3.683
SPIN 1 8 5 1 -0.658 -5.860 0.479
SPIN 1 8 5 2 3.427 -0.655 -4.777
SPIN 1 8 5 3 -2.564 -2.147 4.880
SPIN 1 8 5 4 -0.957 1.850 5.537
SPIN 1 8 5 5 -1.355 -1.668 -5.512
SPIN 1 8 5 6 3.341 -3.705 3.179
SPIN 1 8 5 7 -5.911 -0.249 0.016
SPIN 1 8 5 8 5.210 2.789 0.269
SPIN 1 8 5 9 -2.219 -2.892 -4.660
SPIN 1 8 5 10 2.864 1.987 -4.780
SPIN 1 8 5 11 0.797 -0.877 5.796
SPIN 1 8 5 12 -3.594 4.699 0.090
SPIN 1 8 5 13 -3.936 1.109 4.275
SPIN 1 8 5 14 5.443 0.776 2.183
SPIN 1 8 5 15 -3.879 3.935 -2.114
SPIN 4 8 5 0 5.849 -0.887 -0.001
SPIN 4 8 5 1 -1.473 -4.710 3.264
SPIN 4 8 5 2 2.626 -0.283 -5.294
SPIN 4 8 5 3 -0.153 -1.621 -5.688
SPIN 4 8 5 4 0.241 3.278 -4.919
SPIN 4 8 5 5 -1.123 -5.439 2.039
SPIN 4 8 5 6 -3.401 -4.688 -1.207
SPIN 4 8 5 7 -4.952 -0.125 3.234
SPIN 4 8 5 8 1.957 -1.750 5.302
SPIN 4 8 5 9 5.907 0.018 0.333
SPIN 4 8 5 10 -4.627 -1.120 -3.513
SPIN 4 8 5 11 0.415 -5.795 -1.116
SPIN 4 8 5 12 2.871 -4.839 -1.827
SPIN 4 8 5 13 -3.147 4.651 -1.862
SPIN 4 8 5 14 1.350 0.542 5.734
SPIN 4 8 5 15 -4.434 2.643 -2.890
SPIN 1 8 6 0 -2.212 0.092 -5.486
SPIN 1 8 6 1 -1.344 3.301 -4.722
SPIN 1 8 6 2 -4.892 -0.306 3.312
SPIN 1 8 6 3 5.392 1.297 2.060
SPIN 1 8 6 4 -1.330 -0.919 -5.691
SPIN 1 8 6 5 5.552 1.424 -1.466
SPIN 1 8 6 6 -2.177 4.823 2.645
SPIN 1 8 6 7 5.806 -0.979 0.576
SPIN 1 8 6 8 -4.858 -3.367 -0.258
SPIN 1 8 6 9 3.895 3.586 -2.640
SPIN 1 8 6 10 4.434 -3.878 0.550
SPIN 1 8 6 11 -4.692 1.424 -3.310
SPIN 1 8 6 12 1.698 0.120 5.666
SPIN 1 8 6 13 3.220 -0.319 4.953
SPIN 1 8 6 14 -3.046 4.601 2.134
SPIN 1 8 6 15 -2.027 -2.502 4.963
SPIN 4 8 6 0 0.597 -4.275 4.046
SPIN 4 8 6 1 2.830 -1.771 -4.884
SPIN 4 8 6 2 4.137 1.485 3.960
SPIN 4 8 6 3 -4.780 -3.432 -0.609
SPIN 4 8 6 4 5.773 0.521 -1.184
SPIN 4 8 6 5 5.541 0.130 -2.069
SPIN 4 8 6 6 -3.454 4.467 1.766
SPIN 4 8 6 7 3.000 2.289 4.556
SPIN 4 8 6 8 1.945 -2.042 5.201
SPIN 4 8 6 9 -5.592 1.422 1.305
SPIN 4 8 6 10 3.463 1.000 4.691
SPIN 4 8 6 11 2.875 -3.665 -3.647
SPIN 4 8 6 12 2.112 2.244 -5.051
SPIN 4 8 6 13 -2.381 -5.396 -0.459
SPIN 4 8 6 14 -4.430 3.500 1.766
SPIN 4 8 6 15 1.403 -5.207 -2.432
SPIN 1 8 7 0 -0.736 -0.290 5.863
SPIN 1 8 7 1 3.802 -3.850 2.393
SPIN 1 8 7 2 0.150 5.497 -2.181
SPIN 1 8 7 3 -3.271 1.510 -4.693
SPIN 1 8 7 4 5.802 0.131 -1.148
SPIN 1 8 7 5 -0.331 3.472 4.779
SPIN 1 8 7 6 2.523 3.766 3.802
SPIN 1 8 7 7 -4.535 1.221 -3.598
SPIN 1 8 7 8 3.620 3.965 -2.485
SPIN 1 8 7 9 -2.403 -4.095 -3.529
SPIN 1 8 7 10 -4.580 -1.536 3.415
SPIN 1 8 7 11 4.461 -2.261 3.160
SPIN 1 8 7 12 -3.975 4.375 -0.247
SPIN 1 8 7 13 5.634 0.711 -1.659
SPIN 1 8 7 14 4.498 -2.993 -2.409
SPIN 1 8 7 15 3.335 1.251 4.724
SPIN 4 8 7 0 4.443 -2.392 -3.089
SPIN 4 8 7 1 -1.487 -1.711 5.464
SPIN 4 8 7 2 -2.206 -3.391 -4.317
SPIN 4 8 7 3 0.801 -5.285 -2.535
SPIN 4 8 7 4 -1.368 0.832 -5.695
SPIN 4 8 7 5 -0.309 1.543 -5.703
SPIN 4 8 7 6 2.331 -4.228 3.419
SPIN 4 8 7 7 1.001 -5.127 -2.776
SPIN 4 8 7 8 -1.332 4.750 3.266
SPIN 4 8 7 9 -0.222 5.378 -2.455
SPIN 4 8 7 10 2.007 5.482 0.963
SPIN 4 8 7 11 -3.289 -3.216 3.720
SPIN 4 8 7 12 -4.616 1.105 -3.531
SPIN 4 8 7 13 1.517 5.680 -0.661
SPIN 4 8 7 14 -1.110 -1.534 5.605
SPIN 4 8 7 15 -4.508 0.650 -3.776
SPIN 1 8 8 0 -2.393 4.472 3.045
SPIN 1 8 8 1 1.049 -1.087 5.720
SPIN 1 8 8 2 4.927 -0.545 3.230
SPIN 1 8 8 3 -5.626 -1.486 1.070
SPIN 1 8 8 4 2.744 3.326 -4.051
SPIN 1 8 8 5 -1.191 -0.065 5.795
SPIN 1 8 8 6 -3.567 2.958 -3.678
SPIN 1 8 8 7 3.724 3.857 2.500
SPIN 1 8 8 8 2.487 -4.463 2.983
SPIN 1 8 8 9 1.148 -4.828 3.220
SPIN 1 8 8 10 -2.483 0.481 -5.348
SPIN 1 8 8 11 -4.687 -2.699 -2.397
SPIN 1 8 8 12 3.305 2.156 -4.408
SPIN 1 8 8 13 0.636 -0.973 5.801
SPIN 1 8 8 14 -1.579 3.357 4.608
SPIN 1 8 8 15 2.134 -5.048 -2.228
SPIN 4 8 8 0 0.860 1.406 5.682
SPIN 4 8 8 1 -0.738 -3.743 -4.522
SPIN 4 8 8 2 -0.118 -4.488 3.853
SPIN 4 8 8 3 0.355 -3.780 4.538
SPIN 4 8 8 4 2.517 -1.236 -5.209
SPIN 4 8 8 5 2.262 -5.270 1.452
SPIN 4 8 8 6 2.701 -0.268 5.257
SPIN 4 8 8 7 1.127 5.743 -0.868
SPIN 4 8 8 8 -4.458 -2.371 3.084
SPIN 4 8 8 9 3.675 -3.917 -2.482
SPIN 4 8 8 10 0.855 1.376 -5.690
SPIN 4 8 8 11 -4.036 3.691 -2.256
SPIN 4 8 8 12 0.684 -5.608 -1.757
SPIN 4 8 8 13 4.364 3.307 2.241
SPIN 4 8 8 14 -4.162 -3.819 -1.760
SPIN 4 8 8 15 1.090 -5.812 -0.169
SPIN 1 8 9 0 -5.713 1.472 -0.434
SPIN 1 8 9 1 1.352 4.223 -3.916
SPIN 1 8 9 2 0.919 5.388 2.264
SPIN 1 8 9 3 5.212 0.455 -2.762
SPIN 1 8 9 4 -4.327 -1.980 3.516
SPIN 1 8 9 5 -2.652 -5.276 0.361
SPIN 1 8 9 6 4.003 -0.854 -4.272
SPIN 1 8 9 7 1.454 0.706 5.691
SPIN 1 8 9 8 4.601 3.473 -1.331
SPIN 1 8 9 9 0.105 -4.257 -4.107
SPIN 1 8 9 10 -4.683 2.099 -2.944
SPIN 1 8 9 11 2.836 -1.439 -4.989
SPIN 1 8 9 12 4.732 -3.517 0.489
SPIN 1 8 9 13 -2.409 -4.397 -3.140
SPIN 1 8 9 14 1.474 5.255 2.282
SPIN 1 8 9 15 5.748 -0.867 -1.100
SPIN 4 8 9 0 -2.930 2.788 -4.318
SPIN 4 8 9 1 -0.720 -5.867 -0.255
SPIN 4 8 9 2 3.189 3.730 3.304
SPIN 4 8 9 3 -5.671 -1.670 -0.222
SPIN 4 8 9 4 -3.127 4.959 0.790
SPIN 4 8 9 5 3.574 0.871 4.633
SPIN 4 8 9 6 3.328 3.836 3.034
SPIN 4 8 9 7 2.870 2.524 4.516
SPIN 4 8 9 8 -5.695 -1.067 1.198
SPIN 4 8 9 9 -2.218 -1.274 5.335
SPIN 4 8 9 10 3.856 3.387 2.942
SPIN 4 8 9 11 -1.565 -5.226 -2.289
SPIN 4 8 9 12 5.485 1.763 -1.343
SPIN 4 8 9 13 2.040 -1.526 -5.339
SPIN 4 8 9 14 -4.628 2.897 -2.279
SPIN 4 8 9 15 4.964 0.624 -3.157
SPIN 1 8 10 0 1.337 5.090 2.703
SPIN 1 8 10 1 2.784 -2.082 4.787
SPIN 1 8 10 2 -5.302 -1.101 -2.383
SPIN 1 8 10 3 4.590 -2.257 2.972
SPIN 1 8 10 4 0.475 -3.878 -4.443
SPIN 1 8 10 5 -4.551 3.271 -1.895
SPIN 1 8 10 6 -4.050 -3.523 2.488
SPIN 1 8 10 7 -2.975 0.069 -5.113
SPIN 1 8 10 8 2.860 -4.844 -1.831
SPIN 1 8 10 9 -1.763 -5.614 -0.608
SPIN 1 8 10 10 4.430 3.080 -2.426
SPIN 1 8 10 11 -3.149 2.105 4.544
SPIN 1 8 10 12 -2.520 2.137 4.907
SPIN 1 8 10 13 4.145 -3.527 2.320
SPIN 1 8 10 14 3.884 4.268 1.302
SPIN 1 8 10 15 0.445 2.028 -5.540
SPIN 4 8 10 0 -5.336 -2.277 -1.162
SPIN 4 8 10 1 -5.749 -1.178 -0.752
SPIN 4 8 10 2 -2.236 -5.439 -0.645
SPIN 4 8 10 3 3.543 4.554 -1.308
SPIN 4 8 10 4 -2.259 -4.189 -3.514
SPIN 4 8 10 5 5.597 -1.556 -1.120
SPIN 4 8 10 6 0.118 5.581 1.959
SPIN 4 8 10 7 -3.688 2.404 3.952
SPIN 4 8 10 8 -0.363 -4.425 -3.910
SPIN 4 8 10 9 -2.621 1.575 5.065
SPIN 4 8 10 10 1.624 -5.514 -1.399
SPIN 4 8 10 11 3.757 -3.803 -2.534
SPIN 4 8 10 12 4.798 0.797 -3.369
SPIN 4 8 10 13 -4.912 -3.295 -0.098
SPIN 4 8 10 14 -4.423 1.203 3.740
SPIN 4 8 10 15 3.728 -4.225 -1.803
SPIN 1 8 11 0 1.773 -5.639 0.253
SPIN 1 8 11 1 -4.775 3.492 -0.032
SPIN 1 8 11 2 0.439 -0.506 5.878
SPIN 1 8 11 3 -2.357 -2.484 -4.824
SPIN 1 8 11 4 3.608 -2.370 4.045
SPIN 1 8 11 5 -2.604 1.427 5.117
SPIN 1 8 11 6 0.106 -2.568 -5.329
SPIN 1 8 11 7 2.705 2.913 4.381
SPIN 1 8 11 8 -5.549 -1.471 -1.429
SPIN 1 8 11 9 0.961 4.721 3.433
SPIN 1 8 11 10 -2.785 -4.457 2.717
SPIN 1 8 11 11 -5.519 1.135 1.803
SPIN 1 8 11 12 2.612 -3.733 3.774
SPIN 1 8 11 13 1.292 5.065 2.771
SPIN 1 8 11 14 -1.727 5.319 -1.931
SPIN 1 8 11 15 -5.310 -2.605 0.147
SPIN 4 8 11 0 2.399 -4.781 2.527
SPIN 4 8 11 1 -0.201 1.828 -5.623
SPIN 4 8 11 2 2.762 -1.922 4.866
SPIN 4 8 11 3 -3.712 4.607 0.052
SPIN 4 8 11 4 -4.389 2.949 2.654
SPIN 4 8 11 5 2.588 -5.171 -1.251
SPIN 4 8 11 6 1.261 -5.602 1.423
SPIN 4 8 11 7 1.315 0.354 -5.757
SPIN 4 8 11 8 -0.793 -5.572 -1.824
SPIN 4 8 11 9 -3.006 5.078 0.417
SPIN 4 8 11 10 0.378 5.798 1.112
SPIN 4 8 11 11 0.413 -5.891 -0.355
SPIN 4 8 11 12 -0.157 4.943 3.247
SPIN 4 8 11 13 4.468 2.673 2.809
SPIN 4 8 11 14 3.051 -4.584 2.163
SPIN 4 8 11 15 -2.494 4.268 -3.250
SPIN 1 8 12 0 4.381 2.732 2.889
SPIN 1 8 12 1 -0.775 -5.712 1.333
SPIN 1 8 12 2 -2.044 -5.397 -1.301
SPIN 1 8 12 3 4.753 2.489 2.493
SPIN 1 8 12 4 4.123 -3.679 -2.114
SPIN 1 8 12 5 -4.240 0.479 4.098
SPIN 1 8 12 6 3.691 4.558 -0.773
SPIN 1 8 12 7 -3.145 4.529 -2.145
SPIN 1 8 12 8 -4.520 -3.766 0.620
SPIN 1 8 12 9 4.040 3.591 2.405
SPIN 1 8 12 10 -3.555 -1.841 -4.356
SPIN 1 8 12 11 1.745 3.250 4.625
SPIN 1 8 12 12 5.092 -0.025 -3.011
SPIN 1 8 12 13 2.988 -4.662 -2.081
SPIN 1 8 12 14 -1.742 3.198 -4.662
SPIN 1 8 12 15 -3.733 -4.247 1.739
SPIN 4 8 12 0 -3.696 -1.647 4.316
SPIN 4 8 12 1 5.604 0.371 1.859
SPIN 4 8 12 2 -2.996 -2.620 -4.378
SPIN 4 8 12 3 -3.763 3.800 2.529
SPIN 4 8 12 4 -4.248 0.729 4.052
SPIN 4 8 12 5 -4.205 -3.870 1.531
SPIN 4 8 12 6 2.288 3.593 -4.106
SPIN 4 8 12 7 -1.933 -0.555 5.564
SPIN 4 8 12 8 2.039 0.133 -5.552
SPIN 4 8 12 9 -3.454 -4.761 -0.636
SPIN 4 8 12 10 5.827 0.743 0.705
SPIN 4 8 12 11 -2.326 2.544 4.808
SPIN 4 8 12 12 4.454 -3.498 -1.710
SPIN 4 8 12 13 0.281 5.908 -0.138
SPIN 4 8 12 14 0.806 5.855 0.270
SPIN 4 8 12 15 -2.886 0.715 5.115
SPIN 1 8 13 0 -0.593 -0.977 5.805
SPIN 1 8 13 1 2.814 3.367 -3.968
SPIN 1 8 13 2 -1.478 2.646 5.081
SPIN 1 8 13 3 -5.304 -1.466 2.173
SPIN 1 8 13 4 4.990 -0.380 3.156
SPIN 1 8 13 5 2.602 -2.534 4.670
SPIN 1 8 13 6 -1.385 2.545 -5.158
SPIN 1 8 13 7 -5.301 2.614 0.251
SPIN 1 8 13 8 -1.807 -5.435 -1.481
SPIN 1 8 13 9 0.934 -1.104 5.737
SPIN 1 8 13 10 -4.652 3.404 -1.330
SPIN 1 8 13 11 4.233 -1.061 3.995
SPIN 1 8 13 12 4.880 -2.699 1.974
SPIN 1 8 13 13 -2.122 -5.477 0.712
SPIN 1 8 13 14 3.760 2.054 -4.079
SPIN 1 8 13 15 -3.187 2.703 -4.188
SPIN 4 8 13 0 2.653 -0.162 5.285
SPIN 4 8 13 1 -4.645 -2.324 -2.832
SPIN 4 8 13 2 3.881 -1.525 -4.197
SPIN 4 8 13 3 -5.862 -0.129 -0.784
SPIN 4 8 13 4 4.307 -1.964 -3.549
SPIN 4 8 13 5 -3.352 -2.142 4.379
SPIN 4 8 13 6 -3.234 -4.155 2.698
SPIN 4 8 13 7 5.050 -3.081 -0.026
SPIN 4 8 13 8 1.600 4.690 -3.231
SPIN 4 8 13 9 -0.414 -5.878 0.521
SPIN 4 8 13 10 -1.274 3.876 4.285
SPIN 4 8 13 11 4.598 -0.025 -3.723
SPIN 4 8 13 12 -5.789 -0.303 -1.179
SPIN 4 8 13 13 -3.322 4.658 1.505
SPIN 4 8 13 14 -0.440 -2.264 5.448
SPIN 4 8 13 15 2.713 -3.306 -4.088
SPIN 1 8 14 0 -1.340 5.424 -1.944
SPIN 1 8 14 1 3.434 -4.242 2.283
SPIN 1 8 14 2 -5.131 -2.882 -0.609
SPIN 1 8 14 3 -5.187 2.393 1.540
SPIN 1 8 14 4 2.553 -1.375 5.157
SPIN 1 8 14 5 -1.008 -4.726 -3.414
SPIN 1 8 14 6 0.343 4.956 3.213
SPIN 1 8 14 7 3.798 -2.070 -4.036
SPIN 1 8 14 8 -5.884 -0.390 -0.470
SPIN 1 8 14 9 -0.287 -5.007 3.138
SPIN 1 8 14 10 -4.035 2.991 3.127
SPIN 1 8 14 11 5.034 1.349 -2.800
SPIN 1 8 14 12 -2.372 2.447 4.836
SPIN 1 8 14 13 3.541 -1.842 -4.366
SPIN 1 8 14 14 -4.655 1.911 -3.112
SPIN 1 8 14 15 0.982 -5.735 1.070
SPIN 4 8 14 0 -2.444 -2.298 -4.873
SPIN 4 8 14 1 -0.371 5.705 -1.521
SPIN 4 8 14 2 3.669 -4.541 0.960
SPIN 4 8 14 3 5.526 -1.023 1.848
SPIN 4 8 14 4 -5.844 0.917 0.043
SPIN 4 8 14 5 4.135 -2.729 3.233
SPIN 4 8 14 6 -4.844 1.130 -3.203
SPIN 4 8 14 7 -3.276 3.702 3.250
SPIN 4 8 14 8 3.507 0.763 -4.703
SPIN 4 8 14 9 4.777 -3.439 0.596
SPIN 4 8 14 10 -4.848 2.364 -2.430
SPIN 4 8 14 11 0.724 -5.280 2.568
SPIN 4 8 14 12 -2.681 1.203 5.135
SPIN 4 8 14 13 3.370 -2.353 4.255
SPIN 4 8 14 14 -3.630 1.779 4.319
SPIN 4 8 14 15 1.748 -0.719 5.606
SPIN 1 8 15 0 -0.302 4.682 3.603
SPIN 1 8 15 1 -0.436 3.747 4.557
SPIN 1 8 15 2 -0.015 5.913 0.204
SPIN 1 8 15 3 1.766 0.885 -5.577
SPIN 1 8 15 4 -3.047 -3.572 3.600
SPIN 1 8 15 5 -1.812 -0.393 -5.618
SPIN 1 8 15 6 0.679 -1.363 5.717
SPIN 1 8 15 7 3.785 2.853 -3.540
SPIN 1 8 15 8 0.152 5.365 -2.489
SPIN 1 8 15 9 0.510 -4.631 -3.646
SPIN 1 8 15 10 0.671 -4.707 -3.521
SPIN 1 8 15 11 4.155 3.572 2.231
SPIN 1 8 15 12 1.016 -2.752 -5.138
SPIN 1 8 15 13 -3.327 4.496 1.928
SPIN 1 8 15 14 3.563 -4.156 -2.244
SPIN 1 8 15 15 2.929 -3.858 -3.397
SPIN 4 8 15 0 -2.079 3.158 4.550
SPIN 4 8 15 1 -1.159 -4.500 -3.662
SPIN 4 8 15 2 -5.118 1.463 2.581
SPIN 4 8 15 3 -1.287 0.632 -5.740
SPIN 4 8 15 4 3.713 -4.007 2.271
SPIN 4 8 15 5 -4.175 2.355 -3.468
SPIN 4 8 15 6 -1.965 5.562 -0.444
SPIN 4 8 15 7 5.505 -1.927 -0.992
SPIN 4 8 15 8 -1.120 4.487 3.690
SPIN 4 8 15 9 4.240 3.965 -1.142
SPIN 4 8 15 10 -1.731 5.631 0.544
SPIN 4 8 15 11 2.340 -3.015 4.521
SPIN 4 8 15 12 0.719 -1.939 -5.543
SPIN 4 8 15 13 -4.101 4.215 -0.646
SPIN 4 8 15 14 5.636 -0.037 1.797
SPIN 4 8 15 15 -4.425 -3.264 2.183
SPIN 3 8 0 0 -5.700 0.357 1.542
SPIN 3 8 0 1 0.571 2.560 -5.303
SPIN 3 8 0 2 0.998 -4.454 3.764
SPIN 3 8 0 3 1.740 -2.490 -5.077
SPIN 3 8 0 4 -5.148 -2.551 1.412
SPIN 3 8 0 5 -0.346 -5.778 1.222
SPIN 3 8 0 6 -4.394 3.478 -1.896
SPIN 3 8 0 7 -2.712 3.274 4.114
SPIN 3 8 0 8 1.458 4.538 -3.504
SPIN 3 8 0 9 -2.708 -0.523 5.234
SPIN 3 8 0 10 4.055 0.949 4.202
SPIN 3 8 0 11 -2.489 5.308 0.794
SPIN 3 8 0 12 -3.082 -4.332 2.595
SPIN 3 8 0 13 2.703 0.259 5.256
SPIN 3 8 0 14 -5.525 -1.893 0.944
SPIN 3 8 0 15 -4.814 -1.809 2.925
SPIN 2 8 0 0 -1.968 -4.862 -2.737
SPIN 2 8 0 1 -4.852 3.310 -0.708
SPIN 2 8 0 2 0.330 4.139 4.215
SPIN 2 8 0 3 -0.431 -5.801 -1.081
SPIN 2 8 0 4 -3.616 3.559 -3.042
SPIN 2 8 0 5 -5.324 -1.480 -2.114
SPIN 2 8 0 6 2.112 4.392 3.353
SPIN 2 8 0 7 -5.554 -1.813 -0.933
SPIN 2 8 0 8 5.906 -0.340 0.022
SPIN 2 8 0 9 -3.207 4.500 -2.113
SPIN 2 8 0 10 -1.625 -3.485 4.496
SPIN 2 8 0 11 -4.570 3.738 0.381
SPIN 2 8 0 12 3.236 -2.538 -4.253
SPIN 2 8 0 13 -5.503 1.130 1.855
SPIN 2 8 0 14 5.097 2.643 -1.427
SPIN 2 8 0 15 -1.022 -0.153 5.825
SPIN 3 8 1 0 3.477 4.763 0.480
SPIN 3 8 1 1 3.075 0.369 -5.041
SPIN 3 8 1 2 -2.623 -2.222 -4.815
SPIN 3 8 1 3 1.990 1.746 -5.291
SPIN 3 8 1 4 2.543 1.401 5.154
SPIN 3 8 1 5 1.816 0.231 -5.626
SPIN 3 8 1 6 3.316 1.567 4.642
SPIN 3 8 1 7 -0.884 -1.851 -5.549
SPIN 3 8 1 8 -3.700 2.021 4.150
SPIN 3 8 1 9 1.676 0.405 -5.659
SPIN 3 8 1 10 -1.355 1.319 5.606
SPIN 3 8 1 11 1.777 -5.101 2.412
SPIN 3 8 1 12 -2.966 3.767 -3.466
SPIN 3 8 1 13 5.095 -0.653 -2.934
SPIN 3 8 1 14 4.671 3.267 1.583
SPIN 3 8 1 15 -1.527 3.019 -4.853
SPIN 2 8 1 0 5.192 0.116 2.834
SPIN 2 8 1 1 -1.872 -4.916 -2.708
SPIN 2 8 1 2 -4.655 -2.548 -2.616
SPIN 2 8 1 3 -1.550 -2.388 5.186
SPIN 2 8 1 4 4.961 -3.215 -0.228
SPIN 2 8 1 5 5.209 0.168 -2.799
SPIN 2 8 1 6 0.295 -5.300 2.612
SPIN 2 8 1 7 -5.101 2.179 2.057
SPIN 2 8 1 8 -4.753 -0.379 3.503
SPIN 2 8 1 9 -1.382 -2.690 5.085
SPIN 2 8 1 10 1.156 -5.784 0.460
SPIN 2 8 1 11 -2.001 5.567 -0.094
SPIN 2 8 1 12 -3.749 -4.455 -1.049
SPIN 2 8 1 13 4.775 -0.231 3.485
SPIN 2 8 1 14 0.351 -4.632 3.664
SPIN 2 8 1 15 -0.846 -3.846 -4.415
SPIN 3 8 2 0 -2.971 -4.667 2.097
SPIN 3 8 2 1 3.877 -4.017 1.957
SPIN 3 8 2 2 0.185 -0.488 -5.893
SPIN 3 8 2 3 5.242 -2.554 0.998
SPIN 3 8 2 4 -3.036 -2.858 -4.197
SPIN 3 8 2 5 3.733 4.343 1.483
SPIN 3 8 2 6 -4.488 -0.397 3.834
SPIN 3 8 2 7 5.436 2.043 1.128
SPIN 3 8 2 8 -3.414 2.253 -4.274
SPIN 3 8 2 9 -4.111 3.571 2.314
SPIN 3 8 2 10 5.594 0.984 1.654
SPIN 3 8 2 11 0.192 -1.154 -5.799
SPIN 3 8 2 12 -0.652 4.993 3.106
SPIN 3 8 2 13 -4.234 -2.669 -3.155
SPIN 3 8 2 14 -1.917 5.573 -0.517
SPIN 3 8 2 15 4.323 3.285 2.349
SPIN 2 8 2 0 3.445 3.361 3.441
SPIN 2 8 2 1 -4.449 3.130 -2.326
SPIN 2 8 2 2 3.584 -2.850 3.746
SPIN 2 8 2 3 -4.138 3.839 -1.770
SPIN 2 8 2 4 2.169 0.942 -5.423
SPIN 2 8 2 5 -1.912 -2.972 4.745
SPIN 2 8 2 6 -2.326 -0.787 5.382
SPIN 2 8 2 7 1.606 -1.238 -5.558
SPIN 2 8 2 8 0.511 3.333 4.861
SPIN 2 8 2 9 -4.568 0.291 -3.748
SPIN 2 8 2 10 1.961 -1.896 5.250
SPIN 2 8 2 11 2.446 4.340 3.191
SPIN 2 8 2 12 -1.181 -4.471 3.689
SPIN 2 8 2 13 -2.019 3.254 -4.510
SPIN 2 8 2 14 0.225 -1.123 5.804
SPIN 2 8 2 15 -4.021 -2.026 -3.838
SPIN 3 8 3 0 -4.409 -3.858 -0.824
SPIN 3 8 3 1 -2.425 0.422 -5.380
SPIN 3 8 3 2 -1.885 -5.603 -0.236
SPIN 3 8 3 3 -4.745 1.952 -2.945
SPIN 3 8 3 4 4.333 1.570 -3.709
SPIN 3 8 3 5 0.356 5.012 -3.124
SPIN 3 8 3 6 1.188 -5.415 2.065
SPIN 3 8 3 7 -2.068 -1.044 -5.443
SPIN 3 8 3 8 0.886 -0.058 5.849
SPIN 3 8 3 9 3.769 -3.971 2.242
SPIN 3 8 3 10 -4.213 -2.351 -3.424
SPIN 3 8 3 11 2.346 -0.347 5.420
SPIN 3 8 3 12 0.460 -5.505 -2.118
SPIN 3 8 3 13 -1.460 2.847 4.976
SPIN 3 8 3 14 1.920 -2.171 -5.157
SPIN 3 8 3 15 -5.902 -0.404 -0.082
SPIN 2 8 3 0 -5.827 0.848 -0.569
SPIN 2 8 3 1 2.792 0.946 -5.130
SPIN 2 8 3 2 -0.516 4.111 4.223
SPIN 2 8 3 3 4.006 -3.305 -2.834
SPIN 2 8 3 4 4.553 0.601 3.729
SPIN 2 8 3 5 5.234 -2.758 0.008
SPIN 2 8 3 6 1.430 -1.551 5.527
SPIN 2 8 3 7 -5.499 -1.129 -1.868
SPIN 2 8 3 8 4.537 -2.371 -2.966
SPIN 2 8 3 9 3.859 0.240 4.478
SPIN 2 8 3 10 0.769 -5.069 2.952
SPIN 2 8 3 11 1.358 1.914 5.431
SPIN 2 8 3 12 -5.202 2.751 -0.611
SPIN 2 8 3 13 -3.169 -4.910 0.919
SPIN 2 8 3 14 -4.732 0.437 3.523
SPIN 2 8 3 15 -2.260 4.443 3.186
SPIN 3 8 4 0 -4.363 -2.872 2.777
SPIN 3 8 4 1 0.037 -5.668 1.694
SPIN 3 8 4 2 -3.024 -4.204 -2.860
SPIN 3 8 4 3 1.862 -3.105 -4.679
SPIN 3 8 4 4 -0.124 4.913 3.293
SPIN 3 8 4 5 -4.684 2.544 2.566
SPIN 3 8 4 6 1.527 5.212 -2.346
SPIN 3 8 4 7 2.210 -1.848 5.168
SPIN 3 8 4 8 -2.237 3.825 -3.919
SPIN 3 8 4 9 4.880 2.877 -1.707
SPIN 3 8 4 10 4.704 -0.172 3.584
SPIN 3 8 4 11 -1.488 -2.169 5.299
SPIN 3 8 4 12 -2.590 5.223 -1.006
SPIN 3 8 4 13 3.432 -4.405 -1.954
SPIN 3 8 4 14 4.675 -0.943 -3.500
SPIN 3 8 4 15 3.417 3.671 3.138
SPIN 2 8 4 0 -4.649 3.180 -1.811
SPIN 2 8 4 1 4.329 -1.490 3.747
SPIN 2 8 4 2 -5.453 -2.233 0.532
SPIN 2 8 4 3 -4.921 -3.014 -1.303
SPIN 2 8 4 4 5.095 0.516 2.962
SPIN 2 8 4 5 -4.801 -2.912 1.863
SPIN 2 8 4 6 4.043 0.562 4.283
SPIN 2 8 4 7 1.178 -0.900 -5.727
SPIN 2 8 4 8 2.200 -1.671 -5.231
SPIN 2 8 4 9 -3.847 -3.645 2.631
SPIN 2 8 4 10 3.444 -4.704 1.005
SPIN 2 8 4 11 2.598 4.177 -3.287
SPIN 2 8 4 12 -1.530 -2.409 5.182
SPIN 2 8 4 13 0.198 -1.546 -5.707
SPIN 2 8 4 14 -1.615 3.626 4.387
SPIN 2 8 4 15 4.155 -3.363 2.536
SPIN 3 8 5 0 -2.038 -5.026 -2.363
SPIN 3 8 5 1 3.291 3.175 3.753
SPIN 3 8 5 2 5.237 0.207 2.744
SPIN 3 8 5 3 -1.988 -2.712 4.867
SPIN 3 8 5 4 2.030 1.525 -5.343
SPIN 3 8 5 5 -2.650 3.821 -3.657
SPIN 3 8 5 6 -3.334 0.567 4.854
SPIN 3 8 5 7 5.169 0.448 -2.843
SPIN 3 8 5 8 -3.973 4.289 -0.909
SPIN 3 8 5 9 -5.625 0.710 1.689
SPIN 3 8 5 10 3.354 -3.650 3.229
SPIN 3 8 5 11 -2.340 4.352 -3.254
SPIN 3 8 5 12 -1.248 -1.848 5.480
SPIN 3 8 5 13 2.941 -5.119 -0.380
SPIN 3 8 5 14 -4.128 -3.002 2.991
SPIN 3 8 5 15 -5.647 -1.339 1.149
SPIN 2 8 5 0 3.280 4.881 -0.647
SPIN 2 8 5 1 -2.452 5.373 -0.349
SPIN 2 8 5 2 1.190 -1.269 -5.655
SPIN 2 8 5 3 -2.380 -4.511 -2.997
SPIN 2 8 5 4 4.229 1.079 3.994
SPIN 2 8 5 5 -1.384 -5.737 0.411
SPIN 2 8 5 6 1.701 4.948 -2.761
SPIN 2 8 5 7 1.217 5.245 2.453
SPIN 2 8 5 8 4.322 -2.064 3.473
SPIN 2 8 5 9 2.398 4.151 3.467
SPIN 2 8 5 10 4.600 0.017 -3.720
SPIN 2 8 5 11 3.601 4.569 1.073
SPIN 2 8 5 12 4.260 -2.406 -3.326
SPIN 2 8 5 13 1.786 1.910 -5.307
SPIN 2 8 5 14 -1.518 5.611 -1.101
SPIN 2 8 5 15 -3.090 -3.047 -4.022
SPIN 3 8 6 0 5.683 1.071 -1.249
SPIN 3 8 6 1 -1.830 -5.611 0.415
SPIN 3 8 6 2 -4.869 0.539 3.317
SPIN 3 8 6 3 1.276 4.436 3.700
SPIN 3 8 6 4 -0.108 -0.165 5.913
SPIN 3 8 6 5 1.268 5.745 -0.618
SPIN 3 8 6 6 5.545 2.049 -0.231
SPIN 3 8 6 7 -0.455 4.272 -4.067
SPIN 3 8 6 8 -0.152 2.145 -5.511
SPIN 3 8 6 9 -0.744 -4.857 -3.295
SPIN 3 8 6 10 -5.779 1.073 0.673
SPIN 3 8 6 11 -1.943 -5.347 1.622
SPIN 3 8 6 12 0.663 5.640 -1.660
SPIN 3 8 6 13 2.588 2.037 4.915
SPIN 3 8 6 14 -1.645 -4.124 -3.910
SPIN 3 8 6 15 1.749 -4.385 3.566
SPIN 2 8 6 0 -0.253 -1.577 5.696
SPIN 2 8 6 1 -0.961 0.302 5.830
SPIN 2 8 6 2 0.164 -2.712 -5.255
SPIN 2 8 6 3 5.517 -1.750 -1.227
SPIN 2 8 6 4 0.640 5.856 -0.542
SPIN 2 8 6 5 4.794 0.982 3.325
SPIN 2 8 6 6 0.376 -5.568 -1.963
SPIN 2 8 6 7 5.830 0.882 0.481
SPIN 2 8 6 8 -5.270 -1.741 2.048
SPIN 2 8 6 9 4.886 -0.649 3.272
SPIN 2 8 6 10 -5.030 2.831 1.299
SPIN 2 8 6 11 1.476 3.777 -4.308
SPIN 2 8 6 12 2.158 -4.046 3.738
SPIN 2 8 6 13 1.369 5.340 -2.148
SPIN 2 8 6 14 -4.664 -3.639 0.063
SPIN 2 8 6 15 3.859 2.591 -3.660
SPIN 3 8 7 0 2.873 -3.099 4.140
SPIN 3 8 7 1 4.076 1.628 -3.967
SPIN 3 8 7 2 -0.755 -5.198 2.721
SPIN 3 8 7 3 -1.601 5.695 0.056
SPIN 3 8 7 4 -3.755 -4.438 -1.098
SPIN 3 8 7 5 4.298 3.425 -2.190
SPIN 3 8 7 6 -0.618 -5.818 0.880
SPIN 3 8 7 7 5.061 0.455 3.029
SPIN 3 8 7 8 0.731 0.098 -5.870
SPIN 3 8 7 9 -5.197 2.824 0.118
SPIN 3 8 7 10 1.656 -1.211 5.549
SPIN 3 8 7 11 3.276 -4.921 -0.235
SPIN 3 8 7 12 5.839 -0.080 -0.950
SPIN 3 8 7 13 -5.672 0.214 -1.667
SPIN 3 8 7 14 -0.549 -5.836 0.799
SPIN 3 8 7 15 -2.506 3.113 -4.362
SPIN 2 8 7 0 -4.747 1.753 3.064
SPIN 2 8 7 1 3.606 4.655 -0.575
SPIN 2 8 7 2 0.589 -0.801 5.832
SPIN 2 8 7 3 -0.993 -0.026 -5.832
SPIN 2 8 7 4 4.624 2.742 -2.470
SPIN 2 8 7 5 -3.754 -3.820 2.513
SPIN 2 8 7 6 -5.152 -0.696 -2.824
SPIN 2 8 7 7 3.146 -4.538 2.124
SPIN 2 8 7 8 -5.653 -1.605 -0.684
SPIN 2 8 7 9 -4.263 3.670 1.834
SPIN 2 8 7 10 3.172 -4.443 2.279
SPIN 2 8 7 11 -1.894 -3.993 -3.933
SPIN 2 8 7 12 -1.841 3.927 4.023
SPIN 2 8 7 13 5.030 -0.864 2.992
SPIN 2 8 7 14 -3.159 1.801 -4.667
SPIN 2 8 7 15 3.861 1.323 4.283
SPIN 3 8 8 0 -5.547 2.053 0.105
SPIN 3 8 8 1 -0.291 -3.637 4.657
SPIN 3 8 8 2 2.760 -5.142 -0.968
SPIN 3 8 8 3 -1.615 5.573 -1.156
SPIN 3 8 8 4 4.169 2.177 3.589
SPIN 3 8 8 5 -5.390 -1.945 1.472
SPIN 3 8 8 6 4.551 3.780 0.037
SPIN 3 8 8 7 -3.691 2.342 -3.986
SPIN 3 8 8 8 3.241 -3.103 -3.856
SPIN 3 8 8 9 -3.498 2.267 4.198
SPIN 3 8 8 10 1.687 5.647 -0.518
SPIN 3 8 8 11 5.444 -2.050 1.079
SPIN 3 8 8 12 -0.298 -5.560 -1.999
SPIN 3 8 8 13 4.949 2.487 -2.079
SPIN 3 8 8 14 -1.006 -4.843 -3.246
SPIN 3 8 8 15 5.704 0.859 1.316
SPIN 2 8 8 0 1.407 0.009 -5.746
SPIN 2 8 8 1 -2.188 0.653 5.458
SPIN 2 8 8 2 -3.540 -0.360 -4.727
SPIN 2 8 8 3 -0.348 5.888 0.461
SPIN 2 8 8 4 -4.068 -2.518 -3.480
SPIN 2 8 8 5 2.395 4.746 -2.597
SPIN 2 8 8 6 4.334 -3.293 -2.318
SPIN 2 8 8 7 -3.494 2.933 -3.768
SPIN 2 8 8 8 -0.690 1.548 5.668
SPIN 2 8 8 9 4.420 1.275 -3.721
SPIN 2 8 8 10 1.088 5.434 2.071
SPIN 2 8 8 11 0.840 4.658 3.549
SPIN 2 8 8 12 -5.449 0.932 2.107
SPIN 2 8 8 13 -0.767 -0.833 -5.807
SPIN 2 8 8 14 -5.155 0.578 2.844
SPIN 2 8 8 15 -3.469 4.783 -0.290
SPIN 3 8 9 0 -2.042 5.383 -1.363
SPIN 3 8 9 1 1.488 -5.690 0.642
SPIN 3 8 9 2 0.343 -2.166 5.495
SPIN 3 8 9 3 0.639 0.088 -5.881
SPIN 3 8 9 4 4.997 3.124 -0.522
SPIN 3 8 9 5 -3.728 -0.214 -4.589
SPIN 3 8 9 6 -5.905 0.303 -0.207
SPIN 3 8 9 7 -0.466 -5.496 2.141
SPIN 3 8 9 8 -4.741 1.847 -3.019
SPIN 3 8 9 9 -4.457 -3.866 -0.431
SPIN 3 8 9 10 -2.965 -1.790 -4.797
SPIN 3 8 9 11 -2.000 1.638 5.321
SPIN 3 8 9 12 2.723 3.999 3.405
SPIN 3 8 9 13 -0.524 -4.889 3.290
SPIN 3 8 9 14 5.811 0.008 1.112
SPIN 3 8 9 15 4.242 -3.379 2.363
SPIN 2 8 9 0 0.382 -2.779 5.209
SPIN 2 8 9 1 1.080 -3.346 -4.758
SPIN 2 8 9 2 -1.676 5.228 -2.204
SPIN 2 8 9 3 -3.696 -4.343 -1.573
SPIN 2 8 9 4 0.612 -5.698 1.470
SPIN 2 8 9 5 4.600 3.390 1.531
SPIN 2 8 9 6 1.189 -2.960 4.982
SPIN 2 8 9 7 -0.265 -0.858 5.847
SPIN 2 8 9 8 2.893 0.913 -5.079
SPIN 2 8 9 9 1.270 -5.506 1.753
SPIN 2 8 9 10 -1.821 -0.045 5.629
SPIN 2 8 9 11 4.621 -2.839 -2.364
SPIN 2 8 9 12 -3.077 -4.204 -2.803
SPIN 2 8 9 13 1.334 2.978 4.935
SPIN 2 8 9 14 -3.410 -4.672 1.243
SPIN 2 8 9 15 4.932 -2.464 -2.147
SPIN 3 8 10 0 5.838 0.023 0.956
SPIN 3 8 10 1 -1.813 -0.429 5.615
SPIN 3 8 10 2 -1.798 5.259 2.028
SPIN 3 8 10 3 -2.549 -5.326 -0.372
SPIN 3 8 10 4 0.434 -5.596 1.871
SPIN 3 8 10 5 0.580 -1.790 5.609
SPIN 3 8 10 6 3.868 3.342 -2.978
SPIN 3 8 10 7 -5.712 -0.616 1.410
SPIN 3 8 10 8 2.785 0.775 5.162
SPIN 3 8 10 9 -0.959 2.415 -5.315
SPIN 3 8 10 10 -3.744 -3.283 -3.195
SPIN 3 8 10 11 0.871 4.995 -3.048
SPIN 3 8 10 12 -1.239 -5.272 2.382
SPIN 3 8 10 13 -2.969 2.316 -4.563
SPIN 3 8 10 14 4.699 -1.779 -3.124
SPIN 3 8 10 15 5.598 1.759 0.751
SPIN 2 8 10 0 0.230 -2.328 -5.434
SPIN 2 8 10 1 -5.290 1.801 1.944
SPIN 2 8 10 2 5.144 -2.312 1.787
SPIN 2 8 10 3 3.102 4.409 -2.437
SPIN 2 8 10 4 -5.718 1.386 -0.620
SPIN 2 8 10 5 -5.279 -2.056 -1.703
SPIN 2 8 10 6 3.396 2.863 -3.908
SPIN 2 8 10 7 0.227 3.556 -4.723
SPIN 2 8 10 8 -5.838 0.922 0.260
SPIN 2 8 10 9 3.325 -2.542 4.181
SPIN 2 8 10 10 2.505 -5.359 -0.060
SPIN 2 8 10 11 -1.234 -2.397 5.266
SPIN 2 8 10 12 -3.594 -0.803 -4.630
SPIN 2 8 10 13 5.271 -2.681 -0.175
SPIN 2 8 10 14 -0.736 5.190 -2.743
SPIN 2 8 10 15 -3.116 1.072 4.913
SPIN 3 8 11 0 -5.483 -1.019 -1.975
SPIN 3 8 11 1 -0.681 -0.921 -5.804
SPIN 3 8 11 2 4.874 3.191 1.031
SPIN 3 8 11 3 -1.502 -5.521 -1.504
SPIN 3 8 11 4 -3.767 3.889 2.385
SPIN 3 8 11 5 -4.426 -1.920 -3.424
SPIN 3 8 11 6 0.884 -5.389 2.276
SPIN 3 8 11 7 2.738 5.235 0.313
SPIN 3 8 11 8 -0.025 5.861 -0.806
SPIN 3 8 11 9 -4.725 3.558 0.113
SPIN 3 8 11 10 -1.740 -4.956 -2.723
SPIN 3 8 11 11 -4.518 3.040 2.313
SPIN 3 8 11 12 -1.367 -3.711 -4.400
SPIN 3 8 11 13 1.985 -2.352 5.053
SPIN 3 8 11 14 1.647 -5.299 2.052
SPIN 3 8 11 15 -3.449 2.156 4.296
SPIN 2 8 11 0 4.965 -1.859 2.625
SPIN 2 8 11 1 -2.051 5.507 -0.682
SPIN 2 8 11 2 -4.893 0.641 -3.263
SPIN 2 8 11 3 -1.408 4.208 3.913
SPIN 2 8 11 4 4.879 0.696 -3.273
SPIN 2 8 11 5 4.381 2.104 -3.374
SPIN 2 8 11 6 -5.713 0.683 1.377
SPIN 2 8 11 7 2.876 -0.192 5.167
SPIN 2 8 11 8 2.577 -5.074 1.618
SPIN 2 8 11 9 -0.104 -5.776 1.275
SPIN 2 8 11 10 5.242 2.510 -1.107
SPIN 2 8 11 11 -1.369 5.548 -1.530
SPIN 2 8 11 12 2.001 3.669 4.187
SPIN 2 8 11 13 -1.513 -5.373 -1.961
SPIN 2 8 11 14 1.782 -0.001 -5.641
SPIN 2 8 11 15 3.739 3.533 2.922
SPIN 3 8 12 0 4.766 -1.278 -3.264
SPIN 3 8 12 1 4.463 -3.277 -2.085
SPIN 3 8 12 2 -4.926 0.019 -3.277
SPIN 3 8 12 3 -1.502 -4.157 3.932
SPIN 3 8 12 4 2.897 0.178 5.155
SPIN 3 8 12 5 1.926 5.157 2.168
SPIN 3 8 12 6 4.560 3.682 -0.805
SPIN 3 8 12 7 0.300 0.560 5.882
SPIN 3 8 12 8 2.711 5.147 -1.077
SPIN 3 8 12 9 -5.050 -0.674 3.007
SPIN 3 8 12 10 5.053 2.843 -1.176
SPIN 3 8 12 11 4.581 3.170 -1.992
SPIN 3 8 12 12 2.657 -3.689 -3.785
SPIN 3 8 12 13 -3.813 -2.911 3.462
SPIN 3 8 12 14 -2.960 5.006 -1.085
SPIN 3 8 12 15 5.558 -0.727 -1.893
SPIN 2 8 12 0 -5.312 2.139 -1.485
SPIN 2 8 12 1 -1.822 2.803 4.881
SPIN 2 8 12 2 4.122 0.182 4.240
SPIN 2 8 12 3 1.314 3.375 -4.678
SPIN 2 8 12 4 -3.331 3.182 3.712
SPIN 2 8 12 5 -4.508 -2.059 -3.231
SPIN 2 8 12 6 -1.758 5.391 -1.687
SPIN 2 8 12 7 5.178 -2.779 -0.685
SPIN 2 8 12 8 -3.025 -4.129 -2.966
SPIN 2 8 12 9 4.769 -2.679 -2.252
SPIN 2 8 12 10 -3.043 1.095 4.954
SPIN 2 8 12 11 1.045 -5.537 -1.804
SPIN 2 8 12 12 -5.584 -1.277 1.478
SPIN 2 8 12 13 -2.423 -4.182 -3.412
SPIN 2 8 12 14 2.168 3.526 4.227
SPIN 2 8 12 15 4.495 -2.725 -2.715
SPIN 3 8 13 0 -2.172 0.005 5.503
SPIN 3 8 13 1 2.417 2.956 -4.519
SPIN 3 8 13 2 -1.858 2.231 5.155
SPIN 3 8 13 3 0.561 -5.704 -1.467
SPIN 3 8 13 4 0.019 -4.183 -4.184
SPIN 3 8 13 5 4.098 -3.132 -2.898
SPIN 3 8 13 6 -4.249 3.834 1.499
SPIN 3 8 13 7 3.474 -0.132 -4.787
SPIN 3 8 13 8 3.518 2.684 -3.927
SPIN 3 8 13 9 5.129 0.936 -2.795
SPIN 3 8 13 10 2.371 -2.049 -5.018
SPIN 3 8 13 11 -0.604 -2.735 5.211
SPIN 3 8 13 12 -0.330 -4.173 -4.181
SPIN 3 8 13 13 -3.814 -4.157 1.782
SPIN 3 8 13 14 -0.182 -5.413 -2.380
SPIN 3 8 13 15 -1.244 3.242 -4.790
SPIN 2 8 13 0 -0.707 -0.889 -5.806
SPIN 2 8 13 1 -1.967 3.777 4.107
SPIN 2 8 13 2 -0.187 -5.114 -2.968
SPIN 2 8 13 3 2.354 -3.885 -3.790
SPIN 2 8 13 4 -5.542 -2.065 -0.139
SPIN 2 8 13 5 -4.768 3.495 0.224
SPIN 2 8 13 6 4.845 -1.637 -2.974
SPIN 2 8 13 7 4.142 2.512 3.396
SPIN 2 8 13 8 3.119 -0.873 4.951
SPIN 2 8 13 9 -5.802 0.838 -0.795
SPIN 2 8 13 10 -3.596 -4.467 -1.454
SPIN 2 8 13 11 -2.844 -4.600 2.398
SPIN 2 8 13 12 -5.586 0.457 1.894
SPIN 2 8 13 13 2.134 4.383 -3.352
SPIN 2 8 13 14 0.275 4.015 4.336
SPIN 2 8 13 15 4.043 2.598 -3.451
SPIN 3 8 14 0 5.685 -1.458 -0.746
SPIN 3 8 14 1 -3.644 2.001 -4.209
SPIN 3 8 14 2 -3.462 -2.209 -4.258
SPIN 3 8 14 3 3.777 2.267 -3.950
SPIN 3 8 14 4 -5.221 -2.601 -0.988
SPIN 3 8 14 5 4.110 4.147 -0.956
SPIN 3 8 14 6 -3.925 -2.963 -3.288
SPIN 3 8 14 7 -5.354 -1.576 -1.963
SPIN 3 8 14 8 3.085 -3.475 -3.662
SPIN 3 8 14 9 -1.461 0.563 5.705
SPIN 3 8 14 10 2.779 -4.966 1.618
SPIN 3 8 14 11 -3.412 0.635 -4.791
SPIN 3 8 14 12 5.900 -0.076 -0.428
SPIN 3 8 14 13 3.254 -3.106 -3.842
SPIN 3 8 14 14 -1.420 -0.690 -5.701
SPIN 3 8 14 15 -0.419 -5.831 0.906
SPIN 2 8 14 0 -0.844 1.057 5.759
SPIN 2 8 14 1 -3.494 -4.472 -1.672
SPIN 2 8 14 2 3.862 -2.821 3.483
SPIN 2 8 14 3 -5.837 -0.911 0.310
SPIN 2 8 14 4 5.250 -1.011 2.533
SPIN 2 8 14 5 -2.414 5.386 -0.409
SPIN 2 8 14 6 0.619 4.934 3.206
SPIN 2 8 14 7 -5.759 -1.346 0.139
SPIN 2 8 14 8 1.489 -5.403 1.894
SPIN 2 8 14 9 -4.301 -1.750 -3.666
SPIN 2 8 14 10 3.403 -2.960 3.828
SPIN 2 8 14 11 -2.309 4.809 -2.559
SPIN 2 8 14 12 -2.282 3.367 -4.296
SPIN 2 8 14 13 -0.886 -2.449 5.312
SPIN 2 8 14 14 5.885 0.583 -0.153
SPIN 2 8 14 15 1.639 -5.243 -2.197
SPIN 3 8 15 0 5.543 -1.907 -0.800
SPIN 3 8 15 1 -2.437 -1.877 5.053
SPIN 3 8 15 2 5.201 1.224 2.539
SPIN 3 8 15 3 5.198 -2.569 -1.175
SPIN 3 8 15 4 5.444 2.154 -0.850
SPIN 3 8 15 5 4.964 -1.644 -2.767
SPIN 3 8 15 6 0.549 -5.887 0.204
SPIN 3 8 15 7 -0.780 3.471 -4.727
SPIN 3 8 15 8 -4.381 -0.771 3.901
SPIN 3 8 15 9 1.145 5.031 2.894
SPIN 3 8 15 10 2.067 -4.099 -3.732
SPIN 3 8 15 11 4.513 -0.466 -3.797
SPIN 3 8 15 12 4.724 0.914 3.442
SPIN 3 8 15 13 -4.864 -2.822 -1.839
SPIN 3 8 15 14 3.880 3.295 3.014
SPIN 3 8 15 15 -3.012 0.814 -5.026
SPIN 2 8 15 0 2.268 3.171 4.450
SPIN 2 8 15 1 2.238 4.305 3.384
SPIN 2 8 15 2 1.609 -2.351 -5.185
SPIN 2 8 15 3 1.565 -0.817 -5.646
SPIN 2 8 15 4 3.607 -0.231 4.684
SPIN 2 8 15 5 2.185 5.481 0.437
SPIN 2 8 15 6 -3.466 -4.032 -2.595
SPIN 2 8 15 7 0.520 5.779 -1.153
SPIN 2 8 15 8 -5.029 3.095 -0.364
SPIN 2 8 15 9 2.015 -2.225 5.098
SPIN 2 8 15 10 -3.216 2.150 -4.476
SPIN 2 8 15 11 2.163 -5.162 -1.916
SPIN 2 8 15 12 1.643 3.223 4.681
SPIN 2 8 15 13 4.760 0.415 -3.488
SPIN 2 8 15 14 -5.131 -0.586 -2.886
SPIN 2 8 15 15 -1.352 -1.960 5.416
SPIN 1 9 0 0 2.780 -5.134 -0.958
SPIN 1 9 0 1 -4.107 3.643 -2.205
SPIN 1 9 0 2 -3.349 4.721 -1.226
SPIN 1 9 0 3 -4.257 2.064 -3.552
SPIN 1 9 0 4 4.983 -0.494 3.151
SPIN 1 9 0 5 -1.215 4.612 -3.500
SPIN 1 9 0 6 -1.893 3.213 -4.593
SPIN 1 9 0 7 1.929 -5.585 -0.299
SPIN 1 9 0 8 -1.422 4.633 -3.393
SPIN 1 9 0 9 -0.205 -0.235 5.908
SPIN 1 9 0 10 4.235 2.634 -3.182
SPIN 1 9 0 11 -2.263 -1.645 -5.213
SPIN 1 9 0 12 3.246 -1.414 4.740
SPIN 1 9 0 13 2.073 4.785 -2.793
SPIN 1 9 0 14 5.278 -2.599 -0.624
SPIN 1 9 0 15 -4.262 3.818 1.501
SPIN 4 9 0 0 3.478 -4.260 2.181
SPIN 4 9 0 1 1.245 -4.045 4.134
SPIN 4 9 0 2 0.426 -4.524 3.789
SPIN 4 9 0 3 -5.690 -0.741 -1.440
SPIN 4 9 0 4 4.847 3.311 0.738
SPIN 4 9 0 5 -0.556 4.576 -3.708
SPIN 4 9 0 6 -5.481 0.879 -2.046
SPIN 4 9 0 7 3.529 1.812 -4.389
SPIN 4 9 0 8 -3.684 -4.340 1.610
SPIN 4 9 0 9 5.040 3.035 -0.619
SPIN 4 9 0 10 -5.908 -0.300 0.101
SPIN 4 9 0 11 -3.652 4.536 -1.042
SPIN 4 9 0 12 -5.461 0.079 -2.274
SPIN 4 9 0 13 5.819 -1.069 0.007
SPIN 4 9 0 14 -5.295 0.809 -2.511
SPIN 4 9 0 15 1.244 1.262 5.644
SPIN 1 9 1 0 0.191 5.530 2.094
SPIN 1 9 1 1 1.456 4.880 3.011
SPIN 1 9 1 2 -4.133 0.181 -4.229
SPIN 1 9 1 3 3.343 -1.854 4.515
SPIN 1 9 1 4 -1.375 -0.515 -5.731
SPIN 1 9 1 5 -4.305 -2.088 3.480
SPIN 1 9 1 6 -3.087 2.767 4.221
SPIN 1 9 1 7 2.609 1.777 -5.003
SPIN 1 9 1 8 0.164 -2.956 5.122
SPIN 1 9 1 9 -1.440 -5.700 -0.663
SPIN 1 9 1 10 -5.307 -2.533 0.645
SPIN 1 9 1 11 5.474 0.570 -2.171
SPIN 1 9 1 12 -3.888 1.837 4.064
SPIN 1 9 1 13 4.893 -3.149 -1.067
SPIN 1 9 1 14 -3.785 2.198 3.980
SPIN 1 9 1 15 1.072 -5.160 -2.687
SPIN 4 9 1 0 -5.044 3.075 -0.316
SPIN 4 9 1 1 -4.178 1.087 4.045
SPIN 4 9 1 2 1.381 -2.337 -5.257
SPIN 4 9 1 3 3.515 4.680 0.864
SPIN 4 9 1 4 2.561 2.990 -4.416
SPIN 4 9 1 5 0.159 -1.778 5.640
SPIN 4 9 1 6 4.586 1.673 3.342
SPIN 4 9 1 7 1.897 5.574 -0.572
SPIN 4 9 1 8 -0.662 -1.506 -5.683
SPIN 4 9 1 9 4.935 1.001 3.106
SPIN 4 9 1 10 -3.699 3.995 -2.314
SPIN 4 9 1 11 4.834 -2.756 2.008
SPIN 4 9 1 12 4.525 1.237 -3.605
SPIN 4 9 1 13 -0.788 5.851 -0.384
SPIN 4 9 1 14 5.085 -0.436 2.992
SPIN 4 9 1 15 -1.652 5.622 0.816
SPIN 1 9 2 0 -4.744 -3.419 -0.897
SPIN 1 9 2 1 1.361 5.753 -0.226
SPIN 1 9 2 2 4.078 0.931 4.183
SPIN 1 9 2 3 4.526 1.150 -3.633
SPIN 1 9 2 4 -2.533 2.571 4.687
SPIN 1 9 2 5 4.840 -3.081 -1.442
SPIN 1 9 2 6 -4.070 3.135 -2.934
SPIN 1 9 2 7 4.811 -0.804 3.348
SPIN 1 9 2 8 0.467 -4.768 3.472
SPIN 1 9 2 9 2.812 5.062 -1.213
SPIN 1 9 2 10 1.228 -5.730 -0.814
SPIN 1 9 2 11 -2.099 -1.809 5.227
SPIN 1 9 2 12 -2.614 1.241 -5.160
SPIN 1 9 2 13 -1.718 4.584 3.321
SPIN 1 9 2 14 2.677 -3.869 -3.587
SPIN 1 9 2 15 -3.695 -0.574 4.585
SPIN 4 9 2 0 -5.122 -2.952 -0.226
SPIN 4 9 2 1 5.770 0.770 -1.058
SPIN 4 9 2 2 2.942 -5.039 0.976
SPIN 4 9 2 3 1.100 2.656 -5.171
SPIN 4 9 2 4 2.752 0.013 5.237
SPIN 4 9 2 5 -0.488 -2.351 -5.407
SPIN 4 9 2 6 0.770 5.490 -2.065
SPIN 4 9 2 7 -1.019 -3.245 -4.840
SPIN 4 9 2 8 2.716 2.799 4.448
SPIN 4 9 2 9 -4.628 -3.438 1.326
SPIN 4 9 2 10 3.512 2.326 -4.154
SPIN 4 9 2 11 -4.786 0.924 -3.352
SPIN 4 9 2 12 -3.469 -0.354 -4.779
SPIN 4 9 2 13 3.831 1.625 4.205
SPIN 4 9 2 14 -0.463 5.501 -2.126
SPIN 4 9 2 15 2.956 -2.195 -4.631
SPIN 1 9 3 0 -2.829 3.687 3.660
SPIN 1 9 3 1 2.803 -3.676 -3.692
SPIN 1 9 3 2 4.405 -0.283 3.939
SPIN 1 9 3 3 4.290 2.217 -3.418
SPIN 1 9 3 4 0.427 -0.734 -5.855
SPIN 1 9 3 5 -2.110 -0.561 5.498
SPIN 1 9 3 6 4.679 3.614 -0.222
SPIN 1 9 3 7 -0.360 -4.908 3.284
SPIN 1 9 3 8 0.552 2.770 5.198
SPIN 1 9 3 9 -1.946 -5.558 -0.566
SPIN 1 9 3 10 -5.542 1.990 0.572
SPIN 1 9 3 11 5.126 -1.880 -2.278
SPIN 1 9 3 12 4.606 2.170 -3.013
SPIN 1 9 3 13 -4.835 2.175 -2.625
SPIN 1 9 3 14 -0.006 -4.209 4.157
SPIN 1 9 3 15 4.314 -3.385 2.219
SPIN 4 9 3 0 -1.020 4.639 3.527
SPIN 4 9 3 1 -2.667 3.659 3.807
SPIN 4 9 3 2 1.443 1.257 -5.598
SPIN 4 9 3 3 -0.104 -4.267 4.097
SPIN 4 9 3 4 -4.043 3.762 -2.122
SPIN 4 9 3 5 -4.356 -3.870 -1.023
SPIN 4 9 3 6 2.545 3.925 -3.622
SPIN 4 9 3 7 -3.853 -2.504 3.727
SPIN 4 9 3 8 -0.521 2.177 -5.476
SPIN 4 9 3 9 -4.560 2.753 -2.574
SPIN 4 9 3 10 3.372 3.820 -3.007
SPIN 4 9 3 11 -2.018 -4.634 3.074
SPIN 4 9 3 12 5.009 -0.784 -3.049
SPIN 4 9 3 13 3.030 -2.370 4.495
SPIN 4 9 3 14 -4.414 3.059 -2.482
SPIN 4 9 3 15 4.565 -1.592 3.409
SPIN 1 9 4 0 3.608 -0.502 -4.662
SPIN 1 9 4 1 -1.415 3.548 4.518
SPIN 1 9 4 2 -2.942 3.332 -3.904
SPIN 1 9 4 3 0.865 -1.336 5.698
SPIN 1 9 4 4 -3.453 4.614 -1.337
SPIN 1 9 4 5 1.279 -5.065 2.776
SPIN 1 9 4 6 1.753 -2.320 5.152
SPIN 1 9 4 7 -1.421 5.636 1.102
SPIN 1 9 4 8 4.528 -3.605 -1.225
SPIN 1 9 4 9 0.314 4.190 4.164
SPIN 1 9 4 10 3.679 -4.441 1.318
SPIN 1 9 4 11 0.432 -5.849 -0.779
SPIN 1 9 4 12 3.798 0.933 4.439
SPIN 1 9 4 13 3.323 4.585 -1.714
SPIN 1 9 4 14 0.412 -2.853 -5.166
SPIN 1 9 4 15 -1.262 -2.137 -5.371
SPIN 4 9 4 0 0.377 -5.850 -0.795
SPIN 4 9 4 1 3.871 -2.015 -3.994
SPIN 4 9 4 2 0.972 -4.825 3.282
SPIN 4 9 4 3 -0.411 -2.953 -5.110
SPIN 4 9 4 4 -3.180 -2.485 -4.325
SPIN 4 9 4 5 0.746 -5.797 -0.917
SPIN 4 9 4 6 -1.868 -4.821 -2.875
SPIN 4 9 4 7 2.425 1.326 -5.231
SPIN 4 9 4 8 -3.635 2.289 4.068
SPIN 4 9 4 9 2.307 2.719 -4.721
SPIN 4 9 4 10 0.348 -3.228 -4.946
SPIN 4 9 4 11 -3.223 1.470 4.739
SPIN 4 9 4 12 5.114 2.097 -2.109
SPIN 4 9 4 13 -4.680 0.363 -3.601
SPIN 4 9 4 14 4.407 1.829 3.498
SPIN 4 9 4 15 -0.641 3.755 -4.527
SPIN 1 9 5 0 4.993 -1.201 2.937
SPIN 1 9 5 1 -5.862 -0.777 0.191
SPIN 1 9 5 2 0.884 -5.178 2.721
SPIN 1 9 5 3 -0.901 4.254 -4.012
SPIN 1 9 5 4 3.665 -3.549 -2.996
SPIN 1 9 5 5 -3.114 4.685 1.832
SPIN 1 9 5 6 -3.634 4.501 -1.241
SPIN 1 9 5 7 2.731 1.245 5.098
SPIN 1 9 5 8 -2.585 -0.375 5.308
SPIN 1 9 5 9 2.592 -5.318 0.013
SPIN 1 9 5 10 -0.902 5.522 -1.923
SPIN 1 9 5 11 -2.641 4.496 2.794
SPIN 1 9 5 12 -1.018 -2.787 -5.118
SPIN 1 9 5 13 1.418 -1.320 -5.590
SPIN 1 9 5 14 -3.471 -0.524 4.762
SPIN 1 9 5 15 3.196 -2.550 -4.276
SPIN 4 9 5 0 2.064 2.399 4.998
SPIN 4 9 5 1 3.764 3.471 -2.964
SPIN 4 9 5 2 4.001 -0.699 -4.301
SPIN 4 9 5 3 -2.067 5.360 1.415
SPIN 4 9 5 4 -2.357 5.373 0.761
SPIN 4 9 5 5 5.439 -2.327 -0.046
SPIN 4 9 5 6 0.050 2.509 -5.357
SPIN 4 9 5 7 -0.895 -5.685 -1.371
SPIN 4 9 5 8 1.388 1.268 5.609
SPIN 4 9 5 9 -0.989 0.902 5.763
SPIN 4 9 5 10 -4.680 -3.401 -1.238
SPIN 4 9 5 11 5.692 -0.970 -1.287
SPIN 4 9 5 12 -4.615 2.398 -2.820
SPIN 4 9 5 13 3.274 -3.732 3.217
SPIN 4 9 5 14 -4.644 2.152 2.966
SPIN 4 9 5 15 5.465 2.191 0.577
SPIN 1 9 6 0 -3.113 2.683 4.255
SPIN 1 9 6 1 3.608 4.364 1.712
SPIN 1 9 6 2 -1.954 4.701 -3.014
SPIN 1 9 6 3 1.861 -5.168 -2.197
SPIN 1 9 6 4 1.574 -1.032 5.609
SPIN 1 9 6 5 -5.303 0.448 -2.585
SPIN 1 9 6 6 5.916 0.042 -0.070
SPIN 1 9 6 7 0.001 -3.922 -4.429
SPIN 1 9 6 8 -1.459 -2.132 -5.322
SPIN 1 9 6 9 -0.591 3.261 4.900
SPIN 1 9 6 10 -2.417 -5.243 -1.292
SPIN 1 9 6 11 4.258 -3.481 2.181
SPIN 1 9 6 12 1.736 5.045 -2.556
SPIN 1 9 6 13 -3.731 -4.413 1.269
SPIN 1 9 6 14 1.712 -5.662 -0.120
SPIN 1 9 6 15 -1.231 5.717 0.896
SPIN 4 9 6 0 -0.384 2.443 5.375
SPIN 4 9 6 1 -4.134 3.097 -2.884
SPIN 4 9 6 2 -4.617 3.662 0.516
SPIN 4 9 6 3 5.177 -2.252 1.769
SPIN 4 9 6 4 -5.406 -1.336 1.999
SPIN 4 9 6 5 -5.508 -0.791 2.008
SPIN 4 9 6 6 -4.476 0.825 3.780
SPIN 4 9 6 7 2.109 0.578 5.497
SPIN 4 9 6 8 3.263 2.174 -4.431
SPIN 4 9 6 9 1.304 0.166 -5.768
SPIN 4 9 6 10 5.893 -0.404 -0.334
SPIN 4 9 6 11 -1.990 3.873 4.004
SPIN 4 9 6 12 -1.768 -5.627 -0.455
SPIN 4 9 6 13 -2.344 4.343 -3.262
SPIN 4 9 6 14 5.329 -2.385 -0.956
SPIN 4 9 6 15 2.580 5.221 -1.045
SPIN 1 9 7 0 -1.230 -0.616 -5.754
SPIN 1 9 7 1 0.071 -0.979 -5.834
SPIN 1 9 7 2 1.067 -0.733 5.773
SPIN 1 9 7 3 -1.616 0.573 -5.662
SPIN 1 9 7 4 5.903 -0.301 0.247
SPIN 1 9 7 5 -3.041 -4.175 -2.886
SPIN 1 9 7 6 3.515 -2.958 -3.728
SPIN 1 9 7 7 0.089 -1.255 5.781
SPIN 1 9 7 8 -5.346 0.099 -2.532
SPIN 1 9 7 9 5.506 -2.160 0.132
SPIN 1 9 7 10 -0.275 5.416 -2.365
SPIN 1 9 7 11 -4.588 1.453 -3.441
SPIN 1 9 7 12 -0.848 -1.231 5.724
SPIN 1 9 7 13 4.878 2.414 -2.320
SPIN 1 9 7 14 5.290 2.532 -0.780
SPIN 1 9 7 15 -2.243 -2.328 4.955
SPIN 4 9 7 0 4.111 -2.407 3.508
SPIN 4 9 7 1 -3.241 4.132 -2.725
SPIN 4 9 7 2 4.228 -3.678 1.897
SPIN 4 9 7 3 -4.637 2.119 3.002
SPIN 4 9 7 4 -2.841 5.046 -1.211
SPIN 4 9 7 5 5.633 1.598 0.847
SPIN 4 9 7 6 -0.003 -4.839 3.404
SPIN 4 9 7 7 -4.922 -0.044 -3.283
SPIN 4 9 7 8 5.374 -2.297 0.918
SPIN 4 9 7 9 -4.779 -3.418 0.688
SPIN 4 9 7 10 -1.115 1.076 5.710
SPIN 4 9 7 11 2.732 -2.127 -4.797
SPIN 4 9 7 12 1.692 3.158 4.708
SPIN 4 9 7 13 3.387 -3.524 3.333
SPIN 4 9 7 14 -1.047 -1.002 -5.736
SPIN 4 9 7 15 4.636 -2.045 -3.054
SPIN 1 9 8 0 2.459 -5.287 -0.999
SPIN 1 9 8 1 0.437 -5.872 -0.577
SPIN 1 9 8 2 1.235 4.634 -3.465
SPIN 1 9 8 3 4.792 1.620 -3.068
SPIN 1 9 8 4 -3.407 -4.746 0.930
SPIN 1 9 8 5 -2.517 2.185 4.888
SPIN 1 9 8 6 2.135 -2.038 5.127
SPIN 1 9 8 7 3.299 -3.439 -3.506
SPIN 1 9 8 8 0.333 3.926 4.413
SPIN 1 9 8 9 -5.018 -1.483 -2.761
SPIN 1 9 8 10 -4.086 -2.135 -3.707
SPIN 1 9 8 11 3.729 -0.262 4.585
SPIN 1 9 8 12 -3.071 -4.863 1.384
SPIN 1 9 8 13 5.094 -2.681 -1.366
SPIN 1 9 8 14 3.815 1.485 4.271
SPIN 1 9 8 15 -4.188 -3.669 2.001
SPIN 4 9 8 0 1.623 -5.592 1.048
SPIN 4 9 8 1 -4.699 -0.667 -3.532
SPIN 4 9 8 2 -0.623 5.505 2.074
SPIN 4 9 8 3 -3.957 4.205 -1.289
SPIN 4 9 8 4 2.726 -0.927 5.168
SPIN 4 9 8 5 0.828 -4.437 -3.825
SPIN 4 9 8 6 -3.516 4.366 -1.892
SPIN 4 9 8 7 -1.946 -5.586 -0.075
SPIN 4 9 8 8 -0.659 4.996 -3.100
SPIN 4 9 8 9 -3.763 1.433 4.334
SPIN 4 9 8 10 5.867 0.441 -0.623
SPIN 4 9 8 11 -4.055 -4.194 0.984
SPIN 4 9 8 12 -0.356 3.311 4.890
SPIN 4 9 8 13 -5.684 -0.253 -1.622
SPIN 4 9 8 14 -0.208 -1.962 5.577
SPIN 4 9 8 15 -4.952 -0.352 3.219
SPIN 1 9 9 0 -2.992 4.286 2.771
SPIN 1 9 9 1 1.841 -4.307 -3.614
SPIN 1 9 9 2 -1.230 -5.681 -1.099
SPIN 1 9 9 3 -5.730 -0.336 -1.434
SPIN 1 9 9 4 -0.223 -2.433 -5.388
SPIN 1 9 9 5 -2.487 -1.173 -5.238
SPIN 1 9 9 6 -1.508 -5.666 0.786
SPIN 1 9 9 7 4.770 2.913 -1.940
SPIN 1 9 9 8 -2.920 -5.093 -0.731
SPIN 1 9 9 9 -0.217 3.928 4.419
SPIN 1 9 9 10 4.347 -0.652 3.960
SPIN 1 9 9 11 2.900 4.505 -2.510
SPIN 1 9 9 12 0.697 5.866 -0.325
SPIN 1 9 9 13 4.826 -2.682 2.126
SPIN 1 9 9 14 -1.616 4.020 -4.028
SPIN 1 9 9 15 5.634 0.032 1.804
SPIN 4 9 9 0 3.836 -4.465 -0.592
SPIN 4 9 9 1 1.096 5.442 2.046
SPIN 4 9 9 2 0.430 -5.260 -2.674
SPIN 4 9 9 3 -0.826 5.846 -0.378
SPIN 4 9 9 4 -3.284 -2.229 -4.387
SPIN 4 9 9 5 4.071 -1.621 -3.975
SPIN 4 9 9 6 -0.399 3.442 -4.795
SPIN 4 9 9 7 3.044 4.112 2.971
SPIN 4 9 9 8 -2.459 5.293 0.967
SPIN 4 9 9 9 -1.390 -1.587 -5.527
SPIN 4 9 9 10 -5.817 1.008 -0.383
SPIN 4 9 9 11 -1.392 -5.588 -1.357
SPIN 4 9 9 12 -2.051 3.947 -3.901
SPIN 4 9 9 13 0.307 4.694 3.587
SPIN 4 9 9 14 -5.155 -2.711 1.037
SPIN 4 9 9 15 -1.034 2.881 -5.063
SPIN 1 9 10 0 -5.293 -2.494 0.876
SPIN 1 9 10 1 -3.859 3.112 -3.228
SPIN 1 9 10 2 1.580 0.853 5.637
SPIN 1 9 10 3 5.889 -0.552 -0.096
SPIN 1 9 10 4 5.211 2.784 -0.316
SPIN 1 9 10 5 -2.994 -3.096 4.056
SPIN 1 9 10 6 -2.107 4.474 -3.248
SPIN 1 9 10 7 1.047 -0.742 5.775
SPIN 1 9 10 8 -5.747 -1.405 0.047
SPIN 1 9 10 9 2.067 -5.396 1.270
SPIN 1 9 10 10 1.415 3.491 4.562
SPIN 1 9 10 11 -1.941 4.827 2.816
SPIN 1 9 10 12 4.606 -3.653 -0.659
SPIN 1 9 10 13 -1.760 3.000 -4.786
SPIN 1 9 10 14 0.833 -5.477 -2.075
SPIN 1 9 10 15 -2.830 2.329 -4.644
SPIN 4 9 10 0 -4.282 -0.625 -4.035
SPIN 4 9 10 1 5.891 -0.471 -0.267
SPIN 4 9 10 2 -5.118 -2.575 -1.475
SPIN 4 9 10 3 -4.348 3.293 2.291
SPIN 4 9 10 4 2.054 -2.269 5.063
SPIN 4 9 10 5 -1.869 3.519 4.373
SPIN 4 9 10 6 -0.325 4.309 4.041
SPIN 4 9 10 7 3.200 -4.950 -0.505
SPIN 4 9 10 8 5.773 -0.427 1.220
SPIN 4 9 10 9 -4.129 1.086 -4.095
SPIN 4 9 10 10 0.199 -4.469 3.872
SPIN 4 9 10 11 -3.972 2.634 -3.505
SPIN 4 9 10 12 2.373 -0.784 5.362
SPIN 4 9 10 13 -3.870 4.303 1.228
SPIN 4 9 10 14 -1.751 -5.558 -1.019
SPIN 4 9 10 15 0.029 -0.862 5.853
SPIN 1 9 11 0 -1.602 5.677 0.454
SPIN 1 9 11 1 0.105 -4.913 -3.294
SPIN 1 9 11 2 5.778 0.242 1.250
SPIN 1 9 11 3 0.260 1.088 -5.809
SPIN 1 9 11 4 4.331 -3.923 -0.922
SPIN 1 9 11 5 -1.415 2.558 -5.144
SPIN 1 9 11 6 2.725 1.171 5.119
SPIN 1 9 11 7 -4.193 -1.005 -4.050
SPIN 1 9 11 8 3.479 -4.492 -1.647
SPIN 1 9 11 9 -4.314 -3.514 -2.012
SPIN 1 9 11 10 1.280 1.109 5.668
SPIN 1 9 11 11 2.135 -5.295 -1.552
SPIN 1 9 11 12 -1.431 2.470 5.182
SPIN 1 9 11 13 4.548 2.773 -2.575
SPIN 1 9 11 14 -3.747 0.584 4.541
SPIN 1 9 11 15 1.181 5.059 -2.831
SPIN 4 9 11 0 3.306 3.529 -3.409
SPIN 4 9 11 1 -2.313 5.157 1.749
SPIN 4 9 11 2 3.864 -0.121 -4.479
SPIN 4 9 11 3 3.948 -3.262 -2.961
SPIN 4 9 11 4 1.410 1.014 5.655
SPIN 4 9 11 5 4.361 -2.033 3.442
SPIN 4 9 11 6 -0.087 -2.101 -5.530
SPIN 4 9 11 7 0.433 5.862 -0.667
SPIN 4 9 11 8 -3.700 -0.760 4.553
SPIN 4 9 11 9 5.275 -1.818 1.968
SPIN 4 9 11 10 -3.424 1.268 -4.655
SPIN 4 9 11 11 1.433 -3.020 4.881
SPIN 4 9 11 12 0.426 -5.849 0.779
SPIN 4 9 11 13 -3.589 2.360 -4.069
SPIN 4 9 11 14 0.528 5.611 1.800
SPIN 4 9 11 15 3.532 -4.319 1.966
SPIN 1 9 12 0 -1.435 0.451 5.722
SPIN 1 9 12 1 -4.223 -0.098 4.142
SPIN 1 9 12 2 -2.358 4.210 3.423
SPIN 1 9 12 3 0.762 2.539 5.289
SPIN 1 9 12 4 -4.853 3.091 1.376
SPIN 1 9 12 5 2.010 -5.537 -0.547
SPIN 1 9 12 6 3.417 3.343 -3.486
SPIN 1 9 12 7 -5.373 2.400 0.606
SPIN 1 9 12 8 2.904 -0.475 -5.133
SPIN 1 9 12 9 3.892 1.701 4.118
SPIN 1 9 12 10 -0.662 0.661 -5.842
SPIN 1 9 12 11 4.143 3.551 -2.285
SPIN 1 9 12 12 2.446 -3.423 -4.159
SPIN 1 9 12 13 -5.390 1.222 -2.111
SPIN 1 9 12 14 -4.043 -4.301 -0.402
SPIN 1 9 12 15 2.883 4.842 1.801
SPIN 4 9 12 0 -0.255 0.462 -5.892
SPIN 4 9 12 1 2.778 -2.201 -4.737
SPIN 4 9 12 2 0.630 -4.868 3.303
SPIN 4 9 12 3 1.585 5.690 0.337
SPIN 4 9 12 4 -2.090 -5.337 -1.467
SPIN 4 9 12 5 -2.140 -2.277 -5.023
SPIN 4 9 12 6 -4.192 -3.896 -1.500
SPIN 4 9 12 7 1.715 0.636 5.626
SPIN 4 9 12 8 -1.662 5.480 1.485
SPIN 4 9 12 9 -4.599 -3.082 2.087
SPIN 4 9 12 10 -3.732 3.561 2.897
SPIN 4 9 12 11 2.336 1.084 -5.326
SPIN 4 9 12 12 -3.632 3.509 -3.081
SPIN 4 9 12 13 3.156 1.315 4.828
SPIN 4 9 12 14 2.291 -4.324 -3.325
SPIN 4 9 12 15 -0.365 4.399 -3.939
SPIN 1 9 13 0 -1.997 -2.973 -4.709
SPIN 1 9 13 1 1.329 4.762 -3.249
SPIN 1 9 13 2 5.433 -2.338 -0.118
SPIN 1 9 13 3 3.064 2.852 -4.181
SPIN 1 9 13 4 2.666 -5.055 1.529
SPIN 1 9 13 5 -1.506 -5.089 2.615
SPIN 1 9 13 6 -4.198 4.145 -0.443
SPIN 1 9 13 7 3.178 -4.953 -0.604
SPIN 1 9 13 8 -3.758 3.249 3.212
SPIN 1 9 13 9 0.855 -5.280 -2.528
SPIN 1 9 13 10 3.230 1.088 4.836
SPIN 1 9 13 11 3.822 -3.258 -3.127
SPIN 1 9 13 12 -0.710 -5.803 0.909
SPIN 1 9 13 13 1.166 4.497 -3.663
SPIN 1 9 13 14 3.959 3.650 -2.451
SPIN 1 9 13 15 -2.144 -1.324 5.353
SPIN 4 9 13 0 5.250 2.727 -0.062
SPIN 4 9 13 1 5.244 0.407 2.708
SPIN 4 9 13 2 -0.557 1.320 -5.740
SPIN 4 9 13 3 -0.920 -4.838 3.278
SPIN 4 9 13 4 0.674 5.777 1.082
SPIN 4 9 13 5 -0.757 5.839 -0.580
SPIN 4 9 13 6 2.695 -0.783 -5.208
SPIN 4 9 13 7 2.428 1.988 -5.015
SPIN 4 9 13 8 2.894 -3.425 3.859
SPIN 4 9 13 9 3.652 2.950 3.600
SPIN 4 9 13 10 -3.973 -0.513 -4.353
SPIN 4 9 13 11 2.200 2.509 -4.885
SPIN 4 9 13 12 3.300 -1.584 4.648
SPIN 4 9 13 13 -4.744 1.112 -3.355
SPIN 4 9 13 14 -4.434 3.404 1.936
SPIN 4 9 13 15 1.312 3.354 4.693
SPIN 1 9 14 0 -0.041 3.437 -4.815
SPIN 1 9 14 1 -5.789 0.455 1.132
SPIN 1 9 14 2 -2.254 2.673 4.772
SPIN 1 9 14 3 1.398 0.177 5.746
SPIN 1 9 14 4 -5.909 -0.232 0.162
SPIN 1 9 14 5 5.492 1.556 -1.556
SPIN 1 9 14 6 -4.448 -1.240 -3.698
SPIN 1 9 14 7 4.495 -1.489 3.546
SPIN 1 9 14 8 0.583 -4.954 -3.180
SPIN 1 9 14 9 0.338 5.905 0.109
SPIN 1 9 14 10 -5.387 1.759 -1.698
SPIN 1 9 14 11 -4.602 -1.989 -3.141
SPIN 1 9 14 12 4.472 -3.766 -0.904
SPIN 1 9 14 13 -4.881 -2.165 2.548
SPIN 1 9 14 14 3.447 -3.761 2.995
SPIN 1 9 14 15 5.252 1.898 -1.953
SPIN 4 9 14 0 -1.598 -5.197 2.331
SPIN 4 9 14 1 -1.513 -2.318 -5.229
SPIN 4 9 14 2 -3.792 4.091 -1.971
SPIN 4 9 14 3 -5.831 -0.495 0.869
SPIN 4 9 14 4 3.502 -1.971 4.342
SPIN 4 9 14 5 -4.715 1.005 3.429
SPIN 4 9 14 6 5.644 -0.837 1.563
SPIN 4 9 14 7 -3.110 4.303 -2.609
SPIN 4 9 14 8 -1.754 3.305 4.583
SPIN 4 9 14 9 3.994 1.537 -4.084
SPIN 4 9 14 10 -0.490 -0.309 5.888
SPIN 4 9 14 11 -3.380 2.405 -4.218
SPIN 4 9 14 12 -1.665 0.324 -5.668
SPIN 4 9 14 13 1.498 -1.011 -5.633
SPIN 4 9 14 14 -2.735 -1.685 -4.968
SPIN 4 9 14 15 4.651 3.602 -0.629
SPIN 1 9 15 0 -4.569 -3.161 2.033
SPIN 1 9 15 1 -0.791 -5.007 -3.050
SPIN 1 9 15 2 -1.976 -4.223 -3.642
SPIN 1 9 15 3 1.273 -2.092 5.386
SPIN 1 9 15 4 -1.774 1.499 -5.441
SPIN 1 9 15 5 -4.212 -1.920 3.684
SPIN 1 9 15 6 0.068 4.780 3.486
SPIN 1 9 15 7 -4.036 -2.758 -3.333
SPIN 1 9 15 8 4.557 -0.126 3.771
SPIN 1 9 15 9 0.446 -5.325 2.538
SPIN 1 9 15 10 0.367 -4.828 3.400
SPIN 1 9 15 11 -2.320 5.103 1.891
SPIN 1 9 15 12 -3.480 1.012 -4.676
SPIN 1 9 15 13 -2.140 -5.060 2.196
SPIN 1 9 15 14 -3.003 -3.499 -3.707
SPIN 1 9 15 15 2.334 3.690 -3.991
SPIN 4 9 15 0 3.834 4.015 -2.045
SPIN 4 9 15 1 4.856 2.028 2.703
SPIN 4 9 15 2 -3.437 4.524 1.649
SPIN 4 9 15 3 2.196 0.479 -5.472
SPIN 4 9 15 4 -4.596 -2.040 -3.117
SPIN 4 9 15 5 -4.614 -3.082 2.051
SPIN 4 9 15 6 -1.634 -5.684 0.159
SPIN 4 9 15 7 3.515 3.354 3.376
SPIN 4 9 15 8 1.254 -4.562 -3.552
SPIN 4 9 15 9 -5.266 -2.568 0.819
SPIN 4 9 15 10 4.640 -1.017 3.526
SPIN 4 9 15 11 -2.321 -4.982 -2.189
SPIN 4 9 15 12 -5.636 1.602 0.814
SPIN 4 9 15 13 2.075 5.463 0.925
SPIN 4 9 15 14 -0.283 -4.915 -3.281
SPIN 4 9 15 15 2.046 -1.988 5.183
SPIN 3 9 0 0 -2.320 -4.978 2.200
SPIN 3 9 0 1 5.013 -2.896 -1.218
SPIN 3 9 0 2 3.424 4.097 -2.548
SPIN 3 9 0 3 3.655 -2.495 -3.926
SPIN 3 9 0 4 4.743 1.554 3.177
SPIN 3 9 0 5 0.142 2.446 -5.385
SPIN 3 9 0 6 -2.816 2.568 4.525
SPIN 3 9 0 7 1.433 -5.652 0.999
SPIN 3 9 0 8 -2.885 4.604 2.341
SPIN 3 9 0 9 0.585 0.431 -5.871
SPIN 3 9 0 10 1.506 5.503 1.563
SPIN 3 9 0 11 -1.979 -4.416 3.404
SPIN 3 9 0 12 -0.572 5.207 2.749
SPIN 3 9 0 13 -2.854 4.546 2.488
SPIN 3 9 0 14 1.445 -5.736 -0.070
SPIN 3 9 0 15 -0.531 4.268 -4.062
SPIN 2 9 0 0 4.096 3.209 -2.815
SPIN 2 9 0 1 -1.575 5.702 -0.083
SPIN 2 9 0 2 -1.999 -2.625 -4.911
SPIN 2 9 0 3 3.571 3.907 2.643
SPIN 2 9 0 4 0.377 -3.920 4.415
SPIN 2 9 0 5 0.611 -1.850 5.586
SPIN 2 9 0 6 5.635 -0.443 1.748
SPIN 2 9 0 7 5.417 1.149 -2.083
SPIN 2 9 0 8 5.037 2.861 1.200
SPIN 2 9 0 9 -1.484 -4.367 3.705
SPIN 2 9 0 10 2.928 2.066 -4.707
SPIN 2 9 0 11 -0.927 -5.390 2.255
SPIN 2 9 0 12 4.985 1.720 -2.682
SPIN 2 9 0 13 1.959 -4.541 -3.246
SPIN 2 9 0 14 -4.019 4.248 -0.895
SPIN 2 9 0 15 0.557 -1.780 5.614
SPIN 3 9 1 0 -5.225 -2.703 -0.628
SPIN 3 9 1 1 3.121 5.016 -0.313
SPIN 3 9 1 2 1.990 0.035 -5.571
SPIN 3 9 1 3 -4.182 4.185 0.063
SPIN 3 9 1 4 -3.549 -4.676 -0.733
SPIN 3 9 1 5 1.659 3.409 -4.542
SPIN 3 9 1 6 1.774 -5.631 0.371
SPIN 3 9 1 7 -5.829 -0.424 -0.921
SPIN 3 9 1 8 2.493 0.931 -5.284
SPIN 3 9 1 9 -3.388 -1.380 4.649
SPIN 3 9 1 10 -2.225 -5.026 -2.190
SPIN 3 9 1 11 -3.124 4.856 -1.289
SPIN 3 9 1 12 -2.330 1.354 -5.267
SPIN 3 9 1 13 -5.300 2.432 0.996
SPIN 3 9 1 14 -3.362 -4.399 2.085
SPIN 3 9 1 15 5.427 0.979 -2.142
SPIN 2 9 1 0 1.933 4.083 -3.820
SPIN 2 9 1 1 0.969 -0.977 5.754
SPIN 2 9 1 2 -1.282 -4.997 2.896
SPIN 2 9 1 3 -5.610 1.705 0.786
SPIN 2 9 1 4 0.913 5.843 0.150
SPIN 2 9 1 5 -2.214 4.827 2.608
SPIN 2 9 1 6 0.277 -3.369 -4.855
SPIN 2 9 1 7 -2.844 -4.509 2.565
SPIN 2 9 1 8 1.542 0.204 -5.708
SPIN 2 9 1 9 0.500 2.140 -5.493
SPIN 2 9 1 10 -0.565 1.571 -5.676
SPIN 2 9 1 11 5.602 -0.266 1.884
SPIN 2 9 1 12 -2.847 -5.183 0.163
SPIN 2 9 1 13 1.954 -4.433 -3.395
SPIN 2 9 1 14 4.161 0.832 -4.122
SPIN 2 9 1 15 5.673 -0.652 -1.547
SPIN 3 9 2 0 4.897 3.319 -0.043
SPIN 3 9 2 1 -3.130 -1.367 -4.831
SPIN 3 9 2 2 -1.952 -1.345 5.420
SPIN 3 9 2 3 1.380 -2.457 -5.202
SPIN 3 9 2 4 2.201 -4.915 2.449
SPIN 3 9 2 5 -3.537 0.019 4.743
SPIN 3 9 2 6 3.140 -2.121 -4.543
SPIN 3 9 2 7 -3.981 3.895 1.995
SPIN 3 9 2 8 -3.765 -2.444 3.854
SPIN 3 9 2 9 5.688 -0.244 -1.610
SPIN 3 9 2 10 -4.535 1.686 3.404
SPIN 3 9 2 11 -0.500 -3.134 4.993
SPIN 3 9 2 12 5.459 -0.680 2.176
SPIN 3 9 2 13 4.953 3.161 0.689
SPIN 3 9 2 14 -1.598 -3.915 4.137
SPIN 3 9 2 15 5.077 -2.460 1.780
SPIN 2 9 2 0 -1.985 -5.205 1.992
SPIN 2 9 2 1 1.319 2.742 -5.074
SPIN 2 9 2 2 -4.163 -1.924 -3.737
SPIN 2 9 2 3 3.685 -0.203 -4.624
SPIN 2 9 2 4 -1.443 5.698 -0.676
SPIN 2 9 2 5 1.109 3.316 -4.772
SPIN 2 9 2 6 -1.984 -4.264 3.589
SPIN 2 9 2 7 0.138 5.262 2.700
SPIN 2 9 2 8 5.035 2.399 1.974
SPIN 2 9 2 9 -0.737 -0.164 5.868
SPIN 2 9 2 10 -2.435 2.265 4.893
SPIN 2 9 2 11 1.770 1.488 -5.445
SPIN 2 9 2 12 4.517 -0.406 -3.799
SPIN 2 9 2 13 -1.461 -0.775 5.680
SPIN 2 9 2 14 -5.856 -0.205 -0.813
SPIN 2 9 2 15 -1.788 0.487 5.618
SPIN 3 9 3 0 3.055 -3.983 3.131
SPIN 3 9 3 1 3.990 4.287 -0.840
SPIN 3 9 3 2 -1.912 -2.456 -5.031
SPIN 3 9 3 3 0.698 4.518 3.755
SPIN 3 9 3 4 -5.553 0.227 -2.028
SPIN 3 9 3 5 -2.427 -5.017 1.984
SPIN 3 9 3 6 -1.929 -3.416 4.428
SPIN 3 9 3 7 5.794 0.832 0.858
SPIN 3 9 3 8 -4.411 -0.051 -3.942
SPIN 3 9 3 9 4.956 -1.792 -2.689
SPIN 3 9 3 10 4.305 1.382 3.815
SPIN 3 9 3 11 -5.885 -0.352 -0.496
SPIN 3 9 3 12 5.866 -0.616 0.463
SPIN 3 9 3 13 3.475 -4.311 2.083
SPIN 3 9 3 14 -5.811 0.926 0.614
SPIN 3 9 3 15 3.495 4.039 2.544
SPIN 2 9 3 0 0.594 -1.256 -5.751
SPIN 2 9 3 1 -3.267 -3.207 3.747
SPIN 2 9 3 2 3.125 5.006 -0.413
SPIN 2 9 3 3 -0.957 0.571 5.810
SPIN 2 9 3 4 -0.973 -5.712 -1.192
SPIN 2 9 3 5 5.231 -1.516 2.310
SPIN 2 9 3 6 -5.111 0.113 -2.977
SPIN 2 9 3 7 3.141 -5.008 -0.237
SPIN 2 9 3 8 2.500 0.979 5.272
SPIN 2 9 3 9 1.637 3.159 -4.727
SPIN 2 9 3 10 -0.615 -4.188 -4.133
SPIN 2 9 3 11 -3.851 3.142 3.209
SPIN 2 9 3 12 5.490 -1.470 1.644
SPIN 2 9 3 13 -1.930 1.333 -5.431
SPIN 2 9 3 14 5.685 0.171 -1.629
SPIN 2 9 3 15 2.180 -5.420 -0.934
SPIN 3 9 4 0 -1.331 5.322 -2.216
SPIN 3 9 4 1 -1.822 -4.211 3.734
SPIN 3 9 4 2 2.375 -4.709 2.681
SPIN 3 9 4 3 5.536 0.910 -1.877
SPIN 3 9 4 4 1.567 -3.719 -4.326
SPIN 3 9 4 5 3.614 4.517 -1.239
SPIN 3 9 4 6 -0.825 5.587 -1.762
SPIN 3 9 4 7 -2.647 0.454 -5.271
SPIN 3 9 4 8 -2.712 3.366 4.039
SPIN 3 9 4 9 -5.066 -1.578 2.617
SPIN 3 9 4 10 0.790 2.252 -5.413
SPIN 3 9 4 11 0.051 5.554 -2.037
SPIN 3 9 4 12 3.954 -3.663 2.439
SPIN 3 9 4 13 -5.678 -1.268 -1.072
SPIN 3 9 4 14 3.758 -3.965 2.272
SPIN 3 9 4 15 -2.566 -1.290 -5.172
SPIN 2 9 4 0 -4.970 1.408 2.884
SPIN 2 9 4 1 -1.480 5.579 -1.299
SPIN 2 9 4 2 -0.502 5.712 -1.458
SPIN 2 9 4 3 -1.650 -0.075 5.681
SPIN 2 9 4 4 5.516 0.665 2.033
SPIN 2 9 4 5 -5.459 -1.649 -1.574
SPIN 2 9 4 6 2.056 2.514 -4.945
SPIN 2 9 4 7 -5.588 0.285 -1.921
SPIN 2 9 4 8 0.652 -1.137 -5.769
SPIN 2 9 4 9 2.312 0.838 5.381
SPIN 2 9 4 10 -2.098 4.877 2.610
SPIN 2 9 4 11 2.444 -2.277 4.883
SPIN 2 9 4 12 -0.935 1.049 -5.747
SPIN 2 9 4 13 -2.455 4.311 3.223
SPIN 2 9 4 14 1.345 -4.903 3.025
SPIN 2 9 4 15 0.177 -0.297 -5.906
SPIN 3 9 5 0 2.700 4.111 -3.287
SPIN 3 9 5 1 -4.821 -0.140 3.426
SPIN 3 9 5 2 5.765 -1.124 0.707
SPIN 3 9 5 3 -3.300 2.995 3.892
SPIN 3 9 5 4 -3.717 3.431 3.068
SPIN 3 9 5 5 3.402 -4.338 2.148
SPIN 3 9 5 6 -2.197 -4.220 -3.516
SPIN 3 9 5 7 4.707 -3.561 -0.400
SPIN 3 9 5 8 2.285 -4.685 -2.798
SPIN 3 9 5 9 1.884 3.667 -4.243
SPIN 3 9 5 10 4.668 -2.673 2.463
SPIN 3 9 5 11 -0.063 -5.204 -2.814
SPIN 3 9 5 12 -2.296 1.232 5.311
SPIN 3 9 5 13 4.875 3.064 -1.360
SPIN 3 9 5 14 5.603 -0.785 -1.730
SPIN 3 9 5 15 -3.397 -4.519 1.743
SPIN 2 9 5 0 -5.481 1.739 -1.391
SPIN 2 9 5 1 -1.098 -0.476 -5.794
SPIN 2 9 5 2 0.346 -2.220 5.473
SPIN 2 9 5 3 -1.887 -1.761 -5.323
SPIN 2 9 5 4 1.127 -5.798 0.334
SPIN 2 9 5 5 2.010 4.307 3.523
SPIN 2 9 5 6 -3.663 -3.541 -3.008
SPIN 2 9 5 7 -4.367 -3.026 2.602
SPIN 2 9 5 8 1.983 3.779 4.097
SPIN 2 9 5 9 -1.855 0.455 -5.599
SPIN 2 9 5 10 1.056 -4.720 3.407
SPIN 2 9 5 11 2.879 1.239 -5.017
SPIN 2 9 5 12 1.224 -1.274 5.646
SPIN 2 9 5 13 -2.006 -4.598 -3.135
SPIN 2 9 5 14 1.561 5.425 1.769
SPIN 2 9 5 15 -3.293 -4.595 -1.744
SPIN 3 9 6 0 2.466 -4.975 2.042
SPIN 3 9 6 1 -1.856 1.645 -5.371
SPIN 3 9 6 2 -1.633 -1.791 -5.397
SPIN 3 9 6 3 2.718 -4.929 1.821
SPIN 3 9 6 4 2.606 5.311 0.020
SPIN 3 9 6 5 -1.155 5.579 -1.593
SPIN 3 9 6 6 3.181 1.525 4.749
SPIN 3 9 6 7 -3.129 -4.236 -2.696
SPIN 3 9 6 8 1.113 5.621 1.471
SPIN 3 9 6 9 -1.869 2.667 -4.939
SPIN 3 9 6 10 -2.044 -0.377 -5.539
SPIN 3 9 6 11 -1.947 3.309 4.501
SPIN 3 9 6 12 3.528 -1.697 -4.435
SPIN 3 9 6 13 -3.404 4.416 -1.977
SPIN 3 9 6 14 -4.260 -2.328 3.381
SPIN 3 9 6 15 3.854 -4.393 -0.921
SPIN 2 9 6 0 -0.033 -0.146 -5.914
SPIN 2 9 6 1 -3.087 -4.888 1.255
SPIN 2 9 6 2 -0.478 5.652 1.681
SPIN 2 9 6 3 -2.318 4.880 -2.412
SPIN 2 9 6 4 -2.562 -3.874 -3.665
SPIN 2 9 6 5 2.276 4.849 -2.510
SPIN 2 9 6 6 2.948 4.841 1.694
SPIN 2 9 6 7 0.744 3.668 4.581
SPIN 2 9 6 8 1.635 0.180 -5.683
SPIN 2 9 6 9 -5.505 -1.783 1.231
SPIN 2 9 6 10 3.079 4.492 2.311
SPIN 2 9 6 11 -4.270 -1.799 -3.679
SPIN 2 9 6 12 1.972 2.174 -5.136
SPIN 2 9 6 13 2.635 -4.777 2.288
SPIN 2 9 6 14 1.056 -4.443 3.762
SPIN 2 9 6 15 -1.375 -5.561 1.480
SPIN 3 9 7 0 1.767 0.365 5.634
SPIN 3 9 7 1 -1.947 -2.276 -5.102
SPIN 3 9 7 2 4.423 1.550 -3.610
SPIN 3 9 7 3 -0.761 -4.345 -3.942
SPIN 3 9 7 4 2.740 5.185 0.781
SPIN 3 9 7 5 -0.715 -5.505 2.044
SPIN 3 9 7 6 5.573 1.848 0.730
SPIN 3 9 7 7 5.510 1.830 -1.134
SPIN 3 9 7 8 -4.142 -4.200 -0.450
SPIN 3 9 7 9 -1.283 4.933 -3.003
SPIN 3 9 7 10 -2.648 5.043 -1.597
SPIN 3 9 7 11 2.911 -4.316 -2.811
SPIN 3 9 7 12 -5.023 1.052 2.944
SPIN 3 9 7 13 5.820 -1.059 -0.096
SPIN 3 9 7 14 -4.187 3.147 -2.750
SPIN 3 9 7 15 1.970 -4.154 -3.724
SPIN 2 9 7 0 2.248 -5.452 0.471
SPIN 2 9 7 1 2.178 -5.490 0.350
SPIN 2 9 7 2 -3.377 0.887 -4.776
SPIN 2 9 7 3 -0.005 1.760 5.648
SPIN 2 9 7 4 1.237 5.325 -2.261
SPIN 2 9 7 5 4.907 -1.022 -3.143
SPIN 2 9 7 6 -1.568 5.096 2.563
SPIN 2 9 7 7 -1.431 -0.685 5.699
SPIN 2 9 7 8 2.154 5.338 1.368
SPIN 2 9 7 9 3.704 3.918 2.436
SPIN 2 9 7 10 4.036 -1.801 3.933
SPIN 2 9 7 11 4.221 -1.740 3.763
SPIN 2 9 7 12 -2.289 5.330 1.160
SPIN 2 9 7 13 -3.518 4.651 0.997
SPIN 2 9 7 14 4.713 3.573 0.145
SPIN 2 9 7 15 0.753 0.696 -5.827
SPIN 3 9 8 0 -3.776 -3.456 2.967
SPIN 3 9 8 1 -0.535 5.465 2.202
SPIN 3 9 8 2 -0.393 -0.138 5.901
SPIN 3 9 8 3 -5.890 -0.003 0.559
SPIN 3 9 8 4 2.916 4.969 -1.344
SPIN 3 9 8 5 -3.237 0.742 -4.896
SPIN 3 9 8 6 -4.249 -0.871 4.023
SPIN 3 9 8 7 -5.474 1.300 -1.829
SPIN 3 9 8 8 -2.115 2.789 4.769
SPIN 3 9 8 9 -2.671 -3.321 -4.104
SPIN 3 9 8 10 0.795 -3.934 -4.346
SPIN 3 9 8 11 4.074 -2.328 3.603
SPIN 3 9 8 12 -3.368 1.264 -4.697
SPIN 3 9 8 13 5.511 -1.620 -1.414
SPIN 3 9 8 14 0.850 5.457 2.121
SPIN 3 9 8 15 -4.078 4.259 -0.486
SPIN 2 9 8 0 -3.127 4.709 1.747
SPIN 2 9 8 1 -0.324 4.885 -3.322
SPIN 2 9 8 2 -0.863 -5.698 1.337
SPIN 2 9 8 3 2.103 -4.325 -3.445
SPIN 2 9 8 4 3.202 2.864 4.068
SPIN 2 9 8 5 -1.506 -5.612 1.111
SPIN 2 9 8 6 0.559 2.640 5.265
SPIN 2 9 8 7 -1.900 -5.588 -0.402
SPIN 2 9 8 8 1.405 3.051 -4.870
SPIN 2 9 8 9 2.307 -2.347 4.916
SPIN 2 9 8 10 -3.841 -3.887 2.266
SPIN 2 9 8 11 -1.675 3.142 -4.725
SPIN 2 9 8 12 1.760 -4.624 -3.243
SPIN 2 9 8 13 5.708 -0.248 1.535
SPIN 2 9 8 14 -5.162 -2.444 -1.543
SPIN 2 9 8 15 -1.745 0.360 -5.641
SPIN 3 9 9 0 3.256 -2.786 -4.078
SPIN 3 9 9 1 -1.197 2.987 -4.965
SPIN 3 9 9 2 0.365 -3.518 -4.742
SPIN 3 9 9 3 2.874 -3.262 4.013
SPIN 3 9 9 4 4.127 -4.197 0.596
SPIN 3 9 9 5 4.901 0.143 3.310
SPIN 3 9 9 6 2.380 -5.281 1.201
SPIN 3 9 9 7 -0.197 5.809 -1.104
SPIN 3 9 9 8 -1.417 -2.348 5.242
SPIN 3 9 9 9 -4.337 3.490 2.004
SPIN 3 9 9 10 -4.032 -2.270 3.687
SPIN 3 9 9 11 0.230 -4.557 -3.766
SPIN 3 9 9 12 -4.154 -4.196 0.365
SPIN 3 9 9 13 -4.975 -0.503 -3.162
SPIN 3 9 9 14 -4.246 -3.020 -2.801
SPIN 3 9 9 15 4.038 3.334 -2.753
SPIN 2 9 9 0 2.985 -3.174 -4.002
SPIN 2 9 9 1 -3.137 -4.027 2.991
SPIN 2 9 9 2 -5.833 0.068 -0.984
SPIN 2 9 9 3 3.875 4.453 0.384
SPIN 2 9 9 4 -2.189 -2.904 4.667
SPIN 2 9 9 5 -0.895 4.540 3.687
SPIN 2 9 9 6 -5.676 -1.224 -1.133
SPIN 2 9 9 7 -0.571 -3.541 -4.705
SPIN 2 9 9 8 -1.933 -5.138 2.207
SPIN 2 9 9 9 1.169 3.660 -4.499
SPIN 2 9 9 10 2.408 -1.632 -5.152
SPIN 2 9 9 11 -4.710 -2.742 2.303
SPIN 2 9 9 12 -4.796 0.197 -3.458
SPIN 2 9 9 13 2.367 -5.279 1.236
SPIN 2 9 9 14 -3.048 1.716 -4.772
SPIN 2 9 9 15 5.262 0.656 2.623
SPIN 3 9 10 0 5.092 -2.662 1.407
SPIN 3 9 10 1 -0.059 -1.359 -5.757
SPIN 3 9 10 2 -3.287 -1.621 4.644
SPIN 3 9 10 3 -1.368 -4.791 -3.189
SPIN 3 9 10 4 5.013 2.506 1.895
SPIN 3 9 10 5 1.249 -5.140 -2.650
SPIN 3 9 10 6 -5.006 1.653 2.685
SPIN 3 9 10 7 -1.440 3.460 -4.578
SPIN 3 9 10 8 2.871 1.158 5.041
SPIN 3 9 10 9 -3.289 -0.256 4.911
SPIN 3 9 10 10 5.038 -1.612 -2.649
SPIN 3 9 10 11 -4.027 -1.355 -4.117
SPIN 3 9 10 12 -1.464 5.647 -0.986
SPIN 3 9 10 13 1.970 -1.799 5.281
SPIN 3 9 10 14 2.370 1.182 -5.290
SPIN 3 9 10 15 0.107 -5.405 -2.403
SPIN 2 9 10 0 -3.755 4.368 -1.348
SPIN 2 9 10 1 1.445 1.733 5.469
SPIN 2 9 10 2 -0.659 5.689 -1.483
SPIN 2 9 10 3 -0.542 -5.218 2.734
SPIN 2 9 10 4 -0.347 3.279 4.912
SPIN 2 9 10 5 1.482 5.699 0.574
SPIN 2 9 10 6 3.590 -4.546 -1.202
SPIN 2 9 10 7 5.125 2.686 -1.232
SPIN 2 9 10 8 -0.022 -0.368 5.905
SPIN 2 9 10 9 5.341 -1.720 -1.876
SPIN 2 9 10 10 -3.710 4.325 -1.589
SPIN 2 9 10 11 2.957 0.294 -5.116
SPIN 2 9 10 12 -0.594 5.144 2.861
SPIN 2 9 10 13 -1.040 -5.592 -1.629
SPIN 2 9 10 14 -4.353 1.601 3.673
SPIN 2 9 10 15 -1.897 -5.236 1.997
SPIN 3 9 11 0 -0.561 -1.664 5.649
SPIN 3 9 11 1 -4.335 3.848 -1.185
SPIN 3 9 11 2 -0.630 5.100 -2.931
SPIN 3 9 11 3 -2.733 4.287 3.025
SPIN 3 9 11 4 -3.408 0.067 -4.835
SPIN 3 9 11 5 2.618 0.142 5.303
SPIN 3 9 11 6 5.274 -2.039 -1.740
SPIN 3 9 11 7 -2.655 -4.167 3.253
SPIN 3 9 11 8 -0.891 -2.076 -5.468
SPIN 3 9 11 9 2.157 -3.576 4.190
SPIN 3 9 11 10 4.104 3.966 1.557
SPIN 3 9 11 11 5.151 -0.361 2.887
SPIN 3 9 11 12 -2.583 -5.317 -0.227
SPIN 3 9 11 13 -5.277 -0.008 2.674
SPIN 3 9 11 14 3.024 -2.769 4.264
SPIN 3 9 11 15 -4.338 1.479 3.740
SPIN 2 9 11 0 -3.993 3.177 -2.993
SPIN 2 9 11 1 3.301 -4.884 -0.501
SPIN 2 9 11 2 -2.600 -3.868 -3.644
SPIN 2 9 11 3 3.756 -3.025 3.427
SPIN 2 9 11 4 2.109 -5.518 0.315
SPIN 2 9 11 5 3.725 -2.777 3.662
SPIN 2 9 11 6 -1.445 5.365 -2.032
SPIN 2 9 11 7 -1.872 -4.763 -2.968
SPIN 2 9 11 8 4.957 0.347 3.210
SPIN 2 9 11 9 4.458 0.383 3.871
SPIN 2 9 11 10 -5.616 -1.641 -0.876
SPIN 2 9 11 11 -2.673 -3.781 3.682
SPIN 2 9 11 12 3.419 -3.091 -3.709
SPIN 2 9 11 13 -0.957 -4.963 3.075
SPIN 2 9 11 14 -2.799 0.897 -5.134
SPIN 2 9 11 15 0.855 -5.842 -0.368
SPIN 3 9 12 0 0.337 -5.543 -2.041
SPIN 3 9 12 1 -0.702 5.532 1.976
SPIN 3 9 12 2 4.799 -1.548 3.095
SPIN 3 9 12 3 -2.666 -2.604 -4.595
SPIN 3 9 12 4 0.391 1.382 -5.739
SPIN 3 9 12 5 -2.968 2.596 -4.411
SPIN 3 9 12 6 0.258 -0.973 5.830
SPIN 3 9 12 7 -2.312 1.123 -5.329
SPIN 3 9 12 8 -1.129 -5.800 -0.290
SPIN 3 9 12 9 -3.161 0.345 4.989
SPIN 3 9 12 10 -2.904 -0.972 5.062
SPIN 3 9 12 11 -4.946 3.007 -1.223
SPIN 3 9 12 12 -2.133 1.437 -5.328
SPIN 3 9 12 13 4.921 -2.920 1.504
SPIN 3 9 12 14 -3.636 3.930 2.516
SPIN 3 9 12 15 3.386 4.028 -2.704
SPIN 2 9 12 0 3.021 4.874 1.455
SPIN 2 9 12 1 -3.670 1.128 -4.501
SPIN 2 9 12 2 -1.349 4.327 -3.802
SPIN 2 9 12 3 -3.655 -4.030 2.323
SPIN 2 9 12 4 4.928 0.482 -3.238
SPIN 2 9 12 5 -4.283 -1.421 3.825
SPIN 2 9 12 6 4.349 -0.764 3.938
SPIN 2 9 12 7 -4.964 -1.861 2.625
SPIN 2 9 12 8 1.628 -5.458 -1.599
SPIN 2 9 12 9 -1.760 4.815 -2.953
SPIN 2 9 12 10 -0.290 -5.200 -2.806
SPIN 2 9 12 11 -1.516 5.020 -2.739
SPIN 2 9 12 12 0.329 2.787 5.208
SPIN 2 9 12 13 2.316 2.460 4.856
SPIN 2 9 12 14 -0.180 -3.583 4.704
SPIN 2 9 12 15 -4.543 -2.300 3.012
SPIN 3 9 13 0 -4.070 2.889 3.177
SPIN 3 9 13 1 2.188 -1.445 5.303
SPIN 3 9 13 2 1.502 -4.155 -3.934
SPIN 3 9 13 3 -4.568 3.428 1.543
SPIN 3 9 13 4 -2.744 4.464 -2.746
SPIN 3 9 13 5 5.138 -1.127 2.708
SPIN 3 9 13 6 -4.474 3.048 -2.386
SPIN 3 9 13 7 1.494 5.534 1.466
SPIN 3 9 13 8 -1.698 3.900 -4.112
SPIN 3 9 13 9 -3.524 -4.643 1.014
SPIN 3 9 13 10 -2.879 5.019 1.234
SPIN 3 9 13 11 4.530 -2.565 2.811
SPIN 3 9 13 12 -0.880 -1.597 5.628
SPIN 3 9 13 13 -3.297 -2.049 -4.464
SPIN 3 9 13 14 2.378 5.342 -0.900
SPIN 3 9 13 15 4.601 -1.868 -3.217
SPIN 2 9 13 0 -5.846 0.847 -0.325
SPIN 2 9 13 1 -4.410 -1.144 -3.774
SPIN 2 9 13 2 -5.096 -3.005 -0.019
SPIN 2 9 13 3 -3.124 4.739 1.667
SPIN 2 9 13 4 5.191 -2.645 1.032
SPIN 2 9 13 5 -4.986 -2.856 -1.406
SPIN 2 9 13 6 0.505 4.806 3.413
SPIN 2 9 13 7 -1.467 -5.723 0.305
SPIN 2 9 13 8 -1.682 5.525 1.283
SPIN 2 9 13 9 -3.569 0.483 -4.693
SPIN 2 9 13 10 1.677 -5.306 -2.008
SPIN 2 9 13 11 0.234 -0.071 5.911
SPIN 2 9 13 12 -0.166 5.087 -3.015
SPIN 2 9 13 13 5.546 -2.015 -0.424
SPIN 2 9 13 14 2.317 0.372 -5.431
SPIN 2 9 13 15 -0.240 -3.375 4.853
SPIN 3 9 14 0 4.572 -3.732 0.404
SPIN 3 9 14 1 3.303 -1.206 -4.758
SPIN 3 9 14 2 4.448 3.072 -2.404
SPIN 3 9 14 3 4.316 -1.668 3.686
SPIN 3 9 14 4 5.619 -0.549 1.768
SPIN 3 9 14 5 -2.471 3.502 -4.078
SPIN 3 9 14 6 -1.950 4.970 2.548
SPIN 3 9 14 7 -2.250 -3.442 -4.253
SPIN 3 9 14 8 -3.566 -1.303 -4.537
SPIN 3 9 14 9 0.721 4.017 -4.283
SPIN 3 9 14 10 0.706 -5.100 -2.913
SPIN 3 9 14 11 -4.325 0.098 4.035
SPIN 3 9 14 12 -4.155 4.200 -0.301
SPIN 3 9 14 13 3.878 -3.172 3.146
SPIN 3 9 14 14 -2.231 -1.421 5.292
SPIN 3 9 14 15 -1.611 5.691 -0.108
SPIN 2 9 14 0 -2.974 5.112 -0.169
SPIN 2 9 14 1 5.821 0.870 0.597
SPIN 2 9 14 2 4.859 -2.724 -1.994
SPIN 2 9 14 3 0.594 5.822 0.864
SPIN 2 9 14 4 -2.949 -4.192 -2.955
SPIN 2 9 14 5 -4.646 3.663 0.011
SPIN 2 9 14 6 3.670 -3.962 2.416
SPIN 2 9 14 7 0.447 -0.882 5.833
SPIN 2 9 14 8 4.319 3.910 1.025
SPIN 2 9 14 9 -0.392 -2.385 5.400
SPIN 2 9 14 10 5.321 1.649 -1.993
SPIN 2 9 14 11 4.158 -3.146 -2.795
SPIN 2 9 14 12 -1.414 -5.410 -1.931
SPIN 2 9 14 13 -5.694 1.494 0.592
SPIN 2 9 14 14 3.851 -2.537 -3.706
SPIN 2 9 14 15 -1.632 5.319 2.011
SPIN 3 9 15 0 2.507 5.358 0.076
SPIN 3 9 15 1 0.001 5.360 2.505
SPIN 3 9 15 2 -3.250 -1.269 4.777
SPIN 3 9 15 3 3.167 3.255 -3.792
SPIN 3 9 15 4 -2.678 -5.208 0.841
SPIN 3 9 15 5 -4.470 -0.243 -3.868
SPIN 3 9 15 6 -1.116 4.055 4.160
SPIN 3 9 15 7 -5.888 0.575 0.010
SPIN 3 9 15 8 4.039 -3.081 -3.032
SPIN 3 9 15 9 -4.815 2.066 2.747
SPIN 3 9 15 10 -3.948 -2.232 -3.799
SPIN 3 9 15 11 0.517 -0.567 5.866
SPIN 3 9 15 12 -2.812 -5.137 -0.838
SPIN 3 9 15 13 1.435 5.733 -0.268
SPIN 3 9 15 14 4.878 3.330 0.336
SPIN 3 9 15 15 5.497 -1.644 1.443
SPIN 2 9 15 0 1.490 -5.667 0.816
SPIN 2 9 15 1 -5.218 2.660 0.836
SPIN 2 9 15 2 3.462 4.419 1.867
SPIN 2 9 15 3 -3.745 -3.492 -2.964
SPIN 2 9 15 4 0.007 -1.493 -5.725
SPIN 2 9 15 5 -5.136 -0.970 2.771
SPIN 2 9 15 6 -1.499 0.409 -5.708
SPIN 2 9 15 7 -0.503 -4.350 3.978
SPIN 2 9 15 8 -0.499 0.352 -5.885
SPIN 2 9 15 9 -0.282 5.881 -0.574
SPIN 2 9 15 10 -2.761 5.106 -1.145
SPIN 2 9 15 11 -0.028 -5.189 2.841
SPIN 2 9 15 12 -0.210 -1.015 5.825
SPIN 2 9 15 13 5.000 2.803 1.464
SPIN 2 9 15 14 2.291 -4.339 3.305
SPIN 2 9 15 15 -0.453 2.285 -5.438
SPIN 1 10 0 0 -3.641 -3.478 3.106
SPIN 1 10 0 1 5.546 -0.305 -2.038
SPIN 1 10 0 2 5.865 -0.535 0.559
SPIN 1 10 0 3 4.407 3.580 -1.663
SPIN 1 10 0 4 -5.332 0.307 2.544
SPIN 1 10 0 5 3.617 2.376 4.033
SPIN 1 10 0 6 2.995 -4.808 -1.707
SPIN 1 10 0 7 -3.297 -1.416 -4.704
SPIN 1 10 0 8 4.600 -1.848 3.228
SPIN 1 10 0 9 4.501 0.334 -3.825
SPIN 1 10 0 10 -3.859 -1.627 4.179
SPIN 1 10 0 11 -1.547 -1.062 5.611
SPIN 1 10 0 12 -5.609 0.279 -1.862
SPIN 1 10 0 13 3.815 -1.165 4.369
SPIN 1 10 0 14 4.356 1.524 -3.702
SPIN 1 10 0 15 -1.127 -2.608 5.189
SPIN 4 10 0 0 5.090 2.967 -0.544
SPIN 4 10 0 1 -4.090 -1.882 3.838
SPIN 4 10 0 2 3.137 -1.680 -4.726
SPIN 4 10 0 3 -0.986 1.340 5.677
SPIN 4 10 0 4 2.749 3.984 -3.401
SPIN 4 10 0 5 -1.953 5.099 -2.277
SPIN 4 10 0 6 -3.682 -3.799 -2.649
SPIN 4 10 0 7 3.793 3.588 2.782
SPIN 4 10 0 8 -2.834 5.000 -1.404
SPIN 4 10 0 9 2.703 1.867 -4.920
SPIN 4 10 0 10 0.659 2.223 5.443
SPIN 4 10 0 11 -0.323 -5.658 1.698
SPIN 4 10 0 12 -4.603 -3.480 1.305
SPIN 4 10 0 13 4.917 1.608 -2.870
SPIN 4 10 0 14 4.750 -1.124 -3.343
SPIN 4 10 0 15 1.750 -4.447 3.488
SPIN 1 10 1 0 3.785 0.207 4.542
SPIN 1 10 1 1 1.050 3.326 -4.778
SPIN 1 10 1 2 -3.647 0.831 -4.584
SPIN 1 10 1 3 2.621 -5.028 -1.688
SPIN 1 10 1 4 4.451 1.817 -3.448
SPIN 1 10 1 5 5.523 2.082 0.406
SPIN 1 10 1 6 -0.877 4.467 3.778
SPIN 1 10 1 7 0.885 0.762 -5.800
SPIN 1 10 1 8 2.051 -0.648 -5.511
SPIN 1 10 1 9 -1.870 -2.338 5.103
SPIN 1 10 1 10 4.108 1.708 -3.900
SPIN 1 10 1 11 -3.456 -3.284 3.503
SPIN 1 10 1 12 5.076 2.012 -2.278
SPIN 1 10 1 13 -4.303 1.922 -3.576
SPIN 1 10 1 14 4.580 -0.695 3.680
SPIN 1 10 1 15 -1.948 -5.442 -1.261
SPIN 4 10 1 0 -0.914 1.545 -5.637
SPIN 4 10 1 1 2.016 2.390 5.023
SPIN 4 10 1 2 -2.963 2.349 4.550
SPIN 4 10 1 3 3.568 -4.632 -0.903
SPIN 4 10 1 4 -3.717 0.793 4.534
SPIN 4 10 1 5 -1.541 -5.688 0.524
SPIN 4 10 1 6 -2.555 5.156 -1.374
SPIN 4 10 1 7 5.626 0.919 -1.581
SPIN 4 10 1 8 -2.835 -4.547 2.508
SPIN 4 10 1 9 -3.103 -5.035 -0.159
SPIN 4 10 1 10 -1.407 -4.231 -3.888
SPIN 4 10 1 11 2.092 5.004 -2.362
SPIN 4 10 1 12 -2.226 5.224 1.659
SPIN 4 10 1 13 -5.885 0.160 -0.581
SPIN 4 10 1 14 4.967 -2.435 2.098
SPIN 4 10 1 15 -3.181 -0.513 -4.962
SPIN 1 10 2 0 5.344 -1.836 1.751
SPIN 1 10 2 1 1.360 -5.644 1.136
SPIN 1 10 2 2 -4.823 3.178 1.281
SPIN 1 10 2 3 -1.384 4.443 -3.653
SPIN 1 10 2 4 -1.934 -1.167 5.468
SPIN 1 10 2 5 -0.656 -2.540 -5.303
SPIN 1 10 2 6 -1.582 -2.266 5.231
SPIN 1 10 2 7 -5.420 -2.136 -1.032
SPIN 1 10 2 8 0.161 -4.900 3.312
SPIN 1 10 2 9 1.802 -2.421 -5.088
SPIN 1 10 2 10 3.435 4.785 0.555
SPIN 1 10 2 11 5.356 0.759 2.396
SPIN 1 10 2 12 -1.270 5.111 -2.695
SPIN 1 10 2 13 2.192 -5.128 -1.975
SPIN 1 10 2 14 3.148 2.998 4.013
SPIN 1 10 2 15 -5.471 1.014 -2.010
SPIN 4 10 2 0 -3.821 2.715 3.610
SPIN 4 10 2 1 -4.663 -2.446 2.697
SPIN 4 10 2 2 3.802 -4.212 1.673
SPIN 4 10 2 3 -1.937 5.590 0.021
SPIN 4 10 2 4 3.804 -2.695 -3.643
SPIN 4 10 2 5 -1.095 2.615 -5.192
SPIN 4 10 2 6 1.814 -1.137 5.515
SPIN 4 10 2 7 -2.963 5.076 -0.673
SPIN 4 10 2 8 1.693 -1.125 -5.556
SPIN 4 10 2 9 -4.079 -2.574 -3.425
SPIN 4 10 2 10 -3.372 3.380 3.493
SPIN 4 10 2 11 -1.754 -5.398 1.669
SPIN 4 10 2 12 4.018 3.424 2.671
SPIN 4 10 2 13 -5.916 0.068 0.000
SPIN 4 10 2 14 -1.272 4.110 -4.061
SPIN 4 10 2 15 -0.373 0.306 5.896
SPIN 1 10 3 0 0.897 4.784 -3.362
SPIN 1 10 3 1 3.490 0.619 4.737
SPIN 1 10 3 2 -1.308 1.835 -5.470
SPIN 1 10 3 3 1.419 -4.570 -3.478
SPIN 1 10 3 4 1.103 4.751 3.348
SPIN 1 10 3 5 -4.902 1.130 3.113
SPIN 1 10 3 6 -1.540 -2.289 5.233
SPIN 1 10 3 7 5.401 2.062 1.256
SPIN 1 10 3 8 -3.535 1.667 -4.442
SPIN 1 10 3 9 -3.689 -2.376 3.968
SPIN 1 10 3 10 4.116 -3.765 -1.971
SPIN 1 10 3 11 -5.469 -0.010 -2.255
SPIN 1 10 3 12 -5.032 -1.079 2.919
SPIN 1 10 3 13 5.751 -0.936 -1.026
SPIN 1 10 3 14 -5.049 2.861 1.149
SPIN 1 10 3 15 -1.341 4.377 -3.747
SPIN 4 10 3 0 3.520 -0.400 -4.738
SPIN 4 10 3 1 0.765 1.992 -5.518
SPIN 4 10 3 2 -1.803 1.505 5.430
SPIN 4 10 3 3 2.123 -1.233 -5.383
SPIN 4 10 3 4 -1.041 1.696 5.571
SPIN 4 10 3 5 -1.700 5.667 -0.018
SPIN 4 10 3 6 2.555 0.725 5.286
SPIN 4 10 3 7 -1.579 -3.132 -4.764
SPIN 4 10 3 8 0.238 2.510 5.352
SPIN 4 10 3 9 -0.447 5.899 0.050
SPIN 4 10 3 10 -5.346 -1.436 -2.088
SPIN 4 10 3 11 0.585 3.168 -4.962
SPIN 4 10 3 12 -3.672 -0.485 4.613
SPIN 4 10 3 13 -1.590 -3.894 4.160
SPIN 4 10 3 14 -1.624 -3.248 -4.671
SPIN 4 10 3 15 -0.782 -5.686 1.433
SPIN 1 10 4 0 -4.972 3.205 -0.105
SPIN 1 10 4 1 -3.563 -2.041 4.259
SPIN 1 10 4 2 -0.928 -5.325 2.404
SPIN 1 10 4 3 0.491 5.312 -2.557
SPIN 1 10 4 4 -0.567 -4.430 -3.879
SPIN 1 10 4 5 2.305 -4.402 -3.210
SPIN 1 10 4 6 3.545 4.501 -1.476
SPIN 1 10 4 7 -1.920 2.731 -4.884
SPIN 1 10 4 8 1.828 -5.074 2.432
SPIN 1 10 4 9 1.639 -5.325 -1.991
SPIN 1 10 4 10 0.207 0.581 -5.884
SPIN 1 10 4 11 3.502 2.209 -4.225
SPIN 1 10 4 12 -2.895 3.946 3.325
SPIN 1 10 4 13 -3.067 -5.059 0.049
SPIN 1 10 4 14 -1.187 -1.014 -5.706
SPIN 1 10 4 15 -1.904 3.721 4.186
SPIN 4 10 4 0 -0.638 1.642 5.648
SPIN 4 10 4 1 5.547 -2.007 0.451
SPIN 4 10 4 2 -3.654 -1.411 -4.434
SPIN 4 10 4 3 -4.390 2.301 -3.230
SPIN 4 10 4 4 1.502 1.200 -5.595
SPIN 4 10 4 5 -1.169 0.791 5.745
SPIN 4 10 4 6 -1.112 -3.052 4.945
SPIN 4 10 4 7 1.754 -3.389 4.521
SPIN 4 10 4 8 3.335 3.665 -3.232
SPIN 4 10 4 9 0.055 3.104 5.036
SPIN 4 10 4 10 -2.539 2.642 4.645
SPIN 4 10 4 11 2.599 -4.933 1.978
SPIN 4 10 4 12 -0.798 5.015 -3.035
SPIN 4 10 4 13 5.464 -1.849 1.312
SPIN 4 10 4 14 -5.633 1.796 -0.206
SPIN 4 10 4 15 1.512 0.633 5.685
SPIN 1 10 5 0 5.786 -0.826 0.918
SPIN 1 10 5 1 4.329 -3.745 -1.495
SPIN 1 10 5 2 -5.855 -0.651 0.545
SPIN 1 10 5 3 2.451 -0.398 -5.370
SPIN 1 10 5 4 -2.439 5.342 0.715
SPIN 1 10 5 5 5.421 1.594 -1.753
SPIN 1 10 5 6 -2.990 -2.471 4.467
SPIN 1 10 5 7 5.379 -2.029 -1.397
SPIN 1 10 5 8 -4.899 3.298 0.348
SPIN 1 10 5 9 1.393 0.396 5.736
SPIN 1 10 5 10 4.444 -2.611 -2.904
SPIN 1 10 5 11 4.807 -0.468 -3.417
SPIN 1 10 5 12 -5.179 -1.055 -2.658
SPIN 1 10 5 13 5.905 -0.317 0.170
SPIN 1 10 5 14 1.425 3.411 -4.619
SPIN 1 10 5 15 -3.212 2.319 -4.394
SPIN 4 10 5 0 -3.340 4.883 0.013
SPIN 4 10 5 1 3.737 -1.585 -4.304
SPIN 4 10 5 2 3.423 -4.813 0.342
SPIN 4 10 5 3 -0.089 -2.915 5.148
SPIN 4 10 5 4 -1.319 -5.682 0.987
SPIN 4 10 5 5 1.437 3.739 -4.354
SPIN 4 10 5 6 -3.433 -4.736 0.884
SPIN 4 10 5 7 4.949 0.059 -3.240
SPIN 4 10 5 8 -0.803 -5.466 -2.117
SPIN 4 10 5 9 -3.669 3.330 -3.232
SPIN 4 10 5 10 2.888 -0.222 5.158
SPIN 4 10 5 11 -5.152 2.361 1.699
SPIN 4 10 5 12 4.031 3.624 -2.371
SPIN 4 10 5 13 -4.563 3.753 -0.315
SPIN 4 10 5 14 2.033 1.730 -5.280
SPIN 4 10 5 15 1.080 2.679 5.163
SPIN 1 10 6 0 -3.287 -0.743 4.863
SPIN 1 10 6 1 -3.077 -4.817 1.524
SPIN 1 10 6 2 -3.210 -1.404 4.767
SPIN 1 10 6 3 -0.472 5.142 2.888
SPIN 1 10 6 4 -2.628 4.696 -2.459
SPIN 1 10 6 5 -5.003 2.347 2.111
SPIN 1 10 6 6 2.932 -2.029 -4.721
SPIN 1 10 6 7 4.715 0.286 -3.562
SPIN 1 10 6 8 2.442 -0.519 5.363
SPIN 1 10 6 9 4.911 -2.404 -2.258
SPIN 1 10 6 10 -0.039 0.902 5.847
SPIN 1 10 6 11 -4.174 -4.161 -0.512
SPIN 1 10 6 12 0.086 2.533 5.346
SPIN 1 10 6 13 -5.657 1.036 -1.389
SPIN 1 10 6 14 -1.124 3.344 4.749
SPIN 1 10 6 15 4.890 2.394 2.315
SPIN 4 10 6 0 -2.911 -3.003 4.185
SPIN 4 10 6 1 -1.934 0.336 -5.581
SPIN 4 10 6 2 -4.301 1.545 3.757
SPIN 4 10 6 3 3.331 3.563 -3.347
SPIN 4 10 6 4 1.297 3.932 4.226
SPIN 4 10 6 5 -2.806 -1.608 -4.954
SPIN 4 10 6 6 -4.188 -3.987 1.253
SPIN 4 10 6 7 -4.849 2.141 -2.628
SPIN 4 10 6 8 -2.018 -5.201 -1.969
SPIN 4 10 6 9 5.684 -1.207 -1.113
SPIN 4 10 6 10 -3.385 4.347 -2.155
SPIN 4 10 6 11 -3.158 1.390 -4.806
SPIN 4 10 6 12 -3.360 4.796 -0.845
SPIN 4 10 6 13 4.235 -3.832 -1.541
SPIN 4 10 6 14 2.481 -3.666 3.925
SPIN 4 10 6 15 -2.048 -5.526 0.518
SPIN 1 10 7 0 -5.274 -1.271 -2.359
SPIN 1 10 7 1 4.270 -1.781 3.687
SPIN 1 10 7 2 -5.045 0.644 -3.022
SPIN 1 10 7 3 3.193 -1.994 4.564
SPIN 1 10 7 4 1.910 4.856 -2.787
SPIN 1 10 7 5 4.136 0.435 -4.207
SPIN 1 10 7 6 0.208 -4.755 3.514
SPIN 1 10 7 7 2.135 -3.598 -4.183
SPIN 1 10 7 8 -5.846 -0.905 0.053
SPIN 1 10 7 9 -5.130 1.355 2.617
SPIN 1 10 7 10 0.750 4.717 3.492
SPIN 1 10 7 11 -3.679 -2.753 -3.726
SPIN 1 10 7 12 2.300 4.771 2.636
SPIN 1 10 7 13 2.110 1.777 -5.234
SPIN 1 10 7 14 2.218 -4.775 2.699
SPIN 1 10 7 15 -1.641 5.452 -1.607
SPIN 4 10 7 0 0.330 1.022 -5.818
SPIN 4 10 7 1 -0.433 -0.316 5.892
SPIN 4 10 7 2 2.845 -1.083 -5.073
SPIN 4 10 7 3 2.701 -4.881 -1.971
SPIN 4 10 7 4 -3.284 -4.284 2.421
SPIN 4 10 7 5 -4.786 -2.103 -2.769
SPIN 4 10 7 6 3.297 -4.818 0.956
SPIN 4 10 7 7 3.501 -2.145 -4.260
SPIN 4 10 7 8 0.853 3.643 4.583
SPIN 4 10 7 9 -0.975 -5.712 -1.195
SPIN 4 10 7 10 -3.976 2.245 -3.762
SPIN 4 10 7 11 3.701 0.822 4.542
SPIN 4 10 7 12 -3.905 1.569 -4.158
SPIN 4 10 7 13 0.926 -2.980 5.026
SPIN 4 10 7 14 -3.383 -3.165 -3.679
SPIN 4 10 7 15 1.256 -2.258 5.322
SPIN 1 10 8 0 3.886 2.919 3.374
SPIN 1 10 8 1 -0.671 -1.273 -5.738
SPIN 1 10 8 2 2.086 -5.163 -1.999
SPIN 1 10 8 3 -3.395 3.502 -3.348
SPIN 1 10 8 4 5.876 -0.655 -0.208
SPIN 1 10 8 5 0.858 -0.240 5.849
SPIN 1 10 8 6 -0.054 -5.555 2.034
SPIN 1 10 8 7 -4.269 3.024 2.761
SPIN 1 10 8 8 3.660 -4.628 0.431
SPIN 1 10 8 9 -4.966 2.867 1.454
SPIN 1 10 8 10 5.581 1.806 0.769
SPIN 1 10 8 11 -5.850 -0.232 0.854
SPIN 1 10 8 12 -4.742 3.519 0.369
SPIN 1 10 8 13 -2.457 -4.851 -2.330
SPIN 1 10 8 14 -1.025 5.627 1.511
SPIN 1 10 8 15 1.740 3.356 -4.551
SPIN 4 10 8 0 -5.367 1.231 -2.164
SPIN 4 10 8 1 0.936 -5.128 2.798
SPIN 4 10 8 2 0.513 2.937 5.110
SPIN 4 10 8 3 -2.559 2.332 -4.798
SPIN 4 10 8 4 0.770 -5.608 -1.720
SPIN 4 10 8 5 -3.641 0.731 4.605
SPIN 4 10 8 6 4.815 3.302 -0.957
SPIN 4 10 8 7 -5.239 2.735 0.281
SPIN 4 10 8 8 -3.356 -4.299 -2.293
SPIN 4 10 8 9 -2.768 0.633 -5.190
SPIN 4 10 8 10 4.507 -1.853 3.354
SPIN 4 10 8 11 -0.401 2.438 -5.376
SPIN 4 10 8 12 1.444 -5.656 0.961
SPIN 4 10 8 13 4.052 -0.360 -4.295
SPIN 4 10 8 14 -3.239 3.038 3.909
SPIN 4 10 8 15 3.056 3.104 4.003
SPIN 1 10 9 0 0.068 -3.981 4.376
SPIN 1 10 9 1 4.896 -2.586 -2.083
SPIN 1 10 9 2 -3.304 4.545 -1.850
SPIN 1 10 9 3 5.609 0.614 -1.778
SPIN 1 10 9 4 -5.425 -0.312 -2.339
SPIN 1 10 9 5 1.659 -2.772 -4.956
SPIN 1 10 9 6 -2.463 5.189 1.418
SPIN 1 10 9 7 2.555 4.738 2.454
SPIN 1 10 9 8 -2.429 -0.424 5.378
SPIN 1 10 9 9 4.027 -0.066 -4.333
SPIN 1 10 9 10 4.763 3.497 -0.294
SPIN 1 10 9 11 4.259 -1.429 3.850
SPIN 1 10 9 12 1.286 4.780 3.240
SPIN 1 10 9 13 -5.490 2.005 -0.918
SPIN 1 10 9 14 1.115 -4.772 -3.314
SPIN 1 10 9 15 -5.617 0.902 -1.624
SPIN 4 10 9 0 -5.706 -0.759 1.364
SPIN 4 10 9 1 1.885 1.859 5.291
SPIN 4 10 9 2 -2.545 -2.085 -4.917
SPIN 4 10 9 3 -3.168 3.009 3.989
SPIN 4 10 9 4 -2.026 5.233 1.875
SPIN 4 10 9 5 -0.274 -5.592 -1.912
SPIN 4 10 9 6 3.310 -0.044 4.904
SPIN 4 10 9 7 3.642 1.215 4.501
SPIN 4 10 9 8 -0.291 -1.136 -5.799
SPIN 4 10 9 9 1.760 -0.669 5.609
SPIN 4 10 9 10 1.188 -5.475 1.901
SPIN 4 10 9 11 -2.013 1.694 5.299
SPIN 4 10 9 12 -3.811 4.521 -0.205
SPIN 4 10 9 13 -3.331 2.954 3.896
SPIN 4 10 9 14 3.804 -0.794 -4.461
SPIN 4 10 9 15 -4.332 -3.037 2.648
SPIN 1 10 10 0 5.695 -1.045 1.216
SPIN 1 10 10 1 5.701 0.261 1.560
SPIN 1 10 10 2 -2.799 3.175 -4.133
SPIN 1 10 10 3 -0.044 0.677 5.877
SPIN 1 10 10 4 5.224 -2.463 -1.283
SPIN 1 10 10 5 -3.150 -4.993 -0.386
SPIN 1 10 10 6 1.160 -4.217 3.983
SPIN 1 10 10 7 -5.352 1.731 -1.834
SPIN 1 10 10 8 -0.822 0.966 -5.779
SPIN 1 10 10 9 -5.404 2.341 -0.563
SPIN 1 10 10 10 1.294 -4.546 -3.558
SPIN 1 10 10 11 2.365 1.479 -5.217
SPIN 1 10 10 12 -4.438 3.681 -1.325
SPIN 1 10 10 13 2.036 2.758 4.822
SPIN 1 10 10 14 2.275 -4.702 2.778
SPIN 1 10 10 15 -3.638 4.614 0.693
SPIN 4 10 10 0 -0.399 5.846 -0.813
SPIN 4 10 10 1 -0.733 -4.627 3.613
SPIN 4 10 10 2 2.824 -5.013 -1.378
SPIN 4 10 10 3 5.055 -1.575 2.639
SPIN 4 10 10 4 -0.480 2.343 -5.411
SPIN 4 10 10 5 -5.031 2.415 1.964
SPIN 4 10 10 6 -3.345 -3.903 -2.929
SPIN 4 10 10 7 1.927 2.811 -4.836
SPIN 4 10 10 8 3.479 -1.840 4.417
SPIN 4 10 10 9 1.257 1.949 -5.442
SPIN 4 10 10 10 -2.432 4.032 3.582
SPIN 4 10 10 11 2.906 -2.493 4.510
SPIN 4 10 10 12 -0.862 -4.263 -4.010
SPIN 4 10 10 13 4.953 3.154 0.724
SPIN 4 10 10 14 4.475 2.768 -2.705
SPIN 4 10 10 15 3.940 4.406 0.247
SPIN 1 10 11 0 5.189 -2.794 0.513
SPIN 1 10 11 1 5.053 -2.632 -1.596
SPIN 1 10 11 2 -5.244 -1.217 -2.455
SPIN 1 10 11 3 5.005 1.837 -2.564
SPIN 1 10 11 4 -3.469 2.330 4.188
SPIN 1 10 11 5 -3.205 2.851 -4.075
SPIN 1 10 11 6 -1.492 3.146 -4.783
SPIN 1 10 11 7 -3.258 2.256 4.392
SPIN 1 10 11 8 -1.357 -3.152 -4.819
SPIN 1 10 11 9 3.759 -4.492 0.835
SPIN 1 10 11 10 -0.163 -3.929 4.420
SPIN 1 10 11 11 -4.071 -1.218 4.116
SPIN 1 10 11 12 5.821 -0.042 -1.058
SPIN 1 10 11 13 -2.724 2.961 -4.337
SPIN 1 10 11 14 -4.556 -1.041 -3.628
SPIN 1 10 11 15 -0.985 -5.489 1.974
SPIN 4 10 11 0 -1.107 5.711 -1.076
SPIN 4 10 11 1 -1.677 -2.635 5.024
SPIN 4 10 11 2 1.129 4.939 3.054
SPIN 4 10 11 3 -5.852 -0.870 -0.026
SPIN 4 10 11 4 0.453 -4.648 3.631
SPIN 4 10 11 5 -3.165 -4.995 -0.181
SPIN 4 10 11 6 -0.608 -5.825 -0.834
SPIN 4 10 11 7 -4.542 -1.108 3.625
SPIN 4 10 11 8 2.859 0.571 -5.148
SPIN 4 10 11 9 -3.935 4.018 1.837
SPIN 4 10 11 10 5.646 0.390 -1.725
SPIN 4 10 11 11 1.537 4.887 -2.960
SPIN 4 10 11 12 -2.107 5.396 1.201
SPIN 4 10 11 13 5.313 0.449 2.564
SPIN 4 10 11 14 -0.490 1.373 5.734
SPIN 4 10 11 15 0.512 -5.892 -0.162
SPIN 1 10 12 0 -3.897 1.547 -4.173
SPIN 1 10 12 1 1.580 4.720 3.197
SPIN 1 10 12 2 4.501 -2.201 3.147
SPIN 1 10 12 3 1.970 2.297 -5.084
SPIN 1 10 12 4 1.742 4.448 3.490
SPIN 1 10 12 5 -1.015 5.076 -2.865
SPIN 1 10 12 6 -1.649 -5.573 -1.108
SPIN 1 10 12 7 -0.799 -4.955 3.132
SPIN 1 10 12 8 2.274 3.971 3.750
SPIN 1 10 12 9 -5.015 -2.289 -2.148
SPIN 1 10 12 10 3.826 2.358 3.847
SPIN 1 10 12 11 -2.386 -3.114 4.428
SPIN 1 10 12 12 5.609 -0.984 -1.603
SPIN 1 10 12 13 0.827 -4.852 3.283
SPIN 1 10 12 14 -5.233 2.735 -0.369
SPIN 1 10 12 15 -0.839 -5.848 -0.306
SPIN 4 10 12 0 -3.868 1.007 4.362
SPIN 4 10 12 1 -5.490 -1.091 -1.915
SPIN 4 10 12 2 -0.720 -0.066 5.872
SPIN 4 10 12 3 4.426 0.567 3.885
SPIN 4 10 12 4 -1.136 5.724 -0.973
SPIN 4 10 12 5 -5.019 3.121 0.259
SPIN 4 10 12 6 0.437 -5.004 3.125
SPIN 4 10 12 7 -0.484 0.925 -5.823
SPIN 4 10 12 8 -3.299 -4.747 1.256
SPIN 4 10 12 9 -0.683 5.681 1.505
SPIN 4 10 12 10 4.614 -0.916 -3.588
SPIN 4 10 12 11 0.497 3.670 -4.614
SPIN 4 10 12 12 3.835 -4.501 0.166
SPIN 4 10 12 13 3.551 2.030 4.275
SPIN 4 10 12 14 5.193 0.608 -2.768
SPIN 4 10 12 15 -2.849 3.663 -3.670
SPIN 1 10 13 0 -2.925 1.296 4.976
SPIN 1 10 13 1 0.755 4.269 -4.025
SPIN 1 10 13 2 -0.208 4.298 -4.060
SPIN 1 10 13 3 -3.202 -0.718 4.923
SPIN 1 10 13 4 -2.868 -1.789 4.856
SPIN 1 10 13 5 3.498 -4.677 -0.942
SPIN 1 10 13 6 -4.572 3.755 -0.046
SPIN 1 10 13 7 -1.996 0.872 -5.500
SPIN 1 10 13 8 2.956 5.069 0.749
SPIN 1 10 13 9 2.987 2.234 4.592
SPIN 1 10 13 10 3.191 -0.979 4.884
SPIN 1 10 13 11 -4.908 3.249 -0.594
SPIN 1 10 13 12 3.069 3.461 3.688
SPIN 1 10 13 13 -1.202 1.562 5.578
SPIN 1 10 13 14 3.354 -4.525 -1.809
SPIN 1 10 13 15 2.019 3.133 4.595
SPIN 4 10 13 0 1.717 -4.719 -3.128
SPIN 4 10 13 1 -0.108 5.745 -1.408
SPIN 4 10 13 2 2.155 2.194 5.054
SPIN 4 10 13 3 -2.396 4.830 2.436
SPIN 4 10 13 4 1.354 5.637 -1.180
SPIN 4 10 13 5 0.469 -4.149 4.191
SPIN 4 10 13 6 -0.715 5.671 1.525
SPIN 4 10 13 7 2.350 -4.842 -2.456
SPIN 4 10 13 8 4.165 2.450 3.413
SPIN 4 10 13 9 -2.676 -2.509 -4.642
SPIN 4 10 13 10 -1.593 5.627 -0.893
SPIN 4 10 13 11 1.564 -0.854 5.641
SPIN 4 10 13 12 -4.804 -1.239 -3.223
SPIN 4 10 13 13 0.636 -0.529 5.858
SPIN 4 10 13 14 -4.537 0.768 3.718
SPIN 4 10 13 15 -5.296 -2.628 -0.203
SPIN 1 10 14 0 4.981 3.165 0.413
SPIN 1 10 14 1 4.229 -0.979 4.019
SPIN 1 10 14 2 -4.438 -3.884 -0.467
SPIN 1 10 14 3 -3.741 -3.265 -3.217
SPIN 1 10 14 4 3.539 -0.790 -4.675
SPIN 1 10 14 5 -0.341 2.814 -5.193
SPIN 1 10 14 6 4.192 1.199 -3.998
SPIN 1 10 14 7 -2.050 2.233 -5.081
SPIN 1 10 14 8 -3.238 -3.099 3.862
SPIN 1 10 14 9 1.253 -4.522 -3.603
SPIN 1 10 14 10 -0.595 4.562 3.720
SPIN 1 10 14 11 -1.430 5.586 1.322
SPIN 1 10 14 12 3.697 -4.588 0.532
SPIN 1 10 14 13 -3.414 2.425 -4.179
SPIN 1 10 14 14 2.528 5.203 -1.239
SPIN 1 10 14 15 -4.276 1.593 -3.766
SPIN 4 10 14 0 -3.904 1.328 -4.242
SPIN 4 10 14 1 -4.765 -3.401 0.854
SPIN 4 10 14 2 0.543 5.886 -0.243
SPIN 4 10 14 3 -3.600 2.542 -3.947
SPIN 4 10 14 4 5.568 -1.948 -0.453
SPIN 4 10 14 5 -2.779 -3.935 -3.434
SPIN 4 10 14 6 0.186 2.318 -5.440
SPIN 4 10 14 7 4.097 4.217 0.659
SPIN 4 10 14 8 -3.652 -4.435 1.412
SPIN 4 10 14 9 -2.578 -1.451 5.124
SPIN 4 10 14 10 5.597 -1.884 -0.353
SPIN 4 10 14 11 -2.340 -0.951 -5.350
SPIN 4 10 14 12 -3.939 2.095 -3.885
SPIN 4 10 14 13 -3.050 4.888 -1.346
SPIN 4 10 14 14 -2.261 -5.451 0.411
SPIN 4 10 14 15 3.871 3.042 -3.281
SPIN 1 10 15 0 3.272 3.771 3.174
SPIN 1 10 15 1 1.780 -2.661 -4.975
SPIN 1 10 15 2 4.489 -3.593 -1.393
SPIN 1 10 15 3 -4.981 -1.903 2.562
SPIN 1 10 15 4 0.129 2.535 5.344
SPIN 1 10 15 5 -0.309 -0.149 5.906
SPIN 1 10 15 6 4.969 2.957 1.252
SPIN 1 10 15 7 -1.369 -3.431 4.621
SPIN 1 10 15 8 2.415 5.395 -0.234
SPIN 1 10 15 9 -2.432 3.445 -4.150
SPIN 1 10 15 10 3.172 -4.994 0.058
SPIN 1 10 15 11 -3.383 -2.500 -4.160
SPIN 1 10 15 12 -2.129 2.022 -5.136
SPIN 1 10 15 13 -5.200 2.478 -1.348
SPIN 1 10 15 14 -4.971 2.876 1.422
SPIN 1 10 15 15 -5.508 -0.186 2.151
SPIN 4 10 15 0 -5.057 -0.453 -3.036
SPIN 4 10 15 1 5.291 -2.613 0.419
SPIN 4 10 15 2 -2.808 -0.401 5.192
SPIN 4 10 15 3 4.441 -2.887 -2.634
SPIN 4 10 15 4 -3.047 -3.063 -4.042
SPIN 4 10 15 5 -2.864 -5.148 0.544
SPIN 4 10 15 6 -3.056 3.539 -3.624
SPIN 4 10 15 7 -2.727 -5.237 0.375
SPIN 4 10 15 8 -0.220 -1.608 5.689
SPIN 4 10 15 9 3.342 -2.094 4.410
SPIN 4 10 15 10 2.966 1.929 -4.741
SPIN 4 10 15 11 -2.760 -3.034 -4.263
SPIN 4 10 15 12 5.138 -2.847 0.702
SPIN 4 10 15 13 -2.835 -4.871 -1.799
SPIN 4 10 15 14 -3.193 -0.092 4.980
SPIN 4 10 15 15 2.595 4.834 2.213
SPIN 3 10 0 0 2.465 4.685 -2.641
SPIN 3 10 0 1 0.215 5.878 0.634
SPIN 3 10 0 2 5.500 2.106 0.558
SPIN 3 10 0 3 -2.843 1.200 5.048
SPIN 3 10 0 4 -4.823 -2.530 -2.310
SPIN 3 10 0 5 2.162 -5.448 0.804
SPIN 3 10 0 6 4.452 -2.143 -3.254
SPIN 3 10 0 7 -3.357 -0.227 -4.866
SPIN 3 10 0 8 -3.634 -0.313 4.658
SPIN 3 10 0 9 0.961 0.564 5.810
SPIN 3 10 0 10 -1.839 -4.951 2.666
SPIN 3 10 0 11 -5.470 1.526 -1.658
SPIN 3 10 0 12 -0.018 3.176 -4.992
SPIN 3 10 0 13 -2.869 -4.955 -1.490
SPIN 3 10 0 14 -2.895 5.109 0.718
SPIN 3 10 0 15 -2.217 -1.439 5.293
SPIN 2 10 0 0 3.152 -4.999 0.274
SPIN 2 10 0 1 0.357 2.171 5.492
SPIN 2 10 0 2 -1.360 -3.790 4.335
SPIN 2 10 0 3 -0.685 5.834 0.705
SPIN 2 10 0 4 -3.265 2.869 -4.013
SPIN 2 10 0 5 1.340 -4.706 -3.326
SPIN 2 10 0 6 -1.023 -3.940 -4.293
SPIN 2 10 0 7 -1.886 2.769 4.876
SPIN 2 10 0 8 3.587 -4.657 0.668
SPIN 2 10 0 9 1.557 5.356 1.971
SPIN 2 10 0 10 0.200 5.836 0.950
SPIN 2 10 0 11 0.789 2.796 -5.154
SPIN 2 10 0 12 4.042 -4.031 -1.553
SPIN 2 10 0 13 0.050 -2.076 -5.540
SPIN 2 10 0 14 -4.715 3.184 1.623
SPIN 2 10 0 15 -5.814 -1.054 0.301
SPIN 3 10 1 0 2.294 2.702 4.737
SPIN 3 10 1 1 -1.808 -4.068 -3.897
SPIN 3 10 1 2 -4.477 -3.800 0.715
SPIN 3 10 1 3 2.739 4.749 -2.224
SPIN 3 10 1 4 -4.614 2.936 -2.257
SPIN 3 10 1 5 -4.625 1.863 3.185
SPIN 3 10 1 6 1.872 5.365 1.646
SPIN 3 10 1 7 -5.653 1.007 1.424
SPIN 3 10 1 8 -3.569 -4.275 -1.996
SPIN 3 10 1 9 2.722 5.056 -1.422
SPIN 3 10 1 10 -2.972 -4.835 -1.670
SPIN 3 10 1 11 -1.465 0.295 -5.724
SPIN 3 10 1 12 1.758 0.155 5.647
SPIN 3 10 1 13 4.848 2.904 1.751
SPIN 3 10 1 14 -0.755 5.470 2.122
SPIN 3 10 1 15 -4.835 0.155 -3.406
SPIN 2 10 1 0 -1.903 5.059 -2.405
SPIN 2 10 1 1 -3.371 0.927 4.772
SPIN 2 10 1 2 4.583 -3.717 0.423
SPIN 2 10 1 3 -5.038 2.010 -2.362
SPIN 2 10 1 4 1.517 -5.496 1.577
SPIN 2 10 1 5 0.905 0.060 5.846
SPIN 2 10 1 6 1.454 -1.980 -5.382
SPIN 2 10 1 7 3.442 -4.579 -1.478
SPIN 2 10 1 8 -1.688 5.077 2.525
SPIN 2 10 1 9 -1.566 -3.190 -4.730
SPIN 2 10 1 10 5.070 -2.900 0.940
SPIN 2 10 1 11 -0.495 3.406 -4.812
SPIN 2 10 1 12 -5.498 -0.019 2.184
SPIN 2 10 1 13 5.733 1.451 0.170
SPIN 2 10 1 14 -5.501 -2.037 0.768
SPIN 2 10 1 15 -1.920 0.821 5.535
SPIN 3 10 2 0 -2.275 -4.569 2.992
SPIN 3 10 2 1 2.017 5.239 -1.867
SPIN 3 10 2 2 1.767 3.609 -4.342
SPIN 3 10 2 3 5.526 2.111 0.100
SPIN 3 10 2 4 0.417 -2.064 5.529
SPIN 3 10 2 5 1.102 4.807 -3.268
SPIN 3 10 2 6 -4.648 1.394 3.384
SPIN 3 10 2 7 4.995 -1.471 -2.808
SPIN 3 10 2 8 1.184 1.823 5.502
SPIN 3 10 2 9 -0.854 1.730 -5.593
SPIN 3 10 2 10 5.909 0.094 -0.273
SPIN 3 10 2 11 -4.789 3.046 -1.668
SPIN 3 10 2 12 -0.904 -2.278 -5.385
SPIN 3 10 2 13 1.780 -1.900 5.312
SPIN 3 10 2 14 4.566 -3.464 -1.468
SPIN 3 10 2 15 -0.745 3.165 -4.942
SPIN 2 10 2 0 -1.526 1.972 -5.365
SPIN 2 10 2 1 5.668 1.650 0.383
SPIN 2 10 2 2 5.694 1.589 -0.240
SPIN 2 10 2 3 0.732 -3.594 4.642
SPIN 2 10 2 4 2.157 2.702 -4.800
SPIN 2 10 2 5 -1.116 -3.803 4.392
SPIN 2 10 2 6 4.218 4.024 1.005
SPIN 2 10 2 7 2.794 4.989 1.517
SPIN 2 10 2 8 -3.989 -1.652 -4.045
SPIN 2 10 2 9 -3.759 -2.956 3.482
SPIN 2 10 2 10 4.416 -3.238 -2.239
SPIN 2 10 2 11 -1.015 3.938 -4.297
SPIN 2 10 2 12 0.564 3.971 -4.349
SPIN 2 10 2 13 3.720 -1.398 -4.383
SPIN 2 10 2 14 5.230 -0.667 -2.683
SPIN 2 10 2 15 -2.227 -0.242 5.476
SPIN 3 10 3 0 4.413 2.398 -3.126
SPIN 3 10 3 1 -5.699 -1.581 -0.157
SPIN 3 10 3 2 -3.040 3.081 4.034
SPIN 3 10 3 3 -5.727 -1.232 -0.826
SPIN 3 10 3 4 4.667 3.630 -0.194
SPIN 3 10 3 5 -2.344 -5.402 -0.569
SPIN 3 10 3 6 4.339 -1.585 -3.696
SPIN 3 10 3 7 -3.962 -1.887 3.968
SPIN 3 10 3 8 1.681 -0.079 5.672
SPIN 3 10 3 9 -3.271 0.902 4.847
SPIN 3 10 3 10 -2.645 0.210 -5.288
SPIN 3 10 3 11 4.519 2.332 -3.024
SPIN 3 10 3 12 1.191 -5.609 -1.455
SPIN 3 10 3 13 5.045 2.513 -1.799
SPIN 3 10 3 14 0.651 3.368 -4.820
SPIN 3 10 3 15 5.900 0.385 0.211
SPIN 2 10 3 0 -0.760 -5.368 2.367
SPIN 2 10 3 1 0.506 -3.859 4.455
SPIN 2 10 3 2 -4.990 3.074 0.807
SPIN 2 10 3 3 -1.382 4.718 -3.291
SPIN 2 10 3 4 -1.812 3.397 4.492
SPIN 2 10 3 5 0.044 5.731 1.466
SPIN 2 10 3 6 -3.268 0.552 -4.900
SPIN 2 10 3 7 -5.095 -3.007 -0.001
SPIN 2 10 3 8 4.760 1.513 3.170
SPIN 2 10 3 9 1.926 5.212 -2.031
SPIN 2 10 3 10 -0.882 -3.342 -4.801
SPIN 2 10 3 11 -4.606 0.042 -3.713
SPIN 2 10 3 12 3.557 0.456 -4.705
SPIN 2 10 3 13 1.432 3.480 4.565
SPIN 2 10 3 14 0.086 -4.001 4.357
SPIN 2 10 3 15 4.107 4.070 -1.251
SPIN 3 10 4 0 -1.742 5.597 -0.797
SPIN 3 10 4 1 5.420 2.304 0.565
SPIN 3 10 4 2 1.800 -4.090 3.877
SPIN 3 10 4 3 -3.254 -2.865 4.025
SPIN 3 10 4 4 -3.205 4.833 1.168
SPIN 3 10 4 5 2.882 -2.342 4.606
SPIN 3 10 4 6 -4.348 -3.557 1.856
SPIN 3 10 4 7 3.323 4.715 1.313
SPIN 3 10 4 8 3.575 3.715 2.901
SPIN 3 10 4 9 4.004 -4.205 1.133
SPIN 3 10 4 10 0.830 3.748 4.501
SPIN 3 10 4 11 -3.652 -4.651 0.191
SPIN 3 10 4 12 3.276 0.069 -4.926
SPIN 3 10 4 13 4.707 -3.161 1.687
SPIN 3 10 4 14 -4.445 -3.680 1.303
SPIN 3 10 4 15 3.092 -1.827 4.701
SPIN 2 10 4 0 -1.183 1.648 -5.557
SPIN 2 10 4 1 -3.081 -4.324 -2.610
SPIN 2 10 4 2 -1.267 0.916 5.706
SPIN 2 10 4 3 2.387 -5.030 -2.001
SPIN 2 10 4 4 -4.631 -1.847 3.185
SPIN 2 10 4 5 4.498 -0.720 -3.775
SPIN 2 10 4 6 -5.912 -0.101 0.188
SPIN 2 10 4 7 4.440 -3.388 -1.951
SPIN 2 10 4 8 -0.566 1.867 5.585
SPIN 2 10 4 9 0.485 -0.457 -5.878
SPIN 2 10 4 10 -3.065 0.548 5.031
SPIN 2 10 4 11 1.841 5.342 -1.754
SPIN 2 10 4 12 2.802 -3.847 3.514
SPIN 2 10 4 13 -5.587 -0.506 -1.878
SPIN 2 10 4 14 -4.768 -1.924 -2.926
SPIN 2 10 4 15 -2.330 -5.421 -0.428
SPIN 3 10 5 0 1.391 4.507 3.570
SPIN 3 10 5 1 -4.613 -2.585 -2.652
SPIN 3 10 5 2 -4.849 -2.169 -2.603
SPIN 3 10 5 3 2.012 5.560 -0.201
SPIN 3 10 5 4 -2.402 3.213 -4.349
SPIN 3 10 5 5 -4.569 -3.720 0.537
SPIN 3 10 5 6 4.159 4.206 0.107
SPIN 3 10 5 7 -5.009 2.517 1.889
SPIN 3 10 5 8 3.727 -3.255 -3.243
SPIN 3 10 5 9 1.180 5.039 -2.866
SPIN 3 10 5 10 -4.771 -0.341 3.482
SPIN 3 10 5 11 -2.601 -4.467 2.877
SPIN 3 10 5 12 -0.917 4.651 -3.539
SPIN 3 10 5 13 -5.864 0.034 -0.783
SPIN 3 10 5 14 3.607 3.274 -3.357
SPIN 3 10 5 15 -4.179 -3.014 2.907
SPIN 2 10 5 0 -2.319 -5.028 -2.084
SPIN 2 10 5 1 5.854 0.835 0.178
SPIN 2 10 5 2 -2.524 5.149 -1.457
SPIN 2 10 5 3 -0.779 3.656 -4.586
SPIN 2 10 5 4 5.813 -0.958 0.538
SPIN 2 10 5 5 -5.421 -0.683 2.269
SPIN 2 10 5 6 5.299 -0.190 2.624
SPIN 2 10 5 7 -5.339 -2.267 1.162
SPIN 2 10 5 8 -3.223 -3.693 3.313
SPIN 2 10 5 9 2.628 5.220 -0.917
SPIN 2 10 5 10 1.936 -5.483 1.091
SPIN 2 10 5 11 -0.850 -0.507 5.833
SPIN 2 10 5 12 2.849 4.184 -3.062
SPIN 2 10 5 13 0.627 -5.466 2.174
SPIN 2 10 5 14 3.488 3.877 2.793
SPIN 2 10 5 15 3.031 5.026 0.742
SPIN 3 10 6 0 -4.289 -2.615 -3.125
SPIN 3 10 6 1 0.132 -1.284 5.773
SPIN 3 10 6 2 5.341 -2.153 -1.357
SPIN 3 10 6 3 1.270 2.698 -5.110
SPIN 3 10 6 4 3.761 -0.845 4.488
SPIN 3 10 6 5 5.264 0.811 -2.575
SPIN 3 10 6 6 1.746 -5.635 -0.448
SPIN 3 10 6 7 1.484 4.257 -3.831
SPIN 3 10 6 8 -5.220 -1.458 -2.371
SPIN 3 10 6 9 1.450 -4.316 3.778
SPIN 3 10 6 10 1.684 -2.131 -5.256
SPIN 3 10 6 11 -0.457 -5.881 -0.457
SPIN 3 10 6 12 1.488 1.269 5.583
SPIN 3 10 6 13 -1.677 -3.032 -4.796
SPIN 3 10 6 14 -3.803 -2.475 -3.796
SPIN 3 10 6 15 4.229 4.010 1.018
SPIN 2 10 6 0 2.612 5.269 0.640
SPIN 2 10 6 1 -4.057 4.290 0.366
SPIN 2 10 6 2 4.621 -2.430 2.782
SPIN 2 10 6 3 1.388 -2.358 5.245
SPIN 2 10 6 4 -5.817 0.909 -0.575
SPIN 2 10 6 5 5.379 0.636 2.380
SPIN 2 10 6 6 -5.749 0.704 -1.207
SPIN 2 10 6 7 0.868 3.212 4.892
SPIN 2 10 6 8 3.193 -4.892 -0.936
SPIN 2 10 6 9 5.239 1.454 2.331
SPIN 2 10 6 10 -3.017 -4.721 1.900
SPIN 2 10 6 11 -2.562 4.562 2.762
SPIN 2 10 6 12 3.531 -4.068 2.446
SPIN 2 10 6 13 4.102 1.784 3.872
SPIN 2 10 6 14 2.582 -3.375 -4.117
SPIN 2 10 6 15 -1.598 4.414 -3.600
SPIN 3 10 7 0 -2.045 -1.790 -5.255
SPIN 3 10 7 1 4.430 3.789 -1.010
SPIN 3 10 7 2 4.611 -3.338 -1.610
SPIN 3 10 7 3 1.259 3.066 -4.900
SPIN 3 10 7 4 -2.108 -3.395 4.362
SPIN 3 10 7 5 0.288 -1.559 5.700
SPIN 3 10 7 6 2.327 5.259 -1.390
SPIN 3 10 7 7 2.148 -5.505 -0.281
SPIN 3 10 7 8 3.887 3.294 3.007
SPIN 3 10 7 9 -0.419 0.420 -5.886
SPIN 3 10 7 10 -0.372 0.332 5.895
SPIN 3 10 7 11 -2.350 4.620 2.851
SPIN 3 10 7 12 -0.045 0.865 -5.852
SPIN 3 10 7 13 -3.642 -0.518 -4.633
SPIN 3 10 7 14 -3.475 0.791 4.722
SPIN 3 10 7 15 5.779 -0.348 1.219
SPIN 2 10 7 0 -0.488 5.787 -1.130
SPIN 2 10 7 1 4.656 0.100 3.648
SPIN 2 10 7 2 5.267 1.543 2.208
SPIN 2 10 7 3 -3.517 4.664 -0.935
SPIN 2 10 7 4 4.557 3.415 -1.603
SPIN 2 10 7 5 -5.231 2.621 -0.875
SPIN 2 10 7 6 0.812 5.818 -0.703
SPIN 2 10 7 7 -0.154 -5.907 0.293
SPIN 2 10 7 8 -2.565 4.309 3.139
SPIN 2 10 7 9 -5.419 1.258 2.013
SPIN 2 10 7 10 2.587 -3.702 -3.821
SPIN 2 10 7 11 1.754 -4.578 -3.312
SPIN 2 10 7 12 -5.341 1.127 2.280
SPIN 2 10 7 13 4.097 -2.854 -3.173
SPIN 2 10 7 14 -2.773 4.122 -3.212
SPIN 2 10 7 15 -0.499 -5.551 1.983
SPIN 3 10 8 0 5.414 -0.352 2.359
SPIN 3 10 8 1 -1.601 -5.695 0.033
SPIN 3 10 8 2 -3.826 3.462 -2.894
SPIN 3 10 8 3 4.689 -3.564 -0.560
SPIN 3 10 8 4 -3.476 -4.703 0.896
SPIN 3 10 8 5 4.322 -1.371 3.799
SPIN 3 10 8 6 -5.669 -1.678 -0.208
SPIN 3 10 8 7 2.938 1.319 4.962
SPIN 3 10 8 8 3.353 -4.749 -1.098
SPIN 3 10 8 9 -2.556 -1.435 5.139
SPIN 3 10 8 10 3.819 2.673 -3.642
SPIN 3 10 8 11 -2.066 -2.197 -5.090
SPIN 3 10 8 12 3.581 -3.131 3.518
SPIN 3 10 8 13 2.508 -3.623 3.948
SPIN 3 10 8 14 -1.373 -2.534 -5.167
SPIN 3 10 8 15 -3.486 -4.434 -1.786
SPIN 2 10 8 0 3.750 -3.803 2.545
SPIN 2 10 8 1 -3.747 -4.002 2.224
SPIN 2 10 8 2 -4.710 3.576 0.173
SPIN 2 10 8 3 -3.585 -4.378 1.727
SPIN 2 10 8 4 -4.861 3.247 -0.911
SPIN 2 10 8 5 4.244 0.863 -4.031
SPIN 2 10 8 6 -4.733 1.292 -3.306
SPIN 2 10 8 7 4.380 -3.063 -2.537
SPIN 2 10 8 8 1.127 -4.934 3.063
SPIN 2 10 8 9 5.463 -1.684 1.522
SPIN 2 10 8 10 -3.476 -1.034 4.675
SPIN 2 10 8 11 -1.876 -1.246 5.471
SPIN 2 10 8 12 4.434 2.418 3.082
SPIN 2 10 8 13 -5.714 -0.986 -1.176
SPIN 2 10 8 14 1.384 -5.391 2.007
SPIN 2 10 8 15 -2.002 4.667 3.035
SPIN 3 10 9 0 -4.033 3.716 -2.219
SPIN 3 10 9 1 0.174 5.535 -2.080
SPIN 3 10 9 2 5.009 -2.627 -1.734
SPIN 3 10 9 3 -5.229 1.518 -2.313
SPIN 3 10 9 4 0.160 5.795 1.182
SPIN 3 10 9 5 5.655 -1.540 -0.804
SPIN 3 10 9 6 5.248 1.279 2.413
SPIN 3 10 9 7 -5.164 2.854 -0.437
SPIN 3 10 9 8 -2.618 0.757 5.251
SPIN 3 10 9 9 4.700 -2.521 2.561
SPIN 3 10 9 10 -2.760 -5.030 -1.445
SPIN 3 10 9 11 -2.065 4.612 3.077
SPIN 3 10 9 12 5.204 0.764 -2.708
SPIN 3 10 9 13 -4.359 1.097 -3.846
SPIN 3 10 9 14 2.842 0.786 -5.129
SPIN 3 10 9 15 5.055 -3.020 -0.577
SPIN 2 10 9 0 2.826 4.387 -2.787
SPIN 2 10 9 1 -2.965 0.482 -5.097
SPIN 2 10 9 2 3.871 -4.452 0.446
SPIN 2 10 9 3 0.559 4.079 -4.249
SPIN 2 10 9 4 -0.404 -3.835 -4.486
SPIN 2 10 9 5 -4.039 1.220 4.148
SPIN 2 10 9 6 0.871 -0.399 5.838
SPIN 2 10 9 7 0.351 4.152 4.199
SPIN 2 10 9 8 5.387 -1.111 -2.180
SPIN 2 10 9 9 -5.891 0.031 -0.544
SPIN 2 10 9 10 -3.428 3.305 -3.511
SPIN 2 10 9 11 -3.766 3.613 2.787
SPIN 2 10 9 12 3.451 -4.345 2.052
SPIN 2 10 9 13 4.352 -0.937 3.896
SPIN 2 10 9 14 -0.065 -4.036 4.325
SPIN 2 10 9 15 -0.212 -3.553 -4.726
SPIN 3 10 10 0 5.032 -1.467 -2.743
SPIN 3 10 10 1 -4.723 3.548 0.331
SPIN 3 10 10 2 -5.070 2.378 -1.907
SPIN 3 10 10 3 0.380 3.903 4.430
SPIN 3 10 10 4 1.513 4.611 3.384
SPIN 3 10 10 5 -4.026 3.520 2.530
SPIN 3 10 10 6 0.676 -3.357 -4.824
SPIN 3 10 10 7 -1.203 -3.797 4.375
SPIN 3 10 10 8 3.430 -1.955 -4.406
SPIN 3 10 10 9 0.277 5.235 2.743
SPIN 3 10 10 10 -1.042 -0.085 -5.823
SPIN 3 10 10 11 2.196 -1.768 5.201
SPIN 3 10 10 12 0.897 -2.650 5.213
SPIN 3 10 10 13 -4.408 3.641 -1.521
SPIN 3 10 10 14 -5.857 0.333 -0.765
SPIN 3 10 10 15 -1.697 3.397 -4.537
SPIN 2 10 10 0 -0.927 -5.776 -0.885
SPIN 2 10 10 1 3.052 0.701 5.020
SPIN 2 10 10 2 5.605 0.674 1.770
SPIN 2 10 10 3 -0.491 -4.604 -3.683
SPIN 2 10 10 4 -4.370 -3.836 -1.092
SPIN 2 10 10 5 0.351 -5.499 -2.153
SPIN 2 10 10 6 0.610 4.767 3.450
SPIN 2 10 10 7 -4.384 3.760 -1.281
SPIN 2 10 10 8 3.959 -2.459 3.644
SPIN 2 10 10 9 -4.521 -3.732 0.798
SPIN 2 10 10 10 0.230 1.540 5.707
SPIN 2 10 10 11 -1.558 -4.449 3.575
SPIN 2 10 10 12 0.363 3.276 -4.913
SPIN 2 10 10 13 -5.777 0.963 0.836
SPIN 2 10 10 14 -5.604 -0.171 -1.888
SPIN 2 10 10 15 5.908 -0.210 -0.230
SPIN 3 10 11 0 -5.004 1.958 -2.475
SPIN 3 10 11 1 4.521 -0.542 -3.777
SPIN 3 10 11 2 0.495 4.951 3.200
SPIN 3 10 11 3 2.473 -1.154 -5.249
SPIN 3 10 11 4 0.699 5.670 1.536
SPIN 3 10 11 5 -1.776 -4.059 -3.920
SPIN 3 10 11 6 1.315 5.596 1.399
SPIN 3 10 11 7 3.473 -3.087 -3.661
SPIN 3 10 11 8 -4.135 0.655 4.180
SPIN 3 10 11 9 -1.277 5.707 -0.897
SPIN 3 10 11 10 0.230 -5.339 -2.538
SPIN 3 10 11 11 -1.717 5.637 0.524
SPIN 3 10 11 12 -3.258 -4.292 -2.441
SPIN 3 10 11 13 1.444 -5.731 0.256
SPIN 3 10 11 14 2.072 4.533 3.187
SPIN 3 10 11 15 -3.452 -4.805 -0.010
SPIN 2 10 11 0 1.601 -1.343 -5.535
SPIN 2 10 11 1 -1.371 3.840 4.287
SPIN 2 10 11 2 3.016 0.208 -5.085
SPIN 2 10 11 3 -4.926 -1.046 3.104
SPIN 2 10 11 4 -2.764 -3.705 -3.692
SPIN 2 10 11 5 4.832 -3.394 -0.366
SPIN 2 10 11 6 -1.124 5.658 -1.314
SPIN 2 10 11 7 5.404 -0.951 -2.213
SPIN 2 10 11 8 -5.219 -0.033 -2.786
SPIN 2 10 11 9 -1.302 -2.527 5.188
SPIN 2 10 11 10 5.639 0.909 1.543
SPIN 2 10 11 11 2.989 -5.053 0.730
SPIN 2 10 11 12 -2.829 -2.329 4.645
SPIN 2 10 11 13 -0.475 2.504 -5.339
SPIN 2 10 11 14 -0.708 -2.537 5.297
SPIN 2 10 11 15 -0.797 5.686 -1.424
SPIN 3 10 12 0 2.948 2.637 -4.400
SPIN 3 10 12 1 3.060 -2.522 -4.390
SPIN 3 10 12 2 -4.242 -2.949 -2.882
SPIN 3 10 12 3 1.384 -0.154 -5.750
SPIN 3 10 12 4 -1.326 -5.707 0.818
SPIN 3 10 12 5 -1.127 -2.048 5.435
SPIN 3 10 12 6 5.228 -2.116 -1.787
SPIN 3 10 12 7 -3.524 -4.688 0.775
SPIN 3 10 12 8 0.642 1.408 5.710
SPIN 3 10 12 9 -1.346 -2.387 -5.243
SPIN 3 10 12 10 -5.713 -0.679 -1.378
SPIN 3 10 12 11 -0.794 5.565 1.843
SPIN 3 10 12 12 3.815 0.710 4.466
SPIN 3 10 12 13 -5.779 0.413 -1.198
SPIN 3 10 12 14 4.642 -2.846 -2.314
SPIN 3 10 12 15 1.791 4.867 2.847
SPIN 2 10 12 0 -3.745 0.404 4.562
SPIN 2 10 12 1 -5.723 0.941 1.168
SPIN 2 10 12 2 -0.706 2.127 5.475
SPIN 2 10 12 3 3.589 -0.063 -4.703
SPIN 2 10 12 4 -4.522 1.968 3.268
SPIN 2 10 12 5 1.642 2.085 -5.288
SPIN 2 10 12 6 5.123 1.276 -2.670
SPIN 2 10 12 7 3.900 1.092 4.312
SPIN 2 10 12 8 1.544 3.205 -4.727
SPIN 2 10 12 9 5.800 0.740 0.900
SPIN 2 10 12 10 -4.503 0.510 3.803
SPIN 2 10 12 11 -4.891 2.614 2.060
SPIN 2 10 12 12 -3.046 -3.649 -3.523
SPIN 2 10 12 13 -4.976 2.615 1.845
SPIN 2 10 12 14 -1.412 3.979 -4.144
SPIN 2 10 12 15 2.772 -5.097 1.158
SPIN 3 10 13 0 5.800 0.927 0.707
SPIN 3 10 13 1 -4.177 2.117 3.616
SPIN 3 10 13 2 3.187 -4.666 1.754
SPIN 3 10 13 3 -0.934 -4.289 3.966
SPIN 3 10 13 4 3.441 3.876 2.852
SPIN 3 10 13 5 -2.564 4.664 -2.584
SPIN 3 10 13 6 2.652 -5.056 -1.549
SPIN 3 10 13 7 1.703 5.666 -0.022
SPIN 3 10 13 8 -0.437 -4.768 -3.475
SPIN 3 10 13 9 0.476 5.750 1.309
SPIN 3 10 13 10 5.015 0.367 3.117
SPIN 3 10 13 11 -5.451 -2.199 -0.674
SPIN 3 10 13 12 -3.349 -0.806 -4.810
SPIN 3 10 13 13 -0.958 1.843 5.540
SPIN 3 10 13 14 4.259 -4.049 0.685
SPIN 3 10 13 15 -1.497 2.492 5.153
SPIN 2 10 13 0 5.062 1.077 2.866
SPIN 2 10 13 1 -0.323 -4.802 3.441
SPIN 2 10 13 2 5.732 -1.095 0.973
SPIN 2 10 13 3 -4.633 1.863 -3.172
SPIN 2 10 13 4 3.100 -4.908 -1.143
SPIN 2 10 13 5 4.228 3.059 2.786
SPIN 2 10 13 6 1.201 3.710 4.449
SPIN 2 10 13 7 -0.386 -0.997 5.819
SPIN 2 10 13 8 5.103 -2.959 0.449
SPIN 2 10 13 9 4.280 2.690 3.073
SPIN 2 10 13 10 0.775 4.272 -4.018
SPIN 2 10 13 11 0.580 -2.079 -5.508
SPIN 2 10 13 12 -3.493 1.590 4.502
SPIN 2 10 13 13 2.192 -4.873 -2.540
SPIN 2 10 13 14 -3.788 -4.475 -0.789
SPIN 2 10 13 15 -1.501 3.447 -4.568
SPIN 3 10 14 0 -4.734 2.103 2.857
SPIN 3 10 14 1 0.494 -5.188 -2.801
SPIN 3 10 14 2 -5.014 -2.742 -1.530
SPIN 3 10 14 3 1.082 3.739 4.455
SPIN 3 10 14 4 -5.560 0.306 1.998
SPIN 3 10 14 5 4.661 -1.643 -3.252
SPIN 3 10 14 6 -0.923 -2.685 -5.191
SPIN 3 10 14 7 4.627 -2.654 2.558
SPIN 3 10 14 8 0.360 -1.520 -5.706
SPIN 3 10 14 9 -0.964 4.785 3.342
SPIN 3 10 14 10 -2.880 -2.536 -4.502
SPIN 3 10 14 11 4.533 0.870 3.701
SPIN 3 10 14 12 -2.199 -3.296 -4.393
SPIN 3 10 14 13 1.599 -4.847 -2.992
SPIN 3 10 14 14 0.337 -2.454 5.373
SPIN 3 10 14 15 -1.221 -4.044 -4.142
SPIN 2 10 14 0 -3.713 1.440 4.375
SPIN 2 10 14 1 3.363 4.426 2.024
SPIN 2 10 14 2 -2.611 0.169 -5.306
SPIN 2 10 14 3 -0.898 -3.139 4.934
SPIN 2 10 14 4 -3.951 1.758 4.038
SPIN 2 10 14 5 0.968 -5.835 0.124
SPIN 2 10 14 6 1.978 5.576 0.018
SPIN 2 10 14 7 2.763 5.174 0.775
SPIN 2 10 14 8 -5.405 -0.804 -2.266
SPIN 2 10 14 9 1.382 5.373 2.055
SPIN 2 10 14 10 -4.530 2.531 2.842
SPIN 2 10 14 11 0.426 -4.039 4.302
SPIN 2 10 14 12 1.032 2.452 -5.284
SPIN 2 10 14 13 -1.998 3.826 4.046
SPIN 2 10 14 14 5.032 3.109 0.139
SPIN 2 10 14 15 5.355 -0.888 -2.354
SPIN 3 10 15 0 4.171 -1.885 3.749
SPIN 3 10 15 1 -1.985 2.663 4.895
SPIN 3 10 15 2 2.787 1.419 -5.022
SPIN 3 10 15 3 -2.432 -1.205 -5.257
SPIN 3 10 15 4 -1.182 3.748 4.422
SPIN 3 10 15 5 1.900 0.045 5.603
SPIN 3 10 15 6 -5.690 1.334 0.919
SPIN 3 10 15 7 3.634 -3.673 2.882
SPIN 3 10 15 8 5.540 -1.797 1.037
SPIN 3 10 15 9 5.577 1.417 1.373
SPIN 3 10 15 10 -3.420 -0.496 -4.802
SPIN 3 10 15 11 4.447 3.625 -1.441
SPIN 3 10 15 12 4.079 1.413 4.045
SPIN 3 10 15 13 -1.437 5.723 -0.432
SPIN 3 10 15 14 2.667 -5.244 0.624
SPIN 3 10 15 15 -2.190 -0.675 -5.454
SPIN 2 10 15 0 -1.968 0.947 -5.498
SPIN 2 10 15 1 1.297 -5.066 -2.765
SPIN 2 10 15 2 -5.733 0.160 1.452
SPIN 2 10 15 3 1.699 -5.644 -0.510
SPIN 2 10 15 4 3.732 -2.952 3.516
SPIN 2 10 15 5 -2.420 -3.943 -3.687
SPIN 2 10 15 6 -1.251 -2.518 -5.205
SPIN 2 10 15 7 2.240 5.455 -0.467
SPIN 2 10 15 8 -4.926 -1.665 2.822
SPIN 2 10 15 9 -1.049 -5.627 -1.497
SPIN 2 10 15 10 0.079 3.566 -4.720
SPIN 2 10 15 11 -3.350 4.523 1.821
SPIN 2 10 15 12 4.317 3.918 1.007
SPIN 2 10 15 13 -4.540 -1.018 3.654
SPIN 2 10 15 14 5.070 0.650 2.979
SPIN 2 10 15 15 2.954 -4.698 -2.050
SPIN 1 11 0 0 -4.310 -4.050 0.159
SPIN 1 11 0 1 -4.729 2.877 -2.089
SPIN 1 11 0 2 0.199 -0.917 5.841
SPIN 1 11 0 3 1.080 0.817 5.759
SPIN 1 11 0 4 0.691 0.343 -5.866
SPIN 1 11 0 5 -3.772 4.462 -0.929
SPIN 1 11 0 6 -5.239 1.712 2.151
SPIN 1 11 0 7 -0.336 -5.891 0.423
SPIN 1 11 0 8 -2.628 5.057 -1.586
SPIN 1 11 0 9 -4.958 0.358 3.208
SPIN 1 11 0 10 0.426 -1.572 -5.688
SPIN 1 11 0 11 3.303 4.512 -1.933
SPIN 1 11 0 12 -2.101 -3.474 -4.303
SPIN 1 11 0 13 -4.984 -2.911 -1.299
SPIN 1 11 0 14 -0.377 0.937 5.829
SPIN 1 11 0 15 -5.506 1.691 1.352
SPIN 4 11 0 0 -0.664 -5.565 1.894
SPIN 4 11 0 1 1.686 -1.537 -5.458
SPIN 4 11 0 2 -1.911 0.945 -5.519
SPIN 4 11 0 3 -1.534 -0.985 5.628
SPIN 4 11 0 4 3.684 -4.562 0.781
SPIN 4 11 0 5 2.744 -4.455 2.761
SPIN 4 11 0 6 0.989 3.789 4.435
SPIN 4 11 0 7 5.690 -1.496 -0.616
SPIN 4 11 0 8 4.361 -3.956 -0.571
SPIN 4 11 0 9 0.222 -5.801 -1.142
SPIN 4 11 0 10 -5.436 -1.548 -1.746
SPIN 4 11 0 11 -1.356 -2.914 -4.967
SPIN 4 11 0 12 1.679 5.289 2.052
SPIN 4 11 0 13 -4.378 -3.978 -0.102
SPIN 4 11 0 14 4.810 -1.706 -2.992
SPIN 4 11 0 15 -3.640 0.556 4.630
SPIN 1 11 1 0 -4.491 -0.705 -3.786
SPIN 1 11 1 1 1.203 -2.764 -5.090
SPIN 1 11 1 2 -5.438 2.063 1.083
SPIN 1 11 1 3 -5.892 -0.172 -0.501
SPIN 1 11 1 4 2.035 3.400 4.393
SPIN 1 11 1 5 4.865 -1.493 -3.018
SPIN 1 11 1 6 -4.654 -0.517 3.615
SPIN 1 11 1 7 5.374 -2.450 0.350
SPIN 1 11 1 8 -3.316 -1.337 4.714
SPIN 1 11 1 9 -2.024 4.679 -3.002
SPIN 1 11 1 10 1.094 -5.071 2.844
SPIN 1 11 1 11 3.452 -1.482 -4.570
SPIN 1 11 1 12 -1.570 -5.060 2.632
SPIN 1 11 1 13 4.259 -0.825 -4.023
SPIN 1 11 1 14 0.824 -4.347 -3.928
SPIN 1 11 1 15 1.786 4.140 -3.831
SPIN 4 11 1 0 1.721 4.733 -3.104
SPIN 4 11 1 1 -2.556 -4.367 -3.065
SPIN 4 11 1 2 -5.641 -0.304 1.756
SPIN 4 11 1 3 0.436 -1.653 5.664
SPIN 4 11 1 4 -3.640 4.625 -0.599
SPIN 4 11 1 5 -3.006 -5.091 -0.201
SPIN 4 11 1 6 2.903 3.630 -3.661
SPIN 4 11 1 7 -2.830 0.302 -5.187
SPIN 4 11 1 8 -2.100 -1.717 -5.257
SPIN 4 11 1 9 0.890 4.129 4.143
SPIN 4 11 1 10 -0.126 5.215 2.792
SPIN 4 11 1 11 -2.877 2.257 -4.651
SPIN 4 11 1 12 -1.387 5.410 -1.952
SPIN 4 11 1 13 3.116 2.029 -4.601
SPIN 4 11 1 14 -2.051 -1.151 5.429
SPIN 4 11 1 15 -1.592 -2.339 5.195
SPIN 1 11 2 0 4.382 -1.806 -3.540
SPIN 1 11 2 1 -5.043 3.058 -0.467
SPIN 1 11 2 2 -2.029 -3.545 4.280
SPIN 1 11 2 3 1.401 -5.353 -2.095
SPIN 1 11 2 4 1.382 5.734 -0.461
SPIN 1 11 2 5 -1.376 4.206 3.927
SPIN 1 11 2 6 0.684 1.120 -5.769
SPIN 1 11 2 7 -4.700 3.489 0.860
SPIN 1 11 2 8 3.390 2.092 4.374
SPIN 1 11 2 9 2.885 -4.075 3.174
SPIN 1 11 2 10 -0.681 -3.233 -4.908
SPIN 1 11 2 11 -1.230 5.085 -2.763
SPIN 1 11 2 12 4.954 -2.142 2.424
SPIN 1 11 2 13 -5.512 -0.228 -2.138
SPIN 1 11 2 14 -2.559 -2.552 -4.684
SPIN 1 11 2 15 -1.671 -2.908 4.874
SPIN 4 11 2 0 -2.784 -3.229 -4.101
SPIN 4 11 2 1 -2.598 1.220 -5.173
SPIN 4 11 2 2 0.798 5.793 0.894
SPIN 4 11 2 3 -4.542 -1.623 3.425
SPIN 4 11 2 4 1.569 4.059 -4.008
SPIN 4 11 2 5 -3.407 2.190 4.312
SPIN 4 11 2 6 -0.221 1.092 -5.810
SPIN 4 11 2 7 -3.110 -4.417 2.412
SPIN 4 11 2 8 -5.684 -1.012 1.291
SPIN 4 11 2 9 0.824 3.186 -4.916
SPIN 4 11 2 10 -4.822 0.317 3.413
SPIN 4 11 2 11 -5.870 -0.431 0.600
SPIN 4 11 2 12 4.249 -1.865 3.669
SPIN 4 11 2 13 0.536 0.068 5.891
SPIN 4 11 2 14 0.779 -5.464 -2.130
SPIN 4 11 2 15 1.227 -3.128 4.869
SPIN 1 11 3 0 1.058 4.753 3.361
SPIN 1 11 3 1 0.395 -1.669 -5.662
SPIN 1 11 3 2 2.128 -3.713 4.085
SPIN 1 11 3 3 -0.794 4.243 4.046
SPIN 1 11 3 4 -5.545 -1.862 0.887
SPIN 1 11 3 5 1.277 2.044 -5.403
SPIN 1 11 3 6 5.279 1.778 1.993
SPIN 1 11 3 7 -0.233 -4.799 -3.451
SPIN 1 11 3 8 -1.963 5.451 -1.199
SPIN 1 11 3 9 3.123 -2.598 -4.301
SPIN 1 11 3 10 1.061 0.380 5.808
SPIN 1 11 3 11 5.199 -2.822 0.033
SPIN 1 11 3 12 1.617 2.491 -5.117
SPIN 1 11 3 13 4.207 -2.483 3.337
SPIN 1 11 3 14 4.175 3.628 2.099
SPIN 1 11 3 15 4.789 3.427 -0.568
SPIN 4 11 3 0 1.501 -5.052 -2.688
SPIN 4 11 3 1 1.302 0.350 5.760
SPIN 4 11 3 2 -1.457 5.583 -1.305
SPIN 4 11 3 3 4.362 2.263 3.294
SPIN 4 11 3 4 5.855 0.671 -0.516
SPIN 4 11 3 5 0.502 -1.106 -5.790
SPIN 4 11 3 6 -3.644 -0.227 4.655
SPIN 4 11 3 7 2.825 4.647 -2.330
SPIN 4 11 3 8 -0.671 -5.873 0.237
SPIN 4 11 3 9 -5.645 -1.570 0.816
SPIN 4 11 3 10 3.210 4.506 -2.095
SPIN 4 11 3 11 4.199 -3.361 2.463
SPIN 4 11 3 12 4.952 2.798 1.627
SPIN 4 11 3 13 -5.339 -2.195 -1.295
SPIN 4 11 3 14 3.534 4.341 -1.915
SPIN 4 11 3 15 -4.240 0.797 -4.048
SPIN 1 11 4 0 3.260 -4.482 -2.071
SPIN 1 11 4 1 -0.462 5.849 0.757
SPIN 1 11 4 2 -0.689 5.813 0.860
SPIN 1 11 4 3 1.556 -2.685 5.037
SPIN 1 11 4 4 0.329 -5.904 -0.198
SPIN 1 11 4 5 1.604 -1.169 -5.573
SPIN 1 11 4 6 -2.548 5.334 0.243
SPIN 1 11 4 7 2.161 1.046 5.407
SPIN 1 11 4 8 -1.153 -4.485 -3.682
SPIN 1 11 4 9 4.036 3.746 2.164
SPIN 1 11 4 10 -1.241 -3.651 4.487
SPIN 1 11 4 11 -5.583 1.941 0.248
SPIN 1 11 4 12 1.007 5.426 2.130
SPIN 1 11 4 13 -4.656 3.584 -0.688
SPIN 1 11 4 14 -3.186 1.200 4.839
SPIN 1 11 4 15 1.606 2.551 -5.091
SPIN 4 11 4 0 3.825 0.774 -4.447
SPIN 4 11 4 1 -1.042 -1.281 -5.681
SPIN 4 11 4 2 4.094 3.899 1.743
SPIN 4 11 4 3 1.329 5.412 -1.985
SPIN 4 11 4 4 -2.384 -0.806 5.354
SPIN 4 11 4 5 -0.751 4.865 3.281
SPIN 4 11 4 6 -5.152 0.405 -2.881
SPIN 4 11 4 7 -1.984 1.170 5.449
SPIN 4 11 4 8 -4.799 1.982 2.836
SPIN 4 11 4 9 4.789 0.378 -3.453
SPIN 4 11 4 10 -4.050 -2.344 -3.620
SPIN 4 11 4 11 -1.637 3.108 -4.760
SPIN 4 11 4 12 -2.690 -0.825 5.204
SPIN 4 11 4 13 5.284 1.213 -2.368
SPIN 4 11 4 14 4.452 3.864 0.499
SPIN 4 11 4 15 -2.632 5.180 -1.112
SPIN 1 11 5 0 0.030 -3.419 -4.828
SPIN 1 11 5 1 -5.464 -0.020 2.269
SPIN 1 11 5 2 5.476 -1.169 -1.909
SPIN 1 11 5 3 -2.041 1.688 -5.290
SPIN 1 11 5 4 -5.274 -2.486 1.005
SPIN 1 11 5 5 3.771 4.523 -0.569
SPIN 1 11 5 6 3.863 -0.966 -4.376
SPIN 1 11 5 7 4.844 2.065 2.696
SPIN 1 11 5 8 2.258 -2.288 -4.967
SPIN 1 11 5 9 -2.773 -1.802 4.905
SPIN 1 11 5 10 -3.433 -3.765 3.006
SPIN 1 11 5 11 5.465 2.114 0.818
SPIN 1 11 5 12 0.905 -3.800 4.443
SPIN 1 11 5 13 4.904 -2.373 -2.307
SPIN 1 11 5 14 -5.525 1.902 -0.926
SPIN 1 11 5 15 -2.754 -4.325 2.951
SPIN 4 11 5 0 -3.587 4.704 0.033
SPIN 4 11 5 1 -0.695 -4.626 -3.622
SPIN 4 11 5 2 0.690 5.791 0.995
SPIN 4 11 5 3 -0.133 -5.319 -2.587
SPIN 4 11 5 4 0.835 -3.721 -4.523
SPIN 4 11 5 5 4.039 -0.062 4.323
SPIN 4 11 5 6 -1.758 0.793 -5.593
SPIN 4 11 5 7 -5.797 -0.997 -0.629
SPIN 4 11 5 8 -2.438 5.292 -1.024
SPIN 4 11 5 9 -0.089 -5.901 -0.419
SPIN 4 11 5 10 2.850 -2.900 -4.298
SPIN 4 11 5 11 -1.813 -0.797 -5.575
SPIN 4 11 5 12 -4.543 -0.402 -3.768
SPIN 4 11 5 13 4.796 -1.449 3.146
SPIN 4 11 5 14 -5.542 -1.292 -1.618
SPIN 4 11 5 15 3.327 0.111 4.891
SPIN 1 11 6 0 5.153 -2.617 -1.265
SPIN 1 11 6 1 2.865 4.337 2.826
SPIN 1 11 6 2 -2.117 -1.357 -5.355
SPIN 1 11 6 3 -1.655 -4.472 3.502
SPIN 1 11 6 4 -3.007 -5.001 -0.975
SPIN 1 11 6 5 3.633 2.597 -3.881
SPIN 1 11 6 6 -1.019 5.718 -1.127
SPIN 1 11 6 7 -5.339 0.205 -2.540
SPIN 1 11 6 8 5.260 -1.935 1.896
SPIN 1 11 6 9 0.822 1.430 -5.681
SPIN 1 11 6 10 -0.302 4.601 3.707
SPIN 1 11 6 11 3.618 3.579 3.018
SPIN 1 11 6 12 3.394 -3.795 -3.014
SPIN 1 11 6 13 -5.079 2.688 -1.406
SPIN 1 11 6 14 5.050 -0.781 2.982
SPIN 1 11 6 15 -2.392 -5.218 -1.431
SPIN 4 11 6 0 4.190 2.559 3.301
SPIN 4 11 6 1 4.703 -2.488 2.586
SPIN 4 11 6 2 -2.635 2.544 4.646
SPIN 4 11 6 3 -5.706 -1.057 -1.153
SPIN 4 11 6 4 4.012 3.863 1.997
SPIN 4 11 6 5 -3.354 2.283 -4.306
SPIN 4 11 6 6 3.934 4.286 1.075
SPIN 4 11 6 7 -3.961 4.385 0.284
SPIN 4 11 6 8 3.740 -3.065 -3.409
SPIN 4 11 6 9 4.352 -0.289 -3.997
SPIN 4 11 6 10 2.603 -3.059 -4.344
SPIN 4 11 6 11 1.847 5.556 0.849
SPIN 4 11 6 12 4.391 3.903 -0.702
SPIN 4 11 6 13 -0.680 -2.898 -5.113
SPIN 4 11 6 14 2.876 2.695 -4.412
SPIN 4 11 6 15 -1.433 -4.994 -2.829
SPIN 1 11 7 0 -3.481 -2.127 4.285
SPIN 1 11 7 1 -0.698 1.733 -5.613
SPIN 1 11 7 2 2.175 2.240 -5.025
SPIN 1 11 7 3 2.679 -3.549 3.903
SPIN 1 11 7 4 -0.506 -3.038 -5.051
SPIN 1 11 7 5 -4.618 1.343 -3.445
SPIN 1 11 7 6 -4.513 -1.011 -3.690
SPIN 1 11 7 7 2.988 -2.984 4.143
SPIN 1 11 7 8 2.113 5.471 -0.774
SPIN 1 11 7 9 1.865 -1.756 5.333
SPIN 1 11 7 10 -1.232 -2.270 -5.323
SPIN 1 11 7 11 -1.043 -5.446 2.063
SPIN 1 11 7 12 5.638 1.780 -0.197
SPIN 1 11 7 13 -4.035 -3.022 -3.095
SPIN 1 11 7 14 -3.478 4.614 1.269
SPIN 1 11 7 15 3.153 1.770 4.683
SPIN 4 11 7 0 -1.890 -2.316 5.106
SPIN 4 11 7 1 -5.268 2.524 -0.934
SPIN 4 11 7 2 5.065 0.768 2.960
SPIN 4 11 7 3 1.692 -4.958 -2.749
SPIN 4 11 7 4 5.139 2.274 -1.849
SPIN 4 11 7 5 -1.868 -5.613 -0.084
SPIN 4 11 7 6 -5.103 2.929 -0.621
SPIN 4 11 7 7 0.920 -5.372 -2.301
SPIN 4 11 7 8 -2.805 2.854 -4.357
SPIN 4 11 7 9 5.001 2.706 -1.633
SPIN 4 11 7 10 5.196 -2.611 -1.086
SPIN 4 11 7 11 -3.991 -0.229 4.361
SPIN 4 11 7 12 1.921 -4.994 2.524
SPIN 4 11 7 13 -4.607 0.264 3.703
SPIN 4 11 7 14 2.460 1.841 5.055
SPIN 4 11 7 15 -0.647 5.880 0.053
SPIN 1 11 8 0 -3.655 0.643 -4.607
SPIN 1 11 8 1 4.180 3.395 -2.450
SPIN 1 11 8 2 2.100 1.361 5.361
SPIN 1 11 8 3 -4.044 -2.709 -3.362
SPIN 1 11 8 4 -4.645 3.032 2.058
SPIN 1 11 8 5 1.760 -5.371 -1.748
SPIN 1 11 8 6 -4.196 -2.530 -3.315
SPIN 1 11 8 7 4.696 2.824 2.231
SPIN 1 11 8 8 -1.190 0.836 -5.735
SPIN 1 11 8 9 -5.843 -0.548 -0.747
SPIN 1 11 8 10 -5.632 1.655 -0.737
SPIN 1 11 8 11 2.625 5.185 -1.104
SPIN 1 11 8 12 -2.780 -5.218 0.213
SPIN 1 11 8 13 3.235 4.892 0.775
SPIN 1 11 8 14 2.117 -4.096 3.707
SPIN 1 11 8 15 -2.891 -5.108 0.742
SPIN 4 11 8 0 4.923 1.868 2.698
SPIN 4 11 8 1 1.556 5.147 2.468
SPIN 4 11 8 2 1.664 5.203 -2.273
SPIN 4 11 8 3 2.271 -4.194 3.500
SPIN 4 11 8 4 0.726 5.314 -2.496
SPIN 4 11 8 5 2.517 -4.418 3.024
SPIN 4 11 8 6 4.153 -1.304 4.007
SPIN 4 11 8 7 -4.477 2.607 -2.857
SPIN 4 11 8 8 -1.083 5.492 1.915
SPIN 4 11 8 9 -1.308 -5.051 2.789
SPIN 4 11 8 10 -4.113 -0.492 -4.224
SPIN 4 11 8 11 3.934 1.678 4.088
SPIN 4 11 8 12 -3.946 1.789 4.029
SPIN 4 11 8 13 -1.548 1.571 5.489
SPIN 4 11 8 14 -1.355 -2.692 -5.091
SPIN 4 11 8 15 0.624 -3.075 5.015
SPIN 1 11 9 0 -4.260 2.372 3.351
SPIN 1 11 9 1 0.124 0.045 5.915
SPIN 1 11 9 2 -3.374 -4.411 -2.040
SPIN 1 11 9 3 -3.232 -0.727 -4.901
SPIN 1 11 9 4 2.151 -4.547 3.115
SPIN 1 11 9 5 -0.295 4.312 -4.040
SPIN 1 11 9 6 0.910 -5.293 -2.482
SPIN 1 11 9 7 -4.399 2.469 -3.091
SPIN 1 11 9 8 1.679 -1.632 -5.433
SPIN 1 11 9 9 1.197 -4.538 -3.602
SPIN 1 11 9 10 0.344 5.045 -3.070
SPIN 1 11 9 11 -0.038 -5.846 -0.904
SPIN 1 11 9 12 5.068 2.805 -1.201
SPIN 1 11 9 13 0.886 -5.665 1.457
SPIN 1 11 9 14 -3.131 3.930 3.123
SPIN 1 11 9 15 -4.383 3.611 1.658
SPIN 4 11 9 0 0.811 -0.507 5.838
SPIN 4 11 9 1 4.020 0.053 4.340
SPIN 4 11 9 2 3.597 4.008 2.449
SPIN 4 11 9 3 3.552 2.517 -4.006
SPIN 4 11 9 4 -0.742 -3.311 4.847
SPIN 4 11 9 5 5.127 2.564 -1.464
SPIN 4 11 9 6 -2.133 2.607 -4.864
SPIN 4 11 9 7 4.192 -4.170 -0.191
SPIN 4 11 9 8 -1.910 2.532 4.994
SPIN 4 11 9 9 -3.275 1.225 -4.772
SPIN 4 11 9 10 3.359 4.857 0.355
SPIN 4 11 9 11 -4.738 1.043 -3.385
SPIN 4 11 9 12 -5.587 -1.571 1.150
SPIN 4 11 9 13 0.265 2.436 -5.385
SPIN 4 11 9 14 -2.657 -3.701 3.774
SPIN 4 11 9 15 -5.439 -0.135 2.324
SPIN 1 11 10 0 3.977 -4.323 -0.705
SPIN 1 11 10 1 -3.614 4.579 0.984
SPIN 1 11 10 2 5.575 -1.971 -0.180
SPIN 1 11 10 3 3.914 -3.530 2.687
SPIN 1 11 10 4 -4.951 3.204 0.477
SPIN 1 11 10 5 2.748 -5.069 -1.324
SPIN 1 11 10 6 -2.447 2.439 4.803
SPIN 1 11 10 7 5.893 0.070 0.518
SPIN 1 11 10 8 -5.629 -1.439 1.115
SPIN 1 11 10 9 2.340 5.431 0.166
SPIN 1 11 10 10 -0.394 -5.551 -2.007
SPIN 1 11 10 11 -1.116 1.667 5.565
SPIN 1 11 10 12 -1.396 -4.059 -4.072
SPIN 1 11 10 13 5.337 -0.303 2.535
SPIN 1 11 10 14 1.933 -3.719 4.175
SPIN 1 11 10 15 3.732 4.472 -1.037
SPIN 4 11 10 0 -1.962 -5.329 -1.658
SPIN 4 11 10 1 4.062 3.168 2.910
SPIN 4 11 10 2 -4.071 -4.211 -0.834
SPIN 4 11 10 3 4.030 2.532 3.514
SPIN 4 11 10 4 -5.074 -2.328 -1.958
SPIN 4 11 10 5 4.354 -3.529 1.895
SPIN 4 11 10 6 -2.826 4.822 -1.941
SPIN 4 11 10 7 3.936 3.674 -2.452
SPIN 4 11 10 8 0.015 5.846 -0.907
SPIN 4 11 10 9 0.084 -4.133 4.232
SPIN 4 11 10 10 0.206 4.436 3.908
SPIN 4 11 10 11 3.508 -4.552 -1.407
SPIN 4 11 10 12 0.123 3.784 -4.546
SPIN 4 11 10 13 -4.417 -1.001 -3.806
SPIN 4 11 10 14 5.871 0.134 0.719
SPIN 4 11 10 15 0.467 1.075 5.799
SPIN 1 11 11 0 -3.055 -1.238 -4.913
SPIN 1 11 11 1 0.648 -5.181 2.782
SPIN 1 11 11 2 2.037 4.718 2.931
SPIN 1 11 11 3 0.017 5.810 -1.113
SPIN 1 11 11 4 5.142 1.889 2.236
SPIN 1 11 11 5 -2.672 -1.694 4.999
SPIN 1 11 11 6 4.276 -3.872 1.313
SPIN 1 11 11 7 4.726 3.495 0.674
SPIN 1 11 11 8 3.103 5.033 -0.198
SPIN 1 11 11 9 2.306 -5.175 -1.703
SPIN 1 11 11 10 0.131 -0.493 -5.894
SPIN 1 11 11 11 -1.871 -1.221 -5.478
SPIN 1 11 11 12 2.786 3.849 3.525
SPIN 1 11 11 13 -2.856 -3.888 3.424
SPIN 1 11 11 14 -0.614 3.310 -4.865
SPIN 1 11 11 15 -4.354 3.237 2.358
SPIN 4 11 11 0 3.058 -3.166 3.952
SPIN 4 11 11 1 0.234 -2.591 -5.313
SPIN 4 11 11 2 -1.758 0.602 5.617
SPIN 4 11 11 3 2.945 3.008 4.157
SPIN 4 11 11 4 0.358 2.477 -5.361
SPIN 4 11 11 5 2.245 5.448 -0.524
SPIN 4 11 11 6 -3.591 -4.531 -1.256
SPIN 4 11 11 7 5.617 -1.069 1.520
SPIN 4 11 11 8 -1.239 4.155 -4.025
SPIN 4 11 11 9 0.494 -1.251 5.761
SPIN 4 11 11 10 4.288 1.762 3.676
SPIN 4 11 11 11 3.730 -4.254 -1.728
SPIN 4 11 11 12 -0.158 -5.624 -1.830
SPIN 4 11 11 13 3.821 4.480 -0.576
SPIN 4 11 11 14 -4.607 -3.653 0.657
SPIN 4 11 11 15 1.512 5.547 -1.393
SPIN 1 11 12 0 -4.998 -0.868 3.044
SPIN 1 11 12 1 -4.149 -2.164 3.620
SPIN 1 11 12 2 5.753 1.088 0.846
SPIN 1 11 12 3 0.214 0.404 5.898
SPIN 1 11 12 4 3.465 -1.816 -4.438
SPIN 1 11 12 5 -2.360 5.302 -1.149
SPIN 1 11 12 6 -0.976 3.605 -4.588
SPIN 1 11 12 7 -5.316 -0.277 -2.582
SPIN 1 11 12 8 5.208 -0.309 2.789
SPIN 1 11 12 9 0.567 0.809 -5.833
SPIN 1 11 12 10 -2.937 -2.398 4.541
SPIN 1 11 12 11 -1.132 1.718 5.547
SPIN 1 11 12 12 -5.461 -0.593 -2.197
SPIN 1 11 12 13 -1.418 5.337 2.123
SPIN 1 11 12 14 0.461 -3.960 4.371
SPIN 1 11 12 15 3.296 -0.414 -4.895
SPIN 4 11 12 0 -1.919 2.171 -5.158
SPIN 4 11 12 1 2.563 4.637 -2.633
SPIN 4 11 12 2 3.111 3.205 -3.880
SPIN 4 11 12 3 -0.520 -5.281 2.615
SPIN 4 11 12 4 3.655 0.499 4.625
SPIN 4 11 12 5 2.117 -5.405 -1.141
SPIN 4 11 12 6 -5.296 2.431 1.019
SPIN 4 11 12 7 3.330 -1.135 4.756
SPIN 4 11 12 8 -1.651 5.465 -1.551
SPIN 4 11 12 9 5.046 -0.220 -3.081
SPIN 4 11 12 10 4.818 -2.920 1.805
SPIN 4 11 12 11 -3.041 5.042 0.571
SPIN 4 11 12 12 5.077 -2.969 -0.644
SPIN 4 11 12 13 -2.594 3.991 -3.512
SPIN 4 11 12 14 0.195 5.643 -1.767
SPIN 4 11 12 15 -2.659 -4.500 -2.771
SPIN 1 11 13 0 0.179 1.335 -5.761
SPIN 1 11 13 1 5.760 -1.303 -0.350
SPIN 1 11 13 2 1.281 1.878 5.462
SPIN 1 11 13 3 -2.190 -0.893 5.423
SPIN 1 11 13 4 3.034 2.919 -4.156
SPIN 1 11 13 5 0.934 -4.182 4.078
SPIN 1 11 13 6 1.476 -5.296 -2.186
SPIN 1 11 13 7 -1.992 3.108 -4.623
SPIN 1 11 13 8 4.372 -3.942 0.590
SPIN 1 11 13 9 -1.002 -5.826 0.242
SPIN 1 11 13 10 2.502 1.333 -5.193
SPIN 1 11 13 11 -2.783 -4.946 -1.670
SPIN 1 11 13 12 4.899 3.315 0.085
SPIN 1 11 13 13 1.003 -4.539 3.659
SPIN 1 11 13 14 -4.359 3.844 -1.106
SPIN 1 11 13 15 2.885 4.639 -2.271
SPIN 4 11 13 0 -4.127 4.097 1.086
SPIN 4 11 13 1 1.360 -4.244 3.890
SPIN 4 11 13 2 -5.839 0.928 -0.224
SPIN 4 11 13 3 -4.217 3.918 -1.366
SPIN 4 11 13 4 1.076 -5.593 -1.601
SPIN 4 11 13 5 1.594 -4.672 3.260
SPIN 4 11 13 6 3.853 -1.573 -4.205
SPIN 4 11 13 7 -5.769 -0.279 1.282
SPIN 4 11 13 8 -0.477 1.147 -5.784
SPIN 4 11 13 9 -0.914 -3.217 4.880
SPIN 4 11 13 10 -3.471 3.326 3.448
SPIN 4 11 13 11 4.643 -3.599 -0.696
SPIN 4 11 13 12 -4.311 -2.309 3.329
SPIN 4 11 13 13 -5.315 2.477 -0.785
SPIN 4 11 13 14 5.583 -1.957 0.050
SPIN 4 11 13 15 3.456 -0.132 4.800
SPIN 1 11 14 0 5.253 -0.469 2.680
SPIN 1 11 14 1 -4.364 -1.337 -3.764
SPIN 1 11 14 2 -2.617 -0.888 5.231
SPIN 1 11 14 3 -0.974 -3.432 -4.719
SPIN 1 11 14 4 -5.591 -1.385 1.350
SPIN 1 11 14 5 -0.849 -5.681 -1.417
SPIN 1 11 14 6 -5.737 -0.893 -1.138
SPIN 1 11 14 7 4.649 1.819 -3.175
SPIN 1 11 14 8 4.956 -2.517 2.026
SPIN 1 11 14 9 -1.270 4.893 -3.074
SPIN 1 11 14 10 -2.951 -5.061 0.825
SPIN 1 11 14 11 3.616 4.679 -0.189
SPIN 1 11 14 12 0.537 -0.762 5.842
SPIN 1 11 14 13 1.751 5.626 0.533
SPIN 1 11 14 14 -3.537 -3.356 3.351
SPIN 1 11 14 15 0.829 -4.246 -4.035
SPIN 4 11 14 0 1.783 0.712 -5.596
SPIN 4 11 14 1 -0.141 -0.563 -5.888
SPIN 4 11 14 2 2.296 -2.594 4.796
SPIN 4 11 14 3 4.432 2.689 2.851
SPIN 4 11 14 4 -2.037 -0.774 -5.500
SPIN 4 11 14 5 -2.160 5.091 2.103
SPIN 4 11 14 6 -3.097 -1.075 4.925
SPIN 4 11 14 7 5.631 0.736 -1.660
SPIN 4 11 14 8 -3.774 2.376 3.887
SPIN 4 11 14 9 1.945 -4.647 -3.102
SPIN 4 11 14 10 4.258 4.058 -0.633
SPIN 4 11 14 11 0.901 -2.394 -5.334
SPIN 4 11 14 12 -1.350 4.867 3.080
SPIN 4 11 14 13 3.768 -2.610 3.741
SPIN 4 11 14 14 -1.185 3.898 4.290
SPIN 4 11 14 15 -0.487 5.171 2.833
SPIN 1 11 15 0 0.315 -5.485 -2.195
SPIN 1 11 15 1 0.581 -0.254 5.882
SPIN 1 11 15 2 -3.574 0.885 4.630
SPIN 1 11 15 3 1.919 -2.134 -5.173
SPIN 1 11 15 4 -0.342 -5.647 1.730
SPIN 1 11 15 5 -1.326 2.585 -5.153
SPIN 1 11 15 6 5.147 -1.849 2.256
SPIN 1 11 15 7 -5.322 -1.308 -2.228
SPIN 1 11 15 8 -1.174 -4.943 -3.032
SPIN 1 11 15 9 -4.093 -1.164 -4.110
SPIN 1 11 15 10 4.813 -3.069 1.553
SPIN 1 11 15 11 -5.403 -1.970 1.387
SPIN 1 11 15 12 -1.811 -5.214 2.131
SPIN 1 11 15 13 -0.189 -2.746 -5.237
SPIN 1 11 15 14 -1.231 -4.242 3.935
SPIN 1 11 15 15 0.695 3.507 -4.713
SPIN 4 11 15 0 -2.902 1.015 5.054
SPIN 4 11 15 1 -1.959 0.166 5.580
SPIN 4 11 15 2 5.226 -0.249 2.762
SPIN 4 11 15 3 1.526 0.127 5.715
SPIN 4 11 15 4 -0.544 5.410 2.332
SPIN 4 11 15 5 -3.581 4.338 -1.832
SPIN 4 11 15 6 0.826 -0.328 -5.849
SPIN 4 11 15 7 0.591 0.473 5.867
SPIN 4 11 15 8 0.802 0.422 -5.846
SPIN 4 11 15 9 0.794 -0.040 5.862
SPIN 4 11 15 10 -4.416 -3.164 -2.343
SPIN 4 11 15 11 5.249 -1.811 2.043
SPIN 4 11 15 12 -5.065 -3.032 -0.400
SPIN 4 11 15 13 5.305 -0.370 -2.592
SPIN 4 11 15 14 -5.881 -0.466 -0.447
SPIN 4 11 15 15 2.832 -1.067 5.084
SPIN 3 11 0 0 1.697 2.076 -5.274
SPIN 3 11 0 1 -1.864 -3.035 4.724
SPIN 3 11 0 2 -4.582 3.742 0.009
SPIN 3 11 0 3 4.059 4.079 1.372
SPIN 3 11 0 4 -3.641 -0.872 4.580
SPIN 3 11 0 5 2.040 -2.838 4.773
SPIN 3 11 0 6 -5.877 -0.676 0.065
SPIN 3 11 0 7 -4.402 3.889 -0.710
SPIN 3 11 0 8 -2.608 2.774 -4.528
SPIN 3 11 0 9 -4.108 -0.697 4.200
SPIN 3 11 0 10 -2.366 4.143 -3.499
SPIN 3 11 0 11 -4.576 -3.685 -0.695
SPIN 3 11 0 12 -3.776 2.346 3.904
SPIN 3 11 0 13 4.686 2.660 -2.443
SPIN 3 11 0 14 3.426 -4.278 -2.229
SPIN 3 11 0 15 -5.337 1.575 -2.009
SPIN 2 11 0 0 -2.307 4.490 3.084
SPIN 2 11 0 1 2.447 3.422 4.159
SPIN 2 11 0 2 0.603 -1.081 -5.785
SPIN 2 11 0 3 -0.815 -0.328 5.850
SPIN 2 11 0 4 3.379 -0.499 -4.830
SPIN 2 11 0 5 3.208 -1.030 4.863
SPIN 2 11 0 6 -3.089 2.368 -4.456
SPIN 2 11 0 7 5.004 -2.717 -1.605
SPIN 2 11 0 8 -2.729 5.174 -0.885
SPIN 2 11 0 9 -5.813 -1.099 0.033
SPIN 2 11 0 10 -0.153 5.902 -0.378
SPIN 2 11 0 11 5.391 -1.975 1.429
SPIN 2 11 0 12 4.458 -3.887 0.106
SPIN 2 11 0 13 2.443 1.329 5.222
SPIN 2 11 0 14 -1.352 -2.283 -5.288
SPIN 2 11 0 15 5.042 -2.790 1.340
SPIN 3 11 1 0 1.372 4.150 3.987
SPIN 3 11 1 1 3.168 3.616 3.448
SPIN 3 11 1 2 -1.067 0.214 -5.815
SPIN 3 11 1 3 0.711 -1.856 -5.572
SPIN 3 11 1 4 -0.888 0.776 -5.797
SPIN 3 11 1 5 -3.206 -1.957 -4.571
SPIN 3 11 1 6 -1.962 0.871 -5.513
SPIN 3 11 1 7 4.857 -2.883 -1.760
SPIN 3 11 1 8 -0.602 -5.864 -0.495
SPIN 3 11 1 9 1.407 5.596 1.308
SPIN 3 11 1 10 -3.762 -1.784 -4.202
SPIN 3 11 1 11 5.056 2.668 1.523
SPIN 3 11 1 12 -3.517 -4.752 0.222
SPIN 3 11 1 13 2.741 -2.129 -4.791
SPIN 3 11 1 14 1.567 -5.678 0.556
SPIN 3 11 1 15 -1.113 -2.861 -5.057
SPIN 2 11 1 0 0.129 4.414 3.937
SPIN 2 11 1 1 0.445 -0.641 -5.864
SPIN 2 11 1 2 -0.584 2.792 5.183
SPIN 2 11 1 3 5.702 -0.962 1.250
SPIN 2 11 1 4 -4.952 1.488 2.875
SPIN 2 11 1 5 -0.445 5.246 2.698
SPIN 2 11 1 6 -3.475 1.752 4.456
SPIN 2 11 1 7 -4.733 -3.548 -0.086
SPIN 2 11 1 8 -2.625 3.489 -3.992
SPIN 2 11 1 9 4.746 0.334 -3.517
SPIN 2 11 1 10 -0.697 4.032 4.273
SPIN 2 11 1 11 4.326 -2.146 3.418
SPIN 2 11 1 12 4.215 -3.965 -1.230
SPIN 2 11 1 13 -1.020 3.213 4.862
SPIN 2 11 1 14 5.378 1.630 -1.849
SPIN 2 11 1 15 0.581 4.410 -3.901
SPIN 3 11 2 0 -3.403 4.807 0.560
SPIN 3 11 2 1 4.066 -0.079 4.297
SPIN 3 11 2 2 -4.495 -3.277 -2.016
SPIN 3 11 2 3 -4.655 3.651 -0.044
SPIN 3 11 2 4 5.353 -2.500 -0.309
SPIN 3 11 2 5 4.085 -3.748 -2.065
SPIN 3 11 2 6 2.117 -4.838 2.667
SPIN 3 11 2 7 -4.125 -1.924 -3.780
SPIN 3 11 2 8 -2.648 -5.053 1.567
SPIN 3 11 2 9 -3.099 4.366 -2.517
SPIN 3 11 2 10 -5.369 2.477 0.198
SPIN 3 11 2 11 -5.214 2.414 -1.410
SPIN 3 11 2 12 2.322 5.440 0.137
SPIN 3 11 2 13 0.531 5.836 -0.808
SPIN 3 11 2 14 -4.447 3.873 -0.470
SPIN 3 11 2 15 5.867 0.674 -0.355
SPIN 2 11 2 0 -0.500 1.610 -5.671
SPIN 2 11 2 1 -5.381 -0.138 2.454
SPIN 2 11 2 2 5.027 -1.358 2.807
SPIN 2 11 2 3 -4.554 3.765 0.290
SPIN 2 11 2 4 -3.866 -4.309 -1.217
SPIN 2 11 2 5 4.044 -1.012 -4.198
SPIN 2 11 2 6 2.578 -2.246 4.828
SPIN 2 11 2 7 3.491 0.118 4.775
SPIN 2 11 2 8 1.520 5.250 -2.263
SPIN 2 11 2 9 -4.943 3.247 0.150
SPIN 2 11 2 10 3.413 -4.503 -1.754
SPIN 2 11 2 11 -3.930 -2.678 3.519
SPIN 2 11 2 12 4.225 4.079 0.718
SPIN 2 11 2 13 -2.522 -4.574 2.779
SPIN 2 11 2 14 4.174 3.283 -2.607
SPIN 2 11 2 15 3.139 -4.980 -0.589
SPIN 3 11 3 0 2.961 4.371 2.670
SPIN 3 11 3 1 -2.118 3.559 -4.224
SPIN 3 11 3 2 -2.074 4.722 2.899
SPIN 3 11 3 3 4.542 3.688 0.879
SPIN 3 11 3 4 -1.218 -5.716 0.916
SPIN 3 11 3 5 0.411 5.573 -1.943
SPIN 3 11 3 6 -5.394 -0.887 -2.263
SPIN 3 11 3 7 3.867 1.442 -4.239
SPIN 3 11 3 8 3.336 -4.711 1.297
SPIN 3 11 3 9 -3.037 -3.222 -3.924
SPIN 3 11 3 10 4.041 -3.438 2.618
SPIN 3 11 3 11 5.596 -1.249 1.459
SPIN 3 11 3 12 -5.316 -1.780 1.889
SPIN 3 11 3 13 1.017 3.715 -4.490
SPIN 3 11 3 14 -4.506 -0.761 3.757
SPIN 3 11 3 15 -0.299 4.209 -4.146
SPIN 2 11 3 0 -1.534 5.609 1.091
SPIN 2 11 3 1 1.805 3.402 -4.491
SPIN 2 11 3 2 -3.909 -0.706 -4.384
SPIN 2 11 3 3 3.948 -4.197 -1.341
SPIN 2 11 3 4 2.062 -1.961 5.187
SPIN 2 11 3 5 -5.879 0.606 0.256
SPIN 2 11 3 6 3.660 -1.121 4.511
SPIN 2 11 3 7 -5.105 -0.410 -2.962
SPIN 2 11 3 8 -3.305 0.408 4.890
SPIN 2 11 3 9 0.336 -4.970 -3.192
SPIN 2 11 3 10 -5.028 1.163 2.892
SPIN 2 11 3 11 -4.547 2.098 -3.150
SPIN 2 11 3 12 -5.246 2.365 1.372
SPIN 2 11 3 13 -1.566 5.688 0.434
SPIN 2 11 3 14 1.219 -1.575 -5.571
SPIN 2 11 3 15 -1.942 -5.058 2.375
SPIN 3 11 4 0 -5.689 -1.622 -0.053
SPIN 3 11 4 1 -1.432 -0.014 5.740
SPIN 3 11 4 2 3.712 -0.474 4.582
SPIN 3 11 4 3 3.739 4.517 0.782
SPIN 3 11 4 4 5.803 -1.102 -0.333
SPIN 3 11 4 5 3.462 -1.083 4.674
SPIN 3 11 4 6 -2.676 -4.214 3.175
SPIN 3 11 4 7 -0.481 1.875 5.590
SPIN 3 11 4 8 2.510 1.680 -5.087
SPIN 3 11 4 9 5.912 0.088 -0.187
SPIN 3 11 4 10 -3.376 -3.321 -3.546
SPIN 3 11 4 11 5.320 2.505 -0.650
SPIN 3 11 4 12 -2.373 -4.050 -3.601
SPIN 3 11 4 13 -4.757 0.843 3.415
SPIN 3 11 4 14 1.130 5.223 -2.538
SPIN 3 11 4 15 -0.125 -5.455 -2.286
SPIN 2 11 4 0 -5.380 2.157 1.184
SPIN 2 11 4 1 1.970 -0.611 5.545
SPIN 2 11 4 2 5.365 -2.300 -0.964
SPIN 2 11 4 3 -2.503 -4.409 -3.049
SPIN 2 11 4 4 -1.536 3.814 -4.254
SPIN 2 11 4 5 -5.319 2.011 1.633
SPIN 2 11 4 6 3.559 -4.361 -1.820
SPIN 2 11 4 7 2.752 4.133 -3.216
SPIN 2 11 4 8 -3.979 4.367 -0.306
SPIN 2 11 4 9 4.327 -3.556 -1.906
SPIN 2 11 4 10 -5.604 -1.613 0.995
SPIN 2 11 4 11 0.428 -5.231 2.729
SPIN 2 11 4 12 2.151 -2.527 -4.898
SPIN 2 11 4 13 5.131 -2.795 0.927
SPIN 2 11 4 14 0.007 -5.820 1.062
SPIN 2 11 4 15 -3.293 4.869 -0.670
SPIN 3 11 5 0 1.013 5.065 -2.885
SPIN 3 11 5 1 -0.609 1.636 5.653
SPIN 3 11 5 2 -2.523 4.145 3.384
SPIN 3 11 5 3 -3.313 -3.032 3.851
SPIN 3 11 5 4 -4.883 2.442 -2.278
SPIN 3 11 5 5 0.082 -5.778 -1.269
SPIN 3 11 5 6 -4.916 2.488 2.154
SPIN 3 11 5 7 -3.534 -3.436 -3.272
SPIN 3 11 5 8 0.168 5.906 0.293
SPIN 3 11 5 9 -0.467 -4.918 -3.254
SPIN 3 11 5 10 2.618 5.301 -0.213
SPIN 3 11 5 11 3.989 -0.937 -4.267
SPIN 3 11 5 12 -4.917 2.536 2.095
SPIN 3 11 5 13 1.703 -4.525 -3.410
SPIN 3 11 5 14 3.721 -2.653 3.757
SPIN 3 11 5 15 2.519 5.303 0.730
SPIN 2 11 5 0 4.849 -1.835 -2.850
SPIN 2 11 5 1 -1.207 4.976 -2.963
SPIN 2 11 5 2 -5.652 0.989 1.441
SPIN 2 11 5 3 -1.576 3.237 -4.695
SPIN 2 11 5 4 -0.126 -5.508 2.155
SPIN 2 11 5 5 -3.079 -2.341 4.477
SPIN 2 11 5 6 -1.334 5.530 -1.625
SPIN 2 11 5 7 -0.425 -2.858 5.163
SPIN 2 11 5 8 4.009 -2.020 3.853
SPIN 2 11 5 9 3.845 -4.475 0.437
SPIN 2 11 5 10 -5.134 0.001 2.940
SPIN 2 11 5 11 -3.527 4.309 1.997
SPIN 2 11 5 12 4.328 -3.241 2.400
SPIN 2 11 5 13 -4.538 2.572 -2.791
SPIN 2 11 5 14 -2.044 -5.206 1.929
SPIN 2 11 5 15 5.633 0.468 -1.745
SPIN 3 11 6 0 3.731 0.544 4.559
SPIN 3 11 6 1 3.427 4.819 0.188
SPIN 3 11 6 2 1.423 -3.515 4.541
SPIN 3 11 6 3 2.112 4.490 -3.221
SPIN 3 11 6 4 -2.747 1.303 -5.075
SPIN 3 11 6 5 -5.034 -0.024 -3.108
SPIN 3 11 6 6 1.410 3.398 -4.633
SPIN 3 11 6 7 -0.411 -3.180 4.971
SPIN 3 11 6 8 1.234 -3.167 4.842
SPIN 3 11 6 9 3.413 -0.264 4.825
SPIN 3 11 6 10 -1.590 0.691 5.656
SPIN 3 11 6 11 -4.672 -1.885 -3.101
SPIN 3 11 6 12 4.905 -2.387 -2.290
SPIN 3 11 6 13 3.360 3.898 2.917
SPIN 3 11 6 14 -3.467 2.309 -4.201
SPIN 3 11 6 15 1.662 5.673 0.238
SPIN 2 11 6 0 2.484 -5.161 -1.482
SPIN 2 11 6 1 -4.280 -0.040 4.085
SPIN 2 11 6 2 3.604 1.414 -4.473
SPIN 2 11 6 3 4.738 1.001 -3.398
SPIN 2 11 6 4 4.268 -3.821 1.479
SPIN 2 11 6 5 -4.583 2.161 3.054
SPIN 2 11 6 6 1.173 1.401 5.627
SPIN 2 11 6 7 0.045 -4.454 -3.893
SPIN 2 11 6 8 -1.652 2.315 -5.188
SPIN 2 11 6 9 -0.262 -3.545 -4.729
SPIN 2 11 6 10 3.871 -4.448 0.482
SPIN 2 11 6 11 4.556 -3.428 1.581
SPIN 2 11 6 12 -0.223 3.150 -5.003
SPIN 2 11 6 13 4.696 -3.506 0.806
SPIN 2 11 6 14 -1.153 5.713 -1.016
SPIN 2 11 6 15 -1.399 -5.676 -0.907
SPIN 3 11 7 0 3.011 4.431 -2.510
SPIN 3 11 7 1 3.637 -1.660 -4.361
SPIN 3 11 7 2 -3.916 -1.069 4.303
SPIN 3 11 7 3 -1.762 5.632 0.427
SPIN 3 11 7 4 1.000 4.439 3.781
SPIN 3 11 7 5 -3.745 -1.959 -4.140
SPIN 3 11 7 6 0.239 1.271 5.773
SPIN 3 11 7 7 5.293 -1.240 2.333
SPIN 3 11 7 8 -5.623 -0.487 -1.772
SPIN 3 11 7 9 2.847 -1.400 4.994
SPIN 3 11 7 10 -1.220 2.827 -5.052
SPIN 3 11 7 11 2.697 -4.292 3.051
SPIN 3 11 7 12 -2.103 -0.587 5.498
SPIN 3 11 7 13 -1.898 -5.494 -1.102
SPIN 3 11 7 14 5.710 0.675 -1.391
SPIN 3 11 7 15 -1.548 -3.243 4.700
SPIN 2 11 7 0 2.264 4.390 3.256
SPIN 2 11 7 1 -3.698 3.307 3.224
SPIN 2 11 7 2 3.406 -4.426 1.952
SPIN 2 11 7 3 -3.327 -2.887 -3.950
SPIN 2 11 7 4 5.711 0.301 -1.515
SPIN 2 11 7 5 4.702 -3.284 -1.450
SPIN 2 11 7 6 3.260 -4.305 2.417
SPIN 2 11 7 7 0.110 1.388 -5.750
SPIN 2 11 7 8 -4.251 0.984 3.995
SPIN 2 11 7 9 1.796 -5.523 -1.127
SPIN 2 11 7 10 -5.182 1.172 2.603
SPIN 2 11 7 11 -5.377 2.092 1.311
SPIN 2 11 7 12 3.476 1.003 -4.681
SPIN 2 11 7 13 -4.806 1.639 -3.035
SPIN 2 11 7 14 5.830 -0.500 -0.871
SPIN 2 11 7 15 -2.520 -0.617 -5.317
SPIN 3 11 8 0 -2.948 5.124 0.226
SPIN 3 11 8 1 1.251 -3.569 4.549
SPIN 3 11 8 2 5.030 -3.016 0.779
SPIN 3 11 8 3 -3.574 0.421 -4.696
SPIN 3 11 8 4 2.058 3.335 4.432
SPIN 3 11 8 5 4.464 3.723 -1.098
SPIN 3 11 8 6 4.050 3.162 2.934
SPIN 3 11 8 7 -0.284 -5.854 -0.806
SPIN 3 11 8 8 0.075 5.823 -1.040
SPIN 3 11 8 9 4.509 -3.538 -1.467
SPIN 3 11 8 10 5.363 1.905 1.616
SPIN 3 11 8 11 2.512 -2.655 -4.652
SPIN 3 11 8 12 -3.238 -4.200 2.621
SPIN 3 11 8 13 -1.825 4.284 -3.649
SPIN 3 11 8 14 5.081 -1.436 -2.668
SPIN 3 11 8 15 3.258 4.832 -1.020
SPIN 2 11 8 0 2.555 -1.730 5.048
SPIN 2 11 8 1 -0.972 -3.807 -4.423
SPIN 2 11 8 2 -5.186 -1.866 2.151
SPIN 2 11 8 3 0.976 4.347 -3.892
SPIN 2 11 8 4 -2.874 -5.171 -0.001
SPIN 2 11 8 5 -3.520 -3.515 3.203
SPIN 2 11 8 6 0.833 5.589 -1.752
SPIN 2 11 8 7 -5.394 -2.167 1.101
SPIN 2 11 8 8 5.259 2.394 -1.267
SPIN 2 11 8 9 0.043 -1.737 5.655
SPIN 2 11 8 10 -4.209 1.546 -3.859
SPIN 2 11 8 11 3.297 4.893 -0.435
SPIN 2 11 8 12 -4.814 -3.293 0.992
SPIN 2 11 8 13 4.063 1.788 -3.911
SPIN 2 11 8 14 -3.430 -0.438 -4.800
SPIN 2 11 8 15 0.894 -5.201 -2.674
SPIN 3 11 9 0 1.169 -2.959 4.988
SPIN 3 11 9 1 -2.296 4.918 -2.354
SPIN 3 11 9 2 -2.383 -0.317 5.406
SPIN 3 11 9 3 4.706 3.553 -0.475
SPIN 3 11 9 4 0.110 -5.845 -0.909
SPIN 3 11 9 5 -4.187 2.348 3.458
SPIN 3 11 9 6 -5.191 0.110 -2.835
SPIN 3 11 9 7 -2.386 3.831 3.825
SPIN 3 11 9 8 -5.822 -0.767 0.718
SPIN 3 11 9 9 2.028 -4.781 2.834
SPIN 3 11 9 10 -0.509 -4.935 3.223
SPIN 3 11 9 11 -2.584 5.132 1.411
SPIN 3 11 9 12 5.086 2.677 1.401
SPIN 3 11 9 13 5.004 -3.105 -0.564
SPIN 3 11 9 14 0.266 -3.479 4.778
SPIN 3 11 9 15 -1.675 2.008 -5.307
SPIN 2 11 9 0 2.192 -5.164 1.878
SPIN 2 11 9 1 2.838 5.094 0.998
SPIN 2 11 9 2 1.819 -0.572 -5.600
SPIN 2 11 9 3 -3.477 -3.924 2.741
SPIN 2 11 9 4 -0.255 4.767 -3.495
SPIN 2 11 9 5 -0.246 -2.382 -5.410
SPIN 2 11 9 6 2.860 -4.689 2.198
SPIN 2 11 9 7 3.883 1.187 -4.303
SPIN 2 11 9 8 -0.927 -0.176 5.840
SPIN 2 11 9 9 -1.441 -4.533 -3.517
SPIN 2 11 9 10 4.619 -1.036 3.548
SPIN 2 11 9 11 -2.994 -2.249 -4.580
SPIN 2 11 9 12 -3.508 1.258 4.595
SPIN 2 11 9 13 -2.570 4.248 -3.217
SPIN 2 11 9 14 0.534 -5.889 -0.172
SPIN 2 11 9 15 0.537 0.090 5.891
SPIN 3 11 10 0 -1.836 -3.776 -4.168
SPIN 3 11 10 1 2.223 -3.931 3.822
SPIN 3 11 10 2 -5.337 -1.247 -2.228
SPIN 3 11 10 3 -5.840 0.946 0.029
SPIN 3 11 10 4 1.452 -5.577 1.337
SPIN 3 11 10 5 2.664 3.915 -3.546
SPIN 3 11 10 6 5.438 1.763 1.523
SPIN 3 11 10 7 -1.798 4.271 -3.678
SPIN 3 11 10 8 0.353 -5.057 -3.050
SPIN 3 11 10 9 -1.836 5.620 -0.221
SPIN 3 11 10 10 -4.461 -3.123 2.313
SPIN 3 11 10 11 5.278 1.033 2.466
SPIN 3 11 10 12 -3.432 3.934 -2.783
SPIN 3 11 10 13 -1.121 -1.469 5.620
SPIN 3 11 10 14 4.497 0.052 -3.843
SPIN 3 11 10 15 -4.532 2.087 3.179
SPIN 2 11 10 0 -2.471 -5.373 0.147
SPIN 2 11 10 1 1.517 -5.347 -2.028
SPIN 2 11 10 2 -2.331 -0.840 -5.372
SPIN 2 11 10 3 2.721 0.998 5.157
SPIN 2 11 10 4 -3.569 0.533 4.688
SPIN 2 11 10 5 1.083 4.160 4.064
SPIN 2 11 10 6 -2.478 5.325 0.708
SPIN 2 11 10 7 -2.078 -4.396 -3.370
SPIN 2 11 10 8 -3.480 -3.695 -3.040
SPIN 2 11 10 9 -0.131 5.912 -0.181
SPIN 2 11 10 10 -4.471 1.277 -3.657
SPIN 2 11 10 11 -0.211 5.581 -1.952
SPIN 2 11 10 12 0.366 -5.881 -0.528
SPIN 2 11 10 13 4.934 -1.115 3.068
SPIN 2 11 10 14 -2.190 5.455 0.666
SPIN 2 11 10 15 3.746 1.159 -4.430
SPIN 3 11 11 0 -3.512 -1.911 4.361
SPIN 3 11 11 1 -2.672 -2.785 -4.484
SPIN 3 11 11 2 2.879 -3.302 -3.976
SPIN 3 11 11 3 2.428 -5.070 -1.844
SPIN 3 11 11 4 -1.895 5.521 0.962
SPIN 3 11 11 5 4.036 -2.839 3.264
SPIN 3 11 11 6 -4.386 3.318 -2.180
SPIN 3 11 11 7 -4.713 -3.382 1.161
SPIN 3 11 11 8 1.758 -3.061 4.748
SPIN 3 11 11 9 -1.576 -5.702 -0.049
SPIN 3 11 11 10 5.385 -2.331 -0.755
SPIN 3 11 11 11 2.899 -4.797 1.893
SPIN 3 11 11 12 -0.891 -1.488 -5.656
SPIN 3 11 11 13 5.660 0.602 -1.613
SPIN 3 11 11 14 5.026 1.529 -2.720
SPIN 3 11 11 15 4.719 1.993 -2.959
SPIN 2 11 11 0 -4.289 4.037 -0.556
SPIN 2 11 11 1 -1.606 1.715 -5.429
SPIN 2 11 11 2 3.927 4.424 0.025
SPIN 2 11 11 3 -4.618 2.877 -2.322
SPIN 2 11 11 4 1.415 4.968 2.884
SPIN 2 11 11 5 1.625 -5.671 0.450
SPIN 2 11 11 6 -3.625 -4.307 1.819
SPIN 2 11 11 7 0.989 -5.527 1.863
SPIN 2 11 11 8 2.610 -5.218 0.981
SPIN 2 11 11 9 5.732 0.991 1.077
SPIN 2 11 11 10 2.034 5.278 1.733
SPIN 2 11 11 11 -2.547 -5.307 0.595
SPIN 2 11 11 12 0.834 -0.454 5.839
SPIN 2 11 11 13 -0.165 5.770 -1.298
SPIN 2 11 11 14 0.167 -1.039 -5.822
SPIN 2 11 11 15 -3.327 3.006 3.859
SPIN 3 11 12 0 4.965 -2.481 -2.049
SPIN 3 11 12 1 3.716 -1.086 4.474
SPIN 3 11 12 2 3.494 4.666 -1.010
SPIN 3 11 12 3 -4.982 -2.737 1.639
SPIN 3 11 12 4 -1.473 4.162 3.938
SPIN 3 11 12 5 1.434 -2.199 -5.302
SPIN 3 11 12 6 -5.048 2.112 2.248
SPIN 3 11 12 7 -5.227 -1.305 -2.444
SPIN 3 11 12 8 1.816 2.505 -5.042
SPIN 3 11 12 9 1.176 -2.327 5.311
SPIN 3 11 12 10 -4.027 1.674 -3.998
SPIN 3 11 12 11 -0.277 -0.225 5.905
SPIN 3 11 12 12 1.672 4.101 -3.922
SPIN 3 11 12 13 -0.069 -5.765 1.326
SPIN 3 11 12 14 -4.522 3.283 1.942
SPIN 3 11 12 15 -5.622 1.474 -1.106
SPIN 2 11 12 0 2.234 -3.552 4.170
SPIN 2 11 12 1 -1.043 -5.567 1.709
SPIN 2 11 12 2 -3.646 4.164 2.091
SPIN 2 11 12 3 2.629 -4.706 2.437
SPIN 2 11 12 4 -5.770 0.533 -1.195
SPIN 2 11 12 5 -4.747 3.528 0.138
SPIN 2 11 12 6 3.970 4.273 0.989
SPIN 2 11 12 7 -1.047 0.261 5.817
SPIN 2 11 12 8 5.056 -0.673 2.998
SPIN 2 11 12 9 -4.448 -3.223 -2.196
SPIN 2 11 12 10 -0.964 -3.801 4.430
SPIN 2 11 12 11 1.868 4.838 -2.846
SPIN 2 11 12 12 4.460 -3.208 2.195
SPIN 2 11 12 13 -0.043 -3.603 -4.692
SPIN 2 11 12 14 -3.758 -0.394 4.552
SPIN 2 11 12 15 3.433 -1.744 4.492
SPIN 3 11 13 0 3.527 3.138 3.566
SPIN 3 11 13 1 -2.029 -1.708 -5.288
SPIN 3 11 13 2 -5.584 -0.073 -1.952
SPIN 3 11 13 3 5.777 0.033 1.275
SPIN 3 11 13 4 1.413 -5.553 -1.472
SPIN 3 11 13 5 0.395 5.682 -1.600
SPIN 3 11 13 6 3.123 -2.798 4.173
SPIN 3 11 13 7 0.689 4.148 -4.161
SPIN 3 11 13 8 -5.739 0.283 1.407
SPIN 3 11 13 9 -0.342 5.432 -2.320
SPIN 3 11 13 10 -2.912 1.680 4.868
SPIN 3 11 13 11 2.097 0.811 -5.472
SPIN 3 11 13 12 -5.377 -2.042 1.383
SPIN 3 11 13 13 2.027 -3.431 -4.373
SPIN 3 11 13 14 5.175 -1.073 2.658
SPIN 3 11 13 15 -5.422 -0.767 -2.240
SPIN 2 11 13 0 5.804 -0.300 -1.109
SPIN 2 11 13 1 -4.435 -2.463 3.043
SPIN 2 11 13 2 -5.036 -2.724 1.488
SPIN 2 11 13 3 -1.708 3.499 -4.455
SPIN 2 11 13 4 -3.282 4.922 -0.047
SPIN 2 11 13 5 -4.686 3.460 -1.036
SPIN 2 11 13 6 -5.910 -0.026 -0.262
SPIN 2 11 13 7 -2.420 -5.213 -1.402
SPIN 2 11 13 8 5.156 -2.681 -1.109
SPIN 2 11 13 9 1.040 -4.784 3.321
SPIN 2 11 13 10 0.267 5.830 -0.967
SPIN 2 11 13 11 2.308 -2.845 4.645
SPIN 2 11 13 12 4.600 2.594 2.667
SPIN 2 11 13 13 2.126 1.804 -5.218
SPIN 2 11 13 14 2.476 -1.069 -5.266
SPIN 2 11 13 15 -1.426 4.464 3.611
SPIN 3 11 14 0 -2.518 1.577 5.116
SPIN 3 11 14 1 4.524 1.349 3.566
SPIN 3 11 14 2 -3.286 1.392 4.719
SPIN 3 11 14 3 -3.412 -3.676 3.138
SPIN 3 11 14 4 3.613 -1.749 4.346
SPIN 3 11 14 5 3.939 4.244 1.211
SPIN 3 11 14 6 -2.650 -4.850 -2.109
SPIN 3 11 14 7 1.779 -0.885 5.573
SPIN 3 11 14 8 3.560 -2.868 -3.755
SPIN 3 11 14 9 1.538 -5.537 -1.406
SPIN 3 11 14 10 2.912 -0.933 5.065
SPIN 3 11 14 11 2.988 4.654 -2.100
SPIN 3 11 14 12 0.578 -2.818 -5.169
SPIN 3 11 14 13 4.921 -3.124 1.012
SPIN 3 11 14 14 -2.534 -5.343 0.182
SPIN 3 11 14 15 4.875 0.314 3.336
SPIN 2 11 14 0 -1.437 -0.989 -5.653
SPIN 2 11 14 1 3.153 0.724 4.953
SPIN 2 11 14 2 1.983 5.572 0.158
SPIN 2 11 14 3 -2.164 4.999 2.309
SPIN 2 11 14 4 5.022 1.647 2.659
SPIN 2 11 14 5 -2.525 -4.479 2.927
SPIN 2 11 14 6 -2.302 5.176 -1.705
SPIN 2 11 14 7 0.604 5.419 2.296
SPIN 2 11 14 8 -0.972 5.835 0.109
SPIN 2 11 14 9 -2.620 -1.534 -5.078
SPIN 2 11 14 10 3.841 1.131 -4.355
SPIN 2 11 14 11 -5.529 0.025 2.104
SPIN 2 11 14 12 -1.382 -5.617 1.239
SPIN 2 11 14 13 2.244 -2.692 -4.766
SPIN 2 11 14 14 -3.196 2.449 -4.334
SPIN 2 11 14 15 2.239 -5.280 1.451
SPIN 3 11 15 0 -5.440 1.664 1.623
SPIN 3 11 15 1 3.373 -4.611 -1.537
SPIN 3 11 15 2 4.789 -1.655 3.053
SPIN 3 11 15 3 -3.414 4.796 -0.589
SPIN 3 11 15 4 1.746 5.653 0.009
SPIN 3 11 15 5 -5.321 -2.386 -0.995
SPIN 3 11 15 6 0.679 -2.472 -5.332
SPIN 3 11 15 7 -2.957 -5.023 -1.015
SPIN 3 11 15 8 2.705 3.221 4.161
SPIN 3 11 15 9 4.973 -1.739 -2.691
SPIN 3 11 15 10 0.878 5.537 -1.889
SPIN 3 11 15 11 -5.287 1.082 2.424
SPIN 3 11 15 12 3.143 4.617 1.950
SPIN 3 11 15 13 5.708 0.387 1.506
SPIN 3 11 15 14 0.387 -1.728 -5.645
SPIN 3 11 15 15 3.397 -4.739 1.002
SPIN 2 11 15 0 -0.962 -4.687 3.479
SPIN 2 11 15 1 -2.132 5.093 -2.124
SPIN 2 11 15 2 0.075 -4.163 4.203
SPIN 2 11 15 3 3.524 -3.965 -2.620
SPIN 2 11 15 4 1.111 5.116 2.756
SPIN 2 11 15 5 0.578 -5.854 0.627
SPIN 2 11 15 6 5.418 0.914 -2.192
SPIN 2 11 15 7 -5.205 2.385 -1.489
SPIN 2 11 15 8 -4.947 -1.010 -3.083
SPIN 2 11 15 9 5.206 2.738 0.639
SPIN 2 11 15 10 -3.991 2.609 3.503
SPIN 2 11 15 11 5.245 -2.585 -0.896
SPIN 2 11 15 12 0.756 -3.563 -4.662
SPIN 2 11 15 13 4.591 -3.330 1.683
SPIN 2 11 15 14 -4.898 -0.575 -3.268
SPIN 2 11 15 15 4.075 3.571 2.374
SPIN 1 12 0 0 -1.142 -2.432 -5.271
SPIN 1 12 0 1 3.025 -4.028 3.103
SPIN 1 12 0 2 5.818 -0.750 -0.765
SPIN 1 12 0 3 -4.956 -2.723 -1.737
SPIN 1 12 0 4 -1.534 -2.658 5.058
SPIN 1 12 0 5 -4.977 -1.215 -2.958
SPIN 1 12 0 6 1.997 4.972 2.508
SPIN 1 12 0 7 1.875 -3.013 4.734
SPIN 1 12 0 8 3.788 -2.844 3.544
SPIN 1 12 0 9 -2.807 -4.220 -3.053
SPIN 1 12 0 10 -0.034 -5.715 -1.530
SPIN 1 12 0 11 -2.171 -0.782 5.448
SPIN 1 12 0 12 -1.984 -4.466 3.334
SPIN 1 12 0 13 1.377 2.290 5.278
SPIN 1 12 0 14 4.897 2.726 -1.895
SPIN 1 12 0 15 4.007 -1.183 -4.188
SPIN 4 12 0 0 -3.115 0.131 -5.028
SPIN 4 12 0 1 -5.759 -1.268 -0.472
SPIN 4 12 0 2 3.498 4.347 1.966
SPIN 4 12 0 3 -1.127 5.721 0.998
SPIN 4 12 0 4 -5.913 0.170 0.072
SPIN 4 12 0 5 -2.689 -4.360 -2.959
SPIN 4 12 0 6 2.268 -1.744 -5.178
SPIN 4 12 0 7 -4.334 -4.014 0.315
SPIN 4 12 0 8 5.055 -2.644 -1.566
SPIN 4 12 0 9 2.770 1.038 5.124
SPIN 4 12 0 10 -2.161 -5.344 -1.332
SPIN 4 12 0 11 5.644 1.603 0.760
SPIN 4 12 0 12 -3.680 -3.307 -3.244
SPIN 4 12 0 13 2.119 -4.032 -3.775
SPIN 4 12 0 14 3.386 -3.436 3.425
SPIN 4 12 0 15 5.613 0.034 -1.868
SPIN 1 12 1 0 1.991 -2.167 5.132
SPIN 1 12 1 1 -4.563 -0.229 -3.759
SPIN 1 12 1 2 -2.002 5.566 -0.131
SPIN 1 12 1 3 1.892 5.252 1.958
SPIN 1 12 1 4 -2.103 -5.372 -1.313
SPIN 1 12 1 5 -3.149 3.367 3.708
SPIN 1 12 1 6 3.662 -1.050 -4.527
SPIN 1 12 1 7 -1.572 5.465 -1.633
SPIN 1 12 1 8 0.726 1.527 -5.669
SPIN 1 12 1 9 -5.097 1.938 2.295
SPIN 1 12 1 10 -1.280 2.336 5.283
SPIN 1 12 1 11 -3.559 2.150 -4.209
SPIN 1 12 1 12 -1.016 1.641 5.592
SPIN 1 12 1 13 1.586 1.291 -5.551
SPIN 1 12 1 14 -4.603 0.397 3.696
SPIN 1 12 1 15 -3.205 -4.970 -0.156
SPIN 4 12 1 0 -5.833 0.799 0.581
SPIN 4 12 1 1 5.147 2.321 -1.767
SPIN 4 12 1 2 4.326 1.918 -3.551
SPIN 4 12 1 3 3.533 -2.912 -3.747
SPIN 4 12 1 4 5.181 2.117 -1.916
SPIN 4 12 1 5 4.192 2.483 3.356
SPIN 4 12 1 6 -4.206 -3.696 1.910
SPIN 4 12 1 7 0.648 -1.389 5.714
SPIN 4 12 1 8 0.369 1.022 5.815
SPIN 4 12 1 9 0.083 5.428 -2.351
SPIN 4 12 1 10 1.632 -4.111 -3.929
SPIN 4 12 1 11 -2.725 -5.057 -1.414
SPIN 4 12 1 12 -4.520 -3.615 1.227
SPIN 4 12 1 13 -4.993 3.123 0.566
SPIN 4 12 1 14 -2.012 2.676 -4.878
SPIN 4 12 1 15 -1.940 -5.368 -1.556
SPIN 1 12 2 0 5.253 -0.602 -2.654
SPIN 1 12 2 1 0.004 1.876 -5.611
SPIN 1 12 2 2 -0.517 5.102 -2.951
SPIN 1 12 2 3 -3.616 4.445 -1.472
SPIN 1 12 2 4 -1.654 1.916 5.347
SPIN 1 12 2 5 0.906 2.727 -5.171
SPIN 1 12 2 6 1.647 -1.083 -5.578
SPIN 1 12 2 7 -2.324 -5.087 1.930
SPIN 1 12 2 8 -5.505 0.854 -1.991
SPIN 1 12 2 9 4.983 0.795 -3.088
SPIN 1 12 2 10 -2.515 0.950 5.270
SPIN 1 12 2 11 5.185 -1.480 -2.434
SPIN 1 12 2 12 -4.436 3.657 -1.398
SPIN 1 12 2 13 3.698 0.305 -4.608
SPIN 1 12 2 14 -2.300 -1.577 5.218
SPIN 1 12 2 15 -0.540 3.450 4.776
SPIN 4 12 2 0 -3.933 -4.392 0.490
SPIN 4 12 2 1 -2.661 -2.390 4.712
SPIN 4 12 2 2 -3.965 -4.079 -1.623
SPIN 4 12 2 3 2.045 -5.318 1.595
SPIN 4 12 2 4 0.054 5.176 2.864
SPIN 4 12 2 5 2.275 -3.092 4.501
SPIN 4 12 2 6 3.856 3.039 -3.301
SPIN 4 12 2 7 3.593 -4.542 -1.206
SPIN 4 12 2 8 -1.402 -1.407 -5.573
SPIN 4 12 2 9 4.384 1.441 3.701
SPIN 4 12 2 10 0.952 5.722 -1.163
SPIN 4 12 2 11 5.430 -0.205 2.340
SPIN 4 12 2 12 0.349 5.411 -2.366
SPIN 4 12 2 13 -0.377 -5.292 -2.618
SPIN 4 12 2 14 1.741 3.982 4.015
SPIN 4 12 2 15 -4.824 -0.851 3.318
SPIN 1 12 3 0 -0.543 4.556 -3.734
SPIN 1 12 3 1 0.543 -5.421 -2.305
SPIN 1 12 3 2 0.285 -5.775 -1.253
SPIN 1 12 3 3 5.461 0.786 2.135
SPIN 1 12 3 4 4.928 3.138 0.931
SPIN 1 12 3 5 -4.201 -0.253 4.157
SPIN 1 12 3 6 1.858 4.635 -3.172
SPIN 1 12 3 7 3.290 4.105 -2.706
SPIN 1 12 3 8 1.440 1.974 5.388
SPIN 1 12 3 9 -5.320 2.587 -0.033
SPIN 1 12 3 10 -2.746 -4.926 1.787
SPIN 1 12 3 11 -2.250 -4.897 2.440
SPIN 1 12 3 12 -4.972 -3.033 1.036
SPIN 1 12 3 13 1.002 -3.215 -4.864
SPIN 1 12 3 14 -5.594 -1.904 -0.289
SPIN 1 12 3 15 5.401 2.309 0.705
SPIN 4 12 3 0 -1.975 -1.505 5.370
SPIN 4 12 3 1 -2.449 -0.070 5.385
SPIN 4 12 3 2 5.572 1.802 0.838
SPIN 4 12 3 3 -3.725 -0.508 -4.568
SPIN 4 12 3 4 0.707 0.235 5.869
SPIN 4 12 3 5 -1.332 -1.361 -5.601
SPIN 4 12 3 6 -1.610 -3.135 -4.752
SPIN 4 12 3 7 0.563 -3.876 4.434
SPIN 4 12 3 8 4.791 -0.960 -3.335
SPIN 4 12 3 9 -0.972 5.619 -1.575
SPIN 4 12 3 10 -2.118 5.154 -1.986
SPIN 4 12 3 11 1.626 -5.330 -1.986
SPIN 4 12 3 12 -0.478 2.978 5.089
SPIN 4 12 3 13 4.735 -1.740 3.091
SPIN 4 12 3 14 1.117 -4.883 -3.148
SPIN 4 12 3 15 2.170 1.297 -5.349
SPIN 1 12 4 0 4.349 3.864 -1.076
SPIN 1 12 4 1 -2.751 -0.981 -5.145
SPIN 1 12 4 2 0.316 -5.084 3.009
SPIN 1 12 4 3 -3.487 -4.240 2.204
SPIN 1 12 4 4 -4.025 4.328 0.260
SPIN 1 12 4 5 2.046 -2.842 4.768
SPIN 1 12 4 6 0.458 -0.242 -5.893
SPIN 1 12 4 7 3.464 4.786 -0.313
SPIN 1 12 4 8 -5.614 -1.423 -1.209
SPIN 1 12 4 9 4.176 -4.035 -1.132
SPIN 1 12 4 10 2.469 -5.173 1.463
SPIN 1 12 4 11 4.994 -2.115 -2.364
SPIN 1 12 4 12 -5.839 0.786 0.533
SPIN 1 12 4 13 2.583 -3.789 3.738
SPIN 1 12 4 14 4.377 -0.982 3.858
SPIN 1 12 4 15 -3.770 -3.700 -2.664
SPIN 4 12 4 0 2.646 -3.903 3.573
SPIN 4 12 4 1 -5.895 0.154 -0.479
SPIN 4 12 4 2 -1.156 -0.365 -5.791
SPIN 4 12 4 3 4.127 3.937 -1.571
SPIN 4 12 4 4 -0.901 -5.460 -2.091
SPIN 4 12 4 5 1.023 5.741 -0.995
SPIN 4 12 4 6 -5.835 -0.615 0.759
SPIN 4 12 4 7 -0.297 0.508 -5.887
SPIN 4 12 4 8 -2.920 -4.895 1.583
SPIN 4 12 4 9 -4.654 3.526 0.955
SPIN 4 12 4 10 3.363 -4.000 -2.774
SPIN 4 12 4 11 -0.467 5.235 2.716
SPIN 4 12 4 12 3.806 0.253 -4.522
SPIN 4 12 4 13 1.585 -0.817 -5.641
SPIN 4 12 4 14 1.707 1.717 -5.398
SPIN 4 12 4 15 3.587 -3.150 3.494
SPIN 1 12 5 0 0.276 -3.525 4.743
SPIN 1 12 5 1 5.466 -2.237 -0.340
SPIN 1 12 5 2 3.054 3.875 3.265
SPIN 1 12 5 3 0.809 -3.275 4.860
SPIN 1 12 5 4 5.403 2.388 -0.332
SPIN 1 12 5 5 4.541 1.001 3.657
SPIN 1 12 5 6 -5.295 -0.602 2.570
SPIN 1 12 5 7 3.543 -4.516 1.434
SPIN 1 12 5 8 -2.598 4.547 2.753
SPIN 1 12 5 9 -3.725 4.056 -2.162
SPIN 1 12 5 10 3.192 4.402 -2.331
SPIN 1 12 5 11 -2.460 -4.509 2.936
SPIN 1 12 5 12 2.046 2.360 5.024
SPIN 1 12 5 13 -0.344 5.438 -2.305
SPIN 1 12 5 14 -3.082 4.737 -1.749
SPIN 1 12 5 15 1.722 1.170 -5.538
SPIN 4 12 5 0 2.089 -3.468 4.314
SPIN 4 12 5 1 -4.529 0.183 -3.802
SPIN 4 12 5 2 -4.397 -2.618 -2.969
SPIN 4 12 5 3 -1.639 4.232 3.795
SPIN 4 12 5 4 2.568 -3.089 -4.343
SPIN 4 12 5 5 -3.736 0.243 -4.581
SPIN 4 12 5 6 -0.481 5.895 0.137
SPIN 4 12 5 7 2.188 5.357 1.229
SPIN 4 12 5 8 2.291 -0.805 -5.395
SPIN 4 12 5 9 1.968 2.455 -5.010
SPIN 4 12 5 10 -3.953 1.437 -4.160
SPIN 4 12 5 11 0.291 -2.661 5.276
SPIN 4 12 5 12 3.934 -0.436 -4.397
SPIN 4 12 5 13 4.202 0.448 4.141
SPIN 4 12 5 14 -1.618 -5.389 -1.829
SPIN 4 12 5 15 2.583 2.953 -4.428
SPIN 1 12 6 0 -2.544 2.783 -4.559
SPIN 1 12 6 1 3.696 2.993 3.518
SPIN 1 12 6 2 1.702 5.446 1.564
SPIN 1 12 6 3 4.034 -4.140 -1.263
SPIN 1 12 6 4 4.249 3.206 -2.583
SPIN 1 12 6 5 -4.031 -3.382 -2.705
SPIN 1 12 6 6 2.167 -5.148 -1.949
SPIN 1 12 6 7 -5.712 1.536 -0.089
SPIN 1 12 6 8 -3.062 -2.927 4.130
SPIN 1 12 6 9 -1.624 -1.053 5.591
SPIN 1 12 6 10 -0.355 4.735 3.529
SPIN 1 12 6 11 2.688 3.342 -4.075
SPIN 1 12 6 12 -4.586 2.727 -2.555
SPIN 1 12 6 13 -0.429 -4.677 -3.598
SPIN 1 12 6 14 -2.252 -4.694 -2.809
SPIN 1 12 6 15 -0.004 1.952 5.585
SPIN 4 12 6 0 -3.678 -3.238 -3.315
SPIN 4 12 6 1 -5.118 1.354 2.641
SPIN 4 12 6 2 2.356 5.372 -0.771
SPIN 4 12 6 3 -2.913 -5.148 0.119
SPIN 4 12 6 4 4.771 -2.327 2.612
SPIN 4 12 6 5 -1.066 5.809 0.337
SPIN 4 12 6 6 4.161 -3.906 -1.559
SPIN 4 12 6 7 -0.361 5.828 0.952
SPIN 4 12 6 8 -1.038 4.757 3.361
SPIN 4 12 6 9 -4.734 -1.233 -3.327
SPIN 4 12 6 10 -0.472 -5.103 2.956
SPIN 4 12 6 11 4.440 -2.607 2.914
SPIN 4 12 6 12 -2.997 3.725 3.484
SPIN 4 12 6 13 -0.770 3.045 -5.013
SPIN 4 12 6 14 -5.492 -2.153 0.446
SPIN 4 12 6 15 -4.294 3.278 -2.411
SPIN 1 12 7 0 3.933 4.151 1.517
SPIN 1 12 7 1 4.351 -1.444 -3.740
SPIN 1 12 7 2 -5.306 -0.566 -2.554
SPIN 1 12 7 3 3.090 4.887 -1.253
SPIN 1 12 7 4 -4.112 -4.253 -0.052
SPIN 1 12 7 5 -0.800 4.174 4.116
SPIN 1 12 7 6 -4.061 -0.219 -4.297
SPIN 1 12 7 7 -5.674 -1.348 -0.993
SPIN 1 12 7 8 3.693 -3.635 -2.855
SPIN 1 12 7 9 -1.809 5.570 0.836
SPIN 1 12 7 10 -0.503 -0.475 5.875
SPIN 1 12 7 11 -5.796 -1.175 0.142
SPIN 1 12 7 12 2.649 -3.067 -4.310
SPIN 1 12 7 13 1.705 5.138 2.385
SPIN 1 12 7 14 3.443 -0.259 4.804
SPIN 1 12 7 15 -1.145 0.057 -5.804
SPIN 4 12 7 0 4.057 1.036 -4.179
SPIN 4 12 7 1 -5.868 -0.015 -0.753
SPIN 4 12 7 2 0.695 5.720 1.343
SPIN 4 12 7 3 0.441 5.898 0.147
SPIN 4 12 7 4 0.338 -2.760 -5.222
SPIN 4 12 7 5 -1.045 3.009 -4.985
SPIN 4 12 7 6 5.011 -2.999 0.949
SPIN 4 12 7 7 -0.784 4.355 -3.927
SPIN 4 12 7 8 1.846 0.852 5.556
SPIN 4 12 7 9 2.449 -0.659 5.345
SPIN 4 12 7 10 -1.833 5.545 -0.947
SPIN 4 12 7 11 2.944 5.101 -0.565
SPIN 4 12 7 12 0.718 -5.558 -1.896
SPIN 4 12 7 13 1.665 -2.404 5.143
SPIN 4 12 7 14 4.565 3.748 -0.336
SPIN 4 12 7 15 -2.663 -4.419 2.894
SPIN 1 12 8 0 -4.931 -1.382 2.962
SPIN 1 12 8 1 5.831 -0.503 0.862
SPIN 1 12 8 2 -0.837 5.090 -2.897
SPIN 1 12 8 3 -2.751 -4.449 2.764
SPIN 1 12 8 4 5.513 2.143 0.106
SPIN 1 12 8 5 -4.119 3.629 2.205
SPIN 1 12 8 6 -2.438 -4.111 -3.487
SPIN 1 12 8 7 4.045 -4.226 0.885
SPIN 1 12 8 8 -5.711 -1.489 0.403
SPIN 1 12 8 9 -2.703 -0.222 -5.258
SPIN 1 12 8 10 1.369 -5.680 0.931
SPIN 1 12 8 11 -2.030 -4.867 2.682
SPIN 1 12 8 12 -0.861 5.735 1.172
SPIN 1 12 8 13 2.065 -5.237 1.820
SPIN 1 12 8 14 -4.176 0.699 4.132
SPIN 1 12 8 15 4.406 1.005 3.818
SPIN 4 12 8 0 -5.414 1.269 2.019
SPIN 4 12 8 1 -5.912 0.132 0.159
SPIN 4 12 8 2 -3.240 -3.677 -3.313
SPIN 4 12 8 3 -2.381 0.616 -5.381
SPIN 4 12 8 4 -5.435 -0.441 2.294
SPIN 4 12 8 5 2.388 4.166 -3.456
SPIN 4 12 8 6 4.452 -3.894 -0.134
SPIN 4 12 8 7 2.447 -1.245 5.241
SPIN 4 12 8 8 4.174 0.228 -4.186
SPIN 4 12 8 9 -2.985 0.886 -5.030
SPIN 4 12 8 10 -3.437 2.107 4.330
SPIN 4 12 8 11 -0.600 -4.272 -4.049
SPIN 4 12 8 12 0.821 0.627 5.825
SPIN 4 12 8 13 -0.928 0.822 -5.785
SPIN 4 12 8 14 -0.418 5.546 -2.016
SPIN 4 12 8 15 4.414 -3.936 0.150
SPIN 1 12 9 0 2.195 -0.439 -5.476
SPIN 1 12 9 1 -3.828 -1.337 4.308
SPIN 1 12 9 2 3.847 -4.010 -2.032
SPIN 1 12 9 3 0.040 5.738 -1.439
SPIN 1 12 9 4 1.535 5.306 2.120
SPIN 1 12 9 5 3.980 3.864 -2.057
SPIN 1 12 9 6 -3.859 -0.429 4.464
SPIN 1 12 9 7 -5.700 1.517 -0.452
SPIN 1 12 9 8 0.807 -5.464 2.119
SPIN 1 12 9 9 -5.021 -0.726 3.044
SPIN 1 12 9 10 -5.898 0.464 0.037
SPIN 1 12 9 11 1.620 2.920 4.884
SPIN 1 12 9 12 -0.869 -4.100 -4.176
SPIN 1 12 9 13 -2.798 -0.090 5.212
SPIN 1 12 9 14 4.793 -3.344 -0.921
SPIN 1 12 9 15 -4.984 0.159 -3.183
SPIN 4 12 9 0 5.182 2.822 -0.427
SPIN 4 12 9 1 0.799 -2.570 5.268
SPIN 4 12 9 2 -2.236 5.321 -1.297
SPIN 4 12 9 3 -1.238 -5.667 1.162
SPIN 4 12 9 4 -2.853 4.380 -2.771
SPIN 4 12 9 5 -2.046 -5.518 0.602
SPIN 4 12 9 6 4.328 4.005 -0.474
SPIN 4 12 9 7 -1.012 -4.490 -3.717
SPIN 4 12 9 8 -4.587 1.705 3.324
SPIN 4 12 9 9 3.570 2.248 -4.147
SPIN 4 12 9 10 1.183 -4.632 -3.486
SPIN 4 12 9 11 0.030 4.822 3.427
SPIN 4 12 9 12 -0.392 -0.308 -5.895
SPIN 4 12 9 13 -2.208 -4.405 3.274
SPIN 4 12 9 14 3.387 4.845 0.236
SPIN 4 12 9 15 -2.038 -3.721 4.124
SPIN 1 12 10 0 0.817 4.826 3.323
SPIN 1 12 10 1 -2.475 -5.125 -1.616
SPIN 1 12 10 2 -2.208 5.254 1.588
SPIN 1 12 10 3 -2.654 -4.899 -1.989
SPIN 1 12 10 4 3.928 -4.401 -0.449
SPIN 1 12 10 5 5.654 1.293 -1.168
SPIN 1 12 10 6 1.435 1.356 -5.577
SPIN 1 12 10 7 -3.357 2.785 -3.997
SPIN 1 12 10 8 5.679 0.997 1.325
SPIN 1 12 10 9 2.281 3.108 4.488
SPIN 1 12 10 10 -0.522 2.135 5.493
SPIN 1 12 10 11 0.981 5.784 0.764
SPIN 1 12 10 12 -5.067 -2.483 1.777
SPIN 1 12 10 13 4.922 3.199 0.735
SPIN 1 12 10 14 -5.884 -0.615 0.043
SPIN 1 12 10 15 2.364 -2.539 -4.792
SPIN 4 12 10 0 -1.320 -4.988 2.895
SPIN 4 12 10 1 -3.617 4.142 -2.181
SPIN 4 12 10 2 5.887 0.565 -0.168
SPIN 4 12 10 3 -2.440 4.755 -2.536
SPIN 4 12 10 4 0.842 -3.415 4.757
SPIN 4 12 10 5 3.603 -2.511 -3.964
SPIN 4 12 10 6 2.087 -3.928 -3.900
SPIN 4 12 10 7 5.853 0.835 0.200
SPIN 4 12 10 8 4.087 2.181 3.680
SPIN 4 12 10 9 2.859 3.053 -4.184
SPIN 4 12 10 10 0.349 -5.898 0.310
SPIN 4 12 10 11 0.372 5.142 -2.902
SPIN 4 12 10 12 -0.338 -2.286 -5.446
SPIN 4 12 10 13 -5.526 1.900 0.924
SPIN 4 12 10 14 -5.084 -1.607 2.563
SPIN 4 12 10 15 -0.080 5.519 -2.129
SPIN 1 12 11 0 0.489 -5.303 -2.577
SPIN 1 12 11 1 -3.136 4.944 0.850
SPIN 1 12 11 2 0.790 5.622 1.666
SPIN 1 12 11 3 0.832 4.392 3.876
SPIN 1 12 11 4 -3.025 -0.440 5.065
SPIN 1 12 11 5 0.323 4.918 -3.273
SPIN 1 12 11 6 -2.365 -0.921 5.344
SPIN 1 12 11 7 4.045 3.229 -2.864
SPIN 1 12 11 8 3.485 0.382 4.765
SPIN 1 12 11 9 -2.132 -1.692 -5.253
SPIN 1 12 11 10 -4.051 -2.660 3.392
SPIN 1 12 11 11 1.872 5.612 0.017
SPIN 1 12 11 12 -4.976 -0.823 3.093
SPIN 1 12 11 13 -1.599 3.922 -4.131
SPIN 1 12 11 14 -3.726 1.575 4.317
SPIN 1 12 11 15 -5.563 0.683 -1.895
SPIN 4 12 11 0 -0.385 1.652 5.668
SPIN 4 12 11 1 3.086 -3.773 -3.352
SPIN 4 12 11 2 4.188 4.150 0.482
SPIN 4 12 11 3 1.792 -5.394 -1.642
SPIN 4 12 11 4 -4.244 2.589 -3.207
SPIN 4 12 11 5 -2.575 -0.423 5.309
SPIN 4 12 11 6 4.264 -2.433 -3.301
SPIN 4 12 11 7 -0.015 -5.454 -2.293
SPIN 4 12 11 8 -3.677 -4.530 0.982
SPIN 4 12 11 9 -0.907 -3.663 -4.556
SPIN 4 12 11 10 -1.462 4.707 3.273
SPIN 4 12 11 11 3.628 1.796 -4.314
SPIN 4 12 11 12 1.859 3.316 4.533
SPIN 4 12 11 13 5.358 -2.375 0.808
SPIN 4 12 11 14 2.780 -5.021 1.435
SPIN 4 12 11 15 3.274 -4.847 0.890
SPIN 1 12 12 0 0.707 5.808 -0.879
SPIN 1 12 12 1 -1.528 -3.868 4.208
SPIN 1 12 12 2 -5.337 -1.262 -2.219
SPIN 1 12 12 3 -5.043 1.613 2.640
SPIN 1 12 12 4 1.949 2.750 -4.862
SPIN 1 12 12 5 0.055 0.849 5.855
SPIN 1 12 12 6 1.188 -2.851 -5.046
SPIN 1 12 12 7 5.733 0.657 -1.305
SPIN 1 12 12 8 -2.579 3.790 3.740
SPIN 1 12 12 9 -3.532 3.923 2.671
SPIN 1 12 12 10 -1.101 5.489 -1.913
SPIN 1 12 12 11 -5.477 -1.015 -1.994
SPIN 1 12 12 12 3.265 4.794 1.166
SPIN 1 12 12 13 -3.938 -3.431 -2.779
SPIN 1 12 12 14 2.109 -1.184 -5.399
SPIN 1 12 12 15 -2.752 5.081 1.268
SPIN 4 12 12 0 -5.783 -0.141 -1.241
SPIN 4 12 12 1 3.949 4.310 -0.912
SPIN 4 12 12 2 0.249 -1.648 5.676
SPIN 4 12 12 3 -2.546 2.564 -4.685
SPIN 4 12 12 4 -4.257 -3.673 1.841
SPIN 4 12 12 5 3.023 -0.489 -5.062
SPIN 4 12 12 6 5.183 -1.008 -2.669
SPIN 4 12 12 7 -4.331 1.268 -3.826
SPIN 4 12 12 8 5.798 -0.416 1.102
SPIN 4 12 12 9 1.517 5.553 1.364
SPIN 4 12 12 10 2.560 1.846 -5.004
SPIN 4 12 12 11 -4.445 -0.837 3.813
SPIN 4 12 12 12 -1.115 -2.470 5.259
SPIN 4 12 12 13 2.796 4.439 -2.734
SPIN 4 12 12 14 -1.143 -3.480 4.646
SPIN 4 12 12 15 -0.308 3.455 -4.793
SPIN 1 12 13 0 4.485 -0.349 3.842
SPIN 1 12 13 1 5.008 1.576 2.728
SPIN 1 12 13 2 5.031 3.051 -0.620
SPIN 1 12 13 3 -2.429 -2.731 -4.652
SPIN 1 12 13 4 -2.219 -2.534 -4.864
SPIN 1 12 13 5 4.249 3.683 1.837
SPIN 1 12 13 6 -3.812 3.531 2.829
SPIN 1 12 13 7 3.541 1.214 4.582
SPIN 1 12 13 8 5.877 -0.078 -0.670
SPIN 1 12 13 9 -5.594 1.917 0.166
SPIN 1 12 13 10 0.588 -5.850 0.660
SPIN 1 12 13 11 -1.459 3.656 4.416
SPIN 1 12 13 12 -3.992 4.332 0.543
SPIN 1 12 13 13 2.912 4.679 -2.151
SPIN 1 12 13 14 2.476 4.403 -3.080
SPIN 1 12 13 15 -4.924 2.762 1.767
SPIN 4 12 13 0 -3.799 -4.058 2.026
SPIN 4 12 13 1 2.608 5.230 -0.919
SPIN 4 12 13 2 -3.969 -3.623 2.473
SPIN 4 12 13 3 3.155 -4.860 1.195
SPIN 4 12 13 4 -5.659 -1.235 1.206
SPIN 4 12 13 5 -3.070 -2.868 -4.165
SPIN 4 12 13 6 -5.581 1.924 -0.386
SPIN 4 12 13 7 -3.764 -3.509 -2.918
SPIN 4 12 13 8 0.295 2.539 5.335
SPIN 4 12 13 9 5.200 -2.817 0.139
SPIN 4 12 13 10 4.395 -1.352 3.723
SPIN 4 12 13 11 -4.068 -3.998 -1.571
SPIN 4 12 13 12 -0.464 5.897 0.125
SPIN 4 12 13 13 -2.224 -5.300 1.400
SPIN 4 12 13 14 0.774 -0.438 -5.849
SPIN 4 12 13 15 1.361 -5.396 -2.007
SPIN 1 12 14 0 -0.017 5.661 -1.720
SPIN 1 12 14 1 5.830 0.349 0.945
SPIN 1 12 14 2 -0.474 2.071 -5.521
SPIN 1 12 14 3 -2.980 -1.388 4.919
SPIN 1 12 14 4 5.213 2.785 0.252
SPIN 1 12 14 5 0.147 -2.776 -5.222
SPIN 1 12 14 6 2.111 -5.500 0.540
SPIN 1 12 14 7 -5.852 -0.413 0.766
SPIN 1 12 14 8 -3.049 1.425 -4.865
SPIN 1 12 14 9 0.190 3.231 4.952
SPIN 1 12 14 10 -4.999 2.528 -1.901
SPIN 1 12 14 11 5.734 -1.332 -0.592
SPIN 1 12 14 12 -5.001 -2.893 -1.271
SPIN 1 12 14 13 -4.373 -1.630 3.635
SPIN 1 12 14 14 -0.342 3.693 4.609
SPIN 1 12 14 15 5.222 -2.738 -0.481
SPIN 4 12 14 0 -5.558 -1.985 -0.403
SPIN 4 12 14 1 -5.783 1.008 -0.733
SPIN 4 12 14 2 -5.057 -2.976 0.758
SPIN 4 12 14 3 -4.657 1.725 -3.215
SPIN 4 12 14 4 5.188 1.558 2.379
SPIN 4 12 14 5 1.059 -4.071 -4.160
SPIN 4 12 14 6 -1.045 -1.703 5.569
SPIN 4 12 14 7 1.013 -5.575 1.701
SPIN 4 12 14 8 2.025 -4.931 -2.565
SPIN 4 12 14 9 -5.325 1.204 -2.280
SPIN 4 12 14 10 -1.793 3.780 -4.183
SPIN 4 12 14 11 3.840 1.622 4.198
SPIN 4 12 14 12 2.982 -1.491 4.887
SPIN 4 12 14 13 -4.798 3.421 -0.520
SPIN 4 12 14 14 -1.235 -5.597 -1.466
SPIN 4 12 14 15 -5.422 -1.072 2.111
SPIN 1 12 15 0 3.406 -3.296 3.540
SPIN 1 12 15 1 -3.672 1.975 -4.197
SPIN 1 12 15 2 4.897 3.319 0.058
SPIN 1 12 15 3 -0.206 -0.640 5.878
SPIN 1 12 15 4 -2.466 -2.767 -4.611
SPIN 1 12 15 5 2.233 4.092 -3.642
SPIN 1 12 15 6 2.236 0.082 -5.476
SPIN 1 12 15 7 -1.274 -1.451 -5.592
SPIN 1 12 15 8 -4.125 3.505 2.388
SPIN 1 12 15 9 -0.866 -3.922 -4.343
SPIN 1 12 15 10 -0.522 -5.844 -0.761
SPIN 1 12 15 11 1.204 -5.761 -0.602
SPIN 1 12 15 12 -5.518 0.658 2.029
SPIN 1 12 15 13 0.989 1.785 -5.553
SPIN 1 12 15 14 -3.490 -0.307 4.767
SPIN 1 12 15 15 -4.087 3.113 2.933
SPIN 4 12 15 0 0.996 4.730 -3.412
SPIN 4 12 15 1 -2.030 1.980 -5.192
SPIN 4 12 15 2 -1.602 5.606 -1.002
SPIN 4 12 15 3 2.450 -5.375 0.328
SPIN 4 12 15 4 5.049 -1.176 -2.850
SPIN 4 12 15 5 -4.282 3.446 2.188
SPIN 4 12 15 6 -0.116 -5.710 -1.543
SPIN 4 12 15 7 -2.529 5.265 -0.940
SPIN 4 12 15 8 -5.398 1.720 1.703
SPIN 4 12 15 9 3.288 0.450 -4.898
SPIN 4 12 15 10 -1.513 1.254 5.580
SPIN 4 12 15 11 -5.764 -0.808 1.059
SPIN 4 12 15 12 2.810 -0.139 5.204
SPIN 4 12 15 13 -2.192 -5.321 1.373
SPIN 4 12 15 14 1.826 5.585 0.690
SPIN 4 12 15 15 3.144 -4.689 -1.770
SPIN 3 12 0 0 -2.032 -1.472 -5.358
SPIN 3 12 0 1 -4.850 -3.242 0.982
SPIN 3 12 0 2 0.234 -4.623 3.684
SPIN 3 12 0 3 2.292 -4.811 -2.569
SPIN 3 12 0 4 -0.309 2.964 -5.111
SPIN 3 12 0 5 -4.242 -0.047 -4.123
SPIN 3 12 0 6 0.444 5.475 -2.196
SPIN 3 12 0 7 -3.175 -4.458 -2.247
SPIN 3 12 0 8 -2.128 -5.478 0.684
SPIN 3 12 0 9 0.130 3.334 4.885
SPIN 3 12 0 10 3.553 0.055 4.730
SPIN 3 12 0 11 4.629 1.662 3.288
SPIN 3 12 0 12 2.518 -0.704 -5.307
SPIN 3 12 0 13 0.705 5.859 -0.421
SPIN 3 12 0 14 -5.432 -1.853 -1.436
SPIN 3 12 0 15 -0.124 4.845 3.393
SPIN 2 12 0 0 -4.195 -3.979 -1.252
SPIN 2 12 0 1 5.673 1.680 0.010
SPIN 2 12 0 2 4.379 1.799 3.548
SPIN 2 12 0 3 1.442 5.320 -2.150
SPIN 2 12 0 4 4.406 -0.423 -3.925
SPIN 2 12 0 5 5.791 -1.185 0.251
SPIN 2 12 0 6 1.238 -0.181 5.782
SPIN 2 12 0 7 -4.871 3.350 0.235
SPIN 2 12 0 8 -1.122 5.127 2.731
SPIN 2 12 0 9 4.597 1.392 -3.453
SPIN 2 12 0 10 -1.835 -4.666 3.141
SPIN 2 12 0 11 1.064 5.334 -2.326
SPIN 2 12 0 12 -5.535 1.524 -1.429
SPIN 2 12 0 13 -1.485 -0.153 5.725
SPIN 2 12 0 14 0.501 5.469 2.200
SPIN 2 12 0 15 4.037 -1.449 -4.074
SPIN 3 12 1 0 4.529 1.266 -3.590
SPIN 3 12 1 1 -0.348 2.285 -5.446
SPIN 3 12 1 2 -1.942 -5.180 2.098
SPIN 3 12 1 3 -2.795 5.181 -0.586
SPIN 3 12 1 4 -4.431 -3.888 0.503
SPIN 3 12 1 5 2.478 5.226 -1.245
SPIN 3 12 1 6 -4.033 -3.686 2.270
SPIN 3 12 1 7 -4.367 3.184 2.407
SPIN 3 12 1 8 1.746 -5.262 -2.064
SPIN 3 12 1 9 -1.022 -5.448 2.068
SPIN 3 12 1 10 -0.629 -0.439 -5.866
SPIN 3 12 1 11 -2.416 0.228 5.395
SPIN 3 12 1 12 -3.382 -0.701 -4.803
SPIN 3 12 1 13 -5.072 2.694 1.420
SPIN 3 12 1 14 3.891 0.064 4.456
SPIN 3 12 1 15 -1.807 4.475 -3.421
SPIN 2 12 1 0 -3.753 3.852 -2.466
SPIN 2 12 1 1 -1.576 -1.146 5.586
SPIN 2 12 1 2 -3.947 -1.743 4.047
SPIN 2 12 1 3 1.589 0.827 -5.638
SPIN 2 12 1 4 -4.492 1.746 3.431
SPIN 2 12 1 5 -1.572 3.588 4.433
SPIN 2 12 1 6 3.116 -3.793 -3.302
SPIN 2 12 1 7 5.265 -1.812 1.998
SPIN 2 12 1 8 3.503 2.387 4.127
SPIN 2 12 1 9 -1.754 3.822 -4.161
SPIN 2 12 1 10 3.525 4.044 -2.495
SPIN 2 12 1 11 2.418 -2.802 4.616
SPIN 2 12 1 12 -2.236 -2.818 -4.697
SPIN 2 12 1 13 4.389 -3.949 -0.368
SPIN 2 12 1 14 -4.086 1.988 3.789
SPIN 2 12 1 15 -5.458 2.114 0.861
SPIN 3 12 2 0 -1.973 -1.898 5.245
SPIN 3 12 2 1 -2.860 3.523 3.796
SPIN 3 12 2 2 -3.371 -0.948 4.769
SPIN 3 12 2 3 -2.375 -2.271 4.920
SPIN 3 12 2 4 1.933 1.459 5.398
SPIN 3 12 2 5 1.833 0.926 -5.548
SPIN 3 12 2 6 0.210 0.783 -5.860
SPIN 3 12 2 7 -3.623 -2.634 -3.864
SPIN 3 12 2 8 -4.180 4.123 -0.728
SPIN 3 12 2 9 1.193 1.276 5.652
SPIN 3 12 2 10 -2.497 1.404 -5.176
SPIN 3 12 2 11 5.527 1.086 -1.809
SPIN 3 12 2 12 -1.951 -5.179 2.090
SPIN 3 12 2 13 2.949 -2.969 4.182
SPIN 3 12 2 14 2.529 2.794 -4.561
SPIN 3 12 2 15 5.632 0.760 1.645
SPIN 2 12 2 0 5.367 2.330 0.874
SPIN 2 12 2 1 2.904 2.671 -4.408
SPIN 2 12 2 2 -4.007 -2.968 -3.184
SPIN 2 12 2 3 1.499 -5.657 0.870
SPIN 2 12 2 4 4.196 -1.753 -3.785
SPIN 2 12 2 5 0.091 -3.538 -4.741
SPIN 2 12 2 6 -5.673 1.547 0.649
SPIN 2 12 2 7 -1.896 -1.506 5.398
SPIN 2 12 2 8 4.881 2.964 -1.547
SPIN 2 12 2 9 -0.712 -3.459 4.746
SPIN 2 12 2 10 5.427 -0.976 2.144
SPIN 2 12 2 11 -1.367 -5.111 -2.648
SPIN 2 12 2 12 3.755 -1.585 -4.288
SPIN 2 12 2 13 -5.359 2.111 -1.352
SPIN 2 12 2 14 -4.708 1.694 3.156
SPIN 2 12 2 15 3.289 -4.742 -1.303
SPIN 3 12 3 0 -2.611 4.092 -3.382
SPIN 3 12 3 1 0.866 -2.175 5.433
SPIN 3 12 3 2 0.071 1.259 -5.780
SPIN 3 12 3 3 -2.844 -5.185 0.149
SPIN 3 12 3 4 -0.261 5.337 2.539
SPIN 3 12 3 5 4.950 2.221 2.358
SPIN 3 12 3 6 5.223 0.135 -2.776
SPIN 3 12 3 7 -3.052 -3.208 -3.924
SPIN 3 12 3 8 -0.725 3.844 -4.438
SPIN 3 12 3 9 -1.703 -2.422 -5.122
SPIN 3 12 3 10 1.173 -5.361 -2.210
SPIN 3 12 3 11 -4.325 0.187 4.032
SPIN 3 12 3 12 2.200 -5.038 2.186
SPIN 3 12 3 13 -1.598 3.715 4.318
SPIN 3 12 3 14 -1.936 -5.274 -1.855
SPIN 3 12 3 15 0.921 -2.188 5.419
SPIN 2 12 3 0 -2.474 -4.249 3.290
SPIN 2 12 3 1 4.986 1.586 2.762
SPIN 2 12 3 2 5.728 -1.406 0.465
SPIN 2 12 3 3 4.684 0.328 -3.600
SPIN 2 12 3 4 1.539 -0.811 5.655
SPIN 2 12 3 5 1.977 5.576 0.003
SPIN 2 12 3 6 -2.611 -5.046 -1.648
SPIN 2 12 3 7 1.900 4.114 3.803
SPIN 2 12 3 8 4.725 1.459 -3.248
SPIN 2 12 3 9 1.578 -0.627 5.667
SPIN 2 12 3 10 0.918 1.723 -5.585
SPIN 2 12 3 11 -3.351 -4.380 2.141
SPIN 2 12 3 12 -2.638 -0.362 5.283
SPIN 2 12 3 13 -0.891 1.943 -5.517
SPIN 2 12 3 14 -0.635 5.881 0.068
SPIN 2 12 3 15 4.349 1.843 -3.562
SPIN 3 12 4 0 5.585 1.901 0.440
SPIN 3 12 4 1 2.186 -2.657 -4.813
SPIN 3 12 4 2 -1.260 4.043 -4.131
SPIN 3 12 4 3 3.549 -3.380 -3.314
SPIN 3 12 4 4 2.058 4.120 -3.713
SPIN 3 12 4 5 -5.902 0.048 0.402
SPIN 3 12 4 6 -2.565 3.636 -3.899
SPIN 3 12 4 7 3.512 -4.761 0.037
SPIN 3 12 4 8 -2.408 -5.121 1.726
SPIN 3 12 4 9 0.726 3.243 4.894
SPIN 3 12 4 10 2.137 2.338 4.997
SPIN 3 12 4 11 -3.989 3.122 -3.057
SPIN 3 12 4 12 1.759 5.428 1.564
SPIN 3 12 4 13 -3.883 -4.370 -0.907
SPIN 3 12 4 14 1.694 3.486 4.470
SPIN 3 12 4 15 -3.073 4.597 2.104
SPIN 2 12 4 0 -3.631 4.592 -0.854
SPIN 2 12 4 1 -1.749 -2.277 -5.173
SPIN 2 12 4 2 -2.209 3.075 4.546
SPIN 2 12 4 3 -5.178 -1.680 -2.317
SPIN 2 12 4 4 2.819 2.094 -4.761
SPIN 2 12 4 5 1.614 -5.657 -0.624
SPIN 2 12 4 6 4.794 3.412 -0.616
SPIN 2 12 4 7 -0.860 -1.582 -5.635
SPIN 2 12 4 8 -1.667 -1.849 5.367
SPIN 2 12 4 9 -1.575 -2.121 -5.293
SPIN 2 12 4 10 -2.197 -4.030 3.733
SPIN 2 12 4 11 0.601 -2.639 5.261
SPIN 2 12 4 12 -3.501 4.038 2.538
SPIN 2 12 4 13 4.224 -3.793 1.663
SPIN 2 12 4 14 2.529 4.884 2.179
SPIN 2 12 4 15 -2.919 -5.094 0.730
SPIN 3 12 5 0 -4.835 -2.267 -2.546
SPIN 3 12 5 1 1.669 -5.663 0.377
SPIN 3 12 5 2 1.644 -3.963 -4.074
SPIN 3 12 5 3 0.654 -0.322 5.871
SPIN 3 12 5 4 -3.526 -1.717 -4.430
SPIN 3 12 5 5 4.384 3.972 0.038
SPIN 3 12 5 6 3.208 -4.922 0.697
SPIN 3 12 5 7 -5.336 -1.623 -1.973
SPIN 3 12 5 8 3.840 -3.599 -2.702
SPIN 3 12 5 9 -3.212 3.956 3.005
SPIN 3 12 5 10 -2.577 5.218 1.064
SPIN 3 12 5 11 5.273 -1.403 -2.286
SPIN 3 12 5 12 -0.028 -3.233 4.955
SPIN 3 12 5 13 -4.603 3.561 -1.061
SPIN 3 12 5 14 4.348 -3.835 -1.178
SPIN 3 12 5 15 3.314 1.123 4.771
SPIN 2 12 5 0 -1.321 4.564 -3.525
SPIN 2 12 5 1 4.275 2.322 3.366
SPIN 2 12 5 2 -3.752 -3.800 -2.547
SPIN 2 12 5 3 2.647 4.647 2.530
SPIN 2 12 5 4 0.791 -5.748 -1.155
SPIN 2 12 5 5 3.086 0.470 -5.026
SPIN 2 12 5 6 -3.675 -4.416 -1.414
SPIN 2 12 5 7 0.328 -1.726 -5.649
SPIN 2 12 5 8 5.616 1.522 -1.072
SPIN 2 12 5 9 4.870 -0.144 3.355
SPIN 2 12 5 10 0.856 4.118 -4.160
SPIN 2 12 5 11 -2.740 -4.660 2.403
SPIN 2 12 5 12 4.152 -2.772 -3.174
SPIN 2 12 5 13 1.588 -0.484 5.678
SPIN 2 12 5 14 2.403 -3.542 -4.084
SPIN 2 12 5 15 3.126 -5.023 -0.003
SPIN 3 12 6 0 -4.948 0.522 3.201
SPIN 3 12 6 1 -0.731 -3.775 4.496
SPIN 3 12 6 2 -4.509 3.514 -1.524
SPIN 3 12 6 3 -2.887 0.833 5.096
SPIN 3 12 6 4 -0.934 5.770 -0.911
SPIN 3 12 6 5 3.768 -3.879 2.400
SPIN 3 12 6 6 -1.702 -2.233 5.207
SPIN 3 12 6 7 4.570 1.747 -3.327
SPIN 3 12 6 8 -0.479 5.891 -0.263
SPIN 3 12 6 9 2.618 -4.706 2.449
SPIN 3 12 6 10 -2.629 4.496 -2.806
SPIN 3 12 6 11 5.595 1.112 1.569
SPIN 3 12 6 12 0.629 2.722 -5.215
SPIN 3 12 6 13 -5.632 0.604 1.706
SPIN 3 12 6 14 -3.613 4.577 0.998
SPIN 3 12 6 15 3.179 -4.441 -2.273
SPIN 2 12 6 0 5.160 -0.728 2.800
SPIN 2 12 6 1 -1.309 -5.742 -0.563
SPIN 2 12 6 2 3.397 3.531 -3.316
SPIN 2 12 6 3 -0.812 1.079 5.760
SPIN 2 12 6 4 5.413 1.424 1.915
SPIN 2 12 6 5 -5.625 -1.557 -0.966
SPIN 2 12 6 6 1.278 1.266 -5.636
SPIN 2 12 6 7 3.147 4.120 2.850
SPIN 2 12 6 8 1.400 -2.985 -4.913
SPIN 2 12 6 9 -3.943 0.471 -4.385
SPIN 2 12 6 10 2.197 1.622 5.248
SPIN 2 12 6 11 2.044 5.422 -1.192
SPIN 2 12 6 12 -4.696 -0.114 3.596
SPIN 2 12 6 13 5.639 -1.788 -0.103
SPIN 2 12 6 14 3.671 -3.404 3.152
SPIN 2 12 6 15 -0.882 3.302 -4.829
SPIN 3 12 7 0 -4.703 3.349 1.293
SPIN 3 12 7 1 4.808 -0.539 -3.405
SPIN 3 12 7 2 2.483 -4.905 -2.186
SPIN 3 12 7 3 -2.025 2.441 -4.994
SPIN 3 12 7 4 -4.473 -3.710 1.108
SPIN 3 12 7 5 -0.989 -5.571 1.729
SPIN 3 12 7 6 0.859 4.626 -3.587
SPIN 3 12 7 7 -4.164 -2.368 3.472
SPIN 3 12 7 8 3.462 -2.770 -3.916
SPIN 3 12 7 9 -3.029 2.340 -4.511
SPIN 3 12 7 10 1.900 -0.876 5.534
SPIN 3 12 7 11 -3.967 -3.592 2.521
SPIN 3 12 7 12 -5.598 -1.034 -1.611
SPIN 3 12 7 13 -2.436 5.274 -1.120
SPIN 3 12 7 14 2.087 -3.339 -4.415
SPIN 3 12 7 15 0.813 5.840 0.485
SPIN 2 12 7 0 -5.832 0.973 -0.195
SPIN 2 12 7 1 2.596 3.340 4.135
SPIN 2 12 7 2 -2.874 -5.158 0.362
SPIN 2 12 7 3 -0.460 5.038 -3.066
SPIN 2 12 7 4 -5.132 -2.942 -0.067
SPIN 2 12 7 5 -0.087 5.477 2.234
SPIN 2 12 7 6 -3.936 3.675 2.450
SPIN 2 12 7 7 1.623 -5.109 2.503
SPIN 2 12 7 8 5.348 -0.137 -2.526
SPIN 2 12 7 9 5.416 1.778 -1.583
SPIN 2 12 7 10 1.028 3.409 -4.725
SPIN 2 12 7 11 5.693 1.550 0.429
SPIN 2 12 7 12 4.143 3.807 1.829
SPIN 2 12 7 13 5.088 -2.909 0.805
SPIN 2 12 7 14 -4.809 3.446 -0.049
SPIN 2 12 7 15 3.753 -2.031 4.098
SPIN 3 12 8 0 4.337 3.139 -2.517
SPIN 3 12 8 1 5.565 -0.150 -2.001
SPIN 3 12 8 2 -4.337 4.023 -0.011
SPIN 3 12 8 3 3.076 -3.929 3.179
SPIN 3 12 8 4 -2.185 4.507 -3.148
SPIN 3 12 8 5 5.798 -0.555 -1.037
SPIN 3 12 8 6 -1.806 -5.565 -0.880
SPIN 3 12 8 7 -5.494 0.383 2.162
SPIN 3 12 8 8 -1.511 -5.603 1.151
SPIN 3 12 8 9 0.556 3.870 4.440
SPIN 3 12 8 10 -4.836 -3.401 0.211
SPIN 3 12 8 11 -2.732 -4.713 2.308
SPIN 3 12 8 12 -2.462 5.049 1.856
SPIN 3 12 8 13 -2.413 -4.408 -3.123
SPIN 3 12 8 14 2.141 -5.458 0.795
SPIN 3 12 8 15 2.715 5.024 1.545
SPIN 2 12 8 0 -1.748 5.508 -1.269
SPIN 2 12 8 1 -3.818 -4.277 -1.460
SPIN 2 12 8 2 -1.971 4.111 -3.770
SPIN 2 12 8 3 -1.957 -5.446 1.231
SPIN 2 12 8 4 0.750 2.133 5.467
SPIN 2 12 8 5 1.532 -5.532 -1.432
SPIN 2 12 8 6 -3.011 1.566 4.846
SPIN 2 12 8 7 -1.250 2.874 -5.018
SPIN 2 12 8 8 -3.498 0.760 4.710
SPIN 2 12 8 9 -3.669 -0.489 -4.615
SPIN 2 12 8 10 1.615 4.022 4.027
SPIN 2 12 8 11 -1.510 -4.480 -3.556
SPIN 2 12 8 12 4.585 3.399 1.557
SPIN 2 12 8 13 -5.323 2.230 1.300
SPIN 2 12 8 14 3.221 -4.600 -1.862
SPIN 2 12 8 15 -3.127 -1.167 -4.884
SPIN 3 12 9 0 0.365 -0.963 -5.826
SPIN 3 12 9 1 -1.986 2.620 4.918
SPIN 3 12 9 2 -0.918 -1.944 -5.512
SPIN 3 12 9 3 -0.517 -0.207 -5.890
SPIN 3 12 9 4 -1.037 1.976 5.479
SPIN 3 12 9 5 0.288 -2.839 -5.183
SPIN 3 12 9 6 1.857 -2.121 5.201
SPIN 3 12 9 7 -0.579 -0.053 -5.887
SPIN 3 12 9 8 0.789 3.462 -4.732
SPIN 3 12 9 9 -2.161 0.922 -5.430
SPIN 3 12 9 10 1.113 4.072 -4.144
SPIN 3 12 9 11 3.632 4.100 2.236
SPIN 3 12 9 12 -1.662 -2.180 5.242
SPIN 3 12 9 13 -1.235 2.132 -5.379
SPIN 3 12 9 14 1.792 5.370 -1.717
SPIN 3 12 9 15 5.341 1.232 2.225
SPIN 2 12 9 0 -4.864 -1.066 -3.194
SPIN 2 12 9 1 -1.523 -5.715 -0.158
SPIN 2 12 9 2 -1.764 -3.051 4.752
SPIN 2 12 9 3 2.436 4.575 -2.853
SPIN 2 12 9 4 3.613 -3.367 3.257
SPIN 2 12 9 5 0.123 5.786 1.230
SPIN 2 12 9 6 1.069 4.268 -3.955
SPIN 2 12 9 7 1.186 3.051 4.928
SPIN 2 12 9 8 0.770 4.438 -3.835
SPIN 2 12 9 9 5.442 -2.291 0.370
SPIN 2 12 9 10 -0.362 5.846 -0.833
SPIN 2 12 9 11 -3.471 0.511 -4.764
SPIN 2 12 9 12 -3.141 -0.352 -5.001
SPIN 2 12 9 13 1.021 5.282 2.461
SPIN 2 12 9 14 -2.674 -1.454 5.073
SPIN 2 12 9 15 -2.802 -3.992 3.349
SPIN 3 12 10 0 -1.865 0.856 5.549
SPIN 3 12 10 1 -0.347 5.200 -2.799
SPIN 3 12 10 2 1.330 -4.177 3.973
SPIN 3 12 10 3 3.263 1.788 4.600
SPIN 3 12 10 4 -0.934 5.791 0.769
SPIN 3 12 10 5 -2.284 -1.715 5.181
SPIN 3 12 10 6 -5.840 -0.804 0.501
SPIN 3 12 10 7 2.441 -4.961 -2.105
SPIN 3 12 10 8 -3.108 -0.776 -4.974
SPIN 3 12 10 9 -3.744 -4.140 1.961
SPIN 3 12 10 10 -0.192 -5.909 0.207
SPIN 3 12 10 11 2.217 -5.431 0.767
SPIN 3 12 10 12 -0.781 -2.789 5.159
SPIN 3 12 10 13 -0.257 -5.505 -2.152
SPIN 3 12 10 14 -0.828 3.591 4.628
SPIN 3 12 10 15 2.444 0.468 -5.367
SPIN 2 12 10 0 2.176 -3.585 -4.173
SPIN 2 12 10 1 3.268 0.337 4.920
SPIN 2 12 10 2 2.565 -3.238 4.235
SPIN 2 12 10 3 2.810 -3.787 -3.573
SPIN 2 12 10 4 -0.566 -2.854 -5.151
SPIN 2 12 10 5 -0.080 4.012 4.347
SPIN 2 12 10 6 -0.355 5.128 -2.928
SPIN 2 12 10 7 5.909 -0.252 -0.149
SPIN 2 12 10 8 -5.742 -1.315 0.544
SPIN 2 12 10 9 0.683 -5.506 2.052
SPIN 2 12 10 10 2.810 2.169 -4.733
SPIN 2 12 10 11 0.943 -2.795 -5.128
SPIN 2 12 10 12 5.187 2.828 0.306
SPIN 2 12 10 13 -4.521 -3.324 1.874
SPIN 2 12 10 14 5.636 -1.411 -1.113
SPIN 2 12 10 15 1.267 -2.069 5.396
SPIN 3 12 11 0 2.365 3.659 -4.002
SPIN 3 12 11 1 -0.979 4.021 4.228
SPIN 3 12 11 2 -4.041 -4.168 1.139
SPIN 3 12 11 3 0.683 4.957 -3.157
SPIN 3 12 11 4 -0.778 -4.548 -3.703
SPIN 3 12 11 5 -5.401 -0.588 2.341
SPIN 3 12 11 6 -2.566 -4.866 2.176
SPIN 3 12 11 7 1.779 3.934 4.045
SPIN 3 12 11 8 4.847 0.084 -3.391
SPIN 3 12 11 9 2.857 -0.962 5.090
SPIN 3 12 11 10 -1.664 -0.542 -5.651
SPIN 3 12 11 11 -2.882 -2.911 4.269
SPIN 3 12 11 12 2.971 2.471 4.479
SPIN 3 12 11 13 -2.252 -4.237 -3.461
SPIN 3 12 11 14 -1.766 1.286 -5.498
SPIN 3 12 11 15 -3.380 1.843 4.492
SPIN 2 12 11 0 0.998 -5.617 1.567
SPIN 2 12 11 1 0.908 -4.862 -3.246
SPIN 2 12 11 2 -4.766 -2.721 2.210
SPIN 2 12 11 3 -5.391 -2.301 0.801
SPIN 2 12 11 4 -2.985 -4.707 1.984
SPIN 2 12 11 5 -5.460 2.001 1.087
SPIN 2 12 11 6 4.397 -2.261 -3.249
SPIN 2 12 11 7 -3.034 5.049 0.552
SPIN 2 12 11 8 -1.575 0.003 -5.703
SPIN 2 12 11 9 -5.330 -2.287 1.166
SPIN 2 12 11 10 1.351 0.116 5.759
SPIN 2 12 11 11 5.420 1.906 1.410
SPIN 2 12 11 12 -3.475 0.797 -4.721
SPIN 2 12 11 13 3.730 -1.261 -4.416
SPIN 2 12 11 14 -2.698 5.235 0.560
SPIN 2 12 11 15 -1.354 0.765 5.708
SPIN 3 12 12 0 -4.063 -3.189 2.884
SPIN 3 12 12 1 2.863 2.661 -4.441
SPIN 3 12 12 2 2.920 4.647 -2.209
SPIN 3 12 12 3 5.727 1.016 1.081
SPIN 3 12 12 4 -0.541 -5.891 0.087
SPIN 3 12 12 5 -3.020 -0.726 -5.035
SPIN 3 12 12 6 1.683 3.760 4.246
SPIN 3 12 12 7 5.350 2.307 -1.028
SPIN 3 12 12 8 -2.201 -5.332 -1.315
SPIN 3 12 12 9 -3.249 4.435 2.185
SPIN 3 12 12 10 0.643 -2.756 5.195
SPIN 3 12 12 11 3.358 1.830 -4.514
SPIN 3 12 12 12 0.415 2.821 -5.184
SPIN 3 12 12 13 -2.130 -3.717 4.080
SPIN 3 12 12 14 5.256 -2.617 -0.725
SPIN 3 12 12 15 0.400 5.315 -2.567
SPIN 2 12 12 0 -5.505 -2.085 -0.589
SPIN 2 12 12 1 4.457 -1.117 3.727
SPIN 2 12 12 2 -5.501 2.175 0.104
SPIN 2 12 12 3 3.314 -4.849 0.708
SPIN 2 12 12 4 2.212 5.148 -1.899
SPIN 2 12 12 5 5.631 -1.677 0.693
SPIN 2 12 12 6 -4.794 -1.403 3.170
SPIN 2 12 12 7 2.818 -5.196 -0.236
SPIN 2 12 12 8 -0.136 -2.397 5.407
SPIN 2 12 12 9 4.219 0.766 -4.076
SPIN 2 12 12 10 -2.061 5.093 2.194
SPIN 2 12 12 11 -0.639 1.019 -5.793
SPIN 2 12 12 12 3.486 -4.762 0.415
SPIN 2 12 12 13 -3.000 3.437 3.767
SPIN 2 12 12 14 5.417 0.543 -2.315
SPIN 2 12 12 15 3.494 -4.773 -0.088
SPIN 3 12 13 0 -0.927 0.642 -5.808
SPIN 3 12 13 1 0.095 5.717 1.518
SPIN 3 12 13 2 3.699 -3.900 -2.472
SPIN 3 12 13 3 0.954 1.874 5.530
SPIN 3 12 13 4 0.516 -4.726 -3.522
SPIN 3 12 13 5 -3.807 1.978 4.074
SPIN 3 12 13 6 -0.402 -4.617 -3.677
SPIN 3 12 13 7 3.776 0.930 4.458
SPIN 3 12 13 8 -4.678 -3.146 -1.794
SPIN 3 12 13 9 -0.953 2.425 -5.311
SPIN 3 12 13 10 0.478 -5.768 1.224
SPIN 3 12 13 11 4.638 2.054 3.044
SPIN 3 12 13 12 4.339 -0.469 3.994
SPIN 3 12 13 13 -0.297 0.000 5.909
SPIN 3 12 13 14 -5.372 -0.817 -2.339
SPIN 3 12 13 15 3.390 0.367 4.835
SPIN 2 12 13 0 -2.338 5.237 -1.451
SPIN 2 12 13 1 -1.525 -5.151 -2.477
SPIN 2 12 13 2 0.172 -4.997 -3.162
SPIN 2 12 13 3 3.246 1.316 4.768
SPIN 2 12 13 4 -4.546 -3.277 -1.896
SPIN 2 12 13 5 2.268 0.782 5.408
SPIN 2 12 13 6 0.945 4.272 3.982
SPIN 2 12 13 7 3.559 -3.154 3.520
SPIN 2 12 13 8 -4.548 -3.751 0.494
SPIN 2 12 13 9 4.339 -1.893 -3.549
SPIN 2 12 13 10 2.515 5.088 1.671
SPIN 2 12 13 11 -5.440 0.991 -2.104
SPIN 2 12 13 12 -5.160 1.630 -2.392
SPIN 2 12 13 13 -0.910 -3.809 4.434
SPIN 2 12 13 14 1.913 -2.519 4.999
SPIN 2 12 13 15 -3.761 -2.439 3.861
SPIN 3 12 14 0 4.492 2.559 2.876
SPIN 3 12 14 1 -2.901 -4.425 -2.646
SPIN 3 12 14 2 2.875 -2.506 -4.523
SPIN 3 12 14 3 -2.455 -1.165 5.255
SPIN 3 12 14 4 4.485 1.922 -3.345
SPIN 3 12 14 5 -4.541 1.396 -3.525
SPIN 3 12 14 6 -1.646 3.205 4.693
SPIN 3 12 14 7 4.276 -3.911 1.190
SPIN 3 12 14 8 0.457 2.966 -5.099
SPIN 3 12 14 9 -1.183 -5.467 1.928
SPIN 3 12 14 10 -2.637 2.640 4.591
SPIN 3 12 14 11 -5.135 -1.951 -2.197
SPIN 3 12 14 12 -3.025 3.675 3.513
SPIN 3 12 14 13 -5.439 -0.963 -2.119
SPIN 3 12 14 14 3.970 2.073 -3.866
SPIN 3 12 14 15 -4.885 3.336 -0.092
SPIN 2 12 14 0 3.783 1.777 4.187
SPIN 2 12 14 1 -4.597 3.628 0.839
SPIN 2 12 14 2 -1.526 5.708 0.290
SPIN 2 12 14 3 -2.191 5.492 -0.188
SPIN 2 12 14 4 4.457 -2.918 -2.573
SPIN 2 12 14 5 -4.821 0.331 3.413
SPIN 2 12 14 6 -4.601 -3.550 1.106
SPIN 2 12 14 7 4.720 -3.566 -0.084
SPIN 2 12 14 8 0.184 -0.930 -5.840
SPIN 2 12 14 9 5.230 2.644 -0.813
SPIN 2 12 14 10 0.188 -3.622 4.674
SPIN 2 12 14 11 5.867 -0.760 -0.074
SPIN 2 12 14 12 -0.072 -2.792 -5.215
SPIN 2 12 14 13 -3.059 4.527 -2.268
SPIN 2 12 14 14 2.350 2.529 -4.804
SPIN 2 12 14 15 -1.586 -1.262 -5.558
SPIN 3 12 15 0 2.339 -4.082 -3.586
SPIN 3 12 15 1 0.411 -3.046 5.055
SPIN 3 12 15 2 -0.139 0.235 5.910
SPIN 3 12 15 3 -0.672 5.526 -2.003
SPIN 3 12 15 4 -4.317 -2.829 2.892
SPIN 3 12 15 5 5.755 -1.165 -0.723
SPIN 3 12 15 6 4.772 -2.416 2.529
SPIN 3 12 15 7 -4.836 3.006 1.605
SPIN 3 12 15 8 1.039 2.413 5.301
SPIN 3 12 15 9 -0.538 -2.811 -5.178
SPIN 3 12 15 10 0.389 -4.727 3.536
SPIN 3 12 15 11 -2.938 -4.479 -2.512
SPIN 3 12 15 12 2.874 -4.558 2.441
SPIN 3 12 15 13 0.604 2.197 5.460
SPIN 3 12 15 14 -2.397 -2.782 4.638
SPIN 3 12 15 15 0.355 4.926 -3.257
SPIN 2 12 15 0 -2.627 5.124 1.359
SPIN 2 12 15 1 5.224 -0.520 -2.728
SPIN 2 12 15 2 1.273 0.290 5.770
SPIN 2 12 15 3 3.452 4.785 -0.426
SPIN 2 12 15 4 -4.459 2.313 3.124
SPIN 2 12 15 5 4.663 -3.371 -1.376
SPIN 2 12 15 6 -4.208 -0.247 -4.151
SPIN 2 12 15 7 4.578 3.601 1.034
SPIN 2 12 15 8 4.632 3.674 0.222
SPIN 2 12 15 9 -3.621 -4.583 0.940
SPIN 2 12 15 10 1.725 3.931 4.071
SPIN 2 12 15 11 -4.738 2.520 -2.490
SPIN 2 12 15 12 5.386 0.262 -2.434
SPIN 2 12 15 13 -0.714 2.164 5.460
SPIN 2 12 15 14 4.210 -2.921 -2.957
SPIN 2 12 15 15 -0.838 -5.711 -1.297
SPIN 1 13 0 0 -1.167 -4.121 -4.081
SPIN 1 13 0 1 1.122 5.806 0.181
SPIN 1 13 0 2 -3.826 -4.328 -1.275
SPIN 1 13 0 3 -0.136 5.686 1.629
SPIN 1 13 0 4 4.718 0.620 3.516
SPIN 1 13 0 5 -5.006 -2.311 2.144
SPIN 1 13 0 6 5.021 -2.220 -2.204
SPIN 1 13 0 7 -1.375 5.752 0.165
SPIN 1 13 0 8 -4.591 -2.755 2.517
SPIN 1 13 0 9 3.502 4.524 1.505
SPIN 1 13 0 10 -3.085 -4.596 -2.087
SPIN 1 13 0 11 -3.446 4.736 -0.831
SPIN 1 13 0 12 -4.304 3.425 2.178
SPIN 1 13 0 13 -0.371 -4.873 3.334
SPIN 1 13 0 14 3.442 1.004 -4.706
SPIN 1 13 0 15 2.638 4.279 3.119
SPIN 4 13 0 0 5.826 -0.153 1.016
SPIN 4 13 0 1 -5.754 -1.126 -0.792
SPIN 4 13 0 2 3.214 -2.523 -4.278
SPIN 4 13 0 3 -1.112 5.223 2.546
SPIN 4 13 0 4 -2.631 5.196 1.037
SPIN 4 13 0 5 -3.792 4.536 -0.219
SPIN 4 13 0 6 3.408 -4.830 0.233
SPIN 4 13 0 7 5.734 1.060 1.000
SPIN 4 13 0 8 -2.085 -5.508 -0.561
SPIN 4 13 0 9 3.668 4.517 1.068
SPIN 4 13 0 10 -4.441 -3.754 1.091
SPIN 4 13 0 11 4.043 -0.990 -4.204
SPIN 4 13 0 12 -0.338 -4.273 4.077
SPIN 4 13 0 13 -1.616 -3.023 -4.822
SPIN 4 13 0 14 -0.361 -5.438 2.303
SPIN 4 13 0 15 -0.808 -5.407 2.262
SPIN 1 13 1 0 -0.445 5.578 1.920
SPIN 1 13 1 1 1.939 -5.494 1.028
SPIN 1 13 1 2 3.499 2.093 4.287
SPIN 1 13 1 3 0.926 -2.567 5.249
SPIN 1 13 1 4 0.100 -4.727 -3.556
SPIN 1 13 1 5 5.889 -0.445 0.351
SPIN 1 13 1 6 -1.143 3.393 -4.710
SPIN 1 13 1 7 0.696 -4.789 3.402
SPIN 1 13 1 8 -2.788 3.751 -3.627
SPIN 1 13 1 9 -0.355 -4.431 3.904
SPIN 1 13 1 10 -5.363 -1.439 -2.041
SPIN 1 13 1 11 3.366 -0.143 4.863
SPIN 1 13 1 12 5.750 -0.901 -1.061
SPIN 1 13 1 13 -5.101 2.597 1.495
SPIN 1 13 1 14 3.685 -0.827 -4.554
SPIN 1 13 1 15 -4.077 -1.748 3.914
SPIN 4 13 1 0 2.442 -3.267 4.285
SPIN 4 13 1 1 1.921 5.134 2.224
SPIN 4 13 1 2 -1.487 -2.330 -5.231
SPIN 4 13 1 3 4.711 2.279 -2.760
SPIN 4 13 1 4 3.177 3.802 3.232
SPIN 4 13 1 5 -2.226 -4.142 3.590
SPIN 4 13 1 6 3.083 -3.829 -3.291
SPIN 4 13 1 7 5.187 2.353 -1.600
SPIN 4 13 1 8 2.786 5.113 -1.048
SPIN 4 13 1 9 2.587 -5.004 -1.808
SPIN 4 13 1 10 3.793 4.519 0.442
SPIN 4 13 1 11 -4.510 -3.557 1.416
SPIN 4 13 1 12 -1.757 5.592 -0.800
SPIN 4 13 1 13 -1.728 -5.512 -1.277
SPIN 4 13 1 14 3.122 -4.666 -1.866
SPIN 4 13 1 15 4.214 2.215 3.512
SPIN 1 13 2 0 -5.739 0.168 -1.426
SPIN 1 13 2 1 -3.600 -3.566 -3.053
SPIN 1 13 2 2 5.052 1.764 -2.523
SPIN 1 13 2 3 2.200 4.303 -3.412
SPIN 1 13 2 4 -1.890 -0.140 5.604
SPIN 1 13 2 5 -3.945 -1.415 4.175
SPIN 1 13 2 6 0.364 1.698 5.655
SPIN 1 13 2 7 -1.306 5.363 2.129
SPIN 1 13 2 8 2.472 4.373 -3.125
SPIN 1 13 2 9 -5.844 0.875 -0.285
SPIN 1 13 2 10 -0.268 4.594 3.718
SPIN 1 13 2 11 -2.849 -3.738 3.593
SPIN 1 13 2 12 4.263 -3.529 2.092
SPIN 1 13 2 13 -0.559 5.862 0.564
SPIN 1 13 2 14 1.973 2.283 -5.089
SPIN 1 13 2 15 5.254 -2.256 -1.519
SPIN 4 13 2 0 -1.563 -2.367 -5.192
SPIN 4 13 2 1 -1.052 4.386 3.829
SPIN 4 13 2 2 3.853 -1.096 -4.354
SPIN 4 13 2 3 -4.141 3.282 -2.661
SPIN 4 13 2 4 3.462 -0.732 4.741
SPIN 4 13 2 5 -4.984 2.844 -1.440
SPIN 4 13 2 6 4.256 2.486 3.271
SPIN 4 13 2 7 -0.826 -5.616 1.665
SPIN 4 13 2 8 2.211 3.517 4.212
SPIN 4 13 2 9 -2.600 3.430 -4.059
SPIN 4 13 2 10 1.024 3.380 4.746
SPIN 4 13 2 11 -3.552 4.646 -0.895
SPIN 4 13 2 12 3.509 -3.996 -2.592
SPIN 4 13 2 13 1.685 5.642 -0.572
SPIN 4 13 2 14 -0.197 -4.634 3.673
SPIN 4 13 2 15 3.261 3.230 -3.733
SPIN 1 13 3 0 -0.092 -3.801 4.533
SPIN 1 13 3 1 2.273 -0.645 -5.424
SPIN 1 13 3 2 0.252 5.865 -0.732
SPIN 1 13 3 3 0.540 -3.190 4.953
SPIN 1 13 3 4 -1.543 1.441 -5.527
SPIN 1 13 3 5 4.378 -1.771 -3.563
SPIN 1 13 3 6 -1.823 3.392 4.491
SPIN 1 13 3 7 5.104 2.083 -2.147
SPIN 1 13 3 8 -2.968 0.954 -5.028
SPIN 1 13 3 9 4.356 1.926 3.509
SPIN 1 13 3 10 -3.236 2.183 -4.446
SPIN 1 13 3 11 2.026 5.426 -1.207
SPIN 1 13 3 12 -3.369 4.508 1.825
SPIN 1 13 3 13 5.466 -1.291 1.859
SPIN 1 13 3 14 3.337 0.195 4.881
SPIN 1 13 3 15 -4.892 3.061 -1.303
SPIN 4 13 3 0 4.023 3.643 -2.355
SPIN 4 13 3 1 -5.549 -0.213 2.041
SPIN 4 13 3 2 -0.729 -0.118 5.870
SPIN 4 13 3 3 -0.088 -5.887 -0.577
SPIN 4 13 3 4 -3.729 -3.907 -2.414
SPIN 4 13 3 5 5.765 0.314 1.291
SPIN 4 13 3 6 3.137 3.027 -3.999
SPIN 4 13 3 7 1.291 5.099 2.709
SPIN 4 13 3 8 -3.699 -3.410 -3.113
SPIN 4 13 3 9 -1.152 3.913 4.285
SPIN 4 13 3 10 3.248 2.508 -4.262
SPIN 4 13 3 11 1.032 -3.254 -4.831
SPIN 4 13 3 12 -1.896 -3.431 -4.431
SPIN 4 13 3 13 4.836 1.803 2.892
SPIN 4 13 3 14 -3.854 -3.042 3.300
SPIN 4 13 3 15 -3.721 1.245 -4.427
SPIN 1 13 4 0 4.887 -1.096 -3.148
SPIN 1 13 4 1 1.050 -5.269 2.477
SPIN 1 13 4 2 5.812 1.076 0.240
SPIN 1 13 4 3 3.347 -1.634 4.596
SPIN 1 13 4 4 -3.011 -5.033 -0.776
SPIN 1 13 4 5 -4.925 1.232 -3.037
SPIN 1 13 4 6 -3.369 1.883 4.483
SPIN 1 13 4 7 -1.122 -0.146 5.807
SPIN 1 13 4 8 2.897 -3.354 3.919
SPIN 1 13 4 9 3.135 3.300 3.779
SPIN 1 13 4 10 2.440 5.335 0.769
SPIN 1 13 4 11 -1.095 -5.440 -2.051
SPIN 1 13 4 12 3.821 3.327 -3.054
SPIN 1 13 4 13 3.798 2.057 4.042
SPIN 1 13 4 14 -1.047 -2.337 -5.333
SPIN 1 13 4 15 0.409 -0.825 5.844
SPIN 4 13 4 0 5.510 1.755 -1.248
SPIN 4 13 4 1 -5.638 0.408 1.746
SPIN 4 13 4 2 -2.977 -4.660 2.102
SPIN 4 13 4 3 -5.652 -1.116 -1.346
SPIN 4 13 4 4 -4.613 3.206 1.856
SPIN 4 13 4 5 -3.160 -1.553 -4.754
SPIN 4 13 4 6 -3.859 -2.258 -3.875
SPIN 4 13 4 7 4.069 4.282 0.331
SPIN 4 13 4 8 -0.270 -1.397 5.742
SPIN 4 13 4 9 1.478 0.315 -5.720
SPIN 4 13 4 10 -5.841 0.923 0.165
SPIN 4 13 4 11 -2.627 -4.101 -3.359
SPIN 4 13 4 12 -3.946 4.189 1.372
SPIN 4 13 4 13 4.586 3.737 -0.048
SPIN 4 13 4 14 -5.233 -2.608 -0.903
SPIN 4 13 4 15 0.455 0.625 -5.865
SPIN 1 13 5 0 -2.002 -4.444 3.353
SPIN 1 13 5 1 2.934 4.408 -2.638
SPIN 1 13 5 2 -4.892 -3.279 -0.562
SPIN 1 13 5 3 -4.841 2.895 -1.784
SPIN 1 13 5 4 4.085 -4.279 -0.039
SPIN 1 13 5 5 1.995 4.193 3.666
SPIN 1 13 5 6 -0.118 -0.884 -5.848
SPIN 1 13 5 7 -2.776 5.091 -1.174
SPIN 1 13 5 8 4.123 -3.242 2.737
SPIN 1 13 5 9 -2.492 -0.044 -5.366
SPIN 1 13 5 10 1.301 -5.606 1.370
SPIN 1 13 5 11 4.216 -4.063 0.850
SPIN 1 13 5 12 5.576 1.307 1.483
SPIN 1 13 5 13 -0.210 -5.188 -2.836
SPIN 1 13 5 14 1.337 -4.263 3.878
SPIN 1 13 5 15 -5.790 0.163 -1.202
SPIN 4 13 5 0 0.372 -4.561 -3.750
SPIN 4 13 5 1 -1.002 -0.236 5.826
SPIN 4 13 5 2 2.291 4.332 -3.314
SPIN 4 13 5 3 -4.491 -0.740 -3.779
SPIN 4 13 5 4 0.084 -2.857 -5.180
SPIN 4 13 5 5 1.995 5.563 -0.262
SPIN 4 13 5 6 1.546 5.397 1.868
SPIN 4 13 5 7 5.580 -1.965 -0.030
SPIN 4 13 5 8 -3.897 -0.767 4.385
SPIN 4 13 5 9 -3.513 1.974 4.331
SPIN 4 13 5 10 -1.456 1.930 -5.399
SPIN 4 13 5 11 -2.623 0.878 5.229
SPIN 4 13 5 12 3.277 2.799 -4.053
SPIN 4 13 5 13 -1.205 -5.741 -0.767
SPIN 4 13 5 14 1.888 2.866 -4.819
SPIN 4 13 5 15 3.575 -0.952 4.617
SPIN 1 13 6 0 5.264 0.891 -2.548
SPIN 1 13 6 1 -5.330 -0.899 2.405
SPIN 1 13 6 2 1.683 -4.968 2.736
SPIN 1 13 6 3 0.627 -3.585 -4.664
SPIN 1 13 6 4 -3.566 -2.313 4.115
SPIN 1 13 6 5 3.539 -1.743 -4.409
SPIN 1 13 6 6 -1.802 5.287 -1.949
SPIN 1 13 6 7 -0.895 -0.252 5.843
SPIN 1 13 6 8 4.741 3.391 -1.014
SPIN 1 13 6 9 4.806 1.721 -2.990
SPIN 1 13 6 10 -2.443 -2.841 -4.578
SPIN 1 13 6 11 2.392 1.914 -5.061
SPIN 1 13 6 12 0.732 3.787 -4.486
SPIN 1 13 6 13 5.385 1.553 1.895
SPIN 1 13 6 14 -4.590 -2.748 2.526
SPIN 1 13 6 15 1.388 -4.501 -3.580
SPIN 4 13 6 0 4.188 -4.072 -0.937
SPIN 4 13 6 1 -1.647 -0.478 -5.662
SPIN 4 13 6 2 2.094 3.876 3.948
SPIN 4 13 6 3 5.358 -2.477 0.398
SPIN 4 13 6 4 2.164 -1.804 5.202
SPIN 4 13 6 5 -4.485 3.131 2.256
SPIN 4 13 6 6 0.911 -5.753 1.038
SPIN 4 13 6 7 -5.311 -2.088 1.559
SPIN 4 13 6 8 3.889 3.635 2.582
SPIN 4 13 6 9 5.407 1.909 -1.455
SPIN 4 13 6 10 -3.275 0.865 4.851
SPIN 4 13 6 11 2.299 -0.498 -5.428
SPIN 4 13 6 12 -5.748 0.944 1.034
SPIN 4 13 6 13 -1.669 0.552 5.649
SPIN 4 13 6 14 0.534 2.088 5.510
SPIN 4 13 6 15 -3.811 2.695 3.635
SPIN 1 13 7 0 0.373 -4.106 -4.243
SPIN 1 13 7 1 0.590 2.068 -5.511
SPIN 1 13 7 2 -1.355 5.599 1.348
SPIN 1 13 7 3 -4.132 -3.222 2.747
SPIN 1 13 7 4 -0.902 4.132 4.137
SPIN 1 13 7 5 3.694 -0.302 -4.611
SPIN 1 13 7 6 1.552 -5.068 -2.627
SPIN 1 13 7 7 0.893 5.431 2.169
SPIN 1 13 7 8 -5.900 -0.425 -0.091
SPIN 1 13 7 9 3.306 2.062 4.452
SPIN 1 13 7 10 0.806 3.319 -4.831
SPIN 1 13 7 11 1.426 -1.639 5.503
SPIN 1 13 7 12 -2.361 -5.401 -0.500
SPIN 1 13 7 13 0.624 -3.636 4.625
SPIN 1 13 7 14 5.191 -2.187 -1.809
SPIN 1 13 7 15 -4.703 3.309 1.388
SPIN 4 13 7 0 -0.222 3.736 4.582
SPIN 4 13 7 1 -5.207 -1.401 2.434
SPIN 4 13 7 2 0.003 -5.240 -2.746
SPIN 4 13 7 3 1.685 2.766 -4.951
SPIN 4 13 7 4 -5.458 2.248 0.401
SPIN 4 13 7 5 4.014 -1.844 3.935
SPIN 4 13 7 6 -5.248 1.486 2.292
SPIN 4 13 7 7 0.071 3.441 -4.812
SPIN 4 13 7 8 4.687 0.865 3.505
SPIN 4 13 7 9 -2.509 -5.112 -1.605
SPIN 4 13 7 10 3.108 -5.011 -0.476
SPIN 4 13 7 11 -2.963 2.951 -4.185
SPIN 4 13 7 12 -4.497 3.827 0.359
SPIN 4 13 7 13 -4.688 -3.305 1.449
SPIN 4 13 7 14 5.039 -2.882 -1.140
SPIN 4 13 7 15 -1.506 4.607 3.393
SPIN 1 13 8 0 0.143 -4.796 -3.460
SPIN 1 13 8 1 1.477 1.510 -5.526
SPIN 1 13 8 2 0.474 -1.241 5.765
SPIN 1 13 8 3 3.214 2.892 -4.038
SPIN 1 13 8 4 -5.475 0.595 -2.161
SPIN 1 13 8 5 -3.334 4.875 0.346
SPIN 1 13 8 6 5.497 0.273 2.170
SPIN 1 13 8 7 5.709 -1.250 -0.920
SPIN 1 13 8 8 -0.806 -5.261 -2.583
SPIN 1 13 8 9 2.395 3.773 3.877
SPIN 1 13 8 10 5.881 -0.106 -0.636
SPIN 1 13 8 11 2.938 5.122 -0.370
SPIN 1 13 8 12 -0.104 -5.678 -1.657
SPIN 1 13 8 13 4.724 1.661 -3.150
SPIN 1 13 8 14 -3.966 1.466 -4.138
SPIN 1 13 8 15 1.445 3.843 -4.259
SPIN 4 13 8 0 4.654 -2.146 -2.956
SPIN 4 13 8 1 4.434 -3.899 0.373
SPIN 4 13 8 2 -1.015 4.359 3.869
SPIN 4 13 8 3 -4.864 -3.010 -1.510
SPIN 4 13 8 4 1.884 5.495 1.120
SPIN 4 13 8 5 -4.845 -0.728 -3.315
SPIN 4 13 8 6 4.702 0.397 -3.568
SPIN 4 13 8 7 -3.850 -4.128 -1.772
SPIN 4 13 8 8 2.473 2.601 4.703
SPIN 4 13 8 9 -5.364 -0.572 -2.428
SPIN 4 13 8 10 0.713 -4.526 -3.743
SPIN 4 13 8 11 -0.444 5.729 1.406
SPIN 4 13 8 12 1.175 2.716 -5.123
SPIN 4 13 8 13 -2.430 -3.786 3.842
SPIN 4 13 8 14 -3.927 2.377 3.732
SPIN 4 13 8 15 -5.365 -1.068 -2.253
SPIN 1 13 9 0 1.356 5.718 0.683
SPIN 1 13 9 1 -5.269 -2.146 1.623
SPIN 1 13 9 2 -5.293 -2.586 -0.551
SPIN 1 13 9 3 -3.646 -4.180 2.058
SPIN 1 13 9 4 -3.210 4.403 -2.304
SPIN 1 13 9 5 -0.666 -2.014 -5.523
SPIN 1 13 9 6 5.706 1.400 -0.693
SPIN 1 13 9 7 -1.784 -4.342 3.600
SPIN 1 13 9 8 5.740 -0.656 -1.276
SPIN 1 13 9 9 2.162 0.462 5.487
SPIN 1 13 9 10 1.081 2.670 5.167
SPIN 1 13 9 11 -0.556 -5.317 2.534
SPIN 1 13 9 12 -3.167 4.789 -1.425
SPIN 1 13 9 13 5.038 -2.909 -1.078
SPIN 1 13 9 14 -3.586 0.323 -4.694
SPIN 1 13 9 15 5.758 1.150 -0.722
SPIN 4 13 9 0 -2.391 -0.971 5.323
SPIN 4 13 9 1 -4.626 1.174 -3.496
SPIN 4 13 9 2 5.565 -1.771 0.945
SPIN 4 13 9 3 -1.183 2.320 -5.312
SPIN 4 13 9 4 5.058 -1.733 -2.532
SPIN 4 13 9 5 -1.523 4.075 4.010
SPIN 4 13 9 6 -1.622 -5.280 -2.119
SPIN 4 13 9 7 -1.440 2.136 5.326
SPIN 4 13 9 8 1.876 1.339 -5.449
SPIN 4 13 9 9 -5.816 -0.715 0.813
SPIN 4 13 9 10 5.033 3.089 0.358
SPIN 4 13 9 11 0.111 -3.107 -5.033
SPIN 4 13 9 12 -1.288 5.699 0.931
SPIN 4 13 9 13 3.120 -0.736 4.972
SPIN 4 13 9 14 -2.835 -5.171 0.466
SPIN 4 13 9 15 3.812 3.765 2.507
SPIN 1 13 10 0 3.434 -3.941 2.770
SPIN 1 13 10 1 -1.825 5.616 0.361
SPIN 1 13 10 2 2.964 -2.266 -4.591
SPIN 1 13 10 3 -3.263 4.924 0.328
SPIN 1 13 10 4 0.587 4.563 3.720
SPIN 1 13 10 5 0.858 -4.281 -3.992
SPIN 1 13 10 6 5.262 2.451 1.143
SPIN 1 13 10 7 1.115 -5.801 0.331
SPIN 1 13 10 8 3.230 2.016 4.528
SPIN 1 13 10 9 -2.906 -3.773 -3.510
SPIN 1 13 10 10 1.318 2.941 -4.961
SPIN 1 13 10 11 -3.402 4.459 1.884
SPIN 1 13 10 12 1.436 -0.404 -5.725
SPIN 1 13 10 13 -5.161 -2.574 1.319
SPIN 1 13 10 14 -0.860 3.113 -4.957
SPIN 1 13 10 15 0.688 2.118 -5.481
SPIN 4 13 10 0 5.793 -1.074 0.533
SPIN 4 13 10 1 2.300 -4.495 -3.082
SPIN 4 13 10 2 0.770 -2.436 -5.336
SPIN 4 13 10 3 -5.599 -0.079 -1.910
SPIN 4 13 10 4 -3.931 -0.155 4.418
SPIN 4 13 10 5 -2.930 -3.097 -4.101
SPIN 4 13 10 6 -0.599 2.260 5.435
SPIN 4 13 10 7 -3.051 4.163 -2.891
SPIN 4 13 10 8 5.791 -0.565 -1.068
SPIN 4 13 10 9 -0.014 5.910 -0.267
SPIN 4 13 10 10 -1.148 -5.611 -1.484
SPIN 4 13 10 11 2.812 -2.821 4.375
SPIN 4 13 10 12 0.536 -4.723 3.522
SPIN 4 13 10 13 3.963 -4.355 0.571
SPIN 4 13 10 14 3.529 0.203 4.744
SPIN 4 13 10 15 -4.823 -3.333 0.794
SPIN 1 13 11 0 4.944 2.365 2.228
SPIN 1 13 11 1 5.501 -0.803 2.024
SPIN 1 13 11 2 1.574 -3.640 -4.390
SPIN 1 13 11 3 -0.141 -5.824 1.028
SPIN 1 13 11 4 -5.310 1.977 1.703
SPIN 1 13 11 5 -1.045 5.488 1.945
SPIN 1 13 11 6 -1.196 -5.775 0.466
SPIN 1 13 11 7 -1.331 -4.732 -3.291
SPIN 1 13 11 8 -0.380 -5.890 -0.402
SPIN 1 13 11 9 2.503 5.309 0.739
SPIN 1 13 11 10 -3.434 0.275 -4.809
SPIN 1 13 11 11 0.814 1.897 5.544
SPIN 1 13 11 12 4.133 -0.094 -4.232
SPIN 1 13 11 13 4.759 0.241 3.506
SPIN 1 13 11 14 -2.419 5.334 -0.837
SPIN 1 13 11 15 3.140 1.214 -4.865
SPIN 4 13 11 0 -5.636 0.601 -1.695
SPIN 4 13 11 1 -0.929 -3.097 4.954
SPIN 4 13 11 2 2.924 5.138 -0.239
SPIN 4 13 11 3 -2.482 2.851 4.551
SPIN 4 13 11 4 5.138 0.328 -2.915
SPIN 4 13 11 5 -2.166 -0.314 -5.496
SPIN 4 13 11 6 -1.298 -0.157 -5.770
SPIN 4 13 11 7 4.989 -0.826 -3.070
SPIN 4 13 11 8 0.407 3.167 4.980
SPIN 4 13 11 9 -1.491 -4.335 3.740
SPIN 4 13 11 10 3.008 -3.735 -3.465
SPIN 4 13 11 11 -5.657 -0.899 1.481
SPIN 4 13 11 12 -3.315 -4.856 0.660
SPIN 4 13 11 13 0.934 4.541 3.675
SPIN 4 13 11 14 -2.656 -4.892 2.005
SPIN 4 13 11 15 1.543 -5.526 1.443
SPIN 1 13 12 0 -4.088 -4.173 -0.935
SPIN 1 13 12 1 3.662 1.794 -4.286
SPIN 1 13 12 2 0.343 4.819 -3.415
SPIN 1 13 12 3 5.521 1.616 -1.383
SPIN 1 13 12 4 -2.945 0.501 -5.107
SPIN 1 13 12 5 -0.929 4.271 3.987
SPIN 1 13 12 6 0.728 -2.303 5.400
SPIN 1 13 12 7 -5.388 -1.438 -1.975
SPIN 1 13 12 8 5.842 -0.851 0.382
SPIN 1 13 12 9 -0.128 -4.400 -3.952
SPIN 1 13 12 10 -1.414 5.491 -1.689
SPIN 1 13 12 11 1.750 -3.886 -4.103
SPIN 1 13 12 12 -2.940 4.989 1.212
SPIN 1 13 12 13 -5.594 1.458 1.260
SPIN 1 13 12 14 0.521 -3.377 4.829
SPIN 1 13 12 15 -3.242 -4.526 2.002
SPIN 4 13 12 0 1.588 2.930 4.888
SPIN 4 13 12 1 3.218 -4.378 -2.340
SPIN 4 13 12 2 0.557 -2.075 5.512
SPIN 4 13 12 3 -0.584 4.431 -3.876
SPIN 4 13 12 4 4.248 2.856 -2.966
SPIN 4 13 12 5 5.235 2.600 -0.913
SPIN 4 13 12 6 0.306 -3.339 4.874
SPIN 4 13 12 7 4.090 3.794 -1.970
SPIN 4 13 12 8 -1.265 -1.104 5.673
SPIN 4 13 12 9 3.691 1.178 -4.471
SPIN 4 13 12 10 0.066 0.086 5.915
SPIN 4 13 12 11 -1.106 -2.927 -5.021
SPIN 4 13 12 12 -2.163 5.412 -1.016
SPIN 4 13 12 13 -2.761 -4.964 -1.654
SPIN 4 13 12 14 -4.847 -2.517 2.274
SPIN 4 13 12 15 -0.945 -4.550 3.661
SPIN 1 13 13 0 -1.906 -4.597 -3.199
SPIN 1 13 13 1 -4.762 -2.591 2.367
SPIN 1 13 13 2 -5.678 0.448 1.599
SPIN 1 13 13 3 3.015 1.870 4.734
SPIN 1 13 13 4 1.588 5.681 -0.451
SPIN 1 13 13 5 -3.863 -3.596 -2.673
SPIN 1 13 13 6 -1.936 3.754 4.142
SPIN 1 13 13 7 0.192 5.255 2.711
SPIN 1 13 13 8 -4.525 3.462 1.594
SPIN 1 13 13 9 2.810 -3.190 4.115
SPIN 1 13 13 10 -5.790 -0.847 0.873
SPIN 1 13 13 11 -0.371 5.610 -1.840
SPIN 1 13 13 12 0.831 -4.028 -4.252
SPIN 1 13 13 13 -2.633 2.993 4.372
SPIN 1 13 13 14 -1.264 -1.780 -5.499
SPIN 1 13 13 15 2.092 -0.588 -5.503
SPIN 4 13 13 0 -0.113 -2.054 5.547
SPIN 4 13 13 1 -0.507 5.849 0.728
SPIN 4 13 13 2 -4.007 -4.253 -0.924
SPIN 4 13 13 3 -4.855 0.688 -3.310
SPIN 4 13 13 4 2.063 4.646 -3.027
SPIN 4 13 13 5 0.686 3.877 -4.416
SPIN 4 13 13 6 1.424 -5.361 -2.058
SPIN 4 13 13 7 -4.538 1.258 3.581
SPIN 4 13 13 8 3.714 -1.036 4.487
SPIN 4 13 13 9 -1.806 5.522 1.118
SPIN 4 13 13 10 5.611 0.088 1.872
SPIN 4 13 13 11 2.766 -3.641 3.754
SPIN 4 13 13 12 2.376 -2.313 -4.900
SPIN 4 13 13 13 1.968 3.749 -4.132
SPIN 4 13 13 14 4.530 -2.450 2.911
SPIN 4 13 13 15 -5.398 1.042 2.186
SPIN 1 13 14 0 -4.789 -0.439 3.445
SPIN 1 13 14 1 1.654 4.782 -3.066
SPIN 1 13 14 2 1.086 4.663 3.475
SPIN 1 13 14 3 4.008 1.396 -4.122
SPIN 1 13 14 4 -0.860 -1.880 5.543
SPIN 1 13 14 5 -4.630 -3.471 1.231
SPIN 1 13 14 6 1.450 -5.572 1.359
SPIN 1 13 14 7 3.898 4.256 -1.300
SPIN 1 13 14 8 3.234 3.674 -3.323
SPIN 1 13 14 9 -3.447 3.938 -2.758
SPIN 1 13 14 10 4.642 0.602 -3.619
SPIN 1 13 14 11 1.191 -2.380 5.284
SPIN 1 13 14 12 0.122 2.521 5.351
SPIN 1 13 14 13 3.864 -2.565 -3.673
SPIN 1 13 14 14 -4.777 -3.026 1.740
SPIN 1 13 14 15 1.275 5.426 -1.982
SPIN 4 13 14 0 5.521 2.109 0.275
SPIN 4 13 14 1 -2.544 1.769 -5.040
SPIN 4 13 14 2 -3.340 -4.431 -2.052
SPIN 4 13 14 3 4.152 -4.159 -0.679
SPIN 4 13 14 4 -1.563 -4.629 -3.337
SPIN 4 13 14 5 3.454 1.587 -4.533
SPIN 4 13 14 6 2.402 0.025 -5.407
SPIN 4 13 14 7 1.797 0.915 5.562
SPIN 4 13 14 8 -4.513 3.814 0.283
SPIN 4 13 14 9 2.691 -1.735 4.975
SPIN 4 13 14 10 3.135 1.323 -4.839
SPIN 4 13 14 11 5.729 -0.654 -1.322
SPIN 4 13 14 12 -4.394 3.831 -1.006
SPIN 4 13 14 13 4.902 -3.020 1.360
SPIN 4 13 14 14 0.727 5.168 2.787
SPIN 4 13 14 15 0.015 -3.984 -4.373
SPIN 1 13 15 0 -1.051 -5.616 -1.534
SPIN 1 13 15 1 -2.273 -4.933 2.344
SPIN 1 13 15 2 3.052 -4.817 -1.576
SPIN 1 13 15 3 -3.687 -2.884 -3.617
SPIN 1 13 15 4 5.233 -2.329 -1.481
SPIN 1 13 15 5 -4.092 -3.741 2.064
SPIN 1 13 15 6 -5.482 2.164 0.512
SPIN 1 13 15 7 4.586 1.585 -3.385
SPIN 1 13 15 8 2.811 -4.865 1.852
SPIN 1 13 15 9 -0.364 -5.742 -1.375
SPIN 1 13 15 10 4.249 4.073 -0.601
SPIN 1 13 15 11 -1.288 4.349 -3.799
SPIN 1 13 15 12 5.725 1.450 -0.356
SPIN 1 13 15 13 0.189 -4.893 3.321
SPIN 1 13 15 14 -1.945 2.704 -4.889
SPIN 1 13 15 15 0.388 -3.296 4.897
SPIN 4 13 15 0 -1.085 2.446 5.276
SPIN 4 13 15 1 -1.377 3.424 4.624
SPIN 4 13 15 2 0.453 4.090 -4.250
SPIN 4 13 15 3 -3.780 -2.026 4.075
SPIN 4 13 15 4 4.782 -3.148 -1.489
SPIN 4 13 15 5 -0.892 5.777 0.912
SPIN 4 13 15 6 3.639 -1.455 4.432
SPIN 4 13 15 7 -5.717 -1.496 -0.269
SPIN 4 13 15 8 2.427 -2.828 -4.595
SPIN 4 13 15 9 -3.276 -4.798 1.118
SPIN 4 13 15 10 5.599 1.216 1.475
SPIN 4 13 15 11 -5.193 -1.836 2.159
SPIN 4 13 15 12 1.834 -1.628 -5.384
SPIN 4 13 15 13 -3.978 3.581 -2.521
SPIN 4 13 15 14 -0.809 -3.772 4.485
SPIN 4 13 15 15 2.654 -1.156 -5.160
SPIN 3 13 0 0 -1.967 4.031 3.858
SPIN 3 13 0 1 5.238 2.234 1.605
SPIN 3 13 0 2 4.611 -3.462 1.323
SPIN 3 13 0 3 -2.005 5.251 -1.846
SPIN 3 13 0 4 -2.799 -3.163 -4.143
SPIN 3 13 0 5 1.436 5.590 1.300
SPIN 3 13 0 6 -4.543 -3.404 -1.667
SPIN 3 13 0 7 2.538 2.995 4.426
SPIN 3 13 0 8 1.369 0.946 -5.677
SPIN 3 13 0 9 2.515 -3.191 -4.300
SPIN 3 13 0 10 1.056 1.456 5.636
SPIN 3 13 0 11 -3.166 -0.769 -4.938
SPIN 3 13 0 12 -2.587 -1.853 4.987
SPIN 3 13 0 13 2.077 5.537 0.182
SPIN 3 13 0 14 -3.963 -2.018 3.902
SPIN 3 13 0 15 0.943 2.143 -5.433
SPIN 2 13 0 0 1.382 5.638 1.144
SPIN 2 13 0 1 -4.161 1.384 3.971
SPIN 2 13 0 2 3.791 -1.262 -4.363
SPIN 2 13 0 3 -1.150 -4.818 3.235
SPIN 2 13 0 4 -1.007 -3.268 4.827
SPIN 2 13 0 5 -2.758 2.595 4.545
SPIN 2 13 0 6 2.010 -2.000 -5.193
SPIN 2 13 0 7 2.283 4.763 2.665
SPIN 2 13 0 8 4.840 0.291 -3.390
SPIN 2 13 0 9 4.622 -1.893 -3.170
SPIN 2 13 0 10 5.314 1.297 2.254
SPIN 2 13 0 11 -2.818 -4.969 -1.539
SPIN 2 13 0 12 5.259 2.619 0.698
SPIN 2 13 0 13 -2.809 4.385 2.807
SPIN 2 13 0 14 0.894 4.882 -3.219
SPIN 2 13 0 15 -2.214 -1.458 -5.289
SPIN 3 13 1 0 -4.364 -3.622 1.683
SPIN 3 13 1 1 -0.628 -4.536 3.746
SPIN 3 13 1 2 -1.190 2.091 5.405
SPIN 3 13 1 3 3.824 2.982 -3.389
SPIN 3 13 1 4 -0.366 1.365 5.745
SPIN 3 13 1 5 -1.033 -0.424 -5.810
SPIN 3 13 1 6 4.979 2.905 -1.329
SPIN 3 13 1 7 -4.879 -2.804 -1.825
SPIN 3 13 1 8 -2.254 4.022 3.707
SPIN 3 13 1 9 -3.328 4.657 1.498
SPIN 3 13 1 10 4.996 -2.656 -1.729
SPIN 3 13 1 11 0.394 -2.865 -5.161
SPIN 3 13 1 12 2.767 4.284 -2.999
SPIN 3 13 1 13 -4.507 -3.675 -1.087
SPIN 3 13 1 14 0.572 -5.595 -1.837
SPIN 3 13 1 15 2.016 -5.121 -2.170
SPIN 2 13 1 0 3.465 -3.945 -2.725
SPIN 2 13 1 1 -1.698 2.785 -4.936
SPIN 2 13 1 2 -5.480 2.009 -0.967
SPIN 2 13 1 3 5.449 -2.248 0.501
SPIN 2 13 1 4 -5.837 0.755 0.598
SPIN 2 13 1 5 5.158 -0.595 -2.836
SPIN 2 13 1 6 -0.806 1.458 5.677
SPIN 2 13 1 7 -3.396 -3.851 -2.939
SPIN 2 13 1 8 -4.931 0.418 -3.241
SPIN 2 13 1 9 5.897 -0.401 -0.264
SPIN 2 13 1 10 -3.031 0.943 4.992
SPIN 2 13 1 11 0.023 5.286 -2.657
SPIN 2 13 1 12 0.026 3.342 4.882
SPIN 2 13 1 13 -1.758 -1.783 5.360
SPIN 2 13 1 14 1.432 -5.588 1.312
SPIN 2 13 1 15 3.486 2.123 -4.283
SPIN 3 13 2 0 -3.812 2.547 3.739
SPIN 3 13 2 1 3.243 -1.177 -4.806
SPIN 3 13 2 2 -4.566 3.710 0.627
SPIN 3 13 2 3 3.877 -4.282 -1.277
SPIN 3 13 2 4 -2.157 -0.659 -5.469
SPIN 3 13 2 5 1.940 -0.270 -5.583
SPIN 3 13 2 6 -2.049 -1.206 5.417
SPIN 3 13 2 7 4.203 2.659 3.204
SPIN 3 13 2 8 4.058 -3.848 -1.931
SPIN 3 13 2 9 -5.043 1.276 -2.818
SPIN 3 13 2 10 2.392 -3.221 -4.348
SPIN 3 13 2 11 1.275 4.234 -3.930
SPIN 3 13 2 12 2.591 -0.971 5.229
SPIN 3 13 2 13 -0.445 -5.875 -0.534
SPIN 3 13 2 14 -5.585 0.533 -1.878
SPIN 3 13 2 15 3.433 1.852 4.448
SPIN 2 13 2 0 4.455 -1.716 3.495
SPIN 2 13 2 1 3.688 4.272 1.774
SPIN 2 13 2 2 5.140 -1.046 2.736
SPIN 2 13 2 3 -3.648 4.192 2.029
SPIN 2 13 2 4 0.005 -5.164 -2.886
SPIN 2 13 2 5 -5.361 2.413 -0.664
SPIN 2 13 2 6 0.325 -4.031 -4.318
SPIN 2 13 2 7 3.204 -4.083 2.839
SPIN 2 13 2 8 4.617 3.018 -2.138
SPIN 2 13 2 9 -3.277 -1.168 4.785
SPIN 2 13 2 10 4.152 -1.393 -3.978
SPIN 2 13 2 11 0.539 5.789 -1.095
SPIN 2 13 2 12 -4.124 0.261 4.234
SPIN 2 13 2 13 4.397 -3.315 -2.162
SPIN 2 13 2 14 -2.274 5.256 1.483
SPIN 2 13 2 15 -5.317 -2.355 -1.086
SPIN 3 13 3 0 5.456 -0.004 -2.286
SPIN 3 13 3 1 -5.271 -1.186 -2.411
SPIN 3 13 3 2 5.201 -2.765 -0.557
SPIN 3 13 3 3 0.503 0.106 5.894
SPIN 3 13 3 4 2.021 2.685 4.869
SPIN 3 13 3 5 -4.973 2.838 1.488
SPIN 3 13 3 6 2.971 -5.101 -0.394
SPIN 3 13 3 7 0.499 -3.426 4.798
SPIN 3 13 3 8 -4.451 -3.717 -1.170
SPIN 3 13 3 9 5.153 -0.132 2.904
SPIN 3 13 3 10 -1.227 3.836 4.333
SPIN 3 13 3 11 1.872 -5.449 1.342
SPIN 3 13 3 12 -2.518 4.839 2.291
SPIN 3 13 3 13 3.432 -4.353 -2.066
SPIN 3 13 3 14 2.583 4.221 3.243
SPIN 3 13 3 15 -3.414 -1.228 4.673
SPIN 2 13 3 0 1.317 3.581 -4.521
SPIN 2 13 3 1 1.639 -5.663 -0.499
SPIN 2 13 3 2 1.934 -5.573 -0.447
SPIN 2 13 3 3 -5.205 2.811 -0.061
SPIN 2 13 3 4 3.458 4.474 -1.738
SPIN 2 13 3 5 3.761 -0.931 4.471
SPIN 2 13 3 6 -2.200 5.312 -1.394
SPIN 2 13 3 7 -5.324 0.392 2.549
SPIN 2 13 3 8 0.452 5.898 -0.110
SPIN 2 13 3 9 4.317 3.854 -1.229
SPIN 2 13 3 10 -0.492 -5.419 -2.323
SPIN 2 13 3 11 0.970 3.464 -4.697
SPIN 2 13 3 12 0.013 -2.806 -5.208
SPIN 2 13 3 13 -3.538 -3.627 3.054
SPIN 2 13 3 14 2.721 -4.120 -3.258
SPIN 2 13 3 15 1.242 -5.759 -0.544
SPIN 3 13 4 0 -1.265 -0.241 -5.774
SPIN 3 13 4 1 1.268 5.079 2.757
SPIN 3 13 4 2 -4.716 0.967 -3.439
SPIN 3 13 4 3 -1.448 -1.190 5.611
SPIN 3 13 4 4 5.041 1.009 -2.928
SPIN 3 13 4 5 1.610 -3.808 -4.231
SPIN 3 13 4 6 -1.142 -0.220 -5.801
SPIN 3 13 4 7 -3.052 -0.429 -5.050
SPIN 3 13 4 8 3.823 1.584 -4.228
SPIN 3 13 4 9 -3.146 -3.124 -3.917
SPIN 3 13 4 10 5.780 -1.144 -0.530
SPIN 3 13 4 11 -1.304 5.765 0.258
SPIN 3 13 4 12 4.594 -3.612 -0.918
SPIN 3 13 4 13 -3.319 -4.154 -2.594
SPIN 3 13 4 14 -5.001 1.743 -2.637
SPIN 3 13 4 15 4.890 -2.225 2.477
SPIN 2 13 4 0 1.090 2.472 5.263
SPIN 2 13 4 1 -1.616 5.635 -0.796
SPIN 2 13 4 2 0.245 -4.253 -4.105
SPIN 2 13 4 3 2.609 -2.124 4.866
SPIN 2 13 4 4 -3.519 -2.552 4.013
SPIN 2 13 4 5 5.301 -0.035 2.627
SPIN 2 13 4 6 3.599 -3.949 -2.541
SPIN 2 13 4 7 4.499 2.035 3.258
SPIN 2 13 4 8 1.152 -4.631 -3.497
SPIN 2 13 4 9 0.001 -3.063 5.062
SPIN 2 13 4 10 -2.536 4.595 2.731
SPIN 2 13 4 11 -1.301 5.190 -2.525
SPIN 2 13 4 12 -1.469 -2.886 -4.951
SPIN 2 13 4 13 4.740 0.979 -3.403
SPIN 2 13 4 14 -5.226 -2.730 -0.486
SPIN 2 13 4 15 4.496 2.022 3.271
SPIN 3 13 5 0 4.201 1.272 -3.966
SPIN 3 13 5 1 3.398 -3.846 -2.943
SPIN 3 13 5 2 1.226 1.557 5.574
SPIN 3 13 5 3 4.018 2.665 -3.429
SPIN 3 13 5 4 1.535 0.439 -5.697
SPIN 3 13 5 5 -3.507 -3.909 2.724
SPIN 3 13 5 6 2.142 5.028 -2.265
SPIN 3 13 5 7 4.953 -2.851 1.530
SPIN 3 13 5 8 3.226 4.059 -2.848
SPIN 3 13 5 9 2.276 3.515 4.179
SPIN 3 13 5 10 -0.924 0.160 -5.841
SPIN 3 13 5 11 -1.880 2.248 5.139
SPIN 3 13 5 12 -1.877 5.112 -2.312
SPIN 3 13 5 13 -0.628 -3.226 4.920
SPIN 3 13 5 14 3.558 4.654 -0.828
SPIN 3 13 5 15 -4.117 -1.897 -3.802
SPIN 2 13 5 0 -3.524 -4.575 1.286
SPIN 2 13 5 1 -2.765 -5.040 1.399
SPIN 2 13 5 2 3.865 3.160 -3.174
SPIN 2 13 5 3 -5.797 -0.511 -1.064
SPIN 2 13 5 4 -4.693 -1.532 3.261
SPIN 2 13 5 5 -0.644 -2.460 -5.342
SPIN 2 13 5 6 5.899 -0.358 -0.280
SPIN 2 13 5 7 4.305 -2.878 -2.860
SPIN 2 13 5 8 -4.390 2.565 3.024
SPIN 2 13 5 9 4.235 0.231 -4.125
SPIN 2 13 5 10 -1.817 2.132 5.211
SPIN 2 13 5 11 2.338 -4.390 3.204
SPIN 2 13 5 12 -4.729 -3.554 0.003
SPIN 2 13 5 13 -5.089 -1.568 -2.577
SPIN 2 13 5 14 3.397 -2.614 -4.077
SPIN 2 13 5 15 -2.473 4.204 -3.348
SPIN 3 13 6 0 -2.564 -3.841 -3.698
SPIN 3 13 6 1 -0.715 5.438 2.217
SPIN 3 13 6 2 -2.297 5.102 -1.923
SPIN 3 13 6 3 5.484 0.367 2.189
SPIN 3 13 6 4 4.468 -3.355 1.945
SPIN 3 13 6 5 2.925 -4.125 -3.070
SPIN 3 13 6 6 -3.447 -3.410 3.389
SPIN 3 13 6 7 0.539 2.161 -5.481
SPIN 3 13 6 8 3.551 -4.694 0.595
SPIN 3 13 6 9 -5.647 -0.097 -1.762
SPIN 3 13 6 10 3.367 -4.443 1.981
SPIN 3 13 6 11 -3.789 -1.706 -4.211
SPIN 3 13 6 12 -2.563 -4.830 2.259
SPIN 3 13 6 13 -0.798 4.258 4.029
SPIN 3 13 6 14 1.804 -4.145 3.817
SPIN 3 13 6 15 3.316 -0.644 -4.857
SPIN 2 13 6 0 -3.069 -2.688 4.285
SPIN 2 13 6 1 -3.321 1.983 4.477
SPIN 2 13 6 2 -0.587 -5.354 2.448
SPIN 2 13 6 3 5.091 2.983 0.425
SPIN 2 13 6 4 -0.965 2.483 -5.283
SPIN 2 13 6 5 2.765 0.885 5.155
SPIN 2 13 6 6 3.945 1.310 -4.210
SPIN 2 13 6 7 -4.108 3.941 -1.610
SPIN 2 13 6 8 5.483 -1.981 -1.007
SPIN 2 13 6 9 -2.393 -5.049 -1.943
SPIN 2 13 6 10 1.650 -0.634 -5.646
SPIN 2 13 6 11 1.185 -0.749 5.748
SPIN 2 13 6 12 0.298 4.413 3.929
SPIN 2 13 6 13 -1.342 -3.602 -4.497
SPIN 2 13 6 14 1.841 -5.537 -0.976
SPIN 2 13 6 15 -4.948 1.355 2.946
SPIN 3 13 7 0 4.487 -1.117 3.690
SPIN 3 13 7 1 4.762 2.778 -2.146
SPIN 3 13 7 2 3.939 -1.023 4.294
SPIN 3 13 7 3 0.053 5.906 0.347
SPIN 3 13 7 4 -3.388 4.302 -2.239
SPIN 3 13 7 5 2.569 5.300 -0.558
SPIN 3 13 7 6 -4.822 -3.186 1.261
SPIN 3 13 7 7 3.591 1.642 -4.406
SPIN 3 13 7 8 -0.994 3.459 -4.695
SPIN 3 13 7 9 0.702 2.225 5.437
SPIN 3 13 7 10 -2.293 3.281 4.356
SPIN 3 13 7 11 0.537 -2.935 -5.109
SPIN 3 13 7 12 5.187 -2.729 0.805
SPIN 3 13 7 13 4.318 -3.887 -1.118
SPIN 3 13 7 14 0.242 -2.963 5.115
SPIN 3 13 7 15 -3.706 -1.355 -4.408
SPIN 2 13 7 0 3.718 1.532 4.339
SPIN 2 13 7 1 -3.323 -4.797 -0.972
SPIN 2 13 7 2 4.830 3.124 1.383
SPIN 2 13 7 3 -4.127 -2.453 3.457
SPIN 2 13 7 4 -4.019 -4.255 0.862
SPIN 2 13 7 5 -3.319 -4.616 -1.636
SPIN 2 13 7 6 -2.292 2.585 4.803
SPIN 2 13 7 7 1.789 -3.570 -4.365
SPIN 2 13 7 8 3.433 4.200 2.361
SPIN 2 13 7 9 1.667 -2.740 4.971
SPIN 2 13 7 10 -2.865 4.794 1.951
SPIN 2 13 7 11 -2.178 -4.331 3.391
SPIN 2 13 7 12 -5.432 1.338 -1.925
SPIN 2 13 7 13 -4.378 3.693 1.481
SPIN 2 13 7 14 -5.178 -0.387 -2.836
SPIN 2 13 7 15 0.818 5.433 -2.195
SPIN 3 13 8 0 -3.843 0.694 -4.444
SPIN 3 13 8 1 5.363 0.573 -2.432
SPIN 3 13 8 2 4.995 -0.329 3.153
SPIN 3 13 8 3 -4.930 1.598 2.853
SPIN 3 13 8 4 5.295 1.520 2.158
SPIN 3 13 8 5 3.907 2.902 -3.363
SPIN 3 13 8 6 5.010 -2.878 1.273
SPIN 3 13 8 7 -0.735 -3.651 4.597
SPIN 3 13 8 8 0.025 1.744 -5.653
SPIN 3 13 8 9 0.340 3.336 -4.874
SPIN 3 13 8 10 -3.766 2.382 -3.891
SPIN 3 13 8 11 5.820 -0.506 -0.931
SPIN 3 13 8 12 -3.994 1.934 3.912
SPIN 3 13 8 13 3.279 4.723 -1.394
SPIN 3 13 8 14 -5.768 0.264 1.287
SPIN 3 13 8 15 4.676 -1.023 -3.477
SPIN 2 13 8 0 4.069 3.658 2.250
SPIN 2 13 8 1 -3.536 2.434 4.071
SPIN 2 13 8 2 -3.403 3.374 -3.470
SPIN 2 13 8 3 -4.769 0.944 3.372
SPIN 2 13 8 4 2.812 -0.579 5.173
SPIN 2 13 8 5 2.200 5.437 -0.773
SPIN 2 13 8 6 2.067 -3.356 -4.412
SPIN 2 13 8 7 -1.220 3.551 4.572
SPIN 2 13 8 8 1.795 -0.697 -5.594
SPIN 2 13 8 9 -4.353 2.110 -3.405
SPIN 2 13 8 10 -5.273 -0.771 2.569
SPIN 2 13 8 11 5.584 -1.104 -1.613
SPIN 2 13 8 12 -5.047 -2.048 2.309
SPIN 2 13 8 13 0.464 0.509 -5.876
SPIN 2 13 8 14 4.056 -0.189 4.302
SPIN 2 13 8 15 -4.638 3.638 0.511
SPIN 3 13 9 0 -3.790 0.805 -4.471
SPIN 3 13 9 1 0.389 4.011 -4.331
SPIN 3 13 9 2 -0.298 0.092 5.908
SPIN 3 13 9 3 5.403 2.409 -0.065
SPIN 3 13 9 4 3.712 2.950 -3.539
SPIN 3 13 9 5 0.563 4.894 3.275
SPIN 3 13 9 6 -1.244 3.556 4.562
SPIN 3 13 9 7 4.333 2.599 -3.078
SPIN 3 13 9 8 -5.794 -0.448 1.107
SPIN 3 13 9 9 0.923 3.351 4.787
SPIN 3 13 9 10 3.812 -4.323 -1.335
SPIN 3 13 9 11 -3.929 -2.099 3.894
SPIN 3 13 9 12 5.476 2.197 0.432
SPIN 3 13 9 13 -2.835 2.449 4.578
SPIN 3 13 9 14 3.106 -1.793 -4.705
SPIN 3 13 9 15 -4.768 -0.321 3.488
SPIN 2 13 9 0 0.918 -2.898 5.076
SPIN 2 13 9 1 0.608 -2.309 -5.413
SPIN 2 13 9 2 -2.494 4.382 3.095
SPIN 2 13 9 3 -0.078 -2.312 5.445
SPIN 2 13 9 4 -1.670 5.647 -0.564
SPIN 2 13 9 5 1.557 -5.706 0.121
SPIN 2 13 9 6 -4.378 -0.837 3.890
SPIN 2 13 9 7 0.505 -1.286 5.752
SPIN 2 13 9 8 -4.044 3.283 -2.805
SPIN 2 13 9 9 -3.540 0.668 -4.693
SPIN 2 13 9 10 0.013 -2.499 5.362
SPIN 2 13 9 11 4.983 3.093 0.776
SPIN 2 13 9 12 5.272 0.756 2.576
SPIN 2 13 9 13 -2.027 -2.243 -5.085
SPIN 2 13 9 14 -2.968 4.322 2.742
SPIN 2 13 9 15 1.764 -0.762 5.595
SPIN 3 13 10 0 4.462 -1.721 -3.483
SPIN 3 13 10 1 0.193 -5.657 1.721
SPIN 3 13 10 2 4.832 -3.356 -0.620
SPIN 3 13 10 3 -3.066 -4.013 3.081
SPIN 3 13 10 4 0.038 -5.865 0.776
SPIN 3 13 10 5 1.815 4.893 -2.786
SPIN 3 13 10 6 -3.085 -5.048 0.036
SPIN 3 13 10 7 1.626 3.581 -4.420
SPIN 3 13 10 8 1.345 -4.673 3.370
SPIN 3 13 10 9 1.568 -0.870 -5.638
SPIN 3 13 10 10 -3.728 2.757 3.674
SPIN 3 13 10 11 1.400 5.545 1.514
SPIN 3 13 10 12 -2.277 -2.910 4.621
SPIN 3 13 10 13 5.671 -0.525 -1.602
SPIN 3 13 10 14 -0.437 -1.189 -5.779
SPIN 3 13 10 15 4.575 2.702 2.601
SPIN 2 13 10 0 -5.832 -0.897 -0.421
SPIN 2 13 10 1 -5.476 -0.130 -2.234
SPIN 2 13 10 2 -3.155 -0.150 5.002
SPIN 2 13 10 3 1.882 3.232 -4.584
SPIN 2 13 10 4 5.619 0.223 -1.838
SPIN 2 13 10 5 -0.537 1.714 -5.637
SPIN 2 13 10 6 1.183 -2.253 -5.341
SPIN 2 13 10 7 -1.506 4.887 -2.974
SPIN 2 13 10 8 -5.879 0.063 0.663
SPIN 2 13 10 9 -3.714 0.122 4.604
SPIN 2 13 10 10 -3.044 4.021 -3.092
SPIN 2 13 10 11 1.346 1.437 -5.579
SPIN 2 13 10 12 -4.102 -0.857 4.176
SPIN 2 13 10 13 -3.502 2.309 -4.172
SPIN 2 13 10 14 2.038 -2.648 4.882
SPIN 2 13 10 15 5.366 2.470 0.322
SPIN 3 13 11 0 0.307 -4.259 4.095
SPIN 3 13 11 1 -4.854 3.354 0.443
SPIN 3 13 11 2 5.444 1.013 -2.082
SPIN 3 13 11 3 3.089 2.143 -4.568
SPIN 3 13 11 4 4.884 -2.775 1.858
SPIN 3 13 11 5 -2.836 -4.697 2.213
SPIN 3 13 11 6 -1.680 4.609 3.307
SPIN 3 13 11 7 -0.925 4.271 3.988
SPIN 3 13 11 8 -4.381 -0.516 -3.942
SPIN 3 13 11 9 -5.041 -3.042 0.580
SPIN 3 13 11 10 4.033 -3.916 -1.846
SPIN 3 13 11 11 2.152 -1.545 -5.290
SPIN 3 13 11 12 -4.691 3.541 -0.670
SPIN 3 13 11 13 -4.158 2.055 -3.672
SPIN 3 13 11 14 0.586 -5.694 1.494
SPIN 3 13 11 15 -4.174 2.460 3.395
SPIN 2 13 11 0 2.630 4.572 -2.679
SPIN 2 13 11 1 -2.388 -0.779 -5.356
SPIN 2 13 11 2 2.775 4.982 -1.575
SPIN 2 13 11 3 5.696 -0.825 -1.370
SPIN 2 13 11 4 4.281 3.737 -1.645
SPIN 2 13 11 5 -1.384 -5.153 2.557
SPIN 2 13 11 6 -1.792 5.593 0.712
SPIN 2 13 11 7 1.676 0.996 5.585
SPIN 2 13 11 8 -5.864 -0.358 -0.693
SPIN 2 13 11 9 5.266 1.526 -2.223
SPIN 2 13 11 10 3.074 2.302 -4.500
SPIN 2 13 11 11 -5.729 0.948 -1.130
SPIN 2 13 11 12 4.639 -2.263 -2.891
SPIN 2 13 11 13 5.287 -2.399 -1.138
SPIN 2 13 11 14 -4.256 -1.662 -3.759
SPIN 2 13 11 15 -2.954 5.083 0.659
SPIN 3 13 12 0 -5.392 -1.241 -2.095
SPIN 3 13 12 1 2.859 1.969 -4.790
SPIN 3 13 12 2 -5.281 -2.528 -0.850
SPIN 3 13 12 3 -3.383 -4.170 2.484
SPIN 3 13 12 4 -2.782 4.943 1.681
SPIN 3 13 12 5 -5.469 1.732 -1.447
SPIN 3 13 12 6 0.167 -4.469 -3.872
SPIN 3 13 12 7 -2.235 -1.906 5.135
SPIN 3 13 12 8 3.065 4.677 -1.933
SPIN 3 13 12 9 4.754 3.184 1.503
SPIN 3 13 12 10 -3.428 -4.805 0.401
SPIN 3 13 12 11 0.663 5.343 2.452
SPIN 3 13 12 12 -1.582 -3.650 -4.379
SPIN 3 13 12 13 1.737 5.366 1.786
SPIN 3 13 12 14 3.471 2.664 -3.983
SPIN 3 13 12 15 1.149 3.111 4.899
SPIN 2 13 12 0 0.285 -0.415 -5.895
SPIN 2 13 12 1 -3.090 -0.974 4.950
SPIN 2 13 12 2 3.422 4.766 0.756
SPIN 2 13 12 3 0.046 -3.015 -5.090
SPIN 2 13 12 4 -2.618 2.984 4.387
SPIN 2 13 12 5 -1.797 -5.622 0.410
SPIN 2 13 12 6 5.910 -0.035 -0.258
SPIN 2 13 12 7 -2.757 5.212 0.484
SPIN 2 13 12 8 5.199 2.822 0.056
SPIN 2 13 12 9 -5.513 -0.250 -2.131
SPIN 2 13 12 10 1.319 -5.156 -2.583
SPIN 2 13 12 11 -4.395 3.905 -0.663
SPIN 2 13 12 12 4.133 -4.145 -0.857
SPIN 2 13 12 13 -3.696 -4.611 -0.280
SPIN 2 13 12 14 0.673 4.798 3.395
SPIN 2 13 12 15 -1.320 4.985 -2.900
SPIN 3 13 13 0 3.835 -3.963 -2.143
SPIN 3 13 13 1 -2.998 2.311 4.547
SPIN 3 13 13 2 4.574 -0.347 -3.736
SPIN 3 13 13 3 -3.797 3.641 -2.707
SPIN 3 13 13 4 -5.270 -2.617 0.614
SPIN 3 13 13 5 -0.447 -3.588 -4.682
SPIN 3 13 13 6 1.942 -3.243 4.551
SPIN 3 13 13 7 -3.081 2.775 -4.220
SPIN 3 13 13 8 3.293 2.106 -4.441
SPIN 3 13 13 9 0.361 -4.298 4.049
SPIN 3 13 13 10 2.528 5.345 -0.201
SPIN 3 13 13 11 -4.615 -0.691 3.637
SPIN 3 13 13 12 -5.675 -1.099 -1.261
SPIN 3 13 13 13 2.335 0.770 -5.381
SPIN 3 13 13 14 -1.747 -0.485 5.631
SPIN 3 13 13 15 -1.126 5.585 -1.592
SPIN 2 13 13 0 1.184 -3.733 4.434
SPIN 2 13 13 1 -0.121 3.244 -4.946
SPIN 2 13 13 2 5.574 -1.859 -0.687
SPIN 2 13 13 3 1.762 -5.148 2.322
SPIN 2 13 13 4 -1.101 -5.381 -2.199
SPIN 2 13 13 5 4.445 -0.718 -3.837
SPIN 2 13 13 6 -2.842 2.472 -4.562
SPIN 2 13 13 7 1.122 1.218 -5.680
SPIN 2 13 13 8 -3.682 0.137 4.629
SPIN 2 13 13 9 -1.507 -2.007 -5.357
SPIN 2 13 13 10 4.391 0.118 3.963
SPIN 2 13 13 11 5.713 -1.175 -0.993
SPIN 2 13 13 12 0.813 4.336 3.942
SPIN 2 13 13 13 -4.535 3.369 1.755
SPIN 2 13 13 14 -3.683 3.995 -2.340
SPIN 2 13 13 15 -0.215 -5.598 -1.902
SPIN 3 13 14 0 4.086 -1.832 -3.866
SPIN 3 13 14 1 0.728 -1.166 5.754
SPIN 3 13 14 2 1.057 5.211 2.593
SPIN 3 13 14 3 -4.364 -3.748 -1.382
SPIN 3 13 14 4 3.457 -1.423 4.585
SPIN 3 13 14 5 -1.655 -3.384 4.562
SPIN 3 13 14 6 -1.638 3.648 4.360
SPIN 3 13 14 7 -0.503 -3.349 -4.851
SPIN 3 13 14 8 4.189 -3.217 2.664
SPIN 3 13 14 9 5.661 1.477 0.877
SPIN 3 13 14 10 0.132 4.135 -4.229
SPIN 3 13 14 11 -5.072 -2.060 -2.243
SPIN 3 13 14 12 -4.382 3.510 1.864
SPIN 3 13 14 13 3.244 -4.884 -0.788
SPIN 3 13 14 14 -5.672 0.189 1.671
SPIN 3 13 14 15 1.253 3.702 4.441
SPIN 2 13 14 0 0.496 -0.596 -5.865
SPIN 2 13 14 1 -4.803 -3.027 1.665
SPIN 2 13 14 2 -1.639 -0.543 -5.659
SPIN 2 13 14 3 -3.518 -1.619 -4.472
SPIN 2 13 14 4 1.484 3.931 4.165
SPIN 2 13 14 5 4.611 -2.633 2.609
SPIN 2 13 14 6 1.799 -5.301 1.913
SPIN 2 13 14 7 -4.120 1.945 3.774
SPIN 2 13 14 8 4.294 4.008 0.704
SPIN 2 13 14 9 0.932 0.671 5.803
SPIN 2 13 14 10 -1.767 -5.627 0.460
SPIN 2 13 14 11 -1.280 5.077 -2.755
SPIN 2 13 14 12 0.342 -5.563 1.984
SPIN 2 13 14 13 -1.176 4.832 -3.205
SPIN 2 13 14 14 -4.827 -3.374 -0.565
SPIN 2 13 14 15 2.875 2.552 4.497
SPIN 3 13 15 0 -3.559 -4.141 -2.278
SPIN 3 13 15 1 3.877 2.003 3.994
SPIN 3 13 15 2 -1.301 5.751 0.485
SPIN 3 13 15 3 -3.601 -4.308 -1.863
SPIN 3 13 15 4 -0.353 4.747 -3.513
SPIN 3 13 15 5 -1.235 -3.128 4.868
SPIN 3 13 15 6 -3.230 -2.560 -4.244
SPIN 3 13 15 7 5.803 1.076 0.403
SPIN 3 13 15 8 2.770 -3.893 3.489
SPIN 3 13 15 9 -5.262 1.480 2.263
SPIN 3 13 15 10 -4.694 -3.536 0.680
SPIN 3 13 15 11 -3.741 -2.940 3.516
SPIN 3 13 15 12 2.432 -4.690 -2.663
SPIN 3 13 15 13 -4.254 1.441 3.851
SPIN 3 13 15 14 1.950 2.531 -4.979
SPIN 3 13 15 15 -1.923 0.589 5.564
SPIN 2 13 15 0 -2.709 -4.833 2.075
SPIN 2 13 15 1 -1.957 -0.392 -5.569
SPIN 2 13 15 2 2.988 1.761 4.792
SPIN 2 13 15 3 5.790 -0.743 -0.961
SPIN 2 13 15 4 -3.682 -3.560 2.960
SPIN 2 13 15 5 1.222 4.741 3.322
SPIN 2 13 15 6 4.183 -0.278 4.174
SPIN 2 13 15 7 1.178 -5.753 -0.715
SPIN 2 13 15 8 -0.778 5.849 -0.432
SPIN 2 13 15 9 3.802 4.432 0.950
SPIN 2 13 15 10 -4.976 2.809 1.531
SPIN 2 13 15 11 5.112 -2.962 -0.311
SPIN 2 13 15 12 -2.711 2.382 -4.688
SPIN 2 13 15 13 0.454 -5.624 -1.777
SPIN 2 13 15 14 -0.305 -5.854 -0.799
SPIN 2 13 15 15 -4.600 -2.257 -2.957
SPIN 1 14 0 0 0.103 5.777 -1.271
SPIN 1 14 0 1 4.287 4.063 -0.335
SPIN 1 14 0 2 -0.241 -5.703 1.555
SPIN 1 14 0 3 -5.781 -0.975 0.795
SPIN 1 14 0 4 4.053 1.950 3.843
SPIN 1 14 0 5 4.809 -1.287 -3.196
SPIN 1 14 0 6 -0.912 5.803 0.702
SPIN 1 14 0 7 2.806 -3.112 4.177
SPIN 1 14 0 8 4.512 -3.823 -0.154
SPIN 1 14 0 9 -5.611 1.721 0.745
SPIN 1 14 0 10 5.802 0.197 -1.140
SPIN 1 14 0 11 5.286 2.651 0.173
SPIN 1 14 0 12 -0.647 1.669 5.639
SPIN 1 14 0 13 -1.338 4.466 -3.642
SPIN 1 14 0 14 1.738 5.191 2.243
SPIN 1 14 0 15 2.282 -5.368 0.988
SPIN 4 14 0 0 0.349 -5.815 -1.033
SPIN 4 14 0 1 2.767 4.023 3.340
SPIN 4 14 0 2 4.436 3.841 -0.752
SPIN 4 14 0 3 4.634 -0.329 -3.663
SPIN 4 14 0 4 -4.308 -3.735 1.578
SPIN 4 14 0 5 3.908 -4.030 -1.867
SPIN 4 14 0 6 -4.447 -3.002 -2.494
SPIN 4 14 0 7 -4.980 -1.037 -3.020
SPIN 4 14 0 8 -2.451 5.382 0.164
SPIN 4 14 0 9 -4.758 -2.098 2.821
SPIN 4 14 0 10 0.927 0.935 5.768
SPIN 4 14 0 11 -2.776 -4.348 -2.896
SPIN 4 14 0 12 3.750 3.625 2.792
SPIN 4 14 0 13 -2.571 -2.857 4.498
SPIN 4 14 0 14 0.366 5.040 -3.076
SPIN 4 14 0 15 -1.808 0.333 5.623
SPIN 1 14 1 0 -0.500 -4.557 3.740
SPIN 1 14 1 1 -5.284 -1.310 -2.315
SPIN 1 14 1 2 0.613 2.701 -5.228
SPIN 1 14 1 3 1.234 -5.239 -2.455
SPIN 1 14 1 4 1.886 3.651 -4.256
SPIN 1 14 1 5 4.521 -2.769 -2.625
SPIN 1 14 1 6 -3.844 0.198 4.493
SPIN 1 14 1 7 3.674 1.234 -4.469
SPIN 1 14 1 8 -0.955 -5.737 1.083
SPIN 1 14 1 9 5.913 0.188 -0.075
SPIN 1 14 1 10 -3.260 -2.888 -4.004
SPIN 1 14 1 11 -2.204 1.983 -5.120
SPIN 1 14 1 12 -3.495 -4.723 -0.689
SPIN 1 14 1 13 3.086 -2.890 4.138
SPIN 1 14 1 14 0.680 -2.838 -5.146
SPIN 1 14 1 15 3.861 1.889 4.064
SPIN 4 14 1 0 3.782 2.324 -3.911
SPIN 4 14 1 1 -4.042 -3.456 2.591
SPIN 4 14 1 2 4.299 1.273 -3.860
SPIN 4 14 1 3 4.839 -0.590 -3.352
SPIN 4 14 1 4 -5.463 0.318 2.247
SPIN 4 14 1 5 -0.119 -5.321 -2.583
SPIN 4 14 1 6 5.831 0.696 0.715
SPIN 4 14 1 7 -1.589 4.244 3.804
SPIN 4 14 1 8 2.174 -4.164 3.597
SPIN 4 14 1 9 3.665 2.991 -3.553
SPIN 4 14 1 10 -5.376 -1.874 -1.610
SPIN 4 14 1 11 -2.908 0.310 5.143
SPIN 4 14 1 12 5.523 -1.496 1.503
SPIN 4 14 1 13 -1.149 5.098 -2.774
SPIN 4 14 1 14 -2.076 0.920 5.463
SPIN 4 14 1 15 -4.769 0.289 -3.489
SPIN 1 14 2 0 2.063 -0.287 -5.537
SPIN 1 14 2 1 1.082 -2.637 5.184
SPIN 1 14 2 2 2.940 -1.070 5.021
SPIN 1 14 2 3 0.396 -5.901 -0.156
SPIN 1 14 2 4 4.751 -1.362 -3.252
SPIN 1 14 2 5 -3.745 2.667 3.724
SPIN 1 14 2 6 -5.363 -2.319 -0.926
SPIN 1 14 2 7 -0.582 -5.282 2.600
SPIN 1 14 2 8 1.376 -0.707 -5.710
SPIN 1 14 2 9 3.240 -4.830 1.085
SPIN 1 14 2 10 4.293 4.006 0.721
SPIN 1 14 2 11 1.474 2.017 5.363
SPIN 1 14 2 12 -5.338 -0.514 -2.499
SPIN 1 14 2 13 -0.120 1.429 5.740
SPIN 1 14 2 14 5.185 -2.848 -0.024
SPIN 1 14 2 15 2.181 -3.078 4.557
SPIN 4 14 2 0 -2.506 0.979 -5.269
SPIN 4 14 2 1 5.653 -1.450 -0.971
SPIN 4 14 2 2 2.452 -1.525 5.163
SPIN 4 14 2 3 5.215 -0.006 2.793
SPIN 4 14 2 4 -4.121 -4.204 0.586
SPIN 4 14 2 5 5.726 0.744 -1.287
SPIN 4 14 2 6 -3.990 -2.280 -3.726
SPIN 4 14 2 7 -2.696 -0.182 -5.263
SPIN 4 14 2 8 -2.398 3.138 4.405
SPIN 4 14 2 9 -2.643 -0.239 5.288
SPIN 4 14 2 10 -1.463 -1.970 -5.383
SPIN 4 14 2 11 -0.340 -5.812 -1.049
SPIN 4 14 2 12 2.138 5.453 -0.834
SPIN 4 14 2 13 -0.846 -1.018 5.766
SPIN 4 14 2 14 4.274 1.043 -3.956
SPIN 4 14 2 15 -5.507 0.180 2.155
SPIN 1 14 3 0 0.736 0.242 5.865
SPIN 1 14 3 1 0.248 -4.458 -3.881
SPIN 1 14 3 2 -5.732 1.431 0.308
SPIN 1 14 3 3 0.488 1.476 -5.708
SPIN 1 14 3 4 -5.249 -0.139 2.725
SPIN 1 14 3 5 1.531 1.165 -5.594
SPIN 1 14 3 6 2.706 -4.202 3.166
SPIN 1 14 3 7 3.984 4.243 1.059
SPIN 1 14 3 8 -2.598 -2.340 4.772
SPIN 1 14 3 9 -2.572 -3.262 -4.212
SPIN 1 14 3 10 1.276 5.717 0.827
SPIN 1 14 3 11 0.352 -4.796 3.446
SPIN 1 14 3 12 -4.424 3.842 -0.816
SPIN 1 14 3 13 2.406 1.975 5.031
SPIN 1 14 3 14 -4.601 2.182 -3.011
SPIN 1 14 3 15 1.362 -5.463 1.816
SPIN 4 14 3 0 2.501 -2.580 4.700
SPIN 4 14 3 1 -1.585 -0.132 -5.698
SPIN 4 14 3 2 -2.758 4.309 2.971
SPIN 4 14 3 3 4.636 1.884 3.155
SPIN 4 14 3 4 2.184 3.260 4.428
SPIN 4 14 3 5 -4.767 -0.710 -3.431
SPIN 4 14 3 6 5.129 2.879 0.639
SPIN 4 14 3 7 5.779 -1.183 -0.450
SPIN 4 14 3 8 -2.823 5.080 -1.108
SPIN 4 14 3 9 -4.876 -2.609 2.101
SPIN 4 14 3 10 3.862 -4.423 0.723
SPIN 4 14 3 11 -1.381 5.750 -0.168
SPIN 4 14 3 12 5.052 1.747 2.536
SPIN 4 14 3 13 4.210 2.050 -3.616
SPIN 4 14 3 14 -2.507 -4.734 -2.510
SPIN 4 14 3 15 -2.909 -1.021 -5.049
SPIN 1 14 4 0 1.342 -0.132 -5.760
SPIN 1 14 4 1 -4.983 1.253 -2.933
SPIN 1 14 4 2 1.705 0.833 5.604
SPIN 1 14 4 3 1.097 -2.306 -5.336
SPIN 1 14 4 4 3.928 -4.084 -1.700
SPIN 1 14 4 5 -1.559 5.476 -1.608
SPIN 1 14 4 6 -3.300 -1.027 4.802
SPIN 1 14 4 7 1.568 -4.382 -3.652
SPIN 1 14 4 8 -5.651 1.056 1.398
SPIN 1 14 4 9 -4.199 4.059 -0.945
SPIN 1 14 4 10 -3.854 -3.788 -2.408
SPIN 1 14 4 11 2.043 2.453 4.981
SPIN 1 14 4 12 -4.657 -3.303 -1.551
SPIN 1 14 4 13 -5.485 -1.651 -1.478
SPIN 1 14 4 14 4.305 2.811 2.926
SPIN 1 14 4 15 4.071 4.259 -0.541
SPIN 4 14 4 0 3.005 -2.635 -4.362
SPIN 4 14 4 1 4.859 1.786 2.864
SPIN 4 14 4 2 1.628 -4.872 2.935
SPIN 4 14 4 3 4.759 2.704 -2.245
SPIN 4 14 4 4 -1.034 -4.787 -3.319
SPIN 4 14 4 5 -1.136 4.025 -4.184
SPIN 4 14 4 6 -3.715 -3.871 2.493
SPIN 4 14 4 7 -3.115 3.893 3.184
SPIN 4 14 4 8 5.384 -2.451 0.073
SPIN 4 14 4 9 1.565 3.126 4.772
SPIN 4 14 4 10 2.249 -5.441 0.578
SPIN 4 14 4 11 4.031 -0.552 -4.295
SPIN 4 14 4 12 -5.433 -1.402 1.874
SPIN 4 14 4 13 4.691 -3.009 1.985
SPIN 4 14 4 14 -4.574 -2.605 2.701
SPIN 4 14 4 15 -5.059 0.149 3.063
SPIN 1 14 5 0 -2.981 -1.557 -4.867
SPIN 1 14 5 1 -5.694 -0.039 1.606
SPIN 1 14 5 2 2.823 4.526 2.559
SPIN 1 14 5 3 -0.424 -5.647 -1.711
SPIN 1 14 5 4 3.878 3.226 3.090
SPIN 1 14 5 5 4.653 1.007 3.512
SPIN 1 14 5 6 -4.650 -2.021 3.048
SPIN 1 14 5 7 1.296 -5.759 0.395
SPIN 1 14 5 8 0.341 3.054 5.055
SPIN 1 14 5 9 0.005 -4.110 -4.255
SPIN 1 14 5 10 3.853 2.392 3.799
SPIN 1 14 5 11 -5.383 -1.917 1.534
SPIN 1 14 5 12 -2.465 -4.482 -2.972
SPIN 1 14 5 13 -1.113 5.239 -2.513
SPIN 1 14 5 14 -4.723 0.993 3.422
SPIN 1 14 5 15 -5.390 -0.304 -2.421
SPIN 4 14 5 0 4.465 1.551 3.557
SPIN 4 14 5 1 4.005 -3.772 2.176
SPIN 4 14 5 2 -0.724 2.559 5.285
SPIN 4 14 5 3 0.255 -4.592 -3.722
SPIN 4 14 5 4 -3.359 4.867 -0.157
SPIN 4 14 5 5 -5.029 -2.611 1.700
SPIN 4 14 5 6 5.743 0.259 -1.399
SPIN 4 14 5 7 -4.570 -3.115 2.101
SPIN 4 14 5 8 0.817 -1.754 5.591
SPIN 4 14 5 9 -1.510 -3.420 -4.585
SPIN 4 14 5 10 -3.612 -0.972 -4.583
SPIN 4 14 5 11 2.746 3.956 -3.436
SPIN 4 14 5 12 5.041 -0.445 3.065
SPIN 4 14 5 13 -5.365 -0.388 -2.463
SPIN 4 14 5 14 5.729 -1.393 0.489
SPIN 4 14 5 15 -4.429 1.194 3.736
SPIN 1 14 6 0 1.353 4.096 -4.048
SPIN 1 14 6 1 -3.734 -3.285 3.204
SPIN 1 14 6 2 5.881 0.550 0.325
SPIN 1 14 6 3 -5.081 -2.025 2.254
SPIN 1 14 6 4 -1.079 -1.072 -5.717
SPIN 1 14 6 5 -4.643 0.651 3.608
SPIN 1 14 6 6 -3.354 3.434 -3.458
SPIN 1 14 6 7 1.106 0.258 -5.806
SPIN 1 14 6 8 -2.508 -4.019 3.544
SPIN 1 14 6 9 -2.661 5.283 -0.066
SPIN 1 14 6 10 2.277 5.446 -0.396
SPIN 1 14 6 11 -4.513 -3.351 -1.845
SPIN 1 14 6 12 -1.744 5.084 -2.471
SPIN 1 14 6 13 -4.112 0.506 -4.223
SPIN 1 14 6 14 -5.254 -2.027 1.813
SPIN 1 14 6 15 -3.771 0.347 4.545
SPIN 4 14 6 0 1.489 5.724 -0.123
SPIN 4 14 6 1 -1.594 4.389 3.632
SPIN 4 14 6 2 5.706 -1.206 -0.992
SPIN 4 14 6 3 0.779 5.859 0.263
SPIN 4 14 6 4 -2.211 -4.616 -2.967
SPIN 4 14 6 5 -1.253 5.318 2.269
SPIN 4 14 6 6 -1.771 0.612 -5.611
SPIN 4 14 6 7 -3.157 4.802 -1.403
SPIN 4 14 6 8 -4.390 -3.786 -1.180
SPIN 4 14 6 9 -0.764 5.146 2.816
SPIN 4 14 6 10 1.126 4.460 -3.721
SPIN 4 14 6 11 -2.767 -3.787 3.606
SPIN 4 14 6 12 -2.815 -0.626 -5.166
SPIN 4 14 6 13 -2.424 -1.183 5.265
SPIN 4 14 6 14 3.696 0.690 -4.568
SPIN 4 14 6 15 -4.305 2.134 3.451
SPIN 1 14 7 0 5.288 2.653 -0.031
SPIN 1 14 7 1 0.190 1.232 -5.783
SPIN 1 14 7 2 -5.078 0.896 -2.900
SPIN 1 14 7 3 -4.113 -0.690 4.196
SPIN 1 14 7 4 5.378 -2.393 0.592
SPIN 1 14 7 5 -1.961 -4.578 -3.194
SPIN 1 14 7 6 1.890 5.501 -1.078
SPIN 1 14 7 7 -3.484 -4.445 1.762
SPIN 1 14 7 8 -2.911 -2.685 4.395
SPIN 1 14 7 9 -2.096 4.782 -2.781
SPIN 1 14 7 10 5.711 -0.724 -1.366
SPIN 1 14 7 11 1.707 -3.527 -4.432
SPIN 1 14 7 12 -0.452 -3.784 4.525
SPIN 1 14 7 13 3.263 -1.678 -4.640
SPIN 1 14 7 14 3.905 4.225 1.376
SPIN 1 14 7 15 -4.444 -3.860 0.592
SPIN 4 14 7 0 -0.790 -4.813 -3.348
SPIN 4 14 7 1 -2.747 -1.262 5.085
SPIN 4 14 7 2 5.209 1.682 2.245
SPIN 4 14 7 3 0.231 -5.898 -0.403
SPIN 4 14 7 4 -0.825 5.335 -2.419
SPIN 4 14 7 5 5.511 0.464 2.100
SPIN 4 14 7 6 4.876 -1.131 3.154
SPIN 4 14 7 7 -1.077 -2.518 5.244
SPIN 4 14 7 8 0.456 5.868 -0.594
SPIN 4 14 7 9 0.448 -5.454 2.248
SPIN 4 14 7 10 -0.995 1.327 -5.679
SPIN 4 14 7 11 5.202 2.401 1.475
SPIN 4 14 7 12 5.305 1.857 1.846
SPIN 4 14 7 13 3.531 0.333 4.735
SPIN 4 14 7 14 -5.661 -1.169 -1.260
SPIN 4 14 7 15 -0.398 -2.455 5.368
SPIN 1 14 8 0 0.297 3.259 -4.929
SPIN 1 14 8 1 -1.825 -3.468 4.432
SPIN 1 14 8 2 -1.624 0.506 -5.666
SPIN 1 14 8 3 2.574 -4.976 -1.902
SPIN 1 14 8 4 -1.967 1.357 -5.412
SPIN 1 14 8 5 -3.173 -4.991 -0.157
SPIN 1 14 8 6 -3.895 -4.389 0.754
SPIN 1 14 8 7 -1.515 3.726 -4.338
SPIN 1 14 8 8 -0.742 -4.862 3.287
SPIN 1 14 8 9 2.272 4.183 -3.513
SPIN 1 14 8 10 -5.698 0.581 1.483
SPIN 1 14 8 11 0.060 5.665 -1.705
SPIN 1 14 8 12 -1.449 -3.928 -4.180
SPIN 1 14 8 13 2.765 3.397 3.977
SPIN 1 14 8 14 -0.722 -5.645 -1.615
SPIN 1 14 8 15 -0.443 5.185 -2.814
SPIN 4 14 8 0 5.542 -0.816 1.902
SPIN 4 14 8 1 4.055 2.117 3.752
SPIN 4 14 8 2 0.141 -4.564 -3.761
SPIN 4 14 8 3 -4.430 3.641 -1.456
SPIN 4 14 8 4 5.325 -2.325 1.115
SPIN 4 14 8 5 -0.211 0.503 5.891
SPIN 4 14 8 6 -1.104 4.127 4.093
SPIN 4 14 8 7 0.970 5.357 -2.316
SPIN 4 14 8 8 5.721 -1.437 -0.449
SPIN 4 14 8 9 1.998 3.058 -4.654
SPIN 4 14 8 10 -0.039 -5.668 1.695
SPIN 4 14 8 11 -3.875 0.181 4.466
SPIN 4 14 8 12 -3.457 3.520 3.266
SPIN 4 14 8 13 0.546 5.877 -0.407
SPIN 4 14 8 14 4.769 2.606 2.339
SPIN 4 14 8 15 5.796 -0.974 -0.676
SPIN 1 14 9 0 1.716 -4.389 3.577
SPIN 1 14 9 1 3.074 -0.795 -4.992
SPIN 1 14 9 2 0.715 -5.404 2.300
SPIN 1 14 9 3 0.757 5.830 0.661
SPIN 1 14 9 4 -5.101 -2.905 -0.734
SPIN 1 14 9 5 2.652 4.329 -3.037
SPIN 1 14 9 6 0.809 -3.969 -4.312
SPIN 1 14 9 7 -2.555 -1.848 -5.006
SPIN 1 14 9 8 -2.014 -5.192 -1.996
SPIN 1 14 9 9 2.852 -3.314 -3.985
SPIN 1 14 9 10 -2.924 3.766 -3.502
SPIN 1 14 9 11 0.978 -5.544 1.820
SPIN 1 14 9 12 4.615 2.535 -2.697
SPIN 1 14 9 13 -5.630 1.183 -1.379
SPIN 1 14 9 14 -1.671 -2.048 -5.293
SPIN 1 14 9 15 2.334 -5.316 -1.139
SPIN 4 14 9 0 1.283 0.583 -5.746
SPIN 4 14 9 1 -5.478 1.596 1.563
SPIN 4 14 9 2 -2.991 -1.379 -4.915
SPIN 4 14 9 3 3.504 -4.197 2.260
SPIN 4 14 9 4 -5.067 2.028 2.284
SPIN 4 14 9 5 3.028 5.003 -0.892
SPIN 4 14 9 6 1.630 5.668 -0.471
SPIN 4 14 9 7 4.210 -1.120 4.003
SPIN 4 14 9 8 -4.764 2.394 2.564
SPIN 4 14 9 9 2.173 0.499 5.480
SPIN 4 14 9 10 -2.386 -1.312 -5.252
SPIN 4 14 9 11 -0.247 5.623 -1.823
SPIN 4 14 9 12 5.667 -0.832 1.480
SPIN 4 14 9 13 -2.401 0.218 -5.402
SPIN 4 14 9 14 1.677 -3.932 -4.090
SPIN 4 14 9 15 -2.755 2.962 -4.317
SPIN 1 14 10 0 -1.977 4.821 2.801
SPIN 1 14 10 1 0.647 -5.523 -2.019
SPIN 1 14 10 2 -4.572 1.645 -3.375
SPIN 1 14 10 3 0.588 5.659 -1.620
SPIN 1 14 10 4 -1.138 -5.325 2.312
SPIN 1 14 10 5 -2.068 5.021 2.348
SPIN 1 14 10 6 -4.185 -3.828 1.682
SPIN 1 14 10 7 -3.099 4.400 2.457
SPIN 1 14 10 8 4.626 0.064 -3.688
SPIN 1 14 10 9 -0.408 5.155 -2.874
SPIN 1 14 10 10 2.611 0.471 5.288
SPIN 1 14 10 11 5.139 -1.779 2.329
SPIN 1 14 10 12 -1.939 -5.443 -1.270
SPIN 1 14 10 13 -3.788 4.438 -0.978
SPIN 1 14 10 14 -1.560 1.217 5.575
SPIN 1 14 10 15 0.195 -4.038 4.319
SPIN 4 14 10 0 -2.765 3.527 -3.862
SPIN 4 14 10 1 5.053 -0.514 3.033
SPIN 4 14 10 2 -3.573 2.838 -3.765
SPIN 4 14 10 3 -0.375 -0.827 5.846
SPIN 4 14 10 4 -1.458 -2.281 -5.260
SPIN 4 14 10 5 -1.861 1.466 5.421
SPIN 4 14 10 6 4.037 -2.071 3.797
SPIN 4 14 10 7 -3.797 -4.508 0.508
SPIN 4 14 10 8 -2.986 -1.436 -4.901
SPIN 4 14 10 9 -1.831 2.136 5.204
SPIN 4 14 10 10 0.359 5.807 -1.075
SPIN 4 14 10 11 1.713 -1.202 5.534
SPIN 4 14 10 12 -2.263 -5.424 -0.680
SPIN 4 14 10 13 1.582 -5.665 -0.634
SPIN 4 14 10 14 -3.904 -0.354 4.431
SPIN 4 14 10 15 5.458 -0.593 2.204
SPIN 1 14 11 0 0.088 -0.411 -5.901
SPIN 1 14 11 1 -4.448 1.668 3.526
SPIN 1 14 11 2 0.586 -4.727 -3.509
SPIN 1 14 11 3 -4.580 2.970 2.282
SPIN 1 14 11 4 3.928 3.558 -2.630
SPIN 1 14 11 5 -0.133 -3.922 -4.427
SPIN 1 14 11 6 1.364 -1.086 -5.653
SPIN 1 14 11 7 2.864 0.513 -5.151
SPIN 1 14 11 8 4.044 4.281 -0.569
SPIN 1 14 11 9 -0.188 -0.083 5.913
SPIN 1 14 11 10 2.974 5.082 0.569
SPIN 1 14 11 11 3.200 -3.696 -3.331
SPIN 1 14 11 12 -5.491 -0.078 2.201
SPIN 1 14 11 13 5.244 -2.678 0.576
SPIN 1 14 11 14 2.631 -4.304 -3.091
SPIN 1 14 11 15 3.131 4.985 -0.588
SPIN 4 14 11 0 3.339 -3.398 3.507
SPIN 4 14 11 1 -5.542 0.067 2.070
SPIN 4 14 11 2 -2.962 -5.117 -0.223
SPIN 4 14 11 3 0.593 3.404 -4.802
SPIN 4 14 11 4 -0.625 2.190 5.460
SPIN 4 14 11 5 1.089 2.949 5.012
SPIN 4 14 11 6 2.590 -2.331 4.781
SPIN 4 14 11 7 5.837 -0.372 0.893
SPIN 4 14 11 8 -2.694 -4.749 -2.277
SPIN 4 14 11 9 -2.201 4.895 -2.490
SPIN 4 14 11 10 -3.155 1.114 4.879
SPIN 4 14 11 11 3.620 -4.295 -1.857
SPIN 4 14 11 12 -2.142 3.665 4.121
SPIN 4 14 11 13 -3.616 4.132 2.202
SPIN 4 14 11 14 0.861 -3.938 4.330
SPIN 4 14 11 15 2.514 -4.631 -2.691
SPIN 1 14 12 0 4.906 2.851 1.673
SPIN 1 14 12 1 -3.123 -4.032 -2.999
SPIN 1 14 12 2 3.725 -4.592 -0.194
SPIN 1 14 12 3 -2.983 0.017 5.109
SPIN 1 14 12 4 -5.281 2.667 0.029
SPIN 1 14 12 5 4.453 -2.355 -3.102
SPIN 1 14 12 6 -4.260 3.115 2.673
SPIN 1 14 12 7 0.992 5.031 2.950
SPIN 1 14 12 8 -3.872 -3.295 3.024
SPIN 1 14 12 9 2.533 -5.338 -0.297
SPIN 1 14 12 10 -1.114 2.734 -5.127
SPIN 1 14 12 11 3.389 -3.828 -2.977
SPIN 1 14 12 12 1.253 5.736 0.725
SPIN 1 14 12 13 0.919 5.461 -2.082
SPIN 1 14 12 14 5.425 -2.352 0.182
SPIN 1 14 12 15 -3.472 -0.234 -4.784
SPIN 4 14 12 0 -3.157 2.720 -4.199
SPIN 4 14 12 1 -3.144 4.188 -2.752
SPIN 4 14 12 2 5.097 -0.971 2.842
SPIN 4 14 12 3 2.254 0.954 5.386
SPIN 4 14 12 4 1.672 -5.449 -1.586
SPIN 4 14 12 5 -4.082 -2.688 -3.334
SPIN 4 14 12 6 0.174 5.299 2.625
SPIN 4 14 12 7 -1.867 -5.245 2.000
SPIN 4 14 12 8 4.868 3.108 1.280
SPIN 4 14 12 9 3.109 -1.104 -4.911
SPIN 4 14 12 10 3.824 -2.676 -3.636
SPIN 4 14 12 11 -5.116 2.484 -1.629
SPIN 4 14 12 12 4.311 -2.417 3.252
SPIN 4 14 12 13 -1.544 -5.683 -0.568
SPIN 4 14 12 14 -1.265 5.659 1.174
SPIN 4 14 12 15 0.712 0.781 5.821
SPIN 1 14 13 0 -3.623 -0.234 4.671
SPIN 1 14 13 1 0.688 3.933 4.365
SPIN 1 14 13 2 3.026 -3.337 3.835
SPIN 1 14 13 3 -4.784 1.298 3.230
SPIN 1 14 13 4 4.989 -2.200 -2.295
SPIN 1 14 13 5 -1.523 5.318 2.098
SPIN 1 14 13 6 -4.974 -2.998 1.127
SPIN 1 14 13 7 3.087 -1.205 4.901
SPIN 1 14 13 8 -4.606 -1.037 -3.564
SPIN 1 14 13 9 -5.265 2.515 0.975
SPIN 1 14 13 10 0.320 4.672 -3.615
SPIN 1 14 13 11 1.997 4.269 3.576
SPIN 1 14 13 12 -0.583 4.754 3.473
SPIN 1 14 13 13 3.030 0.376 5.067
SPIN 1 14 13 14 -5.447 0.301 2.289
SPIN 1 14 13 15 0.886 5.422 -2.194
SPIN 4 14 13 0 -1.791 -1.591 5.409
SPIN 4 14 13 1 -3.654 1.037 -4.536
SPIN 4 14 13 2 3.718 3.026 -3.467
SPIN 4 14 13 3 4.964 1.962 -2.551
SPIN 4 14 13 4 -5.287 -1.114 -2.410
SPIN 4 14 13 5 -0.209 -4.029 -4.327
SPIN 4 14 13 6 3.883 2.859 -3.427
SPIN 4 14 13 7 1.978 1.920 -5.235
SPIN 4 14 13 8 -4.069 -3.940 -1.711
SPIN 4 14 13 9 -3.062 0.512 5.036
SPIN 4 14 13 10 -3.523 1.565 4.487
SPIN 4 14 13 11 -0.097 -5.884 0.610
SPIN 4 14 13 12 -4.077 3.569 -2.376
SPIN 4 14 13 13 5.589 0.381 -1.902
SPIN 4 14 13 14 3.761 3.094 -3.358
SPIN 4 14 13 15 4.629 1.265 -3.461
SPIN 1 14 14 0 0.531 -5.256 -2.662
SPIN 1 14 14 1 -2.763 -5.195 -0.615
SPIN 1 14 14 2 -2.469 1.864 5.043
SPIN 1 14 14 3 1.538 2.364 -5.201
SPIN 1 14 14 4 3.809 0.641 -4.481
SPIN 1 14 14 5 4.193 -1.081 -4.031
SPIN 1 14 14 6 -2.592 3.922 3.591
SPIN 1 14 14 7 -2.792 -5.167 -0.711
SPIN 1 14 14 8 5.399 1.041 2.183
SPIN 1 14 14 9 -3.361 -3.452 3.433
SPIN 1 14 14 10 2.760 -4.175 3.155
SPIN 1 14 14 11 3.350 0.173 -4.873
SPIN 1 14 14 12 3.816 4.418 -0.957
SPIN 1 14 14 13 2.140 -2.997 -4.630
SPIN 1 14 14 14 0.669 -5.627 -1.699
SPIN 1 14 14 15 2.006 -1.245 5.425
SPIN 4 14 14 0 3.099 -4.982 0.757
SPIN 4 14 14 1 -2.207 -1.659 5.232
SPIN 4 14 14 2 -0.765 4.968 3.120
SPIN 4 14 14 3 2.897 -4.845 1.771
SPIN 4 14 14 4 -4.260 2.374 3.349
SPIN 4 14 14 5 -2.020 5.551 0.326
SPIN 4 14 14 6 -1.293 -5.241 -2.421
SPIN 4 14 14 7 -5.154 -0.230 -2.896
SPIN 4 14 14 8 -2.606 5.307 -0.217
SPIN 4 14 14 9 -4.444 3.655 -1.376
SPIN 4 14 14 10 3.796 3.049 3.360
SPIN 4 14 14 11 -5.579 1.519 1.250
SPIN 4 14 14 12 5.436 -1.419 -1.854
SPIN 4 14 14 13 -0.823 -1.353 5.700
SPIN 4 14 14 14 3.271 4.749 -1.323
SPIN 4 14 14 15 -5.685 1.261 1.043
SPIN 1 14 15 0 -3.534 -4.120 2.354
SPIN 1 14 15 1 1.063 -0.705 5.777
SPIN 1 14 15 2 -1.973 1.943 -5.228
SPIN 1 14 15 3 -4.830 -0.386 3.394
SPIN 1 14 15 4 2.104 1.740 5.249
SPIN 1 14 15 5 5.031 2.296 2.102
SPIN 1 14 15 6 -2.636 2.574 -4.629
SPIN 1 14 15 7 -5.269 -1.721 2.067
SPIN 1 14 15 8 -5.164 2.374 -1.641
SPIN 1 14 15 9 -0.741 4.776 -3.412
SPIN 1 14 15 10 -4.188 -3.771 1.801
SPIN 1 14 15 11 5.367 2.312 -0.925
SPIN 1 14 15 12 -4.541 -3.114 2.164
SPIN 1 14 15 13 -2.194 -2.872 -4.684
SPIN 1 14 15 14 0.882 5.211 -2.659
SPIN 1 14 15 15 4.936 -0.068 -3.260
SPIN 4 14 15 0 2.295 3.352 4.301
SPIN 4 14 15 1 -0.437 5.871 0.587
SPIN 4 14 15 2 -4.687 -1.522 -3.274
SPIN 4 14 15 3 3.000 -4.165 -2.941
SPIN 4 14 15 4 -1.774 -1.685 -5.387
SPIN 4 14 15 5 -5.827 0.969 0.324
SPIN 4 14 15 6 5.387 -1.052 2.207
SPIN 4 14 15 7 -3.588 -1.681 -4.393
SPIN 4 14 15 8 1.648 -2.093 5.282
SPIN 4 14 15 9 -4.251 -4.009 0.927
SPIN 4 14 15 10 -3.352 0.125 -4.873
SPIN 4 14 15 11 -0.478 5.895 0.146
SPIN 4 14 15 12 3.851 -1.644 4.180
SPIN 4 14 15 13 0.558 5.879 -0.360
SPIN 4 14 15 14 -3.061 -4.822 1.541
SPIN 4 14 15 15 1.593 4.390 -3.631
SPIN 3 14 0 0 4.399 -3.654 -1.516
SPIN 3 14 0 1 -4.604 -3.676 0.536
SPIN 3 14 0 2 0.779 0.825 -5.806
SPIN 3 14 0 3 4.512 -2.338 3.030
SPIN 3 14 0 4 -5.110 1.579 -2.528
SPIN 3 14 0 5 2.772 4.402 2.818
SPIN 3 14 0 6 2.157 5.321 1.424
SPIN 3 14 0 7 -5.414 -2.228 -0.852
SPIN 3 14 0 8 2.379 5.281 1.204
SPIN 3 14 0 9 -0.549 -4.655 -3.610
SPIN 3 14 0 10 -2.936 4.915 -1.490
SPIN 3 14 0 11 0.307 4.156 4.199
SPIN 3 14 0 12 3.750 1.604 -4.285
SPIN 3 14 0 13 4.276 -3.862 -1.343
SPIN 3 14 0 14 -4.848 0.897 -3.270
SPIN 3 14 0 15 -3.654 4.612 0.621
SPIN 2 14 0 0 -3.418 -0.217 4.824
SPIN 2 14 0 1 4.541 2.088 3.165
SPIN 2 14 0 2 -1.938 -5.532 -0.805
SPIN 2 14 0 3 -0.876 5.772 -0.959
SPIN 2 14 0 4 2.503 -5.356 -0.210
SPIN 2 14 0 5 5.913 0.109 -0.160
SPIN 2 14 0 6 -1.477 5.673 0.794
SPIN 2 14 0 7 2.148 -1.862 5.188
SPIN 2 14 0 8 -4.902 -2.139 2.528
SPIN 2 14 0 9 -3.556 -0.979 -4.626
SPIN 2 14 0 10 2.745 1.502 -5.021
SPIN 2 14 0 11 4.333 -4.014 0.336
SPIN 2 14 0 12 -0.209 4.916 3.285
SPIN 2 14 0 13 -0.658 -5.692 -1.471
SPIN 2 14 0 14 -0.838 5.505 1.997
SPIN 2 14 0 15 -0.453 -0.315 5.890
SPIN 3 14 1 0 -5.499 0.175 2.175
SPIN 3 14 1 1 3.892 0.738 4.394
SPIN 3 14 1 2 -4.333 -0.069 -4.028
SPIN 3 14 1 3 -2.540 0.040 5.343
SPIN 3 14 1 4 -5.035 1.889 -2.466
SPIN 3 14 1 5 3.221 4.161 -2.703
SPIN 3 14 1 6 -1.863 -5.587 0.561
SPIN 3 14 1 7 -0.631 -0.048 -5.882
SPIN 3 14 1 8 2.067 -5.117 -2.132
SPIN 3 14 1 9 0.786 2.179 5.444
SPIN 3 14 1 10 0.792 5.452 2.156
SPIN 3 14 1 11 1.202 -2.758 -5.094
SPIN 3 14 1 12 -4.489 3.089 2.302
SPIN 3 14 1 13 2.693 3.895 3.547
SPIN 3 14 1 14 -5.690 1.298 0.971
SPIN 3 14 1 15 3.384 1.749 -4.526
SPIN 2 14 1 0 3.765 3.298 3.154
SPIN 2 14 1 1 -4.416 -3.842 -0.858
SPIN 2 14 1 2 5.517 -0.673 -2.027
SPIN 2 14 1 3 -5.839 0.298 -0.902
SPIN 2 14 1 4 4.577 3.528 1.266
SPIN 2 14 1 5 1.322 2.317 5.281
SPIN 2 14 1 6 4.043 -2.459 -3.551
SPIN 2 14 1 7 -0.614 -5.863 -0.498
SPIN 2 14 1 8 1.279 5.400 -2.050
SPIN 2 14 1 9 -2.387 2.927 4.554
SPIN 2 14 1 10 -1.054 -4.725 3.400
SPIN 2 14 1 11 0.058 3.934 4.418
SPIN 2 14 1 12 3.958 4.288 -0.971
SPIN 2 14 1 13 -2.896 3.008 -4.191
SPIN 2 14 1 14 0.680 -4.785 3.412
SPIN 2 14 1 15 -4.464 3.521 -1.635
SPIN 3 14 2 0 0.321 -3.335 -4.876
SPIN 3 14 2 1 -5.912 -0.069 0.208
SPIN 3 14 2 2 -4.127 -0.659 4.187
SPIN 3 14 2 3 -2.779 1.188 -5.086
SPIN 3 14 2 4 5.540 0.729 1.943
SPIN 3 14 2 5 -3.895 -4.159 -1.592
SPIN 3 14 2 6 2.428 5.261 1.192
SPIN 3 14 2 7 5.867 0.094 -0.754
SPIN 3 14 2 8 -3.720 4.247 1.769
SPIN 3 14 2 9 -0.732 -2.913 5.097
SPIN 3 14 2 10 5.131 0.937 -2.793
SPIN 3 14 2 11 -1.892 -4.788 -2.915
SPIN 3 14 2 12 5.774 -0.807 -1.007
SPIN 3 14 2 13 0.828 4.051 -4.231
SPIN 3 14 2 14 -3.584 -4.578 1.092
SPIN 3 14 2 15 3.965 -4.220 1.214
SPIN 2 14 2 0 2.375 5.190 -1.555
SPIN 2 14 2 1 -5.428 1.084 2.088
SPIN 2 14 2 2 1.969 5.119 -2.218
SPIN 2 14 2 3 2.902 -1.102 -5.037
SPIN 2 14 2 4 -1.117 5.809 0.079
SPIN 2 14 2 5 -3.950 -1.766 4.035
SPIN 2 14 2 6 0.959 -2.705 5.173
SPIN 2 14 2 7 -2.153 3.174 -4.505
SPIN 2 14 2 8 -1.253 -3.508 4.596
SPIN 2 14 2 9 1.579 0.548 -5.675
SPIN 2 14 2 10 -1.279 4.599 3.494
SPIN 2 14 2 11 2.807 -4.343 -2.874
SPIN 2 14 2 12 -0.359 3.657 4.636
SPIN 2 14 2 13 -4.683 -2.930 2.118
SPIN 2 14 2 14 -5.742 1.398 0.280
SPIN 2 14 2 15 -2.998 -0.322 -5.090
SPIN 3 14 3 0 -4.452 1.514 3.590
SPIN 3 14 3 1 5.356 2.502 -0.223
SPIN 3 14 3 2 -2.960 4.154 -2.997
SPIN 3 14 3 3 2.157 -5.491 -0.435
SPIN 3 14 3 4 -4.203 2.550 3.291
SPIN 3 14 3 5 1.545 5.156 -2.455
SPIN 3 14 3 6 -3.915 -3.476 -2.755
SPIN 3 14 3 7 3.837 0.179 -4.500
SPIN 3 14 3 8 5.487 2.131 0.590
SPIN 3 14 3 9 0.965 -4.303 3.944
SPIN 3 14 3 10 -2.258 5.369 1.034
SPIN 3 14 3 11 5.019 -1.206 -2.890
SPIN 3 14 3 12 1.437 -5.221 2.382
SPIN 3 14 3 13 -3.095 4.861 1.338
SPIN 3 14 3 14 -0.874 -4.277 3.992
SPIN 3 14 3 15 -0.355 0.959 5.827
SPIN 2 14 3 0 2.456 2.481 -4.776
SPIN 2 14 3 1 4.320 -0.713 3.978
SPIN 2 14 3 2 5.504 1.908 1.034
SPIN 2 14 3 3 4.513 -3.437 -1.678
SPIN 2 14 3 4 5.554 1.871 -0.806
SPIN 2 14 3 5 2.857 -3.019 -4.210
SPIN 2 14 3 6 -1.943 -5.464 1.171
SPIN 2 14 3 7 -4.286 -3.194 2.535
SPIN 2 14 3 8 -5.566 -1.235 -1.579
SPIN 2 14 3 9 1.597 -3.662 4.363
SPIN 2 14 3 10 -1.312 5.349 2.162
SPIN 2 14 3 11 2.308 0.290 -5.439
SPIN 2 14 3 12 4.197 -1.626 3.839
SPIN 2 14 3 13 3.666 3.391 3.172
SPIN 2 14 3 14 -1.668 -4.683 3.208
SPIN 2 14 3 15 -4.107 2.697 3.296
SPIN 3 14 4 0 -5.347 2.506 -0.365
SPIN 3 14 4 1 -1.340 4.379 3.745
SPIN 3 14 4 2 -0.133 0.271 -5.908
SPIN 3 14 4 3 -3.650 -1.689 -4.339
SPIN 3 14 4 4 -0.751 -5.868 0.080
SPIN 3 14 4 5 5.865 -0.778 0.021
SPIN 3 14 4 6 5.535 0.882 1.895
SPIN 3 14 4 7 -4.717 -3.326 -1.297
SPIN 3 14 4 8 -4.842 -3.274 -0.918
SPIN 3 14 4 9 4.842 -1.382 3.106
SPIN 3 14 4 10 1.310 -0.851 5.706
SPIN 3 14 4 11 -5.554 0.844 1.855
SPIN 3 14 4 12 -0.396 -1.634 -5.672
SPIN 3 14 4 13 -2.149 -0.936 -5.432
SPIN 3 14 4 14 1.300 -3.754 4.383
SPIN 3 14 4 15 0.821 -1.649 -5.622
SPIN 2 14 4 0 -1.362 -0.046 5.757
SPIN 2 14 4 1 3.484 2.895 -3.805
SPIN 2 14 4 2 -4.652 3.501 -1.052
SPIN 2 14 4 3 -2.772 -2.109 -4.782
SPIN 2 14 4 4 -4.456 1.001 3.760
SPIN 2 14 4 5 -5.856 -0.057 -0.839
SPIN 2 14 4 6 0.952 5.094 -2.854
SPIN 2 14 4 7 -4.147 3.076 2.888
SPIN 2 14 4 8 4.522 1.673 3.428
SPIN 2 14 4 9 -1.426 0.089 -5.741
SPIN 2 14 4 10 1.304 -5.713 -0.812
SPIN 2 14 4 11 -3.517 0.333 4.745
SPIN 2 14 4 12 2.895 5.155 -0.213
SPIN 2 14 4 13 -5.622 1.839 -0.102
SPIN 2 14 4 14 -0.846 4.672 3.529
SPIN 2 14 4 15 0.691 4.746 -3.464
SPIN 3 14 5 0 -5.337 2.434 -0.766
SPIN 3 14 5 1 5.773 0.164 1.281
SPIN 3 14 5 2 -1.169 5.767 -0.612
SPIN 3 14 5 3 -0.265 0.879 5.844
SPIN 3 14 5 4 2.867 -4.795 1.947
SPIN 3 14 5 5 -5.772 -0.030 1.299
SPIN 3 14 5 6 -3.740 -4.223 -1.782
SPIN 3 14 5 7 -0.687 5.051 3.003
SPIN 3 14 5 8 -2.359 0.873 -5.355
SPIN 3 14 5 9 3.020 3.947 3.210
SPIN 3 14 5 10 4.954 1.824 -2.671
SPIN 3 14 5 11 -2.985 -4.405 -2.585
SPIN 3 14 5 12 2.515 4.146 3.389
SPIN 3 14 5 13 3.850 -4.309 -1.268
SPIN 3 14 5 14 -4.020 -2.976 3.160
SPIN 3 14 5 15 2.379 -5.143 -1.700
SPIN 2 14 5 0 2.854 0.500 -5.158
SPIN 2 14 5 1 -2.003 -1.393 -5.390
SPIN 2 14 5 2 1.333 -3.738 -4.387
SPIN 2 14 5 3 1.078 1.321 5.665
SPIN 2 14 5 4 -2.993 2.281 -4.565
SPIN 2 14 5 5 3.220 1.416 4.756
SPIN 2 14 5 6 -5.572 -1.900 -0.589
SPIN 2 14 5 7 -0.553 -5.846 -0.722
SPIN 2 14 5 8 -2.782 -4.773 -2.116
SPIN 2 14 5 9 1.301 -0.962 5.690
SPIN 2 14 5 10 -1.774 -1.350 -5.480
SPIN 2 14 5 11 4.476 0.627 -3.817
SPIN 2 14 5 12 1.122 -5.761 0.739
SPIN 2 14 5 13 4.683 0.797 3.527
SPIN 2 14 5 14 2.019 5.090 -2.240
SPIN 2 14 5 15 -2.673 0.370 5.265
SPIN 3 14 6 0 -3.707 -4.610 0.101
SPIN 3 14 6 1 5.031 -1.606 -2.667
SPIN 3 14 6 2 -4.973 -0.033 3.204
SPIN 3 14 6 3 -2.397 -3.697 -3.948
SPIN 3 14 6 4 -5.477 -2.191 -0.449
SPIN 3 14 6 5 0.553 5.375 -2.409
SPIN 3 14 6 6 5.144 1.213 -2.658
SPIN 3 14 6 7 1.052 5.345 -2.307
SPIN 3 14 6 8 -5.650 1.694 -0.451
SPIN 3 14 6 9 -1.942 -3.609 -4.266
SPIN 3 14 6 10 0.902 4.708 3.467
SPIN 3 14 6 11 -2.133 -5.495 0.510
SPIN 3 14 6 12 -1.643 -1.456 -5.494
SPIN 3 14 6 13 -5.720 0.136 1.503
SPIN 3 14 6 14 -0.282 3.526 4.742
SPIN 3 14 6 15 -2.799 -2.581 -4.528
SPIN 2 14 6 0 -5.395 2.401 -0.363
SPIN 2 14 6 1 2.368 2.563 -4.777
SPIN 2 14 6 2 2.880 0.600 -5.133
SPIN 2 14 6 3 -1.194 4.840 3.186
SPIN 2 14 6 4 4.606 -3.585 -0.965
SPIN 2 14 6 5 -0.685 -3.296 -4.865
SPIN 2 14 6 6 -5.793 -1.060 0.558
SPIN 2 14 6 7 3.529 -4.035 2.502
SPIN 2 14 6 8 4.649 -2.499 -2.673
SPIN 2 14 6 9 -3.156 1.162 -4.867
SPIN 2 14 6 10 -0.702 -5.113 -2.891
SPIN 2 14 6 11 5.785 -1.095 0.575
SPIN 2 14 6 12 5.863 0.778 0.138
SPIN 2 14 6 13 4.819 -1.471 3.100
SPIN 2 14 6 14 -0.222 -4.712 3.570
SPIN 2 14 6 15 4.942 3.146 -0.826
SPIN 3 14 7 0 1.800 -4.760 -3.017
SPIN 3 14 7 1 3.529 -1.380 4.543
SPIN 3 14 7 2 -3.322 -2.670 -4.103
SPIN 3 14 7 3 0.913 -2.144 -5.438
SPIN 3 14 7 4 3.067 -1.133 4.931
SPIN 3 14 7 5 -2.484 0.120 -5.368
SPIN 3 14 7 6 3.269 1.234 4.774
SPIN 3 14 7 7 2.668 -4.908 -1.948
SPIN 3 14 7 8 -2.406 5.357 -0.715
SPIN 3 14 7 9 -1.724 -4.960 2.725
SPIN 3 14 7 10 -0.434 1.859 -5.600
SPIN 3 14 7 11 -2.600 -2.864 -4.476
SPIN 3 14 7 12 2.293 4.925 -2.343
SPIN 3 14 7 13 0.106 -3.827 4.511
SPIN 3 14 7 14 -1.199 2.119 -5.392
SPIN 3 14 7 15 4.292 2.526 3.193
SPIN 2 14 7 0 2.267 -4.599 -2.951
SPIN 2 14 7 1 1.279 1.412 5.601
SPIN 2 14 7 2 0.341 0.940 -5.831
SPIN 2 14 7 3 5.186 2.840 -0.192
SPIN 2 14 7 4 1.873 -4.374 3.515
SPIN 2 14 7 5 0.796 5.365 2.362
SPIN 2 14 7 6 -3.412 1.250 4.669
SPIN 2 14 7 7 -1.571 4.570 -3.413
SPIN 2 14 7 8 -0.897 -2.884 5.087
SPIN 2 14 7 9 -3.434 -0.214 -4.812
SPIN 2 14 7 10 -1.330 -2.050 5.388
SPIN 2 14 7 11 -2.295 1.304 -5.295
SPIN 2 14 7 12 -3.932 3.322 -2.916
SPIN 2 14 7 13 -4.087 2.679 3.334
SPIN 2 14 7 14 5.510 -1.709 -1.312
SPIN 2 14 7 15 0.599 2.213 -5.454
SPIN 3 14 8 0 0.592 -5.777 1.129
SPIN 3 14 8 1 -1.093 4.649 -3.492
SPIN 3 14 8 2 -0.993 -1.214 5.704
SPIN 3 14 8 3 3.961 3.921 1.985
SPIN 3 14 8 4 -0.326 -3.107 -5.024
SPIN 3 14 8 5 -0.530 -2.019 5.536
SPIN 3 14 8 6 -3.282 -3.623 -3.332
SPIN 3 14 8 7 5.399 0.215 -2.410
SPIN 3 14 8 8 4.149 -3.598 2.200
SPIN 3 14 8 9 0.367 5.902 -0.181
SPIN 3 14 8 10 4.624 1.578 3.336
SPIN 3 14 8 11 -4.085 -2.226 3.655
SPIN 3 14 8 12 -3.776 -4.544 0.308
SPIN 3 14 8 13 -2.298 2.784 4.687
SPIN 3 14 8 14 5.074 2.237 2.061
SPIN 3 14 8 15 2.670 1.614 5.026
SPIN 2 14 8 0 -4.130 -3.996 1.406
SPIN 2 14 8 1 5.357 0.010 -2.510
SPIN 2 14 8 2 -1.876 -5.199 2.111
SPIN 2 14 8 3 -4.526 3.810 -0.045
SPIN 2 14 8 4 0.303 5.890 -0.465
SPIN 2 14 8 5 -0.067 -3.267 4.932
SPIN 2 14 8 6 5.854 0.226 0.826
SPIN 2 14 8 7 -5.868 0.045 0.755
SPIN 2 14 8 8 -1.561 -2.705 5.024
SPIN 2 14 8 9 -0.512 -5.688 -1.545
SPIN 2 14 8 10 5.806 0.043 -1.134
SPIN 2 14 8 11 4.703 0.323 3.575
SPIN 2 14 8 12 0.131 -5.599 -1.906
SPIN 2 14 8 13 -3.141 -4.696 1.754
SPIN 2 14 8 14 -5.658 0.132 -1.722
SPIN 2 14 8 15 1.228 5.625 -1.359
SPIN 3 14 9 0 0.534 4.018 4.309
SPIN 3 14 9 1 -5.147 2.917 -0.027
SPIN 3 14 9 2 0.865 5.837 0.431
SPIN 3 14 9 3 -3.328 -4.734 -1.230
SPIN 3 14 9 4 3.437 -1.337 4.626
SPIN 3 14 9 5 -1.343 2.504 -5.189
SPIN 3 14 9 6 -1.438 5.521 1.566
SPIN 3 14 9 7 1.288 2.206 5.336
SPIN 3 14 9 8 -3.448 2.750 -3.943
SPIN 3 14 9 9 -4.774 -1.542 3.135
SPIN 3 14 9 10 1.226 4.634 3.468
SPIN 3 14 9 11 3.061 -0.689 -5.015
SPIN 3 14 9 12 -0.141 3.846 -4.493
SPIN 3 14 9 13 0.519 4.973 -3.162
SPIN 3 14 9 14 -4.183 -3.979 1.295
SPIN 3 14 9 15 0.054 -0.973 -5.835
SPIN 2 14 9 0 0.238 -5.689 -1.604
SPIN 2 14 9 1 -3.638 3.772 2.745
SPIN 2 14 9 2 3.595 -2.710 -3.838
SPIN 2 14 9 3 -3.817 -1.509 -4.261
SPIN 2 14 9 4 0.391 1.116 5.797
SPIN 2 14 9 5 1.618 -3.713 -4.312
SPIN 2 14 9 6 -1.367 -5.087 2.693
SPIN 2 14 9 7 -3.593 -1.029 -4.586
SPIN 2 14 9 8 4.460 3.884 0.157
SPIN 2 14 9 9 2.226 -2.510 4.873
SPIN 2 14 9 10 -3.653 -1.423 4.431
SPIN 2 14 9 11 0.736 -5.843 -0.562
SPIN 2 14 9 12 3.795 -4.537 0.105
SPIN 2 14 9 13 5.875 -0.640 0.263
SPIN 2 14 9 14 5.671 -1.546 0.666
SPIN 2 14 9 15 -1.771 5.531 -1.129
SPIN 3 14 10 0 -2.707 -1.525 5.034
SPIN 3 14 10 1 -0.295 2.769 -5.219
SPIN 3 14 10 2 -3.227 2.940 3.993
SPIN 3 14 10 3 4.018 -3.962 -1.776
SPIN 3 14 10 4 -2.011 2.359 -5.039
SPIN 3 14 10 5 4.131 -3.155 -2.825
SPIN 3 14 10 6 0.387 5.887 -0.441
SPIN 3 14 10 7 3.113 -3.627 -3.487
SPIN 3 14 10 8 -1.503 5.713 -0.318
SPIN 3 14 10 9 -0.080 5.048 -3.084
SPIN 3 14 10 10 -1.409 5.743 0.169
SPIN 3 14 10 11 1.115 2.621 5.185
SPIN 3 14 10 12 5.622 0.613 1.738
SPIN 3 14 10 13 2.208 -5.353 1.213
SPIN 3 14 10 14 -0.464 -4.959 3.192
SPIN 3 14 10 15 3.185 -2.868 -4.078
SPIN 2 14 10 0 1.185 -0.814 5.739
SPIN 2 14 10 1 1.282 -5.501 -1.758
SPIN 2 14 10 2 0.758 -1.324 5.716
SPIN 2 14 10 3 2.865 -2.870 4.307
SPIN 2 14 10 4 0.157 5.749 -1.386
SPIN 2 14 10 5 -1.435 -2.047 5.362
SPIN 2 14 10 6 3.059 -1.199 4.920
SPIN 2 14 10 7 5.095 2.992 -0.307
SPIN 2 14 10 8 -4.421 2.885 2.671
SPIN 2 14 10 9 -3.455 3.449 -3.342
SPIN 2 14 10 10 1.849 -4.951 -2.659
SPIN 2 14 10 11 0.028 0.950 -5.839
SPIN 2 14 10 12 3.486 4.579 -1.372
SPIN 2 14 10 13 -0.989 4.851 3.239
SPIN 2 14 10 14 -5.403 1.768 -1.638
SPIN 2 14 10 15 4.138 0.952 -4.119
SPIN 3 14 11 0 -2.964 0.554 5.090
SPIN 3 14 11 1 1.568 5.103 -2.550
SPIN 3 14 11 2 5.877 0.551 0.397
SPIN 3 14 11 3 -3.498 -0.953 4.675
SPIN 3 14 11 4 4.754 0.073 -3.520
SPIN 3 14 11 5 1.354 4.563 -3.514
SPIN 3 14 11 6 -3.875 4.471 -0.035
SPIN 3 14 11 7 -1.654 -2.126 -5.267
SPIN 3 14 11 8 4.737 -3.047 1.811
SPIN 3 14 11 9 3.950 -1.911 3.968
SPIN 3 14 11 10 -2.045 -2.150 -5.118
SPIN 3 14 11 11 3.010 1.975 -4.695
SPIN 3 14 11 12 -1.831 -5.292 -1.908
SPIN 3 14 11 13 3.557 -1.960 4.302
SPIN 3 14 11 14 0.937 5.308 2.439
SPIN 3 14 11 15 2.646 0.034 -5.291
SPIN 2 14 11 0 -4.752 -2.203 -2.751
SPIN 2 14 11 1 -5.304 -1.328 2.259
SPIN 2 14 11 2 4.457 -3.682 -1.257
SPIN 2 14 11 3 -3.705 4.326 1.601
SPIN 2 14 11 4 -2.349 -5.215 1.513
SPIN 2 14 11 5 0.740 2.702 -5.211
SPIN 2 14 11 6 2.468 2.312 4.854
SPIN 2 14 11 7 -4.769 3.150 -1.528
SPIN 2 14 11 8 3.663 0.125 4.644
SPIN 2 14 11 9 -1.522 -4.890 -2.961
SPIN 2 14 11 10 2.208 -1.590 -5.253
SPIN 2 14 11 11 5.164 -1.311 2.572
SPIN 2 14 11 12 -4.399 3.529 1.786
SPIN 2 14 11 13 -5.792 0.278 -1.171
SPIN 2 14 11 14 5.293 0.168 2.638
SPIN 2 14 11 15 5.492 1.311 -1.766
SPIN 3 14 12 0 1.046 1.115 -5.715
SPIN 3 14 12 1 5.769 0.581 1.178
SPIN 3 14 12 2 -5.566 -0.587 -1.916
SPIN 3 14 12 3 -5.244 0.110 2.736
SPIN 3 14 12 4 -1.202 4.906 3.080
SPIN 3 14 12 5 5.410 -1.743 1.641
SPIN 3 14 12 6 4.400 3.898 0.666
SPIN 3 14 12 7 4.388 2.027 -3.411
SPIN 3 14 12 8 1.280 -2.811 -5.046
SPIN 3 14 12 9 -2.235 -4.866 2.516
SPIN 3 14 12 10 4.284 4.038 -0.584
SPIN 3 14 12 11 -0.798 -3.440 4.746
SPIN 3 14 12 12 5.075 3.041 0.006
SPIN 3 14 12 13 -0.292 -5.118 2.954
SPIN 3 14 12 14 2.220 -5.431 0.756
SPIN 3 14 12 15 -5.349 0.607 2.453
SPIN 2 14 12 0 -0.511 1.491 5.702
SPIN 2 14 12 1 3.194 -4.927 -0.723
SPIN 2 14 12 2 -0.226 4.274 -4.084
SPIN 2 14 12 3 5.655 -1.474 -0.919
SPIN 2 14 12 4 -1.605 -4.705 -3.207
SPIN 2 14 12 5 -3.630 4.650 -0.445
SPIN 2 14 12 6 -2.075 -5.511 -0.569
SPIN 2 14 12 7 0.829 -5.816 0.697
SPIN 2 14 12 8 -4.836 -2.953 1.701
SPIN 2 14 12 9 0.509 5.862 0.611
SPIN 2 14 12 10 -1.652 3.510 4.467
SPIN 2 14 12 11 0.505 -3.483 -4.755
SPIN 2 14 12 12 -4.936 -3.075 -1.087
SPIN 2 14 12 13 1.454 0.040 -5.735
SPIN 2 14 12 14 -2.832 -0.012 5.194
SPIN 2 14 12 15 -5.193 -2.551 1.234
SPIN 3 14 13 0 0.508 5.888 0.281
SPIN 3 14 13 1 -5.042 -2.752 1.416
SPIN 3 14 13 2 -0.754 -3.163 4.942
SPIN 3 14 13 3 5.807 -0.868 0.726
SPIN 3 14 13 4 0.705 -1.519 5.674
SPIN 3 14 13 5 -1.239 5.643 1.272
SPIN 3 14 13 6 1.880 -1.869 -5.289
SPIN 3 14 13 7 0.107 1.905 5.600
SPIN 3 14 13 8 2.315 -5.122 1.845
SPIN 3 14 13 9 1.946 4.713 -3.000
SPIN 3 14 13 10 -2.137 0.691 5.473
SPIN 3 14 13 11 4.275 3.590 -1.960
SPIN 3 14 13 12 4.471 -3.100 2.323
SPIN 3 14 13 13 -4.111 3.879 -1.749
SPIN 3 14 13 14 -4.570 2.923 -2.359
SPIN 3 14 13 15 1.898 -4.762 2.954
SPIN 2 14 13 0 -4.435 0.746 -3.844
SPIN 2 14 13 1 2.264 -4.690 2.806
SPIN 2 14 13 2 1.314 -0.636 -5.733
SPIN 2 14 13 3 -0.861 -0.993 5.768
SPIN 2 14 13 4 0.709 1.905 -5.556
SPIN 2 14 13 5 -2.368 -3.626 4.030
SPIN 2 14 13 6 4.435 -2.954 -2.569
SPIN 2 14 13 7 -4.062 -4.295 0.241
SPIN 2 14 13 8 1.909 1.980 -5.238
SPIN 2 14 13 9 3.159 -4.647 1.852
SPIN 2 14 13 10 -5.861 0.262 0.759
SPIN 2 14 13 11 -4.059 -4.157 -1.115
SPIN 2 14 13 12 -3.044 -1.501 4.846
SPIN 2 14 13 13 -0.198 0.994 5.829
SPIN 2 14 13 14 -4.762 1.446 3.199
SPIN 2 14 13 15 -4.787 2.876 1.953
SPIN 3 14 14 0 -3.253 1.794 4.604
SPIN 3 14 14 1 0.491 -4.942 -3.215
SPIN 3 14 14 2 0.538 -5.299 -2.575
SPIN 3 14 14 3 -0.657 2.159 5.469
SPIN 3 14 14 4 1.495 1.421 -5.545
SPIN 3 14 14 5 -0.560 -0.212 5.886
SPIN 3 14 14 6 -4.492 -1.016 -3.713
SPIN 3 14 14 7 2.074 5.198 1.917
SPIN 3 14 14 8 -0.118 2.641 -5.293
SPIN 3 14 14 9 -0.815 5.852 0.303
SPIN 3 14 14 10 -2.975 2.175 -4.628
SPIN 3 14 14 11 -4.799 -1.276 3.216
SPIN 3 14 14 12 0.915 -4.251 -4.011
SPIN 3 14 14 13 5.571 1.227 1.570
SPIN 3 14 14 14 -2.405 -2.385 -4.850
SPIN 3 14 14 15 -0.080 0.891 -5.848
SPIN 2 14 14 0 0.753 2.706 5.207
SPIN 2 14 14 1 1.050 5.411 -2.148
SPIN 2 14 14 2 -3.507 -4.448 1.707
SPIN 2 14 14 3 -1.285 1.930 -5.443
SPIN 2 14 14 4 -4.380 -3.631 1.623
SPIN 2 14 14 5 5.801 -0.932 -0.690
SPIN 2 14 14 6 -5.478 -1.550 1.611
SPIN 2 14 14 7 3.955 -4.393 0.256
SPIN 2 14 14 8 1.038 3.405 4.725
SPIN 2 14 14 9 -1.600 -3.708 -4.324
SPIN 2 14 14 10 5.468 0.250 2.246
SPIN 2 14 14 11 1.359 -5.154 2.566
SPIN 2 14 14 12 4.245 2.936 -2.892
SPIN 2 14 14 13 -5.481 -0.697 -2.115
SPIN 2 14 14 14 -0.317 -0.779 -5.856
SPIN 2 14 14 15 0.953 -5.583 -1.709
SPIN 3 14 15 0 -1.254 5.778 -0.211
SPIN 3 14 15 1 3.908 4.341 -0.940
SPIN 3 14 15 2 2.504 -4.934 -2.094
SPIN 3 14 15 3 -5.633 -1.628 -0.789
SPIN 3 14 15 4 5.076 -2.633 -1.517
SPIN 3 14 15 5 2.560 2.804 -4.537
SPIN 3 14 15 6 0.623 2.487 5.332
SPIN 3 14 15 7 -0.885 -1.217 5.722
SPIN 3 14 15 8 -3.153 -4.996 0.319
SPIN 3 14 15 9 3.665 0.434 -4.624
SPIN 3 14 15 10 0.063 0.167 5.913
SPIN 3 14 15 11 -1.744 0.335 -5.643
SPIN 3 14 15 12 -0.164 3.466 -4.792
SPIN 3 14 15 13 1.429 -5.739 -0.158
SPIN 3 14 15 14 -3.885 -1.579 4.173
SPIN 3 14 15 15 -0.190 -2.806 -5.205
SPIN 2 14 15 0 5.471 2.134 -0.715
SPIN 2 14 15 1 -1.775 -1.920 -5.307
SPIN 2 14 15 2 2.869 5.106 0.834
SPIN 2 14 15 3 0.581 -0.073 5.887
SPIN 2 14 15 4 -1.234 2.941 -4.983
SPIN 2 14 15 5 -4.613 -2.851 2.364
SPIN 2 14 15 6 0.387 -5.517 2.101
SPIN 2 14 15 7 -3.464 2.737 -3.938
SPIN 2 14 15 8 2.896 5.147 0.348
SPIN 2 14 15 9 4.673 3.316 -1.470
SPIN 2 14 15 10 -4.478 -3.760 -0.898
SPIN 2 14 15 11 4.302 1.483 3.781
SPIN 2 14 15 12 0.776 -5.865 0.026
SPIN 2 14 15 13 -3.620 2.448 3.988
SPIN 2 14 15 14 -5.336 0.242 -2.543
SPIN 2 14 15 15 3.228 3.362 3.643
SPIN 1 15 0 0 0.614 -0.562 5.857
SPIN 1 15 0 1 -0.663 5.798 0.972
SPIN 1 15 0 2 0.722 -4.965 3.136
SPIN 1 15 0 3 3.793 -4.432 -0.983
SPIN 1 15 0 4 -1.711 -0.974 5.579
SPIN 1 15 0 5 0.173 5.032 3.106
SPIN 1 15 0 6 -0.099 -1.491 -5.724
SPIN 1 15 0 7 -0.892 -3.478 -4.702
SPIN 1 15 0 8 -1.462 0.806 -5.676
SPIN 1 15 0 9 5.446 -0.652 -2.216
SPIN 1 15 0 10 1.969 -2.759 4.849
SPIN 1 15 0 11 -0.792 3.637 4.598
SPIN 1 15 0 12 1.533 -3.290 4.672
SPIN 1 15 0 13 -2.359 4.468 -3.077
SPIN 1 15 0 14 -4.971 -2.697 -1.737
SPIN 1 15 0 15 0.821 2.333 -5.374
SPIN 4 15 0 0 0.416 -0.478 -5.882
SPIN 4 15 0 1 3.035 4.942 1.170
SPIN 4 15 0 2 0.924 -3.428 -4.732
SPIN 4 15 0 3 2.506 -2.962 4.466
SPIN 4 15 0 4 3.084 -4.517 -2.254
SPIN 4 15 0 5 -5.428 -0.444 2.310
SPIN 4 15 0 6 5.023 2.635 -1.682
SPIN 4 15 0 7 -5.667 1.209 1.192
SPIN 4 15 0 8 1.529 -0.974 5.631
SPIN 4 15 0 9 2.431 3.839 -3.789
SPIN 4 15 0 10 -1.103 -3.795 -4.403
SPIN 4 15 0 11 -3.860 4.452 -0.522
SPIN 4 15 0 12 0.849 -2.306 5.382
SPIN 4 15 0 13 0.463 4.383 -3.947
SPIN 4 15 0 14 0.537 -3.669 4.610
SPIN 4 15 0 15 5.632 -1.341 1.217
SPIN 1 15 1 0 -5.739 -0.611 -1.300
SPIN 1 15 1 1 -4.142 -1.292 -4.021
SPIN 1 15 1 2 -4.573 3.291 1.804
SPIN 1 15 1 3 5.768 0.956 0.900
SPIN 1 15 1 4 1.996 -4.360 -3.465
SPIN 1 15 1 5 0.984 5.474 2.016
SPIN 1 15 1 6 -4.524 0.421 -3.789
SPIN 1 15 1 7 -5.543 1.683 1.200
SPIN 1 15 1 8 4.375 0.392 3.963
SPIN 1 15 1 9 -1.455 -5.440 -1.814
SPIN 1 15 1 10 1.839 -4.879 2.795
SPIN 1 15 1 11 0.291 -1.364 -5.749
SPIN 1 15 1 12 -0.062 1.290 -5.773
SPIN 1 15 1 13 -2.941 -0.422 -5.116
SPIN 1 15 1 14 3.964 4.033 1.739
SPIN 1 15 1 15 -4.900 -2.954 1.504
SPIN 4 15 1 0 2.487 -2.163 4.913
SPIN 4 15 1 1 -5.736 -0.582 -1.328
SPIN 4 15 1 2 -1.586 1.611 5.467
SPIN 4 15 1 3 4.054 -0.114 4.307
SPIN 4 15 1 4 -3.040 -4.977 0.996
SPIN 4 15 1 5 -0.276 -1.642 5.677
SPIN 4 15 1 6 1.811 2.600 -4.996
SPIN 4 15 1 7 -0.016 -5.537 2.084
SPIN 4 15 1 8 -3.261 -4.850 0.918
SPIN 4 15 1 9 -1.773 3.054 -4.747
SPIN 4 15 1 10 4.894 3.088 1.231
SPIN 4 15 1 11 -5.524 -1.036 -1.849
SPIN 4 15 1 12 -5.729 0.778 1.254
SPIN 4 15 1 13 2.115 -3.095 4.577
SPIN 4 15 1 14 -2.151 4.045 -3.744
SPIN 4 15 1 15 1.378 -1.145 5.638
SPIN 1 15 2 0 -5.908 -0.309 -0.069
SPIN 1 15 2 1 -3.352 3.360 3.531
SPIN 1 15 2 2 3.230 -4.572 -1.914
SPIN 1 15 2 3 2.713 3.289 4.102
SPIN 1 15 2 4 -4.377 -3.920 0.694
SPIN 1 15 2 5 4.393 -1.421 -3.699
SPIN 1 15 2 6 -5.609 0.951 1.622
SPIN 1 15 2 7 -2.107 -1.173 5.402
SPIN 1 15 2 8 -1.160 0.512 5.779
SPIN 1 15 2 9 1.082 4.761 -3.340
SPIN 1 15 2 10 -3.166 2.501 4.327
SPIN 1 15 2 11 -2.568 3.326 -4.164
SPIN 1 15 2 12 -2.046 -3.027 4.653
SPIN 1 15 2 13 2.315 0.928 -5.365
SPIN 1 15 2 14 -5.211 0.367 2.778
SPIN 1 15 2 15 3.733 -4.142 -1.976
SPIN 4 15 2 0 -4.041 -2.138 3.754
SPIN 4 15 2 1 2.532 -0.558 5.317
SPIN 4 15 2 2 0.096 4.275 -4.088
SPIN 4 15 2 3 2.239 -5.474 0.167
SPIN 4 15 2 4 -3.765 4.553 -0.316
SPIN 4 15 2 5 1.675 -5.281 -2.074
SPIN 4 15 2 6 -4.454 -2.252 -3.176
SPIN 4 15 2 7 -0.209 5.309 2.602
SPIN 4 15 2 8 0.871 -5.284 -2.514
SPIN 4 15 2 9 5.132 -0.201 2.937
SPIN 4 15 2 10 -5.436 1.849 1.424
SPIN 4 15 2 11 -0.785 1.827 5.572
SPIN 4 15 2 12 3.289 -4.617 -1.691
SPIN 4 15 2 13 2.735 -5.226 -0.461
SPIN 4 15 2 14 1.532 4.261 -3.808
SPIN 4 15 2 15 -5.214 -2.483 -1.284
SPIN 1 15 3 0 5.296 1.240 2.327
SPIN 1 15 3 1 5.050 3.068 0.285
SPIN 1 15 3 2 2.800 -5.201 -0.333
SPIN 1 15 3 3 -3.742 -1.307 4.392
SPIN 1 15 3 4 5.484 1.175 -1.884
SPIN 1 15 3 5 -0.556 4.875 3.306
SPIN 1 15 3 6 -1.103 5.774 0.667
SPIN 1 15 3 7 4.306 -0.408 -4.037
SPIN 1 15 3 8 -3.836 3.220 -3.149
SPIN 1 15 3 9 -4.737 1.306 3.294
SPIN 1 15 3 10 0.725 -4.172 -4.132
SPIN 1 15 3 11 -1.786 -1.703 5.377
SPIN 1 15 3 12 -2.749 -0.124 -5.237
SPIN 1 15 3 13 -2.653 3.447 -4.011
SPIN 1 15 3 14 -0.025 2.930 5.139
SPIN 1 15 3 15 -0.176 4.138 4.225
SPIN 4 15 3 0 1.757 -2.796 -4.909
SPIN 4 15 3 1 -3.709 3.092 -3.418
SPIN 4 15 3 2 -2.624 -2.161 4.842
SPIN 4 15 3 3 -4.896 -1.751 2.823
SPIN 4 15 3 4 0.616 -4.362 -3.949
SPIN 4 15 3 5 3.813 -1.218 4.357
SPIN 4 15 3 6 -2.334 2.912 4.590
SPIN 4 15 3 7 4.407 -0.323 -3.934
SPIN 4 15 3 8 3.100 4.793 1.555
SPIN 4 15 3 9 1.398 -3.406 -4.631
SPIN 4 15 3 10 -1.392 -4.715 3.291
SPIN 4 15 3 11 -0.735 -4.631 3.608
SPIN 4 15 3 12 -1.724 5.026 -2.601
SPIN 4 15 3 13 1.734 -2.596 -5.026
SPIN 4 15 3 14 -4.027 3.545 2.493
SPIN 4 15 3 15 3.765 -1.418 4.338
SPIN 1 15 4 0 2.829 2.699 4.440
SPIN 1 15 4 1 -2.541 0.483 5.321
SPIN 1 15 4 2 -1.094 -5.681 -1.236
SPIN 1 15 4 3 -1.151 2.464 -5.254
SPIN 1 15 4 4 1.015 -0.302 5.821
SPIN 1 15 4 5 0.435 -0.226 5.896
SPIN 1 15 4 6 -3.087 -3.180 -3.920
SPIN 1 15 4 7 1.445 5.671 0.865
SPIN 1 15 4 8 1.951 -2.945 -4.745
SPIN 1 15 4 9 -3.643 -3.512 -3.065
SPIN 1 15 4 10 -0.650 5.880 0.078
SPIN 1 15 4 11 1.240 -3.074 -4.900
SPIN 1 15 4 12 2.823 -5.184 -0.392
SPIN 1 15 4 13 -1.806 5.598 0.634
SPIN 1 15 4 14 -4.393 -3.337 2.137
SPIN 1 15 4 15 -2.507 -4.357 -3.120
SPIN 4 15 4 0 5.851 0.478 -0.732
SPIN 4 15 4 1 -4.641 -3.601 -0.705
SPIN 4 15 4 2 1.531 4.974 -2.814
SPIN 4 15 4 3 4.305 -4.055 0.147
SPIN 4 15 4 4 2.156 2.309 -5.002
SPIN 4 15 4 5 -2.015 1.270 5.416
SPIN 4 15 4 6 3.578 3.943 -2.579
SPIN 4 15 4 7 0.483 0.902 -5.827
SPIN 4 15 4 8 -3.162 4.749 1.566
SPIN 4 15 4 9 5.858 0.604 0.562
SPIN 4 15 4 10 -3.218 3.819 -3.172
SPIN 4 15 4 11 0.234 5.069 3.041
SPIN 4 15 4 12 0.665 3.741 4.534
SPIN 4 15 4 13 -3.071 -1.190 -4.915
SPIN 4 15 4 14 4.701 3.557 -0.501
SPIN 4 15 4 15 2.658 -4.506 2.763
SPIN 1 15 5 0 -0.989 -5.804 -0.580
SPIN 1 15 5 1 5.622 0.845 -1.636
SPIN 1 15 5 2 0.643 0.237 5.876
SPIN 1 15 5 3 -0.976 -2.348 -5.342
SPIN 1 15 5 4 0.632 -4.870 3.299
SPIN 1 15 5 5 -4.660 -3.591 0.621
SPIN 1 15 5 6 3.256 -1.567 4.684
SPIN 1 15 5 7 -3.403 2.603 -4.080
SPIN 1 15 5 8 -3.233 -3.007 3.937
SPIN 1 15 5 9 2.176 -4.471 3.206
SPIN 1 15 5 10 1.011 2.017 -5.469
SPIN 1 15 5 11 0.938 -1.622 5.611
SPIN 1 15 5 12 4.755 -3.500 -0.371
SPIN 1 15 5 13 -3.752 -3.042 -3.415
SPIN 1 15 5 14 -2.091 3.836 -3.989
SPIN 1 15 5 15 3.070 0.072 -5.057
SPIN 4 15 5 0 -0.563 -0.592 5.859
SPIN 4 15 5 1 -3.806 0.283 -4.520
SPIN 4 15 5 2 4.942 0.860 -3.136
SPIN 4 15 5 3 -4.943 -2.521 2.052
SPIN 4 15 5 4 -1.051 5.275 -2.463
SPIN 4 15 5 5 5.457 2.282 0.117
SPIN 4 15 5 6 4.012 -3.908 1.904
SPIN 4 15 5 7 -1.432 -1.362 -5.576
SPIN 4 15 5 8 -2.198 2.738 4.762
SPIN 4 15 5 9 -0.091 -2.896 -5.158
SPIN 4 15 5 10 5.527 -1.989 0.706
SPIN 4 15 5 11 -0.291 3.150 4.999
SPIN 4 15 5 12 -2.003 -3.017 -4.678
SPIN 4 15 5 13 1.339 -4.519 3.576
SPIN 4 15 5 14 2.696 -4.478 -2.771
SPIN 4 15 5 15 -1.167 4.784 -3.279
SPIN 1 15 6 0 3.588 -4.668 0.581
SPIN 1 15 6 1 4.811 -3.165 1.357
SPIN 1 15 6 2 -5.283 2.157 -1.561
SPIN 1 15 6 3 3.028 0.488 -5.059
SPIN 1 15 6 4 1.500 -2.330 -5.227
SPIN 1 15 6 5 5.617 0.809 1.670
SPIN 1 15 6 6 -0.153 -2.868 5.172
SPIN 1 15 6 7 -0.992 4.952 3.082
SPIN 1 15 6 8 5.514 -0.777 1.999
SPIN 1 15 6 9 -1.883 1.924 -5.268
SPIN 1 15 6 10 -5.391 -1.270 2.081
SPIN 1 15 6 11 4.022 3.226 -2.901
SPIN 1 15 6 12 -2.148 4.337 -3.403
SPIN 1 15 6 13 -1.103 -4.853 3.198
SPIN 1 15 6 14 2.336 5.374 0.817
SPIN 1 15 6 15 -1.873 3.189 -4.618
SPIN 4 15 6 0 -1.214 0.046 5.790
SPIN 4 15 6 1 4.172 -1.088 -4.051
SPIN 4 15 6 2 3.979 4.378 0.063
SPIN 4 15 6 3 1.975 0.933 5.498
SPIN 4 15 6 4 -2.297 -5.233 -1.529
SPIN 4 15 6 5 0.990 -0.901 5.763
SPIN 4 15 6 6 4.251 4.092 -0.432
SPIN 4 15 6 7 -2.867 -1.936 4.799
SPIN 4 15 6 8 2.195 -5.482 -0.363
SPIN 4 15 6 9 -4.449 0.942 3.784
SPIN 4 15 6 10 -1.344 1.369 -5.596
SPIN 4 15 6 11 0.442 -5.783 1.169
SPIN 4 15 6 12 1.907 -1.144 5.482
SPIN 4 15 6 13 -5.262 2.637 0.594
SPIN 4 15 6 14 3.398 -2.498 -4.149
SPIN 4 15 6 15 2.733 -1.432 5.048
SPIN 1 15 7 0 -4.206 -3.468 -2.299
SPIN 1 15 7 1 -0.149 4.138 -4.226
SPIN 1 15 7 2 2.947 0.515 5.104
SPIN 1 15 7 3 4.572 3.494 -1.376
SPIN 1 15 7 4 -3.084 3.355 -3.772
SPIN 1 15 7 5 1.328 5.423 1.956
SPIN 1 15 7 6 -2.027 -0.394 -5.544
SPIN 1 15 7 7 -3.366 -4.295 -2.285
SPIN 1 15 7 8 0.236 5.851 0.839
SPIN 1 15 7 9 -1.215 -3.509 4.606
SPIN 1 15 7 10 4.741 -0.891 -3.425
SPIN 1 15 7 11 -0.383 3.978 4.362
SPIN 1 15 7 12 -5.480 -0.353 2.202
SPIN 1 15 7 13 4.685 -3.082 1.884
SPIN 1 15 7 14 -0.773 -2.673 -5.221
SPIN 1 15 7 15 -3.332 -4.711 1.304
SPIN 4 15 7 0 2.196 3.226 -4.446
SPIN 4 15 7 1 -2.110 -5.031 -2.287
SPIN 4 15 7 2 1.472 -5.625 -1.094
SPIN 4 15 7 3 0.252 3.893 4.448
SPIN 4 15 7 4 3.929 -3.476 2.735
SPIN 4 15 7 5 -0.915 2.950 -5.046
SPIN 4 15 7 6 5.276 -1.143 -2.420
SPIN 4 15 7 7 3.242 -3.913 -3.030
SPIN 4 15 7 8 3.841 4.395 0.968
SPIN 4 15 7 9 0.833 5.406 -2.255
SPIN 4 15 7 10 -2.828 -2.575 4.514
SPIN 4 15 7 11 -1.208 -0.917 -5.719
SPIN 4 15 7 12 -1.175 -5.558 -1.652
SPIN 4 15 7 13 -4.780 1.123 3.300
SPIN 4 15 7 14 1.440 -2.690 5.068
SPIN 4 15 7 15 3.625 2.929 -3.644
SPIN 1 15 8 0 0.324 0.867 5.843
SPIN 1 15 8 1 -1.718 3.113 -4.728
SPIN 1 15 8 2 -2.303 5.408 -0.673
SPIN 1 15 8 3 -1.592 2.864 -4.926
SPIN 1 15 8 4 2.391 -5.011 -2.043
SPIN 1 15 8 5 -1.566 -5.310 2.086
SPIN 1 15 8 6 -1.643 4.320 -3.692
SPIN 1 15 8 7 3.735 -4.438 1.164
SPIN 1 15 8 8 1.396 -3.759 -4.350
SPIN 1 15 8 9 -0.913 -3.608 4.599
SPIN 1 15 8 10 -4.855 -1.971 -2.747
SPIN 1 15 8 11 5.725 -1.025 1.086
SPIN 1 15 8 12 5.826 0.931 0.434
SPIN 1 15 8 13 -1.828 1.132 5.511
SPIN 1 15 8 14 -3.705 4.290 -1.696
SPIN 1 15 8 15 -3.334 -4.011 -2.792
SPIN 4 15 8 0 0.251 5.482 2.209
SPIN 4 15 8 1 0.532 2.095 -5.507
SPIN 4 15 8 2 4.298 3.466 2.126
SPIN 4 15 8 3 3.888 -4.425 -0.544
SPIN 4 15 8 4 -2.797 5.165 0.705
SPIN 4 15 8 5 -3.581 -4.511 -1.350
SPIN 4 15 8 6 -0.826 5.846 0.374
SPIN 4 15 8 7 -4.031 -3.564 2.460
SPIN 4 15 8 8 2.888 0.155 -5.161
SPIN 4 15 8 9 -3.364 1.063 4.749
SPIN 4 15 8 10 2.000 1.223 -5.432
SPIN 4 15 8 11 -1.057 3.685 -4.506
SPIN 4 15 8 12 3.212 2.633 -4.213
SPIN 4 15 8 13 1.498 -1.730 5.456
SPIN 4 15 8 14 4.809 -3.385 -0.643
SPIN 4 15 8 15 -1.463 -5.694 0.659
SPIN 1 15 9 0 -3.079 -0.241 5.046
SPIN 1 15 9 1 -2.980 -4.237 2.858
SPIN 1 15 9 2 -1.239 -5.105 2.722
SPIN 1 15 9 3 -2.878 -1.396 -4.977
SPIN 1 15 9 4 3.640 -2.831 3.706
SPIN 1 15 9 5 -0.814 1.013 -5.772
SPIN 1 15 9 6 1.395 4.530 3.540
SPIN 1 15 9 7 3.224 -2.433 -4.323
SPIN 1 15 9 8 -2.880 3.652 3.656
SPIN 1 15 9 9 -1.659 -2.293 -5.195
SPIN 1 15 9 10 5.726 1.414 0.465
SPIN 1 15 9 11 -3.931 -4.069 1.730
SPIN 1 15 9 12 1.649 5.622 0.824
SPIN 1 15 9 13 5.494 2.191 -0.119
SPIN 1 15 9 14 1.355 3.903 4.234
SPIN 1 15 9 15 -3.230 -3.422 -3.586
SPIN 4 15 9 0 -3.775 -2.023 -4.082
SPIN 4 15 9 1 5.535 -2.004 0.593
SPIN 4 15 9 2 -2.405 -5.307 -1.028
SPIN 4 15 9 3 -3.583 3.750 -2.847
SPIN 4 15 9 4 5.421 -0.128 -2.366
SPIN 4 15 9 5 3.006 -1.458 -4.882
SPIN 4 15 9 6 -1.749 -5.058 2.522
SPIN 4 15 9 7 -3.379 -4.845 -0.336
SPIN 4 15 9 8 -1.740 -4.228 3.755
SPIN 4 15 9 9 -0.314 -2.182 -5.490
SPIN 4 15 9 10 4.601 3.490 1.286
SPIN 4 15 9 11 -3.765 -0.164 4.560
SPIN 4 15 9 12 3.834 -0.932 -4.408
SPIN 4 15 9 13 -0.469 0.382 5.885
SPIN 4 15 9 14 -4.569 2.588 2.726
SPIN 4 15 9 15 3.644 4.141 2.139
SPIN 1 15 10 0 -1.125 2.536 -5.225
SPIN 1 15 10 1 2.818 4.420 2.742
SPIN 1 15 10 2 -1.695 -5.390 -1.753
SPIN 1 15 10 3 5.839 0.551 -0.776
SPIN 1 15 10 4 -2.391 5.126 1.733
SPIN 1 15 10 5 0.111 -5.679 1.654
SPIN 1 15 10 6 -4.018 -1.515 4.069
SPIN 1 15 10 7 -3.338 4.832 0.715
SPIN 1 15 10 8 -4.234 -4.097 0.537
SPIN 1 15 10 9 4.464 -3.861 0.411
SPIN 1 15 10 10 0.768 4.661 -3.562
SPIN 1 15 10 11 -1.728 1.423 -5.476
SPIN 1 15 10 12 4.152 2.274 3.548
SPIN 1 15 10 13 -4.767 -2.731 2.193
SPIN 1 15 10 14 -4.803 -0.537 3.412
SPIN 1 15 10 15 1.430 -1.989 5.385
SPIN 4 15 10 0 2.829 -2.989 4.250
SPIN 4 15 10 1 -0.784 5.841 0.513
SPIN 4 15 10 2 2.464 4.000 -3.595
SPIN 4 15 10 3 2.758 -2.463 4.618
SPIN 4 15 10 4 3.161 -4.816 -1.345
SPIN 4 15 10 5 -4.775 -3.446 0.574
SPIN 4 15 10 6 -0.952 -2.956 -5.035
SPIN 4 15 10 7 5.266 0.933 -2.529
SPIN 4 15 10 8 -1.381 -2.243 5.297
SPIN 4 15 10 9 -4.671 -2.005 -3.026
SPIN 4 15 10 10 -0.347 5.186 2.826
SPIN 4 15 10 11 -4.459 -1.711 3.492
SPIN 4 15 10 12 -5.324 2.575 0.167
SPIN 4 15 10 13 -0.757 5.730 -1.263
SPIN 4 15 10 14 5.125 -0.938 -2.803
SPIN 4 15 10 15 -5.136 -0.148 2.932
SPIN 1 15 11 0 1.621 -5.647 0.695
SPIN 1 15 11 1 -4.914 -1.349 -3.005
SPIN 1 15 11 2 3.262 0.240 4.930
SPIN 1 15 11 3 -0.151 -3.190 4.980
SPIN 1 15 11 4 -1.930 -2.780 -4.853
SPIN 1 15 11 5 3.686 3.761 2.696
SPIN 1 15 11 6 4.187 1.134 -4.023
SPIN 1 15 11 7 0.438 -4.414 3.915
SPIN 1 15 11 8 -2.148 -5.433 0.934
SPIN 1 15 11 9 -3.143 1.679 -4.722
SPIN 1 15 11 10 4.455 -3.172 -2.257
SPIN 1 15 11 11 -0.931 1.257 5.706
SPIN 1 15 11 12 1.664 2.123 5.265
SPIN 1 15 11 13 1.746 -5.652 0.001
SPIN 1 15 11 14 -3.584 -2.171 4.177
SPIN 1 15 11 15 -4.702 2.523 -2.555
SPIN 4 15 11 0 0.461 1.996 -5.550
SPIN 4 15 11 1 1.312 -1.795 -5.482
SPIN 4 15 11 2 -3.603 -2.211 -4.139
SPIN 4 15 11 3 -4.526 3.746 0.692
SPIN 4 15 11 4 -4.447 -2.096 3.292
SPIN 4 15 11 5 2.625 -4.969 -1.848
SPIN 4 15 11 6 -1.193 5.193 -2.570
SPIN 4 15 11 7 0.674 -5.435 -2.237
SPIN 4 15 11 8 4.522 0.402 -3.794
SPIN 4 15 11 9 -4.628 3.674 0.285
SPIN 4 15 11 10 -1.208 5.750 0.693
SPIN 4 15 11 11 -5.063 1.275 -2.782
SPIN 4 15 11 12 5.268 -2.183 1.575
SPIN 4 15 11 13 -0.251 1.458 5.728
SPIN 4 15 11 14 -3.699 -1.335 -4.420
SPIN 4 15 11 15 -1.956 4.923 2.634
SPIN 1 15 12 0 2.672 -4.548 -2.679
SPIN 1 15 12 1 -2.227 5.401 0.934
SPIN 1 15 12 2 -4.759 0.669 -3.450
SPIN 1 15 12 3 -5.080 -1.568 -2.596
SPIN 1 15 12 4 -1.151 4.780 3.290
SPIN 1 15 12 5 -1.054 -1.823 -5.529
SPIN 1 15 12 6 -2.183 -3.867 3.908
SPIN 1 15 12 7 -2.051 5.154 -2.056
SPIN 1 15 12 8 3.649 3.709 -2.815
SPIN 1 15 12 9 -5.136 -2.245 1.892
SPIN 1 15 12 10 0.057 -3.776 -4.554
SPIN 1 15 12 11 4.541 0.529 3.755
SPIN 1 15 12 12 -5.296 -0.895 2.480
SPIN 1 15 12 13 0.267 -5.783 1.218
SPIN 1 15 12 14 -0.425 -2.442 5.372
SPIN 1 15 12 15 4.433 -1.164 3.740
SPIN 4 15 12 0 -2.441 -3.488 4.108
SPIN 4 15 12 1 3.278 -2.059 4.473
SPIN 4 15 12 2 2.376 -2.580 -4.764
SPIN 4 15 12 3 1.752 5.242 2.110
SPIN 4 15 12 4 -1.374 -1.914 5.427
SPIN 4 15 12 5 0.238 5.542 2.055
SPIN 4 15 12 6 1.638 -5.669 0.425
SPIN 4 15 12 7 2.114 5.146 2.013
SPIN 4 15 12 8 -3.916 -4.285 -1.141
SPIN 4 15 12 9 5.535 0.062 2.087
SPIN 4 15 12 10 1.512 -4.306 3.765
SPIN 4 15 12 11 5.451 2.198 -0.674
SPIN 4 15 12 12 -5.718 -0.609 1.392
SPIN 4 15 12 13 4.747 2.636 -2.348
SPIN 4 15 12 14 1.488 2.873 4.953
SPIN 4 15 12 15 3.166 -2.207 -4.484
SPIN 1 15 13 0 -3.125 4.455 2.320
SPIN 1 15 13 1 3.891 -3.570 -2.668
SPIN 1 15 13 2 -1.662 5.654 0.519
SPIN 1 15 13 3 3.453 2.582 -4.051
SPIN 1 15 13 4 -3.255 -4.636 -1.708
SPIN 1 15 13 5 1.023 -4.125 -4.115
SPIN 1 15 13 6 2.090 4.832 2.700
SPIN 1 15 13 7 -0.578 -1.468 -5.702
SPIN 1 15 13 8 1.512 3.445 4.566
SPIN 1 15 13 9 -1.227 -2.849 -5.038
SPIN 1 15 13 10 -1.104 0.749 -5.764
SPIN 1 15 13 11 1.924 -1.187 5.467
SPIN 1 15 13 12 -3.250 -3.643 3.341
SPIN 1 15 13 13 -2.146 4.105 -3.680
SPIN 1 15 13 14 3.509 3.689 -3.013
SPIN 1 15 13 15 4.817 -2.579 2.269
SPIN 4 15 13 0 -4.086 -1.310 -4.073
SPIN 4 15 13 1 3.769 0.376 4.544
SPIN 4 15 13 2 -3.434 -1.468 -4.588
SPIN 4 15 13 3 0.451 5.868 -0.600
SPIN 4 15 13 4 5.103 -2.769 -1.137
SPIN 4 15 13 5 -0.488 -1.419 5.723
SPIN 4 15 13 6 -2.745 -3.347 4.033
SPIN 4 15 13 7 1.401 -5.060 2.727
SPIN 4 15 13 8 -0.094 -2.349 -5.429
SPIN 4 15 13 9 -2.401 2.187 4.945
SPIN 4 15 13 10 -0.160 0.787 5.861
SPIN 4 15 13 11 -0.240 5.328 -2.561
SPIN 4 15 13 12 3.653 0.106 4.652
SPIN 4 15 13 13 -2.545 4.945 -2.017
SPIN 4 15 13 14 5.279 1.878 1.899
SPIN 4 15 13 15 4.899 -3.125 -1.108
SPIN 1 15 14 0 -1.598 -5.490 1.519
SPIN 1 15 14 1 -4.877 0.415 3.322
SPIN 1 15 14 2 -1.001 3.438 4.709
SPIN 1 15 14 3 4.760 2.635 -2.324
SPIN 1 15 14 4 -0.492 0.294 5.888
SPIN 1 15 14 5 -4.503 3.413 1.754
SPIN 1 15 14 6 1.148 -2.815 5.075
SPIN 1 15 14 7 4.925 -0.033 3.278
SPIN 1 15 14 8 -4.094 -2.277 -3.613
SPIN 1 15 14 9 0.265 -5.832 0.955
SPIN 1 15 14 10 -0.573 -5.583 1.870
SPIN 1 15 14 11 0.335 4.440 3.896
SPIN 1 15 14 12 2.555 3.798 -3.748
SPIN 1 15 14 13 -0.612 -4.409 3.897
SPIN 1 15 14 14 4.289 -3.218 2.500
SPIN 1 15 14 15 3.198 4.977 -0.066
SPIN 4 15 14 0 3.604 -3.242 -3.391
SPIN 4 15 14 1 -0.084 4.451 -3.896
SPIN 4 15 14 2 5.516 -0.168 2.132
SPIN 4 15 14 3 5.877 0.419 0.532
SPIN 4 15 14 4 -4.806 2.707 -2.139
SPIN 4 15 14 5 4.009 -4.191 -1.168
SPIN 4 15 14 6 -3.444 -4.704 -1.008
SPIN 4 15 14 7 -3.433 2.741 -3.963
SPIN 4 15 14 8 -5.542 1.978 -0.615
SPIN 4 15 14 9 5.767 1.047 0.804
SPIN 4 15 14 10 3.906 2.236 -3.840
SPIN 4 15 14 11 4.207 3.971 -1.237
SPIN 4 15 14 12 -4.955 3.011 1.175
SPIN 4 15 14 13 -4.662 3.356 1.415
SPIN 4 15 14 14 4.322 1.208 3.855
SPIN 4 15 14 15 5.227 1.464 2.352
SPIN 1 15 15 0 5.375 2.411 0.548
SPIN 1 15 15 1 4.041 4.283 0.570
SPIN 1 15 15 2 -0.242 -3.821 4.510
SPIN 1 15 15 3 -2.017 4.363 -3.450
SPIN 1 15 15 4 4.891 0.106 -3.327
SPIN 1 15 15 5 -0.488 -5.593 1.867
SPIN 1 15 15 6 2.855 -3.201 -4.075
SPIN 1 15 15 7 -4.716 0.792 3.483
SPIN 1 15 15 8 2.499 -4.810 -2.370
SPIN 1 15 15 9 -4.587 -1.422 3.455
SPIN 1 15 15 10 -3.744 3.982 -2.264
SPIN 1 15 15 11 -5.767 -0.925 0.942
SPIN 1 15 15 12 -2.030 1.581 5.327
SPIN 1 15 15 13 2.776 4.097 3.242
SPIN 1 15 15 14 -2.836 2.534 4.531
SPIN 1 15 15 15 0.936 -4.394 -3.850
SPIN 4 15 15 0 -5.067 0.090 -3.053
SPIN 4 15 15 1 -0.269 -5.819 1.035
SPIN 4 15 15 2 0.841 2.815 5.135
SPIN 4 15 15 3 -3.152 4.062 2.926
SPIN 4 15 15 4 5.376 1.850 1.636
SPIN 4 15 15 5 -1.677 -3.454 4.501
SPIN 4 15 15 6 -1.884 -3.847 4.080
SPIN 4 15 15 7 5.807 -0.064 -1.132
SPIN 4 15 15 8 2.152 0.964 -5.426
SPIN 4 15 15 9 5.014 -1.711 2.634
SPIN 4 15 15 10 -5.805 -0.370 -1.081
SPIN 4 15 15 11 2.919 -3.759 -3.515
SPIN 4 15 15 12 2.010 1.879 -5.237
SPIN 4 15 15 13 5.079 -2.047 2.239
SPIN 4 15 15 14 3.042 -3.370 -3.793
SPIN 4 15 15 15 4.788 -2.677 2.216
SPIN 3 15 0 0 -2.738 -3.535 3.874
SPIN 3 15 0 1 -4.049 -4.267 -0.625
SPIN 3 15 0 2 -0.272 -4.452 -3.886
SPIN 3 15 0 3 -3.157 0.787 -4.941
SPIN 3 15 0 4 3.615 4.183 2.105
SPIN 3 15 0 5 -4.854 -1.724 2.910
SPIN 3 15 0 6 -3.807 -2.252 -3.929
SPIN 3 15 0 7 -5.186 2.414 1.508
SPIN 3 15 0 8 -1.611 -2.380 -5.171
SPIN 3 15 0 9 -4.938 3.253 -0.166
SPIN 3 15 0 10 5.381 1.917 1.539
SPIN 3 15 0 11 -4.243 -3.317 -2.448
SPIN 3 15 0 12 -4.728 -2.900 -2.057
SPIN 3 15 0 13 4.067 3.686 -2.208
SPIN 3 15 0 14 5.344 0.503 2.489
SPIN 3 15 0 15 -4.279 3.391 -2.279
SPIN 2 15 0 0 3.247 -1.244 -4.786
SPIN 2 15 0 1 -5.307 -1.516 -2.131
SPIN 2 15 0 2 4.067 0.745 -4.231
SPIN 2 15 0 3 -5.822 -0.771 -0.715
SPIN 2 15 0 4 3.458 3.492 3.293
SPIN 2 15 0 5 4.804 -3.084 -1.552
SPIN 2 15 0 6 5.673 1.338 -1.015
SPIN 2 15 0 7 0.038 2.481 -5.371
SPIN 2 15 0 8 2.154 5.482 -0.553
SPIN 2 15 0 9 -0.606 -5.674 -1.560
SPIN 2 15 0 10 1.628 3.761 -4.267
SPIN 2 15 0 11 -2.922 4.868 -1.661
SPIN 2 15 0 12 -0.743 -4.384 3.903
SPIN 2 15 0 13 1.304 1.884 -5.454
SPIN 2 15 0 14 0.472 -5.001 3.126
SPIN 2 15 0 15 -0.767 5.606 -1.729
SPIN 3 15 1 0 5.322 -2.046 1.579
SPIN 3 15 1 1 5.155 -2.857 0.512
SPIN 3 15 1 2 4.227 1.434 3.883
SPIN 3 15 1 3 -2.957 5.119 -0.236
SPIN 3 15 1 4 -4.188 1.644 3.841
SPIN 3 15 1 5 -4.454 -1.698 -3.504
SPIN 3 15 1 6 -0.824 -5.854 -0.234
SPIN 3 15 1 7 4.937 0.265 -3.250
SPIN 3 15 1 8 -2.727 4.715 -2.309
SPIN 3 15 1 9 -2.045 4.849 2.704
SPIN 3 15 1 10 -3.487 -1.176 -4.632
SPIN 3 15 1 11 -1.160 -5.797 -0.215
SPIN 3 15 1 12 0.213 -1.979 -5.571
SPIN 3 15 1 13 -3.107 -4.302 2.616
SPIN 3 15 1 14 -5.189 1.125 -2.608
SPIN 3 15 1 15 -4.366 1.006 3.864
SPIN 2 15 1 0 -3.499 -3.333 -3.413
SPIN 2 15 1 1 5.704 -0.157 1.562
SPIN 2 15 1 2 2.191 -0.008 5.496
SPIN 2 15 1 3 0.801 1.369 -5.700
SPIN 2 15 1 4 4.054 4.009 -1.578
SPIN 2 15 1 5 -3.523 -3.245 -3.472
SPIN 2 15 1 6 3.399 0.727 -4.787
SPIN 2 15 1 7 0.348 5.677 1.628
SPIN 2 15 1 8 0.733 -5.660 1.559
SPIN 2 15 1 9 1.973 -1.589 5.346
SPIN 2 15 1 10 -2.901 -5.051 1.036
SPIN 2 15 1 11 5.774 0.225 1.269
SPIN 2 15 1 12 2.142 0.991 -5.425
SPIN 2 15 1 13 2.249 0.816 5.411
SPIN 2 15 1 14 4.932 2.140 -2.470
SPIN 2 15 1 15 3.929 -2.157 -3.861
SPIN 3 15 2 0 1.933 2.404 -5.049
SPIN 3 15 2 1 1.973 -2.132 -5.154
SPIN 3 15 2 2 -1.583 -1.175 -5.578
SPIN 3 15 2 3 -0.848 4.571 -3.659
SPIN 3 15 2 4 1.759 -2.649 4.989
SPIN 3 15 2 5 -5.339 -1.613 1.973
SPIN 3 15 2 6 4.425 3.191 -2.288
SPIN 3 15 2 7 -3.987 2.815 3.343
SPIN 3 15 2 8 -1.862 -0.250 -5.610
SPIN 3 15 2 9 -3.748 0.257 -4.570
SPIN 3 15 2 10 -3.268 -4.876 0.737
SPIN 3 15 2 11 5.802 0.343 -1.106
SPIN 3 15 2 12 -1.524 -5.658 0.819
SPIN 3 15 2 13 -5.527 0.933 -1.894
SPIN 3 15 2 14 3.303 -2.190 4.392
SPIN 3 15 2 15 -3.247 -4.937 -0.292
SPIN 2 15 2 0 -1.984 1.761 5.288
SPIN 2 15 2 1 2.125 2.580 -4.881
SPIN 2 15 2 2 -1.438 -4.827 3.104
SPIN 2 15 2 3 -1.789 5.462 1.404
SPIN 2 15 2 4 -5.904 -0.091 -0.369
SPIN 2 15 2 5 4.666 3.582 -0.633
SPIN 2 15 2 6 2.436 -5.384 0.273
SPIN 2 15 2 7 1.557 5.707 0.086
SPIN 2 15 2 8 -4.460 3.333 -1.999
SPIN 2 15 2 9 3.598 -4.142 2.212
SPIN 2 15 2 10 2.720 3.921 3.497
SPIN 2 15 2 11 4.640 2.118 -2.998
SPIN 2 15 2 12 -0.191 -0.867 -5.849
SPIN 2 15 2 13 4.169 -0.694 4.139
SPIN 2 15 2 14 2.397 -4.750 -2.587
SPIN 2 15 2 15 5.259 1.073 -2.488
SPIN 3 15 3 0 -3.274 -2.880 3.998
SPIN 3 15 3 1 0.052 4.668 3.635
SPIN 3 15 3 2 1.381 -4.270 -3.854
SPIN 3 15 3 3 0.194 4.346 4.009
SPIN 3 15 3 4 2.745 -2.194 -4.759
SPIN 3 15 3 5 -4.940 1.347 2.964
SPIN 3 15 3 6 -1.121 -1.843 -5.509
SPIN 3 15 3 7 3.603 -2.351 4.060
SPIN 3 15 3 8 -5.195 -1.418 2.451
SPIN 3 15 3 9 3.367 -4.864 -0.027
SPIN 3 15 3 10 1.892 -3.079 -4.684
SPIN 3 15 3 11 -4.572 0.843 3.658
SPIN 3 15 3 12 2.302 5.347 -1.053
SPIN 3 15 3 13 3.955 4.065 1.684
SPIN 3 15 3 14 -5.082 -1.647 2.542
SPIN 3 15 3 15 -0.918 -0.034 -5.844
SPIN 2 15 3 0 4.244 3.791 1.618
SPIN 2 15 3 1 -4.986 3.096 0.746
SPIN 2 15 3 2 -4.409 3.344 2.093
SPIN 2 15 3 3 4.677 -3.048 1.958
SPIN 2 15 3 4 -5.573 -0.214 -1.974
SPIN 2 15 3 5 0.462 5.883 -0.413
SPIN 2 15 3 6 -1.133 2.397 5.289
SPIN 2 15 3 7 -5.301 1.806 1.908
SPIN 2 15 3 8 3.589 2.680 3.864
SPIN 2 15 3 9 -5.044 -1.368 -2.773
SPIN 2 15 3 10 4.908 -3.183 -0.883
SPIN 2 15 3 11 -4.751 1.363 3.251
SPIN 2 15 3 12 0.408 4.591 -3.709
SPIN 2 15 3 13 3.076 -2.790 4.214
SPIN 2 15 3 14 2.359 4.378 -3.205
SPIN 2 15 3 15 -4.563 -2.216 3.044
SPIN 3 15 4 0 -2.398 2.167 -4.955
SPIN 3 15 4 1 1.367 1.850 -5.451
SPIN 3 15 4 2 1.762 1.013 -5.556
SPIN 3 15 4 3 -2.793 -3.939 -3.419
SPIN 3 15 4 4 2.296 -1.050 5.351
SPIN 3 15 4 5 -1.044 3.903 -4.322
SPIN 3 15 4 6 2.628 -5.122 1.364
SPIN 3 15 4 7 -2.397 -2.042 5.008
SPIN 3 15 4 8 2.558 -4.561 2.768
SPIN 3 15 4 9 -4.981 1.854 2.599
SPIN 3 15 4 10 2.893 5.130 0.559
SPIN 3 15 4 11 5.300 -2.414 1.041
SPIN 3 15 4 12 -5.392 -1.013 -2.214
SPIN 3 15 4 13 -4.978 0.789 3.097
SPIN 3 15 4 14 2.657 -5.201 0.940
SPIN 3 15 4 15 -3.957 4.360 0.574
SPIN 2 15 4 0 -3.820 -3.940 2.210
SPIN 2 15 4 1 1.192 -5.049 -2.843
SPIN 2 15 4 2 -0.630 1.048 5.788
SPIN 2 15 4 3 -1.479 2.094 5.332
SPIN 2 15 4 4 -0.680 2.813 -5.160
SPIN 2 15 4 5 0.210 -2.201 5.487
SPIN 2 15 4 6 0.401 -5.096 2.977
SPIN 2 15 4 7 2.283 -0.452 -5.439
SPIN 2 15 4 8 -1.508 -2.516 5.137
SPIN 2 15 4 9 4.741 0.869 3.431
SPIN 2 15 4 10 -0.310 3.011 -5.083
SPIN 2 15 4 11 0.824 -1.005 -5.772
SPIN 2 15 4 12 -3.925 -4.077 1.725
SPIN 2 15 4 13 2.118 5.482 -0.680
SPIN 2 15 4 14 -0.938 -3.549 4.639
SPIN 2 15 4 15 5.368 2.258 -1.043
SPIN 3 15 5 0 -5.841 -0.088 -0.935
SPIN 3 15 5 1 -3.604 -4.009 -2.437
SPIN 3 15 5 2 3.006 -2.328 -4.533
SPIN 3 15 5 3 -1.249 5.060 -2.800
SPIN 3 15 5 4 3.018 1.187 -4.948
SPIN 3 15 5 5 4.029 1.934 3.876
SPIN 3 15 5 6 -2.892 2.629 4.442
SPIN 3 15 5 7 1.193 -0.734 -5.748
SPIN 3 15 5 8 -1.491 5.345 2.051
SPIN 3 15 5 9 1.481 5.072 2.662
SPIN 3 15 5 10 -3.153 -0.451 -4.985
SPIN 3 15 5 11 -4.524 -1.803 -3.359
SPIN 3 15 5 12 4.349 -3.826 1.201
SPIN 3 15 5 13 -3.887 -3.170 3.138
SPIN 3 15 5 14 3.033 5.017 -0.792
SPIN 3 15 5 15 -0.590 -3.119 4.992
SPIN 2 15 5 0 2.252 -4.745 -2.723
SPIN 2 15 5 1 0.792 4.463 3.801
SPIN 2 15 5 2 1.677 -4.481 -3.480
SPIN 2 15 5 3 -3.416 4.649 1.310
SPIN 2 15 5 4 3.068 0.251 5.052
SPIN 2 15 5 5 -2.660 -3.839 3.632
SPIN 2 15 5 6 0.894 5.848 -0.011
SPIN 2 15 5 7 -2.383 -5.413 0.137
SPIN 2 15 5 8 1.854 -1.025 -5.524
SPIN 2 15 5 9 0.340 -5.890 0.436
SPIN 2 15 5 10 -1.559 -1.290 5.559
SPIN 2 15 5 11 -2.007 2.990 4.694
SPIN 2 15 5 12 -4.749 3.396 -0.957
SPIN 2 15 5 13 2.748 2.702 -4.489
SPIN 2 15 5 14 -2.251 -5.119 -1.932
SPIN 2 15 5 15 0.341 -4.838 3.388
SPIN 3 15 6 0 5.802 -1.032 -0.525
SPIN 3 15 6 1 -3.191 3.213 -3.807
SPIN 3 15 6 2 3.840 -0.126 -4.499
SPIN 3 15 6 3 -1.468 0.004 5.731
SPIN 3 15 6 4 3.179 2.231 -4.463
SPIN 3 15 6 5 -2.584 -5.112 -1.479
SPIN 3 15 6 6 2.600 3.319 -4.150
SPIN 3 15 6 7 -4.437 -2.816 2.717
SPIN 3 15 6 8 -0.468 1.480 -5.709
SPIN 3 15 6 9 5.071 -0.078 -3.047
SPIN 3 15 6 10 -5.118 -2.954 0.277
SPIN 3 15 6 11 0.827 -4.714 -3.477
SPIN 3 15 6 12 4.256 2.311 -3.397
SPIN 3 15 6 13 -0.909 4.859 -3.250
SPIN 3 15 6 14 -5.221 1.096 -2.557
SPIN 3 15 6 15 -4.522 0.168 -3.811
SPIN 2 15 6 0 -3.270 1.438 -4.716
SPIN 2 15 6 1 -1.598 -4.289 3.749
SPIN 2 15 6 2 -3.298 4.366 -2.249
SPIN 2 15 6 3 2.440 -5.249 1.224
SPIN 2 15 6 4 -5.736 -0.502 1.357
SPIN 2 15 6 5 4.617 3.680 -0.382
SPIN 2 15 6 6 -3.036 4.491 2.370
SPIN 2 15 6 7 1.868 4.404 -3.480
SPIN 2 15 6 8 -5.426 1.363 -1.924
SPIN 2 15 6 9 3.873 4.472 0.029
SPIN 2 15 6 10 2.450 1.625 -5.134
SPIN 2 15 6 11 2.209 0.700 5.443
SPIN 2 15 6 12 -2.371 3.217 4.362
SPIN 2 15 6 13 -4.744 0.630 3.478
SPIN 2 15 6 14 2.369 2.593 4.760
SPIN 2 15 6 15 5.471 -1.953 1.121
SPIN 3 15 7 0 0.671 -5.875 -0.190
SPIN 3 15 7 1 -1.005 1.128 5.720
SPIN 3 15 7 2 1.556 -5.110 -2.543
SPIN 3 15 7 3 -5.911 0.222 -0.098
SPIN 3 15 7 4 0.452 5.898 -0.099
SPIN 3 15 7 5 5.360 1.546 1.969
SPIN 3 15 7 6 4.693 -3.209 1.635
SPIN 3 15 7 7 -4.669 3.107 -1.883
SPIN 3 15 7 8 2.724 -3.018 4.298
SPIN 3 15 7 9 -3.159 1.151 -4.868
SPIN 3 15 7 10 -0.609 5.812 0.921
SPIN 3 15 7 11 2.842 -5.128 0.789
SPIN 3 15 7 12 5.778 0.955 0.841
SPIN 3 15 7 13 -1.555 4.173 -3.894
SPIN 3 15 7 14 -1.312 -4.420 -3.707
SPIN 3 15 7 15 0.766 0.847 5.805
SPIN 2 15 7 0 -2.091 5.338 -1.462
SPIN 2 15 7 1 4.255 -1.739 -3.725
SPIN 2 15 7 2 -5.664 -1.252 -1.160
SPIN 2 15 7 3 -5.089 -2.438 1.778
SPIN 2 15 7 4 0.174 -5.814 1.083
SPIN 2 15 7 5 0.830 3.412 -4.761
SPIN 2 15 7 6 1.228 -3.331 4.733
SPIN 2 15 7 7 1.767 -5.036 -2.553
SPIN 2 15 7 8 5.554 1.655 -1.189
SPIN 2 15 7 9 1.918 -0.775 -5.543
SPIN 2 15 7 10 -2.319 4.829 2.511
SPIN 2 15 7 11 1.338 1.486 -5.568
SPIN 2 15 7 12 -5.853 -0.334 -0.795
SPIN 2 15 7 13 5.429 2.169 -0.903
SPIN 2 15 7 14 -0.208 5.818 1.052
SPIN 2 15 7 15 -5.186 2.551 1.263
SPIN 3 15 8 0 -5.358 -0.296 2.490
SPIN 3 15 8 1 -3.348 -3.879 2.958
SPIN 3 15 8 2 3.024 4.725 -1.878
SPIN 3 15 8 3 5.089 -2.122 2.146
SPIN 3 15 8 4 0.316 -0.039 -5.907
SPIN 3 15 8 5 -1.481 3.739 -4.339
SPIN 3 15 8 6 3.164 4.537 2.099
SPIN 3 15 8 7 -4.885 0.944 3.201
SPIN 3 15 8 8 -1.355 5.090 -2.694
SPIN 3 15 8 9 4.724 -2.317 2.705
SPIN 3 15 8 10 -4.069 -3.362 -2.672
SPIN 3 15 8 11 1.220 -5.764 -0.540
SPIN 3 15 8 12 4.656 3.301 1.559
SPIN 3 15 8 13 -0.375 5.667 -1.657
SPIN 3 15 8 14 4.936 3.249 -0.274
SPIN 3 15 8 15 1.985 -0.530 -5.548
SPIN 2 15 8 0 5.896 -0.462 0.139
SPIN 2 15 8 1 -5.161 -0.229 2.883
SPIN 2 15 8 2 4.441 -1.715 -3.513
SPIN 2 15 8 3 2.405 4.793 2.499
SPIN 2 15 8 4 3.786 3.810 2.480
SPIN 2 15 8 5 2.702 -4.582 -2.590
SPIN 2 15 8 6 1.600 -4.234 3.810
SPIN 2 15 8 7 -1.156 1.683 5.553
SPIN 2 15 8 8 -1.208 -5.600 1.478
SPIN 2 15 8 9 3.992 2.955 -3.215
SPIN 2 15 8 10 2.777 4.894 1.827
SPIN 2 15 8 11 -3.941 -4.388 -0.460
SPIN 2 15 8 12 -0.814 3.751 4.502
SPIN 2 15 8 13 -4.711 -0.856 -3.475
SPIN 2 15 8 14 -4.024 0.391 -4.319
SPIN 2 15 8 15 -5.243 -2.733 0.193
SPIN 3 15 9 0 -2.965 -2.073 -4.681
SPIN 3 15 9 1 -0.340 5.843 0.864
SPIN 3 15 9 2 -1.537 -4.525 -3.487
SPIN 3 15 9 3 -1.766 0.245 5.641
SPIN 3 15 9 4 -5.022 3.057 0.656
SPIN 3 15 9 5 5.455 -0.782 -2.153
SPIN 3 15 9 6 -5.478 -2.233 -0.084
SPIN 3 15 9 7 0.832 -2.341 -5.369
SPIN 3 15 9 8 -4.578 -2.746 2.550
SPIN 3 15 9 9 2.835 -5.061 1.162
SPIN 3 15 9 10 -3.176 0.942 -4.902
SPIN 3 15 9 11 2.181 4.823 2.643
SPIN 3 15 9 12 -3.742 -3.672 2.741
SPIN 3 15 9 13 -2.748 -5.083 1.269
SPIN 3 15 9 14 -0.739 5.813 -0.816
SPIN 3 15 9 15 -1.181 4.184 -4.013
SPIN 2 15 9 0 0.225 0.075 -5.911
SPIN 2 15 9 1 3.385 2.362 -4.239
SPIN 2 15 9 2 -5.197 1.748 2.222
SPIN 2 15 9 3 -3.075 -0.725 5.002
SPIN 2 15 9 4 5.475 -0.531 2.179
SPIN 2 15 9 5 -3.613 -3.692 2.883
SPIN 2 15 9 6 2.365 3.393 4.230
SPIN 2 15 9 7 4.684 -3.609 -0.203
SPIN 2 15 9 8 0.450 -5.702 -1.513
SPIN 2 15 9 9 3.420 -4.053 -2.623
SPIN 2 15 9 10 -1.290 4.924 3.015
SPIN 2 15 9 11 3.425 -0.473 -4.801
SPIN 2 15 9 12 -3.819 2.478 -3.778
SPIN 2 15 9 13 -3.152 2.982 -4.021
SPIN 2 15 9 14 0.342 -5.577 -1.944
SPIN 2 15 9 15 2.353 -0.663 5.387
SPIN 3 15 10 0 -5.140 -1.217 -2.664
SPIN 3 15 10 1 1.724 -4.557 3.356
SPIN 3 15 10 2 3.859 4.126 1.755
SPIN 3 15 10 3 -4.951 -0.109 -3.236
SPIN 3 15 10 4 4.325 -3.941 -0.874
SPIN 3 15 10 5 0.267 5.678 -1.639
SPIN 3 15 10 6 2.925 1.805 4.815
SPIN 3 15 10 7 2.784 5.213 -0.260
SPIN 3 15 10 8 0.778 5.111 -2.875
SPIN 3 15 10 9 -3.764 -4.554 -0.311
SPIN 3 15 10 10 4.592 -3.649 0.772
SPIN 3 15 10 11 -0.006 -3.901 -4.447
SPIN 3 15 10 12 1.449 4.682 3.314
SPIN 3 15 10 13 4.651 3.617 -0.541
SPIN 3 15 10 14 5.651 1.339 1.131
SPIN 3 15 10 15 -1.937 -2.450 5.024
SPIN 2 15 10 0 4.661 1.640 -3.254
SPIN 2 15 10 1 -2.365 -4.233 3.389
SPIN 2 15 10 2 -3.530 -0.326 -4.736
SPIN 2 15 10 3 -1.361 -5.721 -0.649
SPIN 2 15 10 4 -5.375 -0.435 2.434
SPIN 2 15 10 5 -2.432 0.101 5.392
SPIN 2 15 10 6 -4.407 -1.799 -3.514
SPIN 2 15 10 7 1.307 0.563 -5.742
SPIN 2 15 10 8 4.034 1.911 3.883
SPIN 2 15 10 9 0.225 -1.717 5.657
SPIN 2 15 10 10 -2.349 -4.761 -2.610
SPIN 2 15 10 11 1.441 -3.736 4.355
SPIN 2 15 10 12 -2.495 5.254 1.082
SPIN 2 15 10 13 2.835 2.101 4.748
SPIN 2 15 10 14 4.460 -0.199 -3.882
SPIN 2 15 10 15 2.611 3.676 -3.830
SPIN 3 15 11 0 -0.346 4.267 -4.083
SPIN 3 15 11 1 3.895 3.255 3.039
SPIN 3 15 11 2 1.724 -2.507 5.074
SPIN 3 15 11 3 3.257 -4.105 -2.746
SPIN 3 15 11 4 0.290 5.685 -1.612
SPIN 3 15 11 5 4.611 -1.883 3.193
SPIN 3 15 11 6 1.091 -4.262 3.955
SPIN 3 15 11 7 -4.004 4.318 0.571
SPIN 3 15 11 8 -1.549 4.875 2.973
SPIN 3 15 11 9 4.118 0.325 -4.235
SPIN 3 15 11 10 -0.727 4.868 3.283
SPIN 3 15 11 11 -1.443 1.847 5.432
SPIN 3 15 11 12 -1.840 5.428 -1.468
SPIN 3 15 11 13 4.815 -3.236 -1.158
SPIN 3 15 11 14 -4.167 -3.517 2.296
SPIN 3 15 11 15 4.403 -1.673 3.580
SPIN 2 15 11 0 1.084 -3.625 -4.548
SPIN 2 15 11 1 -4.208 -2.733 3.135
SPIN 2 15 11 2 5.743 -0.623 -1.275
SPIN 2 15 11 3 -5.727 -0.527 1.387
SPIN 2 15 11 4 5.708 -1.039 -1.157
SPIN 2 15 11 5 5.123 1.324 2.646
SPIN 2 15 11 6 5.804 -1.027 0.505
SPIN 2 15 11 7 -4.293 -1.870 3.616
SPIN 2 15 11 8 -1.675 -2.700 -4.990
SPIN 2 15 11 9 4.797 1.722 3.004
SPIN 2 15 11 10 0.407 -3.877 4.450
SPIN 2 15 11 11 0.910 0.817 -5.788
SPIN 2 15 11 12 0.088 -5.870 -0.731
SPIN 2 15 11 13 0.623 -0.426 -5.868
SPIN 2 15 11 14 1.897 -2.694 -4.913
SPIN 2 15 11 15 -3.208 0.182 4.968
SPIN 3 15 12 0 5.593 -0.861 1.724
SPIN 3 15 12 1 0.887 -3.682 4.545
SPIN 3 15 12 2 4.356 0.562 3.964
SPIN 3 15 12 3 -4.182 1.746 3.803
SPIN 3 15 12 4 -3.185 0.638 4.944
SPIN 3 15 12 5 5.766 -1.263 -0.399
SPIN 3 15 12 6 -4.266 -4.026 -0.771
SPIN 3 15 12 7 1.252 -4.289 3.878
SPIN 3 15 12 8 3.551 0.903 4.645
SPIN 3 15 12 9 -1.126 5.779 -0.580
SPIN 3 15 12 10 -1.422 -5.689 0.786
SPIN 3 15 12 11 1.286 -2.739 -5.084
SPIN 3 15 12 12 0.023 1.326 5.766
SPIN 3 15 12 13 -3.784 3.361 -3.064
SPIN 3 15 12 14 -3.915 1.126 -4.290
SPIN 3 15 12 15 2.512 3.620 -3.948
SPIN 2 15 12 0 -4.682 -2.308 -2.785
SPIN 2 15 12 1 -5.575 -0.305 1.956
SPIN 2 15 12 2 4.738 -2.706 -2.287
SPIN 2 15 12 3 2.013 1.918 -5.222
SPIN 2 15 12 4 2.588 5.320 0.015
SPIN 2 15 12 5 -0.642 -0.398 5.868
SPIN 2 15 12 6 -0.233 4.778 -3.481
SPIN 2 15 12 7 -3.030 4.958 1.109
SPIN 2 15 12 8 4.739 -1.572 -3.174
SPIN 2 15 12 9 -0.387 2.096 5.519
SPIN 2 15 12 10 3.808 -4.143 -1.825
SPIN 2 15 12 11 -3.156 0.788 -4.942
SPIN 2 15 12 12 3.169 3.915 3.103
SPIN 2 15 12 13 -1.733 -0.716 5.611
SPIN 2 15 12 14 1.336 -4.407 3.714
SPIN 2 15 12 15 1.714 5.289 2.021
SPIN 3 15 13 0 4.698 -3.490 0.868
SPIN 3 15 13 1 -0.293 -1.497 -5.716
SPIN 3 15 13 2 -4.060 4.007 1.571
SPIN 3 15 13 3 -1.159 -0.129 5.800
SPIN 3 15 13 4 -1.081 -2.977 -4.997
SPIN 3 15 13 5 0.387 -5.827 0.948
SPIN 3 15 13 6 1.687 -5.603 -0.869
SPIN 3 15 13 7 -4.281 3.214 -2.519
SPIN 3 15 13 8 -3.120 0.192 5.023
SPIN 3 15 13 9 -5.215 -1.619 2.277
SPIN 3 15 13 10 3.060 -5.063 -0.078
SPIN 3 15 13 11 -4.964 0.201 3.212
SPIN 3 15 13 12 -3.847 1.024 -4.376
SPIN 3 15 13 13 1.211 2.905 5.009
SPIN 3 15 13 14 4.519 0.431 -3.794
SPIN 3 15 13 15 -4.249 2.705 3.103
SPIN 2 15 13 0 0.815 -2.613 5.245
SPIN 2 15 13 1 -5.195 -2.515 1.297
SPIN 2 15 13 2 -1.219 5.241 -2.458
SPIN 2 15 13 3 -1.853 -4.691 -3.092
SPIN 2 15 13 4 5.653 1.741 0.129
SPIN 2 15 13 5 -0.996 5.487 -1.973
SPIN 2 15 13 6 2.567 3.537 -3.988
SPIN 2 15 13 7 5.106 2.897 0.732
SPIN 2 15 13 8 -2.764 3.793 3.601
SPIN 2 15 13 9 4.019 0.345 -4.328
SPIN 2 15 13 10 3.651 3.684 -2.845
SPIN 2 15 13 11 4.479 -1.950 -3.337
SPIN 2 15 13 12 -0.442 -5.686 1.572
SPIN 2 15 13 13 3.141 -2.108 -4.549
SPIN 2 15 13 14 -2.338 -1.886 -5.097
SPIN 2 15 13 15 3.626 -1.175 4.525
SPIN 3 15 14 0 2.574 -3.288 -4.191
SPIN 3 15 14 1 0.985 -3.496 4.670
SPIN 3 15 14 2 0.692 5.395 -2.327
SPIN 3 15 14 3 4.226 -3.373 -2.401
SPIN 3 15 14 4 -0.650 1.796 5.599
SPIN 3 15 14 5 -4.641 0.626 -3.615
SPIN 3 15 14 6 1.977 0.146 -5.574
SPIN 3 15 14 7 2.462 -1.199 5.244
SPIN 3 15 14 8 -1.781 0.358 5.630
SPIN 3 15 14 9 -4.828 3.407 -0.280
SPIN 3 15 14 10 -3.664 4.480 1.228
SPIN 3 15 14 11 -3.127 -2.402 4.410
SPIN 3 15 14 12 0.676 5.303 -2.533
SPIN 3 15 14 13 0.597 3.951 4.362
SPIN 3 15 14 14 -3.704 -3.255 3.268
SPIN 3 15 14 15 0.003 -3.008 -5.094
SPIN 2 15 14 0 -0.255 5.796 1.157
SPIN 2 15 14 1 1.779 4.622 3.236
SPIN 2 15 14 2 5.304 2.455 0.916
SPIN 2 15 14 3 -5.724 0.289 1.469
SPIN 2 15 14 4 -4.829 -3.065 -1.512
SPIN 2 15 14 5 -0.571 5.417 2.308
SPIN 2 15 14 6 -1.261 5.742 -0.665
SPIN 2 15 14 7 -1.636 -5.037 2.636
SPIN 2 15 14 8 -3.461 3.910 -2.781
SPIN 2 15 14 9 2.926 0.158 -5.139
SPIN 2 15 14 10 -3.371 0.318 4.852
SPIN 2 15 14 11 -4.157 -3.250 2.674
SPIN 2 15 14 12 3.717 -4.571 -0.537
SPIN 2 15 14 13 -1.723 -4.357 3.613
SPIN 2 15 14 14 -5.331 -1.600 -2.005
SPIN 2 15 14 15 0.979 2.135 -5.430
SPIN 3 15 15 0 4.627 -3.087 2.015
SPIN 3 15 15 1 -3.321 4.756 -1.163
SPIN 3 15 15 2 0.168 2.729 5.246
SPIN 3 15 15 3 4.979 -3.140 0.588
SPIN 3 15 15 4 -4.682 -0.161 3.613
SPIN 3 15 15 5 -4.413 2.762 2.809
SPIN 3 15 15 6 3.561 -4.637 0.908
SPIN 3 15 15 7 -4.164 4.089 -0.972
SPIN 3 15 15 8 5.122 -0.034 2.960
SPIN 3 15 15 9 -1.078 -2.432 -5.285
SPIN 3 15 15 10 3.912 -0.640 -4.392
SPIN 3 15 15 11 5.325 0.802 -2.450
SPIN 3 15 15 12 1.549 -5.234 2.281
SPIN 3 15 15 13 -2.166 1.432 -5.316
SPIN 3 15 15 14 -4.629 1.508 3.361
SPIN 3 15 15 15 -2.272 -1.025 5.365
SPIN 2 15 15 0 4.748 3.162 1.569
SPIN 2 15 15 1 -3.909 1.128 -4.295
SPIN 2 15 15 2 5.833 -0.931 0.326
SPIN 2 15 15 3 4.545 3.785 0.124
SPIN 2 15 15 4 0.299 2.888 -5.155
SPIN 2 15 15 5 -5.701 -1.293 0.912
SPIN 2 15 15 6 0.685 3.835 -4.452
SPIN 2 15 15 7 5.480 0.827 2.070
SPIN 2 15 15 8 -5.472 1.157 1.928
SPIN 2 15 15 9 -2.117 5.091 -2.145
SPIN 2 15 15 10 5.405 1.524 1.860
SPIN 2 15 15 11 4.533 1.109 3.637
SPIN 2 15 15 12 -0.465 4.723 -3.533
SPIN 2 15 15 13 2.065 3.629 4.191
SPIN 2 15 15 14 -2.477 0.488 5.350
SPIN 2 15 15 15 -3.130 -5.020 -0.064
